					CZCE History data(2021SA)
Trading Day|Contract Code|Prev.Settle|Open     |High     |Low      |Close    |Settlement|Change1   |Change2   |Volume    |OpenInterest|OI Change|Turnover     |DeliverySettlementPrice
2021-01-04 |SA101        |1,383.00   |1,361.00 |1,378.00 |1,360.00 |1,363.00 |1,368.00  |-20.00    |-15.00    |2,830     |1,751       |-2,140   |7,735.80     |1,424.00               
2021-01-04 |SA102        |1,467.00   |1,450.00 |1,474.00 |1,443.00 |1,455.00 |1,454.00  |-12.00    |-13.00    |1,001     |4,049       |-321     |2,910.72     |                       
2021-01-04 |SA103        |1,481.00   |1,474.00 |1,496.00 |1,456.00 |1,471.00 |1,470.00  |-10.00    |-11.00    |11,898    |27,016      |766      |34,970.94    |                       
2021-01-04 |SA104        |1,601.00   |1,604.00 |1,625.00 |1,581.00 |1,600.00 |1,599.00  |-1.00     |-2.00     |16,046    |18,597      |422      |51,311.62    |                       
2021-01-04 |SA105        |1,605.00   |1,611.00 |1,636.00 |1,588.00 |1,609.00 |1,606.00  |4.00      |1.00      |277,664   |175,758     |29,310   |891,683.70   |                       
2021-01-04 |SA106        |1,653.00   |1,652.00 |1,664.00 |1,633.00 |1,664.00 |1,649.00  |11.00     |-4.00     |2,445     |523         |313      |8,061.57     |                       
2021-01-04 |SA107        |1,673.00   |1,665.00 |1,676.00 |1,653.00 |1,676.00 |1,663.00  |3.00      |-10.00    |52        |182         |-15      |172.98       |                       
2021-01-04 |SA108        |1,707.00   |1,702.00 |1,702.00 |1,702.00 |1,702.00 |1,702.00  |-5.00     |-5.00     |1         |73          |1        |3.40         |                       
2021-01-04 |SA109        |1,724.00   |1,726.00 |1,748.00 |1,710.00 |1,730.00 |1,723.00  |6.00      |-1.00     |2,165     |4,299       |281      |7,460.42     |                       
2021-01-04 |SA110        |1,754.00   |1,735.00 |1,747.00 |1,725.00 |1,725.00 |1,729.00  |-29.00    |-25.00    |22        |19          |-12      |76.09        |                       
2021-01-04 |SA111        |1,722.00   |1,715.00 |1,749.00 |1,710.00 |1,715.00 |1,720.00  |-7.00     |-2.00     |16        |47          |1        |55.04        |                       
2021-01-04 |SA112        |1,729.00   |1,733.00 |1,733.00 |1,733.00 |1,733.00 |1,733.00  |4.00      |4.00      |1         |2           |0        |3.47         |                       
2021-01-05 |SA101        |1,368.00   |1,364.00 |1,378.00 |1,358.00 |1,377.00 |1,372.00  |9.00      |4.00      |961       |1,788       |37       |2,637.01     |1,417.00               
2021-01-05 |SA102        |1,454.00   |1,460.00 |1,472.00 |1,453.00 |1,453.00 |1,460.00  |-1.00     |6.00      |675       |4,059       |10       |1,970.83     |                       
2021-01-05 |SA103        |1,470.00   |1,472.00 |1,488.00 |1,465.00 |1,470.00 |1,475.00  |0.00      |5.00      |15,180    |24,698      |-2,318   |44,793.13    |                       
2021-01-05 |SA104        |1,599.00   |1,601.00 |1,619.00 |1,585.00 |1,592.00 |1,599.00  |-7.00     |0.00      |22,187    |17,882      |-715     |70,945.08    |                       
2021-01-05 |SA105        |1,606.00   |1,608.00 |1,627.00 |1,592.00 |1,599.00 |1,609.00  |-7.00     |3.00      |360,539   |176,301     |543      |1,160,453.41 |                       
2021-01-05 |SA106        |1,649.00   |1,670.00 |1,678.00 |1,638.00 |1,638.00 |1,662.00  |-11.00    |13.00     |2,455     |887         |364      |8,160.52     |                       
2021-01-05 |SA107        |1,663.00   |1,685.00 |1,690.00 |1,637.00 |1,651.00 |1,672.00  |-12.00    |9.00      |83        |167         |-15      |277.50       |                       
2021-01-05 |SA108        |1,702.00   |1,721.00 |1,721.00 |1,680.00 |1,710.00 |1,699.00  |8.00      |-3.00     |20        |64          |-9       |67.97        |                       
2021-01-05 |SA109        |1,723.00   |1,727.00 |1,742.00 |1,720.00 |1,728.00 |1,729.00  |5.00      |6.00      |2,165     |4,561       |262      |7,487.16     |                       
2021-01-05 |SA110        |1,729.00   |1,738.00 |1,738.00 |1,723.00 |1,736.00 |1,729.00  |7.00      |0.00      |209       |220         |201      |722.79       |                       
2021-01-05 |SA111        |1,720.00   |1,732.00 |1,738.00 |1,708.00 |1,710.00 |1,722.00  |-10.00    |2.00      |30        |47          |0        |103.29       |                       
2021-01-05 |SA112        |1,733.00   |0.00     |0.00     |0.00     |0.00     |1,733.00  |0.00      |0.00      |0         |2           |0        |0.00         |                       
2021-01-06 |SA101        |1,372.00   |1,372.00 |1,381.00 |1,364.00 |1,381.00 |1,375.00  |9.00      |3.00      |112       |1,798       |10       |308.02       |1,410.00               
2021-01-06 |SA102        |1,460.00   |1,453.00 |1,488.00 |1,451.00 |1,488.00 |1,478.00  |28.00     |18.00     |2,732     |3,873       |-186     |8,075.81     |                       
2021-01-06 |SA103        |1,475.00   |1,475.00 |1,508.00 |1,466.00 |1,507.00 |1,489.00  |32.00     |14.00     |18,173    |25,926      |1,228    |54,128.18    |                       
2021-01-06 |SA104        |1,599.00   |1,595.00 |1,640.00 |1,579.00 |1,639.00 |1,613.00  |40.00     |14.00     |22,743    |20,233      |2,351    |73,375.43    |                       
2021-01-06 |SA105        |1,609.00   |1,604.00 |1,650.00 |1,585.00 |1,650.00 |1,619.00  |41.00     |10.00     |571,014   |210,459     |34,158   |1,848,547.00 |                       
2021-01-06 |SA106        |1,662.00   |1,635.00 |1,681.00 |1,634.00 |1,678.00 |1,660.00  |16.00     |-2.00     |4,476     |994         |107      |14,861.24    |                       
2021-01-06 |SA107        |1,672.00   |1,648.00 |1,685.00 |1,648.00 |1,684.00 |1,679.00  |12.00     |7.00      |167       |88          |-79      |560.71       |                       
2021-01-06 |SA108        |1,699.00   |1,711.00 |1,734.00 |1,711.00 |1,734.00 |1,722.00  |35.00     |23.00     |5         |65          |1        |17.22        |                       
2021-01-06 |SA109        |1,729.00   |1,728.00 |1,750.00 |1,717.00 |1,750.00 |1,738.00  |21.00     |9.00      |4,769     |5,574       |1,013    |16,576.63    |                       
2021-01-06 |SA110        |1,729.00   |1,740.00 |1,749.00 |1,740.00 |1,749.00 |1,746.00  |20.00     |17.00     |6         |218         |-2       |20.95        |                       
2021-01-06 |SA111        |1,722.00   |1,713.00 |1,735.00 |1,706.00 |1,735.00 |1,718.00  |13.00     |-4.00     |33        |44          |-3       |113.36       |                       
2021-01-06 |SA112        |1,733.00   |1,739.00 |1,739.00 |1,723.00 |1,723.00 |1,731.00  |-10.00    |-2.00     |2         |2           |0        |6.92         |                       
2021-01-07 |SA101        |1,375.00   |1,390.00 |1,420.00 |1,390.00 |1,412.00 |1,399.00  |37.00     |24.00     |84        |1,798       |0        |235.06       |1,407.00               
2021-01-07 |SA102        |1,478.00   |1,485.00 |1,519.00 |1,477.00 |1,479.00 |1,494.00  |1.00      |16.00     |1,198     |3,620       |-253     |3,579.07     |                       
2021-01-07 |SA103        |1,489.00   |1,508.00 |1,536.00 |1,493.00 |1,495.00 |1,513.00  |6.00      |24.00     |13,316    |26,534      |608      |40,290.36    |                       
2021-01-07 |SA104        |1,613.00   |1,641.00 |1,671.00 |1,624.00 |1,628.00 |1,646.00  |15.00     |33.00     |27,532    |21,412      |1,179    |90,653.23    |                       
2021-01-07 |SA105        |1,619.00   |1,650.00 |1,682.00 |1,632.00 |1,637.00 |1,654.00  |18.00     |35.00     |617,212   |212,951     |2,492    |2,042,248.40 |                       
2021-01-07 |SA106        |1,660.00   |1,680.00 |1,708.00 |1,664.00 |1,664.00 |1,682.00  |4.00      |22.00     |1,226     |985         |-9       |4,123.10     |                       
2021-01-07 |SA107        |1,679.00   |1,689.00 |1,712.00 |1,676.00 |1,676.00 |1,693.00  |-3.00     |14.00     |120       |95          |7        |406.36       |                       
2021-01-07 |SA108        |1,722.00   |1,745.00 |1,779.00 |1,740.00 |1,745.00 |1,753.00  |23.00     |31.00     |25        |81          |16       |87.64        |                       
2021-01-07 |SA109        |1,738.00   |1,751.00 |1,792.00 |1,748.00 |1,759.00 |1,768.00  |21.00     |30.00     |7,087     |7,419       |1,845    |25,055.20    |                       
2021-01-07 |SA110        |1,746.00   |1,750.00 |1,790.00 |1,750.00 |1,759.00 |1,769.00  |13.00     |23.00     |21        |220         |2        |74.31        |                       
2021-01-07 |SA111        |1,718.00   |1,742.00 |1,768.00 |1,739.00 |1,749.00 |1,746.00  |31.00     |28.00     |632       |659         |615      |2,206.87     |                       
2021-01-07 |SA112        |1,731.00   |1,787.00 |1,787.00 |1,757.00 |1,757.00 |1,786.00  |26.00     |55.00     |113       |114         |112      |403.71       |                       
2021-01-08 |SA101        |1,399.00   |1,360.00 |1,400.00 |1,340.00 |1,340.00 |1,366.00  |-59.00    |-33.00    |50        |1,812       |14       |136.61       |1,398.00               
2021-01-08 |SA102        |1,494.00   |1,483.00 |1,495.00 |1,451.00 |1,451.00 |1,474.00  |-43.00    |-20.00    |914       |3,589       |-31      |2,695.29     |                       
2021-01-08 |SA103        |1,513.00   |1,497.00 |1,512.00 |1,466.00 |1,470.00 |1,490.00  |-43.00    |-23.00    |14,217    |25,773      |-761     |42,363.76    |                       
2021-01-08 |SA104        |1,646.00   |1,629.00 |1,642.00 |1,596.00 |1,599.00 |1,620.00  |-47.00    |-26.00    |19,395    |20,032      |-1,380   |62,820.42    |                       
2021-01-08 |SA105        |1,654.00   |1,636.00 |1,652.00 |1,603.00 |1,608.00 |1,630.00  |-46.00    |-24.00    |494,790   |207,560     |-5,391   |1,613,187.22 |                       
2021-01-08 |SA106        |1,682.00   |1,661.00 |1,682.00 |1,643.00 |1,647.00 |1,664.00  |-35.00    |-18.00    |829       |1,053       |68       |2,758.56     |                       
2021-01-08 |SA107        |1,693.00   |1,687.00 |1,691.00 |1,656.00 |1,658.00 |1,677.00  |-35.00    |-16.00    |220       |249         |154      |737.81       |                       
2021-01-08 |SA108        |1,753.00   |1,752.00 |1,752.00 |1,729.00 |1,731.00 |1,744.00  |-22.00    |-9.00     |21        |86          |5        |73.23        |                       
2021-01-08 |SA109        |1,768.00   |1,758.00 |1,771.00 |1,740.00 |1,744.00 |1,756.00  |-24.00    |-12.00    |4,186     |7,386       |-33      |14,698.40    |                       
2021-01-08 |SA110        |1,769.00   |1,770.00 |1,780.00 |1,748.00 |1,771.00 |1,769.00  |2.00      |0.00      |10        |218         |-2       |35.38        |                       
2021-01-08 |SA111        |1,746.00   |1,759.00 |1,769.00 |1,741.00 |1,744.00 |1,756.00  |-2.00     |10.00     |22        |655         |-4       |77.28        |                       
2021-01-08 |SA112        |1,786.00   |1,784.00 |1,784.00 |1,763.00 |1,764.00 |1,770.00  |-22.00    |-16.00    |6         |117         |3        |21.24        |                       
2021-01-11 |SA101        |1,366.00   |1,331.00 |1,380.00 |1,316.00 |1,350.00 |1,374.00  |-16.00    |8.00      |227       |1,362       |-450     |623.91       |1,390.00               
2021-01-11 |SA102        |1,474.00   |1,448.00 |1,454.00 |1,401.00 |1,437.00 |1,433.00  |-37.00    |-41.00    |1,965     |3,609       |20       |5,630.02     |                       
2021-01-11 |SA103        |1,490.00   |1,469.00 |1,469.00 |1,415.00 |1,446.00 |1,443.00  |-44.00    |-47.00    |24,525    |20,929      |-4,844   |70,759.32    |                       
2021-01-11 |SA104        |1,620.00   |1,595.00 |1,599.00 |1,543.00 |1,551.00 |1,566.00  |-69.00    |-54.00    |25,852    |17,808      |-2,224   |80,979.83    |                       
2021-01-11 |SA105        |1,630.00   |1,605.00 |1,608.00 |1,548.00 |1,548.00 |1,566.00  |-82.00    |-64.00    |645,432   |200,965     |-6,595   |2,021,816.98 |                       
2021-01-11 |SA106        |1,664.00   |1,637.00 |1,638.00 |1,585.00 |1,588.00 |1,603.00  |-76.00    |-61.00    |275       |1,064       |11       |881.77       |                       
2021-01-11 |SA107        |1,677.00   |1,644.00 |1,648.00 |1,593.00 |1,593.00 |1,613.00  |-84.00    |-64.00    |49        |253         |4        |158.04       |                       
2021-01-11 |SA108        |1,744.00   |1,723.00 |1,723.00 |1,663.00 |1,673.00 |1,690.00  |-71.00    |-54.00    |20        |93          |7        |67.59        |                       
2021-01-11 |SA109        |1,756.00   |1,745.00 |1,745.00 |1,673.00 |1,686.00 |1,702.00  |-70.00    |-54.00    |7,797     |7,118       |-268     |26,545.69    |                       
2021-01-11 |SA110        |1,769.00   |1,746.00 |1,746.00 |1,693.00 |1,700.00 |1,717.00  |-69.00    |-52.00    |19        |208         |-10      |65.24        |                       
2021-01-11 |SA111        |1,756.00   |1,732.00 |1,734.00 |1,679.00 |1,704.00 |1,712.00  |-52.00    |-44.00    |292       |894         |239      |1,000.07     |                       
2021-01-11 |SA112        |1,770.00   |1,755.00 |1,755.00 |1,697.00 |1,697.00 |1,732.00  |-73.00    |-38.00    |11        |119         |2        |38.10        |                       
2021-01-12 |SA101        |1,374.00   |1,332.00 |1,345.00 |1,320.00 |1,320.00 |1,339.00  |-54.00    |-35.00    |155       |1,213       |-149     |414.55       |1,379.00               
2021-01-12 |SA102        |1,433.00   |1,430.00 |1,430.00 |1,408.00 |1,415.00 |1,418.00  |-18.00    |-15.00    |188       |3,608       |-1       |533.31       |                       
2021-01-12 |SA103        |1,443.00   |1,446.00 |1,446.00 |1,416.00 |1,430.00 |1,427.00  |-13.00    |-16.00    |10,384    |18,291      |-2,638   |29,638.09    |                       
2021-01-12 |SA104        |1,566.00   |1,551.00 |1,551.00 |1,509.00 |1,530.00 |1,525.00  |-36.00    |-41.00    |16,810    |13,146      |-4,662   |51,285.22    |                       
2021-01-12 |SA105        |1,566.00   |1,544.00 |1,549.00 |1,504.00 |1,529.00 |1,525.00  |-37.00    |-41.00    |435,317   |168,567     |-32,398  |1,328,033.65 |                       
2021-01-12 |SA106        |1,603.00   |1,584.00 |1,592.00 |1,561.00 |1,577.00 |1,578.00  |-26.00    |-25.00    |3,378     |988         |-76      |10,658.26    |                       
2021-01-12 |SA107        |1,613.00   |1,598.00 |1,598.00 |1,568.00 |1,584.00 |1,584.00  |-29.00    |-29.00    |283       |390         |137      |896.51       |                       
2021-01-12 |SA108        |1,690.00   |1,658.00 |1,671.00 |1,654.00 |1,669.00 |1,664.00  |-21.00    |-26.00    |13        |94          |1        |43.27        |                       
2021-01-12 |SA109        |1,702.00   |1,681.00 |1,698.00 |1,662.00 |1,684.00 |1,677.00  |-18.00    |-25.00    |7,111     |7,470       |352      |23,853.14    |                       
2021-01-12 |SA110        |1,717.00   |1,702.00 |1,702.00 |1,701.00 |1,701.00 |1,702.00  |-16.00    |-15.00    |2         |207         |-1       |6.81         |                       
2021-01-12 |SA111        |1,712.00   |1,691.00 |1,699.00 |1,670.00 |1,699.00 |1,691.00  |-13.00    |-21.00    |718       |1,559       |665      |2,428.93     |                       
2021-01-12 |SA112        |1,732.00   |1,697.00 |1,710.00 |1,697.00 |1,710.00 |1,704.00  |-22.00    |-28.00    |4         |116         |-3       |13.63        |                       
2021-01-13 |SA101        |1,339.00   |1,310.00 |1,310.00 |1,308.00 |1,308.00 |1,308.00  |-31.00    |-31.00    |41        |1,213       |0        |107.26       |1,369.00               
2021-01-13 |SA102        |1,418.00   |1,427.00 |1,427.00 |1,391.00 |1,391.00 |1,401.00  |-27.00    |-17.00    |1,143     |3,931       |323      |3,201.84     |                       
2021-01-13 |SA103        |1,427.00   |1,431.00 |1,440.00 |1,403.00 |1,407.00 |1,419.00  |-20.00    |-8.00     |8,577     |18,247      |-44      |24,333.69    |                       
2021-01-13 |SA104        |1,525.00   |1,530.00 |1,538.00 |1,495.00 |1,500.00 |1,509.00  |-25.00    |-16.00    |15,582    |13,018      |-128     |47,022.95    |                       
2021-01-13 |SA105        |1,525.00   |1,531.00 |1,538.00 |1,489.00 |1,503.00 |1,510.00  |-22.00    |-15.00    |405,275   |203,248     |34,681   |1,223,915.25 |                       
2021-01-13 |SA106        |1,578.00   |1,586.00 |1,591.00 |1,557.00 |1,566.00 |1,569.00  |-12.00    |-9.00     |2,227     |1,131       |143      |6,990.16     |                       
2021-01-13 |SA107        |1,584.00   |1,592.00 |1,592.00 |1,565.00 |1,578.00 |1,575.00  |-6.00     |-9.00     |212       |495         |105      |667.78       |                       
2021-01-13 |SA108        |1,664.00   |1,687.00 |1,688.00 |1,668.00 |1,668.00 |1,675.00  |4.00      |11.00     |12        |95          |1        |40.21        |                       
2021-01-13 |SA109        |1,677.00   |1,682.00 |1,702.00 |1,665.00 |1,675.00 |1,680.00  |-2.00     |3.00      |7,207     |10,015      |2,545    |24,221.01    |                       
2021-01-13 |SA110        |1,702.00   |1,709.00 |1,710.00 |1,692.00 |1,703.00 |1,701.00  |1.00      |-1.00     |6         |208         |1        |20.41        |                       
2021-01-13 |SA111        |1,691.00   |1,693.00 |1,703.00 |1,675.00 |1,685.00 |1,693.00  |-6.00     |2.00      |281       |1,603       |44       |951.70       |                       
2021-01-13 |SA112        |1,704.00   |1,699.00 |1,710.00 |1,694.00 |1,710.00 |1,708.00  |6.00      |4.00      |114       |8           |-108     |389.37       |                       
2021-01-14 |SA101        |1,308.00   |1,298.00 |1,302.00 |1,298.00 |1,302.00 |1,300.00  |-6.00     |-8.00     |123       |1,108       |-105     |319.93       |1,358.00               
2021-01-14 |SA102        |1,401.00   |1,395.00 |1,405.00 |1,387.00 |1,403.00 |1,399.00  |2.00      |-2.00     |955       |3,906       |-25      |2,672.75     |                       
2021-01-14 |SA103        |1,419.00   |1,406.00 |1,420.00 |1,403.00 |1,415.00 |1,413.00  |-4.00     |-6.00     |6,806     |18,375      |128      |19,230.29    |                       
2021-01-14 |SA104        |1,509.00   |1,499.00 |1,525.00 |1,496.00 |1,520.00 |1,513.00  |11.00     |4.00      |8,711     |13,150      |132      |26,358.47    |                       
2021-01-14 |SA105        |1,510.00   |1,500.00 |1,530.00 |1,499.00 |1,522.00 |1,516.00  |12.00     |6.00      |384,261   |184,047     |-19,201  |1,165,287.35 |                       
2021-01-14 |SA106        |1,569.00   |1,575.00 |1,592.00 |1,571.00 |1,588.00 |1,581.00  |19.00     |12.00     |853       |1,168       |37       |2,696.42     |                       
2021-01-14 |SA107        |1,575.00   |1,583.00 |1,598.00 |1,579.00 |1,591.00 |1,588.00  |16.00     |13.00     |200       |551         |56       |635.09       |                       
2021-01-14 |SA108        |1,675.00   |1,681.00 |1,681.00 |1,670.00 |1,676.00 |1,672.00  |1.00      |-3.00     |66        |158         |63       |220.66       |                       
2021-01-14 |SA109        |1,680.00   |1,679.00 |1,699.00 |1,675.00 |1,690.00 |1,690.00  |10.00     |10.00     |5,029     |10,804      |789      |17,002.75    |                       
2021-01-14 |SA110        |1,701.00   |0.00     |0.00     |0.00     |0.00     |1,701.00  |0.00      |0.00      |0         |208         |0        |0.00         |                       
2021-01-14 |SA111        |1,693.00   |1,691.00 |1,701.00 |1,686.00 |1,691.00 |1,694.00  |-2.00     |1.00      |18        |1,600       |-3       |61.00        |                       
2021-01-14 |SA112        |1,708.00   |1,707.00 |1,715.00 |1,707.00 |1,715.00 |1,713.00  |7.00      |5.00      |4         |7           |-1       |13.70        |                       
2021-01-15 |SA101        |1,300.00   |1,360.00 |1,360.00 |1,326.00 |1,338.00 |1,330.00  |38.00     |30.00     |334       |0           |-1,108   |888.52       |1,353.00               
2021-01-15 |SA102        |1,399.00   |1,401.00 |1,420.00 |1,395.00 |1,413.00 |1,408.00  |14.00     |9.00      |535       |3,696       |-210     |1,506.48     |                       
2021-01-15 |SA103        |1,413.00   |1,416.00 |1,436.00 |1,406.00 |1,428.00 |1,420.00  |15.00     |7.00      |7,051     |18,602      |227      |20,027.37    |                       
2021-01-15 |SA104        |1,513.00   |1,519.00 |1,548.00 |1,505.00 |1,543.00 |1,525.00  |30.00     |12.00     |12,024    |13,624      |474      |36,683.19    |                       
2021-01-15 |SA105        |1,516.00   |1,523.00 |1,553.00 |1,507.00 |1,547.00 |1,528.00  |31.00     |12.00     |366,232   |189,980     |5,933    |1,119,434.91 |                       
2021-01-15 |SA106        |1,581.00   |1,581.00 |1,616.00 |1,573.00 |1,615.00 |1,584.00  |34.00     |3.00      |649       |1,080       |-88      |2,055.65     |                       
2021-01-15 |SA107        |1,588.00   |1,587.00 |1,622.00 |1,580.00 |1,620.00 |1,604.00  |32.00     |16.00     |106       |474         |-77      |340.12       |                       
2021-01-15 |SA108        |1,672.00   |1,688.00 |1,694.00 |1,688.00 |1,694.00 |1,691.00  |22.00     |19.00     |2         |157         |-1       |6.76         |                       
2021-01-15 |SA109        |1,690.00   |1,694.00 |1,718.00 |1,681.00 |1,715.00 |1,699.00  |25.00     |9.00      |3,616     |11,206      |402      |12,286.70    |                       
2021-01-15 |SA110        |1,701.00   |1,738.00 |1,738.00 |1,738.00 |1,738.00 |1,738.00  |37.00     |37.00     |1         |208         |0        |3.48         |                       
2021-01-15 |SA111        |1,694.00   |1,695.00 |1,725.00 |1,695.00 |1,725.00 |1,711.00  |31.00     |17.00     |6         |1,601       |1        |20.53        |                       
2021-01-15 |SA112        |1,713.00   |1,711.00 |1,717.00 |1,711.00 |1,715.00 |1,714.00  |2.00      |1.00      |5         |8           |1        |17.14        |                       
2021-01-18 |SA102        |1,408.00   |1,415.00 |1,418.00 |1,388.00 |1,410.00 |1,406.00  |2.00      |-2.00     |564       |3,295       |-401     |1,586.37     |                       
2021-01-18 |SA103        |1,420.00   |1,428.00 |1,435.00 |1,403.00 |1,427.00 |1,422.00  |7.00      |2.00      |8,073     |19,146      |544      |22,955.28    |                       
2021-01-18 |SA104        |1,525.00   |1,540.00 |1,553.00 |1,513.00 |1,549.00 |1,537.00  |24.00     |12.00     |11,676    |14,459      |835      |35,899.02    |                       
2021-01-18 |SA105        |1,528.00   |1,547.00 |1,560.00 |1,516.00 |1,556.00 |1,541.00  |28.00     |13.00     |384,912   |179,372     |-10,608  |1,186,091.08 |                       
2021-01-18 |SA106        |1,584.00   |1,600.00 |1,621.00 |1,586.00 |1,618.00 |1,605.00  |34.00     |21.00     |812       |1,073       |-7       |2,606.46     |                       
2021-01-18 |SA107        |1,604.00   |1,606.00 |1,625.00 |1,595.00 |1,617.00 |1,615.00  |13.00     |11.00     |153       |441         |-33      |494.26       |                       
2021-01-18 |SA108        |1,691.00   |1,689.00 |1,697.00 |1,689.00 |1,697.00 |1,693.00  |6.00      |2.00      |2         |158         |1        |6.77         |                       
2021-01-18 |SA109        |1,699.00   |1,713.00 |1,726.00 |1,690.00 |1,726.00 |1,709.00  |27.00     |10.00     |5,070     |11,411      |205      |17,333.49    |                       
2021-01-18 |SA110        |1,738.00   |1,723.00 |1,738.00 |1,720.00 |1,738.00 |1,727.00  |0.00      |-11.00    |4         |208         |0        |13.82        |                       
2021-01-18 |SA111        |1,711.00   |1,713.00 |1,745.00 |1,713.00 |1,742.00 |1,734.00  |31.00     |23.00     |14        |1,604       |3        |48.54        |                       
2021-01-18 |SA112        |1,714.00   |1,718.00 |1,729.00 |1,718.00 |1,729.00 |1,721.00  |15.00     |7.00      |4         |9           |1        |13.77        |                       
2021-01-18 |SA201        |1,714.00   |1,695.00 |1,730.00 |1,679.00 |1,730.00 |1,713.00  |16.00     |-1.00     |989       |903         |903      |3,388.88     |                       
2021-01-19 |SA102        |1,406.00   |1,410.00 |1,412.00 |1,399.00 |1,412.00 |1,407.00  |6.00      |1.00      |193       |3,188       |-107     |542.94       |                       
2021-01-19 |SA103        |1,422.00   |1,429.00 |1,441.00 |1,412.00 |1,424.00 |1,422.00  |2.00      |0.00      |5,859     |18,584      |-562     |16,665.83    |                       
2021-01-19 |SA104        |1,537.00   |1,547.00 |1,556.00 |1,528.00 |1,544.00 |1,540.00  |7.00      |3.00      |13,059    |14,564      |105      |40,231.38    |                       
2021-01-19 |SA105        |1,541.00   |1,556.00 |1,562.00 |1,533.00 |1,547.00 |1,546.00  |6.00      |5.00      |255,603   |169,153     |-10,219  |790,267.81   |                       
2021-01-19 |SA106        |1,605.00   |1,621.00 |1,622.00 |1,598.00 |1,613.00 |1,605.00  |8.00      |0.00      |522       |1,179       |106      |1,675.93     |                       
2021-01-19 |SA107        |1,615.00   |1,614.00 |1,623.00 |1,603.00 |1,613.00 |1,611.00  |-2.00     |-4.00     |83        |430         |-11      |267.47       |                       
2021-01-19 |SA108        |1,693.00   |1,706.00 |1,719.00 |1,699.00 |1,716.00 |1,709.00  |23.00     |16.00     |33        |171         |13       |112.77       |                       
2021-01-19 |SA109        |1,709.00   |1,721.00 |1,732.00 |1,707.00 |1,723.00 |1,717.00  |14.00     |8.00      |3,377     |11,929      |518      |11,599.87    |                       
2021-01-19 |SA110        |1,727.00   |0.00     |0.00     |0.00     |0.00     |1,730.00  |3.00      |3.00      |0         |208         |0        |0.00         |                       
2021-01-19 |SA111        |1,734.00   |1,746.00 |1,748.00 |1,732.00 |1,747.00 |1,739.00  |13.00     |5.00      |138       |1,721       |117      |479.86       |                       
2021-01-19 |SA112        |1,721.00   |0.00     |0.00     |0.00     |0.00     |1,731.00  |10.00     |10.00     |0         |9           |0        |0.00         |                       
2021-01-19 |SA201        |1,713.00   |1,720.00 |1,748.00 |1,720.00 |1,735.00 |1,734.00  |22.00     |21.00     |231       |994         |91       |800.96       |                       
2021-01-20 |SA102        |1,407.00   |1,409.00 |1,444.00 |1,409.00 |1,444.00 |1,423.00  |37.00     |16.00     |124       |3,077       |-111     |352.89       |                       
2021-01-20 |SA103        |1,422.00   |1,428.00 |1,456.00 |1,421.00 |1,456.00 |1,440.00  |34.00     |18.00     |9,664     |18,175      |-409     |27,829.48    |                       
2021-01-20 |SA104        |1,540.00   |1,546.00 |1,577.00 |1,539.00 |1,577.00 |1,557.00  |37.00     |17.00     |17,417    |15,259      |695      |54,251.08    |                       
2021-01-20 |SA105        |1,546.00   |1,548.00 |1,584.00 |1,543.00 |1,583.00 |1,565.00  |37.00     |19.00     |367,880   |190,121     |20,968   |1,151,201.89 |                       
2021-01-20 |SA106        |1,605.00   |1,614.00 |1,641.00 |1,609.00 |1,638.00 |1,624.00  |33.00     |19.00     |641       |1,120       |-59      |2,082.36     |                       
2021-01-20 |SA107        |1,611.00   |1,612.00 |1,644.00 |1,612.00 |1,638.00 |1,627.00  |27.00     |16.00     |243       |320         |-110     |790.49       |                       
2021-01-20 |SA108        |1,709.00   |1,722.00 |1,740.00 |1,722.00 |1,740.00 |1,727.00  |31.00     |18.00     |17        |182         |11       |58.72        |                       
2021-01-20 |SA109        |1,717.00   |1,723.00 |1,751.00 |1,715.00 |1,750.00 |1,736.00  |33.00     |19.00     |6,484     |12,966      |1,037    |22,506.08    |                       
2021-01-20 |SA110        |1,730.00   |0.00     |0.00     |0.00     |0.00     |1,760.00  |30.00     |30.00     |0         |208         |0        |0.00         |                       
2021-01-20 |SA111        |1,739.00   |1,735.00 |1,772.00 |1,734.00 |1,756.00 |1,756.00  |17.00     |17.00     |147       |1,845       |124      |516.27       |                       
2021-01-20 |SA112        |1,731.00   |1,752.00 |1,763.00 |1,752.00 |1,763.00 |1,761.00  |32.00     |30.00     |130       |139         |130      |457.82       |                       
2021-01-20 |SA201        |1,734.00   |1,745.00 |1,785.00 |1,737.00 |1,780.00 |1,764.00  |46.00     |30.00     |489       |1,307       |313      |1,725.18     |                       
2021-01-21 |SA102        |1,423.00   |1,430.00 |1,437.00 |1,425.00 |1,425.00 |1,431.00  |2.00      |8.00      |24        |3,084       |7        |68.70        |                       
2021-01-21 |SA103        |1,440.00   |1,457.00 |1,458.00 |1,438.00 |1,443.00 |1,447.00  |3.00      |7.00      |9,018     |17,497      |-678     |26,098.85    |                       
2021-01-21 |SA104        |1,557.00   |1,578.00 |1,580.00 |1,557.00 |1,564.00 |1,567.00  |7.00      |10.00     |14,314    |16,124      |865      |44,857.13    |                       
2021-01-21 |SA105        |1,565.00   |1,586.00 |1,586.00 |1,563.00 |1,570.00 |1,572.00  |5.00      |7.00      |318,968   |179,100     |-11,021  |1,002,928.50 |                       
2021-01-21 |SA106        |1,624.00   |1,634.00 |1,637.00 |1,620.00 |1,623.00 |1,629.00  |-1.00     |5.00      |172       |1,125       |5        |560.23       |                       
2021-01-21 |SA107        |1,627.00   |1,633.00 |1,639.00 |1,629.00 |1,631.00 |1,634.00  |4.00      |7.00      |17        |316         |-4       |55.54        |                       
2021-01-21 |SA108        |1,727.00   |1,722.00 |1,722.00 |1,722.00 |1,722.00 |1,722.00  |-5.00     |-5.00     |1         |181         |-1       |3.44         |                       
2021-01-21 |SA109        |1,736.00   |1,752.00 |1,752.00 |1,728.00 |1,736.00 |1,738.00  |0.00      |2.00      |4,929     |13,371      |405      |17,134.17    |                       
2021-01-21 |SA110        |1,760.00   |1,757.00 |1,762.00 |1,756.00 |1,756.00 |1,758.00  |-4.00     |-2.00     |3         |210         |2        |10.55        |                       
2021-01-21 |SA111        |1,756.00   |1,752.00 |1,763.00 |1,742.00 |1,755.00 |1,754.00  |-1.00     |-2.00     |19        |1,843       |-2       |66.65        |                       
2021-01-21 |SA112        |1,761.00   |1,763.00 |1,777.00 |1,761.00 |1,777.00 |1,769.00  |16.00     |8.00      |10        |144         |5        |35.38        |                       
2021-01-21 |SA201        |1,764.00   |1,780.00 |1,792.00 |1,767.00 |1,772.00 |1,779.00  |8.00      |15.00     |457       |1,533       |226      |1,625.67     |                       
2021-01-22 |SA102        |1,431.00   |1,435.00 |1,442.00 |1,411.00 |1,413.00 |1,418.00  |-18.00    |-13.00    |102       |3,104       |20       |289.28       |                       
2021-01-22 |SA103        |1,447.00   |1,440.00 |1,458.00 |1,421.00 |1,427.00 |1,441.00  |-20.00    |-6.00     |8,259     |16,771      |-726     |23,802.48    |                       
2021-01-22 |SA104        |1,567.00   |1,565.00 |1,585.00 |1,537.00 |1,548.00 |1,564.00  |-19.00    |-3.00     |21,975    |15,797      |-327     |68,754.74    |                       
2021-01-22 |SA105        |1,572.00   |1,570.00 |1,593.00 |1,541.00 |1,552.00 |1,567.00  |-20.00    |-5.00     |462,432   |186,020     |6,920    |1,449,101.85 |                       
2021-01-22 |SA106        |1,629.00   |1,632.00 |1,645.00 |1,602.00 |1,610.00 |1,623.00  |-19.00    |-6.00     |198       |1,094       |-31      |642.71       |                       
2021-01-22 |SA107        |1,634.00   |1,634.00 |1,644.00 |1,604.00 |1,612.00 |1,628.00  |-22.00    |-6.00     |66        |328         |12       |214.90       |                       
2021-01-22 |SA108        |1,722.00   |1,727.00 |1,739.00 |1,714.00 |1,714.00 |1,730.00  |-8.00     |8.00      |4         |183         |2        |13.84        |                       
2021-01-22 |SA109        |1,738.00   |1,735.00 |1,754.00 |1,716.00 |1,725.00 |1,734.00  |-13.00    |-4.00     |5,897     |13,845      |474      |20,455.02    |                       
2021-01-22 |SA110        |1,758.00   |1,751.00 |1,758.00 |1,747.00 |1,758.00 |1,751.00  |0.00      |-7.00     |4         |209         |-1       |14.01        |                       
2021-01-22 |SA111        |1,754.00   |1,766.00 |1,770.00 |1,744.00 |1,756.00 |1,760.00  |2.00      |6.00      |30        |1,842       |-1       |105.59       |                       
2021-01-22 |SA112        |1,769.00   |1,770.00 |1,782.00 |1,761.00 |1,761.00 |1,774.00  |-8.00     |5.00      |7         |145         |1        |24.84        |                       
2021-01-22 |SA201        |1,779.00   |1,775.00 |1,793.00 |1,764.00 |1,772.00 |1,778.00  |-7.00     |-1.00     |350       |1,558       |25       |1,244.70     |                       
2021-01-25 |SA102        |1,418.00   |1,406.00 |1,432.00 |1,401.00 |1,432.00 |1,422.00  |14.00     |4.00      |107       |3,067       |-37      |304.25       |                       
2021-01-25 |SA103        |1,441.00   |1,426.00 |1,446.00 |1,413.00 |1,446.00 |1,430.00  |5.00      |-11.00    |7,192     |16,908      |137      |20,570.28    |                       
2021-01-25 |SA104        |1,564.00   |1,546.00 |1,573.00 |1,530.00 |1,572.00 |1,551.00  |8.00      |-13.00    |23,650    |17,204      |1,407    |73,385.18    |                       
2021-01-25 |SA105        |1,567.00   |1,551.00 |1,578.00 |1,535.00 |1,578.00 |1,556.00  |11.00     |-11.00    |350,135   |177,269     |-8,751   |1,089,874.74 |                       
2021-01-25 |SA106        |1,623.00   |1,601.00 |1,640.00 |1,597.00 |1,636.00 |1,615.00  |13.00     |-8.00     |223       |1,097       |3        |720.08       |                       
2021-01-25 |SA107        |1,628.00   |1,600.00 |1,636.00 |1,600.00 |1,636.00 |1,618.00  |8.00      |-10.00    |45        |318         |-10      |145.59       |                       
2021-01-25 |SA108        |1,730.00   |1,700.00 |1,730.00 |1,700.00 |1,730.00 |1,714.00  |0.00      |-16.00    |248       |310         |127      |850.17       |                       
2021-01-25 |SA109        |1,734.00   |1,723.00 |1,743.00 |1,708.00 |1,743.00 |1,725.00  |9.00      |-9.00     |5,580     |14,228      |383      |19,246.61    |                       
2021-01-25 |SA110        |1,751.00   |0.00     |0.00     |0.00     |0.00     |1,755.00  |4.00      |4.00      |0         |209         |0        |0.00         |                       
2021-01-25 |SA111        |1,760.00   |1,748.00 |1,767.00 |1,741.00 |1,766.00 |1,756.00  |6.00      |-4.00     |27        |1,835       |-7       |94.84        |                       
2021-01-25 |SA112        |1,774.00   |1,768.00 |1,771.00 |1,759.00 |1,759.00 |1,766.00  |-15.00    |-8.00     |3         |145         |0        |10.60        |                       
2021-01-25 |SA201        |1,778.00   |1,766.00 |1,790.00 |1,758.00 |1,790.00 |1,774.00  |12.00     |-4.00     |481       |1,654       |96       |1,706.41     |                       
2021-01-26 |SA102        |1,422.00   |1,430.00 |1,433.00 |1,427.00 |1,431.00 |1,429.00  |9.00      |7.00      |42        |3,060       |-7       |120.07       |                       
2021-01-26 |SA103        |1,430.00   |1,445.00 |1,454.00 |1,437.00 |1,443.00 |1,445.00  |13.00     |15.00     |6,138     |16,732      |-176     |17,742.25    |                       
2021-01-26 |SA104        |1,551.00   |1,570.00 |1,582.00 |1,562.00 |1,569.00 |1,571.00  |18.00     |20.00     |26,854    |17,406      |202      |84,369.38    |                       
2021-01-26 |SA105        |1,556.00   |1,575.00 |1,588.00 |1,567.00 |1,576.00 |1,577.00  |20.00     |21.00     |277,251   |177,929     |660      |874,451.55   |                       
2021-01-26 |SA106        |1,615.00   |1,645.00 |1,651.00 |1,632.00 |1,632.00 |1,637.00  |17.00     |22.00     |184       |1,075       |-22      |602.41       |                       
2021-01-26 |SA107        |1,618.00   |1,635.00 |1,640.00 |1,633.00 |1,639.00 |1,636.00  |21.00     |18.00     |46        |295         |-23      |150.49       |                       
2021-01-26 |SA108        |1,714.00   |1,735.00 |1,735.00 |1,731.00 |1,731.00 |1,733.00  |17.00     |19.00     |401       |511         |201      |1,389.47     |                       
2021-01-26 |SA109        |1,725.00   |1,741.00 |1,751.00 |1,733.00 |1,740.00 |1,743.00  |15.00     |18.00     |4,318     |14,556      |328      |15,052.17    |                       
2021-01-26 |SA110        |1,755.00   |1,762.00 |1,762.00 |1,762.00 |1,762.00 |1,762.00  |7.00      |7.00      |1         |210         |1        |3.52         |                       
2021-01-26 |SA111        |1,756.00   |1,774.00 |1,775.00 |1,750.00 |1,750.00 |1,760.00  |-6.00     |4.00      |25        |1,837       |2        |88.02        |                       
2021-01-26 |SA112        |1,766.00   |1,768.00 |1,773.00 |1,768.00 |1,773.00 |1,771.00  |7.00      |5.00      |2         |147         |2        |7.08         |                       
2021-01-26 |SA201        |1,774.00   |1,790.00 |1,793.00 |1,778.00 |1,781.00 |1,787.00  |7.00      |13.00     |302       |1,737       |83       |1,079.08     |                       
2021-01-27 |SA102        |1,429.00   |1,435.00 |1,435.00 |1,406.00 |1,415.00 |1,419.00  |-14.00    |-10.00    |44        |3,031       |-29      |124.85       |                       
2021-01-27 |SA103        |1,445.00   |1,444.00 |1,458.00 |1,419.00 |1,433.00 |1,436.00  |-12.00    |-9.00     |7,975     |16,107      |-625     |22,901.34    |                       
2021-01-27 |SA104        |1,571.00   |1,571.00 |1,587.00 |1,540.00 |1,554.00 |1,561.00  |-17.00    |-10.00    |32,638    |17,245      |-161     |101,904.51   |                       
2021-01-27 |SA105        |1,577.00   |1,576.00 |1,593.00 |1,545.00 |1,559.00 |1,567.00  |-18.00    |-10.00    |386,605   |175,753     |-2,176   |1,211,270.69 |                       
2021-01-27 |SA106        |1,637.00   |1,646.00 |1,654.00 |1,609.00 |1,621.00 |1,629.00  |-16.00    |-8.00     |93        |1,078       |3        |302.92       |                       
2021-01-27 |SA107        |1,636.00   |1,628.00 |1,655.00 |1,612.00 |1,622.00 |1,626.00  |-14.00    |-10.00    |36        |297         |2        |117.07       |                       
2021-01-27 |SA108        |1,733.00   |1,720.00 |1,726.00 |1,720.00 |1,726.00 |1,722.00  |-7.00     |-11.00    |6         |508         |-3       |20.66        |                       
2021-01-27 |SA109        |1,743.00   |1,748.00 |1,754.00 |1,718.00 |1,727.00 |1,732.00  |-16.00    |-11.00    |5,576     |15,173      |617      |19,311.84    |                       
2021-01-27 |SA110        |1,762.00   |1,768.00 |1,768.00 |1,768.00 |1,768.00 |1,768.00  |6.00      |6.00      |1         |210         |0        |3.54         |                       
2021-01-27 |SA111        |1,760.00   |1,750.00 |1,762.00 |1,746.00 |1,753.00 |1,753.00  |-7.00     |-7.00     |10        |1,837       |0        |35.06        |                       
2021-01-27 |SA112        |1,771.00   |1,765.00 |1,765.00 |1,765.00 |1,765.00 |1,765.00  |-6.00     |-6.00     |1         |148         |1        |3.53         |                       
2021-01-27 |SA201        |1,787.00   |1,790.00 |1,790.00 |1,767.00 |1,773.00 |1,778.00  |-14.00    |-9.00     |290       |1,770       |33       |1,031.50     |                       
2021-01-28 |SA102        |1,419.00   |1,424.00 |1,445.00 |1,424.00 |1,444.00 |1,438.00  |25.00     |19.00     |109       |2,979       |-52      |313.43       |                       
2021-01-28 |SA103        |1,436.00   |1,432.00 |1,471.00 |1,427.00 |1,469.00 |1,453.00  |33.00     |17.00     |11,878    |14,000      |-2,107   |34,518.61    |                       
2021-01-28 |SA104        |1,561.00   |1,552.00 |1,600.00 |1,550.00 |1,599.00 |1,576.00  |38.00     |15.00     |29,253    |19,370      |2,125    |92,195.33    |                       
2021-01-28 |SA105        |1,567.00   |1,556.00 |1,607.00 |1,553.00 |1,603.00 |1,582.00  |36.00     |15.00     |392,145   |194,993     |19,240   |1,241,002.02 |                       
2021-01-28 |SA106        |1,629.00   |1,631.00 |1,658.00 |1,631.00 |1,658.00 |1,641.00  |29.00     |12.00     |172       |1,101       |23       |564.54       |                       
2021-01-28 |SA107        |1,626.00   |1,636.00 |1,658.00 |1,633.00 |1,658.00 |1,644.00  |32.00     |18.00     |29        |288         |-9       |95.34        |                       
2021-01-28 |SA108        |1,722.00   |1,727.00 |1,745.00 |1,727.00 |1,745.00 |1,736.00  |23.00     |14.00     |813       |910         |402      |2,822.82     |                       
2021-01-28 |SA109        |1,732.00   |1,724.00 |1,758.00 |1,724.00 |1,755.00 |1,739.00  |23.00     |7.00      |6,965     |16,322      |1,149    |24,223.97    |                       
2021-01-28 |SA110        |1,768.00   |1,774.00 |1,779.00 |1,774.00 |1,778.00 |1,777.00  |10.00     |9.00      |3         |212         |2        |10.66        |                       
2021-01-28 |SA111        |1,753.00   |1,759.00 |1,763.00 |1,750.00 |1,763.00 |1,755.00  |10.00     |2.00      |10        |1,836       |-1       |35.10        |                       
2021-01-28 |SA112        |1,765.00   |1,775.00 |1,775.00 |1,771.00 |1,771.00 |1,773.00  |6.00      |8.00      |2         |148         |0        |7.09         |                       
2021-01-28 |SA201        |1,778.00   |1,771.00 |1,796.00 |1,770.00 |1,793.00 |1,784.00  |15.00     |6.00      |453       |1,956       |186      |1,615.95     |                       
2021-01-29 |SA102        |1,438.00   |1,468.00 |1,481.00 |1,453.00 |1,476.00 |1,468.00  |38.00     |30.00     |110       |2,976       |-3       |323.03       |                       
2021-01-29 |SA103        |1,453.00   |1,472.00 |1,489.00 |1,463.00 |1,481.00 |1,475.00  |28.00     |22.00     |9,210     |13,234      |-766     |27,174.95    |                       
2021-01-29 |SA104        |1,576.00   |1,606.00 |1,620.00 |1,591.00 |1,612.00 |1,605.00  |36.00     |29.00     |27,926    |22,124      |2,754    |89,665.79    |                       
2021-01-29 |SA105        |1,582.00   |1,603.00 |1,626.00 |1,597.00 |1,618.00 |1,612.00  |36.00     |30.00     |349,662   |192,350     |-2,643   |1,127,015.23 |                       
2021-01-29 |SA106        |1,641.00   |1,666.00 |1,671.00 |1,653.00 |1,661.00 |1,666.00  |20.00     |25.00     |86        |1,105       |4        |286.54       |                       
2021-01-29 |SA107        |1,644.00   |1,665.00 |1,671.00 |1,658.00 |1,658.00 |1,666.00  |14.00     |22.00     |17        |279         |-9       |56.63        |                       
2021-01-29 |SA108        |1,736.00   |1,753.00 |1,753.00 |1,738.00 |1,738.00 |1,746.00  |2.00      |10.00     |6         |905         |-5       |20.95        |                       
2021-01-29 |SA109        |1,739.00   |1,758.00 |1,760.00 |1,739.00 |1,747.00 |1,750.00  |8.00      |11.00     |7,936     |15,514      |-808     |27,775.58    |                       
2021-01-29 |SA110        |1,777.00   |0.00     |0.00     |0.00     |0.00     |1,777.00  |0.00      |0.00      |0         |212         |0        |0.00         |                       
2021-01-29 |SA111        |1,755.00   |1,762.00 |1,768.00 |1,747.00 |1,747.00 |1,761.00  |-8.00     |6.00      |15        |1,837       |1        |52.84        |                       
2021-01-29 |SA112        |1,773.00   |1,777.00 |1,777.00 |1,774.00 |1,774.00 |1,775.00  |1.00      |2.00      |4         |148         |0        |14.20        |                       
2021-01-29 |SA201        |1,784.00   |1,797.00 |1,797.00 |1,779.00 |1,785.00 |1,788.00  |1.00      |4.00      |1,026     |2,478       |522      |3,668.92     |                       
2021-02-01 |SA102        |1,468.00   |1,470.00 |1,484.00 |1,468.00 |1,468.00 |1,471.00  |0.00      |3.00      |182       |2,839       |-137     |535.49       |1,433.00               
2021-02-01 |SA103        |1,475.00   |1,482.00 |1,490.00 |1,459.00 |1,462.00 |1,478.00  |-13.00    |3.00      |5,053     |11,359      |-1,875   |14,941.52    |                       
2021-02-01 |SA104        |1,605.00   |1,614.00 |1,622.00 |1,587.00 |1,591.00 |1,605.00  |-14.00    |0.00      |33,896    |21,465      |-659     |108,825.73   |                       
2021-02-01 |SA105        |1,612.00   |1,618.00 |1,629.00 |1,593.00 |1,596.00 |1,610.00  |-16.00    |-2.00     |328,247   |181,081     |-11,269  |1,057,270.01 |                       
2021-02-01 |SA106        |1,666.00   |1,668.00 |1,670.00 |1,637.00 |1,644.00 |1,653.00  |-22.00    |-13.00    |785       |1,431       |326      |2,595.11     |                       
2021-02-01 |SA107        |1,666.00   |1,661.00 |1,672.00 |1,639.00 |1,643.00 |1,659.00  |-23.00    |-7.00     |1,290     |416         |137      |4,279.57     |                       
2021-02-01 |SA108        |1,746.00   |1,744.00 |1,747.00 |1,734.00 |1,739.00 |1,745.00  |-7.00     |-1.00     |1,461     |188         |-717     |5,097.73     |                       
2021-02-01 |SA109        |1,750.00   |1,749.00 |1,758.00 |1,739.00 |1,744.00 |1,748.00  |-6.00     |-2.00     |6,215     |15,571      |57       |21,725.85    |                       
2021-02-01 |SA110        |1,777.00   |1,766.00 |1,777.00 |1,764.00 |1,774.00 |1,770.00  |-3.00     |-7.00     |7         |212         |0        |24.77        |                       
2021-02-01 |SA111        |1,761.00   |1,747.00 |1,770.00 |1,747.00 |1,768.00 |1,760.00  |7.00      |-1.00     |217       |2,016       |179      |764.00       |                       
2021-02-01 |SA112        |1,775.00   |1,783.00 |1,783.00 |1,781.00 |1,781.00 |1,782.00  |6.00      |7.00      |2         |147         |-1       |7.13         |                       
2021-02-01 |SA201        |1,788.00   |1,794.00 |1,794.00 |1,781.00 |1,782.00 |1,785.00  |-6.00     |-3.00     |451       |2,472       |-6       |1,610.36     |                       
2021-02-02 |SA102        |1,471.00   |1,487.00 |1,487.00 |1,487.00 |1,487.00 |1,487.00  |16.00     |16.00     |2         |2,837       |-2       |5.95         |1,441.00               
2021-02-02 |SA103        |1,478.00   |1,462.00 |1,488.00 |1,461.00 |1,479.00 |1,478.00  |1.00      |0.00      |4,409     |11,249      |-110     |13,033.71    |                       
2021-02-02 |SA104        |1,605.00   |1,596.00 |1,621.00 |1,591.00 |1,610.00 |1,610.00  |5.00      |5.00      |24,914    |21,756      |291      |80,245.26    |                       
2021-02-02 |SA105        |1,610.00   |1,596.00 |1,628.00 |1,596.00 |1,614.00 |1,615.00  |4.00      |5.00      |314,575   |183,088     |2,007    |1,016,072.93 |                       
2021-02-02 |SA106        |1,653.00   |1,629.00 |1,670.00 |1,629.00 |1,651.00 |1,649.00  |-2.00     |-4.00     |1,694     |2,239       |808      |5,586.11     |                       
2021-02-02 |SA107        |1,659.00   |1,629.00 |1,670.00 |1,629.00 |1,655.00 |1,649.00  |-4.00     |-10.00    |599       |652         |236      |1,975.36     |                       
2021-02-02 |SA108        |1,745.00   |1,748.00 |1,748.00 |1,748.00 |1,748.00 |1,748.00  |3.00      |3.00      |1         |187         |-1       |3.50         |                       
2021-02-02 |SA109        |1,748.00   |1,743.00 |1,762.00 |1,742.00 |1,749.00 |1,752.00  |1.00      |4.00      |5,720     |15,910      |339      |20,038.58    |                       
2021-02-02 |SA110        |1,770.00   |1,769.00 |1,769.00 |1,768.00 |1,768.00 |1,769.00  |-2.00     |-1.00     |2         |212         |0        |7.07         |                       
2021-02-02 |SA111        |1,760.00   |1,765.00 |1,769.00 |1,764.00 |1,764.00 |1,764.00  |4.00      |4.00      |55        |2,064       |48       |194.07       |                       
2021-02-02 |SA112        |1,782.00   |1,781.00 |1,781.00 |1,774.00 |1,774.00 |1,778.00  |-8.00     |-4.00     |2         |147         |0        |7.11         |                       
2021-02-02 |SA201        |1,785.00   |1,788.00 |1,789.00 |1,781.00 |1,787.00 |1,787.00  |2.00      |2.00      |410       |2,696       |224      |1,465.01     |                       
2021-02-03 |SA102        |1,487.00   |1,480.00 |1,481.00 |1,457.00 |1,481.00 |1,471.00  |-6.00     |-16.00    |5         |2,839       |2        |14.71        |1,445.00               
2021-02-03 |SA103        |1,478.00   |1,480.00 |1,496.00 |1,468.00 |1,496.00 |1,483.00  |18.00     |5.00      |2,891     |11,080      |-169     |8,574.60     |                       
2021-02-03 |SA104        |1,610.00   |1,612.00 |1,633.00 |1,593.00 |1,630.00 |1,613.00  |20.00     |3.00      |25,867    |22,220      |464      |83,456.02    |                       
2021-02-03 |SA105        |1,615.00   |1,613.00 |1,640.00 |1,597.00 |1,637.00 |1,619.00  |22.00     |4.00      |444,357   |225,743     |42,655   |1,439,061.42 |                       
2021-02-03 |SA106        |1,649.00   |1,662.00 |1,679.00 |1,643.00 |1,679.00 |1,659.00  |30.00     |10.00     |2,255     |2,800       |561      |7,479.88     |                       
2021-02-03 |SA107        |1,649.00   |1,645.00 |1,680.00 |1,645.00 |1,680.00 |1,658.00  |31.00     |9.00      |1,060     |717         |65       |3,515.43     |                       
2021-02-03 |SA108        |1,748.00   |1,750.00 |1,750.00 |1,742.00 |1,749.00 |1,747.00  |1.00      |-1.00     |3         |187         |0        |10.48        |                       
2021-02-03 |SA109        |1,752.00   |1,749.00 |1,766.00 |1,739.00 |1,766.00 |1,752.00  |14.00     |0.00      |9,196     |19,054      |3,144    |32,221.77    |                       
2021-02-03 |SA110        |1,769.00   |1,773.00 |1,773.00 |1,773.00 |1,773.00 |1,773.00  |4.00      |4.00      |1         |213         |1        |3.55         |                       
2021-02-03 |SA111        |1,764.00   |1,766.00 |1,769.00 |1,766.00 |1,769.00 |1,768.00  |5.00      |4.00      |3         |2,063       |-1       |10.61        |                       
2021-02-03 |SA112        |1,778.00   |1,774.00 |1,780.00 |1,774.00 |1,780.00 |1,775.00  |2.00      |-3.00     |5         |147         |0        |17.75        |                       
2021-02-03 |SA201        |1,787.00   |1,787.00 |1,788.00 |1,779.00 |1,784.00 |1,784.00  |-3.00     |-3.00     |290       |2,748       |52       |1,034.64     |                       
2021-02-04 |SA102        |1,471.00   |1,497.00 |1,497.00 |1,497.00 |1,497.00 |1,497.00  |26.00     |26.00     |1         |2,839       |0        |2.99         |1,452.00               
2021-02-04 |SA103        |1,483.00   |1,497.00 |1,497.00 |1,483.00 |1,494.00 |1,492.00  |11.00     |9.00      |3,252     |11,075      |-5       |9,706.68     |                       
2021-02-04 |SA104        |1,613.00   |1,631.00 |1,637.00 |1,615.00 |1,629.00 |1,627.00  |16.00     |14.00     |29,442    |21,327      |-893     |95,784.43    |                       
2021-02-04 |SA105        |1,619.00   |1,639.00 |1,643.00 |1,619.00 |1,633.00 |1,632.00  |14.00     |13.00     |370,563   |198,208     |-27,535  |1,209,418.05 |                       
2021-02-04 |SA106        |1,659.00   |1,702.00 |1,702.00 |1,670.00 |1,682.00 |1,677.00  |23.00     |18.00     |1,803     |3,229       |429      |6,047.94     |                       
2021-02-04 |SA107        |1,658.00   |1,704.00 |1,704.00 |1,672.00 |1,684.00 |1,680.00  |26.00     |22.00     |270       |734         |17       |907.30       |                       
2021-02-04 |SA108        |1,747.00   |1,754.00 |1,754.00 |1,751.00 |1,751.00 |1,752.00  |4.00      |5.00      |3         |186         |-1       |10.51        |                       
2021-02-04 |SA109        |1,752.00   |1,765.00 |1,775.00 |1,755.00 |1,774.00 |1,762.00  |22.00     |10.00     |7,230     |21,222      |2,168    |25,485.53    |                       
2021-02-04 |SA110        |1,773.00   |1,780.00 |1,787.00 |1,780.00 |1,787.00 |1,782.00  |14.00     |9.00      |8         |217         |4        |28.52        |                       
2021-02-04 |SA111        |1,768.00   |1,773.00 |1,773.00 |1,766.00 |1,772.00 |1,770.00  |4.00      |2.00      |68        |2,108       |45       |240.66       |                       
2021-02-04 |SA112        |1,775.00   |1,777.00 |1,780.00 |1,777.00 |1,780.00 |1,779.00  |5.00      |4.00      |3         |147         |0        |10.67        |                       
2021-02-04 |SA201        |1,784.00   |1,783.00 |1,789.00 |1,778.00 |1,789.00 |1,784.00  |5.00      |0.00      |318       |2,799       |51       |1,134.52     |                       
2021-02-05 |SA102        |1,497.00   |1,480.00 |1,480.00 |1,463.00 |1,463.00 |1,465.00  |-34.00    |-32.00    |38        |2,877       |38       |111.36       |1,457.00               
2021-02-05 |SA103        |1,492.00   |1,488.00 |1,496.00 |1,477.00 |1,489.00 |1,489.00  |-3.00     |-3.00     |1,685     |11,062      |-13      |5,018.35     |                       
2021-02-05 |SA104        |1,627.00   |1,625.00 |1,634.00 |1,612.00 |1,623.00 |1,624.00  |-4.00     |-3.00     |22,800    |22,143      |816      |74,037.06    |                       
2021-02-05 |SA105        |1,632.00   |1,634.00 |1,639.00 |1,616.00 |1,627.00 |1,628.00  |-5.00     |-4.00     |263,482   |185,306     |-12,902  |858,151.61   |                       
2021-02-05 |SA106        |1,677.00   |1,691.00 |1,691.00 |1,664.00 |1,672.00 |1,671.00  |-5.00     |-6.00     |4,542     |3,896       |667      |15,175.35    |                       
2021-02-05 |SA107        |1,680.00   |1,692.00 |1,692.00 |1,667.00 |1,673.00 |1,674.00  |-7.00     |-6.00     |224       |740         |6        |749.94       |                       
2021-02-05 |SA108        |1,752.00   |1,765.00 |1,765.00 |1,756.00 |1,756.00 |1,761.00  |4.00      |9.00      |3         |187         |1        |10.57        |                       
2021-02-05 |SA109        |1,762.00   |1,773.00 |1,775.00 |1,757.00 |1,767.00 |1,767.00  |5.00      |5.00      |5,490     |22,156      |934      |19,401.27    |                       
2021-02-05 |SA110        |1,782.00   |1,783.00 |1,794.00 |1,783.00 |1,786.00 |1,791.00  |4.00      |9.00      |11        |221         |4        |39.39        |                       
2021-02-05 |SA111        |1,770.00   |1,767.00 |1,774.00 |1,767.00 |1,774.00 |1,769.00  |4.00      |-1.00     |8         |2,106       |-2       |28.30        |                       
2021-02-05 |SA112        |1,779.00   |1,778.00 |1,778.00 |1,778.00 |1,778.00 |1,778.00  |-1.00     |-1.00     |1         |147         |0        |3.56         |                       
2021-02-05 |SA201        |1,784.00   |1,786.00 |1,792.00 |1,783.00 |1,790.00 |1,789.00  |6.00      |5.00      |948       |2,024       |-775     |3,391.77     |                       
2021-02-08 |SA102        |1,465.00   |0.00     |0.00     |0.00     |0.00     |1,465.00  |0.00      |0.00      |0         |2,877       |0        |0.00         |1,461.00               
2021-02-08 |SA103        |1,489.00   |1,482.00 |1,500.00 |1,474.00 |1,493.00 |1,490.00  |4.00      |1.00      |2,543     |10,772      |-290     |7,577.46     |                       
2021-02-08 |SA104        |1,624.00   |1,629.00 |1,647.00 |1,606.00 |1,638.00 |1,623.00  |14.00     |-1.00     |31,085    |21,714      |-429     |100,932.66   |                       
2021-02-08 |SA105        |1,628.00   |1,628.00 |1,653.00 |1,611.00 |1,645.00 |1,630.00  |17.00     |2.00      |334,484   |198,042     |12,736   |1,090,238.86 |                       
2021-02-08 |SA106        |1,671.00   |1,677.00 |1,683.00 |1,656.00 |1,677.00 |1,672.00  |6.00      |1.00      |4,243     |4,508       |612      |14,184.52    |                       
2021-02-08 |SA107        |1,674.00   |1,678.00 |1,693.00 |1,659.00 |1,680.00 |1,675.00  |6.00      |1.00      |501       |807         |67       |1,678.15     |                       
2021-02-08 |SA108        |1,761.00   |0.00     |0.00     |0.00     |0.00     |1,766.00  |5.00      |5.00      |0         |187         |0        |0.00         |                       
2021-02-08 |SA109        |1,767.00   |1,768.00 |1,782.00 |1,756.00 |1,774.00 |1,768.00  |7.00      |1.00      |5,524     |22,255      |99       |19,528.22    |                       
2021-02-08 |SA110        |1,791.00   |1,784.00 |1,793.00 |1,781.00 |1,793.00 |1,788.00  |2.00      |-3.00     |5         |220         |-1       |17.88        |                       
2021-02-08 |SA111        |1,769.00   |1,766.00 |1,773.00 |1,763.00 |1,773.00 |1,770.00  |4.00      |1.00      |7         |2,109       |3        |24.78        |                       
2021-02-08 |SA112        |1,778.00   |1,780.00 |1,791.00 |1,779.00 |1,785.00 |1,784.00  |7.00      |6.00      |4         |148         |1        |14.27        |                       
2021-02-08 |SA201        |1,789.00   |1,789.00 |1,796.00 |1,785.00 |1,795.00 |1,790.00  |6.00      |1.00      |206       |2,046       |22       |737.50       |                       
2021-02-09 |SA102        |1,465.00   |1,460.00 |1,460.00 |1,460.00 |1,460.00 |1,460.00  |-5.00     |-5.00     |1         |2,878       |1        |2.92         |1,464.00               
2021-02-09 |SA103        |1,490.00   |1,492.00 |1,493.00 |1,462.00 |1,466.00 |1,476.00  |-24.00    |-14.00    |1,120     |10,364      |-408     |3,307.29     |                       
2021-02-09 |SA104        |1,623.00   |1,637.00 |1,641.00 |1,601.00 |1,615.00 |1,618.00  |-8.00     |-5.00     |21,747    |19,322      |-2,392   |70,376.48    |                       
2021-02-09 |SA105        |1,630.00   |1,645.00 |1,647.00 |1,605.00 |1,618.00 |1,623.00  |-12.00    |-7.00     |265,757   |160,540     |-37,502  |862,545.23   |                       
2021-02-09 |SA106        |1,672.00   |1,672.00 |1,672.00 |1,639.00 |1,662.00 |1,653.00  |-10.00    |-19.00    |2,291     |4,551       |43       |7,574.47     |                       
2021-02-09 |SA107        |1,675.00   |1,675.00 |1,677.00 |1,645.00 |1,662.00 |1,658.00  |-13.00    |-17.00    |358       |839         |32       |1,186.92     |                       
2021-02-09 |SA108        |1,766.00   |1,773.00 |1,774.00 |1,759.00 |1,759.00 |1,771.00  |-7.00     |5.00      |8         |184         |-3       |28.33        |                       
2021-02-09 |SA109        |1,768.00   |1,775.00 |1,778.00 |1,752.00 |1,767.00 |1,767.00  |-1.00     |-1.00     |6,450     |20,675      |-1,580   |22,793.05    |                       
2021-02-09 |SA110        |1,788.00   |1,792.00 |1,798.00 |1,791.00 |1,798.00 |1,794.00  |10.00     |6.00      |3         |220         |0        |10.76        |                       
2021-02-09 |SA111        |1,770.00   |1,775.00 |1,781.00 |1,769.00 |1,772.00 |1,774.00  |2.00      |4.00      |7         |2,110       |1        |24.84        |                       
2021-02-09 |SA112        |1,784.00   |1,784.00 |1,788.00 |1,784.00 |1,788.00 |1,788.00  |4.00      |4.00      |101       |248         |100      |361.17       |                       
2021-02-09 |SA201        |1,790.00   |1,794.00 |1,800.00 |1,790.00 |1,800.00 |1,798.00  |10.00     |8.00      |966       |2,604       |558      |3,473.59     |                       
2021-02-10 |SA102        |1,460.00   |1,454.00 |1,454.00 |1,454.00 |1,454.00 |1,454.00  |-6.00     |-6.00     |1         |2,877       |-1       |2.91         |1,468.00               
2021-02-10 |SA103        |1,476.00   |1,465.00 |1,472.00 |1,450.00 |1,458.00 |1,460.00  |-18.00    |-16.00    |1,426     |9,488       |-876     |4,162.54     |                       
2021-02-10 |SA104        |1,618.00   |1,613.00 |1,625.00 |1,587.00 |1,596.00 |1,605.00  |-22.00    |-13.00    |19,417    |15,837      |-3,485   |62,321.14    |                       
2021-02-10 |SA105        |1,623.00   |1,618.00 |1,630.00 |1,590.00 |1,598.00 |1,610.00  |-25.00    |-13.00    |211,327   |149,675     |-10,865  |680,323.46   |                       
2021-02-10 |SA106        |1,653.00   |1,680.00 |1,680.00 |1,644.00 |1,655.00 |1,654.00  |2.00      |1.00      |2,312     |4,687       |136      |7,648.76     |                       
2021-02-10 |SA107        |1,658.00   |1,683.00 |1,683.00 |1,645.00 |1,663.00 |1,656.00  |5.00      |-2.00     |280       |790         |-49      |927.31       |                       
2021-02-10 |SA108        |1,771.00   |1,738.00 |1,738.00 |1,738.00 |1,738.00 |1,738.00  |-33.00    |-33.00    |1         |184         |0        |3.48         |                       
2021-02-10 |SA109        |1,767.00   |1,768.00 |1,773.00 |1,741.00 |1,750.00 |1,757.00  |-17.00    |-10.00    |6,511     |19,487      |-1,188   |22,874.67    |                       
2021-02-10 |SA110        |1,794.00   |1,783.00 |1,785.00 |1,783.00 |1,785.00 |1,784.00  |-9.00     |-10.00    |2         |218         |-2       |7.14         |                       
2021-02-10 |SA111        |1,774.00   |1,764.00 |1,769.00 |1,764.00 |1,769.00 |1,768.00  |-5.00     |-6.00     |7         |2,112       |2        |24.76        |                       
2021-02-10 |SA112        |1,788.00   |1,780.00 |1,782.00 |1,780.00 |1,782.00 |1,782.00  |-6.00     |-6.00     |71        |318         |70       |253.04       |                       
2021-02-10 |SA201        |1,798.00   |1,798.00 |1,798.00 |1,787.00 |1,792.00 |1,792.00  |-6.00     |-6.00     |346       |2,542       |-62      |1,240.00     |                       
2021-02-18 |SA102        |1,454.00   |0.00     |0.00     |0.00     |0.00     |1,470.00  |16.00     |16.00     |0         |2,877       |0        |0.00         |1,471.00               
2021-02-18 |SA103        |1,460.00   |1,476.00 |1,500.00 |1,464.00 |1,500.00 |1,492.00  |40.00     |32.00     |1,360     |9,109       |-379     |4,058.63     |                       
2021-02-18 |SA104        |1,605.00   |1,602.00 |1,661.00 |1,602.00 |1,660.00 |1,638.00  |55.00     |33.00     |15,849    |17,599      |1,762    |51,931.70    |                       
2021-02-18 |SA105        |1,610.00   |1,614.00 |1,668.00 |1,611.00 |1,668.00 |1,643.00  |58.00     |33.00     |217,829   |173,175     |23,500   |715,967.21   |                       
2021-02-18 |SA106        |1,654.00   |1,671.00 |1,713.00 |1,663.00 |1,711.00 |1,700.00  |57.00     |46.00     |2,508     |4,951       |264      |8,525.94     |                       
2021-02-18 |SA107        |1,656.00   |1,673.00 |1,715.00 |1,668.00 |1,715.00 |1,699.00  |59.00     |43.00     |233       |770         |-20      |791.96       |                       
2021-02-18 |SA108        |1,738.00   |1,789.00 |1,789.00 |1,789.00 |1,789.00 |1,789.00  |51.00     |51.00     |1         |183         |-1       |3.58         |                       
2021-02-18 |SA109        |1,757.00   |1,765.00 |1,803.00 |1,756.00 |1,801.00 |1,792.00  |44.00     |35.00     |8,592     |19,326      |-161     |30,792.15    |                       
2021-02-18 |SA110        |1,784.00   |0.00     |0.00     |0.00     |0.00     |1,816.00  |32.00     |32.00     |0         |218         |0        |0.00         |                       
2021-02-18 |SA111        |1,768.00   |1,819.00 |1,819.00 |1,791.00 |1,810.00 |1,810.00  |42.00     |42.00     |4         |2,113       |1        |14.48        |                       
2021-02-18 |SA112        |1,782.00   |1,806.00 |1,806.00 |1,806.00 |1,806.00 |1,806.00  |24.00     |24.00     |1         |317         |-1       |3.61         |                       
2021-02-18 |SA201        |1,792.00   |1,821.00 |1,821.00 |1,795.00 |1,818.00 |1,814.00  |26.00     |22.00     |474       |2,843       |301      |1,719.95     |                       
2021-02-19 |SA102        |1,470.00   |1,507.00 |1,507.00 |1,490.00 |1,490.00 |1,506.00  |20.00     |36.00     |1,037     |0           |-2,877   |3,123.80     |1,475.00               
2021-02-19 |SA103        |1,492.00   |1,498.00 |1,515.00 |1,498.00 |1,506.00 |1,505.00  |14.00     |13.00     |3,313     |8,189       |-920     |9,975.38     |                       
2021-02-19 |SA104        |1,638.00   |1,658.00 |1,668.00 |1,643.00 |1,660.00 |1,655.00  |22.00     |17.00     |20,416    |17,664      |65       |67,577.58    |                       
2021-02-19 |SA105        |1,643.00   |1,668.00 |1,674.00 |1,648.00 |1,666.00 |1,661.00  |23.00     |18.00     |280,189   |203,728     |30,553   |930,536.48   |                       
2021-02-19 |SA106        |1,700.00   |1,721.00 |1,721.00 |1,696.00 |1,713.00 |1,707.00  |13.00     |7.00      |4,546     |6,028       |1,077    |15,519.89    |                       
2021-02-19 |SA107        |1,699.00   |1,722.00 |1,722.00 |1,697.00 |1,715.00 |1,707.00  |16.00     |8.00      |822       |777         |7        |2,806.93     |                       
2021-02-19 |SA108        |1,789.00   |1,801.00 |1,801.00 |1,801.00 |1,801.00 |1,801.00  |12.00     |12.00     |1         |183         |0        |3.60         |                       
2021-02-19 |SA109        |1,792.00   |1,803.00 |1,810.00 |1,790.00 |1,808.00 |1,801.00  |16.00     |9.00      |9,299     |22,780      |3,454    |33,492.83    |                       
2021-02-19 |SA110        |1,816.00   |1,813.00 |1,830.00 |1,813.00 |1,826.00 |1,822.00  |10.00     |6.00      |5         |221         |3        |18.22        |                       
2021-02-19 |SA111        |1,810.00   |1,812.00 |1,817.00 |1,812.00 |1,817.00 |1,814.00  |7.00      |4.00      |150       |2,163       |50       |544.10       |                       
2021-02-19 |SA112        |1,806.00   |0.00     |0.00     |0.00     |0.00     |1,819.00  |13.00     |13.00     |0         |317         |0        |0.00         |                       
2021-02-19 |SA201        |1,814.00   |1,817.00 |1,829.00 |1,811.00 |1,829.00 |1,820.00  |15.00     |6.00      |908       |3,320       |477      |3,306.00     |                       
2021-02-22 |SA103        |1,505.00   |1,501.00 |1,581.00 |1,497.00 |1,581.00 |1,553.00  |76.00     |48.00     |2,317     |6,586       |-1,603   |7,196.56     |                       
2021-02-22 |SA104        |1,655.00   |1,656.00 |1,738.00 |1,650.00 |1,738.00 |1,695.00  |83.00     |40.00     |30,371    |18,827      |1,163    |102,932.39   |                       
2021-02-22 |SA105        |1,661.00   |1,665.00 |1,745.00 |1,656.00 |1,745.00 |1,703.00  |84.00     |42.00     |402,630   |236,481     |32,753   |1,371,652.03 |                       
2021-02-22 |SA106        |1,707.00   |1,704.00 |1,793.00 |1,704.00 |1,793.00 |1,745.00  |86.00     |38.00     |5,215     |7,554       |1,526    |18,205.13    |                       
2021-02-22 |SA107        |1,707.00   |1,712.00 |1,793.00 |1,709.00 |1,793.00 |1,755.00  |86.00     |48.00     |780       |812         |35       |2,738.24     |                       
2021-02-22 |SA108        |1,801.00   |0.00     |0.00     |0.00     |0.00     |1,874.00  |73.00     |73.00     |0         |183         |0        |0.00         |                       
2021-02-22 |SA109        |1,801.00   |1,807.00 |1,892.00 |1,801.00 |1,881.00 |1,856.00  |80.00     |55.00     |21,128    |28,219      |5,439    |78,432.87    |                       
2021-02-22 |SA110        |1,822.00   |1,878.00 |1,914.00 |1,878.00 |1,909.00 |1,906.00  |87.00     |84.00     |12        |224         |3        |45.75        |                       
2021-02-22 |SA111        |1,814.00   |1,812.00 |1,898.00 |1,812.00 |1,890.00 |1,881.00  |76.00     |67.00     |420       |2,567       |404      |1,580.38     |                       
2021-02-22 |SA112        |1,819.00   |1,850.00 |1,892.00 |1,850.00 |1,892.00 |1,887.00  |73.00     |68.00     |87        |398         |81       |328.34       |                       
2021-02-22 |SA201        |1,820.00   |1,830.00 |1,900.00 |1,824.00 |1,888.00 |1,873.00  |68.00     |53.00     |1,664     |4,139       |819      |6,234.21     |                       
2021-02-22 |SA202        |1,820.00   |0.00     |0.00     |0.00     |0.00     |1,840.00  |20.00     |20.00     |0         |0           |0        |0.00         |                       
2021-02-23 |SA103        |1,553.00   |1,594.00 |1,645.00 |1,585.00 |1,608.00 |1,614.00  |55.00     |61.00     |1,811     |5,851       |-735     |5,844.10     |                       
2021-02-23 |SA104        |1,695.00   |1,740.00 |1,797.00 |1,740.00 |1,756.00 |1,768.00  |61.00     |73.00     |39,024    |18,775      |-52      |137,978.28   |                       
2021-02-23 |SA105        |1,703.00   |1,757.00 |1,804.00 |1,746.00 |1,763.00 |1,773.00  |60.00     |70.00     |593,440   |223,086     |-13,395  |2,104,325.53 |                       
2021-02-23 |SA106        |1,745.00   |1,799.00 |1,833.00 |1,788.00 |1,802.00 |1,816.00  |57.00     |71.00     |6,186     |8,358       |804      |22,465.97    |                       
2021-02-23 |SA107        |1,755.00   |1,805.00 |1,838.00 |1,790.00 |1,801.00 |1,815.00  |46.00     |60.00     |1,162     |921         |109      |4,217.66     |                       
2021-02-23 |SA108        |1,874.00   |1,909.00 |1,909.00 |1,890.00 |1,890.00 |1,906.00  |16.00     |32.00     |14        |185         |2        |53.37        |                       
2021-02-23 |SA109        |1,856.00   |1,882.00 |1,935.00 |1,879.00 |1,904.00 |1,910.00  |48.00     |54.00     |33,069    |30,402      |2,183    |126,297.03   |                       
2021-02-23 |SA110        |1,906.00   |1,921.00 |1,929.00 |1,909.00 |1,910.00 |1,921.00  |4.00      |15.00     |22        |222         |-2       |84.51        |                       
2021-02-23 |SA111        |1,881.00   |1,871.00 |1,925.00 |1,871.00 |1,909.00 |1,874.00  |28.00     |-7.00     |488       |2,125       |-442     |1,829.06     |                       
2021-02-23 |SA112        |1,887.00   |1,898.00 |1,925.00 |1,891.00 |1,910.00 |1,909.00  |23.00     |22.00     |12        |397         |-1       |45.80        |                       
2021-02-23 |SA201        |1,873.00   |1,892.00 |1,929.00 |1,886.00 |1,920.00 |1,912.00  |47.00     |39.00     |2,586     |5,006       |867      |9,890.72     |                       
2021-02-23 |SA202        |1,840.00   |0.00     |0.00     |0.00     |0.00     |1,905.00  |65.00     |65.00     |0         |0           |0        |0.00         |                       
2021-02-24 |SA103        |1,614.00   |1,607.00 |1,635.00 |1,601.00 |1,620.00 |1,619.00  |6.00      |5.00      |818       |5,527       |-324     |2,648.08     |                       
2021-02-24 |SA104        |1,768.00   |1,756.00 |1,791.00 |1,750.00 |1,773.00 |1,771.00  |5.00      |3.00      |38,194    |20,411      |1,636    |135,269.55   |                       
2021-02-24 |SA105        |1,773.00   |1,762.00 |1,797.00 |1,756.00 |1,781.00 |1,778.00  |8.00      |5.00      |444,727   |232,740     |9,654    |1,581,576.86 |                       
2021-02-24 |SA106        |1,816.00   |1,795.00 |1,837.00 |1,787.00 |1,819.00 |1,812.00  |3.00      |-4.00     |5,607     |8,380       |22       |20,318.97    |                       
2021-02-24 |SA107        |1,815.00   |1,820.00 |1,838.00 |1,790.00 |1,820.00 |1,811.00  |5.00      |-4.00     |1,274     |944         |23       |4,613.17     |                       
2021-02-24 |SA108        |1,906.00   |1,913.00 |1,913.00 |1,893.00 |1,900.00 |1,904.00  |-6.00     |-2.00     |9         |184         |-1       |34.27        |                       
2021-02-24 |SA109        |1,910.00   |1,905.00 |1,929.00 |1,890.00 |1,906.00 |1,908.00  |-4.00     |-2.00     |30,759    |34,261      |3,859    |117,374.56   |                       
2021-02-24 |SA110        |1,921.00   |1,924.00 |1,930.00 |1,915.00 |1,920.00 |1,922.00  |-1.00     |1.00      |11        |217         |-5       |42.28        |                       
2021-02-24 |SA111        |1,874.00   |1,915.00 |1,915.00 |1,901.00 |1,901.00 |1,906.00  |27.00     |32.00     |4         |2,125       |0        |15.25        |                       
2021-02-24 |SA112        |1,909.00   |1,930.00 |1,930.00 |1,913.00 |1,913.00 |1,920.00  |4.00      |11.00     |4         |397         |0        |15.36        |                       
2021-02-24 |SA201        |1,912.00   |1,917.00 |1,938.00 |1,912.00 |1,926.00 |1,923.00  |14.00     |11.00     |1,733     |5,387       |381      |6,665.57     |                       
2021-02-24 |SA202        |1,905.00   |1,913.00 |1,914.00 |1,910.00 |1,913.00 |1,913.00  |8.00      |8.00      |22        |2           |2        |84.19        |                       
2021-02-25 |SA103        |1,619.00   |1,609.00 |1,682.00 |1,601.00 |1,648.00 |1,648.00  |29.00     |29.00     |767       |5,240       |-287     |2,527.32     |                       
2021-02-25 |SA104        |1,771.00   |1,773.00 |1,860.00 |1,761.00 |1,838.00 |1,818.00  |67.00     |47.00     |42,779    |18,657      |-1,754   |155,526.57   |                       
2021-02-25 |SA105        |1,778.00   |1,787.00 |1,867.00 |1,768.00 |1,847.00 |1,827.00  |69.00     |49.00     |649,527   |217,560     |-15,180  |2,373,687.27 |                       
2021-02-25 |SA106        |1,812.00   |1,826.00 |1,903.00 |1,806.00 |1,886.00 |1,859.00  |74.00     |47.00     |5,804     |8,910       |530      |21,582.88    |                       
2021-02-25 |SA107        |1,811.00   |1,820.00 |1,902.00 |1,807.00 |1,891.00 |1,874.00  |80.00     |63.00     |1,128     |995         |51       |4,227.85     |                       
2021-02-25 |SA108        |1,904.00   |1,917.00 |2,000.00 |1,915.00 |1,970.00 |1,986.00  |66.00     |82.00     |74        |203         |19       |293.87       |                       
2021-02-25 |SA109        |1,908.00   |1,910.00 |2,004.00 |1,905.00 |1,988.00 |1,969.00  |80.00     |61.00     |55,309    |45,063      |10,802   |217,770.81   |                       
2021-02-25 |SA110        |1,922.00   |1,930.00 |2,013.00 |1,920.00 |1,996.00 |1,956.00  |74.00     |34.00     |44        |234         |17       |172.16       |                       
2021-02-25 |SA111        |1,906.00   |1,939.00 |2,002.00 |1,939.00 |1,974.00 |1,981.00  |68.00     |75.00     |14        |2,128       |3        |55.46        |                       
2021-02-25 |SA112        |1,920.00   |1,919.00 |2,003.00 |1,919.00 |1,987.00 |1,978.00  |67.00     |58.00     |38        |401         |4        |150.34       |                       
2021-02-25 |SA201        |1,923.00   |1,925.00 |2,018.00 |1,925.00 |1,998.00 |1,983.00  |75.00     |60.00     |3,125     |6,027       |640      |12,394.99    |                       
2021-02-25 |SA202        |1,913.00   |1,999.00 |1,999.00 |1,981.00 |1,990.00 |1,990.00  |77.00     |77.00     |5         |4           |2        |19.90        |                       
2021-02-26 |SA103        |1,648.00   |1,645.00 |1,677.00 |1,605.00 |1,636.00 |1,627.00  |-12.00    |-21.00    |1,678     |4,478       |-762     |5,459.72     |                       
2021-02-26 |SA104        |1,818.00   |1,838.00 |1,867.00 |1,800.00 |1,829.00 |1,830.00  |11.00     |12.00     |47,639    |15,821      |-2,836   |174,395.48   |                       
2021-02-26 |SA105        |1,827.00   |1,847.00 |1,876.00 |1,806.00 |1,836.00 |1,839.00  |9.00      |12.00     |540,893   |203,859     |-13,701  |1,989,804.57 |                       
2021-02-26 |SA106        |1,859.00   |1,874.00 |1,909.00 |1,836.00 |1,863.00 |1,870.00  |4.00      |11.00     |7,780     |8,396       |-514     |29,101.71    |                       
2021-02-26 |SA107        |1,874.00   |1,902.00 |1,909.00 |1,842.00 |1,865.00 |1,868.00  |-9.00     |-6.00     |1,211     |977         |-18      |4,524.60     |                       
2021-02-26 |SA108        |1,986.00   |1,980.00 |1,980.00 |1,927.00 |1,964.00 |1,962.00  |-22.00    |-24.00    |181       |277         |74       |710.35       |                       
2021-02-26 |SA109        |1,969.00   |1,988.00 |2,012.00 |1,927.00 |1,971.00 |1,963.00  |2.00      |-6.00     |56,831    |44,302      |-761     |223,118.66   |                       
2021-02-26 |SA110        |1,956.00   |1,996.00 |1,996.00 |1,970.00 |1,990.00 |1,983.00  |34.00     |27.00     |9         |232         |-2       |35.70        |                       
2021-02-26 |SA111        |1,981.00   |2,002.00 |2,002.00 |1,949.00 |1,980.00 |1,974.00  |-1.00     |-7.00     |939       |1,994       |-134     |3,707.56     |                       
2021-02-26 |SA112        |1,978.00   |2,011.00 |2,011.00 |1,946.00 |1,983.00 |2,005.00  |5.00      |27.00     |152       |281         |-120     |609.67       |                       
2021-02-26 |SA201        |1,983.00   |1,999.00 |2,019.00 |1,963.00 |1,986.00 |1,995.00  |3.00      |12.00     |2,471     |6,218       |191      |9,859.08     |                       
2021-02-26 |SA202        |1,990.00   |1,990.00 |2,015.00 |1,985.00 |2,000.00 |2,000.00  |10.00     |10.00     |14        |7           |3        |55.99        |                       
2021-03-01 |SA103        |1,627.00   |1,628.00 |1,709.00 |1,628.00 |1,709.00 |1,686.00  |82.00     |59.00     |786       |4,040       |-438     |2,650.76     |1,568.00               
2021-03-01 |SA104        |1,830.00   |1,823.00 |1,922.00 |1,808.00 |1,901.00 |1,874.00  |71.00     |44.00     |27,579    |16,948      |1,127    |103,368.19   |                       
2021-03-01 |SA105        |1,839.00   |1,829.00 |1,931.00 |1,815.00 |1,908.00 |1,890.00  |69.00     |51.00     |811,305   |235,743     |31,884   |3,066,235.46 |                       
2021-03-01 |SA106        |1,870.00   |1,861.00 |1,964.00 |1,846.00 |1,940.00 |1,905.00  |70.00     |35.00     |6,946     |9,041       |645      |26,466.50    |                       
2021-03-01 |SA107        |1,868.00   |1,856.00 |1,962.00 |1,848.00 |1,941.00 |1,906.00  |73.00     |38.00     |2,996     |1,728       |751      |11,421.47    |                       
2021-03-01 |SA108        |1,962.00   |1,955.00 |2,051.00 |1,954.00 |2,019.00 |1,992.00  |57.00     |30.00     |2,101     |571         |294      |8,368.29     |                       
2021-03-01 |SA109        |1,963.00   |1,969.00 |2,058.00 |1,949.00 |2,021.00 |2,016.00  |58.00     |53.00     |89,583    |63,498      |19,196   |361,148.33   |                       
2021-03-01 |SA110        |1,983.00   |1,969.00 |2,046.00 |1,969.00 |2,034.00 |2,033.00  |51.00     |50.00     |35        |236         |4        |142.33       |                       
2021-03-01 |SA111        |1,974.00   |1,991.00 |2,041.00 |1,991.00 |2,030.00 |2,027.00  |56.00     |53.00     |22        |2,002       |8        |89.17        |                       
2021-03-01 |SA112        |2,005.00   |1,968.00 |2,045.00 |1,956.00 |2,035.00 |2,008.00  |30.00     |3.00      |43        |302         |21       |172.67       |                       
2021-03-01 |SA201        |1,995.00   |1,980.00 |2,056.00 |1,970.00 |2,032.00 |2,027.00  |37.00     |32.00     |4,137     |7,759       |1,541    |16,770.53    |                       
2021-03-01 |SA202        |2,000.00   |1,997.00 |2,070.00 |1,997.00 |2,026.00 |2,018.00  |26.00     |18.00     |8         |10          |3        |32.29        |                       
2021-03-02 |SA103        |1,686.00   |1,715.00 |1,719.00 |1,675.00 |1,710.00 |1,694.00  |24.00     |8.00      |532       |3,591       |-449     |1,801.73     |1,590.00               
2021-03-02 |SA104        |1,874.00   |1,901.00 |1,933.00 |1,848.00 |1,899.00 |1,902.00  |25.00     |28.00     |36,662    |14,858      |-2,090   |139,457.48   |                       
2021-03-02 |SA105        |1,890.00   |1,908.00 |1,941.00 |1,855.00 |1,907.00 |1,904.00  |17.00     |14.00     |1,127,431 |246,654     |10,911   |4,293,436.13 |                       
2021-03-02 |SA106        |1,905.00   |1,936.00 |1,964.00 |1,881.00 |1,932.00 |1,928.00  |27.00     |23.00     |11,797    |8,925       |-116     |45,480.42    |                       
2021-03-02 |SA107        |1,906.00   |1,940.00 |1,965.00 |1,886.00 |1,922.00 |1,932.00  |16.00     |26.00     |4,135     |2,135       |407      |15,973.96    |                       
2021-03-02 |SA108        |1,992.00   |2,025.00 |2,033.00 |1,970.00 |2,008.00 |1,998.00  |16.00     |6.00      |1,802     |626         |55       |7,201.65     |                       
2021-03-02 |SA109        |2,016.00   |2,020.00 |2,040.00 |1,967.00 |2,014.00 |2,008.00  |-2.00     |-8.00     |71,657    |61,719      |-1,779   |287,795.35   |                       
2021-03-02 |SA110        |2,033.00   |2,026.00 |2,028.00 |1,988.00 |2,028.00 |2,010.00  |-5.00     |-23.00    |10        |236         |0        |40.19        |                       
2021-03-02 |SA111        |2,027.00   |2,025.00 |2,025.00 |1,992.00 |2,020.00 |2,011.00  |-7.00     |-16.00    |59        |2,048       |46       |237.25       |                       
2021-03-02 |SA112        |2,008.00   |2,031.00 |2,039.00 |1,995.00 |2,021.00 |2,018.00  |13.00     |10.00     |203       |497         |195      |819.50       |                       
2021-03-02 |SA201        |2,027.00   |2,032.00 |2,045.00 |1,991.00 |2,031.00 |2,019.00  |4.00      |-8.00     |2,914     |8,040       |281      |11,766.12    |                       
2021-03-02 |SA202        |2,018.00   |2,017.00 |2,017.00 |2,017.00 |2,017.00 |2,017.00  |-1.00     |-1.00     |1         |10          |0        |4.03         |                       
2021-03-03 |SA103        |1,694.00   |1,722.00 |1,732.00 |1,677.00 |1,694.00 |1,702.00  |0.00      |8.00      |360       |3,512       |-79      |1,225.30     |1,614.00               
2021-03-03 |SA104        |1,902.00   |1,906.00 |1,978.00 |1,890.00 |1,896.00 |1,942.00  |-6.00     |40.00     |35,532    |14,861      |3        |138,030.27   |                       
2021-03-03 |SA105        |1,904.00   |1,916.00 |1,986.00 |1,897.00 |1,905.00 |1,946.00  |1.00      |42.00     |1,194,119 |260,520     |13,866   |4,647,754.75 |                       
2021-03-03 |SA106        |1,928.00   |1,944.00 |2,003.00 |1,921.00 |1,924.00 |1,970.00  |-4.00     |42.00     |9,574     |9,147       |222      |37,713.52    |                       
2021-03-03 |SA107        |1,932.00   |1,944.00 |2,004.00 |1,921.00 |1,923.00 |1,970.00  |-9.00     |38.00     |4,123     |2,819       |684      |16,246.20    |                       
2021-03-03 |SA108        |1,998.00   |2,020.00 |2,086.00 |2,006.00 |2,006.00 |2,056.00  |8.00      |58.00     |1,975     |632         |6        |8,122.79     |                       
2021-03-03 |SA109        |2,008.00   |2,024.00 |2,093.00 |2,008.00 |2,013.00 |2,052.00  |5.00      |44.00     |117,152   |66,246      |4,527    |480,757.54   |                       
2021-03-03 |SA110        |2,010.00   |2,046.00 |2,085.00 |2,020.00 |2,020.00 |2,054.00  |10.00     |44.00     |21        |237         |1        |86.27        |                       
2021-03-03 |SA111        |2,011.00   |2,038.00 |2,083.00 |2,020.00 |2,020.00 |2,044.00  |9.00      |33.00     |39        |2,056       |8        |159.43       |                       
2021-03-03 |SA112        |2,018.00   |2,039.00 |2,069.00 |2,024.00 |2,024.00 |2,050.00  |6.00      |32.00     |16        |506         |9        |65.61        |                       
2021-03-03 |SA201        |2,019.00   |2,036.00 |2,086.00 |2,024.00 |2,031.00 |2,054.00  |12.00     |35.00     |4,972     |8,369       |329      |20,424.96    |                       
2021-03-03 |SA202        |2,017.00   |2,020.00 |2,077.00 |2,020.00 |2,053.00 |2,035.00  |36.00     |18.00     |129       |130         |120      |525.03       |                       
2021-03-04 |SA103        |1,702.00   |1,630.00 |1,684.00 |1,630.00 |1,640.00 |1,646.00  |-62.00    |-56.00    |339       |3,203       |-309     |1,116.25     |1,629.00               
2021-03-04 |SA104        |1,942.00   |1,906.00 |1,906.00 |1,844.00 |1,844.00 |1,861.00  |-98.00    |-81.00    |26,966    |16,437      |1,576    |100,372.71   |                       
2021-03-04 |SA105        |1,946.00   |1,905.00 |1,905.00 |1,848.00 |1,848.00 |1,869.00  |-98.00    |-77.00    |882,869   |262,718     |2,198    |3,300,791.86 |                       
2021-03-04 |SA106        |1,970.00   |1,910.00 |1,930.00 |1,871.00 |1,872.00 |1,897.00  |-98.00    |-73.00    |4,516     |9,002       |-145     |17,136.06    |                       
2021-03-04 |SA107        |1,970.00   |1,911.00 |1,931.00 |1,871.00 |1,872.00 |1,900.00  |-98.00    |-70.00    |2,643     |3,349       |530      |10,041.90    |                       
2021-03-04 |SA108        |2,056.00   |2,007.00 |2,009.00 |1,956.00 |1,976.00 |1,987.00  |-80.00    |-69.00    |2,039     |892         |260      |8,102.66     |                       
2021-03-04 |SA109        |2,052.00   |2,017.00 |2,017.00 |1,957.00 |1,979.00 |1,985.00  |-73.00    |-67.00    |96,616    |71,417      |5,171    |383,478.22   |                       
2021-03-04 |SA110        |2,054.00   |2,018.00 |2,018.00 |1,991.00 |2,006.00 |2,006.00  |-48.00    |-48.00    |14        |240         |3        |56.17        |                       
2021-03-04 |SA111        |2,044.00   |1,988.00 |2,018.00 |1,985.00 |1,995.00 |2,000.00  |-49.00    |-44.00    |618       |1,847       |-209     |2,472.01     |                       
2021-03-04 |SA112        |2,050.00   |2,035.00 |2,035.00 |1,989.00 |2,000.00 |2,005.00  |-50.00    |-45.00    |30        |504         |-2       |120.28       |                       
2021-03-04 |SA201        |2,054.00   |2,033.00 |2,050.00 |1,994.00 |2,007.00 |2,013.00  |-47.00    |-41.00    |4,222     |8,986       |617      |16,997.27    |                       
2021-03-04 |SA202        |2,035.00   |2,030.00 |2,030.00 |1,992.00 |1,998.00 |2,009.00  |-37.00    |-26.00    |7         |131         |1        |28.13        |                       
2021-03-05 |SA103        |1,646.00   |1,630.00 |1,665.00 |1,596.00 |1,650.00 |1,625.00  |4.00      |-21.00    |499       |3,093       |-110     |1,622.27     |1,641.00               
2021-03-05 |SA104        |1,861.00   |1,831.00 |1,855.00 |1,776.00 |1,830.00 |1,813.00  |-31.00    |-48.00    |23,111    |11,539      |-4,898   |83,821.31    |                       
2021-03-05 |SA105        |1,869.00   |1,840.00 |1,864.00 |1,784.00 |1,841.00 |1,825.00  |-28.00    |-44.00    |806,664   |234,993     |-27,725  |2,944,781.69 |                       
2021-03-05 |SA106        |1,897.00   |1,867.00 |1,908.00 |1,824.00 |1,889.00 |1,867.00  |-8.00     |-30.00    |11,059    |9,484       |482      |41,304.32    |                       
2021-03-05 |SA107        |1,900.00   |1,853.00 |1,910.00 |1,826.00 |1,891.00 |1,871.00  |-9.00     |-29.00    |5,139     |4,084       |735      |19,233.33    |                       
2021-03-05 |SA108        |1,987.00   |1,965.00 |2,015.00 |1,920.00 |2,008.00 |1,970.00  |21.00     |-17.00    |5,601     |1,156       |264      |22,070.07    |                       
2021-03-05 |SA109        |1,985.00   |1,976.00 |2,018.00 |1,921.00 |2,010.00 |1,972.00  |25.00     |-13.00    |170,242   |88,516      |17,099   |671,551.54   |                       
2021-03-05 |SA110        |2,006.00   |1,995.00 |2,026.00 |1,983.00 |2,024.00 |2,000.00  |18.00     |-6.00     |24        |242         |2        |95.99        |                       
2021-03-05 |SA111        |2,000.00   |1,998.00 |2,021.00 |1,962.00 |2,015.00 |1,996.00  |15.00     |-4.00     |48        |1,853       |6        |191.64       |                       
2021-03-05 |SA112        |2,005.00   |2,010.00 |2,025.00 |1,985.00 |2,020.00 |2,005.00  |15.00     |0.00      |63        |480         |-24      |252.61       |                       
2021-03-05 |SA201        |2,013.00   |2,000.00 |2,038.00 |1,987.00 |2,037.00 |2,009.00  |24.00     |-4.00     |6,801     |9,208       |222      |27,321.37    |                       
2021-03-05 |SA202        |2,009.00   |2,001.00 |2,028.00 |1,992.00 |2,028.00 |2,013.00  |19.00     |4.00      |125       |233         |102      |503.35       |                       
2021-03-08 |SA103        |1,625.00   |1,692.00 |1,707.00 |1,690.00 |1,705.00 |1,704.00  |80.00     |79.00     |418       |2,984       |-109     |1,424.96     |1,657.00               
2021-03-08 |SA104        |1,813.00   |1,855.00 |1,904.00 |1,854.00 |1,904.00 |1,892.00  |91.00     |79.00     |15,788    |9,093       |-2,446   |59,745.48    |                       
2021-03-08 |SA105        |1,825.00   |1,860.00 |1,917.00 |1,859.00 |1,917.00 |1,901.00  |92.00     |76.00     |989,258   |339,022     |104,029  |3,760,313.75 |                       
2021-03-08 |SA106        |1,867.00   |1,925.00 |1,961.00 |1,913.00 |1,961.00 |1,950.00  |94.00     |83.00     |4,355     |9,901       |417      |16,985.74    |                       
2021-03-08 |SA107        |1,871.00   |1,905.00 |1,965.00 |1,905.00 |1,965.00 |1,950.00  |94.00     |79.00     |2,617     |4,710       |626      |10,208.78    |                       
2021-03-08 |SA108        |1,970.00   |2,030.00 |2,069.00 |2,030.00 |2,068.00 |2,059.00  |98.00     |89.00     |2,404     |1,012       |-144     |9,900.31     |                       
2021-03-08 |SA109        |1,972.00   |2,034.00 |2,071.00 |2,032.00 |2,071.00 |2,063.00  |99.00     |91.00     |256,145   |120,335     |31,819   |1,056,899.75 |                       
2021-03-08 |SA110        |2,000.00   |2,075.00 |2,100.00 |2,050.00 |2,092.00 |2,079.00  |92.00     |79.00     |54        |267         |25       |224.52       |                       
2021-03-08 |SA111        |1,996.00   |2,029.00 |2,096.00 |2,029.00 |2,096.00 |2,065.00  |100.00    |69.00     |37        |1,869       |16       |152.81       |                       
2021-03-08 |SA112        |2,005.00   |2,073.00 |2,106.00 |2,053.00 |2,106.00 |2,085.00  |101.00    |80.00     |23        |484         |4        |95.92        |                       
2021-03-08 |SA201        |2,009.00   |2,054.00 |2,110.00 |2,048.00 |2,110.00 |2,091.00  |101.00    |82.00     |11,274    |13,006      |3,798    |47,149.99    |                       
2021-03-08 |SA202        |2,013.00   |2,061.00 |2,114.00 |2,061.00 |2,114.00 |2,091.00  |101.00    |78.00     |245       |455         |222      |1,024.59     |                       
2021-03-09 |SA103        |1,704.00   |1,748.00 |1,776.00 |1,748.00 |1,776.00 |1,770.00  |72.00     |66.00     |825       |2,269       |-715     |2,921.24     |1,672.00               
2021-03-09 |SA104        |1,892.00   |1,920.00 |1,957.00 |1,889.00 |1,929.00 |1,924.00  |37.00     |32.00     |12,775    |8,258       |-835     |49,152.80    |                       
2021-03-09 |SA105        |1,901.00   |1,926.00 |1,974.00 |1,906.00 |1,942.00 |1,940.00  |41.00     |39.00     |976,337   |338,114     |-908     |3,789,134.78 |                       
2021-03-09 |SA106        |1,950.00   |1,971.00 |2,025.00 |1,964.00 |2,000.00 |1,997.00  |50.00     |47.00     |10,188    |9,486       |-415     |40,693.60    |                       
2021-03-09 |SA107        |1,950.00   |1,972.00 |2,028.00 |1,966.00 |2,004.00 |1,999.00  |54.00     |49.00     |6,015     |4,759       |49       |24,051.82    |                       
2021-03-09 |SA108        |2,059.00   |2,078.00 |2,123.00 |2,058.00 |2,091.00 |2,094.00  |32.00     |35.00     |3,253     |1,135       |123      |13,623.33    |                       
2021-03-09 |SA109        |2,063.00   |2,082.00 |2,125.00 |2,062.00 |2,091.00 |2,095.00  |28.00     |32.00     |216,289   |149,305     |28,970   |906,311.91   |                       
2021-03-09 |SA110        |2,079.00   |2,089.00 |2,129.00 |2,074.00 |2,094.00 |2,100.00  |15.00     |21.00     |65        |275         |8        |273.02       |                       
2021-03-09 |SA111        |2,065.00   |2,054.00 |2,129.00 |2,054.00 |2,125.00 |2,081.00  |60.00     |16.00     |104       |1,831       |-38      |432.86       |                       
2021-03-09 |SA112        |2,085.00   |2,109.00 |2,136.00 |2,095.00 |2,114.00 |2,112.00  |29.00     |27.00     |22        |488         |4        |92.91        |                       
2021-03-09 |SA201        |2,091.00   |2,109.00 |2,139.00 |2,097.00 |2,118.00 |2,117.00  |27.00     |26.00     |10,445    |14,840      |1,834    |44,224.94    |                       
2021-03-09 |SA202        |2,091.00   |2,120.00 |2,128.00 |2,094.00 |2,126.00 |2,114.00  |35.00     |23.00     |204       |617         |162      |862.66       |                       
2021-03-10 |SA103        |1,770.00   |0.00     |0.00     |0.00     |0.00     |1,780.00  |10.00     |10.00     |0         |2,269       |0        |0.00         |1,688.00               
2021-03-10 |SA104        |1,924.00   |1,935.00 |1,950.00 |1,901.00 |1,945.00 |1,921.00  |21.00     |-3.00     |6,917     |7,800       |-458     |26,571.04    |                       
2021-03-10 |SA105        |1,940.00   |1,950.00 |1,968.00 |1,914.00 |1,963.00 |1,939.00  |23.00     |-1.00     |911,203   |391,665     |53,551   |3,534,391.13 |                       
2021-03-10 |SA106        |1,997.00   |1,989.00 |2,026.00 |1,972.00 |2,018.00 |1,992.00  |21.00     |-5.00     |9,214     |9,057       |-429     |36,714.78    |                       
2021-03-10 |SA107        |1,999.00   |2,009.00 |2,028.00 |1,975.00 |2,020.00 |1,997.00  |21.00     |-2.00     |7,421     |4,760       |1        |29,640.20    |                       
2021-03-10 |SA108        |2,094.00   |2,095.00 |2,110.00 |2,057.00 |2,096.00 |2,082.00  |2.00      |-12.00    |4,081     |872         |-263     |16,990.30    |                       
2021-03-10 |SA109        |2,095.00   |2,093.00 |2,112.00 |2,058.00 |2,107.00 |2,087.00  |12.00     |-8.00     |195,588   |166,404     |17,099   |816,427.35   |                       
2021-03-10 |SA110        |2,100.00   |2,086.00 |2,109.00 |2,073.00 |2,099.00 |2,096.00  |-1.00     |-4.00     |36        |294         |19       |150.90       |                       
2021-03-10 |SA111        |2,081.00   |2,108.00 |2,115.00 |2,078.00 |2,109.00 |2,096.00  |28.00     |15.00     |247       |1,974       |143      |1,035.41     |                       
2021-03-10 |SA112        |2,112.00   |2,116.00 |2,118.00 |2,090.00 |2,116.00 |2,106.00  |4.00      |-6.00     |25        |493         |5        |105.31       |                       
2021-03-10 |SA201        |2,117.00   |2,114.00 |2,129.00 |2,092.00 |2,123.00 |2,112.00  |6.00      |-5.00     |8,544     |16,281      |1,441    |36,081.63    |                       
2021-03-10 |SA202        |2,114.00   |2,108.00 |2,122.00 |2,092.00 |2,122.00 |2,119.00  |8.00      |5.00      |788       |1,373       |756      |3,339.03     |                       
2021-03-11 |SA103        |1,780.00   |1,710.00 |1,710.00 |1,691.00 |1,691.00 |1,695.00  |-89.00    |-85.00    |652       |2,269       |0        |2,210.22     |1,693.00               
2021-03-11 |SA104        |1,921.00   |1,955.00 |1,964.00 |1,824.00 |1,873.00 |1,881.00  |-48.00    |-40.00    |4,986     |6,389       |-1,411   |18,761.31    |                       
2021-03-11 |SA105        |1,939.00   |1,975.00 |1,983.00 |1,842.00 |1,892.00 |1,894.00  |-47.00    |-45.00    |1,479,792 |343,179     |-48,486  |5,604,218.70 |                       
2021-03-11 |SA106        |1,992.00   |2,020.00 |2,035.00 |1,892.00 |1,948.00 |1,962.00  |-44.00    |-30.00    |11,147    |8,528       |-529     |43,731.94    |                       
2021-03-11 |SA107        |1,997.00   |2,025.00 |2,036.00 |1,898.00 |1,955.00 |1,966.00  |-42.00    |-31.00    |7,991     |5,366       |606      |31,413.92    |                       
2021-03-11 |SA108        |2,082.00   |2,111.00 |2,111.00 |1,981.00 |2,053.00 |2,032.00  |-29.00    |-50.00    |6,736     |1,050       |178      |27,369.50    |                       
2021-03-11 |SA109        |2,087.00   |2,110.00 |2,119.00 |1,982.00 |2,056.00 |2,043.00  |-31.00    |-44.00    |350,252   |152,175     |-14,229  |1,430,816.46 |                       
2021-03-11 |SA110        |2,096.00   |2,099.00 |2,099.00 |2,011.00 |2,058.00 |2,049.00  |-38.00    |-47.00    |123       |285         |-9       |504.08       |                       
2021-03-11 |SA111        |2,096.00   |2,095.00 |2,096.00 |1,997.00 |2,060.00 |2,055.00  |-36.00    |-41.00    |104       |1,966       |-8       |427.53       |                       
2021-03-11 |SA112        |2,106.00   |2,105.00 |2,105.00 |2,009.00 |2,061.00 |2,060.00  |-45.00    |-46.00    |29        |489         |-4       |119.50       |                       
2021-03-11 |SA201        |2,112.00   |2,118.00 |2,135.00 |2,009.00 |2,072.00 |2,059.00  |-40.00    |-53.00    |15,161    |13,151      |-3,130   |62,439.16    |                       
2021-03-11 |SA202        |2,119.00   |2,095.00 |2,100.00 |2,017.00 |2,058.00 |2,066.00  |-61.00    |-53.00    |37        |1,387       |14       |152.90       |                       
2021-03-12 |SA103        |1,695.00   |1,695.00 |1,729.00 |1,695.00 |1,700.00 |1,710.00  |5.00      |15.00     |109       |0           |-2,269   |372.71       |1,701.00               
2021-03-12 |SA104        |1,881.00   |1,863.00 |1,900.00 |1,850.00 |1,866.00 |1,873.00  |-15.00    |-8.00     |2,959     |5,108       |-1,281   |11,087.28    |                       
2021-03-12 |SA105        |1,894.00   |1,888.00 |1,918.00 |1,862.00 |1,879.00 |1,887.00  |-15.00    |-7.00     |959,480   |327,234     |-15,945  |3,621,397.68 |                       
2021-03-12 |SA106        |1,962.00   |1,945.00 |1,974.00 |1,914.00 |1,930.00 |1,939.00  |-32.00    |-23.00    |9,783     |9,371       |843      |37,929.35    |                       
2021-03-12 |SA107        |1,966.00   |1,952.00 |1,983.00 |1,923.00 |1,953.00 |1,948.00  |-13.00    |-18.00    |7,734     |6,374       |1,008    |30,126.31    |                       
2021-03-12 |SA108        |2,032.00   |2,068.00 |2,071.00 |2,018.00 |2,050.00 |2,042.00  |18.00     |10.00     |1,649     |1,155       |105      |6,734.97     |                       
2021-03-12 |SA109        |2,043.00   |2,039.00 |2,077.00 |2,023.00 |2,046.00 |2,049.00  |3.00      |6.00      |215,582   |153,859     |1,684    |883,416.96   |                       
2021-03-12 |SA110        |2,049.00   |2,054.00 |2,084.00 |2,048.00 |2,070.00 |2,061.00  |21.00     |12.00     |21        |290         |5        |86.57        |                       
2021-03-12 |SA111        |2,055.00   |2,059.00 |2,074.00 |2,045.00 |2,045.00 |2,059.00  |-10.00    |4.00      |36        |1,951       |-15      |148.24       |                       
2021-03-12 |SA112        |2,060.00   |2,071.00 |2,082.00 |2,055.00 |2,070.00 |2,070.00  |10.00     |10.00     |25        |494         |5        |103.51       |                       
2021-03-12 |SA201        |2,059.00   |2,068.00 |2,088.00 |2,058.00 |2,075.00 |2,073.00  |16.00     |14.00     |11,300    |13,141      |-10      |46,853.19    |                       
2021-03-12 |SA202        |2,066.00   |2,075.00 |2,075.00 |2,062.00 |2,066.00 |2,070.00  |0.00      |4.00      |10        |1,391       |4        |41.40        |                       
2021-03-15 |SA104        |1,873.00   |1,855.00 |1,935.00 |1,855.00 |1,933.00 |1,885.00  |60.00     |12.00     |1,711     |4,908       |-200     |6,449.38     |                       
2021-03-15 |SA105        |1,887.00   |1,880.00 |1,942.00 |1,864.00 |1,941.00 |1,896.00  |54.00     |9.00      |844,215   |347,615     |20,381   |3,200,889.40 |                       
2021-03-15 |SA106        |1,939.00   |1,929.00 |1,988.00 |1,912.00 |1,986.00 |1,940.00  |47.00     |1.00      |8,916     |9,328       |-43      |34,593.55    |                       
2021-03-15 |SA107        |1,948.00   |1,923.00 |1,998.00 |1,923.00 |1,997.00 |1,950.00  |49.00     |2.00      |9,854     |6,908       |534      |38,425.41    |                       
2021-03-15 |SA108        |2,042.00   |2,031.00 |2,094.00 |2,023.00 |2,092.00 |2,047.00  |50.00     |5.00      |1,834     |1,304       |149      |7,509.88     |                       
2021-03-15 |SA109        |2,049.00   |2,042.00 |2,100.00 |2,030.00 |2,099.00 |2,056.00  |50.00     |7.00      |214,037   |171,321     |17,462   |880,083.44   |                       
2021-03-15 |SA110        |2,061.00   |2,062.00 |2,102.00 |2,053.00 |2,102.00 |2,072.00  |41.00     |11.00     |15        |292         |2        |62.16        |                       
2021-03-15 |SA111        |2,059.00   |2,054.00 |2,096.00 |2,050.00 |2,096.00 |2,084.00  |37.00     |25.00     |148       |2,028       |77       |616.93       |                       
2021-03-15 |SA112        |2,070.00   |2,062.00 |2,103.00 |2,062.00 |2,102.00 |2,075.00  |32.00     |5.00      |28        |509         |15       |116.20       |                       
2021-03-15 |SA201        |2,073.00   |2,074.00 |2,108.00 |2,061.00 |2,105.00 |2,078.00  |32.00     |5.00      |8,101     |14,792      |1,651    |33,671.98    |                       
2021-03-15 |SA202        |2,070.00   |2,069.00 |2,098.00 |2,063.00 |2,091.00 |2,073.00  |21.00     |3.00      |64        |1,419       |28       |265.30       |                       
2021-03-15 |SA203        |2,070.00   |0.00     |0.00     |0.00     |0.00     |2,077.00  |7.00      |7.00      |0         |0           |0        |0.00         |                       
2021-03-16 |SA104        |1,885.00   |1,924.00 |1,953.00 |1,908.00 |1,916.00 |1,935.00  |31.00     |50.00     |1,086     |4,754       |-154     |4,202.21     |                       
2021-03-16 |SA105        |1,896.00   |1,939.00 |1,959.00 |1,911.00 |1,920.00 |1,938.00  |24.00     |42.00     |826,139   |313,262     |-34,353  |3,202,008.18 |                       
2021-03-16 |SA106        |1,940.00   |1,986.00 |2,003.00 |1,958.00 |1,966.00 |1,985.00  |26.00     |45.00     |10,250    |9,694       |366      |40,693.78    |                       
2021-03-16 |SA107        |1,950.00   |1,980.00 |2,013.00 |1,966.00 |1,974.00 |1,996.00  |24.00     |46.00     |10,517    |7,452       |544      |41,994.25    |                       
2021-03-16 |SA108        |2,047.00   |2,092.00 |2,107.00 |2,064.00 |2,073.00 |2,088.00  |26.00     |41.00     |1,613     |1,387       |83       |6,737.35     |                       
2021-03-16 |SA109        |2,056.00   |2,100.00 |2,112.00 |2,067.00 |2,078.00 |2,093.00  |22.00     |37.00     |215,869   |173,394     |2,073    |903,518.83   |                       
2021-03-16 |SA110        |2,072.00   |2,101.00 |2,129.00 |2,082.00 |2,095.00 |2,111.00  |23.00     |39.00     |126       |333         |41       |531.86       |                       
2021-03-16 |SA111        |2,084.00   |2,100.00 |2,112.00 |2,075.00 |2,088.00 |2,094.00  |4.00      |10.00     |422       |1,664       |-364     |1,767.70     |                       
2021-03-16 |SA112        |2,075.00   |2,095.00 |2,115.00 |2,095.00 |2,102.00 |2,099.00  |27.00     |24.00     |171       |441         |-68      |717.99       |                       
2021-03-16 |SA201        |2,078.00   |2,105.00 |2,119.00 |2,084.00 |2,096.00 |2,104.00  |18.00     |26.00     |7,951     |15,818      |1,026    |33,460.98    |                       
2021-03-16 |SA202        |2,073.00   |2,075.00 |2,110.00 |2,075.00 |2,083.00 |2,094.00  |10.00     |21.00     |23        |1,425       |6        |96.30        |                       
2021-03-16 |SA203        |2,077.00   |2,099.00 |2,099.00 |2,075.00 |2,075.00 |2,089.00  |-2.00     |12.00     |5         |4           |4        |20.89        |                       
2021-03-17 |SA104        |1,935.00   |1,923.00 |1,984.00 |1,904.00 |1,978.00 |1,938.00  |43.00     |3.00      |364       |4,636       |-118     |1,410.69     |                       
2021-03-17 |SA105        |1,938.00   |1,920.00 |1,999.00 |1,905.00 |1,997.00 |1,946.00  |59.00     |8.00      |889,991   |383,200     |69,938   |3,463,169.67 |                       
2021-03-17 |SA106        |1,985.00   |1,983.00 |2,039.00 |1,962.00 |2,038.00 |1,990.00  |53.00     |5.00      |10,862    |9,544       |-150     |43,225.11    |                       
2021-03-17 |SA107        |1,996.00   |1,992.00 |2,047.00 |1,971.00 |2,046.00 |1,998.00  |50.00     |2.00      |13,253    |7,564       |112      |52,964.91    |                       
2021-03-17 |SA108        |2,088.00   |2,070.00 |2,138.00 |2,065.00 |2,136.00 |2,100.00  |48.00     |12.00     |1,852     |1,484       |97       |7,779.88     |                       
2021-03-17 |SA109        |2,093.00   |2,070.00 |2,142.00 |2,068.00 |2,142.00 |2,100.00  |49.00     |7.00      |237,299   |192,178     |18,784   |996,503.76   |                       
2021-03-17 |SA110        |2,111.00   |2,096.00 |2,140.00 |2,096.00 |2,140.00 |2,111.00  |29.00     |0.00      |71        |335         |2        |299.75       |                       
2021-03-17 |SA111        |2,094.00   |2,089.00 |2,138.00 |2,083.00 |2,138.00 |2,111.00  |44.00     |17.00     |112       |1,732       |68       |472.87       |                       
2021-03-17 |SA112        |2,099.00   |2,096.00 |2,135.00 |2,090.00 |2,135.00 |2,107.00  |36.00     |8.00      |71        |413         |-28      |299.16       |                       
2021-03-17 |SA201        |2,104.00   |2,092.00 |2,145.00 |2,087.00 |2,145.00 |2,115.00  |41.00     |11.00     |7,957     |18,242      |2,424    |33,655.61    |                       
2021-03-17 |SA202        |2,094.00   |2,080.00 |2,125.00 |2,080.00 |2,125.00 |2,111.00  |31.00     |17.00     |18        |1,433       |8        |75.98        |                       
2021-03-17 |SA203        |2,089.00   |2,080.00 |2,109.00 |2,079.00 |2,109.00 |2,097.00  |20.00     |8.00      |16        |14          |10       |67.12        |                       
2021-03-18 |SA104        |1,938.00   |1,988.00 |2,003.00 |1,967.00 |1,988.00 |1,982.00  |50.00     |44.00     |392       |4,368       |-268     |1,553.79     |                       
2021-03-18 |SA105        |1,946.00   |2,000.00 |2,010.00 |1,968.00 |1,996.00 |1,989.00  |50.00     |43.00     |815,399   |368,473     |-14,727  |3,243,025.65 |                       
2021-03-18 |SA106        |1,990.00   |2,040.00 |2,052.00 |2,011.00 |2,039.00 |2,031.00  |49.00     |41.00     |10,458    |10,202      |658      |42,471.00    |                       
2021-03-18 |SA107        |1,998.00   |2,046.00 |2,061.00 |2,019.00 |2,050.00 |2,038.00  |52.00     |40.00     |16,983    |9,278       |1,714    |69,220.83    |                       
2021-03-18 |SA108        |2,100.00   |2,131.00 |2,150.00 |2,116.00 |2,144.00 |2,132.00  |44.00     |32.00     |1,331     |1,403       |-81      |5,675.18     |                       
2021-03-18 |SA109        |2,100.00   |2,136.00 |2,146.00 |2,112.00 |2,144.00 |2,130.00  |44.00     |30.00     |221,936   |198,406     |6,228    |945,665.13   |                       
2021-03-18 |SA110        |2,111.00   |2,210.00 |2,215.00 |2,126.00 |2,146.00 |2,144.00  |35.00     |33.00     |38        |350         |15       |162.95       |                       
2021-03-18 |SA111        |2,111.00   |2,137.00 |2,148.00 |2,125.00 |2,148.00 |2,126.00  |37.00     |15.00     |650       |1,115       |-617     |2,763.53     |                       
2021-03-18 |SA112        |2,107.00   |2,135.00 |2,143.00 |2,127.00 |2,136.00 |2,136.00  |29.00     |29.00     |24        |422         |9        |102.52       |                       
2021-03-18 |SA201        |2,115.00   |2,150.00 |2,150.00 |2,125.00 |2,148.00 |2,141.00  |33.00     |26.00     |6,344     |18,531      |289      |27,164.90    |                       
2021-03-18 |SA202        |2,111.00   |2,135.00 |2,135.00 |2,113.00 |2,118.00 |2,115.00  |7.00      |4.00      |405       |1,036       |-397     |1,713.20     |                       
2021-03-18 |SA203        |2,097.00   |2,129.00 |2,129.00 |2,129.00 |2,129.00 |2,129.00  |32.00     |32.00     |1         |13          |-1       |4.26         |                       
2021-03-19 |SA104        |1,982.00   |1,978.00 |1,981.00 |1,930.00 |1,930.00 |1,962.00  |-52.00    |-20.00    |126       |4,317       |-51      |494.31       |                       
2021-03-19 |SA105        |1,989.00   |1,996.00 |1,997.00 |1,933.00 |1,944.00 |1,971.00  |-45.00    |-18.00    |828,676   |327,782     |-40,691  |3,266,086.02 |                       
2021-03-19 |SA106        |2,031.00   |2,036.00 |2,036.00 |1,986.00 |1,999.00 |2,019.00  |-32.00    |-12.00    |9,332     |10,055      |-147     |37,688.58    |                       
2021-03-19 |SA107        |2,038.00   |2,046.00 |2,046.00 |1,996.00 |2,005.00 |2,029.00  |-33.00    |-9.00     |14,482    |9,173       |-105     |58,766.34    |                       
2021-03-19 |SA108        |2,132.00   |2,135.00 |2,140.00 |2,092.00 |2,102.00 |2,119.00  |-30.00    |-13.00    |1,631     |1,348       |-55      |6,912.89     |                       
2021-03-19 |SA109        |2,130.00   |2,139.00 |2,140.00 |2,085.00 |2,098.00 |2,117.00  |-32.00    |-13.00    |269,035   |189,107     |-9,299   |1,139,104.77 |                       
2021-03-19 |SA110        |2,144.00   |2,147.00 |2,147.00 |2,105.00 |2,114.00 |2,129.00  |-30.00    |-15.00    |128       |339         |-11      |544.92       |                       
2021-03-19 |SA111        |2,126.00   |2,131.00 |2,135.00 |2,093.00 |2,104.00 |2,124.00  |-22.00    |-2.00     |228       |956         |-159     |968.71       |                       
2021-03-19 |SA112        |2,136.00   |2,117.00 |2,122.00 |2,095.00 |2,097.00 |2,111.00  |-39.00    |-25.00    |25        |415         |-7       |105.56       |                       
2021-03-19 |SA201        |2,141.00   |2,142.00 |2,143.00 |2,096.00 |2,098.00 |2,117.00  |-43.00    |-24.00    |9,786     |16,584      |-1,947   |41,441.33    |                       
2021-03-19 |SA202        |2,115.00   |2,123.00 |2,123.00 |2,105.00 |2,108.00 |2,113.00  |-7.00     |-2.00     |74        |1,042       |6        |312.76       |                       
2021-03-19 |SA203        |2,129.00   |2,111.00 |2,120.00 |2,105.00 |2,105.00 |2,119.00  |-24.00    |-10.00    |677       |676         |663      |2,868.93     |                       
2021-03-22 |SA104        |1,962.00   |1,939.00 |1,992.00 |1,917.00 |1,917.00 |1,962.00  |-45.00    |0.00      |224       |4,276       |-41      |878.80       |                       
2021-03-22 |SA105        |1,971.00   |1,952.00 |2,002.00 |1,921.00 |1,924.00 |1,964.00  |-47.00    |-7.00     |914,102   |327,349     |-433     |3,590,688.48 |                       
2021-03-22 |SA106        |2,019.00   |2,004.00 |2,050.00 |1,986.00 |1,987.00 |2,017.00  |-32.00    |-2.00     |8,372     |10,450      |395      |33,774.38    |                       
2021-03-22 |SA107        |2,029.00   |2,012.00 |2,060.00 |1,995.00 |1,995.00 |2,025.00  |-34.00    |-4.00     |12,802    |9,317       |144      |51,843.67    |                       
2021-03-22 |SA108        |2,119.00   |2,101.00 |2,145.00 |2,091.00 |2,092.00 |2,112.00  |-27.00    |-7.00     |1,951     |1,259       |-89      |8,241.09     |                       
2021-03-22 |SA109        |2,117.00   |2,105.00 |2,145.00 |2,083.00 |2,086.00 |2,111.00  |-31.00    |-6.00     |282,257   |196,999     |7,892    |1,191,763.11 |                       
2021-03-22 |SA110        |2,129.00   |2,110.00 |2,144.00 |2,103.00 |2,106.00 |2,118.00  |-23.00    |-11.00    |47        |333         |-6       |199.07       |                       
2021-03-22 |SA111        |2,124.00   |2,112.00 |2,137.00 |2,096.00 |2,096.00 |2,111.00  |-28.00    |-13.00    |102       |977         |21       |430.69       |                       
2021-03-22 |SA112        |2,111.00   |2,108.00 |2,137.00 |2,105.00 |2,118.00 |2,120.00  |7.00      |9.00      |30        |409         |-6       |127.17       |                       
2021-03-22 |SA201        |2,117.00   |2,103.00 |2,136.00 |2,096.00 |2,102.00 |2,112.00  |-15.00    |-5.00     |7,833     |17,363      |779      |33,090.80    |                       
2021-03-22 |SA202        |2,113.00   |2,117.00 |2,124.00 |2,103.00 |2,114.00 |2,115.00  |1.00      |2.00      |10        |1,047       |5        |42.31        |                       
2021-03-22 |SA203        |2,119.00   |2,125.00 |2,125.00 |2,110.00 |2,110.00 |2,116.00  |-9.00     |-3.00     |4         |677         |1        |16.93        |                       
2021-03-23 |SA104        |1,962.00   |1,925.00 |1,931.00 |1,902.00 |1,924.00 |1,911.00  |-38.00    |-51.00    |100       |4,275       |-1       |382.13       |                       
2021-03-23 |SA105        |1,964.00   |1,924.00 |1,943.00 |1,906.00 |1,923.00 |1,923.00  |-41.00    |-41.00    |705,414   |305,694     |-21,655  |2,712,656.93 |                       
2021-03-23 |SA106        |2,017.00   |1,990.00 |2,006.00 |1,973.00 |1,987.00 |1,988.00  |-30.00    |-29.00    |9,558     |10,331      |-119     |38,010.30    |                       
2021-03-23 |SA107        |2,025.00   |1,998.00 |2,011.00 |1,977.00 |1,995.00 |1,995.00  |-30.00    |-30.00    |13,107    |8,807       |-510     |52,293.70    |                       
2021-03-23 |SA108        |2,112.00   |2,089.00 |2,100.00 |2,075.00 |2,086.00 |2,087.00  |-26.00    |-25.00    |1,306     |1,322       |63       |5,450.90     |                       
2021-03-23 |SA109        |2,111.00   |2,089.00 |2,105.00 |2,070.00 |2,086.00 |2,086.00  |-25.00    |-25.00    |221,533   |200,947     |3,948    |924,399.85   |                       
2021-03-23 |SA110        |2,118.00   |2,100.00 |2,120.00 |2,098.00 |2,109.00 |2,106.00  |-9.00     |-12.00    |46        |319         |-14      |193.75       |                       
2021-03-23 |SA111        |2,111.00   |2,092.00 |2,108.00 |2,088.00 |2,102.00 |2,099.00  |-9.00     |-12.00    |17        |976         |-1       |71.38        |                       
2021-03-23 |SA112        |2,120.00   |2,098.00 |2,110.00 |2,092.00 |2,110.00 |2,098.00  |-10.00    |-22.00    |16        |417         |8        |67.14        |                       
2021-03-23 |SA201        |2,112.00   |2,098.00 |2,121.00 |2,082.00 |2,106.00 |2,102.00  |-6.00     |-10.00    |5,903     |18,459      |1,096    |24,814.56    |                       
2021-03-23 |SA202        |2,115.00   |2,095.00 |2,119.00 |2,095.00 |2,118.00 |2,106.00  |3.00      |-9.00     |10        |1,050       |3        |42.11        |                       
2021-03-23 |SA203        |2,116.00   |2,110.00 |2,115.00 |2,080.00 |2,106.00 |2,100.00  |-10.00    |-16.00    |54        |706         |29       |226.76       |                       
2021-03-24 |SA104        |1,911.00   |1,912.00 |1,924.00 |1,878.00 |1,915.00 |1,887.00  |4.00      |-24.00    |439       |4,225       |-50      |1,656.91     |                       
2021-03-24 |SA105        |1,923.00   |1,909.00 |1,931.00 |1,869.00 |1,920.00 |1,896.00  |-3.00     |-27.00    |717,727   |284,785     |-20,909  |2,721,240.27 |                       
2021-03-24 |SA106        |1,988.00   |1,974.00 |1,997.00 |1,948.00 |1,990.00 |1,971.00  |2.00      |-17.00    |8,752     |10,628      |297      |34,493.22    |                       
2021-03-24 |SA107        |1,995.00   |1,977.00 |2,005.00 |1,957.00 |1,999.00 |1,976.00  |4.00      |-19.00    |8,225     |9,023       |216      |32,502.88    |                       
2021-03-24 |SA108        |2,087.00   |2,063.00 |2,100.00 |2,056.00 |2,095.00 |2,073.00  |8.00      |-14.00    |1,015     |1,320       |-2       |4,208.29     |                       
2021-03-24 |SA109        |2,086.00   |2,073.00 |2,101.00 |2,056.00 |2,095.00 |2,076.00  |9.00      |-10.00    |269,221   |209,659     |8,712    |1,117,647.29 |                       
2021-03-24 |SA110        |2,106.00   |2,100.00 |2,118.00 |2,075.00 |2,118.00 |2,094.00  |12.00     |-12.00    |67        |313         |-6       |280.62       |                       
2021-03-24 |SA111        |2,099.00   |2,092.00 |2,118.00 |2,080.00 |2,111.00 |2,098.00  |12.00     |-1.00     |29        |975         |-1       |121.68       |                       
2021-03-24 |SA112        |2,098.00   |2,092.00 |2,136.00 |2,089.00 |2,135.00 |2,113.00  |37.00     |15.00     |43        |431         |14       |181.73       |                       
2021-03-24 |SA201        |2,102.00   |2,096.00 |2,141.00 |2,076.00 |2,136.00 |2,112.00  |34.00     |10.00     |14,117    |22,301      |3,842    |59,634.89    |                       
2021-03-24 |SA202        |2,106.00   |2,100.00 |2,120.00 |2,096.00 |2,120.00 |2,109.00  |14.00     |3.00      |39        |1,056       |6        |164.47       |                       
2021-03-24 |SA203        |2,100.00   |2,100.00 |2,131.00 |2,099.00 |2,122.00 |2,113.00  |22.00     |13.00     |10        |710         |4        |42.26        |                       
2021-03-25 |SA104        |1,887.00   |1,919.00 |1,919.00 |1,877.00 |1,882.00 |1,888.00  |-5.00     |1.00      |154       |4,216       |-9       |581.35       |                       
2021-03-25 |SA105        |1,896.00   |1,918.00 |1,926.00 |1,878.00 |1,887.00 |1,898.00  |-9.00     |2.00      |492,124   |278,061     |-6,724   |1,867,718.21 |                       
2021-03-25 |SA106        |1,971.00   |1,989.00 |1,994.00 |1,956.00 |1,959.00 |1,972.00  |-12.00    |1.00      |9,139     |10,670      |42       |36,044.00    |                       
2021-03-25 |SA107        |1,976.00   |1,997.00 |2,001.00 |1,964.00 |1,970.00 |1,978.00  |-6.00     |2.00      |11,368    |9,452       |429      |44,960.52    |                       
2021-03-25 |SA108        |2,073.00   |2,094.00 |2,094.00 |2,060.00 |2,065.00 |2,073.00  |-8.00     |0.00      |1,368     |1,214       |-106     |5,670.39     |                       
2021-03-25 |SA109        |2,076.00   |2,096.00 |2,100.00 |2,060.00 |2,066.00 |2,076.00  |-10.00    |0.00      |182,091   |202,247     |-7,412   |756,037.02   |                       
2021-03-25 |SA110        |2,094.00   |2,122.00 |2,122.00 |2,085.00 |2,091.00 |2,096.00  |-3.00     |2.00      |47        |300         |-13      |196.98       |                       
2021-03-25 |SA111        |2,098.00   |2,117.00 |2,117.00 |2,092.00 |2,103.00 |2,103.00  |5.00      |5.00      |49        |985         |10       |206.13       |                       
2021-03-25 |SA112        |2,113.00   |2,131.00 |2,131.00 |2,121.00 |2,125.00 |2,126.00  |12.00     |13.00     |33        |432         |1        |140.34       |                       
2021-03-25 |SA201        |2,112.00   |2,136.00 |2,139.00 |2,123.00 |2,124.00 |2,130.00  |12.00     |18.00     |7,325     |22,857      |556      |31,209.90    |                       
2021-03-25 |SA202        |2,109.00   |2,122.00 |2,131.00 |2,122.00 |2,126.00 |2,126.00  |17.00     |17.00     |18        |1,069       |13       |76.53        |                       
2021-03-25 |SA203        |2,113.00   |2,129.00 |2,129.00 |2,115.00 |2,117.00 |2,120.00  |4.00      |7.00      |10        |715         |5        |42.41        |                       
2021-03-26 |SA104        |1,888.00   |1,865.00 |1,905.00 |1,862.00 |1,905.00 |1,875.00  |17.00     |-13.00    |165       |4,184       |-32      |618.69       |                       
2021-03-26 |SA105        |1,898.00   |1,874.00 |1,913.00 |1,854.00 |1,903.00 |1,879.00  |5.00      |-19.00    |731,001   |260,038     |-18,023  |2,747,401.79 |                       
2021-03-26 |SA106        |1,972.00   |1,951.00 |1,984.00 |1,932.00 |1,975.00 |1,952.00  |3.00      |-20.00    |8,850     |10,379      |-291     |34,552.13    |                       
2021-03-26 |SA107        |1,978.00   |1,950.00 |1,989.00 |1,938.00 |1,981.00 |1,960.00  |3.00      |-18.00    |10,832    |9,170       |-282     |42,461.21    |                       
2021-03-26 |SA108        |2,073.00   |2,046.00 |2,081.00 |2,032.00 |2,070.00 |2,056.00  |-3.00     |-17.00    |1,435     |1,219       |5        |5,899.80     |                       
2021-03-26 |SA109        |2,076.00   |2,050.00 |2,085.00 |2,032.00 |2,074.00 |2,054.00  |-2.00     |-22.00    |282,456   |183,654     |-18,593  |1,160,494.45 |                       
2021-03-26 |SA110        |2,096.00   |2,051.00 |2,112.00 |2,051.00 |2,097.00 |2,075.00  |1.00      |-21.00    |72        |283         |-17      |298.84       |                       
2021-03-26 |SA111        |2,103.00   |2,065.00 |2,108.00 |2,065.00 |2,106.00 |2,087.00  |3.00      |-16.00    |66        |987         |2        |275.46       |                       
2021-03-26 |SA112        |2,126.00   |2,085.00 |2,117.00 |2,085.00 |2,117.00 |2,109.00  |-9.00     |-17.00    |69        |424         |-8       |290.99       |                       
2021-03-26 |SA201        |2,130.00   |2,117.00 |2,132.00 |2,093.00 |2,129.00 |2,110.00  |-1.00     |-20.00    |12,055    |22,448      |-409     |50,863.04    |                       
2021-03-26 |SA202        |2,126.00   |2,108.00 |2,118.00 |2,100.00 |2,118.00 |2,111.00  |-8.00     |-15.00    |30        |1,062       |-7       |126.66       |                       
2021-03-26 |SA203        |2,120.00   |2,105.00 |2,120.00 |2,096.00 |2,108.00 |2,107.00  |-12.00    |-13.00    |12        |719         |4        |50.56        |                       
2021-03-29 |SA104        |1,875.00   |1,842.00 |1,929.00 |1,842.00 |1,865.00 |1,909.00  |-10.00    |34.00     |505       |4,197       |13       |1,928.16     |                       
2021-03-29 |SA105        |1,879.00   |1,910.00 |1,926.00 |1,851.00 |1,868.00 |1,889.00  |-11.00    |10.00     |839,041   |266,469     |6,431    |3,170,723.80 |                       
2021-03-29 |SA106        |1,952.00   |1,982.00 |2,004.00 |1,931.00 |1,946.00 |1,973.00  |-6.00     |21.00     |9,879     |10,719      |340      |38,987.64    |                       
2021-03-29 |SA107        |1,960.00   |1,986.00 |2,012.00 |1,940.00 |1,954.00 |1,982.00  |-6.00     |22.00     |15,894    |9,855       |685      |63,008.10    |                       
2021-03-29 |SA108        |2,056.00   |2,075.00 |2,103.00 |2,033.00 |2,043.00 |2,070.00  |-13.00    |14.00     |1,564     |1,379       |160      |6,475.44     |                       
2021-03-29 |SA109        |2,054.00   |2,077.00 |2,110.00 |2,035.00 |2,046.00 |2,071.00  |-8.00     |17.00     |309,180   |178,020     |-5,634   |1,280,522.93 |                       
2021-03-29 |SA110        |2,075.00   |2,103.00 |2,121.00 |2,069.00 |2,072.00 |2,093.00  |-3.00     |18.00     |49        |273         |-10      |205.10       |                       
2021-03-29 |SA111        |2,087.00   |2,105.00 |2,130.00 |2,073.00 |2,080.00 |2,103.00  |-7.00     |16.00     |93        |985         |-2       |391.15       |                       
2021-03-29 |SA112        |2,109.00   |2,126.00 |2,143.00 |2,106.00 |2,115.00 |2,121.00  |6.00      |12.00     |47        |413         |-11      |199.38       |                       
2021-03-29 |SA201        |2,110.00   |2,130.00 |2,149.00 |2,103.00 |2,112.00 |2,127.00  |2.00      |17.00     |13,098    |23,332      |884      |55,707.93    |                       
2021-03-29 |SA202        |2,111.00   |2,129.00 |2,130.00 |2,103.00 |2,113.00 |2,120.00  |2.00      |9.00      |13        |1,061       |-1       |55.12        |                       
2021-03-29 |SA203        |2,107.00   |2,115.00 |2,132.00 |2,103.00 |2,103.00 |2,119.00  |-4.00     |12.00     |26        |724         |5        |110.21       |                       
2021-03-30 |SA104        |1,909.00   |1,875.00 |1,888.00 |1,851.00 |1,887.00 |1,860.00  |-22.00    |-49.00    |679       |4,137       |-60      |2,525.74     |                       
2021-03-30 |SA105        |1,889.00   |1,869.00 |1,892.00 |1,846.00 |1,883.00 |1,869.00  |-6.00     |-20.00    |569,180   |214,530     |-51,939  |2,128,101.12 |                       
2021-03-30 |SA106        |1,973.00   |1,946.00 |1,962.00 |1,921.00 |1,950.00 |1,941.00  |-23.00    |-32.00    |5,923     |10,195      |-524     |22,990.58    |                       
2021-03-30 |SA107        |1,982.00   |1,953.00 |1,969.00 |1,928.00 |1,956.00 |1,948.00  |-26.00    |-34.00    |10,407    |10,006      |151      |40,550.13    |                       
2021-03-30 |SA108        |2,070.00   |2,054.00 |2,054.00 |2,020.00 |2,039.00 |2,034.00  |-31.00    |-36.00    |1,394     |1,431       |52       |5,672.00     |                       
2021-03-30 |SA109        |2,071.00   |2,051.00 |2,057.00 |2,015.00 |2,042.00 |2,039.00  |-29.00    |-32.00    |248,756   |176,220     |-1,800   |1,014,283.01 |                       
2021-03-30 |SA110        |2,093.00   |2,085.00 |2,087.00 |2,060.00 |2,076.00 |2,072.00  |-17.00    |-21.00    |20        |274         |1        |82.88        |                       
2021-03-30 |SA111        |2,103.00   |2,091.00 |2,091.00 |2,064.00 |2,091.00 |2,076.00  |-12.00    |-27.00    |17        |980         |-5       |70.59        |                       
2021-03-30 |SA112        |2,121.00   |2,101.00 |2,113.00 |2,098.00 |2,109.00 |2,108.00  |-12.00    |-13.00    |8         |416         |3        |33.72        |                       
2021-03-30 |SA201        |2,127.00   |2,118.00 |2,126.00 |2,095.00 |2,118.00 |2,111.00  |-9.00     |-16.00    |8,665     |25,010      |1,678    |36,591.17    |                       
2021-03-30 |SA202        |2,120.00   |2,103.00 |2,119.00 |2,100.00 |2,116.00 |2,113.00  |-4.00     |-7.00     |13        |1,062       |1        |54.94        |                       
2021-03-30 |SA203        |2,119.00   |2,095.00 |2,121.00 |2,095.00 |2,121.00 |2,105.00  |2.00      |-14.00    |13        |728         |4        |54.72        |                       
2021-03-31 |SA104        |1,860.00   |1,887.00 |1,908.00 |1,869.00 |1,900.00 |1,886.00  |40.00     |26.00     |1,517     |2,915       |-1,222   |5,721.84     |                       
2021-03-31 |SA105        |1,869.00   |1,878.00 |1,909.00 |1,865.00 |1,875.00 |1,886.00  |6.00      |17.00     |535,415   |231,260     |16,730   |2,019,248.95 |                       
2021-03-31 |SA106        |1,941.00   |1,947.00 |1,968.00 |1,933.00 |1,942.00 |1,949.00  |1.00      |8.00      |8,729     |10,236      |41       |34,022.02    |                       
2021-03-31 |SA107        |1,948.00   |1,951.00 |1,975.00 |1,940.00 |1,949.00 |1,954.00  |1.00      |6.00      |11,784    |10,357      |351      |46,049.64    |                       
2021-03-31 |SA108        |2,034.00   |2,043.00 |2,049.00 |2,020.00 |2,032.00 |2,036.00  |-2.00     |2.00      |2,335     |1,461       |30       |9,507.22     |                       
2021-03-31 |SA109        |2,039.00   |2,030.00 |2,049.00 |2,019.00 |2,025.00 |2,035.00  |-14.00    |-4.00     |203,350   |174,414     |-1,806   |827,591.91   |                       
2021-03-31 |SA110        |2,072.00   |2,075.00 |2,101.00 |2,063.00 |2,067.00 |2,077.00  |-5.00     |5.00      |128       |299         |25       |531.78       |                       
2021-03-31 |SA111        |2,076.00   |2,077.00 |2,096.00 |2,067.00 |2,074.00 |2,074.00  |-2.00     |-2.00     |67        |977         |-3       |277.88       |                       
2021-03-31 |SA112        |2,108.00   |2,116.00 |2,120.00 |2,104.00 |2,104.00 |2,112.00  |-4.00     |4.00      |36        |418         |2        |152.06       |                       
2021-03-31 |SA201        |2,111.00   |2,111.00 |2,123.00 |2,095.00 |2,105.00 |2,110.00  |-6.00     |-1.00     |7,688     |25,455      |445      |32,450.00    |                       
2021-03-31 |SA202        |2,113.00   |2,122.00 |2,122.00 |2,100.00 |2,106.00 |2,112.00  |-7.00     |-1.00     |54        |1,091       |29       |228.08       |                       
2021-03-31 |SA203        |2,105.00   |2,110.00 |2,116.00 |2,094.00 |2,096.00 |2,103.00  |-9.00     |-2.00     |16        |731         |3        |67.29        |                       
2021-04-01 |SA104        |1,886.00   |1,866.00 |1,915.00 |1,866.00 |1,915.00 |1,873.00  |29.00     |-13.00    |151       |2,824       |-91      |565.73       |1,901.00               
2021-04-01 |SA105        |1,886.00   |1,877.00 |1,926.00 |1,855.00 |1,904.00 |1,886.00  |18.00     |0.00      |504,680   |210,133     |-21,127  |1,903,678.52 |                       
2021-04-01 |SA106        |1,949.00   |1,940.00 |1,980.00 |1,928.00 |1,964.00 |1,949.00  |15.00     |0.00      |9,933     |9,719       |-517     |38,727.74    |                       
2021-04-01 |SA107        |1,954.00   |1,950.00 |1,985.00 |1,933.00 |1,969.00 |1,956.00  |15.00     |2.00      |14,249    |10,311      |-46      |55,735.99    |                       
2021-04-01 |SA108        |2,036.00   |2,026.00 |2,064.00 |2,014.00 |2,049.00 |2,037.00  |13.00     |1.00      |1,096     |1,318       |-143     |4,464.85     |                       
2021-04-01 |SA109        |2,035.00   |2,030.00 |2,068.00 |2,012.00 |2,052.00 |2,040.00  |17.00     |5.00      |196,935   |180,606     |6,192    |803,340.78   |                       
2021-04-01 |SA110        |2,077.00   |2,061.00 |2,100.00 |2,061.00 |2,095.00 |2,091.00  |18.00     |14.00     |40        |278         |-21      |167.25       |                       
2021-04-01 |SA111        |2,074.00   |2,077.00 |2,098.00 |2,071.00 |2,098.00 |2,091.00  |24.00     |17.00     |40        |956         |-21      |167.27       |                       
2021-04-01 |SA112        |2,112.00   |2,099.00 |2,130.00 |2,090.00 |2,109.00 |2,107.00  |-3.00     |-5.00     |19        |418         |0        |80.08        |                       
2021-04-01 |SA201        |2,110.00   |2,109.00 |2,135.00 |2,088.00 |2,109.00 |2,111.00  |-1.00     |1.00      |20,767    |30,522      |5,067    |87,687.00    |                       
2021-04-01 |SA202        |2,112.00   |2,110.00 |2,126.00 |2,100.00 |2,115.00 |2,111.00  |3.00      |-1.00     |558       |621         |-470     |2,355.90     |                       
2021-04-01 |SA203        |2,103.00   |2,091.00 |2,124.00 |2,080.00 |2,102.00 |2,100.00  |-1.00     |-3.00     |58        |764         |33       |243.60       |                       
2021-04-02 |SA104        |1,873.00   |1,950.00 |1,950.00 |1,913.00 |1,913.00 |1,936.00  |40.00     |63.00     |124       |2,806       |-18      |480.15       |1,899.00               
2021-04-02 |SA105        |1,886.00   |1,910.00 |1,955.00 |1,895.00 |1,913.00 |1,923.00  |27.00     |37.00     |540,750   |215,423     |5,290    |2,079,822.18 |                       
2021-04-02 |SA106        |1,949.00   |1,972.00 |2,008.00 |1,953.00 |1,974.00 |1,982.00  |25.00     |33.00     |6,924     |9,502       |-217     |27,444.29    |                       
2021-04-02 |SA107        |1,956.00   |1,979.00 |2,011.00 |1,958.00 |1,980.00 |1,985.00  |24.00     |29.00     |9,999     |10,221      |-90      |39,691.42    |                       
2021-04-02 |SA108        |2,037.00   |2,058.00 |2,088.00 |2,040.00 |2,054.00 |2,063.00  |17.00     |26.00     |2,007     |1,378       |60       |8,280.00     |                       
2021-04-02 |SA109        |2,040.00   |2,054.00 |2,090.00 |2,042.00 |2,062.00 |2,065.00  |22.00     |25.00     |218,014   |182,937     |2,331    |900,442.57   |                       
2021-04-02 |SA110        |2,091.00   |2,094.00 |2,113.00 |1,965.00 |2,087.00 |2,065.00  |-4.00     |-26.00    |109       |263         |-15      |450.08       |                       
2021-04-02 |SA111        |2,091.00   |2,098.00 |2,107.00 |1,975.00 |2,086.00 |2,065.00  |-5.00     |-26.00    |59        |972         |16       |243.62       |                       
2021-04-02 |SA112        |2,107.00   |2,117.00 |2,127.00 |2,082.00 |2,106.00 |2,116.00  |-1.00     |9.00      |20        |420         |2        |84.62        |                       
2021-04-02 |SA201        |2,111.00   |2,115.00 |2,131.00 |2,103.00 |2,116.00 |2,117.00  |5.00      |6.00      |12,388    |29,727      |-795     |52,458.39    |                       
2021-04-02 |SA202        |2,111.00   |2,126.00 |2,130.00 |2,101.00 |2,115.00 |2,110.00  |4.00      |-1.00     |178       |661         |40       |751.05       |                       
2021-04-02 |SA203        |2,100.00   |2,108.00 |2,116.00 |2,101.00 |2,101.00 |2,106.00  |1.00      |6.00      |15        |767         |3        |63.19        |                       
2021-04-06 |SA104        |1,936.00   |1,912.00 |1,925.00 |1,912.00 |1,914.00 |1,916.00  |-22.00    |-20.00    |79        |2,757       |-49      |302.79       |1,894.00               
2021-04-06 |SA105        |1,923.00   |1,919.00 |1,933.00 |1,876.00 |1,884.00 |1,901.00  |-39.00    |-22.00    |309,215   |194,351     |-21,072  |1,175,415.34 |                       
2021-04-06 |SA106        |1,982.00   |1,979.00 |1,989.00 |1,944.00 |1,948.00 |1,962.00  |-34.00    |-20.00    |4,390     |9,404       |-98      |17,222.29    |                       
2021-04-06 |SA107        |1,985.00   |1,985.00 |1,994.00 |1,948.00 |1,952.00 |1,966.00  |-33.00    |-19.00    |5,695     |10,173      |-48      |22,397.73    |                       
2021-04-06 |SA108        |2,063.00   |2,049.00 |2,072.00 |2,028.00 |2,035.00 |2,049.00  |-28.00    |-14.00    |746       |1,324       |-54      |3,056.53     |                       
2021-04-06 |SA109        |2,065.00   |2,072.00 |2,076.00 |2,030.00 |2,039.00 |2,048.00  |-26.00    |-17.00    |163,035   |196,140     |13,203   |667,732.19   |                       
2021-04-06 |SA110        |2,065.00   |2,064.00 |2,088.00 |2,061.00 |2,069.00 |2,068.00  |4.00      |3.00      |30        |254         |-9       |124.07       |                       
2021-04-06 |SA111        |2,065.00   |2,084.00 |2,106.00 |2,065.00 |2,074.00 |2,082.00  |9.00      |17.00     |21        |972         |0        |87.45        |                       
2021-04-06 |SA112        |2,116.00   |2,106.00 |2,123.00 |2,103.00 |2,105.00 |2,110.00  |-11.00    |-6.00     |9         |417         |-3       |37.97        |                       
2021-04-06 |SA201        |2,117.00   |2,117.00 |2,126.00 |2,095.00 |2,104.00 |2,107.00  |-13.00    |-10.00    |8,261     |29,172      |-555     |34,811.31    |                       
2021-04-06 |SA202        |2,110.00   |2,100.00 |2,126.00 |2,093.00 |2,103.00 |2,113.00  |-7.00     |3.00      |18        |655         |-6       |76.07        |                       
2021-04-06 |SA203        |2,106.00   |2,090.00 |2,114.00 |2,090.00 |2,100.00 |2,101.00  |-6.00     |-5.00     |11        |764         |-3       |46.23        |                       
2021-04-07 |SA104        |1,916.00   |0.00     |0.00     |0.00     |0.00     |1,882.00  |-34.00    |-34.00    |0         |2,757       |0        |0.00         |1,891.00               
2021-04-07 |SA105        |1,901.00   |1,885.00 |1,895.00 |1,835.00 |1,852.00 |1,869.00  |-49.00    |-32.00    |454,549   |203,117     |8,766    |1,699,094.06 |                       
2021-04-07 |SA106        |1,962.00   |1,953.00 |1,956.00 |1,902.00 |1,915.00 |1,929.00  |-47.00    |-33.00    |5,595     |9,401       |-3       |21,589.93    |                       
2021-04-07 |SA107        |1,966.00   |1,954.00 |1,958.00 |1,905.00 |1,918.00 |1,931.00  |-48.00    |-35.00    |6,357     |10,650      |477      |24,556.78    |                       
2021-04-07 |SA108        |2,049.00   |2,035.00 |2,036.00 |1,974.00 |1,986.00 |1,998.00  |-63.00    |-51.00    |1,904     |1,114       |-210     |7,608.18     |                       
2021-04-07 |SA109        |2,048.00   |2,040.00 |2,040.00 |1,969.00 |1,985.00 |2,004.00  |-63.00    |-44.00    |391,715   |233,773     |37,633   |1,570,221.17 |                       
2021-04-07 |SA110        |2,068.00   |2,074.00 |2,074.00 |2,016.00 |2,027.00 |2,032.00  |-41.00    |-36.00    |59        |281         |27       |239.72       |                       
2021-04-07 |SA111        |2,082.00   |2,047.00 |2,076.00 |2,025.00 |2,034.00 |2,046.00  |-48.00    |-36.00    |86        |933         |-39      |351.83       |                       
2021-04-07 |SA112        |2,110.00   |2,093.00 |2,093.00 |2,065.00 |2,068.00 |2,082.00  |-42.00    |-28.00    |114       |339         |-78      |474.81       |                       
2021-04-07 |SA201        |2,107.00   |2,099.00 |2,102.00 |2,057.00 |2,071.00 |2,082.00  |-36.00    |-25.00    |13,856    |28,857      |-315     |57,699.47    |                       
2021-04-07 |SA202        |2,113.00   |2,098.00 |2,105.00 |2,085.00 |2,097.00 |2,098.00  |-16.00    |-15.00    |266       |452         |-203     |1,115.91     |                       
2021-04-07 |SA203        |2,101.00   |2,095.00 |2,099.00 |2,081.00 |2,081.00 |2,089.00  |-20.00    |-12.00    |20        |761         |-3       |83.57        |                       
2021-04-08 |SA104        |1,882.00   |1,848.00 |1,848.00 |1,837.00 |1,839.00 |1,840.00  |-43.00    |-42.00    |527       |2,230       |-527     |1,981.35     |1,887.00               
2021-04-08 |SA105        |1,869.00   |1,848.00 |1,857.00 |1,818.00 |1,842.00 |1,840.00  |-27.00    |-29.00    |280,322   |162,985     |-40,132  |1,031,361.92 |                       
2021-04-08 |SA106        |1,929.00   |1,912.00 |1,917.00 |1,884.00 |1,904.00 |1,902.00  |-25.00    |-27.00    |4,705     |9,210       |-191     |17,896.54    |                       
2021-04-08 |SA107        |1,931.00   |1,918.00 |1,919.00 |1,884.00 |1,902.00 |1,903.00  |-29.00    |-28.00    |4,875     |10,642      |-8       |18,552.33    |                       
2021-04-08 |SA108        |1,998.00   |1,985.00 |1,987.00 |1,944.00 |1,968.00 |1,965.00  |-30.00    |-33.00    |2,266     |1,079       |-35      |8,905.33     |                       
2021-04-08 |SA109        |2,004.00   |1,986.00 |1,989.00 |1,942.00 |1,967.00 |1,967.00  |-37.00    |-37.00    |325,260   |243,553     |9,780    |1,279,865.14 |                       
2021-04-08 |SA110        |2,032.00   |2,019.00 |2,030.00 |2,000.00 |2,016.00 |2,016.00  |-16.00    |-16.00    |40        |291         |10       |161.31       |                       
2021-04-08 |SA111        |2,046.00   |2,028.00 |2,028.00 |2,004.00 |2,020.00 |2,019.00  |-26.00    |-27.00    |89        |877         |-56      |359.41       |                       
2021-04-08 |SA112        |2,082.00   |2,066.00 |2,066.00 |2,035.00 |2,045.00 |2,049.00  |-37.00    |-33.00    |52        |380         |41       |213.07       |                       
2021-04-08 |SA201        |2,082.00   |2,070.00 |2,074.00 |2,036.00 |2,050.00 |2,053.00  |-32.00    |-29.00    |9,039     |28,472      |-385     |37,106.58    |                       
2021-04-08 |SA202        |2,098.00   |2,086.00 |2,086.00 |2,054.00 |2,070.00 |2,069.00  |-28.00    |-29.00    |103       |490         |38       |426.20       |                       
2021-04-08 |SA203        |2,089.00   |2,068.00 |2,074.00 |2,048.00 |2,059.00 |2,058.00  |-30.00    |-31.00    |58        |797         |36       |238.71       |                       
2021-04-09 |SA104        |1,840.00   |0.00     |0.00     |0.00     |0.00     |1,832.00  |-8.00     |-8.00     |0         |2,230       |0        |0.00         |1,881.00               
2021-04-09 |SA105        |1,840.00   |1,842.00 |1,859.00 |1,815.00 |1,815.00 |1,843.00  |-25.00    |3.00      |174,489   |120,844     |-42,141  |643,114.61   |                       
2021-04-09 |SA106        |1,902.00   |1,911.00 |1,911.00 |1,860.00 |1,861.00 |1,888.00  |-41.00    |-14.00    |6,782     |7,913       |-1,297   |25,604.49    |                       
2021-04-09 |SA107        |1,903.00   |1,904.00 |1,908.00 |1,857.00 |1,861.00 |1,884.00  |-42.00    |-19.00    |9,905     |10,146      |-496     |37,313.95    |                       
2021-04-09 |SA108        |1,965.00   |1,969.00 |1,971.00 |1,910.00 |1,913.00 |1,934.00  |-52.00    |-31.00    |2,498     |1,167       |88       |9,663.34     |                       
2021-04-09 |SA109        |1,967.00   |1,967.00 |1,972.00 |1,909.00 |1,913.00 |1,937.00  |-54.00    |-30.00    |465,412   |275,217     |31,664   |1,802,653.44 |                       
2021-04-09 |SA110        |2,016.00   |2,010.00 |2,010.00 |1,943.00 |1,972.00 |1,970.00  |-44.00    |-46.00    |22        |288         |-3       |86.70        |                       
2021-04-09 |SA111        |2,019.00   |2,008.00 |2,008.00 |1,944.00 |1,970.00 |1,986.00  |-49.00    |-33.00    |137       |850         |-27      |544.12       |                       
2021-04-09 |SA112        |2,049.00   |2,033.00 |2,033.00 |2,004.00 |2,004.00 |2,026.00  |-45.00    |-23.00    |49        |419         |39       |198.55       |                       
2021-04-09 |SA201        |2,053.00   |2,049.00 |2,055.00 |2,001.00 |2,008.00 |2,021.00  |-45.00    |-32.00    |12,309    |28,683      |211      |49,764.95    |                       
2021-04-09 |SA202        |2,069.00   |2,058.00 |2,062.00 |2,022.00 |2,031.00 |2,045.00  |-38.00    |-24.00    |66        |465         |-25      |270.00       |                       
2021-04-09 |SA203        |2,058.00   |2,057.00 |2,057.00 |2,023.00 |2,032.00 |2,040.00  |-26.00    |-18.00    |38        |782         |-15      |155.01       |                       
2021-04-12 |SA104        |1,832.00   |1,722.00 |1,847.00 |1,722.00 |1,760.00 |1,744.00  |-72.00    |-88.00    |297       |2,138       |-92      |1,035.98     |1,868.00               
2021-04-12 |SA105        |1,843.00   |1,820.00 |1,822.00 |1,751.00 |1,794.00 |1,782.00  |-49.00    |-61.00    |173,518   |93,375      |-27,469  |618,449.54   |                       
2021-04-12 |SA106        |1,888.00   |1,861.00 |1,863.00 |1,803.00 |1,833.00 |1,826.00  |-55.00    |-62.00    |6,962     |7,359       |-554     |25,422.68    |                       
2021-04-12 |SA107        |1,884.00   |1,859.00 |1,861.00 |1,803.00 |1,830.00 |1,826.00  |-54.00    |-58.00    |14,028    |9,505       |-641     |51,234.17    |                       
2021-04-12 |SA108        |1,934.00   |1,908.00 |1,908.00 |1,856.00 |1,891.00 |1,884.00  |-43.00    |-50.00    |2,384     |1,131       |-36      |8,981.38     |                       
2021-04-12 |SA109        |1,937.00   |1,910.00 |1,916.00 |1,853.00 |1,891.00 |1,882.00  |-46.00    |-55.00    |788,942   |283,910     |8,693    |2,969,031.78 |                       
2021-04-12 |SA110        |1,970.00   |1,942.00 |1,952.00 |1,920.00 |1,939.00 |1,934.00  |-31.00    |-36.00    |75        |294         |6        |290.14       |                       
2021-04-12 |SA111        |1,986.00   |1,946.00 |1,959.00 |1,921.00 |1,951.00 |1,938.00  |-35.00    |-48.00    |57        |838         |-12      |220.88       |                       
2021-04-12 |SA112        |2,026.00   |1,989.00 |1,989.00 |1,954.00 |1,976.00 |1,971.00  |-50.00    |-55.00    |32        |409         |-10      |126.17       |                       
2021-04-12 |SA201        |2,021.00   |2,005.00 |2,008.00 |1,955.00 |1,980.00 |1,976.00  |-41.00    |-45.00    |17,434    |27,308      |-1,375   |68,890.40    |                       
2021-04-12 |SA202        |2,045.00   |2,015.00 |2,018.00 |1,980.00 |2,009.00 |1,998.00  |-36.00    |-47.00    |46        |447         |-18      |183.86       |                       
2021-04-12 |SA203        |2,040.00   |2,014.00 |2,014.00 |1,980.00 |1,998.00 |1,996.00  |-42.00    |-44.00    |30        |777         |-5       |119.76       |                       
2021-04-13 |SA104        |1,744.00   |1,790.00 |1,794.00 |1,776.00 |1,794.00 |1,787.00  |50.00     |43.00     |21        |2,133       |-5       |75.04        |1,856.00               
2021-04-13 |SA105        |1,782.00   |1,801.00 |1,812.00 |1,777.00 |1,784.00 |1,792.00  |2.00      |10.00     |76,173    |73,293      |-20,082  |273,005.72   |                       
2021-04-13 |SA106        |1,826.00   |1,841.00 |1,856.00 |1,815.00 |1,836.00 |1,836.00  |10.00     |10.00     |5,149     |7,421       |62       |18,903.80    |                       
2021-04-13 |SA107        |1,826.00   |1,836.00 |1,858.00 |1,813.00 |1,840.00 |1,834.00  |14.00     |8.00      |7,780     |9,412       |-93      |28,531.84    |                       
2021-04-13 |SA108        |1,884.00   |1,896.00 |1,926.00 |1,875.00 |1,910.00 |1,893.00  |26.00     |9.00      |1,634     |1,208       |77       |6,186.41     |                       
2021-04-13 |SA109        |1,882.00   |1,895.00 |1,926.00 |1,873.00 |1,907.00 |1,898.00  |25.00     |16.00     |538,376   |276,808     |-7,102   |2,043,787.03 |                       
2021-04-13 |SA110        |1,934.00   |1,942.00 |1,965.00 |1,930.00 |1,952.00 |1,944.00  |18.00     |10.00     |61        |279         |-15      |237.23       |                       
2021-04-13 |SA111        |1,938.00   |1,944.00 |1,965.00 |1,930.00 |1,955.00 |1,939.00  |17.00     |1.00      |41        |821         |-17      |159.01       |                       
2021-04-13 |SA112        |1,971.00   |1,974.00 |2,001.00 |1,963.00 |2,001.00 |1,976.00  |30.00     |5.00      |15        |401         |-8       |59.27        |                       
2021-04-13 |SA201        |1,976.00   |1,982.00 |2,004.00 |1,955.00 |1,992.00 |1,979.00  |16.00     |3.00      |10,008    |27,826      |518      |39,620.14    |                       
2021-04-13 |SA202        |1,998.00   |1,994.00 |2,021.00 |1,984.00 |2,009.00 |2,003.00  |11.00     |5.00      |13        |447         |0        |52.08        |                       
2021-04-13 |SA203        |1,996.00   |1,990.00 |2,013.00 |1,976.00 |2,000.00 |1,997.00  |4.00      |1.00      |31        |787         |10       |123.79       |                       
2021-04-14 |SA104        |1,787.00   |0.00     |0.00     |0.00     |0.00     |1,787.00  |0.00      |0.00      |0         |2,133       |0        |0.00         |1,848.00               
2021-04-14 |SA105        |1,792.00   |1,785.00 |1,804.00 |1,766.00 |1,783.00 |1,781.00  |-9.00     |-11.00    |60,222    |66,726      |-6,567   |214,510.97   |                       
2021-04-14 |SA106        |1,836.00   |1,841.00 |1,863.00 |1,817.00 |1,839.00 |1,838.00  |3.00      |2.00      |6,191     |7,745       |324      |22,758.98    |                       
2021-04-14 |SA107        |1,834.00   |1,846.00 |1,868.00 |1,821.00 |1,845.00 |1,844.00  |11.00     |10.00     |5,337     |9,566       |154      |19,677.75    |                       
2021-04-14 |SA108        |1,893.00   |1,915.00 |1,936.00 |1,887.00 |1,911.00 |1,908.00  |18.00     |15.00     |2,532     |1,367       |159      |9,663.84     |                       
2021-04-14 |SA109        |1,898.00   |1,908.00 |1,936.00 |1,882.00 |1,912.00 |1,906.00  |14.00     |8.00      |649,058   |297,720     |20,912   |2,474,148.90 |                       
2021-04-14 |SA110        |1,944.00   |1,974.00 |1,974.00 |1,922.00 |1,943.00 |1,940.00  |-1.00     |-4.00     |28        |277         |-2       |108.62       |                       
2021-04-14 |SA111        |1,939.00   |1,977.00 |1,977.00 |1,927.00 |1,958.00 |1,943.00  |19.00     |4.00      |14        |821         |0        |54.41        |                       
2021-04-14 |SA112        |1,976.00   |1,991.00 |2,011.00 |1,979.00 |1,979.00 |1,995.00  |3.00      |19.00     |6         |401         |0        |23.94        |                       
2021-04-14 |SA201        |1,979.00   |1,994.00 |2,020.00 |1,968.00 |1,996.00 |1,994.00  |17.00     |15.00     |9,860     |27,726      |-100     |39,329.60    |                       
2021-04-14 |SA202        |2,003.00   |2,001.00 |2,028.00 |1,992.00 |2,004.00 |2,007.00  |1.00      |4.00      |24        |445         |-2       |96.32        |                       
2021-04-14 |SA203        |1,997.00   |2,003.00 |2,027.00 |1,984.00 |1,999.00 |2,008.00  |2.00      |11.00     |65        |798         |11       |261.07       |                       
2021-04-15 |SA104        |1,787.00   |0.00     |0.00     |0.00     |0.00     |1,763.00  |-24.00    |-24.00    |0         |0           |-2,133   |0.00         |1,836.00               
2021-04-15 |SA105        |1,781.00   |1,786.00 |1,792.00 |1,741.00 |1,749.00 |1,769.00  |-32.00    |-12.00    |55,738    |59,909      |-6,817   |197,231.93   |                       
2021-04-15 |SA106        |1,838.00   |1,843.00 |1,847.00 |1,798.00 |1,799.00 |1,829.00  |-39.00    |-9.00     |6,346     |8,057       |312      |23,218.61    |                       
2021-04-15 |SA107        |1,844.00   |1,857.00 |1,857.00 |1,800.00 |1,804.00 |1,836.00  |-40.00    |-8.00     |7,428     |9,653       |87       |27,271.12    |                       
2021-04-15 |SA108        |1,908.00   |1,915.00 |1,920.00 |1,866.00 |1,870.00 |1,897.00  |-38.00    |-11.00    |2,941     |1,491       |124      |11,155.35    |                       
2021-04-15 |SA109        |1,906.00   |1,917.00 |1,924.00 |1,866.00 |1,873.00 |1,900.00  |-33.00    |-6.00     |721,073   |318,803     |21,083   |2,739,988.80 |                       
2021-04-15 |SA110        |1,940.00   |1,948.00 |1,960.00 |1,926.00 |1,926.00 |1,953.00  |-14.00    |13.00     |41        |298         |21       |160.15       |                       
2021-04-15 |SA111        |1,943.00   |1,957.00 |1,970.00 |1,931.00 |1,931.00 |1,958.00  |-12.00    |15.00     |124       |780         |-41      |485.63       |                       
2021-04-15 |SA112        |1,995.00   |1,993.00 |1,998.00 |1,958.00 |1,958.00 |1,973.00  |-37.00    |-22.00    |26        |381         |-20      |102.58       |                       
2021-04-15 |SA201        |1,994.00   |2,000.00 |2,006.00 |1,953.00 |1,961.00 |1,984.00  |-33.00    |-10.00    |10,514    |27,365      |-361     |41,721.94    |                       
2021-04-15 |SA202        |2,007.00   |2,007.00 |2,014.00 |1,981.00 |1,981.00 |2,006.00  |-26.00    |-1.00     |76        |399         |-46      |304.92       |                       
2021-04-15 |SA203        |2,008.00   |2,005.00 |2,005.00 |1,973.00 |1,979.00 |1,990.00  |-29.00    |-18.00    |84        |783         |-15      |334.30       |                       
2021-04-16 |SA105        |1,769.00   |1,749.00 |1,765.00 |1,729.00 |1,752.00 |1,752.00  |-17.00    |-17.00    |39,289    |50,185      |-9,724   |137,659.56   |                       
2021-04-16 |SA106        |1,829.00   |1,801.00 |1,830.00 |1,792.00 |1,823.00 |1,820.00  |-6.00     |-9.00     |6,362     |8,635       |578      |23,152.57    |                       
2021-04-16 |SA107        |1,836.00   |1,819.00 |1,836.00 |1,795.00 |1,830.00 |1,825.00  |-6.00     |-11.00    |5,130     |10,237      |584      |18,725.54    |                       
2021-04-16 |SA108        |1,897.00   |1,868.00 |1,910.00 |1,859.00 |1,901.00 |1,898.00  |4.00      |1.00      |3,114     |1,914       |423      |11,818.07    |                       
2021-04-16 |SA109        |1,900.00   |1,872.00 |1,916.00 |1,859.00 |1,904.00 |1,896.00  |4.00      |-4.00     |842,496   |330,577     |11,774   |3,194,387.87 |                       
2021-04-16 |SA110        |1,953.00   |1,916.00 |1,969.00 |1,906.00 |1,953.00 |1,942.00  |0.00      |-11.00    |37        |298         |0        |143.73       |                       
2021-04-16 |SA111        |1,958.00   |1,923.00 |1,961.00 |1,923.00 |1,958.00 |1,948.00  |0.00      |-10.00    |73        |761         |-19      |284.40       |                       
2021-04-16 |SA112        |1,973.00   |1,958.00 |1,991.00 |1,954.00 |1,979.00 |1,983.00  |6.00      |10.00     |46        |382         |1        |182.39       |                       
2021-04-16 |SA201        |1,984.00   |1,960.00 |1,999.00 |1,948.00 |1,986.00 |1,980.00  |2.00      |-4.00     |12,587    |27,677      |312      |49,839.23    |                       
2021-04-16 |SA202        |2,006.00   |1,985.00 |2,017.00 |1,983.00 |2,013.00 |2,011.00  |7.00      |5.00      |279       |565         |166      |1,122.39     |                       
2021-04-16 |SA203        |1,990.00   |1,982.00 |2,015.00 |1,982.00 |2,002.00 |2,006.00  |12.00     |16.00     |51        |782         |-1       |204.66       |                       
2021-04-16 |SA204        |1,990.00   |2,015.00 |2,015.00 |2,000.00 |2,014.00 |2,013.00  |24.00     |23.00     |11        |11          |11       |44.28        |                       
2021-04-19 |SA105        |1,752.00   |1,752.00 |1,814.00 |1,752.00 |1,806.00 |1,783.00  |54.00     |31.00     |46,406    |37,870      |-12,315  |165,441.22   |                       
2021-04-19 |SA106        |1,820.00   |1,823.00 |1,888.00 |1,817.00 |1,884.00 |1,854.00  |64.00     |34.00     |8,854     |9,549       |914      |32,826.29    |                       
2021-04-19 |SA107        |1,825.00   |1,830.00 |1,896.00 |1,823.00 |1,892.00 |1,864.00  |67.00     |39.00     |9,154     |11,389      |1,152    |34,130.72    |                       
2021-04-19 |SA108        |1,898.00   |1,899.00 |1,977.00 |1,894.00 |1,964.00 |1,929.00  |66.00     |31.00     |3,801     |2,216       |302      |14,662.27    |                       
2021-04-19 |SA109        |1,896.00   |1,904.00 |1,981.00 |1,896.00 |1,968.00 |1,940.00  |72.00     |44.00     |1,250,234 |356,635     |26,058   |4,851,083.97 |                       
2021-04-19 |SA110        |1,942.00   |1,954.00 |2,026.00 |1,951.00 |2,021.00 |1,994.00  |79.00     |52.00     |60        |289         |-9       |239.32       |                       
2021-04-19 |SA111        |1,948.00   |1,954.00 |2,022.00 |1,952.00 |2,021.00 |1,990.00  |73.00     |42.00     |46        |755         |-6       |183.08       |                       
2021-04-19 |SA112        |1,983.00   |1,988.00 |2,061.00 |1,984.00 |2,051.00 |2,054.00  |68.00     |71.00     |190       |207         |-175     |780.39       |                       
2021-04-19 |SA201        |1,980.00   |1,985.00 |2,066.00 |1,978.00 |2,050.00 |2,030.00  |70.00     |50.00     |15,979    |29,355      |1,678    |64,868.93    |                       
2021-04-19 |SA202        |2,011.00   |2,018.00 |2,067.00 |2,018.00 |2,058.00 |2,055.00  |47.00     |44.00     |106       |484         |-81      |435.64       |                       
2021-04-19 |SA203        |2,006.00   |2,011.00 |2,061.00 |2,010.00 |2,061.00 |2,044.00  |55.00     |38.00     |60        |792         |10       |245.23       |                       
2021-04-19 |SA204        |2,013.00   |2,024.00 |2,058.00 |1,990.00 |2,058.00 |2,035.00  |45.00     |22.00     |29        |35          |24       |118.03       |                       
2021-04-20 |SA105        |1,783.00   |1,801.00 |1,819.00 |1,791.00 |1,802.00 |1,806.00  |19.00     |23.00     |19,690    |32,616      |-5,254   |71,108.17    |                       
2021-04-20 |SA106        |1,854.00   |1,884.00 |1,894.00 |1,871.00 |1,880.00 |1,885.00  |26.00     |31.00     |5,689     |9,436       |-113     |21,446.28    |                       
2021-04-20 |SA107        |1,864.00   |1,885.00 |1,902.00 |1,878.00 |1,888.00 |1,891.00  |24.00     |27.00     |5,390     |11,532      |143      |20,379.64    |                       
2021-04-20 |SA108        |1,929.00   |1,962.00 |1,979.00 |1,953.00 |1,969.00 |1,968.00  |40.00     |39.00     |1,658     |2,297       |81       |6,524.40     |                       
2021-04-20 |SA109        |1,940.00   |1,968.00 |1,985.00 |1,956.00 |1,976.00 |1,972.00  |36.00     |32.00     |610,274   |348,289     |-8,346   |2,407,269.18 |                       
2021-04-20 |SA110        |1,994.00   |2,014.00 |2,033.00 |2,012.00 |2,020.00 |2,019.00  |26.00     |25.00     |13        |287         |-2       |52.49        |                       
2021-04-20 |SA111        |1,990.00   |2,024.00 |2,033.00 |2,020.00 |2,020.00 |2,025.00  |30.00     |35.00     |4         |753         |-2       |16.20        |                       
2021-04-20 |SA112        |2,054.00   |2,051.00 |2,068.00 |2,051.00 |2,054.00 |2,058.00  |0.00      |4.00      |13        |204         |-3       |53.51        |                       
2021-04-20 |SA201        |2,030.00   |2,050.00 |2,072.00 |2,043.00 |2,062.00 |2,060.00  |32.00     |30.00     |10,234    |30,439      |1,084    |42,164.08    |                       
2021-04-20 |SA202        |2,055.00   |2,054.00 |2,074.00 |2,054.00 |2,070.00 |2,066.00  |15.00     |11.00     |22        |487         |3        |90.90        |                       
2021-04-20 |SA203        |2,044.00   |2,058.00 |2,076.00 |2,058.00 |2,076.00 |2,070.00  |32.00     |26.00     |28        |793         |1        |115.93       |                       
2021-04-20 |SA204        |2,035.00   |2,074.00 |2,074.00 |2,066.00 |2,073.00 |2,071.00  |38.00     |36.00     |3         |36          |1        |12.43        |                       
2021-04-21 |SA105        |1,806.00   |1,804.00 |1,812.00 |1,767.00 |1,775.00 |1,786.00  |-31.00    |-20.00    |16,419    |28,534      |-4,082   |58,650.16    |                       
2021-04-21 |SA106        |1,885.00   |1,881.00 |1,884.00 |1,840.00 |1,843.00 |1,860.00  |-42.00    |-25.00    |6,009     |9,177       |-259     |22,349.94    |                       
2021-04-21 |SA107        |1,891.00   |1,888.00 |1,892.00 |1,847.00 |1,852.00 |1,869.00  |-39.00    |-22.00    |8,406     |11,483      |-49      |31,424.22    |                       
2021-04-21 |SA108        |1,968.00   |1,971.00 |1,971.00 |1,926.00 |1,932.00 |1,950.00  |-36.00    |-18.00    |2,636     |1,988       |-309     |10,280.95    |                       
2021-04-21 |SA109        |1,972.00   |1,976.00 |1,981.00 |1,929.00 |1,935.00 |1,952.00  |-37.00    |-20.00    |823,639   |342,816     |-5,473   |3,215,670.82 |                       
2021-04-21 |SA110        |2,019.00   |2,016.00 |2,022.00 |1,990.00 |1,998.00 |2,008.00  |-21.00    |-11.00    |8         |286         |-1       |32.13        |                       
2021-04-21 |SA111        |2,025.00   |2,018.00 |2,018.00 |2,003.00 |2,003.00 |2,014.00  |-22.00    |-11.00    |9         |753         |0        |36.26        |                       
2021-04-21 |SA112        |2,058.00   |2,033.00 |2,033.00 |2,021.00 |2,021.00 |2,026.00  |-37.00    |-32.00    |8         |205         |1        |32.42        |                       
2021-04-21 |SA201        |2,060.00   |2,063.00 |2,067.00 |2,022.00 |2,027.00 |2,043.00  |-33.00    |-17.00    |10,773    |30,555      |116      |44,025.05    |                       
2021-04-21 |SA202        |2,066.00   |2,064.00 |2,064.00 |2,042.00 |2,042.00 |2,059.00  |-24.00    |-7.00     |52        |519         |32       |214.15       |                       
2021-04-21 |SA203        |2,070.00   |2,065.00 |2,068.00 |2,040.00 |2,041.00 |2,059.00  |-29.00    |-11.00    |73        |826         |33       |300.58       |                       
2021-04-21 |SA204        |2,071.00   |0.00     |0.00     |0.00     |0.00     |2,051.00  |-20.00    |-20.00    |0         |36          |0        |0.00         |                       
2021-04-22 |SA105        |1,786.00   |1,775.00 |1,799.00 |1,751.00 |1,765.00 |1,775.00  |-21.00    |-11.00    |11,666    |26,828      |-1,706   |41,419.77    |                       
2021-04-22 |SA106        |1,860.00   |1,846.00 |1,872.00 |1,824.00 |1,842.00 |1,851.00  |-18.00    |-9.00     |5,750     |9,104       |-73      |21,283.30    |                       
2021-04-22 |SA107        |1,869.00   |1,855.00 |1,880.00 |1,831.00 |1,847.00 |1,853.00  |-22.00    |-16.00    |6,336     |11,564      |81       |23,485.00    |                       
2021-04-22 |SA108        |1,950.00   |1,930.00 |1,960.00 |1,906.00 |1,929.00 |1,937.00  |-21.00    |-13.00    |1,442     |1,954       |-34      |5,585.12     |                       
2021-04-22 |SA109        |1,952.00   |1,935.00 |1,967.00 |1,909.00 |1,933.00 |1,942.00  |-19.00    |-10.00    |861,244   |353,036     |10,220   |3,344,346.78 |                       
2021-04-22 |SA110        |2,008.00   |2,000.00 |2,018.00 |1,991.00 |1,991.00 |2,003.00  |-17.00    |-5.00     |51        |299         |13       |204.34       |                       
2021-04-22 |SA111        |2,014.00   |2,004.00 |2,017.00 |1,989.00 |1,989.00 |2,003.00  |-25.00    |-11.00    |17        |751         |-2       |68.09        |                       
2021-04-22 |SA112        |2,026.00   |2,037.00 |2,049.00 |2,021.00 |2,021.00 |2,037.00  |-5.00     |11.00     |14        |202         |-3       |57.04        |                       
2021-04-22 |SA201        |2,043.00   |2,026.00 |2,055.00 |2,005.00 |2,025.00 |2,031.00  |-18.00    |-12.00    |9,508     |30,596      |41       |38,616.42    |                       
2021-04-22 |SA202        |2,059.00   |2,063.00 |2,063.00 |2,023.00 |2,033.00 |2,041.00  |-26.00    |-18.00    |6         |516         |-3       |24.49        |                       
2021-04-22 |SA203        |2,059.00   |2,047.00 |2,061.00 |2,028.00 |2,040.00 |2,048.00  |-19.00    |-11.00    |7         |827         |1        |28.67        |                       
2021-04-22 |SA204        |2,051.00   |2,053.00 |2,053.00 |2,053.00 |2,053.00 |2,053.00  |2.00      |2.00      |1         |36          |0        |4.11         |                       
2021-04-23 |SA105        |1,775.00   |1,769.00 |1,775.00 |1,747.00 |1,751.00 |1,759.00  |-24.00    |-16.00    |11,742    |23,847      |-2,981   |41,307.22    |                       
2021-04-23 |SA106        |1,851.00   |1,845.00 |1,854.00 |1,827.00 |1,830.00 |1,841.00  |-21.00    |-10.00    |4,150     |8,901       |-203     |15,277.17    |                       
2021-04-23 |SA107        |1,853.00   |1,855.00 |1,861.00 |1,834.00 |1,838.00 |1,849.00  |-15.00    |-4.00     |7,892     |11,514      |-50      |29,181.71    |                       
2021-04-23 |SA108        |1,937.00   |1,929.00 |1,942.00 |1,914.00 |1,918.00 |1,929.00  |-19.00    |-8.00     |2,266     |2,002       |48       |8,740.46     |                       
2021-04-23 |SA109        |1,942.00   |1,936.00 |1,948.00 |1,916.00 |1,923.00 |1,930.00  |-19.00    |-12.00    |815,669   |358,292     |5,256    |3,148,865.12 |                       
2021-04-23 |SA110        |2,003.00   |2,000.00 |2,000.00 |1,977.00 |1,983.00 |1,987.00  |-20.00    |-16.00    |17        |296         |-3       |67.56        |                       
2021-04-23 |SA111        |2,003.00   |1,986.00 |1,989.00 |1,976.00 |1,976.00 |1,983.00  |-27.00    |-20.00    |6         |748         |-3       |23.80        |                       
2021-04-23 |SA112        |2,037.00   |2,027.00 |2,027.00 |2,010.00 |2,010.00 |2,015.00  |-27.00    |-22.00    |7         |197         |-5       |28.21        |                       
2021-04-23 |SA201        |2,031.00   |2,022.00 |2,038.00 |2,008.00 |2,011.00 |2,020.00  |-20.00    |-11.00    |11,884    |31,240      |644      |48,019.80    |                       
2021-04-23 |SA202        |2,041.00   |2,032.00 |2,047.00 |2,021.00 |2,026.00 |2,033.00  |-15.00    |-8.00     |32        |520         |4        |130.08       |                       
2021-04-23 |SA203        |2,048.00   |2,034.00 |2,045.00 |2,020.00 |2,020.00 |2,035.00  |-28.00    |-13.00    |559       |1,283       |456      |2,275.54     |                       
2021-04-23 |SA204        |2,053.00   |2,026.00 |2,049.00 |2,026.00 |2,036.00 |2,034.00  |-17.00    |-19.00    |10        |38          |2        |40.68        |                       
2021-04-26 |SA105        |1,759.00   |1,753.00 |1,772.00 |1,746.00 |1,761.00 |1,757.00  |2.00      |-2.00     |9,319     |19,875      |-3,972   |32,746.85    |                       
2021-04-26 |SA106        |1,841.00   |1,829.00 |1,864.00 |1,820.00 |1,854.00 |1,840.00  |13.00     |-1.00     |8,210     |9,022       |121      |30,214.35    |                       
2021-04-26 |SA107        |1,849.00   |1,836.00 |1,872.00 |1,828.00 |1,861.00 |1,848.00  |12.00     |-1.00     |11,409    |11,849      |335      |42,156.77    |                       
2021-04-26 |SA108        |1,929.00   |1,916.00 |1,952.00 |1,908.00 |1,942.00 |1,928.00  |13.00     |-1.00     |3,549     |2,037       |35       |13,682.24    |                       
2021-04-26 |SA109        |1,930.00   |1,919.00 |1,958.00 |1,910.00 |1,947.00 |1,930.00  |17.00     |0.00      |929,358   |347,925     |-10,367  |3,587,742.76 |                       
2021-04-26 |SA110        |1,987.00   |1,971.00 |1,996.00 |1,971.00 |1,996.00 |1,990.00  |9.00      |3.00      |33        |286         |-10      |131.33       |                       
2021-04-26 |SA111        |1,983.00   |1,975.00 |2,001.00 |1,971.00 |2,001.00 |1,987.00  |18.00     |4.00      |13        |743         |-5       |51.67        |                       
2021-04-26 |SA112        |2,015.00   |1,998.00 |2,029.00 |1,996.00 |2,029.00 |2,011.00  |14.00     |-4.00     |10        |196         |-1       |40.21        |                       
2021-04-26 |SA201        |2,020.00   |2,010.00 |2,042.00 |1,997.00 |2,032.00 |2,016.00  |12.00     |-4.00     |23,129    |32,074      |834      |93,267.11    |                       
2021-04-26 |SA202        |2,033.00   |2,024.00 |2,041.00 |2,013.00 |2,034.00 |2,030.00  |1.00      |-3.00     |53        |518         |-2       |215.18       |                       
2021-04-26 |SA203        |2,035.00   |1,993.00 |2,040.00 |1,993.00 |2,040.00 |2,027.00  |5.00      |-8.00     |456       |1,176       |-107     |1,848.26     |                       
2021-04-26 |SA204        |2,034.00   |2,022.00 |2,043.00 |2,022.00 |2,043.00 |2,033.00  |9.00      |-1.00     |4         |40          |2        |16.27        |                       
2021-04-27 |SA105        |1,757.00   |1,756.00 |1,794.00 |1,755.00 |1,790.00 |1,776.00  |33.00     |19.00     |6,865     |16,599      |-3,276   |24,389.21    |                       
2021-04-27 |SA106        |1,840.00   |1,854.00 |1,896.00 |1,842.00 |1,894.00 |1,873.00  |54.00     |33.00     |8,046     |8,879       |-143     |30,146.98    |                       
2021-04-27 |SA107        |1,848.00   |1,861.00 |1,904.00 |1,850.00 |1,903.00 |1,882.00  |55.00     |34.00     |10,809    |12,813      |964      |40,691.41    |                       
2021-04-27 |SA108        |1,928.00   |1,938.00 |1,997.00 |1,931.00 |1,994.00 |1,973.00  |66.00     |45.00     |4,953     |2,385       |348      |19,547.89    |                       
2021-04-27 |SA109        |1,930.00   |1,945.00 |2,004.00 |1,932.00 |2,001.00 |1,967.00  |71.00     |37.00     |827,278   |367,472     |19,547   |3,254,303.73 |                       
2021-04-27 |SA110        |1,990.00   |1,988.00 |2,048.00 |1,988.00 |2,047.00 |2,028.00  |57.00     |38.00     |14        |289         |3        |56.77        |                       
2021-04-27 |SA111        |1,987.00   |2,004.00 |2,054.00 |2,004.00 |2,054.00 |2,034.00  |67.00     |47.00     |11        |747         |4        |44.75        |                       
2021-04-27 |SA112        |2,011.00   |2,053.00 |2,089.00 |2,053.00 |2,089.00 |2,075.00  |78.00     |64.00     |14        |202         |6        |58.09        |                       
2021-04-27 |SA201        |2,016.00   |2,030.00 |2,096.00 |2,018.00 |2,091.00 |2,056.00  |75.00     |40.00     |18,533    |32,898      |824      |76,211.32    |                       
2021-04-27 |SA202        |2,030.00   |2,040.00 |2,095.00 |2,040.00 |2,093.00 |2,071.00  |63.00     |41.00     |64        |488         |-30      |265.06       |                       
2021-04-27 |SA203        |2,027.00   |2,025.00 |2,088.00 |2,025.00 |2,086.00 |2,066.00  |59.00     |39.00     |92        |1,204       |28       |380.07       |                       
2021-04-27 |SA204        |2,033.00   |2,068.00 |2,080.00 |2,064.00 |2,080.00 |2,071.00  |47.00     |38.00     |7         |45          |5        |29.00        |                       
2021-04-28 |SA105        |1,776.00   |1,785.00 |1,797.00 |1,676.00 |1,779.00 |1,779.00  |3.00      |3.00      |5,104     |14,163      |-2,436   |18,162.42    |                       
2021-04-28 |SA106        |1,873.00   |1,893.00 |1,904.00 |1,878.00 |1,886.00 |1,891.00  |13.00     |18.00     |5,527     |8,389       |-490     |20,897.87    |                       
2021-04-28 |SA107        |1,882.00   |1,920.00 |1,920.00 |1,886.00 |1,894.00 |1,898.00  |12.00     |16.00     |10,110    |13,105      |292      |38,377.82    |                       
2021-04-28 |SA108        |1,973.00   |1,994.00 |2,011.00 |1,982.00 |2,000.00 |1,995.00  |27.00     |22.00     |3,621     |3,059       |674      |14,449.33    |                       
2021-04-28 |SA109        |1,967.00   |2,001.00 |2,012.00 |1,987.00 |2,005.00 |2,001.00  |38.00     |34.00     |752,969   |362,415     |-5,057   |3,012,908.71 |                       
2021-04-28 |SA110        |2,028.00   |2,054.00 |2,062.00 |2,043.00 |2,062.00 |2,054.00  |34.00     |26.00     |228       |97          |-192     |936.73       |                       
2021-04-28 |SA111        |2,034.00   |2,065.00 |2,072.00 |2,051.00 |2,069.00 |2,062.00  |35.00     |28.00     |21        |757         |10       |86.60        |                       
2021-04-28 |SA112        |2,075.00   |2,099.00 |2,111.00 |2,093.00 |2,108.00 |2,102.00  |33.00     |27.00     |9         |206         |4        |37.84        |                       
2021-04-28 |SA201        |2,056.00   |2,092.00 |2,118.00 |2,079.00 |2,113.00 |2,099.00  |57.00     |43.00     |20,252    |34,231      |1,333    |85,021.05    |                       
2021-04-28 |SA202        |2,071.00   |2,096.00 |2,117.00 |2,086.00 |2,117.00 |2,108.00  |46.00     |37.00     |22        |496         |8        |92.73        |                       
2021-04-28 |SA203        |2,066.00   |2,072.00 |2,109.00 |2,072.00 |2,104.00 |2,096.00  |38.00     |30.00     |94        |1,248       |44       |393.97       |                       
2021-04-28 |SA204        |2,071.00   |2,115.00 |2,117.00 |2,102.00 |2,113.00 |2,111.00  |42.00     |40.00     |6         |45          |0        |25.33        |                       
2021-04-29 |SA105        |1,779.00   |1,774.00 |1,818.00 |1,774.00 |1,801.00 |1,800.00  |22.00     |21.00     |7,220     |8,951       |-5,212   |25,993.74    |                       
2021-04-29 |SA106        |1,891.00   |1,895.00 |1,937.00 |1,890.00 |1,932.00 |1,926.00  |41.00     |35.00     |7,897     |8,223       |-166     |30,411.36    |                       
2021-04-29 |SA107        |1,898.00   |1,896.00 |1,946.00 |1,896.00 |1,941.00 |1,934.00  |43.00     |36.00     |11,396    |13,000      |-105     |44,072.38    |                       
2021-04-29 |SA108        |1,995.00   |2,000.00 |2,049.00 |2,000.00 |2,041.00 |2,038.00  |46.00     |43.00     |5,090     |3,859       |800      |20,743.96    |                       
2021-04-29 |SA109        |2,001.00   |2,005.00 |2,058.00 |2,005.00 |2,045.00 |2,043.00  |44.00     |42.00     |899,044   |350,018     |-12,397  |3,672,678.21 |                       
2021-04-29 |SA110        |2,054.00   |2,084.00 |2,123.00 |2,050.00 |2,110.00 |2,108.00  |56.00     |54.00     |57        |130         |33       |240.27       |                       
2021-04-29 |SA111        |2,062.00   |2,092.00 |2,129.00 |2,055.00 |2,127.00 |2,119.00  |65.00     |57.00     |138       |713         |-44      |584.94       |                       
2021-04-29 |SA112        |2,102.00   |2,137.00 |2,158.00 |2,137.00 |2,146.00 |2,150.00  |44.00     |48.00     |16        |205         |-1       |68.79        |                       
2021-04-29 |SA201        |2,099.00   |2,116.00 |2,179.00 |2,115.00 |2,162.00 |2,154.00  |63.00     |55.00     |29,203    |35,317      |1,086    |125,811.42   |                       
2021-04-29 |SA202        |2,108.00   |2,149.00 |2,181.00 |2,131.00 |2,165.00 |2,162.00  |57.00     |54.00     |249       |295         |-201     |1,076.84     |                       
2021-04-29 |SA203        |2,096.00   |2,111.00 |2,166.00 |2,111.00 |2,152.00 |2,155.00  |56.00     |59.00     |133       |1,183       |-65      |573.16       |                       
2021-04-29 |SA204        |2,111.00   |2,122.00 |2,163.00 |2,122.00 |2,163.00 |2,148.00  |52.00     |37.00     |7         |48          |3        |30.07        |                       
2021-04-30 |SA105        |1,800.00   |1,804.00 |1,830.00 |1,797.00 |1,819.00 |1,812.00  |19.00     |12.00     |5,974     |5,066       |-3,885   |21,649.59    |                       
2021-04-30 |SA106        |1,926.00   |1,935.00 |1,950.00 |1,912.00 |1,942.00 |1,929.00  |16.00     |3.00      |8,725     |7,830       |-393     |33,657.67    |                       
2021-04-30 |SA107        |1,934.00   |1,946.00 |1,959.00 |1,919.00 |1,955.00 |1,937.00  |21.00     |3.00      |11,453    |13,678      |678      |44,371.77    |                       
2021-04-30 |SA108        |2,038.00   |2,047.00 |2,077.00 |2,020.00 |2,076.00 |2,045.00  |38.00     |7.00      |4,162     |4,827       |968      |17,024.90    |                       
2021-04-30 |SA109        |2,043.00   |2,053.00 |2,088.00 |2,025.00 |2,087.00 |2,053.00  |44.00     |10.00     |693,832   |333,104     |-16,914  |2,848,517.98 |                       
2021-04-30 |SA110        |2,108.00   |2,104.00 |2,161.00 |2,104.00 |2,161.00 |2,144.00  |53.00     |36.00     |75        |182         |52       |321.57       |                       
2021-04-30 |SA111        |2,119.00   |2,113.00 |2,168.00 |2,113.00 |2,167.00 |2,159.00  |48.00     |40.00     |123       |703         |-10      |531.17       |                       
2021-04-30 |SA112        |2,150.00   |2,158.00 |2,211.00 |2,155.00 |2,211.00 |2,169.00  |61.00     |19.00     |64        |239         |34       |277.68       |                       
2021-04-30 |SA201        |2,154.00   |2,166.00 |2,218.00 |2,146.00 |2,217.00 |2,184.00  |63.00     |30.00     |32,403    |39,643      |4,326    |141,555.88   |                       
2021-04-30 |SA202        |2,162.00   |2,177.00 |2,239.00 |2,150.00 |2,239.00 |2,190.00  |77.00     |28.00     |97        |304         |9        |424.86       |                       
2021-04-30 |SA203        |2,155.00   |2,138.00 |2,233.00 |2,138.00 |2,233.00 |2,204.00  |78.00     |49.00     |427       |971         |-212     |1,881.97     |                       
2021-04-30 |SA204        |2,148.00   |2,180.00 |2,241.00 |2,151.00 |2,241.00 |2,198.00  |93.00     |50.00     |27        |59          |11       |118.67       |                       
2021-05-06 |SA105        |1,812.00   |1,819.00 |1,933.00 |1,819.00 |1,929.00 |1,889.00  |117.00    |77.00     |248       |4,899       |-167     |937.18       |1,794.00               
2021-05-06 |SA106        |1,929.00   |1,952.00 |2,060.00 |1,950.00 |2,052.00 |1,999.00  |123.00    |70.00     |2,600     |7,068       |-762     |10,396.99    |                       
2021-05-06 |SA107        |1,937.00   |1,961.00 |2,077.00 |1,959.00 |2,077.00 |2,010.00  |140.00    |73.00     |8,554     |14,675      |997      |34,391.58    |                       
2021-05-06 |SA108        |2,045.00   |2,075.00 |2,198.00 |2,075.00 |2,198.00 |2,131.00  |153.00    |86.00     |8,128     |8,229       |3,402    |34,641.52    |                       
2021-05-06 |SA109        |2,053.00   |2,095.00 |2,200.00 |2,087.00 |2,190.00 |2,142.00  |137.00    |89.00     |582,326   |346,380     |13,276   |2,494,988.79 |                       
2021-05-06 |SA110        |2,144.00   |2,201.00 |2,271.00 |2,184.00 |2,270.00 |2,217.00  |126.00    |73.00     |1,661     |369         |187      |7,363.41     |                       
2021-05-06 |SA111        |2,159.00   |2,191.00 |2,270.00 |2,191.00 |2,270.00 |2,218.00  |111.00    |59.00     |126       |627         |-76      |558.97       |                       
2021-05-06 |SA112        |2,169.00   |2,233.00 |2,302.00 |2,230.00 |2,302.00 |2,252.00  |133.00    |83.00     |26        |242         |3        |117.09       |                       
2021-05-06 |SA201        |2,184.00   |2,224.00 |2,313.00 |2,219.00 |2,305.00 |2,260.00  |121.00    |76.00     |30,520    |42,941      |3,298    |137,940.06   |                       
2021-05-06 |SA202        |2,190.00   |2,287.00 |2,325.00 |2,251.00 |2,325.00 |2,283.00  |135.00    |93.00     |54        |297         |-7       |246.53       |                       
2021-05-06 |SA203        |2,204.00   |2,250.00 |2,312.00 |2,250.00 |2,312.00 |2,272.00  |108.00    |68.00     |51        |949         |-22      |231.78       |                       
2021-05-06 |SA204        |2,198.00   |2,264.00 |2,336.00 |2,250.00 |2,335.00 |2,291.00  |137.00    |93.00     |18        |53          |-6       |82.48        |                       
2021-05-07 |SA105        |1,889.00   |1,927.00 |1,931.00 |1,893.00 |1,893.00 |1,916.00  |4.00      |27.00     |77        |4,866       |-33      |295.06       |1,805.00               
2021-05-07 |SA106        |1,999.00   |2,052.00 |2,052.00 |2,007.00 |2,024.00 |2,042.00  |25.00     |43.00     |3,120     |6,378       |-690     |12,743.35    |                       
2021-05-07 |SA107        |2,010.00   |2,060.00 |2,076.00 |2,017.00 |2,033.00 |2,043.00  |23.00     |33.00     |9,371     |15,288      |613      |38,295.64    |                       
2021-05-07 |SA108        |2,131.00   |2,164.00 |2,194.00 |2,137.00 |2,156.00 |2,168.00  |25.00     |37.00     |5,516     |10,054      |1,825    |23,922.74    |                       
2021-05-07 |SA109        |2,142.00   |2,190.00 |2,192.00 |2,143.00 |2,162.00 |2,172.00  |20.00     |30.00     |816,658   |338,393     |-7,987   |3,546,786.57 |                       
2021-05-07 |SA110        |2,217.00   |2,254.00 |2,255.00 |2,201.00 |2,218.00 |2,227.00  |1.00      |10.00     |3,711     |595         |226      |16,527.58    |                       
2021-05-07 |SA111        |2,218.00   |2,256.00 |2,257.00 |2,209.00 |2,222.00 |2,225.00  |4.00      |7.00      |230       |741         |114      |1,023.65     |                       
2021-05-07 |SA112        |2,252.00   |2,292.00 |2,296.00 |2,253.00 |2,263.00 |2,279.00  |11.00     |27.00     |164       |341         |99       |747.57       |                       
2021-05-07 |SA201        |2,260.00   |2,300.00 |2,308.00 |2,257.00 |2,271.00 |2,289.00  |11.00     |29.00     |35,323    |47,067      |4,126    |161,686.56   |                       
2021-05-07 |SA202        |2,283.00   |2,306.00 |2,318.00 |2,280.00 |2,285.00 |2,304.00  |2.00      |21.00     |317       |542         |245      |1,460.96     |                       
2021-05-07 |SA203        |2,272.00   |2,303.00 |2,307.00 |2,272.00 |2,277.00 |2,300.00  |5.00      |28.00     |238       |1,114       |165      |1,094.78     |                       
2021-05-07 |SA204        |2,291.00   |2,310.00 |2,316.00 |2,272.00 |2,288.00 |2,300.00  |-3.00     |9.00      |43        |75          |22       |197.79       |                       
2021-05-10 |SA105        |1,916.00   |1,824.00 |1,933.00 |1,824.00 |1,910.00 |1,852.00  |-6.00     |-64.00    |119       |4,883       |17       |440.75       |1,812.00               
2021-05-10 |SA106        |2,042.00   |2,020.00 |2,089.00 |1,944.00 |2,011.00 |2,022.00  |-31.00    |-20.00    |3,278     |6,932       |554      |13,253.62    |                       
2021-05-10 |SA107        |2,043.00   |2,026.00 |2,097.00 |1,951.00 |2,023.00 |2,027.00  |-20.00    |-16.00    |19,128    |15,527      |239      |77,536.41    |                       
2021-05-10 |SA108        |2,168.00   |2,153.00 |2,217.00 |2,072.00 |2,165.00 |2,151.00  |-3.00     |-17.00    |17,439    |13,108      |3,054    |75,028.14    |                       
2021-05-10 |SA109        |2,172.00   |2,159.00 |2,227.00 |2,077.00 |2,172.00 |2,152.00  |0.00      |-20.00    |1,840,154 |339,472     |1,079    |7,918,556.94 |                       
2021-05-10 |SA110        |2,227.00   |2,204.00 |2,273.00 |2,142.00 |2,242.00 |2,221.00  |15.00     |-6.00     |1,014     |618         |23       |4,504.46     |                       
2021-05-10 |SA111        |2,225.00   |2,175.00 |2,291.00 |2,148.00 |2,248.00 |2,252.00  |23.00     |27.00     |380       |826         |85       |1,711.70     |                       
2021-05-10 |SA112        |2,279.00   |2,244.00 |2,306.00 |2,180.00 |2,300.00 |2,241.00  |21.00     |-38.00    |50        |335         |-6       |224.14       |                       
2021-05-10 |SA201        |2,289.00   |2,267.00 |2,343.00 |2,182.00 |2,287.00 |2,255.00  |-2.00     |-34.00    |72,285    |46,310      |-757     |326,019.86   |                       
2021-05-10 |SA202        |2,304.00   |2,263.00 |2,357.00 |2,205.00 |2,312.00 |2,308.00  |8.00      |4.00      |507       |951         |409      |2,340.54     |                       
2021-05-10 |SA203        |2,300.00   |2,261.00 |2,355.00 |2,204.00 |2,295.00 |2,305.00  |-5.00     |5.00      |539       |1,538       |424      |2,484.39     |                       
2021-05-10 |SA204        |2,300.00   |2,263.00 |2,348.00 |2,225.00 |2,327.00 |2,287.00  |27.00     |-13.00    |26        |75          |0        |118.93       |                       
2021-05-11 |SA105        |1,852.00   |1,914.00 |1,914.00 |1,830.00 |1,830.00 |1,849.00  |-22.00    |-3.00     |212       |4,620       |-263     |809.10       |1,819.00               
2021-05-11 |SA106        |2,022.00   |2,011.00 |2,044.00 |1,965.00 |2,002.00 |2,002.00  |-20.00    |-20.00    |2,604     |6,278       |-654     |10,426.43    |                       
2021-05-11 |SA107        |2,027.00   |2,025.00 |2,058.00 |1,977.00 |2,010.00 |2,024.00  |-17.00    |-3.00     |19,241    |14,871      |-656     |77,886.45    |                       
2021-05-11 |SA108        |2,151.00   |2,167.00 |2,196.00 |2,112.00 |2,145.00 |2,158.00  |-6.00     |7.00      |22,628    |15,062      |1,954    |97,662.34    |                       
2021-05-11 |SA109        |2,152.00   |2,175.00 |2,205.00 |2,121.00 |2,152.00 |2,164.00  |0.00      |12.00     |1,723,572 |325,630     |-13,842  |7,461,259.20 |                       
2021-05-11 |SA110        |2,221.00   |2,241.00 |2,270.00 |2,186.00 |2,232.00 |2,234.00  |11.00     |13.00     |1,025     |626         |8        |4,580.46     |                       
2021-05-11 |SA111        |2,252.00   |2,236.00 |2,270.00 |2,201.00 |2,231.00 |2,236.00  |-21.00    |-16.00    |210       |781         |-45      |939.07       |                       
2021-05-11 |SA112        |2,241.00   |2,270.00 |2,312.00 |2,240.00 |2,272.00 |2,269.00  |31.00     |28.00     |21        |338         |3        |95.29        |                       
2021-05-11 |SA201        |2,255.00   |2,293.00 |2,320.00 |2,240.00 |2,272.00 |2,280.00  |17.00     |25.00     |65,289    |49,139      |2,829    |297,769.98   |                       
2021-05-11 |SA202        |2,308.00   |2,280.00 |2,330.00 |2,263.00 |2,297.00 |2,299.00  |-11.00    |-9.00     |196       |987         |36       |901.12       |                       
2021-05-11 |SA203        |2,305.00   |2,294.00 |2,326.00 |2,263.00 |2,285.00 |2,297.00  |-20.00    |-8.00     |187       |1,617       |79       |858.97       |                       
2021-05-11 |SA204        |2,287.00   |2,259.00 |2,335.00 |2,259.00 |2,289.00 |2,308.00  |2.00      |21.00     |15        |76          |1        |69.23        |                       
2021-05-12 |SA105        |1,849.00   |1,904.00 |1,904.00 |1,851.00 |1,900.00 |1,890.00  |51.00     |41.00     |217       |4,502       |-118     |820.38       |1,832.00               
2021-05-12 |SA106        |2,002.00   |1,995.00 |2,092.00 |1,984.00 |2,058.00 |2,036.00  |56.00     |34.00     |2,030     |6,818       |540      |8,267.43     |                       
2021-05-12 |SA107        |2,024.00   |2,008.00 |2,108.00 |1,996.00 |2,076.00 |2,046.00  |52.00     |22.00     |12,436    |14,791      |-80      |50,884.66    |                       
2021-05-12 |SA108        |2,158.00   |2,144.00 |2,267.00 |2,128.00 |2,236.00 |2,185.00  |78.00     |27.00     |34,968    |15,733      |671      |152,776.98   |                       
2021-05-12 |SA109        |2,164.00   |2,150.00 |2,278.00 |2,136.00 |2,249.00 |2,197.00  |85.00     |33.00     |1,807,272 |339,133     |13,503   |7,939,645.02 |                       
2021-05-12 |SA110        |2,234.00   |2,232.00 |2,338.00 |2,204.00 |2,318.00 |2,270.00  |84.00     |36.00     |592       |768         |142      |2,687.55     |                       
2021-05-12 |SA111        |2,236.00   |2,239.00 |2,333.00 |2,216.00 |2,319.00 |2,312.00  |83.00     |76.00     |168       |913         |132      |776.80       |                       
2021-05-12 |SA112        |2,269.00   |2,256.00 |2,370.00 |2,256.00 |2,366.00 |2,335.00  |97.00     |66.00     |34        |331         |-7       |158.78       |                       
2021-05-12 |SA201        |2,280.00   |2,270.00 |2,394.00 |2,254.00 |2,366.00 |2,308.00  |86.00     |28.00     |64,472    |50,197      |1,058    |297,661.71   |                       
2021-05-12 |SA202        |2,299.00   |2,295.00 |2,404.00 |2,270.00 |2,387.00 |2,379.00  |88.00     |80.00     |199       |1,134       |147      |946.89       |                       
2021-05-12 |SA203        |2,297.00   |2,281.00 |2,398.00 |2,272.00 |2,363.00 |2,363.00  |66.00     |66.00     |230       |1,755       |138      |1,086.95     |                       
2021-05-12 |SA204        |2,308.00   |2,281.00 |2,400.00 |2,281.00 |2,400.00 |2,343.00  |92.00     |35.00     |17        |83          |7        |79.67        |                       
2021-05-13 |SA105        |1,890.00   |1,871.00 |1,960.00 |1,871.00 |1,952.00 |1,949.00  |62.00     |59.00     |406       |4,152       |-350     |1,499.27     |1,851.00               
2021-05-13 |SA106        |2,036.00   |2,048.00 |2,142.00 |1,990.00 |2,029.00 |2,074.00  |-7.00     |38.00     |2,429     |6,384       |-434     |10,076.15    |                       
2021-05-13 |SA107        |2,046.00   |2,066.00 |2,158.00 |1,993.00 |2,039.00 |2,085.00  |-7.00     |39.00     |14,464    |13,914      |-877     |60,303.40    |                       
2021-05-13 |SA108        |2,185.00   |2,226.00 |2,317.00 |2,150.00 |2,201.00 |2,242.00  |16.00     |57.00     |34,168    |15,873      |140      |153,208.38   |                       
2021-05-13 |SA109        |2,197.00   |2,236.00 |2,329.00 |2,158.00 |2,211.00 |2,245.00  |14.00     |48.00     |2,369,234 |326,370     |-12,763  |10,635,745.60|                       
2021-05-13 |SA110        |2,270.00   |2,298.00 |2,388.00 |2,220.00 |2,270.00 |2,293.00  |0.00      |23.00     |1,038     |855         |87       |4,761.16     |                       
2021-05-13 |SA111        |2,312.00   |2,316.00 |2,396.00 |2,227.00 |2,279.00 |2,301.00  |-33.00    |-11.00    |221       |1,029       |116      |1,016.85     |                       
2021-05-13 |SA112        |2,335.00   |2,343.00 |2,444.00 |2,287.00 |2,329.00 |2,419.00  |-6.00     |84.00     |145       |233         |-98      |701.50       |                       
2021-05-13 |SA201        |2,308.00   |2,349.00 |2,447.00 |2,284.00 |2,344.00 |2,364.00  |36.00     |56.00     |101,192   |50,392      |195      |478,340.04   |                       
2021-05-13 |SA202        |2,379.00   |2,380.00 |2,463.00 |2,316.00 |2,360.00 |2,356.00  |-19.00    |-23.00    |481       |1,251       |117      |2,266.61     |                       
2021-05-13 |SA203        |2,363.00   |2,373.00 |2,450.00 |2,307.00 |2,360.00 |2,347.00  |-3.00     |-16.00    |494       |1,872       |117      |2,318.72     |                       
2021-05-13 |SA204        |2,343.00   |2,371.00 |2,450.00 |2,316.00 |2,363.00 |2,374.00  |20.00     |31.00     |19        |82          |-1       |90.20        |                       
2021-05-14 |SA105        |1,949.00   |1,900.00 |1,900.00 |1,900.00 |1,900.00 |1,900.00  |-49.00    |-49.00    |474       |3,708       |-444     |1,760.40     |1,864.00               
2021-05-14 |SA106        |2,074.00   |2,029.00 |2,104.00 |1,952.00 |2,021.00 |2,012.00  |-53.00    |-62.00    |2,155     |5,469       |-915     |8,670.67     |                       
2021-05-14 |SA107        |2,085.00   |2,040.00 |2,118.00 |1,962.00 |2,036.00 |2,047.00  |-49.00    |-38.00    |14,872    |12,294      |-1,620   |60,878.72    |                       
2021-05-14 |SA108        |2,242.00   |2,205.00 |2,286.00 |2,115.00 |2,188.00 |2,214.00  |-54.00    |-28.00    |47,339    |16,641      |768      |209,653.09   |                       
2021-05-14 |SA109        |2,245.00   |2,215.00 |2,296.00 |2,123.00 |2,201.00 |2,216.00  |-44.00    |-29.00    |3,139,810 |348,650     |22,280   |13,917,568.38|                       
2021-05-14 |SA110        |2,293.00   |2,283.00 |2,342.00 |2,189.00 |2,263.00 |2,251.00  |-30.00    |-42.00    |1,080     |778         |-77      |4,862.36     |                       
2021-05-14 |SA111        |2,301.00   |2,290.00 |2,349.00 |2,200.00 |2,260.00 |2,258.00  |-41.00    |-43.00    |291       |1,011       |-18      |1,314.32     |                       
2021-05-14 |SA112        |2,419.00   |2,331.00 |2,402.00 |2,275.00 |2,327.00 |2,336.00  |-92.00    |-83.00    |37        |228         |-5       |172.83       |                       
2021-05-14 |SA201        |2,364.00   |2,360.00 |2,415.00 |2,249.00 |2,330.00 |2,342.00  |-34.00    |-22.00    |122,250   |53,515      |3,123    |572,592.07   |                       
2021-05-14 |SA202        |2,356.00   |2,362.00 |2,423.00 |2,265.00 |2,330.00 |2,358.00  |-26.00    |2.00      |148       |1,243       |-8       |698.03       |                       
2021-05-14 |SA203        |2,347.00   |2,369.00 |2,417.00 |2,258.00 |2,325.00 |2,328.00  |-22.00    |-19.00    |758       |2,512       |640      |3,529.12     |                       
2021-05-14 |SA204        |2,374.00   |2,354.00 |2,410.00 |2,282.00 |2,325.00 |2,326.00  |-49.00    |-48.00    |23        |81          |-1       |106.98       |                       
2021-05-17 |SA105        |1,900.00   |1,920.00 |1,925.00 |1,875.00 |1,890.00 |1,895.00  |-10.00    |-5.00     |421       |3,505       |-203     |1,595.77     |1,875.00               
2021-05-17 |SA106        |2,012.00   |2,028.00 |2,095.00 |2,013.00 |2,044.00 |2,056.00  |32.00     |44.00     |2,467     |6,138       |669      |10,145.48    |                       
2021-05-17 |SA107        |2,047.00   |2,060.00 |2,114.00 |2,027.00 |2,058.00 |2,069.00  |11.00     |22.00     |8,161     |13,356      |1,062    |33,764.99    |                       
2021-05-17 |SA108        |2,214.00   |2,209.00 |2,292.00 |2,199.00 |2,232.00 |2,241.00  |18.00     |27.00     |36,911    |16,623      |-18      |165,405.50   |                       
2021-05-17 |SA109        |2,216.00   |2,216.00 |2,301.00 |2,206.00 |2,238.00 |2,250.00  |22.00     |34.00     |1,885,059 |464,273     |115,623  |8,482,424.45 |                       
2021-05-17 |SA110        |2,251.00   |2,319.00 |2,355.00 |2,268.00 |2,298.00 |2,309.00  |47.00     |58.00     |1,838     |858         |80       |8,489.61     |                       
2021-05-17 |SA111        |2,258.00   |2,322.00 |2,361.00 |2,276.00 |2,297.00 |2,311.00  |39.00     |53.00     |252       |1,036       |25       |1,164.54     |                       
2021-05-17 |SA112        |2,336.00   |2,346.00 |2,412.00 |2,336.00 |2,336.00 |2,381.00  |0.00      |45.00     |88        |229         |1        |419.12       |                       
2021-05-17 |SA201        |2,342.00   |2,352.00 |2,425.00 |2,335.00 |2,368.00 |2,378.00  |26.00     |36.00     |90,805    |60,373      |6,858    |431,948.13   |                       
2021-05-17 |SA202        |2,358.00   |2,380.00 |2,432.00 |2,357.00 |2,376.00 |2,388.00  |18.00     |30.00     |166       |1,170       |-73      |792.97       |                       
2021-05-17 |SA203        |2,328.00   |2,369.00 |2,428.00 |2,345.00 |2,370.00 |2,375.00  |42.00     |47.00     |295       |2,554       |42       |1,401.50     |                       
2021-05-17 |SA204        |2,326.00   |2,361.00 |2,410.00 |2,344.00 |2,365.00 |2,376.00  |39.00     |50.00     |26        |89          |8        |123.55       |                       
2021-05-18 |SA105        |1,895.00   |1,801.00 |1,890.00 |1,801.00 |1,890.00 |1,880.00  |-5.00     |-15.00    |854       |2,803       |-702     |3,201.15     |1,883.00               
2021-05-18 |SA106        |2,056.00   |2,044.00 |2,054.00 |2,000.00 |2,034.00 |2,025.00  |-22.00    |-31.00    |665       |6,236       |98       |2,693.31     |                       
2021-05-18 |SA107        |2,069.00   |2,049.00 |2,072.00 |2,013.00 |2,051.00 |2,042.00  |-18.00    |-27.00    |3,934     |13,199      |-157     |16,068.11    |                       
2021-05-18 |SA108        |2,241.00   |2,221.00 |2,241.00 |2,180.00 |2,220.00 |2,209.00  |-21.00    |-32.00    |17,271    |17,006      |383      |76,314.53    |                       
2021-05-18 |SA109        |2,250.00   |2,230.00 |2,250.00 |2,187.00 |2,229.00 |2,215.00  |-21.00    |-35.00    |1,138,003 |426,777     |-37,496  |5,040,748.01 |                       
2021-05-18 |SA110        |2,309.00   |2,289.00 |2,308.00 |2,258.00 |2,289.00 |2,278.00  |-20.00    |-31.00    |355       |838         |-20      |1,617.23     |                       
2021-05-18 |SA111        |2,311.00   |2,268.00 |2,311.00 |2,266.00 |2,293.00 |2,285.00  |-18.00    |-26.00    |49        |1,025       |-11      |223.88       |                       
2021-05-18 |SA112        |2,381.00   |2,337.00 |2,353.00 |2,315.00 |2,337.00 |2,338.00  |-44.00    |-43.00    |12        |227         |-2       |56.10        |                       
2021-05-18 |SA201        |2,378.00   |2,360.00 |2,375.00 |2,317.00 |2,355.00 |2,345.00  |-23.00    |-33.00    |71,312    |62,427      |2,054    |334,448.98   |                       
2021-05-18 |SA202        |2,388.00   |2,360.00 |2,383.00 |2,276.00 |2,370.00 |2,321.00  |-18.00    |-67.00    |321       |1,223       |53       |1,489.95     |                       
2021-05-18 |SA203        |2,375.00   |2,352.00 |2,375.00 |2,271.00 |2,306.00 |2,304.00  |-69.00    |-71.00    |273       |2,556       |2        |1,258.07     |                       
2021-05-18 |SA204        |2,376.00   |2,335.00 |2,376.00 |2,332.00 |2,346.00 |2,349.00  |-30.00    |-27.00    |19        |89          |0        |89.26        |                       
2021-05-19 |SA105        |1,880.00   |1,843.00 |1,857.00 |1,767.00 |1,767.00 |1,807.00  |-113.00   |-73.00    |2,312     |0           |-2,803   |8,352.55     |1,883.00               
2021-05-19 |SA106        |2,025.00   |2,039.00 |2,039.00 |1,927.00 |1,955.00 |1,975.00  |-70.00    |-50.00    |1,632     |5,077       |-1,159   |6,447.66     |                       
2021-05-19 |SA107        |2,042.00   |2,051.00 |2,055.00 |1,938.00 |1,965.00 |1,989.00  |-77.00    |-53.00    |7,464     |11,961      |-1,238   |29,698.89    |                       
2021-05-19 |SA108        |2,209.00   |2,219.00 |2,225.00 |2,095.00 |2,125.00 |2,159.00  |-84.00    |-50.00    |34,756    |18,685      |1,679    |150,096.98   |                       
2021-05-19 |SA109        |2,215.00   |2,227.00 |2,235.00 |2,098.00 |2,131.00 |2,157.00  |-84.00    |-58.00    |1,287,800 |444,161     |17,384   |5,554,675.48 |                       
2021-05-19 |SA110        |2,278.00   |2,286.00 |2,286.00 |2,160.00 |2,194.00 |2,217.00  |-84.00    |-61.00    |750       |805         |-33      |3,326.05     |                       
2021-05-19 |SA111        |2,285.00   |2,283.00 |2,283.00 |2,160.00 |2,183.00 |2,209.00  |-102.00   |-76.00    |145       |955         |-70      |640.69       |                       
2021-05-19 |SA112        |2,338.00   |2,323.00 |2,328.00 |2,229.00 |2,243.00 |2,290.00  |-95.00    |-48.00    |29        |235         |8        |132.83       |                       
2021-05-19 |SA201        |2,345.00   |2,352.00 |2,360.00 |2,211.00 |2,251.00 |2,276.00  |-94.00    |-69.00    |92,727    |65,004      |2,577    |422,057.45   |                       
2021-05-19 |SA202        |2,321.00   |2,365.00 |2,365.00 |2,232.00 |2,262.00 |2,290.00  |-59.00    |-31.00    |182       |1,232       |9        |833.68       |                       
2021-05-19 |SA203        |2,304.00   |2,350.00 |2,354.00 |2,232.00 |2,258.00 |2,291.00  |-46.00    |-13.00    |236       |2,566       |10       |1,081.26     |                       
2021-05-19 |SA204        |2,349.00   |2,348.00 |2,350.00 |2,240.00 |2,268.00 |2,307.00  |-81.00    |-42.00    |35        |94          |5        |161.49       |                       
2021-05-20 |SA106        |1,975.00   |1,918.00 |1,941.00 |1,876.00 |1,908.00 |1,909.00  |-67.00    |-66.00    |1,035     |4,367       |-710     |3,951.46     |                       
2021-05-20 |SA107        |1,989.00   |1,930.00 |1,953.00 |1,885.00 |1,920.00 |1,914.00  |-69.00    |-75.00    |5,592     |11,318      |-643     |21,401.17    |                       
2021-05-20 |SA108        |2,159.00   |2,098.00 |2,110.00 |2,029.00 |2,072.00 |2,071.00  |-87.00    |-88.00    |35,449    |16,359      |-2,326   |146,821.76   |                       
2021-05-20 |SA109        |2,157.00   |2,095.00 |2,115.00 |2,028.00 |2,081.00 |2,076.00  |-76.00    |-81.00    |1,329,617 |436,733     |-7,428   |5,519,294.55 |                       
2021-05-20 |SA110        |2,217.00   |2,147.00 |2,171.00 |2,092.00 |2,148.00 |2,138.00  |-69.00    |-79.00    |834       |820         |15       |3,566.82     |                       
2021-05-20 |SA111        |2,209.00   |2,172.00 |2,172.00 |2,111.00 |2,155.00 |2,144.00  |-54.00    |-65.00    |122       |955         |0        |523.22       |                       
2021-05-20 |SA112        |2,290.00   |2,198.00 |2,205.00 |2,152.00 |2,182.00 |2,177.00  |-108.00   |-113.00   |43        |220         |-15      |187.25       |                       
2021-05-20 |SA201        |2,276.00   |2,220.00 |2,233.00 |2,145.00 |2,210.00 |2,196.00  |-66.00    |-80.00    |113,124   |62,973      |-2,031   |496,858.32   |                       
2021-05-20 |SA202        |2,290.00   |2,227.00 |2,246.00 |2,157.00 |2,216.00 |2,208.00  |-74.00    |-82.00    |321       |1,107       |-125     |1,417.45     |                       
2021-05-20 |SA203        |2,291.00   |2,203.00 |2,242.00 |2,153.00 |2,207.00 |2,205.00  |-84.00    |-86.00    |853       |2,638       |72       |3,762.25     |                       
2021-05-20 |SA204        |2,307.00   |2,222.00 |2,260.00 |2,178.00 |2,230.00 |2,228.00  |-77.00    |-79.00    |760       |801         |707      |3,386.19     |                       
2021-05-20 |SA205        |2,307.00   |2,230.00 |2,240.00 |2,163.00 |2,219.00 |2,214.00  |-88.00    |-93.00    |484       |340         |340      |2,143.29     |                       
2021-05-21 |SA106        |1,909.00   |1,926.00 |1,939.00 |1,895.00 |1,903.00 |1,918.00  |-6.00     |9.00      |342       |4,292       |-75      |1,311.71     |                       
2021-05-21 |SA107        |1,914.00   |1,930.00 |1,952.00 |1,901.00 |1,915.00 |1,926.00  |1.00      |12.00     |5,871     |11,083      |-235     |22,617.81    |                       
2021-05-21 |SA108        |2,071.00   |2,075.00 |2,113.00 |2,054.00 |2,077.00 |2,084.00  |6.00      |13.00     |41,692    |17,355      |996      |173,783.42   |                       
2021-05-21 |SA109        |2,076.00   |2,081.00 |2,122.00 |2,062.00 |2,087.00 |2,093.00  |11.00     |17.00     |968,112   |439,276     |2,543    |4,051,644.93 |                       
2021-05-21 |SA110        |2,138.00   |2,146.00 |2,190.00 |2,136.00 |2,166.00 |2,166.00  |28.00     |28.00     |441       |847         |27       |1,910.58     |                       
2021-05-21 |SA111        |2,144.00   |2,148.00 |2,196.00 |2,148.00 |2,168.00 |2,171.00  |24.00     |27.00     |101       |971         |16       |438.62       |                       
2021-05-21 |SA112        |2,177.00   |2,207.00 |2,263.00 |2,186.00 |2,241.00 |2,229.00  |64.00     |52.00     |74        |235         |15       |329.87       |                       
2021-05-21 |SA201        |2,196.00   |2,215.00 |2,269.00 |2,192.00 |2,238.00 |2,230.00  |42.00     |34.00     |94,830    |70,982      |8,009    |422,909.68   |                       
2021-05-21 |SA202        |2,208.00   |2,217.00 |2,273.00 |2,201.00 |2,252.00 |2,239.00  |44.00     |31.00     |159       |1,096       |-11      |712.12       |                       
2021-05-21 |SA203        |2,205.00   |2,220.00 |2,264.00 |2,191.00 |2,235.00 |2,231.00  |30.00     |26.00     |289       |2,611       |-27      |1,289.71     |                       
2021-05-21 |SA204        |2,228.00   |2,230.00 |2,294.00 |2,204.00 |2,260.00 |2,231.00  |32.00     |3.00      |574       |1,331       |530      |2,561.33     |                       
2021-05-21 |SA205        |2,214.00   |2,252.00 |2,305.00 |2,217.00 |2,280.00 |2,266.00  |66.00     |52.00     |1,274     |1,126       |786      |5,772.89     |                       
2021-05-24 |SA106        |1,918.00   |1,910.00 |1,930.00 |1,870.00 |1,920.00 |1,895.00  |2.00      |-23.00    |522       |4,135       |-157     |1,978.04     |                       
2021-05-24 |SA107        |1,926.00   |1,923.00 |1,947.00 |1,881.00 |1,937.00 |1,909.00  |11.00     |-17.00    |5,547     |10,470      |-613     |21,179.17    |                       
2021-05-24 |SA108        |2,084.00   |2,086.00 |2,103.00 |2,028.00 |2,093.00 |2,064.00  |9.00      |-20.00    |20,036    |15,631      |-1,724   |82,726.34    |                       
2021-05-24 |SA109        |2,093.00   |2,096.00 |2,114.00 |2,036.00 |2,101.00 |2,075.00  |8.00      |-18.00    |832,974   |422,467     |-16,809  |3,457,564.92 |                       
2021-05-24 |SA110        |2,166.00   |2,178.00 |2,188.00 |2,119.00 |2,184.00 |2,148.00  |18.00     |-18.00    |877       |864         |17       |3,767.86     |                       
2021-05-24 |SA111        |2,171.00   |2,144.00 |2,189.00 |2,124.00 |2,188.00 |2,156.00  |17.00     |-15.00    |173       |957         |-14      |746.13       |                       
2021-05-24 |SA112        |2,229.00   |2,247.00 |2,249.00 |2,190.00 |2,249.00 |2,226.00  |20.00     |-3.00     |60        |243         |8        |267.15       |                       
2021-05-24 |SA201        |2,230.00   |2,249.00 |2,262.00 |2,187.00 |2,253.00 |2,226.00  |23.00     |-4.00     |80,812    |74,993      |4,011    |359,711.34   |                       
2021-05-24 |SA202        |2,239.00   |2,252.00 |2,261.00 |2,202.00 |2,260.00 |2,238.00  |21.00     |-1.00     |317       |989         |-107     |1,418.74     |                       
2021-05-24 |SA203        |2,231.00   |2,241.00 |2,259.00 |2,201.00 |2,252.00 |2,228.00  |21.00     |-3.00     |483       |2,472       |-139     |2,152.21     |                       
2021-05-24 |SA204        |2,231.00   |2,261.00 |2,302.00 |2,237.00 |2,299.00 |2,254.00  |68.00     |23.00     |888       |2,076       |745      |4,003.61     |                       
2021-05-24 |SA205        |2,266.00   |2,272.00 |2,321.00 |2,248.00 |2,311.00 |2,285.00  |45.00     |19.00     |1,876     |2,022       |896      |8,572.04     |                       
2021-05-25 |SA106        |1,895.00   |1,926.00 |1,970.00 |1,904.00 |1,955.00 |1,949.00  |60.00     |54.00     |317       |4,270       |135      |1,235.60     |                       
2021-05-25 |SA107        |1,909.00   |1,940.00 |1,985.00 |1,917.00 |1,972.00 |1,952.00  |63.00     |43.00     |6,693     |10,433      |-37      |26,133.58    |                       
2021-05-25 |SA108        |2,064.00   |2,095.00 |2,144.00 |2,066.00 |2,131.00 |2,107.00  |67.00     |43.00     |14,150    |16,047      |416      |59,637.93    |                       
2021-05-25 |SA109        |2,075.00   |2,109.00 |2,154.00 |2,076.00 |2,138.00 |2,116.00  |63.00     |41.00     |726,907   |400,946     |-21,521  |3,076,129.89 |                       
2021-05-25 |SA110        |2,148.00   |2,176.00 |2,227.00 |2,153.00 |2,217.00 |2,187.00  |69.00     |39.00     |663       |872         |8        |2,900.45     |                       
2021-05-25 |SA111        |2,156.00   |2,175.00 |2,230.00 |2,160.00 |2,223.00 |2,194.00  |67.00     |38.00     |117       |993         |36       |513.48       |                       
2021-05-25 |SA112        |2,226.00   |2,254.00 |2,305.00 |2,238.00 |2,292.00 |2,270.00  |66.00     |44.00     |41        |258         |15       |186.16       |                       
2021-05-25 |SA201        |2,226.00   |2,258.00 |2,317.00 |2,236.00 |2,297.00 |2,278.00  |71.00     |52.00     |72,063    |82,182      |7,189    |328,290.48   |                       
2021-05-25 |SA202        |2,238.00   |2,265.00 |2,326.00 |2,250.00 |2,325.00 |2,302.00  |87.00     |64.00     |1,638     |2,098       |1,109    |7,542.69     |                       
2021-05-25 |SA203        |2,228.00   |2,259.00 |2,322.00 |2,245.00 |2,314.00 |2,288.00  |86.00     |60.00     |743       |2,518       |46       |3,399.92     |                       
2021-05-25 |SA204        |2,254.00   |2,310.00 |2,362.00 |2,293.00 |2,347.00 |2,344.00  |93.00     |90.00     |905       |2,912       |836      |4,242.49     |                       
2021-05-25 |SA205        |2,285.00   |2,311.00 |2,377.00 |2,301.00 |2,359.00 |2,340.00  |74.00     |55.00     |2,615     |2,732       |710      |12,238.10    |                       
2021-05-26 |SA106        |1,949.00   |1,934.00 |1,967.00 |1,934.00 |1,955.00 |1,938.00  |6.00      |-11.00    |156       |4,192       |-78      |604.63       |                       
2021-05-26 |SA107        |1,952.00   |1,965.00 |1,987.00 |1,946.00 |1,967.00 |1,960.00  |15.00     |8.00      |7,852     |11,915      |1,482    |30,772.40    |                       
2021-05-26 |SA108        |2,107.00   |2,115.00 |2,144.00 |2,100.00 |2,125.00 |2,116.00  |18.00     |9.00      |14,246    |17,949      |1,902    |60,298.79    |                       
2021-05-26 |SA109        |2,116.00   |2,125.00 |2,155.00 |2,109.00 |2,135.00 |2,127.00  |19.00     |11.00     |584,115   |392,943     |-8,003   |2,484,461.20 |                       
2021-05-26 |SA110        |2,187.00   |2,219.00 |2,235.00 |2,190.00 |2,227.00 |2,208.00  |40.00     |21.00     |588       |973         |101      |2,596.09     |                       
2021-05-26 |SA111        |2,194.00   |2,214.00 |2,241.00 |2,196.00 |2,235.00 |2,211.00  |41.00     |17.00     |96        |1,031       |38       |424.58       |                       
2021-05-26 |SA112        |2,270.00   |2,289.00 |2,319.00 |2,273.00 |2,316.00 |2,296.00  |46.00     |26.00     |52        |267         |9        |238.79       |                       
2021-05-26 |SA201        |2,278.00   |2,286.00 |2,330.00 |2,275.00 |2,318.00 |2,297.00  |40.00     |19.00     |68,923    |89,629      |7,447    |316,595.78   |                       
2021-05-26 |SA202        |2,302.00   |2,310.00 |2,358.00 |2,295.00 |2,348.00 |2,322.00  |46.00     |20.00     |81        |2,085       |-13      |376.14       |                       
2021-05-26 |SA203        |2,288.00   |2,303.00 |2,342.00 |2,290.00 |2,336.00 |2,313.00  |48.00     |25.00     |191       |2,534       |16       |883.40       |                       
2021-05-26 |SA204        |2,344.00   |2,349.00 |2,380.00 |2,328.00 |2,374.00 |2,354.00  |30.00     |10.00     |98        |2,912       |0        |461.40       |                       
2021-05-26 |SA205        |2,340.00   |2,350.00 |2,391.00 |2,341.00 |2,381.00 |2,363.00  |41.00     |23.00     |3,806     |4,051       |1,319    |17,987.80    |                       
2021-05-27 |SA106        |1,938.00   |1,942.00 |1,960.00 |1,912.00 |1,952.00 |1,944.00  |14.00     |6.00      |618       |3,822       |-370     |2,403.23     |                       
2021-05-27 |SA107        |1,960.00   |1,946.00 |1,975.00 |1,922.00 |1,955.00 |1,956.00  |-5.00     |-4.00     |6,976     |12,062      |147      |27,289.14    |                       
2021-05-27 |SA108        |2,116.00   |2,103.00 |2,139.00 |2,082.00 |2,119.00 |2,114.00  |3.00      |-2.00     |12,400    |18,645      |696      |52,438.04    |                       
2021-05-27 |SA109        |2,127.00   |2,110.00 |2,150.00 |2,090.00 |2,129.00 |2,125.00  |2.00      |-2.00     |717,158   |399,399     |6,456    |3,047,858.43 |                       
2021-05-27 |SA110        |2,208.00   |2,216.00 |2,231.00 |2,175.00 |2,215.00 |2,203.00  |7.00      |-5.00     |701       |975         |2        |3,088.93     |                       
2021-05-27 |SA111        |2,211.00   |2,221.00 |2,232.00 |2,185.00 |2,228.00 |2,212.00  |17.00     |1.00      |83        |1,025       |-6       |367.25       |                       
2021-05-27 |SA112        |2,296.00   |2,302.00 |2,314.00 |2,263.00 |2,295.00 |2,297.00  |-1.00     |1.00      |122       |281         |14       |560.42       |                       
2021-05-27 |SA201        |2,297.00   |2,301.00 |2,324.00 |2,266.00 |2,299.00 |2,301.00  |2.00      |4.00      |83,590    |91,540      |1,911    |384,747.58   |                       
2021-05-27 |SA202        |2,322.00   |2,333.00 |2,385.00 |2,295.00 |2,329.00 |2,327.00  |7.00      |5.00      |127       |2,065       |-20      |591.17       |                       
2021-05-27 |SA203        |2,313.00   |2,327.00 |2,377.00 |2,285.00 |2,318.00 |2,319.00  |5.00      |6.00      |173       |2,499       |-35      |802.29       |                       
2021-05-27 |SA204        |2,354.00   |2,358.00 |2,364.00 |2,324.00 |2,352.00 |2,349.00  |-2.00     |-5.00     |244       |3,057       |145      |1,146.52     |                       
2021-05-27 |SA205        |2,363.00   |2,375.00 |2,375.00 |2,333.00 |2,359.00 |2,361.00  |-4.00     |-2.00     |3,647     |4,747       |696      |17,223.22    |                       
2021-05-28 |SA106        |1,944.00   |1,950.00 |1,986.00 |1,947.00 |1,980.00 |1,964.00  |36.00     |20.00     |1,173     |4,722       |900      |4,606.50     |                       
2021-05-28 |SA107        |1,956.00   |1,961.00 |2,009.00 |1,949.00 |1,995.00 |1,987.00  |39.00     |31.00     |6,337     |12,342      |280      |25,177.43    |                       
2021-05-28 |SA108        |2,114.00   |2,120.00 |2,187.00 |2,109.00 |2,166.00 |2,159.00  |52.00     |45.00     |16,705    |19,563      |918      |72,134.90    |                       
2021-05-28 |SA109        |2,125.00   |2,129.00 |2,198.00 |2,119.00 |2,176.00 |2,168.00  |51.00     |43.00     |643,556   |388,461     |-10,938  |2,790,182.94 |                       
2021-05-28 |SA110        |2,203.00   |2,220.00 |2,280.00 |2,210.00 |2,253.00 |2,250.00  |50.00     |47.00     |1,430     |1,179       |204      |6,434.03     |                       
2021-05-28 |SA111        |2,212.00   |2,219.00 |2,287.00 |2,216.00 |2,262.00 |2,254.00  |50.00     |42.00     |202       |1,173       |148      |910.64       |                       
2021-05-28 |SA112        |2,297.00   |2,293.00 |2,363.00 |2,290.00 |2,349.00 |2,335.00  |52.00     |38.00     |51        |287         |6        |238.13       |                       
2021-05-28 |SA201        |2,301.00   |2,300.00 |2,368.00 |2,286.00 |2,351.00 |2,338.00  |50.00     |37.00     |87,411    |97,027      |5,487    |408,781.86   |                       
2021-05-28 |SA202        |2,327.00   |2,330.00 |2,389.00 |2,320.00 |2,378.00 |2,377.00  |51.00     |50.00     |142       |1,939       |-126     |675.14       |                       
2021-05-28 |SA203        |2,319.00   |2,317.00 |2,380.00 |2,317.00 |2,367.00 |2,363.00  |48.00     |44.00     |251       |2,366       |-133     |1,186.10     |                       
2021-05-28 |SA204        |2,349.00   |2,339.00 |2,404.00 |2,339.00 |2,394.00 |2,387.00  |45.00     |38.00     |124       |3,107       |50       |591.87       |                       
2021-05-28 |SA205        |2,361.00   |2,362.00 |2,419.00 |2,348.00 |2,405.00 |2,392.00  |44.00     |31.00     |3,302     |5,653       |906      |15,798.80    |                       
2021-05-31 |SA106        |1,964.00   |1,963.00 |2,001.00 |1,963.00 |1,994.00 |1,984.00  |30.00     |20.00     |584       |4,524       |-198     |2,316.85     |                       
2021-05-31 |SA107        |1,987.00   |1,989.00 |2,021.00 |1,980.00 |2,001.00 |1,999.00  |14.00     |12.00     |10,426    |10,341      |-2,001   |41,692.00    |                       
2021-05-31 |SA108        |2,159.00   |2,160.00 |2,201.00 |2,152.00 |2,174.00 |2,176.00  |15.00     |17.00     |18,129    |20,030      |467      |78,900.08    |                       
2021-05-31 |SA109        |2,168.00   |2,173.00 |2,211.00 |2,161.00 |2,181.00 |2,186.00  |13.00     |18.00     |475,702   |381,466     |-6,995   |2,079,349.74 |                       
2021-05-31 |SA110        |2,250.00   |2,240.00 |2,261.00 |2,236.00 |2,248.00 |2,249.00  |-2.00     |-1.00     |1,374     |1,567       |388      |6,179.51     |                       
2021-05-31 |SA111        |2,254.00   |2,258.00 |2,279.00 |2,244.00 |2,251.00 |2,258.00  |-3.00     |4.00      |455       |1,474       |301      |2,054.37     |                       
2021-05-31 |SA112        |2,335.00   |2,337.00 |2,373.00 |2,336.00 |2,357.00 |2,356.00  |22.00     |21.00     |80        |311         |24       |377.04       |                       
2021-05-31 |SA201        |2,338.00   |2,348.00 |2,381.00 |2,335.00 |2,359.00 |2,358.00  |21.00     |20.00     |61,548    |99,130      |2,103    |290,255.94   |                       
2021-05-31 |SA202        |2,377.00   |2,364.00 |2,391.00 |2,364.00 |2,374.00 |2,386.00  |-3.00     |9.00      |1,366     |599         |-1,340   |6,518.18     |                       
2021-05-31 |SA203        |2,363.00   |2,344.00 |2,390.00 |2,344.00 |2,385.00 |2,382.00  |22.00     |19.00     |828       |1,594       |-772     |3,945.10     |                       
2021-05-31 |SA204        |2,387.00   |2,386.00 |2,419.00 |2,384.00 |2,412.00 |2,413.00  |25.00     |26.00     |1,284     |1,908       |-1,199   |6,195.60     |                       
2021-05-31 |SA205        |2,392.00   |2,396.00 |2,439.00 |2,394.00 |2,423.00 |2,416.00  |31.00     |24.00     |2,293     |6,064       |411      |11,080.79    |                       
2021-06-01 |SA106        |1,984.00   |1,978.00 |2,080.00 |1,972.00 |2,080.00 |2,047.00  |96.00     |63.00     |396       |4,285       |-239     |1,598.55     |1,952.00               
2021-06-01 |SA107        |1,999.00   |2,001.00 |2,103.00 |1,982.00 |2,093.00 |2,019.00  |94.00     |20.00     |6,571     |6,204       |-4,137   |26,529.00    |                       
2021-06-01 |SA108        |2,176.00   |2,171.00 |2,285.00 |2,153.00 |2,270.00 |2,217.00  |94.00     |41.00     |18,982    |19,208      |-822     |84,182.61    |                       
2021-06-01 |SA109        |2,186.00   |2,181.00 |2,296.00 |2,162.00 |2,289.00 |2,229.00  |103.00    |43.00     |530,815   |399,371     |17,905   |2,366,252.28 |                       
2021-06-01 |SA110        |2,249.00   |2,266.00 |2,342.00 |2,232.00 |2,341.00 |2,288.00  |92.00     |39.00     |3,282     |2,929       |1,362    |15,015.51    |                       
2021-06-01 |SA111        |2,258.00   |2,274.00 |2,349.00 |2,244.00 |2,347.00 |2,285.00  |89.00     |27.00     |1,547     |1,005       |-469     |7,070.34     |                       
2021-06-01 |SA112        |2,356.00   |2,347.00 |2,440.00 |2,344.00 |2,434.00 |2,390.00  |78.00     |34.00     |71        |325         |14       |339.42       |                       
2021-06-01 |SA201        |2,358.00   |2,359.00 |2,446.00 |2,345.00 |2,441.00 |2,396.00  |83.00     |38.00     |88,848    |104,446     |5,316    |425,778.20   |                       
2021-06-01 |SA202        |2,386.00   |2,374.00 |2,455.00 |2,362.00 |2,453.00 |2,419.00  |67.00     |33.00     |171       |478         |-121     |827.28       |                       
2021-06-01 |SA203        |2,382.00   |2,354.00 |2,454.00 |2,354.00 |2,448.00 |2,399.00  |66.00     |17.00     |320       |1,331       |-263     |1,535.52     |                       
2021-06-01 |SA204        |2,413.00   |2,407.00 |2,483.00 |2,395.00 |2,476.00 |2,417.00  |63.00     |4.00      |1,364     |686         |-1,222   |6,594.67     |                       
2021-06-01 |SA205        |2,416.00   |2,420.00 |2,495.00 |2,405.00 |2,490.00 |2,451.00  |74.00     |35.00     |4,446     |7,084       |1,020    |21,793.68    |                       
2021-06-02 |SA106        |2,047.00   |2,061.00 |2,061.00 |2,061.00 |2,061.00 |2,061.00  |14.00     |14.00     |5         |4,280       |-5       |20.61        |1,961.00               
2021-06-02 |SA107        |2,019.00   |2,088.00 |2,125.00 |2,069.00 |2,101.00 |2,100.00  |82.00     |81.00     |1,149     |6,128       |-76      |4,825.94     |                       
2021-06-02 |SA108        |2,217.00   |2,279.00 |2,309.00 |2,251.00 |2,279.00 |2,277.00  |62.00     |60.00     |15,152    |18,687      |-521     |69,005.05    |                       
2021-06-02 |SA109        |2,229.00   |2,288.00 |2,320.00 |2,260.00 |2,288.00 |2,290.00  |59.00     |61.00     |539,174   |406,493     |7,122    |2,468,881.56 |                       
2021-06-02 |SA110        |2,288.00   |2,334.00 |2,365.00 |2,285.00 |2,327.00 |2,329.00  |39.00     |41.00     |3,630     |3,793       |864      |16,909.19    |                       
2021-06-02 |SA111        |2,285.00   |2,346.00 |2,373.00 |2,291.00 |2,332.00 |2,333.00  |47.00     |48.00     |2,433     |1,082       |77       |11,351.28    |                       
2021-06-02 |SA112        |2,390.00   |2,430.00 |2,484.00 |2,423.00 |2,445.00 |2,454.00  |55.00     |64.00     |174       |358         |33       |854.03       |                       
2021-06-02 |SA201        |2,396.00   |2,447.00 |2,494.00 |2,427.00 |2,455.00 |2,456.00  |59.00     |60.00     |103,718   |100,446     |-4,000   |509,493.82   |                       
2021-06-02 |SA202        |2,419.00   |2,443.00 |2,502.00 |2,443.00 |2,469.00 |2,479.00  |50.00     |60.00     |171       |374         |-104     |847.76       |                       
2021-06-02 |SA203        |2,399.00   |2,448.00 |2,500.00 |2,440.00 |2,462.00 |2,475.00  |63.00     |76.00     |229       |1,242       |-89      |1,133.64     |                       
2021-06-02 |SA204        |2,417.00   |2,471.00 |2,516.00 |2,453.00 |2,473.00 |2,485.00  |56.00     |68.00     |365       |449         |-237     |1,814.27     |                       
2021-06-02 |SA205        |2,451.00   |2,485.00 |2,527.00 |2,461.00 |2,486.00 |2,493.00  |35.00     |42.00     |4,172     |7,583       |499      |20,797.64    |                       
2021-06-03 |SA106        |2,061.00   |2,087.00 |2,100.00 |2,048.00 |2,054.00 |2,059.00  |-7.00     |-2.00     |317       |4,047       |-233     |1,305.36     |1,976.00               
2021-06-03 |SA107        |2,100.00   |2,084.00 |2,117.00 |2,045.00 |2,071.00 |2,076.00  |-29.00    |-24.00    |1,222     |6,037       |-91      |5,074.37     |                       
2021-06-03 |SA108        |2,277.00   |2,276.00 |2,299.00 |2,224.00 |2,257.00 |2,267.00  |-20.00    |-10.00    |17,013    |17,470      |-1,217   |77,146.38    |                       
2021-06-03 |SA109        |2,290.00   |2,288.00 |2,309.00 |2,234.00 |2,265.00 |2,276.00  |-25.00    |-14.00    |566,427   |393,659     |-12,834  |2,578,728.98 |                       
2021-06-03 |SA110        |2,329.00   |2,335.00 |2,345.00 |2,278.00 |2,315.00 |2,323.00  |-14.00    |-6.00     |4,383     |4,490       |697      |20,359.98    |                       
2021-06-03 |SA111        |2,333.00   |2,341.00 |2,354.00 |2,286.00 |2,321.00 |2,330.00  |-12.00    |-3.00     |1,603     |1,185       |103      |7,470.54     |                       
2021-06-03 |SA112        |2,454.00   |2,454.00 |2,479.00 |2,392.00 |2,432.00 |2,439.00  |-22.00    |-15.00    |123       |371         |13       |599.92       |                       
2021-06-03 |SA201        |2,456.00   |2,451.00 |2,486.00 |2,400.00 |2,439.00 |2,447.00  |-17.00    |-9.00     |99,277    |95,388      |-5,058   |485,903.50   |                       
2021-06-03 |SA202        |2,479.00   |2,481.00 |2,491.00 |2,419.00 |2,441.00 |2,457.00  |-38.00    |-22.00    |100       |363         |-11      |491.37       |                       
2021-06-03 |SA203        |2,475.00   |2,457.00 |2,486.00 |2,409.00 |2,437.00 |2,445.00  |-38.00    |-30.00    |116       |1,238       |-4       |567.33       |                       
2021-06-03 |SA204        |2,485.00   |2,486.00 |2,498.00 |2,430.00 |2,450.00 |2,463.00  |-35.00    |-22.00    |118       |473         |24       |581.28       |                       
2021-06-03 |SA205        |2,493.00   |2,483.00 |2,509.00 |2,437.00 |2,466.00 |2,475.00  |-27.00    |-18.00    |3,052     |7,379       |-204     |15,109.05    |                       
2021-06-04 |SA106        |2,059.00   |2,049.00 |2,054.00 |2,020.00 |2,020.00 |2,028.00  |-39.00    |-31.00    |176       |4,017       |-30      |713.69       |1,987.00               
2021-06-04 |SA107        |2,076.00   |2,060.00 |2,084.00 |2,030.00 |2,056.00 |2,053.00  |-20.00    |-23.00    |827       |5,966       |-71      |3,395.50     |                       
2021-06-04 |SA108        |2,267.00   |2,243.00 |2,266.00 |2,207.00 |2,233.00 |2,234.00  |-34.00    |-33.00    |16,812    |17,492      |22       |75,105.04    |                       
2021-06-04 |SA109        |2,276.00   |2,248.00 |2,276.00 |2,216.00 |2,245.00 |2,243.00  |-31.00    |-33.00    |492,978   |373,963     |-19,696  |2,211,762.92 |                       
2021-06-04 |SA110        |2,323.00   |2,304.00 |2,327.00 |2,272.00 |2,296.00 |2,300.00  |-27.00    |-23.00    |6,002     |4,990       |500      |27,608.73    |                       
2021-06-04 |SA111        |2,330.00   |2,286.00 |2,332.00 |2,281.00 |2,303.00 |2,305.00  |-27.00    |-25.00    |1,550     |1,172       |-13      |7,145.07     |                       
2021-06-04 |SA112        |2,439.00   |2,416.00 |2,431.00 |2,378.00 |2,400.00 |2,403.00  |-39.00    |-36.00    |315       |247         |-124     |1,514.03     |                       
2021-06-04 |SA201        |2,447.00   |2,422.00 |2,433.00 |2,376.00 |2,389.00 |2,403.00  |-58.00    |-44.00    |93,107    |86,790      |-8,598   |447,449.99   |                       
2021-06-04 |SA202        |2,457.00   |2,433.00 |2,459.00 |2,397.00 |2,412.00 |2,411.00  |-45.00    |-46.00    |182       |284         |-79      |877.52       |                       
2021-06-04 |SA203        |2,445.00   |2,426.00 |2,453.00 |2,391.00 |2,404.00 |2,419.00  |-41.00    |-26.00    |173       |1,299       |61       |837.11       |                       
2021-06-04 |SA204        |2,463.00   |2,444.00 |2,450.00 |2,407.00 |2,417.00 |2,421.00  |-46.00    |-42.00    |193       |374         |-99      |934.41       |                       
2021-06-04 |SA205        |2,475.00   |2,454.00 |2,461.00 |2,413.00 |2,425.00 |2,436.00  |-50.00    |-39.00    |3,244     |7,426       |47       |15,803.70    |                       
2021-06-07 |SA106        |2,028.00   |2,042.00 |2,042.00 |2,035.00 |2,035.00 |2,037.00  |7.00      |9.00      |4         |4,014       |-3       |16.29        |2,001.00               
2021-06-07 |SA107        |2,053.00   |2,066.00 |2,077.00 |2,043.00 |2,046.00 |2,060.00  |-7.00     |7.00      |900       |5,801       |-165     |3,707.95     |                       
2021-06-07 |SA108        |2,234.00   |2,252.00 |2,264.00 |2,222.00 |2,224.00 |2,240.00  |-10.00    |6.00      |15,550    |16,398      |-1,094   |69,661.07    |                       
2021-06-07 |SA109        |2,243.00   |2,258.00 |2,275.00 |2,232.00 |2,235.00 |2,251.00  |-8.00     |8.00      |429,075   |359,711     |-14,252  |1,931,303.28 |                       
2021-06-07 |SA110        |2,300.00   |2,310.00 |2,337.00 |2,295.00 |2,305.00 |2,314.00  |5.00      |14.00     |6,855     |5,729       |739      |31,730.91    |                       
2021-06-07 |SA111        |2,305.00   |2,321.00 |2,344.00 |2,303.00 |2,314.00 |2,320.00  |9.00      |15.00     |1,506     |1,171       |-1       |6,986.88     |                       
2021-06-07 |SA112        |2,403.00   |2,411.00 |2,434.00 |2,393.00 |2,402.00 |2,412.00  |-1.00     |9.00      |124       |240         |-7       |598.06       |                       
2021-06-07 |SA201        |2,403.00   |2,402.00 |2,434.00 |2,390.00 |2,394.00 |2,408.00  |-9.00     |5.00      |77,180    |88,204      |1,414    |371,641.72   |                       
2021-06-07 |SA202        |2,411.00   |2,424.00 |2,439.00 |2,410.00 |2,413.00 |2,421.00  |2.00      |10.00     |24        |287         |3        |116.22       |                       
2021-06-07 |SA203        |2,419.00   |2,426.00 |2,438.00 |2,403.00 |2,408.00 |2,419.00  |-11.00    |0.00      |113       |1,310       |11       |546.81       |                       
2021-06-07 |SA204        |2,421.00   |2,423.00 |2,433.00 |2,412.00 |2,422.00 |2,421.00  |1.00      |0.00      |31        |375         |1        |150.11       |                       
2021-06-07 |SA205        |2,436.00   |2,431.00 |2,461.00 |2,421.00 |2,425.00 |2,439.00  |-11.00    |3.00      |3,301     |7,955       |529      |16,099.51    |                       
2021-06-08 |SA106        |2,037.00   |2,020.00 |2,020.00 |2,001.00 |2,001.00 |2,013.00  |-36.00    |-24.00    |36        |3,978       |-36      |144.93       |2,008.00               
2021-06-08 |SA107        |2,060.00   |2,048.00 |2,070.00 |2,008.00 |2,052.00 |2,044.00  |-8.00     |-16.00    |701       |5,775       |-26      |2,865.40     |                       
2021-06-08 |SA108        |2,240.00   |2,226.00 |2,254.00 |2,179.00 |2,231.00 |2,219.00  |-9.00     |-21.00    |13,899    |16,759      |361      |61,688.13    |                       
2021-06-08 |SA109        |2,251.00   |2,233.00 |2,265.00 |2,189.00 |2,244.00 |2,230.00  |-7.00     |-21.00    |556,683   |391,819     |32,108   |2,482,507.03 |                       
2021-06-08 |SA110        |2,314.00   |2,301.00 |2,334.00 |2,260.00 |2,314.00 |2,303.00  |0.00      |-11.00    |6,902     |6,051       |322      |31,784.46    |                       
2021-06-08 |SA111        |2,320.00   |2,302.00 |2,338.00 |2,268.00 |2,318.00 |2,310.00  |-2.00     |-10.00    |1,547     |1,108       |-63      |7,148.61     |                       
2021-06-08 |SA112        |2,412.00   |2,389.00 |2,420.00 |2,342.00 |2,393.00 |2,390.00  |-19.00    |-22.00    |131       |246         |6        |626.16       |                       
2021-06-08 |SA201        |2,408.00   |2,392.00 |2,421.00 |2,336.00 |2,394.00 |2,382.00  |-14.00    |-26.00    |88,309    |94,877      |6,673    |420,774.98   |                       
2021-06-08 |SA202        |2,421.00   |2,403.00 |2,433.00 |2,366.00 |2,407.00 |2,404.00  |-14.00    |-17.00    |32        |287         |0        |153.86       |                       
2021-06-08 |SA203        |2,419.00   |2,404.00 |2,425.00 |2,346.00 |2,393.00 |2,392.00  |-26.00    |-27.00    |225       |1,368       |58       |1,076.47     |                       
2021-06-08 |SA204        |2,421.00   |2,410.00 |2,428.00 |2,360.00 |2,407.00 |2,400.00  |-14.00    |-21.00    |218       |367         |-8       |1,046.25     |                       
2021-06-08 |SA205        |2,439.00   |2,425.00 |2,446.00 |2,369.00 |2,407.00 |2,407.00  |-32.00    |-32.00    |5,626     |9,136       |1,181    |27,078.99    |                       
2021-06-09 |SA106        |2,013.00   |2,034.00 |2,035.00 |1,991.00 |2,016.00 |2,009.00  |3.00      |-4.00     |328       |3,900       |-78      |1,317.82     |2,015.00               
2021-06-09 |SA107        |2,044.00   |2,039.00 |2,062.00 |2,015.00 |2,015.00 |2,032.00  |-29.00    |-12.00    |1,098     |5,676       |-99      |4,461.93     |                       
2021-06-09 |SA108        |2,219.00   |2,237.00 |2,244.00 |2,186.00 |2,188.00 |2,213.00  |-31.00    |-6.00     |13,478    |16,116      |-643     |59,640.27    |                       
2021-06-09 |SA109        |2,230.00   |2,245.00 |2,255.00 |2,197.00 |2,197.00 |2,223.00  |-33.00    |-7.00     |473,412   |382,900     |-8,919   |2,104,347.96 |                       
2021-06-09 |SA110        |2,303.00   |2,314.00 |2,326.00 |2,269.00 |2,272.00 |2,295.00  |-31.00    |-8.00     |5,923     |6,178       |127      |27,189.32    |                       
2021-06-09 |SA111        |2,310.00   |2,326.00 |2,332.00 |2,275.00 |2,280.00 |2,303.00  |-30.00    |-7.00     |1,156     |936         |-172     |5,324.92     |                       
2021-06-09 |SA112        |2,390.00   |2,399.00 |2,404.00 |2,363.00 |2,363.00 |2,380.00  |-27.00    |-10.00    |48        |266         |20       |228.50       |                       
2021-06-09 |SA201        |2,382.00   |2,400.00 |2,405.00 |2,356.00 |2,359.00 |2,381.00  |-23.00    |-1.00     |61,817    |94,156      |-721     |294,326.03   |                       
2021-06-09 |SA202        |2,404.00   |2,406.00 |2,406.00 |2,382.00 |2,387.00 |2,394.00  |-17.00    |-10.00    |18        |285         |-2       |86.17        |                       
2021-06-09 |SA203        |2,392.00   |2,387.00 |2,404.00 |2,361.00 |2,371.00 |2,380.00  |-21.00    |-12.00    |112       |1,370       |2        |533.02       |                       
2021-06-09 |SA204        |2,400.00   |2,401.00 |2,418.00 |2,378.00 |2,385.00 |2,396.00  |-15.00    |-4.00     |215       |266         |-101     |1,030.28     |                       
2021-06-09 |SA205        |2,407.00   |2,406.00 |2,421.00 |2,377.00 |2,381.00 |2,398.00  |-26.00    |-9.00     |3,155     |8,838       |-298     |15,133.85    |                       
2021-06-10 |SA106        |2,009.00   |1,987.00 |1,999.00 |1,961.00 |1,962.00 |1,990.00  |-47.00    |-19.00    |265       |3,636       |-264     |1,054.66     |2,019.00               
2021-06-10 |SA107        |2,032.00   |2,009.00 |2,009.00 |1,968.00 |1,980.00 |2,000.00  |-52.00    |-32.00    |1,720     |5,674       |-2       |6,878.60     |                       
2021-06-10 |SA108        |2,213.00   |2,185.00 |2,185.00 |2,130.00 |2,136.00 |2,159.00  |-77.00    |-54.00    |14,145    |14,220      |-1,896   |61,084.01    |                       
2021-06-10 |SA109        |2,223.00   |2,193.00 |2,195.00 |2,139.00 |2,142.00 |2,166.00  |-81.00    |-57.00    |606,380   |427,243     |44,343   |2,626,970.72 |                       
2021-06-10 |SA110        |2,295.00   |2,262.00 |2,270.00 |2,218.00 |2,225.00 |2,247.00  |-70.00    |-48.00    |5,427     |6,308       |130      |24,390.25    |                       
2021-06-10 |SA111        |2,303.00   |2,265.00 |2,274.00 |2,223.00 |2,227.00 |2,253.00  |-76.00    |-50.00    |1,372     |713         |-223     |6,181.04     |                       
2021-06-10 |SA112        |2,380.00   |2,347.00 |2,367.00 |2,316.00 |2,325.00 |2,342.00  |-55.00    |-38.00    |69        |274         |8        |323.16       |                       
2021-06-10 |SA201        |2,381.00   |2,355.00 |2,361.00 |2,306.00 |2,320.00 |2,334.00  |-61.00    |-47.00    |101,183   |95,901      |1,745    |472,293.01   |                       
2021-06-10 |SA202        |2,394.00   |2,361.00 |2,373.00 |2,333.00 |2,345.00 |2,351.00  |-49.00    |-43.00    |40        |274         |-11      |188.07       |                       
2021-06-10 |SA203        |2,380.00   |2,350.00 |2,356.00 |2,302.00 |2,330.00 |2,346.00  |-50.00    |-34.00    |182       |1,379       |9        |853.78       |                       
2021-06-10 |SA204        |2,396.00   |2,372.00 |2,388.00 |2,330.00 |2,356.00 |2,360.00  |-40.00    |-36.00    |95        |245         |-21      |448.36       |                       
2021-06-10 |SA205        |2,398.00   |2,380.00 |2,394.00 |2,348.00 |2,355.00 |2,365.00  |-43.00    |-33.00    |4,630     |9,004       |166      |21,901.29    |                       
2021-06-11 |SA106        |1,990.00   |1,851.00 |1,965.00 |1,851.00 |1,965.00 |1,911.00  |-25.00    |-79.00    |45        |3,616       |-20      |171.97       |2,014.00               
2021-06-11 |SA107        |2,000.00   |1,979.00 |1,998.00 |1,951.00 |1,990.00 |1,979.00  |-10.00    |-21.00    |642       |5,323       |-351     |2,549.73     |                       
2021-06-11 |SA108        |2,159.00   |2,137.00 |2,174.00 |2,126.00 |2,167.00 |2,154.00  |8.00      |-5.00     |11,649    |14,008      |-212     |50,176.12    |                       
2021-06-11 |SA109        |2,166.00   |2,142.00 |2,182.00 |2,134.00 |2,175.00 |2,160.00  |9.00      |-6.00     |392,675   |383,463     |-43,780  |1,696,123.45 |                       
2021-06-11 |SA110        |2,247.00   |2,226.00 |2,260.00 |2,214.00 |2,254.00 |2,241.00  |7.00      |-6.00     |7,141     |6,136       |-172     |32,010.71    |                       
2021-06-11 |SA111        |2,253.00   |2,228.00 |2,260.00 |2,208.00 |2,258.00 |2,237.00  |5.00      |-16.00    |1,409     |1,109       |396      |6,305.26     |                       
2021-06-11 |SA112        |2,342.00   |2,324.00 |2,350.00 |2,318.00 |2,345.00 |2,338.00  |3.00      |-4.00     |48        |277         |3        |224.47       |                       
2021-06-11 |SA201        |2,334.00   |2,315.00 |2,345.00 |2,303.00 |2,338.00 |2,328.00  |4.00      |-6.00     |59,754    |94,739      |-1,162   |278,262.36   |                       
2021-06-11 |SA202        |2,351.00   |2,344.00 |2,357.00 |2,335.00 |2,340.00 |2,346.00  |-11.00    |-5.00     |22        |277         |3        |103.24       |                       
2021-06-11 |SA203        |2,346.00   |2,329.00 |2,349.00 |2,314.00 |2,347.00 |2,331.00  |1.00      |-15.00    |211       |1,375       |-4       |983.86       |                       
2021-06-11 |SA204        |2,360.00   |2,358.00 |2,364.00 |2,346.00 |2,357.00 |2,357.00  |-3.00     |-3.00     |31        |233         |-12      |146.16       |                       
2021-06-11 |SA205        |2,365.00   |2,359.00 |2,374.00 |2,337.00 |2,370.00 |2,361.00  |5.00      |-4.00     |2,226     |9,134       |130      |10,509.90    |                       
2021-06-15 |SA106        |1,911.00   |1,973.00 |1,973.00 |1,967.00 |1,967.00 |1,970.00  |56.00     |59.00     |306       |0           |-3,616   |1,205.63     |2,013.00               
2021-06-15 |SA107        |1,979.00   |1,982.00 |2,005.00 |1,960.00 |2,000.00 |1,986.00  |21.00     |7.00      |1,257     |4,658       |-665     |4,991.92     |                       
2021-06-15 |SA108        |2,154.00   |2,163.00 |2,182.00 |2,123.00 |2,160.00 |2,144.00  |6.00      |-10.00    |8,359     |13,577      |-431     |35,835.47    |                       
2021-06-15 |SA109        |2,160.00   |2,170.00 |2,190.00 |2,130.00 |2,168.00 |2,154.00  |8.00      |-6.00     |261,578   |399,462     |15,999   |1,127,053.64 |                       
2021-06-15 |SA110        |2,241.00   |2,254.00 |2,266.00 |2,214.00 |2,248.00 |2,230.00  |7.00      |-11.00    |3,852     |6,303       |167      |17,178.74    |                       
2021-06-15 |SA111        |2,237.00   |2,258.00 |2,264.00 |2,216.00 |2,250.00 |2,233.00  |13.00     |-4.00     |748       |1,124       |15       |3,340.07     |                       
2021-06-15 |SA112        |2,338.00   |2,351.00 |2,351.00 |2,315.00 |2,339.00 |2,337.00  |1.00      |-1.00     |22        |265         |-12      |102.82       |                       
2021-06-15 |SA201        |2,328.00   |2,330.00 |2,353.00 |2,303.00 |2,335.00 |2,322.00  |7.00      |-6.00     |48,422    |101,039     |6,300    |224,907.67   |                       
2021-06-15 |SA202        |2,346.00   |2,336.00 |2,344.00 |2,329.00 |2,344.00 |2,336.00  |-2.00     |-10.00    |10        |274         |-3       |46.72        |                       
2021-06-15 |SA203        |2,331.00   |2,347.00 |2,355.00 |2,315.00 |2,345.00 |2,337.00  |14.00     |6.00      |53        |1,393       |18       |247.75       |                       
2021-06-15 |SA204        |2,357.00   |2,339.00 |2,365.00 |2,339.00 |2,364.00 |2,360.00  |7.00      |3.00      |33        |230         |-3       |155.79       |                       
2021-06-15 |SA205        |2,361.00   |2,375.00 |2,384.00 |2,340.00 |2,363.00 |2,355.00  |2.00      |-6.00     |2,202     |9,131       |-3       |10,372.68    |                       
2021-06-16 |SA107        |1,986.00   |1,995.00 |2,004.00 |1,976.00 |1,996.00 |1,996.00  |10.00     |10.00     |204       |4,605       |-53      |814.48       |                       
2021-06-16 |SA108        |2,144.00   |2,160.00 |2,176.00 |2,139.00 |2,167.00 |2,156.00  |23.00     |12.00     |6,078     |13,806      |229      |26,206.26    |                       
2021-06-16 |SA109        |2,154.00   |2,167.00 |2,185.00 |2,146.00 |2,174.00 |2,166.00  |20.00     |12.00     |309,218   |387,481     |-11,981  |1,339,369.05 |                       
2021-06-16 |SA110        |2,230.00   |2,244.00 |2,265.00 |2,230.00 |2,256.00 |2,246.00  |26.00     |16.00     |4,008     |6,337       |34       |18,003.17    |                       
2021-06-16 |SA111        |2,233.00   |2,251.00 |2,268.00 |2,234.00 |2,258.00 |2,251.00  |25.00     |18.00     |793       |1,109       |-15      |3,569.50     |                       
2021-06-16 |SA112        |2,337.00   |2,339.00 |2,350.00 |2,327.00 |2,346.00 |2,337.00  |9.00      |0.00      |50        |271         |6        |233.72       |                       
2021-06-16 |SA201        |2,322.00   |2,331.00 |2,347.00 |2,316.00 |2,339.00 |2,331.00  |17.00     |9.00      |49,787    |104,665     |3,626    |232,103.11   |                       
2021-06-16 |SA202        |2,336.00   |2,347.00 |2,359.00 |2,337.00 |2,353.00 |2,348.00  |17.00     |12.00     |13        |275         |1        |61.04        |                       
2021-06-16 |SA203        |2,337.00   |2,345.00 |2,396.00 |2,328.00 |2,347.00 |2,344.00  |10.00     |7.00      |44        |1,385       |-8       |206.23       |                       
2021-06-16 |SA204        |2,360.00   |2,366.00 |2,416.00 |2,350.00 |2,364.00 |2,366.00  |4.00      |6.00      |16        |236         |6        |75.70        |                       
2021-06-16 |SA205        |2,355.00   |2,357.00 |2,368.00 |2,345.00 |2,361.00 |2,358.00  |6.00      |3.00      |3,528     |10,030      |899      |16,637.62    |                       
2021-06-16 |SA206        |2,355.00   |0.00     |0.00     |0.00     |0.00     |2,355.00  |0.00      |0.00      |0         |0           |0        |0.00         |                       
2021-06-17 |SA107        |1,996.00   |2,004.00 |2,024.00 |1,985.00 |2,024.00 |2,004.00  |28.00     |8.00      |840       |4,255       |-350     |3,366.17     |                       
2021-06-17 |SA108        |2,156.00   |2,175.00 |2,216.00 |2,159.00 |2,214.00 |2,188.00  |58.00     |32.00     |10,140    |13,609      |-197     |44,363.41    |                       
2021-06-17 |SA109        |2,166.00   |2,175.00 |2,225.00 |2,166.00 |2,222.00 |2,195.00  |56.00     |29.00     |516,983   |385,558     |-1,923   |2,269,625.82 |                       
2021-06-17 |SA110        |2,246.00   |2,261.00 |2,305.00 |2,248.00 |2,301.00 |2,275.00  |55.00     |29.00     |5,231     |6,480       |143      |23,803.70    |                       
2021-06-17 |SA111        |2,251.00   |2,257.00 |2,307.00 |2,251.00 |2,307.00 |2,280.00  |56.00     |29.00     |984       |1,195       |86       |4,486.28     |                       
2021-06-17 |SA112        |2,337.00   |2,345.00 |2,387.00 |2,340.00 |2,387.00 |2,361.00  |50.00     |24.00     |72        |279         |8        |339.97       |                       
2021-06-17 |SA201        |2,331.00   |2,341.00 |2,390.00 |2,335.00 |2,388.00 |2,360.00  |57.00     |29.00     |78,024    |108,309     |3,644    |368,234.96   |                       
2021-06-17 |SA202        |2,348.00   |2,359.00 |2,399.00 |2,359.00 |2,399.00 |2,368.00  |51.00     |20.00     |67        |258         |-17      |317.30       |                       
2021-06-17 |SA203        |2,344.00   |2,348.00 |2,398.00 |2,345.00 |2,395.00 |2,368.00  |51.00     |24.00     |109       |1,396       |11       |516.19       |                       
2021-06-17 |SA204        |2,366.00   |2,364.00 |2,419.00 |2,360.00 |2,415.00 |2,379.00  |49.00     |13.00     |87        |243         |7        |413.98       |                       
2021-06-17 |SA205        |2,358.00   |2,361.00 |2,415.00 |2,357.00 |2,413.00 |2,385.00  |55.00     |27.00     |4,591     |10,330      |300      |21,896.40    |                       
2021-06-17 |SA206        |2,355.00   |2,431.00 |2,435.00 |2,390.00 |2,414.00 |2,416.00  |59.00     |61.00     |41        |20          |20       |198.12       |                       
2021-06-18 |SA107        |2,004.00   |2,019.00 |2,020.00 |1,963.00 |1,993.00 |2,005.00  |-11.00    |1.00      |264       |4,180       |-75      |1,058.45     |                       
2021-06-18 |SA108        |2,188.00   |2,205.00 |2,218.00 |2,156.00 |2,177.00 |2,195.00  |-11.00    |7.00      |12,289    |13,479      |-130     |53,948.29    |                       
2021-06-18 |SA109        |2,195.00   |2,215.00 |2,227.00 |2,163.00 |2,185.00 |2,200.00  |-10.00    |5.00      |491,790   |370,044     |-15,514  |2,164,264.28 |                       
2021-06-18 |SA110        |2,275.00   |2,294.00 |2,307.00 |2,246.00 |2,267.00 |2,282.00  |-8.00     |7.00      |4,564     |6,559       |79       |20,831.43    |                       
2021-06-18 |SA111        |2,280.00   |2,302.00 |2,310.00 |2,250.00 |2,271.00 |2,278.00  |-9.00     |-2.00     |1,025     |1,105       |-90      |4,670.01     |                       
2021-06-18 |SA112        |2,361.00   |2,382.00 |2,388.00 |2,339.00 |2,352.00 |2,364.00  |-9.00     |3.00      |108       |291         |12       |510.52       |                       
2021-06-18 |SA201        |2,360.00   |2,380.00 |2,392.00 |2,323.00 |2,343.00 |2,361.00  |-17.00    |1.00      |88,163    |102,780     |-5,529   |416,364.23   |                       
2021-06-18 |SA202        |2,368.00   |2,391.00 |2,394.00 |2,350.00 |2,374.00 |2,372.00  |6.00      |4.00      |21        |260         |2        |99.62        |                       
2021-06-18 |SA203        |2,368.00   |2,391.00 |2,403.00 |2,344.00 |2,363.00 |2,364.00  |-5.00     |-4.00     |106       |1,400       |4        |501.27       |                       
2021-06-18 |SA204        |2,379.00   |2,419.00 |2,425.00 |2,378.00 |2,382.00 |2,401.00  |3.00      |22.00     |52        |245         |2        |249.70       |                       
2021-06-18 |SA205        |2,385.00   |2,404.00 |2,415.00 |2,356.00 |2,370.00 |2,386.00  |-15.00    |1.00      |4,004     |10,417      |87       |19,109.20    |                       
2021-06-18 |SA206        |2,416.00   |2,410.00 |2,414.00 |2,372.00 |2,394.00 |2,394.00  |-22.00    |-22.00    |51        |33          |13       |244.23       |                       
2021-06-21 |SA107        |2,005.00   |1,983.00 |2,020.00 |1,983.00 |1,985.00 |2,007.00  |-20.00    |2.00      |402       |3,850       |-330     |1,605.50     |                       
2021-06-21 |SA108        |2,195.00   |2,177.00 |2,216.00 |2,175.00 |2,178.00 |2,195.00  |-17.00    |0.00      |9,701     |13,945      |466      |42,579.25    |                       
2021-06-21 |SA109        |2,200.00   |2,185.00 |2,224.00 |2,183.00 |2,189.00 |2,201.00  |-11.00    |1.00      |325,178   |349,674     |-20,370  |1,431,288.66 |                       
2021-06-21 |SA110        |2,282.00   |2,264.00 |2,298.00 |2,258.00 |2,266.00 |2,277.00  |-16.00    |-5.00     |6,355     |6,514       |-45      |28,943.73    |                       
2021-06-21 |SA111        |2,278.00   |2,263.00 |2,299.00 |2,259.00 |2,269.00 |2,276.00  |-9.00     |-2.00     |1,243     |1,352       |247      |5,659.03     |                       
2021-06-21 |SA112        |2,364.00   |2,354.00 |2,374.00 |2,344.00 |2,349.00 |2,358.00  |-15.00    |-6.00     |37        |288         |-3       |174.51       |                       
2021-06-21 |SA201        |2,361.00   |2,337.00 |2,372.00 |2,334.00 |2,340.00 |2,352.00  |-21.00    |-9.00     |62,378    |103,520     |740      |293,480.00   |                       
2021-06-21 |SA202        |2,372.00   |2,360.00 |2,384.00 |2,360.00 |2,364.00 |2,368.00  |-8.00     |-4.00     |11        |259         |-1       |52.10        |                       
2021-06-21 |SA203        |2,364.00   |2,350.00 |2,380.00 |2,350.00 |2,353.00 |2,368.00  |-11.00    |4.00      |30        |1,413       |13       |142.10       |                       
2021-06-21 |SA204        |2,401.00   |2,377.00 |2,405.00 |2,377.00 |2,380.00 |2,395.00  |-21.00    |-6.00     |34        |255         |10       |162.86       |                       
2021-06-21 |SA205        |2,386.00   |2,374.00 |2,406.00 |2,363.00 |2,380.00 |2,387.00  |-6.00     |1.00      |4,917     |10,240      |-177     |23,471.59    |                       
2021-06-21 |SA206        |2,394.00   |2,388.00 |2,416.00 |2,385.00 |2,391.00 |2,398.00  |-3.00     |4.00      |41        |40          |7        |196.67       |                       
2021-06-22 |SA107        |2,007.00   |1,984.00 |2,016.00 |1,960.00 |2,013.00 |1,985.00  |6.00      |-22.00    |115       |3,779       |-71      |456.61       |                       
2021-06-22 |SA108        |2,195.00   |2,179.00 |2,209.00 |2,150.00 |2,206.00 |2,176.00  |11.00     |-19.00    |10,869    |13,873      |-72      |47,307.01    |                       
2021-06-22 |SA109        |2,201.00   |2,185.00 |2,215.00 |2,155.00 |2,212.00 |2,184.00  |11.00     |-17.00    |422,866   |365,399     |15,725   |1,846,958.20 |                       
2021-06-22 |SA110        |2,277.00   |2,265.00 |2,289.00 |2,240.00 |2,283.00 |2,261.00  |6.00      |-16.00    |7,875     |6,452       |-62      |35,612.30    |                       
2021-06-22 |SA111        |2,276.00   |2,266.00 |2,292.00 |2,243.00 |2,290.00 |2,265.00  |14.00     |-11.00    |873       |1,423       |71       |3,954.49     |                       
2021-06-22 |SA112        |2,358.00   |2,347.00 |2,368.00 |2,329.00 |2,367.00 |2,345.00  |9.00      |-13.00    |52        |292         |4        |243.85       |                       
2021-06-22 |SA201        |2,352.00   |2,336.00 |2,369.00 |2,318.00 |2,368.00 |2,341.00  |16.00     |-11.00    |71,728    |105,555     |2,035    |335,779.07   |                       
2021-06-22 |SA202        |2,368.00   |2,354.00 |2,385.00 |2,340.00 |2,385.00 |2,357.00  |17.00     |-11.00    |31        |259         |0        |146.14       |                       
2021-06-22 |SA203        |2,368.00   |2,348.00 |2,384.00 |2,339.00 |2,384.00 |2,353.00  |16.00     |-15.00    |49        |1,428       |15       |230.57       |                       
2021-06-22 |SA204        |2,395.00   |2,377.00 |2,410.00 |2,370.00 |2,410.00 |2,381.00  |15.00     |-14.00    |22        |258         |3        |104.76       |                       
2021-06-22 |SA205        |2,387.00   |2,377.00 |2,405.00 |2,362.00 |2,401.00 |2,380.00  |14.00     |-7.00     |2,950     |10,279      |39       |14,040.72    |                       
2021-06-22 |SA206        |2,398.00   |2,390.00 |2,410.00 |2,383.00 |2,406.00 |2,393.00  |8.00      |-5.00     |60        |53          |13       |287.18       |                       
2021-06-23 |SA107        |1,985.00   |2,010.00 |2,019.00 |1,982.00 |1,990.00 |2,006.00  |5.00      |21.00     |316       |3,661       |-118     |1,267.74     |                       
2021-06-23 |SA108        |2,176.00   |2,204.00 |2,211.00 |2,164.00 |2,169.00 |2,188.00  |-7.00     |12.00     |10,778    |13,254      |-619     |47,155.94    |                       
2021-06-23 |SA109        |2,184.00   |2,212.00 |2,218.00 |2,171.00 |2,175.00 |2,192.00  |-9.00     |8.00      |418,594   |367,717     |2,318    |1,835,051.01 |                       
2021-06-23 |SA110        |2,261.00   |2,275.00 |2,288.00 |2,251.00 |2,255.00 |2,270.00  |-6.00     |9.00      |8,885     |6,473       |21       |40,336.32    |                       
2021-06-23 |SA111        |2,265.00   |2,281.00 |2,292.00 |2,254.00 |2,260.00 |2,274.00  |-5.00     |9.00      |817       |1,409       |-14      |3,716.27     |                       
2021-06-23 |SA112        |2,345.00   |2,373.00 |2,373.00 |2,345.00 |2,348.00 |2,353.00  |3.00      |8.00      |38        |293         |1        |178.80       |                       
2021-06-23 |SA201        |2,341.00   |2,360.00 |2,372.00 |2,333.00 |2,337.00 |2,351.00  |-4.00     |10.00     |73,397    |107,719     |2,164    |345,182.81   |                       
2021-06-23 |SA202        |2,357.00   |2,375.00 |2,385.00 |2,355.00 |2,362.00 |2,371.00  |5.00      |14.00     |18        |262         |3        |85.37        |                       
2021-06-23 |SA203        |2,353.00   |2,366.00 |2,381.00 |2,352.00 |2,357.00 |2,373.00  |4.00      |20.00     |76        |1,401       |-27      |360.67       |                       
2021-06-23 |SA204        |2,381.00   |2,397.00 |2,400.00 |2,380.00 |2,380.00 |2,393.00  |-1.00     |12.00     |30        |269         |11       |143.61       |                       
2021-06-23 |SA205        |2,380.00   |2,399.00 |2,406.00 |2,371.00 |2,374.00 |2,387.00  |-6.00     |7.00      |3,774     |10,724      |445      |18,015.66    |                       
2021-06-23 |SA206        |2,393.00   |2,412.00 |2,412.00 |2,387.00 |2,387.00 |2,401.00  |-6.00     |8.00      |42        |69          |16       |201.68       |                       
2021-06-24 |SA107        |2,006.00   |1,998.00 |2,046.00 |1,998.00 |2,037.00 |2,029.00  |31.00     |23.00     |281       |3,540       |-121     |1,140.18     |                       
2021-06-24 |SA108        |2,188.00   |2,172.00 |2,239.00 |2,168.00 |2,230.00 |2,210.00  |42.00     |22.00     |12,993    |14,316      |1,062    |57,429.40    |                       
2021-06-24 |SA109        |2,192.00   |2,176.00 |2,248.00 |2,174.00 |2,238.00 |2,215.00  |46.00     |23.00     |515,278   |359,565     |-8,152   |2,282,760.40 |                       
2021-06-24 |SA110        |2,270.00   |2,255.00 |2,318.00 |2,253.00 |2,312.00 |2,289.00  |42.00     |19.00     |10,239    |6,690       |217      |46,877.46    |                       
2021-06-24 |SA111        |2,274.00   |2,266.00 |2,322.00 |2,258.00 |2,314.00 |2,291.00  |40.00     |17.00     |1,424     |1,607       |198      |6,524.47     |                       
2021-06-24 |SA112        |2,353.00   |2,352.00 |2,408.00 |2,352.00 |2,406.00 |2,385.00  |53.00     |32.00     |45        |304         |11       |214.66       |                       
2021-06-24 |SA201        |2,351.00   |2,336.00 |2,409.00 |2,336.00 |2,399.00 |2,377.00  |48.00     |26.00     |98,843    |111,122     |3,403    |469,893.24   |                       
2021-06-24 |SA202        |2,371.00   |2,362.00 |2,420.00 |2,362.00 |2,411.00 |2,384.00  |40.00     |13.00     |70        |246         |-16      |333.71       |                       
2021-06-24 |SA203        |2,373.00   |2,364.00 |2,420.00 |2,362.00 |2,414.00 |2,389.00  |41.00     |16.00     |67        |1,402       |1        |320.18       |                       
2021-06-24 |SA204        |2,393.00   |2,387.00 |2,437.00 |2,387.00 |2,429.00 |2,404.00  |36.00     |11.00     |36        |267         |-2       |173.10       |                       
2021-06-24 |SA205        |2,387.00   |2,376.00 |2,434.00 |2,374.00 |2,427.00 |2,410.00  |40.00     |23.00     |5,007     |11,419      |695      |24,134.16    |                       
2021-06-24 |SA206        |2,401.00   |2,398.00 |2,437.00 |2,396.00 |2,428.00 |2,424.00  |27.00     |23.00     |138       |143         |74       |668.97       |                       
2021-06-25 |SA107        |2,029.00   |2,039.00 |2,089.00 |2,030.00 |2,073.00 |2,072.00  |44.00     |43.00     |217       |3,460       |-80      |899.40       |                       
2021-06-25 |SA108        |2,210.00   |2,224.00 |2,285.00 |2,221.00 |2,270.00 |2,257.00  |60.00     |47.00     |13,729    |14,475      |159      |61,961.28    |                       
2021-06-25 |SA109        |2,215.00   |2,240.00 |2,296.00 |2,230.00 |2,283.00 |2,262.00  |68.00     |47.00     |404,162   |368,881     |9,316    |1,828,697.11 |                       
2021-06-25 |SA110        |2,289.00   |2,306.00 |2,360.00 |2,303.00 |2,342.00 |2,330.00  |53.00     |41.00     |9,834     |7,635       |945      |45,830.33    |                       
2021-06-25 |SA111        |2,291.00   |2,309.00 |2,365.00 |2,309.00 |2,338.00 |2,332.00  |47.00     |41.00     |1,138     |1,831       |224      |5,308.30     |                       
2021-06-25 |SA112        |2,385.00   |2,403.00 |2,460.00 |2,403.00 |2,449.00 |2,429.00  |64.00     |44.00     |42        |309         |5        |204.05       |                       
2021-06-25 |SA201        |2,377.00   |2,403.00 |2,460.00 |2,392.00 |2,447.00 |2,425.00  |70.00     |48.00     |93,230    |123,867     |12,745   |452,077.57   |                       
2021-06-25 |SA202        |2,384.00   |2,423.00 |2,472.00 |2,419.00 |2,455.00 |2,448.00  |71.00     |64.00     |47        |248         |2        |230.08       |                       
2021-06-25 |SA203        |2,389.00   |2,418.00 |2,468.00 |2,412.00 |2,456.00 |2,446.00  |67.00     |57.00     |77        |1,398       |-4       |376.66       |                       
2021-06-25 |SA204        |2,404.00   |2,438.00 |2,487.00 |2,434.00 |2,476.00 |2,464.00  |72.00     |60.00     |64        |297         |30       |315.45       |                       
2021-06-25 |SA205        |2,410.00   |2,428.00 |2,481.00 |2,421.00 |2,472.00 |2,453.00  |62.00     |43.00     |4,638     |12,484      |1,065    |22,758.03    |                       
2021-06-25 |SA206        |2,424.00   |2,352.00 |2,486.00 |2,352.00 |2,478.00 |2,455.00  |54.00     |31.00     |60        |171         |28       |294.56       |                       
2021-06-28 |SA107        |2,072.00   |2,068.00 |2,070.00 |2,029.00 |2,030.00 |2,042.00  |-42.00    |-30.00    |178       |3,324       |-136     |726.87       |                       
2021-06-28 |SA108        |2,257.00   |2,262.00 |2,273.00 |2,213.00 |2,218.00 |2,233.00  |-39.00    |-24.00    |9,697     |14,522      |47       |43,307.98    |                       
2021-06-28 |SA109        |2,262.00   |2,288.00 |2,290.00 |2,222.00 |2,229.00 |2,244.00  |-33.00    |-18.00    |348,843   |352,207     |-16,674  |1,565,769.78 |                       
2021-06-28 |SA110        |2,330.00   |2,343.00 |2,347.00 |2,297.00 |2,304.00 |2,317.00  |-26.00    |-13.00    |4,601     |7,699       |64       |21,323.36    |                       
2021-06-28 |SA111        |2,332.00   |2,344.00 |2,352.00 |2,303.00 |2,309.00 |2,320.00  |-23.00    |-12.00    |1,168     |1,791       |-40      |5,420.62     |                       
2021-06-28 |SA112        |2,429.00   |2,445.00 |2,445.00 |2,407.00 |2,417.00 |2,421.00  |-12.00    |-8.00     |46        |314         |5        |222.73       |                       
2021-06-28 |SA201        |2,425.00   |2,454.00 |2,455.00 |2,397.00 |2,403.00 |2,415.00  |-22.00    |-10.00    |74,886    |122,572     |-1,295   |361,714.57   |                       
2021-06-28 |SA202        |2,448.00   |2,454.00 |2,454.00 |2,418.00 |2,432.00 |2,432.00  |-16.00    |-16.00    |48        |257         |9        |233.49       |                       
2021-06-28 |SA203        |2,446.00   |2,443.00 |2,443.00 |2,418.00 |2,425.00 |2,425.00  |-21.00    |-21.00    |46        |1,407       |9        |223.12       |                       
2021-06-28 |SA204        |2,464.00   |2,460.00 |2,461.00 |2,440.00 |2,455.00 |2,453.00  |-9.00     |-11.00    |25        |298         |1        |122.64       |                       
2021-06-28 |SA205        |2,453.00   |2,479.00 |2,479.00 |2,430.00 |2,437.00 |2,446.00  |-16.00    |-7.00     |3,337     |12,815      |331      |16,325.56    |                       
2021-06-28 |SA206        |2,455.00   |2,477.00 |2,477.00 |2,433.00 |2,447.00 |2,444.00  |-8.00     |-11.00    |98        |236         |65       |479.10       |                       
2021-06-29 |SA107        |2,042.00   |2,008.00 |2,030.00 |1,985.00 |1,987.00 |2,004.00  |-55.00    |-38.00    |910       |2,892       |-432     |3,644.32     |                       
2021-06-29 |SA108        |2,233.00   |2,221.00 |2,228.00 |2,186.00 |2,187.00 |2,203.00  |-46.00    |-30.00    |6,304     |13,893      |-629     |27,776.79    |                       
2021-06-29 |SA109        |2,244.00   |2,229.00 |2,238.00 |2,194.00 |2,195.00 |2,214.00  |-49.00    |-30.00    |289,316   |352,343     |136      |1,280,866.15 |                       
2021-06-29 |SA110        |2,317.00   |2,304.00 |2,309.00 |2,271.00 |2,272.00 |2,286.00  |-45.00    |-31.00    |3,308     |7,863       |164      |15,126.44    |                       
2021-06-29 |SA111        |2,320.00   |2,312.00 |2,313.00 |2,277.00 |2,279.00 |2,291.00  |-41.00    |-29.00    |445       |1,799       |8        |2,038.85     |                       
2021-06-29 |SA112        |2,421.00   |2,416.00 |2,416.00 |2,390.00 |2,394.00 |2,401.00  |-27.00    |-20.00    |55        |331         |17       |264.15       |                       
2021-06-29 |SA201        |2,415.00   |2,402.00 |2,413.00 |2,382.00 |2,383.00 |2,395.00  |-32.00    |-20.00    |66,797    |126,166     |3,594    |319,907.38   |                       
2021-06-29 |SA202        |2,432.00   |2,430.00 |2,432.00 |2,417.00 |2,421.00 |2,424.00  |-11.00    |-8.00     |37        |274         |17       |179.40       |                       
2021-06-29 |SA203        |2,425.00   |2,428.00 |2,428.00 |2,405.00 |2,406.00 |2,413.00  |-19.00    |-12.00    |130       |1,399       |-8       |627.27       |                       
2021-06-29 |SA204        |2,453.00   |2,440.00 |2,449.00 |2,430.00 |2,443.00 |2,440.00  |-10.00    |-13.00    |59        |315         |17       |287.97       |                       
2021-06-29 |SA205        |2,446.00   |2,441.00 |2,448.00 |2,420.00 |2,427.00 |2,432.00  |-19.00    |-14.00    |4,337     |14,147      |1,332    |21,092.58    |                       
2021-06-29 |SA206        |2,444.00   |2,447.00 |2,447.00 |2,427.00 |2,429.00 |2,434.00  |-15.00    |-10.00    |90        |293         |57       |438.18       |                       
2021-06-30 |SA107        |2,004.00   |1,964.00 |2,010.00 |1,964.00 |1,992.00 |1,978.00  |-12.00    |-26.00    |819       |2,802       |-90      |3,240.64     |                       
2021-06-30 |SA108        |2,203.00   |2,189.00 |2,227.00 |2,184.00 |2,224.00 |2,202.00  |21.00     |-1.00     |6,425     |11,873      |-2,020   |28,295.74    |                       
2021-06-30 |SA109        |2,214.00   |2,195.00 |2,235.00 |2,191.00 |2,232.00 |2,211.00  |18.00     |-3.00     |253,547   |349,137     |-3,206   |1,121,267.36 |                       
2021-06-30 |SA110        |2,286.00   |2,271.00 |2,308.00 |2,267.00 |2,305.00 |2,282.00  |19.00     |-4.00     |4,288     |9,054       |1,191    |19,568.17    |                       
2021-06-30 |SA111        |2,291.00   |2,285.00 |2,314.00 |2,274.00 |2,313.00 |2,291.00  |22.00     |0.00      |547       |1,984       |185      |2,506.47     |                       
2021-06-30 |SA112        |2,401.00   |2,397.00 |2,428.00 |2,391.00 |2,428.00 |2,412.00  |27.00     |11.00     |143       |381         |50       |689.96       |                       
2021-06-30 |SA201        |2,395.00   |2,386.00 |2,429.00 |2,383.00 |2,428.00 |2,401.00  |33.00     |6.00      |59,725    |135,791     |9,625    |286,858.20   |                       
2021-06-30 |SA202        |2,424.00   |2,414.00 |2,450.00 |2,414.00 |2,450.00 |2,436.00  |26.00     |12.00     |36        |266         |-8       |175.37       |                       
2021-06-30 |SA203        |2,413.00   |2,410.00 |2,444.00 |2,408.00 |2,444.00 |2,425.00  |31.00     |12.00     |53        |1,383       |-16      |257.04       |                       
2021-06-30 |SA204        |2,440.00   |2,441.00 |2,472.00 |2,441.00 |2,472.00 |2,455.00  |32.00     |15.00     |40        |314         |-1       |196.40       |                       
2021-06-30 |SA205        |2,432.00   |2,430.00 |2,465.00 |2,429.00 |2,464.00 |2,443.00  |32.00     |11.00     |4,154     |15,379      |1,232    |20,296.33    |                       
2021-06-30 |SA206        |2,434.00   |2,441.00 |2,469.00 |2,431.00 |2,469.00 |2,449.00  |35.00     |15.00     |30        |302         |9        |146.94       |                       
2021-07-01 |SA107        |1,978.00   |1,990.00 |2,000.00 |1,990.00 |1,991.00 |1,998.00  |13.00     |20.00     |229       |2,637       |-165     |915.31       |2,013.00               
2021-07-01 |SA108        |2,202.00   |2,224.00 |2,234.00 |2,172.00 |2,173.00 |2,214.00  |-29.00    |12.00     |7,651     |10,203      |-1,670   |33,885.06    |                       
2021-07-01 |SA109        |2,211.00   |2,234.00 |2,244.00 |2,182.00 |2,187.00 |2,220.00  |-24.00    |9.00      |345,947   |355,520     |6,383    |1,535,702.79 |                       
2021-07-01 |SA110        |2,282.00   |2,303.00 |2,329.00 |2,275.00 |2,277.00 |2,307.00  |-5.00     |25.00     |6,142     |9,389       |335      |28,334.91    |                       
2021-07-01 |SA111        |2,291.00   |2,311.00 |2,334.00 |2,281.00 |2,285.00 |2,314.00  |-6.00     |23.00     |3,180     |3,059       |1,075    |14,719.41    |                       
2021-07-01 |SA112        |2,412.00   |2,433.00 |2,461.00 |2,403.00 |2,407.00 |2,433.00  |-5.00     |21.00     |901       |645         |264      |4,384.17     |                       
2021-07-01 |SA201        |2,401.00   |2,427.00 |2,463.00 |2,399.00 |2,400.00 |2,433.00  |-1.00     |32.00     |84,958    |141,237     |5,446    |413,340.01   |                       
2021-07-01 |SA202        |2,436.00   |2,450.00 |2,495.00 |2,441.00 |2,441.00 |2,466.00  |5.00      |30.00     |32        |272         |6        |157.80       |                       
2021-07-01 |SA203        |2,425.00   |2,451.00 |2,489.00 |2,432.00 |2,436.00 |2,459.00  |11.00     |34.00     |169       |1,494       |111      |831.08       |                       
2021-07-01 |SA204        |2,455.00   |2,486.00 |2,523.00 |2,471.00 |2,480.00 |2,493.00  |25.00     |38.00     |68        |336         |22       |339.03       |                       
2021-07-01 |SA205        |2,443.00   |2,462.00 |2,521.00 |2,460.00 |2,474.00 |2,489.00  |31.00     |46.00     |9,451     |17,482      |2,103    |47,056.42    |                       
2021-07-01 |SA206        |2,449.00   |2,472.00 |2,524.00 |2,470.00 |2,486.00 |2,494.00  |37.00     |45.00     |83        |344         |42       |413.96       |                       
2021-07-02 |SA107        |1,998.00   |2,000.00 |2,020.00 |2,000.00 |2,020.00 |2,010.00  |22.00     |12.00     |128       |2,448       |-189     |514.68       |2,013.00               
2021-07-02 |SA108        |2,214.00   |2,186.00 |2,259.00 |2,184.00 |2,251.00 |2,208.00  |37.00     |-6.00     |3,872     |9,916       |-287     |17,099.47    |                       
2021-07-02 |SA109        |2,220.00   |2,200.00 |2,275.00 |2,194.00 |2,266.00 |2,227.00  |46.00     |7.00      |414,394   |346,865     |-8,655   |1,845,680.22 |                       
2021-07-02 |SA110        |2,307.00   |2,294.00 |2,345.00 |2,284.00 |2,343.00 |2,312.00  |36.00     |5.00      |3,735     |9,909       |520      |17,267.83    |                       
2021-07-02 |SA111        |2,314.00   |2,295.00 |2,350.00 |2,289.00 |2,344.00 |2,314.00  |30.00     |0.00      |1,510     |3,338       |279      |6,989.69     |                       
2021-07-02 |SA112        |2,433.00   |2,412.00 |2,470.00 |2,399.00 |2,465.00 |2,433.00  |32.00     |0.00      |550       |585         |-60      |2,676.46     |                       
2021-07-02 |SA201        |2,433.00   |2,407.00 |2,473.00 |2,388.00 |2,465.00 |2,424.00  |32.00     |-9.00     |91,405    |154,975     |13,738   |443,078.10   |                       
2021-07-02 |SA202        |2,466.00   |2,447.00 |2,502.00 |2,432.00 |2,501.00 |2,468.00  |35.00     |2.00      |42        |262         |-10      |207.30       |                       
2021-07-02 |SA203        |2,459.00   |2,439.00 |2,503.00 |2,429.00 |2,499.00 |2,461.00  |40.00     |2.00      |157       |1,496       |2        |772.81       |                       
2021-07-02 |SA204        |2,493.00   |2,482.00 |2,543.00 |2,476.00 |2,535.00 |2,508.00  |42.00     |15.00     |145       |367         |31       |727.32       |                       
2021-07-02 |SA205        |2,489.00   |2,499.00 |2,541.00 |2,472.00 |2,537.00 |2,507.00  |48.00     |18.00     |11,501    |19,719      |2,237    |57,670.13    |                       
2021-07-02 |SA206        |2,494.00   |2,484.00 |2,555.00 |2,484.00 |2,548.00 |2,529.00  |54.00     |35.00     |288       |502         |158      |1,456.51     |                       
2021-07-05 |SA107        |2,010.00   |2,006.00 |2,006.00 |2,006.00 |2,006.00 |2,006.00  |-4.00     |-4.00     |7         |2,455       |7        |28.08        |2,013.00               
2021-07-05 |SA108        |2,208.00   |2,253.00 |2,268.00 |2,234.00 |2,254.00 |2,251.00  |46.00     |43.00     |1,676     |9,365       |-551     |7,545.50     |                       
2021-07-05 |SA109        |2,227.00   |2,269.00 |2,283.00 |2,250.00 |2,269.00 |2,265.00  |42.00     |38.00     |267,575   |345,969     |-896     |1,211,953.35 |                       
2021-07-05 |SA110        |2,312.00   |2,334.00 |2,360.00 |2,331.00 |2,351.00 |2,346.00  |39.00     |34.00     |6,534     |10,455      |546      |30,653.53    |                       
2021-07-05 |SA111        |2,314.00   |2,341.00 |2,367.00 |2,338.00 |2,355.00 |2,351.00  |41.00     |37.00     |3,450     |4,000       |662      |16,222.78    |                       
2021-07-05 |SA112        |2,433.00   |2,465.00 |2,492.00 |2,458.00 |2,473.00 |2,473.00  |40.00     |40.00     |499       |595         |10       |2,467.69     |                       
2021-07-05 |SA201        |2,424.00   |2,472.00 |2,497.00 |2,455.00 |2,480.00 |2,474.00  |56.00     |50.00     |74,903    |166,309     |11,334   |370,556.73   |                       
2021-07-05 |SA202        |2,468.00   |2,490.00 |2,522.00 |2,490.00 |2,506.00 |2,508.00  |38.00     |40.00     |45        |291         |29       |225.70       |                       
2021-07-05 |SA203        |2,461.00   |2,496.00 |2,528.00 |2,496.00 |2,509.00 |2,510.00  |48.00     |49.00     |89        |1,485       |-11      |446.72       |                       
2021-07-05 |SA204        |2,508.00   |2,534.00 |2,557.00 |2,534.00 |2,548.00 |2,545.00  |40.00     |37.00     |55        |380         |13       |279.92       |                       
2021-07-05 |SA205        |2,507.00   |2,540.00 |2,554.00 |2,524.00 |2,547.00 |2,538.00  |40.00     |31.00     |7,612     |20,120      |401      |38,642.41    |                       
2021-07-05 |SA206        |2,529.00   |2,544.00 |2,564.00 |2,543.00 |2,560.00 |2,556.00  |31.00     |27.00     |113       |506         |4        |577.61       |                       
2021-07-06 |SA107        |2,006.00   |2,000.00 |2,093.00 |2,000.00 |2,016.00 |2,004.00  |10.00     |-2.00     |1,062     |1,405       |-1,050   |4,249.98     |2,015.00               
2021-07-06 |SA108        |2,251.00   |2,252.00 |2,319.00 |2,247.00 |2,300.00 |2,287.00  |49.00     |36.00     |1,982     |9,359       |-6       |9,065.99     |                       
2021-07-06 |SA109        |2,265.00   |2,269.00 |2,336.00 |2,263.00 |2,319.00 |2,307.00  |54.00     |42.00     |417,403   |364,772     |18,803   |1,926,237.02 |                       
2021-07-06 |SA110        |2,346.00   |2,345.00 |2,414.00 |2,345.00 |2,393.00 |2,392.00  |47.00     |46.00     |11,210    |11,305      |850      |53,636.95    |                       
2021-07-06 |SA111        |2,351.00   |2,356.00 |2,418.00 |2,355.00 |2,395.00 |2,396.00  |44.00     |45.00     |6,186     |4,616       |616      |29,637.73    |                       
2021-07-06 |SA112        |2,473.00   |2,473.00 |2,539.00 |2,473.00 |2,520.00 |2,519.00  |47.00     |46.00     |1,186     |688         |93       |5,974.10     |                       
2021-07-06 |SA201        |2,474.00   |2,485.00 |2,545.00 |2,480.00 |2,528.00 |2,519.00  |54.00     |45.00     |113,780   |181,480     |15,171   |573,155.20   |                       
2021-07-06 |SA202        |2,508.00   |2,509.00 |2,567.00 |2,504.00 |2,557.00 |2,544.00  |49.00     |36.00     |47        |295         |4        |239.13       |                       
2021-07-06 |SA203        |2,510.00   |2,520.00 |2,573.00 |2,518.00 |2,559.00 |2,553.00  |49.00     |43.00     |312       |1,523       |38       |1,593.10     |                       
2021-07-06 |SA204        |2,545.00   |2,559.00 |2,608.00 |2,559.00 |2,601.00 |2,588.00  |56.00     |43.00     |86        |415         |35       |445.10       |                       
2021-07-06 |SA205        |2,538.00   |2,548.00 |2,608.00 |2,540.00 |2,599.00 |2,587.00  |61.00     |49.00     |10,700    |22,597      |2,477    |55,362.14    |                       
2021-07-06 |SA206        |2,556.00   |2,565.00 |2,619.00 |2,565.00 |2,608.00 |2,602.00  |52.00     |46.00     |194       |563         |57       |1,009.42     |                       
2021-07-07 |SA107        |2,004.00   |1,986.00 |1,986.00 |1,980.00 |1,980.00 |1,985.00  |-24.00    |-19.00    |593       |841         |-564     |2,371.47     |2,013.00               
2021-07-07 |SA108        |2,287.00   |2,290.00 |2,293.00 |2,236.00 |2,254.00 |2,264.00  |-33.00    |-23.00    |1,564     |8,601       |-758     |7,081.34     |                       
2021-07-07 |SA109        |2,307.00   |2,318.00 |2,318.00 |2,250.00 |2,268.00 |2,285.00  |-39.00    |-22.00    |402,151   |329,279     |-35,493  |1,837,904.68 |                       
2021-07-07 |SA110        |2,392.00   |2,383.00 |2,391.00 |2,334.00 |2,351.00 |2,371.00  |-41.00    |-21.00    |11,068    |11,675      |370      |52,484.85    |                       
2021-07-07 |SA111        |2,396.00   |2,388.00 |2,396.00 |2,341.00 |2,362.00 |2,375.00  |-34.00    |-21.00    |5,856     |4,755       |139      |27,819.88    |                       
2021-07-07 |SA112        |2,519.00   |2,516.00 |2,516.00 |2,457.00 |2,482.00 |2,492.00  |-37.00    |-27.00    |1,465     |727         |39       |7,301.00     |                       
2021-07-07 |SA201        |2,519.00   |2,522.00 |2,524.00 |2,460.00 |2,484.00 |2,494.00  |-35.00    |-25.00    |125,076   |177,071     |-4,409   |623,774.46   |                       
2021-07-07 |SA202        |2,544.00   |2,545.00 |2,549.00 |2,510.00 |2,518.00 |2,527.00  |-26.00    |-17.00    |58        |320         |25       |293.17       |                       
2021-07-07 |SA203        |2,553.00   |2,550.00 |2,550.00 |2,508.00 |2,519.00 |2,530.00  |-34.00    |-23.00    |200       |1,627       |104      |1,012.04     |                       
2021-07-07 |SA204        |2,588.00   |2,586.00 |2,602.00 |2,567.00 |2,572.00 |2,581.00  |-16.00    |-7.00     |97        |454         |39       |500.75       |                       
2021-07-07 |SA205        |2,587.00   |2,596.00 |2,600.00 |2,564.00 |2,579.00 |2,582.00  |-8.00     |-5.00     |10,910    |23,378      |781      |56,339.58    |                       
2021-07-07 |SA206        |2,602.00   |2,600.00 |2,620.00 |2,588.00 |2,602.00 |2,604.00  |0.00      |2.00      |237       |647         |84       |1,234.28     |                       
2021-07-08 |SA107        |1,985.00   |2,025.00 |2,030.00 |1,979.00 |1,979.00 |2,008.00  |-6.00     |23.00     |298       |617         |-224     |1,169.85     |2,011.00               
2021-07-08 |SA108        |2,264.00   |2,253.00 |2,279.00 |2,245.00 |2,257.00 |2,257.00  |-7.00     |-7.00     |838       |8,487       |-114     |3,783.33     |                       
2021-07-08 |SA109        |2,285.00   |2,268.00 |2,298.00 |2,260.00 |2,273.00 |2,277.00  |-12.00    |-8.00     |324,247   |308,875     |-20,404  |1,476,934.22 |                       
2021-07-08 |SA110        |2,371.00   |2,360.00 |2,384.00 |2,349.00 |2,363.00 |2,364.00  |-8.00     |-7.00     |12,276    |11,363      |-312     |58,043.67    |                       
2021-07-08 |SA111        |2,375.00   |2,368.00 |2,387.00 |2,354.00 |2,369.00 |2,369.00  |-6.00     |-6.00     |8,440     |4,757       |2        |39,983.24    |                       
2021-07-08 |SA112        |2,492.00   |2,482.00 |2,501.00 |2,467.00 |2,482.00 |2,483.00  |-10.00    |-9.00     |1,101     |699         |-28      |5,466.81     |                       
2021-07-08 |SA201        |2,494.00   |2,486.00 |2,505.00 |2,468.00 |2,476.00 |2,485.00  |-18.00    |-9.00     |91,290    |172,313     |-4,758   |453,723.86   |                       
2021-07-08 |SA202        |2,527.00   |2,538.00 |2,538.00 |2,512.00 |2,515.00 |2,523.00  |-12.00    |-4.00     |16        |328         |8        |80.74        |                       
2021-07-08 |SA203        |2,530.00   |2,538.00 |2,541.00 |2,511.00 |2,528.00 |2,527.00  |-2.00     |-3.00     |77        |1,656       |29       |389.11       |                       
2021-07-08 |SA204        |2,581.00   |2,586.00 |2,606.00 |2,577.00 |2,591.00 |2,593.00  |10.00     |12.00     |24        |460         |6        |124.46       |                       
2021-07-08 |SA205        |2,582.00   |2,582.00 |2,607.00 |2,574.00 |2,591.00 |2,592.00  |9.00      |10.00     |9,703     |24,777      |1,399    |50,307.72    |                       
2021-07-08 |SA206        |2,604.00   |2,602.00 |2,627.00 |2,602.00 |2,619.00 |2,616.00  |15.00     |12.00     |164       |717         |70       |858.13       |                       
2021-07-09 |SA107        |2,008.00   |2,030.00 |2,050.00 |1,980.00 |2,030.00 |2,011.00  |22.00     |3.00      |562       |305         |-312     |2,259.83     |2,005.00               
2021-07-09 |SA108        |2,257.00   |2,250.00 |2,259.00 |2,219.00 |2,253.00 |2,235.00  |-4.00     |-22.00    |735       |8,327       |-160     |3,285.69     |                       
2021-07-09 |SA109        |2,277.00   |2,265.00 |2,278.00 |2,232.00 |2,272.00 |2,252.00  |-5.00     |-25.00    |320,298   |291,971     |-16,904  |1,442,849.86 |                       
2021-07-09 |SA110        |2,364.00   |2,352.00 |2,361.00 |2,327.00 |2,359.00 |2,341.00  |-5.00     |-23.00    |11,543    |11,173      |-190     |54,052.98    |                       
2021-07-09 |SA111        |2,369.00   |2,350.00 |2,365.00 |2,332.00 |2,363.00 |2,346.00  |-6.00     |-23.00    |6,571     |4,916       |159      |30,831.80    |                       
2021-07-09 |SA112        |2,483.00   |2,468.00 |2,478.00 |2,445.00 |2,473.00 |2,461.00  |-10.00    |-22.00    |1,036     |623         |-76      |5,098.41     |                       
2021-07-09 |SA201        |2,485.00   |2,472.00 |2,477.00 |2,439.00 |2,467.00 |2,456.00  |-18.00    |-29.00    |97,517    |170,837     |-1,476   |479,033.30   |                       
2021-07-09 |SA202        |2,523.00   |2,492.00 |2,520.00 |2,490.00 |2,511.00 |2,497.00  |-12.00    |-26.00    |70        |324         |-4       |349.61       |                       
2021-07-09 |SA203        |2,527.00   |2,514.00 |2,533.00 |2,494.00 |2,515.00 |2,506.00  |-12.00    |-21.00    |110       |1,655       |-1       |551.30       |                       
2021-07-09 |SA204        |2,593.00   |2,584.00 |2,599.00 |2,562.00 |2,578.00 |2,574.00  |-15.00    |-19.00    |72        |469         |9        |370.70       |                       
2021-07-09 |SA205        |2,592.00   |2,589.00 |2,591.00 |2,558.00 |2,573.00 |2,575.00  |-19.00    |-17.00    |10,636    |24,165      |-612     |54,784.64    |                       
2021-07-09 |SA206        |2,616.00   |2,613.00 |2,621.00 |2,591.00 |2,606.00 |2,606.00  |-10.00    |-10.00    |327       |706         |-11      |1,704.59     |                       
2021-07-12 |SA107        |2,011.00   |2,011.00 |2,011.00 |2,011.00 |2,011.00 |2,011.00  |0.00      |0.00      |12        |305         |0        |48.26        |2,002.00               
2021-07-12 |SA108        |2,235.00   |2,265.00 |2,285.00 |2,236.00 |2,254.00 |2,255.00  |19.00     |20.00     |1,290     |7,810       |-517     |5,819.05     |                       
2021-07-12 |SA109        |2,252.00   |2,280.00 |2,305.00 |2,251.00 |2,270.00 |2,278.00  |18.00     |26.00     |330,681   |299,507     |7,536    |1,506,525.15 |                       
2021-07-12 |SA110        |2,341.00   |2,360.00 |2,386.00 |2,339.00 |2,357.00 |2,364.00  |16.00     |23.00     |12,428    |10,920      |-253     |58,767.32    |                       
2021-07-12 |SA111        |2,346.00   |2,386.00 |2,386.00 |2,344.00 |2,364.00 |2,370.00  |18.00     |24.00     |9,142     |4,947       |31       |43,333.91    |                       
2021-07-12 |SA112        |2,461.00   |2,490.00 |2,495.00 |2,457.00 |2,478.00 |2,479.00  |17.00     |18.00     |1,082     |656         |33       |5,363.88     |                       
2021-07-12 |SA201        |2,456.00   |2,470.00 |2,497.00 |2,454.00 |2,473.00 |2,479.00  |17.00     |23.00     |91,667    |175,615     |4,778    |454,433.22   |                       
2021-07-12 |SA202        |2,497.00   |2,532.00 |2,538.00 |2,516.00 |2,520.00 |2,528.00  |23.00     |31.00     |10        |323         |-1       |50.55        |                       
2021-07-12 |SA203        |2,506.00   |2,532.00 |2,542.00 |2,507.00 |2,523.00 |2,533.00  |17.00     |27.00     |111       |1,657       |2        |562.26       |                       
2021-07-12 |SA204        |2,574.00   |2,590.00 |2,604.00 |2,574.00 |2,590.00 |2,588.00  |16.00     |14.00     |41        |454         |-15      |212.25       |                       
2021-07-12 |SA205        |2,575.00   |2,583.00 |2,604.00 |2,573.00 |2,588.00 |2,589.00  |13.00     |14.00     |6,512     |23,857      |-308     |33,717.09    |                       
2021-07-12 |SA206        |2,606.00   |2,680.00 |2,680.00 |2,589.00 |2,621.00 |2,622.00  |15.00     |16.00     |213       |679         |-27      |1,116.80     |                       
2021-07-13 |SA107        |2,011.00   |0.00     |0.00     |0.00     |0.00     |2,016.00  |5.00      |5.00      |50        |255         |-50      |200.00       |2,003.00               
2021-07-13 |SA108        |2,255.00   |2,249.00 |2,283.00 |2,249.00 |2,281.00 |2,267.00  |26.00     |12.00     |742       |7,699       |-111     |3,363.52     |                       
2021-07-13 |SA109        |2,278.00   |2,270.00 |2,300.00 |2,266.00 |2,297.00 |2,284.00  |19.00     |6.00      |271,181   |294,995     |-4,512   |1,238,604.23 |                       
2021-07-13 |SA110        |2,364.00   |2,359.00 |2,383.00 |2,355.00 |2,382.00 |2,367.00  |18.00     |3.00      |11,980    |11,494      |574      |56,710.00    |                       
2021-07-13 |SA111        |2,370.00   |2,363.00 |2,388.00 |2,360.00 |2,387.00 |2,373.00  |17.00     |3.00      |7,177     |5,165       |218      |34,057.48    |                       
2021-07-13 |SA112        |2,479.00   |2,478.00 |2,508.00 |2,478.00 |2,508.00 |2,491.00  |29.00     |12.00     |1,202     |796         |140      |5,988.86     |                       
2021-07-13 |SA201        |2,479.00   |2,478.00 |2,507.00 |2,472.00 |2,505.00 |2,490.00  |26.00     |11.00     |83,942    |179,645     |4,030    |417,950.19   |                       
2021-07-13 |SA202        |2,528.00   |2,528.00 |2,545.00 |2,523.00 |2,538.00 |2,535.00  |10.00     |7.00      |13        |315         |-8       |65.91        |                       
2021-07-13 |SA203        |2,533.00   |2,529.00 |2,550.00 |2,525.00 |2,550.00 |2,534.00  |17.00     |1.00      |66        |1,627       |-30      |334.51       |                       
2021-07-13 |SA204        |2,588.00   |2,602.00 |2,617.00 |2,593.00 |2,617.00 |2,605.00  |29.00     |17.00     |36        |458         |4        |187.58       |                       
2021-07-13 |SA205        |2,589.00   |2,591.00 |2,619.00 |2,583.00 |2,618.00 |2,604.00  |29.00     |15.00     |6,138     |25,300      |1,443    |31,966.41    |                       
2021-07-13 |SA206        |2,622.00   |2,614.00 |2,643.00 |2,613.00 |2,635.00 |2,632.00  |13.00     |10.00     |110       |686         |7        |578.98       |                       
2021-07-14 |SA107        |2,016.00   |0.00     |0.00     |0.00     |0.00     |2,016.00  |0.00      |0.00      |0         |0           |-255     |0.00         |2,007.00               
2021-07-14 |SA108        |2,267.00   |2,291.00 |2,292.00 |2,256.00 |2,277.00 |2,276.00  |10.00     |9.00      |790       |7,708       |9        |3,595.63     |                       
2021-07-14 |SA109        |2,284.00   |2,298.00 |2,311.00 |2,272.00 |2,294.00 |2,292.00  |10.00     |8.00      |274,708   |296,291     |1,296    |1,259,412.66 |                       
2021-07-14 |SA110        |2,367.00   |2,380.00 |2,392.00 |2,358.00 |2,373.00 |2,374.00  |6.00      |7.00      |13,505    |11,610      |116      |64,119.07    |                       
2021-07-14 |SA111        |2,373.00   |2,384.00 |2,397.00 |2,364.00 |2,380.00 |2,380.00  |7.00      |7.00      |7,715     |5,138       |-27      |36,719.18    |                       
2021-07-14 |SA112        |2,491.00   |2,503.00 |2,511.00 |2,480.00 |2,495.00 |2,495.00  |4.00      |4.00      |1,066     |676         |-120     |5,318.90     |                       
2021-07-14 |SA201        |2,490.00   |2,505.00 |2,512.00 |2,477.00 |2,496.00 |2,494.00  |6.00      |4.00      |75,626    |170,956     |-8,689   |377,172.73   |                       
2021-07-14 |SA202        |2,535.00   |2,548.00 |2,549.00 |2,500.00 |2,534.00 |2,536.00  |-1.00     |1.00      |13        |311         |-4       |65.94        |                       
2021-07-14 |SA203        |2,534.00   |2,544.00 |2,549.00 |2,500.00 |2,541.00 |2,537.00  |7.00      |3.00      |133       |1,605       |-22      |674.94       |                       
2021-07-14 |SA204        |2,605.00   |2,613.00 |2,618.00 |2,607.00 |2,618.00 |2,613.00  |13.00     |8.00      |17        |460         |2        |88.83        |                       
2021-07-14 |SA205        |2,604.00   |2,617.00 |2,624.00 |2,602.00 |2,621.00 |2,614.00  |17.00     |10.00     |8,308     |27,069      |1,769    |43,435.04    |                       
2021-07-14 |SA206        |2,632.00   |2,635.00 |2,649.00 |2,632.00 |2,646.00 |2,641.00  |14.00     |9.00      |99        |694         |8        |522.89       |                       
2021-07-15 |SA108        |2,276.00   |2,269.00 |2,298.00 |2,222.00 |2,259.00 |2,243.00  |-17.00    |-33.00    |1,111     |7,091       |-617     |4,984.68     |                       
2021-07-15 |SA109        |2,292.00   |2,295.00 |2,317.00 |2,238.00 |2,272.00 |2,271.00  |-20.00    |-21.00    |388,115   |285,478     |-10,813  |1,763,038.57 |                       
2021-07-15 |SA110        |2,374.00   |2,377.00 |2,394.00 |2,328.00 |2,361.00 |2,357.00  |-13.00    |-17.00    |14,410    |11,160      |-450     |67,935.45    |                       
2021-07-15 |SA111        |2,380.00   |2,372.00 |2,401.00 |2,333.00 |2,364.00 |2,363.00  |-16.00    |-17.00    |8,093     |4,966       |-172     |38,246.63    |                       
2021-07-15 |SA112        |2,495.00   |2,500.00 |2,512.00 |2,438.00 |2,480.00 |2,468.00  |-15.00    |-27.00    |1,490     |760         |84       |7,355.88     |                       
2021-07-15 |SA201        |2,494.00   |2,499.00 |2,511.00 |2,435.00 |2,480.00 |2,467.00  |-14.00    |-27.00    |130,515   |175,619     |4,663    |643,967.50   |                       
2021-07-15 |SA202        |2,536.00   |2,527.00 |2,527.00 |2,496.00 |2,527.00 |2,502.00  |-9.00     |-34.00    |69        |303         |-8       |345.28       |                       
2021-07-15 |SA203        |2,537.00   |2,529.00 |2,529.00 |2,481.00 |2,526.00 |2,508.00  |-11.00    |-29.00    |94        |1,595       |-10      |471.52       |                       
2021-07-15 |SA204        |2,613.00   |2,619.00 |2,619.00 |2,567.00 |2,615.00 |2,595.00  |2.00      |-18.00    |154       |516         |56       |799.16       |                       
2021-07-15 |SA205        |2,614.00   |2,621.00 |2,631.00 |2,578.00 |2,615.00 |2,603.00  |1.00      |-11.00    |10,298    |27,763      |694      |53,617.26    |                       
2021-07-15 |SA206        |2,641.00   |2,655.00 |2,661.00 |2,620.00 |2,643.00 |2,638.00  |2.00      |-3.00     |601       |707         |13       |3,171.41     |                       
2021-07-15 |SA207        |2,641.00   |2,656.00 |2,660.00 |2,601.00 |2,650.00 |2,642.00  |9.00      |1.00      |143       |86          |86       |755.61       |                       
2021-07-16 |SA108        |2,243.00   |2,250.00 |2,322.00 |2,239.00 |2,311.00 |2,295.00  |68.00     |52.00     |1,363     |7,963       |872      |6,256.26     |                       
2021-07-16 |SA109        |2,271.00   |2,279.00 |2,344.00 |2,251.00 |2,333.00 |2,294.00  |62.00     |23.00     |419,519   |313,923     |28,445   |1,924,764.55 |                       
2021-07-16 |SA110        |2,357.00   |2,363.00 |2,420.00 |2,336.00 |2,406.00 |2,367.00  |49.00     |10.00     |12,465    |12,094      |934      |59,007.07    |                       
2021-07-16 |SA111        |2,363.00   |2,354.00 |2,425.00 |2,341.00 |2,417.00 |2,371.00  |54.00     |8.00      |9,137     |5,664       |698      |43,320.06    |                       
2021-07-16 |SA112        |2,468.00   |2,480.00 |2,540.00 |2,456.00 |2,533.00 |2,490.00  |65.00     |22.00     |2,514     |1,131       |371      |12,519.48    |                       
2021-07-16 |SA201        |2,467.00   |2,482.00 |2,544.00 |2,458.00 |2,530.00 |2,496.00  |63.00     |29.00     |121,728   |175,093     |-526     |607,583.69   |                       
2021-07-16 |SA202        |2,502.00   |2,518.00 |2,601.00 |2,507.00 |2,573.00 |2,562.00  |71.00     |60.00     |21        |298         |-5       |107.59       |                       
2021-07-16 |SA203        |2,508.00   |2,506.00 |2,599.00 |2,499.00 |2,575.00 |2,530.00  |67.00     |22.00     |83        |1,567       |-28      |419.94       |                       
2021-07-16 |SA204        |2,595.00   |2,614.00 |2,678.00 |2,593.00 |2,655.00 |2,625.00  |60.00     |30.00     |54        |521         |5        |283.55       |                       
2021-07-16 |SA205        |2,603.00   |2,616.00 |2,662.00 |2,598.00 |2,656.00 |2,626.00  |53.00     |23.00     |9,176     |28,174      |411      |48,189.25    |                       
2021-07-16 |SA206        |2,638.00   |2,647.00 |2,692.00 |2,634.00 |2,682.00 |2,658.00  |44.00     |20.00     |172       |758         |51       |914.46       |                       
2021-07-16 |SA207        |2,642.00   |2,646.00 |2,692.00 |2,640.00 |2,676.00 |2,659.00  |34.00     |17.00     |36        |106         |20       |191.43       |                       
2021-07-19 |SA108        |2,295.00   |2,305.00 |2,343.00 |2,280.00 |2,292.00 |2,316.00  |-3.00     |21.00     |1,563     |8,107       |144      |7,240.97     |                       
2021-07-19 |SA109        |2,294.00   |2,333.00 |2,368.00 |2,296.00 |2,311.00 |2,328.00  |17.00     |34.00     |397,372   |283,966     |-29,957  |1,850,514.28 |                       
2021-07-19 |SA110        |2,367.00   |2,410.00 |2,444.00 |2,379.00 |2,394.00 |2,410.00  |27.00     |43.00     |14,240    |12,147      |53       |68,649.98    |                       
2021-07-19 |SA111        |2,371.00   |2,413.00 |2,449.00 |2,383.00 |2,397.00 |2,418.00  |26.00     |47.00     |10,069    |5,363       |-301     |48,693.65    |                       
2021-07-19 |SA112        |2,490.00   |2,532.00 |2,563.00 |2,498.00 |2,508.00 |2,525.00  |18.00     |35.00     |2,554     |1,192       |61       |12,896.51    |                       
2021-07-19 |SA201        |2,496.00   |2,532.00 |2,567.00 |2,498.00 |2,510.00 |2,528.00  |14.00     |32.00     |126,487   |174,510     |-583     |639,547.30   |                       
2021-07-19 |SA202        |2,562.00   |2,587.00 |2,600.00 |2,543.00 |2,566.00 |2,572.00  |4.00      |10.00     |106       |311         |13       |545.20       |                       
2021-07-19 |SA203        |2,530.00   |2,585.00 |2,604.00 |2,540.00 |2,556.00 |2,573.00  |26.00     |43.00     |122       |1,575       |8        |627.82       |                       
2021-07-19 |SA204        |2,625.00   |2,657.00 |2,695.00 |2,642.00 |2,642.00 |2,669.00  |17.00     |44.00     |47        |509         |-12      |250.86       |                       
2021-07-19 |SA205        |2,626.00   |2,655.00 |2,698.00 |2,641.00 |2,646.00 |2,668.00  |20.00     |42.00     |10,522    |28,469      |295      |56,149.82    |                       
2021-07-19 |SA206        |2,658.00   |2,697.00 |2,728.00 |2,674.00 |2,674.00 |2,697.00  |16.00     |39.00     |254       |736         |-22      |1,369.86     |                       
2021-07-19 |SA207        |2,659.00   |2,679.00 |2,732.00 |2,670.00 |2,685.00 |2,694.00  |26.00     |35.00     |153       |113         |7        |824.49       |                       
2021-07-20 |SA108        |2,316.00   |2,276.00 |2,301.00 |2,268.00 |2,291.00 |2,287.00  |-25.00    |-29.00    |585       |7,803       |-304     |2,675.40     |                       
2021-07-20 |SA109        |2,328.00   |2,292.00 |2,327.00 |2,282.00 |2,317.00 |2,307.00  |-11.00    |-21.00    |268,228   |268,962     |-15,004  |1,237,706.20 |                       
2021-07-20 |SA110        |2,410.00   |2,385.00 |2,406.00 |2,365.00 |2,396.00 |2,392.00  |-14.00    |-18.00    |11,522    |12,128      |-19      |55,115.99    |                       
2021-07-20 |SA111        |2,418.00   |2,390.00 |2,411.00 |2,371.00 |2,399.00 |2,396.00  |-19.00    |-22.00    |7,749     |5,320       |-43      |37,137.52    |                       
2021-07-20 |SA112        |2,525.00   |2,485.00 |2,520.00 |2,478.00 |2,509.00 |2,497.00  |-16.00    |-28.00    |1,927     |1,033       |-159     |9,621.79     |                       
2021-07-20 |SA201        |2,528.00   |2,489.00 |2,523.00 |2,477.00 |2,513.00 |2,501.00  |-15.00    |-27.00    |99,839    |173,890     |-620     |499,448.50   |                       
2021-07-20 |SA202        |2,572.00   |2,512.00 |2,593.00 |2,512.00 |2,568.00 |2,554.00  |-4.00     |-18.00    |29        |304         |-7       |148.15       |                       
2021-07-20 |SA203        |2,573.00   |2,540.00 |2,590.00 |2,508.00 |2,563.00 |2,548.00  |-10.00    |-25.00    |84        |1,542       |-33      |428.05       |                       
2021-07-20 |SA204        |2,669.00   |2,630.00 |2,684.00 |2,628.00 |2,660.00 |2,645.00  |-9.00     |-24.00    |62        |517         |8        |327.97       |                       
2021-07-20 |SA205        |2,668.00   |2,636.00 |2,665.00 |2,620.00 |2,660.00 |2,646.00  |-8.00     |-22.00    |9,227     |29,563      |1,094    |48,828.63    |                       
2021-07-20 |SA206        |2,697.00   |2,655.00 |2,706.00 |2,655.00 |2,700.00 |2,680.00  |3.00      |-17.00    |274       |770         |34       |1,468.67     |                       
2021-07-20 |SA207        |2,694.00   |2,680.00 |2,716.00 |2,672.00 |2,709.00 |2,693.00  |15.00     |-1.00     |175       |231         |118      |942.58       |                       
2021-07-21 |SA108        |2,287.00   |2,310.00 |2,374.00 |2,309.00 |2,358.00 |2,350.00  |71.00     |63.00     |1,402     |7,995       |192      |6,589.17     |                       
2021-07-21 |SA109        |2,307.00   |2,325.00 |2,396.00 |2,320.00 |2,380.00 |2,370.00  |73.00     |63.00     |460,443   |309,250     |40,288   |2,182,515.41 |                       
2021-07-21 |SA110        |2,392.00   |2,402.00 |2,470.00 |2,402.00 |2,461.00 |2,448.00  |69.00     |56.00     |17,502    |15,144      |3,016    |85,676.93    |                       
2021-07-21 |SA111        |2,396.00   |2,416.00 |2,477.00 |2,414.00 |2,464.00 |2,453.00  |68.00     |57.00     |8,674     |6,318       |998      |42,547.97    |                       
2021-07-21 |SA112        |2,497.00   |2,509.00 |2,601.00 |2,509.00 |2,585.00 |2,574.00  |88.00     |77.00     |3,721     |1,778       |745      |19,155.26    |                       
2021-07-21 |SA201        |2,501.00   |2,525.00 |2,604.00 |2,520.00 |2,585.00 |2,575.00  |84.00     |74.00     |208,771   |189,460     |15,570   |1,075,248.97 |                       
2021-07-21 |SA202        |2,554.00   |2,596.00 |2,646.00 |2,596.00 |2,630.00 |2,624.00  |76.00     |70.00     |70        |323         |19       |367.36       |                       
2021-07-21 |SA203        |2,548.00   |2,600.00 |2,648.00 |2,600.00 |2,643.00 |2,620.00  |95.00     |72.00     |86        |1,526       |-16      |450.71       |                       
2021-07-21 |SA204        |2,645.00   |2,666.00 |2,726.00 |2,666.00 |2,715.00 |2,704.00  |70.00     |59.00     |75        |504         |-13      |405.54       |                       
2021-07-21 |SA205        |2,646.00   |2,663.00 |2,722.00 |2,663.00 |2,703.00 |2,705.00  |57.00     |59.00     |18,671    |31,411      |1,848    |100,995.23   |                       
2021-07-21 |SA206        |2,680.00   |2,714.00 |2,770.00 |2,714.00 |2,758.00 |2,751.00  |78.00     |71.00     |585       |920         |150      |3,218.33     |                       
2021-07-21 |SA207        |2,693.00   |2,710.00 |2,772.00 |2,710.00 |2,760.00 |2,755.00  |67.00     |62.00     |316       |356         |125      |1,741.18     |                       
2021-07-22 |SA108        |2,350.00   |2,370.00 |2,381.00 |2,348.00 |2,371.00 |2,368.00  |21.00     |18.00     |611       |7,889       |-106     |2,893.14     |                       
2021-07-22 |SA109        |2,370.00   |2,384.00 |2,404.00 |2,366.00 |2,394.00 |2,387.00  |24.00     |17.00     |287,634   |301,759     |-7,491   |1,373,212.05 |                       
2021-07-22 |SA110        |2,448.00   |2,469.00 |2,477.00 |2,446.00 |2,470.00 |2,464.00  |22.00     |16.00     |8,519     |15,388      |244      |41,979.92    |                       
2021-07-22 |SA111        |2,453.00   |2,473.00 |2,484.00 |2,454.00 |2,474.00 |2,471.00  |21.00     |18.00     |5,847     |6,408       |90       |28,890.66    |                       
2021-07-22 |SA112        |2,574.00   |2,590.00 |2,605.00 |2,576.00 |2,597.00 |2,592.00  |23.00     |18.00     |1,352     |1,798       |20       |7,009.85     |                       
2021-07-22 |SA201        |2,575.00   |2,591.00 |2,609.00 |2,577.00 |2,603.00 |2,594.00  |28.00     |19.00     |132,011   |191,398     |1,938    |684,997.27   |                       
2021-07-22 |SA202        |2,624.00   |2,641.00 |2,660.00 |2,631.00 |2,653.00 |2,647.00  |29.00     |23.00     |50        |318         |-5       |264.67       |                       
2021-07-22 |SA203        |2,620.00   |2,635.00 |2,655.00 |2,626.00 |2,647.00 |2,644.00  |27.00     |24.00     |102       |1,498       |-28      |539.34       |                       
2021-07-22 |SA204        |2,704.00   |2,712.00 |2,720.00 |2,700.00 |2,716.00 |2,713.00  |12.00     |9.00      |29        |494         |-10      |157.38       |                       
2021-07-22 |SA205        |2,705.00   |2,710.00 |2,722.00 |2,697.00 |2,720.00 |2,711.00  |15.00     |6.00      |11,631    |32,879      |1,468    |63,064.03    |                       
2021-07-22 |SA206        |2,751.00   |2,777.00 |2,777.00 |2,749.00 |2,763.00 |2,761.00  |12.00     |10.00     |204       |900         |-20      |1,126.55     |                       
2021-07-22 |SA207        |2,755.00   |2,752.00 |2,778.00 |2,750.00 |2,766.00 |2,762.00  |11.00     |7.00      |124       |366         |10       |684.94       |                       
2021-07-23 |SA108        |2,368.00   |2,365.00 |2,371.00 |2,310.00 |2,319.00 |2,340.00  |-49.00    |-28.00    |776       |7,637       |-252     |3,631.56     |                       
2021-07-23 |SA109        |2,387.00   |2,378.00 |2,394.00 |2,329.00 |2,339.00 |2,368.00  |-48.00    |-19.00    |319,102   |283,280     |-18,479  |1,511,131.07 |                       
2021-07-23 |SA110        |2,464.00   |2,463.00 |2,470.00 |2,414.00 |2,426.00 |2,450.00  |-38.00    |-14.00    |10,826    |15,101      |-287     |53,052.73    |                       
2021-07-23 |SA111        |2,471.00   |2,471.00 |2,483.00 |2,422.00 |2,431.00 |2,457.00  |-40.00    |-14.00    |8,232     |6,484       |76       |40,455.11    |                       
2021-07-23 |SA112        |2,592.00   |2,600.00 |2,606.00 |2,544.00 |2,548.00 |2,578.00  |-44.00    |-14.00    |4,476     |1,756       |-42      |23,081.85    |                       
2021-07-23 |SA201        |2,594.00   |2,598.00 |2,606.00 |2,541.00 |2,552.00 |2,581.00  |-42.00    |-13.00    |179,525   |189,162     |-2,236   |926,606.84   |                       
2021-07-23 |SA202        |2,647.00   |2,660.00 |2,664.00 |2,603.00 |2,617.00 |2,640.00  |-30.00    |-7.00     |35        |320         |2        |184.82       |                       
2021-07-23 |SA203        |2,644.00   |2,662.00 |2,673.00 |2,593.00 |2,601.00 |2,638.00  |-43.00    |-6.00     |144       |1,500       |2        |759.79       |                       
2021-07-23 |SA204        |2,713.00   |2,722.00 |2,730.00 |2,661.00 |2,676.00 |2,684.00  |-37.00    |-29.00    |58        |456         |-38      |311.39       |                       
2021-07-23 |SA205        |2,711.00   |2,712.00 |2,722.00 |2,650.00 |2,664.00 |2,687.00  |-47.00    |-24.00    |21,206    |34,010      |1,131    |113,966.36   |                       
2021-07-23 |SA206        |2,761.00   |2,760.00 |2,769.00 |2,697.00 |2,705.00 |2,730.00  |-56.00    |-31.00    |634       |908         |8        |3,461.62     |                       
2021-07-23 |SA207        |2,762.00   |2,765.00 |2,765.00 |2,700.00 |2,711.00 |2,739.00  |-51.00    |-23.00    |185       |333         |-33      |1,013.52     |                       
2021-07-26 |SA108        |2,340.00   |2,314.00 |2,335.00 |2,292.00 |2,313.00 |2,316.00  |-27.00    |-24.00    |1,570     |6,428       |-1,209   |7,290.69     |                       
2021-07-26 |SA109        |2,368.00   |2,336.00 |2,358.00 |2,312.00 |2,335.00 |2,338.00  |-33.00    |-30.00    |267,961   |266,649     |-16,631  |1,253,153.36 |                       
2021-07-26 |SA110        |2,450.00   |2,426.00 |2,447.00 |2,410.00 |2,433.00 |2,429.00  |-17.00    |-21.00    |12,248    |12,762      |-2,339   |59,493.19    |                       
2021-07-26 |SA111        |2,457.00   |2,442.00 |2,457.00 |2,418.00 |2,445.00 |2,436.00  |-12.00    |-21.00    |7,683     |6,068       |-416     |37,432.07    |                       
2021-07-26 |SA112        |2,578.00   |2,547.00 |2,589.00 |2,536.00 |2,574.00 |2,562.00  |-4.00     |-16.00    |4,252     |1,850       |94       |21,785.89    |                       
2021-07-26 |SA201        |2,581.00   |2,552.00 |2,597.00 |2,537.00 |2,581.00 |2,566.00  |0.00      |-15.00    |157,035   |198,707     |9,545    |805,822.59   |                       
2021-07-26 |SA202        |2,640.00   |2,593.00 |2,661.00 |2,593.00 |2,631.00 |2,618.00  |-9.00     |-22.00    |32        |324         |4        |167.57       |                       
2021-07-26 |SA203        |2,638.00   |2,590.00 |2,640.00 |2,590.00 |2,627.00 |2,616.00  |-11.00    |-22.00    |34        |1,495       |-5       |177.88       |                       
2021-07-26 |SA204        |2,684.00   |2,658.00 |2,708.00 |2,638.00 |2,655.00 |2,667.00  |-29.00    |-17.00    |24        |456         |0        |128.01       |                       
2021-07-26 |SA205        |2,687.00   |2,659.00 |2,690.00 |2,647.00 |2,673.00 |2,666.00  |-14.00    |-21.00    |13,343    |35,184      |1,174    |71,136.51    |                       
2021-07-26 |SA206        |2,730.00   |2,710.00 |2,730.00 |2,689.00 |2,712.00 |2,705.00  |-18.00    |-25.00    |309       |929         |21       |1,671.94     |                       
2021-07-26 |SA207        |2,739.00   |2,709.00 |2,736.00 |2,695.00 |2,707.00 |2,710.00  |-32.00    |-29.00    |227       |352         |19       |1,230.54     |                       
2021-07-27 |SA108        |2,316.00   |2,301.00 |2,341.00 |2,250.00 |2,254.00 |2,300.00  |-62.00    |-16.00    |2,201     |5,330       |-1,098   |10,130.63    |                       
2021-07-27 |SA109        |2,338.00   |2,332.00 |2,364.00 |2,260.00 |2,270.00 |2,326.00  |-68.00    |-12.00    |324,101   |237,372     |-29,277  |1,507,656.89 |                       
2021-07-27 |SA110        |2,429.00   |2,441.00 |2,463.00 |2,356.00 |2,367.00 |2,434.00  |-62.00    |5.00      |13,937    |12,515      |-247     |67,839.48    |                       
2021-07-27 |SA111        |2,436.00   |2,444.00 |2,474.00 |2,367.00 |2,377.00 |2,446.00  |-59.00    |10.00     |13,085    |6,571       |503      |64,013.07    |                       
2021-07-27 |SA112        |2,562.00   |2,578.00 |2,626.00 |2,511.00 |2,533.00 |2,590.00  |-29.00    |28.00     |6,541     |2,525       |675      |33,877.32    |                       
2021-07-27 |SA201        |2,566.00   |2,586.00 |2,634.00 |2,515.00 |2,538.00 |2,590.00  |-28.00    |24.00     |269,999   |220,251     |21,544   |1,398,552.63 |                       
2021-07-27 |SA202        |2,618.00   |2,639.00 |2,676.00 |2,580.00 |2,593.00 |2,644.00  |-25.00    |26.00     |80        |339         |15       |422.97       |                       
2021-07-27 |SA203        |2,616.00   |2,635.00 |2,674.00 |2,573.00 |2,592.00 |2,624.00  |-24.00    |8.00      |106       |1,494       |-1       |556.23       |                       
2021-07-27 |SA204        |2,667.00   |2,705.00 |2,715.00 |2,639.00 |2,645.00 |2,689.00  |-22.00    |22.00     |24        |456         |0        |129.09       |                       
2021-07-27 |SA205        |2,666.00   |2,675.00 |2,718.00 |2,620.00 |2,639.00 |2,681.00  |-27.00    |15.00     |24,441    |38,788      |3,604    |131,063.43   |                       
2021-07-27 |SA206        |2,705.00   |2,709.00 |2,752.00 |2,660.00 |2,676.00 |2,724.00  |-29.00    |19.00     |729       |966         |37       |3,971.48     |                       
2021-07-27 |SA207        |2,710.00   |2,706.00 |2,750.00 |2,658.00 |2,678.00 |2,713.00  |-32.00    |3.00      |150       |362         |10       |813.85       |                       
2021-07-28 |SA108        |2,300.00   |2,255.00 |2,306.00 |2,255.00 |2,298.00 |2,291.00  |-2.00     |-9.00     |228       |5,221       |-109     |1,044.57     |                       
2021-07-28 |SA109        |2,326.00   |2,270.00 |2,319.00 |2,270.00 |2,312.00 |2,298.00  |-14.00    |-28.00    |189,692   |221,391     |-15,981  |871,750.53   |                       
2021-07-28 |SA110        |2,434.00   |2,365.00 |2,418.00 |2,365.00 |2,410.00 |2,399.00  |-24.00    |-35.00    |7,703     |12,261      |-254     |36,958.12    |                       
2021-07-28 |SA111        |2,446.00   |2,387.00 |2,431.00 |2,383.00 |2,421.00 |2,410.00  |-25.00    |-36.00    |7,763     |7,630       |1,059    |37,419.89    |                       
2021-07-28 |SA112        |2,590.00   |2,542.00 |2,591.00 |2,540.00 |2,571.00 |2,570.00  |-19.00    |-20.00    |3,465     |3,069       |544      |17,810.86    |                       
2021-07-28 |SA201        |2,590.00   |2,550.00 |2,602.00 |2,545.00 |2,584.00 |2,577.00  |-6.00     |-13.00    |182,047   |236,118     |15,867   |938,394.01   |                       
2021-07-28 |SA202        |2,644.00   |2,578.00 |2,658.00 |2,578.00 |2,640.00 |2,636.00  |-4.00     |-8.00     |40        |339         |0        |210.89       |                       
2021-07-28 |SA203        |2,624.00   |2,614.00 |2,664.00 |2,613.00 |2,637.00 |2,649.00  |13.00     |25.00     |149       |1,513       |19       |789.30       |                       
2021-07-28 |SA204        |2,689.00   |2,669.00 |2,698.00 |2,669.00 |2,686.00 |2,687.00  |-3.00     |-2.00     |18        |459         |3        |96.72        |                       
2021-07-28 |SA205        |2,681.00   |2,643.00 |2,700.00 |2,642.00 |2,689.00 |2,677.00  |8.00      |-4.00     |14,959    |41,336      |2,548    |80,092.61    |                       
2021-07-28 |SA206        |2,724.00   |2,654.00 |2,734.00 |2,654.00 |2,724.00 |2,711.00  |0.00      |-13.00    |480       |1,029       |63       |2,602.66     |                       
2021-07-28 |SA207        |2,713.00   |2,684.00 |2,744.00 |2,684.00 |2,712.00 |2,710.00  |-1.00     |-3.00     |98        |373         |11       |531.23       |                       
2021-07-29 |SA108        |2,291.00   |2,289.00 |2,318.00 |2,289.00 |2,310.00 |2,306.00  |19.00     |15.00     |1,006     |5,134       |-87      |4,635.36     |                       
2021-07-29 |SA109        |2,298.00   |2,312.00 |2,339.00 |2,307.00 |2,325.00 |2,324.00  |27.00     |26.00     |144,261   |197,044     |-24,347  |670,429.64   |                       
2021-07-29 |SA110        |2,399.00   |2,411.00 |2,433.00 |2,409.00 |2,423.00 |2,421.00  |24.00     |22.00     |6,452     |12,406      |145      |31,243.75    |                       
2021-07-29 |SA111        |2,410.00   |2,425.00 |2,443.00 |2,421.00 |2,436.00 |2,433.00  |26.00     |23.00     |4,016     |7,781       |151      |19,544.34    |                       
2021-07-29 |SA112        |2,570.00   |2,583.00 |2,599.00 |2,569.00 |2,589.00 |2,585.00  |19.00     |15.00     |2,436     |3,056       |-13      |12,594.77    |                       
2021-07-29 |SA201        |2,577.00   |2,579.00 |2,609.00 |2,577.00 |2,600.00 |2,593.00  |23.00     |16.00     |167,115   |260,288     |24,170   |866,581.15   |                       
2021-07-29 |SA202        |2,636.00   |2,655.00 |2,655.00 |2,638.00 |2,641.00 |2,649.00  |5.00      |13.00     |15        |339         |0        |79.46        |                       
2021-07-29 |SA203        |2,649.00   |2,646.00 |2,661.00 |2,642.00 |2,643.00 |2,656.00  |-6.00     |7.00      |14        |1,514       |1        |74.36        |                       
2021-07-29 |SA204        |2,687.00   |2,705.00 |2,706.00 |2,680.00 |2,697.00 |2,694.00  |10.00     |7.00      |14        |458         |-1       |75.44        |                       
2021-07-29 |SA205        |2,677.00   |2,684.00 |2,707.00 |2,680.00 |2,699.00 |2,695.00  |22.00     |18.00     |13,887    |41,898      |562      |74,851.63    |                       
2021-07-29 |SA206        |2,711.00   |2,734.00 |2,744.00 |2,718.00 |2,736.00 |2,733.00  |25.00     |22.00     |337       |1,044       |15       |1,841.85     |                       
2021-07-29 |SA207        |2,710.00   |2,734.00 |2,734.00 |2,706.00 |2,723.00 |2,723.00  |13.00     |13.00     |87        |361         |-12      |473.80       |                       
2021-07-30 |SA108        |2,306.00   |2,296.00 |2,330.00 |2,296.00 |2,317.00 |2,308.00  |11.00     |2.00      |1,883     |4,578       |-556     |8,691.09     |                       
2021-07-30 |SA109        |2,324.00   |2,324.00 |2,352.00 |2,312.00 |2,338.00 |2,335.00  |14.00     |11.00     |131,961   |165,898     |-31,146  |616,134.89   |                       
2021-07-30 |SA110        |2,421.00   |2,406.00 |2,458.00 |2,406.00 |2,439.00 |2,436.00  |18.00     |15.00     |6,672     |12,420      |14       |32,507.43    |                       
2021-07-30 |SA111        |2,433.00   |2,418.00 |2,470.00 |2,418.00 |2,452.00 |2,449.00  |19.00     |16.00     |4,746     |7,948       |167      |23,246.49    |                       
2021-07-30 |SA112        |2,585.00   |2,591.00 |2,636.00 |2,580.00 |2,616.00 |2,607.00  |31.00     |22.00     |4,594     |3,287       |231      |23,955.46    |                       
2021-07-30 |SA201        |2,593.00   |2,600.00 |2,648.00 |2,587.00 |2,626.00 |2,617.00  |33.00     |24.00     |351,058   |291,462     |31,174   |1,837,666.15 |                       
2021-07-30 |SA202        |2,649.00   |2,679.00 |2,679.00 |2,646.00 |2,676.00 |2,670.00  |27.00     |21.00     |28        |340         |1        |149.52       |                       
2021-07-30 |SA203        |2,656.00   |2,667.00 |2,692.00 |2,615.00 |2,675.00 |2,669.00  |19.00     |13.00     |33        |1,509       |-5       |176.16       |                       
2021-07-30 |SA204        |2,694.00   |2,733.00 |2,733.00 |2,663.00 |2,719.00 |2,714.00  |25.00     |20.00     |7         |458         |0        |38.00        |                       
2021-07-30 |SA205        |2,695.00   |2,701.00 |2,739.00 |2,691.00 |2,724.00 |2,716.00  |29.00     |21.00     |22,486    |43,463      |1,565    |122,142.84   |                       
2021-07-30 |SA206        |2,733.00   |2,732.00 |2,772.00 |2,729.00 |2,760.00 |2,752.00  |27.00     |19.00     |705       |1,155       |111      |3,880.59     |                       
2021-07-30 |SA207        |2,723.00   |2,728.00 |2,760.00 |2,721.00 |2,746.00 |2,744.00  |23.00     |21.00     |148       |391         |30       |812.35       |                       
2021-08-02 |SA108        |2,308.00   |2,301.00 |2,318.00 |2,259.00 |2,288.00 |2,296.00  |-20.00    |-12.00    |843       |3,990       |-588     |3,871.85     |2,316.00               
2021-08-02 |SA109        |2,335.00   |2,334.00 |2,343.00 |2,276.00 |2,302.00 |2,302.00  |-33.00    |-33.00    |112,442   |141,172     |-24,726  |517,697.06   |                       
2021-08-02 |SA110        |2,436.00   |2,441.00 |2,445.00 |2,378.00 |2,409.00 |2,404.00  |-27.00    |-32.00    |7,236     |12,025      |-395     |34,793.01    |                       
2021-08-02 |SA111        |2,449.00   |2,455.00 |2,455.00 |2,389.00 |2,420.00 |2,417.00  |-29.00    |-32.00    |4,029     |7,420       |-528     |19,474.02    |                       
2021-08-02 |SA112        |2,607.00   |2,600.00 |2,613.00 |2,528.00 |2,563.00 |2,559.00  |-44.00    |-48.00    |4,259     |2,840       |-447     |21,793.85    |                       
2021-08-02 |SA201        |2,617.00   |2,617.00 |2,627.00 |2,538.00 |2,572.00 |2,575.00  |-45.00    |-42.00    |447,295   |294,281     |2,819    |2,303,835.61 |                       
2021-08-02 |SA202        |2,670.00   |2,670.00 |2,670.00 |2,595.00 |2,631.00 |2,617.00  |-39.00    |-53.00    |68        |333         |-7       |355.94       |                       
2021-08-02 |SA203        |2,669.00   |2,669.00 |2,669.00 |2,590.00 |2,622.00 |2,609.00  |-47.00    |-60.00    |97        |1,494       |-15      |506.15       |                       
2021-08-02 |SA204        |2,714.00   |2,700.00 |2,719.00 |2,660.00 |2,688.00 |2,682.00  |-26.00    |-32.00    |38        |474         |16       |203.80       |                       
2021-08-02 |SA205        |2,716.00   |2,717.00 |2,724.00 |2,660.00 |2,688.00 |2,687.00  |-28.00    |-29.00    |34,739    |47,456      |3,993    |186,708.95   |                       
2021-08-02 |SA206        |2,752.00   |2,750.00 |2,761.00 |2,697.00 |2,722.00 |2,724.00  |-30.00    |-28.00    |627       |1,167       |12       |3,415.65     |                       
2021-08-02 |SA207        |2,744.00   |2,723.00 |2,742.00 |2,692.00 |2,710.00 |2,712.00  |-34.00    |-32.00    |177       |365         |-26      |960.16       |                       
2021-08-03 |SA108        |2,296.00   |2,239.00 |2,265.00 |2,239.00 |2,250.00 |2,254.00  |-46.00    |-42.00    |559       |3,990       |0        |2,519.55     |2,313.00               
2021-08-03 |SA109        |2,302.00   |2,310.00 |2,311.00 |2,250.00 |2,261.00 |2,273.00  |-41.00    |-29.00    |92,158    |115,889     |-25,283  |419,017.04   |                       
2021-08-03 |SA110        |2,404.00   |2,410.00 |2,415.00 |2,352.00 |2,360.00 |2,374.00  |-44.00    |-30.00    |8,615     |11,232      |-793     |40,911.12    |                       
2021-08-03 |SA111        |2,417.00   |2,427.00 |2,427.00 |2,364.00 |2,372.00 |2,383.00  |-45.00    |-34.00    |5,762     |6,651       |-769     |27,461.26    |                       
2021-08-03 |SA112        |2,559.00   |2,568.00 |2,569.00 |2,499.00 |2,504.00 |2,533.00  |-55.00    |-26.00    |4,064     |2,393       |-447     |20,585.64    |                       
2021-08-03 |SA201        |2,575.00   |2,576.00 |2,581.00 |2,506.00 |2,511.00 |2,536.00  |-64.00    |-39.00    |416,993   |314,943     |20,662   |2,115,188.65 |                       
2021-08-03 |SA202        |2,617.00   |2,626.00 |2,626.00 |2,567.00 |2,588.00 |2,598.00  |-29.00    |-19.00    |41        |342         |9        |213.06       |                       
2021-08-03 |SA203        |2,609.00   |2,619.00 |2,619.00 |2,558.00 |2,579.00 |2,580.00  |-30.00    |-29.00    |144       |1,512       |18       |743.10       |                       
2021-08-03 |SA204        |2,682.00   |2,675.00 |2,679.00 |2,625.00 |2,635.00 |2,649.00  |-47.00    |-33.00    |55        |466         |-8       |291.37       |                       
2021-08-03 |SA205        |2,687.00   |2,694.00 |2,696.00 |2,621.00 |2,628.00 |2,652.00  |-59.00    |-35.00    |38,613    |54,764      |7,308    |204,788.82   |                       
2021-08-03 |SA206        |2,724.00   |2,724.00 |2,724.00 |2,665.00 |2,671.00 |2,689.00  |-53.00    |-35.00    |944       |1,299       |132      |5,076.31     |                       
2021-08-03 |SA207        |2,712.00   |2,725.00 |2,725.00 |2,663.00 |2,674.00 |2,687.00  |-38.00    |-25.00    |143       |373         |8        |768.45       |                       
2021-08-04 |SA108        |2,254.00   |2,268.00 |2,280.00 |2,255.00 |2,280.00 |2,271.00  |26.00     |17.00     |470       |3,767       |-223     |2,128.51     |2,305.00               
2021-08-04 |SA109        |2,273.00   |2,259.00 |2,299.00 |2,253.00 |2,294.00 |2,275.00  |21.00     |2.00      |53,805    |104,341     |-11,548  |244,814.62   |                       
2021-08-04 |SA110        |2,374.00   |2,355.00 |2,401.00 |2,350.00 |2,393.00 |2,375.00  |19.00     |1.00      |6,646     |11,142      |-90      |31,565.85    |                       
2021-08-04 |SA111        |2,383.00   |2,360.00 |2,413.00 |2,353.00 |2,402.00 |2,383.00  |19.00     |0.00      |5,249     |6,522       |-129     |25,015.68    |                       
2021-08-04 |SA112        |2,533.00   |2,489.00 |2,556.00 |2,488.00 |2,552.00 |2,517.00  |19.00     |-16.00    |4,649     |2,161       |-232     |23,403.42    |                       
2021-08-04 |SA201        |2,536.00   |2,500.00 |2,566.00 |2,491.00 |2,564.00 |2,530.00  |28.00     |-6.00     |360,530   |317,296     |2,353    |1,824,522.30 |                       
2021-08-04 |SA202        |2,598.00   |2,588.00 |2,624.00 |2,555.00 |2,615.00 |2,586.00  |17.00     |-12.00    |27        |347         |5        |139.62       |                       
2021-08-04 |SA203        |2,580.00   |2,581.00 |2,637.00 |2,550.00 |2,637.00 |2,587.00  |57.00     |7.00      |67        |1,482       |-30      |346.69       |                       
2021-08-04 |SA204        |2,649.00   |2,536.00 |2,703.00 |2,536.00 |2,682.00 |2,654.00  |33.00     |5.00      |36        |471         |5        |191.12       |                       
2021-08-04 |SA205        |2,652.00   |2,625.00 |2,686.00 |2,613.00 |2,686.00 |2,651.00  |34.00     |-1.00     |28,595    |59,396      |4,632    |151,625.01   |                       
2021-08-04 |SA206        |2,689.00   |2,660.00 |2,717.00 |2,659.00 |2,716.00 |2,689.00  |27.00     |0.00      |671       |1,262       |-37      |3,609.03     |                       
2021-08-04 |SA207        |2,687.00   |2,681.00 |2,712.00 |2,676.00 |2,712.00 |2,689.00  |25.00     |2.00      |86        |378         |5        |462.53       |                       
2021-08-05 |SA108        |2,271.00   |2,280.00 |2,289.00 |2,265.00 |2,265.00 |2,288.00  |-6.00     |17.00     |102       |3,768       |1        |466.69       |2,297.00               
2021-08-05 |SA109        |2,275.00   |2,283.00 |2,296.00 |2,259.00 |2,262.00 |2,279.00  |-13.00    |4.00      |41,058    |98,741      |-5,600   |187,117.93   |                       
2021-08-05 |SA110        |2,375.00   |2,382.00 |2,398.00 |2,359.00 |2,362.00 |2,379.00  |-13.00    |4.00      |6,979     |10,977      |-165     |33,204.12    |                       
2021-08-05 |SA111        |2,383.00   |2,397.00 |2,410.00 |2,369.00 |2,372.00 |2,388.00  |-11.00    |5.00      |5,302     |6,719       |197      |25,325.64    |                       
2021-08-05 |SA112        |2,517.00   |2,554.00 |2,559.00 |2,499.00 |2,499.00 |2,531.00  |-18.00    |14.00     |3,866     |2,217       |56       |19,572.46    |                       
2021-08-05 |SA201        |2,530.00   |2,559.00 |2,568.00 |2,505.00 |2,505.00 |2,541.00  |-25.00    |11.00     |354,311   |330,608     |13,312   |1,800,742.51 |                       
2021-08-05 |SA202        |2,586.00   |2,608.00 |2,613.00 |2,572.00 |2,572.00 |2,599.00  |-14.00    |13.00     |91        |336         |-11      |473.05       |                       
2021-08-05 |SA203        |2,587.00   |2,612.00 |2,613.00 |2,557.00 |2,557.00 |2,584.00  |-30.00    |-3.00     |124       |1,461       |-21      |640.89       |                       
2021-08-05 |SA204        |2,654.00   |2,682.00 |2,685.00 |2,642.00 |2,643.00 |2,663.00  |-11.00    |9.00      |66        |461         |-10      |351.55       |                       
2021-08-05 |SA205        |2,651.00   |2,689.00 |2,689.00 |2,640.00 |2,641.00 |2,664.00  |-10.00    |13.00     |25,871    |61,649      |2,253    |137,848.01   |                       
2021-08-05 |SA206        |2,689.00   |2,711.00 |2,719.00 |2,680.00 |2,680.00 |2,702.00  |-9.00     |13.00     |828       |1,330       |68       |4,474.41     |                       
2021-08-05 |SA207        |2,689.00   |2,699.00 |2,713.00 |2,683.00 |2,687.00 |2,695.00  |-2.00     |6.00      |120       |383         |5        |646.83       |                       
2021-08-06 |SA108        |2,288.00   |2,285.00 |2,350.00 |2,285.00 |2,337.00 |2,324.00  |49.00     |36.00     |547       |3,532       |-236     |2,540.42     |2,295.00               
2021-08-06 |SA109        |2,279.00   |2,281.00 |2,354.00 |2,262.00 |2,351.00 |2,314.00  |72.00     |35.00     |75,180    |89,646      |-9,095   |347,978.70   |                       
2021-08-06 |SA110        |2,379.00   |2,379.00 |2,457.00 |2,366.00 |2,449.00 |2,413.00  |70.00     |34.00     |12,726    |11,740      |763      |61,404.90    |                       
2021-08-06 |SA111        |2,388.00   |2,389.00 |2,469.00 |2,377.00 |2,456.00 |2,429.00  |68.00     |41.00     |8,856     |6,789       |70       |43,022.61    |                       
2021-08-06 |SA112        |2,531.00   |2,507.00 |2,623.00 |2,507.00 |2,610.00 |2,574.00  |79.00     |43.00     |5,774     |3,160       |943      |29,722.41    |                       
2021-08-06 |SA201        |2,541.00   |2,520.00 |2,634.00 |2,510.00 |2,622.00 |2,580.00  |81.00     |39.00     |605,234   |374,892     |44,284   |3,122,847.23 |                       
2021-08-06 |SA202        |2,599.00   |2,579.00 |2,680.00 |2,555.00 |2,680.00 |2,631.00  |81.00     |32.00     |50        |339         |3        |263.10       |                       
2021-08-06 |SA203        |2,584.00   |2,573.00 |2,675.00 |2,550.00 |2,666.00 |2,594.00  |82.00     |10.00     |204       |1,382       |-79      |1,058.44     |                       
2021-08-06 |SA204        |2,663.00   |2,655.00 |2,735.00 |2,652.00 |2,730.00 |2,709.00  |67.00     |46.00     |109       |467         |6        |590.65       |                       
2021-08-06 |SA205        |2,664.00   |2,650.00 |2,738.00 |2,644.00 |2,730.00 |2,697.00  |66.00     |33.00     |43,082    |68,482      |6,833    |232,350.50   |                       
2021-08-06 |SA206        |2,702.00   |2,696.00 |2,765.00 |2,690.00 |2,756.00 |2,732.00  |54.00     |30.00     |1,950     |2,068       |738      |10,653.85    |                       
2021-08-06 |SA207        |2,695.00   |2,692.00 |2,750.00 |2,688.00 |2,737.00 |2,715.00  |42.00     |20.00     |364       |543         |160      |1,976.55     |                       
2021-08-09 |SA108        |2,324.00   |2,350.00 |2,367.00 |2,320.00 |2,357.00 |2,349.00  |33.00     |25.00     |1,007     |3,824       |292      |4,731.02     |2,299.00               
2021-08-09 |SA109        |2,314.00   |2,349.00 |2,372.00 |2,330.00 |2,365.00 |2,352.00  |51.00     |38.00     |45,133    |82,729      |-6,917   |212,339.77   |                       
2021-08-09 |SA110        |2,413.00   |2,456.00 |2,478.00 |2,433.00 |2,469.00 |2,455.00  |56.00     |42.00     |10,405    |11,156      |-584     |51,087.18    |                       
2021-08-09 |SA111        |2,429.00   |2,475.00 |2,496.00 |2,445.00 |2,482.00 |2,467.00  |53.00     |38.00     |7,450     |6,536       |-253     |36,751.68    |                       
2021-08-09 |SA112        |2,574.00   |2,621.00 |2,635.00 |2,583.00 |2,635.00 |2,615.00  |61.00     |41.00     |5,721     |2,964       |-196     |29,923.90    |                       
2021-08-09 |SA201        |2,580.00   |2,630.00 |2,645.00 |2,592.00 |2,633.00 |2,625.00  |53.00     |45.00     |436,924   |374,152     |-740     |2,293,589.43 |                       
2021-08-09 |SA202        |2,631.00   |2,696.00 |2,696.00 |2,651.00 |2,693.00 |2,680.00  |62.00     |49.00     |69        |335         |-4       |369.79       |                       
2021-08-09 |SA203        |2,594.00   |2,691.00 |2,691.00 |2,641.00 |2,678.00 |2,672.00  |84.00     |78.00     |159       |1,320       |-62      |849.79       |                       
2021-08-09 |SA204        |2,709.00   |2,740.00 |2,755.00 |2,707.00 |2,747.00 |2,735.00  |38.00     |26.00     |64        |475         |8        |350.14       |                       
2021-08-09 |SA205        |2,697.00   |2,740.00 |2,753.00 |2,706.00 |2,750.00 |2,737.00  |53.00     |40.00     |33,878    |72,070      |3,588    |185,441.75   |                       
2021-08-09 |SA206        |2,732.00   |2,756.00 |2,778.00 |2,740.00 |2,776.00 |2,764.00  |44.00     |32.00     |860       |2,287       |219      |4,753.56     |                       
2021-08-09 |SA207        |2,715.00   |2,751.00 |2,767.00 |2,736.00 |2,761.00 |2,751.00  |46.00     |36.00     |111       |573         |30       |610.64       |                       
2021-08-10 |SA108        |2,349.00   |2,360.00 |2,389.00 |2,360.00 |2,374.00 |2,375.00  |25.00     |26.00     |436       |3,296       |-528     |2,071.29     |2,306.00               
2021-08-10 |SA109        |2,352.00   |2,355.00 |2,388.00 |2,353.00 |2,380.00 |2,375.00  |28.00     |23.00     |28,670    |78,772      |-3,957   |136,168.13   |                       
2021-08-10 |SA110        |2,455.00   |2,464.00 |2,492.00 |2,461.00 |2,483.00 |2,480.00  |28.00     |25.00     |5,938     |11,787      |631      |29,457.43    |                       
2021-08-10 |SA111        |2,467.00   |2,480.00 |2,504.00 |2,473.00 |2,495.00 |2,493.00  |28.00     |26.00     |3,784     |6,968       |432      |18,868.43    |                       
2021-08-10 |SA112        |2,615.00   |2,613.00 |2,655.00 |2,613.00 |2,646.00 |2,638.00  |31.00     |23.00     |2,361     |3,172       |208      |12,458.24    |                       
2021-08-10 |SA201        |2,625.00   |2,626.00 |2,667.00 |2,620.00 |2,656.00 |2,648.00  |31.00     |23.00     |365,006   |380,697     |6,545    |1,933,220.28 |                       
2021-08-10 |SA202        |2,680.00   |2,682.00 |2,715.00 |2,682.00 |2,715.00 |2,702.00  |35.00     |22.00     |22        |335         |0        |118.87       |                       
2021-08-10 |SA203        |2,672.00   |2,669.00 |2,713.00 |2,669.00 |2,707.00 |2,695.00  |35.00     |23.00     |63        |1,335       |15       |339.60       |                       
2021-08-10 |SA204        |2,735.00   |2,765.00 |2,780.00 |2,763.00 |2,780.00 |2,771.00  |45.00     |36.00     |29        |489         |14       |160.74       |                       
2021-08-10 |SA205        |2,737.00   |2,740.00 |2,782.00 |2,740.00 |2,774.00 |2,765.00  |37.00     |28.00     |30,393    |72,418      |348      |168,070.98   |                       
2021-08-10 |SA206        |2,764.00   |2,773.00 |2,800.00 |2,768.00 |2,795.00 |2,788.00  |31.00     |24.00     |563       |2,372       |85       |3,139.83     |                       
2021-08-10 |SA207        |2,751.00   |2,761.00 |2,796.00 |2,754.00 |2,787.00 |2,779.00  |36.00     |28.00     |149       |599         |26       |828.14       |                       
2021-08-11 |SA108        |2,375.00   |2,541.00 |2,542.00 |2,380.00 |2,386.00 |2,425.00  |11.00     |50.00     |893       |3,247       |-49      |4,331.06     |2,320.00               
2021-08-11 |SA109        |2,375.00   |2,387.00 |2,400.00 |2,369.00 |2,398.00 |2,383.00  |23.00     |8.00      |30,537    |74,898      |-3,874   |145,535.79   |                       
2021-08-11 |SA110        |2,480.00   |2,485.00 |2,499.00 |2,472.00 |2,498.00 |2,484.00  |18.00     |4.00      |8,964     |11,991      |204      |44,539.74    |                       
2021-08-11 |SA111        |2,493.00   |2,504.00 |2,514.00 |2,484.00 |2,511.00 |2,498.00  |18.00     |5.00      |5,375     |7,275       |307      |26,853.57    |                       
2021-08-11 |SA112        |2,638.00   |2,645.00 |2,666.00 |2,630.00 |2,663.00 |2,648.00  |25.00     |10.00     |1,744     |3,351       |179      |9,235.30     |                       
2021-08-11 |SA201        |2,648.00   |2,661.00 |2,679.00 |2,641.00 |2,679.00 |2,658.00  |31.00     |10.00     |330,634   |382,787     |2,090    |1,757,826.29 |                       
2021-08-11 |SA202        |2,702.00   |2,708.00 |2,722.00 |2,698.00 |2,722.00 |2,714.00  |20.00     |12.00     |18        |334         |-1       |97.69        |                       
2021-08-11 |SA203        |2,695.00   |2,704.00 |2,714.00 |2,689.00 |2,714.00 |2,699.00  |19.00     |4.00      |40        |1,326       |-9       |215.95       |                       
2021-08-11 |SA204        |2,771.00   |2,769.00 |2,788.00 |2,765.00 |2,787.00 |2,781.00  |16.00     |10.00     |15        |492         |3        |83.42        |                       
2021-08-11 |SA205        |2,765.00   |2,785.00 |2,794.00 |2,764.00 |2,791.00 |2,777.00  |26.00     |12.00     |32,340    |73,266      |848      |179,641.20   |                       
2021-08-11 |SA206        |2,788.00   |2,804.00 |2,813.00 |2,784.00 |2,812.00 |2,798.00  |24.00     |10.00     |513       |2,425       |53       |2,870.36     |                       
2021-08-11 |SA207        |2,779.00   |2,798.00 |2,803.00 |2,779.00 |2,803.00 |2,793.00  |24.00     |14.00     |79        |601         |2        |441.36       |                       
2021-08-12 |SA108        |2,425.00   |2,378.00 |2,454.00 |2,376.00 |2,454.00 |2,422.00  |29.00     |-3.00     |370       |2,760       |-487     |1,792.50     |2,331.00               
2021-08-12 |SA109        |2,383.00   |2,398.00 |2,460.00 |2,383.00 |2,391.00 |2,423.00  |8.00      |40.00     |51,221    |60,061      |-14,837  |248,260.28   |                       
2021-08-12 |SA110        |2,484.00   |2,513.00 |2,641.00 |2,484.00 |2,501.00 |2,527.00  |17.00     |43.00     |14,249    |12,055      |64       |72,012.86    |                       
2021-08-12 |SA111        |2,498.00   |2,510.00 |2,575.00 |2,497.00 |2,510.00 |2,538.00  |12.00     |40.00     |8,631     |6,841       |-434     |43,811.15    |                       
2021-08-12 |SA112        |2,648.00   |2,663.00 |2,716.00 |2,644.00 |2,646.00 |2,680.00  |-2.00     |32.00     |3,878     |2,915       |-436     |20,784.74    |                       
2021-08-12 |SA201        |2,658.00   |2,680.00 |2,729.00 |2,653.00 |2,658.00 |2,689.00  |0.00      |31.00     |610,825   |383,212     |425      |3,285,472.42 |                       
2021-08-12 |SA202        |2,714.00   |2,716.00 |2,782.00 |2,711.00 |2,719.00 |2,748.00  |5.00      |34.00     |44        |333         |-1       |241.85       |                       
2021-08-12 |SA203        |2,699.00   |2,710.00 |2,773.00 |2,703.00 |2,706.00 |2,742.00  |7.00      |43.00     |59        |1,327       |1        |323.61       |                       
2021-08-12 |SA204        |2,781.00   |2,777.00 |2,839.00 |2,777.00 |2,783.00 |2,819.00  |2.00      |38.00     |39        |515         |23       |219.88       |                       
2021-08-12 |SA205        |2,777.00   |2,782.00 |2,841.00 |2,772.00 |2,784.00 |2,811.00  |7.00      |34.00     |66,708    |75,356      |2,090    |374,991.46   |                       
2021-08-12 |SA206        |2,798.00   |2,800.00 |2,858.00 |2,795.00 |2,804.00 |2,827.00  |6.00      |29.00     |931       |2,521       |96       |5,264.42     |                       
2021-08-12 |SA207        |2,793.00   |2,795.00 |2,845.00 |2,781.00 |2,782.00 |2,818.00  |-11.00    |25.00     |193       |627         |26       |1,087.75     |                       
2021-08-13 |SA108        |2,422.00   |2,443.00 |2,465.00 |2,300.00 |2,457.00 |2,452.00  |35.00     |30.00     |757       |0           |-2,760   |3,712.22     |2,346.00               
2021-08-13 |SA109        |2,423.00   |2,391.00 |2,470.00 |2,386.00 |2,467.00 |2,441.00  |44.00     |18.00     |32,802    |53,975      |-6,086   |160,121.89   |                       
2021-08-13 |SA110        |2,527.00   |2,507.00 |2,578.00 |2,494.00 |2,564.00 |2,550.00  |37.00     |23.00     |8,536     |12,094      |39       |43,537.88    |                       
2021-08-13 |SA111        |2,538.00   |2,506.00 |2,589.00 |2,506.00 |2,579.00 |2,564.00  |41.00     |26.00     |5,671     |6,909       |68       |29,076.64    |                       
2021-08-13 |SA112        |2,680.00   |2,644.00 |2,736.00 |2,644.00 |2,721.00 |2,705.00  |41.00     |25.00     |3,448     |3,060       |145      |18,655.63    |                       
2021-08-13 |SA201        |2,689.00   |2,657.00 |2,748.00 |2,652.00 |2,732.00 |2,714.00  |43.00     |25.00     |688,376   |435,072     |51,860   |3,736,189.25 |                       
2021-08-13 |SA202        |2,748.00   |2,734.00 |2,784.00 |2,685.00 |2,784.00 |2,763.00  |36.00     |15.00     |37        |336         |3        |204.47       |                       
2021-08-13 |SA203        |2,742.00   |2,728.00 |2,790.00 |2,680.00 |2,779.00 |2,751.00  |37.00     |9.00      |61        |1,306       |-21      |335.62       |                       
2021-08-13 |SA204        |2,819.00   |2,816.00 |2,859.00 |2,816.00 |2,849.00 |2,839.00  |30.00     |20.00     |15        |516         |1        |85.16        |                       
2021-08-13 |SA205        |2,811.00   |2,775.00 |2,859.00 |2,775.00 |2,851.00 |2,829.00  |40.00     |18.00     |69,064    |79,804      |4,448    |390,704.45   |                       
2021-08-13 |SA206        |2,827.00   |2,800.00 |2,872.00 |2,799.00 |2,866.00 |2,844.00  |39.00     |17.00     |983       |2,770       |249      |5,592.03     |                       
2021-08-13 |SA207        |2,818.00   |2,776.00 |2,851.00 |2,776.00 |2,839.00 |2,827.00  |21.00     |9.00      |226       |660         |33       |1,277.90     |                       
2021-08-16 |SA109        |2,441.00   |2,467.00 |2,548.00 |2,467.00 |2,495.00 |2,509.00  |54.00     |68.00     |31,557    |50,292      |-3,683   |158,333.33   |                       
2021-08-16 |SA110        |2,550.00   |2,580.00 |2,644.00 |2,570.00 |2,590.00 |2,609.00  |40.00     |59.00     |12,888    |12,640      |546      |67,240.33    |                       
2021-08-16 |SA111        |2,564.00   |2,581.00 |2,655.00 |2,581.00 |2,604.00 |2,622.00  |40.00     |58.00     |7,329     |7,882       |973      |38,426.73    |                       
2021-08-16 |SA112        |2,705.00   |2,741.00 |2,800.00 |2,724.00 |2,744.00 |2,766.00  |39.00     |61.00     |6,510     |3,445       |385      |36,012.15    |                       
2021-08-16 |SA201        |2,714.00   |2,734.00 |2,814.00 |2,732.00 |2,757.00 |2,776.00  |43.00     |62.00     |823,043   |454,141     |19,069   |4,569,869.03 |                       
2021-08-16 |SA202        |2,763.00   |2,801.00 |2,850.00 |2,791.00 |2,820.00 |2,814.00  |57.00     |51.00     |62        |332         |-4       |348.97       |                       
2021-08-16 |SA203        |2,751.00   |2,797.00 |2,852.00 |2,789.00 |2,810.00 |2,809.00  |59.00     |58.00     |758       |628         |-678     |4,257.91     |                       
2021-08-16 |SA204        |2,839.00   |2,869.00 |2,916.00 |2,868.00 |2,875.00 |2,893.00  |36.00     |54.00     |84        |536         |20       |486.07       |                       
2021-08-16 |SA205        |2,829.00   |2,859.00 |2,915.00 |2,852.00 |2,868.00 |2,888.00  |39.00     |59.00     |83,081    |79,837      |33       |479,798.55   |                       
2021-08-16 |SA206        |2,844.00   |2,870.00 |2,923.00 |2,870.00 |2,887.00 |2,898.00  |43.00     |54.00     |1,060     |3,004       |234      |6,144.02     |                       
2021-08-16 |SA207        |2,827.00   |2,855.00 |2,904.00 |2,853.00 |2,864.00 |2,879.00  |37.00     |52.00     |286       |671         |11       |1,646.63     |                       
2021-08-16 |SA208        |2,827.00   |2,900.00 |2,910.00 |2,875.00 |2,888.00 |2,896.00  |61.00     |69.00     |69        |47          |47       |399.64       |                       
2021-08-17 |SA109        |2,509.00   |2,477.00 |2,495.00 |2,453.00 |2,457.00 |2,474.00  |-52.00    |-35.00    |25,876    |42,856      |-7,436   |127,998.05   |                       
2021-08-17 |SA110        |2,609.00   |2,574.00 |2,596.00 |2,554.00 |2,559.00 |2,577.00  |-50.00    |-32.00    |11,609    |12,613      |-27      |59,831.13    |                       
2021-08-17 |SA111        |2,622.00   |2,586.00 |2,608.00 |2,567.00 |2,572.00 |2,590.00  |-50.00    |-32.00    |7,090     |7,904       |22       |36,719.96    |                       
2021-08-17 |SA112        |2,766.00   |2,741.00 |2,751.00 |2,707.00 |2,711.00 |2,728.00  |-55.00    |-38.00    |2,960     |3,369       |-76      |16,149.88    |                       
2021-08-17 |SA201        |2,776.00   |2,753.00 |2,763.00 |2,718.00 |2,724.00 |2,742.00  |-52.00    |-34.00    |667,490   |441,866     |-12,275  |3,660,004.33 |                       
2021-08-17 |SA202        |2,814.00   |2,779.00 |2,811.00 |2,749.00 |2,757.00 |2,796.00  |-57.00    |-18.00    |47        |325         |-7       |262.87       |                       
2021-08-17 |SA203        |2,809.00   |2,772.00 |2,820.00 |2,743.00 |2,765.00 |2,786.00  |-44.00    |-23.00    |206       |653         |25       |1,148.01     |                       
2021-08-17 |SA204        |2,893.00   |2,850.00 |2,904.00 |2,850.00 |2,859.00 |2,866.00  |-34.00    |-27.00    |69        |542         |6        |395.48       |                       
2021-08-17 |SA205        |2,888.00   |2,865.00 |2,885.00 |2,843.00 |2,855.00 |2,864.00  |-33.00    |-24.00    |66,245    |80,428      |591      |379,471.16   |                       
2021-08-17 |SA206        |2,898.00   |2,880.00 |2,892.00 |2,855.00 |2,870.00 |2,875.00  |-28.00    |-23.00    |603       |2,881       |-123     |3,466.66     |                       
2021-08-17 |SA207        |2,879.00   |2,850.00 |2,881.00 |2,840.00 |2,853.00 |2,858.00  |-26.00    |-21.00    |119       |646         |-25      |680.18       |                       
2021-08-17 |SA208        |2,896.00   |2,877.00 |2,909.00 |2,873.00 |2,894.00 |2,894.00  |-2.00     |-2.00     |146       |103         |56       |845.19       |                       
2021-08-18 |SA109        |2,474.00   |2,457.00 |2,485.00 |2,421.00 |2,433.00 |2,447.00  |-41.00    |-27.00    |14,371    |40,515      |-2,341   |70,345.55    |                       
2021-08-18 |SA110        |2,577.00   |2,568.00 |2,587.00 |2,524.00 |2,535.00 |2,552.00  |-42.00    |-25.00    |9,843     |12,708      |95       |50,243.06    |                       
2021-08-18 |SA111        |2,590.00   |2,579.00 |2,600.00 |2,537.00 |2,546.00 |2,566.00  |-44.00    |-24.00    |6,567     |7,539       |-365     |33,699.18    |                       
2021-08-18 |SA112        |2,728.00   |2,719.00 |2,742.00 |2,674.00 |2,682.00 |2,705.00  |-46.00    |-23.00    |3,776     |3,223       |-146     |20,431.68    |                       
2021-08-18 |SA201        |2,742.00   |2,730.00 |2,756.00 |2,685.00 |2,696.00 |2,714.00  |-46.00    |-28.00    |615,363   |431,590     |-10,276  |3,340,748.98 |                       
2021-08-18 |SA202        |2,796.00   |2,771.00 |2,825.00 |2,731.00 |2,745.00 |2,759.00  |-51.00    |-37.00    |44        |315         |-10      |242.77       |                       
2021-08-18 |SA203        |2,786.00   |2,751.00 |2,820.00 |2,727.00 |2,744.00 |2,758.00  |-42.00    |-28.00    |125       |693         |40       |689.40       |                       
2021-08-18 |SA204        |2,866.00   |2,872.00 |2,897.00 |2,838.00 |2,852.00 |2,864.00  |-14.00    |-2.00     |78        |556         |14       |446.86       |                       
2021-08-18 |SA205        |2,864.00   |2,852.00 |2,896.00 |2,831.00 |2,851.00 |2,860.00  |-13.00    |-4.00     |54,775    |84,533      |4,105    |313,326.38   |                       
2021-08-18 |SA206        |2,875.00   |2,872.00 |2,903.00 |2,855.00 |2,867.00 |2,873.00  |-8.00     |-2.00     |690       |2,852       |-29      |3,964.70     |                       
2021-08-18 |SA207        |2,858.00   |2,861.00 |2,889.00 |2,835.00 |2,855.00 |2,856.00  |-3.00     |-2.00     |166       |660         |14       |948.21       |                       
2021-08-18 |SA208        |2,894.00   |2,890.00 |2,918.00 |2,874.00 |2,883.00 |2,892.00  |-11.00    |-2.00     |135       |153         |50       |780.94       |                       
2021-08-19 |SA109        |2,447.00   |2,435.00 |2,460.00 |2,392.00 |2,439.00 |2,429.00  |-8.00     |-18.00    |19,211    |35,926      |-4,589   |93,310.53    |                       
2021-08-19 |SA110        |2,552.00   |2,552.00 |2,552.00 |2,496.00 |2,534.00 |2,527.00  |-18.00    |-25.00    |10,945    |11,914      |-794     |55,323.21    |                       
2021-08-19 |SA111        |2,566.00   |2,542.00 |2,564.00 |2,507.00 |2,546.00 |2,540.00  |-20.00    |-26.00    |6,749     |6,881       |-658     |34,280.77    |                       
2021-08-19 |SA112        |2,705.00   |2,699.00 |2,728.00 |2,636.00 |2,683.00 |2,672.00  |-22.00    |-33.00    |4,436     |2,880       |-343     |23,705.23    |                       
2021-08-19 |SA201        |2,714.00   |2,696.00 |2,723.00 |2,645.00 |2,696.00 |2,684.00  |-18.00    |-30.00    |810,698   |420,334     |-11,256  |4,352,160.75 |                       
2021-08-19 |SA202        |2,759.00   |2,798.00 |2,798.00 |2,706.00 |2,755.00 |2,733.00  |-4.00     |-26.00    |44        |300         |-15      |240.48       |                       
2021-08-19 |SA203        |2,758.00   |2,744.00 |2,770.00 |2,700.00 |2,745.00 |2,735.00  |-13.00    |-23.00    |212       |584         |-109     |1,159.67     |                       
2021-08-19 |SA204        |2,864.00   |2,848.00 |2,868.00 |2,810.00 |2,845.00 |2,834.00  |-19.00    |-30.00    |127       |566         |10       |719.79       |                       
2021-08-19 |SA205        |2,860.00   |2,849.00 |2,869.00 |2,803.00 |2,847.00 |2,832.00  |-13.00    |-28.00    |72,364    |87,202      |2,669    |409,897.10   |                       
2021-08-19 |SA206        |2,873.00   |2,861.00 |2,884.00 |2,823.00 |2,862.00 |2,847.00  |-11.00    |-26.00    |645       |2,828       |-24      |3,672.60     |                       
2021-08-19 |SA207        |2,856.00   |2,845.00 |2,870.00 |2,816.00 |2,848.00 |2,838.00  |-8.00     |-18.00    |163       |648         |-12      |925.26       |                       
2021-08-19 |SA208        |2,892.00   |2,889.00 |2,898.00 |2,848.00 |2,873.00 |2,863.00  |-19.00    |-29.00    |152       |178         |25       |870.34       |                       
2021-08-20 |SA109        |2,429.00   |2,421.00 |2,489.00 |2,401.00 |2,482.00 |2,450.00  |53.00     |21.00     |15,592    |31,903      |-4,023   |76,394.75    |                       
2021-08-20 |SA110        |2,527.00   |2,513.00 |2,576.00 |2,502.00 |2,571.00 |2,546.00  |44.00     |19.00     |6,285     |11,989      |75       |32,008.32    |                       
2021-08-20 |SA111        |2,540.00   |2,523.00 |2,589.00 |2,514.00 |2,585.00 |2,558.00  |45.00     |18.00     |4,417     |7,272       |391      |22,594.44    |                       
2021-08-20 |SA112        |2,672.00   |2,671.00 |2,735.00 |2,645.00 |2,730.00 |2,696.00  |58.00     |24.00     |2,717     |2,929       |49       |14,649.83    |                       
2021-08-20 |SA201        |2,684.00   |2,673.00 |2,748.00 |2,655.00 |2,742.00 |2,704.00  |58.00     |20.00     |747,459   |439,117     |18,783   |4,042,218.85 |                       
2021-08-20 |SA202        |2,733.00   |2,713.00 |2,792.00 |2,713.00 |2,792.00 |2,770.00  |59.00     |37.00     |36        |307         |7        |199.42       |                       
2021-08-20 |SA203        |2,735.00   |2,723.00 |2,796.00 |2,709.00 |2,796.00 |2,767.00  |61.00     |32.00     |158       |510         |-74      |874.40       |                       
2021-08-20 |SA204        |2,834.00   |2,833.00 |2,879.00 |2,818.00 |2,879.00 |2,846.00  |45.00     |12.00     |36        |561         |-5       |204.89       |                       
2021-08-20 |SA205        |2,832.00   |2,814.00 |2,880.00 |2,809.00 |2,877.00 |2,843.00  |45.00     |11.00     |67,343    |92,159      |4,957    |382,945.51   |                       
2021-08-20 |SA206        |2,847.00   |2,846.00 |2,902.00 |2,832.00 |2,898.00 |2,872.00  |51.00     |25.00     |757       |2,815       |-13      |4,348.72     |                       
2021-08-20 |SA207        |2,838.00   |2,825.00 |2,877.00 |2,820.00 |2,877.00 |2,855.00  |39.00     |17.00     |97        |672         |24       |553.85       |                       
2021-08-20 |SA208        |2,863.00   |2,863.00 |2,900.00 |2,852.00 |2,900.00 |2,879.00  |37.00     |16.00     |188       |232         |54       |1,082.59     |                       
2021-08-23 |SA109        |2,450.00   |2,478.00 |2,510.00 |2,451.00 |2,479.00 |2,485.00  |29.00     |35.00     |13,642    |28,287      |-3,616   |67,637.21    |                       
2021-08-23 |SA110        |2,546.00   |2,571.00 |2,605.00 |2,539.00 |2,577.00 |2,576.00  |31.00     |30.00     |7,729     |12,206      |217      |39,815.49    |                       
2021-08-23 |SA111        |2,558.00   |2,580.00 |2,618.00 |2,553.00 |2,590.00 |2,588.00  |32.00     |30.00     |5,176     |7,722       |450      |26,792.71    |                       
2021-08-23 |SA112        |2,696.00   |2,729.00 |2,757.00 |2,693.00 |2,720.00 |2,730.00  |24.00     |34.00     |3,323     |3,203       |274      |18,146.02    |                       
2021-08-23 |SA201        |2,704.00   |2,737.00 |2,770.00 |2,703.00 |2,732.00 |2,739.00  |28.00     |35.00     |768,148   |410,616     |-28,501  |4,208,279.19 |                       
2021-08-23 |SA202        |2,770.00   |2,786.00 |2,812.00 |2,761.00 |2,781.00 |2,788.00  |11.00     |18.00     |72        |322         |15       |401.41       |                       
2021-08-23 |SA203        |2,767.00   |2,801.00 |2,820.00 |2,760.00 |2,787.00 |2,799.00  |20.00     |32.00     |68        |510         |0        |380.66       |                       
2021-08-23 |SA204        |2,846.00   |2,884.00 |2,904.00 |2,861.00 |2,872.00 |2,883.00  |26.00     |37.00     |69        |578         |17       |397.88       |                       
2021-08-23 |SA205        |2,843.00   |2,875.00 |2,907.00 |2,850.00 |2,875.00 |2,878.00  |32.00     |35.00     |62,628    |93,931      |1,772    |360,541.60   |                       
2021-08-23 |SA206        |2,872.00   |2,882.00 |2,922.00 |2,867.00 |2,894.00 |2,897.00  |22.00     |25.00     |645       |2,786       |-29      |3,736.84     |                       
2021-08-23 |SA207        |2,855.00   |2,883.00 |2,908.00 |2,864.00 |2,878.00 |2,886.00  |23.00     |31.00     |84        |656         |-16      |484.78       |                       
2021-08-23 |SA208        |2,879.00   |2,894.00 |2,916.00 |2,880.00 |2,899.00 |2,899.00  |20.00     |20.00     |165       |260         |28       |956.77       |                       
2021-08-24 |SA109        |2,485.00   |2,469.00 |2,503.00 |2,464.00 |2,474.00 |2,482.00  |-11.00    |-3.00     |7,537     |26,331      |-1,956   |37,418.16    |                       
2021-08-24 |SA110        |2,576.00   |2,577.00 |2,607.00 |2,565.00 |2,580.00 |2,584.00  |4.00      |8.00      |6,427     |12,210      |4        |33,211.92    |                       
2021-08-24 |SA111        |2,588.00   |2,584.00 |2,620.00 |2,579.00 |2,594.00 |2,597.00  |6.00      |9.00      |3,881     |7,706       |-16      |20,156.44    |                       
2021-08-24 |SA112        |2,730.00   |2,710.00 |2,755.00 |2,709.00 |2,723.00 |2,731.00  |-7.00     |1.00      |3,309     |3,356       |153      |18,070.74    |                       
2021-08-24 |SA201        |2,739.00   |2,723.00 |2,769.00 |2,720.00 |2,735.00 |2,742.00  |-4.00     |3.00      |613,751   |401,660     |-8,956   |3,365,855.33 |                       
2021-08-24 |SA202        |2,788.00   |2,775.00 |2,805.00 |2,770.00 |2,778.00 |2,788.00  |-10.00    |0.00      |96        |342         |20       |535.37       |                       
2021-08-24 |SA203        |2,799.00   |2,773.00 |2,817.00 |2,773.00 |2,778.00 |2,785.00  |-21.00    |-14.00    |163       |415         |-95      |907.82       |                       
2021-08-24 |SA204        |2,883.00   |2,872.00 |2,906.00 |2,871.00 |2,879.00 |2,885.00  |-4.00     |2.00      |73        |603         |25       |421.18       |                       
2021-08-24 |SA205        |2,878.00   |2,871.00 |2,907.00 |2,865.00 |2,878.00 |2,884.00  |0.00      |6.00      |56,919    |93,806      |-125     |328,310.50   |                       
2021-08-24 |SA206        |2,897.00   |2,893.00 |2,920.00 |2,885.00 |2,896.00 |2,903.00  |-1.00     |6.00      |375       |2,801       |15       |2,177.30     |                       
2021-08-24 |SA207        |2,886.00   |2,878.00 |2,907.00 |2,875.00 |2,888.00 |2,888.00  |2.00      |2.00      |27        |645         |-11      |155.94       |                       
2021-08-24 |SA208        |2,899.00   |2,895.00 |2,919.00 |2,892.00 |2,895.00 |2,905.00  |-4.00     |6.00      |71        |279         |19       |412.53       |                       
2021-08-25 |SA109        |2,482.00   |2,467.00 |2,485.00 |2,425.00 |2,466.00 |2,449.00  |-16.00    |-33.00    |11,838    |21,898      |-4,433   |57,971.45    |                       
2021-08-25 |SA110        |2,584.00   |2,576.00 |2,598.00 |2,537.00 |2,580.00 |2,561.00  |-4.00     |-23.00    |7,541     |11,755      |-455     |38,618.54    |                       
2021-08-25 |SA111        |2,597.00   |2,589.00 |2,610.00 |2,550.00 |2,592.00 |2,575.00  |-5.00     |-22.00    |5,776     |7,638       |-68      |29,741.11    |                       
2021-08-25 |SA112        |2,731.00   |2,715.00 |2,738.00 |2,675.00 |2,720.00 |2,696.00  |-11.00    |-35.00    |4,828     |3,165       |-191     |26,035.88    |                       
2021-08-25 |SA201        |2,742.00   |2,725.00 |2,751.00 |2,685.00 |2,730.00 |2,712.00  |-12.00    |-30.00    |838,552   |403,158     |1,498    |4,548,909.00 |                       
2021-08-25 |SA202        |2,788.00   |2,764.00 |2,801.00 |2,739.00 |2,786.00 |2,777.00  |-2.00     |-11.00    |97        |342         |0        |538.75       |                       
2021-08-25 |SA203        |2,785.00   |2,770.00 |2,804.00 |2,750.00 |2,804.00 |2,768.00  |19.00     |-17.00    |37        |421         |6        |204.86       |                       
2021-08-25 |SA204        |2,885.00   |2,872.00 |2,886.00 |2,836.00 |2,882.00 |2,860.00  |-3.00     |-25.00    |90        |607         |4        |514.78       |                       
2021-08-25 |SA205        |2,884.00   |2,864.00 |2,890.00 |2,838.00 |2,873.00 |2,857.00  |-11.00    |-27.00    |67,444    |92,704      |-1,102   |385,411.33   |                       
2021-08-25 |SA206        |2,903.00   |2,890.00 |2,908.00 |2,862.00 |2,894.00 |2,880.00  |-9.00     |-23.00    |709       |2,658       |-143     |4,083.74     |                       
2021-08-25 |SA207        |2,888.00   |2,884.00 |2,887.00 |2,850.00 |2,885.00 |2,864.00  |-3.00     |-24.00    |64        |646         |1        |366.61       |                       
2021-08-25 |SA208        |2,905.00   |2,880.00 |2,918.00 |2,863.00 |2,903.00 |2,887.00  |-2.00     |-18.00    |156       |297         |18       |900.64       |                       
2021-08-26 |SA109        |2,449.00   |2,460.00 |2,465.00 |2,400.00 |2,401.00 |2,425.00  |-48.00    |-24.00    |9,264     |17,918      |-3,980   |44,936.47    |                       
2021-08-26 |SA110        |2,561.00   |2,572.00 |2,582.00 |2,502.00 |2,512.00 |2,541.00  |-49.00    |-20.00    |8,725     |11,760      |5        |44,347.72    |                       
2021-08-26 |SA111        |2,575.00   |2,592.00 |2,592.00 |2,520.00 |2,520.00 |2,551.00  |-55.00    |-24.00    |7,347     |7,944       |306      |37,478.63    |                       
2021-08-26 |SA112        |2,696.00   |2,714.00 |2,714.00 |2,635.00 |2,635.00 |2,676.00  |-61.00    |-20.00    |4,268     |2,620       |-545     |22,845.81    |                       
2021-08-26 |SA201        |2,712.00   |2,728.00 |2,729.00 |2,646.00 |2,647.00 |2,684.00  |-65.00    |-28.00    |882,489   |413,076     |9,918    |4,737,927.60 |                       
2021-08-26 |SA202        |2,777.00   |2,774.00 |2,774.00 |2,706.00 |2,709.00 |2,745.00  |-68.00    |-32.00    |132       |322         |-20      |724.64       |                       
2021-08-26 |SA203        |2,768.00   |2,780.00 |2,793.00 |2,720.00 |2,724.00 |2,751.00  |-44.00    |-17.00    |65        |398         |-23      |357.58       |                       
2021-08-26 |SA204        |2,860.00   |2,868.00 |2,868.00 |2,797.00 |2,798.00 |2,823.00  |-62.00    |-37.00    |114       |569         |-38      |643.62       |                       
2021-08-26 |SA205        |2,857.00   |2,869.00 |2,871.00 |2,787.00 |2,788.00 |2,824.00  |-69.00    |-33.00    |84,982    |86,979      |-5,725   |479,968.76   |                       
2021-08-26 |SA206        |2,880.00   |2,893.00 |2,970.00 |2,815.00 |2,815.00 |2,850.00  |-65.00    |-30.00    |894       |2,376       |-282     |5,095.82     |                       
2021-08-26 |SA207        |2,864.00   |2,868.00 |2,870.00 |2,806.00 |2,806.00 |2,837.00  |-58.00    |-27.00    |116       |618         |-28      |658.12       |                       
2021-08-26 |SA208        |2,887.00   |2,898.00 |2,898.00 |2,829.00 |2,829.00 |2,862.00  |-58.00    |-25.00    |147       |276         |-21      |841.30       |                       
2021-08-27 |SA109        |2,425.00   |2,400.00 |2,452.00 |2,388.00 |2,445.00 |2,425.00  |20.00     |0.00      |5,651     |14,742      |-3,176   |27,331.89    |                       
2021-08-27 |SA110        |2,541.00   |2,508.00 |2,576.00 |2,499.00 |2,568.00 |2,545.00  |27.00     |4.00      |4,898     |12,045      |285      |24,928.15    |                       
2021-08-27 |SA111        |2,551.00   |2,538.00 |2,586.00 |2,510.00 |2,580.00 |2,555.00  |29.00     |4.00      |5,398     |8,312       |368      |27,586.35    |                       
2021-08-27 |SA112        |2,676.00   |2,631.00 |2,692.00 |2,621.00 |2,684.00 |2,663.00  |8.00      |-13.00    |2,384     |2,695       |75       |12,698.29    |                       
2021-08-27 |SA201        |2,684.00   |2,644.00 |2,706.00 |2,630.00 |2,694.00 |2,672.00  |10.00     |-12.00    |703,903   |411,414     |-1,662   |3,762,264.46 |                       
2021-08-27 |SA202        |2,745.00   |2,700.00 |2,759.00 |2,698.00 |2,755.00 |2,731.00  |10.00     |-14.00    |106       |279         |-43      |579.07       |                       
2021-08-27 |SA203        |2,751.00   |2,708.00 |2,774.00 |2,706.00 |2,766.00 |2,741.00  |15.00     |-10.00    |65        |368         |-30      |356.35       |                       
2021-08-27 |SA204        |2,823.00   |2,786.00 |2,850.00 |2,783.00 |2,825.00 |2,808.00  |2.00      |-15.00    |110       |518         |-51      |617.65       |                       
2021-08-27 |SA205        |2,824.00   |2,785.00 |2,827.00 |2,771.00 |2,816.00 |2,803.00  |-8.00     |-21.00    |76,089    |97,374      |10,395   |426,622.15   |                       
2021-08-27 |SA206        |2,850.00   |2,810.00 |2,858.00 |2,800.00 |2,851.00 |2,837.00  |1.00      |-13.00    |1,071     |2,288       |-88      |6,076.09     |                       
2021-08-27 |SA207        |2,837.00   |2,805.00 |2,843.00 |2,789.00 |2,834.00 |2,821.00  |-3.00     |-16.00    |107       |629         |11       |603.70       |                       
2021-08-27 |SA208        |2,862.00   |2,826.00 |2,875.00 |2,824.00 |2,875.00 |2,848.00  |13.00     |-14.00    |242       |399         |123      |1,378.60     |                       
2021-08-30 |SA109        |2,425.00   |2,448.00 |2,479.00 |2,440.00 |2,474.00 |2,463.00  |49.00     |38.00     |4,788     |11,463      |-3,279   |23,456.93    |                       
2021-08-30 |SA110        |2,545.00   |2,573.00 |2,605.00 |2,560.00 |2,603.00 |2,584.00  |58.00     |39.00     |5,018     |12,097      |52       |25,937.63    |                       
2021-08-30 |SA111        |2,555.00   |2,587.00 |2,618.00 |2,573.00 |2,618.00 |2,598.00  |63.00     |43.00     |8,148     |8,711       |399      |42,332.49    |                       
2021-08-30 |SA112        |2,663.00   |2,785.00 |2,785.00 |2,673.00 |2,707.00 |2,696.00  |44.00     |33.00     |3,038     |2,750       |55       |16,378.63    |                       
2021-08-30 |SA201        |2,672.00   |2,705.00 |2,728.00 |2,682.00 |2,718.00 |2,709.00  |46.00     |37.00     |624,319   |392,608     |-18,806  |3,382,564.22 |                       
2021-08-30 |SA202        |2,731.00   |2,757.00 |2,784.00 |2,750.00 |2,773.00 |2,763.00  |42.00     |32.00     |101       |325         |46       |558.16       |                       
2021-08-30 |SA203        |2,741.00   |2,791.00 |2,795.00 |2,760.00 |2,789.00 |2,780.00  |48.00     |39.00     |90        |351         |-17      |500.37       |                       
2021-08-30 |SA204        |2,808.00   |2,831.00 |2,846.00 |2,816.00 |2,841.00 |2,833.00  |33.00     |25.00     |34        |516         |-2       |192.64       |                       
2021-08-30 |SA205        |2,803.00   |2,825.00 |2,845.00 |2,812.00 |2,840.00 |2,831.00  |37.00     |28.00     |60,246    |99,261      |1,887    |341,165.11   |                       
2021-08-30 |SA206        |2,837.00   |2,857.00 |2,875.00 |2,845.00 |2,870.00 |2,864.00  |33.00     |27.00     |407       |2,281       |-7       |2,331.20     |                       
2021-08-30 |SA207        |2,821.00   |2,850.00 |2,859.00 |2,831.00 |2,855.00 |2,850.00  |34.00     |29.00     |144       |634         |5        |820.67       |                       
2021-08-30 |SA208        |2,848.00   |2,876.00 |2,887.00 |2,862.00 |2,885.00 |2,877.00  |37.00     |29.00     |75        |422         |23       |431.51       |                       
2021-08-31 |SA109        |2,463.00   |2,478.00 |2,555.00 |2,469.00 |2,533.00 |2,506.00  |70.00     |43.00     |8,751     |5,536       |-5,927   |43,852.62    |                       
2021-08-31 |SA110        |2,584.00   |2,633.00 |2,633.00 |2,569.00 |2,613.00 |2,597.00  |29.00     |13.00     |8,262     |10,607      |-1,490   |42,917.07    |                       
2021-08-31 |SA111        |2,598.00   |2,635.00 |2,638.00 |2,581.00 |2,624.00 |2,611.00  |26.00     |13.00     |10,249    |8,004       |-707     |53,514.64    |                       
2021-08-31 |SA112        |2,696.00   |2,709.00 |2,722.00 |2,671.00 |2,681.00 |2,695.00  |-15.00    |-1.00     |2,665     |2,875       |125      |14,362.45    |                       
2021-08-31 |SA201        |2,709.00   |2,720.00 |2,735.00 |2,678.00 |2,689.00 |2,706.00  |-20.00    |-3.00     |584,120   |392,016     |-592     |3,161,657.41 |                       
2021-08-31 |SA202        |2,763.00   |2,785.00 |2,785.00 |2,746.00 |2,753.00 |2,756.00  |-10.00    |-7.00     |50        |323         |-2       |275.63       |                       
2021-08-31 |SA203        |2,780.00   |2,778.00 |2,800.00 |2,758.00 |2,762.00 |2,778.00  |-18.00    |-2.00     |29        |361         |10       |161.12       |                       
2021-08-31 |SA204        |2,833.00   |2,846.00 |2,863.00 |2,817.00 |2,822.00 |2,838.00  |-11.00    |5.00      |33        |530         |14       |187.32       |                       
2021-08-31 |SA205        |2,831.00   |2,845.00 |2,860.00 |2,810.00 |2,818.00 |2,834.00  |-13.00    |3.00      |56,352    |99,813      |552      |319,393.85   |                       
2021-08-31 |SA206        |2,864.00   |2,871.00 |2,886.00 |2,842.00 |2,854.00 |2,861.00  |-10.00    |-3.00     |535       |2,347       |66       |3,061.61     |                       
2021-08-31 |SA207        |2,850.00   |2,865.00 |2,875.00 |2,830.00 |2,846.00 |2,852.00  |-4.00     |2.00      |296       |753         |119      |1,688.47     |                       
2021-08-31 |SA208        |2,877.00   |2,895.00 |2,895.00 |2,861.00 |2,879.00 |2,883.00  |2.00      |6.00      |238       |510         |88       |1,372.53     |                       
2021-09-01 |SA109        |2,506.00   |2,520.00 |2,543.00 |2,502.00 |2,505.00 |2,524.00  |-1.00     |18.00     |582       |5,179       |-357     |2,932.56     |2,464.00               
2021-09-01 |SA110        |2,597.00   |2,602.00 |2,630.00 |2,598.00 |2,608.00 |2,610.00  |11.00     |13.00     |4,256     |9,431       |-1,176   |22,216.63    |                       
2021-09-01 |SA111        |2,611.00   |2,611.00 |2,654.00 |2,604.00 |2,613.00 |2,621.00  |2.00      |10.00     |7,530     |8,642       |638      |39,469.06    |                       
2021-09-01 |SA112        |2,695.00   |2,681.00 |2,712.00 |2,659.00 |2,696.00 |2,692.00  |1.00      |-3.00     |5,570     |4,059       |1,184    |29,991.67    |                       
2021-09-01 |SA201        |2,706.00   |2,680.00 |2,719.00 |2,662.00 |2,704.00 |2,695.00  |-2.00     |-11.00    |629,408   |393,599     |1,583    |3,392,010.38 |                       
2021-09-01 |SA202        |2,756.00   |2,733.00 |2,790.00 |2,731.00 |2,770.00 |2,761.00  |14.00     |5.00      |1,229     |475         |152      |6,785.96     |                       
2021-09-01 |SA203        |2,778.00   |2,745.00 |2,801.00 |2,745.00 |2,773.00 |2,779.00  |-5.00     |1.00      |82        |352         |-9       |455.80       |                       
2021-09-01 |SA204        |2,838.00   |2,843.00 |2,849.00 |2,815.00 |2,822.00 |2,830.00  |-16.00    |-8.00     |24        |520         |-10      |135.85       |                       
2021-09-01 |SA205        |2,834.00   |2,807.00 |2,842.00 |2,792.00 |2,823.00 |2,820.00  |-11.00    |-14.00    |54,376    |103,016     |3,203    |306,700.61   |                       
2021-09-01 |SA206        |2,861.00   |2,850.00 |2,873.00 |2,828.00 |2,855.00 |2,853.00  |-6.00     |-8.00     |801       |2,185       |-162     |4,571.17     |                       
2021-09-01 |SA207        |2,852.00   |2,838.00 |2,866.00 |2,826.00 |2,857.00 |2,848.00  |5.00      |-4.00     |125       |780         |27       |712.12       |                       
2021-09-01 |SA208        |2,883.00   |2,865.00 |2,890.00 |2,858.00 |2,884.00 |2,880.00  |1.00      |-3.00     |173       |578         |68       |996.50       |                       
2021-09-02 |SA109        |2,524.00   |2,505.00 |2,540.00 |2,498.00 |2,505.00 |2,524.00  |-19.00    |0.00      |356       |4,902       |-277     |1,790.66     |2,473.00               
2021-09-02 |SA110        |2,610.00   |2,607.00 |2,648.00 |2,589.00 |2,589.00 |2,611.00  |-21.00    |1.00      |2,966     |8,362       |-1,069   |15,488.03    |                       
2021-09-02 |SA111        |2,621.00   |2,614.00 |2,660.00 |2,600.00 |2,600.00 |2,622.00  |-21.00    |1.00      |4,769     |8,833       |191      |25,011.45    |                       
2021-09-02 |SA112        |2,692.00   |2,705.00 |2,743.00 |2,670.00 |2,681.00 |2,699.00  |-11.00    |7.00      |5,378     |4,889       |830      |29,035.30    |                       
2021-09-02 |SA201        |2,695.00   |2,705.00 |2,752.00 |2,676.00 |2,687.00 |2,706.00  |-8.00     |11.00     |704,540   |382,585     |-11,014  |3,813,122.46 |                       
2021-09-02 |SA202        |2,761.00   |2,774.00 |2,808.00 |2,744.00 |2,750.00 |2,773.00  |-11.00    |12.00     |1,139     |505         |30       |6,317.03     |                       
2021-09-02 |SA203        |2,779.00   |2,782.00 |2,810.00 |2,752.00 |2,764.00 |2,782.00  |-15.00    |3.00      |98        |347         |-5       |545.36       |                       
2021-09-02 |SA204        |2,830.00   |2,819.00 |2,841.00 |2,808.00 |2,812.00 |2,820.00  |-18.00    |-10.00    |13        |519         |-1       |73.32        |                       
2021-09-02 |SA205        |2,820.00   |2,820.00 |2,865.00 |2,798.00 |2,808.00 |2,825.00  |-12.00    |5.00      |74,910    |99,946      |-3,070   |423,290.65   |                       
2021-09-02 |SA206        |2,853.00   |2,863.00 |2,896.00 |2,832.00 |2,839.00 |2,857.00  |-14.00    |4.00      |499       |2,093       |-92      |2,850.93     |                       
2021-09-02 |SA207        |2,848.00   |2,858.00 |2,888.00 |2,832.00 |2,841.00 |2,848.00  |-7.00     |0.00      |228       |755         |-25      |1,298.81     |                       
2021-09-02 |SA208        |2,880.00   |2,888.00 |2,913.00 |2,866.00 |2,878.00 |2,885.00  |-2.00     |5.00      |214       |575         |-3       |1,234.94     |                       
2021-09-03 |SA109        |2,524.00   |2,541.00 |2,545.00 |2,536.00 |2,540.00 |2,541.00  |16.00     |17.00     |132       |4,631       |-271     |670.78       |2,482.00               
2021-09-03 |SA110        |2,611.00   |2,600.00 |2,646.00 |2,590.00 |2,637.00 |2,622.00  |26.00     |11.00     |2,085     |8,518       |156      |10,932.82    |                       
2021-09-03 |SA111        |2,622.00   |2,595.00 |2,659.00 |2,595.00 |2,647.00 |2,634.00  |25.00     |12.00     |4,933     |9,003       |170      |25,986.91    |                       
2021-09-03 |SA112        |2,699.00   |2,684.00 |2,732.00 |2,684.00 |2,721.00 |2,711.00  |22.00     |12.00     |8,740     |5,698       |809      |47,396.12    |                       
2021-09-03 |SA201        |2,706.00   |2,690.00 |2,739.00 |2,682.00 |2,727.00 |2,715.00  |21.00     |9.00      |582,100   |382,916     |331      |3,161,370.22 |                       
2021-09-03 |SA202        |2,773.00   |2,764.00 |2,795.00 |2,759.00 |2,786.00 |2,779.00  |13.00     |6.00      |537       |550         |45       |2,984.33     |                       
2021-09-03 |SA203        |2,782.00   |2,777.00 |2,802.00 |2,777.00 |2,802.00 |2,797.00  |20.00     |15.00     |22        |342         |-5       |123.05       |                       
2021-09-03 |SA204        |2,820.00   |2,812.00 |2,860.00 |2,812.00 |2,844.00 |2,847.00  |24.00     |27.00     |51        |532         |13       |290.36       |                       
2021-09-03 |SA205        |2,825.00   |2,807.00 |2,860.00 |2,803.00 |2,846.00 |2,838.00  |21.00     |13.00     |60,148    |102,219     |2,273    |341,425.58   |                       
2021-09-03 |SA206        |2,857.00   |2,837.00 |2,888.00 |2,808.00 |2,879.00 |2,867.00  |22.00     |10.00     |374       |2,100       |7        |2,144.78     |                       
2021-09-03 |SA207        |2,848.00   |2,835.00 |2,884.00 |2,835.00 |2,868.00 |2,872.00  |20.00     |24.00     |153       |810         |55       |878.74       |                       
2021-09-03 |SA208        |2,885.00   |2,881.00 |2,910.00 |2,880.00 |2,900.00 |2,895.00  |15.00     |10.00     |168       |613         |38       |972.85       |                       
2021-09-06 |SA109        |2,541.00   |2,553.00 |2,553.00 |2,525.00 |2,544.00 |2,542.00  |3.00      |1.00      |191       |4,584       |-47      |970.92       |2,488.00               
2021-09-06 |SA110        |2,622.00   |2,641.00 |2,662.00 |2,631.00 |2,648.00 |2,646.00  |26.00     |24.00     |1,288     |8,558       |40       |6,817.04     |                       
2021-09-06 |SA111        |2,634.00   |2,656.00 |2,672.00 |2,643.00 |2,654.00 |2,657.00  |20.00     |23.00     |3,922     |9,150       |147      |20,839.62    |                       
2021-09-06 |SA112        |2,711.00   |2,730.00 |2,754.00 |2,709.00 |2,733.00 |2,731.00  |22.00     |20.00     |9,362     |6,422       |724      |51,134.02    |                       
2021-09-06 |SA201        |2,715.00   |2,731.00 |2,759.00 |2,713.00 |2,739.00 |2,736.00  |24.00     |21.00     |578,127   |381,994     |-922     |3,163,567.89 |                       
2021-09-06 |SA202        |2,779.00   |2,790.00 |2,817.00 |2,778.00 |2,805.00 |2,799.00  |26.00     |20.00     |614       |579         |29       |3,437.49     |                       
2021-09-06 |SA203        |2,797.00   |2,806.00 |2,814.00 |2,792.00 |2,809.00 |2,806.00  |12.00     |9.00      |27        |339         |-3       |151.53       |                       
2021-09-06 |SA204        |2,847.00   |2,862.00 |2,879.00 |2,842.00 |2,857.00 |2,862.00  |10.00     |15.00     |31        |533         |1        |177.45       |                       
2021-09-06 |SA205        |2,838.00   |2,850.00 |2,878.00 |2,834.00 |2,856.00 |2,856.00  |18.00     |18.00     |58,555    |105,778     |3,559    |334,439.81   |                       
2021-09-06 |SA206        |2,867.00   |2,876.00 |2,906.00 |2,867.00 |2,888.00 |2,887.00  |21.00     |20.00     |355       |2,075       |-25      |2,049.65     |                       
2021-09-06 |SA207        |2,872.00   |2,884.00 |2,902.00 |2,864.00 |2,887.00 |2,884.00  |15.00     |12.00     |134       |811         |1        |772.78       |                       
2021-09-06 |SA208        |2,895.00   |2,904.00 |2,922.00 |2,893.00 |2,910.00 |2,910.00  |15.00     |15.00     |195       |639         |26       |1,134.91     |                       
2021-09-07 |SA109        |2,542.00   |2,575.00 |2,601.00 |2,566.00 |2,601.00 |2,584.00  |59.00     |42.00     |21        |4,573       |-11      |108.53       |2,498.00               
2021-09-07 |SA110        |2,646.00   |2,640.00 |2,784.00 |2,618.00 |2,758.00 |2,695.00  |112.00    |49.00     |1,692     |8,812       |254      |9,118.25     |                       
2021-09-07 |SA111        |2,657.00   |2,657.00 |2,795.00 |2,641.00 |2,769.00 |2,704.00  |112.00    |47.00     |7,549     |9,110       |-40      |40,828.50    |                       
2021-09-07 |SA112        |2,731.00   |2,730.00 |2,883.00 |2,725.00 |2,856.00 |2,794.00  |125.00    |63.00     |19,094    |7,291       |869      |106,687.50   |                       
2021-09-07 |SA201        |2,736.00   |2,739.00 |2,892.00 |2,727.00 |2,865.00 |2,807.00  |129.00    |71.00     |981,645   |421,265     |39,271   |5,510,738.14 |                       
2021-09-07 |SA202        |2,799.00   |2,793.00 |2,938.00 |2,792.00 |2,907.00 |2,854.00  |108.00    |55.00     |1,688     |614         |35       |9,635.10     |                       
2021-09-07 |SA203        |2,806.00   |2,814.00 |2,916.00 |2,814.00 |2,896.00 |2,867.00  |90.00     |61.00     |44        |334         |-5       |252.33       |                       
2021-09-07 |SA204        |2,862.00   |2,855.00 |3,005.00 |2,853.00 |2,972.00 |2,945.00  |110.00    |83.00     |126       |519         |-14      |742.22       |                       
2021-09-07 |SA205        |2,856.00   |2,853.00 |3,002.00 |2,847.00 |2,979.00 |2,922.00  |123.00    |66.00     |111,432   |113,092     |7,314    |651,267.28   |                       
2021-09-07 |SA206        |2,887.00   |2,891.00 |3,023.00 |2,880.00 |2,999.00 |2,958.00  |112.00    |71.00     |1,037     |2,202       |127      |6,134.13     |                       
2021-09-07 |SA207        |2,884.00   |2,884.00 |3,001.00 |2,880.00 |2,993.00 |2,951.00  |109.00    |67.00     |454       |963         |152      |2,679.58     |                       
2021-09-07 |SA208        |2,910.00   |2,911.00 |3,029.00 |2,907.00 |3,002.00 |2,961.00  |92.00     |51.00     |556       |875         |236      |3,293.05     |                       
2021-09-08 |SA109        |2,584.00   |2,739.00 |2,753.00 |2,698.00 |2,698.00 |2,718.00  |114.00    |134.00    |20        |4,466       |-107     |108.72       |2,525.00               
2021-09-08 |SA110        |2,695.00   |2,755.00 |2,852.00 |2,746.00 |2,818.00 |2,794.00  |123.00    |99.00     |2,795     |8,694       |-118     |15,620.33    |                       
2021-09-08 |SA111        |2,704.00   |2,772.00 |2,868.00 |2,757.00 |2,834.00 |2,809.00  |130.00    |105.00    |9,829     |9,398       |288      |55,210.12    |                       
2021-09-08 |SA112        |2,794.00   |2,859.00 |2,928.00 |2,847.00 |2,898.00 |2,892.00  |104.00    |98.00     |17,663    |9,288       |1,997    |102,156.13   |                       
2021-09-08 |SA201        |2,807.00   |2,865.00 |2,937.00 |2,853.00 |2,903.00 |2,897.00  |96.00     |90.00     |897,369   |448,107     |26,842   |5,200,031.01 |                       
2021-09-08 |SA202        |2,854.00   |2,894.00 |2,967.00 |2,894.00 |2,941.00 |2,935.00  |87.00     |81.00     |1,802     |630         |16       |10,578.80    |                       
2021-09-08 |SA203        |2,867.00   |2,907.00 |2,971.00 |2,907.00 |2,952.00 |2,950.00  |85.00     |83.00     |80        |308         |-26      |472.04       |                       
2021-09-08 |SA204        |2,945.00   |2,972.00 |3,018.00 |2,968.00 |2,991.00 |2,997.00  |46.00     |52.00     |122       |522         |3        |731.22       |                       
2021-09-08 |SA205        |2,922.00   |2,986.00 |3,016.00 |2,961.00 |2,981.00 |2,988.00  |59.00     |66.00     |112,472   |115,717     |2,625    |672,040.88   |                       
2021-09-08 |SA206        |2,958.00   |3,008.00 |3,039.00 |2,989.00 |3,007.00 |3,016.00  |49.00     |58.00     |992       |2,204       |2        |5,983.84     |                       
2021-09-08 |SA207        |2,951.00   |2,981.00 |3,028.00 |2,969.00 |2,990.00 |3,000.00  |39.00     |49.00     |310       |911         |-52      |1,859.81     |                       
2021-09-08 |SA208        |2,961.00   |3,005.00 |3,038.00 |2,995.00 |3,002.00 |3,014.00  |41.00     |53.00     |399       |991         |116      |2,405.37     |                       
2021-09-09 |SA109        |2,718.00   |2,718.00 |2,848.00 |2,718.00 |2,837.00 |2,733.00  |119.00    |15.00     |470       |4,316       |-150     |2,508.21     |2,556.00               
2021-09-09 |SA110        |2,794.00   |2,801.00 |2,933.00 |2,801.00 |2,888.00 |2,868.00  |94.00     |74.00     |2,477     |7,983       |-711     |14,206.36    |                       
2021-09-09 |SA111        |2,809.00   |2,835.00 |2,946.00 |2,813.00 |2,900.00 |2,872.00  |91.00     |63.00     |8,718     |9,233       |-165     |50,072.78    |                       
2021-09-09 |SA112        |2,892.00   |2,895.00 |3,008.00 |2,884.00 |2,979.00 |2,947.00  |87.00     |55.00     |19,152    |10,098      |810      |112,868.89   |                       
2021-09-09 |SA201        |2,897.00   |2,897.00 |3,018.00 |2,891.00 |2,984.00 |2,953.00  |87.00     |56.00     |1,045,360 |442,294     |-5,813   |6,173,816.56 |                       
2021-09-09 |SA202        |2,935.00   |2,926.00 |3,048.00 |2,926.00 |3,013.00 |2,989.00  |78.00     |54.00     |2,313     |594         |-36      |13,829.34    |                       
2021-09-09 |SA203        |2,950.00   |2,941.00 |3,050.00 |2,937.00 |3,031.00 |2,996.00  |81.00     |46.00     |91        |323         |15       |545.25       |                       
2021-09-09 |SA204        |2,997.00   |3,000.00 |3,114.00 |2,975.00 |3,095.00 |3,054.00  |98.00     |57.00     |111       |532         |10       |677.90       |                       
2021-09-09 |SA205        |2,988.00   |2,985.00 |3,111.00 |2,971.00 |3,090.00 |3,036.00  |102.00    |48.00     |122,251   |112,144     |-3,573   |742,412.57   |                       
2021-09-09 |SA206        |3,016.00   |3,004.00 |3,127.00 |2,996.00 |3,109.00 |3,055.00  |93.00     |39.00     |1,043     |2,171       |-33      |6,372.30     |                       
2021-09-09 |SA207        |3,000.00   |2,986.00 |3,115.00 |2,986.00 |3,099.00 |3,037.00  |99.00     |37.00     |454       |853         |-58      |2,757.24     |                       
2021-09-09 |SA208        |3,014.00   |3,000.00 |3,128.00 |2,999.00 |3,104.00 |3,059.00  |90.00     |45.00     |504       |1,108       |117      |3,083.14     |                       
2021-09-10 |SA109        |2,733.00   |2,763.00 |2,763.00 |2,763.00 |2,763.00 |2,763.00  |30.00     |30.00     |110       |4,226       |-90      |575.26       |2,590.00               
2021-09-10 |SA110        |2,868.00   |2,874.00 |2,960.00 |2,859.00 |2,859.00 |2,922.00  |-9.00     |54.00     |1,634     |7,994       |11       |9,548.89     |                       
2021-09-10 |SA111        |2,872.00   |2,892.00 |2,974.00 |2,870.00 |2,872.00 |2,932.00  |0.00      |60.00     |6,400     |9,141       |-92      |37,529.22    |                       
2021-09-10 |SA112        |2,947.00   |2,977.00 |3,054.00 |2,950.00 |2,954.00 |3,016.00  |7.00      |69.00     |15,969    |10,828      |730      |96,337.05    |                       
2021-09-10 |SA201        |2,953.00   |2,980.00 |3,062.00 |2,956.00 |2,964.00 |3,017.00  |11.00     |64.00     |1,098,382 |433,720     |-8,574   |6,628,702.05 |                       
2021-09-10 |SA202        |2,989.00   |3,033.00 |3,098.00 |2,999.00 |2,999.00 |3,055.00  |10.00     |66.00     |2,599     |610         |16       |15,877.82    |                       
2021-09-10 |SA203        |2,996.00   |3,066.00 |3,077.00 |3,007.00 |3,007.00 |3,050.00  |11.00     |54.00     |54        |311         |-12      |329.43       |                       
2021-09-10 |SA204        |3,054.00   |3,095.00 |3,151.00 |3,068.00 |3,075.00 |3,115.00  |21.00     |61.00     |135       |589         |57       |841.15       |                       
2021-09-10 |SA205        |3,036.00   |3,090.00 |3,150.00 |3,060.00 |3,064.00 |3,108.00  |28.00     |72.00     |103,379   |111,347     |-797     |642,678.07   |                       
2021-09-10 |SA206        |3,055.00   |3,100.00 |3,164.00 |3,083.00 |3,083.00 |3,128.00  |28.00     |73.00     |816       |2,189       |18       |5,104.77     |                       
2021-09-10 |SA207        |3,037.00   |3,109.00 |3,160.00 |3,075.00 |3,075.00 |3,128.00  |38.00     |91.00     |457       |778         |-75      |2,858.56     |                       
2021-09-10 |SA208        |3,059.00   |3,104.00 |3,162.00 |3,078.00 |3,083.00 |3,126.00  |24.00     |67.00     |440       |1,243       |135      |2,751.05     |                       
2021-09-13 |SA109        |2,763.00   |2,750.00 |2,750.00 |2,742.00 |2,742.00 |2,748.00  |-21.00    |-15.00    |259       |3,983       |-243     |1,334.47     |2,618.00               
2021-09-13 |SA110        |2,922.00   |2,894.00 |2,928.00 |2,843.00 |2,864.00 |2,891.00  |-58.00    |-31.00    |1,200     |7,696       |-298     |6,937.53     |                       
2021-09-13 |SA111        |2,932.00   |2,905.00 |2,941.00 |2,853.00 |2,875.00 |2,897.00  |-57.00    |-35.00    |7,402     |9,045       |-96      |42,880.78    |                       
2021-09-13 |SA112        |3,016.00   |2,980.00 |3,019.00 |2,928.00 |2,947.00 |2,979.00  |-69.00    |-37.00    |15,261    |11,046      |218      |90,936.73    |                       
2021-09-13 |SA201        |3,017.00   |2,982.00 |3,030.00 |2,935.00 |2,958.00 |2,985.00  |-59.00    |-32.00    |982,311   |429,077     |-4,643   |5,864,012.53 |                       
2021-09-13 |SA202        |3,055.00   |2,999.00 |3,064.00 |2,971.00 |2,991.00 |3,019.00  |-64.00    |-36.00    |4,030     |579         |-31      |24,332.13    |                       
2021-09-13 |SA203        |3,050.00   |3,045.00 |3,070.00 |2,972.00 |3,001.00 |3,015.00  |-49.00    |-35.00    |217       |286         |-25      |1,308.58     |                       
2021-09-13 |SA204        |3,115.00   |3,099.00 |3,131.00 |3,043.00 |3,069.00 |3,087.00  |-46.00    |-28.00    |159       |601         |12       |981.62       |                       
2021-09-13 |SA205        |3,108.00   |3,074.00 |3,125.00 |3,044.00 |3,064.00 |3,086.00  |-44.00    |-22.00    |94,389    |111,726     |379      |582,542.08   |                       
2021-09-13 |SA206        |3,128.00   |3,099.00 |3,143.00 |3,064.00 |3,074.00 |3,099.00  |-54.00    |-29.00    |501       |2,168       |-21      |3,105.22     |                       
2021-09-13 |SA207        |3,128.00   |3,077.00 |3,134.00 |3,057.00 |3,069.00 |3,087.00  |-59.00    |-41.00    |173       |808         |30       |1,068.11     |                       
2021-09-13 |SA208        |3,126.00   |3,080.00 |3,149.00 |3,064.00 |3,075.00 |3,099.00  |-51.00    |-27.00    |387       |1,292       |49       |2,398.94     |                       
2021-09-14 |SA109        |2,748.00   |2,672.00 |2,749.00 |2,672.00 |2,749.00 |2,711.00  |1.00      |-37.00    |778       |0           |-3,983   |4,139.77     |2,639.00               
2021-09-14 |SA110        |2,891.00   |2,879.00 |2,879.00 |2,775.00 |2,780.00 |2,815.00  |-111.00   |-76.00    |1,999     |7,435       |-261     |11,254.72    |                       
2021-09-14 |SA111        |2,897.00   |2,884.00 |2,889.00 |2,789.00 |2,796.00 |2,827.00  |-101.00   |-70.00    |9,307     |9,222       |177      |52,626.67    |                       
2021-09-14 |SA112        |2,979.00   |2,955.00 |2,957.00 |2,859.00 |2,871.00 |2,899.00  |-108.00   |-80.00    |13,884    |10,420      |-626     |80,509.64    |                       
2021-09-14 |SA201        |2,985.00   |2,960.00 |2,966.00 |2,865.00 |2,882.00 |2,908.00  |-103.00   |-77.00    |1,084,129 |393,275     |-35,802  |6,304,681.55 |                       
2021-09-14 |SA202        |3,019.00   |2,995.00 |3,000.00 |2,917.00 |2,924.00 |2,958.00  |-95.00    |-61.00    |4,551     |570         |-9       |26,924.86    |                       
2021-09-14 |SA203        |3,015.00   |3,000.00 |3,000.00 |2,925.00 |2,930.00 |2,955.00  |-85.00    |-60.00    |216       |330         |44       |1,276.50     |                       
2021-09-14 |SA204        |3,087.00   |3,054.00 |3,062.00 |2,984.00 |2,987.00 |3,029.00  |-100.00   |-58.00    |180       |628         |27       |1,090.36     |                       
2021-09-14 |SA205        |3,086.00   |3,075.00 |3,077.00 |2,977.00 |2,980.00 |3,022.00  |-106.00   |-64.00    |124,669   |110,506     |-1,220   |753,388.60   |                       
2021-09-14 |SA206        |3,099.00   |3,074.00 |3,090.00 |3,001.00 |3,003.00 |3,042.00  |-96.00    |-57.00    |650       |2,164       |-4       |3,954.37     |                       
2021-09-14 |SA207        |3,087.00   |3,068.00 |3,083.00 |2,994.00 |2,994.00 |3,025.00  |-93.00    |-62.00    |395       |750         |-58      |2,389.42     |                       
2021-09-14 |SA208        |3,099.00   |3,069.00 |3,080.00 |3,004.00 |3,005.00 |3,035.00  |-94.00    |-64.00    |915       |1,352       |60       |5,553.31     |                       
2021-09-15 |SA110        |2,815.00   |2,783.00 |2,842.00 |2,740.00 |2,800.00 |2,779.00  |-15.00    |-36.00    |1,534     |7,087       |-348     |8,525.16     |                       
2021-09-15 |SA111        |2,827.00   |2,799.00 |2,860.00 |2,750.00 |2,814.00 |2,798.00  |-13.00    |-29.00    |6,432     |9,225       |3        |35,989.08    |                       
2021-09-15 |SA112        |2,899.00   |2,867.00 |2,921.00 |2,810.00 |2,882.00 |2,863.00  |-17.00    |-36.00    |12,274    |10,736      |316      |70,276.98    |                       
2021-09-15 |SA201        |2,908.00   |2,873.00 |2,931.00 |2,816.00 |2,888.00 |2,867.00  |-20.00    |-41.00    |1,124,480 |403,098     |9,823    |6,447,758.21 |                       
2021-09-15 |SA202        |2,958.00   |2,926.00 |2,959.00 |2,854.00 |2,914.00 |2,900.00  |-44.00    |-58.00    |4,747     |598         |28       |27,533.69    |                       
2021-09-15 |SA203        |2,955.00   |2,944.00 |2,980.00 |2,860.00 |2,893.00 |2,896.00  |-62.00    |-59.00    |213       |330         |0        |1,233.64     |                       
2021-09-15 |SA204        |3,029.00   |2,979.00 |3,030.00 |2,916.00 |2,950.00 |2,946.00  |-79.00    |-83.00    |178       |585         |-43      |1,048.67     |                       
2021-09-15 |SA205        |3,022.00   |2,965.00 |2,993.00 |2,902.00 |2,949.00 |2,944.00  |-73.00    |-78.00    |128,097   |110,829     |323      |754,293.44   |                       
2021-09-15 |SA206        |3,042.00   |2,994.00 |3,014.00 |2,932.00 |2,971.00 |2,969.00  |-71.00    |-73.00    |817       |2,060       |-104     |4,851.17     |                       
2021-09-15 |SA207        |3,025.00   |2,982.00 |3,002.00 |2,926.00 |2,962.00 |2,961.00  |-63.00    |-64.00    |351       |704         |-46      |2,078.55     |                       
2021-09-15 |SA208        |3,035.00   |3,010.00 |3,013.00 |2,940.00 |2,970.00 |2,968.00  |-65.00    |-67.00    |1,500     |1,398       |46       |8,904.24     |                       
2021-09-15 |SA209        |3,035.00   |2,951.00 |3,007.00 |2,946.00 |2,968.00 |2,973.00  |-67.00    |-62.00    |2,191     |1,411       |1,411    |13,026.04    |                       
2021-09-16 |SA110        |2,779.00   |2,785.00 |2,921.00 |2,766.00 |2,915.00 |2,855.00  |136.00    |76.00     |1,151     |6,867       |-220     |6,571.55     |                       
2021-09-16 |SA111        |2,798.00   |2,801.00 |2,939.00 |2,781.00 |2,933.00 |2,869.00  |135.00    |71.00     |10,041    |9,142       |-83      |57,606.56    |                       
2021-09-16 |SA112        |2,863.00   |2,879.00 |3,000.00 |2,844.00 |2,990.00 |2,928.00  |127.00    |65.00     |15,616    |10,329      |-407     |91,460.96    |                       
2021-09-16 |SA201        |2,867.00   |2,888.00 |3,009.00 |2,846.00 |3,000.00 |2,933.00  |133.00    |66.00     |1,295,993 |419,020     |15,922   |7,602,244.13 |                       
2021-09-16 |SA202        |2,900.00   |2,908.00 |3,030.00 |2,875.00 |3,022.00 |2,972.00  |122.00    |72.00     |7,761     |649         |51       |46,128.37    |                       
2021-09-16 |SA203        |2,896.00   |2,899.00 |3,025.00 |2,872.00 |3,021.00 |2,953.00  |125.00    |57.00     |276       |332         |2        |1,629.84     |                       
2021-09-16 |SA204        |2,946.00   |2,967.00 |3,071.00 |2,943.00 |3,048.00 |2,996.00  |102.00    |50.00     |141       |594         |9        |844.85       |                       
2021-09-16 |SA205        |2,944.00   |2,950.00 |3,064.00 |2,930.00 |3,036.00 |2,998.00  |92.00     |54.00     |115,884   |115,204     |4,375    |694,731.19   |                       
2021-09-16 |SA206        |2,969.00   |2,962.00 |3,078.00 |2,955.00 |3,056.00 |3,026.00  |87.00     |57.00     |637       |2,015       |-45      |3,855.33     |                       
2021-09-16 |SA207        |2,961.00   |2,958.00 |3,067.00 |2,947.00 |3,044.00 |3,008.00  |83.00     |47.00     |279       |736         |32       |1,678.37     |                       
2021-09-16 |SA208        |2,968.00   |2,964.00 |3,075.00 |2,955.00 |3,051.00 |3,012.00  |83.00     |44.00     |921       |1,481       |83       |5,548.92     |                       
2021-09-16 |SA209        |2,973.00   |2,966.00 |3,077.00 |2,961.00 |3,052.00 |3,019.00  |79.00     |46.00     |2,672     |2,171       |760      |16,133.74    |                       
2021-09-17 |SA110        |2,855.00   |2,924.00 |3,010.00 |2,796.00 |2,841.00 |2,905.00  |-14.00    |50.00     |1,412     |6,680       |-187     |8,203.02     |                       
2021-09-17 |SA111        |2,869.00   |2,950.00 |3,025.00 |2,810.00 |2,859.00 |2,926.00  |-10.00    |57.00     |11,079    |8,838       |-304     |64,837.58    |                       
2021-09-17 |SA112        |2,928.00   |2,996.00 |3,047.00 |2,851.00 |2,905.00 |2,959.00  |-23.00    |31.00     |18,090    |9,815       |-514     |107,071.73   |                       
2021-09-17 |SA201        |2,933.00   |2,998.00 |3,055.00 |2,856.00 |2,912.00 |2,964.00  |-21.00    |31.00     |1,415,856 |366,713     |-52,307  |8,394,427.69 |                       
2021-09-17 |SA202        |2,972.00   |3,025.00 |3,064.00 |2,882.00 |2,941.00 |2,976.00  |-31.00    |4.00      |6,392     |821         |172      |38,050.60    |                       
2021-09-17 |SA203        |2,953.00   |2,997.00 |3,056.00 |2,842.00 |2,883.00 |2,962.00  |-70.00    |9.00      |761       |352         |20       |4,507.87     |                       
2021-09-17 |SA204        |2,996.00   |3,038.00 |3,062.00 |2,856.00 |2,888.00 |2,948.00  |-108.00   |-48.00    |573       |523         |-71      |3,378.69     |                       
2021-09-17 |SA205        |2,998.00   |3,031.00 |3,036.00 |2,810.00 |2,852.00 |2,912.00  |-146.00   |-86.00    |202,638   |106,260     |-8,944   |1,180,075.39 |                       
2021-09-17 |SA206        |3,026.00   |3,054.00 |3,054.00 |2,821.00 |2,857.00 |2,928.00  |-169.00   |-98.00    |1,593     |1,560       |-455     |9,328.40     |                       
2021-09-17 |SA207        |3,008.00   |3,036.00 |3,036.00 |2,801.00 |2,833.00 |2,903.00  |-175.00   |-105.00   |518       |722         |-14      |3,007.29     |                       
2021-09-17 |SA208        |3,012.00   |3,050.00 |3,050.00 |2,807.00 |2,843.00 |2,926.00  |-169.00   |-86.00    |1,222     |1,189       |-292     |7,150.01     |                       
2021-09-17 |SA209        |3,019.00   |3,047.00 |3,053.00 |2,786.00 |2,818.00 |2,893.00  |-201.00   |-126.00   |5,348     |2,618       |447      |30,948.71    |                       
2021-09-22 |SA110        |2,905.00   |2,982.00 |3,121.00 |2,884.00 |3,114.00 |3,059.00  |209.00    |154.00    |1,846     |7,161       |481      |11,293.46    |                       
2021-09-22 |SA111        |2,926.00   |3,058.00 |3,142.00 |2,903.00 |3,131.00 |3,073.00  |205.00    |147.00    |9,225     |9,636       |798      |56,696.35    |                       
2021-09-22 |SA112        |2,959.00   |3,010.00 |3,179.00 |3,010.00 |3,170.00 |3,098.00  |211.00    |139.00    |17,016    |10,126      |311      |105,437.71   |                       
2021-09-22 |SA201        |2,964.00   |3,015.00 |3,183.00 |3,015.00 |3,174.00 |3,101.00  |210.00    |137.00    |832,210   |389,430     |22,717   |5,162,165.45 |                       
2021-09-22 |SA202        |2,976.00   |3,044.00 |3,145.00 |3,044.00 |3,105.00 |3,087.00  |129.00    |111.00    |7,317     |1,098       |277      |45,168.30    |                       
2021-09-22 |SA203        |2,962.00   |2,993.00 |3,078.00 |2,961.00 |3,043.00 |3,009.00  |81.00     |47.00     |215       |410         |58       |1,293.69     |                       
2021-09-22 |SA204        |2,948.00   |2,989.00 |3,050.00 |2,926.00 |3,020.00 |2,974.00  |72.00     |26.00     |279       |483         |-40      |1,659.76     |                       
2021-09-22 |SA205        |2,912.00   |2,925.00 |2,968.00 |2,861.00 |2,962.00 |2,926.00  |50.00     |14.00     |92,575    |100,468     |-5,792   |541,780.84   |                       
2021-09-22 |SA206        |2,928.00   |2,930.00 |2,962.00 |2,865.00 |2,922.00 |2,902.00  |-6.00     |-26.00    |690       |1,479       |-81      |4,004.46     |                       
2021-09-22 |SA207        |2,903.00   |2,833.00 |2,958.00 |2,833.00 |2,883.00 |2,883.00  |-20.00    |-20.00    |323       |624         |-98      |1,862.70     |                       
2021-09-22 |SA208        |2,926.00   |2,865.00 |2,932.00 |2,857.00 |2,899.00 |2,893.00  |-27.00    |-33.00    |603       |1,146       |-43      |3,489.26     |                       
2021-09-22 |SA209        |2,893.00   |2,881.00 |2,938.00 |2,834.00 |2,891.00 |2,892.00  |-2.00     |-1.00     |3,631     |2,884       |266      |20,998.73    |                       
2021-09-23 |SA110        |3,059.00   |3,121.00 |3,186.00 |3,105.00 |3,145.00 |3,134.00  |86.00     |75.00     |1,411     |7,319       |158      |8,844.64     |                       
2021-09-23 |SA111        |3,073.00   |3,149.00 |3,182.00 |3,080.00 |3,164.00 |3,150.00  |91.00     |77.00     |6,474     |10,001      |365      |40,787.98    |                       
2021-09-23 |SA112        |3,098.00   |3,184.00 |3,236.00 |3,140.00 |3,213.00 |3,190.00  |115.00    |92.00     |14,493    |10,634      |508      |92,475.70    |                       
2021-09-23 |SA201        |3,101.00   |3,179.00 |3,244.00 |3,147.00 |3,216.00 |3,196.00  |115.00    |95.00     |1,069,459 |379,532     |-9,898   |6,836,257.42 |                       
2021-09-23 |SA202        |3,087.00   |3,107.00 |3,186.00 |3,086.00 |3,154.00 |3,140.00  |67.00     |53.00     |11,343    |1,128       |30       |71,225.08    |                       
2021-09-23 |SA203        |3,009.00   |3,061.00 |3,159.00 |2,996.00 |3,126.00 |3,107.00  |117.00    |98.00     |227       |406         |-4       |1,410.36     |                       
2021-09-23 |SA204        |2,974.00   |3,028.00 |3,165.00 |3,002.00 |3,112.00 |3,101.00  |138.00    |127.00    |277       |499         |16       |1,717.78     |                       
2021-09-23 |SA205        |2,926.00   |2,966.00 |3,107.00 |2,966.00 |3,063.00 |3,045.00  |137.00    |119.00    |126,582   |102,801     |2,333    |770,832.82   |                       
2021-09-23 |SA206        |2,902.00   |2,922.00 |3,040.00 |2,922.00 |3,002.00 |2,980.00  |100.00    |78.00     |935       |1,564       |85       |5,572.16     |                       
2021-09-23 |SA207        |2,883.00   |2,879.00 |3,001.00 |2,879.00 |2,982.00 |2,955.00  |99.00     |72.00     |188       |620         |-4       |1,111.23     |                       
2021-09-23 |SA208        |2,893.00   |2,885.00 |3,033.00 |2,885.00 |2,999.00 |2,973.00  |106.00    |80.00     |738       |941         |-205     |4,388.61     |                       
2021-09-23 |SA209        |2,892.00   |2,896.00 |3,019.00 |2,896.00 |2,982.00 |2,968.00  |90.00     |76.00     |3,665     |3,119       |235      |21,752.75    |                       
2021-09-24 |SA110        |3,134.00   |3,132.00 |3,144.00 |3,014.00 |3,071.00 |3,094.00  |-63.00    |-40.00    |1,295     |6,693       |-626     |8,013.47     |                       
2021-09-24 |SA111        |3,150.00   |3,159.00 |3,164.00 |3,026.00 |3,081.00 |3,096.00  |-69.00    |-54.00    |6,831     |9,656       |-345     |42,296.44    |                       
2021-09-24 |SA112        |3,190.00   |3,228.00 |3,228.00 |3,049.00 |3,117.00 |3,143.00  |-73.00    |-47.00    |14,517    |10,569      |-65      |91,240.33    |                       
2021-09-24 |SA201        |3,196.00   |3,217.00 |3,224.00 |3,049.00 |3,118.00 |3,133.00  |-78.00    |-63.00    |1,142,899 |358,898     |-20,634  |7,162,216.15 |                       
2021-09-24 |SA202        |3,140.00   |3,157.00 |3,157.00 |3,018.00 |3,083.00 |3,102.00  |-57.00    |-38.00    |10,223    |1,166       |38       |63,430.77    |                       
2021-09-24 |SA203        |3,107.00   |3,080.00 |3,103.00 |2,980.00 |3,035.00 |3,032.00  |-72.00    |-75.00    |152       |412         |6        |921.86       |                       
2021-09-24 |SA204        |3,101.00   |3,081.00 |3,094.00 |2,970.00 |3,033.00 |3,029.00  |-68.00    |-72.00    |116       |489         |-10      |702.62       |                       
2021-09-24 |SA205        |3,045.00   |3,051.00 |3,062.00 |2,907.00 |2,978.00 |2,989.00  |-67.00    |-56.00    |123,306   |97,425      |-5,376   |737,071.11   |                       
2021-09-24 |SA206        |2,980.00   |3,002.00 |3,004.00 |2,874.00 |2,943.00 |2,939.00  |-37.00    |-41.00    |544       |1,527       |-37      |3,197.95     |                       
2021-09-24 |SA207        |2,955.00   |2,941.00 |2,972.00 |2,851.00 |2,910.00 |2,924.00  |-45.00    |-31.00    |106       |606         |-14      |619.94       |                       
2021-09-24 |SA208        |2,973.00   |3,001.00 |3,002.00 |2,878.00 |2,935.00 |2,959.00  |-38.00    |-14.00    |444       |853         |-88      |2,627.85     |                       
2021-09-24 |SA209        |2,968.00   |2,985.00 |2,996.00 |2,854.00 |2,914.00 |2,930.00  |-54.00    |-38.00    |2,511     |2,975       |-144     |14,715.35    |                       
2021-09-27 |SA110        |3,094.00   |3,085.00 |3,311.00 |3,073.00 |3,311.00 |3,206.00  |217.00    |112.00    |757       |6,832       |139      |4,854.31     |                       
2021-09-27 |SA111        |3,096.00   |3,101.00 |3,344.00 |3,089.00 |3,344.00 |3,223.00  |248.00    |127.00    |3,759     |9,872       |216      |24,231.78    |                       
2021-09-27 |SA112        |3,143.00   |3,139.00 |3,395.00 |3,114.00 |3,395.00 |3,265.00  |252.00    |122.00    |10,931    |11,175      |606      |71,386.20    |                       
2021-09-27 |SA201        |3,133.00   |3,149.00 |3,384.00 |3,117.00 |3,384.00 |3,271.00  |251.00    |138.00    |972,809   |397,115     |38,217   |6,363,584.20 |                       
2021-09-27 |SA202        |3,102.00   |3,083.00 |3,320.00 |3,063.00 |3,320.00 |3,173.00  |218.00    |71.00     |3,790     |1,597       |431      |24,050.05    |                       
2021-09-27 |SA203        |3,032.00   |3,047.00 |3,245.00 |3,032.00 |3,245.00 |3,173.00  |213.00    |141.00    |197       |425         |13       |1,250.28     |                       
2021-09-27 |SA204        |3,029.00   |3,041.00 |3,242.00 |3,019.00 |3,218.00 |3,189.00  |189.00    |160.00    |218       |536         |47       |1,390.19     |                       
2021-09-27 |SA205        |2,989.00   |3,020.00 |3,199.00 |2,956.00 |3,128.00 |3,097.00  |139.00    |108.00    |150,957   |101,744     |4,319    |935,074.86   |                       
2021-09-27 |SA206        |2,939.00   |2,954.00 |3,145.00 |2,919.00 |3,083.00 |3,050.00  |144.00    |111.00    |404       |1,459       |-68      |2,464.09     |                       
2021-09-27 |SA207        |2,924.00   |2,912.00 |3,128.00 |2,901.00 |3,052.00 |3,040.00  |128.00    |116.00    |142       |591         |-15      |863.39       |                       
2021-09-27 |SA208        |2,959.00   |2,950.00 |3,166.00 |2,918.00 |3,059.00 |3,026.00  |100.00    |67.00     |404       |852         |-1       |2,444.74     |                       
2021-09-27 |SA209        |2,930.00   |2,920.00 |3,118.00 |2,887.00 |3,018.00 |3,011.00  |88.00     |81.00     |4,060     |3,413       |438      |24,448.69    |                       
2021-09-28 |SA110        |3,206.00   |3,329.00 |3,379.00 |3,286.00 |3,292.00 |3,324.00  |86.00     |118.00    |1,472     |6,349       |-483     |9,785.83     |                       
2021-09-28 |SA111        |3,223.00   |3,339.00 |3,391.00 |3,271.00 |3,302.00 |3,338.00  |79.00     |115.00    |9,593     |7,675       |-2,197   |64,041.89    |                       
2021-09-28 |SA112        |3,265.00   |3,425.00 |3,445.00 |3,305.00 |3,385.00 |3,371.00  |120.00    |106.00    |15,007    |11,810      |635      |101,171.23   |                       
2021-09-28 |SA201        |3,271.00   |3,399.00 |3,453.00 |3,312.00 |3,390.00 |3,375.00  |119.00    |104.00    |1,042,005 |354,632     |-42,483  |7,034,387.72 |                       
2021-09-28 |SA202        |3,173.00   |3,311.00 |3,395.00 |3,243.00 |3,343.00 |3,307.00  |170.00    |134.00    |9,422     |1,476       |-121     |62,315.70    |                       
2021-09-28 |SA203        |3,173.00   |3,244.00 |3,282.00 |3,167.00 |3,266.00 |3,229.00  |93.00     |56.00     |112       |412         |-13      |723.38       |                       
2021-09-28 |SA204        |3,189.00   |3,175.00 |3,235.00 |3,127.00 |3,206.00 |3,177.00  |17.00     |-12.00    |85        |516         |-20      |540.15       |                       
2021-09-28 |SA205        |3,097.00   |3,104.00 |3,143.00 |3,040.00 |3,090.00 |3,087.00  |-7.00     |-10.00    |122,468   |94,646      |-7,098   |756,039.66   |                       
2021-09-28 |SA206        |3,050.00   |3,074.00 |3,074.00 |2,984.00 |3,009.00 |3,031.00  |-41.00    |-19.00    |197       |1,421       |-38      |1,194.06     |                       
2021-09-28 |SA207        |3,040.00   |2,969.00 |3,048.00 |2,940.00 |2,994.00 |2,980.00  |-46.00    |-60.00    |104       |614         |23       |619.93       |                       
2021-09-28 |SA208        |3,026.00   |2,984.00 |3,053.00 |2,944.00 |2,968.00 |2,979.00  |-58.00    |-47.00    |230       |847         |-5       |1,370.45     |                       
2021-09-28 |SA209        |3,011.00   |3,020.00 |3,020.00 |2,904.00 |2,919.00 |2,945.00  |-92.00    |-66.00    |3,371     |2,948       |-465     |19,851.96    |                       
2021-09-29 |SA110        |3,324.00   |3,316.00 |3,400.00 |3,272.00 |3,368.00 |3,332.00  |44.00     |8.00      |1,256     |5,668       |-681     |8,368.98     |                       
2021-09-29 |SA111        |3,338.00   |3,322.00 |3,410.00 |3,282.00 |3,380.00 |3,351.00  |42.00     |13.00     |4,180     |6,660       |-1,015   |28,013.93    |                       
2021-09-29 |SA112        |3,371.00   |3,372.00 |3,467.00 |3,353.00 |3,430.00 |3,410.00  |59.00     |39.00     |19,321    |11,819      |9        |131,759.26   |                       
2021-09-29 |SA201        |3,375.00   |3,389.00 |3,477.00 |3,359.00 |3,435.00 |3,416.00  |60.00     |41.00     |842,535   |361,373     |6,741    |5,755,684.88 |                       
2021-09-29 |SA202        |3,307.00   |3,342.00 |3,429.00 |3,308.00 |3,384.00 |3,366.00  |77.00     |59.00     |9,785     |1,417       |-59      |65,872.26    |                       
2021-09-29 |SA203        |3,229.00   |3,246.00 |3,294.00 |3,211.00 |3,260.00 |3,241.00  |31.00     |12.00     |222       |407         |-5       |1,439.03     |                       
2021-09-29 |SA204        |3,177.00   |3,175.00 |3,208.00 |3,140.00 |3,175.00 |3,174.00  |-2.00     |-3.00     |231       |445         |-71      |1,466.61     |                       
2021-09-29 |SA205        |3,087.00   |3,080.00 |3,126.00 |3,040.00 |3,068.00 |3,074.00  |-19.00    |-13.00    |69,527    |92,869      |-1,777   |427,446.50   |                       
2021-09-29 |SA206        |3,031.00   |3,020.00 |3,038.00 |2,966.00 |2,969.00 |2,992.00  |-62.00    |-39.00    |223       |1,375       |-46      |1,334.24     |                       
2021-09-29 |SA207        |2,980.00   |2,959.00 |2,987.00 |2,922.00 |2,946.00 |2,949.00  |-34.00    |-31.00    |67        |620         |6        |395.23       |                       
2021-09-29 |SA208        |2,979.00   |2,967.00 |2,979.00 |2,923.00 |2,938.00 |2,951.00  |-41.00    |-28.00    |175       |869         |22       |1,032.74     |                       
2021-09-29 |SA209        |2,945.00   |2,924.00 |2,946.00 |2,871.00 |2,890.00 |2,899.00  |-55.00    |-46.00    |1,839     |2,962       |14       |10,664.33    |                       
2021-09-30 |SA110        |3,332.00   |3,388.00 |3,430.00 |3,310.00 |3,430.00 |3,348.00  |98.00     |16.00     |683       |5,184       |-484     |4,574.02     |                       
2021-09-30 |SA111        |3,351.00   |3,378.00 |3,449.00 |3,320.00 |3,449.00 |3,367.00  |98.00     |16.00     |4,373     |5,509       |-1,151   |29,448.05    |                       
2021-09-30 |SA112        |3,410.00   |3,442.00 |3,503.00 |3,364.00 |3,503.00 |3,417.00  |93.00     |7.00      |12,059    |11,869      |50       |82,403.42    |                       
2021-09-30 |SA201        |3,416.00   |3,439.00 |3,515.00 |3,371.00 |3,512.00 |3,425.00  |96.00     |9.00      |672,775   |325,542     |-35,831  |4,608,868.91 |                       
2021-09-30 |SA202        |3,366.00   |3,396.00 |3,443.00 |3,307.00 |3,443.00 |3,354.00  |77.00     |-12.00    |10,376    |1,345       |-72      |69,600.85    |                       
2021-09-30 |SA203        |3,241.00   |3,271.00 |3,290.00 |3,200.00 |3,290.00 |3,241.00  |49.00     |0.00      |158       |404         |-3       |1,024.13     |                       
2021-09-30 |SA204        |3,174.00   |3,190.00 |3,190.00 |3,115.00 |3,163.00 |3,147.00  |-11.00    |-27.00    |119       |405         |-40      |748.87       |                       
2021-09-30 |SA205        |3,074.00   |3,069.00 |3,077.00 |3,004.00 |3,057.00 |3,032.00  |-17.00    |-42.00    |58,560    |88,690      |-4,179   |355,141.33   |                       
2021-09-30 |SA206        |2,992.00   |2,984.00 |2,984.00 |2,900.00 |2,964.00 |2,939.00  |-28.00    |-53.00    |252       |1,339       |-36      |1,481.00     |                       
2021-09-30 |SA207        |2,949.00   |2,961.00 |2,961.00 |2,878.00 |2,932.00 |2,906.00  |-17.00    |-43.00    |88        |613         |-7       |511.37       |                       
2021-09-30 |SA208        |2,951.00   |2,938.00 |2,944.00 |2,846.00 |2,915.00 |2,898.00  |-36.00    |-53.00    |235       |809         |-60      |1,362.08     |                       
2021-09-30 |SA209        |2,899.00   |2,889.00 |2,902.00 |2,843.00 |2,902.00 |2,868.00  |3.00      |-31.00    |1,729     |2,872       |-90      |9,918.54     |                       
2021-10-08 |SA110        |3,348.00   |3,306.00 |3,400.00 |3,200.00 |3,325.00 |3,283.00  |-23.00    |-65.00    |1,102     |3,521       |-1,663   |7,236.72     |3,154.00               
2021-10-08 |SA111        |3,367.00   |3,419.00 |3,419.00 |3,206.00 |3,347.00 |3,307.00  |-20.00    |-60.00    |2,091     |4,521       |-988     |13,828.81    |                       
2021-10-08 |SA112        |3,417.00   |3,589.00 |3,589.00 |3,227.00 |3,362.00 |3,314.00  |-55.00    |-103.00   |11,243    |11,575      |-294     |74,512.04    |                       
2021-10-08 |SA201        |3,425.00   |3,471.00 |3,475.00 |3,232.00 |3,362.00 |3,328.00  |-63.00    |-97.00    |627,452   |304,757     |-20,785  |4,176,829.59 |                       
2021-10-08 |SA202        |3,354.00   |3,380.00 |3,421.00 |3,191.00 |3,313.00 |3,279.00  |-41.00    |-75.00    |6,686     |2,705       |1,360    |43,841.07    |                       
2021-10-08 |SA203        |3,241.00   |3,305.00 |3,305.00 |3,065.00 |3,213.00 |3,144.00  |-28.00    |-97.00    |377       |399         |-5       |2,370.80     |                       
2021-10-08 |SA204        |3,147.00   |3,126.00 |3,189.00 |2,999.00 |3,148.00 |3,101.00  |1.00      |-46.00    |153       |356         |-49      |948.80       |                       
2021-10-08 |SA205        |3,032.00   |3,050.00 |3,095.00 |2,906.00 |3,088.00 |3,013.00  |56.00     |-19.00    |80,762    |94,512      |5,822    |486,661.97   |                       
2021-10-08 |SA206        |2,939.00   |2,951.00 |3,016.00 |2,843.00 |3,000.00 |2,942.00  |61.00     |3.00      |244       |1,326       |-13      |1,435.92     |                       
2021-10-08 |SA207        |2,906.00   |2,891.00 |2,968.00 |2,841.00 |2,959.00 |2,907.00  |53.00     |1.00      |110       |620         |7        |639.48       |                       
2021-10-08 |SA208        |2,898.00   |2,931.00 |2,965.00 |2,828.00 |2,950.00 |2,901.00  |52.00     |3.00      |179       |795         |-14      |1,038.41     |                       
2021-10-08 |SA209        |2,868.00   |2,930.00 |2,956.00 |2,812.00 |2,944.00 |2,898.00  |76.00     |30.00     |3,022     |3,569       |697      |17,512.76    |                       
2021-10-11 |SA110        |3,283.00   |3,369.00 |3,460.00 |3,369.00 |3,460.00 |3,411.00  |177.00    |128.00    |421       |3,111       |-410     |2,871.76     |3,210.00               
2021-10-11 |SA111        |3,307.00   |3,321.00 |3,472.00 |3,314.00 |3,460.00 |3,375.00  |153.00    |68.00     |2,162     |3,630       |-891     |14,592.14    |                       
2021-10-11 |SA112        |3,314.00   |3,359.00 |3,539.00 |3,327.00 |3,502.00 |3,454.00  |188.00    |140.00    |20,475    |11,950      |375      |141,460.40   |                       
2021-10-11 |SA201        |3,328.00   |3,355.00 |3,544.00 |3,320.00 |3,500.00 |3,452.00  |172.00    |124.00    |863,206   |316,384     |11,627   |5,958,716.77 |                       
2021-10-11 |SA202        |3,279.00   |3,297.00 |3,474.00 |3,284.00 |3,442.00 |3,403.00  |163.00    |124.00    |13,244    |3,422       |717      |90,130.73    |                       
2021-10-11 |SA203        |3,144.00   |3,244.00 |3,354.00 |3,219.00 |3,349.00 |3,283.00  |205.00    |139.00    |2,591     |654         |255      |17,012.60    |                       
2021-10-11 |SA204        |3,101.00   |3,300.00 |3,319.00 |3,149.00 |3,290.00 |3,231.00  |189.00    |130.00    |114       |381         |25       |736.61       |                       
2021-10-11 |SA205        |3,013.00   |3,065.00 |3,224.00 |3,065.00 |3,224.00 |3,153.00  |211.00    |140.00    |96,593    |99,197      |4,685    |609,187.77   |                       
2021-10-11 |SA206        |2,942.00   |2,993.00 |3,148.00 |2,975.00 |3,147.00 |3,085.00  |205.00    |143.00    |271       |1,331       |5        |1,672.12     |                       
2021-10-11 |SA207        |2,907.00   |2,926.00 |3,099.00 |2,926.00 |3,099.00 |3,029.00  |192.00    |122.00    |95        |612         |-8       |575.51       |                       
2021-10-11 |SA208        |2,901.00   |2,927.00 |3,080.00 |2,927.00 |3,056.00 |3,007.00  |155.00    |106.00    |215       |773         |-22      |1,292.97     |                       
2021-10-11 |SA209        |2,898.00   |2,928.00 |3,070.00 |2,920.00 |3,052.00 |2,993.00  |154.00    |95.00     |4,050     |3,649       |80       |24,245.96    |                       
2021-10-12 |SA110        |3,411.00   |3,351.00 |3,558.00 |3,351.00 |3,488.00 |3,432.00  |77.00     |21.00     |437       |2,766       |-345     |2,999.25     |3,262.00               
2021-10-12 |SA111        |3,375.00   |3,434.00 |3,582.00 |3,400.00 |3,521.00 |3,497.00  |146.00    |122.00    |1,363     |3,485       |-145     |9,533.35     |                       
2021-10-12 |SA112        |3,454.00   |3,488.00 |3,644.00 |3,454.00 |3,572.00 |3,541.00  |118.00    |87.00     |25,554    |11,908      |-42      |180,992.11   |                       
2021-10-12 |SA201        |3,452.00   |3,490.00 |3,648.00 |3,443.00 |3,583.00 |3,550.00  |131.00    |98.00     |1,116,515 |292,034     |-24,350  |7,926,839.51 |                       
2021-10-12 |SA202        |3,403.00   |3,423.00 |3,592.00 |3,393.00 |3,527.00 |3,484.00  |124.00    |81.00     |19,999    |3,722       |300      |139,342.58   |                       
2021-10-12 |SA203        |3,283.00   |3,323.00 |3,513.00 |3,301.00 |3,469.00 |3,412.00  |186.00    |129.00    |2,920     |662         |8        |19,925.69    |                       
2021-10-12 |SA204        |3,231.00   |3,301.00 |3,458.00 |3,287.00 |3,440.00 |3,404.00  |209.00    |173.00    |219       |305         |-76      |1,491.09     |                       
2021-10-12 |SA205        |3,153.00   |3,230.00 |3,447.00 |3,218.00 |3,401.00 |3,342.00  |248.00    |189.00    |172,657   |106,307     |7,110    |1,153,997.15 |                       
2021-10-12 |SA206        |3,085.00   |3,167.00 |3,394.00 |3,133.00 |3,350.00 |3,309.00  |265.00    |224.00    |594       |1,228       |-103     |3,931.09     |                       
2021-10-12 |SA207        |3,029.00   |3,076.00 |3,242.00 |3,076.00 |3,242.00 |3,203.00  |213.00    |174.00    |156       |620         |8        |999.22       |                       
2021-10-12 |SA208        |3,007.00   |3,040.00 |3,218.00 |3,040.00 |3,218.00 |3,191.00  |211.00    |184.00    |301       |767         |-6       |1,921.11     |                       
2021-10-12 |SA209        |2,993.00   |3,048.00 |3,203.00 |3,033.00 |3,203.00 |3,168.00  |210.00    |175.00    |4,172     |3,932       |283      |26,437.21    |                       
2021-10-13 |SA110        |3,432.00   |3,540.00 |3,550.00 |3,252.00 |3,455.00 |3,400.00  |23.00     |-32.00    |216       |2,731       |-35      |1,468.80     |3,296.00               
2021-10-13 |SA111        |3,497.00   |3,536.00 |3,574.00 |3,282.00 |3,419.00 |3,457.00  |-78.00    |-40.00    |910       |3,241       |-244     |6,291.29     |                       
2021-10-13 |SA112        |3,541.00   |3,576.00 |3,630.00 |3,315.00 |3,477.00 |3,554.00  |-64.00    |13.00     |39,489    |12,121      |213      |280,675.72   |                       
2021-10-13 |SA201        |3,550.00   |3,589.00 |3,635.00 |3,309.00 |3,478.00 |3,538.00  |-72.00    |-12.00    |1,199,736 |290,003     |-2,031   |8,490,066.75 |                       
2021-10-13 |SA202        |3,484.00   |3,527.00 |3,582.00 |3,281.00 |3,441.00 |3,518.00  |-43.00    |34.00     |15,307    |3,654       |-68      |107,713.71   |                       
2021-10-13 |SA203        |3,412.00   |3,466.00 |3,530.00 |3,271.00 |3,410.00 |3,479.00  |-2.00     |67.00     |4,188     |844         |182      |29,142.17    |                       
2021-10-13 |SA204        |3,404.00   |3,434.00 |3,500.00 |3,271.00 |3,393.00 |3,435.00  |-11.00    |31.00     |136       |295         |-10      |934.21       |                       
2021-10-13 |SA205        |3,342.00   |3,400.00 |3,477.00 |3,250.00 |3,367.00 |3,405.00  |25.00     |63.00     |236,480   |113,422     |7,115    |1,610,376.24 |                       
2021-10-13 |SA206        |3,309.00   |3,334.00 |3,434.00 |3,216.00 |3,336.00 |3,373.00  |27.00     |64.00     |389       |1,175       |-53      |2,624.47     |                       
2021-10-13 |SA207        |3,203.00   |3,287.00 |3,386.00 |3,214.00 |3,273.00 |3,316.00  |70.00     |113.00    |217       |612         |-8       |1,439.02     |                       
2021-10-13 |SA208        |3,191.00   |3,257.00 |3,355.00 |3,169.00 |3,263.00 |3,288.00  |72.00     |97.00     |255       |748         |-19      |1,677.04     |                       
2021-10-13 |SA209        |3,168.00   |3,247.00 |3,348.00 |3,138.00 |3,257.00 |3,280.00  |89.00     |112.00    |7,467     |4,811       |879      |48,979.65    |                       
2021-10-14 |SA110        |3,400.00   |3,370.00 |3,390.00 |3,300.00 |3,350.00 |3,338.00  |-50.00    |-62.00    |95        |2,546       |-185     |634.24       |3,317.00               
2021-10-14 |SA111        |3,457.00   |3,400.00 |3,450.00 |3,300.00 |3,368.00 |3,364.00  |-89.00    |-93.00    |1,001     |3,178       |-63      |6,733.93     |                       
2021-10-14 |SA112        |3,554.00   |3,474.00 |3,528.00 |3,299.00 |3,425.00 |3,410.00  |-129.00   |-144.00   |35,146    |12,119      |-2       |239,693.11   |                       
2021-10-14 |SA201        |3,538.00   |3,479.00 |3,530.00 |3,300.00 |3,430.00 |3,414.00  |-108.00   |-124.00   |1,155,144 |284,559     |-5,444   |7,886,552.51 |                       
2021-10-14 |SA202        |3,518.00   |3,433.00 |3,496.00 |3,278.00 |3,382.00 |3,385.00  |-136.00   |-133.00   |10,196    |3,511       |-143     |69,027.04    |                       
2021-10-14 |SA203        |3,479.00   |3,400.00 |3,456.00 |3,235.00 |3,353.00 |3,353.00  |-126.00   |-126.00   |5,487     |1,024       |180      |36,792.38    |                       
2021-10-14 |SA204        |3,435.00   |3,425.00 |3,425.00 |3,222.00 |3,350.00 |3,289.00  |-85.00    |-146.00   |141       |282         |-13      |927.53       |                       
2021-10-14 |SA205        |3,405.00   |3,360.00 |3,415.00 |3,195.00 |3,327.00 |3,312.00  |-78.00    |-93.00    |224,011   |117,420     |3,998    |1,483,693.77 |                       
2021-10-14 |SA206        |3,373.00   |3,342.00 |3,373.00 |3,182.00 |3,289.00 |3,272.00  |-84.00    |-101.00   |204       |1,130       |-45      |1,335.02     |                       
2021-10-14 |SA207        |3,316.00   |3,284.00 |3,332.00 |3,146.00 |3,269.00 |3,250.00  |-47.00    |-66.00    |121       |608         |-4       |786.44       |                       
2021-10-14 |SA208        |3,288.00   |3,257.00 |3,312.00 |3,130.00 |3,249.00 |3,225.00  |-39.00    |-63.00    |148       |736         |-12      |954.65       |                       
2021-10-14 |SA209        |3,280.00   |3,256.00 |3,300.00 |3,116.00 |3,232.00 |3,215.00  |-48.00    |-65.00    |7,162     |5,402       |591      |46,048.17    |                       
2021-10-15 |SA110        |3,338.00   |3,315.00 |3,385.00 |3,315.00 |3,385.00 |3,319.00  |47.00     |-19.00    |74        |2,228       |-318     |491.18       |3,339.00               
2021-10-15 |SA111        |3,364.00   |3,383.00 |3,421.00 |3,320.00 |3,402.00 |3,362.00  |38.00     |-2.00     |770       |3,366       |188      |5,177.23     |                       
2021-10-15 |SA112        |3,410.00   |3,425.00 |3,453.00 |3,323.00 |3,429.00 |3,384.00  |19.00     |-26.00    |23,486    |11,433      |-686     |158,974.16   |                       
2021-10-15 |SA201        |3,414.00   |3,430.00 |3,461.00 |3,325.00 |3,435.00 |3,390.00  |21.00     |-24.00    |996,262   |284,274     |-285     |6,754,025.18 |                       
2021-10-15 |SA202        |3,385.00   |3,382.00 |3,412.00 |3,287.00 |3,377.00 |3,348.00  |-8.00     |-37.00    |9,430     |3,392       |-119     |63,147.05    |                       
2021-10-15 |SA203        |3,353.00   |3,364.00 |3,382.00 |3,250.00 |3,318.00 |3,322.00  |-35.00    |-31.00    |7,374     |926         |-98      |48,988.40    |                       
2021-10-15 |SA204        |3,289.00   |3,349.00 |3,370.00 |3,229.00 |3,295.00 |3,287.00  |6.00      |-2.00     |86        |282         |0        |565.38       |                       
2021-10-15 |SA205        |3,312.00   |3,329.00 |3,359.00 |3,205.00 |3,259.00 |3,277.00  |-53.00    |-35.00    |179,496   |113,084     |-4,336   |1,176,256.29 |                       
2021-10-15 |SA206        |3,272.00   |3,310.00 |3,326.00 |3,186.00 |3,250.00 |3,246.00  |-22.00    |-26.00    |223       |1,128       |-2       |1,447.59     |                       
2021-10-15 |SA207        |3,250.00   |3,281.00 |3,281.00 |3,165.00 |3,220.00 |3,223.00  |-30.00    |-27.00    |148       |603         |-5       |954.08       |                       
2021-10-15 |SA208        |3,225.00   |3,259.00 |3,259.00 |3,144.00 |3,195.00 |3,199.00  |-30.00    |-26.00    |167       |734         |-2       |1,068.53     |                       
2021-10-15 |SA209        |3,215.00   |3,243.00 |3,263.00 |3,124.00 |3,158.00 |3,184.00  |-57.00    |-31.00    |6,995     |5,383       |-19      |44,547.89    |                       
2021-10-18 |SA110        |3,319.00   |3,450.00 |3,500.00 |3,450.00 |3,459.00 |3,469.00  |140.00    |150.00    |99        |1,824       |-404     |686.82       |3,366.00               
2021-10-18 |SA111        |3,362.00   |3,475.00 |3,510.00 |3,369.00 |3,510.00 |3,485.00  |148.00    |123.00    |1,017     |3,926       |560      |7,088.82     |                       
2021-10-18 |SA112        |3,384.00   |3,445.00 |3,575.00 |3,400.00 |3,565.00 |3,504.00  |181.00    |120.00    |30,977    |11,493      |60       |217,072.39   |                       
2021-10-18 |SA201        |3,390.00   |3,448.00 |3,580.00 |3,404.00 |3,570.00 |3,503.00  |180.00    |113.00    |981,999   |282,135     |-2,139   |6,880,539.18 |                       
2021-10-18 |SA202        |3,348.00   |3,416.00 |3,500.00 |3,350.00 |3,491.00 |3,442.00  |143.00    |94.00     |8,477     |3,662       |270      |58,359.71    |                       
2021-10-18 |SA203        |3,322.00   |3,355.00 |3,444.00 |3,304.00 |3,423.00 |3,358.00  |101.00    |36.00     |6,655     |919         |-7       |44,694.21    |                       
2021-10-18 |SA204        |3,287.00   |3,306.00 |3,386.00 |3,284.00 |3,380.00 |3,325.00  |93.00     |38.00     |113       |276         |-6       |751.40       |                       
2021-10-18 |SA205        |3,277.00   |3,281.00 |3,341.00 |3,238.00 |3,328.00 |3,281.00  |51.00     |4.00      |122,960   |110,899     |-2,185   |806,780.31   |                       
2021-10-18 |SA206        |3,246.00   |3,274.00 |3,288.00 |3,223.00 |3,286.00 |3,251.00  |40.00     |5.00      |141       |1,105       |-23      |916.79       |                       
2021-10-18 |SA207        |3,223.00   |3,213.00 |3,256.00 |3,198.00 |3,253.00 |3,224.00  |30.00     |1.00      |59        |602         |-1       |380.45       |                       
2021-10-18 |SA208        |3,199.00   |3,194.00 |3,234.00 |3,177.00 |3,225.00 |3,200.00  |26.00     |1.00      |105       |738         |4        |672.08       |                       
2021-10-18 |SA209        |3,184.00   |3,180.00 |3,211.00 |3,142.00 |3,199.00 |3,177.00  |15.00     |-7.00     |4,439     |5,057       |-326     |28,205.52    |                       
2021-10-19 |SA110        |3,469.00   |3,467.00 |3,510.00 |3,359.00 |3,359.00 |3,448.00  |-110.00   |-21.00    |27        |1,845       |21       |186.20       |3,378.00               
2021-10-19 |SA111        |3,485.00   |3,491.00 |3,525.00 |3,377.00 |3,414.00 |3,457.00  |-71.00    |-28.00    |289       |3,917       |-9       |1,998.09     |                       
2021-10-19 |SA112        |3,504.00   |3,564.00 |3,570.00 |3,427.00 |3,459.00 |3,499.00  |-45.00    |-5.00     |23,198    |10,842      |-651     |162,321.74   |                       
2021-10-19 |SA201        |3,503.00   |3,570.00 |3,577.00 |3,431.00 |3,459.00 |3,502.00  |-44.00    |-1.00     |831,173   |264,807     |-17,328  |5,822,058.64 |                       
2021-10-19 |SA202        |3,442.00   |3,492.00 |3,492.00 |3,375.00 |3,407.00 |3,432.00  |-35.00    |-10.00    |8,057     |3,729       |67       |55,296.80    |                       
2021-10-19 |SA203        |3,358.00   |3,413.00 |3,420.00 |3,328.00 |3,364.00 |3,376.00  |6.00      |18.00     |6,847     |866         |-53      |46,228.23    |                       
2021-10-19 |SA204        |3,325.00   |3,352.00 |3,352.00 |3,303.00 |3,340.00 |3,323.00  |15.00     |-2.00     |40        |272         |-4       |265.84       |                       
2021-10-19 |SA205        |3,281.00   |3,328.00 |3,333.00 |3,257.00 |3,317.00 |3,293.00  |36.00     |12.00     |95,295    |106,404     |-4,495   |627,518.94   |                       
2021-10-19 |SA206        |3,251.00   |3,292.00 |3,292.00 |3,227.00 |3,268.00 |3,256.00  |17.00     |5.00      |83        |1,094       |-11      |540.50       |                       
2021-10-19 |SA207        |3,224.00   |3,234.00 |3,246.00 |3,193.00 |3,246.00 |3,218.00  |22.00     |-6.00     |42        |599         |-3       |270.35       |                       
2021-10-19 |SA208        |3,200.00   |3,216.00 |3,225.00 |3,173.00 |3,225.00 |3,194.00  |25.00     |-6.00     |43        |736         |-2       |274.65       |                       
2021-10-19 |SA209        |3,177.00   |3,195.00 |3,213.00 |3,153.00 |3,199.00 |3,175.00  |22.00     |-2.00     |2,807     |4,748       |-309     |17,824.15    |                       
2021-10-20 |SA110        |3,448.00   |3,331.00 |3,331.00 |3,247.00 |3,247.00 |3,256.00  |-201.00   |-192.00   |165       |1,746       |-99      |1,074.57     |3,370.00               
2021-10-20 |SA111        |3,457.00   |3,333.00 |3,384.00 |3,235.00 |3,247.00 |3,279.00  |-210.00   |-178.00   |1,380     |3,586       |-331     |9,049.19     |                       
2021-10-20 |SA112        |3,499.00   |3,427.00 |3,458.00 |3,219.00 |3,219.00 |3,294.00  |-280.00   |-205.00   |26,047    |10,153      |-689     |171,574.05   |                       
2021-10-20 |SA201        |3,502.00   |3,427.00 |3,461.00 |3,221.00 |3,221.00 |3,301.00  |-281.00   |-201.00   |1,198,598 |287,845     |23,038   |7,912,976.21 |                       
2021-10-20 |SA202        |3,432.00   |3,374.00 |3,405.00 |3,191.00 |3,191.00 |3,248.00  |-241.00   |-184.00   |8,664     |3,963       |234      |56,280.51    |                       
2021-10-20 |SA203        |3,376.00   |3,311.00 |3,360.00 |3,139.00 |3,139.00 |3,199.00  |-237.00   |-177.00   |5,080     |855         |-11      |32,501.56    |                       
2021-10-20 |SA204        |3,323.00   |3,291.00 |3,328.00 |3,091.00 |3,091.00 |3,164.00  |-232.00   |-159.00   |143       |261         |-11      |904.83       |                       
2021-10-20 |SA205        |3,293.00   |3,291.00 |3,302.00 |3,062.00 |3,062.00 |3,136.00  |-231.00   |-157.00   |182,693   |102,203     |-4,201   |1,145,917.98 |                       
2021-10-20 |SA206        |3,256.00   |3,217.00 |3,252.00 |3,028.00 |3,039.00 |3,108.00  |-217.00   |-148.00   |261       |1,026       |-68      |1,622.22     |                       
2021-10-20 |SA207        |3,218.00   |3,182.00 |3,235.00 |2,992.00 |3,013.00 |3,076.00  |-205.00   |-142.00   |109       |586         |-13      |670.53       |                       
2021-10-20 |SA208        |3,194.00   |3,164.00 |3,202.00 |2,980.00 |2,991.00 |3,054.00  |-203.00   |-140.00   |167       |700         |-36      |1,020.08     |                       
2021-10-20 |SA209        |3,175.00   |3,178.00 |3,190.00 |2,955.00 |2,962.00 |3,043.00  |-213.00   |-132.00   |8,366     |5,592       |844      |50,908.42    |                       
2021-10-21 |SA110        |3,256.00   |3,317.00 |3,317.00 |3,159.00 |3,159.00 |3,266.00  |-97.00    |10.00     |133       |0           |-1,746   |868.66       |3,362.00               
2021-10-21 |SA111        |3,279.00   |3,247.00 |3,362.00 |3,100.00 |3,160.00 |3,266.00  |-119.00   |-13.00    |639       |3,681       |95       |4,173.51     |                       
2021-10-21 |SA112        |3,294.00   |3,233.00 |3,359.00 |3,060.00 |3,125.00 |3,272.00  |-169.00   |-22.00    |24,091    |9,615       |-538     |157,665.82   |                       
2021-10-21 |SA201        |3,301.00   |3,220.00 |3,363.00 |3,058.00 |3,134.00 |3,272.00  |-167.00   |-29.00    |1,147,791 |281,355     |-6,490   |7,512,089.83 |                       
2021-10-21 |SA202        |3,248.00   |3,151.00 |3,310.00 |3,035.00 |3,097.00 |3,240.00  |-151.00   |-8.00     |10,544    |3,863       |-100     |68,319.39    |                       
2021-10-21 |SA203        |3,199.00   |3,049.00 |3,276.00 |3,010.00 |3,061.00 |3,201.00  |-138.00   |2.00      |6,214     |816         |-39      |39,785.42    |                       
2021-10-21 |SA204        |3,164.00   |3,090.00 |3,256.00 |3,019.00 |3,064.00 |3,195.00  |-100.00   |31.00     |137       |283         |22       |875.36       |                       
2021-10-21 |SA205        |3,136.00   |3,046.00 |3,244.00 |2,990.00 |3,034.00 |3,157.00  |-102.00   |21.00     |206,524   |112,322     |10,119   |1,303,912.73 |                       
2021-10-21 |SA206        |3,108.00   |3,068.00 |3,201.00 |3,001.00 |3,025.00 |3,122.00  |-83.00    |14.00     |339       |1,054       |28       |2,116.57     |                       
2021-10-21 |SA207        |3,076.00   |3,042.00 |3,171.00 |2,970.00 |2,997.00 |3,104.00  |-79.00    |28.00     |149       |588         |2        |924.97       |                       
2021-10-21 |SA208        |3,054.00   |2,998.00 |3,164.00 |2,936.00 |2,973.00 |3,075.00  |-81.00    |21.00     |195       |720         |20       |1,199.23     |                       
2021-10-21 |SA209        |3,043.00   |2,964.00 |3,155.00 |2,909.00 |2,941.00 |3,050.00  |-102.00   |7.00      |9,792     |5,308       |-284     |59,740.09    |                       
2021-10-22 |SA111        |3,266.00   |3,111.00 |3,212.00 |3,004.00 |3,004.00 |3,057.00  |-262.00   |-209.00   |580       |3,660       |-21      |3,546.29     |                       
2021-10-22 |SA112        |3,272.00   |3,098.00 |3,166.00 |3,010.00 |3,010.00 |3,078.00  |-262.00   |-194.00   |5,740     |10,141      |526      |35,338.39    |                       
2021-10-22 |SA201        |3,272.00   |3,101.00 |3,168.00 |3,010.00 |3,010.00 |3,079.00  |-262.00   |-193.00   |367,409   |269,894     |-11,461  |2,262,594.82 |                       
2021-10-22 |SA202        |3,240.00   |3,073.00 |3,138.00 |3,013.00 |3,013.00 |3,076.00  |-227.00   |-164.00   |1,366     |3,806       |-57      |8,403.70     |                       
2021-10-22 |SA203        |3,201.00   |3,058.00 |3,121.00 |2,976.00 |2,976.00 |3,065.00  |-225.00   |-136.00   |712       |832         |16       |4,363.98     |                       
2021-10-22 |SA204        |3,195.00   |3,027.00 |3,095.00 |2,971.00 |2,971.00 |3,005.00  |-224.00   |-190.00   |187       |278         |-5       |1,123.69     |                       
2021-10-22 |SA205        |3,157.00   |3,000.00 |3,115.00 |2,936.00 |2,936.00 |3,011.00  |-221.00   |-146.00   |116,562   |110,033     |-2,289   |701,850.39   |                       
2021-10-22 |SA206        |3,122.00   |2,994.00 |3,096.00 |2,903.00 |2,903.00 |2,941.00  |-219.00   |-181.00   |307       |1,084       |30       |1,805.91     |                       
2021-10-22 |SA207        |3,104.00   |3,007.00 |3,057.00 |2,886.00 |2,886.00 |2,918.00  |-218.00   |-186.00   |102       |591         |3        |595.23       |                       
2021-10-22 |SA208        |3,075.00   |2,956.00 |3,044.00 |2,859.00 |2,859.00 |2,905.00  |-216.00   |-170.00   |142       |702         |-18      |824.90       |                       
2021-10-22 |SA209        |3,050.00   |2,918.00 |3,014.00 |2,836.00 |2,836.00 |2,904.00  |-214.00   |-146.00   |5,374     |5,108       |-200     |31,207.73    |                       
2021-10-22 |SA210        |3,050.00   |2,897.00 |2,897.00 |2,624.00 |2,666.00 |2,711.00  |-384.00   |-339.00   |64        |40          |40       |346.98       |                       
2021-10-25 |SA111        |3,057.00   |3,004.00 |3,098.00 |2,803.00 |2,947.00 |2,966.00  |-110.00   |-91.00    |1,225     |3,633       |-27      |7,265.48     |                       
2021-10-25 |SA112        |3,078.00   |2,895.00 |2,977.00 |2,739.00 |2,859.00 |2,850.00  |-219.00   |-228.00   |20,234    |8,320       |-1,821   |115,349.39   |                       
2021-10-25 |SA201        |3,079.00   |2,929.00 |2,947.00 |2,740.00 |2,828.00 |2,827.00  |-251.00   |-252.00   |1,498,472 |203,035     |-66,859  |8,472,931.46 |                       
2021-10-25 |SA202        |3,076.00   |2,941.00 |2,941.00 |2,768.00 |2,788.00 |2,813.00  |-288.00   |-263.00   |7,662     |3,763       |-43      |43,109.77    |                       
2021-10-25 |SA203        |3,065.00   |2,905.00 |2,926.00 |2,758.00 |2,758.00 |2,794.00  |-307.00   |-271.00   |5,253     |804         |-28      |29,352.20    |                       
2021-10-25 |SA204        |3,005.00   |2,887.00 |2,948.00 |2,704.00 |2,736.00 |2,764.00  |-269.00   |-241.00   |349       |225         |-53      |1,929.22     |                       
2021-10-25 |SA205        |3,011.00   |2,886.00 |2,930.00 |2,709.00 |2,709.00 |2,763.00  |-302.00   |-248.00   |349,384   |104,233     |-5,800   |1,930,985.08 |                       
2021-10-25 |SA206        |2,941.00   |2,911.00 |2,943.00 |2,680.00 |2,697.00 |2,767.00  |-244.00   |-174.00   |989       |946         |-138     |5,472.97     |                       
2021-10-25 |SA207        |2,918.00   |2,848.00 |2,910.00 |2,660.00 |2,667.00 |2,731.00  |-251.00   |-187.00   |325       |525         |-66      |1,774.87     |                       
2021-10-25 |SA208        |2,905.00   |2,822.00 |2,887.00 |2,640.00 |2,655.00 |2,722.00  |-250.00   |-183.00   |407       |628         |-74      |2,215.41     |                       
2021-10-25 |SA209        |2,904.00   |2,770.00 |2,856.00 |2,613.00 |2,614.00 |2,687.00  |-290.00   |-217.00   |14,004    |4,702       |-406     |75,254.07    |                       
2021-10-25 |SA210        |2,711.00   |2,726.00 |2,775.00 |2,533.00 |2,538.00 |2,608.00  |-173.00   |-103.00   |255       |121         |81       |1,330.32     |                       
2021-10-26 |SA111        |2,966.00   |2,947.00 |2,974.00 |2,804.00 |2,942.00 |2,896.00  |-24.00    |-70.00    |714       |3,444       |-189     |4,135.03     |                       
2021-10-26 |SA112        |2,850.00   |2,859.00 |2,898.00 |2,685.00 |2,838.00 |2,797.00  |-12.00    |-53.00    |26,913    |7,317       |-1,003   |150,534.94   |                       
2021-10-26 |SA201        |2,827.00   |2,835.00 |2,861.00 |2,627.00 |2,778.00 |2,754.00  |-49.00    |-73.00    |1,238,634 |189,528     |-13,507  |6,822,166.61 |                       
2021-10-26 |SA202        |2,813.00   |2,802.00 |2,826.00 |2,629.00 |2,761.00 |2,730.00  |-52.00    |-83.00    |9,811     |4,298       |535      |53,560.94    |                       
2021-10-26 |SA203        |2,794.00   |2,763.00 |2,787.00 |2,598.00 |2,714.00 |2,682.00  |-80.00    |-112.00   |12,577    |868         |64       |67,453.97    |                       
2021-10-26 |SA204        |2,764.00   |2,765.00 |2,765.00 |2,570.00 |2,681.00 |2,646.00  |-83.00    |-118.00   |215       |188         |-37      |1,137.98     |                       
2021-10-26 |SA205        |2,763.00   |2,700.00 |2,713.00 |2,525.00 |2,639.00 |2,611.00  |-124.00   |-152.00   |212,764   |92,047      |-12,186  |1,111,199.30 |                       
2021-10-26 |SA206        |2,767.00   |2,701.00 |2,714.00 |2,573.00 |2,628.00 |2,609.00  |-139.00   |-158.00   |939       |761         |-185     |4,899.94     |                       
2021-10-26 |SA207        |2,731.00   |2,678.00 |2,690.00 |2,539.00 |2,610.00 |2,592.00  |-121.00   |-139.00   |370       |481         |-44      |1,917.88     |                       
2021-10-26 |SA208        |2,722.00   |2,672.00 |2,672.00 |2,547.00 |2,626.00 |2,606.00  |-96.00    |-116.00   |407       |570         |-58      |2,121.36     |                       
2021-10-26 |SA209        |2,687.00   |2,627.00 |2,636.00 |2,500.00 |2,584.00 |2,557.00  |-103.00   |-130.00   |14,490    |5,446       |744      |74,115.76    |                       
2021-10-26 |SA210        |2,608.00   |2,578.00 |2,578.00 |2,480.00 |2,569.00 |2,517.00  |-39.00    |-91.00    |180       |148         |27       |906.13       |                       
2021-10-27 |SA111        |2,896.00   |2,983.00 |3,048.00 |2,810.00 |2,935.00 |2,957.00  |39.00     |61.00     |520       |3,467       |23       |3,075.18     |                       
2021-10-27 |SA112        |2,797.00   |2,855.00 |2,935.00 |2,793.00 |2,884.00 |2,866.00  |87.00     |69.00     |13,142    |7,446       |129      |75,325.25    |                       
2021-10-27 |SA201        |2,754.00   |2,790.00 |2,864.00 |2,707.00 |2,833.00 |2,799.00  |79.00     |45.00     |1,446,099 |216,009     |26,481   |8,093,954.46 |                       
2021-10-27 |SA202        |2,730.00   |2,768.00 |2,819.00 |2,680.00 |2,771.00 |2,760.00  |41.00     |30.00     |9,924     |4,107       |-191     |54,776.30    |                       
2021-10-27 |SA203        |2,682.00   |2,719.00 |2,775.00 |2,623.00 |2,690.00 |2,702.00  |8.00      |20.00     |16,882    |974         |106      |91,214.82    |                       
2021-10-27 |SA204        |2,646.00   |2,683.00 |2,744.00 |2,596.00 |2,637.00 |2,669.00  |-9.00     |23.00     |137       |185         |-3       |731.25       |                       
2021-10-27 |SA205        |2,611.00   |2,632.00 |2,693.00 |2,552.00 |2,594.00 |2,621.00  |-17.00    |10.00     |214,966   |88,050      |-3,997   |1,126,985.85 |                       
2021-10-27 |SA206        |2,609.00   |2,641.00 |2,682.00 |2,550.00 |2,589.00 |2,612.00  |-20.00    |3.00      |453       |672         |-89      |2,366.17     |                       
2021-10-27 |SA207        |2,592.00   |2,627.00 |2,651.00 |2,530.00 |2,557.00 |2,585.00  |-35.00    |-7.00     |198       |422         |-59      |1,023.55     |                       
2021-10-27 |SA208        |2,606.00   |2,618.00 |2,665.00 |2,538.00 |2,565.00 |2,596.00  |-41.00    |-10.00    |260       |509         |-61      |1,349.72     |                       
2021-10-27 |SA209        |2,557.00   |2,600.00 |2,627.00 |2,497.00 |2,539.00 |2,564.00  |-18.00    |7.00      |11,159    |5,352       |-94      |57,223.05    |                       
2021-10-27 |SA210        |2,517.00   |2,582.00 |2,589.00 |2,473.00 |2,503.00 |2,527.00  |-14.00    |10.00     |190       |205         |57       |960.36       |                       
2021-10-28 |SA111        |2,957.00   |2,918.00 |3,009.00 |2,858.00 |2,967.00 |2,931.00  |10.00     |-26.00    |761       |3,030       |-437     |4,433.84     |                       
2021-10-28 |SA112        |2,866.00   |2,900.00 |2,968.00 |2,738.00 |2,923.00 |2,847.00  |57.00     |-19.00    |20,227    |6,820       |-626     |115,189.77   |                       
2021-10-28 |SA201        |2,799.00   |2,856.00 |2,915.00 |2,668.00 |2,860.00 |2,781.00  |61.00     |-18.00    |2,105,156 |236,708     |20,699   |11,707,607.58|                       
2021-10-28 |SA202        |2,760.00   |2,801.00 |2,842.00 |2,608.00 |2,790.00 |2,717.00  |30.00     |-43.00    |13,096    |3,967       |-140     |71,160.02    |                       
2021-10-28 |SA203        |2,702.00   |2,710.00 |2,755.00 |2,528.00 |2,703.00 |2,627.00  |1.00      |-75.00    |18,425    |1,130       |156      |96,807.14    |                       
2021-10-28 |SA204        |2,669.00   |2,630.00 |2,692.00 |2,492.00 |2,631.00 |2,579.00  |-38.00    |-90.00    |148       |189         |4        |763.36       |                       
2021-10-28 |SA205        |2,621.00   |2,622.00 |2,646.00 |2,438.00 |2,596.00 |2,533.00  |-25.00    |-88.00    |227,300   |81,860      |-6,190   |1,151,596.05 |                       
2021-10-28 |SA206        |2,612.00   |2,580.00 |2,641.00 |2,450.00 |2,593.00 |2,528.00  |-19.00    |-84.00    |366       |623         |-49      |1,850.44     |                       
2021-10-28 |SA207        |2,585.00   |2,525.00 |2,598.00 |2,412.00 |2,561.00 |2,497.00  |-24.00    |-88.00    |144       |402         |-20      |719.12       |                       
2021-10-28 |SA208        |2,596.00   |2,531.00 |2,621.00 |2,423.00 |2,569.00 |2,501.00  |-27.00    |-95.00    |93        |469         |-40      |465.14       |                       
2021-10-28 |SA209        |2,564.00   |2,564.00 |2,593.00 |2,398.00 |2,550.00 |2,485.00  |-14.00    |-79.00    |11,394    |5,221       |-131     |56,635.71    |                       
2021-10-28 |SA210        |2,527.00   |2,462.00 |2,551.00 |2,360.00 |2,518.00 |2,455.00  |-9.00     |-72.00    |137       |190         |-15      |672.68       |                       
2021-10-29 |SA111        |2,931.00   |3,030.00 |3,034.00 |2,925.00 |2,925.00 |2,972.00  |-6.00     |41.00     |187       |3,000       |-30      |1,111.38     |                       
2021-10-29 |SA112        |2,847.00   |2,930.00 |2,978.00 |2,810.00 |2,875.00 |2,924.00  |28.00     |77.00     |13,306    |5,571       |-1,249   |77,816.00    |                       
2021-10-29 |SA201        |2,781.00   |2,864.00 |2,914.00 |2,734.00 |2,801.00 |2,852.00  |20.00     |71.00     |1,254,986 |236,154     |-554     |7,157,995.66 |                       
2021-10-29 |SA202        |2,717.00   |2,790.00 |2,832.00 |2,676.00 |2,736.00 |2,785.00  |19.00     |68.00     |8,373     |4,363       |396      |46,635.24    |                       
2021-10-29 |SA203        |2,627.00   |2,709.00 |2,746.00 |2,591.00 |2,649.00 |2,705.00  |22.00     |78.00     |11,269    |2,259       |1,129    |60,961.57    |                       
2021-10-29 |SA204        |2,579.00   |2,625.00 |2,665.00 |2,534.00 |2,573.00 |2,613.00  |-6.00     |34.00     |61        |198         |9        |318.79       |                       
2021-10-29 |SA205        |2,533.00   |2,601.00 |2,640.00 |2,486.00 |2,540.00 |2,588.00  |7.00      |55.00     |153,006   |79,670      |-2,190   |792,050.19   |                       
2021-10-29 |SA206        |2,528.00   |2,602.00 |2,636.00 |2,500.00 |2,545.00 |2,581.00  |17.00     |53.00     |334       |544         |-79      |1,723.93     |                       
2021-10-29 |SA207        |2,497.00   |2,592.00 |2,608.00 |2,471.00 |2,529.00 |2,557.00  |32.00     |60.00     |131       |383         |-19      |670.03       |                       
2021-10-29 |SA208        |2,501.00   |2,574.00 |2,622.00 |2,464.00 |2,520.00 |2,547.00  |19.00     |46.00     |111       |448         |-21      |565.35       |                       
2021-10-29 |SA209        |2,485.00   |2,556.00 |2,595.00 |2,454.00 |2,507.00 |2,549.00  |22.00     |64.00     |9,629     |5,789       |568      |49,090.85    |                       
2021-10-29 |SA210        |2,455.00   |2,549.00 |2,560.00 |2,458.00 |2,513.00 |2,505.00  |58.00     |50.00     |125       |220         |30       |626.30       |                       
2021-11-01 |SA111        |2,972.00   |2,900.00 |2,948.00 |2,850.00 |2,915.00 |2,880.00  |-57.00    |-92.00    |169       |2,993       |-7       |973.47       |3,066.00               
2021-11-01 |SA112        |2,924.00   |2,844.00 |2,860.00 |2,701.00 |2,743.00 |2,794.00  |-181.00   |-130.00   |4,720     |4,283       |-1,288   |26,373.56    |                       
2021-11-01 |SA201        |2,852.00   |2,768.00 |2,785.00 |2,590.00 |2,604.00 |2,674.00  |-248.00   |-178.00   |1,365,190 |328,263     |92,109   |7,299,790.32 |                       
2021-11-01 |SA202        |2,785.00   |2,708.00 |2,719.00 |2,562.00 |2,563.00 |2,624.00  |-222.00   |-161.00   |14,411    |4,776       |413      |75,628.31    |                       
2021-11-01 |SA203        |2,705.00   |2,621.00 |2,633.00 |2,488.00 |2,488.00 |2,546.00  |-217.00   |-159.00   |18,423    |3,645       |1,386    |93,818.88    |                       
2021-11-01 |SA204        |2,613.00   |2,556.00 |2,565.00 |2,405.00 |2,428.00 |2,478.00  |-185.00   |-135.00   |4,574     |479         |281      |22,670.81    |                       
2021-11-01 |SA205        |2,588.00   |2,515.00 |2,527.00 |2,380.00 |2,380.00 |2,427.00  |-208.00   |-161.00   |217,453   |89,818      |10,148   |1,055,670.43 |                       
2021-11-01 |SA206        |2,581.00   |2,509.00 |2,523.00 |2,375.00 |2,377.00 |2,433.00  |-204.00   |-148.00   |447       |531         |-13      |2,174.82     |                       
2021-11-01 |SA207        |2,557.00   |2,525.00 |2,525.00 |2,352.00 |2,352.00 |2,400.00  |-205.00   |-157.00   |218       |401         |18       |1,046.53     |                       
2021-11-01 |SA208        |2,547.00   |2,495.00 |2,496.00 |2,352.00 |2,383.00 |2,407.00  |-164.00   |-140.00   |129       |440         |-8       |621.03       |                       
2021-11-01 |SA209        |2,549.00   |2,500.00 |2,500.00 |2,345.00 |2,345.00 |2,396.00  |-204.00   |-153.00   |12,155    |5,729       |-60      |58,238.25    |                       
2021-11-01 |SA210        |2,505.00   |2,480.00 |2,483.00 |2,312.00 |2,312.00 |2,399.00  |-193.00   |-106.00   |384       |283         |63       |1,842.16     |                       
2021-11-02 |SA111        |2,880.00   |2,938.00 |2,940.00 |2,748.00 |2,750.00 |2,888.00  |-130.00   |8.00      |245       |2,809       |-184     |1,415.31     |3,009.00               
2021-11-02 |SA112        |2,794.00   |2,740.00 |2,810.00 |2,600.00 |2,650.00 |2,694.00  |-144.00   |-100.00   |2,702     |3,909       |-374     |14,555.78    |                       
2021-11-02 |SA201        |2,674.00   |2,610.00 |2,671.00 |2,435.00 |2,563.00 |2,581.00  |-111.00   |-93.00    |1,159,626 |314,486     |-13,777  |5,986,971.11 |                       
2021-11-02 |SA202        |2,624.00   |2,560.00 |2,607.00 |2,414.00 |2,487.00 |2,532.00  |-137.00   |-92.00    |14,781    |4,557       |-219     |74,848.71    |                       
2021-11-02 |SA203        |2,546.00   |2,473.00 |2,520.00 |2,275.00 |2,384.00 |2,448.00  |-162.00   |-98.00    |18,658    |3,489       |-156     |91,339.48    |                       
2021-11-02 |SA204        |2,478.00   |2,421.00 |2,463.00 |2,279.00 |2,322.00 |2,385.00  |-156.00   |-93.00    |3,662     |552         |73       |17,466.95    |                       
2021-11-02 |SA205        |2,427.00   |2,368.00 |2,407.00 |2,164.00 |2,256.00 |2,302.00  |-171.00   |-125.00   |217,478   |86,207      |-3,611   |1,001,146.36 |                       
2021-11-02 |SA206        |2,433.00   |2,377.00 |2,412.00 |2,238.00 |2,262.00 |2,305.00  |-171.00   |-128.00   |333       |514         |-17      |1,535.36     |                       
2021-11-02 |SA207        |2,400.00   |2,347.00 |2,378.00 |2,208.00 |2,236.00 |2,290.00  |-164.00   |-110.00   |250       |403         |2        |1,144.95     |                       
2021-11-02 |SA208        |2,407.00   |2,360.00 |2,391.00 |2,214.00 |2,251.00 |2,287.00  |-156.00   |-120.00   |142       |415         |-25      |649.49       |                       
2021-11-02 |SA209        |2,396.00   |2,345.00 |2,369.00 |2,141.00 |2,231.00 |2,264.00  |-165.00   |-132.00   |13,525    |6,099       |370      |61,231.49    |                       
2021-11-02 |SA210        |2,399.00   |2,311.00 |2,366.00 |2,207.00 |2,250.00 |2,282.00  |-149.00   |-117.00   |187       |259         |-24      |853.29       |                       
2021-11-03 |SA111        |2,888.00   |2,701.00 |3,176.00 |2,599.00 |2,900.00 |2,784.00  |12.00     |-104.00   |877       |2,436       |-373     |4,810.12     |2,960.00               
2021-11-03 |SA112        |2,694.00   |2,650.00 |2,896.00 |2,570.00 |2,878.00 |2,673.00  |184.00    |-21.00    |3,503     |3,991       |82       |18,728.27    |                       
2021-11-03 |SA201        |2,581.00   |2,565.00 |2,818.00 |2,485.00 |2,802.00 |2,628.00  |221.00    |47.00     |1,478,867 |375,719     |61,233   |7,772,022.31 |                       
2021-11-03 |SA202        |2,532.00   |2,503.00 |2,735.00 |2,418.00 |2,728.00 |2,512.00  |196.00    |-20.00    |20,104    |4,623       |66       |101,000.79   |                       
2021-11-03 |SA203        |2,448.00   |2,403.00 |2,644.00 |2,329.00 |2,644.00 |2,410.00  |196.00    |-38.00    |23,765    |3,515       |26       |114,534.97   |                       
2021-11-03 |SA204        |2,385.00   |2,332.00 |2,576.00 |2,285.00 |2,576.00 |2,376.00  |191.00    |-9.00     |2,653     |573         |21       |12,606.33    |                       
2021-11-03 |SA205        |2,302.00   |2,265.00 |2,487.00 |2,220.00 |2,487.00 |2,345.00  |185.00    |43.00     |275,118   |103,158     |16,951   |1,290,223.63 |                       
2021-11-03 |SA206        |2,305.00   |2,336.00 |2,490.00 |2,235.00 |2,490.00 |2,331.00  |185.00    |26.00     |308       |476         |-38      |1,435.80     |                       
2021-11-03 |SA207        |2,290.00   |2,238.00 |2,474.00 |2,215.00 |2,474.00 |2,281.00  |184.00    |-9.00     |394       |378         |-25      |1,797.10     |                       
2021-11-03 |SA208        |2,287.00   |2,289.00 |2,470.00 |2,227.00 |2,470.00 |2,353.00  |183.00    |66.00     |144       |387         |-28      |677.71       |                       
2021-11-03 |SA209        |2,264.00   |2,239.00 |2,446.00 |2,198.00 |2,446.00 |2,316.00  |182.00    |52.00     |14,138    |6,749       |650      |65,482.56    |                       
2021-11-03 |SA210        |2,282.00   |2,298.00 |2,465.00 |2,227.00 |2,465.00 |2,417.00  |183.00    |135.00    |356       |356         |97       |1,721.07     |                       
2021-11-04 |SA111        |2,784.00   |3,063.00 |3,063.00 |2,811.00 |2,828.00 |2,841.00  |44.00     |57.00     |57        |2,090       |-346     |325.07       |2,917.00               
2021-11-04 |SA112        |2,673.00   |2,862.00 |2,869.00 |2,692.00 |2,723.00 |2,775.00  |50.00     |102.00    |1,345     |3,966       |-25      |7,464.10     |                       
2021-11-04 |SA201        |2,628.00   |2,791.00 |2,800.00 |2,605.00 |2,638.00 |2,706.00  |10.00     |78.00     |1,337,625 |352,229     |-23,490  |7,238,983.71 |                       
2021-11-04 |SA202        |2,512.00   |2,713.00 |2,713.00 |2,538.00 |2,562.00 |2,635.00  |50.00     |123.00    |21,217    |5,220       |597      |111,824.62   |                       
2021-11-04 |SA203        |2,410.00   |2,603.00 |2,603.00 |2,460.00 |2,485.00 |2,552.00  |75.00     |142.00    |32,149    |3,941       |426      |164,059.87   |                       
2021-11-04 |SA204        |2,376.00   |2,594.00 |2,618.00 |2,417.00 |2,441.00 |2,539.00  |65.00     |163.00    |6,696     |618         |45       |34,002.79    |                       
2021-11-04 |SA205        |2,345.00   |2,541.00 |2,565.00 |2,354.00 |2,377.00 |2,467.00  |32.00     |122.00    |347,759   |95,132      |-8,026   |1,715,548.04 |                       
2021-11-04 |SA206        |2,331.00   |2,530.00 |2,568.00 |2,366.00 |2,388.00 |2,494.00  |57.00     |163.00    |388       |519         |43       |1,935.51     |                       
2021-11-04 |SA207        |2,281.00   |2,503.00 |2,532.00 |2,331.00 |2,356.00 |2,466.00  |75.00     |185.00    |184       |403         |25       |907.46       |                       
2021-11-04 |SA208        |2,353.00   |2,518.00 |2,543.00 |2,354.00 |2,367.00 |2,481.00  |14.00     |128.00    |233       |437         |50       |1,156.23     |                       
2021-11-04 |SA209        |2,316.00   |2,471.00 |2,518.00 |2,314.00 |2,339.00 |2,429.00  |23.00     |113.00    |15,186    |7,481       |732      |73,761.45    |                       
2021-11-04 |SA210        |2,417.00   |2,354.00 |2,503.00 |2,282.00 |2,306.00 |2,424.00  |-111.00   |7.00      |421       |396         |40       |2,040.94     |                       
2021-11-05 |SA111        |2,841.00   |2,801.00 |2,838.00 |2,751.00 |2,815.00 |2,795.00  |-26.00    |-46.00    |138       |2,074       |-16      |771.72       |2,891.00               
2021-11-05 |SA112        |2,775.00   |2,723.00 |2,751.00 |2,609.00 |2,650.00 |2,654.00  |-125.00   |-121.00   |941       |3,814       |-152     |4,994.51     |                       
2021-11-05 |SA201        |2,706.00   |2,653.00 |2,673.00 |2,513.00 |2,565.00 |2,570.00  |-141.00   |-136.00   |1,045,565 |354,477     |2,248    |5,374,923.83 |                       
2021-11-05 |SA202        |2,635.00   |2,575.00 |2,592.00 |2,455.00 |2,523.00 |2,508.00  |-112.00   |-127.00   |17,322    |5,503       |283      |86,874.65    |                       
2021-11-05 |SA203        |2,552.00   |2,497.00 |2,506.00 |2,385.00 |2,470.00 |2,438.00  |-82.00    |-114.00   |21,178    |4,130       |189      |103,255.65   |                       
2021-11-05 |SA204        |2,539.00   |2,458.00 |2,494.00 |2,368.00 |2,486.00 |2,429.00  |-53.00    |-110.00   |7,550     |988         |370      |36,684.81    |                       
2021-11-05 |SA205        |2,467.00   |2,398.00 |2,431.00 |2,303.00 |2,423.00 |2,364.00  |-44.00    |-103.00   |291,097   |100,764     |5,632    |1,376,466.12 |                       
2021-11-05 |SA206        |2,494.00   |2,389.00 |2,434.00 |2,313.00 |2,430.00 |2,362.00  |-64.00    |-132.00   |209       |492         |-27      |987.51       |                       
2021-11-05 |SA207        |2,466.00   |2,350.00 |2,408.00 |2,275.00 |2,408.00 |2,340.00  |-58.00    |-126.00   |203       |346         |-57      |950.17       |                       
2021-11-05 |SA208        |2,481.00   |2,355.00 |2,408.00 |2,285.00 |2,404.00 |2,332.00  |-77.00    |-149.00   |450       |560         |123      |2,099.16     |                       
2021-11-05 |SA209        |2,429.00   |2,354.00 |2,407.00 |2,266.00 |2,403.00 |2,327.00  |-26.00    |-102.00   |14,653    |8,094       |613      |68,200.65    |                       
2021-11-05 |SA210        |2,424.00   |2,310.00 |2,372.00 |2,230.00 |2,365.00 |2,283.00  |-59.00    |-141.00   |827       |806         |410      |3,776.83     |                       
2021-11-08 |SA111        |2,795.00   |2,800.00 |2,917.00 |2,800.00 |2,800.00 |2,863.00  |5.00      |68.00     |36        |1,862       |-212     |206.14       |2,881.00               
2021-11-08 |SA112        |2,654.00   |2,647.00 |2,755.00 |2,600.00 |2,625.00 |2,632.00  |-29.00    |-22.00    |1,692     |3,355       |-459     |8,907.91     |                       
2021-11-08 |SA201        |2,570.00   |2,570.00 |2,651.00 |2,476.00 |2,513.00 |2,547.00  |-57.00    |-23.00    |1,059,466 |381,167     |26,690   |5,397,863.76 |                       
2021-11-08 |SA202        |2,508.00   |2,523.00 |2,611.00 |2,440.00 |2,465.00 |2,512.00  |-43.00    |4.00      |13,505    |5,938       |435      |67,839.71    |                       
2021-11-08 |SA203        |2,438.00   |2,470.00 |2,560.00 |2,391.00 |2,413.00 |2,462.00  |-25.00    |24.00     |14,754    |4,672       |542      |72,639.33    |                       
2021-11-08 |SA204        |2,429.00   |2,478.00 |2,587.00 |2,411.00 |2,430.00 |2,482.00  |1.00      |53.00     |7,224     |1,139       |151      |35,863.19    |                       
2021-11-08 |SA205        |2,364.00   |2,422.00 |2,532.00 |2,351.00 |2,370.00 |2,420.00  |6.00      |56.00     |311,901   |103,950     |3,186    |1,509,542.50 |                       
2021-11-08 |SA206        |2,362.00   |2,550.00 |2,550.00 |2,335.00 |2,379.00 |2,438.00  |17.00     |76.00     |195       |511         |19       |950.73       |                       
2021-11-08 |SA207        |2,340.00   |2,364.00 |2,522.00 |2,318.00 |2,350.00 |2,432.00  |10.00     |92.00     |166       |355         |9        |807.53       |                       
2021-11-08 |SA208        |2,332.00   |2,385.00 |2,519.00 |2,350.00 |2,371.00 |2,428.00  |39.00     |96.00     |379       |597         |37       |1,840.49     |                       
2021-11-08 |SA209        |2,327.00   |2,400.00 |2,511.00 |2,333.00 |2,358.00 |2,410.00  |31.00     |83.00     |17,928    |8,916       |822      |86,402.41    |                       
2021-11-08 |SA210        |2,283.00   |2,376.00 |2,466.00 |2,294.00 |2,313.00 |2,362.00  |30.00     |79.00     |1,126     |1,089       |283      |5,318.21     |                       
2021-11-09 |SA111        |2,863.00   |2,800.00 |2,800.00 |2,700.00 |2,705.00 |2,731.00  |-158.00   |-132.00   |131       |1,725       |-137     |709.86       |2,864.00               
2021-11-09 |SA112        |2,632.00   |2,650.00 |2,700.00 |2,592.00 |2,666.00 |2,649.00  |34.00     |17.00     |341       |3,248       |-107     |1,806.74     |                       
2021-11-09 |SA201        |2,547.00   |2,507.00 |2,605.00 |2,465.00 |2,560.00 |2,540.00  |13.00     |-7.00     |921,769   |351,657     |-29,510  |4,682,797.91 |                       
2021-11-09 |SA202        |2,512.00   |2,467.00 |2,549.00 |2,426.00 |2,510.00 |2,498.00  |-2.00     |-14.00    |10,230    |5,378       |-560     |51,117.21    |                       
2021-11-09 |SA203        |2,462.00   |2,397.00 |2,485.00 |2,372.00 |2,453.00 |2,441.00  |-9.00     |-21.00    |9,983     |4,553       |-119     |48,732.20    |                       
2021-11-09 |SA204        |2,482.00   |2,390.00 |2,495.00 |2,390.00 |2,468.00 |2,454.00  |-14.00    |-28.00    |4,978     |1,021       |-118     |24,430.41    |                       
2021-11-09 |SA205        |2,420.00   |2,367.00 |2,435.00 |2,330.00 |2,398.00 |2,394.00  |-22.00    |-26.00    |230,491   |105,791     |1,841    |1,103,514.10 |                       
2021-11-09 |SA206        |2,438.00   |2,374.00 |2,446.00 |2,352.00 |2,413.00 |2,418.00  |-25.00    |-20.00    |94        |509         |-2       |454.55       |                       
2021-11-09 |SA207        |2,432.00   |2,342.00 |2,402.00 |2,342.00 |2,398.00 |2,387.00  |-34.00    |-45.00    |15        |357         |2        |71.61        |                       
2021-11-09 |SA208        |2,428.00   |2,340.00 |2,422.00 |2,339.00 |2,392.00 |2,388.00  |-36.00    |-40.00    |106       |583         |-14      |506.29       |                       
2021-11-09 |SA209        |2,410.00   |2,358.00 |2,427.00 |2,315.00 |2,384.00 |2,382.00  |-26.00    |-28.00    |12,008    |8,784       |-132     |57,194.16    |                       
2021-11-09 |SA210        |2,362.00   |2,312.00 |2,389.00 |2,277.00 |2,355.00 |2,354.00  |-7.00     |-8.00     |483       |1,098       |9        |2,273.79     |                       
2021-11-10 |SA111        |2,731.00   |2,697.00 |2,720.00 |2,561.00 |2,681.00 |2,681.00  |-50.00    |-50.00    |212       |1,593       |-132     |1,135.46     |2,837.00               
2021-11-10 |SA112        |2,649.00   |2,652.00 |2,660.00 |2,568.00 |2,636.00 |2,613.00  |-13.00    |-36.00    |842       |3,416       |168      |4,400.75     |                       
2021-11-10 |SA201        |2,540.00   |2,520.00 |2,539.00 |2,412.00 |2,512.00 |2,482.00  |-28.00    |-58.00    |937,637   |353,573     |1,916    |4,654,202.13 |                       
2021-11-10 |SA202        |2,498.00   |2,476.00 |2,489.00 |2,357.00 |2,446.00 |2,419.00  |-52.00    |-79.00    |14,099    |4,757       |-621     |68,198.73    |                       
2021-11-10 |SA203        |2,441.00   |2,420.00 |2,434.00 |2,291.00 |2,374.00 |2,352.00  |-67.00    |-89.00    |11,151    |4,093       |-460     |52,450.12    |                       
2021-11-10 |SA204        |2,454.00   |2,429.00 |2,443.00 |2,277.00 |2,357.00 |2,349.00  |-97.00    |-105.00   |7,694     |827         |-194     |36,147.07    |                       
2021-11-10 |SA205        |2,394.00   |2,368.00 |2,381.00 |2,214.00 |2,284.00 |2,294.00  |-110.00   |-100.00   |287,437   |107,429     |1,638    |1,318,977.56 |                       
2021-11-10 |SA206        |2,418.00   |2,375.00 |2,394.00 |2,235.00 |2,308.00 |2,315.00  |-110.00   |-103.00   |139       |509         |0        |643.68       |                       
2021-11-10 |SA207        |2,387.00   |2,361.00 |2,361.00 |2,213.00 |2,261.00 |2,272.00  |-126.00   |-115.00   |42        |352         |-5       |190.86       |                       
2021-11-10 |SA208        |2,388.00   |2,388.00 |2,388.00 |2,220.00 |2,261.00 |2,280.00  |-127.00   |-108.00   |72        |556         |-27      |328.32       |                       
2021-11-10 |SA209        |2,382.00   |2,378.00 |2,400.00 |2,197.00 |2,261.00 |2,271.00  |-121.00   |-111.00   |17,927    |7,972       |-812     |81,438.63    |                       
2021-11-10 |SA210        |2,354.00   |2,316.00 |2,337.00 |2,177.00 |2,242.00 |2,230.00  |-112.00   |-124.00   |550       |1,218       |120      |2,453.38     |                       
2021-11-11 |SA111        |2,681.00   |2,683.00 |2,900.00 |2,655.00 |2,900.00 |2,714.00  |219.00    |33.00     |123       |1,520       |-73      |665.18       |2,815.00               
2021-11-11 |SA112        |2,613.00   |2,635.00 |2,808.00 |2,624.00 |2,797.00 |2,695.00  |184.00    |82.00     |690       |3,208       |-208     |3,718.62     |                       
2021-11-11 |SA201        |2,482.00   |2,520.00 |2,720.00 |2,487.00 |2,684.00 |2,600.00  |202.00    |118.00    |764,190   |352,913     |-660     |3,973,801.63 |                       
2021-11-11 |SA202        |2,419.00   |2,449.00 |2,613.00 |2,427.00 |2,613.00 |2,502.00  |194.00    |83.00     |9,356     |4,860       |103      |46,822.47    |                       
2021-11-11 |SA203        |2,352.00   |2,403.00 |2,541.00 |2,355.00 |2,541.00 |2,429.00  |189.00    |77.00     |8,899     |4,254       |161      |43,227.50    |                       
2021-11-11 |SA204        |2,349.00   |2,392.00 |2,537.00 |2,336.00 |2,534.00 |2,424.00  |185.00    |75.00     |5,859     |917         |90       |28,409.80    |                       
2021-11-11 |SA205        |2,294.00   |2,298.00 |2,478.00 |2,271.00 |2,478.00 |2,380.00  |184.00    |86.00     |289,698   |118,817     |11,388   |1,379,003.10 |                       
2021-11-11 |SA206        |2,315.00   |2,313.00 |2,498.00 |2,294.00 |2,498.00 |2,392.00  |183.00    |77.00     |188       |518         |9        |899.24       |                       
2021-11-11 |SA207        |2,272.00   |2,286.00 |2,454.00 |2,262.00 |2,454.00 |2,356.00  |182.00    |84.00     |78        |360         |8        |367.53       |                       
2021-11-11 |SA208        |2,280.00   |2,281.00 |2,460.00 |2,267.00 |2,460.00 |2,352.00  |180.00    |72.00     |179       |537         |-19      |841.95       |                       
2021-11-11 |SA209        |2,271.00   |2,273.00 |2,453.00 |2,245.00 |2,448.00 |2,355.00  |177.00    |84.00     |14,076    |8,951       |979      |66,295.96    |                       
2021-11-11 |SA210        |2,230.00   |2,239.00 |2,409.00 |2,222.00 |2,409.00 |2,330.00  |179.00    |100.00    |1,160     |787         |-431     |5,404.87     |                       
2021-11-12 |SA111        |2,714.00   |2,602.00 |2,800.00 |2,602.00 |2,800.00 |2,776.00  |86.00     |62.00     |22        |0           |-1,520   |120.62       |2,795.00               
2021-11-12 |SA112        |2,695.00   |2,727.00 |2,750.00 |2,622.00 |2,651.00 |2,696.00  |-44.00    |1.00      |439       |3,266       |58       |2,367.45     |                       
2021-11-12 |SA201        |2,600.00   |2,670.00 |2,685.00 |2,503.00 |2,527.00 |2,593.00  |-73.00    |-7.00     |733,616   |335,160     |-17,753  |3,804,865.86 |                       
2021-11-12 |SA202        |2,502.00   |2,595.00 |2,614.00 |2,450.00 |2,480.00 |2,533.00  |-22.00    |31.00     |11,426    |4,612       |-248     |57,891.89    |                       
2021-11-12 |SA203        |2,429.00   |2,543.00 |2,550.00 |2,400.00 |2,428.00 |2,474.00  |-1.00     |45.00     |10,047    |4,267       |13       |49,715.97    |                       
2021-11-12 |SA204        |2,424.00   |2,532.00 |2,535.00 |2,402.00 |2,432.00 |2,474.00  |8.00      |50.00     |4,734     |1,125       |208      |23,424.31    |                       
2021-11-12 |SA205        |2,380.00   |2,475.00 |2,479.00 |2,339.00 |2,368.00 |2,409.00  |-12.00    |29.00     |288,690   |109,616     |-9,201   |1,390,689.25 |                       
2021-11-12 |SA206        |2,392.00   |2,462.00 |2,462.00 |2,350.00 |2,388.00 |2,406.00  |-4.00     |14.00     |82        |518         |0        |394.63       |                       
2021-11-12 |SA207        |2,356.00   |2,442.00 |2,449.00 |2,328.00 |2,362.00 |2,374.00  |6.00      |18.00     |53        |359         |-1       |251.60       |                       
2021-11-12 |SA208        |2,352.00   |2,446.00 |2,446.00 |2,319.00 |2,342.00 |2,375.00  |-10.00    |23.00     |52        |534         |-3       |247.03       |                       
2021-11-12 |SA209        |2,355.00   |2,421.00 |2,442.00 |2,305.00 |2,334.00 |2,369.00  |-21.00    |14.00     |11,691    |8,513       |-438     |55,398.30    |                       
2021-11-12 |SA210        |2,330.00   |2,411.00 |2,430.00 |2,285.00 |2,322.00 |2,371.00  |-8.00     |41.00     |608       |577         |-210     |2,882.89     |                       
2021-11-15 |SA112        |2,696.00   |2,610.00 |2,700.00 |2,610.00 |2,671.00 |2,653.00  |-25.00    |-43.00    |480       |3,385       |119      |2,546.44     |                       
2021-11-15 |SA201        |2,593.00   |2,503.00 |2,565.00 |2,455.00 |2,497.00 |2,510.00  |-96.00    |-83.00    |597,287   |352,825     |17,665   |2,998,784.50 |                       
2021-11-15 |SA202        |2,533.00   |2,467.00 |2,515.00 |2,404.00 |2,441.00 |2,467.00  |-92.00    |-66.00    |11,846    |4,773       |161      |58,443.40    |                       
2021-11-15 |SA203        |2,474.00   |2,388.00 |2,467.00 |2,351.00 |2,389.00 |2,418.00  |-85.00    |-56.00    |10,608    |4,594       |327      |51,301.53    |                       
2021-11-15 |SA204        |2,474.00   |2,402.00 |2,489.00 |2,358.00 |2,394.00 |2,428.00  |-80.00    |-46.00    |8,915     |1,265       |140      |43,283.56    |                       
2021-11-15 |SA205        |2,409.00   |2,350.00 |2,422.00 |2,295.00 |2,333.00 |2,362.00  |-76.00    |-47.00    |330,240   |101,516     |-8,100   |1,560,357.22 |                       
2021-11-15 |SA206        |2,406.00   |2,329.00 |2,459.00 |2,317.00 |2,347.00 |2,374.00  |-59.00    |-32.00    |115       |516         |-2       |546.07       |                       
2021-11-15 |SA207        |2,374.00   |2,317.00 |2,435.00 |2,300.00 |2,323.00 |2,361.00  |-51.00    |-13.00    |89        |363         |4        |420.20       |                       
2021-11-15 |SA208        |2,375.00   |2,292.00 |2,398.00 |2,279.00 |2,336.00 |2,356.00  |-39.00    |-19.00    |58        |546         |12       |273.32       |                       
2021-11-15 |SA209        |2,369.00   |2,315.00 |2,395.00 |2,260.00 |2,316.00 |2,339.00  |-53.00    |-30.00    |15,892    |9,070       |557      |74,341.24    |                       
2021-11-15 |SA210        |2,371.00   |2,281.00 |2,375.00 |2,250.00 |2,315.00 |2,316.00  |-56.00    |-55.00    |132       |577         |0        |611.44       |                       
2021-11-15 |SA211        |2,371.00   |0.00     |0.00     |0.00     |0.00     |2,308.00  |-63.00    |-63.00    |0         |0           |0        |0.00         |                       
2021-11-16 |SA112        |2,653.00   |2,677.00 |2,755.00 |2,650.00 |2,720.00 |2,687.00  |67.00     |34.00     |260       |3,413       |28       |1,397.42     |                       
2021-11-16 |SA201        |2,510.00   |2,519.00 |2,615.00 |2,474.00 |2,544.00 |2,537.00  |34.00     |27.00     |578,093   |326,773     |-26,052  |2,933,416.75 |                       
2021-11-16 |SA202        |2,467.00   |2,463.00 |2,551.00 |2,426.00 |2,483.00 |2,480.00  |16.00     |13.00     |11,505    |4,435       |-338     |57,066.50    |                       
2021-11-16 |SA203        |2,418.00   |2,400.00 |2,488.00 |2,370.00 |2,425.00 |2,423.00  |7.00      |5.00      |9,843     |4,643       |49       |47,704.30    |                       
2021-11-16 |SA204        |2,428.00   |2,406.00 |2,483.00 |2,383.00 |2,425.00 |2,423.00  |-3.00     |-5.00     |5,100     |1,116       |-149     |24,710.18    |                       
2021-11-16 |SA205        |2,362.00   |2,345.00 |2,424.00 |2,315.00 |2,365.00 |2,364.00  |3.00      |2.00      |257,887   |100,778     |-738     |1,219,533.70 |                       
2021-11-16 |SA206        |2,374.00   |2,362.00 |2,431.00 |2,330.00 |2,381.00 |2,377.00  |7.00      |3.00      |128       |533         |17       |608.61       |                       
2021-11-16 |SA207        |2,361.00   |2,317.00 |2,401.00 |2,315.00 |2,354.00 |2,354.00  |-7.00     |-7.00     |91        |346         |-17      |428.37       |                       
2021-11-16 |SA208        |2,356.00   |2,324.00 |2,407.00 |2,324.00 |2,370.00 |2,358.00  |14.00     |2.00      |73        |557         |11       |344.28       |                       
2021-11-16 |SA209        |2,339.00   |2,330.00 |2,403.00 |2,306.00 |2,359.00 |2,350.00  |20.00     |11.00     |10,900    |9,797       |727      |51,239.38    |                       
2021-11-16 |SA210        |2,316.00   |2,306.00 |2,379.00 |2,295.00 |2,336.00 |2,332.00  |20.00     |16.00     |294       |627         |50       |1,370.94     |                       
2021-11-16 |SA211        |2,308.00   |0.00     |0.00     |0.00     |0.00     |2,317.00  |9.00      |9.00      |0         |0           |0        |0.00         |                       
2021-11-17 |SA112        |2,687.00   |2,720.00 |2,788.00 |2,680.00 |2,752.00 |2,730.00  |65.00     |43.00     |295       |3,240       |-173     |1,610.89     |                       
2021-11-17 |SA201        |2,537.00   |2,544.00 |2,620.00 |2,506.00 |2,607.00 |2,565.00  |70.00     |28.00     |596,495   |350,271     |23,498   |3,060,515.54 |                       
2021-11-17 |SA202        |2,480.00   |2,487.00 |2,546.00 |2,444.00 |2,523.00 |2,489.00  |43.00     |9.00      |11,017    |4,490       |55       |54,840.53    |                       
2021-11-17 |SA203        |2,423.00   |2,427.00 |2,473.00 |2,385.00 |2,444.00 |2,423.00  |21.00     |0.00      |7,783     |4,791       |148      |37,723.20    |                       
2021-11-17 |SA204        |2,423.00   |2,430.00 |2,447.00 |2,377.00 |2,412.00 |2,410.00  |-11.00    |-13.00    |3,727     |1,195       |79       |17,962.35    |                       
2021-11-17 |SA205        |2,364.00   |2,365.00 |2,388.00 |2,316.00 |2,355.00 |2,348.00  |-9.00     |-16.00    |291,009   |104,761     |3,983    |1,366,652.45 |                       
2021-11-17 |SA206        |2,377.00   |2,386.00 |2,391.00 |2,337.00 |2,370.00 |2,364.00  |-7.00     |-13.00    |143       |581         |48       |676.04       |                       
2021-11-17 |SA207        |2,354.00   |2,359.00 |2,381.00 |2,322.00 |2,347.00 |2,345.00  |-7.00     |-9.00     |47        |353         |7        |220.43       |                       
2021-11-17 |SA208        |2,358.00   |2,375.00 |2,395.00 |2,333.00 |2,347.00 |2,356.00  |-11.00    |-2.00     |76        |556         |-1       |358.09       |                       
2021-11-17 |SA209        |2,350.00   |2,361.00 |2,380.00 |2,311.00 |2,337.00 |2,341.00  |-13.00    |-9.00     |10,900    |10,095      |298      |51,031.65    |                       
2021-11-17 |SA210        |2,332.00   |2,346.00 |2,355.00 |2,301.00 |2,314.00 |2,329.00  |-18.00    |-3.00     |168       |604         |-23      |782.39       |                       
2021-11-17 |SA211        |2,317.00   |0.00     |0.00     |0.00     |0.00     |2,312.00  |-5.00     |-5.00     |0         |0           |0        |0.00         |                       
2021-11-18 |SA112        |2,730.00   |2,729.00 |2,800.00 |2,729.00 |2,775.00 |2,773.00  |45.00     |43.00     |101       |3,246       |6        |560.09       |                       
2021-11-18 |SA201        |2,565.00   |2,611.00 |2,650.00 |2,570.00 |2,586.00 |2,604.00  |21.00     |39.00     |500,893   |329,525     |-20,746  |2,608,463.49 |                       
2021-11-18 |SA202        |2,489.00   |2,519.00 |2,565.00 |2,489.00 |2,505.00 |2,522.00  |16.00     |33.00     |8,532     |4,287       |-203     |43,035.91    |                       
2021-11-18 |SA203        |2,423.00   |2,454.00 |2,483.00 |2,407.00 |2,426.00 |2,444.00  |3.00      |21.00     |6,884     |4,842       |51       |33,655.35    |                       
2021-11-18 |SA204        |2,410.00   |2,427.00 |2,452.00 |2,366.00 |2,385.00 |2,412.00  |-25.00    |2.00      |2,948     |895         |-300     |14,222.61    |                       
2021-11-18 |SA205        |2,348.00   |2,360.00 |2,391.00 |2,305.00 |2,324.00 |2,345.00  |-24.00    |-3.00     |278,033   |117,060     |12,299   |1,304,036.73 |                       
2021-11-18 |SA206        |2,364.00   |2,385.00 |2,401.00 |2,325.00 |2,342.00 |2,362.00  |-22.00    |-2.00     |87        |588         |7        |410.96       |                       
2021-11-18 |SA207        |2,345.00   |2,359.00 |2,373.00 |2,290.00 |2,312.00 |2,340.00  |-33.00    |-5.00     |72        |361         |8        |336.94       |                       
2021-11-18 |SA208        |2,356.00   |2,367.00 |2,372.00 |2,300.00 |2,325.00 |2,342.00  |-31.00    |-14.00    |37        |557         |1        |173.33       |                       
2021-11-18 |SA209        |2,341.00   |2,346.00 |2,367.00 |2,284.00 |2,300.00 |2,322.00  |-41.00    |-19.00    |7,262     |9,975       |-120     |33,721.12    |                       
2021-11-18 |SA210        |2,329.00   |2,334.00 |2,337.00 |2,266.00 |2,276.00 |2,300.00  |-53.00    |-29.00    |519       |732         |128      |2,386.98     |                       
2021-11-18 |SA211        |2,312.00   |2,332.00 |2,332.00 |2,266.00 |2,277.00 |2,284.00  |-35.00    |-28.00    |11        |11          |11       |50.25        |                       
2021-11-19 |SA112        |2,773.00   |2,774.00 |2,887.00 |2,771.00 |2,860.00 |2,825.00  |87.00     |52.00     |281       |3,128       |-118     |1,587.71     |                       
2021-11-19 |SA201        |2,604.00   |2,580.00 |2,750.00 |2,561.00 |2,699.00 |2,649.00  |95.00     |45.00     |659,495   |356,377     |26,852   |3,493,640.06 |                       
2021-11-19 |SA202        |2,522.00   |2,501.00 |2,636.00 |2,470.00 |2,585.00 |2,556.00  |63.00     |34.00     |13,069    |4,305       |18       |66,815.77    |                       
2021-11-19 |SA203        |2,444.00   |2,419.00 |2,543.00 |2,371.00 |2,507.00 |2,452.00  |63.00     |8.00      |10,201    |4,975       |133      |50,031.78    |                       
2021-11-19 |SA204        |2,412.00   |2,382.00 |2,488.00 |2,298.00 |2,457.00 |2,411.00  |45.00     |-1.00     |5,201     |946         |51       |25,081.20    |                       
2021-11-19 |SA205        |2,345.00   |2,315.00 |2,424.00 |2,230.00 |2,391.00 |2,325.00  |46.00     |-20.00    |528,251   |122,277     |5,217    |2,456,301.79 |                       
2021-11-19 |SA206        |2,362.00   |2,337.00 |2,418.00 |2,246.00 |2,389.00 |2,317.00  |27.00     |-45.00    |404       |574         |-14      |1,871.76     |                       
2021-11-19 |SA207        |2,340.00   |2,310.00 |2,373.00 |2,219.00 |2,353.00 |2,295.00  |13.00     |-45.00    |222       |387         |26       |1,018.88     |                       
2021-11-19 |SA208        |2,342.00   |2,320.00 |2,367.00 |2,229.00 |2,354.00 |2,294.00  |12.00     |-48.00    |348       |704         |147      |1,596.73     |                       
2021-11-19 |SA209        |2,322.00   |2,300.00 |2,342.00 |2,201.00 |2,323.00 |2,265.00  |1.00      |-57.00    |16,275    |10,680      |705      |73,717.39    |                       
2021-11-19 |SA210        |2,300.00   |2,274.00 |2,303.00 |2,179.00 |2,294.00 |2,233.00  |-6.00     |-67.00    |930       |1,119       |387      |4,152.70     |                       
2021-11-19 |SA211        |2,284.00   |2,189.00 |2,277.00 |2,175.00 |2,258.00 |2,256.00  |-26.00    |-28.00    |26        |15          |4        |117.29       |                       
2021-11-22 |SA112        |2,825.00   |2,804.00 |2,908.00 |2,804.00 |2,880.00 |2,883.00  |55.00     |58.00     |75        |3,130       |2        |432.47       |                       
2021-11-22 |SA201        |2,649.00   |2,650.00 |2,765.00 |2,649.00 |2,684.00 |2,707.00  |35.00     |58.00     |425,661   |315,922     |-40,455  |2,304,636.64 |                       
2021-11-22 |SA202        |2,556.00   |2,538.00 |2,656.00 |2,526.00 |2,583.00 |2,596.00  |27.00     |40.00     |10,485    |4,273       |-32      |54,445.39    |                       
2021-11-22 |SA203        |2,452.00   |2,464.00 |2,586.00 |2,450.00 |2,510.00 |2,522.00  |58.00     |70.00     |9,493     |4,956       |-19      |47,890.79    |                       
2021-11-22 |SA204        |2,411.00   |2,414.00 |2,553.00 |2,412.00 |2,465.00 |2,489.00  |54.00     |78.00     |6,978     |1,118       |172      |34,733.41    |                       
2021-11-22 |SA205        |2,325.00   |2,325.00 |2,493.00 |2,325.00 |2,400.00 |2,417.00  |75.00     |92.00     |439,898   |124,936     |2,659    |2,126,789.88 |                       
2021-11-22 |SA206        |2,317.00   |2,358.00 |2,475.00 |2,356.00 |2,400.00 |2,412.00  |83.00     |95.00     |195       |553         |-21      |940.70       |                       
2021-11-22 |SA207        |2,295.00   |2,335.00 |2,445.00 |2,334.00 |2,360.00 |2,371.00  |65.00     |76.00     |111       |407         |20       |526.42       |                       
2021-11-22 |SA208        |2,294.00   |2,332.00 |2,442.00 |2,322.00 |2,360.00 |2,395.00  |66.00     |101.00    |411       |748         |44       |1,968.54     |                       
2021-11-22 |SA209        |2,265.00   |2,272.00 |2,404.00 |2,260.00 |2,330.00 |2,343.00  |65.00     |78.00     |12,617    |11,098      |418      |59,113.33    |                       
2021-11-22 |SA210        |2,233.00   |2,261.00 |2,357.00 |2,254.00 |2,287.00 |2,307.00  |54.00     |74.00     |1,145     |1,237       |118      |5,283.94     |                       
2021-11-22 |SA211        |2,256.00   |2,228.00 |2,311.00 |2,222.00 |2,252.00 |2,269.00  |-4.00     |13.00     |40        |30          |15       |181.55       |                       
2021-11-23 |SA112        |2,883.00   |2,860.00 |2,889.00 |2,850.00 |2,855.00 |2,866.00  |-28.00    |-17.00    |301       |3,181       |51       |1,725.16     |                       
2021-11-23 |SA201        |2,707.00   |2,684.00 |2,739.00 |2,647.00 |2,650.00 |2,689.00  |-57.00    |-18.00    |338,700   |283,741     |-32,181  |1,821,214.83 |                       
2021-11-23 |SA202        |2,596.00   |2,590.00 |2,636.00 |2,560.00 |2,562.00 |2,595.00  |-34.00    |-1.00     |10,504    |4,447       |174      |54,509.37    |                       
2021-11-23 |SA203        |2,522.00   |2,506.00 |2,566.00 |2,494.00 |2,496.00 |2,528.00  |-26.00    |6.00      |9,236     |5,189       |233      |46,691.16    |                       
2021-11-23 |SA204        |2,489.00   |2,463.00 |2,535.00 |2,461.00 |2,470.00 |2,502.00  |-19.00    |13.00     |5,156     |1,348       |230      |25,800.78    |                       
2021-11-23 |SA205        |2,417.00   |2,405.00 |2,469.00 |2,391.00 |2,412.00 |2,433.00  |-5.00     |16.00     |436,149   |123,760     |-1,176   |2,122,052.50 |                       
2021-11-23 |SA206        |2,412.00   |2,393.00 |2,460.00 |2,393.00 |2,409.00 |2,429.00  |-3.00     |17.00     |126       |544         |-9       |612.01       |                       
2021-11-23 |SA207        |2,371.00   |2,386.00 |2,415.00 |2,363.00 |2,376.00 |2,385.00  |5.00      |14.00     |38        |410         |3        |181.27       |                       
2021-11-23 |SA208        |2,395.00   |2,354.00 |2,400.00 |2,354.00 |2,381.00 |2,381.00  |-14.00    |-14.00    |49        |743         |-5       |233.33       |                       
2021-11-23 |SA209        |2,343.00   |2,333.00 |2,383.00 |2,323.00 |2,340.00 |2,351.00  |-3.00     |8.00      |8,920     |10,978      |-120     |41,939.80    |                       
2021-11-23 |SA210        |2,307.00   |2,292.00 |2,338.00 |2,286.00 |2,297.00 |2,310.00  |-10.00    |3.00      |308       |1,265       |28       |1,422.84     |                       
2021-11-23 |SA211        |2,269.00   |2,255.00 |2,303.00 |2,255.00 |2,275.00 |2,281.00  |6.00      |12.00     |65        |67          |37       |296.55       |                       
2021-11-24 |SA112        |2,866.00   |2,850.00 |2,880.00 |2,850.00 |2,855.00 |2,855.00  |-11.00    |-11.00    |209       |3,087       |-94      |1,193.52     |                       
2021-11-24 |SA201        |2,689.00   |2,650.00 |2,703.00 |2,635.00 |2,684.00 |2,672.00  |-5.00     |-17.00    |316,325   |259,059     |-24,682  |1,690,209.15 |                       
2021-11-24 |SA202        |2,595.00   |2,571.00 |2,624.00 |2,553.00 |2,620.00 |2,592.00  |25.00     |-3.00     |10,970    |4,640       |193      |56,877.87    |                       
2021-11-24 |SA203        |2,528.00   |2,504.00 |2,561.00 |2,489.00 |2,552.00 |2,527.00  |24.00     |-1.00     |8,868     |5,487       |298      |44,827.65    |                       
2021-11-24 |SA204        |2,502.00   |2,478.00 |2,559.00 |2,472.00 |2,558.00 |2,515.00  |56.00     |13.00     |3,387     |1,748       |400      |17,036.11    |                       
2021-11-24 |SA205        |2,433.00   |2,414.00 |2,495.00 |2,405.00 |2,492.00 |2,457.00  |59.00     |24.00     |454,394   |146,034     |22,274   |2,232,472.68 |                       
2021-11-24 |SA206        |2,429.00   |2,418.00 |2,502.00 |2,418.00 |2,502.00 |2,471.00  |73.00     |42.00     |179       |545         |1        |884.44       |                       
2021-11-24 |SA207        |2,385.00   |2,379.00 |2,498.00 |2,377.00 |2,477.00 |2,436.00  |92.00     |51.00     |106       |424         |14       |516.36       |                       
2021-11-24 |SA208        |2,381.00   |2,372.00 |2,522.00 |2,372.00 |2,489.00 |2,454.00  |108.00    |73.00     |171       |822         |79       |839.34       |                       
2021-11-24 |SA209        |2,351.00   |2,342.00 |2,475.00 |2,334.00 |2,470.00 |2,410.00  |119.00    |59.00     |13,158    |12,342      |1,364    |63,422.19    |                       
2021-11-24 |SA210        |2,310.00   |2,305.00 |2,495.00 |2,305.00 |2,458.00 |2,404.00  |148.00    |94.00     |884       |889         |-376     |4,250.67     |                       
2021-11-24 |SA211        |2,281.00   |2,301.00 |2,458.00 |2,301.00 |2,441.00 |2,375.00  |160.00    |94.00     |28        |70          |3        |133.01       |                       
2021-11-25 |SA112        |2,855.00   |2,856.00 |2,880.00 |2,781.00 |2,781.00 |2,810.00  |-74.00    |-45.00    |1,112     |3,467       |380      |6,250.31     |                       
2021-11-25 |SA201        |2,672.00   |2,685.00 |2,724.00 |2,641.00 |2,654.00 |2,683.00  |-18.00    |11.00     |242,629   |263,075     |4,016    |1,301,764.43 |                       
2021-11-25 |SA202        |2,592.00   |2,620.00 |2,646.00 |2,575.00 |2,587.00 |2,616.00  |-5.00     |24.00     |7,591     |4,478       |-162     |39,717.80    |                       
2021-11-25 |SA203        |2,527.00   |2,554.00 |2,580.00 |2,513.00 |2,515.00 |2,551.00  |-12.00    |24.00     |6,896     |5,368       |-119     |35,181.37    |                       
2021-11-25 |SA204        |2,515.00   |2,558.00 |2,577.00 |2,501.00 |2,517.00 |2,531.00  |2.00      |16.00     |1,689     |1,664       |-84      |8,550.24     |                       
2021-11-25 |SA205        |2,457.00   |2,491.00 |2,517.00 |2,435.00 |2,469.00 |2,472.00  |12.00     |15.00     |447,203   |150,217     |4,183    |2,210,846.06 |                       
2021-11-25 |SA206        |2,471.00   |2,512.00 |2,525.00 |2,448.00 |2,477.00 |2,482.00  |6.00      |11.00     |127       |573         |28       |630.52       |                       
2021-11-25 |SA207        |2,436.00   |2,471.00 |2,499.00 |2,425.00 |2,450.00 |2,461.00  |14.00     |25.00     |66        |439         |15       |324.91       |                       
2021-11-25 |SA208        |2,454.00   |2,484.00 |2,505.00 |2,441.00 |2,448.00 |2,468.00  |-6.00     |14.00     |172       |834         |12       |849.16       |                       
2021-11-25 |SA209        |2,410.00   |2,470.00 |2,490.00 |2,405.00 |2,441.00 |2,443.00  |31.00     |33.00     |11,953    |12,771      |429      |58,406.82    |                       
2021-11-25 |SA210        |2,404.00   |2,460.00 |2,476.00 |2,398.00 |2,428.00 |2,426.00  |24.00     |22.00     |564       |714         |-175     |2,736.91     |                       
2021-11-25 |SA211        |2,375.00   |2,439.00 |2,439.00 |2,390.00 |2,410.00 |2,410.00  |35.00     |35.00     |29        |75          |5        |139.78       |                       
2021-11-26 |SA112        |2,810.00   |2,751.00 |2,780.00 |2,701.00 |2,704.00 |2,733.00  |-106.00   |-77.00    |262       |3,334       |-133     |1,431.85     |                       
2021-11-26 |SA201        |2,683.00   |2,641.00 |2,650.00 |2,550.00 |2,551.00 |2,606.00  |-132.00   |-77.00    |256,480   |249,722     |-13,353  |1,336,590.46 |                       
2021-11-26 |SA202        |2,616.00   |2,583.00 |2,583.00 |2,493.00 |2,493.00 |2,542.00  |-123.00   |-74.00    |7,414     |4,242       |-236     |37,690.71    |                       
2021-11-26 |SA203        |2,551.00   |2,519.00 |2,525.00 |2,430.00 |2,430.00 |2,480.00  |-121.00   |-71.00    |6,327     |5,513       |145      |31,380.64    |                       
2021-11-26 |SA204        |2,531.00   |2,526.00 |2,527.00 |2,429.00 |2,430.00 |2,463.00  |-101.00   |-68.00    |3,089     |1,815       |151      |15,217.67    |                       
2021-11-26 |SA205        |2,472.00   |2,464.00 |2,467.00 |2,364.00 |2,366.00 |2,412.00  |-106.00   |-60.00    |459,975   |158,036     |7,819    |2,218,733.69 |                       
2021-11-26 |SA206        |2,482.00   |2,464.00 |2,469.00 |2,375.00 |2,375.00 |2,426.00  |-107.00   |-56.00    |139       |576         |3        |674.33       |                       
2021-11-26 |SA207        |2,461.00   |2,430.00 |2,438.00 |2,345.00 |2,345.00 |2,389.00  |-116.00   |-72.00    |54        |429         |-10      |258.01       |                       
2021-11-26 |SA208        |2,468.00   |2,443.00 |2,447.00 |2,356.00 |2,365.00 |2,396.00  |-103.00   |-72.00    |91        |800         |-34      |436.14       |                       
2021-11-26 |SA209        |2,443.00   |2,435.00 |2,437.00 |2,334.00 |2,335.00 |2,386.00  |-108.00   |-57.00    |14,017    |11,953      |-818     |66,888.26    |                       
2021-11-26 |SA210        |2,426.00   |2,422.00 |2,422.00 |2,324.00 |2,327.00 |2,371.00  |-99.00    |-55.00    |307       |778         |64       |1,455.76     |                       
2021-11-26 |SA211        |2,410.00   |2,372.00 |2,375.00 |2,312.00 |2,318.00 |2,346.00  |-92.00    |-64.00    |36        |81          |6        |168.91       |                       
2021-11-29 |SA112        |2,733.00   |2,715.00 |2,764.00 |2,701.00 |2,752.00 |2,718.00  |19.00     |-15.00    |572       |2,907       |-427     |3,138.66     |                       
2021-11-29 |SA201        |2,606.00   |2,521.00 |2,634.00 |2,509.00 |2,623.00 |2,583.00  |17.00     |-23.00    |196,080   |234,062     |-15,660  |1,012,934.79 |                       
2021-11-29 |SA202        |2,542.00   |2,466.00 |2,582.00 |2,444.00 |2,572.00 |2,538.00  |30.00     |-4.00     |8,808     |4,403       |161      |44,709.17    |                       
2021-11-29 |SA203        |2,480.00   |2,403.00 |2,520.00 |2,387.00 |2,512.00 |2,476.00  |32.00     |-4.00     |8,020     |6,220       |707      |39,715.34    |                       
2021-11-29 |SA204        |2,463.00   |2,395.00 |2,526.00 |2,395.00 |2,517.00 |2,481.00  |54.00     |18.00     |4,122     |2,193       |378      |20,452.33    |                       
2021-11-29 |SA205        |2,412.00   |2,340.00 |2,465.00 |2,331.00 |2,455.00 |2,420.00  |43.00     |8.00      |470,809   |173,591     |15,555   |2,279,065.38 |                       
2021-11-29 |SA206        |2,426.00   |2,367.00 |2,466.00 |2,367.00 |2,454.00 |2,434.00  |28.00     |8.00      |128       |583         |7        |622.98       |                       
2021-11-29 |SA207        |2,389.00   |2,357.00 |2,426.00 |2,357.00 |2,424.00 |2,384.00  |35.00     |-5.00     |23        |430         |1        |109.66       |                       
2021-11-29 |SA208        |2,396.00   |2,333.00 |2,433.00 |2,333.00 |2,433.00 |2,377.00  |37.00     |-19.00    |39        |800         |0        |185.43       |                       
2021-11-29 |SA209        |2,386.00   |2,307.00 |2,419.00 |2,292.00 |2,410.00 |2,374.00  |24.00     |-12.00    |12,123    |12,194      |241      |57,554.10    |                       
2021-11-29 |SA210        |2,371.00   |2,300.00 |2,401.00 |2,298.00 |2,387.00 |2,351.00  |16.00     |-20.00    |195       |715         |-63      |917.02       |                       
2021-11-29 |SA211        |2,346.00   |2,267.00 |2,380.00 |2,266.00 |2,366.00 |2,341.00  |20.00     |-5.00     |24        |79          |-2       |112.36       |                       
2021-11-30 |SA112        |2,718.00   |2,771.00 |2,781.00 |2,704.00 |2,768.00 |2,760.00  |50.00     |42.00     |417       |2,515       |-392     |2,304.15     |                       
2021-11-30 |SA201        |2,583.00   |2,623.00 |2,676.00 |2,573.00 |2,619.00 |2,630.00  |36.00     |47.00     |188,442   |216,715     |-17,347  |991,016.70   |                       
2021-11-30 |SA202        |2,538.00   |2,598.00 |2,609.00 |2,521.00 |2,552.00 |2,566.00  |14.00     |28.00     |5,639     |3,810       |-593     |28,942.04    |                       
2021-11-30 |SA203        |2,476.00   |2,536.00 |2,546.00 |2,458.00 |2,488.00 |2,501.00  |12.00     |25.00     |5,344     |6,166       |-54      |26,729.81    |                       
2021-11-30 |SA204        |2,481.00   |2,531.00 |2,545.00 |2,460.00 |2,484.00 |2,499.00  |3.00      |18.00     |5,238     |2,016       |-177     |26,179.49    |                       
2021-11-30 |SA205        |2,420.00   |2,462.00 |2,482.00 |2,391.00 |2,417.00 |2,437.00  |-3.00     |17.00     |468,631   |176,054     |2,463    |2,283,735.28 |                       
2021-11-30 |SA206        |2,434.00   |2,468.00 |2,485.00 |2,400.00 |2,427.00 |2,440.00  |-7.00     |6.00      |95        |573         |-10      |463.69       |                       
2021-11-30 |SA207        |2,384.00   |2,427.00 |2,451.00 |2,365.00 |2,391.00 |2,404.00  |7.00      |20.00     |51        |437         |7        |245.24       |                       
2021-11-30 |SA208        |2,377.00   |2,439.00 |2,465.00 |2,375.00 |2,394.00 |2,429.00  |17.00     |52.00     |39        |801         |1        |189.44       |                       
2021-11-30 |SA209        |2,374.00   |2,420.00 |2,445.00 |2,357.00 |2,390.00 |2,403.00  |16.00     |29.00     |11,234    |11,810      |-384     |53,986.49    |                       
2021-11-30 |SA210        |2,351.00   |2,396.00 |2,422.00 |2,344.00 |2,380.00 |2,379.00  |29.00     |28.00     |189       |680         |-35      |899.13       |                       
2021-11-30 |SA211        |2,341.00   |2,368.00 |2,395.00 |2,317.00 |2,357.00 |2,345.00  |16.00     |4.00      |39        |64          |-15      |182.93       |                       
2021-12-01 |SA112        |2,760.00   |2,715.00 |2,768.00 |2,715.00 |2,737.00 |2,735.00  |-23.00    |-25.00    |57        |2,115       |-400     |311.79       |2,796.00               
2021-12-01 |SA201        |2,630.00   |2,621.00 |2,750.00 |2,620.00 |2,688.00 |2,692.00  |58.00     |62.00     |261,171   |208,297     |-8,418   |1,406,104.17 |                       
2021-12-01 |SA202        |2,566.00   |2,548.00 |2,710.00 |2,548.00 |2,675.00 |2,639.00  |109.00    |73.00     |7,951     |4,660       |850      |41,969.79    |                       
2021-12-01 |SA203        |2,501.00   |2,486.00 |2,655.00 |2,485.00 |2,623.00 |2,580.00  |122.00    |79.00     |7,601     |6,652       |486      |39,227.62    |                       
2021-12-01 |SA204        |2,499.00   |2,483.00 |2,685.00 |2,483.00 |2,650.00 |2,595.00  |151.00    |96.00     |7,543     |3,092       |1,076    |39,148.66    |                       
2021-12-01 |SA205        |2,437.00   |2,413.00 |2,625.00 |2,413.00 |2,588.00 |2,525.00  |151.00    |88.00     |730,361   |220,211     |44,157   |3,687,825.19 |                       
2021-12-01 |SA206        |2,440.00   |2,425.00 |2,624.00 |2,425.00 |2,590.00 |2,520.00  |150.00    |80.00     |332       |558         |-15      |1,673.33     |                       
2021-12-01 |SA207        |2,404.00   |2,423.00 |2,592.00 |2,388.00 |2,560.00 |2,534.00  |156.00    |130.00    |155       |411         |-26      |785.49       |                       
2021-12-01 |SA208        |2,429.00   |2,430.00 |2,585.00 |2,400.00 |2,574.00 |2,534.00  |145.00    |105.00    |216       |731         |-70      |1,094.48     |                       
2021-12-01 |SA209        |2,403.00   |2,388.00 |2,587.00 |2,388.00 |2,554.00 |2,479.00  |151.00    |76.00     |15,581    |11,399      |-411     |77,263.10    |                       
2021-12-01 |SA210        |2,379.00   |2,389.00 |2,570.00 |2,389.00 |2,548.00 |2,496.00  |169.00    |117.00    |468       |602         |-78      |2,336.59     |                       
2021-12-01 |SA211        |2,345.00   |2,366.00 |2,533.00 |2,366.00 |2,533.00 |2,468.00  |188.00    |123.00    |39        |61          |-3       |192.47       |                       
2021-12-02 |SA112        |2,735.00   |2,738.00 |2,738.00 |2,710.00 |2,725.00 |2,713.00  |-10.00    |-22.00    |135       |1,888       |-227     |733.27       |2,790.00               
2021-12-02 |SA201        |2,692.00   |2,692.00 |2,716.00 |2,607.00 |2,641.00 |2,653.00  |-51.00    |-39.00    |229,584   |184,400     |-23,897  |1,218,311.36 |                       
2021-12-02 |SA202        |2,639.00   |2,685.00 |2,720.00 |2,621.00 |2,629.00 |2,655.00  |-10.00    |16.00     |9,216     |4,710       |50       |48,935.72    |                       
2021-12-02 |SA203        |2,580.00   |2,630.00 |2,671.00 |2,566.00 |2,570.00 |2,601.00  |-10.00    |21.00     |9,485     |6,381       |-271     |49,332.54    |                       
2021-12-02 |SA204        |2,595.00   |2,665.00 |2,703.00 |2,588.00 |2,592.00 |2,636.00  |-3.00     |41.00     |4,252     |2,764       |-328     |22,416.27    |                       
2021-12-02 |SA205        |2,525.00   |2,600.00 |2,643.00 |2,531.00 |2,538.00 |2,575.00  |13.00     |50.00     |862,912   |221,890     |1,679    |4,443,170.28 |                       
2021-12-02 |SA206        |2,520.00   |2,614.00 |2,643.00 |2,543.00 |2,550.00 |2,585.00  |30.00     |65.00     |121       |560         |2        |625.57       |                       
2021-12-02 |SA207        |2,534.00   |2,594.00 |2,599.00 |2,509.00 |2,523.00 |2,554.00  |-11.00    |20.00     |69        |422         |11       |352.41       |                       
2021-12-02 |SA208        |2,534.00   |2,602.00 |2,620.00 |2,516.00 |2,533.00 |2,567.00  |-1.00     |33.00     |59        |735         |4        |302.93       |                       
2021-12-02 |SA209        |2,479.00   |2,559.00 |2,612.00 |2,502.00 |2,510.00 |2,548.00  |31.00     |69.00     |15,891    |11,658      |259      |80,972.64    |                       
2021-12-02 |SA210        |2,496.00   |2,572.00 |2,605.00 |2,508.00 |2,511.00 |2,557.00  |15.00     |61.00     |258       |539         |-63      |1,319.63     |                       
2021-12-02 |SA211        |2,468.00   |2,551.00 |2,570.00 |2,494.00 |2,522.00 |2,532.00  |54.00     |64.00     |47        |54          |-7       |238.05       |                       
2021-12-03 |SA112        |2,713.00   |2,770.00 |2,780.00 |2,640.00 |2,670.00 |2,666.00  |-43.00    |-47.00    |235       |1,703       |-185     |1,252.85     |2,774.00               
2021-12-03 |SA201        |2,653.00   |2,618.00 |2,655.00 |2,595.00 |2,640.00 |2,627.00  |-13.00    |-26.00    |102,332   |158,817     |-25,583  |537,623.39   |                       
2021-12-03 |SA202        |2,655.00   |2,602.00 |2,648.00 |2,578.00 |2,623.00 |2,613.00  |-32.00    |-42.00    |9,549     |4,368       |-342     |49,898.29    |                       
2021-12-03 |SA203        |2,601.00   |2,548.00 |2,596.00 |2,525.00 |2,568.00 |2,559.00  |-33.00    |-42.00    |8,192     |6,020       |-361     |41,928.33    |                       
2021-12-03 |SA204        |2,636.00   |2,554.00 |2,620.00 |2,525.00 |2,575.00 |2,571.00  |-61.00    |-65.00    |4,657     |1,984       |-780     |23,948.87    |                       
2021-12-03 |SA205        |2,575.00   |2,506.00 |2,570.00 |2,467.00 |2,523.00 |2,520.00  |-52.00    |-55.00    |928,630   |226,611     |4,721    |4,681,082.90 |                       
2021-12-03 |SA206        |2,585.00   |2,550.00 |2,552.00 |2,481.00 |2,528.00 |2,516.00  |-57.00    |-69.00    |200       |580         |20       |1,006.57     |                       
2021-12-03 |SA207        |2,554.00   |2,481.00 |2,528.00 |2,466.00 |2,496.00 |2,499.00  |-58.00    |-55.00    |125       |399         |-23      |624.84       |                       
2021-12-03 |SA208        |2,567.00   |2,505.00 |2,568.00 |2,475.00 |2,517.00 |2,519.00  |-50.00    |-48.00    |192       |782         |47       |967.42       |                       
2021-12-03 |SA209        |2,548.00   |2,487.00 |2,750.00 |2,466.00 |2,512.00 |2,511.00  |-36.00    |-37.00    |19,989    |12,607      |949      |100,385.01   |                       
2021-12-03 |SA210        |2,557.00   |2,526.00 |2,626.00 |2,484.00 |2,513.00 |2,515.00  |-44.00    |-42.00    |183       |505         |-34      |920.46       |                       
2021-12-03 |SA211        |2,532.00   |2,509.00 |2,531.00 |2,470.00 |2,500.00 |2,498.00  |-32.00    |-34.00    |19        |57          |3        |94.93        |                       
2021-12-06 |SA112        |2,666.00   |2,696.00 |2,731.00 |2,696.00 |2,731.00 |2,702.00  |65.00     |36.00     |149       |1,479       |-224     |805.33       |2,756.00               
2021-12-06 |SA201        |2,627.00   |2,650.00 |2,654.00 |2,613.00 |2,639.00 |2,636.00  |12.00     |9.00      |56,546    |147,442     |-11,375  |298,136.14   |                       
2021-12-06 |SA202        |2,613.00   |2,638.00 |2,645.00 |2,587.00 |2,632.00 |2,626.00  |19.00     |13.00     |8,660     |4,342       |-26      |45,480.32    |                       
2021-12-06 |SA203        |2,559.00   |2,583.00 |2,602.00 |2,532.00 |2,593.00 |2,579.00  |34.00     |20.00     |7,530     |5,923       |-97      |38,845.27    |                       
2021-12-06 |SA204        |2,571.00   |2,588.00 |2,615.00 |2,529.00 |2,603.00 |2,583.00  |32.00     |12.00     |4,651     |1,936       |-48      |24,026.10    |                       
2021-12-06 |SA205        |2,520.00   |2,527.00 |2,571.00 |2,470.00 |2,561.00 |2,532.00  |41.00     |12.00     |854,273   |241,433     |14,822   |4,325,505.15 |                       
2021-12-06 |SA206        |2,516.00   |2,549.00 |2,575.00 |2,485.00 |2,551.00 |2,552.00  |35.00     |36.00     |137       |593         |13       |699.15       |                       
2021-12-06 |SA207        |2,499.00   |2,491.00 |2,554.00 |2,469.00 |2,547.00 |2,516.00  |48.00     |17.00     |101       |395         |-4       |508.27       |                       
2021-12-06 |SA208        |2,519.00   |2,530.00 |2,570.00 |2,478.00 |2,551.00 |2,534.00  |32.00     |15.00     |109       |798         |16       |552.43       |                       
2021-12-06 |SA209        |2,511.00   |2,517.00 |2,568.00 |2,464.00 |2,560.00 |2,525.00  |49.00     |14.00     |15,228    |13,828      |1,221    |76,903.51    |                       
2021-12-06 |SA210        |2,515.00   |2,536.00 |2,567.00 |2,480.00 |2,555.00 |2,521.00  |40.00     |6.00      |132       |503         |-2       |665.43       |                       
2021-12-06 |SA211        |2,498.00   |2,520.00 |2,546.00 |2,481.00 |2,546.00 |2,517.00  |48.00     |19.00     |13        |56          |-1       |65.43        |                       
2021-12-07 |SA112        |2,702.00   |2,718.00 |2,732.00 |2,716.00 |2,730.00 |2,724.00  |28.00     |22.00     |159       |1,394       |-85      |866.18       |2,742.00               
2021-12-07 |SA201        |2,636.00   |2,647.00 |2,696.00 |2,629.00 |2,632.00 |2,657.00  |-4.00     |21.00     |66,039    |128,620     |-18,822  |350,902.61   |                       
2021-12-07 |SA202        |2,626.00   |2,637.00 |2,681.00 |2,613.00 |2,614.00 |2,641.00  |-12.00    |15.00     |11,005    |4,039       |-303     |58,137.77    |                       
2021-12-07 |SA203        |2,579.00   |2,599.00 |2,658.00 |2,578.00 |2,585.00 |2,614.00  |6.00      |35.00     |9,994     |5,741       |-182     |52,255.88    |                       
2021-12-07 |SA204        |2,583.00   |2,614.00 |2,672.00 |2,590.00 |2,597.00 |2,628.00  |14.00     |45.00     |2,741     |2,071       |135      |14,409.09    |                       
2021-12-07 |SA205        |2,532.00   |2,561.00 |2,635.00 |2,546.00 |2,552.00 |2,585.00  |20.00     |53.00     |640,514   |305,588     |64,155   |3,311,882.42 |                       
2021-12-07 |SA206        |2,552.00   |2,578.00 |2,640.00 |2,556.00 |2,571.00 |2,595.00  |19.00     |43.00     |216       |613         |20       |1,121.11     |                       
2021-12-07 |SA207        |2,516.00   |2,552.00 |2,618.00 |2,516.00 |2,559.00 |2,572.00  |43.00     |56.00     |185       |406         |11       |951.79       |                       
2021-12-07 |SA208        |2,534.00   |2,577.00 |2,636.00 |2,542.00 |2,582.00 |2,596.00  |48.00     |62.00     |79        |818         |20       |410.14       |                       
2021-12-07 |SA209        |2,525.00   |2,561.00 |2,640.00 |2,561.00 |2,575.00 |2,597.00  |50.00     |72.00     |19,402    |14,705      |877      |100,781.05   |                       
2021-12-07 |SA210        |2,521.00   |2,553.00 |2,649.00 |2,553.00 |2,585.00 |2,606.00  |64.00     |85.00     |296       |459         |-44      |1,542.70     |                       
2021-12-07 |SA211        |2,517.00   |2,569.00 |2,632.00 |2,554.00 |2,600.00 |2,585.00  |83.00     |68.00     |41        |53          |-3       |211.99       |                       
2021-12-08 |SA112        |2,724.00   |2,730.00 |2,730.00 |2,456.00 |2,456.00 |2,581.00  |-268.00   |-143.00   |784       |1,434       |40       |4,055.35     |2,714.00               
2021-12-08 |SA201        |2,657.00   |2,612.00 |2,620.00 |2,391.00 |2,391.00 |2,466.00  |-266.00   |-191.00   |200,540   |104,156     |-24,464  |989,172.92   |                       
2021-12-08 |SA202        |2,641.00   |2,610.00 |2,614.00 |2,429.00 |2,429.00 |2,527.00  |-212.00   |-114.00   |11,034    |4,455       |416      |55,762.30    |                       
2021-12-08 |SA203        |2,614.00   |2,585.00 |2,587.00 |2,404.00 |2,404.00 |2,504.00  |-210.00   |-110.00   |9,225     |5,861       |120      |46,200.93    |                       
2021-12-08 |SA204        |2,628.00   |2,594.00 |2,598.00 |2,417.00 |2,417.00 |2,506.00  |-211.00   |-122.00   |2,693     |1,946       |-125     |13,499.63    |                       
2021-12-08 |SA205        |2,585.00   |2,555.00 |2,562.00 |2,378.00 |2,378.00 |2,457.00  |-207.00   |-128.00   |865,734   |331,475     |25,887   |4,254,914.44 |                       
2021-12-08 |SA206        |2,595.00   |2,550.00 |2,564.00 |2,387.00 |2,387.00 |2,452.00  |-208.00   |-143.00   |416       |636         |23       |2,040.25     |                       
2021-12-08 |SA207        |2,572.00   |2,543.00 |2,557.00 |2,366.00 |2,366.00 |2,441.00  |-206.00   |-131.00   |217       |448         |42       |1,059.50     |                       
2021-12-08 |SA208        |2,596.00   |2,560.00 |2,590.00 |2,388.00 |2,388.00 |2,485.00  |-208.00   |-111.00   |521       |869         |51       |2,589.77     |                       
2021-12-08 |SA209        |2,597.00   |2,576.00 |2,592.00 |2,389.00 |2,389.00 |2,468.00  |-208.00   |-129.00   |43,124    |18,549      |3,844    |212,864.81   |                       
2021-12-08 |SA210        |2,606.00   |2,585.00 |2,597.00 |2,397.00 |2,397.00 |2,482.00  |-209.00   |-124.00   |309       |468         |9        |1,533.85     |                       
2021-12-08 |SA211        |2,585.00   |2,584.00 |2,598.00 |2,378.00 |2,378.00 |2,471.00  |-207.00   |-114.00   |122       |59          |6        |603.00       |                       
2021-12-09 |SA112        |2,581.00   |2,840.00 |2,840.00 |2,460.00 |2,615.00 |2,533.00  |34.00     |-48.00    |193       |1,351       |-83      |975.39       |2,687.00               
2021-12-09 |SA201        |2,466.00   |2,350.00 |2,370.00 |2,286.00 |2,302.00 |2,322.00  |-164.00   |-144.00   |106,234   |82,673      |-21,483  |493,292.76   |                       
2021-12-09 |SA202        |2,527.00   |2,379.00 |2,413.00 |2,288.00 |2,289.00 |2,320.00  |-238.00   |-207.00   |12,237    |4,425       |-30      |56,775.94    |                       
2021-12-09 |SA203        |2,504.00   |2,381.00 |2,392.00 |2,254.00 |2,254.00 |2,294.00  |-250.00   |-210.00   |11,021    |5,800       |-61      |50,572.59    |                       
2021-12-09 |SA204        |2,506.00   |2,381.00 |2,383.00 |2,270.00 |2,275.00 |2,310.00  |-231.00   |-196.00   |3,727     |1,732       |-214     |17,221.77    |                       
2021-12-09 |SA205        |2,457.00   |2,350.00 |2,353.00 |2,229.00 |2,238.00 |2,277.00  |-219.00   |-180.00   |911,953   |389,469     |57,994   |4,152,876.16 |                       
2021-12-09 |SA206        |2,452.00   |2,359.00 |2,359.00 |2,268.00 |2,270.00 |2,311.00  |-182.00   |-141.00   |264       |616         |-20      |1,220.46     |                       
2021-12-09 |SA207        |2,441.00   |2,354.00 |2,368.00 |2,266.00 |2,266.00 |2,317.00  |-175.00   |-124.00   |120       |436         |-12      |556.00       |                       
2021-12-09 |SA208        |2,485.00   |2,384.00 |2,386.00 |2,310.00 |2,310.00 |2,350.00  |-175.00   |-135.00   |153       |864         |-5       |719.22       |                       
2021-12-09 |SA209        |2,468.00   |2,353.00 |2,389.00 |2,297.00 |2,307.00 |2,343.00  |-161.00   |-125.00   |38,160    |19,461      |912      |178,820.51   |                       
2021-12-09 |SA210        |2,482.00   |2,394.00 |2,394.00 |2,323.00 |2,326.00 |2,359.00  |-156.00   |-123.00   |349       |502         |34       |1,646.90     |                       
2021-12-09 |SA211        |2,471.00   |2,397.00 |2,397.00 |2,302.00 |2,315.00 |2,358.00  |-156.00   |-113.00   |107       |66          |7        |504.64       |                       
2021-12-10 |SA112        |2,533.00   |0.00     |0.00     |0.00     |0.00     |2,533.00  |0.00      |0.00      |0         |1,351       |0        |0.00         |2,667.00               
2021-12-10 |SA201        |2,322.00   |2,301.00 |2,395.00 |2,296.00 |2,392.00 |2,338.00  |70.00     |16.00     |64,947    |67,226      |-15,447  |303,630.08   |                       
2021-12-10 |SA202        |2,320.00   |2,288.00 |2,358.00 |2,285.00 |2,353.00 |2,311.00  |33.00     |-9.00     |11,315    |4,112       |-313     |52,291.07    |                       
2021-12-10 |SA203        |2,294.00   |2,254.00 |2,295.00 |2,229.00 |2,292.00 |2,266.00  |-2.00     |-28.00    |12,753    |5,500       |-300     |57,797.67    |                       
2021-12-10 |SA204        |2,310.00   |2,273.00 |2,307.00 |2,237.00 |2,300.00 |2,276.00  |-10.00    |-34.00    |2,445     |1,403       |-329     |11,129.21    |                       
2021-12-10 |SA205        |2,277.00   |2,234.00 |2,265.00 |2,192.00 |2,258.00 |2,238.00  |-19.00    |-39.00    |698,435   |390,385     |916      |3,125,799.14 |                       
2021-12-10 |SA206        |2,311.00   |2,270.00 |2,299.00 |2,201.00 |2,295.00 |2,272.00  |-16.00    |-39.00    |180       |598         |-18      |817.77       |                       
2021-12-10 |SA207        |2,317.00   |2,272.00 |2,294.00 |2,225.00 |2,286.00 |2,268.00  |-31.00    |-49.00    |109       |455         |19       |494.41       |                       
2021-12-10 |SA208        |2,350.00   |2,310.00 |2,356.00 |2,236.00 |2,325.00 |2,309.00  |-25.00    |-41.00    |191       |904         |40       |882.12       |                       
2021-12-10 |SA209        |2,343.00   |2,305.00 |2,325.00 |2,268.00 |2,318.00 |2,304.00  |-25.00    |-39.00    |27,640    |20,873      |1,412    |127,338.73   |                       
2021-12-10 |SA210        |2,359.00   |2,340.00 |2,369.00 |2,289.00 |2,340.00 |2,322.00  |-19.00    |-37.00    |142       |518         |16       |659.42       |                       
2021-12-10 |SA211        |2,358.00   |2,338.00 |2,348.00 |2,284.00 |2,334.00 |2,318.00  |-24.00    |-40.00    |40        |71          |5        |185.40       |                       
2021-12-13 |SA112        |2,533.00   |2,520.00 |2,520.00 |2,500.00 |2,500.00 |2,501.00  |-33.00    |-32.00    |114       |1,342       |-9       |574.80       |2,645.00               
2021-12-13 |SA201        |2,338.00   |2,400.00 |2,443.00 |2,362.00 |2,422.00 |2,401.00  |84.00     |63.00     |57,134    |53,225      |-14,001  |274,363.19   |                       
2021-12-13 |SA202        |2,311.00   |2,361.00 |2,401.00 |2,324.00 |2,381.00 |2,360.00  |70.00     |49.00     |13,911    |4,027       |-85      |65,649.82    |                       
2021-12-13 |SA203        |2,266.00   |2,295.00 |2,345.00 |2,259.00 |2,334.00 |2,300.00  |68.00     |34.00     |12,436    |5,412       |-88      |57,205.14    |                       
2021-12-13 |SA204        |2,276.00   |2,302.00 |2,339.00 |2,251.00 |2,332.00 |2,297.00  |56.00     |21.00     |3,118     |1,374       |-29      |14,324.97    |                       
2021-12-13 |SA205        |2,238.00   |2,258.00 |2,300.00 |2,200.00 |2,288.00 |2,254.00  |50.00     |16.00     |795,330   |390,558     |173      |3,584,558.12 |                       
2021-12-13 |SA206        |2,272.00   |2,270.00 |2,332.00 |2,238.00 |2,326.00 |2,277.00  |54.00     |5.00      |190       |621         |23       |865.30       |                       
2021-12-13 |SA207        |2,268.00   |2,268.00 |2,319.00 |2,230.00 |2,316.00 |2,269.00  |48.00     |1.00      |73        |443         |-12      |331.33       |                       
2021-12-13 |SA208        |2,309.00   |2,306.00 |2,364.00 |2,267.00 |2,351.00 |2,315.00  |42.00     |6.00      |190       |950         |46       |879.58       |                       
2021-12-13 |SA209        |2,304.00   |2,318.00 |2,358.00 |2,258.00 |2,345.00 |2,310.00  |41.00     |6.00      |34,889    |23,657      |2,784    |161,216.46   |                       
2021-12-13 |SA210        |2,322.00   |2,328.00 |2,374.00 |2,285.00 |2,363.00 |2,318.00  |41.00     |-4.00     |162       |536         |18       |751.00       |                       
2021-12-13 |SA211        |2,318.00   |2,307.00 |2,365.00 |2,280.00 |2,365.00 |2,315.00  |47.00     |-3.00     |33        |70          |-1       |152.82       |                       
2021-12-14 |SA112        |2,501.00   |2,500.00 |2,500.00 |2,486.00 |2,486.00 |2,496.00  |-15.00    |-5.00     |54        |0           |-1,342   |272.47       |2,618.00               
2021-12-14 |SA201        |2,401.00   |2,405.00 |2,460.00 |2,405.00 |2,447.00 |2,433.00  |46.00     |32.00     |27,758    |42,249      |-10,976  |135,060.77   |                       
2021-12-14 |SA202        |2,360.00   |2,381.00 |2,416.00 |2,363.00 |2,395.00 |2,390.00  |35.00     |30.00     |10,978    |3,852       |-175     |52,484.60    |                       
2021-12-14 |SA203        |2,300.00   |2,326.00 |2,363.00 |2,308.00 |2,347.00 |2,336.00  |47.00     |36.00     |10,970    |5,389       |-23      |51,247.76    |                       
2021-12-14 |SA204        |2,297.00   |2,329.00 |2,366.00 |2,308.00 |2,346.00 |2,339.00  |49.00     |42.00     |1,921     |1,360       |-14      |8,987.17     |                       
2021-12-14 |SA205        |2,254.00   |2,281.00 |2,327.00 |2,263.00 |2,304.00 |2,296.00  |50.00     |42.00     |628,393   |352,968     |-37,590  |2,886,066.60 |                       
2021-12-14 |SA206        |2,277.00   |2,323.00 |2,358.00 |2,300.00 |2,339.00 |2,334.00  |62.00     |57.00     |91        |613         |-8       |424.87       |                       
2021-12-14 |SA207        |2,269.00   |2,305.00 |2,339.00 |2,287.00 |2,322.00 |2,319.00  |53.00     |50.00     |49        |439         |-4       |227.29       |                       
2021-12-14 |SA208        |2,315.00   |2,352.00 |2,376.00 |2,335.00 |2,359.00 |2,353.00  |44.00     |38.00     |50        |956         |6        |235.34       |                       
2021-12-14 |SA209        |2,310.00   |2,338.00 |2,366.00 |2,320.00 |2,347.00 |2,345.00  |37.00     |35.00     |22,452    |22,605      |-1,052   |105,282.42   |                       
2021-12-14 |SA210        |2,318.00   |2,361.00 |2,384.00 |2,339.00 |2,367.00 |2,362.00  |49.00     |44.00     |68        |551         |15       |321.24       |                       
2021-12-14 |SA211        |2,315.00   |2,350.00 |2,371.00 |2,321.00 |2,354.00 |2,357.00  |39.00     |42.00     |35        |72          |2        |164.98       |                       
2021-12-15 |SA201        |2,433.00   |2,446.00 |2,454.00 |2,359.00 |2,375.00 |2,415.00  |-58.00    |-18.00    |21,369    |37,564      |-4,685   |103,205.16   |                       
2021-12-15 |SA202        |2,390.00   |2,402.00 |2,407.00 |2,314.00 |2,325.00 |2,378.00  |-65.00    |-12.00    |8,044     |3,849       |-3       |38,258.57    |                       
2021-12-15 |SA203        |2,336.00   |2,338.00 |2,359.00 |2,263.00 |2,271.00 |2,325.00  |-65.00    |-11.00    |9,178     |5,465       |76       |42,674.50    |                       
2021-12-15 |SA204        |2,339.00   |2,347.00 |2,359.00 |2,260.00 |2,267.00 |2,322.00  |-72.00    |-17.00    |1,532     |1,389       |29       |7,113.55     |                       
2021-12-15 |SA205        |2,296.00   |2,304.00 |2,323.00 |2,215.00 |2,223.00 |2,279.00  |-73.00    |-17.00    |748,856   |393,142     |40,174   |3,413,425.19 |                       
2021-12-15 |SA206        |2,334.00   |2,314.00 |2,356.00 |2,251.00 |2,258.00 |2,313.00  |-76.00    |-21.00    |171       |648         |35       |790.98       |                       
2021-12-15 |SA207        |2,319.00   |2,329.00 |2,346.00 |2,250.00 |2,256.00 |2,305.00  |-63.00    |-14.00    |120       |482         |43       |553.20       |                       
2021-12-15 |SA208        |2,353.00   |2,358.00 |2,379.00 |2,293.00 |2,293.00 |2,343.00  |-60.00    |-10.00    |82        |992         |36       |384.33       |                       
2021-12-15 |SA209        |2,345.00   |2,345.00 |2,372.00 |2,285.00 |2,291.00 |2,338.00  |-54.00    |-7.00     |29,729    |23,862      |1,257    |139,011.05   |                       
2021-12-15 |SA210        |2,362.00   |2,365.00 |2,388.00 |2,307.00 |2,307.00 |2,354.00  |-55.00    |-8.00     |83        |556         |5        |390.76       |                       
2021-12-15 |SA211        |2,357.00   |2,400.00 |2,400.00 |2,300.00 |2,307.00 |2,340.00  |-50.00    |-17.00    |28        |72          |0        |131.07       |                       
2021-12-15 |SA212        |2,357.00   |0.00     |0.00     |0.00     |0.00     |2,357.00  |0.00      |0.00      |0         |0           |0        |0.00         |                       
2021-12-16 |SA201        |2,415.00   |2,369.00 |2,477.00 |2,345.00 |2,468.00 |2,427.00  |53.00     |12.00     |18,036    |31,114      |-6,450   |87,533.94    |                       
2021-12-16 |SA202        |2,378.00   |2,324.00 |2,433.00 |2,322.00 |2,428.00 |2,372.00  |50.00     |-6.00     |12,706    |3,844       |-5       |60,286.34    |                       
2021-12-16 |SA203        |2,325.00   |2,269.00 |2,382.00 |2,267.00 |2,375.00 |2,319.00  |50.00     |-6.00     |10,423    |5,398       |-67      |48,337.21    |                       
2021-12-16 |SA204        |2,322.00   |2,267.00 |2,380.00 |2,267.00 |2,368.00 |2,321.00  |46.00     |-1.00     |1,572     |1,365       |-24      |7,296.85     |                       
2021-12-16 |SA205        |2,279.00   |2,220.00 |2,342.00 |2,216.00 |2,327.00 |2,279.00  |48.00     |0.00      |772,305   |349,188     |-43,954  |3,520,440.24 |                       
2021-12-16 |SA206        |2,313.00   |2,258.00 |2,367.00 |2,258.00 |2,355.00 |2,322.00  |42.00     |9.00      |128       |650         |2        |594.33       |                       
2021-12-16 |SA207        |2,305.00   |2,256.00 |2,349.00 |2,255.00 |2,348.00 |2,309.00  |43.00     |4.00      |150       |461         |-21      |692.76       |                       
2021-12-16 |SA208        |2,343.00   |2,298.00 |2,388.00 |2,298.00 |2,377.00 |2,342.00  |34.00     |-1.00     |134       |971         |-21      |627.57       |                       
2021-12-16 |SA209        |2,338.00   |2,285.00 |2,381.00 |2,282.00 |2,369.00 |2,331.00  |31.00     |-7.00     |45,982    |22,552      |-1,310   |214,378.63   |                       
2021-12-16 |SA210        |2,354.00   |2,305.00 |2,392.00 |2,305.00 |2,382.00 |2,353.00  |28.00     |-1.00     |204       |591         |35       |959.89       |                       
2021-12-16 |SA211        |2,340.00   |2,348.00 |2,376.00 |2,330.00 |2,371.00 |2,356.00  |31.00     |16.00     |34        |71          |-1       |160.18       |                       
2021-12-16 |SA212        |2,357.00   |0.00     |0.00     |0.00     |0.00     |2,357.00  |0.00      |0.00      |0         |0           |0        |0.00         |                       
2021-12-17 |SA201        |2,427.00   |2,466.00 |2,485.00 |2,455.00 |2,473.00 |2,469.00  |46.00     |42.00     |12,561    |27,820      |-3,294   |62,034.52    |                       
2021-12-17 |SA202        |2,372.00   |2,427.00 |2,458.00 |2,412.00 |2,454.00 |2,436.00  |82.00     |64.00     |12,081    |3,857       |13       |58,850.85    |                       
2021-12-17 |SA203        |2,319.00   |2,375.00 |2,426.00 |2,362.00 |2,415.00 |2,393.00  |96.00     |74.00     |10,917    |5,326       |-72      |52,241.98    |                       
2021-12-17 |SA204        |2,321.00   |2,379.00 |2,426.00 |2,363.00 |2,416.00 |2,397.00  |95.00     |76.00     |1,234     |1,336       |-29      |5,915.85     |                       
2021-12-17 |SA205        |2,279.00   |2,331.00 |2,386.00 |2,318.00 |2,374.00 |2,352.00  |95.00     |73.00     |633,096   |357,562     |8,374    |2,977,994.75 |                       
2021-12-17 |SA206        |2,322.00   |2,361.00 |2,413.00 |2,351.00 |2,388.00 |2,383.00  |66.00     |61.00     |171       |673         |23       |815.03       |                       
2021-12-17 |SA207        |2,309.00   |2,331.00 |2,396.00 |2,331.00 |2,386.00 |2,376.00  |77.00     |67.00     |89        |439         |-22      |422.91       |                       
2021-12-17 |SA208        |2,342.00   |2,362.00 |2,426.00 |2,362.00 |2,417.00 |2,395.00  |75.00     |53.00     |121       |930         |-41      |579.55       |                       
2021-12-17 |SA209        |2,331.00   |2,365.00 |2,416.00 |2,360.00 |2,406.00 |2,387.00  |75.00     |56.00     |37,602    |22,516      |-36      |179,515.07   |                       
2021-12-17 |SA210        |2,353.00   |2,390.00 |2,430.00 |2,371.00 |2,424.00 |2,397.00  |71.00     |44.00     |207       |584         |-7       |992.26       |                       
2021-12-17 |SA211        |2,356.00   |2,357.00 |2,412.00 |2,357.00 |2,405.00 |2,394.00  |49.00     |38.00     |15        |69          |-2       |71.81        |                       
2021-12-17 |SA212        |2,357.00   |0.00     |0.00     |0.00     |0.00     |2,371.00  |14.00     |14.00     |0         |0           |0        |0.00         |                       
2021-12-20 |SA201        |2,469.00   |2,474.00 |2,499.00 |2,409.00 |2,436.00 |2,462.00  |-33.00    |-7.00     |10,476    |23,997      |-3,823   |51,578.20    |                       
2021-12-20 |SA202        |2,436.00   |2,461.00 |2,473.00 |2,361.00 |2,385.00 |2,433.00  |-51.00    |-3.00     |16,132    |3,762       |-95      |78,500.89    |                       
2021-12-20 |SA203        |2,393.00   |2,412.00 |2,434.00 |2,314.00 |2,337.00 |2,387.00  |-56.00    |-6.00     |14,303    |5,264       |-62      |68,289.32    |                       
2021-12-20 |SA204        |2,397.00   |2,400.00 |2,431.00 |2,310.00 |2,329.00 |2,385.00  |-68.00    |-12.00    |4,621     |1,440       |104      |22,040.21    |                       
2021-12-20 |SA205        |2,352.00   |2,385.00 |2,390.00 |2,261.00 |2,285.00 |2,329.00  |-67.00    |-23.00    |763,700   |353,672     |-3,890   |3,557,895.80 |                       
2021-12-20 |SA206        |2,383.00   |2,404.00 |2,415.00 |2,295.00 |2,316.00 |2,360.00  |-67.00    |-23.00    |344       |735         |62       |1,623.47     |                       
2021-12-20 |SA207        |2,376.00   |2,383.00 |2,404.00 |2,289.00 |2,313.00 |2,357.00  |-63.00    |-19.00    |204       |477         |38       |961.45       |                       
2021-12-20 |SA208        |2,395.00   |2,411.00 |2,429.00 |2,329.00 |2,347.00 |2,381.00  |-48.00    |-14.00    |164       |910         |-20      |780.89       |                       
2021-12-20 |SA209        |2,387.00   |2,410.00 |2,431.00 |2,319.00 |2,338.00 |2,379.00  |-49.00    |-8.00     |41,857    |20,837      |-1,679   |199,170.28   |                       
2021-12-20 |SA210        |2,397.00   |2,414.00 |2,439.00 |2,334.00 |2,353.00 |2,391.00  |-44.00    |-6.00     |78        |585         |1        |373.00       |                       
2021-12-20 |SA211        |2,394.00   |2,414.00 |2,420.00 |2,324.00 |2,360.00 |2,375.00  |-34.00    |-19.00    |18        |69          |0        |85.49        |                       
2021-12-20 |SA212        |2,371.00   |2,386.00 |2,386.00 |2,344.00 |2,344.00 |2,360.00  |-27.00    |-11.00    |3         |2           |2        |14.16        |                       
2021-12-21 |SA201        |2,462.00   |2,428.00 |2,507.00 |2,423.00 |2,492.00 |2,475.00  |30.00     |13.00     |12,953    |18,504      |-5,493   |64,120.11    |                       
2021-12-21 |SA202        |2,433.00   |2,385.00 |2,466.00 |2,373.00 |2,441.00 |2,430.00  |8.00      |-3.00     |15,310    |3,774       |12       |74,404.03    |                       
2021-12-21 |SA203        |2,387.00   |2,330.00 |2,409.00 |2,322.00 |2,386.00 |2,375.00  |-1.00     |-12.00    |10,790    |5,170       |-94      |51,261.51    |                       
2021-12-21 |SA204        |2,385.00   |2,333.00 |2,398.00 |2,324.00 |2,380.00 |2,361.00  |-5.00     |-24.00    |1,422     |1,293       |-147     |6,713.35     |                       
2021-12-21 |SA205        |2,329.00   |2,281.00 |2,357.00 |2,273.00 |2,335.00 |2,316.00  |6.00      |-13.00    |774,745   |341,350     |-12,322  |3,588,996.19 |                       
2021-12-21 |SA206        |2,360.00   |2,306.00 |2,379.00 |2,305.00 |2,361.00 |2,336.00  |1.00      |-24.00    |211       |727         |-8       |985.59       |                       
2021-12-21 |SA207        |2,357.00   |2,313.00 |2,369.00 |2,299.00 |2,355.00 |2,331.00  |-2.00     |-26.00    |101       |468         |-9       |470.84       |                       
2021-12-21 |SA208        |2,381.00   |2,347.00 |2,395.00 |2,340.00 |2,387.00 |2,363.00  |6.00      |-18.00    |76        |912         |2        |359.22       |                       
2021-12-21 |SA209        |2,379.00   |2,332.00 |2,397.00 |2,326.00 |2,377.00 |2,362.00  |-2.00     |-17.00    |36,765    |21,552      |715      |173,702.98   |                       
2021-12-21 |SA210        |2,391.00   |2,352.00 |2,406.00 |2,350.00 |2,395.00 |2,378.00  |4.00      |-13.00    |90        |589         |4        |428.00       |                       
2021-12-21 |SA211        |2,375.00   |2,360.00 |2,395.00 |2,360.00 |2,395.00 |2,378.00  |20.00     |3.00      |4         |69          |0        |19.02        |                       
2021-12-21 |SA212        |2,360.00   |2,359.00 |2,388.00 |2,350.00 |2,388.00 |2,369.00  |28.00     |9.00      |7         |2           |0        |33.16        |                       
2021-12-22 |SA201        |2,475.00   |2,493.00 |2,542.00 |2,488.00 |2,507.00 |2,520.00  |32.00     |45.00     |11,691    |14,593      |-3,911   |58,929.75    |                       
2021-12-22 |SA202        |2,430.00   |2,456.00 |2,480.00 |2,423.00 |2,442.00 |2,451.00  |12.00     |21.00     |12,964    |3,788       |14       |63,542.17    |                       
2021-12-22 |SA203        |2,375.00   |2,398.00 |2,418.00 |2,364.00 |2,384.00 |2,391.00  |9.00      |16.00     |10,583    |5,176       |6        |50,599.74    |                       
2021-12-22 |SA204        |2,361.00   |2,385.00 |2,404.00 |2,350.00 |2,372.00 |2,379.00  |11.00     |18.00     |2,305     |1,251       |-42      |10,964.89    |                       
2021-12-22 |SA205        |2,316.00   |2,336.00 |2,365.00 |2,303.00 |2,329.00 |2,334.00  |13.00     |18.00     |685,471   |353,803     |12,453   |3,200,063.14 |                       
2021-12-22 |SA206        |2,336.00   |2,347.00 |2,388.00 |2,335.00 |2,341.00 |2,362.00  |5.00      |26.00     |149       |713         |-14      |703.93       |                       
2021-12-22 |SA207        |2,331.00   |2,323.00 |2,377.00 |2,317.00 |2,350.00 |2,354.00  |19.00     |23.00     |143       |482         |14       |673.38       |                       
2021-12-22 |SA208        |2,363.00   |2,393.00 |2,410.00 |2,350.00 |2,372.00 |2,387.00  |9.00      |24.00     |94        |908         |-4       |448.73       |                       
2021-12-22 |SA209        |2,362.00   |2,379.00 |2,402.00 |2,353.00 |2,377.00 |2,377.00  |15.00     |15.00     |32,013    |21,768      |216      |152,217.93   |                       
2021-12-22 |SA210        |2,378.00   |2,400.00 |2,413.00 |2,376.00 |2,394.00 |2,396.00  |16.00     |18.00     |172       |594         |5        |824.09       |                       
2021-12-22 |SA211        |2,378.00   |2,386.00 |2,398.00 |2,368.00 |2,380.00 |2,386.00  |2.00      |8.00      |7         |70          |1        |33.41        |                       
2021-12-22 |SA212        |2,369.00   |2,398.00 |2,398.00 |2,370.00 |2,370.00 |2,389.00  |1.00      |20.00     |3         |2           |0        |14.33        |                       
2021-12-23 |SA201        |2,520.00   |2,514.00 |2,515.00 |2,470.00 |2,481.00 |2,497.00  |-39.00    |-23.00    |3,368     |13,083      |-1,510   |16,820.43    |                       
2021-12-23 |SA202        |2,451.00   |2,441.00 |2,461.00 |2,400.00 |2,421.00 |2,436.00  |-30.00    |-15.00    |9,896     |3,761       |-27      |48,208.24    |                       
2021-12-23 |SA203        |2,391.00   |2,382.00 |2,404.00 |2,347.00 |2,368.00 |2,378.00  |-23.00    |-13.00    |9,295     |5,164       |-12      |44,203.22    |                       
2021-12-23 |SA204        |2,379.00   |2,376.00 |2,393.00 |2,336.00 |2,357.00 |2,367.00  |-22.00    |-12.00    |2,099     |1,230       |-21      |9,937.01     |                       
2021-12-23 |SA205        |2,334.00   |2,329.00 |2,350.00 |2,291.00 |2,318.00 |2,325.00  |-16.00    |-9.00     |647,754   |359,103     |5,300    |3,011,548.98 |                       
2021-12-23 |SA206        |2,362.00   |2,339.00 |2,380.00 |2,325.00 |2,343.00 |2,350.00  |-19.00    |-12.00    |117       |751         |38       |549.97       |                       
2021-12-23 |SA207        |2,354.00   |2,337.00 |2,374.00 |2,330.00 |2,343.00 |2,352.00  |-11.00    |-2.00     |110       |481         |-1       |517.51       |                       
2021-12-23 |SA208        |2,387.00   |2,379.00 |2,411.00 |2,374.00 |2,380.00 |2,392.00  |-7.00     |5.00      |53        |923         |15       |253.56       |                       
2021-12-23 |SA209        |2,377.00   |2,377.00 |2,406.00 |2,353.00 |2,373.00 |2,379.00  |-4.00     |2.00      |40,047    |24,775      |3,007    |190,568.44   |                       
2021-12-23 |SA210        |2,396.00   |2,400.00 |2,432.00 |2,378.00 |2,395.00 |2,399.00  |-1.00     |3.00      |68        |590         |-4       |326.22       |                       
2021-12-23 |SA211        |2,386.00   |2,420.00 |2,420.00 |2,377.00 |2,377.00 |2,395.00  |-9.00     |9.00      |13        |70          |0        |62.26        |                       
2021-12-23 |SA212        |2,389.00   |2,425.00 |2,425.00 |2,374.00 |2,374.00 |2,395.00  |-15.00    |6.00      |4         |3           |1        |19.16        |                       
2021-12-24 |SA201        |2,497.00   |2,473.00 |2,495.00 |2,426.00 |2,449.00 |2,464.00  |-48.00    |-33.00    |3,795     |12,232      |-851     |18,703.10    |                       
2021-12-24 |SA202        |2,436.00   |2,413.00 |2,438.00 |2,364.00 |2,388.00 |2,405.00  |-48.00    |-31.00    |15,705    |3,668       |-93      |75,538.97    |                       
2021-12-24 |SA203        |2,378.00   |2,365.00 |2,380.00 |2,306.00 |2,336.00 |2,351.00  |-42.00    |-27.00    |14,360    |5,447       |283      |67,510.01    |                       
2021-12-24 |SA204        |2,367.00   |2,351.00 |2,374.00 |2,300.00 |2,329.00 |2,346.00  |-38.00    |-21.00    |2,811     |1,391       |161      |13,187.16    |                       
2021-12-24 |SA205        |2,325.00   |2,310.00 |2,335.00 |2,256.00 |2,293.00 |2,300.00  |-32.00    |-25.00    |821,118   |396,662     |37,559   |3,776,962.69 |                       
2021-12-24 |SA206        |2,350.00   |2,335.00 |2,365.00 |2,295.00 |2,328.00 |2,337.00  |-22.00    |-13.00    |248       |809         |58       |1,158.92     |                       
2021-12-24 |SA207        |2,352.00   |2,325.00 |2,360.00 |2,293.00 |2,333.00 |2,329.00  |-19.00    |-23.00    |120       |527         |46       |558.94       |                       
2021-12-24 |SA208        |2,392.00   |2,379.00 |2,396.00 |2,336.00 |2,360.00 |2,380.00  |-32.00    |-12.00    |117       |919         |-4       |556.83       |                       
2021-12-24 |SA209        |2,379.00   |2,374.00 |2,390.00 |2,324.00 |2,351.00 |2,360.00  |-28.00    |-19.00    |39,888    |24,750      |-25      |188,296.67   |                       
2021-12-24 |SA210        |2,399.00   |2,387.00 |2,407.00 |2,350.00 |2,379.00 |2,391.00  |-20.00    |-8.00     |163       |592         |2        |779.48       |                       
2021-12-24 |SA211        |2,395.00   |2,366.00 |2,381.00 |2,347.00 |2,373.00 |2,365.00  |-22.00    |-30.00    |17        |65          |-5       |80.41        |                       
2021-12-24 |SA212        |2,395.00   |2,375.00 |2,389.00 |2,375.00 |2,376.00 |2,382.00  |-19.00    |-13.00    |6         |5           |2        |28.58        |                       
2021-12-27 |SA201        |2,464.00   |2,438.00 |2,459.00 |2,427.00 |2,431.00 |2,445.00  |-33.00    |-19.00    |3,387     |11,213      |-1,019   |16,561.78    |                       
2021-12-27 |SA202        |2,405.00   |2,380.00 |2,406.00 |2,355.00 |2,386.00 |2,381.00  |-19.00    |-24.00    |13,856    |3,725       |57       |65,970.03    |                       
2021-12-27 |SA203        |2,351.00   |2,330.00 |2,351.00 |2,294.00 |2,328.00 |2,323.00  |-23.00    |-28.00    |11,338    |5,516       |69       |52,679.97    |                       
2021-12-27 |SA204        |2,346.00   |2,329.00 |2,344.00 |2,285.00 |2,330.00 |2,311.00  |-16.00    |-35.00    |1,389     |1,416       |25       |6,418.88     |                       
2021-12-27 |SA205        |2,300.00   |2,287.00 |2,307.00 |2,242.00 |2,285.00 |2,277.00  |-15.00    |-23.00    |623,271   |373,635     |-23,027  |2,838,786.76 |                       
2021-12-27 |SA206        |2,337.00   |2,325.00 |2,328.00 |2,280.00 |2,321.00 |2,312.00  |-16.00    |-25.00    |81        |806         |-3       |374.52       |                       
2021-12-27 |SA207        |2,329.00   |2,320.00 |2,334.00 |2,283.00 |2,312.00 |2,306.00  |-17.00    |-23.00    |63        |540         |13       |290.56       |                       
2021-12-27 |SA208        |2,380.00   |2,358.00 |2,360.00 |2,331.00 |2,342.00 |2,343.00  |-38.00    |-37.00    |17        |923         |4        |79.66        |                       
2021-12-27 |SA209        |2,360.00   |2,349.00 |2,366.00 |2,311.00 |2,343.00 |2,338.00  |-17.00    |-22.00    |33,852    |25,297      |547      |158,295.35   |                       
2021-12-27 |SA210        |2,391.00   |2,384.00 |2,384.00 |2,335.00 |2,375.00 |2,362.00  |-16.00    |-29.00    |188       |585         |-7       |888.16       |                       
2021-12-27 |SA211        |2,365.00   |2,364.00 |2,364.00 |2,345.00 |2,364.00 |2,352.00  |-1.00     |-13.00    |18        |67          |2        |84.65        |                       
2021-12-27 |SA212        |2,382.00   |2,375.00 |2,375.00 |2,375.00 |2,375.00 |2,375.00  |-7.00     |-7.00     |3         |7           |2        |14.25        |                       
2021-12-28 |SA201        |2,445.00   |2,433.00 |2,448.00 |2,411.00 |2,414.00 |2,436.00  |-31.00    |-9.00     |2,159     |10,270      |-943     |10,517.66    |                       
2021-12-28 |SA202        |2,381.00   |2,389.00 |2,417.00 |2,360.00 |2,372.00 |2,387.00  |-9.00     |6.00      |10,015    |3,778       |53       |47,813.23    |                       
2021-12-28 |SA203        |2,323.00   |2,330.00 |2,365.00 |2,310.00 |2,329.00 |2,335.00  |6.00      |12.00     |9,632     |5,627       |111      |44,990.41    |                       
2021-12-28 |SA204        |2,311.00   |2,322.00 |2,360.00 |2,308.00 |2,326.00 |2,333.00  |15.00     |22.00     |1,302     |1,425       |9        |6,075.88     |                       
2021-12-28 |SA205        |2,277.00   |2,285.00 |2,324.00 |2,267.00 |2,285.00 |2,294.00  |8.00      |17.00     |547,613   |366,401     |-7,234   |2,512,060.17 |                       
2021-12-28 |SA206        |2,312.00   |2,320.00 |2,358.00 |2,306.00 |2,320.00 |2,333.00  |8.00      |21.00     |80        |790         |-16      |373.27       |                       
2021-12-28 |SA207        |2,306.00   |2,317.00 |2,350.00 |2,297.00 |2,309.00 |2,322.00  |3.00      |16.00     |45        |536         |-4       |208.97       |                       
2021-12-28 |SA208        |2,343.00   |2,348.00 |2,383.00 |2,345.00 |2,356.00 |2,362.00  |13.00     |19.00     |39        |915         |-8       |184.23       |                       
2021-12-28 |SA209        |2,338.00   |2,345.00 |2,376.00 |2,326.00 |2,345.00 |2,350.00  |7.00      |12.00     |30,117    |25,036      |-261     |141,553.70   |                       
2021-12-28 |SA210        |2,362.00   |2,373.00 |2,400.00 |2,359.00 |2,359.00 |2,381.00  |-3.00     |19.00     |31        |576         |-9       |147.59       |                       
2021-12-28 |SA211        |2,352.00   |2,394.00 |2,394.00 |2,355.00 |2,355.00 |2,385.00  |3.00      |33.00     |6         |64          |-3       |28.62        |                       
2021-12-28 |SA212        |2,375.00   |0.00     |0.00     |0.00     |0.00     |2,375.00  |0.00      |0.00      |0         |7           |0        |0.00         |                       
2021-12-29 |SA201        |2,436.00   |2,420.00 |2,427.00 |2,355.00 |2,412.00 |2,395.00  |-24.00    |-41.00    |5,755     |8,112       |-2,158   |27,571.09    |                       
2021-12-29 |SA202        |2,387.00   |2,383.00 |2,403.00 |2,323.00 |2,338.00 |2,367.00  |-49.00    |-20.00    |12,814    |3,838       |60       |60,650.40    |                       
2021-12-29 |SA203        |2,335.00   |2,330.00 |2,355.00 |2,286.00 |2,298.00 |2,328.00  |-37.00    |-7.00     |10,092    |5,761       |134      |46,995.08    |                       
2021-12-29 |SA204        |2,333.00   |2,339.00 |2,356.00 |2,293.00 |2,308.00 |2,320.00  |-25.00    |-13.00    |1,778     |1,659       |234      |8,250.77     |                       
2021-12-29 |SA205        |2,294.00   |2,293.00 |2,321.00 |2,265.00 |2,286.00 |2,295.00  |-8.00     |1.00      |572,056   |386,090     |19,689   |2,625,913.96 |                       
2021-12-29 |SA206        |2,333.00   |2,337.00 |2,355.00 |2,307.00 |2,324.00 |2,334.00  |-9.00     |1.00      |113       |801         |11       |527.40       |                       
2021-12-29 |SA207        |2,322.00   |2,329.00 |2,343.00 |2,301.00 |2,301.00 |2,320.00  |-21.00    |-2.00     |61        |552         |16       |283.07       |                       
2021-12-29 |SA208        |2,362.00   |2,347.00 |2,387.00 |2,340.00 |2,354.00 |2,365.00  |-8.00     |3.00      |144       |920         |5        |681.16       |                       
2021-12-29 |SA209        |2,350.00   |2,351.00 |2,382.00 |2,335.00 |2,346.00 |2,358.00  |-4.00     |8.00      |29,741    |26,665      |1,629    |140,235.17   |                       
2021-12-29 |SA210        |2,381.00   |2,351.00 |2,403.00 |2,351.00 |2,374.00 |2,384.00  |-7.00     |3.00      |46        |574         |-2       |219.33       |                       
2021-12-29 |SA211        |2,385.00   |2,350.00 |2,395.00 |2,350.00 |2,357.00 |2,366.00  |-28.00    |-19.00    |8         |63          |-1       |37.85        |                       
2021-12-29 |SA212        |2,375.00   |2,391.00 |2,391.00 |2,367.00 |2,367.00 |2,383.00  |-8.00     |8.00      |3         |6           |-1       |14.30        |                       
2021-12-30 |SA201        |2,395.00   |2,398.00 |2,422.00 |2,345.00 |2,350.00 |2,379.00  |-45.00    |-16.00    |3,202     |6,635       |-1,477   |15,234.46    |                       
2021-12-30 |SA202        |2,367.00   |2,333.00 |2,344.00 |2,274.00 |2,275.00 |2,304.00  |-92.00    |-63.00    |12,537    |3,941       |103      |57,766.61    |                       
2021-12-30 |SA203        |2,328.00   |2,292.00 |2,306.00 |2,239.00 |2,241.00 |2,269.00  |-87.00    |-59.00    |11,630    |6,697       |936      |52,765.95    |                       
2021-12-30 |SA204        |2,320.00   |2,304.00 |2,310.00 |2,257.00 |2,266.00 |2,280.00  |-54.00    |-40.00    |981       |1,834       |175      |4,472.95     |                       
2021-12-30 |SA205        |2,295.00   |2,280.00 |2,286.00 |2,231.00 |2,244.00 |2,257.00  |-51.00    |-38.00    |635,770   |416,667     |30,577   |2,870,048.87 |                       
2021-12-30 |SA206        |2,334.00   |2,304.00 |2,320.00 |2,274.00 |2,276.00 |2,288.00  |-58.00    |-46.00    |125       |812         |11       |571.94       |                       
2021-12-30 |SA207        |2,320.00   |2,295.00 |2,318.00 |2,271.00 |2,281.00 |2,290.00  |-39.00    |-30.00    |117       |546         |-6       |535.77       |                       
2021-12-30 |SA208        |2,365.00   |2,332.00 |2,361.00 |2,309.00 |2,324.00 |2,339.00  |-41.00    |-26.00    |94        |918         |-2       |439.71       |                       
2021-12-30 |SA209        |2,358.00   |2,339.00 |2,358.00 |2,307.00 |2,322.00 |2,332.00  |-36.00    |-26.00    |33,882    |27,973      |1,308    |157,997.63   |                       
2021-12-30 |SA210        |2,384.00   |2,374.00 |2,378.00 |2,334.00 |2,349.00 |2,356.00  |-35.00    |-28.00    |193       |587         |13       |909.39       |                       
2021-12-30 |SA211        |2,366.00   |2,365.00 |2,370.00 |2,329.00 |2,343.00 |2,351.00  |-23.00    |-15.00    |24        |77          |14       |112.85       |                       
2021-12-30 |SA212        |2,383.00   |0.00     |0.00     |0.00     |0.00     |2,361.00  |-22.00    |-22.00    |0         |6           |0        |0.00         |                       
2021-12-31 |SA201        |2,379.00   |2,338.00 |2,353.00 |2,160.00 |2,160.00 |2,255.00  |-219.00   |-124.00   |6,325     |3,912       |-2,723   |28,523.74    |                       
2021-12-31 |SA202        |2,304.00   |2,270.00 |2,276.00 |2,188.00 |2,206.00 |2,237.00  |-98.00    |-67.00    |13,874    |3,011       |-930     |62,080.84    |                       
2021-12-31 |SA203        |2,269.00   |2,240.00 |2,246.00 |2,156.00 |2,171.00 |2,204.00  |-98.00    |-65.00    |14,044    |9,413       |2,716    |61,894.80    |                       
2021-12-31 |SA204        |2,280.00   |2,261.00 |2,266.00 |2,198.00 |2,200.00 |2,232.00  |-80.00    |-48.00    |2,435     |2,755       |921      |10,870.14    |                       
2021-12-31 |SA205        |2,257.00   |2,237.00 |2,244.00 |2,175.00 |2,183.00 |2,216.00  |-74.00    |-41.00    |735,947   |458,972     |42,305   |3,261,424.81 |                       
2021-12-31 |SA206        |2,288.00   |2,274.00 |2,278.00 |2,222.00 |2,226.00 |2,257.00  |-62.00    |-31.00    |270       |728         |-84      |1,218.71     |                       
2021-12-31 |SA207        |2,290.00   |2,275.00 |2,276.00 |2,222.00 |2,226.00 |2,251.00  |-64.00    |-39.00    |135       |551         |5        |607.77       |                       
2021-12-31 |SA208        |2,339.00   |2,321.00 |2,325.00 |2,282.00 |2,282.00 |2,304.00  |-57.00    |-35.00    |101       |938         |20       |465.48       |                       
2021-12-31 |SA209        |2,332.00   |2,316.00 |2,324.00 |2,266.00 |2,274.00 |2,300.00  |-58.00    |-32.00    |34,493    |28,186      |213      |158,678.10   |                       
2021-12-31 |SA210        |2,356.00   |2,333.00 |2,349.00 |2,302.00 |2,307.00 |2,325.00  |-49.00    |-31.00    |125       |604         |17       |581.27       |                       
2021-12-31 |SA211        |2,351.00   |2,327.00 |2,340.00 |2,300.00 |2,301.00 |2,318.00  |-50.00    |-33.00    |15        |85          |8        |69.55        |                       
2021-12-31 |SA212        |2,361.00   |2,345.00 |2,345.00 |2,310.00 |2,335.00 |2,328.00  |-26.00    |-33.00    |12        |13          |7        |55.88        |                       
