					CZCE History data(2022RI)
Trading Day|Contract Code|Prev.Settle|Open     |High     |Low      |Close    |Settlement|Change1   |Change2   |Volume    |OpenInterest|OI Change|Turnover     |DeliverySettlementPrice
2022-01-04 |RI201        |2,718.00   |0.00     |0.00     |0.00     |0.00     |2,718.00  |0.00      |0.00      |0         |0           |0        |0.00         |2,784.00               
2022-01-04 |RI203        |2,751.00   |0.00     |0.00     |0.00     |0.00     |2,751.00  |0.00      |0.00      |0         |0           |0        |0.00         |                       
2022-01-04 |RI205        |2,751.00   |0.00     |0.00     |0.00     |0.00     |2,751.00  |0.00      |0.00      |0         |0           |0        |0.00         |                       
2022-01-04 |RI207        |2,699.00   |0.00     |0.00     |0.00     |0.00     |2,699.00  |0.00      |0.00      |0         |1           |0        |0.00         |                       
2022-01-04 |RI209        |2,619.00   |0.00     |0.00     |0.00     |0.00     |2,619.00  |0.00      |0.00      |0         |0           |0        |0.00         |                       
2022-01-04 |RI211        |2,455.00   |0.00     |0.00     |0.00     |0.00     |2,455.00  |0.00      |0.00      |0         |0           |0        |0.00         |                       
2022-01-05 |RI201        |2,718.00   |0.00     |0.00     |0.00     |0.00     |2,718.00  |0.00      |0.00      |0         |0           |0        |0.00         |2,776.00               
2022-01-05 |RI203        |2,751.00   |0.00     |0.00     |0.00     |0.00     |2,751.00  |0.00      |0.00      |0         |0           |0        |0.00         |                       
2022-01-05 |RI205        |2,751.00   |0.00     |0.00     |0.00     |0.00     |2,751.00  |0.00      |0.00      |0         |0           |0        |0.00         |                       
2022-01-05 |RI207        |2,699.00   |0.00     |0.00     |0.00     |0.00     |2,699.00  |0.00      |0.00      |0         |1           |0        |0.00         |                       
2022-01-05 |RI209        |2,619.00   |0.00     |0.00     |0.00     |0.00     |2,642.00  |23.00     |23.00     |0         |0           |0        |0.00         |                       
2022-01-05 |RI211        |2,455.00   |0.00     |0.00     |0.00     |0.00     |2,455.00  |0.00      |0.00      |0         |0           |0        |0.00         |                       
2022-01-06 |RI201        |2,718.00   |0.00     |0.00     |0.00     |0.00     |2,718.00  |0.00      |0.00      |0         |0           |0        |0.00         |2,768.00               
2022-01-06 |RI203        |2,751.00   |0.00     |0.00     |0.00     |0.00     |2,751.00  |0.00      |0.00      |0         |0           |0        |0.00         |                       
2022-01-06 |RI205        |2,751.00   |0.00     |0.00     |0.00     |0.00     |2,751.00  |0.00      |0.00      |0         |0           |0        |0.00         |                       
2022-01-06 |RI207        |2,699.00   |0.00     |0.00     |0.00     |0.00     |2,699.00  |0.00      |0.00      |0         |1           |0        |0.00         |                       
2022-01-06 |RI209        |2,642.00   |0.00     |0.00     |0.00     |0.00     |2,642.00  |0.00      |0.00      |0         |0           |0        |0.00         |                       
2022-01-06 |RI211        |2,455.00   |0.00     |0.00     |0.00     |0.00     |2,455.00  |0.00      |0.00      |0         |0           |0        |0.00         |                       
2022-01-07 |RI201        |2,718.00   |0.00     |0.00     |0.00     |0.00     |2,718.00  |0.00      |0.00      |0         |0           |0        |0.00         |2,760.00               
2022-01-07 |RI203        |2,751.00   |0.00     |0.00     |0.00     |0.00     |2,751.00  |0.00      |0.00      |0         |0           |0        |0.00         |                       
2022-01-07 |RI205        |2,751.00   |0.00     |0.00     |0.00     |0.00     |2,751.00  |0.00      |0.00      |0         |0           |0        |0.00         |                       
2022-01-07 |RI207        |2,699.00   |0.00     |0.00     |0.00     |0.00     |2,699.00  |0.00      |0.00      |0         |1           |0        |0.00         |                       
2022-01-07 |RI209        |2,642.00   |0.00     |0.00     |0.00     |0.00     |2,648.00  |6.00      |6.00      |0         |0           |0        |0.00         |                       
2022-01-07 |RI211        |2,455.00   |0.00     |0.00     |0.00     |0.00     |2,455.00  |0.00      |0.00      |0         |0           |0        |0.00         |                       
2022-01-10 |RI201        |2,718.00   |0.00     |0.00     |0.00     |0.00     |2,718.00  |0.00      |0.00      |0         |0           |0        |0.00         |2,751.00               
2022-01-10 |RI203        |2,751.00   |0.00     |0.00     |0.00     |0.00     |2,751.00  |0.00      |0.00      |0         |0           |0        |0.00         |                       
2022-01-10 |RI205        |2,751.00   |0.00     |0.00     |0.00     |0.00     |2,751.00  |0.00      |0.00      |0         |0           |0        |0.00         |                       
2022-01-10 |RI207        |2,699.00   |0.00     |0.00     |0.00     |0.00     |2,699.00  |0.00      |0.00      |0         |1           |0        |0.00         |                       
2022-01-10 |RI209        |2,648.00   |0.00     |0.00     |0.00     |0.00     |2,648.00  |0.00      |0.00      |0         |0           |0        |0.00         |                       
2022-01-10 |RI211        |2,455.00   |0.00     |0.00     |0.00     |0.00     |2,455.00  |0.00      |0.00      |0         |0           |0        |0.00         |                       
2022-01-11 |RI201        |2,718.00   |0.00     |0.00     |0.00     |0.00     |2,718.00  |0.00      |0.00      |0         |0           |0        |0.00         |2,743.00               
2022-01-11 |RI203        |2,751.00   |0.00     |0.00     |0.00     |0.00     |2,751.00  |0.00      |0.00      |0         |0           |0        |0.00         |                       
2022-01-11 |RI205        |2,751.00   |0.00     |0.00     |0.00     |0.00     |2,751.00  |0.00      |0.00      |0         |0           |0        |0.00         |                       
2022-01-11 |RI207        |2,699.00   |0.00     |0.00     |0.00     |0.00     |2,699.00  |0.00      |0.00      |0         |1           |0        |0.00         |                       
2022-01-11 |RI209        |2,648.00   |0.00     |0.00     |0.00     |0.00     |2,648.00  |0.00      |0.00      |0         |0           |0        |0.00         |                       
2022-01-11 |RI211        |2,455.00   |0.00     |0.00     |0.00     |0.00     |2,455.00  |0.00      |0.00      |0         |0           |0        |0.00         |                       
2022-01-12 |RI201        |2,718.00   |0.00     |0.00     |0.00     |0.00     |2,754.00  |36.00     |36.00     |0         |0           |0        |0.00         |2,738.00               
2022-01-12 |RI203        |2,751.00   |0.00     |0.00     |0.00     |0.00     |2,788.00  |37.00     |37.00     |0         |0           |0        |0.00         |                       
2022-01-12 |RI205        |2,751.00   |0.00     |0.00     |0.00     |0.00     |2,788.00  |37.00     |37.00     |0         |0           |0        |0.00         |                       
2022-01-12 |RI207        |2,699.00   |2,688.00 |2,798.00 |2,688.00 |2,737.00 |2,735.00  |38.00     |36.00     |8         |1           |0        |43.76        |                       
2022-01-12 |RI209        |2,648.00   |0.00     |0.00     |0.00     |0.00     |2,672.00  |24.00     |24.00     |0         |0           |0        |0.00         |                       
2022-01-12 |RI211        |2,455.00   |0.00     |0.00     |0.00     |0.00     |2,488.00  |33.00     |33.00     |0         |0           |0        |0.00         |                       
2022-01-13 |RI201        |2,754.00   |0.00     |0.00     |0.00     |0.00     |2,720.00  |-34.00    |-34.00    |0         |0           |0        |0.00         |2,730.00               
2022-01-13 |RI203        |2,788.00   |0.00     |0.00     |0.00     |0.00     |2,753.00  |-35.00    |-35.00    |0         |0           |0        |0.00         |                       
2022-01-13 |RI205        |2,788.00   |0.00     |0.00     |0.00     |0.00     |2,753.00  |-35.00    |-35.00    |0         |0           |0        |0.00         |                       
2022-01-13 |RI207        |2,735.00   |2,701.00 |2,701.00 |2,701.00 |2,701.00 |2,701.00  |-34.00    |-34.00    |1         |2           |1        |5.40         |                       
2022-01-13 |RI209        |2,672.00   |0.00     |0.00     |0.00     |0.00     |2,672.00  |0.00      |0.00      |0         |0           |0        |0.00         |                       
2022-01-13 |RI211        |2,488.00   |0.00     |0.00     |0.00     |0.00     |2,457.00  |-31.00    |-31.00    |0         |0           |0        |0.00         |                       
2022-01-14 |RI201        |2,720.00   |0.00     |0.00     |0.00     |0.00     |2,750.00  |30.00     |30.00     |0         |0           |0        |0.00         |2,725.00               
2022-01-14 |RI203        |2,753.00   |0.00     |0.00     |0.00     |0.00     |2,784.00  |31.00     |31.00     |0         |0           |0        |0.00         |                       
2022-01-14 |RI205        |2,753.00   |0.00     |0.00     |0.00     |0.00     |2,784.00  |31.00     |31.00     |0         |0           |0        |0.00         |                       
2022-01-14 |RI207        |2,701.00   |2,783.00 |2,783.00 |2,672.00 |2,736.00 |2,731.00  |35.00     |30.00     |7         |3           |1        |38.23        |                       
2022-01-14 |RI209        |2,672.00   |0.00     |0.00     |0.00     |0.00     |2,672.00  |0.00      |0.00      |0         |0           |0        |0.00         |                       
2022-01-14 |RI211        |2,457.00   |0.00     |0.00     |0.00     |0.00     |2,484.00  |27.00     |27.00     |0         |0           |0        |0.00         |                       
2022-01-17 |RI201        |2,750.00   |0.00     |0.00     |0.00     |0.00     |2,750.00  |0.00      |0.00      |0         |0           |0        |0.00         |2,728.00               
2022-01-17 |RI203        |2,784.00   |0.00     |0.00     |0.00     |0.00     |2,784.00  |0.00      |0.00      |0         |0           |0        |0.00         |                       
2022-01-17 |RI205        |2,784.00   |0.00     |0.00     |0.00     |0.00     |2,784.00  |0.00      |0.00      |0         |0           |0        |0.00         |                       
2022-01-17 |RI207        |2,731.00   |0.00     |0.00     |0.00     |0.00     |2,731.00  |0.00      |0.00      |0         |3           |0        |0.00         |                       
2022-01-17 |RI209        |2,672.00   |0.00     |0.00     |0.00     |0.00     |2,672.00  |0.00      |0.00      |0         |0           |0        |0.00         |                       
2022-01-17 |RI211        |2,484.00   |0.00     |0.00     |0.00     |0.00     |2,484.00  |0.00      |0.00      |0         |0           |0        |0.00         |                       
2022-01-18 |RI203        |2,784.00   |0.00     |0.00     |0.00     |0.00     |2,815.00  |31.00     |31.00     |0         |0           |0        |0.00         |                       
2022-01-18 |RI205        |2,784.00   |0.00     |0.00     |0.00     |0.00     |2,815.00  |31.00     |31.00     |0         |0           |0        |0.00         |                       
2022-01-18 |RI207        |2,731.00   |2,759.00 |2,767.00 |2,751.00 |2,751.00 |2,761.00  |20.00     |30.00     |4         |3           |0        |22.09        |                       
2022-01-18 |RI209        |2,672.00   |0.00     |0.00     |0.00     |0.00     |2,672.00  |0.00      |0.00      |0         |0           |0        |0.00         |                       
2022-01-18 |RI211        |2,484.00   |0.00     |0.00     |0.00     |0.00     |2,511.00  |27.00     |27.00     |0         |0           |0        |0.00         |                       
2022-01-18 |RI301        |2,484.00   |0.00     |0.00     |0.00     |0.00     |2,511.00  |27.00     |27.00     |0         |0           |0        |0.00         |                       
2022-01-19 |RI203        |2,815.00   |0.00     |0.00     |0.00     |0.00     |2,815.00  |0.00      |0.00      |0         |0           |0        |0.00         |                       
2022-01-19 |RI205        |2,815.00   |0.00     |0.00     |0.00     |0.00     |2,815.00  |0.00      |0.00      |0         |0           |0        |0.00         |                       
2022-01-19 |RI207        |2,761.00   |0.00     |0.00     |0.00     |0.00     |2,761.00  |0.00      |0.00      |0         |3           |0        |0.00         |                       
2022-01-19 |RI209        |2,672.00   |0.00     |0.00     |0.00     |0.00     |2,672.00  |0.00      |0.00      |0         |0           |0        |0.00         |                       
2022-01-19 |RI211        |2,511.00   |0.00     |0.00     |0.00     |0.00     |2,511.00  |0.00      |0.00      |0         |0           |0        |0.00         |                       
2022-01-19 |RI301        |2,511.00   |0.00     |0.00     |0.00     |0.00     |2,511.00  |0.00      |0.00      |0         |0           |0        |0.00         |                       
2022-01-20 |RI203        |2,815.00   |0.00     |0.00     |0.00     |0.00     |2,836.00  |21.00     |21.00     |0         |0           |0        |0.00         |                       
2022-01-20 |RI205        |2,815.00   |0.00     |0.00     |0.00     |0.00     |2,836.00  |21.00     |21.00     |0         |0           |0        |0.00         |                       
2022-01-20 |RI207        |2,761.00   |2,796.00 |2,796.00 |2,767.00 |2,767.00 |2,782.00  |6.00      |21.00     |2         |3           |0        |11.13        |                       
2022-01-20 |RI209        |2,672.00   |0.00     |0.00     |0.00     |0.00     |2,692.00  |20.00     |20.00     |0         |0           |0        |0.00         |                       
2022-01-20 |RI211        |2,511.00   |0.00     |0.00     |0.00     |0.00     |2,530.00  |19.00     |19.00     |0         |0           |0        |0.00         |                       
2022-01-20 |RI301        |2,511.00   |0.00     |0.00     |0.00     |0.00     |2,530.00  |19.00     |19.00     |0         |0           |0        |0.00         |                       
2022-01-21 |RI203        |2,836.00   |0.00     |0.00     |0.00     |0.00     |2,816.00  |-20.00    |-20.00    |0         |0           |0        |0.00         |                       
2022-01-21 |RI205        |2,836.00   |0.00     |0.00     |0.00     |0.00     |2,816.00  |-20.00    |-20.00    |0         |0           |0        |0.00         |                       
2022-01-21 |RI207        |2,782.00   |2,761.00 |2,774.00 |2,751.00 |2,774.00 |2,762.00  |-8.00     |-20.00    |6         |3           |0        |33.15        |                       
2022-01-21 |RI209        |2,692.00   |0.00     |0.00     |0.00     |0.00     |2,673.00  |-19.00    |-19.00    |0         |0           |0        |0.00         |                       
2022-01-21 |RI211        |2,530.00   |0.00     |0.00     |0.00     |0.00     |2,512.00  |-18.00    |-18.00    |0         |0           |0        |0.00         |                       
2022-01-21 |RI301        |2,530.00   |0.00     |0.00     |0.00     |0.00     |2,512.00  |-18.00    |-18.00    |0         |0           |0        |0.00         |                       
2022-01-24 |RI203        |2,816.00   |0.00     |0.00     |0.00     |0.00     |2,900.00  |84.00     |84.00     |0         |0           |0        |0.00         |                       
2022-01-24 |RI205        |2,816.00   |0.00     |0.00     |0.00     |0.00     |2,900.00  |84.00     |84.00     |0         |0           |0        |0.00         |                       
2022-01-24 |RI207        |2,762.00   |2,829.00 |2,901.00 |2,807.00 |2,834.00 |2,844.00  |72.00     |82.00     |56        |7           |4        |318.55       |                       
2022-01-24 |RI209        |2,673.00   |0.00     |0.00     |0.00     |0.00     |2,673.00  |0.00      |0.00      |0         |0           |0        |0.00         |                       
2022-01-24 |RI211        |2,512.00   |0.00     |0.00     |0.00     |0.00     |2,587.00  |75.00     |75.00     |0         |0           |0        |0.00         |                       
2022-01-24 |RI301        |2,512.00   |0.00     |0.00     |0.00     |0.00     |2,587.00  |75.00     |75.00     |0         |0           |0        |0.00         |                       
2022-01-25 |RI203        |2,900.00   |0.00     |0.00     |0.00     |0.00     |2,886.00  |-14.00    |-14.00    |0         |0           |0        |0.00         |                       
2022-01-25 |RI205        |2,900.00   |0.00     |0.00     |0.00     |0.00     |2,886.00  |-14.00    |-14.00    |0         |0           |0        |0.00         |                       
2022-01-25 |RI207        |2,844.00   |2,819.00 |2,865.00 |2,799.00 |2,852.00 |2,830.00  |8.00      |-14.00    |16        |8           |1        |90.55        |                       
2022-01-25 |RI209        |2,673.00   |0.00     |0.00     |0.00     |0.00     |2,673.00  |0.00      |0.00      |0         |0           |0        |0.00         |                       
2022-01-25 |RI211        |2,587.00   |0.00     |0.00     |0.00     |0.00     |2,574.00  |-13.00    |-13.00    |0         |0           |0        |0.00         |                       
2022-01-25 |RI301        |2,587.00   |0.00     |0.00     |0.00     |0.00     |2,574.00  |-13.00    |-13.00    |0         |0           |0        |0.00         |                       
2022-01-26 |RI203        |2,886.00   |0.00     |0.00     |0.00     |0.00     |2,879.00  |-7.00     |-7.00     |0         |0           |0        |0.00         |                       
2022-01-26 |RI205        |2,886.00   |0.00     |0.00     |0.00     |0.00     |2,879.00  |-7.00     |-7.00     |0         |0           |0        |0.00         |                       
2022-01-26 |RI207        |2,830.00   |2,823.00 |2,823.00 |2,823.00 |2,823.00 |2,823.00  |-7.00     |-7.00     |1         |7           |-1       |5.65         |                       
2022-01-26 |RI209        |2,673.00   |0.00     |0.00     |0.00     |0.00     |2,666.00  |-7.00     |-7.00     |0         |0           |0        |0.00         |                       
2022-01-26 |RI211        |2,574.00   |0.00     |0.00     |0.00     |0.00     |2,568.00  |-6.00     |-6.00     |0         |0           |0        |0.00         |                       
2022-01-26 |RI301        |2,574.00   |0.00     |0.00     |0.00     |0.00     |2,568.00  |-6.00     |-6.00     |0         |0           |0        |0.00         |                       
2022-01-27 |RI203        |2,879.00   |0.00     |0.00     |0.00     |0.00     |2,895.00  |16.00     |16.00     |0         |0           |0        |0.00         |                       
2022-01-27 |RI205        |2,879.00   |0.00     |0.00     |0.00     |0.00     |2,895.00  |16.00     |16.00     |0         |0           |0        |0.00         |                       
2022-01-27 |RI207        |2,823.00   |2,841.00 |2,854.00 |2,830.00 |2,830.00 |2,839.00  |7.00      |16.00     |11        |3           |-4       |62.45        |                       
2022-01-27 |RI209        |2,666.00   |0.00     |0.00     |0.00     |0.00     |2,681.00  |15.00     |15.00     |0         |0           |0        |0.00         |                       
2022-01-27 |RI211        |2,568.00   |0.00     |0.00     |0.00     |0.00     |2,583.00  |15.00     |15.00     |0         |0           |0        |0.00         |                       
2022-01-27 |RI301        |2,568.00   |0.00     |0.00     |0.00     |0.00     |2,583.00  |15.00     |15.00     |0         |0           |0        |0.00         |                       
2022-01-28 |RI203        |2,895.00   |0.00     |0.00     |0.00     |0.00     |2,895.00  |0.00      |0.00      |0         |0           |0        |0.00         |                       
2022-01-28 |RI205        |2,895.00   |0.00     |0.00     |0.00     |0.00     |2,895.00  |0.00      |0.00      |0         |0           |0        |0.00         |                       
2022-01-28 |RI207        |2,839.00   |0.00     |0.00     |0.00     |0.00     |2,839.00  |0.00      |0.00      |0         |3           |0        |0.00         |                       
2022-01-28 |RI209        |2,681.00   |0.00     |0.00     |0.00     |0.00     |2,681.00  |0.00      |0.00      |0         |0           |0        |0.00         |                       
2022-01-28 |RI211        |2,583.00   |0.00     |0.00     |0.00     |0.00     |2,583.00  |0.00      |0.00      |0         |0           |0        |0.00         |                       
2022-01-28 |RI301        |2,583.00   |0.00     |0.00     |0.00     |0.00     |2,583.00  |0.00      |0.00      |0         |0           |0        |0.00         |                       
2022-02-07 |RI203        |2,895.00   |0.00     |0.00     |0.00     |0.00     |2,895.00  |0.00      |0.00      |0         |0           |0        |0.00         |                       
2022-02-07 |RI205        |2,895.00   |0.00     |0.00     |0.00     |0.00     |2,895.00  |0.00      |0.00      |0         |0           |0        |0.00         |                       
2022-02-07 |RI207        |2,839.00   |0.00     |0.00     |0.00     |0.00     |2,839.00  |0.00      |0.00      |0         |3           |0        |0.00         |                       
2022-02-07 |RI209        |2,681.00   |0.00     |0.00     |0.00     |0.00     |2,681.00  |0.00      |0.00      |0         |0           |0        |0.00         |                       
2022-02-07 |RI211        |2,583.00   |0.00     |0.00     |0.00     |0.00     |2,583.00  |0.00      |0.00      |0         |0           |0        |0.00         |                       
2022-02-07 |RI301        |2,583.00   |0.00     |0.00     |0.00     |0.00     |2,583.00  |0.00      |0.00      |0         |0           |0        |0.00         |                       
2022-02-08 |RI203        |2,895.00   |0.00     |0.00     |0.00     |0.00     |2,906.00  |11.00     |11.00     |0         |0           |0        |0.00         |                       
2022-02-08 |RI205        |2,895.00   |0.00     |0.00     |0.00     |0.00     |2,906.00  |11.00     |11.00     |0         |0           |0        |0.00         |                       
2022-02-08 |RI207        |2,839.00   |2,850.00 |2,850.00 |2,849.00 |2,849.00 |2,850.00  |10.00     |11.00     |3         |3           |0        |17.10        |                       
2022-02-08 |RI209        |2,681.00   |0.00     |0.00     |0.00     |0.00     |2,691.00  |10.00     |10.00     |0         |0           |0        |0.00         |                       
2022-02-08 |RI211        |2,583.00   |0.00     |0.00     |0.00     |0.00     |2,593.00  |10.00     |10.00     |0         |0           |0        |0.00         |                       
2022-02-08 |RI301        |2,583.00   |0.00     |0.00     |0.00     |0.00     |2,593.00  |10.00     |10.00     |0         |0           |0        |0.00         |                       
2022-02-09 |RI203        |2,906.00   |0.00     |0.00     |0.00     |0.00     |2,906.00  |0.00      |0.00      |0         |0           |0        |0.00         |                       
2022-02-09 |RI205        |2,906.00   |0.00     |0.00     |0.00     |0.00     |2,906.00  |0.00      |0.00      |0         |0           |0        |0.00         |                       
2022-02-09 |RI207        |2,850.00   |0.00     |0.00     |0.00     |0.00     |2,850.00  |0.00      |0.00      |0         |3           |0        |0.00         |                       
2022-02-09 |RI209        |2,691.00   |0.00     |0.00     |0.00     |0.00     |2,700.00  |9.00      |9.00      |0         |0           |0        |0.00         |                       
2022-02-09 |RI211        |2,593.00   |0.00     |0.00     |0.00     |0.00     |2,593.00  |0.00      |0.00      |0         |0           |0        |0.00         |                       
2022-02-09 |RI301        |2,593.00   |0.00     |0.00     |0.00     |0.00     |2,593.00  |0.00      |0.00      |0         |0           |0        |0.00         |                       
2022-02-10 |RI203        |2,906.00   |0.00     |0.00     |0.00     |0.00     |2,896.00  |-10.00    |-10.00    |0         |0           |0        |0.00         |                       
2022-02-10 |RI205        |2,906.00   |0.00     |0.00     |0.00     |0.00     |2,896.00  |-10.00    |-10.00    |0         |0           |0        |0.00         |                       
2022-02-10 |RI207        |2,850.00   |2,840.00 |2,840.00 |2,840.00 |2,840.00 |2,840.00  |-10.00    |-10.00    |1         |2           |-1       |5.68         |                       
2022-02-10 |RI209        |2,700.00   |0.00     |0.00     |0.00     |0.00     |2,700.00  |0.00      |0.00      |0         |0           |0        |0.00         |                       
2022-02-10 |RI211        |2,593.00   |0.00     |0.00     |0.00     |0.00     |2,584.00  |-9.00     |-9.00     |0         |0           |0        |0.00         |                       
2022-02-10 |RI301        |2,593.00   |0.00     |0.00     |0.00     |0.00     |2,584.00  |-9.00     |-9.00     |0         |0           |0        |0.00         |                       
2022-02-11 |RI203        |2,896.00   |0.00     |0.00     |0.00     |0.00     |2,896.00  |0.00      |0.00      |0         |0           |0        |0.00         |                       
2022-02-11 |RI205        |2,896.00   |0.00     |0.00     |0.00     |0.00     |2,896.00  |0.00      |0.00      |0         |0           |0        |0.00         |                       
2022-02-11 |RI207        |2,840.00   |0.00     |0.00     |0.00     |0.00     |2,840.00  |0.00      |0.00      |0         |2           |0        |0.00         |                       
2022-02-11 |RI209        |2,700.00   |0.00     |0.00     |0.00     |0.00     |2,711.00  |11.00     |11.00     |0         |0           |0        |0.00         |                       
2022-02-11 |RI211        |2,584.00   |0.00     |0.00     |0.00     |0.00     |2,584.00  |0.00      |0.00      |0         |0           |0        |0.00         |                       
2022-02-11 |RI301        |2,584.00   |0.00     |0.00     |0.00     |0.00     |2,584.00  |0.00      |0.00      |0         |0           |0        |0.00         |                       
2022-02-14 |RI203        |2,896.00   |0.00     |0.00     |0.00     |0.00     |2,896.00  |0.00      |0.00      |0         |0           |0        |0.00         |                       
2022-02-14 |RI205        |2,896.00   |0.00     |0.00     |0.00     |0.00     |2,896.00  |0.00      |0.00      |0         |0           |0        |0.00         |                       
2022-02-14 |RI207        |2,840.00   |0.00     |0.00     |0.00     |0.00     |2,840.00  |0.00      |0.00      |0         |2           |0        |0.00         |                       
2022-02-14 |RI209        |2,711.00   |0.00     |0.00     |0.00     |0.00     |2,711.00  |0.00      |0.00      |0         |0           |0        |0.00         |                       
2022-02-14 |RI211        |2,584.00   |0.00     |0.00     |0.00     |0.00     |2,584.00  |0.00      |0.00      |0         |0           |0        |0.00         |                       
2022-02-14 |RI301        |2,584.00   |0.00     |0.00     |0.00     |0.00     |2,584.00  |0.00      |0.00      |0         |0           |0        |0.00         |                       
2022-02-15 |RI203        |2,896.00   |0.00     |0.00     |0.00     |0.00     |2,896.00  |0.00      |0.00      |0         |0           |0        |0.00         |                       
2022-02-15 |RI205        |2,896.00   |0.00     |0.00     |0.00     |0.00     |2,896.00  |0.00      |0.00      |0         |0           |0        |0.00         |                       
2022-02-15 |RI207        |2,840.00   |0.00     |0.00     |0.00     |0.00     |2,840.00  |0.00      |0.00      |0         |2           |0        |0.00         |                       
2022-02-15 |RI209        |2,711.00   |0.00     |0.00     |0.00     |0.00     |2,711.00  |0.00      |0.00      |0         |0           |0        |0.00         |                       
2022-02-15 |RI211        |2,584.00   |0.00     |0.00     |0.00     |0.00     |2,584.00  |0.00      |0.00      |0         |0           |0        |0.00         |                       
2022-02-15 |RI301        |2,584.00   |0.00     |0.00     |0.00     |0.00     |2,584.00  |0.00      |0.00      |0         |0           |0        |0.00         |                       
2022-02-16 |RI203        |2,896.00   |0.00     |0.00     |0.00     |0.00     |2,896.00  |0.00      |0.00      |0         |0           |0        |0.00         |                       
2022-02-16 |RI205        |2,896.00   |0.00     |0.00     |0.00     |0.00     |2,896.00  |0.00      |0.00      |0         |0           |0        |0.00         |                       
2022-02-16 |RI207        |2,840.00   |0.00     |0.00     |0.00     |0.00     |2,840.00  |0.00      |0.00      |0         |2           |0        |0.00         |                       
2022-02-16 |RI209        |2,711.00   |0.00     |0.00     |0.00     |0.00     |2,711.00  |0.00      |0.00      |0         |0           |0        |0.00         |                       
2022-02-16 |RI211        |2,584.00   |0.00     |0.00     |0.00     |0.00     |2,584.00  |0.00      |0.00      |0         |0           |0        |0.00         |                       
2022-02-16 |RI301        |2,584.00   |0.00     |0.00     |0.00     |0.00     |2,584.00  |0.00      |0.00      |0         |0           |0        |0.00         |                       
2022-02-17 |RI203        |2,896.00   |0.00     |0.00     |0.00     |0.00     |2,896.00  |0.00      |0.00      |0         |0           |0        |0.00         |                       
2022-02-17 |RI205        |2,896.00   |0.00     |0.00     |0.00     |0.00     |2,896.00  |0.00      |0.00      |0         |0           |0        |0.00         |                       
2022-02-17 |RI207        |2,840.00   |0.00     |0.00     |0.00     |0.00     |2,840.00  |0.00      |0.00      |0         |2           |0        |0.00         |                       
2022-02-17 |RI209        |2,711.00   |0.00     |0.00     |0.00     |0.00     |2,711.00  |0.00      |0.00      |0         |0           |0        |0.00         |                       
2022-02-17 |RI211        |2,584.00   |0.00     |0.00     |0.00     |0.00     |2,584.00  |0.00      |0.00      |0         |0           |0        |0.00         |                       
2022-02-17 |RI301        |2,584.00   |0.00     |0.00     |0.00     |0.00     |2,584.00  |0.00      |0.00      |0         |0           |0        |0.00         |                       
2022-02-18 |RI203        |2,896.00   |0.00     |0.00     |0.00     |0.00     |2,896.00  |0.00      |0.00      |0         |0           |0        |0.00         |                       
2022-02-18 |RI205        |2,896.00   |0.00     |0.00     |0.00     |0.00     |2,896.00  |0.00      |0.00      |0         |0           |0        |0.00         |                       
2022-02-18 |RI207        |2,840.00   |0.00     |0.00     |0.00     |0.00     |2,840.00  |0.00      |0.00      |0         |2           |0        |0.00         |                       
2022-02-18 |RI209        |2,711.00   |0.00     |0.00     |0.00     |0.00     |2,711.00  |0.00      |0.00      |0         |0           |0        |0.00         |                       
2022-02-18 |RI211        |2,584.00   |0.00     |0.00     |0.00     |0.00     |2,584.00  |0.00      |0.00      |0         |0           |0        |0.00         |                       
2022-02-18 |RI301        |2,584.00   |0.00     |0.00     |0.00     |0.00     |2,584.00  |0.00      |0.00      |0         |0           |0        |0.00         |                       
2022-02-21 |RI203        |2,896.00   |0.00     |0.00     |0.00     |0.00     |2,896.00  |0.00      |0.00      |0         |0           |0        |0.00         |                       
2022-02-21 |RI205        |2,896.00   |0.00     |0.00     |0.00     |0.00     |2,896.00  |0.00      |0.00      |0         |0           |0        |0.00         |                       
2022-02-21 |RI207        |2,840.00   |0.00     |0.00     |0.00     |0.00     |2,840.00  |0.00      |0.00      |0         |2           |0        |0.00         |                       
2022-02-21 |RI209        |2,711.00   |0.00     |0.00     |0.00     |0.00     |2,711.00  |0.00      |0.00      |0         |0           |0        |0.00         |                       
2022-02-21 |RI211        |2,584.00   |0.00     |0.00     |0.00     |0.00     |2,584.00  |0.00      |0.00      |0         |0           |0        |0.00         |                       
2022-02-21 |RI301        |2,584.00   |0.00     |0.00     |0.00     |0.00     |2,584.00  |0.00      |0.00      |0         |0           |0        |0.00         |                       
2022-02-22 |RI203        |2,896.00   |0.00     |0.00     |0.00     |0.00     |2,896.00  |0.00      |0.00      |0         |0           |0        |0.00         |                       
2022-02-22 |RI205        |2,896.00   |0.00     |0.00     |0.00     |0.00     |2,896.00  |0.00      |0.00      |0         |0           |0        |0.00         |                       
2022-02-22 |RI207        |2,840.00   |0.00     |0.00     |0.00     |0.00     |2,840.00  |0.00      |0.00      |0         |2           |0        |0.00         |                       
2022-02-22 |RI209        |2,711.00   |0.00     |0.00     |0.00     |0.00     |2,711.00  |0.00      |0.00      |0         |0           |0        |0.00         |                       
2022-02-22 |RI211        |2,584.00   |0.00     |0.00     |0.00     |0.00     |2,584.00  |0.00      |0.00      |0         |0           |0        |0.00         |                       
2022-02-22 |RI301        |2,584.00   |0.00     |0.00     |0.00     |0.00     |2,584.00  |0.00      |0.00      |0         |0           |0        |0.00         |                       
2022-02-23 |RI203        |2,896.00   |0.00     |0.00     |0.00     |0.00     |2,896.00  |0.00      |0.00      |0         |0           |0        |0.00         |                       
2022-02-23 |RI205        |2,896.00   |0.00     |0.00     |0.00     |0.00     |2,896.00  |0.00      |0.00      |0         |0           |0        |0.00         |                       
2022-02-23 |RI207        |2,840.00   |0.00     |0.00     |0.00     |0.00     |2,840.00  |0.00      |0.00      |0         |2           |0        |0.00         |                       
2022-02-23 |RI209        |2,711.00   |0.00     |0.00     |0.00     |0.00     |2,711.00  |0.00      |0.00      |0         |0           |0        |0.00         |                       
2022-02-23 |RI211        |2,584.00   |0.00     |0.00     |0.00     |0.00     |2,584.00  |0.00      |0.00      |0         |0           |0        |0.00         |                       
2022-02-23 |RI301        |2,584.00   |0.00     |0.00     |0.00     |0.00     |2,584.00  |0.00      |0.00      |0         |0           |0        |0.00         |                       
2022-02-24 |RI203        |2,896.00   |0.00     |0.00     |0.00     |0.00     |2,896.00  |0.00      |0.00      |0         |0           |0        |0.00         |                       
2022-02-24 |RI205        |2,896.00   |0.00     |0.00     |0.00     |0.00     |2,896.00  |0.00      |0.00      |0         |0           |0        |0.00         |                       
2022-02-24 |RI207        |2,840.00   |0.00     |0.00     |0.00     |0.00     |2,858.00  |18.00     |18.00     |0         |2           |0        |0.00         |                       
2022-02-24 |RI209        |2,711.00   |0.00     |0.00     |0.00     |0.00     |2,711.00  |0.00      |0.00      |0         |0           |0        |0.00         |                       
2022-02-24 |RI211        |2,584.00   |0.00     |0.00     |0.00     |0.00     |2,584.00  |0.00      |0.00      |0         |0           |0        |0.00         |                       
2022-02-24 |RI301        |2,584.00   |0.00     |0.00     |0.00     |0.00     |2,584.00  |0.00      |0.00      |0         |0           |0        |0.00         |                       
2022-02-25 |RI203        |2,896.00   |0.00     |0.00     |0.00     |0.00     |2,896.00  |0.00      |0.00      |0         |0           |0        |0.00         |                       
2022-02-25 |RI205        |2,896.00   |0.00     |0.00     |0.00     |0.00     |2,896.00  |0.00      |0.00      |0         |0           |0        |0.00         |                       
2022-02-25 |RI207        |2,858.00   |0.00     |0.00     |0.00     |0.00     |2,858.00  |0.00      |0.00      |0         |2           |0        |0.00         |                       
2022-02-25 |RI209        |2,711.00   |0.00     |0.00     |0.00     |0.00     |2,711.00  |0.00      |0.00      |0         |0           |0        |0.00         |                       
2022-02-25 |RI211        |2,584.00   |0.00     |0.00     |0.00     |0.00     |2,584.00  |0.00      |0.00      |0         |0           |0        |0.00         |                       
2022-02-25 |RI301        |2,584.00   |0.00     |0.00     |0.00     |0.00     |2,584.00  |0.00      |0.00      |0         |0           |0        |0.00         |                       
2022-02-28 |RI203        |2,896.00   |0.00     |0.00     |0.00     |0.00     |2,896.00  |0.00      |0.00      |0         |0           |0        |0.00         |                       
2022-02-28 |RI205        |2,896.00   |0.00     |0.00     |0.00     |0.00     |2,896.00  |0.00      |0.00      |0         |0           |0        |0.00         |                       
2022-02-28 |RI207        |2,858.00   |0.00     |0.00     |0.00     |0.00     |2,858.00  |0.00      |0.00      |0         |2           |0        |0.00         |                       
2022-02-28 |RI209        |2,711.00   |0.00     |0.00     |0.00     |0.00     |2,711.00  |0.00      |0.00      |0         |0           |0        |0.00         |                       
2022-02-28 |RI211        |2,584.00   |0.00     |0.00     |0.00     |0.00     |2,584.00  |0.00      |0.00      |0         |0           |0        |0.00         |                       
2022-02-28 |RI301        |2,584.00   |0.00     |0.00     |0.00     |0.00     |2,584.00  |0.00      |0.00      |0         |0           |0        |0.00         |                       
2022-03-01 |RI203        |2,896.00   |0.00     |0.00     |0.00     |0.00     |2,896.00  |0.00      |0.00      |0         |0           |0        |0.00         |2,896.00               
2022-03-01 |RI205        |2,896.00   |0.00     |0.00     |0.00     |0.00     |2,896.00  |0.00      |0.00      |0         |0           |0        |0.00         |                       
2022-03-01 |RI207        |2,858.00   |0.00     |0.00     |0.00     |0.00     |2,858.00  |0.00      |0.00      |0         |2           |0        |0.00         |                       
2022-03-01 |RI209        |2,711.00   |0.00     |0.00     |0.00     |0.00     |2,711.00  |0.00      |0.00      |0         |0           |0        |0.00         |                       
2022-03-01 |RI211        |2,584.00   |0.00     |0.00     |0.00     |0.00     |2,584.00  |0.00      |0.00      |0         |0           |0        |0.00         |                       
2022-03-01 |RI301        |2,584.00   |0.00     |0.00     |0.00     |0.00     |2,584.00  |0.00      |0.00      |0         |0           |0        |0.00         |                       
2022-03-02 |RI203        |2,896.00   |0.00     |0.00     |0.00     |0.00     |2,896.00  |0.00      |0.00      |0         |0           |0        |0.00         |2,896.00               
2022-03-02 |RI205        |2,896.00   |0.00     |0.00     |0.00     |0.00     |2,896.00  |0.00      |0.00      |0         |0           |0        |0.00         |                       
2022-03-02 |RI207        |2,858.00   |0.00     |0.00     |0.00     |0.00     |2,858.00  |0.00      |0.00      |0         |2           |0        |0.00         |                       
2022-03-02 |RI209        |2,711.00   |0.00     |0.00     |0.00     |0.00     |2,711.00  |0.00      |0.00      |0         |0           |0        |0.00         |                       
2022-03-02 |RI211        |2,584.00   |0.00     |0.00     |0.00     |0.00     |2,584.00  |0.00      |0.00      |0         |0           |0        |0.00         |                       
2022-03-02 |RI301        |2,584.00   |0.00     |0.00     |0.00     |0.00     |2,584.00  |0.00      |0.00      |0         |0           |0        |0.00         |                       
2022-03-03 |RI203        |2,896.00   |0.00     |0.00     |0.00     |0.00     |2,896.00  |0.00      |0.00      |0         |0           |0        |0.00         |2,896.00               
2022-03-03 |RI205        |2,896.00   |0.00     |0.00     |0.00     |0.00     |2,896.00  |0.00      |0.00      |0         |0           |0        |0.00         |                       
2022-03-03 |RI207        |2,858.00   |0.00     |0.00     |0.00     |0.00     |2,858.00  |0.00      |0.00      |0         |2           |0        |0.00         |                       
2022-03-03 |RI209        |2,711.00   |0.00     |0.00     |0.00     |0.00     |2,711.00  |0.00      |0.00      |0         |0           |0        |0.00         |                       
2022-03-03 |RI211        |2,584.00   |0.00     |0.00     |0.00     |0.00     |2,584.00  |0.00      |0.00      |0         |0           |0        |0.00         |                       
2022-03-03 |RI301        |2,584.00   |0.00     |0.00     |0.00     |0.00     |2,584.00  |0.00      |0.00      |0         |0           |0        |0.00         |                       
2022-03-04 |RI203        |2,896.00   |0.00     |0.00     |0.00     |0.00     |2,896.00  |0.00      |0.00      |0         |0           |0        |0.00         |2,896.00               
2022-03-04 |RI205        |2,896.00   |0.00     |0.00     |0.00     |0.00     |2,896.00  |0.00      |0.00      |0         |0           |0        |0.00         |                       
2022-03-04 |RI207        |2,858.00   |0.00     |0.00     |0.00     |0.00     |2,858.00  |0.00      |0.00      |0         |2           |0        |0.00         |                       
2022-03-04 |RI209        |2,711.00   |0.00     |0.00     |0.00     |0.00     |2,711.00  |0.00      |0.00      |0         |0           |0        |0.00         |                       
2022-03-04 |RI211        |2,584.00   |0.00     |0.00     |0.00     |0.00     |2,584.00  |0.00      |0.00      |0         |0           |0        |0.00         |                       
2022-03-04 |RI301        |2,584.00   |0.00     |0.00     |0.00     |0.00     |2,584.00  |0.00      |0.00      |0         |0           |0        |0.00         |                       
2022-03-07 |RI203        |2,896.00   |0.00     |0.00     |0.00     |0.00     |2,896.00  |0.00      |0.00      |0         |0           |0        |0.00         |2,896.00               
2022-03-07 |RI205        |2,896.00   |0.00     |0.00     |0.00     |0.00     |2,896.00  |0.00      |0.00      |0         |0           |0        |0.00         |                       
2022-03-07 |RI207        |2,858.00   |0.00     |0.00     |0.00     |0.00     |2,858.00  |0.00      |0.00      |0         |2           |0        |0.00         |                       
2022-03-07 |RI209        |2,711.00   |0.00     |0.00     |0.00     |0.00     |2,711.00  |0.00      |0.00      |0         |0           |0        |0.00         |                       
2022-03-07 |RI211        |2,584.00   |0.00     |0.00     |0.00     |0.00     |2,584.00  |0.00      |0.00      |0         |0           |0        |0.00         |                       
2022-03-07 |RI301        |2,584.00   |0.00     |0.00     |0.00     |0.00     |2,584.00  |0.00      |0.00      |0         |0           |0        |0.00         |                       
2022-03-08 |RI203        |2,896.00   |0.00     |0.00     |0.00     |0.00     |2,924.00  |28.00     |28.00     |0         |0           |0        |0.00         |2,899.00               
2022-03-08 |RI205        |2,896.00   |0.00     |0.00     |0.00     |0.00     |2,924.00  |28.00     |28.00     |0         |0           |0        |0.00         |                       
2022-03-08 |RI207        |2,858.00   |2,861.00 |2,931.00 |2,861.00 |2,866.00 |2,886.00  |8.00      |28.00     |3         |1           |-1       |17.32        |                       
2022-03-08 |RI209        |2,711.00   |0.00     |0.00     |0.00     |0.00     |2,738.00  |27.00     |27.00     |0         |0           |0        |0.00         |                       
2022-03-08 |RI211        |2,584.00   |0.00     |0.00     |0.00     |0.00     |2,609.00  |25.00     |25.00     |0         |0           |0        |0.00         |                       
2022-03-08 |RI301        |2,584.00   |0.00     |0.00     |0.00     |0.00     |2,609.00  |25.00     |25.00     |0         |0           |0        |0.00         |                       
2022-03-09 |RI203        |2,924.00   |0.00     |0.00     |0.00     |0.00     |2,924.00  |0.00      |0.00      |0         |0           |0        |0.00         |2,902.00               
2022-03-09 |RI205        |2,924.00   |0.00     |0.00     |0.00     |0.00     |2,924.00  |0.00      |0.00      |0         |0           |0        |0.00         |                       
2022-03-09 |RI207        |2,886.00   |0.00     |0.00     |0.00     |0.00     |2,886.00  |0.00      |0.00      |0         |1           |0        |0.00         |                       
2022-03-09 |RI209        |2,738.00   |0.00     |0.00     |0.00     |0.00     |2,738.00  |0.00      |0.00      |0         |0           |0        |0.00         |                       
2022-03-09 |RI211        |2,609.00   |0.00     |0.00     |0.00     |0.00     |2,609.00  |0.00      |0.00      |0         |0           |0        |0.00         |                       
2022-03-09 |RI301        |2,609.00   |0.00     |0.00     |0.00     |0.00     |2,609.00  |0.00      |0.00      |0         |0           |0        |0.00         |                       
2022-03-10 |RI203        |2,924.00   |0.00     |0.00     |0.00     |0.00     |2,924.00  |0.00      |0.00      |0         |0           |0        |0.00         |2,904.00               
2022-03-10 |RI205        |2,924.00   |0.00     |0.00     |0.00     |0.00     |2,924.00  |0.00      |0.00      |0         |0           |0        |0.00         |                       
2022-03-10 |RI207        |2,886.00   |0.00     |0.00     |0.00     |0.00     |2,886.00  |0.00      |0.00      |0         |1           |0        |0.00         |                       
2022-03-10 |RI209        |2,738.00   |0.00     |0.00     |0.00     |0.00     |2,738.00  |0.00      |0.00      |0         |0           |0        |0.00         |                       
2022-03-10 |RI211        |2,609.00   |0.00     |0.00     |0.00     |0.00     |2,609.00  |0.00      |0.00      |0         |0           |0        |0.00         |                       
2022-03-10 |RI301        |2,609.00   |0.00     |0.00     |0.00     |0.00     |2,609.00  |0.00      |0.00      |0         |0           |0        |0.00         |                       
2022-03-11 |RI203        |2,924.00   |0.00     |0.00     |0.00     |0.00     |2,924.00  |0.00      |0.00      |0         |0           |0        |0.00         |2,907.00               
2022-03-11 |RI205        |2,924.00   |0.00     |0.00     |0.00     |0.00     |2,924.00  |0.00      |0.00      |0         |0           |0        |0.00         |                       
2022-03-11 |RI207        |2,886.00   |0.00     |0.00     |0.00     |0.00     |2,886.00  |0.00      |0.00      |0         |1           |0        |0.00         |                       
2022-03-11 |RI209        |2,738.00   |0.00     |0.00     |0.00     |0.00     |2,738.00  |0.00      |0.00      |0         |0           |0        |0.00         |                       
2022-03-11 |RI211        |2,609.00   |0.00     |0.00     |0.00     |0.00     |2,609.00  |0.00      |0.00      |0         |0           |0        |0.00         |                       
2022-03-11 |RI301        |2,609.00   |0.00     |0.00     |0.00     |0.00     |2,609.00  |0.00      |0.00      |0         |0           |0        |0.00         |                       
2022-03-14 |RI203        |2,924.00   |0.00     |0.00     |0.00     |0.00     |3,020.00  |96.00     |96.00     |0         |0           |0        |0.00         |2,920.00               
2022-03-14 |RI205        |2,924.00   |0.00     |0.00     |0.00     |0.00     |3,020.00  |96.00     |96.00     |0         |0           |0        |0.00         |                       
2022-03-14 |RI207        |2,886.00   |2,886.00 |3,069.00 |2,886.00 |2,982.00 |2,981.00  |96.00     |95.00     |38        |3           |2        |226.56       |                       
2022-03-14 |RI209        |2,738.00   |0.00     |0.00     |0.00     |0.00     |2,828.00  |90.00     |90.00     |0         |0           |0        |0.00         |                       
2022-03-14 |RI211        |2,609.00   |0.00     |0.00     |0.00     |0.00     |2,695.00  |86.00     |86.00     |0         |0           |0        |0.00         |                       
2022-03-14 |RI301        |2,609.00   |0.00     |0.00     |0.00     |0.00     |2,695.00  |86.00     |86.00     |0         |0           |0        |0.00         |                       
2022-03-15 |RI205        |3,020.00   |0.00     |0.00     |0.00     |0.00     |2,977.00  |-43.00    |-43.00    |0         |0           |0        |0.00         |                       
2022-03-15 |RI207        |2,981.00   |2,886.00 |2,980.00 |2,886.00 |2,954.00 |2,939.00  |-27.00    |-42.00    |16        |5           |2        |94.04        |                       
2022-03-15 |RI209        |2,828.00   |0.00     |0.00     |0.00     |0.00     |2,788.00  |-40.00    |-40.00    |0         |0           |0        |0.00         |                       
2022-03-15 |RI211        |2,695.00   |0.00     |0.00     |0.00     |0.00     |2,657.00  |-38.00    |-38.00    |0         |0           |0        |0.00         |                       
2022-03-15 |RI301        |2,695.00   |0.00     |0.00     |0.00     |0.00     |2,657.00  |-38.00    |-38.00    |0         |0           |0        |0.00         |                       
2022-03-15 |RI303        |2,695.00   |0.00     |0.00     |0.00     |0.00     |2,657.00  |-38.00    |-38.00    |0         |0           |0        |0.00         |                       
2022-03-16 |RI205        |2,977.00   |0.00     |0.00     |0.00     |0.00     |3,022.00  |45.00     |45.00     |0         |0           |0        |0.00         |                       
2022-03-16 |RI207        |2,939.00   |3,021.00 |3,045.00 |2,932.00 |2,995.00 |2,983.00  |56.00     |44.00     |18        |7           |2        |107.38       |                       
2022-03-16 |RI209        |2,788.00   |0.00     |0.00     |0.00     |0.00     |2,830.00  |42.00     |42.00     |0         |0           |0        |0.00         |                       
2022-03-16 |RI211        |2,657.00   |0.00     |0.00     |0.00     |0.00     |2,697.00  |40.00     |40.00     |0         |0           |0        |0.00         |                       
2022-03-16 |RI301        |2,657.00   |0.00     |0.00     |0.00     |0.00     |2,697.00  |40.00     |40.00     |0         |0           |0        |0.00         |                       
2022-03-16 |RI303        |2,657.00   |0.00     |0.00     |0.00     |0.00     |2,697.00  |40.00     |40.00     |0         |0           |0        |0.00         |                       
2022-03-17 |RI205        |3,022.00   |0.00     |0.00     |0.00     |0.00     |3,040.00  |18.00     |18.00     |0         |0           |0        |0.00         |                       
2022-03-17 |RI207        |2,983.00   |2,981.00 |3,052.00 |2,956.00 |2,956.00 |3,001.00  |-27.00    |18.00     |14        |8           |1        |84.03        |                       
2022-03-17 |RI209        |2,830.00   |0.00     |0.00     |0.00     |0.00     |2,847.00  |17.00     |17.00     |0         |0           |0        |0.00         |                       
2022-03-17 |RI211        |2,697.00   |0.00     |0.00     |0.00     |0.00     |2,713.00  |16.00     |16.00     |0         |0           |0        |0.00         |                       
2022-03-17 |RI301        |2,697.00   |0.00     |0.00     |0.00     |0.00     |2,713.00  |16.00     |16.00     |0         |0           |0        |0.00         |                       
2022-03-17 |RI303        |2,697.00   |0.00     |0.00     |0.00     |0.00     |2,713.00  |16.00     |16.00     |0         |0           |0        |0.00         |                       
2022-03-18 |RI205        |3,040.00   |0.00     |0.00     |0.00     |0.00     |3,045.00  |5.00      |5.00      |0         |0           |0        |0.00         |                       
2022-03-18 |RI207        |3,001.00   |3,000.00 |3,028.00 |2,981.00 |3,021.00 |3,006.00  |20.00     |5.00      |8         |7           |-1       |48.09        |                       
2022-03-18 |RI209        |2,847.00   |0.00     |0.00     |0.00     |0.00     |2,847.00  |0.00      |0.00      |0         |0           |0        |0.00         |                       
2022-03-18 |RI211        |2,713.00   |0.00     |0.00     |0.00     |0.00     |2,718.00  |5.00      |5.00      |0         |0           |0        |0.00         |                       
2022-03-18 |RI301        |2,713.00   |0.00     |0.00     |0.00     |0.00     |2,718.00  |5.00      |5.00      |0         |0           |0        |0.00         |                       
2022-03-18 |RI303        |2,713.00   |0.00     |0.00     |0.00     |0.00     |2,718.00  |5.00      |5.00      |0         |0           |0        |0.00         |                       
2022-03-21 |RI205        |3,045.00   |0.00     |0.00     |0.00     |0.00     |3,056.00  |11.00     |11.00     |0         |0           |0        |0.00         |                       
2022-03-21 |RI207        |3,006.00   |3,021.00 |3,049.00 |2,968.00 |3,022.00 |3,017.00  |16.00     |11.00     |16        |6           |-1       |96.55        |                       
2022-03-21 |RI209        |2,847.00   |0.00     |0.00     |0.00     |0.00     |2,857.00  |10.00     |10.00     |0         |0           |0        |0.00         |                       
2022-03-21 |RI211        |2,718.00   |0.00     |0.00     |0.00     |0.00     |2,728.00  |10.00     |10.00     |0         |0           |0        |0.00         |                       
2022-03-21 |RI301        |2,718.00   |0.00     |0.00     |0.00     |0.00     |2,728.00  |10.00     |10.00     |0         |0           |0        |0.00         |                       
2022-03-21 |RI303        |2,718.00   |0.00     |0.00     |0.00     |0.00     |2,728.00  |10.00     |10.00     |0         |0           |0        |0.00         |                       
2022-03-22 |RI205        |3,056.00   |0.00     |0.00     |0.00     |0.00     |3,026.00  |-30.00    |-30.00    |0         |0           |0        |0.00         |                       
2022-03-22 |RI207        |3,017.00   |3,000.00 |3,028.00 |2,901.00 |2,995.00 |2,987.00  |-22.00    |-30.00    |23        |6           |0        |137.41       |                       
2022-03-22 |RI209        |2,857.00   |0.00     |0.00     |0.00     |0.00     |2,829.00  |-28.00    |-28.00    |0         |0           |0        |0.00         |                       
2022-03-22 |RI211        |2,728.00   |0.00     |0.00     |0.00     |0.00     |2,701.00  |-27.00    |-27.00    |0         |0           |0        |0.00         |                       
2022-03-22 |RI301        |2,728.00   |0.00     |0.00     |0.00     |0.00     |2,701.00  |-27.00    |-27.00    |0         |0           |0        |0.00         |                       
2022-03-22 |RI303        |2,728.00   |0.00     |0.00     |0.00     |0.00     |2,701.00  |-27.00    |-27.00    |0         |0           |0        |0.00         |                       
2022-03-23 |RI205        |3,026.00   |0.00     |0.00     |0.00     |0.00     |3,026.00  |0.00      |0.00      |0         |0           |0        |0.00         |                       
2022-03-23 |RI207        |2,987.00   |0.00     |0.00     |0.00     |0.00     |2,987.00  |0.00      |0.00      |0         |6           |0        |0.00         |                       
2022-03-23 |RI209        |2,829.00   |0.00     |0.00     |0.00     |0.00     |2,829.00  |0.00      |0.00      |0         |0           |0        |0.00         |                       
2022-03-23 |RI211        |2,701.00   |0.00     |0.00     |0.00     |0.00     |2,701.00  |0.00      |0.00      |0         |0           |0        |0.00         |                       
2022-03-23 |RI301        |2,701.00   |0.00     |0.00     |0.00     |0.00     |2,701.00  |0.00      |0.00      |0         |0           |0        |0.00         |                       
2022-03-23 |RI303        |2,701.00   |0.00     |0.00     |0.00     |0.00     |2,701.00  |0.00      |0.00      |0         |0           |0        |0.00         |                       
2022-03-24 |RI205        |3,026.00   |0.00     |0.00     |0.00     |0.00     |3,023.00  |-3.00     |-3.00     |0         |0           |0        |0.00         |                       
2022-03-24 |RI207        |2,987.00   |2,984.00 |2,999.00 |2,960.00 |2,960.00 |2,984.00  |-27.00    |-3.00     |8         |3           |-3       |47.75        |                       
2022-03-24 |RI209        |2,829.00   |0.00     |0.00     |0.00     |0.00     |2,826.00  |-3.00     |-3.00     |0         |0           |0        |0.00         |                       
2022-03-24 |RI211        |2,701.00   |0.00     |0.00     |0.00     |0.00     |2,698.00  |-3.00     |-3.00     |0         |0           |0        |0.00         |                       
2022-03-24 |RI301        |2,701.00   |0.00     |0.00     |0.00     |0.00     |2,698.00  |-3.00     |-3.00     |0         |0           |0        |0.00         |                       
2022-03-24 |RI303        |2,701.00   |0.00     |0.00     |0.00     |0.00     |2,698.00  |-3.00     |-3.00     |0         |0           |0        |0.00         |                       
2022-03-25 |RI205        |3,023.00   |0.00     |0.00     |0.00     |0.00     |3,023.00  |0.00      |0.00      |0         |0           |0        |0.00         |                       
2022-03-25 |RI207        |2,984.00   |0.00     |0.00     |0.00     |0.00     |2,984.00  |0.00      |0.00      |0         |3           |0        |0.00         |                       
2022-03-25 |RI209        |2,826.00   |0.00     |0.00     |0.00     |0.00     |2,826.00  |0.00      |0.00      |0         |0           |0        |0.00         |                       
2022-03-25 |RI211        |2,698.00   |0.00     |0.00     |0.00     |0.00     |2,698.00  |0.00      |0.00      |0         |0           |0        |0.00         |                       
2022-03-25 |RI301        |2,698.00   |0.00     |0.00     |0.00     |0.00     |2,698.00  |0.00      |0.00      |0         |0           |0        |0.00         |                       
2022-03-25 |RI303        |2,698.00   |0.00     |0.00     |0.00     |0.00     |2,698.00  |0.00      |0.00      |0         |0           |0        |0.00         |                       
2022-03-28 |RI205        |3,023.00   |0.00     |0.00     |0.00     |0.00     |3,023.00  |0.00      |0.00      |0         |0           |0        |0.00         |                       
2022-03-28 |RI207        |2,984.00   |0.00     |0.00     |0.00     |0.00     |2,984.00  |0.00      |0.00      |0         |3           |0        |0.00         |                       
2022-03-28 |RI209        |2,826.00   |0.00     |0.00     |0.00     |0.00     |2,826.00  |0.00      |0.00      |0         |0           |0        |0.00         |                       
2022-03-28 |RI211        |2,698.00   |0.00     |0.00     |0.00     |0.00     |2,698.00  |0.00      |0.00      |0         |0           |0        |0.00         |                       
2022-03-28 |RI301        |2,698.00   |0.00     |0.00     |0.00     |0.00     |2,698.00  |0.00      |0.00      |0         |0           |0        |0.00         |                       
2022-03-28 |RI303        |2,698.00   |0.00     |0.00     |0.00     |0.00     |2,698.00  |0.00      |0.00      |0         |0           |0        |0.00         |                       
2022-03-29 |RI205        |3,023.00   |0.00     |0.00     |0.00     |0.00     |3,023.00  |0.00      |0.00      |0         |0           |0        |0.00         |                       
2022-03-29 |RI207        |2,984.00   |0.00     |0.00     |0.00     |0.00     |2,984.00  |0.00      |0.00      |0         |3           |0        |0.00         |                       
2022-03-29 |RI209        |2,826.00   |0.00     |0.00     |0.00     |0.00     |2,826.00  |0.00      |0.00      |0         |0           |0        |0.00         |                       
2022-03-29 |RI211        |2,698.00   |0.00     |0.00     |0.00     |0.00     |2,698.00  |0.00      |0.00      |0         |0           |0        |0.00         |                       
2022-03-29 |RI301        |2,698.00   |0.00     |0.00     |0.00     |0.00     |2,698.00  |0.00      |0.00      |0         |0           |0        |0.00         |                       
2022-03-29 |RI303        |2,698.00   |0.00     |0.00     |0.00     |0.00     |2,698.00  |0.00      |0.00      |0         |0           |0        |0.00         |                       
2022-03-30 |RI205        |3,023.00   |0.00     |0.00     |0.00     |0.00     |2,979.00  |-44.00    |-44.00    |0         |0           |0        |0.00         |                       
2022-03-30 |RI207        |2,984.00   |2,911.00 |2,982.00 |2,911.00 |2,982.00 |2,941.00  |-2.00     |-43.00    |6         |3           |0        |35.29        |                       
2022-03-30 |RI209        |2,826.00   |0.00     |0.00     |0.00     |0.00     |2,826.00  |0.00      |0.00      |0         |0           |0        |0.00         |                       
2022-03-30 |RI211        |2,698.00   |0.00     |0.00     |0.00     |0.00     |2,659.00  |-39.00    |-39.00    |0         |0           |0        |0.00         |                       
2022-03-30 |RI301        |2,698.00   |0.00     |0.00     |0.00     |0.00     |2,659.00  |-39.00    |-39.00    |0         |0           |0        |0.00         |                       
2022-03-30 |RI303        |2,698.00   |0.00     |0.00     |0.00     |0.00     |2,659.00  |-39.00    |-39.00    |0         |0           |0        |0.00         |                       
2022-03-31 |RI205        |2,979.00   |0.00     |0.00     |0.00     |0.00     |2,992.00  |13.00     |13.00     |0         |0           |0        |0.00         |                       
2022-03-31 |RI207        |2,941.00   |2,923.00 |2,984.00 |2,923.00 |2,984.00 |2,954.00  |43.00     |13.00     |2         |3           |0        |11.81        |                       
2022-03-31 |RI209        |2,826.00   |0.00     |0.00     |0.00     |0.00     |2,826.00  |0.00      |0.00      |0         |0           |0        |0.00         |                       
2022-03-31 |RI211        |2,659.00   |0.00     |0.00     |0.00     |0.00     |2,671.00  |12.00     |12.00     |0         |0           |0        |0.00         |                       
2022-03-31 |RI301        |2,659.00   |0.00     |0.00     |0.00     |0.00     |2,671.00  |12.00     |12.00     |0         |0           |0        |0.00         |                       
2022-03-31 |RI303        |2,659.00   |0.00     |0.00     |0.00     |0.00     |2,671.00  |12.00     |12.00     |0         |0           |0        |0.00         |                       
2022-04-01 |RI205        |2,992.00   |0.00     |0.00     |0.00     |0.00     |3,029.00  |37.00     |37.00     |0         |0           |0        |0.00         |                       
2022-04-01 |RI207        |2,954.00   |3,045.00 |3,161.00 |2,811.00 |2,962.00 |2,991.00  |8.00      |37.00     |76        |8           |5        |454.60       |                       
2022-04-01 |RI209        |2,826.00   |0.00     |0.00     |0.00     |0.00     |2,861.00  |35.00     |35.00     |0         |0           |0        |0.00         |                       
2022-04-01 |RI211        |2,671.00   |0.00     |0.00     |0.00     |0.00     |2,704.00  |33.00     |33.00     |0         |0           |0        |0.00         |                       
2022-04-01 |RI301        |2,671.00   |0.00     |0.00     |0.00     |0.00     |2,704.00  |33.00     |33.00     |0         |0           |0        |0.00         |                       
2022-04-01 |RI303        |2,671.00   |0.00     |0.00     |0.00     |0.00     |2,704.00  |33.00     |33.00     |0         |0           |0        |0.00         |                       
2022-04-06 |RI205        |3,029.00   |0.00     |0.00     |0.00     |0.00     |3,033.00  |4.00      |4.00      |0         |0           |0        |0.00         |                       
2022-04-06 |RI207        |2,991.00   |3,007.00 |3,025.00 |2,978.00 |3,023.00 |2,995.00  |32.00     |4.00      |11        |8           |0        |65.90        |                       
2022-04-06 |RI209        |2,861.00   |0.00     |0.00     |0.00     |0.00     |2,865.00  |4.00      |4.00      |0         |0           |0        |0.00         |                       
2022-04-06 |RI211        |2,704.00   |0.00     |0.00     |0.00     |0.00     |2,708.00  |4.00      |4.00      |0         |0           |0        |0.00         |                       
2022-04-06 |RI301        |2,704.00   |0.00     |0.00     |0.00     |0.00     |2,708.00  |4.00      |4.00      |0         |0           |0        |0.00         |                       
2022-04-06 |RI303        |2,704.00   |0.00     |0.00     |0.00     |0.00     |2,708.00  |4.00      |4.00      |0         |0           |0        |0.00         |                       
2022-04-07 |RI205        |3,033.00   |0.00     |0.00     |0.00     |0.00     |3,041.00  |8.00      |8.00      |0         |0           |0        |0.00         |                       
2022-04-07 |RI207        |2,995.00   |3,003.00 |3,007.00 |3,001.00 |3,002.00 |3,003.00  |7.00      |8.00      |5         |5           |-3       |30.03        |                       
2022-04-07 |RI209        |2,865.00   |0.00     |0.00     |0.00     |0.00     |2,873.00  |8.00      |8.00      |0         |0           |0        |0.00         |                       
2022-04-07 |RI211        |2,708.00   |0.00     |0.00     |0.00     |0.00     |2,715.00  |7.00      |7.00      |0         |0           |0        |0.00         |                       
2022-04-07 |RI301        |2,708.00   |0.00     |0.00     |0.00     |0.00     |2,715.00  |7.00      |7.00      |0         |0           |0        |0.00         |                       
2022-04-07 |RI303        |2,708.00   |0.00     |0.00     |0.00     |0.00     |2,715.00  |7.00      |7.00      |0         |0           |0        |0.00         |                       
2022-04-08 |RI205        |3,041.00   |0.00     |0.00     |0.00     |0.00     |3,054.00  |13.00     |13.00     |0         |0           |0        |0.00         |                       
2022-04-08 |RI207        |3,003.00   |3,008.00 |3,021.00 |3,008.00 |3,019.00 |3,016.00  |16.00     |13.00     |6         |6           |1        |36.19        |                       
2022-04-08 |RI209        |2,873.00   |0.00     |0.00     |0.00     |0.00     |2,873.00  |0.00      |0.00      |0         |0           |0        |0.00         |                       
2022-04-08 |RI211        |2,715.00   |0.00     |0.00     |0.00     |0.00     |2,727.00  |12.00     |12.00     |0         |0           |0        |0.00         |                       
2022-04-08 |RI301        |2,715.00   |0.00     |0.00     |0.00     |0.00     |2,727.00  |12.00     |12.00     |0         |0           |0        |0.00         |                       
2022-04-08 |RI303        |2,715.00   |0.00     |0.00     |0.00     |0.00     |2,727.00  |12.00     |12.00     |0         |0           |0        |0.00         |                       
2022-04-11 |RI205        |3,054.00   |0.00     |0.00     |0.00     |0.00     |3,053.00  |-1.00     |-1.00     |0         |0           |0        |0.00         |                       
2022-04-11 |RI207        |3,016.00   |2,994.00 |3,045.00 |2,994.00 |3,034.00 |3,015.00  |18.00     |-1.00     |5         |7           |1        |30.15        |                       
2022-04-11 |RI209        |2,873.00   |0.00     |0.00     |0.00     |0.00     |2,872.00  |-1.00     |-1.00     |0         |0           |0        |0.00         |                       
2022-04-11 |RI211        |2,727.00   |0.00     |0.00     |0.00     |0.00     |2,726.00  |-1.00     |-1.00     |0         |0           |0        |0.00         |                       
2022-04-11 |RI301        |2,727.00   |0.00     |0.00     |0.00     |0.00     |2,726.00  |-1.00     |-1.00     |0         |0           |0        |0.00         |                       
2022-04-11 |RI303        |2,727.00   |0.00     |0.00     |0.00     |0.00     |2,726.00  |-1.00     |-1.00     |0         |0           |0        |0.00         |                       
2022-04-12 |RI205        |3,053.00   |0.00     |0.00     |0.00     |0.00     |3,042.00  |-11.00    |-11.00    |0         |0           |0        |0.00         |                       
2022-04-12 |RI207        |3,015.00   |3,004.00 |3,004.00 |3,004.00 |3,004.00 |3,004.00  |-11.00    |-11.00    |1         |7           |0        |6.01         |                       
2022-04-12 |RI209        |2,872.00   |0.00     |0.00     |0.00     |0.00     |2,862.00  |-10.00    |-10.00    |0         |0           |0        |0.00         |                       
2022-04-12 |RI211        |2,726.00   |0.00     |0.00     |0.00     |0.00     |2,716.00  |-10.00    |-10.00    |0         |0           |0        |0.00         |                       
2022-04-12 |RI301        |2,726.00   |0.00     |0.00     |0.00     |0.00     |2,716.00  |-10.00    |-10.00    |0         |0           |0        |0.00         |                       
2022-04-12 |RI303        |2,726.00   |0.00     |0.00     |0.00     |0.00     |2,716.00  |-10.00    |-10.00    |0         |0           |0        |0.00         |                       
2022-04-13 |RI205        |3,042.00   |0.00     |0.00     |0.00     |0.00     |3,047.00  |5.00      |5.00      |0         |0           |0        |0.00         |                       
2022-04-13 |RI207        |3,004.00   |3,013.00 |3,025.00 |2,981.00 |2,981.00 |3,009.00  |-23.00    |5.00      |5         |7           |0        |30.09        |                       
2022-04-13 |RI209        |2,862.00   |0.00     |0.00     |0.00     |0.00     |2,867.00  |5.00      |5.00      |0         |0           |0        |0.00         |                       
2022-04-13 |RI211        |2,716.00   |0.00     |0.00     |0.00     |0.00     |2,721.00  |5.00      |5.00      |0         |0           |0        |0.00         |                       
2022-04-13 |RI301        |2,716.00   |0.00     |0.00     |0.00     |0.00     |2,721.00  |5.00      |5.00      |0         |0           |0        |0.00         |                       
2022-04-13 |RI303        |2,716.00   |0.00     |0.00     |0.00     |0.00     |2,721.00  |5.00      |5.00      |0         |0           |0        |0.00         |                       
2022-04-14 |RI205        |3,047.00   |0.00     |0.00     |0.00     |0.00     |3,043.00  |-4.00     |-4.00     |0         |0           |0        |0.00         |                       
2022-04-14 |RI207        |3,009.00   |3,011.00 |3,011.00 |2,993.00 |3,011.00 |3,005.00  |2.00      |-4.00     |3         |7           |0        |18.03        |                       
2022-04-14 |RI209        |2,867.00   |0.00     |0.00     |0.00     |0.00     |2,863.00  |-4.00     |-4.00     |0         |0           |0        |0.00         |                       
2022-04-14 |RI211        |2,721.00   |0.00     |0.00     |0.00     |0.00     |2,717.00  |-4.00     |-4.00     |0         |0           |0        |0.00         |                       
2022-04-14 |RI301        |2,721.00   |0.00     |0.00     |0.00     |0.00     |2,717.00  |-4.00     |-4.00     |0         |0           |0        |0.00         |                       
2022-04-14 |RI303        |2,721.00   |0.00     |0.00     |0.00     |0.00     |2,717.00  |-4.00     |-4.00     |0         |0           |0        |0.00         |                       
2022-04-15 |RI205        |3,043.00   |0.00     |0.00     |0.00     |0.00     |3,052.00  |9.00      |9.00      |0         |0           |0        |0.00         |                       
2022-04-15 |RI207        |3,005.00   |3,014.00 |3,014.00 |3,013.00 |3,013.00 |3,014.00  |8.00      |9.00      |2         |7           |0        |12.05        |                       
2022-04-15 |RI209        |2,863.00   |0.00     |0.00     |0.00     |0.00     |2,872.00  |9.00      |9.00      |0         |0           |0        |0.00         |                       
2022-04-15 |RI211        |2,717.00   |0.00     |0.00     |0.00     |0.00     |2,725.00  |8.00      |8.00      |0         |0           |0        |0.00         |                       
2022-04-15 |RI301        |2,717.00   |0.00     |0.00     |0.00     |0.00     |2,725.00  |8.00      |8.00      |0         |0           |0        |0.00         |                       
2022-04-15 |RI303        |2,717.00   |0.00     |0.00     |0.00     |0.00     |2,725.00  |8.00      |8.00      |0         |0           |0        |0.00         |                       
2022-04-18 |RI205        |3,052.00   |0.00     |0.00     |0.00     |0.00     |3,041.00  |-11.00    |-11.00    |0         |0           |0        |0.00         |                       
2022-04-18 |RI207        |3,014.00   |3,004.00 |3,004.00 |3,003.00 |3,003.00 |3,003.00  |-11.00    |-11.00    |5         |4           |-3       |30.03        |                       
2022-04-18 |RI209        |2,872.00   |0.00     |0.00     |0.00     |0.00     |2,862.00  |-10.00    |-10.00    |0         |0           |0        |0.00         |                       
2022-04-18 |RI211        |2,725.00   |0.00     |0.00     |0.00     |0.00     |2,715.00  |-10.00    |-10.00    |0         |0           |0        |0.00         |                       
2022-04-18 |RI301        |2,725.00   |0.00     |0.00     |0.00     |0.00     |2,715.00  |-10.00    |-10.00    |0         |0           |0        |0.00         |                       
2022-04-18 |RI303        |2,725.00   |0.00     |0.00     |0.00     |0.00     |2,715.00  |-10.00    |-10.00    |0         |0           |0        |0.00         |                       
2022-04-19 |RI205        |3,041.00   |0.00     |0.00     |0.00     |0.00     |3,041.00  |0.00      |0.00      |0         |0           |0        |0.00         |                       
2022-04-19 |RI207        |3,003.00   |0.00     |0.00     |0.00     |0.00     |3,003.00  |0.00      |0.00      |0         |4           |0        |0.00         |                       
2022-04-19 |RI209        |2,862.00   |0.00     |0.00     |0.00     |0.00     |2,862.00  |0.00      |0.00      |0         |0           |0        |0.00         |                       
2022-04-19 |RI211        |2,715.00   |0.00     |0.00     |0.00     |0.00     |2,715.00  |0.00      |0.00      |0         |0           |0        |0.00         |                       
2022-04-19 |RI301        |2,715.00   |0.00     |0.00     |0.00     |0.00     |2,715.00  |0.00      |0.00      |0         |0           |0        |0.00         |                       
2022-04-19 |RI303        |2,715.00   |0.00     |0.00     |0.00     |0.00     |2,715.00  |0.00      |0.00      |0         |0           |0        |0.00         |                       
2022-04-20 |RI205        |3,041.00   |0.00     |0.00     |0.00     |0.00     |3,041.00  |0.00      |0.00      |0         |0           |0        |0.00         |                       
2022-04-20 |RI207        |3,003.00   |0.00     |0.00     |0.00     |0.00     |3,003.00  |0.00      |0.00      |0         |4           |0        |0.00         |                       
2022-04-20 |RI209        |2,862.00   |0.00     |0.00     |0.00     |0.00     |2,862.00  |0.00      |0.00      |0         |0           |0        |0.00         |                       
2022-04-20 |RI211        |2,715.00   |0.00     |0.00     |0.00     |0.00     |2,715.00  |0.00      |0.00      |0         |0           |0        |0.00         |                       
2022-04-20 |RI301        |2,715.00   |0.00     |0.00     |0.00     |0.00     |2,715.00  |0.00      |0.00      |0         |0           |0        |0.00         |                       
2022-04-20 |RI303        |2,715.00   |0.00     |0.00     |0.00     |0.00     |2,715.00  |0.00      |0.00      |0         |0           |0        |0.00         |                       
2022-04-21 |RI205        |3,041.00   |0.00     |0.00     |0.00     |0.00     |3,041.00  |0.00      |0.00      |0         |0           |0        |0.00         |                       
2022-04-21 |RI207        |3,003.00   |3,003.00 |3,003.00 |3,003.00 |3,003.00 |3,003.00  |0.00      |0.00      |2         |4           |0        |12.01        |                       
2022-04-21 |RI209        |2,862.00   |0.00     |0.00     |0.00     |0.00     |2,862.00  |0.00      |0.00      |0         |0           |0        |0.00         |                       
2022-04-21 |RI211        |2,715.00   |0.00     |0.00     |0.00     |0.00     |2,715.00  |0.00      |0.00      |0         |0           |0        |0.00         |                       
2022-04-21 |RI301        |2,715.00   |0.00     |0.00     |0.00     |0.00     |2,715.00  |0.00      |0.00      |0         |0           |0        |0.00         |                       
2022-04-21 |RI303        |2,715.00   |0.00     |0.00     |0.00     |0.00     |2,715.00  |0.00      |0.00      |0         |0           |0        |0.00         |                       
2022-04-22 |RI205        |3,041.00   |0.00     |0.00     |0.00     |0.00     |3,041.00  |0.00      |0.00      |0         |0           |0        |0.00         |                       
2022-04-22 |RI207        |3,003.00   |0.00     |0.00     |0.00     |0.00     |3,004.00  |1.00      |1.00      |0         |4           |0        |0.00         |                       
2022-04-22 |RI209        |2,862.00   |0.00     |0.00     |0.00     |0.00     |2,862.00  |0.00      |0.00      |0         |0           |0        |0.00         |                       
2022-04-22 |RI211        |2,715.00   |0.00     |0.00     |0.00     |0.00     |2,715.00  |0.00      |0.00      |0         |0           |0        |0.00         |                       
2022-04-22 |RI301        |2,715.00   |0.00     |0.00     |0.00     |0.00     |2,715.00  |0.00      |0.00      |0         |0           |0        |0.00         |                       
2022-04-22 |RI303        |2,715.00   |0.00     |0.00     |0.00     |0.00     |2,715.00  |0.00      |0.00      |0         |0           |0        |0.00         |                       
2022-04-25 |RI205        |3,041.00   |0.00     |0.00     |0.00     |0.00     |3,031.00  |-10.00    |-10.00    |0         |0           |0        |0.00         |                       
2022-04-25 |RI207        |3,004.00   |2,985.00 |3,009.00 |2,985.00 |2,988.00 |2,994.00  |-16.00    |-10.00    |3         |2           |-2       |17.96        |                       
2022-04-25 |RI209        |2,862.00   |0.00     |0.00     |0.00     |0.00     |2,852.00  |-10.00    |-10.00    |0         |0           |0        |0.00         |                       
2022-04-25 |RI211        |2,715.00   |0.00     |0.00     |0.00     |0.00     |2,706.00  |-9.00     |-9.00     |0         |0           |0        |0.00         |                       
2022-04-25 |RI301        |2,715.00   |0.00     |0.00     |0.00     |0.00     |2,706.00  |-9.00     |-9.00     |0         |0           |0        |0.00         |                       
2022-04-25 |RI303        |2,715.00   |0.00     |0.00     |0.00     |0.00     |2,706.00  |-9.00     |-9.00     |0         |0           |0        |0.00         |                       
2022-04-26 |RI205        |3,031.00   |0.00     |0.00     |0.00     |0.00     |3,031.00  |0.00      |0.00      |0         |0           |0        |0.00         |                       
2022-04-26 |RI207        |2,994.00   |0.00     |0.00     |0.00     |0.00     |2,994.00  |0.00      |0.00      |0         |2           |0        |0.00         |                       
2022-04-26 |RI209        |2,852.00   |0.00     |0.00     |0.00     |0.00     |2,852.00  |0.00      |0.00      |0         |0           |0        |0.00         |                       
2022-04-26 |RI211        |2,706.00   |0.00     |0.00     |0.00     |0.00     |2,706.00  |0.00      |0.00      |0         |0           |0        |0.00         |                       
2022-04-26 |RI301        |2,706.00   |0.00     |0.00     |0.00     |0.00     |2,706.00  |0.00      |0.00      |0         |0           |0        |0.00         |                       
2022-04-26 |RI303        |2,706.00   |0.00     |0.00     |0.00     |0.00     |2,706.00  |0.00      |0.00      |0         |0           |0        |0.00         |                       
2022-04-27 |RI205        |3,031.00   |0.00     |0.00     |0.00     |0.00     |3,031.00  |0.00      |0.00      |0         |0           |0        |0.00         |                       
2022-04-27 |RI207        |2,994.00   |0.00     |0.00     |0.00     |0.00     |2,994.00  |0.00      |0.00      |0         |2           |0        |0.00         |                       
2022-04-27 |RI209        |2,852.00   |0.00     |0.00     |0.00     |0.00     |2,852.00  |0.00      |0.00      |0         |0           |0        |0.00         |                       
2022-04-27 |RI211        |2,706.00   |0.00     |0.00     |0.00     |0.00     |2,706.00  |0.00      |0.00      |0         |0           |0        |0.00         |                       
2022-04-27 |RI301        |2,706.00   |0.00     |0.00     |0.00     |0.00     |2,706.00  |0.00      |0.00      |0         |0           |0        |0.00         |                       
2022-04-27 |RI303        |2,706.00   |0.00     |0.00     |0.00     |0.00     |2,706.00  |0.00      |0.00      |0         |0           |0        |0.00         |                       
2022-04-28 |RI205        |3,031.00   |0.00     |0.00     |0.00     |0.00     |3,031.00  |0.00      |0.00      |0         |0           |0        |0.00         |                       
2022-04-28 |RI207        |2,994.00   |0.00     |0.00     |0.00     |0.00     |2,994.00  |0.00      |0.00      |0         |2           |0        |0.00         |                       
2022-04-28 |RI209        |2,852.00   |0.00     |0.00     |0.00     |0.00     |2,852.00  |0.00      |0.00      |0         |0           |0        |0.00         |                       
2022-04-28 |RI211        |2,706.00   |0.00     |0.00     |0.00     |0.00     |2,706.00  |0.00      |0.00      |0         |0           |0        |0.00         |                       
2022-04-28 |RI301        |2,706.00   |0.00     |0.00     |0.00     |0.00     |2,706.00  |0.00      |0.00      |0         |0           |0        |0.00         |                       
2022-04-28 |RI303        |2,706.00   |0.00     |0.00     |0.00     |0.00     |2,706.00  |0.00      |0.00      |0         |0           |0        |0.00         |                       
2022-04-29 |RI205        |3,031.00   |0.00     |0.00     |0.00     |0.00     |3,031.00  |0.00      |0.00      |0         |0           |0        |0.00         |                       
2022-04-29 |RI207        |2,994.00   |0.00     |0.00     |0.00     |0.00     |2,994.00  |0.00      |0.00      |0         |2           |0        |0.00         |                       
2022-04-29 |RI209        |2,852.00   |0.00     |0.00     |0.00     |0.00     |2,852.00  |0.00      |0.00      |0         |0           |0        |0.00         |                       
2022-04-29 |RI211        |2,706.00   |0.00     |0.00     |0.00     |0.00     |2,706.00  |0.00      |0.00      |0         |0           |0        |0.00         |                       
2022-04-29 |RI301        |2,706.00   |0.00     |0.00     |0.00     |0.00     |2,706.00  |0.00      |0.00      |0         |0           |0        |0.00         |                       
2022-04-29 |RI303        |2,706.00   |0.00     |0.00     |0.00     |0.00     |2,706.00  |0.00      |0.00      |0         |0           |0        |0.00         |                       
2022-05-05 |RI205        |3,031.00   |0.00     |0.00     |0.00     |0.00     |3,031.00  |0.00      |0.00      |0         |0           |0        |0.00         |3,035.00               
2022-05-05 |RI207        |2,994.00   |0.00     |0.00     |0.00     |0.00     |2,994.00  |0.00      |0.00      |0         |2           |0        |0.00         |                       
2022-05-05 |RI209        |2,852.00   |0.00     |0.00     |0.00     |0.00     |2,852.00  |0.00      |0.00      |0         |0           |0        |0.00         |                       
2022-05-05 |RI211        |2,706.00   |0.00     |0.00     |0.00     |0.00     |2,706.00  |0.00      |0.00      |0         |0           |0        |0.00         |                       
2022-05-05 |RI301        |2,706.00   |0.00     |0.00     |0.00     |0.00     |2,706.00  |0.00      |0.00      |0         |0           |0        |0.00         |                       
2022-05-05 |RI303        |2,706.00   |0.00     |0.00     |0.00     |0.00     |2,706.00  |0.00      |0.00      |0         |0           |0        |0.00         |                       
2022-05-06 |RI205        |3,031.00   |0.00     |0.00     |0.00     |0.00     |3,031.00  |0.00      |0.00      |0         |0           |0        |0.00         |3,034.00               
2022-05-06 |RI207        |2,994.00   |0.00     |0.00     |0.00     |0.00     |2,994.00  |0.00      |0.00      |0         |2           |0        |0.00         |                       
2022-05-06 |RI209        |2,852.00   |0.00     |0.00     |0.00     |0.00     |2,852.00  |0.00      |0.00      |0         |0           |0        |0.00         |                       
2022-05-06 |RI211        |2,706.00   |0.00     |0.00     |0.00     |0.00     |2,706.00  |0.00      |0.00      |0         |0           |0        |0.00         |                       
2022-05-06 |RI301        |2,706.00   |0.00     |0.00     |0.00     |0.00     |2,706.00  |0.00      |0.00      |0         |0           |0        |0.00         |                       
2022-05-06 |RI303        |2,706.00   |0.00     |0.00     |0.00     |0.00     |2,706.00  |0.00      |0.00      |0         |0           |0        |0.00         |                       
2022-05-09 |RI205        |3,031.00   |0.00     |0.00     |0.00     |0.00     |3,012.00  |-19.00    |-19.00    |0         |0           |0        |0.00         |3,031.00               
2022-05-09 |RI207        |2,994.00   |2,850.00 |3,019.00 |2,850.00 |3,001.00 |2,975.00  |7.00      |-19.00    |8         |3           |1        |47.60        |                       
2022-05-09 |RI209        |2,852.00   |0.00     |0.00     |0.00     |0.00     |2,852.00  |0.00      |0.00      |0         |0           |0        |0.00         |                       
2022-05-09 |RI211        |2,706.00   |0.00     |0.00     |0.00     |0.00     |2,689.00  |-17.00    |-17.00    |0         |0           |0        |0.00         |                       
2022-05-09 |RI301        |2,706.00   |0.00     |0.00     |0.00     |0.00     |2,689.00  |-17.00    |-17.00    |0         |0           |0        |0.00         |                       
2022-05-09 |RI303        |2,706.00   |0.00     |0.00     |0.00     |0.00     |2,689.00  |-17.00    |-17.00    |0         |0           |0        |0.00         |                       
2022-05-10 |RI205        |3,012.00   |0.00     |0.00     |0.00     |0.00     |3,012.00  |0.00      |0.00      |0         |0           |0        |0.00         |3,028.00               
2022-05-10 |RI207        |2,975.00   |0.00     |0.00     |0.00     |0.00     |2,975.00  |0.00      |0.00      |0         |3           |0        |0.00         |                       
2022-05-10 |RI209        |2,852.00   |0.00     |0.00     |0.00     |0.00     |2,852.00  |0.00      |0.00      |0         |0           |0        |0.00         |                       
2022-05-10 |RI211        |2,689.00   |0.00     |0.00     |0.00     |0.00     |2,689.00  |0.00      |0.00      |0         |0           |0        |0.00         |                       
2022-05-10 |RI301        |2,689.00   |0.00     |0.00     |0.00     |0.00     |2,689.00  |0.00      |0.00      |0         |0           |0        |0.00         |                       
2022-05-10 |RI303        |2,689.00   |0.00     |0.00     |0.00     |0.00     |2,689.00  |0.00      |0.00      |0         |0           |0        |0.00         |                       
2022-05-11 |RI205        |3,012.00   |0.00     |0.00     |0.00     |0.00     |3,012.00  |0.00      |0.00      |0         |0           |0        |0.00         |3,025.00               
2022-05-11 |RI207        |2,975.00   |0.00     |0.00     |0.00     |0.00     |2,975.00  |0.00      |0.00      |0         |3           |0        |0.00         |                       
2022-05-11 |RI209        |2,852.00   |0.00     |0.00     |0.00     |0.00     |2,852.00  |0.00      |0.00      |0         |0           |0        |0.00         |                       
2022-05-11 |RI211        |2,689.00   |0.00     |0.00     |0.00     |0.00     |2,689.00  |0.00      |0.00      |0         |0           |0        |0.00         |                       
2022-05-11 |RI301        |2,689.00   |0.00     |0.00     |0.00     |0.00     |2,689.00  |0.00      |0.00      |0         |0           |0        |0.00         |                       
2022-05-11 |RI303        |2,689.00   |0.00     |0.00     |0.00     |0.00     |2,689.00  |0.00      |0.00      |0         |0           |0        |0.00         |                       
2022-05-12 |RI205        |3,012.00   |0.00     |0.00     |0.00     |0.00     |3,012.00  |0.00      |0.00      |0         |0           |0        |0.00         |3,023.00               
2022-05-12 |RI207        |2,975.00   |0.00     |0.00     |0.00     |0.00     |2,975.00  |0.00      |0.00      |0         |3           |0        |0.00         |                       
2022-05-12 |RI209        |2,852.00   |0.00     |0.00     |0.00     |0.00     |2,852.00  |0.00      |0.00      |0         |0           |0        |0.00         |                       
2022-05-12 |RI211        |2,689.00   |0.00     |0.00     |0.00     |0.00     |2,689.00  |0.00      |0.00      |0         |0           |0        |0.00         |                       
2022-05-12 |RI301        |2,689.00   |0.00     |0.00     |0.00     |0.00     |2,689.00  |0.00      |0.00      |0         |0           |0        |0.00         |                       
2022-05-12 |RI303        |2,689.00   |0.00     |0.00     |0.00     |0.00     |2,689.00  |0.00      |0.00      |0         |0           |0        |0.00         |                       
2022-05-13 |RI205        |3,012.00   |0.00     |0.00     |0.00     |0.00     |3,012.00  |0.00      |0.00      |0         |0           |0        |0.00         |3,022.00               
2022-05-13 |RI207        |2,975.00   |0.00     |0.00     |0.00     |0.00     |2,975.00  |0.00      |0.00      |0         |3           |0        |0.00         |                       
2022-05-13 |RI209        |2,852.00   |0.00     |0.00     |0.00     |0.00     |2,852.00  |0.00      |0.00      |0         |0           |0        |0.00         |                       
2022-05-13 |RI211        |2,689.00   |0.00     |0.00     |0.00     |0.00     |2,689.00  |0.00      |0.00      |0         |0           |0        |0.00         |                       
2022-05-13 |RI301        |2,689.00   |0.00     |0.00     |0.00     |0.00     |2,689.00  |0.00      |0.00      |0         |0           |0        |0.00         |                       
2022-05-13 |RI303        |2,689.00   |0.00     |0.00     |0.00     |0.00     |2,689.00  |0.00      |0.00      |0         |0           |0        |0.00         |                       
2022-05-16 |RI205        |3,012.00   |0.00     |0.00     |0.00     |0.00     |3,012.00  |0.00      |0.00      |0         |0           |0        |0.00         |3,020.00               
2022-05-16 |RI207        |2,975.00   |0.00     |0.00     |0.00     |0.00     |2,975.00  |0.00      |0.00      |0         |3           |0        |0.00         |                       
2022-05-16 |RI209        |2,852.00   |0.00     |0.00     |0.00     |0.00     |2,852.00  |0.00      |0.00      |0         |0           |0        |0.00         |                       
2022-05-16 |RI211        |2,689.00   |0.00     |0.00     |0.00     |0.00     |2,689.00  |0.00      |0.00      |0         |0           |0        |0.00         |                       
2022-05-16 |RI301        |2,689.00   |0.00     |0.00     |0.00     |0.00     |2,689.00  |0.00      |0.00      |0         |0           |0        |0.00         |                       
2022-05-16 |RI303        |2,689.00   |0.00     |0.00     |0.00     |0.00     |2,689.00  |0.00      |0.00      |0         |0           |0        |0.00         |                       
2022-05-17 |RI205        |3,012.00   |0.00     |0.00     |0.00     |0.00     |3,012.00  |0.00      |0.00      |0         |0           |0        |0.00         |3,018.00               
2022-05-17 |RI207        |2,975.00   |0.00     |0.00     |0.00     |0.00     |2,975.00  |0.00      |0.00      |0         |3           |0        |0.00         |                       
2022-05-17 |RI209        |2,852.00   |0.00     |0.00     |0.00     |0.00     |2,852.00  |0.00      |0.00      |0         |0           |0        |0.00         |                       
2022-05-17 |RI211        |2,689.00   |0.00     |0.00     |0.00     |0.00     |2,689.00  |0.00      |0.00      |0         |0           |0        |0.00         |                       
2022-05-17 |RI301        |2,689.00   |0.00     |0.00     |0.00     |0.00     |2,689.00  |0.00      |0.00      |0         |0           |0        |0.00         |                       
2022-05-17 |RI303        |2,689.00   |0.00     |0.00     |0.00     |0.00     |2,689.00  |0.00      |0.00      |0         |0           |0        |0.00         |                       
2022-05-18 |RI205        |3,012.00   |0.00     |0.00     |0.00     |0.00     |3,012.00  |0.00      |0.00      |0         |0           |0        |0.00         |3,016.00               
2022-05-18 |RI207        |2,975.00   |0.00     |0.00     |0.00     |0.00     |2,975.00  |0.00      |0.00      |0         |3           |0        |0.00         |                       
2022-05-18 |RI209        |2,852.00   |0.00     |0.00     |0.00     |0.00     |2,852.00  |0.00      |0.00      |0         |0           |0        |0.00         |                       
2022-05-18 |RI211        |2,689.00   |0.00     |0.00     |0.00     |0.00     |2,689.00  |0.00      |0.00      |0         |0           |0        |0.00         |                       
2022-05-18 |RI301        |2,689.00   |0.00     |0.00     |0.00     |0.00     |2,689.00  |0.00      |0.00      |0         |0           |0        |0.00         |                       
2022-05-18 |RI303        |2,689.00   |0.00     |0.00     |0.00     |0.00     |2,689.00  |0.00      |0.00      |0         |0           |0        |0.00         |                       
2022-05-19 |RI207        |2,975.00   |0.00     |0.00     |0.00     |0.00     |2,975.00  |0.00      |0.00      |0         |3           |0        |0.00         |                       
2022-05-19 |RI209        |2,852.00   |0.00     |0.00     |0.00     |0.00     |2,852.00  |0.00      |0.00      |0         |0           |0        |0.00         |                       
2022-05-19 |RI211        |2,689.00   |0.00     |0.00     |0.00     |0.00     |2,689.00  |0.00      |0.00      |0         |0           |0        |0.00         |                       
2022-05-19 |RI301        |2,689.00   |0.00     |0.00     |0.00     |0.00     |2,689.00  |0.00      |0.00      |0         |0           |0        |0.00         |                       
2022-05-19 |RI303        |2,689.00   |0.00     |0.00     |0.00     |0.00     |2,689.00  |0.00      |0.00      |0         |0           |0        |0.00         |                       
2022-05-19 |RI305        |2,689.00   |0.00     |0.00     |0.00     |0.00     |2,689.00  |0.00      |0.00      |0         |0           |0        |0.00         |                       
2022-05-20 |RI207        |2,975.00   |0.00     |0.00     |0.00     |0.00     |2,975.00  |0.00      |0.00      |0         |3           |0        |0.00         |                       
2022-05-20 |RI209        |2,852.00   |0.00     |0.00     |0.00     |0.00     |2,852.00  |0.00      |0.00      |0         |0           |0        |0.00         |                       
2022-05-20 |RI211        |2,689.00   |0.00     |0.00     |0.00     |0.00     |2,689.00  |0.00      |0.00      |0         |0           |0        |0.00         |                       
2022-05-20 |RI301        |2,689.00   |0.00     |0.00     |0.00     |0.00     |2,689.00  |0.00      |0.00      |0         |0           |0        |0.00         |                       
2022-05-20 |RI303        |2,689.00   |0.00     |0.00     |0.00     |0.00     |2,689.00  |0.00      |0.00      |0         |0           |0        |0.00         |                       
2022-05-20 |RI305        |2,689.00   |0.00     |0.00     |0.00     |0.00     |2,689.00  |0.00      |0.00      |0         |0           |0        |0.00         |                       
2022-05-23 |RI207        |2,975.00   |0.00     |0.00     |0.00     |0.00     |2,975.00  |0.00      |0.00      |0         |3           |0        |0.00         |                       
2022-05-23 |RI209        |2,852.00   |0.00     |0.00     |0.00     |0.00     |2,852.00  |0.00      |0.00      |0         |0           |0        |0.00         |                       
2022-05-23 |RI211        |2,689.00   |0.00     |0.00     |0.00     |0.00     |2,689.00  |0.00      |0.00      |0         |0           |0        |0.00         |                       
2022-05-23 |RI301        |2,689.00   |0.00     |0.00     |0.00     |0.00     |2,689.00  |0.00      |0.00      |0         |0           |0        |0.00         |                       
2022-05-23 |RI303        |2,689.00   |0.00     |0.00     |0.00     |0.00     |2,689.00  |0.00      |0.00      |0         |0           |0        |0.00         |                       
2022-05-23 |RI305        |2,689.00   |0.00     |0.00     |0.00     |0.00     |2,689.00  |0.00      |0.00      |0         |0           |0        |0.00         |                       
2022-05-24 |RI207        |2,975.00   |0.00     |0.00     |0.00     |0.00     |2,975.00  |0.00      |0.00      |0         |3           |0        |0.00         |                       
2022-05-24 |RI209        |2,852.00   |0.00     |0.00     |0.00     |0.00     |2,852.00  |0.00      |0.00      |0         |0           |0        |0.00         |                       
2022-05-24 |RI211        |2,689.00   |0.00     |0.00     |0.00     |0.00     |2,689.00  |0.00      |0.00      |0         |0           |0        |0.00         |                       
2022-05-24 |RI301        |2,689.00   |0.00     |0.00     |0.00     |0.00     |2,689.00  |0.00      |0.00      |0         |0           |0        |0.00         |                       
2022-05-24 |RI303        |2,689.00   |0.00     |0.00     |0.00     |0.00     |2,689.00  |0.00      |0.00      |0         |0           |0        |0.00         |                       
2022-05-24 |RI305        |2,689.00   |0.00     |0.00     |0.00     |0.00     |2,689.00  |0.00      |0.00      |0         |0           |0        |0.00         |                       
2022-05-25 |RI207        |2,975.00   |0.00     |0.00     |0.00     |0.00     |2,975.00  |0.00      |0.00      |0         |3           |0        |0.00         |                       
2022-05-25 |RI209        |2,852.00   |0.00     |0.00     |0.00     |0.00     |2,852.00  |0.00      |0.00      |0         |0           |0        |0.00         |                       
2022-05-25 |RI211        |2,689.00   |0.00     |0.00     |0.00     |0.00     |2,689.00  |0.00      |0.00      |0         |0           |0        |0.00         |                       
2022-05-25 |RI301        |2,689.00   |0.00     |0.00     |0.00     |0.00     |2,689.00  |0.00      |0.00      |0         |0           |0        |0.00         |                       
2022-05-25 |RI303        |2,689.00   |0.00     |0.00     |0.00     |0.00     |2,689.00  |0.00      |0.00      |0         |0           |0        |0.00         |                       
2022-05-25 |RI305        |2,689.00   |0.00     |0.00     |0.00     |0.00     |2,689.00  |0.00      |0.00      |0         |0           |0        |0.00         |                       
2022-05-26 |RI207        |2,975.00   |0.00     |0.00     |0.00     |0.00     |2,975.00  |0.00      |0.00      |0         |3           |0        |0.00         |                       
2022-05-26 |RI209        |2,852.00   |0.00     |0.00     |0.00     |0.00     |2,852.00  |0.00      |0.00      |0         |0           |0        |0.00         |                       
2022-05-26 |RI211        |2,689.00   |0.00     |0.00     |0.00     |0.00     |2,689.00  |0.00      |0.00      |0         |0           |0        |0.00         |                       
2022-05-26 |RI301        |2,689.00   |0.00     |0.00     |0.00     |0.00     |2,689.00  |0.00      |0.00      |0         |0           |0        |0.00         |                       
2022-05-26 |RI303        |2,689.00   |0.00     |0.00     |0.00     |0.00     |2,689.00  |0.00      |0.00      |0         |0           |0        |0.00         |                       
2022-05-26 |RI305        |2,689.00   |0.00     |0.00     |0.00     |0.00     |2,689.00  |0.00      |0.00      |0         |0           |0        |0.00         |                       
2022-05-27 |RI207        |2,975.00   |0.00     |0.00     |0.00     |0.00     |2,975.00  |0.00      |0.00      |0         |3           |0        |0.00         |                       
2022-05-27 |RI209        |2,852.00   |0.00     |0.00     |0.00     |0.00     |2,852.00  |0.00      |0.00      |0         |0           |0        |0.00         |                       
2022-05-27 |RI211        |2,689.00   |0.00     |0.00     |0.00     |0.00     |2,689.00  |0.00      |0.00      |0         |0           |0        |0.00         |                       
2022-05-27 |RI301        |2,689.00   |0.00     |0.00     |0.00     |0.00     |2,689.00  |0.00      |0.00      |0         |0           |0        |0.00         |                       
2022-05-27 |RI303        |2,689.00   |0.00     |0.00     |0.00     |0.00     |2,689.00  |0.00      |0.00      |0         |0           |0        |0.00         |                       
2022-05-27 |RI305        |2,689.00   |0.00     |0.00     |0.00     |0.00     |2,689.00  |0.00      |0.00      |0         |0           |0        |0.00         |                       
2022-05-30 |RI207        |2,975.00   |0.00     |0.00     |0.00     |0.00     |2,975.00  |0.00      |0.00      |0         |3           |0        |0.00         |                       
2022-05-30 |RI209        |2,852.00   |0.00     |0.00     |0.00     |0.00     |2,852.00  |0.00      |0.00      |0         |0           |0        |0.00         |                       
2022-05-30 |RI211        |2,689.00   |0.00     |0.00     |0.00     |0.00     |2,689.00  |0.00      |0.00      |0         |0           |0        |0.00         |                       
2022-05-30 |RI301        |2,689.00   |0.00     |0.00     |0.00     |0.00     |2,689.00  |0.00      |0.00      |0         |0           |0        |0.00         |                       
2022-05-30 |RI303        |2,689.00   |0.00     |0.00     |0.00     |0.00     |2,689.00  |0.00      |0.00      |0         |0           |0        |0.00         |                       
2022-05-30 |RI305        |2,689.00   |0.00     |0.00     |0.00     |0.00     |2,689.00  |0.00      |0.00      |0         |0           |0        |0.00         |                       
2022-05-31 |RI207        |2,975.00   |0.00     |0.00     |0.00     |0.00     |2,975.00  |0.00      |0.00      |0         |3           |0        |0.00         |                       
2022-05-31 |RI209        |2,852.00   |0.00     |0.00     |0.00     |0.00     |2,852.00  |0.00      |0.00      |0         |0           |0        |0.00         |                       
2022-05-31 |RI211        |2,689.00   |0.00     |0.00     |0.00     |0.00     |2,689.00  |0.00      |0.00      |0         |0           |0        |0.00         |                       
2022-05-31 |RI301        |2,689.00   |0.00     |0.00     |0.00     |0.00     |2,689.00  |0.00      |0.00      |0         |0           |0        |0.00         |                       
2022-05-31 |RI303        |2,689.00   |0.00     |0.00     |0.00     |0.00     |2,689.00  |0.00      |0.00      |0         |0           |0        |0.00         |                       
2022-05-31 |RI305        |2,689.00   |0.00     |0.00     |0.00     |0.00     |2,689.00  |0.00      |0.00      |0         |0           |0        |0.00         |                       
2022-06-01 |RI207        |2,975.00   |0.00     |0.00     |0.00     |0.00     |2,975.00  |0.00      |0.00      |0         |3           |0        |0.00         |                       
2022-06-01 |RI209        |2,852.00   |0.00     |0.00     |0.00     |0.00     |2,852.00  |0.00      |0.00      |0         |0           |0        |0.00         |                       
2022-06-01 |RI211        |2,689.00   |0.00     |0.00     |0.00     |0.00     |2,689.00  |0.00      |0.00      |0         |0           |0        |0.00         |                       
2022-06-01 |RI301        |2,689.00   |0.00     |0.00     |0.00     |0.00     |2,689.00  |0.00      |0.00      |0         |0           |0        |0.00         |                       
2022-06-01 |RI303        |2,689.00   |0.00     |0.00     |0.00     |0.00     |2,689.00  |0.00      |0.00      |0         |0           |0        |0.00         |                       
2022-06-01 |RI305        |2,689.00   |0.00     |0.00     |0.00     |0.00     |2,689.00  |0.00      |0.00      |0         |0           |0        |0.00         |                       
2022-06-02 |RI207        |2,975.00   |0.00     |0.00     |0.00     |0.00     |2,975.00  |0.00      |0.00      |0         |3           |0        |0.00         |                       
2022-06-02 |RI209        |2,852.00   |0.00     |0.00     |0.00     |0.00     |2,852.00  |0.00      |0.00      |0         |0           |0        |0.00         |                       
2022-06-02 |RI211        |2,689.00   |0.00     |0.00     |0.00     |0.00     |2,689.00  |0.00      |0.00      |0         |0           |0        |0.00         |                       
2022-06-02 |RI301        |2,689.00   |0.00     |0.00     |0.00     |0.00     |2,689.00  |0.00      |0.00      |0         |0           |0        |0.00         |                       
2022-06-02 |RI303        |2,689.00   |0.00     |0.00     |0.00     |0.00     |2,689.00  |0.00      |0.00      |0         |0           |0        |0.00         |                       
2022-06-02 |RI305        |2,689.00   |0.00     |0.00     |0.00     |0.00     |2,689.00  |0.00      |0.00      |0         |0           |0        |0.00         |                       
2022-06-06 |RI207        |2,975.00   |0.00     |0.00     |0.00     |0.00     |2,975.00  |0.00      |0.00      |0         |3           |0        |0.00         |                       
2022-06-06 |RI209        |2,852.00   |0.00     |0.00     |0.00     |0.00     |2,852.00  |0.00      |0.00      |0         |0           |0        |0.00         |                       
2022-06-06 |RI211        |2,689.00   |0.00     |0.00     |0.00     |0.00     |2,689.00  |0.00      |0.00      |0         |0           |0        |0.00         |                       
2022-06-06 |RI301        |2,689.00   |0.00     |0.00     |0.00     |0.00     |2,689.00  |0.00      |0.00      |0         |0           |0        |0.00         |                       
2022-06-06 |RI303        |2,689.00   |0.00     |0.00     |0.00     |0.00     |2,689.00  |0.00      |0.00      |0         |0           |0        |0.00         |                       
2022-06-06 |RI305        |2,689.00   |0.00     |0.00     |0.00     |0.00     |2,689.00  |0.00      |0.00      |0         |0           |0        |0.00         |                       
2022-06-07 |RI207        |2,975.00   |0.00     |0.00     |0.00     |0.00     |2,975.00  |0.00      |0.00      |0         |3           |0        |0.00         |                       
2022-06-07 |RI209        |2,852.00   |0.00     |0.00     |0.00     |0.00     |2,852.00  |0.00      |0.00      |0         |0           |0        |0.00         |                       
2022-06-07 |RI211        |2,689.00   |0.00     |0.00     |0.00     |0.00     |2,689.00  |0.00      |0.00      |0         |0           |0        |0.00         |                       
2022-06-07 |RI301        |2,689.00   |0.00     |0.00     |0.00     |0.00     |2,689.00  |0.00      |0.00      |0         |0           |0        |0.00         |                       
2022-06-07 |RI303        |2,689.00   |0.00     |0.00     |0.00     |0.00     |2,689.00  |0.00      |0.00      |0         |0           |0        |0.00         |                       
2022-06-07 |RI305        |2,689.00   |0.00     |0.00     |0.00     |0.00     |2,689.00  |0.00      |0.00      |0         |0           |0        |0.00         |                       
2022-06-08 |RI207        |2,975.00   |0.00     |0.00     |0.00     |0.00     |2,975.00  |0.00      |0.00      |0         |3           |0        |0.00         |                       
2022-06-08 |RI209        |2,852.00   |0.00     |0.00     |0.00     |0.00     |2,852.00  |0.00      |0.00      |0         |0           |0        |0.00         |                       
2022-06-08 |RI211        |2,689.00   |0.00     |0.00     |0.00     |0.00     |2,689.00  |0.00      |0.00      |0         |0           |0        |0.00         |                       
2022-06-08 |RI301        |2,689.00   |0.00     |0.00     |0.00     |0.00     |2,689.00  |0.00      |0.00      |0         |0           |0        |0.00         |                       
2022-06-08 |RI303        |2,689.00   |0.00     |0.00     |0.00     |0.00     |2,689.00  |0.00      |0.00      |0         |0           |0        |0.00         |                       
2022-06-08 |RI305        |2,689.00   |0.00     |0.00     |0.00     |0.00     |2,689.00  |0.00      |0.00      |0         |0           |0        |0.00         |                       
2022-06-09 |RI207        |2,975.00   |0.00     |0.00     |0.00     |0.00     |2,975.00  |0.00      |0.00      |0         |3           |0        |0.00         |                       
2022-06-09 |RI209        |2,852.00   |0.00     |0.00     |0.00     |0.00     |2,852.00  |0.00      |0.00      |0         |0           |0        |0.00         |                       
2022-06-09 |RI211        |2,689.00   |0.00     |0.00     |0.00     |0.00     |2,689.00  |0.00      |0.00      |0         |0           |0        |0.00         |                       
2022-06-09 |RI301        |2,689.00   |0.00     |0.00     |0.00     |0.00     |2,689.00  |0.00      |0.00      |0         |0           |0        |0.00         |                       
2022-06-09 |RI303        |2,689.00   |0.00     |0.00     |0.00     |0.00     |2,689.00  |0.00      |0.00      |0         |0           |0        |0.00         |                       
2022-06-09 |RI305        |2,689.00   |0.00     |0.00     |0.00     |0.00     |2,689.00  |0.00      |0.00      |0         |0           |0        |0.00         |                       
2022-06-10 |RI207        |2,975.00   |0.00     |0.00     |0.00     |0.00     |2,975.00  |0.00      |0.00      |0         |3           |0        |0.00         |                       
2022-06-10 |RI209        |2,852.00   |0.00     |0.00     |0.00     |0.00     |2,852.00  |0.00      |0.00      |0         |0           |0        |0.00         |                       
2022-06-10 |RI211        |2,689.00   |0.00     |0.00     |0.00     |0.00     |2,689.00  |0.00      |0.00      |0         |0           |0        |0.00         |                       
2022-06-10 |RI301        |2,689.00   |0.00     |0.00     |0.00     |0.00     |2,689.00  |0.00      |0.00      |0         |0           |0        |0.00         |                       
2022-06-10 |RI303        |2,689.00   |0.00     |0.00     |0.00     |0.00     |2,689.00  |0.00      |0.00      |0         |0           |0        |0.00         |                       
2022-06-10 |RI305        |2,689.00   |0.00     |0.00     |0.00     |0.00     |2,689.00  |0.00      |0.00      |0         |0           |0        |0.00         |                       
2022-06-13 |RI207        |2,975.00   |0.00     |0.00     |0.00     |0.00     |2,975.00  |0.00      |0.00      |0         |3           |0        |0.00         |                       
2022-06-13 |RI209        |2,852.00   |0.00     |0.00     |0.00     |0.00     |2,852.00  |0.00      |0.00      |0         |0           |0        |0.00         |                       
2022-06-13 |RI211        |2,689.00   |0.00     |0.00     |0.00     |0.00     |2,689.00  |0.00      |0.00      |0         |0           |0        |0.00         |                       
2022-06-13 |RI301        |2,689.00   |0.00     |0.00     |0.00     |0.00     |2,689.00  |0.00      |0.00      |0         |0           |0        |0.00         |                       
2022-06-13 |RI303        |2,689.00   |0.00     |0.00     |0.00     |0.00     |2,689.00  |0.00      |0.00      |0         |0           |0        |0.00         |                       
2022-06-13 |RI305        |2,689.00   |0.00     |0.00     |0.00     |0.00     |2,689.00  |0.00      |0.00      |0         |0           |0        |0.00         |                       
2022-06-14 |RI207        |2,975.00   |0.00     |0.00     |0.00     |0.00     |2,975.00  |0.00      |0.00      |0         |3           |0        |0.00         |                       
2022-06-14 |RI209        |2,852.00   |0.00     |0.00     |0.00     |0.00     |2,852.00  |0.00      |0.00      |0         |0           |0        |0.00         |                       
2022-06-14 |RI211        |2,689.00   |0.00     |0.00     |0.00     |0.00     |2,689.00  |0.00      |0.00      |0         |0           |0        |0.00         |                       
2022-06-14 |RI301        |2,689.00   |0.00     |0.00     |0.00     |0.00     |2,689.00  |0.00      |0.00      |0         |0           |0        |0.00         |                       
2022-06-14 |RI303        |2,689.00   |0.00     |0.00     |0.00     |0.00     |2,689.00  |0.00      |0.00      |0         |0           |0        |0.00         |                       
2022-06-14 |RI305        |2,689.00   |0.00     |0.00     |0.00     |0.00     |2,689.00  |0.00      |0.00      |0         |0           |0        |0.00         |                       
2022-06-15 |RI207        |2,975.00   |0.00     |0.00     |0.00     |0.00     |2,975.00  |0.00      |0.00      |0         |3           |0        |0.00         |                       
2022-06-15 |RI209        |2,852.00   |0.00     |0.00     |0.00     |0.00     |2,852.00  |0.00      |0.00      |0         |0           |0        |0.00         |                       
2022-06-15 |RI211        |2,689.00   |0.00     |0.00     |0.00     |0.00     |2,689.00  |0.00      |0.00      |0         |0           |0        |0.00         |                       
2022-06-15 |RI301        |2,689.00   |0.00     |0.00     |0.00     |0.00     |2,689.00  |0.00      |0.00      |0         |0           |0        |0.00         |                       
2022-06-15 |RI303        |2,689.00   |0.00     |0.00     |0.00     |0.00     |2,689.00  |0.00      |0.00      |0         |0           |0        |0.00         |                       
2022-06-15 |RI305        |2,689.00   |0.00     |0.00     |0.00     |0.00     |2,689.00  |0.00      |0.00      |0         |0           |0        |0.00         |                       
2022-06-16 |RI207        |2,975.00   |0.00     |0.00     |0.00     |0.00     |2,975.00  |0.00      |0.00      |0         |3           |0        |0.00         |                       
2022-06-16 |RI209        |2,852.00   |0.00     |0.00     |0.00     |0.00     |2,852.00  |0.00      |0.00      |0         |0           |0        |0.00         |                       
2022-06-16 |RI211        |2,689.00   |0.00     |0.00     |0.00     |0.00     |2,689.00  |0.00      |0.00      |0         |0           |0        |0.00         |                       
2022-06-16 |RI301        |2,689.00   |0.00     |0.00     |0.00     |0.00     |2,689.00  |0.00      |0.00      |0         |0           |0        |0.00         |                       
2022-06-16 |RI303        |2,689.00   |0.00     |0.00     |0.00     |0.00     |2,689.00  |0.00      |0.00      |0         |0           |0        |0.00         |                       
2022-06-16 |RI305        |2,689.00   |0.00     |0.00     |0.00     |0.00     |2,689.00  |0.00      |0.00      |0         |0           |0        |0.00         |                       
2022-06-17 |RI207        |2,975.00   |0.00     |0.00     |0.00     |0.00     |2,975.00  |0.00      |0.00      |0         |3           |0        |0.00         |                       
2022-06-17 |RI209        |2,852.00   |0.00     |0.00     |0.00     |0.00     |2,852.00  |0.00      |0.00      |0         |0           |0        |0.00         |                       
2022-06-17 |RI211        |2,689.00   |0.00     |0.00     |0.00     |0.00     |2,689.00  |0.00      |0.00      |0         |0           |0        |0.00         |                       
2022-06-17 |RI301        |2,689.00   |0.00     |0.00     |0.00     |0.00     |2,689.00  |0.00      |0.00      |0         |0           |0        |0.00         |                       
2022-06-17 |RI303        |2,689.00   |0.00     |0.00     |0.00     |0.00     |2,689.00  |0.00      |0.00      |0         |0           |0        |0.00         |                       
2022-06-17 |RI305        |2,689.00   |0.00     |0.00     |0.00     |0.00     |2,689.00  |0.00      |0.00      |0         |0           |0        |0.00         |                       
2022-06-20 |RI207        |2,975.00   |0.00     |0.00     |0.00     |0.00     |2,975.00  |0.00      |0.00      |0         |3           |0        |0.00         |                       
2022-06-20 |RI209        |2,852.00   |0.00     |0.00     |0.00     |0.00     |2,852.00  |0.00      |0.00      |0         |0           |0        |0.00         |                       
2022-06-20 |RI211        |2,689.00   |0.00     |0.00     |0.00     |0.00     |2,689.00  |0.00      |0.00      |0         |0           |0        |0.00         |                       
2022-06-20 |RI301        |2,689.00   |0.00     |0.00     |0.00     |0.00     |2,689.00  |0.00      |0.00      |0         |0           |0        |0.00         |                       
2022-06-20 |RI303        |2,689.00   |0.00     |0.00     |0.00     |0.00     |2,689.00  |0.00      |0.00      |0         |0           |0        |0.00         |                       
2022-06-20 |RI305        |2,689.00   |0.00     |0.00     |0.00     |0.00     |2,689.00  |0.00      |0.00      |0         |0           |0        |0.00         |                       
2022-06-21 |RI207        |2,975.00   |0.00     |0.00     |0.00     |0.00     |2,975.00  |0.00      |0.00      |0         |3           |0        |0.00         |                       
2022-06-21 |RI209        |2,852.00   |0.00     |0.00     |0.00     |0.00     |2,852.00  |0.00      |0.00      |0         |0           |0        |0.00         |                       
2022-06-21 |RI211        |2,689.00   |0.00     |0.00     |0.00     |0.00     |2,689.00  |0.00      |0.00      |0         |0           |0        |0.00         |                       
2022-06-21 |RI301        |2,689.00   |0.00     |0.00     |0.00     |0.00     |2,689.00  |0.00      |0.00      |0         |0           |0        |0.00         |                       
2022-06-21 |RI303        |2,689.00   |0.00     |0.00     |0.00     |0.00     |2,689.00  |0.00      |0.00      |0         |0           |0        |0.00         |                       
2022-06-21 |RI305        |2,689.00   |0.00     |0.00     |0.00     |0.00     |2,689.00  |0.00      |0.00      |0         |0           |0        |0.00         |                       
2022-06-22 |RI207        |2,975.00   |0.00     |0.00     |0.00     |0.00     |2,975.00  |0.00      |0.00      |0         |3           |0        |0.00         |                       
2022-06-22 |RI209        |2,852.00   |0.00     |0.00     |0.00     |0.00     |2,852.00  |0.00      |0.00      |0         |0           |0        |0.00         |                       
2022-06-22 |RI211        |2,689.00   |0.00     |0.00     |0.00     |0.00     |2,689.00  |0.00      |0.00      |0         |0           |0        |0.00         |                       
2022-06-22 |RI301        |2,689.00   |0.00     |0.00     |0.00     |0.00     |2,689.00  |0.00      |0.00      |0         |0           |0        |0.00         |                       
2022-06-22 |RI303        |2,689.00   |0.00     |0.00     |0.00     |0.00     |2,689.00  |0.00      |0.00      |0         |0           |0        |0.00         |                       
2022-06-22 |RI305        |2,689.00   |0.00     |0.00     |0.00     |0.00     |2,689.00  |0.00      |0.00      |0         |0           |0        |0.00         |                       
2022-06-23 |RI207        |2,975.00   |0.00     |0.00     |0.00     |0.00     |2,975.00  |0.00      |0.00      |0         |3           |0        |0.00         |                       
2022-06-23 |RI209        |2,852.00   |0.00     |0.00     |0.00     |0.00     |2,852.00  |0.00      |0.00      |0         |0           |0        |0.00         |                       
2022-06-23 |RI211        |2,689.00   |0.00     |0.00     |0.00     |0.00     |2,689.00  |0.00      |0.00      |0         |0           |0        |0.00         |                       
2022-06-23 |RI301        |2,689.00   |0.00     |0.00     |0.00     |0.00     |2,689.00  |0.00      |0.00      |0         |0           |0        |0.00         |                       
2022-06-23 |RI303        |2,689.00   |0.00     |0.00     |0.00     |0.00     |2,689.00  |0.00      |0.00      |0         |0           |0        |0.00         |                       
2022-06-23 |RI305        |2,689.00   |0.00     |0.00     |0.00     |0.00     |2,689.00  |0.00      |0.00      |0         |0           |0        |0.00         |                       
2022-06-24 |RI207        |2,975.00   |0.00     |0.00     |0.00     |0.00     |2,975.00  |0.00      |0.00      |0         |3           |0        |0.00         |                       
2022-06-24 |RI209        |2,852.00   |0.00     |0.00     |0.00     |0.00     |2,852.00  |0.00      |0.00      |0         |0           |0        |0.00         |                       
2022-06-24 |RI211        |2,689.00   |0.00     |0.00     |0.00     |0.00     |2,689.00  |0.00      |0.00      |0         |0           |0        |0.00         |                       
2022-06-24 |RI301        |2,689.00   |0.00     |0.00     |0.00     |0.00     |2,689.00  |0.00      |0.00      |0         |0           |0        |0.00         |                       
2022-06-24 |RI303        |2,689.00   |0.00     |0.00     |0.00     |0.00     |2,689.00  |0.00      |0.00      |0         |0           |0        |0.00         |                       
2022-06-24 |RI305        |2,689.00   |0.00     |0.00     |0.00     |0.00     |2,689.00  |0.00      |0.00      |0         |0           |0        |0.00         |                       
2022-06-27 |RI207        |2,975.00   |0.00     |0.00     |0.00     |0.00     |2,870.00  |-105.00   |-105.00   |0         |3           |0        |0.00         |                       
2022-06-27 |RI209        |2,852.00   |0.00     |0.00     |0.00     |0.00     |2,852.00  |0.00      |0.00      |0         |0           |0        |0.00         |                       
2022-06-27 |RI211        |2,689.00   |0.00     |0.00     |0.00     |0.00     |2,689.00  |0.00      |0.00      |0         |0           |0        |0.00         |                       
2022-06-27 |RI301        |2,689.00   |0.00     |0.00     |0.00     |0.00     |2,689.00  |0.00      |0.00      |0         |0           |0        |0.00         |                       
2022-06-27 |RI303        |2,689.00   |0.00     |0.00     |0.00     |0.00     |2,689.00  |0.00      |0.00      |0         |0           |0        |0.00         |                       
2022-06-27 |RI305        |2,689.00   |0.00     |0.00     |0.00     |0.00     |2,689.00  |0.00      |0.00      |0         |0           |0        |0.00         |                       
2022-06-28 |RI207        |2,870.00   |0.00     |0.00     |0.00     |0.00     |2,711.00  |-159.00   |-159.00   |0         |3           |0        |0.00         |                       
2022-06-28 |RI209        |2,852.00   |0.00     |0.00     |0.00     |0.00     |2,852.00  |0.00      |0.00      |0         |0           |0        |0.00         |                       
2022-06-28 |RI211        |2,689.00   |0.00     |0.00     |0.00     |0.00     |2,689.00  |0.00      |0.00      |0         |0           |0        |0.00         |                       
2022-06-28 |RI301        |2,689.00   |0.00     |0.00     |0.00     |0.00     |2,689.00  |0.00      |0.00      |0         |0           |0        |0.00         |                       
2022-06-28 |RI303        |2,689.00   |0.00     |0.00     |0.00     |0.00     |2,689.00  |0.00      |0.00      |0         |0           |0        |0.00         |                       
2022-06-28 |RI305        |2,689.00   |0.00     |0.00     |0.00     |0.00     |2,689.00  |0.00      |0.00      |0         |0           |0        |0.00         |                       
2022-06-29 |RI207        |2,711.00   |2,555.00 |2,555.00 |2,555.00 |2,555.00 |2,555.00  |-156.00   |-156.00   |2         |1           |-2       |10.22        |                       
2022-06-29 |RI209        |2,852.00   |0.00     |0.00     |0.00     |0.00     |2,688.00  |-164.00   |-164.00   |0         |0           |0        |0.00         |                       
2022-06-29 |RI211        |2,689.00   |0.00     |0.00     |0.00     |0.00     |2,534.00  |-155.00   |-155.00   |0         |0           |0        |0.00         |                       
2022-06-29 |RI301        |2,689.00   |0.00     |0.00     |0.00     |0.00     |2,534.00  |-155.00   |-155.00   |0         |0           |0        |0.00         |                       
2022-06-29 |RI303        |2,689.00   |0.00     |0.00     |0.00     |0.00     |2,534.00  |-155.00   |-155.00   |0         |0           |0        |0.00         |                       
2022-06-29 |RI305        |2,689.00   |0.00     |0.00     |0.00     |0.00     |2,534.00  |-155.00   |-155.00   |0         |0           |0        |0.00         |                       
2022-06-30 |RI207        |2,555.00   |2,500.00 |2,500.00 |2,500.00 |2,500.00 |2,500.00  |-55.00    |-55.00    |1         |0           |-1       |5.00         |                       
2022-06-30 |RI209        |2,688.00   |0.00     |0.00     |0.00     |0.00     |2,630.00  |-58.00    |-58.00    |0         |0           |0        |0.00         |                       
2022-06-30 |RI211        |2,534.00   |0.00     |0.00     |0.00     |0.00     |2,479.00  |-55.00    |-55.00    |0         |0           |0        |0.00         |                       
2022-06-30 |RI301        |2,534.00   |0.00     |0.00     |0.00     |0.00     |2,479.00  |-55.00    |-55.00    |0         |0           |0        |0.00         |                       
2022-06-30 |RI303        |2,534.00   |0.00     |0.00     |0.00     |0.00     |2,479.00  |-55.00    |-55.00    |0         |0           |0        |0.00         |                       
2022-06-30 |RI305        |2,534.00   |0.00     |0.00     |0.00     |0.00     |2,479.00  |-55.00    |-55.00    |0         |0           |0        |0.00         |                       
2022-07-01 |RI207        |2,500.00   |0.00     |0.00     |0.00     |0.00     |2,500.00  |0.00      |0.00      |0         |0           |0        |0.00         |2,801.00               
2022-07-01 |RI209        |2,630.00   |0.00     |0.00     |0.00     |0.00     |2,630.00  |0.00      |0.00      |0         |0           |0        |0.00         |                       
2022-07-01 |RI211        |2,479.00   |0.00     |0.00     |0.00     |0.00     |2,479.00  |0.00      |0.00      |0         |0           |0        |0.00         |                       
2022-07-01 |RI301        |2,479.00   |0.00     |0.00     |0.00     |0.00     |2,479.00  |0.00      |0.00      |0         |0           |0        |0.00         |                       
2022-07-01 |RI303        |2,479.00   |0.00     |0.00     |0.00     |0.00     |2,479.00  |0.00      |0.00      |0         |0           |0        |0.00         |                       
2022-07-01 |RI305        |2,479.00   |0.00     |0.00     |0.00     |0.00     |2,479.00  |0.00      |0.00      |0         |0           |0        |0.00         |                       
2022-07-04 |RI207        |2,500.00   |0.00     |0.00     |0.00     |0.00     |2,500.00  |0.00      |0.00      |0         |0           |0        |0.00         |2,754.00               
2022-07-04 |RI209        |2,630.00   |0.00     |0.00     |0.00     |0.00     |2,630.00  |0.00      |0.00      |0         |0           |0        |0.00         |                       
2022-07-04 |RI211        |2,479.00   |0.00     |0.00     |0.00     |0.00     |2,479.00  |0.00      |0.00      |0         |0           |0        |0.00         |                       
2022-07-04 |RI301        |2,479.00   |0.00     |0.00     |0.00     |0.00     |2,479.00  |0.00      |0.00      |0         |0           |0        |0.00         |                       
2022-07-04 |RI303        |2,479.00   |0.00     |0.00     |0.00     |0.00     |2,479.00  |0.00      |0.00      |0         |0           |0        |0.00         |                       
2022-07-04 |RI305        |2,479.00   |0.00     |0.00     |0.00     |0.00     |2,479.00  |0.00      |0.00      |0         |0           |0        |0.00         |                       
2022-07-05 |RI207        |2,500.00   |0.00     |0.00     |0.00     |0.00     |2,500.00  |0.00      |0.00      |0         |0           |0        |0.00         |2,706.00               
2022-07-05 |RI209        |2,630.00   |0.00     |0.00     |0.00     |0.00     |2,630.00  |0.00      |0.00      |0         |0           |0        |0.00         |                       
2022-07-05 |RI211        |2,479.00   |0.00     |0.00     |0.00     |0.00     |2,479.00  |0.00      |0.00      |0         |0           |0        |0.00         |                       
2022-07-05 |RI301        |2,479.00   |0.00     |0.00     |0.00     |0.00     |2,479.00  |0.00      |0.00      |0         |0           |0        |0.00         |                       
2022-07-05 |RI303        |2,479.00   |0.00     |0.00     |0.00     |0.00     |2,479.00  |0.00      |0.00      |0         |0           |0        |0.00         |                       
2022-07-05 |RI305        |2,479.00   |0.00     |0.00     |0.00     |0.00     |2,479.00  |0.00      |0.00      |0         |0           |0        |0.00         |                       
2022-07-06 |RI207        |2,500.00   |0.00     |0.00     |0.00     |0.00     |2,500.00  |0.00      |0.00      |0         |0           |0        |0.00         |2,659.00               
2022-07-06 |RI209        |2,630.00   |0.00     |0.00     |0.00     |0.00     |2,630.00  |0.00      |0.00      |0         |0           |0        |0.00         |                       
2022-07-06 |RI211        |2,479.00   |0.00     |0.00     |0.00     |0.00     |2,479.00  |0.00      |0.00      |0         |0           |0        |0.00         |                       
2022-07-06 |RI301        |2,479.00   |0.00     |0.00     |0.00     |0.00     |2,479.00  |0.00      |0.00      |0         |0           |0        |0.00         |                       
2022-07-06 |RI303        |2,479.00   |0.00     |0.00     |0.00     |0.00     |2,479.00  |0.00      |0.00      |0         |0           |0        |0.00         |                       
2022-07-06 |RI305        |2,479.00   |0.00     |0.00     |0.00     |0.00     |2,479.00  |0.00      |0.00      |0         |0           |0        |0.00         |                       
2022-07-07 |RI207        |2,500.00   |0.00     |0.00     |0.00     |0.00     |2,500.00  |0.00      |0.00      |0         |0           |0        |0.00         |2,611.00               
2022-07-07 |RI209        |2,630.00   |0.00     |0.00     |0.00     |0.00     |2,630.00  |0.00      |0.00      |0         |0           |0        |0.00         |                       
2022-07-07 |RI211        |2,479.00   |0.00     |0.00     |0.00     |0.00     |2,479.00  |0.00      |0.00      |0         |0           |0        |0.00         |                       
2022-07-07 |RI301        |2,479.00   |0.00     |0.00     |0.00     |0.00     |2,479.00  |0.00      |0.00      |0         |0           |0        |0.00         |                       
2022-07-07 |RI303        |2,479.00   |0.00     |0.00     |0.00     |0.00     |2,479.00  |0.00      |0.00      |0         |0           |0        |0.00         |                       
2022-07-07 |RI305        |2,479.00   |0.00     |0.00     |0.00     |0.00     |2,479.00  |0.00      |0.00      |0         |0           |0        |0.00         |                       
2022-07-08 |RI207        |2,500.00   |0.00     |0.00     |0.00     |0.00     |2,500.00  |0.00      |0.00      |0         |0           |0        |0.00         |2,564.00               
2022-07-08 |RI209        |2,630.00   |0.00     |0.00     |0.00     |0.00     |2,630.00  |0.00      |0.00      |0         |0           |0        |0.00         |                       
2022-07-08 |RI211        |2,479.00   |0.00     |0.00     |0.00     |0.00     |2,479.00  |0.00      |0.00      |0         |0           |0        |0.00         |                       
2022-07-08 |RI301        |2,479.00   |0.00     |0.00     |0.00     |0.00     |2,479.00  |0.00      |0.00      |0         |0           |0        |0.00         |                       
2022-07-08 |RI303        |2,479.00   |0.00     |0.00     |0.00     |0.00     |2,479.00  |0.00      |0.00      |0         |0           |0        |0.00         |                       
2022-07-08 |RI305        |2,479.00   |0.00     |0.00     |0.00     |0.00     |2,479.00  |0.00      |0.00      |0         |0           |0        |0.00         |                       
2022-07-11 |RI207        |2,500.00   |0.00     |0.00     |0.00     |0.00     |2,500.00  |0.00      |0.00      |0         |0           |0        |0.00         |2,527.00               
2022-07-11 |RI209        |2,630.00   |0.00     |0.00     |0.00     |0.00     |2,630.00  |0.00      |0.00      |0         |0           |0        |0.00         |                       
2022-07-11 |RI211        |2,479.00   |0.00     |0.00     |0.00     |0.00     |2,479.00  |0.00      |0.00      |0         |0           |0        |0.00         |                       
2022-07-11 |RI301        |2,479.00   |0.00     |0.00     |0.00     |0.00     |2,479.00  |0.00      |0.00      |0         |0           |0        |0.00         |                       
2022-07-11 |RI303        |2,479.00   |0.00     |0.00     |0.00     |0.00     |2,479.00  |0.00      |0.00      |0         |0           |0        |0.00         |                       
2022-07-11 |RI305        |2,479.00   |0.00     |0.00     |0.00     |0.00     |2,479.00  |0.00      |0.00      |0         |0           |0        |0.00         |                       
2022-07-12 |RI207        |2,500.00   |0.00     |0.00     |0.00     |0.00     |2,500.00  |0.00      |0.00      |0         |0           |0        |0.00         |2,506.00               
2022-07-12 |RI209        |2,630.00   |0.00     |0.00     |0.00     |0.00     |2,630.00  |0.00      |0.00      |0         |0           |0        |0.00         |                       
2022-07-12 |RI211        |2,479.00   |0.00     |0.00     |0.00     |0.00     |2,479.00  |0.00      |0.00      |0         |0           |0        |0.00         |                       
2022-07-12 |RI301        |2,479.00   |0.00     |0.00     |0.00     |0.00     |2,479.00  |0.00      |0.00      |0         |0           |0        |0.00         |                       
2022-07-12 |RI303        |2,479.00   |0.00     |0.00     |0.00     |0.00     |2,479.00  |0.00      |0.00      |0         |0           |0        |0.00         |                       
2022-07-12 |RI305        |2,479.00   |0.00     |0.00     |0.00     |0.00     |2,479.00  |0.00      |0.00      |0         |0           |0        |0.00         |                       
2022-07-13 |RI207        |2,500.00   |0.00     |0.00     |0.00     |0.00     |2,500.00  |0.00      |0.00      |0         |0           |0        |0.00         |2,500.00               
2022-07-13 |RI209        |2,630.00   |0.00     |0.00     |0.00     |0.00     |2,630.00  |0.00      |0.00      |0         |0           |0        |0.00         |                       
2022-07-13 |RI211        |2,479.00   |0.00     |0.00     |0.00     |0.00     |2,479.00  |0.00      |0.00      |0         |0           |0        |0.00         |                       
2022-07-13 |RI301        |2,479.00   |0.00     |0.00     |0.00     |0.00     |2,479.00  |0.00      |0.00      |0         |0           |0        |0.00         |                       
2022-07-13 |RI303        |2,479.00   |0.00     |0.00     |0.00     |0.00     |2,479.00  |0.00      |0.00      |0         |0           |0        |0.00         |                       
2022-07-13 |RI305        |2,479.00   |0.00     |0.00     |0.00     |0.00     |2,479.00  |0.00      |0.00      |0         |0           |0        |0.00         |                       
2022-07-14 |RI207        |2,500.00   |0.00     |0.00     |0.00     |0.00     |2,500.00  |0.00      |0.00      |0         |0           |0        |0.00         |2,500.00               
2022-07-14 |RI209        |2,630.00   |0.00     |0.00     |0.00     |0.00     |2,630.00  |0.00      |0.00      |0         |0           |0        |0.00         |                       
2022-07-14 |RI211        |2,479.00   |0.00     |0.00     |0.00     |0.00     |2,479.00  |0.00      |0.00      |0         |0           |0        |0.00         |                       
2022-07-14 |RI301        |2,479.00   |0.00     |0.00     |0.00     |0.00     |2,479.00  |0.00      |0.00      |0         |0           |0        |0.00         |                       
2022-07-14 |RI303        |2,479.00   |0.00     |0.00     |0.00     |0.00     |2,479.00  |0.00      |0.00      |0         |0           |0        |0.00         |                       
2022-07-14 |RI305        |2,479.00   |0.00     |0.00     |0.00     |0.00     |2,479.00  |0.00      |0.00      |0         |0           |0        |0.00         |                       
2022-07-15 |RI209        |2,630.00   |0.00     |0.00     |0.00     |0.00     |2,630.00  |0.00      |0.00      |0         |0           |0        |0.00         |                       
2022-07-15 |RI211        |2,479.00   |0.00     |0.00     |0.00     |0.00     |2,479.00  |0.00      |0.00      |0         |0           |0        |0.00         |                       
2022-07-15 |RI301        |2,479.00   |0.00     |0.00     |0.00     |0.00     |2,479.00  |0.00      |0.00      |0         |0           |0        |0.00         |                       
2022-07-15 |RI303        |2,479.00   |0.00     |0.00     |0.00     |0.00     |2,479.00  |0.00      |0.00      |0         |0           |0        |0.00         |                       
2022-07-15 |RI305        |2,479.00   |0.00     |0.00     |0.00     |0.00     |2,479.00  |0.00      |0.00      |0         |0           |0        |0.00         |                       
2022-07-15 |RI307        |2,479.00   |0.00     |0.00     |0.00     |0.00     |2,479.00  |0.00      |0.00      |0         |0           |0        |0.00         |                       
2022-07-18 |RI209        |2,630.00   |0.00     |0.00     |0.00     |0.00     |2,630.00  |0.00      |0.00      |0         |0           |0        |0.00         |                       
2022-07-18 |RI211        |2,479.00   |0.00     |0.00     |0.00     |0.00     |2,479.00  |0.00      |0.00      |0         |0           |0        |0.00         |                       
2022-07-18 |RI301        |2,479.00   |0.00     |0.00     |0.00     |0.00     |2,479.00  |0.00      |0.00      |0         |0           |0        |0.00         |                       
2022-07-18 |RI303        |2,479.00   |0.00     |0.00     |0.00     |0.00     |2,479.00  |0.00      |0.00      |0         |0           |0        |0.00         |                       
2022-07-18 |RI305        |2,479.00   |0.00     |0.00     |0.00     |0.00     |2,479.00  |0.00      |0.00      |0         |0           |0        |0.00         |                       
2022-07-18 |RI307        |2,479.00   |0.00     |0.00     |0.00     |0.00     |2,479.00  |0.00      |0.00      |0         |0           |0        |0.00         |                       
2022-07-19 |RI209        |2,630.00   |0.00     |0.00     |0.00     |0.00     |2,630.00  |0.00      |0.00      |0         |0           |0        |0.00         |                       
2022-07-19 |RI211        |2,479.00   |0.00     |0.00     |0.00     |0.00     |2,479.00  |0.00      |0.00      |0         |0           |0        |0.00         |                       
2022-07-19 |RI301        |2,479.00   |0.00     |0.00     |0.00     |0.00     |2,479.00  |0.00      |0.00      |0         |0           |0        |0.00         |                       
2022-07-19 |RI303        |2,479.00   |0.00     |0.00     |0.00     |0.00     |2,479.00  |0.00      |0.00      |0         |0           |0        |0.00         |                       
2022-07-19 |RI305        |2,479.00   |0.00     |0.00     |0.00     |0.00     |2,479.00  |0.00      |0.00      |0         |0           |0        |0.00         |                       
2022-07-19 |RI307        |2,479.00   |0.00     |0.00     |0.00     |0.00     |2,479.00  |0.00      |0.00      |0         |0           |0        |0.00         |                       
2022-07-20 |RI209        |2,630.00   |0.00     |0.00     |0.00     |0.00     |2,630.00  |0.00      |0.00      |0         |0           |0        |0.00         |                       
2022-07-20 |RI211        |2,479.00   |0.00     |0.00     |0.00     |0.00     |2,479.00  |0.00      |0.00      |0         |0           |0        |0.00         |                       
2022-07-20 |RI301        |2,479.00   |0.00     |0.00     |0.00     |0.00     |2,479.00  |0.00      |0.00      |0         |0           |0        |0.00         |                       
2022-07-20 |RI303        |2,479.00   |0.00     |0.00     |0.00     |0.00     |2,479.00  |0.00      |0.00      |0         |0           |0        |0.00         |                       
2022-07-20 |RI305        |2,479.00   |0.00     |0.00     |0.00     |0.00     |2,479.00  |0.00      |0.00      |0         |0           |0        |0.00         |                       
2022-07-20 |RI307        |2,479.00   |0.00     |0.00     |0.00     |0.00     |2,479.00  |0.00      |0.00      |0         |0           |0        |0.00         |                       
2022-07-21 |RI209        |2,630.00   |0.00     |0.00     |0.00     |0.00     |2,630.00  |0.00      |0.00      |0         |0           |0        |0.00         |                       
2022-07-21 |RI211        |2,479.00   |0.00     |0.00     |0.00     |0.00     |2,479.00  |0.00      |0.00      |0         |0           |0        |0.00         |                       
2022-07-21 |RI301        |2,479.00   |0.00     |0.00     |0.00     |0.00     |2,479.00  |0.00      |0.00      |0         |0           |0        |0.00         |                       
2022-07-21 |RI303        |2,479.00   |0.00     |0.00     |0.00     |0.00     |2,479.00  |0.00      |0.00      |0         |0           |0        |0.00         |                       
2022-07-21 |RI305        |2,479.00   |0.00     |0.00     |0.00     |0.00     |2,479.00  |0.00      |0.00      |0         |0           |0        |0.00         |                       
2022-07-21 |RI307        |2,479.00   |0.00     |0.00     |0.00     |0.00     |2,479.00  |0.00      |0.00      |0         |0           |0        |0.00         |                       
2022-07-22 |RI209        |2,630.00   |0.00     |0.00     |0.00     |0.00     |2,630.00  |0.00      |0.00      |0         |0           |0        |0.00         |                       
2022-07-22 |RI211        |2,479.00   |0.00     |0.00     |0.00     |0.00     |2,479.00  |0.00      |0.00      |0         |0           |0        |0.00         |                       
2022-07-22 |RI301        |2,479.00   |0.00     |0.00     |0.00     |0.00     |2,479.00  |0.00      |0.00      |0         |0           |0        |0.00         |                       
2022-07-22 |RI303        |2,479.00   |0.00     |0.00     |0.00     |0.00     |2,479.00  |0.00      |0.00      |0         |0           |0        |0.00         |                       
2022-07-22 |RI305        |2,479.00   |0.00     |0.00     |0.00     |0.00     |2,479.00  |0.00      |0.00      |0         |0           |0        |0.00         |                       
2022-07-22 |RI307        |2,479.00   |0.00     |0.00     |0.00     |0.00     |2,479.00  |0.00      |0.00      |0         |0           |0        |0.00         |                       
2022-07-25 |RI209        |2,630.00   |0.00     |0.00     |0.00     |0.00     |2,630.00  |0.00      |0.00      |0         |0           |0        |0.00         |                       
2022-07-25 |RI211        |2,479.00   |0.00     |0.00     |0.00     |0.00     |2,479.00  |0.00      |0.00      |0         |0           |0        |0.00         |                       
2022-07-25 |RI301        |2,479.00   |0.00     |0.00     |0.00     |0.00     |2,479.00  |0.00      |0.00      |0         |0           |0        |0.00         |                       
2022-07-25 |RI303        |2,479.00   |0.00     |0.00     |0.00     |0.00     |2,479.00  |0.00      |0.00      |0         |0           |0        |0.00         |                       
2022-07-25 |RI305        |2,479.00   |0.00     |0.00     |0.00     |0.00     |2,479.00  |0.00      |0.00      |0         |0           |0        |0.00         |                       
2022-07-25 |RI307        |2,479.00   |0.00     |0.00     |0.00     |0.00     |2,479.00  |0.00      |0.00      |0         |0           |0        |0.00         |                       
2022-07-26 |RI209        |2,630.00   |0.00     |0.00     |0.00     |0.00     |2,630.00  |0.00      |0.00      |0         |0           |0        |0.00         |                       
2022-07-26 |RI211        |2,479.00   |0.00     |0.00     |0.00     |0.00     |2,479.00  |0.00      |0.00      |0         |0           |0        |0.00         |                       
2022-07-26 |RI301        |2,479.00   |0.00     |0.00     |0.00     |0.00     |2,479.00  |0.00      |0.00      |0         |0           |0        |0.00         |                       
2022-07-26 |RI303        |2,479.00   |0.00     |0.00     |0.00     |0.00     |2,479.00  |0.00      |0.00      |0         |0           |0        |0.00         |                       
2022-07-26 |RI305        |2,479.00   |0.00     |0.00     |0.00     |0.00     |2,479.00  |0.00      |0.00      |0         |0           |0        |0.00         |                       
2022-07-26 |RI307        |2,479.00   |0.00     |0.00     |0.00     |0.00     |2,479.00  |0.00      |0.00      |0         |0           |0        |0.00         |                       
2022-07-27 |RI209        |2,630.00   |0.00     |0.00     |0.00     |0.00     |2,630.00  |0.00      |0.00      |0         |0           |0        |0.00         |                       
2022-07-27 |RI211        |2,479.00   |0.00     |0.00     |0.00     |0.00     |2,479.00  |0.00      |0.00      |0         |0           |0        |0.00         |                       
2022-07-27 |RI301        |2,479.00   |0.00     |0.00     |0.00     |0.00     |2,479.00  |0.00      |0.00      |0         |0           |0        |0.00         |                       
2022-07-27 |RI303        |2,479.00   |0.00     |0.00     |0.00     |0.00     |2,479.00  |0.00      |0.00      |0         |0           |0        |0.00         |                       
2022-07-27 |RI305        |2,479.00   |0.00     |0.00     |0.00     |0.00     |2,479.00  |0.00      |0.00      |0         |0           |0        |0.00         |                       
2022-07-27 |RI307        |2,479.00   |0.00     |0.00     |0.00     |0.00     |2,479.00  |0.00      |0.00      |0         |0           |0        |0.00         |                       
2022-07-28 |RI209        |2,630.00   |0.00     |0.00     |0.00     |0.00     |2,630.00  |0.00      |0.00      |0         |0           |0        |0.00         |                       
2022-07-28 |RI211        |2,479.00   |0.00     |0.00     |0.00     |0.00     |2,479.00  |0.00      |0.00      |0         |0           |0        |0.00         |                       
2022-07-28 |RI301        |2,479.00   |0.00     |0.00     |0.00     |0.00     |2,479.00  |0.00      |0.00      |0         |0           |0        |0.00         |                       
2022-07-28 |RI303        |2,479.00   |0.00     |0.00     |0.00     |0.00     |2,479.00  |0.00      |0.00      |0         |0           |0        |0.00         |                       
2022-07-28 |RI305        |2,479.00   |0.00     |0.00     |0.00     |0.00     |2,479.00  |0.00      |0.00      |0         |0           |0        |0.00         |                       
2022-07-28 |RI307        |2,479.00   |0.00     |0.00     |0.00     |0.00     |2,479.00  |0.00      |0.00      |0         |0           |0        |0.00         |                       
2022-07-29 |RI209        |2,630.00   |0.00     |0.00     |0.00     |0.00     |2,630.00  |0.00      |0.00      |0         |0           |0        |0.00         |                       
2022-07-29 |RI211        |2,479.00   |0.00     |0.00     |0.00     |0.00     |2,479.00  |0.00      |0.00      |0         |0           |0        |0.00         |                       
2022-07-29 |RI301        |2,479.00   |0.00     |0.00     |0.00     |0.00     |2,479.00  |0.00      |0.00      |0         |0           |0        |0.00         |                       
2022-07-29 |RI303        |2,479.00   |0.00     |0.00     |0.00     |0.00     |2,479.00  |0.00      |0.00      |0         |0           |0        |0.00         |                       
2022-07-29 |RI305        |2,479.00   |0.00     |0.00     |0.00     |0.00     |2,479.00  |0.00      |0.00      |0         |0           |0        |0.00         |                       
2022-07-29 |RI307        |2,479.00   |0.00     |0.00     |0.00     |0.00     |2,479.00  |0.00      |0.00      |0         |0           |0        |0.00         |                       
2022-08-01 |RI209        |2,630.00   |0.00     |0.00     |0.00     |0.00     |2,630.00  |0.00      |0.00      |0         |0           |0        |0.00         |                       
2022-08-01 |RI211        |2,479.00   |0.00     |0.00     |0.00     |0.00     |2,479.00  |0.00      |0.00      |0         |0           |0        |0.00         |                       
2022-08-01 |RI301        |2,479.00   |0.00     |0.00     |0.00     |0.00     |2,479.00  |0.00      |0.00      |0         |0           |0        |0.00         |                       
2022-08-01 |RI303        |2,479.00   |0.00     |0.00     |0.00     |0.00     |2,479.00  |0.00      |0.00      |0         |0           |0        |0.00         |                       
2022-08-01 |RI305        |2,479.00   |0.00     |0.00     |0.00     |0.00     |2,479.00  |0.00      |0.00      |0         |0           |0        |0.00         |                       
2022-08-01 |RI307        |2,479.00   |0.00     |0.00     |0.00     |0.00     |2,479.00  |0.00      |0.00      |0         |0           |0        |0.00         |                       
2022-08-02 |RI209        |2,630.00   |0.00     |0.00     |0.00     |0.00     |2,630.00  |0.00      |0.00      |0         |0           |0        |0.00         |                       
2022-08-02 |RI211        |2,479.00   |0.00     |0.00     |0.00     |0.00     |2,479.00  |0.00      |0.00      |0         |0           |0        |0.00         |                       
2022-08-02 |RI301        |2,479.00   |0.00     |0.00     |0.00     |0.00     |2,479.00  |0.00      |0.00      |0         |0           |0        |0.00         |                       
2022-08-02 |RI303        |2,479.00   |0.00     |0.00     |0.00     |0.00     |2,479.00  |0.00      |0.00      |0         |0           |0        |0.00         |                       
2022-08-02 |RI305        |2,479.00   |0.00     |0.00     |0.00     |0.00     |2,479.00  |0.00      |0.00      |0         |0           |0        |0.00         |                       
2022-08-02 |RI307        |2,479.00   |0.00     |0.00     |0.00     |0.00     |2,479.00  |0.00      |0.00      |0         |0           |0        |0.00         |                       
2022-08-03 |RI209        |2,630.00   |0.00     |0.00     |0.00     |0.00     |2,630.00  |0.00      |0.00      |0         |0           |0        |0.00         |                       
2022-08-03 |RI211        |2,479.00   |0.00     |0.00     |0.00     |0.00     |2,479.00  |0.00      |0.00      |0         |0           |0        |0.00         |                       
2022-08-03 |RI301        |2,479.00   |0.00     |0.00     |0.00     |0.00     |2,479.00  |0.00      |0.00      |0         |0           |0        |0.00         |                       
2022-08-03 |RI303        |2,479.00   |0.00     |0.00     |0.00     |0.00     |2,479.00  |0.00      |0.00      |0         |0           |0        |0.00         |                       
2022-08-03 |RI305        |2,479.00   |0.00     |0.00     |0.00     |0.00     |2,479.00  |0.00      |0.00      |0         |0           |0        |0.00         |                       
2022-08-03 |RI307        |2,479.00   |0.00     |0.00     |0.00     |0.00     |2,479.00  |0.00      |0.00      |0         |0           |0        |0.00         |                       
2022-08-04 |RI209        |2,630.00   |0.00     |0.00     |0.00     |0.00     |2,630.00  |0.00      |0.00      |0         |0           |0        |0.00         |                       
2022-08-04 |RI211        |2,479.00   |0.00     |0.00     |0.00     |0.00     |2,479.00  |0.00      |0.00      |0         |0           |0        |0.00         |                       
2022-08-04 |RI301        |2,479.00   |0.00     |0.00     |0.00     |0.00     |2,479.00  |0.00      |0.00      |0         |0           |0        |0.00         |                       
2022-08-04 |RI303        |2,479.00   |0.00     |0.00     |0.00     |0.00     |2,479.00  |0.00      |0.00      |0         |0           |0        |0.00         |                       
2022-08-04 |RI305        |2,479.00   |0.00     |0.00     |0.00     |0.00     |2,479.00  |0.00      |0.00      |0         |0           |0        |0.00         |                       
2022-08-04 |RI307        |2,479.00   |0.00     |0.00     |0.00     |0.00     |2,479.00  |0.00      |0.00      |0         |0           |0        |0.00         |                       
2022-08-05 |RI209        |2,630.00   |0.00     |0.00     |0.00     |0.00     |2,630.00  |0.00      |0.00      |0         |0           |0        |0.00         |                       
2022-08-05 |RI211        |2,479.00   |0.00     |0.00     |0.00     |0.00     |2,479.00  |0.00      |0.00      |0         |0           |0        |0.00         |                       
2022-08-05 |RI301        |2,479.00   |0.00     |0.00     |0.00     |0.00     |2,479.00  |0.00      |0.00      |0         |0           |0        |0.00         |                       
2022-08-05 |RI303        |2,479.00   |0.00     |0.00     |0.00     |0.00     |2,479.00  |0.00      |0.00      |0         |0           |0        |0.00         |                       
2022-08-05 |RI305        |2,479.00   |0.00     |0.00     |0.00     |0.00     |2,479.00  |0.00      |0.00      |0         |0           |0        |0.00         |                       
2022-08-05 |RI307        |2,479.00   |0.00     |0.00     |0.00     |0.00     |2,479.00  |0.00      |0.00      |0         |0           |0        |0.00         |                       
2022-08-08 |RI209        |2,630.00   |0.00     |0.00     |0.00     |0.00     |2,630.00  |0.00      |0.00      |0         |0           |0        |0.00         |                       
2022-08-08 |RI211        |2,479.00   |0.00     |0.00     |0.00     |0.00     |2,479.00  |0.00      |0.00      |0         |0           |0        |0.00         |                       
2022-08-08 |RI301        |2,479.00   |0.00     |0.00     |0.00     |0.00     |2,479.00  |0.00      |0.00      |0         |0           |0        |0.00         |                       
2022-08-08 |RI303        |2,479.00   |0.00     |0.00     |0.00     |0.00     |2,479.00  |0.00      |0.00      |0         |0           |0        |0.00         |                       
2022-08-08 |RI305        |2,479.00   |0.00     |0.00     |0.00     |0.00     |2,479.00  |0.00      |0.00      |0         |0           |0        |0.00         |                       
2022-08-08 |RI307        |2,479.00   |0.00     |0.00     |0.00     |0.00     |2,479.00  |0.00      |0.00      |0         |0           |0        |0.00         |                       
2022-08-09 |RI209        |2,630.00   |0.00     |0.00     |0.00     |0.00     |2,630.00  |0.00      |0.00      |0         |0           |0        |0.00         |                       
2022-08-09 |RI211        |2,479.00   |0.00     |0.00     |0.00     |0.00     |2,479.00  |0.00      |0.00      |0         |0           |0        |0.00         |                       
2022-08-09 |RI301        |2,479.00   |0.00     |0.00     |0.00     |0.00     |2,479.00  |0.00      |0.00      |0         |0           |0        |0.00         |                       
2022-08-09 |RI303        |2,479.00   |0.00     |0.00     |0.00     |0.00     |2,479.00  |0.00      |0.00      |0         |0           |0        |0.00         |                       
2022-08-09 |RI305        |2,479.00   |0.00     |0.00     |0.00     |0.00     |2,479.00  |0.00      |0.00      |0         |0           |0        |0.00         |                       
2022-08-09 |RI307        |2,479.00   |0.00     |0.00     |0.00     |0.00     |2,479.00  |0.00      |0.00      |0         |0           |0        |0.00         |                       
2022-08-10 |RI209        |2,630.00   |0.00     |0.00     |0.00     |0.00     |2,630.00  |0.00      |0.00      |0         |0           |0        |0.00         |                       
2022-08-10 |RI211        |2,479.00   |0.00     |0.00     |0.00     |0.00     |2,479.00  |0.00      |0.00      |0         |0           |0        |0.00         |                       
2022-08-10 |RI301        |2,479.00   |0.00     |0.00     |0.00     |0.00     |2,479.00  |0.00      |0.00      |0         |0           |0        |0.00         |                       
2022-08-10 |RI303        |2,479.00   |0.00     |0.00     |0.00     |0.00     |2,479.00  |0.00      |0.00      |0         |0           |0        |0.00         |                       
2022-08-10 |RI305        |2,479.00   |0.00     |0.00     |0.00     |0.00     |2,479.00  |0.00      |0.00      |0         |0           |0        |0.00         |                       
2022-08-10 |RI307        |2,479.00   |0.00     |0.00     |0.00     |0.00     |2,479.00  |0.00      |0.00      |0         |0           |0        |0.00         |                       
2022-08-11 |RI209        |2,630.00   |0.00     |0.00     |0.00     |0.00     |2,630.00  |0.00      |0.00      |0         |0           |0        |0.00         |                       
2022-08-11 |RI211        |2,479.00   |0.00     |0.00     |0.00     |0.00     |2,479.00  |0.00      |0.00      |0         |0           |0        |0.00         |                       
2022-08-11 |RI301        |2,479.00   |0.00     |0.00     |0.00     |0.00     |2,479.00  |0.00      |0.00      |0         |0           |0        |0.00         |                       
2022-08-11 |RI303        |2,479.00   |0.00     |0.00     |0.00     |0.00     |2,479.00  |0.00      |0.00      |0         |0           |0        |0.00         |                       
2022-08-11 |RI305        |2,479.00   |0.00     |0.00     |0.00     |0.00     |2,479.00  |0.00      |0.00      |0         |0           |0        |0.00         |                       
2022-08-11 |RI307        |2,479.00   |0.00     |0.00     |0.00     |0.00     |2,479.00  |0.00      |0.00      |0         |0           |0        |0.00         |                       
2022-08-12 |RI209        |2,630.00   |0.00     |0.00     |0.00     |0.00     |2,630.00  |0.00      |0.00      |0         |0           |0        |0.00         |                       
2022-08-12 |RI211        |2,479.00   |0.00     |0.00     |0.00     |0.00     |2,479.00  |0.00      |0.00      |0         |0           |0        |0.00         |                       
2022-08-12 |RI301        |2,479.00   |0.00     |0.00     |0.00     |0.00     |2,479.00  |0.00      |0.00      |0         |0           |0        |0.00         |                       
2022-08-12 |RI303        |2,479.00   |0.00     |0.00     |0.00     |0.00     |2,479.00  |0.00      |0.00      |0         |0           |0        |0.00         |                       
2022-08-12 |RI305        |2,479.00   |0.00     |0.00     |0.00     |0.00     |2,479.00  |0.00      |0.00      |0         |0           |0        |0.00         |                       
2022-08-12 |RI307        |2,479.00   |0.00     |0.00     |0.00     |0.00     |2,479.00  |0.00      |0.00      |0         |0           |0        |0.00         |                       
2022-08-15 |RI209        |2,630.00   |0.00     |0.00     |0.00     |0.00     |2,630.00  |0.00      |0.00      |0         |0           |0        |0.00         |                       
2022-08-15 |RI211        |2,479.00   |0.00     |0.00     |0.00     |0.00     |2,479.00  |0.00      |0.00      |0         |0           |0        |0.00         |                       
2022-08-15 |RI301        |2,479.00   |0.00     |0.00     |0.00     |0.00     |2,479.00  |0.00      |0.00      |0         |0           |0        |0.00         |                       
2022-08-15 |RI303        |2,479.00   |0.00     |0.00     |0.00     |0.00     |2,479.00  |0.00      |0.00      |0         |0           |0        |0.00         |                       
2022-08-15 |RI305        |2,479.00   |0.00     |0.00     |0.00     |0.00     |2,479.00  |0.00      |0.00      |0         |0           |0        |0.00         |                       
2022-08-15 |RI307        |2,479.00   |0.00     |0.00     |0.00     |0.00     |2,479.00  |0.00      |0.00      |0         |0           |0        |0.00         |                       
2022-08-16 |RI209        |2,630.00   |0.00     |0.00     |0.00     |0.00     |2,630.00  |0.00      |0.00      |0         |0           |0        |0.00         |                       
2022-08-16 |RI211        |2,479.00   |0.00     |0.00     |0.00     |0.00     |2,479.00  |0.00      |0.00      |0         |0           |0        |0.00         |                       
2022-08-16 |RI301        |2,479.00   |0.00     |0.00     |0.00     |0.00     |2,479.00  |0.00      |0.00      |0         |0           |0        |0.00         |                       
2022-08-16 |RI303        |2,479.00   |0.00     |0.00     |0.00     |0.00     |2,479.00  |0.00      |0.00      |0         |0           |0        |0.00         |                       
2022-08-16 |RI305        |2,479.00   |0.00     |0.00     |0.00     |0.00     |2,479.00  |0.00      |0.00      |0         |0           |0        |0.00         |                       
2022-08-16 |RI307        |2,479.00   |0.00     |0.00     |0.00     |0.00     |2,479.00  |0.00      |0.00      |0         |0           |0        |0.00         |                       
2022-08-17 |RI209        |2,630.00   |0.00     |0.00     |0.00     |0.00     |2,630.00  |0.00      |0.00      |0         |0           |0        |0.00         |                       
2022-08-17 |RI211        |2,479.00   |0.00     |0.00     |0.00     |0.00     |2,479.00  |0.00      |0.00      |0         |0           |0        |0.00         |                       
2022-08-17 |RI301        |2,479.00   |0.00     |0.00     |0.00     |0.00     |2,479.00  |0.00      |0.00      |0         |0           |0        |0.00         |                       
2022-08-17 |RI303        |2,479.00   |0.00     |0.00     |0.00     |0.00     |2,479.00  |0.00      |0.00      |0         |0           |0        |0.00         |                       
2022-08-17 |RI305        |2,479.00   |0.00     |0.00     |0.00     |0.00     |2,479.00  |0.00      |0.00      |0         |0           |0        |0.00         |                       
2022-08-17 |RI307        |2,479.00   |0.00     |0.00     |0.00     |0.00     |2,479.00  |0.00      |0.00      |0         |0           |0        |0.00         |                       
2022-08-18 |RI209        |2,630.00   |0.00     |0.00     |0.00     |0.00     |2,630.00  |0.00      |0.00      |0         |0           |0        |0.00         |                       
2022-08-18 |RI211        |2,479.00   |0.00     |0.00     |0.00     |0.00     |2,479.00  |0.00      |0.00      |0         |0           |0        |0.00         |                       
2022-08-18 |RI301        |2,479.00   |0.00     |0.00     |0.00     |0.00     |2,479.00  |0.00      |0.00      |0         |0           |0        |0.00         |                       
2022-08-18 |RI303        |2,479.00   |0.00     |0.00     |0.00     |0.00     |2,479.00  |0.00      |0.00      |0         |0           |0        |0.00         |                       
2022-08-18 |RI305        |2,479.00   |0.00     |0.00     |0.00     |0.00     |2,479.00  |0.00      |0.00      |0         |0           |0        |0.00         |                       
2022-08-18 |RI307        |2,479.00   |0.00     |0.00     |0.00     |0.00     |2,479.00  |0.00      |0.00      |0         |0           |0        |0.00         |                       
2022-08-19 |RI209        |2,630.00   |0.00     |0.00     |0.00     |0.00     |2,630.00  |0.00      |0.00      |0         |0           |0        |0.00         |                       
2022-08-19 |RI211        |2,479.00   |0.00     |0.00     |0.00     |0.00     |2,479.00  |0.00      |0.00      |0         |0           |0        |0.00         |                       
2022-08-19 |RI301        |2,479.00   |0.00     |0.00     |0.00     |0.00     |2,479.00  |0.00      |0.00      |0         |0           |0        |0.00         |                       
2022-08-19 |RI303        |2,479.00   |0.00     |0.00     |0.00     |0.00     |2,479.00  |0.00      |0.00      |0         |0           |0        |0.00         |                       
2022-08-19 |RI305        |2,479.00   |0.00     |0.00     |0.00     |0.00     |2,479.00  |0.00      |0.00      |0         |0           |0        |0.00         |                       
2022-08-19 |RI307        |2,479.00   |0.00     |0.00     |0.00     |0.00     |2,479.00  |0.00      |0.00      |0         |0           |0        |0.00         |                       
2022-08-22 |RI209        |2,630.00   |0.00     |0.00     |0.00     |0.00     |2,630.00  |0.00      |0.00      |0         |0           |0        |0.00         |                       
2022-08-22 |RI211        |2,479.00   |0.00     |0.00     |0.00     |0.00     |2,479.00  |0.00      |0.00      |0         |0           |0        |0.00         |                       
2022-08-22 |RI301        |2,479.00   |0.00     |0.00     |0.00     |0.00     |2,479.00  |0.00      |0.00      |0         |0           |0        |0.00         |                       
2022-08-22 |RI303        |2,479.00   |0.00     |0.00     |0.00     |0.00     |2,479.00  |0.00      |0.00      |0         |0           |0        |0.00         |                       
2022-08-22 |RI305        |2,479.00   |0.00     |0.00     |0.00     |0.00     |2,479.00  |0.00      |0.00      |0         |0           |0        |0.00         |                       
2022-08-22 |RI307        |2,479.00   |0.00     |0.00     |0.00     |0.00     |2,479.00  |0.00      |0.00      |0         |0           |0        |0.00         |                       
2022-08-23 |RI209        |2,630.00   |0.00     |0.00     |0.00     |0.00     |2,630.00  |0.00      |0.00      |0         |0           |0        |0.00         |                       
2022-08-23 |RI211        |2,479.00   |0.00     |0.00     |0.00     |0.00     |2,479.00  |0.00      |0.00      |0         |0           |0        |0.00         |                       
2022-08-23 |RI301        |2,479.00   |0.00     |0.00     |0.00     |0.00     |2,479.00  |0.00      |0.00      |0         |0           |0        |0.00         |                       
2022-08-23 |RI303        |2,479.00   |0.00     |0.00     |0.00     |0.00     |2,479.00  |0.00      |0.00      |0         |0           |0        |0.00         |                       
2022-08-23 |RI305        |2,479.00   |0.00     |0.00     |0.00     |0.00     |2,479.00  |0.00      |0.00      |0         |0           |0        |0.00         |                       
2022-08-23 |RI307        |2,479.00   |0.00     |0.00     |0.00     |0.00     |2,479.00  |0.00      |0.00      |0         |0           |0        |0.00         |                       
2022-08-24 |RI209        |2,630.00   |0.00     |0.00     |0.00     |0.00     |2,630.00  |0.00      |0.00      |0         |0           |0        |0.00         |                       
2022-08-24 |RI211        |2,479.00   |0.00     |0.00     |0.00     |0.00     |2,479.00  |0.00      |0.00      |0         |0           |0        |0.00         |                       
2022-08-24 |RI301        |2,479.00   |0.00     |0.00     |0.00     |0.00     |2,479.00  |0.00      |0.00      |0         |0           |0        |0.00         |                       
2022-08-24 |RI303        |2,479.00   |0.00     |0.00     |0.00     |0.00     |2,479.00  |0.00      |0.00      |0         |0           |0        |0.00         |                       
2022-08-24 |RI305        |2,479.00   |0.00     |0.00     |0.00     |0.00     |2,479.00  |0.00      |0.00      |0         |0           |0        |0.00         |                       
2022-08-24 |RI307        |2,479.00   |0.00     |0.00     |0.00     |0.00     |2,479.00  |0.00      |0.00      |0         |0           |0        |0.00         |                       
2022-08-25 |RI209        |2,630.00   |0.00     |0.00     |0.00     |0.00     |2,630.00  |0.00      |0.00      |0         |0           |0        |0.00         |                       
2022-08-25 |RI211        |2,479.00   |0.00     |0.00     |0.00     |0.00     |2,479.00  |0.00      |0.00      |0         |0           |0        |0.00         |                       
2022-08-25 |RI301        |2,479.00   |0.00     |0.00     |0.00     |0.00     |2,479.00  |0.00      |0.00      |0         |0           |0        |0.00         |                       
2022-08-25 |RI303        |2,479.00   |0.00     |0.00     |0.00     |0.00     |2,479.00  |0.00      |0.00      |0         |0           |0        |0.00         |                       
2022-08-25 |RI305        |2,479.00   |0.00     |0.00     |0.00     |0.00     |2,479.00  |0.00      |0.00      |0         |0           |0        |0.00         |                       
2022-08-25 |RI307        |2,479.00   |0.00     |0.00     |0.00     |0.00     |2,479.00  |0.00      |0.00      |0         |0           |0        |0.00         |                       
2022-08-26 |RI209        |2,630.00   |0.00     |0.00     |0.00     |0.00     |2,630.00  |0.00      |0.00      |0         |0           |0        |0.00         |                       
2022-08-26 |RI211        |2,479.00   |0.00     |0.00     |0.00     |0.00     |2,479.00  |0.00      |0.00      |0         |0           |0        |0.00         |                       
2022-08-26 |RI301        |2,479.00   |0.00     |0.00     |0.00     |0.00     |2,479.00  |0.00      |0.00      |0         |0           |0        |0.00         |                       
2022-08-26 |RI303        |2,479.00   |0.00     |0.00     |0.00     |0.00     |2,479.00  |0.00      |0.00      |0         |0           |0        |0.00         |                       
2022-08-26 |RI305        |2,479.00   |0.00     |0.00     |0.00     |0.00     |2,479.00  |0.00      |0.00      |0         |0           |0        |0.00         |                       
2022-08-26 |RI307        |2,479.00   |0.00     |0.00     |0.00     |0.00     |2,479.00  |0.00      |0.00      |0         |0           |0        |0.00         |                       
2022-08-29 |RI209        |2,630.00   |0.00     |0.00     |0.00     |0.00     |2,630.00  |0.00      |0.00      |0         |0           |0        |0.00         |                       
2022-08-29 |RI211        |2,479.00   |0.00     |0.00     |0.00     |0.00     |2,479.00  |0.00      |0.00      |0         |0           |0        |0.00         |                       
2022-08-29 |RI301        |2,479.00   |0.00     |0.00     |0.00     |0.00     |2,479.00  |0.00      |0.00      |0         |0           |0        |0.00         |                       
2022-08-29 |RI303        |2,479.00   |0.00     |0.00     |0.00     |0.00     |2,479.00  |0.00      |0.00      |0         |0           |0        |0.00         |                       
2022-08-29 |RI305        |2,479.00   |0.00     |0.00     |0.00     |0.00     |2,479.00  |0.00      |0.00      |0         |0           |0        |0.00         |                       
2022-08-29 |RI307        |2,479.00   |0.00     |0.00     |0.00     |0.00     |2,479.00  |0.00      |0.00      |0         |0           |0        |0.00         |                       
2022-08-30 |RI209        |2,630.00   |0.00     |0.00     |0.00     |0.00     |2,630.00  |0.00      |0.00      |0         |0           |0        |0.00         |                       
2022-08-30 |RI211        |2,479.00   |0.00     |0.00     |0.00     |0.00     |2,479.00  |0.00      |0.00      |0         |0           |0        |0.00         |                       
2022-08-30 |RI301        |2,479.00   |0.00     |0.00     |0.00     |0.00     |2,479.00  |0.00      |0.00      |0         |0           |0        |0.00         |                       
2022-08-30 |RI303        |2,479.00   |0.00     |0.00     |0.00     |0.00     |2,479.00  |0.00      |0.00      |0         |0           |0        |0.00         |                       
2022-08-30 |RI305        |2,479.00   |0.00     |0.00     |0.00     |0.00     |2,479.00  |0.00      |0.00      |0         |0           |0        |0.00         |                       
2022-08-30 |RI307        |2,479.00   |0.00     |0.00     |0.00     |0.00     |2,479.00  |0.00      |0.00      |0         |0           |0        |0.00         |                       
2022-08-31 |RI209        |2,630.00   |0.00     |0.00     |0.00     |0.00     |2,630.00  |0.00      |0.00      |0         |0           |0        |0.00         |                       
2022-08-31 |RI211        |2,479.00   |0.00     |0.00     |0.00     |0.00     |2,479.00  |0.00      |0.00      |0         |0           |0        |0.00         |                       
2022-08-31 |RI301        |2,479.00   |0.00     |0.00     |0.00     |0.00     |2,479.00  |0.00      |0.00      |0         |0           |0        |0.00         |                       
2022-08-31 |RI303        |2,479.00   |0.00     |0.00     |0.00     |0.00     |2,479.00  |0.00      |0.00      |0         |0           |0        |0.00         |                       
2022-08-31 |RI305        |2,479.00   |0.00     |0.00     |0.00     |0.00     |2,479.00  |0.00      |0.00      |0         |0           |0        |0.00         |                       
2022-08-31 |RI307        |2,479.00   |0.00     |0.00     |0.00     |0.00     |2,479.00  |0.00      |0.00      |0         |0           |0        |0.00         |                       
2022-09-01 |RI209        |2,630.00   |0.00     |0.00     |0.00     |0.00     |2,630.00  |0.00      |0.00      |0         |0           |0        |0.00         |2,630.00               
2022-09-01 |RI211        |2,479.00   |0.00     |0.00     |0.00     |0.00     |2,479.00  |0.00      |0.00      |0         |0           |0        |0.00         |                       
2022-09-01 |RI301        |2,479.00   |0.00     |0.00     |0.00     |0.00     |2,479.00  |0.00      |0.00      |0         |0           |0        |0.00         |                       
2022-09-01 |RI303        |2,479.00   |0.00     |0.00     |0.00     |0.00     |2,479.00  |0.00      |0.00      |0         |0           |0        |0.00         |                       
2022-09-01 |RI305        |2,479.00   |0.00     |0.00     |0.00     |0.00     |2,479.00  |0.00      |0.00      |0         |0           |0        |0.00         |                       
2022-09-01 |RI307        |2,479.00   |0.00     |0.00     |0.00     |0.00     |2,479.00  |0.00      |0.00      |0         |0           |0        |0.00         |                       
2022-09-02 |RI209        |2,630.00   |0.00     |0.00     |0.00     |0.00     |2,630.00  |0.00      |0.00      |0         |0           |0        |0.00         |2,630.00               
2022-09-02 |RI211        |2,479.00   |0.00     |0.00     |0.00     |0.00     |2,479.00  |0.00      |0.00      |0         |0           |0        |0.00         |                       
2022-09-02 |RI301        |2,479.00   |0.00     |0.00     |0.00     |0.00     |2,479.00  |0.00      |0.00      |0         |0           |0        |0.00         |                       
2022-09-02 |RI303        |2,479.00   |0.00     |0.00     |0.00     |0.00     |2,479.00  |0.00      |0.00      |0         |0           |0        |0.00         |                       
2022-09-02 |RI305        |2,479.00   |0.00     |0.00     |0.00     |0.00     |2,479.00  |0.00      |0.00      |0         |0           |0        |0.00         |                       
2022-09-02 |RI307        |2,479.00   |0.00     |0.00     |0.00     |0.00     |2,479.00  |0.00      |0.00      |0         |0           |0        |0.00         |                       
2022-09-05 |RI209        |2,630.00   |0.00     |0.00     |0.00     |0.00     |2,630.00  |0.00      |0.00      |0         |0           |0        |0.00         |2,630.00               
2022-09-05 |RI211        |2,479.00   |0.00     |0.00     |0.00     |0.00     |2,479.00  |0.00      |0.00      |0         |0           |0        |0.00         |                       
2022-09-05 |RI301        |2,479.00   |0.00     |0.00     |0.00     |0.00     |2,479.00  |0.00      |0.00      |0         |0           |0        |0.00         |                       
2022-09-05 |RI303        |2,479.00   |0.00     |0.00     |0.00     |0.00     |2,479.00  |0.00      |0.00      |0         |0           |0        |0.00         |                       
2022-09-05 |RI305        |2,479.00   |0.00     |0.00     |0.00     |0.00     |2,479.00  |0.00      |0.00      |0         |0           |0        |0.00         |                       
2022-09-05 |RI307        |2,479.00   |0.00     |0.00     |0.00     |0.00     |2,479.00  |0.00      |0.00      |0         |0           |0        |0.00         |                       
2022-09-06 |RI209        |2,630.00   |0.00     |0.00     |0.00     |0.00     |2,630.00  |0.00      |0.00      |0         |0           |0        |0.00         |2,630.00               
2022-09-06 |RI211        |2,479.00   |0.00     |0.00     |0.00     |0.00     |2,479.00  |0.00      |0.00      |0         |0           |0        |0.00         |                       
2022-09-06 |RI301        |2,479.00   |0.00     |0.00     |0.00     |0.00     |2,479.00  |0.00      |0.00      |0         |0           |0        |0.00         |                       
2022-09-06 |RI303        |2,479.00   |0.00     |0.00     |0.00     |0.00     |2,479.00  |0.00      |0.00      |0         |0           |0        |0.00         |                       
2022-09-06 |RI305        |2,479.00   |0.00     |0.00     |0.00     |0.00     |2,479.00  |0.00      |0.00      |0         |0           |0        |0.00         |                       
2022-09-06 |RI307        |2,479.00   |0.00     |0.00     |0.00     |0.00     |2,479.00  |0.00      |0.00      |0         |0           |0        |0.00         |                       
2022-09-07 |RI209        |2,630.00   |0.00     |0.00     |0.00     |0.00     |2,630.00  |0.00      |0.00      |0         |0           |0        |0.00         |2,630.00               
2022-09-07 |RI211        |2,479.00   |0.00     |0.00     |0.00     |0.00     |2,479.00  |0.00      |0.00      |0         |0           |0        |0.00         |                       
2022-09-07 |RI301        |2,479.00   |0.00     |0.00     |0.00     |0.00     |2,479.00  |0.00      |0.00      |0         |0           |0        |0.00         |                       
2022-09-07 |RI303        |2,479.00   |0.00     |0.00     |0.00     |0.00     |2,479.00  |0.00      |0.00      |0         |0           |0        |0.00         |                       
2022-09-07 |RI305        |2,479.00   |0.00     |0.00     |0.00     |0.00     |2,479.00  |0.00      |0.00      |0         |0           |0        |0.00         |                       
2022-09-07 |RI307        |2,479.00   |0.00     |0.00     |0.00     |0.00     |2,479.00  |0.00      |0.00      |0         |0           |0        |0.00         |                       
2022-09-08 |RI209        |2,630.00   |0.00     |0.00     |0.00     |0.00     |2,630.00  |0.00      |0.00      |0         |0           |0        |0.00         |2,630.00               
2022-09-08 |RI211        |2,479.00   |0.00     |0.00     |0.00     |0.00     |2,479.00  |0.00      |0.00      |0         |0           |0        |0.00         |                       
2022-09-08 |RI301        |2,479.00   |0.00     |0.00     |0.00     |0.00     |2,479.00  |0.00      |0.00      |0         |0           |0        |0.00         |                       
2022-09-08 |RI303        |2,479.00   |0.00     |0.00     |0.00     |0.00     |2,479.00  |0.00      |0.00      |0         |0           |0        |0.00         |                       
2022-09-08 |RI305        |2,479.00   |0.00     |0.00     |0.00     |0.00     |2,479.00  |0.00      |0.00      |0         |0           |0        |0.00         |                       
2022-09-08 |RI307        |2,479.00   |0.00     |0.00     |0.00     |0.00     |2,479.00  |0.00      |0.00      |0         |0           |0        |0.00         |                       
2022-09-09 |RI209        |2,630.00   |0.00     |0.00     |0.00     |0.00     |2,630.00  |0.00      |0.00      |0         |0           |0        |0.00         |2,630.00               
2022-09-09 |RI211        |2,479.00   |0.00     |0.00     |0.00     |0.00     |2,479.00  |0.00      |0.00      |0         |0           |0        |0.00         |                       
2022-09-09 |RI301        |2,479.00   |0.00     |0.00     |0.00     |0.00     |2,479.00  |0.00      |0.00      |0         |0           |0        |0.00         |                       
2022-09-09 |RI303        |2,479.00   |0.00     |0.00     |0.00     |0.00     |2,479.00  |0.00      |0.00      |0         |0           |0        |0.00         |                       
2022-09-09 |RI305        |2,479.00   |0.00     |0.00     |0.00     |0.00     |2,479.00  |0.00      |0.00      |0         |0           |0        |0.00         |                       
2022-09-09 |RI307        |2,479.00   |0.00     |0.00     |0.00     |0.00     |2,479.00  |0.00      |0.00      |0         |0           |0        |0.00         |                       
2022-09-13 |RI209        |2,630.00   |0.00     |0.00     |0.00     |0.00     |2,630.00  |0.00      |0.00      |0         |0           |0        |0.00         |2,630.00               
2022-09-13 |RI211        |2,479.00   |0.00     |0.00     |0.00     |0.00     |2,479.00  |0.00      |0.00      |0         |0           |0        |0.00         |                       
2022-09-13 |RI301        |2,479.00   |0.00     |0.00     |0.00     |0.00     |2,479.00  |0.00      |0.00      |0         |0           |0        |0.00         |                       
2022-09-13 |RI303        |2,479.00   |0.00     |0.00     |0.00     |0.00     |2,479.00  |0.00      |0.00      |0         |0           |0        |0.00         |                       
2022-09-13 |RI305        |2,479.00   |0.00     |0.00     |0.00     |0.00     |2,479.00  |0.00      |0.00      |0         |0           |0        |0.00         |                       
2022-09-13 |RI307        |2,479.00   |0.00     |0.00     |0.00     |0.00     |2,479.00  |0.00      |0.00      |0         |0           |0        |0.00         |                       
2022-09-14 |RI209        |2,630.00   |0.00     |0.00     |0.00     |0.00     |2,630.00  |0.00      |0.00      |0         |0           |0        |0.00         |2,630.00               
2022-09-14 |RI211        |2,479.00   |0.00     |0.00     |0.00     |0.00     |2,479.00  |0.00      |0.00      |0         |0           |0        |0.00         |                       
2022-09-14 |RI301        |2,479.00   |0.00     |0.00     |0.00     |0.00     |2,479.00  |0.00      |0.00      |0         |0           |0        |0.00         |                       
2022-09-14 |RI303        |2,479.00   |0.00     |0.00     |0.00     |0.00     |2,479.00  |0.00      |0.00      |0         |0           |0        |0.00         |                       
2022-09-14 |RI305        |2,479.00   |0.00     |0.00     |0.00     |0.00     |2,479.00  |0.00      |0.00      |0         |0           |0        |0.00         |                       
2022-09-14 |RI307        |2,479.00   |0.00     |0.00     |0.00     |0.00     |2,479.00  |0.00      |0.00      |0         |0           |0        |0.00         |                       
2022-09-15 |RI209        |2,630.00   |0.00     |0.00     |0.00     |0.00     |2,630.00  |0.00      |0.00      |0         |0           |0        |0.00         |2,630.00               
2022-09-15 |RI211        |2,479.00   |0.00     |0.00     |0.00     |0.00     |2,479.00  |0.00      |0.00      |0         |0           |0        |0.00         |                       
2022-09-15 |RI301        |2,479.00   |0.00     |0.00     |0.00     |0.00     |2,479.00  |0.00      |0.00      |0         |0           |0        |0.00         |                       
2022-09-15 |RI303        |2,479.00   |0.00     |0.00     |0.00     |0.00     |2,479.00  |0.00      |0.00      |0         |0           |0        |0.00         |                       
2022-09-15 |RI305        |2,479.00   |0.00     |0.00     |0.00     |0.00     |2,479.00  |0.00      |0.00      |0         |0           |0        |0.00         |                       
2022-09-15 |RI307        |2,479.00   |0.00     |0.00     |0.00     |0.00     |2,479.00  |0.00      |0.00      |0         |0           |0        |0.00         |                       
2022-09-16 |RI211        |2,479.00   |0.00     |0.00     |0.00     |0.00     |2,479.00  |0.00      |0.00      |0         |0           |0        |0.00         |                       
2022-09-16 |RI301        |2,479.00   |0.00     |0.00     |0.00     |0.00     |2,479.00  |0.00      |0.00      |0         |0           |0        |0.00         |                       
2022-09-16 |RI303        |2,479.00   |0.00     |0.00     |0.00     |0.00     |2,479.00  |0.00      |0.00      |0         |0           |0        |0.00         |                       
2022-09-16 |RI305        |2,479.00   |0.00     |0.00     |0.00     |0.00     |2,479.00  |0.00      |0.00      |0         |0           |0        |0.00         |                       
2022-09-16 |RI307        |2,479.00   |0.00     |0.00     |0.00     |0.00     |2,479.00  |0.00      |0.00      |0         |0           |0        |0.00         |                       
2022-09-16 |RI309        |2,479.00   |0.00     |0.00     |0.00     |0.00     |2,479.00  |0.00      |0.00      |0         |0           |0        |0.00         |                       
2022-09-19 |RI211        |2,479.00   |0.00     |0.00     |0.00     |0.00     |2,479.00  |0.00      |0.00      |0         |0           |0        |0.00         |                       
2022-09-19 |RI301        |2,479.00   |0.00     |0.00     |0.00     |0.00     |2,479.00  |0.00      |0.00      |0         |0           |0        |0.00         |                       
2022-09-19 |RI303        |2,479.00   |0.00     |0.00     |0.00     |0.00     |2,479.00  |0.00      |0.00      |0         |0           |0        |0.00         |                       
2022-09-19 |RI305        |2,479.00   |0.00     |0.00     |0.00     |0.00     |2,479.00  |0.00      |0.00      |0         |0           |0        |0.00         |                       
2022-09-19 |RI307        |2,479.00   |0.00     |0.00     |0.00     |0.00     |2,479.00  |0.00      |0.00      |0         |0           |0        |0.00         |                       
2022-09-19 |RI309        |2,479.00   |0.00     |0.00     |0.00     |0.00     |2,479.00  |0.00      |0.00      |0         |0           |0        |0.00         |                       
2022-09-20 |RI211        |2,479.00   |0.00     |0.00     |0.00     |0.00     |2,479.00  |0.00      |0.00      |0         |0           |0        |0.00         |                       
2022-09-20 |RI301        |2,479.00   |0.00     |0.00     |0.00     |0.00     |2,479.00  |0.00      |0.00      |0         |0           |0        |0.00         |                       
2022-09-20 |RI303        |2,479.00   |0.00     |0.00     |0.00     |0.00     |2,479.00  |0.00      |0.00      |0         |0           |0        |0.00         |                       
2022-09-20 |RI305        |2,479.00   |0.00     |0.00     |0.00     |0.00     |2,479.00  |0.00      |0.00      |0         |0           |0        |0.00         |                       
2022-09-20 |RI307        |2,479.00   |0.00     |0.00     |0.00     |0.00     |2,479.00  |0.00      |0.00      |0         |0           |0        |0.00         |                       
2022-09-20 |RI309        |2,479.00   |0.00     |0.00     |0.00     |0.00     |2,479.00  |0.00      |0.00      |0         |0           |0        |0.00         |                       
2022-09-21 |RI211        |2,479.00   |0.00     |0.00     |0.00     |0.00     |2,479.00  |0.00      |0.00      |0         |0           |0        |0.00         |                       
2022-09-21 |RI301        |2,479.00   |0.00     |0.00     |0.00     |0.00     |2,479.00  |0.00      |0.00      |0         |0           |0        |0.00         |                       
2022-09-21 |RI303        |2,479.00   |0.00     |0.00     |0.00     |0.00     |2,479.00  |0.00      |0.00      |0         |0           |0        |0.00         |                       
2022-09-21 |RI305        |2,479.00   |0.00     |0.00     |0.00     |0.00     |2,479.00  |0.00      |0.00      |0         |0           |0        |0.00         |                       
2022-09-21 |RI307        |2,479.00   |0.00     |0.00     |0.00     |0.00     |2,479.00  |0.00      |0.00      |0         |0           |0        |0.00         |                       
2022-09-21 |RI309        |2,479.00   |0.00     |0.00     |0.00     |0.00     |2,479.00  |0.00      |0.00      |0         |0           |0        |0.00         |                       
2022-09-22 |RI211        |2,479.00   |0.00     |0.00     |0.00     |0.00     |2,479.00  |0.00      |0.00      |0         |0           |0        |0.00         |                       
2022-09-22 |RI301        |2,479.00   |0.00     |0.00     |0.00     |0.00     |2,479.00  |0.00      |0.00      |0         |0           |0        |0.00         |                       
2022-09-22 |RI303        |2,479.00   |0.00     |0.00     |0.00     |0.00     |2,479.00  |0.00      |0.00      |0         |0           |0        |0.00         |                       
2022-09-22 |RI305        |2,479.00   |0.00     |0.00     |0.00     |0.00     |2,479.00  |0.00      |0.00      |0         |0           |0        |0.00         |                       
2022-09-22 |RI307        |2,479.00   |0.00     |0.00     |0.00     |0.00     |2,479.00  |0.00      |0.00      |0         |0           |0        |0.00         |                       
2022-09-22 |RI309        |2,479.00   |0.00     |0.00     |0.00     |0.00     |2,479.00  |0.00      |0.00      |0         |0           |0        |0.00         |                       
2022-09-23 |RI211        |2,479.00   |0.00     |0.00     |0.00     |0.00     |2,479.00  |0.00      |0.00      |0         |0           |0        |0.00         |                       
2022-09-23 |RI301        |2,479.00   |0.00     |0.00     |0.00     |0.00     |2,479.00  |0.00      |0.00      |0         |0           |0        |0.00         |                       
2022-09-23 |RI303        |2,479.00   |0.00     |0.00     |0.00     |0.00     |2,479.00  |0.00      |0.00      |0         |0           |0        |0.00         |                       
2022-09-23 |RI305        |2,479.00   |0.00     |0.00     |0.00     |0.00     |2,479.00  |0.00      |0.00      |0         |0           |0        |0.00         |                       
2022-09-23 |RI307        |2,479.00   |0.00     |0.00     |0.00     |0.00     |2,479.00  |0.00      |0.00      |0         |0           |0        |0.00         |                       
2022-09-23 |RI309        |2,479.00   |0.00     |0.00     |0.00     |0.00     |2,479.00  |0.00      |0.00      |0         |0           |0        |0.00         |                       
2022-09-26 |RI211        |2,479.00   |0.00     |0.00     |0.00     |0.00     |2,479.00  |0.00      |0.00      |0         |0           |0        |0.00         |                       
2022-09-26 |RI301        |2,479.00   |0.00     |0.00     |0.00     |0.00     |2,479.00  |0.00      |0.00      |0         |0           |0        |0.00         |                       
2022-09-26 |RI303        |2,479.00   |0.00     |0.00     |0.00     |0.00     |2,479.00  |0.00      |0.00      |0         |0           |0        |0.00         |                       
2022-09-26 |RI305        |2,479.00   |0.00     |0.00     |0.00     |0.00     |2,479.00  |0.00      |0.00      |0         |0           |0        |0.00         |                       
2022-09-26 |RI307        |2,479.00   |0.00     |0.00     |0.00     |0.00     |2,479.00  |0.00      |0.00      |0         |0           |0        |0.00         |                       
2022-09-26 |RI309        |2,479.00   |0.00     |0.00     |0.00     |0.00     |2,479.00  |0.00      |0.00      |0         |0           |0        |0.00         |                       
2022-09-27 |RI211        |2,479.00   |0.00     |0.00     |0.00     |0.00     |2,479.00  |0.00      |0.00      |0         |0           |0        |0.00         |                       
2022-09-27 |RI301        |2,479.00   |0.00     |0.00     |0.00     |0.00     |2,479.00  |0.00      |0.00      |0         |0           |0        |0.00         |                       
2022-09-27 |RI303        |2,479.00   |0.00     |0.00     |0.00     |0.00     |2,479.00  |0.00      |0.00      |0         |0           |0        |0.00         |                       
2022-09-27 |RI305        |2,479.00   |0.00     |0.00     |0.00     |0.00     |2,479.00  |0.00      |0.00      |0         |0           |0        |0.00         |                       
2022-09-27 |RI307        |2,479.00   |0.00     |0.00     |0.00     |0.00     |2,479.00  |0.00      |0.00      |0         |0           |0        |0.00         |                       
2022-09-27 |RI309        |2,479.00   |0.00     |0.00     |0.00     |0.00     |2,479.00  |0.00      |0.00      |0         |0           |0        |0.00         |                       
2022-09-28 |RI211        |2,479.00   |0.00     |0.00     |0.00     |0.00     |2,479.00  |0.00      |0.00      |0         |0           |0        |0.00         |                       
2022-09-28 |RI301        |2,479.00   |0.00     |0.00     |0.00     |0.00     |2,479.00  |0.00      |0.00      |0         |0           |0        |0.00         |                       
2022-09-28 |RI303        |2,479.00   |0.00     |0.00     |0.00     |0.00     |2,479.00  |0.00      |0.00      |0         |0           |0        |0.00         |                       
2022-09-28 |RI305        |2,479.00   |0.00     |0.00     |0.00     |0.00     |2,479.00  |0.00      |0.00      |0         |0           |0        |0.00         |                       
2022-09-28 |RI307        |2,479.00   |0.00     |0.00     |0.00     |0.00     |2,479.00  |0.00      |0.00      |0         |0           |0        |0.00         |                       
2022-09-28 |RI309        |2,479.00   |0.00     |0.00     |0.00     |0.00     |2,479.00  |0.00      |0.00      |0         |0           |0        |0.00         |                       
2022-09-29 |RI211        |2,479.00   |0.00     |0.00     |0.00     |0.00     |2,479.00  |0.00      |0.00      |0         |0           |0        |0.00         |                       
2022-09-29 |RI301        |2,479.00   |0.00     |0.00     |0.00     |0.00     |2,479.00  |0.00      |0.00      |0         |0           |0        |0.00         |                       
2022-09-29 |RI303        |2,479.00   |0.00     |0.00     |0.00     |0.00     |2,479.00  |0.00      |0.00      |0         |0           |0        |0.00         |                       
2022-09-29 |RI305        |2,479.00   |0.00     |0.00     |0.00     |0.00     |2,479.00  |0.00      |0.00      |0         |0           |0        |0.00         |                       
2022-09-29 |RI307        |2,479.00   |0.00     |0.00     |0.00     |0.00     |2,479.00  |0.00      |0.00      |0         |0           |0        |0.00         |                       
2022-09-29 |RI309        |2,479.00   |0.00     |0.00     |0.00     |0.00     |2,479.00  |0.00      |0.00      |0         |0           |0        |0.00         |                       
2022-09-30 |RI211        |2,479.00   |0.00     |0.00     |0.00     |0.00     |2,479.00  |0.00      |0.00      |0         |0           |0        |0.00         |                       
2022-09-30 |RI301        |2,479.00   |0.00     |0.00     |0.00     |0.00     |2,479.00  |0.00      |0.00      |0         |0           |0        |0.00         |                       
2022-09-30 |RI303        |2,479.00   |0.00     |0.00     |0.00     |0.00     |2,479.00  |0.00      |0.00      |0         |0           |0        |0.00         |                       
2022-09-30 |RI305        |2,479.00   |0.00     |0.00     |0.00     |0.00     |2,479.00  |0.00      |0.00      |0         |0           |0        |0.00         |                       
2022-09-30 |RI307        |2,479.00   |0.00     |0.00     |0.00     |0.00     |2,479.00  |0.00      |0.00      |0         |0           |0        |0.00         |                       
2022-09-30 |RI309        |2,479.00   |0.00     |0.00     |0.00     |0.00     |2,479.00  |0.00      |0.00      |0         |0           |0        |0.00         |                       
2022-10-10 |RI211        |2,479.00   |0.00     |0.00     |0.00     |0.00     |2,479.00  |0.00      |0.00      |0         |0           |0        |0.00         |                       
2022-10-10 |RI301        |2,479.00   |0.00     |0.00     |0.00     |0.00     |2,479.00  |0.00      |0.00      |0         |0           |0        |0.00         |                       
2022-10-10 |RI303        |2,479.00   |0.00     |0.00     |0.00     |0.00     |2,479.00  |0.00      |0.00      |0         |0           |0        |0.00         |                       
2022-10-10 |RI305        |2,479.00   |0.00     |0.00     |0.00     |0.00     |2,479.00  |0.00      |0.00      |0         |0           |0        |0.00         |                       
2022-10-10 |RI307        |2,479.00   |0.00     |0.00     |0.00     |0.00     |2,479.00  |0.00      |0.00      |0         |0           |0        |0.00         |                       
2022-10-10 |RI309        |2,479.00   |0.00     |0.00     |0.00     |0.00     |2,479.00  |0.00      |0.00      |0         |0           |0        |0.00         |                       
2022-10-11 |RI211        |2,479.00   |0.00     |0.00     |0.00     |0.00     |2,479.00  |0.00      |0.00      |0         |0           |0        |0.00         |                       
2022-10-11 |RI301        |2,479.00   |0.00     |0.00     |0.00     |0.00     |2,479.00  |0.00      |0.00      |0         |0           |0        |0.00         |                       
2022-10-11 |RI303        |2,479.00   |0.00     |0.00     |0.00     |0.00     |2,479.00  |0.00      |0.00      |0         |0           |0        |0.00         |                       
2022-10-11 |RI305        |2,479.00   |0.00     |0.00     |0.00     |0.00     |2,479.00  |0.00      |0.00      |0         |0           |0        |0.00         |                       
2022-10-11 |RI307        |2,479.00   |0.00     |0.00     |0.00     |0.00     |2,479.00  |0.00      |0.00      |0         |0           |0        |0.00         |                       
2022-10-11 |RI309        |2,479.00   |0.00     |0.00     |0.00     |0.00     |2,479.00  |0.00      |0.00      |0         |0           |0        |0.00         |                       
2022-10-12 |RI211        |2,479.00   |0.00     |0.00     |0.00     |0.00     |2,479.00  |0.00      |0.00      |0         |0           |0        |0.00         |                       
2022-10-12 |RI301        |2,479.00   |0.00     |0.00     |0.00     |0.00     |2,479.00  |0.00      |0.00      |0         |0           |0        |0.00         |                       
2022-10-12 |RI303        |2,479.00   |0.00     |0.00     |0.00     |0.00     |2,479.00  |0.00      |0.00      |0         |0           |0        |0.00         |                       
2022-10-12 |RI305        |2,479.00   |0.00     |0.00     |0.00     |0.00     |2,479.00  |0.00      |0.00      |0         |0           |0        |0.00         |                       
2022-10-12 |RI307        |2,479.00   |0.00     |0.00     |0.00     |0.00     |2,479.00  |0.00      |0.00      |0         |0           |0        |0.00         |                       
2022-10-12 |RI309        |2,479.00   |0.00     |0.00     |0.00     |0.00     |2,479.00  |0.00      |0.00      |0         |0           |0        |0.00         |                       
2022-10-13 |RI211        |2,479.00   |0.00     |0.00     |0.00     |0.00     |2,479.00  |0.00      |0.00      |0         |0           |0        |0.00         |                       
2022-10-13 |RI301        |2,479.00   |0.00     |0.00     |0.00     |0.00     |2,479.00  |0.00      |0.00      |0         |0           |0        |0.00         |                       
2022-10-13 |RI303        |2,479.00   |0.00     |0.00     |0.00     |0.00     |2,479.00  |0.00      |0.00      |0         |0           |0        |0.00         |                       
2022-10-13 |RI305        |2,479.00   |0.00     |0.00     |0.00     |0.00     |2,479.00  |0.00      |0.00      |0         |0           |0        |0.00         |                       
2022-10-13 |RI307        |2,479.00   |0.00     |0.00     |0.00     |0.00     |2,479.00  |0.00      |0.00      |0         |0           |0        |0.00         |                       
2022-10-13 |RI309        |2,479.00   |0.00     |0.00     |0.00     |0.00     |2,479.00  |0.00      |0.00      |0         |0           |0        |0.00         |                       
2022-10-14 |RI211        |2,479.00   |0.00     |0.00     |0.00     |0.00     |2,479.00  |0.00      |0.00      |0         |0           |0        |0.00         |                       
2022-10-14 |RI301        |2,479.00   |0.00     |0.00     |0.00     |0.00     |2,479.00  |0.00      |0.00      |0         |0           |0        |0.00         |                       
2022-10-14 |RI303        |2,479.00   |0.00     |0.00     |0.00     |0.00     |2,479.00  |0.00      |0.00      |0         |0           |0        |0.00         |                       
2022-10-14 |RI305        |2,479.00   |0.00     |0.00     |0.00     |0.00     |2,479.00  |0.00      |0.00      |0         |0           |0        |0.00         |                       
2022-10-14 |RI307        |2,479.00   |0.00     |0.00     |0.00     |0.00     |2,479.00  |0.00      |0.00      |0         |0           |0        |0.00         |                       
2022-10-14 |RI309        |2,479.00   |0.00     |0.00     |0.00     |0.00     |2,479.00  |0.00      |0.00      |0         |0           |0        |0.00         |                       
2022-10-17 |RI211        |2,479.00   |0.00     |0.00     |0.00     |0.00     |2,479.00  |0.00      |0.00      |0         |0           |0        |0.00         |                       
2022-10-17 |RI301        |2,479.00   |0.00     |0.00     |0.00     |0.00     |2,479.00  |0.00      |0.00      |0         |0           |0        |0.00         |                       
2022-10-17 |RI303        |2,479.00   |0.00     |0.00     |0.00     |0.00     |2,479.00  |0.00      |0.00      |0         |0           |0        |0.00         |                       
2022-10-17 |RI305        |2,479.00   |0.00     |0.00     |0.00     |0.00     |2,479.00  |0.00      |0.00      |0         |0           |0        |0.00         |                       
2022-10-17 |RI307        |2,479.00   |0.00     |0.00     |0.00     |0.00     |2,479.00  |0.00      |0.00      |0         |0           |0        |0.00         |                       
2022-10-17 |RI309        |2,479.00   |0.00     |0.00     |0.00     |0.00     |2,479.00  |0.00      |0.00      |0         |0           |0        |0.00         |                       
2022-10-18 |RI211        |2,479.00   |0.00     |0.00     |0.00     |0.00     |2,479.00  |0.00      |0.00      |0         |0           |0        |0.00         |                       
2022-10-18 |RI301        |2,479.00   |0.00     |0.00     |0.00     |0.00     |2,479.00  |0.00      |0.00      |0         |0           |0        |0.00         |                       
2022-10-18 |RI303        |2,479.00   |0.00     |0.00     |0.00     |0.00     |2,479.00  |0.00      |0.00      |0         |0           |0        |0.00         |                       
2022-10-18 |RI305        |2,479.00   |0.00     |0.00     |0.00     |0.00     |2,479.00  |0.00      |0.00      |0         |0           |0        |0.00         |                       
2022-10-18 |RI307        |2,479.00   |0.00     |0.00     |0.00     |0.00     |2,479.00  |0.00      |0.00      |0         |0           |0        |0.00         |                       
2022-10-18 |RI309        |2,479.00   |0.00     |0.00     |0.00     |0.00     |2,479.00  |0.00      |0.00      |0         |0           |0        |0.00         |                       
2022-10-19 |RI211        |2,479.00   |0.00     |0.00     |0.00     |0.00     |2,479.00  |0.00      |0.00      |0         |0           |0        |0.00         |                       
2022-10-19 |RI301        |2,479.00   |0.00     |0.00     |0.00     |0.00     |2,479.00  |0.00      |0.00      |0         |0           |0        |0.00         |                       
2022-10-19 |RI303        |2,479.00   |0.00     |0.00     |0.00     |0.00     |2,479.00  |0.00      |0.00      |0         |0           |0        |0.00         |                       
2022-10-19 |RI305        |2,479.00   |0.00     |0.00     |0.00     |0.00     |2,479.00  |0.00      |0.00      |0         |0           |0        |0.00         |                       
2022-10-19 |RI307        |2,479.00   |0.00     |0.00     |0.00     |0.00     |2,479.00  |0.00      |0.00      |0         |0           |0        |0.00         |                       
2022-10-19 |RI309        |2,479.00   |0.00     |0.00     |0.00     |0.00     |2,479.00  |0.00      |0.00      |0         |0           |0        |0.00         |                       
2022-10-20 |RI211        |2,479.00   |0.00     |0.00     |0.00     |0.00     |2,479.00  |0.00      |0.00      |0         |0           |0        |0.00         |                       
2022-10-20 |RI301        |2,479.00   |0.00     |0.00     |0.00     |0.00     |2,479.00  |0.00      |0.00      |0         |0           |0        |0.00         |                       
2022-10-20 |RI303        |2,479.00   |0.00     |0.00     |0.00     |0.00     |2,479.00  |0.00      |0.00      |0         |0           |0        |0.00         |                       
2022-10-20 |RI305        |2,479.00   |0.00     |0.00     |0.00     |0.00     |2,479.00  |0.00      |0.00      |0         |0           |0        |0.00         |                       
2022-10-20 |RI307        |2,479.00   |0.00     |0.00     |0.00     |0.00     |2,479.00  |0.00      |0.00      |0         |0           |0        |0.00         |                       
2022-10-20 |RI309        |2,479.00   |0.00     |0.00     |0.00     |0.00     |2,479.00  |0.00      |0.00      |0         |0           |0        |0.00         |                       
2022-10-21 |RI211        |2,479.00   |0.00     |0.00     |0.00     |0.00     |2,479.00  |0.00      |0.00      |0         |0           |0        |0.00         |                       
2022-10-21 |RI301        |2,479.00   |0.00     |0.00     |0.00     |0.00     |2,479.00  |0.00      |0.00      |0         |0           |0        |0.00         |                       
2022-10-21 |RI303        |2,479.00   |0.00     |0.00     |0.00     |0.00     |2,479.00  |0.00      |0.00      |0         |0           |0        |0.00         |                       
2022-10-21 |RI305        |2,479.00   |0.00     |0.00     |0.00     |0.00     |2,479.00  |0.00      |0.00      |0         |0           |0        |0.00         |                       
2022-10-21 |RI307        |2,479.00   |0.00     |0.00     |0.00     |0.00     |2,479.00  |0.00      |0.00      |0         |0           |0        |0.00         |                       
2022-10-21 |RI309        |2,479.00   |0.00     |0.00     |0.00     |0.00     |2,479.00  |0.00      |0.00      |0         |0           |0        |0.00         |                       
2022-10-24 |RI211        |2,479.00   |0.00     |0.00     |0.00     |0.00     |2,479.00  |0.00      |0.00      |0         |0           |0        |0.00         |                       
2022-10-24 |RI301        |2,479.00   |0.00     |0.00     |0.00     |0.00     |2,479.00  |0.00      |0.00      |0         |0           |0        |0.00         |                       
2022-10-24 |RI303        |2,479.00   |0.00     |0.00     |0.00     |0.00     |2,479.00  |0.00      |0.00      |0         |0           |0        |0.00         |                       
2022-10-24 |RI305        |2,479.00   |0.00     |0.00     |0.00     |0.00     |2,479.00  |0.00      |0.00      |0         |0           |0        |0.00         |                       
2022-10-24 |RI307        |2,479.00   |0.00     |0.00     |0.00     |0.00     |2,479.00  |0.00      |0.00      |0         |0           |0        |0.00         |                       
2022-10-24 |RI309        |2,479.00   |0.00     |0.00     |0.00     |0.00     |2,479.00  |0.00      |0.00      |0         |0           |0        |0.00         |                       
2022-10-25 |RI211        |2,479.00   |0.00     |0.00     |0.00     |0.00     |2,479.00  |0.00      |0.00      |0         |0           |0        |0.00         |                       
2022-10-25 |RI301        |2,479.00   |0.00     |0.00     |0.00     |0.00     |2,479.00  |0.00      |0.00      |0         |0           |0        |0.00         |                       
2022-10-25 |RI303        |2,479.00   |0.00     |0.00     |0.00     |0.00     |2,479.00  |0.00      |0.00      |0         |0           |0        |0.00         |                       
2022-10-25 |RI305        |2,479.00   |0.00     |0.00     |0.00     |0.00     |2,479.00  |0.00      |0.00      |0         |0           |0        |0.00         |                       
2022-10-25 |RI307        |2,479.00   |0.00     |0.00     |0.00     |0.00     |2,479.00  |0.00      |0.00      |0         |0           |0        |0.00         |                       
2022-10-25 |RI309        |2,479.00   |0.00     |0.00     |0.00     |0.00     |2,479.00  |0.00      |0.00      |0         |0           |0        |0.00         |                       
2022-10-26 |RI211        |2,479.00   |0.00     |0.00     |0.00     |0.00     |2,479.00  |0.00      |0.00      |0         |0           |0        |0.00         |                       
2022-10-26 |RI301        |2,479.00   |0.00     |0.00     |0.00     |0.00     |2,479.00  |0.00      |0.00      |0         |0           |0        |0.00         |                       
2022-10-26 |RI303        |2,479.00   |0.00     |0.00     |0.00     |0.00     |2,479.00  |0.00      |0.00      |0         |0           |0        |0.00         |                       
2022-10-26 |RI305        |2,479.00   |0.00     |0.00     |0.00     |0.00     |2,479.00  |0.00      |0.00      |0         |0           |0        |0.00         |                       
2022-10-26 |RI307        |2,479.00   |0.00     |0.00     |0.00     |0.00     |2,479.00  |0.00      |0.00      |0         |0           |0        |0.00         |                       
2022-10-26 |RI309        |2,479.00   |0.00     |0.00     |0.00     |0.00     |2,479.00  |0.00      |0.00      |0         |0           |0        |0.00         |                       
2022-10-27 |RI211        |2,479.00   |0.00     |0.00     |0.00     |0.00     |2,479.00  |0.00      |0.00      |0         |0           |0        |0.00         |                       
2022-10-27 |RI301        |2,479.00   |0.00     |0.00     |0.00     |0.00     |2,479.00  |0.00      |0.00      |0         |0           |0        |0.00         |                       
2022-10-27 |RI303        |2,479.00   |0.00     |0.00     |0.00     |0.00     |2,479.00  |0.00      |0.00      |0         |0           |0        |0.00         |                       
2022-10-27 |RI305        |2,479.00   |0.00     |0.00     |0.00     |0.00     |2,479.00  |0.00      |0.00      |0         |0           |0        |0.00         |                       
2022-10-27 |RI307        |2,479.00   |0.00     |0.00     |0.00     |0.00     |2,479.00  |0.00      |0.00      |0         |0           |0        |0.00         |                       
2022-10-27 |RI309        |2,479.00   |0.00     |0.00     |0.00     |0.00     |2,479.00  |0.00      |0.00      |0         |0           |0        |0.00         |                       
2022-10-28 |RI211        |2,479.00   |0.00     |0.00     |0.00     |0.00     |2,479.00  |0.00      |0.00      |0         |0           |0        |0.00         |                       
2022-10-28 |RI301        |2,479.00   |0.00     |0.00     |0.00     |0.00     |2,479.00  |0.00      |0.00      |0         |0           |0        |0.00         |                       
2022-10-28 |RI303        |2,479.00   |0.00     |0.00     |0.00     |0.00     |2,479.00  |0.00      |0.00      |0         |0           |0        |0.00         |                       
2022-10-28 |RI305        |2,479.00   |0.00     |0.00     |0.00     |0.00     |2,479.00  |0.00      |0.00      |0         |0           |0        |0.00         |                       
2022-10-28 |RI307        |2,479.00   |0.00     |0.00     |0.00     |0.00     |2,479.00  |0.00      |0.00      |0         |0           |0        |0.00         |                       
2022-10-28 |RI309        |2,479.00   |0.00     |0.00     |0.00     |0.00     |2,479.00  |0.00      |0.00      |0         |0           |0        |0.00         |                       
2022-10-31 |RI211        |2,479.00   |0.00     |0.00     |0.00     |0.00     |2,479.00  |0.00      |0.00      |0         |0           |0        |0.00         |                       
2022-10-31 |RI301        |2,479.00   |0.00     |0.00     |0.00     |0.00     |2,479.00  |0.00      |0.00      |0         |0           |0        |0.00         |                       
2022-10-31 |RI303        |2,479.00   |0.00     |0.00     |0.00     |0.00     |2,479.00  |0.00      |0.00      |0         |0           |0        |0.00         |                       
2022-10-31 |RI305        |2,479.00   |0.00     |0.00     |0.00     |0.00     |2,479.00  |0.00      |0.00      |0         |0           |0        |0.00         |                       
2022-10-31 |RI307        |2,479.00   |0.00     |0.00     |0.00     |0.00     |2,479.00  |0.00      |0.00      |0         |0           |0        |0.00         |                       
2022-10-31 |RI309        |2,479.00   |0.00     |0.00     |0.00     |0.00     |2,479.00  |0.00      |0.00      |0         |0           |0        |0.00         |                       
2022-11-01 |RI211        |2,479.00   |0.00     |0.00     |0.00     |0.00     |2,479.00  |0.00      |0.00      |0         |0           |0        |0.00         |2,479.00               
2022-11-01 |RI301        |2,479.00   |0.00     |0.00     |0.00     |0.00     |2,479.00  |0.00      |0.00      |0         |0           |0        |0.00         |                       
2022-11-01 |RI303        |2,479.00   |0.00     |0.00     |0.00     |0.00     |2,479.00  |0.00      |0.00      |0         |0           |0        |0.00         |                       
2022-11-01 |RI305        |2,479.00   |0.00     |0.00     |0.00     |0.00     |2,479.00  |0.00      |0.00      |0         |0           |0        |0.00         |                       
2022-11-01 |RI307        |2,479.00   |0.00     |0.00     |0.00     |0.00     |2,479.00  |0.00      |0.00      |0         |0           |0        |0.00         |                       
2022-11-01 |RI309        |2,479.00   |0.00     |0.00     |0.00     |0.00     |2,479.00  |0.00      |0.00      |0         |0           |0        |0.00         |                       
2022-11-02 |RI211        |2,479.00   |0.00     |0.00     |0.00     |0.00     |2,479.00  |0.00      |0.00      |0         |0           |0        |0.00         |2,479.00               
2022-11-02 |RI301        |2,479.00   |0.00     |0.00     |0.00     |0.00     |2,479.00  |0.00      |0.00      |0         |0           |0        |0.00         |                       
2022-11-02 |RI303        |2,479.00   |0.00     |0.00     |0.00     |0.00     |2,479.00  |0.00      |0.00      |0         |0           |0        |0.00         |                       
2022-11-02 |RI305        |2,479.00   |0.00     |0.00     |0.00     |0.00     |2,479.00  |0.00      |0.00      |0         |0           |0        |0.00         |                       
2022-11-02 |RI307        |2,479.00   |0.00     |0.00     |0.00     |0.00     |2,479.00  |0.00      |0.00      |0         |0           |0        |0.00         |                       
2022-11-02 |RI309        |2,479.00   |0.00     |0.00     |0.00     |0.00     |2,479.00  |0.00      |0.00      |0         |0           |0        |0.00         |                       
2022-11-03 |RI211        |2,479.00   |0.00     |0.00     |0.00     |0.00     |2,479.00  |0.00      |0.00      |0         |0           |0        |0.00         |2,479.00               
2022-11-03 |RI301        |2,479.00   |0.00     |0.00     |0.00     |0.00     |2,479.00  |0.00      |0.00      |0         |0           |0        |0.00         |                       
2022-11-03 |RI303        |2,479.00   |0.00     |0.00     |0.00     |0.00     |2,479.00  |0.00      |0.00      |0         |0           |0        |0.00         |                       
2022-11-03 |RI305        |2,479.00   |0.00     |0.00     |0.00     |0.00     |2,479.00  |0.00      |0.00      |0         |0           |0        |0.00         |                       
2022-11-03 |RI307        |2,479.00   |0.00     |0.00     |0.00     |0.00     |2,479.00  |0.00      |0.00      |0         |0           |0        |0.00         |                       
2022-11-03 |RI309        |2,479.00   |0.00     |0.00     |0.00     |0.00     |2,479.00  |0.00      |0.00      |0         |0           |0        |0.00         |                       
2022-11-04 |RI211        |2,479.00   |0.00     |0.00     |0.00     |0.00     |2,479.00  |0.00      |0.00      |0         |0           |0        |0.00         |2,479.00               
2022-11-04 |RI301        |2,479.00   |0.00     |0.00     |0.00     |0.00     |2,479.00  |0.00      |0.00      |0         |0           |0        |0.00         |                       
2022-11-04 |RI303        |2,479.00   |0.00     |0.00     |0.00     |0.00     |2,479.00  |0.00      |0.00      |0         |0           |0        |0.00         |                       
2022-11-04 |RI305        |2,479.00   |0.00     |0.00     |0.00     |0.00     |2,479.00  |0.00      |0.00      |0         |0           |0        |0.00         |                       
2022-11-04 |RI307        |2,479.00   |0.00     |0.00     |0.00     |0.00     |2,479.00  |0.00      |0.00      |0         |0           |0        |0.00         |                       
2022-11-04 |RI309        |2,479.00   |0.00     |0.00     |0.00     |0.00     |2,479.00  |0.00      |0.00      |0         |0           |0        |0.00         |                       
2022-11-07 |RI211        |2,479.00   |0.00     |0.00     |0.00     |0.00     |2,479.00  |0.00      |0.00      |0         |0           |0        |0.00         |2,479.00               
2022-11-07 |RI301        |2,479.00   |0.00     |0.00     |0.00     |0.00     |2,479.00  |0.00      |0.00      |0         |0           |0        |0.00         |                       
2022-11-07 |RI303        |2,479.00   |0.00     |0.00     |0.00     |0.00     |2,479.00  |0.00      |0.00      |0         |0           |0        |0.00         |                       
2022-11-07 |RI305        |2,479.00   |0.00     |0.00     |0.00     |0.00     |2,479.00  |0.00      |0.00      |0         |0           |0        |0.00         |                       
2022-11-07 |RI307        |2,479.00   |0.00     |0.00     |0.00     |0.00     |2,479.00  |0.00      |0.00      |0         |0           |0        |0.00         |                       
2022-11-07 |RI309        |2,479.00   |0.00     |0.00     |0.00     |0.00     |2,479.00  |0.00      |0.00      |0         |0           |0        |0.00         |                       
2022-11-08 |RI211        |2,479.00   |0.00     |0.00     |0.00     |0.00     |2,479.00  |0.00      |0.00      |0         |0           |0        |0.00         |2,479.00               
2022-11-08 |RI301        |2,479.00   |0.00     |0.00     |0.00     |0.00     |2,479.00  |0.00      |0.00      |0         |0           |0        |0.00         |                       
2022-11-08 |RI303        |2,479.00   |0.00     |0.00     |0.00     |0.00     |2,479.00  |0.00      |0.00      |0         |0           |0        |0.00         |                       
2022-11-08 |RI305        |2,479.00   |0.00     |0.00     |0.00     |0.00     |2,479.00  |0.00      |0.00      |0         |0           |0        |0.00         |                       
2022-11-08 |RI307        |2,479.00   |0.00     |0.00     |0.00     |0.00     |2,479.00  |0.00      |0.00      |0         |0           |0        |0.00         |                       
2022-11-08 |RI309        |2,479.00   |0.00     |0.00     |0.00     |0.00     |2,479.00  |0.00      |0.00      |0         |0           |0        |0.00         |                       
2022-11-09 |RI211        |2,479.00   |0.00     |0.00     |0.00     |0.00     |2,479.00  |0.00      |0.00      |0         |0           |0        |0.00         |2,479.00               
2022-11-09 |RI301        |2,479.00   |0.00     |0.00     |0.00     |0.00     |2,479.00  |0.00      |0.00      |0         |0           |0        |0.00         |                       
2022-11-09 |RI303        |2,479.00   |0.00     |0.00     |0.00     |0.00     |2,479.00  |0.00      |0.00      |0         |0           |0        |0.00         |                       
2022-11-09 |RI305        |2,479.00   |0.00     |0.00     |0.00     |0.00     |2,479.00  |0.00      |0.00      |0         |0           |0        |0.00         |                       
2022-11-09 |RI307        |2,479.00   |0.00     |0.00     |0.00     |0.00     |2,479.00  |0.00      |0.00      |0         |0           |0        |0.00         |                       
2022-11-09 |RI309        |2,479.00   |0.00     |0.00     |0.00     |0.00     |2,479.00  |0.00      |0.00      |0         |0           |0        |0.00         |                       
2022-11-10 |RI211        |2,479.00   |0.00     |0.00     |0.00     |0.00     |2,479.00  |0.00      |0.00      |0         |0           |0        |0.00         |2,479.00               
2022-11-10 |RI301        |2,479.00   |0.00     |0.00     |0.00     |0.00     |2,479.00  |0.00      |0.00      |0         |0           |0        |0.00         |                       
2022-11-10 |RI303        |2,479.00   |0.00     |0.00     |0.00     |0.00     |2,479.00  |0.00      |0.00      |0         |0           |0        |0.00         |                       
2022-11-10 |RI305        |2,479.00   |0.00     |0.00     |0.00     |0.00     |2,479.00  |0.00      |0.00      |0         |0           |0        |0.00         |                       
2022-11-10 |RI307        |2,479.00   |0.00     |0.00     |0.00     |0.00     |2,479.00  |0.00      |0.00      |0         |0           |0        |0.00         |                       
2022-11-10 |RI309        |2,479.00   |0.00     |0.00     |0.00     |0.00     |2,479.00  |0.00      |0.00      |0         |0           |0        |0.00         |                       
2022-11-11 |RI211        |2,479.00   |0.00     |0.00     |0.00     |0.00     |2,479.00  |0.00      |0.00      |0         |0           |0        |0.00         |2,479.00               
2022-11-11 |RI301        |2,479.00   |0.00     |0.00     |0.00     |0.00     |2,479.00  |0.00      |0.00      |0         |0           |0        |0.00         |                       
2022-11-11 |RI303        |2,479.00   |0.00     |0.00     |0.00     |0.00     |2,479.00  |0.00      |0.00      |0         |0           |0        |0.00         |                       
2022-11-11 |RI305        |2,479.00   |0.00     |0.00     |0.00     |0.00     |2,479.00  |0.00      |0.00      |0         |0           |0        |0.00         |                       
2022-11-11 |RI307        |2,479.00   |0.00     |0.00     |0.00     |0.00     |2,479.00  |0.00      |0.00      |0         |0           |0        |0.00         |                       
2022-11-11 |RI309        |2,479.00   |0.00     |0.00     |0.00     |0.00     |2,479.00  |0.00      |0.00      |0         |0           |0        |0.00         |                       
2022-11-14 |RI211        |2,479.00   |0.00     |0.00     |0.00     |0.00     |2,479.00  |0.00      |0.00      |0         |0           |0        |0.00         |2,479.00               
2022-11-14 |RI301        |2,479.00   |0.00     |0.00     |0.00     |0.00     |2,479.00  |0.00      |0.00      |0         |0           |0        |0.00         |                       
2022-11-14 |RI303        |2,479.00   |0.00     |0.00     |0.00     |0.00     |2,479.00  |0.00      |0.00      |0         |0           |0        |0.00         |                       
2022-11-14 |RI305        |2,479.00   |0.00     |0.00     |0.00     |0.00     |2,479.00  |0.00      |0.00      |0         |0           |0        |0.00         |                       
2022-11-14 |RI307        |2,479.00   |0.00     |0.00     |0.00     |0.00     |2,479.00  |0.00      |0.00      |0         |0           |0        |0.00         |                       
2022-11-14 |RI309        |2,479.00   |0.00     |0.00     |0.00     |0.00     |2,479.00  |0.00      |0.00      |0         |0           |0        |0.00         |                       
2022-11-15 |RI301        |2,479.00   |0.00     |0.00     |0.00     |0.00     |2,479.00  |0.00      |0.00      |0         |0           |0        |0.00         |                       
2022-11-15 |RI303        |2,479.00   |0.00     |0.00     |0.00     |0.00     |2,479.00  |0.00      |0.00      |0         |0           |0        |0.00         |                       
2022-11-15 |RI305        |2,479.00   |0.00     |0.00     |0.00     |0.00     |2,479.00  |0.00      |0.00      |0         |0           |0        |0.00         |                       
2022-11-15 |RI307        |2,479.00   |0.00     |0.00     |0.00     |0.00     |2,479.00  |0.00      |0.00      |0         |0           |0        |0.00         |                       
2022-11-15 |RI309        |2,479.00   |0.00     |0.00     |0.00     |0.00     |2,479.00  |0.00      |0.00      |0         |0           |0        |0.00         |                       
2022-11-15 |RI311        |2,479.00   |0.00     |0.00     |0.00     |0.00     |2,479.00  |0.00      |0.00      |0         |0           |0        |0.00         |                       
2022-11-16 |RI301        |2,479.00   |0.00     |0.00     |0.00     |0.00     |2,479.00  |0.00      |0.00      |0         |0           |0        |0.00         |                       
2022-11-16 |RI303        |2,479.00   |0.00     |0.00     |0.00     |0.00     |2,479.00  |0.00      |0.00      |0         |0           |0        |0.00         |                       
2022-11-16 |RI305        |2,479.00   |0.00     |0.00     |0.00     |0.00     |2,479.00  |0.00      |0.00      |0         |0           |0        |0.00         |                       
2022-11-16 |RI307        |2,479.00   |0.00     |0.00     |0.00     |0.00     |2,479.00  |0.00      |0.00      |0         |0           |0        |0.00         |                       
2022-11-16 |RI309        |2,479.00   |0.00     |0.00     |0.00     |0.00     |2,479.00  |0.00      |0.00      |0         |0           |0        |0.00         |                       
2022-11-16 |RI311        |2,479.00   |0.00     |0.00     |0.00     |0.00     |2,479.00  |0.00      |0.00      |0         |0           |0        |0.00         |                       
2022-11-17 |RI301        |2,479.00   |0.00     |0.00     |0.00     |0.00     |2,479.00  |0.00      |0.00      |0         |0           |0        |0.00         |                       
2022-11-17 |RI303        |2,479.00   |0.00     |0.00     |0.00     |0.00     |2,479.00  |0.00      |0.00      |0         |0           |0        |0.00         |                       
2022-11-17 |RI305        |2,479.00   |0.00     |0.00     |0.00     |0.00     |2,479.00  |0.00      |0.00      |0         |0           |0        |0.00         |                       
2022-11-17 |RI307        |2,479.00   |0.00     |0.00     |0.00     |0.00     |2,479.00  |0.00      |0.00      |0         |0           |0        |0.00         |                       
2022-11-17 |RI309        |2,479.00   |0.00     |0.00     |0.00     |0.00     |2,479.00  |0.00      |0.00      |0         |0           |0        |0.00         |                       
2022-11-17 |RI311        |2,479.00   |0.00     |0.00     |0.00     |0.00     |2,479.00  |0.00      |0.00      |0         |0           |0        |0.00         |                       
2022-11-18 |RI301        |2,479.00   |0.00     |0.00     |0.00     |0.00     |2,479.00  |0.00      |0.00      |0         |0           |0        |0.00         |                       
2022-11-18 |RI303        |2,479.00   |0.00     |0.00     |0.00     |0.00     |2,479.00  |0.00      |0.00      |0         |0           |0        |0.00         |                       
2022-11-18 |RI305        |2,479.00   |0.00     |0.00     |0.00     |0.00     |2,479.00  |0.00      |0.00      |0         |0           |0        |0.00         |                       
2022-11-18 |RI307        |2,479.00   |0.00     |0.00     |0.00     |0.00     |2,479.00  |0.00      |0.00      |0         |0           |0        |0.00         |                       
2022-11-18 |RI309        |2,479.00   |0.00     |0.00     |0.00     |0.00     |2,479.00  |0.00      |0.00      |0         |0           |0        |0.00         |                       
2022-11-18 |RI311        |2,479.00   |0.00     |0.00     |0.00     |0.00     |2,479.00  |0.00      |0.00      |0         |0           |0        |0.00         |                       
2022-11-21 |RI301        |2,479.00   |0.00     |0.00     |0.00     |0.00     |2,479.00  |0.00      |0.00      |0         |0           |0        |0.00         |                       
2022-11-21 |RI303        |2,479.00   |0.00     |0.00     |0.00     |0.00     |2,479.00  |0.00      |0.00      |0         |0           |0        |0.00         |                       
2022-11-21 |RI305        |2,479.00   |0.00     |0.00     |0.00     |0.00     |2,479.00  |0.00      |0.00      |0         |0           |0        |0.00         |                       
2022-11-21 |RI307        |2,479.00   |0.00     |0.00     |0.00     |0.00     |2,479.00  |0.00      |0.00      |0         |0           |0        |0.00         |                       
2022-11-21 |RI309        |2,479.00   |0.00     |0.00     |0.00     |0.00     |2,479.00  |0.00      |0.00      |0         |0           |0        |0.00         |                       
2022-11-21 |RI311        |2,479.00   |0.00     |0.00     |0.00     |0.00     |2,479.00  |0.00      |0.00      |0         |0           |0        |0.00         |                       
2022-11-22 |RI301        |2,479.00   |0.00     |0.00     |0.00     |0.00     |2,479.00  |0.00      |0.00      |0         |0           |0        |0.00         |                       
2022-11-22 |RI303        |2,479.00   |0.00     |0.00     |0.00     |0.00     |2,479.00  |0.00      |0.00      |0         |0           |0        |0.00         |                       
2022-11-22 |RI305        |2,479.00   |0.00     |0.00     |0.00     |0.00     |2,479.00  |0.00      |0.00      |0         |0           |0        |0.00         |                       
2022-11-22 |RI307        |2,479.00   |0.00     |0.00     |0.00     |0.00     |2,479.00  |0.00      |0.00      |0         |0           |0        |0.00         |                       
2022-11-22 |RI309        |2,479.00   |0.00     |0.00     |0.00     |0.00     |2,479.00  |0.00      |0.00      |0         |0           |0        |0.00         |                       
2022-11-22 |RI311        |2,479.00   |0.00     |0.00     |0.00     |0.00     |2,479.00  |0.00      |0.00      |0         |0           |0        |0.00         |                       
2022-11-23 |RI301        |2,479.00   |0.00     |0.00     |0.00     |0.00     |2,479.00  |0.00      |0.00      |0         |0           |0        |0.00         |                       
2022-11-23 |RI303        |2,479.00   |0.00     |0.00     |0.00     |0.00     |2,479.00  |0.00      |0.00      |0         |0           |0        |0.00         |                       
2022-11-23 |RI305        |2,479.00   |0.00     |0.00     |0.00     |0.00     |2,479.00  |0.00      |0.00      |0         |0           |0        |0.00         |                       
2022-11-23 |RI307        |2,479.00   |0.00     |0.00     |0.00     |0.00     |2,479.00  |0.00      |0.00      |0         |0           |0        |0.00         |                       
2022-11-23 |RI309        |2,479.00   |0.00     |0.00     |0.00     |0.00     |2,479.00  |0.00      |0.00      |0         |0           |0        |0.00         |                       
2022-11-23 |RI311        |2,479.00   |0.00     |0.00     |0.00     |0.00     |2,479.00  |0.00      |0.00      |0         |0           |0        |0.00         |                       
2022-11-24 |RI301        |2,479.00   |0.00     |0.00     |0.00     |0.00     |2,479.00  |0.00      |0.00      |0         |0           |0        |0.00         |                       
2022-11-24 |RI303        |2,479.00   |0.00     |0.00     |0.00     |0.00     |2,479.00  |0.00      |0.00      |0         |0           |0        |0.00         |                       
2022-11-24 |RI305        |2,479.00   |0.00     |0.00     |0.00     |0.00     |2,479.00  |0.00      |0.00      |0         |0           |0        |0.00         |                       
2022-11-24 |RI307        |2,479.00   |0.00     |0.00     |0.00     |0.00     |2,479.00  |0.00      |0.00      |0         |0           |0        |0.00         |                       
2022-11-24 |RI309        |2,479.00   |0.00     |0.00     |0.00     |0.00     |2,479.00  |0.00      |0.00      |0         |0           |0        |0.00         |                       
2022-11-24 |RI311        |2,479.00   |0.00     |0.00     |0.00     |0.00     |2,479.00  |0.00      |0.00      |0         |0           |0        |0.00         |                       
2022-11-25 |RI301        |2,479.00   |0.00     |0.00     |0.00     |0.00     |2,479.00  |0.00      |0.00      |0         |0           |0        |0.00         |                       
2022-11-25 |RI303        |2,479.00   |0.00     |0.00     |0.00     |0.00     |2,479.00  |0.00      |0.00      |0         |0           |0        |0.00         |                       
2022-11-25 |RI305        |2,479.00   |0.00     |0.00     |0.00     |0.00     |2,479.00  |0.00      |0.00      |0         |0           |0        |0.00         |                       
2022-11-25 |RI307        |2,479.00   |0.00     |0.00     |0.00     |0.00     |2,479.00  |0.00      |0.00      |0         |0           |0        |0.00         |                       
2022-11-25 |RI309        |2,479.00   |0.00     |0.00     |0.00     |0.00     |2,479.00  |0.00      |0.00      |0         |0           |0        |0.00         |                       
2022-11-25 |RI311        |2,479.00   |0.00     |0.00     |0.00     |0.00     |2,479.00  |0.00      |0.00      |0         |0           |0        |0.00         |                       
2022-11-28 |RI301        |2,479.00   |0.00     |0.00     |0.00     |0.00     |2,479.00  |0.00      |0.00      |0         |0           |0        |0.00         |                       
2022-11-28 |RI303        |2,479.00   |0.00     |0.00     |0.00     |0.00     |2,479.00  |0.00      |0.00      |0         |0           |0        |0.00         |                       
2022-11-28 |RI305        |2,479.00   |0.00     |0.00     |0.00     |0.00     |2,479.00  |0.00      |0.00      |0         |0           |0        |0.00         |                       
2022-11-28 |RI307        |2,479.00   |0.00     |0.00     |0.00     |0.00     |2,479.00  |0.00      |0.00      |0         |0           |0        |0.00         |                       
2022-11-28 |RI309        |2,479.00   |0.00     |0.00     |0.00     |0.00     |2,479.00  |0.00      |0.00      |0         |0           |0        |0.00         |                       
2022-11-28 |RI311        |2,479.00   |0.00     |0.00     |0.00     |0.00     |2,479.00  |0.00      |0.00      |0         |0           |0        |0.00         |                       
2022-11-29 |RI301        |2,479.00   |0.00     |0.00     |0.00     |0.00     |2,479.00  |0.00      |0.00      |0         |0           |0        |0.00         |                       
2022-11-29 |RI303        |2,479.00   |0.00     |0.00     |0.00     |0.00     |2,479.00  |0.00      |0.00      |0         |0           |0        |0.00         |                       
2022-11-29 |RI305        |2,479.00   |0.00     |0.00     |0.00     |0.00     |2,479.00  |0.00      |0.00      |0         |0           |0        |0.00         |                       
2022-11-29 |RI307        |2,479.00   |0.00     |0.00     |0.00     |0.00     |2,479.00  |0.00      |0.00      |0         |0           |0        |0.00         |                       
2022-11-29 |RI309        |2,479.00   |0.00     |0.00     |0.00     |0.00     |2,479.00  |0.00      |0.00      |0         |0           |0        |0.00         |                       
2022-11-29 |RI311        |2,479.00   |0.00     |0.00     |0.00     |0.00     |2,479.00  |0.00      |0.00      |0         |0           |0        |0.00         |                       
2022-11-30 |RI301        |2,479.00   |0.00     |0.00     |0.00     |0.00     |2,479.00  |0.00      |0.00      |0         |0           |0        |0.00         |                       
2022-11-30 |RI303        |2,479.00   |0.00     |0.00     |0.00     |0.00     |2,479.00  |0.00      |0.00      |0         |0           |0        |0.00         |                       
2022-11-30 |RI305        |2,479.00   |0.00     |0.00     |0.00     |0.00     |2,479.00  |0.00      |0.00      |0         |0           |0        |0.00         |                       
2022-11-30 |RI307        |2,479.00   |0.00     |0.00     |0.00     |0.00     |2,479.00  |0.00      |0.00      |0         |0           |0        |0.00         |                       
2022-11-30 |RI309        |2,479.00   |0.00     |0.00     |0.00     |0.00     |2,479.00  |0.00      |0.00      |0         |0           |0        |0.00         |                       
2022-11-30 |RI311        |2,479.00   |0.00     |0.00     |0.00     |0.00     |2,479.00  |0.00      |0.00      |0         |0           |0        |0.00         |                       
2022-12-01 |RI301        |2,479.00   |0.00     |0.00     |0.00     |0.00     |2,479.00  |0.00      |0.00      |0         |0           |0        |0.00         |                       
2022-12-01 |RI303        |2,479.00   |0.00     |0.00     |0.00     |0.00     |2,479.00  |0.00      |0.00      |0         |0           |0        |0.00         |                       
2022-12-01 |RI305        |2,479.00   |0.00     |0.00     |0.00     |0.00     |2,479.00  |0.00      |0.00      |0         |0           |0        |0.00         |                       
2022-12-01 |RI307        |2,479.00   |0.00     |0.00     |0.00     |0.00     |2,479.00  |0.00      |0.00      |0         |0           |0        |0.00         |                       
2022-12-01 |RI309        |2,479.00   |0.00     |0.00     |0.00     |0.00     |2,479.00  |0.00      |0.00      |0         |0           |0        |0.00         |                       
2022-12-01 |RI311        |2,479.00   |0.00     |0.00     |0.00     |0.00     |2,479.00  |0.00      |0.00      |0         |0           |0        |0.00         |                       
2022-12-02 |RI301        |2,479.00   |0.00     |0.00     |0.00     |0.00     |2,479.00  |0.00      |0.00      |0         |0           |0        |0.00         |                       
2022-12-02 |RI303        |2,479.00   |0.00     |0.00     |0.00     |0.00     |2,479.00  |0.00      |0.00      |0         |0           |0        |0.00         |                       
2022-12-02 |RI305        |2,479.00   |0.00     |0.00     |0.00     |0.00     |2,479.00  |0.00      |0.00      |0         |0           |0        |0.00         |                       
2022-12-02 |RI307        |2,479.00   |0.00     |0.00     |0.00     |0.00     |2,479.00  |0.00      |0.00      |0         |0           |0        |0.00         |                       
2022-12-02 |RI309        |2,479.00   |0.00     |0.00     |0.00     |0.00     |2,479.00  |0.00      |0.00      |0         |0           |0        |0.00         |                       
2022-12-02 |RI311        |2,479.00   |0.00     |0.00     |0.00     |0.00     |2,479.00  |0.00      |0.00      |0         |0           |0        |0.00         |                       
2022-12-05 |RI301        |2,479.00   |0.00     |0.00     |0.00     |0.00     |2,479.00  |0.00      |0.00      |0         |0           |0        |0.00         |                       
2022-12-05 |RI303        |2,479.00   |0.00     |0.00     |0.00     |0.00     |2,479.00  |0.00      |0.00      |0         |0           |0        |0.00         |                       
2022-12-05 |RI305        |2,479.00   |0.00     |0.00     |0.00     |0.00     |2,479.00  |0.00      |0.00      |0         |0           |0        |0.00         |                       
2022-12-05 |RI307        |2,479.00   |0.00     |0.00     |0.00     |0.00     |2,479.00  |0.00      |0.00      |0         |0           |0        |0.00         |                       
2022-12-05 |RI309        |2,479.00   |0.00     |0.00     |0.00     |0.00     |2,479.00  |0.00      |0.00      |0         |0           |0        |0.00         |                       
2022-12-05 |RI311        |2,479.00   |0.00     |0.00     |0.00     |0.00     |2,479.00  |0.00      |0.00      |0         |0           |0        |0.00         |                       
2022-12-06 |RI301        |2,479.00   |0.00     |0.00     |0.00     |0.00     |2,479.00  |0.00      |0.00      |0         |0           |0        |0.00         |                       
2022-12-06 |RI303        |2,479.00   |0.00     |0.00     |0.00     |0.00     |2,479.00  |0.00      |0.00      |0         |0           |0        |0.00         |                       
2022-12-06 |RI305        |2,479.00   |0.00     |0.00     |0.00     |0.00     |2,479.00  |0.00      |0.00      |0         |0           |0        |0.00         |                       
2022-12-06 |RI307        |2,479.00   |0.00     |0.00     |0.00     |0.00     |2,479.00  |0.00      |0.00      |0         |0           |0        |0.00         |                       
2022-12-06 |RI309        |2,479.00   |0.00     |0.00     |0.00     |0.00     |2,479.00  |0.00      |0.00      |0         |0           |0        |0.00         |                       
2022-12-06 |RI311        |2,479.00   |0.00     |0.00     |0.00     |0.00     |2,479.00  |0.00      |0.00      |0         |0           |0        |0.00         |                       
2022-12-07 |RI301        |2,479.00   |0.00     |0.00     |0.00     |0.00     |2,479.00  |0.00      |0.00      |0         |0           |0        |0.00         |                       
2022-12-07 |RI303        |2,479.00   |0.00     |0.00     |0.00     |0.00     |2,479.00  |0.00      |0.00      |0         |0           |0        |0.00         |                       
2022-12-07 |RI305        |2,479.00   |0.00     |0.00     |0.00     |0.00     |2,479.00  |0.00      |0.00      |0         |0           |0        |0.00         |                       
2022-12-07 |RI307        |2,479.00   |0.00     |0.00     |0.00     |0.00     |2,479.00  |0.00      |0.00      |0         |0           |0        |0.00         |                       
2022-12-07 |RI309        |2,479.00   |0.00     |0.00     |0.00     |0.00     |2,479.00  |0.00      |0.00      |0         |0           |0        |0.00         |                       
2022-12-07 |RI311        |2,479.00   |0.00     |0.00     |0.00     |0.00     |2,479.00  |0.00      |0.00      |0         |0           |0        |0.00         |                       
2022-12-08 |RI301        |2,479.00   |0.00     |0.00     |0.00     |0.00     |2,479.00  |0.00      |0.00      |0         |0           |0        |0.00         |                       
2022-12-08 |RI303        |2,479.00   |0.00     |0.00     |0.00     |0.00     |2,479.00  |0.00      |0.00      |0         |0           |0        |0.00         |                       
2022-12-08 |RI305        |2,479.00   |0.00     |0.00     |0.00     |0.00     |2,479.00  |0.00      |0.00      |0         |0           |0        |0.00         |                       
2022-12-08 |RI307        |2,479.00   |0.00     |0.00     |0.00     |0.00     |2,479.00  |0.00      |0.00      |0         |0           |0        |0.00         |                       
2022-12-08 |RI309        |2,479.00   |0.00     |0.00     |0.00     |0.00     |2,479.00  |0.00      |0.00      |0         |0           |0        |0.00         |                       
2022-12-08 |RI311        |2,479.00   |0.00     |0.00     |0.00     |0.00     |2,479.00  |0.00      |0.00      |0         |0           |0        |0.00         |                       
2022-12-09 |RI301        |2,479.00   |0.00     |0.00     |0.00     |0.00     |2,479.00  |0.00      |0.00      |0         |0           |0        |0.00         |                       
2022-12-09 |RI303        |2,479.00   |0.00     |0.00     |0.00     |0.00     |2,479.00  |0.00      |0.00      |0         |0           |0        |0.00         |                       
2022-12-09 |RI305        |2,479.00   |0.00     |0.00     |0.00     |0.00     |2,479.00  |0.00      |0.00      |0         |0           |0        |0.00         |                       
2022-12-09 |RI307        |2,479.00   |0.00     |0.00     |0.00     |0.00     |2,479.00  |0.00      |0.00      |0         |0           |0        |0.00         |                       
2022-12-09 |RI309        |2,479.00   |0.00     |0.00     |0.00     |0.00     |2,479.00  |0.00      |0.00      |0         |0           |0        |0.00         |                       
2022-12-09 |RI311        |2,479.00   |0.00     |0.00     |0.00     |0.00     |2,479.00  |0.00      |0.00      |0         |0           |0        |0.00         |                       
2022-12-12 |RI301        |2,479.00   |0.00     |0.00     |0.00     |0.00     |2,479.00  |0.00      |0.00      |0         |0           |0        |0.00         |                       
2022-12-12 |RI303        |2,479.00   |0.00     |0.00     |0.00     |0.00     |2,479.00  |0.00      |0.00      |0         |0           |0        |0.00         |                       
2022-12-12 |RI305        |2,479.00   |0.00     |0.00     |0.00     |0.00     |2,479.00  |0.00      |0.00      |0         |0           |0        |0.00         |                       
2022-12-12 |RI307        |2,479.00   |0.00     |0.00     |0.00     |0.00     |2,479.00  |0.00      |0.00      |0         |0           |0        |0.00         |                       
2022-12-12 |RI309        |2,479.00   |0.00     |0.00     |0.00     |0.00     |2,479.00  |0.00      |0.00      |0         |0           |0        |0.00         |                       
2022-12-12 |RI311        |2,479.00   |0.00     |0.00     |0.00     |0.00     |2,479.00  |0.00      |0.00      |0         |0           |0        |0.00         |                       
2022-12-13 |RI301        |2,479.00   |0.00     |0.00     |0.00     |0.00     |2,479.00  |0.00      |0.00      |0         |0           |0        |0.00         |                       
2022-12-13 |RI303        |2,479.00   |0.00     |0.00     |0.00     |0.00     |2,479.00  |0.00      |0.00      |0         |0           |0        |0.00         |                       
2022-12-13 |RI305        |2,479.00   |0.00     |0.00     |0.00     |0.00     |2,479.00  |0.00      |0.00      |0         |0           |0        |0.00         |                       
2022-12-13 |RI307        |2,479.00   |0.00     |0.00     |0.00     |0.00     |2,479.00  |0.00      |0.00      |0         |0           |0        |0.00         |                       
2022-12-13 |RI309        |2,479.00   |0.00     |0.00     |0.00     |0.00     |2,479.00  |0.00      |0.00      |0         |0           |0        |0.00         |                       
2022-12-13 |RI311        |2,479.00   |0.00     |0.00     |0.00     |0.00     |2,479.00  |0.00      |0.00      |0         |0           |0        |0.00         |                       
2022-12-14 |RI301        |2,479.00   |0.00     |0.00     |0.00     |0.00     |2,479.00  |0.00      |0.00      |0         |0           |0        |0.00         |                       
2022-12-14 |RI303        |2,479.00   |0.00     |0.00     |0.00     |0.00     |2,479.00  |0.00      |0.00      |0         |0           |0        |0.00         |                       
2022-12-14 |RI305        |2,479.00   |0.00     |0.00     |0.00     |0.00     |2,479.00  |0.00      |0.00      |0         |0           |0        |0.00         |                       
2022-12-14 |RI307        |2,479.00   |0.00     |0.00     |0.00     |0.00     |2,479.00  |0.00      |0.00      |0         |0           |0        |0.00         |                       
2022-12-14 |RI309        |2,479.00   |0.00     |0.00     |0.00     |0.00     |2,479.00  |0.00      |0.00      |0         |0           |0        |0.00         |                       
2022-12-14 |RI311        |2,479.00   |0.00     |0.00     |0.00     |0.00     |2,479.00  |0.00      |0.00      |0         |0           |0        |0.00         |                       
2022-12-15 |RI301        |2,479.00   |0.00     |0.00     |0.00     |0.00     |2,479.00  |0.00      |0.00      |0         |0           |0        |0.00         |                       
2022-12-15 |RI303        |2,479.00   |0.00     |0.00     |0.00     |0.00     |2,479.00  |0.00      |0.00      |0         |0           |0        |0.00         |                       
2022-12-15 |RI305        |2,479.00   |0.00     |0.00     |0.00     |0.00     |2,479.00  |0.00      |0.00      |0         |0           |0        |0.00         |                       
2022-12-15 |RI307        |2,479.00   |0.00     |0.00     |0.00     |0.00     |2,479.00  |0.00      |0.00      |0         |0           |0        |0.00         |                       
2022-12-15 |RI309        |2,479.00   |0.00     |0.00     |0.00     |0.00     |2,479.00  |0.00      |0.00      |0         |0           |0        |0.00         |                       
2022-12-15 |RI311        |2,479.00   |0.00     |0.00     |0.00     |0.00     |2,479.00  |0.00      |0.00      |0         |0           |0        |0.00         |                       
2022-12-16 |RI301        |2,479.00   |0.00     |0.00     |0.00     |0.00     |2,479.00  |0.00      |0.00      |0         |0           |0        |0.00         |                       
2022-12-16 |RI303        |2,479.00   |0.00     |0.00     |0.00     |0.00     |2,479.00  |0.00      |0.00      |0         |0           |0        |0.00         |                       
2022-12-16 |RI305        |2,479.00   |0.00     |0.00     |0.00     |0.00     |2,479.00  |0.00      |0.00      |0         |0           |0        |0.00         |                       
2022-12-16 |RI307        |2,479.00   |0.00     |0.00     |0.00     |0.00     |2,479.00  |0.00      |0.00      |0         |0           |0        |0.00         |                       
2022-12-16 |RI309        |2,479.00   |0.00     |0.00     |0.00     |0.00     |2,479.00  |0.00      |0.00      |0         |0           |0        |0.00         |                       
2022-12-16 |RI311        |2,479.00   |0.00     |0.00     |0.00     |0.00     |2,479.00  |0.00      |0.00      |0         |0           |0        |0.00         |                       
2022-12-19 |RI301        |2,479.00   |0.00     |0.00     |0.00     |0.00     |2,479.00  |0.00      |0.00      |0         |0           |0        |0.00         |                       
2022-12-19 |RI303        |2,479.00   |0.00     |0.00     |0.00     |0.00     |2,479.00  |0.00      |0.00      |0         |0           |0        |0.00         |                       
2022-12-19 |RI305        |2,479.00   |0.00     |0.00     |0.00     |0.00     |2,479.00  |0.00      |0.00      |0         |0           |0        |0.00         |                       
2022-12-19 |RI307        |2,479.00   |0.00     |0.00     |0.00     |0.00     |2,479.00  |0.00      |0.00      |0         |0           |0        |0.00         |                       
2022-12-19 |RI309        |2,479.00   |0.00     |0.00     |0.00     |0.00     |2,479.00  |0.00      |0.00      |0         |0           |0        |0.00         |                       
2022-12-19 |RI311        |2,479.00   |0.00     |0.00     |0.00     |0.00     |2,479.00  |0.00      |0.00      |0         |0           |0        |0.00         |                       
2022-12-20 |RI301        |2,479.00   |0.00     |0.00     |0.00     |0.00     |2,479.00  |0.00      |0.00      |0         |0           |0        |0.00         |                       
2022-12-20 |RI303        |2,479.00   |0.00     |0.00     |0.00     |0.00     |2,479.00  |0.00      |0.00      |0         |0           |0        |0.00         |                       
2022-12-20 |RI305        |2,479.00   |0.00     |0.00     |0.00     |0.00     |2,479.00  |0.00      |0.00      |0         |0           |0        |0.00         |                       
2022-12-20 |RI307        |2,479.00   |0.00     |0.00     |0.00     |0.00     |2,479.00  |0.00      |0.00      |0         |0           |0        |0.00         |                       
2022-12-20 |RI309        |2,479.00   |0.00     |0.00     |0.00     |0.00     |2,479.00  |0.00      |0.00      |0         |0           |0        |0.00         |                       
2022-12-20 |RI311        |2,479.00   |0.00     |0.00     |0.00     |0.00     |2,479.00  |0.00      |0.00      |0         |0           |0        |0.00         |                       
2022-12-21 |RI301        |2,479.00   |0.00     |0.00     |0.00     |0.00     |2,479.00  |0.00      |0.00      |0         |0           |0        |0.00         |                       
2022-12-21 |RI303        |2,479.00   |0.00     |0.00     |0.00     |0.00     |2,479.00  |0.00      |0.00      |0         |0           |0        |0.00         |                       
2022-12-21 |RI305        |2,479.00   |0.00     |0.00     |0.00     |0.00     |2,479.00  |0.00      |0.00      |0         |0           |0        |0.00         |                       
2022-12-21 |RI307        |2,479.00   |0.00     |0.00     |0.00     |0.00     |2,479.00  |0.00      |0.00      |0         |0           |0        |0.00         |                       
2022-12-21 |RI309        |2,479.00   |0.00     |0.00     |0.00     |0.00     |2,479.00  |0.00      |0.00      |0         |0           |0        |0.00         |                       
2022-12-21 |RI311        |2,479.00   |0.00     |0.00     |0.00     |0.00     |2,479.00  |0.00      |0.00      |0         |0           |0        |0.00         |                       
2022-12-22 |RI301        |2,479.00   |0.00     |0.00     |0.00     |0.00     |2,479.00  |0.00      |0.00      |0         |0           |0        |0.00         |                       
2022-12-22 |RI303        |2,479.00   |0.00     |0.00     |0.00     |0.00     |2,479.00  |0.00      |0.00      |0         |0           |0        |0.00         |                       
2022-12-22 |RI305        |2,479.00   |0.00     |0.00     |0.00     |0.00     |2,479.00  |0.00      |0.00      |0         |0           |0        |0.00         |                       
2022-12-22 |RI307        |2,479.00   |0.00     |0.00     |0.00     |0.00     |2,479.00  |0.00      |0.00      |0         |0           |0        |0.00         |                       
2022-12-22 |RI309        |2,479.00   |0.00     |0.00     |0.00     |0.00     |2,479.00  |0.00      |0.00      |0         |0           |0        |0.00         |                       
2022-12-22 |RI311        |2,479.00   |0.00     |0.00     |0.00     |0.00     |2,479.00  |0.00      |0.00      |0         |0           |0        |0.00         |                       
2022-12-23 |RI301        |2,479.00   |0.00     |0.00     |0.00     |0.00     |2,479.00  |0.00      |0.00      |0         |0           |0        |0.00         |                       
2022-12-23 |RI303        |2,479.00   |0.00     |0.00     |0.00     |0.00     |2,479.00  |0.00      |0.00      |0         |0           |0        |0.00         |                       
2022-12-23 |RI305        |2,479.00   |0.00     |0.00     |0.00     |0.00     |2,479.00  |0.00      |0.00      |0         |0           |0        |0.00         |                       
2022-12-23 |RI307        |2,479.00   |0.00     |0.00     |0.00     |0.00     |2,479.00  |0.00      |0.00      |0         |0           |0        |0.00         |                       
2022-12-23 |RI309        |2,479.00   |0.00     |0.00     |0.00     |0.00     |2,479.00  |0.00      |0.00      |0         |0           |0        |0.00         |                       
2022-12-23 |RI311        |2,479.00   |0.00     |0.00     |0.00     |0.00     |2,479.00  |0.00      |0.00      |0         |0           |0        |0.00         |                       
2022-12-26 |RI301        |2,479.00   |0.00     |0.00     |0.00     |0.00     |2,479.00  |0.00      |0.00      |0         |0           |0        |0.00         |                       
2022-12-26 |RI303        |2,479.00   |0.00     |0.00     |0.00     |0.00     |2,479.00  |0.00      |0.00      |0         |0           |0        |0.00         |                       
2022-12-26 |RI305        |2,479.00   |0.00     |0.00     |0.00     |0.00     |2,479.00  |0.00      |0.00      |0         |0           |0        |0.00         |                       
2022-12-26 |RI307        |2,479.00   |0.00     |0.00     |0.00     |0.00     |2,479.00  |0.00      |0.00      |0         |0           |0        |0.00         |                       
2022-12-26 |RI309        |2,479.00   |0.00     |0.00     |0.00     |0.00     |2,479.00  |0.00      |0.00      |0         |0           |0        |0.00         |                       
2022-12-26 |RI311        |2,479.00   |0.00     |0.00     |0.00     |0.00     |2,479.00  |0.00      |0.00      |0         |0           |0        |0.00         |                       
2022-12-27 |RI301        |2,479.00   |0.00     |0.00     |0.00     |0.00     |2,479.00  |0.00      |0.00      |0         |0           |0        |0.00         |                       
2022-12-27 |RI303        |2,479.00   |0.00     |0.00     |0.00     |0.00     |2,479.00  |0.00      |0.00      |0         |0           |0        |0.00         |                       
2022-12-27 |RI305        |2,479.00   |0.00     |0.00     |0.00     |0.00     |2,479.00  |0.00      |0.00      |0         |0           |0        |0.00         |                       
2022-12-27 |RI307        |2,479.00   |0.00     |0.00     |0.00     |0.00     |2,479.00  |0.00      |0.00      |0         |0           |0        |0.00         |                       
2022-12-27 |RI309        |2,479.00   |0.00     |0.00     |0.00     |0.00     |2,479.00  |0.00      |0.00      |0         |0           |0        |0.00         |                       
2022-12-27 |RI311        |2,479.00   |0.00     |0.00     |0.00     |0.00     |2,479.00  |0.00      |0.00      |0         |0           |0        |0.00         |                       
2022-12-28 |RI301        |2,479.00   |0.00     |0.00     |0.00     |0.00     |2,479.00  |0.00      |0.00      |0         |0           |0        |0.00         |                       
2022-12-28 |RI303        |2,479.00   |0.00     |0.00     |0.00     |0.00     |2,479.00  |0.00      |0.00      |0         |0           |0        |0.00         |                       
2022-12-28 |RI305        |2,479.00   |0.00     |0.00     |0.00     |0.00     |2,479.00  |0.00      |0.00      |0         |0           |0        |0.00         |                       
2022-12-28 |RI307        |2,479.00   |0.00     |0.00     |0.00     |0.00     |2,479.00  |0.00      |0.00      |0         |0           |0        |0.00         |                       
2022-12-28 |RI309        |2,479.00   |0.00     |0.00     |0.00     |0.00     |2,479.00  |0.00      |0.00      |0         |0           |0        |0.00         |                       
2022-12-28 |RI311        |2,479.00   |0.00     |0.00     |0.00     |0.00     |2,479.00  |0.00      |0.00      |0         |0           |0        |0.00         |                       
2022-12-29 |RI301        |2,479.00   |0.00     |0.00     |0.00     |0.00     |2,479.00  |0.00      |0.00      |0         |0           |0        |0.00         |                       
2022-12-29 |RI303        |2,479.00   |0.00     |0.00     |0.00     |0.00     |2,479.00  |0.00      |0.00      |0         |0           |0        |0.00         |                       
2022-12-29 |RI305        |2,479.00   |0.00     |0.00     |0.00     |0.00     |2,479.00  |0.00      |0.00      |0         |0           |0        |0.00         |                       
2022-12-29 |RI307        |2,479.00   |0.00     |0.00     |0.00     |0.00     |2,479.00  |0.00      |0.00      |0         |0           |0        |0.00         |                       
2022-12-29 |RI309        |2,479.00   |0.00     |0.00     |0.00     |0.00     |2,479.00  |0.00      |0.00      |0         |0           |0        |0.00         |                       
2022-12-29 |RI311        |2,479.00   |0.00     |0.00     |0.00     |0.00     |2,479.00  |0.00      |0.00      |0         |0           |0        |0.00         |                       
2022-12-30 |RI301        |2,479.00   |0.00     |0.00     |0.00     |0.00     |2,479.00  |0.00      |0.00      |0         |0           |0        |0.00         |                       
2022-12-30 |RI303        |2,479.00   |0.00     |0.00     |0.00     |0.00     |2,479.00  |0.00      |0.00      |0         |0           |0        |0.00         |                       
2022-12-30 |RI305        |2,479.00   |0.00     |0.00     |0.00     |0.00     |2,479.00  |0.00      |0.00      |0         |0           |0        |0.00         |                       
2022-12-30 |RI307        |2,479.00   |0.00     |0.00     |0.00     |0.00     |2,479.00  |0.00      |0.00      |0         |0           |0        |0.00         |                       
2022-12-30 |RI309        |2,479.00   |0.00     |0.00     |0.00     |0.00     |2,479.00  |0.00      |0.00      |0         |0           |0        |0.00         |                       
2022-12-30 |RI311        |2,479.00   |0.00     |0.00     |0.00     |0.00     |2,479.00  |0.00      |0.00      |0         |0           |0        |0.00         |                       
