data,value
2006-01-04,100.0000000000
2006-01-05,100.0000000000
2006-01-06,100.0000000000
2006-01-09,100.0000000000
2006-01-10,100.0000000000
2006-01-11,100.0000000000
2006-01-12,100.0000000000
2006-01-13,103.9727126806
2006-01-16,103.9727126806
2006-01-17,106.3402889246
2006-01-18,102.0866773676
2006-01-19,98.1139646870
2006-01-20,94.3017656501
2006-01-23,90.6902086677
2006-01-24,90.6902086677
2006-01-25,90.6902086677
2006-01-26,90.6902086677
2006-01-27,87.4799357945
2006-02-06,87.4799357945
2006-02-07,87.4799357945
2006-02-08,84.2696629213
2006-02-09,84.2696629213
2006-02-10,84.2696629213
2006-02-13,84.2696629213
2006-02-14,84.2696629213
2006-02-15,84.2696629213
2006-02-16,84.2696629213
2006-02-17,84.2696629213
2006-02-20,84.2696629213
2006-02-21,84.2696629213
2006-02-22,84.2696629213
2006-02-23,84.2696629213
2006-02-24,84.2696629213
2006-02-27,84.2696629213
2006-02-28,84.2696629213
2006-03-01,84.2696629213
2006-03-02,89.3258426966
2006-03-03,94.6629213483
2006-03-06,100.3210272873
2006-03-07,106.3402889246
2006-03-08,106.3402889246
2006-03-09,108.6492963825
2006-03-10,108.3134407522
2006-03-13,108.7332602900
2006-03-14,107.6417294917
2006-03-15,107.4738016766
2006-03-16,107.0539821388
2006-03-17,106.2143430632
2006-03-20,109.1530798278
2006-03-21,106.6341626010
2006-03-22,105.7945235254
2006-03-23,106.4242528321
2006-03-24,106.7181265086
2006-03-27,107.0959640926
2006-03-28,107.0959640926
2006-03-29,106.6761445548
2006-03-30,106.6761445548
2006-03-31,106.6761445548
2006-04-03,104.4511010045
2006-04-04,104.4930829582
2006-04-05,104.4930829582
2006-04-06,102.5199311306
2006-04-07,102.5199311306
2006-04-10,101.5963281474
2006-04-11,105.3747039876
2006-04-12,104.1152453742
2006-04-13,100.7986710256
2006-04-14,104.5350649120
2006-04-17,104.5350649120
2006-04-18,104.5350649120
2006-04-19,104.5350649120
2006-04-20,104.5350649120
2006-04-21,104.5350649120
2006-04-24,104.5350649120
2006-04-25,102.6458769919
2006-04-26,102.6458769919
2006-04-27,104.3251551431
2006-04-28,103.6954258364
2006-05-08,109.9087549959
2006-05-09,116.4999217393
2006-05-10,116.4999217393
2006-05-11,116.4999217393
2006-05-12,116.4999217393
2006-05-15,116.4999217393
2006-05-16,121.0857214009
2006-05-17,125.6715210624
2006-05-18,127.1657703904
2006-05-19,129.4844331406
2006-05-22,129.4844331406
2006-05-23,129.4844331406
2006-05-24,129.4844331406
2006-05-25,127.1657703904
2006-05-26,127.1657703904
2006-05-29,123.1467549566
2006-05-30,126.2383052903
2006-05-31,126.1867794514
2006-06-01,126.1867794514
2006-06-02,126.1867794514
2006-06-05,126.1867794514
2006-06-06,126.1867794514
2006-06-07,126.1867794514
2006-06-08,126.1867794514
2006-06-09,126.1867794514
2006-06-12,126.1867794514
2006-06-13,124.9501593179
2006-06-14,124.9501593179
2006-06-15,124.9501593179
2006-06-16,124.9501593179
2006-06-19,124.9501593179
2006-06-20,124.9501593179
2006-06-21,124.9501593179
2006-06-22,124.9501593179
2006-06-23,124.9501593179
2006-06-26,124.9501593179
2006-06-27,124.9501593179
2006-06-28,124.9501593179
2006-06-29,124.9501593179
2006-06-30,124.9501593179
2006-07-03,124.9501593179
2006-07-04,124.9501593179
2006-07-05,124.9501593179
2006-07-06,124.9501593179
2006-07-07,124.9501593179
2006-07-10,124.4551111431
2006-07-11,124.2570918732
2006-07-12,124.7026352305
2006-07-13,124.3065966907
2006-07-14,124.0590726033
2006-07-17,124.1085774208
2006-07-18,123.8115485159
2006-07-19,123.3165003411
2006-07-20,123.7125388809
2006-07-21,123.0689762537
2006-07-24,122.4254136265
2006-07-25,122.7224425313
2006-07-26,121.8313558167
2006-07-27,120.7422498322
2006-07-28,120.6432401972
2006-07-31,121.6333365468
2006-08-01,121.3858124594
2006-08-02,121.0392787370
2006-08-03,121.0887835545
2006-08-04,121.2868028244
2006-08-07,121.7323461818
2006-08-08,122.1778895391
2006-08-09,121.5838317293
2006-08-10,121.4353172769
2006-08-11,121.2868028244
2006-08-14,120.9897739196
2006-08-15,120.1481920224
2006-08-16,121.1382883720
2006-08-17,121.5343269118
2006-08-18,122.0788799041
2006-08-21,121.3363076419
2006-08-22,121.7818509992
2006-08-23,122.0788799041
2006-08-24,122.0788799041
2006-08-25,122.0788799041
2006-08-28,122.7224425313
2006-08-29,122.7224425313
2006-08-30,122.2768991740
2006-08-31,122.4749184439
2006-09-01,124.5541207781
2006-09-04,123.1679858887
2006-09-05,124.7521400480
2006-09-06,128.9600495337
2006-09-07,125.1481785878
2006-09-08,128.6135158114
2006-09-11,126.8516868277
2006-09-12,127.9591221889
2006-09-13,125.8449274084
2006-09-14,125.8449274084
2006-09-15,125.8449274084
2006-09-18,125.8449274084
2006-09-19,125.8449274084
2006-09-20,125.8449274084
2006-09-21,125.8449274084
2006-09-22,125.8449274084
2006-09-25,125.8449274084
2006-09-26,125.8449274084
2006-09-27,125.8449274084
2006-09-28,125.8449274084
2006-09-29,125.8449274084
2006-10-09,125.8449274084
2006-10-10,125.8449274084
2006-10-11,125.8449274084
2006-10-12,125.8449274084
2006-10-13,125.8449274084
2006-10-16,126.6503349438
2006-10-17,126.6503349438
2006-10-18,126.6503349438
2006-10-19,126.6503349438
2006-10-20,126.6503349438
2006-10-23,126.6503349438
2006-10-24,123.9320845118
2006-10-25,123.9320845118
2006-10-26,123.9320845118
2006-10-27,123.9320845118
2006-10-30,123.9320845118
2006-10-31,123.9320845118
2006-11-01,123.9320845118
2006-11-02,123.9320845118
2006-11-03,123.9320845118
2006-11-06,123.9320845118
2006-11-07,123.9320845118
2006-11-08,123.9320845118
2006-11-09,125.2106763933
2006-11-10,123.6124365414
2006-11-13,124.6627084441
2006-11-14,124.6627084441
2006-11-15,124.9366924187
2006-11-16,125.4389963721
2006-11-17,127.5395401774
2006-11-20,127.5395401774
2006-11-21,132.6082437075
2006-11-22,137.8139392250
2006-11-23,138.8185471319
2006-11-24,138.8185471319
2006-11-27,141.1017469202
2006-11-28,141.8323708525
2006-11-29,141.5583868779
2006-11-30,139.9144830303
2006-12-01,139.4578430726
2006-12-04,140.0971390133
2006-12-05,140.0058110218
2006-12-06,141.1017469202
2006-12-07,140.9190909371
2006-12-08,140.9190909371
2006-12-11,135.3937474493
2006-12-12,137.2659712758
2006-12-13,139.2751870895
2006-12-14,139.2751870895
2006-12-15,139.2751870895
2006-12-18,139.2751870895
2006-12-19,139.2751870895
2006-12-20,139.2751870895
2006-12-21,139.2751870895
2006-12-22,143.8415866662
2006-12-25,143.8415866662
2006-12-26,143.8415866662
2006-12-27,143.8415866662
2006-12-28,143.8415866662
2006-12-29,143.8415866662
2007-01-04,143.8415866662
2007-01-05,143.8415866662
2007-01-08,143.8415866662
2007-01-09,143.8415866662
2007-01-10,143.8415866662
2007-01-11,143.8415866662
2007-01-12,143.8415866662
2007-01-15,149.2067390949
2007-01-16,143.2403195837
2007-01-17,143.2403195837
2007-01-18,143.2403195837
2007-01-19,143.2403195837
2007-01-22,143.2403195837
2007-01-23,143.2403195837
2007-01-24,143.2403195837
2007-01-25,143.2403195837
2007-01-26,143.2403195837
2007-01-29,143.2403195837
2007-01-30,143.2403195837
2007-01-31,143.2403195837
2007-02-01,143.2403195837
2007-02-02,143.2403195837
2007-02-05,143.2403195837
2007-02-06,143.2403195837
2007-02-07,143.2403195837
2007-02-08,143.2403195837
2007-02-09,143.2403195837
2007-02-12,143.2403195837
2007-02-13,143.2403195837
2007-02-14,143.2403195837
2007-02-15,143.2403195837
2007-02-16,140.1414815430
2007-02-26,140.1414815430
2007-02-27,140.1414815430
2007-02-28,140.1414815430
2007-03-01,140.1414815430
2007-03-02,140.1414815430
2007-03-05,140.1414815430
2007-03-06,140.1414815430
2007-03-07,140.1414815430
2007-03-08,140.1414815430
2007-03-09,140.1414815430
2007-03-12,140.1414815430
2007-03-13,140.1414815430
2007-03-14,140.1414815430
2007-03-15,140.1414815430
2007-03-16,140.1414815430
2007-03-19,140.1414815430
2007-03-20,140.1414815430
2007-03-21,140.1414815430
2007-03-22,140.1414815430
2007-03-23,140.1414815430
2007-03-26,140.1414815430
2007-03-27,140.1414815430
2007-03-28,140.1414815430
2007-03-29,140.1414815430
2007-03-30,140.1414815430
2007-04-02,140.1414815430
2007-04-03,140.1414815430
2007-04-04,140.1414815430
2007-04-05,140.1414815430
2007-04-06,140.1414815430
2007-04-09,140.1414815430
2007-04-10,140.1414815430
2007-04-11,140.1414815430
2007-04-12,140.1414815430
2007-04-13,140.1414815430
2007-04-16,140.1414815430
2007-04-17,140.1414815430
2007-04-18,140.1414815430
2007-04-19,140.1414815430
2007-04-20,140.1414815430
2007-04-23,138.2383256208
2007-04-24,138.2383256208
2007-04-25,138.4113397955
2007-04-26,138.4113397955
2007-04-27,138.4113397955
2007-04-30,138.4113397955
2007-05-08,138.4113397955
2007-05-09,138.4113397955
2007-05-10,138.4113397955
2007-05-11,138.4113397955
2007-05-14,138.4113397955
2007-05-15,138.4113397955
2007-05-16,143.1415936073
2007-05-17,143.1415936073
2007-05-18,146.4322049546
2007-05-21,146.4322049546
2007-05-22,140.5913698131
2007-05-23,140.5913698131
2007-05-24,136.5603709127
2007-05-25,136.5603709127
2007-05-28,137.0539626148
2007-05-29,137.0539626148
2007-05-30,137.0539626148
2007-05-31,137.0539626148
2007-06-01,137.0539626148
2007-06-04,137.0539626148
2007-06-05,137.0539626148
2007-06-06,137.0539626148
2007-06-07,137.0539626148
2007-06-08,137.0539626148
2007-06-11,137.0539626148
2007-06-12,137.0539626148
2007-06-13,137.0539626148
2007-06-14,137.0539626148
2007-06-15,137.0539626148
2007-06-18,137.0539626148
2007-06-19,137.0539626148
2007-06-20,137.0539626148
2007-06-21,137.0539626148
2007-06-22,137.0539626148
2007-06-25,137.0539626148
2007-06-26,137.0539626148
2007-06-27,137.0539626148
2007-06-28,131.6244538917
2007-06-29,131.6244538917
2007-07-02,131.6244538917
2007-07-03,131.6244538917
2007-07-04,131.6244538917
2007-07-05,131.6244538917
2007-07-06,131.6244538917
2007-07-09,135.0734798012
2007-07-10,135.0734798012
2007-07-11,135.3141095158
2007-07-12,135.0734798012
2007-07-13,136.1964184693
2007-07-16,134.7927451341
2007-07-17,134.7927451341
2007-07-18,134.7927451341
2007-07-19,134.3515906573
2007-07-20,133.5494916086
2007-07-23,132.8677074172
2007-07-24,133.9104361805
2007-07-25,133.9104361805
2007-07-26,133.9104361805
2007-07-27,133.9104361805
2007-07-30,136.6776778986
2007-07-31,136.1964184693
2007-08-01,136.1964184693
2007-08-02,136.1964184693
2007-08-03,139.5652344739
2007-08-06,139.5652344739
2007-08-07,137.9610363765
2007-08-08,137.9610363765
2007-08-09,137.9610363765
2007-08-10,142.3725811443
2007-08-13,142.3725811443
2007-08-14,142.3725811443
2007-08-15,142.3725811443
2007-08-16,142.3725811443
2007-08-17,141.7309019054
2007-08-20,141.7309019054
2007-08-21,141.7309019054
2007-08-22,141.7309019054
2007-08-23,141.7309019054
2007-08-24,141.7309019054
2007-08-27,141.7309019054
2007-08-28,141.7309019054
2007-08-29,141.7309019054
2007-08-30,141.7309019054
2007-08-31,147.3857001987
2007-09-03,147.3857001987
2007-09-04,147.3857001987
2007-09-05,147.3857001987
2007-09-06,147.3857001987
2007-09-07,147.3857001987
2007-09-10,149.0631370349
2007-09-11,149.0631370349
2007-09-12,149.0631370349
2007-09-13,149.0631370349
2007-09-14,146.7757231674
2007-09-17,152.6467520941
2007-09-18,155.0485366550
2007-09-19,156.9547148779
2007-09-20,159.4327465678
2007-09-21,161.1864305329
2007-09-24,160.9958127106
2007-09-25,160.9958127106
2007-09-26,163.8932036095
2007-09-27,163.8932036095
2007-09-28,163.8932036095
2007-10-08,162.7876202402
2007-10-09,156.3066142821
2007-10-10,156.1922435888
2007-10-11,162.4063845956
2007-10-12,164.4650570764
2007-10-15,164.4650570764
2007-10-16,164.4650570764
2007-10-17,164.4650570764
2007-10-18,164.4650570764
2007-10-19,164.4650570764
2007-10-22,164.4650570764
2007-10-23,164.4650570764
2007-10-24,164.4650570764
2007-10-25,164.4650570764
2007-10-26,164.4650570764
2007-10-29,163.7788329161
2007-10-30,163.7788329161
2007-10-31,170.2979624386
2007-11-01,170.2979624386
2007-11-02,170.2979624386
2007-11-05,170.2979624386
2007-11-06,170.2979624386
2007-11-07,170.2979624386
2007-11-08,170.2979624386
2007-11-09,169.0716944823
2007-11-12,173.7468410658
2007-11-13,173.7468410658
2007-11-14,173.4402740768
2007-11-15,173.4402740768
2007-11-16,173.4402740768
2007-11-19,179.8398599740
2007-11-20,178.2303832813
2007-11-21,178.2303832813
2007-11-22,178.2303832813
2007-11-23,178.2303832813
2007-11-26,180.4146730785
2007-11-27,180.4146730785
2007-11-28,180.4146730785
2007-11-29,181.9858288976
2007-11-30,181.9858288976
2007-12-03,182.0241497712
2007-12-04,182.0241497712
2007-12-05,180.0697852158
2007-12-06,173.2103488349
2007-12-07,177.7705327976
2007-12-10,183.2887386012
2007-12-11,183.7485890849
2007-12-12,182.5223211285
2007-12-13,183.9018725794
2007-12-14,183.9018725794
2007-12-17,184.7066109258
2007-12-18,185.8179162612
2007-12-19,185.8562371348
2007-12-20,185.8562371348
2007-12-21,185.8562371348
2007-12-24,185.8562371348
2007-12-25,185.8562371348
2007-12-26,185.8562371348
2007-12-27,187.7722808166
2007-12-28,189.6883244984
2008-01-02,189.6883244984
2008-01-03,189.6883244984
2008-01-04,189.6883244984
2008-01-07,189.6883244984
2008-01-08,189.6883244984
2008-01-09,189.6883244984
2008-01-10,189.6883244984
2008-01-11,189.6883244984
2008-01-14,194.2479459978
2008-01-15,194.2479459978
2008-01-16,194.2479459978
2008-01-17,194.2479459978
2008-01-18,194.2479459978
2008-01-21,193.7233877722
2008-01-22,193.7233877722
2008-01-23,193.7233877722
2008-01-24,195.2163611835
2008-01-25,195.2163611835
2008-01-28,193.1181282811
2008-01-29,193.1181282811
2008-01-30,195.8216206745
2008-01-31,195.8216206745
2008-02-01,201.3496573596
2008-02-04,196.9110877584
2008-02-05,196.9110877584
2008-02-13,196.9110877584
2008-02-14,196.9110877584
2008-02-15,203.7706953238
2008-02-18,207.8057585975
2008-02-19,211.7601206058
2008-02-20,205.8285775934
2008-02-21,211.4776661766
2008-02-22,211.4776661766
2008-02-25,211.4776661766
2008-02-26,214.7864180611
2008-02-27,211.4776661766
2008-02-28,219.9109484187
2008-02-29,219.9109484187
2008-03-03,219.9109484187
2008-03-04,219.9109484187
2008-03-05,219.9109484187
2008-03-06,219.9109484187
2008-03-07,219.9109484187
2008-03-10,211.1357342558
2008-03-11,216.5641225519
2008-03-12,217.5028663926
2008-03-13,214.4825601226
2008-03-14,213.8703358787
2008-03-17,213.8703358787
2008-03-18,213.8703358787
2008-03-19,208.6868372801
2008-03-20,202.8502994880
2008-03-21,202.8502994880
2008-03-24,209.0133568768
2008-03-25,212.7683322396
2008-03-26,217.1355318463
2008-03-27,208.9725419272
2008-03-28,212.2377378949
2008-03-31,215.5437488121
2008-04-01,215.5437488121
2008-04-02,206.9317944475
2008-04-03,208.8092821289
2008-04-07,212.2377378949
2008-04-08,212.2377378949
2008-04-09,214.5233750722
2008-04-10,214.5233750722
2008-04-11,214.5233750722
2008-04-14,214.5233750722
2008-04-15,214.5233750722
2008-04-16,223.0945144872
2008-04-17,223.0945144872
2008-04-18,223.0945144872
2008-04-21,223.0945144872
2008-04-22,223.0945144872
2008-04-23,223.0945144872
2008-04-24,223.0945144872
2008-04-25,223.0945144872
2008-04-28,223.0945144872
2008-04-29,223.0945144872
2008-04-30,223.0945144872
2008-05-05,223.0945144872
2008-05-06,223.0945144872
2008-05-07,223.0945144872
2008-05-08,223.0945144872
2008-05-09,223.0945144872
2008-05-12,226.9688657884
2008-05-13,226.9688657884
2008-05-14,227.5649198347
2008-05-15,227.7352209908
2008-05-16,227.3520433896
2008-05-19,227.3520433896
2008-05-20,227.3520433896
2008-05-21,228.4164256152
2008-05-22,228.4164256152
2008-05-23,228.4164256152
2008-05-26,228.4164256152
2008-05-27,228.4164256152
2008-05-28,228.4164256152
2008-05-29,228.4164256152
2008-05-30,228.4164256152
2008-06-02,229.3956572628
2008-06-03,231.6095722920
2008-06-04,231.6095722920
2008-06-05,231.6095722920
2008-06-06,237.4423868883
2008-06-10,238.2938926688
2008-06-11,238.7622208481
2008-06-12,238.7622208481
2008-06-13,238.7622208481
2008-06-16,238.7622208481
2008-06-17,238.7622208481
2008-06-18,238.7622208481
2008-06-19,238.7622208481
2008-06-20,238.7622208481
2008-06-23,243.0197497505
2008-06-24,243.0197497505
2008-06-25,243.0197497505
2008-06-26,247.0644022078
2008-06-27,247.0644022078
2008-06-30,244.0415566871
2008-07-01,244.0415566871
2008-07-02,244.0415566871
2008-07-03,244.0415566871
2008-07-04,244.0415566871
2008-07-07,244.0415566871
2008-07-08,244.0415566871
2008-07-09,246.7821303184
2008-07-10,249.2616969371
2008-07-11,248.3916735621
2008-07-14,248.3916735621
2008-07-15,249.0441910934
2008-07-16,245.3900929184
2008-07-17,248.8266852496
2008-07-18,242.9975286371
2008-07-21,240.3004561746
2008-07-22,240.3004561746
2008-07-23,237.2553743621
2008-07-24,238.1253977371
2008-07-25,237.6033837121
2008-07-28,236.7333603371
2008-07-29,238.8214164371
2008-07-30,234.9933135871
2008-07-31,238.3864047496
2008-08-01,234.2537937184
2008-08-04,228.8161476246
2008-08-05,228.8161476246
2008-08-06,219.6809021871
2008-08-07,210.8936660997
2008-08-08,210.8936660997
2008-08-11,202.4979405309
2008-08-12,202.4979405309
2008-08-13,194.4067231434
2008-08-14,186.9245221185
2008-08-15,186.9245221185
2008-08-18,186.9245221185
2008-08-19,186.9245221185
2008-08-20,193.9717114559
2008-08-21,193.9717114559
2008-08-22,193.9717114559
2008-08-25,193.9717114559
2008-08-26,186.2285034185
2008-08-27,186.2285034185
2008-08-28,184.0099438122
2008-08-29,190.2306109434
2008-09-01,190.2306109434
2008-09-02,190.2306109434
2008-09-03,190.2306109434
2008-09-04,190.2306109434
2008-09-05,190.2306109434
2008-09-08,187.2382193106
2008-09-09,184.9298029082
2008-09-10,184.9298029082
2008-09-11,184.9298029082
2008-09-12,184.9298029082
2008-09-16,180.7832030741
2008-09-17,173.5587147035
2008-09-18,168.8563849947
2008-09-19,173.1312301845
2008-09-22,173.1312301845
2008-09-23,179.5434979691
2008-09-24,180.9969453336
2008-09-25,180.9969453336
2008-09-26,183.5191039956
2008-10-06,176.2091187211
2008-10-07,170.5663230706
2008-10-08,166.5052201404
2008-10-09,164.4960429012
2008-10-10,160.5631853266
2008-10-13,161.5036512684
2008-10-14,155.0486350319
2008-10-15,148.8501095068
2008-10-16,142.9080746930
2008-10-17,142.9080746930
2008-10-20,142.9080746930
2008-10-21,142.9080746930
2008-10-22,142.9080746930
2008-10-23,142.9080746930
2008-10-24,142.9080746930
2008-10-27,142.9080746930
2008-10-28,142.9080746930
2008-10-29,142.9080746930
2008-10-30,142.9080746930
2008-10-31,142.9080746930
2008-11-03,142.9080746930
2008-11-04,142.9080746930
2008-11-05,142.9080746930
2008-11-06,142.9080746930
2008-11-07,142.9080746930
2008-11-10,142.9080746930
2008-11-11,144.6441197749
2008-11-12,144.6441197749
2008-11-13,147.9583876584
2008-11-14,142.3162411424
2008-11-17,138.2917729981
2008-11-18,138.2917729981
2008-11-19,138.8836065487
2008-11-20,138.8836065487
2008-11-21,138.0944951479
2008-11-24,139.3176178192
2008-11-25,142.3951522825
2008-11-26,142.3951522825
2008-11-27,143.3420859635
2008-11-28,143.3420859635
2008-12-01,145.2754088956
2008-12-02,145.2754088956
2008-12-03,147.9583876584
2008-12-04,147.9583876584
2008-12-05,147.9583876584
2008-12-08,153.0876117639
2008-12-09,153.0876117639
2008-12-10,153.0876117639
2008-12-11,153.0876117639
2008-12-12,152.3774115032
2008-12-15,151.8644890926
2008-12-16,145.8277868761
2008-12-17,145.8277868761
2008-12-18,142.9869858331
2008-12-19,143.7760972339
2008-12-22,143.7760972339
2008-12-23,146.1828870065
2008-12-24,142.2373300023
2008-12-25,139.2781622491
2008-12-26,144.8019420550
2008-12-29,144.8019420550
2008-12-30,146.3012537167
2008-12-31,148.9447769095
2009-01-05,157.4277244686
2009-01-06,157.4277244686
2009-01-07,157.4277244686
2009-01-08,157.4277244686
2009-01-09,157.4277244686
2009-01-12,157.4277244686
2009-01-13,151.4648828174
2009-01-14,151.4648828174
2009-01-15,157.5147732518
2009-01-16,157.5147732518
2009-01-19,157.5147732518
2009-01-20,157.5147732518
2009-01-21,157.5147732518
2009-01-22,157.5147732518
2009-01-23,157.5147732518
2009-02-02,157.5147732518
2009-02-03,149.7239071529
2009-02-04,158.6899318254
2009-02-05,158.6899318254
2009-02-06,155.3820780627
2009-02-09,155.3820780627
2009-02-10,155.3820780627
2009-02-11,161.5625416719
2009-02-12,161.5625416719
2009-02-13,161.5625416719
2009-02-16,162.6941758539
2009-02-17,157.9064927763
2009-02-18,163.2164685533
2009-02-19,163.2164685533
2009-02-20,163.2164685533
2009-02-23,163.2164685533
2009-02-24,163.2164685533
2009-02-25,163.2164685533
2009-02-26,163.2164685533
2009-02-27,163.2164685533
2009-03-02,163.2164685533
2009-03-03,163.2164685533
2009-03-04,163.2164685533
2009-03-05,163.2164685533
2009-03-06,163.2164685533
2009-03-09,163.9756149186
2009-03-10,161.2069634685
2009-03-11,161.6088644854
2009-03-12,163.3950912275
2009-03-13,158.8402130353
2009-03-16,161.3855861427
2009-03-17,162.1447325080
2009-03-18,163.6630252388
2009-03-19,161.9661098338
2009-03-20,162.9038788734
2009-03-23,164.1988932614
2009-03-24,166.0744313405
2009-03-25,166.0744313405
2009-03-26,166.0744313405
2009-03-27,166.0744313405
2009-03-30,166.0744313405
2009-03-31,166.0744313405
2009-04-01,166.0744313405
2009-04-02,166.0744313405
2009-04-03,166.0744313405
2009-04-07,166.0744313405
2009-04-08,166.0744313405
2009-04-09,161.2069634685
2009-04-10,161.2069634685
2009-04-13,158.5276233554
2009-04-14,159.1528027151
2009-04-15,160.9390294572
2009-04-16,160.9390294572
2009-04-17,159.8226377434
2009-04-20,157.0539862932
2009-04-21,160.3138500975
2009-04-22,158.2596893441
2009-04-23,158.2596893441
2009-04-24,158.2596893441
2009-04-27,153.1689431293
2009-04-28,153.1689431293
2009-04-29,155.8482832424
2009-04-30,158.5276233554
2009-05-04,165.3599406437
2009-05-05,165.3599406437
2009-05-06,165.3599406437
2009-05-07,165.3599406437
2009-05-08,165.3599406437
2009-05-11,165.3599406437
2009-05-12,165.3599406437
2009-05-13,165.3599406437
2009-05-14,165.3599406437
2009-05-15,165.3599406437
2009-05-18,166.2297474618
2009-05-19,166.2297474618
2009-05-20,166.2297474618
2009-05-21,166.2297474618
2009-05-22,166.2297474618
2009-05-25,166.2297474618
2009-05-26,166.2297474618
2009-05-27,166.2297474618
2009-06-01,177.8271717033
2009-06-02,177.8271717033
2009-06-03,177.8271717033
2009-06-04,177.8271717033
2009-06-05,177.8271717033
2009-06-08,177.8271717033
2009-06-09,177.8271717033
2009-06-10,177.8271717033
2009-06-11,177.8271717033
2009-06-12,177.8271717033
2009-06-15,177.8271717033
2009-06-16,177.8271717033
2009-06-17,177.8271717033
2009-06-18,177.8271717033
2009-06-19,177.8271717033
2009-06-22,177.8271717033
2009-06-23,177.8271717033
2009-06-24,177.8271717033
2009-06-25,177.8271717033
2009-06-26,177.8271717033
2009-06-29,177.8271717033
2009-06-30,177.8271717033
2009-07-01,177.8271717033
2009-07-02,177.8271717033
2009-07-03,177.8271717033
2009-07-06,177.8271717033
2009-07-07,177.8271717033
2009-07-08,177.8271717033
2009-07-09,178.8123637903
2009-07-10,178.8616233947
2009-07-13,178.6645849773
2009-07-14,177.1375372424
2009-07-15,177.2853160555
2009-07-16,177.8271717033
2009-07-17,176.9404988250
2009-07-20,178.4675465599
2009-07-21,178.2212485381
2009-07-22,178.1719889338
2009-07-23,178.1719889338
2009-07-24,176.9897584294
2009-07-27,176.4479027815
2009-07-28,177.2853160555
2009-07-29,176.6449411989
2009-07-30,176.5956815946
2009-07-31,179.3049598338
2009-08-03,180.0438538991
2009-08-04,180.0438538991
2009-08-05,180.8812671730
2009-08-06,182.0634976774
2009-08-07,182.7531321383
2009-08-10,181.5216420296
2009-08-11,186.0535256298
2009-08-12,188.7135442647
2009-08-13,191.8661589431
2009-08-14,191.8661589431
2009-08-17,184.7235163123
2009-08-18,192.1124569648
2009-08-19,191.9646781518
2009-08-20,199.5999168260
2009-08-21,202.5062334827
2009-08-24,207.8262707525
2009-08-25,206.0529249959
2009-08-26,210.6833278048
2009-08-27,207.2844151046
2009-08-28,200.2402916826
2009-08-31,202.9495699218
2009-09-01,209.3533184873
2009-09-02,209.3533184873
2009-09-03,209.3533184873
2009-09-04,209.3533184873
2009-09-07,209.3533184873
2009-09-08,209.3533184873
2009-09-09,209.3533184873
2009-09-10,209.3533184873
2009-09-11,209.3533184873
2009-09-14,201.0842255767
2009-09-15,203.7660935477
2009-09-16,211.3088472162
2009-09-17,211.3088472162
2009-09-18,211.8116974607
2009-09-21,211.8116974607
2009-09-22,211.8116974607
2009-09-23,209.5209352355
2009-09-24,212.6497812017
2009-09-25,208.4593624970
2009-09-28,213.5996094414
2009-09-29,220.4160238677
2009-09-30,220.2484071195
2009-10-09,220.2484071195
2009-10-12,212.6497812017
2009-10-13,216.6167109088
2009-10-14,217.2313056522
2009-10-15,215.1640324245
2009-10-16,217.6224113979
2009-10-19,215.4433936715
2009-10-20,215.4433936715
2009-10-21,215.2757769233
2009-10-22,220.6953851147
2009-10-23,223.4889975845
2009-10-26,215.1640324245
2009-10-27,212.4821644535
2009-10-28,216.7284554076
2009-10-29,215.6110104197
2009-10-30,215.6110104197
2009-11-02,215.6110104197
2009-11-03,215.6110104197
2009-11-04,215.6110104197
2009-11-05,215.6110104197
2009-11-06,215.6110104197
2009-11-09,215.3359963758
2009-11-10,213.4108980684
2009-11-11,213.4108980684
2009-11-12,213.4108980684
2009-11-13,213.4108980684
2009-11-16,216.6560637865
2009-11-17,215.7760188460
2009-11-18,215.7760188460
2009-11-19,215.3909991845
2009-11-20,215.3909991845
2009-11-23,215.3909991845
2009-11-24,215.3909991845
2009-11-25,217.7011171533
2009-11-26,220.7262716363
2009-11-27,220.1762435485
2009-11-30,220.1762435485
2009-12-01,220.1762435485
2009-12-02,220.1762435485
2009-12-03,220.1762435485
2009-12-04,224.1914485894
2009-12-07,224.1914485894
2009-12-08,228.3166592480
2009-12-09,227.2716058811
2009-12-10,224.9614879124
2009-12-11,224.9614879124
2009-12-14,224.9614879124
2009-12-15,224.9614879124
2009-12-16,224.9614879124
2009-12-17,224.9614879124
2009-12-18,224.9614879124
2009-12-21,222.7613755611
2009-12-22,222.7613755611
2009-12-23,222.7613755611
2009-12-24,222.7613755611
2009-12-25,222.7613755611
2009-12-28,222.7613755611
2009-12-29,222.7613755611
2009-12-30,228.2616564392
2009-12-31,237.3921226968
2010-01-04,237.3921226968
2010-01-05,237.3921226968
2010-01-06,237.3921226968
2010-01-07,237.3921226968
2010-01-08,237.3921226968
2010-01-11,237.3921226968
2010-01-12,237.3921226968
2010-01-13,238.1448294273
2010-01-14,242.0241641152
2010-01-15,242.0241641152
2010-01-18,242.0241641152
2010-01-19,242.0241641152
2010-01-20,242.0241641152
2010-01-21,240.1134470301
2010-01-22,240.1134470301
2010-01-25,240.1134470301
2010-01-26,240.1134470301
2010-01-27,240.1134470301
2010-01-28,240.1134470301
2010-01-29,240.1134470301
2010-02-01,240.1134470301
2010-02-02,240.1134470301
2010-02-03,240.1134470301
2010-02-04,240.1134470301
2010-02-05,240.1134470301
2010-02-08,240.6345516897
2010-02-09,235.9446097535
2010-02-10,235.9446097535
2010-02-11,235.9446097535
2010-02-12,235.9446097535
2010-02-22,235.9446097535
2010-02-23,235.9446097535
2010-02-24,235.9446097535
2010-02-25,240.2871485833
2010-02-26,242.3715672216
2010-03-01,242.3715672216
2010-03-02,242.3715672216
2010-03-03,242.3715672216
2010-03-04,242.3715672216
2010-03-05,242.3715672216
2010-03-08,245.3461814487
2010-03-09,246.1790734323
2010-03-10,246.2980580013
2010-03-11,246.2980580013
2010-03-12,246.2980580013
2010-03-15,244.5132894651
2010-03-16,244.5132894651
2010-03-17,246.8929808468
2010-03-18,246.7145039931
2010-03-19,246.7145039931
2010-03-22,247.9638419685
2010-03-23,248.9752108057
2010-03-24,248.9752108057
2010-03-25,248.9752108057
2010-03-26,248.9752108057
2010-03-29,248.5587648139
2010-03-30,250.4625179192
2010-03-31,250.4625179192
2010-04-01,250.4625179192
2010-04-02,250.4625179192
2010-04-06,250.4625179192
2010-04-07,252.0688096019
2010-04-08,253.6751012845
2010-04-09,254.5079932681
2010-04-12,255.7573312434
2010-04-13,255.7573312434
2010-04-14,255.7573312434
2010-04-15,255.7573312434
2010-04-16,257.8395612024
2010-04-19,257.8395612024
2010-04-20,257.8395612024
2010-04-21,257.8395612024
2010-04-22,264.0862510792
2010-04-23,264.0862510792
2010-04-26,261.2306214212
2010-04-27,264.7406662092
2010-04-28,264.7406662092
2010-04-29,264.7406662092
2010-04-30,257.6015920642
2010-05-04,257.6015920642
2010-05-05,257.6015920642
2010-05-06,257.6015920642
2010-05-07,257.6015920642
2010-05-10,257.6015920642
2010-05-11,257.6015920642
2010-05-12,257.6015920642
2010-05-13,257.0665939499
2010-05-14,258.8053378215
2010-05-17,253.5891062065
2010-05-18,253.5891062065
2010-05-19,253.5891062065
2010-05-20,253.5891062065
2010-05-21,251.3822389848
2010-05-24,253.1878576207
2010-05-25,251.1816146919
2010-05-26,254.5253529066
2010-05-27,257.8022163571
2010-05-28,265.5596890153
2010-05-31,267.9003057656
2010-06-01,269.7727991659
2010-06-02,269.7727991659
2010-06-03,270.2409225160
2010-06-04,270.8427953946
2010-06-07,271.3109187447
2010-06-08,270.4415468088
2010-06-09,273.3840364378
2010-06-10,272.6484140306
2010-06-11,268.8365524658
2010-06-17,271.4446682733
2010-06-18,268.3015543514
2010-06-21,267.4990571799
2010-06-22,270.8427953946
2010-06-23,265.5596890153
2010-06-24,268.8365524658
2010-06-25,263.3528217936
2010-06-28,263.8209451436
2010-06-29,263.8209451436
2010-06-30,266.4959357154
2010-07-01,282.4790043819
2010-07-02,282.4790043819
2010-07-05,282.4790043819
2010-07-06,282.4790043819
2010-07-07,282.4790043819
2010-07-08,282.4790043819
2010-07-09,282.4790043819
2010-07-12,282.4790043819
2010-07-13,282.4790043819
2010-07-14,284.7616630032
2010-07-15,288.8989817543
2010-07-16,287.5436531979
2010-07-19,287.5436531979
2010-07-20,287.1156547064
2010-07-21,285.4749938224
2010-07-22,287.1156547064
2010-07-23,287.1156547064
2010-07-26,287.1156547064
2010-07-27,289.9689779830
2010-07-28,288.8989817543
2010-07-29,288.1856509351
2010-07-30,288.1856509351
2010-08-02,295.4616252904
2010-08-03,293.1789666691
2010-08-04,291.0389742117
2010-08-05,291.0389742117
2010-08-06,291.0389742117
2010-08-09,291.0389742117
2010-08-10,291.0389742117
2010-08-11,295.6042914542
2010-08-12,291.0389742117
2010-08-13,291.0389742117
2010-08-16,291.0389742117
2010-08-17,291.0389742117
2010-08-18,286.1169915596
2010-08-19,286.1169915596
2010-08-20,286.1169915596
2010-08-23,286.1169915596
2010-08-24,284.4049975936
2010-08-25,286.8303223787
2010-08-26,286.4736569692
2010-08-27,289.5409794915
2010-08-30,290.2543103106
2010-08-31,291.9663042766
2010-09-01,291.9663042766
2010-09-02,291.9663042766
2010-09-03,291.9663042766
2010-09-06,291.9663042766
2010-09-07,291.9663042766
2010-09-08,291.9663042766
2010-09-09,289.9641707169
2010-09-10,289.9641707169
2010-09-13,288.3762716868
2010-09-14,288.3072325985
2010-09-15,288.3072325985
2010-09-16,288.3072325985
2010-09-17,290.4474443347
2010-09-20,297.8346267792
2010-09-21,294.6588287190
2010-09-27,302.4602456930
2010-09-28,301.6317766338
2010-09-29,301.6317766338
2010-09-30,296.8680795435
2010-10-08,296.8680795435
2010-10-11,296.8680795435
2010-10-12,296.8680795435
2010-10-13,303.0125583991
2010-10-14,303.0125583991
2010-10-15,303.0125583991
2010-10-18,303.0125583991
2010-10-19,303.0125583991
2010-10-20,303.0125583991
2010-10-21,303.0125583991
2010-10-22,303.0125583991
2010-10-25,307.9143336660
2010-10-26,303.0815974874
2010-10-27,304.0481447231
2010-10-28,303.0815974874
2010-10-29,310.8139753732
2010-11-01,310.8139753732
2010-11-02,310.8139753732
2010-11-03,310.8139753732
2010-11-04,310.8139753732
2010-11-05,310.8139753732
2010-11-08,319.4789319116
2010-11-09,320.9341154524
2010-11-10,320.8679707460
2010-11-11,320.8679707460
2010-11-12,310.8801200796
2010-11-15,302.0167294220
2010-11-16,303.7364917884
2010-11-17,295.3361140756
2010-11-18,296.5267187908
2010-11-19,293.7486411220
2010-11-22,290.3752610956
2010-11-23,294.3439434796
2010-11-24,296.2621399652
2010-11-25,295.2038246628
2010-11-26,291.2351422788
2010-11-29,287.3326046012
2010-11-30,289.2508010868
2010-12-01,290.3091163892
2010-12-02,287.5971834268
2010-12-03,292.2273128748
2010-12-06,293.0210493516
2010-12-07,292.4918917004
2010-12-08,292.4918917004
2010-12-09,292.7564705260
2010-12-10,291.4335763980
2010-12-13,291.0367081596
2010-12-14,291.0367081596
2010-12-15,291.0367081596
2010-12-16,291.0367081596
2010-12-17,297.6511787996
2010-12-20,297.6511787996
2010-12-21,297.6511787996
2010-12-22,297.6511787996
2010-12-23,297.6511787996
2010-12-24,304.3317941460
2010-12-27,289.8461034444
2010-12-28,288.7216434356
2010-12-29,290.3752610956
2010-12-30,290.3752610956
2010-12-31,305.6546882740
2011-01-04,305.6546882740
2011-01-05,305.6546882740
2011-01-06,305.6546882740
2011-01-07,305.6546882740
2011-01-10,305.6546882740
2011-01-11,305.6546882740
2011-01-12,305.6546882740
2011-01-13,305.6546882740
2011-01-14,305.6546882740
2011-01-17,305.6546882740
2011-01-18,305.6546882740
2011-01-19,305.6546882740
2011-01-20,305.6546882740
2011-01-21,305.6546882740
2011-01-24,311.4494056154
2011-01-25,311.4494056154
2011-01-26,311.4494056154
2011-01-27,311.4494056154
2011-01-28,311.4494056154
2011-01-31,311.4494056154
2011-02-01,311.4494056154
2011-02-09,311.4494056154
2011-02-10,311.4494056154
2011-02-11,311.4494056154
2011-02-14,311.4494056154
2011-02-15,319.7085429756
2011-02-16,319.7085429756
2011-02-17,319.7085429756
2011-02-18,319.7085429756
2011-02-21,319.7085429756
2011-02-22,319.7085429756
2011-02-23,319.7085429756
2011-02-24,319.7085429756
2011-02-25,319.7085429756
2011-02-28,303.7231158268
2011-03-01,303.7231158268
2011-03-02,303.7231158268
2011-03-03,303.7231158268
2011-03-04,303.7231158268
2011-03-07,303.7231158268
2011-03-08,303.7231158268
2011-03-09,303.7231158268
2011-03-10,303.7231158268
2011-03-11,303.7231158268
2011-03-14,303.7231158268
2011-03-15,303.7231158268
2011-03-16,303.7231158268
2011-03-17,303.7231158268
2011-03-18,303.7231158268
2011-03-21,303.7231158268
2011-03-22,303.7231158268
2011-03-23,303.7231158268
2011-03-24,303.7231158268
2011-03-25,303.7231158268
2011-03-28,303.7231158268
2011-03-29,303.7231158268
2011-03-30,306.9832325137
2011-03-31,306.9832325137
2011-04-01,321.4874251206
2011-04-06,321.4874251206
2011-04-07,321.4874251206
2011-04-08,321.4874251206
2011-04-11,332.5984350533
2011-04-12,326.0116686860
2011-04-13,326.0116686860
2011-04-14,326.0116686860
2011-04-15,325.0802067755
2011-04-18,324.1487448649
2011-04-19,324.1487448649
2011-04-20,324.1487448649
2011-04-21,328.9391204048
2011-04-22,328.9391204048
2011-04-25,328.9391204048
2011-04-26,338.9190694462
2011-04-27,338.9190694462
2011-04-28,338.9190694462
2011-04-29,338.9190694462
2011-05-03,338.9190694462
2011-05-04,338.9190694462
2011-05-05,338.9190694462
2011-05-06,338.9190694462
2011-05-09,338.9190694462
2011-05-10,338.9190694462
2011-05-11,338.9190694462
2011-05-12,338.9190694462
2011-05-13,338.9190694462
2011-05-16,338.9190694462
2011-05-17,338.9190694462
2011-05-18,339.2800056224
2011-05-19,339.2800056224
2011-05-20,353.6452654349
2011-05-23,353.6452654349
2011-05-24,353.6452654349
2011-05-25,353.6452654349
2011-05-26,353.6452654349
2011-05-27,353.6452654349
2011-05-30,353.6452654349
2011-05-31,353.6452654349
2011-06-01,353.6452654349
2011-06-02,353.6452654349
2011-06-03,353.6452654349
2011-06-07,353.6452654349
2011-06-08,353.6452654349
2011-06-09,353.6452654349
2011-06-10,353.6452654349
2011-06-13,353.6452654349
2011-06-14,353.6452654349
2011-06-15,353.6452654349
2011-06-16,353.6452654349
2011-06-17,353.6452654349
2011-06-20,353.6452654349
2011-06-21,353.6452654349
2011-06-22,353.6452654349
2011-06-23,353.6452654349
2011-06-24,353.6452654349
2011-06-27,353.6452654349
2011-06-28,353.6452654349
2011-06-29,353.6452654349
2011-06-30,353.6452654349
2011-07-01,353.6452654349
2011-07-04,353.6452654349
2011-07-05,353.6452654349
2011-07-06,353.6452654349
2011-07-07,353.6452654349
2011-07-08,353.6452654349
2011-07-11,350.7393881512
2011-07-12,350.7393881512
2011-07-13,350.7393881512
2011-07-14,350.7393881512
2011-07-15,350.7393881512
2011-07-18,359.3843730704
2011-07-19,353.7905592991
2011-07-20,353.7905592991
2011-07-21,353.7905592991
2011-07-22,353.7905592991
2011-07-25,353.7905592991
2011-07-26,353.7905592991
2011-07-27,353.7905592991
2011-07-28,353.7905592991
2011-07-29,353.7905592991
2011-08-01,353.7905592991
2011-08-02,359.2390792062
2011-08-03,359.2390792062
2011-08-04,359.2390792062
2011-08-05,359.2390792062
2011-08-08,359.2390792062
2011-08-09,359.2390792062
2011-08-10,359.2390792062
2011-08-11,357.7861405643
2011-08-12,357.7861405643
2011-08-15,357.7861405643
2011-08-16,357.7861405643
2011-08-17,357.7861405643
2011-08-18,357.7861405643
2011-08-19,357.7861405643
2011-08-22,357.7861405643
2011-08-23,357.7861405643
2011-08-24,357.7861405643
2011-08-25,357.7861405643
2011-08-26,357.7861405643
2011-08-29,357.7861405643
2011-08-30,357.7861405643
2011-08-31,357.7861405643
2011-09-01,357.7861405643
2011-09-02,357.7861405643
2011-09-05,357.7861405643
2011-09-06,357.7861405643
2011-09-07,357.7861405643
2011-09-08,357.7861405643
2011-09-09,357.7861405643
2011-09-13,353.6123110416
2011-09-14,352.7228063892
2011-09-15,350.0542924320
2011-09-16,347.4542019096
2011-09-19,346.7699675617
2011-09-20,346.7699675617
2011-09-21,343.1435255173
2011-09-22,329.2535682531
2011-09-23,322.9586122516
2011-09-26,322.6164950776
2011-09-27,322.6164950776
2011-09-28,322.6164950776
2011-09-29,322.6164950776
2011-09-30,318.1689718156
2011-10-10,318.1689718156
2011-10-11,313.3793313797
2011-10-12,313.3793313797
2011-10-13,313.3793313797
2011-10-14,313.3793313797
2011-10-17,313.3793313797
2011-10-18,313.3793313797
2011-10-19,313.3793313797
2011-10-20,313.3793313797
2011-10-21,313.3793313797
2011-10-24,316.5952328153
2011-10-25,310.8476642921
2011-10-26,310.8476642921
2011-10-27,310.8476642921
2011-10-28,323.9849637736
2011-10-31,325.0113152955
2011-11-01,325.0113152955
2011-11-02,325.0113152955
2011-11-03,325.0113152955
2011-11-04,325.0113152955
2011-11-07,325.0113152955
2011-11-08,325.0113152955
2011-11-09,325.0113152955
2011-11-10,325.0113152955
2011-11-11,315.3278056917
2011-11-14,315.3278056917
2011-11-15,315.3278056917
2011-11-16,315.3278056917
2011-11-17,320.8514977897
2011-11-18,320.8514977897
2011-11-21,320.8514977897
2011-11-22,317.1008426614
2011-11-23,317.1008426614
2011-11-24,317.1008426614
2011-11-25,317.1008426614
2011-11-28,317.1008426614
2011-11-29,317.1008426614
2011-11-30,317.1008426614
2011-12-01,323.0336971370
2011-12-02,323.0336971370
2011-12-05,323.0336971370
2011-12-06,323.0336971370
2011-12-07,323.0336971370
2011-12-08,323.0336971370
2011-12-09,323.0336971370
2011-12-12,323.0336971370
2011-12-13,323.0336971370
2011-12-14,323.0336971370
2011-12-15,323.0336971370
2011-12-16,323.0336971370
2011-12-19,323.0336971370
2011-12-20,323.0336971370
2011-12-21,317.1008426614
2011-12-22,317.1008426614
2011-12-23,317.1008426614
2011-12-26,317.1008426614
2011-12-27,315.7369680693
2011-12-28,315.7369680693
2011-12-29,315.7369680693
2011-12-30,315.7369680693
2012-01-04,315.7369680693
2012-01-05,315.7369680693
2012-01-06,315.7369680693
2012-01-09,315.7369680693
2012-01-10,315.7369680693
2012-01-11,315.7369680693
2012-01-12,315.8713242259
2012-01-13,315.8713242259
2012-01-16,315.8713242259
2012-01-17,315.8713242259
2012-01-18,315.8713242259
2012-01-19,315.8713242259
2012-01-20,315.8713242259
2012-01-30,313.6544476416
2012-01-31,313.6544476416
2012-02-01,313.6544476416
2012-02-02,313.6544476416
2012-02-03,313.6544476416
2012-02-06,313.6544476416
2012-02-07,313.6544476416
2012-02-08,313.6544476416
2012-02-09,313.6544476416
2012-02-10,313.6544476416
2012-02-13,313.6544476416
2012-02-14,313.6544476416
2012-02-15,313.6544476416
2012-02-16,313.6544476416
2012-02-17,313.6544476416
2012-02-20,313.6544476416
2012-02-21,313.6544476416
2012-02-22,313.6544476416
2012-02-23,313.6544476416
2012-02-24,313.6544476416
2012-02-27,313.6544476416
2012-02-28,313.6544476416
2012-02-29,313.6544476416
2012-03-01,313.6544476416
2012-03-02,313.6544476416
2012-03-05,313.6544476416
2012-03-06,313.6544476416
2012-03-07,313.6544476416
2012-03-08,313.6544476416
2012-03-09,313.6544476416
2012-03-12,316.7384976498
2012-03-13,316.7384976498
2012-03-14,316.7384976498
2012-03-15,320.6755827667
2012-03-16,320.6755827667
2012-03-19,320.6755827667
2012-03-20,320.6755827667
2012-03-21,312.6701763624
2012-03-22,316.4760253087
2012-03-23,316.4760253087
2012-03-26,316.4760253087
2012-03-27,318.3789497818
2012-03-28,318.3789497818
2012-03-29,318.3789497818
2012-03-30,318.3789497818
2012-04-05,318.3789497818
2012-04-06,326.3187381008
2012-04-09,326.3187381008
2012-04-10,326.3187381008
2012-04-11,326.3187381008
2012-04-12,326.3187381008
2012-04-13,326.3187381008
2012-04-16,318.9038944641
2012-04-17,318.9038944641
2012-04-18,314.9668093472
2012-04-19,327.4342455506
2012-04-20,327.4342455506
2012-04-23,327.4342455506
2012-04-24,327.4342455506
2012-04-25,327.4342455506
2012-04-26,327.4342455506
2012-04-27,327.4342455506
2012-05-02,327.4342455506
2012-05-03,327.4342455506
2012-05-04,327.4342455506
2012-05-07,327.4342455506
2012-05-08,327.4342455506
2012-05-09,327.4342455506
2012-05-10,327.4342455506
2012-05-11,327.4342455506
2012-05-14,327.4342455506
2012-05-15,327.4342455506
2012-05-16,314.3631492889
2012-05-17,314.3631492889
2012-05-18,314.3631492889
2012-05-21,314.3631492889
2012-05-22,314.3631492889
2012-05-23,314.3631492889
2012-05-24,314.3631492889
2012-05-25,314.3631492889
2012-05-28,314.3631492889
2012-05-29,314.3631492889
2012-05-30,314.3631492889
2012-05-31,314.3631492889
2012-06-01,314.3631492889
2012-06-04,320.8658554693
2012-06-05,320.8658554693
2012-06-06,320.8658554693
2012-06-07,320.8658554693
2012-06-08,320.8658554693
2012-06-11,308.0574948109
2012-06-12,308.0574948109
2012-06-13,308.0574948109
2012-06-14,308.0574948109
2012-06-15,308.0574948109
2012-06-18,308.0574948109
2012-06-19,308.0574948109
2012-06-20,297.4823867800
2012-06-21,297.4823867800
2012-06-25,297.4823867800
2012-06-26,297.4823867800
2012-06-27,297.4823867800
2012-06-28,297.4823867800
2012-06-29,297.4823867800
2012-07-02,297.4823867800
2012-07-03,297.4823867800
2012-07-04,297.4823867800
2012-07-05,297.4823867800
2012-07-06,297.4823867800
2012-07-09,300.6039925355
2012-07-10,303.7255982910
2012-07-11,306.7807869027
2012-07-12,300.4711582480
2012-07-13,302.0651696976
2012-07-16,309.2382212208
2012-07-17,307.5113754837
2012-07-18,306.5151183277
2012-07-19,309.5703069395
2012-07-20,314.1530898570
2012-07-23,314.8836784381
2012-07-24,306.0501983216
2012-07-25,305.1867754531
2012-07-26,304.2569354408
2012-07-27,304.3897697283
2012-07-30,312.8247469824
2012-07-31,313.6881698509
2012-08-01,319.5992956431
2012-08-02,320.5291356554
2012-08-03,323.3186556922
2012-08-06,322.3223985362
2012-08-07,320.3963013679
2012-08-08,319.2007927807
2012-08-09,319.4000442119
2012-08-10,319.2007927807
2012-08-13,318.3373699122
2012-08-14,318.4702041997
2012-08-15,318.6694556309
2012-08-16,315.6806841629
2012-08-17,319.0015413495
2012-08-20,314.3523412882
2012-08-21,318.8022899183
2012-08-22,306.3158668965
2012-08-23,309.4374726520
2012-08-24,311.3635698202
2012-08-27,314.9500955818
2012-08-28,316.2784384565
2012-08-29,316.8097756063
2012-08-30,322.0567299613
2012-08-31,324.3813299919
2012-09-03,323.5179071234
2012-09-04,330.7573757903
2012-09-05,330.7573757903
2012-09-06,330.6245415028
2012-09-07,324.6469985668
2012-09-10,324.6469985668
2012-09-11,324.6469985668
2012-09-12,324.6469985668
2012-09-13,324.6469985668
2012-09-14,324.6469985668
2012-09-17,324.6469985668
2012-09-18,324.6469985668
2012-09-19,321.1849681998
2012-09-20,321.1849681998
2012-09-21,321.1849681998
2012-09-24,321.1849681998
2012-09-25,321.1849681998
2012-09-26,321.1849681998
2012-09-27,321.1849681998
2012-09-28,321.1849681998
2012-10-08,321.1849681998
2012-10-09,321.1849681998
2012-10-10,321.1849681998
2012-10-11,321.1849681998
2012-10-12,321.1849681998
2012-10-15,321.1849681998
2012-10-16,321.1849681998
2012-10-17,321.1849681998
2012-10-18,321.1849681998
2012-10-19,321.1849681998
2012-10-22,321.1849681998
2012-10-23,321.1849681998
2012-10-24,321.1849681998
2012-10-25,321.1849681998
2012-10-26,321.1849681998
2012-10-29,321.1849681998
2012-10-30,321.1849681998
2012-10-31,321.1849681998
2012-11-01,321.1849681998
2012-11-02,321.1849681998
2012-11-05,321.1849681998
2012-11-06,321.1849681998
2012-11-07,321.1849681998
2012-11-08,321.1849681998
2012-11-09,321.9116310238
2012-11-12,315.3716656080
2012-11-13,315.9662079185
2012-11-14,317.6177143366
2012-11-15,317.4195335665
2012-11-16,316.9571117694
2012-11-19,315.6359066349
2012-11-20,315.6359066349
2012-11-21,315.1074245811
2012-11-22,315.1074245811
2012-11-23,315.1074245811
2012-11-26,315.1734848378
2012-11-27,315.1734848378
2012-11-28,318.2122566472
2012-11-29,318.0801361337
2012-11-30,318.3443771606
2012-12-03,321.9776912805
2012-12-04,321.9776912805
2012-12-05,317.1552925396
2012-12-06,322.6382938478
2012-12-07,324.1576797525
2012-12-10,323.3649566718
2012-12-11,323.3649566718
2012-12-12,323.3649566718
2012-12-13,326.3376682244
2012-12-14,324.5540412928
2012-12-17,326.4037284812
2012-12-18,326.4037284812
2012-12-19,326.4037284812
2012-12-20,326.4037284812
2012-12-21,319.0710399846
2012-12-24,319.0710399846
2012-12-25,319.0710399846
2012-12-26,330.6976451683
2012-12-27,319.4674015250
2012-12-28,323.2328361583
2012-12-31,330.8958259385
2013-01-04,330.8958259385
2013-01-07,330.8958259385
2013-01-08,330.8958259385
2013-01-09,330.8958259385
2013-01-10,330.8958259385
2013-01-11,330.8958259385
2013-01-14,330.8958259385
2013-01-15,330.8958259385
2013-01-16,330.8958259385
2013-01-17,330.8958259385
2013-01-18,330.8958259385
2013-01-21,330.8958259385
2013-01-22,330.8958259385
2013-01-23,317.9561522767
2013-01-24,317.9561522767
2013-01-25,317.9561522767
2013-01-28,317.9561522767
2013-01-29,317.9561522767
2013-01-30,317.9561522767
2013-01-31,317.9561522767
2013-02-01,317.9561522767
2013-02-04,317.9561522767
2013-02-05,317.9561522767
2013-02-06,317.9561522767
2013-02-07,317.9561522767
2013-02-08,317.9561522767
2013-02-18,317.9561522767
2013-02-19,318.3713289718
2013-02-20,318.3713289718
2013-02-21,318.3713289718
2013-02-22,318.3713289718
2013-02-25,318.3713289718
2013-02-26,311.3825212721
2013-02-27,311.3825212721
2013-02-28,311.3825212721
2013-03-01,311.3825212721
2013-03-04,311.3825212721
2013-03-05,311.3825212721
2013-03-06,311.3825212721
2013-03-07,311.3825212721
2013-03-08,311.3825212721
2013-03-11,311.5207599053
2013-03-12,311.5207599053
2013-03-13,311.5207599053
2013-03-14,311.5207599053
2013-03-15,311.5207599053
2013-03-18,307.2353622763
2013-03-19,307.2353622763
2013-03-20,307.2353622763
2013-03-21,307.2353622763
2013-03-22,307.2353622763
2013-03-25,310.3457315231
2013-03-26,309.7236576738
2013-03-27,310.6913281061
2013-03-28,311.9354758049
2013-03-29,310.6222087895
2013-04-01,311.3134019555
2013-04-02,310.8295667393
2013-04-03,310.9678053725
2013-04-08,308.9633451912
2013-04-09,312.2810723879
2013-04-10,310.0001349402
2013-04-11,310.0001349402
2013-04-12,310.6913281061
2013-04-15,311.3825212721
2013-04-16,311.3134019555
2013-04-17,311.5207599053
2013-04-18,314.4928905190
2013-04-19,314.8384871020
2013-04-22,310.4839701563
2013-04-23,309.2398224576
2013-04-24,305.9912145775
2013-04-25,305.1617827783
2013-04-26,314.3546518858
2013-05-02,305.8529759443
2013-05-03,317.9488563489
2013-05-06,317.9488563489
2013-05-07,317.9488563489
2013-05-08,317.9488563489
2013-05-09,317.9488563489
2013-05-10,317.9488563489
2013-05-13,317.9488563489
2013-05-14,317.9488563489
2013-05-15,317.9488563489
2013-05-16,317.9488563489
2013-05-17,317.9488563489
2013-05-20,318.7022896578
2013-05-21,320.2091562755
2013-05-22,325.4831894377
2013-05-23,338.3668990196
2013-05-24,332.4901192103
2013-05-27,321.0379329153
2013-05-28,325.2571594450
2013-05-29,320.6612162609
2013-05-30,320.6612162609
2013-05-31,320.6612162609
2013-06-03,320.6612162609
2013-06-04,326.1612794157
2013-06-05,330.5311926072
2013-06-06,330.5311926072
2013-06-07,330.5311926072
2013-06-13,330.5311926072
2013-06-14,330.5311926072
2013-06-17,335.2778224532
2013-06-18,326.6886827319
2013-06-19,313.6542864882
2013-06-20,317.9488563489
2013-06-21,318.7022896578
2013-06-24,318.7022896578
2013-06-25,318.7022896578
2013-06-26,318.7022896578
2013-06-27,318.7022896578
2013-06-28,330.7572225999
2013-07-01,323.9763228199
2013-07-02,323.9763228199
2013-07-03,323.9763228199
2013-07-04,323.9763228199
2013-07-05,323.9763228199
2013-07-08,323.5845739411
2013-07-09,324.3680716988
2013-07-10,324.3680716988
2013-07-11,324.1330223715
2013-07-12,324.0546725957
2013-07-15,322.4876770803
2013-07-16,322.4876770803
2013-07-17,322.5660268560
2013-07-18,320.1371838071
2013-07-19,316.2196950185
2013-07-22,314.9660986061
2013-07-23,319.5887353767
2013-07-24,319.9021344798
2013-07-25,316.2196950185
2013-07-26,309.5599640778
2013-07-29,309.3249147505
2013-07-30,313.4774528664
2013-07-31,312.9290044360
2013-08-01,314.1826008484
2013-08-02,314.1826008484
2013-08-05,315.3578474850
2013-08-06,315.3578474850
2013-08-07,310.5785111628
2013-08-08,310.5785111628
2013-08-09,310.2651120597
2013-08-12,310.1867622840
2013-08-13,309.8733631809
2013-08-14,309.4032645262
2013-08-15,313.6341524180
2013-08-16,319.2753362736
2013-08-19,331.4979012941
2013-08-20,336.6689864951
2013-08-21,334.2401434462
2013-08-22,332.9865470338
2013-08-23,336.9040358224
2013-08-26,332.5164483792
2013-08-27,341.9184214719
2013-08-28,340.7431748353
2013-08-29,335.3370403070
2013-08-30,335.1803407554
2013-09-02,336.9040358224
2013-09-03,336.9040358224
2013-09-04,340.8215246111
2013-09-05,332.9865470338
2013-09-06,314.0259012968
2013-09-09,313.4131678309
2013-09-10,314.7918181293
2013-09-11,314.7918181293
2013-09-12,314.7918181293
2013-09-13,314.7918181293
2013-09-16,314.0259012968
2013-09-17,314.0259012968
2013-09-18,315.7109183282
2013-09-23,315.7109183282
2013-09-24,315.7109183282
2013-09-25,315.7109183282
2013-09-26,315.7109183282
2013-09-27,315.7109183282
2013-09-30,315.7109183282
2013-10-08,315.7109183282
2013-10-09,315.7109183282
2013-10-10,316.3236517941
2013-10-11,316.3236517941
2013-10-14,316.3236517941
2013-10-15,316.3236517941
2013-10-16,316.3236517941
2013-10-17,316.3236517941
2013-10-18,316.3236517941
2013-10-21,316.3236517941
2013-10-22,316.3236517941
2013-10-23,314.0259012968
2013-10-24,314.0259012968
2013-10-25,314.0259012968
2013-10-28,314.0259012968
2013-10-29,314.0259012968
2013-10-30,314.0259012968
2013-10-31,314.0259012968
2013-11-01,314.0259012968
2013-11-04,314.0259012968
2013-11-05,314.0259012968
2013-11-06,314.0259012968
2013-11-07,314.0259012968
2013-11-08,314.0259012968
2013-11-11,314.0259012968
2013-11-12,314.0259012968
2013-11-13,314.0259012968
2013-11-14,314.0259012968
2013-11-15,314.0259012968
2013-11-18,313.0208947196
2013-11-19,314.8762914776
2013-11-20,314.1805176933
2013-11-21,314.1805176933
2013-11-22,314.2578258916
2013-11-25,319.7467079674
2013-11-26,319.7467079674
2013-11-27,319.7467079674
2013-11-28,319.7467079674
2013-11-29,319.7467079674
2013-12-02,319.7467079674
2013-12-03,319.7467079674
2013-12-04,321.7567211219
2013-12-05,321.7567211219
2013-12-06,323.5348096817
2013-12-09,323.5348096817
2013-12-10,323.5348096817
2013-12-11,324.8490490520
2013-12-12,321.6794129237
2013-12-13,320.8290227429
2013-12-16,319.2828587779
2013-12-17,320.4424817517
2013-12-18,324.6944326555
2013-12-19,319.2828587779
2013-12-20,319.2828587779
2013-12-23,322.5298031045
2013-12-24,335.2856558159
2013-12-25,351.5976856470
2013-12-26,351.5976856470
2013-12-27,351.8296102417
2013-12-30,351.8296102417
2013-12-31,358.4008070931
2014-01-02,359.4831218686
2014-01-03,359.4831218686
2014-01-06,359.8696628598
2014-01-07,359.8696628598
2014-01-08,359.8696628598
2014-01-09,359.8696628598
2014-01-10,359.8696628598
2014-01-13,359.8696628598
2014-01-14,345.8168837409
2014-01-15,345.8168837409
2014-01-16,345.8168837409
2014-01-17,355.5522427691
2014-01-20,362.4939770327
2014-01-21,355.5522427691
2014-01-22,355.5522427691
2014-01-23,355.5522427691
2014-01-24,355.5522427691
2014-01-27,355.6368980650
2014-01-28,355.6368980650
2014-01-29,355.6368980650
2014-01-30,355.6368980650
2014-02-07,355.6368980650
2014-02-10,355.6368980650
2014-02-11,357.6686251665
2014-02-12,357.6686251665
2014-02-13,357.2453486870
2014-02-14,357.7532804624
2014-02-17,357.7532804624
2014-02-18,357.7532804624
2014-02-19,363.1712193998
2014-02-20,355.8062086568
2014-02-21,368.2505371537
2014-02-24,363.1712193998
2014-02-25,363.1712193998
2014-02-26,363.1712193998
2014-02-27,363.1712193998
2014-02-28,356.3987957281
2014-03-03,356.3987957281
2014-03-04,356.3987957281
2014-03-05,356.3987957281
2014-03-06,356.3987957281
2014-03-07,356.3987957281
2014-03-10,350.3739589431
2014-03-11,353.5136626198
2014-03-12,355.5502271668
2014-03-13,355.5502271668
2014-03-14,355.5502271668
2014-03-17,355.5502271668
2014-03-18,355.5502271668
2014-03-19,355.5502271668
2014-03-20,355.5502271668
2014-03-21,355.5502271668
2014-03-24,355.5502271668
2014-03-25,355.5502271668
2014-03-26,355.5502271668
2014-03-27,355.5502271668
2014-03-28,355.5502271668
2014-03-31,355.5502271668
2014-04-01,354.2773743249
2014-04-02,353.0893783391
2014-04-03,357.2473642893
2014-04-04,357.2473642893
2014-04-08,357.2473642893
2014-04-09,360.6416385343
2014-04-10,361.4902070956
2014-04-11,358.0959328506
2014-04-14,364.2904833477
2014-04-15,368.2787555857
2014-04-16,365.3087656213
2014-04-17,364.8844813406
2014-04-18,364.5450539161
2014-04-21,364.5450539161
2014-04-22,364.5450539161
2014-04-23,357.2473642893
2014-04-24,360.6416385343
2014-04-25,360.6416385343
2014-04-28,360.6416385343
2014-04-29,361.4902070956
2014-04-30,354.7016586055
2014-05-05,354.7016586055
2014-05-06,354.7016586055
2014-05-07,354.7016586055
2014-05-08,354.7016586055
2014-05-09,354.7016586055
2014-05-12,354.7016586055
2014-05-13,356.8305235926
2014-05-14,356.8305235926
2014-05-15,356.8305235926
2014-05-16,362.0708066375
2014-05-19,362.0708066375
2014-05-20,369.8493517824
2014-05-21,380.4117972949
2014-05-22,393.0212283718
2014-05-23,393.0212283718
2014-05-26,393.0212283718
2014-05-27,393.0212283718
2014-05-28,393.0212283718
2014-05-29,398.1796319942
2014-05-30,395.9688875846
2014-06-03,395.9688875846
2014-06-04,395.9688875846
2014-06-05,381.8856269013
2014-06-06,381.8856269013
2014-06-09,381.8856269013
2014-06-10,381.8856269013
2014-06-11,381.8856269013
2014-06-12,381.8856269013
2014-06-13,381.8856269013
2014-06-16,381.8856269013
2014-06-17,381.8856269013
2014-06-18,381.8856269013
2014-06-19,395.4776110491
2014-06-20,393.0212283718
2014-06-23,390.5648456945
2014-06-24,390.5648456945
2014-06-25,389.7460514687
2014-06-26,389.7460514687
2014-06-27,390.5648456945
2014-06-30,375.0077554047
2014-07-01,375.0077554047
2014-07-02,375.0077554047
2014-07-03,375.0077554047
2014-07-04,375.0077554047
2014-07-07,375.0077554047
2014-07-08,375.0077554047
2014-07-09,360.1523757220
2014-07-10,360.0617941386
2014-07-11,360.0617941386
2014-07-14,359.6088862215
2014-07-15,357.7972545528
2014-07-16,360.0617941386
2014-07-17,352.9964306310
2014-07-18,352.8152674641
2014-07-21,352.8152674641
2014-07-22,354.3551543825
2014-07-23,347.6521172086
2014-07-24,344.2100170382
2014-07-25,344.2100170382
2014-07-28,348.7390962097
2014-07-29,351.1847989624
2014-07-30,348.8296777932
2014-07-31,348.0144435423
2014-08-01,346.4745566240
2014-08-04,351.4565437127
2014-08-05,346.6557197908
2014-08-06,345.0252512891
2014-08-07,344.2100170382
2014-08-08,348.1956067091
2014-08-11,342.2172222027
2014-08-12,343.0324564536
2014-08-13,346.0216487068
2014-08-14,343.6665275376
2014-08-15,338.7751220323
2014-08-18,339.6809378666
2014-08-19,326.0937003520
2014-08-20,320.6588053461
2014-08-21,326.0031187685
2014-08-22,326.0031187685
2014-08-25,326.0031187685
2014-08-26,321.5646211804
2014-08-27,321.5646211804
2014-08-28,314.1369313390
2014-08-29,325.3690476845
2014-09-01,308.7020363332
2014-09-02,321.5646211804
2014-09-03,321.5646211804
2014-09-04,321.4740395970
2014-09-05,326.0937003520
2014-09-09,307.9773836657
2014-09-10,307.9773836657
2014-09-11,312.2802781462
2014-09-12,312.2802781462
2014-09-15,301.2941645791
2014-09-16,301.2941645791
2014-09-17,301.2941645791
2014-09-18,301.2941645791
2014-09-19,301.2941645791
2014-09-22,301.2941645791
2014-09-23,301.2941645791
2014-09-24,301.2941645791
2014-09-25,301.2941645791
2014-09-26,301.2941645791
2014-09-29,301.2941645791
2014-09-30,301.2941645791
2014-10-08,301.2941645791
2014-10-09,301.2941645791
2014-10-10,301.2941645791
2014-10-13,301.2941645791
2014-10-14,301.2941645791
2014-10-15,301.2941645791
2014-10-16,301.2941645791
2014-10-17,301.2941645791
2014-10-20,301.2941645791
2014-10-21,301.2941645791
2014-10-22,301.2941645791
2014-10-23,301.2941645791
2014-10-24,301.2941645791
2014-10-27,301.2941645791
2014-10-28,301.2941645791
2014-10-29,301.2941645791
2014-10-30,301.2941645791
2014-10-31,301.2941645791
2014-11-03,301.2941645791
2014-11-04,301.2941645791
2014-11-05,301.2941645791
2014-11-06,301.2941645791
2014-11-07,301.2941645791
2014-11-10,297.6937388292
2014-11-11,296.8155862073
2014-11-12,299.8891203840
2014-11-13,300.1525661706
2014-11-14,299.0109677621
2014-11-17,297.6937388292
2014-11-18,297.6937388292
2014-11-19,293.6542367684
2014-11-20,297.6937388292
2014-11-21,297.6937388292
2014-11-24,297.6937388292
2014-11-25,297.6937388292
2014-11-26,297.6937388292
2014-11-27,297.6937388292
2014-11-28,297.6937388292
2014-12-01,297.6937388292
2014-12-02,297.6937388292
2014-12-03,297.1668472561
2014-12-04,297.0790319939
2014-12-05,290.8441483783
2014-12-08,291.8101162624
2014-12-09,291.4588552136
2014-12-10,300.2403814328
2014-12-11,302.6113935119
2014-12-12,301.6454256278
2014-12-15,301.2063493169
2014-12-16,299.1865982865
2014-12-17,304.5433292801
2014-12-18,304.5433292801
2014-12-19,307.4412329325
2014-12-22,307.4412329325
2014-12-23,299.0987830243
2014-12-24,311.0416586823
2014-12-25,327.9021890231
2014-12-26,332.0295063461
2014-12-29,332.0295063461
2014-12-30,319.1206628039
2014-12-31,319.1206628039
2015-01-05,319.1206628039
2015-01-06,319.1206628039
2015-01-07,319.1206628039
2015-01-08,319.1206628039
2015-01-09,319.1206628039
2015-01-12,319.1206628039
2015-01-13,319.1206628039
2015-01-14,319.1206628039
2015-01-15,319.1206628039
2015-01-16,319.1206628039
2015-01-19,319.1206628039
2015-01-20,319.1206628039
2015-01-21,319.1206628039
2015-01-22,315.3719562228
2015-01-23,315.3719562228
2015-01-26,315.3719562228
2015-01-27,315.3719562228
2015-01-28,315.3719562228
2015-01-29,315.3719562228
2015-01-30,315.3719562228
2015-02-02,315.3719562228
2015-02-03,315.3719562228
2015-02-04,315.3719562228
2015-02-05,315.3719562228
2015-02-06,315.3719562228
2015-02-09,312.3922150942
2015-02-10,312.3922150942
2015-02-11,312.3922150942
2015-02-12,312.3922150942
2015-02-13,312.3922150942
2015-02-16,312.3922150942
2015-02-17,307.6823016974
2015-02-25,307.5861810158
2015-02-26,302.7801469375
2015-02-27,302.7801469375
2015-03-02,302.7801469375
2015-03-03,302.7801469375
2015-03-04,302.7801469375
2015-03-05,302.7801469375
2015-03-06,302.7801469375
2015-03-09,302.6858522794
2015-03-10,302.6858522794
2015-03-11,303.2516202276
2015-03-12,302.9687362535
2015-03-13,302.3086736473
2015-03-16,301.7429056991
2015-03-17,301.7429056991
2015-03-18,301.5543163831
2015-03-19,301.0828430929
2015-03-20,301.7429056991
2015-03-23,301.3657270670
2015-03-24,302.5915576214
2015-03-25,301.3657270670
2015-03-26,301.8372003572
2015-03-27,302.9687362535
2015-03-30,302.9687362535
2015-03-31,302.9687362535
2015-04-01,304.1945668079
2015-04-02,303.6287988597
2015-04-03,301.9314950152
2015-04-07,302.1200843312
2015-04-08,303.6287988597
2015-04-09,302.6858522794
2015-04-10,303.3459148856
2015-04-13,302.1200843312
2015-04-14,305.7975759945
2015-04-15,305.7975759945
2015-04-16,306.7405225748
2015-04-17,306.7405225748
2015-04-20,304.4774507820
2015-04-21,307.3062905229
2015-04-22,307.3062905229
2015-04-23,307.3062905229
2015-04-24,307.3062905229
2015-04-27,307.3062905229
2015-04-28,308.8150050514
2015-04-29,310.8894875281
2015-04-30,310.8894875281
2015-05-04,308.6264157354
2015-05-05,308.6264157354
2015-05-06,318.7159441447
2015-05-07,319.6588907250
2015-05-08,320.6018373053
2015-05-11,318.9207049074
2015-05-12,314.4706485598
2015-05-13,304.9771950184
2015-05-14,304.9771950184
2015-05-15,304.9771950184
2015-05-18,304.9771950184
2015-05-19,304.4827443131
2015-05-20,304.3838541720
2015-05-21,304.3838541720
2015-05-22,304.3838541720
2015-05-25,292.2203668221
2015-05-26,286.6825189229
2015-05-27,285.1991668071
2015-05-28,286.7814090640
2015-05-29,291.7259161168
2015-06-01,287.7703104745
2015-06-02,291.6270259757
2015-06-03,287.3747499103
2015-06-04,288.7592118851
2015-06-05,285.4958372302
2015-06-08,290.5392344241
2015-06-09,288.7592118851
2015-06-10,288.7592118851
2015-06-11,292.4181471042
2015-06-12,292.4181471042
2015-06-15,294.1981696432
2015-06-16,294.1981696432
2015-06-17,294.1981696432
2015-06-18,296.6704231696
2015-06-19,296.9670935928
2015-06-23,306.0649865700
2015-06-24,306.0649865700
2015-06-25,308.0427893911
2015-06-26,316.4484513809
2015-06-29,316.4484513809
2015-06-30,316.4484513809
2015-07-01,316.4484513809
2015-07-02,316.4484513809
2015-07-03,316.4484513809
2015-07-06,316.4484513809
2015-07-07,316.4484513809
2015-07-08,316.4484513809
2015-07-09,312.1537938265
2015-07-10,323.4555242329
2015-07-13,323.2294896248
2015-07-14,327.5241471793
2015-07-15,328.0892336996
2015-07-16,328.6543202199
2015-07-17,327.0720779630
2015-07-20,327.8631990915
2015-07-21,328.3152683077
2015-07-22,326.7330260508
2015-07-23,327.8631990915
2015-07-24,326.3939741386
2015-07-27,326.9590606590
2015-07-28,326.9590606590
2015-07-29,326.3939741386
2015-07-30,327.9762163955
2015-07-31,327.4111298752
2015-08-03,326.5069914427
2015-08-04,326.8460433549
2015-08-05,327.1850952671
2015-08-06,327.2981125711
2015-08-07,327.7501817874
2015-08-10,330.8016489971
2015-08-11,330.6886316931
2015-08-12,328.4282856118
2015-08-13,326.9590606590
2015-08-14,327.2981125711
2015-08-17,327.2981125711
2015-08-18,328.3152683077
2015-08-19,327.8631990915
2015-08-20,328.3152683077
2015-08-21,324.4726799695
2015-08-24,326.1679395305
2015-08-25,329.8975105646
2015-08-26,328.8803548280
2015-08-27,330.1235451728
2015-08-28,329.6714759565
2015-08-31,328.9933721321
2015-09-01,328.3152683077
2015-09-02,328.2022510037
2015-09-07,328.3152683077
2015-09-08,330.0105278687
2015-09-09,330.0105278687
2015-09-10,330.0105278687
2015-09-11,333.2887781455
2015-09-14,330.6661779241
2015-09-15,334.3815282378
2015-09-16,345.0904791422
2015-09-17,345.0904791422
2015-09-18,345.0904791422
2015-09-21,345.0904791422
2015-09-22,345.0904791422
2015-09-23,345.0904791422
2015-09-24,338.7525286069
2015-09-25,338.7525286069
2015-09-28,338.8618036162
2015-09-29,338.8618036162
2015-09-30,338.9710786254
2015-10-08,347.8223543729
2015-10-09,347.8223543729
2015-10-12,347.8223543729
2015-10-13,347.8223543729
2015-10-14,347.8223543729
2015-10-15,345.7461291975
2015-10-16,345.7461291975
2015-10-19,331.9774780348
2015-10-20,338.8618036162
2015-10-21,338.8618036162
2015-10-22,338.8618036162
2015-10-23,338.8618036162
2015-10-26,338.8618036162
2015-10-27,338.8618036162
2015-10-28,338.8618036162
2015-10-29,338.8618036162
2015-10-30,325.6395274996
2015-11-02,345.0904791422
2015-11-03,345.0904791422
2015-11-04,345.0904791422
2015-11-05,345.0904791422
2015-11-06,349.6800295297
2015-11-09,350.2233484072
2015-11-10,350.2233484072
2015-11-11,350.2233484072
2015-11-12,350.2233484072
2015-11-13,350.2233484072
2015-11-16,350.2233484072
2015-11-17,345.8767973876
2015-11-18,347.8327453464
2015-11-19,347.8327453464
2015-11-20,350.9839948356
2015-11-23,349.6800295297
2015-11-24,353.1572703455
2015-11-25,353.1572703455
2015-11-26,353.1572703455
2015-11-27,353.1572703455
2015-11-30,353.1572703455
2015-12-01,353.1572703455
2015-12-02,353.1572703455
2015-12-03,353.1572703455
2015-12-04,353.1572703455
2015-12-07,353.1572703455
2015-12-08,353.1572703455
2015-12-09,353.1572703455
2015-12-10,353.1572703455
2015-12-11,354.7872269778
2015-12-14,354.7872269778
2015-12-15,354.7872269778
2015-12-16,354.7872269778
2015-12-17,354.7872269778
2015-12-18,354.7872269778
2015-12-21,347.7240815709
2015-12-22,347.7240815709
2015-12-23,347.7240815709
2015-12-24,347.7240815709
2015-12-25,347.7240815709
2015-12-28,347.7240815709
2015-12-29,347.7240815709
2015-12-30,347.7240815709
2015-12-31,347.7240815709
2016-01-04,347.7240815709
2016-01-05,347.7240815709
2016-01-06,347.7240815709
2016-01-07,347.7240815709
2016-01-08,347.7240815709
2016-01-11,347.7240815709
2016-01-12,347.7240815709
2016-01-13,347.7240815709
2016-01-14,347.7240815709
2016-01-15,347.7240815709
2016-01-18,347.7240815709
2016-01-19,347.7240815709
2016-01-20,347.7240815709
2016-01-21,347.7240815709
2016-01-22,347.7240815709
2016-01-25,347.7240815709
2016-01-26,347.7240815709
2016-01-27,347.7240815709
2016-01-28,347.7240815709
2016-01-29,347.7240815709
2016-02-01,347.7240815709
2016-02-02,347.7240815709
2016-02-03,347.7240815709
2016-02-04,347.7240815709
2016-02-05,347.7240815709
2016-02-15,347.7240815709
2016-02-16,347.7240815709
2016-02-17,347.7240815709
2016-02-18,347.7240815709
2016-02-19,347.7240815709
2016-02-22,347.7240815709
2016-02-23,347.7240815709
2016-02-24,347.7240815709
2016-02-25,347.7240815709
2016-02-26,347.7240815709
2016-02-29,347.7240815709
2016-03-01,347.7240815709
2016-03-02,347.7240815709
2016-03-03,347.7240815709
2016-03-04,347.7240815709
2016-03-07,347.7240815709
2016-03-08,347.7240815709
2016-03-09,347.7240815709
2016-03-10,347.7240815709
2016-03-11,347.7240815709
2016-03-14,347.7240815709
2016-03-15,347.7240815709
2016-03-16,347.7240815709
2016-03-17,347.7240815709
2016-03-18,347.7240815709
2016-03-21,348.4677627719
2016-03-22,338.6936669869
2016-03-23,337.8437456143
2016-03-24,338.5874268153
2016-03-25,340.6059900753
2016-03-28,340.6059900753
2016-03-29,350.5925662035
2016-03-30,346.7679200267
2016-03-31,352.7173696350
2016-04-01,352.7173696350
2016-04-05,352.7173696350
2016-04-06,352.7173696350
2016-04-07,349.5301644877
2016-04-08,349.5301644877
2016-04-11,349.5301644877
2016-04-12,349.5301644877
2016-04-13,351.5487277477
2016-04-14,351.5487277477
2016-04-15,351.5487277477
2016-04-18,351.5487277477
2016-04-19,351.5487277477
2016-04-20,351.5487277477
2016-04-21,365.5724303958
2016-04-22,365.5724303958
2016-04-25,351.0175268898
2016-04-26,350.5925662035
2016-04-27,338.6936669869
2016-04-28,338.6936669869
2016-04-29,352.1861687771
2016-05-03,352.1861687771
2016-05-04,352.1861687771
2016-05-05,352.1861687771
2016-05-06,352.1861687771
2016-05-09,352.1861687771
2016-05-10,352.1861687771
2016-05-11,366.2736155282
2016-05-12,366.2736155282
2016-05-13,366.2736155282
2016-05-16,352.0825846098
2016-05-17,352.0825846098
2016-05-18,366.0664471936
2016-05-19,366.0664471936
2016-05-20,354.2578521229
2016-05-23,353.4291787846
2016-05-24,362.9589221750
2016-05-25,374.9746855804
2016-05-26,376.5284480897
2016-05-27,382.8470822942
2016-05-30,384.4008448035
2016-05-31,384.4008448035
2016-06-01,391.5481523463
2016-06-02,391.5481523463
2016-06-03,391.5481523463
2016-06-06,407.0857774395
2016-06-07,407.0857774395
2016-06-08,409.1574607852
2016-06-13,409.1574607852
2016-06-14,409.1574607852
2016-06-15,414.3366691496
2016-06-16,423.4520758709
2016-06-17,424.6950858783
2016-06-20,421.6911450270
2016-06-21,421.1732241905
2016-06-22,421.3803925251
2016-06-23,420.1373825177
2016-06-24,420.1373825177
2016-06-27,418.7907883429
2016-06-28,417.2370258336
2016-06-29,412.0578174692
2016-06-30,418.5836200084
2016-07-01,439.6112059677
2016-07-04,413.5079958113
2016-07-05,438.2646117930
2016-07-06,438.3681959602
2016-07-07,438.3681959602
2016-07-08,438.3681959602
2016-07-11,434.0389076233
2016-07-12,434.0389076233
2016-07-13,441.0323733983
2016-07-14,444.5846099825
2016-07-15,442.9194990837
2016-07-18,442.9194990837
2016-07-19,437.9241663872
2016-07-20,437.9241663872
2016-07-21,437.9241663872
2016-07-22,437.9241663872
2016-07-25,437.9241663872
2016-07-26,437.9241663872
2016-07-27,437.9241663872
2016-07-28,437.9241663872
2016-07-29,437.9241663872
2016-08-01,437.9241663872
2016-08-02,437.9241663872
2016-08-03,437.9241663872
2016-08-04,437.9241663872
2016-08-05,437.9241663872
2016-08-08,437.9241663872
2016-08-09,437.9241663872
2016-08-10,437.9241663872
2016-08-11,437.9241663872
2016-08-12,434.8159593761
2016-08-15,434.8159593761
2016-08-16,434.8159593761
2016-08-17,434.8159593761
2016-08-18,434.8159593761
2016-08-19,434.8159593761
2016-08-22,434.8159593761
2016-08-23,434.8159593761
2016-08-24,434.8159593761
2016-08-25,434.8159593761
2016-08-26,434.8159593761
2016-08-29,434.8159593761
2016-08-30,434.8159593761
2016-08-31,434.8159593761
2016-09-01,434.8159593761
2016-09-02,434.8159593761
2016-09-05,434.8159593761
2016-09-06,434.8159593761
2016-09-07,434.8159593761
2016-09-08,434.8159593761
2016-09-09,434.8159593761
2016-09-12,434.8159593761
2016-09-13,434.8159593761
2016-09-14,434.8159593761
2016-09-19,435.3934042093
2016-09-20,435.5088931759
2016-09-21,436.0863380091
2016-09-22,438.8580732083
2016-09-23,438.8580732083
2016-09-26,438.8580732083
2016-09-27,438.8580732083
2016-09-28,438.8580732083
2016-09-29,438.8580732083
2016-09-30,439.4355180415
2016-10-10,439.4355180415
2016-10-11,448.7901243388
2016-10-12,448.7901243388
2016-10-13,448.7901243388
2016-10-14,448.7901243388
2016-10-17,448.7901243388
2016-10-18,450.4069698717
2016-10-19,450.4069698717
2016-10-20,450.4069698717
2016-10-21,453.2941940375
2016-10-24,463.6882010346
2016-10-25,463.6882010346
2016-10-26,463.6882010346
2016-10-27,463.6882010346
2016-10-28,463.6882010346
2016-10-31,469.9246052328
2016-11-01,496.6025565252
2016-11-02,496.6025565252
2016-11-03,496.6025565252
2016-11-04,496.6025565252
2016-11-07,496.6025565252
2016-11-08,496.6025565252
2016-11-09,496.6025565252
2016-11-10,496.6025565252
2016-11-11,502.5175533144
2016-11-14,502.5175533144
2016-11-15,496.7311434119
2016-11-16,496.7311434119
2016-11-17,505.0892910489
2016-11-18,505.0892910489
2016-11-21,507.9182025568
2016-11-22,517.3050452876
2016-11-23,523.4772158503
2016-11-24,523.4772158503
2016-11-25,523.4772158503
2016-11-28,523.4772158503
2016-11-29,523.4772158503
2016-11-30,523.4772158503
2016-12-01,523.4772158503
2016-12-02,523.4772158503
2016-12-05,524.6344978308
2016-12-06,525.4060191512
2016-12-07,537.2360127297
2016-12-08,542.7652488588
2016-12-09,543.4081832924
2016-12-12,543.4081832924
2016-12-13,543.4081832924
2016-12-14,543.4081832924
2016-12-15,543.4081832924
2016-12-16,543.4081832924
2016-12-19,543.4081832924
2016-12-20,543.4081832924
2016-12-21,543.4081832924
2016-12-22,543.4081832924
2016-12-23,543.4081832924
2016-12-26,543.4081832924
2016-12-27,543.4081832924
2016-12-28,543.4081832924
2016-12-29,543.4081832924
2016-12-30,543.4081832924
2017-01-03,543.4081832924
2017-01-04,543.4081832924
2017-01-05,543.4081832924
2017-01-06,543.4081832924
2017-01-09,543.4081832924
2017-01-10,543.4081832924
2017-01-11,543.4081832924
2017-01-12,543.4081832924
2017-01-13,543.4081832924
2017-01-16,540.8713883336
2017-01-17,542.0730280509
2017-01-18,547.4136490170
2017-01-19,547.4136490170
2017-01-20,547.4136490170
2017-01-23,547.4136490170
2017-01-24,547.4136490170
2017-01-25,547.1466179687
2017-01-26,547.1466179687
2017-02-03,547.1466179687
2017-02-06,547.1466179687
2017-02-07,547.1466179687
2017-02-08,547.1466179687
2017-02-09,540.7378728094
2017-02-10,543.4081832924
2017-02-13,543.4081832924
2017-02-14,543.4081832924
2017-02-15,534.0620966019
2017-02-16,534.0620966019
2017-02-17,534.0620966019
2017-02-20,555.4245804660
2017-02-21,555.5580959901
2017-02-22,566.1058223980
2017-02-23,566.1058223980
2017-02-24,568.6426173569
2017-02-27,545.9449782513
2017-02-28,567.4409776395
2017-03-01,593.3429893247
2017-03-02,593.3429893247
2017-03-03,593.3429893247
2017-03-06,593.3429893247
2017-03-07,593.3429893247
2017-03-08,593.3429893247
2017-03-09,593.3429893247
2017-03-10,593.3429893247
2017-03-13,593.3429893247
2017-03-14,570.7463889942
2017-03-15,593.3429893247
2017-03-16,569.7258973663
2017-03-17,569.7258973663
2017-03-20,569.7258973663
2017-03-21,569.7258973663
2017-03-22,569.7258973663
2017-03-23,569.7258973663
2017-03-24,569.7258973663
2017-03-27,569.7258973663
2017-03-28,569.7258973663
2017-03-29,569.7258973663
2017-03-30,569.7258973663
2017-03-31,569.7258973663
2017-04-05,569.7258973663
2017-04-06,569.7258973663
2017-04-07,569.7258973663
2017-04-10,569.7258973663
2017-04-11,569.7258973663
2017-04-12,569.7258973663
2017-04-13,569.7258973663
2017-04-14,569.7258973663
2017-04-17,569.7258973663
2017-04-18,569.7258973663
2017-04-19,569.7258973663
2017-04-20,569.7258973663
2017-04-21,569.7258973663
2017-04-24,569.7258973663
2017-04-25,569.7258973663
2017-04-26,569.7258973663
2017-04-27,569.7258973663
2017-04-28,569.7258973663
2017-05-02,569.7258973663
2017-05-03,569.7258973663
2017-05-04,569.7258973663
2017-05-05,569.7258973663
2017-05-08,569.7258973663
2017-05-09,569.7258973663
2017-05-10,569.7258973663
2017-05-11,567.8110998829
2017-05-12,567.8110998829
2017-05-15,567.8110998829
2017-05-16,567.8110998829
2017-05-17,567.8110998829
2017-05-18,567.8110998829
2017-05-19,567.8110998829
2017-05-22,567.8110998829
2017-05-23,567.8110998829
2017-05-24,567.8110998829
2017-05-25,567.8110998829
2017-05-26,567.8110998829
2017-05-31,567.8110998829
2017-06-01,567.8110998829
2017-06-02,567.8110998829
2017-06-05,567.8110998829
2017-06-06,567.8110998829
2017-06-07,567.8110998829
2017-06-08,567.8110998829
2017-06-09,567.8110998829
2017-06-12,567.8110998829
2017-06-13,567.8110998829
2017-06-14,567.8110998829
2017-06-15,567.8110998829
2017-06-16,567.8110998829
2017-06-19,567.8110998829
2017-06-20,567.8110998829
2017-06-21,567.8110998829
2017-06-22,567.8110998829
2017-06-23,567.8110998829
2017-06-26,567.8110998829
2017-06-27,567.8110998829
2017-06-28,567.8110998829
2017-06-29,567.8110998829
2017-06-30,567.8110998829
2017-07-03,567.8110998829
2017-07-04,567.8110998829
2017-07-05,567.8110998829
2017-07-06,567.8110998829
2017-07-07,567.8110998829
2017-07-10,567.8110998829
2017-07-11,567.8110998829
2017-07-12,567.8110998829
2017-07-13,567.8110998829
2017-07-14,567.8110998829
2017-07-17,567.8110998829
2017-07-18,567.8110998829
2017-07-19,567.8110998829
2017-07-20,567.8110998829
2017-07-21,567.8110998829
2017-07-24,567.8110998829
2017-07-25,567.8110998829
2017-07-26,567.8110998829
2017-07-27,567.8110998829
2017-07-28,567.8110998829
2017-07-31,567.8110998829
2017-08-01,567.8110998829
2017-08-02,567.8110998829
2017-08-03,567.8110998829
2017-08-04,567.8110998829
2017-08-07,567.8110998829
2017-08-08,567.8110998829
2017-08-09,567.8110998829
2017-08-10,567.8110998829
2017-08-11,567.8110998829
2017-08-14,567.8110998829
2017-08-15,567.8110998829
2017-08-16,567.8110998829
2017-08-17,567.8110998829
2017-08-18,567.8110998829
2017-08-21,567.8110998829
2017-08-22,567.8110998829
2017-08-23,567.8110998829
2017-08-24,567.8110998829
2017-08-25,567.8110998829
2017-08-28,567.8110998829
2017-08-29,567.8110998829
2017-08-30,567.8110998829
2017-08-31,567.8110998829
2017-09-01,567.8110998829
2017-09-04,567.8110998829
2017-09-05,567.8110998829
2017-09-06,567.8110998829
2017-09-07,567.8110998829
2017-09-08,567.8110998829
2017-09-11,567.8110998829
2017-09-12,567.8110998829
2017-09-13,567.8110998829
2017-09-14,567.8110998829
2017-09-15,567.8110998829
2017-09-18,567.8110998829
2017-09-19,567.8110998829
2017-09-20,567.8110998829
2017-09-21,567.8110998829
2017-09-22,567.8110998829
2017-09-25,567.8110998829
2017-09-26,567.8110998829
2017-09-27,567.8110998829
2017-09-28,567.8110998829
2017-09-29,567.8110998829
2017-10-09,567.8110998829
2017-10-10,567.8110998829
2017-10-11,567.8110998829
2017-10-12,567.8110998829
2017-10-13,567.8110998829
2017-10-16,567.8110998829
2017-10-17,567.8110998829
2017-10-18,567.8110998829
2017-10-19,567.8110998829
2017-10-20,567.8110998829
2017-10-23,567.8110998829
2017-10-24,567.8110998829
2017-10-25,567.8110998829
2017-10-26,567.8110998829
2017-10-27,567.8110998829
2017-10-30,567.8110998829
2017-10-31,567.8110998829
2017-11-01,567.8110998829
2017-11-02,567.8110998829
2017-11-03,567.8110998829
2017-11-06,567.8110998829
2017-11-07,567.8110998829
2017-11-08,567.8110998829
2017-11-09,576.2858924185
2017-11-10,576.4553882692
2017-11-13,576.4553882692
2017-11-14,577.1333716721
2017-11-15,584.7606849541
2017-11-16,584.7606849541
2017-11-17,584.7606849541
2017-11-20,584.7606849541
2017-11-21,584.7606849541
2017-11-22,584.7606849541
2017-11-23,584.7606849541
2017-11-24,584.7606849541
2017-11-27,584.7606849541
2017-11-28,584.7606849541
2017-11-29,584.7606849541
2017-11-30,584.7606849541
2017-12-01,584.7606849541
2017-12-04,584.7606849541
2017-12-05,584.7606849541
2017-12-06,584.7606849541
2017-12-07,584.7606849541
2017-12-08,584.7606849541
2017-12-11,584.7606849541
2017-12-12,584.7606849541
2017-12-13,584.7606849541
2017-12-14,584.7606849541
2017-12-15,584.7606849541
2017-12-18,584.7606849541
2017-12-19,584.7606849541
2017-12-20,584.7606849541
2017-12-21,584.7606849541
2017-12-22,584.7606849541
2017-12-25,584.7606849541
2017-12-26,584.7606849541
2017-12-27,584.7606849541
2017-12-28,584.7606849541
2017-12-29,584.7606849541
2018-01-02,584.7606849541
2018-01-03,584.7606849541
2018-01-04,584.7606849541
2018-01-05,584.7606849541
2018-01-08,584.7606849541
2018-01-09,584.7606849541
2018-01-10,584.7606849541
2018-01-11,584.7606849541
2018-01-12,584.7606849541
2018-01-15,584.7606849541
2018-01-16,583.0203257727
2018-01-17,574.3185298656
2018-01-18,574.3185298656
2018-01-19,574.3185298656
2018-01-22,556.3928302971
2018-01-23,556.3928302971
2018-01-24,556.3928302971
2018-01-25,556.3928302971
2018-01-26,556.3928302971
2018-01-29,556.3928302971
2018-01-30,556.3928302971
2018-01-31,556.3928302971
2018-02-01,556.3928302971
2018-02-02,556.3928302971
2018-02-05,556.3928302971
2018-02-06,556.3928302971
2018-02-07,556.3928302971
2018-02-08,556.3928302971
2018-02-09,556.3928302971
2018-02-12,556.3928302971
2018-02-13,556.3928302971
2018-02-14,556.3928302971
2018-02-22,556.3928302971
2018-02-23,556.3928302971
2018-02-26,539.6853821555
2018-02-27,540.0334539918
2018-02-28,532.7239454299
2018-03-01,535.8565919564
2018-03-02,535.8565919564
2018-03-05,535.8565919564
2018-03-06,535.8565919564
2018-03-07,535.8565919564
2018-03-08,535.8565919564
2018-03-09,535.2177167350
2018-03-12,536.6551859832
2018-03-13,541.4467501438
2018-03-14,548.3146587739
2018-03-15,542.0856253652
2018-03-16,545.7591578883
2018-03-19,544.1619698347
2018-03-20,539.8495620902
2018-03-21,539.3704056742
2018-03-22,539.3704056742
2018-03-23,541.2870313384
2018-03-26,544.4814074454
2018-03-27,549.5924092167
2018-03-28,547.3563459418
2018-03-29,545.7591578883
2018-03-30,546.2383143043
2018-04-02,547.6757835525
2018-04-03,555.6617238201
2018-04-04,559.6546939539
2018-04-09,568.2795094429
2018-04-10,561.8907572288
2018-04-11,547.9952211632
2018-04-12,542.7245005866
2018-04-13,541.1273125330
2018-04-16,541.7661877545
2018-04-17,534.0996850976
2018-04-18,537.1343423992
2018-04-19,534.8982791243
2018-04-20,533.4608098761
2018-04-23,535.0579979297
2018-04-24,535.0579979297
2018-04-25,533.9399662922
2018-04-26,540.0092808956
2018-04-27,529.3081209370
2018-05-02,524.3568379711
2018-05-03,515.7320224821
2018-05-04,539.5301244795
2018-05-07,539.5301244795
2018-05-08,519.2458361998
2018-05-09,548.7938151900
2018-05-10,527.6740532060
2018-05-11,539.8339161664
2018-05-14,535.1939684578
2018-05-15,530.5540207492
2018-05-16,530.5540207492
2018-05-17,530.5540207492
2018-05-18,530.5540207492
2018-05-21,530.5540207492
2018-05-22,530.5540207492
2018-05-23,530.5540207492
2018-05-24,530.5540207492
2018-05-25,530.5540207492
2018-05-28,530.5540207492
2018-05-29,530.5540207492
2018-05-30,530.5540207492
2018-05-31,530.5540207492
2018-06-01,530.5540207492
2018-06-04,530.5540207492
2018-06-05,530.5540207492
2018-06-06,530.5540207492
2018-06-07,530.5540207492
2018-06-08,530.5540207492
2018-06-11,530.5540207492
2018-06-12,534.3769350591
2018-06-13,536.3714990469
2018-06-14,520.2487734790
2018-06-15,508.1151758867
2018-06-19,514.9299361783
2018-06-20,503.6274069142
2018-06-21,503.1287659173
2018-06-22,499.1396379417
2018-06-25,496.4802192913
2018-06-26,496.4802192913
2018-06-27,488.0033223433
2018-06-28,466.7279731403
2018-06-29,432.9865990137
2018-07-02,404.3978485222
2018-07-03,428.4988300412
2018-07-04,415.5341641206
2018-07-05,440.4662139679
2018-07-06,444.4553419434
2018-07-09,442.2330652337
2018-07-10,426.5382359713
2018-07-11,424.8715284391
2018-07-12,445.9831571814
2018-07-13,423.7603900842
2018-07-16,423.7603900842
2018-07-17,423.7603900842
2018-07-18,423.7603900842
2018-07-19,423.7603900842
2018-07-20,423.7603900842
2018-07-23,423.7603900842
2018-07-24,423.7603900842
2018-07-25,423.7603900842
2018-07-26,423.7603900842
2018-07-27,423.7603900842
2018-07-30,423.7603900842
2018-07-31,423.7603900842
2018-08-01,423.7603900842
2018-08-02,423.7603900842
2018-08-03,423.7603900842
2018-08-06,423.7603900842
2018-08-07,423.7603900842
2018-08-08,423.7603900842
2018-08-09,429.5071406573
2018-08-10,426.8836240913
2018-08-13,419.1380037537
2018-08-14,422.2612377608
2018-08-15,424.3850368856
2018-08-16,419.0130743934
2018-08-17,418.5133569523
2018-08-20,418.1385688714
2018-08-21,417.2640633494
2018-08-22,417.6388514303
2018-08-23,416.7643459083
2018-08-24,412.2668889380
2018-08-27,405.5207034827
2018-08-28,405.2708447621
2018-08-29,407.6445026075
2018-08-30,410.5178778941
2018-08-31,415.5150523054
2018-09-03,382.2838424698
2018-09-04,382.2838424698
2018-09-05,382.2838424698
2018-09-06,382.2838424698
2018-09-07,360.2962750598
2018-09-10,360.2962750598
2018-09-11,360.2962750598
2018-09-12,360.2962750598
2018-09-13,360.2962750598
2018-09-14,360.2962750598
2018-09-17,360.2962750598
2018-09-18,360.2962750598
2018-09-19,360.2962750598
2018-09-20,360.2962750598
2018-09-21,360.2962750598
2018-09-25,360.2962750598
2018-09-26,360.2962750598
2018-09-27,360.2962750598
2018-09-28,360.2962750598
2018-10-08,360.2962750598
2018-10-09,360.2962750598
2018-10-10,360.2962750598
2018-10-11,360.2962750598
2018-10-12,360.2962750598
2018-10-15,360.2962750598
2018-10-16,365.8362507334
2018-10-17,365.8362507334
2018-10-18,358.9112811414
2018-10-19,359.9005625117
2018-10-22,361.2855564301
2018-10-23,365.5394663223
2018-10-24,359.8016343747
2018-10-25,366.3308914186
2018-10-26,366.3308914186
2018-10-29,369.0019511184
2018-10-30,366.7266039667
2018-10-31,369.7933762146
2018-11-01,369.7933762146
2018-11-02,369.7933762146
2018-11-05,369.7933762146
2018-11-06,369.7933762146
2018-11-07,369.7933762146
2018-11-08,369.7933762146
2018-11-09,369.7933762146
2018-11-12,369.7933762146
2018-11-13,369.7933762146
2018-11-14,369.7933762146
2018-11-15,387.9995949138
2018-11-16,383.7478432415
2018-11-19,387.7815563665
2018-11-20,387.7815563665
2018-11-21,387.7815563665
2018-11-22,387.7815563665
2018-11-23,387.7815563665
2018-11-26,387.7815563665
2018-11-27,387.7815563665
2018-11-28,387.7815563665
2018-11-29,387.7815563665
2018-11-30,387.7815563665
2018-12-03,387.7815563665
2018-12-04,387.7815563665
2018-12-05,387.7815563665
2018-12-06,387.7815563665
2018-12-07,387.7815563665
2018-12-10,384.4849247475
2018-12-11,384.8512171497
2018-12-12,381.3103905959
2018-12-13,376.6706868359
2018-12-14,375.8160045643
2018-12-17,377.4032716401
2018-12-18,378.2579539117
2018-12-19,380.2115133896
2018-12-20,376.7927843032
2018-12-21,370.3216185326
2018-12-24,366.7807919789
2018-12-25,359.4549439367
2018-12-26,350.6639262861
2018-12-27,348.9545617429
2018-12-28,341.2624212986
2019-01-02,329.5410644311
2019-01-03,349.1987566777
2019-01-04,350.6639262861
2019-01-07,371.4204957390
2019-01-08,355.0594351114
2019-01-09,369.5890337284
2019-01-10,369.5890337284
2019-01-11,372.3364635202
2019-01-14,372.3364635202
2019-01-15,372.3364635202
2019-01-16,372.3364635202
2019-01-17,353.8211757930
2019-01-18,345.1010725409
2019-01-21,345.1010725409
2019-01-22,345.1010725409
2019-01-23,345.1010725409
2019-01-24,345.1010725409
2019-01-25,345.1010725409
2019-01-28,345.1010725409
2019-01-29,345.1010725409
2019-01-30,345.1010725409
2019-01-31,345.1010725409
2019-02-01,345.1010725409
2019-02-11,345.1010725409
2019-02-12,345.1010725409
2019-02-13,345.1010725409
2019-02-14,345.1010725409
2019-02-15,345.1010725409
2019-02-18,345.1010725409
2019-02-19,345.1010725409
2019-02-20,345.1010725409
2019-02-21,345.1010725409
2019-02-22,345.1010725409
2019-02-25,340.3290172376
2019-02-26,340.3290172376
2019-02-27,340.3290172376
2019-02-28,325.7800681423
2019-03-01,325.7800681423
2019-03-04,325.7800681423
2019-03-05,325.7800681423
2019-03-06,325.7800681423
2019-03-07,325.7800681423
2019-03-08,325.7800681423
2019-03-11,325.7800681423
2019-03-12,325.7800681423
2019-03-13,341.9937935386
2019-03-14,341.9937935386
2019-03-15,341.9937935386
2019-03-18,341.9937935386
2019-03-19,355.6596478013
2019-03-20,355.6596478013
2019-03-21,355.6596478013
2019-03-22,355.6596478013
2019-03-25,355.6596478013
2019-03-26,355.6596478013
2019-03-27,355.6596478013
2019-03-28,355.6596478013
2019-03-29,355.6596478013
2019-04-01,355.6596478013
2019-04-02,355.6596478013
2019-04-03,355.6596478013
2019-04-04,355.6596478013
2019-04-08,355.6596478013
2019-04-09,355.6596478013
2019-04-10,354.0206632492
2019-04-11,351.3730728189
2019-04-12,347.4647250409
2019-04-15,348.2211794495
2019-04-16,348.2211794495
2019-04-17,346.5821948974
2019-04-18,345.5735890192
2019-04-19,342.4216956499
2019-04-22,337.5047419936
2019-04-23,337.3786662588
2019-04-24,338.5133478718
2019-04-25,340.9087868325
2019-04-26,339.2698022805
2019-04-29,338.5133478718
2019-04-30,337.6308177284
2019-05-06,333.5963942156
2019-05-07,344.9432103454
2019-05-08,351.1209213494
2019-05-09,358.5593897011
2019-05-10,371.7973418525
2019-05-13,369.7122533598
2019-05-14,369.0606632059
2019-05-15,370.2335254830
2019-05-16,373.3611582220
2019-05-17,375.5765647455
2019-05-20,377.1403811150
2019-05-21,379.7467417309
2019-05-22,386.6535973629
2019-05-23,387.5658235785
2019-05-24,387.0445514553
2019-05-27,397.3396758879
2019-05-28,403.2039872736
2019-05-29,402.4220790889
2019-05-30,403.0736692428
2019-05-31,397.7306299803
2019-06-03,377.7919712690
2019-06-04,386.6535973629
2019-06-05,403.9858954584
2019-06-06,403.9858954584
2019-06-10,403.9858954584
2019-06-11,403.9858954584
2019-06-12,405.3069742532
2019-06-13,415.6113888529
2019-06-14,417.9893306836
2019-06-17,423.8020773808
2019-06-18,425.1231561756
2019-06-19,419.8388409963
2019-06-20,418.1214385630
2019-06-21,422.8773222244
2019-06-24,419.1783015989
2019-06-25,418.6498700810
2019-06-26,420.6314882732
2019-06-27,421.1599197912
2019-06-28,435.5596786548
2019-07-01,465.1518436589
2019-07-02,465.0197357794
2019-07-03,459.7354206001
2019-07-04,459.7354206001
2019-07-05,433.3138447036
2019-07-08,433.0261197071
2019-07-09,426.9838947809
2019-07-10,427.2716197774
2019-07-11,430.2927322405
2019-07-12,431.7313572229
2019-07-15,439.4999321280
2019-07-16,436.6226821631
2019-07-17,435.1840571807
2019-07-18,435.3279196790
2019-07-19,442.2333195945
2019-07-22,431.7313572229
2019-07-23,441.5140071033
2019-07-24,442.2333195945
2019-07-25,450.0018944996
2019-07-26,442.3771820928
2019-07-29,429.2856947528
2019-07-30,405.9799700377
2019-07-31,405.9799700377
2019-08-01,401.6640950904
2019-08-02,415.7626199181
2019-08-05,415.7626199181
2019-08-06,440.6508321139
2019-08-07,440.6508321139
2019-08-08,440.6508321139
2019-08-09,444.8355503676
2019-08-12,445.1145315845
2019-08-13,448.3228155790
2019-08-14,442.6037006323
2019-08-15,439.9533790716
2019-08-16,443.3011536746
2019-08-19,447.3463813198
2019-08-20,446.3699470606
2019-08-21,449.9967028805
2019-08-22,451.9495713989
2019-08-23,448.7412874044
2019-08-26,460.0400266893
2019-08-27,457.2502145202
2019-08-28,456.9712333033
2019-08-29,460.0400266893
2019-08-30,463.8062731177
2019-09-02,496.1680942796
2019-09-03,537.7362955996
2019-09-04,542.3394856786
2019-09-05,542.3394856786
2019-09-06,542.3394856786
2019-09-09,542.3394856786
2019-09-10,544.0133729801
2019-09-11,541.2907536596
2019-09-12,539.5891165843
2019-09-16,540.9504262445
2019-09-17,540.4399351219
2019-09-18,542.9923907349
2019-09-19,540.9504262445
2019-09-20,536.0156787261
2019-09-23,540.2697714144
2019-09-24,535.3350238960
2019-09-25,536.3560061412
2019-09-26,531.2510949152
2019-09-27,524.4445466139
2019-09-30,523.2534006612
2019-10-08,528.5284755947
2019-10-09,528.5284755947
2019-10-10,528.5284755947
2019-10-11,536.0156787261
2019-10-14,536.0156787261
2019-10-15,536.0156787261
2019-10-16,532.7413007253
2019-10-17,533.0687385254
2019-10-18,540.7635268272
2019-10-21,544.6927804281
2019-10-22,548.4583151290
2019-10-23,553.0424443301
2019-10-24,550.2592230295
2019-10-25,550.9140986296
2019-10-28,550.9140986296
2019-10-29,546.8211261286
2019-10-30,551.8964120298
2019-10-31,555.9893845308
2019-11-01,594.7907638399
2019-11-04,638.5037101502
2019-11-05,638.5037101502
2019-11-06,638.5037101502
2019-11-07,638.5037101502
2019-11-08,638.5037101502
2019-11-11,643.0154107135
2019-11-12,639.4845146205
2019-11-13,639.6806755145
2019-11-14,639.8768364086
2019-11-15,638.6998710443
2019-11-18,636.3459403156
2019-11-19,624.3801257782
2019-11-20,629.0879872356
2019-11-21,631.6380788583
2019-11-22,625.3609302485
2019-11-25,625.3609302485
2019-11-26,632.4227224345
2019-11-27,632.0304006464
2019-11-28,647.9194330649
2019-11-29,625.9494129307
2019-12-02,586.3249123315
2019-12-03,619.2799425328
2019-12-04,624.7724475663
2019-12-05,624.7724475663
2019-12-06,624.7724475663
2019-12-09,624.5759164410
2019-12-10,623.2001985633
2019-12-11,618.8765138051
2019-12-12,619.0730449305
2019-12-13,616.9112025513
2019-12-16,625.5585720678
2019-12-17,646.1943402322
2019-12-18,647.1769958591
2019-12-19,641.8706554739
2019-12-20,644.2290289784
2019-12-23,641.8706554739
2019-12-24,643.0498422262
2019-12-25,642.2637177247
2019-12-26,643.4429044769
2019-12-27,660.3445812592
2019-12-30,701.2230553371
2019-12-31,728.1478195135
2020-01-02,727.9512883881
2020-01-03,684.3213785549
2020-01-06,684.3213785549
2020-01-07,684.3213785549
2020-01-08,684.3213785549
2020-01-09,684.3213785549
2020-01-10,677.0753720551
2020-01-13,681.7639644961
2020-01-14,665.5670087907
2020-01-15,674.0917223199
2020-01-16,683.2557893637
2020-01-17,694.5510347899
2020-01-20,692.8460920841
2020-01-21,681.5508466579
2020-01-22,674.0917223199
2020-01-23,653.4192920116
2020-02-03,629.3369762917
2020-02-04,623.3696768213
2020-02-05,623.3696768213
2020-02-06,623.3696768213
2020-02-07,623.3696768213
2020-02-10,641.3185287258
2020-02-11,636.2767163931
2020-02-12,626.9997817008
2020-02-13,620.9496069015
2020-02-14,616.9161570353
2020-02-17,611.8743447026
2020-02-18,612.0760171959
2020-02-19,615.7061220755
2020-02-20,610.6643097427
2020-02-21,608.6475848096
2020-02-24,604.2107899568
2020-02-25,597.1522526910
2020-02-26,595.3372002512
2020-02-27,596.9505801976
2020-02-28,590.2953879184
2020-03-02,604.6141349434
2020-03-03,604.6141349434
2020-03-04,604.6141349434
2020-03-05,605.0174799300
2020-03-06,605.0174799300
2020-03-09,584.4779939601
2020-03-10,579.4926818315
2020-03-11,581.6862191681
2020-03-12,580.8885692275
2020-03-13,566.1320453268
2020-03-16,586.8709437818
2020-03-17,589.8621310590
2020-03-18,594.2492057322
2020-03-19,597.0409805242
2020-03-20,606.0145423558
2020-03-23,627.3516782663
2020-03-24,634.5305277315
2020-03-25,636.3252400978
2020-03-26,634.7299402167
2020-03-27,631.9381654246
2020-03-30,642.7064396225
2020-03-31,642.7064396225
2020-04-01,642.7064396225
2020-04-02,642.7064396225
2020-04-03,642.7064396225
2020-04-07,605.2168924152
2020-04-08,605.2168924152
2020-04-09,605.2168924152
2020-04-10,612.0258256310
2020-04-13,617.2784312547
2020-04-14,599.3806639445
2020-04-15,598.4079591993
2020-04-16,597.2407135052
2020-04-17,595.1007630659
2020-04-20,590.4317802893
2020-04-21,574.8685043674
2020-04-22,577.9811595518
2020-04-23,582.6501423283
2020-04-24,583.8173880225
2020-04-27,587.3191251049
2020-04-28,596.0734678110
2020-04-29,576.8139138576
2020-04-30,552.8853771276
2020-05-06,517.6734653542
2020-05-07,553.8580818727
2020-05-08,564.1687521710
2020-05-11,564.1687521710
2020-05-12,564.1687521710
2020-05-13,564.1687521710
2020-05-14,557.9110745040
2020-05-15,556.3466550872
2020-05-18,564.3643045981
2020-05-19,570.4264298381
2020-05-20,581.3773657554
2020-05-21,578.0529744948
2020-05-22,574.9241356613
2020-05-25,575.9018977968
2020-05-26,578.8351842032
2020-05-27,573.7508210987
2020-05-28,569.8397725568
2020-05-29,569.6442201297
2020-06-01,583.5284424535
2020-06-02,591.7416443915
2020-06-03,603.8658948714
2020-06-04,576.8796599322
2020-06-05,605.8214191424
2020-06-08,602.8213130720
2020-06-09,601.8212777152
2020-06-10,601.6212706439
2020-06-11,596.8211009313
2020-06-12,595.8210655745
2020-06-15,598.8211716449
2020-06-16,591.6209170760
2020-06-17,588.2207968629
2020-06-18,586.8207473634
2020-06-19,592.0209312187
2020-06-22,594.4210160750
2020-06-23,591.4209100046
2020-06-24,588.8208180770
2020-06-29,584.0206483644
2020-06-30,584.6206695785
2020-07-01,597.4211221454
2020-07-02,597.4211221454
2020-07-03,597.4211221454
2020-07-06,597.4211221454
2020-07-07,580.0205069373
2020-07-08,591.6209170760
2020-07-09,595.9434333062
2020-07-10,602.7091108840
2020-07-13,599.1383366068
2020-07-14,596.6951752593
2020-07-15,600.2659495365
2020-07-16,600.6418205130
2020-07-17,607.7833690673
2020-07-20,616.8042725043
2020-07-21,619.6233048283
2020-07-22,616.0525305512
2020-07-23,626.7648533826
2020-07-24,629.0200792419
2020-07-27,637.6651117023
2020-07-28,629.0200792419
2020-07-29,619.6233048283
2020-07-30,615.4887240864
2020-07-31,616.2404660395
2020-08-03,638.9806601202
2020-08-04,638.9806601202
2020-08-05,638.9806601202
2020-08-06,638.9806601202
2020-08-07,638.9806601202
2020-08-10,630.2540653689
2020-08-11,631.6115356636
2020-08-12,633.3568546138
2020-08-13,640.1442060870
2020-08-14,647.9011791993
2020-08-17,647.7072548715
2020-08-18,650.8100441164
2020-08-19,640.7259790705
2020-08-20,636.6535681865
2020-08-21,619.9760759952
2020-08-24,616.8732867503
2020-08-25,623.0788652401
2020-08-26,626.3755788128
2020-08-27,627.5391247797
2020-08-28,633.3568546138
2020-08-31,627.1512761240
2020-09-01,667.4875363077
2020-09-02,661.4758821457
2020-09-03,660.1184118510
2020-09-04,706.2724018688
2020-09-07,658.1791685730
2020-09-08,678.7351473204
2020-09-09,668.0326148942
2020-09-10,669.5893468835
2020-09-11,669.5893468835
2020-09-14,689.0484967493
2020-09-15,693.1349182211
2020-09-16,683.7945262855
2020-09-17,692.5511437251
2020-09-18,699.5564376768
2020-09-21,713.1778425829
2020-09-22,708.7022381138
2020-09-23,708.8968296124
2020-09-24,710.2589701031
2020-09-25,703.0590846527
2020-09-28,701.5023526634
2020-09-29,700.9185781675
2020-09-30,735.3612734300
2020-10-09,809.8898174161
2020-10-12,797.8251444993
2020-10-13,797.8251444993
2020-10-14,797.8251444993
2020-10-15,797.8251444993
2020-10-16,797.8251444993
2020-10-19,799.3207995640
2020-10-20,799.1071345548
2020-10-21,800.3891246102
2020-10-22,795.4748293977
2020-10-23,790.7741991944
2020-10-26,799.7481295825
2020-10-27,806.3717448689
2020-10-28,794.8338343700
2020-10-29,779.2362886955
2020-10-30,764.9207330765
2020-11-02,777.7406336308
2020-11-03,777.7406336308
2020-11-04,777.7406336308
2020-11-05,777.7406336308
2020-11-06,777.7406336308
2020-11-09,765.3128193821
2020-11-10,754.2881454518
2020-11-11,770.5244834219
2020-11-12,773.3307640587
2020-11-13,761.1033984269
2020-11-16,756.8939774717
2020-11-17,757.4953233224
2020-11-18,762.1056415115
2020-11-19,770.3240348050
2020-11-20,765.7137166159
2020-11-23,775.1348016109
2020-11-24,756.4930802378
2020-11-25,750.0787244965
2020-11-26,753.4863509841
2020-11-27,754.6890426856
2020-11-30,792.3733826656
2020-12-01,787.5626158597
2020-12-02,787.5626158597
2020-12-03,787.5626158597
2020-12-04,787.5626158597
2020-12-07,787.5626158597
2020-12-08,787.5626158597
2020-12-09,786.5105685502
2020-12-10,793.6644902545
2020-12-11,794.0853091783
2020-12-14,789.4563010167
2020-12-15,781.4607414648
2020-12-16,789.0354820929
2020-12-17,789.2458915548
2020-12-18,794.2957186402
2020-12-21,828.3820514666
2020-12-22,847.7397219606
2020-12-23,843.1107137990
2020-12-24,845.6356273417
2020-12-25,846.8980841131
2020-12-28,868.5702586879
2020-12-29,878.8803223206
2020-12-30,892.7673468054
2020-12-31,935.0596486456
2021-01-04,935.0596486456
2021-01-05,958.2046894536
2021-01-06,958.2046894536
2021-01-07,958.2046894536
2021-01-08,968.0939341625
2021-01-11,1022.2067318976
2021-01-12,1021.0651116922
2021-01-13,1027.6865088834
2021-01-14,1005.5390768990
2021-01-15,997.5477354614
2021-01-18,989.5563940237
2021-01-19,987.2731536129
2021-01-20,972.2037669019
2021-01-21,956.9060561498
2021-01-22,953.7095195747
2021-01-25,924.7123663581
2021-01-26,925.6256625224
2021-01-27,941.8366694388
2021-01-28,948.9147147121
2021-01-29,941.6083453977
2021-02-01,967.6372860804
2021-02-02,946.6314743014
2021-02-03,946.6314743014
2021-02-04,946.6314743014
2021-02-05,946.6314743014
2021-02-08,946.6314743014
2021-02-09,946.6314743014
2021-02-10,946.6314743014
2021-02-18,975.1841637815
2021-02-19,978.4787048753
2021-02-22,1003.5172171886
2021-02-23,977.6001605836
2021-02-24,965.9594487187
2021-02-25,970.1325341042
2021-02-26,993.8532299800
2021-03-01,1041.9535299503
2021-03-02,1042.8320742420
2021-03-03,1042.8320742420
2021-03-04,1042.8320742420
2021-03-05,1042.8320742420
2021-03-08,1065.2022739177
2021-03-09,1057.5868867940
2021-03-10,1032.5988977946
2021-03-11,994.9979238717
2021-03-12,993.8080196336
2021-03-15,982.8609006434
2021-03-16,997.6157131954
2021-03-17,1003.0892726906
2021-03-18,999.5195599764
2021-03-19,990.9522494623
2021-03-22,999.9955216716
2021-03-23,1026.4113957567
2021-03-24,1026.1734149091
2021-03-25,1022.1277404996
2021-03-26,1011.6565832046
2021-03-29,1009.9907172713
2021-03-30,1025.4594723662
2021-03-31,1026.4113957567
2021-04-01,1005.2311003191
2021-04-02,1005.2311003191
2021-04-06,1005.2311003191
2021-04-07,1005.2311003191
2021-04-08,1082.8128566410
2021-04-09,996.1878281098
2021-04-12,978.9619791580
2021-04-13,963.4344533424
2021-04-14,969.7425107050
2021-04-15,978.7193615672
2021-04-16,991.0928587015
2021-04-19,996.6730632915
2021-04-20,996.4304457006
2021-04-21,1008.8039428350
2021-04-22,1015.3546177884
2021-04-23,1025.7871741958
2021-04-26,1024.5740862415
2021-04-27,1019.4791168332
2021-04-28,1001.5254151089
2021-04-29,994.4895049737
2021-04-30,982.8438606119
2021-05-06,1010.9875011528
2021-05-07,1015.5972353793
2021-05-10,1071.3992812793
2021-05-11,1071.3992812793
2021-05-12,1071.3992812793
2021-05-13,1067.5173998254
2021-05-14,1036.7189650735
2021-05-17,1034.7789061915
2021-05-18,1041.5691122785
2021-05-19,1035.0214135517
2021-05-20,1014.4082879304
2021-05-21,1013.9232732099
2021-05-24,1005.6780229613
2021-05-25,1019.9859572162
2021-05-26,1025.0786117814
2021-05-27,1023.8660749802
2021-05-28,1027.7461927442
2021-05-31,1027.7461927442
2021-06-01,1024.3510897007
2021-06-02,1029.4437442659
2021-06-03,1051.5119140488
2021-06-04,1047.3892889245
2021-06-07,1047.3892889245
2021-06-08,1047.3892889245
2021-06-09,1047.3892889245
2021-06-10,1037.5332042686
2021-06-11,1042.3410504422
2021-06-15,982.9641501979
2021-06-16,975.5119886288
2021-06-17,961.8096270340
2021-06-18,942.5782423395
2021-06-21,956.7613885517
2021-06-22,965.8962962816
2021-06-23,960.8480577992
2021-06-24,959.8864885645
2021-06-25,950.7515808346
2021-06-28,955.7998193169
2021-06-29,965.1751193555
2021-06-30,960.1268808732
2021-07-01,960.1268808732
2021-07-02,960.1268808732
2021-07-05,960.1268808732
2021-07-06,960.1268808732
2021-07-07,960.1268808732
2021-07-08,960.1268808732
2021-07-09,960.3527399372
2021-07-12,969.6129615593
2021-07-13,977.2921697338
2021-07-14,977.0663106698
2021-07-15,984.2938007164
2021-07-16,987.2299685478
2021-07-19,1007.1055661759
2021-07-20,997.3936264258
2021-07-21,997.8453445537
2021-07-22,992.1988679548
2021-07-23,972.5491293907
2021-07-26,964.1923440244
2021-07-27,980.0024785013
2021-07-28,986.1006732280
2021-07-29,986.3265322920
2021-07-30,1011.6227474550
2021-08-02,1011.6227474550
2021-08-03,1011.6227474550
2021-08-04,1011.6227474550
2021-08-05,1011.6227474550
2021-08-06,1011.6227474550
2021-08-09,1021.6249958202
2021-08-10,1028.6033086332
2021-08-11,1035.3490110191
2021-08-12,1035.1164005920
2021-08-13,1032.7902963210
2021-08-16,1054.8882868954
2021-08-17,1055.3535077496
2021-08-18,1038.3729465714
2021-08-19,1027.2076460706
2021-08-20,1021.6249958202
2021-08-23,1018.6010602680
2021-08-24,1020.2293332576
2021-08-25,1030.2315816229
2021-08-26,1035.1164005920
2021-08-27,1026.0445939351
2021-08-30,1013.0184100176
2021-08-31,1024.1837105183
2021-09-01,1072.5666793550
2021-09-02,1059.5404954374
2021-09-03,1059.5404954374
2021-09-06,1059.5404954374
2021-09-07,1070.2405750840
2021-09-08,1070.2405750840
2021-09-09,1071.6494042745
2021-09-10,1067.8925264331
2021-09-13,1078.2239404971
2021-09-14,1073.9974529255
2021-09-15,1070.4753799491
2021-09-16,1079.1631599575
2021-09-17,1081.9808183385
2021-09-22,1067.4229167029
2021-09-23,1075.6410869811
2021-09-24,1081.9808183385
2021-09-27,1076.3455015764
2021-09-28,1061.5527950756
2021-09-29,1055.2130637182
2021-09-30,1045.5860642495
2021-10-08,1076.1106967113
2021-10-11,1052.3954053371
2021-10-12,1052.3954053371
2021-10-13,1052.3954053371
2021-10-14,1052.3954053371
2021-10-15,1052.3954053371
2021-10-18,1066.3109877923
2021-10-19,1071.7357063765
2021-10-20,1065.3675584733
2021-10-21,1091.5477220753
2021-10-22,1066.0751304625
2021-10-25,1068.1978464302
2021-10-26,1068.4337037600
2021-10-27,1079.9907129177
2021-10-28,1052.8671199966
2021-10-29,1018.4319498533
2021-11-01,1031.1682456597
2021-11-02,1031.1682456597
2021-11-03,1040.1308241902
2021-11-04,1040.1308241902
2021-11-05,1040.1308241902
2021-11-08,1015.9182734816
2021-11-09,1018.6926282503
2021-11-10,1024.9979799973
2021-11-11,1043.4096070986
2021-11-12,1049.9671729156
2021-11-15,1052.9937417541
2021-11-16,1061.0645919903
2021-11-17,1058.5424512915
2021-11-18,1071.4053688555
2021-11-19,1082.2505738604
2021-11-22,1073.6752954844
2021-11-23,1091.5824944460
2021-11-24,1087.5470693279
2021-11-25,1090.0692100267
2021-11-26,1085.0249286290
2021-11-29,1087.2948552580
2021-11-30,1108.9852652678
2021-12-01,1134.4588863258
2021-12-02,1134.4588863258
2021-12-03,1134.4588863258
2021-12-06,1134.4588863258
2021-12-07,1134.4588863258
2021-12-08,1134.4588863258
2021-12-09,1157.1371347759
2021-12-10,1157.4103666850
2021-12-13,1152.2189604132
2021-12-14,1131.1801034173
2021-12-15,1130.0871757812
2021-12-16,1145.1149307782
2021-12-17,1156.3174390488
2021-12-20,1148.3937136867
2021-12-21,1145.6613945963
2021-12-22,1160.9623815025
2021-12-23,1183.9138618616
2021-12-24,1188.8320362243
2021-12-27,1194.5699063141
2021-12-28,1182.5477023165
2021-12-29,1167.5199473194
2021-12-30,1144.5684669602
2021-12-31,1129.2674800540
2022-01-04,1114.2397250570
2022-01-05,1161.5088453205
2022-01-06,1161.5088453205
2022-01-07,1144.8416988692
2022-01-10,1174.6239769544
2022-01-11,1174.8972088634
2022-01-12,1169.2718460303
2022-01-13,1174.3614600221
2022-01-14,1167.9324739271
2022-01-17,1159.8962413084
2022-01-18,1169.8075948715
2022-01-19,1169.8075948715
2022-01-20,1196.0592880928
2022-01-21,1197.9344090372
2022-01-24,1204.8991439734
2022-01-25,1178.6474507521
2022-01-26,1175.9687065459
2022-01-27,1214.2747486953
2022-01-28,1254.9916606304
2022-02-07,1352.7658241587
2022-02-08,1352.7658241587
2022-02-09,1352.7658241587
2022-02-10,1352.7658241587
2022-02-11,1352.7658241587
2022-02-14,1367.7632279742
2022-02-15,1342.4039815225
2022-02-16,1331.4967787476
2022-02-17,1345.9488224244
2022-02-18,1380.8518713041
2022-02-21,1389.5776335240
2022-02-22,1416.0276002532
2022-02-23,1419.8451212244
2022-02-24,1479.2893763477
2022-02-25,1526.7357084186
2022-02-28,1477.6532959315
2022-03-01,1593.2696453456
2022-03-02,1619.7196120747
2022-03-03,1614.2660106873
2022-03-04,1623.8098131153
2022-03-07,1642.0793777633
2022-03-08,1642.0793777633
2022-03-09,1689.4950436866
2022-03-10,1663.9155397016
2022-03-11,1686.0636468105
2022-03-14,1650.5018973681
2022-03-15,1644.8868842982
2022-03-16,1633.3449129880
2022-03-17,1654.5571845852
2022-03-18,1650.8138425386
2022-03-21,1612.1326413907
2022-03-22,1638.3360357167
2022-03-23,1654.8691297558
2022-03-24,1681.0725240818
2022-03-25,1683.5680854462
2022-03-28,1673.8977851592
2022-03-29,1626.7940644065
2022-03-30,1605.5817928092
2022-03-31,1551.3033331339
2022-04-01,1549.4316621106
2022-04-06,1549.4316621106
2022-04-07,1549.4316621106
2022-04-08,1545.6883200641
2022-04-11,1545.6883200641
2022-04-12,1537.8896908004
2022-04-13,1547.0492482203
2022-04-14,1557.4300799628
2022-04-15,1568.7268674473
2022-04-18,1572.0853718346
2022-04-19,1598.3427697717
2022-04-20,1612.9980616435
2022-04-21,1627.6533535153
2022-04-22,1627.3480349347
2022-04-25,1623.9895305474
2022-04-26,1576.6651505446
2022-04-27,1590.4044866744
2022-04-28,1594.0683096424
2022-04-29,1613.9140173855
2022-05-05,1733.5989010055
2022-05-06,1728.7138037148
2022-05-09,1728.7138037148
2022-05-10,1728.7138037148
2022-05-11,1728.7138037148
2022-05-12,1728.7138037148
2022-05-13,1765.8686529545
2022-05-16,1809.1033866152
2022-05-17,1813.1566428959
2022-05-18,1812.4811001825
2022-05-19,1794.9169896328
2022-05-20,1804.0368162644
2022-05-23,1815.8588137497
2022-05-24,1783.4327635042
2022-05-25,1783.4327635042
2022-05-26,1788.1615624983
2022-05-27,1822.2764695275
2022-05-30,1852.6758916326
2022-05-31,1857.4046906268
2022-06-01,1869.5644594689
2022-06-02,1867.8756026852
2022-06-06,1874.6310298197
2022-06-07,1874.6310298197
2022-06-08,1891.5195976559
2022-06-09,1908.4081654922
2022-06-10,1907.0445297898
2022-06-13,1882.8399960724
2022-06-14,1850.7945570663
2022-06-15,1847.0445588847
2022-06-16,1836.1354732656
2022-06-17,1836.1354732656
2022-06-20,1816.3627555810
2022-06-21,1772.7264131045
2022-06-22,1752.2718775687
2022-06-23,1689.8855441845
2022-06-24,1650.3401088152
2022-06-27,1644.8855660057
2022-06-28,1670.7946443510
2022-06-29,1684.4310013749
2022-06-30,1681.3628210445
2022-07-01,1612.4992180739
2022-07-04,1654.7719248480
2022-07-05,1642.1582946009
2022-07-06,1598.8628610501
2022-07-07,1598.8628610501
2022-07-08,1598.8628610501
2022-07-11,1602.5827196523
2022-07-12,1621.1820126637
2022-07-13,1596.1575093393
2022-07-14,1646.2065159881
2022-07-15,1648.9118676988
2022-07-18,1661.0859503972
2022-07-19,1718.2365052867
2022-07-20,1695.5791847092
2022-07-21,1697.9463674561
2022-07-22,1694.9028467815
2022-07-25,1708.0914363714
2022-07-26,1721.6181949251
2022-07-27,1769.3000188270
2022-07-28,1787.2229739106
2022-07-29,1702.3425639860
2022-08-01,1702.3425639860
2022-08-02,1702.3425639860
2022-08-03,1702.3425639860
2022-08-04,1702.3425639860
2022-08-05,1702.3425639860
2022-08-08,1707.9354759006
2022-08-09,1722.9664266709
2022-08-10,1736.2495924679
2022-08-11,1736.2495924679
2022-08-12,1750.9309862435
2022-08-15,1741.8425043824
2022-08-16,1720.1699707136
2022-08-17,1731.0062375480
2022-08-18,1730.6566805534
2022-08-19,1733.8026935053
2022-08-22,1750.2318722542
2022-08-23,1801.2671934743
2022-08-24,1820.1432711859
2022-08-25,1832.3777659989
2022-08-26,1833.7759939776
2022-08-29,1811.7539033141
2022-08-30,1807.2096623835
2022-08-31,1826.7848540844
2022-09-01,1849.1565017425
2022-09-02,1849.1565017425
2022-09-05,1849.1565017425
2022-09-06,1849.1565017425
2022-09-07,1849.1565017425
2022-09-08,1849.1565017425
2022-09-09,1849.1565017425
2022-09-13,1931.4610379717
2022-09-14,1931.1016295165
2022-09-15,1905.2242207458
2022-09-16,1889.4102487192
2022-09-19,1890.1290656295
2022-09-20,1885.8161641677
2022-09-21,1910.6153475730
2022-09-22,1947.2750099983
2022-09-23,1954.1037706461
2022-09-26,1958.4166721079
2022-09-27,1977.1059117756
2022-09-28,2001.1862782706
2022-09-29,2068.3956593835
2022-09-30,2075.9432369417
2022-10-10,2096.7889273403
2022-10-11,2084.2096314101
2022-10-12,2084.2096314101
2022-10-13,2080.9749553138
2022-10-14,2080.9749553138
2022-10-17,2066.8629707446
2022-10-18,2040.8100761554
2022-10-19,2014.7571815662
2022-10-20,2020.9085594553
2022-10-21,2017.2901018734
2022-10-24,2001.0070427552
2022-10-25,1965.9080042114
2022-10-26,1972.0593821005
2022-10-27,2002.0925800297
2022-10-28,2014.7571815662
2022-10-31,1963.0132381459
2022-11-01,2079.5275722810
2022-11-02,2045.1522252536
2022-11-03,2045.1522252536
2022-11-04,2045.1522252536
2022-11-07,2045.1522252536
2022-11-08,2045.1522252536
2022-11-09,2027.4752236824
2022-11-10,2045.5365078964
2022-11-11,2037.8508550394
2022-11-14,2029.3966368967
2022-11-15,2004.4182651114
2022-11-16,2015.1781791112
2022-11-17,1994.8111990401
2022-11-18,1984.4355676831
2022-11-21,1969.8328272548
2022-11-22,1975.9813495404
2022-11-23,1975.2127842547
2022-11-24,1985.2041329688
2022-11-25,2028.2437889681
2022-11-28,2031.3180501109
2022-11-29,2053.9907260392
2022-11-30,2116.6287968239
2022-12-01,2124.6987323238
2022-12-02,2124.6987323238
2022-12-05,2124.6987323238
2022-12-06,2124.6987323238
2022-12-07,2124.6987323238
2022-12-08,2124.6987323238
2022-12-09,2142.9436082454
2022-12-12,2122.2107946981
2022-12-13,2097.3314184414
2022-12-14,2091.9408869191
2022-12-15,2050.4752598245
2022-12-16,2055.0364788049
2022-12-19,2030.9864150901
2022-12-20,2025.5958835678
2022-12-21,2043.4261032185
2022-12-22,2037.6209154252
2022-12-23,2043.4261032185
2022-12-26,2076.1839486232
2022-12-27,2111.0150753826
2022-12-28,2125.9427011366
2022-12-29,2129.2599513042
2022-12-30,2079.0865425198
2023-01-03,2094.4288245447
2023-01-04,2102.3072936927
2023-01-05,2118.0642319886
2023-01-06,2114.7469818211
2023-01-09,2110.6004191116
2023-01-10,2094.8434808157
2023-01-11,2078.0208068079
2023-01-12,2109.9838874227
2023-01-13,2112.5072885238
2023-01-16,2111.6661548234
2023-01-17,2106.6193526211
2023-01-18,2123.0214597787
2023-01-19,2112.5072885238
2023-01-20,2100.7314167184
2023-01-30,2125.9654277300
2023-01-31,2139.0030000861
2023-02-01,2119.2363581269
2023-02-02,2057.4130311484
2023-02-03,2032.5995869870
2023-02-06,2048.5811272944
2023-02-07,2048.5811272944
2023-02-08,2043.1137582418
2023-02-09,2036.4369158947
2023-02-10,2021.4140206135
2023-02-13,2014.7371782663
2023-02-14,2023.9178364937
2023-02-15,2016.4063888531
2023-02-16,2006.3911253323
2023-02-17,2017.2409941465
2023-02-20,2014.7371782663
2023-02-21,2016.8236914998
2023-02-22,2004.7219147455
2023-02-23,1986.3605982907
2023-02-24,1985.5259929973
2023-02-27,1978.4318480034
2023-02-28,1950.4725706745
2023-03-01,1965.9127686024
2023-03-02,1981.7702691770
2023-03-03,1973.0069135963
2023-03-06,1973.0069135963
2023-03-07,1973.0069135963
2023-03-08,1973.0069135963
2023-03-09,1978.6714652475
2023-03-10,1974.7498525659
2023-03-13,1949.9129722490
2023-03-14,1937.2766647193
2023-03-15,1919.8472750232
2023-03-16,1905.0322937816
2023-03-17,1891.5245167671
2023-03-20,1857.1014721174
2023-03-21,1857.1014721174
2023-03-22,1841.4150213909
2023-03-23,1812.2207936500
2023-03-24,1784.3337701362
2023-03-27,1779.5406879698
2023-03-28,1780.8478921970
2023-03-29,1802.6346293171
2023-03-30,1814.8352021044
2023-03-31,1830.5216528308
2023-04-03,1824.8571011796
2023-04-04,1941.6340121433
2023-04-06,2021.8092047453
2023-04-07,2021.8092047453
2023-04-10,2021.8092047453
2023-04-11,2021.8092047453
2023-04-12,2038.9266024633
2023-04-13,2049.1970410941
2023-04-14,2064.8472332934
2023-04-17,2035.0140544135
2023-04-18,2102.5055082729
2023-04-19,2069.2488498494
2023-04-20,2020.8310677329
2023-04-21,1998.8229849526
2023-04-24,1959.6975044544
2023-04-25,1956.2740249108
2023-04-26,1958.7193674419
2023-04-27,2003.2246015087
2023-04-28,2001.7573959900
2023-05-04,2035.5031229197
2023-05-05,1999.3120534588
2023-05-08,2031.1015063636
2023-05-09,2031.1015063636
2023-05-10,2034.5249859072
2023-05-11,2034.5249859072
2023-05-12,2063.6757885709
2023-05-15,2064.1783886169
2023-05-16,2096.8473916020
2023-05-17,2040.0535864124
2023-05-18,2038.0431862287
2023-05-19,2043.0691866880
2023-05-22,2011.4053837947
2023-05-23,2017.9391843917
2023-05-24,2010.9027837487
2023-05-25,2009.8975836569
2023-05-26,2021.9599847591
2023-05-29,2020.4521846213
2023-05-30,1983.7623812687
2023-05-31,1937.0205769977
2023-06-01,1921.9425756199
2023-06-02,1921.9425756199
2023-06-05,2007.8871834732
2023-06-06,2007.8871834732
2023-06-07,2007.8871834732
2023-06-08,2007.8871834732
2023-06-09,2030.3959824726
2023-06-12,2059.5551084492
2023-06-13,2050.3469634039
2023-06-14,2079.5060893805
2023-06-15,2081.5523438350
2023-06-16,2178.2378668099
2023-06-19,2230.4173553995
2023-06-20,2242.1833185128
2023-06-21,2242.1833185128
2023-06-26,2211.4895016954
2023-06-27,2222.2323375815
2023-06-28,2183.3535029461
2023-06-29,2203.8160474911
2023-06-30,2270.8308808758
2023-07-03,2376.2129852823
2023-07-04,2392.5830209182
2023-07-05,2535.3092691193
2023-07-06,2535.3092691193
2023-07-07,2535.3092691193
2023-07-10,2518.7638529623
2023-07-11,2559.0243656109
2023-07-12,2569.5031291770
2023-07-13,2545.7880326853
2023-07-14,2568.9516153051
2023-07-17,2563.9879904580
2023-07-18,2562.3334488423
2023-07-19,2608.6606140818
2023-07-20,2633.4787383173
2023-07-21,2604.8000169785
2023-07-24,2594.8727672843
2023-07-25,2621.8969470074
2023-07-26,2619.1393776479
2023-07-27,2667.1210845031
2023-07-28,2642.8544741395
2023-07-31,2627.4120857264
2023-08-01,2711.7937081269
2023-08-02,2711.7937081269
2023-08-03,2779.0784004986
2023-08-04,2779.0784004986
2023-08-07,2779.0784004986
2023-08-08,2777.9753727548
2023-08-09,2805.0747589149
2023-08-10,2837.9399719176
2023-08-11,2851.2013736555
2023-08-14,2847.1652948657
2023-08-15,2887.5260827638
2023-08-16,2899.0577364489
2023-08-17,2945.7609338738
2023-08-18,2993.6172966672
2023-08-21,3044.9331555662
2023-08-22,3053.0053131458
2023-08-23,3018.4103520903
2023-08-24,3027.6356750385
2023-08-25,3073.7622897791
2023-08-28,3092.7895183596
2023-08-29,3091.6363529911
2023-08-30,3092.7895183596
2023-08-31,3108.9338335188
2023-09-01,3263.4579929000
2023-09-04,3067.9964629365
2023-09-05,2882.9134212897
2023-09-06,2741.6506636465
2023-09-07,2741.6506636465
2023-09-08,2741.6506636465
2023-09-11,2740.0167836324
2023-09-12,2747.0969303602
2023-09-13,2676.8400897542
2023-09-14,2661.0459162846
2023-09-15,2697.5359032660
2023-09-18,2711.1515700501
2023-09-19,2663.2244229701
2023-09-20,2649.6087561860
2023-09-21,2655.5996495710
2023-09-22,2619.1096625896
2023-09-25,2612.0295158619
2023-09-26,2610.3956358478
2023-09-27,2595.1460890496
2023-09-28,2569.5486354955
2023-10-09,2469.3373279645
2023-10-10,2415.9639141708
2023-10-11,2419.2316741990
2023-10-12,2395.2681006590
2023-10-13,2485.6761281054
2023-10-16,2487.3410149963
2023-10-17,2506.7646953901
2023-10-18,2538.9525086140
2023-10-19,2512.8692806567
2023-10-20,2509.5395068749
2023-10-23,2487.3410149963
2023-10-24,2438.5043328634
2023-10-25,2435.1745590816
2023-10-26,2455.1532017724
2023-10-27,2485.6761281054
2023-10-30,2506.7646953901
2023-10-31,2450.7135033966
2023-11-01,2454.0432771784
2023-11-02,2470.6921460874
2023-11-03,2528.9631872687
2023-11-06,2528.9631872687
2023-11-07,2528.9631872687
2023-11-08,2528.9631872687
2023-11-09,2515.4825732640
2023-11-10,2467.4915874076
2023-11-13,2451.3148506020
2023-11-14,2479.8937522918
2023-11-15,2496.0704890974
2023-11-16,2495.5312645372
2023-11-17,2447.5402786807
2023-11-20,2402.2454156252
2023-11-21,2427.0497453937
2023-11-22,2447.5402786807
2023-11-23,2419.5006015511
2023-11-24,2404.9415384261
2023-11-27,2379.0587595372
2023-11-28,2371.5096156946
2023-11-29,2368.2742683335
2023-11-30,2347.2445104863
2023-12-01,2372.5880648150
2023-12-04,2351.0190824076
2023-12-05,2342.3914894446
2023-12-06,2335.3815701622
2023-12-07,2334.8423456020
2023-12-08,2346.7052859261
2023-12-11,2369.1771559691
2023-12-12,2364.8967997705
2023-12-13,2341.8898852026
2023-12-14,2310.3222582373
2023-12-15,2346.1702414012
2023-12-18,2322.0932377837
2023-12-19,2329.5838611314
2023-12-20,2323.6983713582
2023-12-21,2321.0231487340
2023-12-22,2303.9017239393
2023-12-25,2319.4180151595
2023-12-26,2339.7497071032
2023-12-27,2321.5581932588
2023-12-28,2308.7171246628
2023-12-29,2295.8760560668
2024-01-02,2218.8296444905
2024-01-03,2218.8296444905
2024-01-04,2218.8296444905
2024-01-05,2171.7457263050
2024-01-08,2171.7457263050
2024-01-09,2195.8227299226
2024-01-10,2206.3517288673
2024-01-11,2177.3969817694
2024-01-12,2130.0164865181
2024-01-15,2107.9055887342
2024-01-16,2106.8526888397
2024-01-17,2110.0113885231
2024-01-18,2046.3109449075
2024-01-19,2055.7870439578
2024-01-22,2068.9482926387
2024-01-23,2059.4721935884
2024-01-24,2077.8979417417
2024-01-25,2061.5779933774
2024-01-26,2000.5097994980
2024-01-29,1939.9680555658
2024-01-30,1942.0738553547
2024-01-31,1974.7137520834
2024-02-01,1984.1898511336
2024-02-02,1905.2223590482
2024-02-05,1937.3358058296
2024-02-06,1987.3485508170
2024-02-07,2000.5097994980
2024-02-08,2000.5097994980
2024-02-19,2035.4024122799
2024-02-20,2055.3410481553
2024-02-21,2018.7868823837
2024-02-22,2016.0176274010
2024-02-23,2002.1713524876
2024-02-26,1983.3404186053
2024-02-27,1994.9712895326
2024-02-28,2019.8945843768
2024-02-29,2001.0636504945
2024-03-01,2020.4484353733
2024-03-04,2021.5561373664
2024-03-05,2021.5561373664
2024-03-06,2021.5561373664
2024-03-07,2049.2486871934
2024-03-08,2049.2486871934
2024-03-11,2073.8988317867
2024-03-12,2088.6889185427
2024-03-13,2080.4722036783
2024-03-14,2093.0711664704
2024-03-15,2117.7213110638
2024-03-18,2135.2503027746
2024-03-19,2124.2946829553
2024-03-20,2143.4670176390
2024-03-21,2182.9072489884
2024-03-22,2170.8560671872
2024-03-25,2114.9824061089
2024-03-26,2114.9824061089
2024-03-27,2103.4790052987
2024-03-28,2082.6633276421
2024-03-29,2079.9244226873
2024-04-01,2081.5677656602
2024-04-02,2087.0455755698
2024-04-03,2078.8288607054
2024-04-08,2078.8288607054
2024-04-09,2078.8288607054
2024-04-10,2078.8288607054
2024-04-11,2066.6037243954
2024-04-12,2064.9366603532
2024-04-15,2115.5042696352
2024-04-16,2108.8360134662
2024-04-17,2087.7198689308
2024-04-18,2063.2695963109
2024-04-19,2084.3857408463
2024-04-22,2066.6037243954
2024-04-23,2093.8324370858
2024-04-24,2068.2707884377
2024-04-25,2067.1594124095
2024-04-26,2062.7139082968
2024-04-29,2068.8264764518
2024-04-30,2063.8252843250
2024-05-06,2119.9497737479
2024-05-07,2171.6287590582
2024-05-08,2154.4024306214
2024-05-09,2154.4024306214
2024-05-10,2144.9557343819
2024-05-13,2157.7398706584
2024-05-14,2171.0798389468
2024-05-15,2153.8490465742
2024-05-16,2157.1840386463
2024-05-17,2167.7448468747
2024-05-20,2170.5240069348
2024-05-21,2186.0873032713
2024-05-22,2189.4222953434
2024-05-23,2197.2039435117
2024-05-24,2193.3131194276
2024-05-27,2178.8614871151
2024-05-28,2174.4148310189
2024-05-29,2173.3031669949
2024-05-30,2108.2708215887
2024-05-31,2123.2782859132
2024-06-03,2123.8341179252
2024-06-04,2123.8341179252
2024-06-05,2123.8341179252
2024-06-06,2123.8341179252
2024-06-07,2123.8341179252
2024-06-11,2123.8341179252
2024-06-12,2111.8227167441
2024-06-13,2099.8113155631
2024-06-14,2091.0757510677
2024-06-17,2070.3287853913
2024-06-18,2052.8576564007
2024-06-19,2058.3173842103
2024-06-20,2061.5932208960
2024-06-21,2047.9439013721
2024-06-24,2046.8519558102
2024-06-25,2032.6566635053
2024-06-26,2039.7543096577
2024-06-27,2039.7543096577
2024-06-28,2038.6623640958
2024-07-01,1966.0479842284
2024-07-02,1966.0479842284
2024-07-03,1966.0479842284
2024-07-04,1966.0479842284
2024-07-05,1966.0479842284
2024-07-08,1962.9639873904
2024-07-09,1914.6480369283
2024-07-10,1886.8920653863
2024-07-11,1878.6680738183
2024-07-12,1866.3320864663
2024-07-15,1846.2861070192
2024-07-16,1836.5201170322
2024-07-17,1845.7721075462
2024-07-18,1815.9601381122
2024-07-19,1827.2681265182
2024-07-22,1849.3701038572
2024-07-23,1864.2760885743
2024-07-24,1853.9960991142
2024-07-25,1842.6881107082
2024-07-26,1858.6220943712
2024-07-29,1838.0621154512
2024-07-30,1820.5861333692
2024-07-31,1810.3061439092
2024-08-01,1801.0541533951
2024-08-02,1801.0541533951
2024-08-05,1801.0541533951
2024-08-06,1801.0541533951
2024-08-07,1801.0541533951
2024-08-08,1801.0541533951
2024-08-09,1807.6794233426
2024-08-12,1812.2661486908
2024-08-13,1785.2554327513
2024-08-14,1746.0134492167
2024-08-15,1763.3410783099
2024-08-16,1773.0241651561
2024-08-19,1763.3410783099
2024-08-20,1752.1290830143
2024-08-21,1751.6194468645
2024-08-22,1767.4181675083
2024-08-23,1755.1868999131
2024-08-26,1756.7158083625
2024-08-27,1778.6301628039
2024-08-28,1789.3325219497
2024-08-29,1775.0627097553
2024-08-30,1788.3132496501
2024-09-02,1817.8721463386
2024-09-03,1814.3046932900
2024-09-04,1814.3046932900
2024-09-05,1814.3046932900
2024-09-06,1840.2961369298
2024-09-09,1833.3120908693
2024-09-10,1816.8496965840
2024-09-11,1785.9203497448
2024-09-12,1780.9317454159
2024-09-13,1790.4100936408
2024-09-18,1833.8109513022
2024-09-19,1834.8086721680
2024-09-20,1803.8793253288
2024-09-23,1800.3873022986
2024-09-24,1835.8063930338
2024-09-25,1831.3166491378
2024-09-26,1834.3098117351
2024-09-27,1843.7881599600
2024-09-30,1837.3029743324
2024-10-08,1803.8793253288
2024-10-09,1723.5627956336
2024-10-10,1699.6174948549
2024-10-11,1699.6174948549
2024-10-14,1699.6174948549
2024-10-15,1699.6174948549
2024-10-16,1702.8824022270
2024-10-17,1699.1510795160
2024-10-18,1680.4944659611
2024-10-21,1672.0989898614
2024-10-22,1685.6250346887
2024-10-23,1711.7442936656
2024-10-24,1711.2778783268
2024-10-25,1715.0092010377
2024-10-28,1701.9495715493
2024-10-29,1711.7442936656
2024-10-30,1704.7480635825
2024-10-31,1700.5503255327
2024-11-01,1652.0431302898
2024-11-04,1652.0431302898
2024-11-05,1652.0431302898
2024-11-06,1652.0431302898
2024-11-07,1652.0431302898
2024-11-08,1750.9231821310
2024-11-11,1755.4663144147
2024-11-12,1747.2886763041
2024-11-13,1713.6694974048
2024-11-14,1681.8675714190
2024-11-15,1639.1621279524
2024-11-18,1642.7966337794
2024-11-19,1652.3372115751
2024-11-20,1647.7940792914
2024-11-21,1627.8042972432
2024-11-22,1611.4490210220
2024-11-25,1606.4515755099
2024-11-26,1622.3525385028
2024-11-27,1645.9768263779
2024-11-28,1645.9768263779
2024-11-29,1610.0860813369
2024-12-02,1576.4669024376
2024-12-03,1498.7793403867
2024-12-04,1498.7793403867
2024-12-05,1498.7793403867
2024-12-06,1498.7793403867
2024-12-09,1505.2247790638
2024-12-10,1515.5374809472
2024-12-11,1518.1156564180
2024-12-12,1523.7017032715
2024-12-13,1523.7017032715
2024-12-16,1526.7095746542
2024-12-17,1514.6780891236
2024-12-18,1470.4194102073
2024-12-19,1439.9110004689
2024-12-20,1444.6376554988
2024-12-23,1465.2630592656
2024-12-24,1472.9975856782
2024-12-25,1476.4351529726
2024-12-26,1483.7399834734
2024-12-27,1479.8727202671
2024-12-30,1474.7163693254
2024-12-31,1477.2945447962
2025-01-02,1515.5374809472
2025-01-03,1503.9356913283
2025-01-06,1482.4508957379
2025-01-07,1482.4508957379
2025-01-08,1482.4508957379
2025-01-09,1482.4508957379
2025-01-10,1494.8760622051
2025-01-13,1523.1540272683
2025-01-14,1539.4352798805
2025-01-15,1541.5775499610
2025-01-16,1534.2938316872
2025-01-17,1531.2946535744
2025-01-20,1556.5734405248
2025-01-21,1605.4171983613
2025-01-22,1619.1277268768
2025-01-23,1605.8456523774
2025-01-24,1607.9879224579
2025-01-27,1608.4163764741
2025-02-05,1659.8308584072
2025-02-06,1659.8308584072
2025-02-07,1721.0997827108
2025-02-10,1739.0948513874
2025-02-11,1843.2091773019
2025-02-12,1843.2091773019
2025-02-13,1804.2974982636
2025-02-14,1839.0400688335
2025-02-17,1841.3562402049
2025-02-18,1825.1430406056
2025-02-19,1842.7459430277
2025-02-20,1855.2532684328
2025-02-21,1902.0399301336
2025-02-24,1888.1429019057
2025-02-25,1876.0988107748
2025-02-26,1839.0400688335
2025-02-27,1853.4003313358
2025-02-28,1871.0032337578
2025-03-03,1806.6136696350
2025-03-04,1806.6136696350
2025-03-05,1806.6136696350
2025-03-06,1806.6136696350
2025-03-07,1806.6136696350
2025-03-10,1825.0943734714
2025-03-11,1818.1016747225
2025-03-12,1796.6240999936
2025-03-13,1803.1173202605
2025-03-14,1806.6136696350
2025-03-17,1816.1037607942
2025-03-18,1812.1079329377
2025-03-19,1821.0985456149
2025-03-20,1805.6147126708
2025-03-21,1792.6282721371
2025-03-24,1775.6460037468
2025-03-25,1764.6574771414
2025-03-26,1745.6772948228
2025-03-27,1727.1965909864
2025-03-28,1744.1788593766
2025-03-31,1717.2070213450
2025-04-01,1729.6939833967
2025-04-02,1729.6939833967
2025-04-03,1729.6939833967
2025-04-07,1729.6939833967
2025-04-08,1729.6939833967
2025-04-09,1729.6939833967
2025-04-10,1714.3825860565
2025-04-11,1717.8399983591
2025-04-14,1738.0905561316
2025-04-15,1738.5844721749
2025-04-16,1706.9738454080
2025-04-17,1700.5529368460
2025-04-18,1706.4799293648
2025-04-21,1729.6939833967
2025-04-22,1754.3897855583
2025-04-23,1772.6646791578
2025-04-24,1804.2753059246
2025-04-25,1796.8665652762
2025-04-28,1761.3046101635
2025-04-29,1757.8471978609
2025-04-30,1751.9202053421
2025-05-06,1741.5479684343
2025-05-07,1680.7962951168
2025-05-08,1695.1198603705
2025-05-09,1695.1198603705
2025-05-12,1695.1198603705
2025-05-13,1745.0053807369
2025-05-14,1749.6711705249
2025-05-15,1747.0790650871
2025-05-16,1736.1922222483
2025-05-19,1738.7843276861
2025-05-20,1735.6738011607
2025-05-21,1750.1895916125
2025-05-22,1755.8922235757
2025-05-23,1762.1132766264
2025-05-26,1754.8553814006
2025-05-27,1767.8159085896
2025-05-28,1772.4816983777
2025-05-29,1768.3343296772
2025-05-30,1764.7053820643
2025-06-03,1750.1895916125
2025-06-04,1741.8948542115
2025-06-05,1746.5606439996
2025-06-06,1750.1895916125
2025-06-09,1742.4132752991
2025-06-10,1762.6316977140
2025-06-11,1779.8281045210
2025-06-12,1785.3916478997
2025-06-13,1791.4609679492
2025-06-16,1802.5880547067
2025-06-17,1814.2209181349
2025-06-18,1828.8884415879
2025-06-19,1846.0848483949
2025-06-20,1858.7292651647
2025-06-23,1833.4404316250
2025-06-24,1810.6804814394
2025-06-25,1795.0014046448
2025-06-26,1781.8512112041
2025-06-27,1782.3569878749
2025-06-30,1759.5970376893
2025-07-01,1795.5071813156
2025-07-02,1795.5071813156
2025-07-03,1795.5071813156
2025-07-04,1795.5071813156
2025-07-07,1795.5071813156
2025-07-08,1795.5071813156
2025-07-09,1797.0396198771
2025-07-10,1801.6369355619
2025-07-11,1809.2991283698
2025-07-14,1813.8964440545
2025-07-15,1824.1127011317
2025-07-16,1817.9829468854
2025-07-17,1829.7316425241
2025-07-18,1859.8696009018
2025-07-21,1862.4236651711
2025-07-22,1856.2939109248
2025-07-23,1858.8479751941
2025-07-24,1830.7532682319
2025-07-25,1814.9180697622
2025-07-28,1807.2558769543
2025-07-29,1798.5720584387
2025-07-30,1813.3856312006
2025-07-31,1817.9829468854
2025-08-01,1834.8397710627
2025-08-04,1792.9531170463
2025-08-05,1847.0992795554
2025-08-06,1847.0992795554
2025-08-07,1847.0992795554
2025-08-08,1844.0344024322
2025-08-11,1835.6591459958
2025-08-12,1836.1518081391
2025-08-13,1877.5354281777
2025-08-14,1882.9547117542
2025-08-15,1866.2041988814
2025-08-18,1872.1161446012
2025-08-19,1881.9693874675
2025-08-20,1850.9316724386
2025-08-21,1837.6297945691
2025-08-22,1835.1664838525
2025-08-25,1831.7178488493
2025-08-26,1834.6738217092
2025-08-27,1810.0407145434
2025-08-28,1805.1140931102
2025-08-29,1831.7178488493
2025-09-01,1820.3866195530
2025-09-02,1820.3866195530
2025-09-03,1820.3866195530
2025-09-04,1813.4893495466
2025-09-05,1813.4893495466
2025-09-08,1831.6586173325
2025-09-09,1826.7480044174
2025-09-10,1809.0697979230
2025-09-11,1817.9089011702
2025-09-12,1829.6943721664
2025-09-15,1816.9267785872
2025-09-16,1818.8910237532
2025-09-17,1811.5251043806
2025-09-18,1804.1591850079
2025-09-19,1810.5429817975
2025-09-22,1810.0519205060
2025-09-23,1756.0351784399
2025-09-24,1755.5441171484
2025-09-25,1781.5703655984
2025-09-26,1782.5524881815
2025-09-29,1781.5703655984
2025-09-30,1771.2580784767
2025-10-09,1791.3915914286
2025-10-10,1777.1508139749
2025-10-13,1777.1508139749
2025-10-14,1777.1508139749
2025-10-15,1767.8206494362
2025-10-16,1767.8206494362
2025-10-17,1757.0292914207
2025-10-20,1769.2921982565
2025-10-21,1771.2542633502
2025-10-22,1752.1241286865
2025-10-23,1770.7637470767
2025-10-24,1776.1594260845
2025-10-27,1778.6120074516
2025-10-28,1791.3654305607
2025-10-29,1789.8938817404
2025-10-30,1788.9128491936
2025-10-31,1798.7231746622
2025-11-03,1813.4386628650
2025-11-04,1966.9702564481
2025-11-05,1893.3928154339
2025-11-06,1893.3928154339
2025-11-07,1893.3928154339
2025-11-10,1890.3381349034
2025-11-11,1892.8837020121
2025-11-12,1890.3381349034
2025-11-13,1895.9383825425
2025-11-14,1906.6297643990
2025-11-17,1885.2470006861
2025-11-18,1893.3928154339
2025-11-19,1887.2834543730
2025-11-20,1884.2287738426
2025-11-21,1875.5738456731
2025-11-24,1872.0100517210
2025-11-25,1867.9371443471
2025-11-26,1877.6102993601
2025-11-27,1892.8837020121
2025-11-28,1898.4839496512
2025-12-01,1892.3745885904
2025-12-02,1895.9383825425
2025-12-03,1891.8654751686
2025-12-04,1892.8837020121
2025-12-05,1892.8837020121
2025-12-08,1897.9273569602
2025-12-09,1873.7178132094
2025-12-10,1883.8051231056
2025-12-11,1911.5452253200
2025-12-12,1923.1456317006
2025-12-15,1917.0932457629
2025-12-16,1912.5539563096
2025-12-17,1895.9098949810
2025-12-18,1876.7440061783
2025-12-19,1849.0039039639
2025-12-22,1862.1174068289
2025-12-23,1862.1174068289
2025-12-24,1857.0737518808
2025-12-25,1863.1261378185
2025-12-26,1875.2309096939
2025-12-29,1885.8225850848
2025-12-30,1886.8313160744
2025-12-31,1902.9710119083
2026-01-05,1917.0932457629
2026-01-06,1976.1040086553
2026-01-07,2029.0623856101
2026-01-08,2131.4485810560
2026-01-09,2024.5230961568
2026-01-12,2014.9231446998
2026-01-13,2027.1897493393
2026-01-14,2018.1231285188
2026-01-15,2010.6564996078
2026-01-16,1998.9232256048
2026-01-19,1993.5899192398
2026-01-20,1981.8566452368
2026-01-21,1984.5232984193
2026-01-22,1994.6565805128
2026-01-23,1998.3898949683
2026-01-26,2003.7232013333
2026-01-27,2002.1232094238
2026-01-28,2013.3231527903
2026-01-29,2028.2564106124
2026-01-30,2005.8565238793
2026-02-02,1974.9233469623
2026-02-03,1956.2567746847
2026-02-04,1965.3233955053
2026-02-05,1965.3233955053
2026-02-06,1965.3233955053
2026-02-09,1965.8568709112
2026-02-10,1958.9216906339
2026-02-11,1970.6581495647
2026-02-12,1988.7963133669
2026-02-13,1991.9971658026
2026-02-24,1990.3967395847
2026-02-25,1992.5306412085
2026-02-26,1975.4594282182
2026-02-27,1975.9929036242
2026-03-02,1951.4530349507
2026-03-03,1976.5263790301
2026-03-04,1984.5285101193
2026-03-05,1973.3255265945
2026-03-06,1973.3255265945
2026-03-09,2026.4719183691
2026-03-10,2014.2482482610
2026-03-11,2049.8563307500
2026-03-12,2088.6531967455
2026-03-13,2125.8556709878
2026-03-16,2111.5061452087
2026-03-17,2076.9609905551
2026-03-18,2067.3946400357
2026-03-19,2087.0588049923
2026-03-20,2075.8980627196
2026-03-23,2059.4226812695
2026-03-24,2049.8563307500
2026-03-25,2037.6326606418
2026-03-26,2022.2202070272
2026-03-27,2006.8077534125
2026-03-30,2011.0594647545
2026-03-31,1977.0457740187
2026-04-01,1981.8289492784
2026-04-02,1964.2906399928
2026-04-03,1963.2277121573
2026-04-07,1958.4445368975
2026-04-08,1958.4445368975
2026-04-09,1958.4445368975
2026-04-10,1968.1826589042
2026-04-13,1964.3956114572
2026-04-14,1949.7884284472
2026-04-15,1939.5092996623
2026-04-16,1945.4603742220
2026-04-17,1944.9193674438
2026-04-20,1929.7711776557
2026-04-21,1929.2301708775
2026-04-22,1955.1984962286
2026-04-23,1955.1984962286
2026-04-24,1946.5423877783
2026-04-27,1931.9352047683
2026-04-28,1940.5913132186
2026-04-29,1951.4114487816
2026-04-30,1951.9524555598
2026-05-06,1951.9524555598
2026-05-07,1920.5740624271
2026-05-08,1920.5740624271
2026-05-11,1941.1323199968
2026-05-12,1942.2143335531
2026-05-13,1947.6244013346
2026-05-14,1944.9424619221
2026-05-15,1907.9316980300
2026-05-18,1897.7403282627
2026-05-19,1928.3144375648
2026-05-20,1940.6513588622
2026-05-21,1930.9963769773
2026-05-22,1917.5866799149
2026-05-25,1891.8400615552
2026-05-26,1891.3036736727
2026-05-27,1892.9128373202
2026-05-28,1903.1042070876
2026-05-29,1911.6864132075
2026-06-01,1909.5408616775
2026-06-02,1907.9316980300
2026-06-03,1902.5678192051
2026-06-04,1899.8858797926
2026-06-05,1899.8858797926
2026-06-08,1891.7667093662
2026-06-09,1878.2347586554
2026-06-10,1874.9870904848
2026-06-11,1896.0969335936
2026-06-12,1898.8033237358
2026-06-15,1896.6382116220
2026-06-16,1895.0143775368
2026-06-17,1914.5003865603
2026-06-18,1917.2067767024
2026-06-22,1906.9224941622
2026-06-23,1897.1794896505
2026-06-24,1909.6288843044
2026-06-25,1905.8399381054
2026-06-26,1922.0782789583
2026-06-29,1922.6195569867
2026-06-30,1902.5922699348
2026-07-01,1903.6748259916
2026-07-02,1905.2986600769
2026-07-03,1902.0509919064
2026-07-06,1899.8858797926
2026-07-07,1934.5276736122
2026-07-08,1939.3991758681
2026-07-09,1942.0171553172
2026-07-10,1931.5452375209
2026-07-13,1933.1160251903
2026-07-14,1928.4036621820
2026-07-15,1924.2148950635
2026-07-16,1930.4980457413
2026-07-17,1923.6912991737
2026-07-20,1945.1587306560
2026-07-21,1970.2913333671
2026-07-22,1961.3902032402
2026-07-23,1983.9048265022
2026-07-24,1976.5744840448
2026-07-27,1966.6261621384
2026-07-28,1933.6396210801
2026-07-29,1932.5924293005
2026-07-30,1916.8845526061
2026-07-31,1916.8845526061
2026-08-03,1924.2148950635
2026-08-04,1940.4463676477
2026-08-05,1925.7856827329
2026-08-06,1925.7856827329
2026-08-07,1966.1025662486
2026-08-10,1961.9818377890
2026-08-11,1958.8912914444
2026-08-12,1955.8007450998
2026-08-13,1965.5874751911
2026-08-14,1971.7685678804
2026-08-17,1985.1609353738
2026-08-18,2014.5211256479
2026-08-19,2032.0342216009
2026-08-20,2053.1529549559
2026-08-21,2054.6982281282
2026-08-24,2041.3058606348
2026-08-25,2015.0362167054
2026-08-26,2006.7947597863
2026-08-27,2044.3964069794
2026-08-28,2058.3038655303
2026-08-31,2065.5151403345
2026-09-01,2036.1549500604
2026-09-02,2070.6660509089
