data,value
2007-07-31,100.0000000000
2007-08-01,98.4609313339
2007-08-02,97.1981057616
2007-08-03,97.5927387530
2007-08-06,98.1057616417
2007-08-07,97.9084451460
2007-08-08,98.2636148382
2007-08-09,98.6977111287
2007-08-10,99.0528808208
2007-08-13,98.7766377269
2007-08-14,97.9873717443
2007-08-15,98.0662983425
2007-08-16,97.9479084451
2007-08-17,97.2770323599
2007-08-20,97.7505919495
2007-08-21,97.5532754538
2007-08-22,97.7111286504
2007-08-23,97.8689818469
2007-08-24,97.7111286504
2007-08-27,97.2770323599
2007-08-28,97.1191791634
2007-08-29,96.5666929755
2007-08-30,96.6061562747
2007-08-31,96.2115232833
2007-09-03,96.5666929755
2007-09-04,95.8958168903
2007-09-05,95.8958168903
2007-09-06,96.0931333860
2007-09-07,96.8034727703
2007-09-10,95.8563535912
2007-09-11,96.3693764799
2007-09-12,96.8429360695
2007-09-13,96.8429360695
2007-09-14,96.4483030781
2007-09-17,96.6456195738
2007-09-18,97.0402525651
2007-09-19,96.1720599842
2007-09-20,96.3693764799
2007-09-21,96.3693764799
2007-09-24,96.6061562747
2007-09-25,96.6061562747
2007-09-26,96.6061562747
2007-09-27,94.9486977111
2007-09-28,97.5532754538
2007-10-08,97.5532754538
2007-10-09,97.5532754538
2007-10-10,97.3164956590
2007-10-11,97.3164956590
2007-10-12,97.3164956590
2007-10-15,97.6328434710
2007-10-16,97.7910173770
2007-10-17,97.9096478065
2007-10-18,96.4860826526
2007-10-19,97.6723869475
2007-10-22,97.7119304240
2007-10-23,98.8586912424
2007-10-24,98.8586912424
2007-10-25,100.0845390138
2007-10-26,100.2031694433
2007-10-29,100.6776911613
2007-10-30,100.4404303023
2007-10-31,100.4404303023
2007-11-01,98.8586912424
2007-11-02,98.8586912424
2007-11-05,104.7902127170
2007-11-06,103.8411692810
2007-11-07,106.4905822063
2007-11-08,106.7673865418
2007-11-09,102.6868363076
2007-11-12,102.6868363076
2007-11-13,102.6868363076
2007-11-14,102.6868363076
2007-11-15,102.6868363076
2007-11-16,102.6868363076
2007-11-19,102.6868363076
2007-11-20,102.6868363076
2007-11-21,102.6868363076
2007-11-22,102.6868363076
2007-11-23,102.6868363076
2007-11-26,102.6868363076
2007-11-27,102.6868363076
2007-11-28,102.6868363076
2007-11-29,102.6868363076
2007-11-30,102.6868363076
2007-12-03,102.6868363076
2007-12-04,102.6868363076
2007-12-05,102.6868363076
2007-12-06,102.6868363076
2007-12-07,102.6868363076
2007-12-10,101.2945999780
2007-12-11,100.4291557731
2007-12-12,100.6172958177
2007-12-13,100.6172958177
2007-12-14,100.0905036930
2007-12-17,99.3379435148
2007-12-18,99.7142236039
2007-12-19,99.2626874970
2007-12-20,99.7518516128
2007-12-21,100.1281317019
2007-12-24,100.6172958177
2007-12-25,100.0152476751
2007-12-26,99.7518516128
2007-12-27,100.4667837820
2007-12-28,100.5044117909
2008-01-02,98.8487793990
2008-01-03,100.4667837820
2008-01-04,100.6925518355
2008-01-07,101.1817159513
2008-01-08,101.2569719691
2008-01-09,101.1440879424
2008-01-10,101.1440879424
2008-01-11,101.1440879424
2008-01-14,105.1729685319
2008-01-15,106.6694098937
2008-01-16,102.4103075562
2008-01-17,105.1345982405
2008-01-18,105.1345982405
2008-01-21,105.1345982405
2008-01-22,105.1345982405
2008-01-23,105.1345982405
2008-01-24,105.1345982405
2008-01-25,105.1345982405
2008-01-28,105.1345982405
2008-01-29,105.1345982405
2008-01-30,105.1345982405
2008-01-31,105.1345982405
2008-02-01,105.1345982405
2008-02-04,105.1345982405
2008-02-05,105.1345982405
2008-02-13,105.1345982405
2008-02-14,105.1345982405
2008-02-15,105.1345982405
2008-02-18,105.1345982405
2008-02-19,105.1345982405
2008-02-20,105.1345982405
2008-02-21,104.4105832472
2008-02-22,105.8205071816
2008-02-25,105.2489163974
2008-02-26,105.2489163974
2008-02-27,105.1727042928
2008-02-28,104.2581590381
2008-02-29,105.2489163974
2008-03-03,106.6969463840
2008-03-04,106.6969463840
2008-03-05,106.6969463840
2008-03-06,106.6969463840
2008-03-07,106.6969463840
2008-03-10,106.6969463840
2008-03-11,106.6969463840
2008-03-12,106.6969463840
2008-03-13,106.6969463840
2008-03-14,106.6969463840
2008-03-17,106.6969463840
2008-03-18,106.6969463840
2008-03-19,106.6969463840
2008-03-20,106.6969463840
2008-03-21,106.6969463840
2008-03-24,106.6969463840
2008-03-25,106.6969463840
2008-03-26,106.6969463840
2008-03-27,106.6969463840
2008-03-28,106.6969463840
2008-03-31,106.6969463840
2008-04-01,106.6969463840
2008-04-02,106.6969463840
2008-04-03,106.6969463840
2008-04-07,106.6969463840
2008-04-08,106.6969463840
2008-04-09,106.6969463840
2008-04-10,107.9286571648
2008-04-11,107.9671481267
2008-04-14,107.6977113934
2008-04-15,108.0826210124
2008-04-16,108.8909312123
2008-04-17,109.5067866026
2008-04-18,109.4298046788
2008-04-21,109.2373498694
2008-04-22,109.9686781454
2008-04-23,111.4313346976
2008-04-24,112.0086991261
2008-04-25,112.1626629737
2008-04-28,111.3543527738
2008-04-29,111.7777533547
2008-04-30,111.7007714309
2008-05-05,112.0086991261
2008-05-06,110.3920787263
2008-05-07,108.9294221742
2008-05-08,109.4298046788
2008-05-09,109.4298046788
2008-05-12,109.4298046788
2008-05-13,109.4298046788
2008-05-14,109.4298046788
2008-05-15,109.4298046788
2008-05-16,109.4298046788
2008-05-19,109.4298046788
2008-05-20,109.4298046788
2008-05-21,109.4298046788
2008-05-22,109.4298046788
2008-05-23,109.4298046788
2008-05-26,109.4298046788
2008-05-27,109.4298046788
2008-05-28,109.4298046788
2008-05-29,109.4298046788
2008-05-30,109.4298046788
2008-06-02,109.4298046788
2008-06-03,109.4298046788
2008-06-04,109.4298046788
2008-06-05,109.4298046788
2008-06-06,109.4298046788
2008-06-10,109.4298046788
2008-06-11,109.4298046788
2008-06-12,109.4298046788
2008-06-13,109.4298046788
2008-06-16,109.4298046788
2008-06-17,109.4298046788
2008-06-18,109.4298046788
2008-06-19,109.4298046788
2008-06-20,109.4298046788
2008-06-23,109.4298046788
2008-06-24,109.4298046788
2008-06-25,109.4298046788
2008-06-26,109.4298046788
2008-06-27,109.4298046788
2008-06-30,105.0809307406
2008-07-01,104.5078233224
2008-07-02,103.9684281052
2008-07-03,103.9684281052
2008-07-04,103.9684281052
2008-07-07,103.9684281052
2008-07-08,103.9684281052
2008-07-09,103.9684281052
2008-07-10,103.9684281052
2008-07-11,103.9684281052
2008-07-14,103.9684281052
2008-07-15,103.9684281052
2008-07-16,103.9684281052
2008-07-17,103.9684281052
2008-07-18,103.9684281052
2008-07-21,103.9684281052
2008-07-22,103.9684281052
2008-07-23,103.9684281052
2008-07-24,103.9684281052
2008-07-25,103.9684281052
2008-07-28,103.9684281052
2008-07-29,103.9684281052
2008-07-30,103.9684281052
2008-07-31,103.9684281052
2008-08-01,103.9684281052
2008-08-04,103.9684281052
2008-08-05,103.9684281052
2008-08-06,103.9684281052
2008-08-07,103.9684281052
2008-08-08,103.9684281052
2008-08-11,105.0714330399
2008-08-12,105.0714330399
2008-08-13,108.6255600518
2008-08-14,111.7303146828
2008-08-15,111.1992382328
2008-08-18,111.4852024751
2008-08-19,111.1583861982
2008-08-20,112.0162789252
2008-08-21,113.1601358945
2008-08-22,113.7320643792
2008-08-25,111.4852024751
2008-08-26,109.9736771942
2008-08-27,110.7498658520
2008-08-28,110.0962332981
2008-08-29,108.8706722595
2008-09-01,108.4621519133
2008-09-02,106.3378461131
2008-09-03,103.7641679321
2008-09-04,106.0927339054
2008-09-05,104.5403565899
2008-09-08,103.4338926040
2008-09-09,102.6962499468
2008-09-10,101.7946866991
2008-09-11,103.9666345232
2008-09-12,102.1225278801
2008-09-16,103.2699720135
2008-09-17,99.3358778416
2008-09-18,98.3523542986
2008-09-19,95.8115851459
2008-09-22,98.2703940034
2008-09-23,98.2703940034
2008-09-24,98.2703940034
2008-09-25,99.9915602036
2008-09-26,99.9915602036
2008-10-06,99.9915602036
2008-10-07,99.9915602036
2008-10-08,99.9915602036
2008-10-09,99.9915602036
2008-10-10,99.9915602036
2008-10-13,95.1390286055
2008-10-14,95.1390286055
2008-10-15,95.1390286055
2008-10-16,90.3845279487
2008-10-17,85.8751046454
2008-10-20,86.0711665282
2008-10-21,84.9438107024
2008-10-22,82.5420526386
2008-10-23,82.3459907559
2008-10-24,78.9149078077
2008-10-27,75.4838248596
2008-10-28,71.7586490873
2008-10-29,70.2391694959
2008-10-30,69.1118136701
2008-10-31,65.7787616633
2008-11-03,62.2496477738
2008-11-04,58.5244720015
2008-11-05,61.7594930669
2008-11-06,61.7594930669
2008-11-07,59.7498587687
2008-11-10,60.6027114967
2008-11-11,59.9505299988
2008-11-12,60.1512012290
2008-11-13,62.9605984507
2008-11-14,66.0710025175
2008-11-17,69.3319100070
2008-11-18,72.7934887266
2008-11-19,71.5894613459
2008-11-20,71.5894613459
2008-11-21,68.0275470112
2008-11-24,69.1814065844
2008-11-25,65.7699956724
2008-11-26,62.8100950281
2008-11-27,65.9204990949
2008-11-28,69.1814065844
2008-12-01,73.2951668019
2008-12-02,73.6965092622
2008-12-03,73.6965092622
2008-12-04,73.6965092622
2008-12-05,73.6965092622
2008-12-08,76.0738160126
2008-12-09,79.8775068132
2008-12-10,80.5114552800
2008-12-11,80.3529681633
2008-12-12,82.4661297192
2008-12-15,84.6321203140
2008-12-16,85.1604107029
2008-12-17,86.5867947532
2008-12-18,85.6358720530
2008-12-19,86.0056753253
2008-12-22,86.3754785976
2008-12-23,83.2057362637
2008-12-24,82.4133006803
2008-12-25,82.0963264469
2008-12-26,82.3604716414
2008-12-29,85.1075816640
2008-12-30,85.5830430141
2008-12-31,88.1188368812
2009-01-05,91.0772630595
2009-01-06,87.6962045700
2009-01-07,91.7112115262
2009-01-08,90.3376565149
2009-01-09,86.7981109088
2009-01-12,88.7755259055
2009-01-13,87.8388556439
2009-01-14,90.1284940611
2009-01-15,89.7642334039
2009-01-16,90.9610898492
2009-01-19,90.9610898492
2009-01-20,90.9090526125
2009-01-21,90.8570153757
2009-01-22,90.6488664287
2009-01-23,92.0018345844
2009-02-02,92.0018345844
2009-02-03,93.6670261605
2009-02-04,97.3096327335
2009-02-05,95.1240687897
2009-02-06,95.9566645778
2009-02-09,95.9566645778
2009-02-10,94.1626030072
2009-02-11,91.8559524164
2009-02-12,90.2156675518
2009-02-13,89.3955251195
2009-02-16,89.0367128054
2009-02-17,89.8568552376
2009-02-18,85.6536252722
2009-02-19,85.1410362520
2009-02-20,85.0897773500
2009-02-23,86.9863567246
2009-02-24,87.4476868428
2009-02-25,87.2939101367
2009-02-26,87.8577580589
2009-02-27,88.0627936670
2009-03-02,88.0115347650
2009-03-03,87.1913923327
2009-03-04,87.1913923327
2009-03-05,87.6527224509
2009-03-06,86.7813211166
2009-03-09,88.4003756150
2009-03-10,89.5337137639
2009-03-11,88.6162495481
2009-03-12,89.3718083141
2009-03-13,90.8829258460
2009-03-16,90.8829258460
2009-03-17,91.4226106788
2009-03-18,91.5305476453
2009-03-19,92.7178542775
2009-03-20,92.7178542775
2009-03-23,94.3369087760
2009-03-24,96.3337426574
2009-03-25,96.7654905236
2009-03-26,98.9242298549
2009-03-27,99.0861353047
2009-03-30,99.8416940707
2009-03-31,100.3813789035
2009-04-01,104.9147314991
2009-04-02,111.0131701099
2009-04-03,111.0131701099
2009-04-07,111.0131701099
2009-04-08,111.0131701099
2009-04-09,111.0131701099
2009-04-10,112.9903559579
2009-04-13,112.4088307085
2009-04-14,111.3620852596
2009-04-15,111.5946953593
2009-04-16,112.7577458581
2009-04-17,113.0485084828
2009-04-20,114.2115589816
2009-04-21,112.4669832334
2009-04-22,114.3278640315
2009-04-23,115.2583044305
2009-04-24,112.8740509080
2009-04-27,112.7577458581
2009-04-28,112.2925256586
2009-04-29,110.0245771860
2009-04-30,111.2457802097
2009-05-04,111.5946953593
2009-05-05,112.0017630339
2009-05-06,111.1876276848
2009-05-07,113.3974236325
2009-05-08,115.1419993807
2009-05-11,116.1541058902
2009-05-12,114.4275712563
2009-05-13,115.7373561510
2009-05-14,113.5940717778
2009-05-15,113.6536074548
2009-05-18,112.4628939142
2009-05-19,113.8917501630
2009-05-20,112.8201079764
2009-05-21,111.9270728209
2009-05-22,111.1531090195
2009-05-25,109.3670387085
2009-05-26,108.6526105841
2009-05-27,108.7121462612
2009-06-01,112.7605722994
2009-06-02,112.5819652683
2009-06-03,112.5819652683
2009-06-04,112.5819652683
2009-06-05,112.5819652683
2009-06-08,113.1554852136
2009-06-09,112.4672612792
2009-06-10,112.9260772355
2009-06-11,113.4995971808
2009-06-12,113.9010611425
2009-06-15,111.7216853503
2009-06-16,111.6643333557
2009-06-17,111.7216853503
2009-06-18,113.1554852136
2009-06-19,113.2128372081
2009-06-22,111.7216853503
2009-06-23,109.1408455963
2009-06-24,109.8290695307
2009-06-25,111.0334614159
2009-06-26,112.4099092847
2009-06-29,112.2952052956
2009-06-30,113.7290051589
2009-07-01,112.9834292300
2009-07-02,113.6716531644
2009-07-03,113.6143011699
2009-07-06,116.7113088746
2009-07-07,118.1451087380
2009-07-08,117.3995328090
2009-07-09,115.8122865905
2009-07-10,116.1524107802
2009-07-13,114.7919140214
2009-07-14,114.0549782771
2009-07-15,114.6785392915
2009-07-16,116.9460338894
2009-07-17,116.8326591595
2009-07-20,117.4562201740
2009-07-21,116.4358476049
2009-07-22,115.5855371307
2009-07-23,116.2090981451
2009-07-24,116.8893465245
2009-07-27,118.5332801080
2009-07-28,120.4039631513
2009-07-29,120.9708368008
2009-07-30,120.0638389616
2009-07-31,123.5784555885
2009-08-03,127.0930722153
2009-08-04,128.9637552586
2009-08-05,129.4739415431
2009-08-06,127.8866953246
2009-08-07,128.0000700545
2009-08-10,127.9437815452
2009-08-11,128.3940896193
2009-08-12,129.0132632211
2009-08-13,130.9833610452
2009-08-14,129.5761483137
2009-08-17,124.3976054619
2009-08-18,123.8347203693
2009-08-19,124.1161629156
2009-08-20,122.5400846564
2009-08-21,122.4837961471
2009-08-24,124.6790480082
2009-08-25,122.2023536008
2009-08-26,122.8778157119
2009-08-27,120.7388523601
2009-08-28,120.8514293786
2009-08-31,118.4310234805
2009-09-01,117.1363877675
2009-09-02,112.2392874620
2009-09-03,113.8716542305
2009-09-04,114.1530967768
2009-09-07,114.8848473972
2009-09-08,112.6895955361
2009-09-09,115.1778348880
2009-09-10,115.0119522645
2009-09-11,115.0119522645
2009-09-14,110.6437098468
2009-09-15,110.1460619764
2009-09-16,110.0354735607
2009-09-17,110.4225330155
2009-09-18,107.3813515854
2009-09-21,107.4366457932
2009-09-22,107.3813515854
2009-09-23,108.1554704949
2009-09-24,104.8378180257
2009-09-25,104.8378180257
2009-09-28,102.8472265442
2009-09-29,102.8472265442
2009-09-30,102.8472265442
2009-10-09,102.8472265442
2009-10-12,102.8472265442
2009-10-13,102.8472265442
2009-10-14,102.8472265442
2009-10-15,108.9848836122
2009-10-16,115.3437175114
2009-10-19,116.1032716248
2009-10-20,117.2426027950
2009-10-21,116.0490177596
2009-10-22,117.4596182560
2009-10-23,119.0329803481
2009-10-26,120.4978347097
2009-10-27,119.5755190005
2009-10-28,120.6063424402
2009-10-29,118.1649185042
2009-10-30,120.6063424402
2009-11-02,119.5212651353
2009-11-03,119.2499958091
2009-11-04,119.5755190005
2009-11-05,119.7925344615
2009-11-06,121.6371658799
2009-11-09,122.6763063572
2009-11-10,123.5999867816
2009-11-11,124.7545873120
2009-11-12,127.2369784524
2009-11-13,129.0843393011
2009-11-16,131.4512703884
2009-11-17,131.4512703884
2009-11-18,132.4904108658
2009-11-19,132.0285706537
2009-11-20,132.4326808393
2009-11-23,133.2986312371
2009-11-24,132.4326808393
2009-11-25,133.0099811045
2009-11-26,131.5090004150
2009-11-27,127.8720087441
2009-11-30,127.2369784524
2009-12-01,127.1792484259
2009-12-02,127.9874687972
2009-12-03,127.5256285850
2009-12-04,127.6988186646
2009-12-07,127.0637883728
2009-12-08,124.6968572855
2009-12-09,123.7874909607
2009-12-10,122.4234414735
2009-12-11,122.3666060782
2009-12-14,122.8212892406
2009-12-15,124.2421741231
2009-12-16,126.3450837491
2009-12-17,126.6860961209
2009-12-18,127.8228040269
2009-12-21,128.2206517940
2009-12-22,127.0839438880
2009-12-23,128.1638163987
2009-12-24,129.1300181188
2009-12-25,130.5509030013
2009-12-28,130.0962198389
2009-12-29,130.7782445824
2009-12-30,130.4372322107
2009-12-31,132.6538126273
2010-01-04,133.8473559286
2010-01-05,134.5293806722
2010-01-06,135.1545700205
2010-01-07,133.2221665803
2010-01-08,131.6307755119
2010-01-11,133.7766225602
2010-01-12,132.1390024444
2010-01-13,130.5013823286
2010-01-14,131.1225485794
2010-01-15,131.1225485794
2010-01-18,129.9366857370
2010-01-19,129.9366857370
2010-01-20,130.1060947145
2010-01-21,130.1060947145
2010-01-22,130.1060947145
2010-01-25,129.7108071003
2010-01-26,129.3719891454
2010-01-27,127.0567331196
2010-01-28,126.8873241421
2010-01-29,125.9273399363
2010-02-01,125.9273399363
2010-02-02,125.9273399363
2010-02-03,125.9273399363
2010-02-04,125.9273399363
2010-02-05,125.9273399363
2010-02-08,125.9273399363
2010-02-09,127.7072316669
2010-02-10,127.7072316669
2010-02-11,126.3723128690
2010-02-12,126.3723128690
2010-02-22,128.9309072316
2010-02-23,128.4303126824
2010-02-24,128.9865288482
2010-02-25,125.4823670037
2010-02-26,126.2054480192
2010-03-01,125.3155021540
2010-03-02,121.7000970763
2010-03-03,123.7580968897
2010-03-04,118.5296649312
2010-03-05,118.5296649312
2010-03-08,117.9117865737
2010-03-09,118.3751953418
2010-03-10,118.2207257524
2010-03-11,117.3968879423
2010-03-12,115.1313339645
2010-03-15,112.2479016291
2010-03-16,111.6815131346
2010-03-17,113.2776988917
2010-03-18,113.2776988917
2010-03-19,113.5866380705
2010-03-22,113.5866380705
2010-03-23,116.1096413640
2010-03-24,115.1828238276
2010-03-25,115.1828238276
2010-03-26,116.3156008165
2010-03-29,116.3156008165
2010-03-30,114.5649454700
2010-03-31,113.3806786180
2010-04-01,113.3806786180
2010-04-02,113.3806786180
2010-04-06,113.3806786180
2010-04-07,113.3806786180
2010-04-08,113.3806786180
2010-04-09,113.3806786180
2010-04-12,113.6823566986
2010-04-13,112.9281614971
2010-04-14,114.2354331796
2010-04-15,114.6376706204
2010-04-16,114.0343144592
2010-04-19,111.9728475753
2010-04-20,111.8722882151
2010-04-21,112.2242459758
2010-04-22,111.4197710942
2010-04-23,111.3192117340
2010-04-26,111.8722882151
2010-04-27,110.5147368525
2010-04-28,109.3080245302
2010-04-29,109.5091432505
2010-04-30,109.7102619709
2010-05-04,110.1627790918
2010-05-05,109.4085838903
2010-05-06,109.5091432505
2010-05-07,106.6432014850
2010-05-10,106.5426421248
2010-05-11,105.5873282030
2010-05-12,103.9537689762
2010-05-13,103.1122384655
2010-05-14,102.3697115442
2010-05-17,99.4491056539
2010-05-18,96.5284997636
2010-05-19,96.5284997636
2010-05-20,98.4095679642
2010-05-21,98.4095679642
2010-05-24,99.0035895012
2010-05-25,98.1620589904
2010-05-26,99.9936253962
2010-05-27,99.1025930907
2010-05-28,98.5580733484
2010-05-31,99.4986074487
2010-06-01,99.4986074487
2010-06-02,99.4986074487
2010-06-03,97.5680374534
2010-06-04,95.7859728424
2010-06-07,95.7859728424
2010-06-08,90.1922700356
2010-06-09,90.1922700356
2010-06-10,90.1922700356
2010-06-11,90.1922700356
2010-06-17,90.1922700356
2010-06-18,90.1922700356
2010-06-21,90.7691928716
2010-06-22,89.9038086175
2010-06-23,88.8461167515
2010-06-24,90.8653466776
2010-06-25,91.2499619017
2010-06-28,91.9711154467
2010-06-29,89.3268857815
2010-06-30,89.8076548115
2010-07-01,89.8076548115
2010-07-02,89.8076548115
2010-07-05,89.8076548115
2010-07-06,89.8076548115
2010-07-07,85.9134256682
2010-07-08,85.9134256682
2010-07-09,85.7280676840
2010-07-12,86.6548576049
2010-07-13,86.6548576049
2010-07-14,85.9597651643
2010-07-15,84.6159197789
2010-07-16,84.7085987710
2010-07-19,83.9208273383
2010-07-20,85.1256542354
2010-07-21,85.3110122196
2010-07-22,85.5427096998
2010-07-23,87.0719130693
2010-07-26,89.3425483756
2010-07-27,89.3425483756
2010-07-28,89.3425483756
2010-07-29,89.5742458558
2010-07-30,90.1303198083
2010-08-02,90.1303198083
2010-08-03,90.1303198083
2010-08-04,90.1303198083
2010-08-05,90.1303198083
2010-08-06,90.1303198083
2010-08-09,91.0790600168
2010-08-10,91.6663753840
2010-08-11,90.4465665445
2010-08-12,88.6846204430
2010-08-13,89.1364014947
2010-08-16,90.3110322290
2010-08-17,91.4856629634
2010-08-18,91.7567315944
2010-08-19,92.0278002254
2010-08-20,90.9887038065
2010-08-23,89.5430044412
2010-08-24,88.8201547585
2010-08-25,88.9556890740
2010-08-26,90.3110322290
2010-08-27,90.4013884393
2010-08-30,91.6663753840
2010-08-31,89.4074701257
2010-09-01,89.0460452843
2010-09-02,90.4917446497
2010-09-03,91.0790600168
2010-09-06,91.9374440150
2010-09-07,92.2536907512
2010-09-08,92.8861842235
2010-09-09,91.3493811756
2010-09-10,91.3945812652
2010-09-13,92.0273825203
2010-09-14,92.1629827892
2010-09-15,91.6205817134
2010-09-16,90.5357795619
2010-09-17,90.5357795619
2010-09-20,91.5301815341
2010-09-21,90.4905794723
2010-09-27,93.1121846718
2010-09-28,93.1573847614
2010-09-29,93.1121846718
2010-09-30,94.0613865543
2010-10-08,95.8241900506
2010-10-11,99.8921981187
2010-10-12,99.8921981187
2010-10-13,99.3949971326
2010-10-14,100.4797992841
2010-10-15,100.4797992841
2010-10-18,99.2101989322
2010-10-19,100.2530849356
2010-10-20,99.4369132807
2010-10-21,99.5275990202
2010-10-22,100.2077420659
2010-10-25,101.2052851996
2010-10-26,101.3413138087
2010-10-27,100.8425422418
2010-10-28,98.8474559745
2010-10-29,100.2984278053
2010-11-01,103.5177715549
2010-11-02,103.5177715549
2010-11-03,103.0643428578
2010-11-04,103.2457143366
2010-11-05,106.9638296531
2010-11-08,107.9880461735
2010-11-09,108.9677315409
2010-11-10,111.9067876429
2010-11-11,108.8786692347
2010-11-12,104.2028981633
2010-11-15,101.2193109082
2010-11-16,99.3490024796
2010-11-17,95.3411987041
2010-11-18,95.7865102347
2010-11-19,96.9443202143
2010-11-22,98.5029105715
2010-11-23,93.7380771939
2010-11-24,94.4505756429
2010-11-25,95.0740117858
2010-11-26,91.5115195409
2010-11-29,92.3130802960
2010-11-30,90.7990210919
2010-12-01,93.0701098980
2010-12-02,94.9849494796
2010-12-03,94.8068248674
2010-12-06,95.2966675511
2010-12-07,94.3615133368
2010-12-08,93.2037033572
2010-12-09,95.0011407220
2010-12-10,94.1243420075
2010-12-13,97.2808173799
2010-12-14,97.5438569942
2010-12-15,96.8424180226
2010-12-16,97.1492975727
2010-12-17,97.2369774441
2010-12-20,96.8862579583
2010-12-21,96.7108982154
2010-12-22,97.0177777655
2010-12-23,97.1931375084
2010-12-24,98.2014560301
2010-12-27,98.3329758373
2010-12-28,98.4206557088
2010-12-29,96.8424180226
2010-12-30,97.5876969300
2010-12-31,97.7192167371
2011-01-04,98.8590550661
2011-01-05,99.0344148090
2011-01-06,99.8235336521
2011-01-07,98.7275352589
2011-01-10,97.1931375084
2011-01-11,97.3684972513
2011-01-12,97.3684972513
2011-01-13,98.8048675729
2011-01-14,98.8048675729
2011-01-17,97.2814445046
2011-01-18,97.2814445046
2011-01-19,97.2814445046
2011-01-20,97.4555499981
2011-01-21,96.8897071441
2011-01-24,97.7602346117
2011-01-25,94.3651774881
2011-01-26,94.3651774881
2011-01-27,94.2345983680
2011-01-28,93.7558082608
2011-01-31,93.7558082608
2011-02-01,95.1921785823
2011-02-09,96.9332335175
2011-02-10,99.1966049333
2011-02-11,99.1966049333
2011-02-14,99.1966049333
2011-02-15,99.0224994398
2011-02-16,97.8539646999
2011-02-17,98.9792203753
2011-02-18,96.8585462177
2011-02-21,96.7287090244
2011-02-22,96.0362439934
2011-02-23,93.3529419981
2011-02-24,92.9201513537
2011-02-25,92.7470350959
2011-02-28,93.3962210625
2011-03-01,94.3916395446
2011-03-02,95.1273836401
2011-03-03,95.6467324134
2011-03-04,95.1273836401
2011-03-07,96.8585462177
2011-03-08,96.5988718311
2011-03-09,96.3116194510
2011-03-10,95.4498623106
2011-03-11,94.5470691159
2011-03-14,92.9466629981
2011-03-15,92.9466629981
2011-03-16,92.9466629981
2011-03-17,92.9466629981
2011-03-18,92.8235548352
2011-03-21,92.3311221835
2011-03-22,92.2080140206
2011-03-23,93.1928793239
2011-03-24,93.3159874868
2011-03-25,92.8645908895
2011-03-28,92.5363024550
2011-03-29,91.6745453146
2011-03-30,90.5255357941
2011-03-31,90.4434636855
2011-04-01,89.4996344365
2011-04-06,89.4996344365
2011-04-07,89.8279228710
2011-04-08,90.2793194683
2011-04-11,92.7825187808
2011-04-12,91.5514371517
2011-04-13,92.0328645162
2011-04-14,91.9526266222
2011-04-15,90.3077497934
2011-04-18,90.3478687405
2011-04-19,89.3448950644
2011-04-20,89.3448950644
2011-04-21,90.5885824227
2011-04-22,90.8292961050
2011-04-25,91.3107234695
2011-04-26,90.5083445286
2011-04-27,89.7059655878
2011-04-28,90.3478687405
2011-04-29,89.7460845348
2011-05-03,90.2676308464
2011-05-04,88.9437055940
2011-05-05,87.7401371827
2011-05-06,84.6910972074
2011-05-09,84.4503835252
2011-05-10,85.0521677308
2011-05-11,85.7726096222
2011-05-12,82.4905965615
2011-05-13,82.2504492644
2011-05-16,82.2504492644
2011-05-17,83.1309893538
2011-05-18,83.4111612005
2011-05-19,82.6106702101
2011-05-20,80.8896145807
2011-05-23,80.9296391302
2011-05-24,80.9296391302
2011-05-25,80.7295163826
2011-05-26,81.8101792196
2011-05-27,82.4905965615
2011-05-30,82.6106702101
2011-05-31,82.2904738139
2011-06-01,82.1704001653
2011-06-02,80.8495900312
2011-06-03,81.1297618778
2011-06-07,82.4105474625
2011-06-08,82.7307438586
2011-06-09,81.7301301206
2011-06-10,80.8302770843
2011-06-13,80.8302770843
2011-06-14,81.0258973096
2011-06-15,82.2778667514
2011-06-16,81.8475022558
2011-06-17,80.9085251744
2011-06-20,80.1260442733
2011-06-21,79.7348038228
2011-06-22,79.6565557327
2011-06-23,79.4609355074
2011-06-24,79.0696950568
2011-06-27,79.0696950568
2011-06-28,79.0696950568
2011-06-29,79.5783076426
2011-06-30,80.8694011294
2011-07-01,81.4171377602
2011-07-04,83.2950919228
2011-07-05,83.2950919228
2011-07-06,84.1558209140
2011-07-07,84.5861854096
2011-07-08,84.9774258602
2011-07-11,85.6337712667
2011-07-12,85.1704686268
2011-07-13,86.0198567999
2011-07-14,85.5179456067
2011-07-15,85.6723798200
2011-07-18,86.0970739065
2011-07-19,85.2862942868
2011-07-20,85.4407285001
2011-07-21,85.0160344135
2011-07-22,85.4021199467
2011-07-25,85.4407285001
2011-07-26,86.4445508864
2011-07-27,87.4869818261
2011-07-28,87.7958502527
2011-07-29,87.5255903794
2011-08-01,87.7958502527
2011-08-02,87.6028074860
2011-08-03,87.1395048462
2011-08-04,87.1395048462
2011-08-05,82.0431758078
2011-08-08,80.3586682317
2011-08-09,77.0279373426
2011-08-10,78.9421504973
2011-08-11,79.3249931282
2011-08-12,80.8563636519
2011-08-15,80.9712164412
2011-08-16,79.2484246020
2011-08-17,79.0952875496
2011-08-18,79.2101403389
2011-08-19,77.2193586581
2011-08-22,77.7936226045
2011-08-23,78.7124449187
2011-08-24,79.2101403389
2011-08-25,79.2484246020
2011-08-26,79.1718560758
2011-08-29,79.2867088651
2011-08-30,80.2438154424
2011-08-31,80.5883738103
2011-09-01,79.5546987068
2011-09-02,78.7890134449
2011-09-05,78.6358763925
2011-09-06,78.2530337616
2011-09-07,79.3249931282
2011-09-08,79.9375413377
2011-09-09,79.6312672329
2011-09-13,79.6312672329
2011-09-14,79.6312672329
2011-09-15,78.9816839590
2011-09-16,78.7524192740
2011-09-19,76.4597724247
2011-09-20,75.6191352466
2011-09-21,74.4346010412
2011-09-22,72.6769051233
2011-09-23,70.2696259316
2011-09-26,69.9257289042
2011-09-27,70.6135229590
2011-09-28,69.9257289042
2011-09-29,68.4737192329
2011-09-30,69.1615132877
2011-10-10,70.4224690548
2011-10-11,70.4224690548
2011-10-12,69.7346750001
2011-10-13,69.3143564110
2011-10-14,69.7728857809
2011-10-17,70.4175265734
2011-10-18,69.9624860140
2011-10-19,68.9386447552
2011-10-20,65.6396006993
2011-10-21,64.5399193473
2011-10-24,65.4879205128
2011-10-25,68.2940039627
2011-10-26,68.8628046620
2011-10-27,70.7588069930
2011-10-28,71.6688881119
2011-10-31,70.4554466200
2011-11-01,70.9484072261
2011-11-02,71.4792878788
2011-11-03,71.6688881119
2011-11-04,72.8823296037
2011-11-07,72.8064895105
2011-11-08,72.8064895105
2011-11-09,73.1093766223
2011-11-10,69.9669228369
2011-11-11,69.3990095022
2011-11-14,71.6706628410
2011-11-15,72.1249935088
2011-11-16,72.6171850656
2011-11-17,71.0270277284
2011-11-18,69.1718441683
2011-11-21,68.6417917226
2011-11-22,68.7932352785
2011-11-23,68.2253219438
2011-11-24,68.2631828328
2011-11-25,68.4903481666
2011-11-28,69.0582615014
2011-11-29,69.2854268352
2011-11-30,68.5282090556
2011-12-01,70.1940881708
2011-12-02,69.8912010589
2011-12-05,70.0047837259
2011-12-06,70.0047837259
2011-12-07,69.9669228369
2011-12-08,69.4368703912
2011-12-09,68.4985343048
2011-12-12,67.4100644446
2011-12-13,67.1848637839
2011-12-14,67.1848637839
2011-12-15,65.7585929326
2011-12-16,66.1714608106
2011-12-19,66.0963939237
2011-12-20,66.3215945844
2011-12-21,66.7344624624
2011-12-22,66.7344624624
2011-12-23,67.5977316619
2011-12-26,67.5977316619
2011-12-27,67.5601982184
2011-12-28,67.5977316619
2011-12-29,67.5226647750
2011-12-30,68.1607333137
2012-01-04,68.5360677483
2012-01-05,69.3618035043
2012-01-06,69.3242700608
2012-01-09,69.8122048257
2012-01-10,69.8497382692
2012-01-11,69.6620710519
2012-01-12,69.3284049319
2012-01-13,68.9576647986
2012-01-16,68.9576647986
2012-01-17,68.9576647986
2012-01-18,70.0328111852
2012-01-19,71.2933276385
2012-01-20,70.7372174385
2012-01-30,71.8865118519
2012-01-31,72.4426220518
2012-02-01,72.2943259985
2012-02-02,72.6279921185
2012-02-03,72.3314000118
2012-02-06,72.5909181052
2012-02-07,72.5909181052
2012-02-08,72.5538440918
2012-02-09,72.2959076222
2012-02-10,72.3327556893
2012-02-13,72.1116672868
2012-02-14,72.1485153539
2012-02-15,72.2590595552
2012-02-16,71.4115540122
2012-02-17,71.4852501463
2012-02-20,71.6694904818
2012-02-21,71.8168827501
2012-02-22,71.9274269514
2012-02-23,71.8537308172
2012-02-24,72.1853634210
2012-02-27,72.4801479577
2012-02-28,72.6643882931
2012-02-29,72.8117805614
2012-03-01,73.2539573665
2012-03-02,73.8435264398
2012-03-05,74.2120071107
2012-03-06,74.6541839157
2012-03-07,73.6592861044
2012-03-08,73.9909187082
2012-03-09,74.5291649645
2012-03-12,75.3544758910
2012-03-13,76.3233191524
2012-03-14,75.8568390636
2012-03-15,75.9644883148
2012-03-16,75.7133067285
2012-03-19,75.3544758910
2012-03-20,75.1032943047
2012-03-21,75.8209559798
2012-03-22,75.8209559798
2012-03-23,74.4932818808
2012-03-26,75.6774236448
2012-03-27,75.5697743935
2012-03-28,75.1750604722
2012-03-29,74.3856326295
2012-03-30,74.6009311321
2012-04-05,74.6009311321
2012-04-06,74.8521127184
2012-04-09,74.6368142158
2012-04-10,74.6368142158
2012-04-11,74.2779833782
2012-04-12,74.2779833782
2012-04-13,74.4565362229
2012-04-16,74.1708516714
2012-04-17,74.0994305336
2012-04-18,74.2779833782
2012-04-19,74.1708516714
2012-04-20,74.2779833782
2012-04-23,74.0994305336
2012-04-24,73.5994825685
2012-04-25,73.4209297239
2012-04-26,73.3137980171
2012-04-27,73.3495085860
2012-05-02,73.3495085860
2012-05-03,72.8852711899
2012-05-04,72.0996386734
2012-05-07,70.6355053472
2012-05-08,70.5283736404
2012-05-09,69.8141622618
2012-05-10,69.8141622618
2012-05-11,68.8228861242
2012-05-14,68.6812752474
2012-05-15,68.7166779666
2012-05-16,68.7166779666
2012-05-17,67.4421800754
2012-05-18,66.8049311298
2012-05-21,68.1856371786
2012-05-22,67.1589583218
2012-05-23,67.5483882330
2012-05-24,67.5837909522
2012-05-25,67.9378181442
2012-05-28,69.1061078778
2012-05-29,69.1061078778
2012-05-30,69.0353024394
2012-05-31,68.6812752474
2012-06-01,68.6812752474
2012-06-04,68.6812752474
2012-06-05,68.6812752474
2012-06-06,68.6812752474
2012-06-07,68.6812752474
2012-06-08,64.9285870122
2012-06-11,65.9204039442
2012-06-12,65.9204039442
2012-06-13,66.5934225766
2012-06-14,66.2392022438
2012-06-15,67.7977717083
2012-06-18,67.7977717083
2012-06-19,68.6479005072
2012-06-20,69.4980293060
2012-06-21,67.8331937416
2012-06-25,69.4626072727
2012-06-26,69.4626072727
2012-06-27,69.9939377720
2012-06-28,69.9939377720
2012-06-29,69.7459835390
2012-07-02,68.8604327069
2012-07-03,70.1002038719
2012-07-04,70.1002038719
2012-07-05,71.5525072366
2012-07-06,71.8713055362
2012-07-09,71.6595040464
2012-07-10,71.3771020600
2012-07-11,71.3771020600
2012-07-12,71.3771020600
2012-07-13,71.3771020600
2012-07-16,71.3771020600
2012-07-17,71.3771020600
2012-07-18,71.3771020600
2012-07-19,71.3771020600
2012-07-20,71.3771020600
2012-07-23,69.8944916314
2012-07-24,69.8944916314
2012-07-25,69.2237869137
2012-07-26,69.2237869137
2012-07-27,69.2237869137
2012-07-30,69.2237869137
2012-07-31,69.2237869137
2012-08-01,70.5651963491
2012-08-02,70.5651963491
2012-08-03,70.5651963491
2012-08-06,70.5651963491
2012-08-07,72.0125065293
2012-08-08,71.4124023083
2012-08-09,71.9029683693
2012-08-10,71.7628066376
2012-08-13,71.6927257717
2012-08-14,72.0781705339
2012-08-15,71.9730492351
2012-08-16,72.1482513998
2012-08-17,72.6388174608
2012-08-20,72.7439387596
2012-08-21,72.6738578937
2012-08-22,72.6388174608
2012-08-23,72.7789791925
2012-08-24,72.3584939973
2012-08-27,72.8490600583
2012-08-28,72.8140196254
2012-08-29,73.1644239547
2012-08-30,73.5148282840
2012-08-31,74.7412434365
2012-09-03,74.2857178084
2012-09-04,74.2857178084
2012-09-05,74.2857178084
2012-09-06,73.8301921803
2012-09-07,73.8301921803
2012-09-10,75.6138680691
2012-09-11,75.6138680691
2012-09-12,74.4946988840
2012-09-13,75.4040238469
2012-09-14,76.2783747728
2012-09-17,76.4182709209
2012-09-18,76.2783747728
2012-09-19,76.3133488098
2012-09-20,78.2019468097
2012-09-21,78.2019468097
2012-09-24,76.5931411061
2012-09-25,76.5931411061
2012-09-26,76.5931411061
2012-09-27,76.2434007357
2012-09-28,76.2434007357
2012-10-08,76.2434007357
2012-10-09,76.2434007357
2012-10-10,76.2434007357
2012-10-11,76.2434007357
2012-10-12,76.2434007357
2012-10-15,76.2434007357
2012-10-16,76.2434007357
2012-10-17,76.2434007357
2012-10-18,76.2434007357
2012-10-19,76.2434007357
2012-10-22,76.2434007357
2012-10-23,74.2286238039
2012-10-24,74.2286238039
2012-10-25,74.2286238039
2012-10-26,74.2286238039
2012-10-29,74.2286238039
2012-10-30,74.2286238039
2012-10-31,74.2286238039
2012-11-01,74.2286238039
2012-11-02,74.2286238039
2012-11-05,74.2286238039
2012-11-06,74.2286238039
2012-11-07,74.2286238039
2012-11-08,74.2286238039
2012-11-09,74.2286238039
2012-11-12,74.2286238039
2012-11-13,75.5871016680
2012-11-14,73.8454633807
2012-11-15,73.8454633807
2012-11-16,73.8454633807
2012-11-19,73.8454633807
2012-11-20,75.2387740105
2012-11-21,75.2387740105
2012-11-22,75.5522689022
2012-11-23,75.5522689022
2012-11-26,75.9354293254
2012-11-27,75.9354293254
2012-11-28,75.9354293254
2012-11-29,75.9354293254
2012-11-30,75.9354293254
2012-12-03,75.9354293254
2012-12-04,75.9354293254
2012-12-05,75.9354293254
2012-12-06,75.9354293254
2012-12-07,75.9354293254
2012-12-10,77.2033042736
2012-12-11,77.2718380545
2012-12-12,77.0319698211
2012-12-13,76.6893009162
2012-12-14,76.8263684782
2012-12-17,77.6487738499
2012-12-18,77.1347704926
2012-12-19,76.8949022592
2012-12-20,76.8263684782
2012-12-21,76.3808989018
2012-12-24,75.9696962159
2012-12-25,75.3528921871
2012-12-26,75.1815577347
2012-12-27,75.0102232822
2012-12-28,75.3528921871
2012-12-31,76.3466320113
2013-01-04,77.9229089739
2013-01-07,77.1690373831
2013-01-08,77.1005036021
2013-01-09,76.9291691497
2013-01-10,76.9634360401
2013-01-11,75.1815577347
2013-01-14,75.1815577347
2013-01-15,74.6003451465
2013-01-16,74.6003451465
2013-01-17,74.3268333402
2013-01-18,74.3268333402
2013-01-21,74.3268333402
2013-01-22,74.3268333402
2013-01-23,75.1131797831
2013-01-24,75.1131797831
2013-01-25,75.1131797831
2013-01-28,75.1131797831
2013-01-29,75.4208805651
2013-01-30,76.3781718869
2013-01-31,76.4123608627
2013-02-01,77.8824868211
2013-02-04,78.6346442882
2013-02-05,78.7030222397
2013-02-06,78.9765340460
2013-02-07,78.9765340460
2013-02-08,78.9765340460
2013-02-18,77.8843780004
2013-02-19,76.9970012134
2013-02-20,77.4406896069
2013-02-21,76.6557024491
2013-02-22,76.1096244263
2013-02-25,76.2120140556
2013-02-26,76.2802738084
2013-02-27,75.7341957857
2013-02-28,76.3826634377
2013-03-01,75.3246372686
2013-03-04,75.3246372686
2013-03-05,74.9492086279
2013-03-06,74.6420397401
2013-03-07,74.6420397401
2013-03-08,74.6420397401
2013-03-11,74.6420397401
2013-03-12,73.4616539953
2013-03-13,72.5242888451
2013-03-14,72.5242888451
2013-03-15,73.6005229065
2013-03-18,73.6005229065
2013-03-19,74.7809086512
2013-03-20,75.3363842958
2013-03-21,75.6488393459
2013-03-22,75.3016670680
2013-03-25,75.6141221181
2013-03-26,74.6767569679
2013-03-27,74.6767569679
2013-03-28,74.6767569679
2013-03-29,73.9129779566
2013-04-01,73.9129779566
2013-04-02,73.5310884509
2013-04-03,73.5310884509
2013-04-08,72.8367438952
2013-04-09,72.8367438952
2013-04-10,72.8367438952
2013-04-11,72.6995102750
2013-04-12,71.7388749340
2013-04-15,70.2979219224
2013-04-16,69.1314361511
2013-04-17,69.0971277461
2013-04-18,68.0335671899
2013-04-19,68.3080344302
2013-04-22,68.5481932655
2013-04-23,68.8226605058
2013-04-24,69.2000529612
2013-04-25,69.6803706317
2013-04-26,70.6753143778
2013-05-02,70.5723891627
2013-05-03,71.5330245038
2013-05-06,71.2585572635
2013-05-07,72.1162673894
2013-05-08,72.5622766549
2013-05-09,73.6944540211
2013-05-10,74.6951546577
2013-05-13,74.6951546577
2013-05-14,74.2662829563
2013-05-15,74.2662829563
2013-05-16,73.7659326380
2013-05-17,73.7659326380
2013-05-20,73.7659326380
2013-05-21,74.0875864141
2013-05-22,74.0875864141
2013-05-23,74.0875864141
2013-05-24,74.0875864141
2013-05-27,73.8731505634
2013-05-28,74.2662829563
2013-05-29,74.3735008817
2013-05-30,74.3377615732
2013-05-31,74.3377615732
2013-06-03,74.6951546577
2013-06-04,74.6951546577
2013-06-05,74.6951546577
2013-06-06,75.4099408267
2013-06-07,75.4099408267
2013-06-13,75.4099408267
2013-06-14,77.5789707642
2013-06-17,77.5789707642
2013-06-18,77.5789707642
2013-06-19,77.5789707642
2013-06-20,77.5789707642
2013-06-21,77.5789707642
2013-06-24,77.5789707642
2013-06-25,77.5789707642
2013-06-26,77.5789707642
2013-06-27,77.3259172715
2013-06-28,77.3259172715
2013-07-01,77.3259172715
2013-07-02,77.3259172715
2013-07-03,77.3259172715
2013-07-04,77.3259172715
2013-07-05,77.3259172715
2013-07-08,77.3259172715
2013-07-09,77.3259172715
2013-07-10,77.6185413671
2013-07-11,77.6185413671
2013-07-12,79.0085058214
2013-07-15,79.1548178692
2013-07-16,79.1548178692
2013-07-17,79.3742859409
2013-07-18,79.3742859409
2013-07-19,79.3742859409
2013-07-22,80.8374064191
2013-07-23,80.7276723832
2013-07-24,82.2639488853
2013-07-25,82.2639488853
2013-07-26,82.2639488853
2013-07-29,82.2639488853
2013-07-30,82.2639488853
2013-07-31,83.0686651483
2013-08-01,83.0686651483
2013-08-02,83.0686651483
2013-08-05,83.0686651483
2013-08-06,84.8609877341
2013-08-07,85.2267678536
2013-08-08,85.2267678536
2013-08-09,84.6068042021
2013-08-12,84.3879935016
2013-08-13,84.4609304018
2013-08-14,84.1327143510
2013-08-15,83.9868405506
2013-08-16,84.2056512512
2013-08-19,84.2421197012
2013-08-20,83.8044983002
2013-08-21,83.7315614000
2013-08-22,83.2210030988
2013-08-23,83.6221560498
2013-08-26,84.7526780025
2013-08-27,86.0655422056
2013-08-28,88.5453968115
2013-08-29,89.6029818641
2013-08-30,89.7853241145
2013-09-02,89.8947294647
2013-09-03,88.8371444122
2013-09-04,88.9830182126
2013-09-05,89.4935765138
2013-09-06,87.6336855593
2013-09-09,88.3423137445
2013-09-10,88.0273678844
2013-09-11,87.7911584894
2013-09-12,87.7911584894
2013-09-13,88.6966278370
2013-09-16,88.6966278370
2013-09-17,88.6966278370
2013-09-18,88.6966278370
2013-09-23,86.2951656541
2013-09-24,89.2477830921
2013-09-25,91.3342994150
2013-09-26,89.3658877896
2013-09-27,88.1061043494
2013-09-30,86.6494797467
2013-10-08,89.2477830921
2013-10-09,89.2477830921
2013-10-10,89.2477830921
2013-10-11,90.5469347648
2013-10-14,90.5469347648
2013-10-15,90.5469347648
2013-10-16,90.5469347648
2013-10-17,90.5469347648
2013-10-18,90.5469347648
2013-10-21,90.5469347648
2013-10-22,90.5469347648
2013-10-23,90.6640213184
2013-10-24,90.6640213184
2013-10-25,90.4688770624
2013-10-28,90.4688770624
2013-10-29,90.9372232767
2013-10-30,90.9372232767
2013-10-31,91.5226560446
2013-11-01,89.8053865922
2013-11-04,89.8053865922
2013-11-05,89.8053865922
2013-11-06,89.8053865922
2013-11-07,89.8053865922
2013-11-08,89.8053865922
2013-11-11,89.8053865922
2013-11-12,89.8053865922
2013-11-13,90.5140656622
2013-11-14,90.5140656622
2013-11-15,90.5140656622
2013-11-18,90.5140656622
2013-11-19,90.5140656622
2013-11-20,90.5140656622
2013-11-21,92.0889080399
2013-11-22,91.8920527427
2013-11-25,91.8920527427
2013-11-26,91.8920527427
2013-11-27,91.8920527427
2013-11-28,93.6243793583
2013-11-29,94.4905426660
2013-12-02,94.4905426660
2013-12-03,94.4905426660
2013-12-04,94.4905426660
2013-12-05,94.4905426660
2013-12-06,94.4905426660
2013-12-09,94.4905426660
2013-12-10,93.7809766385
2013-12-11,92.9531496064
2013-12-12,92.3618445834
2013-12-13,92.2041632440
2013-12-16,92.5195259229
2013-12-17,92.3224242486
2013-12-18,91.4157565467
2013-12-19,90.6273498495
2013-12-20,90.7061905192
2013-12-23,90.5879295146
2013-12-24,90.1148854963
2013-12-25,91.1792345376
2013-12-26,92.0859022394
2013-12-27,92.7560479321
2013-12-30,92.9531496064
2013-12-31,93.6627156339
2014-01-02,94.2540206569
2014-01-03,93.7021359688
2014-01-06,94.1357596523
2014-01-07,94.1751799871
2014-01-08,94.2934409917
2014-01-09,94.3328613266
2014-01-10,94.3328613266
2014-01-13,94.3328613266
2014-01-14,94.3328613266
2014-01-15,94.3328613266
2014-01-16,94.3328613266
2014-01-17,94.4954341165
2014-01-20,94.8205796962
2014-01-21,94.2922181291
2014-01-22,95.6740868431
2014-01-23,95.6740868431
2014-01-24,94.2922181291
2014-01-27,94.2922181291
2014-01-28,94.2922181291
2014-01-29,94.2922181291
2014-01-30,94.2922181291
2014-02-07,94.2922181291
2014-02-10,94.2922181291
2014-02-11,92.6664902303
2014-02-12,92.6664902303
2014-02-13,92.6664902303
2014-02-14,92.6664902303
2014-02-17,92.6664902303
2014-02-18,92.6664902303
2014-02-19,92.5429349100
2014-02-20,92.5429349100
2014-02-21,92.5429349100
2014-02-24,92.5429349100
2014-02-25,92.5429349100
2014-02-26,92.5429349100
2014-02-27,92.5429349100
2014-02-28,92.5429349100
2014-03-03,92.5429349100
2014-03-04,92.5429349100
2014-03-05,92.5429349100
2014-03-06,92.5429349100
2014-03-07,92.5429349100
2014-03-10,90.8564047878
2014-03-11,90.8564047878
2014-03-12,90.8564047878
2014-03-13,90.8564047878
2014-03-14,94.2727093943
2014-03-17,94.2727093943
2014-03-18,94.2727093943
2014-03-19,94.2727093943
2014-03-20,91.8510251163
2014-03-21,93.4510665143
2014-03-24,93.4510665143
2014-03-25,95.2240853607
2014-03-26,98.3376794324
2014-03-27,97.6890140008
2014-03-28,98.1647019840
2014-03-31,98.1647019840
2014-04-01,98.1647019840
2014-04-02,98.1647019840
2014-04-03,98.1647019840
2014-04-04,99.0295892262
2014-04-08,99.0295892262
2014-04-09,99.8944764683
2014-04-10,100.1135433027
2014-04-11,100.3326101370
2014-04-14,101.1212507407
2014-04-15,101.6470111432
2014-04-16,102.2603982794
2014-04-17,102.6985319481
2014-04-18,102.9614121494
2014-04-21,104.0129329543
2014-04-22,104.9768270255
2014-04-23,104.1443730549
2014-04-24,104.2319997886
2014-04-25,103.7938661199
2014-04-28,103.3995458181
2014-04-29,102.9614121494
2014-04-30,102.2603982794
2014-05-05,101.9975180782
2014-05-06,101.6908245101
2014-05-07,101.9975180782
2014-05-08,102.1289581788
2014-05-09,101.6908245101
2014-05-12,101.6908245101
2014-05-13,101.6908245101
2014-05-14,101.2849631262
2014-05-15,100.8791017424
2014-05-16,101.1045802889
2014-05-19,101.1045802889
2014-05-20,101.1045802889
2014-05-21,101.1045802889
2014-05-22,101.1045802889
2014-05-23,101.1045802889
2014-05-26,101.3751545448
2014-05-27,101.3751545448
2014-05-28,101.3751545448
2014-05-29,103.9456099759
2014-05-30,103.9456099759
2014-06-03,103.9456099759
2014-06-04,103.9456099759
2014-06-05,103.9456099759
2014-06-06,103.9456099759
2014-06-09,103.9456099759
2014-06-10,103.9456099759
2014-06-11,103.9456099759
2014-06-12,108.0795493917
2014-06-13,108.0795493917
2014-06-16,108.0795493917
2014-06-17,112.3512867879
2014-06-18,112.3512867879
2014-06-19,112.3512867879
2014-06-20,112.3512867879
2014-06-23,112.3512867879
2014-06-24,112.3512867879
2014-06-25,112.3512867879
2014-06-26,112.3512867879
2014-06-27,111.5244989048
2014-06-30,111.5244989048
2014-07-01,111.5244989048
2014-07-02,111.5244989048
2014-07-03,111.5244989048
2014-07-04,111.5244989048
2014-07-07,111.5244989048
2014-07-08,111.5244989048
2014-07-09,109.1382258156
2014-07-10,109.1382258156
2014-07-11,109.1382258156
2014-07-14,105.1761120071
2014-07-15,107.3372649935
2014-07-16,107.3372649935
2014-07-17,107.6074091168
2014-07-18,103.4651992262
2014-07-21,103.0149590206
2014-07-22,104.3656796372
2014-07-23,104.9960159249
2014-07-24,104.9960159249
2014-07-25,104.3206556166
2014-07-28,104.3206556166
2014-07-29,104.3206556166
2014-07-30,108.0576493224
2014-07-31,108.0576493224
2014-08-01,108.0576493224
2014-08-04,108.0576493224
2014-08-05,108.0576493224
2014-08-06,108.0576493224
2014-08-07,108.0576493224
2014-08-08,108.0576493224
2014-08-11,107.7746524232
2014-08-12,106.8784955759
2014-08-13,105.6993418295
2014-08-14,105.5106772301
2014-08-15,106.0766710284
2014-08-18,106.6426648266
2014-08-19,106.7841632762
2014-08-20,105.9823387287
2014-08-21,106.4068340774
2014-08-22,106.7841632762
2014-08-25,106.2181694779
2014-08-26,106.3596679275
2014-08-27,105.7936741292
2014-08-28,105.0861818814
2014-08-29,104.1428588842
2014-09-01,103.6711973857
2014-09-02,104.0956927344
2014-09-03,104.7088526825
2014-09-04,104.4730219332
2014-09-05,103.2938681868
2014-09-09,102.4920436392
2014-09-10,101.8240321816
2014-09-11,101.1560207240
2014-09-12,100.1062884335
2014-09-15,103.2077702010
2014-09-16,103.2077702010
2014-09-17,103.2077702010
2014-09-18,103.2077702010
2014-09-19,103.2077702010
2014-09-22,103.2077702010
2014-09-23,99.1519863512
2014-09-24,99.1519863512
2014-09-25,99.1519863512
2014-09-26,99.6291373923
2014-09-29,103.5894910339
2014-09-30,104.9255139491
2014-10-08,104.9255139491
2014-10-09,104.9255139491
2014-10-10,98.6748353100
2014-10-13,98.6748353100
2014-10-14,98.6748353100
2014-10-15,98.6748353100
2014-10-16,98.6748353100
2014-10-17,99.2175016820
2014-10-20,99.2175016820
2014-10-21,99.2175016820
2014-10-22,99.2175016820
2014-10-23,99.2175016820
2014-10-24,99.2175016820
2014-10-27,99.2175016820
2014-10-28,99.2175016820
2014-10-29,99.2175016820
2014-10-30,95.2831704850
2014-10-31,95.2831704850
2014-11-03,95.2831704850
2014-11-04,95.2831704850
2014-11-05,95.2831704850
2014-11-06,95.2831704850
2014-11-07,95.2831704850
2014-11-10,95.2831704850
2014-11-11,97.6107739220
2014-11-12,101.4240816805
2014-11-13,101.4240816805
2014-11-14,101.4240816805
2014-11-17,101.4240816805
2014-11-18,101.4240816805
2014-11-19,101.4240816805
2014-11-20,101.4240816805
2014-11-21,101.4240816805
2014-11-24,101.4240816805
2014-11-25,101.4240816805
2014-11-26,101.4240816805
2014-11-27,101.4240816805
2014-11-28,101.4240816805
2014-12-01,101.4240816805
2014-12-02,101.4240816805
2014-12-03,101.4240816805
2014-12-04,101.4240816805
2014-12-05,101.4240816805
2014-12-08,101.5356593281
2014-12-09,99.1367399044
2014-12-10,97.7978081330
2014-12-11,97.2957087188
2014-12-12,97.5746528378
2014-12-15,98.5230628425
2014-12-16,98.6346404901
2014-12-17,99.5272616711
2014-12-18,102.4840693328
2014-12-19,106.2219205278
2014-12-22,108.9555728944
2014-12-23,107.5050634754
2014-12-24,107.0587528849
2014-12-25,107.2261193564
2014-12-26,105.2177216993
2014-12-29,105.3850881707
2014-12-30,107.5608522992
2014-12-31,109.5134611324
2015-01-05,107.7840075944
2015-01-06,105.1061440517
2015-01-07,103.6556346327
2015-01-08,103.0419575709
2015-01-09,102.2051252138
2015-01-12,102.2051252138
2015-01-13,101.8625382019
2015-01-14,101.8625382019
2015-01-15,100.3779944837
2015-01-16,100.3779944837
2015-01-19,100.3779944837
2015-01-20,100.3779944837
2015-01-21,104.3748429557
2015-01-22,105.6309953327
2015-01-23,102.2051252138
2015-01-26,102.2051252138
2015-01-27,102.2051252138
2015-01-28,102.2051252138
2015-01-29,102.2051252138
2015-01-30,102.2051252138
2015-02-02,96.0956568351
2015-02-03,90.3858733036
2015-02-04,90.3858733036
2015-02-05,90.3858733036
2015-02-06,90.3858733036
2015-02-09,88.4596169873
2015-02-10,88.4596169873
2015-02-11,88.4596169873
2015-02-12,88.4596169873
2015-02-13,88.4596169873
2015-02-16,89.8919614276
2015-02-17,89.8919614276
2015-02-25,89.8919614276
2015-02-26,88.7065729253
2015-02-27,89.7437878648
2015-03-02,92.8060414959
2015-03-03,92.8060414959
2015-03-04,92.8060414959
2015-03-05,92.8060414959
2015-03-06,92.8060414959
2015-03-09,91.9127213103
2015-03-10,91.9127213103
2015-03-11,91.6149479152
2015-03-12,91.6645768144
2015-03-13,91.6645768144
2015-03-16,91.6645768144
2015-03-17,92.0119791087
2015-03-18,93.9475061774
2015-03-19,93.9475061774
2015-03-20,93.9475061774
2015-03-23,93.9475061774
2015-03-24,93.9475061774
2015-03-25,95.3371153548
2015-03-26,95.3371153548
2015-03-27,95.3371153548
2015-03-30,98.9103960969
2015-03-31,102.8310791334
2015-04-01,108.9850626336
2015-04-02,108.9850626336
2015-04-03,108.9850626336
2015-04-07,108.9850626336
2015-04-08,108.9850626336
2015-04-09,115.4864484283
2015-04-10,114.2299193158
2015-04-13,113.4874248402
2015-04-14,113.0305051630
2015-04-15,111.8310910102
2015-04-16,113.6016547596
2015-04-17,114.5154941141
2015-04-20,115.3722185089
2015-04-21,116.1147129845
2015-04-22,115.4293334686
2015-04-23,116.1147129845
2015-04-24,117.8852767339
2015-04-27,120.6839097571
2015-04-28,121.4835191923
2015-04-29,120.3983349588
2015-04-30,123.3111979014
2015-05-04,124.6819569332
2015-05-05,122.9685081434
2015-05-06,122.1117837486
2015-05-07,120.5696798378
2015-05-08,117.6568168953
2015-05-11,118.6730465997
2015-05-12,117.4874452779
2015-05-13,117.0357876314
2015-05-14,118.2213889533
2015-05-15,117.7697313069
2015-05-18,116.1889295444
2015-05-19,114.7774993993
2015-05-20,112.8579544019
2015-05-21,112.7450399903
2015-05-22,115.6243574863
2015-05-25,115.7372718979
2015-05-26,115.9631007211
2015-05-27,112.6885827845
2015-05-28,112.6885827845
2015-05-29,110.0915513175
2015-06-01,110.0915513175
2015-06-02,110.0915513175
2015-06-03,109.5269792595
2015-06-04,109.5269792595
2015-06-05,109.5269792595
2015-06-08,109.5269792595
2015-06-09,107.6014791071
2015-06-10,107.6014791071
2015-06-11,107.6014791071
2015-06-12,111.6790088416
2015-06-15,110.8295234803
2015-06-16,110.8295234803
2015-06-17,110.8295234803
2015-06-18,110.8295234803
2015-06-19,106.6387290308
2015-06-23,106.6387290308
2015-06-24,106.6387290308
2015-06-25,108.3376997536
2015-06-26,108.7341262556
2015-06-29,109.9234057615
2015-06-30,110.7728911229
2015-07-01,110.7728911229
2015-07-02,110.7728911229
2015-07-03,110.7728911229
2015-07-06,110.7728911229
2015-07-07,110.7728911229
2015-07-08,110.7728911229
2015-07-09,110.7728911229
2015-07-10,106.8584482403
2015-07-13,104.6383164562
2015-07-14,108.5527593387
2015-07-15,110.6560420816
2015-07-16,107.2089953642
2015-07-17,107.2089953642
2015-07-20,107.2089953642
2015-07-21,107.2089953642
2015-07-22,107.2089953642
2015-07-23,107.2089953642
2015-07-24,107.2089953642
2015-07-27,107.2089953642
2015-07-28,102.9440053578
2015-07-29,103.9372222086
2015-07-30,103.9956467293
2015-07-31,103.9372222086
2015-08-03,103.9372222086
2015-08-04,103.9372222086
2015-08-05,103.9372222086
2015-08-06,103.9372222086
2015-08-07,103.9372222086
2015-08-10,104.3492044031
2015-08-11,107.7627711574
2015-08-12,108.5867355464
2015-08-13,108.8810085424
2015-08-14,108.9987177409
2015-08-17,107.8216257566
2015-08-18,106.0559877803
2015-08-19,105.9971331811
2015-08-20,104.1726406055
2015-08-21,104.3492044031
2015-08-24,101.7596020378
2015-08-25,102.2304388315
2015-08-26,102.9955486212
2015-08-27,103.8195130102
2015-08-28,107.1742251653
2015-08-31,107.3507889629
2015-09-01,107.7627711574
2015-09-02,107.5273527606
2015-09-07,106.0559877803
2015-09-08,106.2914061771
2015-09-09,105.9971331811
2015-09-10,102.3481480299
2015-09-11,104.0338822327
2015-09-14,104.0338822327
2015-09-15,103.6124486820
2015-09-16,106.2614595722
2015-09-17,106.2614595722
2015-09-18,106.2614595722
2015-09-21,105.4787972638
2015-09-22,105.4787972638
2015-09-23,105.4787972638
2015-09-24,105.4787972638
2015-09-25,104.0338822327
2015-09-28,100.1205706904
2015-09-29,100.1205706904
2015-09-30,106.0206404004
2015-10-08,106.0206404004
2015-10-09,106.0206404004
2015-10-12,106.0206404004
2015-10-13,106.0206404004
2015-10-14,105.9604356074
2015-10-15,105.9604356074
2015-10-16,105.9604356074
2015-10-19,105.9604356074
2015-10-20,105.9604356074
2015-10-21,105.9604356074
2015-10-22,105.9604356074
2015-10-23,106.8371768004
2015-10-26,106.8371768004
2015-10-27,106.8371768004
2015-10-28,105.8351868656
2015-10-29,105.8351868656
2015-10-30,105.2089431563
2015-11-02,109.8431466049
2015-11-03,109.8431466049
2015-11-04,108.9664054119
2015-11-05,108.9664054119
2015-11-06,108.9664054119
2015-11-09,108.9664054119
2015-11-10,108.9664054119
2015-11-11,108.9664054119
2015-11-12,108.9664054119
2015-11-13,108.9664054119
2015-11-16,108.9664054119
2015-11-17,108.9664054119
2015-11-18,108.9664054119
2015-11-19,108.9664054119
2015-11-20,104.9885773268
2015-11-23,98.7283888651
2015-11-24,101.5324316136
2015-11-25,102.7714272466
2015-11-26,102.7714272466
2015-11-27,102.7714272466
2015-11-30,102.7714272466
2015-12-01,102.7714272466
2015-12-02,102.7714272466
2015-12-03,102.7714272466
2015-12-04,102.7714272466
2015-12-07,102.7714272466
2015-12-08,102.7714272466
2015-12-09,103.6541266218
2015-12-10,103.4019268003
2015-12-11,103.2758268896
2015-12-14,102.8975271574
2015-12-15,103.2127769342
2015-12-16,103.6541266218
2015-12-17,104.3476761308
2015-12-18,105.2934254613
2015-12-21,106.6805244793
2015-12-22,107.5632238545
2015-12-23,107.6893237652
2015-12-24,108.5720231403
2015-12-25,108.7611730064
2015-12-28,109.2655726493
2015-12-29,109.5808224262
2015-12-30,109.9591221584
2015-12-31,111.2201212657
2016-01-04,112.9224700606
2016-01-05,111.9136707747
2016-01-06,110.9679214442
2016-01-07,109.0764227832
2016-01-08,108.0676234974
2016-01-11,109.5488841294
2016-01-12,109.0980656761
2016-01-13,109.0980656761
2016-01-14,108.5184419506
2016-01-15,112.4470027571
2016-01-18,112.4470027571
2016-01-19,112.4470027571
2016-01-20,112.4470027571
2016-01-21,111.9317816677
2016-01-22,109.7420920379
2016-01-25,109.7420920379
2016-01-26,110.1285078549
2016-01-27,110.1285078549
2016-01-28,110.1285078549
2016-01-29,110.1285078549
2016-02-01,110.1285078549
2016-02-02,110.1285078549
2016-02-03,110.1285078549
2016-02-04,110.1285078549
2016-02-05,110.1285078549
2016-02-15,114.4013285602
2016-02-16,114.4013285602
2016-02-17,117.9849846355
2016-02-18,117.9849846355
2016-02-19,117.9849846355
2016-02-22,117.9849846355
2016-02-23,117.9849846355
2016-02-24,118.0539010985
2016-02-25,118.0539010985
2016-02-26,118.0539010985
2016-02-29,118.0539010985
2016-03-01,118.0539010985
2016-03-02,118.0539010985
2016-03-03,118.0539010985
2016-03-04,118.0539010985
2016-03-07,118.0539010985
2016-03-08,118.0539010985
2016-03-09,118.0539010985
2016-03-10,117.2037186832
2016-03-11,115.9891723756
2016-03-14,114.4102621757
2016-03-15,114.4102621757
2016-03-16,114.5317168065
2016-03-17,118.1146284139
2016-03-18,118.1146284139
2016-03-21,119.5720839830
2016-03-22,118.7219015677
2016-03-23,118.4182649908
2016-03-24,117.3859006294
2016-03-25,119.5113566677
2016-03-28,119.5113566677
2016-03-29,118.5397196216
2016-03-30,119.3291747215
2016-03-31,123.2764502212
2016-04-01,123.2764502212
2016-04-05,123.2764502212
2016-04-06,123.2764502212
2016-04-07,123.2764502212
2016-04-08,123.2764502212
2016-04-11,123.4829434377
2016-04-12,122.5881394997
2016-04-13,123.9647609427
2016-04-14,122.1063219947
2016-04-15,122.4504773554
2016-04-18,121.8998287782
2016-04-19,120.3167141187
2016-04-20,118.6647683871
2016-04-21,119.9037276858
2016-04-22,119.3530791086
2016-04-25,121.1426869845
2016-04-26,122.7258016440
2016-04-27,122.2439841390
2016-04-28,121.3491802010
2016-04-29,118.9400926757
2016-05-03,115.4985390682
2016-05-04,115.9803565733
2016-05-05,116.1868497897
2016-05-06,115.9803565733
2016-05-09,115.4985390682
2016-05-10,114.5349040581
2016-05-11,116.5540604215
2016-05-12,118.4339646218
2016-05-13,116.6236865029
2016-05-16,116.7629386659
2016-05-17,117.1110690734
2016-05-18,117.1110690734
2016-05-19,116.6236865029
2016-05-20,115.8577996065
2016-05-23,118.5732167848
2016-05-24,118.5732167848
2016-05-25,118.5732167848
2016-05-26,118.5732167848
2016-05-27,123.7255468154
2016-05-30,119.6176080072
2016-05-31,121.4278861261
2016-06-01,116.0666778510
2016-06-02,116.0666778510
2016-06-03,116.0666778510
2016-06-06,116.0666778510
2016-06-07,116.0666778510
2016-06-08,116.0666778510
2016-06-13,116.0666778510
2016-06-14,116.0666778510
2016-06-15,121.1160218610
2016-06-16,123.0265844593
2016-06-17,123.0265844593
2016-06-20,123.0265844593
2016-06-21,128.1441628478
2016-06-22,128.1441628478
2016-06-23,128.1441628478
2016-06-24,128.1441628478
2016-06-27,128.1441628478
2016-06-28,134.4217256710
2016-06-29,134.4217256710
2016-06-30,130.4641317173
2016-07-01,130.4641317173
2016-07-04,130.4641317173
2016-07-05,130.4641317173
2016-07-06,130.4641317173
2016-07-07,130.4641317173
2016-07-08,130.4641317173
2016-07-11,130.4641317173
2016-07-12,130.4641317173
2016-07-13,130.4641317173
2016-07-14,131.0252677677
2016-07-15,131.4461198055
2016-07-18,126.6764633771
2016-07-19,128.9210075787
2016-07-20,128.2897295220
2016-07-21,128.2897295220
2016-07-22,128.2897295220
2016-07-25,128.2897295220
2016-07-26,126.6764633771
2016-07-27,126.6764633771
2016-07-28,126.6764633771
2016-07-29,126.6764633771
2016-08-01,126.6764633771
2016-08-02,126.6764633771
2016-08-03,126.6764633771
2016-08-04,126.6764633771
2016-08-05,126.6764633771
2016-08-08,126.8152868986
2016-08-09,127.5788162669
2016-08-10,126.3294045733
2016-08-11,125.2188164013
2016-08-12,125.7046987265
2016-08-15,126.1905810518
2016-08-16,125.7046987265
2016-08-17,125.1494046405
2016-08-18,125.9823457696
2016-08-19,126.4682280948
2016-08-22,125.9129340088
2016-08-23,126.7458751379
2016-08-24,128.4811691567
2016-08-25,127.1623457024
2016-08-26,127.7870515492
2016-08-29,126.5376398556
2016-08-30,125.4270516835
2016-08-31,124.8023458367
2016-09-01,124.5246987937
2016-09-02,124.1776399899
2016-09-05,123.8305811862
2016-09-06,124.2470517507
2016-09-07,124.2470517507
2016-09-08,125.0799928797
2016-09-09,118.8259932358
2016-09-12,124.7286445851
2016-09-13,124.5178356084
2016-09-14,124.6583749262
2016-09-19,123.8151390192
2016-09-20,123.4637907246
2016-09-21,123.4637907246
2016-09-22,123.4637907246
2016-09-23,118.8259932358
2016-09-26,124.6583749262
2016-09-27,124.6583749262
2016-09-28,124.6583749262
2016-09-29,124.6583749262
2016-09-30,124.6583749262
2016-10-10,124.6583749262
2016-10-11,124.6583749262
2016-10-12,124.6583749262
2016-10-13,124.6583749262
2016-10-14,124.6583749262
2016-10-17,124.6583749262
2016-10-18,124.6583749262
2016-10-19,124.6583749262
2016-10-20,124.6583749262
2016-10-21,124.6583749262
2016-10-24,124.6583749262
2016-10-25,124.6583749262
2016-10-26,126.3622892910
2016-10-27,128.8159259762
2016-10-28,128.8159259762
2016-10-31,128.8159259762
2016-11-01,128.8159259762
2016-11-02,128.8159259762
2016-11-03,128.8159259762
2016-11-04,128.8159259762
2016-11-07,128.8159259762
2016-11-08,128.8159259762
2016-11-09,128.8159259762
2016-11-10,128.8159259762
2016-11-11,128.8159259762
2016-11-14,128.8159259762
2016-11-15,128.8159259762
2016-11-16,128.8159259762
2016-11-17,128.8159259762
2016-11-18,128.8159259762
2016-11-21,128.8159259762
2016-11-22,131.2162227336
2016-11-23,131.2162227336
2016-11-24,131.2162227336
2016-11-25,131.2162227336
2016-11-28,131.2162227336
2016-11-29,131.2162227336
2016-11-30,131.2162227336
2016-12-01,131.2162227336
2016-12-02,131.2162227336
2016-12-05,131.2162227336
2016-12-06,131.2162227336
2016-12-07,131.2162227336
2016-12-08,131.2162227336
2016-12-09,132.0687019417
2016-12-12,136.0032213640
2016-12-13,134.7572902136
2016-12-14,133.0523317973
2016-12-15,132.1998525891
2016-12-16,132.6588798551
2016-12-19,130.7571954676
2016-12-20,128.3964838143
2016-12-21,127.8718812246
2016-12-22,128.3964838143
2016-12-23,127.9374565483
2016-12-26,127.7407305772
2016-12-27,130.1670175543
2016-12-28,130.8883461150
2016-12-29,131.1506474099
2016-12-30,128.2653331668
2017-01-03,126.5603747505
2017-01-04,125.5767448949
2017-01-05,125.3144436001
2017-01-06,125.3144436001
2017-01-09,124.8554163342
2017-01-10,126.6915253979
2017-01-11,126.6915253979
2017-01-12,126.6915253979
2017-01-13,127.4792447268
2017-01-16,125.0504434627
2017-01-17,125.0504434627
2017-01-18,126.0350926238
2017-01-19,126.0350926238
2017-01-20,126.2320224561
2017-01-23,132.4024905324
2017-01-24,132.4024905324
2017-01-25,132.4024905324
2017-01-26,141.6581926470
2017-02-03,141.6581926470
2017-02-06,141.6581926470
2017-02-07,141.6581926470
2017-02-08,141.6581926470
2017-02-09,141.6581926470
2017-02-10,141.6581926470
2017-02-13,141.6581926470
2017-02-14,137.0093068124
2017-02-15,136.1459423002
2017-02-16,136.1459423002
2017-02-17,136.1459423002
2017-02-20,136.1459423002
2017-02-21,136.1459423002
2017-02-22,136.1459423002
2017-02-23,136.1459423002
2017-02-24,136.1459423002
2017-02-27,136.1459423002
2017-02-28,129.3718515126
2017-03-01,119.0778900216
2017-03-02,119.0778900216
2017-03-03,119.0778900216
2017-03-06,119.0778900216
2017-03-07,119.0778900216
2017-03-08,119.0778900216
2017-03-09,119.0778900216
2017-03-10,118.8980140548
2017-03-13,118.8980140548
2017-03-14,118.8980140548
2017-03-15,118.8980140548
2017-03-16,118.8980140548
2017-03-17,118.8980140548
2017-03-20,118.8980140548
2017-03-21,118.8980140548
2017-03-22,118.8980140548
2017-03-23,118.8980140548
2017-03-24,118.8980140548
2017-03-27,118.8980140548
2017-03-28,118.8980140548
2017-03-29,118.8980140548
2017-03-30,118.8980140548
2017-03-31,118.8980140548
2017-04-05,118.8980140548
2017-04-06,118.8980140548
2017-04-07,118.8980140548
2017-04-10,118.8980140548
2017-04-11,118.8980140548
2017-04-12,118.8980140548
2017-04-13,118.3245509645
2017-04-14,115.9032623610
2017-04-17,115.8395442399
2017-04-18,114.6926180593
2017-04-19,114.1191549690
2017-04-20,114.0554368479
2017-04-21,114.1191549690
2017-04-24,111.6341482444
2017-04-25,111.2518395175
2017-04-26,111.5067120021
2017-04-27,111.4429938810
2017-04-28,112.7810744250
2017-05-02,113.4182556364
2017-05-03,113.2271012730
2017-05-04,110.6783764272
2017-05-05,110.2323495792
2017-05-08,111.5067120021
2017-05-09,110.5509401849
2017-05-10,109.6505834877
2017-05-11,110.2293842216
2017-05-12,110.4866289923
2017-05-15,112.2230311941
2017-05-16,112.2230311941
2017-05-17,112.2230311941
2017-05-18,112.2230311941
2017-05-19,112.2230311941
2017-05-22,112.2230311941
2017-05-23,112.2230311941
2017-05-24,112.2230311941
2017-05-25,117.6894825703
2017-05-26,114.8597900932
2017-05-31,120.4548638548
2017-06-01,120.4548638548
2017-06-02,120.4548638548
2017-06-05,120.4548638548
2017-06-06,120.4548638548
2017-06-07,120.4548638548
2017-06-08,120.4548638548
2017-06-09,120.4548638548
2017-06-12,120.4548638548
2017-06-13,120.4548638548
2017-06-14,120.4548638548
2017-06-15,120.4548638548
2017-06-16,120.4548638548
2017-06-19,122.8005638351
2017-06-20,117.2216017197
2017-06-21,114.4321206620
2017-06-22,113.4811612106
2017-06-23,113.4811612106
2017-06-26,113.4811612106
2017-06-27,113.4811612106
2017-06-28,113.4811612106
2017-06-29,113.4811612106
2017-06-30,113.4811612106
2017-07-03,113.4811612106
2017-07-04,113.4811612106
2017-07-05,113.4811612106
2017-07-06,113.4811612106
2017-07-07,113.4811612106
2017-07-10,113.4811612106
2017-07-11,113.4811612106
2017-07-12,113.4811612106
2017-07-13,115.5397763799
2017-07-14,115.5397763799
2017-07-17,115.5397763799
2017-07-18,115.5397763799
2017-07-19,117.4697281012
2017-07-20,117.4697281012
2017-07-21,117.4697281012
2017-07-24,117.4697281012
2017-07-25,117.4697281012
2017-07-26,117.4697281012
2017-07-27,117.4697281012
2017-07-28,117.4697281012
2017-07-31,117.4697281012
2017-08-01,117.4697281012
2017-08-02,117.4697281012
2017-08-03,117.4697281012
2017-08-04,117.4697281012
2017-08-07,117.4697281012
2017-08-08,117.4697281012
2017-08-09,118.7653501023
2017-08-10,118.5802612450
2017-08-11,116.9144615293
2017-08-14,116.0507135285
2017-08-15,114.6316989559
2017-08-16,115.0635729563
2017-08-17,116.9761578150
2017-08-18,117.3463355297
2017-08-21,118.5185649592
2017-08-22,119.6907943888
2017-08-23,120.1226683892
2017-08-24,119.9992758177
2017-08-25,120.9247201042
2017-08-28,119.2589203884
2017-08-29,120.4311498180
2017-08-30,120.4928461038
2017-08-31,121.2332015330
2017-09-01,122.7756086772
2017-09-04,124.8115861075
2017-09-05,125.1200675363
2017-09-06,124.3180158214
2017-09-07,122.7139123914
2017-09-08,121.4182903903
2017-09-11,119.7634222224
2017-09-12,119.7634222224
2017-09-13,120.9892504949
2017-09-14,121.9086216993
2017-09-15,121.9086216993
2017-09-18,121.9086216993
2017-09-19,117.4956399183
2017-09-20,117.4956399183
2017-09-21,117.4956399183
2017-09-22,117.4956399183
2017-09-25,114.7375263052
2017-09-26,114.7375263052
2017-09-27,114.7375263052
2017-09-28,114.7375263052
2017-09-29,112.7762010692
2017-10-09,112.7762010692
2017-10-10,112.7762010692
2017-10-11,112.7762010692
2017-10-12,112.7762010692
2017-10-13,112.7762010692
2017-10-16,112.7762010692
2017-10-17,112.7762010692
2017-10-18,112.7762010692
2017-10-19,112.7762010692
2017-10-20,112.7762010692
2017-10-23,112.7762010692
2017-10-24,112.7762010692
2017-10-25,112.7762010692
2017-10-26,112.7762010692
2017-10-27,112.7762010692
2017-10-30,113.1932287541
2017-10-31,113.3123795212
2017-11-01,113.3123795212
2017-11-02,113.3123795212
2017-11-03,113.3123795212
2017-11-06,113.3123795212
2017-11-07,113.3123795212
2017-11-08,113.3123795212
2017-11-09,113.3123795212
2017-11-10,113.3123795212
2017-11-13,113.3123795212
2017-11-14,113.3123795212
2017-11-15,113.3123795212
2017-11-16,113.3123795212
2017-11-17,113.3123795212
2017-11-20,113.3123795212
2017-11-21,113.3123795212
2017-11-22,113.3123795212
2017-11-23,113.3123795212
2017-11-24,112.4959238788
2017-11-27,111.8544230168
2017-11-28,111.8544230168
2017-11-29,111.8544230168
2017-11-30,111.8544230168
2017-12-01,111.8544230168
2017-12-04,111.8544230168
2017-12-05,111.8544230168
2017-12-06,111.8544230168
2017-12-07,111.8544230168
2017-12-08,111.8544230168
2017-12-11,112.0296518780
2017-12-12,112.4385192206
2017-12-13,111.7960133965
2017-12-14,111.8544230168
2017-12-15,111.4455556742
2017-12-18,111.5623749150
2017-12-19,112.0296518780
2017-12-20,112.3801096002
2017-12-21,112.2632903595
2017-12-22,111.5039652946
2017-12-25,110.8614594705
2017-12-26,110.6278209890
2017-12-27,111.5039652946
2017-12-28,111.6207845353
2017-12-29,111.5039652946
2018-01-02,113.9571693503
2018-01-03,113.6067116281
2018-01-04,113.4314827669
2018-01-05,113.6067116281
2018-01-08,114.4828559337
2018-01-09,112.5553384613
2018-01-10,112.5553384613
2018-01-11,112.5553384613
2018-01-12,112.9548756668
2018-01-15,112.9548756668
2018-01-16,112.6694919486
2018-01-17,112.6694919486
2018-01-18,112.6694919486
2018-01-19,112.6694919486
2018-01-22,112.6694919486
2018-01-23,112.6694919486
2018-01-24,112.6694919486
2018-01-25,112.6694919486
2018-01-26,112.6694919486
2018-01-29,113.9822570524
2018-01-30,113.9822570524
2018-01-31,113.9822570524
2018-02-01,113.9822570524
2018-02-02,113.9822570524
2018-02-05,113.9822570524
2018-02-06,113.9822570524
2018-02-07,113.9822570524
2018-02-08,107.8750454827
2018-02-09,107.8750454827
2018-02-12,107.8750454827
2018-02-13,107.8750454827
2018-02-14,107.8750454827
2018-02-22,107.8750454827
2018-02-23,107.8750454827
2018-02-26,107.8750454827
2018-02-27,104.8363118071
2018-02-28,104.8363118071
2018-03-01,104.8363118071
2018-03-02,104.8363118071
2018-03-05,104.8363118071
2018-03-06,104.8363118071
2018-03-07,104.8363118071
2018-03-08,104.8363118071
2018-03-09,104.8363118071
2018-03-12,104.8363118071
2018-03-13,104.8363118071
2018-03-14,104.8363118071
2018-03-15,104.8363118071
2018-03-16,104.8363118071
2018-03-19,104.8363118071
2018-03-20,102.7505631953
2018-03-21,102.7505631953
2018-03-22,102.7505631953
2018-03-23,102.6407869525
2018-03-26,101.2136957971
2018-03-27,101.2136957971
2018-03-28,105.8242979917
2018-03-29,105.8242979917
2018-03-30,106.8122841763
2018-04-02,103.1896681662
2018-04-03,103.1896681662
2018-04-04,103.1896681662
2018-04-09,103.1896681662
2018-04-10,109.3371377591
2018-04-11,119.1621114834
2018-04-12,118.7816044749
2018-04-13,118.5913509707
2018-04-16,118.0205904580
2018-04-17,117.2595764411
2018-04-18,117.8937547885
2018-04-19,118.5913509707
2018-04-20,117.7669191190
2018-04-23,117.1327407716
2018-04-24,117.5132477801
2018-04-25,117.5132477801
2018-04-26,117.3229942758
2018-04-27,117.3229942758
2018-05-02,119.0352758139
2018-05-03,120.8743930215
2018-05-04,122.3964210553
2018-05-07,122.2695853859
2018-05-08,122.3964210553
2018-05-09,123.0305994028
2018-05-10,123.0305994028
2018-05-11,123.0305994028
2018-05-14,123.0305994028
2018-05-15,123.0305994028
2018-05-16,123.0305994028
2018-05-17,123.0305994028
2018-05-18,123.0305994028
2018-05-21,123.0305994028
2018-05-22,119.5703637946
2018-05-23,123.4791484631
2018-05-24,123.4791484631
2018-05-25,123.4791484631
2018-05-28,123.4791484631
2018-05-29,118.2247166136
2018-05-30,119.7625991061
2018-05-31,125.7218937647
2018-06-01,132.3860512324
2018-06-04,132.3860512324
2018-06-05,132.3860512324
2018-06-06,132.3860512324
2018-06-07,132.3860512324
2018-06-08,132.3860512324
2018-06-11,134.5087564900
2018-06-12,134.5087564900
2018-06-13,136.4899480637
2018-06-14,132.3860512324
2018-06-15,128.6359386106
2018-06-19,127.7868565076
2018-06-20,127.7868565076
2018-06-21,126.7255038788
2018-06-22,126.7255038788
2018-06-25,126.7255038788
2018-06-26,126.7255038788
2018-06-27,126.7255038788
2018-06-28,126.7255038788
2018-06-29,128.7066954525
2018-07-02,128.7066954525
2018-07-03,128.7066954525
2018-07-04,128.7066954525
2018-07-05,128.7066954525
2018-07-06,128.7066954525
2018-07-09,128.7066954525
2018-07-10,129.2739976914
2018-07-11,129.2739976914
2018-07-12,129.2739976914
2018-07-13,129.2739976914
2018-07-16,129.2739976914
2018-07-17,129.2739976914
2018-07-18,129.2739976914
2018-07-19,129.2739976914
2018-07-20,129.2739976914
2018-07-23,129.2739976914
2018-07-24,129.3449104713
2018-07-25,129.5576488109
2018-07-26,129.5576488109
2018-07-27,129.5576488109
2018-07-30,132.5359855652
2018-07-31,132.5359855652
2018-08-01,132.5359855652
2018-08-02,132.5359855652
2018-08-03,132.5359855652
2018-08-06,132.5359855652
2018-08-07,132.5359855652
2018-08-08,134.6633689611
2018-08-09,135.5713688555
2018-08-10,134.6633689611
2018-08-13,134.6633689611
2018-08-14,135.6412150012
2018-08-15,134.9427535440
2018-08-16,134.6633689611
2018-08-17,134.5935228153
2018-08-20,133.8950613581
2018-08-21,133.8252152123
2018-08-22,134.4538305239
2018-08-23,134.5236766696
2018-08-24,133.5458306294
2018-08-27,133.2664460465
2018-08-28,133.1267537551
2018-08-29,132.4981384435
2018-08-30,131.9393692777
2018-08-31,132.0790615692
2018-09-03,130.7519848004
2018-09-04,132.2187538606
2018-09-05,130.6122925089
2018-09-06,131.2409078205
2018-09-07,129.9138310517
2018-09-10,125.4480431093
2018-09-11,125.4480431093
2018-09-12,125.4480431093
2018-09-13,125.4480431093
2018-09-14,125.4480431093
2018-09-17,125.4480431093
2018-09-18,125.4480431093
2018-09-19,125.4480431093
2018-09-20,125.4480431093
2018-09-21,125.4480431093
2018-09-25,125.4480431093
2018-09-26,125.4480431093
2018-09-27,125.4480431093
2018-09-28,125.4480431093
2018-10-08,125.4480431093
2018-10-09,125.4480431093
2018-10-10,125.4480431093
2018-10-11,125.4480431093
2018-10-12,125.4480431093
2018-10-15,125.4480431093
2018-10-16,125.4480431093
2018-10-17,125.4480431093
2018-10-18,125.4480431093
2018-10-19,125.4480431093
2018-10-22,128.3941194903
2018-10-23,128.3941194903
2018-10-24,128.3941194903
2018-10-25,128.3941194903
2018-10-26,128.3941194903
2018-10-29,128.3941194903
2018-10-30,128.3941194903
2018-10-31,128.3941194903
2018-11-01,128.3941194903
2018-11-02,128.3941194903
2018-11-05,128.3941194903
2018-11-06,128.3941194903
2018-11-07,128.3941194903
2018-11-08,128.3941194903
2018-11-09,128.3941194903
2018-11-12,127.2926149799
2018-11-13,127.2926149799
2018-11-14,127.2926149799
2018-11-15,127.2926149799
2018-11-16,127.2926149799
2018-11-19,123.0931290341
2018-11-20,124.4011656402
2018-11-21,124.4011656402
2018-11-22,124.4011656402
2018-11-23,124.4011656402
2018-11-26,124.4011656402
2018-11-27,124.4011656402
2018-11-28,124.4011656402
2018-11-29,124.4011656402
2018-11-30,124.4011656402
2018-12-03,124.4011656402
2018-12-04,124.4011656402
2018-12-05,124.4011656402
2018-12-06,124.4011656402
2018-12-07,124.4011656402
2018-12-10,124.8865659521
2018-12-11,123.4303650165
2018-12-12,123.9851082300
2018-12-13,124.1931369351
2018-12-14,125.2332804605
2018-12-17,126.2040810843
2018-12-18,126.1347381826
2018-12-19,126.4814526910
2018-12-20,126.4121097893
2018-12-21,125.3026233622
2018-12-24,124.4011656402
2018-12-25,123.3610221148
2018-12-26,124.1237940334
2018-12-27,125.6493378707
2018-12-28,125.5799949690
2019-01-02,125.0945946571
2019-01-03,125.0252517554
2019-01-04,125.0252517554
2019-01-07,125.1639375588
2019-01-08,125.1639375588
2019-01-09,124.2624798368
2019-01-10,123.3508476484
2019-01-11,118.8628122592
2019-01-14,123.9819776250
2019-01-15,123.9819776250
2019-01-16,123.9819776250
2019-01-17,123.9819776250
2019-01-18,123.9819776250
2019-01-21,123.9819776250
2019-01-22,123.9819776250
2019-01-23,123.9819776250
2019-01-24,123.9819776250
2019-01-25,123.9819776250
2019-01-28,123.9819776250
2019-01-29,123.9819776250
2019-01-30,123.9819776250
2019-01-31,123.9819776250
2019-02-01,123.9819776250
2019-02-11,123.9819776250
2019-02-12,123.9819776250
2019-02-13,123.9819776250
2019-02-14,123.9819776250
2019-02-15,123.9819776250
2019-02-18,123.9819776250
2019-02-19,123.9819776250
2019-02-20,123.9819776250
2019-02-21,123.9819776250
2019-02-22,123.9819776250
2019-02-25,123.9819776250
2019-02-26,123.9819776250
2019-02-27,123.9819776250
2019-02-28,118.0448124993
2019-03-01,118.0448124993
2019-03-04,118.0448124993
2019-03-05,118.0448124993
2019-03-06,118.0448124993
2019-03-07,118.0448124993
2019-03-08,118.0448124993
2019-03-11,118.0448124993
2019-03-12,118.0448124993
2019-03-13,118.0448124993
2019-03-14,118.0448124993
2019-03-15,118.0448124993
2019-03-18,118.0448124993
2019-03-19,118.0448124993
2019-03-20,118.0448124993
2019-03-21,118.0448124993
2019-03-22,118.0448124993
2019-03-25,118.0448124993
2019-03-26,118.0448124993
2019-03-27,118.0448124993
2019-03-28,118.0448124993
2019-03-29,118.0448124993
2019-04-01,118.0448124993
2019-04-02,118.0448124993
2019-04-03,118.0448124993
2019-04-04,118.0448124993
2019-04-08,118.0448124993
2019-04-09,118.0448124993
2019-04-10,117.9763012906
2019-04-11,118.0448124993
2019-04-12,117.9763012906
2019-04-15,117.7707676647
2019-04-16,117.2911892042
2019-04-17,116.9486331609
2019-04-18,115.9894762399
2019-04-19,115.0303193188
2019-04-22,115.0303193188
2019-04-23,114.6192520669
2019-04-24,114.5507408583
2019-04-25,114.6192520669
2019-04-26,114.6877632756
2019-04-29,114.5507408583
2019-04-30,114.2081848150
2019-05-06,113.0434942680
2019-05-07,112.8379606421
2019-05-08,110.9196468000
2019-05-09,109.1383553751
2019-05-10,108.8643105405
2019-05-13,108.5326094115
2019-05-14,104.2204947344
2019-05-15,100.7708029927
2019-05-16,100.8371432185
2019-05-17,104.8175567666
2019-05-20,104.8175567666
2019-05-21,104.8175567666
2019-05-22,104.8175567666
2019-05-23,104.8175567666
2019-05-24,104.8175567666
2019-05-27,104.8175567666
2019-05-28,104.8175567666
2019-05-29,104.8175567666
2019-05-30,104.8175567666
2019-05-31,107.0731244439
2019-06-03,107.0731244439
2019-06-04,104.8175567666
2019-06-05,104.8175567666
2019-06-06,104.8175567666
2019-06-10,104.8175567666
2019-06-11,104.8175567666
2019-06-12,104.8175567666
2019-06-13,108.9086861694
2019-06-14,105.0997036220
2019-06-17,105.0997036220
2019-06-18,105.0997036220
2019-06-19,105.0997036220
2019-06-20,106.5104378988
2019-06-21,106.5104378988
2019-06-24,106.5104378988
2019-06-25,106.5104378988
2019-06-26,106.5104378988
2019-06-27,106.5104378988
2019-06-28,108.4149291725
2019-07-01,108.4149291725
2019-07-02,108.4149291725
2019-07-03,108.4149291725
2019-07-04,108.4149291725
2019-07-05,108.4149291725
2019-07-08,108.4149291725
2019-07-09,108.4149291725
2019-07-10,108.4149291725
2019-07-11,108.4149291725
2019-07-12,108.4149291725
2019-07-15,108.4149291725
2019-07-16,108.4149291725
2019-07-17,108.4149291725
2019-07-18,108.4149291725
2019-07-19,108.1374757389
2019-07-22,109.5247429068
2019-07-23,109.5247429068
2019-07-24,107.3051154382
2019-07-25,103.0739505760
2019-07-26,103.0739505760
2019-07-29,103.0739505760
2019-07-30,103.6288574432
2019-07-31,103.6288574432
2019-08-01,103.6288574432
2019-08-02,103.6288574432
2019-08-05,103.6288574432
2019-08-06,103.6288574432
2019-08-07,103.6288574432
2019-08-08,103.6288574432
2019-08-09,104.1140761737
2019-08-12,104.8072457887
2019-08-13,104.6686118657
2019-08-14,104.5992949042
2019-08-15,103.6288574432
2019-08-16,102.9356878282
2019-08-19,102.6584199822
2019-08-20,103.0743217512
2019-08-21,102.0345673287
2019-08-22,101.2027637907
2019-08-23,100.1630093682
2019-08-26,99.9550584837
2019-08-27,100.0243754452
2019-08-28,99.3312058302
2019-08-29,98.5687192537
2019-08-30,97.7369157157
2019-09-02,97.8062326772
2019-09-03,98.3607683692
2019-09-04,98.6380362152
2019-09-05,99.1925719072
2019-09-06,98.7766701382
2019-09-09,98.9846210227
2019-09-10,99.2618888687
2019-09-11,99.2618888687
2019-09-12,100.0907981703
2019-09-16,104.8570266546
2019-09-17,106.2385421573
2019-09-18,106.3076179324
2019-09-19,106.3076179324
2019-09-20,106.3076179324
2019-09-23,106.3076179324
2019-09-24,104.1662689032
2019-09-25,104.1662689032
2019-09-26,102.9919807259
2019-09-27,102.9919807259
2019-09-30,102.9919807259
2019-10-08,102.9919807259
2019-10-09,102.9919807259
2019-10-10,102.9919807259
2019-10-11,102.9919807259
2019-10-14,102.9919807259
2019-10-15,102.9919807259
2019-10-16,102.9210984268
2019-10-17,102.9210984268
2019-10-18,101.4325701437
2019-10-21,101.4325701437
2019-10-22,101.0072763486
2019-10-23,99.7313949631
2019-10-24,99.7313949631
2019-10-25,101.7869816397
2019-10-28,101.7869816397
2019-10-29,101.7869816397
2019-10-30,101.9287462381
2019-10-31,99.2352188688
2019-11-01,99.2352188688
2019-11-04,100.6528648526
2019-11-05,100.6528648526
2019-11-06,100.6528648526
2019-11-07,101.2199232461
2019-11-08,100.7237471518
2019-11-11,100.7237471518
2019-11-12,100.7237471518
2019-11-13,100.7237471518
2019-11-14,98.3272409215
2019-11-15,98.3272409215
2019-11-18,98.3272409215
2019-11-19,98.3272409215
2019-11-20,98.3272409215
2019-11-21,98.3272409215
2019-11-22,100.0893778555
2019-11-25,100.0893778555
2019-11-26,99.0320956951
2019-11-27,100.3008342876
2019-11-28,99.2435521272
2019-11-29,101.2876309707
2019-12-02,101.2876309707
2019-12-03,101.2876309707
2019-12-04,101.2876309707
2019-12-05,101.2876309707
2019-12-06,101.2876309707
2019-12-09,101.7762687493
2019-12-10,101.2178255738
2019-12-11,100.7291877951
2019-12-12,100.5895770012
2019-12-13,101.0084093829
2019-12-16,101.4272417646
2019-12-17,101.4272417646
2019-12-18,100.8687985890
2019-12-19,100.3103554134
2019-12-20,100.8687985890
2019-12-23,101.1480201768
2019-12-24,100.9386039860
2019-12-25,100.8687985890
2019-12-26,101.1480201768
2019-12-27,101.3574363677
2019-12-30,101.3574363677
2019-12-31,100.3801608104
2020-01-02,99.6821068409
2020-01-03,99.8915230318
2020-01-06,100.7989931921
2020-01-07,100.8687985890
2020-01-08,101.9158795432
2020-01-09,101.2876309707
2020-01-10,101.2185869141
2020-01-13,101.1495428576
2020-01-14,101.0804988010
2020-01-15,101.7709393666
2020-01-16,101.7709393666
2020-01-17,101.6328512535
2020-01-20,101.6328512535
2020-01-21,100.8043225748
2020-01-22,96.7997672944
2020-01-23,96.7997672944
2020-02-03,96.7997672944
2020-02-04,96.7997672944
2020-02-05,96.7997672944
2020-02-06,96.7997672944
2020-02-07,96.7997672944
2020-02-10,96.7997672944
2020-02-11,96.7997672944
2020-02-12,96.7997672944
2020-02-13,96.7997672944
2020-02-14,96.7997672944
2020-02-17,96.7997672944
2020-02-18,96.7997672944
2020-02-19,92.9437326082
2020-02-20,90.8162651952
2020-02-21,87.7580307889
2020-02-24,86.1624302291
2020-02-25,84.2344128860
2020-02-26,82.9047457529
2020-02-27,82.9047457529
2020-02-28,79.7800279899
2020-03-02,83.9684794594
2020-03-03,83.9684794594
2020-03-04,86.4283636557
2020-03-05,86.1624302291
2020-03-06,86.1624302291
2020-03-09,82.7488049669
2020-03-10,84.2027564675
2020-03-11,84.7716940112
2020-03-12,84.3924023154
2020-03-13,83.9498953369
2020-03-16,83.8234647717
2020-03-17,81.7373604448
2020-03-18,81.7373604448
2020-03-19,81.7373604448
2020-03-20,79.6512561179
2020-03-23,76.9329989647
2020-03-24,77.5651517910
2020-03-25,78.8294574437
2020-03-26,74.1515265288
2020-03-27,73.3297278546
2020-03-30,68.9678733529
2020-03-31,71.4332693756
2020-04-01,71.4332693756
2020-04-02,72.0654222019
2020-04-03,72.0654222019
2020-04-07,72.0654222019
2020-04-08,72.0654222019
2020-04-09,72.0654222019
2020-04-10,73.3724620110
2020-04-13,77.2341705379
2020-04-14,76.0459525296
2020-04-15,75.0953781230
2020-04-16,74.8577345213
2020-04-17,75.6300762267
2020-04-20,73.0754075089
2020-04-21,70.5207387911
2020-04-22,68.9760553804
2020-04-23,71.8277786002
2020-04-24,73.3724620110
2020-04-27,74.6200909197
2020-04-28,74.2636255172
2020-04-29,73.9071601147
2020-04-30,74.0853928160
2020-05-06,75.2141999238
2020-05-07,76.8777051354
2020-05-08,75.9271307288
2020-05-11,75.4518435255
2020-05-12,76.7588833346
2020-05-13,76.2835961313
2020-05-14,77.0794923991
2020-05-15,77.2631607686
2020-05-18,77.5080519279
2020-05-19,79.4059584127
2020-05-20,79.4059584127
2020-05-21,81.9160927959
2020-05-22,81.6712016365
2020-05-25,81.5487560569
2020-05-26,81.4263104772
2020-05-27,81.4875332670
2020-05-28,87.6098122503
2020-05-29,84.0588904400
2020-06-01,84.0588904400
2020-06-02,84.0588904400
2020-06-03,84.0588904400
2020-06-04,84.0588904400
2020-06-05,84.0588904400
2020-06-08,85.2780651868
2020-06-09,85.2780651868
2020-06-10,85.7914019223
2020-06-11,84.8288955433
2020-06-12,84.2513917158
2020-06-15,85.7272348304
2020-06-16,86.3047386579
2020-06-17,86.3047386579
2020-06-18,88.2939185080
2020-06-19,88.2939185080
2020-06-22,88.2939185080
2020-06-23,86.1764044740
2020-06-24,88.0372501402
2020-06-29,88.0372501402
2020-06-30,87.3314121289
2020-07-01,87.3314121289
2020-07-02,87.3314121289
2020-07-03,87.3314121289
2020-07-06,87.3314121289
2020-07-07,87.3314121289
2020-07-08,87.3314121289
2020-07-09,87.9357817630
2020-07-10,86.9687903484
2020-07-13,87.9962187264
2020-07-14,87.8149078362
2020-07-15,87.8149078362
2020-07-16,86.3644207143
2020-07-17,85.0952444827
2020-07-20,86.1831098241
2020-07-21,85.6996141168
2020-07-22,85.4578662631
2020-07-23,83.8260682510
2020-07-24,83.8260682510
2020-07-27,85.2765553729
2020-07-28,86.6061685679
2020-07-29,85.5183032266
2020-07-30,85.8809250070
2020-07-31,83.3425725438
2020-08-03,83.4030095072
2020-08-04,86.9083533850
2020-08-05,86.9083533850
2020-08-06,86.9083533850
2020-08-07,86.9083533850
2020-08-10,85.4568568775
2020-08-11,85.4568568775
2020-08-12,85.2149407930
2020-08-13,84.6101505815
2020-08-14,84.9730247084
2020-08-17,85.2149407930
2020-08-18,86.3035631736
2020-08-19,86.3035631736
2020-08-20,86.3035631736
2020-08-21,85.9406890467
2020-08-24,85.5173358987
2020-08-25,86.4245212158
2020-08-26,86.8478743639
2020-08-27,87.6945806599
2020-08-28,87.5736226176
2020-08-31,89.2670352096
2020-09-01,89.9927834634
2020-09-02,91.9281121400
2020-09-03,92.1700282246
2020-09-04,92.1095492035
2020-09-07,91.2023638863
2020-09-08,91.3233219286
2020-09-09,89.7508673788
2020-09-10,90.1137415057
2020-09-11,88.6622449982
2020-09-14,89.3879932519
2020-09-15,89.2670352096
2020-09-16,88.6622449982
2020-09-17,88.9041610828
2020-09-18,89.3879932519
2020-09-21,89.7508673788
2020-09-22,88.7227240193
2020-09-23,87.5131435965
2020-09-24,87.2712275119
2020-09-25,87.6945806599
2020-09-28,87.6341016387
2020-09-29,87.2712275119
2020-09-30,86.1826051313
2020-10-09,86.1826051313
2020-10-12,89.2670352096
2020-10-13,89.5694303154
2020-10-14,88.9646401039
2020-10-15,89.2065561885
2020-10-16,88.1179338079
2020-10-19,86.3048075979
2020-10-20,87.8157461062
2020-10-21,87.8157461062
2020-10-22,87.7553085659
2020-10-23,86.8487454609
2020-10-26,86.6674328399
2020-10-27,87.4531208642
2020-10-28,87.3926833239
2020-10-29,87.7553085659
2020-10-30,87.8761836466
2020-11-02,87.8761836466
2020-11-03,88.8431842919
2020-11-04,88.8431842919
2020-11-05,88.8431842919
2020-11-06,88.8431842919
2020-11-09,89.2633885419
2020-11-10,89.5035052562
2020-11-11,89.6835927920
2020-11-12,89.6235636134
2020-11-13,90.8241471849
2020-11-16,92.3248766493
2020-11-17,93.0452267922
2020-11-18,94.5459562566
2020-11-19,95.0261896852
2020-11-20,94.7260437923
2020-11-23,94.7860729709
2020-11-24,97.6674735425
2020-11-25,98.2077361497
2020-11-26,97.7875318997
2020-11-27,96.8270650425
2020-11-30,97.3673276497
2020-12-01,97.4873860068
2020-12-02,97.4873860068
2020-12-03,97.4873860068
2020-12-04,97.4873860068
2020-12-07,97.8475610783
2020-12-08,97.2472692925
2020-12-09,96.6341087043
2020-12-10,97.7377977631
2020-12-11,97.1246371749
2020-12-14,98.8414868219
2020-12-15,96.6341087043
2020-12-16,95.3464714690
2020-12-17,95.6530517631
2020-12-18,96.9406889984
2020-12-21,96.6341087043
2020-12-22,96.0209481161
2020-12-23,94.7946269396
2020-12-24,95.5304196455
2020-12-25,94.8559429984
2020-12-28,93.6909378808
2020-12-29,92.8938291161
2020-12-30,92.2193524691
2020-12-31,93.2004094102
2021-01-04,94.4880466455
2021-01-05,95.7756838808
2021-01-06,96.3888444690
2021-01-07,95.9596320572
2021-01-08,95.3464714690
2021-01-11,94.8376177187
2021-01-12,94.7104042811
2021-01-13,95.2192580314
2021-01-14,95.3464714690
2021-01-15,95.6008983442
2021-01-18,96.4913924073
2021-01-19,97.5727066267
2021-01-20,97.5090999079
2021-01-21,97.5090999079
2021-01-22,98.9720544401
2021-01-25,98.9720544401
2021-01-26,98.7812342838
2021-01-27,99.2900880341
2021-01-28,99.8625485032
2021-01-29,100.8802560039
2021-02-01,101.1982895979
2021-02-02,100.2441888160
2021-02-03,100.6258291287
2021-02-04,101.3891097542
2021-02-05,101.3891097542
2021-02-08,101.3891097542
2021-02-09,101.3891097542
2021-02-10,101.3891097542
2021-02-18,104.9029100293
2021-02-19,107.9694993602
2021-02-22,114.4860016885
2021-02-23,114.3582271330
2021-02-24,112.6332706343
2021-02-25,112.8249324675
2021-02-26,113.3360306894
2021-03-01,112.3138342457
2021-03-02,112.3777215234
2021-03-03,113.5276925225
2021-03-04,113.5276925225
2021-03-05,113.5276925225
2021-03-08,117.0533972593
2021-03-09,116.3482563119
2021-03-10,113.9764185799
2021-03-11,113.0789664651
2021-03-12,113.6558999675
2021-03-15,115.7713228095
2021-03-16,116.0918414220
2021-03-17,113.6558999675
2021-03-18,112.9507590202
2021-03-19,110.7071287332
2021-03-22,111.3481659580
2021-03-23,111.3481659580
2021-03-24,111.3481659580
2021-03-25,109.5532617284
2021-03-26,109.9378840633
2021-03-29,110.2584026758
2021-03-30,110.3866101207
2021-03-31,108.9763282260
2021-04-01,109.6173654509
2021-04-02,112.0533069054
2021-04-06,112.0533069054
2021-04-07,112.0533069054
2021-04-08,112.0533069054
2021-04-09,112.0533069054
2021-04-12,109.6315940809
2021-04-13,107.8643982360
2021-04-14,107.3407846523
2021-04-15,108.9116254033
2021-04-16,109.7624974768
2021-04-19,109.7624974768
2021-04-20,109.5661423829
2021-04-21,107.4062363503
2021-04-22,106.8826227666
2021-04-23,106.9480744646
2021-04-26,107.4716880483
2021-04-27,107.4062363503
2021-04-28,108.1916567258
2021-04-29,108.5843669135
2021-04-30,108.6498186115
2021-05-06,110.3515627584
2021-05-07,111.5296933217
2021-05-10,111.9878552074
2021-05-11,110.1552076646
2021-05-12,109.6970457788
2021-05-13,109.8279491748
2021-05-14,108.6950152330
2021-05-17,109.2281606174
2021-05-18,108.2951561948
2021-05-19,106.4291473496
2021-05-20,104.6964248505
2021-05-21,104.6964248505
2021-05-24,101.9640547557
2021-05-25,105.7627156191
2021-05-26,104.7630680235
2021-05-27,104.3632089852
2021-05-28,104.0299931200
2021-05-31,101.5641957174
2021-06-01,101.5641957174
2021-06-02,101.6308388905
2021-06-03,101.6308388905
2021-06-04,101.6308388905
2021-06-07,100.4312617757
2021-06-08,100.4312617757
2021-06-09,100.4312617757
2021-06-10,99.8949132482
2021-06-11,100.5653489076
2021-06-15,100.5653489076
2021-06-16,100.6994360395
2021-06-17,101.0346538692
2021-06-18,101.0346538692
2021-06-21,103.9175272045
2021-06-22,103.9175272045
2021-06-23,103.9175272045
2021-06-24,103.9175272045
2021-06-25,104.3868321661
2021-06-28,107.2697055014
2021-06-29,107.2697055014
2021-06-30,108.5435332543
2021-07-01,108.5435332543
2021-07-02,108.5435332543
2021-07-05,108.5435332543
2021-07-06,108.5435332543
2021-07-07,108.5435332543
2021-07-08,108.5435332543
2021-07-09,109.6903574092
2021-07-12,109.8927381424
2021-07-13,112.1863864523
2021-07-14,111.3094032750
2021-07-15,109.2855959428
2021-07-16,109.2855959428
2021-07-19,113.6705118293
2021-07-20,112.3213069412
2021-07-21,112.1189262079
2021-07-22,112.1189262079
2021-07-23,111.4443237638
2021-07-26,111.3094032750
2021-07-27,111.3094032750
2021-07-28,111.3094032750
2021-07-29,111.3094032750
2021-07-30,111.0395622974
2021-08-02,111.0395622974
2021-08-03,111.0395622974
2021-08-04,111.0395622974
2021-08-05,111.0395622974
2021-08-06,111.0395622974
2021-08-09,111.1772430938
2021-08-10,112.3475298632
2021-08-11,113.7931782254
2021-08-12,113.9308590218
2021-08-13,114.6192630038
2021-08-16,115.0323053930
2021-08-17,115.5830285786
2021-08-18,115.3765073840
2021-08-19,113.7243378272
2021-08-20,112.2786894650
2021-08-23,112.2786894650
2021-08-24,113.6554974290
2021-08-25,113.7243378272
2021-08-26,112.4852106596
2021-08-27,111.7279662794
2021-08-30,112.5540510578
2021-08-31,111.9344874740
2021-09-01,111.2460834920
2021-09-02,112.8294126506
2021-09-03,114.8257841984
2021-09-06,114.6192630038
2021-09-07,116.1337517642
2021-09-08,116.8909961444
2021-09-09,117.5105597282
2021-09-10,117.3040385336
2021-09-13,118.5431657012
2021-09-14,118.2678041084
2021-09-15,119.6446120725
2021-09-16,123.1554723807
2021-09-17,122.6735895933
2021-09-22,120.4018564527
2021-09-23,120.5395372491
2021-09-24,120.8148988419
2021-09-27,126.7351730871
2021-09-28,127.0793750781
2021-09-29,127.1482154763
2021-09-30,132.7242877305
2021-10-08,132.7242877305
2021-10-11,135.7532652514
2021-10-12,136.3039884370
2021-10-13,133.5503725090
2021-10-14,133.5503725090
2021-10-15,129.8329910061
2021-10-18,130.5156039977
2021-10-19,132.9047494684
2021-10-20,128.0581972279
2021-10-21,127.5121068346
2021-10-22,127.0342777405
2021-10-25,125.2594839623
2021-10-26,123.8259966799
2021-10-27,123.1433836883
2021-10-28,120.1398865251
2021-10-29,119.9351026276
2021-11-01,120.0306684465
2021-11-02,117.1909984013
2021-11-03,118.4606585657
2021-11-04,117.2729119603
2021-11-05,119.8668413285
2021-11-08,122.3125425844
2021-11-09,122.5873404783
2021-11-10,122.3400223738
2021-11-11,122.3400223738
2021-11-12,124.3872666835
2021-11-15,121.9003457435
2021-11-16,120.7736743784
2021-11-17,120.3614775375
2021-11-18,119.7157024868
2021-11-19,119.9767604860
2021-11-22,120.7461945890
2021-11-23,121.7354670071
2021-11-24,122.3812420579
2021-11-25,122.3537622685
2021-11-26,122.2301032162
2021-11-29,122.1064441639
2021-11-30,120.0591998542
2021-12-01,114.5907217652
2021-12-02,115.4151154469
2021-12-03,116.7204054431
2021-12-06,118.1630943862
2021-12-07,117.1738219680
2021-12-08,116.5692666014
2021-12-09,116.3643276658
2021-12-10,114.1509871607
2021-12-13,114.3286009049
2021-12-14,116.9654818770
2021-12-15,115.8178238373
2021-12-16,114.4652268620
2021-12-17,115.4352711575
2021-12-20,116.2550269001
2021-12-21,116.8971688985
2021-12-22,116.5009536229
2021-12-23,116.5965917928
2021-12-24,117.6076238754
2021-12-27,116.7468803457
2021-12-28,116.1320635387
2021-12-29,117.4709979183
2021-12-30,117.6349490668
2021-12-31,117.4709979183
2022-01-04,119.5477124663
2022-01-05,118.9602208507
2022-01-06,118.8782452765
2022-01-07,119.9985781247
2022-01-10,119.1241719993
2022-01-11,118.5640055751
2022-01-12,120.8419586399
2022-01-13,121.0628510583
2022-01-14,122.1120900457
2022-01-17,121.5874705520
2022-01-18,121.5736647758
2022-01-19,122.7471557486
2022-01-20,123.5616965414
2022-01-21,123.2579694661
2022-01-24,123.8378120644
2022-01-25,122.0706727172
2022-01-26,123.8792293928
2022-01-27,124.8594394995
2022-01-28,124.7489932903
2022-02-07,129.6362380473
2022-02-08,129.7742958088
2022-02-09,129.7190727042
2022-02-10,129.7190727042
2022-02-11,129.7190727042
2022-02-14,128.5251624099
2022-02-15,128.8272360988
2022-02-16,126.8853338128
2022-02-17,124.7995869131
2022-02-18,124.9722004496
2022-02-21,124.0372104600
2022-02-22,124.0084415373
2022-02-23,124.9578159882
2022-02-24,125.8784215164
2022-02-25,126.0798039757
2022-02-28,125.5907322888
2022-03-01,125.8640370550
2022-03-02,130.1793754683
2022-03-03,130.1074531614
2022-03-04,130.1074531614
2022-03-07,134.4947138816
2022-03-08,134.4947138816
2022-03-09,134.9840996128
2022-03-10,133.9045722647
2022-03-11,134.0629029424
2022-03-14,130.9682578777
2022-03-15,127.7440695312
2022-03-16,127.7440695312
2022-03-17,127.6001325515
2022-03-18,128.6076914097
2022-03-21,129.0395023490
2022-03-22,129.3849511004
2022-03-23,128.5932977118
2022-03-24,131.2417381392
2022-03-25,131.2273444412
2022-03-28,131.8894545481
2022-03-29,131.8894545481
2022-03-30,133.5303361173
2022-03-31,131.7167301724
2022-04-01,129.6728250599
2022-04-06,129.7879746437
2022-04-07,129.7879746437
2022-04-08,128.3054237522
2022-04-11,126.3478808276
2022-04-12,126.3478808276
2022-04-13,127.0904316643
2022-04-14,127.1618307832
2022-04-15,126.4763992416
2022-04-18,127.5902254967
2022-04-19,129.3323639981
2022-04-20,128.0186202102
2022-04-21,127.7187439107
2022-04-22,127.1189913119
2022-04-25,125.1198159823
2022-04-26,123.8060721943
2022-04-27,123.9774300797
2022-04-28,124.3058660267
2022-04-29,124.9484580969
2022-05-05,126.7619957173
2022-05-06,126.8048351886
2022-05-09,124.8484993304
2022-05-10,122.6494064679
2022-05-11,123.2205994192
2022-05-12,123.2205994192
2022-05-13,122.9790461224
2022-05-16,123.4195256637
2022-05-17,124.1015585018
2022-05-18,124.0305134145
2022-05-19,123.8457961875
2022-05-20,122.2685952494
2022-05-23,120.7482303811
2022-05-24,120.7766484160
2022-05-25,120.7198123461
2022-05-26,122.6238206859
2022-05-27,122.7517018430
2022-05-30,125.5366692653
2022-05-31,126.4318373653
2022-06-01,126.4460463828
2022-06-02,127.6253948320
2022-06-06,128.7763252464
2022-06-07,127.9379932162
2022-06-08,128.8615793511
2022-06-09,129.6999113813
2022-06-10,128.7627322537
2022-06-13,128.0811474337
2022-06-14,127.0161711524
2022-06-15,126.3913850673
2022-06-16,125.9937939223
2022-06-17,124.5170268122
2022-06-20,122.1740789933
2022-06-21,122.1598793095
2022-06-22,121.3078982845
2022-06-23,119.3199425594
2022-06-24,119.5329378156
2022-06-27,119.4193403456
2022-06-28,119.6607349694
2022-06-29,119.2773435081
2022-06-30,119.2773435081
2022-07-01,119.2773435081
2022-07-04,119.2773435081
2022-07-05,120.0867254819
2022-07-06,115.6848235191
2022-07-07,115.2588330066
2022-07-08,117.4597839880
2022-07-11,115.6805182050
2022-07-12,113.4070119268
2022-07-13,112.3620463083
2022-07-14,111.8819269700
2022-07-15,109.8343592040
2022-07-18,107.7161856528
2022-07-19,112.4467732503
2022-07-20,111.2605960617
2022-07-21,109.0153320975
2022-07-22,108.3516377182
2022-07-25,110.3003573852
2022-07-26,110.3850843272
2022-07-27,111.9101692841
2022-07-28,112.0937443251
2022-07-29,113.8730101081
2022-08-01,116.9655434927
2022-08-02,113.1104676297
2022-08-03,113.3222849848
2022-08-04,110.6110228394
2022-08-05,109.9190861460
2022-08-08,110.5666627293
2022-08-09,111.5239498525
2022-08-10,110.4821962185
2022-08-11,110.4962739703
2022-08-12,110.2147189340
2022-08-15,110.6370514884
2022-08-16,109.0181100300
2022-08-17,108.1734449213
2022-08-18,107.9341231405
2022-08-19,107.9622786442
2022-08-22,108.5676219721
2022-08-23,108.3564556949
2022-08-24,108.9195657674
2022-08-25,109.9190861460
2022-08-26,110.2710299413
2022-08-29,110.4258852112
2022-08-30,110.8622955174
2022-08-31,110.6088959848
2022-09-01,110.8482177656
2022-09-02,111.2564725681
2022-09-05,113.2695910772
2022-09-06,114.3254224631
2022-09-07,114.3535779667
2022-09-08,115.5361091189
2022-09-09,116.4793184903
2022-09-13,117.6114221811
2022-09-14,116.6066801555
2022-09-15,116.6066801555
2022-09-16,115.9132666449
2022-09-19,116.7764957091
2022-09-20,115.4462738724
2022-09-21,115.4038199840
2022-09-22,115.7576023874
2022-09-23,116.9887651511
2022-09-26,114.8236168424
2022-09-27,114.1443546279
2022-09-28,114.7670116579
2022-09-29,115.1773992458
2022-09-30,115.4745764647
2022-10-10,118.3048356917
2022-10-11,118.8425849449
2022-10-12,118.8425849449
2022-10-13,118.8425849449
2022-10-14,118.8425849449
2022-10-17,118.4301416654
2022-10-18,117.7967466292
2022-10-19,117.1633515929
2022-10-20,117.6347153408
2022-10-21,117.5168744038
2022-10-24,117.4432238182
2022-10-25,117.0897010073
2022-10-26,116.7361781963
2022-10-27,116.8982094847
2022-10-28,116.7950986648
2022-10-31,115.2189761327
2022-11-01,115.6461495293
2022-11-02,116.3679252683
2022-11-03,116.3679252683
2022-11-04,117.5021442867
2022-11-07,117.1338913587
2022-11-08,116.6919878450
2022-11-09,117.5470902196
2022-11-10,116.8689055777
2022-11-11,116.7804467113
2022-11-14,118.0188708401
2022-11-15,117.2227410430
2022-11-16,118.0631002732
2022-11-17,118.0336139844
2022-11-18,118.4316788830
2022-11-21,117.7092648079
2022-11-22,116.9131350108
2022-11-23,117.4144019201
2022-11-24,119.1098635249
2022-11-25,119.5226715678
2022-11-28,120.1861130654
2022-11-29,118.3874494498
2022-11-30,118.3874494498
2022-12-01,120.1566267766
2022-12-02,120.5252053863
2022-12-05,120.5252053863
2022-12-06,120.5252053863
2022-12-07,119.9944521883
2022-12-08,119.9944521883
2022-12-09,120.5944244492
2022-12-12,122.9043176539
2022-12-13,122.0643564885
2022-12-14,122.5593336038
2022-12-15,123.1293072517
2022-12-16,123.0993086387
2022-12-19,122.6343301364
2022-12-20,122.4243398451
2022-12-21,122.2893460864
2022-12-22,122.6493294430
2022-12-23,120.8344133536
2022-12-26,120.2944383188
2022-12-27,120.9394084993
2022-12-28,121.6293765994
2022-12-29,121.5093821472
2022-12-30,121.2093960167
2023-01-03,121.0594029515
2023-01-04,121.6143772928
2023-01-05,120.3994334644
2023-01-06,120.3394362383
2023-01-09,120.3394362383
2023-01-10,120.3394362383
2023-01-11,121.5074857266
2023-01-12,123.2368057482
2023-01-13,125.2391762995
2023-01-16,125.9824805193
2023-01-17,126.6651068436
2023-01-18,127.3932415895
2023-01-19,127.4387500111
2023-01-20,127.6207836976
2023-01-30,128.1972237048
2023-01-31,127.7724784363
2023-02-01,127.2567163246
2023-02-02,127.0595131643
2023-02-03,126.1038363103
2023-02-06,125.1481594562
2023-02-07,124.3896857625
2023-02-08,124.3896857625
2023-02-09,125.3057752612
2023-02-10,124.4507583958
2023-02-13,124.8019260370
2023-02-14,124.8477305119
2023-02-15,124.8935349868
2023-02-16,125.2447026280
2023-02-17,125.5042613193
2023-02-20,125.4431886860
2023-02-21,127.6418034829
2023-02-22,127.7181442744
2023-02-23,127.4280492665
2023-02-24,127.1837587335
2023-02-27,126.8936637256
2023-02-28,126.7562503008
2023-03-01,127.7792169077
2023-03-02,127.5349263747
2023-03-03,127.5349263747
2023-03-06,126.8783955673
2023-03-07,123.5957415304
2023-03-08,126.5424960844
2023-03-09,125.8242860475
2023-03-10,125.6561943367
2023-03-13,125.5492268844
2023-03-14,125.1519192044
2023-03-15,124.6170819428
2023-03-16,123.0584133520
2023-03-17,123.2570671920
2023-03-20,123.2570671920
2023-03-21,123.2570671920
2023-03-22,123.8988719059
2023-03-23,123.1348186751
2023-03-24,122.4930139612
2023-03-27,123.1500997397
2023-03-28,123.6390938074
2023-03-29,124.5101144905
2023-03-30,125.9618156290
2023-03-31,124.2044931982
2023-04-03,124.2044931982
2023-04-04,126.0687830814
2023-04-06,130.3016379800
2023-04-07,127.5968895429
2023-04-10,127.5968895429
2023-04-11,127.5968895429
2023-04-12,128.3840387690
2023-04-13,128.4627536916
2023-04-14,128.1006650476
2023-04-17,128.9822721808
2023-04-18,129.3443608248
2023-04-19,129.8638793140
2023-04-20,129.5017906700
2023-04-21,130.1472530354
2023-04-24,129.9898231901
2023-04-25,130.2731969115
2023-04-26,130.3833978032
2023-04-27,129.8481363295
2023-04-28,130.0842810973
2023-05-04,129.5017906700
2023-05-05,127.9747211715
2023-05-08,128.3368098154
2023-05-09,128.1006650476
2023-05-10,126.8569692705
2023-05-11,126.8254833014
2023-05-12,125.5605908408
2023-05-15,125.6406473256
2023-05-16,126.4732347681
2023-05-17,126.4572234711
2023-05-18,126.3131217984
2023-05-19,124.8400824771
2023-05-22,124.3117096771
2023-05-23,123.4150770468
2023-05-24,123.7993481740
2023-05-25,124.0715402225
2023-05-26,123.6712577983
2023-05-29,124.5518791316
2023-05-30,125.4485117620
2023-05-31,124.8240711801
2023-06-01,123.3190092649
2023-06-02,124.0875515195
2023-06-05,124.0875515195
2023-06-06,124.8881163680
2023-06-07,124.8881163680
2023-06-08,124.8881163680
2023-06-09,124.7763096389
2023-06-12,124.7283924693
2023-06-13,123.6422699584
2023-06-14,125.6547910816
2023-06-15,125.4631224032
2023-06-16,126.1499351675
2023-06-19,126.7089688128
2023-06-20,126.6770240331
2023-06-21,126.3575762358
2023-06-26,125.5270119627
2023-06-27,125.3672880640
2023-06-28,125.6707634715
2023-06-29,126.2457695067
2023-06-30,127.1242509494
2023-07-03,126.8207755419
2023-07-04,126.9645270507
2023-07-05,126.6450792534
2023-07-06,126.6291068635
2023-07-07,128.5777384272
2023-07-10,128.5456180829
2023-07-11,128.7222799768
2023-07-12,129.3646868638
2023-07-13,129.6698301351
2023-07-14,131.0670651142
2023-07-17,130.2319361612
2023-07-18,129.7822513403
2023-07-19,130.5370794325
2023-07-20,130.4246582273
2023-07-21,130.0873946116
2023-07-24,129.9749734064
2023-07-25,130.5370794325
2023-07-26,131.3561482134
2023-07-27,131.7576525177
2023-07-28,131.7415923456
2023-07-31,132.4321797491
2023-08-01,131.9824949282
2023-08-02,132.7533831925
2023-08-03,131.6934118290
2023-08-04,131.6934118290
2023-08-07,131.6934118290
2023-08-08,131.6934118290
2023-08-09,131.8879607570
2023-08-10,132.9093426289
2023-08-11,132.2284213810
2023-08-14,131.6447745970
2023-08-15,131.4502256691
2023-08-16,131.1908270984
2023-08-17,131.3367387944
2023-08-18,133.8496624474
2023-08-21,135.5843903886
2023-08-22,135.8762137805
2023-08-23,136.7516839564
2023-08-24,136.0707627085
2023-08-25,135.6816648525
2023-08-28,135.4871159246
2023-08-29,133.8334500368
2023-08-30,134.0928486074
2023-08-31,134.7251326233
2023-09-01,135.9248510125
2023-09-04,136.2004619938
2023-09-05,136.2815240471
2023-09-06,136.5084977964
2023-09-07,135.6978772632
2023-09-08,134.6602829807
2023-09-11,134.7730233204
2023-09-12,134.9179751859
2023-09-13,135.4655711219
2023-09-14,134.5314368781
2023-09-15,135.4011480706
2023-09-18,134.8535521346
2023-09-19,136.6412918082
2023-09-20,136.1259073978
2023-09-21,133.9194178907
2023-09-22,133.4040334803
2023-09-25,132.9530721212
2023-09-26,132.9047548327
2023-09-27,132.9369663584
2023-09-28,133.0658124610
2023-10-09,131.4552361785
2023-10-10,130.0862463383
2023-10-11,128.8299968380
2023-10-12,128.9749487034
2023-10-13,128.9749487034
2023-10-16,129.1829728142
2023-10-17,128.8149301566
2023-10-18,127.3587613810
2023-10-19,126.2386315535
2023-10-20,126.6706816298
2023-10-23,126.0786130067
2023-10-24,126.7186871938
2023-10-25,127.3907650903
2023-10-26,127.4227687997
2023-10-27,128.5108949178
2023-10-30,129.5990210358
2023-10-31,129.2629820876
2023-11-01,129.3429913610
2023-11-02,129.1829728142
2023-11-03,129.1829728142
2023-11-06,129.1829728142
2023-11-07,129.1829728142
2023-11-08,129.6150228905
2023-11-09,129.6628807451
2023-11-10,130.0936014366
2023-11-13,128.3866712890
2023-11-14,127.5571351425
2023-11-15,128.2750029616
2023-11-16,129.3916862357
2023-11-17,129.6628807451
2023-11-20,128.8173919804
2023-11-21,127.4454668151
2023-11-22,125.8821102313
2023-11-23,125.1323371758
2023-11-24,125.0844793212
2023-11-27,125.3237685942
2023-11-28,124.8611426664
2023-11-29,125.0047162302
2023-11-30,126.3128309227
2023-12-01,125.5311526308
2023-12-04,125.1482897940
2023-12-05,124.8132848118
2023-12-06,125.5790104854
2023-12-07,126.0256837951
2023-12-08,126.0256837951
2023-12-11,126.0099522155
2023-12-12,126.3560469657
2023-12-13,126.6077522385
2023-12-14,126.5762890794
2023-12-15,127.1898206820
2023-12-18,127.1898206820
2023-12-19,127.6303049095
2023-12-20,128.0707891369
2023-12-21,128.6371260008
2023-12-22,128.7787102168
2023-12-25,128.9517575919
2023-12-26,129.3922418193
2023-12-27,129.9113839446
2023-12-28,129.8327260468
2023-12-29,129.0933418078
2024-01-02,127.8033522845
2024-01-03,127.0796996251
2024-01-04,125.6009311472
2024-01-05,124.5469153172
2024-01-08,125.7739785223
2024-01-09,124.7671574309
2024-01-10,124.1734744879
2024-01-11,123.8922562518
2024-01-12,124.3609533120
2024-01-15,124.8608968429
2024-01-16,125.8607839047
2024-01-17,126.5482062597
2024-01-18,126.2669880236
2024-01-19,126.8294244959
2024-01-22,127.7668186163
2024-01-23,127.5480933215
2024-01-24,127.8293115577
2024-01-25,128.1105297938
2024-01-26,127.6574559689
2024-01-29,128.0167903818
2024-01-30,128.0480368524
2024-01-31,127.1731356734
2024-02-01,127.1731356734
2024-02-02,127.1731356734
2024-02-05,127.1731356734
2024-02-06,125.5170727273
2024-02-07,125.5170727273
2024-02-08,125.5170727273
2024-02-19,125.5634860415
2024-02-20,125.3004772609
2024-02-21,124.5733353383
2024-02-22,125.0065262709
2024-02-23,125.1302951088
2024-02-26,125.4242460988
2024-02-27,124.8982285378
2024-02-28,125.1302951088
2024-02-29,126.0585613930
2024-03-01,125.4397172036
2024-03-04,125.2540639467
2024-03-05,124.8208730141
2024-03-06,124.3257976625
2024-03-07,124.0163755678
2024-03-08,124.2484421389
2024-03-11,124.4929053797
2024-03-12,124.4165106169
2024-03-13,124.1414894710
2024-03-14,123.8817472777
2024-03-15,125.3638056750
2024-03-18,126.2652638755
2024-03-19,126.5861218790
2024-03-20,127.0750483607
2024-03-21,126.5097271163
2024-03-22,125.9138479668
2024-03-25,125.1499003393
2024-03-26,125.2721319597
2024-03-27,124.7068107154
2024-03-28,124.7984844307
2024-03-29,124.9665529087
2024-04-01,125.2874109123
2024-04-02,125.2874109123
2024-04-03,125.2874109123
2024-04-08,125.2874109123
2024-04-09,125.2874109123
2024-04-10,125.2874109123
2024-04-11,125.6935533177
2024-04-12,125.5130455819
2024-04-15,125.8138918082
2024-04-16,126.0094418552
2024-04-17,126.0996957231
2024-04-18,126.2049919023
2024-04-19,127.0624036470
2024-04-22,126.8066843547
2024-04-23,126.1147380344
2024-04-24,125.5280878933
2024-04-25,125.4980032706
2024-04-26,126.2200342136
2024-04-29,126.9420651565
2024-04-30,127.4986306750
2024-05-06,125.8740610534
2024-05-07,126.8217266660
2024-05-08,127.3181229393
2024-05-09,126.6562612416
2024-05-10,126.3403727041
2024-05-13,126.6722518921
2024-05-14,127.0493873330
2024-05-15,126.8231060684
2024-05-16,127.0946435859
2024-05-17,127.9545123912
2024-05-20,129.1010041315
2024-05-21,128.1657082381
2024-05-22,128.2260499086
2024-05-23,127.5321206973
2024-05-24,127.6528040384
2024-05-27,128.4674165908
2024-05-28,129.3272853961
2024-05-29,128.4825020084
2024-05-30,128.9350645375
2024-05-31,128.6936978553
2024-06-03,127.6377186208
2024-06-04,126.7175081450
2024-06-05,125.9632372632
2024-06-06,126.7175081450
2024-06-07,127.1398998388
2024-06-11,127.1398998388
2024-06-12,127.5139727464
2024-06-13,127.5289356627
2024-06-14,127.0950110899
2024-06-17,126.3319023584
2024-06-18,126.9154560942
2024-06-19,127.4391581649
2024-06-20,127.5738244116
2024-06-21,127.0650852573
2024-06-24,125.9279036181
2024-06-25,126.5862719355
2024-06-26,126.3019765257
2024-06-27,126.4067169399
2024-06-28,126.7508640149
2024-07-01,126.7957527638
2024-07-02,127.6935277421
2024-07-03,128.1723410638
2024-07-04,127.9478973192
2024-07-05,127.0950110899
2024-07-08,126.3336055260
2024-07-09,125.8857199001
2024-07-10,125.1392438571
2024-07-11,125.0944552945
2024-07-12,124.7361467938
2024-07-15,124.6017811061
2024-07-16,124.4823449392
2024-07-17,124.8555829607
2024-07-18,124.6017811061
2024-07-19,124.6465696687
2024-07-22,124.1538954803
2024-07-23,124.8854420025
2024-07-24,123.3626308746
2024-07-25,123.7358688962
2024-07-26,123.7060098544
2024-07-29,123.3029127912
2024-07-30,123.1386880617
2024-07-31,122.9595338114
2024-08-01,124.0792478760
2024-08-02,124.0792478760
2024-08-05,124.0792478760
2024-08-06,124.0792478760
2024-08-07,124.0792478760
2024-08-08,124.0792478760
2024-08-09,123.8366983383
2024-08-12,123.4577146856
2024-08-13,124.3066380675
2024-08-14,124.0792478760
2024-08-15,123.6547861850
2024-08-16,124.0944072221
2024-08-19,123.7305829155
2024-08-20,123.3819179551
2024-08-21,123.6093081467
2024-08-22,123.8215389922
2024-08-23,123.2151651479
2024-08-26,123.3364399168
2024-08-27,123.9731324532
2024-08-28,123.9882917993
2024-08-29,124.0186104915
2024-08-30,124.2156819909
2024-09-02,123.6851048772
2024-09-03,123.4273959934
2024-09-04,123.5638301084
2024-09-05,123.9579731071
2024-09-06,124.1550446065
2024-09-09,124.4004709363
2024-09-10,124.1090271696
2024-09-11,122.8972346661
2024-09-12,123.9096182766
2024-09-13,123.1733392871
2024-09-18,122.0689208029
2024-09-19,122.7285040643
2024-09-20,123.6335136556
2024-09-23,122.4523994432
2024-09-24,122.3603645695
2024-09-25,123.4034264714
2024-09-26,123.3267307433
2024-09-27,123.1886784327
2024-09-30,124.8146278679
2024-10-08,127.3455868944
2024-10-09,126.7473602154
2024-10-10,127.1921954382
2024-10-11,127.5603349330
2024-10-14,127.5449957874
2024-10-15,127.5449957874
2024-10-16,127.1010681736
2024-10-17,126.1979050973
2024-10-18,125.7080539373
2024-10-21,125.4631283573
2024-10-22,125.5090519036
2024-10-23,125.8611324248
2024-10-24,125.9682873661
2024-10-25,126.5806013161
2024-10-28,127.2694545099
2024-10-29,126.3050600386
2024-10-30,124.8201987098
2024-10-31,125.3865891136
2024-11-01,125.9989030636
2024-11-04,125.8458245761
2024-11-05,125.4325126598
2024-11-06,125.8458245761
2024-11-07,125.4937440548
2024-11-08,126.4428306773
2024-11-11,126.0764624610
2024-11-12,126.6260147855
2024-11-13,127.0229136866
2024-11-14,127.1297710831
2024-11-15,128.2288757322
2024-11-18,127.5724660112
2024-11-19,128.2441410745
2024-11-20,130.6560651657
2024-11-21,131.9230885807
2024-11-22,131.7093737878
2024-11-25,131.4193322831
2024-11-26,131.7551698148
2024-11-27,132.1520687159
2024-11-28,131.6941084454
2024-11-29,131.8009658419
2024-12-02,132.9611318604
2024-12-03,132.6100289864
2024-12-04,132.9611318604
2024-12-05,133.2511733650
2024-12-06,132.7626824099
2024-12-09,132.3170098157
2024-12-10,132.7308486531
2024-12-11,132.5875967479
2024-12-12,132.7626824099
2024-12-13,132.6990148964
2024-12-16,133.4789419361
2024-12-17,133.6858613548
2024-12-18,134.0201158004
2024-12-19,134.4180377594
2024-12-20,134.0360326787
2024-12-23,134.0519495571
2024-12-24,134.0678664355
2024-12-25,134.4021208810
2024-12-26,134.4180377594
2024-12-27,134.8955441102
2024-12-30,134.9910453804
2024-12-31,135.6595542716
2025-01-02,135.7073049067
2025-01-03,136.0415593522
2025-01-06,135.9142243254
2025-01-07,133.9882820437
2025-01-08,134.1474508273
2025-01-09,133.7017782332
2025-01-10,133.9322985405
2025-01-13,134.3604076826
2025-01-14,133.3395320360
2025-01-15,132.8784914214
2025-01-16,132.3680535981
2025-01-17,131.5941639950
2025-01-20,129.7500015366
2025-01-21,129.8817274265
2025-01-22,128.6303314726
2025-01-23,128.3174824841
2025-01-24,128.4492083740
2025-01-27,129.1407692959
2025-02-05,129.0255091422
2025-02-06,128.8773175161
2025-02-07,129.8323302178
2025-02-10,130.2604393599
2025-02-11,131.2483835341
2025-02-12,133.0102173113
2025-02-13,132.5261796275
2025-02-14,132.5094886729
2025-02-17,133.0102173113
2025-02-18,132.9935263567
2025-02-19,133.2939635397
2025-02-20,133.7613102689
2025-02-21,134.7460765910
2025-02-24,135.0465137741
2025-02-25,135.1633504563
2025-02-26,135.0131318648
2025-02-27,135.1800414110
2025-02-28,135.6473881401
2025-03-03,135.7475338678
2025-03-04,135.7642248224
2025-03-05,135.2968780933
2025-03-06,135.0798956833
2025-03-07,134.7293856364
2025-03-10,134.6958374826
2025-03-11,134.7797078671
2025-03-12,134.1422929450
2025-03-13,133.9577780991
2025-03-14,133.6726187919
2025-03-17,132.5990778705
2025-03-18,131.8610184870
2025-03-19,131.4248924877
2025-03-20,129.6971625673
2025-03-21,130.4184478739
2025-03-24,131.0390887191
2025-03-25,131.1900554111
2025-03-26,131.3074739494
2025-03-27,130.8713479501
2025-03-28,130.4855441815
2025-03-31,129.5965181059
2025-04-01,129.6132921828
2025-04-02,129.6803884904
2025-04-03,129.7139366442
2025-04-07,126.4094434955
2025-04-08,123.2391429620
2025-04-09,123.2391429620
2025-04-10,124.0914191927
2025-04-11,124.5857394065
2025-04-14,125.3357424896
2025-04-15,125.2675603911
2025-04-16,124.8073312265
2025-04-17,124.7732401773
2025-04-18,124.7732401773
2025-04-21,125.1482417188
2025-04-22,124.9948319973
2025-04-23,125.4209701126
2025-04-24,125.3698335388
2025-04-25,125.5743798342
2025-04-28,125.4380156372
2025-04-29,125.0289230465
2025-04-30,124.6368759804
2025-05-06,123.6652810773
2025-05-07,123.9209639466
2025-05-08,124.1255102419
2025-05-09,123.5118713558
2025-05-12,123.6141445035
2025-05-13,124.7902857019
2025-05-14,126.9735569905
2025-05-15,127.6268192659
2025-05-16,126.8188369779
2025-05-19,126.4922058403
2025-05-20,125.8905169025
2025-05-21,125.5295035398
2025-05-22,124.8590501519
2025-05-23,122.9680277760
2025-05-26,122.1772366005
2025-05-27,121.2145343001
2025-05-28,120.3377875621
2025-05-29,120.2690231121
2025-05-30,119.9595830869
2025-06-03,119.7017163993
2025-06-04,120.5440809122
2025-06-05,120.6988009248
2025-06-06,121.5239743252
2025-06-09,121.5411654377
2025-06-10,121.9881343630
2025-06-11,122.0224006928
2025-06-12,122.4849961462
2025-06-13,124.0783804855
2025-06-16,124.8151065778
2025-06-17,124.8836392376
2025-06-18,126.5969557314
2025-06-19,127.6420787927
2025-06-20,127.9162094317
2025-06-23,127.7277446174
2025-06-24,125.1749030415
2025-06-25,124.8665060726
2025-06-26,125.9116291339
2025-06-27,125.8259633092
2025-06-30,125.7060311546
2025-07-01,124.7637070830
2025-07-02,124.9693050623
2025-07-03,125.0378377220
2025-07-04,125.5518326702
2025-07-07,124.9179055675
2025-07-08,124.9179055675
2025-07-09,124.9006897591
2025-07-10,125.7098327527
2025-07-11,125.4688114354
2025-07-14,125.1072794596
2025-07-15,124.2464890408
2025-07-16,123.7644464063
2025-07-17,123.9021728733
2025-07-18,124.0054677236
2025-07-21,124.9523371842
2025-07-22,125.1417110763
2025-07-23,125.2966533517
2025-07-24,125.7098327527
2025-07-25,127.4486293985
2025-07-28,126.1402279621
2025-07-29,126.2090911956
2025-07-30,126.7255654468
2025-07-31,126.1746595788
2025-08-01,125.8647750281
2025-08-04,125.8647750281
2025-08-05,125.8647750281
2025-08-06,125.8647750281
2025-08-07,125.8647750281
2025-08-08,125.8647750281
2025-08-11,126.0028224918
2025-08-12,126.4514767488
2025-08-13,126.3134292851
2025-08-14,125.9683106258
2025-08-15,125.8820309610
2025-08-18,125.8302631621
2025-08-19,125.6922156984
2025-08-20,125.3643529722
2025-08-21,126.4859886147
2025-08-22,126.5205004806
2025-08-25,126.8656191399
2025-08-26,127.2279937321
2025-08-27,126.6240360784
2025-08-28,126.0200784247
2025-08-29,125.5541682347
2025-09-01,124.3980207263
2025-09-02,124.3635088603
2025-09-03,124.3462529274
2025-09-04,123.5697359441
2025-09-05,123.6387596759
2025-09-08,123.5873435019
2025-09-09,123.4502337047
2025-09-10,123.4845111540
2025-09-11,123.2959851828
2025-09-12,122.3362166020
2025-09-15,122.2676617033
2025-09-16,123.0046268636
2025-09-17,122.7989621677
2025-09-18,122.4047715006
2025-09-19,121.5992514417
2025-09-22,121.2393382239
2025-09-23,120.7080377596
2025-09-24,121.2564769486
2025-09-25,121.6163901664
2025-09-26,121.2050607746
2025-09-29,121.5306965431
2025-09-30,120.6394828609
2025-10-09,119.8339628020
2025-10-10,119.7825466281
2025-10-13,119.0798589171
2025-10-14,117.5030962487
2025-10-15,117.5030962487
2025-10-16,117.5030962487
2025-10-17,117.1449071035
2025-10-20,117.5201528747
2025-10-21,116.8549444622
2025-10-22,117.4689829968
2025-10-23,118.1512480352
2025-10-24,118.1341914093
2025-10-27,118.1853612872
2025-10-28,118.3559275468
2025-10-29,118.1000781573
2025-10-30,118.1341914093
2025-10-31,117.2643034852
2025-11-03,116.3261890573
2025-11-04,116.1044529198
2025-11-05,114.9275457285
2025-11-06,114.2964505679
2025-11-07,114.7228662170
2025-11-10,114.4350432055
2025-11-11,114.6890046862
2025-11-12,114.6043508593
2025-11-13,114.6890046862
2025-11-14,115.9080197936
2025-11-17,115.7217813744
2025-11-18,115.0106892284
2025-11-19,114.6382123901
2025-11-20,114.7228662170
2025-11-21,114.7059354516
2025-11-24,114.2488047863
2025-11-25,114.5704893285
2025-11-26,113.6562279980
2025-11-27,113.1483050366
2025-11-28,113.5207818750
2025-12-01,114.1302894287
2025-12-02,114.9260354015
2025-12-03,114.9260354015
2025-12-04,114.9260354015
2025-12-05,112.4880051868
2025-12-08,111.4320158667
2025-12-09,110.5436438991
2025-12-10,109.8899362248
2025-12-11,110.2754561353
2025-12-12,109.0518494628
2025-12-15,109.6217484610
2025-12-16,109.2027050800
2025-12-17,108.5154739352
2025-12-18,108.3981417885
2025-12-19,106.4034952951
2025-12-22,104.6267513598
2025-12-23,104.6267513598
2025-12-24,105.5486467980
2025-12-25,106.4873039713
2025-12-26,106.0012136494
2025-12-29,107.0069177637
2025-12-30,106.8728238818
2025-12-31,106.4202570304
2026-01-05,106.0514988551
2026-01-06,105.7833110913
2026-01-07,107.1577733809
2026-01-08,107.9455749371
2026-01-09,107.3589142037
2026-01-12,107.9061561204
2026-01-13,109.0006399538
2026-01-14,110.5926164388
2026-01-15,110.5594502620
2026-01-16,109.2659693680
2026-01-19,108.9508906887
2026-01-20,107.8398237669
2026-01-21,108.0056546507
2026-01-22,109.2493862796
2026-01-23,111.1564414439
2026-01-26,112.0187620399
2026-01-27,111.3554385045
2026-01-28,113.2293274920
2026-01-29,113.8097355855
2026-01-30,113.3619921991
2026-02-02,112.6323363101
2026-02-03,111.1564414439
2026-02-04,111.9358465980
2026-02-05,110.7916134994
2026-02-06,108.8182259816
2026-02-09,108.7690092353
2026-02-10,108.5557366682
2026-02-11,108.9330650562
2026-02-12,108.9002538920
2026-02-13,107.2268845192
2026-02-24,108.5557366682
2026-02-25,108.9822818025
2026-02-26,107.3745347580
2026-02-27,104.8808862808
2026-03-02,108.4408975936
2026-03-03,113.9531731748
2026-03-04,116.2663602490
2026-03-05,118.2514356815
2026-03-06,118.1201910248
2026-03-09,124.3493994557
2026-03-10,124.1772354036
2026-03-11,124.4902609529
2026-03-12,132.5506688471
2026-03-13,131.9872228584
2026-03-16,135.4618064555
2026-03-17,132.5663201246
2026-03-18,133.0045558936
2026-03-19,137.1208418667
2026-03-20,136.9173752597
2026-03-23,142.6457428117
2026-03-24,142.4579274821
2026-03-25,135.2896424034
2026-03-26,135.4305039006
2026-03-27,136.5104420456
2026-03-30,141.0962663427
2026-03-31,134.3818683105
2026-04-01,132.3785047950
2026-04-02,134.1001453161
2026-04-03,135.6496217851
2026-04-07,143.6474245695
2026-04-08,143.6474245695
2026-04-09,132.2376432978
2026-04-10,131.7249738630
2026-04-13,130.1869655587
2026-04-14,129.1305558143
2026-04-15,129.0684140646
2026-04-16,128.3537839434
2026-04-17,129.0062723150
2026-04-20,126.5672086404
2026-04-21,126.0079328934
2026-04-22,126.7536338894
2026-04-23,127.1575552623
2026-04-24,126.9245237010
2026-04-27,127.3284450739
2026-04-28,129.0373431898
2026-04-29,130.5908869316
2026-04-30,131.7249738630
2026-05-06,132.1599661107
2026-05-07,127.7479018842
2026-05-08,125.5107988960
2026-05-11,127.8100436338
2026-05-12,128.4314611305
2026-05-13,128.9285951279
2026-05-14,128.1223068601
2026-05-15,127.1454576126
2026-05-18,128.3238789270
2026-05-19,125.8119808620
2026-05-20,127.1454576126
2026-05-21,125.8740030365
2026-05-22,124.6645706348
2026-05-25,123.8737879106
2026-05-26,123.5636770384
2026-05-27,123.7187324745
2026-05-28,122.8504220323
2026-05-29,122.8349164886
2026-06-01,124.3699653062
2026-06-02,125.9980473853
2026-06-03,125.9050141237
2026-06-04,125.9050141237
2026-06-05,125.9050141237
2026-06-08,127.3032604747
2026-06-09,126.3606224852
2026-06-10,125.4022738626
2026-06-11,126.6905457816
2026-06-12,126.2506480531
2026-06-15,123.3756021853
2026-06-16,120.5633988502
2026-06-17,119.7935778254
2026-06-18,117.9868550123
2026-06-22,115.8030770035
2026-06-23,113.8549584919
2026-06-24,113.0065843014
2026-06-25,109.7544832378
2026-06-26,110.5243042626
2026-06-29,110.3829085641
2026-06-30,110.8070956594
2026-07-01,110.2258022326
2026-07-02,108.9689515800
2026-07-03,109.4245599415
2026-07-06,110.1001171673
2026-07-07,110.3514872978
2026-07-08,114.6404901498
2026-07-09,116.5487596040
2026-07-10,117.2543382257
2026-07-13,118.9381053911
2026-07-14,123.7969763542
2026-07-15,125.7693893195
2026-07-16,126.7155061077
2026-07-17,125.7373175639
2026-07-20,128.4634167842
2026-07-21,127.1003671741
2026-07-22,128.9765648727
2026-07-23,130.3877221161
2026-07-24,131.9592381372
2026-07-27,127.4050488516
2026-07-28,127.2286541962
2026-07-29,128.0625198400
2026-07-30,129.0888160171
2026-07-31,128.3030580065
2026-08-03,130.4358297494
2026-08-04,129.7623228832
2026-08-05,128.3030580065
2026-08-06,127.4531564849
2026-08-07,127.8219816735
2026-08-10,128.0049885456
2026-08-11,128.9699338713
2026-08-12,129.1695777318
2026-08-13,130.2676189644
2026-08-14,130.6669066854
2026-08-17,133.8279344764
2026-08-18,135.3585374067
2026-08-19,136.5064896045
2026-08-20,134.9259757090
2026-08-21,135.0424346276
2026-08-24,135.4916333137
2026-08-25,136.5397635812
2026-08-26,133.4951947089
2026-08-27,133.4120097670
2026-08-28,134.8427907671
2026-08-31,140.1832640350
2026-09-01,143.9598603958
2026-09-02,147.7198197682
