data,value
2006-01-04,100.0000000000
2006-01-05,99.7510373444
2006-01-06,100.2489626556
2006-01-09,98.7551867220
2006-01-10,102.2821576763
2006-01-11,101.4522821577
2006-01-12,101.2822741440
2006-01-13,100.8147521064
2006-01-16,102.0048082021
2006-01-17,101.9198041953
2006-01-18,100.6022420893
2006-01-19,100.4747360791
2006-01-20,100.3897320722
2006-01-23,101.4947841611
2006-01-24,103.1098602910
2006-01-25,101.6222901713
2006-01-26,101.9623061987
2006-01-27,102.3448242294
2006-02-06,103.8748963525
2006-02-07,103.1098602910
2006-02-08,101.3672781508
2006-02-09,101.6647921748
2006-02-10,101.6647921748
2006-02-13,101.6647921748
2006-02-14,102.1323142124
2006-02-15,102.1323142124
2006-02-16,99.1571739731
2006-02-17,99.2846799834
2006-02-20,100.9422581167
2006-02-21,99.8797080312
2006-02-22,97.7546078604
2006-02-23,93.8444235459
2006-02-24,96.1395317305
2006-02-27,97.7546078604
2006-02-28,97.7546078604
2006-03-01,97.7546078604
2006-03-02,97.1170778091
2006-03-03,97.1170778091
2006-03-06,97.1170778091
2006-03-07,97.4995958398
2006-03-08,95.6295076895
2006-03-09,95.7987634553
2006-03-10,95.8410773968
2006-03-13,95.8410773968
2006-03-14,95.3333100993
2006-03-15,95.7564495138
2006-03-16,94.9524846262
2006-03-17,94.0215779142
2006-03-20,94.5716591531
2006-03-21,94.3600894458
2006-03-22,95.0371125091
2006-03-23,94.6562870360
2006-03-24,95.0371125091
2006-03-27,95.8833913382
2006-03-28,95.7564495138
2006-03-29,95.5448798066
2006-03-30,95.4602519237
2006-03-31,96.1372749869
2006-04-03,94.6139730945
2006-04-04,93.5138106167
2006-04-05,92.8367875534
2006-04-06,92.7521596705
2006-04-07,91.2288577781
2006-04-10,89.9594395344
2006-04-11,89.3247304126
2006-04-12,89.7055558857
2006-04-13,88.7746491737
2006-04-14,88.6477073493
2006-04-17,88.8592770566
2006-04-18,88.6477073493
2006-04-19,88.2668818762
2006-04-20,87.9706842860
2006-04-21,87.7591145787
2006-04-24,87.7168006373
2006-04-25,86.9551496911
2006-04-26,86.9128357496
2006-04-27,87.2513472813
2006-04-28,87.3359751642
2006-05-08,88.9015909980
2006-05-09,87.9706842860
2006-05-10,89.6632419442
2006-05-11,89.9171255930
2006-05-12,90.5941486563
2006-05-15,91.0851738522
2006-05-16,89.1619918347
2006-05-17,89.2029106010
2006-05-18,89.2847481337
2006-05-19,88.3026977417
2006-05-22,87.8525913121
2006-05-23,88.2208602091
2006-05-24,88.5482103397
2006-05-25,87.8116725458
2006-05-26,88.4254540407
2006-05-29,88.4254540407
2006-05-30,88.0981039101
2006-05-31,87.8525913121
2006-06-01,87.4434036488
2006-06-02,87.7298350131
2006-06-05,89.4893419653
2006-06-06,89.2029106010
2006-06-07,88.5482103397
2006-06-08,88.7528041714
2006-06-09,87.8525913121
2006-06-12,88.3845352744
2006-06-13,88.1799414428
2006-06-14,88.3845352744
2006-06-15,88.3845352744
2006-06-16,88.5891291061
2006-06-19,88.5891291061
2006-06-20,87.7707537794
2006-06-21,87.7707537794
2006-06-22,87.4434036488
2006-06-23,86.8705409202
2006-06-26,86.2976781915
2006-06-27,85.9294092946
2006-06-28,85.9294092946
2006-06-29,89.0801543020
2006-06-30,89.0801543020
2006-07-03,87.1978910508
2006-07-04,87.7707537794
2006-07-05,87.5661599478
2006-07-06,87.5661599478
2006-07-07,91.1670113849
2006-07-10,90.9167817105
2006-07-11,91.5006509508
2006-07-12,91.7091756795
2006-07-13,91.0836014934
2006-07-14,90.8750767647
2006-07-17,90.8750767647
2006-07-18,90.8750767647
2006-07-19,90.8750767647
2006-07-20,89.5822234468
2006-07-21,88.3727800204
2006-07-24,87.4135662684
2006-07-25,87.9974355088
2006-07-26,88.0391404545
2006-07-27,88.4144849661
2006-07-28,88.4144849661
2006-07-31,88.2476651832
2006-08-01,88.0391404545
2006-08-02,88.8732393693
2006-08-03,85.4951387644
2006-08-04,88.6230096948
2006-08-07,88.8315344235
2006-08-08,88.8315344235
2006-08-09,88.9164188329
2006-08-10,88.7890922188
2006-08-11,88.7042078094
2006-08-14,87.6007104874
2006-08-15,87.9826903297
2006-08-16,88.7890922188
2006-08-17,88.7890922188
2006-08-18,89.5106096986
2006-08-21,89.0013032423
2006-08-22,89.2559564705
2006-08-23,89.4681674939
2006-08-24,89.5530519033
2006-08-25,89.5530519033
2006-08-28,89.2135142658
2006-08-29,88.9588610376
2006-08-30,89.8501473362
2006-08-31,89.4681674939
2006-09-01,89.9350317456
2006-09-04,89.8501473362
2006-09-05,90.0623583596
2006-09-06,90.3170115878
2006-09-07,89.8077051315
2006-09-08,90.5716648160
2006-09-11,89.9047772701
2006-09-12,89.7797358553
2006-09-13,89.6130139689
2006-09-14,90.1131796282
2006-09-15,89.9881382134
2006-09-18,90.5716648160
2006-09-19,90.3215819863
2006-09-20,89.7380553837
2006-09-21,89.7797358553
2006-09-22,90.0714991566
2006-09-25,89.3212506676
2006-09-26,89.2378897243
2006-09-27,88.8210850082
2006-09-28,88.8210850082
2006-09-29,89.1962092527
2006-10-09,89.3629311392
2006-10-10,90.1965405714
2006-10-11,89.6130139689
2006-10-12,89.7380553837
2006-10-13,90.8217476456
2006-10-16,91.9471203792
2006-10-17,92.0304813224
2006-10-18,91.9471203792
2006-10-19,92.0304813224
2006-10-20,92.1138422657
2006-10-23,91.4469547198
2006-10-24,91.6970375495
2006-10-25,91.5303156631
2006-10-26,91.1551914185
2006-10-27,92.1138422657
2006-10-30,92.4056055670
2006-10-31,92.2805641521
2006-11-01,91.7387180211
2006-11-02,92.4472860386
2006-11-03,92.7807298115
2006-11-06,92.7807298115
2006-11-07,92.7807298115
2006-11-08,93.7810611302
2006-11-09,97.2651872403
2006-11-10,94.9424365002
2006-11-13,94.4032265070
2006-11-14,93.9469718973
2006-11-15,93.9469718973
2006-11-16,93.9469718973
2006-11-17,93.9469718973
2006-11-20,95.9793787949
2006-11-21,97.0163210896
2006-11-22,97.0163210896
2006-11-23,97.4310980074
2006-11-24,97.4310980074
2006-11-27,99.5464602886
2006-11-28,99.5464602886
2006-11-29,99.5464602886
2006-11-30,95.8134680278
2006-12-01,90.0895465612
2006-12-04,90.0895465612
2006-12-05,90.0895465612
2006-12-06,90.0895465612
2006-12-07,90.0895465612
2006-12-08,90.0895465612
2006-12-11,89.9241687795
2006-12-12,90.1308910066
2006-12-13,89.2213132074
2006-12-14,89.3866909891
2006-12-15,89.0559354258
2006-12-18,87.9809798450
2006-12-19,87.2367798275
2006-12-20,87.4435020545
2006-12-21,87.7742576179
2006-12-22,88.0636687358
2006-12-25,89.0559354258
2006-12-26,89.8828243341
2006-12-27,89.8828243341
2006-12-28,90.2135798974
2006-12-29,89.8414798887
2007-01-04,89.7174465524
2007-01-05,89.2626576528
2007-01-08,89.7174465524
2007-01-09,89.7174465524
2007-01-10,89.3040020983
2007-01-11,89.3040020983
2007-01-12,88.5515515263
2007-01-15,91.9573804311
2007-01-16,92.3930097096
2007-01-17,93.3434735901
2007-01-18,93.5810895602
2007-01-19,92.5910230181
2007-01-22,91.7989697844
2007-01-23,92.8286389882
2007-01-24,92.5514203564
2007-01-25,92.9474469732
2007-01-26,92.9474469732
2007-01-29,92.5910230181
2007-01-30,92.1553937395
2007-01-31,92.9078443115
2007-02-01,92.9474469732
2007-02-02,93.5414868985
2007-02-05,94.3335401322
2007-02-06,95.0463880425
2007-02-07,94.8483747341
2007-02-08,95.4028119977
2007-02-09,95.4424146593
2007-02-12,95.0463880425
2007-02-13,94.2939374705
2007-02-14,95.4028119977
2007-02-15,95.9176465995
2007-02-16,97.6601637137
2007-02-26,100.1155287381
2007-02-27,100.9075819718
2007-02-28,99.2046675194
2007-03-01,99.5610914745
2007-03-02,99.5610914745
2007-03-05,99.5610914745
2007-03-06,99.5610914745
2007-03-07,100.5511580166
2007-03-08,100.5511580166
2007-03-09,100.1583800556
2007-03-12,99.7263242985
2007-03-13,99.7656020946
2007-03-14,98.6265460077
2007-03-15,98.5087126194
2007-03-16,97.2911009403
2007-03-19,97.6446011052
2007-03-20,97.6446011052
2007-03-21,98.2337680467
2007-03-22,98.0766568623
2007-03-23,98.1552124545
2007-03-26,97.3696565325
2007-03-27,96.9768785715
2007-03-28,97.3696565325
2007-03-29,97.5267677169
2007-03-30,97.9195456779
2007-04-02,97.3696565325
2007-04-03,98.4301570272
2007-04-04,98.0766568623
2007-04-05,97.8802678818
2007-04-06,97.3303787364
2007-04-09,97.6838789013
2007-04-10,96.3091560378
2007-04-11,95.9949336690
2007-04-12,95.3664889314
2007-04-13,93.2847657381
2007-04-16,92.0278762629
2007-04-17,91.6350983019
2007-04-18,89.8675974774
2007-04-19,89.5533751086
2007-04-20,89.8675974774
2007-04-23,90.5353200111
2007-04-24,90.0639864579
2007-04-25,90.7317089916
2007-04-26,92.1457096512
2007-04-27,92.0278762629
2007-04-30,92.4992098161
2007-05-08,92.6955987966
2007-05-09,92.6563210005
2007-05-10,92.8527099810
2007-05-11,92.3420986317
2007-05-14,92.3420986317
2007-05-15,92.3420986317
2007-05-16,92.4889647925
2007-05-17,92.6358309534
2007-05-18,92.7459805740
2007-05-21,91.8280670687
2007-05-22,92.6358309534
2007-05-23,92.6358309534
2007-05-24,93.2600121370
2007-05-25,93.0029963555
2007-05-28,92.7459805740
2007-05-29,91.0570197243
2007-05-30,89.5516415756
2007-05-31,90.5429881613
2007-06-01,90.2492558396
2007-06-04,91.4976182068
2007-06-05,90.7632874026
2007-06-06,91.6812009079
2007-06-07,89.2211927137
2007-06-08,89.6985077364
2007-06-11,89.2579092539
2007-06-12,89.8453738973
2007-06-13,89.8453738973
2007-06-14,89.8453738973
2007-06-15,89.8453738973
2007-06-18,89.8453738973
2007-06-19,89.9188069777
2007-06-20,89.9188069777
2007-06-21,89.9188069777
2007-06-22,87.7892476455
2007-06-25,87.7892476455
2007-06-26,87.7892476455
2007-06-27,87.7892476455
2007-06-28,87.7892476455
2007-06-29,86.4307356576
2007-07-02,89.3313423343
2007-07-03,87.6790980248
2007-07-04,88.5235784497
2007-07-05,88.5235784497
2007-07-06,84.4847590264
2007-07-09,84.4847590264
2007-07-10,81.5560459280
2007-07-11,83.5544619246
2007-07-12,84.6225808193
2007-07-13,85.6906997140
2007-07-16,85.6906997140
2007-07-17,84.1057490961
2007-07-18,83.9334718550
2007-07-19,85.3806006801
2007-07-20,85.3806006801
2007-07-23,84.1402045443
2007-07-24,82.7275311674
2007-07-25,82.7275311674
2007-07-26,82.0039667549
2007-07-27,81.4526795834
2007-07-30,81.4526795834
2007-07-31,82.0384222031
2007-08-01,85.8629769551
2007-08-02,82.3485212370
2007-08-03,82.3485212370
2007-08-06,82.3485212370
2007-08-07,83.0376302013
2007-08-08,83.3132737871
2007-08-09,84.1602977174
2007-08-10,85.6849407920
2007-08-13,88.3615364118
2007-08-14,89.0052745989
2007-08-15,88.9375126845
2007-08-16,88.1243697113
2007-08-17,86.2947980218
2007-08-20,87.2773457810
2007-08-21,88.5987031123
2007-08-22,89.5134889571
2007-08-23,91.9190369192
2007-08-24,92.2917274486
2007-08-27,92.0545607481
2007-08-28,92.6305370207
2007-08-29,93.5114419082
2007-08-30,95.3410135977
2007-08-31,95.6798231699
2007-09-03,95.4765374266
2007-09-04,96.8317757151
2007-09-05,98.2208949608
2007-09-06,98.9662760195
2007-09-07,99.7455380354
2007-09-10,101.8200275752
2007-09-11,101.5819713985
2007-09-12,101.6159794238
2007-09-13,102.3981640043
2007-09-14,102.8402683325
2007-09-17,106.5811511091
2007-09-18,110.1860017848
2007-09-19,110.8661622896
2007-09-20,111.2402505673
2007-09-21,112.0564431731
2007-09-24,109.8459215324
2007-09-25,109.3698091790
2007-09-26,110.4580659867
2007-09-27,109.8799295576
2007-09-28,111.5123147692
2007-10-08,108.8596888004
2007-10-09,108.8596888004
2007-10-10,110.0499696838
2007-10-11,110.3560419110
2007-10-12,111.1042184663
2007-10-15,112.0564431731
2007-10-16,112.6685876275
2007-10-17,112.4645394760
2007-10-18,113.3147401071
2007-10-19,114.5390290158
2007-10-22,116.4434784294
2007-10-23,116.7835586818
2007-10-24,119.5722167517
2007-10-25,121.2046019633
2007-10-26,122.0888106196
2007-10-29,124.5033804118
2007-10-30,127.4280705826
2007-10-31,127.0539823049
2007-11-01,131.2709774350
2007-11-02,131.2709774350
2007-11-05,123.7892118817
2007-11-06,117.3276870857
2007-11-07,117.3276870857
2007-11-08,117.3276870857
2007-11-09,113.7518020592
2007-11-12,113.7518020592
2007-11-13,117.5531933486
2007-11-14,119.4861041737
2007-11-15,119.4861041737
2007-11-16,119.4861041737
2007-11-19,119.4861041737
2007-11-20,119.5827497150
2007-11-21,119.5827497150
2007-11-22,119.5827497150
2007-11-23,119.5827497150
2007-11-26,116.0390798689
2007-11-27,116.0390798689
2007-11-28,116.0390798689
2007-11-29,116.0390798689
2007-11-30,116.0390798689
2007-12-03,116.0390798689
2007-12-04,116.0390798689
2007-12-05,116.0390798689
2007-12-06,116.0390798689
2007-12-07,116.0390798689
2007-12-10,117.9128366373
2007-12-11,118.2808960025
2007-12-12,117.6786170412
2007-12-13,119.2512343290
2007-12-14,119.3181542135
2007-12-17,120.1211928285
2007-12-18,118.1135962910
2007-12-19,116.6748187725
2007-12-20,116.9090383685
2007-12-21,115.8048602729
2007-12-24,116.9759582531
2007-12-25,116.2398395227
2007-12-26,116.8086585416
2007-12-27,118.0466764064
2007-12-28,118.4147357717
2008-01-02,119.0170147329
2008-01-03,118.7493351946
2008-01-04,118.7493351946
2008-01-07,117.4443974452
2008-01-08,123.8017864807
2008-01-09,119.0504746752
2008-01-10,118.1954727025
2008-01-11,118.4006731760
2008-01-14,119.1188748330
2008-01-15,119.2898752275
2008-01-16,117.7166715978
2008-01-17,117.5798712822
2008-01-18,116.7932694673
2008-01-21,116.4170685994
2008-01-22,114.2624636282
2008-01-23,115.7330670212
2008-01-24,113.9204628392
2008-01-25,113.4758618134
2008-01-28,112.6208598407
2008-01-29,113.7494624446
2008-01-30,112.9970607087
2008-01-31,112.8260603141
2008-02-01,113.1680611032
2008-02-04,115.2200658376
2008-02-05,115.9724675736
2008-02-13,115.3568661532
2008-02-14,116.5538689150
2008-02-15,117.2036704142
2008-02-18,119.6318760166
2008-02-19,120.9998791729
2008-02-20,121.5128803565
2008-02-21,121.5470804354
2008-02-22,122.0258815401
2008-02-25,123.1202840651
2008-02-26,123.1202840651
2008-02-27,123.5990851698
2008-02-28,124.1120863534
2008-02-29,125.1380887206
2008-03-03,130.9521021348
2008-03-04,130.1313002411
2008-03-05,130.1313002411
2008-03-06,130.1313002411
2008-03-07,130.1313002411
2008-03-10,125.4595544664
2008-03-11,127.7062719000
2008-03-12,126.9573660888
2008-03-13,126.9217039074
2008-03-14,126.9573660888
2008-03-17,124.6749864738
2008-03-18,119.7536054287
2008-03-19,119.7892676102
2008-03-20,115.7951032838
2008-03-21,115.7594411024
2008-03-24,116.6866578210
2008-03-25,120.2528759695
2008-03-26,121.7506875919
2008-03-27,120.4668490585
2008-03-28,120.4311868770
2008-03-31,120.4311868770
2008-04-01,114.4399403874
2008-04-02,115.9734141913
2008-04-03,116.2943738246
2008-04-07,118.1488072619
2008-04-08,117.9348341730
2008-04-09,118.1488072619
2008-04-10,119.8605919732
2008-04-11,120.0745650621
2008-04-14,121.6080388660
2008-04-15,125.7091897368
2008-04-16,126.9930282703
2008-04-17,128.1342180779
2008-04-18,130.6662329633
2008-04-21,126.9217039074
2008-04-22,125.5308788294
2008-04-23,124.4253512034
2008-04-24,125.3882301035
2008-04-25,124.6749864738
2008-04-28,125.9944871887
2008-04-29,124.0687293885
2008-04-30,124.9246217442
2008-05-05,127.2070013592
2008-05-06,127.2070013592
2008-05-07,124.7819730182
2008-05-08,124.7819730182
2008-05-09,125.1742570146
2008-05-12,128.0546873606
2008-05-13,128.1613699660
2008-05-14,128.9792699409
2008-05-15,128.3391743084
2008-05-16,128.5881003877
2008-05-19,128.5881003877
2008-05-20,129.6549264418
2008-05-21,129.5126829679
2008-05-22,130.2239003373
2008-05-23,129.1926351517
2008-05-26,132.5353567879
2008-05-27,131.5040916022
2008-05-28,131.0773611806
2008-05-29,131.1129220491
2008-05-30,131.1484829175
2008-06-02,131.1484829175
2008-06-03,132.9976480780
2008-06-04,133.2821350257
2008-06-05,135.3802262655
2008-06-06,141.1055260891
2008-06-10,139.0785565863
2008-06-11,138.6873870332
2008-06-12,144.4838085938
2008-06-13,147.8265302300
2008-06-16,151.0270083923
2008-06-17,157.2145995061
2008-06-18,156.5033821367
2008-06-19,156.5033821367
2008-06-20,158.2458646917
2008-06-23,164.9313079641
2008-06-24,164.9313079641
2008-06-25,168.9141252327
2008-06-26,163.5799949622
2008-06-27,163.5799949622
2008-06-30,170.6566077877
2008-07-01,180.8625770386
2008-07-02,180.8625770386
2008-07-03,180.8625770386
2008-07-04,180.8625770386
2008-07-07,180.8625770386
2008-07-08,180.8625770386
2008-07-09,186.6861950707
2008-07-10,191.4772567141
2008-07-11,194.5336236246
2008-07-14,193.0880446804
2008-07-15,193.8727875358
2008-07-16,190.3207935588
2008-07-17,194.1206010691
2008-07-18,189.5773529590
2008-07-21,189.5773529590
2008-07-22,183.2581078604
2008-07-23,183.2581078604
2008-07-24,183.2581078604
2008-07-25,182.0190401940
2008-07-28,189.4947484479
2008-07-29,189.4947484479
2008-07-30,189.4947484479
2008-07-31,189.4947484479
2008-08-01,189.4947484479
2008-08-04,189.4947484479
2008-08-05,178.1366281726
2008-08-06,178.1366281726
2008-08-07,178.1366281726
2008-08-08,178.1366281726
2008-08-11,170.7715525866
2008-08-12,171.7044621608
2008-08-13,173.2756782858
2008-08-14,174.6013918913
2008-08-15,171.6062611530
2008-08-18,175.4361004577
2008-08-19,177.2037185984
2008-08-20,182.9975780593
2008-08-21,187.5639249226
2008-08-22,191.1973622117
2008-08-25,189.8716486062
2008-08-26,188.3986334890
2008-08-27,192.4739753133
2008-08-28,194.5852969812
2008-08-29,195.0763020203
2008-09-01,200.3300559383
2008-09-02,200.3300559383
2008-09-03,200.3300559383
2008-09-04,200.3300559383
2008-09-05,200.3300559383
2008-09-08,198.8796016207
2008-09-09,196.6481334398
2008-09-10,196.7597068489
2008-09-11,194.5282386680
2008-09-12,196.6481334398
2008-09-16,191.9062635555
2008-09-17,190.6789560560
2008-09-18,193.5240779866
2008-09-19,192.2967704871
2008-09-22,195.9229062811
2008-09-23,199.4374686659
2008-09-24,198.5448813936
2008-09-25,198.6564548026
2008-09-26,198.3217345755
2008-10-06,198.3217345755
2008-10-07,188.4474878751
2008-10-08,179.0753215154
2008-10-09,176.8438533345
2008-10-10,171.9904100411
2008-10-13,170.1494487919
2008-10-14,178.4616677657
2008-10-15,178.6848145838
2008-10-16,174.1660915175
2008-10-17,175.2260389034
2008-10-20,181.6415099234
2008-10-21,180.3584157194
2008-10-22,178.2943076521
2008-10-23,176.5091331074
2008-10-24,175.1702521989
2008-10-27,175.1702521989
2008-10-28,175.0028920853
2008-10-29,175.0028920853
2008-10-30,175.0028920853
2008-10-31,175.7281192441
2008-11-03,178.4616677657
2008-11-04,178.5174544702
2008-11-05,178.5174544702
2008-11-06,178.5174544702
2008-11-07,175.2818256079
2008-11-10,176.9516893430
2008-11-11,176.8978227709
2008-11-12,173.0732961519
2008-11-13,175.3895587521
2008-11-14,175.0663593195
2008-11-17,179.3218185153
2008-11-18,170.3799675470
2008-11-19,170.3799675470
2008-11-20,168.9794366724
2008-11-21,160.6301179972
2008-11-24,168.2791712352
2008-11-25,168.2791712352
2008-11-26,166.9863735048
2008-11-27,162.0845154438
2008-11-28,158.8525211179
2008-12-01,156.7517248061
2008-12-02,154.5970619222
2008-12-03,154.5970619222
2008-12-04,154.5970619222
2008-12-05,154.5970619222
2008-12-08,153.1632988479
2008-12-09,151.9788858735
2008-12-10,154.0983617224
2008-12-11,153.1632988479
2008-12-12,153.5996615227
2008-12-15,154.9710870720
2008-12-16,156.5295251962
2008-12-17,158.2749758953
2008-12-18,159.9580890695
2008-12-19,159.0230261950
2008-12-22,160.0204265944
2008-12-23,158.7113385701
2008-12-24,159.0230261950
2008-12-25,160.2697766943
2008-12-26,160.6438018441
2008-12-29,167.9996297904
2008-12-30,169.7450804896
2008-12-31,170.9294934640
2009-01-05,179.0957092348
2009-01-06,187.9476377804
2009-01-07,199.1060547498
2009-01-08,199.9164425744
2009-01-09,209.2047337947
2009-01-12,216.9611116589
2009-01-13,208.2623701289
2009-01-14,211.1619506389
2009-01-15,212.1768038174
2009-01-16,215.1488738401
2009-01-19,217.1060906844
2009-01-20,213.6990835852
2009-01-21,212.0318247919
2009-01-22,214.2789996871
2009-01-23,215.6563004294
2009-02-02,216.7436431206
2009-02-03,219.8606921688
2009-02-04,220.5130977836
2009-02-05,218.7733494776
2009-02-06,223.3401887808
2009-02-09,230.2266924920
2009-02-10,228.6319232115
2009-02-11,226.5297273418
2009-02-12,228.1969861350
2009-02-13,228.1969861350
2009-02-16,225.5873636760
2009-02-17,223.7751258573
2009-02-18,218.8458389904
2009-02-19,213.4816150469
2009-02-20,213.4816150469
2009-02-23,217.6860067864
2009-02-24,215.4388318911
2009-02-25,212.6842304067
2009-02-26,205.3627896190
2009-02-27,197.9688593185
2009-03-02,197.2439641910
2009-03-03,200.3610132393
2009-03-04,200.3610132393
2009-03-05,200.3610132393
2009-03-06,200.3610132393
2009-03-09,202.9508735749
2009-03-10,204.0496022022
2009-03-11,203.8926409697
2009-03-12,204.9128889807
2009-03-13,208.0521136300
2009-03-16,209.5432453384
2009-03-17,214.8799272421
2009-03-18,216.1356171018
2009-03-19,221.6292602380
2009-03-20,225.8672135145
2009-03-23,232.5380658942
2009-03-24,232.0671821968
2009-03-25,234.9709649974
2009-03-26,234.9709649974
2009-03-27,235.0494456136
2009-03-30,231.5178178832
2009-03-31,230.4975698722
2009-04-01,235.5988099273
2009-04-02,237.0899416357
2009-04-03,238.1886702629
2009-04-07,241.2494142959
2009-04-08,241.1709336797
2009-04-09,244.7025614101
2009-04-10,246.3506543510
2009-04-13,247.5278635945
2009-04-14,246.8215380484
2009-04-15,245.7228094211
2009-04-16,246.1936931185
2009-04-17,248.1557085243
2009-04-20,245.0164838750
2009-04-21,239.2873988901
2009-04-22,242.5835847719
2009-04-23,240.1506856687
2009-04-24,236.3051354733
2009-04-27,228.7709963151
2009-04-28,232.1456628131
2009-04-29,231.2038954183
2009-04-30,234.4216006838
2009-05-04,245.4873675724
2009-05-05,242.0342204582
2009-05-06,242.0342204582
2009-05-07,242.0342204582
2009-05-08,240.1506856687
2009-05-11,233.5162363034
2009-05-12,234.6629312554
2009-05-13,238.1030161115
2009-05-14,236.6286940303
2009-05-15,244.1641180008
2009-05-18,240.0687788864
2009-05-19,243.4269569602
2009-05-20,246.7032282517
2009-05-21,247.1127621632
2009-05-22,249.5699656318
2009-05-25,249.5699656318
2009-05-26,248.1775503329
2009-05-27,250.7166605839
2009-06-01,257.4330167315
2009-06-02,260.5454744584
2009-06-03,266.1970424363
2009-06-04,266.4427627832
2009-06-05,272.9953053662
2009-06-08,272.5857714548
2009-06-09,272.8314918016
2009-06-10,273.9781867537
2009-06-11,275.2067884880
2009-06-12,273.6505596245
2009-06-15,269.5552205101
2009-06-16,269.5552205101
2009-06-17,268.8999662518
2009-06-18,268.8999662518
2009-06-19,271.3571697205
2009-06-22,266.1970424363
2009-06-23,266.1970424363
2009-06-24,266.1970424363
2009-06-25,266.1970424363
2009-06-26,267.0161102592
2009-06-29,267.7532712998
2009-06-30,272.3400511079
2009-07-01,272.3400511079
2009-07-02,272.3400511079
2009-07-03,266.1970424363
2009-07-06,266.1970424363
2009-07-07,266.1970424363
2009-07-08,250.6347538016
2009-07-09,244.7429377518
2009-07-10,244.8979855426
2009-07-13,241.6419819361
2009-07-14,237.7657871665
2009-07-15,237.9208349573
2009-07-16,235.1299747232
2009-07-17,234.8974030370
2009-07-20,234.8974030370
2009-07-21,241.0217907730
2009-07-22,241.0217907730
2009-07-23,241.9520775177
2009-07-24,241.9520775177
2009-07-27,241.9520775177
2009-07-28,241.0993146684
2009-07-29,240.8667429822
2009-07-30,236.2928331541
2009-07-31,235.9827375725
2009-08-03,240.3240757145
2009-08-04,240.3240757145
2009-08-05,254.7435202573
2009-08-06,254.7435202573
2009-08-07,254.7435202573
2009-08-10,258.2057547519
2009-08-11,257.9749391189
2009-08-12,261.3602350692
2009-08-13,260.8986038033
2009-08-14,258.7443245622
2009-08-17,251.6659784844
2009-08-18,252.5892410162
2009-08-19,252.9739337379
2009-08-20,251.8967941173
2009-08-21,253.1278108265
2009-08-24,260.1292183600
2009-08-25,258.9751401952
2009-08-26,261.7449277908
2009-08-27,262.0526819681
2009-08-28,262.2834976011
2009-08-31,263.4375757660
2009-09-01,266.3612404503
2009-09-02,266.1304248173
2009-09-03,266.1304248173
2009-09-04,266.1304248173
2009-09-07,266.1304248173
2009-09-08,266.1304248173
2009-09-09,266.2143776327
2009-09-10,266.2143776327
2009-09-11,265.7106607403
2009-09-14,263.6957931707
2009-09-15,265.7106607403
2009-09-16,270.9157352951
2009-09-17,270.5799240335
2009-09-18,272.5947916031
2009-09-21,272.5108387877
2009-09-22,272.5108387877
2009-09-23,270.1601599565
2009-09-24,267.5576226791
2009-09-25,268.9008677255
2009-09-28,268.9008677255
2009-09-29,268.8169149101
2009-09-30,268.7329620947
2009-10-09,268.9008677255
2009-10-12,271.2515465567
2009-10-13,270.9157352951
2009-10-14,272.5947916031
2009-10-15,273.6022253879
2009-10-16,273.6022253879
2009-10-19,280.3184506199
2009-10-20,275.8689514037
2009-10-21,279.8147337275
2009-10-22,278.8912527581
2009-10-23,284.8519026515
2009-10-26,287.4544399288
2009-10-27,289.0495434214
2009-10-28,288.7137321598
2009-10-29,286.0272420671
2009-10-30,284.6000442053
2009-11-02,290.1409300216
2009-11-03,290.1409300216
2009-11-04,290.1409300216
2009-11-05,290.1409300216
2009-11-06,290.1409300216
2009-11-09,291.6824107597
2009-11-10,291.6824107597
2009-11-11,291.6824107597
2009-11-12,287.7430710958
2009-11-13,289.4558274714
2009-11-16,292.8813402226
2009-11-17,290.9973082094
2009-11-18,292.8813402226
2009-11-19,292.8813402226
2009-11-20,293.3095293164
2009-11-23,293.3095293164
2009-11-24,298.0196093493
2009-11-25,302.2158624694
2009-11-26,302.3871381070
2009-11-27,304.2711701201
2009-11-30,308.2961476027
2009-12-01,308.2961476027
2009-12-02,308.2961476027
2009-12-03,308.2961476027
2009-12-04,308.2961476027
2009-12-07,308.2961476027
2009-12-08,308.2961476027
2009-12-09,307.9277028491
2009-12-10,305.8091455157
2009-12-11,306.1775902693
2009-12-14,305.6249231388
2009-12-15,307.1908133418
2009-12-16,308.7567035447
2009-12-17,309.8620378056
2009-12-18,308.4803699795
2009-12-21,309.4014818636
2009-12-22,309.4935930520
2009-12-23,308.1119252259
2009-12-24,308.0198140375
2009-12-25,308.3882587911
2009-12-28,307.9277028491
2009-12-29,308.0198140375
2009-12-30,308.6645923563
2009-12-31,309.4935930520
2010-01-04,309.6778154288
2010-01-05,312.3490398927
2010-01-06,317.6914888203
2010-01-07,317.6914888203
2010-01-08,317.6914888203
2010-01-11,318.4623507890
2010-01-12,317.2097000899
2010-01-13,312.1027395478
2010-01-14,313.8371789772
2010-01-15,314.5116831998
2010-01-18,314.4153254537
2010-01-19,314.3189677076
2010-01-20,311.7173085635
2010-01-21,310.0792268801
2010-01-22,308.0557142125
2010-01-25,307.9593564664
2010-01-26,305.1649818302
2010-01-27,305.8394860527
2010-01-28,300.5398100184
2010-01-29,293.9874832851
2010-02-01,285.7970748684
2010-02-02,279.8228946115
2010-02-03,281.1719030566
2010-02-04,280.9791875645
2010-02-05,281.2682608027
2010-02-08,283.0990579782
2010-02-09,280.5937565802
2010-02-10,282.0391227713
2010-02-11,283.5808467086
2010-02-12,283.8699199468
2010-02-22,284.9298551537
2010-02-23,286.2788635988
2010-02-24,285.9897903606
2010-02-25,282.3281960096
2010-02-26,282.5209115017
2010-03-01,281.4609762949
2010-03-02,281.4609762949
2010-03-03,281.4609762949
2010-03-04,281.4609762949
2010-03-05,281.3646185488
2010-03-08,283.8138230974
2010-03-09,284.3036640072
2010-03-10,284.3036640072
2010-03-11,284.7935049169
2010-03-12,282.7361730960
2010-03-15,282.8341412780
2010-03-16,285.1853776447
2010-03-17,287.3406776475
2010-03-18,287.0467731017
2010-03-19,289.3000412864
2010-03-22,290.0837867420
2010-03-23,291.3573731073
2010-03-24,289.3980094684
2010-03-25,289.5939458323
2010-03-26,288.7122321947
2010-03-29,291.2594049253
2010-03-30,292.3370549267
2010-03-31,292.7289276545
2010-04-01,289.7898821961
2010-04-02,291.4553412892
2010-04-06,292.0431503809
2010-04-07,292.5329912906
2010-04-08,292.4350231087
2010-04-09,291.1614367434
2010-04-12,291.5533094712
2010-04-13,292.0431503809
2010-04-14,293.8065776559
2010-04-15,293.9045458379
2010-04-16,295.1781322032
2010-04-19,294.1004822018
2010-04-20,294.7862594754
2010-04-21,294.3943867476
2010-04-22,294.5903231115
2010-04-23,295.6679731129
2010-04-26,296.0598458407
2010-04-27,295.1781322032
2010-04-28,294.2964185657
2010-04-29,294.7862594754
2010-04-30,294.5903231115
2010-05-04,297.2354640240
2010-05-05,298.1171776616
2010-05-06,295.5700049310
2010-05-07,294.4923549296
2010-05-10,301.5460640297
2010-05-11,292.5329912906
2010-05-12,292.4331506793
2010-05-13,291.7342663997
2010-05-14,291.0353821202
2010-05-17,286.7422358316
2010-05-18,285.4443078839
2010-05-19,283.5473362681
2010-05-20,283.7470174908
2010-05-21,280.5521179272
2010-05-24,280.7517991499
2010-05-25,280.3524367045
2010-05-26,278.3556244772
2010-05-27,277.7565808091
2010-05-28,277.0576965295
2010-05-31,273.5632751319
2010-06-01,270.2685349569
2010-06-02,270.1686943456
2010-06-03,270.2685349569
2010-06-04,270.9674192364
2010-06-07,266.2749105024
2010-06-08,263.9785764411
2010-06-09,263.0800109388
2010-06-10,263.5792139957
2010-06-11,263.9785764411
2010-06-17,265.5760262229
2010-06-18,265.8755480570
2010-06-21,268.4714039524
2010-06-22,269.6694912887
2010-06-23,270.0688537342
2010-06-24,272.4650284069
2010-06-25,273.2637532978
2010-06-28,273.2637532978
2010-06-29,273.6631157432
2010-06-30,272.8643908523
2010-07-01,267.3731572274
2010-07-02,267.3731572274
2010-07-05,267.3731572274
2010-07-06,267.3731572274
2010-07-07,267.3731572274
2010-07-08,267.3731572274
2010-07-09,268.4131518277
2010-07-12,271.7222255557
2010-07-13,267.5622471547
2010-07-14,265.7658928452
2010-07-15,269.1695115369
2010-07-16,273.5185798652
2010-07-19,273.5185798652
2010-07-20,274.9367543201
2010-07-21,274.9367543201
2010-07-22,281.1767219216
2010-07-23,280.7039971033
2010-07-26,280.7039971033
2010-07-27,279.6640025031
2010-07-28,279.8530924304
2010-07-29,283.9185258677
2010-07-30,289.2130438326
2010-08-02,289.2130438326
2010-08-03,289.2130438326
2010-08-04,289.2130438326
2010-08-05,289.2130438326
2010-08-06,289.2130438326
2010-08-09,291.3147499963
2010-08-10,289.9440720635
2010-08-11,289.3044223615
2010-08-12,288.2078800152
2010-08-13,289.5785579481
2010-08-16,288.9389082461
2010-08-17,285.1923885629
2010-08-18,285.5579026783
2010-08-19,282.7251682838
2010-08-20,281.7200044663
2010-08-23,282.9079253415
2010-08-24,282.9993038703
2010-08-25,282.9079253415
2010-08-26,282.6337897549
2010-08-27,285.1010100341
2010-08-30,284.7354959186
2010-08-31,285.2837670918
2010-09-01,280.2579480046
2010-09-02,286.4716879669
2010-09-03,287.8423658998
2010-09-06,295.7922979103
2010-09-07,300.7267384686
2010-09-08,304.2905010940
2010-09-09,299.9926126605
2010-09-10,301.0432076109
2010-09-13,297.4138796004
2010-09-14,301.9027852976
2010-09-15,301.8072766658
2010-09-16,305.4366046763
2010-09-17,309.2569499506
2010-09-20,318.5212872406
2010-09-21,321.7685807237
2010-09-27,334.8532632880
2010-09-28,332.3700388598
2010-09-29,328.9317281130
2010-09-30,330.9374093819
2010-10-08,326.1619777891
2010-10-11,338.2915740349
2010-10-12,334.9487719199
2010-10-13,336.6679272933
2010-10-14,341.9209020454
2010-10-15,339.7242035127
2010-10-18,335.9038582385
2010-10-19,335.4263150792
2010-10-20,327.4990986351
2010-10-21,333.1341079146
2010-10-22,332.7520733872
2010-10-25,335.3308064473
2010-10-26,333.3251251783
2010-10-27,326.6395209484
2010-10-28,322.4371411467
2010-10-29,322.4371411467
2010-11-01,322.4371411467
2010-11-02,322.4371411467
2010-11-03,322.4371411467
2010-11-04,322.4371411467
2010-11-05,322.4371411467
2010-11-08,326.2605064568
2010-11-09,326.6246364863
2010-11-10,330.7210993185
2010-11-11,328.5363191413
2010-11-12,324.4398563091
2010-11-15,320.7985560139
2010-11-16,313.9711179602
2010-11-17,301.4996644489
2010-11-18,301.1355344194
2010-11-19,306.3243873401
2010-11-22,300.4072743603
2010-11-23,291.2129911147
2010-11-24,291.2129911147
2010-11-25,291.2129911147
2010-11-26,284.0214230316
2010-11-29,284.0214230316
2010-11-30,283.7483255094
2010-12-01,283.7483255094
2010-12-02,283.7483255094
2010-12-03,283.7483255094
2010-12-06,283.7483255094
2010-12-07,283.7483255094
2010-12-08,283.7483255094
2010-12-09,283.3164406913
2010-12-10,282.2799171278
2010-12-13,282.2799171278
2010-12-14,282.6254249823
2010-12-15,280.6387548189
2010-12-16,280.4660008917
2010-12-17,278.3065768010
2010-12-20,278.6520846555
2010-12-21,279.4294773281
2010-12-22,280.5523778553
2010-12-23,280.5523778553
2010-12-24,283.0573098004
2010-12-27,284.0074564003
2010-12-28,285.9941265637
2010-12-29,286.8578961999
2010-12-30,287.2897810181
2010-12-31,289.4492051087
2011-01-04,291.5222522357
2011-01-05,287.8944197634
2011-01-06,288.1535506543
2011-01-07,287.3761579817
2011-01-10,287.6352888726
2011-01-11,287.6352888726
2011-01-12,287.7210221926
2011-01-13,292.9507547176
2011-01-14,294.4939544791
2011-01-17,297.2374207217
2011-01-18,298.2662205626
2011-01-19,298.3519538827
2011-01-20,296.5515541610
2011-01-21,296.6372874811
2011-01-24,296.3800875208
2011-01-25,294.0652878787
2011-01-26,288.4068887533
2011-01-27,290.6359550754
2011-01-28,291.3218216361
2011-01-31,294.4939544791
2011-02-01,298.7806204831
2011-02-09,299.9808869643
2011-02-10,299.9808869643
2011-02-11,299.5522203639
2011-02-14,307.7826190917
2011-02-15,298.0947539225
2011-02-16,298.0947539225
2011-02-17,301.8670200060
2011-02-18,301.8670200060
2011-02-21,301.7812866860
2011-02-22,294.2367545188
2011-02-23,281.5482231468
2011-02-24,280.0907567054
2011-02-25,279.4906234648
2011-02-28,280.2622233456
2011-03-01,280.2622233456
2011-03-02,287.1208889521
2011-03-03,287.1208889521
2011-03-04,287.1208889521
2011-03-07,289.7786218746
2011-03-08,289.7786218746
2011-03-09,290.4000833798
2011-03-10,286.6713143484
2011-03-11,285.1620506928
2011-03-14,282.1435233816
2011-03-15,281.8771827365
2011-03-16,276.8167104795
2011-03-17,277.4381719847
2011-03-18,279.4801169305
2011-03-21,280.2791388658
2011-03-22,280.1015784358
2011-03-23,281.6108420914
2011-03-24,282.9425453169
2011-03-25,282.1435233816
2011-03-28,280.1903586508
2011-03-29,278.5035345651
2011-03-30,278.7698752102
2011-03-31,279.8352377907
2011-04-01,282.4986442417
2011-04-06,279.9240180057
2011-04-07,280.2791388658
2011-04-08,279.6576773606
2011-04-11,281.3445014463
2011-04-12,278.5035345651
2011-04-13,274.6859853186
2011-04-14,273.7981831683
2011-04-15,272.2889195127
2011-04-18,268.9152713413
2011-04-19,268.5601504812
2011-04-20,269.3591724165
2011-04-21,269.7142932767
2011-04-22,271.7562382225
2011-04-25,273.6206227382
2011-04-26,271.2235569323
2011-04-27,272.4664799427
2011-04-28,272.0225788676
2011-04-29,266.6957659655
2011-05-03,269.9806339218
2011-05-04,263.6772386543
2011-05-05,266.4294253204
2011-05-06,266.4294253204
2011-05-09,266.4294253204
2011-05-10,266.4294253204
2011-05-11,265.3753029650
2011-05-12,263.3549017839
2011-05-13,263.6184323727
2011-05-16,263.3549017839
2011-05-17,259.7533170697
2011-05-18,260.8952829547
2011-05-19,262.3007794285
2011-05-20,263.0035276654
2011-05-23,263.8819629615
2011-05-24,263.2670582542
2011-05-25,262.5643100173
2011-05-26,263.4427453135
2011-05-27,262.8278406062
2011-05-30,262.9156841358
2011-05-31,261.9494053100
2011-06-01,260.6317523658
2011-06-02,260.6317523658
2011-06-03,262.1250923693
2011-06-07,260.8074394250
2011-06-08,260.4560653066
2011-06-09,261.5980311916
2011-06-10,261.6858747212
2011-06-13,261.4223441323
2011-06-14,261.6858747212
2011-06-15,260.4560653066
2011-06-16,260.8074394250
2011-06-17,260.4560653066
2011-06-20,262.0372488396
2011-06-21,263.4427453135
2011-06-22,266.9564864980
2011-06-23,267.7470782646
2011-06-24,267.8349217942
2011-06-27,267.9227653238
2011-06-28,267.7470782646
2011-06-29,267.6592347350
2011-06-30,267.2200170869
2011-07-01,267.9227653238
2011-07-04,267.9227653238
2011-07-05,267.9227653238
2011-07-06,267.9227653238
2011-07-07,267.9227653238
2011-07-08,267.9227653238
2011-07-11,267.9227653238
2011-07-12,269.5915461729
2011-07-13,271.9278393617
2011-07-14,273.8469373381
2011-07-15,274.7647668051
2011-07-18,274.7647668051
2011-07-19,274.7647668051
2011-07-20,277.0176209514
2011-07-21,280.8558169044
2011-07-22,280.8558169044
2011-07-25,281.6902073289
2011-07-26,288.8659649801
2011-07-27,285.4449642394
2011-07-28,279.2704750977
2011-07-29,281.0226949893
2011-08-01,281.0226949893
2011-08-02,281.0226949893
2011-08-03,281.0226949893
2011-08-04,281.0226949893
2011-08-05,281.0226949893
2011-08-08,277.4165375834
2011-08-09,274.0679628493
2011-08-10,277.1589549115
2011-08-11,276.2144851147
2011-08-12,277.9317029271
2011-08-15,278.4468682708
2011-08-16,277.1589549115
2011-08-17,277.5023984740
2011-08-18,277.2448158021
2011-08-19,275.7851806616
2011-08-22,274.7548499742
2011-08-23,275.6993197710
2011-08-24,275.6993197710
2011-08-25,274.6689890836
2011-08-26,274.2396846305
2011-08-29,276.9013722397
2011-08-30,275.6993197710
2011-08-31,275.2700153179
2011-09-01,274.9265717555
2011-09-02,279.4771989582
2011-09-05,279.4771989582
2011-09-06,279.4771989582
2011-09-07,274.7548499742
2011-09-08,274.7548499742
2011-09-09,274.7548499742
2011-09-13,274.3353769208
2011-09-14,274.0836930888
2011-09-15,271.3990655471
2011-09-16,269.8050679442
2011-09-19,267.1204404024
2011-09-20,266.2814942956
2011-09-21,265.0230751355
2011-09-22,260.6605553801
2011-09-23,251.7677266481
2011-09-26,250.5932020986
2011-09-27,251.8516212588
2011-09-28,248.9153098851
2011-09-29,243.0426871375
2011-09-30,245.3917362365
2011-10-10,247.3213122822
2011-10-11,248.7475206637
2011-10-12,253.6973026938
2011-10-13,255.3751949074
2011-10-14,255.1235110753
2011-10-17,255.1235110753
2011-10-18,254.2006703578
2011-10-19,253.9489865258
2011-10-20,250.1737290452
2011-10-21,247.7407853356
2011-10-24,249.0830991064
2011-10-25,249.2508883278
2011-10-26,251.1804643734
2011-10-27,250.8448859307
2011-10-28,241.1131110919
2011-10-31,230.7940739784
2011-11-01,230.7101793677
2011-11-02,230.7101793677
2011-11-03,230.7101793677
2011-11-04,230.7101793677
2011-11-07,230.7101793677
2011-11-08,230.7101793677
2011-11-09,227.2495266772
2011-11-10,227.2495266772
2011-11-11,227.2495266772
2011-11-14,221.0972552274
2011-11-15,222.7891298761
2011-11-16,222.7891298761
2011-11-17,222.7891298761
2011-11-18,222.7891298761
2011-11-21,222.7891298761
2011-11-22,222.7891298761
2011-11-23,211.8688480527
2011-11-24,211.8688480527
2011-11-25,206.5625139272
2011-11-28,205.3320596372
2011-11-29,208.4081953621
2011-11-30,208.4081953621
2011-12-01,208.4081953621
2011-12-02,211.4843310870
2011-12-05,211.4843310870
2011-12-06,211.4843310870
2011-12-07,211.4843310870
2011-12-08,211.4843310870
2011-12-09,211.8758237399
2011-12-12,210.3881516590
2011-12-13,210.1532560672
2011-12-14,210.0749575367
2011-12-15,208.6655839863
2011-12-16,209.8400619449
2011-12-19,210.9362413730
2011-12-20,212.6588090457
2011-12-21,214.0681825961
2011-12-22,215.3209590853
2011-12-23,216.1822429216
2011-12-26,216.2605414522
2011-12-27,216.8086311662
2011-12-28,220.1754679810
2011-12-29,221.6631400620
2011-12-30,223.6206033264
2012-01-04,224.6384842239
2012-01-05,224.6384842239
2012-01-06,224.6384842239
2012-01-09,224.7167827545
2012-01-10,224.7167827545
2012-01-11,224.7167827545
2012-01-12,222.8136934696
2012-01-13,221.7479634701
2012-01-16,218.7030206144
2012-01-17,222.5091991840
2012-01-18,222.2047048985
2012-01-19,223.1181877552
2012-01-20,224.7929063259
2012-01-30,226.5437484679
2012-01-31,223.6510527550
2012-02-01,226.9243663249
2012-02-02,226.9243663249
2012-02-03,227.8378491816
2012-02-06,229.8170620378
2012-02-07,229.2841970381
2012-02-08,230.5021741804
2012-02-09,230.8066684660
2012-02-10,228.9035791811
2012-02-13,229.4364441809
2012-02-14,230.5782977518
2012-02-15,230.5782977518
2012-02-16,230.9589156088
2012-02-17,232.1007691797
2012-02-20,232.5575106080
2012-02-21,236.2114420349
2012-02-22,236.2114420349
2012-02-23,236.2114420349
2012-02-24,236.2114420349
2012-02-27,238.9518906051
2012-02-28,239.9414970332
2012-02-29,231.7962748941
2012-03-01,217.9417849004
2012-03-02,217.9417849004
2012-03-05,217.9417849004
2012-03-06,217.9417849004
2012-03-07,228.3707141814
2012-03-08,228.3707141814
2012-03-09,230.4988474433
2012-03-12,229.2513210484
2012-03-13,230.2786957266
2012-03-14,231.5996060271
2012-03-15,231.9665255550
2012-03-16,232.7003646109
2012-03-19,233.5809714779
2012-03-20,232.7737485165
2012-03-21,231.6729899327
2012-03-22,232.7737485165
2012-03-23,234.6817300617
2012-03-26,237.7638540963
2012-03-27,239.0113804912
2012-03-28,240.5524425085
2012-03-29,240.0387551694
2012-03-30,237.4703184739
2012-04-05,245.0288607492
2012-04-06,249.2117433676
2012-04-09,250.4592697625
2012-04-10,249.5786628955
2012-04-11,248.1109847838
2012-04-12,248.1843686894
2012-04-13,250.0189663290
2012-04-16,247.9642169726
2012-04-17,250.0923502346
2012-04-18,249.5786628955
2012-04-19,249.4318950843
2012-04-20,251.4866444407
2012-04-23,253.2478581748
2012-04-24,250.8261892905
2012-04-25,251.1931088184
2012-04-26,249.8721985179
2012-04-27,253.9083133250
2012-05-02,255.1558397200
2012-05-03,249.5052789899
2012-05-04,249.5052789899
2012-05-07,249.5052789899
2012-05-08,249.5052789899
2012-05-09,255.3759914367
2012-05-10,256.5686405503
2012-05-11,255.8977754239
2012-05-14,250.9035572610
2012-05-15,247.3256099204
2012-05-16,247.3256099204
2012-05-17,249.4127458690
2012-05-18,250.3072327042
2012-05-21,250.5308544130
2012-05-22,250.1581515650
2012-05-23,245.6111768196
2012-05-24,248.2946373251
2012-05-25,248.2946373251
2012-05-28,248.1455561859
2012-05-29,248.1455561859
2012-05-30,247.1019882116
2012-05-31,247.4001504899
2012-06-01,245.8347985284
2012-06-04,246.1329608068
2012-06-05,246.5056636548
2012-06-06,246.5802042244
2012-06-07,248.4437184643
2012-06-08,248.9655024515
2012-06-11,248.9655024515
2012-06-12,248.9655024515
2012-06-13,252.5434497921
2012-06-14,249.4872864386
2012-06-15,249.4872864386
2012-06-18,250.8290166914
2012-06-19,252.9906932097
2012-06-20,252.9906932097
2012-06-21,259.4757227645
2012-06-25,258.9539387774
2012-06-26,262.2337238396
2012-06-27,265.2898871930
2012-06-28,264.6190220667
2012-06-29,257.9103708030
2012-07-02,243.0022568838
2012-07-03,249.7109081474
2012-07-04,249.7109081474
2012-07-05,264.6935626363
2012-07-06,264.6935626363
2012-07-09,269.5008755515
2012-07-10,271.3946654878
2012-07-11,276.1291403286
2012-07-12,274.3081884668
2012-07-13,274.6723788391
2012-07-16,285.5980900101
2012-07-17,290.4782409999
2012-07-18,289.6770221806
2012-07-19,296.2324488833
2012-07-20,296.2324488833
2012-07-23,303.2249040327
2012-07-24,302.1323329156
2012-07-25,306.0655889372
2012-07-26,306.2841031606
2012-07-27,296.2324488833
2012-07-30,307.6680265756
2012-07-31,303.8804467030
2012-08-01,303.8804467030
2012-08-02,303.8804467030
2012-08-03,303.8804467030
2012-08-06,303.8804467030
2012-08-07,303.8804467030
2012-08-08,303.8804467030
2012-08-09,306.1165059134
2012-08-10,310.6631596414
2012-08-13,309.9178065712
2012-08-14,307.9798885888
2012-08-15,311.3339774045
2012-08-16,313.1973600799
2012-08-17,313.0482894659
2012-08-20,316.1042370535
2012-08-21,321.9179910008
2012-08-22,328.1789567901
2012-08-23,330.1914100795
2012-08-24,331.3839749917
2012-08-27,335.1107403425
2012-08-28,333.3218929742
2012-08-29,337.0486583249
2012-08-30,342.1915945090
2012-08-31,341.1481002108
2012-09-03,344.5021890265
2012-09-04,348.9743074474
2012-09-05,346.2910363949
2012-09-06,341.3717061318
2012-09-07,340.6263530617
2012-09-10,339.7270095553
2012-09-11,336.3544714061
2012-09-12,334.2560032245
2012-09-13,336.8790884516
2012-09-14,338.6028301722
2012-09-17,331.4080821207
2012-09-18,321.2904676734
2012-09-19,322.4146470564
2012-09-20,322.3397017642
2012-09-21,320.0163977059
2012-09-24,313.6460478687
2012-09-25,317.3933124788
2012-09-26,316.8686954334
2012-09-27,316.9436407256
2012-09-28,316.1192425114
2012-10-08,310.7231814728
2012-10-09,309.3741662131
2012-10-10,302.0295275773
2012-10-11,300.4556764410
2012-10-12,298.5820441359
2012-10-15,289.8883902404
2012-10-16,290.4879525780
2012-10-17,288.3894843963
2012-10-18,291.9119131299
2012-10-19,292.3615848831
2012-10-22,292.5864207597
2012-10-23,290.9376243312
2012-10-24,291.9119131299
2012-10-25,290.5628978702
2012-10-26,287.8648673509
2012-10-29,285.6914538770
2012-10-30,281.0448457605
2012-10-31,278.8714322866
2012-11-01,277.3725264425
2012-11-02,277.3725264425
2012-11-05,277.3725264425
2012-11-06,277.3725264425
2012-11-07,277.3725264425
2012-11-08,277.3725264425
2012-11-09,277.2239207493
2012-11-12,266.5986136822
2012-11-13,264.0723168971
2012-11-14,263.5521969707
2012-11-15,263.1806827376
2012-11-16,259.0940261734
2012-11-19,259.6141460997
2012-11-20,259.0940261734
2012-11-21,260.9515973389
2012-11-22,264.3695282836
2012-11-23,265.8555852160
2012-11-26,266.7472193755
2012-11-27,266.7472193755
2012-11-28,266.7472193755
2012-11-29,272.6914471053
2012-11-30,281.9050000865
2012-12-03,281.9050000865
2012-12-04,281.9050000865
2012-12-05,282.3508171663
2012-12-06,282.3508171663
2012-12-07,282.3508171663
2012-12-10,282.5756784488
2012-12-11,284.5244762312
2012-12-12,283.9997999052
2012-12-13,285.2740138399
2012-12-14,288.3471180352
2012-12-17,295.2428640345
2012-12-18,292.7693899260
2012-12-19,288.7968406004
2012-12-20,283.7749386226
2012-12-21,281.3764182751
2012-12-24,282.8754934923
2012-12-25,281.7511870794
2012-12-26,286.7730890571
2012-12-27,287.6725341874
2012-12-28,286.3233664919
2012-12-31,287.9723492309
2013-01-04,285.7986901659
2013-01-07,281.8261408402
2013-01-08,281.6012795576
2013-01-09,283.2502622966
2013-01-10,281.9010946011
2013-01-11,280.7018344273
2013-01-14,285.1065707735
2013-01-15,289.1909626582
2013-01-16,290.2320821582
2013-01-17,292.2342350429
2013-01-18,291.0329433121
2013-01-21,291.6736322352
2013-01-22,292.3944072736
2013-01-23,294.0762156967
2013-01-24,292.3143211582
2013-01-25,292.7948378506
2013-01-28,295.9181963506
2013-01-29,296.8792297352
2013-01-30,301.0437077353
2013-01-31,305.0480135046
2013-02-01,304.6475829277
2013-02-04,307.3705108508
2013-02-05,309.3726637354
2013-02-06,311.2146443893
2013-02-07,310.3336971201
2013-02-08,311.8553333124
2013-02-18,306.5696496969
2013-02-19,305.4484440815
2013-02-20,307.7709414277
2013-02-21,307.5306830815
2013-02-22,312.4159361201
2013-02-25,310.8142138124
2013-02-26,312.3358500047
2013-02-27,310.7341276970
2013-02-28,313.4570556201
2013-03-01,314.7384334663
2013-03-04,314.7384334663
2013-03-05,314.7384334663
2013-03-06,314.7384334663
2013-03-07,314.7384334663
2013-03-08,314.7384334663
2013-03-11,316.6002902924
2013-03-12,313.2150960631
2013-03-13,311.0993496698
2013-03-14,308.0526748635
2013-03-15,309.2374928437
2013-03-18,302.0439551065
2013-03-19,303.3980327982
2013-03-20,307.8834151520
2013-03-21,311.2686093813
2013-03-22,311.0147198141
2013-03-25,309.9991615453
2013-03-26,309.9991615453
2013-03-27,312.1995377943
2013-03-28,313.2150960631
2013-03-29,307.7987852963
2013-04-01,306.6985971718
2013-04-02,304.9213702014
2013-04-03,299.2511698674
2013-04-08,295.1889367922
2013-04-09,295.2735666480
2013-04-10,296.1198652053
2013-04-11,294.9350472250
2013-04-12,296.3737547725
2013-04-15,295.7813457824
2013-04-16,296.6276443397
2013-04-17,301.9593252508
2013-04-18,303.2287730868
2013-04-19,303.9058119326
2013-04-22,302.0439551065
2013-04-23,303.7365522211
2013-04-24,303.3134029425
2013-04-25,306.2754478931
2013-04-26,309.3221226994
2013-05-02,311.4378690927
2013-05-03,312.8765766402
2013-05-06,313.2150960631
2013-05-07,313.0458363516
2013-05-08,314.6538036105
2013-05-09,315.5847320236
2013-05-10,316.3102141662
2013-05-13,315.2219909523
2013-05-14,316.2195288983
2013-05-15,315.4033614879
2013-05-16,315.4940467558
2013-05-17,316.0381583627
2013-05-20,317.0356963088
2013-05-21,319.0307722009
2013-05-22,318.9400869330
2013-05-23,319.8469396113
2013-05-24,320.0283101469
2013-05-27,320.2096806826
2013-05-28,320.2096806826
2013-05-29,325.4694262163
2013-05-30,325.9228525554
2013-05-31,327.8272431797
2013-06-03,336.3516583550
2013-06-04,337.7119373724
2013-06-05,341.1579775496
2013-06-06,341.3393480853
2013-06-07,342.8809976383
2013-06-13,343.6064797809
2013-06-14,340.2511248714
2013-06-17,340.8859217462
2013-06-18,342.6996271026
2013-06-19,342.6089418348
2013-06-20,344.5133324591
2013-06-21,341.6114038888
2013-06-24,338.3467342471
2013-06-25,339.3442721932
2013-06-26,336.1702878194
2013-06-27,330.7291717500
2013-06-28,326.3762788945
2013-07-01,321.6606449677
2013-07-02,321.9327007712
2013-07-03,328.0086137153
2013-07-04,332.8149329099
2013-07-05,349.9544485285
2013-07-08,349.6650705390
2013-07-09,353.7163623908
2013-07-10,354.7774150186
2013-07-11,356.5136829551
2013-07-12,358.6357882108
2013-07-15,354.1021997100
2013-07-16,361.4331087751
2013-07-17,364.4233479990
2013-07-18,366.7383719143
2013-07-19,368.6675585104
2013-07-22,365.0985633077
2013-07-23,368.9569364998
2013-07-24,368.9569364998
2013-07-25,364.4233479990
2013-07-26,354.2951183696
2013-07-29,362.4941614030
2013-07-30,367.4135872230
2013-07-31,370.5967451065
2013-08-01,370.4038264469
2013-08-02,370.4038264469
2013-08-05,356.8995202743
2013-08-06,356.8995202743
2013-08-07,356.8995202743
2013-08-08,356.8995202743
2013-08-09,360.3636032498
2013-08-12,359.7697604540
2013-08-13,365.2133194155
2013-08-14,367.0938216022
2013-08-15,374.3189089511
2013-08-16,377.5850443279
2013-08-19,381.6429700992
2013-08-20,383.3255246873
2013-08-21,383.5234722859
2013-08-22,384.0183412824
2013-08-23,381.9398914971
2013-08-26,395.4993020012
2013-08-27,396.1921185963
2013-08-28,394.4105902089
2013-08-29,390.0557430397
2013-08-30,383.4244984866
2013-09-02,388.7690836488
2013-09-03,392.8270094201
2013-09-04,395.3013544026
2013-09-05,393.9157212124
2013-09-06,397.0828827900
2013-09-09,399.0825050463
2013-09-10,394.7675307037
2013-09-11,399.2929915996
2013-09-12,407.0809940715
2013-09-13,419.3944574392
2013-09-16,414.9742398200
2013-09-17,412.5536444571
2013-09-18,412.2379146272
2013-09-23,407.8176970080
2013-09-24,410.1330490942
2013-09-25,412.2379146272
2013-09-26,412.6588877338
2013-09-27,413.5008339469
2013-09-30,413.9218070535
2013-10-08,419.3944574392
2013-10-09,420.0259170991
2013-10-10,424.6566212715
2013-10-11,422.1307826320
2013-10-14,422.6569990152
2013-10-15,421.3940796955
2013-10-16,421.2888364188
2013-10-17,422.0255393554
2013-10-18,418.9734843326
2013-10-21,420.0259170991
2013-10-22,419.0787276092
2013-10-23,419.1839708859
2013-10-24,415.0794830966
2013-10-25,412.5536444571
2013-10-28,402.0293167924
2013-10-29,397.0828827900
2013-10-30,402.8712630056
2013-10-31,410.7645087541
2013-11-01,415.7109427565
2013-11-04,415.7109427565
2013-11-05,415.7109427565
2013-11-06,412.5536444571
2013-11-07,410.5540222008
2013-11-08,401.3978571325
2013-11-11,404.4945684538
2013-11-12,405.0284841989
2013-11-13,405.7759662420
2013-11-14,407.0573640301
2013-11-15,408.3387618182
2013-11-18,406.5234482850
2013-11-19,410.2608585004
2013-11-20,409.8337259044
2013-11-21,414.9593170569
2013-11-22,414.9593170569
2013-11-25,416.1339316960
2013-11-26,414.2118350138
2013-11-27,417.0949800371
2013-11-28,419.2306430173
2013-11-29,420.9391734015
2013-12-02,426.1715477031
2013-12-03,432.2581871967
2013-12-04,427.1325960442
2013-12-05,427.1325960442
2013-12-06,426.5986802991
2013-12-09,429.2376715974
2013-12-10,431.5324466393
2013-12-11,430.6145366225
2013-12-12,429.6966266057
2013-12-13,425.4512927781
2013-12-16,427.9755453243
2013-12-17,431.4177078872
2013-12-18,432.9093116645
2013-12-19,431.6471853914
2013-12-20,431.8766628956
2013-12-23,431.8766628956
2013-12-24,428.4345003327
2013-12-25,427.9755453243
2013-12-26,429.9261041099
2013-12-27,428.3197615806
2013-12-30,427.4018515638
2013-12-31,427.0576353075
2014-01-02,426.4839415470
2014-01-03,426.5986802991
2014-01-06,428.4345003327
2014-01-07,426.3692027949
2014-01-08,424.8775990176
2014-01-09,421.7796527110
2014-01-10,420.4880112356
2014-01-13,418.2569941416
2014-01-14,420.1357453786
2014-01-15,422.7190283295
2014-01-16,423.4235600434
2014-01-17,422.4841844249
2014-01-20,421.6622307587
2014-01-21,421.5448088064
2014-01-22,421.0751209971
2014-01-23,420.6054331879
2014-01-24,420.7228551402
2014-01-27,422.3667624726
2014-01-28,422.0144966156
2014-01-29,421.8970746633
2014-01-30,420.4880112356
2014-02-07,430.5862991345
2014-02-10,435.5180211317
2014-02-11,434.4612235609
2014-02-12,434.3438016086
2014-02-13,434.2263796563
2014-02-14,435.6354430840
2014-02-17,436.3399747979
2014-02-18,435.9877089410
2014-02-19,436.8096626072
2014-02-20,434.6960674655
2014-02-21,433.4044259901
2014-02-24,432.9347381808
2014-02-25,428.0030161836
2014-02-26,423.4235600434
2014-02-27,416.7305087615
2014-02-28,409.8026135750
2014-03-03,409.8026135750
2014-03-04,414.8517575245
2014-03-05,414.8517575245
2014-03-06,414.8517575245
2014-03-07,419.9009014740
2014-03-10,415.2493046613
2014-03-11,411.8548961763
2014-03-12,411.6034585107
2014-03-13,406.3232675341
2014-03-14,402.6774213836
2014-03-17,398.4029810692
2014-03-18,400.5402012264
2014-03-19,407.5804558619
2014-03-20,414.6207104974
2014-03-21,412.9863656713
2014-03-24,411.2263020124
2014-03-25,416.5064929890
2014-03-26,417.2608059857
2014-03-27,419.5237449757
2014-03-28,417.6379624840
2014-03-31,421.6609651329
2014-04-01,432.0956282533
2014-04-02,438.5072887249
2014-04-03,435.2385990727
2014-04-04,437.6272568955
2014-04-08,436.7472250661
2014-04-09,440.0159147183
2014-04-10,442.0274160427
2014-04-11,443.9131985343
2014-04-14,443.1588855377
2014-04-15,442.5302913738
2014-04-16,445.7989810260
2014-04-17,451.8334849993
2014-04-18,456.7365194775
2014-04-21,459.1251773003
2014-04-22,465.4111189391
2014-04-23,466.9197449325
2014-04-24,467.0454637652
2014-04-25,470.6913099158
2014-04-28,484.6461003540
2014-04-29,485.4004133506
2014-04-30,489.0462595011
2014-05-05,484.3946626884
2014-05-06,484.0175061901
2014-05-07,479.6173470429
2014-05-08,478.7373152135
2014-05-09,478.8630340462
2014-05-12,480.7688301488
2014-05-13,480.8958832223
2014-05-14,484.5804223540
2014-05-15,486.1050592361
2014-05-16,485.8509530891
2014-05-19,487.3755899712
2014-05-20,491.1871821764
2014-05-21,494.4905620875
2014-05-22,503.3842772330
2014-05-23,503.3842772330
2014-05-26,505.2900733356
2014-05-27,501.3514280569
2014-05-28,499.8267911748
2014-05-29,502.8760649390
2014-05-30,494.8717213081
2014-06-03,489.2813860738
2014-06-04,486.2321123096
2014-06-05,483.6910508395
2014-06-06,477.2113440906
2014-06-09,480.1335647813
2014-06-10,480.2606178548
2014-06-11,479.7524055608
2014-06-12,479.3712463403
2014-06-13,474.6702826205
2014-06-16,475.8137602821
2014-06-17,471.4939557829
2014-06-18,468.0635227982
2014-06-19,467.6823635777
2014-06-20,465.1413021075
2014-06-23,466.0306736221
2014-06-24,465.7765674751
2014-06-25,463.4896121519
2014-06-26,462.8543467844
2014-06-27,462.0920283434
2014-06-30,460.0591791673
2014-07-01,440.3659527737
2014-07-02,444.9398634200
2014-07-03,453.3253662714
2014-07-04,457.3910646236
2014-07-07,445.4480757140
2014-07-08,444.6857572730
2014-07-09,438.8298131443
2014-07-10,435.6578434079
2014-07-11,432.8518701796
2014-07-14,432.3638748355
2014-07-15,437.1218294401
2014-07-16,439.1958096523
2014-07-17,440.0498015044
2014-07-18,436.7558329320
2014-07-21,435.6578434079
2014-07-22,436.5118352600
2014-07-23,432.2418759995
2014-07-24,434.5598538838
2014-07-25,436.7558329320
2014-07-28,438.9518119803
2014-07-29,439.6838049964
2014-07-30,443.0997724048
2014-07-31,444.1977619289
2014-08-01,444.1977619289
2014-08-04,444.1977619289
2014-08-05,444.1977619289
2014-08-06,444.1977619289
2014-08-07,444.1977619289
2014-08-08,444.1977619289
2014-08-11,445.1826793611
2014-08-12,439.7656334839
2014-08-13,433.1174408165
2014-08-14,429.0546564086
2014-08-15,432.6249821004
2014-08-18,433.4867848536
2014-08-19,434.8410463229
2014-08-20,434.3485876068
2014-08-21,433.4867848536
2014-08-22,435.9490784341
2014-08-25,435.3335050390
2014-08-26,431.2707206311
2014-08-27,432.8712114584
2014-08-28,429.7933444828
2014-08-29,422.2833490621
2014-09-01,431.5169499891
2014-09-02,433.7330142116
2014-09-03,433.8561288907
2014-09-04,429.4240004457
2014-09-05,424.1300692475
2014-09-09,422.1602343831
2014-09-10,414.4130098652
2014-09-11,414.1590025040
2014-09-12,414.9210245877
2014-09-15,415.8100503521
2014-09-16,417.0800871583
2014-09-17,417.8421092420
2014-09-18,418.7311350063
2014-09-19,416.1910613939
2014-09-22,408.1898295148
2014-09-23,407.4278074311
2014-09-24,406.7927890280
2014-09-25,407.5548111117
2014-09-26,401.2046270807
2014-09-29,397.2675129815
2014-09-30,393.2033952016
2014-10-08,396.8865019396
2014-10-09,401.3316307613
2014-10-10,397.0135056202
2014-10-13,399.1725681908
2014-10-14,403.3636896512
2014-10-15,402.3476602063
2014-10-16,402.8556749288
2014-10-17,407.6818147923
2014-10-20,412.6349583366
2014-10-21,411.4919252110
2014-10-22,417.8421092420
2014-10-23,414.1590025040
2014-10-24,418.7311350063
2014-10-27,420.0011718126
2014-10-28,428.2564110529
2014-10-29,432.1935251521
2014-10-30,431.0504920265
2014-10-31,431.6855104297
2014-11-03,457.4672575956
2014-11-04,457.4672575956
2014-11-05,457.4672575956
2014-11-06,457.4672575956
2014-11-07,457.4672575956
2014-11-10,457.1851316274
2014-11-11,461.1348951835
2014-11-12,464.5204068031
2014-11-13,462.8276509933
2014-11-14,455.3513128334
2014-11-17,453.3764310553
2014-11-18,454.6459979127
2014-11-19,442.9377702283
2014-11-20,442.9377702283
2014-11-21,435.8846210208
2014-11-24,443.7841481332
2014-11-25,442.5145812758
2014-11-26,442.6556442600
2014-11-27,440.3986365136
2014-11-28,439.6933215929
2014-12-01,428.8314718134
2014-12-02,436.0256840050
2014-12-03,433.9097392427
2014-12-04,433.9097392427
2014-12-05,437.2952508623
2014-12-08,441.2586519275
2014-12-09,443.6073340403
2014-12-10,450.8001730105
2014-12-11,448.5982835298
2014-12-12,450.8001730105
2014-12-15,451.2405509066
2014-12-16,447.5707351055
2014-12-17,445.0752603607
2014-12-18,446.6899793132
2014-12-19,448.4514908977
2014-12-22,446.3963940491
2014-12-23,445.5156382568
2014-12-24,445.5156382568
2014-12-25,444.6348824646
2014-12-26,445.2220529928
2014-12-29,450.9469656425
2014-12-30,449.9194172182
2014-12-31,442.4329929839
2015-01-05,432.7446792689
2015-01-06,438.9099698148
2015-01-07,440.8182740314
2015-01-08,440.6714813994
2015-01-09,438.1760066546
2015-01-12,437.2949557029
2015-01-13,433.0365427696
2015-01-14,427.3097115834
2015-01-15,428.7781298363
2015-01-16,422.9044568248
2015-01-19,423.7855077765
2015-01-20,415.2686819099
2015-01-21,417.1776256386
2015-01-22,417.9118347651
2015-01-23,413.8002636571
2015-01-26,413.2128963559
2015-01-27,417.3244674639
2015-01-28,413.8002636571
2015-01-29,411.7444781030
2015-01-30,414.8281564341
2015-02-02,410.8634271513
2015-02-03,414.6813146088
2015-02-04,422.4639313489
2015-02-05,416.2965746869
2015-02-06,418.3523602409
2015-02-09,418.3523602409
2015-02-10,419.0865693674
2015-02-11,419.5270948432
2015-02-12,419.6739366685
2015-02-13,425.1070842041
2015-02-16,429.6591807880
2015-02-17,430.8339153903
2015-02-25,434.9454864983
2015-02-26,437.8823230040
2015-02-27,442.1407359373
2015-03-02,430.2465480891
2015-03-03,430.2465480891
2015-03-04,430.2465480891
2015-03-05,430.2465480891
2015-03-06,430.2465480891
2015-03-09,427.2230305340
2015-03-10,430.2465480891
2015-03-11,431.9094827444
2015-03-12,435.5377038105
2015-03-13,434.3282967885
2015-03-16,428.5836134338
2015-03-17,427.6765581673
2015-03-18,422.6877542014
2015-03-19,425.8624476342
2015-03-20,425.8624476342
2015-03-23,428.1300858006
2015-03-24,429.4906687004
2015-03-25,428.1300858006
2015-03-26,425.7112717565
2015-03-27,422.2342265681
2015-03-30,421.3271713016
2015-03-31,418.7571813798
2015-04-01,425.2577441232
2015-04-02,425.5600958787
2015-04-03,422.9901059569
2015-04-07,422.0830506904
2015-04-08,420.8736436684
2015-04-09,417.8501261133
2015-04-10,412.1054427586
2015-04-13,411.3495633698
2015-04-14,411.9542668808
2015-04-15,413.7683774139
2015-04-16,412.7101462696
2015-04-17,412.2566186363
2015-04-20,414.9777844359
2015-04-21,415.8848397025
2015-04-22,412.2566186363
2015-04-23,412.1054427586
2015-04-24,414.8266085582
2015-04-27,414.2219050472
2015-04-28,414.8266085582
2015-04-29,413.9195532916
2015-04-30,410.8960357366
2015-05-04,404.6978247486
2015-05-05,411.1983874921
2015-05-06,414.2219050472
2015-05-07,408.6283975702
2015-05-08,406.3607594039
2015-05-11,407.0995971483
2015-05-12,401.4844302911
2015-05-13,398.8246144113
2015-05-14,396.0170309827
2015-05-15,396.9036362760
2015-05-18,393.9482852985
2015-05-19,393.0616800053
2015-05-20,379.7626006066
2015-05-21,379.0237628622
2015-05-22,374.2952012982
2015-05-25,367.2023589523
2015-05-26,362.3260298394
2015-05-27,362.3260298394
2015-05-28,363.0648675838
2015-05-29,362.1782622906
2015-06-01,361.5871920951
2015-06-02,361.7349596439
2015-06-03,362.6215649372
2015-06-04,360.9961218996
2015-06-05,366.1679861102
2015-06-08,364.6903106214
2015-06-09,367.9411966966
2015-06-10,369.4188721854
2015-06-11,365.7246834635
2015-06-12,359.2229113131
2015-06-15,355.8242576890
2015-06-16,353.0166742604
2015-06-17,359.0751437642
2015-06-18,358.3363060198
2015-06-19,355.3809550423
2015-06-23,364.2470079748
2015-06-24,363.9514728770
2015-06-25,363.5081702304
2015-06-26,366.6112887568
2015-06-29,366.7590563057
2015-06-30,359.8139815086
2015-07-01,365.7246834635
2015-07-02,385.6733025615
2015-07-03,379.4670655088
2015-07-06,384.1956270728
2015-07-07,384.1956270728
2015-07-08,384.1956270728
2015-07-09,387.1351498507
2015-07-10,399.1871932401
2015-07-13,395.3658136289
2015-07-14,403.0085728514
2015-07-15,406.2420479071
2015-07-16,402.5676444347
2015-07-17,399.6281216568
2015-07-20,393.3081476843
2015-07-21,393.8960522399
2015-07-22,397.1295272956
2015-07-23,398.4523125457
2015-07-24,394.0430283788
2015-07-27,388.8988635175
2015-07-28,385.5184123229
2015-07-29,384.9305077673
2015-07-30,384.9305077673
2015-07-31,384.1956270728
2015-08-03,383.7546986561
2015-08-04,385.0774839062
2015-08-05,385.0774839062
2015-08-06,385.0774839062
2015-08-07,379.1984383504
2015-08-10,384.4611323560
2015-08-11,389.7238263616
2015-08-12,387.8747717110
2015-08-13,380.6207880816
2015-08-14,377.6338536460
2015-08-17,376.2115039147
2015-08-18,377.4916186729
2015-08-19,372.3711596404
2015-08-20,374.3624492641
2015-08-21,375.7847989954
2015-08-24,370.2376350435
2015-08-25,370.9488099091
2015-08-26,374.6469192104
2015-08-27,373.2245694791
2015-08-28,374.0779793179
2015-08-31,372.6556295866
2015-09-01,368.5308153660
2015-09-02,370.5221049898
2015-09-07,369.0997552585
2015-09-08,370.0954000704
2015-09-09,376.7804438072
2015-09-10,376.6382088341
2015-09-11,375.9347381415
2015-09-14,378.0451502194
2015-09-15,381.8438919596
2015-09-16,383.5322216219
2015-09-17,380.8590329899
2015-09-18,378.0451502194
2015-09-21,374.8091850333
2015-09-22,372.1359964013
2015-09-23,374.9498791718
2015-09-24,374.1057143406
2015-09-25,375.6533498644
2015-09-28,375.6533498644
2015-09-29,375.0905733103
2015-09-30,369.8848901849
2015-10-08,375.7940440030
2015-10-09,373.6836319251
2015-10-12,375.0905733103
2015-10-13,376.2161264185
2015-10-14,383.5322216219
2015-10-15,385.0798571457
2015-10-16,386.2054102539
2015-10-19,380.0148681587
2015-10-20,379.3113974661
2015-10-21,377.7637619423
2015-10-22,379.1707033276
2015-10-23,367.6337839684
2015-10-26,369.8848901849
2015-10-27,369.8848901849
2015-10-28,371.7139139857
2015-10-29,369.1814194922
2015-10-30,363.6943480897
2015-11-02,347.5145221592
2015-11-03,347.5145221592
2015-11-04,347.5145221592
2015-11-05,347.5145221592
2015-11-06,347.5145221592
2015-11-09,347.2281484286
2015-11-10,349.8055120045
2015-11-11,354.5306785605
2015-11-12,354.1011179645
2015-11-13,349.9486988699
2015-11-16,347.8008958899
2015-11-17,347.5145221592
2015-11-18,342.5029818726
2015-11-19,339.6392445660
2015-11-20,348.2304564859
2015-11-23,336.3459466634
2015-11-24,336.9186941247
2015-11-25,337.0618809900
2015-11-26,347.0849615632
2015-11-27,351.2373806578
2015-11-30,342.9325424686
2015-12-01,342.9325424686
2015-12-02,342.9325424686
2015-12-03,342.9325424686
2015-12-04,342.9325424686
2015-12-07,342.9325424686
2015-12-08,342.9325424686
2015-12-09,341.7979434861
2015-12-10,340.3796947579
2015-12-11,341.3724688677
2015-12-14,342.2234181045
2015-12-15,345.9108647978
2015-12-16,347.4709383987
2015-12-17,346.3363394162
2015-12-18,346.1945145434
2015-12-21,350.8747353463
2015-12-22,353.9948825483
2015-12-23,352.1511592017
2015-12-24,351.7256845832
2015-12-25,351.3002099648
2015-12-28,350.0237861094
2015-12-29,350.4492607279
2015-12-30,351.1583850919
2015-12-31,350.8747353463
2016-01-04,349.0310119997
2016-01-05,348.3218876356
2016-01-06,363.2134992813
2016-01-07,362.9298495357
2016-01-08,361.0861261890
2016-01-11,364.6421651831
2016-01-12,362.7159773947
2016-01-13,360.4934530234
2016-01-14,360.1971164405
2016-01-15,362.1233042290
2016-01-18,367.1610261372
2016-01-19,369.0872139257
2016-01-20,379.1626577422
2016-01-21,377.0883016623
2016-01-22,379.9034991993
2016-01-25,377.9773114109
2016-01-26,384.7930528162
2016-01-27,381.3851821135
2016-01-28,381.5333504049
2016-01-29,378.5699845765
2016-02-01,381.3851821135
2016-02-02,375.3102821653
2016-02-03,381.0888455307
2016-02-04,381.8296869878
2016-02-05,381.9778552792
2016-02-15,378.7181528680
2016-02-16,377.0883016623
2016-02-17,376.0511236224
2016-02-18,373.0877577940
2016-02-19,368.4945407600
2016-02-22,371.3097382970
2016-02-23,371.9024114627
2016-02-24,362.7159773947
2016-02-25,359.7526115663
2016-02-26,359.0117701092
2016-02-29,353.5295433267
2016-03-01,353.5295433267
2016-03-02,353.5295433267
2016-03-03,353.5295433267
2016-03-04,353.5295433267
2016-03-07,353.5295433267
2016-03-08,353.5295433267
2016-03-09,350.3676521811
2016-03-10,350.2170859360
2016-03-11,348.1091585056
2016-03-14,351.5721821413
2016-03-15,349.9159534460
2016-03-16,347.6574597706
2016-03-17,346.9046285454
2016-03-18,347.6574597706
2016-03-21,344.4955686250
2016-03-22,346.7540623004
2016-03-23,348.2597247507
2016-03-24,348.2597247507
2016-03-25,350.6687846711
2016-03-28,351.4216158963
2016-03-29,348.1091585056
2016-03-30,347.9585922606
2016-03-31,346.1517973203
2016-04-01,347.3563272805
2016-04-05,347.9585922606
2016-04-06,348.4102909957
2016-04-07,347.6574597706
2016-04-08,345.8506648302
2016-04-11,349.1631222208
2016-04-12,353.5295433267
2016-04-13,358.7993619027
2016-04-14,362.7140842734
2016-04-15,361.0578555781
2016-04-18,364.6714454588
2016-04-19,366.4782403991
2016-04-20,376.2650463259
2016-04-21,387.2563822130
2016-04-22,386.0518522528
2016-04-25,377.4695762862
2016-04-26,383.4922260873
2016-04-27,386.2024184978
2016-04-28,384.9978885376
2016-04-29,386.9552497230
2016-05-03,399.7533805504
2016-05-04,395.2363931995
2016-05-05,397.9465856100
2016-05-06,389.5148758884
2016-05-09,392.5262007890
2016-05-10,393.4295982592
2016-05-11,407.7632762223
2016-05-12,416.5725158038
2016-05-13,418.9614621310
2016-05-16,418.2149164038
2016-05-17,420.3052444401
2016-05-18,426.5762285490
2016-05-19,428.2186291489
2016-05-20,424.7845188036
2016-05-23,428.5172474398
2016-05-24,418.5135346947
2016-05-25,416.5725158038
2016-05-26,428.0693200034
2016-05-27,430.4582663306
2016-05-30,435.0868498396
2016-05-31,444.7919442938
2016-06-01,439.8647424939
2016-06-02,447.1808906210
2016-06-03,454.6463478934
2016-06-06,458.6776948206
2016-06-07,467.4869344021
2016-06-08,471.8168996201
2016-06-13,497.7966909283
2016-06-14,493.0187982739
2016-06-15,499.8870189646
2016-06-16,502.5745835827
2016-06-17,496.3035994738
2016-06-20,501.2308012737
2016-06-21,504.3662933281
2016-06-22,496.0049811829
2016-06-23,502.7238927281
2016-06-24,495.1091263102
2016-06-27,501.2308012737
2016-06-28,508.9948768370
2016-06-29,504.8142207644
2016-06-30,506.9045488007
2016-07-01,476.5947922745
2016-07-04,476.5947922745
2016-07-05,476.5947922745
2016-07-06,476.5947922745
2016-07-07,476.5947922745
2016-07-08,476.5947922745
2016-07-11,485.4960562011
2016-07-12,489.8712537244
2016-07-13,501.7898952532
2016-07-14,512.6524546213
2016-07-15,493.4921068471
2016-07-18,486.4012694818
2016-07-19,486.5521383619
2016-07-20,480.9699897978
2016-07-21,476.1421856342
2016-07-22,478.5560877160
2016-07-25,478.1034810756
2016-07-26,488.5134338034
2016-07-27,495.4534022885
2016-07-28,497.5655666101
2016-07-29,490.3238603647
2016-08-01,490.3238603647
2016-08-02,490.3238603647
2016-08-03,490.3238603647
2016-08-04,490.3238603647
2016-08-05,490.3238603647
2016-08-08,495.9237969628
2016-08-09,496.7473170507
2016-08-10,501.3590295432
2016-08-11,501.1943255256
2016-08-12,503.1707737367
2016-08-15,503.3354777543
2016-08-16,510.5824545283
2016-08-17,510.4177505107
2016-08-18,510.5824545283
2016-08-19,504.4884058774
2016-08-22,506.4648540885
2016-08-23,508.7707103348
2016-08-24,507.2883741765
2016-08-25,503.5001817719
2016-08-26,501.8531415960
2016-08-29,503.3354777543
2016-08-30,509.1001183699
2016-08-31,509.1001183699
2016-09-01,508.9354143524
2016-09-02,508.4413022996
2016-09-05,505.3119259654
2016-09-06,508.4413022996
2016-09-07,513.0530147921
2016-09-08,520.6293996012
2016-09-09,520.6293996012
2016-09-12,515.3793552355
2016-09-13,523.9544276995
2016-09-14,515.2043537566
2016-09-19,521.6794084744
2016-09-20,521.3294055167
2016-09-21,525.5294410092
2016-09-22,522.9044188264
2016-09-23,516.4293641086
2016-09-26,511.8793256584
2016-09-27,506.4542798138
2016-09-28,503.4792546732
2016-09-29,503.8292576309
2016-09-30,510.6543153064
2016-10-10,501.7292398846
2016-10-11,508.7292990389
2016-10-12,508.7292990389
2016-10-13,509.4293049543
2016-10-14,513.9793434046
2016-10-17,519.0543862915
2016-10-18,534.2795149521
2016-10-19,538.6545519236
2016-10-20,533.4045075578
2016-10-21,531.3044898115
2016-10-24,525.3544395304
2016-10-25,525.0044365727
2016-10-26,529.9044779807
2016-10-27,532.1794972058
2016-10-28,545.8296125567
2016-10-31,558.7797219922
2016-11-01,592.2050044540
2016-11-02,592.2050044540
2016-11-03,592.2050044540
2016-11-04,592.2050044540
2016-11-07,592.2050044540
2016-11-08,592.2050044540
2016-11-09,591.6157457431
2016-11-10,610.0791853513
2016-11-11,619.7037442959
2016-11-14,603.4009199611
2016-11-15,602.6152416799
2016-11-16,606.3472135156
2016-11-17,607.7221505077
2016-11-18,607.7221505077
2016-11-21,622.6500378504
2016-11-22,625.0070726940
2016-11-23,625.0070726940
2016-11-24,632.6674359357
2016-11-25,630.5068206624
2016-11-28,655.8449452311
2016-11-29,655.8449452311
2016-11-30,688.4505939009
2016-12-01,726.1631513985
2016-12-02,726.1631513985
2016-12-05,726.1631513985
2016-12-06,726.1631513985
2016-12-07,727.3416688203
2016-12-08,727.3416688203
2016-12-09,718.7078408618
2016-12-12,738.3089637944
2016-12-13,751.8430724860
2016-12-14,756.7433532191
2016-12-15,745.3093648418
2016-12-16,750.4429922765
2016-12-19,752.0764191876
2016-12-20,747.6428318576
2016-12-21,739.4756973023
2016-12-22,738.7756571976
2016-12-23,727.3416688203
2016-12-26,724.0748149982
2016-12-27,726.4082820139
2016-12-28,728.2750556266
2016-12-29,723.8414682966
2016-12-30,712.4074799192
2017-01-03,706.5738123798
2017-01-04,704.7070387671
2017-01-05,699.3400646308
2017-01-06,706.1071189766
2017-01-09,700.5067981387
2017-01-10,699.3400646308
2017-01-11,717.2534884175
2017-01-12,716.5369514660
2017-01-13,733.4949926507
2017-01-16,725.6130861846
2017-01-17,733.9726839517
2017-01-18,735.6446035051
2017-01-19,727.0461600875
2017-01-20,730.3899991944
2017-01-23,727.0461600875
2017-01-24,743.7653556217
2017-01-25,744.7207382237
2017-01-26,757.3795576996
2017-02-03,717.7311797185
2017-02-06,730.3899991944
2017-02-07,729.9123078934
2017-02-08,742.3322817188
2017-02-09,748.5422686315
2017-02-10,732.0619187478
2017-02-13,734.4503752527
2017-02-14,722.7469383787
2017-02-15,722.0304014273
2017-02-16,724.1800122817
2017-02-17,720.3584818738
2017-02-20,716.7757971165
2017-02-21,708.1773536989
2017-02-22,709.8492732523
2017-02-23,726.3296231360
2017-02-24,711.5211928058
2017-02-27,713.9096493106
2017-02-28,711.2823471553
2017-03-01,711.2823471553
2017-03-02,711.2823471553
2017-03-03,711.2823471553
2017-03-06,711.2823471553
2017-03-07,711.2823471553
2017-03-08,711.2823471553
2017-03-09,706.1652079671
2017-03-10,701.0480687789
2017-03-13,698.8550091269
2017-03-14,697.1492960641
2017-03-15,696.6619494748
2017-03-16,698.3676625375
2017-03-17,694.7125631174
2017-03-20,699.5860290109
2017-03-21,700.0733756002
2017-03-22,694.4688898227
2017-03-23,690.5701171079
2017-03-24,684.7219580357
2017-03-27,680.5795120263
2017-03-28,681.0668586156
2017-03-29,680.5795120263
2017-03-30,677.4117591955
2017-03-31,676.9244126061
2017-04-05,669.6142137659
2017-04-06,673.2693131860
2017-04-07,674.4876796594
2017-04-10,676.9244126061
2017-04-11,682.7725716783
2017-04-12,689.1080773399
2017-04-13,695.1999097067
2017-04-14,698.8550091269
2017-04-17,697.6366426535
2017-04-18,695.9309295908
2017-04-19,695.6872562961
2017-04-20,702.5101085470
2017-04-21,702.2664352523
2017-04-24,707.6272477351
2017-04-25,708.1145943245
2017-04-26,703.9721483150
2017-04-27,698.6113358322
2017-04-28,690.5701171079
2017-05-02,703.7284750203
2017-05-03,707.6272477351
2017-05-04,703.4848017257
2017-05-05,703.4848017257
2017-05-08,696.1746028854
2017-05-09,695.9309295908
2017-05-10,699.1086963925
2017-05-11,699.1086963925
2017-05-12,695.9309295908
2017-05-15,691.2865011882
2017-05-16,688.1087343864
2017-05-17,694.4642679899
2017-05-18,688.3531779865
2017-05-19,681.0198699824
2017-05-22,683.2198623836
2017-05-23,681.5087571827
2017-05-24,676.8643287801
2017-05-25,679.7976519817
2017-05-26,672.2199003774
2017-05-31,653.3977431669
2017-06-01,651.4421943658
2017-06-02,647.0422095633
2017-06-05,645.5755479625
2017-06-06,642.3977811607
2017-06-07,642.3977811607
2017-06-08,644.1088863617
2017-06-09,646.0644351628
2017-06-12,642.1533375606
2017-06-13,631.8867063548
2017-06-14,633.3533679556
2017-06-15,622.3534059494
2017-06-16,632.6200371552
2017-06-19,640.1977887595
2017-06-20,651.4421943658
2017-06-21,645.5755479625
2017-06-22,637.5089091580
2017-06-23,632.3755935551
2017-06-26,626.7533907519
2017-06-27,625.5311727512
2017-06-28,638.7311271586
2017-06-29,643.3755555613
2017-06-30,619.1756391477
2017-07-03,633.8422551559
2017-07-04,653.6421867670
2017-07-05,653.6421867670
2017-07-06,672.2199003774
2017-07-07,671.9754567773
2017-07-10,693.4290896648
2017-07-11,704.1559061086
2017-07-12,702.9640376149
2017-07-13,694.3825844598
2017-07-14,678.8882940411
2017-07-17,681.9871521248
2017-07-18,681.9871521248
2017-07-19,685.5627576061
2017-07-20,686.5162524011
2017-07-21,691.5221000748
2017-07-24,681.5104047273
2017-07-25,683.4173943173
2017-07-26,672.9289515723
2017-07-27,672.6905778736
2017-07-28,683.6557680161
2017-07-31,684.3708891123
2017-08-01,684.3708891123
2017-08-02,684.3708891123
2017-08-03,672.2138304761
2017-08-04,672.2138304761
2017-08-07,672.2138304761
2017-08-08,672.2138304761
2017-08-09,675.0591800230
2017-08-10,676.0076298720
2017-08-11,665.5746815331
2017-08-14,658.4613076656
2017-08-15,657.9870827411
2017-08-16,654.4303958074
2017-08-17,655.6159581186
2017-08-18,657.5128578166
2017-08-21,656.5644079676
2017-08-22,652.5334961094
2017-08-23,653.4819459584
2017-08-24,652.0592711849
2017-08-25,655.1417331941
2017-08-28,658.6984201279
2017-08-29,655.3788456564
2017-08-30,650.8737088736
2017-08-31,645.8943471664
2017-09-01,647.3170219399
2017-09-04,648.9768091757
2017-09-05,648.9768091757
2017-09-06,652.0592711849
2017-09-07,652.0592711849
2017-09-08,655.3788456564
2017-09-11,654.4276426874
2017-09-12,658.4702553057
2017-09-13,653.0008382338
2017-09-14,653.0008382338
2017-09-15,657.7568530789
2017-09-18,657.0434508522
2017-09-19,659.6592590170
2017-09-20,659.6592590170
2017-09-21,659.6592590170
2017-09-22,668.6956872227
2017-09-25,671.3114953875
2017-09-26,671.0736946452
2017-09-27,670.8358939030
2017-09-28,665.1286760889
2017-09-29,665.8420783156
2017-10-09,678.9211191397
2017-10-10,670.1224916762
2017-10-11,667.5066835114
2017-10-12,667.7444842537
2017-10-13,682.4881302735
2017-10-16,687.2441451186
2017-10-17,689.8599532834
2017-10-18,686.7685436341
2017-10-19,688.6709495722
2017-10-20,688.6709495722
2017-10-23,686.7685436341
2017-10-24,685.5795399228
2017-10-25,695.5671710976
2017-10-26,689.1465510567
2017-10-27,690.5733555102
2017-10-30,685.3417391806
2017-10-31,712.4510237977
2017-11-01,689.6221525412
2017-11-02,667.7444842537
2017-11-03,667.7444842537
2017-11-06,667.7444842537
2017-11-07,667.7444842537
2017-11-08,667.7444842537
2017-11-09,670.3362941784
2017-11-10,670.3362941784
2017-11-13,672.6924850191
2017-11-14,669.1581987581
2017-11-15,669.1581987581
2017-11-16,678.8185812049
2017-11-17,678.8185812049
2017-11-20,678.8185812049
2017-11-21,669.3938178422
2017-11-22,694.8406789217
2017-11-23,694.3694407535
2017-11-24,694.3694407535
2017-11-27,692.7201071651
2017-11-28,692.7201071651
2017-11-29,690.1282972403
2017-11-30,683.5309628863
2017-12-01,683.2953438023
2017-12-04,683.2953438023
2017-12-05,679.9966766253
2017-12-06,679.9966766253
2017-12-07,679.9966766253
2017-12-08,679.9966766253
2017-12-11,677.9036635987
2017-12-12,676.9734355869
2017-12-13,676.7408785840
2017-12-14,678.3687776046
2017-12-15,675.5780935692
2017-12-18,674.4153085545
2017-12-19,673.0199665368
2017-12-20,672.3222955279
2017-12-21,670.9269535102
2017-12-22,669.0664974867
2017-12-25,671.1595105132
2017-12-26,674.8804225604
2017-12-27,677.6711065958
2017-12-28,675.8106505722
2017-12-29,668.6013834808
2018-01-02,663.4851294159
2018-01-03,660.9270023834
2018-01-04,653.4851782890
2018-01-05,655.8107483185
2018-01-08,654.8805203067
2018-01-09,654.8805203067
2018-01-10,654.8805203067
2018-01-11,653.4906076354
2018-01-12,650.7107822927
2018-01-15,647.0043485025
2018-01-16,649.0892175095
2018-01-17,648.3942611739
2018-01-18,647.9309569501
2018-01-19,647.9309569501
2018-01-22,651.8690428522
2018-01-23,649.7841738452
2018-01-24,650.0158259571
2018-01-25,647.0043485025
2018-01-26,646.0777400550
2018-01-29,646.5410442788
2018-01-30,653.7222597473
2018-01-31,659.2819104326
2018-02-01,656.7337372018
2018-02-02,647.9309569501
2018-02-05,643.2979147123
2018-02-06,643.5295668242
2018-02-07,650.2474780690
2018-02-08,651.6373907403
2018-02-09,651.8690428522
2018-02-12,659.7452146564
2018-02-13,665.0732132298
2018-02-14,669.9379075794
2018-02-22,708.3921581528
2018-02-23,694.4930314395
2018-02-26,698.1994652297
2018-02-27,696.5779004465
2018-02-28,702.1375511318
2018-03-01,702.1375511318
2018-03-02,741.7500622646
2018-03-05,741.7500622646
2018-03-06,741.7500622646
2018-03-07,741.7500622646
2018-03-08,741.7500622646
2018-03-09,741.9882607432
2018-03-12,727.9345505076
2018-03-13,729.3637413790
2018-03-14,729.8401383362
2018-03-15,724.3615733291
2018-03-16,726.7435581148
2018-03-19,724.8379702862
2018-03-20,716.5010235363
2018-03-21,718.6448098434
2018-03-22,720.7885961505
2018-03-23,728.6491459433
2018-03-26,732.9367185576
2018-03-27,731.5075276861
2018-03-28,729.6019398576
2018-03-29,722.2177870219
2018-03-30,741.9882607432
2018-04-02,749.6106120574
2018-04-03,746.5140318360
2018-04-04,750.0870090145
2018-04-09,784.1493914499
2018-04-10,776.7652386143
2018-04-11,764.8553146858
2018-04-12,759.6149481573
2018-04-13,757.2329633716
2018-04-16,751.9925968431
2018-04-17,749.6106120574
2018-04-18,754.8509785859
2018-04-19,751.2780014074
2018-04-20,752.4689938002
2018-04-23,747.9432227074
2018-04-24,740.0826729146
2018-04-25,736.5096957361
2018-04-26,733.8895124718
2018-04-27,731.2693292076
2018-05-02,744.8466424860
2018-05-03,735.7951003004
2018-05-04,736.5096957361
2018-05-07,736.5096957361
2018-05-08,716.0246265791
2018-05-09,714.8336341863
2018-05-10,716.7172537757
2018-05-11,714.8336341863
2018-05-14,707.7700607260
2018-05-15,701.4128446117
2018-05-16,689.4047697291
2018-05-17,683.5184585121
2018-05-18,682.8121011661
2018-05-21,679.2803144359
2018-05-22,681.1639340254
2018-05-23,686.3438878963
2018-05-24,692.7011040106
2018-05-25,697.1747005355
2018-05-28,695.9974382921
2018-05-29,700.2355823683
2018-05-30,700.4710348169
2018-05-31,693.6429138053
2018-06-01,695.7619858434
2018-06-04,696.4683431894
2018-06-05,698.8228676762
2018-06-06,689.1693172804
2018-06-07,683.2830060635
2018-06-08,664.9177150666
2018-06-11,662.3277381311
2018-06-12,659.0314038496
2018-06-13,661.8568332338
2018-06-14,664.6822626179
2018-06-15,666.3304297586
2018-06-19,687.5211501397
2018-06-20,690.5820319725
2018-06-21,690.3465795238
2018-06-22,682.8121011661
2018-06-25,681.8702913714
2018-06-26,686.1084354476
2018-06-27,691.5238417672
2018-06-28,705.8864411365
2018-06-29,708.9473229694
2018-07-02,720.2490405059
2018-07-03,706.8282509312
2018-07-04,701.6482970603
2018-07-05,701.6482970603
2018-07-06,701.6482970603
2018-07-09,708.5092647630
2018-07-10,690.8994476595
2018-07-11,701.6482970603
2018-07-12,701.6482970603
2018-07-13,693.6438347405
2018-07-16,690.4420498126
2018-07-17,696.3882218216
2018-07-18,700.9622002901
2018-07-19,701.4195981369
2018-07-20,707.5944690693
2018-07-23,708.7379636864
2018-07-24,704.3926841414
2018-07-25,704.6213830648
2018-07-26,712.6258453846
2018-07-27,710.5675550738
2018-07-30,713.0832432315
2018-07-31,727.9486732539
2018-08-01,727.9486732539
2018-08-02,727.9486732539
2018-08-03,727.9486732539
2018-08-06,727.9486732539
2018-08-07,727.9486732539
2018-08-08,727.9486732539
2018-08-09,743.0860292775
2018-08-10,743.5378906514
2018-08-13,732.6932176792
2018-08-14,736.5340393569
2018-08-15,747.3787123290
2018-08-16,741.5045144691
2018-08-17,734.5006631746
2018-08-20,722.9781981417
2018-08-21,723.6559902025
2018-08-22,726.3671584455
2018-08-23,725.4634356978
2018-08-24,718.6855150902
2018-08-27,710.3260796742
2018-08-28,707.6149114312
2018-08-29,711.0038717350
2018-08-30,722.7522674548
2018-08-31,731.5635642446
2018-09-03,733.8228711138
2018-09-04,734.9525245484
2018-09-05,743.3119599644
2018-09-06,746.0231282075
2018-09-07,745.3453361467
2018-09-10,754.1700077040
2018-09-11,756.8852912601
2018-09-12,758.0166594085
2018-09-13,748.0606197028
2018-09-14,742.6300525906
2018-09-17,746.9292515544
2018-09-18,752.8123659260
2018-09-19,754.1700077040
2018-09-20,760.2793957052
2018-09-21,764.5785946690
2018-09-25,777.9287388198
2018-09-26,784.0381268210
2018-09-27,784.7169477100
2018-09-28,793.7678928970
2018-10-08,808.7019524555
2018-10-09,824.9936537920
2018-10-10,822.5046438656
2018-10-11,827.4826637184
2018-10-12,813.6799723083
2018-10-15,807.5705843071
2018-10-16,810.7384151225
2018-10-17,803.4976589730
2018-10-18,813.2274250490
2018-10-19,809.8333206038
2018-10-22,797.8408182311
2018-10-23,794.4467137860
2018-10-24,794.6729874157
2018-10-25,794.6729874157
2018-10-26,791.2788829706
2018-10-29,786.3008631177
2018-10-30,782.9067586726
2018-10-31,777.7024651901
2018-11-01,755.0751022227
2018-11-02,723.6230676980
2018-11-05,701.6745256196
2018-11-06,722.9442468090
2018-11-07,722.9442468090
2018-11-08,722.9442468090
2018-11-09,719.2390758124
2018-11-12,724.0340029844
2018-11-13,723.1621980441
2018-11-14,720.1108807527
2018-11-15,721.6365393984
2018-11-16,731.8802474478
2018-11-19,727.3032715109
2018-11-20,727.3032715109
2018-11-21,727.3032715109
2018-11-22,720.3288319878
2018-11-23,715.5339048157
2018-11-26,703.5465868855
2018-11-27,681.3155609059
2018-11-28,682.1873658463
2018-11-29,675.6488287934
2018-11-30,655.8152663998
2018-12-03,650.1485342874
2018-12-04,650.1485342874
2018-12-05,632.0585817745
2018-12-06,632.0585817745
2018-12-07,632.0585817745
2018-12-10,627.9557074821
2018-12-11,631.4107595178
2018-12-12,630.9788780134
2018-12-13,628.3875889866
2018-12-14,619.7499588974
2018-12-17,622.5571886764
2018-12-18,625.3644184554
2018-12-19,628.3875889866
2018-12-20,629.0354112433
2018-12-21,625.5803592076
2018-12-24,615.8630253573
2018-12-25,615.4311438529
2018-12-26,611.9760918172
2018-12-27,600.5312319491
2018-12-28,591.4617203554
2019-01-02,611.9760918172
2019-01-03,611.5442103127
2019-01-04,613.7036178350
2019-01-07,614.9992623484
2019-01-08,612.6239140739
2019-01-09,612.6239140739
2019-01-10,611.3069153335
2019-01-11,608.4534180626
2019-01-14,597.2589287693
2019-01-15,591.3324344375
2019-01-16,583.6499417852
2019-01-17,573.5529514422
2019-01-18,566.9679577402
2019-01-21,572.2359527018
2019-01-22,574.2114508124
2019-01-23,577.9429472435
2019-01-24,579.6989455640
2019-01-25,579.2599459839
2019-01-28,577.7234474534
2019-01-29,571.1384537514
2019-01-30,568.7239560607
2019-01-31,570.0409548011
2019-02-01,577.0649480832
2019-02-11,577.5039476633
2019-02-12,578.6014466137
2019-02-13,579.4794457739
2019-02-14,579.4794457739
2019-02-15,570.2604545912
2019-02-18,564.9924596296
2019-02-19,564.7729598395
2019-02-20,559.7244646680
2019-02-21,555.3344688667
2019-02-22,557.9684663475
2019-02-25,553.7979703362
2019-02-26,552.4809715958
2019-02-27,540.4084831422
2019-02-28,535.3599879707
2019-03-01,536.8964865011
2019-03-04,536.6769867111
2019-03-05,522.8484999369
2019-03-06,528.5554944786
2019-03-07,528.3359946886
2019-03-08,528.3359946886
2019-03-11,529.1742905945
2019-03-12,526.8689768533
2019-03-13,528.9647166180
2019-03-14,535.0423619357
2019-03-15,537.5572496534
2019-03-18,536.2998057946
2019-03-19,534.8327879592
2019-03-20,531.2700303592
2019-03-21,531.6891783121
2019-03-22,533.9944920534
2019-03-25,535.4615098887
2019-03-26,536.7189537475
2019-03-27,535.6710838651
2019-03-28,529.3838645709
2019-03-29,524.9828110650
2019-04-01,523.3062192532
2019-04-02,529.3838645709
2019-04-03,532.7370481945
2019-04-04,532.1083262651
2019-04-08,533.3657701239
2019-04-09,530.2221604768
2019-04-10,530.0125865004
2019-04-11,530.2221604768
2019-04-12,527.2881248062
2019-04-15,530.0125865004
2019-04-16,533.3657701239
2019-04-17,531.0604563827
2019-04-18,528.1264207121
2019-04-19,529.3838645709
2019-04-22,528.5455686651
2019-04-23,528.5455686651
2019-04-24,526.8689768533
2019-04-25,526.2402549238
2019-04-26,520.7913315356
2019-04-29,521.8392014179
2019-04-30,517.6477218885
2019-05-06,520.3721835826
2019-05-07,531.4796043357
2019-05-08,531.6891783121
2019-05-09,538.6051195358
2019-05-10,545.1019128064
2019-05-13,543.0347838235
2019-05-14,543.4482096201
2019-05-15,546.3421901962
2019-05-16,556.8845480093
2019-05-17,562.6725091616
2019-05-20,569.0806090088
2019-05-21,582.5169473980
2019-05-22,583.1370860929
2019-05-23,582.7236602963
2019-05-24,577.9692636355
2019-05-27,584.9975021775
2019-05-28,588.3049085503
2019-05-29,599.0539792617
2019-05-30,599.6741179566
2019-05-31,595.9532857872
2019-06-03,594.5062954992
2019-06-04,610.2164757696
2019-06-05,604.6352275157
2019-06-06,589.1317601435
2019-06-10,576.5222733474
2019-06-11,576.5222733474
2019-06-12,578.1759765338
2019-06-13,588.9250472452
2019-06-14,589.5451859401
2019-06-17,596.9868502787
2019-06-18,594.7130083975
2019-06-19,582.9303731946
2019-06-20,579.2095410253
2019-06-21,586.8579182622
2019-06-24,585.4109279741
2019-06-25,586.6512053639
2019-06-26,583.5505118895
2019-06-27,581.4833829065
2019-06-28,578.3826894321
2019-07-01,584.1706505844
2019-07-02,584.1706505844
2019-07-03,573.6282927713
2019-07-04,571.3544508900
2019-07-05,571.3544508900
2019-07-08,564.6037538333
2019-07-09,559.4895893964
2019-07-10,564.6037538333
2019-07-11,568.8996519603
2019-07-12,577.4914482143
2019-07-15,586.2878110457
2019-07-16,580.3553802989
2019-07-17,582.6056126512
2019-07-18,588.3334768205
2019-07-19,589.3563097079
2019-07-22,586.2878110457
2019-07-23,581.3782131863
2019-07-24,575.4457824395
2019-07-25,574.4229495521
2019-07-26,570.3316180026
2019-07-29,570.3316180026
2019-07-30,572.5818503549
2019-07-31,570.3316180026
2019-08-01,570.3316180026
2019-08-02,570.3316180026
2019-08-05,570.3316180026
2019-08-06,570.3316180026
2019-08-07,570.3316180026
2019-08-08,570.3316180026
2019-08-09,574.2881328691
2019-08-12,573.6946556391
2019-08-13,580.6185566555
2019-08-14,570.9250952326
2019-08-15,569.9359665160
2019-08-16,569.1446635427
2019-08-19,568.3533605694
2019-08-20,569.5403150293
2019-08-21,572.1120496925
2019-08-22,577.2555190190
2019-08-23,583.1902913187
2019-08-26,589.9163665917
2019-08-27,583.1902913187
2019-08-28,584.3772457786
2019-08-29,592.0924497683
2019-08-30,591.1033210516
2019-09-02,595.8511388914
2019-09-03,598.4228735546
2019-09-04,598.6206992979
2019-09-05,595.2576616614
2019-09-06,582.3989883454
2019-09-09,579.2337764522
2019-09-10,579.2337764522
2019-09-11,580.0321689766
2019-09-12,577.0381970101
2019-09-16,574.6430194369
2019-09-17,576.2398044857
2019-09-18,579.6329727144
2019-09-19,579.2337764522
2019-09-20,578.0361876656
2019-09-23,581.4293558943
2019-09-24,575.6410100924
2019-09-25,579.2337764522
2019-09-26,578.6349820589
2019-09-27,577.2377951412
2019-09-30,580.6309633699
2019-10-08,591.2096643182
2019-10-09,593.6048418914
2019-10-10,592.2076549737
2019-10-11,598.1955989067
2019-10-14,597.3972063823
2019-10-15,600.3911783488
2019-10-16,601.3891690043
2019-10-17,598.7943933000
2019-10-18,602.3871596598
2019-10-21,611.1694774282
2019-10-22,616.7582250990
2019-10-23,612.9658606081
2019-10-24,613.5646550014
2019-10-25,613.3650568703
2019-10-28,603.3851503153
2019-10-29,591.6088605804
2019-10-30,593.2056456292
2019-10-31,595.2016269402
2019-11-01,595.2016269402
2019-11-04,595.2016269402
2019-11-05,595.2016269402
2019-11-06,595.2016269402
2019-11-07,595.2016269402
2019-11-08,595.2016269402
2019-11-11,594.3826360535
2019-11-12,593.9731406101
2019-11-13,587.8307089595
2019-11-14,588.0354566812
2019-11-15,586.3974749077
2019-11-18,589.4686907330
2019-11-19,588.4449521246
2019-11-20,588.0354566812
2019-11-21,585.9879794644
2019-11-22,586.3974749077
2019-11-25,587.6259612378
2019-11-26,587.2164657945
2019-11-27,581.8930250306
2019-11-28,580.8692864222
2019-11-29,574.9316024933
2019-12-02,563.6704778006
2019-12-03,569.1986662861
2019-12-04,569.1986662861
2019-12-05,569.1986662861
2019-12-06,575.5458456584
2019-12-09,575.9533117438
2019-12-10,572.8973161031
2019-12-11,572.4898500177
2019-12-12,569.8413204625
2019-12-13,562.7106639676
2019-12-16,563.9330622239
2019-12-17,563.5255961384
2019-12-18,561.8957317967
2019-12-19,558.8397361561
2019-12-20,554.9688083446
2019-12-23,556.3949396436
2019-12-24,557.2098718144
2019-12-25,552.5240118320
2019-12-26,546.6157535934
2019-12-27,544.5784231663
2019-12-30,542.9485588246
2019-12-31,539.0776310131
2020-01-02,537.4477666714
2020-01-03,538.4664318850
2020-01-06,531.5395084328
2020-01-07,534.1880379881
2020-01-08,533.9843049454
2020-01-09,533.5768388599
2020-01-10,528.9247284377
2020-01-13,522.8567583218
2020-01-14,521.2386329576
2020-01-15,526.9020717324
2020-01-16,528.7224627672
2020-01-17,526.6998060619
2020-01-20,528.3179314261
2020-01-21,530.7451194725
2020-01-22,528.5201970967
2020-01-23,523.8680866745
2020-02-03,510.7208180900
2020-02-04,524.2726180155
2020-02-05,527.1043374029
2020-02-06,525.4862120387
2020-02-07,526.2952747208
2020-02-10,526.9020717324
2020-02-11,523.6658210039
2020-02-12,525.4862120387
2020-02-13,528.7224627672
2020-02-14,534.5881672126
2020-02-17,537.0153552590
2020-02-18,531.7564478252
2020-02-19,531.7564478252
2020-02-20,533.7791045305
2020-02-21,534.5881672126
2020-02-24,528.1156657556
2020-02-25,522.6544926513
2020-02-26,520.6318359460
2020-02-27,524.8794150271
2020-02-28,523.0590239923
2020-03-02,542.0719970222
2020-03-03,544.7014507391
2020-03-04,552.1852805488
2020-03-05,547.7354357971
2020-03-06,544.2969193981
2020-03-09,536.0591291820
2020-03-10,539.4747982960
2020-03-11,540.6803285715
2020-03-12,536.0591291820
2020-03-13,544.4978411106
2020-03-16,556.3522221533
2020-03-17,557.3568307162
2020-03-18,557.7586741414
2020-03-19,555.1466918778
2020-03-20,568.6084466211
2020-03-23,588.2987744546
2020-03-24,589.5043047301
2020-03-25,593.5227389819
2020-03-26,584.4812619154
2020-03-27,589.9061481553
2020-03-30,603.3679028986
2020-03-31,594.9291909700
2020-04-01,580.2619059511
2020-04-02,569.4121334714
2020-04-03,561.1743432554
2020-04-07,558.3614392791
2020-04-08,560.1697346924
2020-04-09,560.9734215428
2020-04-10,563.7863255190
2020-04-13,561.1743432554
2020-04-14,553.5393181771
2020-04-15,554.9457701652
2020-04-16,549.7218056379
2020-04-17,546.1052148113
2020-04-20,540.8812502841
2020-04-21,536.0591291820
2020-04-22,540.4794068589
2020-04-23,542.0867805596
2020-04-24,544.8996845358
2020-04-27,546.5070582365
2020-04-28,544.0959976855
2020-04-29,539.8766417211
2020-04-30,537.6665028827
2020-05-06,536.6618943198
2020-05-07,541.0821719967
2020-05-08,540.6803285715
2020-05-11,541.2830937093
2020-05-12,532.0406949303
2020-05-13,516.5697230611
2020-05-14,511.9965499932
2020-05-15,511.0023819349
2020-05-18,516.1720558378
2020-05-19,517.7627247309
2020-05-20,518.5580591775
2020-05-21,518.5580591775
2020-05-22,516.3708894494
2020-05-25,519.7510608474
2020-05-26,521.7393969639
2020-05-27,528.4997397599
2020-05-28,527.1079044784
2020-05-29,523.5288994687
2020-06-01,523.7277330804
2020-06-02,524.7219011386
2020-06-03,524.5230675270
2020-06-04,529.8915750415
2020-06-05,533.8682472744
2020-06-08,528.6985733716
2020-06-09,525.1195683619
2020-06-10,524.3242339153
2020-06-11,524.9207347503
2020-06-12,525.1195683619
2020-06-15,525.9149028085
2020-06-16,526.7102372551
2020-06-17,525.3184019736
2020-06-18,525.3184019736
2020-06-19,524.9207347503
2020-06-22,528.3009061483
2020-06-23,526.9090708667
2020-06-24,526.3125700318
2020-06-29,522.5347314105
2020-06-30,522.5347314105
2020-07-01,533.6694136628
2020-07-02,537.2484186724
2020-07-03,537.2484186724
2020-07-06,546.7924320315
2020-07-07,546.7924320315
2020-07-08,546.7924320315
2020-07-09,546.4140289644
2020-07-10,551.1440673037
2020-07-13,546.0356258972
2020-07-14,543.3868044272
2020-07-15,542.8191998265
2020-07-16,546.9816335651
2020-07-17,547.5492381658
2020-07-20,548.6844473673
2020-07-21,554.9280979752
2020-07-22,554.1712918409
2020-07-23,557.7661209789
2020-07-24,558.1445240460
2020-07-27,569.6858175941
2020-07-28,557.5769194453
2020-07-29,553.0360826395
2020-07-30,551.7116719045
2020-07-31,551.1440673037
2020-08-03,548.6844473673
2020-08-04,550.3872611694
2020-08-05,559.0905317139
2020-08-06,565.3341823219
2020-08-07,557.9553225124
2020-08-10,553.2484937812
2020-08-11,553.2484937812
2020-08-12,551.0911972794
2020-08-13,554.2290831002
2020-08-14,559.3281475591
2020-08-17,558.9359118314
2020-08-18,561.2893261971
2020-08-19,557.7592046486
2020-08-20,558.5436761038
2020-08-21,554.0329652364
2020-08-24,555.9941438744
2020-08-25,562.0737976523
2020-08-26,565.4078013369
2020-08-27,563.6427405627
2020-08-28,568.1534514301
2020-08-31,574.0369873441
2020-09-01,570.8991015233
2020-09-02,576.1942838459
2020-09-03,576.7826374373
2020-09-04,572.8602801613
2020-09-07,584.2351162617
2020-09-08,577.9593446201
2020-09-09,575.6272961549
2020-09-10,581.0687425737
2020-09-11,584.7611526435
2020-09-14,599.7251302951
2020-09-15,601.2798292719
2020-09-16,593.8950091322
2020-09-17,596.2270575973
2020-09-18,604.3892272255
2020-09-21,606.7212756906
2020-09-22,600.3081424114
2020-09-23,598.9477808067
2020-09-24,597.3930818299
2020-09-25,595.0610333647
2020-09-28,596.4213949694
2020-09-29,593.3119970159
2020-09-30,593.1176596438
2020-10-09,628.4870613656
2020-10-12,631.0134472029
2020-10-13,625.7663381563
2020-10-14,623.4342896911
2020-10-15,623.0456149469
2020-10-16,623.6286270632
2020-10-19,627.5153745051
2020-10-20,631.2077845750
2020-10-21,634.5115199007
2020-10-22,632.7624835518
2020-10-23,629.6530855982
2020-10-26,627.7097118772
2020-10-27,620.7135664817
2020-10-28,617.2154937839
2020-10-29,613.7174210862
2020-10-30,607.8872999232
2020-11-02,604.9722393418
2020-11-03,610.4136857605
2020-11-04,612.1627221094
2020-11-05,624.6003139237
2020-11-06,623.0456149469
2020-11-09,620.3935509124
2020-11-10,606.5649313043
2020-11-11,611.6796262279
2020-11-12,609.9747279200
2020-11-13,600.6925037995
2020-11-16,594.2517768587
2020-11-17,588.5687824992
2020-11-18,594.0623437134
2020-11-19,595.7672420213
2020-11-20,599.9347712182
2020-11-23,606.5649313043
2020-11-24,601.0713700901
2020-11-25,594.8200762947
2020-11-26,594.8200762947
2020-11-27,596.9038408932
2020-11-30,597.4721403291
2020-12-01,588.3793493539
2020-12-02,588.3793493539
2020-12-03,587.2427504820
2020-12-04,587.2427504820
2020-12-07,606.1860650137
2020-12-08,606.1860650137
2020-12-09,603.6073939256
2020-12-10,609.1614547307
2020-12-11,604.7975498124
2020-12-14,602.8139566677
2020-12-15,601.4254414665
2020-12-16,608.5663767873
2020-12-17,613.9220782779
2020-12-18,618.2859831962
2020-12-21,628.7990268630
2020-12-22,642.8825381902
2020-12-23,644.4694127060
2020-12-24,642.2874602468
2020-12-25,635.5432435549
2020-12-28,641.2956636745
2020-12-29,637.3284773851
2020-12-30,643.8743347626
2020-12-31,665.8922186685
2021-01-04,679.9757299957
2021-01-05,680.1740893102
2021-01-06,688.3068212034
2021-01-07,695.8444751532
2021-01-08,702.1919732161
2021-01-11,720.8535636833
2021-01-12,729.7873038005
2021-01-13,750.0371147330
2021-01-14,748.4488942677
2021-01-15,750.2356422911
2021-01-18,740.9048470576
2021-01-19,737.9269336851
2021-01-20,715.0962644966
2021-01-21,713.5080440313
2021-01-22,707.3536897283
2021-01-25,695.4420362386
2021-01-26,699.0155322855
2021-01-27,720.0594534506
2021-01-28,721.0520912414
2021-01-29,718.4712329853
2021-02-01,713.7065715895
2021-02-02,705.9639968212
2021-02-03,694.0523433315
2021-02-04,711.7212960079
2021-02-05,725.6182250791
2021-02-08,724.4270597302
2021-02-09,726.6108628699
2021-02-10,724.2285321720
2021-02-18,726.6108628699
2021-02-19,721.8462014741
2021-02-22,724.8241148465
2021-02-23,728.3976108934
2021-02-24,747.2577289187
2021-02-25,750.4341698493
2021-02-26,729.1917211260
2021-03-01,727.4049731026
2021-03-02,726.8093904281
2021-03-03,726.2138077536
2021-03-04,696.0376189131
2021-03-05,694.8464535642
2021-03-08,705.2142013046
2021-03-09,699.4082625700
2021-03-10,687.5890301459
2021-03-11,663.3285004332
2021-03-12,665.4020499813
2021-03-15,662.7064355688
2021-03-16,667.8903094390
2021-03-17,677.2212824054
2021-03-18,674.1109580833
2021-03-19,670.7932788063
2021-03-22,678.0507022246
2021-03-23,671.2079887160
2021-03-24,678.8801220439
2021-03-25,686.7596103266
2021-03-26,689.2478697843
2021-03-29,687.3816751910
2021-03-30,683.0272211401
2021-03-31,681.5757364564
2021-04-01,701.2744571632
2021-04-02,698.7861977055
2021-04-06,696.2979382478
2021-04-07,698.9935526603
2021-04-08,701.4818121180
2021-04-09,702.9332968017
2021-04-12,700.2376823892
2021-04-13,688.0037400555
2021-04-14,685.9301905074
2021-04-15,691.9434841968
2021-04-16,701.2744571632
2021-04-19,706.0436211238
2021-04-20,713.7157544518
2021-04-21,715.3745940902
2021-04-22,719.7290481412
2021-04-23,726.9864715595
2021-04-26,729.0600211076
2021-04-27,733.2071202038
2021-04-28,723.8761472374
2021-04-29,717.8628535479
2021-04-30,713.3010445421
2021-05-06,714.3378193162
2021-05-07,740.2571886673
2021-05-10,738.8057039836
2021-05-11,735.6953796615
2021-05-12,737.9762841644
2021-05-13,748.3440319048
2021-05-14,730.1622884461
2021-05-17,726.8565169081
2021-05-18,732.6416170995
2021-05-19,722.9309132068
2021-05-20,715.0797058041
2021-05-21,714.4598736408
2021-05-24,708.8813841705
2021-05-25,715.4929272464
2021-05-26,709.9144377761
2021-05-27,703.0962839790
2021-05-28,711.5673235451
2021-05-31,711.9805449873
2021-06-01,714.8730950830
2021-06-02,716.9392022942
2021-06-03,716.3193701309
2021-06-04,713.0135985929
2021-06-07,724.7904096969
2021-06-08,727.4763490715
2021-06-09,727.2697383503
2021-06-10,725.8234633025
2021-06-11,731.8151742150
2021-06-15,703.3028947002
2021-06-16,701.8566196523
2021-06-17,702.8896732579
2021-06-18,686.1542048470
2021-06-21,695.6582980186
2021-06-22,695.4516872975
2021-06-23,692.7657479229
2021-06-24,690.2864192695
2021-06-25,692.5591372018
2021-06-28,697.1045730665
2021-06-29,705.1623911903
2021-06-30,708.4681627282
2021-07-01,714.6664843619
2021-07-02,735.1209457530
2021-07-05,729.3358455616
2021-07-06,735.3275564741
2021-07-07,723.1375239279
2021-07-08,728.3027919560
2021-07-09,730.7453949474
2021-07-12,732.3737969417
2021-07-13,732.7808974403
2021-07-14,737.4625531740
2021-07-15,744.9939123977
2021-07-16,745.8081133948
2021-07-19,755.5785253607
2021-07-20,755.1714248621
2021-07-21,750.0826686299
2021-07-22,744.7903621484
2021-07-23,727.2850407095
2021-07-26,712.0187720128
2021-07-27,719.7536814858
2021-07-28,732.1702466924
2021-07-29,736.0377014289
2021-07-30,737.8696536725
2021-08-02,737.8696536725
2021-08-03,737.8696536725
2021-08-04,737.8696536725
2021-08-05,737.8696536725
2021-08-06,737.8696536725
2021-08-09,742.8204145582
2021-08-10,746.5334852225
2021-08-11,746.5334852225
2021-08-12,739.5199073011
2021-08-13,740.9638792261
2021-08-16,756.6412886975
2021-08-17,757.0538521046
2021-08-18,751.8968095154
2021-08-19,745.9146401118
2021-08-20,739.7261890047
2021-08-23,739.9324707082
2021-08-24,743.0266962618
2021-08-25,751.2779644046
2021-08-26,750.2465558868
2021-08-27,747.5648937404
2021-08-30,750.4528375904
2021-08-31,763.2423032117
2021-09-01,762.0046129903
2021-09-02,762.6234581010
2021-09-03,777.4757407581
2021-09-06,778.9197126831
2021-09-07,778.5071492760
2021-09-08,792.1217417116
2021-09-09,790.4076562549
2021-09-10,794.0500878505
2021-09-13,807.5485108226
2021-09-14,807.9770321868
2021-09-15,809.4768569615
2021-09-16,813.9763312855
2021-09-17,824.9036260724
2021-09-22,817.8330235633
2021-09-23,822.5467585694
2021-09-24,817.1902415170
2021-09-27,810.5481603720
2021-09-28,810.9766817362
2021-09-29,805.6201646837
2021-09-30,806.6914680942
2021-10-08,787.6222673876
2021-10-11,785.9081819308
2021-10-12,775.6236691902
2021-10-13,758.6970753046
2021-10-14,756.1259471194
2021-10-15,764.6963744033
2021-10-18,761.9109855360
2021-10-19,756.1259471194
2021-10-20,759.9826393971
2021-10-21,760.6254214434
2021-10-22,760.4111607613
2021-10-25,766.6247205421
2021-10-26,762.3395069002
2021-10-27,759.1255966687
2021-10-28,748.1983018818
2021-10-29,724.8438875333
2021-11-01,725.9151909438
2021-11-02,721.2014559376
2021-11-03,702.3465159131
2021-11-04,692.4905245367
2021-11-05,696.1329561323
2021-11-08,690.5032650407
2021-11-09,690.9363182016
2021-11-10,696.5660092932
2021-11-11,703.2783332870
2021-11-12,710.8567636026
2021-11-15,711.5063433439
2021-11-16,711.7228699244
2021-11-17,712.1559230853
2021-11-18,715.6203483724
2021-11-19,711.9393965048
2021-11-22,707.6088648959
2021-11-23,715.1872952115
2021-11-24,715.6203483724
2021-11-25,711.7228699244
2021-11-26,703.2783332870
2021-11-29,697.2155890345
2021-11-30,700.8965409021
2021-12-01,702.6287535457
2021-12-02,704.1444396088
2021-12-03,704.1444396088
2021-12-06,704.1444396088
2021-12-07,704.1444396088
2021-12-08,704.1444396088
2021-12-09,714.4511318111
2021-12-10,721.4684541616
2021-12-13,725.4156979838
2021-12-14,719.2755409271
2021-12-15,725.4156979838
2021-12-16,730.6786897466
2021-12-17,731.5558550405
2021-12-20,730.8979810701
2021-12-21,731.3365637170
2021-12-22,733.9680595984
2021-12-23,747.5641216526
2021-12-24,762.0373490005
2021-12-27,761.5987663536
2021-12-28,762.2566403239
2021-12-29,760.0637270894
2021-12-30,759.6251444425
2021-12-31,750.4149088575
2022-01-04,746.2483737118
2022-01-05,759.1865617956
2022-01-06,752.8271134154
2022-01-07,752.8271134154
2022-01-10,765.7653014992
2022-01-11,765.1074275288
2022-01-12,761.7457955977
2022-01-13,763.0904483701
2022-01-14,756.5912933033
2022-01-17,746.2822887144
2022-01-18,744.2653095557
2022-01-19,744.2653095557
2022-01-20,756.3671845078
2022-01-21,764.4351011426
2022-01-24,767.7967330737
2022-01-25,763.3145571656
2022-01-26,768.0208418692
2022-01-27,787.2941982744
2022-01-28,796.4826588862
2022-02-07,859.9054479871
2022-02-08,872.6796493255
2022-02-09,872.9037581209
2022-02-10,889.0395913904
2022-02-11,902.0379015242
2022-02-14,900.6932487517
2022-02-15,881.1957835511
2022-02-16,874.4725196888
2022-02-17,882.3163275281
2022-02-18,903.3825542966
2022-02-21,915.0362116579
2022-02-22,944.6185726520
2022-02-23,952.4623804914
2022-02-24,987.6474613707
2022-02-25,998.6287923458
2022-02-28,945.7391166291
2022-03-01,982.7170678717
2022-03-02,982.7170678717
2022-03-03,1007.8172529576
2022-03-04,991.9055284835
2022-03-07,968.3741049655
2022-03-08,1032.0210028618
2022-03-09,1060.3301756075
2022-03-10,1044.4062659380
2022-03-11,1057.8025708980
2022-03-14,1052.4946010082
2022-03-15,1055.5277266596
2022-03-16,1043.1424635833
2022-03-17,1058.8136127818
2022-03-18,1067.6602292648
2022-03-21,1077.7706481026
2022-03-22,1101.0246114294
2022-03-23,1107.0908627320
2022-03-24,1119.2233653373
2022-03-25,1109.1129464996
2022-03-28,1090.1559111788
2022-03-29,1066.6491873811
2022-03-30,1035.3068889841
2022-03-31,1038.5927751063
2022-04-01,1007.2504767094
2022-04-06,993.0958903365
2022-04-07,986.7768785630
2022-04-08,998.9093811682
2022-04-11,1018.8774583728
2022-04-12,1013.8222489539
2022-04-13,1016.3498536633
2022-04-14,1019.3829793147
2022-04-15,1024.4381887335
2022-04-18,1023.1743863788
2022-04-19,1032.0210028618
2022-04-20,1048.4504334731
2022-04-21,1066.1436664392
2022-04-22,1065.3853850263
2022-04-25,1047.1866311184
2022-04-26,1037.3289727516
2022-04-27,1037.8344936935
2022-04-28,1043.6479845252
2022-04-29,1049.7142358279
2022-05-05,1046.4283497056
2022-05-06,1047.9449125313
2022-05-09,1039.6038169901
2022-05-10,1074.7375224513
2022-05-11,1018.3719374309
2022-05-12,1010.5363628316
2022-05-13,1031.5215431723
2022-05-16,1052.5067235129
2022-05-17,1058.7523129000
2022-05-18,1060.0014307774
2022-05-19,1055.2547828432
2022-05-20,1062.0000193813
2022-05-23,1066.2470201645
2022-05-24,1045.7614869748
2022-05-25,1043.0134276445
2022-05-26,1040.7650154652
2022-05-27,1062.4996665322
2022-05-30,1065.7473730135
2022-05-31,1066.2470201645
2022-06-01,1056.5039007206
2022-06-02,1049.2590170316
2022-06-06,1060.0014307774
2022-06-07,1048.2597227297
2022-06-08,1054.2554885413
2022-06-09,1069.4947266458
2022-06-10,1076.4897867593
2022-06-13,1073.7417274290
2022-06-14,1053.0063706639
2022-06-15,1051.7572527864
2022-06-16,1050.0084877581
2022-06-17,1062.2498429568
2022-06-20,1065.7473730135
2022-06-21,1057.2533714471
2022-06-22,1049.2590170316
2022-06-23,1016.5321286432
2022-06-24,984.5547109813
2022-06-27,989.0515353400
2022-06-28,1004.7904205955
2022-06-29,1019.2801879736
2022-06-30,1010.5363628316
2022-07-01,1011.7854807091
2022-07-04,1026.2752480871
2022-07-05,1009.0374213787
2022-07-06,971.8137086317
2022-07-07,1008.7875978032
2022-07-08,1008.7875978032
2022-07-11,1014.9643526269
2022-07-12,1024.1059497660
2022-07-13,1000.6342814360
2022-07-14,1008.5405276103
2022-07-15,1013.2348612763
2022-07-18,1015.9526333987
2022-07-19,1018.4233353282
2022-07-20,993.2221756476
2022-07-21,985.8100698592
2022-07-22,978.3979640707
2022-07-25,977.1626131060
2022-07-26,991.7397544899
2022-07-27,1002.1167025937
2022-07-28,1016.9409141705
2022-07-29,1016.4467737846
2022-08-01,1034.9770382556
2022-08-02,1026.0825113095
2022-08-03,1020.6469670647
2022-08-04,1014.4702122410
2022-08-05,1050.0483200254
2022-08-08,1049.2660640135
2022-08-09,1047.9623039936
2022-08-10,1055.7848641130
2022-08-11,1060.2176481806
2022-08-12,1065.4326882602
2022-08-15,1062.5644162164
2022-08-16,1056.0456161170
2022-08-17,1059.1746401647
2022-08-18,1064.1289282403
2022-08-19,1069.8654723279
2022-08-22,1077.6880324473
2022-08-23,1116.5400810402
2022-08-24,1129.8384332431
2022-08-25,1127.7524172113
2022-08-26,1117.0615850482
2022-08-29,1116.5400810402
2022-08-30,1113.6718089964
2022-08-31,1135.0534733227
2022-09-01,1141.0507694143
2022-09-02,1148.6125775297
2022-09-05,1171.2980018759
2022-09-06,1174.9485299316
2022-09-07,1198.1554582858
2022-09-08,1225.0129146957
2022-09-09,1228.9241947554
2022-09-13,1288.1494571532
2022-09-14,1291.2815623762
2022-09-15,1269.6415626539
2022-09-16,1263.6620890464
2022-09-19,1265.9399837540
2022-09-20,1279.3226151612
2022-09-21,1301.5320885604
2022-09-22,1324.0262987981
2022-09-23,1328.8668250517
2022-09-26,1310.0741937139
2022-09-27,1313.7757726138
2022-09-28,1322.6026146058
2022-09-29,1349.3678774202
2022-09-30,1360.1878772814
2022-10-10,1391.2241926725
2022-10-11,1388.3768242880
2022-10-12,1409.7320871719
2022-10-13,1439.0599815323
2022-10-14,1436.4973499863
2022-10-17,1422.2605080637
2022-10-18,1386.6684032573
2022-10-19,1359.0489299276
2022-10-20,1377.2720875884
2022-10-21,1378.1262981038
2022-10-24,1366.4520877273
2022-10-25,1364.1741930197
2022-10-26,1377.8415612653
2022-10-27,1390.6547189956
2022-10-28,1384.6752453882
2022-10-31,1381.8278770036
2022-11-01,1416.8505081331
2022-11-02,1422.5452449022
2022-11-03,1413.1489292333
2022-11-04,1402.8984030490
2022-11-07,1422.5452449022
2022-11-08,1429.6636658634
2022-11-09,1429.0400394007
2022-11-10,1452.7378449853
2022-11-11,1446.5015803578
2022-11-14,1436.8353701851
2022-11-15,1434.0290511027
2022-11-16,1430.2872923262
2022-11-17,1421.8683350790
2022-11-18,1410.3312455181
2022-11-21,1408.1485528984
2022-11-22,1424.6746541614
2022-11-23,1436.8353701851
2022-11-24,1443.6952612754
2022-11-25,1462.7158683894
2022-11-28,1460.2213625384
2022-11-29,1458.9741096129
2022-11-30,1490.1554327506
2022-12-01,1469.8875727111
2022-12-02,1446.5015803578
2022-12-05,1464.8985610090
2022-12-06,1463.0276816208
2022-12-07,1450.5551523657
2022-12-08,1459.2859228443
2022-12-09,1476.2970273163
2022-12-12,1469.6260059547
2022-12-13,1455.6168610954
2022-12-14,1443.9425737126
2022-12-15,1423.5959585598
2022-12-16,1438.6057566234
2022-12-19,1424.9301628322
2022-12-20,1429.9334288533
2022-12-21,1445.6103290530
2022-12-22,1451.9477993465
2022-12-23,1453.6155546869
2022-12-26,1477.9647826567
2022-12-27,1492.6410296521
2022-12-28,1489.6390700394
2022-12-29,1496.9771935372
2022-12-30,1525.3290343238
2023-01-03,1546.3427516128
2023-01-04,1536.3362195704
2023-01-05,1519.6586661665
2023-01-06,1514.6554001453
2023-01-09,1519.3251150984
2023-01-10,1518.9915640303
2023-01-11,1520.0984318205
2023-01-12,1548.1390825046
2023-01-13,1565.8489671471
2023-01-16,1572.4901738881
2023-01-17,1573.9659976083
2023-01-18,1592.4137941110
2023-01-19,1579.5003365591
2023-01-20,1568.0627027275
2023-01-30,1592.4137941110
2023-01-31,1606.4341194530
2023-02-01,1588.7242348105
2023-02-02,1585.4036314400
2023-02-03,1573.9659976083
2023-02-06,1586.8794551602
2023-02-07,1577.2866009788
2023-02-08,1573.2280857482
2023-02-09,1572.4901738881
2023-02-10,1565.8489671471
2023-02-13,1575.0728653985
2023-02-14,1579.5003365591
2023-02-15,1567.6937467974
2023-02-16,1551.0907299450
2023-02-17,1549.2459502947
2023-02-20,1562.8973197067
2023-02-21,1570.6453942378
2023-02-22,1572.1212179581
2023-02-23,1565.4800112171
2023-02-24,1557.3629807559
2023-02-27,1537.4393605330
2023-02-28,1510.8745335692
2023-03-01,1470.6583371933
2023-03-02,1458.1138355715
2023-03-03,1458.8517474316
2023-03-06,1460.6965270819
2023-03-07,1464.7550423125
2023-03-08,1465.1239982425
2023-03-09,1469.7507056054
2023-03-10,1472.4496182337
2023-03-13,1462.0395266673
2023-03-14,1456.6417014106
2023-03-15,1450.8583172070
2023-03-16,1446.2316098441
2023-03-17,1438.1348719591
2023-03-20,1408.4468330474
2023-03-21,1398.0367414809
2023-03-22,1391.8677983304
2023-03-23,1372.2042920382
2023-03-24,1346.7574015424
2023-03-27,1349.0707552238
2023-03-28,1351.3841089053
2023-03-29,1367.5775846753
2023-03-30,1366.0353488877
2023-03-31,1359.4808467903
2023-04-03,1381.8432657109
2023-04-04,1409.6035098881
2023-04-06,1395.7233877995
2023-04-07,1372.2042920382
2023-04-10,1369.1198204630
2023-04-11,1368.3487025691
2023-04-12,1375.6743225604
2023-04-13,1393.7955930649
2023-04-14,1409.2179509412
2023-04-17,1398.0367414809
2023-04-18,1444.6893740565
2023-04-19,1419.2424835607
2023-04-20,1395.7233877995
2023-04-21,1382.6143836047
2023-04-24,1366.0353488877
2023-04-25,1374.1320867727
2023-04-26,1371.4331741444
2023-04-27,1393.4100341180
2023-04-28,1404.5912435783
2023-05-04,1407.6757151535
2023-05-05,1420.3991604014
2023-05-08,1456.2561424637
2023-05-09,1474.3774129683
2023-05-10,1472.8351771807
2023-05-11,1430.4236930210
2023-05-12,1445.8921336399
2023-05-15,1451.1839685885
2023-05-16,1467.8736018878
2023-05-17,1448.3345190008
2023-05-18,1448.7415832276
2023-05-19,1448.3345190008
2023-05-22,1423.9106653920
2023-05-23,1437.7508491036
2023-05-24,1432.8660783819
2023-05-25,1420.6541515775
2023-05-26,1413.3269954949
2023-05-29,1420.2470873507
2023-05-30,1399.0797475564
2023-05-31,1384.0183711643
2023-06-01,1392.1596557006
2023-06-02,1398.6726833296
2023-06-05,1429.2025003406
2023-06-06,1451.1839685885
2023-06-07,1440.6002986913
2023-06-08,1433.2731426087
2023-06-09,1443.0426840522
2023-06-12,1457.2899319907
2023-06-13,1455.6616750834
2023-06-14,1473.5725010632
2023-06-15,1480.0855286922
2023-06-16,1530.1544285902
2023-06-19,1565.9760805497
2023-06-20,1585.1080992100
2023-06-21,1592.8423195194
2023-06-26,1582.2586496223
2023-06-27,1570.0467228179
2023-06-28,1546.8440618895
2023-06-29,1540.7380984873
2023-06-30,1554.5782821990
2023-07-03,1597.3200260143
2023-07-04,1692.5730550886
2023-07-05,1681.1752567378
2023-07-06,1674.6622291088
2023-07-07,1651.8666324073
2023-07-10,1646.6097740912
2023-07-11,1679.3640451377
2023-07-12,1692.7083777863
2023-07-13,1690.6865092032
2023-07-14,1702.0089732686
2023-07-17,1695.9433675193
2023-07-18,1710.0964476011
2023-07-19,1722.6320328164
2023-07-20,1749.3206981136
2023-07-21,1741.6375974977
2023-07-24,1739.2113551980
2023-07-25,1756.5994250128
2023-07-26,1765.0912730619
2023-07-27,1793.8018069422
2023-07-28,1799.8674126915
2023-07-31,1770.7525050946
2023-08-01,1788.9493223427
2023-08-02,1794.6105543754
2023-08-03,1776.4137371273
2023-08-04,1785.3099588931
2023-08-07,1791.7799383590
2023-08-08,1791.7799383590
2023-08-09,1811.4969115459
2023-08-10,1825.4631008867
2023-08-11,1840.6616010516
2023-08-14,1839.0185199526
2023-08-15,1862.0216553374
2023-08-16,1866.5401283594
2023-08-17,1903.9202233595
2023-08-18,1941.3003183597
2023-08-21,2003.7374001182
2023-08-22,1995.5219946236
2023-08-23,1972.5188592389
2023-08-24,1961.0172915466
2023-08-25,1991.8250621511
2023-08-28,2025.9189949534
2023-08-29,2029.2051571512
2023-08-30,2019.7574408325
2023-08-31,2022.6328327556
2023-09-01,2016.4712786347
2023-09-04,2012.3635758874
2023-09-05,2004.5589406676
2023-09-06,2007.8451028654
2023-09-07,2003.7374001182
2023-09-08,1983.6096566565
2023-09-11,1991.1032931372
2023-09-12,1976.9976244677
2023-09-13,1938.2070356264
2023-09-14,1942.1742549397
2023-09-15,1968.1815815492
2023-09-18,1986.2544695321
2023-09-19,1954.5167150256
2023-09-20,1941.2926506479
2023-09-21,1925.8645755405
2023-09-22,1912.6405111628
2023-09-25,1915.2853240384
2023-09-26,1924.9829712487
2023-09-27,1924.9829712487
2023-09-28,1928.9501905620
2023-10-09,1845.1977828365
2023-10-10,1790.9791188879
2023-10-11,1781.2814716776
2023-10-12,1782.1630759694
2023-10-13,1801.9991725360
2023-10-16,1797.5911510767
2023-10-17,1815.6640390596
2023-10-18,1842.5529699610
2023-10-19,1823.1576755403
2023-10-20,1828.8881034373
2023-10-23,1814.7824347678
2023-10-24,1769.3798137376
2023-10-25,1769.3798137376
2023-10-26,1777.7550545102
2023-10-27,1794.9463382012
2023-10-30,1817.4272476433
2023-10-31,1791.4199210338
2023-11-01,1779.5182630939
2023-11-02,1821.3944669566
2023-11-03,1844.7569806906
2023-11-06,1844.7569806906
2023-11-07,1852.6914193172
2023-11-08,1913.0813133088
2023-11-09,1908.9681427832
2023-11-10,1869.6645133173
2023-11-13,1861.4381722663
2023-11-14,1884.7461385775
2023-11-15,1894.8005554176
2023-11-16,1894.8005554176
2023-11-17,1872.8636459482
2023-11-20,1827.1617512204
2023-11-21,1836.7591491132
2023-11-22,1848.6416417425
2023-11-23,1822.5915617476
2023-11-24,1819.8494480639
2023-11-27,1802.4827280673
2023-11-28,1794.2563870163
2023-11-29,1787.8581217544
2023-11-30,1784.6589891234
2023-12-01,1765.4641933377
2023-12-04,1779.6317807034
2023-12-05,1779.6317807034
2023-12-06,1779.6317807034
2023-12-07,1796.5414817527
2023-12-08,1796.5414817527
2023-12-11,1808.3339782247
2023-12-12,1806.9733055548
2023-12-13,1800.1699422056
2023-12-14,1775.6778341484
2023-12-15,1784.2954277241
2023-12-18,1769.7815859124
2023-12-19,1773.4100463653
2023-12-20,1759.3497621102
2023-12-21,1761.1639923367
2023-12-22,1759.8033196668
2023-12-25,1762.0711074499
2023-12-26,1770.2351434690
2023-12-27,1774.3171614785
2023-12-28,1780.6669672711
2023-12-29,1773.4100463653
2024-01-02,1716.7153517884
2024-01-03,1710.3655459958
2024-01-04,1718.9831395715
2024-01-05,1707.6442006561
2024-01-08,1667.7311356740
2024-01-09,1667.7311356740
2024-01-10,1663.4390052133
2024-01-11,1628.1481547586
2024-01-12,1599.5339516873
2024-01-15,1585.7037535362
2024-01-16,1571.3966520005
2024-01-17,1580.9347196909
2024-01-18,1520.3679898566
2024-01-19,1515.1220526269
2024-01-22,1525.1370237018
2024-01-23,1533.2443812387
2024-01-24,1547.5514827744
2024-01-25,1535.1519947768
2024-01-26,1498.9073375531
2024-01-29,1459.3243566378
2024-01-30,1456.4629363307
2024-01-31,1481.7388157103
2024-02-01,1494.1383037079
2024-02-02,1490.3230766317
2024-02-05,1492.2306901698
2024-02-06,1495.5690138615
2024-02-07,1498.9073375531
2024-02-08,1481.7388157103
2024-02-19,1504.6301781674
2024-02-20,1517.5065695495
2024-02-21,1496.0459172460
2024-02-22,1482.2157190948
2024-02-23,1476.0159750961
2024-02-26,1466.9548107901
2024-02-27,1466.4779074056
2024-02-28,1476.0159750961
2024-02-29,1475.0621683270
2024-03-01,1474.5852649425
2024-03-04,1493.6614003234
2024-03-05,1502.2456612448
2024-03-06,1511.3068255507
2024-03-07,1518.9372797031
2024-03-08,1533.7212846232
2024-03-11,1550.5753646740
2024-03-12,1554.4277258285
2024-03-13,1553.4646355399
2024-03-14,1559.7247224159
2024-03-15,1578.5049830440
2024-03-18,1584.2835247757
2024-03-19,1579.9496184769
2024-03-20,1590.0620665074
2024-03-21,1622.8071363204
2024-03-22,1610.7685077126
2024-03-25,1571.7633510236
2024-03-26,1570.3187155907
2024-03-27,1566.9478995805
2024-03-28,1554.9092709728
2024-03-29,1559.7247224159
2024-04-01,1569.8371704464
2024-04-02,1566.9478995805
2024-04-03,1545.7599132310
2024-04-08,1562.1324481375
2024-04-09,1562.6139932818
2024-04-10,1551.5384549627
2024-04-11,1541.4260069322
2024-04-12,1541.4260069322
2024-04-15,1569.8371704464
2024-04-16,1581.8757990541
2024-04-17,1565.5032641476
2024-04-18,1552.5015452513
2024-04-19,1562.6139932818
2024-04-22,1567.9109898692
2024-04-23,1570.8002607350
2024-04-24,1575.1341670338
2024-04-25,1570.3187155907
2024-04-26,1571.7633510236
2024-04-29,1569.8371704464
2024-04-30,1578.0234378996
2024-05-06,1628.1041329077
2024-05-07,1661.8122930094
2024-05-08,1672.8878313285
2024-05-09,1672.8878313285
2024-05-10,1642.5504872370
2024-05-13,1646.8254885051
2024-05-14,1654.4254907595
2024-05-15,1645.8754882233
2024-05-16,1651.5754899141
2024-05-17,1654.4254907595
2024-05-20,1655.8504911822
2024-05-21,1665.8254941412
2024-05-22,1661.5504928731
2024-05-23,1667.2504945639
2024-05-24,1667.2504945639
2024-05-27,1653.0004903368
2024-05-28,1647.3004886460
2024-05-29,1612.6254783602
2024-05-30,1603.6004756831
2024-05-31,1602.1754752604
2024-06-03,1595.5254732878
2024-06-04,1593.1504725833
2024-06-05,1600.2754746968
2024-06-06,1602.6504754013
2024-06-07,1610.2504776557
2024-06-11,1600.2754746968
2024-06-12,1589.8254715970
2024-06-13,1575.5754673699
2024-06-14,1567.9754651155
2024-06-17,1545.1754583522
2024-06-18,1520.4754510254
2024-06-19,1516.6754498981
2024-06-20,1514.3004491936
2024-06-21,1501.0004452484
2024-06-24,1500.0504449666
2024-06-25,1496.7254439803
2024-06-26,1498.1504444030
2024-06-27,1502.4254456711
2024-06-28,1512.4004486300
2024-07-01,1512.4004486300
2024-07-02,1511.4504483482
2024-07-03,1514.3004491936
2024-07-04,1508.6004475028
2024-07-05,1508.6004475028
2024-07-08,1511.3425264743
2024-07-09,1484.3787499210
2024-07-10,1463.8131576345
2024-07-11,1461.0710786630
2024-07-12,1446.9036706434
2024-07-15,1419.4828809281
2024-07-16,1403.4874202609
2024-07-17,1417.6548282804
2024-07-18,1410.3426176897
2024-07-19,1418.5688546043
2024-07-22,1432.2792494619
2024-07-23,1438.2204205669
2024-07-24,1435.4783415954
2024-07-25,1426.3380783570
2024-07-26,1437.3063942431
2024-07-29,1402.5733939370
2024-07-30,1396.1752096701
2024-07-31,1391.1480648890
2024-08-01,1382.4648148125
2024-08-02,1392.9761175367
2024-08-05,1393.4331306986
2024-08-06,1392.9761175367
2024-08-07,1387.4919595936
2024-08-08,1349.5598671541
2024-08-09,1344.1435733729
2024-08-12,1345.0462890031
2024-08-13,1322.0270404329
2024-08-14,1294.0428558966
2024-08-15,1303.0700121987
2024-08-16,1314.3539575762
2024-08-19,1314.8053153913
2024-08-20,1315.2566732064
2024-08-21,1312.0971685007
2024-08-22,1320.6729669876
2024-08-23,1313.4512419460
2024-08-26,1313.9025997611
2024-08-27,1326.9919763991
2024-08-28,1347.3030780786
2024-08-29,1344.5949311880
2024-08-30,1351.8166562297
2024-09-02,1348.2057937088
2024-09-03,1360.8438125317
2024-09-04,1360.8438125317
2024-09-05,1393.3415752190
2024-09-06,1395.5983642945
2024-09-09,1391.5905834143
2024-09-10,1377.3406958401
2024-09-11,1361.3095723192
2024-09-12,1362.2001902926
2024-09-13,1369.3251340797
2024-09-18,1396.0436732812
2024-09-19,1386.2468755740
2024-09-20,1371.9969879998
2024-09-23,1366.2079711728
2024-09-24,1380.9031677337
2024-09-25,1376.8953868534
2024-09-26,1374.2235329333
2024-09-27,1367.0985891462
2024-09-30,1380.9031677337
2024-10-08,1349.2862296785
2024-10-09,1349.7315386652
2024-10-10,1344.3878308249
2024-10-11,1333.7004151442
2024-10-14,1331.0285612241
2024-10-15,1334.5910331176
2024-10-16,1327.0207803439
2024-10-17,1319.8958365568
2024-10-18,1311.4349658096
2024-10-21,1307.4271849294
2024-10-22,1301.1928591157
2024-10-23,1302.0834770891
2024-10-24,1297.1850782355
2024-10-25,1286.4976625548
2024-10-28,1280.7086457278
2024-10-29,1283.3804996480
2024-10-30,1293.6226063419
2024-10-31,1295.8491512754
2024-11-01,1298.0756962088
2024-11-04,1307.8724939161
2024-11-05,1302.5287860758
2024-11-06,1309.2084208762
2024-11-07,1366.2079711728
2024-11-08,1359.0830273857
2024-11-11,1363.0790245260
2024-11-12,1365.2990229373
2024-11-13,1360.8590261148
2024-11-14,1349.7590340583
2024-11-15,1312.0190610666
2024-11-18,1304.4710664682
2024-11-19,1312.4630607488
2024-11-20,1308.0230639263
2024-11-21,1297.8110712344
2024-11-22,1284.4910807667
2024-11-25,1281.8270826732
2024-11-26,1286.2670794957
2024-11-27,1292.4830750473
2024-11-28,1281.3830829909
2024-11-29,1283.1590817199
2024-12-02,1276.4990864861
2024-12-03,1276.4990864861
2024-12-04,1240.5351122234
2024-12-05,1231.6551185782
2024-12-06,1244.0871096814
2024-12-09,1248.5003310708
2024-12-10,1259.0920624055
2024-12-11,1257.3267738497
2024-12-12,1256.0028074329
2024-12-13,1263.5052837949
2024-12-16,1270.1251158791
2024-12-17,1256.8854517108
2024-12-18,1227.7581905405
2024-12-19,1207.0160500102
2024-12-20,1216.7251370669
2024-12-23,1240.1152104309
2024-12-24,1248.5003310708
2024-12-25,1250.7069417656
2024-12-26,1258.6507402665
2024-12-27,1270.1251158791
2024-12-30,1263.9466059339
2024-12-31,1263.5052837949
2025-01-02,1267.9185051844
2025-01-03,1266.1532166286
2025-01-06,1262.6226395170
2025-01-07,1260.4160288223
2025-01-08,1251.1482639045
2025-01-09,1251.1482639045
2025-01-10,1266.0952213791
2025-01-13,1298.1872183099
2025-01-14,1311.8153265956
2025-01-15,1310.4964774067
2025-01-16,1309.6172446140
2025-01-17,1316.6511069550
2025-01-20,1336.4338447891
2025-01-21,1382.1539500055
2025-01-22,1391.8255107244
2025-01-23,1389.1878123465
2025-01-24,1391.8255107244
2025-01-27,1387.4293467613
2025-02-05,1457.7679701712
2025-02-06,1464.3622161159
2025-02-07,1476.6714752127
2025-02-10,1547.8893314152
2025-02-11,1532.9423739406
2025-02-12,1496.4542130467
2025-02-13,1468.7583800790
2025-02-14,1517.1161836734
2025-02-17,1522.3915804291
2025-02-18,1509.6427049361
2025-02-19,1525.0292788070
2025-02-20,1545.6912494337
2025-02-21,1584.3774923092
2025-02-24,1571.1890004198
2025-02-25,1551.8458789820
2025-02-26,1519.3142656549
2025-02-27,1533.3819903369
2025-02-28,1547.8893314152
2025-03-03,1561.5174397009
2025-03-04,1565.4739872677
2025-03-05,1548.7685642079
2025-03-06,1540.8554690742
2025-03-07,1530.3046755628
2025-03-10,1544.0151929868
2025-03-11,1517.1214857319
2025-03-12,1499.7196751552
2025-03-13,1507.6295890537
2025-03-14,1523.9767444440
2025-03-17,1533.9959687154
2025-03-18,1530.8320031560
2025-03-19,1531.8866583425
2025-03-20,1527.6680375966
2025-03-21,1510.2662270199
2025-03-24,1501.8289855282
2025-03-25,1508.1569166470
2025-03-26,1498.6650199688
2025-03-27,1488.1184681041
2025-03-28,1490.2277784770
2025-03-31,1492.3370888500
2025-04-01,1484.9545025447
2025-04-02,1487.0638129176
2025-04-03,1499.1923475620
2025-04-07,1530.8320031560
2025-04-08,1540.8512274274
2025-04-09,1559.3076931906
2025-04-10,1539.2692446477
2025-04-11,1532.9413135289
2025-04-14,1554.0344172582
2025-04-15,1553.5070896650
2025-04-16,1517.1214857319
2025-04-17,1503.4109683079
2025-04-18,1503.4109683079
2025-04-21,1534.5232963086
2025-04-22,1559.3076931906
2025-04-23,1567.7449346823
2025-04-24,1604.6578662086
2025-04-25,1572.4908830214
2025-04-28,1529.2500203763
2025-04-29,1505.5202786808
2025-04-30,1480.7358817988
2025-05-06,1451.2055365778
2025-05-07,1454.8968297304
2025-05-08,1463.8613988154
2025-05-09,1477.0445886462
2025-05-12,1461.2247608492
2025-05-13,1460.1701056627
2025-05-14,1460.1701056627
2025-05-15,1462.8327061472
2025-05-16,1461.2351458565
2025-05-19,1454.8449046939
2025-05-20,1445.2595429499
2025-05-21,1460.7026257596
2025-05-22,1476.6782286662
2025-05-23,1483.6009899257
2025-05-26,1482.0034296351
2025-05-27,1487.3286306039
2025-05-28,1491.0562712822
2025-05-29,1485.1985502164
2025-05-30,1493.7188717666
2025-06-03,1477.7432688600
2025-06-04,1473.4831080849
2025-06-05,1476.6782286662
2025-06-06,1491.0562712822
2025-06-09,1504.9017938012
2025-06-10,1513.9546354483
2025-06-11,1525.1375574829
2025-06-12,1527.2676378704
2025-06-13,1529.3977182580
2025-06-16,1526.7351177735
2025-06-17,1540.5806402926
2025-06-18,1544.8408010677
2025-06-19,1541.6456804864
2025-06-20,1548.0359216490
2025-06-23,1533.6578790331
2025-06-24,1525.1375574829
2025-06-25,1518.2147962234
2025-06-26,1493.1863516697
2025-06-27,1495.8489521541
2025-06-30,1513.9546354483
2025-07-01,1508.0969143825
2025-07-02,1503.8367536074
2025-07-03,1490.5237511853
2025-07-04,1494.2513918635
2025-07-07,1495.3164320572
2025-07-08,1492.1213114759
2025-07-09,1493.1436624944
2025-07-10,1495.1883645314
2025-07-11,1508.9901032809
2025-07-14,1512.0571563363
2025-07-15,1516.6577359195
2025-07-16,1511.0348053179
2025-07-17,1525.8588950859
2025-07-18,1546.3059154555
2025-07-21,1553.4623725849
2025-07-22,1565.2194092975
2025-07-23,1570.8423398991
2025-07-24,1542.2165113816
2025-07-25,1540.1718093446
2025-07-28,1527.3924216136
2025-07-29,1518.1912624472
2025-07-30,1528.9259481413
2025-07-31,1531.4818256875
2025-08-01,1532.5041767060
2025-08-04,1534.0377032337
2025-08-05,1541.7053358723
2025-08-06,1537.1047562892
2025-08-07,1535.5712297615
2025-08-08,1548.8617930017
2025-08-11,1540.2003948172
2025-08-12,1537.1434307520
2025-08-13,1576.3744695879
2025-08-14,1583.5073857399
2025-08-15,1570.2605414577
2025-08-18,1575.8649755771
2025-08-19,1587.0738438159
2025-08-20,1578.9219396422
2025-08-21,1573.3175055228
2025-08-22,1553.9567331103
2025-08-25,1559.5611672297
2025-08-26,1551.9187570669
2025-08-27,1531.0295026218
2025-08-28,1524.4060804806
2025-08-29,1529.5010205892
2025-09-01,1535.1054547086
2025-09-02,1535.1054547086
2025-09-03,1536.1244427303
2025-09-04,1530.5200086109
2025-09-05,1542.7478648715
2025-09-08,1554.4662271211
2025-09-09,1549.8807810234
2025-09-10,1544.2763469040
2025-09-11,1548.8617930017
2025-09-12,1557.5231911863
2025-09-15,1539.6909008063
2025-09-16,1536.1244427303
2025-09-17,1518.2921523504
2025-09-18,1512.1782242201
2025-09-19,1515.7446822961
2025-09-22,1530.0105146001
2025-09-23,1488.7414997207
2025-09-24,1474.9851614276
2025-09-25,1494.8554278510
2025-09-26,1485.6845356556
2025-09-29,1480.5895955470
2025-09-30,1481.0990895579
2025-10-09,1482.1180775796
2025-10-10,1476.0041494493
2025-10-13,1486.7035236773
2025-10-14,1475.4946554385
2025-10-15,1474.4756674168
2025-10-16,1473.9661734059
2025-10-17,1455.6243890151
2025-10-20,1464.2857871997
2025-10-21,1466.3237632431
2025-10-22,1453.0769189608
2025-10-23,1472.9471853842
2025-10-24,1482.1180775796
2025-10-27,1477.0231374711
2025-10-28,1486.1940296665
2025-10-29,1492.8174518076
2025-10-30,1490.2699817533
2025-10-31,1502.4978380138
2025-11-03,1509.1212601550
2025-11-04,1506.0642960898
2025-11-05,1510.1402481767
2025-11-06,1515.2351882852
2025-11-07,1515.2351882852
2025-11-10,1513.7433256122
2025-11-11,1517.7216260737
2025-11-12,1515.7324758429
2025-11-13,1523.1917892083
2025-11-14,1535.1266905929
2025-11-17,1516.7270509583
2025-11-18,1517.7216260737
2025-11-19,1511.2568878237
2025-11-20,1499.3219864391
2025-11-21,1495.8409735353
2025-11-24,1492.3599606314
2025-11-25,1493.3545357468
2025-11-26,1498.3274113237
2025-11-27,1501.8084242276
2025-11-28,1509.2677375929
2025-12-01,1507.2785873622
2025-12-02,1507.2785873622
2025-12-03,1507.2785873622
2025-12-04,1500.8138491122
2025-12-05,1500.8138491122
2025-12-08,1502.2973553881
2025-12-09,1487.9567947211
2025-12-10,1495.3743261006
2025-12-11,1513.1764014113
2025-12-12,1525.5389537104
2025-12-15,1524.0554474345
2025-12-16,1527.0224599863
2025-12-17,1521.5829369747
2025-12-18,1510.2093888595
2025-12-19,1501.8028532961
2025-12-22,1506.7478742158
2025-12-23,1507.2423763077
2025-12-24,1504.2753637559
2025-12-25,1509.2203846756
2025-12-26,1532.4619829979
2025-12-29,1535.9234976417
2025-12-30,1523.0664432506
2025-12-31,1525.0444516185
2026-01-05,1549.2750541247
2026-01-06,1550.7585604006
2026-01-07,1563.1211126997
2026-01-08,1556.1980834122
2026-01-09,1544.8245352970
2026-01-12,1539.3534889711
2026-01-13,1549.7982137751
2026-01-14,1543.3324317536
2026-01-15,1541.8403282102
2026-01-16,1536.8666497321
2026-01-19,1522.9403499934
2026-01-20,1512.9929930372
2026-01-21,1515.9772001241
2026-01-22,1525.9245570803
2026-01-23,1529.4061320149
2026-01-26,1530.4008677106
2026-01-27,1528.9087641671
2026-01-28,1529.9034998627
2026-01-29,1538.8561211233
2026-01-30,1529.4061320149
2026-02-02,1515.4798322763
2026-02-03,1496.5798540595
2026-02-04,1486.1351292555
2026-02-05,1486.1351292555
2026-02-06,1492.6009112770
2026-02-09,1490.1140720380
2026-02-10,1482.6535543208
2026-02-11,1501.0561646898
2026-02-12,1517.4693036675
2026-02-13,1521.9456142978
2026-02-24,1520.4535107544
2026-02-25,1523.9350856890
2026-02-26,1508.5166824069
2026-02-27,1490.1140720380
2026-03-02,1490.1140720380
2026-03-03,1493.5956469726
2026-03-04,1488.1246006467
2026-03-05,1492.6009112770
2026-03-06,1517.9666715153
2026-03-09,1577.2581453768
2026-03-10,1554.1711998024
2026-03-11,1590.9004313980
2026-03-12,1612.9379703554
2026-03-13,1643.3707622489
2026-03-16,1617.6603001319
2026-03-17,1597.1968711001
2026-03-18,1601.3944975682
2026-03-19,1601.9192008767
2026-03-20,1589.8510247810
2026-03-23,1578.8322553023
2026-03-24,1562.0417494300
2026-03-25,1544.7265402492
2026-03-26,1548.3994634088
2026-03-27,1538.9548038557
2026-03-30,1541.0536170897
2026-03-31,1531.6089575365
2026-04-01,1521.1148913664
2026-04-02,1506.4231987281
2026-04-03,1499.6020557175
2026-04-07,1489.1079895473
2026-04-08,1489.1079895473
2026-04-09,1488.5832862388
2026-04-10,1496.9785391750
2026-04-13,1498.0279457920
2026-04-14,1492.7809127069
2026-04-15,1488.5832862388
2026-04-16,1492.2562093984
2026-04-17,1487.0091763133
2026-04-20,1479.1386266857
2026-04-21,1478.6139233772
2026-04-22,1494.3550226324
2026-04-23,1491.7315060899
2026-04-24,1486.4844730048
2026-04-27,1483.8609564623
2026-04-28,1490.6820994729
2026-04-29,1501.1761656430
2026-04-30,1497.5032424835
2026-05-06,1485.4350663878
2026-05-07,1477.0398134516
2026-05-08,1466.5457472815
2026-05-11,1478.0892200687
2026-05-12,1485.9597696963
2026-05-13,1492.2562093984
2026-05-14,1491.7380648812
2026-05-15,1462.7219719207
2026-05-18,1451.3227925434
2026-05-19,1469.9759951608
2026-05-20,1480.3388855039
2026-05-21,1470.4941396780
2026-05-22,1462.2038274036
2026-05-25,1460.1312493350
2026-05-26,1452.3590815777
2026-05-27,1453.9135151291
2026-05-28,1457.5405267492
2026-05-29,1463.7582609550
2026-06-01,1456.5042377149
2026-06-02,1454.9498041634
2026-06-03,1449.2502144748
2026-06-04,1443.5506247861
2026-06-05,1426.9700002372
2026-06-08,1420.2341215142
2026-06-09,1415.0526763427
2026-06-10,1414.0163873084
2026-06-11,1430.5970118573
2026-06-12,1431.6333008916
2026-06-15,1432.1514454087
2026-06-16,1430.5970118573
2026-06-17,1438.8873241317
2026-06-18,1433.7058789602
2026-06-22,1423.8611331343
2026-06-23,1426.4518557201
2026-06-24,1435.2603125116
2026-06-25,1434.2240234773
2026-06-26,1446.6594918890
2026-06-29,1446.1413473718
2026-06-30,1430.5970118573
2026-07-01,1436.8147460631
2026-07-02,1445.6232028547
2026-07-03,1444.5869138204
2026-07-06,1453.3953706120
2026-07-07,1469.9759951608
2026-07-08,1469.9759951608
2026-07-09,1470.4608157397
2026-07-10,1470.4608157397
2026-07-13,1477.7331244229
2026-07-14,1470.9456363186
2026-07-15,1475.7938421074
2026-07-16,1481.6116890539
2026-07-17,1478.2179450018
2026-07-20,1493.2473829470
2026-07-21,1511.6705649444
2026-07-22,1514.5794884177
2026-07-23,1534.4571321517
2026-07-24,1533.0026704151
2026-07-27,1530.0937469418
2026-07-28,1502.9437945246
2026-07-29,1498.0955887358
2026-07-30,1482.5813302117
2026-07-31,1481.6116890539
2026-08-03,1478.2179450018
2026-08-04,1485.0054331061
2026-08-05,1485.0054331061
2026-08-06,1486.9447154216
2026-08-07,1507.3071797345
2026-08-10,1507.7938788562
2026-08-11,1504.3869850047
2026-08-12,1501.9534893964
2026-08-13,1513.1475691943
2026-08-14,1514.1209674376
2026-08-17,1522.8815516272
2026-08-18,1545.7564103445
2026-08-19,1560.8440831155
2026-08-20,1569.6046673051
2026-08-21,1563.2775787237
2026-08-24,1554.5169945341
2026-08-25,1546.2431094661
2026-08-26,1568.1445699401
2026-08-27,1601.7268093336
2026-08-28,1611.9474908882
2026-08-31,1618.7612785912
2026-09-01,1619.2479777129
2026-09-02,1634.3356504839
