data,value
2009-05-25,100.0000000000
2009-05-26,99.7690531178
2009-05-27,100.0000000000
2009-06-01,100.9237875289
2009-06-02,101.0007698229
2009-06-03,101.0777521170
2009-06-04,100.8468052348
2009-06-05,102.2324865281
2009-06-08,106.5434949962
2009-06-09,108.2371054657
2009-06-10,108.1601231717
2009-06-11,107.4672825250
2009-06-12,106.0816012317
2009-06-15,105.3117782910
2009-06-16,105.4657428791
2009-06-17,106.7744418784
2009-06-18,107.8521939954
2009-06-19,106.8514241724
2009-06-22,105.6966897614
2009-06-23,103.9260969977
2009-06-24,104.0030792918
2009-06-25,105.0038491147
2009-06-26,105.6197074673
2009-06-29,104.9268668206
2009-06-30,105.6197074673
2009-07-01,105.3887605851
2009-07-02,105.4657428791
2009-07-03,105.2347959969
2009-07-06,106.2355658199
2009-07-07,106.3125481139
2009-07-08,105.8506543495
2009-07-09,105.3117782910
2009-07-10,106.6204772902
2009-07-13,105.8506543495
2009-07-14,105.5427251732
2009-07-15,106.3895304080
2009-07-16,106.9284064665
2009-07-17,107.4672825250
2009-07-20,108.0831408776
2009-07-21,106.6974595843
2009-07-22,106.3125481139
2009-07-23,105.9276366436
2009-07-24,106.3125481139
2009-07-27,107.3903002309
2009-07-28,108.8529638183
2009-07-29,108.6989992302
2009-07-30,110.3926096998
2009-07-31,114.3187066975
2009-08-03,115.5504234026
2009-08-04,113.3179368745
2009-08-05,113.4719014627
2009-08-06,114.9345650500
2009-08-07,114.5496535797
2009-08-10,114.8575827560
2009-08-11,117.4749807544
2009-08-12,118.3987682833
2009-08-13,118.5527328714
2009-08-14,115.7043879908
2009-08-17,111.4703618168
2009-08-18,110.1616628176
2009-08-19,108.0831408776
2009-08-20,107.8521939954
2009-08-21,108.6220169361
2009-08-24,110.7775211701
2009-08-25,109.1608929946
2009-08-26,108.6220169361
2009-08-27,108.3910700539
2009-08-28,108.6220169361
2009-08-31,106.9284064665
2009-09-01,105.3887605851
2009-09-02,103.9260969977
2009-09-03,103.9260969977
2009-09-04,105.0038491147
2009-09-07,105.0808314088
2009-09-08,103.7721324095
2009-09-09,103.3183184194
2009-09-10,103.5452254145
2009-09-11,103.4695897495
2009-09-14,102.7888687643
2009-09-15,101.3517911289
2009-09-16,100.8223414737
2009-09-17,100.8979771387
2009-09-18,100.6710701437
2009-09-21,99.9903491585
2009-09-22,99.9903491585
2009-09-23,99.7634421634
2009-09-24,98.4020001930
2009-09-25,96.6623798975
2009-09-28,93.5613176316
2009-09-29,93.9394959567
2009-09-30,94.6202169419
2009-10-09,95.7547519173
2009-10-12,97.6456435428
2009-10-13,96.7380155625
2009-10-14,97.1918295527
2009-10-15,98.0994575329
2009-10-16,97.6456435428
2009-10-19,98.1674141572
2009-10-20,99.1364167267
2009-10-21,97.1238729285
2009-10-22,98.2419528163
2009-10-23,98.1674141572
2009-10-26,98.8382620899
2009-10-27,98.9128007491
2009-10-28,99.3600327042
2009-10-29,96.9747956101
2009-10-30,97.4965662244
2009-11-02,96.1548703589
2009-11-03,96.6021023141
2009-11-04,96.6021023141
2009-11-05,96.4530249957
2009-11-06,96.9747956101
2009-11-09,97.2693280189
2009-11-10,98.9628893697
2009-11-11,100.5091845161
2009-11-12,101.6136810493
2009-11-13,101.2455155382
2009-11-16,102.6445444802
2009-11-17,102.7918106846
2009-11-18,103.6017748089
2009-11-19,103.4545086045
2009-11-20,102.2763789692
2009-11-23,102.4236451736
2009-11-24,102.7181775824
2009-11-25,103.0127099913
2009-11-26,102.4236451736
2009-11-27,100.1410190051
2009-11-30,100.1410190051
2009-12-01,99.8464865962
2009-12-02,101.2455155382
2009-12-03,101.5400479471
2009-12-04,102.7181775824
2009-12-07,102.7181775824
2009-12-08,102.7918106846
2009-12-09,103.9229447774
2009-12-10,103.1452900886
2009-12-11,102.9332024462
2009-12-14,103.8522488966
2009-12-15,103.7108571350
2009-12-16,103.9229447774
2009-12-17,105.1954706319
2009-12-18,103.5694653734
2009-12-21,103.1452900886
2009-12-22,102.3676353998
2009-12-23,103.0038983270
2009-12-24,103.7108571350
2009-12-25,103.9936406582
2009-12-28,103.7815530158
2009-12-29,103.8522488966
2009-12-30,104.7712953471
2009-12-31,104.5592077046
2010-01-04,104.7712953471
2010-01-05,105.6903417975
2010-01-06,105.8317335591
2010-01-07,103.9936406582
2010-01-08,103.0745942078
2010-01-11,103.6351630410
2010-01-12,103.5650919369
2010-01-13,101.4629588123
2010-01-14,101.2527454999
2010-01-15,102.2337409580
2010-01-18,101.3928877082
2010-01-19,101.3928877082
2010-01-20,101.0425321874
2010-01-21,100.7622477708
2010-01-22,99.9213945210
2010-01-25,100.3418211459
2010-01-26,100.2717500417
2010-01-27,99.7812523127
2010-01-28,98.5199724379
2010-01-29,97.6090480840
2010-02-01,96.4879104175
2010-02-02,96.5579815217
2010-02-03,96.8382659383
2010-02-04,97.8893325006
2010-02-05,97.5389769798
2010-02-08,98.7208462661
2010-02-09,98.9989331570
2010-02-10,99.2074983252
2010-02-11,99.2770200479
2010-02-12,99.0684548797
2010-02-22,101.0845848387
2010-02-23,101.4321934523
2010-02-24,101.2236282841
2010-02-25,101.1541065614
2010-02-26,100.3893676114
2010-03-01,100.6674545023
2010-03-02,99.3465417706
2010-03-03,98.8598897115
2010-03-04,98.9294114343
2010-03-05,98.3037159298
2010-03-08,99.3671773597
2010-03-09,98.2372495904
2010-03-10,98.9683793235
2010-03-11,98.7025139660
2010-03-12,98.5695812872
2010-03-15,98.1043169116
2010-03-16,97.9713842329
2010-03-17,97.9713842329
2010-03-18,98.9019129841
2010-03-19,98.9019129841
2010-03-22,100.0983070928
2010-03-23,100.0983070928
2010-03-24,99.6995090565
2010-03-25,99.6995090565
2010-03-26,99.6995090565
2010-03-29,99.6995090565
2010-03-30,99.6995090565
2010-03-31,99.6995090565
2010-04-01,99.6995090565
2010-04-02,99.6995090565
2010-04-06,97.9049178935
2010-04-07,97.9049178935
2010-04-08,98.4366486085
2010-04-09,98.4366486085
2010-04-12,99.0245250766
2010-04-13,98.8285662539
2010-04-14,98.8938858615
2010-04-15,99.6777211523
2010-04-16,99.4817623296
2010-04-19,98.6979270388
2010-04-20,98.6326074312
2010-04-21,98.6326074312
2010-04-22,97.9140917479
2010-04-23,97.8487721404
2010-04-26,98.1100505706
2010-04-27,96.8036584192
2010-04-28,96.0198231284
2010-04-29,96.1504623435
2010-04-30,96.0198231284
2010-05-04,95.4319466603
2010-05-05,95.4972662678
2010-05-06,95.8238643057
2010-05-07,95.8891839133
2010-05-10,95.7585446981
2010-05-11,95.5625858754
2010-05-12,95.5625858754
2010-05-13,94.9853622023
2010-05-14,91.5861561276
2010-05-17,89.6620772173
2010-05-18,89.0848535443
2010-05-19,91.8426999823
2010-05-20,91.9709719096
2010-05-21,91.9709719096
2010-05-24,91.9709719096
2010-05-25,91.0089324545
2010-05-26,90.6241166724
2010-05-27,91.4578842002
2010-05-28,91.8426999823
2010-05-31,92.4199236553
2010-06-01,92.3557876917
2010-06-02,91.2654763092
2010-06-03,91.5861561276
2010-06-04,91.6502920912
2010-06-07,89.5338052900
2010-06-08,89.7903491447
2010-06-09,90.7523885998
2010-06-10,91.0089324545
2010-06-11,91.0730684182
2010-06-17,90.5010812474
2010-06-18,90.5010812474
2010-06-21,90.9459601580
2010-06-22,91.4543931987
2010-06-23,89.0393362553
2010-06-24,89.0393362553
2010-06-25,89.0393362553
2010-06-28,92.1534886297
2010-06-29,88.4037949544
2010-06-30,88.4037949544
2010-07-01,88.0860243040
2010-07-02,88.0860243040
2010-07-05,88.0860243040
2010-07-06,88.0860243040
2010-07-07,88.0860243040
2010-07-08,88.0860243040
2010-07-09,87.4463291384
2010-07-12,87.5102986549
2010-07-13,87.4463291384
2010-07-14,87.1264815556
2010-07-15,86.2309083237
2010-07-16,86.0389997740
2010-07-19,86.0389997740
2010-07-20,86.0389997740
2010-07-21,86.0389997740
2010-07-22,88.0220547874
2010-07-23,89.7492317345
2010-07-26,89.6852622180
2010-07-27,89.7492317345
2010-07-28,89.6852622180
2010-07-29,90.0690793173
2010-07-30,90.1970183505
2010-08-02,91.4124391651
2010-08-03,92.1161038473
2010-08-04,92.1161038473
2010-08-05,92.1161038473
2010-08-06,89.4293841517
2010-08-09,89.8665389625
2010-08-10,89.9289896498
2010-08-11,89.6791869008
2010-08-12,89.0546800282
2010-08-13,89.3669334645
2010-08-16,89.8665389625
2010-08-17,90.2412430861
2010-08-18,90.1787923988
2010-08-19,90.3661444606
2010-08-20,89.8665389625
2010-08-23,89.5542855263
2010-08-24,88.9922293409
2010-08-25,89.9289896498
2010-08-26,90.3036937733
2010-08-27,90.4285951478
2010-08-30,90.8657499586
2010-08-31,90.4910458351
2010-09-01,90.6159472096
2010-09-02,91.1780033949
2010-09-03,91.4278061440
2010-09-06,92.5519185146
2010-09-07,92.8017212636
2010-09-08,93.3637774489
2010-09-09,94.0539666639
2010-09-10,94.0539666639
2010-09-13,94.0539666639
2010-09-14,94.0539666639
2010-09-15,98.6970577467
2010-09-16,98.6970577467
2010-09-17,98.6970577467
2010-09-20,98.6970577467
2010-09-21,98.6970577467
2010-09-27,98.6970577467
2010-09-28,98.6970577467
2010-09-29,98.6970577467
2010-09-30,98.6970577467
2010-10-08,98.6970577467
2010-10-11,100.6421364436
2010-10-12,101.6460480291
2010-10-13,102.2734927700
2010-10-14,102.2734927700
2010-10-15,102.2734927700
2010-10-18,100.2730332537
2010-10-19,99.8354327345
2010-10-20,100.5230906932
2010-10-21,99.0852604159
2010-10-22,98.1475450176
2010-10-25,101.2107486520
2010-10-26,102.9611507287
2010-10-27,101.9609209706
2010-10-28,99.0227460560
2010-10-29,98.2725737374
2010-11-01,98.5226311770
2010-11-02,101.2732630118
2010-11-03,103.0236650886
2010-11-04,103.7113230473
2010-11-05,103.7113230473
2010-11-08,106.7797053860
2010-11-09,109.7253524311
2010-11-10,109.6639847843
2010-11-11,105.6750877441
2010-11-12,103.0976465796
2010-11-15,101.8702936441
2010-11-16,101.8702936441
2010-11-17,101.8702936441
2010-11-18,101.8702936441
2010-11-19,101.8702936441
2010-11-22,101.8702936441
2010-11-23,101.8702936441
2010-11-24,101.8702936441
2010-11-25,105.5523524505
2010-11-26,105.5523524505
2010-11-29,105.5523524505
2010-11-30,103.9567936344
2010-12-01,103.9567936344
2010-12-02,103.9567936344
2010-12-03,103.9567936344
2010-12-06,103.9567936344
2010-12-07,103.9567936344
2010-12-08,103.9567936344
2010-12-09,103.4953494014
2010-12-10,102.8361433543
2010-12-13,103.0339051684
2010-12-14,103.8249524250
2010-12-15,104.3523172627
2010-12-16,104.1545554485
2010-12-17,104.2863966580
2010-12-20,104.8796821004
2010-12-21,104.7478408910
2010-12-22,104.0886348438
2010-12-23,104.0886348438
2010-12-24,104.7478408910
2010-12-27,105.0115233098
2010-12-28,104.4182378674
2010-12-29,104.0227142391
2010-12-30,103.2316669825
2010-12-31,103.0998257731
2011-01-04,104.5500790768
2011-01-05,104.5500790768
2011-01-06,104.6159996815
2011-01-07,102.8361433543
2011-01-10,102.8361433543
2011-01-11,102.8361433543
2011-01-12,102.7728595737
2011-01-13,102.7728595737
2011-01-14,101.2540488411
2011-01-17,99.9250894501
2011-01-18,99.9250894501
2011-01-19,99.9250894501
2011-01-20,98.7859814006
2011-01-21,98.7859814006
2011-01-24,98.7859814006
2011-01-25,101.1907650606
2011-01-26,96.2546301796
2011-01-27,99.1024003032
2011-01-28,97.5835895706
2011-01-31,97.5835895706
2011-02-01,97.5835895706
2011-02-09,97.5835895706
2011-02-10,101.2540488411
2011-02-11,102.5197244516
2011-02-14,102.5197244516
2011-02-15,102.5197244516
2011-02-16,102.5197244516
2011-02-17,105.1776432337
2011-02-18,104.3549540869
2011-02-21,104.5448054285
2011-02-22,101.9501704269
2011-02-23,102.9627109153
2011-02-24,102.5830082322
2011-02-25,102.5830082322
2011-02-28,100.6212110359
2011-03-01,100.6212110359
2011-03-02,99.9883732306
2011-03-03,99.9883732306
2011-03-04,99.9883732306
2011-03-07,99.9883732306
2011-03-08,99.9883732306
2011-03-09,99.9883732306
2011-03-10,98.6355170122
2011-03-11,98.6355170122
2011-03-14,97.3441542583
2011-03-15,97.3441542583
2011-03-16,97.3441542583
2011-03-17,98.0205823675
2011-03-18,96.2372718978
2011-03-21,96.2372718978
2011-03-22,99.4349320504
2011-03-23,96.4832457557
2011-03-24,96.4832457557
2011-03-25,96.4832457557
2011-03-28,96.4832457557
2011-03-29,96.4832457557
2011-03-30,94.3924679637
2011-03-31,97.8361019741
2011-04-01,97.8361019741
2011-04-06,97.8361019741
2011-04-07,97.8361019741
2011-04-08,97.8361019741
2011-04-11,97.8361019741
2011-04-12,97.8361019741
2011-04-13,97.8361019741
2011-04-14,98.2050627609
2011-04-15,97.3441542583
2011-04-18,96.9751934715
2011-04-19,96.2372718978
2011-04-20,96.4217522913
2011-04-21,97.4671411873
2011-04-22,98.2050627609
2011-04-25,98.8199974056
2011-04-26,98.2050627609
2011-04-27,98.6970104767
2011-04-28,99.7423993727
2011-04-29,100.1113601595
2011-05-03,100.2958405530
2011-05-04,99.8653863017
2011-05-05,99.3119451214
2011-05-06,97.9590889030
2011-05-09,98.2665562254
2011-05-10,98.0820758320
2011-05-11,97.7759519998
2011-05-12,93.9800164807
2011-05-13,96.4902319046
2011-05-16,96.4902319046
2011-05-17,96.4902319046
2011-05-18,96.7351309704
2011-05-19,96.7351309704
2011-05-20,96.7351309704
2011-05-23,94.8371632108
2011-05-24,93.5514431157
2011-05-25,92.9391954513
2011-05-26,93.4289935828
2011-05-27,93.9187917143
2011-05-30,95.8779842403
2011-05-31,95.8779842403
2011-06-01,98.5718739635
2011-06-02,98.5718739635
2011-06-03,96.7963557368
2011-06-07,96.7963557368
2011-06-08,98.8779977957
2011-06-09,98.8779977957
2011-06-10,99.7399479633
2011-06-13,98.3854548428
2011-06-14,98.3854548428
2011-06-15,98.3854548428
2011-06-16,98.3854548428
2011-06-17,98.5085905810
2011-06-20,98.5085905810
2011-06-21,98.5085905810
2011-06-22,98.5085905810
2011-06-23,98.5085905810
2011-06-24,98.5085905810
2011-06-27,98.5085905810
2011-06-28,98.5085905810
2011-06-29,98.5085905810
2011-06-30,95.3070613871
2011-07-01,100.6018981308
2011-07-04,100.6018981308
2011-07-05,100.6018981308
2011-07-06,100.6018981308
2011-07-07,100.6018981308
2011-07-08,100.6018981308
2011-07-11,100.6018981308
2011-07-12,100.6018981308
2011-07-13,100.8521516088
2011-07-14,100.8521516088
2011-07-15,100.8521516088
2011-07-18,100.8521516088
2011-07-19,100.8521516088
2011-07-20,100.8521516088
2011-07-21,97.5988563956
2011-07-22,98.8501237853
2011-07-25,98.8501237853
2011-07-26,98.8501237853
2011-07-27,98.8501237853
2011-07-28,99.3506307412
2011-07-29,99.4757574801
2011-08-01,99.4757574801
2011-08-02,99.4757574801
2011-08-03,99.4757574801
2011-08-04,100.7270248698
2011-08-05,100.7270248698
2011-08-08,99.6939271788
2011-08-09,96.4009282889
2011-08-10,98.2088492481
2011-08-11,98.5962608822
2011-08-12,99.1773783333
2011-08-15,98.7899666992
2011-08-16,98.9191039106
2011-08-17,98.8545353049
2011-08-18,98.7253980935
2011-08-19,97.6277317969
2011-08-22,97.4985945855
2011-08-23,97.5631631912
2011-08-24,97.8214376139
2011-08-25,97.8214376139
2011-08-26,98.1442806424
2011-08-29,98.1442806424
2011-08-30,98.6608294879
2011-08-31,98.3379864594
2011-09-01,98.2088492481
2011-09-02,98.2088492481
2011-09-05,97.4985945855
2011-09-06,97.5631631912
2011-09-07,97.5631631912
2011-09-08,97.4985945855
2011-09-09,96.7237713173
2011-09-13,94.3167619459
2011-09-14,94.3167619459
2011-09-15,94.3167619459
2011-09-16,96.0270054466
2011-09-19,92.4798337415
2011-09-20,91.2129867039
2011-09-21,91.2129867039
2011-09-22,91.2129867039
2011-09-23,91.2129867039
2011-09-26,87.4757879431
2011-09-27,87.4757879431
2011-09-28,87.4757879431
2011-09-29,87.4757879431
2011-09-30,87.2224185356
2011-10-10,81.1415527554
2011-10-11,81.1415527554
2011-10-12,81.1415527554
2011-10-13,81.1415527554
2011-10-14,81.1415527554
2011-10-17,79.4586168464
2011-10-18,79.4586168464
2011-10-19,79.4586168464
2011-10-20,79.4586168464
2011-10-21,79.4586168464
2011-10-24,75.2512770739
2011-10-25,75.2512770739
2011-10-26,75.2512770739
2011-10-27,75.2512770739
2011-10-28,75.2512770739
2011-10-31,75.2512770739
2011-11-01,75.2512770739
2011-11-02,75.2512770739
2011-11-03,75.2512770739
2011-11-04,75.2512770739
2011-11-07,75.2512770739
2011-11-08,75.2512770739
2011-11-09,75.2512770739
2011-11-10,73.2846795177
2011-11-11,73.2846795177
2011-11-14,75.5404825968
2011-11-15,75.5404825968
2011-11-16,74.0366138774
2011-11-17,74.0366138774
2011-11-18,75.1355948647
2011-11-21,75.0199126555
2011-11-22,75.0199126555
2011-11-23,75.0199126555
2011-11-24,75.0199126555
2011-11-25,75.0199126555
2011-11-28,75.1355948647
2011-11-29,75.1355948647
2011-11-30,72.5327451581
2011-12-01,76.3502580611
2011-12-02,76.3502580611
2011-12-05,76.3502580611
2011-12-06,76.3502580611
2011-12-07,76.3502580611
2011-12-08,76.3502580611
2011-12-09,76.5224766883
2011-12-12,76.3502580611
2011-12-13,75.9484145976
2011-12-14,75.8336021795
2011-12-15,75.2595400888
2011-12-16,75.0299152525
2011-12-19,74.6280717891
2011-12-20,74.9725090435
2011-12-21,75.3169462979
2011-12-22,75.2021338797
2011-12-23,75.4317587160
2011-12-26,75.0873214616
2011-12-27,74.9725090435
2011-12-28,75.0299152525
2011-12-29,74.3410407437
2011-12-30,75.0299152525
2012-01-04,75.1447276707
2012-01-05,75.2595400888
2012-01-06,75.2021338797
2012-01-09,75.8336021795
2012-01-10,74.9725090435
2012-01-11,74.9725090435
2012-01-12,74.9725090435
2012-01-13,75.4875873499
2012-01-16,75.4875873499
2012-01-17,75.4875873499
2012-01-18,75.4875873499
2012-01-19,75.4875873499
2012-01-20,75.4875873499
2012-01-30,75.9454347333
2012-01-31,76.2888202709
2012-02-01,76.1171275021
2012-02-02,76.1171275021
2012-02-03,76.2888202709
2012-02-06,76.7466676544
2012-02-07,76.7466676544
2012-02-08,76.7466676544
2012-02-09,74.3201186036
2012-02-10,75.2794519493
2012-02-13,75.2794519493
2012-02-14,73.8686676174
2012-02-15,73.4172166312
2012-02-16,72.4014519122
2012-02-17,72.4014519122
2012-02-20,72.4014519122
2012-02-21,72.7964715251
2012-02-22,72.7964715251
2012-02-23,72.7964715251
2012-02-24,72.7964715251
2012-02-27,72.7964715251
2012-02-28,72.7964715251
2012-02-29,72.3450205389
2012-03-01,72.3450205389
2012-03-02,72.3450205389
2012-03-05,70.6520793407
2012-03-06,70.6520793407
2012-03-07,70.6520793407
2012-03-08,70.6520793407
2012-03-09,70.6520793407
2012-03-12,70.6520793407
2012-03-13,70.5003569083
2012-03-14,70.5003569083
2012-03-15,69.1854291611
2012-03-16,69.0337067287
2012-03-19,69.0337067287
2012-03-20,69.0337067287
2012-03-21,69.0337067287
2012-03-22,69.0337067287
2012-03-23,69.0337067287
2012-03-26,68.9325584405
2012-03-27,68.9325584405
2012-03-28,68.1233721345
2012-03-29,68.1233721345
2012-03-30,66.3027029461
2012-04-05,66.3027029461
2012-04-06,66.3027029461
2012-04-09,67.2636116844
2012-04-10,67.2636116844
2012-04-11,67.2636116844
2012-04-12,67.2636116844
2012-04-13,67.4138654707
2012-04-16,67.0131887072
2012-04-17,67.2135270890
2012-04-18,67.2636116844
2012-04-19,67.2135270890
2012-04-20,67.4138654707
2012-04-23,67.3637808753
2012-04-24,67.0632733026
2012-04-25,66.9130195163
2012-04-26,66.9631041117
2012-04-27,66.9631041117
2012-05-02,67.1634424935
2012-05-03,66.9130195163
2012-05-04,66.6125119436
2012-05-07,66.2118351800
2012-05-08,66.3620889664
2012-05-09,66.0615813937
2012-05-10,66.0615813937
2012-05-11,65.3708703112
2012-05-14,65.3708703112
2012-05-15,65.3708703112
2012-05-16,64.9268417581
2012-05-17,64.9268417581
2012-05-18,63.5947560989
2012-05-21,63.6934291107
2012-05-22,63.7427656166
2012-05-23,63.2000640518
2012-05-24,63.3974100754
2012-05-25,63.3974100754
2012-05-28,63.3480735695
2012-05-29,63.3480735695
2012-05-30,63.1507275459
2012-05-31,63.3480735695
2012-06-01,63.3480735695
2012-06-04,61.1772673101
2012-06-05,61.1772673101
2012-06-06,61.1772673101
2012-06-07,61.1772673101
2012-06-08,61.1772673101
2012-06-11,61.1772673101
2012-06-12,61.6593576750
2012-06-13,61.6593576750
2012-06-14,61.6593576750
2012-06-15,61.6593576750
2012-06-18,61.6593576750
2012-06-19,61.4183124925
2012-06-20,61.7075667115
2012-06-21,61.7075667115
2012-06-25,61.7075667115
2012-06-26,61.7075667115
2012-06-27,61.7075667115
2012-06-28,60.6951769451
2012-06-29,60.2612956167
2012-07-02,60.2612956167
2012-07-03,60.2612956167
2012-07-04,60.2612956167
2012-07-05,60.2612956167
2012-07-06,60.2612956167
2012-07-09,60.2612956167
2012-07-10,59.6605311665
2012-07-11,59.6605311665
2012-07-12,59.6605311665
2012-07-13,59.6605311665
2012-07-16,59.6605311665
2012-07-17,59.6605311665
2012-07-18,58.6900655163
2012-07-19,59.9378070666
2012-07-20,59.9378070666
2012-07-23,59.9378070666
2012-07-24,59.9378070666
2012-07-25,59.9378070666
2012-07-26,59.9378070666
2012-07-27,58.6900655163
2012-07-30,58.6438528662
2012-07-31,58.6438528662
2012-08-01,58.6438528662
2012-08-02,58.6438528662
2012-08-03,58.6438528662
2012-08-06,58.6438528662
2012-08-07,58.6438528662
2012-08-08,58.6438528662
2012-08-09,58.6438528662
2012-08-10,58.6438528662
2012-08-13,58.2781858180
2012-08-14,58.0953522938
2012-08-15,58.1410606749
2012-08-16,58.3696025800
2012-08-17,58.5524361042
2012-08-20,58.5524361042
2012-08-21,58.4153109611
2012-08-22,58.4610193421
2012-08-23,58.6438528662
2012-08-24,59.0095199145
2012-08-27,59.5123121059
2012-08-28,58.8723947714
2012-08-29,58.9181031524
2012-08-30,58.4610193421
2012-08-31,58.4153109611
2012-09-03,58.6895612473
2012-09-04,58.8266863904
2012-09-05,58.7352696283
2012-09-06,58.6895612473
2012-09-07,58.7809780093
2012-09-10,58.7809780093
2012-09-11,58.7809780093
2012-09-12,58.7809780093
2012-09-13,58.7809780093
2012-09-14,58.7809780093
2012-09-17,58.7809780093
2012-09-18,58.9146724248
2012-09-19,59.1374964506
2012-09-20,58.8255428145
2012-09-21,58.9146724248
2012-09-24,60.5635702158
2012-09-25,60.4744406055
2012-09-26,60.4744406055
2012-09-27,58.0679411267
2012-09-28,58.0679411267
2012-10-08,58.0679411267
2012-10-09,58.0679411267
2012-10-10,58.0679411267
2012-10-11,58.0679411267
2012-10-12,58.0679411267
2012-10-15,58.0679411267
2012-10-16,58.0679411267
2012-10-17,58.0679411267
2012-10-18,58.0679411267
2012-10-19,58.0679411267
2012-10-22,58.0679411267
2012-10-23,58.0679411267
2012-10-24,58.0679411267
2012-10-25,58.0679411267
2012-10-26,58.0679411267
2012-10-29,58.0679411267
2012-10-30,58.0679411267
2012-10-31,58.0679411267
2012-11-01,58.0679411267
2012-11-02,58.0679411267
2012-11-05,58.0679411267
2012-11-06,58.0679411267
2012-11-07,58.0679411267
2012-11-08,58.0679411267
2012-11-09,58.0679411267
2012-11-12,58.0679411267
2012-11-13,59.6956031129
2012-11-14,58.9477584165
2012-11-15,58.9477584165
2012-11-16,58.9477584165
2012-11-19,58.9477584165
2012-11-20,58.9477584165
2012-11-21,58.9477584165
2012-11-22,58.9477584165
2012-11-23,58.9477584165
2012-11-26,58.9477584165
2012-11-27,58.9477584165
2012-11-28,55.9563796312
2012-11-29,55.9563796312
2012-11-30,55.9563796312
2012-12-03,55.9563796312
2012-12-04,55.9563796312
2012-12-05,55.9563796312
2012-12-06,55.9563796312
2012-12-07,55.9563796312
2012-12-10,55.9563796312
2012-12-11,55.9128676719
2012-12-12,55.8693557127
2012-12-13,55.7388198348
2012-12-14,55.8258437534
2012-12-17,55.7823317941
2012-12-18,55.6953078756
2012-12-19,55.6953078756
2012-12-20,55.3472122013
2012-12-21,55.2601882828
2012-12-24,55.1296524049
2012-12-25,55.3472122013
2012-12-26,55.3037002421
2012-12-27,55.2166763235
2012-12-28,55.2166763235
2012-12-31,55.2166763235
2013-01-04,55.3037002421
2013-01-07,55.8693557127
2013-01-08,55.3037002421
2013-01-09,55.7823317941
2013-01-10,55.4777480792
2013-01-11,55.6082839570
2013-01-14,55.6082839570
2013-01-15,55.6082839570
2013-01-16,55.6082839570
2013-01-17,55.6082839570
2013-01-18,55.6082839570
2013-01-21,55.6082839570
2013-01-22,55.6082839570
2013-01-23,55.6082839570
2013-01-24,55.6082839570
2013-01-25,55.6082839570
2013-01-28,55.6082839570
2013-01-29,55.6961327468
2013-01-30,55.6961327468
2013-01-31,55.6961327468
2013-02-01,56.7063938298
2013-02-04,56.7063938298
2013-02-05,56.7063938298
2013-02-06,56.7063938298
2013-02-07,56.7063938298
2013-02-08,56.7063938298
2013-02-18,56.8361567447
2013-02-19,55.6682905102
2013-02-20,56.1440878650
2013-02-21,56.1440878650
2013-02-22,56.1440878650
2013-02-25,56.1440878650
2013-02-26,54.6734414957
2013-02-27,54.6734414957
2013-02-28,52.5107262466
2013-03-01,52.5107262466
2013-03-04,54.9329673256
2013-03-05,56.9226653547
2013-03-06,56.9226653547
2013-03-07,56.9226653547
2013-03-08,56.9226653547
2013-03-11,56.9226653547
2013-03-12,56.1788641932
2013-03-13,56.0913581742
2013-03-14,56.0913581742
2013-03-15,56.0913581742
2013-03-18,56.0913581742
2013-03-19,56.0913581742
2013-03-20,57.3601954496
2013-03-21,57.3601954496
2013-03-22,57.3601954496
2013-03-25,57.3601954496
2013-03-26,55.6538280793
2013-03-27,55.6538280793
2013-03-28,55.6538280793
2013-03-29,55.4788160413
2013-04-01,54.2099787659
2013-04-02,55.7850871078
2013-04-03,55.7850871078
2013-04-08,55.7850871078
2013-04-09,56.3976292407
2013-04-10,56.3976292407
2013-04-11,56.3105958623
2013-04-12,56.1800457946
2013-04-15,55.9189456592
2013-04-16,55.7448789023
2013-04-17,55.7883955915
2013-04-18,55.6143288346
2013-04-19,55.9189456592
2013-04-22,55.9624623484
2013-04-23,55.9624623484
2013-04-24,55.8754289700
2013-04-25,55.8754289700
2013-04-26,55.3967453885
2013-05-02,55.2226786315
2013-05-03,55.7013622131
2013-05-06,56.0059790377
2013-05-07,56.1365291053
2013-05-08,56.5716959976
2013-05-09,56.7457627546
2013-05-10,56.2692716169
2013-05-13,56.3125889931
2013-05-14,56.5291758738
2013-05-15,56.3559063692
2013-05-16,56.3559063692
2013-05-17,56.3559063692
2013-05-20,56.3559063692
2013-05-21,56.3559063692
2013-05-22,56.3559063692
2013-05-23,56.3559063692
2013-05-24,56.3559063692
2013-05-27,56.3559063692
2013-05-28,56.3559063692
2013-05-29,56.3559063692
2013-05-30,56.3559063692
2013-05-31,56.3559063692
2013-06-03,56.3559063692
2013-06-04,56.3559063692
2013-06-05,56.3559063692
2013-06-06,56.3559063692
2013-06-07,56.3559063692
2013-06-13,56.3559063692
2013-06-14,56.3559063692
2013-06-17,56.3559063692
2013-06-18,56.3559063692
2013-06-19,56.3559063692
2013-06-20,56.3559063692
2013-06-21,56.3559063692
2013-06-24,56.3559063692
2013-06-25,56.3559063692
2013-06-26,56.3559063692
2013-06-27,56.3559063692
2013-06-28,56.3559063692
2013-07-01,56.3559063692
2013-07-02,56.3559063692
2013-07-03,56.3559063692
2013-07-04,56.3559063692
2013-07-05,56.3559063692
2013-07-08,56.3559063692
2013-07-09,56.3559063692
2013-07-10,56.7831687374
2013-07-11,56.7831687374
2013-07-12,56.7831687374
2013-07-15,56.7831687374
2013-07-16,56.7831687374
2013-07-17,56.7831687374
2013-07-18,56.7831687374
2013-07-19,56.7831687374
2013-07-22,56.7831687374
2013-07-23,56.7831687374
2013-07-24,56.9967999216
2013-07-25,56.9967999216
2013-07-26,56.9967999216
2013-07-29,56.9967999216
2013-07-30,56.9967999216
2013-07-31,56.9967999216
2013-08-01,56.9967999216
2013-08-02,56.9967999216
2013-08-05,56.9967999216
2013-08-06,56.9967999216
2013-08-07,56.9967999216
2013-08-08,56.9967999216
2013-08-09,56.4938869811
2013-08-12,56.7872528630
2013-08-13,56.7872528630
2013-08-14,56.6615246279
2013-08-15,55.9909740406
2013-08-16,56.2005210991
2013-08-19,56.0328834523
2013-08-20,55.4042422767
2013-08-21,55.6976081586
2013-08-22,55.6976081586
2013-08-23,55.6976081586
2013-08-26,55.6976081586
2013-08-27,55.3204234533
2013-08-28,55.7814269821
2013-08-29,55.6137893352
2013-08-30,55.8233363938
2013-09-02,55.8652458055
2013-09-03,55.1527858064
2013-09-04,55.1946952182
2013-09-05,55.0689669830
2013-09-06,54.9851481596
2013-09-09,54.9851481596
2013-09-10,54.9851481596
2013-09-11,54.9851481596
2013-09-12,55.0680195208
2013-09-13,54.5707913536
2013-09-16,54.5707913536
2013-09-17,54.5707913536
2013-09-18,54.5707913536
2013-09-23,54.5707913536
2013-09-24,54.5707913536
2013-09-25,53.7420777415
2013-09-26,53.7420777415
2013-09-27,53.7420777415
2013-09-30,53.7420777415
2013-10-08,53.7420777415
2013-10-09,53.7420777415
2013-10-10,53.7420777415
2013-10-11,53.7420777415
2013-10-14,53.7420777415
2013-10-15,53.7420777415
2013-10-16,53.6183431036
2013-10-17,53.6183431036
2013-10-18,53.6183431036
2013-10-21,53.6183431036
2013-10-22,53.6183431036
2013-10-23,53.6183431036
2013-10-24,53.6183431036
2013-10-25,53.6183431036
2013-10-28,53.6183431036
2013-10-29,53.6183431036
2013-10-30,53.6183431036
2013-10-31,53.6183431036
2013-11-01,53.6183431036
2013-11-04,53.6183431036
2013-11-05,53.6183431036
2013-11-06,53.6183431036
2013-11-07,53.6183431036
2013-11-08,53.6183431036
2013-11-11,53.6183431036
2013-11-12,53.6183431036
2013-11-13,52.4846741421
2013-11-14,52.4846741421
2013-11-15,52.4846741421
2013-11-18,52.4846741421
2013-11-19,52.4846741421
2013-11-20,52.4846741421
2013-11-21,52.4846741421
2013-11-22,52.6106373601
2013-11-25,52.6106373601
2013-11-26,52.6106373601
2013-11-27,52.6106373601
2013-11-28,52.6106373601
2013-11-29,52.6106373601
2013-12-02,52.6106373601
2013-12-03,52.6106373601
2013-12-04,52.6106373601
2013-12-05,52.6106373601
2013-12-06,52.6106373601
2013-12-09,52.5689820653
2013-12-10,52.4440161808
2013-12-11,52.2357397067
2013-12-12,52.0691185274
2013-12-13,52.0691185274
2013-12-16,52.0274632326
2013-12-17,52.1940844119
2013-12-18,52.3607055912
2013-12-19,52.1940844119
2013-12-20,52.2357397067
2013-12-23,52.1107738222
2013-12-24,52.0691185274
2013-12-25,52.1940844119
2013-12-26,52.1940844119
2013-12-27,52.1940844119
2013-12-30,52.2357397067
2013-12-31,51.9024973481
2014-01-02,52.5689820653
2014-01-03,52.4856714756
2014-01-06,52.3190502963
2014-01-07,52.2773950015
2014-01-08,52.7356032445
2014-01-09,52.7356032445
2014-01-10,52.7356032445
2014-01-13,52.7356032445
2014-01-14,52.7356032445
2014-01-15,52.7356032445
2014-01-16,52.7356032445
2014-01-17,52.7356032445
2014-01-20,52.7356032445
2014-01-21,52.7356032445
2014-01-22,52.7356032445
2014-01-23,52.7356032445
2014-01-24,52.7356032445
2014-01-27,52.7356032445
2014-01-28,52.7356032445
2014-01-29,53.2745677431
2014-01-30,53.2745677431
2014-02-07,53.2745677431
2014-02-10,53.2745677431
2014-02-11,53.2745677431
2014-02-12,53.2745677431
2014-02-13,53.2745677431
2014-02-14,53.2745677431
2014-02-17,53.2745677431
2014-02-18,53.2745677431
2014-02-19,53.2745677431
2014-02-20,53.2745677431
2014-02-21,53.2745677431
2014-02-24,53.2745677431
2014-02-25,53.2745677431
2014-02-26,53.2745677431
2014-02-27,53.2745677431
2014-02-28,51.1671876900
2014-03-03,51.1671876900
2014-03-04,51.1671876900
2014-03-05,51.1671876900
2014-03-06,51.1671876900
2014-03-07,51.1671876900
2014-03-10,49.1540524366
2014-03-11,50.4961426055
2014-03-12,50.4961426055
2014-03-13,52.4673375411
2014-03-14,52.4673375411
2014-03-17,52.4673375411
2014-03-18,52.4673375411
2014-03-19,52.4673375411
2014-03-20,52.4673375411
2014-03-21,52.4673375411
2014-03-24,51.5027102322
2014-03-25,51.0833070544
2014-03-26,51.0833070544
2014-03-27,51.0833070544
2014-03-28,52.0059940456
2014-03-31,52.0059940456
2014-04-01,55.1095775612
2014-04-02,55.1095775612
2014-04-03,55.1095775612
2014-04-04,55.1095775612
2014-04-08,55.1095775612
2014-04-09,58.2970417124
2014-04-10,58.2006829657
2014-04-11,58.5861179523
2014-04-14,58.9233735655
2014-04-15,59.1642704321
2014-04-16,59.1642704321
2014-04-17,59.2124498054
2014-04-18,58.1525035924
2014-04-21,57.9597860992
2014-04-22,58.0079654725
2014-04-23,58.0561448458
2014-04-24,58.2488623390
2014-04-25,58.2970417124
2014-04-28,58.0561448458
2014-04-29,57.9116067258
2014-04-30,58.0079654725
2014-05-05,58.3934004590
2014-05-06,58.2970417124
2014-05-07,57.9116067258
2014-05-08,58.2970417124
2014-05-09,57.8634273525
2014-05-12,57.8634273525
2014-05-13,57.8634273525
2014-05-14,57.7674681032
2014-05-15,57.7674681032
2014-05-16,57.7674681032
2014-05-19,57.7674681032
2014-05-20,57.7674681032
2014-05-21,57.7674681032
2014-05-22,57.7674681032
2014-05-23,57.7674681032
2014-05-26,57.7674681032
2014-05-27,57.7674681032
2014-05-28,57.7674681032
2014-05-29,57.7674681032
2014-05-30,57.7674681032
2014-06-03,57.7674681032
2014-06-04,61.2220010794
2014-06-05,61.2220010794
2014-06-06,61.2220010794
2014-06-09,61.2220010794
2014-06-10,61.2220010794
2014-06-11,61.2220010794
2014-06-12,61.2220010794
2014-06-13,61.2220010794
2014-06-16,61.2220010794
2014-06-17,61.2220010794
2014-06-18,61.2220010794
2014-06-19,61.2220010794
2014-06-20,61.2220010794
2014-06-23,61.2220010794
2014-06-24,61.2220010794
2014-06-25,61.2220010794
2014-06-26,61.2220010794
2014-06-27,59.4974376688
2014-06-30,59.4974376688
2014-07-01,59.4974376688
2014-07-02,59.4974376688
2014-07-03,59.4974376688
2014-07-04,59.4974376688
2014-07-07,59.4974376688
2014-07-08,59.4974376688
2014-07-09,59.4974376688
2014-07-10,59.4974376688
2014-07-11,59.4974376688
2014-07-14,59.4974376688
2014-07-15,59.4974376688
2014-07-16,59.4974376688
2014-07-17,59.4974376688
2014-07-18,59.4974376688
2014-07-21,59.4974376688
2014-07-22,59.4974376688
2014-07-23,59.4974376688
2014-07-24,59.4974376688
2014-07-25,59.4974376688
2014-07-28,59.4974376688
2014-07-29,59.4974376688
2014-07-30,59.4974376688
2014-07-31,59.4974376688
2014-08-01,59.4974376688
2014-08-04,59.4974376688
2014-08-05,59.4974376688
2014-08-06,59.4974376688
2014-08-07,59.4974376688
2014-08-08,63.0285864085
2014-08-11,63.0805045192
2014-08-12,62.9766682977
2014-08-13,62.7170777442
2014-08-14,62.6651596334
2014-08-15,62.6651596334
2014-08-18,62.8209139656
2014-08-19,62.9247501870
2014-08-20,62.8728320763
2014-08-21,62.8728320763
2014-08-22,62.9247501870
2014-08-25,62.9247501870
2014-08-26,62.9247501870
2014-08-27,63.0805045192
2014-08-28,62.9247501870
2014-08-29,62.1978966370
2014-09-01,62.5613234120
2014-09-02,63.2881769620
2014-09-03,63.2881769620
2014-09-04,63.2881769620
2014-09-05,63.2881769620
2014-09-09,63.2881769620
2014-09-10,63.2881769620
2014-09-11,63.2881769620
2014-09-12,63.2881769620
2014-09-15,63.2881769620
2014-09-16,63.2881769620
2014-09-17,63.2881769620
2014-09-18,63.2881769620
2014-09-19,63.2881769620
2014-09-22,63.2881769620
2014-09-23,63.2881769620
2014-09-24,63.2881769620
2014-09-25,63.2881769620
2014-09-26,63.2881769620
2014-09-29,63.2881769620
2014-09-30,63.2881769620
2014-10-08,63.2881769620
2014-10-09,63.2881769620
2014-10-10,63.2881769620
2014-10-13,63.2881769620
2014-10-14,63.2881769620
2014-10-15,63.2881769620
2014-10-16,63.2881769620
2014-10-17,63.2881769620
2014-10-20,63.2881769620
2014-10-21,63.2881769620
2014-10-22,63.2881769620
2014-10-23,63.2881769620
2014-10-24,63.2881769620
2014-10-27,63.2881769620
2014-10-28,63.2881769620
2014-10-29,63.2881769620
2014-10-30,63.2881769620
2014-10-31,63.2881769620
2014-11-03,63.2881769620
2014-11-04,63.2881769620
2014-11-05,63.2881769620
2014-11-06,63.2881769620
2014-11-07,63.2881769620
2014-11-10,62.4127505923
2014-11-11,62.4127505923
2014-11-12,62.4127505923
2014-11-13,62.4127505923
2014-11-14,62.4127505923
2014-11-17,62.4127505923
2014-11-18,64.8845426950
2014-11-19,68.1802654986
2014-11-20,65.5024907207
2014-11-21,65.5024907207
2014-11-24,65.5024907207
2014-11-25,63.1336899556
2014-11-26,63.1336899556
2014-11-27,63.1336899556
2014-11-28,63.1336899556
2014-12-01,63.1336899556
2014-12-02,63.1336899556
2014-12-03,63.1336899556
2014-12-04,63.1336899556
2014-12-05,63.8546293189
2014-12-08,63.6351976030
2014-12-09,63.3609079582
2014-12-10,63.5254817451
2014-12-11,63.4706238161
2014-12-12,63.5803396740
2014-12-15,63.6900555320
2014-12-16,63.6900555320
2014-12-17,63.6900555320
2014-12-18,64.1289189637
2014-12-19,63.4157658871
2014-12-22,63.0317603844
2014-12-23,62.8123286685
2014-12-24,63.0317603844
2014-12-25,63.0317603844
2014-12-26,63.4706238161
2014-12-29,63.4706238161
2014-12-30,63.1963341713
2014-12-31,61.6603121602
2015-01-05,63.0317603844
2015-01-06,63.0317603844
2015-01-07,62.0443176629
2015-01-08,61.8797438760
2015-01-09,60.3985797939
2015-01-12,59.9769492194
2015-01-13,59.9769492194
2015-01-14,59.4499110013
2015-01-15,59.4499110013
2015-01-16,60.3985797939
2015-01-19,60.3985797939
2015-01-20,60.3985797939
2015-01-21,60.3985797939
2015-01-22,60.3985797939
2015-01-23,60.3985797939
2015-01-26,60.3985797939
2015-01-27,60.3985797939
2015-01-28,60.3985797939
2015-01-29,60.3985797939
2015-01-30,60.3985797939
2015-02-02,60.3985797939
2015-02-03,60.3985797939
2015-02-04,60.3985797939
2015-02-05,60.3985797939
2015-02-06,60.3985797939
2015-02-09,60.3985797939
2015-02-10,60.3985797939
2015-02-11,60.3985797939
2015-02-12,60.3985797939
2015-02-13,60.3985797939
2015-02-16,60.3985797939
2015-02-17,60.3985797939
2015-02-25,60.3985797939
2015-02-26,60.3985797939
2015-02-27,60.3985797939
2015-03-02,60.3985797939
2015-03-03,60.3985797939
2015-03-04,60.3985797939
2015-03-05,60.3985797939
2015-03-06,60.3985797939
2015-03-09,60.3985797939
2015-03-10,60.3985797939
2015-03-11,60.3985797939
2015-03-12,60.3985797939
2015-03-13,60.3985797939
2015-03-16,60.3985797939
2015-03-17,60.3985797939
2015-03-18,60.3985797939
2015-03-19,60.3985797939
2015-03-20,60.3985797939
2015-03-23,60.3985797939
2015-03-24,60.3985797939
2015-03-25,60.3985797939
2015-03-26,60.3985797939
2015-03-27,60.3985797939
2015-03-30,62.7918499004
2015-03-31,66.5077166448
2015-04-01,66.5077166448
2015-04-02,66.5077166448
2015-04-03,66.5077166448
2015-04-07,66.5077166448
2015-04-08,70.4755065583
2015-04-09,74.6322388486
2015-04-10,74.0556807802
2015-04-13,74.0556807802
2015-04-14,73.0947506663
2015-04-15,73.0306886587
2015-04-16,73.7994327498
2015-04-17,73.6072467270
2015-04-20,73.0947506663
2015-04-21,72.5822546055
2015-04-22,72.8385026359
2015-04-23,72.7744406283
2015-04-24,73.1588126739
2015-04-27,73.6072467270
2015-04-28,73.8634947574
2015-04-29,74.6322388486
2015-04-30,74.6963008562
2015-05-04,75.0806729017
2015-05-05,75.0806729017
2015-05-06,75.0806729017
2015-05-07,74.9525488865
2015-05-08,74.9525488865
2015-05-11,74.9525488865
2015-05-12,75.5376078111
2015-05-13,75.5376078111
2015-05-14,75.5376078111
2015-05-15,75.0825619809
2015-05-18,75.0825619809
2015-05-19,75.0825619809
2015-05-20,75.0825619809
2015-05-21,75.0825619809
2015-05-22,75.0825619809
2015-05-25,75.0825619809
2015-05-26,75.0825619809
2015-05-27,75.0825619809
2015-05-28,75.0825619809
2015-05-29,75.0825619809
2015-06-01,75.0825619809
2015-06-02,75.0825619809
2015-06-03,75.0825619809
2015-06-04,75.0825619809
2015-06-05,75.0825619809
2015-06-08,75.0825619809
2015-06-09,75.0825619809
2015-06-10,75.0825619809
2015-06-11,75.0825619809
2015-06-12,75.0825619809
2015-06-15,75.0825619809
2015-06-16,75.0825619809
2015-06-17,75.0825619809
2015-06-18,75.0825619809
2015-06-19,75.0825619809
2015-06-23,75.0825619809
2015-06-24,75.0825619809
2015-06-25,75.0825619809
2015-06-26,75.0825619809
2015-06-29,75.0825619809
2015-06-30,75.0825619809
2015-07-01,75.0825619809
2015-07-02,75.0825619809
2015-07-03,75.0825619809
2015-07-06,75.0825619809
2015-07-07,75.0825619809
2015-07-08,75.0825619809
2015-07-09,75.0825619809
2015-07-10,75.0825619809
2015-07-13,75.0825619809
2015-07-14,75.0825619809
2015-07-15,75.0825619809
2015-07-16,75.0825619809
2015-07-17,75.0825619809
2015-07-20,75.0825619809
2015-07-21,75.0825619809
2015-07-22,75.0825619809
2015-07-23,75.0825619809
2015-07-24,75.0825619809
2015-07-27,75.0825619809
2015-07-28,75.0825619809
2015-07-29,75.0825619809
2015-07-30,75.0825619809
2015-07-31,75.0825619809
2015-08-03,75.0825619809
2015-08-04,75.0825619809
2015-08-05,75.0825619809
2015-08-06,75.0825619809
2015-08-07,75.0825619809
2015-08-10,75.0118627700
2015-08-11,76.0723509335
2015-08-12,75.9309525117
2015-08-13,76.2844485663
2015-08-14,76.4965461990
2015-08-17,76.4258469881
2015-08-18,76.3551477772
2015-08-19,76.4258469881
2015-08-20,76.3551477772
2015-08-21,76.3551477772
2015-08-24,75.7895540899
2015-08-25,76.1430501444
2015-08-26,76.0016517226
2015-08-27,75.7895540899
2015-08-28,75.5774564572
2015-08-31,75.0825619809
2015-09-01,75.3653588245
2015-09-02,73.1029840755
2015-09-07,73.1029840755
2015-09-08,73.1029840755
2015-09-09,73.1029840755
2015-09-10,73.1029840755
2015-09-11,71.4478221719
2015-09-14,71.4478221719
2015-09-15,71.4478221719
2015-09-16,73.0340189962
2015-09-17,73.0340189962
2015-09-18,73.0340189962
2015-09-21,73.0340189962
2015-09-22,73.0340189962
2015-09-23,73.0340189962
2015-09-24,73.0340189962
2015-09-25,73.0340189962
2015-09-28,73.0340189962
2015-09-29,73.0340189962
2015-09-30,73.0340189962
2015-10-08,73.0340189962
2015-10-09,73.0340189962
2015-10-12,73.0340189962
2015-10-13,73.0340189962
2015-10-14,73.0340189962
2015-10-15,73.0340189962
2015-10-16,73.0340189962
2015-10-19,73.0340189962
2015-10-20,73.0340189962
2015-10-21,73.0340189962
2015-10-22,73.0340189962
2015-10-23,73.0340189962
2015-10-26,73.0340189962
2015-10-27,73.0340189962
2015-10-28,73.0340189962
2015-10-29,73.0340189962
2015-10-30,73.0340189962
2015-11-02,73.0340189962
2015-11-03,73.0340189962
2015-11-04,73.0340189962
2015-11-05,73.0340189962
2015-11-06,73.0340189962
2015-11-09,73.0340189962
2015-11-10,73.0340189962
2015-11-11,73.0340189962
2015-11-12,73.0340189962
2015-11-13,73.0340189962
2015-11-16,73.0340189962
2015-11-17,73.0340189962
2015-11-18,73.0340189962
2015-11-19,73.0340189962
2015-11-20,73.0340189962
2015-11-23,73.0340189962
2015-11-24,73.0340189962
2015-11-25,73.0340189962
2015-11-26,73.0340189962
2015-11-27,73.0340189962
2015-11-30,73.0340189962
2015-12-01,73.0340189962
2015-12-02,73.0340189962
2015-12-03,73.0340189962
2015-12-04,73.0340189962
2015-12-07,73.0340189962
2015-12-08,73.0340189962
2015-12-09,73.5155619786
2015-12-10,73.5958191423
2015-12-11,73.9168477973
2015-12-14,74.3983907797
2015-12-15,74.1576192885
2015-12-16,74.3181336159
2015-12-17,74.3181336159
2015-12-18,74.7194194346
2015-12-21,75.6022482357
2015-12-22,76.5653342004
2015-12-23,76.0035340543
2015-12-24,77.2876486740
2015-12-25,78.0099631476
2015-12-28,77.8494488202
2015-12-29,77.4481630015
2015-12-30,78.2507346388
2015-12-31,78.4915061300
2016-01-04,78.2507346388
2016-01-05,78.6520204575
2016-01-06,77.8494488202
2016-01-07,78.0099631476
2016-01-08,78.0099631476
2016-01-11,78.0099631476
2016-01-12,76.6824662772
2016-01-13,77.4633467892
2016-01-14,77.3071706868
2016-01-15,78.7127556084
2016-01-18,78.7127556084
2016-01-19,78.7127556084
2016-01-20,78.7127556084
2016-01-21,78.7127556084
2016-01-22,78.7127556084
2016-01-25,78.7127556084
2016-01-26,78.7127556084
2016-01-27,78.7127556084
2016-01-28,78.7127556084
2016-01-29,76.6824662772
2016-02-01,72.1533593077
2016-02-02,67.8585164918
2016-02-03,67.8585164918
2016-02-04,67.8585164918
2016-02-05,67.8585164918
2016-02-15,67.8585164918
2016-02-16,67.8585164918
2016-02-17,67.8585164918
2016-02-18,67.8585164918
2016-02-19,67.8585164918
2016-02-22,67.8585164918
2016-02-23,67.8585164918
2016-02-24,67.8585164918
2016-02-25,67.8585164918
2016-02-26,67.8585164918
2016-02-29,67.8585164918
2016-03-01,67.8585164918
2016-03-02,67.8585164918
2016-03-03,67.8585164918
2016-03-04,67.8585164918
2016-03-07,67.8585164918
2016-03-08,67.8585164918
2016-03-09,67.8585164918
2016-03-10,70.5301116292
2016-03-11,70.5301116292
2016-03-14,70.5301116292
2016-03-15,70.5301116292
2016-03-16,70.5301116292
2016-03-17,70.5301116292
2016-03-18,73.3352865236
2016-03-21,73.3352865236
2016-03-22,73.3352865236
2016-03-23,73.3352865236
2016-03-24,73.3352865236
2016-03-25,73.3352865236
2016-03-28,73.3352865236
2016-03-29,73.3352865236
2016-03-30,73.3352865236
2016-03-31,73.3352865236
2016-04-01,73.3352865236
2016-04-05,73.3352865236
2016-04-06,73.3352865236
2016-04-07,73.3352865236
2016-04-08,73.3352865236
2016-04-11,73.6831768771
2016-04-12,73.3352865236
2016-04-13,73.7527549478
2016-04-14,73.0569742408
2016-04-15,73.2657084529
2016-04-18,73.2657084529
2016-04-19,73.3352865236
2016-04-20,73.4744426650
2016-04-21,74.8660040791
2016-04-22,74.2398014428
2016-04-25,75.0747382912
2016-04-26,76.1184093518
2016-04-27,74.8660040791
2016-04-28,76.6054558467
2016-04-29,76.4662997053
2016-05-03,76.4662997053
2016-05-04,76.4662997053
2016-05-05,76.5358777760
2016-05-06,76.5358777760
2016-05-09,76.1184093518
2016-05-10,76.1184093518
2016-05-11,76.1184093518
2016-05-12,76.9083173734
2016-05-13,76.9083173734
2016-05-16,76.9083173734
2016-05-17,76.9083173734
2016-05-18,76.9083173734
2016-05-19,76.4774584525
2016-05-20,76.4774584525
2016-05-23,76.4774584525
2016-05-24,76.4774584525
2016-05-25,76.4774584525
2016-05-26,76.4774584525
2016-05-27,76.4774584525
2016-05-30,76.4774584525
2016-05-31,76.4774584525
2016-06-01,81.0014771215
2016-06-02,81.0014771215
2016-06-03,81.0014771215
2016-06-06,81.0014771215
2016-06-07,81.0014771215
2016-06-08,81.0014771215
2016-06-13,81.0014771215
2016-06-14,81.0014771215
2016-06-15,81.0014771215
2016-06-16,81.0014771215
2016-06-17,79.6023606985
2016-06-20,77.6877803302
2016-06-21,77.6877803302
2016-06-22,77.6877803302
2016-06-23,77.6877803302
2016-06-24,77.6877803302
2016-06-27,77.6877803302
2016-06-28,77.6877803302
2016-06-29,77.6877803302
2016-06-30,77.6877803302
2016-07-01,77.6877803302
2016-07-04,77.6877803302
2016-07-05,77.6877803302
2016-07-06,77.6877803302
2016-07-07,77.6877803302
2016-07-08,77.6877803302
2016-07-11,77.6877803302
2016-07-12,77.6877803302
2016-07-13,77.6877803302
2016-07-14,77.6877803302
2016-07-15,77.6877803302
2016-07-18,79.8684899535
2016-07-19,79.8684899535
2016-07-20,76.3248368156
2016-07-21,76.3248368156
2016-07-22,80.0729314807
2016-07-25,80.9588447652
2016-07-26,80.9588447652
2016-07-27,80.9588447652
2016-07-28,80.9588447652
2016-07-29,80.9588447652
2016-08-01,80.9588447652
2016-08-02,80.9588447652
2016-08-03,80.9588447652
2016-08-04,80.9588447652
2016-08-05,80.9588447652
2016-08-08,81.5147853301
2016-08-09,83.4605773073
2016-08-10,82.6961590305
2016-08-11,82.8351441717
2016-08-12,82.6266664599
2016-08-15,83.0436218836
2016-08-16,82.6266664599
2016-08-17,82.2097110362
2016-08-18,81.3758001888
2016-08-19,81.0978299064
2016-08-22,81.5147853301
2016-08-23,81.7232630419
2016-08-24,81.3758001888
2016-08-25,80.5418893415
2016-08-26,81.1673224770
2016-08-29,80.6113819121
2016-08-30,80.0554413472
2016-08-31,80.0554413472
2016-09-01,80.6808744827
2016-09-02,80.6113819121
2016-09-05,80.6113819121
2016-09-06,80.6113819121
2016-09-07,81.9317407538
2016-09-08,82.6266664599
2016-09-09,83.2500025857
2016-09-12,84.1503769898
2016-09-13,85.8126066587
2016-09-14,81.8648111950
2016-09-19,81.8648111950
2016-09-20,81.8648111950
2016-09-21,81.8648111950
2016-09-22,81.8648111950
2016-09-23,81.8648111950
2016-09-26,81.8648111950
2016-09-27,81.8648111950
2016-09-28,81.8648111950
2016-09-29,81.8648111950
2016-09-30,81.8648111950
2016-10-10,81.8648111950
2016-10-11,81.8648111950
2016-10-12,81.8648111950
2016-10-13,81.8648111950
2016-10-14,81.8648111950
2016-10-17,81.8648111950
2016-10-18,81.8648111950
2016-10-19,81.8648111950
2016-10-20,81.8648111950
2016-10-21,81.8648111950
2016-10-24,81.8648111950
2016-10-25,81.8648111950
2016-10-26,81.8648111950
2016-10-27,81.8648111950
2016-10-28,81.8648111950
2016-10-31,81.8648111950
2016-11-01,81.8648111950
2016-11-02,81.8648111950
2016-11-03,81.8648111950
2016-11-04,81.8648111950
2016-11-07,81.8648111950
2016-11-08,81.8648111950
2016-11-09,81.8648111950
2016-11-10,81.8648111950
2016-11-11,81.8648111950
2016-11-14,85.9140384154
2016-11-15,85.9140384154
2016-11-16,90.1980034456
2016-11-17,90.9022168753
2016-11-18,90.3153723506
2016-11-21,90.3153723506
2016-11-22,86.0900917728
2016-11-23,86.0900917728
2016-11-24,87.4398341796
2016-11-25,83.9187670314
2016-11-28,83.2732380542
2016-11-29,84.6229804610
2016-11-30,83.9187670314
2016-12-01,83.9187670314
2016-12-02,83.9187670314
2016-12-05,83.9187670314
2016-12-06,83.9187670314
2016-12-07,83.9187670314
2016-12-08,83.9187670314
2016-12-09,82.6785882083
2016-12-12,83.3872618215
2016-12-13,82.5604759394
2016-12-14,81.7336900573
2016-12-15,81.7927461918
2016-12-16,79.6667253521
2016-12-19,76.5367502271
2016-12-20,73.8201680431
2016-12-21,73.6429996398
2016-12-22,74.2926171186
2016-12-23,74.7650661941
2016-12-26,73.8792241775
2016-12-27,74.0563925808
2016-12-28,73.9382803120
2016-12-29,73.6429996398
2016-12-30,72.9933821610
2017-01-03,71.9303717412
2017-01-04,72.0484840101
2017-01-05,71.9894278756
2017-01-06,71.9894278756
2017-01-09,73.1705505643
2017-01-10,72.9933821610
2017-01-11,72.9933821610
2017-01-12,76.5540349494
2017-01-13,76.1979696705
2017-01-16,75.9605928180
2017-01-17,75.9605928180
2017-01-18,75.9012486048
2017-01-19,72.1625631771
2017-01-20,68.6019103887
2017-01-23,68.6019103887
2017-01-24,68.6019103887
2017-01-25,68.6019103887
2017-01-26,68.6019103887
2017-02-03,68.6019103887
2017-02-06,68.6019103887
2017-02-07,68.6019103887
2017-02-08,68.6019103887
2017-02-09,68.6019103887
2017-02-10,68.6019103887
2017-02-13,67.1174795612
2017-02-14,70.4574489232
2017-02-15,70.4574489232
2017-02-16,66.9584334011
2017-02-17,66.9584334011
2017-02-20,66.9584334011
2017-02-21,66.9584334011
2017-02-22,66.9584334011
2017-02-23,66.9584334011
2017-02-24,66.9584334011
2017-02-27,66.9584334011
2017-02-28,70.2984027631
2017-03-01,66.1101872139
2017-03-02,60.1724639036
2017-03-03,53.5985559529
2017-03-06,56.7794791548
2017-03-07,61.8689562779
2017-03-08,61.8689562779
2017-03-09,61.8689562779
2017-03-10,61.8689562779
2017-03-13,61.8689562779
2017-03-14,58.7755084640
2017-03-15,58.7755084640
2017-03-16,61.5919311006
2017-03-17,61.5919311006
2017-03-20,61.5919311006
2017-03-21,61.5919311006
2017-03-22,61.5919311006
2017-03-23,61.5919311006
2017-03-24,61.5919311006
2017-03-27,61.5919311006
2017-03-28,61.5919311006
2017-03-29,64.6392080516
2017-03-30,63.2540821648
2017-03-31,63.2540821648
2017-04-05,63.2540821648
2017-04-06,63.2540821648
2017-04-07,63.2540821648
2017-04-10,63.2540821648
2017-04-11,63.2540821648
2017-04-12,63.2540821648
2017-04-13,61.7951741741
2017-04-14,60.1278507563
2017-04-17,59.8673314722
2017-04-18,58.8252543361
2017-04-19,57.5747617727
2017-04-20,57.5226579159
2017-04-21,58.4084234816
2017-04-24,57.6268656295
2017-04-25,57.3663463455
2017-04-26,57.0537232046
2017-04-27,57.5747617727
2017-04-28,59.4505006178
2017-05-02,59.3983967610
2017-05-03,59.6068121882
2017-05-04,57.3142424887
2017-05-05,57.0016193478
2017-05-08,57.4705540591
2017-05-09,58.0958003408
2017-05-10,58.8724821635
2017-05-11,58.3546942817
2017-05-12,57.9404639762
2017-05-15,58.7689245872
2017-05-16,58.7689245872
2017-05-17,58.7689245872
2017-05-18,58.7689245872
2017-05-19,58.7689245872
2017-05-22,58.7689245872
2017-05-23,58.7689245872
2017-05-24,58.7689245872
2017-05-25,58.7689245872
2017-05-26,58.7689245872
2017-05-31,58.7689245872
2017-06-01,58.7689245872
2017-06-02,58.7689245872
2017-06-05,58.7689245872
2017-06-06,58.7689245872
2017-06-07,58.7689245872
2017-06-08,58.7689245872
2017-06-09,58.7689245872
2017-06-12,58.7689245872
2017-06-13,58.7689245872
2017-06-14,58.7689245872
2017-06-15,58.7689245872
2017-06-16,58.7689245872
2017-06-19,58.7689245872
2017-06-20,58.7689245872
2017-06-21,58.7689245872
2017-06-22,58.7689245872
2017-06-23,58.7689245872
2017-06-26,58.7689245872
2017-06-27,58.7689245872
2017-06-28,58.7689245872
2017-06-29,58.7689245872
2017-06-30,58.7689245872
2017-07-03,58.7689245872
2017-07-04,58.7689245872
2017-07-05,58.7689245872
2017-07-06,58.7689245872
2017-07-07,58.7689245872
2017-07-10,61.7001628536
2017-07-11,65.9288344510
2017-07-12,65.9288344510
2017-07-13,65.9288344510
2017-07-14,65.9288344510
2017-07-17,65.9288344510
2017-07-18,65.9288344510
2017-07-19,65.9288344510
2017-07-20,65.9288344510
2017-07-21,65.9288344510
2017-07-24,65.9288344510
2017-07-25,65.9288344510
2017-07-26,65.9288344510
2017-07-27,69.1964443217
2017-07-28,69.1964443217
2017-07-31,69.1964443217
2017-08-01,69.1964443217
2017-08-02,69.1964443217
2017-08-03,69.1964443217
2017-08-04,69.1964443217
2017-08-07,69.1964443217
2017-08-08,69.1964443217
2017-08-09,69.9430007001
2017-08-10,70.4095984366
2017-08-11,69.9896604738
2017-08-14,69.0098052272
2017-08-15,67.6566717913
2017-08-16,67.0967545075
2017-08-17,68.0766097542
2017-08-18,69.1031247744
2017-08-21,69.7563616055
2017-08-22,69.8963409265
2017-08-23,69.2897638690
2017-08-24,69.9430007001
2017-08-25,70.4095984366
2017-08-28,70.6895570785
2017-08-29,71.1094950414
2017-08-30,70.3629386630
2017-08-31,70.4095984366
2017-09-01,70.7362168522
2017-09-04,71.1561548150
2017-09-05,71.8093916461
2017-09-06,72.2293296089
2017-09-07,71.4361134569
2017-09-08,71.1561548150
2017-09-11,69.4217821351
2017-09-12,70.0311563199
2017-09-13,67.2655350195
2017-09-14,70.5936555675
2017-09-15,67.9217841416
2017-09-18,66.5624109600
2017-09-19,66.5624109600
2017-09-20,66.5155360227
2017-09-21,66.5155360227
2017-09-22,66.5155360227
2017-09-25,66.5155360227
2017-09-26,66.5155360227
2017-09-27,66.5155360227
2017-09-28,66.5155360227
2017-09-29,66.5155360227
2017-10-09,66.5155360227
2017-10-10,66.5155360227
2017-10-11,66.5155360227
2017-10-12,66.5155360227
2017-10-13,66.5155360227
2017-10-16,66.5155360227
2017-10-17,66.5155360227
2017-10-18,64.3114129586
2017-10-19,64.3114129586
2017-10-20,65.4869452595
2017-10-23,67.4951462734
2017-10-24,64.2624324461
2017-10-25,64.2624324461
2017-10-26,64.2624324461
2017-10-27,64.2624324461
2017-10-30,64.2624324461
2017-10-31,64.2624324461
2017-11-01,64.2624324461
2017-11-02,64.2624324461
2017-11-03,64.2624324461
2017-11-06,64.2624324461
2017-11-07,64.2624324461
2017-11-08,64.2624324461
2017-11-09,64.2624324461
2017-11-10,64.2624324461
2017-11-13,63.2477624601
2017-11-14,63.2477624601
2017-11-15,63.2477624601
2017-11-16,63.2477624601
2017-11-17,63.2477624601
2017-11-20,63.2477624601
2017-11-21,63.2477624601
2017-11-22,63.2477624601
2017-11-23,63.2477624601
2017-11-24,63.2477624601
2017-11-27,63.2477624601
2017-11-28,63.2477624601
2017-11-29,63.2477624601
2017-11-30,60.1071172654
2017-12-01,60.1071172654
2017-12-04,60.1071172654
2017-12-05,60.1071172654
2017-12-06,60.1071172654
2017-12-07,60.1071172654
2017-12-08,60.1071172654
2017-12-11,60.7013321129
2017-12-12,60.8384586161
2017-12-13,59.9699907621
2017-12-14,60.2899526031
2017-12-15,59.7414465900
2017-12-18,60.2899526031
2017-12-19,60.6099144440
2017-12-20,60.7013321129
2017-12-21,59.7414465900
2017-12-22,59.2386494114
2017-12-25,59.2386494114
2017-12-26,59.4671935835
2017-12-27,59.7414465900
2017-12-28,59.1472317425
2017-12-29,59.2843582458
2018-01-02,60.5184967752
2018-01-03,60.3356614375
2018-01-04,60.1071172654
2018-01-05,60.7927497817
2018-01-08,62.1640148144
2018-01-09,60.3356614375
2018-01-10,60.3356614375
2018-01-11,59.9783814290
2018-01-12,59.6657614215
2018-01-15,60.0677014311
2018-01-16,60.0677014311
2018-01-17,60.0677014311
2018-01-18,63.0599215024
2018-01-19,63.0599215024
2018-01-22,63.0599215024
2018-01-23,63.4172015109
2018-01-24,63.4172015109
2018-01-25,63.4172015109
2018-01-26,63.4172015109
2018-01-29,66.5880615865
2018-01-30,68.8657216407
2018-01-31,68.8657216407
2018-02-01,68.8657216407
2018-02-02,68.8657216407
2018-02-05,68.8657216407
2018-02-06,68.8657216407
2018-02-07,68.8657216407
2018-02-08,68.8657216407
2018-02-09,68.8657216407
2018-02-12,68.8657216407
2018-02-13,68.8657216407
2018-02-14,68.8657216407
2018-02-22,68.8657216407
2018-02-23,68.8657216407
2018-02-26,68.8657216407
2018-02-27,68.8657216407
2018-02-28,68.8657216407
2018-03-01,68.8657216407
2018-03-02,68.8657216407
2018-03-05,68.8657216407
2018-03-06,68.8657216407
2018-03-07,68.8657216407
2018-03-08,68.8657216407
2018-03-09,68.8657216407
2018-03-12,68.8657216407
2018-03-13,68.8657216407
2018-03-14,68.8657216407
2018-03-15,68.8657216407
2018-03-16,68.8657216407
2018-03-19,68.8657216407
2018-03-20,68.8657216407
2018-03-21,68.8657216407
2018-03-22,68.8657216407
2018-03-23,68.8657216407
2018-03-26,68.8657216407
2018-03-27,68.8657216407
2018-03-28,71.8327255209
2018-03-29,68.2410892449
2018-03-30,71.5204093230
2018-04-02,76.6215738890
2018-04-03,76.6215738890
2018-04-04,76.6215738890
2018-04-09,76.6215738890
2018-04-10,76.6215738890
2018-04-11,76.6215738890
2018-04-12,76.6801978935
2018-04-13,76.5629498845
2018-04-16,76.5043258800
2018-04-17,76.4457018755
2018-04-18,76.9733179160
2018-04-19,77.4423099521
2018-04-20,77.2078139341
2018-04-23,77.7940539791
2018-04-24,78.7320380512
2018-04-25,78.9665340692
2018-04-26,79.1424060827
2018-04-27,80.4907581864
2018-05-02,80.7252542044
2018-05-03,82.0149823035
2018-05-04,81.0769982314
2018-05-07,82.4839743396
2018-05-08,81.8391102900
2018-05-09,80.4321341819
2018-05-10,80.8507400847
2018-05-11,80.8507400847
2018-05-14,79.6547232195
2018-05-15,81.4487485173
2018-05-16,81.4487485173
2018-05-17,80.8507400847
2018-05-18,80.8507400847
2018-05-21,80.8507400847
2018-05-22,80.8507400847
2018-05-23,80.8507400847
2018-05-24,80.8507400847
2018-05-25,80.8507400847
2018-05-28,80.8507400847
2018-05-29,80.8507400847
2018-05-30,82.8241679122
2018-05-31,82.8241679122
2018-06-01,82.2859603229
2018-06-04,82.2859603229
2018-06-05,82.2859603229
2018-06-06,82.2859603229
2018-06-07,82.2859603229
2018-06-08,82.2859603229
2018-06-11,82.2859603229
2018-06-12,82.2859603229
2018-06-13,82.2859603229
2018-06-14,82.2859603229
2018-06-15,82.2859603229
2018-06-19,82.2859603229
2018-06-20,82.2859603229
2018-06-21,82.2859603229
2018-06-22,82.2859603229
2018-06-25,82.2859603229
2018-06-26,82.2859603229
2018-06-27,82.2859603229
2018-06-28,82.2859603229
2018-06-29,82.2859603229
2018-07-02,82.2859603229
2018-07-03,82.2859603229
2018-07-04,82.2859603229
2018-07-05,82.2859603229
2018-07-06,82.2859603229
2018-07-09,82.2859603229
2018-07-10,82.2859603229
2018-07-11,82.2859603229
2018-07-12,82.2859603229
2018-07-13,82.2859603229
2018-07-16,82.2859603229
2018-07-17,82.2859603229
2018-07-18,82.2859603229
2018-07-19,82.2859603229
2018-07-20,82.2859603229
2018-07-23,82.2859603229
2018-07-24,82.2859603229
2018-07-25,82.2859603229
2018-07-26,82.2859603229
2018-07-27,82.2859603229
2018-07-30,82.2859603229
2018-07-31,82.2859603229
2018-08-01,82.2859603229
2018-08-02,82.2859603229
2018-08-03,82.2859603229
2018-08-06,82.2859603229
2018-08-07,82.2859603229
2018-08-08,82.2859603229
2018-08-09,81.8420711236
2018-08-10,81.3426957743
2018-08-13,80.7878342752
2018-08-14,81.6756126738
2018-08-15,81.0097788748
2018-08-16,81.0097788748
2018-08-17,81.1762373246
2018-08-20,80.4549173757
2018-08-21,79.9555420265
2018-08-22,80.2329727760
2018-08-23,80.0110281764
2018-08-24,78.1799852292
2018-08-27,78.2354713791
2018-08-28,77.9580406296
2018-08-29,77.7915821798
2018-08-30,78.0135267795
2018-08-31,78.1244990793
2018-09-03,77.1257483808
2018-09-04,76.1269976824
2018-09-05,76.5708868817
2018-09-06,76.5708868817
2018-09-07,76.5708868817
2018-09-10,77.3591165996
2018-09-11,77.3591165996
2018-09-12,77.3591165996
2018-09-13,77.3591165996
2018-09-14,77.3591165996
2018-09-17,77.3591165996
2018-09-18,77.3591165996
2018-09-19,77.3591165996
2018-09-20,77.3591165996
2018-09-21,77.3591165996
2018-09-25,77.3591165996
2018-09-26,77.3591165996
2018-09-27,77.3591165996
2018-09-28,77.3591165996
2018-10-08,77.3591165996
2018-10-09,77.3591165996
2018-10-10,77.3591165996
2018-10-11,77.3591165996
2018-10-12,77.3591165996
2018-10-15,77.0804454303
2018-10-16,77.0804454303
2018-10-17,77.0804454303
2018-10-18,77.0804454303
2018-10-19,77.0804454303
2018-10-22,75.7985580515
2018-10-23,75.7985580515
2018-10-24,72.5102382537
2018-10-25,72.5102382537
2018-10-26,73.0675805923
2018-10-29,73.2347832939
2018-10-30,73.2347832939
2018-10-31,75.2412157129
2018-11-01,75.2412157129
2018-11-02,75.2412157129
2018-11-05,75.2412157129
2018-11-06,75.2412157129
2018-11-07,75.2412157129
2018-11-08,75.2412157129
2018-11-09,74.6103823494
2018-11-12,74.6103823494
2018-11-13,74.6103823494
2018-11-14,74.6103823494
2018-11-15,74.6103823494
2018-11-16,74.6103823494
2018-11-19,74.6103823494
2018-11-20,74.6103823494
2018-11-21,74.6103823494
2018-11-22,74.6103823494
2018-11-23,74.6103823494
2018-11-26,74.6103823494
2018-11-27,74.6103823494
2018-11-28,74.6103823494
2018-11-29,74.6103823494
2018-11-30,74.6103823494
2018-12-03,74.6103823494
2018-12-04,74.6103823494
2018-12-05,74.6103823494
2018-12-06,74.6103823494
2018-12-07,74.6103823494
2018-12-10,73.9857901075
2018-12-11,73.7586656559
2018-12-12,73.5315412043
2018-12-13,73.5883223172
2018-12-14,73.8722278817
2018-12-17,74.2696956720
2018-12-18,74.3264767849
2018-12-19,74.8375068010
2018-12-20,74.9510690268
2018-12-21,75.0078501397
2018-12-24,75.0078501397
2018-12-25,74.7239445752
2018-12-26,74.8942879139
2018-12-27,75.5188801558
2018-12-28,75.7460046074
2019-01-02,75.4053179300
2019-01-03,75.5756612687
2019-01-04,75.6324423816
2019-01-07,76.0299101719
2019-01-08,75.8595668332
2019-01-09,76.3138157364
2019-01-10,80.1266180366
2019-01-11,80.1266180366
2019-01-14,79.3178417911
2019-01-15,79.3178417911
2019-01-16,79.3178417911
2019-01-17,79.3178417911
2019-01-18,79.3178417911
2019-01-21,79.3178417911
2019-01-22,79.3178417911
2019-01-23,79.3178417911
2019-01-24,79.3178417911
2019-01-25,79.3178417911
2019-01-28,79.3178417911
2019-01-29,79.3178417911
2019-01-30,78.5668352774
2019-01-31,77.4114406410
2019-02-01,77.4114406410
2019-02-11,77.4114406410
2019-02-12,77.4114406410
2019-02-13,77.4114406410
2019-02-14,77.4114406410
2019-02-15,77.4114406410
2019-02-18,78.5454555771
2019-02-19,78.5454555771
2019-02-20,77.9486056108
2019-02-21,77.9486056108
2019-02-22,77.9486056108
2019-02-25,77.9486056108
2019-02-26,77.9486056108
2019-02-27,77.9486056108
2019-02-28,77.8292356175
2019-03-01,71.6219959670
2019-03-04,64.4597963703
2019-03-05,64.4597963703
2019-03-06,64.4597963703
2019-03-07,64.4597963703
2019-03-08,64.4597963703
2019-03-11,64.4597963703
2019-03-12,64.4597963703
2019-03-13,64.4597963703
2019-03-14,64.4597963703
2019-03-15,64.4597963703
2019-03-18,64.4597963703
2019-03-19,64.4597963703
2019-03-20,64.4597963703
2019-03-21,64.4597963703
2019-03-22,64.4597963703
2019-03-25,64.4597963703
2019-03-26,64.4597963703
2019-03-27,64.4597963703
2019-03-28,64.4597963703
2019-03-29,64.4597963703
2019-04-01,64.4597963703
2019-04-02,64.4597963703
2019-04-03,64.4597963703
2019-04-04,64.4597963703
2019-04-08,64.4597963703
2019-04-09,64.4597963703
2019-04-10,64.3185404250
2019-04-11,64.6481376307
2019-04-12,64.3185404250
2019-04-15,64.3656257401
2019-04-16,64.2243697948
2019-04-17,64.7893935760
2019-04-18,64.3185404250
2019-04-19,64.3656257401
2019-04-22,64.8835642062
2019-04-23,64.6481376307
2019-04-24,65.5427586176
2019-04-25,65.8252705082
2019-04-26,65.7781851931
2019-04-29,65.8252705082
2019-04-30,66.7198914950
2019-05-06,70.4396313879
2019-05-07,68.6974747292
2019-05-08,68.2737068933
2019-05-09,67.7557684272
2019-05-10,67.6145124819
2019-05-13,67.6145124819
2019-05-14,67.5172254136
2019-05-15,69.4629667800
2019-05-16,70.3871939290
2019-05-17,70.3871939290
2019-05-20,70.3871939290
2019-05-21,70.3871939290
2019-05-22,70.3871939290
2019-05-23,70.3871939290
2019-05-24,70.3871939290
2019-05-27,67.6145124819
2019-05-28,67.6145124819
2019-05-29,68.2468784260
2019-05-30,68.2468784260
2019-05-31,68.9765314384
2019-06-03,68.9765314384
2019-06-04,68.9765314384
2019-06-05,68.9765314384
2019-06-06,68.9765314384
2019-06-10,68.9765314384
2019-06-11,68.9765314384
2019-06-12,68.9765314384
2019-06-13,68.9765314384
2019-06-14,68.9765314384
2019-06-17,69.7216482904
2019-06-18,69.7216482904
2019-06-19,70.3070972455
2019-06-20,70.3070972455
2019-06-21,70.3070972455
2019-06-24,73.0746741242
2019-06-25,73.0746741242
2019-06-26,73.0746741242
2019-06-27,73.0746741242
2019-06-28,75.0439115186
2019-07-01,75.0439115186
2019-07-02,75.0439115186
2019-07-03,75.0439115186
2019-07-04,76.6405904871
2019-07-05,76.6405904871
2019-07-08,76.6405904871
2019-07-09,76.6405904871
2019-07-10,76.6405904871
2019-07-11,76.6405904871
2019-07-12,76.6405904871
2019-07-15,75.9897149840
2019-07-16,75.9897149840
2019-07-17,75.6642772325
2019-07-18,75.6642772325
2019-07-19,75.6642772325
2019-07-22,75.6642772325
2019-07-23,75.6642772325
2019-07-24,75.6642772325
2019-07-25,75.6642772325
2019-07-26,75.6642772325
2019-07-29,75.6642772325
2019-07-30,75.6642772325
2019-07-31,75.6642772325
2019-08-01,75.6642772325
2019-08-02,75.6642772325
2019-08-05,75.6642772325
2019-08-06,75.6642772325
2019-08-07,75.6642772325
2019-08-08,75.6642772325
2019-08-09,76.6791483131
2019-08-12,76.9046752199
2019-08-13,76.5663848597
2019-08-14,76.7919117665
2019-08-15,76.7355300398
2019-08-16,76.9610569466
2019-08-19,77.3557290335
2019-08-20,77.3557290335
2019-08-21,77.2429655801
2019-08-22,76.9046752199
2019-08-23,76.1717127728
2019-08-26,75.4387503257
2019-08-27,75.7770406859
2019-08-28,75.5515137791
2019-08-29,75.3823685990
2019-08-30,75.3823685990
2019-09-02,75.4951320524
2019-09-03,75.4951320524
2019-09-04,75.4951320524
2019-09-05,75.4387503257
2019-09-06,75.3823685990
2019-09-09,75.4951320524
2019-09-10,75.4387503257
2019-09-11,75.4387503257
2019-09-12,74.9969421247
2019-09-16,74.9969421247
2019-09-17,74.9969421247
2019-09-18,74.9969421247
2019-09-19,72.2908668934
2019-09-20,72.2908668934
2019-09-23,72.2908668934
2019-09-24,72.2908668934
2019-09-25,72.2908668934
2019-09-26,72.2908668934
2019-09-27,73.7819695718
2019-09-30,69.3638875615
2019-10-08,65.7189699031
2019-10-09,65.7189699031
2019-10-10,65.7189699031
2019-10-11,65.7189699031
2019-10-14,65.7189699031
2019-10-15,65.7189699031
2019-10-16,65.7189699031
2019-10-17,66.8073755560
2019-10-18,66.8073755560
2019-10-21,66.8073755560
2019-10-22,66.8073755560
2019-10-23,66.8073755560
2019-10-24,65.8226275843
2019-10-25,65.8226275843
2019-10-28,65.8226275843
2019-10-29,65.8226275843
2019-10-30,66.1854294686
2019-10-31,66.9628620779
2019-11-01,64.2677623658
2019-11-04,64.2677623658
2019-11-05,64.2677623658
2019-11-06,64.2677623658
2019-11-07,64.2677623658
2019-11-08,64.2677623658
2019-11-11,64.2677623658
2019-11-12,64.2677623658
2019-11-13,64.2677623658
2019-11-14,64.2677623658
2019-11-15,64.2677623658
2019-11-18,64.2677623658
2019-11-19,64.2677623658
2019-11-20,64.5225909239
2019-11-21,64.5225909239
2019-11-22,64.5225909239
2019-11-25,64.5225909239
2019-11-26,67.0708765054
2019-11-27,67.0708765054
2019-11-28,69.1095049706
2019-11-29,69.1095049706
2019-12-02,69.1095049706
2019-12-03,69.1095049706
2019-12-04,69.1095049706
2019-12-05,69.1095049706
2019-12-06,69.1095049706
2019-12-09,69.5220990302
2019-12-10,69.4189505153
2019-12-11,69.3158020004
2019-12-12,69.2126534855
2019-12-13,69.1095049706
2019-12-16,69.6252475450
2019-12-17,69.7799703174
2019-12-18,69.8315445748
2019-12-19,70.3472871492
2019-12-20,70.6567326939
2019-12-23,70.0378416046
2019-12-24,69.5220990302
2019-12-25,69.1610792281
2019-12-26,68.9547821983
2019-12-27,69.0579307132
2019-12-30,68.9547821983
2019-12-31,68.4906138814
2020-01-02,68.2327425941
2020-01-03,68.3874653665
2020-01-06,68.6453366537
2020-01-07,68.4390396239
2020-01-08,68.8516336834
2020-01-09,68.6969109111
2020-01-10,68.7501643304
2020-01-13,68.2708835566
2020-01-14,68.2708835566
2020-01-15,68.2708835566
2020-01-16,68.2708835566
2020-01-17,68.2708835566
2020-01-20,69.0164314270
2020-01-21,69.1229382656
2020-01-22,69.1229382656
2020-01-23,69.1229382656
2020-02-03,69.1229382656
2020-02-04,69.1229382656
2020-02-05,69.1229382656
2020-02-06,69.1229382656
2020-02-07,69.1229382656
2020-02-10,69.1229382656
2020-02-11,69.1229382656
2020-02-12,69.1229382656
2020-02-13,69.1229382656
2020-02-14,69.1229382656
2020-02-17,69.1229382656
2020-02-18,69.1229382656
2020-02-19,69.1229382656
2020-02-20,69.1229382656
2020-02-21,69.1229382656
2020-02-24,69.1229382656
2020-02-25,69.1229382656
2020-02-26,69.1229382656
2020-02-27,69.1229382656
2020-02-28,69.1229382656
2020-03-02,69.1229382656
2020-03-03,69.1229382656
2020-03-04,69.1229382656
2020-03-05,69.1229382656
2020-03-06,69.1229382656
2020-03-09,68.4572277847
2020-03-10,68.4572277847
2020-03-11,69.4557935060
2020-03-12,69.2338900124
2020-03-13,68.3462760379
2020-03-16,68.3462760379
2020-03-17,66.6265239623
2020-03-18,66.6265239623
2020-03-19,66.6265239623
2020-03-20,66.6265239623
2020-03-23,63.9636820387
2020-03-24,63.9636820387
2020-03-25,64.0746337855
2020-03-26,64.0746337855
2020-03-27,64.0746337855
2020-03-30,61.0234607481
2020-03-31,61.0234607481
2020-04-01,61.0234607481
2020-04-02,61.0234607481
2020-04-03,61.0234607481
2020-04-07,61.0234607481
2020-04-08,61.0234607481
2020-04-09,61.0234607481
2020-04-10,60.8559672603
2020-04-13,62.6983956268
2020-04-14,60.8559672603
2020-04-15,61.1909542360
2020-04-16,60.8001360976
2020-04-17,60.6884737724
2020-04-20,60.5768114471
2020-04-21,59.5718505199
2020-04-22,59.0135388937
2020-04-23,60.1859933088
2020-04-24,60.4093179593
2020-04-27,60.8001360976
2020-04-28,60.5209802845
2020-04-29,60.4651491219
2020-04-30,61.1909542360
2020-05-06,63.0892137652
2020-05-07,63.0892137652
2020-05-08,64.2058370177
2020-05-11,65.2666291076
2020-05-12,63.8150188793
2020-05-13,63.8150188793
2020-05-14,63.9268769317
2020-05-15,65.0454574554
2020-05-18,67.2826185029
2020-05-19,67.1148314244
2020-05-20,63.5913027746
2020-05-21,65.2132445340
2020-05-22,65.2132445340
2020-05-25,66.8351862934
2020-05-26,68.6249151314
2020-05-27,68.9604892885
2020-05-28,69.8553537075
2020-05-29,67.6181926600
2020-06-01,68.2334119481
2020-06-02,68.2334119481
2020-06-03,68.2334119481
2020-06-04,68.2334119481
2020-06-05,71.3654374146
2020-06-08,71.3654374146
2020-06-09,72.2197722599
2020-06-10,72.5045505417
2020-06-11,71.9349939781
2020-06-12,72.1058609472
2020-06-15,72.1058609472
2020-06-16,72.5045505417
2020-06-17,72.5045505417
2020-06-18,72.4475948853
2020-06-19,72.4475948853
2020-06-22,72.4475948853
2020-06-23,71.7071713527
2020-06-24,71.6502156963
2020-06-29,70.0554573184
2020-06-30,70.5111025692
2020-07-01,70.7958808510
2020-07-02,71.6502156963
2020-07-03,71.6502156963
2020-07-06,71.6502156963
2020-07-07,72.9032401362
2020-07-08,72.9032401362
2020-07-09,73.7373733185
2020-07-10,74.0710265915
2020-07-13,74.2934621068
2020-07-14,75.1275952891
2020-07-15,73.6261555609
2020-07-16,73.6261555609
2020-07-17,72.1803247115
2020-07-20,74.0710265915
2020-07-21,74.0710265915
2020-07-22,74.0710265915
2020-07-23,73.7373733185
2020-07-24,72.9032401362
2020-07-27,72.9032401362
2020-07-28,72.7920223785
2020-07-29,72.7920223785
2020-07-30,72.7364134997
2020-07-31,76.5178172596
2020-08-03,71.5130181656
2020-08-04,72.1803247115
2020-08-05,72.1803247115
2020-08-06,72.1803247115
2020-08-07,77.8524303514
2020-08-10,76.8482639508
2020-08-11,76.9664011744
2020-08-12,77.0845383980
2020-08-13,77.2026756216
2020-08-14,77.1436070098
2020-08-17,77.9114989632
2020-08-18,78.7975281402
2020-08-19,78.8565967520
2020-08-20,78.6793909166
2020-08-21,78.6203223048
2020-08-24,78.7975281402
2020-08-25,78.8565967520
2020-08-26,79.2700770346
2020-08-27,79.6835573172
2020-08-28,79.0338025874
2020-08-31,79.3291456464
2020-09-01,79.6244887054
2020-09-02,79.8016945408
2020-09-03,79.6835573172
2020-09-04,78.7384595284
2020-09-07,78.6793909166
2020-09-08,78.2068420222
2020-09-09,77.1460107061
2020-09-10,78.0300368028
2020-09-11,78.0889718760
2020-09-14,77.4406860717
2020-09-15,77.0281405599
2020-09-16,77.1460107061
2020-09-17,78.2068420222
2020-09-18,78.4425823146
2020-09-21,78.0889718760
2020-09-22,78.7372576802
2020-09-23,78.9140628995
2020-09-24,77.3817509986
2020-09-25,77.4996211448
2020-09-28,78.7372576802
2020-09-29,78.6193875340
2020-09-30,78.5604524609
2020-10-09,79.5034136307
2020-10-12,81.9197516284
2020-10-13,81.6840113359
2020-10-14,81.6840113359
2020-10-15,81.6840113359
2020-10-16,81.6840113359
2020-10-19,81.5663957688
2020-10-20,81.5663957688
2020-10-21,81.2723568511
2020-10-22,81.6252035524
2020-10-23,81.5075879853
2020-10-26,81.1547412840
2020-10-27,81.6840113359
2020-10-28,81.6840113359
2020-10-29,82.2720891713
2020-10-30,81.8016269030
2020-11-02,81.8016269030
2020-11-03,82.3308969548
2020-11-04,82.3308969548
2020-11-05,82.9189747902
2020-11-06,82.9189747902
2020-11-09,83.7273770514
2020-11-10,84.7667513872
2020-11-11,82.6302596969
2020-11-12,83.6118910141
2020-11-13,84.2470642193
2020-11-16,87.5384162827
2020-11-17,87.5384162827
2020-11-18,87.7693883573
2020-11-19,88.2890755252
2020-11-20,86.9032430775
2020-11-23,86.9032430775
2020-11-24,87.8271313760
2020-11-25,86.8455000588
2020-11-26,86.8455000588
2020-11-27,87.3651872267
2020-11-30,87.9426174133
2020-12-01,87.9426174133
2020-12-02,94.4675785215
2020-12-03,94.4675785215
2020-12-04,94.4675785215
2020-12-07,94.4675785215
2020-12-08,94.4675785215
2020-12-09,95.7255488125
2020-12-10,98.5410061305
2020-12-11,99.7390730743
2020-12-14,98.9603295608
2020-12-15,94.4076751743
2020-12-16,92.7303814529
2020-12-17,91.3526044675
2020-12-18,92.4308647169
2020-12-21,92.3110580225
2020-12-22,91.9516379394
2020-12-23,90.9332810371
2020-12-24,90.7535709956
2020-12-25,88.4173404551
2020-12-28,86.2608199562
2020-12-29,85.5419797899
2020-12-30,84.8830429708
2020-12-31,84.6434295820
2021-01-04,85.0627530123
2021-01-05,85.7815931786
2021-01-06,85.4221730955
2021-01-07,85.8414965258
2021-01-08,84.8830429708
2021-01-11,83.0985361108
2021-01-12,82.9200854248
2021-01-13,83.6933717308
2021-01-14,83.3364703588
2021-01-15,83.5149210448
2021-01-18,84.2882073508
2021-01-19,85.6563292767
2021-01-20,85.7158128387
2021-01-21,86.9649676407
2021-01-22,87.6787703847
2021-01-25,86.3701320207
2021-01-26,87.3218690127
2021-01-27,86.9649676407
2021-01-28,87.6787703847
2021-01-29,88.3925731286
2021-02-01,87.4408361367
2021-02-02,86.7270333927
2021-02-03,88.3330895666
2021-02-04,89.6417279306
2021-02-05,89.8201786166
2021-02-08,90.9503662945
2021-02-09,91.1288169805
2021-02-10,91.1288169805
2021-02-18,94.5743654713
2021-02-19,95.8218916490
2021-02-22,100.8714023683
2021-02-23,104.3763568675
2021-02-24,103.4258607321
2021-02-25,103.1288306898
2021-02-26,101.8813045121
2021-03-01,98.9704100975
2021-03-02,99.6832821990
2021-03-03,101.5842744698
2021-03-04,100.3367482921
2021-03-05,100.9902143852
2021-03-08,103.8054813343
2021-03-09,105.3628630508
2021-03-10,103.1465890696
2021-03-11,103.2663876632
2021-03-12,105.0633665668
2021-03-15,107.5192377351
2021-03-16,109.1365187484
2021-03-17,108.5974250773
2021-03-18,108.2979285934
2021-03-19,106.7405468769
2021-03-22,106.2613525026
2021-03-23,104.1648771150
2021-03-24,103.0267904760
2021-03-25,104.2247764118
2021-03-26,105.2430644572
2021-03-29,107.0999426576
2021-03-30,105.4227623475
2021-03-31,104.4643735989
2021-04-01,105.1232658636
2021-04-02,105.1232658636
2021-04-06,105.1232658636
2021-04-07,105.1232658636
2021-04-08,105.1232658636
2021-04-09,104.5841721925
2021-04-12,103.1523295612
2021-04-13,103.0926694516
2021-04-14,103.6296104383
2021-04-15,104.8228126310
2021-04-16,105.6580541660
2021-04-19,107.0302366876
2021-04-20,106.7319361394
2021-04-21,105.2404333985
2021-04-22,106.1353350430
2021-04-23,107.9847984418
2021-04-26,108.1637787707
2021-04-27,107.9847984418
2021-04-28,108.7007197574
2021-04-29,108.5813995381
2021-04-30,108.5813995381
2021-05-06,110.5501831561
2021-05-07,112.6979471030
2021-05-10,113.3542083090
2021-05-11,113.0559077609
2021-05-12,112.9962476512
2021-05-13,112.5189667741
2021-05-14,112.1587139456
2021-05-17,110.9578711839
2021-05-18,110.7777447696
2021-05-19,111.3181240124
2021-05-20,109.7570284222
2021-05-21,106.7549215178
2021-05-24,108.3160171081
2021-05-25,107.2953007606
2021-05-26,106.0944579989
2021-05-27,106.7549215178
2021-05-28,106.7549215178
2021-05-31,110.8978290458
2021-06-01,107.2953007606
2021-06-02,108.9164384889
2021-06-03,111.3781661505
2021-06-04,111.3781661505
2021-06-07,111.3781661505
2021-06-08,111.3781661505
2021-06-09,111.3781661505
2021-06-10,112.3188601214
2021-06-11,113.2595540922
2021-06-15,113.8866834061
2021-06-16,113.5731187492
2021-06-17,113.4476928864
2021-06-18,111.1273144249
2021-06-21,109.5594911402
2021-06-22,108.8069359635
2021-06-23,108.8069359635
2021-06-24,108.8069359635
2021-06-25,108.7442230321
2021-06-28,112.8832765039
2021-06-29,113.3849799550
2021-06-30,113.3222670236
2021-07-01,113.3222670236
2021-07-02,113.3222670236
2021-07-05,113.3222670236
2021-07-06,113.3222670236
2021-07-07,116.6460523873
2021-07-08,116.6460523873
2021-07-09,117.1720774263
2021-07-12,117.1720774263
2021-07-13,117.1720774263
2021-07-14,117.8953618548
2021-07-15,116.3172867380
2021-07-16,120.6569933093
2021-07-19,123.5501310236
2021-07-20,123.4843778937
2021-07-21,121.3145246080
2021-07-22,121.5117839976
2021-07-23,121.5117839976
2021-07-26,122.8268465950
2021-07-27,125.3254655300
2021-07-28,122.3008215561
2021-07-29,122.3008215561
2021-07-30,122.3008215561
2021-08-02,122.3008215561
2021-08-03,122.3008215561
2021-08-04,122.3008215561
2021-08-05,126.8377875170
2021-08-06,126.8377875170
2021-08-09,127.0470907967
2021-08-10,127.7447683958
2021-08-11,128.7912847945
2021-08-12,130.0471044729
2021-08-13,130.6750143121
2021-08-16,130.5354787923
2021-08-17,130.8843175918
2021-08-18,130.7447820720
2021-08-19,129.9773367130
2021-08-20,129.7680334332
2021-08-23,130.3959432724
2021-08-24,130.6750143121
2021-08-25,131.9308339905
2021-08-26,132.0006017504
2021-08-27,130.5354787923
2021-08-30,132.0703695103
2021-08-31,133.5354924684
2021-09-01,132.7680471094
2021-09-02,134.1634023076
2021-09-03,136.0471318252
2021-09-06,135.9773640653
2021-09-07,138.2797001423
2021-09-08,144.9774050937
2021-09-09,146.0491946829
2021-09-10,145.9777420436
2021-09-13,145.6919314865
2021-09-14,143.1910891118
2021-09-15,144.6915945366
2021-09-16,148.5500370576
2021-09-17,147.6211527470
2021-09-22,148.6214896968
2021-09-23,152.6942901357
2021-09-24,155.0522272318
2021-09-27,164.6983335342
2021-09-28,170.1287341193
2021-09-29,174.2729871974
2021-09-30,177.7027138827
2021-10-08,182.4900407143
2021-10-11,193.8510103594
2021-10-12,199.4243162230
2021-10-13,192.5648628524
2021-10-14,192.5648628524
2021-10-15,192.5648628524
2021-10-18,194.8451327678
2021-10-19,198.6980026248
2021-10-20,193.9802027999
2021-10-21,181.0062532814
2021-10-22,173.0646235762
2021-10-25,171.8851736200
2021-10-26,165.2016238681
2021-10-27,162.2136839790
2021-10-28,156.3950641950
2021-10-29,153.6430142971
2021-11-01,153.2498643117
2021-11-02,147.6356825201
2021-11-03,146.8179305504
2021-11-04,144.8207286246
2021-11-05,142.3202947174
2021-11-08,142.7789169123
2021-11-09,147.3160007697
2021-11-10,148.5280737136
2021-11-11,155.1125780842
2021-11-12,154.8341288944
2021-11-15,150.0022164831
2021-11-16,147.5289325031
2021-11-17,147.9875546981
2021-11-18,150.3134244011
2021-11-19,157.6841382488
2021-11-22,155.9479256536
2021-11-23,157.0125843205
2021-11-24,158.2574159926
2021-11-25,158.5850032747
2021-11-26,154.0806781455
2021-11-29,153.9168845045
2021-11-30,153.7039527711
2021-12-01,149.7729053856
2021-12-02,148.6918673546
2021-12-03,144.1875422255
2021-12-06,147.6927261442
2021-12-07,147.9056578775
2021-12-08,146.2349627387
2021-12-09,143.1367643756
2021-12-10,143.0851277362
2021-12-13,141.8458483910
2021-12-14,144.5481658521
2021-12-15,143.3949475725
2021-12-16,142.0696071617
2021-12-17,144.4448925734
2021-12-20,145.9423551155
2021-12-21,146.5619947882
2021-12-22,145.6325352792
2021-12-23,146.0456283943
2021-12-24,146.8373901982
2021-12-27,145.4776253611
2021-12-28,144.7547124097
2021-12-29,145.9595673287
2021-12-30,144.9612589672
2021-12-31,142.7236712605
2022-01-04,145.6497474924
2022-01-05,144.8579856884
2022-01-06,143.4465842119
2022-01-07,146.0112039681
2022-01-10,145.3399276560
2022-01-11,142.5515491292
2022-01-12,144.6217640506
2022-01-13,147.3130434485
2022-01-14,149.6247834440
2022-01-17,149.1244815047
2022-01-18,148.6759349384
2022-01-19,151.8675162755
2022-01-20,153.1786523924
2022-01-21,153.2304077655
2022-01-24,151.8675162755
2022-01-25,151.2982071722
2022-01-26,152.3850700059
2022-01-27,153.6271989587
2022-01-28,152.8336165722
2022-02-07,160.5451671544
2022-02-08,160.2001313342
2022-02-09,158.4749522330
2022-02-10,160.7521886465
2022-02-11,163.0294250601
2022-02-14,156.9010229220
2022-02-15,152.3917724851
2022-02-16,152.2350803850
2022-02-17,148.9097258158
2022-02-18,149.0490076825
2022-02-21,148.5615211488
2022-02-22,150.5985184504
2022-02-23,149.7802374831
2022-02-24,149.8324681831
2022-02-25,149.4842635162
2022-02-28,149.5713146829
2022-03-01,151.3819789510
2022-03-02,154.3939493200
2022-03-03,157.5626117892
2022-03-04,156.7791512885
2022-03-07,160.9053765918
2022-03-08,157.9804573895
2022-03-09,158.3595140001
2022-03-10,157.6358604708
2022-03-11,159.0142481457
2022-03-14,157.6186306248
2022-03-15,154.8273955831
2022-03-16,152.5875156114
2022-03-17,157.2568038602
2022-03-18,157.9632275435
2022-03-21,156.4814607930
2022-03-22,156.3608518715
2022-03-23,156.2402429499
2022-03-24,157.8253887761
2022-03-25,157.7392395464
2022-03-28,159.9446598262
2022-03-29,161.3402773470
2022-03-30,163.0804917866
2022-03-31,160.0652687478
2022-04-01,161.5470354983
2022-04-06,162.0122413386
2022-04-07,160.9267610446
2022-04-08,160.9267610446
2022-04-11,160.2375672071
2022-04-12,155.7578072637
2022-04-13,156.0137633449
2022-04-14,156.4232930748
2022-04-15,155.2288313626
2022-04-18,155.5359786600
2022-04-19,156.2355919486
2022-04-20,156.6792491559
2022-04-21,155.8772534349
2022-04-22,153.8978597405
2022-04-25,151.5771912712
2022-04-26,150.6557493790
2022-04-27,150.9628966764
2022-04-28,151.4577451000
2022-04-29,149.8878811354
2022-05-05,151.0994065863
2022-05-06,151.9355297848
2022-05-09,151.8331473524
2022-05-10,150.7240043340
2022-05-11,150.6557493790
2022-05-12,151.3212351900
2022-05-13,151.2013157237
2022-05-16,152.2805909209
2022-05-17,152.0064892835
2022-05-18,151.1670530190
2022-05-19,149.9849897078
2022-05-20,149.2654729096
2022-05-23,149.2140788526
2022-05-24,148.9399772152
2022-05-25,147.8264393133
2022-05-26,144.3145120843
2022-05-27,144.3659061413
2022-05-30,145.2909991675
2022-05-31,147.0041344012
2022-06-01,147.6722571423
2022-06-02,147.4838122666
2022-06-06,150.7216378582
2022-06-07,145.1368169965
2022-06-08,152.1264087498
2022-06-09,148.9228458629
2022-06-10,146.7071317450
2022-06-13,143.6017748374
2022-06-14,141.7721321188
2022-06-15,139.3382037317
2022-06-16,139.3382037317
2022-06-17,136.8035610666
2022-06-20,135.6957040076
2022-06-21,133.3457041856
2022-06-22,129.2164187841
2022-06-23,128.7967759587
2022-06-24,126.7489189710
2022-06-27,126.3796332847
2022-06-28,125.5403476340
2022-06-29,125.4060619298
2022-06-30,125.3892762168
2022-07-01,124.0464191757
2022-07-04,122.5524907174
2022-07-05,119.1953481146
2022-07-06,114.1428484973
2022-07-07,117.3657053960
2022-07-08,114.9485627219
2022-07-11,112.4999542853
2022-07-12,110.2213881011
2022-07-13,107.8748050160
2022-07-14,108.2148895211
2022-07-15,104.8990655964
2022-07-18,108.1468726200
2022-07-19,110.0003331728
2022-07-20,110.6805021830
2022-07-21,110.6294895072
2022-07-22,111.3436669679
2022-07-25,112.6359880873
2022-07-26,113.3671697732
2022-07-27,114.9655669472
2022-07-28,115.1696176503
2022-07-29,117.1931204556
2022-08-01,119.9478049468
2022-08-02,117.2441331313
2022-08-03,118.3153993224
2022-08-04,115.2376345513
2022-08-05,113.1631190702
2022-08-08,115.6385085805
2022-08-09,116.3776873926
2022-08-10,115.0712318177
2022-08-11,114.9852807930
2022-08-12,114.3836236204
2022-08-15,112.8708855863
2022-08-16,111.3925279622
2022-08-17,111.9769949299
2022-08-18,111.2893867326
2022-08-19,110.7393001747
2022-08-22,113.3522113244
2022-08-23,113.1631190702
2022-08-24,114.5211452599
2022-08-25,114.7961885388
2022-08-26,115.6041281706
2022-08-29,115.7588400150
2022-08-30,115.2947044818
2022-08-31,115.7244596051
2022-09-01,116.0338832939
2022-09-02,116.1026441136
2022-09-05,116.6527306715
2022-09-06,116.3604971876
2022-09-07,115.9135518594
2022-09-08,115.7072694002
2022-09-09,115.6556987854
2022-09-13,117.1256052442
2022-09-14,114.1684993094
2022-09-15,113.0963322453
2022-09-16,111.8858210439
2022-09-19,111.0903422544
2022-09-20,109.6723148470
2022-09-21,108.8422500232
2022-09-22,109.6896078642
2022-09-23,109.7414869157
2022-09-26,108.4618036456
2022-09-27,107.9084270964
2022-09-28,107.9775991651
2022-09-29,108.5828547658
2022-09-30,108.8422500232
2022-10-10,108.7211989031
2022-10-11,109.7587799329
2022-10-12,109.7587799329
2022-10-13,107.7873759763
2022-10-14,107.7354969248
2022-10-17,106.0608518949
2022-10-18,104.8920892177
2022-10-19,105.1363082846
2022-10-20,105.3979715705
2022-10-21,104.9967545321
2022-10-24,104.7002028081
2022-10-25,104.5257606174
2022-10-26,103.6361054453
2022-10-27,102.5545638635
2022-10-28,100.4263691380
2022-10-31,98.4551723840
2022-11-01,98.8040567652
2022-11-02,98.8040567652
2022-11-03,103.1825557497
2022-11-04,104.4908721793
2022-11-07,103.0778904353
2022-11-08,103.0778904353
2022-11-09,103.3576607910
2022-11-10,102.9554909047
2022-11-11,103.3401751438
2022-11-14,104.0745723276
2022-11-15,103.6199454995
2022-11-16,103.8472589136
2022-11-17,103.0079478464
2022-11-18,101.5041821844
2022-11-21,102.6407492545
2022-11-22,102.2560650154
2022-11-23,101.8014381874
2022-11-24,103.2527469077
2022-11-25,105.7357088147
2022-11-28,105.5958236368
2022-11-29,103.6199454995
2022-11-30,103.3226894966
2022-12-01,103.3226894966
2022-12-02,106.4351347040
2022-12-05,108.0787855438
2022-12-06,108.0787855438
2022-12-07,105.8231370508
2022-12-08,105.7531944619
2022-12-09,107.3739998483
2022-12-12,109.1342293541
2022-12-13,108.4719647875
2022-12-14,109.4653616373
2022-12-15,110.8596028299
2022-12-16,111.4870113666
2022-12-19,109.8139219355
2022-12-20,109.6570698013
2022-12-21,109.5176456820
2022-12-22,109.8139219355
2022-12-23,108.6288169217
2022-12-26,108.5765328770
2022-12-27,110.4587584871
2022-12-28,110.1799102485
2022-12-29,107.9839803701
2022-12-30,107.3914278633
2023-01-03,107.6877041167
2023-01-04,107.8097002210
2023-01-05,107.2171477142
2023-01-06,108.0536924298
2023-01-09,109.7964939206
2023-01-10,110.1799102485
2023-01-11,110.5100503360
2023-01-12,110.8749420117
2023-01-13,111.6221011570
2023-01-16,112.4908908609
2023-01-17,111.9348654504
2023-01-18,113.3075531826
2023-01-19,114.1589670924
2023-01-20,114.5933619443
2023-01-30,113.0469162714
2023-01-31,110.9444451880
2023-02-01,109.7107638084
2023-02-02,108.3207002822
2023-02-03,106.9480125500
2023-02-06,107.2086494612
2023-02-07,106.3746113455
2023-02-08,106.9653883441
2023-02-09,108.2816722680
2023-02-10,107.7274474580
2023-02-13,107.2425007491
2023-02-14,107.7101279326
2023-02-15,108.6973408756
2023-02-16,109.4767195148
2023-02-17,109.5113585654
2023-02-20,109.7018733438
2023-02-21,112.0746483120
2023-02-22,111.6416601791
2023-02-23,111.7975359069
2023-02-24,112.1958849892
2023-02-27,110.8622815399
2023-02-28,109.5633171413
2023-03-01,109.5633171413
2023-03-02,109.5633171413
2023-03-03,109.8923881223
2023-03-06,108.7492994515
2023-03-07,108.7492994515
2023-03-08,108.7492994515
2023-03-09,106.8812752734
2023-03-10,105.9893358009
2023-03-13,107.2346852530
2023-03-14,106.9149333667
2023-03-15,105.9220196143
2023-03-16,103.9193630630
2023-03-17,103.0442526372
2023-03-20,102.8086459841
2023-03-21,102.8591331241
2023-03-22,102.7413297975
2023-03-23,101.2772027390
2023-03-24,102.0681679315
2023-03-27,102.8927912174
2023-03-28,103.7847306898
2023-03-29,104.6598411156
2023-03-30,104.2559439960
2023-03-31,104.5420377891
2023-04-03,105.2151996551
2023-04-04,105.1815415618
2023-04-06,104.8281315821
2023-04-07,104.8281315821
2023-04-10,104.8281315821
2023-04-11,103.9193630630
2023-04-12,103.8516741765
2023-04-13,102.2948297860
2023-04-14,101.6856298071
2023-04-17,102.3455964509
2023-04-18,103.7162964034
2023-04-19,105.0531519126
2023-04-20,104.3424186039
2023-04-21,105.0531519126
2023-04-24,104.3254963823
2023-04-25,103.2424741976
2023-04-26,102.1425297913
2023-04-27,101.3302631528
2023-04-28,100.6702965090
2023-05-04,100.2303187465
2023-05-05,98.5550188046
2023-05-08,99.4180521080
2023-05-09,99.7903409840
2023-05-10,99.0965298969
2023-05-11,98.1150410421
2023-05-12,97.4253930594
2023-05-15,97.6272412495
2023-05-16,97.7954480745
2023-05-17,97.4926757894
2023-05-18,98.1318617246
2023-05-19,96.8030278068
2023-05-22,95.0704975090
2023-05-23,95.0368561440
2023-05-24,93.8594083687
2023-05-25,94.1117186063
2023-05-26,94.8350079539
2023-05-29,95.4741938890
2023-05-30,95.3228077465
2023-05-31,93.9771531462
2023-06-01,95.2387043340
2023-06-02,96.7862071243
2023-06-05,96.2984073317
2023-06-06,95.0536768265
2023-06-07,93.5398154012
2023-06-08,93.5398154012
2023-06-09,93.5731629289
2023-06-12,93.8232693872
2023-06-13,93.2396876512
2023-06-14,94.7069788732
2023-06-15,94.4068511232
2023-06-16,95.3739294286
2023-06-19,95.6573834147
2023-06-20,96.2242913868
2023-06-21,95.6573834147
2023-06-26,94.5735887621
2023-06-27,94.4568724149
2023-06-28,94.5902625260
2023-06-29,95.2405393175
2023-06-30,95.7574259980
2023-07-03,96.1075750396
2023-07-04,95.8908161091
2023-07-05,95.6240358869
2023-07-06,95.5573408314
2023-07-07,96.0075324563
2023-07-10,96.2556139355
2023-07-11,96.8179319551
2023-07-12,96.9998583732
2023-07-13,97.6779477497
2023-07-14,99.4475956348
2023-07-17,97.8433354025
2023-07-18,97.0990909649
2023-07-19,98.8191225541
2023-07-20,99.2325916861
2023-07-21,98.5048860137
2023-07-24,98.3560371262
2023-07-25,98.4718084832
2023-07-26,99.6129832876
2023-07-27,100.2910726641
2023-07-28,102.3914958548
2023-07-31,103.3672830064
2023-08-01,102.6395773340
2023-08-02,103.2680504147
2023-08-03,101.9284104269
2023-08-04,101.9284104269
2023-08-07,100.8864682142
2023-08-08,100.9691620406
2023-08-09,101.6761599184
2023-08-10,101.6926017295
2023-08-11,101.0678129073
2023-08-14,100.0155369961
2023-08-15,99.5716080961
2023-08-16,99.8511188850
2023-08-17,99.7689098294
2023-08-18,101.5117418073
2023-08-21,102.2022978740
2023-08-22,101.6103926740
2023-08-23,103.2874574074
2023-08-24,103.2545737852
2023-08-25,102.9257375630
2023-08-28,102.6791103963
2023-08-29,100.8540693628
2023-08-30,101.1006965295
2023-08-31,101.6761599184
2023-09-01,102.5804595296
2023-09-04,105.1453820631
2023-09-05,105.2604747409
2023-09-06,105.2933583631
2023-09-07,106.3949597077
2023-09-08,105.2769165520
2023-09-11,105.1129593545
2023-09-12,105.3752908706
2023-09-13,104.8506278384
2023-09-14,103.3094301813
2023-09-15,104.2111947679
2023-09-18,103.3422216208
2023-09-19,103.8832803728
2023-09-20,104.4571305642
2023-09-21,102.8995371874
2023-09-22,101.3419438106
2023-09-25,100.8500722180
2023-09-26,100.1450562685
2023-09-27,98.8497944078
2023-09-28,98.7514200892
2023-10-09,97.5545325470
2023-10-10,95.9477520110
2023-10-11,95.0459874244
2023-10-12,95.3247146603
2023-10-13,95.4558804183
2023-10-16,95.7651678890
2023-10-17,95.2117060994
2023-10-18,95.0489232201
2023-10-19,94.7721923253
2023-10-20,96.0093422079
2023-10-23,95.9767856320
2023-10-24,95.9767856320
2023-10-25,96.5628039975
2023-10-26,97.0023177716
2023-10-27,97.5232229853
2023-10-30,98.2069110784
2023-10-31,97.2790486664
2023-11-01,97.6371710008
2023-11-02,97.6208927129
2023-11-03,98.1092413508
2023-11-06,99.1184952024
2023-11-07,98.7278162921
2023-11-08,97.5395012733
2023-11-09,98.3629600657
2023-11-10,98.1207663032
2023-11-13,96.9905287450
2023-11-14,97.1196987517
2023-11-15,97.3134537616
2023-11-16,97.9915962966
2023-11-17,97.6363787783
2023-11-20,97.0712599992
2023-11-21,95.4566349160
2023-11-22,94.6170298728
2023-11-23,93.3899148096
2023-11-24,93.8743023345
2023-11-27,94.3425436086
2023-11-28,94.1003498462
2023-11-29,93.9550335887
2023-11-30,94.1326423478
2023-12-01,92.8570885321
2023-12-04,92.5664560172
2023-12-05,90.9841234357
2023-12-06,91.1617321948
2023-12-07,92.1143609939
2023-12-08,93.2284523013
2023-12-11,93.8401030588
2023-12-12,93.8561991313
2023-12-13,94.1459284375
2023-12-14,93.7757187685
2023-12-15,94.5000420340
2023-12-18,94.5966184693
2023-12-19,94.1137362924
2023-12-20,94.3873695260
2023-12-21,94.8541556304
2023-12-22,95.1277888640
2023-12-25,95.0151163561
2023-12-26,94.2425048729
2023-12-27,93.3250287366
2023-12-28,91.9890547137
2023-12-29,90.6530806907
2024-01-02,89.4780673934
2024-01-03,89.4780673934
2024-01-04,90.9106178518
2024-01-05,89.9770456430
2024-01-08,89.6873163368
2024-01-09,89.0595695067
2024-01-10,88.7727945065
2024-01-11,88.8046583954
2024-01-12,89.3304125625
2024-01-15,89.6649833960
2024-01-16,89.9995542296
2024-01-17,90.0314181185
2024-01-18,89.3463445069
2024-01-19,89.4738000626
2024-01-22,89.5693917293
2024-01-23,89.4100722847
2024-01-24,89.7446431183
2024-01-25,90.1748056186
2024-01-26,89.6331195071
2024-01-29,89.8243028406
2024-01-30,89.5375278404
2024-01-31,87.9443333948
2024-02-01,87.8328097836
2024-02-02,88.0399250615
2024-02-05,87.7850139503
2024-02-06,87.3867153389
2024-02-07,89.1870250623
2024-02-08,89.2029570068
2024-02-19,88.0471501446
2024-02-20,88.0946490568
2024-02-21,88.1738139103
2024-02-22,88.2371457932
2024-02-23,88.4429744125
2024-02-26,88.1738139103
2024-02-27,87.9838182618
2024-02-28,88.1104820275
2024-02-29,88.3479765882
2024-03-01,88.8704646218
2024-03-04,89.1871240361
2024-03-05,88.7121349146
2024-03-06,88.6646360025
2024-03-07,88.9021305632
2024-03-08,86.5271849560
2024-03-11,86.2314666206
2024-03-12,86.6750441237
2024-03-13,86.7046159573
2024-03-14,86.1575370367
2024-03-15,86.7637596244
2024-03-18,86.7637596244
2024-03-19,87.1481934605
2024-03-20,88.0797062172
2024-03-21,88.1979935514
2024-03-22,87.4882695463
2024-03-25,86.6011145399
2024-03-26,86.2462525373
2024-03-27,85.5513144490
2024-03-28,85.3886693645
2024-03-29,84.9598777781
2024-04-01,85.1077369458
2024-04-02,85.0633791955
2024-04-03,84.8563763607
2024-04-08,84.8711622774
2024-04-09,85.0485932787
2024-04-10,85.1373087793
2024-04-11,85.2840719388
2024-04-12,85.5922745735
2024-04-15,85.5188929938
2024-04-16,85.0052219359
2024-04-17,84.7557245649
2024-04-18,85.0052219359
2024-04-19,84.6676666692
2024-04-22,84.7263719330
2024-04-23,84.4328456141
2024-04-24,84.5209035098
2024-04-25,84.4621982460
2024-04-26,84.7263719330
2024-04-29,84.9905456199
2024-04-30,84.4768745620
2024-05-06,84.2127008750
2024-05-07,85.2840719388
2024-05-08,85.9591824721
2024-05-09,85.6363035214
2024-05-10,85.2987482547
2024-05-13,85.7515327061
2024-05-14,85.8829862565
2024-05-15,86.1312874072
2024-05-16,86.3649826079
2024-05-17,88.1761204133
2024-05-20,90.4108307700
2024-05-21,90.0164701188
2024-05-22,90.3670129198
2024-05-23,90.5861021705
2024-05-24,93.4050505289
2024-05-27,92.3096042756
2024-05-28,92.5286935263
2024-05-29,90.9804628217
2024-05-30,92.6747530267
2024-05-31,93.0106898777
2024-06-03,91.0096747218
2024-06-04,89.7535630180
2024-06-05,89.6367154177
2024-06-06,88.6142989146
2024-06-07,89.2861726166
2024-06-11,89.2131428664
2024-06-12,88.5900853476
2024-06-13,88.4162088307
2024-06-14,88.4741676697
2024-06-17,87.8800895704
2024-06-18,87.5613159561
2024-06-19,87.6047850853
2024-06-20,87.6337645048
2024-06-21,87.3729497295
2024-06-24,86.3586700477
2024-06-25,86.0109170140
2024-06-26,86.2282626601
2024-06-27,86.1847935308
2024-06-28,86.0109170140
2024-07-01,86.3152009185
2024-07-02,86.7933613399
2024-07-03,86.8802995983
2024-07-04,87.0107069860
2024-07-05,85.8370404971
2024-07-08,84.8330985030
2024-07-09,84.8904666169
2024-07-10,84.0586289646
2024-07-11,83.8721825943
2024-07-12,84.1590231641
2024-07-15,83.5853420246
2024-07-16,82.7391623438
2024-07-17,83.5279739106
2024-07-18,83.3128434833
2024-07-19,83.1120550845
2024-07-22,83.0403449420
2024-07-23,82.2515333752
2024-07-24,81.6635102072
2024-07-25,81.6348261503
2024-07-26,81.5344319509
2024-07-29,81.2332493526
2024-07-30,80.0715450451
2024-07-31,80.6022000992
2024-08-01,81.2189073241
2024-08-02,80.8890406689
2024-08-05,80.7743044410
2024-08-06,81.0754870393
2024-08-07,80.4014117004
2024-08-08,79.6986523045
2024-08-09,79.2862217340
2024-08-12,78.1769257169
2024-08-13,77.4231732951
2024-08-14,76.9111905180
2024-08-15,76.1858815837
2024-08-16,76.3423207656
2024-08-19,76.6125338980
2024-08-20,76.9396340056
2024-08-21,77.7360516589
2024-08-22,78.7173519817
2024-08-23,76.8400817989
2024-08-26,77.2240688817
2024-08-27,77.8356038655
2024-08-28,77.7502734027
2024-08-29,77.3520645760
2024-08-30,76.9965209808
2024-09-02,75.7165640380
2024-09-03,74.8917028971
2024-09-04,73.9246243181
2024-09-05,73.3130893343
2024-09-06,73.4126415410
2024-09-09,73.6662257950
2024-09-10,73.6803138091
2024-09-11,73.0886172164
2024-09-12,73.8493699785
2024-09-13,73.9198100490
2024-09-18,71.9756641015
2024-09-19,71.7220798475
2024-09-20,72.1728962991
2024-09-23,71.7925199180
2024-09-24,72.7364168636
2024-09-25,75.0186751498
2024-09-26,75.1595552910
2024-09-27,76.0893642224
2024-09-30,78.1603022970
2024-10-08,78.1603022970
2024-10-09,76.8642049986
2024-10-10,77.1741413091
2024-10-11,76.7374128716
2024-10-14,77.3854615208
2024-10-15,77.5686057042
2024-10-16,78.3970900881
2024-10-17,76.4873633727
2024-10-18,75.0831525526
2024-10-21,74.2827523851
2024-10-22,74.2265839523
2024-10-23,74.3950892507
2024-10-24,74.4372155753
2024-10-25,75.3780368248
2024-10-28,76.6979949957
2024-10-29,75.9678053693
2024-10-30,75.5184579068
2024-10-31,75.4342052576
2024-11-01,75.0971946608
2024-11-04,75.1533630936
2024-11-05,75.2656999592
2024-11-06,74.7601840640
2024-11-07,75.4622894740
2024-11-08,75.1533630936
2024-11-11,73.5952037699
2024-11-12,73.5256430858
2024-11-13,73.8456222326
2024-11-14,73.4699945385
2024-11-15,73.2334882126
2024-11-18,72.7743876976
2024-11-19,72.7604755608
2024-11-20,72.6770027399
2024-11-21,72.9413333394
2024-11-22,72.6909148767
2024-11-25,72.5100570981
2024-11-26,72.3013750458
2024-11-27,72.0509565831
2024-11-28,71.8700988044
2024-11-29,71.6614167521
2024-12-02,71.3136133317
2024-12-03,70.5623579435
2024-12-04,69.1433199880
2024-12-05,69.4354748612
2024-12-06,69.0876714407
2024-12-09,68.2881732477
2024-12-10,69.6390495049
2024-12-11,69.3220071180
2024-12-12,69.7079717629
2024-12-13,69.3082226664
2024-12-16,68.9222580215
2024-12-17,69.6252650533
2024-12-18,69.4184982792
2024-12-19,68.8257668602
2024-12-20,68.5225089249
2024-12-23,69.0463180859
2024-12-24,69.2806537632
2024-12-25,68.7844135054
2024-12-26,68.8395513118
2024-12-27,68.5500778282
2024-12-30,68.6190000862
2024-12-31,67.9022086027
2025-01-02,67.2681238290
2025-01-03,66.2067210554
2025-01-06,66.0275231846
2025-01-07,65.8345408621
2025-01-08,64.8971981530
2025-01-09,65.4485762172
2025-01-10,65.6258327778
2025-01-13,66.3621292602
2025-01-14,66.8666287019
2025-01-15,66.5939263010
2025-01-16,67.1256959828
2025-01-17,67.5756549442
2025-01-20,67.1666013429
2025-01-21,67.4802091039
2025-01-22,67.2075067030
2025-01-23,66.1030619794
2025-01-24,65.6531030179
2025-01-27,66.2257780598
2025-02-05,66.1439673395
2025-02-06,65.7212786181
2025-02-07,65.9394405388
2025-02-10,66.2803185399
2025-02-11,66.7302775014
2025-02-12,66.7848179816
2025-02-13,66.5675874291
2025-02-14,66.3775106957
2025-02-17,66.8255487102
2025-02-18,67.0835099913
2025-02-19,66.8255487102
2025-02-20,67.0835099913
2025-02-21,67.3550481819
2025-02-24,66.8255487102
2025-02-25,66.5268567005
2025-02-26,66.0380879574
2025-02-27,65.9023188621
2025-02-28,66.0380879574
2025-03-03,66.4725490624
2025-03-04,66.5811643387
2025-03-05,65.4407039381
2025-03-06,65.1555888379
2025-03-07,65.2913579332
2025-03-10,65.2012831391
2025-03-11,64.7766448238
2025-03-12,64.2233282311
2025-03-13,64.1975925757
2025-03-14,64.3777421640
2025-03-17,64.5578917523
2025-03-18,64.3005351976
2025-03-19,64.0689142983
2025-03-20,64.2876673698
2025-03-21,64.1718569202
2025-03-24,65.4586396938
2025-03-25,65.7417319040
2025-03-26,65.6001857989
2025-03-27,65.5229788325
2025-03-28,65.5615823157
2025-03-31,64.7766448238
2025-04-01,65.1626796559
2025-04-02,64.8538517902
2025-04-03,65.1369440004
2025-04-07,63.1552985290
2025-04-08,63.0523559071
2025-04-09,62.2416827598
2025-04-10,62.7805717880
2025-04-11,63.1398311401
2025-04-14,63.4221063454
2025-04-15,63.2681380516
2025-04-16,63.2296459782
2025-04-17,63.0115242287
2025-04-18,62.9730321552
2025-04-21,62.8190638614
2025-04-22,62.1775293040
2025-04-23,62.2160213775
2025-04-24,62.1646986129
2025-04-25,62.2160213775
2025-04-28,62.4213124358
2025-04-29,61.9850689368
2025-04-30,61.6258095847
2025-05-06,61.0484284830
2025-05-07,61.4846719820
2025-05-08,60.5865236017
2025-05-09,60.4325553079
2025-05-12,60.1246187203
2025-05-13,60.5865236017
2025-05-14,61.7202916001
2025-05-15,62.6502361381
2025-05-16,62.0515047232
2025-05-19,62.1024605883
2025-05-20,61.8349422966
2025-05-21,61.8476812628
2025-05-22,61.7712474652
2025-05-23,61.1088212189
2025-05-26,60.9177367248
2025-05-27,60.0514870181
2025-05-28,59.6820569962
2025-05-29,59.1724983452
2025-05-30,59.4400166369
2025-06-03,59.2107152440
2025-06-04,59.6565790636
2025-06-05,59.6311011311
2025-06-06,59.7075349287
2025-06-09,60.2298325460
2025-06-10,60.1661377146
2025-06-11,60.3943278703
2025-06-12,60.3943278703
2025-06-13,60.5844863333
2025-06-16,60.3309417159
2025-06-17,60.4830684864
2025-06-18,60.9901577212
2025-06-19,61.1296072608
2025-06-20,61.3324429547
2025-06-23,61.3324429547
2025-06-24,60.4577140246
2025-06-25,60.6225180260
2025-06-26,60.7746447964
2025-06-27,61.4465380326
2025-06-30,61.5226014178
2025-07-01,60.4323595629
2025-07-02,61.0915755682
2025-07-03,61.1042527991
2025-07-04,61.4718924943
2025-07-07,61.0788983373
2025-07-08,61.0028349521
2025-07-09,61.5313248589
2025-07-10,62.5631384863
2025-07-11,62.5883046724
2025-07-14,62.2359780679
2025-07-15,62.2737273469
2025-07-16,61.7578205332
2025-07-17,61.7326543471
2025-07-18,61.9214007424
2025-07-21,63.2929578814
2025-07-22,64.7400135785
2025-07-23,65.0420078109
2025-07-24,64.9790923458
2025-07-25,65.9479905082
2025-07-28,65.7214948339
2025-07-29,64.6393488343
2025-07-30,64.9790923458
2025-07-31,63.7333661370
2025-08-01,62.9280481839
2025-08-04,62.1227302307
2025-08-05,62.2611442539
2025-08-06,62.3869751841
2025-08-07,62.9532143699
2025-08-08,62.3492259050
2025-08-11,62.3243111295
2025-08-12,62.7229475388
2025-08-13,62.7354049266
2025-08-14,62.1125355370
2025-08-15,61.8260156177
2025-08-18,61.5021235351
2025-08-19,60.7920524309
2025-08-20,60.4307881849
2025-08-21,60.7422228797
2025-08-22,60.6674785530
2025-08-25,61.0287427990
2025-08-26,60.7671376553
2025-08-27,60.2937569192
2025-08-28,59.6086005905
2025-08-29,59.1476772422
2025-09-01,58.8113277718
2025-09-02,58.9483590375
2025-09-03,59.0480181398
2025-09-04,58.7116686694
2025-09-05,58.8860720985
2025-09-08,58.7505885610
2025-09-09,58.5658382825
2025-09-10,58.4180380597
2025-09-11,58.5904716529
2025-09-12,58.6643717643
2025-09-15,59.0092389509
2025-09-16,59.7236066944
2025-09-17,59.7605567501
2025-09-18,59.4649563045
2025-09-19,59.5388564159
2025-09-22,59.5758064716
2025-09-23,58.9230221542
2025-09-24,58.9599722099
2025-09-25,59.2186225998
2025-09-26,58.9722888952
2025-09-29,58.8737554133
2025-09-30,58.2948712073
2025-10-09,57.0755193693
2025-10-10,56.9646692022
2025-10-13,56.7306521828
2025-10-14,56.2503014587
2025-10-15,56.1764013473
2025-10-16,55.9547010131
2025-10-17,56.3944236144
2025-10-20,56.5776413649
2025-10-21,56.3455655476
2025-10-22,56.4432816812
2025-10-23,56.6753574985
2025-10-24,56.5532123315
2025-10-27,56.6264994317
2025-10-28,56.7486445987
2025-10-29,56.7364300820
2025-10-30,57.5425881844
2025-10-31,56.6631429818
2025-11-03,56.1989913471
2025-11-04,56.0402026300
2025-11-05,55.6615526122
2025-11-06,55.4783348617
2025-11-07,55.5027638951
2025-11-10,55.3087830689
2025-11-11,55.1026784411
2025-11-12,55.0784308378
2025-11-13,55.0056880280
2025-11-14,55.3330306722
2025-11-17,55.1148022427
2025-11-18,54.5692311690
2025-11-19,54.3267551363
2025-11-20,53.3326034021
2025-11-21,53.6720698479
2025-11-24,53.7448126577
2025-11-25,54.1085267068
2025-11-26,53.8054316659
2025-11-27,54.0236600954
2025-11-28,54.3994979461
2025-12-01,54.7753357969
2025-12-02,54.7389643920
2025-12-03,54.6177263756
2025-12-04,53.9872886905
2025-12-05,53.6841936495
2025-12-08,53.1899084621
2025-12-09,52.9126265277
2025-12-10,52.3821741314
2025-12-11,51.9843348342
2025-12-12,51.2007119761
2025-12-15,51.9120004165
2025-12-16,52.5630101756
2025-12-17,53.0572953630
2025-12-18,53.4310231877
2025-12-19,53.0452396268
2025-12-22,52.1772266147
2025-12-23,53.3104658249
2025-12-24,53.7444723309
2025-12-25,53.6841936495
2025-12-26,53.9253083751
2025-12-29,54.5039837165
2025-12-30,54.2387575184
2025-12-31,54.1061444193
2026-01-05,53.9855870565
2026-01-06,55.0464918490
2026-01-07,56.0953409053
2026-01-08,55.5769442453
2026-01-09,54.8897672774
2026-01-12,54.7348124512
2026-01-13,55.5572649902
2026-01-14,55.2950337459
2026-01-15,55.2354357358
2026-01-16,54.6394556351
2026-01-19,54.2818675747
2026-01-20,54.3414655847
2026-01-21,53.7097266780
2026-01-22,54.0911539424
2026-01-23,54.9612848895
2026-01-26,55.8194962346
2026-01-27,55.5930237963
2026-01-28,55.4261493681
2026-01-29,55.1758377258
2026-01-30,56.3558783252
2026-02-02,57.0472152421
2026-02-03,57.0233760380
2026-02-04,57.4405621085
2026-02-05,57.2379288743
2026-02-06,56.1532450910
2026-02-09,56.2481586681
2026-02-10,55.8329117680
2026-02-11,56.0227389224
2026-02-12,55.7142697966
2026-02-13,55.3702080793
2026-02-24,55.5125784451
2026-02-25,55.7735907823
2026-02-26,54.9430969821
2026-02-27,53.6498994932
2026-03-02,55.1803809250
2026-03-03,54.8363192078
2026-03-04,55.8447759652
2026-03-05,56.1888376824
2026-03-06,58.1464302115
2026-03-09,60.9050786601
2026-03-10,58.4856082994
2026-03-11,59.9666859501
2026-03-12,64.7490969903
2026-03-13,64.3307773485
2026-03-16,65.8118549992
2026-03-17,65.2352522497
2026-03-18,65.6196540827
2026-03-19,66.2301746410
2026-03-20,65.6874897003
2026-03-23,68.7740103007
2026-03-24,66.9085308169
2026-03-25,63.7315627264
2026-03-26,63.5845855550
2026-03-27,63.3584668297
2026-03-30,63.3132430846
2026-03-31,61.1990330030
2026-04-01,59.9892978227
2026-04-02,60.3284759106
2026-04-03,61.1198914492
2026-04-07,60.6224302535
2026-04-08,60.5432886997
2026-04-09,60.5432886997
2026-04-10,58.6972416370
2026-04-13,58.2621859598
2026-04-14,57.7448224517
2026-04-15,58.4738346676
2026-04-16,58.3327355290
2026-04-17,58.5443842369
2026-04-20,58.5679007600
2026-04-21,58.6031755446
2026-04-22,59.2733964527
2026-04-23,59.4732868990
2026-04-24,59.2616381912
2026-04-27,59.4732868990
2026-04-28,59.8495512685
2026-04-29,60.4727391304
2026-04-30,60.2610904226
2026-05-06,60.4844973919
2026-05-07,58.9324068679
2026-05-08,58.7677912062
2026-05-11,58.5561424984
2026-05-12,57.9917459442
2026-05-13,58.5091094522
2026-05-14,58.7081200286
2026-05-15,57.9120777231
2026-05-18,57.9706102456
2026-05-19,57.6077086063
2026-05-20,56.8701988233
2026-05-21,55.9453849684
2026-05-22,55.2898207169
2026-05-25,55.6293093471
2026-05-26,55.4654182842
2026-05-27,55.3951792573
2026-05-28,56.2263410762
2026-05-29,56.0858630223
2026-06-01,56.4721776706
2026-06-02,56.6126557245
2026-06-03,56.1443955448
2026-06-04,55.1259296540
2026-06-05,54.4469523934
2026-06-08,54.1219652548
2026-06-09,53.9594716856
2026-06-10,53.4139575601
2026-06-11,53.4487776107
2026-06-12,53.6344845470
2026-06-15,53.8898315844
2026-06-16,52.8452300676
2026-06-17,52.8916568017
2026-06-18,52.5202429291
2026-06-22,51.9863354871
2026-06-23,50.9997673879
2026-06-24,51.0810141725
2026-06-25,50.9765540209
2026-06-26,50.2801530097
2026-06-29,49.7694589348
2026-06-30,49.8855257700
2026-07-01,50.4658599460
2026-07-02,50.1176594404
2026-07-03,50.5819267812
2026-07-06,50.8953072362
2026-07-07,50.5238933636
2026-07-08,50.8256671351
2026-07-09,51.0894880207
2026-07-10,51.3418384330
2026-07-13,51.6056593186
2026-07-14,51.6286002652
2026-07-15,52.2135944028
2026-07-16,52.3168286624
2026-07-17,51.6974231049
2026-07-20,52.1333010898
2026-07-21,52.1677125097
2026-07-22,52.0759487234
2026-07-23,52.1103601433
2026-07-24,52.5118267083
2026-07-27,51.6630116851
2026-07-28,51.5597774255
2026-07-29,51.6056593186
2026-07-30,51.1468403871
2026-07-31,50.9174309214
2026-08-03,50.9518423413
2026-08-04,51.1124289673
2026-08-05,50.5962576694
2026-08-06,51.3877203262
2026-08-07,51.3533089063
2026-08-10,51.5698452732
2026-08-11,51.4900687170
2026-08-12,51.6268285276
2026-08-13,51.3077223028
2026-08-14,51.2279457465
2026-08-17,51.9687280543
2026-08-18,52.3562141845
2026-08-19,52.4245940899
2026-08-20,52.1054878650
2026-08-21,51.7521916874
2026-08-24,51.5698452732
2026-08-25,50.5441466932
2026-08-26,49.5868280185
2026-08-27,49.2221351900
2026-08-28,49.8147610363
2026-08-31,51.8205715928
2026-09-01,53.5642591788
2026-09-02,54.1682816759
