data,value
2006-01-09,100.0000000000
2006-01-10,102.1196513471
2006-01-11,102.1196513471
2006-01-12,98.1576862124
2006-01-13,97.8407290016
2006-01-16,96.5530903328
2006-01-17,96.5530903328
2006-01-18,97.1671949287
2006-01-19,97.1671949287
2006-01-20,98.7321711569
2006-01-23,99.0491283677
2006-01-24,99.0491283677
2006-01-25,99.0491283677
2006-01-26,98.9302694136
2006-01-27,98.9302694136
2006-02-06,100.9310618067
2006-02-07,100.9310618067
2006-02-08,100.9310618067
2006-02-09,100.9310618067
2006-02-10,100.9310618067
2006-02-13,100.9310618067
2006-02-14,100.9310618067
2006-02-15,100.9310618067
2006-02-16,100.9310618067
2006-02-17,100.9310618067
2006-02-20,100.9310618067
2006-02-21,100.9310618067
2006-02-22,100.9310618067
2006-02-23,100.9310618067
2006-02-24,100.9310618067
2006-02-27,100.9310618067
2006-02-28,100.9310618067
2006-03-01,100.9310618067
2006-03-02,100.9310618067
2006-03-03,100.9310618067
2006-03-06,100.9310618067
2006-03-07,100.9310618067
2006-03-08,100.9310618067
2006-03-09,101.2909586198
2006-03-10,101.2309758176
2006-03-13,101.3509414219
2006-03-14,100.9910446088
2006-03-15,101.0910159458
2006-03-16,100.9910446088
2006-03-17,99.6314344260
2006-03-20,99.6314344260
2006-03-21,99.5114688217
2006-03-22,99.5114688217
2006-03-23,99.5114688217
2006-03-24,99.0516006716
2006-03-27,99.0116121368
2006-03-28,98.9916178694
2006-03-29,98.9716236020
2006-03-30,98.9716236020
2006-03-31,97.9719102323
2006-04-03,97.9719102323
2006-04-04,97.9719102323
2006-04-05,97.9719102323
2006-04-06,94.0930223578
2006-04-07,95.1927070645
2006-04-10,94.4529191709
2006-04-11,93.2132745924
2006-04-12,93.2132745924
2006-04-13,93.2132745924
2006-04-14,96.8522312582
2006-04-17,93.1732860577
2006-04-18,93.1732860577
2006-04-19,93.1732860577
2006-04-20,93.1732860577
2006-04-21,93.1732860577
2006-04-24,96.8922197930
2006-04-25,96.8922197930
2006-04-26,96.8922197930
2006-04-27,96.8922197930
2006-04-28,96.8922197930
2006-05-08,96.8922197930
2006-05-09,91.1738593182
2006-05-10,96.6123000495
2006-05-11,102.1707063851
2006-05-12,98.9716236020
2006-05-15,102.0102260810
2006-05-16,102.0102260810
2006-05-17,102.0102260810
2006-05-18,100.3725377319
2006-05-19,100.1949570676
2006-05-22,99.4451720403
2006-05-23,99.3465161157
2006-05-24,99.9187204786
2006-05-25,99.9187204786
2006-05-26,99.9187204786
2006-05-29,99.9187204786
2006-05-30,99.9187204786
2006-05-31,99.9187204786
2006-06-01,100.4514624717
2006-06-02,98.9124300472
2006-06-05,102.3653874097
2006-06-06,102.0496884509
2006-06-07,101.1420539442
2006-06-08,97.6693653967
2006-06-09,99.5043655951
2006-06-12,102.4048497796
2006-06-13,102.4048497796
2006-06-14,103.0954412521
2006-06-15,101.0236668346
2006-06-16,101.0236668346
2006-06-19,100.1752258827
2006-06-20,100.8658173552
2006-06-21,98.5769999034
2006-06-22,98.1231826501
2006-06-23,98.1231826501
2006-06-26,98.1231826501
2006-06-27,98.1231826501
2006-06-28,98.1231826501
2006-06-29,98.1231826501
2006-06-30,98.6559246432
2006-07-03,100.8855485401
2006-07-04,100.6290431360
2006-07-05,100.6290431360
2006-07-06,100.6290431360
2006-07-07,101.3985593482
2006-07-10,103.8404512236
2006-07-11,104.0205907881
2006-07-12,101.9990245635
2006-07-13,103.5202031088
2006-07-14,103.8804822379
2006-07-17,104.2807923814
2006-07-18,101.7988694917
2006-07-19,100.2376599321
2006-07-20,100.2376599321
2006-07-21,104.2407613671
2006-07-24,104.2407613671
2006-07-25,104.2407613671
2006-07-26,105.2015057115
2006-07-27,105.3215987545
2006-07-28,105.3215987545
2006-07-31,105.3215987545
2006-08-01,111.6064680074
2006-08-02,118.2916474039
2006-08-03,117.0907169734
2006-08-04,115.8897865429
2006-08-07,114.0883908971
2006-08-08,110.0852894622
2006-08-09,110.3064653862
2006-08-10,111.6737347348
2006-08-11,112.1160865828
2006-08-14,109.4016547879
2006-08-15,110.5276413102
2006-08-16,110.0249687556
2006-08-17,109.2407995704
2006-08-18,108.2756682655
2006-08-21,109.6228307119
2006-08-22,110.1456101687
2006-08-23,110.3466791906
2006-08-24,110.3466791906
2006-08-25,110.3466791906
2006-08-28,109.5826169075
2006-08-29,109.5826169075
2006-08-30,109.5826169075
2006-08-31,108.6375925048
2006-09-01,110.1657170709
2006-09-04,110.1657170709
2006-09-05,109.3815478857
2006-09-06,109.9646480490
2006-09-07,109.9646480490
2006-09-08,109.9646480490
2006-09-11,110.4797049486
2006-09-12,110.6976136368
2006-09-13,110.5193247101
2006-09-14,110.7174235176
2006-09-15,110.4598950678
2006-09-18,110.1231270951
2006-09-19,110.2221764988
2006-09-20,109.2713022228
2006-09-21,108.8156749655
2006-09-22,109.0930132960
2006-09-25,107.7261315242
2006-09-26,107.9044204509
2006-09-27,107.2705042669
2006-09-28,107.6865117627
2006-09-29,108.1817587815
2006-10-09,108.8156749655
2006-10-10,109.7863591223
2006-10-11,109.0732034152
2006-10-12,109.5090207918
2006-10-13,109.9844579298
2006-10-16,110.2023666181
2006-10-17,110.3410357833
2006-10-18,112.0050657664
2006-10-19,112.8172708772
2006-10-20,114.6595897870
2006-10-23,115.7887529899
2006-10-24,116.6405778621
2006-10-25,118.1263189185
2006-10-26,117.5122126152
2006-10-27,119.4337710480
2006-10-30,121.9496259034
2006-10-31,121.9496259034
2006-11-01,121.9496259034
2006-11-02,128.7642248818
2006-11-03,128.7642248818
2006-11-06,128.7642248818
2006-11-07,128.7642248818
2006-11-08,128.7642248818
2006-11-09,128.7642248818
2006-11-10,128.7642248818
2006-11-13,128.7642248818
2006-11-14,128.7642248818
2006-11-15,128.7642248818
2006-11-16,128.7642248818
2006-11-17,128.7642248818
2006-11-20,128.7642248818
2006-11-21,128.7642248818
2006-11-22,128.7642248818
2006-11-23,128.7642248818
2006-11-24,133.8405068242
2006-11-27,139.0818711063
2006-11-28,140.3199886532
2006-11-29,140.3199886532
2006-11-30,140.3199886532
2006-12-01,140.3199886532
2006-12-04,140.3199886532
2006-12-05,140.3199886532
2006-12-06,140.3199886532
2006-12-07,140.3199886532
2006-12-08,140.3199886532
2006-12-11,140.7511996814
2006-12-12,141.4960187299
2006-12-13,139.8299761213
2006-12-14,139.6143706072
2006-12-15,139.5555691034
2006-12-18,139.6143706072
2006-12-19,139.7123731136
2006-12-20,139.8103756200
2006-12-21,139.9279786277
2006-12-22,140.3003881519
2006-12-25,140.6923981775
2006-12-26,142.5152447964
2006-12-27,141.7704257478
2006-12-28,139.8495766225
2006-12-29,141.6136217376
2007-01-04,142.8092523156
2007-01-05,142.8092523156
2007-01-08,141.7116242440
2007-01-09,141.7116242440
2007-01-10,141.7116242440
2007-01-11,141.7116242440
2007-01-12,140.4538287626
2007-01-15,142.1518526625
2007-01-16,144.1852886909
2007-01-17,143.9127663366
2007-01-18,143.9127663366
2007-01-19,142.9694197255
2007-01-22,142.0051098563
2007-01-23,139.8668575379
2007-01-24,140.7892408909
2007-01-25,145.6527167526
2007-01-26,141.1665795354
2007-01-29,141.1665795354
2007-01-30,140.4538287626
2007-01-31,140.4538287626
2007-02-01,140.4538287626
2007-02-02,141.5019916638
2007-02-05,141.5019916638
2007-02-06,141.5019916638
2007-02-07,144.1014356588
2007-02-08,141.5019916638
2007-02-09,141.5019916638
2007-02-12,141.5019916638
2007-02-13,141.5019916638
2007-02-14,141.5019916638
2007-02-15,141.5019916638
2007-02-16,140.0345636021
2007-02-26,140.0345636021
2007-02-27,140.0345636021
2007-02-28,145.6107902365
2007-03-01,154.3315055746
2007-03-02,154.3315055746
2007-03-05,154.3315055746
2007-03-06,154.3315055746
2007-03-07,154.3315055746
2007-03-08,154.3315055746
2007-03-09,154.1407962690
2007-03-12,153.9500869634
2007-03-13,154.5222148802
2007-03-14,154.1407962690
2007-03-15,154.5222148802
2007-03-16,153.9977642898
2007-03-19,154.2838282482
2007-03-20,154.7129241859
2007-03-21,155.5711160612
2007-03-22,155.3327294291
2007-03-23,155.8571800196
2007-03-26,157.0014358533
2007-03-27,156.6200172421
2007-03-28,157.8119504022
2007-03-29,159.5283341528
2007-03-30,160.2911713753
2007-04-02,159.8620754376
2007-04-03,162.5320057164
2007-04-04,163.9146481821
2007-04-05,163.8669708557
2007-04-06,162.4366510635
2007-04-09,162.9134243276
2007-04-10,161.8645231467
2007-04-11,163.3901975917
2007-04-12,165.9170958911
2007-04-13,166.7276104400
2007-04-16,169.6836046772
2007-04-17,170.2080552676
2007-04-18,167.0613517249
2007-04-19,167.7765116210
2007-04-20,171.2092791222
2007-04-23,170.8755378373
2007-04-24,171.8767616918
2007-04-25,172.7349535671
2007-04-26,172.9256628728
2007-04-27,171.6383750598
2007-04-30,173.1163721784
2007-05-08,168.8254128019
2007-05-09,176.5014623532
2007-05-10,176.5014623532
2007-05-11,175.0234652346
2007-05-14,175.0234652346
2007-05-15,175.0234652346
2007-05-16,176.0827544327
2007-05-17,175.9864554147
2007-05-18,177.3346416669
2007-05-21,178.3457813560
2007-05-22,178.2013328290
2007-05-23,178.9235754640
2007-05-24,180.5125092612
2007-05-25,184.4607689997
2007-05-28,190.6239061523
2007-05-29,195.8240531249
2007-05-30,190.9128032064
2007-05-31,194.3314183458
2007-06-01,193.5610262017
2007-06-04,194.2351193278
2007-06-05,195.5351560709
2007-06-06,197.0759403591
2007-06-07,198.1833790662
2007-06-08,198.0870800482
2007-06-11,197.9426315212
2007-06-12,195.5351560709
2007-06-13,192.0202419135
2007-06-14,191.6350458415
2007-06-15,192.5980360216
2007-06-18,192.5980360216
2007-06-19,193.3684281657
2007-06-20,192.5980360216
2007-06-21,193.0313816026
2007-06-22,192.1165409315
2007-06-25,192.5980360216
2007-06-26,192.5980360216
2007-06-27,192.5017370036
2007-06-28,192.5980360216
2007-06-29,192.5980360216
2007-07-02,187.7830851210
2007-07-03,187.7830851210
2007-07-04,190.1905605713
2007-07-05,190.1905605713
2007-07-06,190.1905605713
2007-07-09,190.1905605713
2007-07-10,191.2397562415
2007-07-11,194.4827246765
2007-07-12,197.5349302624
2007-07-13,197.6303116869
2007-07-16,193.2427661572
2007-07-17,193.2427661572
2007-07-18,194.2442711151
2007-07-19,197.8687652483
2007-07-20,197.8687652483
2007-07-23,197.8687652483
2007-07-24,197.8687652483
2007-07-25,197.8687652483
2007-07-26,195.0550132238
2007-07-27,197.3441674132
2007-07-30,205.0700628026
2007-07-31,212.8913396164
2007-08-01,212.8913396164
2007-08-02,212.8913396164
2007-08-03,212.8913396164
2007-08-06,212.8913396164
2007-08-07,212.8913396164
2007-08-08,212.8913396164
2007-08-09,215.6367144532
2007-08-10,215.4869667348
2007-08-13,217.1341916369
2007-08-14,216.3854530451
2007-08-15,216.5851166696
2007-08-16,215.1375553920
2007-08-17,210.4953761225
2007-08-20,213.1908350532
2007-08-21,212.8414237103
2007-08-22,211.6434419633
2007-08-23,210.7948715592
2007-08-24,210.1459647796
2007-08-27,209.2973943755
2007-08-28,209.7965534368
2007-08-29,208.9479830327
2007-08-30,208.9479830327
2007-08-31,209.1975625633
2007-09-03,206.5520195387
2007-09-04,208.3489921592
2007-09-05,208.0494967224
2007-09-06,208.0494967224
2007-09-07,199.9631199305
2007-09-10,202.8533267104
2007-09-11,201.9225821542
2007-09-12,200.8448779311
2007-09-13,202.4124477101
2007-09-14,203.4901519331
2007-09-17,208.0459016033
2007-09-18,207.9969150477
2007-09-19,205.5965738236
2007-09-20,205.6945469348
2007-09-21,208.1438747145
2007-09-24,204.9107620453
2007-09-25,205.2536679345
2007-09-26,204.4698830450
2007-09-27,204.4698830450
2007-09-28,206.8702242691
2007-10-08,206.5763049355
2007-10-09,206.7232646023
2007-10-10,209.9073907158
2007-10-11,209.9073907158
2007-10-12,212.0627991619
2007-10-15,212.0627991619
2007-10-16,210.6911756053
2007-10-17,210.6911756053
2007-10-18,214.0712479412
2007-10-19,214.3161807192
2007-10-22,214.3161807192
2007-10-23,214.3161807192
2007-10-24,215.1979387199
2007-10-25,213.5813823853
2007-10-26,216.7165219432
2007-10-29,220.5864598351
2007-10-30,220.5864598351
2007-10-31,229.4040398418
2007-11-01,241.9935846292
2007-11-02,241.9935846292
2007-11-05,241.9935846292
2007-11-06,241.9935846292
2007-11-07,241.9935846292
2007-11-08,241.9935846292
2007-11-09,241.9935846292
2007-11-12,251.6733280144
2007-11-13,251.7250913480
2007-11-14,251.7250913480
2007-11-15,251.4662746799
2007-11-16,253.8473880260
2007-11-19,253.8473880260
2007-11-20,251.2592213455
2007-11-21,251.2592213455
2007-11-22,251.2592213455
2007-11-23,251.2592213455
2007-11-26,251.2592213455
2007-11-27,258.5578513846
2007-11-28,258.5578513846
2007-11-29,258.5578513846
2007-11-30,258.5578513846
2007-12-03,258.5578513846
2007-12-04,247.4287346583
2007-12-05,247.4287346583
2007-12-06,247.4287346583
2007-12-07,247.4287346583
2007-12-10,247.7293771063
2007-12-11,250.1846237645
2007-12-12,250.2347308391
2007-12-13,250.7358015857
2007-12-14,250.9362298843
2007-12-17,252.0385855268
2007-12-18,251.5375147802
2007-12-19,252.5897633480
2007-12-20,252.9405128706
2007-12-21,250.2347308391
2007-12-24,259.4544325761
2007-12-25,267.9726352679
2007-12-26,275.8394459891
2007-12-27,286.8128953390
2007-12-28,291.9238169541
2008-01-02,299.6403064513
2008-01-03,288.1156792801
2008-01-04,283.7062567103
2008-01-07,283.7062567103
2008-01-08,283.7062567103
2008-01-09,288.1156792801
2008-01-10,284.9461470103
2008-01-11,289.1029106429
2008-01-14,298.5595479069
2008-01-15,293.8831888203
2008-01-16,292.6881192759
2008-01-17,295.4939347279
2008-01-18,296.6890042722
2008-01-21,304.3270574470
2008-01-22,299.2869815426
2008-01-23,296.1174492728
2008-01-24,289.9342633694
2008-01-25,293.2596742754
2008-01-28,294.8704201830
2008-01-29,306.4054392633
2008-01-30,307.3926706260
2008-01-31,309.4710524423
2008-02-01,311.5494342586
2008-02-04,314.5630878921
2008-02-05,322.7207365210
2008-02-13,329.9431133325
2008-02-14,327.8127719708
2008-02-15,327.8127719708
2008-02-18,335.9704205997
2008-02-19,332.0214951488
2008-02-20,343.7123928653
2008-02-21,350.3112551319
2008-02-22,350.3112551319
2008-02-25,359.0404587603
2008-02-26,359.3002564873
2008-02-27,359.3002564873
2008-02-28,365.0677660275
2008-02-29,379.6683982867
2008-03-03,389.2289546416
2008-03-04,395.3601809996
2008-03-05,371.6666282941
2008-03-06,353.3249087655
2008-03-07,332.1254142396
2008-03-10,318.8722848985
2008-03-11,319.3206990491
2008-03-12,313.3916675018
2008-03-13,311.2492443377
2008-03-14,314.2884958031
2008-03-17,302.2809613249
2008-03-18,290.2236030522
2008-03-19,286.2875232854
2008-03-20,278.7641303136
2008-03-21,279.3620158478
2008-03-24,286.0882281074
2008-03-25,289.8748364906
2008-03-26,296.5014011611
2008-03-27,298.5441767362
2008-03-28,298.1455863801
2008-03-31,293.5617972847
2008-04-01,278.9136016972
2008-04-02,281.0062010668
2008-04-03,285.2412236006
2008-04-07,290.2236030522
2008-04-08,290.9211361754
2008-04-09,290.6221934083
2008-04-10,297.3982294624
2008-04-11,297.3484056679
2008-04-14,300.2880095443
2008-04-15,305.2703889958
2008-04-16,298.8929432978
2008-04-17,296.9996391063
2008-04-18,290.9211361754
2008-04-21,288.8783606002
2008-04-22,284.5436904774
2008-04-23,289.0776557783
2008-04-24,288.6292416277
2008-04-25,286.2376994909
2008-04-28,280.9065534778
2008-04-29,283.0988004365
2008-04-30,281.6539103955
2008-05-05,279.2125444643
2008-05-06,270.8919707802
2008-05-07,277.0202975056
2008-05-08,277.0202975056
2008-05-09,277.0202975056
2008-05-12,289.9739226847
2008-05-13,290.7022389598
2008-05-14,296.1646110233
2008-05-15,291.4825778261
2008-05-16,292.0028037369
2008-05-19,289.8698775026
2008-05-20,284.5115506212
2008-05-21,281.6503081118
2008-05-22,289.2976290007
2008-05-23,285.9161605804
2008-05-26,285.4479572607
2008-05-27,290.4941485955
2008-05-28,284.7716635766
2008-05-29,285.9161605804
2008-05-30,277.1763652788
2008-06-02,279.7774948329
2008-06-03,281.3381725653
2008-06-04,281.3381725653
2008-06-05,283.6791891639
2008-06-06,288.1011094058
2008-06-10,290.8062841420
2008-06-11,292.7311200120
2008-06-12,303.4997963657
2008-06-13,309.2743039757
2008-06-16,309.2743039757
2008-06-17,301.6269830868
2008-06-18,303.2917060014
2008-06-19,301.2628249493
2008-06-20,301.2628249493
2008-06-23,292.9912329674
2008-06-24,291.5346004171
2008-06-25,292.3149392834
2008-06-26,294.1357299712
2008-06-27,297.8293339379
2008-06-30,298.7137179863
2008-07-01,301.9911412244
2008-07-02,305.5286774179
2008-07-03,301.5229379047
2008-07-04,296.3206787966
2008-07-07,293.4074136961
2008-07-08,290.0259452758
2008-07-09,290.0769433319
2008-07-10,290.0769433319
2008-07-11,290.9949083425
2008-07-14,289.4139686021
2008-07-15,290.5359258372
2008-07-16,290.5359258372
2008-07-17,288.1390171986
2008-07-18,288.1390171986
2008-07-21,284.7731454932
2008-07-22,284.7731454932
2008-07-23,284.7731454932
2008-07-24,284.7731454932
2008-07-25,270.5446878298
2008-07-28,257.5401835138
2008-07-29,257.5401835138
2008-07-30,244.6886733661
2008-07-31,244.6886733661
2008-08-01,244.6886733661
2008-08-04,244.6886733661
2008-08-05,244.6886733661
2008-08-06,244.6886733661
2008-08-07,244.6886733661
2008-08-08,244.6886733661
2008-08-11,232.8211580459
2008-08-12,225.6547840603
2008-08-13,231.1585592812
2008-08-14,238.8409121939
2008-08-15,227.8906927438
2008-08-18,234.1397708593
2008-08-19,234.9997357375
2008-08-20,244.0007014635
2008-08-21,251.2244064411
2008-08-22,260.2253721670
2008-08-25,258.6201043943
2008-08-26,251.5110614005
2008-08-27,251.1670754492
2008-08-28,245.3193142769
2008-08-29,247.4405609766
2008-09-01,251.6257233843
2008-09-02,251.6257233843
2008-09-03,245.3193142769
2008-09-04,243.1407365852
2008-09-05,241.5354688125
2008-09-08,242.9979565137
2008-09-09,232.0292987544
2008-09-10,234.0542817253
2008-09-11,234.2792798332
2008-09-12,232.0292987544
2008-09-16,223.1418734930
2008-09-17,215.6606864059
2008-09-18,213.0169586383
2008-09-19,211.0482251943
2008-09-22,221.2856391030
2008-09-23,229.3855709868
2008-09-24,231.7480511195
2008-09-25,226.1793479494
2008-09-26,226.4605955843
2008-10-06,215.1544406632
2008-10-07,204.4107810118
2008-10-08,198.5045806798
2008-10-09,197.0983425056
2008-10-10,187.2546752857
2008-10-13,184.6109475180
2008-10-14,182.2484673853
2008-10-15,178.7047471861
2008-10-16,171.8423048957
2008-10-17,174.3172840824
2008-10-20,180.2797339413
2008-10-21,180.2797339413
2008-10-22,171.2798096260
2008-10-23,162.7298815264
2008-10-24,160.4799004476
2008-10-27,157.4986755181
2008-10-28,161.9423881488
2008-10-29,165.9361045638
2008-10-30,167.8485884808
2008-10-31,167.8485884808
2008-11-03,167.8485884808
2008-11-04,174.6547812442
2008-11-05,185.1171932608
2008-11-06,185.1171932608
2008-11-07,185.1171932608
2008-11-10,191.5700801718
2008-11-11,191.5700801718
2008-11-12,190.0720885675
2008-11-13,190.0720885675
2008-11-14,187.6522559758
2008-11-17,187.6522559758
2008-11-18,187.6522559758
2008-11-19,187.6522559758
2008-11-20,186.4423396800
2008-11-21,186.4423396800
2008-11-24,187.0761053588
2008-11-25,187.0761053588
2008-11-26,181.4874443733
2008-11-27,190.5330090611
2008-11-28,198.7719628851
2008-12-01,198.7719628851
2008-12-02,198.7719628851
2008-12-03,198.7719628851
2008-12-04,198.7719628851
2008-12-05,198.7719628851
2008-12-08,202.8150071451
2008-12-09,202.7487277310
2008-12-10,203.8754777707
2008-12-11,207.5871249603
2008-12-12,207.6534043744
2008-12-15,209.7743456256
2008-12-16,209.3766691410
2008-12-17,211.5638898063
2008-12-18,209.3766691410
2008-12-19,209.7743456256
2008-12-22,214.5464634408
2008-12-23,213.0883163306
2008-12-24,214.8115810972
2008-12-25,217.3964782471
2008-12-26,221.4395225072
2008-12-29,227.9349050889
2008-12-30,229.8570080978
2008-12-31,235.3581994681
2009-01-05,238.2744936885
2009-01-06,238.6058907590
2009-01-07,237.4791407193
2009-01-08,237.4791407193
2009-01-09,237.4791407193
2009-01-12,240.3445453013
2009-01-13,231.0494523891
2009-01-14,233.6353053045
2009-01-15,227.1357290576
2009-01-16,229.9312457229
2009-01-19,229.2323665566
2009-01-20,226.5766257245
2009-01-21,225.3186432251
2009-01-22,223.7112211426
2009-01-23,222.7327903097
2009-02-02,219.4480582280
2009-02-03,224.5498761422
2009-02-04,225.1089794752
2009-02-05,227.6249444740
2009-02-06,232.8665382215
2009-02-09,236.4308219698
2009-02-10,237.7586923858
2009-02-11,232.9364261381
2009-02-12,224.9692036420
2009-02-13,224.9692036420
2009-02-16,224.4799882255
2009-02-17,223.9907728091
2009-02-18,212.8087061478
2009-02-19,211.4109478151
2009-02-20,210.3626290657
2009-02-23,211.2711719819
2009-02-24,203.8630528188
2009-02-25,213.1581457310
2009-02-26,212.5990423979
2009-02-27,210.1529653158
2009-03-02,210.1529653158
2009-03-03,210.1529653158
2009-03-04,210.1529653158
2009-03-05,210.1529653158
2009-03-06,213.7172490640
2009-03-09,217.3127613296
2009-03-10,218.3195047639
2009-03-11,218.3914150093
2009-03-12,215.1554539703
2009-03-13,215.8745564234
2009-03-16,215.2273642156
2009-03-17,217.7442228015
2009-03-18,218.0318637827
2009-03-19,220.7644531045
2009-03-20,225.0071575779
2009-03-23,229.0341313153
2009-03-24,227.4521059184
2009-03-25,226.0139010122
2009-03-26,225.9419907669
2009-03-27,225.7981702763
2009-03-30,222.7060297279
2009-03-31,223.5689526716
2009-04-01,226.9487342012
2009-04-02,228.3869391075
2009-04-03,230.7599772027
2009-04-07,232.7015538261
2009-04-08,231.6229001465
2009-04-09,232.9172845621
2009-04-10,235.0745919214
2009-04-13,240.6835910556
2009-04-14,241.1869627728
2009-04-15,246.0768594540
2009-04-16,250.9667561351
2009-04-17,250.0319229461
2009-04-20,251.3263073616
2009-04-21,242.4094369431
2009-04-22,242.6970779243
2009-04-23,245.1420262649
2009-04-24,247.1555131336
2009-04-27,236.8723480542
2009-04-28,238.7420144322
2009-04-29,240.6835910556
2009-04-30,245.7892184727
2009-05-04,260.5308187614
2009-05-05,258.8768831193
2009-05-06,264.2701515176
2009-05-07,264.2701515176
2009-05-08,264.2701515176
2009-05-11,264.1289438492
2009-05-12,266.6000780472
2009-05-13,271.1187234378
2009-05-14,267.3061163894
2009-05-15,268.7181930740
2009-05-18,257.5627872659
2009-05-19,257.9158064370
2009-05-20,262.5050556619
2009-05-21,262.9992825015
2009-05-22,263.6347170096
2009-05-25,262.6462633304
2009-05-26,261.5166019827
2009-05-27,261.5166019827
2009-06-01,268.1533624002
2009-06-02,273.8016691385
2009-06-03,272.8132154593
2009-06-04,272.8132154593
2009-06-05,273.5898576358
2009-06-08,273.9428768069
2009-06-09,269.8478544217
2009-06-10,270.1302697586
2009-06-11,267.3767202237
2009-06-12,264.1995476834
2009-06-15,259.1866754532
2009-06-16,262.2226403250
2009-06-17,260.1751291324
2009-06-18,260.1751291324
2009-06-19,260.1751291324
2009-06-22,260.1751291324
2009-06-23,260.1751291324
2009-06-24,252.6205188699
2009-06-25,254.2444070572
2009-06-26,254.2444070572
2009-06-29,251.8438766934
2009-06-30,250.6436115115
2009-07-01,250.6436115115
2009-07-02,250.6436115115
2009-07-03,250.6436115115
2009-07-06,250.6436115115
2009-07-07,250.6436115115
2009-07-08,250.6436115115
2009-07-09,250.1957670597
2009-07-10,252.3603485766
2009-07-13,252.3603485766
2009-07-14,246.8369336714
2009-07-15,247.5833410910
2009-07-16,246.9115744134
2009-07-17,251.0914559633
2009-07-20,254.0770856418
2009-07-21,253.4799597061
2009-07-22,253.7785226739
2009-07-23,254.9727745453
2009-07-24,253.7785226739
2009-07-27,247.7326225749
2009-07-28,254.0024448998
2009-07-29,254.0024448998
2009-07-30,251.9125041249
2009-07-31,251.9871448668
2009-08-03,236.9097149903
2009-08-04,251.0914559633
2009-08-05,251.5393004151
2009-08-06,263.2578969032
2009-08-07,263.2578969032
2009-08-10,266.6358224981
2009-08-11,267.7373199747
2009-08-12,273.5385400180
2009-08-13,275.2275028154
2009-08-14,273.4651068529
2009-08-17,265.8280576819
2009-08-18,267.2967209840
2009-08-19,267.2232878189
2009-08-20,264.6531270402
2009-08-21,264.9468597007
2009-08-24,270.3809139185
2009-08-25,269.2059832768
2009-08-26,270.0871812580
2009-08-27,269.9403149278
2009-08-28,270.3809139185
2009-08-31,266.5623893330
2009-09-01,253.9318849348
2009-09-02,243.6512418201
2009-09-03,254.6662165859
2009-09-04,269.9403149278
2009-09-07,254.8865160812
2009-09-08,251.8757563119
2009-09-09,253.7083796843
2009-09-10,253.6350747494
2009-09-11,253.6350747494
2009-09-14,246.8177158039
2009-09-15,248.2838145018
2009-09-16,250.6295724186
2009-09-17,251.5092316374
2009-09-18,252.5355007260
2009-09-21,253.0486352703
2009-09-22,250.0431329394
2009-09-23,250.2630477441
2009-09-24,245.2050072361
2009-09-25,245.3516171059
2009-09-28,238.1677334858
2009-09-29,236.9215495925
2009-09-30,238.2410384207
2009-10-09,241.0266259469
2009-10-12,249.6033033300
2009-10-13,250.1897428092
2009-10-14,251.1427069629
2009-10-15,251.9490612468
2009-10-16,253.6350747494
2009-10-19,255.5410030568
2009-10-20,253.7816846192
2009-10-21,254.5880389031
2009-10-22,259.4994695413
2009-10-23,259.0596399319
2009-10-26,263.8244607004
2009-10-27,262.8714965467
2009-10-28,257.3736264293
2009-10-29,257.8134560387
2009-10-30,254.0015994239
2009-11-02,254.0015994239
2009-11-03,257.3003214944
2009-11-04,257.3003214944
2009-11-05,257.3003214944
2009-11-06,250.8494872233
2009-11-09,250.8494872233
2009-11-10,247.2679697015
2009-11-11,249.9899230181
2009-11-12,251.5657907276
2009-11-13,253.3565494885
2009-11-16,253.9295922920
2009-11-17,258.3706740190
2009-11-18,260.2330631303
2009-11-19,262.3819736433
2009-11-20,262.3819736433
2009-11-23,262.3819736433
2009-11-24,265.8202304642
2009-11-25,265.8202304642
2009-11-26,263.0982771477
2009-11-27,257.8692615659
2009-11-30,258.0125222668
2009-12-01,259.7316506772
2009-12-02,259.7316506772
2009-12-03,259.7316506772
2009-12-04,259.7316506772
2009-12-07,259.7316506772
2009-12-08,259.7316506772
2009-12-09,256.6621541769
2009-12-10,252.2864889530
2009-12-11,251.6987130274
2009-12-14,247.4536646759
2009-12-15,249.4129177612
2009-12-16,250.9803202295
2009-12-17,252.3517973892
2009-12-18,249.4129177612
2009-12-21,248.1720574738
2009-12-22,246.0821875162
2009-12-23,244.3188597394
2009-12-24,246.4740381332
2009-12-25,244.1229344309
2009-12-28,245.3637947182
2009-12-29,246.0168790800
2009-12-30,248.8251418356
2009-12-31,251.1109371018
2010-01-04,254.3110504745
2010-01-05,254.3110504745
2010-01-06,256.3356119960
2010-01-07,251.3068624104
2010-01-08,249.7394599421
2010-01-11,251.7800301209
2010-01-12,248.6862624305
2010-01-13,244.0126984727
2010-01-14,247.3697655410
2010-01-15,246.1190934959
2010-01-18,243.8810487837
2010-01-19,243.2886251834
2010-01-20,240.3265071820
2010-01-21,239.2074848259
2010-01-22,237.7593382475
2010-01-25,238.6150612257
2010-01-26,238.6150612257
2010-01-27,236.9036152693
2010-01-28,234.2047966458
2010-01-29,234.2047966458
2010-02-01,230.3869556661
2010-02-02,230.0578314438
2010-02-03,231.9667519336
2010-02-04,229.0046339321
2010-02-05,228.0830861095
2010-02-08,228.0830861095
2010-02-09,232.0325767780
2010-02-10,233.4148985120
2010-02-11,232.1642264670
2010-02-12,232.1642264670
2010-02-22,237.1669146472
2010-02-23,237.1669146472
2010-02-24,237.1669146472
2010-02-25,235.3238190018
2010-02-26,234.0731469568
2010-03-01,235.3896438463
2010-03-02,235.3896438463
2010-03-03,235.3896438463
2010-03-04,235.3896438463
2010-03-05,238.6150612257
2010-03-08,239.5230826601
2010-03-09,240.2365280728
2010-03-10,241.5337015505
2010-03-11,240.9499734855
2010-03-12,238.4204852040
2010-03-15,236.9287357046
2010-03-16,236.4747249874
2010-03-17,238.2259091823
2010-03-18,237.0584530524
2010-03-19,237.4476050957
2010-03-22,237.5773224435
2010-03-23,237.5124637696
2010-03-24,236.6044423352
2010-03-25,238.0313331607
2010-03-26,236.2152902919
2010-03-29,235.8909969224
2010-03-30,237.1233117263
2010-03-31,239.1987892906
2010-04-01,237.8367571390
2010-04-02,238.3556265301
2010-04-06,238.3556265301
2010-04-07,241.2094081811
2010-04-08,241.7931362461
2010-04-09,242.6362990066
2010-04-12,243.2200270715
2010-04-13,241.8579949199
2010-04-14,242.3120056371
2010-04-15,242.1822882894
2010-04-16,242.1822882894
2010-04-19,240.8202561378
2010-04-20,239.4582239862
2010-04-21,239.6528000078
2010-04-22,239.5879413339
2010-04-23,240.7553974639
2010-04-26,241.7931362461
2010-04-27,241.0148321594
2010-04-28,239.5230826601
2010-04-29,239.5879413339
2010-04-30,240.0419520511
2010-05-04,235.1126928358
2010-05-05,235.1126928358
2010-05-06,235.1126928358
2010-05-07,235.1126928358
2010-05-10,235.1126928358
2010-05-11,235.1126928358
2010-05-12,237.8817549536
2010-05-13,237.8817549536
2010-05-14,237.1733902258
2010-05-17,232.7944082721
2010-05-18,233.3739794130
2010-05-19,231.6996627837
2010-05-20,234.5975184883
2010-05-21,233.8247569671
2010-05-24,233.8247569671
2010-05-25,233.8247569671
2010-05-26,233.8247569671
2010-05-27,233.1163922393
2010-05-28,232.4724243049
2010-05-31,230.8625044690
2010-06-01,229.8965525675
2010-06-02,229.8965525675
2010-06-03,231.4420756100
2010-06-04,233.5671697934
2010-06-07,233.5671697934
2010-06-08,233.5671697934
2010-06-09,229.8321557740
2010-06-10,229.8321557740
2010-06-11,229.8321557740
2010-06-17,234.7263120752
2010-06-18,234.7263120752
2010-06-21,235.1770896293
2010-06-22,235.6278671833
2010-06-23,234.0179473474
2010-06-24,234.4687249015
2010-06-25,234.4687249015
2010-06-28,225.3887770269
2010-06-29,228.8662038725
2010-06-30,228.8018070791
2010-07-01,225.4531738204
2010-07-02,225.4531738204
2010-07-05,225.4531738204
2010-07-06,225.4531738204
2010-07-07,225.4531738204
2010-07-08,225.4531738204
2010-07-09,225.8979799694
2010-07-12,224.0552116377
2010-07-13,223.9916679022
2010-07-14,224.9448239358
2010-07-15,225.6438050271
2010-07-16,229.7106041039
2010-07-19,229.7106041039
2010-07-20,229.7106041039
2010-07-21,229.7106041039
2010-07-22,231.8710911135
2010-07-23,231.1721100221
2010-07-26,238.2254646710
2010-07-27,238.2254646710
2010-07-28,238.2254646710
2010-07-29,235.1118216278
2010-07-30,231.6169161712
2010-08-02,231.6169161712
2010-08-03,231.6169161712
2010-08-04,231.6169161712
2010-08-05,231.6169161712
2010-08-06,231.6169161712
2010-08-09,236.9767460046
2010-08-10,236.0131810907
2010-08-11,235.8325126693
2010-08-12,235.1700617911
2010-08-13,238.0005337255
2010-08-16,240.8310056600
2010-08-17,238.8436530252
2010-08-18,239.6265495177
2010-08-19,237.8198653042
2010-08-20,233.4236003847
2010-08-23,231.9782530139
2010-08-24,231.7373617854
2010-08-25,230.4124600288
2010-08-26,230.8340196786
2010-08-27,231.4964705569
2010-08-30,233.4838231918
2010-08-31,230.7135740644
2010-09-01,231.1351337142
2010-09-02,230.0511231861
2010-09-03,230.0511231861
2010-09-06,227.8228793228
2010-09-07,227.8228793228
2010-09-08,227.8228793228
2010-09-09,225.2142203993
2010-09-10,226.5475349602
2010-09-13,225.7939223823
2010-09-14,225.8518925806
2010-09-15,225.8518925806
2010-09-16,226.8953561500
2010-09-17,226.9533263483
2010-09-20,228.6924322973
2010-09-21,228.6924322973
2010-09-27,238.0256342238
2010-09-28,239.1270679915
2010-09-29,238.4314256119
2010-09-30,238.9531573966
2010-10-08,238.9531573966
2010-10-11,238.9531573966
2010-10-12,238.9531573966
2010-10-13,248.4602699180
2010-10-14,254.3152599463
2010-10-15,253.6196175667
2010-10-18,253.6196175667
2010-10-19,253.6196175667
2010-10-20,255.9384254988
2010-10-21,263.7644022694
2010-10-22,263.1847002864
2010-10-25,270.8947366604
2010-10-26,267.3005843658
2010-10-27,266.6629121845
2010-10-28,265.2136572269
2010-10-29,259.1847566036
2010-11-01,257.9673824393
2010-11-02,257.9673824393
2010-11-03,257.9673824393
2010-11-04,257.9673824393
2010-11-05,257.9673824393
2010-11-08,268.2816414964
2010-11-09,270.9988387749
2010-11-10,273.9378480761
2010-11-11,273.9378480761
2010-11-12,275.2132672069
2010-11-15,271.3315568090
2010-11-16,264.4553841043
2010-11-17,264.4553841043
2010-11-18,255.1392791495
2010-11-19,252.3111758596
2010-11-22,251.8120988084
2010-11-23,246.7658752913
2010-11-24,246.7658752913
2010-11-25,252.8657059164
2010-11-26,252.8657059164
2010-11-29,252.8657059164
2010-11-30,237.7270353649
2010-12-01,237.7270353649
2010-12-02,237.7270353649
2010-12-03,237.7270353649
2010-12-06,237.7270353649
2010-12-07,237.7270353649
2010-12-08,237.7270353649
2010-12-09,237.9820525665
2010-12-10,237.4720181632
2010-12-13,241.9603209120
2010-12-14,244.3064791671
2010-12-15,245.6325686156
2010-12-16,245.4285548543
2010-12-17,247.2136752657
2010-12-20,249.1518059981
2010-12-21,247.8767199900
2010-12-22,252.4670296194
2010-12-23,253.1810777840
2010-12-24,251.9059917758
2010-12-27,253.6911121873
2010-12-28,257.1083426892
2010-12-29,254.7111809938
2010-12-30,255.0682050761
2010-12-31,256.9043289279
2011-01-04,258.6894493393
2011-01-05,259.8625284668
2011-01-06,264.0448105737
2011-01-07,260.1175456685
2011-01-10,260.1175456685
2011-01-11,260.1175456685
2011-01-12,260.5825949158
2011-01-13,260.5825949158
2011-01-14,260.5825949158
2011-01-17,260.5825949158
2011-01-18,260.2725620843
2011-01-19,260.2725620843
2011-01-20,264.7680381417
2011-01-21,264.7680381417
2011-01-24,264.7680381417
2011-01-25,264.7680381417
2011-01-26,259.1874471738
2011-01-27,259.1874471738
2011-01-28,259.1874471738
2011-01-31,259.1874471738
2011-02-01,259.1874471738
2011-02-09,259.1874471738
2011-02-10,259.1874471738
2011-02-11,259.1874471738
2011-02-14,259.1874471738
2011-02-15,265.0780709732
2011-02-16,265.0780709732
2011-02-17,265.0780709732
2011-02-18,265.0780709732
2011-02-21,265.0780709732
2011-02-22,265.0780709732
2011-02-23,249.9898065046
2011-02-24,249.9898065046
2011-02-25,249.9898065046
2011-02-28,253.7102004832
2011-03-01,253.7102004832
2011-03-02,253.7102004832
2011-03-03,253.7102004832
2011-03-04,253.7102004832
2011-03-07,253.7102004832
2011-03-08,253.7102004832
2011-03-09,251.7179727605
2011-03-10,248.6300197903
2011-03-11,248.7296311765
2011-03-14,245.4424554340
2011-03-15,245.8409009786
2011-03-16,241.2587772164
2011-03-17,242.4043081570
2011-03-18,247.3848774637
2011-03-21,250.0743848893
2011-03-22,249.2774938002
2011-03-23,251.2697215229
2011-03-24,247.8331287013
2011-03-25,249.9747735031
2011-03-28,251.0206930575
2011-03-29,248.3809913250
2011-03-30,250.6222475130
2011-03-31,250.9708873645
2011-04-01,253.2619492456
2011-04-06,253.9592289485
2011-04-07,253.2619492456
2011-04-08,253.7102004832
2011-04-11,255.2541769682
2011-04-12,250.5724418199
2011-04-13,249.9747735031
2011-04-14,247.4346831567
2011-04-15,245.4922611271
2011-04-18,242.8027537015
2011-04-19,245.2432326618
2011-04-20,244.3965358796
2011-04-21,245.2432326618
2011-04-22,247.7833230082
2011-04-25,249.3272994933
2011-04-26,248.4307970181
2011-04-27,248.9288539487
2011-04-28,249.0284653349
2011-04-29,242.4541138500
2011-05-03,242.4541138500
2011-05-04,246.1397351370
2011-05-05,244.0478960282
2011-05-06,244.0478960282
2011-05-09,244.0478960282
2011-05-10,244.0478960282
2011-05-11,244.0478960282
2011-05-12,244.9045580625
2011-05-13,246.9202334375
2011-05-16,246.9202334375
2011-05-17,246.9202334375
2011-05-18,246.9202334375
2011-05-19,246.5674902469
2011-05-20,247.1721928594
2011-05-23,249.7421789625
2011-05-24,246.9706253219
2011-05-25,248.5327737375
2011-05-26,249.8429627313
2011-05-27,249.8429627313
2011-05-30,249.8429627313
2011-05-31,250.1453140375
2011-06-01,252.8160839094
2011-06-02,249.1374763500
2011-06-03,253.2696108688
2011-06-07,249.6413951938
2011-06-08,249.6413951938
2011-06-09,249.9437465000
2011-06-10,249.0366925813
2011-06-13,249.0366925813
2011-06-14,249.0366925813
2011-06-15,251.9594218750
2011-06-16,251.9594218750
2011-06-17,251.9594218750
2011-06-20,251.9594218750
2011-06-21,251.9594218750
2011-06-22,251.9594218750
2011-06-23,245.1565174844
2011-06-24,245.1565174844
2011-06-27,238.4543968625
2011-06-28,240.3188965844
2011-06-29,240.3188965844
2011-06-30,243.1408421094
2011-07-01,238.3536130938
2011-07-04,238.3536130938
2011-07-05,238.3536130938
2011-07-06,238.3536130938
2011-07-07,238.3536130938
2011-07-08,238.3536130938
2011-07-11,238.3536130938
2011-07-12,236.6302288658
2011-07-13,236.6302288658
2011-07-14,238.4014848779
2011-07-15,236.9653313545
2011-07-18,236.5823570816
2011-07-19,236.9653313545
2011-07-20,237.4440491957
2011-07-21,237.4440491957
2011-07-22,237.2046902751
2011-07-25,237.2046902751
2011-07-26,235.0504599901
2011-07-27,235.5291778312
2011-07-28,235.1462035583
2011-07-29,238.1621259573
2011-08-01,238.1621259573
2011-08-02,238.1621259573
2011-08-03,238.1621259573
2011-08-04,238.1621259573
2011-08-05,238.1621259573
2011-08-08,236.9111733766
2011-08-09,231.1375460806
2011-08-10,234.3611546542
2011-08-11,234.8422902622
2011-08-12,237.1998547414
2011-08-15,237.7291039101
2011-08-16,236.7187191334
2011-08-17,236.9111733766
2011-08-18,237.6328767885
2011-08-19,235.5158801134
2011-08-22,235.4196529918
2011-08-23,236.0451292822
2011-08-24,235.6121072350
2011-08-25,235.5158801134
2011-08-26,235.8045614782
2011-08-29,237.6328767885
2011-08-30,238.4989208829
2011-08-31,241.0970531661
2011-09-01,242.2036650645
2011-09-02,242.8772549157
2011-09-05,242.9734820373
2011-09-06,242.9734820373
2011-09-07,245.3791600773
2011-09-08,245.3791600773
2011-09-09,245.3791600773
2011-09-13,245.3791600773
2011-09-14,240.8225340308
2011-09-15,240.6771097953
2011-09-16,240.6771097953
2011-09-19,237.1384533975
2011-09-20,236.5082817102
2011-09-21,235.1509888453
2011-09-22,235.1509888453
2011-09-23,224.0017974550
2011-09-26,218.4756765050
2011-09-27,222.4990803545
2011-09-28,218.6211007405
2011-09-29,215.9549897559
2011-09-30,217.1668583852
2011-10-10,215.6641412848
2011-10-11,217.5061816015
2011-10-12,217.5061816015
2011-10-13,217.6516058370
2011-10-14,218.7180502309
2011-10-17,219.2027976826
2011-10-18,213.3373535164
2011-10-19,213.7251514778
2011-10-20,210.8651415125
2011-10-21,214.5007474006
2011-10-24,218.0394037984
2011-10-25,214.0159999489
2011-10-26,216.8275351690
2011-10-27,216.8275351690
2011-10-28,216.8275351690
2011-10-31,216.8275351690
2011-11-01,216.8275351690
2011-11-02,216.8275351690
2011-11-03,216.8275351690
2011-11-04,216.8275351690
2011-11-07,216.8275351690
2011-11-08,216.8275351690
2011-11-09,216.8275351690
2011-11-10,216.8275351690
2011-11-11,217.9297084069
2011-11-14,221.8374135232
2011-11-15,225.0437356699
2011-11-16,225.0437356699
2011-11-17,225.0437356699
2011-11-18,225.0437356699
2011-11-21,225.0437356699
2011-11-22,222.9395867611
2011-11-23,220.0839560992
2011-11-24,219.9336597486
2011-11-25,216.9277327361
2011-11-28,219.1821779955
2011-11-29,219.4326719132
2011-11-30,211.9679531655
2011-12-01,212.9198300528
2011-12-02,212.9198300528
2011-12-05,212.9198300528
2011-12-06,212.9198300528
2011-12-07,212.9198300528
2011-12-08,212.9198300528
2011-12-09,213.7544247290
2011-12-12,211.1033592868
2011-12-13,210.2196708061
2011-12-14,209.4341699343
2011-12-15,207.1758549280
2011-12-16,208.7468566715
2011-12-19,209.8269203702
2011-12-20,209.7287327612
2011-12-21,210.2687646106
2011-12-22,210.7106088509
2011-12-23,211.5452035272
2011-12-26,212.1834229855
2011-12-27,211.1524530913
2011-12-28,213.2634866842
2011-12-29,213.4107680976
2011-12-30,211.9379539631
2012-01-04,214.6872070142
2012-01-05,215.2763326681
2012-01-06,215.2763326681
2012-01-09,215.2763326681
2012-01-10,215.0799574501
2012-01-11,216.2582087578
2012-01-12,215.5796756061
2012-01-13,214.7072758397
2012-01-16,211.8962099258
2012-01-17,211.8962099258
2012-01-18,211.8962099258
2012-01-19,211.8962099258
2012-01-20,211.8962099258
2012-01-30,211.8962099258
2012-01-31,213.5440761512
2012-02-01,213.5440761512
2012-02-02,214.9011424545
2012-02-03,215.6766089135
2012-02-06,215.6766089135
2012-02-07,217.4698751000
2012-02-08,217.4698751000
2012-02-09,220.8140742045
2012-02-10,218.2453415590
2012-02-13,218.6815414422
2012-02-14,218.6815414422
2012-02-15,218.6815414422
2012-02-16,218.6815414422
2012-02-17,218.6815414422
2012-02-20,218.6815414422
2012-02-21,218.6815414422
2012-02-22,215.4827422987
2012-02-23,215.7250755672
2012-02-24,215.7250755672
2012-02-27,220.3294076676
2012-02-28,220.3294076676
2012-02-29,216.8882752557
2012-03-01,216.8882752557
2012-03-02,216.8882752557
2012-03-05,216.8882752557
2012-03-06,216.8882752557
2012-03-07,216.8882752557
2012-03-08,216.8882752557
2012-03-09,220.9170128861
2012-03-12,221.2013943659
2012-03-13,220.8696159728
2012-03-14,222.8602863314
2012-03-15,222.8602863314
2012-03-16,223.1920647245
2012-03-19,223.5712400309
2012-03-20,222.0071418920
2012-03-21,220.4904406664
2012-03-22,221.1539974526
2012-03-23,222.5285079383
2012-03-26,226.3202610022
2012-03-27,226.0832764357
2012-03-28,225.6093073027
2012-03-29,224.5191782968
2012-03-30,223.3342554644
2012-04-05,228.6427097538
2012-04-06,231.6761122050
2012-04-09,233.0032257773
2012-04-10,233.1928134305
2012-04-11,231.5339214651
2012-04-12,231.7709060316
2012-04-13,233.2876072571
2012-04-16,231.2969368986
2012-04-17,231.4391276385
2012-04-18,231.2969368986
2012-04-19,230.4437924592
2012-04-20,229.8750294996
2012-04-23,231.3443338119
2012-04-24,229.8750294996
2012-04-25,230.7755708523
2012-04-26,230.7281739390
2012-04-27,231.0599523321
2012-05-02,230.9177615922
2012-05-03,231.2021430720
2012-05-04,232.2448751645
2012-05-07,225.6093073027
2012-05-08,225.6093073027
2012-05-09,225.6093073027
2012-05-10,225.6093073027
2012-05-11,223.7110379943
2012-05-14,220.1517830411
2012-05-15,218.3958839308
2012-05-16,217.5416627420
2012-05-17,217.3992925439
2012-05-18,217.3992925439
2012-05-21,216.9247252168
2012-05-22,216.9247252168
2012-05-23,216.9247252168
2012-05-24,216.9247252168
2012-05-25,214.2196914523
2012-05-28,214.8840857103
2012-05-29,215.5959367009
2012-05-30,215.3111963047
2012-05-31,215.3111963047
2012-06-01,212.1315952131
2012-06-04,212.1315952131
2012-06-05,212.1315952131
2012-06-06,212.1315952131
2012-06-07,212.1315952131
2012-06-08,211.1824605589
2012-06-11,214.6468020467
2012-06-12,212.9858164019
2012-06-13,211.6095711533
2012-06-14,209.9485855084
2012-06-15,204.9656285739
2012-06-18,210.7553499645
2012-06-19,214.0298645215
2012-06-20,215.4535665028
2012-06-21,215.4535665028
2012-06-25,217.1145521476
2012-06-26,217.2569223458
2012-06-27,217.2569223458
2012-06-28,220.6738071009
2012-06-29,220.6738071009
2012-07-02,220.6738071009
2012-07-03,220.6738071009
2012-07-04,220.6738071009
2012-07-05,220.6738071009
2012-07-06,220.6738071009
2012-07-09,220.6738071009
2012-07-10,220.6273592358
2012-07-11,220.6273592358
2012-07-12,220.6273592358
2012-07-13,216.4470513766
2012-07-16,216.4470513766
2012-07-17,216.4470513766
2012-07-18,216.4470513766
2012-07-19,216.4470513766
2012-07-20,221.5563165378
2012-07-23,219.0016839572
2012-07-24,219.0016839572
2012-07-25,212.4989828429
2012-07-26,212.4989828429
2012-07-27,218.3049659807
2012-07-30,218.3049659807
2012-07-31,217.3760086786
2012-08-01,217.3760086786
2012-08-02,217.3760086786
2012-08-03,217.3760086786
2012-08-06,217.3760086786
2012-08-07,217.3760086786
2012-08-08,217.3760086786
2012-08-09,219.4375303626
2012-08-10,220.4453854081
2012-08-13,221.2699940817
2012-08-14,219.9414578854
2012-08-15,219.4833419556
2012-08-16,218.3380521311
2012-08-17,218.4296753171
2012-08-20,218.0173709803
2012-08-21,218.7045448750
2012-08-22,221.5448636396
2012-08-23,222.0029795694
2012-08-24,222.0029795694
2012-08-27,224.5684287761
2012-08-28,223.5147621376
2012-08-29,223.9270664744
2012-08-30,223.0566462078
2012-08-31,222.1862259413
2012-09-03,225.5762838216
2012-09-04,225.5762838216
2012-09-05,226.7673852390
2012-09-06,225.4846606356
2012-09-07,224.0186896604
2012-09-10,224.0186896604
2012-09-11,224.0186896604
2012-09-12,224.0186896604
2012-09-13,224.0186896604
2012-09-14,224.0186896604
2012-09-17,224.0186896604
2012-09-18,220.6595441619
2012-09-19,220.2963932972
2012-09-20,218.3444573995
2012-09-21,218.3444573995
2012-09-24,218.1174881090
2012-09-25,212.9879821452
2012-09-26,212.9879821452
2012-09-27,212.9879821452
2012-09-28,207.9492638975
2012-10-08,203.8638166696
2012-10-09,203.8638166696
2012-10-10,203.8638166696
2012-10-11,205.2710262704
2012-10-12,205.2710262704
2012-10-15,205.2710262704
2012-10-16,205.2710262704
2012-10-17,205.2710262704
2012-10-18,205.2710262704
2012-10-19,205.2710262704
2012-10-22,205.2710262704
2012-10-23,209.4472612144
2012-10-24,209.4472612144
2012-10-25,215.3484627657
2012-10-26,215.3484627657
2012-10-29,215.3484627657
2012-10-30,215.3484627657
2012-10-31,206.8144174453
2012-11-01,194.4218941875
2012-11-02,194.4218941875
2012-11-05,194.4218941875
2012-11-06,194.4218941875
2012-11-07,194.4218941875
2012-11-08,194.4218941875
2012-11-09,194.4218941875
2012-11-12,194.4218941875
2012-11-13,194.4218941875
2012-11-14,194.4218941875
2012-11-15,186.6723696830
2012-11-16,182.9343637455
2012-11-19,182.9343637455
2012-11-20,184.2563414551
2012-11-21,187.9487619543
2012-11-22,187.9487619543
2012-11-23,188.0399328308
2012-11-26,188.0399328308
2012-11-27,188.0399328308
2012-11-28,188.4957872134
2012-11-29,188.7237144048
2012-11-30,188.7237144048
2012-12-03,177.4185257158
2012-12-04,177.4185257158
2012-12-05,177.4185257158
2012-12-06,177.4185257158
2012-12-07,177.4185257158
2012-12-10,177.8274183770
2012-12-11,178.7678714979
2012-12-12,176.8869652562
2012-12-13,176.1509584659
2012-12-14,177.3776364497
2012-12-17,179.9945494816
2012-12-18,180.0354387478
2012-12-19,178.6452036995
2012-12-20,176.4371833288
2012-12-21,177.1731901190
2012-12-24,178.4407573689
2012-12-25,178.0318647076
2012-12-26,178.5225359011
2012-12-27,177.3776364497
2012-12-28,176.0691799337
2012-12-31,175.3331731434
2013-01-04,185.8417145375
2013-01-07,183.5928049006
2013-01-08,178.9723178285
2013-01-09,178.9723178285
2013-01-10,168.2593301038
2013-01-11,168.2593301038
2013-01-14,168.1802422871
2013-01-15,169.7619986218
2013-01-16,170.0783498887
2013-01-17,170.7505963310
2013-01-18,169.6038229883
2013-01-21,171.4228427732
2013-01-22,172.0160013987
2013-01-23,172.0160013987
2013-01-24,170.0783498887
2013-01-25,170.0783498887
2013-01-28,170.0783498887
2013-01-29,169.0502082712
2013-01-30,169.8015425301
2013-01-31,169.8015425301
2013-02-01,171.7391940401
2013-02-04,171.7391940401
2013-02-05,171.7391940401
2013-02-06,171.7391940401
2013-02-07,170.4342450640
2013-02-08,170.4342450640
2013-02-18,170.4342450640
2013-02-19,169.8410864385
2013-02-20,170.7901402393
2013-02-21,168.2988740122
2013-02-22,169.7224547134
2013-02-25,168.5361374624
2013-02-26,165.4121687013
2013-02-27,165.5703443348
2013-02-28,165.5703443348
2013-03-01,155.6448233346
2013-03-04,155.6448233346
2013-03-05,155.6448233346
2013-03-06,155.6448233346
2013-03-07,155.6448233346
2013-03-08,155.6448233346
2013-03-11,154.6692289742
2013-03-12,153.3934517338
2013-03-13,150.8418972529
2013-03-14,149.5661200124
2013-03-15,150.2790543527
2013-03-18,149.6411657325
2013-03-19,150.3916229327
2013-03-20,150.0163943326
2013-03-21,151.4047401531
2013-03-22,150.8043743929
2013-03-25,150.8418972529
2013-03-26,150.4291457927
2013-03-27,150.7668515329
2013-03-28,150.2415314927
2013-03-29,147.6899770118
2013-04-01,146.2265854713
2013-04-02,145.8888797311
2013-04-03,146.0389711712
2013-04-08,146.4141997713
2013-04-09,147.4648398517
2013-04-10,147.6149312918
2013-04-11,146.1515397512
2013-04-12,144.1253053105
2013-04-15,141.3486136696
2013-04-16,138.4968763086
2013-04-17,140.4105421692
2013-04-18,138.9846734887
2013-04-19,139.5475163889
2013-04-22,136.3955961478
2013-04-23,135.1573417674
2013-04-24,134.0316559670
2013-04-25,133.6189045068
2013-04-26,133.4688130668
2013-05-02,131.0673500260
2013-05-03,131.5926700661
2013-05-06,133.0185387466
2013-05-07,133.3562444868
2013-05-08,134.9322046073
2013-05-09,134.9322046073
2013-05-10,136.7866879032
2013-05-13,136.7866879032
2013-05-14,137.8993778807
2013-05-15,135.1547426028
2013-05-16,135.1547426028
2013-05-17,135.1547426028
2013-05-20,135.1547426028
2013-05-21,135.1547426028
2013-05-22,135.1547426028
2013-05-23,135.1547426028
2013-05-24,135.8223565893
2013-05-27,136.6754189054
2013-05-28,136.6754189054
2013-05-29,136.6754189054
2013-05-30,135.2289219346
2013-05-31,135.2289219346
2013-06-03,135.2289219346
2013-06-04,135.4514599301
2013-06-05,135.4514599301
2013-06-06,135.4514599301
2013-06-07,135.9336255871
2013-06-13,135.9336255871
2013-06-14,135.9336255871
2013-06-17,135.9336255871
2013-06-18,135.9336255871
2013-06-19,135.1918322687
2013-06-20,135.1918322687
2013-06-21,135.1918322687
2013-06-24,135.1918322687
2013-06-25,135.1918322687
2013-06-26,135.1918322687
2013-06-27,135.1918322687
2013-06-28,135.1918322687
2013-07-01,135.1918322687
2013-07-02,135.1918322687
2013-07-03,135.1918322687
2013-07-04,133.1148109774
2013-07-05,125.1405328051
2013-07-08,125.1405328051
2013-07-09,124.1639623150
2013-07-10,124.1639623150
2013-07-11,124.1639623150
2013-07-12,124.1639623150
2013-07-15,122.8386166498
2013-07-16,124.8615126651
2013-07-17,124.8615126651
2013-07-18,124.8615126651
2013-07-19,123.1176367899
2013-07-22,123.1176367899
2013-07-23,125.5241854977
2013-07-24,125.5241854977
2013-07-25,122.0713112648
2013-07-26,122.3154538873
2013-07-29,120.2925578720
2013-07-30,120.2925578720
2013-07-31,116.2816433591
2013-08-01,116.2816433591
2013-08-02,109.3061398582
2013-08-05,109.3061398582
2013-08-06,109.3061398582
2013-08-07,109.3061398582
2013-08-08,109.3061398582
2013-08-09,109.8211275607
2013-08-12,109.7889408293
2013-08-13,112.3638793419
2013-08-14,112.2029456848
2013-08-15,112.0741987592
2013-08-16,113.5226016725
2013-08-19,113.6191618668
2013-08-20,113.1685476271
2013-08-21,112.9432405072
2013-08-22,112.9110537758
2013-08-23,112.7823068502
2013-08-26,116.0331667223
2013-08-27,116.2262871107
2013-08-28,116.1297269165
2013-08-29,114.5525770776
2013-08-30,112.2351324163
2013-09-02,112.6857466559
2013-09-03,113.4904149411
2013-09-04,112.9110537758
2013-09-05,112.5569997303
2013-09-06,114.6813240032
2013-09-09,116.3578572751
2013-09-10,115.4228675658
2013-09-11,115.4228675658
2013-09-12,119.8721289412
2013-09-13,115.9064829327
2013-09-16,115.9064829327
2013-09-17,114.2299496607
2013-09-18,114.2299496607
2013-09-23,113.1337548291
2013-09-24,113.9075394161
2013-09-25,113.9075394161
2013-09-26,113.9075394161
2013-09-27,113.9075394161
2013-09-30,110.9413651659
2013-10-08,111.5217036061
2013-10-09,112.6823804867
2013-10-10,112.8435856090
2013-10-11,113.6496112205
2013-10-14,113.6496112205
2013-10-15,113.6496112205
2013-10-16,113.6496112205
2013-10-17,114.7135650276
2013-10-18,114.7135650276
2013-10-21,115.0037342478
2013-10-22,118.0343905470
2013-10-23,115.0682162967
2013-10-24,115.2939034679
2013-10-25,113.5206471226
2013-10-28,111.2960164349
2013-10-29,109.0391447227
2013-10-30,108.2976011602
2013-10-31,106.8145140350
2013-11-01,106.8145140350
2013-11-04,106.8145140350
2013-11-05,106.8145140350
2013-11-06,106.8145140350
2013-11-07,106.8145140350
2013-11-08,106.8145140350
2013-11-11,106.4857620332
2013-11-12,106.3662158508
2013-11-13,106.1570100314
2013-11-14,107.5616776754
2013-11-15,107.5616776754
2013-11-18,107.5616776754
2013-11-19,107.8605431316
2013-11-20,107.5915642211
2013-11-21,107.5317911298
2013-11-22,107.0237198543
2013-11-25,107.0834929456
2013-11-26,107.0834929456
2013-11-27,107.2926987649
2013-11-28,104.1546114751
2013-11-29,103.6764267452
2013-12-02,103.6764267452
2013-12-03,105.7983714840
2013-12-04,105.7983714840
2013-12-05,105.7983714840
2013-12-06,105.7983714840
2013-12-09,105.9735343507
2013-12-10,105.7691776729
2013-12-11,105.8859529174
2013-12-12,105.9735343507
2013-12-13,104.3970685505
2013-12-16,103.2585099170
2013-12-17,103.4044789725
2013-12-18,102.2659203390
2013-12-19,102.5286646391
2013-12-20,101.8864007945
2013-12-23,101.8280131723
2013-12-24,101.2441369500
2013-12-25,100.5726792943
2013-12-26,99.9596092609
2013-12-27,99.9888030720
2013-12-30,100.4850978609
2013-12-31,99.7552525830
2014-01-02,98.9670196829
2014-01-03,98.9670196829
2014-01-06,97.6241043716
2014-01-07,96.0476385713
2014-01-08,94.1500408488
2014-01-09,94.2960099044
2014-01-10,96.2824190349
2014-01-13,95.4352739646
2014-01-14,95.6105453584
2014-01-15,95.2600025707
2014-01-16,95.8150286513
2014-01-17,94.3836456013
2014-01-20,96.9542927115
2014-01-21,95.6397572574
2014-01-22,95.4644858635
2014-01-23,96.8374451155
2014-01-24,96.5745380247
2014-01-27,96.0779357421
2014-01-28,94.6465526921
2014-01-29,94.6173407931
2014-01-30,92.4264483697
2014-02-07,94.9970954799
2014-02-10,96.2532071360
2014-02-11,96.2532071360
2014-02-12,95.2307906717
2014-02-13,96.5453261258
2014-02-14,96.5745380247
2014-02-17,98.0643448727
2014-02-18,99.2328208318
2014-02-19,99.5249398216
2014-02-20,99.5249398216
2014-02-21,97.8598615798
2014-02-24,97.8598615798
2014-02-25,97.8598615798
2014-02-26,97.8598615798
2014-02-27,98.7070066502
2014-02-28,98.5609471553
2014-03-03,92.6601435615
2014-03-04,87.1098827555
2014-03-05,80.1574507985
2014-03-06,80.1574507985
2014-03-07,80.1574507985
2014-03-10,79.3184619217
2014-03-11,79.8626709229
2014-03-12,79.9987231732
2014-03-13,79.8399955478
2014-03-14,79.2050850464
2014-03-17,78.7515775455
2014-03-18,78.3207454195
2014-03-19,78.2980700445
2014-03-20,77.2776781673
2014-03-21,76.7107937911
2014-03-24,76.7107937911
2014-03-25,76.8695214164
2014-03-26,77.4817565427
2014-03-27,77.8672379186
2014-03-28,77.8445625435
2014-03-31,77.8899132936
2014-04-01,77.7992117934
2014-04-02,79.5452156722
2014-04-03,78.6382006702
2014-04-04,79.0690327962
2014-04-08,78.8196036706
2014-04-09,79.4318387969
2014-04-10,79.5678910472
2014-04-11,78.5928499201
2014-04-14,78.5021484199
2014-04-15,77.8218871685
2014-04-16,77.8672379186
2014-04-17,78.6608760453
2014-04-18,78.5928499201
2014-04-21,78.5928499201
2014-04-22,78.5248237950
2014-04-23,78.2073685443
2014-04-24,77.9579394187
2014-04-25,78.2300439193
2014-04-28,78.4794730449
2014-04-29,77.9806147938
2014-04-30,77.7085102932
2014-05-05,76.0305325396
2014-05-06,75.4182974133
2014-05-07,75.3049205380
2014-05-08,74.3298794109
2014-05-09,74.6700100366
2014-05-12,74.6700100366
2014-05-13,74.6700100366
2014-05-14,75.2239418618
2014-05-15,75.2239418618
2014-05-16,75.2239418618
2014-05-19,75.2239418618
2014-05-20,75.2239418618
2014-05-21,75.2239418618
2014-05-22,73.6286182053
2014-05-23,73.6286182053
2014-05-26,73.6286182053
2014-05-27,73.6286182053
2014-05-28,73.6286182053
2014-05-29,73.6286182053
2014-05-30,74.4705945796
2014-06-03,74.4705945796
2014-06-04,74.4705945796
2014-06-05,74.4705945796
2014-06-06,74.4705945796
2014-06-09,74.4705945796
2014-06-10,74.4705945796
2014-06-11,74.4705945796
2014-06-12,74.4705945796
2014-06-13,74.4705945796
2014-06-16,74.4705945796
2014-06-17,74.4705945796
2014-06-18,73.5843036592
2014-06-19,73.5843036592
2014-06-20,70.8146445333
2014-06-23,70.8146445333
2014-06-24,70.8146445333
2014-06-25,72.9195854690
2014-06-26,72.9195854690
2014-06-27,72.9195854690
2014-06-30,70.0834545240
2014-07-01,70.0834545240
2014-07-02,70.0834545240
2014-07-03,70.0834545240
2014-07-04,70.0834545240
2014-07-07,70.0834545240
2014-07-08,70.0834545240
2014-07-09,68.4950992988
2014-07-10,68.4950992988
2014-07-11,68.4950992988
2014-07-14,68.4080661358
2014-07-15,68.4080661358
2014-07-16,68.4080661358
2014-07-17,68.4080661358
2014-07-18,68.4080661358
2014-07-21,68.4080661358
2014-07-22,66.0799290250
2014-07-23,66.6891611661
2014-07-24,65.3183888485
2014-07-25,66.4715782586
2014-07-28,66.6891611661
2014-07-29,66.7761943291
2014-07-30,66.9067440737
2014-07-31,67.1460852720
2014-08-01,67.1460852720
2014-08-04,67.1460852720
2014-08-05,67.1460852720
2014-08-06,68.5386158803
2014-08-07,68.5386158803
2014-08-08,64.4698155090
2014-08-11,64.4698155090
2014-08-12,63.7624990433
2014-08-13,63.5960716396
2014-08-14,61.6613530716
2014-08-15,60.8500194785
2014-08-18,59.8306516308
2014-08-19,60.0386858855
2014-08-20,59.7890447799
2014-08-21,60.1843098637
2014-08-22,60.2675235656
2014-08-25,59.3313694197
2014-08-26,60.0386858855
2014-08-27,60.6835920748
2014-08-28,60.4131475438
2014-08-29,60.4339509693
2014-09-01,59.8306516308
2014-09-02,59.8306516308
2014-09-03,60.4547543947
2014-09-04,60.1843098637
2014-09-05,60.0802927364
2014-09-09,59.9346687582
2014-09-10,59.4264032497
2014-09-11,59.1011133243
2014-09-12,59.3044195277
2014-09-15,59.8533462768
2014-09-16,60.8902079141
2014-09-17,60.8698772937
2014-09-18,60.8495466734
2014-09-19,59.3654113887
2014-09-22,59.0604520836
2014-09-23,59.0604520836
2014-09-24,59.0604520836
2014-09-25,59.0604520836
2014-09-26,58.5725171955
2014-09-29,57.1697043921
2014-09-30,58.6538396768
2014-10-08,58.6538396768
2014-10-09,58.6538396768
2014-10-10,58.6538396768
2014-10-13,58.8164846395
2014-10-14,58.8164846395
2014-10-15,58.4505334734
2014-10-16,58.4302028531
2014-10-17,58.2878885107
2014-10-20,56.4784633006
2014-10-21,56.4784633006
2014-10-22,56.4784633006
2014-10-23,56.8444144667
2014-10-24,56.8444144667
2014-10-27,56.9257369480
2014-10-28,56.9054063277
2014-10-29,56.9054063277
2014-10-30,56.9054063277
2014-10-31,57.9422679650
2014-11-03,57.9422679650
2014-11-04,57.9422679650
2014-11-05,57.9422679650
2014-11-06,57.9422679650
2014-11-07,57.9422679650
2014-11-10,58.2247163464
2014-11-11,58.2045414620
2014-11-12,58.5475144966
2014-11-13,58.5475144966
2014-11-14,58.5475144966
2014-11-17,59.2132856815
2014-11-18,56.8528242080
2014-11-19,56.8528242080
2014-11-20,56.8528242080
2014-11-21,56.8528242080
2014-11-24,54.6134120408
2014-11-25,56.7922995548
2014-11-26,57.7203442367
2014-11-27,58.1641916933
2014-11-28,58.1641916933
2014-12-01,54.6941115784
2014-12-02,51.5064798449
2014-12-03,51.5064798449
2014-12-04,51.5064798449
2014-12-05,51.5064798449
2014-12-08,52.0783641125
2014-12-09,51.5433756041
2014-12-10,52.0599162329
2014-12-11,51.4880319653
2014-12-12,51.5987192429
2014-12-15,51.5987192429
2014-12-16,50.9899392161
2014-12-17,50.7870125405
2014-12-18,50.8608040589
2014-12-19,50.1782325137
2014-12-22,50.1413367545
2014-12-23,49.8646185605
2014-12-24,49.7539312829
2014-12-25,49.4956609684
2014-12-26,49.5879003664
2014-12-29,50.2520240321
2014-12-30,50.3073676709
2014-12-31,50.4918464669
2015-01-05,49.3111821724
2015-01-06,50.7870125405
2015-01-07,51.9676768349
2015-01-08,49.3480779316
2015-01-09,50.7316689017
2015-01-12,51.1454378324
2015-01-13,51.1454378324
2015-01-14,51.1454378324
2015-01-15,49.4723721559
2015-01-16,47.6733768048
2015-01-19,47.8352863864
2015-01-20,47.8352863864
2015-01-21,48.3749849917
2015-01-22,48.4289548522
2015-01-23,48.1770955031
2015-01-26,48.5728744803
2015-01-27,48.5728744803
2015-01-28,48.6628242479
2015-01-29,47.8352863864
2015-01-30,47.5474471302
2015-02-02,48.8787036900
2015-02-03,49.5803118770
2015-02-04,49.5803118770
2015-02-05,48.6808142014
2015-02-06,48.6808142014
2015-02-09,48.6808142014
2015-02-10,48.6808142014
2015-02-11,48.6808142014
2015-02-12,48.6808142014
2015-02-13,48.6808142014
2015-02-16,49.2744826673
2015-02-17,47.1696581065
2015-02-25,44.5251349403
2015-02-26,46.2701604309
2015-02-27,49.0046333646
2015-03-02,48.1231256426
2015-03-03,48.1231256426
2015-03-04,48.1231256426
2015-03-05,48.1231256426
2015-03-06,48.1231256426
2015-03-09,48.0357561334
2015-03-10,48.2454429554
2015-03-11,48.0008083297
2015-03-12,48.1405995444
2015-03-13,47.9658605261
2015-03-16,47.2319566492
2015-03-17,47.4940651766
2015-03-18,47.3717478638
2015-03-19,48.1231256426
2015-03-20,47.8959649188
2015-03-23,47.8260693114
2015-03-24,48.0881778389
2015-03-25,48.0357561334
2015-03-26,48.0881778389
2015-03-27,48.1405995444
2015-03-30,47.5989085876
2015-03-31,47.4416434711
2015-04-01,47.3193261583
2015-04-02,47.5115390785
2015-04-03,47.5639607840
2015-04-07,48.0008083297
2015-04-08,47.9134388206
2015-04-09,47.5639607840
2015-04-10,47.5639607840
2015-04-13,48.1930212499
2015-04-14,48.1056517407
2015-04-15,48.6123948938
2015-04-16,49.1715597524
2015-04-17,48.8220817158
2015-04-20,48.8570295195
2015-04-21,49.1540858506
2015-04-22,49.1191380469
2015-04-23,48.9968207341
2015-04-24,48.9443990286
2015-04-27,48.7871339121
2015-04-28,48.9094512250
2015-04-29,48.8395556176
2015-04-30,48.8395556176
2015-05-04,49.5035638872
2015-05-05,50.6743153099
2015-05-06,51.3383235795
2015-05-07,51.3383235795
2015-05-08,51.3383235795
2015-05-11,51.3383235795
2015-05-12,50.7655836612
2015-05-13,51.5118811304
2015-05-14,51.4945253753
2015-05-15,51.4945253753
2015-05-18,51.4945253753
2015-05-19,51.4945253753
2015-05-20,51.4945253753
2015-05-21,49.4639020289
2015-05-22,49.4465462738
2015-05-25,49.4465462738
2015-05-26,49.6548153350
2015-05-27,49.6548153350
2015-05-28,49.6548153350
2015-05-29,50.4705358246
2015-06-01,50.4705358246
2015-06-02,50.4705358246
2015-06-03,51.8069289671
2015-06-04,50.6267376204
2015-06-05,50.6267376204
2015-06-08,50.6267376204
2015-06-09,50.6267376204
2015-06-10,50.6267376204
2015-06-11,50.6267376204
2015-06-12,50.6267376204
2015-06-15,50.6267376204
2015-06-16,50.6267376204
2015-06-17,50.6267376204
2015-06-18,50.9564969673
2015-06-19,50.9564969673
2015-06-23,50.4878915797
2015-06-24,50.4878915797
2015-06-25,50.4878915797
2015-06-26,48.4746239883
2015-06-29,48.4746239883
2015-06-30,48.4746239883
2015-07-01,48.4746239883
2015-07-02,48.4746239883
2015-07-03,48.4746239883
2015-07-06,48.4746239883
2015-07-07,48.4746239883
2015-07-08,48.4746239883
2015-07-09,46.7402903930
2015-07-10,46.7402903930
2015-07-13,47.2259037997
2015-07-14,47.9369805738
2015-07-15,47.9022939019
2015-07-16,47.9022939019
2015-07-17,47.9022939019
2015-07-20,47.9022939019
2015-07-21,47.9022939019
2015-07-22,47.9022939019
2015-07-23,47.9022939019
2015-07-24,47.9022939019
2015-07-27,47.9022939019
2015-07-28,47.9022939019
2015-07-29,47.9022939019
2015-07-30,48.1971306131
2015-07-31,48.1971306131
2015-08-03,48.1971306131
2015-08-04,48.1971306131
2015-08-05,48.1971306131
2015-08-06,48.1971306131
2015-08-07,48.1971306131
2015-08-10,48.6949246585
2015-08-11,49.2638321390
2015-08-12,49.3527239328
2015-08-13,49.1038269101
2015-08-14,48.9971567575
2015-08-17,48.9616000400
2015-08-18,49.0149351163
2015-08-19,48.9971567575
2015-08-20,49.2816104978
2015-08-21,49.4060590091
2015-08-24,48.3926925595
2015-08-25,47.9126768728
2015-08-26,48.8904866049
2015-08-27,49.0682701926
2015-08-28,49.2104970627
2015-08-31,48.8904866049
2015-09-01,48.4993627121
2015-09-02,49.0327134750
2015-09-07,49.7971829020
2015-09-08,49.8149612607
2015-09-09,50.7572142753
2015-09-10,49.8149612607
2015-09-11,49.8149612607
2015-09-14,49.8149612607
2015-09-15,50.4136564473
2015-09-16,49.5684397133
2015-09-17,49.6917004870
2015-09-18,49.5684397133
2015-09-21,48.6527882515
2015-09-22,48.6527882515
2015-09-23,48.6527882515
2015-09-24,49.1282226643
2015-09-25,49.5332223494
2015-09-28,50.0086567623
2015-09-29,50.0086567623
2015-09-30,50.0086567623
2015-10-08,51.0827863617
2015-10-09,51.0827863617
2015-10-12,51.5758294566
2015-10-13,50.6601779947
2015-10-14,51.0651776798
2015-10-15,50.7834387684
2015-10-16,50.7834387684
2015-10-19,50.7834387684
2015-10-20,49.4099615757
2015-10-21,51.3821339550
2015-10-22,51.8751770499
2015-10-23,51.8751770499
2015-10-26,51.3469165911
2015-10-27,51.3469165911
2015-10-28,51.3469165911
2015-10-29,51.3469165911
2015-10-30,53.0901761050
2015-11-02,54.9743050746
2015-11-03,54.9743050746
2015-11-04,54.9743050746
2015-11-05,54.9743050746
2015-11-06,54.9743050746
2015-11-09,54.9743050746
2015-11-10,54.9743050746
2015-11-11,54.4834630650
2015-11-12,53.5772932011
2015-11-13,53.5772932011
2015-11-16,53.5772932011
2015-11-17,53.8227142059
2015-11-18,55.8427178608
2015-11-19,54.1436493660
2015-11-20,53.6528073564
2015-11-23,53.6528073564
2015-11-24,52.6900018761
2015-11-25,52.6900018761
2015-11-26,52.6900018761
2015-11-27,51.7271963957
2015-11-30,51.8971032452
2015-12-01,52.8410301867
2015-12-02,52.8410301867
2015-12-03,52.8410301867
2015-12-04,52.8410301867
2015-12-07,52.8410301867
2015-12-08,52.8410301867
2015-12-09,52.3845596426
2015-12-10,52.1837126032
2015-12-11,51.8733126332
2015-12-14,51.7637597026
2015-12-15,52.0376420291
2015-12-16,51.9280890985
2015-12-17,51.7637597026
2015-12-18,51.5263950197
2015-12-21,52.0376420291
2015-12-22,52.4393361079
2015-12-23,52.2567478903
2015-12-24,52.5306302167
2015-12-25,52.4393361079
2015-12-28,52.2567478903
2015-12-29,52.0376420291
2015-12-30,53.3340183744
2015-12-31,53.4983477702
2016-01-04,52.5854066820
2016-01-05,53.1331713350
2016-01-06,52.6949596126
2016-01-07,52.6767007908
2016-01-08,52.7132184344
2016-01-11,52.6385273703
2016-01-12,52.1903809862
2016-01-13,52.1903809862
2016-01-14,52.1343626882
2016-01-15,51.3874520480
2016-01-18,51.3874520480
2016-01-19,51.3874520480
2016-01-20,51.8729439641
2016-01-21,51.8729439641
2016-01-22,51.8729439641
2016-01-25,51.8729439641
2016-01-26,51.8729439641
2016-01-27,51.8729439641
2016-01-28,51.8729439641
2016-01-29,51.8729439641
2016-02-01,51.8729439641
2016-02-02,50.7712507698
2016-02-03,50.9766511958
2016-02-04,51.9289622621
2016-02-05,51.9289622621
2016-02-15,51.9289622621
2016-02-16,51.9289622621
2016-02-17,51.9289622621
2016-02-18,51.9289622621
2016-02-19,51.9289622621
2016-02-22,51.9289622621
2016-02-23,52.0970171562
2016-02-24,52.0783443902
2016-02-25,52.0970171562
2016-02-26,52.0970171562
2016-02-29,52.0970171562
2016-03-01,52.0970171562
2016-03-02,52.0970171562
2016-03-03,52.0970171562
2016-03-04,52.0970171562
2016-03-07,52.0970171562
2016-03-08,52.0970171562
2016-03-09,51.6786402726
2016-03-10,52.0060656597
2016-03-11,52.4244425433
2016-03-14,52.7154873319
2016-03-15,52.3516813462
2016-03-16,52.3153007476
2016-03-17,52.4790134412
2016-03-18,53.2975769091
2016-03-21,53.1884351134
2016-03-22,53.7159537927
2016-03-23,53.7159537927
2016-03-24,53.0974836169
2016-03-25,53.2248157119
2016-03-28,53.5158605005
2016-03-29,53.6977634934
2016-03-30,53.7523343912
2016-03-31,53.6613828948
2016-04-01,54.5527075598
2016-04-05,54.9892747427
2016-04-06,54.3708045670
2016-04-07,54.3344239684
2016-04-08,54.0433791798
2016-04-11,54.4435657641
2016-04-12,54.4981366620
2016-04-13,55.2803195313
2016-04-14,55.5167934220
2016-04-15,55.6805061156
2016-04-18,55.3348904292
2016-04-19,56.1352635978
2016-04-20,56.9902076642
2016-04-21,58.1907674171
2016-04-22,57.6814390371
2016-04-25,57.4995360442
2016-04-26,57.8997226285
2016-04-27,57.6086778399
2016-04-28,56.6264016785
2016-04-29,56.1352635978
2016-05-03,55.6805061156
2016-05-04,56.4626889849
2016-05-05,56.5536404813
2016-05-06,55.9533606049
2016-05-09,56.6809725763
2016-05-10,56.6809725763
2016-05-11,56.6809725763
2016-05-12,57.5981404174
2016-05-13,56.1857019422
2016-05-16,56.1857019422
2016-05-17,55.4336243125
2016-05-18,55.5069977398
2016-05-19,55.5069977398
2016-05-20,55.5069977398
2016-05-23,55.5069977398
2016-05-24,55.5069977398
2016-05-25,55.5069977398
2016-05-26,55.5069977398
2016-05-27,55.5069977398
2016-05-30,55.5069977398
2016-05-31,55.5069977398
2016-06-01,55.5069977398
2016-06-02,55.5069977398
2016-06-03,55.5069977398
2016-06-06,55.5069977398
2016-06-07,55.5069977398
2016-06-08,55.5069977398
2016-06-13,55.5069977398
2016-06-14,55.5069977398
2016-06-15,55.5069977398
2016-06-16,55.5069977398
2016-06-17,54.7549201102
2016-06-20,54.7549201102
2016-06-21,54.7549201102
2016-06-22,54.7549201102
2016-06-23,54.5714865419
2016-06-24,55.4703110262
2016-06-27,55.0300704625
2016-06-28,55.0300704625
2016-06-29,55.0300704625
2016-06-30,55.0300704625
2016-07-01,55.0300704625
2016-07-04,55.0300704625
2016-07-05,55.0300704625
2016-07-06,55.0300704625
2016-07-07,55.0300704625
2016-07-08,55.0300704625
2016-07-11,55.0300704625
2016-07-12,55.0300704625
2016-07-13,54.7607552726
2016-07-14,54.8325726566
2016-07-15,55.5507464962
2016-07-18,55.5507464962
2016-07-19,55.5507464962
2016-07-20,55.7841529941
2016-07-21,55.7841529941
2016-07-22,55.7841529941
2016-07-25,55.7841529941
2016-07-26,55.7841529941
2016-07-27,55.7841529941
2016-07-28,53.5937227832
2016-07-29,54.6530291967
2016-08-01,54.6530291967
2016-08-02,54.6530291967
2016-08-03,56.5561898717
2016-08-04,56.5561898717
2016-08-05,56.5561898717
2016-08-08,56.9294980557
2016-08-09,57.5454565592
2016-08-10,57.5641219684
2016-08-11,57.3401370580
2016-08-12,57.0228251017
2016-08-15,57.9187647432
2016-08-16,58.5720540652
2016-08-17,58.8520352031
2016-08-18,59.2813396147
2016-08-19,59.1693471595
2016-08-22,58.7960389755
2016-08-23,58.0867534260
2016-08-24,58.5533886560
2016-08-25,57.6574490144
2016-08-26,57.1721483753
2016-08-29,57.2281446029
2016-08-30,57.0041596925
2016-08-31,56.3322049613
2016-09-01,56.1268854601
2016-09-02,56.1455508693
2016-09-05,56.7055131453
2016-09-06,57.3214716488
2016-09-07,57.3028062396
2016-09-08,57.1161521477
2016-09-09,57.1161521477
2016-09-12,57.1161521477
2016-09-13,57.1161521477
2016-09-14,57.1161521477
2016-09-19,57.1161521477
2016-09-20,57.1161521477
2016-09-21,57.1891207227
2016-09-22,57.1891207227
2016-09-23,57.1891207227
2016-09-26,57.1891207227
2016-09-27,57.1891207227
2016-09-28,57.1891207227
2016-09-29,57.1891207227
2016-09-30,57.1891207227
2016-10-10,57.1891207227
2016-10-11,57.1891207227
2016-10-12,57.1891207227
2016-10-13,57.1891207227
2016-10-14,57.1891207227
2016-10-17,57.1891207227
2016-10-18,59.1227879625
2016-10-19,59.1227879625
2016-10-20,59.1227879625
2016-10-21,59.1227879625
2016-10-24,59.7247787069
2016-10-25,59.7247787069
2016-10-26,62.1327416847
2016-10-27,62.1327416847
2016-10-28,62.1327416847
2016-10-31,62.1327416847
2016-11-01,62.1327416847
2016-11-02,62.1327416847
2016-11-03,62.1327416847
2016-11-04,62.1327416847
2016-11-07,62.1327416847
2016-11-08,62.1327416847
2016-11-09,62.1327416847
2016-11-10,62.1327416847
2016-11-11,62.1327416847
2016-11-14,62.1327416847
2016-11-15,62.1327416847
2016-11-16,62.1327416847
2016-11-17,62.1327416847
2016-11-18,62.5287318442
2016-11-21,62.5287318442
2016-11-22,62.5287318442
2016-11-23,62.5287318442
2016-11-24,62.5287318442
2016-11-25,62.5287318442
2016-11-28,62.5287318442
2016-11-29,62.5287318442
2016-11-30,64.3012592246
2016-12-01,64.3012592246
2016-12-02,64.3012592246
2016-12-05,64.3012592246
2016-12-06,64.3012592246
2016-12-07,64.3012592246
2016-12-08,64.3012592246
2016-12-09,63.7858182689
2016-12-12,64.8719259970
2016-12-13,65.1664636859
2016-12-14,64.9455604192
2016-12-15,64.9271518137
2016-12-16,65.4794099805
2016-12-19,65.6819046417
2016-12-20,64.6878399414
2016-12-21,64.4853452802
2016-12-22,64.0803559578
2016-12-23,62.8837965964
2016-12-26,62.0738179517
2016-12-27,62.2947212184
2016-12-28,63.1967428909
2016-12-29,63.3256031298
2016-12-30,63.4176461577
2017-01-03,63.0678826520
2017-01-04,62.8653879908
2017-01-05,63.0494740464
2017-01-06,63.0494740464
2017-01-09,62.9574310186
2017-01-10,62.3315384296
2017-01-11,62.8943924031
2017-01-12,62.8943924031
2017-01-13,62.8943924031
2017-01-16,63.0214884617
2017-01-17,63.0214884617
2017-01-18,63.0214884617
2017-01-19,63.0214884617
2017-01-20,63.0214884617
2017-01-23,63.0214884617
2017-01-24,63.3664634778
2017-01-25,63.3664634778
2017-01-26,63.3664634778
2017-02-03,63.3664634778
2017-02-06,63.0941147809
2017-02-07,63.0941147809
2017-02-08,63.0941147809
2017-02-09,63.0941147809
2017-02-10,61.7686844560
2017-02-13,61.7686844560
2017-02-14,61.7686844560
2017-02-15,61.7686844560
2017-02-16,61.7686844560
2017-02-17,59.5172685616
2017-02-20,59.5172685616
2017-02-21,60.0074962160
2017-02-22,60.0074962160
2017-02-23,60.0074962160
2017-02-24,60.0074962160
2017-02-27,59.9348698969
2017-02-28,58.8454751093
2017-03-01,55.3230986294
2017-03-02,50.3481957661
2017-03-03,46.5716271692
2017-03-06,46.5716271692
2017-03-07,46.5716271692
2017-03-08,46.5716271692
2017-03-09,46.5288747575
2017-03-10,45.9445917973
2017-03-13,45.8448361699
2017-03-14,45.3888104449
2017-03-15,45.2463024058
2017-03-16,45.1750483863
2017-03-17,45.3318072292
2017-03-20,45.4030612488
2017-03-21,45.4600644644
2017-03-22,45.4458136605
2017-03-23,44.9612863277
2017-03-24,44.5622638182
2017-03-27,43.6502123682
2017-03-28,43.1799358392
2017-03-29,43.2511898588
2017-03-30,42.9661737806
2017-03-31,42.5243988595
2017-04-05,42.0683731345
2017-04-06,42.3533892126
2017-04-07,41.9971191149
2017-04-10,41.9971191149
2017-04-11,41.9258650954
2017-04-12,41.5980966055
2017-04-13,41.4413377625
2017-04-14,41.3700837430
2017-04-17,41.5980966055
2017-04-18,41.3843345469
2017-04-19,40.3012734500
2017-04-20,40.3582766656
2017-04-21,40.4865339007
2017-04-24,40.8570548023
2017-04-25,40.6575435476
2017-04-26,40.5435371164
2017-04-27,40.5150355086
2017-04-28,40.1302638031
2017-05-02,40.3155242539
2017-05-03,40.7145467633
2017-05-04,40.6147911359
2017-05-05,40.2442702343
2017-05-08,41.0280644492
2017-05-09,40.5435371164
2017-05-10,40.5435371164
2017-05-11,41.2509337612
2017-05-12,41.2509337612
2017-05-15,41.3618979408
2017-05-16,41.9583304061
2017-05-17,42.1802587653
2017-05-18,41.5699557776
2017-05-19,41.4035095082
2017-05-22,41.6670494347
2017-05-23,41.6670494347
2017-05-24,41.2370632388
2017-05-25,41.1954516714
2017-05-26,40.6822423409
2017-05-31,39.9332341287
2017-06-01,39.7806583817
2017-06-02,39.7806583817
2017-06-05,39.7806583817
2017-06-06,39.7806583817
2017-06-07,39.7806583817
2017-06-08,39.7806583817
2017-06-09,39.8777520389
2017-06-12,40.1690330103
2017-06-13,40.1690330103
2017-06-14,40.1690330103
2017-06-15,38.6571460634
2017-06-16,39.6003415899
2017-06-19,39.6003415899
2017-06-20,39.6003415899
2017-06-21,39.1980964389
2017-06-22,39.1980964389
2017-06-23,39.1980964389
2017-06-26,39.1980964389
2017-06-27,39.1980964389
2017-06-28,39.1980964389
2017-06-29,39.1980964389
2017-06-30,39.1980964389
2017-07-03,39.1980964389
2017-07-04,39.1980964389
2017-07-05,39.8777520389
2017-07-06,39.8777520389
2017-07-07,39.8777520389
2017-07-10,40.4299262481
2017-07-11,40.8608914846
2017-07-12,40.8608914846
2017-07-13,40.7396825118
2017-07-14,40.7396825118
2017-07-17,40.7396825118
2017-07-18,40.1605729753
2017-07-19,40.1067023207
2017-07-20,40.6723441936
2017-07-21,40.6723441936
2017-07-24,40.6723441936
2017-07-25,41.6824189667
2017-07-26,40.8878268119
2017-07-27,42.4366081305
2017-07-28,42.0460458849
2017-07-31,42.3692698123
2017-08-01,42.3692698123
2017-08-02,42.0864488759
2017-08-03,42.0864488759
2017-08-04,41.7497572849
2017-08-07,41.7497572849
2017-08-08,41.7497572849
2017-08-09,42.1614905914
2017-08-10,42.1203172608
2017-08-11,42.2712861398
2017-08-14,42.1614905914
2017-08-15,42.1752150350
2017-08-16,41.7909306155
2017-08-17,41.7909306155
2017-08-18,41.9281750510
2017-08-21,42.2438372527
2017-08-22,42.5183261238
2017-08-23,42.8477127690
2017-08-24,42.8888860997
2017-08-25,42.8065394384
2017-08-28,42.7241927770
2017-08-29,42.4908772367
2017-08-30,42.2301128092
2017-08-31,42.0516950430
2017-09-01,42.4085305753
2017-09-04,42.6555705593
2017-09-05,42.6555705593
2017-09-06,42.9163349868
2017-09-07,42.7790905512
2017-09-08,42.4908772367
2017-09-11,42.4908772367
2017-09-12,42.4908772367
2017-09-13,42.4908772367
2017-09-14,42.4908772367
2017-09-15,43.0923523784
2017-09-18,43.0923523784
2017-09-19,43.0923523784
2017-09-20,43.0923523784
2017-09-21,43.0923523784
2017-09-22,43.0923523784
2017-09-25,43.0923523784
2017-09-26,43.0923523784
2017-09-27,43.0923523784
2017-09-28,43.0923523784
2017-09-29,43.0923523784
2017-10-09,40.7933807255
2017-10-10,40.6196212401
2017-10-11,40.6196212401
2017-10-12,40.6196212401
2017-10-13,40.6196212401
2017-10-16,40.6196212401
2017-10-17,40.6196212401
2017-10-18,40.2453700408
2017-10-19,40.2453700408
2017-10-20,40.2453700408
2017-10-23,40.0448783268
2017-10-24,40.0315122126
2017-10-25,40.0315122126
2017-10-26,40.0315122126
2017-10-27,40.0315122126
2017-10-30,40.0315122126
2017-10-31,39.7775560416
2017-11-01,39.7775560416
2017-11-02,39.7775560416
2017-11-03,39.7775560416
2017-11-06,39.7775560416
2017-11-07,39.7775560416
2017-11-08,39.7775560416
2017-11-09,39.7775560416
2017-11-10,39.7775560416
2017-11-13,39.4748148805
2017-11-14,39.4748148805
2017-11-15,39.4748148805
2017-11-16,38.7903566031
2017-11-17,38.7903566031
2017-11-20,38.7903566031
2017-11-21,37.5267413219
2017-11-22,38.2243622584
2017-11-23,38.2243622584
2017-11-24,38.2243622584
2017-11-27,38.2243622584
2017-11-28,38.2243622584
2017-11-29,38.2243622584
2017-11-30,38.2243622584
2017-12-01,38.2243622584
2017-12-04,38.2243622584
2017-12-05,38.2243622584
2017-12-06,38.2243622584
2017-12-07,38.2243622584
2017-12-08,38.2243622584
2017-12-11,38.0768296321
2017-12-12,38.3048346000
2017-12-13,38.2243622584
2017-12-14,37.8220005504
2017-12-15,37.5671714687
2017-12-18,37.6342317533
2017-12-19,37.3257544439
2017-12-20,37.2452821023
2017-12-21,36.5612671987
2017-12-22,35.7297196689
2017-12-25,35.6224232134
2017-12-26,35.7028955550
2017-12-27,35.8504281813
2017-12-28,35.7699558397
2017-12-29,35.3273579609
2018-01-02,35.7431317258
2018-01-03,36.0784331491
2018-01-04,36.2393778323
2018-01-05,36.7356239389
2018-01-08,36.3600863447
2018-01-09,36.3332622309
2018-01-10,36.4251454807
2018-01-11,36.3857669451
2018-01-12,36.3857669451
2018-01-15,36.0969910169
2018-01-16,36.1363695526
2018-01-17,36.2938836952
2018-01-18,36.2676313381
2018-01-19,36.2676313381
2018-01-22,36.2676313381
2018-01-23,36.2676313381
2018-01-24,36.2676313381
2018-01-25,36.2676313381
2018-01-26,36.6220381590
2018-01-29,36.6220381590
2018-01-30,36.6220381590
2018-01-31,36.6220381590
2018-02-01,35.6769533033
2018-02-02,35.7294580175
2018-02-05,35.7294580175
2018-02-06,34.4955972336
2018-02-07,34.5087234122
2018-02-08,34.5087234122
2018-02-09,34.5087234122
2018-02-12,32.9729605217
2018-02-13,33.1436008428
2018-02-14,33.1436008428
2018-02-22,33.1567270214
2018-02-23,33.4455029495
2018-02-26,34.7974993403
2018-02-27,34.7974993403
2018-02-28,34.0624333414
2018-03-01,32.5397966295
2018-03-02,32.5397966295
2018-03-05,32.5397966295
2018-03-06,32.5397966295
2018-03-07,32.5397966295
2018-03-08,32.5397966295
2018-03-09,32.3583268678
2018-03-12,32.1881989663
2018-03-13,32.2675919870
2018-03-14,32.4604036087
2018-03-15,32.2562501269
2018-03-16,32.3129594274
2018-03-19,32.1768571062
2018-03-20,32.0067292047
2018-03-21,32.0407547850
2018-03-22,32.1541733860
2018-03-23,32.1768571062
2018-03-26,31.9500199042
2018-03-27,32.1201478057
2018-03-28,31.9159943239
2018-03-29,31.6664734017
2018-03-30,31.8479431633
2018-04-02,32.3129594274
2018-04-03,32.3923524481
2018-04-04,32.6532152305
2018-04-09,33.3450686966
2018-04-10,32.8687105724
2018-04-11,32.7439501113
2018-04-12,32.4150361683
2018-04-13,32.2335664067
2018-04-16,32.2222245466
2018-04-17,31.9159943239
2018-04-18,32.0067292047
2018-04-19,32.0407547850
2018-04-20,32.0747803653
2018-04-23,32.0520966451
2018-04-24,31.7685501426
2018-04-25,31.6891571219
2018-04-26,31.4623199199
2018-04-27,31.2808501583
2018-05-02,31.3375594588
2018-05-03,31.5076873603
2018-05-04,31.3602431790
2018-05-07,31.7458664224
2018-05-08,31.7118408421
2018-05-09,31.8139175830
2018-05-10,32.1620402251
2018-05-11,32.1620402251
2018-05-14,32.1620402251
2018-05-15,32.1620402251
2018-05-16,32.1620402251
2018-05-17,31.5780925674
2018-05-18,31.5780925674
2018-05-21,31.5780925674
2018-05-22,31.5780925674
2018-05-23,31.5780925674
2018-05-24,31.5780925674
2018-05-25,31.5780925674
2018-05-28,32.0609723613
2018-05-29,31.6679306686
2018-05-30,31.6679306686
2018-05-31,31.6679306686
2018-06-01,31.6679306686
2018-06-04,31.6679306686
2018-06-05,31.6679306686
2018-06-06,31.6679306686
2018-06-07,31.6117818553
2018-06-08,32.1395806998
2018-06-11,31.7577687698
2018-06-12,31.9262152095
2018-06-13,31.0502937229
2018-06-14,31.0502937229
2018-06-15,31.0502937229
2018-06-19,30.2080615243
2018-06-20,30.2080615243
2018-06-21,29.9048579328
2018-06-22,29.9048579328
2018-06-25,29.9048579328
2018-06-26,29.9048579328
2018-06-27,30.0733043725
2018-06-28,29.7701007810
2018-06-29,29.9048579328
2018-07-02,30.3203591508
2018-07-03,30.3315889134
2018-07-04,30.3877377266
2018-07-05,30.3877377266
2018-07-06,30.3877377266
2018-07-09,30.3877377266
2018-07-10,30.3877377266
2018-07-11,30.3877377266
2018-07-12,30.3877377266
2018-07-13,30.3877377266
2018-07-16,30.3877377266
2018-07-17,30.3877377266
2018-07-18,30.3877377266
2018-07-19,30.3877377266
2018-07-20,30.3877377266
2018-07-23,30.2221068887
2018-07-24,30.0564760508
2018-07-25,30.0564760508
2018-07-26,30.0564760508
2018-07-27,30.0564760508
2018-07-30,31.5471535919
2018-07-31,31.5471535919
2018-08-01,31.5471535919
2018-08-02,31.5471535919
2018-08-03,31.5471535919
2018-08-06,31.5471535919
2018-08-07,31.5471535919
2018-08-08,31.5471535919
2018-08-09,31.7356603094
2018-08-10,31.8465466137
2018-08-13,31.6358626354
2018-08-14,31.7023944181
2018-08-15,31.8909011355
2018-08-16,31.7134830485
2018-08-17,31.9019897659
2018-08-20,31.9130783963
2018-08-21,31.9019897659
2018-08-22,31.9906988094
2018-08-23,31.9463442877
2018-08-24,32.0572305920
2018-08-27,31.8798125050
2018-08-28,31.8798125050
2018-08-29,31.6691285267
2018-08-30,31.5249763311
2018-08-31,31.3808241354
2018-09-03,31.4584445485
2018-09-04,31.9796101790
2018-09-05,32.1348510051
2018-09-06,31.8021920920
2018-09-07,31.9019897659
2018-09-10,31.9019897659
2018-09-11,31.9019897659
2018-09-12,32.2297499347
2018-09-13,32.2188245958
2018-09-14,32.2406752737
2018-09-17,32.2406752737
2018-09-18,32.2406752737
2018-09-19,32.2406752737
2018-09-20,32.2406752737
2018-09-21,32.2406752737
2018-09-25,32.2406752737
2018-09-26,32.2406752737
2018-09-27,32.2406752737
2018-09-28,32.2406752737
2018-10-08,32.2406752737
2018-10-09,31.8801390880
2018-10-10,31.9019897659
2018-10-11,32.1641979010
2018-10-12,32.1641979010
2018-10-15,31.7708856984
2018-10-16,31.7708856984
2018-10-17,31.7708856984
2018-10-18,31.9129151049
2018-10-19,31.0388879880
2018-10-22,31.0388879880
2018-10-23,31.0388879880
2018-10-24,31.0388879880
2018-10-25,31.0388879880
2018-10-26,31.0388879880
2018-10-29,31.0388879880
2018-10-30,31.0388879880
2018-10-31,29.8371007023
2018-11-01,29.7496979906
2018-11-02,29.7496979906
2018-11-05,29.7496979906
2018-11-06,29.7496979906
2018-11-07,29.7496979906
2018-11-08,29.7496979906
2018-11-09,29.1031958255
2018-11-12,28.3083161143
2018-11-13,28.3083161143
2018-11-14,28.3083161143
2018-11-15,28.3083161143
2018-11-16,28.0009626260
2018-11-19,28.0009626260
2018-11-20,28.0009626260
2018-11-21,27.7677979107
2018-11-22,27.6618139492
2018-11-23,26.7397534843
2018-11-26,27.1848861225
2018-11-27,28.0009626260
2018-11-28,28.0009626260
2018-11-29,28.0009626260
2018-11-30,28.0009626260
2018-12-03,28.0009626260
2018-12-04,28.0009626260
2018-12-05,28.0009626260
2018-12-06,28.0009626260
2018-12-07,28.0009626260
2018-12-10,27.5565029018
2018-12-11,27.1014608032
2018-12-12,26.9215604386
2018-12-13,26.7945719460
2018-12-14,26.6252539558
2018-12-17,26.5300125863
2018-12-18,26.6358363302
2018-12-19,26.8051543204
2018-12-20,26.9744723105
2018-12-21,26.8263190691
2018-12-24,26.5829244582
2018-12-25,26.3924417193
2018-12-26,26.0643881133
2018-12-27,26.0643881133
2018-12-28,25.8950701231
2019-01-02,25.8844877488
2019-01-03,26.1807942316
2019-01-04,26.6040892070
2019-01-07,26.7839895716
2019-01-08,26.7839895716
2019-01-09,26.8157366947
2019-01-10,26.8260902610
2019-01-11,26.7018474655
2019-01-14,26.8985652251
2019-01-15,26.6707867667
2019-01-16,26.6707867667
2019-01-17,26.5672511037
2019-01-18,26.7536152970
2019-01-21,27.2402329127
2019-01-22,27.1366972498
2019-01-23,27.5404863351
2019-01-24,27.2920007441
2019-01-25,27.2920007441
2019-01-28,27.5922541666
2019-01-29,27.5301327689
2019-01-30,27.4473042385
2019-01-31,27.6440219981
2019-02-01,27.8510933239
2019-02-11,28.4826608677
2019-02-12,28.2652359755
2019-02-13,28.2652359755
2019-02-14,28.2652359755
2019-02-15,28.2652359755
2019-02-18,28.2652359755
2019-02-19,28.4308930362
2019-02-20,28.4308930362
2019-02-21,28.3894787710
2019-02-22,28.3894787710
2019-02-25,28.2134681441
2019-02-26,28.2134681441
2019-02-27,27.9235682879
2019-02-28,27.0952829846
2019-03-01,27.2609400453
2019-03-04,27.2609400453
2019-03-05,27.2609400453
2019-03-06,27.2609400453
2019-03-07,27.2609400453
2019-03-08,27.2609400453
2019-03-11,27.2895154541
2019-03-12,27.1752138187
2019-03-13,27.0228116382
2019-03-14,26.7561078222
2019-03-15,26.4417783248
2019-03-18,26.4798788700
2019-03-19,26.3655772346
2019-03-20,26.3465269620
2019-03-21,26.4322531886
2019-03-22,26.2227001903
2019-03-25,26.0226723283
2019-03-26,25.9845717832
2019-03-27,26.0321974646
2019-03-28,25.9178958292
2019-03-29,25.6892925584
2019-04-01,25.6797674221
2019-04-02,25.7083428310
2019-04-03,25.8988455566
2019-04-04,25.8988455566
2019-04-08,25.9559963743
2019-04-09,25.9178958292
2019-04-10,25.9750466469
2019-04-11,25.9274209655
2019-04-12,25.8512198752
2019-04-15,25.8988455566
2019-04-16,25.6988176947
2019-04-17,25.6988176947
2019-04-18,25.5940411955
2019-04-19,25.4702144239
2019-04-22,25.4416390150
2019-04-23,25.3844881973
2019-04-24,25.1749351990
2019-04-25,25.1558849265
2019-04-26,24.8129800202
2019-04-29,24.6891532485
2019-04-30,24.8034548840
2019-05-06,24.8225051565
2019-05-07,24.9368067919
2019-05-08,25.0606335636
2019-05-09,25.2892368345
2019-05-10,25.0034827459
2019-05-13,25.0034827459
2019-05-14,25.3426407636
2019-05-15,24.8904300734
2019-05-16,25.3520618196
2019-05-17,25.3520618196
2019-05-20,25.3520618196
2019-05-21,25.1259564745
2019-05-22,25.1259564745
2019-05-23,25.1259564745
2019-05-24,25.1259564745
2019-05-27,25.0034827459
2019-05-28,25.0034827459
2019-05-29,25.6535356131
2019-05-30,25.9361672945
2019-05-31,25.7383251175
2019-06-03,25.6064303329
2019-06-04,25.6064303329
2019-06-05,25.6064303329
2019-06-06,25.6064303329
2019-06-10,25.6064303329
2019-06-11,25.7289040615
2019-06-12,25.5310618845
2019-06-13,25.5310618845
2019-06-14,25.5310618845
2019-06-17,25.5310618845
2019-06-18,25.5310618845
2019-06-19,25.5310618845
2019-06-20,25.5310618845
2019-06-21,25.5310618845
2019-06-24,25.5310618845
2019-06-25,25.5310618845
2019-06-26,25.5310618845
2019-06-27,25.5310618845
2019-06-28,25.1071143624
2019-07-01,25.1071143624
2019-07-02,25.1071143624
2019-07-03,25.1071143624
2019-07-04,25.1071143624
2019-07-05,25.1071143624
2019-07-08,25.1071143624
2019-07-09,25.1071143624
2019-07-10,25.1071143624
2019-07-11,25.0512794157
2019-07-12,24.5022357733
2019-07-15,24.5022357733
2019-07-16,24.5022357733
2019-07-17,25.1536434847
2019-07-18,25.1536434847
2019-07-19,25.1536434847
2019-07-22,25.1536434847
2019-07-23,25.1536434847
2019-07-24,24.7441872089
2019-07-25,25.1164201869
2019-07-26,25.1164201869
2019-07-29,25.1164201869
2019-07-30,25.1164201869
2019-07-31,24.8372454534
2019-08-01,24.8372454534
2019-08-02,24.8372454534
2019-08-05,24.8372454534
2019-08-06,24.8372454534
2019-08-07,24.8372454534
2019-08-08,24.8372454534
2019-08-09,25.4734365796
2019-08-12,25.9806700451
2019-08-13,26.0236559320
2019-08-14,25.7399490784
2019-08-15,25.9204898034
2019-08-16,26.0494474641
2019-08-19,25.9634756903
2019-08-20,25.8689067391
2019-08-21,25.9548785129
2019-08-22,26.0494474641
2019-08-23,26.0322531094
2019-08-26,26.4019317367
2019-08-27,26.2127938344
2019-08-28,25.8345180296
2019-08-29,25.7829349653
2019-08-30,25.6281857725
2019-09-02,25.6367829498
2019-09-03,25.6367829498
2019-09-04,25.9290869808
2019-09-05,25.9204898034
2019-09-06,25.9548785129
2019-09-09,25.9376841582
2019-09-10,25.9806700451
2019-09-11,25.9806700451
2019-09-12,25.9806700451
2019-09-16,25.9806700451
2019-09-17,25.9806700451
2019-09-18,25.9806700451
2019-09-19,25.9806700451
2019-09-20,25.9806700451
2019-09-23,25.9806700451
2019-09-24,25.9806700451
2019-09-25,25.9806700451
2019-09-26,25.9806700451
2019-09-27,25.9806700451
2019-09-30,25.9806700451
2019-10-08,25.7754919993
2019-10-09,25.3993322487
2019-10-10,25.3993322487
2019-10-11,25.7669429141
2019-10-14,25.5019212716
2019-10-15,25.5019212716
2019-10-16,25.5019212716
2019-10-17,25.5019212716
2019-10-18,25.5019212716
2019-10-21,25.5019212716
2019-10-22,25.5019212716
2019-10-23,25.5019212716
2019-10-24,25.5019212716
2019-10-25,25.5019212716
2019-10-28,26.5192624152
2019-10-29,26.5192624152
2019-10-30,27.1860910640
2019-10-31,27.0749529558
2019-11-01,27.0749529558
2019-11-04,27.0749529558
2019-11-05,27.0749529558
2019-11-06,27.0749529558
2019-11-07,27.0749529558
2019-11-08,27.0749529558
2019-11-11,27.6350649680
2019-11-12,27.6350649680
2019-11-13,27.1266556031
2019-11-14,27.1266556031
2019-11-15,26.8853765825
2019-11-18,27.1352727110
2019-11-19,27.1352727110
2019-11-20,27.3937859474
2019-11-21,27.3937859474
2019-11-22,27.3937859474
2019-11-25,27.0577187401
2019-11-26,27.0577187401
2019-11-27,26.1270710891
2019-11-28,26.3769672176
2019-11-29,26.3769672176
2019-12-02,26.3769672176
2019-12-03,26.3769672176
2019-12-04,26.3769672176
2019-12-05,26.3769672176
2019-12-06,26.3769672176
2019-12-09,26.7450568331
2019-12-10,26.7534225062
2019-12-11,26.6697657754
2019-12-12,26.7115941408
2019-12-13,27.2469972178
2019-12-16,27.2386315448
2019-12-17,27.5481614487
2019-12-18,27.6401838525
2019-12-19,27.5397957756
2019-12-20,27.5397957756
2019-12-23,27.4645047179
2019-12-24,27.2386315448
2019-12-25,27.1968031794
2019-12-26,27.2804599101
2019-12-27,27.7154749102
2019-12-30,27.9162510641
2019-12-31,28.1755869296
2020-01-02,27.8493256795
2020-01-03,28.2592436604
2020-01-06,28.4432884681
2020-01-07,28.3010720258
2020-01-08,28.7109900066
2020-01-09,28.7109900066
2020-01-10,28.6191549121
2020-01-13,28.6191549121
2020-01-14,28.2267685991
2020-01-15,28.2100713092
2020-01-16,27.8176849962
2020-01-17,27.8176849962
2020-01-20,27.6841066769
2020-01-21,27.1915366245
2020-01-22,27.1915366245
2020-01-23,27.1915366245
2020-02-03,25.2963942193
2020-02-04,25.5718995029
2020-02-05,25.7973129167
2020-02-06,25.8140102066
2020-02-07,25.8140102066
2020-02-10,25.8223588516
2020-02-11,25.7138264671
2020-02-12,24.8372187467
2020-02-13,24.4030892089
2020-02-14,24.7119890723
2020-02-17,24.7119890723
2020-02-18,23.9773083161
2020-02-19,24.2027217299
2020-02-20,24.2027217299
2020-02-21,24.2027217299
2020-02-24,24.4197864988
2020-02-25,24.4197864988
2020-02-26,23.4513436838
2020-02-27,23.4513436838
2020-02-28,23.4513436838
2020-03-02,22.0487713311
2020-03-03,22.0487713311
2020-03-04,22.0487713311
2020-03-05,22.0487713311
2020-03-06,22.0487713311
2020-03-09,21.1733281967
2020-03-10,21.1655809123
2020-03-11,21.1888227654
2020-03-12,20.5070617404
2020-03-13,20.1274448061
2020-03-16,20.3598633373
2020-03-17,20.1894230811
2020-03-18,20.4218416123
2020-03-19,20.4760726029
2020-03-20,20.8401949686
2020-03-23,20.9331623811
2020-03-24,21.2430537561
2020-03-25,21.4444831498
2020-03-26,21.3515157373
2020-03-27,21.0726134998
2020-03-30,21.2662956092
2020-03-31,21.1500863436
2020-04-01,20.8401949686
2020-04-02,20.7239857029
2020-04-03,20.8324476842
2020-04-07,21.1500863436
2020-04-08,21.3360211686
2020-04-09,21.8163527998
2020-04-10,21.9712984873
2020-04-13,22.1417387436
2020-04-14,21.6769016811
2020-04-15,21.7078908186
2020-04-16,21.9403093498
2020-04-17,21.7233853873
2020-04-20,21.6149234061
2020-04-21,20.9641515186
2020-04-22,20.9331623811
2020-04-23,21.1965700498
2020-04-24,21.2895374623
2020-04-27,21.1113499217
2020-04-28,20.9951406561
2020-04-29,20.9873933717
2020-04-30,21.0028879404
2020-05-06,20.8556895373
2020-05-07,20.8866786748
2020-05-08,21.2275591873
2020-05-11,20.9564042342
2020-05-12,21.0183825092
2020-05-13,21.0183825092
2020-05-14,20.9098805346
2020-05-15,21.1113842017
2020-05-18,21.1113842017
2020-05-19,21.1113842017
2020-05-20,21.1113842017
2020-05-21,21.1113842017
2020-05-22,21.1113842017
2020-05-25,21.1113842017
2020-05-26,21.1966357532
2020-05-27,21.4368901255
2020-05-28,21.6616442158
2020-05-29,21.6616442158
2020-06-01,21.6616442158
2020-06-02,21.6616442158
2020-06-03,21.6616442158
2020-06-04,21.6616442158
2020-06-05,21.7003949210
2020-06-08,22.2816554992
2020-06-09,22.3824073328
2020-06-10,22.4676588843
2020-06-11,22.4676588843
2020-06-12,22.5606605768
2020-06-15,22.4211580380
2020-06-16,22.1576532425
2020-06-17,22.1576532425
2020-06-18,22.1576532425
2020-06-19,22.4056577559
2020-06-22,22.3359064865
2020-06-23,22.3359064865
2020-06-24,22.3359064865
2020-06-29,22.3359064865
2020-06-30,21.4523904076
2020-07-01,20.9176306756
2020-07-02,20.9176306756
2020-07-03,20.9176306756
2020-07-06,20.9176306756
2020-07-07,20.9176306756
2020-07-08,20.9176306756
2020-07-09,20.9176306756
2020-07-10,20.8526690897
2020-07-13,20.8526690897
2020-07-14,20.8526690897
2020-07-15,21.7910031089
2020-07-16,21.7910031089
2020-07-17,22.2890419346
2020-07-20,23.0613630120
2020-07-21,22.3467855665
2020-07-22,23.6748891015
2020-07-23,22.4839266924
2020-07-24,22.4839266924
2020-07-27,23.4366966197
2020-07-28,23.4366966197
2020-07-29,21.9497980968
2020-07-30,21.9497980968
2020-07-31,21.9642340048
2020-08-03,21.9642340048
2020-08-04,21.9642340048
2020-08-05,21.9642340048
2020-08-06,21.9642340048
2020-08-07,21.9642340048
2020-08-10,21.5135789511
2020-08-11,21.6106431165
2020-08-12,21.3749158576
2020-08-13,22.0612981702
2020-08-14,22.2138275731
2020-08-17,22.3732901305
2020-08-18,22.5396858427
2020-08-19,22.7268810189
2020-08-20,22.4287553679
2020-08-21,22.1791617997
2020-08-24,22.1444960263
2020-08-25,22.2484933464
2020-08-26,22.1306297170
2020-08-27,22.3802232852
2020-08-28,22.8378114936
2020-08-31,23.0458061338
2020-09-01,22.9834077418
2020-09-02,23.0874050619
2020-09-03,23.3716644035
2020-09-04,23.3716644035
2020-09-07,23.3716644035
2020-09-08,23.8153863026
2020-09-09,23.6623221779
2020-09-10,23.5857901156
2020-09-11,23.5440453543
2020-09-14,24.0380250293
2020-09-15,24.3232808980
2020-09-16,24.3232808980
2020-09-17,24.9007500955
2020-09-18,25.4782192930
2020-09-21,25.8330497638
2020-09-22,25.4295170715
2020-09-23,25.0538142201
2020-09-24,24.5041748635
2020-09-25,24.2328339152
2020-09-28,24.4415577216
2020-09-29,24.2606637561
2020-09-30,23.7805990015
2020-10-09,24.5598345452
2020-10-12,25.2207932652
2020-10-13,25.2486231061
2020-10-14,25.2138358050
2020-10-15,25.1651335835
2020-10-16,24.5807069258
2020-10-19,24.6015793064
2020-10-20,24.1632593131
2020-10-21,24.3511107388
2020-10-22,24.7616008913
2020-10-23,25.0677291406
2020-10-26,25.5060491339
2020-10-27,25.6521557983
2020-10-28,25.6799856391
2020-10-29,25.3390700888
2020-10-30,25.5199640543
2020-11-02,25.3042827877
2020-11-03,25.3042827877
2020-11-04,27.0714776814
2020-11-05,27.0714776814
2020-11-06,27.0714776814
2020-11-09,27.0215697689
2020-11-10,26.6936034867
2020-11-11,27.0073103653
2020-11-12,27.1712935064
2020-11-13,27.0714776814
2020-11-16,27.6275944207
2020-11-17,27.7844478600
2020-11-18,27.9912092118
2020-11-19,28.3619537046
2020-11-20,28.5116774421
2020-11-23,28.0482468260
2020-11-24,27.5634271046
2020-11-25,27.7345399475
2020-11-26,27.8058369653
2020-11-27,27.9056527903
2020-11-30,28.3049160903
2020-12-01,27.7987072635
2020-12-02,27.7987072635
2020-12-03,27.7987072635
2020-12-04,27.7987072635
2020-12-07,27.7987072635
2020-12-08,27.7987072635
2020-12-09,27.4807251011
2020-12-10,27.5160564525
2020-12-11,27.8481711555
2020-12-14,28.0954906151
2020-12-15,28.2438822909
2020-12-16,28.3640088856
2020-12-17,28.6607922371
2020-12-18,29.3108891025
2020-12-21,29.6924676973
2020-12-22,29.4168831566
2020-12-23,29.4804795891
2020-12-24,30.4626911574
2020-12-25,30.7312094278
2020-12-28,30.5404201304
2020-12-29,30.2507030491
2020-12-30,30.4202935357
2020-12-31,30.5616189412
2021-01-04,31.0986554822
2021-01-05,31.0421253200
2021-01-06,31.1551856444
2021-01-07,31.1975832660
2021-01-08,31.1975832660
2021-01-11,31.2710239046
2021-01-12,30.7716275623
2021-01-13,30.8524122647
2021-01-14,30.3823921778
2021-01-15,30.0078449211
2021-01-18,29.8389314524
2021-01-19,29.8315873885
2021-01-20,29.5084485788
2021-01-21,29.2954707270
2021-01-22,29.2881266631
2021-01-25,29.0310844281
2021-01-26,29.4717282595
2021-01-27,30.1400380706
2021-01-28,30.3823921778
2021-01-29,30.4338006248
2021-02-01,30.5072412634
2021-02-02,30.0151889850
2021-02-03,29.4717282595
2021-02-04,29.4790723234
2021-02-05,29.8903398994
2021-02-08,30.1326940067
2021-02-09,30.6614666044
2021-02-10,30.9478850949
2021-02-18,31.4252492456
2021-02-19,32.0862149927
2021-02-22,32.4166978663
2021-02-23,32.1082471843
2021-02-24,32.8940620171
2021-02-25,34.7447661091
2021-02-26,34.3628747885
2021-03-01,34.3628747885
2021-03-02,34.3628747885
2021-03-03,34.3628747885
2021-03-04,34.3628747885
2021-03-05,34.3628747885
2021-03-08,35.5663035955
2021-03-09,36.1411899683
2021-03-10,35.8499142061
2021-03-11,35.3133535915
2021-03-12,35.8345839028
2021-03-15,35.8345839028
2021-03-16,36.1181945134
2021-03-17,35.4053354112
2021-03-18,34.9071005548
2021-03-19,34.2785581205
2021-03-22,34.2555626656
2021-03-23,35.2903581366
2021-03-24,35.2673626817
2021-03-25,35.4053354112
2021-03-26,33.9719520550
2021-03-29,33.3280793175
2021-03-30,33.0981247684
2021-03-31,32.0556641458
2021-04-01,32.3776005146
2021-04-02,32.8528399160
2021-04-06,33.5120429568
2021-04-07,34.0562687230
2021-04-08,33.4123959855
2021-04-09,33.1901065881
2021-04-12,32.8988308259
2021-04-13,32.7225323382
2021-04-14,33.0904596168
2021-04-15,33.2131020430
2021-04-16,33.3664050757
2021-04-19,33.6040247765
2021-04-20,33.5503687150
2021-04-21,34.2555626656
2021-04-22,34.5238429729
2021-04-23,34.9454263129
2021-04-26,35.0450732842
2021-04-27,34.8381141900
2021-04-28,34.6234899442
2021-04-29,34.6311550958
2021-04-30,34.5391732762
2021-05-06,36.1028642101
2021-05-07,36.1565202716
2021-05-10,36.3021581527
2021-05-11,35.5356429890
2021-05-12,36.3328187592
2021-05-13,36.5781036116
2021-05-14,36.0959942528
2021-05-17,36.2437374434
2021-05-18,36.2126336138
2021-05-19,36.3137210600
2021-05-20,35.2328629813
2021-05-21,34.7274257503
2021-05-24,34.1753327749
2021-05-25,34.7429776651
2021-05-26,34.8518410687
2021-05-27,34.7352017077
2021-05-28,34.8207372391
2021-05-31,35.2328629813
2021-06-01,35.2639668109
2021-06-02,35.7227482976
2021-06-03,36.7413987170
2021-06-04,36.8269342484
2021-06-07,37.0602129704
2021-06-08,35.9793548918
2021-06-09,35.6994204254
2021-06-10,35.3417263849
2021-06-11,35.4505897885
2021-06-15,33.5999119272
2021-06-16,33.6232397994
2021-06-17,32.9000757612
2021-06-18,32.0447204472
2021-06-21,32.4335183172
2021-06-22,32.6901249114
2021-06-23,33.1178025684
2021-06-24,33.2810976738
2021-06-25,33.5221523532
2021-06-28,33.1489063980
2021-06-29,33.1566823554
2021-06-30,33.5299283106
2021-07-01,33.5299283106
2021-07-02,33.8020868197
2021-07-05,33.8020868197
2021-07-06,35.0306880889
2021-07-07,34.7585295799
2021-07-08,34.7585295799
2021-07-09,35.3296791270
2021-07-12,35.6234131798
2021-07-13,35.7702802062
2021-07-14,35.7702802062
2021-07-15,35.7702802062
2021-07-16,36.8554643456
2021-07-19,36.9452164173
2021-07-20,35.8029173232
2021-07-21,35.9579436288
2021-07-22,35.9171472326
2021-07-23,35.8845101156
2021-07-26,36.1864034476
2021-07-27,36.3659075910
2021-07-28,36.8881014626
2021-07-29,36.7085973193
2021-07-30,36.7085973193
2021-08-02,36.7085973193
2021-08-03,36.7085973193
2021-08-04,36.7085973193
2021-08-05,36.7085973193
2021-08-06,36.7085973193
2021-08-09,37.0643488822
2021-08-10,37.1305352195
2021-08-11,37.7013923786
2021-08-12,38.2308830769
2021-08-13,38.0902371102
2021-08-16,38.8182868204
2021-08-17,38.8100135282
2021-08-18,38.5121750104
2021-08-19,38.2887961220
2021-08-20,37.8668582218
2021-08-23,37.7344855472
2021-08-24,37.9330445591
2021-08-25,38.5700880555
2021-08-26,39.0333924165
2021-08-27,38.7272806066
2021-08-30,38.7686470674
2021-08-31,38.6610942693
2021-09-01,38.7107340223
2021-09-02,38.4046222123
2021-09-03,39.1161253382
2021-09-06,39.3146843500
2021-09-07,40.0675539367
2021-09-08,40.0592806445
2021-09-09,39.9929161291
2021-09-10,39.6859802451
2021-09-13,39.5615467786
2021-09-14,39.4122266188
2021-09-15,39.1965419436
2021-09-16,39.7108669384
2021-09-17,39.4205221832
2021-09-22,38.7734681575
2021-09-23,39.4371133121
2021-09-24,40.0509850801
2021-09-27,40.1256451600
2021-09-28,39.4205221832
2021-09-29,39.9348471781
2021-09-30,40.5238322528
2021-10-08,42.0419205439
2021-10-11,42.3239697346
2021-10-12,41.9506693351
2021-10-13,41.6603245800
2021-10-14,41.3285020027
2021-10-15,41.1957729718
2021-10-18,42.0833983661
2021-10-19,42.6806790052
2021-10-20,42.7553390851
2021-10-21,43.8918314124
2021-10-22,42.3903342501
2021-10-25,42.5064721521
2021-10-26,42.8299991650
2021-10-27,42.7968169073
2021-10-28,42.2327185259
2021-10-29,41.9755560284
2021-11-01,42.2907874769
2021-11-02,42.2907874769
2021-11-03,42.2907874769
2021-11-04,41.5358911135
2021-11-05,41.1957729718
2021-11-08,40.5417404025
2021-11-09,40.0036123392
2021-11-10,39.1922807975
2021-11-11,39.6476199280
2021-11-12,40.4837881495
2021-11-15,40.4837881495
2021-11-16,40.3927203234
2021-11-17,40.1691902048
2021-11-18,40.4755092562
2021-11-19,41.0964262524
2021-11-22,40.6493660152
2021-11-23,40.1774690981
2021-11-24,39.6476199280
2021-11-25,40.0450068056
2021-11-26,39.2336752639
2021-11-29,39.3826953430
2021-11-30,39.3661375564
2021-12-01,38.7038260939
2021-12-02,38.7038260939
2021-12-03,38.7038260939
2021-12-06,38.7038260939
2021-12-07,38.7038260939
2021-12-08,38.7038260939
2021-12-09,38.3120363402
2021-12-10,37.7701994468
2021-12-13,37.4034175497
2021-12-14,36.9366042261
2021-12-15,36.4947987592
2021-12-16,36.4697909026
2021-12-17,37.0032918438
2021-12-20,36.7865570864
2021-12-21,36.6615178033
2021-12-22,37.3367299320
2021-12-23,37.7118477813
2021-12-24,38.1369813438
2021-12-27,38.4537475277
2021-12-28,38.4454115755
2021-12-29,38.3953958622
2021-12-30,38.3203722924
2021-12-31,38.0869656306
2022-01-04,38.0619577740
2022-01-05,38.6788182373
2022-01-06,38.2870284836
2022-01-07,38.5371070497
2022-01-10,37.9619263475
2022-01-11,38.3120363402
2022-01-12,38.3695002901
2022-01-13,38.6157743613
2022-01-14,38.4023368329
2022-01-17,38.5829378185
2022-01-18,38.8702575682
2022-01-19,39.1247407751
2022-01-20,39.5762432389
2022-01-21,40.0359548385
2022-01-24,40.3643202667
2022-01-25,39.5516158318
2022-01-26,39.5269884247
2022-01-27,40.1755101455
2022-01-28,40.9225414947
2022-02-07,42.8188518428
2022-02-08,42.2195849363
2022-02-09,41.2098612444
2022-02-10,41.6531545725
2022-02-11,41.4971809941
2022-02-14,41.8912195080
2022-02-15,41.8665921009
2022-02-16,41.7762916081
2022-02-17,42.3591402433
2022-02-18,42.7942244357
2022-02-21,43.5740923278
2022-02-22,44.0338039273
2022-02-23,43.3442365280
2022-02-24,44.3867967627
2022-02-25,45.1830829262
2022-02-28,44.2308231842
2022-03-01,45.9875782253
2022-03-02,45.9875782253
2022-03-03,45.9875782253
2022-03-04,45.9875782253
2022-03-07,45.9875782253
2022-03-08,45.9875782253
2022-03-09,46.7597577105
2022-03-10,46.1334343503
2022-03-11,45.9360995930
2022-03-14,44.7692505933
2022-03-15,44.3917406227
2022-03-16,44.5290169757
2022-03-17,44.4517990271
2022-03-18,44.8722078579
2022-03-21,44.1772463213
2022-03-22,44.4603787992
2022-03-23,44.1343474610
2022-03-24,45.0352235270
2022-03-25,44.1429272331
2022-03-28,44.3488417625
2022-03-29,43.9884913361
2022-03-30,43.5509229612
2022-03-31,43.9627520199
2022-04-01,43.7825768067
2022-04-06,44.5204372036
2022-04-07,44.8550483138
2022-04-08,45.2068189682
2022-04-11,45.6186480269
2022-04-12,45.9275198209
2022-04-13,46.3393488797
2022-04-14,46.7082790781
2022-04-15,47.0343104163
2022-04-18,47.4547192471
2022-04-19,47.8150696735
2022-04-20,47.6777933206
2022-04-21,47.9094471661
2022-04-22,48.0724628352
2022-04-25,48.9819186732
2022-04-26,47.4632990191
2022-04-27,48.5443502983
2022-04-28,49.2564713790
2022-04-29,49.6597206657
2022-05-05,49.5138645408
2022-05-06,48.6902064233
2022-05-09,48.0896223793
2022-05-10,47.6348944603
2022-05-11,47.6606337765
2022-05-12,48.2354785043
2022-05-13,48.8418380959
2022-05-16,49.5933823786
2022-05-17,49.3884157561
2022-05-18,49.3286338245
2022-05-19,49.0297241666
2022-05-20,49.3627949282
2022-05-23,50.2168225222
2022-05-24,50.3534669372
2022-05-25,50.6865376988
2022-05-26,50.6352960432
2022-05-27,51.3697597739
2022-05-30,51.4295417055
2022-05-31,51.3697597739
2022-06-01,51.4039208777
2022-06-02,51.4295417055
2022-06-06,52.3775123348
2022-06-07,52.4543748182
2022-06-08,52.9582510986
2022-06-09,53.2144593768
2022-06-10,52.2408679197
2022-06-13,51.6430486040
2022-06-14,51.6003472243
2022-06-15,51.2416556348
2022-06-16,50.8488029416
2022-06-17,49.8154295530
2022-06-20,49.1407477538
2022-06-21,47.8084647073
2022-06-22,47.0825412525
2022-06-23,44.6912639895
2022-06-24,44.6400223339
2022-06-27,44.4862973670
2022-06-28,44.7766667489
2022-06-29,44.7852070249
2022-06-30,44.9303917158
2022-07-01,42.3939297619
2022-07-04,42.3939297619
2022-07-05,40.2161593974
2022-07-06,40.2161593974
2022-07-07,40.2161593974
2022-07-08,39.9514108433
2022-07-11,40.1482579833
2022-07-12,39.9257351294
2022-07-13,38.2739308679
2022-07-14,38.3595165809
2022-07-15,39.0527608565
2022-07-18,40.5419522632
2022-07-19,41.1838451110
2022-07-20,40.8842951154
2022-07-21,40.2851951241
2022-07-22,40.2937536954
2022-07-25,40.6360965476
2022-07-26,41.2351965388
2022-07-27,41.6032151048
2022-07-28,41.6460079613
2022-07-29,42.4333965212
2022-08-01,42.4333965212
2022-08-02,42.4333965212
2022-08-03,42.4333965212
2022-08-04,42.4333965212
2022-08-05,42.4333965212
2022-08-08,43.0000014404
2022-08-09,43.8322024153
2022-08-10,44.1509176823
2022-08-11,44.2748625084
2022-08-12,44.6644033903
2022-08-15,44.6378437847
2022-08-16,43.9472940395
2022-08-17,44.2925689121
2022-08-18,43.9650004432
2022-08-19,43.7790832041
2022-08-22,44.3633945270
2022-08-23,44.8945866387
2022-08-24,45.4877511634
2022-08-25,45.9481176602
2022-08-26,46.0543560825
2022-08-29,46.3465117439
2022-08-30,46.7183462221
2022-08-31,46.4881629737
2022-09-01,46.4793097718
2022-09-02,45.0982102815
2022-09-05,45.2221551075
2022-09-06,45.2133019057
2022-09-07,45.1513294926
2022-09-08,44.1243580767
2022-09-09,44.1243580767
2022-09-13,45.0772699645
2022-09-14,45.0409685592
2022-09-15,44.7051805607
2022-09-16,44.0063785097
2022-09-19,44.0245292123
2022-09-20,43.5072341876
2022-09-21,44.1697348333
2022-09-22,44.5508995884
2022-09-23,44.4056939674
2022-09-26,43.2440489995
2022-09-27,42.8356581905
2022-09-28,43.0806926759
2022-09-29,43.9065496453
2022-09-30,44.1697348333
2022-10-10,45.9212776364
2022-10-11,46.8288127676
2022-10-12,48.3262457340
2022-10-13,48.5894309220
2022-10-14,47.9995330868
2022-10-17,47.7454232500
2022-10-18,47.2553542792
2022-10-19,47.5366901699
2022-10-20,47.4822380620
2022-10-21,47.2825803332
2022-10-24,47.1736761174
2022-10-25,46.6473057413
2022-10-26,46.6563810927
2022-10-27,46.5928536335
2022-10-28,45.6580924484
2022-10-31,44.8503861817
2022-11-01,44.6961052094
2022-11-02,46.2389149323
2022-11-03,46.2389149323
2022-11-04,46.2570656350
2022-11-07,46.2570656350
2022-11-08,45.0137425053
2022-11-09,44.2195434386
2022-11-10,43.8087508178
2022-11-11,43.7904933680
2022-11-14,43.9365529665
2022-11-15,43.3523145726
2022-11-16,43.9548104163
2022-11-17,44.0734838401
2022-11-18,44.5846924347
2022-11-21,44.2012859887
2022-11-22,43.4253443718
2022-11-23,43.5805326952
2022-11-24,43.7448497435
2022-11-25,44.5481775351
2022-11-28,43.5896614201
2022-11-29,43.6170475948
2022-11-30,44.5664349849
2022-12-01,44.6942371336
2022-12-02,44.6942371336
2022-12-05,44.6942371336
2022-12-06,44.6942371336
2022-12-07,44.6942371336
2022-12-08,44.6942371336
2022-12-09,44.8388162919
2022-12-12,43.9135096788
2022-12-13,43.7014602467
2022-12-14,44.2026679954
2022-12-15,44.0388116160
2022-12-16,43.4123019301
2022-12-19,42.9110941813
2022-12-20,42.6026586436
2022-12-21,42.1978370004
2022-12-22,42.1303667265
2022-12-23,41.5906045356
2022-12-26,42.1496439476
2022-12-27,43.4123019301
2022-12-28,44.0195343949
2022-12-29,43.9713413421
2022-12-30,44.0773660582
2023-01-03,43.9809799527
2023-01-04,44.2797768798
2023-01-05,44.1448363321
2023-01-06,44.1448363321
2023-01-09,44.1448363321
2023-01-10,44.1448363321
2023-01-11,43.9251109024
2023-01-12,44.0050110586
2023-01-13,44.0749236954
2023-01-16,43.9251109024
2023-01-17,44.1747988907
2023-01-18,44.7840375821
2023-01-19,45.1336007658
2023-01-20,45.4232388322
2023-01-30,46.3021405510
2023-01-31,46.1822903166
2023-02-01,45.6030141838
2023-02-02,44.5942747110
2023-02-03,44.0749236954
2023-02-06,44.4144993595
2023-02-07,44.7041374259
2023-02-08,45.2934010783
2023-02-09,45.2834135588
2023-02-10,44.9538254142
2023-02-13,44.9837879728
2023-02-14,45.0936506876
2023-02-15,45.0237380509
2023-02-16,45.1435882853
2023-02-17,45.7827895354
2023-02-20,46.4719283831
2023-02-21,46.5418410198
2023-02-22,46.4020157464
2023-02-23,46.3420906292
2023-02-24,46.2821655120
2023-02-27,46.3321031096
2023-02-28,46.2821655120
2023-03-01,46.3820407073
2023-03-02,46.3820407073
2023-03-03,47.1410921917
2023-03-06,47.1410921917
2023-03-07,47.1011421136
2023-03-08,46.4319783050
2023-03-09,46.2101694914
2023-03-10,45.7348648909
2023-03-13,45.1750616948
2023-03-14,44.4356989829
2023-03-15,44.3828873606
2023-03-16,43.5167767553
2023-03-17,43.1470953994
2023-03-20,43.1154084260
2023-03-21,43.1259707505
2023-03-22,42.2704224696
2023-03-23,41.6366830023
2023-03-24,40.9184449394
2023-03-27,41.3515002420
2023-03-28,41.9429904115
2023-03-29,42.4394196609
2023-03-30,42.5872922033
2023-03-31,43.1682200483
2023-04-03,43.7702725422
2023-04-04,44.1188292493
2023-04-06,44.1399538982
2023-04-07,43.7597102178
2023-04-10,43.3055302662
2023-04-11,43.3055302662
2023-04-12,43.5484637287
2023-04-13,43.1682200483
2023-04-14,43.2738432929
2023-04-17,42.5978545277
2023-04-18,42.9780982081
2023-04-19,43.2949679418
2023-04-20,42.6717907989
2023-04-21,42.1436745762
2023-04-24,41.4993727844
2023-04-25,41.1930653752
2023-04-26,41.2036276996
2023-04-27,41.7845555447
2023-04-28,41.1085667795
2023-05-04,42.2915471185
2023-05-05,42.2809847941
2023-05-08,42.4816689587
2023-05-09,42.2492978207
2023-05-10,42.2492978207
2023-05-11,40.7600100725
2023-05-12,40.4145862583
2023-05-15,40.3498192932
2023-05-16,40.3174358106
2023-05-17,39.3567258274
2023-05-18,39.2379863913
2023-05-19,39.3351368391
2023-05-22,39.0220965075
2023-05-23,38.7954121294
2023-05-24,38.7414396584
2023-05-25,38.5363442688
2023-05-26,39.3027533565
2023-05-29,39.3783148158
2023-05-30,38.6874671875
2023-05-31,37.5648397914
2023-06-01,37.3597444017
2023-06-02,37.9966195591
2023-06-05,38.4283993268
2023-06-06,38.4283993268
2023-06-07,38.4283993268
2023-06-08,38.2125094430
2023-06-09,38.6874671875
2023-06-12,39.3783148158
2023-06-13,39.2919588623
2023-06-14,39.8856560429
2023-06-15,39.9504230081
2023-06-16,41.1270228751
2023-06-19,42.0877328583
2023-06-20,42.1093218466
2023-06-21,41.6775420789
2023-06-26,41.4616521951
2023-06-27,41.5480081486
2023-06-28,41.2565568054
2023-06-29,41.3752962415
2023-06-30,41.5803916312
2023-07-03,42.8109639692
2023-07-04,42.8109639692
2023-07-05,43.7284959756
2023-07-06,43.7284959756
2023-07-07,43.3722776672
2023-07-10,43.2105614940
2023-07-11,43.8035207959
2023-07-12,43.7172721702
2023-07-13,43.2105614940
2023-07-14,43.7496154048
2023-07-17,43.3938398236
2023-07-18,43.2968101197
2023-07-19,43.4908695276
2023-07-20,44.3533557850
2023-07-21,44.1377342206
2023-07-24,43.0488453207
2023-07-25,43.5663370751
2023-07-26,43.8358640305
2023-07-27,44.0730477513
2023-07-28,43.9113315781
2023-07-31,43.5339938405
2023-08-01,43.3614965890
2023-08-02,42.9949399296
2023-08-03,43.0057210078
2023-08-04,44.1053909860
2023-08-07,44.1053909860
2023-08-08,43.0488453207
2023-08-09,42.9309620002
2023-08-10,43.8097285713
2023-08-11,43.6811285853
2023-08-14,43.8740285643
2023-08-15,44.4848784979
2023-08-16,44.7527951355
2023-08-17,44.8170951285
2023-08-18,45.2136117521
2023-08-21,45.4708117241
2023-08-22,45.3636450691
2023-08-23,45.2136117521
2023-08-24,45.8673283477
2023-08-25,46.8103949118
2023-08-28,47.6998781485
2023-08-29,47.1211782114
2023-08-30,46.8746949048
2023-08-31,46.9282782324
2023-09-01,46.7675282498
2023-09-04,46.8318282428
2023-09-05,46.1138116542
2023-09-06,46.4674616158
2023-09-07,46.4996116123
2023-09-08,46.1888283127
2023-09-11,46.8791951416
2023-09-12,46.5942818471
2023-09-13,46.3532013672
2023-09-14,46.3641595709
2023-09-15,46.7696131053
2023-09-18,46.1340372946
2023-09-19,45.5861271129
2023-09-20,45.4107958548
2023-09-21,44.6108469896
2023-09-22,44.1286860297
2023-09-25,44.5231813605
2023-09-26,44.5012649533
2023-09-27,44.6437216005
2023-09-28,45.2245063930
2023-10-09,44.2053934552
2023-10-10,43.5259848299
2023-10-11,43.3396953682
2023-10-12,43.5807758481
2023-10-13,44.3807247133
2023-10-16,44.7861782477
2023-10-17,44.9286348949
2023-10-18,45.2464228003
2023-10-19,45.0382169313
2023-10-20,44.6108469896
2023-10-23,44.4574321387
2023-10-24,43.8547309389
2023-10-25,43.4164027936
2023-10-26,43.7013160881
2023-10-27,44.3259336951
2023-10-30,44.6656380078
2023-10-31,44.5889305823
2023-11-01,44.4464739351
2023-11-02,44.7752200441
2023-11-03,45.1916317821
2023-11-06,45.2354645967
2023-11-07,45.2354645967
2023-11-08,45.2354645967
2023-11-09,45.2136275392
2023-11-10,45.0716866655
2023-11-13,45.1481163667
2023-11-14,45.4210795854
2023-11-15,46.1635395401
2023-11-16,46.3054804138
2023-11-17,46.0871098389
2023-11-20,45.5957760453
2023-11-21,45.7813910340
2023-11-22,45.7377169190
2023-11-23,45.3774054704
2023-11-24,44.8423975618
2023-11-27,44.8533160905
2023-11-28,44.9843384355
2023-11-29,45.1590348954
2023-11-30,44.8533160905
2023-12-01,44.8860716768
2023-12-04,44.9734199067
2023-12-05,44.7113752168
2023-12-06,44.7113752168
2023-12-07,44.2200414232
2023-12-08,44.2200414232
2023-12-11,44.5177081194
2023-12-12,44.5728315817
2023-12-13,44.3082389629
2023-12-14,43.9885228818
2023-12-15,44.0436463440
2023-12-18,43.8893006497
2023-12-19,44.0656957289
2023-12-20,43.9444241120
2023-12-21,43.9003253421
2023-12-22,43.4813870290
2023-12-25,43.4813870290
2023-12-26,43.6798314931
2023-12-27,43.9003253421
2023-12-28,43.8562265723
2023-12-29,43.4372882592
2024-01-02,42.6435104027
2024-01-03,42.6655597876
2024-01-04,42.6655597876
2024-01-05,43.3490907196
2024-01-08,42.9742511762
2024-01-09,42.9742511762
2024-01-10,43.7506909068
2024-01-11,43.9082294029
2024-01-12,43.6494161593
2024-01-15,43.4468666644
2024-01-16,43.6044051605
2024-01-17,43.5818996610
2024-01-18,43.3230864175
2024-01-19,43.9194821526
2024-01-22,44.2345591447
2024-01-23,44.0882733984
2024-01-24,44.4146031402
2024-01-25,44.2683173939
2024-01-26,43.5368886622
2024-01-29,42.8729764287
2024-01-30,41.5564047116
2024-01-31,41.1175474726
2024-02-01,41.1400529720
2024-02-02,40.9262507274
2024-02-05,40.6899429833
2024-02-06,40.8249759799
2024-02-07,40.8699869788
2024-02-08,40.9149979777
2024-02-19,41.2750859687
2024-02-20,41.7702069563
2024-02-21,41.5451519619
2024-02-22,41.5789102111
2024-02-23,41.6239212100
2024-02-26,41.4213717150
2024-02-27,41.6351739597
2024-02-28,41.7927124557
2024-02-29,41.7139432077
2024-03-01,42.3778554411
2024-03-04,42.2090641953
2024-03-05,42.2090641953
2024-03-06,42.2090641953
2024-03-07,42.2090641953
2024-03-08,42.2090641953
2024-03-11,42.3648993480
2024-03-12,42.6209142415
2024-03-13,42.6988318179
2024-03-14,43.2442548520
2024-03-15,43.4446143340
2024-03-18,43.7451535569
2024-03-19,43.6004494866
2024-03-20,43.5336629926
2024-03-21,44.2460522617
2024-03-22,43.9900373681
2024-03-25,43.5559251573
2024-03-26,43.7006292276
2024-03-27,43.0105021231
2024-03-28,42.6654385709
2024-03-29,42.9103223821
2024-04-01,43.2887791813
2024-04-02,43.5336629926
2024-04-03,43.8787265448
2024-04-08,43.4668764986
2024-04-09,42.9103223821
2024-04-10,42.6654385709
2024-04-11,42.7990115588
2024-04-12,42.4316858419
2024-04-15,42.7878804765
2024-04-16,42.3648993480
2024-04-17,41.8528695608
2024-04-18,41.6525100788
2024-04-19,41.5189370909
2024-04-22,41.4632816792
2024-04-23,42.1645398660
2024-04-24,42.5207345006
2024-04-25,42.2981128540
2024-04-26,42.0643601250
2024-04-29,42.3982925949
2024-04-30,42.3537682656
2024-05-06,42.2758506893
2024-05-07,42.7878804765
2024-05-08,43.0884196994
2024-05-09,43.0216332054
2024-05-10,41.8417384784
2024-05-13,42.0746238503
2024-05-14,42.6512923902
2024-05-15,42.2409705445
2024-05-16,42.7621901863
2024-05-17,43.1836018116
2024-05-20,43.5939236572
2024-05-21,44.0264250621
2024-05-22,44.0375148417
2024-05-23,44.0375148417
2024-05-24,43.9377068252
2024-05-27,43.5717440980
2024-05-28,44.0929637398
2024-05-29,44.3480286709
2024-05-30,44.2038615359
2024-05-31,44.0929637398
2024-06-03,43.4275769630
2024-06-04,42.9174471009
2024-06-05,42.8065493047
2024-06-06,43.0505244562
2024-06-07,43.7270010126
2024-06-11,43.3832178446
2024-06-12,43.2723200485
2024-06-13,43.4608463019
2024-06-14,43.2501404892
2024-06-17,42.6845617290
2024-06-18,42.9063573213
2024-06-19,43.1059733543
2024-06-20,43.1836018116
2024-06-21,43.0172551174
2024-06-24,42.7954595251
2024-06-25,42.2964194426
2024-06-26,42.0413545115
2024-06-27,42.0191749522
2024-06-28,42.1966114260
2024-07-01,42.4849456960
2024-07-02,42.4849456960
2024-07-03,42.4849456960
2024-07-04,42.4849456960
2024-07-05,42.4849456960
2024-07-08,42.2707538851
2024-07-09,41.7138551767
2024-07-10,40.7607016181
2024-07-11,40.3965755395
2024-07-12,40.6857344842
2024-07-15,40.5465098072
2024-07-16,40.4822522639
2024-07-17,40.6536057126
2024-07-18,40.7392824370
2024-07-19,40.9856030195
2024-07-22,41.2961811454
2024-07-23,41.8637894443
2024-07-24,41.8209510821
2024-07-25,41.1997948305
2024-07-26,41.5960496807
2024-07-29,40.9748934290
2024-07-30,40.6214769410
2024-07-31,40.5786385788
2024-08-01,40.2573508624
2024-08-02,40.2573508624
2024-08-05,38.8758136820
2024-08-06,38.8758136820
2024-08-07,38.8758136820
2024-08-08,38.8758136820
2024-08-09,38.9901543105
2024-08-12,38.9485759001
2024-08-13,38.5431863991
2024-08-14,37.8155642179
2024-08-15,38.2521375266
2024-08-16,38.4704241810
2024-08-19,38.3976619629
2024-08-20,38.5535810017
2024-08-21,38.5639756043
2024-08-22,38.6159486173
2024-08-23,38.5639756043
2024-08-26,38.8030514639
2024-08-27,39.2915977855
2024-08-28,39.4994898373
2024-08-29,39.4994898373
2024-08-30,39.8840901331
2024-09-02,40.3622418522
2024-09-03,40.3622418522
2024-09-04,40.3622418522
2024-09-05,40.3622418522
2024-09-06,39.8425117227
2024-09-09,39.5532738881
2024-09-10,39.7392124961
2024-09-11,39.5326140427
2024-09-12,39.4189848934
2024-09-13,39.7392124961
2024-09-18,40.0594400987
2024-09-19,40.2143889387
2024-09-20,40.2143889387
2024-09-23,40.1524094027
2024-09-24,40.5759362320
2024-09-25,40.8341842987
2024-09-26,41.2990308186
2024-09-27,41.3300205866
2024-09-30,41.2060615146
2024-10-08,41.9084962559
2024-10-09,41.4643095813
2024-10-10,41.4849694266
2024-10-11,41.7638773386
2024-10-14,41.7018978026
2024-10-15,41.3506804320
2024-10-16,41.7638773386
2024-10-17,41.9808057146
2024-10-18,41.8568466426
2024-10-21,41.5469489626
2024-10-22,41.8155269519
2024-10-23,42.4146624666
2024-10-24,42.5489514612
2024-10-25,43.2100665118
2024-10-28,42.5799412292
2024-10-29,42.1564143999
2024-10-30,42.2493837039
2024-10-31,42.3216931626
2024-11-01,42.3216931626
2024-11-04,42.8175294505
2024-11-05,43.5302941145
2024-11-06,43.5302941145
2024-11-07,43.5302941145
2024-11-08,43.5302941145
2024-11-11,43.5401137161
2024-11-12,42.8232827957
2024-11-13,41.5172757762
2024-11-14,40.7513468475
2024-11-15,40.6236920261
2024-11-18,40.3389235782
2024-11-19,40.0148767238
2024-11-20,40.2996451716
2024-11-21,40.0541551304
2024-11-22,39.6515514627
2024-11-25,39.4846182347
2024-11-26,39.4551594297
2024-11-27,39.4846182347
2024-11-28,39.6122730561
2024-11-29,39.7301082759
2024-12-02,40.4862176030
2024-12-03,40.4862176030
2024-12-04,39.3766026165
2024-12-05,39.3766026165
2024-12-06,39.3766026165
2024-12-09,39.2586791747
2024-12-10,39.4060834770
2024-12-11,39.5731416862
2024-12-12,39.7303729420
2024-12-13,39.4945260584
2024-12-16,39.4355643374
2024-12-17,39.2881600352
2024-12-18,38.3742533610
2024-12-19,37.2343267567
2024-12-20,37.1655380823
2024-12-23,37.4406927799
2024-12-24,37.7453283379
2024-12-25,38.0401369425
2024-12-26,37.9516943611
2024-12-27,38.2465029657
2024-12-30,38.2071951518
2024-12-31,38.1285795239
2025-01-02,38.4725228959
2025-01-03,37.7355013845
2025-01-06,37.7355013845
2025-01-07,37.1458841753
2025-01-08,37.1458841753
2025-01-09,37.1164033149
2025-01-10,37.2043568772
2025-01-13,38.0838925008
2025-01-14,38.2988900977
2025-01-15,38.3672984239
2025-01-16,37.9666210843
2025-01-17,37.3802640019
2025-01-20,38.0154841745
2025-01-21,38.5822960208
2025-01-22,38.7093400553
2025-01-23,38.4454793683
2025-01-24,38.1034377369
2025-01-27,38.3184353337
2025-02-05,39.2956971377
2025-02-06,39.8722816021
2025-02-07,40.8495434060
2025-02-10,41.1720398013
2025-02-11,40.8299981700
2025-02-12,40.5563648648
2025-02-13,39.7354649495
2025-02-14,39.6181935330
2025-02-17,39.4911494985
2025-02-18,39.1881983393
2025-02-19,39.5106947346
2025-02-20,39.6084209150
2025-02-21,39.7843280397
2025-02-24,39.6670566232
2025-02-25,39.9309173103
2025-02-26,39.6963744773
2025-02-27,39.9504625464
2025-02-28,40.3413672680
2025-03-03,40.3413672680
2025-03-04,40.3413672680
2025-03-05,40.3413672680
2025-03-06,40.3413672680
2025-03-07,40.4390934484
2025-03-10,40.7546262691
2025-03-11,40.2762377989
2025-03-12,39.9810619344
2025-03-13,40.2457023647
2025-03-14,40.8258756158
2025-03-17,41.1719438708
2025-03-18,41.0498021337
2025-03-19,41.1923008270
2025-03-20,40.8767680062
2025-03-21,40.8258756158
2025-03-24,40.4085580141
2025-03-25,40.2355238866
2025-03-26,40.1032036714
2025-03-27,40.2049884523
2025-03-28,40.6731984444
2025-03-31,40.5510567073
2025-04-01,40.3780225798
2025-04-02,40.6935554006
2025-04-03,40.4798073607
2025-04-07,39.2787469462
2025-04-08,38.9937495597
2025-04-09,38.7392876075
2025-04-10,38.8817863007
2025-04-11,39.1158912968
2025-04-14,39.3601747709
2025-04-15,39.2380330338
2025-04-16,39.2583899900
2025-04-17,39.3703532490
2025-04-18,39.4619595518
2025-04-21,39.4823165080
2025-04-22,39.6960645479
2025-04-23,39.9301695439
2025-04-24,40.1235606276
2025-04-25,40.5917706197
2025-04-28,40.2660593209
2025-04-29,40.1744530180
2025-04-30,40.1235606276
2025-05-06,40.1235606276
2025-05-07,40.3474871456
2025-05-08,40.3373086675
2025-05-09,40.3373086675
2025-05-12,40.5612351854
2025-05-13,40.5306997512
2025-05-14,40.8315419044
2025-05-15,40.6448122921
2025-05-16,40.2091098632
2025-05-19,40.3335962714
2025-05-20,40.4684565470
2025-05-21,40.5721952206
2025-05-22,40.3335962714
2025-05-23,40.4684565470
2025-05-26,40.2609792000
2025-05-27,40.2402314653
2025-05-28,40.3128485367
2025-05-29,40.1883621285
2025-05-30,39.9393893120
2025-06-03,40.0949973223
2025-06-04,40.1883621285
2025-06-05,40.1261189244
2025-06-06,40.4580826797
2025-06-09,40.8107941697
2025-06-10,40.9041589759
2025-06-11,40.6966816288
2025-06-12,40.6448122921
2025-06-13,40.9560283127
2025-06-16,41.6821990274
2025-06-17,41.8896763745
2025-06-18,42.2112662625
2025-06-19,42.6988380281
2025-06-20,42.9374369772
2025-06-23,42.7714550996
2025-06-24,42.0660321195
2025-06-25,41.8896763745
2025-06-26,42.0349105175
2025-06-27,42.0867798542
2025-06-30,41.8481809051
2025-07-01,41.6925728948
2025-07-02,41.6925728948
2025-07-03,41.6925728948
2025-07-04,41.6925728948
2025-07-07,41.6925728948
2025-07-08,41.6925728948
2025-07-09,41.7877614174
2025-07-10,41.9041029450
2025-07-11,42.0944799902
2025-07-14,42.2742805328
2025-07-15,42.3906220605
2025-07-16,42.4540810755
2025-07-17,42.4646575780
2025-07-18,43.0357887136
2025-07-21,43.0040592060
2025-07-22,42.5809991056
2025-07-23,42.6338816182
2025-07-24,42.9088706835
2025-07-25,43.5328843315
2025-07-28,43.4376958090
2025-07-29,43.3002012763
2025-07-30,43.7126848742
2025-07-31,43.5751903416
2025-08-01,43.5751903416
2025-08-04,43.8078733968
2025-08-05,43.8078733968
2025-08-06,45.0241711855
2025-08-07,45.0241711855
2025-08-08,45.4049252758
2025-08-11,45.4157256862
2025-08-12,45.7073367667
2025-08-13,46.3445609797
2025-08-14,46.2689581070
2025-08-15,46.1069519511
2025-08-18,46.4201638524
2025-08-19,46.3337605693
2025-08-20,45.6101330732
2025-08-21,45.5777318421
2025-08-22,45.7397379979
2025-08-25,45.9773470265
2025-08-26,46.1933552342
2025-08-27,45.8585425122
2025-08-28,45.6425343044
2025-08-29,45.4373265070
2025-09-01,45.3617236343
2025-09-02,45.4157256862
2025-09-03,45.6641351252
2025-09-04,45.4157256862
2025-09-05,45.4697277382
2025-09-08,45.5129088661
2025-09-09,45.5992711220
2025-09-10,45.0379164586
2025-09-11,44.9407589207
2025-09-12,45.1674598425
2025-09-15,45.2538220984
2025-09-16,45.5884758400
2025-09-17,45.5560899941
2025-09-18,44.8436013828
2025-09-19,45.0703023046
2025-09-22,45.2106409704
2025-09-23,43.8720260038
2025-09-24,43.7208920559
2025-09-25,44.1958844635
2025-09-26,44.2714514374
2025-09-29,44.0771363616
2025-09-30,43.8720260038
2025-10-09,44.7464438449
2025-10-10,44.9407589207
2025-10-13,44.7140579989
2025-10-14,44.6492863070
2025-10-15,44.5089476411
2025-10-16,44.5197429231
2025-10-17,44.6492863070
2025-10-20,44.7572391269
2025-10-21,44.7680344089
2025-10-22,44.3362231293
2025-10-23,44.1527033355
2025-10-24,44.0015693876
2025-10-27,44.0771363616
2025-10-28,43.9583882597
2025-10-29,43.3214666223
2025-10-30,43.7316873379
2025-10-31,43.6561203640
2025-11-03,43.6237345180
2025-11-04,43.7208920559
2025-11-05,43.9799788237
2025-11-06,44.1203174895
2025-11-07,44.7356485629
2025-11-10,44.9966880877
2025-11-11,45.2033443782
2025-11-12,45.2903575531
2025-11-13,45.3338641406
2025-11-14,45.4208773155
2025-11-17,45.2794809062
2025-11-18,45.4752605498
2025-11-19,45.7906833090
2025-11-20,45.5949036654
2025-11-21,45.2250976719
2025-11-24,44.9531815002
2025-11-25,44.8770449722
2025-11-26,44.6160054474
2025-11-27,45.0837012626
2025-11-28,45.1598377907
2025-12-01,45.2577276125
2025-12-02,45.6166569591
2025-12-03,45.6166569591
2025-12-04,45.0293180283
2025-12-05,46.3236390055
2025-12-08,46.3012171085
2025-12-09,46.0097324488
2025-12-10,46.0209433972
2025-12-11,46.2900061601
2025-12-12,46.2451623663
2025-12-15,46.0321543457
2025-12-16,45.8864120158
2025-12-17,45.5052397684
2025-12-18,45.2585989025
2025-12-19,44.5971529438
2025-12-22,44.6419967376
2025-12-23,44.8213719128
2025-12-24,44.8662157066
2025-12-25,44.9110595004
2025-12-26,45.1801222633
2025-12-29,45.2025441602
2025-12-30,45.3931302839
2025-12-31,45.5052397684
2026-01-05,45.3146536447
2026-01-06,45.3370755416
2026-01-07,45.7406696859
2026-01-08,46.2339514178
2026-01-09,46.1218419333
2026-01-12,46.0992165510
2026-01-13,46.3028449922
2026-01-14,46.2010307716
2026-01-15,46.0879038598
2026-01-16,46.1897180804
2026-01-19,46.2236561539
2026-01-20,46.2236561539
2026-01-21,46.1557800068
2026-01-22,46.4499099775
2026-01-23,46.5517241981
2026-01-26,46.9816064628
2026-01-27,47.1173587570
2026-01-28,47.4906775659
2026-01-29,47.7169313894
2026-01-30,47.4001760364
2026-02-02,46.5630368893
2026-02-03,46.1444673157
2026-02-04,46.4725353598
2026-02-05,46.3820338304
2026-02-06,46.1897180804
2026-02-09,46.3141576833
2026-02-10,46.3367830657
2026-02-11,46.2349688451
2026-02-12,46.2689069186
2026-02-13,45.8842754186
2026-02-24,46.1784053892
2026-02-25,46.5290988157
2026-02-26,46.8006034040
2026-02-27,46.7892907128
2026-03-02,46.8345414775
2026-03-03,46.8345414775
2026-03-04,46.8345414775
2026-03-05,46.9476683893
2026-03-06,48.1241882718
2026-03-09,49.9103822691
2026-03-10,48.7310362324
2026-03-11,48.7081363094
2026-03-12,49.4867336928
2026-03-13,49.8531324615
2026-03-16,49.8760323845
2026-03-17,49.3493341546
2026-03-18,49.2691844239
2026-03-19,49.3836840391
2026-03-20,49.2233845778
2026-03-23,49.6813830387
2026-03-24,49.2806343854
2026-03-25,48.9829353859
2026-03-26,49.2462845009
2026-03-27,49.5554334619
2026-03-30,49.6813830387
2026-03-31,49.8302325384
2026-04-01,49.9676320767
2026-04-02,49.5554334619
2026-04-03,49.7615327693
2026-04-07,49.9790820382
2026-04-08,49.1546848087
2026-04-09,48.5592868096
2026-04-10,48.8398108669
2026-04-13,48.7367612132
2026-04-14,48.5020370020
2026-04-15,48.2215129448
2026-04-16,48.3932623676
2026-04-17,48.5249369251
2026-04-20,48.3474625215
2026-04-21,48.8169109438
2026-04-22,49.5153585966
2026-04-23,49.3836840391
2026-04-24,49.2062096356
2026-04-27,48.8970606745
2026-04-28,48.8970606745
2026-04-29,48.9485855013
2026-04-30,49.1833097125
2026-05-06,49.4065839622
2026-05-07,48.9371355398
2026-05-08,48.6623364633
2026-05-11,47.6146649842
2026-05-12,48.1012883488
2026-05-13,48.0898383873
2026-05-14,48.0220505263
2026-05-15,47.4176087657
2026-05-18,47.2255431596
2026-05-19,47.7452500939
2026-05-20,48.3835857849
2026-05-21,48.1971691672
2026-05-22,47.8130379549
2026-05-25,47.3780658468
2026-05-26,47.3724168584
2026-05-27,47.4289067426
2026-05-28,47.6605152676
2026-05-29,47.9768586190
2026-06-01,48.1858711904
2026-06-02,48.0898383873
2026-06-03,48.0220505263
2026-06-04,48.0276995147
2026-06-05,47.5249395457
2026-06-08,47.2142451828
2026-06-09,46.8527099241
2026-06-10,46.7736240863
2026-06-11,46.9939346345
2026-06-12,46.9995836229
2026-06-15,46.8188159936
2026-06-16,46.7905710515
2026-06-17,47.1295103565
2026-06-18,47.2198941712
2026-06-22,47.1690532754
2026-06-23,46.9148487967
2026-06-24,47.0730204724
2026-06-25,46.9091998083
2026-06-26,47.1295103565
2026-06-29,47.3893638237
2026-06-30,47.3102779858
2026-07-01,46.8979018315
2026-07-02,46.8979018315
2026-07-03,46.8979018315
2026-07-06,46.8979018315
2026-07-07,47.5757804414
2026-07-08,47.5757804414
2026-07-09,47.6090076190
2026-07-10,47.3265766095
2026-07-13,47.3487280612
2026-07-14,47.4373338681
2026-07-15,47.4871746345
2026-07-16,47.3874931017
2026-07-17,47.2158193509
2026-07-20,47.2878115690
2026-07-21,47.2711979802
2026-07-22,47.0053805595
2026-07-23,46.9167747526
2026-07-24,47.3210387466
2026-07-27,46.9832291078
2026-07-28,46.4792835810
2026-07-29,46.4792835810
2026-07-30,46.3020719672
2026-07-31,46.2633069267
2026-08-03,46.2522312009
2026-08-04,46.2522312009
2026-08-05,46.5568136621
2026-08-06,46.5623515250
2026-08-07,46.3629884595
2026-08-10,46.4620664355
2026-08-11,46.4950924276
2026-08-12,46.4125274475
2026-08-13,46.4510577715
2026-08-14,46.6767353836
2026-08-17,46.9189259918
2026-08-18,47.4143158720
2026-08-19,47.8656710962
2026-08-20,48.4105999645
2026-08-21,48.8014075367
2026-08-24,48.5206866046
2026-08-25,48.1353833644
2026-08-26,48.1904266844
2026-08-27,48.4546346205
2026-08-28,48.8179205327
2026-08-31,49.2857887530
2026-09-01,49.7646656372
2026-09-02,49.9793345853
