					CZCE History data(2019FG)
Trading Day|Contract Code|Prev.Settle|Open     |High     |Low      |Close    |Settlement|Change1   |Change2   |Volume    |OpenInterest|OI Change|Turnover     |DeliverySettlementPrice|
2019-01-02 |FG901        |1,301.00   |1,317.00 |1,350.00 |1,295.00 |1,330.00 |1,324.00  |29.00     |23.00     |2,034     |2,800       |-2,028   |5,384.12     |1,314.00               |
2019-01-02 |FG902        |1,272.00   |0.00     |0.00     |0.00     |0.00     |1,294.00  |22.00     |22.00     |0         |0           |0        |0.00         |0.00                   |
2019-01-02 |FG903        |1,280.00   |0.00     |0.00     |0.00     |0.00     |1,280.00  |0.00      |0.00      |0         |0           |0        |0.00         |0.00                   |
2019-01-02 |FG904        |1,294.00   |0.00     |0.00     |0.00     |0.00     |1,294.00  |0.00      |0.00      |0         |2           |0        |0.00         |0.00                   |
2019-01-02 |FG905        |1,286.00   |1,298.00 |1,298.00 |1,283.00 |1,284.00 |1,290.00  |-2.00     |4.00      |80,614    |153,072     |5,464    |208,000.06   |0.00                   |
2019-01-02 |FG906        |1,292.00   |1,311.00 |1,311.00 |1,310.00 |1,310.00 |1,311.00  |18.00     |19.00     |4         |24          |0        |10.48        |0.00                   |
2019-01-02 |FG907        |1,286.00   |0.00     |0.00     |0.00     |0.00     |1,286.00  |0.00      |0.00      |0         |0           |0        |0.00         |0.00                   |
2019-01-02 |FG908        |1,298.00   |0.00     |0.00     |0.00     |0.00     |1,289.00  |-9.00     |-9.00     |0         |6           |0        |0.00         |0.00                   |
2019-01-02 |FG909        |1,280.00   |1,292.00 |1,292.00 |1,275.00 |1,276.00 |1,282.00  |-4.00     |2.00      |3,324     |16,188      |864      |8,525.56     |0.00                   |
2019-01-02 |FG910        |1,265.00   |0.00     |0.00     |0.00     |0.00     |1,265.00  |0.00      |0.00      |0         |4           |0        |0.00         |0.00                   |
2019-01-02 |FG911        |1,279.00   |1,270.00 |1,272.00 |1,270.00 |1,272.00 |1,271.00  |-7.00     |-8.00     |1,130     |1,130       |1,130    |2,872.84     |0.00                   |
2019-01-02 |FG912        |1,273.00   |1,240.00 |1,240.00 |1,240.00 |1,240.00 |1,240.00  |-33.00    |-33.00    |2         |2           |2        |4.96         |0.00                   |
2019-01-03 |FG901        |1,324.00   |1,380.00 |1,381.00 |1,340.00 |1,340.00 |1,380.00  |16.00     |56.00     |482       |2,786       |-14      |1,330.11     |1,321.00               |
2019-01-03 |FG902        |1,294.00   |0.00     |0.00     |0.00     |0.00     |1,349.00  |55.00     |55.00     |0         |0           |0        |0.00         |0.00                   |
2019-01-03 |FG903        |1,280.00   |0.00     |0.00     |0.00     |0.00     |1,288.00  |8.00      |8.00      |0         |0           |0        |0.00         |0.00                   |
2019-01-03 |FG904        |1,294.00   |0.00     |0.00     |0.00     |0.00     |1,297.00  |3.00      |3.00      |0         |2           |0        |0.00         |0.00                   |
2019-01-03 |FG905        |1,290.00   |1,282.00 |1,305.00 |1,281.00 |1,303.00 |1,295.00  |13.00     |5.00      |144,366   |174,996     |21,924   |373,827.93   |0.00                   |
2019-01-03 |FG906        |1,311.00   |1,301.00 |1,301.00 |1,301.00 |1,301.00 |1,301.00  |-10.00    |-10.00    |2         |26          |2        |5.20         |0.00                   |
2019-01-03 |FG907        |1,286.00   |0.00     |0.00     |0.00     |0.00     |1,286.00  |0.00      |0.00      |0         |0           |0        |0.00         |0.00                   |
2019-01-03 |FG908        |1,289.00   |0.00     |0.00     |0.00     |0.00     |1,295.00  |6.00      |6.00      |0         |6           |0        |0.00         |0.00                   |
2019-01-03 |FG909        |1,282.00   |1,275.00 |1,296.00 |1,273.00 |1,295.00 |1,285.00  |13.00     |3.00      |9,026     |18,500      |2,312    |23,194.73    |0.00                   |
2019-01-03 |FG910        |1,265.00   |0.00     |0.00     |0.00     |0.00     |1,274.00  |9.00      |9.00      |0         |4           |0        |0.00         |0.00                   |
2019-01-03 |FG911        |1,271.00   |0.00     |0.00     |0.00     |0.00     |1,281.00  |10.00     |10.00     |0         |1,130       |0        |0.00         |0.00                   |
2019-01-03 |FG912        |1,240.00   |0.00     |0.00     |0.00     |0.00     |1,243.00  |3.00      |3.00      |0         |2           |0        |0.00         |0.00                   |
2019-01-04 |FG901        |1,380.00   |1,340.00 |1,375.00 |1,340.00 |1,375.00 |1,372.00  |-5.00     |-8.00     |220       |2,586       |-200     |603.60       |1,327.00               |
2019-01-04 |FG902        |1,349.00   |0.00     |0.00     |0.00     |0.00     |1,341.00  |-8.00     |-8.00     |0         |0           |0        |0.00         |0.00                   |
2019-01-04 |FG903        |1,288.00   |0.00     |0.00     |0.00     |0.00     |1,301.00  |13.00     |13.00     |0         |0           |0        |0.00         |0.00                   |
2019-01-04 |FG904        |1,297.00   |0.00     |0.00     |0.00     |0.00     |1,310.00  |13.00     |13.00     |0         |2           |0        |0.00         |0.00                   |
2019-01-04 |FG905        |1,295.00   |1,303.00 |1,318.00 |1,300.00 |1,316.00 |1,307.00  |21.00     |12.00     |173,404   |187,948     |12,952   |453,376.35   |0.00                   |
2019-01-04 |FG906        |1,301.00   |1,304.00 |1,308.00 |1,304.00 |1,308.00 |1,307.00  |7.00      |6.00      |6         |24          |-2       |15.68        |0.00                   |
2019-01-04 |FG907        |1,286.00   |0.00     |0.00     |0.00     |0.00     |1,295.00  |9.00      |9.00      |0         |0           |0        |0.00         |0.00                   |
2019-01-04 |FG908        |1,295.00   |0.00     |0.00     |0.00     |0.00     |1,305.00  |10.00     |10.00     |0         |6           |0        |0.00         |0.00                   |
2019-01-04 |FG909        |1,285.00   |1,294.00 |1,310.00 |1,291.00 |1,306.00 |1,299.00  |21.00     |14.00     |7,754     |18,756      |256      |20,143.29    |0.00                   |
2019-01-04 |FG910        |1,274.00   |0.00     |0.00     |0.00     |0.00     |1,286.00  |12.00     |12.00     |0         |4           |0        |0.00         |0.00                   |
2019-01-04 |FG911        |1,281.00   |0.00     |0.00     |0.00     |0.00     |1,294.00  |13.00     |13.00     |0         |1,130       |0        |0.00         |0.00                   |
2019-01-04 |FG912        |1,243.00   |0.00     |0.00     |0.00     |0.00     |1,257.00  |14.00     |14.00     |0         |2           |0        |0.00         |0.00                   |
2019-01-07 |FG901        |1,372.00   |1,350.00 |1,380.00 |1,318.00 |1,340.00 |1,324.00  |-32.00    |-48.00    |1,666     |986         |-1,600   |4,413.22     |1,328.00               |
2019-01-07 |FG902        |1,341.00   |0.00     |0.00     |0.00     |0.00     |1,341.00  |0.00      |0.00      |0         |0           |0        |0.00         |0.00                   |
2019-01-07 |FG903        |1,301.00   |0.00     |0.00     |0.00     |0.00     |1,302.00  |1.00      |1.00      |0         |0           |0        |0.00         |0.00                   |
2019-01-07 |FG904        |1,310.00   |0.00     |0.00     |0.00     |0.00     |1,311.00  |1.00      |1.00      |0         |2           |0        |0.00         |0.00                   |
2019-01-07 |FG905        |1,307.00   |1,316.00 |1,319.00 |1,306.00 |1,316.00 |1,312.00  |9.00      |5.00      |113,866   |177,568     |-10,380  |298,882.39   |0.00                   |
2019-01-07 |FG906        |1,307.00   |1,313.00 |1,313.00 |1,313.00 |1,313.00 |1,313.00  |6.00      |6.00      |2         |24          |0        |5.25         |0.00                   |
2019-01-07 |FG907        |1,295.00   |0.00     |0.00     |0.00     |0.00     |1,296.00  |1.00      |1.00      |0         |0           |0        |0.00         |0.00                   |
2019-01-07 |FG908        |1,305.00   |0.00     |0.00     |0.00     |0.00     |1,306.00  |1.00      |1.00      |0         |6           |0        |0.00         |0.00                   |
2019-01-07 |FG909        |1,299.00   |1,306.00 |1,310.00 |1,297.00 |1,305.00 |1,305.00  |6.00      |6.00      |12,998    |25,398      |6,642    |33,922.62    |0.00                   |
2019-01-07 |FG910        |1,286.00   |0.00     |0.00     |0.00     |0.00     |1,287.00  |1.00      |1.00      |0         |4           |0        |0.00         |0.00                   |
2019-01-07 |FG911        |1,294.00   |1,294.00 |1,294.00 |1,294.00 |1,294.00 |1,294.00  |0.00      |0.00      |2,102     |3,232       |2,102    |5,439.98     |0.00                   |
2019-01-07 |FG912        |1,257.00   |1,276.00 |1,276.00 |1,276.00 |1,276.00 |1,276.00  |19.00     |19.00     |400       |402         |400      |1,020.80     |0.00                   |
2019-01-08 |FG901        |1,324.00   |0.00     |0.00     |0.00     |0.00     |1,324.00  |0.00      |0.00      |0         |986         |0        |0.00         |1,328.00               |
2019-01-08 |FG902        |1,341.00   |0.00     |0.00     |0.00     |0.00     |1,341.00  |0.00      |0.00      |0         |0           |0        |0.00         |0.00                   |
2019-01-08 |FG903        |1,302.00   |0.00     |0.00     |0.00     |0.00     |1,302.00  |0.00      |0.00      |0         |0           |0        |0.00         |0.00                   |
2019-01-08 |FG904        |1,311.00   |0.00     |0.00     |0.00     |0.00     |1,311.00  |0.00      |0.00      |0         |2           |0        |0.00         |0.00                   |
2019-01-08 |FG905        |1,312.00   |1,316.00 |1,317.00 |1,306.00 |1,310.00 |1,312.00  |-2.00     |0.00      |111,436   |196,168     |18,600   |292,350.54   |0.00                   |
2019-01-08 |FG906        |1,313.00   |0.00     |0.00     |0.00     |0.00     |1,313.00  |0.00      |0.00      |0         |24          |0        |0.00         |0.00                   |
2019-01-08 |FG907        |1,296.00   |0.00     |0.00     |0.00     |0.00     |1,296.00  |0.00      |0.00      |0         |0           |0        |0.00         |0.00                   |
2019-01-08 |FG908        |1,306.00   |0.00     |0.00     |0.00     |0.00     |1,306.00  |0.00      |0.00      |0         |6           |0        |0.00         |0.00                   |
2019-01-08 |FG909        |1,305.00   |1,306.00 |1,306.00 |1,297.00 |1,299.00 |1,301.00  |-6.00     |-4.00     |4,048     |25,652      |254      |10,536.06    |0.00                   |
2019-01-08 |FG910        |1,287.00   |0.00     |0.00     |0.00     |0.00     |1,289.00  |2.00      |2.00      |0         |4           |0        |0.00         |0.00                   |
2019-01-08 |FG911        |1,294.00   |1,294.00 |1,314.00 |1,289.00 |1,314.00 |1,294.00  |20.00     |0.00      |2,128     |1,132       |-2,100   |5,507.52     |0.00                   |
2019-01-08 |FG912        |1,276.00   |0.00     |0.00     |0.00     |0.00     |1,276.00  |0.00      |0.00      |0         |402         |0        |0.00         |0.00                   |
2019-01-09 |FG901        |1,324.00   |0.00     |0.00     |0.00     |0.00     |1,324.00  |0.00      |0.00      |0         |986         |0        |0.00         |1,328.00               |
2019-01-09 |FG902        |1,341.00   |1,348.00 |1,348.00 |1,348.00 |1,348.00 |1,348.00  |7.00      |7.00      |10        |10          |10       |26.96        |0.00                   |
2019-01-09 |FG903        |1,302.00   |1,335.00 |1,335.00 |1,283.00 |1,283.00 |1,309.00  |-19.00    |7.00      |4         |0           |0        |10.47        |0.00                   |
2019-01-09 |FG904        |1,311.00   |0.00     |0.00     |0.00     |0.00     |1,311.00  |0.00      |0.00      |0         |2           |0        |0.00         |0.00                   |
2019-01-09 |FG905        |1,312.00   |1,310.00 |1,315.00 |1,303.00 |1,309.00 |1,310.00  |-3.00     |-2.00     |133,940   |187,942     |-8,226   |350,911.66   |0.00                   |
2019-01-09 |FG906        |1,313.00   |1,314.00 |1,314.00 |1,314.00 |1,314.00 |1,314.00  |1.00      |1.00      |4         |22          |-2       |10.51        |0.00                   |
2019-01-09 |FG907        |1,296.00   |0.00     |0.00     |0.00     |0.00     |1,296.00  |0.00      |0.00      |0         |0           |0        |0.00         |0.00                   |
2019-01-09 |FG908        |1,306.00   |0.00     |0.00     |0.00     |0.00     |1,306.00  |0.00      |0.00      |0         |6           |0        |0.00         |0.00                   |
2019-01-09 |FG909        |1,301.00   |1,299.00 |1,305.00 |1,295.00 |1,299.00 |1,301.00  |-2.00     |0.00      |7,680     |27,648      |1,996    |19,975.96    |0.00                   |
2019-01-09 |FG910        |1,289.00   |0.00     |0.00     |0.00     |0.00     |1,289.00  |0.00      |0.00      |0         |4           |0        |0.00         |0.00                   |
2019-01-09 |FG911        |1,294.00   |0.00     |0.00     |0.00     |0.00     |1,294.00  |0.00      |0.00      |0         |1,132       |0        |0.00         |0.00                   |
2019-01-09 |FG912        |1,276.00   |1,287.00 |1,287.00 |1,287.00 |1,287.00 |1,287.00  |11.00     |11.00     |1,000     |1,402       |1,000    |2,574.00     |0.00                   |
2019-01-10 |FG901        |1,324.00   |0.00     |0.00     |0.00     |0.00     |1,324.00  |0.00      |0.00      |0         |986         |0        |0.00         |1,330.00               |
2019-01-10 |FG902        |1,348.00   |1,282.00 |1,359.00 |1,282.00 |1,317.00 |1,298.00  |-31.00    |-50.00    |14        |10          |0        |36.34        |0.00                   |
2019-01-10 |FG903        |1,309.00   |0.00     |0.00     |0.00     |0.00     |1,309.00  |0.00      |0.00      |0         |0           |0        |0.00         |0.00                   |
2019-01-10 |FG904        |1,311.00   |1,306.00 |1,322.00 |1,306.00 |1,322.00 |1,314.00  |11.00     |3.00      |4         |4           |2        |10.51        |0.00                   |
2019-01-10 |FG905        |1,310.00   |1,308.00 |1,316.00 |1,305.00 |1,307.00 |1,311.00  |-3.00     |1.00      |104,386   |193,254     |5,312    |273,598.85   |0.00                   |
2019-01-10 |FG906        |1,314.00   |0.00     |0.00     |0.00     |0.00     |1,313.00  |-1.00     |-1.00     |0         |22          |0        |0.00         |0.00                   |
2019-01-10 |FG907        |1,296.00   |0.00     |0.00     |0.00     |0.00     |1,296.00  |0.00      |0.00      |0         |0           |0        |0.00         |0.00                   |
2019-01-10 |FG908        |1,306.00   |0.00     |0.00     |0.00     |0.00     |1,306.00  |0.00      |0.00      |0         |6           |0        |0.00         |0.00                   |
2019-01-10 |FG909        |1,301.00   |1,299.00 |1,306.00 |1,294.00 |1,295.00 |1,300.00  |-6.00     |-1.00     |8,046     |30,428      |2,780    |20,917.84    |0.00                   |
2019-01-10 |FG910        |1,289.00   |0.00     |0.00     |0.00     |0.00     |1,289.00  |0.00      |0.00      |0         |4           |0        |0.00         |0.00                   |
2019-01-10 |FG911        |1,294.00   |0.00     |0.00     |0.00     |0.00     |1,294.00  |0.00      |0.00      |0         |1,132       |0        |0.00         |0.00                   |
2019-01-10 |FG912        |1,287.00   |0.00     |0.00     |0.00     |0.00     |1,287.00  |0.00      |0.00      |0         |1,402       |0        |0.00         |0.00                   |
2019-01-11 |FG901        |1,324.00   |0.00     |0.00     |0.00     |0.00     |1,331.00  |7.00      |7.00      |0         |986         |0        |0.00         |1,332.00               |
2019-01-11 |FG902        |1,298.00   |0.00     |0.00     |0.00     |0.00     |1,305.00  |7.00      |7.00      |0         |10          |0        |0.00         |0.00                   |
2019-01-11 |FG903        |1,309.00   |0.00     |0.00     |0.00     |0.00     |1,309.00  |0.00      |0.00      |0         |0           |0        |0.00         |0.00                   |
2019-01-11 |FG904        |1,314.00   |0.00     |0.00     |0.00     |0.00     |1,317.00  |3.00      |3.00      |0         |4           |0        |0.00         |0.00                   |
2019-01-11 |FG905        |1,311.00   |1,307.00 |1,326.00 |1,307.00 |1,323.00 |1,318.00  |12.00     |7.00      |158,996   |214,974     |21,720   |419,056.12   |0.00                   |
2019-01-11 |FG906        |1,313.00   |1,313.00 |1,313.00 |1,313.00 |1,313.00 |1,313.00  |0.00      |0.00      |10        |12          |-10      |26.26        |0.00                   |
2019-01-11 |FG907        |1,296.00   |0.00     |0.00     |0.00     |0.00     |1,302.00  |6.00      |6.00      |0         |0           |0        |0.00         |0.00                   |
2019-01-11 |FG908        |1,306.00   |1,306.00 |1,323.00 |1,306.00 |1,323.00 |1,313.00  |17.00     |7.00      |10        |8           |2        |26.26        |0.00                   |
2019-01-11 |FG909        |1,300.00   |1,295.00 |1,312.00 |1,295.00 |1,310.00 |1,304.00  |10.00     |4.00      |15,746    |36,538      |6,110    |41,061.32    |0.00                   |
2019-01-11 |FG910        |1,289.00   |0.00     |0.00     |0.00     |0.00     |1,298.00  |9.00      |9.00      |0         |4           |0        |0.00         |0.00                   |
2019-01-11 |FG911        |1,294.00   |0.00     |0.00     |0.00     |0.00     |1,301.00  |7.00      |7.00      |0         |1,132       |0        |0.00         |0.00                   |
2019-01-11 |FG912        |1,287.00   |1,303.00 |1,336.00 |1,303.00 |1,331.00 |1,315.00  |44.00     |28.00     |6,438     |5,420       |4,018    |16,933.64    |0.00                   |
2019-01-14 |FG901        |1,331.00   |1,360.00 |1,360.00 |1,360.00 |1,360.00 |1,360.00  |29.00     |29.00     |10        |976         |-10      |27.20        |1,336.00               |
2019-01-14 |FG902        |1,305.00   |1,320.00 |1,320.00 |1,320.00 |1,320.00 |1,320.00  |15.00     |15.00     |10        |0           |-10      |26.40        |0.00                   |
2019-01-14 |FG903        |1,309.00   |0.00     |0.00     |0.00     |0.00     |1,309.00  |0.00      |0.00      |0         |0           |0        |0.00         |0.00                   |
2019-01-14 |FG904        |1,317.00   |0.00     |0.00     |0.00     |0.00     |1,317.00  |0.00      |0.00      |0         |4           |0        |0.00         |0.00                   |
2019-01-14 |FG905        |1,318.00   |1,323.00 |1,324.00 |1,315.00 |1,317.00 |1,319.00  |-1.00     |1.00      |96,084    |193,864     |-21,110  |253,479.47   |0.00                   |
2019-01-14 |FG906        |1,313.00   |0.00     |0.00     |0.00     |0.00     |1,313.00  |0.00      |0.00      |0         |12          |0        |0.00         |0.00                   |
2019-01-14 |FG907        |1,302.00   |0.00     |0.00     |0.00     |0.00     |1,302.00  |0.00      |0.00      |0         |0           |0        |0.00         |0.00                   |
2019-01-14 |FG908        |1,313.00   |0.00     |0.00     |0.00     |0.00     |1,313.00  |0.00      |0.00      |0         |8           |0        |0.00         |0.00                   |
2019-01-14 |FG909        |1,304.00   |1,308.00 |1,310.00 |1,303.00 |1,303.00 |1,306.00  |-1.00     |2.00      |6,200     |36,022      |-516     |16,191.10    |0.00                   |
2019-01-14 |FG910        |1,298.00   |0.00     |0.00     |0.00     |0.00     |1,298.00  |0.00      |0.00      |0         |4           |0        |0.00         |0.00                   |
2019-01-14 |FG911        |1,301.00   |0.00     |0.00     |0.00     |0.00     |1,301.00  |0.00      |0.00      |0         |1,132       |0        |0.00         |0.00                   |
2019-01-14 |FG912        |1,315.00   |1,313.00 |1,327.00 |1,306.00 |1,306.00 |1,313.00  |-9.00     |-2.00     |2,626     |7,728       |2,308    |6,895.04     |0.00                   |
2019-01-15 |FG901        |1,360.00   |0.00     |0.00     |0.00     |0.00     |1,353.00  |-7.00     |-7.00     |116       |0           |-976     |313.90       |1,342.00               |
2019-01-15 |FG902        |1,320.00   |1,281.00 |1,281.00 |1,281.00 |1,281.00 |1,281.00  |-39.00    |-39.00    |10        |10          |10       |25.62        |0.00                   |
2019-01-15 |FG903        |1,309.00   |0.00     |0.00     |0.00     |0.00     |1,309.00  |0.00      |0.00      |0         |0           |0        |0.00         |0.00                   |
2019-01-15 |FG904        |1,317.00   |0.00     |0.00     |0.00     |0.00     |1,316.00  |-1.00     |-1.00     |0         |4           |0        |0.00         |0.00                   |
2019-01-15 |FG905        |1,319.00   |1,320.00 |1,320.00 |1,306.00 |1,308.00 |1,312.00  |-11.00    |-7.00     |102,764   |197,272     |3,408    |269,643.64   |0.00                   |
2019-01-15 |FG906        |1,313.00   |0.00     |0.00     |0.00     |0.00     |1,313.00  |0.00      |0.00      |0         |12          |0        |0.00         |0.00                   |
2019-01-15 |FG907        |1,302.00   |0.00     |0.00     |0.00     |0.00     |1,302.00  |0.00      |0.00      |0         |0           |0        |0.00         |0.00                   |
2019-01-15 |FG908        |1,313.00   |0.00     |0.00     |0.00     |0.00     |1,312.00  |-1.00     |-1.00     |0         |8           |0        |0.00         |0.00                   |
2019-01-15 |FG909        |1,306.00   |1,305.00 |1,306.00 |1,296.00 |1,299.00 |1,300.00  |-7.00     |-6.00     |8,502     |39,066      |3,044    |22,107.53    |0.00                   |
2019-01-15 |FG910        |1,298.00   |0.00     |0.00     |0.00     |0.00     |1,298.00  |0.00      |0.00      |0         |4           |0        |0.00         |0.00                   |
2019-01-15 |FG911        |1,301.00   |0.00     |0.00     |0.00     |0.00     |1,301.00  |0.00      |0.00      |0         |1,132       |0        |0.00         |0.00                   |
2019-01-15 |FG912        |1,313.00   |1,307.00 |1,308.00 |1,299.00 |1,306.00 |1,301.00  |-7.00     |-12.00    |2,028     |9,754       |2,026    |5,278.80     |0.00                   |
2019-01-16 |FG001        |1,301.00   |1,280.00 |1,280.00 |1,260.00 |1,270.00 |1,267.00  |-31.00    |-34.00    |358       |290         |290      |907.17       |0.00                   |
2019-01-16 |FG902        |1,281.00   |1,320.00 |1,320.00 |1,320.00 |1,320.00 |1,320.00  |39.00     |39.00     |10        |0           |-10      |26.40        |0.00                   |
2019-01-16 |FG903        |1,309.00   |0.00     |0.00     |0.00     |0.00     |1,309.00  |0.00      |0.00      |0         |0           |0        |0.00         |0.00                   |
2019-01-16 |FG904        |1,316.00   |0.00     |0.00     |0.00     |0.00     |1,316.00  |0.00      |0.00      |0         |4           |0        |0.00         |0.00                   |
2019-01-16 |FG905        |1,312.00   |1,305.00 |1,322.00 |1,304.00 |1,317.00 |1,316.00  |5.00      |4.00      |94,058    |193,354     |-3,918   |247,468.96   |0.00                   |
2019-01-16 |FG906        |1,313.00   |0.00     |0.00     |0.00     |0.00     |1,313.00  |0.00      |0.00      |0         |12          |0        |0.00         |0.00                   |
2019-01-16 |FG907        |1,302.00   |0.00     |0.00     |0.00     |0.00     |1,302.00  |0.00      |0.00      |0         |0           |0        |0.00         |0.00                   |
2019-01-16 |FG908        |1,312.00   |0.00     |0.00     |0.00     |0.00     |1,312.00  |0.00      |0.00      |0         |8           |0        |0.00         |0.00                   |
2019-01-16 |FG909        |1,300.00   |1,299.00 |1,310.00 |1,296.00 |1,305.00 |1,305.00  |5.00      |5.00      |7,476     |38,340      |-726     |19,511.60    |0.00                   |
2019-01-16 |FG910        |1,298.00   |1,307.00 |1,307.00 |1,297.00 |1,297.00 |1,300.00  |-1.00     |2.00      |6         |4           |0        |15.60        |0.00                   |
2019-01-16 |FG911        |1,301.00   |0.00     |0.00     |0.00     |0.00     |1,301.00  |0.00      |0.00      |0         |1,132       |0        |0.00         |0.00                   |
2019-01-16 |FG912        |1,301.00   |1,281.00 |1,313.00 |1,281.00 |1,300.00 |1,281.00  |-1.00     |-20.00    |406       |10,154      |400      |1,040.48     |0.00                   |
2019-01-17 |FG001        |1,267.00   |1,266.00 |1,271.00 |1,261.00 |1,262.00 |1,266.00  |-5.00     |-1.00     |814       |1,066       |776      |2,061.57     |0.00                   |
2019-01-17 |FG902        |1,320.00   |0.00     |0.00     |0.00     |0.00     |1,320.00  |0.00      |0.00      |0         |0           |0        |0.00         |0.00                   |
2019-01-17 |FG903        |1,309.00   |0.00     |0.00     |0.00     |0.00     |1,309.00  |0.00      |0.00      |0         |0           |0        |0.00         |0.00                   |
2019-01-17 |FG904        |1,316.00   |0.00     |0.00     |0.00     |0.00     |1,313.00  |-3.00     |-3.00     |0         |4           |0        |0.00         |0.00                   |
2019-01-17 |FG905        |1,316.00   |1,315.00 |1,319.00 |1,305.00 |1,306.00 |1,311.00  |-10.00    |-5.00     |94,808    |186,960     |-6,394   |248,589.64   |0.00                   |
2019-01-17 |FG906        |1,313.00   |0.00     |0.00     |0.00     |0.00     |1,312.00  |-1.00     |-1.00     |0         |12          |0        |0.00         |0.00                   |
2019-01-17 |FG907        |1,302.00   |0.00     |0.00     |0.00     |0.00     |1,302.00  |0.00      |0.00      |0         |0           |0        |0.00         |0.00                   |
2019-01-17 |FG908        |1,312.00   |0.00     |0.00     |0.00     |0.00     |1,312.00  |0.00      |0.00      |0         |8           |0        |0.00         |0.00                   |
2019-01-17 |FG909        |1,305.00   |1,304.00 |1,306.00 |1,297.00 |1,297.00 |1,301.00  |-8.00     |-4.00     |7,584     |39,438      |1,098    |19,734.93    |0.00                   |
2019-01-17 |FG910        |1,300.00   |0.00     |0.00     |0.00     |0.00     |1,300.00  |0.00      |0.00      |0         |4           |0        |0.00         |0.00                   |
2019-01-17 |FG911        |1,301.00   |0.00     |0.00     |0.00     |0.00     |1,301.00  |0.00      |0.00      |0         |1,132       |0        |0.00         |0.00                   |
2019-01-17 |FG912        |1,281.00   |1,297.00 |1,300.00 |1,295.00 |1,298.00 |1,298.00  |17.00     |17.00     |856       |10,586      |432      |2,222.95     |0.00                   |
2019-01-18 |FG001        |1,266.00   |1,261.00 |1,266.00 |1,255.00 |1,264.00 |1,263.00  |-2.00     |-3.00     |732       |1,402       |336      |1,849.05     |0.00                   |
2019-01-18 |FG902        |1,320.00   |0.00     |0.00     |0.00     |0.00     |1,316.00  |-4.00     |-4.00     |0         |0           |0        |0.00         |0.00                   |
2019-01-18 |FG903        |1,309.00   |0.00     |0.00     |0.00     |0.00     |1,309.00  |0.00      |0.00      |0         |0           |0        |0.00         |0.00                   |
2019-01-18 |FG904        |1,313.00   |0.00     |0.00     |0.00     |0.00     |1,313.00  |0.00      |0.00      |0         |4           |0        |0.00         |0.00                   |
2019-01-18 |FG905        |1,311.00   |1,307.00 |1,314.00 |1,294.00 |1,311.00 |1,307.00  |0.00      |-4.00     |125,226   |181,618     |-5,342   |327,443.20   |0.00                   |
2019-01-18 |FG906        |1,312.00   |1,301.00 |1,301.00 |1,301.00 |1,301.00 |1,301.00  |-11.00    |-11.00    |2         |10          |-2       |5.20         |0.00                   |
2019-01-18 |FG907        |1,302.00   |0.00     |0.00     |0.00     |0.00     |1,302.00  |0.00      |0.00      |0         |0           |0        |0.00         |0.00                   |
2019-01-18 |FG908        |1,312.00   |0.00     |0.00     |0.00     |0.00     |1,312.00  |0.00      |0.00      |0         |8           |0        |0.00         |0.00                   |
2019-01-18 |FG909        |1,301.00   |1,298.00 |1,308.00 |1,287.00 |1,305.00 |1,301.00  |4.00      |0.00      |9,890     |42,146      |2,708    |25,733.58    |0.00                   |
2019-01-18 |FG910        |1,300.00   |0.00     |0.00     |0.00     |0.00     |1,300.00  |0.00      |0.00      |0         |4           |0        |0.00         |0.00                   |
2019-01-18 |FG911        |1,301.00   |0.00     |0.00     |0.00     |0.00     |1,301.00  |0.00      |0.00      |0         |1,132       |0        |0.00         |0.00                   |
2019-01-18 |FG912        |1,298.00   |1,286.00 |1,305.00 |1,286.00 |1,305.00 |1,295.00  |7.00      |-3.00     |936       |11,510      |924      |2,423.79     |0.00                   |
2019-01-21 |FG001        |1,263.00   |1,266.00 |1,280.00 |1,263.00 |1,280.00 |1,272.00  |17.00     |9.00      |2,376     |2,030       |628      |6,045.60     |0.00                   |
2019-01-21 |FG902        |1,316.00   |0.00     |0.00     |0.00     |0.00     |1,338.00  |22.00     |22.00     |0         |0           |0        |0.00         |0.00                   |
2019-01-21 |FG903        |1,309.00   |0.00     |0.00     |0.00     |0.00     |1,331.00  |22.00     |22.00     |0         |0           |0        |0.00         |0.00                   |
2019-01-21 |FG904        |1,313.00   |0.00     |0.00     |0.00     |0.00     |1,337.00  |24.00     |24.00     |0         |4           |0        |0.00         |0.00                   |
2019-01-21 |FG905        |1,307.00   |1,314.00 |1,347.00 |1,310.00 |1,343.00 |1,329.00  |36.00     |22.00     |205,402   |206,540     |24,922   |545,793.52   |0.00                   |
2019-01-21 |FG906        |1,301.00   |1,310.00 |1,310.00 |1,306.00 |1,308.00 |1,308.00  |7.00      |7.00      |10        |4           |-6       |26.16        |0.00                   |
2019-01-21 |FG907        |1,302.00   |0.00     |0.00     |0.00     |0.00     |1,330.00  |28.00     |28.00     |0         |0           |0        |0.00         |0.00                   |
2019-01-21 |FG908        |1,312.00   |0.00     |0.00     |0.00     |0.00     |1,333.00  |21.00     |21.00     |0         |8           |0        |0.00         |0.00                   |
2019-01-21 |FG909        |1,301.00   |1,307.00 |1,335.00 |1,304.00 |1,330.00 |1,320.00  |29.00     |19.00     |17,806    |40,940      |-1,206   |47,008.94    |0.00                   |
2019-01-21 |FG910        |1,300.00   |1,312.00 |1,312.00 |1,312.00 |1,312.00 |1,312.00  |12.00     |12.00     |2         |2           |-2       |5.25         |0.00                   |
2019-01-21 |FG911        |1,301.00   |0.00     |0.00     |0.00     |0.00     |1,322.00  |21.00     |21.00     |0         |1,132       |0        |0.00         |0.00                   |
2019-01-21 |FG912        |1,295.00   |1,308.00 |1,326.00 |1,308.00 |1,316.00 |1,315.00  |21.00     |20.00     |210       |11,596      |86       |552.18       |0.00                   |
2019-01-22 |FG001        |1,272.00   |1,276.00 |1,277.00 |1,271.00 |1,271.00 |1,274.00  |-1.00     |2.00      |284       |2,134       |104      |723.37       |0.00                   |
2019-01-22 |FG902        |1,338.00   |0.00     |0.00     |0.00     |0.00     |1,344.00  |6.00      |6.00      |0         |0           |0        |0.00         |0.00                   |
2019-01-22 |FG903        |1,331.00   |0.00     |0.00     |0.00     |0.00     |1,331.00  |0.00      |0.00      |0         |0           |0        |0.00         |0.00                   |
2019-01-22 |FG904        |1,337.00   |0.00     |0.00     |0.00     |0.00     |1,337.00  |0.00      |0.00      |0         |4           |0        |0.00         |0.00                   |
2019-01-22 |FG905        |1,329.00   |1,340.00 |1,340.00 |1,330.00 |1,333.00 |1,335.00  |4.00      |6.00      |104,692   |185,724     |-20,816  |279,610.77   |0.00                   |
2019-01-22 |FG906        |1,308.00   |0.00     |0.00     |0.00     |0.00     |1,308.00  |0.00      |0.00      |0         |4           |0        |0.00         |0.00                   |
2019-01-22 |FG907        |1,330.00   |0.00     |0.00     |0.00     |0.00     |1,330.00  |0.00      |0.00      |0         |0           |0        |0.00         |0.00                   |
2019-01-22 |FG908        |1,333.00   |0.00     |0.00     |0.00     |0.00     |1,333.00  |0.00      |0.00      |0         |8           |0        |0.00         |0.00                   |
2019-01-22 |FG909        |1,320.00   |1,328.00 |1,329.00 |1,320.00 |1,323.00 |1,324.00  |3.00      |4.00      |5,584     |39,796      |-1,144   |14,790.20    |0.00                   |
2019-01-22 |FG910        |1,312.00   |0.00     |0.00     |0.00     |0.00     |1,314.00  |2.00      |2.00      |0         |2           |0        |0.00         |0.00                   |
2019-01-22 |FG911        |1,322.00   |0.00     |0.00     |0.00     |0.00     |1,322.00  |0.00      |0.00      |0         |1,132       |0        |0.00         |0.00                   |
2019-01-22 |FG912        |1,315.00   |1,315.00 |1,315.00 |1,310.00 |1,310.00 |1,314.00  |-5.00     |-1.00     |580       |11,996      |400      |1,523.82     |0.00                   |
2019-01-23 |FG001        |1,274.00   |1,274.00 |1,278.00 |1,273.00 |1,277.00 |1,277.00  |3.00      |3.00      |322       |2,168       |34       |822.10       |0.00                   |
2019-01-23 |FG902        |1,344.00   |0.00     |0.00     |0.00     |0.00     |1,345.00  |1.00      |1.00      |0         |0           |0        |0.00         |0.00                   |
2019-01-23 |FG903        |1,331.00   |0.00     |0.00     |0.00     |0.00     |1,331.00  |0.00      |0.00      |0         |0           |0        |0.00         |0.00                   |
2019-01-23 |FG904        |1,337.00   |0.00     |0.00     |0.00     |0.00     |1,337.00  |0.00      |0.00      |0         |4           |0        |0.00         |0.00                   |
2019-01-23 |FG905        |1,335.00   |1,335.00 |1,342.00 |1,330.00 |1,335.00 |1,336.00  |0.00      |1.00      |103,076   |191,894     |6,170    |275,328.57   |0.00                   |
2019-01-23 |FG906        |1,308.00   |0.00     |0.00     |0.00     |0.00     |1,315.00  |7.00      |7.00      |0         |4           |0        |0.00         |0.00                   |
2019-01-23 |FG907        |1,330.00   |0.00     |0.00     |0.00     |0.00     |1,330.00  |0.00      |0.00      |0         |0           |0        |0.00         |0.00                   |
2019-01-23 |FG908        |1,333.00   |0.00     |0.00     |0.00     |0.00     |1,333.00  |0.00      |0.00      |0         |8           |0        |0.00         |0.00                   |
2019-01-23 |FG909        |1,324.00   |1,324.00 |1,331.00 |1,320.00 |1,323.00 |1,325.00  |-1.00     |1.00      |4,770     |38,672      |-1,124   |12,643.74    |0.00                   |
2019-01-23 |FG910        |1,314.00   |0.00     |0.00     |0.00     |0.00     |1,315.00  |1.00      |1.00      |0         |2           |0        |0.00         |0.00                   |
2019-01-23 |FG911        |1,322.00   |1,322.00 |1,322.00 |1,322.00 |1,322.00 |1,322.00  |0.00      |0.00      |600       |1,732       |600      |1,586.40     |0.00                   |
2019-01-23 |FG912        |1,314.00   |0.00     |0.00     |0.00     |0.00     |1,314.00  |0.00      |0.00      |0         |11,996      |0        |0.00         |0.00                   |
2019-01-24 |FG001        |1,277.00   |1,278.00 |1,278.00 |1,273.00 |1,277.00 |1,275.00  |0.00      |-2.00     |108       |2,176       |8        |275.50       |0.00                   |
2019-01-24 |FG902        |1,345.00   |0.00     |0.00     |0.00     |0.00     |1,344.00  |-1.00     |-1.00     |0         |0           |0        |0.00         |0.00                   |
2019-01-24 |FG903        |1,331.00   |0.00     |0.00     |0.00     |0.00     |1,331.00  |0.00      |0.00      |0         |0           |0        |0.00         |0.00                   |
2019-01-24 |FG904        |1,337.00   |0.00     |0.00     |0.00     |0.00     |1,337.00  |0.00      |0.00      |0         |4           |0        |0.00         |0.00                   |
2019-01-24 |FG905        |1,336.00   |1,334.00 |1,339.00 |1,328.00 |1,338.00 |1,335.00  |2.00      |-1.00     |96,784    |192,750     |856      |258,477.03   |0.00                   |
2019-01-24 |FG906        |1,315.00   |1,324.00 |1,324.00 |1,309.00 |1,309.00 |1,317.00  |-6.00     |2.00      |4         |4           |0        |10.53        |0.00                   |
2019-01-24 |FG907        |1,330.00   |0.00     |0.00     |0.00     |0.00     |1,330.00  |0.00      |0.00      |0         |0           |0        |0.00         |0.00                   |
2019-01-24 |FG908        |1,333.00   |0.00     |0.00     |0.00     |0.00     |1,333.00  |0.00      |0.00      |0         |8           |0        |0.00         |0.00                   |
2019-01-24 |FG909        |1,325.00   |1,324.00 |1,329.00 |1,318.00 |1,327.00 |1,325.00  |2.00      |0.00      |4,638     |38,740      |68       |12,292.98    |0.00                   |
2019-01-24 |FG910        |1,315.00   |0.00     |0.00     |0.00     |0.00     |1,319.00  |4.00      |4.00      |0         |2           |0        |0.00         |0.00                   |
2019-01-24 |FG911        |1,322.00   |0.00     |0.00     |0.00     |0.00     |1,322.00  |0.00      |0.00      |0         |1,732       |0        |0.00         |0.00                   |
2019-01-24 |FG912        |1,314.00   |1,327.00 |1,327.00 |1,312.00 |1,312.00 |1,322.00  |-2.00     |8.00      |6         |12,000      |4        |15.86        |0.00                   |
2019-01-25 |FG001        |1,275.00   |1,273.00 |1,280.00 |1,273.00 |1,276.00 |1,279.00  |1.00      |4.00      |200       |2,166       |-10      |511.43       |0.00                   |
2019-01-25 |FG902        |1,344.00   |0.00     |0.00     |0.00     |0.00     |1,344.00  |0.00      |0.00      |0         |0           |0        |0.00         |0.00                   |
2019-01-25 |FG903        |1,331.00   |0.00     |0.00     |0.00     |0.00     |1,331.00  |0.00      |0.00      |0         |0           |0        |0.00         |0.00                   |
2019-01-25 |FG904        |1,337.00   |0.00     |0.00     |0.00     |0.00     |1,337.00  |0.00      |0.00      |0         |4           |0        |0.00         |0.00                   |
2019-01-25 |FG905        |1,335.00   |1,338.00 |1,350.00 |1,334.00 |1,341.00 |1,340.00  |6.00      |5.00      |114,494   |194,830     |2,080    |306,948.04   |0.00                   |
2019-01-25 |FG906        |1,317.00   |0.00     |0.00     |0.00     |0.00     |1,317.00  |0.00      |0.00      |0         |4           |0        |0.00         |0.00                   |
2019-01-25 |FG907        |1,330.00   |0.00     |0.00     |0.00     |0.00     |1,330.00  |0.00      |0.00      |0         |0           |0        |0.00         |0.00                   |
2019-01-25 |FG908        |1,333.00   |0.00     |0.00     |0.00     |0.00     |1,336.00  |3.00      |3.00      |0         |8           |0        |0.00         |0.00                   |
2019-01-25 |FG909        |1,325.00   |1,326.00 |1,340.00 |1,324.00 |1,330.00 |1,330.00  |5.00      |5.00      |8,646     |39,742      |1,002    |23,002.22    |0.00                   |
2019-01-25 |FG910        |1,319.00   |0.00     |0.00     |0.00     |0.00     |1,322.00  |3.00      |3.00      |0         |2           |0        |0.00         |0.00                   |
2019-01-25 |FG911        |1,322.00   |0.00     |0.00     |0.00     |0.00     |1,323.00  |1.00      |1.00      |0         |1,732       |0        |0.00         |0.00                   |
2019-01-25 |FG912        |1,322.00   |0.00     |0.00     |0.00     |0.00     |1,322.00  |0.00      |0.00      |0         |12,000      |0        |0.00         |0.00                   |
2019-01-28 |FG001        |1,279.00   |1,279.00 |1,289.00 |1,276.00 |1,276.00 |1,282.00  |-3.00     |3.00      |380       |2,146       |-20      |974.64       |0.00                   |
2019-01-28 |FG902        |1,344.00   |0.00     |0.00     |0.00     |0.00     |1,353.00  |9.00      |9.00      |0         |0           |0        |0.00         |0.00                   |
2019-01-28 |FG903        |1,331.00   |0.00     |0.00     |0.00     |0.00     |1,331.00  |0.00      |0.00      |0         |0           |0        |0.00         |0.00                   |
2019-01-28 |FG904        |1,337.00   |0.00     |0.00     |0.00     |0.00     |1,337.00  |0.00      |0.00      |0         |4           |0        |0.00         |0.00                   |
2019-01-28 |FG905        |1,340.00   |1,343.00 |1,362.00 |1,340.00 |1,340.00 |1,349.00  |0.00      |9.00      |148,356   |197,404     |2,574    |400,349.02   |0.00                   |
2019-01-28 |FG906        |1,317.00   |0.00     |0.00     |0.00     |0.00     |1,318.00  |1.00      |1.00      |0         |4           |0        |0.00         |0.00                   |
2019-01-28 |FG907        |1,330.00   |0.00     |0.00     |0.00     |0.00     |1,330.00  |0.00      |0.00      |0         |0           |0        |0.00         |0.00                   |
2019-01-28 |FG908        |1,336.00   |0.00     |0.00     |0.00     |0.00     |1,340.00  |4.00      |4.00      |0         |8           |0        |0.00         |0.00                   |
2019-01-28 |FG909        |1,330.00   |1,331.00 |1,353.00 |1,330.00 |1,333.00 |1,341.00  |3.00      |11.00     |11,472    |41,560      |1,818    |30,776.64    |0.00                   |
2019-01-28 |FG910        |1,322.00   |0.00     |0.00     |0.00     |0.00     |1,325.00  |3.00      |3.00      |0         |2           |0        |0.00         |0.00                   |
2019-01-28 |FG911        |1,323.00   |0.00     |0.00     |0.00     |0.00     |1,325.00  |2.00      |2.00      |0         |1,732       |0        |0.00         |0.00                   |
2019-01-28 |FG912        |1,322.00   |1,322.00 |1,322.00 |1,315.00 |1,315.00 |1,322.00  |-7.00     |0.00      |416       |12,400      |400      |1,099.70     |0.00                   |
2019-01-29 |FG001        |1,282.00   |1,278.00 |1,282.00 |1,277.00 |1,280.00 |1,279.00  |-2.00     |-3.00     |348       |2,244       |98       |889.93       |0.00                   |
2019-01-29 |FG902        |1,353.00   |0.00     |0.00     |0.00     |0.00     |1,345.00  |-8.00     |-8.00     |0         |0           |0        |0.00         |0.00                   |
2019-01-29 |FG903        |1,331.00   |0.00     |0.00     |0.00     |0.00     |1,331.00  |0.00      |0.00      |0         |0           |0        |0.00         |0.00                   |
2019-01-29 |FG904        |1,337.00   |0.00     |0.00     |0.00     |0.00     |1,337.00  |0.00      |0.00      |0         |4           |0        |0.00         |0.00                   |
2019-01-29 |FG905        |1,349.00   |1,339.00 |1,346.00 |1,336.00 |1,340.00 |1,341.00  |-9.00     |-8.00     |83,208    |187,458     |-9,946   |223,180.78   |0.00                   |
2019-01-29 |FG906        |1,318.00   |0.00     |0.00     |0.00     |0.00     |1,318.00  |0.00      |0.00      |0         |4           |0        |0.00         |0.00                   |
2019-01-29 |FG907        |1,330.00   |0.00     |0.00     |0.00     |0.00     |1,330.00  |0.00      |0.00      |0         |0           |0        |0.00         |0.00                   |
2019-01-29 |FG908        |1,340.00   |0.00     |0.00     |0.00     |0.00     |1,340.00  |0.00      |0.00      |0         |8           |0        |0.00         |0.00                   |
2019-01-29 |FG909        |1,341.00   |1,332.00 |1,338.00 |1,329.00 |1,332.00 |1,333.00  |-9.00     |-8.00     |8,056     |40,800      |-760     |21,483.93    |0.00                   |
2019-01-29 |FG910        |1,325.00   |0.00     |0.00     |0.00     |0.00     |1,325.00  |0.00      |0.00      |0         |2           |0        |0.00         |0.00                   |
2019-01-29 |FG911        |1,325.00   |0.00     |0.00     |0.00     |0.00     |1,325.00  |0.00      |0.00      |0         |1,732       |0        |0.00         |0.00                   |
2019-01-29 |FG912        |1,322.00   |1,316.00 |1,316.00 |1,316.00 |1,316.00 |1,316.00  |-6.00     |-6.00     |96        |12,496      |96       |252.67       |0.00                   |
2019-01-30 |FG001        |1,279.00   |1,281.00 |1,292.00 |1,278.00 |1,286.00 |1,284.00  |7.00      |5.00      |428       |2,194       |-50      |1,099.52     |0.00                   |
2019-01-30 |FG902        |1,345.00   |0.00     |0.00     |0.00     |0.00     |1,359.00  |14.00     |14.00     |0         |0           |0        |0.00         |0.00                   |
2019-01-30 |FG903        |1,331.00   |0.00     |0.00     |0.00     |0.00     |1,345.00  |14.00     |14.00     |0         |0           |0        |0.00         |0.00                   |
2019-01-30 |FG904        |1,337.00   |1,358.00 |1,358.00 |1,358.00 |1,358.00 |1,358.00  |21.00     |21.00     |2         |2           |-2       |5.43         |0.00                   |
2019-01-30 |FG905        |1,341.00   |1,340.00 |1,366.00 |1,339.00 |1,356.00 |1,355.00  |15.00     |14.00     |117,266   |198,368     |10,910   |317,862.83   |0.00                   |
2019-01-30 |FG906        |1,318.00   |0.00     |0.00     |0.00     |0.00     |1,329.00  |11.00     |11.00     |0         |4           |0        |0.00         |0.00                   |
2019-01-30 |FG907        |1,330.00   |0.00     |0.00     |0.00     |0.00     |1,337.00  |7.00      |7.00      |0         |0           |0        |0.00         |0.00                   |
2019-01-30 |FG908        |1,340.00   |0.00     |0.00     |0.00     |0.00     |1,352.00  |12.00     |12.00     |0         |8           |0        |0.00         |0.00                   |
2019-01-30 |FG909        |1,333.00   |1,334.00 |1,354.00 |1,332.00 |1,347.00 |1,345.00  |14.00     |12.00     |8,834     |39,536      |-1,264   |23,759.66    |0.00                   |
2019-01-30 |FG910        |1,325.00   |0.00     |0.00     |0.00     |0.00     |1,337.00  |12.00     |12.00     |0         |2           |0        |0.00         |0.00                   |
2019-01-30 |FG911        |1,325.00   |0.00     |0.00     |0.00     |0.00     |1,337.00  |12.00     |12.00     |0         |1,732       |0        |0.00         |0.00                   |
2019-01-30 |FG912        |1,316.00   |1,326.00 |1,340.00 |1,325.00 |1,339.00 |1,326.00  |23.00     |10.00     |1,210     |11,802      |-694     |3,208.12     |0.00                   |
2019-01-31 |FG001        |1,284.00   |1,281.00 |1,289.00 |1,281.00 |1,288.00 |1,285.00  |4.00      |1.00      |262       |2,196       |2        |673.13       |0.00                   |
2019-01-31 |FG902        |1,359.00   |0.00     |0.00     |0.00     |0.00     |1,365.00  |6.00      |6.00      |0         |0           |0        |0.00         |0.00                   |
2019-01-31 |FG903        |1,345.00   |1,330.00 |1,370.00 |1,330.00 |1,370.00 |1,350.00  |25.00     |5.00      |4         |0           |0        |10.80        |0.00                   |
2019-01-31 |FG904        |1,358.00   |0.00     |0.00     |0.00     |0.00     |1,358.00  |0.00      |0.00      |0         |2           |0        |0.00         |0.00                   |
2019-01-31 |FG905        |1,355.00   |1,356.00 |1,372.00 |1,356.00 |1,366.00 |1,361.00  |11.00     |6.00      |102,318   |183,542     |-14,826  |278,536.88   |0.00                   |
2019-01-31 |FG906        |1,329.00   |0.00     |0.00     |0.00     |0.00     |1,334.00  |5.00      |5.00      |0         |4           |0        |0.00         |0.00                   |
2019-01-31 |FG907        |1,337.00   |1,340.00 |1,370.00 |1,340.00 |1,370.00 |1,355.00  |33.00     |18.00     |4         |0           |0        |10.84        |0.00                   |
2019-01-31 |FG908        |1,352.00   |0.00     |0.00     |0.00     |0.00     |1,363.00  |11.00     |11.00     |0         |8           |0        |0.00         |0.00                   |
2019-01-31 |FG909        |1,345.00   |1,348.00 |1,359.00 |1,344.00 |1,354.00 |1,350.00  |9.00      |5.00      |7,078     |37,794      |-1,742   |19,115.52    |0.00                   |
2019-01-31 |FG910        |1,337.00   |0.00     |0.00     |0.00     |0.00     |1,345.00  |8.00      |8.00      |0         |2           |0        |0.00         |0.00                   |
2019-01-31 |FG911        |1,337.00   |0.00     |0.00     |0.00     |0.00     |1,345.00  |8.00      |8.00      |0         |1,732       |0        |0.00         |0.00                   |
2019-01-31 |FG912        |1,326.00   |1,339.00 |1,339.00 |1,339.00 |1,339.00 |1,339.00  |13.00     |13.00     |800       |12,602      |800      |2,142.40     |0.00                   |
2019-02-01 |FG001        |1,285.00   |1,290.00 |1,300.00 |1,290.00 |1,300.00 |1,296.00  |15.00     |11.00     |108       |2,196       |0        |279.99       |0.00                   |
2019-02-01 |FG902        |1,365.00   |0.00     |0.00     |0.00     |0.00     |1,381.00  |16.00     |16.00     |0         |0           |0        |0.00         |1,352.00               |
2019-02-01 |FG903        |1,350.00   |0.00     |0.00     |0.00     |0.00     |1,350.00  |0.00      |0.00      |0         |0           |0        |0.00         |0.00                   |
2019-02-01 |FG904        |1,358.00   |0.00     |0.00     |0.00     |0.00     |1,373.00  |15.00     |15.00     |0         |2           |0        |0.00         |0.00                   |
2019-02-01 |FG905        |1,361.00   |1,366.00 |1,384.00 |1,364.00 |1,380.00 |1,377.00  |19.00     |16.00     |108,000   |179,938     |-3,604   |297,401.06   |0.00                   |
2019-02-01 |FG906        |1,334.00   |0.00     |0.00     |0.00     |0.00     |1,346.00  |12.00     |12.00     |0         |4           |0        |0.00         |0.00                   |
2019-02-01 |FG907        |1,355.00   |0.00     |0.00     |0.00     |0.00     |1,355.00  |0.00      |0.00      |0         |0           |0        |0.00         |0.00                   |
2019-02-01 |FG908        |1,363.00   |1,378.00 |1,378.00 |1,378.00 |1,378.00 |1,378.00  |15.00     |15.00     |2         |8           |0        |5.51         |0.00                   |
2019-02-01 |FG909        |1,350.00   |1,354.00 |1,372.00 |1,353.00 |1,366.00 |1,366.00  |16.00     |16.00     |6,944     |36,744      |-1,050   |18,965.20    |0.00                   |
2019-02-01 |FG910        |1,345.00   |0.00     |0.00     |0.00     |0.00     |1,355.00  |10.00     |10.00     |0         |2           |0        |0.00         |0.00                   |
2019-02-01 |FG911        |1,345.00   |0.00     |0.00     |0.00     |0.00     |1,355.00  |10.00     |10.00     |0         |1,732       |0        |0.00         |0.00                   |
2019-02-01 |FG912        |1,339.00   |1,351.00 |1,351.00 |1,347.00 |1,347.00 |1,347.00  |8.00      |8.00      |220       |12,388      |-214     |592.71       |0.00                   |
2019-02-11 |FG001        |1,296.00   |1,303.00 |1,313.00 |1,300.00 |1,307.00 |1,307.00  |11.00     |11.00     |226       |2,260       |64       |590.82       |0.00                   |
2019-02-11 |FG902        |1,381.00   |0.00     |0.00     |0.00     |0.00     |1,387.00  |6.00      |6.00      |0         |0           |0        |0.00         |1,357.00               |
2019-02-11 |FG903        |1,350.00   |0.00     |0.00     |0.00     |0.00     |1,356.00  |6.00      |6.00      |0         |0           |0        |0.00         |0.00                   |
2019-02-11 |FG904        |1,373.00   |0.00     |0.00     |0.00     |0.00     |1,373.00  |0.00      |0.00      |0         |2           |0        |0.00         |0.00                   |
2019-02-11 |FG905        |1,377.00   |1,390.00 |1,396.00 |1,377.00 |1,382.00 |1,383.00  |5.00      |6.00      |51,272    |182,504     |2,566    |141,811.69   |0.00                   |
2019-02-11 |FG906        |1,346.00   |0.00     |0.00     |0.00     |0.00     |1,357.00  |11.00     |11.00     |0         |4           |0        |0.00         |0.00                   |
2019-02-11 |FG907        |1,355.00   |0.00     |0.00     |0.00     |0.00     |1,359.00  |4.00      |4.00      |0         |0           |0        |0.00         |0.00                   |
2019-02-11 |FG908        |1,378.00   |0.00     |0.00     |0.00     |0.00     |1,378.00  |0.00      |0.00      |0         |8           |0        |0.00         |0.00                   |
2019-02-11 |FG909        |1,366.00   |1,383.00 |1,383.00 |1,366.00 |1,370.00 |1,372.00  |4.00      |6.00      |5,154     |36,904      |160      |14,146.07    |0.00                   |
2019-02-11 |FG910        |1,355.00   |0.00     |0.00     |0.00     |0.00     |1,358.00  |3.00      |3.00      |0         |2           |0        |0.00         |0.00                   |
2019-02-11 |FG911        |1,355.00   |1,344.00 |1,344.00 |1,344.00 |1,344.00 |1,344.00  |-11.00    |-11.00    |2,000     |3,732       |2,000    |5,376.00     |0.00                   |
2019-02-11 |FG912        |1,347.00   |1,336.00 |1,336.00 |1,336.00 |1,336.00 |1,336.00  |-11.00    |-11.00    |2,002     |14,386      |1,998    |5,349.34     |0.00                   |
2019-02-12 |FG001        |1,307.00   |1,302.00 |1,313.00 |1,301.00 |1,301.00 |1,305.00  |-6.00     |-2.00     |784       |2,572       |312      |2,045.90     |0.00                   |
2019-02-12 |FG902        |1,387.00   |0.00     |0.00     |0.00     |0.00     |1,375.00  |-12.00    |-12.00    |0         |0           |0        |0.00         |1,360.00               |
2019-02-12 |FG903        |1,356.00   |0.00     |0.00     |0.00     |0.00     |1,356.00  |0.00      |0.00      |0         |0           |0        |0.00         |0.00                   |
2019-02-12 |FG904        |1,373.00   |0.00     |0.00     |0.00     |0.00     |1,369.00  |-4.00     |-4.00     |0         |2           |0        |0.00         |0.00                   |
2019-02-12 |FG905        |1,383.00   |1,383.00 |1,383.00 |1,363.00 |1,365.00 |1,371.00  |-18.00    |-12.00    |91,496    |191,536     |9,032    |250,926.20   |0.00                   |
2019-02-12 |FG906        |1,357.00   |0.00     |0.00     |0.00     |0.00     |1,357.00  |0.00      |0.00      |0         |4           |0        |0.00         |0.00                   |
2019-02-12 |FG907        |1,359.00   |0.00     |0.00     |0.00     |0.00     |1,359.00  |0.00      |0.00      |0         |0           |0        |0.00         |0.00                   |
2019-02-12 |FG908        |1,378.00   |1,367.00 |1,367.00 |1,367.00 |1,367.00 |1,367.00  |-11.00    |-11.00    |2         |8           |0        |5.47         |0.00                   |
2019-02-12 |FG909        |1,372.00   |1,371.00 |1,371.00 |1,352.00 |1,353.00 |1,360.00  |-19.00    |-12.00    |6,724     |36,974      |70       |18,291.77    |0.00                   |
2019-02-12 |FG910        |1,358.00   |0.00     |0.00     |0.00     |0.00     |1,358.00  |0.00      |0.00      |0         |2           |0        |0.00         |0.00                   |
2019-02-12 |FG911        |1,344.00   |1,368.00 |1,368.00 |1,335.00 |1,335.00 |1,366.00  |-9.00     |22.00     |3,742     |7,470       |3,738    |10,225.17    |0.00                   |
2019-02-12 |FG912        |1,336.00   |1,360.00 |1,360.00 |1,333.00 |1,336.00 |1,359.00  |0.00      |23.00     |3,752     |18,132      |3,746    |10,194.58    |0.00                   |
2019-02-13 |FG001        |1,305.00   |1,300.00 |1,307.00 |1,287.00 |1,289.00 |1,295.00  |-16.00    |-10.00    |992       |2,906       |334      |2,568.74     |0.00                   |
2019-02-13 |FG902        |1,375.00   |0.00     |0.00     |0.00     |0.00     |1,364.00  |-11.00    |-11.00    |0         |0           |0        |0.00         |1,362.00               |
2019-02-13 |FG903        |1,356.00   |0.00     |0.00     |0.00     |0.00     |1,345.00  |-11.00    |-11.00    |0         |0           |0        |0.00         |0.00                   |
2019-02-13 |FG904        |1,369.00   |0.00     |0.00     |0.00     |0.00     |1,357.00  |-12.00    |-12.00    |0         |2           |0        |0.00         |0.00                   |
2019-02-13 |FG905        |1,371.00   |1,365.00 |1,370.00 |1,350.00 |1,353.00 |1,360.00  |-18.00    |-11.00    |108,812   |196,740     |5,204    |295,888.89   |0.00                   |
2019-02-13 |FG906        |1,357.00   |1,332.00 |1,361.00 |1,324.00 |1,345.00 |1,344.00  |-12.00    |-13.00    |22        |2           |-2       |59.12        |0.00                   |
2019-02-13 |FG907        |1,359.00   |0.00     |0.00     |0.00     |0.00     |1,359.00  |0.00      |0.00      |0         |0           |0        |0.00         |0.00                   |
2019-02-13 |FG908        |1,367.00   |1,350.00 |1,350.00 |1,345.00 |1,345.00 |1,348.00  |-22.00    |-19.00    |4         |8           |0        |10.78        |0.00                   |
2019-02-13 |FG909        |1,360.00   |1,353.00 |1,358.00 |1,337.00 |1,339.00 |1,346.00  |-21.00    |-14.00    |11,956    |39,174      |2,200    |32,195.62    |0.00                   |
2019-02-13 |FG910        |1,358.00   |1,332.00 |1,346.00 |1,332.00 |1,346.00 |1,339.00  |-12.00    |-19.00    |8         |2           |0        |21.42        |0.00                   |
2019-02-13 |FG911        |1,366.00   |1,341.00 |1,345.00 |1,328.00 |1,328.00 |1,341.00  |-38.00    |-25.00    |2,010     |5,472       |-1,998   |5,390.76     |0.00                   |
2019-02-13 |FG912        |1,359.00   |1,335.00 |1,347.00 |1,319.00 |1,319.00 |1,337.00  |-40.00    |-22.00    |2,040     |16,156      |-1,976   |5,454.37     |0.00                   |
2019-02-14 |FG001        |1,295.00   |1,288.00 |1,292.00 |1,280.00 |1,283.00 |1,285.00  |-12.00    |-10.00    |334       |3,104       |198      |858.63       |0.00                   |
2019-02-14 |FG902        |1,364.00   |0.00     |0.00     |0.00     |0.00     |1,351.00  |-13.00    |-13.00    |0         |0           |0        |0.00         |1,362.00               |
2019-02-14 |FG903        |1,345.00   |1,325.00 |1,360.00 |1,320.00 |1,355.00 |1,342.00  |10.00     |-3.00     |18        |0           |0        |48.30        |0.00                   |
2019-02-14 |FG904        |1,357.00   |0.00     |0.00     |0.00     |0.00     |1,346.00  |-11.00    |-11.00    |0         |2           |0        |0.00         |0.00                   |
2019-02-14 |FG905        |1,360.00   |1,352.00 |1,355.00 |1,340.00 |1,342.00 |1,347.00  |-18.00    |-13.00    |99,434    |190,014     |-6,726   |267,967.93   |0.00                   |
2019-02-14 |FG906        |1,344.00   |0.00     |0.00     |0.00     |0.00     |1,337.00  |-7.00     |-7.00     |0         |2           |0        |0.00         |0.00                   |
2019-02-14 |FG907        |1,359.00   |0.00     |0.00     |0.00     |0.00     |1,349.00  |-10.00    |-10.00    |0         |0           |0        |0.00         |0.00                   |
2019-02-14 |FG908        |1,348.00   |0.00     |0.00     |0.00     |0.00     |1,344.00  |-4.00     |-4.00     |0         |8           |0        |0.00         |0.00                   |
2019-02-14 |FG909        |1,346.00   |1,338.00 |1,341.00 |1,328.00 |1,330.00 |1,335.00  |-16.00    |-11.00    |10,454    |37,094      |-2,080   |27,916.19    |0.00                   |
2019-02-14 |FG910        |1,339.00   |0.00     |0.00     |0.00     |0.00     |1,332.00  |-7.00     |-7.00     |0         |2           |0        |0.00         |0.00                   |
2019-02-14 |FG911        |1,341.00   |1,326.00 |1,326.00 |1,326.00 |1,326.00 |1,326.00  |-15.00    |-15.00    |60        |5,532       |60       |159.12       |0.00                   |
2019-02-14 |FG912        |1,337.00   |1,315.00 |1,328.00 |1,311.00 |1,311.00 |1,312.00  |-26.00    |-25.00    |66        |16,216      |60       |173.14       |0.00                   |
2019-02-15 |FG001        |1,285.00   |1,282.00 |1,284.00 |1,268.00 |1,273.00 |1,274.00  |-12.00    |-11.00    |454       |3,236       |132      |1,156.86     |0.00                   |
2019-02-15 |FG902        |1,351.00   |0.00     |0.00     |0.00     |0.00     |1,335.00  |-16.00    |-16.00    |0         |0           |0        |0.00         |1,362.00               |
2019-02-15 |FG903        |1,342.00   |0.00     |0.00     |0.00     |0.00     |1,326.00  |-16.00    |-16.00    |0         |0           |0        |0.00         |0.00                   |
2019-02-15 |FG904        |1,346.00   |0.00     |0.00     |0.00     |0.00     |1,329.00  |-17.00    |-17.00    |0         |2           |0        |0.00         |0.00                   |
2019-02-15 |FG905        |1,347.00   |1,343.00 |1,346.00 |1,321.00 |1,329.00 |1,331.00  |-18.00    |-16.00    |129,838   |195,102     |5,088    |345,724.20   |0.00                   |
2019-02-15 |FG906        |1,337.00   |1,312.00 |1,312.00 |1,310.00 |1,310.00 |1,311.00  |-27.00    |-26.00    |4         |4           |2        |10.49        |0.00                   |
2019-02-15 |FG907        |1,349.00   |0.00     |0.00     |0.00     |0.00     |1,335.00  |-14.00    |-14.00    |0         |0           |0        |0.00         |0.00                   |
2019-02-15 |FG908        |1,344.00   |1,345.00 |1,345.00 |1,334.00 |1,334.00 |1,340.00  |-10.00    |-4.00     |4         |6           |-2       |10.72        |0.00                   |
2019-02-15 |FG909        |1,335.00   |1,330.00 |1,334.00 |1,311.00 |1,318.00 |1,320.00  |-17.00    |-15.00    |12,018    |39,592      |2,498    |31,724.04    |0.00                   |
2019-02-15 |FG910        |1,332.00   |0.00     |0.00     |0.00     |0.00     |1,319.00  |-13.00    |-13.00    |0         |2           |0        |0.00         |0.00                   |
2019-02-15 |FG911        |1,326.00   |1,309.00 |1,309.00 |1,306.00 |1,306.00 |1,309.00  |-20.00    |-17.00    |102       |5,630       |98       |267.02       |0.00                   |
2019-02-15 |FG912        |1,312.00   |1,309.00 |1,309.00 |1,303.00 |1,303.00 |1,309.00  |-9.00     |-3.00     |108       |16,318      |102      |282.70       |0.00                   |
2019-02-18 |FG001        |1,274.00   |1,277.00 |1,279.00 |1,270.00 |1,271.00 |1,274.00  |-3.00     |0.00      |342       |3,392       |156      |871.68       |0.00                   |
2019-02-18 |FG902        |1,335.00   |0.00     |0.00     |0.00     |0.00     |1,332.00  |-3.00     |-3.00     |0         |0           |0        |0.00         |1,359.00               |
2019-02-18 |FG903        |1,326.00   |0.00     |0.00     |0.00     |0.00     |1,323.00  |-3.00     |-3.00     |0         |0           |0        |0.00         |0.00                   |
2019-02-18 |FG904        |1,329.00   |0.00     |0.00     |0.00     |0.00     |1,327.00  |-2.00     |-2.00     |0         |2           |0        |0.00         |0.00                   |
2019-02-18 |FG905        |1,331.00   |1,329.00 |1,335.00 |1,321.00 |1,327.00 |1,328.00  |-4.00     |-3.00     |97,070    |175,920     |-19,182  |257,901.73   |0.00                   |
2019-02-18 |FG906        |1,311.00   |1,333.00 |1,333.00 |1,307.00 |1,332.00 |1,324.00  |21.00     |13.00     |6         |4           |0        |15.89        |0.00                   |
2019-02-18 |FG907        |1,335.00   |0.00     |0.00     |0.00     |0.00     |1,333.00  |-2.00     |-2.00     |0         |0           |0        |0.00         |0.00                   |
2019-02-18 |FG908        |1,340.00   |0.00     |0.00     |0.00     |0.00     |1,335.00  |-5.00     |-5.00     |0         |6           |0        |0.00         |0.00                   |
2019-02-18 |FG909        |1,320.00   |1,318.00 |1,324.00 |1,312.00 |1,316.00 |1,319.00  |-4.00     |-1.00     |9,676     |37,518      |-2,074   |25,522.80    |0.00                   |
2019-02-18 |FG910        |1,319.00   |1,324.00 |1,324.00 |1,304.00 |1,304.00 |1,314.00  |-15.00    |-5.00     |20        |0           |-2       |52.56        |0.00                   |
2019-02-18 |FG911        |1,309.00   |1,303.00 |1,323.00 |1,287.00 |1,323.00 |1,304.00  |14.00     |-5.00     |154       |5,780       |150      |401.74       |0.00                   |
2019-02-18 |FG912        |1,309.00   |1,300.00 |1,312.00 |1,300.00 |1,300.00 |1,310.00  |-9.00     |1.00      |1,152     |15,970      |-348     |3,018.60     |0.00                   |
2019-02-19 |FG001        |1,274.00   |1,274.00 |1,292.00 |1,274.00 |1,290.00 |1,281.00  |16.00     |7.00      |472       |3,340       |-52      |1,209.72     |0.00                   |
2019-02-19 |FG902        |1,332.00   |0.00     |0.00     |0.00     |0.00     |1,346.00  |14.00     |14.00     |0         |0           |0        |0.00         |1,360.00               |
2019-02-19 |FG903        |1,323.00   |0.00     |0.00     |0.00     |0.00     |1,337.00  |14.00     |14.00     |0         |0           |0        |0.00         |0.00                   |
2019-02-19 |FG904        |1,327.00   |0.00     |0.00     |0.00     |0.00     |1,339.00  |12.00     |12.00     |0         |2           |0        |0.00         |0.00                   |
2019-02-19 |FG905        |1,328.00   |1,328.00 |1,359.00 |1,324.00 |1,358.00 |1,342.00  |30.00     |14.00     |219,038   |212,208     |36,288   |588,072.68   |0.00                   |
2019-02-19 |FG906        |1,324.00   |0.00     |0.00     |0.00     |0.00     |1,337.00  |13.00     |13.00     |0         |4           |0        |0.00         |0.00                   |
2019-02-19 |FG907        |1,333.00   |0.00     |0.00     |0.00     |0.00     |1,337.00  |4.00      |4.00      |0         |0           |0        |0.00         |0.00                   |
2019-02-19 |FG908        |1,335.00   |0.00     |0.00     |0.00     |0.00     |1,342.00  |7.00      |7.00      |0         |6           |0        |0.00         |0.00                   |
2019-02-19 |FG909        |1,319.00   |1,317.00 |1,344.00 |1,316.00 |1,343.00 |1,330.00  |24.00     |11.00     |14,894    |40,106      |2,588    |39,620.11    |0.00                   |
2019-02-19 |FG910        |1,314.00   |0.00     |0.00     |0.00     |0.00     |1,322.00  |8.00      |8.00      |0         |0           |0        |0.00         |0.00                   |
2019-02-19 |FG911        |1,304.00   |0.00     |0.00     |0.00     |0.00     |1,325.00  |21.00     |21.00     |0         |5,780       |0        |0.00         |0.00                   |
2019-02-19 |FG912        |1,310.00   |1,296.00 |1,328.00 |1,296.00 |1,324.00 |1,297.00  |14.00     |-13.00    |1,128     |17,076      |1,106    |2,925.17     |0.00                   |
2019-02-20 |FG001        |1,281.00   |1,290.00 |1,292.00 |1,281.00 |1,287.00 |1,286.00  |6.00      |5.00      |218       |3,302       |-38      |560.68       |0.00                   |
2019-02-20 |FG902        |1,346.00   |0.00     |0.00     |0.00     |0.00     |1,357.00  |11.00     |11.00     |0         |0           |0        |0.00         |1,359.00               |
2019-02-20 |FG903        |1,337.00   |0.00     |0.00     |0.00     |0.00     |1,348.00  |11.00     |11.00     |0         |0           |0        |0.00         |0.00                   |
2019-02-20 |FG904        |1,339.00   |0.00     |0.00     |0.00     |0.00     |1,339.00  |0.00      |0.00      |0         |2           |0        |0.00         |0.00                   |
2019-02-20 |FG905        |1,342.00   |1,359.00 |1,362.00 |1,345.00 |1,355.00 |1,353.00  |13.00     |11.00     |122,768   |186,416     |-25,792  |332,144.94   |0.00                   |
2019-02-20 |FG906        |1,337.00   |1,336.00 |1,345.00 |1,334.00 |1,345.00 |1,338.00  |8.00      |1.00      |6         |4           |0        |16.06        |0.00                   |
2019-02-20 |FG907        |1,337.00   |0.00     |0.00     |0.00     |0.00     |1,337.00  |0.00      |0.00      |0         |0           |0        |0.00         |0.00                   |
2019-02-20 |FG908        |1,342.00   |0.00     |0.00     |0.00     |0.00     |1,342.00  |0.00      |0.00      |0         |6           |0        |0.00         |0.00                   |
2019-02-20 |FG909        |1,330.00   |1,344.00 |1,345.00 |1,330.00 |1,337.00 |1,336.00  |7.00      |6.00      |10,184    |38,418      |-1,688   |27,216.88    |0.00                   |
2019-02-20 |FG910        |1,322.00   |0.00     |0.00     |0.00     |0.00     |1,322.00  |0.00      |0.00      |0         |0           |0        |0.00         |0.00                   |
2019-02-20 |FG911        |1,325.00   |1,315.00 |1,315.00 |1,315.00 |1,315.00 |1,315.00  |-10.00    |-10.00    |100       |5,880       |100      |263.00       |0.00                   |
2019-02-20 |FG912        |1,297.00   |1,310.00 |1,329.00 |1,310.00 |1,329.00 |1,311.00  |32.00     |14.00     |104       |17,174      |98       |272.63       |0.00                   |
2019-02-21 |FG001        |1,286.00   |1,285.00 |1,290.00 |1,270.00 |1,284.00 |1,283.00  |-2.00     |-3.00     |354       |3,352       |50       |908.28       |0.00                   |
2019-02-21 |FG902        |1,357.00   |0.00     |0.00     |0.00     |0.00     |1,357.00  |0.00      |0.00      |0         |0           |0        |0.00         |1,359.00               |
2019-02-21 |FG903        |1,348.00   |0.00     |0.00     |0.00     |0.00     |1,348.00  |0.00      |0.00      |0         |0           |0        |0.00         |0.00                   |
2019-02-21 |FG904        |1,339.00   |0.00     |0.00     |0.00     |0.00     |1,339.00  |0.00      |0.00      |0         |2           |0        |0.00         |0.00                   |
2019-02-21 |FG905        |1,353.00   |1,352.00 |1,367.00 |1,339.00 |1,358.00 |1,353.00  |5.00      |0.00      |178,554   |187,888     |1,472    |483,319.68   |0.00                   |
2019-02-21 |FG906        |1,338.00   |1,344.00 |1,344.00 |1,344.00 |1,344.00 |1,344.00  |6.00      |6.00      |2         |4           |0        |5.38         |0.00                   |
2019-02-21 |FG907        |1,337.00   |1,347.00 |1,347.00 |1,332.00 |1,332.00 |1,340.00  |-5.00     |3.00      |4         |2           |2        |10.72        |0.00                   |
2019-02-21 |FG908        |1,342.00   |0.00     |0.00     |0.00     |0.00     |1,342.00  |0.00      |0.00      |0         |6           |0        |0.00         |0.00                   |
2019-02-21 |FG909        |1,336.00   |1,335.00 |1,340.00 |1,316.00 |1,334.00 |1,330.00  |-2.00     |-6.00     |12,900    |39,320      |902      |34,315.55    |0.00                   |
2019-02-21 |FG910        |1,322.00   |0.00     |0.00     |0.00     |0.00     |1,322.00  |0.00      |0.00      |0         |0           |0        |0.00         |0.00                   |
2019-02-21 |FG911        |1,315.00   |0.00     |0.00     |0.00     |0.00     |1,316.00  |1.00      |1.00      |0         |5,880       |0        |0.00         |0.00                   |
2019-02-21 |FG912        |1,311.00   |1,329.00 |1,329.00 |1,329.00 |1,329.00 |1,329.00  |18.00     |18.00     |6         |17,174      |0        |15.95        |0.00                   |
2019-02-22 |FG001        |1,283.00   |1,282.00 |1,285.00 |1,276.00 |1,283.00 |1,282.00  |0.00      |-1.00     |268       |3,372       |20       |687.22       |0.00                   |
2019-02-22 |FG002        |1,283.00   |0.00     |0.00     |0.00     |0.00     |1,283.00  |0.00      |0.00      |0         |0           |0        |0.00         |0.00                   |
2019-02-22 |FG903        |1,348.00   |0.00     |0.00     |0.00     |0.00     |1,346.00  |-2.00     |-2.00     |0         |0           |0        |0.00         |0.00                   |
2019-02-22 |FG904        |1,339.00   |0.00     |0.00     |0.00     |0.00     |1,339.00  |0.00      |0.00      |0         |2           |0        |0.00         |0.00                   |
2019-02-22 |FG905        |1,353.00   |1,355.00 |1,358.00 |1,345.00 |1,355.00 |1,351.00  |2.00      |-2.00     |108,788   |160,636     |-27,252  |294,029.25   |0.00                   |
2019-02-22 |FG906        |1,344.00   |1,350.00 |1,350.00 |1,350.00 |1,350.00 |1,350.00  |6.00      |6.00      |2         |4           |0        |5.40         |0.00                   |
2019-02-22 |FG907        |1,340.00   |0.00     |0.00     |0.00     |0.00     |1,340.00  |0.00      |0.00      |0         |2           |0        |0.00         |0.00                   |
2019-02-22 |FG908        |1,342.00   |0.00     |0.00     |0.00     |0.00     |1,342.00  |0.00      |0.00      |0         |6           |0        |0.00         |0.00                   |
2019-02-22 |FG909        |1,330.00   |1,333.00 |1,333.00 |1,321.00 |1,332.00 |1,327.00  |2.00      |-3.00     |8,960     |38,114      |-1,206   |23,787.78    |0.00                   |
2019-02-22 |FG910        |1,322.00   |0.00     |0.00     |0.00     |0.00     |1,322.00  |0.00      |0.00      |0         |0           |0        |0.00         |0.00                   |
2019-02-22 |FG911        |1,316.00   |0.00     |0.00     |0.00     |0.00     |1,316.00  |0.00      |0.00      |0         |5,880       |0        |0.00         |0.00                   |
2019-02-22 |FG912        |1,329.00   |0.00     |0.00     |0.00     |0.00     |1,329.00  |0.00      |0.00      |0         |17,174      |0        |0.00         |0.00                   |
2019-02-25 |FG001        |1,282.00   |1,285.00 |1,290.00 |1,280.00 |1,285.00 |1,285.00  |3.00      |3.00      |430       |3,296       |-76      |1,105.24     |0.00                   |
2019-02-25 |FG002        |1,283.00   |0.00     |0.00     |0.00     |0.00     |1,283.00  |0.00      |0.00      |0         |0           |0        |0.00         |0.00                   |
2019-02-25 |FG903        |1,346.00   |0.00     |0.00     |0.00     |0.00     |1,351.00  |5.00      |5.00      |0         |0           |0        |0.00         |0.00                   |
2019-02-25 |FG904        |1,339.00   |0.00     |0.00     |0.00     |0.00     |1,339.00  |0.00      |0.00      |0         |2           |0        |0.00         |0.00                   |
2019-02-25 |FG905        |1,351.00   |1,357.00 |1,366.00 |1,348.00 |1,357.00 |1,356.00  |6.00      |5.00      |113,820   |176,744     |16,108   |308,773.07   |0.00                   |
2019-02-25 |FG906        |1,350.00   |0.00     |0.00     |0.00     |0.00     |1,347.00  |-3.00     |-3.00     |0         |4           |0        |0.00         |0.00                   |
2019-02-25 |FG907        |1,340.00   |0.00     |0.00     |0.00     |0.00     |1,340.00  |0.00      |0.00      |0         |2           |0        |0.00         |0.00                   |
2019-02-25 |FG908        |1,342.00   |0.00     |0.00     |0.00     |0.00     |1,342.00  |0.00      |0.00      |0         |6           |0        |0.00         |0.00                   |
2019-02-25 |FG909        |1,327.00   |1,332.00 |1,339.00 |1,326.00 |1,331.00 |1,332.00  |4.00      |5.00      |8,796     |37,108      |-1,006   |23,433.50    |0.00                   |
2019-02-25 |FG910        |1,322.00   |0.00     |0.00     |0.00     |0.00     |1,322.00  |0.00      |0.00      |0         |0           |0        |0.00         |0.00                   |
2019-02-25 |FG911        |1,316.00   |0.00     |0.00     |0.00     |0.00     |1,316.00  |0.00      |0.00      |0         |5,880       |0        |0.00         |0.00                   |
2019-02-25 |FG912        |1,329.00   |1,328.00 |1,333.00 |1,326.00 |1,333.00 |1,330.00  |4.00      |1.00      |40        |17,154      |-20      |106.41       |0.00                   |
2019-02-26 |FG001        |1,285.00   |1,284.00 |1,289.00 |1,278.00 |1,286.00 |1,283.00  |1.00      |-2.00     |296       |3,350       |54       |759.39       |0.00                   |
2019-02-26 |FG002        |1,283.00   |0.00     |0.00     |0.00     |0.00     |1,288.00  |5.00      |5.00      |0         |0           |0        |0.00         |0.00                   |
2019-02-26 |FG903        |1,351.00   |0.00     |0.00     |0.00     |0.00     |1,349.00  |-2.00     |-2.00     |0         |0           |0        |0.00         |0.00                   |
2019-02-26 |FG904        |1,339.00   |0.00     |0.00     |0.00     |0.00     |1,339.00  |0.00      |0.00      |0         |2           |0        |0.00         |0.00                   |
2019-02-26 |FG905        |1,356.00   |1,358.00 |1,363.00 |1,346.00 |1,359.00 |1,354.00  |3.00      |-2.00     |118,812   |169,018     |-7,726   |321,663.64   |0.00                   |
2019-02-26 |FG906        |1,347.00   |1,312.00 |1,343.00 |1,312.00 |1,343.00 |1,328.00  |-4.00     |-19.00    |12        |4           |0        |31.87        |0.00                   |
2019-02-26 |FG907        |1,340.00   |0.00     |0.00     |0.00     |0.00     |1,340.00  |0.00      |0.00      |0         |2           |0        |0.00         |0.00                   |
2019-02-26 |FG908        |1,342.00   |0.00     |0.00     |0.00     |0.00     |1,342.00  |0.00      |0.00      |0         |6           |0        |0.00         |0.00                   |
2019-02-26 |FG909        |1,332.00   |1,330.00 |1,337.00 |1,320.00 |1,333.00 |1,328.00  |1.00      |-4.00     |9,696     |36,202      |-906     |25,762.22    |0.00                   |
2019-02-26 |FG910        |1,322.00   |0.00     |0.00     |0.00     |0.00     |1,322.00  |0.00      |0.00      |0         |0           |0        |0.00         |0.00                   |
2019-02-26 |FG911        |1,316.00   |0.00     |0.00     |0.00     |0.00     |1,316.00  |0.00      |0.00      |0         |5,880       |0        |0.00         |0.00                   |
2019-02-26 |FG912        |1,330.00   |1,316.00 |1,316.00 |1,316.00 |1,316.00 |1,316.00  |-14.00    |-14.00    |2         |17,154      |0        |5.26         |0.00                   |
2019-02-27 |FG001        |1,283.00   |1,286.00 |1,290.00 |1,282.00 |1,286.00 |1,287.00  |3.00      |4.00      |182       |3,310       |-40      |468.29       |0.00                   |
2019-02-27 |FG002        |1,288.00   |0.00     |0.00     |0.00     |0.00     |1,288.00  |0.00      |0.00      |0         |0           |0        |0.00         |0.00                   |
2019-02-27 |FG903        |1,349.00   |0.00     |0.00     |0.00     |0.00     |1,359.00  |10.00     |10.00     |0         |0           |0        |0.00         |0.00                   |
2019-02-27 |FG904        |1,339.00   |0.00     |0.00     |0.00     |0.00     |1,339.00  |0.00      |0.00      |0         |2           |0        |0.00         |0.00                   |
2019-02-27 |FG905        |1,354.00   |1,359.00 |1,370.00 |1,357.00 |1,362.00 |1,364.00  |8.00      |10.00     |122,194   |195,180     |26,162   |333,237.12   |0.00                   |
2019-02-27 |FG906        |1,328.00   |0.00     |0.00     |0.00     |0.00     |1,328.00  |0.00      |0.00      |0         |4           |0        |0.00         |0.00                   |
2019-02-27 |FG907        |1,340.00   |0.00     |0.00     |0.00     |0.00     |1,340.00  |0.00      |0.00      |0         |2           |0        |0.00         |0.00                   |
2019-02-27 |FG908        |1,342.00   |0.00     |0.00     |0.00     |0.00     |1,342.00  |0.00      |0.00      |0         |6           |0        |0.00         |0.00                   |
2019-02-27 |FG909        |1,328.00   |1,332.00 |1,340.00 |1,328.00 |1,334.00 |1,334.00  |6.00      |6.00      |7,516     |37,852      |1,650    |20,059.50    |0.00                   |
2019-02-27 |FG910        |1,322.00   |0.00     |0.00     |0.00     |0.00     |1,322.00  |0.00      |0.00      |0         |0           |0        |0.00         |0.00                   |
2019-02-27 |FG911        |1,316.00   |0.00     |0.00     |0.00     |0.00     |1,316.00  |0.00      |0.00      |0         |5,880       |0        |0.00         |0.00                   |
2019-02-27 |FG912        |1,316.00   |1,329.00 |1,329.00 |1,329.00 |1,329.00 |1,329.00  |13.00     |13.00     |1,400     |18,554      |1,400    |3,721.20     |0.00                   |
2019-02-28 |FG001        |1,287.00   |1,292.00 |1,292.00 |1,264.00 |1,264.00 |1,274.00  |-23.00    |-13.00    |1,036     |3,922       |612      |2,639.67     |0.00                   |
2019-02-28 |FG002        |1,288.00   |1,252.00 |1,252.00 |1,250.00 |1,250.00 |1,251.00  |-38.00    |-37.00    |6         |6           |6        |15.02        |0.00                   |
2019-02-28 |FG903        |1,359.00   |0.00     |0.00     |0.00     |0.00     |1,339.00  |-20.00    |-20.00    |0         |0           |0        |0.00         |0.00                   |
2019-02-28 |FG904        |1,339.00   |0.00     |0.00     |0.00     |0.00     |1,323.00  |-16.00    |-16.00    |0         |2           |0        |0.00         |0.00                   |
2019-02-28 |FG905        |1,364.00   |1,365.00 |1,374.00 |1,322.00 |1,325.00 |1,344.00  |-39.00    |-20.00    |276,852   |200,032     |4,852    |744,199.68   |0.00                   |
2019-02-28 |FG906        |1,328.00   |1,358.00 |1,358.00 |1,339.00 |1,339.00 |1,348.00  |11.00     |20.00     |8         |4           |0        |21.57        |0.00                   |
2019-02-28 |FG907        |1,340.00   |0.00     |0.00     |0.00     |0.00     |1,327.00  |-13.00    |-13.00    |0         |2           |0        |0.00         |0.00                   |
2019-02-28 |FG908        |1,342.00   |1,359.00 |1,359.00 |1,346.00 |1,346.00 |1,353.00  |4.00      |11.00     |4         |6           |0        |10.82        |0.00                   |
2019-02-28 |FG909        |1,334.00   |1,336.00 |1,341.00 |1,300.00 |1,303.00 |1,316.00  |-31.00    |-18.00    |20,798    |43,206      |5,354    |54,733.73    |0.00                   |
2019-02-28 |FG910        |1,322.00   |0.00     |0.00     |0.00     |0.00     |1,305.00  |-17.00    |-17.00    |0         |0           |0        |0.00         |0.00                   |
2019-02-28 |FG911        |1,316.00   |0.00     |0.00     |0.00     |0.00     |1,314.00  |-2.00     |-2.00     |0         |5,880       |0        |0.00         |0.00                   |
2019-02-28 |FG912        |1,329.00   |1,324.00 |1,324.00 |1,301.00 |1,301.00 |1,304.00  |-28.00    |-25.00    |412       |18,962      |408      |1,074.70     |0.00                   |
2019-03-01 |FG001        |1,274.00   |1,267.00 |1,272.00 |1,256.00 |1,270.00 |1,265.00  |-4.00     |-9.00     |1,102     |4,406       |484      |2,788.52     |0.00                   |
2019-03-01 |FG002        |1,251.00   |0.00     |0.00     |0.00     |0.00     |1,251.00  |0.00      |0.00      |0         |6           |0        |0.00         |0.00                   |
2019-03-01 |FG903        |1,339.00   |0.00     |0.00     |0.00     |0.00     |1,323.00  |-16.00    |-16.00    |0         |0           |0        |0.00         |1,342.00               |
2019-03-01 |FG904        |1,323.00   |0.00     |0.00     |0.00     |0.00     |1,323.00  |0.00      |0.00      |0         |2           |0        |0.00         |0.00                   |
2019-03-01 |FG905        |1,344.00   |1,322.00 |1,335.00 |1,318.00 |1,333.00 |1,328.00  |-11.00    |-16.00    |184,000   |177,816     |-22,216  |488,538.39   |0.00                   |
2019-03-01 |FG906        |1,348.00   |1,324.00 |1,325.00 |1,324.00 |1,325.00 |1,325.00  |-23.00    |-23.00    |4         |6           |2        |10.60        |0.00                   |
2019-03-01 |FG907        |1,327.00   |0.00     |0.00     |0.00     |0.00     |1,327.00  |0.00      |0.00      |0         |2           |0        |0.00         |0.00                   |
2019-03-01 |FG908        |1,353.00   |0.00     |0.00     |0.00     |0.00     |1,352.00  |-1.00     |-1.00     |0         |6           |0        |0.00         |0.00                   |
2019-03-01 |FG909        |1,316.00   |1,297.00 |1,312.00 |1,296.00 |1,309.00 |1,305.00  |-7.00     |-11.00    |15,944    |43,176      |-30      |41,603.34    |0.00                   |
2019-03-01 |FG910        |1,305.00   |0.00     |0.00     |0.00     |0.00     |1,305.00  |0.00      |0.00      |0         |0           |0        |0.00         |0.00                   |
2019-03-01 |FG911        |1,314.00   |1,303.00 |1,303.00 |1,303.00 |1,303.00 |1,303.00  |-11.00    |-11.00    |900       |4,980       |-900     |2,345.40     |0.00                   |
2019-03-01 |FG912        |1,304.00   |1,290.00 |1,304.00 |1,290.00 |1,304.00 |1,290.00  |0.00      |-14.00    |902       |18,062      |-900     |2,327.22     |0.00                   |
2019-03-04 |FG001        |1,265.00   |1,269.00 |1,274.00 |1,252.00 |1,268.00 |1,265.00  |3.00      |0.00      |1,876     |5,460       |1,054    |4,746.52     |0.00                   |
2019-03-04 |FG002        |1,251.00   |0.00     |0.00     |0.00     |0.00     |1,251.00  |0.00      |0.00      |0         |6           |0        |0.00         |0.00                   |
2019-03-04 |FG903        |1,323.00   |0.00     |0.00     |0.00     |0.00     |1,316.00  |-7.00     |-7.00     |0         |0           |0        |0.00         |1,342.00               |
2019-03-04 |FG904        |1,323.00   |0.00     |0.00     |0.00     |0.00     |1,313.00  |-10.00    |-10.00    |0         |2           |0        |0.00         |0.00                   |
2019-03-04 |FG905        |1,328.00   |1,331.00 |1,338.00 |1,305.00 |1,316.00 |1,321.00  |-12.00    |-7.00     |199,020   |194,856     |17,040   |525,897.00   |0.00                   |
2019-03-04 |FG906        |1,325.00   |1,300.00 |1,300.00 |1,296.00 |1,296.00 |1,298.00  |-29.00    |-27.00    |4         |4           |-2       |10.38        |0.00                   |
2019-03-04 |FG907        |1,327.00   |0.00     |0.00     |0.00     |0.00     |1,315.00  |-12.00    |-12.00    |0         |2           |0        |0.00         |0.00                   |
2019-03-04 |FG908        |1,352.00   |1,336.00 |1,336.00 |1,336.00 |1,336.00 |1,336.00  |-16.00    |-16.00    |2         |8           |2        |5.34         |0.00                   |
2019-03-04 |FG909        |1,305.00   |1,310.00 |1,314.00 |1,288.00 |1,303.00 |1,304.00  |-2.00     |-1.00     |22,482    |48,172      |4,996    |58,641.38    |0.00                   |
2019-03-04 |FG910        |1,305.00   |0.00     |0.00     |0.00     |0.00     |1,304.00  |-1.00     |-1.00     |0         |0           |0        |0.00         |0.00                   |
2019-03-04 |FG911        |1,303.00   |0.00     |0.00     |0.00     |0.00     |1,303.00  |0.00      |0.00      |0         |4,980       |0        |0.00         |0.00                   |
2019-03-04 |FG912        |1,290.00   |1,294.00 |1,304.00 |1,291.00 |1,300.00 |1,298.00  |10.00     |8.00      |18        |18,066      |4        |46.73        |0.00                   |
2019-03-05 |FG001        |1,265.00   |1,263.00 |1,269.00 |1,255.00 |1,255.00 |1,261.00  |-10.00    |-4.00     |2,296     |6,976       |1,516    |5,790.14     |0.00                   |
2019-03-05 |FG002        |1,251.00   |1,250.00 |1,250.00 |1,250.00 |1,250.00 |1,250.00  |-1.00     |-1.00     |6         |0           |-6       |15.00        |0.00                   |
2019-03-05 |FG903        |1,316.00   |0.00     |0.00     |0.00     |0.00     |1,308.00  |-8.00     |-8.00     |0         |0           |0        |0.00         |1,339.00               |
2019-03-05 |FG904        |1,313.00   |0.00     |0.00     |0.00     |0.00     |1,306.00  |-7.00     |-7.00     |0         |2           |0        |0.00         |0.00                   |
2019-03-05 |FG905        |1,321.00   |1,315.00 |1,321.00 |1,307.00 |1,308.00 |1,313.00  |-13.00    |-8.00     |138,114   |179,638     |-15,218  |362,726.14   |0.00                   |
2019-03-05 |FG906        |1,298.00   |0.00     |0.00     |0.00     |0.00     |1,298.00  |0.00      |0.00      |0         |4           |0        |0.00         |0.00                   |
2019-03-05 |FG907        |1,315.00   |0.00     |0.00     |0.00     |0.00     |1,308.00  |-7.00     |-7.00     |0         |2           |0        |0.00         |0.00                   |
2019-03-05 |FG908        |1,336.00   |0.00     |0.00     |0.00     |0.00     |1,329.00  |-7.00     |-7.00     |0         |8           |0        |0.00         |0.00                   |
2019-03-05 |FG909        |1,304.00   |1,303.00 |1,306.00 |1,293.00 |1,296.00 |1,300.00  |-8.00     |-4.00     |15,926    |50,248      |2,076    |41,401.64    |0.00                   |
2019-03-05 |FG910        |1,304.00   |0.00     |0.00     |0.00     |0.00     |1,294.00  |-10.00    |-10.00    |0         |0           |0        |0.00         |0.00                   |
2019-03-05 |FG911        |1,303.00   |0.00     |0.00     |0.00     |0.00     |1,300.00  |-3.00     |-3.00     |0         |4,980       |0        |0.00         |0.00                   |
2019-03-05 |FG912        |1,298.00   |1,301.00 |1,301.00 |1,301.00 |1,301.00 |1,301.00  |3.00      |3.00      |1,000     |17,066      |-1,000   |2,602.00     |0.00                   |
2019-03-06 |FG001        |1,261.00   |1,258.00 |1,258.00 |1,250.00 |1,254.00 |1,254.00  |-7.00     |-7.00     |1,320     |7,888       |912      |3,311.68     |0.00                   |
2019-03-06 |FG002        |1,250.00   |0.00     |0.00     |0.00     |0.00     |1,250.00  |0.00      |0.00      |0         |0           |0        |0.00         |0.00                   |
2019-03-06 |FG903        |1,308.00   |0.00     |0.00     |0.00     |0.00     |1,299.00  |-9.00     |-9.00     |0         |0           |0        |0.00         |1,334.00               |
2019-03-06 |FG904        |1,306.00   |0.00     |0.00     |0.00     |0.00     |1,302.00  |-4.00     |-4.00     |0         |2           |0        |0.00         |0.00                   |
2019-03-06 |FG905        |1,313.00   |1,303.00 |1,310.00 |1,296.00 |1,305.00 |1,304.00  |-8.00     |-9.00     |180,714   |216,466     |36,828   |471,281.56   |0.00                   |
2019-03-06 |FG906        |1,298.00   |1,298.00 |1,298.00 |1,298.00 |1,298.00 |1,298.00  |0.00      |0.00      |6         |6           |2        |15.58        |0.00                   |
2019-03-06 |FG907        |1,308.00   |0.00     |0.00     |0.00     |0.00     |1,304.00  |-4.00     |-4.00     |0         |2           |0        |0.00         |0.00                   |
2019-03-06 |FG908        |1,329.00   |0.00     |0.00     |0.00     |0.00     |1,325.00  |-4.00     |-4.00     |0         |8           |0        |0.00         |0.00                   |
2019-03-06 |FG909        |1,300.00   |1,290.00 |1,297.00 |1,283.00 |1,291.00 |1,292.00  |-9.00     |-8.00     |15,974    |52,444      |2,196    |41,281.35    |0.00                   |
2019-03-06 |FG910        |1,294.00   |0.00     |0.00     |0.00     |0.00     |1,290.00  |-4.00     |-4.00     |0         |0           |0        |0.00         |0.00                   |
2019-03-06 |FG911        |1,300.00   |1,290.00 |1,290.00 |1,290.00 |1,290.00 |1,290.00  |-10.00    |-10.00    |460       |4,520       |-460     |1,186.80     |0.00                   |
2019-03-06 |FG912        |1,301.00   |1,290.00 |1,290.00 |1,290.00 |1,290.00 |1,290.00  |-11.00    |-11.00    |2         |17,068      |2        |5.16         |0.00                   |
2019-03-07 |FG001        |1,254.00   |1,255.00 |1,262.00 |1,250.00 |1,256.00 |1,255.00  |2.00      |1.00      |1,650     |7,686       |-202     |4,142.58     |0.00                   |
2019-03-07 |FG002        |1,250.00   |0.00     |0.00     |0.00     |0.00     |1,250.00  |0.00      |0.00      |0         |0           |0        |0.00         |0.00                   |
2019-03-07 |FG903        |1,299.00   |0.00     |0.00     |0.00     |0.00     |1,305.00  |6.00      |6.00      |0         |0           |0        |0.00         |1,330.00               |
2019-03-07 |FG904        |1,302.00   |0.00     |0.00     |0.00     |0.00     |1,302.00  |0.00      |0.00      |0         |2           |0        |0.00         |0.00                   |
2019-03-07 |FG905        |1,304.00   |1,305.00 |1,318.00 |1,302.00 |1,306.00 |1,310.00  |2.00      |6.00      |190,570   |215,256     |-1,210   |499,109.50   |0.00                   |
2019-03-07 |FG906        |1,298.00   |0.00     |0.00     |0.00     |0.00     |1,298.00  |0.00      |0.00      |0         |6           |0        |0.00         |0.00                   |
2019-03-07 |FG907        |1,304.00   |0.00     |0.00     |0.00     |0.00     |1,304.00  |0.00      |0.00      |0         |2           |0        |0.00         |0.00                   |
2019-03-07 |FG908        |1,325.00   |0.00     |0.00     |0.00     |0.00     |1,325.00  |0.00      |0.00      |0         |8           |0        |0.00         |0.00                   |
2019-03-07 |FG909        |1,292.00   |1,291.00 |1,302.00 |1,290.00 |1,294.00 |1,296.00  |2.00      |4.00      |13,874    |52,888      |444      |35,959.28    |0.00                   |
2019-03-07 |FG910        |1,290.00   |0.00     |0.00     |0.00     |0.00     |1,290.00  |0.00      |0.00      |0         |0           |0        |0.00         |0.00                   |
2019-03-07 |FG911        |1,290.00   |0.00     |0.00     |0.00     |0.00     |1,290.00  |0.00      |0.00      |0         |4,520       |0        |0.00         |0.00                   |
2019-03-07 |FG912        |1,290.00   |1,297.00 |1,297.00 |1,297.00 |1,297.00 |1,297.00  |7.00      |7.00      |2         |17,068      |0        |5.19         |0.00                   |
2019-03-08 |FG001        |1,255.00   |1,255.00 |1,261.00 |1,252.00 |1,252.00 |1,256.00  |-3.00     |1.00      |1,386     |8,196       |510      |3,480.70     |0.00                   |
2019-03-08 |FG002        |1,250.00   |0.00     |0.00     |0.00     |0.00     |1,250.00  |0.00      |0.00      |0         |0           |0        |0.00         |0.00                   |
2019-03-08 |FG903        |1,305.00   |0.00     |0.00     |0.00     |0.00     |1,304.00  |-1.00     |-1.00     |0         |0           |0        |0.00         |1,325.00               |
2019-03-08 |FG904        |1,302.00   |0.00     |0.00     |0.00     |0.00     |1,302.00  |0.00      |0.00      |0         |2           |0        |0.00         |0.00                   |
2019-03-08 |FG905        |1,310.00   |1,309.00 |1,316.00 |1,302.00 |1,305.00 |1,309.00  |-5.00     |-1.00     |155,898   |224,264     |9,008    |408,120.54   |0.00                   |
2019-03-08 |FG906        |1,298.00   |1,283.00 |1,283.00 |1,282.00 |1,282.00 |1,283.00  |-16.00    |-15.00    |4         |4           |-2       |10.26        |0.00                   |
2019-03-08 |FG907        |1,304.00   |0.00     |0.00     |0.00     |0.00     |1,304.00  |0.00      |0.00      |0         |2           |0        |0.00         |0.00                   |
2019-03-08 |FG908        |1,325.00   |0.00     |0.00     |0.00     |0.00     |1,325.00  |0.00      |0.00      |0         |8           |0        |0.00         |0.00                   |
2019-03-08 |FG909        |1,296.00   |1,296.00 |1,302.00 |1,289.00 |1,290.00 |1,295.00  |-6.00     |-1.00     |14,354    |53,586      |698      |37,173.43    |0.00                   |
2019-03-08 |FG910        |1,290.00   |0.00     |0.00     |0.00     |0.00     |1,290.00  |0.00      |0.00      |0         |0           |0        |0.00         |0.00                   |
2019-03-08 |FG911        |1,290.00   |0.00     |0.00     |0.00     |0.00     |1,290.00  |0.00      |0.00      |0         |4,520       |0        |0.00         |0.00                   |
2019-03-08 |FG912        |1,297.00   |0.00     |0.00     |0.00     |0.00     |1,297.00  |0.00      |0.00      |0         |17,068      |0        |0.00         |0.00                   |
2019-03-11 |FG001        |1,256.00   |1,251.00 |1,254.00 |1,238.00 |1,246.00 |1,245.00  |-10.00    |-11.00    |1,824     |9,290       |1,094    |4,542.67     |0.00                   |
2019-03-11 |FG002        |1,250.00   |0.00     |0.00     |0.00     |0.00     |1,250.00  |0.00      |0.00      |0         |0           |0        |0.00         |0.00                   |
2019-03-11 |FG903        |1,304.00   |0.00     |0.00     |0.00     |0.00     |1,288.00  |-16.00    |-16.00    |0         |0           |0        |0.00         |1,319.00               |
2019-03-11 |FG904        |1,302.00   |0.00     |0.00     |0.00     |0.00     |1,287.00  |-15.00    |-15.00    |0         |2           |0        |0.00         |0.00                   |
2019-03-11 |FG905        |1,309.00   |1,303.00 |1,304.00 |1,283.00 |1,289.00 |1,293.00  |-20.00    |-16.00    |165,824   |217,096     |-7,168   |428,928.07   |0.00                   |
2019-03-11 |FG906        |1,283.00   |1,266.00 |1,282.00 |1,266.00 |1,282.00 |1,274.00  |-1.00     |-9.00     |4         |4           |0        |10.19        |0.00                   |
2019-03-11 |FG907        |1,304.00   |0.00     |0.00     |0.00     |0.00     |1,303.00  |-1.00     |-1.00     |0         |2           |0        |0.00         |0.00                   |
2019-03-11 |FG908        |1,325.00   |0.00     |0.00     |0.00     |0.00     |1,314.00  |-11.00    |-11.00    |0         |8           |0        |0.00         |0.00                   |
2019-03-11 |FG909        |1,295.00   |1,288.00 |1,293.00 |1,275.00 |1,281.00 |1,284.00  |-14.00    |-11.00    |22,834    |60,580      |6,994    |58,627.12    |0.00                   |
2019-03-11 |FG910        |1,290.00   |0.00     |0.00     |0.00     |0.00     |1,287.00  |-3.00     |-3.00     |0         |0           |0        |0.00         |0.00                   |
2019-03-11 |FG911        |1,290.00   |0.00     |0.00     |0.00     |0.00     |1,276.00  |-14.00    |-14.00    |0         |4,520       |0        |0.00         |0.00                   |
2019-03-11 |FG912        |1,297.00   |0.00     |0.00     |0.00     |0.00     |1,289.00  |-8.00     |-8.00     |0         |17,068      |0        |0.00         |0.00                   |
2019-03-12 |FG001        |1,245.00   |1,246.00 |1,249.00 |1,243.00 |1,249.00 |1,245.00  |4.00      |0.00      |520       |9,322       |32       |1,295.08     |0.00                   |
2019-03-12 |FG002        |1,250.00   |0.00     |0.00     |0.00     |0.00     |1,250.00  |0.00      |0.00      |0         |0           |0        |0.00         |0.00                   |
2019-03-12 |FG903        |1,288.00   |0.00     |0.00     |0.00     |0.00     |1,285.00  |-3.00     |-3.00     |0         |0           |0        |0.00         |1,313.00               |
2019-03-12 |FG904        |1,287.00   |0.00     |0.00     |0.00     |0.00     |1,287.00  |0.00      |0.00      |0         |2           |0        |0.00         |0.00                   |
2019-03-12 |FG905        |1,293.00   |1,288.00 |1,295.00 |1,285.00 |1,292.00 |1,290.00  |-1.00     |-3.00     |108,468   |219,112     |2,016    |279,813.46   |0.00                   |
2019-03-12 |FG906        |1,274.00   |0.00     |0.00     |0.00     |0.00     |1,274.00  |0.00      |0.00      |0         |4           |0        |0.00         |0.00                   |
2019-03-12 |FG907        |1,303.00   |0.00     |0.00     |0.00     |0.00     |1,303.00  |0.00      |0.00      |0         |2           |0        |0.00         |0.00                   |
2019-03-12 |FG908        |1,314.00   |0.00     |0.00     |0.00     |0.00     |1,314.00  |0.00      |0.00      |0         |8           |0        |0.00         |0.00                   |
2019-03-12 |FG909        |1,284.00   |1,279.00 |1,287.00 |1,279.00 |1,285.00 |1,282.00  |1.00      |-2.00     |15,256    |57,690      |-2,890   |39,101.16    |0.00                   |
2019-03-12 |FG910        |1,287.00   |0.00     |0.00     |0.00     |0.00     |1,287.00  |0.00      |0.00      |0         |0           |0        |0.00         |0.00                   |
2019-03-12 |FG911        |1,276.00   |0.00     |0.00     |0.00     |0.00     |1,276.00  |0.00      |0.00      |0         |4,520       |0        |0.00         |0.00                   |
2019-03-12 |FG912        |1,289.00   |0.00     |0.00     |0.00     |0.00     |1,289.00  |0.00      |0.00      |0         |17,068      |0        |0.00         |0.00                   |
2019-03-13 |FG001        |1,245.00   |1,246.00 |1,249.00 |1,242.00 |1,244.00 |1,246.00  |-1.00     |1.00      |636       |9,538       |216      |1,584.44     |0.00                   |
2019-03-13 |FG002        |1,250.00   |0.00     |0.00     |0.00     |0.00     |1,250.00  |0.00      |0.00      |0         |0           |0        |0.00         |0.00                   |
2019-03-13 |FG903        |1,285.00   |0.00     |0.00     |0.00     |0.00     |1,282.00  |-3.00     |-3.00     |0         |0           |0        |0.00         |1,305.00               |
2019-03-13 |FG904        |1,287.00   |0.00     |0.00     |0.00     |0.00     |1,280.00  |-7.00     |-7.00     |0         |2           |0        |0.00         |0.00                   |
2019-03-13 |FG905        |1,290.00   |1,292.00 |1,295.00 |1,276.00 |1,281.00 |1,287.00  |-9.00     |-3.00     |109,334   |213,726     |-5,386   |281,409.93   |0.00                   |
2019-03-13 |FG906        |1,274.00   |1,260.00 |1,286.00 |1,258.00 |1,286.00 |1,272.00  |12.00     |-2.00     |8         |4           |0        |20.35        |0.00                   |
2019-03-13 |FG907        |1,303.00   |1,266.00 |1,266.00 |1,266.00 |1,266.00 |1,266.00  |-37.00    |-37.00    |2         |4           |2        |5.06         |0.00                   |
2019-03-13 |FG908        |1,314.00   |0.00     |0.00     |0.00     |0.00     |1,311.00  |-3.00     |-3.00     |0         |8           |0        |0.00         |0.00                   |
2019-03-13 |FG909        |1,282.00   |1,286.00 |1,287.00 |1,275.00 |1,280.00 |1,282.00  |-2.00     |0.00      |12,948    |59,734      |2,044    |33,195.53    |0.00                   |
2019-03-13 |FG910        |1,287.00   |0.00     |0.00     |0.00     |0.00     |1,281.00  |-6.00     |-6.00     |0         |0           |0        |0.00         |0.00                   |
2019-03-13 |FG911        |1,276.00   |0.00     |0.00     |0.00     |0.00     |1,274.00  |-2.00     |-2.00     |0         |4,520       |0        |0.00         |0.00                   |
2019-03-13 |FG912        |1,289.00   |1,289.00 |1,289.00 |1,289.00 |1,289.00 |1,289.00  |0.00      |0.00      |2         |17,070      |2        |5.16         |0.00                   |
2019-03-14 |FG001        |1,246.00   |1,243.00 |1,252.00 |1,241.00 |1,250.00 |1,247.00  |4.00      |1.00      |680       |9,566       |28       |1,696.55     |0.00                   |
2019-03-14 |FG002        |1,250.00   |0.00     |0.00     |0.00     |0.00     |1,250.00  |0.00      |0.00      |0         |0           |0        |0.00         |0.00                   |
2019-03-14 |FG903        |1,282.00   |0.00     |0.00     |0.00     |0.00     |1,279.00  |-3.00     |-3.00     |0         |0           |0        |0.00         |1,299.00               |
2019-03-14 |FG904        |1,280.00   |0.00     |0.00     |0.00     |0.00     |1,280.00  |0.00      |0.00      |0         |2           |0        |0.00         |0.00                   |
2019-03-14 |FG905        |1,287.00   |1,280.00 |1,290.00 |1,277.00 |1,288.00 |1,284.00  |1.00      |-3.00     |98,814    |217,736     |4,010    |253,766.82   |0.00                   |
2019-03-14 |FG906        |1,272.00   |1,268.00 |1,268.00 |1,268.00 |1,268.00 |1,268.00  |-4.00     |-4.00     |2         |2           |-2       |5.07         |0.00                   |
2019-03-14 |FG907        |1,266.00   |1,300.00 |1,300.00 |1,300.00 |1,300.00 |1,300.00  |34.00     |34.00     |2         |4           |0        |5.20         |0.00                   |
2019-03-14 |FG908        |1,311.00   |0.00     |0.00     |0.00     |0.00     |1,311.00  |0.00      |0.00      |0         |8           |0        |0.00         |0.00                   |
2019-03-14 |FG909        |1,282.00   |1,279.00 |1,290.00 |1,278.00 |1,288.00 |1,285.00  |6.00      |3.00      |14,940    |60,822      |1,088    |38,383.15    |0.00                   |
2019-03-14 |FG910        |1,281.00   |0.00     |0.00     |0.00     |0.00     |1,281.00  |0.00      |0.00      |0         |0           |0        |0.00         |0.00                   |
2019-03-14 |FG911        |1,274.00   |0.00     |0.00     |0.00     |0.00     |1,274.00  |0.00      |0.00      |0         |4,520       |0        |0.00         |0.00                   |
2019-03-14 |FG912        |1,289.00   |1,280.00 |1,280.00 |1,280.00 |1,280.00 |1,280.00  |-9.00     |-9.00     |80        |17,150      |80       |204.80       |0.00                   |
2019-03-15 |FG001        |1,247.00   |1,248.00 |1,256.00 |1,247.00 |1,250.00 |1,251.00  |3.00      |4.00      |1,116     |9,108       |-458     |2,793.16     |0.00                   |
2019-03-15 |FG002        |1,250.00   |1,260.00 |1,260.00 |1,260.00 |1,260.00 |1,260.00  |10.00     |10.00     |2         |2           |2        |5.04         |0.00                   |
2019-03-15 |FG003        |1,250.00   |0.00     |0.00     |0.00     |0.00     |1,250.00  |0.00      |0.00      |0         |0           |0        |0.00         |0.00                   |
2019-03-15 |FG904        |1,280.00   |0.00     |0.00     |0.00     |0.00     |1,280.00  |0.00      |0.00      |0         |2           |0        |0.00         |0.00                   |
2019-03-15 |FG905        |1,284.00   |1,287.00 |1,298.00 |1,280.00 |1,292.00 |1,290.00  |8.00      |6.00      |137,806   |219,642     |1,906    |355,653.19   |0.00                   |
2019-03-15 |FG906        |1,268.00   |0.00     |0.00     |0.00     |0.00     |1,268.00  |0.00      |0.00      |0         |2           |0        |0.00         |0.00                   |
2019-03-15 |FG907        |1,300.00   |0.00     |0.00     |0.00     |0.00     |1,300.00  |0.00      |0.00      |0         |4           |0        |0.00         |0.00                   |
2019-03-15 |FG908        |1,311.00   |0.00     |0.00     |0.00     |0.00     |1,311.00  |0.00      |0.00      |0         |8           |0        |0.00         |0.00                   |
2019-03-15 |FG909        |1,285.00   |1,288.00 |1,295.00 |1,283.00 |1,289.00 |1,289.00  |4.00      |4.00      |20,368    |64,000      |3,178    |52,514.29    |0.00                   |
2019-03-15 |FG910        |1,281.00   |0.00     |0.00     |0.00     |0.00     |1,281.00  |0.00      |0.00      |0         |0           |0        |0.00         |0.00                   |
2019-03-15 |FG911        |1,274.00   |1,262.00 |1,290.00 |1,262.00 |1,290.00 |1,271.00  |16.00     |-3.00     |402       |4,722       |202      |1,021.96     |0.00                   |
2019-03-15 |FG912        |1,280.00   |1,302.00 |1,304.00 |1,282.00 |1,286.00 |1,293.00  |6.00      |13.00     |404       |17,350      |200      |1,044.75     |0.00                   |
2019-03-18 |FG001        |1,251.00   |1,251.00 |1,256.00 |1,243.00 |1,243.00 |1,249.00  |-8.00     |-2.00     |804       |9,486       |378      |2,008.53     |0.00                   |
2019-03-18 |FG002        |1,260.00   |0.00     |0.00     |0.00     |0.00     |1,255.00  |-5.00     |-5.00     |0         |2           |0        |0.00         |0.00                   |
2019-03-18 |FG003        |1,250.00   |0.00     |0.00     |0.00     |0.00     |1,250.00  |0.00      |0.00      |0         |0           |0        |0.00         |0.00                   |
2019-03-18 |FG904        |1,280.00   |0.00     |0.00     |0.00     |0.00     |1,277.00  |-3.00     |-3.00     |0         |2           |0        |0.00         |0.00                   |
2019-03-18 |FG905        |1,290.00   |1,290.00 |1,301.00 |1,279.00 |1,281.00 |1,290.00  |-9.00     |0.00      |131,090   |213,248     |-6,394   |338,254.25   |0.00                   |
2019-03-18 |FG906        |1,268.00   |1,267.00 |1,267.00 |1,267.00 |1,267.00 |1,267.00  |-1.00     |-1.00     |2         |2           |0        |5.07         |0.00                   |
2019-03-18 |FG907        |1,300.00   |0.00     |0.00     |0.00     |0.00     |1,289.00  |-11.00    |-11.00    |0         |4           |0        |0.00         |0.00                   |
2019-03-18 |FG908        |1,311.00   |0.00     |0.00     |0.00     |0.00     |1,310.00  |-1.00     |-1.00     |0         |8           |0        |0.00         |0.00                   |
2019-03-18 |FG909        |1,289.00   |1,288.00 |1,294.00 |1,278.00 |1,279.00 |1,287.00  |-10.00    |-2.00     |17,324    |66,516      |2,516    |44,575.49    |0.00                   |
2019-03-18 |FG910        |1,281.00   |0.00     |0.00     |0.00     |0.00     |1,280.00  |-1.00     |-1.00     |0         |0           |0        |0.00         |0.00                   |
2019-03-18 |FG911        |1,271.00   |1,285.00 |1,285.00 |1,285.00 |1,285.00 |1,285.00  |14.00     |14.00     |2         |4,720       |-2       |5.14         |0.00                   |
2019-03-18 |FG912        |1,293.00   |1,298.00 |1,298.00 |1,288.00 |1,288.00 |1,296.00  |-5.00     |3.00      |8         |17,352      |2        |20.73        |0.00                   |
2019-03-19 |FG001        |1,249.00   |1,244.00 |1,251.00 |1,234.00 |1,235.00 |1,241.00  |-14.00    |-8.00     |1,594     |10,364      |878      |3,955.77     |0.00                   |
2019-03-19 |FG002        |1,255.00   |0.00     |0.00     |0.00     |0.00     |1,255.00  |0.00      |0.00      |0         |2           |0        |0.00         |0.00                   |
2019-03-19 |FG003        |1,250.00   |0.00     |0.00     |0.00     |0.00     |1,250.00  |0.00      |0.00      |0         |0           |0        |0.00         |0.00                   |
2019-03-19 |FG904        |1,277.00   |0.00     |0.00     |0.00     |0.00     |1,264.00  |-13.00    |-13.00    |0         |2           |0        |0.00         |0.00                   |
2019-03-19 |FG905        |1,290.00   |1,282.00 |1,287.00 |1,265.00 |1,266.00 |1,277.00  |-24.00    |-13.00    |132,686   |225,746     |12,498   |338,890.62   |0.00                   |
2019-03-19 |FG906        |1,267.00   |0.00     |0.00     |0.00     |0.00     |1,254.00  |-13.00    |-13.00    |0         |2           |0        |0.00         |0.00                   |
2019-03-19 |FG907        |1,289.00   |0.00     |0.00     |0.00     |0.00     |1,287.00  |-2.00     |-2.00     |0         |4           |0        |0.00         |0.00                   |
2019-03-19 |FG908        |1,310.00   |0.00     |0.00     |0.00     |0.00     |1,300.00  |-10.00    |-10.00    |0         |8           |0        |0.00         |0.00                   |
2019-03-19 |FG909        |1,287.00   |1,279.00 |1,283.00 |1,263.00 |1,263.00 |1,274.00  |-24.00    |-13.00    |23,316    |72,546      |6,030    |59,399.91    |0.00                   |
2019-03-19 |FG910        |1,280.00   |0.00     |0.00     |0.00     |0.00     |1,268.00  |-12.00    |-12.00    |0         |0           |0        |0.00         |0.00                   |
2019-03-19 |FG911        |1,285.00   |1,263.00 |1,283.00 |1,263.00 |1,283.00 |1,273.00  |-2.00     |-12.00    |400       |4,920       |200      |1,018.40     |0.00                   |
2019-03-19 |FG912        |1,296.00   |1,272.00 |1,292.00 |1,272.00 |1,275.00 |1,275.00  |-21.00    |-21.00    |4,738     |13,972      |-3,380   |12,083.78    |0.00                   |
2019-03-20 |FG001        |1,241.00   |1,236.00 |1,242.00 |1,235.00 |1,241.00 |1,239.00  |0.00      |-2.00     |762       |10,678      |314      |1,887.94     |0.00                   |
2019-03-20 |FG002        |1,255.00   |0.00     |0.00     |0.00     |0.00     |1,255.00  |0.00      |0.00      |0         |2           |0        |0.00         |0.00                   |
2019-03-20 |FG003        |1,250.00   |0.00     |0.00     |0.00     |0.00     |1,250.00  |0.00      |0.00      |0         |0           |0        |0.00         |0.00                   |
2019-03-20 |FG904        |1,264.00   |1,245.00 |1,245.00 |1,245.00 |1,245.00 |1,245.00  |-19.00    |-19.00    |2         |2           |0        |4.98         |0.00                   |
2019-03-20 |FG905        |1,277.00   |1,269.00 |1,281.00 |1,268.00 |1,280.00 |1,276.00  |3.00      |-1.00     |106,194   |219,986     |-5,760   |270,923.16   |0.00                   |
2019-03-20 |FG906        |1,254.00   |1,241.00 |1,273.00 |1,241.00 |1,273.00 |1,257.00  |19.00     |3.00      |4         |2           |0        |10.06        |0.00                   |
2019-03-20 |FG907        |1,287.00   |0.00     |0.00     |0.00     |0.00     |1,287.00  |0.00      |0.00      |0         |4           |0        |0.00         |0.00                   |
2019-03-20 |FG908        |1,300.00   |0.00     |0.00     |0.00     |0.00     |1,300.00  |0.00      |0.00      |0         |8           |0        |0.00         |0.00                   |
2019-03-20 |FG909        |1,274.00   |1,267.00 |1,274.00 |1,266.00 |1,273.00 |1,269.00  |-1.00     |-5.00     |16,690    |71,712      |-834     |42,374.25    |0.00                   |
2019-03-20 |FG910        |1,268.00   |0.00     |0.00     |0.00     |0.00     |1,268.00  |0.00      |0.00      |0         |0           |0        |0.00         |0.00                   |
2019-03-20 |FG911        |1,273.00   |1,258.00 |1,277.00 |1,258.00 |1,277.00 |1,267.00  |4.00      |-6.00     |402       |4,520       |-400     |1,018.71     |0.00                   |
2019-03-20 |FG912        |1,275.00   |1,283.00 |1,283.00 |1,269.00 |1,282.00 |1,276.00  |7.00      |1.00      |406       |13,572      |-400     |1,036.18     |0.00                   |
2019-03-21 |FG001        |1,239.00   |1,241.00 |1,246.00 |1,239.00 |1,244.00 |1,243.00  |5.00      |4.00      |928       |10,740      |62       |2,307.90     |0.00                   |
2019-03-21 |FG002        |1,255.00   |0.00     |0.00     |0.00     |0.00     |1,255.00  |0.00      |0.00      |0         |2           |0        |0.00         |0.00                   |
2019-03-21 |FG003        |1,250.00   |0.00     |0.00     |0.00     |0.00     |1,250.00  |0.00      |0.00      |0         |0           |0        |0.00         |0.00                   |
2019-03-21 |FG904        |1,245.00   |1,241.00 |1,241.00 |1,241.00 |1,241.00 |1,241.00  |-4.00     |-4.00     |2         |0           |-2       |4.96         |0.00                   |
2019-03-21 |FG905        |1,276.00   |1,279.00 |1,288.00 |1,277.00 |1,285.00 |1,283.00  |9.00      |7.00      |106,276   |216,600     |-3,386   |272,787.56   |0.00                   |
2019-03-21 |FG906        |1,257.00   |1,277.00 |1,277.00 |1,277.00 |1,277.00 |1,277.00  |20.00     |20.00     |4         |4           |2        |10.22        |0.00                   |
2019-03-21 |FG907        |1,287.00   |0.00     |0.00     |0.00     |0.00     |1,287.00  |0.00      |0.00      |0         |4           |0        |0.00         |0.00                   |
2019-03-21 |FG908        |1,300.00   |0.00     |0.00     |0.00     |0.00     |1,300.00  |0.00      |0.00      |0         |8           |0        |0.00         |0.00                   |
2019-03-21 |FG909        |1,269.00   |1,273.00 |1,279.00 |1,270.00 |1,276.00 |1,276.00  |7.00      |7.00      |20,174    |75,120      |3,408    |51,467.86    |0.00                   |
2019-03-21 |FG910        |1,268.00   |0.00     |0.00     |0.00     |0.00     |1,268.00  |0.00      |0.00      |0         |0           |0        |0.00         |0.00                   |
2019-03-21 |FG911        |1,267.00   |1,275.00 |1,275.00 |1,275.00 |1,275.00 |1,275.00  |8.00      |8.00      |250       |4,270       |-250     |637.50       |0.00                   |
2019-03-21 |FG912        |1,276.00   |1,293.00 |1,293.00 |1,291.00 |1,291.00 |1,291.00  |15.00     |15.00     |254       |13,322      |-250     |655.84       |0.00                   |
2019-03-22 |FG001        |1,243.00   |1,246.00 |1,248.00 |1,240.00 |1,246.00 |1,244.00  |3.00      |1.00      |638       |10,668      |-72      |1,587.60     |0.00                   |
2019-03-22 |FG002        |1,255.00   |0.00     |0.00     |0.00     |0.00     |1,255.00  |0.00      |0.00      |0         |2           |0        |0.00         |0.00                   |
2019-03-22 |FG003        |1,250.00   |0.00     |0.00     |0.00     |0.00     |1,250.00  |0.00      |0.00      |0         |0           |0        |0.00         |0.00                   |
2019-03-22 |FG904        |1,241.00   |1,236.00 |1,236.00 |1,236.00 |1,236.00 |1,236.00  |-5.00     |-5.00     |2         |2           |2        |4.94         |0.00                   |
2019-03-22 |FG905        |1,283.00   |1,282.00 |1,295.00 |1,282.00 |1,291.00 |1,289.00  |8.00      |6.00      |93,596    |201,260     |-15,340  |241,230.16   |0.00                   |
2019-03-22 |FG906        |1,277.00   |0.00     |0.00     |0.00     |0.00     |1,277.00  |0.00      |0.00      |0         |4           |0        |0.00         |0.00                   |
2019-03-22 |FG907        |1,287.00   |0.00     |0.00     |0.00     |0.00     |1,287.00  |0.00      |0.00      |0         |4           |0        |0.00         |0.00                   |
2019-03-22 |FG908        |1,300.00   |0.00     |0.00     |0.00     |0.00     |1,300.00  |0.00      |0.00      |0         |8           |0        |0.00         |0.00                   |
2019-03-22 |FG909        |1,276.00   |1,276.00 |1,282.00 |1,270.00 |1,281.00 |1,277.00  |5.00      |1.00      |21,272    |74,592      |-528     |54,313.93    |0.00                   |
2019-03-22 |FG910        |1,268.00   |0.00     |0.00     |0.00     |0.00     |1,270.00  |2.00      |2.00      |0         |0           |0        |0.00         |0.00                   |
2019-03-22 |FG911        |1,275.00   |0.00     |0.00     |0.00     |0.00     |1,275.00  |0.00      |0.00      |0         |4,270       |0        |0.00         |0.00                   |
2019-03-22 |FG912        |1,291.00   |1,304.00 |1,304.00 |1,276.00 |1,288.00 |1,283.00  |-3.00     |-8.00     |34        |13,328      |6        |87.21        |0.00                   |
2019-03-25 |FG001        |1,244.00   |1,244.00 |1,248.00 |1,240.00 |1,241.00 |1,243.00  |-3.00     |-1.00     |808       |10,922      |254      |2,008.26     |0.00                   |
2019-03-25 |FG002        |1,255.00   |1,265.00 |1,265.00 |1,265.00 |1,265.00 |1,265.00  |10.00     |10.00     |2         |4           |2        |5.06         |0.00                   |
2019-03-25 |FG003        |1,250.00   |0.00     |0.00     |0.00     |0.00     |1,250.00  |0.00      |0.00      |0         |0           |0        |0.00         |0.00                   |
2019-03-25 |FG904        |1,236.00   |0.00     |0.00     |0.00     |0.00     |1,235.00  |-1.00     |-1.00     |0         |2           |0        |0.00         |0.00                   |
2019-03-25 |FG905        |1,289.00   |1,290.00 |1,293.00 |1,283.00 |1,286.00 |1,288.00  |-3.00     |-1.00     |79,828    |199,594     |-1,666   |205,651.04   |0.00                   |
2019-03-25 |FG906        |1,277.00   |0.00     |0.00     |0.00     |0.00     |1,277.00  |0.00      |0.00      |0         |4           |0        |0.00         |0.00                   |
2019-03-25 |FG907        |1,287.00   |0.00     |0.00     |0.00     |0.00     |1,287.00  |0.00      |0.00      |0         |4           |0        |0.00         |0.00                   |
2019-03-25 |FG908        |1,300.00   |0.00     |0.00     |0.00     |0.00     |1,300.00  |0.00      |0.00      |0         |8           |0        |0.00         |0.00                   |
2019-03-25 |FG909        |1,277.00   |1,279.00 |1,282.00 |1,273.00 |1,276.00 |1,278.00  |-1.00     |1.00      |15,482    |76,924      |2,332    |39,569.65    |0.00                   |
2019-03-25 |FG910        |1,270.00   |1,280.00 |1,289.00 |1,278.00 |1,278.00 |1,284.00  |8.00      |14.00     |10        |6           |6        |25.67        |0.00                   |
2019-03-25 |FG911        |1,275.00   |0.00     |0.00     |0.00     |0.00     |1,275.00  |0.00      |0.00      |0         |4,270       |0        |0.00         |0.00                   |
2019-03-25 |FG912        |1,283.00   |1,283.00 |1,291.00 |1,283.00 |1,284.00 |1,285.00  |1.00      |2.00      |36        |13,340      |12       |92.50        |0.00                   |
2019-03-26 |FG001        |1,243.00   |1,243.00 |1,243.00 |1,240.00 |1,241.00 |1,242.00  |-2.00     |-1.00     |1,068     |11,470      |548      |2,652.89     |0.00                   |
2019-03-26 |FG002        |1,265.00   |0.00     |0.00     |0.00     |0.00     |1,265.00  |0.00      |0.00      |0         |4           |0        |0.00         |0.00                   |
2019-03-26 |FG003        |1,250.00   |0.00     |0.00     |0.00     |0.00     |1,250.00  |0.00      |0.00      |0         |0           |0        |0.00         |0.00                   |
2019-03-26 |FG904        |1,235.00   |1,280.00 |1,280.00 |1,280.00 |1,280.00 |1,280.00  |45.00     |45.00     |2         |0           |-2       |5.12         |0.00                   |
2019-03-26 |FG905        |1,288.00   |1,285.00 |1,287.00 |1,278.00 |1,280.00 |1,282.00  |-8.00     |-6.00     |76,236    |196,764     |-2,830   |195,436.84   |0.00                   |
2019-03-26 |FG906        |1,277.00   |0.00     |0.00     |0.00     |0.00     |1,277.00  |0.00      |0.00      |0         |4           |0        |0.00         |0.00                   |
2019-03-26 |FG907        |1,287.00   |0.00     |0.00     |0.00     |0.00     |1,287.00  |0.00      |0.00      |0         |4           |0        |0.00         |0.00                   |
2019-03-26 |FG908        |1,300.00   |0.00     |0.00     |0.00     |0.00     |1,300.00  |0.00      |0.00      |0         |8           |0        |0.00         |0.00                   |
2019-03-26 |FG909        |1,278.00   |1,276.00 |1,278.00 |1,271.00 |1,274.00 |1,275.00  |-4.00     |-3.00     |15,504    |76,340      |-584     |39,522.48    |0.00                   |
2019-03-26 |FG910        |1,284.00   |0.00     |0.00     |0.00     |0.00     |1,279.00  |-5.00     |-5.00     |0         |6           |0        |0.00         |0.00                   |
2019-03-26 |FG911        |1,275.00   |0.00     |0.00     |0.00     |0.00     |1,275.00  |0.00      |0.00      |0         |4,270       |0        |0.00         |0.00                   |
2019-03-26 |FG912        |1,285.00   |1,277.00 |1,277.00 |1,277.00 |1,277.00 |1,277.00  |-8.00     |-8.00     |4         |13,340      |0        |10.22        |0.00                   |
2019-03-27 |FG001        |1,242.00   |1,243.00 |1,249.00 |1,241.00 |1,243.00 |1,244.00  |1.00      |2.00      |1,986     |11,682      |212      |4,940.68     |0.00                   |
2019-03-27 |FG002        |1,265.00   |0.00     |0.00     |0.00     |0.00     |1,265.00  |0.00      |0.00      |0         |4           |0        |0.00         |0.00                   |
2019-03-27 |FG003        |1,250.00   |0.00     |0.00     |0.00     |0.00     |1,250.00  |0.00      |0.00      |0         |0           |0        |0.00         |0.00                   |
2019-03-27 |FG904        |1,280.00   |0.00     |0.00     |0.00     |0.00     |1,289.00  |9.00      |9.00      |0         |0           |0        |0.00         |0.00                   |
2019-03-27 |FG905        |1,282.00   |1,282.00 |1,297.00 |1,282.00 |1,293.00 |1,291.00  |11.00     |9.00      |146,802   |204,056     |7,292    |379,029.30   |0.00                   |
2019-03-27 |FG906        |1,277.00   |0.00     |0.00     |0.00     |0.00     |1,277.00  |0.00      |0.00      |0         |4           |0        |0.00         |0.00                   |
2019-03-27 |FG907        |1,287.00   |0.00     |0.00     |0.00     |0.00     |1,287.00  |0.00      |0.00      |0         |4           |0        |0.00         |0.00                   |
2019-03-27 |FG908        |1,300.00   |0.00     |0.00     |0.00     |0.00     |1,300.00  |0.00      |0.00      |0         |8           |0        |0.00         |0.00                   |
2019-03-27 |FG909        |1,275.00   |1,275.00 |1,286.00 |1,275.00 |1,277.00 |1,280.00  |2.00      |5.00      |18,938    |76,714      |374      |48,481.05    |0.00                   |
2019-03-27 |FG910        |1,279.00   |0.00     |0.00     |0.00     |0.00     |1,279.00  |0.00      |0.00      |0         |6           |0        |0.00         |0.00                   |
2019-03-27 |FG911        |1,275.00   |0.00     |0.00     |0.00     |0.00     |1,275.00  |0.00      |0.00      |0         |4,270       |0        |0.00         |0.00                   |
2019-03-27 |FG912        |1,277.00   |0.00     |0.00     |0.00     |0.00     |1,280.00  |3.00      |3.00      |0         |13,340      |0        |0.00         |0.00                   |
2019-03-28 |FG001        |1,244.00   |1,243.00 |1,248.00 |1,241.00 |1,241.00 |1,244.00  |-3.00     |0.00      |752       |11,468      |-214     |1,871.65     |0.00                   |
2019-03-28 |FG002        |1,265.00   |1,219.00 |1,219.00 |1,219.00 |1,219.00 |1,219.00  |-46.00    |-46.00    |2         |2           |-2       |4.88         |0.00                   |
2019-03-28 |FG003        |1,250.00   |1,254.00 |1,254.00 |1,231.00 |1,231.00 |1,243.00  |-19.00    |-7.00     |16        |0           |0        |39.76        |0.00                   |
2019-03-28 |FG904        |1,289.00   |0.00     |0.00     |0.00     |0.00     |1,292.00  |3.00      |3.00      |0         |0           |0        |0.00         |0.00                   |
2019-03-28 |FG905        |1,291.00   |1,291.00 |1,298.00 |1,289.00 |1,292.00 |1,294.00  |1.00      |3.00      |95,344    |186,050     |-18,006  |246,698.25   |0.00                   |
2019-03-28 |FG906        |1,277.00   |0.00     |0.00     |0.00     |0.00     |1,277.00  |0.00      |0.00      |0         |4           |0        |0.00         |0.00                   |
2019-03-28 |FG907        |1,287.00   |0.00     |0.00     |0.00     |0.00     |1,287.00  |0.00      |0.00      |0         |4           |0        |0.00         |0.00                   |
2019-03-28 |FG908        |1,300.00   |0.00     |0.00     |0.00     |0.00     |1,300.00  |0.00      |0.00      |0         |8           |0        |0.00         |0.00                   |
2019-03-28 |FG909        |1,280.00   |1,277.00 |1,285.00 |1,275.00 |1,278.00 |1,281.00  |-2.00     |1.00      |17,862    |77,146      |432      |45,755.08    |0.00                   |
2019-03-28 |FG910        |1,279.00   |1,282.00 |1,282.00 |1,282.00 |1,282.00 |1,282.00  |3.00      |3.00      |2         |4           |-2       |5.13         |0.00                   |
2019-03-28 |FG911        |1,275.00   |0.00     |0.00     |0.00     |0.00     |1,275.00  |0.00      |0.00      |0         |4,270       |0        |0.00         |0.00                   |
2019-03-28 |FG912        |1,280.00   |1,285.00 |1,285.00 |1,285.00 |1,285.00 |1,285.00  |5.00      |5.00      |2         |13,338      |-2       |5.14         |0.00                   |
2019-03-29 |FG001        |1,244.00   |1,238.00 |1,256.00 |1,238.00 |1,253.00 |1,250.00  |9.00      |6.00      |1,636     |10,838      |-630     |4,090.55     |0.00                   |
2019-03-29 |FG002        |1,219.00   |0.00     |0.00     |0.00     |0.00     |1,225.00  |6.00      |6.00      |0         |2           |0        |0.00         |0.00                   |
2019-03-29 |FG003        |1,243.00   |0.00     |0.00     |0.00     |0.00     |1,243.00  |0.00      |0.00      |0         |0           |0        |0.00         |0.00                   |
2019-03-29 |FG904        |1,292.00   |0.00     |0.00     |0.00     |0.00     |1,291.00  |-1.00     |-1.00     |0         |0           |0        |0.00         |0.00                   |
2019-03-29 |FG905        |1,294.00   |1,290.00 |1,300.00 |1,286.00 |1,297.00 |1,293.00  |3.00      |-1.00     |122,784   |202,300     |16,250   |317,476.75   |0.00                   |
2019-03-29 |FG906        |1,277.00   |1,274.00 |1,299.00 |1,274.00 |1,290.00 |1,288.00  |13.00     |11.00     |6         |2           |-2       |15.45        |0.00                   |
2019-03-29 |FG907        |1,287.00   |0.00     |0.00     |0.00     |0.00     |1,287.00  |0.00      |0.00      |0         |4           |0        |0.00         |0.00                   |
2019-03-29 |FG908        |1,300.00   |0.00     |0.00     |0.00     |0.00     |1,304.00  |4.00      |4.00      |0         |8           |0        |0.00         |0.00                   |
2019-03-29 |FG909        |1,281.00   |1,276.00 |1,293.00 |1,273.00 |1,291.00 |1,284.00  |10.00     |3.00      |31,058    |77,320      |174      |79,772.12    |0.00                   |
2019-03-29 |FG910        |1,282.00   |0.00     |0.00     |0.00     |0.00     |1,284.00  |2.00      |2.00      |0         |4           |0        |0.00         |0.00                   |
2019-03-29 |FG911        |1,275.00   |0.00     |0.00     |0.00     |0.00     |1,275.00  |0.00      |0.00      |0         |4,270       |0        |0.00         |0.00                   |
2019-03-29 |FG912        |1,285.00   |1,277.00 |1,303.00 |1,277.00 |1,283.00 |1,277.00  |-2.00     |-8.00     |2,058     |11,358      |-1,980   |5,257.62     |0.00                   |
2019-04-01 |FG001        |1,250.00   |1,262.00 |1,262.00 |1,249.00 |1,259.00 |1,257.00  |9.00      |7.00      |2,568     |11,064      |226      |6,453.38     |0.00                   |
2019-04-01 |FG002        |1,225.00   |0.00     |0.00     |0.00     |0.00     |1,232.00  |7.00      |7.00      |0         |2           |0        |0.00         |0.00                   |
2019-04-01 |FG003        |1,243.00   |0.00     |0.00     |0.00     |0.00     |1,243.00  |0.00      |0.00      |0         |0           |0        |0.00         |0.00                   |
2019-04-01 |FG904        |1,291.00   |0.00     |0.00     |0.00     |0.00     |1,291.00  |0.00      |0.00      |0         |0           |0        |0.00         |1,266.00               |
2019-04-01 |FG905        |1,293.00   |1,300.00 |1,304.00 |1,288.00 |1,294.00 |1,293.00  |1.00      |0.00      |130,100   |191,244     |-11,056  |336,383.92   |0.00                   |
2019-04-01 |FG906        |1,288.00   |0.00     |0.00     |0.00     |0.00     |1,288.00  |0.00      |0.00      |0         |2           |0        |0.00         |0.00                   |
2019-04-01 |FG907        |1,287.00   |0.00     |0.00     |0.00     |0.00     |1,287.00  |0.00      |0.00      |0         |4           |0        |0.00         |0.00                   |
2019-04-01 |FG908        |1,304.00   |0.00     |0.00     |0.00     |0.00     |1,314.00  |10.00     |10.00     |0         |8           |0        |0.00         |0.00                   |
2019-04-01 |FG909        |1,284.00   |1,293.00 |1,300.00 |1,285.00 |1,296.00 |1,292.00  |12.00     |8.00      |38,070    |79,692      |2,372    |98,377.08    |0.00                   |
2019-04-01 |FG910        |1,284.00   |0.00     |0.00     |0.00     |0.00     |1,289.00  |5.00      |5.00      |0         |4           |0        |0.00         |0.00                   |
2019-04-01 |FG911        |1,275.00   |0.00     |0.00     |0.00     |0.00     |1,275.00  |0.00      |0.00      |0         |4,270       |0        |0.00         |0.00                   |
2019-04-01 |FG912        |1,277.00   |1,302.00 |1,302.00 |1,285.00 |1,293.00 |1,293.00  |16.00     |16.00     |2,986     |9,876       |-1,482   |7,721.56     |0.00                   |
2019-04-02 |FG001        |1,257.00   |1,259.00 |1,261.00 |1,254.00 |1,254.00 |1,257.00  |-3.00     |0.00      |1,056     |10,854      |-210     |2,654.05     |0.00                   |
2019-04-02 |FG002        |1,232.00   |1,237.00 |1,256.00 |1,237.00 |1,256.00 |1,247.00  |24.00     |15.00     |4         |4           |2        |9.97         |0.00                   |
2019-04-02 |FG003        |1,243.00   |0.00     |0.00     |0.00     |0.00     |1,243.00  |0.00      |0.00      |0         |0           |0        |0.00         |0.00                   |
2019-04-02 |FG904        |1,291.00   |0.00     |0.00     |0.00     |0.00     |1,292.00  |1.00      |1.00      |0         |0           |0        |0.00         |1,269.00               |
2019-04-02 |FG905        |1,293.00   |1,294.00 |1,297.00 |1,290.00 |1,292.00 |1,294.00  |-1.00     |1.00      |67,064    |188,350     |-2,894   |173,496.69   |0.00                   |
2019-04-02 |FG906        |1,288.00   |1,260.00 |1,260.00 |1,260.00 |1,260.00 |1,260.00  |-28.00    |-28.00    |2         |2           |0        |5.04         |0.00                   |
2019-04-02 |FG907        |1,287.00   |0.00     |0.00     |0.00     |0.00     |1,287.00  |0.00      |0.00      |0         |4           |0        |0.00         |0.00                   |
2019-04-02 |FG908        |1,314.00   |0.00     |0.00     |0.00     |0.00     |1,314.00  |0.00      |0.00      |0         |8           |0        |0.00         |0.00                   |
2019-04-02 |FG909        |1,292.00   |1,294.00 |1,299.00 |1,289.00 |1,291.00 |1,293.00  |-1.00     |1.00      |19,058    |81,740      |2,048    |49,269.72    |0.00                   |
2019-04-02 |FG910        |1,289.00   |0.00     |0.00     |0.00     |0.00     |1,289.00  |0.00      |0.00      |0         |4           |0        |0.00         |0.00                   |
2019-04-02 |FG911        |1,275.00   |0.00     |0.00     |0.00     |0.00     |1,275.00  |0.00      |0.00      |0         |4,270       |0        |0.00         |0.00                   |
2019-04-02 |FG912        |1,293.00   |0.00     |0.00     |0.00     |0.00     |1,293.00  |0.00      |0.00      |0         |9,876       |0        |0.00         |0.00                   |
2019-04-03 |FG001        |1,257.00   |1,252.00 |1,261.00 |1,252.00 |1,261.00 |1,258.00  |4.00      |1.00      |1,658     |10,752      |-102     |4,171.75     |0.00                   |
2019-04-03 |FG002        |1,247.00   |0.00     |0.00     |0.00     |0.00     |1,247.00  |0.00      |0.00      |0         |4           |0        |0.00         |0.00                   |
2019-04-03 |FG003        |1,243.00   |0.00     |0.00     |0.00     |0.00     |1,243.00  |0.00      |0.00      |0         |0           |0        |0.00         |0.00                   |
2019-04-03 |FG904        |1,292.00   |0.00     |0.00     |0.00     |0.00     |1,282.00  |-10.00    |-10.00    |0         |0           |0        |0.00         |1,273.00               |
2019-04-03 |FG905        |1,294.00   |1,290.00 |1,293.00 |1,277.00 |1,281.00 |1,284.00  |-13.00    |-10.00    |155,698   |168,870     |-19,480  |399,718.75   |0.00                   |
2019-04-03 |FG906        |1,260.00   |0.00     |0.00     |0.00     |0.00     |1,250.00  |-10.00    |-10.00    |0         |2           |0        |0.00         |0.00                   |
2019-04-03 |FG907        |1,287.00   |0.00     |0.00     |0.00     |0.00     |1,287.00  |0.00      |0.00      |0         |4           |0        |0.00         |0.00                   |
2019-04-03 |FG908        |1,314.00   |0.00     |0.00     |0.00     |0.00     |1,321.00  |7.00      |7.00      |0         |8           |0        |0.00         |0.00                   |
2019-04-03 |FG909        |1,293.00   |1,291.00 |1,299.00 |1,286.00 |1,296.00 |1,294.00  |3.00      |1.00      |39,452    |91,024      |9,284    |102,133.12   |0.00                   |
2019-04-03 |FG910        |1,289.00   |0.00     |0.00     |0.00     |0.00     |1,289.00  |0.00      |0.00      |0         |4           |0        |0.00         |0.00                   |
2019-04-03 |FG911        |1,275.00   |0.00     |0.00     |0.00     |0.00     |1,276.00  |1.00      |1.00      |0         |4,270       |0        |0.00         |0.00                   |
2019-04-03 |FG912        |1,293.00   |1,289.00 |1,289.00 |1,289.00 |1,289.00 |1,289.00  |-4.00     |-4.00     |4         |9,876       |0        |10.31        |0.00                   |
2019-04-04 |FG001        |1,258.00   |1,261.00 |1,271.00 |1,261.00 |1,269.00 |1,266.00  |11.00     |8.00      |2,610     |9,770       |-982     |6,606.50     |0.00                   |
2019-04-04 |FG002        |1,247.00   |0.00     |0.00     |0.00     |0.00     |1,248.00  |1.00      |1.00      |0         |4           |0        |0.00         |0.00                   |
2019-04-04 |FG003        |1,243.00   |0.00     |0.00     |0.00     |0.00     |1,243.00  |0.00      |0.00      |0         |0           |0        |0.00         |0.00                   |
2019-04-04 |FG904        |1,282.00   |0.00     |0.00     |0.00     |0.00     |1,292.00  |10.00     |10.00     |0         |0           |0        |0.00         |1,278.00               |
2019-04-04 |FG905        |1,284.00   |1,284.00 |1,300.00 |1,283.00 |1,292.00 |1,294.00  |8.00      |10.00     |120,486   |147,148     |-21,722  |311,742.32   |0.00                   |
2019-04-04 |FG906        |1,250.00   |0.00     |0.00     |0.00     |0.00     |1,260.00  |10.00     |10.00     |0         |2           |0        |0.00         |0.00                   |
2019-04-04 |FG907        |1,287.00   |0.00     |0.00     |0.00     |0.00     |1,295.00  |8.00      |8.00      |0         |4           |0        |0.00         |0.00                   |
2019-04-04 |FG908        |1,321.00   |1,324.00 |1,324.00 |1,324.00 |1,324.00 |1,324.00  |3.00      |3.00      |2         |8           |0        |5.30         |0.00                   |
2019-04-04 |FG909        |1,294.00   |1,296.00 |1,308.00 |1,295.00 |1,307.00 |1,303.00  |13.00     |9.00      |38,048    |94,308      |3,284    |99,153.24    |0.00                   |
2019-04-04 |FG910        |1,289.00   |0.00     |0.00     |0.00     |0.00     |1,289.00  |0.00      |0.00      |0         |4           |0        |0.00         |0.00                   |
2019-04-04 |FG911        |1,276.00   |0.00     |0.00     |0.00     |0.00     |1,291.00  |15.00     |15.00     |0         |4,270       |0        |0.00         |0.00                   |
2019-04-04 |FG912        |1,289.00   |0.00     |0.00     |0.00     |0.00     |1,291.00  |2.00      |2.00      |0         |9,876       |0        |0.00         |0.00                   |
2019-04-08 |FG001        |1,266.00   |1,263.00 |1,284.00 |1,263.00 |1,280.00 |1,277.00  |14.00     |11.00     |1,894     |9,250       |-520     |4,837.82     |0.00                   |
2019-04-08 |FG002        |1,248.00   |0.00     |0.00     |0.00     |0.00     |1,260.00  |12.00     |12.00     |0         |4           |0        |0.00         |0.00                   |
2019-04-08 |FG003        |1,243.00   |1,243.00 |1,243.00 |1,243.00 |1,243.00 |1,243.00  |0.00      |0.00      |1,000     |1,000       |1,000    |2,486.00     |0.00                   |
2019-04-08 |FG904        |1,292.00   |0.00     |0.00     |0.00     |0.00     |1,292.00  |0.00      |0.00      |0         |0           |0        |0.00         |1,284.00               |
2019-04-08 |FG905        |1,294.00   |1,289.00 |1,298.00 |1,285.00 |1,295.00 |1,294.00  |1.00      |0.00      |73,736    |153,262     |6,114    |190,797.20   |0.00                   |
2019-04-08 |FG906        |1,260.00   |0.00     |0.00     |0.00     |0.00     |1,260.00  |0.00      |0.00      |0         |2           |0        |0.00         |0.00                   |
2019-04-08 |FG907        |1,295.00   |0.00     |0.00     |0.00     |0.00     |1,304.00  |9.00      |9.00      |0         |4           |0        |0.00         |0.00                   |
2019-04-08 |FG908        |1,324.00   |0.00     |0.00     |0.00     |0.00     |1,327.00  |3.00      |3.00      |0         |8           |0        |0.00         |0.00                   |
2019-04-08 |FG909        |1,303.00   |1,309.00 |1,321.00 |1,301.00 |1,316.00 |1,314.00  |13.00     |11.00     |33,482    |99,082      |4,774    |87,975.00    |0.00                   |
2019-04-08 |FG910        |1,289.00   |1,292.00 |1,292.00 |1,292.00 |1,292.00 |1,292.00  |3.00      |3.00      |4         |0           |-4       |10.34        |0.00                   |
2019-04-08 |FG911        |1,291.00   |1,299.00 |1,301.00 |1,299.00 |1,301.00 |1,300.00  |10.00     |9.00      |2,000     |5,270       |1,000    |5,198.00     |0.00                   |
2019-04-08 |FG912        |1,291.00   |1,304.00 |1,310.00 |1,299.00 |1,299.00 |1,299.00  |8.00      |8.00      |2,040     |10,854      |978      |5,300.57     |0.00                   |
2019-04-09 |FG001        |1,277.00   |1,278.00 |1,291.00 |1,278.00 |1,282.00 |1,286.00  |5.00      |9.00      |2,498     |10,192      |942      |6,423.31     |0.00                   |
2019-04-09 |FG002        |1,260.00   |1,258.00 |1,258.00 |1,258.00 |1,258.00 |1,258.00  |-2.00     |-2.00     |2         |2           |-2       |5.03         |0.00                   |
2019-04-09 |FG003        |1,243.00   |0.00     |0.00     |0.00     |0.00     |1,243.00  |0.00      |0.00      |0         |1,000       |0        |0.00         |0.00                   |
2019-04-09 |FG904        |1,292.00   |0.00     |0.00     |0.00     |0.00     |1,285.00  |-7.00     |-7.00     |0         |0           |0        |0.00         |1,289.00               |
2019-04-09 |FG905        |1,294.00   |1,296.00 |1,298.00 |1,280.00 |1,282.00 |1,287.00  |-12.00    |-7.00     |109,838   |143,246     |-10,016  |282,675.57   |0.00                   |
2019-04-09 |FG906        |1,260.00   |0.00     |0.00     |0.00     |0.00     |1,253.00  |-7.00     |-7.00     |0         |2           |0        |0.00         |0.00                   |
2019-04-09 |FG907        |1,304.00   |0.00     |0.00     |0.00     |0.00     |1,305.00  |1.00      |1.00      |0         |4           |0        |0.00         |0.00                   |
2019-04-09 |FG908        |1,327.00   |0.00     |0.00     |0.00     |0.00     |1,328.00  |1.00      |1.00      |0         |8           |0        |0.00         |0.00                   |
2019-04-09 |FG909        |1,314.00   |1,315.00 |1,325.00 |1,310.00 |1,315.00 |1,317.00  |1.00      |3.00      |42,828    |107,478     |8,396    |112,774.90   |0.00                   |
2019-04-09 |FG910        |1,292.00   |1,323.00 |1,323.00 |1,313.00 |1,313.00 |1,322.00  |21.00     |30.00     |18        |12          |12       |47.58        |0.00                   |
2019-04-09 |FG911        |1,300.00   |1,305.00 |1,305.00 |1,300.00 |1,300.00 |1,305.00  |0.00      |5.00      |202       |5,072       |-198     |527.20       |0.00                   |
2019-04-09 |FG912        |1,299.00   |1,309.00 |1,323.00 |1,309.00 |1,310.00 |1,317.00  |11.00     |18.00     |52        |10,846      |-8       |136.95       |0.00                   |
2019-04-10 |FG001        |1,286.00   |1,281.00 |1,295.00 |1,281.00 |1,295.00 |1,287.00  |9.00      |1.00      |2,612     |11,058      |866      |6,724.55     |0.00                   |
2019-04-10 |FG002        |1,258.00   |0.00     |0.00     |0.00     |0.00     |1,274.00  |16.00     |16.00     |0         |2           |0        |0.00         |0.00                   |
2019-04-10 |FG003        |1,243.00   |0.00     |0.00     |0.00     |0.00     |1,259.00  |16.00     |16.00     |0         |1,000       |0        |0.00         |0.00                   |
2019-04-10 |FG904        |1,285.00   |0.00     |0.00     |0.00     |0.00     |1,288.00  |3.00      |3.00      |0         |0           |0        |0.00         |1,289.00               |
2019-04-10 |FG905        |1,287.00   |1,284.00 |1,299.00 |1,283.00 |1,297.00 |1,290.00  |10.00     |3.00      |79,900    |132,436     |-10,810  |206,115.88   |0.00                   |
2019-04-10 |FG906        |1,253.00   |0.00     |0.00     |0.00     |0.00     |1,256.00  |3.00      |3.00      |0         |2           |0        |0.00         |0.00                   |
2019-04-10 |FG907        |1,305.00   |0.00     |0.00     |0.00     |0.00     |1,319.00  |14.00     |14.00     |0         |4           |0        |0.00         |0.00                   |
2019-04-10 |FG908        |1,328.00   |0.00     |0.00     |0.00     |0.00     |1,340.00  |12.00     |12.00     |0         |8           |0        |0.00         |0.00                   |
2019-04-10 |FG909        |1,317.00   |1,315.00 |1,332.00 |1,312.00 |1,328.00 |1,320.00  |11.00     |3.00      |46,130    |122,632     |15,154   |121,812.20   |0.00                   |
2019-04-10 |FG910        |1,322.00   |0.00     |0.00     |0.00     |0.00     |1,322.00  |0.00      |0.00      |0         |12          |0        |0.00         |0.00                   |
2019-04-10 |FG911        |1,305.00   |1,324.00 |1,324.00 |1,310.00 |1,310.00 |1,310.00  |5.00      |5.00      |1,002     |5,572       |500      |2,625.30     |0.00                   |
2019-04-10 |FG912        |1,317.00   |1,314.00 |1,316.00 |1,310.00 |1,316.00 |1,311.00  |-1.00     |-6.00     |1,204     |11,144      |298      |3,156.13     |0.00                   |
2019-04-11 |FG001        |1,287.00   |1,293.00 |1,307.00 |1,289.00 |1,300.00 |1,297.00  |13.00     |10.00     |4,476     |10,758      |-300     |11,612.04    |0.00                   |
2019-04-11 |FG002        |1,274.00   |0.00     |0.00     |0.00     |0.00     |1,282.00  |8.00      |8.00      |0         |2           |0        |0.00         |0.00                   |
2019-04-11 |FG003        |1,259.00   |1,291.00 |1,291.00 |1,291.00 |1,291.00 |1,291.00  |32.00     |32.00     |2         |1,002       |2        |5.16         |0.00                   |
2019-04-11 |FG904        |1,288.00   |0.00     |0.00     |0.00     |0.00     |1,302.00  |14.00     |14.00     |0         |0           |0        |0.00         |1,291.00               |
2019-04-11 |FG905        |1,290.00   |1,301.00 |1,322.00 |1,290.00 |1,317.00 |1,304.00  |27.00     |14.00     |165,508   |124,440     |-7,996   |431,798.02   |0.00                   |
2019-04-11 |FG906        |1,256.00   |0.00     |0.00     |0.00     |0.00     |1,270.00  |14.00     |14.00     |0         |2           |0        |0.00         |0.00                   |
2019-04-11 |FG907        |1,319.00   |0.00     |0.00     |0.00     |0.00     |1,321.00  |2.00      |2.00      |0         |4           |0        |0.00         |0.00                   |
2019-04-11 |FG908        |1,340.00   |1,342.00 |1,346.00 |1,342.00 |1,346.00 |1,344.00  |6.00      |4.00      |4         |8           |0        |10.75        |0.00                   |
2019-04-11 |FG909        |1,320.00   |1,327.00 |1,345.00 |1,323.00 |1,337.00 |1,334.00  |17.00     |14.00     |95,694    |150,418     |27,786   |255,360.00   |0.00                   |
2019-04-11 |FG910        |1,322.00   |1,318.00 |1,340.00 |1,310.00 |1,317.00 |1,316.00  |-5.00     |-6.00     |44        |20          |8        |115.82       |0.00                   |
2019-04-11 |FG911        |1,310.00   |0.00     |0.00     |0.00     |0.00     |1,321.00  |11.00     |11.00     |0         |5,572       |0        |0.00         |0.00                   |
2019-04-11 |FG912        |1,311.00   |1,320.00 |1,322.00 |1,320.00 |1,322.00 |1,322.00  |11.00     |11.00     |10        |11,142      |-2       |26.43        |0.00                   |
2019-04-12 |FG001        |1,297.00   |1,307.00 |1,308.00 |1,293.00 |1,297.00 |1,302.00  |0.00      |5.00      |2,138     |10,848      |90       |5,567.47     |0.00                   |
2019-04-12 |FG002        |1,282.00   |0.00     |0.00     |0.00     |0.00     |1,282.00  |0.00      |0.00      |0         |2           |0        |0.00         |0.00                   |
2019-04-12 |FG003        |1,291.00   |0.00     |0.00     |0.00     |0.00     |1,291.00  |0.00      |0.00      |0         |1,002       |0        |0.00         |0.00                   |
2019-04-12 |FG904        |1,302.00   |0.00     |0.00     |0.00     |0.00     |1,308.00  |6.00      |6.00      |0         |0           |0        |0.00         |1,292.00               |
2019-04-12 |FG905        |1,304.00   |1,320.00 |1,332.00 |1,291.00 |1,293.00 |1,310.00  |-11.00    |6.00      |198,338   |106,610     |-17,830  |519,839.42   |0.00                   |
2019-04-12 |FG906        |1,270.00   |0.00     |0.00     |0.00     |0.00     |1,276.00  |6.00      |6.00      |0         |2           |0        |0.00         |0.00                   |
2019-04-12 |FG907        |1,321.00   |0.00     |0.00     |0.00     |0.00     |1,322.00  |1.00      |1.00      |0         |4           |0        |0.00         |0.00                   |
2019-04-12 |FG908        |1,344.00   |0.00     |0.00     |0.00     |0.00     |1,344.00  |0.00      |0.00      |0         |8           |0        |0.00         |0.00                   |
2019-04-12 |FG909        |1,334.00   |1,340.00 |1,347.00 |1,328.00 |1,332.00 |1,336.00  |-2.00     |2.00      |102,846   |154,270     |3,852    |274,716.30   |0.00                   |
2019-04-12 |FG910        |1,316.00   |1,320.00 |1,320.00 |1,305.00 |1,305.00 |1,310.00  |-11.00    |-6.00     |6         |20          |0        |15.72        |0.00                   |
2019-04-12 |FG911        |1,321.00   |0.00     |0.00     |0.00     |0.00     |1,321.00  |0.00      |0.00      |0         |5,572       |0        |0.00         |0.00                   |
2019-04-12 |FG912        |1,322.00   |0.00     |0.00     |0.00     |0.00     |1,322.00  |0.00      |0.00      |0         |11,142      |0        |0.00         |0.00                   |
2019-04-15 |FG001        |1,302.00   |1,299.00 |1,299.00 |1,293.00 |1,297.00 |1,296.00  |-5.00     |-6.00     |698       |10,942      |94       |1,808.98     |0.00                   |
2019-04-15 |FG002        |1,282.00   |1,293.00 |1,293.00 |1,293.00 |1,293.00 |1,293.00  |11.00     |11.00     |2         |2           |0        |5.17         |0.00                   |
2019-04-15 |FG003        |1,291.00   |1,300.00 |1,323.00 |1,293.00 |1,293.00 |1,300.00  |2.00      |9.00      |1,612     |2,606       |1,604    |4,191.30     |0.00                   |
2019-04-15 |FG904        |1,308.00   |0.00     |0.00     |0.00     |0.00     |1,284.00  |-24.00    |-24.00    |0         |0           |0        |0.00         |1,292.00               |
2019-04-15 |FG905        |1,310.00   |1,292.00 |1,295.00 |1,278.00 |1,285.00 |1,286.00  |-25.00    |-24.00    |88,446    |79,638      |-26,972  |227,495.32   |0.00                   |
2019-04-15 |FG906        |1,276.00   |0.00     |0.00     |0.00     |0.00     |1,253.00  |-23.00    |-23.00    |0         |2           |0        |0.00         |0.00                   |
2019-04-15 |FG907        |1,322.00   |0.00     |0.00     |0.00     |0.00     |1,322.00  |0.00      |0.00      |0         |4           |0        |0.00         |0.00                   |
2019-04-15 |FG908        |1,344.00   |0.00     |0.00     |0.00     |0.00     |1,344.00  |0.00      |0.00      |0         |8           |0        |0.00         |0.00                   |
2019-04-15 |FG909        |1,336.00   |1,336.00 |1,337.00 |1,328.00 |1,330.00 |1,331.00  |-6.00     |-5.00     |51,070    |155,740     |1,470    |135,981.90   |0.00                   |
2019-04-15 |FG910        |1,310.00   |1,310.00 |1,310.00 |1,310.00 |1,310.00 |1,310.00  |0.00      |0.00      |2         |18          |-2       |5.24         |0.00                   |
2019-04-15 |FG911        |1,321.00   |0.00     |0.00     |0.00     |0.00     |1,321.00  |0.00      |0.00      |0         |5,572       |0        |0.00         |0.00                   |
2019-04-15 |FG912        |1,322.00   |0.00     |0.00     |0.00     |0.00     |1,322.00  |0.00      |0.00      |0         |11,142      |0        |0.00         |0.00                   |
2019-04-16 |FG001        |1,296.00   |1,296.00 |1,307.00 |1,291.00 |1,303.00 |1,300.00  |7.00      |4.00      |1,590     |10,922      |-20      |4,134.87     |0.00                   |
2019-04-16 |FG002        |1,293.00   |0.00     |0.00     |0.00     |0.00     |1,293.00  |0.00      |0.00      |0         |2           |0        |0.00         |0.00                   |
2019-04-16 |FG003        |1,300.00   |0.00     |0.00     |0.00     |0.00     |1,300.00  |0.00      |0.00      |0         |2,606       |0        |0.00         |0.00                   |
2019-04-16 |FG004        |1,300.00   |0.00     |0.00     |0.00     |0.00     |1,300.00  |0.00      |0.00      |0         |0           |0        |0.00         |0.00                   |
2019-04-16 |FG905        |1,286.00   |1,285.00 |1,290.00 |1,283.00 |1,286.00 |1,286.00  |0.00      |0.00      |42,922    |64,316      |-15,322  |110,426.92   |0.00                   |
2019-04-16 |FG906        |1,253.00   |1,302.00 |1,302.00 |1,302.00 |1,302.00 |1,302.00  |49.00     |49.00     |2         |2           |0        |5.21         |0.00                   |
2019-04-16 |FG907        |1,322.00   |1,321.00 |1,330.00 |1,321.00 |1,330.00 |1,326.00  |8.00      |4.00      |4         |6           |2        |10.60        |0.00                   |
2019-04-16 |FG908        |1,344.00   |1,328.00 |1,328.00 |1,328.00 |1,328.00 |1,328.00  |-16.00    |-16.00    |2         |8           |0        |5.31         |0.00                   |
2019-04-16 |FG909        |1,331.00   |1,333.00 |1,344.00 |1,326.00 |1,341.00 |1,335.00  |10.00     |4.00      |63,454    |161,102     |5,362    |169,465.72   |0.00                   |
2019-04-16 |FG910        |1,310.00   |1,294.00 |1,320.00 |1,294.00 |1,300.00 |1,305.00  |-10.00    |-5.00     |6         |20          |2        |15.66        |0.00                   |
2019-04-16 |FG911        |1,321.00   |0.00     |0.00     |0.00     |0.00     |1,329.00  |8.00      |8.00      |0         |5,572       |0        |0.00         |0.00                   |
2019-04-16 |FG912        |1,322.00   |1,325.00 |1,334.00 |1,316.00 |1,334.00 |1,320.00  |12.00     |-2.00     |156       |11,292      |150      |411.84       |0.00                   |
2019-04-17 |FG001        |1,300.00   |1,303.00 |1,305.00 |1,299.00 |1,301.00 |1,303.00  |1.00      |3.00      |3,362     |13,202      |2,280    |8,760.44     |0.00                   |
2019-04-17 |FG002        |1,293.00   |0.00     |0.00     |0.00     |0.00     |1,293.00  |0.00      |0.00      |0         |2           |0        |0.00         |0.00                   |
2019-04-17 |FG003        |1,300.00   |0.00     |0.00     |0.00     |0.00     |1,300.00  |0.00      |0.00      |0         |2,606       |0        |0.00         |0.00                   |
2019-04-17 |FG004        |1,300.00   |0.00     |0.00     |0.00     |0.00     |1,300.00  |0.00      |0.00      |0         |0           |0        |0.00         |0.00                   |
2019-04-17 |FG905        |1,286.00   |1,286.00 |1,295.00 |1,284.00 |1,294.00 |1,289.00  |8.00      |3.00      |29,372    |46,832      |-17,484  |75,713.42    |0.00                   |
2019-04-17 |FG906        |1,302.00   |0.00     |0.00     |0.00     |0.00     |1,302.00  |0.00      |0.00      |0         |2           |0        |0.00         |0.00                   |
2019-04-17 |FG907        |1,326.00   |0.00     |0.00     |0.00     |0.00     |1,326.00  |0.00      |0.00      |0         |6           |0        |0.00         |0.00                   |
2019-04-17 |FG908        |1,328.00   |1,333.00 |1,337.00 |1,333.00 |1,337.00 |1,334.00  |9.00      |6.00      |12        |16          |8        |32.02        |0.00                   |
2019-04-17 |FG909        |1,335.00   |1,338.00 |1,341.00 |1,334.00 |1,335.00 |1,337.00  |0.00      |2.00      |70,342    |180,852     |19,750   |188,107.98   |0.00                   |
2019-04-17 |FG910        |1,305.00   |1,299.00 |1,314.00 |1,299.00 |1,314.00 |1,307.00  |9.00      |2.00      |4         |20          |0        |10.45        |0.00                   |
2019-04-17 |FG911        |1,329.00   |0.00     |0.00     |0.00     |0.00     |1,329.00  |0.00      |0.00      |0         |5,572       |0        |0.00         |0.00                   |
2019-04-17 |FG912        |1,320.00   |0.00     |0.00     |0.00     |0.00     |1,320.00  |0.00      |0.00      |0         |11,292      |0        |0.00         |0.00                   |
2019-04-18 |FG001        |1,303.00   |1,300.00 |1,301.00 |1,287.00 |1,288.00 |1,293.00  |-15.00    |-10.00    |1,910     |13,686      |484      |4,939.65     |0.00                   |
2019-04-18 |FG002        |1,293.00   |0.00     |0.00     |0.00     |0.00     |1,291.00  |-2.00     |-2.00     |0         |2           |0        |0.00         |0.00                   |
2019-04-18 |FG003        |1,300.00   |0.00     |0.00     |0.00     |0.00     |1,300.00  |0.00      |0.00      |0         |2,606       |0        |0.00         |0.00                   |
2019-04-18 |FG004        |1,300.00   |0.00     |0.00     |0.00     |0.00     |1,300.00  |0.00      |0.00      |0         |0           |0        |0.00         |0.00                   |
2019-04-18 |FG905        |1,289.00   |1,295.00 |1,295.00 |1,284.00 |1,286.00 |1,288.00  |-3.00     |-1.00     |13,360    |39,462      |-7,370   |34,405.66    |0.00                   |
2019-04-18 |FG906        |1,302.00   |0.00     |0.00     |0.00     |0.00     |1,302.00  |0.00      |0.00      |0         |2           |0        |0.00         |0.00                   |
2019-04-18 |FG907        |1,326.00   |0.00     |0.00     |0.00     |0.00     |1,326.00  |0.00      |0.00      |0         |6           |0        |0.00         |0.00                   |
2019-04-18 |FG908        |1,334.00   |1,327.00 |1,328.00 |1,327.00 |1,328.00 |1,328.00  |-6.00     |-6.00     |4         |12          |-4       |10.62        |0.00                   |
2019-04-18 |FG909        |1,337.00   |1,336.00 |1,337.00 |1,320.00 |1,320.00 |1,326.00  |-17.00    |-11.00    |101,938   |177,952     |-2,900   |270,411.72   |0.00                   |
2019-04-18 |FG910        |1,307.00   |1,305.00 |1,312.00 |1,305.00 |1,312.00 |1,309.00  |5.00      |2.00      |8         |12          |-8       |20.94        |0.00                   |
2019-04-18 |FG911        |1,329.00   |1,309.00 |1,312.00 |1,309.00 |1,312.00 |1,311.00  |-17.00    |-18.00    |2,000     |6,572       |1,000    |5,242.00     |0.00                   |
2019-04-18 |FG912        |1,320.00   |1,320.00 |1,323.00 |1,309.00 |1,323.00 |1,310.00  |3.00      |-10.00    |2,006     |12,298      |1,006    |5,254.85     |0.00                   |
2019-04-19 |FG001        |1,293.00   |1,289.00 |1,308.00 |1,282.00 |1,307.00 |1,297.00  |14.00     |4.00      |2,538     |13,340      |-346     |6,583.56     |0.00                   |
2019-04-19 |FG002        |1,291.00   |0.00     |0.00     |0.00     |0.00     |1,291.00  |0.00      |0.00      |0         |2           |0        |0.00         |0.00                   |
2019-04-19 |FG003        |1,300.00   |1,300.00 |1,300.00 |1,300.00 |1,300.00 |1,300.00  |0.00      |0.00      |1,000     |3,606       |1,000    |2,600.00     |0.00                   |
2019-04-19 |FG004        |1,300.00   |0.00     |0.00     |0.00     |0.00     |1,300.00  |0.00      |0.00      |0         |0           |0        |0.00         |0.00                   |
2019-04-19 |FG905        |1,288.00   |1,287.00 |1,318.00 |1,284.00 |1,316.00 |1,301.00  |28.00     |13.00     |29,060    |26,810      |-12,652  |75,593.51    |0.00                   |
2019-04-19 |FG906        |1,302.00   |0.00     |0.00     |0.00     |0.00     |1,315.00  |13.00     |13.00     |0         |2           |0        |0.00         |0.00                   |
2019-04-19 |FG907        |1,326.00   |0.00     |0.00     |0.00     |0.00     |1,326.00  |0.00      |0.00      |0         |6           |0        |0.00         |0.00                   |
2019-04-19 |FG908        |1,328.00   |1,311.00 |1,339.00 |1,311.00 |1,338.00 |1,322.00  |10.00     |-6.00     |20        |14          |2        |52.88        |0.00                   |
2019-04-19 |FG909        |1,326.00   |1,322.00 |1,343.00 |1,315.00 |1,342.00 |1,329.00  |16.00     |3.00      |111,066   |193,054     |15,102   |295,189.74   |0.00                   |
2019-04-19 |FG910        |1,309.00   |0.00     |0.00     |0.00     |0.00     |1,309.00  |0.00      |0.00      |0         |12          |0        |0.00         |0.00                   |
2019-04-19 |FG911        |1,311.00   |0.00     |0.00     |0.00     |0.00     |1,331.00  |20.00     |20.00     |0         |6,572       |0        |0.00         |0.00                   |
2019-04-19 |FG912        |1,310.00   |1,307.00 |1,325.00 |1,307.00 |1,325.00 |1,321.00  |15.00     |11.00     |10        |12,294      |-4       |26.43        |0.00                   |
2019-04-22 |FG001        |1,297.00   |1,304.00 |1,324.00 |1,304.00 |1,315.00 |1,316.00  |18.00     |19.00     |4,300     |14,476      |1,136    |11,320.43    |0.00                   |
2019-04-22 |FG002        |1,291.00   |0.00     |0.00     |0.00     |0.00     |1,291.00  |0.00      |0.00      |0         |2           |0        |0.00         |0.00                   |
2019-04-22 |FG003        |1,300.00   |1,343.00 |1,343.00 |1,297.00 |1,297.00 |1,339.00  |-3.00     |39.00     |1,006     |4,602       |996      |2,693.75     |0.00                   |
2019-04-22 |FG004        |1,300.00   |0.00     |0.00     |0.00     |0.00     |1,300.00  |0.00      |0.00      |0         |0           |0        |0.00         |0.00                   |
2019-04-22 |FG905        |1,301.00   |1,315.00 |1,325.00 |1,313.00 |1,322.00 |1,319.00  |21.00     |18.00     |17,236    |18,728      |-8,082   |45,473.63    |0.00                   |
2019-04-22 |FG906        |1,315.00   |0.00     |0.00     |0.00     |0.00     |1,315.00  |0.00      |0.00      |0         |2           |0        |0.00         |0.00                   |
2019-04-22 |FG907        |1,326.00   |1,348.00 |1,348.00 |1,348.00 |1,348.00 |1,348.00  |22.00     |22.00     |2         |4           |-2       |5.39         |0.00                   |
2019-04-22 |FG908        |1,322.00   |1,341.00 |1,349.00 |1,341.00 |1,349.00 |1,345.00  |27.00     |23.00     |6         |20          |6        |16.14        |0.00                   |
2019-04-22 |FG909        |1,329.00   |1,340.00 |1,361.00 |1,337.00 |1,351.00 |1,351.00  |22.00     |22.00     |177,964   |207,254     |14,200   |480,802.14   |0.00                   |
2019-04-22 |FG910        |1,309.00   |0.00     |0.00     |0.00     |0.00     |1,313.00  |4.00      |4.00      |0         |12          |0        |0.00         |0.00                   |
2019-04-22 |FG911        |1,331.00   |1,342.00 |1,342.00 |1,342.00 |1,342.00 |1,342.00  |11.00     |11.00     |320       |6,892       |320      |858.88       |0.00                   |
2019-04-22 |FG912        |1,321.00   |1,339.00 |1,352.00 |1,333.00 |1,333.00 |1,339.00  |12.00     |18.00     |328       |12,612      |318      |878.42       |0.00                   |
2019-04-23 |FG001        |1,316.00   |1,317.00 |1,330.00 |1,314.00 |1,322.00 |1,323.00  |6.00      |7.00      |2,564     |13,566      |-910     |6,784.90     |0.00                   |
2019-04-23 |FG002        |1,291.00   |0.00     |0.00     |0.00     |0.00     |1,299.00  |8.00      |8.00      |0         |2           |0        |0.00         |0.00                   |
2019-04-23 |FG003        |1,339.00   |0.00     |0.00     |0.00     |0.00     |1,339.00  |0.00      |0.00      |0         |4,602       |0        |0.00         |0.00                   |
2019-04-23 |FG004        |1,300.00   |0.00     |0.00     |0.00     |0.00     |1,300.00  |0.00      |0.00      |0         |0           |0        |0.00         |0.00                   |
2019-04-23 |FG905        |1,319.00   |1,324.00 |1,332.00 |1,318.00 |1,330.00 |1,325.00  |11.00     |6.00      |11,040    |10,872      |-7,856   |29,264.10    |0.00                   |
2019-04-23 |FG906        |1,315.00   |1,366.00 |1,366.00 |1,366.00 |1,366.00 |1,366.00  |51.00     |51.00     |2         |4           |2        |5.46         |0.00                   |
2019-04-23 |FG907        |1,348.00   |0.00     |0.00     |0.00     |0.00     |1,348.00  |0.00      |0.00      |0         |4           |0        |0.00         |0.00                   |
2019-04-23 |FG908        |1,345.00   |0.00     |0.00     |0.00     |0.00     |1,351.00  |6.00      |6.00      |0         |20          |0        |0.00         |0.00                   |
2019-04-23 |FG909        |1,351.00   |1,353.00 |1,366.00 |1,349.00 |1,359.00 |1,358.00  |8.00      |7.00      |158,050   |221,218     |13,964   |429,386.20   |0.00                   |
2019-04-23 |FG910        |1,313.00   |0.00     |0.00     |0.00     |0.00     |1,322.00  |9.00      |9.00      |0         |12          |0        |0.00         |0.00                   |
2019-04-23 |FG911        |1,342.00   |0.00     |0.00     |0.00     |0.00     |1,351.00  |9.00      |9.00      |0         |6,892       |0        |0.00         |0.00                   |
2019-04-23 |FG912        |1,339.00   |1,353.00 |1,358.00 |1,353.00 |1,358.00 |1,355.00  |19.00     |16.00     |94        |12,656      |44       |254.71       |0.00                   |
2019-04-24 |FG001        |1,323.00   |1,321.00 |1,327.00 |1,315.00 |1,323.00 |1,321.00  |0.00      |-2.00     |4,566     |15,898      |2,332    |12,061.47    |0.00                   |
2019-04-24 |FG002        |1,299.00   |0.00     |0.00     |0.00     |0.00     |1,330.00  |31.00     |31.00     |0         |2           |0        |0.00         |0.00                   |
2019-04-24 |FG003        |1,339.00   |0.00     |0.00     |0.00     |0.00     |1,339.00  |0.00      |0.00      |0         |4,602       |0        |0.00         |0.00                   |
2019-04-24 |FG004        |1,300.00   |1,300.00 |1,300.00 |1,300.00 |1,300.00 |1,300.00  |0.00      |0.00      |2,000     |2,000       |2,000    |5,200.00     |0.00                   |
2019-04-24 |FG905        |1,325.00   |1,335.00 |1,335.00 |1,326.00 |1,329.00 |1,329.00  |4.00      |4.00      |3,674     |7,852       |-3,020   |9,765.88     |0.00                   |
2019-04-24 |FG906        |1,366.00   |1,390.00 |1,392.00 |1,346.00 |1,351.00 |1,375.00  |-15.00    |9.00      |116       |4           |0        |318.89       |0.00                   |
2019-04-24 |FG907        |1,348.00   |1,358.00 |1,358.00 |1,358.00 |1,358.00 |1,358.00  |10.00     |10.00     |2         |2           |-2       |5.43         |0.00                   |
2019-04-24 |FG908        |1,351.00   |0.00     |0.00     |0.00     |0.00     |1,351.00  |0.00      |0.00      |0         |20          |0        |0.00         |0.00                   |
2019-04-24 |FG909        |1,358.00   |1,357.00 |1,362.00 |1,351.00 |1,356.00 |1,356.00  |-2.00     |-2.00     |102,664   |212,852     |-8,366   |278,350.34   |0.00                   |
2019-04-24 |FG910        |1,322.00   |0.00     |0.00     |0.00     |0.00     |1,322.00  |0.00      |0.00      |0         |12          |0        |0.00         |0.00                   |
2019-04-24 |FG911        |1,351.00   |0.00     |0.00     |0.00     |0.00     |1,352.00  |1.00      |1.00      |0         |6,892       |0        |0.00         |0.00                   |
2019-04-24 |FG912        |1,355.00   |1,357.00 |1,374.00 |1,357.00 |1,372.00 |1,359.00  |17.00     |4.00      |304       |12,958      |302      |826.02       |0.00                   |
2019-04-25 |FG001        |1,321.00   |1,321.00 |1,328.00 |1,319.00 |1,322.00 |1,322.00  |1.00      |1.00      |2,978     |16,122      |224      |7,876.32     |0.00                   |
2019-04-25 |FG002        |1,330.00   |0.00     |0.00     |0.00     |0.00     |1,330.00  |0.00      |0.00      |0         |2           |0        |0.00         |0.00                   |
2019-04-25 |FG003        |1,339.00   |1,339.00 |1,339.00 |1,339.00 |1,339.00 |1,339.00  |0.00      |0.00      |2,000     |6,602       |2,000    |5,356.00     |0.00                   |
2019-04-25 |FG004        |1,300.00   |0.00     |0.00     |0.00     |0.00     |1,300.00  |0.00      |0.00      |0         |2,000       |0        |0.00         |0.00                   |
2019-04-25 |FG905        |1,329.00   |1,326.00 |1,332.00 |1,321.00 |1,329.00 |1,328.00  |0.00      |-1.00     |2,130     |6,368       |-1,484   |5,658.62     |0.00                   |
2019-04-25 |FG906        |1,375.00   |0.00     |0.00     |0.00     |0.00     |1,375.00  |0.00      |0.00      |0         |4           |0        |0.00         |0.00                   |
2019-04-25 |FG907        |1,358.00   |0.00     |0.00     |0.00     |0.00     |1,358.00  |0.00      |0.00      |0         |2           |0        |0.00         |0.00                   |
2019-04-25 |FG908        |1,351.00   |0.00     |0.00     |0.00     |0.00     |1,351.00  |0.00      |0.00      |0         |20          |0        |0.00         |0.00                   |
2019-04-25 |FG909        |1,356.00   |1,358.00 |1,363.00 |1,352.00 |1,356.00 |1,356.00  |0.00      |0.00      |93,034    |214,536     |1,684    |252,337.72   |0.00                   |
2019-04-25 |FG910        |1,322.00   |0.00     |0.00     |0.00     |0.00     |1,322.00  |0.00      |0.00      |0         |12          |0        |0.00         |0.00                   |
2019-04-25 |FG911        |1,352.00   |0.00     |0.00     |0.00     |0.00     |1,352.00  |0.00      |0.00      |0         |6,892       |0        |0.00         |0.00                   |
2019-04-25 |FG912        |1,359.00   |0.00     |0.00     |0.00     |0.00     |1,359.00  |0.00      |0.00      |0         |12,958      |0        |0.00         |0.00                   |
2019-04-26 |FG001        |1,322.00   |1,321.00 |1,334.00 |1,311.00 |1,326.00 |1,321.00  |4.00      |-1.00     |4,786     |16,488      |366      |12,649.12    |0.00                   |
2019-04-26 |FG002        |1,330.00   |0.00     |0.00     |0.00     |0.00     |1,330.00  |0.00      |0.00      |0         |2           |0        |0.00         |0.00                   |
2019-04-26 |FG003        |1,339.00   |1,339.00 |1,351.00 |1,339.00 |1,351.00 |1,339.00  |12.00     |0.00      |302       |6,904       |302      |808.80       |0.00                   |
2019-04-26 |FG004        |1,300.00   |0.00     |0.00     |0.00     |0.00     |1,300.00  |0.00      |0.00      |0         |2,000       |0        |0.00         |0.00                   |
2019-04-26 |FG905        |1,328.00   |1,331.00 |1,333.00 |1,326.00 |1,332.00 |1,330.00  |4.00      |2.00      |2,788     |4,738       |-1,630   |7,413.85     |0.00                   |
2019-04-26 |FG906        |1,375.00   |0.00     |0.00     |0.00     |0.00     |1,375.00  |0.00      |0.00      |0         |4           |0        |0.00         |0.00                   |
2019-04-26 |FG907        |1,358.00   |0.00     |0.00     |0.00     |0.00     |1,358.00  |0.00      |0.00      |0         |2           |0        |0.00         |0.00                   |
2019-04-26 |FG908        |1,351.00   |1,348.00 |1,348.00 |1,348.00 |1,348.00 |1,348.00  |-3.00     |-3.00     |2         |18          |-2       |5.39         |0.00                   |
2019-04-26 |FG909        |1,356.00   |1,354.00 |1,369.00 |1,344.00 |1,360.00 |1,355.00  |4.00      |-1.00     |162,058   |218,136     |3,600    |439,049.55   |0.00                   |
2019-04-26 |FG910        |1,322.00   |0.00     |0.00     |0.00     |0.00     |1,325.00  |3.00      |3.00      |0         |12          |0        |0.00         |0.00                   |
2019-04-26 |FG911        |1,352.00   |0.00     |0.00     |0.00     |0.00     |1,355.00  |3.00      |3.00      |0         |6,892       |0        |0.00         |0.00                   |
2019-04-26 |FG912        |1,359.00   |1,371.00 |1,371.00 |1,355.00 |1,363.00 |1,364.00  |4.00      |5.00      |14        |12,962      |4        |38.20        |0.00                   |
2019-04-29 |FG001        |1,321.00   |1,326.00 |1,329.00 |1,316.00 |1,318.00 |1,323.00  |-3.00     |2.00      |6,372     |18,486      |1,998    |16,854.36    |0.00                   |
2019-04-29 |FG002        |1,330.00   |0.00     |0.00     |0.00     |0.00     |1,330.00  |0.00      |0.00      |0         |2           |0        |0.00         |0.00                   |
2019-04-29 |FG003        |1,339.00   |0.00     |0.00     |0.00     |0.00     |1,339.00  |0.00      |0.00      |0         |6,904       |0        |0.00         |0.00                   |
2019-04-29 |FG004        |1,300.00   |0.00     |0.00     |0.00     |0.00     |1,302.00  |2.00      |2.00      |0         |2,000       |0        |0.00         |0.00                   |
2019-04-29 |FG905        |1,330.00   |1,328.00 |1,345.00 |1,321.00 |1,327.00 |1,326.00  |-3.00     |-4.00     |1,784     |3,404       |-1,334   |4,732.39     |0.00                   |
2019-04-29 |FG906        |1,375.00   |0.00     |0.00     |0.00     |0.00     |1,375.00  |0.00      |0.00      |0         |4           |0        |0.00         |0.00                   |
2019-04-29 |FG907        |1,358.00   |0.00     |0.00     |0.00     |0.00     |1,358.00  |0.00      |0.00      |0         |2           |0        |0.00         |0.00                   |
2019-04-29 |FG908        |1,348.00   |0.00     |0.00     |0.00     |0.00     |1,348.00  |0.00      |0.00      |0         |18          |0        |0.00         |0.00                   |
2019-04-29 |FG909        |1,355.00   |1,360.00 |1,364.00 |1,350.00 |1,352.00 |1,356.00  |-3.00     |1.00      |95,500    |203,198     |-14,938  |258,955.00   |0.00                   |
2019-04-29 |FG910        |1,325.00   |1,341.00 |1,341.00 |1,341.00 |1,341.00 |1,341.00  |16.00     |16.00     |2         |12          |0        |5.36         |0.00                   |
2019-04-29 |FG911        |1,355.00   |1,362.00 |1,362.00 |1,362.00 |1,362.00 |1,362.00  |7.00      |7.00      |100       |6,992       |100      |272.40       |0.00                   |
2019-04-29 |FG912        |1,364.00   |1,337.00 |1,378.00 |1,337.00 |1,364.00 |1,361.00  |0.00      |-3.00     |120       |13,056      |94       |326.73       |0.00                   |
2019-04-30 |FG001        |1,323.00   |1,319.00 |1,326.00 |1,313.00 |1,321.00 |1,321.00  |-2.00     |-2.00     |3,096     |18,332      |-154     |8,178.68     |0.00                   |
2019-04-30 |FG002        |1,330.00   |1,349.00 |1,349.00 |1,349.00 |1,349.00 |1,349.00  |19.00     |19.00     |2         |2           |0        |5.40         |0.00                   |
2019-04-30 |FG003        |1,339.00   |1,339.00 |1,339.00 |1,339.00 |1,339.00 |1,339.00  |0.00      |0.00      |800       |7,704       |800      |2,142.40     |0.00                   |
2019-04-30 |FG004        |1,302.00   |0.00     |0.00     |0.00     |0.00     |1,302.00  |0.00      |0.00      |0         |2,000       |0        |0.00         |0.00                   |
2019-04-30 |FG905        |1,326.00   |1,334.00 |1,374.00 |1,325.00 |1,330.00 |1,345.00  |4.00      |19.00     |3,516     |2,336       |-1,068   |9,455.46     |0.00                   |
2019-04-30 |FG906        |1,375.00   |0.00     |0.00     |0.00     |0.00     |1,375.00  |0.00      |0.00      |0         |4           |0        |0.00         |0.00                   |
2019-04-30 |FG907        |1,358.00   |0.00     |0.00     |0.00     |0.00     |1,358.00  |0.00      |0.00      |0         |2           |0        |0.00         |0.00                   |
2019-04-30 |FG908        |1,348.00   |0.00     |0.00     |0.00     |0.00     |1,348.00  |0.00      |0.00      |0         |18          |0        |0.00         |0.00                   |
2019-04-30 |FG909        |1,356.00   |1,354.00 |1,361.00 |1,348.00 |1,354.00 |1,355.00  |-2.00     |-1.00     |89,984    |193,732     |-9,466   |243,921.12   |0.00                   |
2019-04-30 |FG910        |1,341.00   |0.00     |0.00     |0.00     |0.00     |1,341.00  |0.00      |0.00      |0         |12          |0        |0.00         |0.00                   |
2019-04-30 |FG911        |1,362.00   |1,352.00 |1,354.00 |1,352.00 |1,354.00 |1,354.00  |-8.00     |-8.00     |102       |7,092       |100      |276.21       |0.00                   |
2019-04-30 |FG912        |1,361.00   |1,354.00 |1,377.00 |1,354.00 |1,364.00 |1,355.00  |3.00      |-6.00     |108       |13,156      |100      |292.68       |0.00                   |
2019-05-06 |FG001        |1,321.00   |1,316.00 |1,335.00 |1,303.00 |1,304.00 |1,312.00  |-17.00    |-9.00     |7,320     |21,764      |3,432    |19,209.80    |0.00                   |
2019-05-06 |FG002        |1,349.00   |0.00     |0.00     |0.00     |0.00     |1,334.00  |-15.00    |-15.00    |0         |2           |0        |0.00         |0.00                   |
2019-05-06 |FG003        |1,339.00   |1,311.00 |1,311.00 |1,311.00 |1,311.00 |1,311.00  |-28.00    |-28.00    |2         |7,704       |0        |5.24         |0.00                   |
2019-05-06 |FG004        |1,302.00   |0.00     |0.00     |0.00     |0.00     |1,302.00  |0.00      |0.00      |0         |2,000       |0        |0.00         |0.00                   |
2019-05-06 |FG905        |1,345.00   |1,355.00 |1,412.00 |1,344.00 |1,351.00 |1,361.00  |6.00      |16.00     |208       |2,184       |-152     |566.18       |1,325.00               |
2019-05-06 |FG906        |1,375.00   |0.00     |0.00     |0.00     |0.00     |1,375.00  |0.00      |0.00      |0         |4           |0        |0.00         |0.00                   |
2019-05-06 |FG907        |1,358.00   |0.00     |0.00     |0.00     |0.00     |1,358.00  |0.00      |0.00      |0         |2           |0        |0.00         |0.00                   |
2019-05-06 |FG908        |1,348.00   |1,343.00 |1,343.00 |1,337.00 |1,337.00 |1,340.00  |-11.00    |-8.00     |4         |14          |-4       |10.72        |0.00                   |
2019-05-06 |FG909        |1,355.00   |1,350.00 |1,370.00 |1,337.00 |1,340.00 |1,347.00  |-15.00    |-8.00     |149,902   |213,206     |19,474   |403,709.54   |0.00                   |
2019-05-06 |FG910        |1,341.00   |0.00     |0.00     |0.00     |0.00     |1,331.00  |-10.00    |-10.00    |0         |12          |0        |0.00         |0.00                   |
2019-05-06 |FG911        |1,354.00   |0.00     |0.00     |0.00     |0.00     |1,352.00  |-2.00     |-2.00     |0         |7,092       |0        |0.00         |0.00                   |
2019-05-06 |FG912        |1,355.00   |1,383.00 |1,383.00 |1,340.00 |1,348.00 |1,351.00  |-7.00     |-4.00     |30        |13,156      |0        |81.08        |0.00                   |
2019-05-07 |FG001        |1,312.00   |1,305.00 |1,308.00 |1,290.00 |1,291.00 |1,301.00  |-21.00    |-11.00    |11,578    |20,474      |-1,290   |30,126.51    |0.00                   |
2019-05-07 |FG002        |1,334.00   |0.00     |0.00     |0.00     |0.00     |1,323.00  |-11.00    |-11.00    |0         |2           |0        |0.00         |0.00                   |
2019-05-07 |FG003        |1,311.00   |0.00     |0.00     |0.00     |0.00     |1,311.00  |0.00      |0.00      |0         |7,704       |0        |0.00         |0.00                   |
2019-05-07 |FG004        |1,302.00   |0.00     |0.00     |0.00     |0.00     |1,302.00  |0.00      |0.00      |0         |2,000       |0        |0.00         |0.00                   |
2019-05-07 |FG905        |1,361.00   |1,347.00 |1,347.00 |1,333.00 |1,333.00 |1,346.00  |-28.00    |-15.00    |42        |2,142       |-42      |113.09       |1,331.00               |
2019-05-07 |FG906        |1,375.00   |0.00     |0.00     |0.00     |0.00     |1,375.00  |0.00      |0.00      |0         |4           |0        |0.00         |0.00                   |
2019-05-07 |FG907        |1,358.00   |1,308.00 |1,308.00 |1,308.00 |1,308.00 |1,308.00  |-50.00    |-50.00    |2         |2           |0        |5.23         |0.00                   |
2019-05-07 |FG908        |1,340.00   |1,336.00 |1,336.00 |1,333.00 |1,333.00 |1,335.00  |-7.00     |-5.00     |4         |12          |-2       |10.68        |0.00                   |
2019-05-07 |FG909        |1,347.00   |1,341.00 |1,344.00 |1,333.00 |1,334.00 |1,338.00  |-13.00    |-9.00     |168,960   |212,342     |-864     |452,117.93   |0.00                   |
2019-05-07 |FG910        |1,331.00   |0.00     |0.00     |0.00     |0.00     |1,318.00  |-13.00    |-13.00    |0         |12          |0        |0.00         |0.00                   |
2019-05-07 |FG911        |1,352.00   |0.00     |0.00     |0.00     |0.00     |1,335.00  |-17.00    |-17.00    |0         |7,092       |0        |0.00         |0.00                   |
2019-05-07 |FG912        |1,351.00   |1,332.00 |1,356.00 |1,332.00 |1,346.00 |1,347.00  |-5.00     |-4.00     |24        |13,154      |-2       |64.63        |0.00                   |
2019-05-08 |FG001        |1,301.00   |1,291.00 |1,299.00 |1,286.00 |1,293.00 |1,294.00  |-8.00     |-7.00     |4,956     |20,130      |-344     |12,823.51    |0.00                   |
2019-05-08 |FG002        |1,323.00   |0.00     |0.00     |0.00     |0.00     |1,323.00  |0.00      |0.00      |0         |2           |0        |0.00         |0.00                   |
2019-05-08 |FG003        |1,311.00   |0.00     |0.00     |0.00     |0.00     |1,311.00  |0.00      |0.00      |0         |7,704       |0        |0.00         |0.00                   |
2019-05-08 |FG004        |1,302.00   |0.00     |0.00     |0.00     |0.00     |1,302.00  |0.00      |0.00      |0         |2,000       |0        |0.00         |0.00                   |
2019-05-08 |FG905        |1,346.00   |1,351.00 |1,351.00 |1,349.00 |1,349.00 |1,350.00  |3.00      |4.00      |18        |2,124       |-18      |48.60        |1,336.00               |
2019-05-08 |FG906        |1,375.00   |0.00     |0.00     |0.00     |0.00     |1,375.00  |0.00      |0.00      |0         |4           |0        |0.00         |0.00                   |
2019-05-08 |FG907        |1,308.00   |0.00     |0.00     |0.00     |0.00     |1,308.00  |0.00      |0.00      |0         |2           |0        |0.00         |0.00                   |
2019-05-08 |FG908        |1,335.00   |1,350.00 |1,350.00 |1,350.00 |1,350.00 |1,350.00  |15.00     |15.00     |4         |14          |2        |10.80        |0.00                   |
2019-05-08 |FG909        |1,338.00   |1,334.00 |1,342.00 |1,330.00 |1,338.00 |1,337.00  |0.00      |-1.00     |102,724   |210,444     |-1,898   |274,754.60   |0.00                   |
2019-05-08 |FG910        |1,318.00   |0.00     |0.00     |0.00     |0.00     |1,318.00  |0.00      |0.00      |0         |12          |0        |0.00         |0.00                   |
2019-05-08 |FG911        |1,335.00   |0.00     |0.00     |0.00     |0.00     |1,335.00  |0.00      |0.00      |0         |7,092       |0        |0.00         |0.00                   |
2019-05-08 |FG912        |1,347.00   |1,341.00 |1,345.00 |1,341.00 |1,345.00 |1,343.00  |-2.00     |-4.00     |4         |13,152      |-2       |10.74        |0.00                   |
2019-05-09 |FG001        |1,294.00   |1,293.00 |1,312.00 |1,291.00 |1,309.00 |1,301.00  |15.00     |7.00      |7,218     |22,172      |2,042    |18,787.68    |0.00                   |
2019-05-09 |FG002        |1,323.00   |0.00     |0.00     |0.00     |0.00     |1,323.00  |0.00      |0.00      |0         |2           |0        |0.00         |0.00                   |
2019-05-09 |FG003        |1,311.00   |0.00     |0.00     |0.00     |0.00     |1,311.00  |0.00      |0.00      |0         |7,704       |0        |0.00         |0.00                   |
2019-05-09 |FG004        |1,302.00   |0.00     |0.00     |0.00     |0.00     |1,302.00  |0.00      |0.00      |0         |2,000       |0        |0.00         |0.00                   |
2019-05-09 |FG905        |1,350.00   |0.00     |0.00     |0.00     |0.00     |1,350.00  |0.00      |0.00      |0         |2,124       |0        |0.00         |1,339.00               |
2019-05-09 |FG906        |1,375.00   |0.00     |0.00     |0.00     |0.00     |1,375.00  |0.00      |0.00      |0         |4           |0        |0.00         |0.00                   |
2019-05-09 |FG907        |1,308.00   |0.00     |0.00     |0.00     |0.00     |1,319.00  |11.00     |11.00     |0         |2           |0        |0.00         |0.00                   |
2019-05-09 |FG908        |1,350.00   |0.00     |0.00     |0.00     |0.00     |1,354.00  |4.00      |4.00      |0         |14          |0        |0.00         |0.00                   |
2019-05-09 |FG909        |1,337.00   |1,337.00 |1,359.00 |1,335.00 |1,354.00 |1,348.00  |17.00     |11.00     |150,982   |216,830     |6,386    |407,112.26   |0.00                   |
2019-05-09 |FG910        |1,318.00   |0.00     |0.00     |0.00     |0.00     |1,320.00  |2.00      |2.00      |0         |12          |0        |0.00         |0.00                   |
2019-05-09 |FG911        |1,335.00   |1,335.00 |1,335.00 |1,335.00 |1,335.00 |1,335.00  |0.00      |0.00      |600       |6,492       |-600     |1,602.00     |0.00                   |
2019-05-09 |FG912        |1,343.00   |1,354.00 |1,371.00 |1,340.00 |1,371.00 |1,360.00  |28.00     |17.00     |10        |13,156      |4        |27.20        |0.00                   |
2019-05-10 |FG001        |1,301.00   |1,309.00 |1,312.00 |1,303.00 |1,310.00 |1,308.00  |9.00      |7.00      |4,024     |21,534      |-638     |10,523.78    |0.00                   |
2019-05-10 |FG002        |1,323.00   |1,328.00 |1,328.00 |1,328.00 |1,328.00 |1,328.00  |5.00      |5.00      |100       |102         |100      |265.60       |0.00                   |
2019-05-10 |FG003        |1,311.00   |1,340.00 |1,340.00 |1,340.00 |1,340.00 |1,340.00  |29.00     |29.00     |100       |7,804       |100      |268.00       |0.00                   |
2019-05-10 |FG004        |1,302.00   |0.00     |0.00     |0.00     |0.00     |1,303.00  |1.00      |1.00      |0         |2,000       |0        |0.00         |0.00                   |
2019-05-10 |FG905        |1,350.00   |0.00     |0.00     |0.00     |0.00     |1,350.00  |0.00      |0.00      |0         |2,124       |0        |0.00         |1,342.00               |
2019-05-10 |FG906        |1,375.00   |1,349.00 |1,349.00 |1,349.00 |1,349.00 |1,349.00  |-26.00    |-26.00    |4         |4           |0        |10.79        |0.00                   |
2019-05-10 |FG907        |1,319.00   |0.00     |0.00     |0.00     |0.00     |1,319.00  |0.00      |0.00      |0         |2           |0        |0.00         |0.00                   |
2019-05-10 |FG908        |1,354.00   |1,359.00 |1,375.00 |1,358.00 |1,358.00 |1,362.00  |4.00      |8.00      |12        |22          |8        |32.68        |0.00                   |
2019-05-10 |FG909        |1,348.00   |1,355.00 |1,361.00 |1,351.00 |1,360.00 |1,357.00  |12.00     |9.00      |105,962   |209,000     |-7,830   |287,484.83   |0.00                   |
2019-05-10 |FG910        |1,320.00   |0.00     |0.00     |0.00     |0.00     |1,325.00  |5.00      |5.00      |0         |12          |0        |0.00         |0.00                   |
2019-05-10 |FG911        |1,335.00   |1,324.00 |1,356.00 |1,324.00 |1,356.00 |1,340.00  |21.00     |5.00      |4         |6,492       |0        |10.72        |0.00                   |
2019-05-10 |FG912        |1,360.00   |1,332.00 |1,373.00 |1,332.00 |1,355.00 |1,334.00  |-5.00     |-26.00    |652       |12,578      |-578     |1,739.91     |0.00                   |
2019-05-13 |FG001        |1,308.00   |1,310.00 |1,320.00 |1,306.00 |1,319.00 |1,313.00  |11.00     |5.00      |6,192     |21,554      |20       |16,254.94    |0.00                   |
2019-05-13 |FG002        |1,328.00   |0.00     |0.00     |0.00     |0.00     |1,328.00  |0.00      |0.00      |0         |102         |0        |0.00         |0.00                   |
2019-05-13 |FG003        |1,340.00   |0.00     |0.00     |0.00     |0.00     |1,340.00  |0.00      |0.00      |0         |7,804       |0        |0.00         |0.00                   |
2019-05-13 |FG004        |1,303.00   |0.00     |0.00     |0.00     |0.00     |1,324.00  |21.00     |21.00     |0         |2,000       |0        |0.00         |0.00                   |
2019-05-13 |FG905        |1,350.00   |0.00     |0.00     |0.00     |0.00     |1,350.00  |0.00      |0.00      |0         |2,124       |0        |0.00         |1,344.00               |
2019-05-13 |FG906        |1,349.00   |0.00     |0.00     |0.00     |0.00     |1,349.00  |0.00      |0.00      |0         |4           |0        |0.00         |0.00                   |
2019-05-13 |FG907        |1,319.00   |1,365.00 |1,368.00 |1,329.00 |1,368.00 |1,350.00  |49.00     |31.00     |8         |2           |0        |21.59        |0.00                   |
2019-05-13 |FG908        |1,362.00   |1,373.00 |1,373.00 |1,373.00 |1,373.00 |1,373.00  |11.00     |11.00     |2         |20          |-2       |5.49         |0.00                   |
2019-05-13 |FG909        |1,357.00   |1,361.00 |1,374.00 |1,355.00 |1,372.00 |1,364.00  |15.00     |7.00      |173,008   |227,996     |18,996   |472,042.55   |0.00                   |
2019-05-13 |FG910        |1,325.00   |0.00     |0.00     |0.00     |0.00     |1,339.00  |14.00     |14.00     |0         |12          |0        |0.00         |0.00                   |
2019-05-13 |FG911        |1,340.00   |0.00     |0.00     |0.00     |0.00     |1,347.00  |7.00      |7.00      |0         |6,492       |0        |0.00         |0.00                   |
2019-05-13 |FG912        |1,334.00   |1,387.00 |1,387.00 |1,354.00 |1,357.00 |1,364.00  |23.00     |30.00     |62        |12,586      |8        |169.11       |0.00                   |
2019-05-14 |FG001        |1,313.00   |1,321.00 |1,322.00 |1,304.00 |1,306.00 |1,311.00  |-7.00     |-2.00     |5,426     |20,508      |-1,046   |14,227.78    |0.00                   |
2019-05-14 |FG002        |1,328.00   |0.00     |0.00     |0.00     |0.00     |1,328.00  |0.00      |0.00      |0         |102         |0        |0.00         |0.00                   |
2019-05-14 |FG003        |1,340.00   |0.00     |0.00     |0.00     |0.00     |1,335.00  |-5.00     |-5.00     |0         |7,804       |0        |0.00         |0.00                   |
2019-05-14 |FG004        |1,324.00   |0.00     |0.00     |0.00     |0.00     |1,324.00  |0.00      |0.00      |0         |2,000       |0        |0.00         |0.00                   |
2019-05-14 |FG905        |1,350.00   |0.00     |0.00     |0.00     |0.00     |1,350.00  |0.00      |0.00      |0         |2,124       |0        |0.00         |1,346.00               |
2019-05-14 |FG906        |1,349.00   |0.00     |0.00     |0.00     |0.00     |1,352.00  |3.00      |3.00      |0         |4           |0        |0.00         |0.00                   |
2019-05-14 |FG907        |1,350.00   |1,362.00 |1,362.00 |1,362.00 |1,362.00 |1,362.00  |12.00     |12.00     |2         |0           |-2       |5.45         |0.00                   |
2019-05-14 |FG908        |1,373.00   |1,374.00 |1,375.00 |1,374.00 |1,375.00 |1,375.00  |2.00      |2.00      |4         |16          |-4       |11.00        |0.00                   |
2019-05-14 |FG909        |1,364.00   |1,375.00 |1,375.00 |1,361.00 |1,362.00 |1,367.00  |-2.00     |3.00      |137,672   |225,880     |-2,116   |376,285.01   |0.00                   |
2019-05-14 |FG910        |1,339.00   |0.00     |0.00     |0.00     |0.00     |1,339.00  |0.00      |0.00      |0         |12          |0        |0.00         |0.00                   |
2019-05-14 |FG911        |1,347.00   |0.00     |0.00     |0.00     |0.00     |1,347.00  |0.00      |0.00      |0         |6,492       |0        |0.00         |0.00                   |
2019-05-14 |FG912        |1,364.00   |1,396.00 |1,396.00 |1,357.00 |1,364.00 |1,365.00  |0.00      |1.00      |20        |12,590      |4        |54.60        |0.00                   |
2019-05-15 |FG001        |1,311.00   |1,308.00 |1,336.00 |1,304.00 |1,332.00 |1,321.00  |21.00     |10.00     |8,846     |20,510      |2        |23,379.71    |0.00                   |
2019-05-15 |FG002        |1,328.00   |1,318.00 |1,318.00 |1,318.00 |1,318.00 |1,318.00  |-10.00    |-10.00    |2         |102         |0        |5.27         |0.00                   |
2019-05-15 |FG003        |1,335.00   |1,331.00 |1,331.00 |1,331.00 |1,331.00 |1,331.00  |-4.00     |-4.00     |2         |7,802       |-2       |5.32         |0.00                   |
2019-05-15 |FG004        |1,324.00   |0.00     |0.00     |0.00     |0.00     |1,320.00  |-4.00     |-4.00     |0         |2,000       |0        |0.00         |0.00                   |
2019-05-15 |FG905        |1,350.00   |0.00     |0.00     |0.00     |0.00     |1,350.00  |0.00      |0.00      |0         |2,124       |0        |0.00         |1,348.00               |
2019-05-15 |FG906        |1,352.00   |0.00     |0.00     |0.00     |0.00     |1,363.00  |11.00     |11.00     |0         |4           |0        |0.00         |0.00                   |
2019-05-15 |FG907        |1,362.00   |0.00     |0.00     |0.00     |0.00     |1,362.00  |0.00      |0.00      |0         |0           |0        |0.00         |0.00                   |
2019-05-15 |FG908        |1,375.00   |1,386.00 |1,386.00 |1,386.00 |1,386.00 |1,386.00  |11.00     |11.00     |2         |18          |2        |5.54         |0.00                   |
2019-05-15 |FG909        |1,367.00   |1,365.00 |1,395.00 |1,361.00 |1,393.00 |1,378.00  |26.00     |11.00     |219,234   |267,806     |41,926   |604,391.76   |0.00                   |
2019-05-15 |FG910        |1,339.00   |1,351.00 |1,351.00 |1,351.00 |1,351.00 |1,351.00  |12.00     |12.00     |4         |12          |0        |10.81        |0.00                   |
2019-05-15 |FG911        |1,347.00   |1,358.00 |1,359.00 |1,356.00 |1,359.00 |1,358.00  |12.00     |11.00     |3,000     |4,992       |-1,500   |8,146.00     |0.00                   |
2019-05-15 |FG912        |1,365.00   |1,366.00 |1,378.00 |1,357.00 |1,367.00 |1,361.00  |2.00      |-4.00     |3,216     |10,878      |-1,712   |8,751.76     |0.00                   |
2019-05-16 |FG001        |1,321.00   |1,331.00 |1,346.00 |1,326.00 |1,342.00 |1,337.00  |21.00     |16.00     |9,348     |17,460      |-3,050   |24,999.50    |0.00                   |
2019-05-16 |FG002        |1,318.00   |1,345.00 |1,345.00 |1,345.00 |1,345.00 |1,345.00  |27.00     |27.00     |400       |502         |400      |1,076.00     |0.00                   |
2019-05-16 |FG003        |1,331.00   |1,336.00 |1,378.00 |1,336.00 |1,346.00 |1,351.00  |15.00     |20.00     |8         |7,802       |0        |21.61        |0.00                   |
2019-05-16 |FG004        |1,320.00   |1,347.00 |1,347.00 |1,347.00 |1,347.00 |1,347.00  |27.00     |27.00     |200       |2,200       |200      |538.80       |0.00                   |
2019-05-16 |FG905        |1,350.00   |0.00     |0.00     |0.00     |0.00     |1,370.00  |20.00     |20.00     |0         |2,124       |0        |0.00         |1,352.00               |
2019-05-16 |FG906        |1,363.00   |0.00     |0.00     |0.00     |0.00     |1,380.00  |17.00     |17.00     |0         |4           |0        |0.00         |0.00                   |
2019-05-16 |FG907        |1,362.00   |0.00     |0.00     |0.00     |0.00     |1,379.00  |17.00     |17.00     |0         |0           |0        |0.00         |0.00                   |
2019-05-16 |FG908        |1,386.00   |0.00     |0.00     |0.00     |0.00     |1,391.00  |5.00      |5.00      |0         |18          |0        |0.00         |0.00                   |
2019-05-16 |FG909        |1,378.00   |1,392.00 |1,404.00 |1,387.00 |1,395.00 |1,395.00  |17.00     |17.00     |183,168   |254,338     |-13,468  |511,010.35   |0.00                   |
2019-05-16 |FG910        |1,351.00   |1,378.00 |1,380.00 |1,378.00 |1,380.00 |1,379.00  |29.00     |28.00     |6         |14          |2        |16.55        |0.00                   |
2019-05-16 |FG911        |1,358.00   |0.00     |0.00     |0.00     |0.00     |1,367.00  |9.00      |9.00      |0         |4,992       |0        |0.00         |0.00                   |
2019-05-16 |FG912        |1,361.00   |1,372.00 |1,372.00 |1,372.00 |1,372.00 |1,372.00  |11.00     |11.00     |2         |10,878      |0        |5.49         |0.00                   |
2019-05-17 |FG001        |1,337.00   |1,342.00 |1,357.00 |1,340.00 |1,353.00 |1,349.00  |16.00     |12.00     |9,692     |18,544      |1,084    |26,151.44    |0.00                   |
2019-05-17 |FG002        |1,345.00   |0.00     |0.00     |0.00     |0.00     |1,355.00  |10.00     |10.00     |0         |502         |0        |0.00         |0.00                   |
2019-05-17 |FG003        |1,351.00   |0.00     |0.00     |0.00     |0.00     |1,351.00  |0.00      |0.00      |0         |7,802       |0        |0.00         |0.00                   |
2019-05-17 |FG004        |1,347.00   |1,347.00 |1,347.00 |1,347.00 |1,347.00 |1,347.00  |0.00      |0.00      |2,000     |200         |-2,000   |5,388.00     |0.00                   |
2019-05-17 |FG905        |1,370.00   |1,424.00 |1,424.00 |1,424.00 |1,424.00 |1,424.00  |54.00     |54.00     |324       |0           |-2,124   |922.75       |1,360.00               |
2019-05-17 |FG906        |1,380.00   |0.00     |0.00     |0.00     |0.00     |1,380.00  |0.00      |0.00      |0         |4           |0        |0.00         |0.00                   |
2019-05-17 |FG907        |1,379.00   |0.00     |0.00     |0.00     |0.00     |1,379.00  |0.00      |0.00      |0         |0           |0        |0.00         |0.00                   |
2019-05-17 |FG908        |1,391.00   |1,403.00 |1,404.00 |1,403.00 |1,404.00 |1,404.00  |13.00     |13.00     |4         |16          |-2       |11.23        |0.00                   |
2019-05-17 |FG909        |1,395.00   |1,396.00 |1,414.00 |1,392.00 |1,406.00 |1,402.00  |11.00     |7.00      |174,446   |277,074     |22,736   |489,172.48   |0.00                   |
2019-05-17 |FG910        |1,379.00   |1,370.00 |1,381.00 |1,370.00 |1,381.00 |1,376.00  |2.00      |-3.00     |4         |14          |0        |11.00        |0.00                   |
2019-05-17 |FG911        |1,367.00   |0.00     |0.00     |0.00     |0.00     |1,373.00  |6.00      |6.00      |0         |4,992       |0        |0.00         |0.00                   |
2019-05-17 |FG912        |1,372.00   |0.00     |0.00     |0.00     |0.00     |1,377.00  |5.00      |5.00      |0         |10,878      |0        |0.00         |0.00                   |
2019-05-20 |FG001        |1,349.00   |1,355.00 |1,355.00 |1,342.00 |1,351.00 |1,348.00  |2.00      |-1.00     |7,568     |19,816      |1,272    |20,410.79    |0.00                   |
2019-05-20 |FG002        |1,355.00   |0.00     |0.00     |0.00     |0.00     |1,355.00  |0.00      |0.00      |0         |502         |0        |0.00         |0.00                   |
2019-05-20 |FG003        |1,351.00   |1,351.00 |1,351.00 |1,351.00 |1,351.00 |1,351.00  |0.00      |0.00      |1,700     |6,102       |-1,700   |4,593.40     |0.00                   |
2019-05-20 |FG004        |1,347.00   |0.00     |0.00     |0.00     |0.00     |1,348.00  |1.00      |1.00      |0         |200         |0        |0.00         |0.00                   |
2019-05-20 |FG005        |1,347.00   |1,350.00 |1,354.00 |1,337.00 |1,341.00 |1,343.00  |-6.00     |-4.00     |1,396     |1,238       |1,238    |3,748.42     |0.00                   |
2019-05-20 |FG906        |1,380.00   |0.00     |0.00     |0.00     |0.00     |1,380.00  |0.00      |0.00      |0         |4           |0        |0.00         |0.00                   |
2019-05-20 |FG907        |1,379.00   |0.00     |0.00     |0.00     |0.00     |1,379.00  |0.00      |0.00      |0         |0           |0        |0.00         |0.00                   |
2019-05-20 |FG908        |1,404.00   |0.00     |0.00     |0.00     |0.00     |1,404.00  |0.00      |0.00      |0         |16          |0        |0.00         |0.00                   |
2019-05-20 |FG909        |1,402.00   |1,405.00 |1,408.00 |1,395.00 |1,400.00 |1,401.00  |-2.00     |-1.00     |153,334   |256,946     |-20,128  |429,624.67   |0.00                   |
2019-05-20 |FG910        |1,376.00   |1,389.00 |1,389.00 |1,369.00 |1,371.00 |1,380.00  |-5.00     |4.00      |12        |12          |-2       |33.11        |0.00                   |
2019-05-20 |FG911        |1,373.00   |0.00     |0.00     |0.00     |0.00     |1,373.00  |0.00      |0.00      |0         |4,992       |0        |0.00         |0.00                   |
2019-05-20 |FG912        |1,377.00   |1,346.00 |1,346.00 |1,346.00 |1,346.00 |1,346.00  |-31.00    |-31.00    |400       |10,478      |-400     |1,076.80     |0.00                   |
2019-05-21 |FG001        |1,348.00   |1,349.00 |1,370.00 |1,346.00 |1,357.00 |1,358.00  |9.00      |10.00     |7,580     |20,810      |994      |20,583.62    |0.00                   |
2019-05-21 |FG002        |1,355.00   |0.00     |0.00     |0.00     |0.00     |1,355.00  |0.00      |0.00      |0         |502         |0        |0.00         |0.00                   |
2019-05-21 |FG003        |1,351.00   |0.00     |0.00     |0.00     |0.00     |1,358.00  |7.00      |7.00      |0         |6,102       |0        |0.00         |0.00                   |
2019-05-21 |FG004        |1,348.00   |0.00     |0.00     |0.00     |0.00     |1,356.00  |8.00      |8.00      |0         |200         |0        |0.00         |0.00                   |
2019-05-21 |FG005        |1,343.00   |1,337.00 |1,351.00 |1,336.00 |1,346.00 |1,344.00  |3.00      |1.00      |160       |1,210       |-28      |430.23       |0.00                   |
2019-05-21 |FG906        |1,380.00   |0.00     |0.00     |0.00     |0.00     |1,380.00  |0.00      |0.00      |0         |4           |0        |0.00         |0.00                   |
2019-05-21 |FG907        |1,379.00   |0.00     |0.00     |0.00     |0.00     |1,384.00  |5.00      |5.00      |0         |0           |0        |0.00         |0.00                   |
2019-05-21 |FG908        |1,404.00   |0.00     |0.00     |0.00     |0.00     |1,404.00  |0.00      |0.00      |0         |16          |0        |0.00         |0.00                   |
2019-05-21 |FG909        |1,401.00   |1,401.00 |1,417.00 |1,396.00 |1,407.00 |1,406.00  |6.00      |5.00      |148,166   |256,334     |-612     |416,552.92   |0.00                   |
2019-05-21 |FG910        |1,380.00   |1,383.00 |1,383.00 |1,383.00 |1,383.00 |1,383.00  |3.00      |3.00      |2         |10          |-2       |5.53         |0.00                   |
2019-05-21 |FG911        |1,373.00   |0.00     |0.00     |0.00     |0.00     |1,373.00  |0.00      |0.00      |0         |4,992       |0        |0.00         |0.00                   |
2019-05-21 |FG912        |1,346.00   |1,372.00 |1,398.00 |1,372.00 |1,398.00 |1,386.00  |52.00     |40.00     |38        |10,470      |-8       |105.31       |0.00                   |
2019-05-22 |FG001        |1,358.00   |1,358.00 |1,375.00 |1,350.00 |1,375.00 |1,362.00  |17.00     |4.00      |9,612     |20,890      |80       |26,183.97    |0.00                   |
2019-05-22 |FG002        |1,355.00   |1,355.00 |1,355.00 |1,355.00 |1,355.00 |1,355.00  |0.00      |0.00      |140       |642         |140      |379.40       |0.00                   |
2019-05-22 |FG003        |1,358.00   |0.00     |0.00     |0.00     |0.00     |1,360.00  |2.00      |2.00      |0         |6,102       |0        |0.00         |0.00                   |
2019-05-22 |FG004        |1,356.00   |0.00     |0.00     |0.00     |0.00     |1,366.00  |10.00     |10.00     |0         |200         |0        |0.00         |0.00                   |
2019-05-22 |FG005        |1,344.00   |1,347.00 |1,355.00 |1,340.00 |1,353.00 |1,350.00  |9.00      |6.00      |214       |1,100       |-110     |577.92       |0.00                   |
2019-05-22 |FG906        |1,380.00   |0.00     |0.00     |0.00     |0.00     |1,383.00  |3.00      |3.00      |0         |4           |0        |0.00         |0.00                   |
2019-05-22 |FG907        |1,384.00   |0.00     |0.00     |0.00     |0.00     |1,387.00  |3.00      |3.00      |0         |0           |0        |0.00         |0.00                   |
2019-05-22 |FG908        |1,404.00   |1,427.00 |1,431.00 |1,427.00 |1,431.00 |1,429.00  |27.00     |25.00     |4         |20          |4        |11.43        |0.00                   |
2019-05-22 |FG909        |1,406.00   |1,405.00 |1,427.00 |1,394.00 |1,421.00 |1,409.00  |15.00     |3.00      |259,866   |276,694     |20,360   |732,050.42   |0.00                   |
2019-05-22 |FG910        |1,383.00   |1,393.00 |1,393.00 |1,368.00 |1,368.00 |1,381.00  |-15.00    |-2.00     |4         |10          |0        |11.04        |0.00                   |
2019-05-22 |FG911        |1,373.00   |0.00     |0.00     |0.00     |0.00     |1,391.00  |18.00     |18.00     |0         |4,992       |0        |0.00         |0.00                   |
2019-05-22 |FG912        |1,386.00   |1,395.00 |1,396.00 |1,395.00 |1,396.00 |1,396.00  |10.00     |10.00     |16        |10,470      |0        |44.66        |0.00                   |
2019-05-23 |FG001        |1,362.00   |1,372.00 |1,375.00 |1,348.00 |1,349.00 |1,360.00  |-13.00    |-2.00     |9,968     |20,912      |22       |27,117.20    |0.00                   |
2019-05-23 |FG002        |1,355.00   |0.00     |0.00     |0.00     |0.00     |1,354.00  |-1.00     |-1.00     |0         |642         |0        |0.00         |0.00                   |
2019-05-23 |FG003        |1,360.00   |1,360.00 |1,360.00 |1,360.00 |1,360.00 |1,360.00  |0.00      |0.00      |2,602     |3,502       |-2,600   |7,077.44     |0.00                   |
2019-05-23 |FG004        |1,366.00   |0.00     |0.00     |0.00     |0.00     |1,359.00  |-7.00     |-7.00     |0         |200         |0        |0.00         |0.00                   |
2019-05-23 |FG005        |1,350.00   |1,354.00 |1,355.00 |1,338.00 |1,338.00 |1,343.00  |-12.00    |-7.00     |280       |1,270       |170      |752.34       |0.00                   |
2019-05-23 |FG906        |1,383.00   |0.00     |0.00     |0.00     |0.00     |1,383.00  |0.00      |0.00      |0         |4           |0        |0.00         |0.00                   |
2019-05-23 |FG907        |1,387.00   |0.00     |0.00     |0.00     |0.00     |1,387.00  |0.00      |0.00      |0         |0           |0        |0.00         |0.00                   |
2019-05-23 |FG908        |1,429.00   |0.00     |0.00     |0.00     |0.00     |1,420.00  |-9.00     |-9.00     |0         |20          |0        |0.00         |0.00                   |
2019-05-23 |FG909        |1,409.00   |1,420.00 |1,424.00 |1,395.00 |1,396.00 |1,407.00  |-13.00    |-2.00     |250,064   |258,098     |-18,596  |703,912.97   |0.00                   |
2019-05-23 |FG910        |1,381.00   |1,392.00 |1,416.00 |1,373.00 |1,395.00 |1,394.00  |14.00     |13.00     |132       |34          |24       |368.06       |0.00                   |
2019-05-23 |FG911        |1,391.00   |0.00     |0.00     |0.00     |0.00     |1,391.00  |0.00      |0.00      |0         |4,992       |0        |0.00         |0.00                   |
2019-05-23 |FG912        |1,396.00   |1,402.00 |1,402.00 |1,398.00 |1,398.00 |1,400.00  |2.00      |4.00      |30        |10,466      |-4       |83.98        |0.00                   |
2019-05-24 |FG001        |1,360.00   |1,348.00 |1,367.00 |1,343.00 |1,353.00 |1,349.00  |-7.00     |-11.00    |6,546     |20,624      |-288     |17,664.19    |0.00                   |
2019-05-24 |FG002        |1,354.00   |0.00     |0.00     |0.00     |0.00     |1,354.00  |0.00      |0.00      |0         |642         |0        |0.00         |0.00                   |
2019-05-24 |FG003        |1,360.00   |0.00     |0.00     |0.00     |0.00     |1,360.00  |0.00      |0.00      |0         |3,502       |0        |0.00         |0.00                   |
2019-05-24 |FG004        |1,359.00   |0.00     |0.00     |0.00     |0.00     |1,359.00  |0.00      |0.00      |0         |200         |0        |0.00         |0.00                   |
2019-05-24 |FG005        |1,343.00   |1,339.00 |1,362.00 |1,335.00 |1,340.00 |1,344.00  |-3.00     |1.00      |324       |1,520       |250      |871.07       |0.00                   |
2019-05-24 |FG906        |1,383.00   |0.00     |0.00     |0.00     |0.00     |1,383.00  |0.00      |0.00      |0         |4           |0        |0.00         |0.00                   |
2019-05-24 |FG907        |1,387.00   |0.00     |0.00     |0.00     |0.00     |1,387.00  |0.00      |0.00      |0         |0           |0        |0.00         |0.00                   |
2019-05-24 |FG908        |1,420.00   |1,423.00 |1,423.00 |1,423.00 |1,423.00 |1,423.00  |3.00      |3.00      |4         |20          |0        |11.38        |0.00                   |
2019-05-24 |FG909        |1,407.00   |1,396.00 |1,404.00 |1,387.00 |1,398.00 |1,395.00  |-9.00     |-12.00    |209,398   |252,624     |-5,474   |584,242.92   |0.00                   |
2019-05-24 |FG910        |1,394.00   |1,396.00 |1,396.00 |1,396.00 |1,396.00 |1,396.00  |2.00      |2.00      |2         |32          |-2       |5.58         |0.00                   |
2019-05-24 |FG911        |1,391.00   |0.00     |0.00     |0.00     |0.00     |1,391.00  |0.00      |0.00      |0         |4,992       |0        |0.00         |0.00                   |
2019-05-24 |FG912        |1,400.00   |1,396.00 |1,396.00 |1,386.00 |1,395.00 |1,391.00  |-5.00     |-9.00     |8         |10,468      |2        |22.25        |0.00                   |
2019-05-27 |FG001        |1,349.00   |1,354.00 |1,373.00 |1,353.00 |1,355.00 |1,364.00  |6.00      |15.00     |9,730     |21,546      |922      |26,537.92    |0.00                   |
2019-05-27 |FG002        |1,354.00   |0.00     |0.00     |0.00     |0.00     |1,354.00  |0.00      |0.00      |0         |642         |0        |0.00         |0.00                   |
2019-05-27 |FG003        |1,360.00   |1,371.00 |1,371.00 |1,371.00 |1,371.00 |1,371.00  |11.00     |11.00     |2         |3,502       |0        |5.48         |0.00                   |
2019-05-27 |FG004        |1,359.00   |0.00     |0.00     |0.00     |0.00     |1,359.00  |0.00      |0.00      |0         |200         |0        |0.00         |0.00                   |
2019-05-27 |FG005        |1,344.00   |1,345.00 |1,353.00 |1,342.00 |1,343.00 |1,348.00  |-1.00     |4.00      |868       |916         |-604     |2,339.87     |0.00                   |
2019-05-27 |FG906        |1,383.00   |0.00     |0.00     |0.00     |0.00     |1,391.00  |8.00      |8.00      |0         |4           |0        |0.00         |0.00                   |
2019-05-27 |FG907        |1,387.00   |0.00     |0.00     |0.00     |0.00     |1,387.00  |0.00      |0.00      |0         |0           |0        |0.00         |0.00                   |
2019-05-27 |FG908        |1,423.00   |0.00     |0.00     |0.00     |0.00     |1,423.00  |0.00      |0.00      |0         |20          |0        |0.00         |0.00                   |
2019-05-27 |FG909        |1,395.00   |1,396.00 |1,426.00 |1,396.00 |1,403.00 |1,412.00  |8.00      |17.00     |297,058   |269,098     |16,474   |838,893.68   |0.00                   |
2019-05-27 |FG910        |1,396.00   |0.00     |0.00     |0.00     |0.00     |1,399.00  |3.00      |3.00      |0         |32          |0        |0.00         |0.00                   |
2019-05-27 |FG911        |1,391.00   |1,402.00 |1,404.00 |1,402.00 |1,402.00 |1,403.00  |11.00     |12.00     |2,000     |3,992       |-1,000   |5,610.00     |0.00                   |
2019-05-27 |FG912        |1,391.00   |1,420.00 |1,420.00 |1,407.00 |1,409.00 |1,407.00  |18.00     |16.00     |2,008     |9,466       |-1,002   |5,650.63     |0.00                   |
2019-05-28 |FG001        |1,364.00   |1,356.00 |1,356.00 |1,335.00 |1,343.00 |1,342.00  |-21.00    |-22.00    |13,262    |22,876      |1,330    |35,605.78    |0.00                   |
2019-05-28 |FG002        |1,354.00   |1,349.00 |1,349.00 |1,344.00 |1,344.00 |1,347.00  |-10.00    |-7.00     |4         |644         |2        |10.77        |0.00                   |
2019-05-28 |FG003        |1,371.00   |0.00     |0.00     |0.00     |0.00     |1,353.00  |-18.00    |-18.00    |0         |3,502       |0        |0.00         |0.00                   |
2019-05-28 |FG004        |1,359.00   |0.00     |0.00     |0.00     |0.00     |1,351.00  |-8.00     |-8.00     |0         |200         |0        |0.00         |0.00                   |
2019-05-28 |FG005        |1,348.00   |1,338.00 |1,339.00 |1,323.00 |1,332.00 |1,330.00  |-16.00    |-18.00    |426       |1,196       |280      |1,132.94     |0.00                   |
2019-05-28 |FG906        |1,391.00   |0.00     |0.00     |0.00     |0.00     |1,391.00  |0.00      |0.00      |0         |4           |0        |0.00         |0.00                   |
2019-05-28 |FG907        |1,387.00   |0.00     |0.00     |0.00     |0.00     |1,365.00  |-22.00    |-22.00    |0         |0           |0        |0.00         |0.00                   |
2019-05-28 |FG908        |1,423.00   |0.00     |0.00     |0.00     |0.00     |1,418.00  |-5.00     |-5.00     |0         |20          |0        |0.00         |0.00                   |
2019-05-28 |FG909        |1,412.00   |1,403.00 |1,404.00 |1,382.00 |1,388.00 |1,390.00  |-24.00    |-22.00    |309,402   |264,934     |-4,164   |859,893.12   |0.00                   |
2019-05-28 |FG910        |1,399.00   |0.00     |0.00     |0.00     |0.00     |1,392.00  |-7.00     |-7.00     |0         |32          |0        |0.00         |0.00                   |
2019-05-28 |FG911        |1,403.00   |0.00     |0.00     |0.00     |0.00     |1,385.00  |-18.00    |-18.00    |0         |3,992       |0        |0.00         |0.00                   |
2019-05-28 |FG912        |1,407.00   |1,390.00 |1,395.00 |1,385.00 |1,395.00 |1,391.00  |-12.00    |-16.00    |40        |9,468       |2        |111.24       |0.00                   |
2019-05-29 |FG001        |1,342.00   |1,345.00 |1,348.00 |1,336.00 |1,339.00 |1,342.00  |-3.00     |0.00      |5,560     |22,944      |68       |14,921.13    |0.00                   |
2019-05-29 |FG002        |1,347.00   |1,357.00 |1,357.00 |1,357.00 |1,357.00 |1,357.00  |10.00     |10.00     |200       |844         |200      |542.80       |0.00                   |
2019-05-29 |FG003        |1,353.00   |1,362.00 |1,362.00 |1,362.00 |1,362.00 |1,362.00  |9.00      |9.00      |200       |3,702       |200      |544.80       |0.00                   |
2019-05-29 |FG004        |1,351.00   |0.00     |0.00     |0.00     |0.00     |1,347.00  |-4.00     |-4.00     |0         |200         |0        |0.00         |0.00                   |
2019-05-29 |FG005        |1,330.00   |1,330.00 |1,334.00 |1,325.00 |1,330.00 |1,329.00  |0.00      |-1.00     |212       |1,310       |114      |563.70       |0.00                   |
2019-05-29 |FG906        |1,391.00   |0.00     |0.00     |0.00     |0.00     |1,391.00  |0.00      |0.00      |0         |4           |0        |0.00         |0.00                   |
2019-05-29 |FG907        |1,365.00   |0.00     |0.00     |0.00     |0.00     |1,361.00  |-4.00     |-4.00     |0         |0           |0        |0.00         |0.00                   |
2019-05-29 |FG908        |1,418.00   |0.00     |0.00     |0.00     |0.00     |1,418.00  |0.00      |0.00      |0         |20          |0        |0.00         |0.00                   |
2019-05-29 |FG909        |1,390.00   |1,390.00 |1,392.00 |1,381.00 |1,384.00 |1,386.00  |-6.00     |-4.00     |159,716   |252,922     |-12,012  |442,828.71   |0.00                   |
2019-05-29 |FG910        |1,392.00   |0.00     |0.00     |0.00     |0.00     |1,392.00  |0.00      |0.00      |0         |32          |0        |0.00         |0.00                   |
2019-05-29 |FG911        |1,385.00   |0.00     |0.00     |0.00     |0.00     |1,381.00  |-4.00     |-4.00     |0         |3,992       |0        |0.00         |0.00                   |
2019-05-29 |FG912        |1,391.00   |1,388.00 |1,392.00 |1,388.00 |1,388.00 |1,392.00  |-3.00     |1.00      |268       |9,204       |-264     |746.06       |0.00                   |
2019-05-30 |FG001        |1,342.00   |1,338.00 |1,361.00 |1,334.00 |1,338.00 |1,348.00  |-4.00     |6.00      |10,152    |23,338      |394      |27,362.63    |0.00                   |
2019-05-30 |FG002        |1,357.00   |0.00     |0.00     |0.00     |0.00     |1,342.00  |-15.00    |-15.00    |0         |844         |0        |0.00         |0.00                   |
2019-05-30 |FG003        |1,362.00   |0.00     |0.00     |0.00     |0.00     |1,348.00  |-14.00    |-14.00    |0         |3,702       |0        |0.00         |0.00                   |
2019-05-30 |FG004        |1,347.00   |0.00     |0.00     |0.00     |0.00     |1,345.00  |-2.00     |-2.00     |0         |200         |0        |0.00         |0.00                   |
2019-05-30 |FG005        |1,329.00   |1,326.00 |1,348.00 |1,324.00 |1,326.00 |1,336.00  |-3.00     |7.00      |474       |1,376       |66       |1,266.25     |0.00                   |
2019-05-30 |FG906        |1,391.00   |1,372.00 |1,373.00 |1,372.00 |1,373.00 |1,373.00  |-18.00    |-18.00    |4         |4           |0        |10.98        |0.00                   |
2019-05-30 |FG907        |1,361.00   |0.00     |0.00     |0.00     |0.00     |1,343.00  |-18.00    |-18.00    |0         |0           |0        |0.00         |0.00                   |
2019-05-30 |FG908        |1,418.00   |0.00     |0.00     |0.00     |0.00     |1,418.00  |0.00      |0.00      |0         |20          |0        |0.00         |0.00                   |
2019-05-30 |FG909        |1,386.00   |1,381.00 |1,408.00 |1,376.00 |1,383.00 |1,393.00  |-3.00     |7.00      |339,300   |259,892     |6,970    |945,456.20   |0.00                   |
2019-05-30 |FG910        |1,392.00   |0.00     |0.00     |0.00     |0.00     |1,389.00  |-3.00     |-3.00     |0         |32          |0        |0.00         |0.00                   |
2019-05-30 |FG911        |1,381.00   |0.00     |0.00     |0.00     |0.00     |1,380.00  |-1.00     |-1.00     |0         |3,992       |0        |0.00         |0.00                   |
2019-05-30 |FG912        |1,392.00   |1,400.00 |1,405.00 |1,389.00 |1,389.00 |1,395.00  |-3.00     |3.00      |20        |9,202       |-2       |55.78        |0.00                   |
2019-05-31 |FG001        |1,348.00   |1,335.00 |1,340.00 |1,324.00 |1,326.00 |1,331.00  |-22.00    |-17.00    |12,432    |26,034      |2,696    |33,105.91    |0.00                   |
2019-05-31 |FG002        |1,342.00   |1,348.00 |1,348.00 |1,348.00 |1,348.00 |1,348.00  |6.00      |6.00      |400       |1,244       |400      |1,078.40     |0.00                   |
2019-05-31 |FG003        |1,348.00   |1,358.00 |1,358.00 |1,326.00 |1,326.00 |1,358.00  |-22.00    |10.00     |402       |4,102       |400      |1,091.70     |0.00                   |
2019-05-31 |FG004        |1,345.00   |0.00     |0.00     |0.00     |0.00     |1,334.00  |-11.00    |-11.00    |0         |200         |0        |0.00         |0.00                   |
2019-05-31 |FG005        |1,336.00   |1,326.00 |1,328.00 |1,318.00 |1,318.00 |1,323.00  |-18.00    |-13.00    |654       |1,854       |478      |1,729.89     |0.00                   |
2019-05-31 |FG906        |1,373.00   |1,399.00 |1,420.00 |1,399.00 |1,420.00 |1,404.00  |47.00     |31.00     |8         |0           |-4       |22.47        |0.00                   |
2019-05-31 |FG907        |1,343.00   |0.00     |0.00     |0.00     |0.00     |1,373.00  |30.00     |30.00     |0         |0           |0        |0.00         |0.00                   |
2019-05-31 |FG908        |1,418.00   |1,403.00 |1,410.00 |1,386.00 |1,386.00 |1,400.00  |-32.00    |-18.00    |6         |20          |0        |16.80        |0.00                   |
2019-05-31 |FG909        |1,393.00   |1,381.00 |1,387.00 |1,373.00 |1,377.00 |1,378.00  |-16.00    |-15.00    |219,138   |272,346     |12,454   |604,154.64   |0.00                   |
2019-05-31 |FG910        |1,389.00   |0.00     |0.00     |0.00     |0.00     |1,383.00  |-6.00     |-6.00     |0         |32          |0        |0.00         |0.00                   |
2019-05-31 |FG911        |1,380.00   |0.00     |0.00     |0.00     |0.00     |1,369.00  |-11.00    |-11.00    |0         |3,992       |0        |0.00         |0.00                   |
2019-05-31 |FG912        |1,395.00   |1,387.00 |1,395.00 |1,380.00 |1,395.00 |1,389.00  |0.00      |-6.00     |28        |9,202       |0        |77.79        |0.00                   |
2019-06-03 |FG001        |1,331.00   |1,326.00 |1,332.00 |1,313.00 |1,321.00 |1,323.00  |-10.00    |-8.00     |8,606     |26,716      |682      |22,775.43    |0.00                   |
2019-06-03 |FG002        |1,348.00   |0.00     |0.00     |0.00     |0.00     |1,330.00  |-18.00    |-18.00    |0         |1,244       |0        |0.00         |0.00                   |
2019-06-03 |FG003        |1,358.00   |0.00     |0.00     |0.00     |0.00     |1,350.00  |-8.00     |-8.00     |0         |4,102       |0        |0.00         |0.00                   |
2019-06-03 |FG004        |1,334.00   |0.00     |0.00     |0.00     |0.00     |1,334.00  |0.00      |0.00      |0         |200         |0        |0.00         |0.00                   |
2019-06-03 |FG005        |1,323.00   |1,319.00 |1,322.00 |1,310.00 |1,312.00 |1,318.00  |-11.00    |-5.00     |4,082     |5,186       |3,332    |10,761.25    |0.00                   |
2019-06-03 |FG906        |1,404.00   |0.00     |0.00     |0.00     |0.00     |1,402.00  |-2.00     |-2.00     |0         |0           |0        |0.00         |1,388.00               |
2019-06-03 |FG907        |1,373.00   |0.00     |0.00     |0.00     |0.00     |1,371.00  |-2.00     |-2.00     |0         |0           |0        |0.00         |0.00                   |
2019-06-03 |FG908        |1,400.00   |0.00     |0.00     |0.00     |0.00     |1,400.00  |0.00      |0.00      |0         |20          |0        |0.00         |0.00                   |
2019-06-03 |FG909        |1,378.00   |1,377.00 |1,386.00 |1,364.00 |1,377.00 |1,376.00  |-1.00     |-2.00     |246,588   |276,404     |4,058    |678,417.45   |0.00                   |
2019-06-03 |FG910        |1,383.00   |0.00     |0.00     |0.00     |0.00     |1,383.00  |0.00      |0.00      |0         |32          |0        |0.00         |0.00                   |
2019-06-03 |FG911        |1,369.00   |0.00     |0.00     |0.00     |0.00     |1,369.00  |0.00      |0.00      |0         |3,992       |0        |0.00         |0.00                   |
2019-06-03 |FG912        |1,389.00   |1,383.00 |1,393.00 |1,379.00 |1,382.00 |1,384.00  |-7.00     |-5.00     |28        |9,200       |-2       |77.50        |0.00                   |
2019-06-04 |FG001        |1,323.00   |1,324.00 |1,324.00 |1,302.00 |1,316.00 |1,311.00  |-7.00     |-12.00    |12,324    |31,028      |4,312    |32,315.64    |0.00                   |
2019-06-04 |FG002        |1,330.00   |0.00     |0.00     |0.00     |0.00     |1,324.00  |-6.00     |-6.00     |0         |1,244       |0        |0.00         |0.00                   |
2019-06-04 |FG003        |1,350.00   |1,332.00 |1,332.00 |1,332.00 |1,332.00 |1,332.00  |-18.00    |-18.00    |2         |4,104       |2        |5.33         |0.00                   |
2019-06-04 |FG004        |1,334.00   |0.00     |0.00     |0.00     |0.00     |1,332.00  |-2.00     |-2.00     |0         |200         |0        |0.00         |0.00                   |
2019-06-04 |FG005        |1,318.00   |1,313.00 |1,315.00 |1,300.00 |1,309.00 |1,305.00  |-9.00     |-13.00    |1,132     |5,816       |630      |2,953.96     |0.00                   |
2019-06-04 |FG906        |1,402.00   |0.00     |0.00     |0.00     |0.00     |1,392.00  |-10.00    |-10.00    |0         |0           |0        |0.00         |1,389.00               |
2019-06-04 |FG907        |1,371.00   |0.00     |0.00     |0.00     |0.00     |1,371.00  |0.00      |0.00      |0         |0           |0        |0.00         |0.00                   |
2019-06-04 |FG908        |1,400.00   |1,374.00 |1,374.00 |1,374.00 |1,374.00 |1,374.00  |-26.00    |-26.00    |2         |20          |0        |5.50         |0.00                   |
2019-06-04 |FG909        |1,376.00   |1,377.00 |1,378.00 |1,358.00 |1,369.00 |1,366.00  |-7.00     |-10.00    |242,662   |289,034     |12,630   |662,979.02   |0.00                   |
2019-06-04 |FG910        |1,383.00   |0.00     |0.00     |0.00     |0.00     |1,374.00  |-9.00     |-9.00     |0         |32          |0        |0.00         |0.00                   |
2019-06-04 |FG911        |1,369.00   |0.00     |0.00     |0.00     |0.00     |1,366.00  |-3.00     |-3.00     |0         |3,992       |0        |0.00         |0.00                   |
2019-06-04 |FG912        |1,384.00   |1,380.00 |1,380.00 |1,365.00 |1,375.00 |1,370.00  |-9.00     |-14.00    |38        |9,214       |14       |104.15       |0.00                   |
2019-06-05 |FG001        |1,311.00   |1,316.00 |1,328.00 |1,315.00 |1,316.00 |1,320.00  |5.00      |9.00      |7,336     |31,464      |436      |19,367.48    |0.00                   |
2019-06-05 |FG002        |1,324.00   |0.00     |0.00     |0.00     |0.00     |1,324.00  |0.00      |0.00      |0         |1,244       |0        |0.00         |0.00                   |
2019-06-05 |FG003        |1,332.00   |1,332.00 |1,333.00 |1,316.00 |1,316.00 |1,332.00  |-16.00    |0.00      |1,012     |3,112       |-992     |2,695.65     |0.00                   |
2019-06-05 |FG004        |1,332.00   |0.00     |0.00     |0.00     |0.00     |1,332.00  |0.00      |0.00      |0         |200         |0        |0.00         |0.00                   |
2019-06-05 |FG005        |1,305.00   |1,313.00 |1,319.00 |1,309.00 |1,310.00 |1,314.00  |5.00      |9.00      |274       |5,750       |-66      |720.04       |0.00                   |
2019-06-05 |FG906        |1,392.00   |0.00     |0.00     |0.00     |0.00     |1,400.00  |8.00      |8.00      |0         |0           |0        |0.00         |1,391.00               |
2019-06-05 |FG907        |1,371.00   |0.00     |0.00     |0.00     |0.00     |1,379.00  |8.00      |8.00      |0         |0           |0        |0.00         |0.00                   |
2019-06-05 |FG908        |1,374.00   |1,375.00 |1,404.00 |1,375.00 |1,404.00 |1,383.00  |30.00     |9.00      |52        |20          |0        |143.84       |0.00                   |
2019-06-05 |FG909        |1,366.00   |1,370.00 |1,382.00 |1,369.00 |1,374.00 |1,374.00  |8.00      |8.00      |151,440   |282,882     |-6,152   |416,260.12   |0.00                   |
2019-06-05 |FG910        |1,374.00   |1,393.00 |1,393.00 |1,359.00 |1,382.00 |1,374.00  |8.00      |0.00      |12        |30          |-2       |32.97        |0.00                   |
2019-06-05 |FG911        |1,366.00   |0.00     |0.00     |0.00     |0.00     |1,366.00  |0.00      |0.00      |0         |3,992       |0        |0.00         |0.00                   |
2019-06-05 |FG912        |1,370.00   |0.00     |0.00     |0.00     |0.00     |1,375.00  |5.00      |5.00      |0         |9,214       |0        |0.00         |0.00                   |
2019-06-06 |FG001        |1,320.00   |1,316.00 |1,345.00 |1,311.00 |1,344.00 |1,326.00  |24.00     |6.00      |16,466    |30,510      |-954     |43,677.34    |0.00                   |
2019-06-06 |FG002        |1,324.00   |0.00     |0.00     |0.00     |0.00     |1,333.00  |9.00      |9.00      |0         |1,244       |0        |0.00         |0.00                   |
2019-06-06 |FG003        |1,332.00   |1,321.00 |1,332.00 |1,321.00 |1,332.00 |1,327.00  |0.00      |-5.00     |4         |3,110       |-2       |10.61        |0.00                   |
2019-06-06 |FG004        |1,332.00   |0.00     |0.00     |0.00     |0.00     |1,332.00  |0.00      |0.00      |0         |200         |0        |0.00         |0.00                   |
2019-06-06 |FG005        |1,314.00   |1,308.00 |1,324.00 |1,303.00 |1,323.00 |1,316.00  |9.00      |2.00      |1,140     |5,150       |-600     |2,999.48     |0.00                   |
2019-06-06 |FG906        |1,400.00   |0.00     |0.00     |0.00     |0.00     |1,407.00  |7.00      |7.00      |0         |0           |0        |0.00         |1,393.00               |
2019-06-06 |FG907        |1,379.00   |0.00     |0.00     |0.00     |0.00     |1,379.00  |0.00      |0.00      |0         |0           |0        |0.00         |0.00                   |
2019-06-06 |FG908        |1,383.00   |0.00     |0.00     |0.00     |0.00     |1,400.00  |17.00     |17.00     |0         |20          |0        |0.00         |0.00                   |
2019-06-06 |FG909        |1,374.00   |1,374.00 |1,397.00 |1,366.00 |1,396.00 |1,381.00  |22.00     |7.00      |293,260   |278,072     |-4,810   |809,759.79   |0.00                   |
2019-06-06 |FG910        |1,374.00   |1,379.00 |1,379.00 |1,379.00 |1,379.00 |1,379.00  |5.00      |5.00      |2         |28          |-2       |5.52         |0.00                   |
2019-06-06 |FG911        |1,366.00   |1,372.00 |1,374.00 |1,372.00 |1,373.00 |1,373.00  |7.00      |7.00      |2,400     |5,192       |1,200    |6,591.60     |0.00                   |
2019-06-06 |FG912        |1,375.00   |1,374.00 |1,407.00 |1,370.00 |1,407.00 |1,378.00  |32.00     |3.00      |2,416     |10,418      |1,204    |6,657.24     |0.00                   |
2019-06-10 |FG001        |1,326.00   |1,344.00 |1,364.00 |1,344.00 |1,356.00 |1,356.00  |30.00     |30.00     |9,064     |30,374      |-136     |24,575.72    |0.00                   |
2019-06-10 |FG002        |1,333.00   |0.00     |0.00     |0.00     |0.00     |1,341.00  |8.00      |8.00      |0         |1,244       |0        |0.00         |0.00                   |
2019-06-10 |FG003        |1,327.00   |1,335.00 |1,335.00 |1,335.00 |1,335.00 |1,335.00  |8.00      |8.00      |2         |3,110       |0        |5.34         |0.00                   |
2019-06-10 |FG004        |1,332.00   |0.00     |0.00     |0.00     |0.00     |1,336.00  |4.00      |4.00      |0         |200         |0        |0.00         |0.00                   |
2019-06-10 |FG005        |1,316.00   |1,333.00 |1,339.00 |1,329.00 |1,334.00 |1,336.00  |18.00     |20.00     |490       |4,842       |-308     |1,309.26     |0.00                   |
2019-06-10 |FG906        |1,407.00   |0.00     |0.00     |0.00     |0.00     |1,432.00  |25.00     |25.00     |0         |0           |0        |0.00         |1,398.00               |
2019-06-10 |FG907        |1,379.00   |0.00     |0.00     |0.00     |0.00     |1,404.00  |25.00     |25.00     |0         |0           |0        |0.00         |0.00                   |
2019-06-10 |FG908        |1,400.00   |1,404.00 |1,404.00 |1,404.00 |1,404.00 |1,404.00  |4.00      |4.00      |2         |22          |2        |5.62         |0.00                   |
2019-06-10 |FG909        |1,381.00   |1,398.00 |1,418.00 |1,398.00 |1,404.00 |1,406.00  |23.00     |25.00     |188,374   |273,658     |-4,414   |529,845.83   |0.00                   |
2019-06-10 |FG910        |1,379.00   |0.00     |0.00     |0.00     |0.00     |1,396.00  |17.00     |17.00     |0         |28          |0        |0.00         |0.00                   |
2019-06-10 |FG911        |1,373.00   |0.00     |0.00     |0.00     |0.00     |1,383.00  |10.00     |10.00     |0         |5,192       |0        |0.00         |0.00                   |
2019-06-10 |FG912        |1,378.00   |1,415.00 |1,425.00 |1,408.00 |1,411.00 |1,419.00  |33.00     |41.00     |44        |10,400      |-18      |124.86       |0.00                   |
2019-06-11 |FG001        |1,356.00   |1,360.00 |1,411.00 |1,360.00 |1,411.00 |1,400.00  |55.00     |44.00     |41,570    |35,594      |5,220    |116,424.67   |0.00                   |
2019-06-11 |FG002        |1,341.00   |0.00     |0.00     |0.00     |0.00     |1,395.00  |54.00     |54.00     |0         |1,244       |0        |0.00         |0.00                   |
2019-06-11 |FG003        |1,335.00   |1,387.00 |1,387.00 |1,381.00 |1,381.00 |1,384.00  |46.00     |49.00     |4         |3,112       |2        |11.07        |0.00                   |
2019-06-11 |FG004        |1,336.00   |0.00     |0.00     |0.00     |0.00     |1,390.00  |54.00     |54.00     |0         |200         |0        |0.00         |0.00                   |
2019-06-11 |FG005        |1,336.00   |1,338.00 |1,390.00 |1,338.00 |1,390.00 |1,382.00  |54.00     |46.00     |7,714     |6,708       |1,866    |21,327.57    |0.00                   |
2019-06-11 |FG906        |1,432.00   |0.00     |0.00     |0.00     |0.00     |1,477.00  |45.00     |45.00     |0         |0           |0        |0.00         |1,407.00               |
2019-06-11 |FG907        |1,404.00   |0.00     |0.00     |0.00     |0.00     |1,448.00  |44.00     |44.00     |0         |0           |0        |0.00         |0.00                   |
2019-06-11 |FG908        |1,404.00   |0.00     |0.00     |0.00     |0.00     |1,461.00  |57.00     |57.00     |0         |22          |0        |0.00         |0.00                   |
2019-06-11 |FG909        |1,406.00   |1,410.00 |1,463.00 |1,410.00 |1,463.00 |1,450.00  |57.00     |44.00     |653,362   |353,176     |79,518   |1,894,104.91 |0.00                   |
2019-06-11 |FG910        |1,396.00   |0.00     |0.00     |0.00     |0.00     |1,452.00  |56.00     |56.00     |0         |28          |0        |0.00         |0.00                   |
2019-06-11 |FG911        |1,383.00   |1,433.00 |1,439.00 |1,414.00 |1,439.00 |1,420.00  |56.00     |37.00     |22        |5,208       |16       |62.49        |0.00                   |
2019-06-11 |FG912        |1,419.00   |1,420.00 |1,476.00 |1,420.00 |1,475.00 |1,467.00  |56.00     |48.00     |300       |10,558      |158      |880.15       |0.00                   |
2019-06-12 |FG001        |1,400.00   |1,420.00 |1,425.00 |1,391.00 |1,395.00 |1,407.00  |-5.00     |7.00      |33,624    |30,012      |-5,582   |94,585.30    |0.00                   |
2019-06-12 |FG002        |1,395.00   |0.00     |0.00     |0.00     |0.00     |1,395.00  |0.00      |0.00      |0         |1,244       |0        |0.00         |0.00                   |
2019-06-12 |FG003        |1,384.00   |0.00     |0.00     |0.00     |0.00     |1,384.00  |0.00      |0.00      |0         |3,112       |0        |0.00         |0.00                   |
2019-06-12 |FG004        |1,390.00   |0.00     |0.00     |0.00     |0.00     |1,381.00  |-9.00     |-9.00     |0         |200         |0        |0.00         |0.00                   |
2019-06-12 |FG005        |1,382.00   |1,391.00 |1,394.00 |1,360.00 |1,361.00 |1,377.00  |-21.00    |-5.00     |4,400     |4,316       |-2,392   |12,117.88    |0.00                   |
2019-06-12 |FG906        |1,477.00   |0.00     |0.00     |0.00     |0.00     |1,488.00  |11.00     |11.00     |0         |0           |0        |0.00         |1,417.00               |
2019-06-12 |FG907        |1,448.00   |0.00     |0.00     |0.00     |0.00     |1,459.00  |11.00     |11.00     |0         |0           |0        |0.00         |0.00                   |
2019-06-12 |FG908        |1,461.00   |1,478.00 |1,478.00 |1,478.00 |1,478.00 |1,478.00  |17.00     |17.00     |2         |20          |-2       |5.91         |0.00                   |
2019-06-12 |FG909        |1,450.00   |1,477.00 |1,486.00 |1,444.00 |1,448.00 |1,461.00  |-2.00     |11.00     |766,886   |288,192     |-64,984  |2,241,456.03 |0.00                   |
2019-06-12 |FG910        |1,452.00   |0.00     |0.00     |0.00     |0.00     |1,452.00  |0.00      |0.00      |0         |28          |0        |0.00         |0.00                   |
2019-06-12 |FG911        |1,420.00   |1,465.00 |1,473.00 |1,437.00 |1,443.00 |1,439.00  |23.00     |19.00     |4,020     |6,994       |1,786    |11,565.73    |0.00                   |
2019-06-12 |FG912        |1,467.00   |1,481.00 |1,481.00 |1,443.00 |1,449.00 |1,447.00  |-18.00    |-20.00    |4,264     |12,252      |1,694    |12,339.00    |0.00                   |
2019-06-13 |FG001        |1,407.00   |1,396.00 |1,416.00 |1,395.00 |1,409.00 |1,406.00  |2.00      |-1.00     |16,002    |31,856      |1,844    |45,012.49    |0.00                   |
2019-06-13 |FG002        |1,395.00   |0.00     |0.00     |0.00     |0.00     |1,400.00  |5.00      |5.00      |0         |1,244       |0        |0.00         |0.00                   |
2019-06-13 |FG003        |1,384.00   |1,400.00 |1,401.00 |1,400.00 |1,401.00 |1,401.00  |17.00     |17.00     |4         |3,108       |-4       |11.20        |0.00                   |
2019-06-13 |FG004        |1,381.00   |0.00     |0.00     |0.00     |0.00     |1,381.00  |0.00      |0.00      |0         |200         |0        |0.00         |0.00                   |
2019-06-13 |FG005        |1,377.00   |1,363.00 |1,379.00 |1,361.00 |1,373.00 |1,370.00  |-4.00     |-7.00     |684       |4,126       |-190     |1,873.60     |0.00                   |
2019-06-13 |FG906        |1,488.00   |0.00     |0.00     |0.00     |0.00     |1,486.00  |-2.00     |-2.00     |0         |0           |0        |0.00         |1,426.00               |
2019-06-13 |FG907        |1,459.00   |0.00     |0.00     |0.00     |0.00     |1,457.00  |-2.00     |-2.00     |0         |0           |0        |0.00         |0.00                   |
2019-06-13 |FG908        |1,478.00   |0.00     |0.00     |0.00     |0.00     |1,478.00  |0.00      |0.00      |0         |20          |0        |0.00         |0.00                   |
2019-06-13 |FG909        |1,461.00   |1,448.00 |1,469.00 |1,448.00 |1,463.00 |1,459.00  |2.00      |-2.00     |363,988   |307,830     |19,638   |1,062,217.76 |0.00                   |
2019-06-13 |FG910        |1,452.00   |1,442.00 |1,472.00 |1,435.00 |1,450.00 |1,450.00  |-2.00     |-2.00     |76        |40          |12       |220.34       |0.00                   |
2019-06-13 |FG911        |1,439.00   |1,443.00 |1,443.00 |1,443.00 |1,443.00 |1,443.00  |4.00      |4.00      |2         |6,992       |-2       |5.77         |0.00                   |
2019-06-13 |FG912        |1,447.00   |1,447.00 |1,454.00 |1,447.00 |1,447.00 |1,449.00  |0.00      |2.00      |18        |12,246      |-6       |52.17        |0.00                   |
2019-06-14 |FG001        |1,406.00   |1,410.00 |1,420.00 |1,404.00 |1,413.00 |1,412.00  |7.00      |6.00      |11,756    |32,236      |380      |33,199.53    |0.00                   |
2019-06-14 |FG002        |1,400.00   |0.00     |0.00     |0.00     |0.00     |1,404.00  |4.00      |4.00      |0         |1,244       |0        |0.00         |0.00                   |
2019-06-14 |FG003        |1,401.00   |0.00     |0.00     |0.00     |0.00     |1,401.00  |0.00      |0.00      |0         |3,108       |0        |0.00         |0.00                   |
2019-06-14 |FG004        |1,381.00   |0.00     |0.00     |0.00     |0.00     |1,381.00  |0.00      |0.00      |0         |200         |0        |0.00         |0.00                   |
2019-06-14 |FG005        |1,370.00   |1,375.00 |1,384.00 |1,370.00 |1,376.00 |1,376.00  |6.00      |6.00      |574       |4,168       |42       |1,579.36     |0.00                   |
2019-06-14 |FG906        |1,486.00   |0.00     |0.00     |0.00     |0.00     |1,490.00  |4.00      |4.00      |0         |0           |0        |0.00         |1,438.00               |
2019-06-14 |FG907        |1,457.00   |0.00     |0.00     |0.00     |0.00     |1,461.00  |4.00      |4.00      |0         |0           |0        |0.00         |0.00                   |
2019-06-14 |FG908        |1,478.00   |1,490.00 |1,490.00 |1,490.00 |1,490.00 |1,490.00  |12.00     |12.00     |4         |20          |0        |11.92        |0.00                   |
2019-06-14 |FG909        |1,459.00   |1,464.00 |1,471.00 |1,455.00 |1,463.00 |1,463.00  |4.00      |4.00      |274,166   |297,300     |-10,530  |802,325.00   |0.00                   |
2019-06-14 |FG910        |1,450.00   |1,446.00 |1,446.00 |1,446.00 |1,446.00 |1,446.00  |-4.00     |-4.00     |2         |40          |0        |5.78         |0.00                   |
2019-06-14 |FG911        |1,443.00   |1,442.00 |1,442.00 |1,440.00 |1,440.00 |1,441.00  |-3.00     |-2.00     |840       |7,412       |420      |2,420.88     |0.00                   |
2019-06-14 |FG912        |1,449.00   |1,441.00 |1,455.00 |1,441.00 |1,449.00 |1,442.00  |0.00      |-7.00     |876       |12,672      |426      |2,527.00     |0.00                   |
2019-06-17 |FG001        |1,412.00   |1,414.00 |1,419.00 |1,404.00 |1,407.00 |1,411.00  |-5.00     |-1.00     |12,398    |34,098      |1,862    |34,995.34    |0.00                   |
2019-06-17 |FG002        |1,404.00   |0.00     |0.00     |0.00     |0.00     |1,404.00  |0.00      |0.00      |0         |1,244       |0        |0.00         |0.00                   |
2019-06-17 |FG003        |1,401.00   |0.00     |0.00     |0.00     |0.00     |1,401.00  |0.00      |0.00      |0         |3,108       |0        |0.00         |0.00                   |
2019-06-17 |FG004        |1,381.00   |1,374.00 |1,400.00 |1,373.00 |1,397.00 |1,386.00  |16.00     |5.00      |8         |202         |2        |22.18        |0.00                   |
2019-06-17 |FG005        |1,376.00   |1,376.00 |1,380.00 |1,369.00 |1,372.00 |1,374.00  |-4.00     |-2.00     |306       |4,170       |2        |841.12       |0.00                   |
2019-06-17 |FG906        |1,490.00   |0.00     |0.00     |0.00     |0.00     |1,489.00  |-1.00     |-1.00     |0         |0           |0        |0.00         |1,446.00               |
2019-06-17 |FG907        |1,461.00   |0.00     |0.00     |0.00     |0.00     |1,460.00  |-1.00     |-1.00     |0         |0           |0        |0.00         |0.00                   |
2019-06-17 |FG908        |1,490.00   |0.00     |0.00     |0.00     |0.00     |1,490.00  |0.00      |0.00      |0         |20          |0        |0.00         |0.00                   |
2019-06-17 |FG909        |1,463.00   |1,466.00 |1,473.00 |1,453.00 |1,458.00 |1,462.00  |-5.00     |-1.00     |300,214   |292,810     |-4,490   |878,045.98   |0.00                   |
2019-06-17 |FG910        |1,446.00   |0.00     |0.00     |0.00     |0.00     |1,449.00  |3.00      |3.00      |0         |40          |0        |0.00         |0.00                   |
2019-06-17 |FG911        |1,441.00   |0.00     |0.00     |0.00     |0.00     |1,441.00  |0.00      |0.00      |0         |7,412       |0        |0.00         |0.00                   |
2019-06-17 |FG912        |1,442.00   |1,441.00 |1,446.00 |1,441.00 |1,446.00 |1,445.00  |4.00      |3.00      |28        |12,672      |0        |80.89        |0.00                   |
2019-06-18 |FG001        |1,411.00   |1,406.00 |1,414.00 |1,405.00 |1,411.00 |1,409.00  |0.00      |-2.00     |13,008    |33,686      |-412     |36,651.81    |0.00                   |
2019-06-18 |FG002        |1,404.00   |0.00     |0.00     |0.00     |0.00     |1,404.00  |0.00      |0.00      |0         |1,244       |0        |0.00         |0.00                   |
2019-06-18 |FG003        |1,401.00   |1,401.00 |1,401.00 |1,401.00 |1,401.00 |1,401.00  |0.00      |0.00      |380       |2,728       |-380     |1,064.76     |0.00                   |
2019-06-18 |FG004        |1,386.00   |0.00     |0.00     |0.00     |0.00     |1,386.00  |0.00      |0.00      |0         |202         |0        |0.00         |0.00                   |
2019-06-18 |FG005        |1,374.00   |1,370.00 |1,378.00 |1,362.00 |1,374.00 |1,375.00  |0.00      |1.00      |870       |4,508       |338      |2,392.09     |0.00                   |
2019-06-18 |FG006        |1,374.00   |0.00     |0.00     |0.00     |0.00     |1,374.00  |0.00      |0.00      |0         |0           |0        |0.00         |0.00                   |
2019-06-18 |FG907        |1,460.00   |0.00     |0.00     |0.00     |0.00     |1,461.00  |1.00      |1.00      |0         |0           |0        |0.00         |0.00                   |
2019-06-18 |FG908        |1,490.00   |1,466.00 |1,489.00 |1,466.00 |1,489.00 |1,475.00  |-1.00     |-15.00    |10        |18          |-2       |29.50        |0.00                   |
2019-06-18 |FG909        |1,462.00   |1,458.00 |1,472.00 |1,454.00 |1,466.00 |1,463.00  |4.00      |1.00      |272,778   |302,056     |9,246    |798,404.78   |0.00                   |
2019-06-18 |FG910        |1,449.00   |0.00     |0.00     |0.00     |0.00     |1,457.00  |8.00      |8.00      |0         |40          |0        |0.00         |0.00                   |
2019-06-18 |FG911        |1,441.00   |0.00     |0.00     |0.00     |0.00     |1,441.00  |0.00      |0.00      |0         |7,412       |0        |0.00         |0.00                   |
2019-06-18 |FG912        |1,445.00   |1,435.00 |1,449.00 |1,435.00 |1,440.00 |1,441.00  |-5.00     |-4.00     |14        |12,674      |2        |40.36        |0.00                   |
2019-06-19 |FG001        |1,409.00   |1,411.00 |1,420.00 |1,408.00 |1,414.00 |1,414.00  |5.00      |5.00      |12,922    |35,318      |1,632    |36,545.68    |0.00                   |
2019-06-19 |FG002        |1,404.00   |0.00     |0.00     |0.00     |0.00     |1,407.00  |3.00      |3.00      |0         |1,244       |0        |0.00         |0.00                   |
2019-06-19 |FG003        |1,401.00   |0.00     |0.00     |0.00     |0.00     |1,401.00  |0.00      |0.00      |0         |2,728       |0        |0.00         |0.00                   |
2019-06-19 |FG004        |1,386.00   |1,390.00 |1,390.00 |1,390.00 |1,390.00 |1,390.00  |4.00      |4.00      |200       |2           |-200     |556.00       |0.00                   |
2019-06-19 |FG005        |1,375.00   |1,375.00 |1,382.00 |1,374.00 |1,377.00 |1,378.00  |2.00      |3.00      |616       |4,738       |230      |1,697.49     |0.00                   |
2019-06-19 |FG006        |1,374.00   |1,362.00 |1,408.00 |1,362.00 |1,395.00 |1,387.00  |21.00     |13.00     |12        |4           |4        |33.28        |0.00                   |
2019-06-19 |FG907        |1,461.00   |0.00     |0.00     |0.00     |0.00     |1,472.00  |11.00     |11.00     |0         |0           |0        |0.00         |0.00                   |
2019-06-19 |FG908        |1,475.00   |0.00     |0.00     |0.00     |0.00     |1,478.00  |3.00      |3.00      |0         |18          |0        |0.00         |0.00                   |
2019-06-19 |FG909        |1,463.00   |1,468.00 |1,482.00 |1,461.00 |1,476.00 |1,474.00  |13.00     |11.00     |374,480   |334,204     |32,148   |1,104,340.90 |0.00                   |
2019-06-19 |FG910        |1,457.00   |0.00     |0.00     |0.00     |0.00     |1,465.00  |8.00      |8.00      |0         |40          |0        |0.00         |0.00                   |
2019-06-19 |FG911        |1,441.00   |0.00     |0.00     |0.00     |0.00     |1,444.00  |3.00      |3.00      |0         |7,412       |0        |0.00         |0.00                   |
2019-06-19 |FG912        |1,441.00   |1,450.00 |1,472.00 |1,447.00 |1,450.00 |1,457.00  |9.00      |16.00     |56        |12,662      |-12      |163.19       |0.00                   |
2019-06-20 |FG001        |1,414.00   |1,415.00 |1,425.00 |1,411.00 |1,419.00 |1,418.00  |5.00      |4.00      |15,830    |37,730      |2,412    |44,880.62    |0.00                   |
2019-06-20 |FG002        |1,407.00   |0.00     |0.00     |0.00     |0.00     |1,411.00  |4.00      |4.00      |0         |1,244       |0        |0.00         |0.00                   |
2019-06-20 |FG003        |1,401.00   |0.00     |0.00     |0.00     |0.00     |1,401.00  |0.00      |0.00      |0         |2,728       |0        |0.00         |0.00                   |
2019-06-20 |FG004        |1,390.00   |0.00     |0.00     |0.00     |0.00     |1,390.00  |0.00      |0.00      |0         |2           |0        |0.00         |0.00                   |
2019-06-20 |FG005        |1,378.00   |1,380.00 |1,386.00 |1,374.00 |1,381.00 |1,381.00  |3.00      |3.00      |440       |4,726       |-12      |1,215.36     |0.00                   |
2019-06-20 |FG006        |1,387.00   |1,385.00 |1,406.00 |1,374.00 |1,406.00 |1,388.00  |19.00     |1.00      |6         |2           |-2       |16.66        |0.00                   |
2019-06-20 |FG907        |1,472.00   |0.00     |0.00     |0.00     |0.00     |1,482.00  |10.00     |10.00     |0         |0           |0        |0.00         |0.00                   |
2019-06-20 |FG908        |1,478.00   |0.00     |0.00     |0.00     |0.00     |1,488.00  |10.00     |10.00     |0         |18          |0        |0.00         |0.00                   |
2019-06-20 |FG909        |1,474.00   |1,478.00 |1,497.00 |1,472.00 |1,487.00 |1,484.00  |13.00     |10.00     |424,686   |348,460     |14,256   |1,260,563.68 |0.00                   |
2019-06-20 |FG910        |1,465.00   |1,478.00 |1,511.00 |1,466.00 |1,498.00 |1,494.00  |33.00     |29.00     |348       |114         |74       |1,039.50     |0.00                   |
2019-06-20 |FG911        |1,444.00   |0.00     |0.00     |0.00     |0.00     |1,455.00  |11.00     |11.00     |0         |7,412       |0        |0.00         |0.00                   |
2019-06-20 |FG912        |1,457.00   |1,462.00 |1,470.00 |1,452.00 |1,455.00 |1,461.00  |-2.00     |4.00      |22        |12,668      |6        |64.28        |0.00                   |
2019-06-21 |FG001        |1,418.00   |1,419.00 |1,429.00 |1,417.00 |1,424.00 |1,423.00  |6.00      |5.00      |15,648    |40,446      |2,716    |44,525.98    |0.00                   |
2019-06-21 |FG002        |1,411.00   |0.00     |0.00     |0.00     |0.00     |1,416.00  |5.00      |5.00      |0         |1,244       |0        |0.00         |0.00                   |
2019-06-21 |FG003        |1,401.00   |0.00     |0.00     |0.00     |0.00     |1,401.00  |0.00      |0.00      |0         |2,728       |0        |0.00         |0.00                   |
2019-06-21 |FG004        |1,390.00   |0.00     |0.00     |0.00     |0.00     |1,390.00  |0.00      |0.00      |0         |2           |0        |0.00         |0.00                   |
2019-06-21 |FG005        |1,381.00   |1,383.00 |1,388.00 |1,376.00 |1,386.00 |1,383.00  |5.00      |2.00      |460       |4,768       |42       |1,272.01     |0.00                   |
2019-06-21 |FG006        |1,388.00   |1,389.00 |1,389.00 |1,388.00 |1,388.00 |1,388.00  |0.00      |0.00      |6         |8           |6        |16.66        |0.00                   |
2019-06-21 |FG907        |1,482.00   |0.00     |0.00     |0.00     |0.00     |1,484.00  |2.00      |2.00      |0         |0           |0        |0.00         |0.00                   |
2019-06-21 |FG908        |1,488.00   |0.00     |0.00     |0.00     |0.00     |1,491.00  |3.00      |3.00      |0         |18          |0        |0.00         |0.00                   |
2019-06-21 |FG909        |1,484.00   |1,487.00 |1,491.00 |1,480.00 |1,485.00 |1,486.00  |1.00      |2.00      |197,388   |337,032     |-11,428  |586,665.96   |0.00                   |
2019-06-21 |FG910        |1,494.00   |1,496.00 |1,511.00 |1,486.00 |1,486.00 |1,500.00  |-8.00     |6.00      |134       |86          |-28      |402.08       |0.00                   |
2019-06-21 |FG911        |1,455.00   |0.00     |0.00     |0.00     |0.00     |1,455.00  |0.00      |0.00      |0         |7,412       |0        |0.00         |0.00                   |
2019-06-21 |FG912        |1,461.00   |1,456.00 |1,456.00 |1,454.00 |1,454.00 |1,455.00  |-7.00     |-6.00     |4         |12,664      |-4       |11.64        |0.00                   |
2019-06-24 |FG001        |1,423.00   |1,425.00 |1,435.00 |1,423.00 |1,431.00 |1,429.00  |8.00      |6.00      |9,674     |42,928      |2,482    |27,652.85    |0.00                   |
2019-06-24 |FG002        |1,416.00   |0.00     |0.00     |0.00     |0.00     |1,423.00  |7.00      |7.00      |0         |1,244       |0        |0.00         |0.00                   |
2019-06-24 |FG003        |1,401.00   |0.00     |0.00     |0.00     |0.00     |1,401.00  |0.00      |0.00      |0         |2,728       |0        |0.00         |0.00                   |
2019-06-24 |FG004        |1,390.00   |0.00     |0.00     |0.00     |0.00     |1,395.00  |5.00      |5.00      |0         |2           |0        |0.00         |0.00                   |
2019-06-24 |FG005        |1,383.00   |1,383.00 |1,394.00 |1,381.00 |1,393.00 |1,390.00  |10.00     |7.00      |354       |4,900       |132      |984.16       |0.00                   |
2019-06-24 |FG006        |1,388.00   |1,373.00 |1,413.00 |1,373.00 |1,413.00 |1,385.00  |25.00     |-3.00     |14        |4           |-4       |38.78        |0.00                   |
2019-06-24 |FG907        |1,484.00   |0.00     |0.00     |0.00     |0.00     |1,485.00  |1.00      |1.00      |0         |0           |0        |0.00         |0.00                   |
2019-06-24 |FG908        |1,491.00   |0.00     |0.00     |0.00     |0.00     |1,491.00  |0.00      |0.00      |0         |18          |0        |0.00         |0.00                   |
2019-06-24 |FG909        |1,486.00   |1,485.00 |1,495.00 |1,481.00 |1,489.00 |1,487.00  |3.00      |1.00      |177,524   |333,896     |-3,136   |528,080.31   |0.00                   |
2019-06-24 |FG910        |1,500.00   |1,489.00 |1,493.00 |1,466.00 |1,468.00 |1,474.00  |-32.00    |-26.00    |92        |18          |-68      |271.26       |0.00                   |
2019-06-24 |FG911        |1,455.00   |1,452.00 |1,469.00 |1,452.00 |1,469.00 |1,461.00  |14.00     |6.00      |4         |7,412       |0        |11.68        |0.00                   |
2019-06-24 |FG912        |1,455.00   |1,463.00 |1,470.00 |1,460.00 |1,460.00 |1,463.00  |5.00      |8.00      |26        |12,662      |-2       |76.06        |0.00                   |
2019-06-25 |FG001        |1,429.00   |1,430.00 |1,433.00 |1,428.00 |1,430.00 |1,430.00  |1.00      |1.00      |5,536     |43,378      |450      |15,833.29    |0.00                   |
2019-06-25 |FG002        |1,423.00   |0.00     |0.00     |0.00     |0.00     |1,423.00  |0.00      |0.00      |0         |1,244       |0        |0.00         |0.00                   |
2019-06-25 |FG003        |1,401.00   |0.00     |0.00     |0.00     |0.00     |1,401.00  |0.00      |0.00      |0         |2,728       |0        |0.00         |0.00                   |
2019-06-25 |FG004        |1,395.00   |1,396.00 |1,396.00 |1,392.00 |1,392.00 |1,394.00  |-3.00     |-1.00     |4         |6           |4        |11.15        |0.00                   |
2019-06-25 |FG005        |1,390.00   |1,391.00 |1,394.00 |1,388.00 |1,393.00 |1,392.00  |3.00      |2.00      |496       |4,798       |-102     |1,381.17     |0.00                   |
2019-06-25 |FG006        |1,385.00   |1,385.00 |1,385.00 |1,385.00 |1,385.00 |1,385.00  |0.00      |0.00      |2         |6           |2        |5.54         |0.00                   |
2019-06-25 |FG907        |1,485.00   |0.00     |0.00     |0.00     |0.00     |1,485.00  |0.00      |0.00      |0         |0           |0        |0.00         |0.00                   |
2019-06-25 |FG908        |1,491.00   |0.00     |0.00     |0.00     |0.00     |1,491.00  |0.00      |0.00      |0         |18          |0        |0.00         |0.00                   |
2019-06-25 |FG909        |1,487.00   |1,486.00 |1,491.00 |1,484.00 |1,486.00 |1,487.00  |-1.00     |0.00      |130,890   |333,976     |80       |389,326.59   |0.00                   |
2019-06-25 |FG910        |1,474.00   |1,462.00 |1,479.00 |1,462.00 |1,474.00 |1,470.00  |0.00      |-4.00     |12        |18          |0        |35.27        |0.00                   |
2019-06-25 |FG911        |1,461.00   |1,450.00 |1,450.00 |1,450.00 |1,450.00 |1,450.00  |-11.00    |-11.00    |840       |6,992       |-420     |2,436.00     |0.00                   |
2019-06-25 |FG912        |1,463.00   |1,469.00 |1,473.00 |1,450.00 |1,450.00 |1,450.00  |-13.00    |-13.00    |854       |12,240      |-422     |2,477.12     |0.00                   |
2019-06-26 |FG001        |1,430.00   |1,431.00 |1,456.00 |1,427.00 |1,449.00 |1,443.00  |19.00     |13.00     |34,650    |49,726      |6,348    |100,028.72   |0.00                   |
2019-06-26 |FG002        |1,423.00   |1,423.00 |1,432.00 |1,423.00 |1,432.00 |1,428.00  |9.00      |5.00      |4         |1,242       |-2       |11.42        |0.00                   |
2019-06-26 |FG003        |1,401.00   |0.00     |0.00     |0.00     |0.00     |1,421.00  |20.00     |20.00     |0         |2,728       |0        |0.00         |0.00                   |
2019-06-26 |FG004        |1,394.00   |1,401.00 |1,401.00 |1,401.00 |1,401.00 |1,401.00  |7.00      |7.00      |2         |4           |-2       |5.60         |0.00                   |
2019-06-26 |FG005        |1,392.00   |1,390.00 |1,418.00 |1,390.00 |1,412.00 |1,404.00  |20.00     |12.00     |1,966     |5,064       |266      |5,521.41     |0.00                   |
2019-06-26 |FG006        |1,385.00   |1,363.00 |1,398.00 |1,363.00 |1,398.00 |1,382.00  |13.00     |-3.00     |8         |6           |0        |22.11        |0.00                   |
2019-06-26 |FG907        |1,485.00   |0.00     |0.00     |0.00     |0.00     |1,500.00  |15.00     |15.00     |0         |0           |0        |0.00         |0.00                   |
2019-06-26 |FG908        |1,491.00   |1,520.00 |1,540.00 |1,502.00 |1,502.00 |1,519.00  |11.00     |28.00     |8         |16          |-2       |24.30        |0.00                   |
2019-06-26 |FG909        |1,487.00   |1,488.00 |1,517.00 |1,483.00 |1,508.00 |1,502.00  |21.00     |15.00     |469,244   |369,248     |35,272   |1,409,216.14 |0.00                   |
2019-06-26 |FG910        |1,470.00   |1,488.00 |1,488.00 |1,488.00 |1,488.00 |1,488.00  |18.00     |18.00     |4         |14          |-4       |11.90        |0.00                   |
2019-06-26 |FG911        |1,450.00   |0.00     |0.00     |0.00     |0.00     |1,475.00  |25.00     |25.00     |0         |6,992       |0        |0.00         |0.00                   |
2019-06-26 |FG912        |1,450.00   |1,480.00 |1,494.00 |1,480.00 |1,494.00 |1,490.00  |44.00     |40.00     |8         |12,238      |-2       |23.83        |0.00                   |
2019-06-27 |FG001        |1,443.00   |1,447.00 |1,451.00 |1,439.00 |1,439.00 |1,445.00  |-4.00     |2.00      |14,850    |49,410      |-316     |42,922.26    |0.00                   |
2019-06-27 |FG002        |1,428.00   |0.00     |0.00     |0.00     |0.00     |1,428.00  |0.00      |0.00      |0         |1,242       |0        |0.00         |0.00                   |
2019-06-27 |FG003        |1,421.00   |0.00     |0.00     |0.00     |0.00     |1,421.00  |0.00      |0.00      |0         |2,728       |0        |0.00         |0.00                   |
2019-06-27 |FG004        |1,401.00   |0.00     |0.00     |0.00     |0.00     |1,409.00  |8.00      |8.00      |0         |4           |0        |0.00         |0.00                   |
2019-06-27 |FG005        |1,404.00   |1,412.00 |1,417.00 |1,406.00 |1,407.00 |1,412.00  |3.00      |8.00      |826       |5,032       |-32      |2,331.80     |0.00                   |
2019-06-27 |FG006        |1,382.00   |0.00     |0.00     |0.00     |0.00     |1,382.00  |0.00      |0.00      |0         |6           |0        |0.00         |0.00                   |
2019-06-27 |FG907        |1,500.00   |0.00     |0.00     |0.00     |0.00     |1,499.00  |-1.00     |-1.00     |0         |0           |0        |0.00         |0.00                   |
2019-06-27 |FG908        |1,519.00   |1,509.00 |1,515.00 |1,497.00 |1,497.00 |1,505.00  |-22.00    |-14.00    |18        |10          |-6       |54.19        |0.00                   |
2019-06-27 |FG909        |1,502.00   |1,502.00 |1,507.00 |1,493.00 |1,495.00 |1,501.00  |-7.00     |-1.00     |212,506   |333,848     |-35,400  |637,809.14   |0.00                   |
2019-06-27 |FG910        |1,488.00   |1,487.00 |1,488.00 |1,487.00 |1,488.00 |1,487.00  |0.00      |-1.00     |6         |14          |0        |17.85        |0.00                   |
2019-06-27 |FG911        |1,475.00   |0.00     |0.00     |0.00     |0.00     |1,475.00  |0.00      |0.00      |0         |6,992       |0        |0.00         |0.00                   |
2019-06-27 |FG912        |1,490.00   |1,484.00 |1,485.00 |1,478.00 |1,478.00 |1,483.00  |-12.00    |-7.00     |40        |12,256      |18       |118.62       |0.00                   |
2019-06-28 |FG001        |1,445.00   |1,439.00 |1,453.00 |1,433.00 |1,435.00 |1,443.00  |-10.00    |-2.00     |19,024    |50,134      |724      |54,893.80    |0.00                   |
2019-06-28 |FG002        |1,428.00   |1,433.00 |1,433.00 |1,429.00 |1,429.00 |1,431.00  |1.00      |3.00      |4         |1,242       |0        |11.45        |0.00                   |
2019-06-28 |FG003        |1,421.00   |0.00     |0.00     |0.00     |0.00     |1,421.00  |0.00      |0.00      |0         |2,728       |0        |0.00         |0.00                   |
2019-06-28 |FG004        |1,409.00   |1,440.00 |1,440.00 |1,406.00 |1,406.00 |1,423.00  |-3.00     |14.00     |4         |2           |-2       |11.38        |0.00                   |
2019-06-28 |FG005        |1,412.00   |1,409.00 |1,417.00 |1,402.00 |1,405.00 |1,411.00  |-7.00     |-1.00     |1,234     |5,270       |238      |3,482.77     |0.00                   |
2019-06-28 |FG006        |1,382.00   |0.00     |0.00     |0.00     |0.00     |1,382.00  |0.00      |0.00      |0         |6           |0        |0.00         |0.00                   |
2019-06-28 |FG907        |1,499.00   |0.00     |0.00     |0.00     |0.00     |1,497.00  |-2.00     |-2.00     |0         |0           |0        |0.00         |0.00                   |
2019-06-28 |FG908        |1,505.00   |1,504.00 |1,504.00 |1,504.00 |1,504.00 |1,504.00  |-1.00     |-1.00     |2         |8           |-2       |6.02         |0.00                   |
2019-06-28 |FG909        |1,501.00   |1,496.00 |1,510.00 |1,487.00 |1,492.00 |1,499.00  |-9.00     |-2.00     |225,086   |332,380     |-1,468   |674,955.50   |0.00                   |
2019-06-28 |FG910        |1,487.00   |1,474.00 |1,486.00 |1,472.00 |1,472.00 |1,476.00  |-15.00    |-11.00    |8         |14          |0        |23.62        |0.00                   |
2019-06-28 |FG911        |1,475.00   |1,475.00 |1,479.00 |1,475.00 |1,479.00 |1,477.00  |4.00      |2.00      |400       |6,792       |-200     |1,181.60     |0.00                   |
2019-06-28 |FG912        |1,483.00   |1,479.00 |1,479.00 |1,476.00 |1,476.00 |1,479.00  |-7.00     |-4.00     |402       |12,056      |-200     |1,189.10     |0.00                   |
2019-07-01 |FG001        |1,443.00   |1,437.00 |1,448.00 |1,433.00 |1,443.00 |1,442.00  |0.00      |-1.00     |11,136    |50,872      |738      |32,109.58    |0.00                   |
2019-07-01 |FG002        |1,431.00   |0.00     |0.00     |0.00     |0.00     |1,431.00  |0.00      |0.00      |0         |1,242       |0        |0.00         |0.00                   |
2019-07-01 |FG003        |1,421.00   |0.00     |0.00     |0.00     |0.00     |1,421.00  |0.00      |0.00      |0         |2,728       |0        |0.00         |0.00                   |
2019-07-01 |FG004        |1,423.00   |0.00     |0.00     |0.00     |0.00     |1,423.00  |0.00      |0.00      |0         |2           |0        |0.00         |0.00                   |
2019-07-01 |FG005        |1,411.00   |1,405.00 |1,415.00 |1,403.00 |1,409.00 |1,410.00  |-2.00     |-1.00     |348       |5,154       |-116     |981.44       |0.00                   |
2019-07-01 |FG006        |1,382.00   |1,371.00 |1,409.00 |1,371.00 |1,409.00 |1,390.00  |27.00     |8.00      |4         |4           |-2       |11.12        |0.00                   |
2019-07-01 |FG907        |1,497.00   |0.00     |0.00     |0.00     |0.00     |1,498.00  |1.00      |1.00      |0         |0           |0        |0.00         |1,486.00               |
2019-07-01 |FG908        |1,504.00   |0.00     |0.00     |0.00     |0.00     |1,504.00  |0.00      |0.00      |0         |8           |0        |0.00         |0.00                   |
2019-07-01 |FG909        |1,499.00   |1,496.00 |1,509.00 |1,487.00 |1,506.00 |1,500.00  |7.00      |1.00      |200,938   |343,524     |11,144   |602,930.06   |0.00                   |
2019-07-01 |FG910        |1,476.00   |1,474.00 |1,481.00 |1,474.00 |1,481.00 |1,478.00  |5.00      |2.00      |4         |16          |2        |11.82        |0.00                   |
2019-07-01 |FG911        |1,477.00   |1,498.00 |1,498.00 |1,498.00 |1,498.00 |1,498.00  |21.00     |21.00     |2         |6,794       |2        |5.99         |0.00                   |
2019-07-01 |FG912        |1,479.00   |1,490.00 |1,490.00 |1,488.00 |1,488.00 |1,490.00  |9.00      |11.00     |16        |12,054      |-2       |47.66        |0.00                   |
2019-07-02 |FG001        |1,442.00   |1,442.00 |1,456.00 |1,439.00 |1,450.00 |1,450.00  |8.00      |8.00      |20,146    |55,070      |4,198    |58,413.60    |0.00                   |
2019-07-02 |FG002        |1,431.00   |0.00     |0.00     |0.00     |0.00     |1,431.00  |0.00      |0.00      |0         |1,242       |0        |0.00         |0.00                   |
2019-07-02 |FG003        |1,421.00   |0.00     |0.00     |0.00     |0.00     |1,421.00  |0.00      |0.00      |0         |2,728       |0        |0.00         |0.00                   |
2019-07-02 |FG004        |1,423.00   |0.00     |0.00     |0.00     |0.00     |1,425.00  |2.00      |2.00      |0         |2           |0        |0.00         |0.00                   |
2019-07-02 |FG005        |1,410.00   |1,411.00 |1,431.00 |1,407.00 |1,426.00 |1,425.00  |16.00     |15.00     |1,570     |5,954       |800      |4,473.35     |0.00                   |
2019-07-02 |FG006        |1,390.00   |0.00     |0.00     |0.00     |0.00     |1,399.00  |9.00      |9.00      |0         |4           |0        |0.00         |0.00                   |
2019-07-02 |FG907        |1,498.00   |0.00     |0.00     |0.00     |0.00     |1,509.00  |11.00     |11.00     |0         |0           |0        |0.00         |1,491.00               |
2019-07-02 |FG908        |1,504.00   |0.00     |0.00     |0.00     |0.00     |1,504.00  |0.00      |0.00      |0         |8           |0        |0.00         |0.00                   |
2019-07-02 |FG909        |1,500.00   |1,504.00 |1,520.00 |1,502.00 |1,508.00 |1,511.00  |8.00      |11.00     |289,512   |356,772     |13,248   |875,189.42   |0.00                   |
2019-07-02 |FG910        |1,478.00   |1,480.00 |1,480.00 |1,480.00 |1,480.00 |1,480.00  |2.00      |2.00      |2         |18          |2        |5.92         |0.00                   |
2019-07-02 |FG911        |1,498.00   |1,486.00 |1,492.00 |1,482.00 |1,492.00 |1,487.00  |-6.00     |-11.00    |1,600     |5,994       |-800     |4,756.80     |0.00                   |
2019-07-02 |FG912        |1,490.00   |1,489.00 |1,502.00 |1,482.00 |1,493.00 |1,486.00  |3.00      |-4.00     |1,700     |11,322      |-732     |5,053.18     |0.00                   |
2019-07-03 |FG001        |1,450.00   |1,449.00 |1,457.00 |1,426.00 |1,430.00 |1,441.00  |-20.00    |-9.00     |34,446    |54,502      |-568     |99,250.04    |0.00                   |
2019-07-03 |FG002        |1,431.00   |0.00     |0.00     |0.00     |0.00     |1,431.00  |0.00      |0.00      |0         |1,242       |0        |0.00         |0.00                   |
2019-07-03 |FG003        |1,421.00   |0.00     |0.00     |0.00     |0.00     |1,421.00  |0.00      |0.00      |0         |2,728       |0        |0.00         |0.00                   |
2019-07-03 |FG004        |1,425.00   |1,452.00 |1,452.00 |1,443.00 |1,443.00 |1,448.00  |18.00     |23.00     |4         |4           |2        |11.58        |0.00                   |
2019-07-03 |FG005        |1,425.00   |1,422.00 |1,433.00 |1,407.00 |1,408.00 |1,422.00  |-17.00    |-3.00     |1,146     |6,096       |142      |3,259.50     |0.00                   |
2019-07-03 |FG006        |1,399.00   |0.00     |0.00     |0.00     |0.00     |1,399.00  |0.00      |0.00      |0         |4           |0        |0.00         |0.00                   |
2019-07-03 |FG907        |1,509.00   |0.00     |0.00     |0.00     |0.00     |1,494.00  |-15.00    |-15.00    |0         |0           |0        |0.00         |1,493.00               |
2019-07-03 |FG908        |1,504.00   |1,504.00 |1,504.00 |1,483.00 |1,483.00 |1,494.00  |-21.00    |-10.00    |4         |8           |0        |11.95        |0.00                   |
2019-07-03 |FG909        |1,511.00   |1,505.00 |1,514.00 |1,480.00 |1,485.00 |1,496.00  |-26.00    |-15.00    |348,190   |343,570     |-13,202  |1,041,488.19 |0.00                   |
2019-07-03 |FG910        |1,480.00   |0.00     |0.00     |0.00     |0.00     |1,472.00  |-8.00     |-8.00     |0         |18          |0        |0.00         |0.00                   |
2019-07-03 |FG911        |1,487.00   |0.00     |0.00     |0.00     |0.00     |1,481.00  |-6.00     |-6.00     |0         |5,994       |0        |0.00         |0.00                   |
2019-07-03 |FG912        |1,486.00   |1,482.00 |1,489.00 |1,475.00 |1,475.00 |1,482.00  |-11.00    |-4.00     |24        |11,312      |-10      |71.14        |0.00                   |
2019-07-04 |FG001        |1,441.00   |1,434.00 |1,434.00 |1,420.00 |1,430.00 |1,428.00  |-11.00    |-13.00    |17,552    |54,986      |484      |50,145.20    |0.00                   |
2019-07-04 |FG002        |1,431.00   |0.00     |0.00     |0.00     |0.00     |1,431.00  |0.00      |0.00      |0         |1,242       |0        |0.00         |0.00                   |
2019-07-04 |FG003        |1,421.00   |0.00     |0.00     |0.00     |0.00     |1,421.00  |0.00      |0.00      |0         |2,728       |0        |0.00         |0.00                   |
2019-07-04 |FG004        |1,448.00   |0.00     |0.00     |0.00     |0.00     |1,437.00  |-11.00    |-11.00    |0         |4           |0        |0.00         |0.00                   |
2019-07-04 |FG005        |1,422.00   |1,410.00 |1,414.00 |1,402.00 |1,410.00 |1,409.00  |-12.00    |-13.00    |634       |6,270       |174      |1,787.13     |0.00                   |
2019-07-04 |FG006        |1,399.00   |1,413.00 |1,413.00 |1,372.00 |1,372.00 |1,393.00  |-27.00    |-6.00     |4         |2           |-2       |11.14        |0.00                   |
2019-07-04 |FG907        |1,494.00   |0.00     |0.00     |0.00     |0.00     |1,485.00  |-9.00     |-9.00     |0         |0           |0        |0.00         |1,494.00               |
2019-07-04 |FG908        |1,494.00   |0.00     |0.00     |0.00     |0.00     |1,494.00  |0.00      |0.00      |0         |8           |0        |0.00         |0.00                   |
2019-07-04 |FG909        |1,496.00   |1,488.00 |1,493.00 |1,479.00 |1,488.00 |1,487.00  |-8.00     |-9.00     |220,308   |335,174     |-8,396   |655,028.66   |0.00                   |
2019-07-04 |FG910        |1,472.00   |1,454.00 |1,476.00 |1,454.00 |1,476.00 |1,460.00  |4.00      |-12.00    |8         |16          |-2       |23.35        |0.00                   |
2019-07-04 |FG911        |1,481.00   |0.00     |0.00     |0.00     |0.00     |1,481.00  |0.00      |0.00      |0         |5,994       |0        |0.00         |0.00                   |
2019-07-04 |FG912        |1,482.00   |1,477.00 |1,477.00 |1,470.00 |1,471.00 |1,473.00  |-11.00    |-9.00     |8         |11,314      |2        |23.57        |0.00                   |
2019-07-05 |FG001        |1,428.00   |1,430.00 |1,439.00 |1,423.00 |1,427.00 |1,432.00  |-1.00     |4.00      |20,820    |55,382      |396      |59,608.74    |0.00                   |
2019-07-05 |FG002        |1,431.00   |1,430.00 |1,430.00 |1,430.00 |1,430.00 |1,430.00  |-1.00     |-1.00     |2         |1,242       |0        |5.72         |0.00                   |
2019-07-05 |FG003        |1,421.00   |0.00     |0.00     |0.00     |0.00     |1,421.00  |0.00      |0.00      |0         |2,728       |0        |0.00         |0.00                   |
2019-07-05 |FG004        |1,437.00   |1,416.00 |1,416.00 |1,416.00 |1,416.00 |1,416.00  |-21.00    |-21.00    |2         |4           |0        |5.66         |0.00                   |
2019-07-05 |FG005        |1,409.00   |1,412.00 |1,417.00 |1,404.00 |1,410.00 |1,411.00  |1.00      |2.00      |472       |6,354       |84       |1,331.71     |0.00                   |
2019-07-05 |FG006        |1,393.00   |0.00     |0.00     |0.00     |0.00     |1,393.00  |0.00      |0.00      |0         |2           |0        |0.00         |0.00                   |
2019-07-05 |FG907        |1,485.00   |0.00     |0.00     |0.00     |0.00     |1,483.00  |-2.00     |-2.00     |0         |0           |0        |0.00         |1,494.00               |
2019-07-05 |FG908        |1,494.00   |0.00     |0.00     |0.00     |0.00     |1,494.00  |0.00      |0.00      |0         |8           |0        |0.00         |0.00                   |
2019-07-05 |FG909        |1,487.00   |1,489.00 |1,496.00 |1,474.00 |1,483.00 |1,485.00  |-4.00     |-2.00     |269,876   |318,960     |-16,214  |801,707.28   |0.00                   |
2019-07-05 |FG910        |1,460.00   |1,452.00 |1,475.00 |1,448.00 |1,448.00 |1,461.00  |-12.00    |1.00      |14        |18          |2        |40.92        |0.00                   |
2019-07-05 |FG911        |1,481.00   |0.00     |0.00     |0.00     |0.00     |1,476.00  |-5.00     |-5.00     |0         |5,994       |0        |0.00         |0.00                   |
2019-07-05 |FG912        |1,473.00   |1,475.00 |1,475.00 |1,469.00 |1,472.00 |1,471.00  |-1.00     |-2.00     |12        |11,318      |4        |35.31        |0.00                   |
2019-07-08 |FG001        |1,432.00   |1,429.00 |1,434.00 |1,425.00 |1,432.00 |1,430.00  |0.00      |-2.00     |12,762    |55,022      |-360     |36,506.45    |0.00                   |
2019-07-08 |FG002        |1,430.00   |0.00     |0.00     |0.00     |0.00     |1,430.00  |0.00      |0.00      |0         |1,242       |0        |0.00         |0.00                   |
2019-07-08 |FG003        |1,421.00   |0.00     |0.00     |0.00     |0.00     |1,421.00  |0.00      |0.00      |0         |2,728       |0        |0.00         |0.00                   |
2019-07-08 |FG004        |1,416.00   |1,427.00 |1,428.00 |1,427.00 |1,428.00 |1,428.00  |12.00     |12.00     |4         |4           |0        |11.42        |0.00                   |
2019-07-08 |FG005        |1,411.00   |1,408.00 |1,413.00 |1,406.00 |1,411.00 |1,409.00  |0.00      |-2.00     |318       |6,368       |14       |896.36       |0.00                   |
2019-07-08 |FG006        |1,393.00   |1,414.00 |1,414.00 |1,366.00 |1,378.00 |1,381.00  |-15.00    |-12.00    |8         |2           |0        |22.10        |0.00                   |
2019-07-08 |FG907        |1,483.00   |0.00     |0.00     |0.00     |0.00     |1,483.00  |0.00      |0.00      |0         |0           |0        |0.00         |1,493.00               |
2019-07-08 |FG908        |1,494.00   |0.00     |0.00     |0.00     |0.00     |1,494.00  |0.00      |0.00      |0         |8           |0        |0.00         |0.00                   |
2019-07-08 |FG909        |1,485.00   |1,481.00 |1,490.00 |1,480.00 |1,489.00 |1,485.00  |4.00      |0.00      |171,412   |301,610     |-17,350  |509,075.76   |0.00                   |
2019-07-08 |FG910        |1,461.00   |1,461.00 |1,463.00 |1,461.00 |1,463.00 |1,462.00  |2.00      |1.00      |4         |14          |-4       |11.70        |0.00                   |
2019-07-08 |FG911        |1,476.00   |0.00     |0.00     |0.00     |0.00     |1,476.00  |0.00      |0.00      |0         |5,994       |0        |0.00         |0.00                   |
2019-07-08 |FG912        |1,471.00   |1,478.00 |1,478.00 |1,468.00 |1,478.00 |1,475.00  |7.00      |4.00      |20        |11,310      |-8       |58.99        |0.00                   |
2019-07-09 |FG001        |1,430.00   |1,431.00 |1,455.00 |1,431.00 |1,447.00 |1,447.00  |17.00     |17.00     |23,880    |56,440      |1,418    |69,108.60    |0.00                   |
2019-07-09 |FG002        |1,430.00   |0.00     |0.00     |0.00     |0.00     |1,430.00  |0.00      |0.00      |0         |1,242       |0        |0.00         |0.00                   |
2019-07-09 |FG003        |1,421.00   |0.00     |0.00     |0.00     |0.00     |1,421.00  |0.00      |0.00      |0         |2,728       |0        |0.00         |0.00                   |
2019-07-09 |FG004        |1,428.00   |1,428.00 |1,428.00 |1,428.00 |1,428.00 |1,428.00  |0.00      |0.00      |2         |4           |0        |5.71         |0.00                   |
2019-07-09 |FG005        |1,409.00   |1,414.00 |1,431.00 |1,414.00 |1,424.00 |1,423.00  |15.00     |14.00     |1,226     |6,708       |340      |3,489.37     |0.00                   |
2019-07-09 |FG006        |1,381.00   |0.00     |0.00     |0.00     |0.00     |1,386.00  |5.00      |5.00      |0         |2           |0        |0.00         |0.00                   |
2019-07-09 |FG907        |1,483.00   |0.00     |0.00     |0.00     |0.00     |1,501.00  |18.00     |18.00     |0         |0           |0        |0.00         |1,495.00               |
2019-07-09 |FG908        |1,494.00   |0.00     |0.00     |0.00     |0.00     |1,494.00  |0.00      |0.00      |0         |8           |0        |0.00         |0.00                   |
2019-07-09 |FG909        |1,485.00   |1,489.00 |1,511.00 |1,489.00 |1,503.00 |1,503.00  |18.00     |18.00     |311,700   |295,230     |-6,380   |937,101.27   |0.00                   |
2019-07-09 |FG910        |1,462.00   |0.00     |0.00     |0.00     |0.00     |1,462.00  |0.00      |0.00      |0         |14          |0        |0.00         |0.00                   |
2019-07-09 |FG911        |1,476.00   |0.00     |0.00     |0.00     |0.00     |1,476.00  |0.00      |0.00      |0         |5,994       |0        |0.00         |0.00                   |
2019-07-09 |FG912        |1,475.00   |1,488.00 |1,488.00 |1,488.00 |1,488.00 |1,488.00  |13.00     |13.00     |4         |11,306      |-4       |11.90        |0.00                   |
2019-07-10 |FG001        |1,447.00   |1,446.00 |1,447.00 |1,416.00 |1,424.00 |1,429.00  |-23.00    |-18.00    |51,134    |72,214      |15,774   |146,157.42   |0.00                   |
2019-07-10 |FG002        |1,430.00   |1,420.00 |1,420.00 |1,420.00 |1,420.00 |1,420.00  |-10.00    |-10.00    |2         |1,242       |0        |5.68         |0.00                   |
2019-07-10 |FG003        |1,421.00   |0.00     |0.00     |0.00     |0.00     |1,419.00  |-2.00     |-2.00     |0         |2,728       |0        |0.00         |0.00                   |
2019-07-10 |FG004        |1,428.00   |0.00     |0.00     |0.00     |0.00     |1,428.00  |0.00      |0.00      |0         |4           |0        |0.00         |0.00                   |
2019-07-10 |FG005        |1,423.00   |1,421.00 |1,421.00 |1,396.00 |1,403.00 |1,409.00  |-20.00    |-14.00    |766       |6,670       |-38      |2,157.99     |0.00                   |
2019-07-10 |FG006        |1,386.00   |1,376.00 |1,378.00 |1,376.00 |1,377.00 |1,377.00  |-9.00     |-9.00     |6         |8           |6        |16.52        |0.00                   |
2019-07-10 |FG907        |1,501.00   |0.00     |0.00     |0.00     |0.00     |1,480.00  |-21.00    |-21.00    |0         |0           |0        |0.00         |1,493.00               |
2019-07-10 |FG908        |1,494.00   |1,477.00 |1,477.00 |1,477.00 |1,477.00 |1,477.00  |-17.00    |-17.00    |2         |6           |-2       |5.91         |0.00                   |
2019-07-10 |FG909        |1,503.00   |1,500.00 |1,501.00 |1,465.00 |1,484.00 |1,482.00  |-19.00    |-21.00    |444,116   |289,894     |-5,336   |1,316,512.39 |0.00                   |
2019-07-10 |FG910        |1,462.00   |1,440.00 |1,447.00 |1,438.00 |1,447.00 |1,442.00  |-15.00    |-20.00    |6         |12          |-2       |17.30        |0.00                   |
2019-07-10 |FG911        |1,476.00   |0.00     |0.00     |0.00     |0.00     |1,476.00  |0.00      |0.00      |0         |5,994       |0        |0.00         |0.00                   |
2019-07-10 |FG912        |1,488.00   |1,477.00 |1,477.00 |1,469.00 |1,469.00 |1,475.00  |-19.00    |-13.00    |70        |11,252      |-54      |206.56       |0.00                   |
2019-07-11 |FG001        |1,429.00   |1,426.00 |1,433.00 |1,420.00 |1,424.00 |1,427.00  |-5.00     |-2.00     |15,602    |72,048      |-166     |44,516.55    |0.00                   |
2019-07-11 |FG002        |1,420.00   |0.00     |0.00     |0.00     |0.00     |1,420.00  |0.00      |0.00      |0         |1,242       |0        |0.00         |0.00                   |
2019-07-11 |FG003        |1,419.00   |0.00     |0.00     |0.00     |0.00     |1,419.00  |0.00      |0.00      |0         |2,728       |0        |0.00         |0.00                   |
2019-07-11 |FG004        |1,428.00   |0.00     |0.00     |0.00     |0.00     |1,428.00  |0.00      |0.00      |0         |4           |0        |0.00         |0.00                   |
2019-07-11 |FG005        |1,409.00   |1,404.00 |1,412.00 |1,400.00 |1,404.00 |1,406.00  |-5.00     |-3.00     |406       |6,702       |32       |1,141.43     |0.00                   |
2019-07-11 |FG006        |1,377.00   |1,400.00 |1,400.00 |1,400.00 |1,400.00 |1,400.00  |23.00     |23.00     |2         |6           |-2       |5.60         |0.00                   |
2019-07-11 |FG907        |1,480.00   |0.00     |0.00     |0.00     |0.00     |1,485.00  |5.00      |5.00      |0         |0           |0        |0.00         |1,492.00               |
2019-07-11 |FG908        |1,477.00   |0.00     |0.00     |0.00     |0.00     |1,477.00  |0.00      |0.00      |0         |6           |0        |0.00         |0.00                   |
2019-07-11 |FG909        |1,482.00   |1,487.00 |1,492.00 |1,483.00 |1,484.00 |1,487.00  |2.00      |5.00      |164,858   |275,996     |-13,898  |490,217.30   |0.00                   |
2019-07-11 |FG910        |1,442.00   |0.00     |0.00     |0.00     |0.00     |1,443.00  |1.00      |1.00      |0         |12          |0        |0.00         |0.00                   |
2019-07-11 |FG911        |1,476.00   |0.00     |0.00     |0.00     |0.00     |1,476.00  |0.00      |0.00      |0         |5,994       |0        |0.00         |0.00                   |
2019-07-11 |FG912        |1,475.00   |1,472.00 |1,480.00 |1,468.00 |1,475.00 |1,474.00  |0.00      |-1.00     |40        |11,252      |0        |117.94       |0.00                   |
2019-07-12 |FG001        |1,427.00   |1,424.00 |1,428.00 |1,402.00 |1,414.00 |1,415.00  |-13.00    |-12.00    |30,988    |75,328      |3,280    |87,703.76    |0.00                   |
2019-07-12 |FG002        |1,420.00   |0.00     |0.00     |0.00     |0.00     |1,415.00  |-5.00     |-5.00     |0         |1,242       |0        |0.00         |0.00                   |
2019-07-12 |FG003        |1,419.00   |1,398.00 |1,398.00 |1,398.00 |1,398.00 |1,398.00  |-21.00    |-21.00    |200       |2,928       |200      |559.20       |0.00                   |
2019-07-12 |FG004        |1,428.00   |1,420.00 |1,420.00 |1,420.00 |1,420.00 |1,420.00  |-8.00     |-8.00     |2         |4           |0        |5.68         |0.00                   |
2019-07-12 |FG005        |1,406.00   |1,404.00 |1,406.00 |1,384.00 |1,395.00 |1,394.00  |-11.00    |-12.00    |922       |7,024       |322      |2,570.47     |0.00                   |
2019-07-12 |FG006        |1,400.00   |1,382.00 |1,386.00 |1,355.00 |1,386.00 |1,374.00  |-14.00    |-26.00    |8         |6           |0        |21.99        |0.00                   |
2019-07-12 |FG907        |1,485.00   |0.00     |0.00     |0.00     |0.00     |1,480.00  |-5.00     |-5.00     |0         |0           |0        |0.00         |1,490.00               |
2019-07-12 |FG908        |1,477.00   |0.00     |0.00     |0.00     |0.00     |1,477.00  |0.00      |0.00      |0         |6           |0        |0.00         |0.00                   |
2019-07-12 |FG909        |1,487.00   |1,486.00 |1,486.00 |1,477.00 |1,485.00 |1,482.00  |-2.00     |-5.00     |168,002   |280,780     |4,784    |498,020.67   |0.00                   |
2019-07-12 |FG910        |1,443.00   |0.00     |0.00     |0.00     |0.00     |1,444.00  |1.00      |1.00      |0         |12          |0        |0.00         |0.00                   |
2019-07-12 |FG911        |1,476.00   |0.00     |0.00     |0.00     |0.00     |1,476.00  |0.00      |0.00      |0         |5,994       |0        |0.00         |0.00                   |
2019-07-12 |FG912        |1,474.00   |1,466.00 |1,476.00 |1,461.00 |1,468.00 |1,468.00  |-6.00     |-6.00     |38        |11,256      |4        |111.53       |0.00                   |
2019-07-15 |FG001        |1,415.00   |1,414.00 |1,423.00 |1,403.00 |1,423.00 |1,415.00  |8.00      |0.00      |27,542    |74,446      |-882     |77,932.61    |0.00                   |
2019-07-15 |FG002        |1,415.00   |0.00     |0.00     |0.00     |0.00     |1,415.00  |0.00      |0.00      |0         |1,242       |0        |0.00         |0.00                   |
2019-07-15 |FG003        |1,398.00   |0.00     |0.00     |0.00     |0.00     |1,398.00  |0.00      |0.00      |0         |2,928       |0        |0.00         |0.00                   |
2019-07-15 |FG004        |1,420.00   |0.00     |0.00     |0.00     |0.00     |1,420.00  |0.00      |0.00      |0         |4           |0        |0.00         |0.00                   |
2019-07-15 |FG005        |1,394.00   |1,398.00 |1,403.00 |1,382.00 |1,401.00 |1,392.00  |7.00      |-2.00     |1,504     |7,262       |238      |4,187.86     |0.00                   |
2019-07-15 |FG006        |1,374.00   |0.00     |0.00     |0.00     |0.00     |1,374.00  |0.00      |0.00      |0         |6           |0        |0.00         |0.00                   |
2019-07-15 |FG007        |1,374.00   |0.00     |0.00     |0.00     |0.00     |1,374.00  |0.00      |0.00      |0         |0           |0        |0.00         |0.00                   |
2019-07-15 |FG908        |1,477.00   |0.00     |0.00     |0.00     |0.00     |1,477.00  |0.00      |0.00      |0         |6           |0        |0.00         |0.00                   |
2019-07-15 |FG909        |1,482.00   |1,486.00 |1,498.00 |1,474.00 |1,494.00 |1,485.00  |12.00     |3.00      |222,278   |266,898     |-13,882  |660,263.53   |0.00                   |
2019-07-15 |FG910        |1,444.00   |0.00     |0.00     |0.00     |0.00     |1,454.00  |10.00     |10.00     |0         |12          |0        |0.00         |0.00                   |
2019-07-15 |FG911        |1,476.00   |0.00     |0.00     |0.00     |0.00     |1,476.00  |0.00      |0.00      |0         |5,994       |0        |0.00         |0.00                   |
2019-07-15 |FG912        |1,468.00   |1,460.00 |1,484.00 |1,457.00 |1,469.00 |1,468.00  |1.00      |0.00      |18        |11,256      |0        |52.84        |0.00                   |
2019-07-16 |FG001        |1,415.00   |1,420.00 |1,434.00 |1,417.00 |1,425.00 |1,427.00  |10.00     |12.00     |12,998    |73,558      |-888     |37,097.11    |0.00                   |
2019-07-16 |FG002        |1,415.00   |0.00     |0.00     |0.00     |0.00     |1,415.00  |0.00      |0.00      |0         |1,242       |0        |0.00         |0.00                   |
2019-07-16 |FG003        |1,398.00   |0.00     |0.00     |0.00     |0.00     |1,398.00  |0.00      |0.00      |0         |2,928       |0        |0.00         |0.00                   |
2019-07-16 |FG004        |1,420.00   |0.00     |0.00     |0.00     |0.00     |1,420.00  |0.00      |0.00      |0         |4           |0        |0.00         |0.00                   |
2019-07-16 |FG005        |1,392.00   |1,401.00 |1,410.00 |1,400.00 |1,404.00 |1,405.00  |12.00     |13.00     |578       |7,230       |-32      |1,624.71     |0.00                   |
2019-07-16 |FG006        |1,374.00   |1,382.00 |1,407.00 |1,382.00 |1,407.00 |1,395.00  |33.00     |21.00     |4         |8           |2        |11.16        |0.00                   |
2019-07-16 |FG007        |1,374.00   |0.00     |0.00     |0.00     |0.00     |1,374.00  |0.00      |0.00      |0         |0           |0        |0.00         |0.00                   |
2019-07-16 |FG908        |1,477.00   |0.00     |0.00     |0.00     |0.00     |1,477.00  |0.00      |0.00      |0         |6           |0        |0.00         |0.00                   |
2019-07-16 |FG909        |1,485.00   |1,489.00 |1,506.00 |1,487.00 |1,497.00 |1,500.00  |12.00     |15.00     |144,766   |272,482     |5,584    |434,267.76   |0.00                   |
2019-07-16 |FG910        |1,454.00   |0.00     |0.00     |0.00     |0.00     |1,457.00  |3.00      |3.00      |0         |12          |0        |0.00         |0.00                   |
2019-07-16 |FG911        |1,476.00   |0.00     |0.00     |0.00     |0.00     |1,476.00  |0.00      |0.00      |0         |5,994       |0        |0.00         |0.00                   |
2019-07-16 |FG912        |1,468.00   |1,489.00 |1,499.00 |1,476.00 |1,484.00 |1,491.00  |16.00     |23.00     |640       |11,236      |-20      |1,908.60     |0.00                   |
2019-07-17 |FG001        |1,427.00   |1,426.00 |1,435.00 |1,418.00 |1,434.00 |1,427.00  |7.00      |0.00      |19,024    |75,386      |1,828    |54,276.41    |0.00                   |
2019-07-17 |FG002        |1,415.00   |0.00     |0.00     |0.00     |0.00     |1,415.00  |0.00      |0.00      |0         |1,242       |0        |0.00         |0.00                   |
2019-07-17 |FG003        |1,398.00   |0.00     |0.00     |0.00     |0.00     |1,405.00  |7.00      |7.00      |0         |2,928       |0        |0.00         |0.00                   |
2019-07-17 |FG004        |1,420.00   |0.00     |0.00     |0.00     |0.00     |1,420.00  |0.00      |0.00      |0         |4           |0        |0.00         |0.00                   |
2019-07-17 |FG005        |1,405.00   |1,405.00 |1,413.00 |1,397.00 |1,411.00 |1,405.00  |6.00      |0.00      |440       |7,202       |-28      |1,236.32     |0.00                   |
2019-07-17 |FG006        |1,395.00   |0.00     |0.00     |0.00     |0.00     |1,395.00  |0.00      |0.00      |0         |8           |0        |0.00         |0.00                   |
2019-07-17 |FG007        |1,374.00   |0.00     |0.00     |0.00     |0.00     |1,375.00  |1.00      |1.00      |0         |0           |0        |0.00         |0.00                   |
2019-07-17 |FG908        |1,477.00   |1,500.00 |1,500.00 |1,469.00 |1,469.00 |1,485.00  |-8.00     |8.00      |4         |6           |0        |11.88        |0.00                   |
2019-07-17 |FG909        |1,500.00   |1,500.00 |1,504.00 |1,490.00 |1,503.00 |1,497.00  |3.00      |-3.00     |139,248   |268,236     |-4,246   |416,920.53   |0.00                   |
2019-07-17 |FG910        |1,457.00   |0.00     |0.00     |0.00     |0.00     |1,462.00  |5.00      |5.00      |0         |12          |0        |0.00         |0.00                   |
2019-07-17 |FG911        |1,476.00   |0.00     |0.00     |0.00     |0.00     |1,476.00  |0.00      |0.00      |0         |5,994       |0        |0.00         |0.00                   |
2019-07-17 |FG912        |1,491.00   |1,483.00 |1,485.00 |1,468.00 |1,484.00 |1,482.00  |-7.00     |-9.00     |62        |11,242      |6        |183.75       |0.00                   |
2019-07-18 |FG001        |1,427.00   |1,434.00 |1,439.00 |1,424.00 |1,434.00 |1,432.00  |7.00      |5.00      |22,694    |78,742      |3,356    |65,004.30    |0.00                   |
2019-07-18 |FG002        |1,415.00   |0.00     |0.00     |0.00     |0.00     |1,415.00  |0.00      |0.00      |0         |1,242       |0        |0.00         |0.00                   |
2019-07-18 |FG003        |1,405.00   |0.00     |0.00     |0.00     |0.00     |1,406.00  |1.00      |1.00      |0         |2,928       |0        |0.00         |0.00                   |
2019-07-18 |FG004        |1,420.00   |0.00     |0.00     |0.00     |0.00     |1,420.00  |0.00      |0.00      |0         |4           |0        |0.00         |0.00                   |
2019-07-18 |FG005        |1,405.00   |1,411.00 |1,416.00 |1,404.00 |1,412.00 |1,410.00  |7.00      |5.00      |1,146     |7,626       |424      |3,230.97     |0.00                   |
2019-07-18 |FG006        |1,395.00   |1,416.00 |1,416.00 |1,387.00 |1,387.00 |1,402.00  |-8.00     |7.00      |4         |6           |-2       |11.21        |0.00                   |
2019-07-18 |FG007        |1,375.00   |0.00     |0.00     |0.00     |0.00     |1,375.00  |0.00      |0.00      |0         |0           |0        |0.00         |0.00                   |
2019-07-18 |FG908        |1,485.00   |1,494.00 |1,495.00 |1,490.00 |1,490.00 |1,493.00  |5.00      |8.00      |100       |104         |98       |298.60       |0.00                   |
2019-07-18 |FG909        |1,497.00   |1,503.00 |1,506.00 |1,486.00 |1,488.00 |1,493.00  |-9.00     |-4.00     |141,746   |251,340     |-16,896  |423,269.61   |0.00                   |
2019-07-18 |FG910        |1,462.00   |0.00     |0.00     |0.00     |0.00     |1,458.00  |-4.00     |-4.00     |0         |12          |0        |0.00         |0.00                   |
2019-07-18 |FG911        |1,476.00   |0.00     |0.00     |0.00     |0.00     |1,476.00  |0.00      |0.00      |0         |5,994       |0        |0.00         |0.00                   |
2019-07-18 |FG912        |1,482.00   |1,489.00 |1,489.00 |1,473.00 |1,476.00 |1,478.00  |-6.00     |-4.00     |60        |11,262      |20       |177.42       |0.00                   |
2019-07-19 |FG001        |1,432.00   |1,434.00 |1,452.00 |1,431.00 |1,451.00 |1,444.00  |19.00     |12.00     |35,434    |91,758      |13,016   |102,356.92   |0.00                   |
2019-07-19 |FG002        |1,415.00   |0.00     |0.00     |0.00     |0.00     |1,432.00  |17.00     |17.00     |0         |1,242       |0        |0.00         |0.00                   |
2019-07-19 |FG003        |1,406.00   |0.00     |0.00     |0.00     |0.00     |1,418.00  |12.00     |12.00     |0         |2,928       |0        |0.00         |0.00                   |
2019-07-19 |FG004        |1,420.00   |0.00     |0.00     |0.00     |0.00     |1,429.00  |9.00      |9.00      |0         |4           |0        |0.00         |0.00                   |
2019-07-19 |FG005        |1,410.00   |1,411.00 |1,426.00 |1,410.00 |1,425.00 |1,420.00  |15.00     |10.00     |864       |7,744       |118      |2,453.12     |0.00                   |
2019-07-19 |FG006        |1,402.00   |1,417.00 |1,418.00 |1,390.00 |1,409.00 |1,409.00  |7.00      |7.00      |8         |8           |2        |22.54        |0.00                   |
2019-07-19 |FG007        |1,375.00   |0.00     |0.00     |0.00     |0.00     |1,381.00  |6.00      |6.00      |0         |0           |0        |0.00         |0.00                   |
2019-07-19 |FG908        |1,493.00   |0.00     |0.00     |0.00     |0.00     |1,493.00  |0.00      |0.00      |0         |104         |0        |0.00         |0.00                   |
2019-07-19 |FG909        |1,493.00   |1,486.00 |1,501.00 |1,483.00 |1,499.00 |1,493.00  |6.00      |0.00      |169,850   |253,348     |2,008    |507,284.79   |0.00                   |
2019-07-19 |FG910        |1,458.00   |1,465.00 |1,465.00 |1,465.00 |1,465.00 |1,465.00  |7.00      |7.00      |2         |12          |0        |5.86         |0.00                   |
2019-07-19 |FG911        |1,476.00   |0.00     |0.00     |0.00     |0.00     |1,476.00  |0.00      |0.00      |0         |5,994       |0        |0.00         |0.00                   |
2019-07-19 |FG912        |1,478.00   |1,466.00 |1,484.00 |1,466.00 |1,475.00 |1,476.00  |-3.00     |-2.00     |80        |11,278      |16       |236.16       |0.00                   |
2019-07-22 |FG001        |1,444.00   |1,450.00 |1,453.00 |1,425.00 |1,426.00 |1,435.00  |-18.00    |-9.00     |48,364    |96,618      |4,860    |138,816.50   |0.00                   |
2019-07-22 |FG002        |1,432.00   |1,425.00 |1,425.00 |1,425.00 |1,425.00 |1,425.00  |-7.00     |-7.00     |2         |1,244       |2        |5.70         |0.00                   |
2019-07-22 |FG003        |1,418.00   |0.00     |0.00     |0.00     |0.00     |1,418.00  |0.00      |0.00      |0         |2,928       |0        |0.00         |0.00                   |
2019-07-22 |FG004        |1,429.00   |0.00     |0.00     |0.00     |0.00     |1,429.00  |0.00      |0.00      |0         |4           |0        |0.00         |0.00                   |
2019-07-22 |FG005        |1,420.00   |1,424.00 |1,425.00 |1,407.00 |1,409.00 |1,411.00  |-11.00    |-9.00     |2,152     |8,710       |966      |6,072.01     |0.00                   |
2019-07-22 |FG006        |1,409.00   |1,404.00 |1,414.00 |1,391.00 |1,414.00 |1,403.00  |5.00      |-6.00     |6         |8           |0        |16.84        |0.00                   |
2019-07-22 |FG007        |1,381.00   |0.00     |0.00     |0.00     |0.00     |1,381.00  |0.00      |0.00      |0         |0           |0        |0.00         |0.00                   |
2019-07-22 |FG908        |1,493.00   |0.00     |0.00     |0.00     |0.00     |1,493.00  |0.00      |0.00      |0         |104         |0        |0.00         |0.00                   |
2019-07-22 |FG909        |1,493.00   |1,496.00 |1,498.00 |1,475.00 |1,478.00 |1,482.00  |-15.00    |-11.00    |259,994   |242,226     |-11,122  |770,654.64   |0.00                   |
2019-07-22 |FG910        |1,465.00   |1,452.00 |1,452.00 |1,442.00 |1,442.00 |1,447.00  |-23.00    |-18.00    |4         |12          |0        |11.58        |0.00                   |
2019-07-22 |FG911        |1,476.00   |0.00     |0.00     |0.00     |0.00     |1,474.00  |-2.00     |-2.00     |0         |5,994       |0        |0.00         |0.00                   |
2019-07-22 |FG912        |1,476.00   |1,483.00 |1,483.00 |1,461.00 |1,462.00 |1,466.00  |-14.00    |-10.00    |254       |11,478      |200      |744.93       |0.00                   |
2019-07-23 |FG001        |1,435.00   |1,426.00 |1,431.00 |1,415.00 |1,430.00 |1,424.00  |-5.00     |-11.00    |29,176    |98,742      |2,124    |83,103.20    |0.00                   |
2019-07-23 |FG002        |1,425.00   |0.00     |0.00     |0.00     |0.00     |1,425.00  |0.00      |0.00      |0         |1,244       |0        |0.00         |0.00                   |
2019-07-23 |FG003        |1,418.00   |0.00     |0.00     |0.00     |0.00     |1,418.00  |0.00      |0.00      |0         |2,928       |0        |0.00         |0.00                   |
2019-07-23 |FG004        |1,429.00   |0.00     |0.00     |0.00     |0.00     |1,429.00  |0.00      |0.00      |0         |4           |0        |0.00         |0.00                   |
2019-07-23 |FG005        |1,411.00   |1,406.00 |1,411.00 |1,400.00 |1,410.00 |1,407.00  |-1.00     |-4.00     |834       |8,998       |288      |2,346.27     |0.00                   |
2019-07-23 |FG006        |1,403.00   |0.00     |0.00     |0.00     |0.00     |1,403.00  |0.00      |0.00      |0         |8           |0        |0.00         |0.00                   |
2019-07-23 |FG007        |1,381.00   |0.00     |0.00     |0.00     |0.00     |1,381.00  |0.00      |0.00      |0         |0           |0        |0.00         |0.00                   |
2019-07-23 |FG908        |1,493.00   |0.00     |0.00     |0.00     |0.00     |1,493.00  |0.00      |0.00      |0         |104         |0        |0.00         |0.00                   |
2019-07-23 |FG909        |1,482.00   |1,475.00 |1,484.00 |1,471.00 |1,483.00 |1,478.00  |1.00      |-4.00     |150,764   |238,944     |-3,282   |445,724.57   |0.00                   |
2019-07-23 |FG910        |1,447.00   |0.00     |0.00     |0.00     |0.00     |1,447.00  |0.00      |0.00      |0         |12          |0        |0.00         |0.00                   |
2019-07-23 |FG911        |1,474.00   |0.00     |0.00     |0.00     |0.00     |1,474.00  |0.00      |0.00      |0         |5,994       |0        |0.00         |0.00                   |
2019-07-23 |FG912        |1,466.00   |1,467.00 |1,473.00 |1,456.00 |1,470.00 |1,468.00  |4.00      |2.00      |18        |11,480      |2        |52.83        |0.00                   |
2019-07-24 |FG001        |1,424.00   |1,427.00 |1,441.00 |1,418.00 |1,439.00 |1,430.00  |15.00     |6.00      |51,254    |109,684     |10,942   |146,623.57   |0.00                   |
2019-07-24 |FG002        |1,425.00   |0.00     |0.00     |0.00     |0.00     |1,425.00  |0.00      |0.00      |0         |1,244       |0        |0.00         |0.00                   |
2019-07-24 |FG003        |1,418.00   |0.00     |0.00     |0.00     |0.00     |1,418.00  |0.00      |0.00      |0         |2,928       |0        |0.00         |0.00                   |
2019-07-24 |FG004        |1,429.00   |0.00     |0.00     |0.00     |0.00     |1,429.00  |0.00      |0.00      |0         |4           |0        |0.00         |0.00                   |
2019-07-24 |FG005        |1,407.00   |1,408.00 |1,422.00 |1,403.00 |1,420.00 |1,413.00  |13.00     |6.00      |1,358     |9,094       |96       |3,837.86     |0.00                   |
2019-07-24 |FG006        |1,403.00   |1,396.00 |1,396.00 |1,396.00 |1,396.00 |1,396.00  |-7.00     |-7.00     |2         |8           |0        |5.58         |0.00                   |
2019-07-24 |FG007        |1,381.00   |1,347.00 |1,390.00 |1,347.00 |1,390.00 |1,369.00  |9.00      |-12.00    |4         |2           |2        |10.95        |0.00                   |
2019-07-24 |FG908        |1,493.00   |0.00     |0.00     |0.00     |0.00     |1,497.00  |4.00      |4.00      |0         |104         |0        |0.00         |0.00                   |
2019-07-24 |FG909        |1,478.00   |1,481.00 |1,491.00 |1,472.00 |1,488.00 |1,482.00  |10.00     |4.00      |221,464   |249,748     |10,804   |656,245.70   |0.00                   |
2019-07-24 |FG910        |1,447.00   |1,447.00 |1,447.00 |1,447.00 |1,447.00 |1,447.00  |0.00      |0.00      |4         |14          |2        |11.58        |0.00                   |
2019-07-24 |FG911        |1,474.00   |1,420.00 |1,420.00 |1,420.00 |1,420.00 |1,420.00  |-54.00    |-54.00    |2         |5,994       |0        |5.68         |0.00                   |
2019-07-24 |FG912        |1,468.00   |1,470.00 |1,472.00 |1,470.00 |1,472.00 |1,471.00  |4.00      |3.00      |6         |11,480      |0        |17.65        |0.00                   |
2019-07-25 |FG001        |1,430.00   |1,439.00 |1,446.00 |1,434.00 |1,439.00 |1,440.00  |9.00      |10.00     |32,428    |114,564     |4,880    |93,407.04    |0.00                   |
2019-07-25 |FG002        |1,425.00   |0.00     |0.00     |0.00     |0.00     |1,425.00  |0.00      |0.00      |0         |1,244       |0        |0.00         |0.00                   |
2019-07-25 |FG003        |1,418.00   |0.00     |0.00     |0.00     |0.00     |1,418.00  |0.00      |0.00      |0         |2,928       |0        |0.00         |0.00                   |
2019-07-25 |FG004        |1,429.00   |0.00     |0.00     |0.00     |0.00     |1,429.00  |0.00      |0.00      |0         |4           |0        |0.00         |0.00                   |
2019-07-25 |FG005        |1,413.00   |1,417.00 |1,429.00 |1,417.00 |1,424.00 |1,424.00  |11.00     |11.00     |1,790     |9,980       |886      |5,097.30     |0.00                   |
2019-07-25 |FG006        |1,396.00   |0.00     |0.00     |0.00     |0.00     |1,396.00  |0.00      |0.00      |0         |8           |0        |0.00         |0.00                   |
2019-07-25 |FG007        |1,369.00   |0.00     |0.00     |0.00     |0.00     |1,375.00  |6.00      |6.00      |0         |2           |0        |0.00         |0.00                   |
2019-07-25 |FG908        |1,497.00   |0.00     |0.00     |0.00     |0.00     |1,495.00  |-2.00     |-2.00     |0         |104         |0        |0.00         |0.00                   |
2019-07-25 |FG909        |1,482.00   |1,491.00 |1,501.00 |1,483.00 |1,494.00 |1,494.00  |12.00     |12.00     |196,112   |264,044     |14,296   |585,844.30   |0.00                   |
2019-07-25 |FG910        |1,447.00   |1,459.00 |1,459.00 |1,459.00 |1,459.00 |1,459.00  |12.00     |12.00     |2         |12          |-2       |5.84         |0.00                   |
2019-07-25 |FG911        |1,420.00   |0.00     |0.00     |0.00     |0.00     |1,432.00  |12.00     |12.00     |0         |5,994       |0        |0.00         |0.00                   |
2019-07-25 |FG912        |1,471.00   |1,477.00 |1,483.00 |1,472.00 |1,483.00 |1,478.00  |12.00     |7.00      |66        |11,526      |46       |195.09       |0.00                   |
2019-07-26 |FG001        |1,440.00   |1,440.00 |1,445.00 |1,434.00 |1,444.00 |1,440.00  |4.00      |0.00      |29,264    |120,172     |5,608    |84,307.42    |0.00                   |
2019-07-26 |FG002        |1,425.00   |1,420.00 |1,420.00 |1,420.00 |1,420.00 |1,420.00  |-5.00     |-5.00     |2         |1,246       |2        |5.68         |0.00                   |
2019-07-26 |FG003        |1,418.00   |0.00     |0.00     |0.00     |0.00     |1,418.00  |0.00      |0.00      |0         |2,928       |0        |0.00         |0.00                   |
2019-07-26 |FG004        |1,429.00   |0.00     |0.00     |0.00     |0.00     |1,429.00  |0.00      |0.00      |0         |4           |0        |0.00         |0.00                   |
2019-07-26 |FG005        |1,424.00   |1,422.00 |1,428.00 |1,420.00 |1,427.00 |1,424.00  |3.00      |0.00      |576       |10,120      |140      |1,640.85     |0.00                   |
2019-07-26 |FG006        |1,396.00   |0.00     |0.00     |0.00     |0.00     |1,396.00  |0.00      |0.00      |0         |8           |0        |0.00         |0.00                   |
2019-07-26 |FG007        |1,375.00   |0.00     |0.00     |0.00     |0.00     |1,375.00  |0.00      |0.00      |0         |2           |0        |0.00         |0.00                   |
2019-07-26 |FG908        |1,495.00   |1,485.00 |1,485.00 |1,485.00 |1,485.00 |1,485.00  |-10.00    |-10.00    |4         |102         |-2       |11.88        |0.00                   |
2019-07-26 |FG909        |1,494.00   |1,495.00 |1,505.00 |1,490.00 |1,498.00 |1,496.00  |4.00      |2.00      |161,482   |259,224     |-4,820   |483,162.33   |0.00                   |
2019-07-26 |FG910        |1,459.00   |1,441.00 |1,468.00 |1,441.00 |1,447.00 |1,451.00  |-12.00    |-8.00     |42        |20          |8        |121.89       |0.00                   |
2019-07-26 |FG911        |1,432.00   |0.00     |0.00     |0.00     |0.00     |1,465.00  |33.00     |33.00     |0         |5,994       |0        |0.00         |0.00                   |
2019-07-26 |FG912        |1,478.00   |1,488.00 |1,488.00 |1,469.00 |1,480.00 |1,478.00  |2.00      |0.00      |84        |11,600      |74       |248.38       |0.00                   |
2019-07-29 |FG001        |1,440.00   |1,442.00 |1,445.00 |1,420.00 |1,421.00 |1,430.00  |-19.00    |-10.00    |43,180    |132,156     |11,984   |123,475.76   |0.00                   |
2019-07-29 |FG002        |1,420.00   |1,444.00 |1,444.00 |1,425.00 |1,425.00 |1,435.00  |5.00      |15.00     |4         |1,244       |-2       |11.48        |0.00                   |
2019-07-29 |FG003        |1,418.00   |0.00     |0.00     |0.00     |0.00     |1,417.00  |-1.00     |-1.00     |0         |2,928       |0        |0.00         |0.00                   |
2019-07-29 |FG004        |1,429.00   |0.00     |0.00     |0.00     |0.00     |1,429.00  |0.00      |0.00      |0         |4           |0        |0.00         |0.00                   |
2019-07-29 |FG005        |1,424.00   |1,428.00 |1,432.00 |1,410.00 |1,413.00 |1,418.00  |-11.00    |-6.00     |2,450     |10,958      |838      |6,948.50     |0.00                   |
2019-07-29 |FG006        |1,396.00   |1,397.00 |1,397.00 |1,397.00 |1,397.00 |1,397.00  |1.00      |1.00      |2         |8           |0        |5.59         |0.00                   |
2019-07-29 |FG007        |1,375.00   |0.00     |0.00     |0.00     |0.00     |1,375.00  |0.00      |0.00      |0         |2           |0        |0.00         |0.00                   |
2019-07-29 |FG908        |1,485.00   |0.00     |0.00     |0.00     |0.00     |1,474.00  |-11.00    |-11.00    |0         |102         |0        |0.00         |0.00                   |
2019-07-29 |FG909        |1,496.00   |1,499.00 |1,499.00 |1,473.00 |1,477.00 |1,485.00  |-19.00    |-11.00    |225,756   |255,000     |-4,224   |670,340.94   |0.00                   |
2019-07-29 |FG910        |1,451.00   |1,447.00 |1,447.00 |1,446.00 |1,446.00 |1,447.00  |-5.00     |-4.00     |8         |12          |-8       |23.15        |0.00                   |
2019-07-29 |FG911        |1,465.00   |0.00     |0.00     |0.00     |0.00     |1,465.00  |0.00      |0.00      |0         |5,994       |0        |0.00         |0.00                   |
2019-07-29 |FG912        |1,478.00   |1,473.00 |1,476.00 |1,459.00 |1,464.00 |1,466.00  |-14.00    |-12.00    |32        |11,600      |0        |93.80        |0.00                   |
2019-07-30 |FG001        |1,430.00   |1,421.00 |1,430.00 |1,420.00 |1,422.00 |1,426.00  |-8.00     |-4.00     |47,718    |150,680     |18,524   |136,127.08   |0.00                   |
2019-07-30 |FG002        |1,435.00   |0.00     |0.00     |0.00     |0.00     |1,421.00  |-14.00    |-14.00    |0         |1,244       |0        |0.00         |0.00                   |
2019-07-30 |FG003        |1,417.00   |1,396.00 |1,417.00 |1,396.00 |1,396.00 |1,404.00  |-21.00    |-13.00    |10        |2,930       |2        |28.09        |0.00                   |
2019-07-30 |FG004        |1,429.00   |0.00     |0.00     |0.00     |0.00     |1,429.00  |0.00      |0.00      |0         |4           |0        |0.00         |0.00                   |
2019-07-30 |FG005        |1,418.00   |1,413.00 |1,419.00 |1,412.00 |1,413.00 |1,416.00  |-5.00     |-2.00     |828       |11,004      |46       |2,344.99     |0.00                   |
2019-07-30 |FG006        |1,397.00   |1,397.00 |1,397.00 |1,369.00 |1,369.00 |1,383.00  |-28.00    |-14.00    |4         |6           |-2       |11.06        |0.00                   |
2019-07-30 |FG007        |1,375.00   |0.00     |0.00     |0.00     |0.00     |1,375.00  |0.00      |0.00      |0         |2           |0        |0.00         |0.00                   |
2019-07-30 |FG908        |1,474.00   |0.00     |0.00     |0.00     |0.00     |1,474.00  |0.00      |0.00      |0         |102         |0        |0.00         |0.00                   |
2019-07-30 |FG909        |1,485.00   |1,478.00 |1,484.00 |1,471.00 |1,474.00 |1,478.00  |-11.00    |-7.00     |186,516   |253,218     |-1,782   |551,184.58   |0.00                   |
2019-07-30 |FG910        |1,447.00   |0.00     |0.00     |0.00     |0.00     |1,447.00  |0.00      |0.00      |0         |12          |0        |0.00         |0.00                   |
2019-07-30 |FG911        |1,465.00   |0.00     |0.00     |0.00     |0.00     |1,463.00  |-2.00     |-2.00     |0         |5,994       |0        |0.00         |0.00                   |
2019-07-30 |FG912        |1,466.00   |1,473.00 |1,473.00 |1,459.00 |1,460.00 |1,466.00  |-6.00     |0.00      |80        |11,664      |64       |234.61       |0.00                   |
2019-07-31 |FG001        |1,426.00   |1,422.00 |1,430.00 |1,415.00 |1,417.00 |1,422.00  |-9.00     |-4.00     |57,686    |158,782     |8,102    |164,110.12   |0.00                   |
2019-07-31 |FG002        |1,421.00   |1,417.00 |1,417.00 |1,417.00 |1,417.00 |1,417.00  |-4.00     |-4.00     |2         |1,244       |0        |5.67         |0.00                   |
2019-07-31 |FG003        |1,404.00   |0.00     |0.00     |0.00     |0.00     |1,404.00  |0.00      |0.00      |0         |2,930       |0        |0.00         |0.00                   |
2019-07-31 |FG004        |1,429.00   |0.00     |0.00     |0.00     |0.00     |1,429.00  |0.00      |0.00      |0         |4           |0        |0.00         |0.00                   |
2019-07-31 |FG005        |1,416.00   |1,412.00 |1,416.00 |1,403.00 |1,406.00 |1,409.00  |-10.00    |-7.00     |2,222     |11,440      |436      |6,261.82     |0.00                   |
2019-07-31 |FG006        |1,383.00   |1,395.00 |1,397.00 |1,364.00 |1,370.00 |1,382.00  |-13.00    |-1.00     |8         |2           |-4       |22.10        |0.00                   |
2019-07-31 |FG007        |1,375.00   |0.00     |0.00     |0.00     |0.00     |1,375.00  |0.00      |0.00      |0         |2           |0        |0.00         |0.00                   |
2019-07-31 |FG908        |1,474.00   |0.00     |0.00     |0.00     |0.00     |1,474.00  |0.00      |0.00      |0         |102         |0        |0.00         |0.00                   |
2019-07-31 |FG909        |1,478.00   |1,473.00 |1,486.00 |1,469.00 |1,474.00 |1,478.00  |-4.00     |0.00      |188,586   |250,382     |-2,836   |557,354.50   |0.00                   |
2019-07-31 |FG910        |1,447.00   |0.00     |0.00     |0.00     |0.00     |1,447.00  |0.00      |0.00      |0         |12          |0        |0.00         |0.00                   |
2019-07-31 |FG911        |1,463.00   |0.00     |0.00     |0.00     |0.00     |1,462.00  |-1.00     |-1.00     |0         |5,994       |0        |0.00         |0.00                   |
2019-07-31 |FG912        |1,466.00   |1,460.00 |1,465.00 |1,454.00 |1,454.00 |1,463.00  |-12.00    |-3.00     |138       |11,702      |38       |403.84       |0.00                   |
2019-08-01 |FG001        |1,422.00   |1,417.00 |1,424.00 |1,412.00 |1,417.00 |1,417.00  |-5.00     |-5.00     |38,364    |164,846     |6,064    |108,729.82   |0.00                   |
2019-08-01 |FG002        |1,417.00   |0.00     |0.00     |0.00     |0.00     |1,416.00  |-1.00     |-1.00     |0         |1,244       |0        |0.00         |0.00                   |
2019-08-01 |FG003        |1,404.00   |1,414.00 |1,414.00 |1,414.00 |1,414.00 |1,414.00  |10.00     |10.00     |2         |2,930       |0        |5.66         |0.00                   |
2019-08-01 |FG004        |1,429.00   |0.00     |0.00     |0.00     |0.00     |1,426.00  |-3.00     |-3.00     |0         |4           |0        |0.00         |0.00                   |
2019-08-01 |FG005        |1,409.00   |1,404.00 |1,412.00 |1,402.00 |1,404.00 |1,405.00  |-5.00     |-4.00     |1,940     |11,686      |246      |5,453.12     |0.00                   |
2019-08-01 |FG006        |1,382.00   |1,371.00 |1,389.00 |1,371.00 |1,389.00 |1,380.00  |7.00      |-2.00     |4         |2           |0        |11.04        |0.00                   |
2019-08-01 |FG007        |1,375.00   |1,360.00 |1,380.00 |1,360.00 |1,380.00 |1,370.00  |5.00      |-5.00     |4         |2           |0        |10.96        |0.00                   |
2019-08-01 |FG908        |1,474.00   |0.00     |0.00     |0.00     |0.00     |1,474.00  |0.00      |0.00      |0         |102         |0        |0.00         |1,485.00               |
2019-08-01 |FG909        |1,478.00   |1,475.00 |1,481.00 |1,470.00 |1,476.00 |1,476.00  |-2.00     |-2.00     |133,576   |237,278     |-13,104  |394,403.64   |0.00                   |
2019-08-01 |FG910        |1,447.00   |0.00     |0.00     |0.00     |0.00     |1,447.00  |0.00      |0.00      |0         |12          |0        |0.00         |0.00                   |
2019-08-01 |FG911        |1,462.00   |0.00     |0.00     |0.00     |0.00     |1,462.00  |0.00      |0.00      |0         |5,994       |0        |0.00         |0.00                   |
2019-08-01 |FG912        |1,463.00   |1,465.00 |1,465.00 |1,446.00 |1,450.00 |1,456.00  |-13.00    |-7.00     |64        |11,704      |2        |186.38       |0.00                   |
2019-08-02 |FG001        |1,417.00   |1,416.00 |1,417.00 |1,388.00 |1,392.00 |1,401.00  |-25.00    |-16.00    |82,804    |177,980     |13,134   |231,986.88   |0.00                   |
2019-08-02 |FG002        |1,416.00   |0.00     |0.00     |0.00     |0.00     |1,394.00  |-22.00    |-22.00    |0         |1,244       |0        |0.00         |0.00                   |
2019-08-02 |FG003        |1,414.00   |0.00     |0.00     |0.00     |0.00     |1,398.00  |-16.00    |-16.00    |0         |2,930       |0        |0.00         |0.00                   |
2019-08-02 |FG004        |1,426.00   |0.00     |0.00     |0.00     |0.00     |1,407.00  |-19.00    |-19.00    |0         |4           |0        |0.00         |0.00                   |
2019-08-02 |FG005        |1,405.00   |1,399.00 |1,404.00 |1,380.00 |1,382.00 |1,390.00  |-23.00    |-15.00    |3,776     |13,022      |1,336    |10,499.14    |0.00                   |
2019-08-02 |FG006        |1,380.00   |1,390.00 |1,390.00 |1,390.00 |1,390.00 |1,390.00  |10.00     |10.00     |2         |2           |0        |5.56         |0.00                   |
2019-08-02 |FG007        |1,370.00   |1,341.00 |1,365.00 |1,341.00 |1,365.00 |1,353.00  |-5.00     |-17.00    |4         |2           |0        |10.82        |0.00                   |
2019-08-02 |FG908        |1,474.00   |0.00     |0.00     |0.00     |0.00     |1,468.00  |-6.00     |-6.00     |0         |102         |0        |0.00         |1,483.00               |
2019-08-02 |FG909        |1,476.00   |1,476.00 |1,477.00 |1,463.00 |1,468.00 |1,470.00  |-8.00     |-6.00     |210,732   |239,636     |2,358    |619,405.67   |0.00                   |
2019-08-02 |FG910        |1,447.00   |1,447.00 |1,454.00 |1,447.00 |1,454.00 |1,449.00  |7.00      |2.00      |8         |6           |-6       |23.18        |0.00                   |
2019-08-02 |FG911        |1,462.00   |1,449.00 |1,451.00 |1,437.00 |1,437.00 |1,446.00  |-25.00    |-16.00    |6         |5,992       |-2       |17.35        |0.00                   |
2019-08-02 |FG912        |1,456.00   |1,452.00 |1,452.00 |1,428.00 |1,435.00 |1,439.00  |-21.00    |-17.00    |262       |11,896      |192      |754.28       |0.00                   |
2019-08-05 |FG001        |1,401.00   |1,390.00 |1,422.00 |1,389.00 |1,412.00 |1,411.00  |11.00     |10.00     |126,690   |177,254     |-726     |357,642.09   |0.00                   |
2019-08-05 |FG002        |1,394.00   |1,389.00 |1,389.00 |1,389.00 |1,389.00 |1,389.00  |-5.00     |-5.00     |100       |1,144       |-100     |277.80       |0.00                   |
2019-08-05 |FG003        |1,398.00   |1,389.00 |1,389.00 |1,389.00 |1,389.00 |1,389.00  |-9.00     |-9.00     |100       |2,830       |-100     |277.80       |0.00                   |
2019-08-05 |FG004        |1,407.00   |0.00     |0.00     |0.00     |0.00     |1,407.00  |0.00      |0.00      |0         |4           |0        |0.00         |0.00                   |
2019-08-05 |FG005        |1,390.00   |1,382.00 |1,403.00 |1,382.00 |1,395.00 |1,396.00  |5.00      |6.00      |3,298     |12,834      |-188     |9,206.60     |0.00                   |
2019-08-05 |FG006        |1,390.00   |0.00     |0.00     |0.00     |0.00     |1,390.00  |0.00      |0.00      |0         |2           |0        |0.00         |0.00                   |
2019-08-05 |FG007        |1,353.00   |0.00     |0.00     |0.00     |0.00     |1,353.00  |0.00      |0.00      |0         |2           |0        |0.00         |0.00                   |
2019-08-05 |FG908        |1,468.00   |0.00     |0.00     |0.00     |0.00     |1,480.00  |12.00     |12.00     |0         |102         |0        |0.00         |1,481.00               |
2019-08-05 |FG909        |1,470.00   |1,470.00 |1,495.00 |1,467.00 |1,484.00 |1,482.00  |14.00     |12.00     |210,418   |214,432     |-25,204  |623,560.06   |0.00                   |
2019-08-05 |FG910        |1,449.00   |1,443.00 |1,443.00 |1,443.00 |1,443.00 |1,443.00  |-6.00     |-6.00     |2         |6           |0        |5.77         |0.00                   |
2019-08-05 |FG911        |1,446.00   |1,451.00 |1,453.00 |1,451.00 |1,451.00 |1,451.00  |5.00      |5.00      |4,400     |3,952       |-2,040   |12,771.20    |0.00                   |
2019-08-05 |FG912        |1,439.00   |1,444.00 |1,454.00 |1,438.00 |1,445.00 |1,451.00  |6.00      |12.00     |4,482     |9,856       |-2,040   |13,006.30    |0.00                   |
2019-08-06 |FG001        |1,411.00   |1,414.00 |1,420.00 |1,409.00 |1,416.00 |1,415.00  |5.00      |4.00      |64,868    |182,554     |5,300    |183,528.38   |0.00                   |
2019-08-06 |FG002        |1,389.00   |1,419.00 |1,419.00 |1,419.00 |1,419.00 |1,419.00  |30.00     |30.00     |2         |1,144       |0        |5.68         |0.00                   |
2019-08-06 |FG003        |1,389.00   |0.00     |0.00     |0.00     |0.00     |1,397.00  |8.00      |8.00      |0         |2,830       |0        |0.00         |0.00                   |
2019-08-06 |FG004        |1,407.00   |0.00     |0.00     |0.00     |0.00     |1,407.00  |0.00      |0.00      |0         |4           |0        |0.00         |0.00                   |
2019-08-06 |FG005        |1,396.00   |1,394.00 |1,400.00 |1,390.00 |1,394.00 |1,394.00  |-2.00     |-2.00     |2,802     |12,522      |-312     |7,814.27     |0.00                   |
2019-08-06 |FG006        |1,390.00   |0.00     |0.00     |0.00     |0.00     |1,390.00  |0.00      |0.00      |0         |2           |0        |0.00         |0.00                   |
2019-08-06 |FG007        |1,353.00   |0.00     |0.00     |0.00     |0.00     |1,353.00  |0.00      |0.00      |0         |2           |0        |0.00         |0.00                   |
2019-08-06 |FG908        |1,480.00   |0.00     |0.00     |0.00     |0.00     |1,486.00  |6.00      |6.00      |0         |102         |0        |0.00         |1,481.00               |
2019-08-06 |FG909        |1,482.00   |1,487.00 |1,493.00 |1,483.00 |1,492.00 |1,488.00  |10.00     |6.00      |120,124   |212,938     |-1,494   |357,475.26   |0.00                   |
2019-08-06 |FG910        |1,443.00   |0.00     |0.00     |0.00     |0.00     |1,443.00  |0.00      |0.00      |0         |6           |0        |0.00         |0.00                   |
2019-08-06 |FG911        |1,451.00   |0.00     |0.00     |0.00     |0.00     |1,451.00  |0.00      |0.00      |0         |3,952       |0        |0.00         |0.00                   |
2019-08-06 |FG912        |1,451.00   |1,444.00 |1,448.00 |1,437.00 |1,445.00 |1,443.00  |-6.00     |-8.00     |60        |9,862       |6        |173.12       |0.00                   |
2019-08-07 |FG001        |1,415.00   |1,410.00 |1,413.00 |1,372.00 |1,377.00 |1,385.00  |-38.00    |-30.00    |218,194   |205,812     |23,258   |604,234.40   |0.00                   |
2019-08-07 |FG002        |1,419.00   |0.00     |0.00     |0.00     |0.00     |1,389.00  |-30.00    |-30.00    |0         |1,144       |0        |0.00         |0.00                   |
2019-08-07 |FG003        |1,397.00   |1,369.00 |1,383.00 |1,369.00 |1,383.00 |1,376.00  |-14.00    |-21.00    |12        |2,832       |2        |33.02        |0.00                   |
2019-08-07 |FG004        |1,407.00   |1,363.00 |1,375.00 |1,363.00 |1,364.00 |1,367.00  |-43.00    |-40.00    |18        |4           |0        |49.20        |0.00                   |
2019-08-07 |FG005        |1,394.00   |1,390.00 |1,390.00 |1,356.00 |1,360.00 |1,367.00  |-34.00    |-27.00    |6,968     |14,418      |1,896    |19,046.72    |0.00                   |
2019-08-07 |FG006        |1,390.00   |0.00     |0.00     |0.00     |0.00     |1,379.00  |-11.00    |-11.00    |0         |2           |0        |0.00         |0.00                   |
2019-08-07 |FG007        |1,353.00   |1,350.00 |1,379.00 |1,335.00 |1,360.00 |1,356.00  |7.00      |3.00      |8         |2           |0        |21.70        |0.00                   |
2019-08-07 |FG908        |1,486.00   |0.00     |0.00     |0.00     |0.00     |1,473.00  |-13.00    |-13.00    |0         |102         |0        |0.00         |1,478.00               |
2019-08-07 |FG909        |1,488.00   |1,489.00 |1,491.00 |1,466.00 |1,477.00 |1,475.00  |-11.00    |-13.00    |232,014   |213,080     |142      |684,323.70   |0.00                   |
2019-08-07 |FG910        |1,443.00   |1,426.00 |1,458.00 |1,425.00 |1,450.00 |1,440.00  |7.00      |-3.00     |16        |6           |0        |46.07        |0.00                   |
2019-08-07 |FG911        |1,451.00   |0.00     |0.00     |0.00     |0.00     |1,451.00  |0.00      |0.00      |0         |3,952       |0        |0.00         |0.00                   |
2019-08-07 |FG912        |1,443.00   |1,434.00 |1,434.00 |1,401.00 |1,411.00 |1,413.00  |-32.00    |-30.00    |98        |9,844       |-18      |277.02       |0.00                   |
2019-08-08 |FG001        |1,385.00   |1,379.00 |1,396.00 |1,367.00 |1,377.00 |1,383.00  |-8.00     |-2.00     |161,272   |211,396     |5,584    |446,129.96   |0.00                   |
2019-08-08 |FG002        |1,389.00   |0.00     |0.00     |0.00     |0.00     |1,382.00  |-7.00     |-7.00     |0         |1,144       |0        |0.00         |0.00                   |
2019-08-08 |FG003        |1,376.00   |0.00     |0.00     |0.00     |0.00     |1,371.00  |-5.00     |-5.00     |0         |2,832       |0        |0.00         |0.00                   |
2019-08-08 |FG004        |1,367.00   |0.00     |0.00     |0.00     |0.00     |1,367.00  |0.00      |0.00      |0         |4           |0        |0.00         |0.00                   |
2019-08-08 |FG005        |1,367.00   |1,361.00 |1,371.00 |1,351.00 |1,352.00 |1,360.00  |-15.00    |-7.00     |5,504     |15,738      |1,320    |14,972.87    |0.00                   |
2019-08-08 |FG006        |1,379.00   |1,352.00 |1,352.00 |1,352.00 |1,352.00 |1,352.00  |-27.00    |-27.00    |2         |4           |2        |5.41         |0.00                   |
2019-08-08 |FG007        |1,356.00   |0.00     |0.00     |0.00     |0.00     |1,356.00  |0.00      |0.00      |0         |2           |0        |0.00         |0.00                   |
2019-08-08 |FG908        |1,473.00   |0.00     |0.00     |0.00     |0.00     |1,471.00  |-2.00     |-2.00     |0         |102         |0        |0.00         |1,476.00               |
2019-08-08 |FG909        |1,475.00   |1,480.00 |1,488.00 |1,474.00 |1,483.00 |1,483.00  |8.00      |8.00      |126,414   |198,244     |-14,836  |374,891.75   |0.00                   |
2019-08-08 |FG910        |1,440.00   |1,397.00 |1,397.00 |1,397.00 |1,397.00 |1,397.00  |-43.00    |-43.00    |2         |8           |2        |5.59         |0.00                   |
2019-08-08 |FG911        |1,451.00   |0.00     |0.00     |0.00     |0.00     |1,451.00  |0.00      |0.00      |0         |3,952       |0        |0.00         |0.00                   |
2019-08-08 |FG912        |1,413.00   |1,412.00 |1,420.00 |1,406.00 |1,406.00 |1,417.00  |-7.00     |4.00      |104       |9,878       |34       |294.65       |0.00                   |
2019-08-09 |FG001        |1,383.00   |1,380.00 |1,389.00 |1,368.00 |1,384.00 |1,381.00  |1.00      |-2.00     |195,320   |246,244     |34,848   |539,300.53   |0.00                   |
2019-08-09 |FG002        |1,382.00   |0.00     |0.00     |0.00     |0.00     |1,382.00  |0.00      |0.00      |0         |1,144       |0        |0.00         |0.00                   |
2019-08-09 |FG003        |1,371.00   |1,372.00 |1,374.00 |1,372.00 |1,374.00 |1,373.00  |3.00      |2.00      |4         |2,830       |-2       |10.98        |0.00                   |
2019-08-09 |FG004        |1,367.00   |0.00     |0.00     |0.00     |0.00     |1,367.00  |0.00      |0.00      |0         |4           |0        |0.00         |0.00                   |
2019-08-09 |FG005        |1,360.00   |1,356.00 |1,362.00 |1,348.00 |1,360.00 |1,354.00  |0.00      |-6.00     |4,260     |16,324      |586      |11,538.59    |0.00                   |
2019-08-09 |FG006        |1,352.00   |0.00     |0.00     |0.00     |0.00     |1,352.00  |0.00      |0.00      |0         |4           |0        |0.00         |0.00                   |
2019-08-09 |FG007        |1,356.00   |0.00     |0.00     |0.00     |0.00     |1,356.00  |0.00      |0.00      |0         |2           |0        |0.00         |0.00                   |
2019-08-09 |FG908        |1,471.00   |0.00     |0.00     |0.00     |0.00     |1,469.00  |-2.00     |-2.00     |0         |102         |0        |0.00         |1,474.00               |
2019-08-09 |FG909        |1,483.00   |1,484.00 |1,490.00 |1,478.00 |1,486.00 |1,484.00  |3.00      |1.00      |118,676   |167,026     |-31,218  |352,143.55   |0.00                   |
2019-08-09 |FG910        |1,397.00   |1,402.00 |1,402.00 |1,402.00 |1,402.00 |1,402.00  |5.00      |5.00      |2         |6           |-2       |5.61         |0.00                   |
2019-08-09 |FG911        |1,451.00   |0.00     |0.00     |0.00     |0.00     |1,451.00  |0.00      |0.00      |0         |3,952       |0        |0.00         |0.00                   |
2019-08-09 |FG912        |1,417.00   |1,412.00 |1,417.00 |1,407.00 |1,414.00 |1,412.00  |-3.00     |-5.00     |102       |9,844       |-34      |288.02       |0.00                   |
2019-08-12 |FG001        |1,381.00   |1,385.00 |1,418.00 |1,379.00 |1,412.00 |1,393.00  |31.00     |12.00     |270,412   |277,938     |31,694   |753,382.46   |0.00                   |
2019-08-12 |FG002        |1,382.00   |0.00     |0.00     |0.00     |0.00     |1,391.00  |9.00      |9.00      |0         |1,144       |0        |0.00         |0.00                   |
2019-08-12 |FG003        |1,373.00   |1,385.00 |1,385.00 |1,385.00 |1,385.00 |1,385.00  |12.00     |12.00     |2         |2,830       |0        |5.54         |0.00                   |
2019-08-12 |FG004        |1,367.00   |0.00     |0.00     |0.00     |0.00     |1,385.00  |18.00     |18.00     |0         |4           |0        |0.00         |0.00                   |
2019-08-12 |FG005        |1,354.00   |1,360.00 |1,383.00 |1,353.00 |1,380.00 |1,365.00  |26.00     |11.00     |4,088     |16,614      |290      |11,162.26    |0.00                   |
2019-08-12 |FG006        |1,352.00   |1,369.00 |1,369.00 |1,369.00 |1,369.00 |1,369.00  |17.00     |17.00     |2         |2           |-2       |5.48         |0.00                   |
2019-08-12 |FG007        |1,356.00   |1,359.00 |1,359.00 |1,359.00 |1,359.00 |1,359.00  |3.00      |3.00      |2         |0           |-2       |5.44         |0.00                   |
2019-08-12 |FG908        |1,469.00   |0.00     |0.00     |0.00     |0.00     |1,482.00  |13.00     |13.00     |0         |102         |0        |0.00         |1,475.00               |
2019-08-12 |FG909        |1,484.00   |1,487.00 |1,495.00 |1,483.00 |1,492.00 |1,489.00  |8.00      |5.00      |88,652    |143,012     |-24,014  |263,960.08   |0.00                   |
2019-08-12 |FG910        |1,402.00   |0.00     |0.00     |0.00     |0.00     |1,402.00  |0.00      |0.00      |0         |6           |0        |0.00         |0.00                   |
2019-08-12 |FG911        |1,451.00   |0.00     |0.00     |0.00     |0.00     |1,451.00  |0.00      |0.00      |0         |3,952       |0        |0.00         |0.00                   |
2019-08-12 |FG912        |1,412.00   |1,414.00 |1,420.00 |1,414.00 |1,420.00 |1,416.00  |8.00      |4.00      |64        |9,804       |-40      |181.22       |0.00                   |
2019-08-13 |FG001        |1,393.00   |1,410.00 |1,412.00 |1,394.00 |1,400.00 |1,402.00  |7.00      |9.00      |173,524   |290,814     |12,876   |486,417.60   |0.00                   |
2019-08-13 |FG002        |1,391.00   |0.00     |0.00     |0.00     |0.00     |1,391.00  |0.00      |0.00      |0         |1,144       |0        |0.00         |0.00                   |
2019-08-13 |FG003        |1,385.00   |1,400.00 |1,400.00 |1,371.00 |1,371.00 |1,386.00  |-14.00    |1.00      |4         |2,830       |0        |11.08        |0.00                   |
2019-08-13 |FG004        |1,385.00   |0.00     |0.00     |0.00     |0.00     |1,385.00  |0.00      |0.00      |0         |4           |0        |0.00         |0.00                   |
2019-08-13 |FG005        |1,365.00   |1,379.00 |1,380.00 |1,363.00 |1,366.00 |1,369.00  |1.00      |4.00      |4,680     |19,054      |2,440    |12,814.90    |0.00                   |
2019-08-13 |FG006        |1,369.00   |1,395.00 |1,395.00 |1,395.00 |1,395.00 |1,395.00  |26.00     |26.00     |2         |2           |0        |5.58         |0.00                   |
2019-08-13 |FG007        |1,359.00   |0.00     |0.00     |0.00     |0.00     |1,359.00  |0.00      |0.00      |0         |0           |0        |0.00         |0.00                   |
2019-08-13 |FG908        |1,482.00   |0.00     |0.00     |0.00     |0.00     |1,492.00  |10.00     |10.00     |0         |102         |0        |0.00         |1,477.00               |
2019-08-13 |FG909        |1,489.00   |1,494.00 |1,495.00 |1,487.00 |1,490.00 |1,491.00  |1.00      |2.00      |46,516    |131,922     |-11,090  |138,672.68   |0.00                   |
2019-08-13 |FG910        |1,402.00   |1,392.00 |1,392.00 |1,392.00 |1,392.00 |1,392.00  |-10.00    |-10.00    |2         |6           |0        |5.57         |0.00                   |
2019-08-13 |FG911        |1,451.00   |0.00     |0.00     |0.00     |0.00     |1,446.00  |-5.00     |-5.00     |0         |3,952       |0        |0.00         |0.00                   |
2019-08-13 |FG912        |1,416.00   |1,413.00 |1,440.00 |1,413.00 |1,423.00 |1,424.00  |7.00      |8.00      |76        |9,808       |4        |216.42       |0.00                   |
2019-08-14 |FG001        |1,402.00   |1,401.00 |1,418.00 |1,398.00 |1,416.00 |1,411.00  |14.00     |9.00      |234,570   |315,534     |24,720   |662,066.23   |0.00                   |
2019-08-14 |FG002        |1,391.00   |0.00     |0.00     |0.00     |0.00     |1,393.00  |2.00      |2.00      |0         |1,144       |0        |0.00         |0.00                   |
2019-08-14 |FG003        |1,386.00   |0.00     |0.00     |0.00     |0.00     |1,386.00  |0.00      |0.00      |0         |2,830       |0        |0.00         |0.00                   |
2019-08-14 |FG004        |1,385.00   |0.00     |0.00     |0.00     |0.00     |1,385.00  |0.00      |0.00      |0         |4           |0        |0.00         |0.00                   |
2019-08-14 |FG005        |1,369.00   |1,367.00 |1,381.00 |1,366.00 |1,379.00 |1,375.00  |10.00     |6.00      |6,428     |18,384      |-670     |17,678.95    |0.00                   |
2019-08-14 |FG006        |1,395.00   |1,358.00 |1,358.00 |1,358.00 |1,358.00 |1,358.00  |-37.00    |-37.00    |2         |4           |2        |5.43         |0.00                   |
2019-08-14 |FG007        |1,359.00   |0.00     |0.00     |0.00     |0.00     |1,361.00  |2.00      |2.00      |0         |0           |0        |0.00         |0.00                   |
2019-08-14 |FG908        |1,492.00   |0.00     |0.00     |0.00     |0.00     |1,502.00  |10.00     |10.00     |0         |0           |-102     |0.00         |1,480.00               |
2019-08-14 |FG909        |1,491.00   |1,491.00 |1,495.00 |1,490.00 |1,493.00 |1,492.00  |2.00      |1.00      |28,908    |121,334     |-10,588  |86,283.10    |0.00                   |
2019-08-14 |FG910        |1,392.00   |0.00     |0.00     |0.00     |0.00     |1,392.00  |0.00      |0.00      |0         |6           |0        |0.00         |0.00                   |
2019-08-14 |FG911        |1,446.00   |1,454.00 |1,454.00 |1,454.00 |1,454.00 |1,454.00  |8.00      |8.00      |2         |3,952       |0        |5.82         |0.00                   |
2019-08-14 |FG912        |1,424.00   |1,428.00 |1,447.00 |1,421.00 |1,439.00 |1,438.00  |15.00     |14.00     |174       |9,878       |70       |500.58       |0.00                   |
2019-08-15 |FG001        |1,411.00   |1,419.00 |1,430.00 |1,410.00 |1,426.00 |1,420.00  |15.00     |9.00      |262,828   |330,704     |15,170   |746,543.74   |0.00                   |
2019-08-15 |FG002        |1,393.00   |0.00     |0.00     |0.00     |0.00     |1,404.00  |11.00     |11.00     |0         |1,144       |0        |0.00         |0.00                   |
2019-08-15 |FG003        |1,386.00   |0.00     |0.00     |0.00     |0.00     |1,394.00  |8.00      |8.00      |0         |2,830       |0        |0.00         |0.00                   |
2019-08-15 |FG004        |1,385.00   |0.00     |0.00     |0.00     |0.00     |1,393.00  |8.00      |8.00      |0         |4           |0        |0.00         |0.00                   |
2019-08-15 |FG005        |1,375.00   |1,380.00 |1,390.00 |1,374.00 |1,386.00 |1,382.00  |11.00     |7.00      |4,042     |18,868      |484      |11,169.69    |0.00                   |
2019-08-15 |FG006        |1,358.00   |1,412.00 |1,412.00 |1,412.00 |1,412.00 |1,412.00  |54.00     |54.00     |2         |4           |0        |5.65         |0.00                   |
2019-08-15 |FG007        |1,361.00   |0.00     |0.00     |0.00     |0.00     |1,375.00  |14.00     |14.00     |0         |0           |0        |0.00         |0.00                   |
2019-08-15 |FG008        |1,361.00   |0.00     |0.00     |0.00     |0.00     |1,361.00  |0.00      |0.00      |0         |0           |0        |0.00         |0.00                   |
2019-08-15 |FG909        |1,492.00   |1,491.00 |1,505.00 |1,491.00 |1,504.00 |1,500.00  |12.00     |8.00      |47,488    |101,244     |-20,090  |142,494.09   |0.00                   |
2019-08-15 |FG910        |1,392.00   |0.00     |0.00     |0.00     |0.00     |1,399.00  |7.00      |7.00      |0         |6           |0        |0.00         |0.00                   |
2019-08-15 |FG911        |1,454.00   |1,452.00 |1,452.00 |1,452.00 |1,452.00 |1,452.00  |-2.00     |-2.00     |1,000     |2,952       |-1,000   |2,904.00     |0.00                   |
2019-08-15 |FG912        |1,438.00   |1,442.00 |1,445.00 |1,432.00 |1,437.00 |1,437.00  |-1.00     |-1.00     |1,034     |8,890       |-988     |2,972.01     |0.00                   |
2019-08-16 |FG001        |1,420.00   |1,423.00 |1,439.00 |1,423.00 |1,426.00 |1,431.00  |6.00      |11.00     |207,982   |335,806     |5,102    |595,428.42   |0.00                   |
2019-08-16 |FG002        |1,404.00   |0.00     |0.00     |0.00     |0.00     |1,404.00  |0.00      |0.00      |0         |1,144       |0        |0.00         |0.00                   |
2019-08-16 |FG003        |1,394.00   |0.00     |0.00     |0.00     |0.00     |1,394.00  |0.00      |0.00      |0         |2,830       |0        |0.00         |0.00                   |
2019-08-16 |FG004        |1,393.00   |1,414.00 |1,414.00 |1,414.00 |1,414.00 |1,414.00  |21.00     |21.00     |2         |2           |-2       |5.66         |0.00                   |
2019-08-16 |FG005        |1,382.00   |1,385.00 |1,398.00 |1,382.00 |1,384.00 |1,389.00  |2.00      |7.00      |2,762     |19,256      |388      |7,673.28     |0.00                   |
2019-08-16 |FG006        |1,412.00   |0.00     |0.00     |0.00     |0.00     |1,412.00  |0.00      |0.00      |0         |4           |0        |0.00         |0.00                   |
2019-08-16 |FG007        |1,375.00   |0.00     |0.00     |0.00     |0.00     |1,375.00  |0.00      |0.00      |0         |0           |0        |0.00         |0.00                   |
2019-08-16 |FG008        |1,361.00   |0.00     |0.00     |0.00     |0.00     |1,361.00  |0.00      |0.00      |0         |0           |0        |0.00         |0.00                   |
2019-08-16 |FG909        |1,500.00   |1,506.00 |1,516.00 |1,504.00 |1,514.00 |1,511.00  |14.00     |11.00     |43,400    |85,568      |-15,676  |131,166.10   |0.00                   |
2019-08-16 |FG910        |1,399.00   |1,400.00 |1,430.00 |1,400.00 |1,430.00 |1,415.00  |31.00     |16.00     |4         |4           |-2       |11.32        |0.00                   |
2019-08-16 |FG911        |1,452.00   |1,449.00 |1,449.00 |1,448.00 |1,448.00 |1,449.00  |-4.00     |-3.00     |508       |2,444       |-508     |1,472.17     |0.00                   |
2019-08-16 |FG912        |1,437.00   |1,454.00 |1,463.00 |1,442.00 |1,442.00 |1,450.00  |5.00      |13.00     |654       |8,472       |-418     |1,896.12     |0.00                   |
2019-08-19 |FG001        |1,431.00   |1,427.00 |1,437.00 |1,424.00 |1,430.00 |1,430.00  |-1.00     |-1.00     |179,566   |341,930     |6,124    |513,666.85   |0.00                   |
2019-08-19 |FG002        |1,404.00   |0.00     |0.00     |0.00     |0.00     |1,409.00  |5.00      |5.00      |0         |1,144       |0        |0.00         |0.00                   |
2019-08-19 |FG003        |1,394.00   |0.00     |0.00     |0.00     |0.00     |1,398.00  |4.00      |4.00      |0         |2,830       |0        |0.00         |0.00                   |
2019-08-19 |FG004        |1,414.00   |0.00     |0.00     |0.00     |0.00     |1,410.00  |-4.00     |-4.00     |0         |2           |0        |0.00         |0.00                   |
2019-08-19 |FG005        |1,389.00   |1,385.00 |1,393.00 |1,381.00 |1,386.00 |1,387.00  |-3.00     |-2.00     |2,688     |19,696      |440      |7,456.37     |0.00                   |
2019-08-19 |FG006        |1,412.00   |0.00     |0.00     |0.00     |0.00     |1,412.00  |0.00      |0.00      |0         |4           |0        |0.00         |0.00                   |
2019-08-19 |FG007        |1,375.00   |0.00     |0.00     |0.00     |0.00     |1,375.00  |0.00      |0.00      |0         |0           |0        |0.00         |0.00                   |
2019-08-19 |FG008        |1,361.00   |0.00     |0.00     |0.00     |0.00     |1,375.00  |14.00     |14.00     |0         |0           |0        |0.00         |0.00                   |
2019-08-19 |FG909        |1,511.00   |1,514.00 |1,515.00 |1,504.00 |1,510.00 |1,510.00  |-1.00     |-1.00     |20,012    |78,532      |-7,036   |60,440.20    |0.00                   |
2019-08-19 |FG910        |1,415.00   |1,433.00 |1,470.00 |1,433.00 |1,470.00 |1,452.00  |55.00     |37.00     |4         |4           |0        |11.61        |0.00                   |
2019-08-19 |FG911        |1,449.00   |0.00     |0.00     |0.00     |0.00     |1,449.00  |0.00      |0.00      |0         |2,444       |0        |0.00         |0.00                   |
2019-08-19 |FG912        |1,450.00   |1,455.00 |1,465.00 |1,455.00 |1,461.00 |1,461.00  |11.00     |11.00     |536       |8,916       |444      |1,565.67     |0.00                   |
2019-08-20 |FG001        |1,430.00   |1,432.00 |1,438.00 |1,427.00 |1,432.00 |1,433.00  |2.00      |3.00      |141,494   |355,346     |13,416   |405,504.08   |0.00                   |
2019-08-20 |FG002        |1,409.00   |0.00     |0.00     |0.00     |0.00     |1,410.00  |1.00      |1.00      |0         |1,144       |0        |0.00         |0.00                   |
2019-08-20 |FG003        |1,398.00   |0.00     |0.00     |0.00     |0.00     |1,400.00  |2.00      |2.00      |0         |2,830       |0        |0.00         |0.00                   |
2019-08-20 |FG004        |1,410.00   |0.00     |0.00     |0.00     |0.00     |1,410.00  |0.00      |0.00      |0         |2           |0        |0.00         |0.00                   |
2019-08-20 |FG005        |1,387.00   |1,386.00 |1,391.00 |1,382.00 |1,390.00 |1,387.00  |3.00      |0.00      |3,670     |19,372      |-324     |10,183.22    |0.00                   |
2019-08-20 |FG006        |1,412.00   |0.00     |0.00     |0.00     |0.00     |1,412.00  |0.00      |0.00      |0         |4           |0        |0.00         |0.00                   |
2019-08-20 |FG007        |1,375.00   |0.00     |0.00     |0.00     |0.00     |1,380.00  |5.00      |5.00      |0         |0           |0        |0.00         |0.00                   |
2019-08-20 |FG008        |1,375.00   |0.00     |0.00     |0.00     |0.00     |1,375.00  |0.00      |0.00      |0         |0           |0        |0.00         |0.00                   |
2019-08-20 |FG909        |1,510.00   |1,511.00 |1,512.00 |1,506.00 |1,507.00 |1,508.00  |-3.00     |-2.00     |17,582    |73,952      |-4,580   |53,041.54    |0.00                   |
2019-08-20 |FG910        |1,452.00   |0.00     |0.00     |0.00     |0.00     |1,452.00  |0.00      |0.00      |0         |4           |0        |0.00         |0.00                   |
2019-08-20 |FG911        |1,449.00   |1,468.00 |1,468.00 |1,468.00 |1,468.00 |1,468.00  |19.00     |19.00     |4         |2,444       |0        |11.74        |0.00                   |
2019-08-20 |FG912        |1,461.00   |1,456.00 |1,477.00 |1,455.00 |1,455.00 |1,474.00  |-6.00     |13.00     |480       |9,286       |370      |1,415.50     |0.00                   |
2019-08-21 |FG001        |1,433.00   |1,433.00 |1,434.00 |1,415.00 |1,424.00 |1,422.00  |-9.00     |-11.00    |271,828   |364,764     |9,418    |773,023.17   |0.00                   |
2019-08-21 |FG002        |1,410.00   |0.00     |0.00     |0.00     |0.00     |1,410.00  |0.00      |0.00      |0         |1,144       |0        |0.00         |0.00                   |
2019-08-21 |FG003        |1,400.00   |0.00     |0.00     |0.00     |0.00     |1,400.00  |0.00      |0.00      |0         |2,830       |0        |0.00         |0.00                   |
2019-08-21 |FG004        |1,410.00   |0.00     |0.00     |0.00     |0.00     |1,410.00  |0.00      |0.00      |0         |2           |0        |0.00         |0.00                   |
2019-08-21 |FG005        |1,387.00   |1,390.00 |1,390.00 |1,375.00 |1,388.00 |1,383.00  |1.00      |-4.00     |7,630     |16,390      |-2,982   |21,110.32    |0.00                   |
2019-08-21 |FG006        |1,412.00   |0.00     |0.00     |0.00     |0.00     |1,410.00  |-2.00     |-2.00     |0         |4           |0        |0.00         |0.00                   |
2019-08-21 |FG007        |1,380.00   |0.00     |0.00     |0.00     |0.00     |1,380.00  |0.00      |0.00      |0         |0           |0        |0.00         |0.00                   |
2019-08-21 |FG008        |1,375.00   |0.00     |0.00     |0.00     |0.00     |1,376.00  |1.00      |1.00      |0         |0           |0        |0.00         |0.00                   |
2019-08-21 |FG909        |1,508.00   |1,506.00 |1,510.00 |1,499.00 |1,507.00 |1,505.00  |-1.00     |-3.00     |25,230    |67,280      |-6,672   |75,923.91    |0.00                   |
2019-08-21 |FG910        |1,452.00   |0.00     |0.00     |0.00     |0.00     |1,452.00  |0.00      |0.00      |0         |4           |0        |0.00         |0.00                   |
2019-08-21 |FG911        |1,468.00   |0.00     |0.00     |0.00     |0.00     |1,468.00  |0.00      |0.00      |0         |2,444       |0        |0.00         |0.00                   |
2019-08-21 |FG912        |1,474.00   |1,462.00 |1,462.00 |1,442.00 |1,455.00 |1,451.00  |-19.00    |-23.00    |234       |9,320       |34       |679.27       |0.00                   |
2019-08-22 |FG001        |1,422.00   |1,426.00 |1,427.00 |1,416.00 |1,420.00 |1,421.00  |-2.00     |-1.00     |181,720   |378,230     |13,466   |516,627.63   |0.00                   |
2019-08-22 |FG002        |1,410.00   |0.00     |0.00     |0.00     |0.00     |1,410.00  |0.00      |0.00      |0         |1,144       |0        |0.00         |0.00                   |
2019-08-22 |FG003        |1,400.00   |0.00     |0.00     |0.00     |0.00     |1,400.00  |0.00      |0.00      |0         |2,830       |0        |0.00         |0.00                   |
2019-08-22 |FG004        |1,410.00   |0.00     |0.00     |0.00     |0.00     |1,404.00  |-6.00     |-6.00     |0         |2           |0        |0.00         |0.00                   |
2019-08-22 |FG005        |1,383.00   |1,387.00 |1,388.00 |1,380.00 |1,382.00 |1,383.00  |-1.00     |0.00      |2,716     |16,500      |110      |7,513.13     |0.00                   |
2019-08-22 |FG006        |1,410.00   |0.00     |0.00     |0.00     |0.00     |1,409.00  |-1.00     |-1.00     |0         |4           |0        |0.00         |0.00                   |
2019-08-22 |FG007        |1,380.00   |0.00     |0.00     |0.00     |0.00     |1,380.00  |0.00      |0.00      |0         |0           |0        |0.00         |0.00                   |
2019-08-22 |FG008        |1,376.00   |0.00     |0.00     |0.00     |0.00     |1,376.00  |0.00      |0.00      |0         |0           |0        |0.00         |0.00                   |
2019-08-22 |FG909        |1,505.00   |1,505.00 |1,516.00 |1,505.00 |1,512.00 |1,512.00  |7.00      |7.00      |11,132    |63,058      |-4,222   |33,670.95    |0.00                   |
2019-08-22 |FG910        |1,452.00   |0.00     |0.00     |0.00     |0.00     |1,452.00  |0.00      |0.00      |0         |4           |0        |0.00         |0.00                   |
2019-08-22 |FG911        |1,468.00   |0.00     |0.00     |0.00     |0.00     |1,468.00  |0.00      |0.00      |0         |2,444       |0        |0.00         |0.00                   |
2019-08-22 |FG912        |1,451.00   |1,445.00 |1,458.00 |1,440.00 |1,443.00 |1,445.00  |-8.00     |-6.00     |108       |9,236       |-84      |312.07       |0.00                   |
2019-08-23 |FG001        |1,421.00   |1,419.00 |1,422.00 |1,396.00 |1,405.00 |1,406.00  |-16.00    |-15.00    |327,270   |363,048     |-15,182  |920,059.55   |0.00                   |
2019-08-23 |FG002        |1,410.00   |0.00     |0.00     |0.00     |0.00     |1,406.00  |-4.00     |-4.00     |0         |1,144       |0        |0.00         |0.00                   |
2019-08-23 |FG003        |1,400.00   |0.00     |0.00     |0.00     |0.00     |1,399.00  |-1.00     |-1.00     |0         |2,830       |0        |0.00         |0.00                   |
2019-08-23 |FG004        |1,404.00   |0.00     |0.00     |0.00     |0.00     |1,389.00  |-15.00    |-15.00    |0         |2           |0        |0.00         |0.00                   |
2019-08-23 |FG005        |1,383.00   |1,381.00 |1,382.00 |1,360.00 |1,366.00 |1,368.00  |-17.00    |-15.00    |7,130     |17,142      |642      |19,502.52    |0.00                   |
2019-08-23 |FG006        |1,409.00   |0.00     |0.00     |0.00     |0.00     |1,389.00  |-20.00    |-20.00    |0         |4           |0        |0.00         |0.00                   |
2019-08-23 |FG007        |1,380.00   |0.00     |0.00     |0.00     |0.00     |1,380.00  |0.00      |0.00      |0         |0           |0        |0.00         |0.00                   |
2019-08-23 |FG008        |1,376.00   |0.00     |0.00     |0.00     |0.00     |1,376.00  |0.00      |0.00      |0         |0           |0        |0.00         |0.00                   |
2019-08-23 |FG909        |1,512.00   |1,516.00 |1,525.00 |1,511.00 |1,522.00 |1,517.00  |10.00     |5.00      |19,288    |52,720      |-10,338  |58,511.42    |0.00                   |
2019-08-23 |FG910        |1,452.00   |0.00     |0.00     |0.00     |0.00     |1,457.00  |5.00      |5.00      |0         |4           |0        |0.00         |0.00                   |
2019-08-23 |FG911        |1,468.00   |0.00     |0.00     |0.00     |0.00     |1,463.00  |-5.00     |-5.00     |0         |2,444       |0        |0.00         |0.00                   |
2019-08-23 |FG912        |1,445.00   |1,441.00 |1,450.00 |1,415.00 |1,434.00 |1,425.00  |-11.00    |-20.00    |460       |9,258       |22       |1,310.68     |0.00                   |
2019-08-26 |FG001        |1,406.00   |1,402.00 |1,410.00 |1,382.00 |1,388.00 |1,394.00  |-18.00    |-12.00    |282,406   |355,930     |-7,118   |787,154.92   |0.00                   |
2019-08-26 |FG002        |1,406.00   |1,381.00 |1,402.00 |1,381.00 |1,398.00 |1,393.00  |-8.00     |-13.00    |34        |1,154       |10       |94.74        |0.00                   |
2019-08-26 |FG003        |1,399.00   |0.00     |0.00     |0.00     |0.00     |1,381.00  |-18.00    |-18.00    |0         |2,830       |0        |0.00         |0.00                   |
2019-08-26 |FG004        |1,389.00   |1,362.00 |1,380.00 |1,353.00 |1,380.00 |1,366.00  |-9.00     |-23.00    |18        |0           |-2       |49.18        |0.00                   |
2019-08-26 |FG005        |1,368.00   |1,365.00 |1,370.00 |1,351.00 |1,354.00 |1,358.00  |-14.00    |-10.00    |8,630     |20,022      |2,880    |23,445.40    |0.00                   |
2019-08-26 |FG006        |1,389.00   |0.00     |0.00     |0.00     |0.00     |1,376.00  |-13.00    |-13.00    |0         |4           |0        |0.00         |0.00                   |
2019-08-26 |FG007        |1,380.00   |0.00     |0.00     |0.00     |0.00     |1,380.00  |0.00      |0.00      |0         |0           |0        |0.00         |0.00                   |
2019-08-26 |FG008        |1,376.00   |0.00     |0.00     |0.00     |0.00     |1,376.00  |0.00      |0.00      |0         |0           |0        |0.00         |0.00                   |
2019-08-26 |FG909        |1,517.00   |1,517.00 |1,526.00 |1,517.00 |1,521.00 |1,523.00  |4.00      |6.00      |13,758    |43,280      |-9,440   |41,899.22    |0.00                   |
2019-08-26 |FG910        |1,457.00   |0.00     |0.00     |0.00     |0.00     |1,463.00  |6.00      |6.00      |0         |4           |0        |0.00         |0.00                   |
2019-08-26 |FG911        |1,463.00   |1,410.00 |1,450.00 |1,410.00 |1,445.00 |1,434.00  |-18.00    |-29.00    |54        |2,446       |2        |154.88       |0.00                   |
2019-08-26 |FG912        |1,425.00   |1,428.00 |1,430.00 |1,416.00 |1,416.00 |1,419.00  |-9.00     |-6.00     |266       |9,056       |-202     |754.82       |0.00                   |
2019-08-27 |FG001        |1,394.00   |1,390.00 |1,399.00 |1,383.00 |1,386.00 |1,391.00  |-8.00     |-3.00     |203,066   |357,080     |1,150    |564,844.55   |0.00                   |
2019-08-27 |FG002        |1,393.00   |0.00     |0.00     |0.00     |0.00     |1,387.00  |-6.00     |-6.00     |0         |1,154       |0        |0.00         |0.00                   |
2019-08-27 |FG003        |1,381.00   |0.00     |0.00     |0.00     |0.00     |1,380.00  |-1.00     |-1.00     |0         |2,830       |0        |0.00         |0.00                   |
2019-08-27 |FG004        |1,366.00   |0.00     |0.00     |0.00     |0.00     |1,364.00  |-2.00     |-2.00     |0         |0           |0        |0.00         |0.00                   |
2019-08-27 |FG005        |1,358.00   |1,355.00 |1,359.00 |1,341.00 |1,341.00 |1,350.00  |-17.00    |-8.00     |8,700     |23,974      |3,952    |23,484.21    |0.00                   |
2019-08-27 |FG006        |1,376.00   |0.00     |0.00     |0.00     |0.00     |1,364.00  |-12.00    |-12.00    |0         |4           |0        |0.00         |0.00                   |
2019-08-27 |FG007        |1,380.00   |0.00     |0.00     |0.00     |0.00     |1,364.00  |-16.00    |-16.00    |0         |0           |0        |0.00         |0.00                   |
2019-08-27 |FG008        |1,376.00   |0.00     |0.00     |0.00     |0.00     |1,368.00  |-8.00     |-8.00     |0         |0           |0        |0.00         |0.00                   |
2019-08-27 |FG909        |1,523.00   |1,520.00 |1,527.00 |1,520.00 |1,522.00 |1,524.00  |-1.00     |1.00      |14,160    |34,556      |-8,724   |43,152.20    |0.00                   |
2019-08-27 |FG910        |1,463.00   |0.00     |0.00     |0.00     |0.00     |1,464.00  |1.00      |1.00      |0         |4           |0        |0.00         |0.00                   |
2019-08-27 |FG911        |1,434.00   |1,439.00 |1,439.00 |1,439.00 |1,439.00 |1,439.00  |5.00      |5.00      |940       |1,506       |-940     |2,705.32     |0.00                   |
2019-08-27 |FG912        |1,419.00   |1,431.00 |1,433.00 |1,427.00 |1,430.00 |1,427.00  |11.00     |8.00      |964       |8,118       |-938     |2,751.41     |0.00                   |
2019-08-28 |FG001        |1,391.00   |1,388.00 |1,395.00 |1,372.00 |1,391.00 |1,382.00  |0.00      |-9.00     |240,038   |355,114     |-1,966   |663,693.02   |0.00                   |
2019-08-28 |FG002        |1,387.00   |0.00     |0.00     |0.00     |0.00     |1,387.00  |0.00      |0.00      |0         |1,154       |0        |0.00         |0.00                   |
2019-08-28 |FG003        |1,380.00   |0.00     |0.00     |0.00     |0.00     |1,380.00  |0.00      |0.00      |0         |2,830       |0        |0.00         |0.00                   |
2019-08-28 |FG004        |1,364.00   |0.00     |0.00     |0.00     |0.00     |1,364.00  |0.00      |0.00      |0         |0           |0        |0.00         |0.00                   |
2019-08-28 |FG005        |1,350.00   |1,342.00 |1,354.00 |1,333.00 |1,352.00 |1,341.00  |2.00      |-9.00     |8,778     |25,342      |1,368    |23,540.69    |0.00                   |
2019-08-28 |FG006        |1,364.00   |0.00     |0.00     |0.00     |0.00     |1,364.00  |0.00      |0.00      |0         |4           |0        |0.00         |0.00                   |
2019-08-28 |FG007        |1,364.00   |0.00     |0.00     |0.00     |0.00     |1,364.00  |0.00      |0.00      |0         |0           |0        |0.00         |0.00                   |
2019-08-28 |FG008        |1,368.00   |0.00     |0.00     |0.00     |0.00     |1,368.00  |0.00      |0.00      |0         |0           |0        |0.00         |0.00                   |
2019-08-28 |FG909        |1,524.00   |1,525.00 |1,525.00 |1,516.00 |1,524.00 |1,521.00  |0.00      |-3.00     |8,980     |30,836      |-3,720   |27,318.53    |0.00                   |
2019-08-28 |FG910        |1,464.00   |0.00     |0.00     |0.00     |0.00     |1,461.00  |-3.00     |-3.00     |0         |4           |0        |0.00         |0.00                   |
2019-08-28 |FG911        |1,439.00   |0.00     |0.00     |0.00     |0.00     |1,439.00  |0.00      |0.00      |0         |1,506       |0        |0.00         |0.00                   |
2019-08-28 |FG912        |1,427.00   |1,421.00 |1,432.00 |1,413.00 |1,432.00 |1,425.00  |5.00      |-2.00     |52        |8,124       |6        |148.20       |0.00                   |
2019-08-29 |FG001        |1,382.00   |1,390.00 |1,395.00 |1,378.00 |1,379.00 |1,387.00  |-3.00     |5.00      |161,582   |356,524     |1,410    |448,123.30   |0.00                   |
2019-08-29 |FG002        |1,387.00   |0.00     |0.00     |0.00     |0.00     |1,380.00  |-7.00     |-7.00     |0         |1,154       |0        |0.00         |0.00                   |
2019-08-29 |FG003        |1,380.00   |0.00     |0.00     |0.00     |0.00     |1,372.00  |-8.00     |-8.00     |0         |2,830       |0        |0.00         |0.00                   |
2019-08-29 |FG004        |1,364.00   |0.00     |0.00     |0.00     |0.00     |1,362.00  |-2.00     |-2.00     |0         |0           |0        |0.00         |0.00                   |
2019-08-29 |FG005        |1,341.00   |1,352.00 |1,355.00 |1,337.00 |1,339.00 |1,346.00  |-2.00     |5.00      |5,924     |26,222      |880      |15,952.20    |0.00                   |
2019-08-29 |FG006        |1,364.00   |0.00     |0.00     |0.00     |0.00     |1,364.00  |0.00      |0.00      |0         |4           |0        |0.00         |0.00                   |
2019-08-29 |FG007        |1,364.00   |0.00     |0.00     |0.00     |0.00     |1,364.00  |0.00      |0.00      |0         |0           |0        |0.00         |0.00                   |
2019-08-29 |FG008        |1,368.00   |0.00     |0.00     |0.00     |0.00     |1,368.00  |0.00      |0.00      |0         |0           |0        |0.00         |0.00                   |
2019-08-29 |FG909        |1,521.00   |1,522.00 |1,528.00 |1,522.00 |1,526.00 |1,527.00  |5.00      |6.00      |10,646    |23,434      |-7,402   |32,502.85    |0.00                   |
2019-08-29 |FG910        |1,461.00   |0.00     |0.00     |0.00     |0.00     |1,467.00  |6.00      |6.00      |0         |4           |0        |0.00         |0.00                   |
2019-08-29 |FG911        |1,439.00   |0.00     |0.00     |0.00     |0.00     |1,436.00  |-3.00     |-3.00     |0         |1,506       |0        |0.00         |0.00                   |
2019-08-29 |FG912        |1,425.00   |1,442.00 |1,445.00 |1,416.00 |1,419.00 |1,432.00  |-6.00     |7.00      |52        |8,126       |2        |148.89       |0.00                   |
2019-08-30 |FG001        |1,387.00   |1,379.00 |1,394.00 |1,374.00 |1,376.00 |1,384.00  |-11.00    |-3.00     |270,844   |365,852     |9,328    |749,850.21   |0.00                   |
2019-08-30 |FG002        |1,380.00   |1,387.00 |1,388.00 |1,367.00 |1,388.00 |1,375.00  |8.00      |-5.00     |10        |1,156       |2        |27.50        |0.00                   |
2019-08-30 |FG003        |1,372.00   |1,365.00 |1,365.00 |1,365.00 |1,365.00 |1,365.00  |-7.00     |-7.00     |2         |2,828       |-2       |5.46         |0.00                   |
2019-08-30 |FG004        |1,362.00   |0.00     |0.00     |0.00     |0.00     |1,362.00  |0.00      |0.00      |0         |0           |0        |0.00         |0.00                   |
2019-08-30 |FG005        |1,346.00   |1,342.00 |1,353.00 |1,339.00 |1,340.00 |1,344.00  |-6.00     |-2.00     |6,070     |26,604      |382      |16,322.20    |0.00                   |
2019-08-30 |FG006        |1,364.00   |1,342.00 |1,374.00 |1,335.00 |1,335.00 |1,355.00  |-29.00    |-9.00     |12        |6           |2        |32.53        |0.00                   |
2019-08-30 |FG007        |1,364.00   |0.00     |0.00     |0.00     |0.00     |1,364.00  |0.00      |0.00      |0         |0           |0        |0.00         |0.00                   |
2019-08-30 |FG008        |1,368.00   |0.00     |0.00     |0.00     |0.00     |1,368.00  |0.00      |0.00      |0         |0           |0        |0.00         |0.00                   |
2019-08-30 |FG909        |1,527.00   |1,527.00 |1,535.00 |1,525.00 |1,530.00 |1,529.00  |3.00      |2.00      |19,822    |6,806       |-16,628  |60,608.72    |0.00                   |
2019-08-30 |FG910        |1,467.00   |0.00     |0.00     |0.00     |0.00     |1,469.00  |2.00      |2.00      |0         |4           |0        |0.00         |0.00                   |
2019-08-30 |FG911        |1,436.00   |0.00     |0.00     |0.00     |0.00     |1,436.00  |0.00      |0.00      |0         |1,506       |0        |0.00         |0.00                   |
2019-08-30 |FG912        |1,432.00   |1,403.00 |1,430.00 |1,403.00 |1,421.00 |1,427.00  |-11.00    |-5.00     |226       |7,928       |-198     |645.02       |0.00                   |
2019-09-02 |FG001        |1,384.00   |1,376.00 |1,394.00 |1,373.00 |1,394.00 |1,385.00  |10.00     |1.00      |215,234   |356,736     |-9,116   |596,237.10   |0.00                   |
2019-09-02 |FG002        |1,375.00   |0.00     |0.00     |0.00     |0.00     |1,376.00  |1.00      |1.00      |0         |1,156       |0        |0.00         |0.00                   |
2019-09-02 |FG003        |1,365.00   |0.00     |0.00     |0.00     |0.00     |1,374.00  |9.00      |9.00      |0         |2,828       |0        |0.00         |0.00                   |
2019-09-02 |FG004        |1,362.00   |1,374.00 |1,374.00 |1,351.00 |1,351.00 |1,363.00  |-11.00    |1.00      |4         |2           |2        |10.90        |0.00                   |
2019-09-02 |FG005        |1,344.00   |1,341.00 |1,357.00 |1,338.00 |1,353.00 |1,350.00  |9.00      |6.00      |8,196     |25,814      |-790     |22,129.38    |0.00                   |
2019-09-02 |FG006        |1,355.00   |1,373.00 |1,373.00 |1,373.00 |1,373.00 |1,373.00  |18.00     |18.00     |2         |6           |0        |5.49         |0.00                   |
2019-09-02 |FG007        |1,364.00   |0.00     |0.00     |0.00     |0.00     |1,364.00  |0.00      |0.00      |0         |0           |0        |0.00         |0.00                   |
2019-09-02 |FG008        |1,368.00   |0.00     |0.00     |0.00     |0.00     |1,368.00  |0.00      |0.00      |0         |0           |0        |0.00         |0.00                   |
2019-09-02 |FG909        |1,529.00   |1,533.00 |1,535.00 |1,524.00 |1,533.00 |1,531.00  |4.00      |2.00      |1,986     |4,846       |-1,960   |6,080.15     |1,520.00               |
2019-09-02 |FG910        |1,469.00   |0.00     |0.00     |0.00     |0.00     |1,471.00  |2.00      |2.00      |0         |4           |0        |0.00         |0.00                   |
2019-09-02 |FG911        |1,436.00   |0.00     |0.00     |0.00     |0.00     |1,436.00  |0.00      |0.00      |0         |1,506       |0        |0.00         |0.00                   |
2019-09-02 |FG912        |1,427.00   |1,425.00 |1,426.00 |1,425.00 |1,425.00 |1,425.00  |-2.00     |-2.00     |6         |7,930       |2        |17.10        |0.00                   |
2019-09-03 |FG001        |1,385.00   |1,393.00 |1,398.00 |1,386.00 |1,387.00 |1,391.00  |2.00      |6.00      |130,340   |356,282     |-454     |362,484.60   |0.00                   |
2019-09-03 |FG002        |1,376.00   |1,392.00 |1,392.00 |1,392.00 |1,392.00 |1,392.00  |16.00     |16.00     |2         |1,156       |0        |5.57         |0.00                   |
2019-09-03 |FG003        |1,374.00   |0.00     |0.00     |0.00     |0.00     |1,374.00  |0.00      |0.00      |0         |2,828       |0        |0.00         |0.00                   |
2019-09-03 |FG004        |1,363.00   |0.00     |0.00     |0.00     |0.00     |1,363.00  |0.00      |0.00      |0         |2           |0        |0.00         |0.00                   |
2019-09-03 |FG005        |1,350.00   |1,351.00 |1,358.00 |1,348.00 |1,351.00 |1,351.00  |1.00      |1.00      |4,176     |26,482      |668      |11,287.36    |0.00                   |
2019-09-03 |FG006        |1,373.00   |0.00     |0.00     |0.00     |0.00     |1,373.00  |0.00      |0.00      |0         |6           |0        |0.00         |0.00                   |
2019-09-03 |FG007        |1,364.00   |0.00     |0.00     |0.00     |0.00     |1,364.00  |0.00      |0.00      |0         |0           |0        |0.00         |0.00                   |
2019-09-03 |FG008        |1,368.00   |0.00     |0.00     |0.00     |0.00     |1,368.00  |0.00      |0.00      |0         |0           |0        |0.00         |0.00                   |
2019-09-03 |FG909        |1,531.00   |0.00     |0.00     |0.00     |0.00     |1,531.00  |0.00      |0.00      |0         |4,846       |0        |0.00         |1,522.00               |
2019-09-03 |FG910        |1,471.00   |1,471.00 |1,471.00 |1,471.00 |1,471.00 |1,471.00  |0.00      |0.00      |2         |4           |0        |5.88         |0.00                   |
2019-09-03 |FG911        |1,436.00   |1,417.00 |1,417.00 |1,417.00 |1,417.00 |1,417.00  |-19.00    |-19.00    |2         |1,504       |-2       |5.67         |0.00                   |
2019-09-03 |FG912        |1,425.00   |1,436.00 |1,436.00 |1,424.00 |1,426.00 |1,430.00  |1.00      |5.00      |28        |7,936       |6        |80.06        |0.00                   |
2019-09-04 |FG001        |1,391.00   |1,386.00 |1,415.00 |1,381.00 |1,414.00 |1,397.00  |23.00     |6.00      |245,292   |356,946     |664      |685,212.16   |0.00                   |
2019-09-04 |FG002        |1,392.00   |1,388.00 |1,392.00 |1,388.00 |1,392.00 |1,391.00  |0.00      |-1.00     |14        |1,146       |-10      |38.96        |0.00                   |
2019-09-04 |FG003        |1,374.00   |0.00     |0.00     |0.00     |0.00     |1,384.00  |10.00     |10.00     |0         |2,828       |0        |0.00         |0.00                   |
2019-09-04 |FG004        |1,363.00   |0.00     |0.00     |0.00     |0.00     |1,370.00  |7.00      |7.00      |0         |2           |0        |0.00         |0.00                   |
2019-09-04 |FG005        |1,351.00   |1,349.00 |1,371.00 |1,344.00 |1,370.00 |1,357.00  |19.00     |6.00      |6,778     |25,844      |-638     |18,399.57    |0.00                   |
2019-09-04 |FG006        |1,373.00   |0.00     |0.00     |0.00     |0.00     |1,376.00  |3.00      |3.00      |0         |6           |0        |0.00         |0.00                   |
2019-09-04 |FG007        |1,364.00   |0.00     |0.00     |0.00     |0.00     |1,364.00  |0.00      |0.00      |0         |0           |0        |0.00         |0.00                   |
2019-09-04 |FG008        |1,368.00   |0.00     |0.00     |0.00     |0.00     |1,368.00  |0.00      |0.00      |0         |0           |0        |0.00         |0.00                   |
2019-09-04 |FG909        |1,531.00   |1,535.00 |1,535.00 |1,535.00 |1,535.00 |1,535.00  |4.00      |4.00      |64        |4,782       |-64      |196.48       |1,525.00               |
2019-09-04 |FG910        |1,471.00   |0.00     |0.00     |0.00     |0.00     |1,475.00  |4.00      |4.00      |0         |4           |0        |0.00         |0.00                   |
2019-09-04 |FG911        |1,417.00   |0.00     |0.00     |0.00     |0.00     |1,421.00  |4.00      |4.00      |0         |1,504       |0        |0.00         |0.00                   |
2019-09-04 |FG912        |1,430.00   |1,428.00 |1,451.00 |1,428.00 |1,451.00 |1,437.00  |21.00     |7.00      |30        |7,930       |-6       |86.20        |0.00                   |
2019-09-05 |FG001        |1,397.00   |1,414.00 |1,420.00 |1,408.00 |1,408.00 |1,414.00  |11.00     |17.00     |225,664   |354,762     |-2,184   |638,276.75   |0.00                   |
2019-09-05 |FG002        |1,391.00   |0.00     |0.00     |0.00     |0.00     |1,391.00  |0.00      |0.00      |0         |1,146       |0        |0.00         |0.00                   |
2019-09-05 |FG003        |1,384.00   |0.00     |0.00     |0.00     |0.00     |1,384.00  |0.00      |0.00      |0         |2,828       |0        |0.00         |0.00                   |
2019-09-05 |FG004        |1,370.00   |0.00     |0.00     |0.00     |0.00     |1,370.00  |0.00      |0.00      |0         |2           |0        |0.00         |0.00                   |
2019-09-05 |FG005        |1,357.00   |1,371.00 |1,376.00 |1,366.00 |1,367.00 |1,372.00  |10.00     |15.00     |8,544     |26,074      |230      |23,438.94    |0.00                   |
2019-09-05 |FG006        |1,376.00   |0.00     |0.00     |0.00     |0.00     |1,376.00  |0.00      |0.00      |0         |6           |0        |0.00         |0.00                   |
2019-09-05 |FG007        |1,364.00   |0.00     |0.00     |0.00     |0.00     |1,364.00  |0.00      |0.00      |0         |0           |0        |0.00         |0.00                   |
2019-09-05 |FG008        |1,368.00   |0.00     |0.00     |0.00     |0.00     |1,368.00  |0.00      |0.00      |0         |0           |0        |0.00         |0.00                   |
2019-09-05 |FG909        |1,535.00   |1,496.00 |1,500.00 |1,496.00 |1,500.00 |1,500.00  |-35.00    |-35.00    |20        |4,780       |-2       |59.98        |1,524.00               |
2019-09-05 |FG910        |1,475.00   |0.00     |0.00     |0.00     |0.00     |1,441.00  |-34.00    |-34.00    |0         |4           |0        |0.00         |0.00                   |
2019-09-05 |FG911        |1,421.00   |1,455.00 |1,478.00 |1,455.00 |1,478.00 |1,470.00  |57.00     |49.00     |6         |1,506       |2        |17.64        |0.00                   |
2019-09-05 |FG912        |1,437.00   |1,440.00 |1,455.00 |1,440.00 |1,447.00 |1,448.00  |10.00     |11.00     |58        |7,926       |-4       |168.00       |0.00                   |
2019-09-06 |FG001        |1,414.00   |1,408.00 |1,418.00 |1,406.00 |1,409.00 |1,412.00  |-5.00     |-2.00     |145,146   |355,030     |268      |409,911.02   |0.00                   |
2019-09-06 |FG002        |1,391.00   |0.00     |0.00     |0.00     |0.00     |1,391.00  |0.00      |0.00      |0         |1,146       |0        |0.00         |0.00                   |
2019-09-06 |FG003        |1,384.00   |0.00     |0.00     |0.00     |0.00     |1,384.00  |0.00      |0.00      |0         |2,828       |0        |0.00         |0.00                   |
2019-09-06 |FG004        |1,370.00   |0.00     |0.00     |0.00     |0.00     |1,370.00  |0.00      |0.00      |0         |2           |0        |0.00         |0.00                   |
2019-09-06 |FG005        |1,372.00   |1,367.00 |1,374.00 |1,365.00 |1,366.00 |1,369.00  |-6.00     |-3.00     |5,592     |25,970      |-104     |15,311.16    |0.00                   |
2019-09-06 |FG006        |1,376.00   |0.00     |0.00     |0.00     |0.00     |1,376.00  |0.00      |0.00      |0         |6           |0        |0.00         |0.00                   |
2019-09-06 |FG007        |1,364.00   |0.00     |0.00     |0.00     |0.00     |1,364.00  |0.00      |0.00      |0         |0           |0        |0.00         |0.00                   |
2019-09-06 |FG008        |1,368.00   |0.00     |0.00     |0.00     |0.00     |1,368.00  |0.00      |0.00      |0         |0           |0        |0.00         |0.00                   |
2019-09-06 |FG909        |1,500.00   |1,505.00 |1,505.00 |1,505.00 |1,505.00 |1,505.00  |5.00      |5.00      |10        |4,770       |-10      |30.10        |1,523.00               |
2019-09-06 |FG910        |1,441.00   |1,385.00 |1,403.00 |1,385.00 |1,403.00 |1,391.00  |-38.00    |-50.00    |6         |6           |2        |16.69        |0.00                   |
2019-09-06 |FG911        |1,470.00   |0.00     |0.00     |0.00     |0.00     |1,470.00  |0.00      |0.00      |0         |1,506       |0        |0.00         |0.00                   |
2019-09-06 |FG912        |1,448.00   |1,440.00 |1,451.00 |1,440.00 |1,440.00 |1,445.00  |-8.00     |-3.00     |20        |7,920       |-6       |57.78        |0.00                   |
2019-09-09 |FG001        |1,412.00   |1,409.00 |1,429.00 |1,406.00 |1,420.00 |1,420.00  |8.00      |8.00      |229,602   |364,790     |9,760    |652,251.34   |0.00                   |
2019-09-09 |FG002        |1,391.00   |0.00     |0.00     |0.00     |0.00     |1,399.00  |8.00      |8.00      |0         |1,146       |0        |0.00         |0.00                   |
2019-09-09 |FG003        |1,384.00   |0.00     |0.00     |0.00     |0.00     |1,387.00  |3.00      |3.00      |0         |2,828       |0        |0.00         |0.00                   |
2019-09-09 |FG004        |1,370.00   |0.00     |0.00     |0.00     |0.00     |1,378.00  |8.00      |8.00      |0         |2           |0        |0.00         |0.00                   |
2019-09-09 |FG005        |1,369.00   |1,367.00 |1,387.00 |1,365.00 |1,379.00 |1,378.00  |10.00     |9.00      |9,044     |25,590      |-380     |24,923.62    |0.00                   |
2019-09-09 |FG006        |1,376.00   |0.00     |0.00     |0.00     |0.00     |1,381.00  |5.00      |5.00      |0         |6           |0        |0.00         |0.00                   |
2019-09-09 |FG007        |1,364.00   |0.00     |0.00     |0.00     |0.00     |1,367.00  |3.00      |3.00      |0         |0           |0        |0.00         |0.00                   |
2019-09-09 |FG008        |1,368.00   |0.00     |0.00     |0.00     |0.00     |1,369.00  |1.00      |1.00      |0         |0           |0        |0.00         |0.00                   |
2019-09-09 |FG909        |1,505.00   |1,510.00 |1,537.00 |1,510.00 |1,537.00 |1,535.00  |32.00     |30.00     |120       |4,650       |-120     |368.34       |1,524.00               |
2019-09-09 |FG910        |1,391.00   |0.00     |0.00     |0.00     |0.00     |1,447.00  |56.00     |56.00     |0         |6           |0        |0.00         |0.00                   |
2019-09-09 |FG911        |1,470.00   |0.00     |0.00     |0.00     |0.00     |1,470.00  |0.00      |0.00      |0         |1,506       |0        |0.00         |0.00                   |
2019-09-09 |FG912        |1,445.00   |1,439.00 |1,456.00 |1,436.00 |1,436.00 |1,445.00  |-9.00     |0.00      |26        |7,930       |10       |75.12        |0.00                   |
2019-09-10 |FG001        |1,420.00   |1,429.00 |1,429.00 |1,418.00 |1,425.00 |1,423.00  |5.00      |3.00      |122,922   |362,852     |-1,938   |349,951.68   |0.00                   |
2019-09-10 |FG002        |1,399.00   |0.00     |0.00     |0.00     |0.00     |1,405.00  |6.00      |6.00      |0         |1,146       |0        |0.00         |0.00                   |
2019-09-10 |FG003        |1,387.00   |0.00     |0.00     |0.00     |0.00     |1,394.00  |7.00      |7.00      |0         |2,828       |0        |0.00         |0.00                   |
2019-09-10 |FG004        |1,378.00   |0.00     |0.00     |0.00     |0.00     |1,383.00  |5.00      |5.00      |0         |2           |0        |0.00         |0.00                   |
2019-09-10 |FG005        |1,378.00   |1,385.00 |1,385.00 |1,376.00 |1,380.00 |1,381.00  |2.00      |3.00      |4,204     |25,012      |-578     |11,608.88    |0.00                   |
2019-09-10 |FG006        |1,381.00   |0.00     |0.00     |0.00     |0.00     |1,385.00  |4.00      |4.00      |0         |6           |0        |0.00         |0.00                   |
2019-09-10 |FG007        |1,367.00   |0.00     |0.00     |0.00     |0.00     |1,379.00  |12.00     |12.00     |0         |0           |0        |0.00         |0.00                   |
2019-09-10 |FG008        |1,369.00   |0.00     |0.00     |0.00     |0.00     |1,369.00  |0.00      |0.00      |0         |0           |0        |0.00         |0.00                   |
2019-09-10 |FG909        |1,535.00   |0.00     |0.00     |0.00     |0.00     |1,535.00  |0.00      |0.00      |0         |4,650       |0        |0.00         |1,525.00               |
2019-09-10 |FG910        |1,447.00   |1,531.00 |1,531.00 |1,519.00 |1,519.00 |1,525.00  |72.00     |78.00     |4         |4           |-2       |12.20        |0.00                   |
2019-09-10 |FG911        |1,470.00   |0.00     |0.00     |0.00     |0.00     |1,470.00  |0.00      |0.00      |0         |1,506       |0        |0.00         |0.00                   |
2019-09-10 |FG912        |1,445.00   |1,458.00 |1,461.00 |1,443.00 |1,456.00 |1,454.00  |11.00     |9.00      |266       |8,082       |152      |773.74       |0.00                   |
2019-09-11 |FG001        |1,423.00   |1,427.00 |1,433.00 |1,420.00 |1,424.00 |1,426.00  |1.00      |3.00      |202,240   |369,618     |6,766    |576,915.33   |0.00                   |
2019-09-11 |FG002        |1,405.00   |0.00     |0.00     |0.00     |0.00     |1,405.00  |0.00      |0.00      |0         |1,146       |0        |0.00         |0.00                   |
2019-09-11 |FG003        |1,394.00   |1,396.00 |1,396.00 |1,396.00 |1,396.00 |1,396.00  |2.00      |2.00      |1,000     |3,828       |1,000    |2,792.00     |0.00                   |
2019-09-11 |FG004        |1,383.00   |0.00     |0.00     |0.00     |0.00     |1,383.00  |0.00      |0.00      |0         |2           |0        |0.00         |0.00                   |
2019-09-11 |FG005        |1,381.00   |1,381.00 |1,390.00 |1,379.00 |1,382.00 |1,384.00  |1.00      |3.00      |8,784     |26,474      |1,462    |24,321.70    |0.00                   |
2019-09-11 |FG006        |1,385.00   |0.00     |0.00     |0.00     |0.00     |1,385.00  |0.00      |0.00      |0         |6           |0        |0.00         |0.00                   |
2019-09-11 |FG007        |1,379.00   |0.00     |0.00     |0.00     |0.00     |1,379.00  |0.00      |0.00      |0         |0           |0        |0.00         |0.00                   |
2019-09-11 |FG008        |1,369.00   |0.00     |0.00     |0.00     |0.00     |1,375.00  |6.00      |6.00      |0         |0           |0        |0.00         |0.00                   |
2019-09-11 |FG909        |1,535.00   |1,537.00 |1,539.00 |1,520.00 |1,539.00 |1,521.00  |4.00      |-14.00    |1,624     |3,026       |-1,624   |4,938.74     |1,525.00               |
2019-09-11 |FG910        |1,525.00   |0.00     |0.00     |0.00     |0.00     |1,511.00  |-14.00    |-14.00    |0         |4           |0        |0.00         |0.00                   |
2019-09-11 |FG911        |1,470.00   |1,478.00 |1,516.00 |1,467.00 |1,498.00 |1,508.00  |28.00     |38.00     |92        |1,558       |52       |277.44       |0.00                   |
2019-09-11 |FG912        |1,454.00   |1,453.00 |1,466.00 |1,453.00 |1,463.00 |1,460.00  |9.00      |6.00      |48        |8,090       |8        |140.12       |0.00                   |
2019-09-12 |FG001        |1,426.00   |1,425.00 |1,481.00 |1,425.00 |1,452.00 |1,453.00  |26.00     |27.00     |880,554   |413,334     |43,716   |2,558,953.44 |0.00                   |
2019-09-12 |FG002        |1,405.00   |1,456.00 |1,456.00 |1,433.00 |1,433.00 |1,441.00  |28.00     |36.00     |8         |1,144       |-2       |23.05        |0.00                   |
2019-09-12 |FG003        |1,396.00   |0.00     |0.00     |0.00     |0.00     |1,421.00  |25.00     |25.00     |0         |3,828       |0        |0.00         |0.00                   |
2019-09-12 |FG004        |1,383.00   |0.00     |0.00     |0.00     |0.00     |1,409.00  |26.00     |26.00     |0         |2           |0        |0.00         |0.00                   |
2019-09-12 |FG005        |1,384.00   |1,384.00 |1,432.00 |1,383.00 |1,407.00 |1,409.00  |23.00     |25.00     |29,120    |28,922      |2,448    |82,061.74    |0.00                   |
2019-09-12 |FG006        |1,385.00   |1,394.00 |1,418.00 |1,394.00 |1,400.00 |1,405.00  |15.00     |20.00     |12        |4           |-2       |33.72        |0.00                   |
2019-09-12 |FG007        |1,379.00   |0.00     |0.00     |0.00     |0.00     |1,389.00  |10.00     |10.00     |0         |0           |0        |0.00         |0.00                   |
2019-09-12 |FG008        |1,375.00   |1,405.00 |1,405.00 |1,405.00 |1,405.00 |1,405.00  |30.00     |30.00     |2         |2           |2        |5.62         |0.00                   |
2019-09-12 |FG909        |1,521.00   |1,539.00 |1,539.00 |1,530.00 |1,530.00 |1,533.00  |9.00      |12.00     |6         |3,024       |-2       |18.40        |1,526.00               |
2019-09-12 |FG910        |1,511.00   |0.00     |0.00     |0.00     |0.00     |1,523.00  |12.00     |12.00     |0         |4           |0        |0.00         |0.00                   |
2019-09-12 |FG911        |1,508.00   |1,493.00 |1,524.00 |1,493.00 |1,498.00 |1,518.00  |-10.00    |10.00     |56        |1,522       |-36      |170.00       |0.00                   |
2019-09-12 |FG912        |1,460.00   |1,461.00 |1,492.00 |1,455.00 |1,483.00 |1,476.00  |23.00     |16.00     |230       |8,106       |16       |679.16       |0.00                   |
2019-09-16 |FG001        |1,453.00   |1,462.00 |1,471.00 |1,453.00 |1,465.00 |1,462.00  |12.00     |9.00      |241,166   |428,078     |14,744   |705,327.51   |0.00                   |
2019-09-16 |FG002        |1,441.00   |0.00     |0.00     |0.00     |0.00     |1,444.00  |3.00      |3.00      |0         |1,144       |0        |0.00         |0.00                   |
2019-09-16 |FG003        |1,421.00   |0.00     |0.00     |0.00     |0.00     |1,430.00  |9.00      |9.00      |0         |3,828       |0        |0.00         |0.00                   |
2019-09-16 |FG004        |1,409.00   |0.00     |0.00     |0.00     |0.00     |1,419.00  |10.00     |10.00     |0         |2           |0        |0.00         |0.00                   |
2019-09-16 |FG005        |1,409.00   |1,412.00 |1,424.00 |1,405.00 |1,417.00 |1,413.00  |8.00      |4.00      |6,466     |28,184      |-738     |18,275.46    |0.00                   |
2019-09-16 |FG006        |1,405.00   |1,389.00 |1,389.00 |1,389.00 |1,389.00 |1,389.00  |-16.00    |-16.00    |2         |6           |2        |5.56         |0.00                   |
2019-09-16 |FG007        |1,389.00   |0.00     |0.00     |0.00     |0.00     |1,389.00  |0.00      |0.00      |0         |0           |0        |0.00         |0.00                   |
2019-09-16 |FG008        |1,405.00   |0.00     |0.00     |0.00     |0.00     |1,405.00  |0.00      |0.00      |0         |2           |0        |0.00         |0.00                   |
2019-09-16 |FG909        |1,533.00   |1,561.00 |1,561.00 |1,471.00 |1,471.00 |1,501.00  |-62.00    |-32.00    |2,574     |0           |-3,024   |7,727.17     |1,523.00               |
2019-09-16 |FG910        |1,523.00   |0.00     |0.00     |0.00     |0.00     |1,523.00  |0.00      |0.00      |0         |4           |0        |0.00         |0.00                   |
2019-09-16 |FG911        |1,518.00   |1,500.00 |1,516.00 |1,490.00 |1,516.00 |1,500.00  |-2.00     |-18.00    |490       |1,044       |-478     |1,469.97     |0.00                   |
2019-09-16 |FG912        |1,476.00   |1,467.00 |1,491.00 |1,467.00 |1,489.00 |1,481.00  |13.00     |5.00      |54        |8,110       |4        |159.91       |0.00                   |
2019-09-17 |FG001        |1,462.00   |1,465.00 |1,466.00 |1,444.00 |1,453.00 |1,455.00  |-9.00     |-7.00     |256,616   |408,980     |-19,098  |746,673.64   |0.00                   |
2019-09-17 |FG002        |1,444.00   |0.00     |0.00     |0.00     |0.00     |1,444.00  |0.00      |0.00      |0         |1,144       |0        |0.00         |0.00                   |
2019-09-17 |FG003        |1,430.00   |1,430.00 |1,430.00 |1,430.00 |1,430.00 |1,430.00  |0.00      |0.00      |360       |4,188       |360      |1,029.60     |0.00                   |
2019-09-17 |FG004        |1,419.00   |0.00     |0.00     |0.00     |0.00     |1,419.00  |0.00      |0.00      |0         |2           |0        |0.00         |0.00                   |
2019-09-17 |FG005        |1,413.00   |1,416.00 |1,416.00 |1,396.00 |1,409.00 |1,409.00  |-4.00     |-4.00     |15,544    |34,336      |6,152    |43,817.98    |0.00                   |
2019-09-17 |FG006        |1,389.00   |1,412.00 |1,412.00 |1,387.00 |1,387.00 |1,395.00  |-2.00     |6.00      |6         |6           |0        |16.74        |0.00                   |
2019-09-17 |FG007        |1,389.00   |0.00     |0.00     |0.00     |0.00     |1,389.00  |0.00      |0.00      |0         |0           |0        |0.00         |0.00                   |
2019-09-17 |FG008        |1,405.00   |0.00     |0.00     |0.00     |0.00     |1,405.00  |0.00      |0.00      |0         |2           |0        |0.00         |0.00                   |
2019-09-17 |FG009        |1,405.00   |1,403.00 |1,403.00 |1,369.00 |1,379.00 |1,381.00  |-26.00    |-24.00    |654       |584         |584      |1,805.99     |0.00                   |
2019-09-17 |FG910        |1,523.00   |1,464.00 |1,562.00 |1,463.00 |1,463.00 |1,496.00  |-60.00    |-27.00    |6         |6           |2        |17.96        |0.00                   |
2019-09-17 |FG911        |1,500.00   |1,496.00 |1,506.00 |1,496.00 |1,506.00 |1,501.00  |6.00      |1.00      |4         |1,044       |0        |12.01        |0.00                   |
2019-09-17 |FG912        |1,481.00   |1,480.00 |1,495.00 |1,473.00 |1,491.00 |1,483.00  |10.00     |2.00      |186       |8,156       |46       |551.56       |0.00                   |
2019-09-18 |FG001        |1,455.00   |1,453.00 |1,465.00 |1,448.00 |1,454.00 |1,456.00  |-1.00     |1.00      |211,280   |421,592     |12,612   |615,427.49   |0.00                   |
2019-09-18 |FG002        |1,444.00   |1,447.00 |1,450.00 |1,441.00 |1,445.00 |1,446.00  |1.00      |2.00      |16        |1,144       |0        |46.28        |0.00                   |
2019-09-18 |FG003        |1,430.00   |0.00     |0.00     |0.00     |0.00     |1,430.00  |0.00      |0.00      |0         |4,188       |0        |0.00         |0.00                   |
2019-09-18 |FG004        |1,419.00   |0.00     |0.00     |0.00     |0.00     |1,419.00  |0.00      |0.00      |0         |2           |0        |0.00         |0.00                   |
2019-09-18 |FG005        |1,409.00   |1,409.00 |1,417.00 |1,405.00 |1,410.00 |1,411.00  |1.00      |2.00      |7,830     |34,736      |400      |22,092.25    |0.00                   |
2019-09-18 |FG006        |1,395.00   |1,408.00 |1,408.00 |1,408.00 |1,408.00 |1,408.00  |13.00     |13.00     |2         |8           |2        |5.63         |0.00                   |
2019-09-18 |FG007        |1,389.00   |0.00     |0.00     |0.00     |0.00     |1,389.00  |0.00      |0.00      |0         |0           |0        |0.00         |0.00                   |
2019-09-18 |FG008        |1,405.00   |0.00     |0.00     |0.00     |0.00     |1,405.00  |0.00      |0.00      |0         |2           |0        |0.00         |0.00                   |
2019-09-18 |FG009        |1,381.00   |1,380.00 |1,384.00 |1,375.00 |1,377.00 |1,379.00  |-4.00     |-2.00     |534       |770         |186      |1,472.30     |0.00                   |
2019-09-18 |FG910        |1,496.00   |0.00     |0.00     |0.00     |0.00     |1,497.00  |1.00      |1.00      |0         |6           |0        |0.00         |0.00                   |
2019-09-18 |FG911        |1,501.00   |0.00     |0.00     |0.00     |0.00     |1,501.00  |0.00      |0.00      |0         |1,044       |0        |0.00         |0.00                   |
2019-09-18 |FG912        |1,483.00   |1,481.00 |1,494.00 |1,481.00 |1,483.00 |1,491.00  |0.00      |8.00      |108       |8,200       |44       |322.03       |0.00                   |
2019-09-19 |FG001        |1,456.00   |1,458.00 |1,459.00 |1,438.00 |1,440.00 |1,445.00  |-16.00    |-11.00    |311,426   |413,286     |-8,306   |899,711.58   |0.00                   |
2019-09-19 |FG002        |1,446.00   |1,419.00 |1,421.00 |1,418.00 |1,420.00 |1,419.00  |-26.00    |-27.00    |52        |1,180       |36       |147.59       |0.00                   |
2019-09-19 |FG003        |1,430.00   |0.00     |0.00     |0.00     |0.00     |1,430.00  |0.00      |0.00      |0         |4,188       |0        |0.00         |0.00                   |
2019-09-19 |FG004        |1,419.00   |0.00     |0.00     |0.00     |0.00     |1,418.00  |-1.00     |-1.00     |0         |2           |0        |0.00         |0.00                   |
2019-09-19 |FG005        |1,411.00   |1,412.00 |1,413.00 |1,397.00 |1,401.00 |1,403.00  |-10.00    |-8.00     |11,426    |35,970      |1,234    |32,051.51    |0.00                   |
2019-09-19 |FG006        |1,408.00   |1,379.00 |1,380.00 |1,379.00 |1,380.00 |1,380.00  |-28.00    |-28.00    |4         |10          |2        |11.04        |0.00                   |
2019-09-19 |FG007        |1,389.00   |0.00     |0.00     |0.00     |0.00     |1,389.00  |0.00      |0.00      |0         |0           |0        |0.00         |0.00                   |
2019-09-19 |FG008        |1,405.00   |0.00     |0.00     |0.00     |0.00     |1,405.00  |0.00      |0.00      |0         |2           |0        |0.00         |0.00                   |
2019-09-19 |FG009        |1,379.00   |1,378.00 |1,381.00 |1,366.00 |1,372.00 |1,370.00  |-7.00     |-9.00     |1,304     |1,592       |822      |3,571.88     |0.00                   |
2019-09-19 |FG910        |1,497.00   |0.00     |0.00     |0.00     |0.00     |1,497.00  |0.00      |0.00      |0         |6           |0        |0.00         |0.00                   |
2019-09-19 |FG911        |1,501.00   |0.00     |0.00     |0.00     |0.00     |1,501.00  |0.00      |0.00      |0         |1,044       |0        |0.00         |0.00                   |
2019-09-19 |FG912        |1,491.00   |1,483.00 |1,483.00 |1,475.00 |1,480.00 |1,478.00  |-11.00    |-13.00    |92        |8,230       |30       |271.97       |0.00                   |
2019-09-20 |FG001        |1,445.00   |1,444.00 |1,450.00 |1,431.00 |1,434.00 |1,441.00  |-11.00    |-4.00     |219,464   |418,684     |5,398    |632,401.61   |0.00                   |
2019-09-20 |FG002        |1,419.00   |1,420.00 |1,420.00 |1,417.00 |1,418.00 |1,418.00  |-1.00     |-1.00     |26        |1,154       |-26      |73.75        |0.00                   |
2019-09-20 |FG003        |1,430.00   |0.00     |0.00     |0.00     |0.00     |1,424.00  |-6.00     |-6.00     |0         |4,188       |0        |0.00         |0.00                   |
2019-09-20 |FG004        |1,418.00   |0.00     |0.00     |0.00     |0.00     |1,409.00  |-9.00     |-9.00     |0         |2           |0        |0.00         |0.00                   |
2019-09-20 |FG005        |1,403.00   |1,403.00 |1,408.00 |1,386.00 |1,390.00 |1,397.00  |-13.00    |-6.00     |9,004     |36,044      |74       |25,150.86    |0.00                   |
2019-09-20 |FG006        |1,380.00   |1,373.00 |1,373.00 |1,362.00 |1,362.00 |1,368.00  |-18.00    |-12.00    |4         |14          |4        |10.94        |0.00                   |
2019-09-20 |FG007        |1,389.00   |0.00     |0.00     |0.00     |0.00     |1,389.00  |0.00      |0.00      |0         |0           |0        |0.00         |0.00                   |
2019-09-20 |FG008        |1,405.00   |0.00     |0.00     |0.00     |0.00     |1,400.00  |-5.00     |-5.00     |0         |2           |0        |0.00         |0.00                   |
2019-09-20 |FG009        |1,370.00   |1,372.00 |1,374.00 |1,359.00 |1,360.00 |1,366.00  |-10.00    |-4.00     |1,016     |2,238       |646      |2,775.78     |0.00                   |
2019-09-20 |FG910        |1,497.00   |0.00     |0.00     |0.00     |0.00     |1,493.00  |-4.00     |-4.00     |0         |6           |0        |0.00         |0.00                   |
2019-09-20 |FG911        |1,501.00   |0.00     |0.00     |0.00     |0.00     |1,497.00  |-4.00     |-4.00     |0         |1,044       |0        |0.00         |0.00                   |
2019-09-20 |FG912        |1,478.00   |1,485.00 |1,485.00 |1,472.00 |1,473.00 |1,476.00  |-5.00     |-2.00     |58        |8,196       |-34      |171.26       |0.00                   |
2019-09-23 |FG001        |1,441.00   |1,436.00 |1,439.00 |1,422.00 |1,436.00 |1,429.00  |-5.00     |-12.00    |278,514   |419,122     |438      |795,921.76   |0.00                   |
2019-09-23 |FG002        |1,418.00   |1,418.00 |1,418.00 |1,418.00 |1,418.00 |1,418.00  |0.00      |0.00      |10        |1,144       |-10      |28.36        |0.00                   |
2019-09-23 |FG003        |1,424.00   |0.00     |0.00     |0.00     |0.00     |1,424.00  |0.00      |0.00      |0         |4,188       |0        |0.00         |0.00                   |
2019-09-23 |FG004        |1,409.00   |0.00     |0.00     |0.00     |0.00     |1,409.00  |0.00      |0.00      |0         |2           |0        |0.00         |0.00                   |
2019-09-23 |FG005        |1,397.00   |1,395.00 |1,399.00 |1,383.00 |1,397.00 |1,390.00  |0.00      |-7.00     |10,360    |37,646      |1,602    |28,799.65    |0.00                   |
2019-09-23 |FG006        |1,368.00   |1,382.00 |1,393.00 |1,378.00 |1,393.00 |1,385.00  |25.00     |17.00     |12        |4           |-10      |33.23        |0.00                   |
2019-09-23 |FG007        |1,389.00   |0.00     |0.00     |0.00     |0.00     |1,389.00  |0.00      |0.00      |0         |0           |0        |0.00         |0.00                   |
2019-09-23 |FG008        |1,400.00   |0.00     |0.00     |0.00     |0.00     |1,400.00  |0.00      |0.00      |0         |2           |0        |0.00         |0.00                   |
2019-09-23 |FG009        |1,366.00   |1,360.00 |1,370.00 |1,358.00 |1,368.00 |1,362.00  |2.00      |-4.00     |1,076     |2,412       |174      |2,931.73     |0.00                   |
2019-09-23 |FG910        |1,493.00   |1,493.00 |1,493.00 |1,493.00 |1,493.00 |1,493.00  |0.00      |0.00      |2         |6           |0        |5.97         |0.00                   |
2019-09-23 |FG911        |1,497.00   |1,495.00 |1,495.00 |1,495.00 |1,495.00 |1,495.00  |-2.00     |-2.00     |2         |1,042       |-2       |5.98         |0.00                   |
2019-09-23 |FG912        |1,476.00   |1,466.00 |1,478.00 |1,461.00 |1,472.00 |1,467.00  |-4.00     |-9.00     |194       |8,136       |-60      |569.10       |0.00                   |
2019-09-24 |FG001        |1,429.00   |1,437.00 |1,439.00 |1,391.00 |1,399.00 |1,415.00  |-30.00    |-14.00    |408,550   |423,072     |3,950    |1,156,412.27 |0.00                   |
2019-09-24 |FG002        |1,418.00   |1,413.00 |1,413.00 |1,406.00 |1,406.00 |1,410.00  |-12.00    |-8.00     |4         |1,148       |4        |11.28        |0.00                   |
2019-09-24 |FG003        |1,424.00   |0.00     |0.00     |0.00     |0.00     |1,391.00  |-33.00    |-33.00    |0         |4,188       |0        |0.00         |0.00                   |
2019-09-24 |FG004        |1,409.00   |0.00     |0.00     |0.00     |0.00     |1,393.00  |-16.00    |-16.00    |0         |2           |0        |0.00         |0.00                   |
2019-09-24 |FG005        |1,390.00   |1,398.00 |1,402.00 |1,366.00 |1,373.00 |1,381.00  |-17.00    |-9.00     |20,442    |39,342      |1,696    |56,470.24    |0.00                   |
2019-09-24 |FG006        |1,385.00   |0.00     |0.00     |0.00     |0.00     |1,375.00  |-10.00    |-10.00    |0         |4           |0        |0.00         |0.00                   |
2019-09-24 |FG007        |1,389.00   |0.00     |0.00     |0.00     |0.00     |1,381.00  |-8.00     |-8.00     |0         |0           |0        |0.00         |0.00                   |
2019-09-24 |FG008        |1,400.00   |0.00     |0.00     |0.00     |0.00     |1,391.00  |-9.00     |-9.00     |0         |2           |0        |0.00         |0.00                   |
2019-09-24 |FG009        |1,362.00   |1,368.00 |1,372.00 |1,344.00 |1,348.00 |1,354.00  |-14.00    |-8.00     |4,122     |5,628       |3,216    |11,161.53    |0.00                   |
2019-09-24 |FG910        |1,493.00   |1,551.00 |1,551.00 |1,551.00 |1,551.00 |1,551.00  |58.00     |58.00     |4         |2           |-4       |12.41        |0.00                   |
2019-09-24 |FG911        |1,495.00   |1,477.00 |1,477.00 |1,477.00 |1,477.00 |1,477.00  |-18.00    |-18.00    |2         |1,042       |0        |5.91         |0.00                   |
2019-09-24 |FG912        |1,467.00   |1,486.00 |1,486.00 |1,442.00 |1,454.00 |1,459.00  |-13.00    |-8.00     |196       |8,096       |-40      |571.94       |0.00                   |
2019-09-25 |FG001        |1,415.00   |1,404.00 |1,413.00 |1,399.00 |1,410.00 |1,407.00  |-5.00     |-8.00     |226,324   |373,534     |-49,538  |636,694.64   |0.00                   |
2019-09-25 |FG002        |1,410.00   |0.00     |0.00     |0.00     |0.00     |1,407.00  |-3.00     |-3.00     |0         |1,148       |0        |0.00         |0.00                   |
2019-09-25 |FG003        |1,391.00   |0.00     |0.00     |0.00     |0.00     |1,391.00  |0.00      |0.00      |0         |4,188       |0        |0.00         |0.00                   |
2019-09-25 |FG004        |1,393.00   |0.00     |0.00     |0.00     |0.00     |1,393.00  |0.00      |0.00      |0         |2           |0        |0.00         |0.00                   |
2019-09-25 |FG005        |1,381.00   |1,373.00 |1,380.00 |1,370.00 |1,378.00 |1,375.00  |-3.00     |-6.00     |9,044     |39,088      |-254     |24,873.87    |0.00                   |
2019-09-25 |FG006        |1,375.00   |0.00     |0.00     |0.00     |0.00     |1,375.00  |0.00      |0.00      |0         |4           |0        |0.00         |0.00                   |
2019-09-25 |FG007        |1,381.00   |0.00     |0.00     |0.00     |0.00     |1,378.00  |-3.00     |-3.00     |0         |0           |0        |0.00         |0.00                   |
2019-09-25 |FG008        |1,391.00   |0.00     |0.00     |0.00     |0.00     |1,391.00  |0.00      |0.00      |0         |2           |0        |0.00         |0.00                   |
2019-09-25 |FG009        |1,354.00   |1,349.00 |1,353.00 |1,345.00 |1,351.00 |1,350.00  |-3.00     |-4.00     |1,838     |6,432       |804      |4,960.86     |0.00                   |
2019-09-25 |FG910        |1,551.00   |0.00     |0.00     |0.00     |0.00     |1,488.00  |-63.00    |-63.00    |0         |2           |0        |0.00         |0.00                   |
2019-09-25 |FG911        |1,477.00   |0.00     |0.00     |0.00     |0.00     |1,469.00  |-8.00     |-8.00     |0         |1,042       |0        |0.00         |0.00                   |
2019-09-25 |FG912        |1,459.00   |1,451.00 |1,460.00 |1,449.00 |1,451.00 |1,453.00  |-8.00     |-6.00     |320       |8,030       |-66      |930.01       |0.00                   |
2019-09-26 |FG001        |1,407.00   |1,409.00 |1,435.00 |1,403.00 |1,430.00 |1,415.00  |23.00     |8.00      |252,536   |353,310     |-20,224  |714,438.00   |0.00                   |
2019-09-26 |FG002        |1,407.00   |1,397.00 |1,397.00 |1,396.00 |1,396.00 |1,397.00  |-11.00    |-10.00    |4         |1,144       |-4       |11.17        |0.00                   |
2019-09-26 |FG003        |1,391.00   |1,374.00 |1,401.00 |1,374.00 |1,401.00 |1,395.00  |10.00     |4.00      |16        |4,192       |4        |44.65        |0.00                   |
2019-09-26 |FG004        |1,393.00   |0.00     |0.00     |0.00     |0.00     |1,401.00  |8.00      |8.00      |0         |2           |0        |0.00         |0.00                   |
2019-09-26 |FG005        |1,375.00   |1,377.00 |1,400.00 |1,372.00 |1,394.00 |1,382.00  |19.00     |7.00      |11,356    |40,842      |1,754    |31,383.68    |0.00                   |
2019-09-26 |FG006        |1,375.00   |0.00     |0.00     |0.00     |0.00     |1,375.00  |0.00      |0.00      |0         |4           |0        |0.00         |0.00                   |
2019-09-26 |FG007        |1,378.00   |0.00     |0.00     |0.00     |0.00     |1,378.00  |0.00      |0.00      |0         |0           |0        |0.00         |0.00                   |
2019-09-26 |FG008        |1,391.00   |1,380.00 |1,380.00 |1,380.00 |1,380.00 |1,380.00  |-11.00    |-11.00    |2         |2           |0        |5.52         |0.00                   |
2019-09-26 |FG009        |1,350.00   |1,351.00 |1,363.00 |1,347.00 |1,360.00 |1,354.00  |10.00     |4.00      |1,644     |6,240       |-192     |4,453.33     |0.00                   |
2019-09-26 |FG910        |1,488.00   |1,403.00 |1,410.00 |1,403.00 |1,410.00 |1,406.00  |-78.00    |-82.00    |6         |2           |0        |16.87        |0.00                   |
2019-09-26 |FG911        |1,469.00   |0.00     |0.00     |0.00     |0.00     |1,410.00  |-59.00    |-59.00    |0         |1,042       |0        |0.00         |0.00                   |
2019-09-26 |FG912        |1,453.00   |1,451.00 |1,475.00 |1,446.00 |1,475.00 |1,460.00  |22.00     |7.00      |96        |7,964       |-66      |280.28       |0.00                   |
2019-09-27 |FG001        |1,415.00   |1,436.00 |1,454.00 |1,432.00 |1,445.00 |1,441.00  |30.00     |26.00     |420,444   |362,236     |8,926    |1,211,738.98 |0.00                   |
2019-09-27 |FG002        |1,397.00   |1,437.00 |1,437.00 |1,420.00 |1,425.00 |1,428.00  |28.00     |31.00     |10        |1,146       |2        |28.56        |0.00                   |
2019-09-27 |FG003        |1,395.00   |0.00     |0.00     |0.00     |0.00     |1,409.00  |14.00     |14.00     |0         |4,192       |0        |0.00         |0.00                   |
2019-09-27 |FG004        |1,401.00   |1,399.00 |1,402.00 |1,399.00 |1,402.00 |1,401.00  |1.00      |0.00      |8         |8           |6        |22.41        |0.00                   |
2019-09-27 |FG005        |1,382.00   |1,398.00 |1,410.00 |1,394.00 |1,406.00 |1,401.00  |24.00     |19.00     |20,920    |41,218      |376      |58,621.71    |0.00                   |
2019-09-27 |FG006        |1,375.00   |0.00     |0.00     |0.00     |0.00     |1,382.00  |7.00      |7.00      |0         |4           |0        |0.00         |0.00                   |
2019-09-27 |FG007        |1,378.00   |0.00     |0.00     |0.00     |0.00     |1,378.00  |0.00      |0.00      |0         |0           |0        |0.00         |0.00                   |
2019-09-27 |FG008        |1,380.00   |0.00     |0.00     |0.00     |0.00     |1,381.00  |1.00      |1.00      |0         |2           |0        |0.00         |0.00                   |
2019-09-27 |FG009        |1,354.00   |1,365.00 |1,374.00 |1,363.00 |1,369.00 |1,369.00  |15.00     |15.00     |2,248     |5,546       |-694     |6,153.31     |0.00                   |
2019-09-27 |FG910        |1,406.00   |0.00     |0.00     |0.00     |0.00     |1,432.00  |26.00     |26.00     |0         |2           |0        |0.00         |0.00                   |
2019-09-27 |FG911        |1,410.00   |0.00     |0.00     |0.00     |0.00     |1,436.00  |26.00     |26.00     |0         |1,042       |0        |0.00         |0.00                   |
2019-09-27 |FG912        |1,460.00   |1,480.00 |1,490.00 |1,479.00 |1,490.00 |1,484.00  |30.00     |24.00     |106       |7,914       |-50      |314.60       |0.00                   |
2019-09-30 |FG001        |1,441.00   |1,441.00 |1,461.00 |1,436.00 |1,459.00 |1,451.00  |18.00     |10.00     |234,704   |340,056     |-22,180  |681,111.13   |0.00                   |
2019-09-30 |FG002        |1,428.00   |1,415.00 |1,450.00 |1,415.00 |1,450.00 |1,436.00  |22.00     |8.00      |14        |1,150       |4        |40.20        |0.00                   |
2019-09-30 |FG003        |1,409.00   |0.00     |0.00     |0.00     |0.00     |1,423.00  |14.00     |14.00     |0         |4,192       |0        |0.00         |0.00                   |
2019-09-30 |FG004        |1,401.00   |1,408.00 |1,408.00 |1,408.00 |1,408.00 |1,408.00  |7.00      |7.00      |24        |32          |24       |67.58        |0.00                   |
2019-09-30 |FG005        |1,401.00   |1,403.00 |1,417.00 |1,398.00 |1,415.00 |1,410.00  |14.00     |9.00      |12,046    |40,438      |-780     |33,981.25    |0.00                   |
2019-09-30 |FG006        |1,382.00   |0.00     |0.00     |0.00     |0.00     |1,390.00  |8.00      |8.00      |0         |4           |0        |0.00         |0.00                   |
2019-09-30 |FG007        |1,378.00   |0.00     |0.00     |0.00     |0.00     |1,381.00  |3.00      |3.00      |0         |0           |0        |0.00         |0.00                   |
2019-09-30 |FG008        |1,381.00   |0.00     |0.00     |0.00     |0.00     |1,390.00  |9.00      |9.00      |0         |2           |0        |0.00         |0.00                   |
2019-09-30 |FG009        |1,369.00   |1,368.00 |1,395.00 |1,367.00 |1,387.00 |1,381.00  |18.00     |12.00     |1,970     |5,274       |-272     |5,440.83     |0.00                   |
2019-09-30 |FG910        |1,432.00   |0.00     |0.00     |0.00     |0.00     |1,533.00  |101.00    |101.00    |0         |2           |0        |0.00         |0.00                   |
2019-09-30 |FG911        |1,436.00   |0.00     |0.00     |0.00     |0.00     |1,446.00  |10.00     |10.00     |0         |1,042       |0        |0.00         |0.00                   |
2019-09-30 |FG912        |1,484.00   |1,483.00 |1,504.00 |1,483.00 |1,504.00 |1,497.00  |20.00     |13.00     |58        |7,896       |-18      |173.70       |0.00                   |
2019-10-08 |FG001        |1,451.00   |1,457.00 |1,458.00 |1,440.00 |1,453.00 |1,451.00  |2.00      |0.00      |130,516   |346,044     |5,988    |378,802.85   |0.00                   |
2019-10-08 |FG002        |1,436.00   |0.00     |0.00     |0.00     |0.00     |1,436.00  |0.00      |0.00      |0         |1,150       |0        |0.00         |0.00                   |
2019-10-08 |FG003        |1,423.00   |0.00     |0.00     |0.00     |0.00     |1,423.00  |0.00      |0.00      |0         |4,192       |0        |0.00         |0.00                   |
2019-10-08 |FG004        |1,408.00   |1,398.00 |1,410.00 |1,398.00 |1,410.00 |1,409.00  |2.00      |1.00      |26        |6           |-26      |73.27        |0.00                   |
2019-10-08 |FG005        |1,410.00   |1,410.00 |1,414.00 |1,389.00 |1,412.00 |1,405.00  |2.00      |-5.00     |8,608     |40,626      |188      |24,194.74    |0.00                   |
2019-10-08 |FG006        |1,390.00   |0.00     |0.00     |0.00     |0.00     |1,390.00  |0.00      |0.00      |0         |4           |0        |0.00         |0.00                   |
2019-10-08 |FG007        |1,381.00   |0.00     |0.00     |0.00     |0.00     |1,383.00  |2.00      |2.00      |0         |0           |0        |0.00         |0.00                   |
2019-10-08 |FG008        |1,390.00   |0.00     |0.00     |0.00     |0.00     |1,390.00  |0.00      |0.00      |0         |2           |0        |0.00         |0.00                   |
2019-10-08 |FG009        |1,381.00   |1,387.00 |1,387.00 |1,364.00 |1,383.00 |1,376.00  |2.00      |-5.00     |542       |5,382       |108      |1,491.68     |0.00                   |
2019-10-08 |FG910        |1,533.00   |1,687.00 |1,687.00 |1,687.00 |1,687.00 |1,687.00  |154.00    |154.00    |4         |0           |-2       |13.50        |1,508.00               |
2019-10-08 |FG911        |1,446.00   |1,507.00 |1,507.00 |1,507.00 |1,507.00 |1,507.00  |61.00     |61.00     |2         |1,042       |0        |6.03         |0.00                   |
2019-10-08 |FG912        |1,497.00   |1,492.00 |1,509.00 |1,492.00 |1,498.00 |1,498.00  |1.00      |1.00      |18        |7,898       |2        |53.94        |0.00                   |
2019-10-09 |FG001        |1,451.00   |1,453.00 |1,454.00 |1,438.00 |1,445.00 |1,446.00  |-6.00     |-5.00     |248,204   |391,784     |45,740   |717,735.66   |0.00                   |
2019-10-09 |FG002        |1,436.00   |0.00     |0.00     |0.00     |0.00     |1,433.00  |-3.00     |-3.00     |0         |1,150       |0        |0.00         |0.00                   |
2019-10-09 |FG003        |1,423.00   |0.00     |0.00     |0.00     |0.00     |1,423.00  |0.00      |0.00      |0         |4,192       |0        |0.00         |0.00                   |
2019-10-09 |FG004        |1,409.00   |0.00     |0.00     |0.00     |0.00     |1,409.00  |0.00      |0.00      |0         |6           |0        |0.00         |0.00                   |
2019-10-09 |FG005        |1,405.00   |1,408.00 |1,411.00 |1,396.00 |1,403.00 |1,403.00  |-2.00     |-2.00     |13,264    |44,064      |3,438    |37,213.77    |0.00                   |
2019-10-09 |FG006        |1,390.00   |0.00     |0.00     |0.00     |0.00     |1,390.00  |0.00      |0.00      |0         |4           |0        |0.00         |0.00                   |
2019-10-09 |FG007        |1,383.00   |0.00     |0.00     |0.00     |0.00     |1,383.00  |0.00      |0.00      |0         |0           |0        |0.00         |0.00                   |
2019-10-09 |FG008        |1,390.00   |0.00     |0.00     |0.00     |0.00     |1,390.00  |0.00      |0.00      |0         |2           |0        |0.00         |0.00                   |
2019-10-09 |FG009        |1,376.00   |1,380.00 |1,381.00 |1,370.00 |1,378.00 |1,375.00  |2.00      |-1.00     |1,092     |5,994       |612      |3,002.68     |0.00                   |
2019-10-09 |FG910        |1,687.00   |0.00     |0.00     |0.00     |0.00     |1,681.00  |-6.00     |-6.00     |0         |0           |0        |0.00         |1,526.00               |
2019-10-09 |FG911        |1,507.00   |0.00     |0.00     |0.00     |0.00     |1,502.00  |-5.00     |-5.00     |0         |1,042       |0        |0.00         |0.00                   |
2019-10-09 |FG912        |1,498.00   |1,491.00 |1,491.00 |1,481.00 |1,489.00 |1,488.00  |-9.00     |-10.00    |104       |7,842       |-56      |309.43       |0.00                   |
2019-10-10 |FG001        |1,446.00   |1,447.00 |1,469.00 |1,434.00 |1,446.00 |1,448.00  |0.00      |2.00      |407,940   |447,816     |56,032   |1,181,288.48 |0.00                   |
2019-10-10 |FG002        |1,433.00   |0.00     |0.00     |0.00     |0.00     |1,429.00  |-4.00     |-4.00     |0         |1,150       |0        |0.00         |0.00                   |
2019-10-10 |FG003        |1,423.00   |0.00     |0.00     |0.00     |0.00     |1,423.00  |0.00      |0.00      |0         |4,192       |0        |0.00         |0.00                   |
2019-10-10 |FG004        |1,409.00   |1,410.00 |1,410.00 |1,410.00 |1,410.00 |1,410.00  |1.00      |1.00      |2         |8           |2        |5.64         |0.00                   |
2019-10-10 |FG005        |1,403.00   |1,405.00 |1,425.00 |1,395.00 |1,408.00 |1,407.00  |5.00      |4.00      |20,584    |46,804      |2,740    |57,930.01    |0.00                   |
2019-10-10 |FG006        |1,390.00   |1,390.00 |1,390.00 |1,390.00 |1,390.00 |1,390.00  |0.00      |0.00      |100       |104         |100      |278.00       |0.00                   |
2019-10-10 |FG007        |1,383.00   |0.00     |0.00     |0.00     |0.00     |1,383.00  |0.00      |0.00      |0         |0           |0        |0.00         |0.00                   |
2019-10-10 |FG008        |1,390.00   |0.00     |0.00     |0.00     |0.00     |1,390.00  |0.00      |0.00      |0         |2           |0        |0.00         |0.00                   |
2019-10-10 |FG009        |1,375.00   |1,380.00 |1,393.00 |1,370.00 |1,379.00 |1,378.00  |4.00      |3.00      |2,336     |6,882       |888      |6,436.58     |0.00                   |
2019-10-10 |FG910        |1,681.00   |0.00     |0.00     |0.00     |0.00     |1,683.00  |2.00      |2.00      |0         |0           |0        |0.00         |1,545.00               |
2019-10-10 |FG911        |1,502.00   |1,502.00 |1,525.00 |1,502.00 |1,525.00 |1,514.00  |23.00     |12.00     |4         |1,040       |-2       |12.11        |0.00                   |
2019-10-10 |FG912        |1,488.00   |1,497.00 |1,502.00 |1,488.00 |1,494.00 |1,495.00  |6.00      |7.00      |128       |7,826       |-16      |382.76       |0.00                   |
2019-10-11 |FG001        |1,448.00   |1,450.00 |1,460.00 |1,445.00 |1,459.00 |1,454.00  |11.00     |6.00      |244,388   |462,596     |14,780   |710,488.11   |0.00                   |
2019-10-11 |FG002        |1,429.00   |0.00     |0.00     |0.00     |0.00     |1,431.00  |2.00      |2.00      |0         |1,150       |0        |0.00         |0.00                   |
2019-10-11 |FG003        |1,423.00   |0.00     |0.00     |0.00     |0.00     |1,427.00  |4.00      |4.00      |0         |4,192       |0        |0.00         |0.00                   |
2019-10-11 |FG004        |1,410.00   |0.00     |0.00     |0.00     |0.00     |1,413.00  |3.00      |3.00      |0         |8           |0        |0.00         |0.00                   |
2019-10-11 |FG005        |1,407.00   |1,418.00 |1,418.00 |1,405.00 |1,413.00 |1,410.00  |6.00      |3.00      |18,830    |46,004      |-800     |53,113.91    |0.00                   |
2019-10-11 |FG006        |1,390.00   |0.00     |0.00     |0.00     |0.00     |1,390.00  |0.00      |0.00      |0         |104         |0        |0.00         |0.00                   |
2019-10-11 |FG007        |1,383.00   |0.00     |0.00     |0.00     |0.00     |1,385.00  |2.00      |2.00      |0         |0           |0        |0.00         |0.00                   |
2019-10-11 |FG008        |1,390.00   |0.00     |0.00     |0.00     |0.00     |1,392.00  |2.00      |2.00      |0         |2           |0        |0.00         |0.00                   |
2019-10-11 |FG009        |1,378.00   |1,380.00 |1,385.00 |1,377.00 |1,382.00 |1,381.00  |4.00      |3.00      |1,648     |7,340       |458      |4,550.25     |0.00                   |
2019-10-11 |FG910        |1,683.00   |0.00     |0.00     |0.00     |0.00     |1,690.00  |7.00      |7.00      |0         |0           |0        |0.00         |1,564.00               |
2019-10-11 |FG911        |1,514.00   |1,533.00 |1,565.00 |1,532.00 |1,532.00 |1,542.00  |18.00     |28.00     |1,230     |516         |-524     |3,793.05     |0.00                   |
2019-10-11 |FG912        |1,495.00   |1,494.00 |1,505.00 |1,492.00 |1,505.00 |1,498.00  |10.00     |3.00      |84        |7,846       |20       |251.71       |0.00                   |
2019-10-14 |FG001        |1,454.00   |1,460.00 |1,465.00 |1,449.00 |1,454.00 |1,457.00  |0.00      |3.00      |254,674   |481,212     |18,616   |741,942.50   |0.00                   |
2019-10-14 |FG002        |1,431.00   |0.00     |0.00     |0.00     |0.00     |1,431.00  |0.00      |0.00      |0         |1,150       |0        |0.00         |0.00                   |
2019-10-14 |FG003        |1,427.00   |0.00     |0.00     |0.00     |0.00     |1,427.00  |0.00      |0.00      |0         |4,192       |0        |0.00         |0.00                   |
2019-10-14 |FG004        |1,413.00   |0.00     |0.00     |0.00     |0.00     |1,413.00  |0.00      |0.00      |0         |8           |0        |0.00         |0.00                   |
2019-10-14 |FG005        |1,410.00   |1,414.00 |1,416.00 |1,404.00 |1,407.00 |1,411.00  |-3.00     |1.00      |14,642    |46,052      |48       |41,312.12    |0.00                   |
2019-10-14 |FG006        |1,390.00   |0.00     |0.00     |0.00     |0.00     |1,390.00  |0.00      |0.00      |0         |104         |0        |0.00         |0.00                   |
2019-10-14 |FG007        |1,385.00   |0.00     |0.00     |0.00     |0.00     |1,385.00  |0.00      |0.00      |0         |0           |0        |0.00         |0.00                   |
2019-10-14 |FG008        |1,392.00   |0.00     |0.00     |0.00     |0.00     |1,392.00  |0.00      |0.00      |0         |2           |0        |0.00         |0.00                   |
2019-10-14 |FG009        |1,381.00   |1,383.00 |1,384.00 |1,378.00 |1,381.00 |1,381.00  |0.00      |0.00      |1,008     |7,682       |342      |2,783.78     |0.00                   |
2019-10-14 |FG910        |1,690.00   |0.00     |0.00     |0.00     |0.00     |1,693.00  |3.00      |3.00      |0         |0           |0        |0.00         |1,584.00               |
2019-10-14 |FG911        |1,542.00   |1,553.00 |1,580.00 |1,530.00 |1,540.00 |1,551.00  |-2.00     |9.00      |26        |516         |0        |80.65        |0.00                   |
2019-10-14 |FG912        |1,498.00   |1,510.00 |1,513.00 |1,492.00 |1,500.00 |1,503.00  |2.00      |5.00      |114       |7,842       |-4       |342.65       |0.00                   |
2019-10-15 |FG001        |1,457.00   |1,453.00 |1,461.00 |1,446.00 |1,459.00 |1,454.00  |2.00      |-3.00     |262,548   |492,108     |10,896   |763,477.18   |0.00                   |
2019-10-15 |FG002        |1,431.00   |0.00     |0.00     |0.00     |0.00     |1,431.00  |0.00      |0.00      |0         |1,150       |0        |0.00         |0.00                   |
2019-10-15 |FG003        |1,427.00   |1,419.00 |1,419.00 |1,419.00 |1,419.00 |1,419.00  |-8.00     |-8.00     |4         |4,190       |-2       |11.35        |0.00                   |
2019-10-15 |FG004        |1,413.00   |1,413.00 |1,413.00 |1,413.00 |1,413.00 |1,413.00  |0.00      |0.00      |2         |8           |0        |5.65         |0.00                   |
2019-10-15 |FG005        |1,411.00   |1,409.00 |1,410.00 |1,400.00 |1,409.00 |1,406.00  |-2.00     |-5.00     |15,536    |44,572      |-1,480   |43,675.08    |0.00                   |
2019-10-15 |FG006        |1,390.00   |0.00     |0.00     |0.00     |0.00     |1,392.00  |2.00      |2.00      |0         |104         |0        |0.00         |0.00                   |
2019-10-15 |FG007        |1,385.00   |0.00     |0.00     |0.00     |0.00     |1,385.00  |0.00      |0.00      |0         |0           |0        |0.00         |0.00                   |
2019-10-15 |FG008        |1,392.00   |0.00     |0.00     |0.00     |0.00     |1,392.00  |0.00      |0.00      |0         |2           |0        |0.00         |0.00                   |
2019-10-15 |FG009        |1,381.00   |1,379.00 |1,381.00 |1,372.00 |1,380.00 |1,376.00  |-1.00     |-5.00     |1,198     |8,392       |710      |3,297.65     |0.00                   |
2019-10-15 |FG910        |1,693.00   |0.00     |0.00     |0.00     |0.00     |1,690.00  |-3.00     |-3.00     |0         |0           |0        |0.00         |1,598.00               |
2019-10-15 |FG911        |1,551.00   |1,530.00 |1,575.00 |1,530.00 |1,547.00 |1,547.00  |-4.00     |-4.00     |462       |60          |-456     |1,429.56     |0.00                   |
2019-10-15 |FG912        |1,503.00   |1,493.00 |1,504.00 |1,488.00 |1,501.00 |1,495.00  |-2.00     |-8.00     |698       |7,472       |-370     |2,087.59     |0.00                   |
2019-10-16 |FG001        |1,454.00   |1,459.00 |1,467.00 |1,445.00 |1,453.00 |1,456.00  |-1.00     |2.00      |397,252   |517,600     |25,492   |1,156,965.14 |0.00                   |
2019-10-16 |FG002        |1,431.00   |1,446.00 |1,446.00 |1,446.00 |1,446.00 |1,446.00  |15.00     |15.00     |2         |1,150       |0        |5.78         |0.00                   |
2019-10-16 |FG003        |1,419.00   |1,430.00 |1,430.00 |1,430.00 |1,430.00 |1,430.00  |11.00     |11.00     |2         |4,192       |2        |5.72         |0.00                   |
2019-10-16 |FG004        |1,413.00   |0.00     |0.00     |0.00     |0.00     |1,413.00  |0.00      |0.00      |0         |8           |0        |0.00         |0.00                   |
2019-10-16 |FG005        |1,406.00   |1,410.00 |1,416.00 |1,401.00 |1,405.00 |1,408.00  |-1.00     |2.00      |16,116    |44,968      |396      |45,375.09    |0.00                   |
2019-10-16 |FG006        |1,392.00   |0.00     |0.00     |0.00     |0.00     |1,392.00  |0.00      |0.00      |0         |104         |0        |0.00         |0.00                   |
2019-10-16 |FG007        |1,385.00   |0.00     |0.00     |0.00     |0.00     |1,385.00  |0.00      |0.00      |0         |0           |0        |0.00         |0.00                   |
2019-10-16 |FG008        |1,392.00   |0.00     |0.00     |0.00     |0.00     |1,392.00  |0.00      |0.00      |0         |2           |0        |0.00         |0.00                   |
2019-10-16 |FG009        |1,376.00   |1,379.00 |1,387.00 |1,374.00 |1,378.00 |1,380.00  |2.00      |4.00      |1,566     |8,754       |362      |4,321.51     |0.00                   |
2019-10-16 |FG910        |1,690.00   |0.00     |0.00     |0.00     |0.00     |1,692.00  |2.00      |2.00      |0         |0           |0        |0.00         |1,619.00               |
2019-10-16 |FG911        |1,547.00   |0.00     |0.00     |0.00     |0.00     |1,547.00  |0.00      |0.00      |0         |60          |0        |0.00         |0.00                   |
2019-10-16 |FG912        |1,495.00   |1,501.00 |1,506.00 |1,494.00 |1,494.00 |1,500.00  |-1.00     |5.00      |238       |7,278       |-194     |713.92       |0.00                   |
2019-10-17 |FG001        |1,456.00   |1,454.00 |1,459.00 |1,437.00 |1,438.00 |1,448.00  |-18.00    |-8.00     |510,790   |586,718     |69,118   |1,479,096.70 |0.00                   |
2019-10-17 |FG002        |1,446.00   |1,420.00 |1,439.00 |1,420.00 |1,430.00 |1,432.00  |-16.00    |-14.00    |8         |1,152       |2        |22.91        |0.00                   |
2019-10-17 |FG003        |1,430.00   |0.00     |0.00     |0.00     |0.00     |1,419.00  |-11.00    |-11.00    |0         |4,192       |0        |0.00         |0.00                   |
2019-10-17 |FG004        |1,413.00   |0.00     |0.00     |0.00     |0.00     |1,404.00  |-9.00     |-9.00     |0         |8           |0        |0.00         |0.00                   |
2019-10-17 |FG005        |1,408.00   |1,407.00 |1,407.00 |1,388.00 |1,388.00 |1,397.00  |-20.00    |-11.00    |27,012    |49,282      |4,314    |75,493.87    |0.00                   |
2019-10-17 |FG006        |1,392.00   |0.00     |0.00     |0.00     |0.00     |1,384.00  |-8.00     |-8.00     |0         |104         |0        |0.00         |0.00                   |
2019-10-17 |FG007        |1,385.00   |0.00     |0.00     |0.00     |0.00     |1,385.00  |0.00      |0.00      |0         |0           |0        |0.00         |0.00                   |
2019-10-17 |FG008        |1,392.00   |0.00     |0.00     |0.00     |0.00     |1,392.00  |0.00      |0.00      |0         |2           |0        |0.00         |0.00                   |
2019-10-17 |FG009        |1,380.00   |1,377.00 |1,379.00 |1,369.00 |1,369.00 |1,373.00  |-11.00    |-7.00     |1,644     |9,748       |994      |4,514.80     |0.00                   |
2019-10-17 |FG910        |1,692.00   |0.00     |0.00     |0.00     |0.00     |1,683.00  |-9.00     |-9.00     |0         |0           |0        |0.00         |1,646.00               |
2019-10-17 |FG911        |1,547.00   |1,535.00 |1,609.00 |1,515.00 |1,572.00 |1,568.00  |25.00     |21.00     |130       |60          |0        |407.75       |0.00                   |
2019-10-17 |FG912        |1,500.00   |1,489.00 |1,500.00 |1,485.00 |1,490.00 |1,492.00  |-10.00    |-8.00     |54        |7,252       |-26      |161.09       |0.00                   |
2019-10-18 |FG001        |1,448.00   |1,435.00 |1,497.00 |1,432.00 |1,492.00 |1,463.00  |44.00     |15.00     |1,334,672 |720,114     |133,396  |3,905,475.22 |0.00                   |
2019-10-18 |FG002        |1,432.00   |1,435.00 |1,444.00 |1,407.00 |1,438.00 |1,422.00  |6.00      |-10.00    |104       |1,154       |2        |295.82       |0.00                   |
2019-10-18 |FG003        |1,419.00   |1,413.00 |1,413.00 |1,413.00 |1,413.00 |1,413.00  |-6.00     |-6.00     |2         |4,194       |2        |5.65         |0.00                   |
2019-10-18 |FG004        |1,404.00   |1,394.00 |1,398.00 |1,394.00 |1,398.00 |1,396.00  |-6.00     |-8.00     |4         |4           |-4       |11.17        |0.00                   |
2019-10-18 |FG005        |1,397.00   |1,384.00 |1,419.00 |1,381.00 |1,415.00 |1,394.00  |18.00     |-3.00     |65,584    |56,916      |7,634    |182,831.28   |0.00                   |
2019-10-18 |FG006        |1,384.00   |0.00     |0.00     |0.00     |0.00     |1,401.00  |17.00     |17.00     |0         |104         |0        |0.00         |0.00                   |
2019-10-18 |FG007        |1,385.00   |1,385.00 |1,397.00 |1,385.00 |1,397.00 |1,391.00  |12.00     |6.00      |40        |0           |0        |111.28       |0.00                   |
2019-10-18 |FG008        |1,392.00   |0.00     |0.00     |0.00     |0.00     |1,401.00  |9.00      |9.00      |0         |2           |0        |0.00         |0.00                   |
2019-10-18 |FG009        |1,373.00   |1,368.00 |1,391.00 |1,360.00 |1,388.00 |1,370.00  |15.00     |-3.00     |7,016     |9,900       |152      |19,230.69    |0.00                   |
2019-10-18 |FG910        |1,683.00   |0.00     |0.00     |0.00     |0.00     |1,700.00  |17.00     |17.00     |0         |0           |0        |0.00         |1,673.00               |
2019-10-18 |FG911        |1,568.00   |1,628.00 |1,631.00 |1,615.00 |1,617.00 |1,621.00  |49.00     |53.00     |36        |60          |0        |116.74       |0.00                   |
2019-10-18 |FG912        |1,492.00   |1,480.00 |1,543.00 |1,480.00 |1,537.00 |1,512.00  |45.00     |20.00     |298       |7,220       |-32      |901.43       |0.00                   |
2019-10-21 |FG001        |1,463.00   |1,496.00 |1,518.00 |1,487.00 |1,514.00 |1,502.00  |51.00     |39.00     |1,172,556 |752,430     |32,316   |3,521,223.08 |0.00                   |
2019-10-21 |FG002        |1,422.00   |1,479.00 |1,479.00 |1,431.00 |1,470.00 |1,463.00  |48.00     |41.00     |20        |1,152       |-2       |58.52        |0.00                   |
2019-10-21 |FG003        |1,413.00   |1,465.00 |1,465.00 |1,463.00 |1,463.00 |1,464.00  |50.00     |51.00     |4         |4,198       |4        |11.71        |0.00                   |
2019-10-21 |FG004        |1,396.00   |1,398.00 |1,398.00 |1,398.00 |1,398.00 |1,398.00  |2.00      |2.00      |2         |6           |2        |5.59         |0.00                   |
2019-10-21 |FG005        |1,394.00   |1,421.00 |1,440.00 |1,403.00 |1,435.00 |1,420.00  |41.00     |26.00     |103,152   |86,566      |29,650   |292,930.17   |0.00                   |
2019-10-21 |FG006        |1,401.00   |0.00     |0.00     |0.00     |0.00     |1,417.00  |16.00     |16.00     |0         |104         |0        |0.00         |0.00                   |
2019-10-21 |FG007        |1,391.00   |0.00     |0.00     |0.00     |0.00     |1,403.00  |12.00     |12.00     |0         |0           |0        |0.00         |0.00                   |
2019-10-21 |FG008        |1,401.00   |0.00     |0.00     |0.00     |0.00     |1,413.00  |12.00     |12.00     |0         |2           |0        |0.00         |0.00                   |
2019-10-21 |FG009        |1,370.00   |1,389.00 |1,408.00 |1,376.00 |1,403.00 |1,390.00  |33.00     |20.00     |8,692     |10,350      |450      |24,168.84    |0.00                   |
2019-10-21 |FG910        |1,700.00   |0.00     |0.00     |0.00     |0.00     |1,745.00  |45.00     |45.00     |0         |0           |0        |0.00         |1,694.00               |
2019-10-21 |FG911        |1,621.00   |1,685.00 |1,685.00 |1,622.00 |1,634.00 |1,651.00  |13.00     |30.00     |40        |60          |0        |132.08       |0.00                   |
2019-10-21 |FG912        |1,512.00   |1,538.00 |1,553.00 |1,528.00 |1,553.00 |1,538.00  |41.00     |26.00     |236       |7,228       |8        |725.93       |0.00                   |
2019-10-22 |FG001        |1,502.00   |1,518.00 |1,519.00 |1,493.00 |1,502.00 |1,503.00  |0.00      |1.00      |616,792   |746,828     |-5,602   |1,854,284.24 |0.00                   |
2019-10-22 |FG002        |1,463.00   |1,465.00 |1,492.00 |1,426.00 |1,470.00 |1,460.00  |7.00      |-3.00     |120       |1,160       |8        |350.30       |0.00                   |
2019-10-22 |FG003        |1,464.00   |0.00     |0.00     |0.00     |0.00     |1,463.00  |-1.00     |-1.00     |0         |4,198       |0        |0.00         |0.00                   |
2019-10-22 |FG004        |1,398.00   |1,428.00 |1,428.00 |1,428.00 |1,428.00 |1,428.00  |30.00     |30.00     |2         |6           |0        |5.71         |0.00                   |
2019-10-22 |FG005        |1,420.00   |1,436.00 |1,437.00 |1,413.00 |1,424.00 |1,423.00  |4.00      |3.00      |48,106    |91,476      |4,910    |136,889.65   |0.00                   |
2019-10-22 |FG006        |1,417.00   |0.00     |0.00     |0.00     |0.00     |1,417.00  |0.00      |0.00      |0         |104         |0        |0.00         |0.00                   |
2019-10-22 |FG007        |1,403.00   |0.00     |0.00     |0.00     |0.00     |1,403.00  |0.00      |0.00      |0         |0           |0        |0.00         |0.00                   |
2019-10-22 |FG008        |1,413.00   |0.00     |0.00     |0.00     |0.00     |1,413.00  |0.00      |0.00      |0         |2           |0        |0.00         |0.00                   |
2019-10-22 |FG009        |1,390.00   |1,399.00 |1,402.00 |1,388.00 |1,397.00 |1,396.00  |7.00      |6.00      |2,870     |11,348      |998      |8,010.36     |0.00                   |
2019-10-22 |FG010        |1,390.00   |1,423.00 |1,423.00 |1,384.00 |1,395.00 |1,398.00  |5.00      |8.00      |8         |0           |0        |22.37        |0.00                   |
2019-10-22 |FG911        |1,651.00   |1,700.00 |1,700.00 |1,677.00 |1,677.00 |1,689.00  |26.00     |38.00     |4         |60          |0        |13.51        |0.00                   |
2019-10-22 |FG912        |1,538.00   |1,544.00 |1,549.00 |1,535.00 |1,546.00 |1,544.00  |8.00      |6.00      |92        |7,216       |-12      |284.13       |0.00                   |
2019-10-23 |FG001        |1,503.00   |1,504.00 |1,523.00 |1,497.00 |1,511.00 |1,508.00  |8.00      |5.00      |627,326   |751,450     |4,622    |1,892,164.69 |0.00                   |
2019-10-23 |FG002        |1,460.00   |1,469.00 |1,480.00 |1,468.00 |1,480.00 |1,476.00  |20.00     |16.00     |30        |1,164       |4        |88.59        |0.00                   |
2019-10-23 |FG003        |1,463.00   |1,442.00 |1,478.00 |1,442.00 |1,459.00 |1,453.00  |-4.00     |-10.00    |162       |4,250       |52       |470.74       |0.00                   |
2019-10-23 |FG004        |1,428.00   |1,428.00 |1,430.00 |1,428.00 |1,430.00 |1,429.00  |2.00      |1.00      |4         |8           |2        |11.43        |0.00                   |
2019-10-23 |FG005        |1,423.00   |1,424.00 |1,434.00 |1,420.00 |1,426.00 |1,427.00  |3.00      |4.00      |33,450    |97,526      |6,050    |95,434.14    |0.00                   |
2019-10-23 |FG006        |1,417.00   |0.00     |0.00     |0.00     |0.00     |1,417.00  |0.00      |0.00      |0         |104         |0        |0.00         |0.00                   |
2019-10-23 |FG007        |1,403.00   |0.00     |0.00     |0.00     |0.00     |1,404.00  |1.00      |1.00      |0         |0           |0        |0.00         |0.00                   |
2019-10-23 |FG008        |1,413.00   |0.00     |0.00     |0.00     |0.00     |1,413.00  |0.00      |0.00      |0         |2           |0        |0.00         |0.00                   |
2019-10-23 |FG009        |1,396.00   |1,399.00 |1,402.00 |1,392.00 |1,399.00 |1,398.00  |3.00      |2.00      |2,652     |11,368      |20       |7,413.71     |0.00                   |
2019-10-23 |FG010        |1,398.00   |1,377.00 |1,377.00 |1,377.00 |1,377.00 |1,377.00  |-21.00    |-21.00    |2         |2           |2        |5.51         |0.00                   |
2019-10-23 |FG911        |1,689.00   |1,659.00 |1,660.00 |1,659.00 |1,660.00 |1,659.00  |-29.00    |-30.00    |8         |60          |0        |26.55        |0.00                   |
2019-10-23 |FG912        |1,544.00   |1,548.00 |1,574.00 |1,539.00 |1,565.00 |1,555.00  |21.00     |11.00     |194       |7,168       |-48      |603.22       |0.00                   |
2019-10-24 |FG001        |1,508.00   |1,514.00 |1,519.00 |1,505.00 |1,513.00 |1,512.00  |5.00      |4.00      |420,422   |762,476     |11,026   |1,271,625.88 |0.00                   |
2019-10-24 |FG002        |1,476.00   |1,475.00 |1,475.00 |1,475.00 |1,475.00 |1,475.00  |-1.00     |-1.00     |18        |1,164       |0        |53.10        |0.00                   |
2019-10-24 |FG003        |1,453.00   |0.00     |0.00     |0.00     |0.00     |1,456.00  |3.00      |3.00      |0         |4,250       |0        |0.00         |0.00                   |
2019-10-24 |FG004        |1,429.00   |0.00     |0.00     |0.00     |0.00     |1,429.00  |0.00      |0.00      |0         |8           |0        |0.00         |0.00                   |
2019-10-24 |FG005        |1,427.00   |1,429.00 |1,430.00 |1,420.00 |1,426.00 |1,426.00  |-1.00     |-1.00     |21,130    |97,044      |-482     |60,275.09    |0.00                   |
2019-10-24 |FG006        |1,417.00   |0.00     |0.00     |0.00     |0.00     |1,417.00  |0.00      |0.00      |0         |104         |0        |0.00         |0.00                   |
2019-10-24 |FG007        |1,404.00   |0.00     |0.00     |0.00     |0.00     |1,404.00  |0.00      |0.00      |0         |0           |0        |0.00         |0.00                   |
2019-10-24 |FG008        |1,413.00   |0.00     |0.00     |0.00     |0.00     |1,413.00  |0.00      |0.00      |0         |2           |0        |0.00         |0.00                   |
2019-10-24 |FG009        |1,398.00   |1,395.00 |1,400.00 |1,393.00 |1,398.00 |1,397.00  |0.00      |-1.00     |552       |11,408      |40       |1,541.86     |0.00                   |
2019-10-24 |FG010        |1,377.00   |0.00     |0.00     |0.00     |0.00     |1,377.00  |0.00      |0.00      |0         |2           |0        |0.00         |0.00                   |
2019-10-24 |FG911        |1,659.00   |1,698.00 |1,698.00 |1,689.00 |1,689.00 |1,694.00  |30.00     |35.00     |4         |60          |0        |13.55        |0.00                   |
2019-10-24 |FG912        |1,555.00   |1,562.00 |1,580.00 |1,560.00 |1,569.00 |1,569.00  |14.00     |14.00     |430       |7,074       |-94      |1,349.23     |0.00                   |
2019-10-25 |FG001        |1,512.00   |1,518.00 |1,519.00 |1,489.00 |1,505.00 |1,501.00  |-7.00     |-11.00    |872,506   |736,202     |-26,274  |2,618,522.46 |0.00                   |
2019-10-25 |FG002        |1,475.00   |1,465.00 |1,473.00 |1,465.00 |1,468.00 |1,467.00  |-7.00     |-8.00     |14        |1,158       |-6       |41.08        |0.00                   |
2019-10-25 |FG003        |1,456.00   |0.00     |0.00     |0.00     |0.00     |1,456.00  |0.00      |0.00      |0         |4,250       |0        |0.00         |0.00                   |
2019-10-25 |FG004        |1,429.00   |0.00     |0.00     |0.00     |0.00     |1,429.00  |0.00      |0.00      |0         |8           |0        |0.00         |0.00                   |
2019-10-25 |FG005        |1,426.00   |1,428.00 |1,430.00 |1,415.00 |1,426.00 |1,422.00  |0.00      |-4.00     |40,052    |99,050      |2,006    |113,936.55   |0.00                   |
2019-10-25 |FG006        |1,417.00   |0.00     |0.00     |0.00     |0.00     |1,417.00  |0.00      |0.00      |0         |104         |0        |0.00         |0.00                   |
2019-10-25 |FG007        |1,404.00   |0.00     |0.00     |0.00     |0.00     |1,404.00  |0.00      |0.00      |0         |0           |0        |0.00         |0.00                   |
2019-10-25 |FG008        |1,413.00   |0.00     |0.00     |0.00     |0.00     |1,413.00  |0.00      |0.00      |0         |2           |0        |0.00         |0.00                   |
2019-10-25 |FG009        |1,397.00   |1,399.00 |1,400.00 |1,376.00 |1,395.00 |1,391.00  |-2.00     |-6.00     |2,982     |12,090      |682      |8,296.81     |0.00                   |
2019-10-25 |FG010        |1,377.00   |0.00     |0.00     |0.00     |0.00     |1,377.00  |0.00      |0.00      |0         |2           |0        |0.00         |0.00                   |
2019-10-25 |FG911        |1,694.00   |1,652.00 |1,652.00 |1,648.00 |1,648.00 |1,650.00  |-46.00    |-44.00    |16        |60          |0        |52.80        |0.00                   |
2019-10-25 |FG912        |1,569.00   |1,573.00 |1,573.00 |1,549.00 |1,559.00 |1,559.00  |-10.00    |-10.00    |218       |6,994       |-80      |679.54       |0.00                   |
2019-10-28 |FG001        |1,501.00   |1,503.00 |1,505.00 |1,491.00 |1,493.00 |1,497.00  |-8.00     |-4.00     |501,016   |685,678     |-50,524  |1,499,593.70 |0.00                   |
2019-10-28 |FG002        |1,467.00   |1,472.00 |1,472.00 |1,472.00 |1,472.00 |1,472.00  |5.00      |5.00      |2         |1,156       |-2       |5.89         |0.00                   |
2019-10-28 |FG003        |1,456.00   |0.00     |0.00     |0.00     |0.00     |1,450.00  |-6.00     |-6.00     |0         |4,250       |0        |0.00         |0.00                   |
2019-10-28 |FG004        |1,429.00   |0.00     |0.00     |0.00     |0.00     |1,429.00  |0.00      |0.00      |0         |8           |0        |0.00         |0.00                   |
2019-10-28 |FG005        |1,422.00   |1,426.00 |1,427.00 |1,418.00 |1,421.00 |1,422.00  |-1.00     |0.00      |26,878    |97,068      |-1,982   |76,415.70    |0.00                   |
2019-10-28 |FG006        |1,417.00   |0.00     |0.00     |0.00     |0.00     |1,417.00  |0.00      |0.00      |0         |104         |0        |0.00         |0.00                   |
2019-10-28 |FG007        |1,404.00   |0.00     |0.00     |0.00     |0.00     |1,404.00  |0.00      |0.00      |0         |0           |0        |0.00         |0.00                   |
2019-10-28 |FG008        |1,413.00   |0.00     |0.00     |0.00     |0.00     |1,413.00  |0.00      |0.00      |0         |2           |0        |0.00         |0.00                   |
2019-10-28 |FG009        |1,391.00   |1,398.00 |1,402.00 |1,386.00 |1,390.00 |1,391.00  |-1.00     |0.00      |1,782     |12,076      |-14      |4,957.28     |0.00                   |
2019-10-28 |FG010        |1,377.00   |0.00     |0.00     |0.00     |0.00     |1,377.00  |0.00      |0.00      |0         |2           |0        |0.00         |0.00                   |
2019-10-28 |FG911        |1,650.00   |1,680.00 |1,680.00 |1,680.00 |1,680.00 |1,680.00  |30.00     |30.00     |2         |60          |0        |6.72         |0.00                   |
2019-10-28 |FG912        |1,559.00   |1,554.00 |1,559.00 |1,545.00 |1,558.00 |1,554.00  |-1.00     |-5.00     |50        |6,974       |-20      |155.39       |0.00                   |
2019-10-29 |FG001        |1,497.00   |1,491.00 |1,502.00 |1,478.00 |1,489.00 |1,489.00  |-8.00     |-8.00     |500,146   |653,710     |-31,968  |1,489,514.36 |0.00                   |
2019-10-29 |FG002        |1,472.00   |1,456.00 |1,471.00 |1,445.00 |1,445.00 |1,457.00  |-27.00    |-15.00    |6         |1,158       |2        |17.49        |0.00                   |
2019-10-29 |FG003        |1,450.00   |0.00     |0.00     |0.00     |0.00     |1,450.00  |0.00      |0.00      |0         |4,250       |0        |0.00         |0.00                   |
2019-10-29 |FG004        |1,429.00   |1,432.00 |1,432.00 |1,432.00 |1,432.00 |1,432.00  |3.00      |3.00      |4         |4           |-4       |11.46        |0.00                   |
2019-10-29 |FG005        |1,422.00   |1,420.00 |1,426.00 |1,416.00 |1,422.00 |1,420.00  |0.00      |-2.00     |25,794    |98,556      |1,488    |73,255.72    |0.00                   |
2019-10-29 |FG006        |1,417.00   |0.00     |0.00     |0.00     |0.00     |1,417.00  |0.00      |0.00      |0         |104         |0        |0.00         |0.00                   |
2019-10-29 |FG007        |1,404.00   |0.00     |0.00     |0.00     |0.00     |1,404.00  |0.00      |0.00      |0         |0           |0        |0.00         |0.00                   |
2019-10-29 |FG008        |1,413.00   |0.00     |0.00     |0.00     |0.00     |1,413.00  |0.00      |0.00      |0         |2           |0        |0.00         |0.00                   |
2019-10-29 |FG009        |1,391.00   |1,392.00 |1,393.00 |1,386.00 |1,390.00 |1,389.00  |-1.00     |-2.00     |910       |12,138      |62       |2,528.71     |0.00                   |
2019-10-29 |FG010        |1,377.00   |0.00     |0.00     |0.00     |0.00     |1,377.00  |0.00      |0.00      |0         |2           |0        |0.00         |0.00                   |
2019-10-29 |FG911        |1,680.00   |0.00     |0.00     |0.00     |0.00     |1,680.00  |0.00      |0.00      |0         |60          |0        |0.00         |0.00                   |
2019-10-29 |FG912        |1,554.00   |1,545.00 |1,565.00 |1,538.00 |1,540.00 |1,547.00  |-14.00    |-7.00     |100       |6,946       |-28      |309.40       |0.00                   |
2019-10-30 |FG001        |1,489.00   |1,490.00 |1,495.00 |1,481.00 |1,482.00 |1,487.00  |-7.00     |-2.00     |296,994   |641,060     |-12,650  |883,533.07   |0.00                   |
2019-10-30 |FG002        |1,457.00   |0.00     |0.00     |0.00     |0.00     |1,457.00  |0.00      |0.00      |0         |1,158       |0        |0.00         |0.00                   |
2019-10-30 |FG003        |1,450.00   |0.00     |0.00     |0.00     |0.00     |1,444.00  |-6.00     |-6.00     |0         |4,250       |0        |0.00         |0.00                   |
2019-10-30 |FG004        |1,432.00   |0.00     |0.00     |0.00     |0.00     |1,432.00  |0.00      |0.00      |0         |4           |0        |0.00         |0.00                   |
2019-10-30 |FG005        |1,420.00   |1,422.00 |1,426.00 |1,417.00 |1,423.00 |1,421.00  |3.00      |1.00      |22,812    |100,380     |1,824    |64,834.72    |0.00                   |
2019-10-30 |FG006        |1,417.00   |0.00     |0.00     |0.00     |0.00     |1,417.00  |0.00      |0.00      |0         |104         |0        |0.00         |0.00                   |
2019-10-30 |FG007        |1,404.00   |0.00     |0.00     |0.00     |0.00     |1,404.00  |0.00      |0.00      |0         |0           |0        |0.00         |0.00                   |
2019-10-30 |FG008        |1,413.00   |0.00     |0.00     |0.00     |0.00     |1,413.00  |0.00      |0.00      |0         |2           |0        |0.00         |0.00                   |
2019-10-30 |FG009        |1,389.00   |1,390.00 |1,393.00 |1,388.00 |1,392.00 |1,391.00  |3.00      |2.00      |1,360     |12,252      |114      |3,783.06     |0.00                   |
2019-10-30 |FG010        |1,377.00   |0.00     |0.00     |0.00     |0.00     |1,377.00  |0.00      |0.00      |0         |2           |0        |0.00         |0.00                   |
2019-10-30 |FG911        |1,680.00   |1,660.00 |1,660.00 |1,644.00 |1,644.00 |1,650.00  |-36.00    |-30.00    |8         |60          |0        |26.40        |0.00                   |
2019-10-30 |FG912        |1,547.00   |1,543.00 |1,550.00 |1,543.00 |1,545.00 |1,545.00  |-2.00     |-2.00     |26        |6,942       |-4       |80.36        |0.00                   |
2019-10-31 |FG001        |1,487.00   |1,482.00 |1,493.00 |1,475.00 |1,485.00 |1,484.00  |-2.00     |-3.00     |356,528   |621,582     |-19,478  |1,058,048.22 |0.00                   |
2019-10-31 |FG002        |1,457.00   |1,466.00 |1,466.00 |1,466.00 |1,466.00 |1,466.00  |9.00      |9.00      |2         |1,160       |2        |5.86         |0.00                   |
2019-10-31 |FG003        |1,444.00   |1,455.00 |1,455.00 |1,436.00 |1,441.00 |1,443.00  |-3.00     |-1.00     |8         |4,250       |0        |23.08        |0.00                   |
2019-10-31 |FG004        |1,432.00   |1,428.00 |1,428.00 |1,428.00 |1,428.00 |1,428.00  |-4.00     |-4.00     |2         |6           |2        |5.71         |0.00                   |
2019-10-31 |FG005        |1,421.00   |1,423.00 |1,435.00 |1,420.00 |1,428.00 |1,427.00  |7.00      |6.00      |46,162    |104,516     |4,136    |131,765.17   |0.00                   |
2019-10-31 |FG006        |1,417.00   |0.00     |0.00     |0.00     |0.00     |1,417.00  |0.00      |0.00      |0         |104         |0        |0.00         |0.00                   |
2019-10-31 |FG007        |1,404.00   |0.00     |0.00     |0.00     |0.00     |1,404.00  |0.00      |0.00      |0         |0           |0        |0.00         |0.00                   |
2019-10-31 |FG008        |1,413.00   |0.00     |0.00     |0.00     |0.00     |1,413.00  |0.00      |0.00      |0         |2           |0        |0.00         |0.00                   |
2019-10-31 |FG009        |1,391.00   |1,393.00 |1,398.00 |1,390.00 |1,393.00 |1,394.00  |2.00      |3.00      |2,018     |11,930      |-322     |5,625.80     |0.00                   |
2019-10-31 |FG010        |1,377.00   |0.00     |0.00     |0.00     |0.00     |1,377.00  |0.00      |0.00      |0         |2           |0        |0.00         |0.00                   |
2019-10-31 |FG911        |1,650.00   |1,698.00 |1,699.00 |1,658.00 |1,688.00 |1,683.00  |38.00     |33.00     |32        |60          |0        |107.73       |0.00                   |
2019-10-31 |FG912        |1,545.00   |1,543.00 |1,560.00 |1,539.00 |1,550.00 |1,546.00  |5.00      |1.00      |126       |6,896       |-46      |389.50       |0.00                   |
2019-11-01 |FG001        |1,484.00   |1,486.00 |1,501.00 |1,476.00 |1,496.00 |1,490.00  |12.00     |6.00      |521,692   |659,578     |37,996   |1,554,559.58 |0.00                   |
2019-11-01 |FG002        |1,466.00   |1,467.00 |1,467.00 |1,458.00 |1,458.00 |1,462.00  |-8.00     |-4.00     |6         |1,160       |0        |17.54        |0.00                   |
2019-11-01 |FG003        |1,443.00   |1,437.00 |1,448.00 |1,437.00 |1,448.00 |1,445.00  |5.00      |2.00      |14        |4,258       |8        |40.47        |0.00                   |
2019-11-01 |FG004        |1,428.00   |0.00     |0.00     |0.00     |0.00     |1,434.00  |6.00      |6.00      |0         |6           |0        |0.00         |0.00                   |
2019-11-01 |FG005        |1,427.00   |1,425.00 |1,436.00 |1,424.00 |1,433.00 |1,430.00  |6.00      |3.00      |38,246    |109,320     |4,804    |109,360.27   |0.00                   |
2019-11-01 |FG006        |1,417.00   |0.00     |0.00     |0.00     |0.00     |1,417.00  |0.00      |0.00      |0         |104         |0        |0.00         |0.00                   |
2019-11-01 |FG007        |1,404.00   |0.00     |0.00     |0.00     |0.00     |1,404.00  |0.00      |0.00      |0         |0           |0        |0.00         |0.00                   |
2019-11-01 |FG008        |1,413.00   |0.00     |0.00     |0.00     |0.00     |1,413.00  |0.00      |0.00      |0         |2           |0        |0.00         |0.00                   |
2019-11-01 |FG009        |1,394.00   |1,391.00 |1,398.00 |1,388.00 |1,397.00 |1,394.00  |3.00      |0.00      |1,412     |11,712      |-218     |3,935.74     |0.00                   |
2019-11-01 |FG010        |1,377.00   |0.00     |0.00     |0.00     |0.00     |1,377.00  |0.00      |0.00      |0         |2           |0        |0.00         |0.00                   |
2019-11-01 |FG911        |1,683.00   |1,655.00 |1,655.00 |1,620.00 |1,620.00 |1,629.00  |-63.00    |-54.00    |130       |60          |0        |423.46       |1,667.00               |
2019-11-01 |FG912        |1,546.00   |1,555.00 |1,559.00 |1,541.00 |1,551.00 |1,550.00  |5.00      |4.00      |92        |6,848       |-48      |285.27       |0.00                   |
2019-11-04 |FG001        |1,490.00   |1,496.00 |1,500.00 |1,484.00 |1,487.00 |1,492.00  |-3.00     |2.00      |271,808   |640,236     |-19,342  |811,174.58   |0.00                   |
2019-11-04 |FG002        |1,462.00   |0.00     |0.00     |0.00     |0.00     |1,462.00  |0.00      |0.00      |0         |1,160       |0        |0.00         |0.00                   |
2019-11-04 |FG003        |1,445.00   |0.00     |0.00     |0.00     |0.00     |1,445.00  |0.00      |0.00      |0         |4,258       |0        |0.00         |0.00                   |
2019-11-04 |FG004        |1,434.00   |0.00     |0.00     |0.00     |0.00     |1,434.00  |0.00      |0.00      |0         |6           |0        |0.00         |0.00                   |
2019-11-04 |FG005        |1,430.00   |1,437.00 |1,437.00 |1,420.00 |1,420.00 |1,429.00  |-10.00    |-1.00     |30,186    |111,004     |1,684    |86,250.20    |0.00                   |
2019-11-04 |FG006        |1,417.00   |0.00     |0.00     |0.00     |0.00     |1,417.00  |0.00      |0.00      |0         |104         |0        |0.00         |0.00                   |
2019-11-04 |FG007        |1,404.00   |0.00     |0.00     |0.00     |0.00     |1,404.00  |0.00      |0.00      |0         |0           |0        |0.00         |0.00                   |
2019-11-04 |FG008        |1,413.00   |0.00     |0.00     |0.00     |0.00     |1,413.00  |0.00      |0.00      |0         |2           |0        |0.00         |0.00                   |
2019-11-04 |FG009        |1,394.00   |1,396.00 |1,398.00 |1,390.00 |1,391.00 |1,394.00  |-3.00     |0.00      |1,984     |11,730      |18       |5,531.56     |0.00                   |
2019-11-04 |FG010        |1,377.00   |0.00     |0.00     |0.00     |0.00     |1,377.00  |0.00      |0.00      |0         |2           |0        |0.00         |0.00                   |
2019-11-04 |FG911        |1,629.00   |0.00     |0.00     |0.00     |0.00     |1,629.00  |0.00      |0.00      |0         |60          |0        |0.00         |1,664.00               |
2019-11-04 |FG912        |1,550.00   |1,564.00 |1,564.00 |1,541.00 |1,551.00 |1,554.00  |1.00      |4.00      |26        |6,838       |-10      |80.80        |0.00                   |
2019-11-05 |FG001        |1,492.00   |1,487.00 |1,495.00 |1,486.00 |1,494.00 |1,491.00  |2.00      |-1.00     |216,368   |631,764     |-8,472   |645,372.67   |0.00                   |
2019-11-05 |FG002        |1,462.00   |1,475.00 |1,475.00 |1,475.00 |1,475.00 |1,475.00  |13.00     |13.00     |2         |1,160       |0        |5.90         |0.00                   |
2019-11-05 |FG003        |1,445.00   |1,435.00 |1,462.00 |1,413.00 |1,448.00 |1,439.00  |3.00      |-6.00     |128       |4,208       |-50      |368.37       |0.00                   |
2019-11-05 |FG004        |1,434.00   |0.00     |0.00     |0.00     |0.00     |1,434.00  |0.00      |0.00      |0         |6           |0        |0.00         |0.00                   |
2019-11-05 |FG005        |1,429.00   |1,417.00 |1,425.00 |1,416.00 |1,423.00 |1,421.00  |-6.00     |-8.00     |24,010    |112,168     |1,164    |68,250.18    |0.00                   |
2019-11-05 |FG006        |1,417.00   |0.00     |0.00     |0.00     |0.00     |1,417.00  |0.00      |0.00      |0         |104         |0        |0.00         |0.00                   |
2019-11-05 |FG007        |1,404.00   |0.00     |0.00     |0.00     |0.00     |1,404.00  |0.00      |0.00      |0         |0           |0        |0.00         |0.00                   |
2019-11-05 |FG008        |1,413.00   |0.00     |0.00     |0.00     |0.00     |1,413.00  |0.00      |0.00      |0         |2           |0        |0.00         |0.00                   |
2019-11-05 |FG009        |1,394.00   |1,390.00 |1,394.00 |1,388.00 |1,394.00 |1,390.00  |0.00      |-4.00     |1,916     |12,436      |706      |5,327.27     |0.00                   |
2019-11-05 |FG010        |1,377.00   |0.00     |0.00     |0.00     |0.00     |1,377.00  |0.00      |0.00      |0         |2           |0        |0.00         |0.00                   |
2019-11-05 |FG911        |1,629.00   |0.00     |0.00     |0.00     |0.00     |1,629.00  |0.00      |0.00      |0         |60          |0        |0.00         |1,658.00               |
2019-11-05 |FG912        |1,554.00   |1,555.00 |1,557.00 |1,549.00 |1,552.00 |1,551.00  |-2.00     |-3.00     |18        |6,834       |-4       |55.85        |0.00                   |
2019-11-06 |FG001        |1,491.00   |1,493.00 |1,503.00 |1,484.00 |1,486.00 |1,494.00  |-5.00     |3.00      |447,830   |616,822     |-14,942  |1,338,037.10 |0.00                   |
2019-11-06 |FG002        |1,475.00   |0.00     |0.00     |0.00     |0.00     |1,469.00  |-6.00     |-6.00     |0         |1,160       |0        |0.00         |0.00                   |
2019-11-06 |FG003        |1,439.00   |1,456.00 |1,456.00 |1,456.00 |1,456.00 |1,456.00  |17.00     |17.00     |2         |4,206       |-2       |5.82         |0.00                   |
2019-11-06 |FG004        |1,434.00   |0.00     |0.00     |0.00     |0.00     |1,433.00  |-1.00     |-1.00     |0         |6           |0        |0.00         |0.00                   |
2019-11-06 |FG005        |1,421.00   |1,426.00 |1,429.00 |1,418.00 |1,419.00 |1,424.00  |-2.00     |3.00      |23,570    |112,828     |660      |67,106.58    |0.00                   |
2019-11-06 |FG006        |1,417.00   |0.00     |0.00     |0.00     |0.00     |1,417.00  |0.00      |0.00      |0         |104         |0        |0.00         |0.00                   |
2019-11-06 |FG007        |1,404.00   |0.00     |0.00     |0.00     |0.00     |1,404.00  |0.00      |0.00      |0         |0           |0        |0.00         |0.00                   |
2019-11-06 |FG008        |1,413.00   |0.00     |0.00     |0.00     |0.00     |1,413.00  |0.00      |0.00      |0         |2           |0        |0.00         |0.00                   |
2019-11-06 |FG009        |1,390.00   |1,394.00 |1,398.00 |1,388.00 |1,389.00 |1,392.00  |-1.00     |2.00      |3,168     |12,200      |-236     |8,821.35     |0.00                   |
2019-11-06 |FG010        |1,377.00   |0.00     |0.00     |0.00     |0.00     |1,377.00  |0.00      |0.00      |0         |2           |0        |0.00         |0.00                   |
2019-11-06 |FG911        |1,629.00   |0.00     |0.00     |0.00     |0.00     |1,632.00  |3.00      |3.00      |0         |60          |0        |0.00         |1,656.00               |
2019-11-06 |FG912        |1,551.00   |1,558.00 |1,558.00 |1,546.00 |1,549.00 |1,551.00  |-2.00     |0.00      |30        |6,838       |4        |93.07        |0.00                   |
2019-11-07 |FG001        |1,494.00   |1,489.00 |1,494.00 |1,482.00 |1,491.00 |1,489.00  |-3.00     |-5.00     |265,700   |596,292     |-20,530  |791,302.57   |0.00                   |
2019-11-07 |FG002        |1,469.00   |0.00     |0.00     |0.00     |0.00     |1,469.00  |0.00      |0.00      |0         |1,160       |0        |0.00         |0.00                   |
2019-11-07 |FG003        |1,456.00   |1,457.00 |1,457.00 |1,457.00 |1,457.00 |1,457.00  |1.00      |1.00      |2         |4,206       |0        |5.83         |0.00                   |
2019-11-07 |FG004        |1,433.00   |0.00     |0.00     |0.00     |0.00     |1,433.00  |0.00      |0.00      |0         |6           |0        |0.00         |0.00                   |
2019-11-07 |FG005        |1,424.00   |1,418.00 |1,429.00 |1,418.00 |1,425.00 |1,424.00  |1.00      |0.00      |27,836    |118,106     |5,278    |79,278.88    |0.00                   |
2019-11-07 |FG006        |1,417.00   |0.00     |0.00     |0.00     |0.00     |1,417.00  |0.00      |0.00      |0         |104         |0        |0.00         |0.00                   |
2019-11-07 |FG007        |1,404.00   |1,430.00 |1,430.00 |1,398.00 |1,398.00 |1,414.00  |-6.00     |10.00     |20        |0           |0        |56.56        |0.00                   |
2019-11-07 |FG008        |1,413.00   |1,430.00 |1,430.00 |1,394.00 |1,403.00 |1,412.00  |-10.00    |-1.00     |16        |2           |0        |45.17        |0.00                   |
2019-11-07 |FG009        |1,392.00   |1,387.00 |1,396.00 |1,387.00 |1,394.00 |1,393.00  |2.00      |1.00      |1,910     |11,498      |-702     |5,321.40     |0.00                   |
2019-11-07 |FG010        |1,377.00   |0.00     |0.00     |0.00     |0.00     |1,377.00  |0.00      |0.00      |0         |2           |0        |0.00         |0.00                   |
2019-11-07 |FG911        |1,632.00   |0.00     |0.00     |0.00     |0.00     |1,627.00  |-5.00     |-5.00     |0         |60          |0        |0.00         |1,649.00               |
2019-11-07 |FG912        |1,551.00   |1,550.00 |1,557.00 |1,545.00 |1,551.00 |1,548.00  |0.00      |-3.00     |82        |6,784       |-54      |253.84       |0.00                   |
2019-11-08 |FG001        |1,489.00   |1,493.00 |1,500.00 |1,490.00 |1,499.00 |1,495.00  |10.00     |6.00      |317,434   |565,442     |-30,850  |948,966.38   |0.00                   |
2019-11-08 |FG002        |1,469.00   |1,482.00 |1,482.00 |1,470.00 |1,470.00 |1,476.00  |1.00      |7.00      |4         |1,156       |-4       |11.81        |0.00                   |
2019-11-08 |FG003        |1,457.00   |0.00     |0.00     |0.00     |0.00     |1,457.00  |0.00      |0.00      |0         |4,206       |0        |0.00         |0.00                   |
2019-11-08 |FG004        |1,433.00   |0.00     |0.00     |0.00     |0.00     |1,433.00  |0.00      |0.00      |0         |6           |0        |0.00         |0.00                   |
2019-11-08 |FG005        |1,424.00   |1,428.00 |1,430.00 |1,423.00 |1,430.00 |1,427.00  |6.00      |3.00      |21,064    |119,812     |1,706    |60,099.44    |0.00                   |
2019-11-08 |FG006        |1,417.00   |0.00     |0.00     |0.00     |0.00     |1,417.00  |0.00      |0.00      |0         |104         |0        |0.00         |0.00                   |
2019-11-08 |FG007        |1,414.00   |1,436.00 |1,442.00 |1,436.00 |1,442.00 |1,438.00  |28.00     |24.00     |32        |30          |30       |92.00        |0.00                   |
2019-11-08 |FG008        |1,412.00   |0.00     |0.00     |0.00     |0.00     |1,412.00  |0.00      |0.00      |0         |2           |0        |0.00         |0.00                   |
2019-11-08 |FG009        |1,393.00   |1,395.00 |1,398.00 |1,393.00 |1,398.00 |1,396.00  |5.00      |3.00      |1,768     |11,840      |342      |4,936.40     |0.00                   |
2019-11-08 |FG010        |1,377.00   |0.00     |0.00     |0.00     |0.00     |1,377.00  |0.00      |0.00      |0         |2           |0        |0.00         |0.00                   |
2019-11-08 |FG911        |1,627.00   |0.00     |0.00     |0.00     |0.00     |1,634.00  |7.00      |7.00      |0         |60          |0        |0.00         |1,647.00               |
2019-11-08 |FG912        |1,548.00   |1,553.00 |1,563.00 |1,549.00 |1,553.00 |1,551.00  |5.00      |3.00      |262       |6,758       |-26      |812.92       |0.00                   |
2019-11-11 |FG001        |1,495.00   |1,500.00 |1,506.00 |1,475.00 |1,480.00 |1,489.00  |-15.00    |-6.00     |661,878   |505,312     |-60,130  |1,970,578.85 |0.00                   |
2019-11-11 |FG002        |1,476.00   |1,465.00 |1,465.00 |1,465.00 |1,465.00 |1,465.00  |-11.00    |-11.00    |2         |1,154       |-2       |5.86         |0.00                   |
2019-11-11 |FG003        |1,457.00   |1,457.00 |1,457.00 |1,457.00 |1,457.00 |1,457.00  |0.00      |0.00      |2         |4,206       |0        |5.83         |0.00                   |
2019-11-11 |FG004        |1,433.00   |0.00     |0.00     |0.00     |0.00     |1,417.00  |-16.00    |-16.00    |0         |6           |0        |0.00         |0.00                   |
2019-11-11 |FG005        |1,427.00   |1,431.00 |1,432.00 |1,391.00 |1,404.00 |1,410.00  |-23.00    |-17.00    |80,032    |124,310     |4,498    |225,657.18   |0.00                   |
2019-11-11 |FG006        |1,417.00   |0.00     |0.00     |0.00     |0.00     |1,402.00  |-15.00    |-15.00    |0         |104         |0        |0.00         |0.00                   |
2019-11-11 |FG007        |1,438.00   |1,414.00 |1,414.00 |1,414.00 |1,414.00 |1,414.00  |-24.00    |-24.00    |2         |30          |0        |5.66         |0.00                   |
2019-11-11 |FG008        |1,412.00   |0.00     |0.00     |0.00     |0.00     |1,412.00  |0.00      |0.00      |0         |2           |0        |0.00         |0.00                   |
2019-11-11 |FG009        |1,396.00   |1,399.00 |1,399.00 |1,370.00 |1,380.00 |1,385.00  |-16.00    |-11.00    |6,818     |14,352      |2,512    |18,884.52    |0.00                   |
2019-11-11 |FG010        |1,377.00   |0.00     |0.00     |0.00     |0.00     |1,377.00  |0.00      |0.00      |0         |2           |0        |0.00         |0.00                   |
2019-11-11 |FG911        |1,634.00   |1,600.00 |1,600.00 |1,600.00 |1,600.00 |1,600.00  |-34.00    |-34.00    |60        |0           |-60      |192.00       |1,639.00               |
2019-11-11 |FG912        |1,551.00   |1,549.00 |1,558.00 |1,540.00 |1,549.00 |1,546.00  |-2.00     |-5.00     |252       |6,558       |-200     |779.09       |0.00                   |
2019-11-12 |FG001        |1,489.00   |1,479.00 |1,484.00 |1,471.00 |1,475.00 |1,476.00  |-14.00    |-13.00    |351,652   |469,198     |-36,114  |1,038,423.92 |0.00                   |
2019-11-12 |FG002        |1,465.00   |0.00     |0.00     |0.00     |0.00     |1,460.00  |-5.00     |-5.00     |0         |1,154       |0        |0.00         |0.00                   |
2019-11-12 |FG003        |1,457.00   |0.00     |0.00     |0.00     |0.00     |1,445.00  |-12.00    |-12.00    |0         |4,206       |0        |0.00         |0.00                   |
2019-11-12 |FG004        |1,417.00   |1,414.00 |1,414.00 |1,414.00 |1,414.00 |1,414.00  |-3.00     |-3.00     |2         |4           |-2       |5.66         |0.00                   |
2019-11-12 |FG005        |1,410.00   |1,403.00 |1,407.00 |1,393.00 |1,397.00 |1,400.00  |-13.00    |-10.00    |47,620    |125,492     |1,182    |133,302.29   |0.00                   |
2019-11-12 |FG006        |1,402.00   |0.00     |0.00     |0.00     |0.00     |1,395.00  |-7.00     |-7.00     |0         |104         |0        |0.00         |0.00                   |
2019-11-12 |FG007        |1,414.00   |1,393.00 |1,393.00 |1,386.00 |1,388.00 |1,392.00  |-26.00    |-22.00    |32        |2           |-28      |89.06        |0.00                   |
2019-11-12 |FG008        |1,412.00   |0.00     |0.00     |0.00     |0.00     |1,405.00  |-7.00     |-7.00     |0         |2           |0        |0.00         |0.00                   |
2019-11-12 |FG009        |1,385.00   |1,380.00 |1,382.00 |1,373.00 |1,375.00 |1,377.00  |-10.00    |-8.00     |1,612     |15,016      |664      |4,439.71     |0.00                   |
2019-11-12 |FG010        |1,377.00   |0.00     |0.00     |0.00     |0.00     |1,377.00  |0.00      |0.00      |0         |2           |0        |0.00         |0.00                   |
2019-11-12 |FG911        |1,600.00   |0.00     |0.00     |0.00     |0.00     |1,586.00  |-14.00    |-14.00    |0         |0           |0        |0.00         |1,630.00               |
2019-11-12 |FG912        |1,546.00   |1,550.00 |1,550.00 |1,534.00 |1,546.00 |1,540.00  |0.00      |-6.00     |76        |6,514       |-44      |234.10       |0.00                   |
2019-11-13 |FG001        |1,476.00   |1,478.00 |1,495.00 |1,457.00 |1,480.00 |1,474.00  |4.00      |-2.00     |640,230   |470,804     |1,606    |1,887,113.80 |0.00                   |
2019-11-13 |FG002        |1,460.00   |1,441.00 |1,456.00 |1,441.00 |1,456.00 |1,449.00  |-4.00     |-11.00    |4         |1,150       |-4       |11.59        |0.00                   |
2019-11-13 |FG003        |1,445.00   |0.00     |0.00     |0.00     |0.00     |1,444.00  |-1.00     |-1.00     |0         |4,206       |0        |0.00         |0.00                   |
2019-11-13 |FG004        |1,414.00   |0.00     |0.00     |0.00     |0.00     |1,410.00  |-4.00     |-4.00     |0         |4           |0        |0.00         |0.00                   |
2019-11-13 |FG005        |1,400.00   |1,398.00 |1,410.00 |1,380.00 |1,394.00 |1,392.00  |-6.00     |-8.00     |74,522    |133,666     |8,174    |207,458.17   |0.00                   |
2019-11-13 |FG006        |1,395.00   |0.00     |0.00     |0.00     |0.00     |1,393.00  |-2.00     |-2.00     |0         |104         |0        |0.00         |0.00                   |
2019-11-13 |FG007        |1,392.00   |0.00     |0.00     |0.00     |0.00     |1,392.00  |0.00      |0.00      |0         |2           |0        |0.00         |0.00                   |
2019-11-13 |FG008        |1,405.00   |0.00     |0.00     |0.00     |0.00     |1,400.00  |-5.00     |-5.00     |0         |2           |0        |0.00         |0.00                   |
2019-11-13 |FG009        |1,377.00   |1,376.00 |1,386.00 |1,362.00 |1,372.00 |1,370.00  |-5.00     |-7.00     |5,858     |17,860      |2,844    |16,055.64    |0.00                   |
2019-11-13 |FG010        |1,377.00   |0.00     |0.00     |0.00     |0.00     |1,377.00  |0.00      |0.00      |0         |2           |0        |0.00         |0.00                   |
2019-11-13 |FG911        |1,586.00   |0.00     |0.00     |0.00     |0.00     |1,584.00  |-2.00     |-2.00     |0         |0           |0        |0.00         |1,623.00               |
2019-11-13 |FG912        |1,540.00   |1,547.00 |1,568.00 |1,525.00 |1,540.00 |1,539.00  |0.00      |-1.00     |146       |6,412       |-102     |449.51       |0.00                   |
2019-11-14 |FG001        |1,474.00   |1,479.00 |1,494.00 |1,476.00 |1,494.00 |1,483.00  |20.00     |9.00      |242,556   |461,054     |-9,750   |719,317.12   |0.00                   |
2019-11-14 |FG002        |1,449.00   |1,467.00 |1,467.00 |1,467.00 |1,467.00 |1,467.00  |18.00     |18.00     |32        |1,160       |10       |93.89        |0.00                   |
2019-11-14 |FG003        |1,444.00   |0.00     |0.00     |0.00     |0.00     |1,446.00  |2.00      |2.00      |0         |4,206       |0        |0.00         |0.00                   |
2019-11-14 |FG004        |1,410.00   |1,397.00 |1,412.00 |1,395.00 |1,412.00 |1,400.00  |2.00      |-10.00    |12        |16          |12       |33.59        |0.00                   |
2019-11-14 |FG005        |1,392.00   |1,393.00 |1,421.00 |1,390.00 |1,421.00 |1,405.00  |29.00     |13.00     |79,636    |140,070     |6,404    |223,821.94   |0.00                   |
2019-11-14 |FG006        |1,393.00   |0.00     |0.00     |0.00     |0.00     |1,401.00  |8.00      |8.00      |0         |104         |0        |0.00         |0.00                   |
2019-11-14 |FG007        |1,392.00   |1,392.00 |1,392.00 |1,392.00 |1,392.00 |1,392.00  |0.00      |0.00      |2         |2           |0        |5.57         |0.00                   |
2019-11-14 |FG008        |1,400.00   |0.00     |0.00     |0.00     |0.00     |1,403.00  |3.00      |3.00      |0         |2           |0        |0.00         |0.00                   |
2019-11-14 |FG009        |1,370.00   |1,371.00 |1,392.00 |1,366.00 |1,392.00 |1,380.00  |22.00     |10.00     |7,640     |18,220      |360      |21,093.65    |0.00                   |
2019-11-14 |FG010        |1,377.00   |0.00     |0.00     |0.00     |0.00     |1,377.00  |0.00      |0.00      |0         |2           |0        |0.00         |0.00                   |
2019-11-14 |FG911        |1,584.00   |0.00     |0.00     |0.00     |0.00     |1,594.00  |10.00     |10.00     |0         |0           |0        |0.00         |1,614.00               |
2019-11-14 |FG912        |1,539.00   |1,531.00 |1,549.00 |1,531.00 |1,549.00 |1,538.00  |10.00     |-1.00     |22        |6,414       |2        |67.67        |0.00                   |
2019-11-15 |FG001        |1,483.00   |1,495.00 |1,499.00 |1,490.00 |1,491.00 |1,494.00  |8.00      |11.00     |238,160   |459,102     |-1,952   |711,750.47   |0.00                   |
2019-11-15 |FG002        |1,467.00   |1,466.00 |1,468.00 |1,465.00 |1,465.00 |1,467.00  |-2.00     |0.00      |16        |1,148       |-12      |46.93        |0.00                   |
2019-11-15 |FG003        |1,446.00   |0.00     |0.00     |0.00     |0.00     |1,446.00  |0.00      |0.00      |0         |4,206       |0        |0.00         |0.00                   |
2019-11-15 |FG004        |1,400.00   |0.00     |0.00     |0.00     |0.00     |1,417.00  |17.00     |17.00     |0         |16          |0        |0.00         |0.00                   |
2019-11-15 |FG005        |1,405.00   |1,422.00 |1,428.00 |1,416.00 |1,417.00 |1,419.00  |12.00     |14.00     |51,056    |148,110     |8,040    |144,937.63   |0.00                   |
2019-11-15 |FG006        |1,401.00   |0.00     |0.00     |0.00     |0.00     |1,401.00  |0.00      |0.00      |0         |104         |0        |0.00         |0.00                   |
2019-11-15 |FG007        |1,392.00   |0.00     |0.00     |0.00     |0.00     |1,392.00  |0.00      |0.00      |0         |2           |0        |0.00         |0.00                   |
2019-11-15 |FG008        |1,403.00   |0.00     |0.00     |0.00     |0.00     |1,403.00  |0.00      |0.00      |0         |2           |0        |0.00         |0.00                   |
2019-11-15 |FG009        |1,380.00   |1,391.00 |1,398.00 |1,387.00 |1,392.00 |1,391.00  |12.00     |11.00     |4,534     |18,322      |102      |12,613.32    |0.00                   |
2019-11-15 |FG010        |1,377.00   |0.00     |0.00     |0.00     |0.00     |1,377.00  |0.00      |0.00      |0         |2           |0        |0.00         |0.00                   |
2019-11-15 |FG011        |1,377.00   |0.00     |0.00     |0.00     |0.00     |1,377.00  |0.00      |0.00      |0         |0           |0        |0.00         |0.00                   |
2019-11-15 |FG912        |1,538.00   |1,549.00 |1,558.00 |1,542.00 |1,546.00 |1,549.00  |8.00      |11.00     |1,128     |5,318       |-1,096   |3,494.59     |0.00                   |
2019-11-18 |FG001        |1,494.00   |1,490.00 |1,493.00 |1,475.00 |1,484.00 |1,483.00  |-10.00    |-11.00    |317,394   |453,106     |-5,996   |941,199.24   |0.00                   |
2019-11-18 |FG002        |1,467.00   |1,465.00 |1,466.00 |1,442.00 |1,466.00 |1,454.00  |-1.00     |-13.00    |12        |1,148       |0        |34.90        |0.00                   |
2019-11-18 |FG003        |1,446.00   |0.00     |0.00     |0.00     |0.00     |1,446.00  |0.00      |0.00      |0         |4,206       |0        |0.00         |0.00                   |
2019-11-18 |FG004        |1,417.00   |0.00     |0.00     |0.00     |0.00     |1,417.00  |0.00      |0.00      |0         |16          |0        |0.00         |0.00                   |
2019-11-18 |FG005        |1,419.00   |1,418.00 |1,419.00 |1,402.00 |1,413.00 |1,410.00  |-6.00     |-9.00     |62,938    |154,652     |6,542    |177,525.11   |0.00                   |
2019-11-18 |FG006        |1,401.00   |0.00     |0.00     |0.00     |0.00     |1,401.00  |0.00      |0.00      |0         |104         |0        |0.00         |0.00                   |
2019-11-18 |FG007        |1,392.00   |0.00     |0.00     |0.00     |0.00     |1,392.00  |0.00      |0.00      |0         |2           |0        |0.00         |0.00                   |
2019-11-18 |FG008        |1,403.00   |0.00     |0.00     |0.00     |0.00     |1,403.00  |0.00      |0.00      |0         |2           |0        |0.00         |0.00                   |
2019-11-18 |FG009        |1,391.00   |1,392.00 |1,392.00 |1,382.00 |1,388.00 |1,387.00  |-3.00     |-4.00     |5,868     |20,912      |2,590    |16,277.40    |0.00                   |
2019-11-18 |FG010        |1,377.00   |0.00     |0.00     |0.00     |0.00     |1,377.00  |0.00      |0.00      |0         |2           |0        |0.00         |0.00                   |
2019-11-18 |FG011        |1,377.00   |0.00     |0.00     |0.00     |0.00     |1,377.00  |0.00      |0.00      |0         |0           |0        |0.00         |0.00                   |
2019-11-18 |FG912        |1,549.00   |1,555.00 |1,557.00 |1,540.00 |1,550.00 |1,549.00  |1.00      |0.00      |72        |5,284       |-34      |223.01       |0.00                   |
2019-11-19 |FG001        |1,483.00   |1,484.00 |1,492.00 |1,479.00 |1,482.00 |1,484.00  |-1.00     |1.00      |375,600   |456,566     |3,460    |1,114,804.92 |0.00                   |
2019-11-19 |FG002        |1,454.00   |1,466.00 |1,466.00 |1,450.00 |1,450.00 |1,458.00  |-4.00     |4.00      |4         |1,146       |-2       |11.66        |0.00                   |
2019-11-19 |FG003        |1,446.00   |0.00     |0.00     |0.00     |0.00     |1,446.00  |0.00      |0.00      |0         |4,206       |0        |0.00         |0.00                   |
2019-11-19 |FG004        |1,417.00   |0.00     |0.00     |0.00     |0.00     |1,412.00  |-5.00     |-5.00     |0         |16          |0        |0.00         |0.00                   |
2019-11-19 |FG005        |1,410.00   |1,414.00 |1,418.00 |1,406.00 |1,408.00 |1,412.00  |-2.00     |2.00      |46,408    |151,024     |-3,628   |131,039.14   |0.00                   |
2019-11-19 |FG006        |1,401.00   |0.00     |0.00     |0.00     |0.00     |1,401.00  |0.00      |0.00      |0         |104         |0        |0.00         |0.00                   |
2019-11-19 |FG007        |1,392.00   |0.00     |0.00     |0.00     |0.00     |1,392.00  |0.00      |0.00      |0         |2           |0        |0.00         |0.00                   |
2019-11-19 |FG008        |1,403.00   |1,415.00 |1,415.00 |1,415.00 |1,415.00 |1,415.00  |12.00     |12.00     |8         |10          |8        |22.64        |0.00                   |
2019-11-19 |FG009        |1,387.00   |1,389.00 |1,389.00 |1,381.00 |1,381.00 |1,385.00  |-6.00     |-2.00     |2,524     |20,800      |-112     |6,993.18     |0.00                   |
2019-11-19 |FG010        |1,377.00   |0.00     |0.00     |0.00     |0.00     |1,377.00  |0.00      |0.00      |0         |2           |0        |0.00         |0.00                   |
2019-11-19 |FG011        |1,377.00   |0.00     |0.00     |0.00     |0.00     |1,377.00  |0.00      |0.00      |0         |0           |0        |0.00         |0.00                   |
2019-11-19 |FG912        |1,549.00   |1,552.00 |1,552.00 |1,547.00 |1,548.00 |1,550.00  |-1.00     |1.00      |10        |5,278       |-6       |31.00        |0.00                   |
2019-11-20 |FG001        |1,484.00   |1,484.00 |1,488.00 |1,478.00 |1,482.00 |1,484.00  |-2.00     |0.00      |187,650   |439,442     |-17,124  |556,812.78   |0.00                   |
2019-11-20 |FG002        |1,458.00   |0.00     |0.00     |0.00     |0.00     |1,458.00  |0.00      |0.00      |0         |1,146       |0        |0.00         |0.00                   |
2019-11-20 |FG003        |1,446.00   |0.00     |0.00     |0.00     |0.00     |1,446.00  |0.00      |0.00      |0         |4,206       |0        |0.00         |0.00                   |
2019-11-20 |FG004        |1,412.00   |1,412.00 |1,414.00 |1,412.00 |1,414.00 |1,413.00  |2.00      |1.00      |4         |16          |0        |11.30        |0.00                   |
2019-11-20 |FG005        |1,412.00   |1,407.00 |1,417.00 |1,407.00 |1,416.00 |1,413.00  |4.00      |1.00      |36,890    |151,418     |394      |104,260.91   |0.00                   |
2019-11-20 |FG006        |1,401.00   |0.00     |0.00     |0.00     |0.00     |1,401.00  |0.00      |0.00      |0         |104         |0        |0.00         |0.00                   |
2019-11-20 |FG007        |1,392.00   |0.00     |0.00     |0.00     |0.00     |1,392.00  |0.00      |0.00      |0         |2           |0        |0.00         |0.00                   |
2019-11-20 |FG008        |1,415.00   |1,398.00 |1,398.00 |1,398.00 |1,398.00 |1,398.00  |-17.00    |-17.00    |8         |2           |-8       |22.37        |0.00                   |
2019-11-20 |FG009        |1,385.00   |1,384.00 |1,389.00 |1,380.00 |1,386.00 |1,387.00  |1.00      |2.00      |1,400     |20,228      |-572     |3,882.74     |0.00                   |
2019-11-20 |FG010        |1,377.00   |0.00     |0.00     |0.00     |0.00     |1,377.00  |0.00      |0.00      |0         |2           |0        |0.00         |0.00                   |
2019-11-20 |FG011        |1,377.00   |0.00     |0.00     |0.00     |0.00     |1,377.00  |0.00      |0.00      |0         |0           |0        |0.00         |0.00                   |
2019-11-20 |FG912        |1,550.00   |1,535.00 |1,554.00 |1,535.00 |1,553.00 |1,549.00  |3.00      |-1.00     |10        |5,282       |4        |30.98        |0.00                   |
2019-11-21 |FG001        |1,484.00   |1,481.00 |1,483.00 |1,445.00 |1,445.00 |1,467.00  |-39.00    |-17.00    |484,558   |428,330     |-11,112  |1,421,848.90 |0.00                   |
2019-11-21 |FG002        |1,458.00   |1,432.00 |1,432.00 |1,432.00 |1,432.00 |1,432.00  |-26.00    |-26.00    |2         |1,146       |0        |5.73         |0.00                   |
2019-11-21 |FG003        |1,446.00   |1,424.00 |1,424.00 |1,424.00 |1,424.00 |1,424.00  |-22.00    |-22.00    |6         |4,202       |-4       |17.09        |0.00                   |
2019-11-21 |FG004        |1,413.00   |1,408.00 |1,408.00 |1,408.00 |1,408.00 |1,408.00  |-5.00     |-5.00     |2         |16          |0        |5.63         |0.00                   |
2019-11-21 |FG005        |1,413.00   |1,416.00 |1,416.00 |1,396.00 |1,398.00 |1,406.00  |-15.00    |-7.00     |71,896    |170,650     |19,232   |202,214.86   |0.00                   |
2019-11-21 |FG006        |1,401.00   |0.00     |0.00     |0.00     |0.00     |1,400.00  |-1.00     |-1.00     |0         |104         |0        |0.00         |0.00                   |
2019-11-21 |FG007        |1,392.00   |0.00     |0.00     |0.00     |0.00     |1,392.00  |0.00      |0.00      |0         |2           |0        |0.00         |0.00                   |
2019-11-21 |FG008        |1,398.00   |0.00     |0.00     |0.00     |0.00     |1,398.00  |0.00      |0.00      |0         |2           |0        |0.00         |0.00                   |
2019-11-21 |FG009        |1,387.00   |1,390.00 |1,390.00 |1,373.00 |1,377.00 |1,380.00  |-10.00    |-7.00     |4,592     |21,968      |1,740    |12,676.31    |0.00                   |
2019-11-21 |FG010        |1,377.00   |1,348.00 |1,348.00 |1,348.00 |1,348.00 |1,348.00  |-29.00    |-29.00    |40        |42          |40       |107.84       |0.00                   |
2019-11-21 |FG011        |1,377.00   |0.00     |0.00     |0.00     |0.00     |1,377.00  |0.00      |0.00      |0         |0           |0        |0.00         |0.00                   |
2019-11-21 |FG912        |1,549.00   |1,538.00 |1,545.00 |1,516.00 |1,520.00 |1,528.00  |-29.00    |-21.00    |144       |5,186       |-96      |439.97       |0.00                   |
2019-11-22 |FG001        |1,467.00   |1,443.00 |1,455.00 |1,441.00 |1,450.00 |1,448.00  |-17.00    |-19.00    |349,144   |414,552     |-13,778  |1,011,407.72 |0.00                   |
2019-11-22 |FG002        |1,432.00   |1,416.00 |1,434.00 |1,416.00 |1,419.00 |1,423.00  |-13.00    |-9.00     |12        |1,146       |0        |34.15        |0.00                   |
2019-11-22 |FG003        |1,424.00   |1,420.00 |1,420.00 |1,416.00 |1,417.00 |1,419.00  |-7.00     |-5.00     |14        |4,200       |-2       |39.72        |0.00                   |
2019-11-22 |FG004        |1,408.00   |1,384.00 |1,393.00 |1,384.00 |1,393.00 |1,391.00  |-15.00    |-17.00    |10        |10          |-6       |27.82        |0.00                   |
2019-11-22 |FG005        |1,406.00   |1,398.00 |1,399.00 |1,379.00 |1,385.00 |1,388.00  |-21.00    |-18.00    |97,556    |157,310     |-13,340  |270,751.02   |0.00                   |
2019-11-22 |FG006        |1,400.00   |0.00     |0.00     |0.00     |0.00     |1,384.00  |-16.00    |-16.00    |0         |104         |0        |0.00         |0.00                   |
2019-11-22 |FG007        |1,392.00   |0.00     |0.00     |0.00     |0.00     |1,384.00  |-8.00     |-8.00     |0         |2           |0        |0.00         |0.00                   |
2019-11-22 |FG008        |1,398.00   |0.00     |0.00     |0.00     |0.00     |1,385.00  |-13.00    |-13.00    |0         |2           |0        |0.00         |0.00                   |
2019-11-22 |FG009        |1,380.00   |1,377.00 |1,377.00 |1,360.00 |1,366.00 |1,366.00  |-14.00    |-14.00    |6,598     |24,296      |2,328    |18,028.79    |0.00                   |
2019-11-22 |FG010        |1,348.00   |1,364.00 |1,364.00 |1,330.00 |1,347.00 |1,333.00  |-1.00     |-15.00    |54        |50          |8        |143.92       |0.00                   |
2019-11-22 |FG011        |1,377.00   |1,350.00 |1,364.00 |1,332.00 |1,332.00 |1,349.00  |-45.00    |-28.00    |6         |2           |2        |16.18        |0.00                   |
2019-11-22 |FG912        |1,528.00   |1,522.00 |1,561.00 |1,509.00 |1,522.00 |1,522.00  |-6.00     |-6.00     |114       |5,126       |-60      |346.94       |0.00                   |
2019-11-25 |FG001        |1,448.00   |1,451.00 |1,461.00 |1,444.00 |1,455.00 |1,453.00  |7.00      |5.00      |280,662   |400,694     |-13,858  |815,455.06   |0.00                   |
2019-11-25 |FG002        |1,423.00   |1,399.00 |1,408.00 |1,399.00 |1,408.00 |1,402.00  |-15.00    |-21.00    |6         |1,146       |0        |16.82        |0.00                   |
2019-11-25 |FG003        |1,419.00   |1,421.00 |1,421.00 |1,421.00 |1,421.00 |1,421.00  |2.00      |2.00      |2         |4,198       |-2       |5.68         |0.00                   |
2019-11-25 |FG004        |1,391.00   |1,396.00 |1,401.00 |1,396.00 |1,401.00 |1,399.00  |10.00     |8.00      |6         |6           |-4       |16.79        |0.00                   |
2019-11-25 |FG005        |1,388.00   |1,385.00 |1,395.00 |1,381.00 |1,388.00 |1,387.00  |0.00      |-1.00     |66,032    |158,378     |1,068    |183,231.36   |0.00                   |
2019-11-25 |FG006        |1,384.00   |0.00     |0.00     |0.00     |0.00     |1,384.00  |0.00      |0.00      |0         |104         |0        |0.00         |0.00                   |
2019-11-25 |FG007        |1,384.00   |0.00     |0.00     |0.00     |0.00     |1,384.00  |0.00      |0.00      |0         |2           |0        |0.00         |0.00                   |
2019-11-25 |FG008        |1,385.00   |0.00     |0.00     |0.00     |0.00     |1,385.00  |0.00      |0.00      |0         |2           |0        |0.00         |0.00                   |
2019-11-25 |FG009        |1,366.00   |1,362.00 |1,374.00 |1,362.00 |1,365.00 |1,367.00  |-1.00     |1.00      |3,874     |25,644      |1,348    |10,589.65    |0.00                   |
2019-11-25 |FG010        |1,333.00   |1,353.00 |1,353.00 |1,353.00 |1,353.00 |1,353.00  |20.00     |20.00     |2         |50          |0        |5.41         |0.00                   |
2019-11-25 |FG011        |1,349.00   |0.00     |0.00     |0.00     |0.00     |1,349.00  |0.00      |0.00      |0         |2           |0        |0.00         |0.00                   |
2019-11-25 |FG912        |1,522.00   |1,520.00 |1,530.00 |1,517.00 |1,530.00 |1,526.00  |8.00      |4.00      |360       |5,022       |-104     |1,098.72     |0.00                   |
2019-11-26 |FG001        |1,453.00   |1,455.00 |1,456.00 |1,449.00 |1,453.00 |1,453.00  |0.00      |0.00      |150,204   |391,024     |-9,670   |436,553.88   |0.00                   |
2019-11-26 |FG002        |1,402.00   |0.00     |0.00     |0.00     |0.00     |1,409.00  |7.00      |7.00      |0         |1,146       |0        |0.00         |0.00                   |
2019-11-26 |FG003        |1,421.00   |0.00     |0.00     |0.00     |0.00     |1,421.00  |0.00      |0.00      |0         |4,198       |0        |0.00         |0.00                   |
2019-11-26 |FG004        |1,399.00   |1,403.00 |1,403.00 |1,403.00 |1,403.00 |1,403.00  |4.00      |4.00      |2         |4           |-2       |5.61         |0.00                   |
2019-11-26 |FG005        |1,387.00   |1,387.00 |1,388.00 |1,380.00 |1,383.00 |1,385.00  |-4.00     |-2.00     |42,466    |165,618     |7,240    |117,597.83   |0.00                   |
2019-11-26 |FG006        |1,384.00   |0.00     |0.00     |0.00     |0.00     |1,382.00  |-2.00     |-2.00     |0         |104         |0        |0.00         |0.00                   |
2019-11-26 |FG007        |1,384.00   |0.00     |0.00     |0.00     |0.00     |1,384.00  |0.00      |0.00      |0         |2           |0        |0.00         |0.00                   |
2019-11-26 |FG008        |1,385.00   |0.00     |0.00     |0.00     |0.00     |1,385.00  |0.00      |0.00      |0         |2           |0        |0.00         |0.00                   |
2019-11-26 |FG009        |1,367.00   |1,365.00 |1,370.00 |1,361.00 |1,366.00 |1,367.00  |-1.00     |0.00      |4,144     |28,182      |2,538    |11,330.80    |0.00                   |
2019-11-26 |FG010        |1,353.00   |0.00     |0.00     |0.00     |0.00     |1,353.00  |0.00      |0.00      |0         |50          |0        |0.00         |0.00                   |
2019-11-26 |FG011        |1,349.00   |0.00     |0.00     |0.00     |0.00     |1,349.00  |0.00      |0.00      |0         |2           |0        |0.00         |0.00                   |
2019-11-26 |FG912        |1,526.00   |1,535.00 |1,535.00 |1,510.00 |1,535.00 |1,522.00  |9.00      |-4.00     |2,006     |3,022       |-2,000   |6,106.32     |0.00                   |
2019-11-27 |FG001        |1,453.00   |1,454.00 |1,472.00 |1,443.00 |1,467.00 |1,457.00  |14.00     |4.00      |391,656   |395,902     |4,878    |1,141,344.49 |0.00                   |
2019-11-27 |FG002        |1,409.00   |1,426.00 |1,426.00 |1,405.00 |1,405.00 |1,416.00  |-4.00     |7.00      |4         |1,146       |0        |11.32        |0.00                   |
2019-11-27 |FG003        |1,421.00   |1,416.00 |1,430.00 |1,413.00 |1,430.00 |1,418.00  |9.00      |-3.00     |2,020     |2,198       |-2,000   |5,728.84     |0.00                   |
2019-11-27 |FG004        |1,403.00   |0.00     |0.00     |0.00     |0.00     |1,403.00  |0.00      |0.00      |0         |4           |0        |0.00         |0.00                   |
2019-11-27 |FG005        |1,385.00   |1,383.00 |1,403.00 |1,381.00 |1,397.00 |1,391.00  |12.00     |6.00      |101,576   |172,276     |6,658    |282,597.55   |0.00                   |
2019-11-27 |FG006        |1,382.00   |0.00     |0.00     |0.00     |0.00     |1,382.00  |0.00      |0.00      |0         |104         |0        |0.00         |0.00                   |
2019-11-27 |FG007        |1,384.00   |1,376.00 |1,390.00 |1,376.00 |1,390.00 |1,383.00  |6.00      |-1.00     |4         |2           |0        |11.06        |0.00                   |
2019-11-27 |FG008        |1,385.00   |1,387.00 |1,387.00 |1,387.00 |1,387.00 |1,387.00  |2.00      |2.00      |2         |2           |0        |5.55         |0.00                   |
2019-11-27 |FG009        |1,367.00   |1,366.00 |1,379.00 |1,366.00 |1,375.00 |1,374.00  |8.00      |7.00      |14,016    |30,780      |2,598    |38,528.96    |0.00                   |
2019-11-27 |FG010        |1,353.00   |1,347.00 |1,347.00 |1,347.00 |1,347.00 |1,347.00  |-6.00     |-6.00     |2         |50          |0        |5.39         |0.00                   |
2019-11-27 |FG011        |1,349.00   |0.00     |0.00     |0.00     |0.00     |1,349.00  |0.00      |0.00      |0         |2           |0        |0.00         |0.00                   |
2019-11-27 |FG912        |1,522.00   |1,523.00 |1,550.00 |1,523.00 |1,550.00 |1,531.00  |28.00     |9.00      |202       |2,826       |-196     |618.64       |0.00                   |
2019-11-28 |FG001        |1,457.00   |1,468.00 |1,471.00 |1,463.00 |1,469.00 |1,466.00  |12.00     |9.00      |157,400   |378,144     |-17,758  |461,651.03   |0.00                   |
2019-11-28 |FG002        |1,416.00   |0.00     |0.00     |0.00     |0.00     |1,417.00  |1.00      |1.00      |0         |1,146       |0        |0.00         |0.00                   |
2019-11-28 |FG003        |1,418.00   |1,427.00 |1,430.00 |1,421.00 |1,430.00 |1,426.00  |12.00     |8.00      |6         |2,196       |-2       |17.11        |0.00                   |
2019-11-28 |FG004        |1,403.00   |0.00     |0.00     |0.00     |0.00     |1,411.00  |8.00      |8.00      |0         |4           |0        |0.00         |0.00                   |
2019-11-28 |FG005        |1,391.00   |1,396.00 |1,409.00 |1,393.00 |1,408.00 |1,400.00  |17.00     |9.00      |63,848    |183,596     |11,320   |178,834.63   |0.00                   |
2019-11-28 |FG006        |1,382.00   |0.00     |0.00     |0.00     |0.00     |1,386.00  |4.00      |4.00      |0         |104         |0        |0.00         |0.00                   |
2019-11-28 |FG007        |1,383.00   |0.00     |0.00     |0.00     |0.00     |1,388.00  |5.00      |5.00      |0         |2           |0        |0.00         |0.00                   |
2019-11-28 |FG008        |1,387.00   |0.00     |0.00     |0.00     |0.00     |1,388.00  |1.00      |1.00      |0         |2           |0        |0.00         |0.00                   |
2019-11-28 |FG009        |1,374.00   |1,375.00 |1,385.00 |1,374.00 |1,385.00 |1,379.00  |11.00     |5.00      |4,518     |31,542      |762      |12,461.62    |0.00                   |
2019-11-28 |FG010        |1,347.00   |1,362.00 |1,367.00 |1,360.00 |1,361.00 |1,362.00  |14.00     |15.00     |32        |50          |0        |87.15        |0.00                   |
2019-11-28 |FG011        |1,349.00   |1,364.00 |1,364.00 |1,364.00 |1,364.00 |1,364.00  |15.00     |15.00     |2         |2           |0        |5.46         |0.00                   |
2019-11-28 |FG912        |1,531.00   |1,554.00 |1,590.00 |1,554.00 |1,590.00 |1,570.00  |59.00     |39.00     |18        |2,820       |-6       |56.54        |0.00                   |
2019-11-29 |FG001        |1,466.00   |1,467.00 |1,476.00 |1,464.00 |1,473.00 |1,470.00  |7.00      |4.00      |173,646   |362,580     |-15,564  |510,521.26   |0.00                   |
2019-11-29 |FG002        |1,417.00   |1,444.00 |1,444.00 |1,444.00 |1,444.00 |1,444.00  |27.00     |27.00     |4         |1,148       |2        |11.55        |0.00                   |
2019-11-29 |FG003        |1,426.00   |1,433.00 |1,441.00 |1,427.00 |1,440.00 |1,433.00  |14.00     |7.00      |32        |2,204       |8        |91.70        |0.00                   |
2019-11-29 |FG004        |1,411.00   |1,426.00 |1,426.00 |1,426.00 |1,426.00 |1,426.00  |15.00     |15.00     |2         |4           |0        |5.70         |0.00                   |
2019-11-29 |FG005        |1,400.00   |1,407.00 |1,413.00 |1,404.00 |1,411.00 |1,410.00  |11.00     |10.00     |59,418    |189,078     |5,482    |167,506.03   |0.00                   |
2019-11-29 |FG006        |1,386.00   |0.00     |0.00     |0.00     |0.00     |1,393.00  |7.00      |7.00      |0         |104         |0        |0.00         |0.00                   |
2019-11-29 |FG007        |1,388.00   |1,409.00 |1,409.00 |1,409.00 |1,409.00 |1,409.00  |21.00     |21.00     |2         |4           |2        |5.64         |0.00                   |
2019-11-29 |FG008        |1,388.00   |1,408.00 |1,408.00 |1,408.00 |1,408.00 |1,408.00  |20.00     |20.00     |2         |4           |2        |5.63         |0.00                   |
2019-11-29 |FG009        |1,379.00   |1,385.00 |1,392.00 |1,382.00 |1,391.00 |1,387.00  |12.00     |8.00      |4,830     |31,250      |-292     |13,397.36    |0.00                   |
2019-11-29 |FG010        |1,362.00   |0.00     |0.00     |0.00     |0.00     |1,371.00  |9.00      |9.00      |0         |50          |0        |0.00         |0.00                   |
2019-11-29 |FG011        |1,364.00   |1,384.00 |1,384.00 |1,384.00 |1,384.00 |1,384.00  |20.00     |20.00     |4         |6           |4        |11.07        |0.00                   |
2019-11-29 |FG912        |1,570.00   |1,598.00 |1,629.00 |1,569.00 |1,629.00 |1,582.00  |59.00     |12.00     |928       |2,040       |-780     |2,935.88     |0.00                   |
2019-12-02 |FG001        |1,470.00   |1,470.00 |1,471.00 |1,464.00 |1,470.00 |1,467.00  |0.00      |-3.00     |147,548   |349,184     |-13,396  |433,038.46   |0.00                   |
2019-12-02 |FG002        |1,444.00   |0.00     |0.00     |0.00     |0.00     |1,443.00  |-1.00     |-1.00     |0         |1,148       |0        |0.00         |0.00                   |
2019-12-02 |FG003        |1,433.00   |1,436.00 |1,436.00 |1,436.00 |1,436.00 |1,436.00  |3.00      |3.00      |280       |1,924       |-280     |804.16       |0.00                   |
2019-12-02 |FG004        |1,426.00   |0.00     |0.00     |0.00     |0.00     |1,426.00  |0.00      |0.00      |0         |4           |0        |0.00         |0.00                   |
2019-12-02 |FG005        |1,410.00   |1,410.00 |1,413.00 |1,399.00 |1,410.00 |1,406.00  |0.00      |-4.00     |85,290    |199,336     |10,258   |239,758.89   |0.00                   |
2019-12-02 |FG006        |1,393.00   |0.00     |0.00     |0.00     |0.00     |1,393.00  |0.00      |0.00      |0         |104         |0        |0.00         |0.00                   |
2019-12-02 |FG007        |1,409.00   |0.00     |0.00     |0.00     |0.00     |1,409.00  |0.00      |0.00      |0         |4           |0        |0.00         |0.00                   |
2019-12-02 |FG008        |1,408.00   |0.00     |0.00     |0.00     |0.00     |1,408.00  |0.00      |0.00      |0         |4           |0        |0.00         |0.00                   |
2019-12-02 |FG009        |1,387.00   |1,392.00 |1,392.00 |1,380.00 |1,389.00 |1,384.00  |2.00      |-3.00     |3,446     |32,480      |1,230    |9,539.98     |0.00                   |
2019-12-02 |FG010        |1,371.00   |1,364.00 |1,364.00 |1,364.00 |1,364.00 |1,364.00  |-7.00     |-7.00     |2         |50          |0        |5.46         |0.00                   |
2019-12-02 |FG011        |1,384.00   |1,366.00 |1,384.00 |1,366.00 |1,384.00 |1,375.00  |0.00      |-9.00     |4         |8           |2        |11.00        |0.00                   |
2019-12-02 |FG912        |1,582.00   |1,610.00 |1,610.00 |1,581.00 |1,584.00 |1,596.00  |2.00      |14.00     |26        |2,036       |-4       |82.97        |1,548.00               |
2019-12-03 |FG001        |1,467.00   |1,466.00 |1,472.00 |1,464.00 |1,469.00 |1,468.00  |2.00      |1.00      |126,190   |343,456     |-5,728   |370,457.78   |0.00                   |
2019-12-03 |FG002        |1,443.00   |0.00     |0.00     |0.00     |0.00     |1,443.00  |0.00      |0.00      |0         |1,148       |0        |0.00         |0.00                   |
2019-12-03 |FG003        |1,436.00   |0.00     |0.00     |0.00     |0.00     |1,436.00  |0.00      |0.00      |0         |1,924       |0        |0.00         |0.00                   |
2019-12-03 |FG004        |1,426.00   |0.00     |0.00     |0.00     |0.00     |1,424.00  |-2.00     |-2.00     |0         |4           |0        |0.00         |0.00                   |
2019-12-03 |FG005        |1,406.00   |1,410.00 |1,410.00 |1,402.00 |1,406.00 |1,406.00  |0.00      |0.00      |41,340    |203,332     |3,996    |116,267.14   |0.00                   |
2019-12-03 |FG006        |1,393.00   |1,402.00 |1,402.00 |1,402.00 |1,402.00 |1,402.00  |9.00      |9.00      |8         |110         |6        |22.43        |0.00                   |
2019-12-03 |FG007        |1,409.00   |0.00     |0.00     |0.00     |0.00     |1,406.00  |-3.00     |-3.00     |0         |4           |0        |0.00         |0.00                   |
2019-12-03 |FG008        |1,408.00   |0.00     |0.00     |0.00     |0.00     |1,408.00  |0.00      |0.00      |0         |4           |0        |0.00         |0.00                   |
2019-12-03 |FG009        |1,384.00   |1,387.00 |1,390.00 |1,385.00 |1,389.00 |1,387.00  |5.00      |3.00      |2,350     |33,460      |980      |6,520.73     |0.00                   |
2019-12-03 |FG010        |1,364.00   |0.00     |0.00     |0.00     |0.00     |1,364.00  |0.00      |0.00      |0         |50          |0        |0.00         |0.00                   |
2019-12-03 |FG011        |1,375.00   |0.00     |0.00     |0.00     |0.00     |1,375.00  |0.00      |0.00      |0         |8           |0        |0.00         |0.00                   |
2019-12-03 |FG912        |1,596.00   |0.00     |0.00     |0.00     |0.00     |1,596.00  |0.00      |0.00      |0         |2,036       |0        |0.00         |1,552.00               |
2019-12-04 |FG001        |1,468.00   |1,468.00 |1,478.00 |1,465.00 |1,476.00 |1,473.00  |8.00      |5.00      |169,894   |299,936     |-43,520  |500,351.07   |0.00                   |
2019-12-04 |FG002        |1,443.00   |1,427.00 |1,427.00 |1,427.00 |1,427.00 |1,427.00  |-16.00    |-16.00    |2         |1,148       |0        |5.71         |0.00                   |
2019-12-04 |FG003        |1,436.00   |1,429.00 |1,476.00 |1,429.00 |1,460.00 |1,460.00  |24.00     |24.00     |84        |1,944       |20       |245.21       |0.00                   |
2019-12-04 |FG004        |1,424.00   |1,412.00 |1,412.00 |1,412.00 |1,412.00 |1,412.00  |-12.00    |-12.00    |2         |2           |-2       |5.65         |0.00                   |
2019-12-04 |FG005        |1,406.00   |1,406.00 |1,423.00 |1,402.00 |1,421.00 |1,415.00  |15.00     |9.00      |110,806   |215,236     |11,904   |313,526.64   |0.00                   |
2019-12-04 |FG006        |1,402.00   |1,405.00 |1,410.00 |1,401.00 |1,401.00 |1,407.00  |-1.00     |5.00      |8         |112         |2        |22.50        |0.00                   |
2019-12-04 |FG007        |1,406.00   |1,408.00 |1,408.00 |1,408.00 |1,408.00 |1,408.00  |2.00      |2.00      |2         |6           |2        |5.63         |0.00                   |
2019-12-04 |FG008        |1,408.00   |0.00     |0.00     |0.00     |0.00     |1,408.00  |0.00      |0.00      |0         |4           |0        |0.00         |0.00                   |
2019-12-04 |FG009        |1,387.00   |1,388.00 |1,400.00 |1,384.00 |1,399.00 |1,392.00  |12.00     |5.00      |5,786     |34,478      |1,018    |16,109.52    |0.00                   |
2019-12-04 |FG010        |1,364.00   |0.00     |0.00     |0.00     |0.00     |1,375.00  |11.00     |11.00     |0         |50          |0        |0.00         |0.00                   |
2019-12-04 |FG011        |1,375.00   |0.00     |0.00     |0.00     |0.00     |1,375.00  |0.00      |0.00      |0         |8           |0        |0.00         |0.00                   |
2019-12-04 |FG912        |1,596.00   |1,605.00 |1,605.00 |1,605.00 |1,605.00 |1,605.00  |9.00      |9.00      |1,800     |236         |-1,800   |5,778.00     |1,558.00               |
2019-12-05 |FG001        |1,473.00   |1,475.00 |1,478.00 |1,457.00 |1,459.00 |1,467.00  |-14.00    |-6.00     |191,998   |250,126     |-49,810  |563,432.00   |0.00                   |
2019-12-05 |FG002        |1,427.00   |1,425.00 |1,453.00 |1,398.00 |1,426.00 |1,425.00  |-1.00     |-2.00     |52        |1,156       |8        |148.15       |0.00                   |
2019-12-05 |FG003        |1,460.00   |1,464.00 |1,464.00 |1,456.00 |1,456.00 |1,461.00  |-4.00     |1.00      |14        |1,958       |14       |40.92        |0.00                   |
2019-12-05 |FG004        |1,412.00   |0.00     |0.00     |0.00     |0.00     |1,417.00  |5.00      |5.00      |0         |2           |0        |0.00         |0.00                   |
2019-12-05 |FG005        |1,415.00   |1,417.00 |1,423.00 |1,412.00 |1,414.00 |1,417.00  |-1.00     |2.00      |68,182    |216,242     |1,006    |193,205.46   |0.00                   |
2019-12-05 |FG006        |1,407.00   |1,420.00 |1,420.00 |1,420.00 |1,420.00 |1,420.00  |13.00     |13.00     |2         |114         |2        |5.68         |0.00                   |
2019-12-05 |FG007        |1,408.00   |1,416.00 |1,420.00 |1,416.00 |1,420.00 |1,417.00  |12.00     |9.00      |8         |10          |4        |22.67        |0.00                   |
2019-12-05 |FG008        |1,408.00   |1,410.00 |1,420.00 |1,410.00 |1,420.00 |1,415.00  |12.00     |7.00      |4         |4           |0        |11.32        |0.00                   |
2019-12-05 |FG009        |1,392.00   |1,397.00 |1,402.00 |1,394.00 |1,394.00 |1,398.00  |2.00      |6.00      |3,958     |34,950      |472      |11,062.82    |0.00                   |
2019-12-05 |FG010        |1,375.00   |1,374.00 |1,402.00 |1,374.00 |1,395.00 |1,393.00  |20.00     |18.00     |10        |54          |4        |27.86        |0.00                   |
2019-12-05 |FG011        |1,375.00   |1,395.00 |1,395.00 |1,395.00 |1,395.00 |1,395.00  |20.00     |20.00     |2         |10          |2        |5.58         |0.00                   |
2019-12-05 |FG912        |1,605.00   |1,585.00 |1,585.00 |1,585.00 |1,585.00 |1,585.00  |-20.00    |-20.00    |114       |122         |-114     |361.38       |1,564.00               |
2019-12-06 |FG001        |1,467.00   |1,460.00 |1,470.00 |1,458.00 |1,465.00 |1,464.00  |-2.00     |-3.00     |137,900   |238,570     |-11,556  |403,865.67   |0.00                   |
2019-12-06 |FG002        |1,425.00   |1,448.00 |1,448.00 |1,435.00 |1,435.00 |1,442.00  |10.00     |17.00     |4         |1,156       |0        |11.53        |0.00                   |
2019-12-06 |FG003        |1,461.00   |1,460.00 |1,460.00 |1,449.00 |1,449.00 |1,456.00  |-12.00    |-5.00     |16        |1,968       |10       |46.58        |0.00                   |
2019-12-06 |FG004        |1,417.00   |1,419.00 |1,419.00 |1,419.00 |1,419.00 |1,419.00  |2.00      |2.00      |2         |4           |2        |5.68         |0.00                   |
2019-12-06 |FG005        |1,417.00   |1,415.00 |1,421.00 |1,413.00 |1,415.00 |1,417.00  |-2.00     |0.00      |50,394    |220,818     |4,576    |142,772.21   |0.00                   |
2019-12-06 |FG006        |1,420.00   |1,409.00 |1,409.00 |1,409.00 |1,409.00 |1,409.00  |-11.00    |-11.00    |4         |114         |0        |11.27        |0.00                   |
2019-12-06 |FG007        |1,417.00   |0.00     |0.00     |0.00     |0.00     |1,415.00  |-2.00     |-2.00     |0         |10          |0        |0.00         |0.00                   |
2019-12-06 |FG008        |1,415.00   |0.00     |0.00     |0.00     |0.00     |1,415.00  |0.00      |0.00      |0         |4           |0        |0.00         |0.00                   |
2019-12-06 |FG009        |1,398.00   |1,394.00 |1,402.00 |1,394.00 |1,399.00 |1,398.00  |1.00      |0.00      |3,470     |35,852      |902      |9,700.20     |0.00                   |
2019-12-06 |FG010        |1,393.00   |1,401.00 |1,404.00 |1,401.00 |1,403.00 |1,402.00  |10.00     |9.00      |24        |62          |8        |67.31        |0.00                   |
2019-12-06 |FG011        |1,395.00   |1,386.00 |1,399.00 |1,386.00 |1,391.00 |1,391.00  |-4.00     |-4.00     |8         |10          |0        |22.25        |0.00                   |
2019-12-06 |FG912        |1,585.00   |0.00     |0.00     |0.00     |0.00     |1,582.00  |-3.00     |-3.00     |0         |122         |0        |0.00         |1,570.00               |
2019-12-09 |FG001        |1,464.00   |1,462.00 |1,490.00 |1,462.00 |1,472.00 |1,474.00  |8.00      |10.00     |186,836   |202,864     |-35,706  |550,780.75   |0.00                   |
2019-12-09 |FG002        |1,442.00   |1,447.00 |1,480.00 |1,447.00 |1,468.00 |1,461.00  |26.00     |19.00     |10        |1,154       |-2       |29.23        |0.00                   |
2019-12-09 |FG003        |1,456.00   |1,453.00 |1,471.00 |1,451.00 |1,464.00 |1,460.00  |8.00      |4.00      |40        |1,974       |6        |116.84       |0.00                   |
2019-12-09 |FG004        |1,419.00   |1,443.00 |1,443.00 |1,443.00 |1,443.00 |1,443.00  |24.00     |24.00     |2         |6           |2        |5.77         |0.00                   |
2019-12-09 |FG005        |1,417.00   |1,415.00 |1,455.00 |1,415.00 |1,451.00 |1,439.00  |34.00     |22.00     |200,630   |238,144     |17,326   |577,463.32   |0.00                   |
2019-12-09 |FG006        |1,409.00   |1,442.00 |1,442.00 |1,442.00 |1,442.00 |1,442.00  |33.00     |33.00     |2         |112         |-2       |5.77         |0.00                   |
2019-12-09 |FG007        |1,415.00   |1,440.00 |1,440.00 |1,440.00 |1,440.00 |1,440.00  |25.00     |25.00     |2         |8           |-2       |5.76         |0.00                   |
2019-12-09 |FG008        |1,415.00   |1,438.00 |1,438.00 |1,438.00 |1,438.00 |1,438.00  |23.00     |23.00     |2         |2           |-2       |5.75         |0.00                   |
2019-12-09 |FG009        |1,398.00   |1,396.00 |1,427.00 |1,396.00 |1,424.00 |1,414.00  |26.00     |16.00     |8,940     |34,570      |-1,282   |25,282.25    |0.00                   |
2019-12-09 |FG010        |1,402.00   |1,422.00 |1,458.00 |1,400.00 |1,409.00 |1,418.00  |7.00      |16.00     |34        |66          |4        |96.40        |0.00                   |
2019-12-09 |FG011        |1,391.00   |1,417.00 |1,417.00 |1,417.00 |1,417.00 |1,417.00  |26.00     |26.00     |2         |10          |0        |5.67         |0.00                   |
2019-12-09 |FG912        |1,582.00   |0.00     |0.00     |0.00     |0.00     |1,607.00  |25.00     |25.00     |0         |122         |0        |0.00         |1,578.00               |
2019-12-10 |FG001        |1,474.00   |1,469.00 |1,476.00 |1,462.00 |1,468.00 |1,468.00  |-6.00     |-6.00     |126,232   |165,916     |-36,948  |370,524.46   |0.00                   |
2019-12-10 |FG002        |1,461.00   |0.00     |0.00     |0.00     |0.00     |1,461.00  |0.00      |0.00      |0         |1,154       |0        |0.00         |0.00                   |
2019-12-10 |FG003        |1,460.00   |1,462.00 |1,479.00 |1,455.00 |1,462.00 |1,467.00  |2.00      |7.00      |76        |1,964       |-10      |223.02       |0.00                   |
2019-12-10 |FG004        |1,443.00   |0.00     |0.00     |0.00     |0.00     |1,462.00  |19.00     |19.00     |0         |6           |0        |0.00         |0.00                   |
2019-12-10 |FG005        |1,439.00   |1,451.00 |1,469.00 |1,445.00 |1,461.00 |1,458.00  |22.00     |19.00     |228,104   |278,556     |40,412   |664,977.54   |0.00                   |
2019-12-10 |FG006        |1,442.00   |0.00     |0.00     |0.00     |0.00     |1,442.00  |0.00      |0.00      |0         |112         |0        |0.00         |0.00                   |
2019-12-10 |FG007        |1,440.00   |0.00     |0.00     |0.00     |0.00     |1,441.00  |1.00      |1.00      |0         |8           |0        |0.00         |0.00                   |
2019-12-10 |FG008        |1,438.00   |0.00     |0.00     |0.00     |0.00     |1,446.00  |8.00      |8.00      |0         |2           |0        |0.00         |0.00                   |
2019-12-10 |FG009        |1,414.00   |1,421.00 |1,446.00 |1,421.00 |1,442.00 |1,433.00  |28.00     |19.00     |8,092     |34,270      |-300     |23,199.32    |0.00                   |
2019-12-10 |FG010        |1,418.00   |1,413.00 |1,425.00 |1,412.00 |1,423.00 |1,420.00  |5.00      |2.00      |14        |58          |-8       |39.75        |0.00                   |
2019-12-10 |FG011        |1,417.00   |1,415.00 |1,415.00 |1,415.00 |1,415.00 |1,415.00  |-2.00     |-2.00     |2         |8           |-2       |5.66         |0.00                   |
2019-12-10 |FG912        |1,607.00   |0.00     |0.00     |0.00     |0.00     |1,628.00  |21.00     |21.00     |0         |122         |0        |0.00         |1,588.00               |
2019-12-11 |FG001        |1,468.00   |1,470.00 |1,479.00 |1,466.00 |1,470.00 |1,470.00  |2.00      |2.00      |52,248    |148,102     |-17,814  |153,659.46   |0.00                   |
2019-12-11 |FG002        |1,461.00   |0.00     |0.00     |0.00     |0.00     |1,461.00  |0.00      |0.00      |0         |1,154       |0        |0.00         |0.00                   |
2019-12-11 |FG003        |1,467.00   |1,464.00 |1,467.00 |1,454.00 |1,467.00 |1,461.00  |0.00      |-6.00     |20        |1,960       |-4       |58.44        |0.00                   |
2019-12-11 |FG004        |1,462.00   |1,465.00 |1,465.00 |1,465.00 |1,465.00 |1,465.00  |3.00      |3.00      |2         |8           |2        |5.86         |0.00                   |
2019-12-11 |FG005        |1,458.00   |1,461.00 |1,465.00 |1,454.00 |1,462.00 |1,459.00  |4.00      |1.00      |129,030   |288,130     |9,574    |376,522.54   |0.00                   |
2019-12-11 |FG006        |1,442.00   |0.00     |0.00     |0.00     |0.00     |1,442.00  |0.00      |0.00      |0         |112         |0        |0.00         |0.00                   |
2019-12-11 |FG007        |1,441.00   |0.00     |0.00     |0.00     |0.00     |1,447.00  |6.00      |6.00      |0         |8           |0        |0.00         |0.00                   |
2019-12-11 |FG008        |1,446.00   |0.00     |0.00     |0.00     |0.00     |1,446.00  |0.00      |0.00      |0         |2           |0        |0.00         |0.00                   |
2019-12-11 |FG009        |1,433.00   |1,441.00 |1,443.00 |1,436.00 |1,442.00 |1,439.00  |9.00      |6.00      |3,870     |34,512      |242      |11,136.06    |0.00                   |
2019-12-11 |FG010        |1,420.00   |1,417.00 |1,427.00 |1,416.00 |1,420.00 |1,422.00  |0.00      |2.00      |12        |58          |0        |34.12        |0.00                   |
2019-12-11 |FG011        |1,415.00   |0.00     |0.00     |0.00     |0.00     |1,415.00  |0.00      |0.00      |0         |8           |0        |0.00         |0.00                   |
2019-12-11 |FG912        |1,628.00   |0.00     |0.00     |0.00     |0.00     |1,629.00  |1.00      |1.00      |0         |122         |0        |0.00         |1,598.00               |
2019-12-12 |FG001        |1,470.00   |1,468.00 |1,474.00 |1,464.00 |1,464.00 |1,468.00  |-6.00     |-2.00     |55,974    |118,468     |-29,634  |164,369.14   |0.00                   |
2019-12-12 |FG002        |1,461.00   |1,461.00 |1,461.00 |1,461.00 |1,461.00 |1,461.00  |0.00      |0.00      |2         |1,152       |-2       |5.84         |0.00                   |
2019-12-12 |FG003        |1,461.00   |0.00     |0.00     |0.00     |0.00     |1,461.00  |0.00      |0.00      |0         |1,960       |0        |0.00         |0.00                   |
2019-12-12 |FG004        |1,465.00   |1,457.00 |1,457.00 |1,457.00 |1,457.00 |1,457.00  |-8.00     |-8.00     |2         |6           |-2       |5.83         |0.00                   |
2019-12-12 |FG005        |1,459.00   |1,460.00 |1,461.00 |1,446.00 |1,455.00 |1,453.00  |-4.00     |-6.00     |169,870   |275,444     |-12,686  |493,584.50   |0.00                   |
2019-12-12 |FG006        |1,442.00   |0.00     |0.00     |0.00     |0.00     |1,442.00  |0.00      |0.00      |0         |112         |0        |0.00         |0.00                   |
2019-12-12 |FG007        |1,447.00   |1,438.00 |1,438.00 |1,438.00 |1,438.00 |1,438.00  |-9.00     |-9.00     |6         |4           |-4       |17.26        |0.00                   |
2019-12-12 |FG008        |1,446.00   |0.00     |0.00     |0.00     |0.00     |1,446.00  |0.00      |0.00      |0         |2           |0        |0.00         |0.00                   |
2019-12-12 |FG009        |1,439.00   |1,439.00 |1,440.00 |1,430.00 |1,436.00 |1,435.00  |-3.00     |-4.00     |7,036     |35,478      |966      |20,193.29    |0.00                   |
2019-12-12 |FG010        |1,422.00   |1,426.00 |1,427.00 |1,426.00 |1,427.00 |1,427.00  |5.00      |5.00      |38        |60          |2        |108.44       |0.00                   |
2019-12-12 |FG011        |1,415.00   |0.00     |0.00     |0.00     |0.00     |1,415.00  |0.00      |0.00      |0         |8           |0        |0.00         |0.00                   |
2019-12-12 |FG912        |1,629.00   |1,650.00 |1,650.00 |1,650.00 |1,650.00 |1,650.00  |21.00     |21.00     |122       |0           |-122     |402.60       |1,606.00               |
2019-12-13 |FG001        |1,468.00   |1,466.00 |1,478.00 |1,461.00 |1,476.00 |1,468.00  |8.00      |0.00      |71,840    |85,088      |-33,380  |210,963.33   |0.00                   |
2019-12-13 |FG002        |1,461.00   |1,462.00 |1,462.00 |1,462.00 |1,462.00 |1,462.00  |1.00      |1.00      |2         |1,152       |0        |5.85         |0.00                   |
2019-12-13 |FG003        |1,461.00   |0.00     |0.00     |0.00     |0.00     |1,463.00  |2.00      |2.00      |0         |1,960       |0        |0.00         |0.00                   |
2019-12-13 |FG004        |1,457.00   |1,468.00 |1,468.00 |1,468.00 |1,468.00 |1,468.00  |11.00     |11.00     |2         |4           |-2       |5.87         |0.00                   |
2019-12-13 |FG005        |1,453.00   |1,457.00 |1,465.00 |1,452.00 |1,462.00 |1,458.00  |9.00      |5.00      |161,346   |297,772     |22,328   |470,627.79   |0.00                   |
2019-12-13 |FG006        |1,442.00   |0.00     |0.00     |0.00     |0.00     |1,442.00  |0.00      |0.00      |0         |112         |0        |0.00         |0.00                   |
2019-12-13 |FG007        |1,438.00   |0.00     |0.00     |0.00     |0.00     |1,443.00  |5.00      |5.00      |0         |4           |0        |0.00         |0.00                   |
2019-12-13 |FG008        |1,446.00   |0.00     |0.00     |0.00     |0.00     |1,446.00  |0.00      |0.00      |0         |2           |0        |0.00         |0.00                   |
2019-12-13 |FG009        |1,435.00   |1,437.00 |1,443.00 |1,434.00 |1,438.00 |1,439.00  |3.00      |4.00      |3,054     |34,934      |-544     |8,788.18     |0.00                   |
2019-12-13 |FG010        |1,427.00   |1,426.00 |1,430.00 |1,426.00 |1,430.00 |1,428.00  |3.00      |1.00      |4         |58          |-2       |11.42        |0.00                   |
2019-12-13 |FG011        |1,415.00   |0.00     |0.00     |0.00     |0.00     |1,415.00  |0.00      |0.00      |0         |8           |0        |0.00         |0.00                   |
2019-12-13 |FG912        |1,650.00   |0.00     |0.00     |0.00     |0.00     |1,656.00  |6.00      |6.00      |0         |0           |0        |0.00         |1,613.00               |
2019-12-16 |FG001        |1,468.00   |1,477.00 |1,489.00 |1,471.00 |1,488.00 |1,481.00  |20.00     |13.00     |46,872    |62,864      |-22,224  |138,793.11   |0.00                   |
2019-12-16 |FG002        |1,462.00   |1,476.00 |1,476.00 |1,476.00 |1,476.00 |1,476.00  |14.00     |14.00     |4         |1,152       |0        |11.81        |0.00                   |
2019-12-16 |FG003        |1,463.00   |1,469.00 |1,470.00 |1,469.00 |1,469.00 |1,469.00  |6.00      |6.00      |10        |1,958       |-2       |29.39        |0.00                   |
2019-12-16 |FG004        |1,468.00   |0.00     |0.00     |0.00     |0.00     |1,468.00  |0.00      |0.00      |0         |4           |0        |0.00         |0.00                   |
2019-12-16 |FG005        |1,458.00   |1,463.00 |1,464.00 |1,453.00 |1,460.00 |1,459.00  |2.00      |1.00      |141,824   |308,628     |10,856   |413,718.72   |0.00                   |
2019-12-16 |FG006        |1,442.00   |0.00     |0.00     |0.00     |0.00     |1,442.00  |0.00      |0.00      |0         |112         |0        |0.00         |0.00                   |
2019-12-16 |FG007        |1,443.00   |0.00     |0.00     |0.00     |0.00     |1,443.00  |0.00      |0.00      |0         |4           |0        |0.00         |0.00                   |
2019-12-16 |FG008        |1,446.00   |0.00     |0.00     |0.00     |0.00     |1,446.00  |0.00      |0.00      |0         |2           |0        |0.00         |0.00                   |
2019-12-16 |FG009        |1,439.00   |1,440.00 |1,443.00 |1,431.00 |1,441.00 |1,438.00  |2.00      |-1.00     |3,664     |34,848      |-86      |10,540.54    |0.00                   |
2019-12-16 |FG010        |1,428.00   |1,428.00 |1,428.00 |1,425.00 |1,425.00 |1,427.00  |-3.00     |-1.00     |4         |60          |2        |11.41        |0.00                   |
2019-12-16 |FG011        |1,415.00   |0.00     |0.00     |0.00     |0.00     |1,415.00  |0.00      |0.00      |0         |8           |0        |0.00         |0.00                   |
2019-12-16 |FG012        |1,415.00   |1,385.00 |1,448.00 |1,385.00 |1,426.00 |1,420.00  |11.00     |5.00      |18        |0           |0        |51.14        |0.00                   |
2019-12-17 |FG001        |1,481.00   |1,485.00 |1,486.00 |1,468.00 |1,478.00 |1,477.00  |-3.00     |-4.00     |22,646    |52,890      |-9,974   |66,901.24    |0.00                   |
2019-12-17 |FG002        |1,476.00   |1,517.00 |1,517.00 |1,470.00 |1,470.00 |1,486.00  |-6.00     |10.00     |8         |1,152       |0        |23.78        |0.00                   |
2019-12-17 |FG003        |1,469.00   |1,472.00 |1,472.00 |1,453.00 |1,453.00 |1,468.00  |-16.00    |-1.00     |32        |1,942       |-16      |93.96        |0.00                   |
2019-12-17 |FG004        |1,468.00   |0.00     |0.00     |0.00     |0.00     |1,467.00  |-1.00     |-1.00     |0         |4           |0        |0.00         |0.00                   |
2019-12-17 |FG005        |1,459.00   |1,462.00 |1,463.00 |1,452.00 |1,455.00 |1,457.00  |-4.00     |-2.00     |113,404   |300,284     |-8,344   |330,396.68   |0.00                   |
2019-12-17 |FG006        |1,442.00   |0.00     |0.00     |0.00     |0.00     |1,442.00  |0.00      |0.00      |0         |112         |0        |0.00         |0.00                   |
2019-12-17 |FG007        |1,443.00   |0.00     |0.00     |0.00     |0.00     |1,443.00  |0.00      |0.00      |0         |4           |0        |0.00         |0.00                   |
2019-12-17 |FG008        |1,446.00   |0.00     |0.00     |0.00     |0.00     |1,446.00  |0.00      |0.00      |0         |2           |0        |0.00         |0.00                   |
2019-12-17 |FG009        |1,438.00   |1,439.00 |1,441.00 |1,434.00 |1,436.00 |1,437.00  |-2.00     |-1.00     |2,654     |35,378      |530      |7,626.76     |0.00                   |
2019-12-17 |FG010        |1,427.00   |1,432.00 |1,437.00 |1,432.00 |1,435.00 |1,435.00  |8.00      |8.00      |14        |68          |8        |40.17        |0.00                   |
2019-12-17 |FG011        |1,415.00   |1,438.00 |1,438.00 |1,436.00 |1,436.00 |1,437.00  |21.00     |22.00     |12        |12          |4        |34.49        |0.00                   |
2019-12-17 |FG012        |1,420.00   |0.00     |0.00     |0.00     |0.00     |1,420.00  |0.00      |0.00      |0         |0           |0        |0.00         |0.00                   |
2019-12-18 |FG001        |1,477.00   |1,478.00 |1,496.00 |1,475.00 |1,494.00 |1,489.00  |17.00     |12.00     |20,898    |48,770      |-4,120   |62,229.06    |0.00                   |
2019-12-18 |FG002        |1,486.00   |0.00     |0.00     |0.00     |0.00     |1,486.00  |0.00      |0.00      |0         |1,152       |0        |0.00         |0.00                   |
2019-12-18 |FG003        |1,468.00   |1,473.00 |1,479.00 |1,473.00 |1,479.00 |1,476.00  |11.00     |8.00      |4         |1,942       |0        |11.81        |0.00                   |
2019-12-18 |FG004        |1,467.00   |0.00     |0.00     |0.00     |0.00     |1,477.00  |10.00     |10.00     |0         |4           |0        |0.00         |0.00                   |
2019-12-18 |FG005        |1,457.00   |1,455.00 |1,484.00 |1,452.00 |1,476.00 |1,473.00  |19.00     |16.00     |384,188   |375,792     |75,508   |1,132,042.48 |0.00                   |
2019-12-18 |FG006        |1,442.00   |1,456.00 |1,460.00 |1,456.00 |1,459.00 |1,458.00  |17.00     |16.00     |20        |120         |8        |58.30        |0.00                   |
2019-12-18 |FG007        |1,443.00   |0.00     |0.00     |0.00     |0.00     |1,465.00  |22.00     |22.00     |0         |4           |0        |0.00         |0.00                   |
2019-12-18 |FG008        |1,446.00   |0.00     |0.00     |0.00     |0.00     |1,457.00  |11.00     |11.00     |0         |2           |0        |0.00         |0.00                   |
2019-12-18 |FG009        |1,437.00   |1,436.00 |1,458.00 |1,434.00 |1,453.00 |1,449.00  |16.00     |12.00     |11,606    |36,442      |1,064    |33,636.61    |0.00                   |
2019-12-18 |FG010        |1,435.00   |1,438.00 |1,438.00 |1,438.00 |1,438.00 |1,438.00  |3.00      |3.00      |2         |66          |-2       |5.75         |0.00                   |
2019-12-18 |FG011        |1,437.00   |0.00     |0.00     |0.00     |0.00     |1,438.00  |1.00      |1.00      |0         |12          |0        |0.00         |0.00                   |
2019-12-18 |FG012        |1,420.00   |0.00     |0.00     |0.00     |0.00     |1,425.00  |5.00      |5.00      |0         |0           |0        |0.00         |0.00                   |
2019-12-19 |FG001        |1,489.00   |1,492.00 |1,501.00 |1,487.00 |1,490.00 |1,495.00  |1.00      |6.00      |14,712    |44,910      |-3,860   |43,991.23    |0.00                   |
2019-12-19 |FG002        |1,486.00   |0.00     |0.00     |0.00     |0.00     |1,486.00  |0.00      |0.00      |0         |1,152       |0        |0.00         |0.00                   |
2019-12-19 |FG003        |1,476.00   |1,475.00 |1,476.00 |1,475.00 |1,476.00 |1,475.00  |0.00      |-1.00     |282       |1,662       |-280     |831.90       |0.00                   |
2019-12-19 |FG004        |1,477.00   |0.00     |0.00     |0.00     |0.00     |1,477.00  |0.00      |0.00      |0         |4           |0        |0.00         |0.00                   |
2019-12-19 |FG005        |1,473.00   |1,476.00 |1,477.00 |1,469.00 |1,472.00 |1,473.00  |-1.00     |0.00      |148,968   |351,156     |-24,636  |438,941.06   |0.00                   |
2019-12-19 |FG006        |1,458.00   |1,466.00 |1,466.00 |1,466.00 |1,466.00 |1,466.00  |8.00      |8.00      |2         |120         |0        |5.86         |0.00                   |
2019-12-19 |FG007        |1,465.00   |0.00     |0.00     |0.00     |0.00     |1,465.00  |0.00      |0.00      |0         |4           |0        |0.00         |0.00                   |
2019-12-19 |FG008        |1,457.00   |0.00     |0.00     |0.00     |0.00     |1,457.00  |0.00      |0.00      |0         |2           |0        |0.00         |0.00                   |
2019-12-19 |FG009        |1,449.00   |1,452.00 |1,453.00 |1,447.00 |1,450.00 |1,450.00  |1.00      |1.00      |5,264     |35,518      |-924     |15,262.74    |0.00                   |
2019-12-19 |FG010        |1,438.00   |0.00     |0.00     |0.00     |0.00     |1,438.00  |0.00      |0.00      |0         |66          |0        |0.00         |0.00                   |
2019-12-19 |FG011        |1,438.00   |0.00     |0.00     |0.00     |0.00     |1,438.00  |0.00      |0.00      |0         |12          |0        |0.00         |0.00                   |
2019-12-19 |FG012        |1,425.00   |0.00     |0.00     |0.00     |0.00     |1,425.00  |0.00      |0.00      |0         |0           |0        |0.00         |0.00                   |
2019-12-20 |FG001        |1,495.00   |1,489.00 |1,494.00 |1,480.00 |1,492.00 |1,487.00  |-3.00     |-8.00     |11,624    |40,046      |-4,864   |34,567.61    |0.00                   |
2019-12-20 |FG002        |1,486.00   |0.00     |0.00     |0.00     |0.00     |1,478.00  |-8.00     |-8.00     |0         |1,152       |0        |0.00         |0.00                   |
2019-12-20 |FG003        |1,475.00   |0.00     |0.00     |0.00     |0.00     |1,475.00  |0.00      |0.00      |0         |1,662       |0        |0.00         |0.00                   |
2019-12-20 |FG004        |1,477.00   |0.00     |0.00     |0.00     |0.00     |1,477.00  |0.00      |0.00      |0         |4           |0        |0.00         |0.00                   |
2019-12-20 |FG005        |1,473.00   |1,471.00 |1,474.00 |1,464.00 |1,469.00 |1,468.00  |-4.00     |-5.00     |134,024   |335,342     |-15,814  |393,504.81   |0.00                   |
2019-12-20 |FG006        |1,466.00   |0.00     |0.00     |0.00     |0.00     |1,466.00  |0.00      |0.00      |0         |120         |0        |0.00         |0.00                   |
2019-12-20 |FG007        |1,465.00   |0.00     |0.00     |0.00     |0.00     |1,465.00  |0.00      |0.00      |0         |4           |0        |0.00         |0.00                   |
2019-12-20 |FG008        |1,457.00   |0.00     |0.00     |0.00     |0.00     |1,457.00  |0.00      |0.00      |0         |2           |0        |0.00         |0.00                   |
2019-12-20 |FG009        |1,450.00   |1,448.00 |1,451.00 |1,439.00 |1,447.00 |1,444.00  |-3.00     |-6.00     |7,754     |33,734      |-1,784   |22,399.69    |0.00                   |
2019-12-20 |FG010        |1,438.00   |0.00     |0.00     |0.00     |0.00     |1,438.00  |0.00      |0.00      |0         |66          |0        |0.00         |0.00                   |
2019-12-20 |FG011        |1,438.00   |0.00     |0.00     |0.00     |0.00     |1,438.00  |0.00      |0.00      |0         |12          |0        |0.00         |0.00                   |
2019-12-20 |FG012        |1,425.00   |0.00     |0.00     |0.00     |0.00     |1,425.00  |0.00      |0.00      |0         |0           |0        |0.00         |0.00                   |
2019-12-23 |FG001        |1,487.00   |1,492.00 |1,499.00 |1,484.00 |1,484.00 |1,492.00  |-3.00     |5.00      |11,968    |35,076      |-4,970   |35,715.90    |0.00                   |
2019-12-23 |FG002        |1,478.00   |1,473.00 |1,514.00 |1,471.00 |1,471.00 |1,486.00  |-7.00     |8.00      |6         |1,152       |0        |17.83        |0.00                   |
2019-12-23 |FG003        |1,475.00   |1,465.00 |1,475.00 |1,465.00 |1,475.00 |1,472.00  |0.00      |-3.00     |8         |1,656       |-6       |23.54        |0.00                   |
2019-12-23 |FG004        |1,477.00   |0.00     |0.00     |0.00     |0.00     |1,477.00  |0.00      |0.00      |0         |4           |0        |0.00         |0.00                   |
2019-12-23 |FG005        |1,468.00   |1,469.00 |1,473.00 |1,461.00 |1,465.00 |1,467.00  |-3.00     |-1.00     |111,548   |329,242     |-6,100   |327,171.51   |0.00                   |
2019-12-23 |FG006        |1,466.00   |0.00     |0.00     |0.00     |0.00     |1,461.00  |-5.00     |-5.00     |0         |120         |0        |0.00         |0.00                   |
2019-12-23 |FG007        |1,465.00   |1,454.00 |1,454.00 |1,454.00 |1,454.00 |1,454.00  |-11.00    |-11.00    |2         |2           |-2       |5.82         |0.00                   |
2019-12-23 |FG008        |1,457.00   |0.00     |0.00     |0.00     |0.00     |1,457.00  |0.00      |0.00      |0         |2           |0        |0.00         |0.00                   |
2019-12-23 |FG009        |1,444.00   |1,447.00 |1,450.00 |1,440.00 |1,442.00 |1,444.00  |-2.00     |0.00      |2,954     |33,126      |-608     |8,533.42     |0.00                   |
2019-12-23 |FG010        |1,438.00   |0.00     |0.00     |0.00     |0.00     |1,438.00  |0.00      |0.00      |0         |66          |0        |0.00         |0.00                   |
2019-12-23 |FG011        |1,438.00   |0.00     |0.00     |0.00     |0.00     |1,438.00  |0.00      |0.00      |0         |12          |0        |0.00         |0.00                   |
2019-12-23 |FG012        |1,425.00   |0.00     |0.00     |0.00     |0.00     |1,425.00  |0.00      |0.00      |0         |0           |0        |0.00         |0.00                   |
2019-12-24 |FG001        |1,492.00   |1,483.00 |1,496.00 |1,483.00 |1,493.00 |1,490.00  |1.00      |-2.00     |5,206     |32,144      |-2,932   |15,515.35    |0.00                   |
2019-12-24 |FG002        |1,486.00   |1,503.00 |1,503.00 |1,503.00 |1,503.00 |1,503.00  |17.00     |17.00     |500       |1,152       |0        |1,503.00     |0.00                   |
2019-12-24 |FG003        |1,472.00   |1,477.00 |1,479.00 |1,464.00 |1,464.00 |1,465.00  |-8.00     |-7.00     |522       |1,640       |-16      |1,529.00     |0.00                   |
2019-12-24 |FG004        |1,477.00   |0.00     |0.00     |0.00     |0.00     |1,477.00  |0.00      |0.00      |0         |4           |0        |0.00         |0.00                   |
2019-12-24 |FG005        |1,467.00   |1,465.00 |1,479.00 |1,464.00 |1,475.00 |1,471.00  |8.00      |4.00      |141,504   |346,930     |17,688   |416,445.77   |0.00                   |
2019-12-24 |FG006        |1,461.00   |0.00     |0.00     |0.00     |0.00     |1,461.00  |0.00      |0.00      |0         |120         |0        |0.00         |0.00                   |
2019-12-24 |FG007        |1,454.00   |0.00     |0.00     |0.00     |0.00     |1,454.00  |0.00      |0.00      |0         |2           |0        |0.00         |0.00                   |
2019-12-24 |FG008        |1,457.00   |0.00     |0.00     |0.00     |0.00     |1,457.00  |0.00      |0.00      |0         |2           |0        |0.00         |0.00                   |
2019-12-24 |FG009        |1,444.00   |1,442.00 |1,455.00 |1,442.00 |1,452.00 |1,450.00  |8.00      |6.00      |5,812     |33,516      |390      |16,850.68    |0.00                   |
2019-12-24 |FG010        |1,438.00   |1,467.00 |1,467.00 |1,462.00 |1,462.00 |1,465.00  |24.00     |27.00     |6         |66          |0        |17.58        |0.00                   |
2019-12-24 |FG011        |1,438.00   |0.00     |0.00     |0.00     |0.00     |1,438.00  |0.00      |0.00      |0         |12          |0        |0.00         |0.00                   |
2019-12-24 |FG012        |1,425.00   |1,416.00 |1,416.00 |1,416.00 |1,416.00 |1,416.00  |-9.00     |-9.00     |4         |4           |4        |11.33        |0.00                   |
2019-12-25 |FG001        |1,490.00   |1,495.00 |1,495.00 |1,483.00 |1,484.00 |1,486.00  |-6.00     |-4.00     |8,696     |27,042      |-5,102   |25,846.34    |0.00                   |
2019-12-25 |FG002        |1,503.00   |1,470.00 |1,521.00 |1,470.00 |1,503.00 |1,477.00  |0.00      |-26.00    |612       |1,072       |-80      |1,808.23     |0.00                   |
2019-12-25 |FG003        |1,465.00   |1,466.00 |1,518.00 |1,466.00 |1,468.00 |1,473.00  |3.00      |8.00      |602       |1,562       |-78      |1,773.39     |0.00                   |
2019-12-25 |FG004        |1,477.00   |0.00     |0.00     |0.00     |0.00     |1,477.00  |0.00      |0.00      |0         |4           |0        |0.00         |0.00                   |
2019-12-25 |FG005        |1,471.00   |1,478.00 |1,478.00 |1,466.00 |1,467.00 |1,471.00  |-4.00     |0.00      |82,798    |339,964     |-6,966   |243,653.40   |0.00                   |
2019-12-25 |FG006        |1,461.00   |0.00     |0.00     |0.00     |0.00     |1,461.00  |0.00      |0.00      |0         |120         |0        |0.00         |0.00                   |
2019-12-25 |FG007        |1,454.00   |0.00     |0.00     |0.00     |0.00     |1,454.00  |0.00      |0.00      |0         |2           |0        |0.00         |0.00                   |
2019-12-25 |FG008        |1,457.00   |0.00     |0.00     |0.00     |0.00     |1,457.00  |0.00      |0.00      |0         |2           |0        |0.00         |0.00                   |
2019-12-25 |FG009        |1,450.00   |1,451.00 |1,453.00 |1,444.00 |1,444.00 |1,447.00  |-6.00     |-3.00     |3,812     |34,404      |888      |11,034.70    |0.00                   |
2019-12-25 |FG010        |1,465.00   |0.00     |0.00     |0.00     |0.00     |1,460.00  |-5.00     |-5.00     |0         |66          |0        |0.00         |0.00                   |
2019-12-25 |FG011        |1,438.00   |0.00     |0.00     |0.00     |0.00     |1,438.00  |0.00      |0.00      |0         |12          |0        |0.00         |0.00                   |
2019-12-25 |FG012        |1,416.00   |1,426.00 |1,426.00 |1,426.00 |1,426.00 |1,426.00  |10.00     |10.00     |2         |4           |0        |5.70         |0.00                   |
2019-12-26 |FG001        |1,486.00   |1,484.00 |1,492.00 |1,482.00 |1,484.00 |1,485.00  |-2.00     |-1.00     |6,246     |22,744      |-4,298   |18,554.62    |0.00                   |
2019-12-26 |FG002        |1,477.00   |1,513.00 |1,513.00 |1,474.00 |1,474.00 |1,474.00  |-3.00     |-3.00     |424       |650         |-422     |1,250.17     |0.00                   |
2019-12-26 |FG003        |1,473.00   |1,465.00 |1,465.00 |1,465.00 |1,465.00 |1,465.00  |-8.00     |-8.00     |420       |1,142       |-420     |1,230.60     |0.00                   |
2019-12-26 |FG004        |1,477.00   |0.00     |0.00     |0.00     |0.00     |1,477.00  |0.00      |0.00      |0         |4           |0        |0.00         |0.00                   |
2019-12-26 |FG005        |1,471.00   |1,467.00 |1,476.00 |1,467.00 |1,473.00 |1,472.00  |2.00      |1.00      |70,150    |339,590     |-374     |206,509.36   |0.00                   |
2019-12-26 |FG006        |1,461.00   |0.00     |0.00     |0.00     |0.00     |1,461.00  |0.00      |0.00      |0         |120         |0        |0.00         |0.00                   |
2019-12-26 |FG007        |1,454.00   |1,470.00 |1,470.00 |1,470.00 |1,470.00 |1,470.00  |16.00     |16.00     |2         |2           |0        |5.88         |0.00                   |
2019-12-26 |FG008        |1,457.00   |0.00     |0.00     |0.00     |0.00     |1,457.00  |0.00      |0.00      |0         |2           |0        |0.00         |0.00                   |
2019-12-26 |FG009        |1,447.00   |1,445.00 |1,452.00 |1,445.00 |1,449.00 |1,448.00  |2.00      |1.00      |9,332     |37,668      |3,264    |27,024.54    |0.00                   |
2019-12-26 |FG010        |1,460.00   |1,436.00 |1,436.00 |1,436.00 |1,436.00 |1,436.00  |-24.00    |-24.00    |2         |66          |0        |5.74         |0.00                   |
2019-12-26 |FG011        |1,438.00   |0.00     |0.00     |0.00     |0.00     |1,438.00  |0.00      |0.00      |0         |12          |0        |0.00         |0.00                   |
2019-12-26 |FG012        |1,426.00   |0.00     |0.00     |0.00     |0.00     |1,426.00  |0.00      |0.00      |0         |4           |0        |0.00         |0.00                   |
2019-12-27 |FG001        |1,485.00   |1,480.00 |1,489.00 |1,479.00 |1,485.00 |1,485.00  |0.00      |0.00      |7,122     |16,568      |-6,176   |21,156.10    |0.00                   |
2019-12-27 |FG002        |1,474.00   |0.00     |0.00     |0.00     |0.00     |1,474.00  |0.00      |0.00      |0         |650         |0        |0.00         |0.00                   |
2019-12-27 |FG003        |1,465.00   |1,469.00 |1,481.00 |1,467.00 |1,478.00 |1,473.00  |13.00     |8.00      |18        |1,144       |2        |53.03        |0.00                   |
2019-12-27 |FG004        |1,477.00   |0.00     |0.00     |0.00     |0.00     |1,484.00  |7.00      |7.00      |0         |4           |0        |0.00         |0.00                   |
2019-12-27 |FG005        |1,472.00   |1,470.00 |1,490.00 |1,470.00 |1,483.00 |1,482.00  |11.00     |10.00     |187,418   |358,280     |18,690   |555,452.57   |0.00                   |
2019-12-27 |FG006        |1,461.00   |0.00     |0.00     |0.00     |0.00     |1,461.00  |0.00      |0.00      |0         |120         |0        |0.00         |0.00                   |
2019-12-27 |FG007        |1,470.00   |0.00     |0.00     |0.00     |0.00     |1,470.00  |0.00      |0.00      |0         |2           |0        |0.00         |0.00                   |
2019-12-27 |FG008        |1,457.00   |0.00     |0.00     |0.00     |0.00     |1,480.00  |23.00     |23.00     |0         |2           |0        |0.00         |0.00                   |
2019-12-27 |FG009        |1,448.00   |1,448.00 |1,467.00 |1,446.00 |1,461.00 |1,459.00  |13.00     |11.00     |10,140    |38,186      |518      |29,581.91    |0.00                   |
2019-12-27 |FG010        |1,436.00   |0.00     |0.00     |0.00     |0.00     |1,455.00  |19.00     |19.00     |0         |66          |0        |0.00         |0.00                   |
2019-12-27 |FG011        |1,438.00   |0.00     |0.00     |0.00     |0.00     |1,445.00  |7.00      |7.00      |0         |12          |0        |0.00         |0.00                   |
2019-12-27 |FG012        |1,426.00   |1,425.00 |1,425.00 |1,425.00 |1,425.00 |1,425.00  |-1.00     |-1.00     |2         |6           |2        |5.70         |0.00                   |
2019-12-30 |FG001        |1,485.00   |1,482.00 |1,488.00 |1,482.00 |1,484.00 |1,484.00  |-1.00     |-1.00     |6,030     |11,396      |-5,172   |17,899.57    |0.00                   |
2019-12-30 |FG002        |1,474.00   |0.00     |0.00     |0.00     |0.00     |1,474.00  |0.00      |0.00      |0         |650         |0        |0.00         |0.00                   |
2019-12-30 |FG003        |1,473.00   |0.00     |0.00     |0.00     |0.00     |1,473.00  |0.00      |0.00      |0         |1,144       |0        |0.00         |0.00                   |
2019-12-30 |FG004        |1,484.00   |0.00     |0.00     |0.00     |0.00     |1,484.00  |0.00      |0.00      |0         |4           |0        |0.00         |0.00                   |
2019-12-30 |FG005        |1,482.00   |1,481.00 |1,489.00 |1,481.00 |1,484.00 |1,485.00  |2.00      |3.00      |99,986    |354,848     |-3,432   |297,002.62   |0.00                   |
2019-12-30 |FG006        |1,461.00   |1,483.00 |1,483.00 |1,483.00 |1,483.00 |1,483.00  |22.00     |22.00     |2         |120         |0        |5.93         |0.00                   |
2019-12-30 |FG007        |1,470.00   |0.00     |0.00     |0.00     |0.00     |1,470.00  |0.00      |0.00      |0         |2           |0        |0.00         |0.00                   |
2019-12-30 |FG008        |1,480.00   |0.00     |0.00     |0.00     |0.00     |1,480.00  |0.00      |0.00      |0         |2           |0        |0.00         |0.00                   |
2019-12-30 |FG009        |1,459.00   |1,460.00 |1,471.00 |1,459.00 |1,465.00 |1,466.00  |6.00      |7.00      |8,472     |38,024      |-162     |24,837.61    |0.00                   |
2019-12-30 |FG010        |1,455.00   |0.00     |0.00     |0.00     |0.00     |1,457.00  |2.00      |2.00      |0         |66          |0        |0.00         |0.00                   |
2019-12-30 |FG011        |1,445.00   |0.00     |0.00     |0.00     |0.00     |1,445.00  |0.00      |0.00      |0         |12          |0        |0.00         |0.00                   |
2019-12-30 |FG012        |1,425.00   |1,430.00 |1,458.00 |1,430.00 |1,439.00 |1,446.00  |14.00     |21.00     |8         |8           |2        |23.13        |0.00                   |
2019-12-31 |FG001        |1,484.00   |1,485.00 |1,515.00 |1,481.00 |1,510.00 |1,490.00  |26.00     |6.00      |11,054    |2,418       |-8,978   |32,934.04    |0.00                   |
2019-12-31 |FG002        |1,474.00   |0.00     |0.00     |0.00     |0.00     |1,474.00  |0.00      |0.00      |0         |650         |0        |0.00         |0.00                   |
2019-12-31 |FG003        |1,473.00   |0.00     |0.00     |0.00     |0.00     |1,473.00  |0.00      |0.00      |0         |1,144       |0        |0.00         |0.00                   |
2019-12-31 |FG004        |1,484.00   |0.00     |0.00     |0.00     |0.00     |1,484.00  |0.00      |0.00      |0         |4           |0        |0.00         |0.00                   |
2019-12-31 |FG005        |1,485.00   |1,484.00 |1,495.00 |1,473.00 |1,479.00 |1,482.00  |-6.00     |-3.00     |173,454   |343,528     |-11,320  |514,132.58   |0.00                   |
2019-12-31 |FG006        |1,483.00   |1,460.00 |1,463.00 |1,454.00 |1,463.00 |1,458.00  |-20.00    |-25.00    |8         |124         |4        |23.33        |0.00                   |
2019-12-31 |FG007        |1,470.00   |0.00     |0.00     |0.00     |0.00     |1,470.00  |0.00      |0.00      |0         |2           |0        |0.00         |0.00                   |
2019-12-31 |FG008        |1,480.00   |0.00     |0.00     |0.00     |0.00     |1,480.00  |0.00      |0.00      |0         |2           |0        |0.00         |0.00                   |
2019-12-31 |FG009        |1,466.00   |1,466.00 |1,477.00 |1,456.00 |1,463.00 |1,466.00  |-3.00     |0.00      |14,570    |33,822      |-4,202   |42,715.83    |0.00                   |
2019-12-31 |FG010        |1,457.00   |0.00     |0.00     |0.00     |0.00     |1,457.00  |0.00      |0.00      |0         |66          |0        |0.00         |0.00                   |
2019-12-31 |FG011        |1,445.00   |1,445.00 |1,476.00 |1,445.00 |1,476.00 |1,461.00  |31.00     |16.00     |4         |12          |0        |11.68        |0.00                   |
2019-12-31 |FG012        |1,446.00   |1,484.00 |1,484.00 |1,436.00 |1,436.00 |1,456.00  |-10.00    |10.00     |6         |8           |0        |17.48        |0.00                   |

