Price,Adj Close,Close,High,Low,Open,Volume
Ticker,GF=F,GF=F,GF=F,GF=F,GF=F,GF=F
date,,,,,,
2001-04-03,88.25,88.25,89.0,88.0,89.0,0
2001-04-04,88.4000015258789,88.4000015258789,88.4000015258789,88.4000015258789,88.4000015258789,0
2001-04-05,88.44999694824219,88.44999694824219,88.44999694824219,88.44999694824219,88.44999694824219,0
2001-04-06,88.44999694824219,88.44999694824219,88.44999694824219,88.44999694824219,88.44999694824219,0
2001-04-09,88.44999694824219,88.44999694824219,88.44999694824219,88.44999694824219,88.44999694824219,4
2001-04-10,87.9000015258789,87.9000015258789,88.0,87.9000015258789,88.0,0
2001-04-11,87.9000015258789,87.9000015258789,87.9000015258789,87.9000015258789,87.9000015258789,0
2001-04-12,87.69999694824219,87.69999694824219,87.69999694824219,87.69999694824219,87.69999694824219,0
2001-04-16,87.94999694824219,87.94999694824219,87.94999694824219,87.94999694824219,87.94999694824219,0
2001-04-17,87.91999816894531,87.91999816894531,87.91999816894531,87.91999816894531,87.91999816894531,0
2001-04-18,87.8499984741211,87.8499984741211,87.8499984741211,87.8499984741211,87.8499984741211,9
2001-04-19,87.44999694824219,87.44999694824219,87.5,87.3499984741211,87.5,2
2001-04-20,88.0,88.0,88.0,88.0,88.0,0
2001-04-23,88.0,88.0,88.0,88.0,88.0,0
2001-04-24,87.97000122070312,87.97000122070312,87.97000122070312,87.97000122070312,87.97000122070312,0
2001-04-25,87.94999694824219,87.94999694824219,87.94999694824219,87.94999694824219,87.94999694824219,10
2001-04-26,88.0999984741211,88.0999984741211,88.0999984741211,87.94999694824219,87.94999694824219,1
2001-04-27,88.0999984741211,88.0999984741211,88.0999984741211,88.0999984741211,88.0999984741211,5
2001-04-30,88.19999694824219,88.19999694824219,88.19999694824219,88.05000305175781,88.05000305175781,0
2001-05-01,88.3499984741211,88.3499984741211,88.3499984741211,88.3499984741211,88.3499984741211,0
2001-05-02,88.44999694824219,88.44999694824219,88.44999694824219,88.44999694824219,88.44999694824219,0
2001-05-03,88.3499984741211,88.3499984741211,88.3499984741211,88.3499984741211,88.3499984741211,0
2001-05-04,88.19999694824219,88.19999694824219,88.19999694824219,88.19999694824219,88.19999694824219,0
2001-05-07,88.19999694824219,88.19999694824219,88.19999694824219,88.19999694824219,88.19999694824219,0
2001-05-08,88.19999694824219,88.19999694824219,88.19999694824219,88.19999694824219,88.19999694824219,0
2001-05-09,87.9000015258789,87.9000015258789,87.9000015258789,87.9000015258789,87.9000015258789,3
2001-05-10,87.94999694824219,87.94999694824219,87.94999694824219,87.80000305175781,87.80000305175781,3
2001-05-11,87.94999694824219,87.94999694824219,87.94999694824219,87.94999694824219,87.94999694824219,0
2001-05-14,87.9000015258789,87.9000015258789,87.9000015258789,87.9000015258789,87.9000015258789,1
2001-05-15,87.69999694824219,87.69999694824219,87.69999694824219,87.69999694824219,87.69999694824219,11
2001-05-16,88.0,88.0,88.0,87.9000015258789,87.9000015258789,10
2001-05-17,88.75,88.75,88.75,88.4000015258789,88.4000015258789,10
2001-05-18,88.75,88.75,88.75,88.75,88.75,7
2001-05-21,89.69999694824219,89.69999694824219,89.69999694824219,88.94999694824219,88.94999694824219,3
2001-05-22,89.4000015258789,89.4000015258789,89.5,89.30000305175781,89.5,2
2001-05-23,89.5,89.5,89.5,89.25,89.25,0
2001-05-24,89.80000305175781,89.80000305175781,89.80000305175781,89.80000305175781,89.80000305175781,3
2001-05-25,89.87000274658203,89.87000274658203,89.87000274658203,89.80000305175781,89.80000305175781,25
2001-05-29,90.25,90.25,90.25,89.9000015258789,89.9000015258789,0
2001-05-30,90.16999816894531,90.16999816894531,90.16999816894531,90.16999816894531,90.16999816894531,18
2001-05-31,90.80000305175781,90.80000305175781,90.80000305175781,90.0,90.0,1
2001-06-01,90.80000305175781,90.80000305175781,90.80000305175781,90.80000305175781,90.80000305175781,3
2001-06-04,90.4000015258789,90.4000015258789,90.5,90.4000015258789,90.5,0
2001-06-05,90.25,90.25,90.25,90.25,90.25,0
2001-06-06,90.25,90.25,90.25,90.25,90.25,5
2001-06-07,90.19999694824219,90.19999694824219,90.19999694824219,90.19999694824219,90.19999694824219,5
2001-06-08,90.19999694824219,90.19999694824219,90.19999694824219,90.19999694824219,90.19999694824219,2
2001-06-11,90.16999816894531,90.16999816894531,90.16999816894531,89.94999694824219,89.94999694824219,2
2001-06-12,90.0,90.0,90.0999984741211,90.0,90.05000305175781,0
2001-06-13,90.0,90.0,90.0,90.0,90.0,0
2001-06-14,89.8499984741211,89.8499984741211,89.8499984741211,89.8499984741211,89.8499984741211,6
2001-06-15,90.0999984741211,90.0999984741211,90.0999984741211,90.0,90.0,0
2001-06-18,90.0999984741211,90.0999984741211,90.0999984741211,90.0999984741211,90.0999984741211,6
2001-06-19,90.5,90.5,90.5,90.0999984741211,90.0999984741211,10
2001-06-20,90.3499984741211,90.3499984741211,90.3499984741211,90.3499984741211,90.3499984741211,0
2001-06-21,90.3499984741211,90.3499984741211,90.3499984741211,90.3499984741211,90.3499984741211,0
2001-06-22,90.3499984741211,90.3499984741211,90.3499984741211,90.3499984741211,90.3499984741211,1
2001-06-25,90.80000305175781,90.80000305175781,90.80000305175781,90.4000015258789,90.4000015258789,1
2001-06-26,90.5,90.5,90.5,90.5,90.5,7
2001-06-27,90.55000305175781,90.55000305175781,90.55000305175781,90.19999694824219,90.19999694824219,9
2001-06-28,90.05000305175781,90.05000305175781,90.5999984741211,90.0,90.4000015258789,26
2001-06-29,89.80000305175781,89.80000305175781,89.80000305175781,89.44999694824219,89.75,12
2001-07-02,89.9000015258789,89.9000015258789,89.9000015258789,89.9000015258789,89.9000015258789,0
2001-07-03,89.7699966430664,89.7699966430664,89.7699966430664,89.7699966430664,89.7699966430664,6
2001-07-05,89.69999694824219,89.69999694824219,89.69999694824219,89.5999984741211,89.6500015258789,9
2001-07-06,89.81999969482422,89.81999969482422,89.81999969482422,89.5999984741211,89.5999984741211,7
2001-07-09,90.0,90.0,90.0,89.81999969482422,89.81999969482422,2
2001-07-10,89.55000305175781,89.55000305175781,89.55000305175781,89.30000305175781,89.47000122070312,12
2001-07-11,89.62000274658203,89.62000274658203,89.62000274658203,89.0,89.05000305175781,10
2001-07-12,89.5,89.5,89.5,89.1500015258789,89.1500015258789,2
2001-07-13,89.8499984741211,89.8499984741211,89.8499984741211,89.5999984741211,89.5999984741211,10
2001-07-16,89.94999694824219,89.94999694824219,90.0,89.9000015258789,89.9000015258789,12
2001-07-17,89.69999694824219,89.69999694824219,89.69999694824219,89.44999694824219,89.5999984741211,2
2001-07-18,89.9000015258789,89.9000015258789,89.94999694824219,89.9000015258789,89.94999694824219,5
2001-07-19,89.66999816894531,89.66999816894531,89.66999816894531,89.5,89.5,5
2001-07-20,89.66999816894531,89.66999816894531,89.66999816894531,89.66999816894531,89.66999816894531,6
2001-07-23,89.6500015258789,89.6500015258789,89.6500015258789,89.5,89.5,7
2001-07-24,89.6500015258789,89.6500015258789,89.75,89.6500015258789,89.6500015258789,11
2001-07-25,89.47000122070312,89.47000122070312,89.47000122070312,89.4000015258789,89.44999694824219,8
2001-07-26,89.0,89.0,89.37000274658203,89.0,89.37000274658203,3
2001-07-27,88.9000015258789,88.9000015258789,88.9000015258789,88.9000015258789,88.9000015258789,3
2001-07-30,89.05000305175781,89.05000305175781,89.25,89.0,89.0,10
2001-07-31,88.94999694824219,88.94999694824219,89.0999984741211,88.94999694824219,89.0999984741211,2
2001-08-01,89.30000305175781,89.30000305175781,89.30000305175781,89.0999984741211,89.0999984741211,8
2001-08-02,89.0,89.0,89.3499984741211,89.0,89.30000305175781,16
2001-08-03,89.06999969482422,89.06999969482422,89.06999969482422,89.0,89.0,16
2001-08-06,88.8499984741211,88.8499984741211,89.05000305175781,88.75,89.05000305175781,13
2001-08-07,88.97000122070312,88.97000122070312,88.97000122070312,88.6500015258789,88.6500015258789,6
2001-08-08,89.0999984741211,89.0999984741211,89.0999984741211,88.75,88.75,5
2001-08-09,88.9000015258789,88.9000015258789,88.9000015258789,88.75,88.80000305175781,14
2001-08-10,88.9000015258789,88.9000015258789,88.9000015258789,88.5,88.5,5
2001-08-13,89.05000305175781,89.05000305175781,89.05000305175781,89.0,89.0,24
2001-08-14,89.0999984741211,89.0999984741211,89.1500015258789,89.0,89.0999984741211,5
2001-08-15,89.81999969482422,89.81999969482422,89.8499984741211,89.19999694824219,89.19999694824219,3
2001-08-16,89.69999694824219,89.69999694824219,89.69999694824219,89.5,89.55000305175781,4
2001-08-17,89.55000305175781,89.55000305175781,89.55000305175781,89.4000015258789,89.44999694824219,6
2001-08-20,89.5,89.5,89.5999984741211,89.25,89.5999984741211,7
2001-08-21,89.5,89.5,89.5,89.30000305175781,89.4000015258789,13
2001-08-22,89.19999694824219,89.19999694824219,89.30000305175781,89.19999694824219,89.30000305175781,9
2001-08-23,89.30000305175781,89.30000305175781,89.30000305175781,89.0999984741211,89.30000305175781,7
2001-08-24,89.19999694824219,89.19999694824219,89.19999694824219,89.0,89.0999984741211,6
2001-08-27,89.0199966430664,89.0199966430664,89.19999694824219,89.0199966430664,89.19999694824219,9
2001-08-28,88.97000122070312,88.97000122070312,88.97000122070312,88.69999694824219,88.75,35
2001-08-29,89.55000305175781,89.55000305175781,89.55000305175781,89.0,89.0,29
2001-08-30,89.4000015258789,89.4000015258789,89.4000015258789,89.05000305175781,89.19999694824219,12
2001-08-31,89.80000305175781,89.80000305175781,89.80000305175781,89.3499984741211,89.3499984741211,12
2001-09-04,89.94999694824219,89.94999694824219,89.94999694824219,89.5,89.5,8
2001-09-05,89.94999694824219,89.94999694824219,89.94999694824219,89.69999694824219,89.75,3
2001-09-06,89.66999816894531,89.66999816894531,89.66999816894531,89.5999984741211,89.5999984741211,41
2001-09-07,89.5999984741211,89.5999984741211,89.5999984741211,89.4000015258789,89.4000015258789,27
2001-09-10,89.44999694824219,89.44999694824219,89.44999694824219,88.94999694824219,89.0199966430664,27
2001-09-11,89.44999694824219,89.44999694824219,89.44999694824219,89.44999694824219,89.44999694824219,0
2001-09-12,89.44999694824219,89.44999694824219,89.44999694824219,89.44999694824219,89.44999694824219,30
2001-09-13,89.0,89.0,89.05000305175781,88.69999694824219,89.0,44
2001-09-14,88.5999984741211,88.5999984741211,89.0999984741211,88.5999984741211,89.0999984741211,54
2001-09-17,88.4000015258789,88.4000015258789,88.5999984741211,88.19999694824219,88.5,36
2001-09-18,88.30000305175781,88.30000305175781,88.5,88.1500015258789,88.4000015258789,78
2001-09-19,86.80000305175781,86.80000305175781,88.12000274658203,86.80000305175781,88.12000274658203,282
2001-09-20,86.94999694824219,86.94999694824219,87.0,85.94999694824219,86.80000305175781,218
2001-09-21,86.37000274658203,86.37000274658203,86.69999694824219,85.80000305175781,85.9000015258789,151
2001-09-24,86.80000305175781,86.80000305175781,87.1500015258789,86.80000305175781,86.9000015258789,168
2001-09-25,86.1500015258789,86.1500015258789,87.0999984741211,86.1500015258789,86.66999816894531,176
2001-09-26,86.0,86.0,86.30000305175781,85.8499984741211,86.0999984741211,103
2001-09-27,86.0,86.0,86.25,85.81999969482422,86.0,323
2001-09-28,85.0999984741211,85.0999984741211,86.1500015258789,84.69999694824219,86.1500015258789,207
2001-10-01,84.69999694824219,84.69999694824219,85.25,84.30000305175781,85.0,0
2001-10-02,84.55000305175781,84.55000305175781,84.80000305175781,84.55000305175781,84.69999694824219,45
2001-10-03,84.5,84.5,84.5,84.0999984741211,84.25,153
2001-10-04,85.8499984741211,85.8499984741211,86.0,84.80000305175781,84.80000305175781,246
2001-10-05,86.69999694824219,86.69999694824219,86.94999694824219,86.0,86.05000305175781,182
2001-10-08,86.47000122070312,86.47000122070312,86.5999984741211,86.25,86.5,285
2001-10-09,86.30000305175781,86.30000305175781,87.1500015258789,86.30000305175781,86.55000305175781,176
2001-10-10,86.4000015258789,86.4000015258789,86.62000274658203,86.30000305175781,86.37000274658203,231
2001-10-11,86.6500015258789,86.6500015258789,86.94999694824219,86.5199966430664,86.75,279
2001-10-12,85.25,85.25,86.5,85.19999694824219,86.44999694824219,259
2001-10-15,83.75,83.75,85.5,83.75,85.1500015258789,252
2001-10-16,84.75,84.75,85.16999816894531,83.25,83.8499984741211,178
2001-10-17,84.0999984741211,84.0999984741211,85.25,83.69999694824219,85.0999984741211,170
2001-10-18,84.19999694824219,84.19999694824219,84.80000305175781,83.9000015258789,84.25,76
2001-10-19,84.06999969482422,84.06999969482422,84.25,83.69999694824219,84.19999694824219,156
2001-10-22,83.94999694824219,83.94999694824219,84.22000122070312,83.69999694824219,83.8499984741211,141
2001-10-23,84.31999969482422,84.31999969482422,84.75,84.19999694824219,84.19999694824219,186
2001-10-24,83.75,83.75,84.30000305175781,83.0999984741211,84.30000305175781,152
2001-10-25,84.0,84.0,84.19999694824219,83.1500015258789,83.6500015258789,57
2001-10-26,83.8499984741211,83.8499984741211,84.1500015258789,83.80000305175781,84.0,172
2001-10-29,84.1500015258789,84.1500015258789,84.5,83.6500015258789,83.75,238
2001-10-30,83.4000015258789,83.4000015258789,84.0,83.0999984741211,83.94999694824219,213
2001-10-31,83.69999694824219,83.69999694824219,83.69999694824219,83.0999984741211,83.55000305175781,255
2001-11-01,83.8499984741211,83.8499984741211,83.94999694824219,83.5,83.55000305175781,174
2001-11-02,83.44999694824219,83.44999694824219,83.9000015258789,83.3499984741211,83.9000015258789,303
2001-11-05,82.4000015258789,82.4000015258789,83.4000015258789,82.12000274658203,83.3499984741211,490
2001-11-06,80.9000015258789,80.9000015258789,82.30000305175781,80.9000015258789,82.30000305175781,776
2001-11-07,81.05000305175781,81.05000305175781,81.19999694824219,79.69999694824219,80.69999694824219,712
2001-11-08,80.1500015258789,80.1500015258789,81.1500015258789,80.0,80.9000015258789,875
2001-11-09,78.6500015258789,78.6500015258789,80.0999984741211,78.6500015258789,79.94999694824219,858
2001-11-12,77.1500015258789,77.1500015258789,78.0,77.1500015258789,77.9000015258789,263
2001-11-13,78.6500015258789,78.6500015258789,78.6500015258789,77.5,77.5,582
2001-11-14,79.31999969482422,79.31999969482422,79.5,78.1500015258789,78.80000305175781,847
2001-11-15,80.81999969482422,80.81999969482422,80.81999969482422,79.55000305175781,79.6500015258789,1158
2001-11-16,82.41999816894531,82.41999816894531,82.6500015258789,81.55000305175781,81.69999694824219,2543
2001-11-19,83.16999816894531,83.16999816894531,83.91999816894531,82.0,82.05000305175781,943
2001-11-20,83.47000122070312,83.47000122070312,83.56999969482422,82.9000015258789,83.5,1442
2001-11-21,83.5999984741211,83.5999984741211,83.75,82.55000305175781,83.4000015258789,972
2001-11-23,84.30000305175781,84.30000305175781,84.55000305175781,83.44999694824219,83.6500015258789,1140
2001-11-26,84.25,84.25,84.5,83.56999969482422,84.3499984741211,1445
2001-11-27,84.66999816894531,84.66999816894531,84.8499984741211,83.8499984741211,84.0,1901
2001-11-28,85.16999816894531,85.16999816894531,85.25,84.1500015258789,84.94999694824219,1900
2001-11-29,85.2699966430664,85.2699966430664,85.5999984741211,84.8499984741211,85.05000305175781,1103
2001-11-30,84.5199966430664,84.5199966430664,85.0,84.5,84.9000015258789,1367
2001-12-03,84.87000274658203,84.87000274658203,85.1500015258789,84.4000015258789,84.8499984741211,877
2001-12-04,84.9000015258789,84.9000015258789,85.0999984741211,84.55000305175781,84.75,1033
2001-12-05,85.12000274658203,85.12000274658203,85.44999694824219,84.80000305175781,85.0999984741211,785
2001-12-06,84.75,84.75,85.0,84.41999816894531,84.94999694824219,1238
2001-12-07,83.69999694824219,83.69999694824219,84.55000305175781,83.66999816894531,84.19999694824219,853
2001-12-10,83.1500015258789,83.1500015258789,83.3499984741211,82.94999694824219,83.3499984741211,1131
2001-12-11,83.2699966430664,83.2699966430664,83.5,82.69999694824219,83.12000274658203,1365
2001-12-12,82.87000274658203,82.87000274658203,83.7699966430664,82.72000122070312,83.4000015258789,1656
2001-12-13,81.87000274658203,81.87000274658203,82.4000015258789,81.62000274658203,82.25,1362
2001-12-14,81.81999969482422,81.81999969482422,82.19999694824219,81.4000015258789,81.80000305175781,969
2001-12-17,82.30000305175781,82.30000305175781,82.5999984741211,81.69999694824219,81.9000015258789,1937
2001-12-18,83.80000305175781,83.80000305175781,83.80000305175781,81.9000015258789,82.19999694824219,973
2001-12-19,83.6500015258789,83.6500015258789,84.0,83.30000305175781,83.69999694824219,1049
2001-12-20,83.06999969482422,83.06999969482422,83.5999984741211,82.9000015258789,83.3499984741211,1410
2001-12-21,84.56999969482422,84.56999969482422,84.56999969482422,83.1500015258789,83.19999694824219,923
2001-12-24,85.5,85.5,85.9000015258789,85.25,85.9000015258789,718
2001-12-26,85.75,85.75,85.8499984741211,85.19999694824219,85.6500015258789,875
2001-12-27,85.4000015258789,85.4000015258789,85.9000015258789,85.19999694824219,85.8499984741211,824
2001-12-28,86.0,86.0,86.0999984741211,85.44999694824219,85.55000305175781,540
2001-12-31,86.0199966430664,86.0199966430664,86.4000015258789,85.94999694824219,86.4000015258789,1111
2002-01-02,85.0,85.0,85.69999694824219,84.8499984741211,85.69999694824219,790
2002-01-03,85.4000015258789,85.4000015258789,85.9000015258789,84.94999694824219,85.4000015258789,540
2002-01-04,85.2699966430664,85.2699966430664,85.37000274658203,84.9000015258789,85.3499984741211,685
2002-01-07,85.55000305175781,85.55000305175781,85.5999984741211,85.30000305175781,85.5,899
2002-01-08,85.5,85.5,85.6500015258789,85.41999816894531,85.6500015258789,872
2002-01-09,85.97000122070312,85.97000122070312,86.19999694824219,85.4000015258789,85.5199966430664,764
2002-01-10,85.56999969482422,85.56999969482422,86.0,85.5,85.97000122070312,1684
2002-01-11,84.2699966430664,84.2699966430664,85.0999984741211,84.25,85.0,1325
2002-01-14,84.0199966430664,84.0199966430664,84.25,83.9000015258789,84.0,1047
2002-01-15,84.0,84.0,84.25,83.80000305175781,84.0,650
2002-01-16,83.37000274658203,83.37000274658203,84.0,83.3499984741211,84.0,471
2002-01-17,83.3499984741211,83.3499984741211,83.44999694824219,83.1500015258789,83.44999694824219,435
2002-01-18,83.22000122070312,83.22000122070312,83.5,83.19999694824219,83.3499984741211,286
2002-01-22,83.05000305175781,83.05000305175781,83.44999694824219,83.0,83.4000015258789,341
2002-01-23,82.97000122070312,82.97000122070312,83.19999694824219,82.94999694824219,83.05000305175781,260
2002-01-24,82.94999694824219,82.94999694824219,83.0,82.8499984741211,82.94999694824219,334
2002-01-25,82.94999694824219,82.94999694824219,83.0,82.8499984741211,83.0,186
2002-01-28,82.9000015258789,82.9000015258789,82.94999694824219,82.8499984741211,82.9000015258789,204
2002-01-29,82.75,82.75,82.9000015258789,82.75,82.9000015258789,325
2002-01-30,82.80000305175781,82.80000305175781,82.8499984741211,82.75,82.7699966430664,0
2002-01-31,82.80000305175781,82.80000305175781,82.8499984741211,82.7699966430664,82.80000305175781,919
2002-02-01,84.16999816894531,84.16999816894531,84.5,83.80000305175781,83.80000305175781,887
2002-02-04,84.31999969482422,84.31999969482422,84.80000305175781,84.0999984741211,84.1500015258789,1059
2002-02-05,84.1500015258789,84.1500015258789,84.47000122070312,84.05000305175781,84.25,706
2002-02-06,84.2699966430664,84.2699966430664,84.4000015258789,83.94999694824219,84.30000305175781,737
2002-02-07,84.0199966430664,84.0199966430664,84.5,84.0,84.4000015258789,1718
2002-02-08,83.8499984741211,83.8499984741211,83.97000122070312,83.4000015258789,83.8499984741211,832
2002-02-11,83.6500015258789,83.6500015258789,83.94999694824219,83.5999984741211,83.91999816894531,705
2002-02-12,83.44999694824219,83.44999694824219,83.5999984741211,83.4000015258789,83.55000305175781,1864
2002-02-13,82.91999816894531,82.91999816894531,83.5,82.9000015258789,83.4000015258789,1001
2002-02-14,82.80000305175781,82.80000305175781,83.19999694824219,82.66999816894531,83.0999984741211,873
2002-02-15,82.5,82.5,82.81999969482422,82.2699966430664,82.81999969482422,1710
2002-02-19,81.6500015258789,81.6500015258789,81.9000015258789,81.44999694824219,81.80000305175781,878
2002-02-20,82.19999694824219,82.19999694824219,82.30000305175781,81.5199966430664,81.5999984741211,1317
2002-02-21,81.44999694824219,81.44999694824219,82.16999816894531,81.30000305175781,82.1500015258789,680
2002-02-22,81.5999984741211,81.5999984741211,81.62000274658203,81.25,81.41999816894531,610
2002-02-25,81.6500015258789,81.6500015258789,81.80000305175781,81.5199966430664,81.6500015258789,1443
2002-02-26,81.30000305175781,81.30000305175781,82.0,81.19999694824219,81.75,1071
2002-02-27,81.81999969482422,81.81999969482422,82.0999984741211,81.4000015258789,81.44999694824219,327
2002-02-28,81.47000122070312,81.47000122070312,82.05000305175781,81.3499984741211,82.0,738
2002-03-01,81.41999816894531,81.41999816894531,82.0,81.30000305175781,81.9000015258789,0
2002-03-04,81.2750015258789,81.2750015258789,81.5,81.25,81.5,0
2002-03-05,81.2750015258789,81.2750015258789,81.5,81.25,81.5,0
2002-03-06,81.69999694824219,81.69999694824219,81.82499694824219,81.69999694824219,81.69999694824219,0
2002-03-07,81.69999694824219,81.69999694824219,81.82499694824219,81.69999694824219,81.69999694824219,0
2002-03-08,82.4000015258789,82.4000015258789,82.4000015258789,82.4000015258789,82.4000015258789,342
2002-03-11,82.37000274658203,82.37000274658203,82.80000305175781,82.3499984741211,82.62000274658203,0
2002-03-12,82.4000015258789,82.4000015258789,82.4000015258789,82.3499984741211,82.4000015258789,1021
2002-03-13,81.37000274658203,81.37000274658203,82.44999694824219,81.0,82.4000015258789,644
2002-03-14,81.06999969482422,81.06999969482422,81.75,80.9000015258789,81.69999694824219,658
2002-03-15,80.1500015258789,80.1500015258789,81.0999984741211,80.0999984741211,80.97000122070312,655
2002-03-18,79.12000274658203,79.12000274658203,80.06999969482422,79.05000305175781,79.94999694824219,0
2002-03-19,79.19999694824219,79.19999694824219,79.19999694824219,79.19999694824219,79.19999694824219,0
2002-03-20,79.17500305175781,79.17500305175781,79.17500305175781,79.17500305175781,79.17500305175781,0
2002-03-21,79.0,79.0,79.0,79.0,79.0,0
2002-03-22,79.125,79.125,79.125,79.125,79.125,0
2002-03-25,79.17500305175781,79.17500305175781,79.17500305175781,79.17500305175781,79.17500305175781,0
2002-03-26,79.25,79.25,79.25,79.25,79.25,0
2002-03-27,79.05000305175781,79.05000305175781,79.05000305175781,79.05000305175781,79.05000305175781,0
2002-03-28,78.75,78.75,78.75,78.75,78.75,0
2002-04-01,79.92500305175781,79.92500305175781,79.92500305175781,79.92500305175781,79.92500305175781,0
2002-04-02,79.07499694824219,79.07499694824219,79.07499694824219,79.07499694824219,79.07499694824219,0
2002-04-03,79.0,79.0,79.0,79.0,79.0,0
2002-04-04,77.5,77.5,77.5,77.5,77.5,0
2002-04-05,76.30000305175781,76.30000305175781,76.30000305175781,76.30000305175781,76.30000305175781,0
2002-04-08,74.9749984741211,74.9749984741211,74.9749984741211,74.9749984741211,74.9749984741211,0
2002-04-09,75.5250015258789,75.5250015258789,75.5250015258789,75.5250015258789,75.5250015258789,0
2002-04-10,74.0250015258789,74.0250015258789,74.0250015258789,74.0250015258789,74.0250015258789,0
2002-04-11,73.5,73.5,73.5,73.5,73.5,0
2002-04-12,73.5,73.5,73.5,73.5,73.5,0
2002-04-15,74.5999984741211,74.5999984741211,74.5999984741211,74.5999984741211,74.5999984741211,0
2002-04-16,75.5999984741211,75.5999984741211,75.5999984741211,75.5999984741211,75.5999984741211,0
2002-04-17,75.69999694824219,75.69999694824219,75.69999694824219,75.69999694824219,75.69999694824219,0
2002-04-18,75.875,75.875,75.875,75.875,75.875,0
2002-04-19,74.6500015258789,74.6500015258789,74.6500015258789,74.6500015258789,74.6500015258789,0
2002-04-22,74.5,74.5,74.5,74.5,74.5,0
2002-04-23,74.4000015258789,74.4000015258789,74.4000015258789,74.4000015258789,74.4000015258789,0
2002-04-24,74.32499694824219,74.32499694824219,74.32499694824219,74.32499694824219,74.32499694824219,0
2002-04-25,74.3499984741211,74.3499984741211,74.3499984741211,74.3499984741211,74.3499984741211,0
2002-04-26,74.19999694824219,74.19999694824219,74.19999694824219,74.19999694824219,74.19999694824219,0
2002-04-29,74.42500305175781,74.42500305175781,74.42500305175781,74.42500305175781,74.42500305175781,0
2002-04-30,75.9000015258789,75.9000015258789,75.9000015258789,75.9000015258789,75.9000015258789,0
2002-05-01,75.69999694824219,75.69999694824219,75.69999694824219,75.69999694824219,75.69999694824219,0
2002-05-02,75.0999984741211,75.0999984741211,75.0999984741211,75.0999984741211,75.0999984741211,0
2002-05-03,75.5,75.5,75.5,75.5,75.5,0
2002-05-06,77.0,77.0,77.0,77.0,77.0,0
2002-05-07,77.1500015258789,77.1500015258789,77.1500015258789,77.1500015258789,77.1500015258789,0
2002-05-08,76.6500015258789,76.6500015258789,76.6500015258789,76.6500015258789,76.6500015258789,0
2002-05-09,75.94999694824219,75.94999694824219,75.94999694824219,75.94999694824219,75.94999694824219,0
2002-05-10,76.25,76.25,76.25,76.25,76.25,0
2002-05-13,76.0,76.0,76.0,76.0,76.0,0
2002-05-14,76.07499694824219,76.07499694824219,76.07499694824219,76.07499694824219,76.07499694824219,0
2002-05-15,75.9000015258789,75.9000015258789,75.9000015258789,75.9000015258789,75.9000015258789,0
2002-05-16,75.8499984741211,75.8499984741211,75.8499984741211,75.8499984741211,75.8499984741211,0
2002-05-17,75.4749984741211,75.4749984741211,75.4749984741211,75.4749984741211,75.4749984741211,0
2002-05-20,75.07499694824219,75.07499694824219,75.07499694824219,75.07499694824219,75.07499694824219,0
2002-05-21,74.9000015258789,74.9000015258789,74.9000015258789,74.9000015258789,74.9000015258789,0
2002-05-22,74.9749984741211,74.9749984741211,74.9749984741211,74.9749984741211,74.9749984741211,0
2002-05-23,75.0,75.0,75.0,75.0,75.0,0
2002-05-24,76.44999694824219,76.44999694824219,76.44999694824219,76.44999694824219,76.44999694824219,0
2002-05-28,76.5999984741211,76.5999984741211,76.5999984741211,76.5999984741211,76.5999984741211,0
2002-05-29,75.8499984741211,75.8499984741211,75.8499984741211,75.8499984741211,75.8499984741211,0
2002-05-30,74.3499984741211,74.3499984741211,74.3499984741211,74.3499984741211,74.3499984741211,0
2002-05-31,74.4749984741211,74.4749984741211,74.4749984741211,74.4749984741211,74.4749984741211,0
2002-06-03,75.9749984741211,75.9749984741211,75.9749984741211,75.9749984741211,75.9749984741211,0
2002-06-04,75.9749984741211,75.9749984741211,75.9749984741211,75.9749984741211,75.9749984741211,0
2002-06-05,75.0999984741211,75.0999984741211,75.0999984741211,75.0999984741211,75.0999984741211,0
2002-06-06,75.44999694824219,75.44999694824219,75.44999694824219,75.44999694824219,75.44999694824219,0
2002-06-07,74.94999694824219,74.94999694824219,74.94999694824219,74.94999694824219,74.94999694824219,0
2002-06-10,75.4749984741211,75.4749984741211,75.4749984741211,75.4749984741211,75.4749984741211,0
2002-06-11,76.9749984741211,76.9749984741211,76.9749984741211,76.9749984741211,76.9749984741211,0
2002-06-12,76.69999694824219,76.69999694824219,76.69999694824219,76.69999694824219,76.69999694824219,0
2002-06-13,76.6500015258789,76.6500015258789,76.6500015258789,76.6500015258789,76.6500015258789,0
2002-06-14,76.3499984741211,76.3499984741211,76.3499984741211,76.3499984741211,76.3499984741211,0
2002-06-17,77.4000015258789,77.4000015258789,77.4000015258789,77.4000015258789,77.4000015258789,0
2002-06-18,78.32499694824219,78.32499694824219,78.32499694824219,78.32499694824219,78.32499694824219,0
2002-06-19,78.05000305175781,78.05000305175781,78.05000305175781,78.05000305175781,78.05000305175781,0
2002-06-20,77.5999984741211,77.5999984741211,77.5999984741211,77.5999984741211,77.5999984741211,0
2002-06-21,77.44999694824219,77.44999694824219,77.44999694824219,77.44999694824219,77.44999694824219,0
2002-06-24,76.19999694824219,76.19999694824219,76.19999694824219,76.19999694824219,76.19999694824219,0
2002-06-25,76.75,76.75,76.75,76.75,76.75,0
2002-06-26,76.1500015258789,76.1500015258789,76.1500015258789,76.1500015258789,76.1500015258789,0
2002-06-27,75.75,75.75,75.75,75.75,75.75,0
2002-06-28,75.5,75.5,75.5,75.5,75.5,0
2002-07-01,76.2750015258789,76.2750015258789,76.2750015258789,76.2750015258789,76.2750015258789,0
2002-07-02,76.9749984741211,76.9749984741211,76.9749984741211,76.9749984741211,76.9749984741211,0
2002-07-03,76.7249984741211,76.7249984741211,76.7249984741211,76.7249984741211,76.7249984741211,0
2002-07-05,76.94999694824219,76.94999694824219,76.94999694824219,76.94999694824219,76.94999694824219,0
2002-07-08,76.80000305175781,76.80000305175781,76.80000305175781,76.80000305175781,76.80000305175781,0
2002-07-09,76.30000305175781,76.30000305175781,76.30000305175781,76.30000305175781,76.30000305175781,0
2002-07-10,76.42500305175781,76.42500305175781,76.42500305175781,76.42500305175781,76.42500305175781,0
2002-07-11,77.92500305175781,77.92500305175781,77.92500305175781,77.92500305175781,77.92500305175781,0
2002-07-12,78.3499984741211,78.3499984741211,78.3499984741211,78.3499984741211,78.3499984741211,0
2002-07-15,78.0250015258789,78.0250015258789,78.0250015258789,78.0250015258789,78.0250015258789,0
2002-07-16,77.42500305175781,77.42500305175781,77.42500305175781,77.42500305175781,77.42500305175781,0
2002-07-17,78.0999984741211,78.0999984741211,78.0999984741211,78.0999984741211,78.0999984741211,0
2002-07-18,78.125,78.125,78.125,78.125,78.125,0
2002-07-19,77.8499984741211,77.8499984741211,77.8499984741211,77.8499984741211,77.8499984741211,0
2002-07-22,76.7249984741211,76.7249984741211,76.7249984741211,76.7249984741211,76.7249984741211,0
2002-07-23,76.7750015258789,76.7750015258789,76.7750015258789,76.7750015258789,76.7750015258789,0
2002-07-24,75.44999694824219,75.44999694824219,75.44999694824219,75.44999694824219,75.44999694824219,0
2002-07-25,76.8499984741211,76.8499984741211,76.8499984741211,76.8499984741211,76.8499984741211,0
2002-07-26,76.92500305175781,76.92500305175781,76.92500305175781,76.92500305175781,76.92500305175781,0
2002-07-29,77.69999694824219,77.69999694824219,77.69999694824219,77.69999694824219,77.69999694824219,0
2002-07-30,77.55000305175781,77.55000305175781,77.55000305175781,77.55000305175781,77.55000305175781,0
2002-07-31,76.9749984741211,76.9749984741211,76.9749984741211,76.9749984741211,76.9749984741211,0
2002-08-01,76.5250015258789,76.5250015258789,76.5250015258789,76.5250015258789,76.5250015258789,0
2002-08-02,76.5250015258789,76.5250015258789,76.5250015258789,76.5250015258789,76.5250015258789,0
2002-08-05,77.05000305175781,77.05000305175781,77.05000305175781,77.05000305175781,77.05000305175781,0
2002-08-06,77.625,77.625,77.625,77.625,77.625,0
2002-08-07,77.92500305175781,77.92500305175781,77.92500305175781,77.92500305175781,77.92500305175781,0
2002-08-08,77.875,77.875,77.875,77.875,77.875,0
2002-08-09,78.69999694824219,78.69999694824219,78.69999694824219,78.69999694824219,78.69999694824219,0
2002-08-12,77.57499694824219,77.57499694824219,77.57499694824219,77.57499694824219,77.57499694824219,0
2002-08-13,77.7249984741211,77.7249984741211,77.7249984741211,77.7249984741211,77.7249984741211,0
2002-08-14,77.57499694824219,77.57499694824219,77.57499694824219,77.57499694824219,77.57499694824219,0
2002-08-15,78.125,78.125,78.125,78.125,78.125,0
2002-08-16,78.6500015258789,78.6500015258789,78.6500015258789,78.6500015258789,78.6500015258789,0
2002-08-19,78.92500305175781,78.92500305175781,78.92500305175781,78.92500305175781,78.92500305175781,0
2002-08-20,79.05000305175781,79.05000305175781,79.05000305175781,79.05000305175781,79.05000305175781,0
2002-08-21,78.9000015258789,78.9000015258789,78.9000015258789,78.9000015258789,78.9000015258789,0
2002-08-22,79.82499694824219,79.82499694824219,79.82499694824219,79.82499694824219,79.82499694824219,0
2002-08-23,79.2249984741211,79.2249984741211,79.2249984741211,79.2249984741211,79.2249984741211,0
2002-08-26,79.30000305175781,79.30000305175781,79.30000305175781,79.30000305175781,79.30000305175781,0
2002-08-27,79.44999694824219,79.44999694824219,79.44999694824219,79.44999694824219,79.44999694824219,0
2002-08-28,79.5,79.5,79.5,79.5,79.5,0
2002-08-29,79.32499694824219,79.32499694824219,79.32499694824219,79.32499694824219,79.32499694824219,0
2002-08-30,79.7249984741211,79.7249984741211,79.7249984741211,79.7249984741211,79.7249984741211,0
2002-09-03,79.19999694824219,79.19999694824219,79.19999694824219,79.19999694824219,79.19999694824219,0
2002-09-04,79.1500015258789,79.1500015258789,79.1500015258789,79.1500015258789,79.1500015258789,0
2002-09-05,79.4749984741211,79.4749984741211,79.4749984741211,79.4749984741211,79.4749984741211,0
2002-09-06,79.44999694824219,79.44999694824219,79.44999694824219,79.44999694824219,79.44999694824219,0
2002-09-09,79.0,79.0,79.0,79.0,79.0,0
2002-09-10,79.05000305175781,79.05000305175781,79.05000305175781,79.05000305175781,79.05000305175781,0
2002-09-11,79.0999984741211,79.0999984741211,79.0999984741211,79.0999984741211,79.0999984741211,0
2002-09-12,80.0250015258789,80.0250015258789,80.0250015258789,80.0250015258789,80.0250015258789,0
2002-09-13,80.8499984741211,80.8499984741211,80.8499984741211,80.8499984741211,80.8499984741211,0
2002-09-16,80.75,80.75,80.75,80.75,80.75,0
2002-09-17,81.0,81.0,81.0,81.0,81.0,0
2002-09-18,81.0999984741211,81.0999984741211,81.0999984741211,81.0999984741211,81.0999984741211,0
2002-09-19,81.19999694824219,81.19999694824219,81.19999694824219,81.19999694824219,81.19999694824219,0
2002-09-20,81.4000015258789,81.4000015258789,81.4000015258789,81.4000015258789,81.4000015258789,0
2002-09-23,81.4749984741211,81.4749984741211,81.4749984741211,81.4749984741211,81.4749984741211,0
2002-09-24,81.5999984741211,81.5999984741211,81.5999984741211,81.5999984741211,81.5999984741211,0
2002-09-25,81.55000305175781,81.55000305175781,81.55000305175781,81.55000305175781,81.55000305175781,0
2002-09-26,81.67500305175781,81.67500305175781,81.67500305175781,81.67500305175781,81.67500305175781,0
2002-09-27,80.67500305175781,80.67500305175781,80.67500305175781,80.67500305175781,80.67500305175781,0
2002-09-30,80.94999694824219,80.94999694824219,80.94999694824219,80.94999694824219,80.94999694824219,0
2002-10-01,80.19999694824219,80.19999694824219,80.19999694824219,80.19999694824219,80.19999694824219,0
2002-10-02,79.5,79.5,79.5,79.5,79.5,0
2002-10-03,80.32499694824219,80.32499694824219,80.32499694824219,80.32499694824219,80.32499694824219,0
2002-10-04,79.9000015258789,79.9000015258789,79.9000015258789,79.9000015258789,79.9000015258789,0
2002-10-07,79.4749984741211,79.4749984741211,79.4749984741211,79.4749984741211,79.4749984741211,0
2002-10-08,80.19999694824219,80.19999694824219,80.19999694824219,80.19999694824219,80.19999694824219,0
2002-10-09,79.80000305175781,79.80000305175781,79.80000305175781,79.80000305175781,79.80000305175781,0
2002-10-10,80.0250015258789,80.0250015258789,80.0250015258789,80.0250015258789,80.0250015258789,0
2002-10-11,80.5,80.5,80.5,80.5,80.5,0
2002-10-14,81.05000305175781,81.05000305175781,81.05000305175781,81.05000305175781,81.05000305175781,0
2002-10-15,81.4000015258789,81.4000015258789,81.4000015258789,81.4000015258789,81.4000015258789,0
2002-10-16,81.42500305175781,81.42500305175781,81.42500305175781,81.42500305175781,81.42500305175781,0
2002-10-17,81.30000305175781,81.30000305175781,81.30000305175781,81.30000305175781,81.30000305175781,0
2002-10-18,81.0999984741211,81.0999984741211,81.0999984741211,81.0999984741211,81.0999984741211,0
2002-10-21,81.94999694824219,81.94999694824219,81.94999694824219,81.94999694824219,81.94999694824219,0
2002-10-22,82.05000305175781,82.05000305175781,82.05000305175781,82.05000305175781,82.05000305175781,0
2002-10-23,82.0,82.0,82.0,82.0,82.0,0
2002-10-24,81.6500015258789,81.6500015258789,81.6500015258789,81.6500015258789,81.6500015258789,0
2002-10-25,82.05000305175781,82.05000305175781,82.05000305175781,82.05000305175781,82.05000305175781,0
2002-10-28,82.05000305175781,82.05000305175781,82.05000305175781,82.05000305175781,82.05000305175781,0
2002-10-29,82.1500015258789,82.1500015258789,82.1500015258789,82.1500015258789,82.1500015258789,0
2002-10-30,82.4000015258789,82.4000015258789,82.4000015258789,82.4000015258789,82.4000015258789,0
2002-10-31,82.44999694824219,82.44999694824219,82.44999694824219,82.44999694824219,82.44999694824219,0
2002-11-01,82.4000015258789,82.4000015258789,82.4000015258789,82.4000015258789,82.4000015258789,0
2002-11-04,82.375,82.375,82.375,82.375,82.375,0
2002-11-22,81.3499984741211,81.3499984741211,81.3499984741211,81.3499984741211,81.3499984741211,0
2002-11-25,81.875,81.875,81.875,81.875,81.875,0
2002-11-26,82.2249984741211,82.2249984741211,82.2249984741211,82.2249984741211,82.2249984741211,0
2002-11-27,82.69999694824219,82.69999694824219,82.69999694824219,82.69999694824219,82.69999694824219,0
2002-11-29,82.42500305175781,82.42500305175781,82.42500305175781,82.42500305175781,82.42500305175781,0
2002-12-02,82.82499694824219,82.82499694824219,82.82499694824219,82.82499694824219,82.82499694824219,0
2002-12-03,82.8499984741211,82.8499984741211,82.8499984741211,82.8499984741211,82.8499984741211,0
2002-12-04,83.4000015258789,83.4000015258789,83.4000015258789,83.4000015258789,83.4000015258789,0
2002-12-05,83.3499984741211,83.3499984741211,83.3499984741211,83.3499984741211,83.3499984741211,0
2002-12-06,81.9749984741211,81.9749984741211,81.9749984741211,81.9749984741211,81.9749984741211,0
2002-12-09,81.8499984741211,81.8499984741211,81.8499984741211,81.8499984741211,81.8499984741211,0
2002-12-10,82.5,82.5,82.5,82.5,82.5,0
2002-12-11,82.05000305175781,82.05000305175781,82.05000305175781,82.05000305175781,82.05000305175781,0
2002-12-12,81.44999694824219,81.44999694824219,81.44999694824219,81.44999694824219,81.44999694824219,0
2002-12-13,81.30000305175781,81.30000305175781,81.30000305175781,81.30000305175781,81.30000305175781,0
2002-12-16,81.69999694824219,81.69999694824219,81.69999694824219,81.69999694824219,81.69999694824219,0
2002-12-17,81.3499984741211,81.3499984741211,81.3499984741211,81.3499984741211,81.3499984741211,0
2002-12-18,80.9749984741211,80.9749984741211,80.9749984741211,80.9749984741211,80.9749984741211,0
2002-12-19,81.55000305175781,81.55000305175781,81.55000305175781,81.55000305175781,81.55000305175781,0
2002-12-20,81.94999694824219,81.94999694824219,81.94999694824219,81.94999694824219,81.94999694824219,0
2002-12-23,81.67500305175781,81.67500305175781,81.67500305175781,81.67500305175781,81.67500305175781,0
2002-12-24,81.67500305175781,81.67500305175781,81.67500305175781,81.67500305175781,81.67500305175781,0
2002-12-26,81.32499694824219,81.32499694824219,81.32499694824219,81.32499694824219,81.32499694824219,0
2002-12-27,81.19999694824219,81.19999694824219,81.19999694824219,81.19999694824219,81.19999694824219,0
2002-12-30,81.0999984741211,81.0999984741211,81.0999984741211,81.0999984741211,81.0999984741211,0
2002-12-31,81.5999984741211,81.5999984741211,81.5999984741211,81.5999984741211,81.5999984741211,0
2003-01-02,82.30000305175781,82.30000305175781,82.30000305175781,82.30000305175781,82.30000305175781,0
2003-01-03,82.6500015258789,82.6500015258789,82.6500015258789,82.6500015258789,82.6500015258789,0
2003-01-06,81.7750015258789,81.7750015258789,81.7750015258789,81.7750015258789,81.7750015258789,0
2003-01-07,81.6500015258789,81.6500015258789,81.6500015258789,81.6500015258789,81.6500015258789,0
2003-01-08,80.92500305175781,80.92500305175781,80.92500305175781,80.92500305175781,80.92500305175781,0
2003-01-09,80.80000305175781,80.80000305175781,80.80000305175781,80.80000305175781,80.80000305175781,0
2003-01-10,80.375,80.375,80.375,80.375,80.375,0
2003-01-13,80.42500305175781,80.42500305175781,80.42500305175781,80.42500305175781,80.42500305175781,0
2003-01-14,79.8499984741211,79.8499984741211,79.8499984741211,79.8499984741211,79.8499984741211,0
2003-01-15,78.3499984741211,78.3499984741211,78.3499984741211,78.3499984741211,78.3499984741211,0
2003-01-16,78.67500305175781,78.67500305175781,78.67500305175781,78.67500305175781,78.67500305175781,0
2003-01-17,78.32499694824219,78.32499694824219,78.32499694824219,78.32499694824219,78.32499694824219,0
2003-01-21,78.67500305175781,78.67500305175781,78.67500305175781,78.67500305175781,78.67500305175781,0
2003-01-22,79.5,79.5,79.5,79.5,79.5,0
2003-01-23,79.375,79.375,79.375,79.375,79.375,0
2003-01-24,79.17500305175781,79.17500305175781,79.17500305175781,79.17500305175781,79.17500305175781,0
2003-01-27,78.7249984741211,78.7249984741211,78.7249984741211,78.7249984741211,78.7249984741211,0
2003-01-28,78.55000305175781,78.55000305175781,78.55000305175781,78.55000305175781,78.55000305175781,0
2003-01-29,80.05000305175781,80.05000305175781,80.05000305175781,80.05000305175781,80.05000305175781,0
2003-01-30,80.30000305175781,80.30000305175781,80.30000305175781,80.30000305175781,80.30000305175781,0
2003-01-31,80.6500015258789,80.6500015258789,80.6500015258789,80.6500015258789,80.6500015258789,0
2003-02-03,80.44999694824219,80.44999694824219,80.44999694824219,80.44999694824219,80.44999694824219,0
2003-02-04,79.07499694824219,79.07499694824219,79.07499694824219,79.07499694824219,79.07499694824219,0
2003-02-05,78.55000305175781,78.55000305175781,78.55000305175781,78.55000305175781,78.55000305175781,0
2003-02-06,77.625,77.625,77.625,77.625,77.625,0
2003-02-07,77.17500305175781,77.17500305175781,77.17500305175781,77.17500305175781,77.17500305175781,0
2003-02-10,78.0250015258789,78.0250015258789,78.0250015258789,78.0250015258789,78.0250015258789,0
2003-02-11,77.875,77.875,77.875,77.875,77.875,0
2003-02-12,76.375,76.375,76.375,76.375,76.375,0
2003-02-13,75.9749984741211,75.9749984741211,75.9749984741211,75.9749984741211,75.9749984741211,0
2003-02-14,76.7249984741211,76.7249984741211,76.7249984741211,76.7249984741211,76.7249984741211,0
2003-02-18,76.875,76.875,76.875,76.875,76.875,0
2003-02-19,77.1500015258789,77.1500015258789,77.1500015258789,77.1500015258789,77.1500015258789,0
2003-02-20,77.32499694824219,77.32499694824219,77.32499694824219,77.32499694824219,77.32499694824219,0
2003-02-21,77.44999694824219,77.44999694824219,77.44999694824219,77.44999694824219,77.44999694824219,0
2003-02-24,77.7750015258789,77.7750015258789,77.7750015258789,77.7750015258789,77.7750015258789,0
2003-02-25,76.9749984741211,76.9749984741211,76.9749984741211,76.9749984741211,76.9749984741211,0
2003-02-26,77.0999984741211,77.0999984741211,77.0999984741211,77.0999984741211,77.0999984741211,0
2003-02-27,75.7750015258789,75.7750015258789,75.7750015258789,75.7750015258789,75.7750015258789,0
2003-02-28,75.9749984741211,75.9749984741211,75.9749984741211,75.9749984741211,75.9749984741211,0
2003-03-03,76.0999984741211,76.0999984741211,76.0999984741211,76.0999984741211,76.0999984741211,0
2003-03-04,76.19999694824219,76.19999694824219,76.19999694824219,76.19999694824219,76.19999694824219,0
2003-03-05,75.7750015258789,75.7750015258789,75.7750015258789,75.7750015258789,75.7750015258789,0
2003-03-06,75.625,75.625,75.625,75.625,75.625,0
2003-03-07,75.6500015258789,75.6500015258789,75.6500015258789,75.6500015258789,75.6500015258789,0
2003-03-10,75.44999694824219,75.44999694824219,75.44999694824219,75.44999694824219,75.44999694824219,0
2003-03-11,74.2249984741211,74.2249984741211,74.2249984741211,74.2249984741211,74.2249984741211,0
2003-03-12,74.44999694824219,74.44999694824219,74.44999694824219,74.44999694824219,74.44999694824219,0
2003-03-13,75.5250015258789,75.5250015258789,75.5250015258789,75.5250015258789,75.5250015258789,0
2003-03-14,75.94999694824219,75.94999694824219,75.94999694824219,75.94999694824219,75.94999694824219,0
2003-03-17,75.67500305175781,75.67500305175781,75.67500305175781,75.67500305175781,75.67500305175781,0
2003-03-18,76.4000015258789,76.4000015258789,76.4000015258789,76.4000015258789,76.4000015258789,0
2003-03-19,77.17500305175781,77.17500305175781,77.17500305175781,77.17500305175781,77.17500305175781,0
2003-03-20,76.80000305175781,76.80000305175781,76.80000305175781,76.80000305175781,76.80000305175781,0
2003-03-21,77.2750015258789,77.2750015258789,77.2750015258789,77.2750015258789,77.2750015258789,0
2003-03-24,77.44999694824219,77.44999694824219,77.44999694824219,77.44999694824219,77.44999694824219,0
2003-03-25,77.94999694824219,77.94999694824219,77.94999694824219,77.94999694824219,77.94999694824219,0
2003-03-26,77.75,77.75,77.75,77.75,77.75,0
2003-03-28,77.7249984741211,77.7249984741211,77.7249984741211,77.7249984741211,77.7249984741211,0
2003-03-31,78.1500015258789,78.1500015258789,78.1500015258789,78.1500015258789,78.1500015258789,0
2003-04-01,78.2249984741211,78.2249984741211,78.2249984741211,78.2249984741211,78.2249984741211,0
2003-04-02,78.75,78.75,78.75,78.75,78.75,0
2003-04-03,78.69999694824219,78.69999694824219,78.69999694824219,78.69999694824219,78.69999694824219,0
2003-04-04,78.7750015258789,78.7750015258789,78.7750015258789,78.7750015258789,78.7750015258789,0
2003-04-07,78.92500305175781,78.92500305175781,78.92500305175781,78.92500305175781,78.92500305175781,0
2003-04-08,78.69999694824219,78.69999694824219,78.69999694824219,78.69999694824219,78.69999694824219,0
2003-04-09,78.57499694824219,78.57499694824219,78.57499694824219,78.57499694824219,78.57499694824219,0
2003-04-10,78.55000305175781,78.55000305175781,78.55000305175781,78.55000305175781,78.55000305175781,0
2003-04-11,78.92500305175781,78.92500305175781,78.92500305175781,78.92500305175781,78.92500305175781,0
2003-04-14,79.19999694824219,79.19999694824219,79.19999694824219,79.19999694824219,79.19999694824219,0
2003-04-15,79.32499694824219,79.32499694824219,79.32499694824219,79.32499694824219,79.32499694824219,0
2003-04-16,79.4000015258789,79.4000015258789,79.4000015258789,79.4000015258789,79.4000015258789,0
2003-04-17,79.30000305175781,79.30000305175781,79.30000305175781,79.30000305175781,79.30000305175781,0
2003-04-21,78.82499694824219,78.82499694824219,78.82499694824219,78.82499694824219,78.82499694824219,0
2003-04-22,78.94999694824219,78.94999694824219,78.94999694824219,78.94999694824219,78.94999694824219,0
2003-04-23,78.8499984741211,78.8499984741211,78.8499984741211,78.8499984741211,78.8499984741211,0
2003-04-24,78.75,78.75,78.75,78.75,78.75,0
2003-04-25,79.125,79.125,79.125,79.125,79.125,0
2003-04-28,79.0250015258789,79.0250015258789,79.0250015258789,79.0250015258789,79.0250015258789,0
2003-04-29,79.69999694824219,79.69999694824219,79.69999694824219,79.69999694824219,79.69999694824219,0
2003-04-30,79.7750015258789,79.7750015258789,79.7750015258789,79.7750015258789,79.7750015258789,0
2003-05-01,79.92500305175781,79.92500305175781,79.92500305175781,79.92500305175781,79.92500305175781,0
2003-05-02,80.0,80.0,80.0,80.0,80.0,0
2003-05-05,80.1500015258789,80.1500015258789,80.1500015258789,80.1500015258789,80.1500015258789,0
2003-05-06,80.32499694824219,80.32499694824219,80.32499694824219,80.32499694824219,80.32499694824219,0
2003-05-07,79.9749984741211,79.9749984741211,79.9749984741211,79.9749984741211,79.9749984741211,0
2003-05-08,79.82499694824219,79.82499694824219,79.82499694824219,79.82499694824219,79.82499694824219,0
2003-05-09,80.17500305175781,80.17500305175781,80.17500305175781,80.17500305175781,80.17500305175781,0
2003-05-12,80.19999694824219,80.19999694824219,80.19999694824219,80.19999694824219,80.19999694824219,0
2003-05-13,80.30000305175781,80.30000305175781,80.30000305175781,80.30000305175781,80.30000305175781,0
2003-05-14,80.19999694824219,80.19999694824219,80.19999694824219,80.19999694824219,80.19999694824219,0
2003-05-15,80.07499694824219,80.07499694824219,80.07499694824219,80.07499694824219,80.07499694824219,0
2003-05-16,81.0999984741211,81.0999984741211,81.0999984741211,81.0999984741211,81.0999984741211,0
2003-05-19,80.82499694824219,80.82499694824219,80.82499694824219,80.82499694824219,80.82499694824219,0
2003-05-20,80.3499984741211,80.3499984741211,80.3499984741211,80.3499984741211,80.3499984741211,0
2003-05-21,80.57499694824219,80.57499694824219,80.57499694824219,80.57499694824219,80.57499694824219,0
2003-05-22,80.92500305175781,80.92500305175781,80.92500305175781,80.92500305175781,80.92500305175781,0
2003-05-23,81.02999877929688,81.02999877929688,81.02999877929688,81.02999877929688,81.02999877929688,0
2003-05-27,85.125,85.125,85.125,85.125,85.125,0
2003-05-28,85.625,85.625,85.625,85.625,85.625,0
2003-05-29,85.44999694824219,85.44999694824219,85.44999694824219,85.44999694824219,85.44999694824219,0
2003-05-30,85.30000305175781,85.30000305175781,85.30000305175781,85.30000305175781,85.30000305175781,0
2003-06-02,86.67500305175781,86.67500305175781,86.67500305175781,86.67500305175781,86.67500305175781,0
2003-06-03,85.82499694824219,85.82499694824219,85.82499694824219,85.82499694824219,85.82499694824219,0
2003-06-04,86.0999984741211,86.0999984741211,86.0999984741211,86.0999984741211,86.0999984741211,0
2003-06-05,85.19999694824219,85.19999694824219,85.19999694824219,85.19999694824219,85.19999694824219,0
2003-06-06,84.82499694824219,84.82499694824219,84.82499694824219,84.82499694824219,84.82499694824219,0
2003-06-09,84.625,84.625,84.625,84.625,84.625,0
2003-06-10,85.19999694824219,85.19999694824219,85.19999694824219,85.19999694824219,85.19999694824219,0
2003-06-11,84.05000305175781,84.05000305175781,84.05000305175781,84.05000305175781,84.05000305175781,0
2003-06-12,83.7750015258789,83.7750015258789,83.7750015258789,83.7750015258789,83.7750015258789,0
2003-06-13,83.92500305175781,83.92500305175781,83.92500305175781,83.92500305175781,83.92500305175781,0
2003-06-16,83.8499984741211,83.8499984741211,83.8499984741211,83.8499984741211,83.8499984741211,0
2003-06-17,84.2750015258789,84.2750015258789,84.2750015258789,84.2750015258789,84.2750015258789,0
2003-06-18,84.25,84.25,84.25,84.25,84.25,0
2003-06-19,84.0999984741211,84.0999984741211,84.0999984741211,84.0999984741211,84.0999984741211,0
2003-06-20,84.7249984741211,84.7249984741211,84.7249984741211,84.7249984741211,84.7249984741211,0
2003-06-23,85.4000015258789,85.4000015258789,85.4000015258789,85.4000015258789,85.4000015258789,0
2003-06-24,85.17500305175781,85.17500305175781,85.17500305175781,85.17500305175781,85.17500305175781,0
2003-06-25,85.92500305175781,85.92500305175781,85.92500305175781,85.92500305175781,85.92500305175781,0
2003-06-26,86.0250015258789,86.0250015258789,86.0250015258789,86.0250015258789,86.0250015258789,0
2003-06-27,86.32499694824219,86.32499694824219,86.32499694824219,86.32499694824219,86.32499694824219,0
2003-06-30,86.69999694824219,86.69999694824219,86.69999694824219,86.69999694824219,86.69999694824219,0
2003-07-01,86.3499984741211,86.3499984741211,86.3499984741211,86.3499984741211,86.3499984741211,0
2003-07-02,86.69999694824219,86.69999694824219,86.69999694824219,86.69999694824219,86.69999694824219,0
2003-07-03,86.2750015258789,86.2750015258789,86.2750015258789,86.2750015258789,86.2750015258789,0
2003-07-07,87.7750015258789,87.7750015258789,87.7750015258789,87.7750015258789,87.7750015258789,0
2003-07-08,87.8499984741211,87.8499984741211,87.8499984741211,87.8499984741211,87.8499984741211,0
2003-07-09,87.0250015258789,87.0250015258789,87.0250015258789,87.0250015258789,87.0250015258789,0
2003-07-10,87.32499694824219,87.32499694824219,87.32499694824219,87.32499694824219,87.32499694824219,0
2003-07-11,86.94999694824219,86.94999694824219,86.94999694824219,86.94999694824219,86.94999694824219,0
2003-07-14,86.7249984741211,86.7249984741211,86.7249984741211,86.7249984741211,86.7249984741211,0
2003-07-15,87.42500305175781,87.42500305175781,87.42500305175781,87.42500305175781,87.42500305175781,0
2003-07-16,88.92500305175781,88.92500305175781,88.92500305175781,88.92500305175781,88.92500305175781,0
2003-07-17,89.2750015258789,89.2750015258789,89.2750015258789,89.2750015258789,89.2750015258789,0
2003-07-18,89.57499694824219,89.57499694824219,89.57499694824219,89.57499694824219,89.57499694824219,0
2003-07-21,89.32499694824219,89.32499694824219,89.32499694824219,89.32499694824219,89.32499694824219,0
2003-07-22,89.625,89.625,89.625,89.625,89.625,0
2003-07-23,90.82499694824219,90.82499694824219,90.82499694824219,90.82499694824219,90.82499694824219,0
2003-07-24,90.17500305175781,90.17500305175781,90.17500305175781,90.17500305175781,90.17500305175781,0
2003-07-25,90.19999694824219,90.19999694824219,90.19999694824219,90.19999694824219,90.19999694824219,0
2003-07-28,90.69999694824219,90.69999694824219,90.69999694824219,90.69999694824219,90.69999694824219,0
2003-07-29,90.3499984741211,90.3499984741211,90.3499984741211,90.3499984741211,90.3499984741211,0
2003-07-30,90.2750015258789,90.2750015258789,90.2750015258789,90.2750015258789,90.2750015258789,0
2003-07-31,90.3499984741211,90.3499984741211,90.3499984741211,90.3499984741211,90.3499984741211,0
2003-08-01,90.80000305175781,90.80000305175781,90.80000305175781,90.80000305175781,90.80000305175781,0
2003-08-04,90.92500305175781,90.92500305175781,90.92500305175781,90.92500305175781,90.92500305175781,0
2003-08-05,90.82499694824219,90.82499694824219,90.82499694824219,90.82499694824219,90.82499694824219,0
2003-08-06,91.4749984741211,91.4749984741211,91.4749984741211,91.4749984741211,91.4749984741211,0
2003-08-07,91.3499984741211,91.3499984741211,91.3499984741211,91.3499984741211,91.3499984741211,0
2003-08-08,91.4749984741211,91.4749984741211,91.4749984741211,91.4749984741211,91.4749984741211,0
2003-08-11,91.07499694824219,91.07499694824219,91.07499694824219,91.07499694824219,91.07499694824219,0
2003-08-12,90.94999694824219,90.94999694824219,90.94999694824219,90.94999694824219,90.94999694824219,0
2003-08-13,90.875,90.875,90.875,90.875,90.875,0
2003-08-14,91.7750015258789,91.7750015258789,91.7750015258789,91.7750015258789,91.7750015258789,0
2003-08-15,92.5,92.5,92.5,92.5,92.5,0
2003-08-18,93.1500015258789,93.1500015258789,93.1500015258789,93.1500015258789,93.1500015258789,0
2003-08-19,93.92500305175781,93.92500305175781,93.92500305175781,93.92500305175781,93.92500305175781,0
2003-08-20,94.92500305175781,94.92500305175781,94.92500305175781,94.92500305175781,94.92500305175781,0
2003-08-21,95.67500305175781,95.67500305175781,95.67500305175781,95.67500305175781,95.67500305175781,0
2003-08-22,96.2249984741211,96.2249984741211,96.2249984741211,96.2249984741211,96.2249984741211,0
2003-08-25,96.55000305175781,96.55000305175781,96.55000305175781,96.55000305175781,96.55000305175781,0
2003-08-26,96.8499984741211,96.8499984741211,96.8499984741211,96.8499984741211,96.8499984741211,0
2003-08-27,97.05000305175781,97.05000305175781,97.05000305175781,97.05000305175781,97.05000305175781,0
2003-08-28,97.125,97.125,97.125,97.125,97.125,0
2003-08-29,96.93000030517578,96.93000030517578,96.93000030517578,96.93000030517578,96.93000030517578,0
2003-09-02,96.42500305175781,96.42500305175781,96.42500305175781,96.42500305175781,96.42500305175781,0
2003-09-03,97.44999694824219,97.44999694824219,97.44999694824219,97.44999694824219,97.44999694824219,0
2003-09-04,97.17500305175781,97.17500305175781,97.17500305175781,97.17500305175781,97.17500305175781,0
2003-09-05,97.1500015258789,97.1500015258789,97.1500015258789,97.1500015258789,97.1500015258789,0
2003-09-08,98.375,98.375,98.375,98.375,98.375,0
2003-09-09,98.80000305175781,98.80000305175781,98.80000305175781,98.80000305175781,98.80000305175781,0
2003-09-10,99.0,99.0,99.0,99.0,99.0,0
2003-09-11,100.375,100.375,100.375,100.375,100.375,0
2003-09-12,100.5,100.5,100.5,100.5,100.5,0
2003-09-15,100.44999694824219,100.44999694824219,100.44999694824219,100.44999694824219,100.44999694824219,0
2003-09-16,100.67500305175781,100.67500305175781,100.67500305175781,100.67500305175781,100.67500305175781,0
2003-09-17,101.05000305175781,101.05000305175781,101.05000305175781,101.05000305175781,101.05000305175781,0
2003-09-18,100.9000015258789,100.9000015258789,100.9000015258789,100.9000015258789,100.9000015258789,0
2003-09-19,101.19999694824219,101.19999694824219,101.19999694824219,101.19999694824219,101.19999694824219,0
2003-09-22,101.44999694824219,101.44999694824219,101.44999694824219,101.44999694824219,101.44999694824219,0
2003-09-23,101.82499694824219,101.82499694824219,101.82499694824219,101.82499694824219,101.82499694824219,0
2003-09-24,101.94999694824219,101.94999694824219,101.94999694824219,101.94999694824219,101.94999694824219,0
2003-09-25,101.8499984741211,101.8499984741211,101.8499984741211,101.8499984741211,101.8499984741211,0
2003-09-29,99.32499694824219,99.32499694824219,99.32499694824219,99.32499694824219,99.32499694824219,0
2003-09-30,99.375,99.375,99.375,99.375,99.375,0
2003-10-01,100.42500305175781,100.42500305175781,100.42500305175781,100.42500305175781,100.42500305175781,0
2003-10-02,101.57499694824219,101.57499694824219,101.57499694824219,101.57499694824219,101.57499694824219,0
2003-10-03,101.94999694824219,101.94999694824219,101.94999694824219,101.94999694824219,101.94999694824219,0
2003-10-06,102.82499694824219,102.82499694824219,102.82499694824219,102.82499694824219,102.82499694824219,0
2003-10-07,104.30000305175781,104.30000305175781,104.30000305175781,104.30000305175781,104.30000305175781,0
2003-10-08,105.80000305175781,105.80000305175781,105.80000305175781,105.80000305175781,105.80000305175781,0
2003-10-09,105.82499694824219,105.82499694824219,105.82499694824219,105.82499694824219,105.82499694824219,0
2003-10-10,107.17500305175781,107.17500305175781,107.17500305175781,107.17500305175781,107.17500305175781,0
2003-10-13,108.67500305175781,108.67500305175781,108.67500305175781,108.67500305175781,108.67500305175781,0
2003-10-14,107.30000305175781,107.30000305175781,107.30000305175781,107.30000305175781,107.30000305175781,0
2003-10-15,106.82499694824219,106.82499694824219,106.82499694824219,106.82499694824219,106.82499694824219,0
2003-10-16,105.625,105.625,105.625,105.625,105.625,0
2003-10-17,106.0,106.0,106.0,106.0,106.0,0
2003-10-20,104.5,104.5,104.5,104.5,104.5,0
2003-10-21,103.07499694824219,103.07499694824219,103.07499694824219,103.07499694824219,103.07499694824219,0
2003-10-22,101.57499694824219,101.57499694824219,101.57499694824219,101.57499694824219,101.57499694824219,0
2003-10-23,102.125,102.125,102.125,102.125,102.125,0
2003-10-24,103.625,103.625,103.625,103.625,103.625,0
2003-10-27,105.125,105.125,105.125,105.125,105.125,0
2003-10-28,106.3499984741211,106.3499984741211,106.3499984741211,106.3499984741211,106.3499984741211,0
2003-10-29,106.94999694824219,106.94999694824219,106.94999694824219,106.94999694824219,106.94999694824219,0
2003-10-30,107.30000305175781,107.30000305175781,107.30000305175781,107.30000305175781,107.30000305175781,0
2003-11-03,102.19999694824219,102.19999694824219,102.19999694824219,102.19999694824219,102.19999694824219,0
2003-11-04,101.94999694824219,101.94999694824219,101.94999694824219,101.94999694824219,101.94999694824219,0
2003-11-05,103.2249984741211,103.2249984741211,103.2249984741211,103.2249984741211,103.2249984741211,0
2003-11-06,104.4000015258789,104.4000015258789,104.4000015258789,104.4000015258789,104.4000015258789,0
2003-11-07,103.92500305175781,103.92500305175781,103.92500305175781,103.92500305175781,103.92500305175781,0
2003-11-10,104.25,104.25,104.25,104.25,104.25,0
2003-11-11,102.8499984741211,102.8499984741211,102.8499984741211,102.8499984741211,102.8499984741211,0
2003-11-12,101.3499984741211,101.3499984741211,101.3499984741211,101.3499984741211,101.3499984741211,0
2003-11-13,102.6500015258789,102.6500015258789,102.6500015258789,102.6500015258789,102.6500015258789,0
2003-11-14,102.82499694824219,102.82499694824219,102.82499694824219,102.82499694824219,102.82499694824219,0
2003-11-17,102.80000305175781,102.80000305175781,102.80000305175781,102.80000305175781,102.80000305175781,0
2003-11-18,103.0999984741211,103.0999984741211,103.0999984741211,103.0999984741211,103.0999984741211,0
2003-11-19,103.1500015258789,103.1500015258789,103.1500015258789,103.1500015258789,103.1500015258789,0
2003-11-20,103.67500305175781,103.67500305175781,103.67500305175781,103.67500305175781,103.67500305175781,0
2003-11-21,103.58000183105469,103.58000183105469,103.58000183105469,103.58000183105469,103.58000183105469,0
2003-11-24,96.92500305175781,96.92500305175781,96.92500305175781,96.92500305175781,96.92500305175781,0
2003-11-25,97.75,97.75,97.75,97.75,97.75,0
2003-11-26,98.7249984741211,98.7249984741211,98.7249984741211,98.7249984741211,98.7249984741211,0
2003-11-28,99.375,99.375,99.375,99.375,99.375,0
2003-12-01,100.69999694824219,100.69999694824219,100.69999694824219,100.69999694824219,100.69999694824219,0
2003-12-02,101.8499984741211,101.8499984741211,101.8499984741211,101.8499984741211,101.8499984741211,0
2003-12-03,100.3499984741211,100.3499984741211,100.3499984741211,100.3499984741211,100.3499984741211,0
2003-12-04,98.8499984741211,98.8499984741211,98.8499984741211,98.8499984741211,98.8499984741211,0
2003-12-08,97.94999694824219,97.94999694824219,97.94999694824219,97.94999694824219,97.94999694824219,0
2003-12-09,96.44999694824219,96.44999694824219,96.44999694824219,96.44999694824219,96.44999694824219,0
2003-12-10,94.94999694824219,94.94999694824219,94.94999694824219,94.94999694824219,94.94999694824219,0
2003-12-11,95.17500305175781,95.17500305175781,95.17500305175781,95.17500305175781,95.17500305175781,0
2003-12-12,94.55000305175781,94.55000305175781,94.55000305175781,94.55000305175781,94.55000305175781,0
2003-12-15,95.75,95.75,95.75,95.75,95.75,0
2003-12-16,94.69999694824219,94.69999694824219,94.69999694824219,94.69999694824219,94.69999694824219,0
2003-12-17,94.8499984741211,94.8499984741211,94.8499984741211,94.8499984741211,94.8499984741211,0
2003-12-18,93.4000015258789,93.4000015258789,93.4000015258789,93.4000015258789,93.4000015258789,0
2003-12-19,94.2249984741211,94.2249984741211,94.2249984741211,94.2249984741211,94.2249984741211,0
2003-12-22,95.17500305175781,95.17500305175781,95.17500305175781,95.17500305175781,95.17500305175781,0
2003-12-23,95.2249984741211,95.2249984741211,95.2249984741211,95.2249984741211,95.2249984741211,0
2003-12-24,93.7249984741211,93.7249984741211,93.7249984741211,93.7249984741211,93.7249984741211,0
2003-12-26,90.7249984741211,90.7249984741211,90.7249984741211,90.7249984741211,90.7249984741211,0
2003-12-29,85.7249984741211,85.7249984741211,85.7249984741211,85.7249984741211,85.7249984741211,0
2003-12-30,80.7249984741211,80.7249984741211,80.7249984741211,80.7249984741211,80.7249984741211,0
2003-12-31,78.92500305175781,78.92500305175781,78.92500305175781,78.92500305175781,78.92500305175781,0
2004-01-02,81.0999984741211,81.0999984741211,81.0999984741211,81.0999984741211,81.0999984741211,0
2004-01-05,82.5999984741211,82.5999984741211,82.5999984741211,82.5999984741211,82.5999984741211,0
2004-01-06,82.07499694824219,82.07499694824219,82.07499694824219,82.07499694824219,82.07499694824219,0
2004-01-07,83.57499694824219,83.57499694824219,83.57499694824219,83.57499694824219,83.57499694824219,0
2004-01-08,84.7249984741211,84.7249984741211,84.7249984741211,84.7249984741211,84.7249984741211,0
2004-01-09,86.2249984741211,86.2249984741211,86.2249984741211,86.2249984741211,86.2249984741211,0
2004-01-12,86.0,86.0,86.0,86.0,86.0,0
2004-01-13,87.17500305175781,87.17500305175781,87.17500305175781,87.17500305175781,87.17500305175781,0
2004-01-14,88.67500305175781,88.67500305175781,88.67500305175781,88.67500305175781,88.67500305175781,0
2004-01-15,89.19999694824219,89.19999694824219,89.19999694824219,89.19999694824219,89.19999694824219,0
2004-01-16,89.1500015258789,89.1500015258789,89.1500015258789,89.1500015258789,89.1500015258789,0
2004-01-20,90.30000305175781,90.30000305175781,90.30000305175781,90.30000305175781,90.30000305175781,0
2004-01-21,90.55000305175781,90.55000305175781,90.55000305175781,90.55000305175781,90.55000305175781,0
2004-01-22,90.125,90.125,90.125,90.125,90.125,0
2004-01-23,90.0999984741211,90.0999984741211,90.0999984741211,90.0999984741211,90.0999984741211,0
2004-01-26,89.19999694824219,89.19999694824219,89.19999694824219,89.19999694824219,89.19999694824219,0
2004-01-27,89.25,89.25,89.25,89.25,89.25,0
2004-01-28,89.1500015258789,89.1500015258789,89.1500015258789,89.1500015258789,89.1500015258789,0
2004-01-29,88.875,88.875,88.875,88.875,88.875,0
2004-01-30,88.83000183105469,88.83000183105469,88.83000183105469,88.83000183105469,88.83000183105469,0
2004-02-02,84.05000305175781,84.05000305175781,84.05000305175781,84.05000305175781,84.05000305175781,0
2004-02-03,83.7249984741211,83.7249984741211,83.7249984741211,83.7249984741211,83.7249984741211,0
2004-02-04,82.2249984741211,82.2249984741211,82.2249984741211,82.2249984741211,82.2249984741211,0
2004-02-05,83.19999694824219,83.19999694824219,83.19999694824219,83.19999694824219,83.19999694824219,0
2004-02-06,83.1500015258789,83.1500015258789,83.1500015258789,83.1500015258789,83.1500015258789,0
2004-02-09,83.25,83.25,83.25,83.25,83.25,0
2004-02-10,81.94999694824219,81.94999694824219,81.94999694824219,81.94999694824219,81.94999694824219,0
2004-02-11,82.75,82.75,82.75,82.75,82.75,0
2004-02-12,82.8499984741211,82.8499984741211,82.8499984741211,82.8499984741211,82.8499984741211,0
2004-02-13,83.9749984741211,83.9749984741211,83.9749984741211,83.9749984741211,83.9749984741211,0
2004-02-17,84.8499984741211,84.8499984741211,84.8499984741211,84.8499984741211,84.8499984741211,0
2004-02-18,85.30000305175781,85.30000305175781,85.30000305175781,85.30000305175781,85.30000305175781,0
2004-02-19,84.57499694824219,84.57499694824219,84.57499694824219,84.57499694824219,84.57499694824219,0
2004-02-20,84.17500305175781,84.17500305175781,84.17500305175781,84.17500305175781,84.17500305175781,0
2004-02-23,83.9000015258789,83.9000015258789,83.9000015258789,83.9000015258789,83.9000015258789,0
2004-02-24,85.75,85.75,85.75,85.75,85.75,0
2004-02-25,85.9000015258789,85.9000015258789,85.9000015258789,85.9000015258789,85.9000015258789,0
2004-02-26,86.7249984741211,86.7249984741211,86.7249984741211,86.7249984741211,86.7249984741211,0
2004-02-27,86.5,86.5,86.5,86.5,86.5,0
2004-03-01,88.05000305175781,88.05000305175781,88.05000305175781,88.05000305175781,88.05000305175781,0
2004-03-02,87.5,87.5,87.5,87.5,87.5,0
2004-03-03,87.75,87.75,87.75,87.75,87.75,0
2004-03-04,87.17500305175781,87.17500305175781,87.17500305175781,87.17500305175781,87.17500305175781,0
2004-03-05,87.30000305175781,87.30000305175781,87.30000305175781,87.30000305175781,87.30000305175781,0
2004-03-08,87.4000015258789,87.4000015258789,87.4000015258789,87.4000015258789,87.4000015258789,0
2004-03-09,87.94999694824219,87.94999694824219,87.94999694824219,87.94999694824219,87.94999694824219,0
2004-03-10,89.2249984741211,89.2249984741211,89.2249984741211,89.2249984741211,89.2249984741211,0
2004-03-11,89.44999694824219,89.44999694824219,89.44999694824219,89.44999694824219,89.44999694824219,0
2004-03-12,89.80000305175781,89.80000305175781,89.80000305175781,89.80000305175781,89.80000305175781,0
2004-03-15,89.8499984741211,89.8499984741211,89.8499984741211,89.8499984741211,89.8499984741211,0
2004-03-16,90.5,90.5,90.5,90.5,90.5,0
2004-03-17,90.5,90.5,90.5,90.5,90.5,0
2004-03-18,90.4000015258789,90.4000015258789,90.4000015258789,90.4000015258789,90.4000015258789,0
2004-03-19,90.55000305175781,90.55000305175781,90.55000305175781,90.55000305175781,90.55000305175781,0
2004-03-22,90.4000015258789,90.4000015258789,90.4000015258789,90.4000015258789,90.4000015258789,0
2004-03-23,90.5250015258789,90.5250015258789,90.5250015258789,90.5250015258789,90.5250015258789,0
2004-03-24,90.4749984741211,90.4749984741211,90.4749984741211,90.4749984741211,90.4749984741211,0
2004-03-25,90.625,90.625,90.625,90.625,90.625,0
2004-03-26,90.83999633789062,90.83999633789062,90.83999633789062,90.83999633789062,90.83999633789062,0
2004-03-29,89.0,89.0,89.0,89.0,89.0,0
2004-03-30,89.7249984741211,89.7249984741211,89.7249984741211,89.7249984741211,89.7249984741211,0
2004-03-31,89.5,89.5,89.5,89.5,89.5,0
2004-04-01,89.32499694824219,89.32499694824219,89.32499694824219,89.32499694824219,89.32499694824219,0
2004-04-02,89.4000015258789,89.4000015258789,89.4000015258789,89.4000015258789,89.4000015258789,0
2004-04-05,89.9749984741211,89.9749984741211,89.9749984741211,89.9749984741211,89.9749984741211,0
2004-04-06,90.7249984741211,90.7249984741211,90.7249984741211,90.7249984741211,90.7249984741211,0
2004-04-07,90.55000305175781,90.55000305175781,90.55000305175781,90.55000305175781,90.55000305175781,0
2004-04-08,91.2249984741211,91.2249984741211,91.2249984741211,91.2249984741211,91.2249984741211,0
2004-04-12,92.42500305175781,92.42500305175781,92.42500305175781,92.42500305175781,92.42500305175781,0
2004-04-13,92.3499984741211,92.3499984741211,92.3499984741211,92.3499984741211,92.3499984741211,0
2004-04-14,92.5,92.5,92.5,92.5,92.5,0
2004-04-15,92.44999694824219,92.44999694824219,92.44999694824219,92.44999694824219,92.44999694824219,0
2004-04-16,92.94999694824219,92.94999694824219,92.94999694824219,92.94999694824219,92.94999694824219,0
2004-04-19,93.82499694824219,93.82499694824219,93.82499694824219,93.82499694824219,93.82499694824219,0
2004-04-20,94.32499694824219,94.32499694824219,94.32499694824219,94.32499694824219,94.32499694824219,0
2004-04-21,94.55000305175781,94.55000305175781,94.55000305175781,94.55000305175781,94.55000305175781,0
2004-04-22,94.625,94.625,94.625,94.625,94.625,0
2004-04-23,94.9000015258789,94.9000015258789,94.9000015258789,94.9000015258789,94.9000015258789,0
2004-04-26,95.30000305175781,95.30000305175781,95.30000305175781,95.30000305175781,95.30000305175781,0
2004-04-27,95.57499694824219,95.57499694824219,95.57499694824219,95.57499694824219,95.57499694824219,0
2004-04-28,95.7750015258789,95.7750015258789,95.7750015258789,95.7750015258789,95.7750015258789,0
2004-04-29,96.2249984741211,96.2249984741211,96.2249984741211,96.2249984741211,96.2249984741211,0
2004-05-03,99.75,99.75,99.75,99.75,99.75,0
2004-05-04,100.125,100.125,100.125,100.125,100.125,0
2004-05-05,100.44999694824219,100.44999694824219,100.44999694824219,100.44999694824219,100.44999694824219,0
2004-05-06,101.82499694824219,101.82499694824219,101.82499694824219,101.82499694824219,101.82499694824219,0
2004-05-07,102.42500305175781,102.42500305175781,102.42500305175781,102.42500305175781,102.42500305175781,0
2004-05-10,103.5250015258789,103.5250015258789,103.5250015258789,103.5250015258789,103.5250015258789,0
2004-05-11,103.4000015258789,103.4000015258789,103.4000015258789,103.4000015258789,103.4000015258789,0
2004-05-12,102.67500305175781,102.67500305175781,102.67500305175781,102.67500305175781,102.67500305175781,0
2004-05-13,102.80000305175781,102.80000305175781,102.80000305175781,102.80000305175781,102.80000305175781,0
2004-05-14,103.2249984741211,103.2249984741211,103.2249984741211,103.2249984741211,103.2249984741211,0
2004-05-17,102.82499694824219,102.82499694824219,102.82499694824219,102.82499694824219,102.82499694824219,0
2004-05-18,103.32499694824219,103.32499694824219,103.32499694824219,103.32499694824219,103.32499694824219,0
2004-05-19,104.17500305175781,104.17500305175781,104.17500305175781,104.17500305175781,104.17500305175781,0
2004-05-20,103.9000015258789,103.9000015258789,103.9000015258789,103.9000015258789,103.9000015258789,0
2004-05-21,104.92500305175781,104.92500305175781,104.92500305175781,104.92500305175781,104.92500305175781,0
2004-05-24,105.57499694824219,105.57499694824219,105.57499694824219,105.57499694824219,105.57499694824219,0
2004-05-25,105.69999694824219,105.69999694824219,105.69999694824219,105.69999694824219,105.69999694824219,0
2004-05-26,106.0999984741211,106.0999984741211,106.0999984741211,106.0999984741211,106.0999984741211,0
2004-05-27,106.05000305175781,106.05000305175781,106.05000305175781,106.05000305175781,106.05000305175781,0
2004-05-28,106.04000091552734,106.04000091552734,106.04000091552734,106.04000091552734,106.04000091552734,0
2004-06-01,104.7249984741211,104.7249984741211,104.7249984741211,104.7249984741211,104.7249984741211,0
2004-06-02,107.17500305175781,107.17500305175781,107.17500305175781,107.17500305175781,107.17500305175781,0
2004-06-03,108.07499694824219,108.07499694824219,108.07499694824219,108.07499694824219,108.07499694824219,0
2004-06-04,108.625,108.625,108.625,108.625,108.625,0
2004-06-07,109.67500305175781,109.67500305175781,109.67500305175781,109.67500305175781,109.67500305175781,0
2004-06-08,108.5,108.5,108.5,108.5,108.5,0
2004-06-09,108.375,108.375,108.375,108.375,108.375,0
2004-06-10,107.5,107.5,107.5,107.5,107.5,0
2004-06-11,107.5,107.5,107.5,107.5,107.5,0
2004-06-14,107.25,107.25,107.25,107.25,107.25,0
2004-06-15,106.9749984741211,106.9749984741211,106.9749984741211,106.9749984741211,106.9749984741211,0
2004-06-16,108.80000305175781,108.80000305175781,108.80000305175781,108.80000305175781,108.80000305175781,0
2004-06-17,109.625,109.625,109.625,109.625,109.625,0
2004-06-18,109.80000305175781,109.80000305175781,109.80000305175781,109.80000305175781,109.80000305175781,0
2004-06-21,111.0250015258789,111.0250015258789,111.0250015258789,111.0250015258789,111.0250015258789,0
2004-06-22,111.625,111.625,111.625,111.625,111.625,0
2004-06-23,112.57499694824219,112.57499694824219,112.57499694824219,112.57499694824219,112.57499694824219,0
2004-06-24,113.7249984741211,113.7249984741211,113.7249984741211,113.7249984741211,113.7249984741211,0
2004-06-25,114.1500015258789,114.1500015258789,114.1500015258789,114.1500015258789,114.1500015258789,0
2004-06-28,111.1500015258789,111.1500015258789,111.1500015258789,111.1500015258789,111.1500015258789,0
2004-06-29,112.0250015258789,112.0250015258789,112.0250015258789,112.0250015258789,112.0250015258789,0
2004-06-30,109.4000015258789,109.4000015258789,109.4000015258789,109.4000015258789,109.4000015258789,0
2004-07-01,108.4000015258789,108.4000015258789,108.4000015258789,108.4000015258789,108.4000015258789,0
2004-07-02,108.4000015258789,108.4000015258789,108.4000015258789,108.4000015258789,108.4000015258789,0
2004-07-06,111.4000015258789,111.4000015258789,111.4000015258789,111.4000015258789,111.4000015258789,0
2004-07-07,111.0999984741211,111.0999984741211,111.0999984741211,111.0999984741211,111.0999984741211,0
2004-07-08,110.5999984741211,110.5999984741211,110.5999984741211,110.5999984741211,110.5999984741211,0
2004-07-09,112.55000305175781,112.55000305175781,112.55000305175781,112.55000305175781,112.55000305175781,0
2004-07-12,113.55000305175781,113.55000305175781,113.55000305175781,113.55000305175781,113.55000305175781,0
2004-07-13,113.5250015258789,113.5250015258789,113.5250015258789,113.5250015258789,113.5250015258789,0
2004-07-14,111.625,111.625,111.625,111.625,111.625,0
2004-07-15,108.625,108.625,108.625,108.625,108.625,0
2004-07-16,108.5250015258789,108.5250015258789,108.5250015258789,108.5250015258789,108.5250015258789,0
2004-07-19,109.07499694824219,109.07499694824219,109.07499694824219,109.07499694824219,109.07499694824219,0
2004-07-20,109.1500015258789,109.1500015258789,109.1500015258789,109.1500015258789,109.1500015258789,0
2004-07-21,111.92500305175781,111.92500305175781,111.92500305175781,111.92500305175781,111.92500305175781,0
2004-07-22,114.6500015258789,114.6500015258789,114.6500015258789,114.6500015258789,114.6500015258789,2313
2004-07-23,114.69999694824219,114.69999694824219,114.69999694824219,114.69999694824219,114.69999694824219,1090
2004-07-26,115.30000305175781,115.30000305175781,115.30000305175781,115.30000305175781,115.30000305175781,1244
2004-07-27,115.42500305175781,115.42500305175781,115.42500305175781,115.42500305175781,115.42500305175781,1215
2004-07-28,115.82499694824219,115.82499694824219,115.82499694824219,115.82499694824219,115.82499694824219,970
2004-07-29,115.4749984741211,115.4749984741211,115.4749984741211,115.4749984741211,115.4749984741211,718
2004-07-30,114.6500015258789,114.6500015258789,114.6500015258789,114.6500015258789,114.6500015258789,949
2004-08-02,114.32499694824219,114.32499694824219,114.32499694824219,114.32499694824219,114.32499694824219,1061
2004-08-03,111.55000305175781,111.55000305175781,111.55000305175781,111.55000305175781,111.55000305175781,2231
2004-08-04,113.75,113.75,113.75,113.75,113.75,1256
2004-08-05,113.9749984741211,113.9749984741211,113.9749984741211,113.9749984741211,113.9749984741211,853
2004-08-06,114.05000305175781,114.05000305175781,114.05000305175781,114.05000305175781,114.05000305175781,696
2004-08-09,115.1500015258789,115.1500015258789,115.1500015258789,115.1500015258789,115.1500015258789,838
2004-08-10,115.05000305175781,115.05000305175781,115.05000305175781,115.05000305175781,115.05000305175781,826
2004-08-11,114.42500305175781,114.42500305175781,114.42500305175781,114.42500305175781,114.42500305175781,1067
2004-08-12,114.7750015258789,114.7750015258789,114.7750015258789,114.7750015258789,114.7750015258789,810
2004-08-13,116.55000305175781,116.55000305175781,116.55000305175781,116.55000305175781,116.55000305175781,1067
2004-08-16,117.05000305175781,117.05000305175781,117.05000305175781,117.05000305175781,117.05000305175781,695
2004-08-17,117.2750015258789,117.2750015258789,117.2750015258789,117.2750015258789,117.2750015258789,1079
2004-08-18,117.8499984741211,117.8499984741211,117.8499984741211,117.8499984741211,117.8499984741211,754
2004-08-19,117.7249984741211,117.7249984741211,117.7249984741211,117.7249984741211,117.7249984741211,1655
2004-08-20,118.17500305175781,118.17500305175781,118.17500305175781,118.17500305175781,118.17500305175781,966
2004-08-23,118.5999984741211,118.5999984741211,118.5999984741211,118.5999984741211,118.5999984741211,802
2004-08-24,118.4000015258789,118.4000015258789,118.4000015258789,118.4000015258789,118.4000015258789,997
2004-08-25,118.375,118.375,118.375,118.375,118.375,693
2004-08-26,118.2750015258789,118.2750015258789,118.2750015258789,118.2750015258789,118.2750015258789,537
2004-08-27,118.06999969482422,118.06999969482422,118.06999969482422,118.06999969482422,118.06999969482422,1001
2004-08-30,113.3499984741211,113.3499984741211,113.3499984741211,113.3499984741211,113.3499984741211,1015
2004-08-31,112.4000015258789,112.4000015258789,112.4000015258789,112.4000015258789,112.4000015258789,1118
2004-09-01,110.1500015258789,110.1500015258789,110.1500015258789,110.1500015258789,110.1500015258789,968
2004-09-02,109.625,109.625,109.625,109.625,109.625,805
2004-09-03,109.4000015258789,109.4000015258789,109.4000015258789,109.4000015258789,109.4000015258789,474
2004-09-07,109.5250015258789,109.5250015258789,109.5250015258789,109.5250015258789,109.5250015258789,583
2004-09-08,110.8499984741211,110.8499984741211,110.8499984741211,110.8499984741211,110.8499984741211,700
2004-09-09,110.55000305175781,110.55000305175781,110.55000305175781,110.55000305175781,110.55000305175781,436
2004-09-10,112.30000305175781,112.30000305175781,112.30000305175781,112.30000305175781,112.30000305175781,685
2004-09-13,113.0,113.0,113.0,113.0,113.0,787
2004-09-14,113.55000305175781,113.55000305175781,113.55000305175781,113.55000305175781,113.55000305175781,397
2004-09-15,113.9749984741211,113.9749984741211,113.9749984741211,113.9749984741211,113.9749984741211,415
2004-09-16,114.69999694824219,114.69999694824219,114.69999694824219,114.69999694824219,114.69999694824219,411
2004-09-17,114.6500015258789,114.6500015258789,114.6500015258789,114.6500015258789,114.6500015258789,425
2004-09-20,115.19999694824219,115.19999694824219,115.19999694824219,115.19999694824219,115.19999694824219,148
2004-09-22,114.69999694824219,114.69999694824219,114.69999694824219,114.69999694824219,114.69999694824219,292
2004-09-23,114.82499694824219,114.82499694824219,114.82499694824219,114.82499694824219,114.82499694824219,253
2004-09-24,115.1500015258789,115.1500015258789,115.1500015258789,115.1500015258789,115.1500015258789,390
2004-09-27,114.94999694824219,114.94999694824219,114.94999694824219,114.94999694824219,114.94999694824219,188
2004-09-28,114.875,114.875,114.875,114.875,114.875,162
2004-09-29,114.80000305175781,114.80000305175781,114.80000305175781,114.80000305175781,114.80000305175781,167
2004-09-30,114.625,114.625,114.625,114.625,114.625,1271
2004-10-01,112.5250015258789,112.5250015258789,112.5250015258789,112.5250015258789,112.5250015258789,810
2004-10-04,112.9000015258789,112.9000015258789,112.9000015258789,112.9000015258789,112.9000015258789,906
2004-10-05,113.2249984741211,113.2249984741211,113.2249984741211,113.2249984741211,113.2249984741211,904
2004-10-06,113.0999984741211,113.0999984741211,113.0999984741211,113.0999984741211,113.0999984741211,929
2004-10-07,113.125,113.125,113.125,113.125,113.125,1053
2004-10-08,113.0999984741211,113.0999984741211,113.0999984741211,113.0999984741211,113.0999984741211,680
2004-10-11,113.4749984741211,113.4749984741211,113.4749984741211,113.4749984741211,113.4749984741211,421
2004-10-12,114.25,114.25,114.25,114.25,114.25,1036
2004-10-13,114.0999984741211,114.0999984741211,114.0999984741211,114.0999984741211,114.0999984741211,737
2004-10-14,114.125,114.125,114.125,114.125,114.125,820
2004-10-15,114.125,114.125,114.125,114.125,114.125,675
2004-10-18,113.7750015258789,113.7750015258789,113.7750015258789,113.7750015258789,113.7750015258789,481
2004-10-19,113.4000015258789,113.4000015258789,113.4000015258789,113.4000015258789,113.4000015258789,755
2004-10-20,112.25,112.25,112.25,112.25,112.25,1103
2004-10-21,111.92500305175781,111.92500305175781,111.92500305175781,111.92500305175781,111.92500305175781,505
2004-10-22,113.19999694824219,113.19999694824219,113.19999694824219,113.19999694824219,113.19999694824219,685
2004-10-25,113.44999694824219,113.44999694824219,113.44999694824219,113.44999694824219,113.44999694824219,832
2004-10-26,113.9749984741211,113.9749984741211,113.9749984741211,113.9749984741211,113.9749984741211,514
2004-10-27,114.07499694824219,114.07499694824219,114.07499694824219,114.07499694824219,114.07499694824219,302
2004-10-28,113.9000015258789,113.9000015258789,113.9000015258789,113.9000015258789,113.9000015258789,355
2004-10-29,113.83000183105469,113.83000183105469,113.83000183105469,113.83000183105469,113.83000183105469,2825
2004-11-01,108.69999694824219,108.69999694824219,108.69999694824219,108.69999694824219,108.69999694824219,1864
2004-11-02,108.1500015258789,108.1500015258789,108.1500015258789,108.1500015258789,108.1500015258789,1060
2004-11-03,107.92500305175781,107.92500305175781,107.92500305175781,107.92500305175781,107.92500305175781,1053
2004-11-04,107.42500305175781,107.42500305175781,107.42500305175781,107.42500305175781,107.42500305175781,1075
2004-11-05,107.4000015258789,107.4000015258789,107.4000015258789,107.4000015258789,107.4000015258789,903
2004-11-08,107.44999694824219,107.44999694824219,107.44999694824219,107.44999694824219,107.44999694824219,670
2004-11-09,107.4000015258789,107.4000015258789,107.4000015258789,107.4000015258789,107.4000015258789,464
2004-11-10,108.19999694824219,108.19999694824219,108.19999694824219,108.19999694824219,108.19999694824219,783
2004-11-11,108.42500305175781,108.42500305175781,108.42500305175781,108.42500305175781,108.42500305175781,778
2004-11-12,107.92500305175781,107.92500305175781,107.92500305175781,107.92500305175781,107.92500305175781,445
2004-11-15,108.19999694824219,108.19999694824219,108.19999694824219,108.19999694824219,108.19999694824219,497
2004-11-16,108.2750015258789,108.2750015258789,108.2750015258789,108.2750015258789,108.2750015258789,390
2004-11-17,108.375,108.375,108.375,108.375,108.375,365
2004-11-18,108.2750015258789,108.2750015258789,108.2750015258789,108.2750015258789,108.2750015258789,2230
2004-11-22,99.5250015258789,99.5250015258789,99.5250015258789,99.5250015258789,99.5250015258789,2111
2004-11-23,99.7249984741211,99.7249984741211,99.7249984741211,99.7249984741211,99.7249984741211,2142
2004-11-24,102.2750015258789,102.2750015258789,102.2750015258789,102.2750015258789,102.2750015258789,2440
2004-11-26,102.9000015258789,102.9000015258789,102.9000015258789,102.9000015258789,102.9000015258789,1188
2004-11-29,104.05000305175781,104.05000305175781,104.05000305175781,104.05000305175781,104.05000305175781,1924
2004-11-30,103.94999694824219,103.94999694824219,103.94999694824219,103.94999694824219,103.94999694824219,1926
2004-12-01,103.2750015258789,103.2750015258789,103.2750015258789,103.2750015258789,103.2750015258789,1751
2004-12-02,102.0999984741211,102.0999984741211,102.0999984741211,102.0999984741211,102.0999984741211,1858
2004-12-03,101.9000015258789,101.9000015258789,101.9000015258789,101.9000015258789,101.9000015258789,1256
2004-12-06,101.4000015258789,101.4000015258789,101.4000015258789,101.4000015258789,101.4000015258789,1479
2004-12-07,101.0250015258789,101.0250015258789,101.0250015258789,101.0250015258789,101.0250015258789,1238
2004-12-08,102.42500305175781,102.42500305175781,102.42500305175781,102.42500305175781,102.42500305175781,1801
2004-12-09,100.8499984741211,100.8499984741211,100.8499984741211,100.8499984741211,100.8499984741211,1748
2004-12-10,100.57499694824219,100.57499694824219,100.57499694824219,100.57499694824219,100.57499694824219,1309
2004-12-13,101.0999984741211,101.0999984741211,101.0999984741211,101.0999984741211,101.0999984741211,1509
2004-12-14,100.30000305175781,100.30000305175781,100.30000305175781,100.30000305175781,100.30000305175781,1033
2004-12-15,102.07499694824219,102.07499694824219,102.07499694824219,102.07499694824219,102.07499694824219,1949
2004-12-16,101.7750015258789,101.7750015258789,101.7750015258789,101.7750015258789,101.7750015258789,799
2004-12-17,103.25,103.25,103.25,103.25,103.25,1983
2004-12-20,103.32499694824219,103.32499694824219,103.32499694824219,103.32499694824219,103.32499694824219,1354
2004-12-21,105.30000305175781,105.30000305175781,105.30000305175781,105.30000305175781,105.30000305175781,2063
2004-12-22,104.7249984741211,104.7249984741211,104.7249984741211,104.7249984741211,104.7249984741211,1467
2004-12-23,105.19999694824219,105.19999694824219,105.19999694824219,105.19999694824219,105.19999694824219,775
2004-12-27,105.82499694824219,105.82499694824219,105.82499694824219,105.82499694824219,105.82499694824219,992
2004-12-28,104.94999694824219,104.94999694824219,104.94999694824219,104.94999694824219,104.94999694824219,1217
2004-12-29,103.05000305175781,103.05000305175781,103.05000305175781,103.05000305175781,103.05000305175781,1377
2004-12-30,101.80000305175781,101.80000305175781,101.80000305175781,101.80000305175781,101.80000305175781,1450
2004-12-31,101.80000305175781,101.80000305175781,101.80000305175781,101.80000305175781,101.80000305175781,7
2005-01-03,102.3499984741211,102.3499984741211,102.44999694824219,102.42500305175781,102.44999694824219,997
2005-01-04,104.7750015258789,104.7750015258789,104.7750015258789,104.7750015258789,104.7750015258789,1410
2005-01-05,104.1500015258789,104.1500015258789,104.1500015258789,104.1500015258789,104.1500015258789,835
2005-01-06,103.19999694824219,103.19999694824219,103.19999694824219,103.19999694824219,103.19999694824219,809
2005-01-07,103.80000305175781,103.80000305175781,103.80000305175781,103.80000305175781,103.80000305175781,1116
2005-01-10,104.82499694824219,104.82499694824219,104.82499694824219,104.82499694824219,104.82499694824219,1087
2005-01-11,105.6500015258789,105.6500015258789,105.6500015258789,105.6500015258789,105.6500015258789,1229
2005-01-12,105.75,105.75,105.75,105.75,105.75,660
2005-01-13,106.1500015258789,106.1500015258789,106.1500015258789,106.1500015258789,106.1500015258789,473
2005-01-14,105.8499984741211,105.8499984741211,105.8499984741211,105.8499984741211,105.8499984741211,299
2005-01-18,107.19999694824219,107.19999694824219,107.19999694824219,107.19999694824219,107.19999694824219,885
2005-01-19,106.25,106.25,106.69999694824219,106.42500305175781,106.6500015258789,858
2005-01-20,106.19999694824219,106.19999694824219,106.19999694824219,106.19999694824219,106.19999694824219,669
2005-01-21,105.7249984741211,105.7249984741211,105.7249984741211,105.7249984741211,105.7249984741211,671
2005-01-24,104.55000305175781,104.55000305175781,104.55000305175781,104.55000305175781,104.55000305175781,1497
2005-01-25,104.5,104.5,104.5,104.5,104.5,597
2005-01-26,104.30000305175781,104.30000305175781,104.30000305175781,104.30000305175781,104.30000305175781,411
2005-01-27,104.17500305175781,104.17500305175781,104.17500305175781,104.17500305175781,104.17500305175781,291
2005-01-28,103.9800033569336,103.9800033569336,103.9800033569336,103.9800033569336,103.9800033569336,1447
2005-01-31,100.5250015258789,100.5250015258789,100.4000015258789,99.5999984741211,99.5999984741211,1535
2005-02-01,100.92500305175781,100.92500305175781,101.0,100.55000305175781,100.55000305175781,974
2005-02-02,99.94999694824219,99.94999694824219,101.0999984741211,100.8499984741211,100.8499984741211,1385
2005-02-03,99.80000305175781,99.80000305175781,99.9749984741211,99.44999694824219,99.69999694824219,2287
2005-02-04,99.2750015258789,99.2750015258789,99.67500305175781,99.67500305175781,99.67500305175781,1332
2005-02-07,99.8499984741211,99.8499984741211,100.2249984741211,99.69999694824219,99.69999694824219,1618
2005-02-08,100.9000015258789,100.9000015258789,101.19999694824219,100.8499984741211,100.8499984741211,2290
2005-02-09,100.92500305175781,100.92500305175781,101.0999984741211,100.9000015258789,100.94999694824219,1905
2005-02-10,99.5999984741211,99.5999984741211,100.75,100.0,100.75,2823
2005-02-11,100.1500015258789,100.1500015258789,100.0250015258789,99.80000305175781,99.9000015258789,1850
2005-02-14,100.125,100.125,100.1500015258789,99.80000305175781,100.1500015258789,1547
2005-02-15,100.25,100.25,100.125,99.92500305175781,99.9749984741211,1015
2005-02-16,100.7249984741211,100.7249984741211,100.6500015258789,100.30000305175781,100.4000015258789,1144
2005-02-17,100.625,100.625,101.0,100.5250015258789,100.57499694824219,1312
2005-02-18,98.30000305175781,98.30000305175781,99.94999694824219,98.6500015258789,99.94999694824219,2270
2005-02-22,98.5,98.5,99.0,98.19999694824219,98.19999694824219,1927
2005-02-23,98.7249984741211,98.7249984741211,98.69999694824219,98.5999984741211,98.69999694824219,1254
2005-02-24,99.07499694824219,99.07499694824219,99.07499694824219,99.07499694824219,99.07499694824219,725
2005-02-25,98.4000015258789,98.4000015258789,98.7249984741211,97.94999694824219,98.7249984741211,1178
2005-02-28,99.1500015258789,99.1500015258789,99.42500305175781,99.19999694824219,99.19999694824219,1215
2005-03-01,99.9749984741211,99.9749984741211,100.125,99.5,99.5,1485
2005-03-02,100.32499694824219,100.32499694824219,100.375,99.25,100.375,1691
2005-03-03,102.625,102.625,101.94999694824219,101.80000305175781,101.80000305175781,1648
2005-03-04,102.67500305175781,102.67500305175781,102.6500015258789,102.4749984741211,102.4749984741211,1033
2005-03-07,103.0999984741211,103.0999984741211,103.1500015258789,103.125,103.1500015258789,524
2005-03-08,103.92500305175781,103.92500305175781,103.7249984741211,103.19999694824219,103.19999694824219,1676
2005-03-09,105.875,105.875,104.9000015258789,104.30000305175781,104.30000305175781,2020
2005-03-10,105.55000305175781,105.55000305175781,105.55000305175781,105.55000305175781,105.55000305175781,760
2005-03-11,104.9000015258789,104.9000015258789,104.9000015258789,104.9000015258789,104.9000015258789,1101
2005-03-14,105.3499984741211,105.3499984741211,105.0250015258789,104.5250015258789,104.57499694824219,454
2005-03-15,106.07499694824219,106.07499694824219,105.9749984741211,105.9749984741211,105.9749984741211,609
2005-03-16,106.05000305175781,106.05000305175781,106.05000305175781,106.05000305175781,106.05000305175781,290
2005-03-17,105.9000015258789,105.9000015258789,105.7750015258789,105.7750015258789,105.7750015258789,659
2005-03-18,105.625,105.625,105.625,105.625,105.625,389
2005-03-21,106.0250015258789,106.0250015258789,105.7249984741211,105.7249984741211,105.7249984741211,353
2005-03-22,106.32499694824219,106.32499694824219,106.19999694824219,106.17500305175781,106.19999694824219,463
2005-03-23,106.32499694824219,106.32499694824219,106.32499694824219,106.32499694824219,106.32499694824219,648
2005-03-24,106.3499984741211,106.3499984741211,106.4000015258789,106.4000015258789,106.4000015258789,568
2005-03-28,106.1500015258789,106.1500015258789,106.05000305175781,106.05000305175781,106.05000305175781,1443
2005-03-29,106.9000015258789,106.9000015258789,106.80000305175781,106.80000305175781,106.80000305175781,1162
2005-03-30,106.4000015258789,106.4000015258789,106.4000015258789,106.4000015258789,106.4000015258789,1486
2005-03-31,107.67500305175781,107.67500305175781,107.4749984741211,107.4749984741211,107.4749984741211,1726
2005-04-01,109.0999984741211,109.0999984741211,108.5250015258789,108.1500015258789,108.1500015258789,2013
2005-04-04,108.7750015258789,108.7750015258789,109.55000305175781,109.25,109.55000305175781,810
2005-04-05,108.80000305175781,108.80000305175781,109.05000305175781,108.67500305175781,109.05000305175781,577
2005-04-06,107.92500305175781,107.92500305175781,108.375,108.17500305175781,108.375,888
2005-04-07,107.875,107.875,107.875,107.875,107.875,292
2005-04-08,108.42500305175781,108.42500305175781,108.30000305175781,108.30000305175781,108.30000305175781,448
2005-04-11,108.4749984741211,108.4749984741211,108.4749984741211,108.4749984741211,108.4749984741211,599
2005-04-12,109.17500305175781,109.17500305175781,109.17500305175781,109.17500305175781,109.17500305175781,504
2005-04-13,108.94999694824219,108.94999694824219,108.94999694824219,108.94999694824219,108.94999694824219,527
2005-04-14,109.30000305175781,109.30000305175781,109.30000305175781,109.30000305175781,109.30000305175781,406
2005-04-15,109.69999694824219,109.69999694824219,109.69999694824219,109.69999694824219,109.69999694824219,385
2005-04-18,111.4000015258789,111.4000015258789,111.4000015258789,111.4000015258789,111.4000015258789,1167
2005-04-19,110.8499984741211,110.8499984741211,110.8499984741211,110.8499984741211,110.8499984741211,1187
2005-04-20,110.94999694824219,110.94999694824219,110.94999694824219,110.94999694824219,110.94999694824219,327
2005-04-21,110.375,110.375,110.375,110.375,110.375,320
2005-04-22,110.4749984741211,110.4749984741211,110.4749984741211,110.4749984741211,110.4749984741211,276
2005-04-25,111.25,111.25,111.25,111.25,111.25,687
2005-04-26,111.57499694824219,111.57499694824219,111.57499694824219,111.57499694824219,111.57499694824219,397
2005-04-27,111.5999984741211,111.5999984741211,111.5999984741211,111.5999984741211,111.5999984741211,228
2005-04-28,111.6500015258789,111.6500015258789,111.6500015258789,111.6500015258789,111.6500015258789,771
2005-04-29,108.67500305175781,108.67500305175781,108.67500305175781,108.67500305175781,108.67500305175781,1055
2005-05-02,108.5250015258789,108.5250015258789,108.5250015258789,108.5250015258789,108.5250015258789,809
2005-05-03,110.05000305175781,110.05000305175781,110.05000305175781,110.05000305175781,110.05000305175781,2865
2005-05-04,109.5999984741211,109.5999984741211,109.5999984741211,109.5999984741211,109.5999984741211,943
2005-05-05,110.42500305175781,110.42500305175781,110.42500305175781,110.42500305175781,110.42500305175781,1550
2005-05-06,110.2249984741211,110.2249984741211,110.2249984741211,110.2249984741211,110.2249984741211,993
2005-05-09,111.07499694824219,111.07499694824219,111.07499694824219,111.07499694824219,111.07499694824219,1394
2005-05-10,111.3499984741211,111.3499984741211,111.3499984741211,111.3499984741211,111.3499984741211,1700
2005-05-11,111.57499694824219,111.57499694824219,111.57499694824219,111.57499694824219,111.57499694824219,975
2005-05-12,111.5,111.5,111.5,111.5,111.5,1428
2005-05-13,111.42500305175781,111.42500305175781,111.42500305175781,111.42500305175781,111.42500305175781,1103
2005-05-16,111.5,111.5,111.5,111.5,111.5,490
2005-05-17,111.92500305175781,111.92500305175781,111.92500305175781,111.92500305175781,111.92500305175781,647
2005-05-18,111.5999984741211,111.5999984741211,111.5999984741211,111.5999984741211,111.5999984741211,755
2005-05-19,111.75,111.75,111.75,111.75,111.75,752
2005-05-20,111.4749984741211,111.4749984741211,111.4749984741211,111.4749984741211,111.4749984741211,445
2005-05-23,111.2249984741211,111.2249984741211,111.2249984741211,111.2249984741211,111.2249984741211,425
2005-05-24,111.32499694824219,111.32499694824219,111.32499694824219,111.32499694824219,111.32499694824219,630
2005-05-25,111.0250015258789,111.0250015258789,111.0250015258789,111.0250015258789,111.0250015258789,361
2005-05-26,111.0999984741211,111.0999984741211,111.0999984741211,111.0999984741211,111.0999984741211,518
2005-05-27,111.13999938964844,111.13999938964844,111.13999938964844,111.13999938964844,111.13999938964844,1379
2005-05-31,112.67500305175781,112.67500305175781,112.67500305175781,112.67500305175781,112.67500305175781,2902
2005-06-01,111.80000305175781,111.80000305175781,111.80000305175781,111.80000305175781,111.80000305175781,2336
2005-06-02,111.0999984741211,111.0999984741211,111.0999984741211,111.0999984741211,111.0999984741211,2612
2005-06-03,111.69999694824219,111.69999694824219,111.69999694824219,111.69999694824219,111.69999694824219,1936
2005-06-06,113.25,113.25,111.30000305175781,111.30000305175781,111.30000305175781,4323
2005-06-07,113.5250015258789,113.5250015258789,113.5250015258789,113.5250015258789,113.5250015258789,2748
2005-06-08,112.80000305175781,112.80000305175781,112.80000305175781,112.80000305175781,112.80000305175781,2182
2005-06-09,111.19999694824219,111.19999694824219,111.19999694824219,111.19999694824219,111.19999694824219,3004
2005-06-10,111.25,111.25,111.25,111.25,111.25,1865
2005-06-13,108.4749984741211,108.4749984741211,108.4749984741211,108.4749984741211,108.4749984741211,4112
2005-06-14,109.25,109.25,109.25,109.25,109.25,2628
2005-06-15,108.75,108.75,108.75,108.75,108.75,2514
2005-06-16,107.8499984741211,107.8499984741211,107.8499984741211,107.8499984741211,107.8499984741211,2742
2005-06-17,107.57499694824219,107.57499694824219,107.57499694824219,107.57499694824219,107.57499694824219,3039
2005-06-20,108.6500015258789,108.6500015258789,108.6500015258789,108.6500015258789,108.6500015258789,2392
2005-06-21,108.55000305175781,108.55000305175781,108.55000305175781,108.55000305175781,108.55000305175781,1603
2005-06-22,108.80000305175781,108.80000305175781,108.80000305175781,108.80000305175781,108.80000305175781,1455
2005-06-23,108.9000015258789,108.9000015258789,108.9000015258789,108.9000015258789,108.9000015258789,2023
2005-06-24,108.44999694824219,108.44999694824219,108.44999694824219,108.44999694824219,108.44999694824219,1740
2005-06-27,109.625,109.625,109.625,109.625,109.625,3175
2005-06-28,109.5999984741211,109.5999984741211,109.5999984741211,109.5999984741211,109.5999984741211,2203
2005-06-29,109.3499984741211,109.3499984741211,109.3499984741211,109.3499984741211,109.3499984741211,1410
2005-06-30,109.42500305175781,109.42500305175781,109.42500305175781,109.42500305175781,109.42500305175781,1385
2005-07-01,110.30000305175781,110.30000305175781,110.0,110.0,110.0,1839
2005-07-05,110.7249984741211,110.7249984741211,110.7249984741211,110.7249984741211,110.7249984741211,1497
2005-07-06,111.6500015258789,111.6500015258789,111.6500015258789,111.6500015258789,111.6500015258789,2139
2005-07-07,112.07499694824219,112.07499694824219,112.07499694824219,112.07499694824219,112.07499694824219,3095
2005-07-08,111.9749984741211,111.9749984741211,111.9749984741211,111.9749984741211,111.9749984741211,3146
2005-07-11,110.125,110.125,110.125,110.125,110.125,3054
2005-07-12,109.6500015258789,109.6500015258789,109.6500015258789,109.6500015258789,109.6500015258789,2097
2005-07-13,109.55000305175781,109.55000305175781,109.55000305175781,109.55000305175781,109.55000305175781,2409
2005-07-14,108.125,108.125,108.125,108.125,108.125,2848
2005-07-15,106.1500015258789,106.1500015258789,106.1500015258789,106.1500015258789,106.1500015258789,4168
2005-07-18,106.19999694824219,106.19999694824219,106.19999694824219,106.19999694824219,106.19999694824219,2154
2005-07-19,107.44999694824219,107.44999694824219,107.44999694824219,107.44999694824219,107.44999694824219,2439
2005-07-20,107.55000305175781,107.55000305175781,107.55000305175781,107.55000305175781,107.55000305175781,2635
2005-07-21,107.875,107.875,107.875,107.875,107.875,1970
2005-07-22,107.6500015258789,107.6500015258789,107.6500015258789,107.6500015258789,107.6500015258789,1077
2005-07-25,107.0999984741211,107.0999984741211,107.0999984741211,107.0999984741211,107.0999984741211,1530
2005-07-26,107.25,107.25,107.25,107.25,107.25,1652
2005-07-27,107.125,107.125,107.125,107.125,107.125,1190
2005-07-28,107.57499694824219,107.57499694824219,107.57499694824219,107.57499694824219,107.57499694824219,1049
2005-07-29,109.2249984741211,109.2249984741211,109.2249984741211,109.2249984741211,109.2249984741211,2002
2005-08-01,109.32499694824219,109.32499694824219,109.32499694824219,109.32499694824219,109.32499694824219,1396
2005-08-02,109.57499694824219,109.57499694824219,109.57499694824219,109.57499694824219,109.57499694824219,1505
2005-08-03,110.0250015258789,110.0250015258789,110.0250015258789,110.0250015258789,110.0250015258789,2038
2005-08-04,109.42500305175781,109.42500305175781,109.42500305175781,109.42500305175781,109.42500305175781,1216
2005-08-05,110.4000015258789,110.4000015258789,110.4000015258789,110.4000015258789,110.4000015258789,1326
2005-08-08,109.5,109.5,109.5,109.5,109.5,1016
2005-08-09,109.0999984741211,109.0999984741211,109.0999984741211,109.0999984741211,109.0999984741211,1457
2005-08-10,109.05000305175781,109.05000305175781,109.05000305175781,109.05000305175781,109.05000305175781,1025
2005-08-11,109.7750015258789,109.7750015258789,109.7750015258789,109.7750015258789,109.7750015258789,1351
2005-08-12,109.2750015258789,109.2750015258789,109.2750015258789,109.2750015258789,109.2750015258789,950
2005-08-15,109.67500305175781,109.67500305175781,109.67500305175781,109.67500305175781,109.67500305175781,915
2005-08-16,109.92500305175781,109.92500305175781,109.92500305175781,109.92500305175781,109.92500305175781,567
2005-08-17,110.25,110.25,110.25,110.25,110.25,798
2005-08-18,110.375,110.375,110.375,110.375,110.375,858
2005-08-19,110.5999984741211,110.5999984741211,110.5999984741211,110.5999984741211,110.5999984741211,1483
2005-08-22,110.67500305175781,110.67500305175781,110.67500305175781,110.67500305175781,110.67500305175781,763
2005-08-23,111.1500015258789,111.1500015258789,111.1500015258789,111.1500015258789,111.1500015258789,749
2005-08-24,111.30000305175781,111.30000305175781,111.30000305175781,111.30000305175781,111.30000305175781,756
2005-08-25,111.30000305175781,111.30000305175781,111.30000305175781,111.30000305175781,111.30000305175781,603
2005-08-26,111.38999938964844,111.38999938964844,111.38999938964844,111.38999938964844,111.38999938964844,956
2005-08-29,112.375,112.375,112.375,112.375,112.375,1407
2005-08-30,111.5999984741211,111.5999984741211,111.5999984741211,111.5999984741211,111.5999984741211,1044
2005-08-31,111.7750015258789,111.7750015258789,111.7750015258789,111.7750015258789,111.7750015258789,690
2005-09-01,109.94999694824219,109.94999694824219,109.94999694824219,109.94999694824219,109.94999694824219,1074
2005-09-02,110.80000305175781,110.80000305175781,110.80000305175781,110.80000305175781,110.80000305175781,718
2005-09-06,111.82499694824219,111.82499694824219,111.82499694824219,111.82499694824219,111.82499694824219,959
2005-09-07,112.0,112.0,112.0,112.0,112.0,500
2005-09-08,113.44999694824219,113.44999694824219,113.44999694824219,113.44999694824219,113.44999694824219,1363
2005-09-09,114.57499694824219,114.57499694824219,114.57499694824219,114.57499694824219,114.57499694824219,974
2005-09-12,115.3499984741211,115.3499984741211,115.3499984741211,115.3499984741211,115.3499984741211,707
2005-09-13,114.9000015258789,114.9000015258789,114.9000015258789,114.9000015258789,114.9000015258789,714
2005-09-14,114.9000015258789,114.9000015258789,114.9000015258789,114.9000015258789,114.9000015258789,938
2005-09-15,115.375,115.375,115.375,115.375,115.375,997
2005-09-16,114.875,114.875,114.875,114.875,114.875,315
2005-09-19,115.0999984741211,115.0999984741211,115.0999984741211,115.0999984741211,115.0999984741211,255
2005-09-20,114.4749984741211,114.4749984741211,114.4749984741211,114.4749984741211,114.4749984741211,460
2005-09-21,114.4749984741211,114.4749984741211,114.4749984741211,114.4749984741211,114.4749984741211,361
2005-09-22,115.44999694824219,115.44999694824219,115.44999694824219,115.44999694824219,115.44999694824219,1178
2005-09-23,115.80000305175781,115.80000305175781,115.80000305175781,115.80000305175781,115.80000305175781,549
2005-09-26,115.80000305175781,115.80000305175781,115.80000305175781,115.80000305175781,115.80000305175781,492
2005-09-27,116.0,116.0,116.0,116.0,116.0,382
2005-09-28,116.125,116.125,116.125,116.125,116.125,397
2005-09-29,116.05000305175781,116.05000305175781,116.05000305175781,116.05000305175781,116.05000305175781,980
2005-09-30,116.23999786376953,116.23999786376953,116.23999786376953,116.23999786376953,116.23999786376953,1938
2005-10-03,116.5250015258789,116.5250015258789,116.5250015258789,116.5250015258789,116.5250015258789,1278
2005-10-04,117.57499694824219,117.57499694824219,117.57499694824219,117.57499694824219,117.57499694824219,2264
2005-10-05,117.0999984741211,117.0999984741211,117.0999984741211,117.0999984741211,117.0999984741211,810
2005-10-06,117.57499694824219,117.57499694824219,117.57499694824219,117.57499694824219,117.57499694824219,1333
2005-10-07,118.32499694824219,118.32499694824219,118.32499694824219,118.32499694824219,118.32499694824219,2132
2005-10-10,118.0,118.0,118.0,118.0,118.0,713
2005-10-11,118.69999694824219,118.69999694824219,118.69999694824219,118.69999694824219,118.69999694824219,1502
2005-10-12,118.57499694824219,118.57499694824219,118.57499694824219,118.57499694824219,118.57499694824219,1521
2005-10-13,119.57499694824219,119.57499694824219,119.57499694824219,119.57499694824219,119.57499694824219,1205
2005-10-14,117.67500305175781,117.67500305175781,117.67500305175781,117.67500305175781,117.67500305175781,1727
2005-10-17,117.4749984741211,117.4749984741211,117.4749984741211,117.4749984741211,117.4749984741211,883
2005-10-18,117.2750015258789,117.2750015258789,117.2750015258789,117.2750015258789,117.2750015258789,884
2005-10-19,117.6500015258789,117.6500015258789,117.6500015258789,117.6500015258789,117.6500015258789,980
2005-10-20,116.8499984741211,116.8499984741211,116.8499984741211,116.8499984741211,116.8499984741211,714
2005-10-21,115.94999694824219,115.94999694824219,115.94999694824219,115.94999694824219,115.94999694824219,1710
2005-10-24,115.8499984741211,115.8499984741211,115.8499984741211,115.8499984741211,115.8499984741211,619
2005-10-25,115.75,115.75,115.75,115.75,115.75,1059
2005-10-26,115.80000305175781,115.80000305175781,115.80000305175781,115.80000305175781,115.80000305175781,612
2005-10-27,115.69999694824219,115.69999694824219,115.69999694824219,115.69999694824219,115.69999694824219,839
2005-10-28,115.80000305175781,115.80000305175781,115.80000305175781,115.80000305175781,115.80000305175781,1476
2005-10-31,115.8499984741211,115.8499984741211,115.8499984741211,115.8499984741211,115.8499984741211,2107
2005-11-01,115.4749984741211,115.4749984741211,115.4749984741211,115.4749984741211,115.4749984741211,2494
2005-11-02,115.5250015258789,115.5250015258789,115.5250015258789,115.5250015258789,115.5250015258789,1308
2005-11-03,116.07499694824219,116.07499694824219,116.07499694824219,116.07499694824219,116.07499694824219,1307
2005-11-04,116.07499694824219,116.07499694824219,116.07499694824219,116.07499694824219,116.07499694824219,812
2005-11-07,116.0250015258789,116.0250015258789,116.0250015258789,116.0250015258789,116.0250015258789,516
2005-11-08,115.69999694824219,115.69999694824219,115.69999694824219,115.69999694824219,115.69999694824219,925
2005-11-09,115.30000305175781,115.30000305175781,115.30000305175781,115.30000305175781,115.30000305175781,1038
2005-11-10,115.19999694824219,115.19999694824219,115.19999694824219,115.19999694824219,115.19999694824219,1372
2005-11-11,115.05000305175781,115.05000305175781,115.05000305175781,115.05000305175781,115.05000305175781,1341
2005-11-14,115.80000305175781,115.80000305175781,115.80000305175781,115.80000305175781,115.80000305175781,1496
2005-11-15,116.375,116.375,116.375,116.375,116.375,1323
2005-11-16,116.4749984741211,116.4749984741211,116.4749984741211,116.4749984741211,116.4749984741211,1013
2005-11-17,116.5250015258789,116.5250015258789,116.5250015258789,116.5250015258789,116.5250015258789,899
2005-11-18,116.55999755859375,116.55999755859375,116.55999755859375,116.55999755859375,116.55999755859375,1330
2005-11-21,112.67500305175781,112.67500305175781,113.0,113.0,113.0,1794
2005-11-22,113.17500305175781,113.17500305175781,113.17500305175781,113.17500305175781,113.17500305175781,885
2005-11-23,114.4000015258789,114.4000015258789,114.55000305175781,114.5,114.5,1524
2005-11-25,116.0250015258789,116.0250015258789,115.5,115.0,115.0,2859
2005-11-28,116.94999694824219,116.94999694824219,116.7750015258789,116.7750015258789,116.7750015258789,2499
2005-11-29,117.19999694824219,117.19999694824219,117.0,117.0,117.0,1270
2005-11-30,116.9000015258789,116.9000015258789,116.94999694824219,116.94999694824219,116.94999694824219,1635
2005-12-01,117.6500015258789,117.6500015258789,117.6500015258789,117.6500015258789,117.6500015258789,2507
2005-12-02,116.67500305175781,116.67500305175781,117.7249984741211,117.05000305175781,117.05000305175781,1173
2005-12-05,116.375,116.375,116.6500015258789,116.6500015258789,116.6500015258789,1109
2005-12-06,115.32499694824219,115.32499694824219,115.32499694824219,115.32499694824219,115.32499694824219,2080
2005-12-07,115.69999694824219,115.69999694824219,114.9000015258789,114.9000015258789,114.9000015258789,2830
2005-12-08,114.7750015258789,114.7750015258789,115.0,115.0,115.0,2227
2005-12-09,113.7750015258789,113.7750015258789,116.0,113.80000305175781,116.0,2702
2005-12-12,114.17500305175781,114.17500305175781,114.17500305175781,114.17500305175781,114.17500305175781,1972
2005-12-13,114.82499694824219,114.82499694824219,114.9749984741211,114.9749984741211,114.9749984741211,2641
2005-12-14,114.82499694824219,114.82499694824219,114.82499694824219,114.82499694824219,114.82499694824219,2394
2005-12-15,113.82499694824219,113.82499694824219,113.82499694824219,113.82499694824219,113.82499694824219,2608
2005-12-16,114.32499694824219,114.32499694824219,114.32499694824219,114.32499694824219,114.32499694824219,2219
2005-12-19,114.57499694824219,114.57499694824219,114.57499694824219,114.57499694824219,114.57499694824219,1032
2005-12-20,115.05000305175781,115.05000305175781,115.05000305175781,115.05000305175781,115.05000305175781,1479
2005-12-21,114.07499694824219,114.07499694824219,115.0250015258789,114.9000015258789,115.0250015258789,2602
2005-12-22,113.5999984741211,113.5999984741211,113.5999984741211,113.5999984741211,113.5999984741211,1615
2005-12-23,114.07499694824219,114.07499694824219,114.07499694824219,114.07499694824219,114.07499694824219,947
2005-12-27,114.2750015258789,114.2750015258789,114.2750015258789,114.2750015258789,114.2750015258789,1075
2005-12-28,115.0,115.0,115.0,115.0,115.0,1023
2005-12-29,114.7249984741211,114.7249984741211,114.7249984741211,114.7249984741211,114.7249984741211,693
2005-12-30,115.25,115.25,115.25,115.25,115.25,1107
2006-01-03,114.2750015258789,114.2750015258789,114.2750015258789,114.2750015258789,114.2750015258789,1790
2006-01-04,114.2249984741211,114.2249984741211,114.2249984741211,114.2249984741211,114.2249984741211,1947
2006-01-05,114.32499694824219,114.32499694824219,114.32499694824219,114.32499694824219,114.32499694824219,1824
2006-01-06,114.5,114.5,113.2750015258789,113.2750015258789,113.2750015258789,1036
2006-01-09,114.5250015258789,114.5250015258789,114.75,114.75,114.75,1090
2006-01-10,113.9000015258789,113.9000015258789,113.9000015258789,113.9000015258789,113.9000015258789,1295
2006-01-11,112.05000305175781,112.05000305175781,112.05000305175781,112.05000305175781,112.05000305175781,3669
2006-01-12,112.875,112.875,112.875,112.875,112.875,1354
2006-01-13,112.4749984741211,112.4749984741211,112.4749984741211,112.4749984741211,112.4749984741211,768
2006-01-17,112.2750015258789,112.2750015258789,112.2750015258789,112.2750015258789,112.2750015258789,1401
2006-01-18,111.7750015258789,111.7750015258789,111.7750015258789,111.7750015258789,111.7750015258789,1282
2006-01-19,112.44999694824219,112.44999694824219,112.44999694824219,112.44999694824219,112.44999694824219,1091
2006-01-20,112.5999984741211,112.5999984741211,112.5999984741211,112.5999984741211,112.5999984741211,803
2006-01-23,113.05000305175781,113.05000305175781,113.05000305175781,113.05000305175781,113.05000305175781,478
2006-01-24,113.1500015258789,113.1500015258789,113.1500015258789,113.1500015258789,113.1500015258789,760
2006-01-25,113.32499694824219,113.32499694824219,113.32499694824219,113.32499694824219,113.32499694824219,644
2006-01-26,113.25,113.25,113.25,113.25,113.25,1246
2006-01-27,110.625,110.625,110.375,110.375,110.375,2615
2006-01-30,109.75,109.75,109.75,109.75,109.75,2191
2006-01-31,109.82499694824219,109.82499694824219,109.82499694824219,109.82499694824219,109.82499694824219,2946
2006-02-01,109.2750015258789,109.2750015258789,109.2750015258789,109.2750015258789,109.2750015258789,2234
2006-02-02,108.69999694824219,108.69999694824219,108.69999694824219,108.69999694824219,108.69999694824219,2593
2006-02-03,107.82499694824219,107.82499694824219,107.82499694824219,107.82499694824219,107.82499694824219,1639
2006-02-06,108.05000305175781,108.05000305175781,108.05000305175781,108.05000305175781,108.05000305175781,2269
2006-02-07,107.9749984741211,107.9749984741211,107.9749984741211,107.9749984741211,107.9749984741211,3011
2006-02-08,107.9749984741211,107.9749984741211,107.9749984741211,107.9749984741211,107.9749984741211,2321
2006-02-09,108.8499984741211,108.8499984741211,108.8499984741211,108.8499984741211,108.8499984741211,3106
2006-02-10,109.6500015258789,109.6500015258789,109.6500015258789,109.6500015258789,109.6500015258789,3097
2006-02-13,108.05000305175781,108.05000305175781,108.05000305175781,108.05000305175781,108.05000305175781,2672
2006-02-14,108.69999694824219,108.69999694824219,108.69999694824219,108.69999694824219,108.69999694824219,2871
2006-02-15,108.25,108.25,108.25,108.25,108.25,2253
2006-02-16,108.3499984741211,108.3499984741211,108.3499984741211,108.3499984741211,108.3499984741211,1173
2006-02-17,107.32499694824219,107.32499694824219,107.32499694824219,107.32499694824219,107.32499694824219,1356
2006-02-21,107.625,107.625,107.625,107.625,107.625,2911
2006-02-22,107.9000015258789,107.9000015258789,107.9000015258789,107.9000015258789,107.9000015258789,1684
2006-02-23,106.94999694824219,106.94999694824219,106.94999694824219,106.94999694824219,106.94999694824219,1734
2006-02-24,106.19999694824219,106.19999694824219,106.19999694824219,106.19999694824219,106.19999694824219,1409
2006-02-27,106.05000305175781,106.05000305175781,106.05000305175781,106.05000305175781,106.05000305175781,707
2006-02-28,106.875,106.875,106.875,106.875,106.875,1523
2006-03-01,107.125,107.125,107.0,107.0,107.0,1520
2006-03-02,107.1500015258789,107.1500015258789,107.1500015258789,107.1500015258789,107.1500015258789,910
2006-03-03,106.32499694824219,106.32499694824219,106.32499694824219,106.32499694824219,106.32499694824219,862
2006-03-06,105.94999694824219,105.94999694824219,105.94999694824219,105.94999694824219,105.94999694824219,1098
2006-03-07,104.69999694824219,104.69999694824219,104.69999694824219,104.69999694824219,104.69999694824219,1573
2006-03-08,104.0,104.0,104.0,104.0,104.0,1180
2006-03-09,103.55000305175781,103.55000305175781,103.55000305175781,103.55000305175781,103.55000305175781,675
2006-03-10,101.57499694824219,101.57499694824219,101.57499694824219,101.57499694824219,101.57499694824219,2014
2006-03-13,102.0250015258789,102.0250015258789,102.0250015258789,102.0250015258789,102.0250015258789,1150
2006-03-14,102.57499694824219,102.57499694824219,102.57499694824219,102.57499694824219,102.57499694824219,1815
2006-03-15,103.875,103.875,103.875,103.875,103.875,941
2006-03-16,104.80000305175781,104.80000305175781,104.80000305175781,104.80000305175781,104.80000305175781,1299
2006-03-17,104.4749984741211,104.4749984741211,104.4749984741211,104.4749984741211,104.4749984741211,1049
2006-03-20,105.625,105.625,105.625,105.625,105.625,1091
2006-03-21,105.0999984741211,105.0999984741211,105.0999984741211,105.0999984741211,105.0999984741211,1036
2006-03-22,104.625,104.625,104.625,104.625,104.625,806
2006-03-23,104.6500015258789,104.6500015258789,104.6500015258789,104.6500015258789,104.6500015258789,503
2006-03-24,103.44999694824219,103.44999694824219,103.44999694824219,103.44999694824219,103.44999694824219,788
2006-03-27,103.42500305175781,103.42500305175781,103.42500305175781,103.42500305175781,103.42500305175781,992
2006-03-28,103.7249984741211,103.7249984741211,103.7249984741211,103.7249984741211,103.7249984741211,548
2006-03-29,103.5,103.5,103.5,103.5,103.5,831
2006-03-30,103.3499984741211,103.3499984741211,103.3499984741211,103.3499984741211,103.3499984741211,2313
2006-03-31,101.4749984741211,101.4749984741211,101.4749984741211,101.4749984741211,101.4749984741211,2220
2006-04-03,100.9749984741211,100.9749984741211,100.9749984741211,100.9749984741211,100.9749984741211,1920
2006-04-04,99.19999694824219,99.19999694824219,99.19999694824219,99.19999694824219,99.19999694824219,2495
2006-04-05,100.0250015258789,100.0250015258789,100.0250015258789,100.0250015258789,100.0250015258789,2403
2006-04-06,100.55000305175781,100.55000305175781,100.55000305175781,100.55000305175781,100.55000305175781,1590
2006-04-07,102.0,102.0,102.0,102.0,102.0,1248
2006-04-10,100.4749984741211,100.4749984741211,100.4749984741211,100.4749984741211,100.4749984741211,1622
2006-04-11,100.5,100.5,100.5,100.5,100.5,900
2006-04-12,101.3499984741211,101.3499984741211,101.3499984741211,101.3499984741211,101.3499984741211,1518
2006-04-13,102.17500305175781,102.17500305175781,102.17500305175781,102.17500305175781,102.17500305175781,906
2006-04-17,103.2249984741211,103.2249984741211,103.2249984741211,103.2249984741211,103.2249984741211,968
2006-04-18,103.7249984741211,103.7249984741211,103.7249984741211,103.7249984741211,103.7249984741211,946
2006-04-19,103.875,103.875,103.875,103.875,103.875,621
2006-04-20,103.0999984741211,103.0999984741211,103.0999984741211,103.0999984741211,103.0999984741211,485
2006-04-21,101.80000305175781,101.80000305175781,101.80000305175781,101.80000305175781,101.80000305175781,862
2006-04-24,100.80000305175781,100.80000305175781,100.80000305175781,100.80000305175781,100.80000305175781,1476
2006-04-25,100.5999984741211,100.5999984741211,100.5999984741211,100.5999984741211,100.5999984741211,618
2006-04-26,101.5,101.5,101.5,101.5,101.5,662
2006-04-27,101.0999984741211,101.0999984741211,101.0999984741211,101.0999984741211,101.0999984741211,2165
2006-04-28,100.5250015258789,100.5250015258789,100.5250015258789,100.5250015258789,100.5250015258789,1632
2006-05-01,102.17500305175781,102.17500305175781,102.17500305175781,102.17500305175781,102.17500305175781,2316
2006-05-02,102.1500015258789,102.1500015258789,102.1500015258789,102.1500015258789,102.1500015258789,2623
2006-05-03,101.69999694824219,101.69999694824219,101.69999694824219,101.69999694824219,101.69999694824219,1275
2006-05-04,100.82499694824219,100.82499694824219,100.82499694824219,100.82499694824219,100.82499694824219,1911
2006-05-05,99.80000305175781,99.80000305175781,99.80000305175781,99.80000305175781,99.80000305175781,3107
2006-05-08,100.80000305175781,100.80000305175781,100.80000305175781,100.80000305175781,100.80000305175781,1740
2006-05-09,100.32499694824219,100.32499694824219,100.32499694824219,100.32499694824219,100.32499694824219,1495
2006-05-10,100.82499694824219,100.82499694824219,100.82499694824219,100.82499694824219,100.82499694824219,1848
2006-05-11,101.82499694824219,101.82499694824219,101.82499694824219,101.82499694824219,101.82499694824219,1924
2006-05-12,102.4000015258789,102.4000015258789,102.4000015258789,102.4000015258789,102.4000015258789,1552
2006-05-15,103.05000305175781,103.05000305175781,103.05000305175781,103.05000305175781,103.05000305175781,1199
2006-05-16,103.8499984741211,103.8499984741211,103.8499984741211,103.8499984741211,103.8499984741211,0
2006-05-17,103.55000305175781,103.55000305175781,103.55000305175781,103.55000305175781,103.55000305175781,524
2006-05-18,103.5,103.5,103.5,103.5,103.5,738
2006-05-19,103.05000305175781,103.05000305175781,103.05000305175781,103.05000305175781,103.05000305175781,950
2006-05-22,103.375,103.375,103.375,103.375,103.375,570
2006-05-23,103.32499694824219,103.32499694824219,103.32499694824219,103.32499694824219,103.32499694824219,394
2006-05-24,103.3499984741211,103.3499984741211,103.3499984741211,103.3499984741211,103.3499984741211,444
2006-05-25,103.4000015258789,103.4000015258789,103.4000015258789,103.4000015258789,103.4000015258789,2280
2006-05-26,108.75,108.75,108.75,108.75,108.75,2416
2006-05-30,109.42500305175781,109.42500305175781,109.42500305175781,109.42500305175781,109.42500305175781,2508
2006-05-31,109.125,109.125,109.125,109.125,109.125,2508
2006-06-01,109.9749984741211,109.9749984741211,109.9749984741211,109.9749984741211,109.9749984741211,2844
2006-06-02,110.2249984741211,110.2249984741211,110.5,109.75,109.75,1999
2006-06-05,109.57499694824219,109.57499694824219,109.57499694824219,109.57499694824219,109.57499694824219,2270
2006-06-06,109.8499984741211,109.8499984741211,109.8499984741211,109.8499984741211,109.8499984741211,2121
2006-06-07,109.4000015258789,109.4000015258789,109.4000015258789,109.4000015258789,109.4000015258789,1393
2006-06-08,109.5999984741211,109.5999984741211,109.5999984741211,109.5999984741211,109.5999984741211,1552
2006-06-09,108.5999984741211,108.5999984741211,110.5,110.5,110.5,2113
2006-06-12,108.2249984741211,108.2249984741211,108.17500305175781,108.17500305175781,108.17500305175781,2382
2006-06-13,108.80000305175781,108.80000305175781,109.0,109.0,109.0,2985
2006-06-14,109.42500305175781,109.42500305175781,108.6500015258789,108.6500015258789,108.6500015258789,2425
2006-06-15,112.3499984741211,112.3499984741211,112.3499984741211,112.3499984741211,112.3499984741211,5521
2006-06-16,112.57499694824219,112.57499694824219,112.57499694824219,112.57499694824219,112.57499694824219,3105
2006-06-19,113.19999694824219,113.19999694824219,112.42500305175781,112.42500305175781,112.42500305175781,2806
2006-06-20,112.75,112.75,112.75,112.75,112.75,2008
2006-06-21,113.19999694824219,113.19999694824219,113.19999694824219,113.19999694824219,113.19999694824219,2280
2006-06-22,114.8499984741211,114.8499984741211,114.8499984741211,114.8499984741211,114.8499984741211,3149
2006-06-23,115.1500015258789,115.1500015258789,115.1500015258789,115.1500015258789,115.1500015258789,1867
2006-06-26,117.125,117.125,117.125,117.125,117.125,2505
2006-06-27,117.55000305175781,117.55000305175781,117.55000305175781,117.55000305175781,117.55000305175781,1993
2006-06-28,117.19999694824219,117.19999694824219,117.19999694824219,117.19999694824219,117.19999694824219,2434
2006-06-29,115.0,115.0,115.0,115.0,115.0,3359
2006-06-30,115.19999694824219,115.19999694824219,115.0,114.8499984741211,114.8499984741211,2738
2006-07-03,116.375,116.375,116.375,116.375,116.375,1676
2006-07-05,117.25,117.25,117.25,117.25,117.25,1997
2006-07-06,116.05000305175781,116.05000305175781,116.05000305175781,116.05000305175781,116.05000305175781,2179
2006-07-07,115.9000015258789,115.9000015258789,115.9000015258789,115.9000015258789,115.9000015258789,2231
2006-07-10,114.125,114.125,114.125,114.125,114.125,4547
2006-07-11,113.6500015258789,113.6500015258789,113.6500015258789,113.6500015258789,113.6500015258789,2957
2006-07-12,113.7249984741211,113.7249984741211,113.9000015258789,112.94999694824219,112.94999694824219,2810
2006-07-13,114.6500015258789,114.6500015258789,114.6500015258789,114.6500015258789,114.6500015258789,2422
2006-07-14,114.2249984741211,114.2249984741211,114.2249984741211,114.2249984741211,114.2249984741211,1949
2006-07-17,113.3499984741211,113.3499984741211,113.3499984741211,113.3499984741211,113.3499984741211,2050
2006-07-18,113.55000305175781,113.55000305175781,113.55000305175781,113.55000305175781,113.55000305175781,2026
2006-07-19,115.7249984741211,115.7249984741211,115.7249984741211,115.7249984741211,115.7249984741211,2215
2006-07-20,115.2750015258789,115.2750015258789,115.2750015258789,115.2750015258789,115.2750015258789,1524
2006-07-21,115.625,115.625,115.625,115.625,115.625,935
2006-07-24,113.3499984741211,113.3499984741211,113.3499984741211,113.3499984741211,113.3499984741211,3315
2006-07-25,113.375,113.375,113.375,113.375,113.375,2541
2006-07-26,114.5250015258789,114.5250015258789,114.5250015258789,114.5250015258789,114.5250015258789,2043
2006-07-27,114.19999694824219,114.19999694824219,114.19999694824219,114.19999694824219,114.19999694824219,960
2006-07-28,114.1500015258789,114.1500015258789,114.1500015258789,114.1500015258789,114.1500015258789,1408
2006-07-31,114.32499694824219,114.32499694824219,114.32499694824219,114.32499694824219,114.32499694824219,1468
2006-08-01,114.42500305175781,114.42500305175781,114.42500305175781,114.42500305175781,114.42500305175781,1191
2006-08-02,113.17500305175781,113.17500305175781,113.17500305175781,113.17500305175781,113.17500305175781,2084
2006-08-03,113.82499694824219,113.82499694824219,113.82499694824219,113.82499694824219,113.82499694824219,1671
2006-08-04,115.125,115.125,115.125,115.125,115.125,1757
2006-08-07,116.0,116.0,116.0,116.0,116.0,1251
2006-08-08,116.125,116.125,116.125,116.125,116.125,1074
2006-08-09,116.07499694824219,116.07499694824219,116.07499694824219,116.07499694824219,116.07499694824219,1235
2006-08-10,117.4000015258789,117.4000015258789,117.4000015258789,117.4000015258789,117.4000015258789,2253
2006-08-11,117.3499984741211,117.3499984741211,117.3499984741211,117.3499984741211,117.3499984741211,1232
2006-08-14,116.05000305175781,116.05000305175781,116.05000305175781,116.05000305175781,116.05000305175781,697
2006-08-15,115.625,115.625,115.625,115.625,115.625,1108
2006-08-16,115.67500305175781,115.67500305175781,115.67500305175781,115.67500305175781,115.67500305175781,951
2006-08-17,115.57499694824219,115.57499694824219,115.57499694824219,115.57499694824219,115.57499694824219,1519
2006-08-18,115.32499694824219,115.32499694824219,115.32499694824219,115.32499694824219,115.32499694824219,660
2006-08-21,116.375,116.375,116.375,116.375,116.375,956
2006-08-22,115.9749984741211,115.9749984741211,115.9749984741211,115.9749984741211,115.9749984741211,706
2006-08-23,115.9000015258789,115.9000015258789,115.9000015258789,115.9000015258789,115.9000015258789,931
2006-08-24,116.25,116.25,116.25,116.25,116.25,465
2006-08-25,116.5250015258789,116.5250015258789,116.5250015258789,116.5250015258789,116.5250015258789,815
2006-08-28,117.0250015258789,117.0250015258789,117.0250015258789,117.0250015258789,117.0250015258789,817
2006-08-29,117.17500305175781,117.17500305175781,117.17500305175781,117.17500305175781,117.17500305175781,1166
2006-08-30,117.0999984741211,117.0999984741211,117.0999984741211,117.0999984741211,117.0999984741211,941
2006-08-31,116.94999694824219,116.94999694824219,116.94999694824219,116.94999694824219,116.94999694824219,1038
2006-09-01,116.55000305175781,116.55000305175781,116.55000305175781,116.55000305175781,116.55000305175781,486
2006-09-05,117.67500305175781,117.67500305175781,117.67500305175781,117.67500305175781,117.67500305175781,1242
2006-09-06,118.9749984741211,118.9749984741211,118.9749984741211,118.9749984741211,118.9749984741211,704
2006-09-07,119.2249984741211,119.2249984741211,119.2249984741211,119.2249984741211,119.2249984741211,706
2006-09-08,118.57499694824219,118.57499694824219,118.57499694824219,118.57499694824219,118.57499694824219,984
2006-09-11,118.6500015258789,118.6500015258789,118.6500015258789,118.6500015258789,118.6500015258789,1098
2006-09-12,118.875,118.875,118.875,118.875,118.875,947
2006-09-13,117.8499984741211,117.8499984741211,117.8499984741211,117.8499984741211,117.8499984741211,1097
2006-09-14,117.0,117.0,117.0,117.0,117.0,1220
2006-09-15,117.55000305175781,117.55000305175781,117.55000305175781,117.55000305175781,117.55000305175781,935
2006-09-18,117.69999694824219,117.69999694824219,117.69999694824219,117.69999694824219,117.69999694824219,343
2006-09-19,117.19999694824219,117.19999694824219,117.19999694824219,117.19999694824219,117.19999694824219,325
2006-09-20,116.0250015258789,116.0250015258789,116.0250015258789,116.0250015258789,116.0250015258789,827
2006-09-21,116.42500305175781,116.42500305175781,116.42500305175781,116.42500305175781,116.42500305175781,541
2006-09-22,116.05000305175781,116.05000305175781,116.05000305175781,116.05000305175781,116.05000305175781,1047
2006-09-25,115.69999694824219,115.69999694824219,115.69999694824219,115.69999694824219,115.69999694824219,543
2006-09-26,115.8499984741211,115.8499984741211,115.8499984741211,115.8499984741211,115.8499984741211,319
2006-09-27,115.67500305175781,115.67500305175781,115.67500305175781,115.67500305175781,115.67500305175781,338
2006-09-28,116.07499694824219,116.07499694824219,116.07499694824219,116.07499694824219,116.07499694824219,1500
2006-09-29,112.9000015258789,112.9000015258789,112.9000015258789,112.9000015258789,112.9000015258789,1667
2006-10-02,113.30000305175781,113.30000305175781,113.30000305175781,113.30000305175781,113.30000305175781,1380
2006-10-03,113.3499984741211,113.3499984741211,113.3499984741211,113.3499984741211,113.3499984741211,1367
2006-10-04,112.92500305175781,112.92500305175781,112.92500305175781,112.92500305175781,112.92500305175781,928
2006-10-05,113.44999694824219,113.44999694824219,113.44999694824219,113.44999694824219,113.44999694824219,1293
2006-10-06,113.0250015258789,113.0250015258789,113.0250015258789,113.0250015258789,113.0250015258789,542
2006-10-09,110.75,110.75,110.75,110.75,110.75,1019
2006-10-10,110.0999984741211,110.0999984741211,110.0999984741211,110.0999984741211,110.0999984741211,1103
2006-10-11,109.25,109.25,109.25,109.25,109.25,1051
2006-10-12,107.44999694824219,107.44999694824219,107.44999694824219,107.44999694824219,107.44999694824219,1181
2006-10-13,107.1500015258789,107.1500015258789,107.1500015258789,107.1500015258789,107.1500015258789,911
2006-10-16,107.8499984741211,107.8499984741211,107.8499984741211,107.8499984741211,107.8499984741211,834
2006-10-17,106.75,106.75,106.75,106.75,106.75,610
2006-10-18,107.0999984741211,107.0999984741211,107.0999984741211,107.0999984741211,107.0999984741211,310
2006-10-19,106.69999694824219,106.69999694824219,106.69999694824219,106.69999694824219,106.69999694824219,437
2006-10-20,106.32499694824219,106.32499694824219,106.32499694824219,106.32499694824219,106.32499694824219,317
2006-10-23,106.57499694824219,106.57499694824219,106.57499694824219,106.57499694824219,106.57499694824219,579
2006-10-24,106.69999694824219,106.69999694824219,107.5,107.5,107.5,548
2006-10-25,106.69999694824219,106.69999694824219,107.0,106.57499694824219,106.57499694824219,465
2006-10-26,107.0,107.0,107.0,107.0,107.0,2749
2006-10-27,103.57499694824219,103.57499694824219,103.57499694824219,103.57499694824219,103.57499694824219,1356
2006-10-30,103.625,103.625,103.625,103.625,103.625,1348
2006-10-31,103.9749984741211,103.9749984741211,103.9749984741211,103.9749984741211,103.9749984741211,1837
2006-11-01,104.4000015258789,104.4000015258789,104.4000015258789,104.4000015258789,104.4000015258789,1706
2006-11-02,101.9749984741211,101.9749984741211,101.9749984741211,101.9749984741211,101.9749984741211,2367
2006-11-03,101.42500305175781,101.42500305175781,101.42500305175781,101.42500305175781,101.42500305175781,1434
2006-11-06,100.3499984741211,100.3499984741211,100.3499984741211,100.3499984741211,100.3499984741211,977
2006-11-07,99.625,99.625,99.625,99.625,99.625,833
2006-11-08,98.94999694824219,98.94999694824219,98.94999694824219,98.94999694824219,98.94999694824219,1292
2006-11-09,100.4749984741211,100.4749984741211,100.4749984741211,100.4749984741211,100.4749984741211,1211
2006-11-10,98.80000305175781,98.80000305175781,98.80000305175781,98.80000305175781,98.80000305175781,589
2006-11-13,97.80000305175781,97.80000305175781,97.80000305175781,97.80000305175781,97.80000305175781,683
2006-11-14,97.1500015258789,97.1500015258789,97.1500015258789,97.1500015258789,97.1500015258789,739
2006-11-15,97.2249984741211,97.2249984741211,97.2249984741211,97.2249984741211,97.2249984741211,535
2006-11-16,97.625,97.625,97.625,97.625,97.625,3868
2006-11-17,98.375,98.375,98.5,98.5,98.5,2970
2006-11-20,97.67500305175781,97.67500305175781,97.67500305175781,97.67500305175781,97.67500305175781,2801
2006-11-21,98.7750015258789,98.7750015258789,97.5,97.5,97.5,1667
2006-11-22,99.19999694824219,99.19999694824219,99.19999694824219,99.19999694824219,99.19999694824219,1716
2006-11-24,98.5,98.5,99.19999694824219,98.80000305175781,99.19999694824219,1027
2006-11-27,97.625,97.625,97.625,97.625,97.625,2197
2006-11-28,98.57499694824219,98.57499694824219,98.4000015258789,98.0,98.0,2083
2006-11-29,97.94999694824219,97.94999694824219,98.0,98.0,98.0,1649
2006-11-30,97.875,97.875,97.875,97.875,97.875,2073
2006-12-01,96.9749984741211,96.9749984741211,98.0999984741211,97.7249984741211,98.0999984741211,1946
2006-12-04,97.2750015258789,97.2750015258789,98.30000305175781,97.30000305175781,97.69999694824219,3103
2006-12-05,98.19999694824219,98.19999694824219,97.94999694824219,97.94999694824219,97.94999694824219,1595
2006-12-06,99.07499694824219,99.07499694824219,99.69999694824219,98.80000305175781,99.69999694824219,3094
2006-12-07,99.8499984741211,99.8499984741211,99.80000305175781,99.5,99.5,3954
2006-12-08,100.42500305175781,100.42500305175781,100.1500015258789,100.0,100.0,2475
2006-12-11,99.625,99.625,99.625,99.625,99.625,2125
2006-12-12,98.42500305175781,98.42500305175781,98.42500305175781,98.42500305175781,98.42500305175781,3342
2006-12-13,99.07499694824219,99.07499694824219,99.07499694824219,99.07499694824219,99.07499694824219,2450
2006-12-14,97.4000015258789,97.4000015258789,98.80000305175781,98.80000305175781,98.80000305175781,1952
2006-12-15,98.7249984741211,98.7249984741211,98.7249984741211,98.7249984741211,98.7249984741211,2241
2006-12-18,100.0,100.0,99.9000015258789,99.30000305175781,99.30000305175781,3142
2006-12-19,99.0,99.0,99.0,99.0,99.0,1559
2006-12-20,98.8499984741211,98.8499984741211,99.0,98.625,99.0,1809
2006-12-21,98.25,98.25,98.25,98.25,98.25,1269
2006-12-22,97.32499694824219,97.32499694824219,97.5,97.5,97.5,695
2006-12-27,98.75,98.75,98.0,97.5,97.5,1425
2006-12-28,99.30000305175781,99.30000305175781,99.3499984741211,99.3499984741211,99.3499984741211,974
2006-12-29,99.5999984741211,99.5999984741211,99.30000305175781,99.30000305175781,99.30000305175781,1088
2007-01-02,99.5999984741211,99.5999984741211,99.5999984741211,99.5999984741211,99.5999984741211,3
2007-01-03,99.8499984741211,99.8499984741211,99.8499984741211,99.8499984741211,99.8499984741211,1417
2007-01-04,99.4749984741211,99.4749984741211,99.4749984741211,99.4749984741211,99.4749984741211,1193
2007-01-05,98.6500015258789,98.6500015258789,98.6500015258789,98.6500015258789,98.6500015258789,771
2007-01-08,98.875,98.875,98.875,98.875,98.875,751
2007-01-09,98.19999694824219,98.19999694824219,99.25,99.25,99.25,1297
2007-01-10,98.17500305175781,98.17500305175781,98.17500305175781,98.17500305175781,98.17500305175781,981
2007-01-11,97.57499694824219,97.57499694824219,97.57499694824219,97.57499694824219,97.57499694824219,835
2007-01-12,94.57499694824219,94.57499694824219,94.57499694824219,94.57499694824219,94.57499694824219,1111
2007-01-16,94.30000305175781,94.30000305175781,94.30000305175781,94.30000305175781,94.30000305175781,745
2007-01-17,93.92500305175781,93.92500305175781,94.44999694824219,94.44999694824219,94.44999694824219,732
2007-01-18,95.2750015258789,95.2750015258789,94.0,93.5999984741211,93.5999984741211,961
2007-01-19,95.0,95.0,95.0,95.0,95.0,470
2007-01-22,94.42500305175781,94.42500305175781,94.42500305175781,94.42500305175781,94.42500305175781,584
2007-01-23,94.44999694824219,94.44999694824219,95.19999694824219,94.69999694824219,94.94999694824219,621
2007-01-24,94.69999694824219,94.69999694824219,93.94999694824219,93.69999694824219,93.94999694824219,622
2007-01-25,94.7249984741211,94.7249984741211,94.7249984741211,94.7249984741211,94.7249984741211,2338
2007-01-26,94.0999984741211,94.0999984741211,95.0,94.0,94.5999984741211,1775
2007-01-29,95.4000015258789,95.4000015258789,94.5,94.5,94.5,1686
2007-01-30,94.8499984741211,94.8499984741211,94.69999694824219,94.69999694824219,94.69999694824219,1427
2007-01-31,95.8499984741211,95.8499984741211,95.8499984741211,95.8499984741211,95.8499984741211,2331
2007-02-01,94.7750015258789,94.7750015258789,95.30000305175781,94.44999694824219,95.30000305175781,3669
2007-02-02,95.625,95.625,96.25,94.0999984741211,94.0999984741211,2650
2007-02-05,97.19999694824219,97.19999694824219,98.44999694824219,97.19999694824219,97.55000305175781,3187
2007-02-06,99.0250015258789,99.0250015258789,98.0999984741211,97.1500015258789,97.1500015258789,2411
2007-02-07,99.3499984741211,99.3499984741211,100.19999694824219,99.0,99.5,5068
2007-02-08,98.875,98.875,99.5,98.9000015258789,99.5,3238
2007-02-09,98.7750015258789,98.7750015258789,98.94999694824219,98.375,98.375,3795
2007-02-12,99.5,99.5,99.69999694824219,99.0,99.0,3649
2007-02-13,100.7249984741211,100.7249984741211,100.7249984741211,100.7249984741211,100.7249984741211,3703
2007-02-14,100.80000305175781,100.80000305175781,101.0,101.0,101.0,3719
2007-02-15,100.44999694824219,100.44999694824219,101.5,99.69999694824219,101.25,1977
2007-02-16,100.17500305175781,100.17500305175781,99.57499694824219,99.57499694824219,99.57499694824219,1152
2007-02-20,99.625,99.625,100.05000305175781,99.82499694824219,100.05000305175781,1562
2007-02-21,100.0250015258789,100.0250015258789,100.25,100.25,100.25,2016
2007-02-22,99.2249984741211,99.2249984741211,99.75,99.44999694824219,99.44999694824219,2017
2007-02-23,99.32499694824219,99.32499694824219,99.05000305175781,99.05000305175781,99.05000305175781,2323
2007-02-26,101.05000305175781,101.05000305175781,100.94999694824219,99.0250015258789,99.05000305175781,3055
2007-02-27,101.75,101.75,100.80000305175781,100.5999984741211,100.5999984741211,2241
2007-02-28,101.5999984741211,101.5999984741211,101.6500015258789,101.19999694824219,101.44999694824219,2041
2007-03-01,102.4000015258789,102.4000015258789,102.69999694824219,102.69999694824219,102.69999694824219,3185
2007-03-02,103.9000015258789,103.9000015258789,104.0999984741211,103.07499694824219,103.07499694824219,2272
2007-03-05,103.7750015258789,103.7750015258789,103.7750015258789,103.7750015258789,103.7750015258789,1396
2007-03-06,103.375,103.375,103.69999694824219,103.69999694824219,103.69999694824219,1100
2007-03-07,103.375,103.375,103.375,103.375,103.375,1295
2007-03-08,104.8499984741211,104.8499984741211,104.8499984741211,104.8499984741211,104.8499984741211,1625
2007-03-09,105.1500015258789,105.1500015258789,105.1500015258789,105.1500015258789,105.1500015258789,1203
2007-03-12,105.7750015258789,105.7750015258789,105.7750015258789,105.7750015258789,105.7750015258789,1296
2007-03-13,105.6500015258789,105.6500015258789,105.6500015258789,105.6500015258789,105.6500015258789,947
2007-03-14,105.92500305175781,105.92500305175781,105.92500305175781,105.92500305175781,105.92500305175781,945
2007-03-15,105.875,105.875,105.875,105.875,105.875,593
2007-03-16,104.82499694824219,104.82499694824219,104.75,104.75,104.75,453
2007-03-19,105.125,105.125,105.125,105.125,105.125,344
2007-03-20,104.19999694824219,104.19999694824219,104.19999694824219,104.19999694824219,104.19999694824219,394
2007-03-21,103.5999984741211,103.5999984741211,103.5999984741211,103.5999984741211,103.5999984741211,505
2007-03-22,104.0999984741211,104.0999984741211,104.0999984741211,104.0999984741211,104.0999984741211,932
2007-03-23,104.3499984741211,104.3499984741211,104.69999694824219,103.75,104.69999694824219,1442
2007-03-26,105.32499694824219,105.32499694824219,105.32499694824219,105.32499694824219,105.32499694824219,302
2007-03-27,105.0999984741211,105.0999984741211,106.0999984741211,105.69999694824219,105.69999694824219,732
2007-03-28,105.30000305175781,105.30000305175781,105.30000305175781,105.30000305175781,105.30000305175781,373
2007-03-29,105.625,105.625,105.625,105.625,105.625,780
2007-03-30,108.75,108.75,108.69999694824219,108.5999984741211,108.5999984741211,1538
2007-04-02,110.19999694824219,110.19999694824219,110.5,108.75,108.75,2052
2007-04-03,110.57499694824219,110.57499694824219,110.57499694824219,110.57499694824219,110.57499694824219,921
2007-04-04,110.80000305175781,110.80000305175781,110.5,110.5,110.5,588
2007-04-05,111.125,111.125,110.75,110.75,110.75,761
2007-04-09,111.9000015258789,111.9000015258789,110.3499984741211,110.3499984741211,110.3499984741211,821
2007-04-10,110.94999694824219,110.94999694824219,111.80000305175781,110.9000015258789,111.4000015258789,635
2007-04-11,110.0999984741211,110.0999984741211,110.0999984741211,110.0999984741211,110.0999984741211,955
2007-04-12,107.8499984741211,107.8499984741211,107.8499984741211,107.8499984741211,107.8499984741211,1308
2007-04-13,107.25,107.25,107.25,107.25,107.25,793
2007-04-16,107.7249984741211,107.7249984741211,107.80000305175781,107.80000305175781,107.80000305175781,442
2007-04-17,107.8499984741211,107.8499984741211,107.8499984741211,107.8499984741211,107.8499984741211,593
2007-04-18,107.2750015258789,107.2750015258789,107.2750015258789,107.2750015258789,107.2750015258789,360
2007-04-19,107.30000305175781,107.30000305175781,107.30000305175781,107.30000305175781,107.30000305175781,583
2007-04-20,107.05000305175781,107.05000305175781,107.05000305175781,107.05000305175781,107.05000305175781,859
2007-04-23,107.44999694824219,107.44999694824219,107.44999694824219,107.44999694824219,107.44999694824219,331
2007-04-24,107.0999984741211,107.0999984741211,107.0999984741211,107.0999984741211,107.0999984741211,206
2007-04-25,106.8499984741211,106.8499984741211,106.8499984741211,106.8499984741211,106.8499984741211,433
2007-04-26,106.80000305175781,106.80000305175781,106.80000305175781,106.80000305175781,106.80000305175781,1566
2007-04-27,108.55000305175781,108.55000305175781,108.6500015258789,108.6500015258789,108.6500015258789,1211
2007-04-30,109.55000305175781,109.55000305175781,110.0,109.6500015258789,109.6500015258789,1564
2007-05-01,109.75,109.75,109.5,109.5,109.5,1811
2007-05-02,109.67500305175781,109.67500305175781,109.67500305175781,109.67500305175781,109.67500305175781,888
2007-05-03,106.94999694824219,106.94999694824219,108.30000305175781,107.5999984741211,108.30000305175781,2655
2007-05-04,107.1500015258789,107.1500015258789,107.19999694824219,106.8499984741211,107.19999694824219,846
2007-05-07,107.5,107.5,107.69999694824219,106.8499984741211,107.55000305175781,743
2007-05-08,108.32499694824219,108.32499694824219,108.32499694824219,108.32499694824219,108.32499694824219,882
2007-05-09,108.9000015258789,108.9000015258789,108.8499984741211,108.8499984741211,108.8499984741211,735
2007-05-10,108.9000015258789,108.9000015258789,108.9000015258789,108.9000015258789,108.9000015258789,1549
2007-05-11,109.69999694824219,109.69999694824219,109.69999694824219,109.69999694824219,109.69999694824219,743
2007-05-14,109.55000305175781,109.55000305175781,109.55000305175781,109.55000305175781,109.55000305175781,726
2007-05-15,109.3499984741211,109.3499984741211,109.8499984741211,109.8499984741211,109.8499984741211,470
2007-05-16,109.32499694824219,109.32499694824219,109.32499694824219,109.32499694824219,109.32499694824219,600
2007-05-17,109.3499984741211,109.3499984741211,109.3499984741211,109.3499984741211,109.3499984741211,488
2007-05-18,109.125,109.125,109.3499984741211,109.3499984741211,109.3499984741211,882
2007-05-21,108.92500305175781,108.92500305175781,108.69999694824219,108.69999694824219,108.69999694824219,617
2007-05-22,108.6500015258789,108.6500015258789,108.6500015258789,108.6500015258789,108.6500015258789,835
2007-05-23,108.32499694824219,108.32499694824219,108.8499984741211,108.05000305175781,108.05000305175781,583
2007-05-24,108.07499694824219,108.07499694824219,108.07499694824219,108.07499694824219,108.07499694824219,2844
2007-05-25,110.94999694824219,110.94999694824219,111.25,110.8499984741211,111.25,1976
2007-05-29,111.55000305175781,111.55000305175781,111.75,110.94999694824219,110.94999694824219,2008
2007-05-30,110.3499984741211,110.3499984741211,111.0250015258789,110.375,111.0250015258789,2088
2007-05-31,111.42500305175781,111.42500305175781,111.30000305175781,110.5250015258789,111.30000305175781,1949
2007-06-01,110.25,110.25,111.30000305175781,109.94999694824219,111.0999984741211,3046
2007-06-04,111.0250015258789,111.0250015258789,110.9000015258789,110.19999694824219,110.25,1514
2007-06-05,110.875,110.875,111.5,109.0,110.9000015258789,2263
2007-06-06,109.7750015258789,109.7750015258789,110.8499984741211,109.5999984741211,110.8499984741211,2392
2007-06-07,108.8499984741211,108.8499984741211,109.5999984741211,108.44999694824219,109.5999984741211,2591
2007-06-08,108.19999694824219,108.19999694824219,108.94999694824219,107.94999694824219,108.94999694824219,2264
2007-06-11,107.55000305175781,107.55000305175781,107.80000305175781,106.8499984741211,107.80000305175781,2464
2007-06-12,108.125,108.125,108.375,107.3499984741211,107.6500015258789,2004
2007-06-13,106.5999984741211,106.5999984741211,108.4000015258789,106.75,108.25,2427
2007-06-14,107.57499694824219,107.57499694824219,107.5,105.92500305175781,106.1500015258789,2192
2007-06-15,106.94999694824219,106.94999694824219,107.69999694824219,106.5,107.5,2263
2007-06-18,106.7249984741211,106.7249984741211,106.80000305175781,106.0,106.0,1664
2007-06-19,108.44999694824219,108.44999694824219,108.125,106.69999694824219,106.69999694824219,2029
2007-06-20,108.0999984741211,108.0999984741211,108.9000015258789,107.3499984741211,108.9000015258789,1515
2007-06-21,108.0999984741211,108.0999984741211,108.0999984741211,107.75,107.94999694824219,1046
2007-06-22,108.4000015258789,108.4000015258789,108.8499984741211,108.0,108.0,1577
2007-06-25,108.55000305175781,108.55000305175781,108.80000305175781,107.9000015258789,107.9000015258789,1401
2007-06-26,107.6500015258789,107.6500015258789,108.25,107.2750015258789,108.25,1407
2007-06-27,108.57499694824219,108.57499694824219,108.875,107.0250015258789,107.0250015258789,2163
2007-06-28,109.7750015258789,109.7750015258789,110.1500015258789,109.0999984741211,109.19999694824219,2723
2007-06-29,111.55000305175781,111.55000305175781,111.69999694824219,109.5,110.0,3819
2007-07-02,110.94999694824219,110.94999694824219,112.0,111.0,111.75,3920
2007-07-03,111.55000305175781,111.55000305175781,112.0999984741211,110.55000305175781,111.0999984741211,2361
2007-07-05,112.17500305175781,112.17500305175781,112.2249984741211,111.80000305175781,111.80000305175781,1805
2007-07-06,114.69999694824219,114.69999694824219,114.5250015258789,112.30000305175781,112.30000305175781,3710
2007-07-09,114.4749984741211,114.4749984741211,115.2750015258789,114.5,115.0,3772
2007-07-10,114.0250015258789,114.0250015258789,114.5999984741211,113.7249984741211,114.5,2993
2007-07-11,114.625,114.625,115.0,114.0,114.0250015258789,2401
2007-07-12,114.30000305175781,114.30000305175781,116.5,114.3499984741211,114.5,3616
2007-07-13,113.8499984741211,113.8499984741211,114.3499984741211,114.0,114.3499984741211,2234
2007-07-16,115.1500015258789,115.1500015258789,115.69999694824219,114.2249984741211,114.69999694824219,1925
2007-07-17,115.82499694824219,115.82499694824219,116.0999984741211,114.9000015258789,114.9000015258789,2126
2007-07-18,115.4000015258789,115.4000015258789,116.5,114.80000305175781,116.0,1621
2007-07-19,115.44999694824219,115.44999694824219,115.75,115.75,115.75,1371
2007-07-20,115.5,115.5,115.6500015258789,115.6500015258789,115.6500015258789,1332
2007-07-23,116.69999694824219,116.69999694824219,117.0,116.0,116.0,1223
2007-07-24,116.5,116.5,116.5,116.5,116.5,1129
2007-07-25,115.8499984741211,115.8499984741211,116.5999984741211,115.5,116.5999984741211,1539
2007-07-26,116.3499984741211,116.3499984741211,115.92500305175781,115.92500305175781,115.92500305175781,1347
2007-07-27,117.125,117.125,115.94999694824219,115.94999694824219,115.94999694824219,1063
2007-07-30,116.9749984741211,116.9749984741211,117.0,117.0,117.0,1268
2007-07-31,117.3499984741211,117.3499984741211,117.07499694824219,117.0,117.0,1754
2007-08-01,116.9749984741211,116.9749984741211,117.0,116.9000015258789,116.9000015258789,779
2007-08-02,115.92500305175781,115.92500305175781,115.94999694824219,115.69999694824219,115.8499984741211,1171
2007-08-03,115.92500305175781,115.92500305175781,116.19999694824219,115.5999984741211,115.5999984741211,562
2007-08-06,116.25,116.25,115.8499984741211,115.8499984741211,115.8499984741211,630
2007-08-07,114.7249984741211,114.7249984741211,116.25,116.25,116.25,2094
2007-08-08,114.57499694824219,114.57499694824219,114.55000305175781,114.55000305175781,114.55000305175781,943
2007-08-09,114.94999694824219,114.94999694824219,115.5999984741211,114.7750015258789,114.7750015258789,867
2007-08-10,114.9749984741211,114.9749984741211,116.19999694824219,116.19999694824219,116.19999694824219,997
2007-08-13,115.5250015258789,115.5250015258789,115.5250015258789,115.5250015258789,115.5250015258789,502
2007-08-14,115.69999694824219,115.69999694824219,116.5,115.7249984741211,115.75,752
2007-08-15,116.17500305175781,116.17500305175781,116.17500305175781,116.17500305175781,116.17500305175781,725
2007-08-16,115.55000305175781,115.55000305175781,115.55000305175781,115.55000305175781,115.55000305175781,1653
2007-08-17,116.42500305175781,116.42500305175781,116.42500305175781,116.42500305175781,116.42500305175781,850
2007-08-20,116.44999694824219,116.44999694824219,116.44999694824219,116.44999694824219,116.44999694824219,687
2007-08-21,116.07499694824219,116.07499694824219,116.0,116.0,116.0,769
2007-08-22,115.9749984741211,115.9749984741211,115.8499984741211,115.82499694824219,115.82499694824219,318
2007-08-23,116.75,116.75,116.75,116.75,116.75,715
2007-08-24,117.57499694824219,117.57499694824219,117.75,117.0,117.25,858
2007-08-27,117.7750015258789,117.7750015258789,117.75,117.75,117.75,581
2007-08-28,118.0,118.0,118.0999984741211,118.0999984741211,118.0999984741211,679
2007-08-29,118.05000305175781,118.05000305175781,118.0250015258789,118.0250015258789,118.0250015258789,471
2007-08-30,117.625,117.625,117.75,117.75,117.75,765
2007-08-31,117.5250015258789,117.5250015258789,118.1500015258789,117.9749984741211,118.1500015258789,599
2007-09-04,118.9000015258789,118.9000015258789,118.5,118.5,118.5,599
2007-09-05,119.0999984741211,119.0999984741211,118.80000305175781,118.80000305175781,118.80000305175781,318
2007-09-06,119.4749984741211,119.4749984741211,119.4749984741211,119.4749984741211,119.4749984741211,332
2007-09-07,118.80000305175781,118.80000305175781,120.19999694824219,120.19999694824219,120.19999694824219,294
2007-09-10,118.875,118.875,118.3499984741211,118.3499984741211,118.3499984741211,478
2007-09-11,118.5250015258789,118.5250015258789,119.0,118.25,119.0,595
2007-09-12,116.8499984741211,116.8499984741211,117.55000305175781,117.0,117.55000305175781,1486
2007-09-13,116.94999694824219,116.94999694824219,116.69999694824219,116.69999694824219,116.69999694824219,424
2007-09-14,116.82499694824219,116.82499694824219,116.82499694824219,116.82499694824219,116.82499694824219,456
2007-09-17,115.67500305175781,115.67500305175781,115.82499694824219,115.7249984741211,115.82499694824219,764
2007-09-18,116.0250015258789,116.0250015258789,115.8499984741211,115.8499984741211,115.8499984741211,232
2007-09-19,116.07499694824219,116.07499694824219,116.07499694824219,116.07499694824219,116.07499694824219,206
2007-09-20,115.8499984741211,115.8499984741211,115.8499984741211,115.8499984741211,115.8499984741211,372
2007-09-21,116.4000015258789,116.4000015258789,116.4000015258789,116.4000015258789,116.4000015258789,435
2007-09-24,116.1500015258789,116.1500015258789,116.1500015258789,116.1500015258789,116.1500015258789,395
2007-09-25,115.82499694824219,115.82499694824219,115.8499984741211,115.8499984741211,115.8499984741211,469
2007-09-26,115.8499984741211,115.8499984741211,116.0,116.0,116.0,442
2007-09-27,116.07499694824219,116.07499694824219,116.07499694824219,116.07499694824219,116.07499694824219,1316
2007-09-28,116.30000305175781,116.30000305175781,116.25,114.75,114.75,1077
2007-10-01,115.07499694824219,115.07499694824219,116.0,115.75,116.0,1455
2007-10-02,115.92500305175781,115.92500305175781,116.4000015258789,115.9000015258789,115.9000015258789,1151
2007-10-03,114.9000015258789,114.9000015258789,115.92500305175781,114.3499984741211,115.92500305175781,1124
2007-10-04,115.0,115.0,114.75,114.5250015258789,114.75,1136
2007-10-05,113.94999694824219,113.94999694824219,115.8499984741211,113.9000015258789,115.8499984741211,1035
2007-10-08,113.8499984741211,113.8499984741211,113.9000015258789,113.9000015258789,113.9000015258789,489
2007-10-09,113.25,113.25,113.9000015258789,113.19999694824219,113.9000015258789,1347
2007-10-10,113.19999694824219,113.19999694824219,113.82499694824219,113.6500015258789,113.82499694824219,895
2007-10-11,114.3499984741211,114.3499984741211,114.3499984741211,114.3499984741211,114.3499984741211,584
2007-10-12,113.375,113.375,113.375,113.375,113.375,526
2007-10-15,113.0999984741211,113.0999984741211,113.0999984741211,113.0999984741211,113.0999984741211,432
2007-10-16,112.5,112.5,113.0999984741211,112.8499984741211,112.8499984741211,607
2007-10-17,112.07499694824219,112.07499694824219,112.4000015258789,112.25,112.4000015258789,556
2007-10-18,112.25,112.25,112.1500015258789,111.80000305175781,111.9000015258789,658
2007-10-19,111.5,111.5,112.30000305175781,112.30000305175781,112.30000305175781,608
2007-10-22,111.44999694824219,111.44999694824219,111.5,111.5,111.5,399
2007-10-23,111.3499984741211,111.3499984741211,111.44999694824219,111.44999694824219,111.44999694824219,543
2007-10-24,111.0999984741211,111.0999984741211,111.0999984741211,111.0999984741211,111.0999984741211,554
2007-10-25,110.9000015258789,110.9000015258789,110.9000015258789,110.9000015258789,110.9000015258789,902
2007-10-26,109.05000305175781,109.05000305175781,110.25,108.5,109.625,1593
2007-10-29,109.25,109.25,110.0,109.80000305175781,109.8499984741211,1083
2007-10-30,109.94999694824219,109.94999694824219,110.0,109.42500305175781,109.80000305175781,1003
2007-10-31,108.44999694824219,108.44999694824219,109.3499984741211,108.5,109.3499984741211,1002
2007-11-01,108.625,108.625,109.0,108.44999694824219,108.44999694824219,652
2007-11-02,108.3499984741211,108.3499984741211,108.9000015258789,108.9000015258789,108.9000015258789,684
2007-11-05,109.125,109.125,108.9000015258789,107.5,107.5,754
2007-11-06,108.2249984741211,108.2249984741211,109.0999984741211,108.0,109.0999984741211,1130
2007-11-07,107.75,107.75,109.0999984741211,107.69999694824219,109.0999984741211,829
2007-11-08,107.75,107.75,107.6500015258789,107.5,107.5,758
2007-11-09,107.94999694824219,107.94999694824219,108.44999694824219,107.75,108.19999694824219,794
2007-11-12,108.42500305175781,108.42500305175781,108.8499984741211,107.19999694824219,108.05000305175781,784
2007-11-13,108.9000015258789,108.9000015258789,108.9000015258789,108.9000015258789,108.9000015258789,723
2007-11-14,108.67500305175781,108.67500305175781,109.19999694824219,108.69999694824219,109.19999694824219,507
2007-11-15,108.8499984741211,108.8499984741211,109.05000305175781,108.6500015258789,109.05000305175781,880
2007-11-16,109.125,109.125,110.0,108.05000305175781,109.19999694824219,1524
2007-11-19,108.82499694824219,108.82499694824219,109.0,108.30000305175781,109.0,954
2007-11-20,109.57499694824219,109.57499694824219,110.0999984741211,108.82499694824219,108.82499694824219,1364
2007-11-21,109.9000015258789,109.9000015258789,110.75,109.5999984741211,109.5999984741211,1649
2007-11-23,110.69999694824219,110.69999694824219,110.80000305175781,110.0,110.80000305175781,1469
2007-11-26,110.94999694824219,110.94999694824219,111.5,110.69999694824219,110.80000305175781,1193
2007-11-27,110.57499694824219,110.57499694824219,111.0,110.30000305175781,111.0,1393
2007-11-28,109.57499694824219,109.57499694824219,110.80000305175781,109.25,110.5,1981
2007-11-29,109.07499694824219,109.07499694824219,109.4749984741211,108.75,109.25,2076
2007-11-30,107.69999694824219,107.69999694824219,109.05000305175781,106.9000015258789,109.05000305175781,1893
2007-12-03,108.05000305175781,108.05000305175781,108.25,107.19999694824219,107.67500305175781,2370
2007-12-04,107.0,107.0,108.67500305175781,106.5,108.0,2543
2007-12-05,106.25,106.25,106.8499984741211,106.0999984741211,106.80000305175781,2267
2007-12-06,106.3499984741211,106.3499984741211,106.6500015258789,106.0,106.0,1713
2007-12-07,105.94999694824219,105.94999694824219,107.1500015258789,105.8499984741211,106.44999694824219,2631
2007-12-10,106.125,106.125,106.69999694824219,105.75,105.7750015258789,2683
2007-12-11,105.9749984741211,105.9749984741211,107.0,105.9749984741211,106.5999984741211,2287
2007-12-12,105.19999694824219,105.19999694824219,106.55000305175781,105.0,106.44999694824219,2117
2007-12-13,103.80000305175781,103.80000305175781,105.30000305175781,103.0,105.19999694824219,3394
2007-12-14,103.80000305175781,103.80000305175781,104.17500305175781,103.0,103.8499984741211,2533
2007-12-17,103.67500305175781,103.67500305175781,104.25,103.1500015258789,103.1500015258789,1600
2007-12-18,105.1500015258789,105.1500015258789,105.4000015258789,103.69999694824219,103.8499984741211,1842
2007-12-19,104.19999694824219,104.19999694824219,105.32499694824219,104.19999694824219,105.32499694824219,1408
2007-12-20,103.94999694824219,103.94999694824219,104.07499694824219,103.80000305175781,104.07499694824219,1250
2007-12-21,103.82499694824219,103.82499694824219,103.8499984741211,103.30000305175781,103.80000305175781,1030
2007-12-24,103.57499694824219,103.57499694824219,103.30000305175781,103.30000305175781,103.30000305175781,576
2007-12-26,103.5,103.5,103.75,103.5,103.75,903
2007-12-27,104.375,104.375,104.125,103.3499984741211,103.3499984741211,1135
2007-12-28,104.32499694824219,104.32499694824219,104.19999694824219,104.19999694824219,104.19999694824219,478
2007-12-31,105.0999984741211,105.0999984741211,105.0999984741211,105.0999984741211,105.0999984741211,674
2008-01-02,104.42500305175781,104.42500305175781,104.9000015258789,104.0,104.80000305175781,790
2008-01-03,101.80000305175781,101.80000305175781,103.5,101.55000305175781,103.5,2175
2008-01-04,100.32499694824219,100.32499694824219,101.80000305175781,100.4000015258789,101.5999984741211,1905
2008-01-07,100.42500305175781,100.42500305175781,100.42500305175781,100.42500305175781,100.42500305175781,927
2008-01-08,100.2249984741211,100.2249984741211,100.30000305175781,99.94999694824219,100.30000305175781,1191
2008-01-09,100.1500015258789,100.1500015258789,99.94999694824219,99.9000015258789,99.94999694824219,683
2008-01-10,101.75,101.75,101.5999984741211,100.05000305175781,100.05000305175781,1305
2008-01-11,99.5,99.5,101.75,99.7750015258789,101.75,1289
2008-01-14,98.42500305175781,98.42500305175781,98.0,96.9749984741211,98.0,1112
2008-01-15,97.80000305175781,97.80000305175781,97.94999694824219,97.6500015258789,97.94999694824219,799
2008-01-16,96.9749984741211,96.9749984741211,98.05000305175781,97.69999694824219,97.69999694824219,2480
2008-01-17,97.05000305175781,97.05000305175781,96.92500305175781,96.1500015258789,96.92500305175781,934
2008-01-18,97.67500305175781,97.67500305175781,97.19999694824219,97.19999694824219,97.19999694824219,805
2008-01-22,98.05000305175781,98.05000305175781,98.0999984741211,97.5,97.67500305175781,788
2008-01-23,98.3499984741211,98.3499984741211,98.75,98.5,98.5,881
2008-01-24,98.80000305175781,98.80000305175781,98.5999984741211,98.5999984741211,98.5999984741211,490
2008-01-25,98.5999984741211,98.5999984741211,98.7249984741211,98.5,98.7249984741211,802
2008-01-28,99.55000305175781,99.55000305175781,99.55000305175781,99.55000305175781,99.55000305175781,918
2008-01-29,99.55000305175781,99.55000305175781,99.875,99.5999984741211,99.875,567
2008-01-30,99.6500015258789,99.6500015258789,99.9000015258789,99.4000015258789,99.9000015258789,369
2008-01-31,99.69999694824219,99.69999694824219,99.5999984741211,99.5999984741211,99.5999984741211,2748
2008-02-01,105.44999694824219,105.44999694824219,105.875,104.5,105.25,2680
2008-02-04,104.75,104.75,105.4000015258789,103.94999694824219,105.375,1820
2008-02-05,105.5,105.5,106.0,104.4000015258789,104.55000305175781,1708
2008-02-06,104.92500305175781,104.92500305175781,105.94999694824219,104.05000305175781,105.32499694824219,2206
2008-02-07,105.8499984741211,105.8499984741211,105.92500305175781,105.0999984741211,105.25,2666
2008-02-08,105.0250015258789,105.0250015258789,105.9000015258789,104.75,105.69999694824219,2465
2008-02-11,105.9000015258789,105.9000015258789,106.69999694824219,105.32499694824219,105.32499694824219,2798
2008-02-12,105.75,105.75,106.0999984741211,105.5,106.05000305175781,2191
2008-02-13,104.94999694824219,104.94999694824219,106.0999984741211,104.8499984741211,105.9749984741211,3510
2008-02-14,104.42500305175781,104.42500305175781,105.0,104.30000305175781,104.8499984741211,2571
2008-02-15,104.625,104.625,104.69999694824219,104.0250015258789,104.44999694824219,1859
2008-02-19,104.9000015258789,104.9000015258789,105.0,102.875,102.94999694824219,2264
2008-02-20,105.6500015258789,105.6500015258789,105.69999694824219,104.875,104.875,1517
2008-02-21,105.07499694824219,105.07499694824219,105.9000015258789,105.3499984741211,105.6500015258789,1624
2008-02-22,103.92500305175781,103.92500305175781,105.3499984741211,104.0999984741211,105.1500015258789,1640
2008-02-25,104.19999694824219,104.19999694824219,103.92500305175781,102.6500015258789,102.94999694824219,2422
2008-02-26,104.7750015258789,104.7750015258789,105.5,103.9000015258789,103.9000015258789,2934
2008-02-27,105.0999984741211,105.0999984741211,105.9000015258789,105.0,105.0,1523
2008-02-28,104.6500015258789,104.6500015258789,105.32499694824219,104.4000015258789,105.25,1400
2008-02-29,103.6500015258789,103.6500015258789,104.625,103.55000305175781,103.94999694824219,1471
2008-03-03,101.67500305175781,101.67500305175781,102.6500015258789,102.25,102.42500305175781,1671
2008-03-04,101.6500015258789,101.6500015258789,102.07499694824219,100.5999984741211,102.07499694824219,1892
2008-03-05,100.9000015258789,100.9000015258789,101.1500015258789,100.19999694824219,101.1500015258789,927
2008-03-06,99.80000305175781,99.80000305175781,100.9000015258789,99.92500305175781,100.3499984741211,2007
2008-03-07,100.5999984741211,100.5999984741211,100.80000305175781,100.30000305175781,100.5999984741211,1403
2008-03-10,100.19999694824219,100.19999694824219,100.5999984741211,99.9749984741211,100.0250015258789,640
2008-03-11,99.75,99.75,100.25,99.75,100.0,758
2008-03-12,99.7750015258789,99.7750015258789,99.05000305175781,98.80000305175781,98.80000305175781,493
2008-03-13,99.44999694824219,99.44999694824219,99.8499984741211,99.375,99.8499984741211,814
2008-03-14,99.30000305175781,99.30000305175781,99.5,99.05000305175781,99.5,703
2008-03-17,99.0999984741211,99.0999984741211,99.0,98.9000015258789,99.0,415
2008-03-18,99.44999694824219,99.44999694824219,99.5,98.0,99.30000305175781,449
2008-03-19,99.3499984741211,99.3499984741211,99.5,99.30000305175781,99.30000305175781,282
2008-03-20,99.125,99.125,99.2750015258789,99.125,99.19999694824219,1794
2008-03-24,103.2750015258789,103.2750015258789,103.69999694824219,103.1500015258789,103.55000305175781,937
2008-03-25,103.0999984741211,103.0999984741211,103.2750015258789,102.80000305175781,103.2750015258789,1041
2008-03-26,102.1500015258789,102.1500015258789,103.0,102.0,103.0,1400
2008-03-27,100.7750015258789,100.7750015258789,102.25,100.5999984741211,102.25,2054
2008-03-28,100.42500305175781,100.42500305175781,100.9000015258789,100.4000015258789,100.9000015258789,1038
2008-03-31,99.30000305175781,99.30000305175781,99.875,98.1500015258789,99.875,1277
2008-04-01,99.125,99.125,100.19999694824219,99.30000305175781,99.75,1435
2008-04-02,97.5999984741211,97.5999984741211,99.0999984741211,97.5,97.9000015258789,1262
2008-04-03,98.69999694824219,98.69999694824219,98.9000015258789,97.5999984741211,97.5999984741211,765
2008-04-04,98.5999984741211,98.5999984741211,98.80000305175781,98.3499984741211,98.5,867
2008-04-07,99.0,99.0,98.4000015258789,98.30000305175781,98.30000305175781,764
2008-04-08,99.57499694824219,99.57499694824219,99.5,98.8499984741211,99.5,1520
2008-04-09,98.25,98.25,99.0,98.25,99.0,479
2008-04-10,99.125,99.125,100.05000305175781,97.94999694824219,98.25,945
2008-04-11,99.5,99.5,100.1500015258789,98.6500015258789,100.1500015258789,972
2008-04-14,99.55000305175781,99.55000305175781,99.94999694824219,99.30000305175781,99.5999984741211,600
2008-04-15,100.1500015258789,100.1500015258789,100.4749984741211,99.82499694824219,99.82499694824219,510
2008-04-16,100.4000015258789,100.4000015258789,100.0250015258789,100.0250015258789,100.0250015258789,651
2008-04-17,101.82499694824219,101.82499694824219,102.0999984741211,100.8499984741211,101.2750015258789,689
2008-04-18,101.5,101.5,102.4000015258789,101.44999694824219,102.3499984741211,719
2008-04-21,101.55000305175781,101.55000305175781,101.75,101.375,101.75,515
2008-04-22,101.69999694824219,101.69999694824219,101.9000015258789,101.55000305175781,101.875,297
2008-04-23,101.75,101.75,101.7750015258789,101.625,101.75,142
2008-04-24,101.80000305175781,101.80000305175781,101.8499984741211,101.80000305175781,101.8499984741211,1743
2008-04-25,107.75,107.75,108.0999984741211,106.9000015258789,107.25,3713
2008-04-28,106.7249984741211,106.7249984741211,107.4749984741211,106.5,107.4749984741211,2223
2008-04-29,105.3499984741211,105.3499984741211,106.30000305175781,105.0,106.30000305175781,2332
2008-04-30,105.9749984741211,105.9749984741211,106.05000305175781,105.3499984741211,105.3499984741211,1737
2008-05-01,104.94999694824219,104.94999694824219,105.9000015258789,104.80000305175781,105.44999694824219,1442
2008-05-02,105.6500015258789,105.6500015258789,105.9000015258789,104.875,105.0,1018
2008-05-05,105.25,105.25,106.0,104.92500305175781,106.0,1684
2008-05-06,105.55000305175781,105.55000305175781,105.69999694824219,104.69999694824219,105.6500015258789,1514
2008-05-07,105.7249984741211,105.7249984741211,105.8499984741211,105.2249984741211,105.69999694824219,1353
2008-05-08,106.7750015258789,106.7750015258789,107.5,105.8499984741211,106.17500305175781,1156
2008-05-09,107.3499984741211,107.3499984741211,107.19999694824219,106.0,106.5,1004
2008-05-12,107.92500305175781,107.92500305175781,107.69999694824219,107.25,107.32499694824219,828
2008-05-13,108.75,108.75,108.94999694824219,107.94999694824219,107.94999694824219,1167
2008-05-14,108.44999694824219,108.44999694824219,109.0,107.9000015258789,109.0,814
2008-05-15,108.5999984741211,108.5999984741211,109.0,108.25,108.4749984741211,955
2008-05-16,108.4749984741211,108.4749984741211,108.875,108.05000305175781,108.1500015258789,693
2008-05-19,107.875,107.875,108.19999694824219,107.75,108.19999694824219,445
2008-05-20,107.92500305175781,107.92500305175781,108.0,107.7249984741211,107.9000015258789,532
2008-05-21,108.05000305175781,108.05000305175781,108.0999984741211,107.94999694824219,108.05000305175781,465
2008-05-22,107.875,107.875,107.94999694824219,107.75,107.75,2298
2008-05-23,115.2249984741211,115.2249984741211,115.6500015258789,114.5,114.5,2298
2008-05-27,115.25,115.25,116.44999694824219,115.0999984741211,115.0999984741211,1932
2008-05-28,115.80000305175781,115.80000305175781,116.2750015258789,115.2750015258789,115.80000305175781,1648
2008-05-29,115.44999694824219,115.44999694824219,116.42500305175781,115.0,116.0999984741211,1635
2008-05-30,116.0250015258789,116.0250015258789,116.44999694824219,115.44999694824219,115.5999984741211,1565
2008-06-02,113.69999694824219,113.69999694824219,115.75,113.3499984741211,115.75,2243
2008-06-03,113.7750015258789,113.7750015258789,114.82499694824219,113.5,113.625,2464
2008-06-04,113.7249984741211,113.7249984741211,114.17500305175781,112.80000305175781,113.7750015258789,1299
2008-06-05,112.82499694824219,112.82499694824219,114.69999694824219,111.80000305175781,113.75,2521
2008-06-06,112.25,112.25,112.69999694824219,111.42500305175781,112.5,2610
2008-06-09,110.67500305175781,110.67500305175781,111.5,110.6500015258789,111.32499694824219,2047
2008-06-10,110.9749984741211,110.9749984741211,111.6500015258789,109.67500305175781,111.0999984741211,2595
2008-06-11,108.82499694824219,108.82499694824219,112.5,108.6500015258789,110.69999694824219,3912
2008-06-12,109.05000305175781,109.05000305175781,110.1500015258789,108.25,108.69999694824219,3251
2008-06-13,109.1500015258789,109.1500015258789,110.92500305175781,108.9749984741211,109.05000305175781,2425
2008-06-16,109.6500015258789,109.6500015258789,110.125,107.9749984741211,108.5,2581
2008-06-17,110.32499694824219,110.32499694824219,110.5999984741211,109.0,110.4000015258789,2300
2008-06-18,110.5,110.5,110.8499984741211,109.625,110.0,1564
2008-06-19,111.0999984741211,111.0999984741211,111.75,110.4000015258789,110.5999984741211,1534
2008-06-20,111.0,111.0,114.0999984741211,111.0,111.0,2389
2008-06-23,113.05000305175781,113.05000305175781,115.0,111.9749984741211,114.0999984741211,2084
2008-06-24,113.4749984741211,113.4749984741211,113.75,112.80000305175781,113.0,1762
2008-06-25,112.55000305175781,112.55000305175781,113.69999694824219,112.0250015258789,113.69999694824219,1007
2008-06-26,111.44999694824219,111.44999694824219,113.4000015258789,110.75,112.5,1812
2008-06-27,111.7249984741211,111.7249984741211,112.4000015258789,111.5,111.5,1448
2008-06-30,111.7249984741211,111.7249984741211,112.875,110.0,111.7249984741211,2731
2008-07-01,112.17500305175781,112.17500305175781,113.19999694824219,111.5,111.5,2087
2008-07-02,112.1500015258789,112.1500015258789,112.8499984741211,111.5,112.8499984741211,1146
2008-07-03,111.57499694824219,111.57499694824219,112.30000305175781,111.19999694824219,111.6500015258789,864
2008-07-07,111.0250015258789,111.0250015258789,112.5,110.4749984741211,111.5999984741211,2995
2008-07-08,111.5250015258789,111.5250015258789,112.69999694824219,110.94999694824219,111.05000305175781,3511
2008-07-09,112.9000015258789,112.9000015258789,113.44999694824219,111.69999694824219,111.69999694824219,4054
2008-07-10,112.6500015258789,112.6500015258789,114.25,112.69999694824219,113.1500015258789,4410
2008-07-11,111.7249984741211,111.7249984741211,112.9000015258789,111.0,112.75,4135
2008-07-14,110.17500305175781,110.17500305175781,111.9000015258789,110.0,111.82499694824219,3738
2008-07-15,111.44999694824219,111.44999694824219,111.9000015258789,109.19999694824219,110.0999984741211,3288
2008-07-16,111.125,111.125,111.5,110.57499694824219,111.5,1671
2008-07-17,111.55000305175781,111.55000305175781,112.5999984741211,110.57499694824219,111.0,2826
2008-07-18,113.875,113.875,114.0999984741211,111.4000015258789,111.44999694824219,3298
2008-07-21,114.6500015258789,114.6500015258789,114.9000015258789,113.8499984741211,113.8499984741211,3533
2008-07-22,113.875,113.875,115.0,113.5,114.5,2430
2008-07-23,112.5999984741211,112.5999984741211,114.1500015258789,112.19999694824219,114.0,2649
2008-07-24,112.375,112.375,113.19999694824219,112.32499694824219,112.9000015258789,1640
2008-07-25,111.75,111.75,112.5999984741211,111.19999694824219,112.2750015258789,1739
2008-07-28,111.1500015258789,111.1500015258789,111.57499694824219,110.7249984741211,111.0,693
2008-07-29,112.2750015258789,112.2750015258789,112.4000015258789,110.92500305175781,111.0,1008
2008-07-30,112.5250015258789,112.5250015258789,112.8499984741211,111.55000305175781,112.25,1417
2008-07-31,113.80000305175781,113.80000305175781,114.2249984741211,112.69999694824219,112.9000015258789,1399
2008-08-01,115.625,115.625,116.5,113.9000015258789,113.9000015258789,2353
2008-08-04,115.42500305175781,115.42500305175781,116.0999984741211,115.07499694824219,115.32499694824219,1614
2008-08-05,115.3499984741211,115.3499984741211,116.0999984741211,115.0250015258789,115.19999694824219,1655
2008-08-06,115.5,115.5,115.875,114.4749984741211,115.05000305175781,931
2008-08-07,114.07499694824219,114.07499694824219,115.44999694824219,113.69999694824219,115.1500015258789,1175
2008-08-08,114.625,114.625,115.5,114.0,114.625,880
2008-08-11,114.9749984741211,114.9749984741211,115.05000305175781,114.8499984741211,115.0,734
2008-08-12,115.1500015258789,115.1500015258789,115.80000305175781,114.9000015258789,114.9000015258789,949
2008-08-13,114.05000305175781,114.05000305175781,115.25,113.75,115.25,733
2008-08-14,114.17500305175781,114.17500305175781,114.44999694824219,113.55000305175781,114.0,772
2008-08-15,113.9000015258789,113.9000015258789,114.80000305175781,113.5999984741211,114.5,740
2008-08-18,113.6500015258789,113.6500015258789,114.2750015258789,113.5,113.94999694824219,443
2008-08-19,112.69999694824219,112.69999694824219,113.55000305175781,112.1500015258789,113.55000305175781,489
2008-08-20,113.07499694824219,113.07499694824219,113.42500305175781,111.5,111.5,500
2008-08-21,112.82499694824219,112.82499694824219,113.0999984741211,112.25,112.25,526
2008-08-22,112.8499984741211,112.8499984741211,112.9749984741211,112.5999984741211,112.69999694824219,680
2008-08-25,113.0999984741211,113.0999984741211,113.0999984741211,112.9000015258789,113.0,290
2008-08-26,113.0250015258789,113.0250015258789,113.1500015258789,112.8499984741211,113.0,638
2008-08-27,112.94999694824219,112.94999694824219,113.0,112.6500015258789,112.9000015258789,366
2008-08-28,112.4000015258789,112.4000015258789,112.9000015258789,112.42500305175781,112.9000015258789,391
2008-08-29,111.1500015258789,111.1500015258789,111.875,110.75,111.1500015258789,620
2008-09-02,111.7750015258789,111.7750015258789,112.4000015258789,111.5,112.0999984741211,726
2008-09-03,110.55000305175781,110.55000305175781,111.80000305175781,110.0250015258789,111.80000305175781,806
2008-09-04,110.7750015258789,110.7750015258789,111.17500305175781,110.32499694824219,110.75,864
2008-09-05,111.125,111.125,111.4000015258789,110.5,111.4000015258789,1064
2008-09-08,111.30000305175781,111.30000305175781,111.6500015258789,110.92500305175781,111.2249984741211,1453
2008-09-09,110.8499984741211,110.8499984741211,111.80000305175781,110.57499694824219,111.75,807
2008-09-10,109.8499984741211,109.8499984741211,111.7750015258789,109.25,110.6500015258789,1026
2008-09-11,109.6500015258789,109.6500015258789,110.0999984741211,109.19999694824219,109.5999984741211,646
2008-09-12,109.9000015258789,109.9000015258789,110.19999694824219,108.69999694824219,110.19999694824219,456
2008-09-15,109.69999694824219,109.69999694824219,109.9000015258789,109.375,109.82499694824219,530
2008-09-16,108.9000015258789,108.9000015258789,109.75,108.5,109.5,594
2008-09-17,108.0,108.0,109.5,107.5999984741211,108.42500305175781,926
2008-09-18,107.30000305175781,107.30000305175781,108.0999984741211,106.69999694824219,108.0,1400
2008-09-19,108.25,108.25,108.25,106.9000015258789,106.9000015258789,796
2008-09-22,108.1500015258789,108.1500015258789,108.6500015258789,108.0,108.6500015258789,397
2008-09-23,107.5999984741211,107.5999984741211,107.8499984741211,107.57499694824219,107.8499984741211,169
2008-09-24,107.69999694824219,107.69999694824219,107.69999694824219,107.4000015258789,107.4000015258789,504
2008-09-25,107.875,107.875,107.9000015258789,107.8499984741211,107.9000015258789,931
2008-09-26,105.80000305175781,105.80000305175781,107.17500305175781,105.375,106.9000015258789,1103
2008-09-29,102.80000305175781,102.80000305175781,105.30000305175781,102.80000305175781,105.30000305175781,1058
2008-09-30,104.0,104.0,104.875,102.0,102.5,1600
2008-10-01,103.55000305175781,103.55000305175781,104.19999694824219,102.4749984741211,104.0999984741211,1722
2008-10-02,100.57499694824219,100.57499694824219,103.8499984741211,100.55000305175781,103.5999984741211,1684
2008-10-03,100.67500305175781,100.67500305175781,103.19999694824219,99.75,100.6500015258789,1629
2008-10-06,97.67500305175781,97.67500305175781,99.30000305175781,97.67500305175781,99.1500015258789,1215
2008-10-07,99.19999694824219,99.19999694824219,100.19999694824219,98.5,98.55000305175781,704
2008-10-08,98.9000015258789,98.9000015258789,99.5,96.4000015258789,98.19999694824219,806
2008-10-09,98.44999694824219,98.44999694824219,99.9000015258789,98.0,98.7249984741211,1017
2008-10-10,95.44999694824219,95.44999694824219,96.75,95.44999694824219,96.75,1367
2008-10-13,96.94999694824219,96.94999694824219,98.30000305175781,96.6500015258789,97.5,632
2008-10-14,97.19999694824219,97.19999694824219,98.1500015258789,97.125,98.1500015258789,303
2008-10-15,96.4000015258789,96.4000015258789,96.94999694824219,95.55000305175781,96.92500305175781,728
2008-10-16,96.80000305175781,96.80000305175781,97.3499984741211,95.67500305175781,95.67500305175781,459
2008-10-17,98.4000015258789,98.4000015258789,98.92500305175781,97.5,97.5,452
2008-10-20,98.6500015258789,98.6500015258789,99.17500305175781,98.5,98.875,464
2008-10-21,99.2750015258789,99.2750015258789,99.5,98.625,98.7750015258789,356
2008-10-22,98.9749984741211,98.9749984741211,99.32499694824219,97.7249984741211,99.2249984741211,374
2008-10-23,97.7750015258789,97.7750015258789,99.30000305175781,97.375,99.30000305175781,630
2008-10-24,96.1500015258789,96.1500015258789,97.80000305175781,95.55000305175781,97.80000305175781,409
2008-10-27,95.9000015258789,95.9000015258789,96.30000305175781,95.67500305175781,96.30000305175781,501
2008-10-28,95.55000305175781,95.55000305175781,95.9749984741211,95.5,95.9000015258789,365
2008-10-29,95.80000305175781,95.80000305175781,96.05000305175781,95.67500305175781,95.8499984741211,168
2008-10-30,96.07499694824219,96.07499694824219,96.17500305175781,96.05000305175781,96.1500015258789,1109
2008-10-31,98.625,98.625,99.44999694824219,97.80000305175781,97.8499984741211,875
2008-11-03,99.69999694824219,99.69999694824219,99.82499694824219,98.82499694824219,98.82499694824219,1247
2008-11-04,100.5,100.5,100.69999694824219,99.1500015258789,99.6500015258789,898
2008-11-05,100.6500015258789,100.6500015258789,100.94999694824219,99.4749984741211,100.25,625
2008-11-06,98.875,98.875,100.3499984741211,98.5999984741211,100.0999984741211,744
2008-11-07,98.94999694824219,98.94999694824219,99.94999694824219,99.05000305175781,99.5,469
2008-11-10,99.0,99.0,99.44999694824219,98.5250015258789,99.30000305175781,820
2008-11-11,98.19999694824219,98.19999694824219,98.9749984741211,98.1500015258789,98.9749984741211,737
2008-11-12,96.8499984741211,96.8499984741211,98.5,96.2750015258789,98.44999694824219,728
2008-11-13,97.17500305175781,97.17500305175781,97.94999694824219,96.25,96.80000305175781,1154
2008-11-14,96.69999694824219,96.69999694824219,97.625,96.57499694824219,97.57499694824219,456
2008-11-17,96.0250015258789,96.0250015258789,96.67500305175781,95.9000015258789,96.67500305175781,883
2008-11-18,95.75,95.75,96.875,95.67500305175781,96.0999984741211,538
2008-11-19,95.57499694824219,95.57499694824219,96.17500305175781,95.375,95.69999694824219,414
2008-11-20,94.80000305175781,94.80000305175781,95.6500015258789,94.625,95.625,2601
2008-11-21,89.4000015258789,89.4000015258789,90.44999694824219,87.75,88.9000015258789,1734
2008-11-24,91.4000015258789,91.4000015258789,91.80000305175781,90.0,90.0,1579
2008-11-25,91.4000015258789,91.4000015258789,91.7750015258789,90.30000305175781,90.92500305175781,1335
2008-11-26,92.19999694824219,92.19999694824219,92.4000015258789,90.80000305175781,91.25,1205
2008-11-28,91.69999694824219,91.69999694824219,92.30000305175781,91.75,92.19999694824219,917
2008-12-01,89.625,89.625,91.19999694824219,88.75,90.8499984741211,1318
2008-12-02,89.0,89.0,90.75,88.5,89.19999694824219,1462
2008-12-03,88.3499984741211,88.3499984741211,90.0,88.07499694824219,89.0,1762
2008-12-04,88.0999984741211,88.0999984741211,88.9000015258789,87.2750015258789,88.5,3210
2008-12-05,86.6500015258789,86.6500015258789,88.0999984741211,85.5,87.5,3767
2008-12-08,87.9000015258789,87.9000015258789,89.4749984741211,87.0999984741211,87.55000305175781,2451
2008-12-09,86.55000305175781,86.55000305175781,88.3499984741211,86.5,88.17500305175781,1717
2008-12-10,87.3499984741211,87.3499984741211,88.0,86.5,86.69999694824219,2415
2008-12-11,87.5999984741211,87.5999984741211,88.5250015258789,87.30000305175781,87.80000305175781,2083
2008-12-12,87.17500305175781,87.17500305175781,87.67500305175781,85.75,87.5,1449
2008-12-15,88.125,88.125,88.80000305175781,86.9000015258789,87.5,1166
2008-12-16,91.125,91.125,91.125,88.2249984741211,88.25,1749
2008-12-17,93.44999694824219,93.44999694824219,93.9000015258789,91.69999694824219,92.0,2680
2008-12-18,92.4000015258789,92.4000015258789,93.9000015258789,91.5,93.9000015258789,1614
2008-12-19,93.5,93.5,94.69999694824219,91.6500015258789,91.9000015258789,1405
2008-12-22,93.375,93.375,93.9000015258789,93.0,93.82499694824219,1344
2008-12-23,93.5999984741211,93.5999984741211,94.0250015258789,93.0250015258789,93.25,859
2008-12-24,94.875,94.875,95.0,93.80000305175781,93.80000305175781,179
2008-12-26,92.82499694824219,92.82499694824219,94.625,92.55000305175781,94.625,640
2008-12-29,93.44999694824219,93.44999694824219,94.19999694824219,92.55000305175781,92.55000305175781,530
2008-12-30,93.9749984741211,93.9749984741211,94.5999984741211,93.75,93.875,830
2008-12-31,94.05000305175781,94.05000305175781,94.30000305175781,93.25,94.0,383
2009-01-02,95.5999984741211,95.5999984741211,96.625,92.80000305175781,93.25,590
2009-01-05,97.0,97.0,97.75,95.2249984741211,96.0,857
2009-01-06,96.125,96.125,98.0,95.80000305175781,96.9749984741211,1561
2009-01-07,94.5,94.5,96.5999984741211,94.25,96.30000305175781,1144
2009-01-08,93.5,93.5,94.75,93.19999694824219,94.5,811
2009-01-09,94.0999984741211,94.0999984741211,94.375,93.44999694824219,93.44999694824219,733
2009-01-12,95.19999694824219,95.19999694824219,95.57499694824219,94.19999694824219,94.32499694824219,460
2009-01-13,96.3499984741211,96.3499984741211,96.57499694824219,95.17500305175781,95.17500305175781,327
2009-01-14,95.69999694824219,95.69999694824219,96.4000015258789,94.0250015258789,96.375,349
2009-01-15,95.0,95.0,96.55000305175781,94.44999694824219,95.69999694824219,319
2009-01-16,95.0,95.0,95.57499694824219,94.55000305175781,95.19999694824219,253
2009-01-20,93.0,93.0,94.5,92.9000015258789,94.5,384
2009-01-21,92.875,92.875,93.5999984741211,92.375,93.0,824
2009-01-22,93.4749984741211,93.4749984741211,93.7750015258789,92.5,93.19999694824219,686
2009-01-23,93.6500015258789,93.6500015258789,94.1500015258789,92.80000305175781,92.80000305175781,190
2009-01-26,93.75,93.75,94.30000305175781,93.80000305175781,94.25,516
2009-01-27,94.0999984741211,94.0999984741211,94.4000015258789,93.75,94.25,270
2009-01-28,94.19999694824219,94.19999694824219,94.5,93.9000015258789,93.9000015258789,185
2009-01-29,94.2750015258789,94.2750015258789,94.5,94.0999984741211,94.0999984741211,2067
2009-01-30,91.0,91.0,91.6500015258789,90.19999694824219,90.19999694824219,1615
2009-02-02,94.0,94.0,94.0,92.2249984741211,92.2249984741211,1817
2009-02-03,93.42500305175781,93.42500305175781,93.94999694824219,93.05000305175781,93.7750015258789,1630
2009-02-04,93.42500305175781,93.42500305175781,93.92500305175781,93.3499984741211,93.5999984741211,1269
2009-02-05,94.125,94.125,94.44999694824219,92.75,93.2750015258789,1630
2009-02-06,94.3499984741211,94.3499984741211,95.2249984741211,94.0999984741211,94.125,2799
2009-02-09,95.55000305175781,95.55000305175781,95.9000015258789,94.07499694824219,94.07499694824219,2676
2009-02-10,95.69999694824219,95.69999694824219,96.875,95.30000305175781,95.30000305175781,3533
2009-02-11,95.4000015258789,95.4000015258789,96.4000015258789,95.1500015258789,95.5999984741211,3070
2009-02-12,95.1500015258789,95.1500015258789,95.9000015258789,94.75,95.55000305175781,2723
2009-02-13,94.4749984741211,94.4749984741211,96.0999984741211,94.0,95.19999694824219,1661
2009-02-17,91.625,91.625,94.4749984741211,91.4749984741211,94.4749984741211,2157
2009-02-18,89.0250015258789,89.0250015258789,91.9000015258789,88.625,91.5,1850
2009-02-19,90.625,90.625,90.75,88.5250015258789,88.75,2466
2009-02-20,88.375,88.375,90.0,87.625,90.0,2057
2009-02-23,88.75,88.75,89.30000305175781,87.67500305175781,89.0999984741211,1370
2009-02-24,90.75,90.75,91.05000305175781,87.9000015258789,88.125,1420
2009-02-25,90.5999984741211,90.5999984741211,90.82499694824219,89.69999694824219,90.67500305175781,1092
2009-02-26,92.30000305175781,92.30000305175781,92.6500015258789,90.5,90.5999984741211,1323
2009-02-27,92.5999984741211,92.5999984741211,93.5999984741211,91.5999984741211,92.5999984741211,1245
2009-03-02,91.44999694824219,91.44999694824219,92.5,90.57499694824219,92.5,896
2009-03-03,91.9749984741211,91.9749984741211,92.5,91.25,91.32499694824219,486
2009-03-04,93.0250015258789,93.0250015258789,93.94999694824219,91.69999694824219,91.69999694824219,467
2009-03-05,92.19999694824219,92.19999694824219,93.0,91.875,93.0,1351
2009-03-06,90.5,90.5,92.44999694824219,90.19999694824219,92.1500015258789,700
2009-03-09,90.7249984741211,90.7249984741211,91.5,90.55000305175781,91.0999984741211,410
2009-03-10,90.55000305175781,90.55000305175781,91.625,90.5,91.07499694824219,356
2009-03-11,90.0,90.0,91.1500015258789,89.75,90.9000015258789,522
2009-03-12,90.9000015258789,90.9000015258789,91.30000305175781,89.75,90.0,376
2009-03-13,91.94999694824219,91.94999694824219,92.17500305175781,91.19999694824219,91.44999694824219,480
2009-03-16,91.69999694824219,91.69999694824219,92.3499984741211,91.25,92.0,640
2009-03-17,92.5999984741211,92.5999984741211,92.80000305175781,91.4000015258789,91.4000015258789,585
2009-03-18,93.07499694824219,93.07499694824219,93.5,92.5999984741211,93.17500305175781,870
2009-03-19,94.25,94.25,94.4000015258789,93.3499984741211,93.3499984741211,461
2009-03-20,93.67500305175781,93.67500305175781,94.69999694824219,93.55000305175781,94.3499984741211,514
2009-03-23,94.0,94.0,94.0,93.55000305175781,94.0,335
2009-03-24,94.0,94.0,94.0,93.6500015258789,94.0,221
2009-03-25,93.75,93.75,94.0,93.75,93.94999694824219,544
2009-03-26,93.4000015258789,93.4000015258789,93.80000305175781,93.4000015258789,93.80000305175781,803
2009-03-27,93.125,93.125,93.9749984741211,92.80000305175781,93.75,889
2009-03-30,92.19999694824219,92.19999694824219,93.05000305175781,92.05000305175781,93.05000305175781,1253
2009-03-31,93.17500305175781,93.17500305175781,93.4000015258789,92.0,92.5250015258789,775
2009-04-01,93.30000305175781,93.30000305175781,93.375,92.92500305175781,93.125,415
2009-04-02,94.4749984741211,94.4749984741211,95.0999984741211,93.07499694824219,93.07499694824219,1058
2009-04-03,95.4000015258789,95.4000015258789,95.7750015258789,94.80000305175781,94.9000015258789,1202
2009-04-06,95.94999694824219,95.94999694824219,96.2750015258789,95.17500305175781,95.19999694824219,842
2009-04-07,96.2249984741211,96.2249984741211,96.42500305175781,95.9000015258789,96.0999984741211,759
2009-04-08,96.57499694824219,96.57499694824219,96.94999694824219,96.4000015258789,96.4749984741211,406
2009-04-09,98.1500015258789,98.1500015258789,98.2750015258789,97.0,97.0,829
2009-04-13,98.94999694824219,98.94999694824219,98.9749984741211,98.0250015258789,98.125,507
2009-04-14,98.07499694824219,98.07499694824219,98.9000015258789,98.125,98.9000015258789,474
2009-04-15,99.57499694824219,99.57499694824219,100.0,98.25,98.2750015258789,787
2009-04-16,98.82499694824219,98.82499694824219,100.44999694824219,98.80000305175781,100.125,378
2009-04-17,99.17500305175781,99.17500305175781,99.69999694824219,98.5,99.3499984741211,359
2009-04-20,98.55000305175781,98.55000305175781,99.125,97.7750015258789,98.5250015258789,1505
2009-04-21,99.5,99.5,99.7750015258789,99.0,99.0,442
2009-04-22,99.57499694824219,99.57499694824219,99.8499984741211,99.125,99.75,490
2009-04-23,99.55000305175781,99.55000305175781,99.875,99.25,99.42500305175781,332
2009-04-24,99.75,99.75,99.9000015258789,99.6500015258789,99.69999694824219,187
2009-04-27,99.44999694824219,99.44999694824219,99.69999694824219,99.25,99.44999694824219,326
2009-04-28,99.3499984741211,99.3499984741211,99.75,99.125,99.30000305175781,383
2009-04-29,99.55000305175781,99.55000305175781,99.5250015258789,99.19999694824219,99.2249984741211,306
2009-04-30,99.57499694824219,99.57499694824219,99.7249984741211,99.5,99.5,1333
2009-05-01,97.44999694824219,97.44999694824219,98.57499694824219,97.4000015258789,98.07499694824219,1267
2009-05-04,97.4000015258789,97.4000015258789,97.69999694824219,96.80000305175781,97.44999694824219,1526
2009-05-05,97.42500305175781,97.42500305175781,97.6500015258789,97.2750015258789,97.5,858
2009-05-06,97.69999694824219,97.69999694824219,98.375,97.5,97.5,654
2009-05-07,98.19999694824219,98.19999694824219,98.6500015258789,97.0999984741211,97.92500305175781,1289
2009-05-08,99.3499984741211,99.3499984741211,99.55000305175781,98.25,98.3499984741211,820
2009-05-11,99.55000305175781,99.55000305175781,99.9749984741211,99.0999984741211,99.25,861
2009-05-12,99.32499694824219,99.32499694824219,99.69999694824219,99.1500015258789,99.6500015258789,813
2009-05-13,98.94999694824219,98.94999694824219,99.4000015258789,98.80000305175781,99.30000305175781,974
2009-05-14,99.25,99.25,99.25,98.75,99.0,572
2009-05-15,99.0,99.0,99.4000015258789,98.8499984741211,99.25,944
2009-05-18,99.0,99.0,99.125,98.82499694824219,99.0,537
2009-05-19,98.8499984741211,98.8499984741211,99.05000305175781,98.82499694824219,98.9000015258789,571
2009-05-20,98.9000015258789,98.9000015258789,99.125,98.82499694824219,98.82499694824219,417
2009-05-21,98.9000015258789,98.9000015258789,99.05000305175781,98.875,99.05000305175781,1280
2009-05-22,101.92500305175781,101.92500305175781,102.25,101.55000305175781,101.82499694824219,1177
2009-05-26,102.57499694824219,102.57499694824219,102.80000305175781,101.8499984741211,102.1500015258789,1931
2009-05-27,102.44999694824219,102.44999694824219,103.1500015258789,102.30000305175781,102.5,2552
2009-05-28,101.82499694824219,101.82499694824219,102.6500015258789,101.75,102.44999694824219,1913
2009-05-29,101.75,101.75,102.0,101.25,101.9000015258789,2373
2009-06-01,100.17500305175781,100.17500305175781,102.5,98.94999694824219,102.44999694824219,3662
2009-06-02,97.17500305175781,97.17500305175781,100.1500015258789,97.17500305175781,99.82499694824219,5510
2009-06-03,96.125,96.125,97.17500305175781,96.07499694824219,97.17500305175781,4450
2009-06-04,96.5999984741211,96.5999984741211,97.17500305175781,95.625,96.55000305175781,3124
2009-06-05,96.625,96.625,97.55000305175781,96.1500015258789,96.5999984741211,2229
2009-06-08,95.8499984741211,95.8499984741211,96.7750015258789,94.42500305175781,96.4000015258789,2813
2009-06-09,96.32499694824219,96.32499694824219,96.6500015258789,95.5,96.05000305175781,2334
2009-06-10,96.17500305175781,96.17500305175781,96.7750015258789,95.5999984741211,96.5,1786
2009-06-11,96.375,96.375,96.4749984741211,94.5999984741211,95.69999694824219,2041
2009-06-12,97.57499694824219,97.57499694824219,97.82499694824219,95.80000305175781,96.2249984741211,2336
2009-06-15,97.19999694824219,97.19999694824219,97.57499694824219,96.8499984741211,97.5,1361
2009-06-16,96.55000305175781,96.55000305175781,98.0,95.94999694824219,97.07499694824219,1645
2009-06-17,97.32499694824219,97.32499694824219,97.55000305175781,96.25,96.30000305175781,1291
2009-06-18,97.80000305175781,97.80000305175781,98.7249984741211,97.19999694824219,97.32499694824219,1398
2009-06-19,98.0999984741211,98.0999984741211,98.25,97.55000305175781,97.7249984741211,1338
2009-06-22,98.92500305175781,98.92500305175781,99.05000305175781,98.1500015258789,98.25,1945
2009-06-23,99.69999694824219,99.69999694824219,99.9000015258789,98.75,98.80000305175781,2824
2009-06-24,98.94999694824219,98.94999694824219,100.0,98.5250015258789,99.94999694824219,1799
2009-06-25,98.94999694824219,98.94999694824219,99.3499984741211,98.67500305175781,98.69999694824219,709
2009-06-26,98.9749984741211,98.9749984741211,99.25,98.75,99.0,929
2009-06-29,101.7249984741211,101.7249984741211,101.9749984741211,98.82499694824219,98.94999694824219,3697
2009-06-30,102.82499694824219,102.82499694824219,103.42500305175781,101.6500015258789,101.8499984741211,5409
2009-07-01,103.7750015258789,103.7750015258789,104.05000305175781,102.44999694824219,102.69999694824219,4241
2009-07-02,103.44999694824219,103.44999694824219,103.75,102.3499984741211,103.75,2709
2009-07-06,103.80000305175781,103.80000305175781,104.4000015258789,103.5,103.625,2676
2009-07-07,102.6500015258789,102.6500015258789,103.8499984741211,102.5,103.80000305175781,2390
2009-07-08,101.6500015258789,101.6500015258789,103.0,101.5250015258789,102.80000305175781,3410
2009-07-09,102.94999694824219,102.94999694824219,103.2249984741211,101.6500015258789,101.69999694824219,2771
2009-07-10,102.92500305175781,102.92500305175781,103.0999984741211,102.2249984741211,102.9000015258789,1988
2009-07-13,103.80000305175781,103.80000305175781,104.92500305175781,103.0,103.05000305175781,3818
2009-07-14,103.125,103.125,104.0,103.0999984741211,104.0,2188
2009-07-15,103.05000305175781,103.05000305175781,103.9749984741211,103.05000305175781,103.1500015258789,1431
2009-07-16,103.9000015258789,103.9000015258789,104.5999984741211,103.2249984741211,103.2750015258789,1697
2009-07-17,104.5999984741211,104.5999984741211,104.69999694824219,103.6500015258789,104.0,984
2009-07-20,104.4749984741211,104.4749984741211,104.82499694824219,103.7750015258789,104.6500015258789,1427
2009-07-21,103.25,103.25,104.4749984741211,103.1500015258789,104.375,1936
2009-07-22,103.125,103.125,103.5,102.80000305175781,103.375,1491
2009-07-23,102.375,102.375,103.0999984741211,102.30000305175781,103.05000305175781,1126
2009-07-24,102.55000305175781,102.55000305175781,102.55000305175781,101.5999984741211,102.32499694824219,1615
2009-07-27,102.4000015258789,102.4000015258789,102.7750015258789,102.0,102.5999984741211,710
2009-07-28,102.8499984741211,102.8499984741211,103.1500015258789,101.9000015258789,102.5999984741211,1062
2009-07-29,102.0250015258789,102.0250015258789,103.05000305175781,101.80000305175781,102.8499984741211,1743
2009-07-30,102.125,102.125,102.44999694824219,101.42500305175781,102.25,1473
2009-07-31,102.3499984741211,102.3499984741211,102.5999984741211,101.80000305175781,102.44999694824219,1110
2009-08-03,102.0,102.0,102.4749984741211,101.80000305175781,102.19999694824219,712
2009-08-04,100.94999694824219,100.94999694824219,102.0,100.6500015258789,101.875,1254
2009-08-05,101.3499984741211,101.3499984741211,101.5,99.44999694824219,100.7750015258789,1728
2009-08-06,101.0999984741211,101.0999984741211,101.67500305175781,100.32499694824219,101.25,630
2009-08-07,101.3499984741211,101.3499984741211,101.5,100.25,100.3499984741211,635
2009-08-10,100.42500305175781,100.42500305175781,101.1500015258789,100.2750015258789,101.1500015258789,978
2009-08-11,100.0999984741211,100.0999984741211,100.92500305175781,99.92500305175781,100.6500015258789,1010
2009-08-12,99.8499984741211,99.8499984741211,100.9000015258789,99.67500305175781,100.44999694824219,1023
2009-08-13,100.05000305175781,100.05000305175781,100.19999694824219,99.69999694824219,99.80000305175781,664
2009-08-14,100.69999694824219,100.69999694824219,100.69999694824219,99.5,100.0,719
2009-08-17,100.67500305175781,100.67500305175781,100.9000015258789,100.2249984741211,100.30000305175781,474
2009-08-18,101.1500015258789,101.1500015258789,101.75,100.1500015258789,100.625,707
2009-08-19,101.05000305175781,101.05000305175781,101.30000305175781,101.0,101.30000305175781,310
2009-08-20,101.05000305175781,101.05000305175781,101.19999694824219,100.80000305175781,101.0999984741211,328
2009-08-21,100.1500015258789,100.1500015258789,101.0,100.19999694824219,101.0,737
2009-08-24,100.0999984741211,100.0999984741211,100.4000015258789,100.0250015258789,100.05000305175781,441
2009-08-25,99.94999694824219,99.94999694824219,100.2249984741211,99.9000015258789,100.0999984741211,574
2009-08-26,99.80000305175781,99.80000305175781,100.0,99.7750015258789,99.94999694824219,534
2009-08-27,99.5,99.5,99.80000305175781,99.5,99.80000305175781,918
2009-08-28,98.1500015258789,98.1500015258789,99.2750015258789,98.05000305175781,98.94999694824219,514
2009-08-31,97.25,97.25,97.94999694824219,97.2249984741211,97.94999694824219,734
2009-09-01,97.0,97.0,97.875,96.875,97.75,597
2009-09-02,98.5999984741211,98.5999984741211,98.69999694824219,96.82499694824219,97.125,993
2009-09-03,98.5,98.5,99.1500015258789,98.07499694824219,98.67500305175781,800
2009-09-04,98.94999694824219,98.94999694824219,98.9000015258789,98.07499694824219,98.07499694824219,800
2009-09-08,99.05000305175781,99.05000305175781,99.4000015258789,98.69999694824219,98.69999694824219,640
2009-09-09,99.80000305175781,99.80000305175781,99.875,99.05000305175781,99.30000305175781,1001
2009-09-10,99.5,99.5,99.875,99.25,99.69999694824219,746
2009-09-11,99.17500305175781,99.17500305175781,99.75,99.17500305175781,99.3499984741211,217
2009-09-14,98.8499984741211,98.8499984741211,99.2249984741211,98.625,99.0250015258789,354
2009-09-15,98.55000305175781,98.55000305175781,98.875,98.30000305175781,98.5999984741211,451
2009-09-16,98.2750015258789,98.2750015258789,98.69999694824219,98.19999694824219,98.5999984741211,341
2009-09-17,96.6500015258789,96.6500015258789,98.2750015258789,96.80000305175781,98.2750015258789,636
2009-09-18,97.25,97.25,97.25,96.5999984741211,96.80000305175781,299
2009-09-21,97.1500015258789,97.1500015258789,97.375,96.92500305175781,97.25,473
2009-09-22,96.75,96.75,97.30000305175781,96.75,97.05000305175781,542
2009-09-23,96.8499984741211,96.8499984741211,96.9749984741211,96.67500305175781,96.67500305175781,234
2009-09-24,97.0,97.0,97.0999984741211,96.875,97.05000305175781,1178
2009-09-25,96.5999984741211,96.5999984741211,97.2750015258789,96.5999984741211,97.25,928
2009-09-28,96.44999694824219,96.44999694824219,96.5250015258789,95.9000015258789,96.19999694824219,1265
2009-09-29,95.80000305175781,95.80000305175781,96.2750015258789,95.69999694824219,96.25,915
2009-09-30,96.5,96.5,96.69999694824219,95.05000305175781,95.80000305175781,856
2009-10-01,94.94999694824219,94.94999694824219,96.75,94.5,96.55000305175781,942
2009-10-02,93.55000305175781,93.55000305175781,95.0250015258789,93.5,95.0250015258789,754
2009-10-05,93.3499984741211,93.3499984741211,93.69999694824219,93.125,93.67500305175781,1047
2009-10-06,92.8499984741211,92.8499984741211,93.30000305175781,92.42500305175781,93.30000305175781,1048
2009-10-07,93.3499984741211,93.3499984741211,93.57499694824219,93.0,93.07499694824219,798
2009-10-08,93.9749984741211,93.9749984741211,94.0250015258789,92.8499984741211,93.125,826
2009-10-09,94.17500305175781,94.17500305175781,94.55000305175781,93.5,94.0,771
2009-10-12,94.0250015258789,94.0250015258789,94.3499984741211,93.8499984741211,94.1500015258789,433
2009-10-13,93.05000305175781,93.05000305175781,93.80000305175781,92.8499984741211,93.6500015258789,578
2009-10-14,93.7249984741211,93.7249984741211,94.0,93.0,93.05000305175781,354
2009-10-15,94.125,94.125,94.55000305175781,93.9000015258789,93.9000015258789,591
2009-10-16,94.55000305175781,94.55000305175781,94.75,93.8499984741211,94.0999984741211,1025
2009-10-19,94.80000305175781,94.80000305175781,95.0999984741211,94.5999984741211,94.80000305175781,576
2009-10-20,94.25,94.25,94.6500015258789,94.0,94.4749984741211,711
2009-10-21,94.5,94.5,94.9000015258789,94.25,94.80000305175781,397
2009-10-22,94.44999694824219,94.44999694824219,94.82499694824219,94.30000305175781,94.5,319
2009-10-23,94.25,94.25,94.75,94.1500015258789,94.75,379
2009-10-26,93.8499984741211,93.8499984741211,94.19999694824219,93.75,94.19999694824219,272
2009-10-27,93.8499984741211,93.8499984741211,93.94999694824219,93.69999694824219,93.80000305175781,211
2009-10-28,93.6500015258789,93.6500015258789,93.80000305175781,93.44999694824219,93.80000305175781,406
2009-10-29,93.2750015258789,93.2750015258789,93.69999694824219,93.25,93.69999694824219,1334
2009-10-30,94.80000305175781,94.80000305175781,95.4000015258789,94.4749984741211,94.57499694824219,1339
2009-11-02,95.125,95.125,95.67500305175781,94.80000305175781,95.0999984741211,1309
2009-11-03,94.67500305175781,94.67500305175781,95.42500305175781,94.625,95.07499694824219,1250
2009-11-04,95.375,95.375,95.75,94.5999984741211,95.17500305175781,839
2009-11-05,95.5999984741211,95.5999984741211,96.05000305175781,95.4000015258789,95.625,894
2009-11-06,94.6500015258789,94.6500015258789,96.0999984741211,94.3499984741211,95.6500015258789,1120
2009-11-09,94.25,94.25,95.0999984741211,94.0,94.94999694824219,883
2009-11-10,93.875,93.875,94.42500305175781,93.75,94.25,1071
2009-11-11,93.32499694824219,93.32499694824219,93.92500305175781,93.25,93.75,1423
2009-11-12,92.94999694824219,92.94999694824219,93.5250015258789,93.0,93.42500305175781,657
2009-11-13,93.1500015258789,93.1500015258789,93.25,92.75,93.19999694824219,435
2009-11-16,93.0999984741211,93.0999984741211,93.5,93.05000305175781,93.4749984741211,383
2009-11-17,93.1500015258789,93.1500015258789,93.4000015258789,93.0,93.4000015258789,360
2009-11-18,92.94999694824219,92.94999694824219,93.25,92.75,93.0999984741211,369
2009-11-19,93.0250015258789,93.0250015258789,93.07499694824219,92.9000015258789,92.9000015258789,1337
2009-11-20,92.67500305175781,92.67500305175781,92.8499984741211,91.875,91.92500305175781,1666
2009-11-23,92.875,92.875,93.0999984741211,92.32499694824219,92.69999694824219,1200
2009-11-24,93.2249984741211,93.2249984741211,93.5,92.625,93.0,983
2009-11-25,93.30000305175781,93.30000305175781,93.4749984741211,92.9749984741211,93.30000305175781,983
2009-11-27,92.5,92.5,93.30000305175781,91.875,93.30000305175781,1412
2009-11-30,92.94999694824219,92.94999694824219,93.17500305175781,92.4000015258789,92.67500305175781,957
2009-12-01,93.4749984741211,93.4749984741211,94.55000305175781,92.3499984741211,92.8499984741211,2970
2009-12-02,93.94999694824219,93.94999694824219,94.4000015258789,93.42500305175781,93.6500015258789,3351
2009-12-03,93.0999984741211,93.0999984741211,94.0,92.80000305175781,93.9000015258789,2152
2009-12-04,93.3499984741211,93.3499984741211,93.82499694824219,93.17500305175781,93.30000305175781,2390
2009-12-07,92.8499984741211,92.8499984741211,93.75,92.92500305175781,93.5999984741211,2810
2009-12-08,92.05000305175781,92.05000305175781,93.05000305175781,91.92500305175781,92.92500305175781,2882
2009-12-09,91.05000305175781,91.05000305175781,92.42500305175781,90.4000015258789,92.19999694824219,4428
2009-12-10,90.7249984741211,90.7249984741211,91.125,90.17500305175781,90.75,2692
2009-12-11,91.57499694824219,91.57499694824219,91.875,90.55000305175781,91.1500015258789,2684
2009-12-14,91.9000015258789,91.9000015258789,92.05000305175781,91.5999984741211,91.7750015258789,1334
2009-12-15,93.0250015258789,93.0250015258789,93.1500015258789,91.9000015258789,91.9000015258789,2278
2009-12-16,92.8499984741211,92.8499984741211,93.125,92.32499694824219,92.9000015258789,1937
2009-12-17,93.9749984741211,93.9749984741211,94.07499694824219,92.8499984741211,92.8499984741211,3474
2009-12-18,94.7249984741211,94.7249984741211,94.9749984741211,93.75,93.75,3009
2009-12-21,94.55000305175781,94.55000305175781,95.32499694824219,94.4000015258789,94.9000015258789,2042
2009-12-22,94.42500305175781,94.42500305175781,95.1500015258789,94.30000305175781,94.625,1650
2009-12-23,95.44999694824219,95.44999694824219,95.5999984741211,94.55000305175781,94.67500305175781,1682
2009-12-24,94.625,94.625,95.5,94.6500015258789,95.3499984741211,454
2009-12-28,95.5250015258789,95.5250015258789,95.67500305175781,94.25,94.42500305175781,1237
2009-12-29,94.9749984741211,94.9749984741211,95.4749984741211,94.75,95.4000015258789,721
2009-12-30,95.125,95.125,95.4000015258789,94.875,94.9000015258789,587
2009-12-31,95.8499984741211,95.8499984741211,96.0250015258789,95.0999984741211,95.1500015258789,820
2010-01-04,95.875,95.875,95.9749984741211,95.17500305175781,95.82499694824219,1413
2010-01-05,96.55000305175781,96.55000305175781,96.69999694824219,95.7750015258789,95.80000305175781,1700
2010-01-06,96.30000305175781,96.30000305175781,96.80000305175781,95.9749984741211,96.4749984741211,938
2010-01-07,96.44999694824219,96.44999694824219,96.7750015258789,96.2249984741211,96.30000305175781,429
2010-01-08,96.3499984741211,96.3499984741211,96.55000305175781,95.75,96.25,589
2010-01-11,96.2750015258789,96.2750015258789,96.6500015258789,95.75,96.42500305175781,1211
2010-01-12,97.80000305175781,97.80000305175781,98.0999984741211,96.32499694824219,96.32499694824219,1473
2010-01-13,97.30000305175781,97.30000305175781,98.07499694824219,97.19999694824219,97.9000015258789,393
2010-01-14,97.5250015258789,97.5250015258789,98.19999694824219,97.2249984741211,97.44999694824219,1577
2010-01-15,97.9749984741211,97.9749984741211,98.19999694824219,97.69999694824219,97.94999694824219,352
2010-01-19,98.25,98.25,98.5,98.0,98.19999694824219,355
2010-01-20,97.92500305175781,97.92500305175781,98.375,97.75,98.2750015258789,573
2010-01-21,97.42500305175781,97.42500305175781,97.94999694824219,97.19999694824219,97.94999694824219,1031
2010-01-22,97.0999984741211,97.0999984741211,97.44999694824219,97.0250015258789,97.19999694824219,327
2010-01-25,96.5250015258789,96.5250015258789,97.0,96.5250015258789,97.0,359
2010-01-26,96.6500015258789,96.6500015258789,96.6500015258789,96.5,96.55000305175781,352
2010-01-27,96.6500015258789,96.6500015258789,96.7750015258789,96.55000305175781,96.5999984741211,495
2010-01-28,96.80000305175781,96.80000305175781,96.80000305175781,96.6500015258789,96.7249984741211,1710
2010-01-29,98.875,98.875,99.7249984741211,98.5,98.5,2963
2010-02-01,97.7249984741211,97.7249984741211,99.0,97.625,98.9749984741211,3144
2010-02-02,97.2249984741211,97.2249984741211,98.42500305175781,97.2750015258789,97.80000305175781,3190
2010-02-03,97.4000015258789,97.4000015258789,97.9749984741211,97.125,97.67500305175781,4218
2010-02-04,97.25,97.25,97.80000305175781,97.1500015258789,97.4749984741211,3564
2010-02-05,98.32499694824219,98.32499694824219,98.625,97.4000015258789,97.5,4093
2010-02-08,99.2249984741211,99.2249984741211,99.75,98.05000305175781,98.3499984741211,3250
2010-02-09,99.9749984741211,99.9749984741211,100.2249984741211,99.2750015258789,99.44999694824219,3502
2010-02-10,100.25,100.25,100.42500305175781,99.4749984741211,100.125,3038
2010-02-11,100.5,100.5,100.75,99.9749984741211,100.25,2761
2010-02-12,99.75,99.75,100.9000015258789,99.7249984741211,100.4749984741211,2317
2010-02-16,101.125,101.125,101.3499984741211,99.7249984741211,99.82499694824219,1486
2010-02-17,101.57499694824219,101.57499694824219,101.75,100.69999694824219,100.92500305175781,1209
2010-02-18,102.4749984741211,102.4749984741211,102.7249984741211,101.69999694824219,101.69999694824219,1369
2010-02-19,102.5999984741211,102.5999984741211,103.0,101.875,102.25,1406
2010-02-22,101.82499694824219,101.82499694824219,102.6500015258789,101.5250015258789,102.5999984741211,1580
2010-02-23,101.1500015258789,101.1500015258789,101.80000305175781,101.0250015258789,101.625,1891
2010-02-24,101.1500015258789,101.1500015258789,101.625,100.8499984741211,101.55000305175781,1155
2010-02-25,100.9000015258789,100.9000015258789,101.3499984741211,100.5250015258789,101.19999694824219,1311
2010-02-26,101.05000305175781,101.05000305175781,101.17500305175781,100.75,100.94999694824219,755
2010-03-01,102.0999984741211,102.0999984741211,102.19999694824219,101.0,101.05000305175781,1266
2010-03-02,102.375,102.375,102.55000305175781,101.7750015258789,102.19999694824219,1565
2010-03-03,102.5,102.5,102.9000015258789,102.25,102.42500305175781,1879
2010-03-04,102.5250015258789,102.5250015258789,102.69999694824219,102.0999984741211,102.5,1599
2010-03-05,102.19999694824219,102.19999694824219,102.80000305175781,102.32499694824219,102.55000305175781,524
2010-03-08,102.5250015258789,102.5250015258789,102.80000305175781,102.3499984741211,102.4000015258789,1413
2010-03-09,102.3499984741211,102.3499984741211,102.75,102.30000305175781,102.69999694824219,1133
2010-03-10,102.0,102.0,102.5,101.69999694824219,102.30000305175781,1217
2010-03-11,101.92500305175781,101.92500305175781,102.0999984741211,101.6500015258789,102.0999984741211,1359
2010-03-12,103.0,103.0,103.0,102.0,102.0999984741211,737
2010-03-15,102.9000015258789,102.9000015258789,103.19999694824219,102.55000305175781,102.9000015258789,446
2010-03-16,102.94999694824219,102.94999694824219,103.19999694824219,102.80000305175781,102.82499694824219,485
2010-03-17,103.2750015258789,103.2750015258789,103.44999694824219,103.0,103.0,505
2010-03-18,104.625,104.625,105.2750015258789,103.44999694824219,103.44999694824219,711
2010-03-19,104.80000305175781,104.80000305175781,105.69999694824219,104.55000305175781,105.0999984741211,466
2010-03-22,104.69999694824219,104.69999694824219,105.57499694824219,104.25,105.125,720
2010-03-23,105.375,105.375,105.55000305175781,104.55000305175781,105.0,1230
2010-03-24,106.0999984741211,106.0999984741211,106.19999694824219,105.2249984741211,105.4000015258789,946
2010-03-25,106.0999984741211,106.0999984741211,106.17500305175781,106.0,106.05000305175781,1872
2010-03-26,107.19999694824219,107.19999694824219,108.0250015258789,106.67500305175781,107.05000305175781,2106
2010-03-29,108.375,108.375,108.8499984741211,107.32499694824219,107.44999694824219,1051
2010-03-30,108.7249984741211,108.7249984741211,108.92500305175781,108.0,108.75,761
2010-03-31,110.42500305175781,110.42500305175781,110.69999694824219,108.6500015258789,108.9749984741211,882
2010-04-01,110.375,110.375,110.75,109.875,110.57499694824219,5
2010-04-05,112.6500015258789,112.6500015258789,112.67500305175781,110.6500015258789,111.0,781
2010-04-06,112.19999694824219,112.19999694824219,113.67500305175781,111.80000305175781,112.4000015258789,744
2010-04-07,113.05000305175781,113.05000305175781,114.19999694824219,112.30000305175781,113.92500305175781,1053
2010-04-08,112.875,112.875,113.19999694824219,112.4000015258789,112.5,1471
2010-04-09,114.5250015258789,114.5250015258789,114.94999694824219,113.0250015258789,113.0250015258789,975
2010-04-12,114.0250015258789,114.0250015258789,114.80000305175781,113.92500305175781,114.6500015258789,592
2010-04-13,113.30000305175781,113.30000305175781,114.4749984741211,112.55000305175781,113.9000015258789,602
2010-04-14,111.8499984741211,111.8499984741211,113.4749984741211,111.94999694824219,113.0,635
2010-04-15,112.25,112.25,112.875,111.67500305175781,112.17500305175781,470
2010-04-16,111.94999694824219,111.94999694824219,112.9000015258789,111.32499694824219,112.4000015258789,437
2010-04-19,112.05000305175781,112.05000305175781,112.2750015258789,111.4749984741211,112.0,375
2010-04-20,111.6500015258789,111.6500015258789,112.0999984741211,111.5,112.0999984741211,183
2010-04-21,112.05000305175781,112.05000305175781,112.19999694824219,111.80000305175781,112.0,335
2010-04-22,112.125,112.125,112.5999984741211,111.7750015258789,112.5999984741211,150
2010-04-23,112.19999694824219,112.19999694824219,112.30000305175781,111.9000015258789,112.1500015258789,413
2010-04-26,113.0,113.0,113.4000015258789,112.5,112.5999984741211,340
2010-04-27,113.19999694824219,113.19999694824219,113.67500305175781,112.9749984741211,113.25,694
2010-04-28,113.2750015258789,113.2750015258789,113.7249984741211,113.0999984741211,113.0999984741211,421
2010-04-29,113.5,113.5,113.57499694824219,113.2249984741211,113.5,1054
2010-04-30,112.80000305175781,112.80000305175781,113.42500305175781,112.32499694824219,112.5999984741211,706
2010-05-03,113.4000015258789,113.4000015258789,113.5,112.25,112.875,1254
2010-05-04,113.42500305175781,113.42500305175781,113.6500015258789,112.5,113.4749984741211,1462
2010-05-05,113.9000015258789,113.9000015258789,114.17500305175781,112.80000305175781,113.44999694824219,797
2010-05-06,113.3499984741211,113.3499984741211,114.17500305175781,112.0999984741211,113.9749984741211,1110
2010-05-07,112.42500305175781,112.42500305175781,113.17500305175781,112.25,112.57499694824219,1571
2010-05-10,112.625,112.625,113.19999694824219,112.5,112.8499984741211,1285
2010-05-11,112.0999984741211,112.0999984741211,112.8499984741211,111.55000305175781,112.75,1949
2010-05-12,111.5,111.5,112.25,111.30000305175781,112.0,1591
2010-05-13,111.7249984741211,111.7249984741211,111.8499984741211,111.4000015258789,111.4749984741211,1020
2010-05-14,110.2249984741211,110.2249984741211,111.69999694824219,109.9000015258789,111.69999694824219,1487
2010-05-17,109.6500015258789,109.6500015258789,110.375,109.5,110.375,1808
2010-05-18,109.75,109.75,110.4000015258789,109.5999984741211,109.94999694824219,891
2010-05-19,110.3499984741211,110.3499984741211,110.25,109.125,109.75,902
2010-05-20,108.80000305175781,108.80000305175781,110.69999694824219,108.0999984741211,110.25,1497
2010-05-21,108.75,108.75,109.19999694824219,108.0,108.2750015258789,709
2010-05-24,108.07499694824219,108.07499694824219,108.8499984741211,107.9000015258789,108.6500015258789,839
2010-05-25,108.0,108.0,108.2750015258789,107.875,108.1500015258789,878
2010-05-26,108.4749984741211,108.4749984741211,108.5,108.0999984741211,108.25,2074
2010-05-28,108.42500305175781,108.42500305175781,108.80000305175781,108.0250015258789,108.6500015258789,1716
2010-06-01,109.4749984741211,109.4749984741211,109.44999694824219,107.625,108.2249984741211,2277
2010-06-02,109.6500015258789,109.6500015258789,110.07499694824219,108.75,109.2750015258789,2432
2010-06-03,109.67500305175781,109.67500305175781,110.44999694824219,109.375,110.05000305175781,1812
2010-06-04,108.875,108.875,110.1500015258789,108.5,109.9000015258789,2368
2010-06-07,108.4000015258789,108.4000015258789,109.4000015258789,108.0250015258789,109.2750015258789,2570
2010-06-08,108.8499984741211,108.8499984741211,109.32499694824219,108.17500305175781,108.19999694824219,1857
2010-06-09,109.2249984741211,109.2249984741211,109.875,108.875,108.875,1766
2010-06-10,110.2249984741211,110.2249984741211,111.0,108.80000305175781,109.375,2840
2010-06-11,110.07499694824219,110.07499694824219,111.25,110.0,110.42500305175781,1534
2010-06-14,110.42500305175781,110.42500305175781,110.75,110.1500015258789,110.1500015258789,1412
2010-06-15,110.9749984741211,110.9749984741211,111.3499984741211,110.375,110.75,2411
2010-06-16,110.9000015258789,110.9000015258789,111.44999694824219,110.4000015258789,111.0250015258789,1936
2010-06-17,110.1500015258789,110.1500015258789,110.9000015258789,110.125,110.6500015258789,1538
2010-06-18,110.17500305175781,110.17500305175781,110.4749984741211,109.94999694824219,110.125,1983
2010-06-21,111.69999694824219,111.69999694824219,111.94999694824219,110.17500305175781,110.17500305175781,2108
2010-06-22,111.82499694824219,111.82499694824219,112.9749984741211,111.42500305175781,111.8499984741211,2763
2010-06-23,111.9000015258789,111.9000015258789,112.4749984741211,111.42500305175781,111.55000305175781,958
2010-06-24,112.67500305175781,112.67500305175781,112.875,111.80000305175781,111.82499694824219,1442
2010-06-25,113.19999694824219,113.19999694824219,113.5,112.7249984741211,112.8499984741211,1720
2010-06-28,113.9749984741211,113.9749984741211,114.3499984741211,113.30000305175781,113.32499694824219,2007
2010-06-29,112.875,112.875,114.32499694824219,112.5,114.0250015258789,2416
2010-06-30,113.05000305175781,113.05000305175781,113.80000305175781,112.0250015258789,112.92500305175781,3295
2010-07-01,112.5999984741211,112.5999984741211,113.2249984741211,112.3499984741211,113.2249984741211,2393
2010-07-02,112.67500305175781,112.67500305175781,113.67500305175781,112.5999984741211,112.75,2018
2010-07-06,113.5250015258789,113.5250015258789,113.75,112.69999694824219,113.0,2288
2010-07-07,113.55000305175781,113.55000305175781,113.875,113.0250015258789,113.5999984741211,2424
2010-07-08,113.5999984741211,113.5999984741211,114.0,113.30000305175781,113.80000305175781,4354
2010-07-09,113.19999694824219,113.19999694824219,114.0,113.0999984741211,113.8499984741211,3895
2010-07-12,112.67500305175781,112.67500305175781,113.42500305175781,112.44999694824219,113.4000015258789,3699
2010-07-13,113.625,113.625,113.9000015258789,112.55000305175781,112.6500015258789,2706
2010-07-14,113.625,113.625,114.125,113.30000305175781,113.75,3187
2010-07-15,113.375,113.375,114.7249984741211,113.1500015258789,113.75,1874
2010-07-16,113.0999984741211,113.0999984741211,113.6500015258789,112.8499984741211,113.5250015258789,1831
2010-07-19,114.42500305175781,114.42500305175781,114.44999694824219,113.25,113.25,2688
2010-07-20,114.4749984741211,114.4749984741211,114.69999694824219,114.05000305175781,114.4000015258789,1314
2010-07-21,114.6500015258789,114.6500015258789,114.80000305175781,113.9000015258789,114.55000305175781,1281
2010-07-22,114.9000015258789,114.9000015258789,115.0,114.25,114.5,1308
2010-07-23,115.17500305175781,115.17500305175781,115.3499984741211,114.67500305175781,114.69999694824219,1274
2010-07-26,114.94999694824219,114.94999694824219,115.9749984741211,114.875,115.9749984741211,2289
2010-07-27,114.9000015258789,114.9000015258789,115.07499694824219,114.4000015258789,115.0,1460
2010-07-28,114.5250015258789,114.5250015258789,114.875,114.0,114.875,2016
2010-07-29,113.7249984741211,113.7249984741211,114.67500305175781,113.3499984741211,114.2249984741211,2527
2010-07-30,113.7249984741211,113.7249984741211,113.7750015258789,113.0999984741211,113.5,1399
2010-08-02,112.5999984741211,112.5999984741211,113.625,112.5,113.5,1829
2010-08-03,113.0,113.0,113.05000305175781,112.375,112.69999694824219,990
2010-08-04,113.5999984741211,113.5999984741211,113.9000015258789,112.75,112.75,1182
2010-08-05,112.69999694824219,112.69999694824219,113.92500305175781,112.30000305175781,113.7249984741211,1094
2010-08-06,112.4000015258789,112.4000015258789,113.07499694824219,112.30000305175781,113.05000305175781,907
2010-08-09,112.2750015258789,112.2750015258789,112.55000305175781,112.0,112.55000305175781,639
2010-08-10,112.125,112.125,112.9000015258789,111.92500305175781,112.30000305175781,773
2010-08-11,112.55000305175781,112.55000305175781,112.625,111.57499694824219,112.25,1087
2010-08-12,111.9749984741211,111.9749984741211,112.625,111.6500015258789,112.55000305175781,1120
2010-08-13,111.69999694824219,111.69999694824219,111.875,111.4749984741211,111.875,764
2010-08-16,112.69999694824219,112.69999694824219,112.94999694824219,111.7750015258789,112.5,614
2010-08-17,113.25,113.25,113.4000015258789,112.69999694824219,112.7249984741211,609
2010-08-18,113.69999694824219,113.69999694824219,113.92500305175781,113.25,113.30000305175781,817
2010-08-19,114.05000305175781,114.05000305175781,114.5,113.5,113.5,945
2010-08-20,114.5999984741211,114.5999984741211,114.69999694824219,114.05000305175781,114.1500015258789,477
2010-08-23,114.75,114.75,114.875,114.375,114.5999984741211,395
2010-08-24,114.5999984741211,114.5999984741211,114.8499984741211,114.375,114.69999694824219,417
2010-08-25,114.75,114.75,114.80000305175781,114.4000015258789,114.55000305175781,728
2010-08-27,116.2750015258789,116.2750015258789,116.69999694824219,115.75,116.125,589
2010-08-30,115.0999984741211,115.0999984741211,116.30000305175781,114.9000015258789,116.30000305175781,700
2010-08-31,114.0999984741211,114.0999984741211,115.7249984741211,114.125,115.2750015258789,1272
2010-09-01,113.875,113.875,114.6500015258789,113.6500015258789,114.25,899
2010-09-02,114.75,114.75,115.0,113.69999694824219,113.9000015258789,523
2010-09-03,114.17500305175781,114.17500305175781,115.0,114.0,115.0,511
2010-09-07,111.92500305175781,111.92500305175781,114.2249984741211,111.9000015258789,114.0,1432
2010-09-08,112.0999984741211,112.0999984741211,112.69999694824219,111.5,112.0999984741211,909
2010-09-09,111.42500305175781,111.42500305175781,112.67500305175781,111.4000015258789,112.42500305175781,564
2010-09-10,111.69999694824219,111.69999694824219,112.25,111.17500305175781,111.7249984741211,1436
2010-09-13,112.3499984741211,112.3499984741211,112.55000305175781,111.9000015258789,111.9000015258789,296
2010-09-14,112.1500015258789,112.1500015258789,112.30000305175781,111.67500305175781,112.19999694824219,358
2010-09-15,111.80000305175781,111.80000305175781,112.05000305175781,110.75,112.0,368
2010-09-16,112.2249984741211,112.2249984741211,112.3499984741211,111.30000305175781,111.82499694824219,348
2010-09-17,111.82499694824219,111.82499694824219,112.3499984741211,111.6500015258789,112.30000305175781,582
2010-09-20,110.6500015258789,110.6500015258789,111.375,110.07499694824219,111.375,482
2010-09-21,110.5,110.5,111.0250015258789,110.05000305175781,111.0250015258789,645
2010-09-22,109.25,109.25,110.44999694824219,109.17500305175781,110.05000305175781,677
2010-09-23,109.0999984741211,109.0999984741211,109.9000015258789,109.0250015258789,109.55000305175781,499
2010-09-24,109.5,109.5,109.5999984741211,109.0999984741211,109.30000305175781,467
2010-09-27,109.875,109.875,110.3499984741211,109.42500305175781,109.5,679
2010-09-28,110.0,110.0,110.0250015258789,109.7750015258789,110.0,314
2010-09-29,109.4749984741211,109.4749984741211,109.80000305175781,109.44999694824219,109.80000305175781,412
2010-09-30,109.92500305175781,109.92500305175781,110.05000305175781,109.67500305175781,109.69999694824219,1859
2010-10-01,111.80000305175781,111.80000305175781,112.17500305175781,111.25,111.67500305175781,911
2010-10-04,110.5,110.5,111.82499694824219,110.32499694824219,111.82499694824219,785
2010-10-05,109.55000305175781,109.55000305175781,110.80000305175781,109.3499984741211,110.5250015258789,1003
2010-10-06,109.19999694824219,109.19999694824219,109.67500305175781,109.17500305175781,109.6500015258789,1173
2010-10-07,108.92500305175781,108.92500305175781,109.32499694824219,108.7750015258789,109.25,1985
2010-10-08,107.7249984741211,107.7249984741211,109.30000305175781,106.6500015258789,109.0999984741211,1485
2010-10-11,107.1500015258789,107.1500015258789,107.6500015258789,106.55000305175781,107.25,1268
2010-10-12,107.4749984741211,107.4749984741211,108.75,107.0999984741211,107.6500015258789,686
2010-10-13,108.07499694824219,108.07499694824219,108.05000305175781,107.0,107.5,647
2010-10-14,108.0999984741211,108.0999984741211,108.375,107.4749984741211,108.07499694824219,334
2010-10-15,108.75,108.75,109.0999984741211,108.4000015258789,108.5,764
2010-10-18,108.80000305175781,108.80000305175781,109.05000305175781,108.25,108.75,478
2010-10-19,109.625,109.625,109.6500015258789,108.4000015258789,108.9000015258789,437
2010-10-20,109.4000015258789,109.4000015258789,109.69999694824219,109.0999984741211,109.30000305175781,303
2010-10-21,110.69999694824219,110.69999694824219,110.94999694824219,109.5999984741211,109.5999984741211,550
2010-10-22,111.19999694824219,111.19999694824219,111.42500305175781,110.7750015258789,110.875,719
2010-10-25,111.0999984741211,111.0999984741211,111.2249984741211,110.875,111.19999694824219,416
2010-10-26,111.30000305175781,111.30000305175781,111.375,111.125,111.19999694824219,309
2010-10-27,111.30000305175781,111.30000305175781,111.32499694824219,111.19999694824219,111.25,2183
2010-10-29,110.32499694824219,110.32499694824219,111.25,110.0,111.25,1513
2010-11-01,110.3499984741211,110.3499984741211,110.69999694824219,109.82499694824219,110.3499984741211,1320
2010-11-02,111.55000305175781,111.55000305175781,111.5999984741211,110.44999694824219,110.5,934
2010-11-03,110.875,110.875,111.5999984741211,110.4000015258789,111.5999984741211,717
2010-11-04,110.125,110.125,110.92500305175781,109.69999694824219,110.3499984741211,690
2010-11-05,110.5999984741211,110.5999984741211,110.7750015258789,110.0250015258789,110.3499984741211,690
2010-11-08,111.25,111.25,111.32499694824219,110.4000015258789,110.5999984741211,623
2010-11-09,111.9000015258789,111.9000015258789,112.5,110.57499694824219,111.32499694824219,1039
2010-11-10,112.80000305175781,112.80000305175781,113.125,111.82499694824219,111.875,893
2010-11-11,112.6500015258789,112.6500015258789,113.05000305175781,112.375,113.0250015258789,362
2010-11-12,112.4000015258789,112.4000015258789,112.8499984741211,112.0,112.4749984741211,495
2010-11-15,112.4000015258789,112.4000015258789,112.4000015258789,112.17500305175781,112.4000015258789,279
2010-11-16,112.1500015258789,112.1500015258789,112.44999694824219,112.05000305175781,112.25,287
2010-11-17,112.19999694824219,112.19999694824219,112.32499694824219,111.9749984741211,112.19999694824219,504
2010-11-18,112.44999694824219,112.44999694824219,112.5250015258789,112.25,112.4000015258789,2530
2010-11-19,117.4000015258789,117.4000015258789,117.5999984741211,115.375,115.7249984741211,2351
2010-11-22,117.4000015258789,117.4000015258789,117.94999694824219,116.8499984741211,117.375,1836
2010-11-23,117.82499694824219,117.82499694824219,118.125,117.125,117.3499984741211,2361
2010-11-24,118.2750015258789,118.2750015258789,118.69999694824219,117.9749984741211,118.0250015258789,2109
2010-11-26,118.75,118.75,119.17500305175781,118.19999694824219,118.2750015258789,1396
2010-11-29,118.4000015258789,118.4000015258789,119.17500305175781,118.2249984741211,118.9749984741211,1648
2010-11-30,119.17500305175781,119.17500305175781,120.17500305175781,117.2750015258789,118.19999694824219,4301
2010-12-01,118.4000015258789,118.4000015258789,119.625,118.0250015258789,119.42500305175781,3310
2010-12-02,118.67500305175781,118.67500305175781,119.0,117.8499984741211,118.8499984741211,2210
2010-12-03,118.67500305175781,118.67500305175781,119.25,118.375,118.5999984741211,2028
2010-12-06,118.5,118.5,119.125,118.5250015258789,118.94999694824219,2053
2010-12-07,117.2249984741211,117.2249984741211,119.0,116.875,118.67500305175781,4136
2010-12-08,118.17500305175781,118.17500305175781,118.4000015258789,116.9000015258789,117.4000015258789,2890
2010-12-09,118.07499694824219,118.07499694824219,118.5999984741211,117.57499694824219,117.8499984741211,1799
2010-12-10,118.17500305175781,118.17500305175781,118.32499694824219,117.80000305175781,118.17500305175781,1648
2010-12-13,119.19999694824219,119.19999694824219,119.5,118.32499694824219,118.32499694824219,2645
2010-12-14,117.94999694824219,117.94999694824219,119.25,117.7750015258789,119.19999694824219,3412
2010-12-15,117.6500015258789,117.6500015258789,118.42500305175781,117.2750015258789,118.25,1303
2010-12-16,118.375,118.375,119.05000305175781,117.57499694824219,117.625,1844
2010-12-17,119.0250015258789,119.0250015258789,119.1500015258789,118.4749984741211,118.67500305175781,1727
2010-12-20,120.7249984741211,120.7249984741211,120.875,118.55000305175781,119.07499694824219,2403
2010-12-21,121.3499984741211,121.3499984741211,121.7249984741211,120.32499694824219,120.7249984741211,1516
2010-12-22,121.67500305175781,121.67500305175781,122.4749984741211,120.625,121.4000015258789,1716
2010-12-23,121.44999694824219,121.44999694824219,122.2249984741211,121.25,121.8499984741211,1469
2010-12-27,120.69999694824219,120.69999694824219,121.375,120.57499694824219,121.375,2004
2010-12-28,120.69999694824219,120.69999694824219,121.6500015258789,120.5999984741211,120.625,984
2010-12-29,120.8499984741211,120.8499984741211,121.4000015258789,120.44999694824219,120.69999694824219,829
2010-12-30,120.82499694824219,120.82499694824219,121.9749984741211,120.57499694824219,121.4000015258789,1268
2010-12-31,121.875,121.875,122.2249984741211,120.7750015258789,121.125,380
2011-01-03,121.25,121.25,122.32499694824219,121.07499694824219,122.32499694824219,497
2011-01-04,121.0,121.0,121.30000305175781,120.6500015258789,121.30000305175781,709
2011-01-05,120.9749984741211,120.9749984741211,121.2249984741211,120.5,120.8499984741211,867
2011-01-06,121.92500305175781,121.92500305175781,122.1500015258789,121.0999984741211,121.0999984741211,871
2011-01-07,121.5999984741211,121.5999984741211,122.2249984741211,121.17500305175781,121.9000015258789,1039
2011-01-10,122.30000305175781,122.30000305175781,122.8499984741211,121.9749984741211,122.05000305175781,726
2011-01-11,123.44999694824219,123.44999694824219,123.67500305175781,122.0,122.4749984741211,1317
2011-01-12,124.0250015258789,124.0250015258789,124.5250015258789,123.30000305175781,123.7750015258789,647
2011-01-13,124.9000015258789,124.9000015258789,124.9749984741211,123.55000305175781,124.2750015258789,397
2011-01-14,125.5999984741211,125.5999984741211,125.875,124.55000305175781,124.6500015258789,471
2011-01-18,127.30000305175781,127.30000305175781,128.60000610351562,125.9749984741211,126.32499694824219,1510
2011-01-19,127.0,127.0,127.5,126.44999694824219,127.4000015258789,518
2011-01-20,126.30000305175781,126.30000305175781,126.8499984741211,125.9000015258789,126.5,552
2011-01-21,126.3499984741211,126.3499984741211,126.75,125.92500305175781,126.55000305175781,618
2011-01-24,126.3499984741211,126.3499984741211,126.5,126.19999694824219,126.30000305175781,585
2011-01-25,125.9749984741211,125.9749984741211,126.3499984741211,125.7750015258789,126.3499984741211,302
2011-01-26,126.3499984741211,126.3499984741211,126.42500305175781,126.05000305175781,126.0999984741211,344
2011-01-27,126.1500015258789,126.1500015258789,126.4749984741211,126.07499694824219,126.375,3078
2011-01-28,126.2249984741211,126.2249984741211,126.7750015258789,125.375,125.625,2579
2011-01-31,128.0,128.0,128.5749969482422,126.5999984741211,126.5999984741211,3112
2011-02-01,127.4749984741211,127.4749984741211,128.125,127.05000305175781,128.0,2258
2011-02-02,125.80000305175781,125.80000305175781,128.35000610351562,124.6500015258789,127.6500015258789,4173
2011-02-03,125.5,125.5,126.0,124.5999984741211,126.0,3356
2011-02-04,125.0,125.0,125.5999984741211,124.7750015258789,125.5250015258789,2524
2011-02-07,124.57499694824219,124.57499694824219,125.7750015258789,124.19999694824219,124.75,2835
2011-02-08,124.25,124.25,125.1500015258789,124.0,124.30000305175781,3917
2011-02-09,122.92500305175781,122.92500305175781,124.9749984741211,122.9000015258789,124.42500305175781,5740
2011-02-10,124.82499694824219,124.82499694824219,125.4000015258789,122.7750015258789,123.0999984741211,5410
2011-02-11,126.0250015258789,126.0250015258789,126.25,124.44999694824219,125.0250015258789,3600
2011-02-14,128.375,128.375,128.52499389648438,126.1500015258789,126.25,3419
2011-02-15,128.52499389648438,128.52499389648438,129.5,128.10000610351562,128.5500030517578,2413
2011-02-16,130.47500610351562,130.47500610351562,130.625,128.875,128.97500610351562,2441
2011-02-17,130.60000610351562,130.60000610351562,131.10000610351562,129.75,130.47500610351562,2424
2011-02-18,130.0749969482422,130.0749969482422,131.0,129.4499969482422,130.8000030517578,1586
2011-02-22,129.1999969482422,129.1999969482422,130.60000610351562,128.9250030517578,130.0749969482422,3200
2011-02-23,128.85000610351562,128.85000610351562,130.4250030517578,127.625,129.64999389648438,2524
2011-02-24,129.39999389648438,129.39999389648438,129.75,128.52499389648438,129.10000610351562,2031
2011-02-25,129.8249969482422,129.8249969482422,130.10000610351562,129.1999969482422,129.5749969482422,2269
2011-02-28,130.0749969482422,130.0749969482422,131.89999389648438,129.22500610351562,130.0,3495
2011-03-01,128.89999389648438,128.89999389648438,130.35000610351562,128.125,130.14999389648438,3598
2011-03-02,129.375,129.375,130.125,128.0,128.5,2161
2011-03-03,129.97500610351562,129.97500610351562,130.75,129.14999389648438,129.75,2545
2011-03-04,129.9499969482422,129.9499969482422,130.8249969482422,129.0500030517578,130.39999389648438,2285
2011-03-07,129.8000030517578,129.8000030517578,130.14999389648438,129.72500610351562,129.75,1092
2011-03-08,131.1750030517578,131.1750030517578,131.39999389648438,129.85000610351562,129.89999389648438,1480
2011-03-09,132.1999969482422,132.1999969482422,133.0,131.3000030517578,131.5,2276
2011-03-10,131.8000030517578,131.8000030517578,132.85000610351562,131.3000030517578,132.5,1296
2011-03-11,131.5500030517578,131.5500030517578,132.1750030517578,130.64999389648438,131.85000610351562,1207
2011-03-14,130.89999389648438,130.89999389648438,131.625,130.77499389648438,131.5500030517578,1223
2011-03-15,127.9000015258789,127.9000015258789,130.8249969482422,127.9000015258789,130.8249969482422,2113
2011-03-16,126.5,126.5,128.52499389648438,126.07499694824219,127.7750015258789,1885
2011-03-17,127.69999694824219,127.69999694824219,129.02499389648438,126.6500015258789,126.6500015258789,1205
2011-03-18,128.0,128.0,128.77499389648438,127.55000305175781,127.80000305175781,423
2011-03-21,129.3000030517578,129.3000030517578,129.89999389648438,128.72500610351562,128.72500610351562,450
2011-03-22,130.0,130.0,130.0,128.9499969482422,129.64999389648438,373
2011-03-23,129.9499969482422,129.9499969482422,130.22500610351562,128.9499969482422,130.1999969482422,728
2011-03-24,130.8000030517578,130.8000030517578,130.8000030517578,130.25,130.25,459
2011-03-25,131.89999389648438,131.89999389648438,132.39999389648438,130.0500030517578,130.6999969482422,893
2011-03-28,132.3000030517578,132.3000030517578,132.47500610351562,131.85000610351562,132.0749969482422,474
2011-03-29,132.6999969482422,132.6999969482422,133.35000610351562,132.25,132.25,460
2011-03-30,133.5500030517578,133.5500030517578,133.64999389648438,133.125,133.3000030517578,359
2011-03-31,134.02499389648438,134.02499389648438,134.0500030517578,133.5500030517578,133.60000610351562,918
2011-04-01,138.10000610351562,138.10000610351562,138.52499389648438,137.25,137.4250030517578,712
2011-04-04,137.75,137.75,138.3249969482422,137.27499389648438,138.25,421
2011-04-05,137.10000610351562,137.10000610351562,137.89999389648438,136.35000610351562,137.5,834
2011-04-06,135.6999969482422,135.6999969482422,137.1750030517578,135.4250030517578,136.52499389648438,717
2011-04-07,135.125,135.125,135.89999389648438,134.5,135.64999389648438,715
2011-04-08,134.60000610351562,134.60000610351562,135.77499389648438,134.625,134.89999389648438,467
2011-04-11,133.875,133.875,134.85000610351562,133.8000030517578,134.8249969482422,335
2011-04-12,131.8000030517578,131.8000030517578,134.02499389648438,131.5749969482422,134.02499389648438,679
2011-04-13,131.97500610351562,131.97500610351562,132.60000610351562,131.52499389648438,131.9499969482422,733
2011-04-14,133.10000610351562,133.10000610351562,133.4250030517578,132.02499389648438,132.3000030517578,1130
2011-04-15,132.14999389648438,132.14999389648438,133.14999389648438,132.0,132.89999389648438,510
2011-04-18,132.625,132.625,132.8000030517578,132.1999969482422,132.5,619
2011-04-19,132.85000610351562,132.85000610351562,132.875,132.39999389648438,132.8000030517578,393
2011-04-20,132.6999969482422,132.6999969482422,132.9499969482422,132.39999389648438,132.75,685
2011-04-21,132.27499389648438,132.27499389648438,132.75,132.125,132.75,1243
2011-04-25,129.97500610351562,129.97500610351562,132.6999969482422,129.97500610351562,132.6999969482422,1965
2011-04-26,128.75,128.75,130.25,128.6999969482422,129.60000610351562,2064
2011-04-27,130.39999389648438,130.39999389648438,130.85000610351562,129.0749969482422,129.0749969482422,1589
2011-04-28,131.375,131.375,131.8000030517578,130.0,130.75,1620
2011-04-29,131.89999389648438,131.89999389648438,132.4250030517578,131.35000610351562,131.375,1275
2011-05-02,131.0500030517578,131.0500030517578,132.375,130.6999969482422,131.85000610351562,1100
2011-05-03,129.3249969482422,129.3249969482422,131.0500030517578,129.27499389648438,131.0500030517578,968
2011-05-04,129.27499389648438,129.27499389648438,130.22500610351562,128.77499389648438,129.5,1002
2011-05-05,128.625,128.625,129.1750030517578,127.875,129.1750030517578,1182
2011-05-06,129.125,129.125,129.72500610351562,127.32499694824219,128.60000610351562,1338
2011-05-09,128.0,128.0,129.47500610351562,128.0,129.35000610351562,898
2011-05-10,128.0749969482422,128.0749969482422,128.75,128.0500030517578,128.25,808
2011-05-11,128.8249969482422,128.8249969482422,129.6750030517578,128.60000610351562,128.8249969482422,1388
2011-05-12,129.52499389648438,129.52499389648438,129.77499389648438,128.0,129.1750030517578,1529
2011-05-13,128.6999969482422,128.6999969482422,129.89999389648438,128.375,129.22500610351562,725
2011-05-16,127.94999694824219,127.94999694824219,129.5,127.8499984741211,128.72500610351562,812
2011-05-17,127.6500015258789,127.6500015258789,128.14999389648438,126.82499694824219,128.0500030517578,1163
2011-05-18,127.0999984741211,127.0999984741211,127.7750015258789,126.5999984741211,127.44999694824219,873
2011-05-19,125.5,125.5,126.8499984741211,125.32499694824219,126.69999694824219,1044
2011-05-20,125.44999694824219,125.44999694824219,125.9749984741211,124.9000015258789,125.5250015258789,925
2011-05-23,123.80000305175781,123.80000305175781,125.5,123.55000305175781,125.3499984741211,558
2011-05-24,123.94999694824219,123.94999694824219,124.44999694824219,123.69999694824219,123.80000305175781,600
2011-05-25,124.67500305175781,124.67500305175781,124.94999694824219,124.25,124.375,705
2011-05-26,124.94999694824219,124.94999694824219,124.9749984741211,124.7750015258789,124.82499694824219,2423
2011-05-27,122.7249984741211,122.7249984741211,123.7750015258789,122.5,123.30000305175781,1695
2011-05-31,124.375,124.375,125.07499694824219,123.19999694824219,123.19999694824219,2828
2011-06-01,123.875,123.875,124.32499694824219,121.375,124.32499694824219,3524
2011-06-02,123.875,123.875,124.5,122.75,122.75,1826
2011-06-03,124.25,124.25,124.92500305175781,123.0,123.94999694824219,2221
2011-06-06,124.0999984741211,124.0999984741211,126.4000015258789,123.8499984741211,124.42500305175781,2358
2011-06-07,125.125,125.125,125.2750015258789,124.125,124.4000015258789,1493
2011-06-08,124.80000305175781,124.80000305175781,125.5,124.0250015258789,125.1500015258789,1988
2011-06-09,125.32499694824219,125.32499694824219,125.9000015258789,123.75,125.3499984741211,3160
2011-06-10,123.625,123.625,125.69999694824219,123.57499694824219,125.375,2831
2011-06-13,124.7750015258789,124.7750015258789,124.9000015258789,123.2750015258789,123.2750015258789,1650
2011-06-14,127.25,127.25,127.5999984741211,124.6500015258789,124.80000305175781,4343
2011-06-15,126.9749984741211,126.9749984741211,128.5,126.5,127.57499694824219,3038
2011-06-16,129.97500610351562,129.97500610351562,129.97500610351562,127.0999984741211,127.125,2032
2011-06-17,132.64999389648438,132.64999389648438,132.97500610351562,130.64999389648438,131.0,4640
2011-06-20,135.5,135.5,135.64999389648438,133.6999969482422,134.0,3383
2011-06-21,137.8249969482422,137.8249969482422,138.4250030517578,134.97500610351562,136.1750030517578,4193
2011-06-22,138.0,138.0,138.85000610351562,136.47500610351562,137.5749969482422,3591
2011-06-23,137.85000610351562,137.85000610351562,138.1999969482422,135.25,137.3000030517578,3628
2011-06-24,138.60000610351562,138.60000610351562,139.0,136.60000610351562,137.64999389648438,2909
2011-06-27,137.22500610351562,137.22500610351562,138.8000030517578,136.77499389648438,138.625,2607
2011-06-28,137.875,137.875,138.35000610351562,136.9250030517578,137.02499389648438,3064
2011-06-29,137.77499389648438,137.77499389648438,138.10000610351562,136.60000610351562,138.10000610351562,2294
2011-06-30,138.0749969482422,138.0749969482422,139.6750030517578,137.47500610351562,137.6750030517578,3916
2011-07-01,140.47500610351562,140.47500610351562,140.9250030517578,137.27499389648438,138.0,4443
2011-07-05,141.27499389648438,141.27499389648438,141.89999389648438,139.77499389648438,140.52499389648438,3773
2011-07-06,140.9499969482422,140.9499969482422,141.60000610351562,140.5500030517578,141.0500030517578,3351
2011-07-07,143.89999389648438,143.89999389648438,143.9499969482422,140.89999389648438,141.1999969482422,3840
2011-07-08,143.60000610351562,143.60000610351562,144.89999389648438,143.3000030517578,143.85000610351562,4142
2011-07-11,143.35000610351562,143.35000610351562,144.125,142.02499389648438,142.9499969482422,4236
2011-07-12,142.02499389648438,142.02499389648438,143.5,141.89999389648438,143.5,3322
2011-07-13,139.89999389648438,139.89999389648438,142.64999389648438,139.35000610351562,142.0749969482422,4001
2011-07-14,136.9250030517578,136.9250030517578,139.97500610351562,136.89999389648438,139.8000030517578,4557
2011-07-15,135.6999969482422,135.6999969482422,137.0749969482422,134.77499389648438,136.75,3872
2011-07-18,134.5749969482422,134.5749969482422,136.52499389648438,134.10000610351562,135.77499389648438,2544
2011-07-19,135.5749969482422,135.5749969482422,137.5749969482422,134.75,134.75,2928
2011-07-20,134.9250030517578,134.9250030517578,136.4499969482422,134.60000610351562,136.1999969482422,2077
2011-07-21,135.1999969482422,135.1999969482422,136.4499969482422,134.5500030517578,135.27499389648438,2408
2011-07-22,136.39999389648438,136.39999389648438,137.5500030517578,135.3249969482422,135.3249969482422,2339
2011-07-25,136.0500030517578,136.0500030517578,136.5500030517578,134.89999389648438,135.5,2084
2011-07-26,136.10000610351562,136.10000610351562,137.39999389648438,135.4250030517578,136.3000030517578,2598
2011-07-27,135.375,135.375,136.39999389648438,134.77499389648438,136.39999389648438,2230
2011-07-28,135.8000030517578,135.8000030517578,136.5,134.39999389648438,134.8000030517578,2484
2011-07-29,137.0500030517578,137.0500030517578,138.0,135.25,136.0,2534
2011-08-01,136.8249969482422,136.8249969482422,138.72500610351562,136.6999969482422,137.25,3083
2011-08-02,135.0,135.0,137.5500030517578,134.64999389648438,137.10000610351562,3384
2011-08-03,134.35000610351562,134.35000610351562,135.35000610351562,133.10000610351562,135.0749969482422,2371
2011-08-04,133.14999389648438,133.14999389648438,134.6999969482422,132.75,134.27499389648438,2013
2011-08-05,133.6999969482422,133.6999969482422,134.10000610351562,131.875,132.77499389648438,1453
2011-08-08,132.5749969482422,132.5749969482422,133.6750030517578,132.125,133.14999389648438,1152
2011-08-09,133.22500610351562,133.22500610351562,134.0500030517578,131.25,132.375,1310
2011-08-10,133.3000030517578,133.3000030517578,134.5500030517578,133.14999389648438,134.1750030517578,1373
2011-08-11,134.60000610351562,134.60000610351562,135.60000610351562,133.0,133.5500030517578,1052
2011-08-12,135.85000610351562,135.85000610351562,136.5749969482422,135.14999389648438,135.14999389648438,763
2011-08-15,135.64999389648438,135.64999389648438,136.75,134.8000030517578,136.22500610351562,831
2011-08-16,135.5749969482422,135.5749969482422,136.0500030517578,135.125,135.97500610351562,469
2011-08-17,134.5,134.5,135.64999389648438,133.89999389648438,135.625,1314
2011-08-18,132.77499389648438,132.77499389648438,134.27499389648438,132.625,134.25,767
2011-08-19,133.3000030517578,133.3000030517578,133.6999969482422,132.5,132.6999969482422,771
2011-08-22,133.47500610351562,133.47500610351562,133.89999389648438,133.39999389648438,133.8000030517578,605
2011-08-23,133.72500610351562,133.72500610351562,133.9499969482422,133.5,133.75,854
2011-08-24,133.5,133.5,133.72500610351562,133.02499389648438,133.64999389648438,1415
2011-08-25,133.6750030517578,133.6750030517578,133.77499389648438,133.52499389648438,133.52499389648438,1620
2011-08-26,132.60000610351562,132.60000610351562,133.5500030517578,131.25,132.4250030517578,1508
2011-08-29,132.3249969482422,132.3249969482422,133.625,132.0,133.1750030517578,675
2011-08-30,132.625,132.625,133.0,132.10000610351562,132.4499969482422,644
2011-08-31,132.4499969482422,132.4499969482422,132.64999389648438,131.85000610351562,132.47500610351562,595
2011-09-01,132.75,132.75,133.0500030517578,131.625,132.25,576
2011-09-02,132.64999389648438,132.64999389648438,133.5500030517578,132.14999389648438,132.85000610351562,613
2011-09-06,133.8000030517578,133.8000030517578,133.8000030517578,132.125,132.35000610351562,640
2011-09-07,133.9250030517578,133.9250030517578,134.1999969482422,133.64999389648438,133.85000610351562,1208
2011-09-08,133.9499969482422,133.9499969482422,134.64999389648438,132.85000610351562,134.1999969482422,1193
2011-09-09,133.22500610351562,133.22500610351562,134.89999389648438,133.1999969482422,134.5500030517578,479
2011-09-12,133.39999389648438,133.39999389648438,134.3249969482422,133.0,133.35000610351562,946
2011-09-13,134.875,134.875,135.0500030517578,133.5500030517578,133.6999969482422,1219
2011-09-14,136.6999969482422,136.6999969482422,137.0500030517578,134.89999389648438,134.9250030517578,1251
2011-09-15,135.60000610351562,135.60000610351562,137.27499389648438,135.47500610351562,136.4250030517578,1035
2011-09-16,135.3000030517578,135.3000030517578,136.0,134.5500030517578,135.625,648
2011-09-19,134.5,134.5,134.75,133.875,134.5500030517578,558
2011-09-20,134.35000610351562,134.35000610351562,134.75,134.14999389648438,134.27499389648438,965
2011-09-21,133.9499969482422,133.9499969482422,135.02499389648438,133.35000610351562,134.35000610351562,1073
2011-09-22,132.0500030517578,132.0500030517578,133.47500610351562,131.85000610351562,133.35000610351562,1650
2011-09-23,132.10000610351562,132.10000610351562,132.3249969482422,131.5,131.89999389648438,469
2011-09-26,132.89999389648438,132.89999389648438,133.14999389648438,132.39999389648438,132.5,887
2011-09-27,132.60000610351562,132.60000610351562,133.1750030517578,132.4499969482422,133.1750030517578,932
2011-09-28,132.64999389648438,132.64999389648438,132.85000610351562,132.375,132.39999389648438,2300
2011-09-30,140.52499389648438,140.52499389648438,142.02499389648438,138.625,139.8249969482422,2664
2011-10-03,141.0,141.0,142.3000030517578,140.1999969482422,141.25,1513
2011-10-04,138.89999389648438,138.89999389648438,141.5749969482422,138.60000610351562,141.3249969482422,1304
2011-10-05,139.35000610351562,139.35000610351562,140.02499389648438,138.97500610351562,139.97500610351562,700
2011-10-06,139.10000610351562,139.10000610351562,139.4499969482422,138.64999389648438,139.4499969482422,953
2011-10-07,139.625,139.625,140.14999389648438,138.875,139.10000610351562,1314
2011-10-10,139.0,139.0,140.5,138.89999389648438,139.89999389648438,1081
2011-10-11,138.47500610351562,138.47500610351562,139.60000610351562,138.25,139.5,1078
2011-10-12,138.22500610351562,138.22500610351562,139.0,138.1999969482422,139.0,862
2011-10-13,138.6999969482422,138.6999969482422,139.25,137.5,138.1999969482422,1288
2011-10-14,139.89999389648438,139.89999389648438,140.10000610351562,138.60000610351562,139.1750030517578,777
2011-10-17,140.14999389648438,140.14999389648438,140.47500610351562,139.5,139.89999389648438,409
2011-10-18,139.75,139.75,140.27499389648438,139.0,139.9250030517578,519
2011-10-19,139.1999969482422,139.1999969482422,140.0500030517578,139.02499389648438,139.75,340
2011-10-20,139.27499389648438,139.27499389648438,139.5,138.10000610351562,139.02499389648438,532
2011-10-21,139.39999389648438,139.39999389648438,139.5749969482422,138.8000030517578,139.3000030517578,653
2011-10-24,139.85000610351562,139.85000610351562,139.9499969482422,139.375,139.6750030517578,320
2011-10-25,139.64999389648438,139.64999389648438,140.22500610351562,139.5,139.9499969482422,466
2011-10-26,139.72500610351562,139.72500610351562,140.02499389648438,139.5500030517578,139.5500030517578,633
2011-10-27,139.9250030517578,139.9250030517578,140.0500030517578,139.6999969482422,139.85000610351562,2118
2011-10-28,141.10000610351562,141.10000610351562,142.5500030517578,140.75,141.6999969482422,1984
2011-10-31,140.0500030517578,140.0500030517578,141.10000610351562,139.75,141.02499389648438,1836
2011-11-01,142.85000610351562,142.85000610351562,142.85000610351562,139.25,140.0,1769
2011-11-02,142.3000030517578,142.3000030517578,142.77499389648438,141.64999389648438,142.4499969482422,642
2011-11-03,142.0500030517578,142.0500030517578,142.5749969482422,141.8000030517578,142.22500610351562,1387
2011-11-04,142.5749969482422,142.5749969482422,143.4499969482422,141.6750030517578,141.6750030517578,1259
2011-11-07,142.02499389648438,142.02499389648438,143.125,142.02499389648438,142.5749969482422,997
2011-11-08,141.5500030517578,141.5500030517578,142.64999389648438,141.5,142.27499389648438,1085
2011-11-09,141.5500030517578,141.5500030517578,142.1999969482422,141.25,141.5500030517578,600
2011-11-10,142.0749969482422,142.0749969482422,143.5,141.89999389648438,142.0749969482422,733
2011-11-11,142.14999389648438,142.14999389648438,142.875,142.02499389648438,142.4499969482422,868
2011-11-14,142.52499389648438,142.52499389648438,142.8249969482422,142.3000030517578,142.75,793
2011-11-15,143.5,143.5,143.5,142.6750030517578,142.6750030517578,898
2011-11-16,143.39999389648438,143.39999389648438,143.5,143.0,143.5,916
2011-11-17,143.125,143.125,143.39999389648438,143.10000610351562,143.25,3521
2011-11-18,147.4250030517578,147.4250030517578,149.85000610351562,147.3249969482422,149.75,3643
2011-11-21,146.1750030517578,146.1750030517578,147.625,145.52499389648438,147.4250030517578,3444
2011-11-22,147.02499389648438,147.02499389648438,147.4499969482422,146.0,146.1750030517578,1529
2011-11-23,145.8000030517578,145.8000030517578,147.125,145.625,147.0500030517578,3109
2011-11-25,144.625,144.625,146.0749969482422,144.625,145.75,2423
2011-11-28,144.72500610351562,144.72500610351562,145.6999969482422,144.64999389648438,145.1999969482422,3214
2011-11-29,144.8249969482422,144.8249969482422,145.375,144.5500030517578,145.02499389648438,2059
2011-11-30,146.02499389648438,146.02499389648438,146.77499389648438,144.5749969482422,145.1999969482422,2210
2011-12-01,146.10000610351562,146.10000610351562,146.6750030517578,145.3000030517578,146.4499969482422,2150
2011-12-02,147.0749969482422,147.0749969482422,147.375,146.125,146.125,2595
2011-12-05,144.3000030517578,144.3000030517578,147.1999969482422,144.22500610351562,146.6999969482422,3414
2011-12-06,142.125,142.125,144.8000030517578,141.8000030517578,144.60000610351562,5816
2011-12-07,142.72500610351562,142.72500610351562,143.0749969482422,141.27499389648438,142.3249969482422,3900
2011-12-08,142.47500610351562,142.47500610351562,143.72500610351562,142.35000610351562,143.0,2188
2011-12-09,142.10000610351562,142.10000610351562,142.6750030517578,141.52499389648438,142.52499389648438,2640
2011-12-12,143.0,143.0,143.14999389648438,140.89999389648438,141.77499389648438,2880
2011-12-13,143.89999389648438,143.89999389648438,144.5500030517578,143.0,143.125,3147
2011-12-14,143.75,143.75,144.0500030517578,142.6750030517578,143.60000610351562,1763
2011-12-15,143.97500610351562,143.97500610351562,144.25,143.14999389648438,143.72500610351562,1141
2011-12-16,143.0500030517578,143.0500030517578,143.875,142.5,143.875,1470
2011-12-19,144.6750030517578,144.6750030517578,145.10000610351562,142.72500610351562,142.89999389648438,1660
2011-12-20,144.3249969482422,144.3249969482422,144.875,143.5500030517578,144.3249969482422,1095
2011-12-21,144.375,144.375,145.5749969482422,143.60000610351562,144.3000030517578,1255
2011-12-22,146.875,146.875,147.27499389648438,144.4499969482422,144.4499969482422,1302
2011-12-23,147.625,147.625,147.75,146.97500610351562,147.1750030517578,1326
2011-12-27,147.14999389648438,147.14999389648438,147.5749969482422,146.375,147.4499969482422,1514
2011-12-28,147.1999969482422,147.1999969482422,147.72500610351562,146.52499389648438,146.97500610351562,1567
2011-12-29,146.875,146.875,147.64999389648438,146.6999969482422,147.3000030517578,1303
2011-12-30,146.35000610351562,146.35000610351562,147.22500610351562,146.3249969482422,147.10000610351562,995
2012-01-03,146.6750030517578,146.6750030517578,147.6750030517578,146.5500030517578,146.85000610351562,961
2012-01-04,147.75,147.75,147.8000030517578,146.64999389648438,146.6999969482422,842
2012-01-05,147.875,147.875,148.9499969482422,147.5,147.75,1862
2012-01-06,147.3000030517578,147.3000030517578,148.64999389648438,147.0500030517578,148.1750030517578,1199
2012-01-09,147.8000030517578,147.8000030517578,148.39999389648438,147.0,147.39999389648438,918
2012-01-10,148.85000610351562,148.85000610351562,149.0749969482422,148.3000030517578,148.35000610351562,1194
2012-01-11,148.6750030517578,148.6750030517578,149.22500610351562,148.4250030517578,149.14999389648438,710
2012-01-12,149.47500610351562,149.47500610351562,149.8000030517578,148.02499389648438,148.75,1392
2012-01-13,150.5749969482422,150.5749969482422,150.6750030517578,149.39999389648438,149.4499969482422,904
2012-01-17,150.64999389648438,150.64999389648438,151.27499389648438,150.5500030517578,150.72500610351562,689
2012-01-18,150.9250030517578,150.9250030517578,151.3000030517578,150.5749969482422,150.75,490
2012-01-19,151.6999969482422,151.6999969482422,151.85000610351562,151.10000610351562,151.10000610351562,417
2012-01-20,151.625,151.625,152.39999389648438,151.625,151.72500610351562,749
2012-01-23,151.89999389648438,151.89999389648438,152.0,151.5,152.0,525
2012-01-24,152.3249969482422,152.3249969482422,152.35000610351562,151.89999389648438,151.9499969482422,597
2012-01-25,152.52499389648438,152.52499389648438,152.8249969482422,152.1750030517578,152.1999969482422,689
2012-01-26,153.0,153.0,153.02499389648438,152.8000030517578,152.89999389648438,3115
2012-01-27,154.60000610351562,154.60000610351562,154.89999389648438,153.4250030517578,153.8000030517578,1639
2012-01-30,154.35000610351562,154.35000610351562,154.8249969482422,153.52499389648438,154.5500030517578,2418
2012-01-31,155.52499389648438,155.52499389648438,155.8000030517578,154.35000610351562,154.375,2855
2012-02-01,155.85000610351562,155.85000610351562,156.1999969482422,154.6999969482422,155.5,3232
2012-02-02,155.375,155.375,155.72500610351562,154.97500610351562,155.72500610351562,2565
2012-02-03,154.4499969482422,154.4499969482422,155.77499389648438,154.1999969482422,155.3249969482422,3075
2012-02-06,154.125,154.125,154.5749969482422,153.5749969482422,153.6999969482422,2802
2012-02-07,155.0,155.0,155.39999389648438,154.0500030517578,154.1999969482422,3842
2012-02-08,155.27499389648438,155.27499389648438,155.72500610351562,154.5500030517578,155.1750030517578,3275
2012-02-09,155.14999389648438,155.14999389648438,155.9499969482422,154.60000610351562,155.22500610351562,2398
2012-02-10,153.625,153.625,155.3000030517578,153.25,155.14999389648438,3756
2012-02-13,154.72500610351562,154.72500610351562,154.8249969482422,153.875,154.0500030517578,2504
2012-02-14,156.25,156.25,156.8000030517578,154.39999389648438,154.4499969482422,3536
2012-02-15,156.625,156.625,157.35000610351562,155.64999389648438,156.375,3245
2012-02-16,156.8249969482422,156.8249969482422,157.5500030517578,156.4250030517578,156.4499969482422,2291
2012-02-17,158.4250030517578,158.4250030517578,159.0500030517578,156.97500610351562,157.0,3374
2012-02-21,158.60000610351562,158.60000610351562,158.8249969482422,158.1750030517578,158.39999389648438,1795
2012-02-22,158.4250030517578,158.4250030517578,158.75,158.14999389648438,158.5500030517578,1947
2012-02-23,157.64999389648438,157.64999389648438,158.625,157.35000610351562,158.1999969482422,1914
2012-02-24,157.6750030517578,157.6750030517578,158.1750030517578,157.22500610351562,157.64999389648438,2244
2012-02-27,156.4499969482422,156.4499969482422,157.8000030517578,156.27499389648438,157.8000030517578,3593
2012-02-28,155.75,155.75,156.8000030517578,155.5500030517578,156.47500610351562,2665
2012-02-29,157.22500610351562,157.22500610351562,157.4499969482422,155.9499969482422,156.60000610351562,3088
2012-03-01,158.5749969482422,158.5749969482422,159.25,157.0,158.0,3090
2012-03-02,158.10000610351562,158.10000610351562,159.0,157.8000030517578,158.85000610351562,4698
2012-03-05,156.4499969482422,156.4499969482422,158.27499389648438,156.02499389648438,158.27499389648438,3377
2012-03-06,154.14999389648438,154.14999389648438,156.10000610351562,154.0,156.0749969482422,2866
2012-03-07,153.89999389648438,153.89999389648438,155.0,152.6750030517578,154.77499389648438,2342
2012-03-08,154.97500610351562,154.97500610351562,155.1999969482422,153.85000610351562,154.0500030517578,941
2012-03-09,153.9250030517578,153.9250030517578,154.9499969482422,153.75,154.625,1225
2012-03-12,154.35000610351562,154.35000610351562,154.75,152.35000610351562,154.02499389648438,1775
2012-03-13,155.52499389648438,155.52499389648438,155.89999389648438,154.27499389648438,154.5,1188
2012-03-14,155.1999969482422,155.1999969482422,155.75,154.9499969482422,155.64999389648438,908
2012-03-15,154.375,154.375,155.5,154.25,155.1750030517578,1143
2012-03-16,153.39999389648438,153.39999389648438,154.77499389648438,152.75,154.6999969482422,1121
2012-03-19,152.9499969482422,152.9499969482422,153.6999969482422,152.5,153.10000610351562,737
2012-03-20,152.72500610351562,152.72500610351562,153.0,151.875,152.75,859
2012-03-21,153.3000030517578,153.3000030517578,153.77499389648438,152.5,152.6999969482422,685
2012-03-22,153.4499969482422,153.4499969482422,153.9499969482422,153.10000610351562,153.4250030517578,491
2012-03-23,153.3000030517578,153.3000030517578,153.47500610351562,152.9250030517578,153.47500610351562,1335
2012-03-26,153.64999389648438,153.64999389648438,153.6750030517578,153.22500610351562,153.4499969482422,894
2012-03-27,153.8249969482422,153.8249969482422,154.0,153.52499389648438,153.64999389648438,858
2012-03-28,153.8000030517578,153.8000030517578,153.875,153.64999389648438,153.85000610351562,461
2012-03-29,154.25,154.25,154.3000030517578,153.85000610351562,153.85000610351562,3523
2012-03-30,148.8249969482422,148.8249969482422,152.1999969482422,148.72500610351562,151.8000030517578,2401
2012-04-02,149.52499389648438,149.52499389648438,150.35000610351562,147.5749969482422,149.5500030517578,2199
2012-04-03,149.25,149.25,150.52499389648438,148.9499969482422,149.9250030517578,2078
2012-04-04,148.6750030517578,148.6750030517578,149.8000030517578,147.10000610351562,149.1750030517578,2053
2012-04-05,148.72500610351562,148.72500610351562,149.10000610351562,148.3000030517578,148.77499389648438,1497
2012-04-09,148.14999389648438,148.14999389648438,150.02499389648438,148.14999389648438,148.97500610351562,1315
2012-04-10,147.0749969482422,147.0749969482422,149.0,146.64999389648438,148.77499389648438,2125
2012-04-11,148.60000610351562,148.60000610351562,149.5,146.0500030517578,146.6999969482422,1787
2012-04-12,151.10000610351562,151.10000610351562,151.5749969482422,149.375,149.5500030517578,1422
2012-04-13,150.52499389648438,150.52499389648438,151.8249969482422,150.52499389648438,151.5,632
2012-04-16,150.35000610351562,150.35000610351562,151.39999389648438,150.125,150.8249969482422,706
2012-04-17,151.35000610351562,151.35000610351562,151.9499969482422,150.4499969482422,150.625,805
2012-04-18,151.39999389648438,151.39999389648438,151.75,150.6999969482422,151.6999969482422,1149
2012-04-19,150.875,150.875,151.35000610351562,150.4250030517578,151.35000610351562,914
2012-04-20,150.125,150.125,151.5500030517578,150.0500030517578,151.22500610351562,902
2012-04-23,149.4250030517578,149.4250030517578,150.0749969482422,149.125,150.02499389648438,1125
2012-04-24,148.39999389648438,148.39999389648438,149.72500610351562,148.39999389648438,149.4499969482422,700
2012-04-25,148.85000610351562,148.85000610351562,149.1999969482422,148.6750030517578,148.75,283
2012-04-26,149.10000610351562,149.10000610351562,149.14999389648438,148.8249969482422,148.85000610351562,2780
2012-04-27,148.77499389648438,148.77499389648438,148.97500610351562,147.5,148.3249969482422,1794
2012-04-30,149.8249969482422,149.8249969482422,150.5500030517578,148.25,148.77499389648438,3275
2012-05-01,150.1750030517578,150.1750030517578,150.8000030517578,149.5500030517578,149.875,2395
2012-05-02,149.97500610351562,149.97500610351562,150.64999389648438,149.60000610351562,150.1750030517578,1950
2012-05-03,152.625,152.625,152.625,149.52499389648438,149.625,3493
2012-05-04,152.5500030517578,152.5500030517578,152.6999969482422,151.8000030517578,152.39999389648438,1679
2012-05-07,152.77499389648438,152.77499389648438,153.1750030517578,152.02499389648438,152.5500030517578,2042
2012-05-08,151.375,151.375,152.97500610351562,151.25,152.9250030517578,2757
2012-05-09,150.64999389648438,150.64999389648438,151.8249969482422,150.47500610351562,151.625,2764
2012-05-10,150.35000610351562,150.35000610351562,151.10000610351562,150.35000610351562,150.875,2167
2012-05-11,149.6999969482422,149.6999969482422,150.60000610351562,149.5500030517578,150.39999389648438,1239
2012-05-14,149.4250030517578,149.4250030517578,149.77499389648438,149.02499389648438,149.25,1230
2012-05-15,149.4250030517578,149.4250030517578,149.875,148.85000610351562,149.39999389648438,798
2012-05-16,149.85000610351562,149.85000610351562,150.0749969482422,149.25,149.5,1248
2012-05-17,150.625,150.625,150.64999389648438,149.97500610351562,149.97500610351562,574
2012-05-18,151.3000030517578,151.3000030517578,151.60000610351562,150.1999969482422,150.22500610351562,835
2012-05-21,151.875,151.875,152.22500610351562,151.5,152.0,1214
2012-05-22,152.52499389648438,152.52499389648438,152.72500610351562,151.6750030517578,151.75,840
2012-05-23,152.4250030517578,152.4250030517578,152.5500030517578,152.25,152.3249969482422,498
2012-05-24,152.39999389648438,152.39999389648438,152.4499969482422,152.3249969482422,152.3249969482422,1600
2012-05-25,158.5,158.5,159.97500610351562,158.4250030517578,159.3000030517578,2293
2012-05-29,157.5749969482422,157.5749969482422,159.6999969482422,157.52499389648438,158.77499389648438,4132
2012-05-30,156.0749969482422,156.0749969482422,158.14999389648438,154.64999389648438,157.6999969482422,4113
2012-05-31,156.8000030517578,156.8000030517578,157.5749969482422,155.6999969482422,155.75,3790
2012-06-01,157.375,157.375,157.72500610351562,155.8249969482422,157.22500610351562,2739
2012-06-04,158.47500610351562,158.47500610351562,158.97500610351562,156.89999389648438,157.5,3069
2012-06-05,159.1750030517578,159.1750030517578,159.35000610351562,158.35000610351562,158.97500610351562,3195
2012-06-06,157.9499969482422,157.9499969482422,159.35000610351562,157.9499969482422,158.8249969482422,2735
2012-06-07,159.10000610351562,159.10000610351562,159.35000610351562,157.6750030517578,158.4250030517578,2589
2012-06-08,159.375,159.375,159.9250030517578,158.77499389648438,159.125,1883
2012-06-11,160.25,160.25,160.39999389648438,159.02499389648438,159.375,2746
2012-06-12,161.14999389648438,161.14999389648438,161.47500610351562,159.60000610351562,159.85000610351562,3313
2012-06-13,158.35000610351562,158.35000610351562,161.4499969482422,158.35000610351562,161.25,3703
2012-06-14,156.1999969482422,156.1999969482422,159.10000610351562,156.1999969482422,158.5749969482422,4670
2012-06-15,156.02499389648438,156.02499389648438,156.875,155.60000610351562,156.8249969482422,4172
2012-06-18,156.125,156.125,157.64999389648438,155.14999389648438,156.02499389648438,3628
2012-06-19,153.60000610351562,153.60000610351562,155.97500610351562,153.35000610351562,155.8000030517578,6158
2012-06-20,152.75,152.75,154.60000610351562,152.625,153.75,4809
2012-06-21,152.64999389648438,152.64999389648438,153.72500610351562,152.1999969482422,153.0749969482422,2950
2012-06-22,152.8000030517578,152.8000030517578,153.1999969482422,151.6999969482422,152.77499389648438,2678
2012-06-25,149.8000030517578,149.8000030517578,151.8249969482422,149.8000030517578,151.5,3870
2012-06-26,147.6999969482422,147.6999969482422,149.72500610351562,147.02499389648438,149.3000030517578,7528
2012-06-27,148.85000610351562,148.85000610351562,149.77499389648438,145.5749969482422,147.9499969482422,7603
2012-06-28,150.4499969482422,150.4499969482422,150.89999389648438,147.9250030517578,149.1999969482422,5242
2012-06-29,151.4499969482422,151.4499969482422,151.60000610351562,149.5749969482422,150.5500030517578,3632
2012-07-02,149.64999389648438,149.64999389648438,150.8249969482422,149.3249969482422,150.8000030517578,2741
2012-07-03,147.39999389648438,147.39999389648438,149.5,147.3000030517578,149.5,4617
2012-07-05,145.9499969482422,145.9499969482422,147.5500030517578,145.3249969482422,147.35000610351562,4449
2012-07-06,146.52499389648438,146.52499389648438,147.1750030517578,145.89999389648438,145.89999389648438,3085
2012-07-09,144.27499389648438,144.27499389648438,145.1750030517578,143.60000610351562,145.10000610351562,4551
2012-07-10,143.35000610351562,143.35000610351562,144.97500610351562,143.22500610351562,144.39999389648438,3335
2012-07-11,144.22500610351562,144.22500610351562,144.5749969482422,141.39999389648438,143.5,6635
2012-07-12,141.22500610351562,141.22500610351562,144.0,141.22500610351562,144.0,3753
2012-07-13,139.0,139.0,141.1750030517578,138.22500610351562,141.14999389648438,5360
2012-07-16,136.0,136.0,136.625,136.0,136.625,1865
2012-07-17,134.1999969482422,134.1999969482422,134.9499969482422,133.0,134.02499389648438,6674
2012-07-18,137.1999969482422,137.1999969482422,137.1999969482422,133.85000610351562,134.27499389648438,5028
2012-07-19,139.10000610351562,139.10000610351562,139.27499389648438,134.64999389648438,137.27499389648438,4782
2012-07-20,136.10000610351562,136.10000610351562,139.3000030517578,136.10000610351562,139.22500610351562,2577
2012-07-23,135.64999389648438,135.64999389648438,138.5500030517578,134.9250030517578,136.3249969482422,3048
2012-07-24,137.6750030517578,137.6750030517578,138.22500610351562,135.4250030517578,135.75,3044
2012-07-25,134.6750030517578,134.6750030517578,137.27499389648438,134.6750030517578,137.0,2833
2012-07-26,136.0,136.0,136.22500610351562,133.64999389648438,134.6750030517578,3304
2012-07-27,137.75,137.75,139.0,134.75,135.6750030517578,3193
2012-07-30,138.25,138.25,138.77499389648438,135.77499389648438,136.0,4030
2012-07-31,138.625,138.625,139.9250030517578,137.75,138.25,2682
2012-08-01,139.77499389648438,139.77499389648438,140.77499389648438,137.875,138.625,2973
2012-08-02,139.75,139.75,140.72500610351562,139.27499389648438,139.3000030517578,2363
2012-08-03,138.9499969482422,138.9499969482422,141.27499389648438,138.72500610351562,140.35000610351562,2697
2012-08-06,138.4250030517578,138.4250030517578,140.8249969482422,138.39999389648438,139.875,1696
2012-08-07,138.64999389648438,138.64999389648438,139.60000610351562,138.3000030517578,138.89999389648438,787
2012-08-08,139.77499389648438,139.77499389648438,140.9499969482422,138.6999969482422,138.6999969482422,978
2012-08-09,139.10000610351562,139.10000610351562,140.1750030517578,139.0,140.0,719
2012-08-10,139.47500610351562,139.47500610351562,140.1750030517578,138.125,139.0500030517578,749
2012-08-13,141.4499969482422,141.4499969482422,142.4499969482422,140.5500030517578,140.89999389648438,1048
2012-08-14,142.9250030517578,142.9250030517578,143.02499389648438,141.52499389648438,141.60000610351562,1017
2012-08-15,142.0749969482422,142.0749969482422,143.02499389648438,141.89999389648438,142.72500610351562,770
2012-08-16,140.3249969482422,140.3249969482422,142.64999389648438,140.22500610351562,142.64999389648438,1314
2012-08-17,140.4250030517578,140.4250030517578,141.3000030517578,140.1750030517578,140.35000610351562,554
2012-08-20,140.5500030517578,140.5500030517578,141.14999389648438,140.1999969482422,140.60000610351562,411
2012-08-21,139.8000030517578,139.8000030517578,141.10000610351562,139.6999969482422,140.6999969482422,511
2012-08-22,140.22500610351562,140.22500610351562,140.5,139.5,139.75,357
2012-08-23,141.27499389648438,141.27499389648438,141.8249969482422,139.9499969482422,140.0,697
2012-08-24,140.5,140.5,141.64999389648438,140.5,141.14999389648438,1048
2012-08-27,140.27499389648438,140.27499389648438,140.5,140.22500610351562,140.5,432
2012-08-28,140.3000030517578,140.3000030517578,140.5500030517578,140.125,140.3000030517578,513
2012-08-29,140.39999389648438,140.39999389648438,140.60000610351562,140.22500610351562,140.22500610351562,312
2012-08-30,140.1750030517578,140.1750030517578,140.5,140.1750030517578,140.47500610351562,1199
2012-08-31,144.60000610351562,144.60000610351562,145.375,143.5,143.5,850
2012-09-04,145.0,145.0,145.35000610351562,144.52499389648438,144.9250030517578,761
2012-09-05,145.0500030517578,145.0500030517578,145.72500610351562,144.75,144.75,1004
2012-09-06,144.625,144.625,145.39999389648438,144.39999389648438,145.0,1294
2012-09-07,144.3000030517578,144.3000030517578,145.0749969482422,143.60000610351562,144.52499389648438,958
2012-09-10,144.9499969482422,144.9499969482422,145.0500030517578,144.0,144.5,708
2012-09-11,144.64999389648438,144.64999389648438,145.4499969482422,144.4250030517578,144.72500610351562,1227
2012-09-12,144.9499969482422,144.9499969482422,146.0749969482422,144.5749969482422,144.64999389648438,1170
2012-09-13,145.0,145.0,145.5500030517578,144.8249969482422,145.125,1119
2012-09-14,145.0,145.0,145.39999389648438,144.5749969482422,145.02499389648438,910
2012-09-17,145.3249969482422,145.3249969482422,145.85000610351562,144.9499969482422,145.39999389648438,772
2012-09-18,145.27499389648438,145.27499389648438,145.6750030517578,144.4250030517578,145.27499389648438,742
2012-09-19,144.8249969482422,144.8249969482422,145.0500030517578,144.4499969482422,145.0,554
2012-09-20,144.125,144.125,144.89999389648438,144.10000610351562,144.8000030517578,659
2012-09-21,143.8000030517578,143.8000030517578,144.5,143.64999389648438,144.5,884
2012-09-24,143.77499389648438,143.77499389648438,144.02499389648438,143.6750030517578,143.97500610351562,496
2012-09-25,143.1999969482422,143.1999969482422,143.6999969482422,143.1999969482422,143.6999969482422,731
2012-09-26,143.4499969482422,143.4499969482422,143.5,143.14999389648438,143.27499389648438,742
2012-09-27,143.27499389648438,143.27499389648438,143.4499969482422,143.1750030517578,143.4499969482422,1961
2012-09-28,143.8000030517578,143.8000030517578,146.0749969482422,143.22500610351562,146.0749969482422,3254
2012-10-01,144.6750030517578,144.6750030517578,144.9499969482422,142.97500610351562,143.64999389648438,1662
2012-10-02,145.375,145.375,145.9250030517578,144.52499389648438,144.75,1997
2012-10-03,145.3000030517578,145.3000030517578,146.25,144.8000030517578,145.5,1733
2012-10-04,144.47500610351562,144.47500610351562,145.89999389648438,144.10000610351562,145.14999389648438,1423
2012-10-05,144.8249969482422,144.8249969482422,145.1750030517578,144.375,144.5,925
2012-10-08,144.8249969482422,144.8249969482422,145.27499389648438,144.5749969482422,145.0749969482422,900
2012-10-09,144.6999969482422,144.6999969482422,145.125,144.35000610351562,144.8249969482422,1410
2012-10-10,144.72500610351562,144.72500610351562,145.10000610351562,144.60000610351562,145.0,506
2012-10-11,142.75,142.75,144.6999969482422,142.5,144.60000610351562,1776
2012-10-12,143.10000610351562,143.10000610351562,144.10000610351562,142.5500030517578,142.9499969482422,1018
2012-10-15,144.35000610351562,144.35000610351562,144.52499389648438,143.75,143.85000610351562,574
2012-10-16,146.10000610351562,146.10000610351562,146.1999969482422,144.25,144.25,1309
2012-10-17,146.9499969482422,146.9499969482422,147.5,146.0500030517578,146.125,1852
2012-10-18,146.85000610351562,146.85000610351562,147.22500610351562,146.52499389648438,146.6999969482422,1003
2012-10-19,146.14999389648438,146.14999389648438,146.97500610351562,146.02499389648438,146.6999969482422,727
2012-10-22,145.6750030517578,145.6750030517578,146.1999969482422,145.39999389648438,146.1750030517578,545
2012-10-23,145.4250030517578,145.4250030517578,145.72500610351562,145.3249969482422,145.5749969482422,476
2012-10-24,145.4250030517578,145.4250030517578,145.5749969482422,145.3000030517578,145.39999389648438,637
2012-10-25,145.3000030517578,145.3000030517578,145.375,145.14999389648438,145.35000610351562,1877
2012-10-26,145.3249969482422,145.3249969482422,146.0500030517578,145.125,146.0500030517578,1425
2012-10-31,146.3000030517578,146.3000030517578,147.10000610351562,145.72500610351562,146.89999389648438,1517
2012-11-01,144.64999389648438,144.64999389648438,146.5,144.5500030517578,146.02499389648438,2340
2012-11-02,144.89999389648438,144.89999389648438,145.35000610351562,144.6750030517578,145.0,659
2012-11-05,144.89999389648438,144.89999389648438,145.10000610351562,144.39999389648438,144.89999389648438,956
2012-11-06,144.85000610351562,144.85000610351562,145.14999389648438,144.5500030517578,144.89999389648438,680
2012-11-07,144.1999969482422,144.1999969482422,145.0500030517578,143.625,145.0500030517578,1812
2012-11-08,144.5,144.5,144.60000610351562,143.64999389648438,143.9250030517578,811
2012-11-09,144.1999969482422,144.1999969482422,144.89999389648438,144.0,144.5,1330
2012-11-12,144.0,144.0,144.35000610351562,143.85000610351562,144.1999969482422,706
2012-11-13,143.52499389648438,143.52499389648438,143.97500610351562,143.10000610351562,143.9499969482422,991
2012-11-14,143.1999969482422,143.1999969482422,143.47500610351562,143.14999389648438,143.39999389648438,841
2012-11-15,143.39999389648438,143.39999389648438,143.47500610351562,143.25,143.25,1810
2012-11-16,145.60000610351562,145.60000610351562,145.6750030517578,144.85000610351562,145.25,1499
2012-11-19,146.0,146.0,146.60000610351562,145.5,145.8249969482422,1977
2012-11-20,146.0500030517578,146.0500030517578,146.35000610351562,145.35000610351562,146.0,926
2012-11-21,147.375,147.375,147.72500610351562,145.89999389648438,145.9250030517578,2068
2012-11-23,147.875,147.875,147.9250030517578,147.27499389648438,147.5,1446
2012-11-26,147.35000610351562,147.35000610351562,147.97500610351562,146.97500610351562,147.8000030517578,1988
2012-11-27,146.9250030517578,146.9250030517578,147.72500610351562,146.27499389648438,147.0749969482422,2528
2012-11-28,146.0749969482422,146.0749969482422,147.0749969482422,145.72500610351562,146.47500610351562,2292
2012-11-29,146.75,146.75,147.25,145.89999389648438,146.0,2096
2012-11-30,145.625,145.625,147.125,145.25,147.0,3475
2012-12-03,145.60000610351562,145.60000610351562,145.77499389648438,144.85000610351562,145.0500030517578,1551
2012-12-04,145.5749969482422,145.5749969482422,145.875,145.1750030517578,145.6750030517578,1878
2012-12-05,146.39999389648438,146.39999389648438,146.72500610351562,145.4250030517578,145.6999969482422,3022
2012-12-06,148.25,148.25,148.5749969482422,146.125,146.60000610351562,5130
2012-12-07,148.77499389648438,148.77499389648438,149.0,147.85000610351562,148.1750030517578,3478
2012-12-10,149.77499389648438,149.77499389648438,149.9499969482422,148.625,149.10000610351562,4255
2012-12-11,152.0749969482422,152.0749969482422,152.5,149.5,149.5,6175
2012-12-12,152.75,152.75,153.5,151.8000030517578,151.9499969482422,5399
2012-12-13,153.125,153.125,153.97500610351562,152.3000030517578,152.3000030517578,4746
2012-12-14,153.0749969482422,153.0749969482422,153.47500610351562,152.27499389648438,152.5749969482422,2852
2012-12-17,154.25,154.25,154.5,153.14999389648438,153.375,2349
2012-12-18,152.1999969482422,152.1999969482422,154.75,152.0500030517578,154.35000610351562,4805
2012-12-19,153.47500610351562,153.47500610351562,153.64999389648438,152.14999389648438,152.3000030517578,2714
2012-12-20,152.27499389648438,152.27499389648438,153.77499389648438,151.875,153.4250030517578,1974
2012-12-21,152.14999389648438,152.14999389648438,152.8249969482422,151.5,152.5749969482422,2082
2012-12-24,151.5,151.5,152.39999389648438,151.5,152.0,750
2012-12-26,152.0749969482422,152.0749969482422,153.0749969482422,151.625,152.0749969482422,1735
2012-12-27,151.27499389648438,151.27499389648438,152.47500610351562,150.77499389648438,152.4499969482422,1568
2012-12-28,152.02499389648438,152.02499389648438,152.4499969482422,151.0,151.5749969482422,1141
2012-12-31,151.39999389648438,151.39999389648438,153.02499389648438,151.14999389648438,152.02499389648438,1140
2013-01-02,151.1999969482422,151.1999969482422,152.4499969482422,150.1999969482422,151.89999389648438,1750
2013-01-03,152.35000610351562,152.35000610351562,152.5500030517578,150.89999389648438,151.35000610351562,1007
2013-01-04,153.1750030517578,153.1750030517578,153.60000610351562,152.25,152.27499389648438,1548
2013-01-07,153.25,153.25,153.4499969482422,152.64999389648438,153.14999389648438,835
2013-01-08,152.72500610351562,152.72500610351562,153.39999389648438,152.375,153.22500610351562,1254
2013-01-09,151.5,151.5,152.9499969482422,151.5,152.75,1418
2013-01-10,150.85000610351562,150.85000610351562,151.75,150.6999969482422,151.64999389648438,1512
2013-01-11,149.875,149.875,152.0,149.3249969482422,150.85000610351562,2938
2013-01-14,149.4499969482422,149.4499969482422,149.89999389648438,148.60000610351562,149.25,1970
2013-01-15,148.3249969482422,148.3249969482422,149.5749969482422,148.1750030517578,149.5749969482422,1585
2013-01-16,147.0749969482422,147.0749969482422,148.85000610351562,146.5,148.5,2199
2013-01-17,144.39999389648438,144.39999389648438,147.22500610351562,144.0749969482422,147.0,2100
2013-01-18,143.89999389648438,143.89999389648438,145.5749969482422,143.10000610351562,144.85000610351562,1205
2013-01-22,144.39999389648438,144.39999389648438,144.85000610351562,144.10000610351562,144.4499969482422,519
2013-01-23,144.1999969482422,144.1999969482422,144.6999969482422,143.6750030517578,144.6999969482422,613
2013-01-24,144.60000610351562,144.60000610351562,145.0,144.10000610351562,144.4250030517578,491
2013-01-25,144.6999969482422,144.6999969482422,145.47500610351562,144.64999389648438,145.0,784
2013-01-28,145.8000030517578,145.8000030517578,145.97500610351562,145.3000030517578,145.3000030517578,553
2013-01-29,145.8000030517578,145.8000030517578,145.9499969482422,145.5500030517578,145.6750030517578,379
2013-01-30,145.8249969482422,145.8249969482422,145.9250030517578,145.6750030517578,145.72500610351562,212
2013-01-31,146.3000030517578,146.3000030517578,146.35000610351562,145.875,145.875,1749
2013-02-01,149.1999969482422,149.1999969482422,149.875,148.6750030517578,149.60000610351562,1956
2013-02-04,148.875,148.875,149.5,147.9499969482422,149.375,3797
2013-02-05,148.52499389648438,148.52499389648438,149.8249969482422,148.5,148.64999389648438,2611
2013-02-06,147.5500030517578,147.5500030517578,148.89999389648438,147.0500030517578,148.6750030517578,2915
2013-02-07,147.1999969482422,147.1999969482422,147.6750030517578,146.52499389648438,147.47500610351562,3713
2013-02-08,145.0,145.0,147.625,144.9250030517578,147.25,3928
2013-02-11,144.8000030517578,144.8000030517578,145.4499969482422,143.375,144.6750030517578,4908
2013-02-12,143.25,143.25,145.0,141.8000030517578,144.4250030517578,5910
2013-02-13,141.35000610351562,141.35000610351562,142.9250030517578,140.6750030517578,142.8249969482422,5558
2013-02-14,142.6750030517578,142.6750030517578,143.0500030517578,139.1750030517578,141.10000610351562,4885
2013-02-15,143.375,143.375,143.75,141.52499389648438,142.8249969482422,2856
2013-02-19,143.1750030517578,143.1750030517578,143.77499389648438,142.3249969482422,143.39999389648438,1913
2013-02-20,140.72500610351562,140.72500610351562,143.02499389648438,140.1750030517578,142.75,3985
2013-02-21,140.6999969482422,140.6999969482422,141.5500030517578,140.1750030517578,140.85000610351562,2418
2013-02-22,141.25,141.25,141.9499969482422,140.1999969482422,140.6999969482422,2240
2013-02-25,140.8000030517578,140.8000030517578,142.125,139.9499969482422,141.60000610351562,1560
2013-02-26,141.1750030517578,141.1750030517578,141.77499389648438,139.3000030517578,139.8249969482422,2444
2013-02-27,141.4499969482422,141.4499969482422,141.97500610351562,140.77499389648438,141.1750030517578,2584
2013-02-28,142.0,142.0,142.60000610351562,140.625,141.875,2009
2013-03-01,141.5500030517578,141.5500030517578,143.375,141.35000610351562,142.35000610351562,2657
2013-03-04,142.52499389648438,142.52499389648438,142.72500610351562,141.4250030517578,141.75,1786
2013-03-05,141.75,141.75,143.1999969482422,141.5,142.8000030517578,1964
2013-03-06,140.9250030517578,140.9250030517578,141.8000030517578,139.5,141.75,2855
2013-03-07,140.47500610351562,140.47500610351562,141.5,140.02499389648438,140.8000030517578,1913
2013-03-08,138.97500610351562,138.97500610351562,140.8249969482422,138.39999389648438,140.125,3398
2013-03-11,138.1999969482422,138.1999969482422,139.47500610351562,138.10000610351562,139.0500030517578,1842
2013-03-12,138.8000030517578,138.8000030517578,139.14999389648438,137.89999389648438,138.125,1667
2013-03-13,139.0,139.0,139.75,138.47500610351562,138.75,1832
2013-03-14,138.27499389648438,138.27499389648438,139.25,137.64999389648438,139.1750030517578,1444
2013-03-15,136.6750030517578,136.6750030517578,137.9250030517578,136.64999389648438,137.8000030517578,1464
2013-03-18,136.6999969482422,136.6999969482422,137.125,136.22500610351562,136.75,792
2013-03-19,136.0,136.0,136.8249969482422,135.10000610351562,136.47500610351562,1427
2013-03-20,135.10000610351562,135.10000610351562,135.75,134.625,135.75,979
2013-03-21,135.14999389648438,135.14999389648438,136.0,134.625,135.125,984
2013-03-22,134.64999389648438,134.64999389648438,135.52499389648438,134.5500030517578,134.8249969482422,1283
2013-03-25,134.72500610351562,134.72500610351562,135.1999969482422,134.52499389648438,134.6999969482422,544
2013-03-26,134.85000610351562,134.85000610351562,135.0749969482422,134.5500030517578,134.5500030517578,468
2013-03-27,135.27499389648438,135.27499389648438,135.3000030517578,134.8000030517578,134.8000030517578,2442
2013-04-01,145.52499389648438,145.52499389648438,145.8000030517578,144.0500030517578,144.0500030517578,2909
2013-04-02,144.72500610351562,144.72500610351562,145.60000610351562,144.35000610351562,145.35000610351562,2210
2013-04-03,144.5500030517578,144.5500030517578,145.4499969482422,144.0749969482422,144.5749969482422,2307
2013-04-04,143.89999389648438,143.89999389648438,145.4250030517578,143.6999969482422,144.8000030517578,1740
2013-04-05,142.5749969482422,142.5749969482422,144.3000030517578,142.4499969482422,143.8000030517578,1660
2013-04-08,142.75,142.75,143.5,142.22500610351562,142.52499389648438,1630
2013-04-09,142.625,142.625,143.02499389648438,142.35000610351562,142.77499389648438,1233
2013-04-10,140.5,140.5,142.4499969482422,139.85000610351562,142.4499969482422,2141
2013-04-11,139.22500610351562,139.22500610351562,140.47500610351562,138.85000610351562,139.9250030517578,2364
2013-04-12,137.9250030517578,137.9250030517578,139.25,137.85000610351562,139.10000610351562,954
2013-04-15,136.60000610351562,136.60000610351562,138.1750030517578,136.0500030517578,137.77499389648438,1193
2013-04-16,136.9499969482422,136.9499969482422,137.25,135.8000030517578,136.02499389648438,925
2013-04-17,136.52499389648438,136.52499389648438,137.14999389648438,136.0500030517578,136.89999389648438,946
2013-04-18,134.4499969482422,134.4499969482422,136.60000610351562,134.14999389648438,136.60000610351562,1098
2013-04-19,134.02499389648438,134.02499389648438,134.3249969482422,133.52499389648438,134.02499389648438,712
2013-04-22,133.625,133.625,133.9250030517578,132.9499969482422,133.02499389648438,940
2013-04-23,133.75,133.75,134.22500610351562,133.5749969482422,133.625,722
2013-04-24,133.75,133.75,134.02499389648438,133.5500030517578,133.75,619
2013-04-25,134.02499389648438,134.02499389648438,134.1999969482422,133.85000610351562,133.85000610351562,2072
2013-04-26,141.8000030517578,141.8000030517578,142.5,141.6999969482422,142.0,1352
2013-04-29,140.4250030517578,140.4250030517578,141.1750030517578,140.02499389648438,141.0,2529
2013-04-30,139.5500030517578,139.5500030517578,141.10000610351562,139.35000610351562,140.0749969482422,2078
2013-05-01,139.5,139.5,140.4250030517578,139.25,139.35000610351562,1710
2013-05-02,140.60000610351562,140.60000610351562,140.89999389648438,139.72500610351562,140.02499389648438,1591
2013-05-03,138.77499389648438,138.77499389648438,141.10000610351562,138.5,140.77499389648438,2181
2013-05-06,138.39999389648438,138.39999389648438,139.5,137.89999389648438,139.375,2099
2013-05-07,136.875,136.875,138.1750030517578,136.5500030517578,137.9499969482422,2730
2013-05-08,135.60000610351562,135.60000610351562,137.10000610351562,135.5749969482422,137.0500030517578,2219
2013-05-09,135.75,135.75,135.97500610351562,135.375,135.8000030517578,1787
2013-05-10,135.375,135.375,135.72500610351562,135.22500610351562,135.3000030517578,984
2013-05-13,134.85000610351562,134.85000610351562,136.1999969482422,134.8000030517578,135.5500030517578,697
2013-05-14,135.5,135.5,135.6999969482422,135.0,135.0,809
2013-05-15,135.0749969482422,135.0749969482422,135.5,134.89999389648438,135.25,804
2013-05-16,135.02499389648438,135.02499389648438,135.3000030517578,134.75,135.14999389648438,568
2013-05-17,133.89999389648438,133.89999389648438,134.89999389648438,133.52499389648438,134.875,1360
2013-05-20,132.52499389648438,132.52499389648438,132.97500610351562,132.1750030517578,132.97500610351562,1939
2013-05-21,131.89999389648438,131.89999389648438,132.72500610351562,131.85000610351562,132.5,998
2013-05-22,131.625,131.625,132.0,131.5,131.85000610351562,650
2013-05-23,131.625,131.625,131.72500610351562,131.5749969482422,131.60000610351562,3317
2013-05-24,144.5500030517578,144.5500030517578,144.9499969482422,142.35000610351562,142.35000610351562,2891
2013-05-28,145.47500610351562,145.47500610351562,145.64999389648438,143.64999389648438,144.22500610351562,2721
2013-05-29,145.625,145.625,146.3249969482422,145.25,145.4499969482422,2225
2013-05-30,144.1750030517578,144.1750030517578,146.25,144.14999389648438,145.39999389648438,2138
2013-05-31,144.3249969482422,144.3249969482422,144.8000030517578,143.77499389648438,144.1999969482422,1884
2013-06-03,144.4250030517578,144.4250030517578,145.39999389648438,143.47500610351562,144.3249969482422,2782
2013-06-04,145.5749969482422,145.5749969482422,146.14999389648438,144.39999389648438,144.60000610351562,2009
2013-06-05,144.60000610351562,144.60000610351562,146.0749969482422,144.60000610351562,145.85000610351562,1745
2013-06-06,144.64999389648438,144.64999389648438,145.1999969482422,143.85000610351562,144.625,1830
2013-06-07,143.625,143.625,144.89999389648438,143.3000030517578,144.47500610351562,1760
2013-06-10,143.4250030517578,143.4250030517578,144.47500610351562,143.39999389648438,144.25,1665
2013-06-11,144.6750030517578,144.6750030517578,145.97500610351562,143.10000610351562,143.5500030517578,2733
2013-06-12,145.9250030517578,145.9250030517578,145.9499969482422,144.02499389648438,144.9499969482422,2729
2013-06-13,145.47500610351562,145.47500610351562,146.125,144.8249969482422,145.60000610351562,1490
2013-06-14,143.39999389648438,143.39999389648438,145.4499969482422,143.39999389648438,145.22500610351562,2199
2013-06-17,144.52499389648438,144.52499389648438,144.625,143.25,143.6999969482422,2650
2013-06-18,143.8000030517578,143.8000030517578,145.10000610351562,143.60000610351562,144.27499389648438,2204
2013-06-19,144.64999389648438,144.64999389648438,145.02499389648438,143.8249969482422,144.0,2125
2013-06-20,144.4250030517578,144.4250030517578,144.77499389648438,143.60000610351562,144.5,1615
2013-06-21,146.9250030517578,146.9250030517578,146.9499969482422,143.6999969482422,143.875,3988
2013-06-24,147.6750030517578,147.6750030517578,148.4499969482422,146.9499969482422,147.0,3393
2013-06-25,147.875,147.875,148.35000610351562,147.0500030517578,147.5,2603
2013-06-26,148.9250030517578,148.9250030517578,148.9499969482422,147.4499969482422,148.0500030517578,3305
2013-06-27,149.6999969482422,149.6999969482422,150.0749969482422,148.77499389648438,148.875,2682
2013-06-28,149.4499969482422,149.4499969482422,150.77499389648438,148.4499969482422,149.6750030517578,4616
2013-07-01,151.22500610351562,151.22500610351562,151.27499389648438,149.875,149.89999389648438,3300
2013-07-02,150.89999389648438,150.89999389648438,151.77499389648438,150.47500610351562,151.0,2657
2013-07-03,150.9499969482422,150.9499969482422,151.4499969482422,150.0749969482422,150.5749969482422,1901
2013-07-05,151.8000030517578,151.8000030517578,152.0749969482422,150.64999389648438,150.75,2397
2013-07-08,151.60000610351562,151.60000610351562,152.1999969482422,151.3000030517578,151.5,3156
2013-07-09,151.14999389648438,151.14999389648438,151.64999389648438,150.22500610351562,151.5,3378
2013-07-10,150.5500030517578,150.5500030517578,151.27499389648438,150.3249969482422,150.97500610351562,2854
2013-07-11,150.125,150.125,151.5500030517578,149.85000610351562,150.52499389648438,3442
2013-07-12,150.125,150.125,150.4250030517578,149.5500030517578,150.02499389648438,3171
2013-07-15,152.64999389648438,152.64999389648438,152.85000610351562,150.72500610351562,150.72500610351562,3957
2013-07-16,152.5500030517578,152.5500030517578,152.875,151.875,152.47500610351562,3087
2013-07-17,150.97500610351562,150.97500610351562,152.625,150.97500610351562,152.1750030517578,2073
2013-07-18,152.0749969482422,152.0749969482422,152.75,151.10000610351562,151.125,2410
2013-07-19,152.25,152.25,153.0,151.625,152.47500610351562,2105
2013-07-22,152.9250030517578,152.9250030517578,153.22500610351562,152.3000030517578,152.9499969482422,2147
2013-07-23,153.60000610351562,153.60000610351562,154.3000030517578,152.72500610351562,152.875,2112
2013-07-24,153.02499389648438,153.02499389648438,154.1999969482422,153.0,153.6750030517578,2919
2013-07-25,152.35000610351562,152.35000610351562,153.5,151.8000030517578,153.02499389648438,3025
2013-07-26,152.60000610351562,152.60000610351562,153.125,152.125,152.35000610351562,1900
2013-07-29,153.27499389648438,153.27499389648438,153.8000030517578,152.875,152.97500610351562,2612
2013-07-30,153.25,153.25,153.39999389648438,152.3249969482422,153.10000610351562,1899
2013-07-31,153.4250030517578,153.4250030517578,153.72500610351562,152.875,153.14999389648438,1377
2013-08-01,153.75,153.75,154.6999969482422,153.5,153.60000610351562,3025
2013-08-02,153.72500610351562,153.72500610351562,154.27499389648438,153.14999389648438,153.8000030517578,1916
2013-08-05,153.97500610351562,153.97500610351562,154.39999389648438,153.625,154.25,969
2013-08-06,154.25,154.25,154.3249969482422,153.9499969482422,154.0,1971
2013-08-07,152.5749969482422,152.5749969482422,154.3000030517578,152.3000030517578,154.25,2279
2013-08-08,154.25,154.25,154.5500030517578,153.02499389648438,153.6999969482422,1947
2013-08-09,153.85000610351562,153.85000610351562,154.375,153.1999969482422,154.0,947
2013-08-12,153.5,153.5,154.10000610351562,152.60000610351562,153.9250030517578,895
2013-08-13,153.85000610351562,153.85000610351562,154.14999389648438,153.27499389648438,153.625,805
2013-08-14,153.60000610351562,153.60000610351562,154.10000610351562,153.22500610351562,153.75,764
2013-08-15,154.10000610351562,154.10000610351562,154.27499389648438,153.1999969482422,153.8249969482422,1485
2013-08-16,154.77499389648438,154.77499389648438,154.89999389648438,153.625,153.875,774
2013-08-19,154.89999389648438,154.89999389648438,155.35000610351562,154.47500610351562,154.77499389648438,1405
2013-08-20,155.39999389648438,155.39999389648438,155.5749969482422,154.6750030517578,154.75,722
2013-08-21,155.5749969482422,155.5749969482422,155.77499389648438,155.25,155.5,974
2013-08-22,155.4499969482422,155.4499969482422,155.75,155.3000030517578,155.6999969482422,603
2013-08-23,155.0,155.0,155.52499389648438,154.8000030517578,155.4250030517578,864
2013-08-26,154.39999389648438,154.39999389648438,155.10000610351562,154.1750030517578,155.10000610351562,1003
2013-08-27,154.72500610351562,154.72500610351562,154.77499389648438,154.3249969482422,154.3249969482422,379
2013-08-28,154.72500610351562,154.72500610351562,154.85000610351562,154.625,154.64999389648438,427
2013-08-29,155.0500030517578,155.0500030517578,155.0749969482422,154.8000030517578,154.89999389648438,1607
2013-08-30,156.9250030517578,156.9250030517578,157.47500610351562,156.52499389648438,156.52499389648438,1318
2013-09-03,157.1750030517578,157.1750030517578,158.39999389648438,157.0749969482422,157.14999389648438,1726
2013-09-04,157.02499389648438,157.02499389648438,157.6750030517578,156.25,157.4499969482422,2082
2013-09-05,156.75,156.75,157.5,156.39999389648438,157.22500610351562,816
2013-09-06,156.5749969482422,156.5749969482422,157.02499389648438,156.0749969482422,156.64999389648438,1784
2013-09-09,156.60000610351562,156.60000610351562,156.6999969482422,156.125,156.60000610351562,1241
2013-09-10,156.39999389648438,156.39999389648438,156.6999969482422,156.25,156.5,682
2013-09-11,156.375,156.375,157.39999389648438,156.0749969482422,156.3000030517578,1562
2013-09-12,157.02499389648438,157.02499389648438,157.5,156.375,156.375,630
2013-09-13,157.3000030517578,157.3000030517578,157.8249969482422,157.0,157.0,299
2013-09-16,157.60000610351562,157.60000610351562,157.85000610351562,157.39999389648438,157.5500030517578,446
2013-09-17,156.60000610351562,156.60000610351562,157.3000030517578,156.4499969482422,157.27499389648438,736
2013-09-18,157.14999389648438,157.14999389648438,157.14999389648438,155.9250030517578,156.8000030517578,585
2013-09-19,157.14999389648438,157.14999389648438,157.35000610351562,156.875,157.14999389648438,501
2013-09-20,157.10000610351562,157.10000610351562,157.35000610351562,156.875,157.0,643
2013-09-23,157.625,157.625,157.75,157.14999389648438,157.14999389648438,493
2013-09-24,157.9499969482422,157.9499969482422,158.0500030517578,157.625,157.6999969482422,382
2013-09-25,158.6750030517578,158.6750030517578,158.97500610351562,158.02499389648438,158.02499389648438,692
2013-09-26,159.5500030517578,159.5500030517578,159.5500030517578,158.89999389648438,158.89999389648438,2201
2013-09-27,164.125,164.125,164.89999389648438,163.8000030517578,163.97500610351562,1458
2013-09-30,164.10000610351562,164.10000610351562,164.39999389648438,163.125,163.6999969482422,1436
2013-10-01,164.39999389648438,164.39999389648438,164.77499389648438,163.60000610351562,163.77499389648438,1608
2013-10-02,164.5749969482422,164.5749969482422,164.89999389648438,164.0749969482422,164.5500030517578,1477
2013-10-03,164.10000610351562,164.10000610351562,164.72500610351562,163.75,164.5,830
2013-10-04,164.4499969482422,164.4499969482422,164.4499969482422,163.8000030517578,164.14999389648438,1329
2013-10-07,164.0,164.0,164.60000610351562,163.4250030517578,164.10000610351562,817
2013-10-08,164.8000030517578,164.8000030517578,164.9499969482422,163.72500610351562,163.85000610351562,955
2013-10-09,164.5500030517578,164.5500030517578,164.89999389648438,163.8249969482422,164.85000610351562,1729
2013-10-10,165.9250030517578,165.9250030517578,166.25,164.375,164.5,722
2013-10-11,167.47500610351562,167.47500610351562,168.47500610351562,166.0,166.14999389648438,1180
2013-10-14,167.375,167.375,167.9499969482422,167.0,167.52499389648438,515
2013-10-15,165.6999969482422,165.6999969482422,167.0500030517578,164.6999969482422,166.8000030517578,580
2013-10-16,166.0,166.0,166.52499389648438,165.4499969482422,165.64999389648438,1166
2013-10-17,165.85000610351562,165.85000610351562,167.0749969482422,165.5,166.25,754
2013-10-18,166.0749969482422,166.0749969482422,166.39999389648438,164.9250030517578,166.0749969482422,683
2013-10-21,165.8249969482422,165.8249969482422,165.89999389648438,165.4250030517578,165.875,287
2013-10-22,166.0500030517578,166.0500030517578,167.14999389648438,165.22500610351562,165.4250030517578,594
2013-10-23,166.14999389648438,166.14999389648438,166.9499969482422,165.5,166.5,489
2013-10-24,165.5500030517578,165.5500030517578,166.35000610351562,165.3249969482422,166.35000610351562,704
2013-10-25,165.5500030517578,165.5500030517578,166.02499389648438,165.375,165.5749969482422,382
2013-10-28,165.97500610351562,165.97500610351562,166.0500030517578,165.72500610351562,165.85000610351562,203
2013-10-29,165.4250030517578,165.4250030517578,166.0500030517578,165.35000610351562,165.9499969482422,556
2013-10-30,165.22500610351562,165.22500610351562,165.60000610351562,165.125,165.4499969482422,576
2013-10-31,165.3249969482422,165.3249969482422,165.35000610351562,165.25,165.27499389648438,1788
2013-11-01,163.5,163.5,164.9499969482422,163.4250030517578,164.89999389648438,2706
2013-11-04,163.60000610351562,163.60000610351562,163.8249969482422,163.10000610351562,163.6999969482422,1420
2013-11-05,164.77499389648438,164.77499389648438,165.0749969482422,163.625,163.625,1626
2013-11-06,164.85000610351562,164.85000610351562,165.3000030517578,164.4499969482422,164.77499389648438,945
2013-11-07,164.625,164.625,165.0500030517578,164.1750030517578,164.72500610351562,1140
2013-11-08,164.4250030517578,164.4250030517578,165.4499969482422,164.25,164.77499389648438,1397
2013-11-11,164.1999969482422,164.1999969482422,164.625,164.0,164.625,1103
2013-11-12,164.64999389648438,164.64999389648438,164.875,164.1999969482422,164.35000610351562,808
2013-11-13,164.85000610351562,164.85000610351562,165.0500030517578,164.4250030517578,164.64999389648438,501
2013-11-14,165.02499389648438,165.02499389648438,165.25,164.85000610351562,164.85000610351562,493
2013-11-15,165.14999389648438,165.14999389648438,165.3000030517578,164.89999389648438,165.22500610351562,359
2013-11-18,164.85000610351562,164.85000610351562,165.3249969482422,164.3000030517578,165.3249969482422,1557
2013-11-19,164.375,164.375,164.875,164.27499389648438,164.77499389648438,918
2013-11-20,164.5749969482422,164.5749969482422,164.625,164.375,164.47500610351562,762
2013-11-21,164.8000030517578,164.8000030517578,164.9250030517578,164.52499389648438,164.64999389648438,2924
2013-11-22,163.5,163.5,163.6999969482422,163.1999969482422,163.375,2213
2013-11-25,162.8000030517578,162.8000030517578,163.9499969482422,162.75,163.8000030517578,2002
2013-11-26,164.375,164.375,164.6999969482422,162.77499389648438,162.77499389648438,2374
2013-11-27,165.3249969482422,165.3249969482422,165.5,164.27499389648438,164.47500610351562,3208
2013-11-29,165.47500610351562,165.47500610351562,165.6999969482422,165.27499389648438,165.5500030517578,1812
2013-12-02,165.35000610351562,165.35000610351562,165.875,165.22500610351562,165.64999389648438,2313
2013-12-03,164.85000610351562,164.85000610351562,165.6999969482422,164.8000030517578,165.39999389648438,2465
2013-12-04,165.0500030517578,165.0500030517578,165.39999389648438,164.5,164.75,2480
2013-12-05,164.125,164.125,165.875,164.0500030517578,165.10000610351562,3673
2013-12-06,164.47500610351562,164.47500610351562,164.72500610351562,163.77499389648438,164.25,3116
2013-12-09,165.14999389648438,165.14999389648438,165.375,164.47500610351562,164.52499389648438,2191
2013-12-10,165.5500030517578,165.5500030517578,165.6750030517578,164.85000610351562,165.10000610351562,4232
2013-12-11,165.6750030517578,165.6750030517578,165.8000030517578,165.27499389648438,165.5,2521
2013-12-12,167.0749969482422,167.0749969482422,167.4250030517578,165.5,165.5500030517578,5505
2013-12-13,167.0749969482422,167.0749969482422,167.60000610351562,166.4250030517578,167.125,2457
2013-12-16,168.39999389648438,168.39999389648438,168.47500610351562,166.52499389648438,167.0,3727
2013-12-17,167.14999389648438,167.14999389648438,168.4499969482422,166.85000610351562,168.1750030517578,2300
2013-12-18,166.0500030517578,166.0500030517578,167.27499389648438,166.02499389648438,167.14999389648438,2458
2013-12-19,166.8000030517578,166.8000030517578,166.97500610351562,166.22500610351562,166.39999389648438,1114
2013-12-20,166.97500610351562,166.97500610351562,167.3249969482422,166.375,166.9499969482422,2358
2013-12-23,166.6750030517578,166.6750030517578,167.125,166.25,166.64999389648438,3600
2013-12-24,166.25,166.25,166.8000030517578,166.0,166.5749969482422,1036
2013-12-26,166.60000610351562,166.60000610351562,166.89999389648438,166.375,166.52499389648438,715
2013-12-27,167.0,167.0,167.72500610351562,166.60000610351562,166.60000610351562,1678
2013-12-30,167.27499389648438,167.27499389648438,167.3000030517578,166.0,167.22500610351562,1559
2013-12-31,166.6999969482422,166.6999969482422,167.5500030517578,166.5500030517578,167.1999969482422,897
2014-01-02,167.0,167.0,167.5500030517578,166.72500610351562,166.875,2016
2014-01-03,167.625,167.625,168.0,167.1750030517578,167.3249969482422,1483
2014-01-06,168.02499389648438,168.02499389648438,168.4250030517578,167.85000610351562,168.25,1437
2014-01-07,168.0500030517578,168.0500030517578,168.60000610351562,167.85000610351562,168.25,1409
2014-01-08,168.47500610351562,168.47500610351562,168.97500610351562,167.75,168.0749969482422,1767
2014-01-09,169.14999389648438,169.14999389648438,169.39999389648438,168.5,168.97500610351562,1427
2014-01-10,168.64999389648438,168.64999389648438,169.625,168.35000610351562,169.25,1694
2014-01-13,167.8249969482422,167.8249969482422,169.1750030517578,167.5,169.1750030517578,2266
2014-01-14,168.60000610351562,168.60000610351562,168.85000610351562,167.6999969482422,168.125,1074
2014-01-15,169.39999389648438,169.39999389648438,169.89999389648438,168.72500610351562,168.72500610351562,1108
2014-01-16,169.8000030517578,169.8000030517578,170.25,169.22500610351562,169.60000610351562,1350
2014-01-17,170.0,170.0,170.0749969482422,169.375,169.6999969482422,734
2014-01-21,169.8000030517578,169.8000030517578,169.9499969482422,169.47500610351562,169.85000610351562,933
2014-01-22,170.47500610351562,170.47500610351562,170.8249969482422,169.0749969482422,169.5,1260
2014-01-23,170.375,170.375,170.77499389648438,169.89999389648438,170.4499969482422,1245
2014-01-24,170.6999969482422,170.6999969482422,170.8000030517578,169.89999389648438,170.4499969482422,1043
2014-01-27,170.97500610351562,170.97500610351562,171.10000610351562,170.64999389648438,170.9250030517578,544
2014-01-28,171.4250030517578,171.4250030517578,171.5,170.9250030517578,170.9250030517578,553
2014-01-29,171.8000030517578,171.8000030517578,171.89999389648438,171.22500610351562,171.22500610351562,807
2014-01-30,171.6750030517578,171.6750030517578,171.6999969482422,171.47500610351562,171.6999969482422,2485
2014-01-31,169.4250030517578,169.4250030517578,169.85000610351562,168.0500030517578,168.72500610351562,3762
2014-02-03,168.0,168.0,169.10000610351562,167.8000030517578,169.10000610351562,4095
2014-02-04,166.97500610351562,166.97500610351562,168.5,166.89999389648438,167.97500610351562,5358
2014-02-05,166.9250030517578,166.9250030517578,167.8249969482422,166.89999389648438,167.125,2566
2014-02-06,167.0,167.0,167.625,166.4250030517578,167.14999389648438,3128
2014-02-07,167.8000030517578,167.8000030517578,168.0,166.8249969482422,167.39999389648438,3437
2014-02-10,167.89999389648438,167.89999389648438,168.1999969482422,167.125,167.6999969482422,2983
2014-02-11,168.77499389648438,168.77499389648438,169.375,167.77499389648438,167.9250030517578,3958
2014-02-12,168.5,168.5,169.375,168.22500610351562,168.8000030517578,2881
2014-02-13,170.72500610351562,170.72500610351562,171.35000610351562,168.52499389648438,168.875,4684
2014-02-14,170.47500610351562,170.47500610351562,171.375,170.125,171.02499389648438,2075
2014-02-18,171.6999969482422,171.6999969482422,171.9499969482422,170.60000610351562,170.6999969482422,2900
2014-02-19,171.1750030517578,171.1750030517578,172.10000610351562,171.0,171.64999389648438,2355
2014-02-20,171.125,171.125,171.625,170.875,171.47500610351562,1576
2014-02-21,170.6999969482422,170.6999969482422,171.60000610351562,170.625,171.22500610351562,1726
2014-02-24,170.1999969482422,170.1999969482422,171.35000610351562,170.14999389648438,170.89999389648438,1986
2014-02-25,171.0749969482422,171.0749969482422,171.4499969482422,170.02499389648438,170.47500610351562,2157
2014-02-26,172.0,172.0,172.52499389648438,171.14999389648438,171.1999969482422,3344
2014-02-27,171.8249969482422,171.8249969482422,172.72500610351562,171.25,172.4499969482422,2665
2014-02-28,171.6999969482422,171.6999969482422,172.3000030517578,171.0500030517578,172.0,1794
2014-03-03,171.77499389648438,171.77499389648438,171.89999389648438,170.5,171.39999389648438,1925
2014-03-04,172.89999389648438,172.89999389648438,173.25,171.4499969482422,171.6999969482422,1722
2014-03-05,172.22500610351562,172.22500610351562,174.125,170.3000030517578,172.6999969482422,3256
2014-03-06,171.39999389648438,171.39999389648438,172.0,171.22500610351562,171.75,1044
2014-03-07,172.375,172.375,172.6750030517578,170.89999389648438,171.5,1297
2014-03-10,173.6999969482422,173.6999969482422,173.8249969482422,172.4250030517578,172.6750030517578,1221
2014-03-11,173.9250030517578,173.9250030517578,174.4250030517578,173.1999969482422,173.77499389648438,1611
2014-03-12,173.97500610351562,173.97500610351562,174.27499389648438,173.6750030517578,173.89999389648438,869
2014-03-13,173.97500610351562,173.97500610351562,174.1750030517578,173.35000610351562,173.85000610351562,1362
2014-03-14,174.60000610351562,174.60000610351562,174.8249969482422,173.77499389648438,174.0,1147
2014-03-17,174.75,174.75,174.8000030517578,174.14999389648438,174.5749969482422,615
2014-03-18,174.125,174.125,174.35000610351562,173.64999389648438,174.1750030517578,627
2014-03-19,174.39999389648438,174.39999389648438,174.52499389648438,173.72500610351562,174.10000610351562,363
2014-03-20,173.625,173.625,175.0,173.3000030517578,174.35000610351562,1131
2014-03-21,175.02499389648438,175.02499389648438,175.1750030517578,173.3000030517578,173.3249969482422,1034
2014-03-24,176.6999969482422,176.6999969482422,176.89999389648438,175.3249969482422,175.4499969482422,1332
2014-03-25,177.22500610351562,177.22500610351562,177.64999389648438,176.9499969482422,177.02499389648438,703
2014-03-26,177.9499969482422,177.9499969482422,178.125,177.6999969482422,177.6999969482422,704
2014-03-27,178.5500030517578,178.5500030517578,178.625,177.9499969482422,178.0,1754
2014-03-28,178.35000610351562,178.35000610351562,179.52499389648438,178.3249969482422,179.27499389648438,1962
2014-03-31,177.02499389648438,177.02499389648438,178.8000030517578,176.9499969482422,178.27499389648438,1399
2014-04-01,176.4499969482422,176.4499969482422,177.875,175.875,177.60000610351562,1104
2014-04-02,177.22500610351562,177.22500610351562,177.4499969482422,176.35000610351562,176.39999389648438,821
2014-04-03,178.8249969482422,178.8249969482422,179.14999389648438,177.3249969482422,177.5,1493
2014-04-04,177.6999969482422,177.6999969482422,179.25,176.9250030517578,179.25,1085
2014-04-07,177.5,177.5,177.85000610351562,176.8000030517578,177.64999389648438,635
2014-04-08,178.3000030517578,178.3000030517578,178.4250030517578,177.14999389648438,177.5500030517578,797
2014-04-09,178.875,178.875,179.0,177.875,177.875,1043
2014-04-10,178.27499389648438,178.27499389648438,178.9250030517578,178.10000610351562,178.72500610351562,1067
2014-04-11,179.5,179.5,179.6999969482422,178.0749969482422,178.47500610351562,1240
2014-04-14,180.0,180.0,180.1999969482422,179.5500030517578,179.85000610351562,1065
2014-04-15,179.22500610351562,179.22500610351562,179.9250030517578,179.0,179.9250030517578,701
2014-04-16,179.25,179.25,179.375,178.72500610351562,179.10000610351562,901
2014-04-17,178.5500030517578,178.5500030517578,178.97500610351562,178.5500030517578,178.6750030517578,1785
2014-04-25,180.0,180.0,180.4250030517578,179.22500610351562,179.625,2324
2014-04-28,181.10000610351562,181.10000610351562,181.77499389648438,179.60000610351562,180.10000610351562,2577
2014-04-29,180.5749969482422,180.5749969482422,181.4250030517578,180.25,181.35000610351562,1992
2014-04-30,181.1999969482422,181.1999969482422,181.4250030517578,179.89999389648438,180.60000610351562,2188
2014-05-01,183.9499969482422,183.9499969482422,184.0,181.0500030517578,181.3000030517578,2119
2014-05-02,183.5,183.5,184.625,182.875,183.8249969482422,2210
2014-05-05,182.64999389648438,182.64999389648438,183.5500030517578,182.1750030517578,183.5,1263
2014-05-06,183.47500610351562,183.47500610351562,184.75,182.77499389648438,182.8000030517578,1897
2014-05-07,183.02499389648438,183.02499389648438,184.39999389648438,182.5749969482422,183.6750030517578,1440
2014-05-08,183.5,183.5,184.0500030517578,183.14999389648438,183.25,803
2014-05-09,184.5749969482422,184.5749969482422,184.89999389648438,183.625,183.85000610351562,1054
2014-05-12,184.60000610351562,184.60000610351562,185.4250030517578,184.35000610351562,184.8000030517578,953
2014-05-13,184.72500610351562,184.72500610351562,185.4250030517578,184.35000610351562,184.875,836
2014-05-14,185.39999389648438,185.39999389648438,185.8249969482422,185.0500030517578,185.0500030517578,743
2014-05-15,186.14999389648438,186.14999389648438,186.3249969482422,185.6999969482422,185.77499389648438,795
2014-05-16,187.3000030517578,187.3000030517578,187.5749969482422,185.85000610351562,186.22500610351562,1615
2014-05-19,188.47500610351562,188.47500610351562,188.64999389648438,187.64999389648438,187.9499969482422,1356
2014-05-20,189.0500030517578,189.0500030517578,189.25,188.5,188.64999389648438,1109
2014-05-21,189.1999969482422,189.1999969482422,189.5,189.02499389648438,189.22500610351562,715
2014-05-22,189.0749969482422,189.0749969482422,189.27499389648438,188.89999389648438,189.14999389648438,2820
2014-05-23,192.85000610351562,192.85000610351562,195.5749969482422,192.8000030517578,195.5749969482422,3200
2014-05-27,193.5,193.5,194.3000030517578,193.3249969482422,193.5,1604
2014-05-28,195.5749969482422,195.5749969482422,195.89999389648438,193.625,193.8000030517578,2571
2014-05-29,197.0500030517578,197.0500030517578,197.97500610351562,195.4250030517578,195.6999969482422,3012
2014-05-30,197.0500030517578,197.0500030517578,197.5749969482422,196.0500030517578,197.5500030517578,2373
2014-06-02,197.5749969482422,197.5749969482422,197.875,196.5,197.14999389648438,1559
2014-06-03,198.3000030517578,198.3000030517578,198.75,197.35000610351562,197.77499389648438,2861
2014-06-04,198.77499389648438,198.77499389648438,199.22500610351562,197.27499389648438,198.39999389648438,3277
2014-06-05,199.8249969482422,199.8249969482422,200.1999969482422,198.75,199.0,3343
2014-06-06,200.52499389648438,200.52499389648438,200.89999389648438,199.5500030517578,199.72500610351562,3180
2014-06-09,203.52499389648438,203.52499389648438,203.52499389648438,201.0749969482422,201.0749969482422,3976
2014-06-10,205.1750030517578,205.1750030517578,205.60000610351562,202.375,203.64999389648438,5576
2014-06-11,202.875,202.875,204.9250030517578,202.4499969482422,204.8000030517578,4233
2014-06-12,205.85000610351562,205.85000610351562,205.875,203.1750030517578,203.1750030517578,4564
2014-06-13,208.14999389648438,208.14999389648438,208.4250030517578,205.27499389648438,206.5,3937
2014-06-16,208.6999969482422,208.6999969482422,208.97500610351562,207.4250030517578,208.1999969482422,2965
2014-06-17,207.85000610351562,207.85000610351562,210.3000030517578,206.77499389648438,208.77499389648438,4533
2014-06-18,204.85000610351562,204.85000610351562,207.75,204.85000610351562,207.02499389648438,4057
2014-06-19,207.5500030517578,207.5500030517578,207.85000610351562,205.3249969482422,205.375,3901
2014-06-20,206.875,206.875,208.97500610351562,206.1999969482422,208.0,3201
2014-06-23,207.89999389648438,207.89999389648438,208.5500030517578,207.10000610351562,207.375,2153
2014-06-24,210.625,210.625,210.89999389648438,208.5500030517578,208.5500030517578,3341
2014-06-25,212.125,212.125,213.5749969482422,210.39999389648438,210.60000610351562,4312
2014-06-26,215.125,215.125,215.125,212.8000030517578,213.1750030517578,3995
2014-06-27,214.3249969482422,214.3249969482422,215.8000030517578,213.39999389648438,215.39999389648438,4133
2014-06-30,212.77499389648438,212.77499389648438,216.125,212.14999389648438,215.625,5326
2014-07-01,215.77499389648438,215.77499389648438,215.77499389648438,213.625,213.625,3046
2014-07-02,216.1999969482422,216.1999969482422,218.77499389648438,215.375,216.10000610351562,5744
2014-07-03,217.625,217.625,218.875,216.5749969482422,218.1999969482422,3159
2014-07-07,218.0,218.0,219.64999389648438,217.5749969482422,218.5,4544
2014-07-08,215.89999389648438,215.89999389648438,218.35000610351562,215.89999389648438,218.35000610351562,4952
2014-07-09,213.60000610351562,213.60000610351562,218.60000610351562,212.89999389648438,216.8000030517578,7947
2014-07-10,210.60000610351562,210.60000610351562,215.1750030517578,210.60000610351562,213.72500610351562,5518
2014-07-11,210.375,210.375,211.3000030517578,207.64999389648438,210.27499389648438,8813
2014-07-14,210.6750030517578,210.6750030517578,212.375,209.1999969482422,211.22500610351562,5522
2014-07-15,211.52499389648438,211.52499389648438,212.97500610351562,210.72500610351562,211.14999389648438,3486
2014-07-16,209.8249969482422,209.8249969482422,211.5,208.77499389648438,211.5,3637
2014-07-17,211.60000610351562,211.60000610351562,212.39999389648438,210.3249969482422,210.4250030517578,3208
2014-07-18,211.64999389648438,211.64999389648438,213.1999969482422,210.4499969482422,210.97500610351562,2582
2014-07-21,213.02499389648438,213.02499389648438,213.6750030517578,211.22500610351562,212.5,3649
2014-07-22,216.02499389648438,216.02499389648438,216.02499389648438,213.125,213.14999389648438,3822
2014-07-23,217.25,217.25,218.72500610351562,214.5500030517578,216.8249969482422,5347
2014-07-24,217.3249969482422,217.3249969482422,219.10000610351562,214.9250030517578,217.5500030517578,4898
2014-07-25,218.25,218.25,218.39999389648438,216.77499389648438,217.0,2334
2014-07-28,220.1750030517578,220.1750030517578,221.0500030517578,218.8249969482422,219.4499969482422,3314
2014-07-29,221.4250030517578,221.4250030517578,221.8000030517578,220.0,221.0,2864
2014-07-30,223.02499389648438,223.02499389648438,223.5,221.64999389648438,221.64999389648438,3100
2014-07-31,220.6750030517578,220.6750030517578,223.5500030517578,220.3000030517578,223.27499389648438,3740
2014-08-01,220.27499389648438,220.27499389648438,220.8249969482422,217.9499969482422,220.8249969482422,4066
2014-08-04,220.97500610351562,220.97500610351562,222.3249969482422,218.875,220.6999969482422,2450
2014-08-05,221.25,221.25,223.22500610351562,220.72500610351562,221.6999969482422,2323
2014-08-06,221.3249969482422,221.3249969482422,222.22500610351562,219.89999389648438,221.625,2304
2014-08-07,218.3249969482422,218.3249969482422,221.97500610351562,218.3249969482422,221.125,2101
2014-08-08,215.3249969482422,215.3249969482422,218.4499969482422,215.3249969482422,217.25,1446
2014-08-11,217.47500610351562,217.47500610351562,218.1999969482422,213.4499969482422,214.0,3197
2014-08-12,214.5500030517578,214.5500030517578,217.625,214.47500610351562,217.60000610351562,2100
2014-08-13,214.375,214.375,215.10000610351562,212.4499969482422,214.1999969482422,2317
2014-08-14,215.125,215.125,215.75,213.9250030517578,214.1999969482422,2022
2014-08-15,217.22500610351562,217.22500610351562,217.72500610351562,214.9250030517578,214.9250030517578,1283
2014-08-18,218.02499389648438,218.02499389648438,218.64999389648438,215.85000610351562,217.25,1115
2014-08-19,217.14999389648438,217.14999389648438,218.9499969482422,216.35000610351562,218.27499389648438,1142
2014-08-20,214.9499969482422,214.9499969482422,216.77499389648438,214.39999389648438,216.4250030517578,1350
2014-08-21,215.1999969482422,215.1999969482422,215.75,214.0500030517578,215.02499389648438,994
2014-08-22,216.10000610351562,216.10000610351562,216.64999389648438,215.35000610351562,215.4250030517578,1055
2014-08-25,217.39999389648438,217.39999389648438,217.5,216.625,216.75,1480
2014-08-26,217.52499389648438,217.52499389648438,217.64999389648438,217.14999389648438,217.22500610351562,658
2014-08-27,218.14999389648438,218.14999389648438,218.60000610351562,217.25,217.5749969482422,1480
2014-08-28,218.52499389648438,218.52499389648438,218.6999969482422,218.10000610351562,218.14999389648438,2069
2014-08-29,218.64999389648438,218.64999389648438,219.0500030517578,216.27499389648438,216.8249969482422,2080
2014-09-02,220.25,220.25,221.5,219.22500610351562,219.3000030517578,1293
2014-09-03,222.6999969482422,222.6999969482422,223.25,220.39999389648438,220.6999969482422,1464
2014-09-04,223.8000030517578,223.8000030517578,225.14999389648438,221.375,223.25,2127
2014-09-05,225.72500610351562,225.72500610351562,226.4250030517578,224.0,224.10000610351562,1409
2014-09-08,227.14999389648438,227.14999389648438,227.6750030517578,225.25,226.77499389648438,929
2014-09-09,228.625,228.625,229.3000030517578,226.625,226.625,1051
2014-09-10,228.85000610351562,228.85000610351562,230.6999969482422,226.4499969482422,229.02499389648438,1167
2014-09-11,228.0500030517578,228.0500030517578,229.14999389648438,226.77499389648438,228.89999389648438,783
2014-09-12,229.47500610351562,229.47500610351562,229.72500610351562,227.5500030517578,228.375,1235
2014-09-15,229.25,229.25,230.02499389648438,228.89999389648438,229.6999969482422,1024
2014-09-16,229.60000610351562,229.60000610351562,229.6999969482422,228.64999389648438,229.125,760
2014-09-17,230.3000030517578,230.3000030517578,230.5,229.3249969482422,229.6999969482422,975
2014-09-18,229.89999389648438,229.89999389648438,230.60000610351562,229.625,230.39999389648438,728
2014-09-19,230.60000610351562,230.60000610351562,231.1750030517578,229.89999389648438,230.14999389648438,840
2014-09-22,230.3000030517578,230.3000030517578,230.39999389648438,229.375,230.0500030517578,740
2014-09-23,230.89999389648438,230.89999389648438,231.10000610351562,230.0749969482422,230.0749969482422,678
2014-09-24,231.0749969482422,231.0749969482422,231.14999389648438,230.39999389648438,230.8249969482422,717
2014-09-25,230.875,230.875,231.0,230.5749969482422,231.0,2971
2014-09-26,233.10000610351562,233.10000610351562,233.10000610351562,229.64999389648438,230.4499969482422,4156
2014-09-29,234.64999389648438,234.64999389648438,235.9250030517578,231.9250030517578,233.02499389648438,3506
2014-09-30,235.4250030517578,235.4250030517578,236.1750030517578,234.6999969482422,235.0,2669
2014-10-01,238.4250030517578,238.4250030517578,238.4250030517578,235.14999389648438,235.5500030517578,1866
2014-10-02,241.10000610351562,241.10000610351562,241.4250030517578,239.3249969482422,239.5,2686
2014-10-03,240.875,240.875,243.125,239.6999969482422,241.25,2933
2014-10-06,240.0,240.0,241.1999969482422,238.875,240.25,1961
2014-10-07,241.47500610351562,241.47500610351562,242.5500030517578,240.5,240.64999389648438,1835
2014-10-08,242.3249969482422,242.3249969482422,242.97500610351562,240.75,241.89999389648438,1085
2014-10-09,241.64999389648438,241.64999389648438,245.1999969482422,239.64999389648438,242.97500610351562,2523
2014-10-10,240.5,240.5,241.4499969482422,239.1750030517578,240.9499969482422,1083
2014-10-13,241.3000030517578,241.3000030517578,241.875,240.5,240.97500610351562,842
2014-10-14,238.72500610351562,238.72500610351562,241.75,238.3000030517578,241.75,1801
2014-10-15,237.39999389648438,237.39999389648438,241.02499389648438,236.5500030517578,238.5500030517578,2894
2014-10-16,240.1999969482422,240.1999969482422,240.35000610351562,236.89999389648438,237.10000610351562,1583
2014-10-17,238.4499969482422,238.4499969482422,240.1750030517578,237.52499389648438,239.1999969482422,963
2014-10-20,240.75,240.75,241.125,238.0,238.25,829
2014-10-21,238.9499969482422,238.9499969482422,240.6999969482422,238.4250030517578,240.625,827
2014-10-22,239.4499969482422,239.4499969482422,239.9499969482422,238.22500610351562,239.47500610351562,357
2014-10-23,240.22500610351562,240.22500610351562,240.8000030517578,239.0,240.0,736
2014-10-24,237.89999389648438,237.89999389648438,240.85000610351562,237.6750030517578,240.8000030517578,1782
2014-10-27,238.3249969482422,238.3249969482422,238.9250030517578,237.375,238.6750030517578,996
2014-10-28,238.27499389648438,238.27499389648438,238.375,237.5749969482422,237.89999389648438,489
2014-10-29,238.85000610351562,238.85000610351562,239.1999969482422,238.3000030517578,238.3249969482422,604
2014-10-30,239.75,239.75,239.85000610351562,239.39999389648438,239.39999389648438,2704
2014-10-31,234.14999389648438,234.14999389648438,236.4250030517578,233.5749969482422,235.22500610351562,3084
2014-11-03,235.5749969482422,235.5749969482422,236.39999389648438,233.85000610351562,234.60000610351562,1965
2014-11-04,237.125,237.125,237.25,234.9499969482422,236.125,2525
2014-11-05,235.77499389648438,235.77499389648438,237.14999389648438,235.3000030517578,236.77499389648438,2329
2014-11-06,236.52499389648438,236.52499389648438,237.0,235.6999969482422,235.8000030517578,1616
2014-11-07,238.52499389648438,238.52499389648438,238.64999389648438,236.64999389648438,236.85000610351562,2299
2014-11-10,239.02499389648438,239.02499389648438,239.8000030517578,238.5,238.64999389648438,1555
2014-11-11,238.85000610351562,238.85000610351562,239.39999389648438,238.3000030517578,239.22500610351562,1538
2014-11-12,239.35000610351562,239.35000610351562,239.5,237.375,238.72500610351562,1836
2014-11-13,239.35000610351562,239.35000610351562,239.5,238.875,239.10000610351562,1703
2014-11-14,240.0,240.0,240.10000610351562,238.85000610351562,239.5500030517578,1760
2014-11-17,240.02499389648438,240.02499389648438,240.39999389648438,239.64999389648438,239.9250030517578,2118
2014-11-18,240.4250030517578,240.4250030517578,240.60000610351562,240.0749969482422,240.3000030517578,1569
2014-11-19,240.5500030517578,240.5500030517578,240.64999389648438,240.3000030517578,240.4250030517578,1365
2014-11-20,240.4250030517578,240.4250030517578,240.47500610351562,240.125,240.375,3206
2014-11-21,236.35000610351562,236.35000610351562,236.875,235.0,235.47500610351562,2554
2014-11-24,233.35000610351562,233.35000610351562,237.1999969482422,233.35000610351562,236.35000610351562,3879
2014-11-25,231.375,231.375,232.77499389648438,230.375,232.14999389648438,4481
2014-11-26,230.5,230.5,232.89999389648438,230.0500030517578,231.5749969482422,3499
2014-11-28,231.0749969482422,231.0749969482422,231.9250030517578,230.10000610351562,230.3000030517578,1608
2014-12-01,234.0749969482422,234.0749969482422,234.0749969482422,231.1999969482422,231.27499389648438,4554
2014-12-02,235.5500030517578,235.5500030517578,236.9499969482422,233.85000610351562,234.52499389648438,6489
2014-12-03,234.8249969482422,234.8249969482422,235.8000030517578,233.02499389648438,235.77499389648438,5641
2014-12-04,235.9499969482422,235.9499969482422,237.125,234.52499389648438,234.85000610351562,4813
2014-12-05,234.875,234.875,237.10000610351562,234.0,236.77499389648438,5134
2014-12-08,231.875,231.875,234.47500610351562,231.875,234.39999389648438,3969
2014-12-09,232.77499389648438,232.77499389648438,232.9250030517578,230.5749969482422,231.60000610351562,6241
2014-12-10,231.60000610351562,231.60000610351562,232.5749969482422,229.77499389648438,232.5,4428
2014-12-11,228.60000610351562,228.60000610351562,231.6999969482422,228.60000610351562,231.14999389648438,3567
2014-12-12,225.60000610351562,225.60000610351562,227.625,225.60000610351562,227.625,4562
2014-12-15,222.60000610351562,222.60000610351562,223.60000610351562,222.60000610351562,223.60000610351562,2309
2014-12-16,219.60000610351562,219.60000610351562,219.60000610351562,219.60000610351562,219.60000610351562,879
2014-12-17,216.60000610351562,216.60000610351562,216.60000610351562,216.60000610351562,216.60000610351562,1060
2014-12-18,217.0749969482422,217.0749969482422,220.25,212.10000610351562,212.10000610351562,10952
2014-12-19,220.14999389648438,220.14999389648438,221.125,217.375,218.39999389648438,3152
2014-12-22,220.5,220.5,221.77499389648438,219.8000030517578,221.1999969482422,2494
2014-12-23,217.125,217.125,220.75,216.60000610351562,220.6999969482422,2994
2014-12-24,214.75,214.75,217.47500610351562,214.60000610351562,217.47500610351562,1524
2014-12-26,213.72500610351562,213.72500610351562,216.6999969482422,210.25,215.25,3040
2014-12-29,217.4499969482422,217.4499969482422,218.22500610351562,214.97500610351562,214.97500610351562,1784
2014-12-30,218.3249969482422,218.3249969482422,219.75,217.0500030517578,218.0749969482422,1853
2014-12-31,219.4499969482422,219.4499969482422,220.35000610351562,217.52499389648438,218.85000610351562,2123
2015-01-02,223.9499969482422,223.9499969482422,223.9499969482422,220.10000610351562,220.52499389648438,1577
2015-01-05,225.6750030517578,225.6750030517578,226.35000610351562,225.0500030517578,225.4499969482422,2801
2015-01-06,224.6999969482422,224.6999969482422,227.5,221.1999969482422,226.39999389648438,3394
2015-01-07,225.64999389648438,225.64999389648438,226.27499389648438,223.14999389648438,225.8000030517578,2144
2015-01-08,225.625,225.625,228.5,223.625,226.1999969482422,3452
2015-01-09,222.4250030517578,222.4250030517578,225.375,221.3249969482422,225.1750030517578,2060
2015-01-12,223.39999389648438,223.39999389648438,225.27499389648438,221.4250030517578,221.97500610351562,1594
2015-01-13,221.5500030517578,221.5500030517578,225.1999969482422,220.5,223.72500610351562,2727
2015-01-14,220.14999389648438,220.14999389648438,223.3000030517578,219.60000610351562,220.89999389648438,2433
2015-01-15,215.64999389648438,215.64999389648438,220.6750030517578,215.64999389648438,220.5,2802
2015-01-16,214.10000610351562,214.10000610351562,215.9499969482422,211.5,214.10000610351562,2089
2015-01-20,214.47500610351562,214.47500610351562,216.25,212.875,215.8000030517578,1712
2015-01-21,215.6999969482422,215.6999969482422,216.0,213.3000030517578,214.75,1155
2015-01-22,215.97500610351562,215.97500610351562,217.0500030517578,215.4499969482422,216.02499389648438,1092
2015-01-23,213.6999969482422,213.6999969482422,216.1999969482422,213.375,215.8249969482422,1526
2015-01-26,211.64999389648438,211.64999389648438,214.75,209.64999389648438,213.5,1716
2015-01-27,210.77499389648438,210.77499389648438,211.0,208.3000030517578,210.4499969482422,1572
2015-01-28,212.4499969482422,212.4499969482422,212.85000610351562,210.97500610351562,211.10000610351562,966
2015-01-29,212.39999389648438,212.39999389648438,212.6999969482422,211.6999969482422,212.1999969482422,5360
2015-01-30,205.1999969482422,205.1999969482422,205.5500030517578,202.60000610351562,203.5500030517578,5278
2015-02-02,200.6999969482422,200.6999969482422,205.14999389648438,200.6999969482422,204.02499389648438,4926
2015-02-03,199.5,199.5,200.89999389648438,195.75,200.0,6110
2015-02-04,196.72500610351562,196.72500610351562,200.5749969482422,196.39999389648438,199.0,3555
2015-02-05,195.64999389648438,195.64999389648438,197.47500610351562,193.0,196.35000610351562,5315
2015-02-06,199.4499969482422,199.4499969482422,200.14999389648438,196.25,197.0,5312
2015-02-09,203.625,203.625,203.9499969482422,200.64999389648438,200.75,5691
2015-02-10,202.02499389648438,202.02499389648438,205.0,201.125,204.0,4375
2015-02-11,198.75,198.75,203.22500610351562,198.3000030517578,202.5,4803
2015-02-12,200.3000030517578,200.3000030517578,200.89999389648438,196.9250030517578,198.625,5543
2015-02-13,203.85000610351562,203.85000610351562,204.8000030517578,200.0500030517578,201.4499969482422,4517
2015-02-17,201.4499969482422,201.4499969482422,204.8000030517578,200.8249969482422,204.64999389648438,4124
2015-02-18,203.10000610351562,203.10000610351562,203.52499389648438,201.0749969482422,201.3000030517578,3862
2015-02-19,202.5500030517578,202.5500030517578,204.5,201.8249969482422,204.02499389648438,2530
2015-02-20,199.1750030517578,199.1750030517578,203.1750030517578,199.0,202.5500030517578,3371
2015-02-23,198.0749969482422,198.0749969482422,199.02499389648438,197.0749969482422,198.8000030517578,2534
2015-02-24,195.60000610351562,195.60000610351562,198.5,195.0749969482422,198.1999969482422,4089
2015-02-25,196.97500610351562,196.97500610351562,197.97500610351562,195.22500610351562,195.6999969482422,2360
2015-02-26,200.3000030517578,200.3000030517578,201.39999389648438,197.1999969482422,197.5,3196
2015-02-27,201.89999389648438,201.89999389648438,203.10000610351562,199.4250030517578,200.625,3772
2015-03-02,204.10000610351562,204.10000610351562,204.39999389648438,202.5500030517578,202.5500030517578,2756
2015-03-03,202.72500610351562,202.72500610351562,204.375,202.27499389648438,203.97500610351562,2495
2015-03-04,207.22500610351562,207.22500610351562,207.22500610351562,201.5,202.14999389648438,5020
2015-03-05,206.5749969482422,206.5749969482422,207.5500030517578,204.6999969482422,207.1999969482422,2661
2015-03-06,209.72500610351562,209.72500610351562,209.9499969482422,206.1999969482422,206.8000030517578,2965
2015-03-09,209.6999969482422,209.6999969482422,210.5,208.75,210.0749969482422,1570
2015-03-10,212.22500610351562,212.22500610351562,212.85000610351562,209.0500030517578,209.6999969482422,2665
2015-03-11,214.60000610351562,214.60000610351562,215.77499389648438,212.10000610351562,212.125,3037
2015-03-12,214.6750030517578,214.6750030517578,215.72500610351562,212.89999389648438,215.02499389648438,1450
2015-03-13,213.125,213.125,214.875,211.5500030517578,214.25,1458
2015-03-16,212.4250030517578,212.4250030517578,213.27499389648438,210.75,213.0,685
2015-03-17,211.5749969482422,211.5749969482422,212.5,210.5749969482422,212.39999389648438,924
2015-03-18,214.25,214.25,214.5,210.47500610351562,211.25,1638
2015-03-19,214.0500030517578,214.0500030517578,214.5500030517578,213.47500610351562,214.52499389648438,1648
2015-03-20,214.875,214.875,215.25,213.9499969482422,214.5,1170
2015-03-23,216.97500610351562,216.97500610351562,217.5500030517578,215.6750030517578,215.75,1432
2015-03-24,217.1750030517578,217.1750030517578,217.5,216.625,217.0500030517578,744
2015-03-25,217.6999969482422,217.6999969482422,217.8000030517578,217.0,217.0,704
2015-03-26,217.4499969482422,217.4499969482422,217.5749969482422,217.125,217.39999389648438,1686
2015-03-27,219.27499389648438,219.27499389648438,219.77499389648438,217.4250030517578,217.64999389648438,1693
2015-03-30,218.625,218.625,219.97500610351562,217.22500610351562,219.1999969482422,1165
2015-03-31,218.125,218.125,220.0,217.625,218.25,1485
2015-04-01,218.625,218.625,219.5749969482422,217.39999389648438,218.1999969482422,1354
2015-04-02,220.375,220.375,220.5749969482422,219.0749969482422,219.6750030517578,1467
2015-04-06,219.8000030517578,219.8000030517578,222.77499389648438,219.5749969482422,222.02499389648438,1779
2015-04-07,217.6750030517578,217.6750030517578,219.39999389648438,216.1999969482422,219.375,2182
2015-04-08,216.22500610351562,216.22500610351562,217.89999389648438,215.75,217.60000610351562,2024
2015-04-09,216.47500610351562,216.47500610351562,217.4250030517578,216.35000610351562,216.64999389648438,536
2015-04-10,212.4499969482422,212.4499969482422,216.77499389648438,212.1999969482422,216.77499389648438,2455
2015-04-13,212.25,212.25,213.0,210.89999389648438,211.6999969482422,2018
2015-04-14,213.1999969482422,213.1999969482422,213.97500610351562,212.02499389648438,212.60000610351562,661
2015-04-15,215.22500610351562,215.22500610351562,215.4499969482422,213.89999389648438,213.89999389648438,706
2015-04-16,215.8000030517578,215.8000030517578,216.375,214.60000610351562,215.0749969482422,526
2015-04-17,213.0,213.0,216.72500610351562,212.89999389648438,215.8000030517578,1223
2015-04-20,211.8249969482422,211.8249969482422,212.85000610351562,211.0500030517578,212.85000610351562,978
2015-04-21,212.64999389648438,212.64999389648438,212.8000030517578,211.5749969482422,211.5749969482422,647
2015-04-22,212.5500030517578,212.5500030517578,213.39999389648438,211.89999389648438,212.1999969482422,316
2015-04-23,214.27499389648438,214.27499389648438,214.35000610351562,212.3000030517578,212.75,1027
2015-04-24,214.85000610351562,214.85000610351562,215.875,213.25,214.3249969482422,1127
2015-04-27,214.89999389648438,214.89999389648438,215.25,213.9499969482422,214.10000610351562,607
2015-04-28,215.97500610351562,215.97500610351562,216.1999969482422,215.375,215.375,308
2015-04-29,216.52499389648438,216.52499389648438,216.875,216.10000610351562,216.1750030517578,304
2015-04-30,217.5500030517578,217.5500030517578,217.6999969482422,217.0,217.0,2794
2015-05-01,213.625,213.625,214.77499389648438,212.0500030517578,213.35000610351562,1730
2015-05-04,215.14999389648438,215.14999389648438,215.27499389648438,213.875,213.89999389648438,3108
2015-05-05,215.375,215.375,216.0,214.0,215.35000610351562,3569
2015-05-06,214.5,214.5,215.6999969482422,214.125,215.35000610351562,1450
2015-05-07,214.89999389648438,214.89999389648438,215.5,213.8000030517578,214.22500610351562,1727
2015-05-08,215.875,215.875,216.0,214.9499969482422,215.39999389648438,2394
2015-05-11,216.77499389648438,216.77499389648438,217.52499389648438,216.52499389648438,216.6999969482422,3141
2015-05-12,217.6999969482422,217.6999969482422,217.89999389648438,216.5500030517578,217.0,2290
2015-05-13,218.75,218.75,219.0,217.35000610351562,217.5749969482422,1215
2015-05-14,219.25,219.25,219.6999969482422,218.8000030517578,219.14999389648438,1051
2015-05-15,219.0,219.0,220.0500030517578,218.8000030517578,219.6999969482422,1472
2015-05-18,218.97500610351562,218.97500610351562,219.3000030517578,218.64999389648438,219.02499389648438,1199
2015-05-19,219.35000610351562,219.35000610351562,219.60000610351562,219.1999969482422,219.1999969482422,935
2015-05-20,219.72500610351562,219.72500610351562,219.875,219.4499969482422,219.5,845
2015-05-21,220.10000610351562,220.10000610351562,220.14999389648438,219.8000030517578,219.89999389648438,3696
2015-05-22,219.0,219.0,219.1999969482422,217.02499389648438,217.85000610351562,4140
2015-05-26,219.60000610351562,219.60000610351562,219.9499969482422,219.0749969482422,219.10000610351562,3871
2015-05-27,221.4250030517578,221.4250030517578,222.125,218.375,219.8249969482422,6637
2015-05-28,224.9499969482422,224.9499969482422,225.6750030517578,221.6999969482422,221.6999969482422,6786
2015-05-29,222.9499969482422,222.9499969482422,225.5,222.6999969482422,225.5,5779
2015-06-01,223.5500030517578,223.5500030517578,224.02499389648438,222.52499389648438,222.6999969482422,2730
2015-06-02,223.3249969482422,223.3249969482422,224.1750030517578,221.875,223.9250030517578,3090
2015-06-03,221.89999389648438,221.89999389648438,223.10000610351562,221.8249969482422,222.5749969482422,2715
2015-06-04,222.5749969482422,222.5749969482422,223.25,221.02499389648438,222.02499389648438,3013
2015-06-05,221.89999389648438,221.89999389648438,223.5749969482422,220.4499969482422,222.8000030517578,4426
2015-06-08,222.85000610351562,222.85000610351562,223.10000610351562,221.14999389648438,222.125,2612
2015-06-09,224.22500610351562,224.22500610351562,224.5500030517578,222.125,222.72500610351562,3823
2015-06-10,226.77499389648438,226.77499389648438,227.8000030517578,224.3249969482422,224.3249969482422,6036
2015-06-11,226.25,226.25,227.60000610351562,225.5500030517578,227.125,2778
2015-06-12,223.4499969482422,223.4499969482422,225.875,222.3249969482422,225.875,4621
2015-06-15,223.89999389648438,223.89999389648438,224.39999389648438,222.39999389648438,223.3000030517578,3384
2015-06-16,224.85000610351562,224.85000610351562,225.0749969482422,223.5749969482422,224.25,2794
2015-06-17,224.72500610351562,224.72500610351562,225.25,223.4499969482422,224.60000610351562,2745
2015-06-18,221.9250030517578,221.9250030517578,225.02499389648438,221.5749969482422,225.0,4979
2015-06-19,223.4250030517578,223.4250030517578,223.85000610351562,221.875,222.0,2997
2015-06-22,225.77499389648438,225.77499389648438,226.27499389648438,222.8000030517578,224.0,3977
2015-06-23,225.35000610351562,225.35000610351562,226.625,224.72500610351562,226.39999389648438,2853
2015-06-24,223.5500030517578,223.5500030517578,225.375,223.35000610351562,225.375,3888
2015-06-25,219.0500030517578,219.0500030517578,223.5500030517578,219.0500030517578,223.5,8041
2015-06-26,217.25,217.25,218.875,217.0500030517578,217.625,5583
2015-06-29,219.0749969482422,219.0749969482422,220.60000610351562,215.625,216.39999389648438,5690
2015-06-30,214.72500610351562,214.72500610351562,219.8000030517578,214.5749969482422,219.1999969482422,7522
2015-07-01,218.5,218.5,219.1999969482422,214.10000610351562,214.10000610351562,7570
2015-07-02,217.4499969482422,217.4499969482422,219.3249969482422,217.125,218.9250030517578,3744
2015-07-06,216.97500610351562,216.97500610351562,218.0500030517578,216.22500610351562,218.0500030517578,3339
2015-07-07,217.125,217.125,218.85000610351562,216.25,216.72500610351562,3860
2015-07-08,213.625,213.625,217.75,213.1750030517578,217.1999969482422,7514
2015-07-09,211.75,211.75,214.875,210.72500610351562,214.02499389648438,8346
2015-07-10,211.25,211.25,213.75,210.60000610351562,212.0749969482422,5820
2015-07-13,211.22500610351562,211.22500610351562,212.97500610351562,210.8249969482422,212.0,5705
2015-07-14,214.3000030517578,214.3000030517578,215.4250030517578,211.8249969482422,212.0,6926
2015-07-15,215.3249969482422,215.3249969482422,216.14999389648438,214.125,214.9499969482422,4685
2015-07-16,214.47500610351562,214.47500610351562,214.85000610351562,213.1999969482422,214.6750030517578,4188
2015-07-17,215.1999969482422,215.1999969482422,216.8000030517578,213.35000610351562,214.4250030517578,4912
2015-07-20,216.3249969482422,216.3249969482422,216.72500610351562,215.5,215.8000030517578,2322
2015-07-21,213.0749969482422,213.0749969482422,216.22500610351562,212.35000610351562,215.97500610351562,4428
2015-07-22,212.375,212.375,214.89999389648438,212.0,213.0749969482422,3849
2015-07-23,209.77499389648438,209.77499389648438,213.22500610351562,209.5749969482422,212.14999389648438,5511
2015-07-24,209.6750030517578,209.6750030517578,210.5,208.0749969482422,209.39999389648438,3670
2015-07-27,208.75,208.75,210.47500610351562,208.22500610351562,209.8000030517578,2833
2015-07-28,211.25,211.25,212.1750030517578,208.60000610351562,208.77499389648438,3726
2015-07-29,211.47500610351562,211.47500610351562,212.4250030517578,211.0,211.72500610351562,2047
2015-07-30,211.22500610351562,211.22500610351562,212.875,210.22500610351562,211.5,2283
2015-07-31,210.72500610351562,210.72500610351562,212.3249969482422,210.5749969482422,211.5749969482422,2195
2015-08-03,213.85000610351562,213.85000610351562,214.5,212.0,212.0,3470
2015-08-04,213.9499969482422,213.9499969482422,215.1999969482422,213.60000610351562,214.5,2505
2015-08-05,214.125,214.125,214.47500610351562,213.14999389648438,213.75,2088
2015-08-06,214.97500610351562,214.97500610351562,215.4499969482422,214.14999389648438,214.4499969482422,2515
2015-08-07,214.125,214.125,215.1999969482422,213.75,214.6750030517578,2657
2015-08-10,214.25,214.25,215.0500030517578,213.27499389648438,214.97500610351562,2913
2015-08-11,214.0749969482422,214.0749969482422,215.0500030517578,213.8000030517578,214.5,2065
2015-08-12,213.875,213.875,216.0,213.0,214.375,3805
2015-08-13,214.02499389648438,214.02499389648438,214.5,212.25,214.5,1956
2015-08-14,213.89999389648438,213.89999389648438,214.5749969482422,213.0500030517578,214.0500030517578,1368
2015-08-17,214.39999389648438,214.39999389648438,214.6750030517578,212.4250030517578,213.8000030517578,967
2015-08-18,214.5500030517578,214.5500030517578,214.8000030517578,213.77499389648438,214.02499389648438,651
2015-08-19,213.8000030517578,213.8000030517578,214.5,212.8000030517578,214.5,1875
2015-08-20,213.1999969482422,213.1999969482422,213.4499969482422,212.5,213.10000610351562,1385
2015-08-21,212.0,212.0,213.0500030517578,210.85000610351562,213.0,1778
2015-08-24,210.8249969482422,210.8249969482422,211.1999969482422,210.0500030517578,210.875,1596
2015-08-25,210.89999389648438,210.89999389648438,211.64999389648438,210.60000610351562,210.64999389648438,960
2015-08-26,210.27499389648438,210.27499389648438,211.0,210.10000610351562,210.64999389648438,810
2015-08-27,210.0,210.0,210.35000610351562,209.9250030517578,210.14999389648438,1760
2015-08-28,202.39999389648438,202.39999389648438,203.1999969482422,200.0749969482422,200.14999389648438,2554
2015-08-31,201.8249969482422,201.8249969482422,204.72500610351562,201.5500030517578,202.27499389648438,1685
2015-09-01,200.27499389648438,200.27499389648438,201.77499389648438,199.72500610351562,201.5,1546
2015-09-02,200.75,200.75,201.6750030517578,198.8000030517578,200.27499389648438,1556
2015-09-03,202.5500030517578,202.5500030517578,203.60000610351562,200.89999389648438,200.89999389648438,1221
2015-09-04,201.35000610351562,201.35000610351562,202.1999969482422,200.89999389648438,202.1999969482422,724
2015-09-08,204.3000030517578,204.3000030517578,204.89999389648438,201.35000610351562,202.0749969482422,1459
2015-09-09,203.8249969482422,203.8249969482422,205.0,203.25,204.4499969482422,1148
2015-09-10,203.9499969482422,203.9499969482422,204.3000030517578,202.85000610351562,203.52499389648438,914
2015-09-11,200.6999969482422,200.6999969482422,203.4499969482422,199.6750030517578,203.4499969482422,1098
2015-09-14,200.14999389648438,200.14999389648438,201.02499389648438,199.3000030517578,200.75,744
2015-09-15,198.3249969482422,198.3249969482422,200.77499389648438,197.5500030517578,199.77499389648438,1289
2015-09-16,194.125,194.125,197.77499389648438,193.8249969482422,197.77499389648438,1447
2015-09-17,193.1999969482422,193.1999969482422,194.1999969482422,192.60000610351562,193.5500030517578,817
2015-09-18,192.8000030517578,192.8000030517578,193.60000610351562,191.125,193.1999969482422,1257
2015-09-21,194.6999969482422,194.6999969482422,195.8249969482422,194.3249969482422,194.35000610351562,769
2015-09-22,195.6999969482422,195.6999969482422,197.375,195.0749969482422,195.0749969482422,1031
2015-09-23,194.9499969482422,194.9499969482422,195.64999389648438,194.77499389648438,195.5500030517578,841
2015-09-24,194.22500610351562,194.22500610351562,195.02499389648438,194.14999389648438,195.0,7566
2015-09-25,184.60000610351562,184.60000610351562,184.60000610351562,182.25,182.89999389648438,2337
2015-09-28,185.27499389648438,185.27499389648438,186.64999389648438,183.64999389648438,185.1999969482422,3822
2015-09-29,180.8249969482422,180.8249969482422,185.0,180.77499389648438,184.9250030517578,3647
2015-09-30,178.1750030517578,178.1750030517578,182.875,176.9250030517578,180.0500030517578,5320
2015-10-01,177.39999389648438,177.39999389648438,180.4499969482422,174.64999389648438,177.52499389648438,3754
2015-10-02,179.5,179.5,180.35000610351562,175.02499389648438,175.85000610351562,1996
2015-10-05,178.125,178.125,181.0,176.5500030517578,179.5,1494
2015-10-06,182.52499389648438,182.52499389648438,182.625,176.72500610351562,177.5,2318
2015-10-07,184.9499969482422,184.9499969482422,186.75,182.72500610351562,182.85000610351562,2212
2015-10-08,187.875,187.875,189.4499969482422,183.9499969482422,184.64999389648438,1882
2015-10-09,188.97500610351562,188.97500610351562,189.5749969482422,186.375,187.8249969482422,2033
2015-10-12,189.375,189.375,191.0,189.0,189.75,1382
2015-10-13,189.6999969482422,189.6999969482422,190.75,188.3000030517578,189.4499969482422,1421
2015-10-14,190.8000030517578,190.8000030517578,192.14999389648438,189.5,189.6999969482422,2037
2015-10-15,189.77499389648438,189.77499389648438,191.5500030517578,189.10000610351562,191.1750030517578,1090
2015-10-16,193.8000030517578,193.8000030517578,193.9250030517578,188.60000610351562,189.5,953
2015-10-19,195.0,195.0,196.10000610351562,194.5749969482422,195.0,1280
2015-10-20,194.875,194.875,195.1999969482422,193.22500610351562,194.72500610351562,1432
2015-10-21,194.25,194.25,194.9250030517578,193.5,194.9250030517578,571
2015-10-22,195.5500030517578,195.5500030517578,196.3000030517578,194.1999969482422,194.1999969482422,755
2015-10-23,195.0500030517578,195.0500030517578,195.89999389648438,193.89999389648438,195.0749969482422,1125
2015-10-26,193.6750030517578,193.6750030517578,194.1750030517578,193.0749969482422,194.0,728
2015-10-27,192.60000610351562,192.60000610351562,193.22500610351562,192.35000610351562,192.89999389648438,756
2015-10-28,193.5,193.5,193.8000030517578,193.0,193.47500610351562,551
2015-10-29,193.14999389648438,193.14999389648438,193.72500610351562,193.10000610351562,193.6999969482422,3161
2015-10-30,190.89999389648438,190.89999389648438,192.125,190.14999389648438,191.89999389648438,2392
2015-11-02,192.27499389648438,192.27499389648438,192.60000610351562,189.6999969482422,190.5,2554
2015-11-03,190.64999389648438,190.64999389648438,192.47500610351562,190.0,192.39999389648438,1851
2015-11-04,186.14999389648438,186.14999389648438,189.875,186.14999389648438,189.77499389648438,2553
2015-11-05,181.625,181.625,185.25,180.1750030517578,184.97500610351562,5220
2015-11-06,181.625,181.625,184.0,180.0500030517578,181.64999389648438,2357
2015-11-09,177.125,177.125,181.375,177.125,181.375,3881
2015-11-10,171.5500030517578,171.5500030517578,178.375,170.375,176.14999389648438,3836
2015-11-11,174.85000610351562,174.85000610351562,175.875,173.25,173.39999389648438,1405
2015-11-12,175.375,175.375,178.0,173.875,175.52499389648438,2108
2015-11-13,175.0749969482422,175.0749969482422,176.0,172.02499389648438,175.5500030517578,1908
2015-11-16,172.3000030517578,172.3000030517578,173.5500030517578,171.5,173.3249969482422,1257
2015-11-17,173.47500610351562,173.47500610351562,173.97500610351562,171.9250030517578,172.39999389648438,852
2015-11-18,174.875,174.875,175.47500610351562,173.5749969482422,173.625,1027
2015-11-19,175.22500610351562,175.22500610351562,175.3249969482422,174.625,175.0,3026
2015-11-20,163.64999389648438,163.64999389648438,164.89999389648438,161.125,162.1750030517578,3949
2015-11-23,165.39999389648438,165.39999389648438,166.25,160.9250030517578,162.6750030517578,4392
2015-11-24,164.6750030517578,164.6750030517578,167.35000610351562,163.14999389648438,164.6999969482422,3867
2015-11-25,164.97500610351562,164.97500610351562,165.97500610351562,164.4250030517578,164.72500610351562,2029
2015-11-27,166.02499389648438,166.02499389648438,166.5500030517578,164.8249969482422,165.02499389648438,1856
2015-11-30,162.75,162.75,165.9499969482422,161.75,165.89999389648438,4288
2015-12-01,164.39999389648438,164.39999389648438,165.3000030517578,158.75,162.5,7819
2015-12-02,160.72500610351562,160.72500610351562,164.6750030517578,159.89999389648438,163.85000610351562,5161
2015-12-03,159.75,159.75,161.0749969482422,156.77499389648438,159.0500030517578,6996
2015-12-04,159.4499969482422,159.4499969482422,161.5,158.3000030517578,159.9250030517578,3365
2015-12-07,156.4499969482422,156.4499969482422,158.47500610351562,154.9499969482422,157.4499969482422,5706
2015-12-08,153.85000610351562,153.85000610351562,157.6999969482422,151.9499969482422,155.6750030517578,5657
2015-12-09,150.625,150.625,153.6999969482422,149.35000610351562,152.0,6495
2015-12-10,153.0500030517578,153.0500030517578,153.89999389648438,147.75,149.875,6908
2015-12-11,152.125,152.125,154.0749969482422,149.27499389648438,152.85000610351562,4806
2015-12-14,148.14999389648438,148.14999389648438,152.35000610351562,147.625,151.14999389648438,3994
2015-12-15,148.52499389648438,148.52499389648438,150.39999389648438,146.375,146.60000610351562,4513
2015-12-16,147.6999969482422,147.6999969482422,148.75,145.77499389648438,148.3000030517578,2979
2015-12-17,144.25,144.25,147.6750030517578,143.1999969482422,147.39999389648438,5561
2015-12-18,148.75,148.75,148.75,145.52499389648438,145.52499389648438,1782
2015-12-21,155.5,155.5,155.5,152.75,152.75,4278
2015-12-22,158.64999389648438,158.64999389648438,160.125,153.60000610351562,155.0749969482422,5099
2015-12-23,163.0749969482422,163.0749969482422,163.14999389648438,159.1999969482422,159.1999969482422,3734
2015-12-24,163.47500610351562,163.47500610351562,163.89999389648438,160.22500610351562,163.1750030517578,1625
2015-12-28,162.64999389648438,162.64999389648438,164.39999389648438,161.8000030517578,163.47500610351562,2293
2015-12-29,162.47500610351562,162.47500610351562,163.14999389648438,161.5500030517578,162.35000610351562,1547
2015-12-30,165.9499969482422,165.9499969482422,166.97500610351562,162.625,162.6999969482422,2149
2015-12-31,166.89999389648438,166.89999389648438,167.85000610351562,166.02499389648438,166.64999389648438,1380
2016-01-04,167.625,167.625,169.10000610351562,164.02499389648438,166.25,1977
2016-01-05,167.77499389648438,167.77499389648438,169.5749969482422,167.02499389648438,169.0500030517578,1531
2016-01-06,168.3249969482422,168.3249969482422,168.97500610351562,166.0,166.97500610351562,1543
2016-01-07,163.8249969482422,163.8249969482422,167.5,163.8249969482422,167.25,1529
2016-01-08,159.4250030517578,159.4250030517578,165.5500030517578,158.6999969482422,163.0500030517578,2983
2016-01-11,159.4499969482422,159.4499969482422,160.22500610351562,158.125,159.14999389648438,1436
2016-01-12,160.22500610351562,160.22500610351562,161.89999389648438,158.5749969482422,160.4499969482422,1998
2016-01-13,160.77499389648438,160.77499389648438,161.72500610351562,159.77499389648438,160.8249969482422,1188
2016-01-14,158.8000030517578,158.8000030517578,160.85000610351562,157.85000610351562,160.5500030517578,1614
2016-01-15,154.3000030517578,154.3000030517578,157.0,154.3000030517578,156.89999389648438,1269
2016-01-19,156.5500030517578,156.5500030517578,157.9499969482422,154.14999389648438,155.375,1673
2016-01-20,155.0,155.0,156.72500610351562,152.6999969482422,154.5,1399
2016-01-21,158.6750030517578,158.6750030517578,159.5,155.5,156.25,1508
2016-01-22,159.4250030517578,159.4250030517578,160.39999389648438,157.75,159.5,1088
2016-01-25,160.22500610351562,160.22500610351562,160.9250030517578,160.0,160.3000030517578,909
2016-01-26,161.10000610351562,161.10000610351562,161.3249969482422,160.10000610351562,160.25,558
2016-01-27,160.9250030517578,160.9250030517578,161.72500610351562,160.60000610351562,161.25,513
2016-01-28,161.3000030517578,161.3000030517578,161.47500610351562,160.72500610351562,160.72500610351562,3496
2016-01-29,157.25,157.25,160.27499389648438,155.25,159.89999389648438,6305
2016-02-01,157.77499389648438,157.77499389648438,158.97500610351562,154.85000610351562,157.10000610351562,4978
2016-02-02,157.85000610351562,157.85000610351562,159.5,157.25,157.9499969482422,2982
2016-02-03,157.9499969482422,157.9499969482422,159.39999389648438,157.6750030517578,158.14999389648438,2936
2016-02-04,156.52499389648438,156.52499389648438,159.0749969482422,155.5,158.14999389648438,4060
2016-02-05,153.8249969482422,153.8249969482422,156.77499389648438,152.89999389648438,155.47500610351562,5890
2016-02-08,149.3249969482422,149.3249969482422,152.0,149.3249969482422,152.0,3727
2016-02-09,149.0,149.0,151.10000610351562,148.0,148.52499389648438,7943
2016-02-10,151.22500610351562,151.22500610351562,152.52499389648438,149.85000610351562,150.4250030517578,5878
2016-02-11,150.25,150.25,151.3000030517578,146.72500610351562,150.10000610351562,7637
2016-02-12,150.02499389648438,150.02499389648438,152.35000610351562,149.39999389648438,151.60000610351562,3101
2016-02-16,154.5,154.5,154.52499389648438,149.1750030517578,150.0500030517578,3919
2016-02-17,156.0,156.0,158.0,154.6750030517578,154.75,4207
2016-02-18,156.47500610351562,156.47500610351562,157.5,155.0749969482422,156.64999389648438,2707
2016-02-19,155.875,155.875,157.125,154.75,156.3000030517578,2205
2016-02-22,155.1750030517578,155.1750030517578,157.75,154.14999389648438,156.75,4402
2016-02-23,157.02499389648438,157.02499389648438,157.97500610351562,154.6750030517578,155.52499389648438,2339
2016-02-24,157.9499969482422,157.9499969482422,158.875,156.22500610351562,157.0749969482422,3370
2016-02-25,159.10000610351562,159.10000610351562,159.77499389648438,157.85000610351562,158.5500030517578,3116
2016-02-26,158.64999389648438,158.64999389648438,159.89999389648438,158.0,159.22500610351562,2989
2016-02-29,158.14999389648438,158.14999389648438,159.3249969482422,157.9250030517578,159.25,2175
2016-03-01,158.0500030517578,158.0500030517578,159.22500610351562,156.25,157.75,3509
2016-03-02,158.3000030517578,158.3000030517578,158.89999389648438,157.3249969482422,158.4250030517578,1738
2016-03-03,157.60000610351562,157.60000610351562,158.35000610351562,156.75,157.72500610351562,1629
2016-03-04,158.5,158.5,159.02499389648438,157.25,157.5749969482422,1570
2016-03-07,157.9499969482422,157.9499969482422,158.5,156.8000030517578,157.6750030517578,1754
2016-03-08,158.97500610351562,158.97500610351562,159.52499389648438,156.97500610351562,157.89999389648438,1155
2016-03-09,159.0500030517578,159.0500030517578,159.8000030517578,158.5,159.35000610351562,1366
2016-03-10,161.5500030517578,161.5500030517578,161.75,159.35000610351562,159.375,1802
2016-03-11,162.39999389648438,162.39999389648438,164.9250030517578,161.89999389648438,161.89999389648438,2238
2016-03-14,162.0500030517578,162.0500030517578,162.75,161.85000610351562,162.6750030517578,802
2016-03-15,163.97500610351562,163.97500610351562,164.0500030517578,161.52499389648438,162.0500030517578,806
2016-03-16,164.4499969482422,164.4499969482422,164.97500610351562,163.0500030517578,164.1750030517578,870
2016-03-17,163.72500610351562,163.72500610351562,165.22500610351562,163.3000030517578,164.25,799
2016-03-18,163.22500610351562,163.22500610351562,164.8249969482422,163.0500030517578,163.8000030517578,1083
2016-03-21,162.375,162.375,163.72500610351562,162.125,162.9499969482422,580
2016-03-22,161.5500030517578,161.5500030517578,162.60000610351562,161.14999389648438,162.4250030517578,1145
2016-03-23,161.39999389648438,161.39999389648438,161.97500610351562,161.14999389648438,161.77499389648438,431
2016-03-24,160.97500610351562,160.97500610351562,161.1999969482422,160.8000030517578,160.9499969482422,2615
2016-04-01,156.1999969482422,156.1999969482422,157.64999389648438,155.375,157.1999969482422,1930
2016-04-04,156.6750030517578,156.6750030517578,157.3249969482422,156.125,156.47500610351562,1191
2016-04-05,152.625,152.625,156.22500610351562,152.375,156.22500610351562,2317
2016-04-06,153.1750030517578,153.1750030517578,155.1750030517578,152.3000030517578,153.02499389648438,1808
2016-04-07,154.14999389648438,154.14999389648438,154.875,151.85000610351562,153.1750030517578,1646
2016-04-08,155.89999389648438,155.89999389648438,157.60000610351562,155.5,155.5,1432
2016-04-11,155.5500030517578,155.5500030517578,156.89999389648438,155.14999389648438,156.10000610351562,454
2016-04-12,155.27499389648438,155.27499389648438,156.6750030517578,154.35000610351562,155.52499389648438,669
2016-04-13,154.8000030517578,154.8000030517578,155.875,154.0500030517578,155.6750030517578,666
2016-04-14,154.9250030517578,154.9250030517578,155.39999389648438,154.125,155.0,574
2016-04-15,155.0749969482422,155.0749969482422,155.75,154.5,155.0,369
2016-04-18,150.5749969482422,150.5749969482422,154.89999389648438,150.5749969482422,154.89999389648438,1509
2016-04-19,150.1750030517578,150.1750030517578,151.8249969482422,148.97500610351562,150.22500610351562,1098
2016-04-20,149.39999389648438,149.39999389648438,150.375,149.14999389648438,149.9499969482422,788
2016-04-21,149.4499969482422,149.4499969482422,150.0,148.5749969482422,148.9250030517578,601
2016-04-22,147.9499969482422,147.9499969482422,149.6999969482422,147.0500030517578,149.39999389648438,760
2016-04-25,146.02499389648438,146.02499389648438,148.10000610351562,145.75,147.9499969482422,1268
2016-04-26,146.5749969482422,146.5749969482422,146.625,145.625,146.0,768
2016-04-27,146.3000030517578,146.3000030517578,147.10000610351562,146.0,146.4499969482422,834
2016-04-28,145.52499389648438,145.52499389648438,146.0,145.39999389648438,145.9499969482422,3417
2016-04-29,140.4250030517578,140.4250030517578,141.5749969482422,138.5749969482422,139.6999969482422,2655
2016-05-02,141.4250030517578,141.4250030517578,143.10000610351562,140.375,140.6750030517578,2277
2016-05-03,143.39999389648438,143.39999389648438,143.72500610351562,141.22500610351562,142.0,2222
2016-05-04,144.9250030517578,144.9250030517578,145.3249969482422,142.14999389648438,142.5749969482422,2633
2016-05-05,147.9499969482422,147.9499969482422,148.25,144.97500610351562,144.97500610351562,2689
2016-05-06,147.375,147.375,148.75,146.9499969482422,147.9499969482422,2654
2016-05-09,150.8000030517578,150.8000030517578,151.85000610351562,149.02499389648438,149.02499389648438,3158
2016-05-10,150.1999969482422,150.1999969482422,151.14999389648438,149.5,150.8000030517578,1808
2016-05-11,149.0,149.0,151.0,147.97500610351562,150.10000610351562,2139
2016-05-12,147.8249969482422,147.8249969482422,150.0,147.02499389648438,148.97500610351562,1858
2016-05-13,147.0500030517578,147.0500030517578,148.9250030517578,143.5,147.64999389648438,1735
2016-05-16,148.64999389648438,148.64999389648438,149.5749969482422,148.1999969482422,148.1999969482422,841
2016-05-17,149.52499389648438,149.52499389648438,149.9250030517578,148.60000610351562,148.8249969482422,938
2016-05-18,149.5,149.5,149.9250030517578,149.0,149.85000610351562,635
2016-05-19,148.27499389648438,148.27499389648438,149.25,146.875,148.75,692
2016-05-20,148.625,148.625,148.9499969482422,147.75,148.0,707
2016-05-23,147.0,147.0,148.10000610351562,146.77499389648438,147.6750030517578,1335
2016-05-24,146.0,146.0,146.75,145.64999389648438,146.75,1372
2016-05-25,145.47500610351562,145.47500610351562,146.4250030517578,145.3000030517578,146.4250030517578,613
2016-05-26,145.89999389648438,145.89999389648438,145.9499969482422,145.3000030517578,145.625,5386
2016-05-27,146.6999969482422,146.6999969482422,146.85000610351562,145.5500030517578,145.64999389648438,3535
2016-05-31,147.10000610351562,147.10000610351562,148.5500030517578,146.75,147.39999389648438,3866
2016-06-01,146.4250030517578,146.4250030517578,146.9250030517578,144.1750030517578,146.5,3735
2016-06-02,146.39999389648438,146.39999389648438,147.4499969482422,145.5500030517578,146.27499389648438,2805
2016-06-03,146.6750030517578,146.6750030517578,147.1750030517578,145.4499969482422,146.6750030517578,2772
2016-06-06,145.52499389648438,145.52499389648438,148.52499389648438,143.02499389648438,147.6999969482422,4943
2016-06-07,145.4499969482422,145.4499969482422,146.85000610351562,144.5500030517578,145.3249969482422,3375
2016-06-08,147.375,147.375,147.6750030517578,143.0,145.4250030517578,5521
2016-06-09,147.3000030517578,147.3000030517578,148.0,146.14999389648438,147.125,3192
2016-06-10,145.5500030517578,145.5500030517578,147.4499969482422,144.60000610351562,147.0749969482422,3222
2016-06-13,141.0500030517578,141.0500030517578,144.625,141.0500030517578,144.0,5617
2016-06-14,142.14999389648438,142.14999389648438,142.6750030517578,140.0,141.0500030517578,4979
2016-06-15,140.25,140.25,142.1999969482422,140.0,142.10000610351562,2986
2016-06-16,139.625,139.625,140.8000030517578,136.89999389648438,140.8000030517578,6592
2016-06-17,137.4250030517578,137.4250030517578,140.8000030517578,137.0500030517578,139.5500030517578,3891
2016-06-20,136.6750030517578,136.6750030517578,138.0500030517578,134.25,138.02499389648438,5340
2016-06-21,139.27499389648438,139.27499389648438,139.6999969482422,136.22500610351562,137.0,4280
2016-06-22,140.1750030517578,140.1750030517578,140.6999969482422,137.02499389648438,139.5,4869
2016-06-23,142.375,142.375,142.625,139.8249969482422,140.14999389648438,3598
2016-06-24,139.4499969482422,139.4499969482422,141.02499389648438,137.875,140.39999389648438,3842
2016-06-27,140.1750030517578,140.1750030517578,141.39999389648438,139.125,139.64999389648438,2908
2016-06-28,140.6750030517578,140.6750030517578,141.375,140.0749969482422,140.35000610351562,2100
2016-06-29,143.0500030517578,143.0500030517578,144.35000610351562,141.0,141.4250030517578,5599
2016-06-30,144.3000030517578,144.3000030517578,145.10000610351562,143.3000030517578,143.3000030517578,5338
2016-07-01,142.4499969482422,142.4499969482422,145.0500030517578,141.875,143.6999969482422,4469
2016-07-05,144.0749969482422,144.0749969482422,144.47500610351562,139.75,142.5749969482422,5154
2016-07-06,144.5749969482422,144.5749969482422,146.10000610351562,143.0500030517578,144.4499969482422,4981
2016-07-07,143.625,143.625,145.10000610351562,142.3249969482422,143.9250030517578,3776
2016-07-08,143.4499969482422,143.4499969482422,144.5,142.0500030517578,143.0749969482422,4589
2016-07-11,139.4499969482422,139.4499969482422,143.27499389648438,138.9499969482422,142.8249969482422,5913
2016-07-12,138.60000610351562,138.60000610351562,140.39999389648438,136.875,139.0749969482422,6482
2016-07-13,139.27499389648438,139.27499389648438,139.47500610351562,137.10000610351562,137.89999389648438,5238
2016-07-14,141.6999969482422,141.6999969482422,142.5500030517578,139.10000610351562,139.10000610351562,5774
2016-07-15,139.5749969482422,139.5749969482422,142.75,139.25,142.10000610351562,3746
2016-07-18,141.1750030517578,141.1750030517578,141.4499969482422,137.8249969482422,138.85000610351562,3383
2016-07-19,139.89999389648438,139.89999389648438,143.22500610351562,139.52499389648438,141.5500030517578,3859
2016-07-20,138.625,138.625,140.89999389648438,137.89999389648438,138.89999389648438,3843
2016-07-21,134.39999389648438,134.39999389648438,139.0749969482422,134.125,138.85000610351562,5639
2016-07-22,137.1999969482422,137.1999969482422,137.77499389648438,134.39999389648438,134.39999389648438,4501
2016-07-25,141.6999969482422,141.6999969482422,141.6999969482422,138.5749969482422,138.85000610351562,3903
2016-07-26,142.4499969482422,142.4499969482422,143.5749969482422,141.10000610351562,142.4499969482422,4098
2016-07-27,142.27499389648438,142.27499389648438,142.85000610351562,141.25,141.64999389648438,2599
2016-07-28,140.47500610351562,140.47500610351562,144.1999969482422,139.89999389648438,141.97500610351562,3625
2016-07-29,140.0500030517578,140.0500030517578,142.10000610351562,139.1999969482422,140.375,2589
2016-08-01,144.5500030517578,144.5500030517578,144.5500030517578,140.97500610351562,140.97500610351562,3363
2016-08-02,145.47500610351562,145.47500610351562,146.875,144.375,145.10000610351562,3485
2016-08-03,147.47500610351562,147.47500610351562,147.89999389648438,145.02499389648438,145.4499969482422,2474
2016-08-04,147.5749969482422,147.5749969482422,149.85000610351562,146.85000610351562,147.39999389648438,3387
2016-08-05,149.64999389648438,149.64999389648438,149.9499969482422,147.52499389648438,148.5,3652
2016-08-08,149.125,149.125,150.85000610351562,148.60000610351562,149.89999389648438,2570
2016-08-09,150.1750030517578,150.1750030517578,151.10000610351562,148.375,149.0500030517578,2103
2016-08-10,149.72500610351562,149.72500610351562,151.1999969482422,149.14999389648438,150.5,1105
2016-08-11,148.72500610351562,148.72500610351562,150.14999389648438,146.5500030517578,149.47500610351562,1746
2016-08-12,149.0749969482422,149.0749969482422,149.60000610351562,147.27499389648438,148.60000610351562,811
2016-08-15,148.64999389648438,148.64999389648438,150.0,148.4499969482422,149.1999969482422,862
2016-08-16,147.125,147.125,148.6750030517578,146.8249969482422,148.4250030517578,1837
2016-08-17,146.72500610351562,146.72500610351562,147.625,146.27499389648438,146.85000610351562,1074
2016-08-18,145.02499389648438,145.02499389648438,147.0,144.89999389648438,146.8249969482422,1377
2016-08-19,146.0749969482422,146.0749969482422,146.3000030517578,144.39999389648438,145.125,1480
2016-08-22,147.02499389648438,147.02499389648438,147.60000610351562,145.97500610351562,146.35000610351562,1860
2016-08-23,146.4499969482422,146.4499969482422,147.0500030517578,146.14999389648438,146.8000030517578,1013
2016-08-24,146.64999389648438,146.64999389648438,147.0,146.25,146.64999389648438,854
2016-08-25,146.72500610351562,146.72500610351562,146.9499969482422,146.5749969482422,146.625,3187
2016-08-26,139.9250030517578,139.9250030517578,142.60000610351562,139.27499389648438,141.5,2884
2016-08-29,139.14999389648438,139.14999389648438,139.85000610351562,138.27499389648438,139.4499969482422,3317
2016-08-30,142.52499389648438,142.52499389648438,143.375,137.0,139.3249969482422,4429
2016-08-31,140.52499389648438,140.52499389648438,143.25,138.5,143.0749969482422,3851
2016-09-01,137.3000030517578,137.3000030517578,140.375,136.6999969482422,140.0500030517578,1975
2016-09-02,134.875,134.875,138.60000610351562,134.60000610351562,137.25,2873
2016-09-06,130.5,130.5,134.75,130.375,134.60000610351562,2729
2016-09-07,133.14999389648438,133.14999389648438,133.9499969482422,129.875,130.3000030517578,2699
2016-09-08,131.60000610351562,131.60000610351562,134.0500030517578,130.25,133.3000030517578,2320
2016-09-09,134.22500610351562,134.22500610351562,135.0500030517578,130.14999389648438,131.60000610351562,1953
2016-09-12,134.9250030517578,134.9250030517578,136.0749969482422,134.0500030517578,134.4499969482422,1380
2016-09-13,133.375,133.375,134.77499389648438,132.375,134.625,797
2016-09-14,132.6750030517578,132.6750030517578,133.5500030517578,131.375,133.0500030517578,809
2016-09-15,133.97500610351562,133.97500610351562,134.5,132.72500610351562,133.75,1018
2016-09-16,135.5,135.5,136.4499969482422,133.6750030517578,134.0500030517578,1401
2016-09-19,135.4499969482422,135.4499969482422,136.39999389648438,134.5,136.39999389648438,470
2016-09-20,135.3249969482422,135.3249969482422,135.89999389648438,135.0749969482422,135.27499389648438,542
2016-09-21,136.35000610351562,136.35000610351562,136.8249969482422,135.3249969482422,135.8000030517578,954
2016-09-22,137.0,137.0,137.4499969482422,136.5500030517578,136.60000610351562,775
2016-09-23,136.8249969482422,136.8249969482422,136.97500610351562,135.10000610351562,136.72500610351562,1003
2016-09-26,136.0500030517578,136.0500030517578,136.5500030517578,135.8249969482422,136.4499969482422,455
2016-09-27,134.8249969482422,134.8249969482422,135.8249969482422,134.6999969482422,135.64999389648438,532
2016-09-28,135.1750030517578,135.1750030517578,135.5,134.8000030517578,135.0,535
2016-09-29,134.22500610351562,134.22500610351562,134.75,134.1750030517578,134.75,2193
2016-09-30,123.1500015258789,123.1500015258789,127.75,123.0,127.19999694824219,4425
2016-10-03,123.9749984741211,123.9749984741211,126.125,122.1500015258789,122.6500015258789,3182
2016-10-04,128.0,128.0,128.1999969482422,124.57499694824219,124.625,2944
2016-10-05,127.44999694824219,127.44999694824219,128.625,126.17500305175781,127.82499694824219,2128
2016-10-06,127.82499694824219,127.82499694824219,128.52499389648438,126.0,127.19999694824219,2657
2016-10-07,127.625,127.625,128.1750030517578,126.55000305175781,127.05000305175781,1449
2016-10-11,124.125,124.125,126.32499694824219,123.32499694824219,124.32499694824219,1742
2016-10-12,122.0,122.0,124.125,121.1500015258789,123.6500015258789,2374
2016-10-13,119.44999694824219,119.44999694824219,121.9000015258789,119.30000305175781,121.67500305175781,2199
2016-10-14,120.375,120.375,121.67500305175781,119.57499694824219,119.80000305175781,1677
2016-10-17,121.69999694824219,121.69999694824219,122.2249984741211,119.875,120.07499694824219,984
2016-10-18,122.0250015258789,122.0250015258789,122.125,120.875,121.5999984741211,1416
2016-10-19,119.0250015258789,119.0250015258789,121.92500305175781,118.9000015258789,121.5250015258789,1294
2016-10-20,121.75,121.75,121.9000015258789,119.125,119.125,706
2016-10-21,121.875,121.875,123.1500015258789,121.125,121.6500015258789,1522
2016-10-24,122.375,122.375,122.75,121.8499984741211,122.57499694824219,873
2016-10-25,121.55000305175781,121.55000305175781,122.2750015258789,121.5,122.0999984741211,854
2016-10-26,121.9749984741211,121.9749984741211,122.19999694824219,121.4749984741211,121.67500305175781,789
2016-10-27,121.92500305175781,121.92500305175781,122.19999694824219,121.80000305175781,121.80000305175781,3324
2016-10-28,121.55000305175781,121.55000305175781,125.05000305175781,121.32499694824219,124.05000305175781,3704
2016-10-31,121.8499984741211,121.8499984741211,122.94999694824219,120.80000305175781,121.9749984741211,2160
2016-11-01,126.17500305175781,126.17500305175781,126.3499984741211,122.07499694824219,122.125,3396
2016-11-02,126.57499694824219,126.57499694824219,127.3499984741211,125.42500305175781,126.5,1961
2016-11-03,125.8499984741211,125.8499984741211,126.9000015258789,124.57499694824219,126.5,2589
2016-11-04,125.625,125.625,125.94999694824219,123.69999694824219,125.92500305175781,1739
2016-11-07,124.07499694824219,124.07499694824219,125.8499984741211,122.5,125.7249984741211,1890
2016-11-08,124.4000015258789,124.4000015258789,125.44999694824219,123.25,123.9000015258789,1300
2016-11-09,124.55000305175781,124.55000305175781,125.1500015258789,123.7750015258789,124.0,725
2016-11-10,125.19999694824219,125.19999694824219,125.8499984741211,124.69999694824219,125.0,813
2016-11-14,126.0250015258789,126.0250015258789,126.4000015258789,125.7249984741211,125.7249984741211,1314
2016-11-15,126.5999984741211,126.5999984741211,126.625,125.94999694824219,126.25,816
2016-11-16,126.9749984741211,126.9749984741211,127.0,126.3499984741211,126.5,811
2016-11-17,126.9749984741211,126.9749984741211,127.0250015258789,126.82499694824219,127.0250015258789,5888
2016-11-18,124.9749984741211,124.9749984741211,125.7249984741211,123.9749984741211,124.5999984741211,3520
2016-11-21,124.17500305175781,124.17500305175781,126.5,123.55000305175781,125.0,3689
2016-11-22,124.05000305175781,124.05000305175781,124.69999694824219,123.0999984741211,123.80000305175781,3174
2016-11-23,124.9000015258789,124.9000015258789,125.125,123.5999984741211,124.0250015258789,2533
2016-11-25,127.2249984741211,127.2249984741211,127.5,125.75,125.75,3647
2016-11-28,126.80000305175781,126.80000305175781,128.22500610351562,125.8499984741211,127.30000305175781,4639
2016-11-29,126.9749984741211,126.9749984741211,127.75,125.57499694824219,126.2249984741211,4277
2016-11-30,128.4250030517578,128.4250030517578,128.72500610351562,126.94999694824219,126.94999694824219,4624
2016-12-01,127.7750015258789,127.7750015258789,129.60000610351562,127.32499694824219,129.25,5398
2016-12-02,124.5999984741211,124.5999984741211,128.10000610351562,124.19999694824219,127.7750015258789,5319
2016-12-05,124.32499694824219,124.32499694824219,125.5,124.0250015258789,124.7750015258789,3259
2016-12-06,126.8499984741211,126.8499984741211,127.42500305175781,122.92500305175781,124.69999694824219,5462
2016-12-07,126.9749984741211,126.9749984741211,127.55000305175781,125.4000015258789,126.69999694824219,5206
2016-12-08,126.5999984741211,126.5999984741211,127.75,124.57499694824219,126.5999984741211,5464
2016-12-09,125.94999694824219,125.94999694824219,126.17500305175781,124.875,125.82499694824219,3922
2016-12-12,128.5500030517578,128.5500030517578,129.0749969482422,125.125,126.07499694824219,5721
2016-12-13,128.97500610351562,128.97500610351562,129.8000030517578,128.64999389648438,129.0,6403
2016-12-14,127.69999694824219,127.69999694824219,129.6750030517578,127.07499694824219,128.64999389648438,5212
2016-12-15,127.69999694824219,127.69999694824219,128.3249969482422,126.82499694824219,127.4000015258789,3422
2016-12-16,129.89999389648438,129.89999389648438,130.0,127.875,127.92500305175781,4589
2016-12-19,130.875,130.875,130.9250030517578,129.25,129.89999389648438,3490
2016-12-20,130.0,130.0,131.5500030517578,129.35000610351562,130.8000030517578,5815
2016-12-21,130.22500610351562,130.22500610351562,130.875,128.89999389648438,129.8249969482422,4086
2016-12-22,131.125,131.125,131.1999969482422,129.75,130.27499389648438,2707
2016-12-23,130.72500610351562,130.72500610351562,131.4250030517578,129.4250030517578,130.8249969482422,2759
2016-12-27,129.9499969482422,129.9499969482422,130.6999969482422,129.52499389648438,130.0500030517578,1375
2016-12-28,131.72500610351562,131.72500610351562,131.89999389648438,129.75,129.89999389648438,2161
2016-12-29,131.9250030517578,131.9250030517578,132.0,130.97500610351562,131.72500610351562,2039
2016-12-30,130.4499969482422,130.4499969482422,132.9250030517578,129.60000610351562,131.8249969482422,2426
2017-01-03,130.1999969482422,130.1999969482422,131.64999389648438,129.77499389648438,131.125,1748
2017-01-04,128.5,128.5,130.4499969482422,128.10000610351562,129.6999969482422,3473
2017-01-05,128.25,128.25,129.625,128.10000610351562,128.89999389648438,1942
2017-01-06,128.3249969482422,128.3249969482422,128.8000030517578,127.75,128.25,1774
2017-01-09,129.27499389648438,129.27499389648438,129.64999389648438,127.25,128.4250030517578,2431
2017-01-10,132.6999969482422,132.6999969482422,132.875,129.3249969482422,129.8249969482422,2454
2017-01-11,132.0500030517578,132.0500030517578,133.10000610351562,131.10000610351562,132.27499389648438,1848
2017-01-12,130.3249969482422,130.3249969482422,131.1999969482422,128.4499969482422,131.10000610351562,1613
2017-01-13,130.4499969482422,130.4499969482422,130.89999389648438,129.35000610351562,130.10000610351562,1339
2017-01-17,130.9250030517578,130.9250030517578,131.22500610351562,130.47500610351562,130.64999389648438,1011
2017-01-18,131.0,131.0,131.5749969482422,130.5500030517578,130.89999389648438,814
2017-01-19,131.9499969482422,131.9499969482422,132.1750030517578,131.0,131.10000610351562,1247
2017-01-20,133.10000610351562,133.10000610351562,133.1999969482422,131.6999969482422,132.10000610351562,1218
2017-01-23,132.77499389648438,132.77499389648438,132.97500610351562,132.25,132.97500610351562,1174
2017-01-24,132.4250030517578,132.4250030517578,133.0749969482422,132.3000030517578,132.75,1022
2017-01-25,132.375,132.375,132.75,132.25,132.5749969482422,1299
2017-01-26,131.8249969482422,131.8249969482422,132.1999969482422,131.77499389648438,132.1999969482422,5264
2017-01-27,127.44999694824219,127.44999694824219,127.57499694824219,126.0999984741211,126.9000015258789,4555
2017-01-30,123.9000015258789,123.9000015258789,125.19999694824219,123.5,125.19999694824219,5379
2017-01-31,122.7750015258789,122.7750015258789,124.5250015258789,122.32499694824219,123.80000305175781,6169
2017-02-01,122.07499694824219,122.07499694824219,123.67500305175781,121.07499694824219,122.0999984741211,7195
2017-02-02,123.75,123.75,123.9000015258789,121.82499694824219,122.42500305175781,5888
2017-02-03,123.57499694824219,123.57499694824219,124.8499984741211,123.25,124.0999984741211,4156
2017-02-06,123.5250015258789,123.5250015258789,124.55000305175781,123.0250015258789,123.57499694824219,3943
2017-02-07,124.2249984741211,124.2249984741211,124.5999984741211,123.625,124.0,5052
2017-02-08,122.30000305175781,122.30000305175781,124.4749984741211,121.94999694824219,124.19999694824219,7345
2017-02-09,123.625,123.625,123.80000305175781,121.9000015258789,122.5250015258789,5961
2017-02-10,122.07499694824219,122.07499694824219,124.7249984741211,121.5250015258789,123.7750015258789,6144
2017-02-13,121.82499694824219,121.82499694824219,122.875,120.5,122.0999984741211,7332
2017-02-14,124.0,124.0,124.1500015258789,121.67500305175781,121.82499694824219,5151
2017-02-15,124.2750015258789,124.2750015258789,125.05000305175781,123.80000305175781,124.17500305175781,4940
2017-02-16,123.82499694824219,123.82499694824219,124.6500015258789,122.80000305175781,123.875,2899
2017-02-17,124.07499694824219,124.07499694824219,124.55000305175781,123.4000015258789,123.7249984741211,3293
2017-02-21,124.55000305175781,124.55000305175781,125.625,124.30000305175781,124.5999984741211,4142
2017-02-22,125.0999984741211,125.0999984741211,125.30000305175781,123.19999694824219,124.55000305175781,5734
2017-02-23,125.1500015258789,125.1500015258789,125.9000015258789,124.9749984741211,125.2249984741211,4801
2017-02-24,121.69999694824219,121.69999694824219,125.0999984741211,121.5,124.9749984741211,7069
2017-02-27,123.8499984741211,123.8499984741211,124.2750015258789,122.25,122.67500305175781,5585
2017-02-28,125.07499694824219,125.07499694824219,125.5250015258789,123.0250015258789,123.875,3923
2017-03-01,124.5,124.5,125.9000015258789,123.92500305175781,125.07499694824219,2450
2017-03-02,123.44999694824219,123.44999694824219,124.4000015258789,123.125,124.3499984741211,3973
2017-03-03,124.2249984741211,124.2249984741211,124.375,122.625,123.5250015258789,1806
2017-03-06,124.07499694824219,124.07499694824219,125.07499694824219,123.80000305175781,124.75,1263
2017-03-07,123.94999694824219,123.94999694824219,124.625,123.4749984741211,124.07499694824219,1711
2017-03-08,124.375,124.375,125.2750015258789,123.30000305175781,124.07499694824219,1517
2017-03-09,126.1500015258789,126.1500015258789,126.375,124.94999694824219,125.05000305175781,1754
2017-03-10,127.4749984741211,127.4749984741211,127.7249984741211,125.80000305175781,126.2249984741211,1975
2017-03-13,128.60000610351562,128.60000610351562,129.3000030517578,127.75,128.0,1318
2017-03-14,127.8499984741211,127.8499984741211,128.77499389648438,127.0,128.64999389648438,1374
2017-03-15,129.22500610351562,129.22500610351562,129.4250030517578,127.82499694824219,127.8499984741211,1065
2017-03-16,130.5500030517578,130.5500030517578,130.60000610351562,129.39999389648438,129.4499969482422,1456
2017-03-17,131.3249969482422,131.3249969482422,131.4499969482422,130.27499389648438,130.52499389648438,788
2017-03-20,131.47500610351562,131.47500610351562,132.1999969482422,130.5,131.5749969482422,963
2017-03-21,132.0,132.0,132.25,131.0500030517578,131.875,512
2017-03-22,134.0,134.0,135.5,132.1999969482422,132.1999969482422,1207
2017-03-23,133.6999969482422,133.6999969482422,134.9250030517578,133.5500030517578,134.4250030517578,636
2017-03-24,133.375,133.375,134.75,133.02499389648438,134.0749969482422,469
2017-03-27,132.14999389648438,132.14999389648438,133.14999389648438,132.14999389648438,132.8000030517578,913
2017-03-28,132.35000610351562,132.35000610351562,132.6999969482422,132.125,132.3249969482422,443
2017-03-29,133.3000030517578,133.3000030517578,133.39999389648438,132.60000610351562,132.8000030517578,607
2017-03-30,132.6750030517578,132.6750030517578,132.875,132.5,132.8000030517578,2251
2017-03-31,133.9499969482422,133.9499969482422,134.10000610351562,131.25,132.1999969482422,2358
2017-04-03,133.0749969482422,133.0749969482422,134.4499969482422,132.5749969482422,133.875,1362
2017-04-04,131.02499389648438,131.02499389648438,132.6750030517578,130.8000030517578,132.6750030517578,3237
2017-04-05,130.52499389648438,130.52499389648438,130.9250030517578,129.64999389648438,130.52499389648438,2800
2017-04-06,131.9499969482422,131.9499969482422,132.375,130.3249969482422,131.4499969482422,3299
2017-04-07,133.75,133.75,134.4250030517578,132.0,132.02499389648438,1325
2017-04-10,135.3000030517578,135.3000030517578,136.39999389648438,134.22500610351562,134.22500610351562,1321
2017-04-11,137.1750030517578,137.1750030517578,137.6999969482422,134.9499969482422,135.3000030517578,1664
2017-04-12,137.5,137.5,139.47500610351562,136.72500610351562,137.52499389648438,1946
2017-04-13,137.8000030517578,137.8000030517578,138.625,136.52499389648438,137.72500610351562,1677
2017-04-17,139.0500030517578,139.0500030517578,139.1999969482422,137.9499969482422,138.3000030517578,841
2017-04-18,138.6750030517578,138.6750030517578,139.8249969482422,138.02499389648438,139.0500030517578,1469
2017-04-19,138.6750030517578,138.6750030517578,139.1999969482422,137.1750030517578,138.5,1071
2017-04-20,137.89999389648438,137.89999389648438,139.5749969482422,137.625,138.9499969482422,1806
2017-04-21,138.5500030517578,138.5500030517578,139.0500030517578,138.14999389648438,138.39999389648438,1355
2017-04-24,138.25,138.25,138.89999389648438,137.85000610351562,138.6750030517578,1696
2017-04-25,138.72500610351562,138.72500610351562,138.85000610351562,138.3249969482422,138.6999969482422,1021
2017-04-26,139.85000610351562,139.85000610351562,139.9499969482422,138.77499389648438,138.9250030517578,963
2017-04-27,140.85000610351562,140.85000610351562,140.85000610351562,139.97500610351562,140.10000610351562,4578
2017-04-28,149.5500030517578,149.5500030517578,149.85000610351562,144.39999389648438,147.25,4874
2017-05-01,148.60000610351562,148.60000610351562,150.9499969482422,147.52499389648438,149.75,3394
2017-05-02,149.625,149.625,153.10000610351562,147.9499969482422,148.60000610351562,3626
2017-05-03,153.3000030517578,153.3000030517578,154.10000610351562,148.8000030517578,150.1750030517578,3316
2017-05-04,148.27499389648438,148.27499389648438,156.75,147.85000610351562,154.0,4112
2017-05-05,143.77499389648438,143.77499389648438,148.60000610351562,143.77499389648438,148.60000610351562,2361
2017-05-08,148.3000030517578,148.3000030517578,148.60000610351562,143.6750030517578,143.77499389648438,3738
2017-05-09,144.52499389648438,144.52499389648438,150.14999389648438,143.8000030517578,148.89999389648438,2286
2017-05-10,144.5,144.5,145.5,142.4250030517578,144.39999389648438,2063
2017-05-11,142.375,142.375,144.89999389648438,140.52499389648438,144.89999389648438,1835
2017-05-12,144.5500030517578,144.5500030517578,145.77499389648438,142.1750030517578,143.8000030517578,2327
2017-05-15,142.52499389648438,142.52499389648438,145.60000610351562,141.25,145.1750030517578,1008
2017-05-16,140.9499969482422,140.9499969482422,141.75,139.27499389648438,141.5,1436
2017-05-17,141.97500610351562,141.97500610351562,142.3000030517578,140.64999389648438,141.4499969482422,817
2017-05-18,142.27499389648438,142.27499389648438,142.8249969482422,141.3000030517578,141.52499389648438,832
2017-05-19,143.35000610351562,143.35000610351562,143.85000610351562,142.5,142.6999969482422,727
2017-05-22,144.25,144.25,144.625,143.3000030517578,143.4499969482422,928
2017-05-23,144.25,144.25,144.8000030517578,144.1999969482422,144.1999969482422,600
2017-05-24,144.0,144.0,144.47500610351562,143.3000030517578,144.22500610351562,1316
2017-05-25,143.52499389648438,143.52499389648438,143.5500030517578,143.0,143.5500030517578,4457
2017-05-26,146.9499969482422,146.9499969482422,151.5749969482422,146.625,151.39999389648438,6693
2017-05-30,149.9250030517578,149.9250030517578,150.25,145.22500610351562,146.75,6282
2017-05-31,152.5749969482422,152.5749969482422,153.14999389648438,149.5,150.375,7316
2017-06-01,157.0749969482422,157.0749969482422,157.0749969482422,152.9499969482422,153.0749969482422,6003
2017-06-02,158.72500610351562,158.72500610351562,159.625,156.60000610351562,158.60000610351562,7616
2017-06-05,159.875,159.875,160.72500610351562,158.0,159.25,4855
2017-06-06,155.375,155.375,160.89999389648438,155.375,160.6750030517578,5409
2017-06-07,154.8000030517578,154.8000030517578,156.25,151.6999969482422,154.72500610351562,7565
2017-06-08,153.9499969482422,153.9499969482422,156.85000610351562,153.0500030517578,155.0500030517578,5726
2017-06-09,154.1750030517578,154.1750030517578,155.0,152.5500030517578,154.1750030517578,3815
2017-06-12,151.5500030517578,151.5500030517578,155.14999389648438,149.875,154.52499389648438,5888
2017-06-13,149.9499969482422,149.9499969482422,153.0500030517578,148.6750030517578,151.625,4552
2017-06-14,146.125,146.125,149.39999389648438,145.5500030517578,149.10000610351562,7649
2017-06-15,147.0749969482422,147.0749969482422,147.77499389648438,144.75,145.375,6142
2017-06-16,147.875,147.875,148.9250030517578,146.8000030517578,147.85000610351562,4179
2017-06-19,145.0,145.0,148.72500610351562,144.0749969482422,148.3249969482422,4962
2017-06-20,143.9250030517578,143.9250030517578,144.9250030517578,140.77499389648438,144.14999389648438,6830
2017-06-21,144.64999389648438,144.64999389648438,145.77499389648438,143.39999389648438,145.0,5009
2017-06-22,143.4499969482422,143.4499969482422,144.1999969482422,141.6999969482422,143.27499389648438,3911
2017-06-23,144.9499969482422,144.9499969482422,145.47500610351562,143.6999969482422,144.02499389648438,3531
2017-06-26,149.4499969482422,149.4499969482422,149.4499969482422,144.125,144.8000030517578,6685
2017-06-27,144.875,144.875,150.6999969482422,144.625,150.1999969482422,7588
2017-06-28,146.39999389648438,146.39999389648438,146.64999389648438,142.9250030517578,143.77499389648438,5535
2017-06-29,147.1750030517578,147.1750030517578,147.89999389648438,145.27499389648438,146.64999389648438,4412
2017-06-30,147.9250030517578,147.9250030517578,148.1999969482422,144.8000030517578,147.0,5454
2017-07-03,146.10000610351562,146.10000610351562,148.22500610351562,145.0,147.9499969482422,4764
2017-07-05,142.22500610351562,142.22500610351562,146.22500610351562,142.0500030517578,146.125,6863
2017-07-06,144.625,144.625,145.35000610351562,141.1999969482422,142.85000610351562,8219
2017-07-07,145.02499389648438,145.02499389648438,145.85000610351562,143.85000610351562,145.14999389648438,4870
2017-07-10,144.6750030517578,144.6750030517578,145.35000610351562,143.1999969482422,144.60000610351562,5089
2017-07-11,147.25,147.25,148.0,144.0749969482422,144.6999969482422,6257
2017-07-12,151.75,151.75,151.75,147.1999969482422,148.0,6674
2017-07-13,153.02499389648438,153.02499389648438,154.5749969482422,151.35000610351562,152.5,9426
2017-07-14,154.27499389648438,154.27499389648438,154.8000030517578,151.8249969482422,153.02499389648438,6702
2017-07-17,154.4250030517578,154.4250030517578,155.5749969482422,153.52499389648438,153.52499389648438,5747
2017-07-18,151.60000610351562,151.60000610351562,153.89999389648438,150.52499389648438,153.85000610351562,6048
2017-07-19,154.5,154.5,155.1750030517578,149.60000610351562,149.9499969482422,6938
2017-07-20,152.27499389648438,152.27499389648438,154.97500610351562,152.02499389648438,154.64999389648438,4491
2017-07-21,152.9499969482422,152.9499969482422,153.9499969482422,151.8000030517578,152.875,4611
2017-07-24,148.4499969482422,148.4499969482422,149.75,148.4499969482422,149.60000610351562,5085
2017-07-25,146.52499389648438,146.52499389648438,149.1750030517578,146.3000030517578,148.4499969482422,5738
2017-07-26,146.47500610351562,146.47500610351562,148.4250030517578,144.9250030517578,146.89999389648438,5134
2017-07-27,147.8249969482422,147.8249969482422,148.97500610351562,145.9250030517578,147.1750030517578,7105
2017-07-28,146.0500030517578,146.0500030517578,148.0749969482422,145.0749969482422,148.0,6715
2017-07-31,146.1750030517578,146.1750030517578,147.39999389648438,144.64999389648438,146.0749969482422,5629
2017-08-01,149.1750030517578,149.1750030517578,149.625,146.47500610351562,146.89999389648438,3925
2017-08-02,150.25,150.25,150.6999969482422,147.22500610351562,149.3000030517578,3456
2017-08-03,150.64999389648438,150.64999389648438,151.5500030517578,149.8000030517578,150.72500610351562,3386
2017-08-04,149.9499969482422,149.9499969482422,150.64999389648438,149.3249969482422,150.3249969482422,3088
2017-08-07,146.25,146.25,149.52499389648438,145.6750030517578,149.5,4518
2017-08-08,146.02499389648438,146.02499389648438,147.1750030517578,145.0500030517578,146.25,2514
2017-08-09,141.52499389648438,141.52499389648438,145.52499389648438,141.52499389648438,145.52499389648438,4394
2017-08-10,141.1750030517578,141.1750030517578,142.1750030517578,140.60000610351562,141.47500610351562,2394
2017-08-11,141.77499389648438,141.77499389648438,142.85000610351562,140.52499389648438,141.47500610351562,2769
2017-08-14,142.3000030517578,142.3000030517578,142.625,140.875,141.8249969482422,1804
2017-08-15,145.35000610351562,145.35000610351562,145.89999389648438,140.9250030517578,142.39999389648438,2892
2017-08-16,142.25,142.25,145.3249969482422,141.89999389648438,145.3000030517578,1816
2017-08-17,140.47500610351562,140.47500610351562,142.8000030517578,140.1750030517578,142.25,2444
2017-08-18,140.5,140.5,141.77499389648438,139.14999389648438,140.5,1897
2017-08-21,139.8000030517578,139.8000030517578,140.35000610351562,139.25,140.25,1192
2017-08-22,142.0749969482422,142.0749969482422,142.27499389648438,139.77499389648438,140.0,1032
2017-08-23,141.625,141.625,142.5749969482422,141.125,142.4250030517578,873
2017-08-24,141.60000610351562,141.60000610351562,141.8000030517578,140.125,141.1750030517578,1189
2017-08-25,141.375,141.375,142.52499389648438,141.0,142.10000610351562,1178
2017-08-28,142.4250030517578,142.4250030517578,143.10000610351562,141.89999389648438,142.0,1204
2017-08-29,142.60000610351562,142.60000610351562,143.3249969482422,142.52499389648438,143.0,1400
2017-08-30,142.89999389648438,142.89999389648438,143.0500030517578,142.5500030517578,142.72500610351562,778
2017-08-31,142.72500610351562,142.72500610351562,143.0,142.5749969482422,142.97500610351562,2533
2017-09-01,142.72500610351562,142.72500610351562,143.85000610351562,142.0500030517578,142.89999389648438,1741
2017-09-05,142.0500030517578,142.0500030517578,144.3000030517578,141.75,142.72500610351562,1914
2017-09-06,143.3000030517578,143.3000030517578,143.75,142.0,142.22500610351562,1438
2017-09-07,145.5500030517578,145.5500030517578,146.5,143.89999389648438,144.0,3080
2017-09-08,147.875,147.875,148.35000610351562,145.8000030517578,145.97500610351562,2203
2017-09-11,148.4499969482422,148.4499969482422,148.6999969482422,147.375,148.1999969482422,1755
2017-09-12,147.97500610351562,147.97500610351562,148.8000030517578,147.5,148.25,1551
2017-09-13,148.60000610351562,148.60000610351562,148.9250030517578,146.25,147.75,1331
2017-09-14,148.8000030517578,148.8000030517578,149.625,147.60000610351562,148.89999389648438,1470
2017-09-15,150.22500610351562,150.22500610351562,150.5,148.1999969482422,148.9499969482422,1420
2017-09-18,150.8000030517578,150.8000030517578,151.6750030517578,150.3249969482422,150.3249969482422,1063
2017-09-19,151.5749969482422,151.5749969482422,151.64999389648438,150.64999389648438,150.75,787
2017-09-20,153.97500610351562,153.97500610351562,154.125,151.375,151.39999389648438,1796
2017-09-21,153.1750030517578,153.1750030517578,154.0,152.25,153.97500610351562,837
2017-09-22,153.39999389648438,153.39999389648438,153.875,152.25,152.875,1301
2017-09-25,150.47500610351562,150.47500610351562,151.75,150.0,151.6750030517578,1048
2017-09-26,150.5749969482422,150.5749969482422,150.89999389648438,150.0,150.4250030517578,1828
2017-09-27,152.39999389648438,152.39999389648438,152.5,151.0500030517578,151.0500030517578,1223
2017-09-28,152.77499389648438,152.77499389648438,152.85000610351562,152.3000030517578,152.3000030517578,1953
2017-09-29,152.22500610351562,152.22500610351562,153.5,151.75,153.125,3079
2017-10-02,150.35000610351562,150.35000610351562,153.1999969482422,150.14999389648438,152.3000030517578,2248
2017-10-03,152.4250030517578,152.4250030517578,152.9250030517578,150.5,150.9499969482422,2124
2017-10-04,152.10000610351562,152.10000610351562,153.4250030517578,152.0,153.14999389648438,1627
2017-10-05,153.5749969482422,153.5749969482422,153.625,152.35000610351562,152.5500030517578,1780
2017-10-06,153.9499969482422,153.9499969482422,154.625,153.27499389648438,153.625,1530
2017-10-09,153.77499389648438,153.77499389648438,154.39999389648438,153.0,154.10000610351562,1422
2017-10-10,154.0749969482422,154.0749969482422,154.97500610351562,153.6750030517578,154.0,2163
2017-10-11,154.14999389648438,154.14999389648438,154.39999389648438,152.97500610351562,153.8249969482422,1856
2017-10-12,153.5500030517578,153.5500030517578,155.02499389648438,152.9499969482422,153.97500610351562,1461
2017-10-13,154.0500030517578,154.0500030517578,154.375,152.72500610351562,153.60000610351562,950
2017-10-16,154.0,154.0,154.77499389648438,153.8249969482422,154.1750030517578,989
2017-10-17,152.14999389648438,152.14999389648438,154.1999969482422,152.10000610351562,153.9499969482422,1501
2017-10-18,152.52499389648438,152.52499389648438,153.14999389648438,151.1999969482422,152.14999389648438,1962
2017-10-19,153.14999389648438,153.14999389648438,153.5,151.75,152.8249969482422,1033
2017-10-20,153.625,153.625,153.89999389648438,152.5,153.35000610351562,1852
2017-10-23,153.625,153.625,153.6999969482422,151.6750030517578,152.02499389648438,1308
2017-10-24,155.125,155.125,155.1999969482422,153.6750030517578,153.85000610351562,2167
2017-10-25,154.85000610351562,154.85000610351562,155.5,154.6999969482422,155.14999389648438,1105
2017-10-26,155.4250030517578,155.4250030517578,155.5,155.0,155.0,2978
2017-10-27,156.47500610351562,156.47500610351562,157.89999389648438,155.52499389648438,157.64999389648438,2550
2017-10-30,158.3249969482422,158.3249969482422,160.3000030517578,157.75,158.4499969482422,4379
2017-10-31,159.4250030517578,159.4250030517578,160.0500030517578,157.9250030517578,158.5,3546
2017-11-01,159.6999969482422,159.6999969482422,160.47500610351562,158.6750030517578,159.72500610351562,2982
2017-11-02,157.9250030517578,157.9250030517578,160.5500030517578,157.5,159.72500610351562,2611
2017-11-03,160.875,160.875,161.5,159.39999389648438,159.6999969482422,2408
2017-11-06,160.14999389648438,160.14999389648438,161.10000610351562,159.0,160.875,1676
2017-11-07,159.875,159.875,160.4499969482422,158.875,160.39999389648438,1426
2017-11-08,157.3249969482422,157.3249969482422,159.77499389648438,157.125,159.5749969482422,1853
2017-11-09,158.47500610351562,158.47500610351562,158.5749969482422,156.77499389648438,157.52499389648438,1408
2017-11-10,158.47500610351562,158.47500610351562,158.9499969482422,157.625,158.5500030517578,1733
2017-11-13,158.6999969482422,158.6999969482422,159.375,157.5500030517578,158.1750030517578,2427
2017-11-14,157.625,157.625,158.47500610351562,157.25,158.39999389648438,1793
2017-11-15,158.0,158.0,158.0749969482422,157.1999969482422,157.25,1466
2017-11-16,157.77499389648438,157.77499389648438,157.9250030517578,157.5749969482422,157.77499389648438,4363
2017-11-17,151.72500610351562,151.72500610351562,154.0,151.35000610351562,154.0,5292
2017-11-20,149.5500030517578,149.5500030517578,151.85000610351562,149.3000030517578,151.0,6050
2017-11-21,151.625,151.625,152.0500030517578,149.5,150.0749969482422,5908
2017-11-22,152.72500610351562,152.72500610351562,153.4250030517578,152.47500610351562,152.75,2967
2017-11-24,153.3000030517578,153.3000030517578,153.5749969482422,151.75,152.5500030517578,2972
2017-11-27,154.4499969482422,154.4499969482422,155.125,152.77499389648438,153.3249969482422,4798
2017-11-28,154.5,154.5,154.9250030517578,153.3249969482422,154.75,4535
2017-11-29,155.5749969482422,155.5749969482422,155.875,154.5,154.6999969482422,4506
2017-11-30,154.1750030517578,154.1750030517578,156.0500030517578,152.14999389648438,155.47500610351562,7708
2017-12-01,150.3249969482422,150.3249969482422,154.1999969482422,149.85000610351562,154.1999969482422,7380
2017-12-04,149.9499969482422,149.9499969482422,150.875,148.8249969482422,150.02499389648438,5648
2017-12-05,147.8249969482422,147.8249969482422,151.10000610351562,146.0500030517578,150.52499389648438,8117
2017-12-06,146.02499389648438,146.02499389648438,147.5500030517578,145.47500610351562,147.5500030517578,7039
2017-12-07,146.3249969482422,146.3249969482422,146.6750030517578,144.89999389648438,146.02499389648438,7860
2017-12-08,145.22500610351562,145.22500610351562,147.0,144.9499969482422,146.75,6264
2017-12-11,145.4499969482422,145.4499969482422,146.27499389648438,144.4499969482422,145.35000610351562,6216
2017-12-12,147.10000610351562,147.10000610351562,148.0,145.27499389648438,145.6999969482422,7283
2017-12-13,145.64999389648438,145.64999389648438,148.375,145.35000610351562,147.3249969482422,6513
2017-12-14,146.25,146.25,146.8000030517578,145.25,145.64999389648438,4959
2017-12-15,147.75,147.75,148.22500610351562,145.0500030517578,146.6999969482422,5299
2017-12-18,147.64999389648438,147.64999389648438,148.85000610351562,146.64999389648438,148.5,4553
2017-12-19,145.1999969482422,145.1999969482422,148.25,144.6999969482422,147.75,6216
2017-12-20,141.77499389648438,141.77499389648438,145.1999969482422,140.97500610351562,145.1999969482422,7554
2017-12-21,142.9250030517578,142.9250030517578,143.1750030517578,141.0500030517578,142.10000610351562,4008
2017-12-22,141.5500030517578,141.5500030517578,143.4250030517578,141.0749969482422,143.1999969482422,2253
2017-12-26,144.39999389648438,144.39999389648438,145.0,141.625,141.625,2371
2017-12-27,145.1750030517578,145.1750030517578,145.72500610351562,144.3000030517578,144.875,2069
2017-12-28,145.60000610351562,145.60000610351562,146.64999389648438,144.10000610351562,145.0749969482422,2330
2017-12-29,146.0,146.0,146.39999389648438,144.5,145.9250030517578,2359
2018-01-02,149.52499389648438,149.52499389648438,149.75,146.8000030517578,146.85000610351562,2081
2018-01-03,149.375,149.375,149.75,148.8249969482422,149.72500610351562,1272
2018-01-04,149.02499389648438,149.02499389648438,150.9250030517578,148.625,149.4250030517578,2256
2018-01-05,146.625,146.625,148.9499969482422,145.6999969482422,148.9499969482422,2412
2018-01-08,146.4499969482422,146.4499969482422,147.0749969482422,145.39999389648438,146.1999969482422,1996
2018-01-09,145.47500610351562,145.47500610351562,147.0,143.89999389648438,146.375,3447
2018-01-10,144.375,144.375,146.85000610351562,144.0,145.875,2301
2018-01-11,143.8249969482422,143.8249969482422,144.625,142.10000610351562,143.72500610351562,1581
2018-01-12,144.35000610351562,144.35000610351562,144.75,143.10000610351562,143.85000610351562,1331
2018-01-16,145.60000610351562,145.60000610351562,145.75,144.0,144.6999969482422,1506
2018-01-17,147.875,147.875,148.9499969482422,144.75,145.25,2736
2018-01-18,149.1750030517578,149.1750030517578,149.47500610351562,148.1750030517578,148.5,1196
2018-01-19,147.9499969482422,147.9499969482422,149.5,147.35000610351562,149.39999389648438,1118
2018-01-22,147.89999389648438,147.89999389648438,148.27499389648438,147.5,148.1999969482422,1220
2018-01-23,148.625,148.625,148.9499969482422,147.64999389648438,148.10000610351562,1466
2018-01-24,148.14999389648438,148.14999389648438,148.85000610351562,148.0749969482422,148.85000610351562,855
2018-01-25,147.85000610351562,147.85000610351562,148.0,147.64999389648438,148.0,6824
2018-01-26,146.72500610351562,146.72500610351562,147.47500610351562,143.25,143.89999389648438,6452
2018-01-29,147.0,147.0,149.47500610351562,146.14999389648438,148.0500030517578,5861
2018-01-30,147.1750030517578,147.1750030517578,147.6750030517578,144.4250030517578,146.5500030517578,7146
2018-01-31,145.0500030517578,145.0500030517578,147.39999389648438,144.75,146.5,5243
2018-02-01,149.5500030517578,149.5500030517578,149.5500030517578,145.4250030517578,145.8249969482422,7172
2018-02-02,150.9250030517578,150.9250030517578,151.60000610351562,149.3249969482422,149.6999969482422,8264
2018-02-05,149.6750030517578,149.6750030517578,151.9499969482422,148.0500030517578,150.8000030517578,7700
2018-02-06,148.72500610351562,148.72500610351562,150.0500030517578,147.9250030517578,148.1750030517578,4755
2018-02-07,148.3000030517578,148.3000030517578,149.72500610351562,148.125,148.77499389648438,6119
2018-02-08,147.25,147.25,150.25,147.0500030517578,148.72500610351562,8100
2018-02-09,146.1999969482422,146.1999969482422,147.8249969482422,144.1999969482422,147.25,10107
2018-02-12,147.6750030517578,147.6750030517578,148.64999389648438,145.52499389648438,146.0,6299
2018-02-13,147.27499389648438,147.27499389648438,148.3249969482422,146.75,147.9250030517578,5507
2018-02-14,148.1750030517578,148.1750030517578,148.5749969482422,146.875,147.27499389648438,5423
2018-02-15,149.8249969482422,149.8249969482422,150.125,147.97500610351562,148.27499389648438,5274
2018-02-16,149.72500610351562,149.72500610351562,150.1750030517578,148.875,149.89999389648438,4015
2018-02-20,149.8000030517578,149.8000030517578,150.89999389648438,149.0500030517578,150.22500610351562,5088
2018-02-21,146.64999389648438,146.64999389648438,150.1750030517578,146.14999389648438,150.1750030517578,7821
2018-02-22,146.0,146.0,146.85000610351562,145.75,146.375,5144
2018-02-23,146.0,146.0,146.625,145.14999389648438,146.3000030517578,0
2018-02-26,145.5500030517578,145.5500030517578,146.60000610351562,144.75,145.47500610351562,3823
2018-02-27,146.5500030517578,146.5500030517578,147.52499389648438,145.75,145.8249969482422,4166
2018-02-28,144.75,144.75,147.0,144.39999389648438,146.25,3742
2018-03-01,145.0500030517578,145.0500030517578,145.47500610351562,143.60000610351562,144.89999389648438,2666
2018-03-02,143.6750030517578,143.6750030517578,145.02499389648438,143.02499389648438,144.77499389648438,2456
2018-03-05,145.14999389648438,145.14999389648438,145.39999389648438,142.75,143.6750030517578,2904
2018-03-06,144.3000030517578,144.3000030517578,146.39999389648438,144.14999389648438,145.25,2469
2018-03-07,143.77499389648438,143.77499389648438,144.9499969482422,143.64999389648438,144.3000030517578,1777
2018-03-08,141.75,141.75,144.125,141.125,143.64999389648438,2910
2018-03-09,142.52499389648438,142.52499389648438,143.0749969482422,141.02499389648438,142.64999389648438,1734
2018-03-12,142.1750030517578,142.1750030517578,143.25,141.6999969482422,143.10000610351562,1241
2018-03-13,141.5500030517578,141.5500030517578,142.4250030517578,140.4250030517578,142.27499389648438,1473
2018-03-14,142.0500030517578,142.0500030517578,143.60000610351562,141.64999389648438,142.1750030517578,1358
2018-03-15,140.625,140.625,142.6750030517578,140.0500030517578,141.89999389648438,1939
2018-03-16,139.97500610351562,139.97500610351562,141.0500030517578,139.8000030517578,140.5500030517578,1210
2018-03-19,138.4499969482422,138.4499969482422,140.25,138.1999969482422,140.10000610351562,1468
2018-03-20,137.77499389648438,137.77499389648438,139.1750030517578,137.35000610351562,138.72500610351562,1532
2018-03-21,136.77499389648438,136.77499389648438,138.375,136.3000030517578,138.14999389648438,1492
2018-03-22,137.52499389648438,137.52499389648438,137.9250030517578,136.25,136.8000030517578,864
2018-03-23,135.6999969482422,135.6999969482422,137.85000610351562,135.5,137.85000610351562,976
2018-03-26,134.9250030517578,134.9250030517578,136.5,134.77499389648438,135.5,717
2018-03-27,135.4250030517578,135.4250030517578,135.8000030517578,135.0,135.0,680
2018-03-28,135.97500610351562,135.97500610351562,136.125,135.3000030517578,135.60000610351562,1010
2018-03-29,135.60000610351562,135.60000610351562,136.1750030517578,135.5,136.0500030517578,0
2018-04-02,131.875,131.875,133.9499969482422,130.9499969482422,132.6750030517578,2137
2018-04-03,130.52499389648438,130.52499389648438,132.9250030517578,130.375,132.02499389648438,2009
2018-04-04,134.5,134.5,135.02499389648438,128.5749969482422,130.0749969482422,3221
2018-04-05,137.47500610351562,137.47500610351562,138.375,134.8000030517578,135.02499389648438,2693
2018-04-06,135.3249969482422,135.3249969482422,137.14999389648438,134.5500030517578,136.89999389648438,2562
2018-04-09,134.4499969482422,134.4499969482422,138.02499389648438,134.10000610351562,136.0,1727
2018-04-10,134.8249969482422,134.8249969482422,136.375,133.5,135.125,1596
2018-04-11,135.27499389648438,135.27499389648438,136.72500610351562,134.75,135.3000030517578,1273
2018-04-12,138.875,138.875,139.5,135.97500610351562,135.97500610351562,1377
2018-04-13,139.375,139.375,139.97500610351562,138.10000610351562,139.375,1120
2018-04-16,139.22500610351562,139.22500610351562,141.3000030517578,139.0,139.89999389648438,853
2018-04-17,138.72500610351562,138.72500610351562,140.10000610351562,138.22500610351562,139.22500610351562,730
2018-04-18,138.75,138.75,139.3249969482422,138.3249969482422,138.9250030517578,447
2018-04-19,137.22500610351562,137.22500610351562,138.52499389648438,136.89999389648438,138.5,979
2018-04-20,137.3000030517578,137.3000030517578,138.625,136.47500610351562,137.27499389648438,841
2018-04-23,139.02499389648438,139.02499389648438,139.75,138.8249969482422,139.25,802
2018-04-24,139.10000610351562,139.10000610351562,139.8249969482422,139.0,139.10000610351562,743
2018-04-25,139.85000610351562,139.85000610351562,139.89999389648438,139.1999969482422,139.1999969482422,529
2018-04-26,140.1750030517578,140.1750030517578,140.3000030517578,139.9250030517578,140.0,2419
2018-04-27,142.02499389648438,142.02499389648438,142.375,139.72500610351562,140.0500030517578,3103
2018-04-30,140.1750030517578,140.1750030517578,143.0,139.85000610351562,142.8000030517578,1816
2018-05-01,137.89999389648438,137.89999389648438,140.5,137.3249969482422,140.27499389648438,3209
2018-05-02,138.625,138.625,138.9499969482422,137.3000030517578,138.3000030517578,1920
2018-05-03,140.8000030517578,140.8000030517578,141.125,138.14999389648438,138.5749969482422,1912
2018-05-04,140.39999389648438,140.39999389648438,141.3000030517578,140.0,141.0,1053
2018-05-07,137.625,137.625,140.1750030517578,137.4250030517578,140.1750030517578,2198
2018-05-08,137.72500610351562,137.72500610351562,138.0500030517578,135.9250030517578,137.625,1840
2018-05-09,137.14999389648438,137.14999389648438,139.0,136.60000610351562,138.0,1331
2018-05-10,138.60000610351562,138.60000610351562,139.0500030517578,136.0,136.9250030517578,1001
2018-05-11,138.4250030517578,138.4250030517578,138.75,137.22500610351562,138.72500610351562,632
2018-05-14,135.39999389648438,135.39999389648438,137.60000610351562,135.22500610351562,137.375,875
2018-05-15,133.5500030517578,133.5500030517578,135.5,133.4499969482422,135.5,974
2018-05-16,132.72500610351562,132.72500610351562,134.5500030517578,132.64999389648438,133.5,1322
2018-05-17,133.10000610351562,133.10000610351562,133.27499389648438,131.97500610351562,132.6750030517578,1186
2018-05-18,132.22500610351562,132.22500610351562,133.5500030517578,131.875,133.125,730
2018-05-21,133.9250030517578,133.9250030517578,134.25,132.77499389648438,132.77499389648438,835
2018-05-22,133.9499969482422,133.9499969482422,134.0,133.5749969482422,133.85000610351562,524
2018-05-23,134.89999389648438,134.89999389648438,135.0,133.64999389648438,133.64999389648438,849
2018-05-24,136.39999389648438,136.39999389648438,136.47500610351562,135.39999389648438,135.39999389648438,6878
2018-05-25,144.9250030517578,144.9250030517578,145.5749969482422,142.6750030517578,143.47500610351562,5531
2018-05-29,144.97500610351562,144.97500610351562,145.60000610351562,144.0500030517578,145.0,6642
2018-05-30,148.5500030517578,148.5500030517578,148.8249969482422,144.125,144.4250030517578,10907
2018-05-31,147.39999389648438,147.39999389648438,149.5,145.8249969482422,148.5749969482422,12491
2018-06-01,146.3249969482422,146.3249969482422,147.8000030517578,145.875,147.25,6833
2018-06-04,144.85000610351562,144.85000610351562,146.72500610351562,144.6999969482422,146.22500610351562,9025
2018-06-05,146.125,146.125,146.9499969482422,144.3249969482422,145.3249969482422,6851
2018-06-06,146.75,146.75,147.375,146.0749969482422,146.39999389648438,5498
2018-06-07,146.0749969482422,146.0749969482422,147.3000030517578,145.6999969482422,147.14999389648438,4530
2018-06-08,147.27499389648438,147.27499389648438,147.8000030517578,146.14999389648438,146.4250030517578,4529
2018-06-11,145.9499969482422,145.9499969482422,148.4250030517578,145.3249969482422,147.8000030517578,6137
2018-06-12,145.8000030517578,145.8000030517578,146.5,144.5,145.64999389648438,4751
2018-06-13,145.64999389648438,145.64999389648438,146.39999389648438,145.10000610351562,146.125,3194
2018-06-14,143.6750030517578,143.6750030517578,145.6999969482422,143.25,145.35000610351562,6344
2018-06-15,147.97500610351562,147.97500610351562,148.0749969482422,142.1750030517578,143.3000030517578,8678
2018-06-18,148.97500610351562,148.97500610351562,149.27499389648438,146.875,147.625,5457
2018-06-19,149.625,149.625,149.9250030517578,146.9499969482422,147.89999389648438,7441
2018-06-20,149.4250030517578,149.4250030517578,150.75,148.60000610351562,149.77499389648438,6732
2018-06-21,148.47500610351562,148.47500610351562,149.4250030517578,147.89999389648438,149.3249969482422,4991
2018-06-22,149.1999969482422,149.1999969482422,149.3249969482422,147.875,148.47500610351562,4661
2018-06-25,145.77499389648438,145.77499389648438,147.9250030517578,145.125,147.5749969482422,7786
2018-06-26,146.10000610351562,146.10000610351562,146.60000610351562,145.22500610351562,145.6999969482422,4267
2018-06-27,145.77499389648438,145.77499389648438,146.125,144.89999389648438,146.10000610351562,4078
2018-06-28,146.8249969482422,146.8249969482422,147.35000610351562,145.25,145.39999389648438,4828
2018-06-29,151.3249969482422,151.3249969482422,151.3249969482422,145.97500610351562,146.89999389648438,8985
2018-07-02,151.9250030517578,151.9250030517578,153.0500030517578,151.22500610351562,151.22500610351562,10632
2018-07-03,152.8000030517578,152.8000030517578,153.25,151.5500030517578,152.4499969482422,0
2018-07-05,152.5749969482422,152.5749969482422,153.625,152.125,153.0500030517578,4856
2018-07-06,152.1999969482422,152.1999969482422,154.0749969482422,152.0500030517578,152.89999389648438,6506
2018-07-09,151.4499969482422,151.4499969482422,152.5500030517578,150.35000610351562,152.22500610351562,8478
2018-07-10,151.85000610351562,151.85000610351562,152.375,150.6750030517578,151.47500610351562,6927
2018-07-11,149.39999389648438,149.39999389648438,151.89999389648438,147.8249969482422,151.85000610351562,10632
2018-07-12,151.02499389648438,151.02499389648438,151.6750030517578,149.8249969482422,149.85000610351562,7705
2018-07-13,150.72500610351562,150.72500610351562,151.5,150.0500030517578,151.10000610351562,5092
2018-07-16,152.375,152.375,153.375,150.27499389648438,151.1750030517578,6149
2018-07-17,151.27499389648438,151.27499389648438,153.1750030517578,150.875,153.1750030517578,4982
2018-07-18,154.4499969482422,154.4499969482422,154.89999389648438,151.14999389648438,151.6750030517578,7169
2018-07-19,154.4499969482422,154.4499969482422,154.9250030517578,153.8000030517578,154.5,4446
2018-07-20,153.6750030517578,153.6750030517578,154.4250030517578,152.97500610351562,154.4250030517578,4788
2018-07-23,153.25,153.25,153.72500610351562,152.8000030517578,153.72500610351562,4278
2018-07-24,152.75,152.75,153.60000610351562,152.22500610351562,153.3249969482422,5584
2018-07-25,152.8249969482422,152.8249969482422,153.125,151.85000610351562,152.77499389648438,4676
2018-07-26,151.4250030517578,151.4250030517578,154.22500610351562,149.8000030517578,153.0500030517578,9383
2018-07-27,152.3000030517578,152.3000030517578,152.6750030517578,150.8000030517578,151.14999389648438,5918
2018-07-30,151.5,151.5,152.875,151.0749969482422,152.125,4426
2018-07-31,149.3249969482422,149.3249969482422,151.5,148.875,151.1999969482422,5011
2018-08-01,151.8249969482422,151.8249969482422,152.3000030517578,148.97500610351562,149.64999389648438,3060
2018-08-02,151.1999969482422,151.1999969482422,152.10000610351562,149.9250030517578,151.8249969482422,2621
2018-08-03,152.85000610351562,152.85000610351562,152.9250030517578,150.3249969482422,150.75,1767
2018-08-06,151.85000610351562,151.85000610351562,153.0,151.77499389648438,152.85000610351562,2309
2018-08-07,149.85000610351562,149.85000610351562,152.02499389648438,148.60000610351562,151.75,4321
2018-08-08,150.64999389648438,150.64999389648438,151.0,148.89999389648438,149.6750030517578,2242
2018-08-09,149.35000610351562,149.35000610351562,150.875,148.39999389648438,150.77499389648438,1795
2018-08-10,149.89999389648438,149.89999389648438,150.39999389648438,148.4499969482422,149.39999389648438,2126
2018-08-13,148.64999389648438,148.64999389648438,149.97500610351562,148.5,149.52499389648438,1739
2018-08-14,148.9250030517578,148.9250030517578,149.60000610351562,148.25,148.8249969482422,1183
2018-08-15,149.0500030517578,149.0500030517578,150.1750030517578,148.6750030517578,148.6999969482422,917
2018-08-16,150.27499389648438,150.27499389648438,150.39999389648438,148.97500610351562,149.35000610351562,963
2018-08-17,150.9499969482422,150.9499969482422,151.0,149.6750030517578,150.02499389648438,997
2018-08-20,149.625,149.625,150.8249969482422,149.5500030517578,150.5,953
2018-08-21,149.1750030517578,149.1750030517578,149.85000610351562,149.0749969482422,149.60000610351562,644
2018-08-22,148.6999969482422,148.6999969482422,149.1999969482422,148.375,149.0,830
2018-08-23,149.02499389648438,149.02499389648438,149.1750030517578,148.72500610351562,148.9250030517578,466
2018-08-24,149.1999969482422,149.1999969482422,149.47500610351562,148.4250030517578,149.0,725
2018-08-27,150.22500610351562,150.22500610351562,150.25,148.52499389648438,149.10000610351562,1157
2018-08-28,149.35000610351562,149.35000610351562,150.0,149.14999389648438,150.0,568
2018-08-29,149.3249969482422,149.3249969482422,149.52499389648438,148.97500610351562,149.0500030517578,683
2018-08-30,149.47500610351562,149.47500610351562,149.5,149.0,149.5,1190
2018-08-31,149.4499969482422,149.4499969482422,150.60000610351562,149.3000030517578,150.1750030517578,0
2018-09-04,151.72500610351562,151.72500610351562,151.9250030517578,148.8000030517578,149.4499969482422,1844
2018-09-05,151.72500610351562,151.72500610351562,152.5,151.25,151.875,1378
2018-09-06,151.77499389648438,151.77499389648438,152.39999389648438,151.4499969482422,151.89999389648438,1166
2018-09-07,152.97500610351562,152.97500610351562,153.0,151.25,151.625,1447
2018-09-10,152.52499389648438,152.52499389648438,153.35000610351562,152.22500610351562,153.0,965
2018-09-11,152.125,152.125,152.625,151.8000030517578,152.52499389648438,760
2018-09-12,154.625,154.625,154.8000030517578,152.1750030517578,152.22500610351562,1676
2018-09-13,154.9499969482422,154.9499969482422,155.0500030517578,153.72500610351562,154.6999969482422,864
2018-09-14,157.4250030517578,157.4250030517578,158.10000610351562,154.9250030517578,155.0500030517578,2213
2018-09-17,157.3249969482422,157.3249969482422,157.52499389648438,156.0749969482422,157.3000030517578,886
2018-09-18,155.8249969482422,155.8249969482422,157.10000610351562,155.64999389648438,157.0500030517578,1331
2018-09-19,155.52499389648438,155.52499389648438,156.0,155.0749969482422,156.0,1073
2018-09-20,155.6750030517578,155.6750030517578,156.6750030517578,155.60000610351562,155.8249969482422,1056
2018-09-21,156.9499969482422,156.9499969482422,157.0500030517578,155.77499389648438,156.35000610351562,930
2018-09-24,156.4499969482422,156.4499969482422,156.875,156.10000610351562,156.39999389648438,1388
2018-09-25,156.625,156.625,156.6999969482422,156.14999389648438,156.47500610351562,675
2018-09-26,157.0500030517578,157.0500030517578,157.10000610351562,156.22500610351562,156.60000610351562,997
2018-09-27,157.3000030517578,157.3000030517578,157.3000030517578,157.0500030517578,157.1750030517578,2082
2018-09-28,158.1750030517578,158.1750030517578,158.3000030517578,157.27499389648438,158.0,1342
2018-10-01,158.64999389648438,158.64999389648438,159.5749969482422,157.64999389648438,158.39999389648438,2638
2018-10-02,159.0749969482422,159.0749969482422,159.10000610351562,157.5,158.77499389648438,2029
2018-10-03,157.875,157.875,158.8000030517578,157.77499389648438,158.8000030517578,1369
2018-10-04,156.97500610351562,156.97500610351562,157.72500610351562,156.3000030517578,157.72500610351562,1522
2018-10-05,157.77499389648438,157.77499389648438,158.1750030517578,156.6750030517578,157.02499389648438,1048
2018-10-08,157.6750030517578,157.6750030517578,157.8000030517578,156.4499969482422,157.39999389648438,1125
2018-10-09,156.9499969482422,156.9499969482422,157.75,156.5,157.64999389648438,962
2018-10-10,155.89999389648438,155.89999389648438,156.72500610351562,155.8000030517578,156.6999969482422,1023
2018-10-11,156.72500610351562,156.72500610351562,157.27499389648438,155.875,155.875,1279
2018-10-12,154.6999969482422,154.6999969482422,157.125,154.5500030517578,157.125,1753
2018-10-15,155.10000610351562,155.10000610351562,155.3249969482422,153.77499389648438,154.6999969482422,1687
2018-10-16,154.02499389648438,154.02499389648438,155.1750030517578,153.9250030517578,155.1750030517578,940
2018-10-17,154.0749969482422,154.0749969482422,154.77499389648438,153.4250030517578,154.35000610351562,1309
2018-10-18,155.25,155.25,155.4499969482422,154.4499969482422,154.4499969482422,1350
2018-10-19,154.64999389648438,154.64999389648438,155.14999389648438,154.39999389648438,154.64999389648438,792
2018-10-22,155.64999389648438,155.64999389648438,155.8000030517578,155.3000030517578,155.3000030517578,839
2018-10-23,155.0749969482422,155.0749969482422,155.35000610351562,154.75,155.35000610351562,609
2018-10-24,154.625,154.625,155.27499389648438,154.5500030517578,155.0,724
2018-10-25,153.97500610351562,153.97500610351562,154.3000030517578,153.89999389648438,154.3000030517578,2911
2018-10-26,154.8000030517578,154.8000030517578,155.8249969482422,153.27499389648438,153.9499969482422,3316
2018-10-29,153.89999389648438,153.89999389648438,155.4250030517578,153.8000030517578,155.27499389648438,1703
2018-10-30,152.1750030517578,152.1750030517578,154.02499389648438,152.0500030517578,154.0,2916
2018-10-31,153.47500610351562,153.47500610351562,153.64999389648438,152.39999389648438,152.52499389648438,3500
2018-11-01,153.3000030517578,153.3000030517578,154.0,152.8249969482422,153.64999389648438,2038
2018-11-02,152.5,152.5,153.6750030517578,152.25,153.64999389648438,1134
2018-11-05,149.5,149.5,152.89999389648438,149.02499389648438,152.8249969482422,2520
2018-11-06,149.97500610351562,149.97500610351562,150.39999389648438,149.6750030517578,149.8000030517578,1121
2018-11-07,149.9250030517578,149.9250030517578,150.47500610351562,149.5,150.10000610351562,1365
2018-11-08,150.1750030517578,150.1750030517578,150.625,149.6750030517578,149.9250030517578,1266
2018-11-09,149.0,149.0,150.1750030517578,148.375,150.1750030517578,1683
2018-11-12,148.375,148.375,149.1999969482422,148.22500610351562,149.10000610351562,936
2018-11-13,148.97500610351562,148.97500610351562,149.14999389648438,147.8249969482422,148.3000030517578,1600
2018-11-14,148.97500610351562,148.97500610351562,149.10000610351562,148.6999969482422,148.9499969482422,735
2018-11-15,148.625,148.625,149.0749969482422,148.5749969482422,148.875,5741
2018-11-16,146.52499389648438,146.52499389648438,147.8000030517578,146.35000610351562,147.6999969482422,4549
2018-11-19,147.27499389648438,147.27499389648438,147.39999389648438,145.5749969482422,146.85000610351562,3715
2018-11-20,146.875,146.875,147.27499389648438,146.1750030517578,147.02499389648438,2754
2018-11-21,148.625,148.625,150.0,147.0500030517578,147.1999969482422,6866
2018-11-23,149.375,149.375,149.47500610351562,148.1750030517578,148.52499389648438,2969
2018-11-26,149.14999389648438,149.14999389648438,149.9250030517578,148.60000610351562,149.3249969482422,4036
2018-11-27,148.4250030517578,148.4250030517578,149.5,148.27499389648438,148.97500610351562,3939
2018-11-28,147.6999969482422,147.6999969482422,148.6999969482422,147.52499389648438,148.3249969482422,3625
2018-11-29,145.97500610351562,145.97500610351562,147.6999969482422,144.6750030517578,147.6999969482422,7540
2018-11-30,145.22500610351562,145.22500610351562,146.89999389648438,145.02499389648438,145.97500610351562,7983
2018-12-03,144.5,144.5,146.3000030517578,144.3000030517578,145.89999389648438,5709
2018-12-04,144.39999389648438,144.39999389648438,145.3249969482422,143.125,144.5,7162
2018-12-06,144.1999969482422,144.1999969482422,145.3249969482422,143.75,144.89999389648438,5470
2018-12-07,144.375,144.375,144.9499969482422,143.3000030517578,144.4250030517578,5478
2018-12-10,145.02499389648438,145.02499389648438,145.64999389648438,144.4499969482422,144.75,5066
2018-12-11,147.3000030517578,147.3000030517578,147.5749969482422,144.72500610351562,145.125,7476
2018-12-12,147.5749969482422,147.5749969482422,148.1750030517578,147.02499389648438,147.5,5928
2018-12-13,147.97500610351562,147.97500610351562,148.6750030517578,147.64999389648438,147.64999389648438,5598
2018-12-14,147.5749969482422,147.5749969482422,148.25,147.1999969482422,147.77499389648438,3526
2018-12-17,145.375,145.375,147.25,145.3000030517578,146.9250030517578,5776
2018-12-18,146.1999969482422,146.1999969482422,146.9499969482422,144.9250030517578,145.3000030517578,4482
2018-12-19,146.1999969482422,146.1999969482422,146.6999969482422,145.8000030517578,146.22500610351562,3280
2018-12-20,147.4250030517578,147.4250030517578,147.6750030517578,145.6750030517578,146.1999969482422,3094
2018-12-21,147.35000610351562,147.35000610351562,147.97500610351562,147.0500030517578,147.4250030517578,3388
2018-12-24,147.375,147.375,147.5,146.6750030517578,147.1999969482422,1353
2018-12-26,148.10000610351562,148.10000610351562,148.4499969482422,147.25,147.375,3103
2018-12-27,149.0,149.0,149.60000610351562,147.97500610351562,148.1999969482422,3134
2018-12-28,149.0749969482422,149.0749969482422,149.72500610351562,148.8000030517578,148.8249969482422,3016
2018-12-31,148.85000610351562,148.85000610351562,149.85000610351562,148.77499389648438,149.4250030517578,2691
2019-01-02,147.9499969482422,147.9499969482422,148.6999969482422,146.77499389648438,148.6999969482422,3035
2019-01-03,146.52499389648438,146.52499389648438,147.9499969482422,146.22500610351562,147.625,2759
2019-01-04,144.89999389648438,144.89999389648438,146.4499969482422,144.6750030517578,146.4499969482422,2392
2019-01-07,146.0,146.0,146.3249969482422,144.1999969482422,144.60000610351562,2186
2019-01-08,147.625,147.625,148.27499389648438,145.0749969482422,145.97500610351562,2584
2019-01-09,146.8249969482422,146.8249969482422,147.77499389648438,146.75,147.4250030517578,1337
2019-01-10,146.75,146.75,147.0,146.3249969482422,146.52499389648438,1522
2019-01-11,146.125,146.125,147.14999389648438,146.0749969482422,146.875,1623
2019-01-14,144.85000610351562,144.85000610351562,146.0,144.375,145.89999389648438,2825
2019-01-15,144.75,144.75,145.47500610351562,144.10000610351562,144.6999969482422,2527
2019-01-16,143.77499389648438,143.77499389648438,145.10000610351562,143.14999389648438,145.02499389648438,2910
2019-01-17,141.4250030517578,141.4250030517578,143.35000610351562,141.25,143.3249969482422,2062
2019-01-18,141.4499969482422,141.4499969482422,141.97500610351562,140.8249969482422,141.4250030517578,1087
2019-01-22,141.0500030517578,141.0500030517578,141.4250030517578,140.14999389648438,141.0,1189
2019-01-23,143.02499389648438,143.02499389648438,143.1999969482422,141.0749969482422,141.10000610351562,1395
2019-01-24,143.77499389648438,143.77499389648438,143.85000610351562,143.10000610351562,143.125,1039
2019-01-25,143.375,143.375,143.85000610351562,142.60000610351562,143.8249969482422,1220
2019-01-28,143.47500610351562,143.47500610351562,143.85000610351562,142.875,143.0749969482422,983
2019-01-29,142.64999389648438,142.64999389648438,143.47500610351562,142.5500030517578,143.27499389648438,925
2019-01-30,142.375,142.375,142.625,142.25,142.4499969482422,456
2019-01-31,142.10000610351562,142.10000610351562,142.35000610351562,142.02499389648438,142.25,11382
2019-02-01,142.52499389648438,142.52499389648438,143.125,142.1750030517578,142.5500030517578,5401
2019-02-04,144.22500610351562,144.22500610351562,145.27499389648438,142.52499389648438,142.52499389648438,8422
2019-02-05,143.8249969482422,143.8249969482422,144.8000030517578,143.25,144.4499969482422,5963
2019-02-06,143.1750030517578,143.1750030517578,144.5,143.02499389648438,143.8000030517578,4922
2019-02-07,143.25,143.25,143.77499389648438,142.75,143.22500610351562,6334
2019-02-08,144.10000610351562,144.10000610351562,144.3249969482422,143.27499389648438,143.60000610351562,5464
2019-02-11,144.6750030517578,144.6750030517578,144.875,143.9499969482422,144.125,6186
2019-02-12,144.39999389648438,144.39999389648438,144.89999389648438,144.10000610351562,144.8249969482422,6308
2019-02-13,143.52499389648438,143.52499389648438,144.25,143.39999389648438,144.125,6328
2019-02-14,144.0749969482422,144.0749969482422,144.3249969482422,142.625,143.52499389648438,5852
2019-02-15,142.60000610351562,142.60000610351562,144.22500610351562,141.9499969482422,144.10000610351562,7301
2019-02-19,143.75,143.75,144.64999389648438,142.10000610351562,142.5749969482422,7801
2019-02-20,143.875,143.875,144.125,143.22500610351562,143.6999969482422,4219
2019-02-21,143.22500610351562,143.22500610351562,144.1750030517578,142.6999969482422,143.5,5872
2019-02-22,142.89999389648438,142.89999389648438,143.4499969482422,142.6999969482422,143.35000610351562,7216
2019-02-25,142.5,142.5,143.5,142.27499389648438,143.0500030517578,6445
2019-02-26,143.4499969482422,143.4499969482422,143.5,142.1999969482422,142.8000030517578,4065
2019-02-27,143.875,143.875,144.0,143.35000610351562,143.35000610351562,3354
2019-02-28,142.875,142.875,143.5749969482422,142.35000610351562,143.5500030517578,4536
2019-03-01,141.22500610351562,141.22500610351562,143.10000610351562,140.64999389648438,143.0,5626
2019-03-04,141.1999969482422,141.1999969482422,141.75,140.6750030517578,141.47500610351562,3136
2019-03-05,140.875,140.875,141.4499969482422,140.6750030517578,141.4499969482422,2550
2019-03-06,140.64999389648438,140.64999389648438,141.1999969482422,140.60000610351562,141.0,1997
2019-03-07,142.89999389648438,142.89999389648438,143.0500030517578,140.4499969482422,140.8249969482422,2725
2019-03-08,143.9250030517578,143.9250030517578,144.02499389648438,142.14999389648438,142.3000030517578,2375
2019-03-11,142.3000030517578,142.3000030517578,143.22500610351562,141.75,143.1999969482422,2660
2019-03-12,141.3000030517578,141.3000030517578,142.39999389648438,140.77499389648438,142.0749969482422,2958
2019-03-13,141.5500030517578,141.5500030517578,142.27499389648438,141.1999969482422,141.22500610351562,2025
2019-03-14,141.10000610351562,141.10000610351562,141.625,140.625,141.3000030517578,1397
2019-03-15,141.3249969482422,141.3249969482422,142.125,140.375,141.0,2275
2019-03-18,141.64999389648438,141.64999389648438,142.3249969482422,141.0749969482422,141.3249969482422,1678
2019-03-19,142.25,142.25,143.0,141.52499389648438,141.64999389648438,1373
2019-03-20,142.25,142.25,142.3000030517578,141.1999969482422,142.0,1221
2019-03-21,142.77499389648438,142.77499389648438,143.5,142.14999389648438,142.4499969482422,1070
2019-03-22,143.0,143.0,144.0,142.52499389648438,143.5,1212
2019-03-25,142.1750030517578,142.1750030517578,143.3000030517578,142.14999389648438,142.52499389648438,1469
2019-03-26,142.75,142.75,142.9499969482422,142.5,142.6999969482422,892
2019-03-27,142.125,142.125,142.8000030517578,142.02499389648438,142.8000030517578,621
2019-03-28,141.97500610351562,141.97500610351562,142.1750030517578,141.9499969482422,142.125,1773
2019-03-29,145.25,145.25,146.0749969482422,145.0749969482422,146.0749969482422,1522
2019-04-01,145.4499969482422,145.4499969482422,147.1999969482422,145.0,145.3249969482422,1784
2019-04-02,144.85000610351562,144.85000610351562,146.3000030517578,144.02499389648438,146.0500030517578,2257
2019-04-03,144.75,144.75,145.25,143.8000030517578,145.0,1972
2019-04-04,146.3249969482422,146.3249969482422,147.10000610351562,144.89999389648438,145.0,2796
2019-04-05,146.14999389648438,146.14999389648438,147.14999389648438,145.39999389648438,146.1999969482422,1183
2019-04-08,146.72500610351562,146.72500610351562,146.9250030517578,145.8000030517578,145.97500610351562,924
2019-04-09,146.14999389648438,146.14999389648438,147.10000610351562,145.9250030517578,147.10000610351562,733
2019-04-10,145.1750030517578,145.1750030517578,145.85000610351562,145.0,145.85000610351562,754
2019-04-11,145.4250030517578,145.4250030517578,146.02499389648438,145.0,145.5,1129
2019-04-12,145.4250030517578,145.4250030517578,145.9250030517578,145.0,145.4250030517578,1148
2019-04-15,145.6750030517578,145.6750030517578,145.85000610351562,145.125,145.4250030517578,936
2019-04-16,145.6750030517578,145.6750030517578,145.85000610351562,145.375,145.60000610351562,810
2019-04-17,145.3249969482422,145.3249969482422,145.75,145.1999969482422,145.64999389648438,857
2019-04-18,145.6999969482422,145.6999969482422,145.875,145.4499969482422,145.4499969482422,5546
2019-04-22,150.8000030517578,150.8000030517578,151.60000610351562,150.14999389648438,151.1999969482422,4360
2019-04-23,149.625,149.625,151.0749969482422,149.1999969482422,150.75,3728
2019-04-24,146.52499389648438,146.52499389648438,149.47500610351562,146.0749969482422,149.39999389648438,4609
2019-04-25,143.5500030517578,143.5500030517578,146.3249969482422,143.125,146.3249969482422,3040
2019-04-26,143.9499969482422,143.9499969482422,145.4499969482422,142.97500610351562,143.5,2665
2019-04-29,143.39999389648438,143.39999389648438,144.64999389648438,143.0,144.39999389648438,2375
2019-04-30,141.60000610351562,141.60000610351562,143.75,141.4499969482422,143.64999389648438,1787
2019-05-01,141.375,141.375,142.5500030517578,141.14999389648438,142.27499389648438,1893
2019-05-02,138.97500610351562,138.97500610351562,141.5500030517578,138.85000610351562,141.39999389648438,2695
2019-05-03,137.14999389648438,137.14999389648438,138.875,137.0749969482422,138.77499389648438,2618
2019-05-06,136.02499389648438,136.02499389648438,138.0,133.6750030517578,135.64999389648438,2260
2019-05-07,137.3000030517578,137.3000030517578,137.85000610351562,136.0749969482422,136.4499969482422,1140
2019-05-08,135.77499389648438,135.77499389648438,138.1999969482422,135.47500610351562,137.25,922
2019-05-09,136.25,136.25,136.5,134.47500610351562,135.875,1732
2019-05-10,137.625,137.625,138.375,135.5,136.0749969482422,1163
2019-05-13,135.0500030517578,135.0500030517578,136.9499969482422,134.6999969482422,136.875,885
2019-05-14,136.0,136.0,136.85000610351562,135.10000610351562,135.10000610351562,1114
2019-05-15,135.9250030517578,135.9250030517578,136.75,135.125,135.8249969482422,1269
2019-05-16,134.22500610351562,134.22500610351562,135.3249969482422,132.4250030517578,135.0,1382
2019-05-17,134.52499389648438,134.52499389648438,135.0,133.9499969482422,134.1999969482422,1076
2019-05-20,134.14999389648438,134.14999389648438,134.52499389648438,133.6999969482422,134.52499389648438,1065
2019-05-21,134.375,134.375,134.75,133.9499969482422,134.60000610351562,1135
2019-05-22,135.4499969482422,135.4499969482422,135.8000030517578,133.89999389648438,134.3000030517578,1055
2019-05-23,135.60000610351562,135.60000610351562,135.9250030517578,135.25,135.6999969482422,4579
2019-05-24,143.22500610351562,143.22500610351562,144.3000030517578,142.5749969482422,143.02499389648438,4873
2019-05-28,142.22500610351562,142.22500610351562,144.1999969482422,141.52499389648438,144.14999389648438,7316
2019-05-29,142.72500610351562,142.72500610351562,143.02499389648438,140.125,141.10000610351562,8865
2019-05-30,138.22500610351562,138.22500610351562,143.4499969482422,138.22500610351562,142.75,7394
2019-05-31,133.125,133.125,138.97500610351562,132.14999389648438,138.02499389648438,11222
2019-06-03,133.5,133.5,135.9499969482422,132.4499969482422,134.5,10196
2019-06-04,137.4499969482422,137.4499969482422,137.875,133.64999389648438,134.0,7507
2019-06-05,139.4499969482422,139.4499969482422,139.64999389648438,137.10000610351562,138.02499389648438,7364
2019-06-06,139.27499389648438,139.27499389648438,140.27499389648438,136.5749969482422,139.97500610351562,6142
2019-06-07,137.25,137.25,140.1750030517578,135.9250030517578,139.1750030517578,5274
2019-06-10,139.8249969482422,139.8249969482422,141.0749969482422,137.1750030517578,137.5500030517578,8827
2019-06-11,138.125,138.125,140.89999389648438,137.6750030517578,139.8249969482422,5386
2019-06-12,137.8000030517578,137.8000030517578,138.77499389648438,134.52499389648438,138.35000610351562,7857
2019-06-13,136.22500610351562,136.22500610351562,137.39999389648438,134.6750030517578,137.0500030517578,6183
2019-06-14,135.52499389648438,135.52499389648438,136.625,134.64999389648438,135.77499389648438,4440
2019-06-17,136.9250030517578,136.9250030517578,137.22500610351562,134.125,134.4499969482422,6817
2019-06-18,137.25,137.25,138.5,136.64999389648438,137.625,4062
2019-06-19,136.52499389648438,136.52499389648438,137.875,135.72500610351562,137.39999389648438,3888
2019-06-20,134.6999969482422,134.6999969482422,137.14999389648438,134.5749969482422,136.77499389648438,4525
2019-06-21,133.6750030517578,133.6750030517578,135.1750030517578,132.4250030517578,134.6999969482422,5408
2019-06-24,131.77499389648438,131.77499389648438,133.6750030517578,130.9499969482422,133.375,5791
2019-06-25,131.3249969482422,131.3249969482422,132.3000030517578,131.10000610351562,132.1999969482422,4183
2019-06-26,135.8249969482422,135.8249969482422,135.8249969482422,132.0500030517578,132.1999969482422,6270
2019-06-27,135.8000030517578,135.8000030517578,137.25,135.60000610351562,136.5749969482422,5535
2019-06-28,136.85000610351562,136.85000610351562,139.89999389648438,134.39999389648438,136.10000610351562,9522
2019-07-01,137.02499389648438,137.02499389648438,139.35000610351562,136.0500030517578,137.5,6750
2019-07-02,138.375,138.375,138.75,136.52499389648438,136.9250030517578,5420
2019-07-03,136.5749969482422,136.5749969482422,138.60000610351562,136.02499389648438,138.4250030517578,4250
2019-07-05,138.8249969482422,138.8249969482422,139.1999969482422,137.3249969482422,137.35000610351562,4333
2019-07-08,138.89999389648438,138.89999389648438,139.64999389648438,137.875,138.5,6533
2019-07-09,142.875,142.875,143.3000030517578,139.22500610351562,139.39999389648438,11168
2019-07-10,142.35000610351562,142.35000610351562,143.10000610351562,141.9250030517578,142.85000610351562,7863
2019-07-11,142.625,142.625,143.75,142.0500030517578,143.10000610351562,6386
2019-07-12,141.60000610351562,141.60000610351562,142.8000030517578,140.4499969482422,142.72500610351562,6962
2019-07-15,141.64999389648438,141.64999389648438,142.22500610351562,140.35000610351562,141.5,4098
2019-07-16,141.0500030517578,141.0500030517578,142.39999389648438,140.8000030517578,142.35000610351562,3633
2019-07-17,140.5749969482422,140.5749969482422,140.89999389648438,138.89999389648438,140.625,3901
2019-07-18,139.4250030517578,139.4250030517578,141.375,139.0500030517578,141.27499389648438,3300
2019-07-19,139.97500610351562,139.97500610351562,140.39999389648438,139.125,139.4250030517578,3727
2019-07-22,142.1750030517578,142.1750030517578,142.3249969482422,139.625,140.10000610351562,4238
2019-07-23,142.1999969482422,142.1999969482422,142.35000610351562,140.9250030517578,142.0,3281
2019-07-24,142.8249969482422,142.8249969482422,142.9499969482422,141.4499969482422,141.89999389648438,2598
2019-07-25,142.8000030517578,142.8000030517578,143.6999969482422,142.375,142.75,3715
2019-07-26,143.72500610351562,143.72500610351562,143.875,142.4250030517578,143.0,4989
2019-07-29,142.3000030517578,142.3000030517578,143.89999389648438,142.14999389648438,143.72500610351562,3915
2019-07-30,143.10000610351562,143.10000610351562,143.75,141.22500610351562,142.3249969482422,2821
2019-07-31,141.52499389648438,141.52499389648438,143.35000610351562,140.8249969482422,143.0749969482422,2594
2019-08-01,141.22500610351562,141.22500610351562,143.125,140.0500030517578,141.1999969482422,2877
2019-08-02,139.625,139.625,141.8000030517578,138.5,141.8000030517578,2412
2019-08-05,140.52499389648438,140.52499389648438,142.5,135.8000030517578,139.27499389648438,3105
2019-08-06,139.97500610351562,139.97500610351562,141.97500610351562,139.1999969482422,140.85000610351562,1633
2019-08-07,139.5500030517578,139.5500030517578,141.5,139.02499389648438,139.89999389648438,1277
2019-08-08,139.85000610351562,139.85000610351562,140.47500610351562,139.35000610351562,139.625,832
2019-08-09,138.89999389648438,138.89999389648438,140.27499389648438,138.64999389648438,139.875,968
2019-08-12,134.39999389648438,134.39999389648438,134.39999389648438,134.39999389648438,134.39999389648438,866
2019-08-13,127.7249984741211,127.7249984741211,134.22500610351562,127.6500015258789,134.0,2103
2019-08-14,134.47500610351562,134.47500610351562,134.47500610351562,129.6750030517578,129.6750030517578,2286
2019-08-15,135.77499389648438,135.77499389648438,137.77499389648438,134.3249969482422,134.97500610351562,2102
2019-08-16,134.5749969482422,134.5749969482422,136.85000610351562,134.27499389648438,136.25,659
2019-08-19,135.6750030517578,135.6750030517578,136.97500610351562,135.625,136.5,754
2019-08-20,136.3000030517578,136.3000030517578,137.25,135.77499389648438,136.27499389648438,1319
2019-08-21,137.375,137.375,137.4499969482422,136.4250030517578,136.85000610351562,678
2019-08-22,138.39999389648438,138.39999389648438,138.5500030517578,137.39999389648438,137.60000610351562,891
2019-08-23,137.35000610351562,137.35000610351562,138.72500610351562,136.64999389648438,138.5500030517578,1029
2019-08-26,138.64999389648438,138.64999389648438,138.89999389648438,137.89999389648438,138.5,738
2019-08-27,138.5500030517578,138.5500030517578,138.89999389648438,138.4250030517578,138.875,757
2019-08-28,138.75,138.75,139.35000610351562,138.35000610351562,138.6999969482422,667
2019-08-29,138.75,138.75,138.85000610351562,138.5,138.6750030517578,1549
2019-08-30,132.39999389648438,132.39999389648438,134.89999389648438,131.8249969482422,133.9499969482422,1694
2019-09-03,134.14999389648438,134.14999389648438,134.89999389648438,132.5500030517578,133.125,1447
2019-09-04,135.5500030517578,135.5500030517578,135.89999389648438,134.1750030517578,134.1999969482422,1508
2019-09-05,134.39999389648438,134.39999389648438,135.4499969482422,133.10000610351562,135.3000030517578,1484
2019-09-06,133.35000610351562,133.35000610351562,134.625,132.25,134.375,1407
2019-09-09,132.8249969482422,132.8249969482422,133.5749969482422,131.1750030517578,133.125,1595
2019-09-10,133.89999389648438,133.89999389648438,134.85000610351562,132.0,132.3249969482422,1002
2019-09-11,136.0749969482422,136.0749969482422,136.72500610351562,134.10000610351562,134.4499969482422,1682
2019-09-12,136.85000610351562,136.85000610351562,137.75,136.0,136.5,921
2019-09-13,136.5,136.5,137.22500610351562,136.35000610351562,136.75,636
2019-09-16,136.5500030517578,136.5500030517578,137.0,136.0500030517578,136.3000030517578,443
2019-09-17,139.1750030517578,139.1750030517578,139.75,136.5500030517578,136.625,1097
2019-09-18,139.875,139.875,139.89999389648438,138.47500610351562,138.6999969482422,625
2019-09-19,139.9499969482422,139.9499969482422,140.22500610351562,139.1999969482422,139.60000610351562,450
2019-09-20,140.3249969482422,140.3249969482422,140.5749969482422,139.89999389648438,140.02499389648438,706
2019-09-23,141.60000610351562,141.60000610351562,141.75,140.5749969482422,140.9499969482422,554
2019-09-24,141.25,141.25,141.4499969482422,141.10000610351562,141.35000610351562,434
2019-09-25,141.5749969482422,141.5749969482422,141.64999389648438,141.0500030517578,141.25,234
2019-09-26,141.5,141.5,141.6999969482422,141.47500610351562,141.60000610351562,4438
2019-09-27,144.3249969482422,144.3249969482422,144.72500610351562,142.77499389648438,143.39999389648438,4929
2019-09-30,142.39999389648438,142.39999389648438,144.625,142.14999389648438,144.3000030517578,4046
2019-10-01,140.97500610351562,140.97500610351562,142.97500610351562,140.72500610351562,142.5500030517578,2661
2019-10-02,142.0749969482422,142.0749969482422,142.5,140.5,141.0749969482422,2451
2019-10-03,142.35000610351562,142.35000610351562,142.60000610351562,141.6750030517578,142.5,1332
2019-10-04,141.97500610351562,141.97500610351562,142.6999969482422,141.5,142.60000610351562,1447
2019-10-07,141.6999969482422,141.6999969482422,142.375,141.1750030517578,142.25,1450
2019-10-08,142.02499389648438,142.02499389648438,142.47500610351562,141.22500610351562,141.5749969482422,1010
2019-10-09,144.5,144.5,145.4250030517578,142.22500610351562,142.3000030517578,2814
2019-10-10,144.3000030517578,144.3000030517578,145.0749969482422,143.375,144.52499389648438,1412
2019-10-11,144.10000610351562,144.10000610351562,144.72500610351562,143.5,144.27499389648438,844
2019-10-14,145.5500030517578,145.5500030517578,146.39999389648438,144.0749969482422,144.4250030517578,1030
2019-10-15,145.0,145.0,146.22500610351562,144.77499389648438,145.97500610351562,881
2019-10-16,145.22500610351562,145.22500610351562,145.8249969482422,144.10000610351562,144.89999389648438,803
2019-10-17,144.1999969482422,144.1999969482422,145.0,143.14999389648438,145.0,1381
2019-10-18,143.5,143.5,144.52499389648438,142.5500030517578,144.52499389648438,910
2019-10-21,143.4250030517578,143.4250030517578,144.0749969482422,142.8000030517578,143.75,418
2019-10-22,143.6999969482422,143.6999969482422,144.39999389648438,143.125,143.4499969482422,494
2019-10-23,145.02499389648438,145.02499389648438,145.10000610351562,142.8249969482422,143.0,673
2019-10-24,145.22500610351562,145.22500610351562,145.8000030517578,144.8000030517578,145.0749969482422,626
2019-10-25,145.6999969482422,145.6999969482422,146.39999389648438,145.14999389648438,145.35000610351562,603
2019-10-28,145.39999389648438,145.39999389648438,145.6999969482422,145.25,145.6999969482422,395
2019-10-29,145.4250030517578,145.4250030517578,145.60000610351562,145.0500030517578,145.35000610351562,430
2019-10-30,146.02499389648438,146.02499389648438,146.1999969482422,145.39999389648438,145.64999389648438,587
2019-10-31,145.9499969482422,145.9499969482422,146.1750030517578,145.875,146.02499389648438,2205
2019-11-01,149.125,149.125,149.39999389648438,146.9250030517578,147.60000610351562,2021
2019-11-04,149.0749969482422,149.0749969482422,149.27499389648438,148.14999389648438,149.0500030517578,842
2019-11-05,147.85000610351562,147.85000610351562,149.0,147.5,148.89999389648438,2144
2019-11-06,146.8000030517578,146.8000030517578,147.85000610351562,146.14999389648438,147.8249969482422,2144
2019-11-07,146.77499389648438,146.77499389648438,147.64999389648438,146.47500610351562,147.25,1863
2019-11-08,147.0,147.0,147.25,146.39999389648438,146.4250030517578,761
2019-11-11,147.5749969482422,147.5749969482422,147.85000610351562,146.9499969482422,147.14999389648438,1324
2019-11-12,147.8000030517578,147.8000030517578,148.22500610351562,147.35000610351562,147.85000610351562,1181
2019-11-13,145.5749969482422,145.5749969482422,148.0,145.10000610351562,148.0,2013
2019-11-14,146.625,146.625,146.875,145.5749969482422,145.625,710
2019-11-15,146.25,146.25,146.60000610351562,146.0500030517578,146.60000610351562,1115
2019-11-18,146.375,146.375,146.5,145.6999969482422,146.1999969482422,760
2019-11-19,146.60000610351562,146.60000610351562,146.75,146.14999389648438,146.75,962
2019-11-20,146.60000610351562,146.60000610351562,147.0,146.5,146.8000030517578,667
2019-11-21,145.52499389648438,145.52499389648438,146.14999389648438,145.1750030517578,146.14999389648438,4801
2019-11-22,139.27499389648438,139.27499389648438,142.375,138.27499389648438,142.375,9231
2019-11-25,141.97500610351562,141.97500610351562,143.3000030517578,139.625,139.875,8935
2019-11-26,141.625,141.625,142.39999389648438,140.75,142.10000610351562,3768
2019-11-27,143.3249969482422,143.3249969482422,143.64999389648438,141.8000030517578,141.8000030517578,4635
2019-11-29,142.27499389648438,142.27499389648438,143.6999969482422,141.8249969482422,143.47500610351562,4011
2019-12-02,142.14999389648438,142.14999389648438,142.60000610351562,140.35000610351562,142.10000610351562,5517
2019-12-03,142.375,142.375,143.27499389648438,141.27499389648438,141.8000030517578,5957
2019-12-04,140.875,140.875,142.89999389648438,140.35000610351562,142.375,6328
2019-12-05,140.5500030517578,140.5500030517578,141.5749969482422,139.89999389648438,140.60000610351562,5813
2019-12-06,141.5500030517578,141.5500030517578,141.9499969482422,140.125,141.0,7883
2019-12-09,141.52499389648438,141.52499389648438,142.14999389648438,140.47500610351562,141.0,7356
2019-12-10,141.64999389648438,141.64999389648438,142.5,140.9250030517578,141.4250030517578,5993
2019-12-11,142.77499389648438,142.77499389648438,142.97500610351562,141.52499389648438,142.0500030517578,5012
2019-12-12,142.5500030517578,142.5500030517578,143.02499389648438,141.77499389648438,142.77499389648438,7450
2019-12-13,145.6750030517578,145.6750030517578,146.64999389648438,142.52499389648438,142.8000030517578,12226
2019-12-16,145.25,145.25,146.5500030517578,144.89999389648438,146.0,4946
2019-12-17,145.14999389648438,145.14999389648438,146.39999389648438,144.97500610351562,145.64999389648438,4625
2019-12-18,144.5500030517578,144.5500030517578,145.5,144.4250030517578,144.97500610351562,4163
2019-12-19,144.72500610351562,144.72500610351562,145.4499969482422,144.3000030517578,144.47500610351562,3736
2019-12-20,144.27499389648438,144.27499389648438,144.875,143.85000610351562,144.77499389648438,2847
2019-12-23,143.52499389648438,143.52499389648438,143.9250030517578,143.25,143.3000030517578,3142
2019-12-24,143.5749969482422,143.5749969482422,143.89999389648438,143.125,143.52499389648438,2077
2019-12-26,145.4499969482422,145.4499969482422,145.6999969482422,143.35000610351562,143.5749969482422,3795
2019-12-27,145.5500030517578,145.5500030517578,145.8249969482422,145.0,145.5500030517578,4163
2019-12-30,145.4250030517578,145.4250030517578,145.89999389648438,145.02499389648438,145.5,3396
2019-12-31,145.3249969482422,145.3249969482422,145.97500610351562,145.0,145.25,2222
2020-01-02,144.64999389648438,144.64999389648438,145.85000610351562,142.77499389648438,145.47500610351562,4062
2020-01-03,143.35000610351562,143.35000610351562,144.3249969482422,143.27499389648438,144.125,1598
2020-01-06,147.4250030517578,147.4250030517578,147.8249969482422,143.39999389648438,143.72500610351562,5673
2020-01-07,145.89999389648438,145.89999389648438,147.27499389648438,145.25,147.0,2220
2020-01-08,146.8249969482422,146.8249969482422,147.10000610351562,145.5500030517578,145.89999389648438,1748
2020-01-09,146.9250030517578,146.9250030517578,147.52499389648438,146.14999389648438,146.60000610351562,1551
2020-01-10,147.60000610351562,147.60000610351562,147.8000030517578,146.10000610351562,146.6750030517578,1423
2020-01-13,146.02499389648438,146.02499389648438,147.25,145.8000030517578,147.25,1712
2020-01-14,145.89999389648438,145.89999389648438,146.1999969482422,145.27499389648438,145.89999389648438,1147
2020-01-15,145.4250030517578,145.4250030517578,146.625,144.60000610351562,145.89999389648438,2652
2020-01-16,145.4250030517578,145.4250030517578,145.75,143.39999389648438,145.6750030517578,1230
2020-01-17,145.35000610351562,145.35000610351562,145.5749969482422,144.60000610351562,145.14999389648438,439
2020-01-21,145.0749969482422,145.0749969482422,145.25,144.625,145.14999389648438,682
2020-01-22,143.9250030517578,143.9250030517578,145.0,143.85000610351562,145.0,732
2020-01-23,142.77499389648438,142.77499389648438,144.5,142.72500610351562,144.125,1120
2020-01-24,141.85000610351562,141.85000610351562,143.125,141.72500610351562,142.77499389648438,988
2020-01-27,141.89999389648438,141.89999389648438,142.39999389648438,141.8000030517578,142.0,829
2020-01-28,142.0500030517578,142.0500030517578,142.39999389648438,141.77499389648438,141.77499389648438,582
2020-01-29,142.10000610351562,142.10000610351562,142.5,141.875,142.375,301
2020-01-30,142.4499969482422,142.4499969482422,142.52499389648438,142.25,142.3000030517578,6003
2020-01-31,136.0749969482422,136.0749969482422,137.77499389648438,135.4499969482422,135.64999389648438,7062
2020-02-03,136.64999389648438,136.64999389648438,137.3000030517578,133.64999389648438,136.35000610351562,11246
2020-02-04,137.5,137.5,138.0749969482422,136.39999389648438,137.10000610351562,8183
2020-02-05,135.6750030517578,135.6750030517578,138.0749969482422,135.5,137.89999389648438,5649
2020-02-06,135.89999389648438,135.89999389648438,136.9499969482422,135.27499389648438,135.89999389648438,4421
2020-02-07,135.1999969482422,135.1999969482422,136.0749969482422,135.0,135.9250030517578,5847
2020-02-10,135.6999969482422,135.6999969482422,135.8249969482422,134.375,134.9250030517578,7610
2020-02-11,134.6750030517578,134.6750030517578,136.89999389648438,134.52499389648438,135.64999389648438,6962
2020-02-12,135.0500030517578,135.0500030517578,135.52499389648438,134.1750030517578,134.85000610351562,5881
2020-02-13,136.3249969482422,136.3249969482422,136.77499389648438,134.1999969482422,135.02499389648438,7808
2020-02-14,138.52499389648438,138.52499389648438,139.64999389648438,136.77499389648438,136.77499389648438,8409
2020-02-18,139.3000030517578,139.3000030517578,139.5500030517578,138.6750030517578,139.10000610351562,4434
2020-02-19,140.77499389648438,140.77499389648438,140.9499969482422,139.0500030517578,139.5,5855
2020-02-20,140.8000030517578,140.8000030517578,141.3249969482422,139.52499389648438,140.9499969482422,5142
2020-02-21,140.1999969482422,140.1999969482422,140.9250030517578,139.64999389648438,140.6999969482422,6242
2020-02-24,136.02499389648438,136.02499389648438,138.02499389648438,135.6999969482422,137.89999389648438,6750
2020-02-25,132.97500610351562,132.97500610351562,137.22500610351562,131.77499389648438,136.6999969482422,6250
2020-02-26,134.0749969482422,134.0749969482422,135.375,133.0,133.47500610351562,3809
2020-02-27,132.5749969482422,132.5749969482422,134.47500610351562,129.5749969482422,132.4250030517578,4108
2020-02-28,131.27499389648438,131.27499389648438,134.4499969482422,128.72500610351562,130.0,4060
2020-03-02,133.72500610351562,133.72500610351562,135.75,132.25,132.89999389648438,2337
2020-03-03,133.52499389648438,133.52499389648438,136.02499389648438,133.0500030517578,134.75,2718
2020-03-04,134.85000610351562,134.85000610351562,135.5,134.0,134.625,2096
2020-03-05,133.625,133.625,134.6999969482422,133.0500030517578,134.0,1102
2020-03-06,130.6999969482422,130.6999969482422,132.85000610351562,130.3000030517578,132.4499969482422,1571
2020-03-09,126.19999694824219,126.19999694824219,129.6750030517578,126.19999694824219,126.19999694824219,1869
2020-03-10,127.75,127.75,131.3000030517578,127.125,128.1999969482422,1311
2020-03-11,123.32499694824219,123.32499694824219,128.0,123.25,127.5,1216
2020-03-12,118.82499694824219,118.82499694824219,120.875,118.82499694824219,120.875,1400
2020-03-13,113.0,113.0,123.94999694824219,112.07499694824219,122.5,2230
2020-03-16,108.5,108.5,116.7750015258789,108.5,108.5,1176
2020-03-17,113.55000305175781,113.55000305175781,115.25,109.67500305175781,109.67500305175781,842
2020-03-18,112.57499694824219,112.57499694824219,118.05000305175781,112.05000305175781,113.55000305175781,1044
2020-03-19,117.07499694824219,117.07499694824219,117.07499694824219,115.5,117.05000305175781,292
2020-03-20,120.7249984741211,120.7249984741211,123.82499694824219,118.5250015258789,119.5,1020
2020-03-23,125.2249984741211,125.2249984741211,125.2249984741211,123.7249984741211,123.7249984741211,537
2020-03-24,130.22500610351562,130.22500610351562,130.72500610351562,127.0250015258789,129.3000030517578,1292
2020-03-25,132.0749969482422,132.0749969482422,132.5749969482422,130.0,130.0,944
2020-03-26,130.8000030517578,130.8000030517578,132.125,130.5,132.0,2772
2020-03-27,120.5999984741211,120.5999984741211,123.32499694824219,120.5999984741211,123.0,1510
2020-03-30,120.05000305175781,120.05000305175781,122.0,117.625,119.625,1858
2020-03-31,121.92500305175781,121.92500305175781,123.05000305175781,116.5999984741211,120.05000305175781,1328
2020-04-01,117.42500305175781,117.42500305175781,119.2249984741211,117.42500305175781,118.5,796
2020-04-02,110.67500305175781,110.67500305175781,116.2750015258789,110.67500305175781,116.2750015258789,1503
2020-04-03,108.25,108.25,115.9749984741211,106.55000305175781,110.125,1150
2020-04-06,110.42500305175781,110.42500305175781,112.57499694824219,103.94999694824219,105.07499694824219,934
2020-04-07,114.92500305175781,114.92500305175781,114.92500305175781,113.5,113.5,483
2020-04-08,119.875,119.875,121.67500305175781,117.375,117.375,1960
2020-04-09,119.5250015258789,119.5250015258789,120.19999694824219,116.57499694824219,118.0,824
2020-04-13,115.0250015258789,115.0250015258789,116.125,115.0250015258789,115.1500015258789,367
2020-04-14,116.4000015258789,116.4000015258789,118.9749984741211,112.42500305175781,113.7750015258789,547
2020-04-15,115.80000305175781,115.80000305175781,117.05000305175781,114.125,116.0,810
2020-04-16,118.25,118.25,120.30000305175781,116.75,116.8499984741211,543
2020-04-17,119.5250015258789,119.5250015258789,121.0999984741211,118.19999694824219,120.1500015258789,457
2020-04-20,118.32499694824219,118.32499694824219,120.75,117.9000015258789,119.94999694824219,270
2020-04-21,117.9000015258789,117.9000015258789,118.25,115.0,116.8499984741211,400
2020-04-22,118.4749984741211,118.4749984741211,119.5999984741211,117.5,119.0,251
2020-04-23,119.42500305175781,119.42500305175781,121.19999694824219,118.05000305175781,118.25,500
2020-04-24,119.80000305175781,119.80000305175781,120.125,118.32499694824219,119.4000015258789,266
2020-04-27,120.4000015258789,120.4000015258789,121.875,119.5,120.25,237
2020-04-28,119.625,119.625,120.4749984741211,119.4000015258789,119.75,256
2020-04-29,119.55000305175781,119.55000305175781,119.9000015258789,119.3499984741211,119.69999694824219,108
2020-04-30,119.17500305175781,119.17500305175781,119.30000305175781,118.94999694824219,119.30000305175781,1513
2020-05-01,117.82499694824219,117.82499694824219,120.80000305175781,117.0,117.7249984741211,1504
2020-05-04,119.07499694824219,119.07499694824219,119.5,118.07499694824219,118.69999694824219,865
2020-05-05,119.5999984741211,119.5999984741211,119.69999694824219,116.0999984741211,119.57499694824219,1147
2020-05-06,124.0999984741211,124.0999984741211,124.0999984741211,118.80000305175781,119.0999984741211,1529
2020-05-07,130.27499389648438,130.27499389648438,130.85000610351562,125.125,125.125,2526
2020-05-08,127.9000015258789,127.9000015258789,130.375,127.6500015258789,130.1750030517578,1238
2020-05-11,123.6500015258789,123.6500015258789,128.25,123.4749984741211,128.02499389648438,903
2020-05-12,127.30000305175781,127.30000305175781,127.5999984741211,123.7750015258789,123.9000015258789,734
2020-05-13,125.30000305175781,125.30000305175781,127.4749984741211,124.92500305175781,127.1500015258789,600
2020-05-14,123.80000305175781,123.80000305175781,125.55000305175781,123.5250015258789,125.0,597
2020-05-15,124.7249984741211,124.7249984741211,125.42500305175781,123.80000305175781,124.3499984741211,777
2020-05-18,126.5999984741211,126.5999984741211,127.0,125.5,126.17500305175781,647
2020-05-19,127.42500305175781,127.42500305175781,127.5,126.9000015258789,127.1500015258789,586
2020-05-20,126.0,126.0,127.69999694824219,125.8499984741211,127.1500015258789,1142
2020-05-21,126.0250015258789,126.0250015258789,126.0250015258789,125.8499984741211,126.0,3278
2020-05-22,128.8000030517578,128.8000030517578,129.97500610351562,128.5,128.6999969482422,2500
2020-05-26,133.3000030517578,133.3000030517578,133.3000030517578,129.60000610351562,129.77499389648438,3973
2020-05-27,134.02499389648438,134.02499389648438,135.0,133.02499389648438,134.1999969482422,3141
2020-05-28,135.5,135.5,136.02499389648438,133.3000030517578,134.1999969482422,4049
2020-05-29,135.35000610351562,135.35000610351562,135.75,132.60000610351562,135.47500610351562,5958
2020-06-01,136.125,136.125,136.72500610351562,132.52499389648438,134.39999389648438,4875
2020-06-02,133.4250030517578,133.4250030517578,136.35000610351562,133.1750030517578,135.77499389648438,4484
2020-06-03,134.22500610351562,134.22500610351562,134.5749969482422,132.60000610351562,134.0,3580
2020-06-04,134.72500610351562,134.72500610351562,135.3249969482422,133.625,133.6750030517578,2923
2020-06-05,134.1750030517578,134.1750030517578,135.5,133.35000610351562,135.25,3357
2020-06-08,133.0749969482422,133.0749969482422,134.3249969482422,132.6750030517578,134.0749969482422,2622
2020-06-09,134.25,134.25,134.875,131.52499389648438,132.75,3131
2020-06-10,132.6750030517578,132.6750030517578,134.75,131.5749969482422,134.22500610351562,3532
2020-06-11,132.1750030517578,132.1750030517578,132.35000610351562,130.125,131.39999389648438,3914
2020-06-12,131.10000610351562,131.10000610351562,133.5,130.64999389648438,132.35000610351562,3356
2020-06-15,131.1750030517578,131.1750030517578,131.75,128.6750030517578,130.47500610351562,4898
2020-06-16,132.875,132.875,133.0,131.4250030517578,132.1750030517578,3193
2020-06-17,133.5749969482422,133.5749969482422,133.85000610351562,131.6999969482422,132.3000030517578,3057
2020-06-18,132.97500610351562,132.97500610351562,133.75,132.4499969482422,133.75,2130
2020-06-19,132.5500030517578,132.5500030517578,133.5500030517578,132.125,132.5,2318
2020-06-22,131.75,131.75,132.6750030517578,131.125,131.14999389648438,3489
2020-06-23,133.1999969482422,133.1999969482422,135.375,131.02499389648438,131.625,6963
2020-06-24,132.875,132.875,134.4499969482422,131.8000030517578,133.1999969482422,3898
2020-06-25,133.25,133.25,134.39999389648438,132.4250030517578,132.9499969482422,3071
2020-06-26,132.60000610351562,132.60000610351562,133.5749969482422,132.125,132.97500610351562,3523
2020-06-29,133.5,133.5,133.89999389648438,130.4499969482422,132.72500610351562,4727
2020-06-30,132.85000610351562,132.85000610351562,135.6750030517578,132.27499389648438,133.47500610351562,7247
2020-07-01,133.0749969482422,133.0749969482422,133.9499969482422,130.77499389648438,132.89999389648438,5060
2020-07-02,134.875,134.875,136.0,132.625,133.25,4730
2020-07-06,136.14999389648438,136.14999389648438,136.6750030517578,134.97500610351562,135.8000030517578,4166
2020-07-07,134.9250030517578,134.9250030517578,136.39999389648438,134.85000610351562,135.8249969482422,3779
2020-07-08,134.0500030517578,134.0500030517578,135.22500610351562,133.10000610351562,135.0,6910
2020-07-09,134.52499389648438,134.52499389648438,135.4250030517578,133.8000030517578,134.1750030517578,5534
2020-07-10,135.75,135.75,136.0500030517578,134.4250030517578,134.85000610351562,4604
2020-07-13,137.0500030517578,137.0500030517578,137.85000610351562,136.0,136.14999389648438,6320
2020-07-14,136.72500610351562,136.72500610351562,137.52499389648438,136.5749969482422,136.89999389648438,5191
2020-07-15,139.4250030517578,139.4250030517578,139.8249969482422,136.64999389648438,136.75,5101
2020-07-16,142.60000610351562,142.60000610351562,143.8249969482422,138.9250030517578,139.375,7822
2020-07-17,142.6999969482422,142.6999969482422,142.97500610351562,141.1999969482422,142.4499969482422,3973
2020-07-20,141.60000610351562,141.60000610351562,142.6999969482422,139.4250030517578,142.47500610351562,4930
2020-07-21,141.3249969482422,141.3249969482422,142.35000610351562,140.72500610351562,141.60000610351562,3290
2020-07-22,141.52499389648438,141.52499389648438,142.02499389648438,140.77499389648438,141.35000610351562,4214
2020-07-23,142.02499389648438,142.02499389648438,143.0749969482422,141.52499389648438,141.75,3546
2020-07-24,142.0500030517578,142.0500030517578,143.6999969482422,141.5500030517578,141.75,3699
2020-07-27,139.35000610351562,139.35000610351562,143.85000610351562,139.10000610351562,143.6999969482422,4635
2020-07-28,140.6999969482422,140.6999969482422,141.60000610351562,139.47500610351562,139.625,2829
2020-07-29,141.97500610351562,141.97500610351562,142.47500610351562,140.8000030517578,141.375,1528
2020-07-30,143.02499389648438,143.02499389648438,143.5,141.4250030517578,141.77499389648438,1718
2020-07-31,144.6750030517578,144.6750030517578,144.89999389648438,142.64999389648438,143.14999389648438,1481
2020-08-03,144.875,144.875,145.47500610351562,144.22500610351562,144.52499389648438,1503
2020-08-04,144.6999969482422,144.6999969482422,145.39999389648438,144.0749969482422,144.875,1079
2020-08-05,144.8000030517578,144.8000030517578,145.1750030517578,144.10000610351562,144.5,819
2020-08-06,143.47500610351562,143.47500610351562,145.97500610351562,143.1999969482422,145.10000610351562,2080
2020-08-07,142.72500610351562,142.72500610351562,143.9250030517578,142.5,143.5749969482422,1243
2020-08-10,143.5749969482422,143.5749969482422,143.8249969482422,142.25,142.8249969482422,1028
2020-08-11,144.5,144.5,145.10000610351562,143.10000610351562,143.9499969482422,1257
2020-08-12,145.25,145.25,146.39999389648438,144.39999389648438,144.77499389648438,1595
2020-08-13,144.9499969482422,144.9499969482422,145.85000610351562,144.60000610351562,145.75,846
2020-08-14,143.9250030517578,143.9250030517578,145.125,143.64999389648438,144.875,570
2020-08-17,142.72500610351562,142.72500610351562,144.1999969482422,142.5500030517578,144.1999969482422,719
2020-08-18,143.22500610351562,143.22500610351562,143.4499969482422,142.72500610351562,142.9250030517578,387
2020-08-19,143.5500030517578,143.5500030517578,144.0500030517578,143.25,143.25,283
2020-08-20,143.4250030517578,143.4250030517578,143.75,143.22500610351562,143.72500610351562,501
2020-08-21,142.9250030517578,142.9250030517578,143.72500610351562,142.75,143.35000610351562,607
2020-08-24,142.0,142.0,142.39999389648438,141.14999389648438,142.14999389648438,1105
2020-08-25,142.25,142.25,142.5,141.5749969482422,141.89999389648438,650
2020-08-26,142.47500610351562,142.47500610351562,142.8000030517578,142.02499389648438,142.64999389648438,776
2020-08-27,141.97500610351562,141.97500610351562,142.39999389648438,141.97500610351562,142.39999389648438,2024
2020-08-28,140.02499389648438,140.02499389648438,141.39999389648438,139.60000610351562,141.39999389648438,1150
2020-08-31,140.3000030517578,140.3000030517578,141.375,138.6999969482422,139.3249969482422,968
2020-09-01,140.125,140.125,141.5500030517578,139.125,140.47500610351562,1348
2020-09-02,138.6999969482422,138.6999969482422,140.5749969482422,137.5,140.4250030517578,1525
2020-09-03,137.60000610351562,137.60000610351562,139.5500030517578,137.0500030517578,138.6999969482422,1321
2020-09-04,137.64999389648438,137.64999389648438,138.25,136.85000610351562,137.875,1380
2020-09-08,138.9499969482422,138.9499969482422,139.1750030517578,137.64999389648438,137.875,1203
2020-09-09,138.39999389648438,138.39999389648438,139.4499969482422,137.22500610351562,138.9250030517578,1356
2020-09-10,139.1750030517578,139.1750030517578,140.0,138.39999389648438,138.39999389648438,1011
2020-09-11,140.0,140.0,140.22500610351562,139.35000610351562,139.5,465
2020-09-14,141.5,141.5,142.0,140.125,140.8249969482422,664
2020-09-15,141.6750030517578,141.6750030517578,142.125,140.9499969482422,142.125,758
2020-09-16,140.5,140.5,141.89999389648438,140.375,141.89999389648438,575
2020-09-17,139.9250030517578,139.9250030517578,140.85000610351562,139.39999389648438,140.3000030517578,770
2020-09-18,140.875,140.875,141.75,140.3000030517578,140.3000030517578,993
2020-09-21,141.0749969482422,141.0749969482422,141.1999969482422,140.14999389648438,140.8000030517578,700
2020-09-22,141.6999969482422,141.6999969482422,142.125,141.35000610351562,141.5500030517578,819
2020-09-23,142.0,142.0,142.1999969482422,141.47500610351562,141.72500610351562,457
2020-09-24,142.4499969482422,142.4499969482422,142.5,142.1999969482422,142.1999969482422,3149
2020-09-25,140.3249969482422,140.3249969482422,142.3249969482422,140.25,142.1999969482422,3697
2020-09-28,140.9250030517578,140.9250030517578,141.0500030517578,139.22500610351562,139.5,3347
2020-09-29,142.9250030517578,142.9250030517578,143.64999389648438,140.97500610351562,141.25,2785
2020-09-30,141.35000610351562,141.35000610351562,143.4499969482422,140.5500030517578,143.3000030517578,1880
2020-10-01,140.9250030517578,140.9250030517578,141.9499969482422,140.625,141.0749969482422,1463
2020-10-02,139.89999389648438,139.89999389648438,140.6999969482422,139.5,139.9499969482422,1216
2020-10-05,140.0500030517578,140.0500030517578,140.77499389648438,139.6999969482422,140.5,928
2020-10-06,138.125,138.125,140.875,137.14999389648438,140.5,2046
2020-10-07,138.5,138.5,138.8000030517578,136.8000030517578,138.14999389648438,1065
2020-10-08,138.0500030517578,138.0500030517578,138.875,137.8000030517578,138.1750030517578,1360
2020-10-09,138.25,138.25,138.60000610351562,137.3000030517578,138.0,1233
2020-10-12,137.3000030517578,137.3000030517578,138.6750030517578,137.0,138.6750030517578,1220
2020-10-13,138.125,138.125,138.25,136.3000030517578,137.27499389648438,938
2020-10-14,138.375,138.375,138.8000030517578,136.97500610351562,138.3000030517578,969
2020-10-15,138.9250030517578,138.9250030517578,139.0500030517578,138.0,138.125,952
2020-10-16,138.10000610351562,138.10000610351562,138.9499969482422,137.60000610351562,138.5,600
2020-10-19,134.60000610351562,134.60000610351562,137.9499969482422,134.10000610351562,137.9499969482422,1063
2020-10-20,134.5,134.5,134.8000030517578,131.72500610351562,134.0,828
2020-10-21,134.39999389648438,134.39999389648438,135.5,133.9499969482422,133.9499969482422,167
2020-10-22,133.8249969482422,133.8249969482422,134.5,132.375,133.97500610351562,656
2020-10-23,133.52499389648438,133.52499389648438,134.4499969482422,133.1999969482422,133.77499389648438,458
2020-10-26,133.6999969482422,133.6999969482422,134.125,133.0,133.10000610351562,215
2020-10-27,134.3000030517578,134.3000030517578,134.5,133.4499969482422,133.5,634
2020-10-28,135.1750030517578,135.1750030517578,135.39999389648438,134.39999389648438,134.39999389648438,233
2020-10-29,136.4499969482422,136.4499969482422,136.8000030517578,135.5,135.5,2063
2020-10-30,137.39999389648438,137.39999389648438,137.89999389648438,135.4250030517578,136.35000610351562,1233
2020-11-02,136.97500610351562,136.97500610351562,138.25,135.5,137.8249969482422,1285
2020-11-03,136.125,136.125,137.35000610351562,135.75,137.27499389648438,865
2020-11-04,137.6999969482422,137.6999969482422,137.875,135.22500610351562,136.64999389648438,910
2020-11-05,137.5749969482422,137.5749969482422,138.5,136.60000610351562,137.6999969482422,852
2020-11-06,137.6999969482422,137.6999969482422,138.39999389648438,137.0,137.27499389648438,767
2020-11-09,141.625,141.625,141.875,138.3000030517578,138.3000030517578,1834
2020-11-10,140.85000610351562,140.85000610351562,141.9499969482422,140.1999969482422,141.3000030517578,1100
2020-11-11,140.60000610351562,140.60000610351562,141.02499389648438,139.52499389648438,140.85000610351562,534
2020-11-12,140.0749969482422,140.0749969482422,140.6999969482422,139.8249969482422,140.52499389648438,700
2020-11-13,137.47500610351562,137.47500610351562,140.0,137.35000610351562,140.0,928
2020-11-16,137.27499389648438,137.27499389648438,137.72500610351562,136.72500610351562,137.3000030517578,468
2020-11-17,137.375,137.375,137.75,137.0500030517578,137.60000610351562,578
2020-11-18,137.02499389648438,137.02499389648438,137.375,136.8249969482422,137.375,402
2020-11-19,136.77499389648438,136.77499389648438,137.375,136.75,137.10000610351562,5686
2020-11-20,134.60000610351562,134.60000610351562,135.60000610351562,133.0,135.5,5310
2020-11-23,137.8249969482422,137.8249969482422,138.375,135.22500610351562,135.375,4547
2020-11-24,138.60000610351562,138.60000610351562,139.5749969482422,138.0,138.0749969482422,4901
2020-11-25,140.1750030517578,140.1750030517578,140.5749969482422,138.6750030517578,138.89999389648438,3966
2020-11-27,139.8249969482422,139.8249969482422,140.97500610351562,139.39999389648438,139.625,2718
2020-11-30,141.0500030517578,141.0500030517578,141.25,138.9250030517578,139.39999389648438,5839
2020-12-01,141.64999389648438,141.64999389648438,143.47500610351562,141.0500030517578,141.0749969482422,6849
2020-12-02,141.8000030517578,141.8000030517578,142.14999389648438,140.35000610351562,141.5,4659
2020-12-03,139.8000030517578,139.8000030517578,142.0,139.22500610351562,141.72500610351562,4664
2020-12-04,139.77499389648438,139.77499389648438,140.125,138.39999389648438,139.60000610351562,4655
2020-12-07,137.8000030517578,137.8000030517578,139.47500610351562,137.5500030517578,139.25,7301
2020-12-08,137.5749969482422,137.5749969482422,138.4250030517578,136.8249969482422,137.60000610351562,6088
2020-12-09,137.02499389648438,137.02499389648438,137.89999389648438,136.5749969482422,137.52499389648438,5731
2020-12-10,137.60000610351562,137.60000610351562,139.14999389648438,136.77499389648438,136.85000610351562,8018
2020-12-11,139.72500610351562,139.72500610351562,139.85000610351562,137.25,137.39999389648438,7026
2020-12-14,140.02499389648438,140.02499389648438,140.625,139.1750030517578,139.6999969482422,4278
2020-12-15,140.10000610351562,140.10000610351562,140.52499389648438,139.4250030517578,139.47500610351562,3651
2020-12-16,140.85000610351562,140.85000610351562,141.27499389648438,138.8000030517578,139.60000610351562,4385
2020-12-17,140.97500610351562,140.97500610351562,141.625,140.5500030517578,140.75,3397
2020-12-18,140.4499969482422,140.4499969482422,141.0,139.97500610351562,140.9499969482422,4479
2020-12-21,140.625,140.625,141.10000610351562,139.27499389648438,139.75,3418
2020-12-22,139.89999389648438,139.89999389648438,141.02499389648438,139.64999389648438,140.75,3147
2020-12-23,140.27499389648438,140.27499389648438,140.5500030517578,139.0,139.875,2391
2020-12-24,140.9250030517578,140.9250030517578,141.0749969482422,140.27499389648438,140.4499969482422,1039
2020-12-28,141.0,141.0,141.97500610351562,140.52499389648438,140.8249969482422,2185
2020-12-29,139.625,139.625,141.3000030517578,139.3249969482422,141.0,2099
2020-12-30,138.52499389648438,138.52499389648438,139.6750030517578,137.8000030517578,139.5,2195
2020-12-31,138.9499969482422,138.9499969482422,139.4499969482422,138.0500030517578,138.52499389648438,1299
2021-01-04,134.9499969482422,134.9499969482422,138.8000030517578,134.5,138.5500030517578,3069
2021-01-05,136.6750030517578,136.6750030517578,137.6999969482422,133.75,134.25,2132
2021-01-06,135.77499389648438,135.77499389648438,136.625,135.02499389648438,136.25,1076
2021-01-07,136.6999969482422,136.6999969482422,137.3249969482422,135.39999389648438,135.5,974
2021-01-08,135.8249969482422,135.8249969482422,136.77499389648438,135.5749969482422,136.3000030517578,1223
2021-01-11,136.0,136.0,136.47500610351562,134.6999969482422,135.85000610351562,925
2021-01-12,133.22500610351562,133.22500610351562,136.0,133.0749969482422,135.97500610351562,1924
2021-01-13,133.5749969482422,133.5749969482422,134.1750030517578,132.0,132.64999389648438,1262
2021-01-14,132.60000610351562,132.60000610351562,133.89999389648438,132.25,133.5,711
2021-01-15,134.5749969482422,134.5749969482422,135.1999969482422,132.52499389648438,132.52499389648438,783
2021-01-19,134.39999389648438,134.39999389648438,136.0,133.6999969482422,133.875,928
2021-01-20,135.3000030517578,135.3000030517578,135.875,134.5500030517578,135.10000610351562,437
2021-01-21,135.875,135.875,135.9499969482422,134.3000030517578,134.64999389648438,677
2021-01-22,137.25,137.25,138.8000030517578,135.875,136.0,963
2021-01-25,136.5500030517578,136.5500030517578,137.0,136.0749969482422,136.875,628
2021-01-26,135.64999389648438,135.64999389648438,136.35000610351562,135.52499389648438,136.35000610351562,688
2021-01-27,135.625,135.625,135.8000030517578,135.22500610351562,135.3000030517578,522
2021-01-28,135.6999969482422,135.6999969482422,136.0,135.60000610351562,135.6999969482422,2508
2021-01-29,137.72500610351562,137.72500610351562,141.85000610351562,137.39999389648438,139.6750030517578,5454
2021-02-01,137.9250030517578,137.9250030517578,138.5,136.8000030517578,138.125,3445
2021-02-02,139.125,139.125,139.3000030517578,138.0,138.5,3006
2021-02-03,138.52499389648438,138.52499389648438,140.3000030517578,138.25,139.0,3037
2021-02-04,139.5,139.5,139.85000610351562,137.9499969482422,138.0,3045
2021-02-05,138.27499389648438,138.27499389648438,139.4250030517578,138.14999389648438,139.39999389648438,5042
2021-02-08,137.4499969482422,137.4499969482422,138.8000030517578,137.1999969482422,138.3249969482422,4809
2021-02-09,138.64999389648438,138.64999389648438,140.875,137.3000030517578,137.3000030517578,6757
2021-02-10,139.5,139.5,139.89999389648438,137.4499969482422,139.1999969482422,4705
2021-02-11,139.14999389648438,139.14999389648438,140.3249969482422,138.89999389648438,139.02499389648438,4685
2021-02-12,140.85000610351562,140.85000610351562,141.8249969482422,139.1750030517578,139.77499389648438,4393
2021-02-16,140.77499389648438,140.77499389648438,142.1750030517578,139.9499969482422,140.8249969482422,3658
2021-02-17,138.4250030517578,138.4250030517578,141.14999389648438,138.14999389648438,140.25,4435
2021-02-18,138.1999969482422,138.1999969482422,139.39999389648438,138.0,138.4499969482422,4081
2021-02-19,139.125,139.125,139.75,138.35000610351562,138.39999389648438,2885
2021-02-22,139.3249969482422,139.3249969482422,139.8249969482422,138.25,138.60000610351562,2773
2021-02-23,138.5749969482422,138.5749969482422,139.89999389648438,138.0,139.3249969482422,2516
2021-02-24,140.375,140.375,140.4250030517578,138.1999969482422,138.1999969482422,2760
2021-02-25,140.4250030517578,140.4250030517578,140.9250030517578,139.5749969482422,140.5,1636
2021-02-26,138.6750030517578,138.6750030517578,140.375,138.0500030517578,140.25,1975
2021-03-01,137.1999969482422,137.1999969482422,138.5,136.89999389648438,138.5,1725
2021-03-02,136.52499389648438,136.52499389648438,136.85000610351562,135.25,136.77499389648438,1893
2021-03-03,137.0,137.0,137.27499389648438,135.875,136.0,1910
2021-03-04,135.10000610351562,135.10000610351562,137.0500030517578,134.625,136.77499389648438,1871
2021-03-05,134.60000610351562,134.60000610351562,135.72500610351562,133.64999389648438,135.25,2042
2021-03-08,135.35000610351562,135.35000610351562,135.77499389648438,134.22500610351562,134.22500610351562,1621
2021-03-09,137.14999389648438,137.14999389648438,137.35000610351562,135.47500610351562,135.5,1772
2021-03-10,136.1999969482422,136.1999969482422,137.39999389648438,135.64999389648438,137.10000610351562,1087
2021-03-11,135.25,135.25,136.10000610351562,134.72500610351562,135.9250030517578,991
2021-03-12,136.35000610351562,136.35000610351562,136.9250030517578,134.89999389648438,135.0,813
2021-03-15,137.02499389648438,137.02499389648438,137.27499389648438,136.22500610351562,136.3000030517578,530
2021-03-16,136.5749969482422,136.5749969482422,137.25,136.47500610351562,137.0,481
2021-03-17,136.9250030517578,136.9250030517578,137.1750030517578,136.125,137.0,539
2021-03-18,135.52499389648438,135.52499389648438,137.5500030517578,135.39999389648438,137.3000030517578,1017
2021-03-19,134.6750030517578,134.6750030517578,136.10000610351562,134.52499389648438,135.97500610351562,1002
2021-03-22,135.0749969482422,135.0749969482422,135.22500610351562,134.625,134.8000030517578,318
2021-03-23,135.4499969482422,135.4499969482422,135.60000610351562,134.97500610351562,135.25,491
2021-03-24,135.77499389648438,135.77499389648438,136.125,135.5749969482422,135.5749969482422,526
2021-03-25,136.14999389648438,136.14999389648438,136.1999969482422,135.875,135.875,3092
2021-03-26,145.125,145.125,145.3000030517578,144.1750030517578,144.89999389648438,2100
2021-03-29,147.0749969482422,147.0749969482422,148.1750030517578,144.6999969482422,144.9499969482422,2115
2021-03-30,146.8249969482422,146.8249969482422,147.875,146.5,147.1999969482422,1523
2021-03-31,143.875,143.875,146.1999969482422,141.875,146.1999969482422,2939
2021-04-01,143.875,143.875,144.85000610351562,143.25,143.8000030517578,1014
2021-04-05,146.4499969482422,146.4499969482422,147.3000030517578,144.0,144.0,1288
2021-04-06,146.47500610351562,146.47500610351562,147.10000610351562,146.0500030517578,146.10000610351562,705
2021-04-07,147.625,147.625,147.72500610351562,146.1999969482422,146.6999969482422,784
2021-04-08,147.125,147.125,148.0500030517578,146.39999389648438,147.3249969482422,1334
2021-04-09,144.75,144.75,147.14999389648438,144.5,146.875,1415
2021-04-12,144.5,144.5,145.6750030517578,143.875,145.64999389648438,1154
2021-04-13,142.4499969482422,142.4499969482422,144.5749969482422,142.25,144.1999969482422,1445
2021-04-14,141.14999389648438,141.14999389648438,142.25,140.64999389648438,142.14999389648438,1193
2021-04-15,140.0500030517578,140.0500030517578,141.6999969482422,140.0,141.0,623
2021-04-16,139.625,139.625,140.25,139.375,140.1999969482422,406
2021-04-19,137.72500610351562,137.72500610351562,139.64999389648438,137.14999389648438,139.64999389648438,522
2021-04-20,137.5749969482422,137.5749969482422,138.14999389648438,135.875,137.60000610351562,553
2021-04-21,135.10000610351562,135.10000610351562,137.77499389648438,134.625,137.75,485
2021-04-22,132.25,132.25,134.9499969482422,132.1999969482422,134.625,526
2021-04-23,133.85000610351562,133.85000610351562,134.47500610351562,132.89999389648438,134.0,372
2021-04-26,132.75,132.75,134.0,132.5500030517578,134.0,403
2021-04-27,134.1999969482422,134.1999969482422,134.77499389648438,132.60000610351562,133.0,430
2021-04-28,133.875,133.875,134.52499389648438,133.8000030517578,134.47500610351562,237
2021-04-29,134.47500610351562,134.47500610351562,134.8000030517578,134.1999969482422,134.1999969482422,1743
2021-04-30,133.60000610351562,133.60000610351562,136.47500610351562,132.97500610351562,136.0,2215
2021-05-03,133.0500030517578,133.0500030517578,133.8000030517578,130.8249969482422,132.0500030517578,1868
2021-05-04,129.75,129.75,133.0749969482422,128.75,133.0749969482422,1812
2021-05-05,131.47500610351562,131.47500610351562,131.85000610351562,128.64999389648438,130.0,1578
2021-05-06,130.47500610351562,130.47500610351562,131.9250030517578,128.5,131.14999389648438,1874
2021-05-07,131.72500610351562,131.72500610351562,134.35000610351562,130.1750030517578,130.22500610351562,2200
2021-05-10,135.4499969482422,135.4499969482422,135.77499389648438,132.97500610351562,132.97500610351562,1515
2021-05-11,135.3249969482422,135.3249969482422,136.0,134.52499389648438,135.1999969482422,1013
2021-05-12,136.75,136.75,137.0749969482422,134.9250030517578,134.9499969482422,810
2021-05-13,137.4499969482422,137.4499969482422,139.375,136.02499389648438,137.72500610351562,1213
2021-05-14,137.5500030517578,137.5500030517578,137.9250030517578,136.60000610351562,137.02499389648438,530
2021-05-17,137.9250030517578,137.9250030517578,138.1750030517578,136.875,137.5,718
2021-05-18,137.1999969482422,137.1999969482422,138.72500610351562,136.3249969482422,137.97500610351562,527
2021-05-19,136.5749969482422,136.5749969482422,137.9499969482422,136.4499969482422,137.5,454
2021-05-20,135.75,135.75,136.5749969482422,135.14999389648438,136.5749969482422,591
2021-05-21,137.22500610351562,137.22500610351562,137.3249969482422,136.22500610351562,136.39999389648438,571
2021-05-24,136.27499389648438,136.27499389648438,136.60000610351562,136.1999969482422,136.39999389648438,562
2021-05-25,136.625,136.625,136.72500610351562,136.3249969482422,136.5,569
2021-05-26,136.5,136.5,136.8000030517578,136.3000030517578,136.5,338
2021-05-27,136.3000030517578,136.3000030517578,136.5749969482422,136.0749969482422,136.5,4698
2021-05-28,151.35000610351562,151.35000610351562,153.89999389648438,151.1999969482422,153.4250030517578,3457
2021-06-01,149.14999389648438,149.14999389648438,150.25,145.10000610351562,149.10000610351562,8950
2021-06-02,152.3249969482422,152.3249969482422,153.0500030517578,148.4499969482422,150.60000610351562,4977
2021-06-03,152.9499969482422,152.9499969482422,153.35000610351562,151.02499389648438,152.1999969482422,3216
2021-06-04,149.9250030517578,149.9250030517578,152.75,149.1999969482422,152.6999969482422,4037
2021-06-07,150.1999969482422,150.1999969482422,150.60000610351562,147.4250030517578,148.5,3636
2021-06-08,149.25,149.25,150.4250030517578,147.9499969482422,150.22500610351562,3599
2021-06-09,148.27499389648438,148.27499389648438,150.89999389648438,147.5,149.8000030517578,3939
2021-06-10,148.39999389648438,148.39999389648438,148.8000030517578,146.75,147.75,4157
2021-06-11,151.1750030517578,151.1750030517578,151.89999389648438,148.875,149.39999389648438,4805
2021-06-14,154.60000610351562,154.60000610351562,154.75,152.6750030517578,153.1750030517578,4174
2021-06-15,156.8249969482422,156.8249969482422,157.39999389648438,154.72500610351562,154.8249969482422,5770
2021-06-16,157.6999969482422,157.6999969482422,158.10000610351562,155.6999969482422,156.1750030517578,4596
2021-06-17,157.39999389648438,157.39999389648438,160.14999389648438,156.75,158.3000030517578,5766
2021-06-18,155.02499389648438,155.02499389648438,157.6999969482422,154.89999389648438,156.25,4081
2021-06-21,155.10000610351562,155.10000610351562,156.375,153.60000610351562,156.0749969482422,2816
2021-06-22,158.35000610351562,158.35000610351562,159.5,155.22500610351562,155.25,5054
2021-06-23,155.6999969482422,155.6999969482422,159.35000610351562,155.4250030517578,158.39999389648438,3775
2021-06-24,157.14999389648438,157.14999389648438,157.60000610351562,155.8249969482422,157.25,2732
2021-06-25,159.5500030517578,159.5500030517578,159.6750030517578,156.47500610351562,157.02499389648438,2942
2021-06-28,156.35000610351562,156.35000610351562,159.64999389648438,156.0500030517578,159.625,5227
2021-06-29,157.39999389648438,157.39999389648438,158.14999389648438,155.39999389648438,156.6999969482422,3875
2021-06-30,154.625,154.625,158.625,153.625,157.875,7567
2021-07-01,156.3249969482422,156.3249969482422,157.77499389648438,152.1999969482422,153.14999389648438,6085
2021-07-02,157.0500030517578,157.0500030517578,158.3249969482422,155.9250030517578,156.5500030517578,3726
2021-07-06,160.625,160.625,160.9250030517578,157.75,158.1750030517578,5191
2021-07-07,159.0,159.0,161.10000610351562,158.3000030517578,160.5,5175
2021-07-08,157.3249969482422,157.3249969482422,159.35000610351562,156.75,159.27499389648438,5441
2021-07-09,159.1750030517578,159.1750030517578,159.77499389648438,156.875,157.5749969482422,5798
2021-07-12,158.14999389648438,158.14999389648438,159.14999389648438,157.60000610351562,158.97500610351562,5555
2021-07-13,158.8249969482422,158.8249969482422,159.375,157.3000030517578,158.0,5889
2021-07-14,156.9499969482422,156.9499969482422,159.3249969482422,156.3000030517578,159.14999389648438,5977
2021-07-15,157.375,157.375,158.27499389648438,156.52499389648438,157.0749969482422,4033
2021-07-16,155.625,155.625,157.52499389648438,155.5,157.0,3999
2021-07-19,157.375,157.375,157.875,154.10000610351562,155.35000610351562,5516
2021-07-20,155.52499389648438,155.52499389648438,156.9499969482422,155.1750030517578,156.8000030517578,4306
2021-07-21,156.77499389648438,156.77499389648438,156.97500610351562,154.77499389648438,155.14999389648438,2911
2021-07-22,158.1999969482422,158.1999969482422,159.3000030517578,157.3249969482422,157.5,2936
2021-07-23,160.0749969482422,160.0749969482422,160.35000610351562,158.0749969482422,158.3000030517578,3253
2021-07-26,162.1999969482422,162.1999969482422,163.14999389648438,160.35000610351562,160.4499969482422,3358
2021-07-27,160.6999969482422,160.6999969482422,162.47500610351562,160.5,161.85000610351562,3086
2021-07-28,160.1750030517578,160.1750030517578,161.02499389648438,159.6999969482422,160.75,2145
2021-07-29,158.5,158.5,160.27499389648438,158.3000030517578,160.27499389648438,1695
2021-07-30,158.1750030517578,158.1750030517578,159.1750030517578,157.60000610351562,159.02499389648438,1447
2021-08-02,158.25,158.25,159.9250030517578,157.875,158.8249969482422,1395
2021-08-03,158.89999389648438,158.89999389648438,160.0,158.125,158.72500610351562,1488
2021-08-04,159.1999969482422,159.1999969482422,159.85000610351562,158.4250030517578,159.3249969482422,1350
2021-08-05,157.64999389648438,157.64999389648438,159.3000030517578,157.35000610351562,159.125,1893
2021-08-06,159.85000610351562,159.85000610351562,160.1750030517578,156.8000030517578,157.85000610351562,2001
2021-08-09,159.3000030517578,159.3000030517578,160.22500610351562,158.625,160.22500610351562,1131
2021-08-10,159.3249969482422,159.3249969482422,160.0500030517578,158.625,159.35000610351562,744
2021-08-11,158.77499389648438,158.77499389648438,159.35000610351562,158.375,159.0,771
2021-08-12,158.6999969482422,158.6999969482422,159.77499389648438,157.3249969482422,158.5,1109
2021-08-13,158.0500030517578,158.0500030517578,158.75,157.77499389648438,158.6750030517578,527
2021-08-16,157.1999969482422,157.1999969482422,158.47500610351562,157.0,158.1999969482422,968
2021-08-17,156.5749969482422,156.5749969482422,157.39999389648438,156.5500030517578,157.1999969482422,770
2021-08-18,158.85000610351562,158.85000610351562,159.14999389648438,156.5500030517578,156.75,687
2021-08-19,158.27499389648438,158.27499389648438,158.5,157.625,158.4250030517578,579
2021-08-20,159.02499389648438,159.02499389648438,159.39999389648438,157.64999389648438,157.85000610351562,842
2021-08-23,158.1999969482422,158.1999969482422,158.89999389648438,157.5,158.3000030517578,1614
2021-08-24,158.5749969482422,158.5749969482422,159.0,157.9499969482422,158.4499969482422,1224
2021-08-25,159.3000030517578,159.3000030517578,159.6999969482422,158.8000030517578,159.0,920
2021-08-26,159.4499969482422,159.4499969482422,159.5500030517578,158.85000610351562,159.1750030517578,2356
2021-08-27,164.64999389648438,164.64999389648438,165.35000610351562,163.5749969482422,165.125,1835
2021-08-30,164.0500030517578,164.0500030517578,165.39999389648438,163.875,164.5500030517578,1755
2021-08-31,163.0,163.0,164.6750030517578,162.8000030517578,164.375,2199
2021-09-01,162.9250030517578,162.9250030517578,163.8000030517578,162.47500610351562,162.85000610351562,1701
2021-09-02,160.3000030517578,160.3000030517578,162.9250030517578,159.47500610351562,162.8249969482422,2972
2021-09-03,158.47500610351562,158.47500610351562,161.0500030517578,158.14999389648438,160.75,1753
2021-09-07,156.27499389648438,156.27499389648438,159.22500610351562,155.6999969482422,158.97500610351562,1820
2021-09-08,156.0500030517578,156.0500030517578,157.6999969482422,155.77499389648438,156.35000610351562,1454
2021-09-09,155.75,155.75,156.97500610351562,155.5,156.0749969482422,678
2021-09-10,154.25,154.25,155.89999389648438,153.25,155.75,1507
2021-09-13,152.1999969482422,152.1999969482422,153.77499389648438,151.5,152.89999389648438,1009
2021-09-14,155.27499389648438,155.27499389648438,155.60000610351562,152.5,152.5,921
2021-09-15,154.72500610351562,154.72500610351562,155.9499969482422,154.625,155.5,740
2021-09-16,155.875,155.875,156.125,154.0749969482422,154.5,571
2021-09-17,154.875,154.875,155.625,154.47500610351562,155.5,228
2021-09-20,155.0,155.0,155.39999389648438,153.77499389648438,154.1750030517578,327
2021-09-21,154.85000610351562,154.85000610351562,155.875,154.6999969482422,155.47500610351562,344
2021-09-22,154.8000030517578,154.8000030517578,155.10000610351562,154.5500030517578,154.9499969482422,756
2021-09-23,154.89999389648438,154.89999389648438,155.5500030517578,154.77499389648438,155.375,567
2021-09-24,154.625,154.625,155.02499389648438,154.47500610351562,154.8000030517578,530
2021-09-27,154.25,154.25,154.8000030517578,154.125,154.5,445
2021-09-28,154.39999389648438,154.39999389648438,154.64999389648438,154.0500030517578,154.25,311
2021-09-29,154.27499389648438,154.27499389648438,154.4499969482422,153.75,154.0,512
2021-09-30,153.9250030517578,153.9250030517578,154.3000030517578,153.89999389648438,154.1999969482422,2192
2021-10-01,152.75,152.75,153.89999389648438,152.5,153.02499389648438,1063
2021-10-04,155.0,155.0,155.52499389648438,152.52499389648438,153.0,1003
2021-10-05,156.10000610351562,156.10000610351562,157.47500610351562,155.0,155.27499389648438,1876
2021-10-06,156.8000030517578,156.8000030517578,157.10000610351562,155.10000610351562,155.97500610351562,994
2021-10-07,160.35000610351562,160.35000610351562,160.39999389648438,157.02499389648438,157.02499389648438,1937
2021-10-08,159.47500610351562,159.47500610351562,160.60000610351562,159.35000610351562,160.0,1236
2021-10-11,159.3249969482422,159.3249969482422,159.64999389648438,158.875,159.22500610351562,965
2021-10-12,158.5749969482422,158.5749969482422,159.39999389648438,158.25,159.22500610351562,905
2021-10-13,157.64999389648438,157.64999389648438,158.5749969482422,157.52499389648438,158.4499969482422,875
2021-10-14,158.4250030517578,158.4250030517578,158.5,157.22500610351562,157.60000610351562,561
2021-10-15,157.5749969482422,157.5749969482422,158.22500610351562,157.3000030517578,158.1999969482422,425
2021-10-18,155.75,155.75,157.5749969482422,155.64999389648438,157.5749969482422,443
2021-10-19,155.10000610351562,155.10000610351562,157.0,155.0,155.8000030517578,487
2021-10-20,155.9250030517578,155.9250030517578,156.0500030517578,155.0749969482422,155.3000030517578,538
2021-10-21,156.25,156.25,157.02499389648438,156.125,156.4250030517578,558
2021-10-22,155.4250030517578,155.4250030517578,156.35000610351562,155.1750030517578,156.35000610351562,539
2021-10-25,155.625,155.625,156.39999389648438,155.4250030517578,156.0,406
2021-10-26,155.97500610351562,155.97500610351562,156.0500030517578,155.375,155.64999389648438,502
2021-10-27,156.5,156.5,156.60000610351562,155.89999389648438,156.14999389648438,475
2021-10-28,156.6750030517578,156.6750030517578,156.77499389648438,156.0,156.75,1828
2021-10-29,156.5749969482422,156.5749969482422,158.35000610351562,156.1750030517578,157.75,1856
2021-11-01,154.39999389648438,154.39999389648438,157.35000610351562,152.72500610351562,156.5749969482422,2638
2021-11-02,157.5749969482422,157.5749969482422,157.8249969482422,154.39999389648438,154.39999389648438,1478
2021-11-03,159.1750030517578,159.1750030517578,160.0,157.9499969482422,157.9499969482422,1876
2021-11-04,158.02499389648438,158.02499389648438,159.3249969482422,157.9499969482422,159.0,1367
2021-11-05,158.875,158.875,159.52499389648438,157.5749969482422,158.22500610351562,1457
2021-11-08,158.5749969482422,158.5749969482422,158.9250030517578,157.77499389648438,158.5,1263
2021-11-09,157.89999389648438,157.89999389648438,158.6999969482422,157.625,158.6999969482422,892
2021-11-10,156.64999389648438,156.64999389648438,157.5749969482422,156.3249969482422,157.3000030517578,907
2021-11-11,157.3249969482422,157.3249969482422,157.60000610351562,156.4499969482422,156.64999389648438,719
2021-11-12,156.25,156.25,157.5500030517578,155.64999389648438,157.3249969482422,773
2021-11-15,155.9250030517578,155.9250030517578,156.1999969482422,155.625,156.1999969482422,820
2021-11-16,155.64999389648438,155.64999389648438,156.25,155.5500030517578,155.85000610351562,712
2021-11-17,156.0749969482422,156.0749969482422,156.1999969482422,155.47500610351562,155.8000030517578,1001
2021-11-18,155.9250030517578,155.9250030517578,156.0749969482422,155.8249969482422,156.0749969482422,6035
2021-11-19,160.9250030517578,160.9250030517578,162.0749969482422,160.75,161.47500610351562,4132
2021-11-22,161.6999969482422,161.6999969482422,161.97500610351562,160.10000610351562,160.77499389648438,3024
2021-11-23,164.375,164.375,164.75,161.85000610351562,161.97500610351562,6067
2021-11-24,166.9250030517578,166.9250030517578,167.22500610351562,164.22500610351562,164.6750030517578,5632
2021-11-26,167.14999389648438,167.14999389648438,168.1750030517578,164.0,164.0749969482422,5536
2021-11-29,165.72500610351562,165.72500610351562,168.3000030517578,165.1750030517578,167.5,6511
2021-11-30,164.85000610351562,164.85000610351562,167.10000610351562,163.375,165.1999969482422,7207
2021-12-01,165.8249969482422,165.8249969482422,166.5,164.9250030517578,165.0,4498
2021-12-02,165.77499389648438,165.77499389648438,165.9250030517578,164.9499969482422,165.39999389648438,4289
2021-12-03,164.125,164.125,166.6999969482422,163.1999969482422,165.89999389648438,4573
2021-12-06,165.25,165.25,165.5749969482422,162.8249969482422,164.0,5259
2021-12-07,165.02499389648438,165.02499389648438,165.6999969482422,164.25,165.27499389648438,4263
2021-12-08,163.39999389648438,163.39999389648438,164.97500610351562,163.02499389648438,164.97500610351562,4473
2021-12-09,164.0749969482422,164.0749969482422,164.3249969482422,163.0,163.39999389648438,5872
2021-12-10,164.875,164.875,165.5,163.72500610351562,164.0,4443
2021-12-13,165.52499389648438,165.52499389648438,166.0749969482422,163.89999389648438,164.89999389648438,4654
2021-12-14,164.5749969482422,164.5749969482422,165.85000610351562,164.3000030517578,165.375,3026
2021-12-15,163.4250030517578,163.4250030517578,164.6999969482422,163.1999969482422,164.5,3482
2021-12-16,162.5749969482422,162.5749969482422,163.77499389648438,161.5,163.77499389648438,4540
2021-12-17,160.25,160.25,162.89999389648438,160.0500030517578,162.75,4596
2021-12-20,159.22500610351562,159.22500610351562,159.97500610351562,158.39999389648438,159.89999389648438,3054
2021-12-21,160.85000610351562,160.85000610351562,161.35000610351562,159.1999969482422,159.5,3073
2021-12-22,161.77499389648438,161.77499389648438,162.14999389648438,160.02499389648438,160.5500030517578,2815
2021-12-23,163.4499969482422,163.4499969482422,163.72500610351562,161.10000610351562,161.5749969482422,1818
2021-12-27,162.39999389648438,162.39999389648438,163.5,161.875,163.25,1789
2021-12-28,163.5500030517578,163.5500030517578,164.10000610351562,162.625,162.75,1935
2021-12-29,165.875,165.875,166.0,164.22500610351562,164.22500610351562,1965
2021-12-30,166.3249969482422,166.3249969482422,167.0,165.5,165.9499969482422,1134
2021-12-31,166.875,166.875,167.5500030517578,165.9250030517578,166.5,672
2022-01-03,166.25,166.25,167.35000610351562,166.02499389648438,166.60000610351562,926
2022-01-04,162.6750030517578,162.6750030517578,165.5500030517578,161.60000610351562,165.5500030517578,2625
2022-01-05,162.125,162.125,162.89999389648438,161.5,162.60000610351562,1200
2022-01-06,162.5749969482422,162.5749969482422,162.9499969482422,160.875,161.9250030517578,889
2022-01-07,162.10000610351562,162.10000610351562,162.75,161.6750030517578,162.625,1153
2022-01-10,160.9250030517578,160.9250030517578,162.25,160.8000030517578,162.0,1159
2022-01-11,162.0749969482422,162.0749969482422,162.6750030517578,160.60000610351562,160.9499969482422,1022
2022-01-12,161.875,161.875,162.625,161.0500030517578,162.3000030517578,781
2022-01-13,162.9250030517578,162.9250030517578,162.97500610351562,161.5749969482422,161.89999389648438,804
2022-01-14,162.6999969482422,162.6999969482422,163.22500610351562,162.02499389648438,162.6999969482422,766
2022-01-18,161.4499969482422,161.4499969482422,162.47500610351562,161.14999389648438,162.0,698
2022-01-19,161.39999389648438,161.39999389648438,161.97500610351562,160.8249969482422,161.14999389648438,732
2022-01-20,161.1750030517578,161.1750030517578,161.8000030517578,160.9250030517578,161.60000610351562,663
2022-01-21,160.27499389648438,160.27499389648438,161.1999969482422,160.1750030517578,161.1999969482422,500
2022-01-24,158.47500610351562,158.47500610351562,159.85000610351562,157.64999389648438,159.72500610351562,1048
2022-01-25,158.5500030517578,158.5500030517578,158.6999969482422,158.1999969482422,158.39999389648438,386
2022-01-26,158.72500610351562,158.72500610351562,158.89999389648438,158.3249969482422,158.4499969482422,486
2022-01-27,158.9250030517578,158.9250030517578,159.125,158.75,159.125,3855
2022-01-28,159.625,159.625,160.625,158.625,159.5500030517578,5268
2022-01-31,163.02499389648438,163.02499389648438,163.25,159.75,159.875,7188
2022-02-01,163.6999969482422,163.6999969482422,164.14999389648438,162.22500610351562,163.5,5422
2022-02-02,166.875,166.875,167.22500610351562,163.72500610351562,163.89999389648438,8092
2022-02-03,166.72500610351562,166.72500610351562,167.9499969482422,166.10000610351562,166.875,4344
2022-02-04,166.10000610351562,166.10000610351562,167.1750030517578,165.72500610351562,166.35000610351562,3723
2022-02-07,165.02499389648438,165.02499389648438,166.0749969482422,164.4499969482422,165.4499969482422,5670
2022-02-08,166.875,166.875,167.3000030517578,164.3000030517578,165.25,5048
2022-02-09,168.27499389648438,168.27499389648438,168.85000610351562,166.625,166.89999389648438,6558
2022-02-10,166.72500610351562,166.72500610351562,169.0,166.52499389648438,167.875,5987
2022-02-11,166.22500610351562,166.22500610351562,168.60000610351562,166.0500030517578,166.5,4537
2022-02-14,166.875,166.875,167.8000030517578,165.6999969482422,166.14999389648438,4310
2022-02-15,168.72500610351562,168.72500610351562,169.375,167.14999389648438,167.1999969482422,5502
2022-02-16,167.4499969482422,167.4499969482422,168.77499389648438,166.89999389648438,168.4250030517578,3740
2022-02-17,166.1999969482422,166.1999969482422,167.39999389648438,165.89999389648438,167.39999389648438,3202
2022-02-18,165.4250030517578,165.4250030517578,166.22500610351562,165.1750030517578,166.22500610351562,3329
2022-02-22,164.22500610351562,164.22500610351562,165.72500610351562,163.25,165.125,4453
2022-02-23,162.77499389648438,162.77499389648438,164.3249969482422,162.625,164.22500610351562,4908
2022-02-24,159.10000610351562,159.10000610351562,160.3000030517578,156.52499389648438,160.0,8051
2022-02-25,160.02499389648438,160.02499389648438,162.35000610351562,159.3000030517578,161.85000610351562,3163
2022-02-28,157.72500610351562,157.72500610351562,159.85000610351562,156.22500610351562,158.10000610351562,3802
2022-03-01,156.27499389648438,156.27499389648438,157.85000610351562,156.0,156.10000610351562,2557
2022-03-02,158.3000030517578,158.3000030517578,159.1750030517578,156.6999969482422,156.6999969482422,1909
2022-03-03,156.35000610351562,156.35000610351562,157.77499389648438,155.9250030517578,157.5,1369
2022-03-04,153.125,153.125,155.77499389648438,150.1750030517578,154.52499389648438,2460
2022-03-07,154.60000610351562,154.60000610351562,155.8000030517578,152.3249969482422,153.22500610351562,1750
2022-03-08,154.02499389648438,154.02499389648438,155.625,152.625,154.1999969482422,2538
2022-03-09,154.0500030517578,154.0500030517578,155.02499389648438,153.5500030517578,155.02499389648438,959
2022-03-10,151.64999389648438,151.64999389648438,153.8000030517578,151.3249969482422,152.77499389648438,1397
2022-03-11,153.27499389648438,153.27499389648438,153.9250030517578,152.0,152.0500030517578,939
2022-03-14,155.9499969482422,155.9499969482422,156.6999969482422,153.64999389648438,154.3000030517578,1481
2022-03-15,156.35000610351562,156.35000610351562,157.14999389648438,155.64999389648438,157.0,841
2022-03-16,157.25,157.25,157.9499969482422,156.5,156.85000610351562,1099
2022-03-17,156.5500030517578,156.5500030517578,157.1999969482422,156.25,157.0,601
2022-03-18,157.0,157.0,157.6999969482422,156.39999389648438,156.39999389648438,578
2022-03-21,156.10000610351562,156.10000610351562,157.1999969482422,155.4250030517578,156.875,581
2022-03-22,156.3249969482422,156.3249969482422,157.35000610351562,156.02499389648438,156.60000610351562,373
2022-03-23,156.10000610351562,156.10000610351562,156.4499969482422,155.22500610351562,156.0,936
2022-03-24,156.77499389648438,156.77499389648438,157.0749969482422,156.22500610351562,156.52499389648438,633
2022-03-25,156.4250030517578,156.4250030517578,156.9499969482422,156.3000030517578,156.77499389648438,624
2022-03-28,156.10000610351562,156.10000610351562,156.4499969482422,155.97500610351562,156.39999389648438,573
2022-03-29,156.6999969482422,156.6999969482422,156.89999389648438,156.3000030517578,156.4250030517578,761
2022-03-30,155.97500610351562,155.97500610351562,156.60000610351562,155.875,156.5,703
2022-03-31,155.89999389648438,155.89999389648438,156.125,155.8249969482422,156.0500030517578,1364
2022-04-01,161.5749969482422,161.5749969482422,162.5749969482422,160.9250030517578,162.02499389648438,893
2022-04-04,158.375,158.375,161.6999969482422,158.0,161.14999389648438,1504
2022-04-05,156.125,156.125,157.75,155.14999389648438,157.60000610351562,2191
2022-04-06,157.10000610351562,157.10000610351562,157.3249969482422,155.0749969482422,156.60000610351562,1129
2022-04-07,156.39999389648438,156.39999389648438,158.1750030517578,156.02499389648438,157.47500610351562,1355
2022-04-08,156.5500030517578,156.5500030517578,157.6750030517578,156.10000610351562,156.47500610351562,757
2022-04-11,156.64999389648438,156.64999389648438,157.0,154.25,156.3249969482422,831
2022-04-12,157.75,157.75,158.0500030517578,156.0,156.5749969482422,906
2022-04-13,158.5500030517578,158.5500030517578,159.5,158.35000610351562,158.35000610351562,757
2022-04-14,158.1999969482422,158.1999969482422,158.72500610351562,157.6999969482422,158.0,512
2022-04-18,155.77499389648438,155.77499389648438,157.64999389648438,155.35000610351562,157.5500030517578,973
2022-04-19,156.64999389648438,156.64999389648438,157.0,155.89999389648438,156.22500610351562,660
2022-04-20,157.5,157.5,158.0,156.75,156.75,771
2022-04-21,158.4499969482422,158.4499969482422,158.5,157.47500610351562,157.64999389648438,788
2022-04-22,157.9499969482422,157.9499969482422,159.3000030517578,157.5500030517578,157.60000610351562,905
2022-04-25,156.5500030517578,156.5500030517578,157.39999389648438,156.27499389648438,157.39999389648438,1218
2022-04-26,156.1999969482422,156.1999969482422,156.64999389648438,155.9250030517578,156.5,1054
2022-04-27,156.1999969482422,156.1999969482422,156.77499389648438,156.14999389648438,156.5,796
2022-04-28,155.9250030517578,155.9250030517578,156.14999389648438,155.5,156.0500030517578,2929
2022-04-29,156.35000610351562,156.35000610351562,159.4499969482422,156.22500610351562,158.35000610351562,3015
2022-05-02,161.4250030517578,161.4250030517578,161.875,157.875,158.125,2323
2022-05-03,162.39999389648438,162.39999389648438,162.625,160.4499969482422,161.125,2086
2022-05-04,162.25,162.25,162.85000610351562,161.5,161.9499969482422,1519
2022-05-05,160.3249969482422,160.3249969482422,162.0,159.8249969482422,162.0,1269
2022-05-06,159.5500030517578,159.5500030517578,161.10000610351562,159.10000610351562,160.3249969482422,1503
2022-05-09,159.8000030517578,159.8000030517578,159.9499969482422,157.3249969482422,159.75,1268
2022-05-10,158.9250030517578,158.9250030517578,160.39999389648438,158.8000030517578,159.625,917
2022-05-11,158.14999389648438,158.14999389648438,159.375,157.35000610351562,158.8000030517578,1212
2022-05-12,156.875,156.875,158.35000610351562,156.64999389648438,158.1999969482422,1139
2022-05-13,157.875,157.875,158.60000610351562,156.6999969482422,156.97500610351562,847
2022-05-16,157.39999389648438,157.39999389648438,157.5,156.72500610351562,156.77499389648438,649
2022-05-17,157.1750030517578,157.1750030517578,157.8249969482422,157.02499389648438,157.375,849
2022-05-18,155.85000610351562,155.85000610351562,156.85000610351562,155.5500030517578,156.5500030517578,1350
2022-05-19,154.125,154.125,155.14999389648438,154.0500030517578,155.0749969482422,1453
2022-05-20,153.39999389648438,153.39999389648438,154.25,153.22500610351562,153.9499969482422,1367
2022-05-23,153.4499969482422,153.4499969482422,153.6750030517578,153.0,153.10000610351562,838
2022-05-24,154.5,154.5,154.60000610351562,153.60000610351562,153.60000610351562,1018
2022-05-25,154.60000610351562,154.60000610351562,155.125,154.4250030517578,154.85000610351562,1118
2022-05-26,154.5749969482422,154.5749969482422,154.77499389648438,154.3249969482422,154.60000610351562,3605
2022-05-27,166.3249969482422,166.3249969482422,167.4499969482422,165.6999969482422,166.625,3348
2022-05-31,165.125,165.125,168.375,164.75,166.77499389648438,6216
2022-06-01,169.72500610351562,169.72500610351562,170.22500610351562,165.02499389648438,165.27499389648438,8198
2022-06-02,172.9499969482422,172.9499969482422,173.60000610351562,169.27499389648438,169.72500610351562,8807
2022-06-03,173.875,173.875,174.27499389648438,172.14999389648438,173.0,6283
2022-06-06,171.97500610351562,171.97500610351562,174.1750030517578,171.6999969482422,172.75,5394
2022-06-07,172.4499969482422,172.4499969482422,172.6750030517578,171.0,171.5,4356
2022-06-08,175.64999389648438,175.64999389648438,176.5749969482422,171.9250030517578,172.0,7482
2022-06-09,176.02499389648438,176.02499389648438,176.875,175.5500030517578,175.89999389648438,6607
2022-06-10,174.47500610351562,174.47500610351562,176.5,174.02499389648438,175.75,5328
2022-06-13,171.3249969482422,171.3249969482422,173.75,169.39999389648438,173.5,7674
2022-06-14,171.3000030517578,171.3000030517578,172.8000030517578,170.72500610351562,171.4499969482422,4509
2022-06-15,173.27499389648438,173.27499389648438,173.85000610351562,172.3000030517578,172.52499389648438,5324
2022-06-16,171.3000030517578,171.3000030517578,173.0500030517578,170.5500030517578,172.6750030517578,5027
2022-06-17,172.9499969482422,172.9499969482422,173.6999969482422,170.6999969482422,171.02499389648438,6219
2022-06-21,175.3000030517578,175.3000030517578,176.10000610351562,174.14999389648438,174.5,7764
2022-06-22,173.14999389648438,173.14999389648438,175.35000610351562,172.875,174.9499969482422,5848
2022-06-23,174.85000610351562,174.85000610351562,175.875,173.4499969482422,174.27499389648438,6972
2022-06-24,172.5,172.5,174.85000610351562,172.1999969482422,174.1999969482422,6895
2022-06-27,174.125,174.125,175.75,172.6750030517578,173.875,6754
2022-06-28,171.8249969482422,171.8249969482422,173.9499969482422,171.64999389648438,173.35000610351562,6844
2022-06-29,170.72500610351562,170.72500610351562,172.6750030517578,170.3249969482422,171.64999389648438,6846
2022-06-30,173.60000610351562,173.60000610351562,174.125,170.5749969482422,171.5,8744
2022-07-01,174.5,174.5,175.5749969482422,173.5500030517578,173.60000610351562,8173
2022-07-05,172.6999969482422,172.6999969482422,176.3249969482422,172.4499969482422,175.0,6647
2022-07-06,173.3000030517578,173.3000030517578,173.89999389648438,172.0749969482422,173.22500610351562,7525
2022-07-07,172.47500610351562,172.47500610351562,173.77499389648438,171.60000610351562,173.60000610351562,6594
2022-07-08,171.72500610351562,171.72500610351562,173.60000610351562,171.52499389648438,172.52499389648438,6947
2022-07-11,174.875,174.875,175.27499389648438,170.0,171.1999969482422,9553
2022-07-12,179.5749969482422,179.5749969482422,179.89999389648438,175.1750030517578,175.3000030517578,11489
2022-07-13,180.8000030517578,180.8000030517578,181.0,178.1750030517578,179.25,8960
2022-07-14,178.89999389648438,178.89999389648438,180.35000610351562,178.4499969482422,179.89999389648438,7190
2022-07-15,176.35000610351562,176.35000610351562,179.02499389648438,176.0749969482422,178.85000610351562,6679
2022-07-18,176.6750030517578,176.6750030517578,177.22500610351562,175.27499389648438,176.14999389648438,6024
2022-07-19,178.75,178.75,179.4499969482422,177.77499389648438,178.0,4748
2022-07-20,177.8249969482422,177.8249969482422,179.64999389648438,177.625,178.8249969482422,5587
2022-07-21,178.27499389648438,178.27499389648438,178.6750030517578,176.375,178.6750030517578,5248
2022-07-22,181.5500030517578,181.5500030517578,181.8249969482422,178.3249969482422,178.5500030517578,5524
2022-07-25,179.3000030517578,179.3000030517578,181.1750030517578,178.6999969482422,179.60000610351562,3855
2022-07-26,177.4250030517578,177.4250030517578,178.5749969482422,177.0,178.3000030517578,2626
2022-07-27,179.10000610351562,179.10000610351562,179.35000610351562,177.0,177.0,1953
2022-07-28,177.4250030517578,177.4250030517578,178.64999389648438,177.3000030517578,178.47500610351562,1490
2022-07-29,178.5749969482422,178.5749969482422,178.9499969482422,175.75,176.85000610351562,2311
2022-08-01,179.64999389648438,179.64999389648438,180.3249969482422,179.125,179.4499969482422,1449
2022-08-02,178.125,178.125,180.14999389648438,177.89999389648438,179.89999389648438,1817
2022-08-03,179.35000610351562,179.35000610351562,179.625,177.77499389648438,178.0,1576
2022-08-04,179.0749969482422,179.0749969482422,179.6999969482422,177.89999389648438,179.14999389648438,1176
2022-08-05,179.52499389648438,179.52499389648438,180.6999969482422,178.9499969482422,179.1750030517578,1546
2022-08-08,181.27499389648438,181.27499389648438,181.9499969482422,179.77499389648438,179.8249969482422,2244
2022-08-09,178.8000030517578,178.8000030517578,180.35000610351562,178.5,180.3000030517578,1812
2022-08-10,180.6750030517578,180.6750030517578,181.0749969482422,178.64999389648438,179.3000030517578,1542
2022-08-11,179.9499969482422,179.9499969482422,181.0500030517578,179.1750030517578,180.6750030517578,1358
2022-08-12,179.625,179.625,181.1750030517578,179.125,180.27499389648438,1430
2022-08-15,179.9250030517578,179.9250030517578,181.39999389648438,179.0,180.60000610351562,1239
2022-08-16,181.52499389648438,181.52499389648438,182.5,180.1999969482422,180.1999969482422,1529
2022-08-17,183.25,183.25,183.72500610351562,181.125,181.8000030517578,1293
2022-08-18,181.52499389648438,181.52499389648438,183.3249969482422,181.27499389648438,183.14999389648438,1170
2022-08-19,181.5,181.5,182.0749969482422,180.85000610351562,181.35000610351562,845
2022-08-22,181.39999389648438,181.39999389648438,181.875,181.0500030517578,181.0500030517578,1039
2022-08-23,180.89999389648438,180.89999389648438,181.4250030517578,180.5,181.0749969482422,783
2022-08-24,181.22500610351562,181.22500610351562,181.64999389648438,180.5,180.60000610351562,662
2022-08-25,181.875,181.875,181.89999389648438,181.3249969482422,181.3249969482422,3101
2022-08-26,182.1999969482422,182.1999969482422,184.60000610351562,181.89999389648438,184.3249969482422,2193
2022-08-29,179.9250030517578,179.9250030517578,181.625,179.52499389648438,181.5,3261
2022-08-30,182.1750030517578,182.1750030517578,182.64999389648438,180.85000610351562,181.3000030517578,2390
2022-08-31,182.4499969482422,182.4499969482422,183.0,182.0749969482422,182.77499389648438,1672
2022-09-01,183.14999389648438,183.14999389648438,184.14999389648438,182.625,182.6999969482422,1197
2022-09-02,183.875,183.875,184.0500030517578,182.22500610351562,182.9250030517578,1856
2022-09-06,184.1750030517578,184.1750030517578,185.3000030517578,183.4250030517578,183.4250030517578,2166
2022-09-07,182.02499389648438,182.02499389648438,183.97500610351562,181.8000030517578,183.5,2657
2022-09-08,182.3249969482422,182.3249969482422,182.875,181.4250030517578,182.8000030517578,1303
2022-09-09,183.0,183.0,183.64999389648438,182.22500610351562,182.64999389648438,1859
2022-09-12,181.52499389648438,181.52499389648438,183.625,181.0,182.72500610351562,1637
2022-09-13,179.4499969482422,179.4499969482422,181.72500610351562,178.5,181.52499389648438,1613
2022-09-14,179.97500610351562,179.97500610351562,180.47500610351562,178.8000030517578,179.4499969482422,1050
2022-09-15,179.35000610351562,179.35000610351562,179.85000610351562,178.9250030517578,179.64999389648438,693
2022-09-16,179.1999969482422,179.1999969482422,179.47500610351562,178.3000030517578,179.0,769
2022-09-19,179.9499969482422,179.9499969482422,180.02499389648438,178.89999389648438,179.4499969482422,841
2022-09-20,178.8000030517578,178.8000030517578,180.35000610351562,178.64999389648438,179.60000610351562,954
2022-09-21,178.1750030517578,178.1750030517578,179.52499389648438,178.0500030517578,178.77499389648438,661
2022-09-22,178.1999969482422,178.1999969482422,178.97500610351562,178.0500030517578,178.60000610351562,702
2022-09-23,178.125,178.125,178.8000030517578,177.5749969482422,178.6999969482422,672
2022-09-26,176.875,176.875,178.60000610351562,176.75,177.9499969482422,824
2022-09-27,175.6999969482422,175.6999969482422,177.0,175.0500030517578,177.0,824
2022-09-28,175.375,175.375,175.97500610351562,174.9250030517578,175.6999969482422,634
2022-09-29,175.97500610351562,175.97500610351562,176.0749969482422,175.3249969482422,175.375,3132
2022-09-30,174.1750030517578,174.1750030517578,178.1999969482422,174.0,177.4250030517578,2786
2022-10-03,175.52499389648438,175.52499389648438,176.5500030517578,174.4250030517578,174.52499389648438,1387
2022-10-04,174.64999389648438,174.64999389648438,176.10000610351562,174.25,175.9499969482422,1417
2022-10-05,176.5500030517578,176.5500030517578,176.9499969482422,174.125,175.3000030517578,1922
2022-10-06,175.72500610351562,175.72500610351562,177.25,175.3249969482422,177.0749969482422,1692
2022-10-07,174.72500610351562,174.72500610351562,175.9499969482422,174.5500030517578,175.4250030517578,1541
2022-10-10,172.10000610351562,172.10000610351562,174.77499389648438,171.4499969482422,174.27499389648438,1704
2022-10-11,175.0749969482422,175.0749969482422,175.39999389648438,172.4250030517578,172.60000610351562,1778
2022-10-12,175.5,175.5,176.625,175.0,175.60000610351562,1521
2022-10-13,174.75,174.75,176.1750030517578,174.4499969482422,175.39999389648438,1484
2022-10-14,173.8000030517578,173.8000030517578,175.14999389648438,173.14999389648438,175.0,660
2022-10-17,174.75,174.75,175.1999969482422,173.77499389648438,173.875,1319
2022-10-18,174.8249969482422,174.8249969482422,175.60000610351562,174.5,174.89999389648438,1204
2022-10-19,175.22500610351562,175.22500610351562,175.47500610351562,174.6999969482422,175.0749969482422,1103
2022-10-20,175.5749969482422,175.5749969482422,175.6999969482422,175.02499389648438,175.02499389648438,704
2022-10-21,175.27499389648438,175.27499389648438,176.39999389648438,175.0749969482422,175.4499969482422,883
2022-10-24,175.6750030517578,175.6750030517578,175.77499389648438,175.14999389648438,175.14999389648438,919
2022-10-25,176.60000610351562,176.60000610351562,177.3249969482422,176.3000030517578,176.3000030517578,1114
2022-10-26,176.4250030517578,176.4250030517578,176.72500610351562,176.02499389648438,176.4499969482422,653
2022-10-27,175.97500610351562,175.97500610351562,176.25,175.8000030517578,176.1750030517578,1914
2022-10-28,177.875,177.875,178.9250030517578,177.6999969482422,178.0,1322
2022-10-31,177.625,177.625,177.9250030517578,175.75,176.5749969482422,2427
2022-11-01,176.9250030517578,176.9250030517578,178.14999389648438,176.6750030517578,177.25,1963
2022-11-02,178.9250030517578,178.9250030517578,179.22500610351562,177.89999389648438,177.97500610351562,2482
2022-11-03,178.0,178.0,179.1999969482422,177.25,179.0,3369
2022-11-04,177.8249969482422,177.8249969482422,178.8249969482422,177.5,177.625,1479
2022-11-07,178.22500610351562,178.22500610351562,178.4499969482422,177.52499389648438,178.10000610351562,597
2022-11-08,178.27499389648438,178.27499389648438,178.625,177.72500610351562,178.35000610351562,691
2022-11-09,177.72500610351562,177.72500610351562,178.25,177.4499969482422,178.125,824
2022-11-10,178.625,178.625,178.75,177.5,177.6999969482422,1315
2022-11-11,176.9499969482422,176.9499969482422,178.1999969482422,176.85000610351562,178.1750030517578,1234
2022-11-14,176.9499969482422,176.9499969482422,177.3000030517578,176.4499969482422,176.85000610351562,1088
2022-11-15,175.6750030517578,175.6750030517578,176.9250030517578,175.52499389648438,176.8249969482422,1364
2022-11-16,175.6999969482422,175.6999969482422,176.10000610351562,175.3000030517578,175.89999389648438,947
2022-11-17,175.85000610351562,175.85000610351562,176.0500030517578,175.5749969482422,175.64999389648438,10831
2022-11-18,180.77499389648438,180.77499389648438,181.1999969482422,179.27499389648438,179.97500610351562,7579
2022-11-21,182.625,182.625,183.0749969482422,181.5,181.5,7541
2022-11-22,181.6750030517578,181.6750030517578,182.5,181.1999969482422,182.47500610351562,6347
2022-11-23,179.25,179.25,182.0500030517578,179.0500030517578,182.0500030517578,6910
2022-11-25,178.3000030517578,178.3000030517578,180.1999969482422,178.22500610351562,180.1999969482422,4045
2022-11-28,176.875,176.875,179.25,176.6999969482422,178.9250030517578,7452
2022-11-29,178.0,178.0,178.35000610351562,176.75,177.52499389648438,6208
2022-11-30,180.47500610351562,180.47500610351562,180.75,177.0500030517578,178.1999969482422,9193
2022-12-01,181.0749969482422,181.0749969482422,181.47500610351562,180.0500030517578,180.8000030517578,6292
2022-12-02,182.4499969482422,182.4499969482422,182.9499969482422,180.9250030517578,181.14999389648438,6921
2022-12-05,183.77499389648438,183.77499389648438,184.1999969482422,181.9499969482422,182.35000610351562,6707
2022-12-06,181.8000030517578,181.8000030517578,183.14999389648438,180.3000030517578,182.97500610351562,8528
2022-12-07,180.89999389648438,180.89999389648438,182.25,180.75,181.5,6923
2022-12-08,183.47500610351562,183.47500610351562,183.8000030517578,181.10000610351562,181.3000030517578,8257
2022-12-09,183.9250030517578,183.9250030517578,184.89999389648438,182.85000610351562,183.125,6974
2022-12-12,183.64999389648438,183.64999389648438,183.9499969482422,182.72500610351562,183.64999389648438,5406
2022-12-13,184.22500610351562,184.22500610351562,184.4499969482422,183.0749969482422,183.4499969482422,5435
2022-12-14,183.60000610351562,183.60000610351562,184.5500030517578,183.3249969482422,184.39999389648438,4871
2022-12-15,183.0500030517578,183.0500030517578,184.22500610351562,182.8249969482422,183.3249969482422,4141
2022-12-16,183.77499389648438,183.77499389648438,184.4499969482422,183.125,183.125,6031
2022-12-19,182.10000610351562,182.10000610351562,184.4499969482422,181.60000610351562,184.02499389648438,5708
2022-12-20,183.625,183.625,184.0,181.25,182.27499389648438,4481
2022-12-21,183.8249969482422,183.8249969482422,184.0749969482422,182.875,183.75,3947
2022-12-22,183.97500610351562,183.97500610351562,184.3000030517578,183.4499969482422,183.60000610351562,2378
2022-12-23,184.0,184.0,184.4499969482422,183.4499969482422,183.9499969482422,1944
2022-12-27,183.10000610351562,183.10000610351562,184.22500610351562,182.6999969482422,183.5500030517578,1920
2022-12-28,183.47500610351562,183.47500610351562,183.77499389648438,182.375,182.9250030517578,1554
2022-12-29,183.8000030517578,183.8000030517578,184.375,183.4499969482422,183.47500610351562,2538
2022-12-30,183.6999969482422,183.6999969482422,184.0500030517578,183.02499389648438,183.8000030517578,1192
2023-01-03,182.6999969482422,182.6999969482422,183.5,182.4499969482422,183.5,1448
2023-01-04,185.22500610351562,185.22500610351562,185.64999389648438,182.6750030517578,182.8000030517578,3479
2023-01-05,183.8000030517578,183.8000030517578,185.1999969482422,183.5,185.10000610351562,2422
2023-01-06,182.6999969482422,182.6999969482422,184.14999389648438,182.1999969482422,183.9499969482422,2333
2023-01-09,183.625,183.625,183.8000030517578,182.39999389648438,182.9250030517578,1714
2023-01-10,184.3000030517578,184.3000030517578,184.72500610351562,183.5,183.5500030517578,1930
2023-01-11,183.125,183.125,184.39999389648438,182.89999389648438,184.39999389648438,2015
2023-01-12,182.125,182.125,183.4250030517578,182.02499389648438,183.0,1430
2023-01-13,181.25,181.25,182.22500610351562,180.77499389648438,182.10000610351562,1490
2023-01-17,179.64999389648438,179.64999389648438,181.1999969482422,179.52499389648438,181.0500030517578,1731
2023-01-18,179.5,179.5,180.39999389648438,179.10000610351562,179.6750030517578,1442
2023-01-19,178.10000610351562,178.10000610351562,179.10000610351562,177.5500030517578,179.10000610351562,1366
2023-01-20,177.9250030517578,177.9250030517578,178.5500030517578,177.5500030517578,177.77499389648438,1164
2023-01-23,179.1750030517578,179.1750030517578,179.52499389648438,178.0749969482422,178.0749969482422,1387
2023-01-24,178.9499969482422,178.9499969482422,179.14999389648438,178.77499389648438,178.9499969482422,602
2023-01-25,179.39999389648438,179.39999389648438,179.5,178.9499969482422,179.0500030517578,898
2023-01-26,179.5749969482422,179.5749969482422,179.72500610351562,179.47500610351562,179.5,6296
2023-01-27,183.47500610351562,183.47500610351562,183.77499389648438,182.6999969482422,182.8249969482422,4891
2023-01-30,183.9250030517578,183.9250030517578,184.75,183.14999389648438,183.25,6865
2023-01-31,186.14999389648438,186.14999389648438,186.39999389648438,184.375,184.4499969482422,9193
2023-02-01,183.25,183.25,186.5749969482422,182.6999969482422,186.1999969482422,11222
2023-02-02,185.9250030517578,185.9250030517578,186.47500610351562,183.4499969482422,183.5749969482422,11062
2023-02-03,186.10000610351562,186.10000610351562,186.4499969482422,185.4250030517578,185.9250030517578,7196
2023-02-06,187.6999969482422,187.6999969482422,187.85000610351562,185.4499969482422,186.47500610351562,8669
2023-02-07,187.1999969482422,187.1999969482422,188.5749969482422,186.97500610351562,187.64999389648438,10770
2023-02-08,186.4499969482422,186.4499969482422,187.625,186.27499389648438,186.77499389648438,5521
2023-02-09,186.8249969482422,186.8249969482422,187.3249969482422,185.60000610351562,186.5,6485
2023-02-10,186.39999389648438,186.39999389648438,187.375,186.02499389648438,186.75,4989
2023-02-13,187.1999969482422,187.1999969482422,188.1999969482422,185.5500030517578,187.02499389648438,8223
2023-02-14,186.64999389648438,186.64999389648438,187.22500610351562,186.125,186.89999389648438,3719
2023-02-15,187.3249969482422,187.3249969482422,187.9250030517578,186.25,186.4250030517578,5712
2023-02-16,186.22500610351562,186.22500610351562,187.22500610351562,185.8249969482422,187.22500610351562,4403
2023-02-17,186.52499389648438,186.52499389648438,187.125,185.625,186.0500030517578,4102
2023-02-21,186.875,186.875,187.39999389648438,185.89999389648438,186.5,4459
2023-02-22,187.97500610351562,187.97500610351562,188.10000610351562,186.14999389648438,186.8249969482422,6047
2023-02-23,189.22500610351562,189.22500610351562,189.75,187.6999969482422,187.75,9945
2023-02-24,189.0749969482422,189.0749969482422,189.97500610351562,188.10000610351562,189.35000610351562,6353
2023-02-27,189.1750030517578,189.1750030517578,190.1750030517578,188.4250030517578,189.0749969482422,4805
2023-02-28,189.8000030517578,189.8000030517578,190.1999969482422,188.8000030517578,189.1750030517578,2594
2023-03-01,188.3000030517578,188.3000030517578,191.10000610351562,187.6750030517578,189.64999389648438,5807
2023-03-02,188.5749969482422,188.5749969482422,189.0,188.0500030517578,188.27499389648438,1899
2023-03-03,190.0,190.0,190.25,188.5749969482422,188.60000610351562,2403
2023-03-06,192.0749969482422,192.0749969482422,192.375,189.9250030517578,190.27499389648438,3648
2023-03-07,192.125,192.125,192.8249969482422,191.77499389648438,192.1750030517578,2277
2023-03-08,193.75,193.75,193.8000030517578,191.25,192.125,2706
2023-03-09,193.0749969482422,193.0749969482422,194.3249969482422,192.5,193.27499389648438,2077
2023-03-10,191.47500610351562,191.47500610351562,192.9499969482422,191.4250030517578,192.64999389648438,2084
2023-03-13,190.8249969482422,190.8249969482422,191.1750030517578,190.0749969482422,191.02499389648438,2625
2023-03-14,189.9250030517578,189.9250030517578,191.375,189.625,191.1750030517578,1702
2023-03-15,188.1999969482422,188.1999969482422,189.8000030517578,187.60000610351562,189.75,2993
2023-03-16,189.5,189.5,189.9250030517578,188.0,188.35000610351562,1091
2023-03-17,188.85000610351562,188.85000610351562,189.27499389648438,188.14999389648438,189.27499389648438,981
2023-03-20,188.1999969482422,188.1999969482422,189.75,188.1750030517578,189.5500030517578,744
2023-03-21,188.77499389648438,188.77499389648438,189.14999389648438,187.8000030517578,188.5,585
2023-03-22,188.25,188.25,189.02499389648438,188.0,188.8000030517578,880
2023-03-23,189.02499389648438,189.02499389648438,189.0749969482422,188.0,188.0,493
2023-03-24,189.64999389648438,189.64999389648438,190.125,188.3000030517578,189.27499389648438,1030
2023-03-27,192.35000610351562,192.35000610351562,192.4499969482422,190.5,190.5500030517578,1675
2023-03-28,191.72500610351562,191.72500610351562,192.0,191.5,192.0,903
2023-03-29,191.4499969482422,191.4499969482422,191.85000610351562,191.375,191.64999389648438,955
2023-03-30,192.39999389648438,192.39999389648438,192.47500610351562,192.14999389648438,192.1999969482422,2506
2023-03-31,200.8249969482422,200.8249969482422,202.25,199.8249969482422,200.0,2329
2023-04-03,198.9499969482422,198.9499969482422,200.6750030517578,197.9250030517578,200.25,2795
2023-04-04,197.9499969482422,197.9499969482422,200.75,197.5500030517578,199.3000030517578,1936
2023-04-05,197.8249969482422,197.8249969482422,198.6999969482422,197.625,198.22500610351562,1299
2023-04-06,200.625,200.625,201.77499389648438,199.4499969482422,200.0,0
2023-04-10,200.9250030517578,200.9250030517578,201.35000610351562,199.14999389648438,200.625,1602
2023-04-11,202.10000610351562,202.10000610351562,202.1999969482422,200.3000030517578,200.8000030517578,2564
2023-04-12,202.22500610351562,202.22500610351562,203.5,201.625,201.85000610351562,2697
2023-04-13,202.6750030517578,202.6750030517578,204.0,202.25,203.60000610351562,2200
2023-04-14,203.39999389648438,203.39999389648438,203.60000610351562,201.75,202.5749969482422,1935
2023-04-17,205.5500030517578,205.5500030517578,205.89999389648438,204.0,204.10000610351562,1879
2023-04-18,205.9250030517578,205.9250030517578,206.10000610351562,204.6750030517578,205.85000610351562,864
2023-04-19,204.6750030517578,204.6750030517578,206.5,204.0500030517578,205.625,1843
2023-04-20,205.02499389648438,205.02499389648438,205.22500610351562,202.72500610351562,204.10000610351562,1234
2023-04-21,203.77499389648438,203.77499389648438,205.14999389648438,203.5500030517578,204.77499389648438,1244
2023-04-24,202.5500030517578,202.5500030517578,203.0749969482422,201.0,203.0,807
2023-04-25,202.0749969482422,202.0749969482422,202.27499389648438,201.89999389648438,202.10000610351562,858
2023-04-26,202.6750030517578,202.6750030517578,202.75,202.02499389648438,202.02499389648438,510
2023-04-27,202.6750030517578,202.6750030517578,202.77499389648438,202.5,202.6999969482422,2707
2023-04-28,210.97500610351562,210.97500610351562,212.1999969482422,210.47500610351562,211.52499389648438,1925
2023-05-01,209.6999969482422,209.6999969482422,211.3000030517578,209.14999389648438,210.5500030517578,1930
2023-05-02,205.9499969482422,205.9499969482422,209.52499389648438,205.875,209.52499389648438,3398
2023-05-03,203.4250030517578,203.4250030517578,205.85000610351562,203.14999389648438,205.85000610351562,3734
2023-05-04,203.64999389648438,203.64999389648438,204.5,203.4250030517578,203.6999969482422,1676
2023-05-05,202.52499389648438,202.52499389648438,204.5,202.1750030517578,203.64999389648438,3084
2023-05-08,203.4250030517578,203.4250030517578,203.875,202.0,202.1750030517578,1471
2023-05-09,205.9250030517578,205.9250030517578,206.10000610351562,203.22500610351562,203.9250030517578,1650
2023-05-10,205.375,205.375,205.9499969482422,204.875,205.89999389648438,1609
2023-05-11,204.125,204.125,206.0749969482422,204.0,205.35000610351562,1832
2023-05-12,205.47500610351562,205.47500610351562,205.60000610351562,203.9499969482422,204.625,1437
2023-05-15,206.5,206.5,206.5500030517578,205.14999389648438,205.60000610351562,1097
2023-05-16,205.6999969482422,205.6999969482422,206.8000030517578,205.35000610351562,206.64999389648438,828
2023-05-17,204.5500030517578,204.5500030517578,205.97500610351562,204.4250030517578,205.89999389648438,1101
2023-05-18,206.10000610351562,206.10000610351562,206.1999969482422,204.64999389648438,205.39999389648438,1388
2023-05-19,206.27499389648438,206.27499389648438,206.6999969482422,205.60000610351562,205.89999389648438,1674
2023-05-22,206.5749969482422,206.5749969482422,206.8249969482422,205.85000610351562,206.4250030517578,966
2023-05-23,207.8000030517578,207.8000030517578,207.9250030517578,207.22500610351562,207.4499969482422,1222
2023-05-24,208.97500610351562,208.97500610351562,209.0500030517578,207.8249969482422,208.1999969482422,974
2023-05-25,208.97500610351562,208.97500610351562,209.1999969482422,208.6750030517578,208.85000610351562,5627
2023-05-26,233.9250030517578,233.9250030517578,235.0,233.47500610351562,234.0,4383
2023-05-30,237.77499389648438,237.77499389648438,238.5500030517578,234.3249969482422,234.3249969482422,8321
2023-05-31,239.1750030517578,239.1750030517578,239.85000610351562,237.3000030517578,237.97500610351562,6950
2023-06-01,241.64999389648438,241.64999389648438,242.0500030517578,236.5749969482422,238.1750030517578,10419
2023-06-02,241.89999389648438,241.89999389648438,243.8000030517578,240.6999969482422,242.89999389648438,7175
2023-06-05,242.60000610351562,242.60000610351562,243.0749969482422,241.02499389648438,241.89999389648438,6652
2023-06-06,243.25,243.25,244.47500610351562,241.27499389648438,242.5,7002
2023-06-07,239.10000610351562,239.10000610351562,245.1750030517578,238.5500030517578,244.10000610351562,11504
2023-06-08,238.64999389648438,238.64999389648438,240.8249969482422,238.10000610351562,239.125,6907
2023-06-09,239.0,239.0,240.89999389648438,236.8249969482422,239.25,6910
2023-06-12,239.0500030517578,239.0500030517578,239.64999389648438,237.5500030517578,238.25,4936
2023-06-13,240.4499969482422,240.4499969482422,240.9250030517578,237.5500030517578,238.6750030517578,4951
2023-06-14,235.89999389648438,235.89999389648438,241.89999389648438,235.5500030517578,240.97500610351562,8058
2023-06-15,234.125,234.125,234.625,232.27499389648438,234.625,10233
2023-06-16,234.9250030517578,234.9250030517578,236.39999389648438,232.6999969482422,233.0,6733
2023-06-20,232.14999389648438,232.14999389648438,235.85000610351562,231.875,234.75,6149
2023-06-21,227.72500610351562,227.72500610351562,230.64999389648438,226.6999969482422,230.64999389648438,11545
2023-06-22,230.6750030517578,230.6750030517578,230.9250030517578,227.9499969482422,228.89999389648438,6507
2023-06-23,233.9499969482422,233.9499969482422,235.14999389648438,231.39999389648438,231.89999389648438,7526
2023-06-26,233.6750030517578,233.6750030517578,235.25,231.39999389648438,233.1750030517578,6189
2023-06-27,238.5,238.5,239.0749969482422,235.75,235.8249969482422,7750
2023-06-28,240.25,240.25,240.6999969482422,238.0,239.4250030517578,8789
2023-06-29,242.375,242.375,242.75,239.3249969482422,240.5500030517578,6096
2023-06-30,247.5749969482422,247.5749969482422,248.0749969482422,240.39999389648438,241.85000610351562,12167
2023-07-03,247.89999389648438,247.89999389648438,247.97500610351562,245.64999389648438,246.60000610351562,6919
2023-07-05,244.6999969482422,244.6999969482422,248.85000610351562,244.35000610351562,246.77499389648438,7561
2023-07-06,242.27499389648438,242.27499389648438,243.9250030517578,240.8000030517578,243.9250030517578,8560
2023-07-07,245.4250030517578,245.4250030517578,245.77499389648438,242.60000610351562,242.60000610351562,6013
2023-07-10,246.25,246.25,247.3000030517578,244.14999389648438,245.10000610351562,7002
2023-07-11,247.14999389648438,247.14999389648438,248.14999389648438,245.0500030517578,245.72500610351562,6614
2023-07-12,246.5749969482422,246.5749969482422,251.3000030517578,245.52499389648438,247.0500030517578,10744
2023-07-13,245.0,245.0,246.9250030517578,243.5,246.77499389648438,9363
2023-07-14,246.64999389648438,246.64999389648438,247.1750030517578,244.0,244.3000030517578,7569
2023-07-17,249.25,249.25,249.9499969482422,245.3000030517578,246.1750030517578,7926
2023-07-18,248.0,248.0,249.625,247.60000610351562,248.0749969482422,6226
2023-07-19,246.8000030517578,246.8000030517578,247.27499389648438,244.75,245.875,7870
2023-07-20,245.10000610351562,245.10000610351562,249.85000610351562,244.14999389648438,247.1750030517578,9604
2023-07-21,245.9250030517578,245.9250030517578,247.5749969482422,244.85000610351562,246.9250030517578,6648
2023-07-24,243.25,243.25,245.52499389648438,242.27499389648438,243.64999389648438,7118
2023-07-25,243.22500610351562,243.22500610351562,245.60000610351562,242.0,244.8000030517578,5803
2023-07-26,244.1999969482422,244.1999969482422,245.35000610351562,242.5749969482422,243.27499389648438,5307
2023-07-27,244.64999389648438,244.64999389648438,245.6999969482422,242.8000030517578,243.5,4114
2023-07-28,245.60000610351562,245.60000610351562,246.0749969482422,244.77499389648438,245.5500030517578,4850
2023-07-31,245.60000610351562,245.60000610351562,247.14999389648438,244.14999389648438,246.89999389648438,4408
2023-08-01,248.47500610351562,248.47500610351562,248.85000610351562,245.02499389648438,245.52499389648438,3915
2023-08-02,246.8249969482422,246.8249969482422,248.6999969482422,245.77499389648438,248.0749969482422,3006
2023-08-03,247.9499969482422,247.9499969482422,248.0500030517578,246.14999389648438,246.8249969482422,1852
2023-08-04,249.52499389648438,249.52499389648438,249.97500610351562,247.1999969482422,247.5,3180
2023-08-07,246.97500610351562,246.97500610351562,249.89999389648438,246.5749969482422,248.9250030517578,2259
2023-08-08,246.0,246.0,247.5,244.1750030517578,247.02499389648438,2229
2023-08-09,247.14999389648438,247.14999389648438,247.4499969482422,245.9499969482422,245.9499969482422,1654
2023-08-10,248.0,248.0,249.0,246.9499969482422,247.1999969482422,1643
2023-08-11,247.75,247.75,248.9250030517578,247.1750030517578,248.47500610351562,1790
2023-08-14,246.22500610351562,246.22500610351562,248.625,245.9499969482422,248.1999969482422,2195
2023-08-15,245.875,245.875,246.97500610351562,245.10000610351562,246.25,2299
2023-08-16,245.375,245.375,246.52499389648438,245.1999969482422,245.89999389648438,1976
2023-08-17,244.27499389648438,244.27499389648438,245.6999969482422,243.39999389648438,245.39999389648438,2726
2023-08-18,245.5749969482422,245.5749969482422,245.9499969482422,243.5,244.0500030517578,1945
2023-08-21,246.77499389648438,246.77499389648438,246.97500610351562,245.89999389648438,246.10000610351562,1415
2023-08-22,245.5,245.5,246.9250030517578,245.10000610351562,246.89999389648438,1204
2023-08-23,245.02499389648438,245.02499389648438,246.27499389648438,244.89999389648438,245.5500030517578,1209
2023-08-24,246.5,246.5,246.6999969482422,245.14999389648438,245.35000610351562,1253
2023-08-25,247.625,247.625,247.64999389648438,246.35000610351562,246.75,902
2023-08-28,250.25,250.25,250.875,247.72500610351562,248.0,1562
2023-08-29,250.6999969482422,250.6999969482422,250.9499969482422,250.1750030517578,250.3249969482422,1011
2023-08-30,250.0500030517578,250.0500030517578,250.52499389648438,249.6750030517578,250.52499389648438,1134
2023-08-31,249.10000610351562,249.10000610351562,249.4250030517578,248.9250030517578,249.35000610351562,2879
2023-09-01,251.85000610351562,251.85000610351562,253.3000030517578,251.02499389648438,253.1999969482422,1626
2023-09-05,251.375,251.375,252.0500030517578,250.0,251.6999969482422,2539
2023-09-06,253.14999389648438,253.14999389648438,254.0749969482422,250.6999969482422,251.1999969482422,2106
2023-09-07,255.5749969482422,255.5749969482422,255.9499969482422,253.25,253.25,3335
2023-09-08,255.35000610351562,255.35000610351562,255.8000030517578,254.8249969482422,255.5500030517578,1582
2023-09-11,256.2250061035156,256.2250061035156,256.67498779296875,254.72500610351562,255.3249969482422,3218
2023-09-12,255.3249969482422,255.3249969482422,256.6000061035156,253.9499969482422,256.1000061035156,2343
2023-09-13,253.5,253.5,255.39999389648438,252.85000610351562,255.0,2047
2023-09-14,255.1750030517578,255.1750030517578,255.47500610351562,253.3000030517578,254.0,2356
2023-09-15,257.375,257.375,257.5,254.5749969482422,255.3249969482422,2128
2023-09-18,254.25,254.25,257.3500061035156,253.9250030517578,256.95001220703125,2003
2023-09-19,253.5,253.5,255.6750030517578,253.27499389648438,254.27499389648438,1419
2023-09-20,254.1750030517578,254.1750030517578,254.5,252.8249969482422,253.75,1386
2023-09-21,253.27499389648438,253.27499389648438,254.5,253.0,254.39999389648438,1239
2023-09-22,254.10000610351562,254.10000610351562,254.375,253.27499389648438,253.4250030517578,711
2023-09-25,253.875,253.875,254.3000030517578,253.1750030517578,254.10000610351562,494
2023-09-26,252.60000610351562,252.60000610351562,254.02499389648438,252.39999389648438,254.02499389648438,1598
2023-09-27,251.52499389648438,251.52499389648438,252.5,251.25,252.47500610351562,1354
2023-09-28,252.3249969482422,252.3249969482422,252.39999389648438,251.375,251.52499389648438,3106
2023-09-29,252.47500610351562,252.47500610351562,254.72500610351562,252.02499389648438,254.72500610351562,2212
2023-10-02,253.3249969482422,253.3249969482422,254.9499969482422,252.72500610351562,252.72500610351562,2222
2023-10-03,248.60000610351562,248.60000610351562,253.3000030517578,248.02499389648438,253.3000030517578,3069
2023-10-04,247.77499389648438,247.77499389648438,249.8000030517578,246.8000030517578,248.8000030517578,2415
2023-10-05,247.5,247.5,248.8000030517578,246.85000610351562,247.8000030517578,1369
2023-10-06,248.375,248.375,248.5500030517578,245.6999969482422,247.60000610351562,1268
2023-10-09,246.89999389648438,246.89999389648438,248.89999389648438,246.5,247.27499389648438,1219
2023-10-10,247.9499969482422,247.9499969482422,248.375,247.22500610351562,247.72500610351562,1027
2023-10-11,250.1750030517578,250.1750030517578,250.75,247.0,248.02499389648438,1859
2023-10-12,252.02499389648438,252.02499389648438,252.125,250.0,250.14999389648438,1783
2023-10-13,249.875,249.875,251.9499969482422,249.64999389648438,251.875,1103
2023-10-16,248.3249969482422,248.3249969482422,250.5,247.8249969482422,249.89999389648438,1301
2023-10-17,248.8000030517578,248.8000030517578,249.39999389648438,247.89999389648438,248.0,1156
2023-10-18,247.125,247.125,248.6750030517578,246.8000030517578,248.64999389648438,1694
2023-10-19,243.5749969482422,243.5749969482422,246.5,242.8000030517578,246.39999389648438,1759
2023-10-20,241.8249969482422,241.8249969482422,244.0,240.5500030517578,244.0,1295
2023-10-23,237.625,237.625,241.85000610351562,237.1750030517578,241.4250030517578,1483
2023-10-24,239.4250030517578,239.4250030517578,240.35000610351562,237.3000030517578,237.8000030517578,1284
2023-10-25,239.97500610351562,239.97500610351562,240.52499389648438,239.14999389648438,239.97500610351562,724
2023-10-26,240.5500030517578,240.5500030517578,240.60000610351562,239.5749969482422,239.9499969482422,2421
2023-10-27,236.89999389648438,236.89999389648438,238.4499969482422,234.85000610351562,237.0,2821
2023-10-30,237.6750030517578,237.6750030517578,239.0,236.8249969482422,237.3000030517578,1982
2023-10-31,237.6999969482422,237.6999969482422,238.9499969482422,236.5749969482422,237.75,2089
2023-11-01,238.5749969482422,238.5749969482422,238.9499969482422,237.8000030517578,238.0749969482422,1845
2023-11-02,242.625,242.625,242.75,238.97500610351562,238.97500610351562,1808
2023-11-03,240.60000610351562,240.60000610351562,242.5500030517578,240.0749969482422,242.5500030517578,2162
2023-11-06,237.1750030517578,237.1750030517578,240.8000030517578,236.9250030517578,240.64999389648438,1485
2023-11-07,232.22500610351562,232.22500610351562,237.6999969482422,231.1750030517578,237.47500610351562,3066
2023-11-08,234.5500030517578,234.5500030517578,236.125,229.4250030517578,232.39999389648438,3636
2023-11-09,229.0,229.0,234.9499969482422,228.5,234.5500030517578,3165
2023-11-10,229.72500610351562,229.72500610351562,231.25,227.77499389648438,229.3000030517578,1550
2023-11-13,230.72500610351562,230.72500610351562,231.5500030517578,229.27499389648438,229.5,1055
2023-11-14,230.0500030517578,230.0500030517578,230.875,229.39999389648438,229.6999969482422,1509
2023-11-15,229.4250030517578,229.4250030517578,229.72500610351562,229.125,229.5,985
2023-11-16,229.375,229.375,230.0,229.125,229.60000610351562,6693
2023-11-17,228.5,228.5,229.6999969482422,225.77499389648438,226.89999389648438,5239
2023-11-20,229.85000610351562,229.85000610351562,232.1999969482422,227.4499969482422,230.5,6006
2023-11-21,228.3249969482422,228.3249969482422,230.6750030517578,227.77499389648438,229.3000030517578,4215
2023-11-22,227.125,227.125,229.14999389648438,226.64999389648438,228.375,4141
2023-11-24,219.3249969482422,219.3249969482422,227.375,219.14999389648438,227.375,7514
2023-11-27,212.8000030517578,212.8000030517578,220.77499389648438,212.125,220.47500610351562,13542
2023-11-28,221.0500030517578,221.0500030517578,221.0500030517578,212.72500610351562,213.77499389648438,11044
2023-11-29,222.1999969482422,222.1999969482422,223.5749969482422,220.10000610351562,221.5500030517578,7574
2023-11-30,219.9499969482422,219.9499969482422,222.64999389648438,217.0749969482422,222.625,7968
2023-12-01,214.4250030517578,214.4250030517578,221.4499969482422,213.9250030517578,220.0,7110
2023-12-04,210.52499389648438,210.52499389648438,214.52499389648438,209.14999389648438,214.0,11508
2023-12-05,214.6999969482422,214.6999969482422,215.60000610351562,210.1750030517578,210.8000030517578,7394
2023-12-06,210.14999389648438,210.14999389648438,217.39999389648438,209.25,215.0,9432
2023-12-07,210.27499389648438,210.27499389648438,213.60000610351562,210.0,210.52499389648438,10239
2023-12-08,215.3000030517578,215.3000030517578,216.5749969482422,210.39999389648438,210.5,9214
2023-12-11,217.9499969482422,217.9499969482422,218.3000030517578,213.25,215.27499389648438,8391
2023-12-12,219.25,219.25,219.77499389648438,215.3000030517578,217.39999389648438,9896
2023-12-13,217.375,217.375,219.9499969482422,216.9250030517578,218.5,6285
2023-12-14,219.35000610351562,219.35000610351562,221.125,218.25,218.4499969482422,5085
2023-12-15,220.89999389648438,220.89999389648438,221.5,218.1999969482422,219.75,4585
2023-12-18,223.1750030517578,223.1750030517578,225.0,221.39999389648438,221.39999389648438,5783
2023-12-19,221.89999389648438,221.89999389648438,224.3249969482422,221.625,223.1999969482422,4329
2023-12-20,224.0500030517578,224.0500030517578,224.375,221.22500610351562,222.22500610351562,2661
2023-12-21,221.6999969482422,221.6999969482422,225.22500610351562,221.5500030517578,224.10000610351562,1764
2023-12-22,222.75,222.75,223.77499389648438,221.25,222.39999389648438,1862
2023-12-26,223.5500030517578,223.5500030517578,224.02499389648438,219.89999389648438,220.5749969482422,1967
2023-12-27,224.47500610351562,224.47500610351562,225.9499969482422,223.27499389648438,223.60000610351562,1567
2023-12-28,222.47500610351562,222.47500610351562,224.89999389648438,221.9250030517578,224.35000610351562,1190
2023-12-29,222.3000030517578,222.3000030517578,224.0749969482422,221.77499389648438,223.89999389648438,1449
2024-01-02,225.4250030517578,225.4250030517578,226.4250030517578,222.22500610351562,222.3000030517578,1959
2024-01-03,226.0749969482422,226.0749969482422,226.3000030517578,224.1750030517578,225.4250030517578,1313
2024-01-04,224.6750030517578,224.6750030517578,226.375,224.4250030517578,226.27499389648438,1409
2024-01-05,223.125,223.125,226.875,222.5500030517578,224.77499389648438,2095
2024-01-08,223.875,223.875,226.5,223.14999389648438,223.52499389648438,1965
2024-01-09,223.77499389648438,223.77499389648438,225.0,223.0749969482422,223.9499969482422,2605
2024-01-10,224.625,224.625,225.4499969482422,223.625,223.8249969482422,1827
2024-01-11,226.27499389648438,226.27499389648438,226.6999969482422,223.6999969482422,224.75,1118
2024-01-12,226.5749969482422,226.5749969482422,228.14999389648438,225.1999969482422,226.25,1429
2024-01-16,227.5500030517578,227.5500030517578,228.27499389648438,225.6750030517578,226.60000610351562,1967
2024-01-17,228.4250030517578,228.4250030517578,228.5749969482422,226.72500610351562,227.5749969482422,892
2024-01-18,230.9250030517578,230.9250030517578,231.6999969482422,228.3000030517578,228.47500610351562,2259
2024-01-19,230.10000610351562,230.10000610351562,231.375,229.6999969482422,230.9250030517578,1265
2024-01-22,229.8249969482422,229.8249969482422,230.1750030517578,228.27499389648438,230.0,1578
2024-01-23,231.0,231.0,231.875,229.77499389648438,229.9250030517578,1870
2024-01-24,231.8249969482422,231.8249969482422,232.10000610351562,231.60000610351562,231.60000610351562,1172
2024-01-25,232.02499389648438,232.02499389648438,232.35000610351562,231.5749969482422,232.0,11368
2024-01-26,239.6999969482422,239.6999969482422,241.64999389648438,237.5749969482422,238.0,8847
2024-01-29,238.625,238.625,241.9250030517578,238.39999389648438,239.75,6694
2024-01-30,241.3249969482422,241.3249969482422,241.5749969482422,238.02499389648438,238.625,7068
2024-01-31,240.14999389648438,240.14999389648438,241.5500030517578,239.5500030517578,240.9499969482422,5696
2024-02-01,244.875,244.875,245.60000610351562,240.85000610351562,240.9499969482422,8914
2024-02-02,244.8000030517578,244.8000030517578,246.125,244.0,245.0,6823
2024-02-05,242.75,242.75,245.8000030517578,242.35000610351562,245.0,5952
2024-02-06,246.6750030517578,246.6750030517578,247.10000610351562,242.125,242.4250030517578,7323
2024-02-07,245.5500030517578,245.5500030517578,248.25,245.0500030517578,246.97500610351562,7773
2024-02-08,246.85000610351562,246.85000610351562,249.14999389648438,246.27499389648438,246.75,6458
2024-02-09,247.14999389648438,247.14999389648438,248.35000610351562,245.9250030517578,247.25,5660
2024-02-12,248.8249969482422,248.8249969482422,249.89999389648438,247.10000610351562,247.14999389648438,6806
2024-02-13,248.0,248.0,248.97500610351562,247.3000030517578,248.52499389648438,5605
2024-02-14,246.22500610351562,246.22500610351562,248.39999389648438,243.5500030517578,248.0,7549
2024-02-15,247.10000610351562,247.10000610351562,247.35000610351562,244.02499389648438,245.3000030517578,5440
2024-02-16,251.02499389648438,251.02499389648438,251.9250030517578,247.125,247.125,8817
2024-02-20,251.375,251.375,252.25,249.25,250.625,6148
2024-02-21,251.35000610351562,251.35000610351562,253.4499969482422,250.39999389648438,251.1750030517578,6380
2024-02-22,252.0500030517578,252.0500030517578,254.72500610351562,250.72500610351562,250.9499969482422,7108
2024-02-23,254.5749969482422,254.5749969482422,254.75,251.0500030517578,251.8000030517578,5449
2024-02-26,253.0500030517578,253.0500030517578,254.89999389648438,250.9250030517578,252.72500610351562,4063
2024-02-27,253.0,253.0,254.39999389648438,251.6750030517578,253.0500030517578,2308
2024-02-28,249.60000610351562,249.60000610351562,252.6750030517578,249.0749969482422,252.0500030517578,2400
2024-02-29,249.0,249.0,250.22500610351562,247.5,249.4250030517578,1438
2024-03-01,252.97500610351562,252.97500610351562,253.0749969482422,249.25,249.35000610351562,2177
2024-03-04,251.5500030517578,251.5500030517578,253.0749969482422,250.9499969482422,252.97500610351562,1824
2024-03-05,252.3000030517578,252.3000030517578,252.875,250.64999389648438,251.5,1281
2024-03-06,251.02499389648438,251.02499389648438,252.97500610351562,249.9499969482422,252.89999389648438,1571
2024-03-07,251.02499389648438,251.02499389648438,251.47500610351562,249.89999389648438,250.875,1323
2024-03-08,249.1999969482422,249.1999969482422,252.8000030517578,248.9499969482422,251.5,2416
2024-03-11,248.25,248.25,249.1999969482422,248.10000610351562,249.1999969482422,949
2024-03-12,248.97500610351562,248.97500610351562,249.89999389648438,248.3000030517578,248.35000610351562,1050
2024-03-13,250.27499389648438,250.27499389648438,250.47500610351562,248.4250030517578,249.0,1967
2024-03-14,247.47500610351562,247.47500610351562,251.625,246.52499389648438,250.3000030517578,2288
2024-03-15,249.27499389648438,249.27499389648438,249.8249969482422,247.875,249.0,1124
2024-03-18,251.1999969482422,251.1999969482422,251.39999389648438,249.9499969482422,250.02499389648438,1052
2024-03-19,250.6750030517578,250.6750030517578,252.02499389648438,250.14999389648438,251.0,856
2024-03-20,250.25,250.25,251.5749969482422,249.85000610351562,251.5749969482422,1225
2024-03-21,250.875,250.875,251.8000030517578,249.6999969482422,250.5749969482422,1172
2024-03-22,249.9499969482422,249.9499969482422,251.0,249.8249969482422,250.64999389648438,1046
2024-03-25,249.4499969482422,249.4499969482422,251.0,248.375,248.9499969482422,690
2024-03-26,247.72500610351562,247.72500610351562,249.25,247.25,249.25,1741
2024-03-27,248.0500030517578,248.0500030517578,248.25,247.60000610351562,248.125,710
2024-03-28,247.75,247.75,247.77499389648438,247.1999969482422,247.60000610351562,2159
2024-04-01,240.4250030517578,240.4250030517578,249.0,239.0500030517578,246.625,3482
2024-04-02,243.5,243.5,243.625,239.8000030517578,241.14999389648438,2952
2024-04-03,240.9499969482422,240.9499969482422,243.6999969482422,239.27499389648438,243.6999969482422,2522
2024-04-04,242.6999969482422,242.6999969482422,243.60000610351562,241.3249969482422,241.9499969482422,2037
2024-04-05,237.6999969482422,237.6999969482422,242.89999389648438,236.375,242.89999389648438,2445
2024-04-08,239.3000030517578,239.3000030517578,239.89999389648438,237.375,238.22500610351562,2192
2024-04-09,240.6999969482422,240.6999969482422,241.5,238.22500610351562,239.0749969482422,1607
2024-04-10,238.27499389648438,238.27499389648438,240.75,237.25,240.3000030517578,1619
2024-04-11,239.1750030517578,239.1750030517578,239.47500610351562,235.89999389648438,238.22500610351562,2019
2024-04-12,237.60000610351562,237.60000610351562,239.4250030517578,235.9499969482422,238.77499389648438,1242
2024-04-15,239.5500030517578,239.5500030517578,240.5,237.85000610351562,237.85000610351562,1120
2024-04-16,240.35000610351562,240.35000610351562,241.4499969482422,238.6750030517578,239.5500030517578,979
2024-04-17,240.4250030517578,240.4250030517578,241.3000030517578,240.14999389648438,240.5,962
2024-04-18,241.60000610351562,241.60000610351562,241.9499969482422,240.1999969482422,240.60000610351562,667
2024-04-19,241.3249969482422,241.3249969482422,241.9499969482422,240.875,241.22500610351562,628
2024-04-22,242.89999389648438,242.89999389648438,242.97500610351562,241.72500610351562,242.0,907
2024-04-23,243.75,243.75,244.35000610351562,243.10000610351562,243.39999389648438,683
2024-04-24,243.10000610351562,243.10000610351562,244.0,242.9250030517578,243.60000610351562,426
2024-04-25,244.875,244.875,244.9499969482422,244.25,244.27499389648438,3146
2024-04-26,248.6999969482422,248.6999969482422,249.25,246.39999389648438,246.47500610351562,2295
2024-04-29,248.02499389648438,248.02499389648438,249.6999969482422,247.10000610351562,248.5749969482422,1726
2024-04-30,244.5749969482422,244.5749969482422,248.10000610351562,243.9499969482422,248.10000610351562,2892
2024-05-01,241.4250030517578,241.4250030517578,245.4499969482422,240.0,244.25,2670
2024-05-02,243.60000610351562,243.60000610351562,245.60000610351562,243.1999969482422,244.47500610351562,2241
2024-05-03,243.3000030517578,243.3000030517578,244.39999389648438,242.60000610351562,243.625,1261
2024-05-06,241.39999389648438,241.39999389648438,243.25,240.8249969482422,243.125,1741
2024-05-07,242.14999389648438,242.14999389648438,243.75,241.3249969482422,241.6999969482422,2051
2024-05-08,240.1999969482422,240.1999969482422,242.60000610351562,239.47500610351562,242.47500610351562,1546
2024-05-09,238.64999389648438,238.64999389648438,241.5,238.4250030517578,240.47500610351562,1879
2024-05-10,238.8000030517578,238.8000030517578,239.60000610351562,237.4250030517578,239.0,1368
2024-05-13,239.375,239.375,241.22500610351562,238.52499389648438,239.0500030517578,1425
2024-05-14,243.27499389648438,243.27499389648438,244.375,239.9250030517578,239.9499969482422,1874
2024-05-15,243.14999389648438,243.14999389648438,243.97500610351562,242.4250030517578,243.35000610351562,1024
2024-05-16,244.85000610351562,244.85000610351562,245.52499389648438,243.39999389648438,243.39999389648438,1099
2024-05-17,246.72500610351562,246.72500610351562,246.77499389648438,244.77499389648438,245.0,1034
2024-05-20,246.6999969482422,246.6999969482422,247.64999389648438,246.3000030517578,247.0500030517578,1251
2024-05-21,248.9499969482422,248.9499969482422,249.375,247.6750030517578,247.97500610351562,1500
2024-05-22,250.375,250.375,250.47500610351562,249.1999969482422,249.1999969482422,957
2024-05-23,250.3249969482422,250.3249969482422,250.35000610351562,249.39999389648438,249.75,5176
2024-05-24,260.2250061035156,260.2250061035156,262.04998779296875,259.1000061035156,261.45001220703125,6315
2024-05-28,264.6000061035156,264.6000061035156,264.7250061035156,260.3999938964844,261.0,8123
2024-05-29,260.25,260.25,264.95001220703125,259.29998779296875,264.20001220703125,10204
2024-05-30,259.07501220703125,259.07501220703125,260.9750061035156,257.0,260.625,7546
2024-05-31,256.3999938964844,256.3999938964844,259.0,255.8000030517578,259.0,6885
2024-06-03,256.20001220703125,256.20001220703125,257.42498779296875,253.60000610351562,256.7250061035156,8259
2024-06-04,256.0249938964844,256.0249938964844,258.17498779296875,255.52499389648438,257.3999938964844,4995
2024-06-05,254.8249969482422,254.8249969482422,256.57501220703125,254.22500610351562,256.32501220703125,5218
2024-06-06,252.85000610351562,252.85000610351562,253.85000610351562,250.8000030517578,253.75,9719
2024-06-07,254.9250030517578,254.9250030517578,255.9499969482422,251.89999389648438,252.8000030517578,6987
2024-06-10,258.6499938964844,258.6499938964844,259.3999938964844,255.5,255.5500030517578,8146
2024-06-11,257.6499938964844,257.6499938964844,260.0,257.2749938964844,258.92498779296875,5070
2024-06-12,257.57501220703125,257.57501220703125,259.1499938964844,256.8500061035156,258.3999938964844,5122
2024-06-13,257.4750061035156,257.4750061035156,258.29998779296875,254.35000610351562,257.70001220703125,6881
2024-06-14,261.9750061035156,261.9750061035156,262.6499938964844,258.5,258.79998779296875,8753
2024-06-17,261.32501220703125,261.32501220703125,263.07501220703125,260.6000061035156,262.95001220703125,7253
2024-06-18,259.95001220703125,259.95001220703125,261.7250061035156,259.32501220703125,261.7250061035156,5162
2024-06-20,259.82501220703125,259.82501220703125,261.9750061035156,258.1000061035156,260.75,6542
2024-06-21,258.375,258.375,260.17498779296875,258.0,260.1000061035156,6704
2024-06-24,258.8999938964844,258.8999938964844,259.54998779296875,256.125,257.0,6038
2024-06-25,259.04998779296875,259.04998779296875,260.45001220703125,258.20001220703125,259.3500061035156,5372
2024-06-26,261.7749938964844,261.7749938964844,262.1000061035156,258.7250061035156,258.7250061035156,6998
2024-06-27,260.6499938964844,260.6499938964844,262.6499938964844,260.29998779296875,262.0249938964844,5552
2024-06-28,259.29998779296875,259.29998779296875,261.6499938964844,258.29998779296875,260.6000061035156,9303
2024-07-01,257.375,257.375,259.17498779296875,256.3999938964844,258.92498779296875,9120
2024-07-02,261.1000061035156,261.1000061035156,261.6000061035156,257.45001220703125,258.07501220703125,9551
2024-07-03,263.375,263.375,263.8999938964844,260.5,260.5,9999
2024-07-05,261.4750061035156,261.4750061035156,263.75,261.25,263.25,8130
2024-07-08,259.17498779296875,259.17498779296875,263.2749938964844,258.5249938964844,262.0,12291
2024-07-09,255.72500610351562,255.72500610351562,260.82501220703125,254.77499389648438,260.1000061035156,12082
2024-07-10,254.35000610351562,254.35000610351562,256.25,253.4499969482422,256.0,10773
2024-07-11,256.1499938964844,256.1499938964844,256.7749938964844,254.9499969482422,256.04998779296875,8963
2024-07-12,258.6499938964844,258.6499938964844,259.2250061035156,254.97500610351562,256.1499938964844,8943
2024-07-15,258.7749938964844,258.7749938964844,260.25,257.95001220703125,259.04998779296875,6471
2024-07-16,258.625,258.625,259.625,257.6499938964844,258.54998779296875,5915
2024-07-17,258.54998779296875,258.54998779296875,258.8999938964844,256.75,258.54998779296875,5650
2024-07-18,256.2250061035156,256.2250061035156,259.6499938964844,255.5749969482422,258.5,6778
2024-07-19,255.60000610351562,255.60000610351562,256.45001220703125,253.875,256.25,5222
2024-07-22,256.3999938964844,256.3999938964844,258.42498779296875,255.75,256.5,5896
2024-07-23,258.75,258.75,259.20001220703125,255.625,256.67498779296875,6172
2024-07-24,257.125,257.125,259.1000061035156,256.2749938964844,258.75,6720
2024-07-25,258.625,258.625,259.8500061035156,255.47500610351562,257.20001220703125,7967
2024-07-26,259.70001220703125,259.70001220703125,260.75,258.2749938964844,258.6499938964844,6055
2024-07-29,256.42498779296875,256.42498779296875,260.54998779296875,255.5,259.8500061035156,6489
2024-07-30,256.9750061035156,256.9750061035156,257.6499938964844,255.5,256.95001220703125,3544
2024-07-31,257.25,257.25,257.75,255.8000030517578,256.9750061035156,2327
2024-08-01,253.14999389648438,253.14999389648438,257.32501220703125,252.1750030517578,257.32501220703125,4850
2024-08-02,249.64999389648438,249.64999389648438,252.9250030517578,246.6750030517578,252.8000030517578,4573
2024-08-05,244.0,244.0,246.625,240.77499389648438,244.5,4920
2024-08-06,243.0,243.0,246.25,240.9250030517578,246.0,4011
2024-08-07,242.625,242.625,245.47500610351562,242.5,244.27499389648438,2639
2024-08-08,242.375,242.375,243.60000610351562,241.39999389648438,243.60000610351562,3004
2024-08-09,246.5,246.5,247.1999969482422,242.0749969482422,242.1750030517578,3404
2024-08-12,244.39999389648438,244.39999389648438,246.9250030517578,243.8000030517578,246.5500030517578,2057
2024-08-13,246.47500610351562,246.47500610351562,246.97500610351562,243.8249969482422,245.25,1574
2024-08-14,247.89999389648438,247.89999389648438,248.85000610351562,246.60000610351562,246.625,2338
2024-08-15,246.72500610351562,246.72500610351562,248.9499969482422,246.375,248.125,1824
2024-08-16,242.77499389648438,242.77499389648438,246.6750030517578,241.10000610351562,246.22500610351562,3426
2024-08-19,242.375,242.375,244.0,241.375,242.3000030517578,1182
2024-08-20,238.1999969482422,238.1999969482422,243.02499389648438,237.10000610351562,242.375,2395
2024-08-21,239.25,239.25,240.0,237.9250030517578,238.22500610351562,1491
2024-08-22,241.97500610351562,241.97500610351562,243.27499389648438,238.6750030517578,239.25,1649
2024-08-23,242.5749969482422,242.5749969482422,242.97500610351562,241.625,241.77499389648438,942
2024-08-26,244.5,244.5,245.0,241.75,241.75,1819
2024-08-27,244.1999969482422,244.1999969482422,244.5,243.64999389648438,244.0,973
2024-08-28,243.5500030517578,243.5500030517578,244.02499389648438,243.1999969482422,243.5,854
2024-08-29,243.1750030517578,243.1750030517578,243.4250030517578,242.75,243.4250030517578,1665
2024-08-30,240.47500610351562,240.47500610351562,241.75,239.3000030517578,239.3000030517578,1917
2024-09-03,241.375,241.375,242.125,239.375,240.125,2083
2024-09-04,239.625,239.625,241.75,239.35000610351562,241.0,1092
2024-09-05,237.125,237.125,239.625,236.10000610351562,239.5500030517578,2375
2024-09-06,234.3000030517578,234.3000030517578,239.0500030517578,233.8000030517578,237.25,1883
2024-09-09,237.72500610351562,237.72500610351562,238.25,232.85000610351562,234.75,1883
2024-09-10,238.47500610351562,238.47500610351562,239.60000610351562,237.5749969482422,237.9499969482422,1350
2024-09-11,240.5500030517578,240.5500030517578,241.0,237.6750030517578,238.64999389648438,1600
2024-09-12,242.0500030517578,242.0500030517578,242.8000030517578,240.5,240.5749969482422,1045
2024-09-13,241.89999389648438,241.89999389648438,243.75,240.85000610351562,242.35000610351562,868
2024-09-16,241.3000030517578,241.3000030517578,243.3249969482422,241.22500610351562,242.0500030517578,649
2024-09-17,243.3000030517578,243.3000030517578,243.77499389648438,241.77499389648438,242.0,648
2024-09-18,242.8249969482422,242.8249969482422,243.8249969482422,242.5500030517578,243.3000030517578,558
2024-09-19,245.27499389648438,245.27499389648438,245.6999969482422,243.22500610351562,243.77499389648438,884
2024-09-20,244.8249969482422,244.8249969482422,245.64999389648438,244.25,244.77499389648438,1303
2024-09-23,245.10000610351562,245.10000610351562,245.3249969482422,244.0749969482422,244.875,866
2024-09-24,244.9499969482422,244.9499969482422,245.14999389648438,244.5,244.6999969482422,611
2024-09-25,245.375,245.375,245.5,244.72500610351562,245.0,414
2024-09-26,245.39999389648438,245.39999389648438,245.89999389648438,244.4250030517578,244.8249969482422,5583
2024-09-27,247.0749969482422,247.0749969482422,248.625,246.60000610351562,247.375,3836
2024-09-30,246.1999969482422,246.1999969482422,247.77499389648438,245.6999969482422,246.0749969482422,2181
2024-10-01,246.14999389648438,246.14999389648438,247.5500030517578,245.1999969482422,246.3000030517578,2565
2024-10-02,249.72500610351562,249.72500610351562,249.8000030517578,246.14999389648438,246.14999389648438,3021
2024-10-03,248.97500610351562,248.97500610351562,250.1750030517578,247.6999969482422,249.5,2455
2024-10-04,249.625,249.625,249.89999389648438,248.0749969482422,248.97500610351562,1744
2024-10-07,248.85000610351562,248.85000610351562,250.0500030517578,248.5,249.85000610351562,2880
2024-10-08,250.3249969482422,250.3249969482422,250.625,248.52499389648438,249.14999389648438,1567
2024-10-09,249.27499389648438,249.27499389648438,250.8000030517578,248.39999389648438,250.8000030517578,1850
2024-10-10,250.27499389648438,250.27499389648438,250.47500610351562,248.10000610351562,248.97500610351562,1486
2024-10-11,249.75,249.75,250.64999389648438,249.5,250.47500610351562,1626
2024-10-14,249.125,249.125,250.6750030517578,248.85000610351562,249.85000610351562,1448
2024-10-15,246.52499389648438,246.52499389648438,249.125,246.27499389648438,249.125,2400
2024-10-16,246.10000610351562,246.10000610351562,247.3000030517578,245.6999969482422,246.3249969482422,1372
2024-10-17,246.72500610351562,246.72500610351562,247.9250030517578,245.8000030517578,246.8000030517578,1651
2024-10-18,248.3249969482422,248.3249969482422,248.875,247.125,247.125,888
2024-10-21,247.5749969482422,247.5749969482422,248.875,247.125,247.125,983
2024-10-22,249.4250030517578,249.4250030517578,249.625,247.89999389648438,248.14999389648438,1271
2024-10-23,248.5749969482422,248.5749969482422,249.85000610351562,248.0500030517578,248.75,1038
2024-10-24,249.39999389648438,249.39999389648438,249.77499389648438,248.39999389648438,248.6999969482422,677
2024-10-25,249.625,249.625,249.9499969482422,248.5,249.4499969482422,1069
2024-10-28,250.0749969482422,250.0749969482422,250.1999969482422,249.0,249.25,761
2024-10-29,250.02499389648438,250.02499389648438,250.4250030517578,249.6999969482422,250.1999969482422,1043
2024-10-30,250.9499969482422,250.9499969482422,250.97500610351562,249.39999389648438,249.72500610351562,889
2024-10-31,251.97500610351562,251.97500610351562,252.0500030517578,251.3000030517578,251.3000030517578,3267
2024-11-01,246.875,246.875,247.5,243.64999389648438,246.0,3319
2024-11-04,246.35000610351562,246.35000610351562,247.0749969482422,245.52499389648438,246.5,1840
2024-11-05,246.14999389648438,246.14999389648438,247.25,245.5,246.35000610351562,1469
2024-11-06,247.6999969482422,247.6999969482422,248.9499969482422,246.64999389648438,247.0749969482422,2182
2024-11-07,247.64999389648438,247.64999389648438,248.4250030517578,247.0,247.8000030517578,2725
2024-11-08,245.4250030517578,245.4250030517578,246.8000030517578,244.5749969482422,246.64999389648438,1970
2024-11-11,246.14999389648438,246.14999389648438,246.3000030517578,244.47500610351562,245.60000610351562,1042
2024-11-12,246.8249969482422,246.8249969482422,247.25,246.1999969482422,246.4499969482422,1690
2024-11-13,246.47500610351562,246.47500610351562,247.125,246.22500610351562,246.89999389648438,1371
2024-11-14,247.625,247.625,248.0,246.77499389648438,246.9499969482422,2494
2024-11-15,251.10000610351562,251.10000610351562,251.85000610351562,248.0500030517578,248.125,3232
2024-11-18,251.8249969482422,251.8249969482422,251.9499969482422,250.5,250.875,1869
2024-11-19,254.25,254.25,254.4499969482422,252.1750030517578,252.39999389648438,1970
2024-11-20,254.8000030517578,254.8000030517578,254.9250030517578,253.77499389648438,254.25,971
2024-11-21,255.125,255.125,255.3249969482422,254.6999969482422,254.77499389648438,6974
2024-11-22,254.3000030517578,254.3000030517578,255.375,253.14999389648438,253.375,7003
2024-11-25,255.47500610351562,255.47500610351562,259.5249938964844,254.89999389648438,256.54998779296875,12127
2024-11-26,258.1000061035156,258.1000061035156,259.3500061035156,255.35000610351562,255.625,7587
2024-11-27,258.7749938964844,258.7749938964844,260.0,257.5249938964844,258.32501220703125,6398
2024-11-29,259.4750061035156,259.4750061035156,260.20001220703125,258.17498779296875,258.625,4823
2024-12-02,256.8500061035156,256.8500061035156,261.20001220703125,255.5749969482422,259.57501220703125,10435
2024-12-03,259.29998779296875,259.29998779296875,260.6000061035156,257.29998779296875,257.625,7934
2024-12-04,256.95001220703125,256.95001220703125,259.95001220703125,256.625,259.2749938964844,6309
2024-12-05,254.9250030517578,254.9250030517578,257.9750061035156,254.5500030517578,257.5,7693
2024-12-06,255.8249969482422,255.8249969482422,256.75,255.375,255.89999389648438,9645
2024-12-09,255.8000030517578,255.8000030517578,257.6499938964844,255.47500610351562,256.25,7840
2024-12-10,257.32501220703125,257.32501220703125,258.32501220703125,255.3249969482422,256.0,9156
2024-12-11,259.04998779296875,259.04998779296875,259.25,256.70001220703125,257.2250061035156,8160
2024-12-12,258.3500061035156,258.3500061035156,260.7250061035156,258.1000061035156,259.75,7895
2024-12-13,257.6499938964844,257.6499938964844,259.0249938964844,256.3500061035156,258.20001220703125,6166
2024-12-16,255.5500030517578,255.5500030517578,258.8999938964844,255.125,257.95001220703125,6996
2024-12-17,257.4750061035156,257.4750061035156,257.6499938964844,254.89999389648438,255.8000030517578,6475
2024-12-18,257.0,257.0,258.3500061035156,256.04998779296875,257.3999938964844,4523
2024-12-19,254.47500610351562,254.47500610351562,256.32501220703125,253.8000030517578,256.25,7274
2024-12-20,255.60000610351562,255.60000610351562,256.125,253.89999389648438,254.5,4331
2024-12-23,256.6000061035156,256.6000061035156,257.1499938964844,255.39999389648438,256.54998779296875,4915
2024-12-24,255.85000610351562,255.85000610351562,257.79998779296875,255.75,256.9750061035156,2180
2024-12-26,259.29998779296875,259.29998779296875,259.92498779296875,256.1499938964844,256.1499938964844,5007
2024-12-27,261.375,261.375,261.8500061035156,258.7749938964844,258.7749938964844,4275
2024-12-30,261.625,261.625,262.20001220703125,259.8999938964844,260.7250061035156,2951
2024-12-31,263.0249938964844,263.0249938964844,263.375,261.25,261.57501220703125,2451
2025-01-02,266.4750061035156,266.4750061035156,267.1499938964844,263.0,263.2250061035156,3622
2025-01-03,264.82501220703125,264.82501220703125,267.875,263.7250061035156,266.82501220703125,2973
2025-01-06,266.29998779296875,266.29998779296875,267.1000061035156,265.25,265.7749938964844,3494
2025-01-07,268.3999938964844,268.3999938964844,269.3500061035156,266.0249938964844,267.07501220703125,3229
2025-01-08,265.57501220703125,265.57501220703125,269.3500061035156,264.5249938964844,268.54998779296875,3650
2025-01-09,269.2250061035156,269.2250061035156,269.92498779296875,267.07501220703125,267.2749938964844,2220
2025-01-10,272.3500061035156,272.3500061035156,272.625,270.42498779296875,270.875,3796
2025-01-13,271.8500061035156,271.8500061035156,273.625,271.3999938964844,273.04998779296875,2387
2025-01-14,274.1000061035156,274.1000061035156,274.82501220703125,272.04998779296875,272.5,2958
2025-01-15,275.2250061035156,275.2250061035156,275.2749938964844,273.6499938964844,274.5249938964844,1746
2025-01-16,273.45001220703125,273.45001220703125,275.2250061035156,271.6499938964844,274.79998779296875,2476
2025-01-17,273.5,273.5,273.8999938964844,271.7250061035156,273.1000061035156,1821
2025-01-21,274.3999938964844,274.3999938964844,274.79998779296875,273.5249938964844,273.8500061035156,1141
2025-01-22,277.04998779296875,277.04998779296875,277.57501220703125,274.2749938964844,274.5,2603
2025-01-23,277.07501220703125,277.07501220703125,277.8500061035156,276.3500061035156,277.1000061035156,1268
2025-01-24,278.70001220703125,278.70001220703125,279.1499938964844,277.07501220703125,277.6499938964844,1817
2025-01-27,279.7250061035156,279.7250061035156,280.54998779296875,279.0249938964844,279.79998779296875,1573
2025-01-28,281.82501220703125,281.82501220703125,282.25,279.6499938964844,279.6499938964844,1485
2025-01-29,280.54998779296875,280.54998779296875,281.8999938964844,280.5249938964844,281.8500061035156,818
2025-01-30,281.8999938964844,281.8999938964844,282.07501220703125,281.5,281.79998779296875,11147
2025-01-31,275.7250061035156,275.7250061035156,277.1499938964844,272.5,275.95001220703125,10970
2025-02-03,270.5,270.5,276.6499938964844,269.8500061035156,274.2250061035156,14196
2025-02-04,268.25,268.25,271.3500061035156,267.17498779296875,271.0,8779
2025-02-05,270.7250061035156,270.7250061035156,271.5,267.54998779296875,268.4750061035156,8293
2025-02-06,265.29998779296875,265.29998779296875,270.79998779296875,264.07501220703125,270.625,14469
2025-02-07,264.8999938964844,264.8999938964844,266.1499938964844,264.45001220703125,265.1499938964844,10407
2025-02-10,268.125,268.125,268.45001220703125,264.67498779296875,265.29998779296875,8548
2025-02-11,264.7749938964844,264.7749938964844,268.32501220703125,263.1499938964844,268.17498779296875,11102
2025-02-12,264.9750061035156,264.9750061035156,265.8999938964844,264.0249938964844,264.7250061035156,9636
2025-02-13,267.9750061035156,267.9750061035156,268.2749938964844,263.625,265.0,9878
2025-02-14,266.3500061035156,266.3500061035156,269.32501220703125,265.92498779296875,268.125,7490
2025-02-18,269.7250061035156,269.7250061035156,270.20001220703125,266.4750061035156,267.04998779296875,7815
2025-02-19,269.0249938964844,269.0249938964844,270.82501220703125,268.25,270.0,6911
2025-02-20,266.82501220703125,266.82501220703125,268.9750061035156,265.3500061035156,268.95001220703125,9870
2025-02-21,267.95001220703125,267.95001220703125,268.8500061035156,266.82501220703125,267.07501220703125,6089
2025-02-24,272.29998779296875,272.29998779296875,272.8999938964844,268.1000061035156,269.4750061035156,6930
2025-02-25,274.2250061035156,274.2250061035156,275.45001220703125,272.4750061035156,272.6000061035156,6116
2025-02-26,274.375,274.375,275.3500061035156,273.07501220703125,274.3500061035156,5271
2025-02-27,276.45001220703125,276.45001220703125,277.25,274.3500061035156,274.6499938964844,4669
2025-02-28,274.9750061035156,274.9750061035156,278.1499938964844,274.8500061035156,276.8999938964844,5683
2025-03-03,274.0249938964844,274.0249938964844,275.2749938964844,271.625,275.0249938964844,4312
2025-03-04,273.8500061035156,273.8500061035156,274.17498779296875,269.17498779296875,272.0,5564
2025-03-05,276.1000061035156,276.1000061035156,276.45001220703125,273.82501220703125,274.1499938964844,6189
2025-03-06,274.0249938964844,274.0249938964844,275.625,273.07501220703125,275.32501220703125,2975
2025-03-07,276.9750061035156,276.9750061035156,277.6000061035156,273.75,273.9750061035156,5431
2025-03-10,277.04998779296875,277.04998779296875,277.8999938964844,275.42498779296875,277.57501220703125,2020
2025-03-11,277.5,277.5,279.4750061035156,275.42498779296875,277.42498779296875,4294
2025-03-12,280.25,280.25,280.70001220703125,278.32501220703125,278.5,2632
2025-03-13,280.2250061035156,280.2250061035156,282.20001220703125,279.82501220703125,280.79998779296875,3176
2025-03-14,281.9750061035156,281.9750061035156,282.125,279.1000061035156,280.625,1768
2025-03-17,284.625,284.625,284.7250061035156,282.0,282.0,1334
2025-03-18,284.9750061035156,284.9750061035156,285.2250061035156,284.07501220703125,285.04998779296875,1354
2025-03-19,286.82501220703125,286.82501220703125,287.29998779296875,285.1000061035156,285.1000061035156,1439
2025-03-20,288.3500061035156,288.3500061035156,288.42498779296875,285.82501220703125,287.5,1728
2025-03-21,286.4750061035156,286.4750061035156,290.0,286.125,287.875,1627
2025-03-24,286.6000061035156,286.6000061035156,288.2250061035156,285.04998779296875,287.42498779296875,1635
2025-03-25,286.9750061035156,286.9750061035156,287.3500061035156,285.7749938964844,286.54998779296875,1323
2025-03-26,286.79998779296875,286.79998779296875,287.75,286.57501220703125,287.1000061035156,1166
2025-03-27,287.6499938964844,287.6499938964844,287.70001220703125,287.0,287.125,4987
2025-03-28,286.92498779296875,286.92498779296875,288.3500061035156,285.8500061035156,287.54998779296875,2683
2025-03-31,286.45001220703125,286.45001220703125,287.75,284.7250061035156,287.70001220703125,2856
2025-04-01,288.2749938964844,288.2749938964844,288.75,285.54998779296875,286.54998779296875,2155
2025-04-02,288.875,288.875,289.45001220703125,287.25,288.2749938964844,2273
2025-04-03,285.3999938964844,285.3999938964844,287.04998779296875,284.625,286.17498779296875,3745
2025-04-04,279.42498779296875,279.42498779296875,284.0249938964844,279.1000061035156,284.0249938964844,4385
2025-04-07,277.82501220703125,277.82501220703125,282.25,273.1000061035156,276.5,3670
2025-04-08,280.42498779296875,280.42498779296875,282.4750061035156,280.0,281.5,2433
2025-04-09,283.75,283.75,284.8500061035156,280.07501220703125,280.42498779296875,2981
2025-04-10,282.7749938964844,282.7749938964844,284.5,282.375,283.75,1729
2025-04-11,285.17498779296875,285.17498779296875,285.7250061035156,282.32501220703125,282.7749938964844,2419
2025-04-14,288.04998779296875,288.04998779296875,288.25,286.67498779296875,286.70001220703125,2035
2025-04-15,289.375,289.375,289.6000061035156,288.07501220703125,288.07501220703125,2068
2025-04-16,289.95001220703125,289.95001220703125,291.2250061035156,289.20001220703125,289.375,1623
2025-04-17,293.3500061035156,293.3500061035156,293.75,293.1499938964844,293.1499938964844,8429
2025-04-21,285.5249938964844,285.5249938964844,288.3500061035156,285.1000061035156,286.8999938964844,7251
2025-04-22,286.92498779296875,286.92498779296875,288.25,286.04998779296875,286.32501220703125,6850
2025-04-23,288.3500061035156,288.3500061035156,289.2749938964844,287.25,287.70001220703125,6846
2025-04-24,289.07501220703125,289.07501220703125,289.5,287.92498779296875,288.20001220703125,3475
2025-04-25,290.5249938964844,290.5249938964844,290.95001220703125,288.4750061035156,289.6499938964844,3288
2025-04-28,291.79998779296875,291.79998779296875,292.67498779296875,290.9750061035156,292.1499938964844,3160
2025-04-29,294.0249938964844,294.0249938964844,294.79998779296875,292.07501220703125,292.07501220703125,3470
2025-04-30,292.57501220703125,292.57501220703125,294.1499938964844,291.8999938964844,293.7749938964844,3862
2025-05-01,293.2250061035156,293.2250061035156,295.2749938964844,291.6499938964844,294.82501220703125,2888
2025-05-02,294.95001220703125,294.95001220703125,295.625,292.8999938964844,293.6499938964844,3441
2025-05-05,296.07501220703125,296.07501220703125,296.6000061035156,294.0,294.25,2778
2025-05-06,295.70001220703125,295.70001220703125,296.5,294.5249938964844,295.4750061035156,2564
2025-05-07,294.45001220703125,294.45001220703125,295.79998779296875,292.625,295.45001220703125,3398
2025-05-08,297.4750061035156,297.4750061035156,297.70001220703125,294.0,295.42498779296875,3610
2025-05-09,297.9750061035156,297.9750061035156,298.5,296.95001220703125,298.0249938964844,2322
2025-05-12,303.1000061035156,303.1000061035156,303.42498779296875,300.8500061035156,301.0,2869
2025-05-13,302.82501220703125,302.82501220703125,303.29998779296875,302.04998779296875,303.29998779296875,1402
2025-05-14,299.57501220703125,299.57501220703125,303.4750061035156,299.07501220703125,302.3999938964844,2717
2025-05-15,296.17498779296875,296.17498779296875,298.82501220703125,294.9750061035156,298.82501220703125,3222
2025-05-16,296.8500061035156,296.8500061035156,297.79998779296875,296.1499938964844,296.6499938964844,1877
2025-05-19,295.67498779296875,295.67498779296875,297.4750061035156,295.25,297.0,1637
2025-05-20,296.0,296.0,296.3999938964844,295.0,295.4750061035156,2099
2025-05-21,296.29998779296875,296.29998779296875,296.625,295.54998779296875,296.25,1481
2025-05-22,295.3999938964844,295.3999938964844,295.95001220703125,295.3999938964844,295.8999938964844,8895
2025-05-23,300.375,300.375,301.125,298.67498779296875,298.70001220703125,6148
2025-05-27,298.1499938964844,298.1499938964844,301.20001220703125,293.04998779296875,300.70001220703125,14140
2025-05-28,295.625,295.625,299.2749938964844,295.3500061035156,298.45001220703125,7207
2025-05-29,299.92498779296875,299.92498779296875,300.3999938964844,296.29998779296875,297.0,8911
2025-05-30,298.82501220703125,298.82501220703125,302.25,298.32501220703125,300.7749938964844,6585
2025-06-02,301.75,301.75,302.17498779296875,298.57501220703125,299.25,7102
2025-06-03,301.2250061035156,301.2250061035156,304.54998779296875,299.8500061035156,301.79998779296875,9867
2025-06-04,303.875,303.875,304.375,300.75,301.92498779296875,7018
2025-06-05,309.1499938964844,309.1499938964844,309.4750061035156,305.0,305.0,0
2025-06-06,310.1499938964844,310.1499938964844,310.54998779296875,307.5249938964844,310.0,7638
2025-06-09,311.6499938964844,311.6499938964844,311.8999938964844,308.2749938964844,311.57501220703125,7141
2025-06-10,313.1499938964844,313.1499938964844,314.20001220703125,310.0249938964844,311.79998779296875,10763
2025-06-11,311.07501220703125,311.07501220703125,312.92498779296875,308.92498779296875,312.92498779296875,9550
2025-06-12,311.25,311.25,311.79998779296875,309.29998779296875,311.0,6937
2025-06-13,306.42498779296875,306.42498779296875,310.32501220703125,305.79998779296875,310.32501220703125,9386
2025-06-16,310.2250061035156,310.2250061035156,310.8999938964844,306.7250061035156,308.125,7550
2025-06-17,303.3500061035156,303.3500061035156,309.3500061035156,302.75,309.3500061035156,10241
2025-06-18,304.17498779296875,304.17498779296875,304.32501220703125,301.1000061035156,302.5,0
2025-06-20,302.45001220703125,302.45001220703125,307.95001220703125,302.0,304.29998779296875,9352
2025-06-23,302.79998779296875,302.79998779296875,303.875,300.2749938964844,301.3500061035156,7148
2025-06-24,302.25,302.25,305.1499938964844,300.04998779296875,303.8999938964844,8393
2025-06-25,302.29998779296875,302.29998779296875,304.29998779296875,301.57501220703125,303.0249938964844,7059
2025-06-26,303.29998779296875,303.29998779296875,303.8500061035156,301.29998779296875,302.8999938964844,6824
2025-06-27,307.8999938964844,307.8999938964844,308.125,303.125,303.70001220703125,8793
2025-06-30,310.67498779296875,310.67498779296875,311.2749938964844,306.25,308.5,11452
2025-07-01,306.0249938964844,306.0249938964844,308.3999938964844,304.1000061035156,305.67498779296875,12994
2025-07-02,309.0249938964844,309.0249938964844,309.75,303.75,305.7250061035156,11853
2025-07-03,309.5,309.5,309.9750061035156,308.0,309.5249938964844,0
2025-07-07,313.7250061035156,313.7250061035156,314.6000061035156,308.70001220703125,309.125,12089
2025-07-08,319.125,319.125,319.45001220703125,314.04998779296875,314.1499938964844,14806
2025-07-09,320.4750061035156,320.4750061035156,321.0,318.2749938964844,319.17498779296875,11508
2025-07-10,321.2749938964844,321.2749938964844,326.875,318.6499938964844,322.625,17255
2025-07-11,325.32501220703125,325.32501220703125,325.7749938964844,320.375,321.5,11563
2025-07-14,319.4750061035156,319.4750061035156,325.29998779296875,318.70001220703125,325.29998779296875,12562
2025-07-15,322.2749938964844,322.2749938964844,322.70001220703125,319.5249938964844,320.20001220703125,7721
2025-07-16,325.57501220703125,325.57501220703125,326.29998779296875,321.32501220703125,322.2749938964844,8612
2025-07-17,325.0,325.0,326.45001220703125,323.625,326.04998779296875,6907
2025-07-18,324.0,324.0,325.8999938964844,321.0,324.9750061035156,8795
2025-07-21,327.6000061035156,327.6000061035156,328.17498779296875,323.45001220703125,324.7749938964844,7888
2025-07-22,328.2749938964844,328.2749938964844,329.07501220703125,326.1499938964844,327.8500061035156,8195
2025-07-23,331.5249938964844,331.5249938964844,332.07501220703125,327.6499938964844,328.2749938964844,8328
2025-07-24,328.8999938964844,328.8999938964844,331.42498779296875,327.1499938964844,331.42498779296875,10503
2025-07-25,331.375,331.375,332.04998779296875,328.0249938964844,329.8999938964844,6029
2025-07-28,333.5249938964844,333.5249938964844,335.9750061035156,331.20001220703125,334.5,7000
2025-07-29,336.20001220703125,336.20001220703125,336.70001220703125,332.125,333.25,5923
2025-07-30,338.95001220703125,338.95001220703125,339.70001220703125,336.0,336.2250061035156,6806
2025-07-31,331.375,331.375,340.625,330.625,339.5,7381
2025-08-01,334.57501220703125,334.57501220703125,334.7250061035156,330.20001220703125,332.29998779296875,6259
2025-08-04,335.3999938964844,335.3999938964844,338.125,332.0249938964844,335.375,4837
2025-08-05,341.04998779296875,341.04998779296875,341.875,335.7250061035156,335.9750061035156,3723
2025-08-06,345.0249938964844,345.0249938964844,345.3500061035156,339.5,341.5249938964844,3798
2025-08-07,348.6499938964844,348.6499938964844,349.125,343.42498779296875,344.25,5889
2025-08-08,339.3999938964844,339.3999938964844,348.70001220703125,339.3999938964844,348.07501220703125,5015
2025-08-11,340.2250061035156,340.2250061035156,342.20001220703125,335.75,339.7749938964844,3122
2025-08-12,345.375,345.375,346.17498779296875,339.57501220703125,341.0249938964844,2532
2025-08-13,345.875,345.875,348.92498779296875,341.95001220703125,346.04998779296875,4093
2025-08-14,340.3999938964844,340.3999938964844,346.07501220703125,337.67498779296875,345.75,4286
2025-08-15,346.1499938964844,346.1499938964844,347.57501220703125,339.0,339.79998779296875,4275
2025-08-18,348.8999938964844,348.8999938964844,349.70001220703125,344.2250061035156,345.375,3220
2025-08-19,350.54998779296875,350.54998779296875,352.5,348.25,349.0,2153
2025-08-20,355.7749938964844,355.7749938964844,356.29998779296875,350.6000061035156,350.70001220703125,1829
2025-08-21,356.375,356.375,356.8500061035156,353.75,356.1000061035156,1646
2025-08-22,360.3500061035156,360.3500061035156,360.8999938964844,356.0,356.4750061035156,1997
2025-08-25,360.8500061035156,360.8500061035156,361.57501220703125,353.67498779296875,358.04998779296875,2656
2025-08-26,363.2250061035156,363.2250061035156,363.3999938964844,361.4750061035156,362.07501220703125,2296
2025-08-27,365.45001220703125,365.45001220703125,366.2250061035156,363.375,364.0,2260
2025-08-28,365.92498779296875,365.92498779296875,366.42498779296875,365.6499938964844,366.1499938964844,6825
2025-08-29,364.7749938964844,364.7749938964844,365.4750061035156,359.04998779296875,361.79998779296875,0
2025-09-02,364.25,364.25,367.70001220703125,361.95001220703125,364.1000061035156,4264
2025-09-03,362.07501220703125,362.07501220703125,364.20001220703125,359.5,364.0,4040
2025-09-04,359.82501220703125,359.82501220703125,362.79998779296875,357.75,361.82501220703125,4717
2025-09-05,359.82501220703125,359.82501220703125,361.1499938964844,357.29998779296875,360.42498779296875,3864
2025-09-08,360.95001220703125,360.95001220703125,362.75,358.8500061035156,360.5,3951
2025-09-09,351.70001220703125,351.70001220703125,360.70001220703125,351.70001220703125,360.70001220703125,5976
2025-09-10,353.20001220703125,353.20001220703125,355.67498779296875,350.0249938964844,350.2250061035156,5047
2025-09-11,355.2250061035156,355.2250061035156,356.8999938964844,350.6499938964844,353.2749938964844,2781
2025-09-12,350.3999938964844,350.3999938964844,357.8500061035156,349.7250061035156,355.32501220703125,4185
2025-09-15,358.79998779296875,358.79998779296875,359.32501220703125,353.0,353.0,2749
2025-09-16,358.32501220703125,358.32501220703125,359.75,357.1499938964844,358.7250061035156,1621
2025-09-17,355.0249938964844,355.0249938964844,358.2250061035156,353.0,357.25,2700
2025-09-18,358.17498779296875,358.17498779296875,359.32501220703125,354.7250061035156,356.32501220703125,1864
2025-09-19,359.1499938964844,359.1499938964844,359.875,357.17498779296875,357.8500061035156,2325
2025-09-22,362.7250061035156,362.7250061035156,364.75,359.67498779296875,359.70001220703125,4939
2025-09-23,364.8500061035156,364.8500061035156,365.92498779296875,363.9750061035156,364.3500061035156,2097
2025-09-24,365.375,365.375,365.625,364.2250061035156,365.1499938964844,1586
2025-09-25,365.42498779296875,365.42498779296875,366.4750061035156,364.8999938964844,366.4750061035156,11929
2025-09-26,357.0,357.0,357.4750061035156,351.1000061035156,352.95001220703125,5260
2025-09-29,356.20001220703125,356.20001220703125,359.25,355.375,358.3999938964844,4580
2025-09-30,361.0249938964844,361.0249938964844,361.625,353.29998779296875,355.70001220703125,4676
2025-10-01,358.9750061035156,358.9750061035156,363.95001220703125,358.3500061035156,359.95001220703125,4692
2025-10-02,354.29998779296875,354.29998779296875,357.625,353.1000061035156,357.625,4022
2025-10-03,357.17498779296875,357.17498779296875,357.5,354.0,354.8500061035156,3466
2025-10-06,362.3999938964844,362.3999938964844,363.0,356.70001220703125,357.625,3162
2025-10-07,365.5,365.5,366.20001220703125,361.79998779296875,362.6000061035156,2875
2025-10-08,369.5,369.5,370.20001220703125,366.0,366.0,4629
2025-10-09,374.0249938964844,374.0249938964844,375.1499938964844,369.92498779296875,370.1000061035156,4574
2025-10-10,375.5,375.5,376.125,368.8999938964844,373.75,3838
2025-10-13,375.5,375.5,377.2250061035156,372.70001220703125,375.5,3838
2025-10-14,380.17498779296875,380.17498779296875,381.0,374.7749938964844,375.6000061035156,2211
2025-10-15,379.7250061035156,379.7250061035156,380.5,377.2749938964844,379.95001220703125,2077
2025-10-16,379.67498779296875,379.67498779296875,381.0249938964844,377.75,379.7250061035156,1416
2025-10-17,371.95001220703125,371.95001220703125,375.5249938964844,370.8500061035156,375.5249938964844,3582
2025-10-20,372.95001220703125,372.95001220703125,374.8999938964844,369.7749938964844,372.1499938964844,1610
2025-10-21,372.92498779296875,372.92498779296875,374.07501220703125,370.8999938964844,372.42498779296875,1179
2025-10-22,365.07501220703125,365.07501220703125,372.8500061035156,363.82501220703125,372.42498779296875,2369
2025-10-23,363.3500061035156,363.3500061035156,367.25,363.20001220703125,365.29998779296875,2161
2025-10-24,354.29998779296875,354.29998779296875,363.3999938964844,354.1000061035156,363.3999938964844,3663
2025-10-27,345.5,345.5,354.875,340.54998779296875,354.4750061035156,4242
2025-10-28,344.1000061035156,344.1000061035156,346.25,340.6499938964844,345.79998779296875,2358
2025-10-29,347.875,347.875,350.0,345.1499938964844,345.4750061035156,1994
2025-10-30,347.2749938964844,347.2749938964844,348.8500061035156,346.4750061035156,347.875,4854
2025-10-31,338.875,338.875,343.70001220703125,334.0,341.9750061035156,3638
2025-11-03,342.57501220703125,342.57501220703125,343.5,339.42498779296875,340.0,0
2025-11-04,334.9750061035156,334.9750061035156,346.04998779296875,334.125,345.1000061035156,5177
2025-11-05,325.7250061035156,325.7250061035156,337.6000061035156,325.7250061035156,336.2749938964844,5209
2025-11-06,322.04998779296875,322.04998779296875,327.1499938964844,318.0,324.0,5780
2025-11-07,326.3999938964844,326.3999938964844,329.20001220703125,321.1000061035156,324.0249938964844,3252
2025-11-10,335.6499938964844,335.6499938964844,335.6499938964844,322.5,323.17498779296875,2845
2025-11-11,337.67498779296875,337.67498779296875,340.8999938964844,336.6499938964844,338.54998779296875,2752
2025-11-12,339.0249938964844,339.0249938964844,340.2749938964844,336.6000061035156,338.375,3215
2025-11-13,337.0,337.0,341.875,336.79998779296875,340.79998779296875,3968
2025-11-14,338.67498779296875,338.67498779296875,339.6499938964844,330.0,337.79998779296875,2932
2025-11-17,339.8500061035156,339.8500061035156,341.92498779296875,337.67498779296875,338.29998779296875,2128
2025-11-18,340.7749938964844,340.7749938964844,340.9750061035156,339.07501220703125,339.8500061035156,2370
2025-11-19,341.8500061035156,341.8500061035156,343.70001220703125,340.54998779296875,341.2749938964844,2972
2025-11-20,340.6499938964844,340.6499938964844,341.0,339.95001220703125,340.92498779296875,11601
2025-11-21,314.2250061035156,314.2250061035156,317.0249938964844,307.125,307.25,15295
2025-11-24,304.9750061035156,304.9750061035156,304.9750061035156,304.9750061035156,304.9750061035156,3346
2025-11-25,307.07501220703125,307.07501220703125,309.4750061035156,299.5249938964844,302.0249938964844,14732
2025-11-26,315.125,315.125,316.32501220703125,308.5249938964844,308.6000061035156,10842
2025-11-28,323.9750061035156,323.9750061035156,324.375,315.1499938964844,315.20001220703125,6451
2025-12-01,321.07501220703125,321.07501220703125,325.5,319.5249938964844,323.9750061035156,9600
2025-12-02,329.875,329.875,330.32501220703125,322.75,324.3500061035156,10679
2025-12-03,331.8500061035156,331.8500061035156,334.95001220703125,327.7250061035156,329.875,8445
2025-12-04,336.57501220703125,336.57501220703125,337.7749938964844,331.29998779296875,332.8500061035156,9735
2025-12-05,339.04998779296875,339.04998779296875,340.07501220703125,336.6499938964844,337.75,12260
2025-12-08,335.6499938964844,335.6499938964844,339.125,333.375,338.20001220703125,12901
2025-12-09,335.5,335.5,338.67498779296875,332.75,335.04998779296875,9673
2025-12-10,338.375,338.375,338.875,334.25,335.4750061035156,6999
2025-12-11,343.3999938964844,343.3999938964844,345.25,341.0,341.0,9294
2025-12-12,339.1000061035156,339.1000061035156,344.92498779296875,339.0,343.79998779296875,9299
2025-12-15,339.92498779296875,339.92498779296875,341.375,337.70001220703125,340.17498779296875,6283
2025-12-16,343.32501220703125,343.32501220703125,344.1499938964844,341.17498779296875,341.32501220703125,6753
2025-12-17,341.5249938964844,341.5249938964844,343.875,341.3500061035156,343.20001220703125,5866
2025-12-18,340.2749938964844,340.2749938964844,342.2749938964844,337.0,341.3999938964844,6905
2025-12-19,345.6000061035156,345.6000061035156,347.45001220703125,340.875,340.875,6664
2025-12-22,346.5,346.5,348.8500061035156,345.75,348.2250061035156,4463
2025-12-23,344.625,344.625,347.3500061035156,343.20001220703125,346.7749938964844,3493
2025-12-24,344.7250061035156,344.7250061035156,346.1499938964844,342.7250061035156,344.6000061035156,2100
2025-12-26,346.17498779296875,346.17498779296875,347.3500061035156,345.375,345.82501220703125,1630
2025-12-29,347.0,347.0,349.54998779296875,344.7749938964844,346.75,3404
2025-12-30,349.54998779296875,349.54998779296875,350.07501220703125,346.5,347.70001220703125,2772
2025-12-31,350.25,350.25,350.95001220703125,349.2250061035156,349.2749938964844,1967
2026-01-02,356.1000061035156,356.1000061035156,356.625,350.32501220703125,350.32501220703125,3341
2026-01-05,358.9750061035156,358.9750061035156,359.7749938964844,356.6499938964844,357.75,2714
2026-01-06,362.17498779296875,362.17498779296875,362.6499938964844,360.6000061035156,361.2749938964844,2896
2026-01-07,359.6000061035156,359.6000061035156,362.4750061035156,358.20001220703125,361.4750061035156,3407
2026-01-08,362.4750061035156,362.4750061035156,362.67498779296875,358.32501220703125,361.29998779296875,4363
2026-01-09,360.7250061035156,360.7250061035156,363.75,359.6499938964844,362.4750061035156,3799
2026-01-12,362.04998779296875,362.04998779296875,362.6000061035156,360.32501220703125,361.3999938964844,2162
2026-01-13,366.2749938964844,366.2749938964844,366.8999938964844,362.32501220703125,362.6000061035156,3210
2026-01-14,364.75,364.75,367.0,362.6499938964844,366.9750061035156,2961
2026-01-15,368.42498779296875,368.42498779296875,368.5249938964844,365.0249938964844,365.0249938964844,2460
2026-01-16,361.92498779296875,361.92498779296875,368.70001220703125,359.5249938964844,368.3999938964844,3976
2026-01-20,362.625,362.625,363.67498779296875,361.07501220703125,362.75,2357
2026-01-21,363.2250061035156,363.2250061035156,364.3999938964844,361.70001220703125,363.75,1653
2026-01-22,363.7250061035156,363.7250061035156,364.25,362.375,362.6000061035156,1685
2026-01-23,364.79998779296875,364.79998779296875,366.2749938964844,361.20001220703125,364.0,2604
2026-01-26,366.70001220703125,366.70001220703125,367.375,365.0,365.5,1379
2026-01-27,366.8500061035156,366.8500061035156,367.25,366.0,366.70001220703125,1180
2026-01-28,368.1000061035156,368.1000061035156,368.42498779296875,366.1499938964844,366.7250061035156,2142
2026-01-29,369.17498779296875,369.17498779296875,369.67498779296875,368.6499938964844,369.2749938964844,8732
2026-01-30,360.2749938964844,360.2749938964844,366.0,358.32501220703125,365.54998779296875,13523
2026-02-02,366.3500061035156,366.3500061035156,368.3999938964844,363.1499938964844,363.20001220703125,12376
2026-02-03,367.92498779296875,367.92498779296875,368.29998779296875,364.8500061035156,367.0249938964844,8668
2026-02-04,370.07501220703125,370.07501220703125,373.6000061035156,367.8500061035156,367.92498779296875,9609
2026-02-05,364.07501220703125,364.07501220703125,368.2749938964844,360.82501220703125,368.2749938964844,13584
2026-02-06,367.42498779296875,367.42498779296875,371.95001220703125,367.25,368.82501220703125,16068
2026-02-09,367.45001220703125,367.45001220703125,369.79998779296875,365.82501220703125,367.8999938964844,10544
2026-02-10,364.7749938964844,364.7749938964844,368.32501220703125,364.07501220703125,368.1499938964844,9985
2026-02-11,367.45001220703125,367.45001220703125,368.1000061035156,364.32501220703125,365.6000061035156,10290
2026-02-12,365.7250061035156,365.7250061035156,368.0,363.3500061035156,367.45001220703125,12793
2026-02-13,366.1499938964844,366.1499938964844,369.20001220703125,364.45001220703125,365.70001220703125,10637
2026-02-17,370.9750061035156,370.9750061035156,372.25,368.92498779296875,369.20001220703125,8777
2026-02-18,370.57501220703125,370.57501220703125,371.70001220703125,369.1499938964844,371.0,7975
2026-02-19,370.2749938964844,370.2749938964844,371.8999938964844,369.29998779296875,371.07501220703125,7278
2026-02-20,368.0249938964844,368.0249938964844,371.125,366.57501220703125,370.6000061035156,8972
2026-02-23,364.29998779296875,364.29998779296875,369.3500061035156,361.7250061035156,367.8500061035156,7606
2026-02-24,365.1000061035156,365.1000061035156,366.20001220703125,362.54998779296875,363.75,4856
2026-02-25,366.29998779296875,366.29998779296875,368.5,364.375,365.2250061035156,6455
2026-02-26,361.6499938964844,361.6499938964844,366.625,357.75,366.6000061035156,6464
2026-02-27,355.42498779296875,355.42498779296875,362.2749938964844,354.70001220703125,361.1000061035156,5055
2026-03-02,357.2749938964844,357.2749938964844,357.70001220703125,350.29998779296875,351.6499938964844,3769
2026-03-03,357.20001220703125,357.20001220703125,358.67498779296875,352.29998779296875,354.70001220703125,4138
2026-03-04,363.92498779296875,363.92498779296875,364.4750061035156,358.04998779296875,358.04998779296875,4489
2026-03-05,362.6000061035156,362.6000061035156,364.82501220703125,361.375,363.42498779296875,2683
2026-03-06,355.625,355.625,363.3999938964844,354.75,360.54998779296875,4025
2026-03-09,350.6499938964844,350.6499938964844,352.32501220703125,346.375,347.07501220703125,5391
2026-03-10,353.3500061035156,353.3500061035156,355.45001220703125,352.0,352.8500061035156,3336
2026-03-11,348.7250061035156,348.7250061035156,352.0,347.25,352.0,5871
2026-03-12,348.2250061035156,348.2250061035156,349.92498779296875,345.54998779296875,347.4750061035156,3243
2026-03-13,349.4750061035156,349.4750061035156,351.79998779296875,347.7250061035156,350.0249938964844,2496
2026-03-16,355.45001220703125,355.45001220703125,355.82501220703125,350.625,350.625,2226
2026-03-17,359.79998779296875,359.79998779296875,360.125,355.92498779296875,356.0,2509
2026-03-18,358.7250061035156,358.7250061035156,359.70001220703125,357.1000061035156,358.0,1295
2026-03-19,355.2749938964844,355.2749938964844,357.57501220703125,354.95001220703125,357.04998779296875,2370
2026-03-20,357.75,357.75,359.4750061035156,356.125,356.20001220703125,1312
2026-03-23,358.45001220703125,358.45001220703125,359.54998779296875,356.8999938964844,358.54998779296875,1009
2026-03-24,360.29998779296875,360.29998779296875,361.82501220703125,358.8999938964844,359.2749938964844,1693
2026-03-25,361.875,361.875,362.07501220703125,360.25,360.5,1154
2026-03-26,363.5249938964844,363.5249938964844,363.6000061035156,362.5,362.5,4648
2026-03-27,361.45001220703125,361.45001220703125,362.42498779296875,354.20001220703125,354.5,6637
2026-03-30,363.29998779296875,363.29998779296875,366.57501220703125,362.0,362.1000061035156,4365
2026-03-31,369.125,369.125,369.95001220703125,363.32501220703125,363.32501220703125,4753
2026-04-01,370.75,370.75,372.82501220703125,368.25,369.0,3242
2026-04-02,372.8999938964844,372.8999938964844,373.25,366.17498779296875,367.9750061035156,0
2026-04-06,372.0249938964844,372.0249938964844,374.9750061035156,371.0,373.95001220703125,2046
2026-04-07,368.8999938964844,368.8999938964844,372.0249938964844,367.875,371.5,2351
2026-04-08,370.67498779296875,370.67498779296875,372.45001220703125,368.0,371.79998779296875,1881
2026-04-09,372.5249938964844,372.5249938964844,372.92498779296875,369.25,370.3500061035156,3103
2026-04-10,374.1499938964844,374.1499938964844,375.0,372.2749938964844,373.2250061035156,1560
2026-04-13,374.4750061035156,374.4750061035156,375.25,373.1499938964844,373.5,1549
2026-04-14,375.875,375.875,378.5,374.6000061035156,374.625,1757
2026-04-15,373.5,373.5,376.2250061035156,371.92498779296875,375.79998779296875,2878
2026-04-16,373.07501220703125,373.07501220703125,376.5,370.82501220703125,376.5,2552
2026-04-17,371.32501220703125,371.32501220703125,374.0249938964844,365.875,373.54998779296875,2440
2026-04-20,368.875,368.875,372.79998779296875,368.0249938964844,371.07501220703125,1330
2026-04-21,366.57501220703125,366.57501220703125,369.9750061035156,364.75,368.875,1274
2026-04-22,366.79998779296875,366.79998779296875,367.25,365.5,367.0,1127
2026-04-23,366.625,366.625,368.95001220703125,365.0,366.0249938964844,1416
2026-04-24,367.625,367.625,368.3999938964844,366.7749938964844,367.4750061035156,1342
2026-04-27,370.57501220703125,370.57501220703125,372.6000061035156,367.875,368.0,2142
2026-04-28,372.07501220703125,372.07501220703125,372.25,369.5,370.29998779296875,1314
2026-04-29,372.2749938964844,372.2749938964844,372.6000061035156,371.67498779296875,372.25,1139
2026-04-30,373.75,373.75,373.95001220703125,373.25,373.25,2767
2026-05-01,371.3999938964844,371.3999938964844,378.2749938964844,371.20001220703125,372.8500061035156,3906
2026-05-04,366.6000061035156,366.6000061035156,371.79998779296875,364.5,371.3999938964844,4554
2026-05-05,371.82501220703125,371.82501220703125,372.5,367.7749938964844,367.7749938964844,2212
2026-05-06,372.3999938964844,372.3999938964844,374.17498779296875,371.125,373.17498779296875,3181
2026-05-07,366.32501220703125,366.32501220703125,372.0249938964844,365.0,372.0249938964844,5443
2026-05-08,367.375,367.375,370.25,365.0249938964844,368.32501220703125,3955
2026-05-11,368.3999938964844,368.3999938964844,371.25,364.7749938964844,368.0249938964844,3709
2026-05-12,365.8999938964844,365.8999938964844,371.25,365.6000061035156,370.04998779296875,2248
2026-05-13,367.32501220703125,367.32501220703125,368.2250061035156,364.7749938964844,367.20001220703125,1931
2026-05-14,367.57501220703125,367.57501220703125,369.79998779296875,367.07501220703125,369.0,1699
2026-05-15,368.67498779296875,368.67498779296875,369.0,366.70001220703125,367.0249938964844,1385
2026-05-18,368.79998779296875,368.79998779296875,369.6000061035156,367.75,369.45001220703125,1284
2026-05-19,369.57501220703125,369.57501220703125,369.8500061035156,368.17498779296875,368.375,1097
2026-05-20,370.7250061035156,370.7250061035156,371.17498779296875,370.1499938964844,370.54998779296875,1719
2026-05-21,369.125,369.125,370.5,368.1000061035156,370.4750061035156,11433
2026-05-22,349.8500061035156,349.8500061035156,355.5,344.2749938964844,353.7749938964844,22093
2026-05-26,349.45001220703125,349.45001220703125,353.375,347.3999938964844,348.70001220703125,9953
2026-05-27,354.625,354.625,356.2250061035156,350.2250061035156,350.3999938964844,8754
2026-05-28,353.0249938964844,353.0249938964844,356.1499938964844,352.6000061035156,355.0,6457
2026-05-29,348.42498779296875,348.42498779296875,354.70001220703125,346.5,354.07501220703125,9918
2026-06-01,351.54998779296875,351.54998779296875,353.75,347.45001220703125,347.8999938964844,8809
2026-06-02,348.42498779296875,348.42498779296875,350.3500061035156,345.0,349.4750061035156,9689
2026-06-03,342.625,342.625,348.29998779296875,340.79998779296875,345.75,11368
2026-06-04,353.375,353.375,353.375,335.95001220703125,336.70001220703125,16012
2026-06-05,353.8999938964844,353.8999938964844,358.75,351.20001220703125,354.70001220703125,11792
2026-06-08,350.70001220703125,350.70001220703125,358.54998779296875,349.0,354.3500061035156,9750
2026-06-09,354.1499938964844,354.1499938964844,355.07501220703125,349.04998779296875,351.5249938964844,8531
2026-06-10,354.375,354.375,356.6000061035156,352.1499938964844,354.0249938964844,6388
2026-06-11,359.6499938964844,359.6499938964844,360.6499938964844,352.7749938964844,354.7749938964844,8110
2026-06-12,357.42498779296875,357.42498779296875,360.29998779296875,355.20001220703125,359.6499938964844,6797
2026-06-15,361.54998779296875,361.54998779296875,362.1000061035156,357.5,358.6499938964844,7148
2026-06-16,366.875,366.875,367.8999938964844,360.20001220703125,361.07501220703125,10086
2026-06-17,367.42498779296875,367.42498779296875,367.875,364.75,367.04998779296875,7487
2026-06-18,366.6000061035156,366.6000061035156,369.0249938964844,365.20001220703125,366.6000061035156,6752
2026-06-22,370.42498779296875,370.42498779296875,373.1499938964844,368.0,369.3999938964844,9910
2026-06-23,368.1499938964844,368.1499938964844,371.57501220703125,367.125,370.8999938964844,6405
2026-06-24,372.92498779296875,372.92498779296875,375.3999938964844,367.75,368.7749938964844,10145
2026-06-25,373.29998779296875,373.29998779296875,377.3999938964844,371.04998779296875,375.1000061035156,8061
2026-06-26,369.8500061035156,369.8500061035156,373.5249938964844,368.5,373.45001220703125,7593
2026-06-29,367.4750061035156,367.4750061035156,370.45001220703125,365.57501220703125,369.8500061035156,6611
2026-06-30,364.6000061035156,364.6000061035156,367.75,361.57501220703125,367.0249938964844,9253
2026-07-01,364.1499938964844,364.1499938964844,367.54998779296875,363.3500061035156,365.3500061035156,6128
2026-07-02,360.625,360.625,365.2250061035156,360.29998779296875,365.04998779296875,7618
2026-07-06,360.5,360.5,363.125,356.625,360.29998779296875,8918
2026-07-07,360.6499938964844,360.6499938964844,362.5249938964844,359.04998779296875,360.82501220703125,8019
2026-07-08,362.04998779296875,362.04998779296875,364.1000061035156,353.70001220703125,360.1499938964844,13391
2026-07-09,356.1499938964844,356.1499938964844,364.07501220703125,355.3999938964844,362.7250061035156,10903
2026-07-10,354.6000061035156,354.6000061035156,358.3999938964844,351.45001220703125,357.1499938964844,11177
2026-07-13,354.3500061035156,354.3500061035156,358.54998779296875,352.9750061035156,354.5,9354
2026-07-14,348.79998779296875,348.79998779296875,353.4750061035156,347.95001220703125,353.45001220703125,12716
2026-07-15,349.95001220703125,349.95001220703125,351.3500061035156,347.4750061035156,349.29998779296875,10896
2026-07-16,346.6000061035156,346.6000061035156,350.6499938964844,343.6000061035156,350.25,9034
2026-07-17,345.95001220703125,345.95001220703125,348.125,344.57501220703125,346.67498779296875,8376
2026-07-20,352.0,352.0,352.6000061035156,345.04998779296875,345.75,10582
2026-07-21,349.54998779296875,349.54998779296875,353.4750061035156,347.79998779296875,352.45001220703125,7558
2026-07-22,341.17498779296875,341.17498779296875,348.07501220703125,340.5,348.07501220703125,10494
2026-07-23,343.7749938964844,343.7749938964844,344.4750061035156,338.0,340.0,6957
2026-07-24,345.32501220703125,345.32501220703125,348.95001220703125,341.17498779296875,345.0,4894
2026-07-27,338.25,338.25,343.67498779296875,337.0,338.6499938964844,7256
2026-07-28,343.07501220703125,343.07501220703125,346.0,338.75,339.75,5677
2026-07-29,344.2749938964844,344.2749938964844,346.5,343.20001220703125,343.57501220703125,3346
2026-07-30,346.4750061035156,346.4750061035156,348.54998779296875,341.25,345.5249938964844,3725
2026-07-31,348.0249938964844,348.0249938964844,348.7250061035156,346.1499938964844,346.4750061035156,2432
2026-08-03,347.82501220703125,347.82501220703125,351.5249938964844,346.8999938964844,348.20001220703125,2657
2026-08-04,351.20001220703125,351.20001220703125,352.0,345.29998779296875,347.3500061035156,2716
2026-08-05,353.32501220703125,353.32501220703125,354.57501220703125,349.57501220703125,351.0,2479
2026-08-06,348.04998779296875,348.04998779296875,354.5249938964844,347.0,354.5,2848
2026-08-07,351.6499938964844,351.6499938964844,352.1000061035156,347.9750061035156,350.25,2389
2026-08-10,350.75,350.75,352.1499938964844,349.1499938964844,351.7250061035156,2184
2026-08-11,350.17498779296875,350.17498779296875,352.5249938964844,349.54998779296875,350.7250061035156,1633
2026-08-12,346.3500061035156,346.3500061035156,350.5249938964844,345.7250061035156,350.25,2889
2026-08-13,342.82501220703125,342.82501220703125,345.92498779296875,341.45001220703125,345.625,3624
2026-08-14,340.82501220703125,340.82501220703125,341.875,336.45001220703125,339.0249938964844,3291
2026-08-17,339.9750061035156,339.9750061035156,342.8999938964844,338.95001220703125,341.0,1601
2026-08-18,339.2250061035156,339.2250061035156,342.75,338.625,340.8500061035156,1705
2026-08-19,336.8500061035156,336.8500061035156,341.5,336.32501220703125,340.4750061035156,1668
2026-08-20,335.29998779296875,335.29998779296875,337.5,334.3999938964844,337.5,1622
2026-08-21,334.75,334.75,335.0,331.29998779296875,333.07501220703125,2149
2026-08-24,333.57501220703125,333.57501220703125,336.9750061035156,333.3999938964844,335.75,1918
2026-08-25,333.7250061035156,333.7250061035156,335.2250061035156,332.6499938964844,333.42498779296875,1663
2026-08-26,332.75,332.75,333.625,331.95001220703125,333.3500061035156,1822
2026-08-27,333.75,333.75,333.95001220703125,332.6000061035156,333.20001220703125,3777
2026-08-28,320.8999938964844,320.8999938964844,323.6000061035156,320.0249938964844,322.875,3894
2026-08-31,321.45001220703125,321.45001220703125,323.3999938964844,319.95001220703125,321.0,1625
2026-09-01,320.3500061035156,320.3500061035156,322.0,317.0,321.625,2728
2026-09-02,318.9750061035156,318.9750061035156,323.8500061035156,317.5249938964844,321.6000061035156,2487
2026-09-03,325.8500061035156,325.8500061035156,327.75,320.25,320.25,3753
2026-09-04,324.82501220703125,324.82501220703125,326.92498779296875,321.67498779296875,325.92498779296875,3753
