Price,Adj Close,Close,High,Low,Open,Volume
Ticker,OJ=F,OJ=F,OJ=F,OJ=F,OJ=F,OJ=F
date,,,,,,
2001-09-17,79.3499984741211,79.3499984741211,79.80000305175781,78.80000305175781,79.69999694824219,0
2001-09-18,80.19999694824219,80.19999694824219,80.5999984741211,79.0999984741211,79.4000015258789,0
2001-09-19,80.0,80.0,80.80000305175781,79.9000015258789,80.5,0
2001-09-20,81.94999694824219,81.94999694824219,82.05000305175781,80.19999694824219,80.25,0
2001-09-21,82.25,82.25,82.80000305175781,82.05000305175781,82.30000305175781,0
2001-09-24,81.80000305175781,81.80000305175781,82.9000015258789,81.5,82.4000015258789,0
2001-09-25,81.9000015258789,81.9000015258789,82.0999984741211,81.5999984741211,81.9000015258789,0
2001-09-26,81.4000015258789,81.4000015258789,82.4000015258789,81.30000305175781,81.9000015258789,0
2001-09-27,80.0,80.0,81.25,79.6500015258789,81.0999984741211,0
2001-09-28,79.3499984741211,79.3499984741211,80.0999984741211,78.80000305175781,80.0,0
2001-10-01,80.05000305175781,80.05000305175781,80.19999694824219,79.5,79.80000305175781,0
2001-10-02,79.8499984741211,79.8499984741211,80.5,79.69999694824219,80.0999984741211,0
2001-10-03,80.25,80.25,80.4000015258789,79.9000015258789,80.19999694824219,0
2001-10-04,82.0999984741211,82.0999984741211,82.4000015258789,80.5,81.80000305175781,0
2001-10-05,80.44999694824219,80.44999694824219,82.5,80.0999984741211,82.4000015258789,0
2001-10-08,79.69999694824219,79.69999694824219,80.80000305175781,79.55000305175781,80.80000305175781,0
2001-10-09,80.19999694824219,80.19999694824219,80.5,79.69999694824219,79.75,0
2001-10-10,80.1500015258789,80.1500015258789,80.44999694824219,79.8499984741211,80.44999694824219,0
2001-10-11,80.44999694824219,80.44999694824219,80.80000305175781,80.05000305175781,80.05000305175781,0
2001-10-12,86.05000305175781,86.05000305175781,86.30000305175781,84.5,84.9000015258789,0
2001-10-15,87.4000015258789,87.4000015258789,87.9000015258789,86.75,87.5,0
2001-10-16,86.0999984741211,86.0999984741211,87.0,85.5999984741211,86.5,0
2001-10-17,85.8499984741211,85.8499984741211,86.25,85.6500015258789,85.8499984741211,0
2001-10-18,86.94999694824219,86.94999694824219,87.25,85.69999694824219,85.80000305175781,0
2001-10-19,88.30000305175781,88.30000305175781,88.4000015258789,85.25,86.4000015258789,0
2001-10-22,88.75,88.75,89.19999694824219,86.5,89.0,0
2001-10-23,89.8499984741211,89.8499984741211,89.9000015258789,88.5,88.69999694824219,0
2001-10-24,89.8499984741211,89.8499984741211,90.4000015258789,88.69999694824219,89.69999694824219,0
2001-10-25,88.19999694824219,88.19999694824219,88.80000305175781,88.0,88.0,0
2001-10-26,89.30000305175781,89.30000305175781,89.9000015258789,88.80000305175781,89.5,0
2001-10-29,90.0999984741211,90.0999984741211,90.19999694824219,89.4000015258789,89.75,0
2001-10-30,90.19999694824219,90.19999694824219,90.30000305175781,89.0,90.25,0
2001-10-31,90.8499984741211,90.8499984741211,91.0,89.80000305175781,89.80000305175781,0
2001-11-01,93.0,93.0,95.19999694824219,91.0,91.0,0
2001-11-02,92.75,92.75,94.30000305175781,92.75,94.0,0
2001-11-05,91.6500015258789,91.6500015258789,92.0,90.75,90.75,0
2001-11-06,93.25,93.25,93.25,92.30000305175781,92.30000305175781,0
2001-11-07,93.5,93.5,93.75,92.5999984741211,93.5,0
2001-11-08,93.1500015258789,93.1500015258789,94.9000015258789,93.0,94.0,466
2001-11-09,94.55000305175781,94.55000305175781,95.55000305175781,94.5,95.0,933
2001-11-13,93.69999694824219,93.69999694824219,94.4000015258789,93.0,93.55000305175781,1058
2001-11-14,92.9000015258789,92.9000015258789,94.0999984741211,92.5999984741211,94.0999984741211,984
2001-11-15,93.05000305175781,93.05000305175781,93.0999984741211,92.5,92.69999694824219,815
2001-11-16,93.5,93.5,95.0,92.9000015258789,93.0,802
2001-11-19,92.80000305175781,92.80000305175781,94.30000305175781,92.80000305175781,94.0,508
2001-11-20,92.9000015258789,92.9000015258789,92.9000015258789,92.5999984741211,92.80000305175781,0
2001-11-21,94.19999694824219,94.19999694824219,94.4000015258789,92.75,92.80000305175781,980
2001-11-26,95.5,95.5,96.0,94.9000015258789,95.19999694824219,948
2001-11-27,96.0,96.0,96.19999694824219,95.1500015258789,95.75,414
2001-11-28,95.30000305175781,95.30000305175781,95.94999694824219,94.0999984741211,95.94999694824219,614
2001-11-29,94.55000305175781,94.55000305175781,95.0,94.0999984741211,94.69999694824219,795
2001-11-30,95.0999984741211,95.0999984741211,95.30000305175781,94.0999984741211,94.25,780
2001-12-03,94.9000015258789,94.9000015258789,95.0,94.5999984741211,94.5999984741211,370
2001-12-04,94.80000305175781,94.80000305175781,95.0,94.5999984741211,95.0,837
2001-12-05,94.1500015258789,94.1500015258789,94.5,94.0,94.30000305175781,4354
2001-12-06,91.1500015258789,91.1500015258789,94.25,90.5999984741211,94.05000305175781,2180
2001-12-07,90.0999984741211,90.0999984741211,90.80000305175781,90.0999984741211,90.44999694824219,1446
2001-12-10,91.44999694824219,91.44999694824219,91.5,89.94999694824219,90.0,1346
2001-12-11,89.9000015258789,89.9000015258789,90.80000305175781,89.9000015258789,90.55000305175781,2609
2001-12-12,89.44999694824219,89.44999694824219,90.0,89.25,89.80000305175781,480
2001-12-13,89.8499984741211,89.8499984741211,90.75,89.5,89.5,694
2001-12-14,90.0999984741211,90.0999984741211,90.0999984741211,89.80000305175781,89.8499984741211,1287
2001-12-17,90.9000015258789,90.9000015258789,91.0,90.0999984741211,90.0999984741211,1275
2001-12-18,91.8499984741211,91.8499984741211,92.69999694824219,90.75,90.75,491
2001-12-19,92.0999984741211,92.0999984741211,92.19999694824219,91.5999984741211,92.05000305175781,1032
2001-12-20,93.9000015258789,93.9000015258789,94.25,91.5,91.69999694824219,2922
2001-12-21,93.5,93.5,93.80000305175781,92.5,93.0,1166
2001-12-26,92.9000015258789,92.9000015258789,93.55000305175781,92.80000305175781,93.30000305175781,1770
2001-12-27,89.94999694824219,89.94999694824219,92.4000015258789,89.5999984741211,92.0999984741211,1107
2001-12-28,89.0999984741211,89.0999984741211,90.25,89.0999984741211,89.5,647
2002-01-02,92.94999694824219,92.94999694824219,93.0,89.69999694824219,89.69999694824219,185
2002-01-03,91.3499984741211,91.3499984741211,93.5,91.3499984741211,92.0,70
2002-01-04,94.25,94.25,101.0,92.0,92.5,207
2002-01-07,93.5,93.5,93.5,93.25,93.5,90
2002-01-08,93.5,93.5,94.5,92.9000015258789,94.0,87
2002-01-09,91.25,91.25,95.0,91.25,94.5,0
2002-01-10,94.5,94.5,94.5,92.9000015258789,92.9000015258789,1169
2002-01-11,90.30000305175781,90.30000305175781,90.4000015258789,89.0999984741211,90.4000015258789,678
2002-01-14,89.8499984741211,89.8499984741211,90.5,89.5,90.5,1085
2002-01-15,88.75,88.75,89.5,88.0,89.0,1301
2002-01-16,87.55000305175781,87.55000305175781,88.3499984741211,87.5,88.25,1156
2002-01-17,87.9000015258789,87.9000015258789,88.25,86.9000015258789,87.0999984741211,566
2002-01-18,87.05000305175781,87.05000305175781,87.55000305175781,87.05000305175781,87.5,1135
2002-01-22,86.3499984741211,86.3499984741211,86.94999694824219,86.05000305175781,86.19999694824219,905
2002-01-23,86.94999694824219,86.94999694824219,87.1500015258789,86.25,86.25,1911
2002-01-24,88.05000305175781,88.05000305175781,88.30000305175781,86.94999694824219,87.30000305175781,1308
2002-01-25,88.0,88.0,88.4000015258789,87.0999984741211,88.0999984741211,1067
2002-01-28,86.69999694824219,86.69999694824219,88.19999694824219,86.55000305175781,88.0,716
2002-01-29,86.44999694824219,86.44999694824219,87.30000305175781,86.25,86.5,1071
2002-01-30,86.05000305175781,86.05000305175781,86.69999694824219,85.9000015258789,86.5999984741211,1321
2002-01-31,86.4000015258789,86.4000015258789,86.9000015258789,85.4000015258789,85.80000305175781,1383
2002-02-01,87.94999694824219,87.94999694824219,88.0,86.9000015258789,87.0,1273
2002-02-04,88.19999694824219,88.19999694824219,88.8499984741211,88.0,88.5,984
2002-02-05,87.4000015258789,87.4000015258789,88.0999984741211,87.25,88.0999984741211,879
2002-02-06,86.6500015258789,86.6500015258789,87.5,86.25,87.4000015258789,996
2002-02-07,86.75,86.75,86.9000015258789,86.19999694824219,86.25,1288
2002-02-08,87.9000015258789,87.9000015258789,88.1500015258789,87.25,87.5,1226
2002-02-11,88.30000305175781,88.30000305175781,88.4000015258789,88.05000305175781,88.25,1176
2002-02-12,87.6500015258789,87.6500015258789,88.5,87.55000305175781,88.30000305175781,1735
2002-02-13,87.5,87.5,87.8499984741211,87.05000305175781,87.44999694824219,2293
2002-02-14,90.0,90.0,90.0999984741211,88.0999984741211,88.5,2423
2002-02-15,89.9000015258789,89.9000015258789,90.80000305175781,89.6500015258789,90.80000305175781,1275
2002-02-19,88.80000305175781,88.80000305175781,89.5,88.5,89.5,872
2002-02-20,89.44999694824219,89.44999694824219,89.5,88.5,88.75,1362
2002-02-21,90.94999694824219,90.94999694824219,91.0,89.6500015258789,89.9000015258789,2667
2002-02-22,92.94999694824219,92.94999694824219,93.25,91.0999984741211,91.0999984741211,1917
2002-02-25,92.9000015258789,92.9000015258789,94.25,92.80000305175781,92.80000305175781,1422
2002-02-26,93.94999694824219,93.94999694824219,94.30000305175781,92.5,93.25,1101
2002-02-27,93.5,93.5,93.94999694824219,92.94999694824219,93.80000305175781,1071
2002-02-28,92.55000305175781,92.55000305175781,93.9000015258789,91.4000015258789,91.4000015258789,445
2002-03-01,92.05000305175781,92.05000305175781,92.75,92.0,92.75,139
2002-03-04,92.25,92.25,92.94999694824219,92.25,92.94999694824219,45
2002-03-05,91.69999694824219,91.69999694824219,92.55000305175781,91.5,92.55000305175781,142
2002-03-06,92.5,92.5,92.5,92.0,92.0,234
2002-03-07,93.55000305175781,93.55000305175781,93.75,93.0,93.0,0
2002-03-08,90.94999694824219,90.94999694824219,93.25,90.94999694824219,93.25,1646
2002-03-11,92.80000305175781,92.80000305175781,93.3499984741211,92.30000305175781,92.5,906
2002-03-12,91.6500015258789,91.6500015258789,92.5999984741211,91.5999984741211,92.5999984741211,503
2002-03-13,91.8499984741211,91.8499984741211,91.9000015258789,90.9000015258789,91.1500015258789,241
2002-03-14,91.30000305175781,91.30000305175781,91.5,91.0999984741211,91.4000015258789,355
2002-03-15,91.94999694824219,91.94999694824219,91.94999694824219,91.30000305175781,91.30000305175781,999
2002-03-18,93.0999984741211,93.0999984741211,93.19999694824219,92.19999694824219,92.4000015258789,1814
2002-03-19,93.94999694824219,93.94999694824219,94.0999984741211,92.9000015258789,93.19999694824219,1489
2002-03-20,93.69999694824219,93.69999694824219,94.4000015258789,93.6500015258789,94.05000305175781,775
2002-03-21,94.19999694824219,94.19999694824219,94.25,93.25,94.19999694824219,1324
2002-03-22,93.30000305175781,93.30000305175781,94.44999694824219,93.25,94.30000305175781,1061
2002-03-25,94.05000305175781,94.05000305175781,94.0999984741211,92.9000015258789,93.30000305175781,512
2002-03-26,93.0999984741211,93.0999984741211,94.0,92.94999694824219,93.9000015258789,710
2002-03-27,93.0999984741211,93.0999984741211,93.4000015258789,92.9000015258789,93.0999984741211,630
2002-03-28,92.5,92.5,93.19999694824219,92.5,93.0,858
2002-04-01,91.8499984741211,91.8499984741211,92.55000305175781,91.80000305175781,92.55000305175781,762
2002-04-02,92.44999694824219,92.44999694824219,92.6500015258789,91.8499984741211,91.94999694824219,635
2002-04-03,92.94999694824219,92.94999694824219,93.0,92.05000305175781,92.5,702
2002-04-04,92.80000305175781,92.80000305175781,93.5,92.75,93.25,4195
2002-04-05,89.80000305175781,89.80000305175781,92.5,89.80000305175781,92.19999694824219,2108
2002-04-08,89.4000015258789,89.4000015258789,90.0,89.1500015258789,90.0,2324
2002-04-09,88.6500015258789,88.6500015258789,89.80000305175781,88.5999984741211,89.3499984741211,1258
2002-04-10,88.55000305175781,88.55000305175781,88.69999694824219,88.25,88.55000305175781,1325
2002-04-11,88.55000305175781,88.55000305175781,89.69999694824219,88.4000015258789,88.55000305175781,2538
2002-04-12,88.19999694824219,88.19999694824219,88.5,88.0,88.5,709
2002-04-15,87.9000015258789,87.9000015258789,88.30000305175781,87.8499984741211,88.19999694824219,896
2002-04-16,88.25,88.25,88.30000305175781,87.75,87.75,1402
2002-04-17,87.9000015258789,87.9000015258789,88.55000305175781,87.5999984741211,88.3499984741211,1475
2002-04-18,87.55000305175781,87.55000305175781,87.8499984741211,87.5,87.5999984741211,1333
2002-04-19,88.5,88.5,89.44999694824219,87.5999984741211,87.5999984741211,697
2002-04-22,88.6500015258789,88.6500015258789,88.80000305175781,88.30000305175781,88.5,946
2002-04-23,89.5999984741211,89.5999984741211,89.75,88.75,88.75,969
2002-04-24,89.75,89.75,90.0999984741211,89.55000305175781,89.75,592
2002-04-25,89.69999694824219,89.69999694824219,89.9000015258789,89.0999984741211,89.4000015258789,2372
2002-04-26,90.05000305175781,90.05000305175781,90.0999984741211,89.5,89.5,869
2002-04-29,90.25,90.25,90.30000305175781,89.8499984741211,90.05000305175781,571
2002-04-30,90.0999984741211,90.0999984741211,90.1500015258789,89.94999694824219,90.0999984741211,281
2002-05-01,91.0999984741211,91.0999984741211,91.19999694824219,90.5,90.5999984741211,381
2002-05-02,91.8499984741211,91.8499984741211,92.0999984741211,91.4000015258789,91.4000015258789,182
2002-05-03,91.6500015258789,91.6500015258789,92.0999984741211,91.30000305175781,92.0,101
2002-05-06,91.25,91.25,91.25,91.0,91.1500015258789,166
2002-05-07,91.80000305175781,91.80000305175781,92.5,91.5,92.5,20
2002-05-08,92.1500015258789,92.1500015258789,92.5,91.0,91.0,8
2002-05-09,92.0999984741211,92.0999984741211,92.25,91.80000305175781,92.1500015258789,0
2002-05-10,93.5,93.5,93.5,92.25,92.25,1059
2002-05-13,89.3499984741211,89.3499984741211,89.5999984741211,88.80000305175781,88.80000305175781,941
2002-05-14,89.19999694824219,89.19999694824219,89.8499984741211,89.0999984741211,89.69999694824219,936
2002-05-15,89.8499984741211,89.8499984741211,89.9000015258789,89.1500015258789,89.5,3440
2002-05-16,91.19999694824219,91.19999694824219,91.4000015258789,89.80000305175781,89.80000305175781,929
2002-05-17,91.05000305175781,91.05000305175781,91.44999694824219,90.5999984741211,91.0999984741211,634
2002-05-20,90.6500015258789,90.6500015258789,91.05000305175781,90.30000305175781,91.05000305175781,350
2002-05-21,90.3499984741211,90.3499984741211,90.69999694824219,90.1500015258789,90.4000015258789,336
2002-05-22,90.4000015258789,90.4000015258789,91.0,90.1500015258789,90.9000015258789,363
2002-05-23,90.5999984741211,90.5999984741211,90.5999984741211,89.94999694824219,90.19999694824219,1357
2002-05-24,91.5,91.5,92.0,91.0,91.05000305175781,1257
2002-05-28,91.4000015258789,91.4000015258789,92.0,91.25,92.0,458
2002-05-29,91.1500015258789,91.1500015258789,91.55000305175781,90.9000015258789,91.55000305175781,776
2002-05-30,91.75,91.75,91.80000305175781,91.0,91.0999984741211,1738
2002-05-31,91.80000305175781,91.80000305175781,92.19999694824219,91.75,91.8499984741211,1594
2002-06-03,91.25,91.25,92.0999984741211,90.69999694824219,92.0999984741211,945
2002-06-04,91.4000015258789,91.4000015258789,91.5,91.0999984741211,91.44999694824219,656
2002-06-05,91.44999694824219,91.44999694824219,91.5,91.0999984741211,91.44999694824219,648
2002-06-06,91.3499984741211,91.3499984741211,91.5,91.0999984741211,91.5,1492
2002-06-07,90.30000305175781,90.30000305175781,91.0,90.25,90.9000015258789,899
2002-06-10,90.19999694824219,90.19999694824219,90.44999694824219,90.0999984741211,90.4000015258789,1199
2002-06-11,90.5999984741211,90.5999984741211,90.80000305175781,90.3499984741211,90.4000015258789,1195
2002-06-12,90.9000015258789,90.9000015258789,91.0,90.75,90.75,902
2002-06-13,91.0,91.0,91.0,90.80000305175781,91.0,864
2002-06-14,91.44999694824219,91.44999694824219,91.69999694824219,91.19999694824219,91.30000305175781,650
2002-06-17,91.05000305175781,91.05000305175781,91.44999694824219,90.9000015258789,91.3499984741211,2012
2002-06-18,91.0999984741211,91.0999984741211,91.30000305175781,90.75,91.1500015258789,1605
2002-06-19,91.19999694824219,91.19999694824219,91.19999694824219,91.05000305175781,91.0999984741211,1158
2002-06-20,92.75,92.75,93.25,91.0,91.05000305175781,1350
2002-06-21,93.25,93.25,93.25,92.4000015258789,92.80000305175781,1768
2002-06-24,92.9000015258789,92.9000015258789,93.25,92.4000015258789,93.25,2017
2002-06-25,91.5999984741211,91.5999984741211,92.25,91.55000305175781,92.25,1462
2002-06-26,91.55000305175781,91.55000305175781,91.5999984741211,91.25,91.55000305175781,2134
2002-06-27,91.0999984741211,91.0999984741211,91.5,90.55000305175781,91.3499984741211,595
2002-06-28,91.19999694824219,91.19999694824219,91.19999694824219,90.44999694824219,90.9000015258789,213
2002-07-01,91.4000015258789,91.4000015258789,91.5,91.30000305175781,91.3499984741211,82
2002-07-02,90.80000305175781,90.80000305175781,91.19999694824219,90.75,91.19999694824219,0
2002-07-03,89.94999694824219,89.94999694824219,91.0,89.94999694824219,91.0,274
2002-07-08,89.5999984741211,89.5999984741211,89.69999694824219,89.25,89.5999984741211,324
2002-07-09,89.0,89.0,89.9000015258789,87.75,89.9000015258789,28
2002-07-10,91.9000015258789,91.9000015258789,91.9000015258789,89.19999694824219,89.19999694824219,0
2002-07-11,90.9000015258789,90.9000015258789,92.44999694824219,90.9000015258789,92.44999694824219,286
2002-07-12,91.19999694824219,91.19999694824219,92.0,91.0999984741211,92.0,2423
2002-07-15,94.19999694824219,94.19999694824219,94.25,91.25,91.4000015258789,2339
2002-07-16,95.8499984741211,95.8499984741211,96.0,94.5,94.69999694824219,1785
2002-07-17,95.1500015258789,95.1500015258789,95.5,93.75,94.19999694824219,1355
2002-07-18,96.30000305175781,96.30000305175781,96.5,95.19999694824219,95.19999694824219,1652
2002-07-19,97.05000305175781,97.05000305175781,97.3499984741211,95.30000305175781,96.0999984741211,2464
2002-07-22,99.05000305175781,99.05000305175781,99.4000015258789,97.0,97.0999984741211,2699
2002-07-23,99.6500015258789,99.6500015258789,100.19999694824219,97.4000015258789,98.5,1970
2002-07-24,100.5,100.5,101.0999984741211,99.05000305175781,99.05000305175781,866
2002-07-25,100.5,100.5,101.05000305175781,100.0,100.80000305175781,840
2002-07-26,99.5999984741211,99.5999984741211,100.4000015258789,99.5999984741211,100.4000015258789,1078
2002-07-29,99.9000015258789,99.9000015258789,100.19999694824219,99.5,99.69999694824219,613
2002-07-30,99.80000305175781,99.80000305175781,100.0,99.5,99.69999694824219,1503
2002-07-31,101.5,101.5,102.0999984741211,99.69999694824219,99.9000015258789,1724
2002-08-01,100.25,100.25,101.5,99.75,100.5,2021
2002-08-02,100.0,100.0,100.9000015258789,98.0,100.9000015258789,639
2002-08-05,99.5999984741211,99.5999984741211,100.9000015258789,99.0999984741211,100.9000015258789,800
2002-08-06,99.44999694824219,99.44999694824219,99.80000305175781,99.25,99.75,1119
2002-08-07,100.30000305175781,100.30000305175781,100.9000015258789,99.6500015258789,99.6500015258789,2160
2002-08-08,102.9000015258789,102.9000015258789,103.0999984741211,100.69999694824219,100.9000015258789,1637
2002-08-09,103.5,103.5,103.8499984741211,102.9000015258789,102.9000015258789,1961
2002-08-12,104.5999984741211,104.5999984741211,105.5999984741211,103.75,103.75,1629
2002-08-13,102.75,102.75,106.0,102.5,106.0,2071
2002-08-14,103.0999984741211,103.0999984741211,103.5,102.5999984741211,103.0,907
2002-08-15,102.8499984741211,102.8499984741211,103.0999984741211,102.1500015258789,103.0999984741211,2730
2002-08-16,102.80000305175781,102.80000305175781,103.69999694824219,100.5,103.0,3292
2002-08-19,102.1500015258789,102.1500015258789,103.19999694824219,101.80000305175781,102.0,2249
2002-08-20,101.55000305175781,101.55000305175781,101.80000305175781,99.5,101.69999694824219,1502
2002-08-21,100.0,100.0,101.0,99.9000015258789,100.19999694824219,1592
2002-08-22,100.0,100.0,100.1500015258789,99.5,100.1500015258789,1525
2002-08-23,99.30000305175781,99.30000305175781,100.0,99.1500015258789,100.0,952
2002-08-26,99.55000305175781,99.55000305175781,100.5,99.5,99.5999984741211,2264
2002-08-27,99.5,99.5,99.80000305175781,99.30000305175781,99.80000305175781,3029
2002-08-28,98.44999694824219,98.44999694824219,99.94999694824219,98.0,99.94999694824219,3038
2002-08-29,98.3499984741211,98.3499984741211,99.19999694824219,98.30000305175781,98.80000305175781,1425
2002-08-30,99.5,99.5,99.69999694824219,98.1500015258789,98.3499984741211,283
2002-09-03,97.8499984741211,97.8499984741211,100.0,97.8499984741211,100.0,121
2002-09-04,97.30000305175781,97.30000305175781,98.0,97.0999984741211,97.8499984741211,205
2002-09-05,99.30000305175781,99.30000305175781,99.30000305175781,96.25,96.25,116
2002-09-06,98.0,98.0,100.0,97.9000015258789,100.0,42
2002-09-09,99.3499984741211,99.3499984741211,99.9000015258789,98.5,98.94999694824219,0
2002-09-10,98.6500015258789,98.6500015258789,100.4000015258789,98.6500015258789,100.4000015258789,1111
2002-09-11,100.55000305175781,100.55000305175781,101.25,99.5,101.25,333
2002-09-12,100.5999984741211,100.5999984741211,101.0999984741211,100.30000305175781,100.6500015258789,286
2002-09-13,100.4000015258789,100.4000015258789,100.69999694824219,100.0999984741211,100.0999984741211,1804
2002-09-16,102.05000305175781,102.05000305175781,102.9000015258789,100.0,100.0,877
2002-09-17,102.3499984741211,102.3499984741211,102.5999984741211,101.5999984741211,102.0999984741211,959
2002-09-18,101.80000305175781,101.80000305175781,102.80000305175781,101.5999984741211,102.5,408
2002-09-19,102.19999694824219,102.19999694824219,102.5,101.75,101.80000305175781,386
2002-09-20,102.05000305175781,102.05000305175781,102.30000305175781,101.25,102.19999694824219,293
2002-09-23,102.25,102.25,102.44999694824219,101.9000015258789,102.30000305175781,797
2002-09-24,102.25,102.25,102.9000015258789,101.69999694824219,102.0,2622
2002-09-25,102.19999694824219,102.19999694824219,102.44999694824219,102.1500015258789,102.19999694824219,1815
2002-09-26,99.9000015258789,99.9000015258789,102.25,99.5,102.25,1080
2002-09-27,99.94999694824219,99.94999694824219,100.5999984741211,99.9000015258789,100.0,3340
2002-09-30,96.94999694824219,96.94999694824219,100.19999694824219,96.80000305175781,100.0,2811
2002-10-01,94.55000305175781,94.55000305175781,96.80000305175781,94.4000015258789,96.5,1982
2002-10-02,93.80000305175781,93.80000305175781,95.5999984741211,93.5,95.0,1304
2002-10-03,93.44999694824219,93.44999694824219,94.19999694824219,93.30000305175781,93.5,1558
2002-10-04,93.44999694824219,93.44999694824219,93.80000305175781,92.55000305175781,93.30000305175781,1242
2002-10-07,92.5,92.5,94.0999984741211,92.4000015258789,93.44999694824219,3558
2002-10-08,91.69999694824219,91.69999694824219,92.5,90.75,92.1500015258789,1826
2002-10-09,92.69999694824219,92.69999694824219,93.25,91.25,91.69999694824219,1395
2002-10-10,93.19999694824219,93.19999694824219,93.75,92.5,92.5999984741211,1961
2002-10-11,95.30000305175781,95.30000305175781,96.5,94.4000015258789,94.5,1751
2002-10-14,93.19999694824219,93.19999694824219,95.5,92.75,95.25,980
2002-10-15,93.19999694824219,93.19999694824219,94.4000015258789,92.0999984741211,92.0999984741211,2153
2002-10-16,95.1500015258789,95.1500015258789,95.3499984741211,92.9000015258789,94.05000305175781,1316
2002-10-17,95.4000015258789,95.4000015258789,95.5999984741211,94.5,94.80000305175781,942
2002-10-18,94.75,94.75,95.5,94.69999694824219,95.0,1756
2002-10-21,96.4000015258789,96.4000015258789,97.19999694824219,95.0,95.0999984741211,994
2002-10-22,96.80000305175781,96.80000305175781,96.8499984741211,96.0,96.5999984741211,1417
2002-10-23,94.4000015258789,94.4000015258789,95.5,94.0999984741211,95.5,1640
2002-10-24,96.5,96.5,96.8499984741211,94.75,94.75,1191
2002-10-25,97.80000305175781,97.80000305175781,97.9000015258789,95.75,96.05000305175781,1319
2002-10-28,97.05000305175781,97.05000305175781,98.0999984741211,97.0,97.0,661
2002-10-29,99.05000305175781,99.05000305175781,99.0999984741211,97.44999694824219,97.44999694824219,784
2002-10-30,99.4000015258789,99.4000015258789,99.9000015258789,99.0,99.69999694824219,2493
2002-10-31,98.5,98.5,100.0,98.5,99.80000305175781,125
2002-11-01,97.5,97.5,97.75,97.05000305175781,97.5,238
2002-11-04,97.19999694824219,97.19999694824219,99.0,97.19999694824219,97.5999984741211,156
2002-11-05,96.8499984741211,96.8499984741211,97.80000305175781,96.8499984741211,97.5,43
2002-11-06,97.25,97.25,97.4000015258789,97.0999984741211,97.4000015258789,0
2002-11-07,98.94999694824219,98.94999694824219,99.5,98.0,98.0,869
2002-11-08,101.19999694824219,101.19999694824219,101.75,101.0,101.5,1194
2002-11-11,100.25,100.25,101.4000015258789,99.5999984741211,101.19999694824219,527
2002-11-12,100.4000015258789,100.4000015258789,100.44999694824219,99.6500015258789,100.25,520
2002-11-13,100.55000305175781,100.55000305175781,100.9000015258789,100.30000305175781,100.4000015258789,712
2002-11-14,101.19999694824219,101.19999694824219,101.25,100.0,100.75,569
2002-11-15,101.0,101.0,101.3499984741211,100.5,101.25,878
2002-11-18,101.69999694824219,101.69999694824219,101.9000015258789,101.05000305175781,101.30000305175781,892
2002-11-19,102.25,102.25,102.3499984741211,101.5,101.9000015258789,671
2002-11-20,102.25,102.25,102.5,102.0999984741211,102.30000305175781,759
2002-11-21,102.30000305175781,102.30000305175781,102.44999694824219,100.25,101.94999694824219,525
2002-11-22,102.44999694824219,102.44999694824219,102.5,102.1500015258789,102.30000305175781,494
2002-11-25,102.4000015258789,102.4000015258789,102.69999694824219,102.30000305175781,102.5,910
2002-11-26,102.05000305175781,102.05000305175781,102.5999984741211,101.69999694824219,102.5,0
2002-11-27,102.05000305175781,102.05000305175781,102.1500015258789,101.5999984741211,102.05000305175781,1126
2002-12-02,100.9000015258789,100.9000015258789,102.05000305175781,100.75,101.8499984741211,3231
2002-12-03,98.3499984741211,98.3499984741211,100.55000305175781,98.1500015258789,100.25,791
2002-12-04,98.6500015258789,98.6500015258789,99.05000305175781,98.0999984741211,98.3499984741211,1758
2002-12-05,97.30000305175781,97.30000305175781,98.80000305175781,97.25,98.55000305175781,1847
2002-12-06,97.3499984741211,97.3499984741211,97.69999694824219,97.05000305175781,97.4000015258789,1169
2002-12-09,97.30000305175781,97.30000305175781,97.69999694824219,97.1500015258789,97.44999694824219,1388
2002-12-10,97.44999694824219,97.44999694824219,97.5,96.9000015258789,97.5,1732
2002-12-11,99.4000015258789,99.4000015258789,99.5999984741211,97.4000015258789,97.4000015258789,841
2002-12-12,99.1500015258789,99.1500015258789,99.30000305175781,98.4000015258789,99.30000305175781,953
2002-12-13,99.5999984741211,99.5999984741211,99.6500015258789,99.05000305175781,99.1500015258789,1259
2002-12-16,100.05000305175781,100.05000305175781,100.4000015258789,99.5999984741211,99.5999984741211,1454
2002-12-17,99.55000305175781,99.55000305175781,99.94999694824219,98.69999694824219,99.80000305175781,1482
2002-12-18,98.8499984741211,98.8499984741211,99.30000305175781,98.8499984741211,99.0,962
2002-12-19,99.0,99.0,99.4000015258789,97.5999984741211,98.0999984741211,712
2002-12-20,99.0,99.0,99.5,99.0,99.0999984741211,0
2002-12-23,97.4000015258789,97.4000015258789,98.80000305175781,97.1500015258789,98.5,2418
2002-12-26,94.05000305175781,94.05000305175781,96.5999984741211,94.0,96.5999984741211,1260
2002-12-27,92.30000305175781,92.30000305175781,94.19999694824219,92.19999694824219,93.5,2926
2002-12-30,89.80000305175781,89.80000305175781,92.5,89.80000305175781,91.75,634
2002-12-31,91.75,91.75,92.0,88.5,89.05000305175781,176
2003-01-02,91.19999694824219,91.19999694824219,91.69999694824219,90.75,91.0,150
2003-01-03,92.19999694824219,92.19999694824219,92.6500015258789,91.0,91.0,126
2003-01-06,90.19999694824219,90.19999694824219,92.0999984741211,90.0,92.0,173
2003-01-07,90.19999694824219,90.19999694824219,91.4000015258789,90.0999984741211,91.30000305175781,442
2003-01-08,90.4000015258789,90.4000015258789,91.0999984741211,90.25,90.75,203
2003-01-09,90.69999694824219,90.69999694824219,91.75,90.4000015258789,91.75,0
2003-01-10,92.44999694824219,92.44999694824219,92.80000305175781,90.9000015258789,90.9000015258789,1024
2003-01-13,93.19999694824219,93.19999694824219,94.69999694824219,93.0999984741211,94.25,1488
2003-01-14,92.0999984741211,92.0999984741211,93.80000305175781,91.4000015258789,93.55000305175781,947
2003-01-15,92.75,92.75,93.25,91.6500015258789,92.4000015258789,860
2003-01-16,93.0999984741211,93.0999984741211,93.4000015258789,92.0999984741211,92.9000015258789,1252
2003-01-17,93.0999984741211,93.0999984741211,94.3499984741211,92.75,93.75,1120
2003-01-21,93.4000015258789,93.4000015258789,93.5,91.30000305175781,93.0999984741211,3620
2003-01-22,97.05000305175781,97.05000305175781,98.4000015258789,96.30000305175781,97.5,2934
2003-01-23,96.55000305175781,96.55000305175781,98.5,95.55000305175781,98.0,2565
2003-01-24,92.55000305175781,92.55000305175781,93.4000015258789,90.0,91.5,1124
2003-01-27,91.69999694824219,91.69999694824219,92.25,91.05000305175781,92.25,865
2003-01-28,91.94999694824219,91.94999694824219,92.69999694824219,91.5,91.5,1218
2003-01-29,90.05000305175781,90.05000305175781,92.75,89.6500015258789,92.69999694824219,1351
2003-01-30,88.69999694824219,88.69999694824219,89.9000015258789,87.4000015258789,89.9000015258789,1055
2003-01-31,89.19999694824219,89.19999694824219,89.8499984741211,88.4000015258789,88.5,834
2003-02-03,88.6500015258789,88.6500015258789,89.80000305175781,88.5,89.25,555
2003-02-04,88.4000015258789,88.4000015258789,89.25,88.0,89.25,667
2003-02-05,88.80000305175781,88.80000305175781,88.80000305175781,88.19999694824219,88.5,966
2003-02-06,88.5,88.5,88.6500015258789,88.0,88.5999984741211,2018
2003-02-07,88.80000305175781,88.80000305175781,89.5,88.5999984741211,89.19999694824219,1264
2003-02-10,88.5,88.5,89.0999984741211,88.3499984741211,88.94999694824219,2205
2003-02-11,88.0999984741211,88.0999984741211,88.75,87.5,88.5,3408
2003-02-12,86.75,86.75,88.25,86.5,88.05000305175781,1546
2003-02-13,87.30000305175781,87.30000305175781,87.75,86.25,86.5,422
2003-02-14,87.19999694824219,87.19999694824219,87.94999694824219,87.05000305175781,87.4000015258789,1547
2003-02-19,88.44999694824219,88.44999694824219,88.5,86.75,87.0,1886
2003-02-20,88.3499984741211,88.3499984741211,88.80000305175781,88.05000305175781,88.30000305175781,1524
2003-02-21,88.0999984741211,88.0999984741211,89.19999694824219,88.0,88.1500015258789,1738
2003-02-24,84.94999694824219,84.94999694824219,88.0999984741211,84.5,88.05000305175781,2545
2003-02-25,85.1500015258789,85.1500015258789,85.4000015258789,83.80000305175781,84.05000305175781,2478
2003-02-26,84.75,84.75,85.3499984741211,84.30000305175781,84.9000015258789,3230
2003-02-27,84.3499984741211,84.3499984741211,85.0,84.25,84.5999984741211,2790
2003-02-28,82.3499984741211,82.3499984741211,84.0999984741211,82.19999694824219,84.0999984741211,1195
2003-03-03,82.19999694824219,82.19999694824219,83.0,82.0999984741211,82.1500015258789,618
2003-03-04,83.5999984741211,83.5999984741211,83.75,82.4000015258789,82.5999984741211,363
2003-03-05,83.25,83.25,84.5,83.0999984741211,84.4000015258789,133
2003-03-06,82.5999984741211,82.5999984741211,83.69999694824219,82.5,83.5999984741211,218
2003-03-07,83.5,83.5,84.0,81.4000015258789,82.5999984741211,96
2003-03-10,82.55000305175781,82.55000305175781,83.30000305175781,82.5,83.30000305175781,0
2003-03-11,82.6500015258789,82.6500015258789,84.05000305175781,82.6500015258789,84.0,427
2003-03-12,84.3499984741211,84.3499984741211,85.30000305175781,84.30000305175781,84.9000015258789,655
2003-03-13,85.94999694824219,85.94999694824219,86.0,83.9000015258789,84.19999694824219,716
2003-03-14,86.75,86.75,87.5,86.1500015258789,86.75,448
2003-03-17,85.5999984741211,85.5999984741211,86.5,85.5,86.5,587
2003-03-18,84.69999694824219,84.69999694824219,86.0,84.4000015258789,86.0,431
2003-03-19,85.8499984741211,85.8499984741211,86.0,85.19999694824219,85.19999694824219,508
2003-03-20,86.3499984741211,86.3499984741211,86.75,85.5999984741211,86.3499984741211,585
2003-03-21,85.8499984741211,85.8499984741211,86.75,85.30000305175781,85.9000015258789,652
2003-03-24,84.5999984741211,84.5999984741211,85.0999984741211,84.0,84.0,532
2003-03-25,84.55000305175781,84.55000305175781,85.19999694824219,84.4000015258789,84.6500015258789,463
2003-03-26,85.1500015258789,85.1500015258789,85.19999694824219,84.19999694824219,85.0,374
2003-03-27,85.5999984741211,85.5999984741211,86.0,85.19999694824219,85.19999694824219,448
2003-03-28,85.9000015258789,85.9000015258789,86.30000305175781,85.69999694824219,86.0999984741211,1557
2003-03-31,86.75,86.75,86.9000015258789,85.9000015258789,86.25,1189
2003-04-01,86.80000305175781,86.80000305175781,87.4000015258789,86.69999694824219,86.94999694824219,1100
2003-04-02,87.55000305175781,87.55000305175781,87.75,86.1500015258789,86.6500015258789,2850
2003-04-03,88.6500015258789,88.6500015258789,88.9000015258789,87.69999694824219,87.9000015258789,1021
2003-04-04,88.19999694824219,88.19999694824219,89.0999984741211,88.1500015258789,88.9000015258789,899
2003-04-07,88.8499984741211,88.8499984741211,88.9000015258789,88.19999694824219,88.3499984741211,3991
2003-04-08,89.25,89.25,89.4000015258789,88.75,88.8499984741211,4006
2003-04-09,87.0,87.0,89.25,81.0,89.25,1906
2003-04-10,88.3499984741211,88.3499984741211,88.75,85.5,86.5999984741211,2351
2003-04-11,87.5999984741211,87.5999984741211,88.80000305175781,87.5999984741211,88.25,1321
2003-04-14,86.0999984741211,86.0999984741211,87.4000015258789,86.05000305175781,87.4000015258789,1012
2003-04-15,84.69999694824219,84.69999694824219,85.80000305175781,84.4000015258789,85.0,1801
2003-04-16,84.05000305175781,84.05000305175781,85.4000015258789,83.69999694824219,85.0,2461
2003-04-17,83.6500015258789,83.6500015258789,84.4000015258789,82.75,84.0,582
2003-04-21,82.80000305175781,82.80000305175781,84.30000305175781,82.80000305175781,83.80000305175781,0
2003-04-22,83.3499984741211,83.3499984741211,83.5,82.25,82.25,1320
2003-04-23,84.0999984741211,84.0999984741211,84.0999984741211,83.0999984741211,83.75,667
2003-04-24,83.30000305175781,83.30000305175781,84.19999694824219,83.25,84.0999984741211,1462
2003-04-25,84.0,84.0,84.0999984741211,83.19999694824219,83.19999694824219,1930
2003-04-28,84.1500015258789,84.1500015258789,84.69999694824219,84.0,84.5999984741211,2610
2003-04-29,81.80000305175781,81.80000305175781,84.5,81.75,84.5,2072
2003-04-30,81.05000305175781,81.05000305175781,82.25,81.05000305175781,81.80000305175781,1561
2003-05-01,82.0999984741211,82.0999984741211,85.0,81.25,81.25,206
2003-05-02,81.55000305175781,81.55000305175781,83.69999694824219,81.1500015258789,83.69999694824219,292
2003-05-05,83.0,83.0,83.0,80.25,81.5,406
2003-05-06,84.5,84.5,84.69999694824219,83.25,83.75,295
2003-05-07,85.1500015258789,85.1500015258789,85.19999694824219,84.8499984741211,84.8499984741211,163
2003-05-08,85.75,85.75,85.75,85.0,85.4000015258789,0
2003-05-09,86.1500015258789,86.1500015258789,86.1500015258789,85.0,85.0,1114
2003-05-12,88.3499984741211,88.3499984741211,88.3499984741211,86.5999984741211,87.30000305175781,448
2003-05-13,87.6500015258789,87.6500015258789,88.3499984741211,87.0999984741211,88.19999694824219,1054
2003-05-14,87.3499984741211,87.3499984741211,87.75,85.80000305175781,87.0,455
2003-05-15,87.6500015258789,87.6500015258789,88.0999984741211,86.80000305175781,87.25,263
2003-05-16,87.4000015258789,87.4000015258789,88.0,87.05000305175781,87.5,462
2003-05-19,86.19999694824219,86.19999694824219,87.19999694824219,86.1500015258789,86.8499984741211,686
2003-05-20,86.30000305175781,86.30000305175781,86.5,85.0999984741211,85.5,575
2003-05-21,86.30000305175781,86.30000305175781,86.75,85.69999694824219,85.80000305175781,797
2003-05-22,87.55000305175781,87.55000305175781,87.5999984741211,86.5,86.5,582
2003-05-23,87.6500015258789,87.6500015258789,88.0,87.4000015258789,87.5999984741211,539
2003-05-27,86.55000305175781,86.55000305175781,87.9000015258789,86.5,87.4000015258789,580
2003-05-28,86.05000305175781,86.05000305175781,86.5,85.69999694824219,86.25,2387
2003-05-29,83.3499984741211,83.3499984741211,86.05000305175781,83.30000305175781,86.0,2509
2003-05-30,84.05000305175781,84.05000305175781,84.30000305175781,81.9000015258789,84.0,2188
2003-06-02,81.8499984741211,81.8499984741211,83.5,81.80000305175781,82.80000305175781,660
2003-06-03,82.94999694824219,82.94999694824219,83.25,82.19999694824219,82.25,647
2003-06-04,83.1500015258789,83.1500015258789,83.9000015258789,82.75,83.44999694824219,953
2003-06-05,84.44999694824219,84.44999694824219,84.5,83.5,83.55000305175781,655
2003-06-06,84.8499984741211,84.8499984741211,85.19999694824219,84.44999694824219,85.0999984741211,846
2003-06-09,85.5,85.5,85.5999984741211,84.5999984741211,85.0,848
2003-06-10,85.5999984741211,85.5999984741211,85.5999984741211,84.1500015258789,85.44999694824219,958
2003-06-11,85.05000305175781,85.05000305175781,85.8499984741211,84.9000015258789,85.5,790
2003-06-12,83.8499984741211,83.8499984741211,85.0,83.80000305175781,84.9000015258789,448
2003-06-13,83.5,83.5,83.8499984741211,83.5,83.5999984741211,4344
2003-06-16,85.80000305175781,85.80000305175781,86.5,83.25,83.30000305175781,1346
2003-06-17,85.9000015258789,85.9000015258789,86.5999984741211,84.9000015258789,86.25,987
2003-06-18,85.4000015258789,85.4000015258789,85.9000015258789,85.0999984741211,85.5,3573
2003-06-19,86.94999694824219,86.94999694824219,87.0,85.25,85.5999984741211,1359
2003-06-20,87.05000305175781,87.05000305175781,87.6500015258789,86.19999694824219,87.30000305175781,1613
2003-06-23,88.1500015258789,88.1500015258789,88.19999694824219,86.94999694824219,86.94999694824219,1031
2003-06-24,87.55000305175781,87.55000305175781,88.1500015258789,87.25,88.0999984741211,2574
2003-06-25,86.0999984741211,86.0999984741211,87.5,85.80000305175781,87.0,2992
2003-06-26,85.94999694824219,85.94999694824219,86.0,85.19999694824219,85.30000305175781,1245
2003-06-27,86.3499984741211,86.3499984741211,86.69999694824219,85.5,85.94999694824219,689
2003-06-30,85.30000305175781,85.30000305175781,86.0,83.9000015258789,86.0,163
2003-07-01,83.5,83.5,85.30000305175781,83.5,85.0,131
2003-07-02,81.05000305175781,81.05000305175781,83.4000015258789,81.0,83.4000015258789,177
2003-07-03,81.25,81.25,81.25,80.75,81.0,124
2003-07-07,80.75,80.75,81.25,80.25,81.25,16
2003-07-08,83.19999694824219,83.19999694824219,84.5,81.5,81.5,9
2003-07-09,84.30000305175781,84.30000305175781,84.30000305175781,83.5,83.5,3
2003-07-10,82.5,82.5,83.75,81.75,81.75,0
2003-07-11,80.6500015258789,80.6500015258789,81.5,80.0,81.4000015258789,634
2003-07-14,81.80000305175781,81.80000305175781,82.5,81.5999984741211,82.0999984741211,0
2003-07-15,81.44999694824219,81.44999694824219,82.25,81.30000305175781,81.69999694824219,832
2003-07-16,81.0999984741211,81.0999984741211,81.94999694824219,81.0,81.25,574
2003-07-17,82.19999694824219,82.19999694824219,82.19999694824219,80.80000305175781,80.80000305175781,609
2003-07-18,82.1500015258789,82.1500015258789,82.75,81.6500015258789,82.5,504
2003-07-21,82.6500015258789,82.6500015258789,82.80000305175781,82.19999694824219,82.25,1073
2003-07-22,81.05000305175781,81.05000305175781,82.8499984741211,80.9000015258789,82.80000305175781,1762
2003-07-23,79.19999694824219,79.19999694824219,81.19999694824219,79.19999694824219,80.8499984741211,1572
2003-07-24,80.94999694824219,80.94999694824219,81.0,79.1500015258789,79.19999694824219,521
2003-07-25,80.1500015258789,80.1500015258789,81.1500015258789,80.0999984741211,80.5,658
2003-07-28,80.25,80.25,80.4000015258789,79.5999984741211,79.5999984741211,554
2003-07-29,80.44999694824219,80.44999694824219,80.5999984741211,80.0999984741211,80.0999984741211,1044
2003-07-30,78.6500015258789,78.6500015258789,80.55000305175781,78.6500015258789,80.44999694824219,1108
2003-07-31,79.5,79.5,79.9000015258789,78.6500015258789,78.6500015258789,932
2003-08-01,79.0,79.0,79.19999694824219,78.55000305175781,78.80000305175781,914
2003-08-04,78.5,78.5,79.3499984741211,78.30000305175781,79.3499984741211,1042
2003-08-05,78.19999694824219,78.19999694824219,78.55000305175781,78.0999984741211,78.30000305175781,687
2003-08-06,78.55000305175781,78.55000305175781,78.69999694824219,78.0999984741211,78.19999694824219,949
2003-08-07,78.9000015258789,78.9000015258789,79.0999984741211,78.5999984741211,79.0,1079
2003-08-08,79.0999984741211,79.0999984741211,79.4000015258789,78.5,79.0999984741211,988
2003-08-11,78.05000305175781,78.05000305175781,79.30000305175781,78.0,79.1500015258789,1414
2003-08-12,79.1500015258789,79.1500015258789,79.8499984741211,78.30000305175781,78.4000015258789,2019
2003-08-13,79.30000305175781,79.30000305175781,79.80000305175781,78.69999694824219,78.69999694824219,0
2003-08-14,79.19999694824219,79.19999694824219,79.5,78.5999984741211,79.19999694824219,2327
2003-08-15,77.4000015258789,77.4000015258789,80.0,77.19999694824219,78.5999984741211,5698
2003-08-18,77.69999694824219,77.69999694824219,78.30000305175781,77.4000015258789,78.0,2108
2003-08-19,79.0999984741211,79.0999984741211,79.19999694824219,77.55000305175781,77.75,1206
2003-08-20,78.25,78.25,79.19999694824219,78.19999694824219,79.0999984741211,2456
2003-08-21,79.9000015258789,79.9000015258789,80.19999694824219,78.55000305175781,78.55000305175781,1447
2003-08-22,79.44999694824219,79.44999694824219,80.1500015258789,79.30000305175781,80.0,1449
2003-08-25,78.55000305175781,78.55000305175781,79.6500015258789,78.55000305175781,79.55000305175781,1562
2003-08-26,78.44999694824219,78.44999694824219,78.80000305175781,78.1500015258789,78.3499984741211,2708
2003-08-27,77.5999984741211,77.5999984741211,78.5,77.55000305175781,78.5,3020
2003-08-28,78.30000305175781,78.30000305175781,78.5999984741211,77.0999984741211,77.75,943
2003-08-29,79.19999694824219,79.19999694824219,79.5,78.30000305175781,78.30000305175781,135
2003-09-02,79.30000305175781,79.30000305175781,79.69999694824219,79.19999694824219,79.3499984741211,233
2003-09-03,78.75,78.75,79.55000305175781,78.6500015258789,79.55000305175781,170
2003-09-04,79.25,79.25,79.30000305175781,78.75,78.75,128
2003-09-05,80.6500015258789,80.6500015258789,82.0999984741211,79.3499984741211,79.3499984741211,127
2003-09-08,81.0999984741211,81.0999984741211,81.0999984741211,80.75,81.05000305175781,5
2003-09-09,80.0999984741211,80.0999984741211,81.9000015258789,79.5,81.9000015258789,0
2003-09-10,82.3499984741211,82.3499984741211,82.3499984741211,79.75,79.75,2206
2003-09-11,80.4000015258789,80.4000015258789,81.44999694824219,79.5,81.0999984741211,1510
2003-09-12,78.55000305175781,78.55000305175781,79.9000015258789,78.0,79.75,3401
2003-09-15,75.8499984741211,75.8499984741211,78.0,74.6500015258789,77.80000305175781,1949
2003-09-16,74.75,74.75,76.05000305175781,74.6500015258789,75.75,1154
2003-09-17,75.3499984741211,75.3499984741211,76.0,74.4000015258789,74.69999694824219,893
2003-09-18,74.25,74.25,75.4000015258789,74.0,75.05000305175781,610
2003-09-19,73.9000015258789,73.9000015258789,74.94999694824219,73.75,74.0,496
2003-09-22,75.4000015258789,75.4000015258789,75.4000015258789,74.0,74.3499984741211,615
2003-09-23,74.8499984741211,74.8499984741211,75.5,74.5999984741211,75.5,324
2003-09-24,75.3499984741211,75.3499984741211,75.4000015258789,74.80000305175781,74.8499984741211,533
2003-09-25,75.0999984741211,75.0999984741211,75.30000305175781,74.5999984741211,75.0999984741211,1443
2003-09-26,74.0999984741211,74.0999984741211,74.94999694824219,73.5,74.94999694824219,564
2003-09-29,75.05000305175781,75.05000305175781,75.19999694824219,73.80000305175781,73.80000305175781,2075
2003-09-30,76.1500015258789,76.1500015258789,77.3499984741211,74.75,75.30000305175781,615
2003-10-01,75.94999694824219,75.94999694824219,76.5,75.75,76.5,814
2003-10-02,75.30000305175781,75.30000305175781,75.80000305175781,75.19999694824219,75.5999984741211,1079
2003-10-03,76.05000305175781,76.05000305175781,76.0999984741211,75.5999984741211,75.5999984741211,1610
2003-10-06,73.19999694824219,73.19999694824219,75.5999984741211,73.0,75.5,1340
2003-10-07,74.05000305175781,74.05000305175781,74.55000305175781,73.0999984741211,73.0999984741211,1516
2003-10-08,74.69999694824219,74.69999694824219,75.25,74.4000015258789,74.5,1865
2003-10-09,75.5999984741211,75.5999984741211,76.5,74.69999694824219,74.69999694824219,4874
2003-10-10,70.44999694824219,70.44999694824219,70.75,68.5,68.5,3728
2003-10-13,70.1500015258789,70.1500015258789,70.9000015258789,70.0,70.6500015258789,1027
2003-10-14,69.94999694824219,69.94999694824219,70.4000015258789,69.9000015258789,70.4000015258789,2704
2003-10-15,68.30000305175781,68.30000305175781,69.75,68.19999694824219,69.75,1236
2003-10-16,68.25,68.25,69.05000305175781,68.0999984741211,68.0999984741211,2783
2003-10-17,67.6500015258789,67.6500015258789,68.4000015258789,67.6500015258789,68.25,1724
2003-10-20,68.44999694824219,68.44999694824219,69.0,68.0,69.0,2026
2003-10-21,69.5,69.5,70.0,68.55000305175781,68.80000305175781,2080
2003-10-22,69.3499984741211,69.3499984741211,69.94999694824219,69.1500015258789,69.94999694824219,1478
2003-10-23,69.80000305175781,69.80000305175781,70.0999984741211,69.30000305175781,69.5,1460
2003-10-24,70.0999984741211,70.0999984741211,70.5999984741211,70.0,70.0,1049
2003-10-27,69.6500015258789,69.6500015258789,70.4000015258789,69.5999984741211,70.25,1994
2003-10-28,69.25,69.25,69.5999984741211,69.25,69.25,2299
2003-10-29,67.19999694824219,67.19999694824219,69.19999694824219,67.19999694824219,69.0999984741211,1560
2003-10-30,67.25,67.25,67.5999984741211,66.80000305175781,67.05000305175781,1614
2003-10-31,67.5999984741211,67.5999984741211,67.80000305175781,67.05000305175781,67.25,676
2003-11-03,67.0999984741211,67.0999984741211,67.30000305175781,66.80000305175781,67.19999694824219,190
2003-11-04,67.1500015258789,67.1500015258789,68.0,67.0,67.0,275
2003-11-05,68.4000015258789,68.4000015258789,68.4000015258789,67.0,67.1500015258789,0
2003-11-06,68.5,68.5,69.25,67.8499984741211,69.25,605
2003-11-07,71.69999694824219,71.69999694824219,71.75,71.25,71.5999984741211,2457
2003-11-10,70.69999694824219,70.69999694824219,71.25,69.5999984741211,71.25,656
2003-11-11,71.25,71.25,71.4000015258789,70.80000305175781,71.1500015258789,976
2003-11-12,71.30000305175781,71.30000305175781,71.55000305175781,70.9000015258789,71.44999694824219,994
2003-11-13,71.25,71.25,71.5999984741211,70.25,70.9000015258789,2343
2003-11-14,72.75,72.75,72.8499984741211,71.25,71.5999984741211,2614
2003-11-17,72.9000015258789,72.9000015258789,74.0,72.30000305175781,73.80000305175781,1625
2003-11-18,71.5999984741211,71.5999984741211,72.69999694824219,70.80000305175781,72.05000305175781,819
2003-11-19,71.6500015258789,71.6500015258789,72.0999984741211,70.80000305175781,71.5,1082
2003-11-20,70.8499984741211,70.8499984741211,71.5,70.3499984741211,71.4000015258789,688
2003-11-21,70.5,70.5,70.6500015258789,70.30000305175781,70.3499984741211,2196
2003-11-24,68.5999984741211,68.5999984741211,70.0999984741211,68.5,69.80000305175781,1810
2003-11-25,67.3499984741211,67.3499984741211,68.69999694824219,67.25,68.5999984741211,0
2003-11-26,68.44999694824219,68.44999694824219,68.5999984741211,67.5999984741211,67.94999694824219,2476
2003-12-01,70.5999984741211,70.5999984741211,70.9000015258789,68.3499984741211,68.4000015258789,1524
2003-12-02,69.4000015258789,69.4000015258789,71.30000305175781,69.30000305175781,71.30000305175781,1616
2003-12-03,69.19999694824219,69.19999694824219,69.55000305175781,67.5999984741211,69.5,984
2003-12-04,69.94999694824219,69.94999694824219,70.0,68.69999694824219,69.0,962
2003-12-05,70.0,70.0,70.44999694824219,69.30000305175781,70.0999984741211,892
2003-12-08,69.55000305175781,69.55000305175781,70.30000305175781,69.19999694824219,70.0999984741211,1042
2003-12-09,69.3499984741211,69.3499984741211,69.5,68.69999694824219,69.30000305175781,665
2003-12-10,68.8499984741211,68.8499984741211,69.4000015258789,68.75,69.0,1108
2003-12-11,68.5999984741211,68.5999984741211,68.9000015258789,68.25,68.25,1147
2003-12-12,68.30000305175781,68.30000305175781,69.25,68.25,68.75,2462
2003-12-15,66.5999984741211,66.5999984741211,68.69999694824219,66.30000305175781,68.0,2351
2003-12-16,65.94999694824219,65.94999694824219,67.0,65.80000305175781,66.75,1735
2003-12-17,66.69999694824219,66.69999694824219,67.05000305175781,66.19999694824219,66.80000305175781,1497
2003-12-18,66.19999694824219,66.19999694824219,66.9000015258789,65.9000015258789,66.9000015258789,1526
2003-12-19,66.25,66.25,67.5,65.0,66.69999694824219,2482
2003-12-22,66.69999694824219,66.69999694824219,67.0,65.75,66.0,2597
2003-12-23,66.30000305175781,66.30000305175781,66.69999694824219,66.30000305175781,66.4000015258789,0
2003-12-24,64.94999694824219,64.94999694824219,66.25,64.75,66.19999694824219,2886
2003-12-29,62.099998474121094,62.099998474121094,63.75,61.79999923706055,63.599998474121094,2160
2003-12-30,61.0,61.0,62.29999923706055,60.75,61.5,0
2003-12-31,60.75,60.75,60.900001525878906,60.04999923706055,60.20000076293945,666
2004-01-05,61.04999923706055,61.04999923706055,61.599998474121094,61.04999923706055,61.20000076293945,362
2004-01-06,63.75,63.75,63.75,61.900001525878906,62.0,196
2004-01-07,63.150001525878906,63.150001525878906,63.599998474121094,63.0,63.5,159
2004-01-08,61.70000076293945,61.70000076293945,63.0,61.70000076293945,63.0,0
2004-01-09,60.650001525878906,60.650001525878906,62.20000076293945,60.650001525878906,61.29999923706055,2245
2004-01-12,64.69999694824219,64.69999694824219,64.69999694824219,63.599998474121094,64.0,2189
2004-01-13,64.05000305175781,64.05000305175781,64.9000015258789,64.05000305175781,64.75,3015
2004-01-14,65.3499984741211,65.3499984741211,65.69999694824219,63.79999923706055,64.25,1604
2004-01-15,65.6500015258789,65.6500015258789,66.0,65.5,65.75,1464
2004-01-16,66.4000015258789,66.4000015258789,66.55000305175781,66.0,66.0,1384
2004-01-20,66.0,66.0,66.69999694824219,65.9000015258789,66.4000015258789,5328
2004-01-21,61.45000076293945,61.45000076293945,65.5,60.599998474121094,65.5,2178
2004-01-22,62.20000076293945,62.20000076293945,62.70000076293945,61.0,61.0,1719
2004-01-23,62.29999923706055,62.29999923706055,63.45000076293945,61.95000076293945,62.79999923706055,1120
2004-01-26,61.099998474121094,61.099998474121094,62.20000076293945,61.0,62.099998474121094,1510
2004-01-27,62.20000076293945,62.20000076293945,62.29999923706055,60.599998474121094,60.79999923706055,878
2004-01-28,61.54999923706055,61.54999923706055,62.5,61.5,62.400001525878906,789
2004-01-29,61.25,61.25,61.79999923706055,61.25,61.70000076293945,1034
2004-01-30,61.599998474121094,61.599998474121094,62.349998474121094,60.70000076293945,60.79999923706055,1200
2004-02-02,61.599998474121094,61.599998474121094,62.400001525878906,61.099998474121094,62.400001525878906,864
2004-02-03,61.400001525878906,61.400001525878906,62.29999923706055,61.20000076293945,61.5,1179
2004-02-04,61.650001525878906,61.650001525878906,62.0,60.79999923706055,61.20000076293945,1244
2004-02-05,61.599998474121094,61.599998474121094,62.150001525878906,61.5,61.849998474121094,2849
2004-02-06,63.150001525878906,63.150001525878906,63.20000076293945,61.75,62.099998474121094,1430
2004-02-09,63.349998474121094,63.349998474121094,64.3499984741211,62.900001525878906,63.79999923706055,3052
2004-02-10,61.099998474121094,61.099998474121094,63.5,60.900001525878906,63.5,2751
2004-02-11,60.04999923706055,60.04999923706055,61.599998474121094,59.5,61.0,2452
2004-02-12,61.20000076293945,61.20000076293945,61.70000076293945,60.150001525878906,60.20000076293945,2049
2004-02-13,61.099998474121094,61.099998474121094,61.650001525878906,60.599998474121094,61.599998474121094,2105
2004-02-17,61.349998474121094,61.349998474121094,61.400001525878906,60.70000076293945,61.099998474121094,1959
2004-02-18,61.349998474121094,61.349998474121094,61.599998474121094,60.95000076293945,61.0,1573
2004-02-19,61.150001525878906,61.150001525878906,61.599998474121094,60.79999923706055,61.099998474121094,1524
2004-02-20,60.95000076293945,60.95000076293945,61.150001525878906,60.70000076293945,60.70000076293945,4508
2004-02-23,59.70000076293945,59.70000076293945,60.20000076293945,59.599998474121094,60.099998474121094,2526
2004-02-24,59.650001525878906,59.650001525878906,59.79999923706055,59.5,59.599998474121094,4161
2004-02-25,60.29999923706055,60.29999923706055,60.650001525878906,59.54999923706055,59.599998474121094,4847
2004-02-26,58.95000076293945,58.95000076293945,60.29999923706055,58.70000076293945,60.20000076293945,4454
2004-02-27,58.79999923706055,58.79999923706055,59.25,58.75,59.150001525878906,447
2004-03-01,60.04999923706055,60.04999923706055,60.099998474121094,58.54999923706055,58.599998474121094,1562
2004-03-02,61.900001525878906,61.900001525878906,61.900001525878906,59.650001525878906,60.25,244
2004-03-03,61.79999923706055,61.79999923706055,62.400001525878906,61.0,62.0,457
2004-03-04,62.150001525878906,62.150001525878906,62.20000076293945,61.599998474121094,61.599998474121094,343
2004-03-05,62.0,62.0,62.150001525878906,61.599998474121094,61.599998474121094,75
2004-03-08,60.900001525878906,60.900001525878906,61.70000076293945,60.04999923706055,61.70000076293945,89
2004-03-09,60.099998474121094,60.099998474121094,61.75,60.099998474121094,61.54999923706055,94
2004-03-10,60.5,60.5,60.599998474121094,59.900001525878906,59.900001525878906,0
2004-03-11,60.5,60.5,60.5,59.099998474121094,60.099998474121094,636
2004-03-12,62.20000076293945,62.20000076293945,62.79999923706055,62.0,62.5,737
2004-03-15,62.099998474121094,62.099998474121094,62.650001525878906,61.45000076293945,61.900001525878906,842
2004-03-16,62.349998474121094,62.349998474121094,62.79999923706055,61.70000076293945,62.099998474121094,546
2004-03-17,62.650001525878906,62.650001525878906,62.75,62.349998474121094,62.75,891
2004-03-18,61.849998474121094,61.849998474121094,62.75,61.70000076293945,62.54999923706055,1935
2004-03-19,60.70000076293945,60.70000076293945,61.849998474121094,60.349998474121094,61.79999923706055,1202
2004-03-22,60.5,60.5,60.75,60.349998474121094,60.599998474121094,1128
2004-03-23,60.400001525878906,60.400001525878906,60.79999923706055,60.349998474121094,60.349998474121094,2196
2004-03-24,61.45000076293945,61.45000076293945,62.099998474121094,60.70000076293945,61.099998474121094,1812
2004-03-25,61.400001525878906,61.400001525878906,61.5,60.349998474121094,61.400001525878906,745
2004-03-26,60.79999923706055,60.79999923706055,61.45000076293945,60.79999923706055,61.45000076293945,640
2004-03-29,60.599998474121094,60.599998474121094,61.099998474121094,60.5,61.099998474121094,482
2004-03-30,60.70000076293945,60.70000076293945,60.900001525878906,60.400001525878906,60.54999923706055,889
2004-03-31,60.29999923706055,60.29999923706055,60.70000076293945,60.099998474121094,60.54999923706055,2646
2004-04-01,59.04999923706055,59.04999923706055,60.0,58.650001525878906,59.79999923706055,1686
2004-04-02,59.20000076293945,59.20000076293945,59.599998474121094,59.0,59.150001525878906,1433
2004-04-05,59.54999923706055,59.54999923706055,59.79999923706055,59.0,59.45000076293945,2788
2004-04-06,61.29999923706055,61.29999923706055,61.400001525878906,59.70000076293945,59.70000076293945,2585
2004-04-07,60.04999923706055,60.04999923706055,61.349998474121094,59.79999923706055,61.29999923706055,1644
2004-04-08,60.29999923706055,60.29999923706055,60.75,60.099998474121094,60.349998474121094,674
2004-04-12,60.20000076293945,60.20000076293945,60.650001525878906,60.04999923706055,60.400001525878906,2125
2004-04-13,59.849998474121094,59.849998474121094,60.04999923706055,59.25,60.04999923706055,2160
2004-04-14,60.349998474121094,60.349998474121094,60.5,59.099998474121094,59.599998474121094,2581
2004-04-15,60.54999923706055,60.54999923706055,61.04999923706055,60.150001525878906,60.54999923706055,3325
2004-04-16,60.5,60.5,60.95000076293945,60.150001525878906,60.5,1040
2004-04-19,60.04999923706055,60.04999923706055,60.599998474121094,59.95000076293945,60.5,2407
2004-04-20,60.29999923706055,60.29999923706055,60.29999923706055,59.900001525878906,60.04999923706055,2663
2004-04-21,59.70000076293945,59.70000076293945,60.099998474121094,59.650001525878906,60.04999923706055,2875
2004-04-22,59.099998474121094,59.099998474121094,59.599998474121094,59.099998474121094,59.400001525878906,2418
2004-04-23,59.099998474121094,59.099998474121094,59.5,58.849998474121094,59.0,2179
2004-04-26,58.599998474121094,58.599998474121094,59.0,58.54999923706055,59.0,2329
2004-04-27,58.0,58.0,58.599998474121094,57.79999923706055,58.400001525878906,2730
2004-04-28,57.70000076293945,57.70000076293945,58.29999923706055,57.599998474121094,58.099998474121094,3063
2004-04-29,57.0,57.0,57.70000076293945,57.0,57.54999923706055,6546
2004-04-30,58.099998474121094,58.099998474121094,58.5,55.79999923706055,56.0,205
2004-05-03,57.650001525878906,57.650001525878906,58.29999923706055,57.5,58.29999923706055,717
2004-05-04,58.0,58.0,58.20000076293945,57.29999923706055,57.29999923706055,208
2004-05-05,58.349998474121094,58.349998474121094,58.349998474121094,57.70000076293945,58.150001525878906,210
2004-05-06,56.79999923706055,56.79999923706055,58.150001525878906,56.79999923706055,58.150001525878906,366
2004-05-07,56.099998474121094,56.099998474121094,57.0,56.04999923706055,57.0,0
2004-05-10,55.650001525878906,55.650001525878906,56.5,55.54999923706055,56.04999923706055,2000
2004-05-11,57.150001525878906,57.150001525878906,58.20000076293945,56.599998474121094,57.150001525878906,1075
2004-05-12,57.400001525878906,57.400001525878906,57.849998474121094,56.5,56.849998474121094,1579
2004-05-13,56.400001525878906,56.400001525878906,57.45000076293945,56.20000076293945,57.45000076293945,855
2004-05-14,56.099998474121094,56.099998474121094,57.20000076293945,55.75,56.400001525878906,1162
2004-05-17,55.650001525878906,55.650001525878906,56.349998474121094,55.5,56.0,1257
2004-05-18,55.650001525878906,55.650001525878906,56.79999923706055,55.599998474121094,55.650001525878906,1383
2004-05-19,54.79999923706055,54.79999923706055,56.5,54.70000076293945,56.20000076293945,2358
2004-05-20,54.650001525878906,54.650001525878906,55.70000076293945,54.5,55.400001525878906,1703
2004-05-21,54.849998474121094,54.849998474121094,55.849998474121094,54.20000076293945,54.25,915
2004-05-24,54.70000076293945,54.70000076293945,55.400001525878906,54.650001525878906,55.099998474121094,835
2004-05-25,54.900001525878906,54.900001525878906,55.25,54.599998474121094,54.650001525878906,732
2004-05-26,54.95000076293945,54.95000076293945,55.29999923706055,54.79999923706055,55.29999923706055,3106
2004-05-27,56.25,56.25,56.25,55.25,55.29999923706055,1212
2004-05-28,56.099998474121094,56.099998474121094,56.650001525878906,55.599998474121094,56.599998474121094,2960
2004-06-01,54.650001525878906,54.650001525878906,56.400001525878906,54.599998474121094,56.400001525878906,1317
2004-06-02,55.25,55.25,55.349998474121094,54.5,54.650001525878906,1213
2004-06-03,54.650001525878906,54.650001525878906,55.5,54.599998474121094,55.5,3125
2004-06-04,56.79999923706055,56.79999923706055,57.0,54.650001525878906,54.650001525878906,1613
2004-06-07,56.25,56.25,57.0,56.20000076293945,57.0,1219
2004-06-08,55.95000076293945,55.95000076293945,56.20000076293945,55.599998474121094,55.599998474121094,989
2004-06-09,56.400001525878906,56.400001525878906,56.70000076293945,55.95000076293945,55.95000076293945,0
2004-06-10,55.599998474121094,55.599998474121094,56.25,54.650001525878906,56.04999923706055,655
2004-06-14,54.900001525878906,54.900001525878906,55.25,54.75,55.099998474121094,2985
2004-06-15,56.79999923706055,56.79999923706055,57.099998474121094,54.650001525878906,54.79999923706055,2118
2004-06-16,56.900001525878906,56.900001525878906,57.25,56.25,56.900001525878906,3523
2004-06-17,57.79999923706055,57.79999923706055,57.900001525878906,57.0,57.0,4883
2004-06-18,57.5,57.5,58.20000076293945,57.20000076293945,57.95000076293945,2071
2004-06-21,57.849998474121094,57.849998474121094,58.099998474121094,57.5,57.599998474121094,3895
2004-06-22,58.29999923706055,58.29999923706055,58.349998474121094,57.79999923706055,58.099998474121094,4865
2004-06-23,58.349998474121094,58.349998474121094,58.75,58.099998474121094,58.29999923706055,4010
2004-06-24,60.20000076293945,60.20000076293945,61.099998474121094,58.349998474121094,58.349998474121094,3724
2004-06-25,61.20000076293945,61.20000076293945,61.400001525878906,59.0,60.099998474121094,2932
2004-06-28,60.400001525878906,60.400001525878906,61.20000076293945,59.70000076293945,60.79999923706055,3627
2004-06-29,63.400001525878906,63.400001525878906,63.400001525878906,60.20000076293945,60.400001525878906,1749
2004-06-30,61.75,61.75,63.099998474121094,61.5,63.04999923706055,243
2004-07-01,64.5,64.5,64.5999984741211,61.29999923706055,61.29999923706055,765
2004-07-02,65.30000305175781,65.30000305175781,66.4000015258789,64.0,64.0,138
2004-07-06,67.0,67.0,67.0,64.0,64.0,25
2004-07-07,67.19999694824219,67.19999694824219,67.5,66.8499984741211,67.5,381
2004-07-08,66.4000015258789,66.4000015258789,66.4000015258789,66.0,66.0,243
2004-07-09,66.75,66.75,66.94999694824219,65.69999694824219,65.69999694824219,0
2004-07-12,65.19999694824219,65.19999694824219,67.0,65.0,65.5999984741211,1843
2004-07-13,68.0999984741211,68.0999984741211,68.30000305175781,66.0999984741211,66.5999984741211,2979
2004-07-14,69.55000305175781,69.55000305175781,69.6500015258789,67.25,68.19999694824219,4394
2004-07-15,69.9000015258789,69.9000015258789,70.5999984741211,69.4000015258789,70.25,2484
2004-07-16,69.4000015258789,69.4000015258789,70.0999984741211,68.5,69.9000015258789,2302
2004-07-19,70.19999694824219,70.19999694824219,70.19999694824219,68.5,69.30000305175781,1168
2004-07-20,69.4000015258789,69.4000015258789,70.30000305175781,69.0,69.80000305175781,1232
2004-07-21,68.8499984741211,68.8499984741211,69.30000305175781,68.69999694824219,69.0,2389
2004-07-22,70.4000015258789,70.4000015258789,70.44999694824219,68.6500015258789,68.6500015258789,2607
2004-07-23,71.1500015258789,71.1500015258789,71.5,70.4000015258789,70.5,7578
2004-07-26,66.0,66.0,72.80000305175781,65.0,72.5,5360
2004-07-27,61.150001525878906,61.150001525878906,67.25,61.0,66.25,4375
2004-07-28,62.29999923706055,62.29999923706055,62.5,59.900001525878906,60.54999923706055,1666
2004-07-29,61.29999923706055,61.29999923706055,62.75,60.5,62.400001525878906,732
2004-07-30,61.5,61.5,61.75,60.599998474121094,60.70000076293945,1071
2004-08-02,60.849998474121094,60.849998474121094,61.29999923706055,60.5,60.54999923706055,873
2004-08-03,60.45000076293945,60.45000076293945,61.25,60.20000076293945,61.25,1831
2004-08-04,59.400001525878906,59.400001525878906,60.599998474121094,59.400001525878906,60.54999923706055,2026
2004-08-05,58.70000076293945,58.70000076293945,60.349998474121094,58.54999923706055,59.099998474121094,1886
2004-08-06,60.04999923706055,60.04999923706055,60.20000076293945,57.849998474121094,58.5,1740
2004-08-09,61.70000076293945,61.70000076293945,62.599998474121094,59.099998474121094,59.75,1153
2004-08-10,61.70000076293945,61.70000076293945,63.599998474121094,61.5,61.70000076293945,896
2004-08-11,61.599998474121094,61.599998474121094,62.099998474121094,61.400001525878906,62.04999923706055,2268
2004-08-12,60.0,60.0,60.900001525878906,58.75,60.79999923706055,2475
2004-08-13,62.25,62.25,63.5,59.29999923706055,60.0,7985
2004-08-16,69.5,69.5,72.25,68.75,72.25,4093
2004-08-17,67.44999694824219,67.44999694824219,70.0,67.0,70.0,2772
2004-08-18,69.0,69.0,69.5,67.5999984741211,68.30000305175781,4046
2004-08-19,73.0,73.0,73.0,71.0,72.0999984741211,3320
2004-08-20,73.8499984741211,73.8499984741211,73.9000015258789,69.5999984741211,73.0,2793
2004-08-23,75.9000015258789,75.9000015258789,75.9000015258789,74.25,74.5,2404
2004-08-24,74.69999694824219,74.69999694824219,75.9000015258789,72.9000015258789,75.75,1125
2004-08-25,74.0,74.0,74.4000015258789,72.9000015258789,74.4000015258789,1479
2004-08-26,74.5999984741211,74.5999984741211,74.94999694824219,73.5999984741211,74.0999984741211,659
2004-08-27,74.05000305175781,74.05000305175781,74.69999694824219,74.0,74.69999694824219,814
2004-08-30,73.5999984741211,73.5999984741211,74.0,73.44999694824219,73.9000015258789,1003
2004-08-31,73.5,73.5,74.30000305175781,72.5,74.30000305175781,548
2004-09-01,77.30000305175781,77.30000305175781,77.30000305175781,74.75,74.75,157
2004-09-02,79.4000015258789,79.4000015258789,85.0,78.5,85.0,61
2004-09-03,74.3499984741211,74.3499984741211,77.0,74.0,77.0,14
2004-09-07,78.5,78.5,79.0,77.5,78.5,47
2004-09-08,79.1500015258789,79.1500015258789,79.1500015258789,77.25,77.25,127
2004-09-09,82.8499984741211,82.8499984741211,83.0,81.0,81.0,0
2004-09-10,81.4000015258789,81.4000015258789,82.30000305175781,81.4000015258789,81.69999694824219,2514
2004-09-13,76.5999984741211,76.5999984741211,78.4000015258789,75.80000305175781,77.5,1312
2004-09-14,76.80000305175781,76.80000305175781,78.0,75.9000015258789,77.0,825
2004-09-15,77.80000305175781,77.80000305175781,77.9000015258789,76.25,77.69999694824219,883
2004-09-16,77.69999694824219,77.69999694824219,78.0,76.80000305175781,77.25,986
2004-09-17,78.3499984741211,78.3499984741211,78.80000305175781,76.6500015258789,77.0999984741211,722
2004-09-20,77.75,77.75,78.0,76.9000015258789,78.0,753
2004-09-21,78.5,78.5,78.69999694824219,77.9000015258789,78.0,712
2004-09-22,78.9000015258789,78.9000015258789,79.0,77.5,77.55000305175781,1591
2004-09-23,79.5999984741211,79.5999984741211,80.30000305175781,78.5,80.0,989
2004-09-24,78.75,78.75,80.0,78.5999984741211,79.94999694824219,3459
2004-09-27,85.5,85.5,85.69999694824219,82.5,82.5,2409
2004-09-28,85.75,85.75,86.19999694824219,85.0,85.5,2067
2004-09-29,87.25,87.25,87.4000015258789,85.80000305175781,85.9000015258789,1823
2004-09-30,87.5,87.5,87.9000015258789,86.80000305175781,87.0,2619
2004-10-01,89.19999694824219,89.19999694824219,89.4000015258789,85.4000015258789,87.0,1800
2004-10-04,88.30000305175781,88.30000305175781,88.5,87.25,88.25,1920
2004-10-05,83.69999694824219,83.69999694824219,88.0,83.5,87.75,1280
2004-10-06,84.19999694824219,84.19999694824219,84.5,82.5999984741211,84.4000015258789,1283
2004-10-07,82.80000305175781,82.80000305175781,84.05000305175781,82.5999984741211,83.9000015258789,777
2004-10-08,83.44999694824219,83.44999694824219,83.69999694824219,82.69999694824219,82.80000305175781,1664
2004-10-11,83.75,83.75,84.69999694824219,83.4000015258789,84.0,2295
2004-10-12,85.3499984741211,85.3499984741211,86.30000305175781,84.94999694824219,85.05000305175781,2138
2004-10-13,83.80000305175781,83.80000305175781,85.0,83.4000015258789,84.9000015258789,1853
2004-10-14,85.25,85.25,85.4000015258789,83.5,83.5999984741211,2768
2004-10-15,85.0,85.0,85.5999984741211,84.9000015258789,85.0999984741211,2123
2004-10-18,84.3499984741211,84.3499984741211,85.0,84.0999984741211,84.5,1297
2004-10-19,84.75,84.75,85.0,84.30000305175781,84.3499984741211,1380
2004-10-20,85.0,85.0,85.0999984741211,84.5999984741211,84.75,2852
2004-10-21,79.8499984741211,79.8499984741211,84.80000305175781,79.5,84.80000305175781,3391
2004-10-22,77.44999694824219,77.44999694824219,80.9000015258789,77.0,80.5,2617
2004-10-25,77.05000305175781,77.05000305175781,78.9000015258789,76.30000305175781,77.19999694824219,2520
2004-10-26,77.19999694824219,77.19999694824219,77.75,77.1500015258789,77.1500015258789,3011
2004-10-27,77.5999984741211,77.5999984741211,77.75,77.1500015258789,77.5,1450
2004-10-28,77.05000305175781,77.05000305175781,77.5999984741211,77.05000305175781,77.5999984741211,1860
2004-10-29,77.25,77.25,77.4000015258789,76.5,76.5999984741211,503
2004-11-01,76.55000305175781,76.55000305175781,79.0,76.0,78.5,92
2004-11-02,76.25,76.25,76.94999694824219,75.80000305175781,76.94999694824219,119
2004-11-03,77.19999694824219,77.19999694824219,77.19999694824219,76.25,76.25,2512
2004-11-04,76.5999984741211,76.5999984741211,77.0,76.1500015258789,77.0,114
2004-11-05,74.4000015258789,74.4000015258789,79.0,74.0,79.0,0
2004-11-08,72.5,72.5,74.75,72.5,73.80000305175781,1857
2004-11-09,75.5999984741211,75.5999984741211,75.75,75.05000305175781,75.0999984741211,2660
2004-11-10,73.6500015258789,73.6500015258789,75.5,73.5999984741211,75.5,1516
2004-11-11,74.1500015258789,74.1500015258789,74.3499984741211,73.5999984741211,74.0,5402
2004-11-12,69.30000305175781,69.30000305175781,75.3499984741211,69.19999694824219,75.3499984741211,2664
2004-11-15,72.19999694824219,72.19999694824219,72.5,69.30000305175781,69.30000305175781,2027
2004-11-16,73.94999694824219,73.94999694824219,74.4000015258789,72.5,72.69999694824219,2513
2004-11-17,74.5,74.5,76.0,72.0999984741211,73.19999694824219,973
2004-11-18,75.44999694824219,75.44999694824219,75.69999694824219,74.5,74.5,988
2004-11-19,75.5999984741211,75.5999984741211,75.9000015258789,75.44999694824219,75.44999694824219,1564
2004-11-22,76.44999694824219,76.44999694824219,76.9000015258789,75.5999984741211,75.69999694824219,1155
2004-11-23,76.1500015258789,76.1500015258789,76.5999984741211,75.80000305175781,76.5,0
2004-11-24,77.0,77.0,77.69999694824219,76.05000305175781,76.30000305175781,777
2004-11-29,77.3499984741211,77.3499984741211,78.0,77.0,77.5,2141
2004-11-30,74.9000015258789,74.9000015258789,77.19999694824219,74.5999984741211,77.05000305175781,1593
2004-12-01,76.80000305175781,76.80000305175781,76.80000305175781,74.9000015258789,75.25,1531
2004-12-02,78.3499984741211,78.3499984741211,78.6500015258789,76.80000305175781,76.80000305175781,1257
2004-12-03,78.4000015258789,78.4000015258789,78.5,77.75,78.5,1750
2004-12-06,79.19999694824219,79.19999694824219,79.19999694824219,77.5,78.19999694824219,2274
2004-12-07,79.3499984741211,79.3499984741211,79.44999694824219,78.05000305175781,79.30000305175781,3137
2004-12-08,80.44999694824219,80.44999694824219,80.75,79.3499984741211,79.4000015258789,1549
2004-12-09,80.44999694824219,80.44999694824219,80.55000305175781,78.80000305175781,80.44999694824219,3846
2004-12-10,82.8499984741211,82.8499984741211,85.4000015258789,82.0,82.05000305175781,3155
2004-12-13,83.3499984741211,83.3499984741211,84.80000305175781,82.80000305175781,83.5,1395
2004-12-14,81.75,81.75,83.80000305175781,81.5999984741211,83.5999984741211,3101
2004-12-15,85.9000015258789,85.9000015258789,86.30000305175781,84.0999984741211,84.5,1885
2004-12-16,86.0999984741211,86.0999984741211,86.5,85.25,85.25,1543
2004-12-17,85.75,85.75,86.5999984741211,85.30000305175781,86.30000305175781,2040
2004-12-20,86.80000305175781,86.80000305175781,86.94999694824219,85.80000305175781,85.9000015258789,1826
2004-12-21,86.25,86.25,87.0,84.80000305175781,86.80000305175781,1156
2004-12-22,86.0,86.0,86.0999984741211,85.1500015258789,85.5,1626
2004-12-23,88.05000305175781,88.05000305175781,88.25,86.30000305175781,86.30000305175781,1260
2004-12-27,87.4000015258789,87.4000015258789,88.0,84.5,88.0,999
2004-12-28,86.9000015258789,86.9000015258789,87.3499984741211,86.5,87.3499984741211,864
2004-12-29,86.4000015258789,86.4000015258789,86.5,85.80000305175781,86.5,692
2004-12-30,86.0999984741211,86.0999984741211,86.5,85.75,86.5,108
2005-01-03,84.30000305175781,84.30000305175781,85.69999694824219,84.30000305175781,85.0,64
2005-01-04,85.75,85.75,85.75,83.25,83.25,75
2005-01-05,85.44999694824219,85.44999694824219,86.5,85.44999694824219,86.0,51
2005-01-06,82.6500015258789,82.6500015258789,86.0999984741211,82.6500015258789,86.0999984741211,28
2005-01-07,77.19999694824219,77.19999694824219,83.0,77.0,82.6500015258789,0
2005-01-10,77.5999984741211,77.5999984741211,79.5,77.0,79.5,861
2005-01-11,80.3499984741211,80.3499984741211,80.80000305175781,79.30000305175781,79.4000015258789,4530
2005-01-12,83.80000305175781,83.80000305175781,85.0,82.0999984741211,83.44999694824219,2155
2005-01-13,84.1500015258789,84.1500015258789,85.30000305175781,83.5,84.75,2134
2005-01-14,81.80000305175781,81.80000305175781,83.5,81.19999694824219,83.30000305175781,1102
2005-01-18,83.75,83.75,84.1500015258789,81.55000305175781,81.55000305175781,628
2005-01-19,82.4000015258789,82.4000015258789,84.0,82.30000305175781,84.0,2159
2005-01-20,79.1500015258789,79.1500015258789,82.05000305175781,78.6500015258789,82.05000305175781,1230
2005-01-21,79.8499984741211,79.8499984741211,80.3499984741211,79.5,79.69999694824219,1433
2005-01-24,80.80000305175781,80.80000305175781,81.75,79.80000305175781,79.8499984741211,776
2005-01-25,80.94999694824219,80.94999694824219,81.9000015258789,80.5,81.5,1332
2005-01-26,83.05000305175781,83.05000305175781,83.19999694824219,80.5999984741211,80.80000305175781,1139
2005-01-27,83.5,83.5,83.5999984741211,82.1500015258789,82.25,611
2005-01-28,83.5,83.5,83.5999984741211,82.75,83.0999984741211,1321
2005-01-31,82.25,82.25,83.5999984741211,82.05000305175781,83.25,2719
2005-02-01,84.5999984741211,84.5999984741211,85.0,79.8499984741211,81.5999984741211,2765
2005-02-02,85.5,85.5,85.69999694824219,82.94999694824219,84.30000305175781,3005
2005-02-03,85.8499984741211,85.8499984741211,86.4000015258789,84.0999984741211,86.25,1540
2005-02-04,84.5999984741211,84.5999984741211,85.8499984741211,84.05000305175781,85.8499984741211,1306
2005-02-07,84.5,84.5,85.0,83.5,84.9000015258789,3138
2005-02-08,86.44999694824219,86.44999694824219,86.75,84.0,84.0,2577
2005-02-09,85.19999694824219,85.19999694824219,86.0,84.19999694824219,85.94999694824219,4382
2005-02-10,85.0999984741211,85.0999984741211,85.5,83.55000305175781,84.3499984741211,2157
2005-02-11,85.75,85.75,86.4000015258789,84.0999984741211,85.0999984741211,667
2005-02-14,85.6500015258789,85.6500015258789,86.19999694824219,85.0999984741211,86.0,1521
2005-02-15,84.69999694824219,84.69999694824219,86.0,84.5,86.0,2066
2005-02-16,83.80000305175781,83.80000305175781,84.4000015258789,83.0,84.25,1872
2005-02-17,83.5,83.5,83.94999694824219,82.9000015258789,83.19999694824219,3962
2005-02-18,83.30000305175781,83.30000305175781,83.75,82.69999694824219,83.5,3386
2005-02-22,87.30000305175781,87.30000305175781,87.6500015258789,83.5999984741211,83.5999984741211,2435
2005-02-23,85.25,85.25,87.05000305175781,85.0999984741211,87.05000305175781,2314
2005-02-24,85.05000305175781,85.05000305175781,85.69999694824219,84.75,85.0999984741211,1932
2005-02-25,84.30000305175781,84.30000305175781,84.5,83.0999984741211,84.5,2698
2005-02-28,82.5999984741211,82.5999984741211,85.19999694824219,82.5999984741211,85.1500015258789,1084
2005-03-01,83.9000015258789,83.9000015258789,84.9000015258789,82.4000015258789,82.5999984741211,189
2005-03-02,85.6500015258789,85.6500015258789,88.0,85.19999694824219,88.0,297
2005-03-03,88.5,88.5,89.0,87.0,87.0,49
2005-03-04,90.0,90.0,90.0,88.75,88.75,17
2005-03-07,91.1500015258789,91.1500015258789,92.0,86.5,86.5,308
2005-03-08,91.4000015258789,91.4000015258789,91.9000015258789,90.5,91.4000015258789,31
2005-03-09,89.5,89.5,90.0999984741211,89.0,90.0,0
2005-03-10,97.94999694824219,97.94999694824219,99.44999694824219,95.0,97.0,1653
2005-03-11,100.30000305175781,100.30000305175781,101.5,99.5,100.1500015258789,831
2005-03-14,99.8499984741211,99.8499984741211,100.4000015258789,99.0,99.5,960
2005-03-15,99.69999694824219,99.69999694824219,100.0,98.80000305175781,99.19999694824219,953
2005-03-16,100.0,100.0,100.5,99.55000305175781,100.19999694824219,1659
2005-03-17,100.55000305175781,100.55000305175781,100.5999984741211,99.30000305175781,100.30000305175781,1809
2005-03-18,101.3499984741211,101.3499984741211,101.69999694824219,99.5999984741211,100.0,2556
2005-03-21,97.8499984741211,97.8499984741211,101.5999984741211,97.5,100.9000015258789,2867
2005-03-22,97.0999984741211,97.0999984741211,97.5,95.75,97.5,1383
2005-03-23,96.69999694824219,96.69999694824219,96.94999694824219,96.0999984741211,96.4000015258789,1670
2005-03-24,95.80000305175781,95.80000305175781,97.9000015258789,95.0,97.69999694824219,1087
2005-03-28,96.94999694824219,96.94999694824219,97.30000305175781,95.30000305175781,95.5,1726
2005-03-29,99.5,99.5,99.8499984741211,96.9000015258789,97.69999694824219,1257
2005-03-30,99.25,99.25,100.44999694824219,99.0999984741211,99.75,2902
2005-03-31,99.55000305175781,99.55000305175781,100.9000015258789,98.05000305175781,99.0,1208
2005-04-01,99.94999694824219,99.94999694824219,100.5,99.1500015258789,100.0,1476
2005-04-04,100.8499984741211,100.8499984741211,100.9000015258789,100.0,100.0999984741211,1194
2005-04-05,100.55000305175781,100.55000305175781,101.44999694824219,99.94999694824219,101.4000015258789,1847
2005-04-06,96.80000305175781,96.80000305175781,99.80000305175781,96.5999984741211,99.75,5530
2005-04-07,97.0,97.0,97.69999694824219,94.30000305175781,96.5,1662
2005-04-08,95.75,95.75,97.80000305175781,95.3499984741211,96.9000015258789,2604
2005-04-11,94.19999694824219,94.19999694824219,96.30000305175781,94.0999984741211,95.5,2470
2005-04-12,92.5999984741211,92.5999984741211,94.0,92.5,93.55000305175781,2776
2005-04-13,93.69999694824219,93.69999694824219,95.25,91.4000015258789,92.5,1969
2005-04-14,94.19999694824219,94.19999694824219,94.30000305175781,92.9000015258789,93.25,1277
2005-04-15,94.9000015258789,94.9000015258789,95.0999984741211,94.0,94.80000305175781,2395
2005-04-18,91.5,91.5,94.9000015258789,91.5,94.5,3196
2005-04-19,91.80000305175781,91.80000305175781,91.9000015258789,89.8499984741211,91.5999984741211,1052
2005-04-20,93.30000305175781,93.30000305175781,93.30000305175781,91.5,91.9000015258789,3920
2005-04-21,94.05000305175781,94.05000305175781,94.8499984741211,93.1500015258789,93.1500015258789,2189
2005-04-22,93.5,93.5,94.0999984741211,93.0,93.80000305175781,1799
2005-04-25,95.44999694824219,95.44999694824219,95.5999984741211,93.5999984741211,93.9000015258789,2676
2005-04-26,95.69999694824219,95.69999694824219,96.19999694824219,95.25,95.44999694824219,747
2005-04-27,95.0999984741211,95.0999984741211,96.0999984741211,94.9000015258789,96.0999984741211,1466
2005-04-28,95.75,95.75,96.0,94.9000015258789,95.0,3932
2005-04-29,94.5,94.5,96.0,94.3499984741211,96.0,424
2005-05-02,91.69999694824219,91.69999694824219,93.0999984741211,91.5999984741211,93.0999984741211,464
2005-05-03,94.25,94.25,94.3499984741211,91.69999694824219,92.19999694824219,637
2005-05-04,93.5,93.5,94.5,93.5,94.25,147
2005-05-05,94.0,94.0,95.69999694824219,94.0,95.5,23
2005-05-06,93.5,93.5,94.0,93.5,94.0,53
2005-05-09,92.94999694824219,92.94999694824219,94.5,92.94999694824219,94.0,0
2005-05-10,90.19999694824219,90.19999694824219,90.5,90.19999694824219,90.5,2776
2005-05-11,92.19999694824219,92.19999694824219,92.69999694824219,90.5999984741211,90.80000305175781,1000
2005-05-12,91.5999984741211,91.5999984741211,92.19999694824219,90.69999694824219,91.19999694824219,790
2005-05-13,91.4000015258789,91.4000015258789,91.9000015258789,90.80000305175781,91.5999984741211,1367
2005-05-16,93.69999694824219,93.69999694824219,94.0,91.5,91.5,1019
2005-05-17,92.75,92.75,93.80000305175781,92.30000305175781,93.80000305175781,1011
2005-05-18,93.44999694824219,93.44999694824219,94.19999694824219,92.75,92.75,1118
2005-05-19,94.80000305175781,94.80000305175781,94.94999694824219,93.30000305175781,93.5999984741211,1455
2005-05-20,95.25,95.25,95.5999984741211,94.4000015258789,95.5,930
2005-05-23,95.0,95.0,95.4000015258789,94.05000305175781,95.25,783
2005-05-24,95.44999694824219,95.44999694824219,95.5,94.19999694824219,95.19999694824219,1133
2005-05-25,95.6500015258789,95.6500015258789,96.0,95.0,95.3499984741211,752
2005-05-26,95.5999984741211,95.5999984741211,95.6500015258789,94.69999694824219,95.6500015258789,1010
2005-05-27,95.75,95.75,95.75,94.8499984741211,95.5,3215
2005-05-31,95.1500015258789,95.1500015258789,95.9000015258789,93.5999984741211,95.9000015258789,1241
2005-06-01,95.30000305175781,95.30000305175781,95.69999694824219,93.9000015258789,94.94999694824219,1488
2005-06-02,95.25,95.25,95.5,94.0,95.5,1044
2005-06-03,94.6500015258789,94.6500015258789,95.30000305175781,94.30000305175781,94.80000305175781,2350
2005-06-06,93.30000305175781,93.30000305175781,95.19999694824219,93.0,94.69999694824219,2977
2005-06-07,93.25,93.25,94.3499984741211,92.3499984741211,93.1500015258789,1891
2005-06-08,93.25,93.25,93.94999694824219,92.05000305175781,92.75,3132
2005-06-09,96.1500015258789,96.1500015258789,97.0,93.0,93.5999984741211,4174
2005-06-10,94.5999984741211,94.5999984741211,97.25,94.3499984741211,95.9000015258789,3556
2005-06-13,93.30000305175781,93.30000305175781,94.4000015258789,93.1500015258789,93.5999984741211,1648
2005-06-14,94.25,94.25,95.25,93.0999984741211,93.4000015258789,1723
2005-06-15,94.5999984741211,94.5999984741211,94.9000015258789,93.5,94.5999984741211,3540
2005-06-16,95.5,95.5,96.0999984741211,94.5,94.69999694824219,1548
2005-06-17,95.80000305175781,95.80000305175781,96.05000305175781,95.30000305175781,95.69999694824219,2288
2005-06-20,97.0,97.0,97.0,96.0,96.3499984741211,3081
2005-06-21,96.55000305175781,96.55000305175781,97.69999694824219,96.4000015258789,96.5999984741211,1380
2005-06-22,98.44999694824219,98.44999694824219,98.5999984741211,97.5,97.9000015258789,1384
2005-06-23,98.69999694824219,98.69999694824219,98.9000015258789,98.0,98.0999984741211,1567
2005-06-24,99.8499984741211,99.8499984741211,100.0,98.5,98.9000015258789,1198
2005-06-27,100.1500015258789,100.1500015258789,100.5999984741211,99.4000015258789,99.4000015258789,798
2005-06-28,101.1500015258789,101.1500015258789,101.6500015258789,100.0,101.0,3169
2005-06-29,99.80000305175781,99.80000305175781,101.69999694824219,99.75,101.5,880
2005-06-30,96.3499984741211,96.3499984741211,98.5,96.3499984741211,97.0,135
2005-07-01,97.75,97.75,98.0,97.4000015258789,97.4000015258789,243
2005-07-05,103.0,103.0,105.0,98.25,98.25,227
2005-07-06,100.30000305175781,100.30000305175781,102.0,100.30000305175781,102.0,20
2005-07-07,103.5,103.5,105.0,102.0,102.5,19
2005-07-08,100.0,100.0,100.0,98.0,98.0,0
2005-07-11,102.4000015258789,102.4000015258789,102.5999984741211,101.0,102.5999984741211,1499
2005-07-12,105.69999694824219,105.69999694824219,106.5,104.30000305175781,106.25,1214
2005-07-13,103.44999694824219,103.44999694824219,104.5,102.80000305175781,103.69999694824219,2456
2005-07-14,100.80000305175781,100.80000305175781,103.5999984741211,100.69999694824219,103.5999984741211,7150
2005-07-15,100.0,100.0,100.6500015258789,97.05000305175781,100.5,1192
2005-07-18,98.44999694824219,98.44999694824219,100.0,98.30000305175781,99.30000305175781,1012
2005-07-19,99.25,99.25,100.5,98.5,98.5,0
2005-07-20,97.6500015258789,97.6500015258789,99.19999694824219,97.6500015258789,99.05000305175781,3007
2005-07-21,97.55000305175781,97.55000305175781,98.0999984741211,96.1500015258789,97.69999694824219,917
2005-07-22,98.19999694824219,98.19999694824219,98.30000305175781,97.5999984741211,97.69999694824219,1294
2005-07-25,97.5,97.5,98.5,96.19999694824219,98.5,707
2005-07-26,97.80000305175781,97.80000305175781,98.19999694824219,97.19999694824219,97.5,728
2005-07-27,98.1500015258789,98.1500015258789,98.30000305175781,97.5,97.80000305175781,1124
2005-07-28,98.25,98.25,99.30000305175781,97.9000015258789,98.0,2566
2005-07-29,97.9000015258789,97.9000015258789,99.25,97.80000305175781,98.05000305175781,2953
2005-08-01,96.25,96.25,97.5,96.0,97.0,1778
2005-08-02,95.1500015258789,95.1500015258789,95.69999694824219,95.0,95.6500015258789,956
2005-08-03,96.05000305175781,96.05000305175781,96.4000015258789,95.25,95.30000305175781,1045
2005-08-04,97.0999984741211,97.0999984741211,97.5,95.55000305175781,95.80000305175781,1630
2005-08-05,97.94999694824219,97.94999694824219,98.9000015258789,97.0,97.0,391
2005-08-08,97.5,97.5,98.3499984741211,97.0999984741211,97.0999984741211,3610
2005-08-09,91.5999984741211,91.5999984741211,97.5999984741211,91.0,97.5999984741211,5092
2005-08-10,91.80000305175781,91.80000305175781,92.80000305175781,90.0999984741211,90.9000015258789,2115
2005-08-11,90.5,90.5,91.30000305175781,90.4000015258789,91.0,2355
2005-08-12,91.1500015258789,91.1500015258789,91.5999984741211,90.25,90.25,2154
2005-08-15,90.9000015258789,90.9000015258789,93.80000305175781,90.19999694824219,90.55000305175781,1950
2005-08-16,91.19999694824219,91.19999694824219,91.25,90.80000305175781,90.9000015258789,1539
2005-08-17,91.94999694824219,91.94999694824219,92.69999694824219,90.80000305175781,90.9000015258789,1483
2005-08-18,92.55000305175781,92.55000305175781,92.9000015258789,92.0,92.5999984741211,3705
2005-08-19,90.0,90.0,92.0999984741211,88.0,92.0,2438
2005-08-22,88.0,88.0,89.8499984741211,87.80000305175781,89.0,3589
2005-08-23,85.80000305175781,85.80000305175781,87.5,85.5,87.0,2458
2005-08-24,87.44999694824219,87.44999694824219,87.80000305175781,85.0999984741211,85.0999984741211,2396
2005-08-25,87.5999984741211,87.5999984741211,88.80000305175781,86.75,87.0,1116
2005-08-26,87.69999694824219,87.69999694824219,88.19999694824219,87.5,87.80000305175781,604
2005-08-29,89.5,89.5,89.69999694824219,87.5,88.44999694824219,4042
2005-08-30,89.3499984741211,89.3499984741211,89.9000015258789,88.80000305175781,89.69999694824219,1063
2005-08-31,89.5,89.5,91.0,89.0999984741211,89.3499984741211,427
2005-09-01,92.0999984741211,92.0999984741211,92.0999984741211,87.75,88.9000015258789,113
2005-09-02,91.9000015258789,91.9000015258789,92.5,91.9000015258789,91.9000015258789,29
2005-09-06,90.25,90.25,91.80000305175781,90.25,91.4000015258789,18
2005-09-07,90.30000305175781,90.30000305175781,90.30000305175781,90.25,90.25,2
2005-09-08,89.5,89.5,89.6500015258789,89.5,89.6500015258789,15
2005-09-09,91.0,91.0,91.0,89.0,91.0,0
2005-09-12,92.6500015258789,92.6500015258789,92.6500015258789,91.4000015258789,91.4000015258789,990
2005-09-13,94.19999694824219,94.19999694824219,95.0,93.5,94.44999694824219,1000
2005-09-14,95.05000305175781,95.05000305175781,95.30000305175781,93.75,94.3499984741211,644
2005-09-15,94.8499984741211,94.8499984741211,95.3499984741211,94.75,95.1500015258789,764
2005-09-16,94.6500015258789,94.6500015258789,95.1500015258789,94.5999984741211,94.80000305175781,2578
2005-09-19,97.5,97.5,97.9000015258789,94.80000305175781,94.80000305175781,2579
2005-09-20,96.4000015258789,96.4000015258789,98.19999694824219,96.0,98.0999984741211,1074
2005-09-21,97.0,97.0,97.4000015258789,96.30000305175781,96.6500015258789,1245
2005-09-22,98.30000305175781,98.30000305175781,98.4000015258789,96.5,97.19999694824219,1501
2005-09-23,99.30000305175781,99.30000305175781,99.4000015258789,97.25,98.69999694824219,2493
2005-09-26,100.19999694824219,100.19999694824219,100.5999984741211,99.5,99.9000015258789,2463
2005-09-27,101.0999984741211,101.0999984741211,101.5,99.69999694824219,100.0,1111
2005-09-28,100.5,100.5,100.9000015258789,99.69999694824219,100.9000015258789,2211
2005-09-29,101.1500015258789,101.1500015258789,101.5999984741211,99.30000305175781,100.25,3912
2005-09-30,102.30000305175781,102.30000305175781,102.4000015258789,100.3499984741211,101.5,3513
2005-10-03,104.30000305175781,104.30000305175781,104.5,102.5,102.5,3007
2005-10-04,102.30000305175781,102.30000305175781,104.94999694824219,100.19999694824219,104.9000015258789,2119
2005-10-05,103.5,103.5,103.75,100.80000305175781,101.80000305175781,1649
2005-10-06,104.1500015258789,104.1500015258789,104.30000305175781,102.1500015258789,103.19999694824219,1223
2005-10-07,103.8499984741211,103.8499984741211,104.3499984741211,103.0999984741211,104.19999694824219,1294
2005-10-10,104.0,104.0,104.5,102.8499984741211,104.44999694824219,2167
2005-10-11,101.5999984741211,101.5999984741211,104.0,100.5999984741211,103.94999694824219,3072
2005-10-12,103.4000015258789,103.4000015258789,104.6500015258789,100.80000305175781,103.9000015258789,1973
2005-10-13,104.0,104.0,104.30000305175781,102.25,104.0,1439
2005-10-14,103.5,103.5,104.0999984741211,102.4000015258789,103.94999694824219,4237
2005-10-17,106.3499984741211,106.3499984741211,106.5,104.5,105.30000305175781,4339
2005-10-18,108.9000015258789,108.9000015258789,108.94999694824219,106.5,107.5,4956
2005-10-19,111.80000305175781,111.80000305175781,114.5,110.0,113.9000015258789,2894
2005-10-20,110.80000305175781,110.80000305175781,110.80000305175781,108.5,110.5,4203
2005-10-21,108.0999984741211,108.0999984741211,109.80000305175781,108.0,109.25,4340
2005-10-24,111.8499984741211,111.8499984741211,113.5,109.25,110.0,2770
2005-10-25,115.25,115.25,115.5,111.80000305175781,111.80000305175781,2624
2005-10-26,112.6500015258789,112.6500015258789,114.5,112.55000305175781,114.5,3518
2005-10-27,115.1500015258789,115.1500015258789,115.19999694824219,112.75,112.75,981
2005-10-28,116.4000015258789,116.4000015258789,116.9000015258789,114.4000015258789,115.0,1470
2005-10-31,116.69999694824219,116.69999694824219,117.0,115.69999694824219,116.80000305175781,789
2005-11-01,115.69999694824219,115.69999694824219,117.0,115.19999694824219,116.3499984741211,345
2005-11-02,119.0,119.0,119.0,114.9000015258789,115.5,92
2005-11-03,119.05000305175781,119.05000305175781,119.4000015258789,117.25,117.25,49
2005-11-04,121.80000305175781,121.80000305175781,121.80000305175781,119.4000015258789,119.4000015258789,155
2005-11-07,123.5,123.5,123.69999694824219,121.4000015258789,122.9000015258789,0
2005-11-08,122.75,122.75,124.55000305175781,122.75,123.0,1752
2005-11-09,122.0,122.0,123.0,120.80000305175781,123.0,1388
2005-11-10,123.0999984741211,123.0999984741211,123.5,121.0999984741211,121.80000305175781,1255
2005-11-11,122.44999694824219,122.44999694824219,122.80000305175781,120.4000015258789,122.80000305175781,1016
2005-11-14,121.5,121.5,121.80000305175781,120.69999694824219,121.5999984741211,1555
2005-11-15,120.1500015258789,120.1500015258789,121.5,119.4000015258789,121.4000015258789,1991
2005-11-16,122.0,122.0,123.25,120.19999694824219,120.19999694824219,999
2005-11-17,120.3499984741211,120.3499984741211,122.4000015258789,120.19999694824219,122.4000015258789,3721
2005-11-18,118.05000305175781,118.05000305175781,120.0,117.5,120.0,1346
2005-11-21,118.9000015258789,118.9000015258789,119.80000305175781,117.69999694824219,119.4000015258789,2982
2005-11-22,116.0999984741211,116.0999984741211,118.9000015258789,116.0999984741211,118.9000015258789,2094
2005-11-23,116.5,116.5,118.25,116.0,116.5999984741211,1955
2005-11-28,117.6500015258789,117.6500015258789,118.19999694824219,115.4000015258789,115.94999694824219,1177
2005-11-29,118.19999694824219,118.19999694824219,118.8499984741211,117.30000305175781,117.4000015258789,2514
2005-11-30,120.1500015258789,120.1500015258789,120.30000305175781,118.25,118.3499984741211,4462
2005-12-01,123.0999984741211,123.0999984741211,124.4000015258789,122.5,122.5,3026
2005-12-02,126.5,126.5,127.9000015258789,123.0,123.0,2815
2005-12-05,120.55000305175781,120.55000305175781,125.5,120.5,125.5,1170
2005-12-06,121.44999694824219,121.44999694824219,122.5,120.30000305175781,120.30000305175781,1178
2005-12-07,123.25,123.25,124.25,121.6500015258789,121.8499984741211,2103
2005-12-08,124.19999694824219,124.19999694824219,125.1500015258789,122.75,122.75,4382
2005-12-09,126.5999984741211,126.5999984741211,130.75,126.44999694824219,130.1999969482422,2892
2005-12-12,130.60000610351562,130.60000610351562,130.6999969482422,125.75,126.5,2850
2005-12-13,130.39999389648438,130.39999389648438,130.8000030517578,128.5,129.60000610351562,2786
2005-12-14,128.39999389648438,128.39999389648438,130.0,127.5,130.0,2123
2005-12-15,128.25,128.25,129.5,127.0,128.0,4705
2005-12-16,127.55000305175781,127.55000305175781,127.80000305175781,124.69999694824219,127.0999984741211,1428
2005-12-19,126.44999694824219,126.44999694824219,127.5,126.05000305175781,127.0999984741211,4571
2005-12-20,125.05000305175781,125.05000305175781,126.0999984741211,125.0,125.80000305175781,3829
2005-12-21,124.69999694824219,124.69999694824219,125.30000305175781,124.19999694824219,125.19999694824219,2119
2005-12-22,125.5,125.5,125.55000305175781,124.5999984741211,124.69999694824219,2288
2005-12-23,124.1500015258789,124.1500015258789,126.0,123.5999984741211,126.0,4126
2005-12-27,119.80000305175781,119.80000305175781,123.0999984741211,119.5999984741211,123.0999984741211,2004
2005-12-28,120.5999984741211,120.5999984741211,120.5999984741211,118.5999984741211,119.0,2090
2005-12-29,124.0,124.0,124.5,119.30000305175781,119.30000305175781,3854
2005-12-30,125.19999694824219,125.19999694824219,126.25,123.0,123.9000015258789,230
2006-01-03,125.0,125.0,125.80000305175781,123.5,125.0,106
2006-01-04,126.25,126.25,127.5,124.19999694824219,124.25,80
2006-01-05,127.1500015258789,127.1500015258789,129.0,126.9000015258789,129.0,235
2006-01-06,128.4499969482422,128.4499969482422,128.4499969482422,127.0,127.0,425
2006-01-09,133.39999389648438,133.39999389648438,133.39999389648438,127.4000015258789,128.9499969482422,0
2006-01-10,130.14999389648438,130.14999389648438,132.5,128.1999969482422,129.0,2478
2006-01-11,125.94999694824219,125.94999694824219,126.4000015258789,123.4000015258789,126.25,2556
2006-01-12,125.3499984741211,125.3499984741211,127.0999984741211,125.30000305175781,125.9000015258789,0
2006-01-13,124.25,124.25,125.19999694824219,123.6500015258789,124.69999694824219,3888
2006-01-17,120.80000305175781,120.80000305175781,123.75,120.55000305175781,123.75,6436
2006-01-18,115.75,115.75,120.0,115.6500015258789,120.0,3784
2006-01-19,115.0999984741211,115.0999984741211,118.0,114.8499984741211,115.0,3084
2006-01-20,116.55000305175781,116.55000305175781,117.4000015258789,114.5,114.5,1239
2006-01-23,118.3499984741211,118.3499984741211,118.44999694824219,115.94999694824219,116.30000305175781,2819
2006-01-24,120.3499984741211,120.3499984741211,120.4000015258789,118.5999984741211,118.80000305175781,1870
2006-01-25,119.19999694824219,119.19999694824219,121.5,118.80000305175781,121.5,1347
2006-01-26,119.9000015258789,119.9000015258789,120.69999694824219,119.0,119.0,2259
2006-01-27,121.94999694824219,121.94999694824219,122.0,119.19999694824219,119.9000015258789,1596
2006-01-30,122.9000015258789,122.9000015258789,123.0,121.0,121.9000015258789,4184
2006-01-31,124.6500015258789,124.6500015258789,124.69999694824219,122.75,122.9000015258789,2440
2006-02-01,125.5,125.5,126.0,124.0,125.6500015258789,1485
2006-02-02,124.19999694824219,124.19999694824219,125.4000015258789,123.5999984741211,125.0,1622
2006-02-03,126.30000305175781,126.30000305175781,126.75,124.0,124.9000015258789,4445
2006-02-06,131.0500030517578,131.0500030517578,131.89999389648438,127.0999984741211,127.0999984741211,1979
2006-02-07,131.5,131.5,132.39999389648438,129.39999389648438,132.10000610351562,2134
2006-02-08,131.0,131.0,132.0,128.6999969482422,131.0,2326
2006-02-09,130.3000030517578,130.3000030517578,131.10000610351562,128.75,129.60000610351562,4337
2006-02-10,133.4499969482422,133.4499969482422,136.0,131.0,132.4499969482422,2301
2006-02-13,132.14999389648438,132.14999389648438,134.1999969482422,130.10000610351562,134.0,2250
2006-02-14,129.5,129.5,131.25,128.75,130.10000610351562,2095
2006-02-15,128.0,128.0,129.8000030517578,126.9000015258789,129.8000030517578,2225
2006-02-16,130.0,130.0,130.0,127.4000015258789,127.5,3055
2006-02-17,129.89999389648438,129.89999389648438,131.0,129.6999969482422,130.8000030517578,3260
2006-02-21,129.1999969482422,129.1999969482422,129.89999389648438,128.6999969482422,129.89999389648438,1208
2006-02-22,130.1999969482422,130.1999969482422,130.1999969482422,129.0,129.0,1250
2006-02-23,130.39999389648438,130.39999389648438,130.4499969482422,129.5,129.60000610351562,1434
2006-02-24,132.75,132.75,132.89999389648438,129.8000030517578,130.0,2414
2006-02-27,134.10000610351562,134.10000610351562,134.25,132.75,133.25,2762
2006-02-28,134.0,134.0,134.89999389648438,133.5,134.25,946
2006-03-01,131.3000030517578,131.3000030517578,134.25,130.60000610351562,133.5,1159
2006-03-02,132.0500030517578,132.0500030517578,132.6999969482422,130.0,130.10000610351562,72
2006-03-03,132.89999389648438,132.89999389648438,133.5,132.5,133.5,406
2006-03-06,132.0,132.0,133.89999389648438,131.5,133.89999389648438,143
2006-03-07,133.0,133.0,133.5,132.0,133.4499969482422,33
2006-03-08,135.8000030517578,135.8000030517578,135.8000030517578,132.75,132.75,78
2006-03-09,141.0,141.0,141.0,136.5,136.5,214
2006-03-10,138.6999969482422,138.6999969482422,140.10000610351562,137.8000030517578,139.5,0
2006-03-13,134.89999389648438,134.89999389648438,136.75,134.89999389648438,136.75,1763
2006-03-14,134.3000030517578,134.3000030517578,134.39999389648438,132.0,132.5,1122
2006-03-15,135.5500030517578,135.5500030517578,136.0,133.3000030517578,133.64999389648438,1968
2006-03-16,138.60000610351562,138.60000610351562,138.6999969482422,135.1999969482422,135.5,1973
2006-03-17,140.14999389648438,140.14999389648438,140.5,138.5,138.60000610351562,2299
2006-03-20,139.3000030517578,139.3000030517578,140.0,136.8000030517578,140.0,4005
2006-03-21,143.0,143.0,146.5,139.75,140.39999389648438,2387
2006-03-22,144.25,144.25,144.89999389648438,141.3000030517578,143.8000030517578,2565
2006-03-23,146.0500030517578,146.0500030517578,147.25,142.0,143.89999389648438,4969
2006-03-24,146.64999389648438,146.64999389648438,149.89999389648438,144.5,146.89999389648438,2306
2006-03-27,145.39999389648438,145.39999389648438,147.5,143.6999969482422,146.60000610351562,2660
2006-03-28,149.39999389648438,149.39999389648438,149.39999389648438,145.39999389648438,145.5,3092
2006-03-29,147.4499969482422,147.4499969482422,151.5,147.1999969482422,150.3000030517578,2011
2006-03-30,148.75,148.75,150.25,146.5500030517578,147.0,4017
2006-03-31,148.14999389648438,148.14999389648438,150.0,147.5500030517578,148.0,2149
2006-04-03,148.0,148.0,148.0,146.0,146.64999389648438,1264
2006-04-04,149.5,149.5,150.10000610351562,147.5,148.0,1287
2006-04-05,151.1999969482422,151.1999969482422,151.39999389648438,149.10000610351562,149.5,1835
2006-04-06,150.9499969482422,150.9499969482422,152.5,149.35000610351562,150.6999969482422,2328
2006-04-07,149.89999389648438,149.89999389648438,152.0,149.5,151.25,3952
2006-04-10,145.0,145.0,149.39999389648438,144.64999389648438,149.3000030517578,4395
2006-04-11,142.3000030517578,142.3000030517578,144.0,141.5,143.89999389648438,2116
2006-04-12,141.1999969482422,141.1999969482422,142.0,140.3000030517578,141.39999389648438,1595
2006-04-13,142.75,142.75,143.75,141.60000610351562,142.0,2293
2006-04-17,141.5,141.5,143.8000030517578,140.5,143.5,4409
2006-04-18,140.75,140.75,141.6999969482422,140.10000610351562,141.25,5468
2006-04-19,143.3000030517578,143.3000030517578,143.35000610351562,139.6999969482422,140.25,2490
2006-04-20,144.6999969482422,144.6999969482422,144.6999969482422,142.5,143.10000610351562,3565
2006-04-21,145.10000610351562,145.10000610351562,146.39999389648438,145.0500030517578,145.0500030517578,3325
2006-04-24,144.39999389648438,144.39999389648438,145.0,143.6999969482422,144.25,1480
2006-04-25,143.14999389648438,143.14999389648438,145.0,142.89999389648438,143.5,1260
2006-04-26,141.64999389648438,141.64999389648438,143.39999389648438,141.64999389648438,143.3000030517578,3119
2006-04-27,142.14999389648438,142.14999389648438,143.5,141.5,141.8000030517578,589
2006-04-28,144.39999389648438,144.39999389648438,145.3000030517578,142.5,144.0,185
2006-05-01,145.85000610351562,145.85000610351562,145.85000610351562,143.6999969482422,144.75,298
2006-05-02,153.3000030517578,153.3000030517578,153.3000030517578,146.39999389648438,146.39999389648438,150
2006-05-03,152.0,152.0,152.0,149.5,152.0,154
2006-05-04,153.39999389648438,153.39999389648438,153.89999389648438,151.0,151.0,72
2006-05-05,153.85000610351562,153.85000610351562,155.0,153.0,153.39999389648438,48
2006-05-08,157.25,157.25,157.25,155.4499969482422,155.89999389648438,77
2006-05-09,163.0,163.0,165.0,157.8000030517578,159.0,0
2006-05-10,158.9499969482422,158.9499969482422,160.0,157.5500030517578,157.5500030517578,3018
2006-05-11,163.39999389648438,163.39999389648438,165.0,160.25,160.25,2375
2006-05-12,157.5500030517578,157.5500030517578,161.89999389648438,157.25,161.3000030517578,1804
2006-05-15,159.4499969482422,159.4499969482422,160.5,155.25,156.10000610351562,1511
2006-05-16,161.64999389648438,161.64999389648438,162.0,157.0,158.0500030517578,2265
2006-05-17,156.25,156.25,162.0,155.60000610351562,162.0,4693
2006-05-18,149.25,149.25,154.1999969482422,149.10000610351562,154.1999969482422,1992
2006-05-19,149.25,149.25,150.39999389648438,148.60000610351562,148.60000610351562,2126
2006-05-22,149.60000610351562,149.60000610351562,151.0,147.60000610351562,148.0,1192
2006-05-23,152.25,152.25,152.3000030517578,150.60000610351562,152.0,1233
2006-05-24,152.89999389648438,152.89999389648438,153.5,151.0500030517578,151.89999389648438,2674
2006-05-25,159.75,159.75,160.8000030517578,152.5,152.5,1294
2006-05-26,157.1999969482422,157.1999969482422,159.39999389648438,157.0,157.5,2248
2006-05-30,155.10000610351562,155.10000610351562,158.5,155.10000610351562,158.5,6753
2006-05-31,150.75,150.75,154.60000610351562,150.5,154.60000610351562,4012
2006-06-01,149.3000030517578,149.3000030517578,150.8000030517578,149.0,150.35000610351562,1129
2006-06-02,152.3000030517578,152.3000030517578,152.39999389648438,149.3000030517578,149.8000030517578,1389
2006-06-05,151.14999389648438,151.14999389648438,153.5,150.5,152.5,2157
2006-06-06,150.9499969482422,150.9499969482422,151.39999389648438,149.89999389648438,150.5,1369
2006-06-07,153.10000610351562,153.10000610351562,154.5,151.8000030517578,152.0,2880
2006-06-08,157.1999969482422,157.1999969482422,157.25,152.25,152.75,2278
2006-06-09,156.25,156.25,157.9499969482422,154.8000030517578,155.89999389648438,2126
2006-06-12,157.8000030517578,157.8000030517578,160.5,155.25,156.25,1901
2006-06-13,153.0500030517578,153.0500030517578,157.8000030517578,152.5500030517578,157.8000030517578,1925
2006-06-14,152.89999389648438,152.89999389648438,154.75,152.0,154.0,3829
2006-06-15,156.14999389648438,156.14999389648438,156.39999389648438,151.25,151.5500030517578,1252
2006-06-16,156.39999389648438,156.39999389648438,158.0,155.0,155.0,3045
2006-06-19,155.89999389648438,155.89999389648438,156.3000030517578,154.60000610351562,155.5,1794
2006-06-20,156.9499969482422,156.9499969482422,157.1999969482422,156.0,156.5,3576
2006-06-21,161.6999969482422,161.6999969482422,162.5,157.0500030517578,157.25,1640
2006-06-22,164.64999389648438,164.64999389648438,165.3000030517578,161.75,162.3000030517578,734
2006-06-23,170.0,170.0,170.0,164.5,164.5,1953
2006-06-26,163.0,163.0,168.0,163.0,168.0,1098
2006-06-27,166.39999389648438,166.39999389648438,166.75,163.0,163.1999969482422,683
2006-06-28,165.25,165.25,166.75,165.10000610351562,166.0,709
2006-06-29,165.6999969482422,165.6999969482422,166.25,163.0,164.25,647
2006-06-30,165.0500030517578,165.0500030517578,166.5,165.0,165.0,0
2006-07-03,167.39999389648438,167.39999389648438,167.39999389648438,163.5,165.5,270
2006-07-05,173.0500030517578,173.0500030517578,173.0500030517578,166.0,167.25,125
2006-07-06,170.6999969482422,170.6999969482422,172.8000030517578,170.5,172.5,29
2006-07-07,166.9499969482422,166.9499969482422,173.5,166.0,173.5,140
2006-07-10,156.9499969482422,156.9499969482422,169.0,156.9499969482422,169.0,0
2006-07-11,158.0,158.0,160.5,157.5,159.5,2294
2006-07-12,160.75,160.75,161.0,158.3000030517578,159.9499969482422,876
2006-07-13,156.3000030517578,156.3000030517578,160.5,155.0500030517578,160.39999389648438,2754
2006-07-14,158.64999389648438,158.64999389648438,159.3000030517578,155.39999389648438,155.39999389648438,1961
2006-07-17,156.1999969482422,156.1999969482422,158.85000610351562,156.0,157.39999389648438,960
2006-07-18,153.3000030517578,153.3000030517578,157.89999389648438,153.25,156.5500030517578,3529
2006-07-19,156.85000610351562,156.85000610351562,157.25,153.3000030517578,153.3000030517578,1556
2006-07-20,157.64999389648438,157.64999389648438,158.85000610351562,155.6999969482422,156.0,635
2006-07-21,156.89999389648438,156.89999389648438,158.14999389648438,156.25,158.14999389648438,748
2006-07-24,166.89999389648438,166.89999389648438,166.89999389648438,156.25,156.25,2438
2006-07-25,169.1999969482422,169.1999969482422,169.89999389648438,165.25,167.0,2319
2006-07-26,168.75,168.75,170.5,168.0500030517578,169.0,2116
2006-07-27,167.75,167.75,170.39999389648438,167.5,169.35000610351562,3048
2006-07-28,169.35000610351562,169.35000610351562,170.5,166.8000030517578,168.0,1730
2006-07-31,169.25,169.25,169.6999969482422,167.75,169.60000610351562,4007
2006-08-01,175.5,175.5,176.0,171.8000030517578,171.8000030517578,2764
2006-08-02,172.85000610351562,172.85000610351562,174.0,171.0,173.5,2720
2006-08-03,168.5500030517578,168.5500030517578,171.25,168.39999389648438,168.89999389648438,1706
2006-08-04,170.0500030517578,170.0500030517578,171.75,168.6999969482422,169.0,1117
2006-08-07,171.5500030517578,171.5500030517578,171.89999389648438,167.5,169.10000610351562,978
2006-08-08,170.35000610351562,170.35000610351562,172.1999969482422,170.0,171.0,1863
2006-08-09,172.25,172.25,172.75,169.10000610351562,170.6999969482422,958
2006-08-10,173.1999969482422,173.1999969482422,174.25,171.5,174.0,950
2006-08-11,173.35000610351562,173.35000610351562,174.39999389648438,172.3000030517578,172.5,1142
2006-08-14,172.9499969482422,172.9499969482422,173.25,171.0,171.89999389648438,740
2006-08-15,172.5,172.5,174.3000030517578,172.25,173.25,1209
2006-08-16,177.60000610351562,177.60000610351562,182.5,169.10000610351562,172.75,2702
2006-08-17,183.85000610351562,183.85000610351562,187.60000610351562,180.5,181.0,3122
2006-08-18,180.9499969482422,180.9499969482422,183.0,179.5,181.60000610351562,1796
2006-08-21,185.35000610351562,185.35000610351562,185.85000610351562,178.5,180.75,1429
2006-08-22,181.10000610351562,181.10000610351562,184.0,180.89999389648438,184.0,4102
2006-08-23,181.5,181.5,183.5,180.75,181.0,2624
2006-08-24,183.5,183.5,183.9499969482422,179.5,181.5,2948
2006-08-25,183.25,183.25,184.75,183.0,183.5,908
2006-08-28,184.5500030517578,184.5500030517578,185.6999969482422,180.5,185.0,1413
2006-08-29,183.0,183.0,184.5500030517578,182.35000610351562,183.25,1360
2006-08-30,183.5,183.5,183.60000610351562,181.0,182.0,2024
2006-08-31,181.0,181.0,184.60000610351562,181.0,183.60000610351562,1071
2006-09-01,178.5,178.5,181.0,177.5,180.75,1081
2006-09-05,184.0,184.0,184.0,178.0,178.0,669
2006-09-06,184.0,184.0,184.5,182.0500030517578,184.0,134
2006-09-07,184.0,184.0,184.10000610351562,183.60000610351562,183.60000610351562,36
2006-09-08,184.8000030517578,184.8000030517578,185.0,183.1999969482422,185.0,83
2006-09-11,181.1999969482422,181.1999969482422,184.8000030517578,182.10000610351562,184.8000030517578,752
2006-09-12,177.5,177.5,177.8000030517578,175.0,175.10000610351562,2091
2006-09-13,175.3000030517578,175.3000030517578,177.0,175.0,176.5,961
2006-09-14,174.5,174.5,175.0,174.0,174.6999969482422,1137
2006-09-15,173.35000610351562,173.35000610351562,175.25,173.0500030517578,175.25,1374
2006-09-18,169.25,169.25,173.64999389648438,169.0,173.0500030517578,2306
2006-09-19,170.64999389648438,170.64999389648438,173.0,169.75,169.75,1633
2006-09-20,173.1999969482422,173.1999969482422,173.75,169.89999389648438,169.89999389648438,1646
2006-09-21,172.35000610351562,172.35000610351562,173.25,170.5,172.5,1210
2006-09-22,167.85000610351562,167.85000610351562,171.1999969482422,167.5,171.10000610351562,2261
2006-09-25,168.39999389648438,168.39999389648438,170.5,167.0500030517578,167.0500030517578,1903
2006-09-26,168.0,168.0,168.6999969482422,167.10000610351562,168.10000610351562,1924
2006-09-27,168.60000610351562,168.60000610351562,169.6999969482422,167.35000610351562,168.0500030517578,1552
2006-09-28,169.75,169.75,170.75,169.25,169.25,1564
2006-09-29,170.3000030517578,170.3000030517578,171.1999969482422,169.25,170.0,2311
2006-10-02,172.5,172.5,173.39999389648438,171.60000610351562,171.6999969482422,1675
2006-10-03,171.39999389648438,171.39999389648438,173.25,169.0,172.5,1251
2006-10-04,171.4499969482422,171.4499969482422,172.39999389648438,170.0,171.39999389648438,501
2006-10-05,168.6999969482422,168.6999969482422,171.10000610351562,168.3000030517578,170.8000030517578,2139
2006-10-06,162.89999389648438,162.89999389648438,167.89999389648438,162.0,167.5,3949
2006-10-09,162.3000030517578,162.3000030517578,164.5,160.35000610351562,161.60000610351562,2553
2006-10-10,161.5500030517578,161.5500030517578,162.39999389648438,160.5,162.39999389648438,1790
2006-10-11,164.8000030517578,164.8000030517578,165.0,161.60000610351562,161.89999389648438,2226
2006-10-12,192.3000030517578,192.3000030517578,193.0,174.8000030517578,174.8000030517578,4964
2006-10-13,191.85000610351562,191.85000610351562,193.6999969482422,190.5,192.5,5643
2006-10-16,195.4499969482422,195.4499969482422,196.5,191.8000030517578,192.5,2394
2006-10-17,193.60000610351562,193.60000610351562,198.4499969482422,193.0,197.4499969482422,1838
2006-10-18,193.14999389648438,193.14999389648438,194.25,192.1999969482422,193.39999389648438,1511
2006-10-19,192.0500030517578,192.0500030517578,192.5,190.5,192.5,761
2006-10-20,192.3000030517578,192.3000030517578,193.10000610351562,191.8000030517578,192.3000030517578,1743
2006-10-23,193.1999969482422,193.1999969482422,193.25,191.1999969482422,193.0,1529
2006-10-24,194.0,194.0,194.5,193.5,194.0,528
2006-10-25,196.8000030517578,196.8000030517578,197.10000610351562,193.75,193.75,699
2006-10-26,196.75,196.75,197.25,194.6999969482422,196.0,595
2006-10-27,197.14999389648438,197.14999389648438,197.75,196.75,197.5,932
2006-10-30,198.0,198.0,198.0,196.5,197.25,1964
2006-10-31,199.39999389648438,199.39999389648438,199.5,197.25,197.8000030517578,1735
2006-11-01,197.75,197.75,199.0,197.60000610351562,199.0,299
2006-11-02,200.5,200.5,200.75,196.0,197.0,175
2006-11-03,196.8000030517578,196.8000030517578,200.75,197.10000610351562,200.75,833
2006-11-06,194.9499969482422,194.9499969482422,197.0,193.14999389648438,197.0,571
2006-11-07,196.1999969482422,196.1999969482422,197.0,193.5,193.75,258
2006-11-08,196.5500030517578,196.5500030517578,197.0,196.5,195.5,1490
2006-11-09,195.6999969482422,195.6999969482422,197.0,194.6999969482422,196.75,2173
2006-11-10,194.64999389648438,194.64999389648438,196.5,193.5,196.0,1353
2006-11-13,194.3000030517578,194.3000030517578,195.0,193.64999389648438,194.0500030517578,529
2006-11-14,195.60000610351562,195.60000610351562,196.39999389648438,194.64999389648438,194.64999389648438,337
2006-11-15,196.4499969482422,196.4499969482422,196.85000610351562,195.25,195.60000610351562,1007
2006-11-16,205.0,205.0,205.35000610351562,196.85000610351562,196.85000610351562,5288
2006-11-17,199.5500030517578,199.5500030517578,204.35000610351562,199.1999969482422,204.35000610351562,2708
2006-11-20,199.64999389648438,199.64999389648438,199.9499969482422,197.10000610351562,198.0,1272
2006-11-21,197.3000030517578,197.3000030517578,198.89999389648438,196.60000610351562,197.60000610351562,1348
2006-11-22,196.0500030517578,196.0500030517578,198.0,195.85000610351562,196.3000030517578,1108
2006-11-27,197.39999389648438,197.39999389648438,198.60000610351562,195.1999969482422,195.5,1571
2006-11-28,197.39999389648438,197.39999389648438,197.60000610351562,195.60000610351562,196.25,1389
2006-11-29,199.6999969482422,199.6999969482422,200.5,197.39999389648438,198.5,1192
2006-11-30,202.85000610351562,202.85000610351562,203.25,200.0,201.1999969482422,3543
2006-12-01,203.5,203.5,204.0,201.39999389648438,203.8000030517578,2080
2006-12-04,204.10000610351562,204.10000610351562,204.5,202.5,203.89999389648438,2389
2006-12-05,204.25,204.25,204.6999969482422,203.10000610351562,203.10000610351562,1629
2006-12-06,205.39999389648438,205.39999389648438,205.60000610351562,203.5,204.39999389648438,1417
2006-12-07,207.1999969482422,207.1999969482422,209.39999389648438,206.10000610351562,206.10000610351562,2640
2006-12-08,208.14999389648438,208.14999389648438,208.5,205.89999389648438,207.5,1089
2006-12-11,198.39999389648438,198.39999389648438,202.75,198.14999389648438,201.5,4205
2006-12-12,198.3000030517578,198.3000030517578,201.8000030517578,197.6999969482422,198.39999389648438,1855
2006-12-13,200.14999389648438,200.14999389648438,200.8000030517578,198.10000610351562,198.35000610351562,3028
2006-12-14,199.0,199.0,200.5,198.5,200.39999389648438,1601
2006-12-15,203.35000610351562,203.35000610351562,205.1999969482422,198.5,198.5,3300
2006-12-18,201.39999389648438,201.39999389648438,204.0,201.25,202.64999389648438,3736
2006-12-19,197.0,197.0,200.5,196.0,199.8000030517578,2522
2006-12-20,198.5,198.5,198.6999969482422,196.60000610351562,197.25,1523
2006-12-21,198.0,198.0,200.0,197.1999969482422,200.0,587
2006-12-22,198.0,198.0,199.0,197.5,199.0,533
2006-12-26,198.6999969482422,198.6999969482422,198.75,196.25,197.5,525
2006-12-27,200.64999389648438,200.64999389648438,200.8000030517578,198.6999969482422,198.6999969482422,872
2006-12-28,199.25,199.25,200.5,199.0,200.5,1208
2006-12-29,201.25,201.25,201.5,199.0,199.5,717
2007-01-03,203.8000030517578,203.8000030517578,204.6999969482422,202.0,204.6999969482422,352
2007-01-04,203.25,203.25,203.25,202.25,203.0,195
2007-01-05,201.9499969482422,201.9499969482422,202.64999389648438,199.5,202.64999389648438,596
2007-01-08,201.89999389648438,201.89999389648438,203.39999389648438,200.0,201.9499969482422,210
2007-01-09,202.60000610351562,202.60000610351562,203.4499969482422,199.25,200.0,106
2007-01-10,197.89999389648438,197.89999389648438,204.9499969482422,200.0,204.9499969482422,1221
2007-01-11,196.14999389648438,196.14999389648438,197.25,196.0,196.5,647
2007-01-12,200.9499969482422,200.9499969482422,200.9499969482422,197.14999389648438,197.5,2872
2007-01-16,200.4499969482422,200.4499969482422,201.4499969482422,199.60000610351562,200.9499969482422,1381
2007-01-17,207.5500030517578,207.5500030517578,207.60000610351562,200.5,201.3000030517578,4308
2007-01-18,205.10000610351562,205.10000610351562,207.4499969482422,203.75,206.5,2645
2007-01-19,207.1999969482422,207.1999969482422,208.8000030517578,205.60000610351562,206.25,1892
2007-01-22,204.64999389648438,204.64999389648438,207.0,204.5,207.0,1463
2007-01-23,200.75,200.75,204.0,200.1999969482422,203.6999969482422,2528
2007-01-24,201.0500030517578,201.0500030517578,201.6999969482422,200.0500030517578,200.5,1358
2007-01-25,202.10000610351562,202.10000610351562,202.9499969482422,200.6999969482422,201.1999969482422,799
2007-01-26,202.0,202.0,203.3000030517578,202.0,202.10000610351562,1034
2007-01-29,195.5,195.5,203.8000030517578,195.25,203.0,4174
2007-01-30,185.64999389648438,185.64999389648438,196.3000030517578,185.5,196.10000610351562,7641
2007-01-31,186.0,186.0,189.25,184.1999969482422,185.0,8353
2007-02-01,187.85000610351562,187.85000610351562,188.9499969482422,186.75,187.0,1850
2007-02-02,189.8000030517578,189.8000030517578,191.25,188.0,188.25,1484
2007-02-05,191.0500030517578,191.0500030517578,192.5,187.8000030517578,188.10000610351562,1279
2007-02-06,189.25,189.25,191.85000610351562,188.14999389648438,191.85000610351562,1971
2007-02-07,187.60000610351562,187.60000610351562,191.3000030517578,187.25,189.14999389648438,1931
2007-02-08,188.4499969482422,188.4499969482422,189.6999969482422,187.10000610351562,187.10000610351562,1640
2007-02-09,188.89999389648438,188.89999389648438,189.0,186.0,187.0,1285
2007-02-12,192.10000610351562,192.10000610351562,192.35000610351562,189.89999389648438,189.0,1855
2007-02-13,193.0,193.0,194.5,192.0,192.5,2056
2007-02-14,197.4499969482422,197.4499969482422,198.5,192.89999389648438,194.0500030517578,3594
2007-02-15,195.0,195.0,198.60000610351562,193.0,197.6999969482422,2758
2007-02-16,194.9499969482422,194.9499969482422,195.5,192.5,195.0,1831
2007-02-20,195.25,195.25,195.60000610351562,192.75,195.10000610351562,2491
2007-02-21,198.10000610351562,198.10000610351562,198.5,196.25,196.6999969482422,3935
2007-02-22,204.1999969482422,204.1999969482422,204.5,197.8000030517578,198.75,2466
2007-02-23,204.85000610351562,204.85000610351562,207.39999389648438,204.0,204.0,2234
2007-02-26,206.0500030517578,206.0500030517578,206.8000030517578,202.25,202.6999969482422,952
2007-02-27,207.89999389648438,207.89999389648438,209.39999389648438,206.5,207.0,2123
2007-02-28,205.0,205.0,207.25,203.5,207.0,502
2007-03-01,208.39999389648438,208.39999389648438,208.39999389648438,204.1999969482422,207.0,324
2007-03-02,208.5,208.5,209.5,208.0,209.0,140
2007-03-05,205.0500030517578,205.0500030517578,208.0,205.0,207.5,153
2007-03-06,208.60000610351562,208.60000610351562,208.8000030517578,208.0,208.0,37
2007-03-07,206.3000030517578,206.3000030517578,208.8000030517578,206.3000030517578,208.8000030517578,33
2007-03-08,208.1999969482422,208.1999969482422,208.5,207.39999389648438,207.89999389648438,76
2007-03-09,204.5,204.5,207.0,199.89999389648438,207.0,146
2007-03-12,203.6999969482422,203.6999969482422,207.0,201.0,202.10000610351562,1436
2007-03-13,198.35000610351562,198.35000610351562,199.5,197.0,197.0,585
2007-03-14,197.1999969482422,197.1999969482422,198.75,196.10000610351562,198.10000610351562,1582
2007-03-15,198.85000610351562,198.85000610351562,199.0,197.14999389648438,197.1999969482422,1285
2007-03-16,199.9499969482422,199.9499969482422,200.5500030517578,198.75,199.14999389648438,1342
2007-03-19,202.0,202.0,202.64999389648438,199.1999969482422,199.85000610351562,698
2007-03-20,201.85000610351562,201.85000610351562,203.0,200.10000610351562,201.89999389648438,865
2007-03-21,201.5,201.5,202.75,199.6999969482422,202.75,885
2007-03-22,196.5500030517578,196.5500030517578,200.75,196.3000030517578,200.75,2648
2007-03-23,194.9499969482422,194.9499969482422,197.0,193.89999389648438,196.0500030517578,3114
2007-03-26,196.25,196.25,196.39999389648438,194.5,194.5,731
2007-03-27,195.5,195.5,196.25,194.5,196.25,1078
2007-03-28,188.5,188.5,195.5,185.5,195.5,4696
2007-03-29,185.64999389648438,185.64999389648438,189.0,185.5,188.89999389648438,3828
2007-03-30,189.25,189.25,190.0,185.0,185.64999389648438,4464
2007-04-02,191.75,191.75,191.9499969482422,188.5,189.6999969482422,2268
2007-04-03,190.4499969482422,190.4499969482422,193.60000610351562,188.5,193.60000610351562,1798
2007-04-04,192.25,192.25,192.5,188.8000030517578,188.8000030517578,1081
2007-04-05,188.75,188.75,192.25,188.1999969482422,192.25,1879
2007-04-09,182.89999389648438,182.89999389648438,188.89999389648438,181.5,188.89999389648438,3071
2007-04-10,181.75,181.75,184.0,180.75,182.89999389648438,2137
2007-04-11,175.25,175.25,182.5,174.75,181.75,3783
2007-04-12,166.5500030517578,166.5500030517578,176.5,165.3000030517578,175.25,4926
2007-04-13,167.75,167.75,170.0,166.0,166.39999389648438,2809
2007-04-16,170.14999389648438,170.14999389648438,170.64999389648438,161.5,168.0,1798
2007-04-17,168.64999389648438,168.64999389648438,171.0,167.5500030517578,170.3000030517578,1664
2007-04-18,164.5,164.5,168.5,162.25,168.1999969482422,2846
2007-04-19,155.60000610351562,155.60000610351562,164.64999389648438,150.75,164.0,4511
2007-04-20,161.0,161.0,164.3000030517578,153.0,157.0,1889
2007-04-23,164.5,164.5,164.64999389648438,160.0,162.0,2052
2007-04-24,163.5,163.5,166.1999969482422,161.39999389648438,163.5,2000
2007-04-25,161.3000030517578,161.3000030517578,163.75,161.10000610351562,163.75,680
2007-04-26,159.4499969482422,159.4499969482422,161.5,157.0,161.5,1753
2007-04-27,162.5,162.5,162.5,157.5,159.9499969482422,497
2007-04-30,166.0,166.0,166.5,161.5,162.5,725
2007-05-01,165.0,165.0,168.25,163.0,165.0500030517578,365
2007-05-02,169.0,169.0,169.0,166.0,166.0500030517578,369
2007-05-03,171.5,171.5,172.0,170.0,170.0,164
2007-05-04,169.1999969482422,169.1999969482422,174.0,169.0,171.75,303
2007-05-07,169.0500030517578,169.0500030517578,170.0,168.39999389648438,169.5,80
2007-05-08,173.0,173.0,173.0,169.89999389648438,169.89999389648438,112
2007-05-09,174.8000030517578,174.8000030517578,178.5,175.0,175.0,88
2007-05-10,168.6999969482422,168.6999969482422,177.60000610351562,168.0,169.0,1665
2007-05-11,167.60000610351562,167.60000610351562,167.89999389648438,164.3000030517578,165.0,1043
2007-05-14,169.35000610351562,169.35000610351562,170.60000610351562,167.5,169.0,1135
2007-05-15,168.8000030517578,168.8000030517578,169.5,167.8000030517578,169.39999389648438,1154
2007-05-16,165.8000030517578,165.8000030517578,168.6999969482422,165.39999389648438,168.6999969482422,1824
2007-05-17,167.0,167.0,167.8000030517578,164.75,165.8000030517578,1293
2007-05-18,166.10000610351562,166.10000610351562,167.5,164.5500030517578,166.6999969482422,1280
2007-05-21,164.8000030517578,164.8000030517578,168.0,164.5,168.0,953
2007-05-22,163.39999389648438,163.39999389648438,165.1999969482422,161.75,164.8000030517578,1813
2007-05-23,156.85000610351562,156.85000610351562,163.5,156.35000610351562,163.39999389648438,2442
2007-05-24,156.14999389648438,156.14999389648438,157.35000610351562,154.8000030517578,156.5,1194
2007-05-25,156.8000030517578,156.8000030517578,157.5500030517578,154.8000030517578,156.60000610351562,827
2007-05-29,158.9499969482422,158.9499969482422,159.6999969482422,154.5,156.39999389648438,735
2007-05-30,157.5,157.5,160.0,155.89999389648438,159.0,1932
2007-05-31,151.39999389648438,151.39999389648438,156.8000030517578,150.5500030517578,156.60000610351562,4611
2007-06-01,154.64999389648438,154.64999389648438,155.89999389648438,151.4499969482422,152.6999969482422,1914
2007-06-04,149.0500030517578,149.0500030517578,157.0,147.5,152.0,2681
2007-06-05,151.60000610351562,151.60000610351562,152.0,148.39999389648438,149.10000610351562,1397
2007-06-06,152.85000610351562,152.85000610351562,154.0,148.5,149.5,837
2007-06-07,152.35000610351562,152.35000610351562,155.89999389648438,151.1999969482422,152.0,1433
2007-06-08,148.35000610351562,148.35000610351562,154.0,148.0,152.5,1552
2007-06-11,146.89999389648438,146.89999389648438,148.5,145.5,147.3000030517578,1993
2007-06-12,141.5,141.5,147.10000610351562,136.89999389648438,145.5,3252
2007-06-13,136.0,136.0,141.0,135.0500030517578,140.25,2658
2007-06-14,137.85000610351562,137.85000610351562,138.0,135.35000610351562,133.0500030517578,2446
2007-06-15,139.89999389648438,139.89999389648438,139.9499969482422,137.8000030517578,137.8000030517578,1574
2007-06-18,135.60000610351562,135.60000610351562,143.0,135.5,140.0,4364
2007-06-19,135.64999389648438,135.64999389648438,138.5,134.75,135.0500030517578,1948
2007-06-20,131.5,131.5,138.0,131.0,136.35000610351562,2288
2007-06-21,133.10000610351562,133.10000610351562,136.3000030517578,130.25,133.0,1356
2007-06-22,126.75,126.75,133.75,124.0,133.5,1548
2007-06-25,128.85000610351562,128.85000610351562,129.0,123.5,126.80000305175781,1233
2007-06-26,120.5,120.5,130.39999389648438,118.8499984741211,130.39999389648438,705
2007-06-27,124.0,124.0,126.3499984741211,120.5,120.5,963
2007-06-28,125.6500015258789,125.6500015258789,126.0,120.80000305175781,124.75,588
2007-06-29,133.0,133.0,133.1999969482422,125.6500015258789,126.5,1546
2007-07-02,132.0,132.0,134.0,128.25,133.8000030517578,2055
2007-07-03,131.14999389648438,131.14999389648438,131.6999969482422,130.35000610351562,130.35000610351562,292
2007-07-05,130.10000610351562,130.10000610351562,131.0,125.0,130.0,365
2007-07-06,131.39999389648438,131.39999389648438,132.25,131.10000610351562,132.0,90
2007-07-09,129.89999389648438,129.89999389648438,132.25,128.0500030517578,132.0,401
2007-07-10,130.89999389648438,130.89999389648438,129.75,126.75,128.25,179
2007-07-11,129.25,129.25,129.25,129.25,129.25,1106
2007-07-12,127.75,127.75,129.5,127.25,129.25,765
2007-07-13,126.94999694824219,126.94999694824219,128.3000030517578,126.5,126.69999694824219,524
2007-07-16,128.0,128.0,131.1999969482422,126.80000305175781,126.9000015258789,1187
2007-07-17,126.5999984741211,126.5999984741211,128.1999969482422,126.19999694824219,127.0,539
2007-07-18,129.89999389648438,129.89999389648438,130.39999389648438,126.0999984741211,127.0,1331
2007-07-19,136.60000610351562,136.60000610351562,138.5,129.6999969482422,130.0,2799
2007-07-20,136.4499969482422,136.4499969482422,138.0,135.60000610351562,136.5500030517578,2505
2007-07-23,133.25,133.25,138.0,132.8000030517578,136.0,893
2007-07-24,135.1999969482422,135.1999969482422,136.25,132.60000610351562,133.25,1484
2007-07-25,138.0,138.0,138.5,135.5,138.0,1349
2007-07-26,140.0,140.0,140.6999969482422,138.89999389648438,139.89999389648438,1979
2007-07-27,142.0,142.0,142.8000030517578,139.5,140.5,2931
2007-07-30,139.6999969482422,139.6999969482422,142.0,139.0,141.75,1836
2007-07-31,140.0,140.0,141.14999389648438,138.64999389648438,139.0,1746
2007-08-01,139.14999389648438,139.14999389648438,141.8000030517578,139.0,140.10000610351562,2290
2007-08-02,141.25,141.25,141.75,139.1999969482422,140.0,2153
2007-08-03,142.4499969482422,142.4499969482422,142.5,135.10000610351562,140.0,2476
2007-08-06,139.10000610351562,139.10000610351562,142.4499969482422,138.0,142.25,1835
2007-08-07,139.3000030517578,139.3000030517578,141.0,138.5,139.0,1343
2007-08-08,129.85000610351562,129.85000610351562,139.5,129.3000030517578,139.5,2180
2007-08-09,132.0500030517578,132.0500030517578,135.5,130.3000030517578,132.9499969482422,1512
2007-08-10,131.0,131.0,132.35000610351562,129.0,131.0,820
2007-08-13,129.8000030517578,129.8000030517578,133.4499969482422,129.5,131.89999389648438,679
2007-08-14,131.6999969482422,131.6999969482422,133.5,129.85000610351562,130.8000030517578,2092
2007-08-15,121.75,121.75,132.1999969482422,121.69999694824219,131.6999969482422,2848
2007-08-16,120.8499984741211,120.8499984741211,122.69999694824219,117.5,122.05000305175781,5350
2007-08-17,123.05000305175781,123.05000305175781,123.5,120.9000015258789,121.4000015258789,2267
2007-08-20,125.5,125.5,126.8499984741211,122.94999694824219,126.8499984741211,1784
2007-08-21,123.94999694824219,123.94999694824219,126.25,123.5,124.0,1560
2007-08-22,124.8499984741211,124.8499984741211,125.5,123.80000305175781,123.80000305175781,846
2007-08-23,126.9000015258789,126.9000015258789,127.0,123.69999694824219,124.69999694824219,1139
2007-08-24,126.0,126.0,128.0,124.5999984741211,126.8499984741211,743
2007-08-27,125.9000015258789,125.9000015258789,126.30000305175781,124.30000305175781,130.0,428
2007-08-28,126.5,126.5,128.0,124.5,126.0,872
2007-08-29,128.9499969482422,128.9499969482422,128.9499969482422,125.0999984741211,126.25,765
2007-08-30,126.0,126.0,128.6999969482422,123.5,128.5,481
2007-08-31,125.0,125.0,127.5,125.0,126.0,678
2007-09-04,121.5,121.5,125.5,121.0,125.5,265
2007-09-05,121.1500015258789,121.1500015258789,125.5,120.0,121.5,17
2007-09-06,122.4000015258789,122.4000015258789,125.0,120.75,125.0,28
2007-09-07,122.0,122.0,125.0,120.75,123.5,8
2007-09-10,124.55000305175781,124.55000305175781,130.0,120.0,123.5,2242
2007-09-11,119.75,119.75,120.4000015258789,118.19999694824219,118.9000015258789,1076
2007-09-12,124.69999694824219,124.69999694824219,125.5,119.30000305175781,119.75,2855
2007-09-13,123.5,123.5,125.5,122.80000305175781,124.55000305175781,1407
2007-09-14,123.44999694824219,123.44999694824219,125.0,121.5,123.5,956
2007-09-17,122.80000305175781,122.80000305175781,124.05000305175781,121.1500015258789,123.80000305175781,819
2007-09-18,125.05000305175781,125.05000305175781,125.4000015258789,123.0,124.0,1393
2007-09-19,124.0999984741211,124.0999984741211,125.80000305175781,123.30000305175781,124.9000015258789,1516
2007-09-20,126.4000015258789,126.4000015258789,127.25,124.5,125.0,2991
2007-09-21,128.0500030517578,128.0500030517578,129.5,125.1500015258789,126.0,2650
2007-09-24,130.75,130.75,131.39999389648438,128.0500030517578,128.0500030517578,1677
2007-09-25,131.0,131.0,132.5,129.75,132.0,1684
2007-09-26,129.75,129.75,131.6999969482422,129.0,130.0,1406
2007-09-27,126.0999984741211,126.0999984741211,130.5,125.0999984741211,129.75,2865
2007-09-28,129.10000610351562,129.10000610351562,129.89999389648438,125.5,127.0,2550
2007-10-01,129.3000030517578,129.3000030517578,130.5,127.0,127.0,2802
2007-10-02,132.5,132.5,133.0,129.0,131.0,3589
2007-10-03,134.3000030517578,134.3000030517578,135.0,131.3000030517578,132.35000610351562,2672
2007-10-04,137.14999389648438,137.14999389648438,139.1999969482422,133.60000610351562,133.60000610351562,3841
2007-10-05,137.14999389648438,137.14999389648438,139.89999389648438,136.0,138.89999389648438,2103
2007-10-08,137.10000610351562,137.10000610351562,137.5,134.25,137.0,2310
2007-10-09,137.0500030517578,137.0500030517578,138.0,135.60000610351562,136.6999969482422,1384
2007-10-10,141.4499969482422,141.4499969482422,147.0,137.75,137.75,4095
2007-10-11,136.3000030517578,136.3000030517578,142.0,135.0,141.75,2261
2007-10-12,143.35000610351562,143.35000610351562,149.5,134.5,134.5,2891
2007-10-15,150.8000030517578,150.8000030517578,153.35000610351562,142.5,143.1999969482422,2218
2007-10-16,156.0500030517578,156.0500030517578,160.8000030517578,150.0,151.5,2445
2007-10-17,156.0500030517578,156.0500030517578,159.5,153.39999389648438,157.0,1727
2007-10-18,152.14999389648438,152.14999389648438,157.0,152.0,155.89999389648438,1040
2007-10-19,149.25,149.25,152.0500030517578,148.0,152.0500030517578,1440
2007-10-22,151.75,151.75,153.5,147.6999969482422,149.0,1792
2007-10-23,148.4499969482422,148.4499969482422,151.75,148.0500030517578,151.10000610351562,1650
2007-10-24,145.39999389648438,145.39999389648438,149.10000610351562,144.89999389648438,148.0,1192
2007-10-25,146.1999969482422,146.1999969482422,148.39999389648438,143.8000030517578,145.25,848
2007-10-26,140.9499969482422,140.9499969482422,145.64999389648438,140.60000610351562,145.64999389648438,1064
2007-10-29,137.85000610351562,137.85000610351562,142.0,137.60000610351562,141.0,658
2007-10-30,138.0500030517578,138.0500030517578,138.60000610351562,136.85000610351562,137.85000610351562,650
2007-10-31,139.5,139.5,139.39999389648438,136.89999389648438,138.0,654
2007-11-01,143.6999969482422,143.6999969482422,143.6999969482422,143.6999969482422,143.6999969482422,258
2007-11-02,142.6999969482422,142.6999969482422,145.0,139.39999389648438,145.0,414
2007-11-05,138.3000030517578,138.3000030517578,138.3000030517578,138.3000030517578,138.3000030517578,10
2007-11-06,140.3000030517578,140.3000030517578,142.5,140.0,142.5,86
2007-11-07,142.5,142.5,144.0,140.0500030517578,140.0500030517578,56
2007-11-08,135.5500030517578,135.5500030517578,135.5500030517578,135.5500030517578,135.5500030517578,2036
2007-11-09,133.14999389648438,133.14999389648438,135.35000610351562,132.5,132.5,1165
2007-11-12,134.1999969482422,134.1999969482422,134.6999969482422,133.1999969482422,133.60000610351562,687
2007-11-13,133.14999389648438,133.14999389648438,135.39999389648438,132.1999969482422,134.9499969482422,1200
2007-11-14,133.60000610351562,133.60000610351562,138.0500030517578,133.3000030517578,134.85000610351562,1317
2007-11-15,132.8000030517578,132.8000030517578,134.1999969482422,132.25,134.1999969482422,2576
2007-11-16,130.75,130.75,134.5,130.39999389648438,134.5,1793
2007-11-19,132.89999389648438,132.89999389648438,133.3000030517578,131.10000610351562,131.3000030517578,1035
2007-11-20,131.9499969482422,131.9499969482422,133.8000030517578,131.5,133.6999969482422,1513
2007-11-21,134.35000610351562,134.35000610351562,141.9499969482422,131.5,131.5,1983
2007-11-26,135.3000030517578,135.3000030517578,136.5,133.75,131.5,810
2007-11-27,138.60000610351562,138.60000610351562,139.35000610351562,135.4499969482422,136.0,1882
2007-11-28,139.0,139.0,139.5,137.0,139.5,1495
2007-11-29,138.4499969482422,138.4499969482422,139.1999969482422,137.6999969482422,138.0,1834
2007-11-30,137.35000610351562,137.35000610351562,138.0,135.5,137.5,1793
2007-12-03,138.4499969482422,138.4499969482422,139.0,136.25,138.3000030517578,3285
2007-12-04,140.0,140.0,140.6999969482422,137.8000030517578,138.64999389648438,1490
2007-12-05,141.3000030517578,141.3000030517578,141.5,139.25,140.3000030517578,1271
2007-12-06,141.0,141.0,141.6999969482422,138.5,141.14999389648438,2269
2007-12-07,143.6999969482422,143.6999969482422,144.0,139.14999389648438,141.39999389648438,1814
2007-12-10,144.8000030517578,144.8000030517578,145.85000610351562,142.8000030517578,143.8000030517578,1636
2007-12-11,147.75,147.75,149.3000030517578,140.64999389648438,145.4499969482422,2409
2007-12-12,146.64999389648438,146.64999389648438,149.25,145.5,147.25,1283
2007-12-13,143.14999389648438,143.14999389648438,147.0,141.10000610351562,146.85000610351562,3328
2007-12-14,144.64999389648438,144.64999389648438,146.0,142.0,142.35000610351562,2308
2007-12-17,146.89999389648438,146.89999389648438,147.39999389648438,144.0,145.75,1256
2007-12-18,146.0,146.0,146.89999389648438,143.8000030517578,146.89999389648438,1462
2007-12-19,148.0500030517578,148.0500030517578,150.60000610351562,145.5,147.0,1804
2007-12-20,149.85000610351562,149.85000610351562,149.5,145.10000610351562,146.0,968
2007-12-21,147.75,147.75,151.60000610351562,146.10000610351562,149.4499969482422,714
2007-12-26,144.35000610351562,144.35000610351562,148.0,143.5,149.4499969482422,1548
2007-12-27,141.89999389648438,141.89999389648438,144.0,140.0,144.0,1501
2007-12-28,143.0,143.0,143.0,139.85000610351562,141.0,939
2007-12-31,143.60000610351562,143.60000610351562,150.25,140.5,142.8000030517578,752
2008-01-02,147.3000030517578,147.3000030517578,152.0,144.5,149.0,717
2008-01-03,141.10000610351562,141.10000610351562,145.0,140.0500030517578,140.25,31
2008-01-04,138.5500030517578,138.5500030517578,139.0,137.75,138.0,22
2008-01-07,135.60000610351562,135.60000610351562,140.0,135.0,140.0,39
2008-01-08,135.0,135.0,135.0,133.0,133.0,4
2008-01-09,133.5,133.5,137.0,131.0,137.0,13
2008-01-10,132.39999389648438,132.39999389648438,132.39999389648438,132.39999389648438,132.39999389648438,1416
2008-01-11,134.0,134.0,137.0,132.6999969482422,133.0,1174
2008-01-14,134.0,134.0,137.10000610351562,133.75,134.5,1391
2008-01-15,138.5,138.5,139.0,134.60000610351562,134.60000610351562,1468
2008-01-16,138.10000610351562,138.10000610351562,139.25,134.9499969482422,138.9499969482422,1292
2008-01-17,137.25,137.25,138.35000610351562,135.75,138.0,1207
2008-01-18,136.0500030517578,136.0500030517578,140.85000610351562,133.5,136.25,1775
2008-01-22,133.5,133.5,135.0,131.25,134.3000030517578,1679
2008-01-23,133.6999969482422,133.6999969482422,136.5,132.5,132.89999389648438,816
2008-01-24,136.8000030517578,136.8000030517578,138.0,133.89999389648438,134.5500030517578,1544
2008-01-25,136.8000030517578,136.8000030517578,137.9499969482422,135.85000610351562,137.0,610
2008-01-28,138.14999389648438,138.14999389648438,138.75,136.85000610351562,137.8000030517578,1344
2008-01-29,141.89999389648438,141.89999389648438,142.89999389648438,138.75,138.89999389648438,2659
2008-01-30,135.5,135.5,142.1999969482422,133.0,142.0,4078
2008-01-31,137.6999969482422,137.6999969482422,138.85000610351562,135.60000610351562,135.6999969482422,5209
2008-02-01,136.8000030517578,136.8000030517578,138.10000610351562,135.60000610351562,138.10000610351562,3242
2008-02-04,135.25,135.25,137.5,135.1999969482422,136.8000030517578,1682
2008-02-05,135.64999389648438,135.64999389648438,136.75,134.89999389648438,136.0,1397
2008-02-06,135.64999389648438,135.64999389648438,136.25,134.0,136.25,1837
2008-02-07,132.5500030517578,132.5500030517578,136.0,132.0,136.0,2676
2008-02-08,128.6999969482422,128.6999969482422,138.5,127.44999694824219,132.1999969482422,3159
2008-02-11,126.69999694824219,126.69999694824219,129.0,126.0,127.9000015258789,2008
2008-02-12,126.69999694824219,126.69999694824219,128.25,124.0,127.0,1804
2008-02-13,124.55000305175781,124.55000305175781,127.4000015258789,123.1500015258789,127.0,1448
2008-02-14,124.80000305175781,124.80000305175781,128.0,122.69999694824219,124.94999694824219,1587
2008-02-15,122.0,122.0,127.25,121.0,125.25,2136
2008-02-19,122.25,122.25,123.69999694824219,119.0,123.55000305175781,804
2008-02-20,124.6500015258789,124.6500015258789,126.3499984741211,121.05000305175781,124.0,1249
2008-02-21,128.35000610351562,128.35000610351562,128.5,123.75,125.0,632
2008-02-22,124.55000305175781,124.55000305175781,130.25,124.5,128.5,1278
2008-02-25,126.5,126.5,127.0999984741211,123.05000305175781,125.9000015258789,1345
2008-02-26,126.1500015258789,126.1500015258789,130.0,123.0,123.44999694824219,672
2008-02-27,127.94999694824219,127.94999694824219,129.14999389648438,125.75,128.0,679
2008-02-28,127.94999694824219,127.94999694824219,129.1999969482422,123.30000305175781,128.14999389648438,534
2008-02-29,126.8499984741211,126.8499984741211,131.4499969482422,125.30000305175781,129.0,738
2008-03-03,130.60000610351562,130.60000610351562,130.8000030517578,126.0,128.9499969482422,57
2008-03-04,129.35000610351562,129.35000610351562,133.0,125.30000305175781,127.5,52
2008-03-05,128.25,128.25,131.25,128.14999389648438,131.25,13
2008-03-06,121.94999694824219,121.94999694824219,126.05000305175781,124.0,125.0,44
2008-03-07,124.3499984741211,124.3499984741211,122.9000015258789,122.8499984741211,122.8499984741211,3
2008-03-10,123.25,123.25,126.0,124.5,124.5,837
2008-03-11,125.75,125.75,127.4000015258789,123.9000015258789,124.80000305175781,1075
2008-03-12,125.4000015258789,125.4000015258789,127.0,123.75,125.75,242
2008-03-13,118.5,118.5,126.25,117.0,126.25,4137
2008-03-14,117.55000305175781,117.55000305175781,120.0,116.5,119.8499984741211,1370
2008-03-17,116.4000015258789,116.4000015258789,118.0,115.4000015258789,117.0,1405
2008-03-18,117.94999694824219,117.94999694824219,119.4000015258789,116.30000305175781,117.55000305175781,818
2008-03-19,116.30000305175781,116.30000305175781,117.94999694824219,111.5,117.94999694824219,2134
2008-03-20,113.05000305175781,113.05000305175781,117.3499984741211,113.0,116.5999984741211,1695
2008-03-24,112.05000305175781,112.05000305175781,113.0,108.5,112.4000015258789,1535
2008-03-25,111.44999694824219,111.44999694824219,116.9000015258789,111.0999984741211,112.0,1420
2008-03-26,114.19999694824219,114.19999694824219,116.9000015258789,111.30000305175781,112.30000305175781,1435
2008-03-27,109.44999694824219,109.44999694824219,116.0,105.25,116.0,2675
2008-03-28,110.5,110.5,110.8499984741211,108.4000015258789,109.44999694824219,2171
2008-03-31,109.6500015258789,109.6500015258789,111.5,108.55000305175781,109.9000015258789,2651
2008-04-01,114.4000015258789,114.4000015258789,115.69999694824219,109.0,109.19999694824219,2840
2008-04-02,110.1500015258789,110.1500015258789,114.30000305175781,109.94999694824219,112.5,1436
2008-04-03,110.9000015258789,110.9000015258789,111.94999694824219,107.55000305175781,110.6500015258789,1684
2008-04-04,112.25,112.25,113.5,110.30000305175781,111.5,1466
2008-04-07,117.75,117.75,120.4000015258789,111.8499984741211,112.5,3052
2008-04-08,117.6500015258789,117.6500015258789,118.5,115.1500015258789,118.5,2295
2008-04-09,113.4000015258789,113.4000015258789,117.55000305175781,111.80000305175781,117.55000305175781,2559
2008-04-10,110.75,110.75,115.5,109.8499984741211,114.9000015258789,2833
2008-04-11,110.5999984741211,110.5999984741211,111.0999984741211,109.0999984741211,109.94999694824219,504
2008-04-14,111.1500015258789,111.1500015258789,118.0999984741211,108.69999694824219,111.0,2802
2008-04-15,115.5,115.5,116.0,111.3499984741211,111.5999984741211,1655
2008-04-16,116.44999694824219,116.44999694824219,117.69999694824219,115.0,116.30000305175781,1249
2008-04-17,118.44999694824219,118.44999694824219,118.5,114.94999694824219,116.44999694824219,1814
2008-04-18,119.80000305175781,119.80000305175781,120.0,115.94999694824219,118.9000015258789,1672
2008-04-21,113.0,113.0,119.9000015258789,112.25,119.80000305175781,1387
2008-04-22,115.0,115.0,115.75,112.5999984741211,114.0,2067
2008-04-23,120.05000305175781,120.05000305175781,120.44999694824219,114.44999694824219,114.44999694824219,731
2008-04-24,117.44999694824219,117.44999694824219,119.94999694824219,115.05000305175781,119.55000305175781,947
2008-04-25,122.5,122.5,125.0999984741211,117.5,118.05000305175781,800
2008-04-28,120.30000305175781,120.30000305175781,122.75,119.6500015258789,120.0,368
2008-04-29,122.5999984741211,122.5999984741211,123.5,118.9000015258789,119.69999694824219,1059
2008-04-30,115.8499984741211,115.8499984741211,121.94999694824219,114.75,121.94999694824219,318
2008-05-01,116.0,116.0,117.5999984741211,116.0,117.0,12
2008-05-02,117.80000305175781,117.80000305175781,122.75,119.5999984741211,122.75,3
2008-05-05,119.05000305175781,119.05000305175781,119.80000305175781,119.80000305175781,119.80000305175781,1
2008-05-06,121.0,121.0,120.0,119.30000305175781,119.30000305175781,1
2008-05-07,121.5999984741211,121.5999984741211,121.80000305175781,121.80000305175781,121.80000305175781,5
2008-05-08,120.44999694824219,120.44999694824219,120.0,119.0,120.0,0
2008-05-09,121.94999694824219,121.94999694824219,121.94999694824219,121.94999694824219,121.94999694824219,561
2008-05-12,115.80000305175781,115.80000305175781,123.80000305175781,115.19999694824219,121.55000305175781,1981
2008-05-13,112.6500015258789,112.6500015258789,117.80000305175781,111.9000015258789,116.05000305175781,2021
2008-05-14,111.94999694824219,111.94999694824219,113.25,110.0,112.55000305175781,984
2008-05-15,110.5999984741211,110.5999984741211,111.94999694824219,109.94999694824219,110.5,793
2008-05-16,108.5,108.5,111.69999694824219,107.19999694824219,110.5999984741211,2133
2008-05-19,107.8499984741211,107.8499984741211,109.80000305175781,106.5999984741211,108.0999984741211,803
2008-05-20,107.19999694824219,107.19999694824219,108.75,106.6500015258789,107.8499984741211,810
2008-05-21,106.4000015258789,106.4000015258789,107.80000305175781,106.1500015258789,107.5,981
2008-05-22,105.5999984741211,105.5999984741211,107.8499984741211,105.30000305175781,106.55000305175781,850
2008-05-23,107.19999694824219,107.19999694824219,111.0,106.25,107.5,1098
2008-05-27,108.0999984741211,108.0999984741211,109.5,107.19999694824219,107.55000305175781,1392
2008-05-28,105.8499984741211,105.8499984741211,109.0,105.3499984741211,107.55000305175781,1226
2008-05-29,104.9000015258789,104.9000015258789,106.8499984741211,103.9000015258789,106.8499984741211,3701
2008-05-30,107.94999694824219,107.94999694824219,109.4000015258789,103.75,104.4000015258789,3312
2008-06-02,108.5,108.5,110.05000305175781,107.0,108.0,2932
2008-06-03,111.19999694824219,111.19999694824219,114.0,108.5999984741211,109.0,2799
2008-06-04,111.0,111.0,112.9000015258789,109.6500015258789,109.94999694824219,1410
2008-06-05,112.80000305175781,112.80000305175781,113.30000305175781,109.30000305175781,110.94999694824219,1574
2008-06-06,115.5999984741211,115.5999984741211,117.0,112.9000015258789,112.9000015258789,1220
2008-06-09,113.80000305175781,113.80000305175781,117.0,111.69999694824219,115.19999694824219,2174
2008-06-10,115.44999694824219,115.44999694824219,116.4000015258789,111.8499984741211,112.19999694824219,949
2008-06-11,114.9000015258789,114.9000015258789,116.69999694824219,113.5,115.44999694824219,744
2008-06-12,114.44999694824219,114.44999694824219,115.8499984741211,114.0,114.69999694824219,1409
2008-06-13,112.9000015258789,112.9000015258789,114.9000015258789,112.55000305175781,114.4000015258789,1427
2008-06-16,111.9000015258789,111.9000015258789,113.5999984741211,111.19999694824219,113.30000305175781,1827
2008-06-17,114.3499984741211,114.3499984741211,116.19999694824219,111.1500015258789,111.5999984741211,2541
2008-06-18,112.25,112.25,115.25,110.5,114.80000305175781,1507
2008-06-19,107.94999694824219,107.94999694824219,113.05000305175781,107.19999694824219,112.05000305175781,1921
2008-06-20,109.94999694824219,109.94999694824219,110.1500015258789,107.19999694824219,107.5,874
2008-06-23,109.55000305175781,109.55000305175781,110.25,108.4000015258789,110.25,990
2008-06-24,109.94999694824219,109.94999694824219,110.9000015258789,109.0,109.0,1469
2008-06-25,108.55000305175781,108.55000305175781,109.80000305175781,108.30000305175781,109.69999694824219,862
2008-06-26,109.05000305175781,109.05000305175781,110.5,108.3499984741211,108.3499984741211,745
2008-06-27,109.44999694824219,109.44999694824219,110.0,109.19999694824219,109.5,968
2008-06-30,118.3499984741211,118.3499984741211,119.44999694824219,109.55000305175781,109.75,1367
2008-07-01,128.85000610351562,128.85000610351562,126.30000305175781,119.5,120.0,188
2008-07-02,127.1500015258789,127.1500015258789,128.0,127.1500015258789,128.0,0
2008-07-03,128.35000610351562,128.35000610351562,128.35000610351562,128.35000610351562,128.35000610351562,0
2008-07-07,128.0,128.0,128.0,128.0,128.0,0
2008-07-08,124.69999694824219,124.69999694824219,124.69999694824219,124.69999694824219,124.69999694824219,0
2008-07-09,127.55000305175781,127.55000305175781,128.8000030517578,128.8000030517578,128.8000030517578,1
2008-07-10,127.55000305175781,127.55000305175781,129.3000030517578,129.3000030517578,129.3000030517578,0
2008-07-11,121.69999694824219,121.69999694824219,121.69999694824219,121.69999694824219,121.69999694824219,1587
2008-07-14,127.30000305175781,127.30000305175781,127.9000015258789,123.0,123.25,1075
2008-07-15,124.1500015258789,124.1500015258789,127.55000305175781,123.25,127.0999984741211,775
2008-07-16,123.44999694824219,123.44999694824219,124.5,122.55000305175781,124.5,553
2008-07-17,124.80000305175781,124.80000305175781,125.0,122.55000305175781,122.55000305175781,412
2008-07-18,126.0999984741211,126.0999984741211,127.0,124.19999694824219,124.80000305175781,646
2008-07-21,127.6500015258789,127.6500015258789,127.80000305175781,126.25,126.44999694824219,561
2008-07-22,123.94999694824219,123.94999694824219,128.0,122.05000305175781,128.0,1306
2008-07-23,122.69999694824219,122.69999694824219,124.5,122.30000305175781,123.94999694824219,1278
2008-07-24,114.4000015258789,114.4000015258789,122.1500015258789,113.80000305175781,122.1500015258789,2594
2008-07-25,112.5,112.5,114.80000305175781,112.4000015258789,114.25,1122
2008-07-28,111.3499984741211,111.3499984741211,113.30000305175781,110.94999694824219,112.30000305175781,1283
2008-07-29,109.25,109.25,112.69999694824219,107.55000305175781,111.94999694824219,2660
2008-07-30,107.8499984741211,107.8499984741211,109.75,107.30000305175781,109.0,2788
2008-07-31,106.55000305175781,106.55000305175781,108.44999694824219,105.69999694824219,108.0999984741211,2652
2008-08-01,103.6500015258789,103.6500015258789,107.8499984741211,101.75,106.5,3800
2008-08-04,100.9000015258789,100.9000015258789,104.80000305175781,96.75,102.9000015258789,2743
2008-08-05,97.94999694824219,97.94999694824219,101.5999984741211,96.0999984741211,99.55000305175781,2714
2008-08-06,98.69999694824219,98.69999694824219,99.44999694824219,96.94999694824219,97.80000305175781,744
2008-08-07,99.9000015258789,99.9000015258789,101.0,98.0999984741211,98.1500015258789,1580
2008-08-08,98.75,98.75,101.0,97.4000015258789,100.0999984741211,1071
2008-08-11,98.1500015258789,98.1500015258789,100.80000305175781,97.75,98.0999984741211,739
2008-08-12,100.75,100.75,103.5,98.05000305175781,98.0999984741211,2423
2008-08-13,103.44999694824219,103.44999694824219,105.25,100.75,100.75,1235
2008-08-14,104.25,104.25,106.0999984741211,103.75,104.0,1317
2008-08-15,102.9000015258789,102.9000015258789,104.94999694824219,102.0,104.19999694824219,1786
2008-08-18,104.9000015258789,104.9000015258789,107.6500015258789,102.4000015258789,102.4000015258789,1306
2008-08-19,101.4000015258789,101.4000015258789,104.69999694824219,100.0,103.0,1288
2008-08-20,103.19999694824219,103.19999694824219,104.6500015258789,101.8499984741211,103.0,1420
2008-08-21,104.0,104.0,104.19999694824219,102.8499984741211,103.30000305175781,857
2008-08-22,105.80000305175781,105.80000305175781,106.5999984741211,103.8499984741211,103.8499984741211,1206
2008-08-25,108.0,108.0,108.1500015258789,105.0999984741211,105.3499984741211,982
2008-08-26,112.30000305175781,112.30000305175781,117.5999984741211,107.0,108.0,1501
2008-08-27,110.75,110.75,112.5,109.55000305175781,111.0,533
2008-08-28,107.4000015258789,107.4000015258789,111.5,107.1500015258789,109.8499984741211,1051
2008-08-29,108.55000305175781,108.55000305175781,111.1500015258789,107.5999984741211,108.5,1051
2008-09-02,102.19999694824219,102.19999694824219,105.0,101.9000015258789,104.55000305175781,156
2008-09-03,102.1500015258789,102.1500015258789,102.0999984741211,101.6500015258789,102.0999984741211,498
2008-09-04,104.0999984741211,104.0999984741211,105.0,103.05000305175781,103.8499984741211,9
2008-09-05,108.5,108.5,112.0,107.0,111.0,0
2008-09-08,98.5,98.5,98.5,98.5,98.5,0
2008-09-09,92.3499984741211,92.3499984741211,91.5,90.0,90.0,0
2008-09-10,94.19999694824219,94.19999694824219,94.19999694824219,94.19999694824219,94.19999694824219,832
2008-09-11,96.05000305175781,96.05000305175781,96.94999694824219,93.5999984741211,94.5999984741211,723
2008-09-12,95.5999984741211,95.5999984741211,96.19999694824219,95.0,95.8499984741211,386
2008-09-15,95.80000305175781,95.80000305175781,97.0,92.3499984741211,96.25,683
2008-09-16,91.8499984741211,91.8499984741211,96.5999984741211,91.55000305175781,95.0,1232
2008-09-17,92.25,92.25,93.25,91.0,92.05000305175781,1043
2008-09-18,90.30000305175781,90.30000305175781,95.0,87.5,91.75,1499
2008-09-19,89.9000015258789,89.9000015258789,91.3499984741211,88.44999694824219,90.5,762
2008-09-22,92.94999694824219,92.94999694824219,93.75,90.3499984741211,90.3499984741211,839
2008-09-23,92.75,92.75,93.25,91.55000305175781,92.5,438
2008-09-24,92.5999984741211,92.5999984741211,93.0,92.25,93.0,633
2008-09-25,91.30000305175781,91.30000305175781,92.9000015258789,90.25,91.55000305175781,451
2008-09-26,90.5,90.5,92.0,89.44999694824219,91.30000305175781,451
2008-09-29,86.9000015258789,86.9000015258789,90.5,86.0,90.5,2217
2008-09-30,89.19999694824219,89.19999694824219,89.4000015258789,85.19999694824219,86.80000305175781,2546
2008-10-01,86.80000305175781,86.80000305175781,89.4000015258789,85.5999984741211,89.0999984741211,2390
2008-10-02,81.4000015258789,81.4000015258789,87.3499984741211,78.30000305175781,87.05000305175781,2407
2008-10-03,82.0999984741211,82.0999984741211,84.5999984741211,80.30000305175781,82.3499984741211,2407
2008-10-06,81.6500015258789,81.6500015258789,82.94999694824219,80.5999984741211,82.19999694824219,1254
2008-10-07,83.4000015258789,83.4000015258789,84.44999694824219,81.3499984741211,82.1500015258789,1240
2008-10-08,83.0999984741211,83.0999984741211,85.8499984741211,82.5,83.0999984741211,1726
2008-10-09,81.75,81.75,84.3499984741211,81.30000305175781,83.44999694824219,1749
2008-10-10,76.05000305175781,76.05000305175781,81.5999984741211,72.0999984741211,80.8499984741211,1749
2008-10-13,78.0999984741211,78.0999984741211,79.5,76.5,76.94999694824219,959
2008-10-14,81.05000305175781,81.05000305175781,81.80000305175781,78.0,78.0,1722
2008-10-15,79.19999694824219,79.19999694824219,81.44999694824219,78.5,80.44999694824219,1855
2008-10-16,80.1500015258789,80.1500015258789,81.69999694824219,77.94999694824219,78.0,976
2008-10-17,83.55000305175781,83.55000305175781,85.4000015258789,80.0,80.0,976
2008-10-20,85.44999694824219,85.44999694824219,86.05000305175781,84.05000305175781,84.55000305175781,739
2008-10-21,85.5,85.5,85.9000015258789,81.19999694824219,84.9000015258789,1069
2008-10-22,85.9000015258789,85.9000015258789,86.80000305175781,83.8499984741211,85.25,1099
2008-10-23,84.55000305175781,84.55000305175781,85.94999694824219,84.1500015258789,85.69999694824219,903
2008-10-24,80.6500015258789,80.6500015258789,84.0,78.80000305175781,84.0,903
2008-10-27,80.05000305175781,80.05000305175781,81.05000305175781,77.0999984741211,80.19999694824219,1301
2008-10-28,79.1500015258789,79.1500015258789,80.19999694824219,78.69999694824219,79.0,660
2008-10-29,77.55000305175781,77.55000305175781,86.55000305175781,77.55000305175781,79.25,943
2008-10-30,79.19999694824219,79.19999694824219,81.80000305175781,78.5,78.5,1889
2008-10-31,76.19999694824219,76.19999694824219,79.80000305175781,76.0,79.19999694824219,1889
2008-11-03,77.4000015258789,77.4000015258789,79.5,78.0,78.25,357
2008-11-04,80.44999694824219,80.44999694824219,81.3499984741211,80.30000305175781,80.3499984741211,273
2008-11-05,83.19999694824219,83.19999694824219,84.0,81.4000015258789,82.0,30
2008-11-06,82.69999694824219,82.69999694824219,85.5999984741211,85.5999984741211,85.5999984741211,586
2008-11-07,86.55000305175781,86.55000305175781,87.25,83.30000305175781,85.5,586
2008-11-10,84.80000305175781,84.80000305175781,86.94999694824219,84.30000305175781,86.55000305175781,447
2008-11-11,83.0,83.0,84.75,82.1500015258789,84.5999984741211,693
2008-11-12,83.0999984741211,83.0999984741211,84.8499984741211,82.0999984741211,83.0,399
2008-11-13,83.69999694824219,83.69999694824219,84.6500015258789,82.19999694824219,82.4000015258789,314
2008-11-14,82.94999694824219,82.94999694824219,84.0,82.44999694824219,83.5,314
2008-11-17,79.75,79.75,83.5999984741211,77.9000015258789,83.5999984741211,1570
2008-11-18,76.69999694824219,76.69999694824219,79.6500015258789,75.5,79.0,1602
2008-11-19,76.69999694824219,76.69999694824219,76.94999694824219,76.4000015258789,76.69999694824219,655
2008-11-20,76.94999694824219,76.94999694824219,78.69999694824219,75.75,76.69999694824219,538
2008-11-21,76.80000305175781,76.80000305175781,77.69999694824219,76.30000305175781,76.4000015258789,538
2008-11-24,76.44999694824219,76.44999694824219,78.44999694824219,76.0999984741211,77.44999694824219,702
2008-11-25,76.8499984741211,76.8499984741211,79.9000015258789,76.25,76.5,932
2008-11-26,76.9000015258789,76.9000015258789,77.9000015258789,76.0999984741211,76.94999694824219,932
2008-11-28,74.3499984741211,74.3499984741211,77.0999984741211,74.25,77.0999984741211,932
2008-12-01,71.4000015258789,71.4000015258789,74.3499984741211,71.30000305175781,74.0,5778
2008-12-02,72.0,72.0,74.0,71.1500015258789,71.5999984741211,1536
2008-12-03,73.5999984741211,73.5999984741211,73.9000015258789,71.25,72.0999984741211,1241
2008-12-04,73.30000305175781,73.30000305175781,78.4000015258789,71.5,73.30000305175781,2488
2008-12-05,73.0999984741211,73.0999984741211,73.8499984741211,71.80000305175781,73.30000305175781,2488
2008-12-08,73.75,73.75,73.05000305175781,73.05000305175781,73.05000305175781,698
2008-12-09,75.5999984741211,75.5999984741211,76.69999694824219,73.1500015258789,74.0,1151
2008-12-10,76.44999694824219,76.44999694824219,78.5,74.5999984741211,76.0,2167
2008-12-11,77.8499984741211,77.8499984741211,78.0,75.94999694824219,76.80000305175781,522
2008-12-12,77.44999694824219,77.44999694824219,78.19999694824219,76.30000305175781,76.30000305175781,522
2008-12-15,76.75,76.75,78.44999694824219,75.1500015258789,77.0,606
2008-12-16,73.8499984741211,73.8499984741211,77.25,72.75,77.25,1390
2008-12-17,75.25,75.25,76.0,73.19999694824219,73.8499984741211,651
2008-12-18,79.0,79.0,80.0,75.5999984741211,77.0,579
2008-12-19,77.4000015258789,77.4000015258789,79.0,75.0,79.0,579
2008-12-22,74.44999694824219,74.44999694824219,78.5,73.05000305175781,78.5,532
2008-12-23,73.05000305175781,73.05000305175781,75.0,71.1500015258789,75.0,568
2008-12-24,72.0999984741211,72.0999984741211,72.80000305175781,71.1500015258789,71.25,568
2008-12-26,71.1500015258789,71.1500015258789,71.5,70.55000305175781,71.5,568
2008-12-29,68.75,68.75,73.0,67.0999984741211,72.05000305175781,269
2008-12-30,69.1500015258789,69.1500015258789,70.0,67.30000305175781,67.6500015258789,695
2008-12-31,68.55000305175781,68.55000305175781,70.0,68.4000015258789,69.0,695
2009-01-02,72.5999984741211,72.5999984741211,73.0,69.0,69.6500015258789,695
2009-01-05,76.19999694824219,76.19999694824219,75.5,73.9000015258789,73.9000015258789,28
2009-01-06,77.25,77.25,78.0,76.94999694824219,78.0,16
2009-01-07,77.75,77.75,78.5,76.69999694824219,78.0,0
2009-01-08,76.4000015258789,76.4000015258789,76.4000015258789,76.4000015258789,76.4000015258789,0
2009-01-09,77.4000015258789,77.4000015258789,78.0,76.75,78.0,610
2009-01-12,74.44999694824219,74.44999694824219,78.75,73.5,77.44999694824219,956
2009-01-13,75.55000305175781,75.55000305175781,76.5,73.19999694824219,74.05000305175781,523
2009-01-14,74.0999984741211,74.0999984741211,76.5,73.69999694824219,76.0,518
2009-01-15,70.94999694824219,70.94999694824219,74.5,70.0999984741211,74.5,1433
2009-01-16,72.0999984741211,72.0999984741211,72.75,70.9000015258789,70.9000015258789,1433
2009-01-20,72.25,72.25,73.30000305175781,71.0999984741211,72.80000305175781,597
2009-01-21,74.8499984741211,74.8499984741211,75.25,73.0,73.05000305175781,1232
2009-01-22,75.80000305175781,75.80000305175781,78.9000015258789,74.5,75.25,925
2009-01-23,74.9000015258789,74.9000015258789,76.0,73.5999984741211,75.25,925
2009-01-26,75.5,75.5,76.25,74.80000305175781,75.5,307
2009-01-27,73.8499984741211,73.8499984741211,75.8499984741211,73.5999984741211,75.8499984741211,657
2009-01-28,71.30000305175781,71.30000305175781,74.4000015258789,70.5999984741211,73.19999694824219,1414
2009-01-29,72.30000305175781,72.30000305175781,72.5999984741211,71.80000305175781,71.8499984741211,1536
2009-01-30,72.5,72.5,72.75,71.30000305175781,72.3499984741211,1536
2009-02-02,71.3499984741211,71.3499984741211,73.25,70.75,72.5,1466
2009-02-03,72.55000305175781,72.55000305175781,73.80000305175781,71.05000305175781,71.05000305175781,945
2009-02-04,75.4000015258789,75.4000015258789,76.19999694824219,73.05000305175781,73.19999694824219,1893
2009-02-05,69.1500015258789,69.1500015258789,72.75,68.75,72.75,3656
2009-02-06,68.94999694824219,68.94999694824219,70.30000305175781,68.4000015258789,69.3499984741211,3656
2009-02-09,70.75,70.75,70.94999694824219,68.94999694824219,69.0,1342
2009-02-10,69.69999694824219,69.69999694824219,72.25,69.05000305175781,70.75,1265
2009-02-11,69.4000015258789,69.4000015258789,70.25,68.5,69.3499984741211,1594
2009-02-12,68.69999694824219,68.69999694824219,69.75,67.55000305175781,69.30000305175781,1114
2009-02-13,68.0,68.0,69.05000305175781,67.55000305175781,68.5,1114
2009-02-17,66.4000015258789,66.4000015258789,68.19999694824219,64.5999984741211,68.0,2578
2009-02-18,66.25,66.25,66.5,65.25,66.0,2581
2009-02-19,67.4000015258789,67.4000015258789,67.94999694824219,65.25,65.44999694824219,3134
2009-02-20,66.69999694824219,66.69999694824219,67.75,65.94999694824219,67.4000015258789,3134
2009-02-23,68.25,68.25,68.69999694824219,65.25,66.69999694824219,1556
2009-02-24,69.0999984741211,69.0999984741211,69.69999694824219,67.0,68.30000305175781,1531
2009-02-25,69.1500015258789,69.1500015258789,70.1500015258789,68.55000305175781,69.0999984741211,891
2009-02-26,69.0,69.0,69.5999984741211,67.5,68.80000305175781,1022
2009-02-27,69.55000305175781,69.55000305175781,70.69999694824219,66.75,69.25,1022
2009-03-02,68.94999694824219,68.94999694824219,71.5999984741211,68.5999984741211,69.5,161
2009-03-03,71.05000305175781,71.05000305175781,70.9000015258789,69.5,70.5,86
2009-03-04,69.44999694824219,69.44999694824219,71.5999984741211,69.5,71.55000305175781,79
2009-03-05,73.5,73.5,73.5,68.9000015258789,69.5,66
2009-03-06,74.0,74.0,73.5,70.05000305175781,73.5,0
2009-03-09,74.25,74.25,74.25,74.25,74.25,58
2009-03-10,71.3499984741211,71.3499984741211,75.9000015258789,71.3499984741211,75.9000015258789,0
2009-03-11,73.4000015258789,73.4000015258789,73.4000015258789,73.4000015258789,73.4000015258789,545
2009-03-12,73.5,73.5,73.80000305175781,72.55000305175781,73.44999694824219,461
2009-03-13,74.55000305175781,74.55000305175781,74.8499984741211,73.5999984741211,73.69999694824219,461
2009-03-16,74.75,74.75,74.9000015258789,74.0999984741211,74.3499984741211,413
2009-03-17,71.44999694824219,71.44999694824219,74.94999694824219,69.30000305175781,74.5,1654
2009-03-18,70.9000015258789,70.9000015258789,71.9000015258789,70.5999984741211,71.9000015258789,496
2009-03-19,72.5999984741211,72.5999984741211,72.80000305175781,70.8499984741211,71.0,468
2009-03-20,72.75,72.75,72.8499984741211,71.80000305175781,72.80000305175781,0
2009-03-23,73.75,73.75,73.94999694824219,71.30000305175781,72.8499984741211,628
2009-03-24,76.94999694824219,76.94999694824219,77.9000015258789,73.6500015258789,73.94999694824219,2735
2009-03-25,77.25,77.25,77.94999694824219,76.0999984741211,77.3499984741211,1212
2009-03-26,77.30000305175781,77.30000305175781,77.4000015258789,75.25,77.0,937
2009-03-27,77.0999984741211,77.0999984741211,77.4000015258789,76.25,77.3499984741211,937
2009-03-30,76.69999694824219,76.69999694824219,77.1500015258789,75.69999694824219,77.05000305175781,1114
2009-03-31,76.30000305175781,76.30000305175781,77.3499984741211,75.9000015258789,77.05000305175781,1509
2009-04-01,74.5,74.5,76.44999694824219,73.3499984741211,75.5,2180
2009-04-02,75.30000305175781,75.30000305175781,75.6500015258789,74.55000305175781,74.6500015258789,867
2009-04-03,75.9000015258789,75.9000015258789,76.0,74.5999984741211,75.3499984741211,867
2009-04-06,76.5999984741211,76.5999984741211,76.80000305175781,75.0,76.25,967
2009-04-07,77.25,77.25,77.75,75.3499984741211,76.55000305175781,1789
2009-04-08,81.05000305175781,81.05000305175781,81.5,77.0999984741211,77.25,4669
2009-04-09,83.19999694824219,83.19999694824219,83.5,80.55000305175781,81.1500015258789,4669
2009-04-13,84.25,84.25,84.5,83.0999984741211,83.0999984741211,1253
2009-04-14,86.25,86.25,87.5999984741211,83.05000305175781,83.94999694824219,2222
2009-04-15,82.8499984741211,82.8499984741211,86.5,82.6500015258789,86.0,2022
2009-04-16,83.80000305175781,83.80000305175781,83.9000015258789,81.5999984741211,82.5,2041
2009-04-17,84.94999694824219,84.94999694824219,86.5,83.55000305175781,83.55000305175781,2041
2009-04-20,83.5999984741211,83.5999984741211,84.8499984741211,81.69999694824219,84.0999984741211,1755
2009-04-21,80.44999694824219,80.44999694824219,82.6500015258789,80.0,82.0,1261
2009-04-22,79.30000305175781,79.30000305175781,80.4000015258789,78.5999984741211,80.19999694824219,1048
2009-04-23,80.94999694824219,80.94999694824219,81.30000305175781,79.69999694824219,79.69999694824219,592
2009-04-24,81.44999694824219,81.44999694824219,82.0,80.5,81.0,592
2009-04-27,81.19999694824219,81.19999694824219,82.5999984741211,79.75,81.3499984741211,1404
2009-04-28,79.5999984741211,79.5999984741211,81.0999984741211,75.8499984741211,81.0999984741211,2434
2009-04-29,79.5999984741211,79.5999984741211,80.1500015258789,78.6500015258789,79.69999694824219,802
2009-04-30,79.4000015258789,79.4000015258789,81.6500015258789,77.4000015258789,79.75,1166
2009-05-01,81.0999984741211,81.0999984741211,81.94999694824219,81.0,81.5,1166
2009-05-04,86.0999984741211,86.0999984741211,85.75,82.9000015258789,82.9000015258789,187
2009-05-05,87.05000305175781,87.05000305175781,88.4000015258789,87.0,88.4000015258789,112
2009-05-06,86.5999984741211,86.5999984741211,88.3499984741211,87.0,87.0,27
2009-05-07,86.80000305175781,86.80000305175781,88.0,87.44999694824219,87.44999694824219,0
2009-05-08,89.19999694824219,89.19999694824219,89.19999694824219,89.19999694824219,89.19999694824219,690
2009-05-11,92.30000305175781,92.30000305175781,94.19999694824219,90.3499984741211,91.0,1224
2009-05-12,94.25,94.25,95.5,92.4000015258789,92.4000015258789,1244
2009-05-13,93.30000305175781,93.30000305175781,93.5999984741211,89.5,92.69999694824219,1141
2009-05-14,93.0999984741211,93.0999984741211,93.3499984741211,90.8499984741211,92.05000305175781,709
2009-05-15,93.5,93.5,93.5999984741211,91.3499984741211,93.0,709
2009-05-18,92.4000015258789,92.4000015258789,92.8499984741211,87.19999694824219,92.69999694824219,796
2009-05-19,91.19999694824219,91.19999694824219,92.6500015258789,90.1500015258789,91.6500015258789,514
2009-05-20,90.5999984741211,90.5999984741211,92.5,89.44999694824219,91.0,560
2009-05-21,90.0999984741211,90.0999984741211,90.94999694824219,88.6500015258789,90.94999694824219,642
2009-05-22,91.69999694824219,91.69999694824219,92.5,89.44999694824219,90.0,642
2009-05-26,92.5,92.5,93.0,90.5,91.30000305175781,950
2009-05-27,94.1500015258789,94.1500015258789,94.94999694824219,91.9000015258789,92.5999984741211,1369
2009-05-28,94.75,94.75,95.1500015258789,93.4000015258789,93.9000015258789,1046
2009-05-29,94.1500015258789,94.1500015258789,97.55000305175781,92.5,94.75,1046
2009-06-01,94.25,94.25,95.75,93.69999694824219,94.5999984741211,1491
2009-06-02,93.6500015258789,93.6500015258789,94.8499984741211,91.5,94.8499984741211,1651
2009-06-03,92.8499984741211,92.8499984741211,93.8499984741211,92.55000305175781,93.5999984741211,1132
2009-06-04,91.55000305175781,91.55000305175781,92.75,90.80000305175781,92.75,2767
2009-06-05,90.4000015258789,90.4000015258789,91.94999694824219,89.55000305175781,91.5999984741211,2767
2009-06-08,88.19999694824219,88.19999694824219,90.0,87.25,89.69999694824219,2170
2009-06-09,86.5,86.5,88.69999694824219,85.80000305175781,87.0999984741211,3877
2009-06-10,85.05000305175781,85.05000305175781,87.4000015258789,84.8499984741211,86.30000305175781,1703
2009-06-11,84.5999984741211,84.5999984741211,85.55000305175781,83.6500015258789,85.4000015258789,2818
2009-06-12,82.5,82.5,84.9000015258789,81.0,84.25,2818
2009-06-15,78.1500015258789,78.1500015258789,82.1500015258789,77.25,82.1500015258789,2686
2009-06-16,77.6500015258789,77.6500015258789,79.19999694824219,76.4000015258789,78.1500015258789,2676
2009-06-17,76.80000305175781,76.80000305175781,77.6500015258789,76.30000305175781,77.5999984741211,1409
2009-06-18,77.9000015258789,77.9000015258789,79.5,76.44999694824219,77.1500015258789,1087
2009-06-19,77.30000305175781,77.30000305175781,79.19999694824219,76.94999694824219,77.9000015258789,1087
2009-06-22,75.05000305175781,75.05000305175781,78.0,75.0,77.30000305175781,860
2009-06-23,75.44999694824219,75.44999694824219,75.5999984741211,73.9000015258789,75.0999984741211,1019
2009-06-24,75.0999984741211,75.0999984741211,76.5,74.9000015258789,75.9000015258789,296
2009-06-25,73.9000015258789,73.9000015258789,75.0,73.5999984741211,74.9000015258789,810
2009-06-26,74.25,74.25,75.19999694824219,74.0,75.19999694824219,810
2009-06-29,74.3499984741211,74.3499984741211,75.0999984741211,73.55000305175781,74.9000015258789,611
2009-06-30,77.5,77.5,78.19999694824219,73.0999984741211,73.8499984741211,2249
2009-07-01,76.80000305175781,76.80000305175781,78.25,75.55000305175781,77.5,69
2009-07-02,76.9000015258789,76.9000015258789,77.25,76.0,76.3499984741211,0
2009-07-06,86.25,86.25,87.4000015258789,74.05000305175781,74.05000305175781,10
2009-07-07,87.0,87.0,87.5999984741211,86.0,87.0,7
2009-07-08,84.9000015258789,84.9000015258789,88.19999694824219,85.55000305175781,88.19999694824219,21
2009-07-09,89.80000305175781,89.80000305175781,89.80000305175781,89.80000305175781,89.80000305175781,0
2009-07-10,94.5999984741211,94.5999984741211,94.5999984741211,94.5999984741211,94.5999984741211,0
2009-07-13,94.6500015258789,94.6500015258789,94.6500015258789,94.6500015258789,94.6500015258789,2130
2009-07-14,97.80000305175781,97.80000305175781,98.75,93.5,94.55000305175781,2892
2009-07-15,102.8499984741211,102.8499984741211,104.0,97.94999694824219,97.94999694824219,4115
2009-07-16,101.75,101.75,102.5,99.0999984741211,102.5,2699
2009-07-17,103.6500015258789,103.6500015258789,104.8499984741211,101.05000305175781,101.80000305175781,1921
2009-07-20,103.75,103.75,104.44999694824219,101.05000305175781,103.8499984741211,1098
2009-07-21,102.1500015258789,102.1500015258789,103.0,100.30000305175781,103.0,1012
2009-07-22,98.94999694824219,98.94999694824219,101.5,96.8499984741211,101.5,1480
2009-07-23,96.0,96.0,97.94999694824219,94.55000305175781,97.94999694824219,1809
2009-07-24,96.30000305175781,96.30000305175781,96.75,93.94999694824219,95.25,921
2009-07-27,96.0999984741211,96.0999984741211,96.4000015258789,95.0,96.25,815
2009-07-28,94.55000305175781,94.55000305175781,96.30000305175781,94.44999694824219,96.0999984741211,1089
2009-07-29,91.5999984741211,91.5999984741211,94.4000015258789,91.3499984741211,94.4000015258789,1416
2009-07-30,92.9000015258789,92.9000015258789,93.8499984741211,91.25,91.25,1795
2009-07-31,91.30000305175781,91.30000305175781,92.94999694824219,91.19999694824219,92.5999984741211,2345
2009-08-03,89.80000305175781,89.80000305175781,91.69999694824219,89.30000305175781,91.30000305175781,2079
2009-08-04,92.8499984741211,92.8499984741211,96.30000305175781,89.6500015258789,89.8499984741211,1760
2009-08-05,97.55000305175781,97.55000305175781,98.55000305175781,93.0,93.0,2804
2009-08-06,99.94999694824219,99.94999694824219,101.0,98.0,98.0,1525
2009-08-07,101.94999694824219,101.94999694824219,102.5999984741211,98.75,100.0999984741211,1461
2009-08-10,106.80000305175781,106.80000305175781,108.0,101.19999694824219,101.19999694824219,2589
2009-08-11,111.25,111.25,111.5999984741211,106.80000305175781,106.80000305175781,2514
2009-08-12,111.30000305175781,111.30000305175781,112.1500015258789,106.75,110.8499984741211,1770
2009-08-13,109.80000305175781,109.80000305175781,111.6500015258789,108.3499984741211,110.55000305175781,1137
2009-08-14,100.5,100.5,110.4000015258789,99.80000305175781,109.80000305175781,2684
2009-08-17,96.80000305175781,96.80000305175781,103.0,94.5999984741211,100.6500015258789,2970
2009-08-18,95.4000015258789,95.4000015258789,96.80000305175781,94.5999984741211,96.80000305175781,1348
2009-08-19,95.3499984741211,95.3499984741211,95.69999694824219,94.19999694824219,95.0,1348
2009-08-20,95.30000305175781,95.30000305175781,98.19999694824219,94.5,94.5,1022
2009-08-21,95.30000305175781,95.30000305175781,97.25,94.5,94.5,833
2009-08-24,95.05000305175781,95.05000305175781,105.30000305175781,94.0,95.1500015258789,847
2009-08-25,93.75,93.75,96.4000015258789,93.19999694824219,96.1500015258789,949
2009-08-26,92.19999694824219,92.19999694824219,94.25,91.6500015258789,93.1500015258789,892
2009-08-27,91.25,91.25,92.8499984741211,90.5,92.55000305175781,684
2009-08-28,90.69999694824219,90.69999694824219,91.30000305175781,90.05000305175781,91.25,1374
2009-08-31,90.0999984741211,90.0999984741211,90.6500015258789,89.55000305175781,90.6500015258789,337
2009-09-01,91.55000305175781,91.55000305175781,93.19999694824219,90.05000305175781,90.05000305175781,105
2009-09-02,91.55000305175781,91.55000305175781,92.55000305175781,91.25,92.3499984741211,10
2009-09-03,89.8499984741211,89.8499984741211,91.25,89.5,89.5999984741211,14
2009-09-04,90.8499984741211,90.8499984741211,90.5,89.5,89.5,0
2009-09-08,90.0,90.0,91.80000305175781,90.25,91.80000305175781,4
2009-09-09,89.75,89.75,89.4000015258789,88.5,89.4000015258789,6
2009-09-10,89.94999694824219,89.94999694824219,89.9000015258789,88.75,88.75,714
2009-09-11,89.5999984741211,89.5999984741211,90.9000015258789,86.0999984741211,89.80000305175781,1808
2009-09-14,89.9000015258789,89.9000015258789,90.05000305175781,89.30000305175781,89.94999694824219,572
2009-09-15,95.05000305175781,95.05000305175781,95.9000015258789,90.0,90.0,1709
2009-09-16,98.80000305175781,98.80000305175781,99.80000305175781,95.19999694824219,96.0,2015
2009-09-17,102.6500015258789,102.6500015258789,103.5,97.44999694824219,99.0999984741211,2044
2009-09-18,103.6500015258789,103.6500015258789,104.5,100.30000305175781,102.6500015258789,1811
2009-09-21,99.55000305175781,99.55000305175781,101.9000015258789,93.69999694824219,101.9000015258789,1696
2009-09-22,99.0999984741211,99.0999984741211,101.9000015258789,98.1500015258789,99.1500015258789,1437
2009-09-23,97.1500015258789,97.1500015258789,99.94999694824219,96.1500015258789,98.0,959
2009-09-24,92.05000305175781,92.05000305175781,96.55000305175781,91.0,96.1500015258789,1849
2009-09-25,90.9000015258789,90.9000015258789,91.25,90.4000015258789,91.05000305175781,847
2009-09-28,90.75,90.75,91.9000015258789,90.25,91.0999984741211,1076
2009-09-29,91.5999984741211,91.5999984741211,91.9000015258789,90.5999984741211,90.94999694824219,2414
2009-09-30,91.5,91.5,94.0,91.25,91.9000015258789,1375
2009-10-01,92.3499984741211,92.3499984741211,93.30000305175781,91.5,91.5,960
2009-10-02,92.80000305175781,92.80000305175781,93.69999694824219,92.3499984741211,93.19999694824219,939
2009-10-05,93.94999694824219,93.94999694824219,95.0,93.44999694824219,93.44999694824219,831
2009-10-06,93.94999694824219,93.94999694824219,94.9000015258789,92.0,94.5,896
2009-10-07,94.30000305175781,94.30000305175781,94.8499984741211,92.0,93.0,1470
2009-10-08,98.6500015258789,98.6500015258789,99.0,94.0,94.5999984741211,2593
2009-10-09,108.6500015258789,108.6500015258789,108.6500015258789,98.0,98.8499984741211,5921
2009-10-12,112.4000015258789,112.4000015258789,113.25,109.6500015258789,109.6500015258789,3114
2009-10-13,112.9000015258789,112.9000015258789,112.94999694824219,110.1500015258789,112.19999694824219,3318
2009-10-14,112.44999694824219,112.44999694824219,112.8499984741211,109.69999694824219,112.0,1600
2009-10-15,112.75,112.75,113.44999694824219,110.3499984741211,112.55000305175781,1457
2009-10-16,115.44999694824219,115.44999694824219,117.0,111.19999694824219,112.69999694824219,4468
2009-10-19,115.6500015258789,115.6500015258789,117.0,114.05000305175781,114.80000305175781,1927
2009-10-20,116.5,116.5,116.75,115.30000305175781,116.19999694824219,1261
2009-10-21,117.0,117.0,118.19999694824219,115.94999694824219,116.75,2021
2009-10-22,113.5999984741211,113.5999984741211,116.9000015258789,112.6500015258789,116.80000305175781,2334
2009-10-23,110.5999984741211,110.5999984741211,112.8499984741211,110.0,112.5999984741211,1675
2009-10-26,111.30000305175781,111.30000305175781,113.5999984741211,109.4000015258789,110.0,899
2009-10-27,113.30000305175781,113.30000305175781,114.4000015258789,109.8499984741211,111.30000305175781,869
2009-10-28,112.05000305175781,112.05000305175781,113.0,111.19999694824219,113.0,379
2009-10-29,113.1500015258789,113.1500015258789,114.0,111.0999984741211,111.5,2121
2009-10-30,111.3499984741211,111.3499984741211,113.6500015258789,111.0,113.3499984741211,1318
2009-11-02,107.1500015258789,107.1500015258789,111.75,106.9000015258789,111.0,348
2009-11-03,107.75,107.75,108.55000305175781,106.9000015258789,106.9000015258789,49
2009-11-04,110.6500015258789,110.6500015258789,111.5,110.05000305175781,110.05000305175781,5
2009-11-05,111.19999694824219,111.19999694824219,111.25,110.6500015258789,110.6500015258789,36
2009-11-06,111.5999984741211,111.5999984741211,112.1500015258789,111.25,111.30000305175781,31
2009-11-09,112.0999984741211,112.0999984741211,113.0,112.75,113.0,493
2009-11-10,115.19999694824219,115.19999694824219,116.75,113.25,115.5,695
2009-11-11,116.0,116.0,116.30000305175781,114.44999694824219,115.5,459
2009-11-12,117.4000015258789,117.4000015258789,118.0,115.30000305175781,115.94999694824219,986
2009-11-13,116.25,116.25,118.80000305175781,114.5,117.80000305175781,1424
2009-11-16,113.19999694824219,113.19999694824219,115.6500015258789,112.75,115.6500015258789,1146
2009-11-17,112.4000015258789,112.4000015258789,115.5,111.6500015258789,112.75,995
2009-11-18,112.8499984741211,112.8499984741211,113.6500015258789,111.25,112.30000305175781,587
2009-11-19,113.94999694824219,113.94999694824219,115.44999694824219,113.0,113.0,611
2009-11-20,112.6500015258789,112.6500015258789,114.30000305175781,111.75,114.25,915
2009-11-23,111.5999984741211,111.5999984741211,114.5999984741211,111.5,113.44999694824219,669
2009-11-24,112.05000305175781,112.05000305175781,113.8499984741211,110.8499984741211,111.69999694824219,837
2009-11-25,114.25,114.25,114.8499984741211,112.05000305175781,112.05000305175781,0
2009-11-27,117.9000015258789,117.9000015258789,121.0,113.0,113.9000015258789,1583
2009-11-30,119.30000305175781,119.30000305175781,119.5999984741211,116.55000305175781,118.1500015258789,2566
2009-12-01,120.30000305175781,120.30000305175781,120.4000015258789,118.75,119.5999984741211,1872
2009-12-02,121.30000305175781,121.30000305175781,123.05000305175781,120.0,120.30000305175781,2132
2009-12-03,123.5,123.5,124.0,121.0,123.0,1300
2009-12-04,123.3499984741211,123.3499984741211,124.5,122.5,124.0,955
2009-12-07,126.5,126.5,127.75,121.3499984741211,122.5,1571
2009-12-08,125.25,125.25,127.19999694824219,124.80000305175781,127.0,2581
2009-12-09,126.5,126.5,127.25,124.94999694824219,125.25,698
2009-12-10,126.3499984741211,126.3499984741211,127.0,124.25,126.0,1637
2009-12-11,126.8499984741211,126.8499984741211,128.0500030517578,124.8499984741211,126.05000305175781,1464
2009-12-14,132.89999389648438,132.89999389648438,134.35000610351562,126.8499984741211,126.9000015258789,2186
2009-12-15,130.75,130.75,133.25,130.10000610351562,132.89999389648438,1597
2009-12-16,128.85000610351562,128.85000610351562,130.75,126.69999694824219,130.3000030517578,1746
2009-12-17,128.89999389648438,128.89999389648438,129.0500030517578,126.8499984741211,128.0,2852
2009-12-18,130.4499969482422,130.4499969482422,131.14999389648438,128.5,129.1999969482422,3444
2009-12-21,135.9499969482422,135.9499969482422,138.0,129.6999969482422,129.6999969482422,1865
2009-12-22,132.85000610351562,132.85000610351562,137.14999389648438,129.0,135.9499969482422,1373
2009-12-23,132.25,132.25,132.35000610351562,129.5,132.35000610351562,266
2009-12-24,131.89999389648438,131.89999389648438,134.10000610351562,131.5,131.6999969482422,0
2009-12-28,135.39999389648438,135.39999389648438,135.60000610351562,130.5,130.5,722
2009-12-29,137.4499969482422,137.4499969482422,138.5,134.0,134.60000610351562,519
2009-12-30,132.8000030517578,132.8000030517578,138.5,132.64999389648438,137.60000610351562,371
2009-12-31,124.0,124.0,132.39999389648438,124.0,132.39999389648438,0
2010-01-04,128.5500030517578,128.5500030517578,135.75,127.5,127.5,118
2010-01-05,138.5,138.5,141.0,129.5,129.5,193
2010-01-06,139.0,139.0,146.0,138.5,141.0,43
2010-01-07,138.4499969482422,138.4499969482422,139.25,136.0,139.0,23
2010-01-08,146.6999969482422,146.6999969482422,143.5,143.5,143.5,2623
2010-01-11,131.85000610351562,131.85000610351562,146.39999389648438,131.14999389648438,144.0,7663
2010-01-12,136.39999389648438,136.39999389648438,138.6999969482422,132.10000610351562,132.10000610351562,2084
2010-01-13,132.6999969482422,132.6999969482422,137.75,132.14999389648438,135.39999389648438,1906
2010-01-14,132.9499969482422,132.9499969482422,136.5500030517578,132.3000030517578,133.0500030517578,1087
2010-01-15,131.75,131.75,135.0,129.35000610351562,132.5,1063
2010-01-19,133.35000610351562,133.35000610351562,133.89999389648438,129.0,131.0,1303
2010-01-20,135.8000030517578,135.8000030517578,136.5,132.0,133.0,1354
2010-01-21,136.75,136.75,141.0,135.3000030517578,136.0500030517578,1782
2010-01-22,138.64999389648438,138.64999389648438,139.0,136.6999969482422,137.75,1191
2010-01-25,142.0500030517578,142.0500030517578,144.64999389648438,137.9499969482422,138.89999389648438,984
2010-01-26,142.85000610351562,142.85000610351562,144.0,140.8000030517578,142.0,637
2010-01-27,146.14999389648438,146.14999389648438,147.0500030517578,142.85000610351562,142.85000610351562,1225
2010-01-28,143.3000030517578,143.3000030517578,147.8000030517578,142.5500030517578,145.89999389648438,1188
2010-01-29,136.10000610351562,136.10000610351562,144.14999389648438,135.5500030517578,143.3000030517578,2116
2010-02-01,137.1999969482422,137.1999969482422,138.5,134.5,136.10000610351562,1444
2010-02-02,138.85000610351562,138.85000610351562,143.8000030517578,137.1999969482422,137.1999969482422,1255
2010-02-03,139.60000610351562,139.60000610351562,140.60000610351562,137.5,140.0,819
2010-02-04,137.25,137.25,140.14999389648438,137.0500030517578,139.60000610351562,1310
2010-02-05,133.9499969482422,133.9499969482422,138.8000030517578,133.39999389648438,137.14999389648438,2083
2010-02-08,134.25,134.25,137.3000030517578,133.5,133.89999389648438,1210
2010-02-09,137.64999389648438,137.64999389648438,143.0,133.0,134.1999969482422,2204
2010-02-10,136.9499969482422,136.9499969482422,139.6999969482422,136.10000610351562,137.85000610351562,589
2010-02-11,134.3000030517578,134.3000030517578,137.39999389648438,133.39999389648438,137.0500030517578,1244
2010-02-12,135.35000610351562,135.35000610351562,136.4499969482422,134.0,134.0,1488
2010-02-16,138.3000030517578,138.3000030517578,139.1999969482422,136.0,136.0,2111
2010-02-17,137.89999389648438,137.89999389648438,139.0,137.25,137.25,2186
2010-02-18,138.3000030517578,138.3000030517578,138.85000610351562,136.6999969482422,137.9499969482422,2843
2010-02-19,136.6999969482422,136.6999969482422,138.5,135.25,138.5,2246
2010-02-22,136.14999389648438,136.14999389648438,137.85000610351562,135.85000610351562,136.60000610351562,1060
2010-02-23,138.25,138.25,138.75,135.3000030517578,135.3000030517578,3073
2010-02-24,137.3000030517578,137.3000030517578,140.3000030517578,137.0,138.5,1194
2010-02-25,138.35000610351562,138.35000610351562,138.9499969482422,137.5500030517578,137.5500030517578,1216
2010-02-26,143.64999389648438,143.64999389648438,143.64999389648438,137.8000030517578,137.8000030517578,1089
2010-03-01,150.60000610351562,150.60000610351562,151.0500030517578,143.60000610351562,143.60000610351562,107
2010-03-02,151.14999389648438,151.14999389648438,152.14999389648438,150.0,151.0,177
2010-03-03,151.25,151.25,151.75,151.0,151.14999389648438,22
2010-03-04,152.1999969482422,152.1999969482422,152.5,151.0,151.0,12
2010-03-05,152.6999969482422,152.6999969482422,152.8000030517578,151.5,151.5,10
2010-03-08,150.89999389648438,150.89999389648438,153.64999389648438,149.75,153.64999389648438,17
2010-03-09,149.14999389648438,149.14999389648438,151.35000610351562,148.25,151.35000610351562,22
2010-03-10,149.5500030517578,149.5500030517578,150.25,150.10000610351562,150.10000610351562,5
2010-03-11,153.10000610351562,153.10000610351562,152.5,152.1999969482422,152.5,876
2010-03-12,151.85000610351562,151.85000610351562,152.5500030517578,150.0500030517578,150.10000610351562,676
2010-03-15,151.64999389648438,151.64999389648438,151.9499969482422,147.64999389648438,151.75,1360
2010-03-16,150.39999389648438,150.39999389648438,151.3000030517578,149.75,151.3000030517578,530
2010-03-17,148.5,148.5,150.25,147.3000030517578,150.25,943
2010-03-18,144.10000610351562,144.10000610351562,148.25,141.89999389648438,147.25,2216
2010-03-19,145.5500030517578,145.5500030517578,146.6999969482422,143.35000610351562,144.0,955
2010-03-22,144.5500030517578,144.5500030517578,146.0,143.0500030517578,146.0,660
2010-03-23,142.5,142.5,145.25,141.5500030517578,144.8000030517578,1197
2010-03-24,142.10000610351562,142.10000610351562,143.10000610351562,138.39999389648438,142.5,1748
2010-03-25,141.14999389648438,141.14999389648438,142.64999389648438,140.6999969482422,142.10000610351562,632
2010-03-26,136.1999969482422,136.1999969482422,141.39999389648438,135.75,141.39999389648438,2402
2010-03-29,135.0,135.0,138.0,134.3000030517578,136.0,1453
2010-03-30,135.39999389648438,135.39999389648438,136.9499969482422,134.85000610351562,135.5,1289
2010-03-31,135.3000030517578,135.3000030517578,135.8000030517578,134.85000610351562,135.75,1258
2010-04-01,135.35000610351562,135.35000610351562,135.8000030517578,134.5500030517578,135.3000030517578,0
2010-04-05,135.6999969482422,135.6999969482422,136.60000610351562,135.0,135.4499969482422,1732
2010-04-06,133.39999389648438,133.39999389648438,136.5500030517578,128.60000610351562,135.8000030517578,2639
2010-04-07,130.35000610351562,130.35000610351562,133.3000030517578,129.5,133.25,3091
2010-04-08,126.5,126.5,131.6999969482422,126.05000305175781,129.9499969482422,3060
2010-04-09,129.8000030517578,129.8000030517578,130.0,126.69999694824219,127.5,0
2010-04-12,130.39999389648438,130.39999389648438,131.0,129.0500030517578,131.0,2233
2010-04-13,130.6999969482422,130.6999969482422,133.0500030517578,129.89999389648438,130.5,1862
2010-04-14,130.89999389648438,130.89999389648438,132.25,130.75,130.89999389648438,2474
2010-04-15,131.0,131.0,131.60000610351562,130.4499969482422,130.75,1089
2010-04-16,130.3000030517578,130.3000030517578,131.85000610351562,129.75,130.8000030517578,1503
2010-04-19,133.1999969482422,133.1999969482422,133.6999969482422,130.3000030517578,130.60000610351562,1316
2010-04-20,136.9499969482422,136.9499969482422,137.64999389648438,132.5500030517578,132.8000030517578,1379
2010-04-21,137.60000610351562,137.60000610351562,137.60000610351562,136.5,136.9499969482422,848
2010-04-22,132.85000610351562,132.85000610351562,137.5,131.4499969482422,137.5,1449
2010-04-23,134.35000610351562,134.35000610351562,135.89999389648438,130.35000610351562,134.0,2934
2010-04-26,134.85000610351562,134.85000610351562,135.5,134.14999389648438,134.39999389648438,610
2010-04-27,134.39999389648438,134.39999389648438,134.5500030517578,133.3000030517578,134.35000610351562,300
2010-04-28,134.89999389648438,134.89999389648438,137.0,134.14999389648438,134.39999389648438,408
2010-04-29,134.35000610351562,134.35000610351562,136.0500030517578,134.0,134.0,643
2010-04-30,134.35000610351562,134.35000610351562,136.1999969482422,134.0,134.35000610351562,1288
2010-05-03,134.39999389648438,134.39999389648438,136.35000610351562,134.0500030517578,135.1999969482422,258
2010-05-04,134.35000610351562,134.35000610351562,136.60000610351562,134.0500030517578,135.89999389648438,151
2010-05-05,133.25,133.25,135.0,133.10000610351562,135.0,242
2010-05-06,132.1999969482422,132.1999969482422,133.4499969482422,132.0,133.0500030517578,109
2010-05-07,132.5,132.5,133.0,132.0500030517578,133.0,58
2010-05-10,137.0500030517578,137.0500030517578,138.0,136.0,136.0,2403
2010-05-11,141.85000610351562,141.85000610351562,142.14999389648438,137.75,137.75,1805
2010-05-12,140.9499969482422,140.9499969482422,142.5,140.35000610351562,142.1999969482422,1148
2010-05-13,142.9499969482422,142.9499969482422,143.35000610351562,140.9499969482422,140.9499969482422,776
2010-05-14,142.60000610351562,142.60000610351562,145.0,141.4499969482422,142.4499969482422,1968
2010-05-17,142.85000610351562,142.85000610351562,144.0500030517578,141.8000030517578,142.1999969482422,645
2010-05-18,144.5,144.5,144.9499969482422,142.25,143.1999969482422,834
2010-05-19,146.3000030517578,146.3000030517578,147.39999389648438,143.60000610351562,144.5,1495
2010-05-20,145.25,145.25,147.0,144.10000610351562,146.14999389648438,792
2010-05-21,146.6999969482422,146.6999969482422,147.0,144.60000610351562,145.25,943
2010-05-24,144.89999389648438,144.89999389648438,146.0500030517578,141.8000030517578,146.0500030517578,1523
2010-05-25,139.39999389648438,139.39999389648438,143.5,137.85000610351562,143.5,2219
2010-05-26,139.60000610351562,139.60000610351562,140.89999389648438,138.14999389648438,140.10000610351562,1649
2010-05-27,141.1999969482422,141.1999969482422,142.0,139.25,140.0,983
2010-05-28,142.89999389648438,142.89999389648438,144.1999969482422,142.0,142.1999969482422,1521
2010-06-01,138.9499969482422,138.9499969482422,142.0,136.75,142.0,2638
2010-06-02,139.5500030517578,139.5500030517578,141.0,138.0500030517578,139.5,1385
2010-06-03,139.4499969482422,139.4499969482422,140.60000610351562,138.5500030517578,139.5500030517578,1011
2010-06-04,136.1999969482422,136.1999969482422,138.9499969482422,135.89999389648438,138.85000610351562,1329
2010-06-07,136.75,136.75,138.1999969482422,133.5,136.1999969482422,1841
2010-06-08,138.3000030517578,138.3000030517578,139.9499969482422,135.4499969482422,135.4499969482422,2043
2010-06-09,137.85000610351562,137.85000610351562,138.6999969482422,137.60000610351562,138.3000030517578,1486
2010-06-10,140.25,140.25,141.0,136.89999389648438,137.89999389648438,2026
2010-06-11,141.64999389648438,141.64999389648438,143.35000610351562,140.25,140.89999389648438,1834
2010-06-14,143.64999389648438,143.64999389648438,145.10000610351562,141.75,142.39999389648438,2212
2010-06-15,143.14999389648438,143.14999389648438,143.8000030517578,142.0,143.60000610351562,1321
2010-06-16,142.6999969482422,142.6999969482422,143.5,141.5,143.14999389648438,910
2010-06-17,142.25,142.25,143.8000030517578,142.10000610351562,142.6999969482422,1754
2010-06-18,142.5,142.5,144.9499969482422,142.10000610351562,142.14999389648438,1354
2010-06-21,140.5,140.5,143.5,139.5,142.64999389648438,1518
2010-06-22,139.9499969482422,139.9499969482422,142.85000610351562,139.75,139.75,1299
2010-06-23,140.75,140.75,142.10000610351562,139.75,139.9499969482422,1055
2010-06-24,141.60000610351562,141.60000610351562,142.0,139.75,140.75,727
2010-06-25,142.89999389648438,142.89999389648438,144.89999389648438,141.0,141.10000610351562,733
2010-06-28,142.5,142.5,143.89999389648438,141.0500030517578,143.3000030517578,393
2010-06-29,143.5,143.5,144.5,141.10000610351562,142.6999969482422,140
2010-06-30,148.25,148.25,148.5,143.5,143.60000610351562,207
2010-07-01,149.64999389648438,149.64999389648438,149.25,148.10000610351562,148.14999389648438,237
2010-07-02,151.1999969482422,151.1999969482422,150.60000610351562,149.64999389648438,149.64999389648438,0
2010-07-06,147.35000610351562,147.35000610351562,151.9499969482422,146.0,151.5,204
2010-07-07,145.75,145.75,146.5,145.0500030517578,146.5,60
2010-07-08,138.14999389648438,138.14999389648438,142.5,140.5,142.0,24
2010-07-09,137.5,137.5,139.5,138.75,138.85000610351562,28
2010-07-12,138.35000610351562,138.35000610351562,140.3000030517578,139.3000030517578,140.3000030517578,1141
2010-07-13,141.64999389648438,141.64999389648438,142.1999969482422,138.0,138.0,1189
2010-07-14,138.85000610351562,138.85000610351562,142.85000610351562,137.8000030517578,142.1999969482422,1553
2010-07-15,138.10000610351562,138.10000610351562,139.9499969482422,136.3000030517578,138.85000610351562,1381
2010-07-16,140.14999389648438,140.14999389648438,140.89999389648438,135.4499969482422,137.5,1454
2010-07-19,141.25,141.25,143.5,138.89999389648438,140.14999389648438,1211
2010-07-20,141.85000610351562,141.85000610351562,142.4499969482422,141.10000610351562,142.0,408
2010-07-21,143.39999389648438,143.39999389648438,143.4499969482422,141.89999389648438,142.3000030517578,766
2010-07-22,144.0500030517578,144.0500030517578,144.4499969482422,141.0,143.0,880
2010-07-23,145.64999389648438,145.64999389648438,145.75,144.0500030517578,144.0500030517578,928
2010-07-26,145.8000030517578,145.8000030517578,146.8000030517578,143.10000610351562,145.35000610351562,1297
2010-07-27,146.6999969482422,146.6999969482422,147.6999969482422,145.5500030517578,146.85000610351562,1524
2010-07-28,145.5,145.5,146.89999389648438,144.75,146.6999969482422,1013
2010-07-29,146.1999969482422,146.1999969482422,147.4499969482422,144.75,145.0500030517578,1076
2010-07-30,146.60000610351562,146.60000610351562,147.0500030517578,144.1999969482422,146.1999969482422,1298
2010-08-02,148.3000030517578,148.3000030517578,148.6999969482422,145.9499969482422,146.89999389648438,1331
2010-08-03,148.1999969482422,148.1999969482422,149.5,147.39999389648438,148.64999389648438,1244
2010-08-04,144.8000030517578,144.8000030517578,148.3000030517578,144.0,147.85000610351562,1596
2010-08-05,145.9499969482422,145.9499969482422,146.14999389648438,144.5,144.5500030517578,675
2010-08-06,144.0,144.0,146.0500030517578,143.4499969482422,145.64999389648438,0
2010-08-09,144.25,144.25,145.25,143.0500030517578,143.35000610351562,1419
2010-08-10,138.9499969482422,138.9499969482422,143.8000030517578,138.64999389648438,143.8000030517578,2304
2010-08-11,138.0500030517578,138.0500030517578,140.35000610351562,135.64999389648438,138.60000610351562,3175
2010-08-12,138.5,138.5,139.1999969482422,136.0,138.0500030517578,3505
2010-08-13,137.9499969482422,137.9499969482422,139.0,136.5,139.0,1254
2010-08-16,134.5,134.5,138.6999969482422,132.9499969482422,138.4499969482422,2230
2010-08-17,136.85000610351562,136.85000610351562,137.75,133.39999389648438,136.0,1877
2010-08-18,135.5500030517578,135.5500030517578,137.75,135.1999969482422,136.8000030517578,1296
2010-08-19,134.3000030517578,134.3000030517578,136.6999969482422,134.0,135.5500030517578,1410
2010-08-20,134.8000030517578,134.8000030517578,135.5,134.0,134.9499969482422,1158
2010-08-23,133.75,133.75,135.4499969482422,132.89999389648438,134.39999389648438,826
2010-08-24,136.5500030517578,136.5500030517578,139.64999389648438,133.0,133.5,1641
2010-08-25,136.35000610351562,136.35000610351562,137.25,135.5,136.85000610351562,1096
2010-08-26,134.10000610351562,134.10000610351562,137.25,132.9499969482422,136.39999389648438,1129
2010-08-27,134.5,134.5,135.9499969482422,133.75,134.39999389648438,450
2010-08-30,137.60000610351562,137.60000610351562,137.85000610351562,133.8000030517578,134.3000030517578,1206
2010-08-31,137.60000610351562,137.60000610351562,137.8000030517578,135.85000610351562,137.39999389648438,998
2010-09-01,142.0,142.0,143.0,137.0,137.0,499
2010-09-02,142.39999389648438,142.39999389648438,143.0,141.0,143.0,17
2010-09-03,139.0500030517578,139.0500030517578,142.75,138.10000610351562,142.35000610351562,0
2010-09-07,142.0500030517578,142.0500030517578,143.0,142.5500030517578,142.5500030517578,8
2010-09-08,142.5500030517578,142.5500030517578,143.0,142.0,142.0,24
2010-09-09,150.10000610351562,150.10000610351562,147.5,143.35000610351562,143.35000610351562,13
2010-09-10,147.64999389648438,147.64999389648438,148.35000610351562,147.5,147.5,2006
2010-09-13,146.0500030517578,146.0500030517578,146.89999389648438,144.35000610351562,145.0,1115
2010-09-14,146.5,146.5,147.25,144.35000610351562,146.3000030517578,923
2010-09-15,148.10000610351562,148.10000610351562,148.14999389648438,146.0,146.0,2274
2010-09-16,148.39999389648438,148.39999389648438,148.8000030517578,147.10000610351562,148.5,1152
2010-09-17,149.89999389648438,149.89999389648438,150.3000030517578,145.0,148.5,1499
2010-09-20,150.39999389648438,150.39999389648438,151.0,149.0,149.60000610351562,1473
2010-09-21,159.6999969482422,159.6999969482422,160.39999389648438,150.39999389648438,150.39999389648438,4316
2010-09-22,162.3000030517578,162.3000030517578,165.6999969482422,159.60000610351562,159.75,3797
2010-09-23,157.10000610351562,157.10000610351562,163.89999389648438,154.8000030517578,163.5,2023
2010-09-24,158.1999969482422,158.1999969482422,158.5,154.3000030517578,158.0,1080
2010-09-27,158.5500030517578,158.5500030517578,159.39999389648438,156.3000030517578,159.0,1029
2010-09-28,155.85000610351562,155.85000610351562,159.39999389648438,155.0,158.8000030517578,1077
2010-09-29,152.25,152.25,155.5,148.1999969482422,155.5,1643
2010-09-30,156.9499969482422,156.9499969482422,157.4499969482422,150.5500030517578,152.8000030517578,1522
2010-10-01,155.64999389648438,155.64999389648438,157.8000030517578,154.5,156.75,999
2010-10-04,154.64999389648438,154.64999389648438,155.85000610351562,153.5500030517578,155.3000030517578,946
2010-10-05,158.5,158.5,164.0,154.10000610351562,154.10000610351562,3726
2010-10-06,150.4499969482422,150.4499969482422,160.85000610351562,148.5500030517578,158.75,2393
2010-10-07,151.1999969482422,151.1999969482422,152.9499969482422,149.25,150.0,898
2010-10-08,153.75,153.75,156.64999389648438,149.4499969482422,150.0500030517578,2242
2010-10-11,150.0500030517578,150.0500030517578,153.85000610351562,149.5,153.8000030517578,1502
2010-10-12,150.6999969482422,150.6999969482422,153.39999389648438,149.5500030517578,152.60000610351562,2127
2010-10-13,148.39999389648438,148.39999389648438,152.39999389648438,145.5,150.35000610351562,1614
2010-10-14,141.10000610351562,141.10000610351562,148.60000610351562,140.89999389648438,147.9499969482422,3096
2010-10-15,145.85000610351562,145.85000610351562,146.85000610351562,141.60000610351562,141.60000610351562,4792
2010-10-18,147.0,147.0,147.4499969482422,143.8000030517578,145.4499969482422,1848
2010-10-19,148.5500030517578,148.5500030517578,151.3000030517578,145.5,146.5,2782
2010-10-20,146.4499969482422,146.4499969482422,149.6999969482422,145.1999969482422,148.75,1258
2010-10-21,144.89999389648438,144.89999389648438,148.1999969482422,144.3000030517578,146.39999389648438,2346
2010-10-22,147.75,147.75,151.39999389648438,144.5,144.89999389648438,2287
2010-10-25,149.25,149.25,149.75,147.75,148.35000610351562,1402
2010-10-26,149.89999389648438,149.89999389648438,151.5,148.25,148.60000610351562,666
2010-10-27,152.10000610351562,152.10000610351562,153.14999389648438,150.0,150.0,771
2010-10-28,156.3000030517578,156.3000030517578,156.75,151.10000610351562,151.6999969482422,1025
2010-10-29,161.6999969482422,161.6999969482422,161.9499969482422,155.64999389648438,156.1999969482422,512
2010-11-01,160.39999389648438,160.39999389648438,161.75,157.0,161.75,45
2010-11-02,165.5,165.5,165.10000610351562,163.3000030517578,163.3000030517578,7
2010-11-03,165.39999389648438,165.39999389648438,165.89999389648438,165.89999389648438,165.89999389648438,11
2010-11-04,165.64999389648438,165.64999389648438,164.39999389648438,162.89999389648438,163.5,66
2010-11-05,162.25,162.25,163.8000030517578,162.10000610351562,163.8000030517578,29
2010-11-08,158.85000610351562,158.85000610351562,160.10000610351562,159.3000030517578,159.8000030517578,0
2010-11-09,161.5500030517578,161.5500030517578,161.5500030517578,161.5500030517578,161.5500030517578,951
2010-11-10,158.0,158.0,161.0,155.35000610351562,160.75,968
2010-11-11,156.39999389648438,156.39999389648438,158.1999969482422,154.60000610351562,157.75,779
2010-11-12,156.0,156.0,156.25,152.14999389648438,155.75,2208
2010-11-15,157.5,157.5,158.25,153.75,156.0,597
2010-11-16,152.64999389648438,152.64999389648438,157.5,151.5500030517578,156.85000610351562,1269
2010-11-17,151.9499969482422,151.9499969482422,153.14999389648438,151.14999389648438,152.64999389648438,1067
2010-11-18,152.85000610351562,152.85000610351562,153.0,151.10000610351562,151.9499969482422,1023
2010-11-19,151.64999389648438,151.64999389648438,152.85000610351562,151.3000030517578,152.85000610351562,554
2010-11-22,153.6999969482422,153.6999969482422,156.0,150.5500030517578,151.64999389648438,1269
2010-11-23,152.5500030517578,152.5500030517578,155.8000030517578,151.6999969482422,154.10000610351562,561
2010-11-24,152.5500030517578,152.5500030517578,153.6999969482422,150.3000030517578,152.3000030517578,0
2010-11-26,151.35000610351562,151.35000610351562,153.60000610351562,151.0,153.60000610351562,764
2010-11-29,150.1999969482422,150.1999969482422,153.89999389648438,149.3000030517578,151.0,2045
2010-11-30,149.1999969482422,149.1999969482422,151.5,149.0,150.39999389648438,1614
2010-12-01,152.75,152.75,157.89999389648438,149.10000610351562,149.1999969482422,2446
2010-12-02,155.4499969482422,155.4499969482422,158.0,152.8000030517578,152.89999389648438,1613
2010-12-03,156.8000030517578,156.8000030517578,157.5500030517578,155.5,156.25,1355
2010-12-06,164.4499969482422,164.4499969482422,166.6999969482422,157.5500030517578,157.5500030517578,5221
2010-12-07,160.6999969482422,160.6999969482422,164.3000030517578,159.60000610351562,164.3000030517578,2490
2010-12-08,166.0,166.0,170.25,158.5,161.0,2016
2010-12-09,162.4499969482422,162.4499969482422,166.5,162.10000610351562,166.0,2291
2010-12-10,160.60000610351562,160.60000610351562,164.0,160.1999969482422,164.0,1768
2010-12-13,166.9499969482422,166.9499969482422,170.60000610351562,165.5,170.60000610351562,2292
2010-12-14,160.0500030517578,160.0500030517578,167.4499969482422,159.0500030517578,166.0,3271
2010-12-15,156.0,156.0,158.64999389648438,153.5,156.89999389648438,5573
2010-12-16,156.14999389648438,156.14999389648438,157.4499969482422,155.5500030517578,156.0,2110
2010-12-17,156.60000610351562,156.60000610351562,156.9499969482422,156.0500030517578,156.5,2685
2010-12-20,158.5,158.5,166.5500030517578,156.35000610351562,157.0,2013
2010-12-21,161.9499969482422,161.9499969482422,162.75,156.60000610351562,157.6999969482422,3217
2010-12-22,167.64999389648438,167.64999389648438,168.39999389648438,161.6999969482422,162.89999389648438,1958
2010-12-23,169.10000610351562,169.10000610351562,170.39999389648438,167.75,167.8000030517578,504
2010-12-27,174.0,174.0,175.9499969482422,168.8000030517578,169.75,483
2010-12-28,170.3000030517578,170.3000030517578,174.0,169.10000610351562,174.0,862
2010-12-29,170.5,170.5,173.0,169.75,170.0500030517578,680
2010-12-30,170.25,170.25,171.0,166.0500030517578,170.0,456
2010-12-31,172.35000610351562,172.35000610351562,175.0,170.0500030517578,172.89999389648438,456
2011-01-03,180.3000030517578,180.3000030517578,182.25,169.0,169.0,148
2011-01-04,177.5500030517578,177.5500030517578,187.0,177.1999969482422,185.0,0
2011-01-05,181.9499969482422,181.9499969482422,181.9499969482422,181.9499969482422,181.9499969482422,26
2011-01-06,183.35000610351562,183.35000610351562,186.0,185.0,185.0,42
2011-01-07,188.60000610351562,188.60000610351562,190.0,183.35000610351562,183.35000610351562,0
2011-01-10,185.5500030517578,185.5500030517578,185.5500030517578,185.5500030517578,185.5500030517578,863
2011-01-11,178.9499969482422,178.9499969482422,179.75,177.1999969482422,179.0500030517578,965
2011-01-12,177.8000030517578,177.8000030517578,180.0,176.0,178.0,1017
2011-01-13,172.5,172.5,175.0500030517578,171.75,175.0500030517578,1509
2011-01-14,173.0500030517578,173.0500030517578,175.5,171.60000610351562,172.5,0
2011-01-18,175.39999389648438,175.39999389648438,176.5500030517578,172.60000610351562,172.64999389648438,818
2011-01-19,175.0,175.0,176.5,173.5,173.5,1200
2011-01-20,176.0,176.0,176.9499969482422,172.10000610351562,175.0,1046
2011-01-21,174.0,174.0,176.9499969482422,172.60000610351562,176.8000030517578,1286
2011-01-24,170.8000030517578,170.8000030517578,174.5,169.0,173.89999389648438,1611
2011-01-25,170.64999389648438,170.64999389648438,171.4499969482422,169.1999969482422,171.4499969482422,1353
2011-01-26,167.14999389648438,167.14999389648438,171.10000610351562,166.39999389648438,171.0,1450
2011-01-27,167.0500030517578,167.0500030517578,167.1999969482422,166.0,167.0500030517578,948
2011-01-28,165.89999389648438,165.89999389648438,167.5,165.39999389648438,167.14999389648438,1130
2011-01-31,168.5500030517578,168.5500030517578,169.10000610351562,164.0,166.35000610351562,2037
2011-02-01,169.5500030517578,169.5500030517578,170.3000030517578,167.39999389648438,168.60000610351562,1332
2011-02-02,169.89999389648438,169.89999389648438,174.5,169.4499969482422,170.3000030517578,1528
2011-02-03,172.35000610351562,172.35000610351562,173.14999389648438,169.0,170.0,862
2011-02-04,172.60000610351562,172.60000610351562,173.35000610351562,171.0,172.3000030517578,621
2011-02-07,172.5,172.5,175.5,170.60000610351562,173.3000030517578,1148
2011-02-08,170.64999389648438,170.64999389648438,171.75,169.6999969482422,170.75,1017
2011-02-09,167.4499969482422,167.4499969482422,171.85000610351562,165.0,171.0,2345
2011-02-10,165.25,165.25,169.10000610351562,164.6999969482422,168.75,2123
2011-02-11,165.25,165.25,166.4499969482422,162.35000610351562,165.75,2579
2011-02-14,168.3000030517578,168.3000030517578,170.0,166.0500030517578,166.60000610351562,1758
2011-02-15,167.35000610351562,167.35000610351562,168.75,167.0500030517578,168.35000610351562,1180
2011-02-16,174.60000610351562,174.60000610351562,175.3000030517578,167.39999389648438,167.5500030517578,2040
2011-02-17,174.64999389648438,174.64999389648438,175.8000030517578,172.5,175.4499969482422,3057
2011-02-18,178.1999969482422,178.1999969482422,178.5500030517578,174.3000030517578,175.0,0
2011-02-22,180.3000030517578,180.3000030517578,182.5500030517578,175.39999389648438,178.0,1213
2011-02-23,179.3000030517578,179.3000030517578,180.75,178.0,179.0,948
2011-02-24,183.5500030517578,183.5500030517578,185.0,177.64999389648438,177.85000610351562,1157
2011-02-25,183.35000610351562,183.35000610351562,184.39999389648438,179.8000030517578,183.0,675
2011-02-28,179.9499969482422,179.9499969482422,181.39999389648438,178.5,181.35000610351562,881
2011-03-01,180.64999389648438,180.64999389648438,182.14999389648438,180.0,180.9499969482422,194
2011-03-02,180.39999389648438,180.39999389648438,181.0,179.5,180.9499969482422,122
2011-03-03,178.3000030517578,178.3000030517578,180.25,177.25,179.5,1258
2011-03-04,175.25,175.25,177.0,176.5,177.0,8
2011-03-07,177.6999969482422,177.6999969482422,179.25,175.0,175.0,9
2011-03-08,178.6999969482422,178.6999969482422,180.0500030517578,178.0,178.0,275
2011-03-09,176.1999969482422,176.1999969482422,178.64999389648438,177.0,177.0,107
2011-03-10,172.4499969482422,172.4499969482422,174.1999969482422,170.5,174.1999969482422,26
2011-03-11,168.60000610351562,168.60000610351562,168.5500030517578,168.5,168.5500030517578,894
2011-03-14,168.9499969482422,168.9499969482422,170.0500030517578,167.0500030517578,168.0,806
2011-03-15,167.1999969482422,167.1999969482422,169.6999969482422,167.0,168.0,591
2011-03-16,165.5500030517578,165.5500030517578,167.1999969482422,165.10000610351562,167.1999969482422,1219
2011-03-17,164.85000610351562,164.85000610351562,166.5,162.6999969482422,165.5500030517578,1967
2011-03-18,163.4499969482422,163.4499969482422,165.39999389648438,163.25,165.25,1057
2011-03-21,158.0500030517578,158.0500030517578,167.0,157.60000610351562,163.60000610351562,4337
2011-03-22,158.1999969482422,158.1999969482422,159.0,153.10000610351562,158.0,2635
2011-03-23,159.5,159.5,160.5,157.35000610351562,158.5,1198
2011-03-24,161.8000030517578,161.8000030517578,162.5,159.8000030517578,160.5,1198
2011-03-25,162.4499969482422,162.4499969482422,163.1999969482422,161.3000030517578,162.25,979
2011-03-28,162.5,162.5,164.39999389648438,159.5500030517578,162.39999389648438,1187
2011-03-29,161.64999389648438,161.64999389648438,162.60000610351562,160.39999389648438,162.60000610351562,550
2011-03-30,161.5,161.5,162.35000610351562,159.14999389648438,161.0,1537
2011-03-31,162.8000030517578,162.8000030517578,164.5,161.60000610351562,161.60000610351562,1413
2011-04-01,162.89999389648438,162.89999389648438,164.0,162.1999969482422,162.39999389648438,1134
2011-04-04,165.1999969482422,165.1999969482422,165.6999969482422,162.64999389648438,162.64999389648438,2197
2011-04-05,166.0,166.0,166.5,164.8000030517578,164.8000030517578,1120
2011-04-06,164.0500030517578,164.0500030517578,166.3000030517578,163.10000610351562,166.0,871
2011-04-07,165.1999969482422,165.1999969482422,166.0,164.5500030517578,165.0500030517578,961
2011-04-08,166.75,166.75,167.10000610351562,163.60000610351562,165.5500030517578,1819
2011-04-11,169.6999969482422,169.6999969482422,171.89999389648438,166.0,167.10000610351562,2007
2011-04-12,168.5500030517578,168.5500030517578,170.1999969482422,167.60000610351562,169.9499969482422,2336
2011-04-13,168.14999389648438,168.14999389648438,169.0,165.64999389648438,168.25,1389
2011-04-14,170.89999389648438,170.89999389648438,171.0,166.35000610351562,168.0500030517578,1446
2011-04-15,169.60000610351562,169.60000610351562,172.89999389648438,168.3000030517578,170.9499969482422,2683
2011-04-18,168.5500030517578,168.5500030517578,169.60000610351562,166.60000610351562,168.5,1762
2011-04-19,170.0,170.0,170.39999389648438,168.0,169.5,1175
2011-04-20,172.39999389648438,172.39999389648438,173.39999389648438,170.39999389648438,170.39999389648438,1006
2011-04-21,169.39999389648438,169.39999389648438,172.60000610351562,168.0,172.0,0
2011-04-25,168.5,168.5,171.5500030517578,167.5,169.39999389648438,672
2011-04-26,168.1999969482422,168.1999969482422,169.0,166.5,168.0,956
2011-04-27,172.6999969482422,172.6999969482422,173.35000610351562,168.5,168.5,753
2011-04-28,174.10000610351562,174.10000610351562,176.85000610351562,171.5500030517578,172.6999969482422,701
2011-04-29,176.5500030517578,176.5500030517578,178.0,175.10000610351562,176.0,334
2011-05-02,178.0500030517578,178.0500030517578,177.5,177.4499969482422,177.4499969482422,206
2011-05-03,180.5500030517578,180.5500030517578,181.25,178.3000030517578,181.25,158
2011-05-04,179.0,179.0,180.3000030517578,179.14999389648438,179.39999389648438,11
2011-05-05,177.64999389648438,177.64999389648438,179.75,177.0,179.75,8
2011-05-06,175.0,175.0,174.0,174.0,174.0,5
2011-05-09,173.60000610351562,173.60000610351562,173.4499969482422,173.4499969482422,173.4499969482422,0
2011-05-10,170.75,170.75,170.75,170.75,170.75,1215
2011-05-11,172.0,172.0,174.8000030517578,170.85000610351562,170.9499969482422,1391
2011-05-12,177.0500030517578,177.0500030517578,179.0,171.5500030517578,172.0,1700
2011-05-13,182.85000610351562,182.85000610351562,185.0,175.0,177.0500030517578,3885
2011-05-16,182.1999969482422,182.1999969482422,182.85000610351562,179.4499969482422,182.85000610351562,1664
2011-05-17,181.89999389648438,181.89999389648438,186.0500030517578,180.60000610351562,182.0,1166
2011-05-18,180.5,180.5,183.35000610351562,179.85000610351562,181.5500030517578,704
2011-05-19,184.9499969482422,184.9499969482422,185.5500030517578,180.5,180.5,1099
2011-05-20,181.75,181.75,183.6999969482422,179.0,183.6999969482422,1415
2011-05-23,180.85000610351562,180.85000610351562,182.25,177.14999389648438,181.4499969482422,883
2011-05-24,182.75,182.75,183.0,179.8000030517578,180.85000610351562,622
2011-05-25,186.8000030517578,186.8000030517578,187.75,182.10000610351562,183.8000030517578,1337
2011-05-26,185.35000610351562,185.35000610351562,187.25,182.3000030517578,186.85000610351562,1052
2011-05-27,185.35000610351562,185.35000610351562,187.64999389648438,184.60000610351562,185.35000610351562,0
2011-05-31,182.5,182.5,185.9499969482422,182.10000610351562,185.35000610351562,1549
2011-06-01,182.0,182.0,183.3000030517578,181.35000610351562,182.5,1191
2011-06-02,183.60000610351562,183.60000610351562,184.6999969482422,182.10000610351562,182.10000610351562,1481
2011-06-03,181.89999389648438,181.89999389648438,185.10000610351562,181.1999969482422,184.10000610351562,843
2011-06-06,186.0500030517578,186.0500030517578,186.8000030517578,182.9499969482422,183.5,1940
2011-06-07,184.0,184.0,186.9499969482422,183.14999389648438,186.5,2274
2011-06-08,182.0,182.0,184.0,181.5,184.0,1634
2011-06-09,183.6999969482422,183.6999969482422,184.0500030517578,181.75,181.8000030517578,1129
2011-06-10,184.89999389648438,184.89999389648438,185.35000610351562,183.0,183.5,876
2011-06-13,183.14999389648438,183.14999389648438,185.0,182.60000610351562,184.89999389648438,2055
2011-06-14,185.9499969482422,185.9499969482422,186.64999389648438,182.6999969482422,183.14999389648438,1721
2011-06-15,183.14999389648438,183.14999389648438,186.0,183.0500030517578,186.0,1910
2011-06-16,180.8000030517578,180.8000030517578,183.14999389648438,178.10000610351562,183.14999389648438,5293
2011-06-17,181.4499969482422,181.4499969482422,182.89999389648438,179.3000030517578,180.8000030517578,3171
2011-06-20,187.0500030517578,187.0500030517578,187.60000610351562,180.60000610351562,181.4499969482422,1943
2011-06-21,194.85000610351562,194.85000610351562,195.9499969482422,185.0500030517578,187.5,2109
2011-06-22,194.1999969482422,194.1999969482422,197.5,193.35000610351562,197.5,1565
2011-06-23,193.5500030517578,193.5500030517578,195.9499969482422,192.4499969482422,195.9499969482422,964
2011-06-24,199.0500030517578,199.0500030517578,199.10000610351562,191.5500030517578,193.3000030517578,645
2011-06-27,196.35000610351562,196.35000610351562,199.0500030517578,191.5,199.0500030517578,808
2011-06-28,194.8000030517578,194.8000030517578,196.5500030517578,194.0,195.8000030517578,808
2011-06-29,194.6999969482422,194.6999969482422,195.35000610351562,193.0,193.5,541
2011-06-30,198.60000610351562,198.60000610351562,198.75,194.0,194.0,1153
2011-07-01,198.0500030517578,198.0500030517578,202.75,196.10000610351562,199.75,0
2011-07-05,198.10000610351562,198.10000610351562,199.5,196.0,197.5,52
2011-07-06,200.75,200.75,201.75,196.0,196.5,24
2011-07-07,201.0,201.0,201.25,199.25,199.25,238
2011-07-08,204.0,204.0,205.5,199.75,201.25,37
2011-07-11,196.0,196.0,204.8000030517578,194.60000610351562,204.8000030517578,1082
2011-07-12,189.3000030517578,189.3000030517578,190.89999389648438,185.0500030517578,187.0,1031
2011-07-13,191.85000610351562,191.85000610351562,191.9499969482422,189.5,189.85000610351562,698
2011-07-14,196.0,196.0,197.0,191.1999969482422,191.60000610351562,1194
2011-07-15,197.35000610351562,197.35000610351562,197.89999389648438,192.8000030517578,196.0,912
2011-07-18,197.8000030517578,197.8000030517578,198.85000610351562,196.14999389648438,197.0,834
2011-07-19,201.3000030517578,201.3000030517578,202.64999389648438,196.89999389648438,197.25,885
2011-07-20,200.0,200.0,202.0,197.60000610351562,201.5,855
2011-07-21,197.39999389648438,197.39999389648438,201.14999389648438,196.60000610351562,201.0,752
2011-07-22,197.3000030517578,197.3000030517578,198.1999969482422,196.0,196.5,620
2011-07-25,198.75,198.75,199.64999389648438,196.6999969482422,197.3000030517578,537
2011-07-26,198.85000610351562,198.85000610351562,199.5,198.39999389648438,198.9499969482422,661
2011-07-27,198.75,198.75,200.5,198.25,198.25,458
2011-07-28,198.89999389648438,198.89999389648438,201.0,198.35000610351562,198.6999969482422,1392
2011-07-29,199.75,199.75,200.85000610351562,198.9499969482422,199.10000610351562,1002
2011-08-01,200.6999969482422,200.6999969482422,201.89999389648438,199.75,199.85000610351562,1304
2011-08-02,201.64999389648438,201.64999389648438,202.5,200.10000610351562,200.6999969482422,691
2011-08-03,197.89999389648438,197.89999389648438,201.8000030517578,197.0500030517578,201.8000030517578,1372
2011-08-04,190.10000610351562,190.10000610351562,197.85000610351562,190.0,197.6999969482422,3301
2011-08-05,181.14999389648438,181.14999389648438,190.14999389648438,180.1999969482422,190.10000610351562,4162
2011-08-08,171.8000030517578,171.8000030517578,181.14999389648438,171.35000610351562,179.6999969482422,5116
2011-08-09,168.35000610351562,168.35000610351562,177.1999969482422,168.1999969482422,171.8000030517578,4153
2011-08-10,158.85000610351562,158.85000610351562,169.0,158.60000610351562,168.14999389648438,4707
2011-08-11,163.85000610351562,163.85000610351562,164.39999389648438,159.1999969482422,159.1999969482422,2583
2011-08-12,166.5,166.5,167.25,161.6999969482422,164.39999389648438,2177
2011-08-15,168.85000610351562,168.85000610351562,172.5500030517578,166.64999389648438,166.8000030517578,1584
2011-08-16,173.1999969482422,173.1999969482422,176.75,169.5,170.0,1457
2011-08-17,178.6999969482422,178.6999969482422,179.3000030517578,173.14999389648438,173.14999389648438,1759
2011-08-18,174.39999389648438,174.39999389648438,177.14999389648438,173.3000030517578,175.0500030517578,708
2011-08-19,175.14999389648438,175.14999389648438,176.10000610351562,173.6999969482422,174.1999969482422,771
2011-08-22,174.60000610351562,174.60000610351562,177.64999389648438,170.10000610351562,175.0,1071
2011-08-23,169.75,169.75,175.89999389648438,169.6999969482422,175.39999389648438,560
2011-08-24,165.25,165.25,170.5,165.0,168.75,797
2011-08-25,166.64999389648438,166.64999389648438,170.1999969482422,165.0500030517578,170.1999969482422,752
2011-08-26,167.64999389648438,167.64999389648438,167.8000030517578,165.0,167.64999389648438,690
2011-08-29,166.6999969482422,166.6999969482422,169.5,165.0,167.5,450
2011-08-30,166.60000610351562,166.60000610351562,168.1999969482422,165.39999389648438,165.75,230
2011-08-31,168.5500030517578,168.5500030517578,167.5,165.0,167.25,90
2011-09-01,169.64999389648438,169.64999389648438,169.60000610351562,167.5500030517578,167.5500030517578,118
2011-09-02,170.4499969482422,170.4499969482422,171.75,169.0500030517578,169.0500030517578,0
2011-09-06,175.0500030517578,175.0500030517578,175.14999389648438,174.75,174.75,3
2011-09-07,182.0,182.0,181.0,175.14999389648438,175.14999389648438,6
2011-09-08,173.25,173.25,179.5,174.9499969482422,179.5,10
2011-09-09,170.75,170.75,176.5,175.0,175.0,6
2011-09-12,167.35000610351562,167.35000610351562,167.35000610351562,167.35000610351562,167.35000610351562,711
2011-09-13,167.9499969482422,167.9499969482422,169.14999389648438,165.8000030517578,168.6999969482422,589
2011-09-14,166.85000610351562,166.85000610351562,168.39999389648438,166.5,167.0,546
2011-09-15,163.5,163.5,167.75,162.0500030517578,166.9499969482422,1199
2011-09-16,162.75,162.75,164.8000030517578,161.0,162.0500030517578,630
2011-09-19,163.14999389648438,163.14999389648438,165.4499969482422,162.6999969482422,163.39999389648438,351
2011-09-20,168.4499969482422,168.4499969482422,169.6999969482422,162.75,164.8000030517578,1726
2011-09-21,166.3000030517578,166.3000030517578,170.5500030517578,165.64999389648438,169.10000610351562,847
2011-09-22,158.64999389648438,158.64999389648438,166.5,158.0,165.75,2678
2011-09-23,155.25,155.25,158.4499969482422,154.89999389648438,158.0,1613
2011-09-26,150.39999389648438,150.39999389648438,159.25,148.5,155.1999969482422,2339
2011-09-27,151.4499969482422,151.4499969482422,154.39999389648438,149.9499969482422,151.0,1154
2011-09-28,151.14999389648438,151.14999389648438,152.10000610351562,149.64999389648438,150.89999389648438,633
2011-09-29,152.25,152.25,153.9499969482422,150.4499969482422,150.4499969482422,835
2011-09-30,150.0,150.0,154.39999389648438,149.8000030517578,153.75,1192
2011-10-03,150.0500030517578,150.0500030517578,153.75,148.85000610351562,150.89999389648438,1486
2011-10-04,152.14999389648438,152.14999389648438,152.75,148.9499969482422,150.10000610351562,1054
2011-10-05,153.35000610351562,153.35000610351562,155.89999389648438,152.1999969482422,152.89999389648438,1514
2011-10-06,154.85000610351562,154.85000610351562,156.60000610351562,153.0500030517578,154.5,1156
2011-10-07,154.6999969482422,154.6999969482422,155.89999389648438,153.10000610351562,155.0,838
2011-10-10,156.75,156.75,157.1999969482422,154.6999969482422,154.6999969482422,1339
2011-10-11,161.4499969482422,161.4499969482422,166.39999389648438,157.5,157.5,3635
2011-10-12,163.0,163.0,164.9499969482422,159.0,161.5,1612
2011-10-13,167.89999389648438,167.89999389648438,168.85000610351562,163.0,163.0,1733
2011-10-14,172.64999389648438,172.64999389648438,173.64999389648438,167.25,167.8000030517578,1413
2011-10-17,171.8000030517578,171.8000030517578,173.5,171.1999969482422,173.0,1338
2011-10-18,172.8000030517578,172.8000030517578,173.25,166.89999389648438,170.89999389648438,1521
2011-10-19,172.25,172.25,175.5,171.14999389648438,171.14999389648438,1442
2011-10-20,174.3000030517578,174.3000030517578,174.85000610351562,169.35000610351562,172.64999389648438,771
2011-10-21,175.8000030517578,175.8000030517578,177.0,173.4499969482422,174.60000610351562,1041
2011-10-24,181.0500030517578,181.0500030517578,182.9499969482422,175.35000610351562,175.35000610351562,1045
2011-10-25,182.5500030517578,182.5500030517578,185.9499969482422,181.0,181.0,801
2011-10-26,192.5500030517578,192.5500030517578,192.5500030517578,179.85000610351562,182.0,583
2011-10-27,190.0,190.0,192.5500030517578,188.89999389648438,191.5,515
2011-10-28,186.25,186.25,195.0,186.1999969482422,193.0,186
2011-10-31,183.89999389648438,183.89999389648438,186.5,182.0,186.35000610351562,303
2011-11-01,188.10000610351562,188.10000610351562,189.0,182.0,184.0,22
2011-11-02,189.0,189.0,189.0,189.0,189.0,12
2011-11-03,190.89999389648438,190.89999389648438,190.0,189.0,190.0,4
2011-11-04,192.1999969482422,192.1999969482422,191.0,191.0,191.0,6
2011-11-07,194.8000030517578,194.8000030517578,195.0,194.14999389648438,195.0,15
2011-11-08,191.8000030517578,191.8000030517578,199.0,192.85000610351562,197.0,109
2011-11-09,190.89999389648438,190.89999389648438,197.9499969482422,190.0,190.0,774
2011-11-10,171.0500030517578,171.0500030517578,171.5500030517578,168.8000030517578,171.0,667
2011-11-11,169.60000610351562,169.60000610351562,173.0,168.75,170.75,1081
2011-11-14,168.0500030517578,168.0500030517578,169.8000030517578,167.6999969482422,169.60000610351562,534
2011-11-15,169.0,169.0,169.75,167.14999389648438,168.0,907
2011-11-16,168.85000610351562,168.85000610351562,169.64999389648438,167.89999389648438,169.0,478
2011-11-17,171.85000610351562,171.85000610351562,174.0,168.9499969482422,169.0,1185
2011-11-18,176.89999389648438,176.89999389648438,178.25,171.60000610351562,171.85000610351562,1370
2011-11-21,178.5500030517578,178.5500030517578,180.0,176.89999389648438,176.89999389648438,1136
2011-11-22,179.8000030517578,179.8000030517578,181.0,178.10000610351562,179.25,677
2011-11-23,176.85000610351562,176.85000610351562,179.89999389648438,174.8000030517578,179.8000030517578,0
2011-11-25,177.60000610351562,177.60000610351562,179.0,175.4499969482422,176.3000030517578,327
2011-11-28,179.0500030517578,179.0500030517578,180.3000030517578,176.0,177.8000030517578,1114
2011-11-29,176.4499969482422,176.4499969482422,180.5,175.60000610351562,180.0500030517578,991
2011-11-30,176.10000610351562,176.10000610351562,178.14999389648438,175.60000610351562,176.60000610351562,1009
2011-12-01,177.25,177.25,178.0,176.0500030517578,176.4499969482422,1425
2011-12-02,177.60000610351562,177.60000610351562,178.0,175.14999389648438,178.0,1253
2011-12-05,178.3000030517578,178.3000030517578,179.6999969482422,177.3000030517578,177.60000610351562,1207
2011-12-06,176.3000030517578,176.3000030517578,178.5,175.64999389648438,178.39999389648438,1535
2011-12-07,174.35000610351562,174.35000610351562,177.4499969482422,173.9499969482422,176.89999389648438,1907
2011-12-08,172.5,172.5,174.60000610351562,171.4499969482422,174.35000610351562,1821
2011-12-09,169.9499969482422,169.9499969482422,172.35000610351562,169.5500030517578,171.8000030517578,1659
2011-12-12,166.25,166.25,170.35000610351562,163.5,170.0,3115
2011-12-13,167.35000610351562,167.35000610351562,168.85000610351562,164.64999389648438,166.4499969482422,2204
2011-12-14,167.75,167.75,168.0,166.0,167.35000610351562,1325
2011-12-15,166.39999389648438,166.39999389648438,168.64999389648438,165.14999389648438,167.5500030517578,2207
2011-12-16,167.0500030517578,167.0500030517578,169.75,165.3000030517578,166.39999389648438,2391
2011-12-19,166.89999389648438,166.89999389648438,173.1999969482422,165.85000610351562,167.25,2118
2011-12-20,166.75,166.75,168.3000030517578,165.35000610351562,167.0,2172
2011-12-21,164.9499969482422,164.9499969482422,167.64999389648438,164.64999389648438,167.35000610351562,1682
2011-12-22,165.5500030517578,165.5500030517578,166.10000610351562,164.14999389648438,164.9499969482422,1343
2011-12-23,169.89999389648438,169.89999389648438,170.89999389648438,165.5500030517578,165.5500030517578,0
2011-12-27,172.4499969482422,172.4499969482422,173.14999389648438,170.0,170.89999389648438,530
2011-12-28,169.3000030517578,169.3000030517578,173.5,167.0,173.5,810
2011-12-29,168.89999389648438,168.89999389648438,170.0,167.5,170.0,489
2011-12-30,169.0,169.0,169.1999969482422,167.39999389648438,168.39999389648438,0
2012-01-03,173.5,173.5,174.64999389648438,169.89999389648438,169.89999389648438,73
2012-01-04,184.75,184.75,189.89999389648438,173.5,173.5,53
2012-01-05,182.25,182.25,182.5,180.5,180.5,78
2012-01-06,182.0,182.0,183.0,183.0,183.0,7
2012-01-09,193.9499969482422,193.9499969482422,195.0,192.0,192.0,39
2012-01-10,212.75,212.75,212.0,195.0,195.0,3294
2012-01-11,188.10000610351562,188.10000610351562,205.0,187.75,205.0,5368
2012-01-12,178.10000610351562,178.10000610351562,192.0,178.10000610351562,189.14999389648438,2355
2012-01-13,184.60000610351562,184.60000610351562,198.10000610351562,178.10000610351562,178.10000610351562,0
2012-01-17,184.35000610351562,184.35000610351562,192.25,182.9499969482422,185.0,885
2012-01-18,191.1999969482422,191.1999969482422,193.0,185.1999969482422,189.0,1196
2012-01-19,200.64999389648438,200.64999389648438,201.1999969482422,192.5,192.5,1601
2012-01-20,210.64999389648438,210.64999389648438,210.64999389648438,199.4499969482422,201.0,1200
2012-01-23,219.9499969482422,219.9499969482422,226.9499969482422,212.0,215.0,1765
2012-01-24,218.0,218.0,221.0,210.14999389648438,218.9499969482422,1517
2012-01-25,211.14999389648438,211.14999389648438,216.9499969482422,208.1999969482422,216.9499969482422,1328
2012-01-26,206.60000610351562,206.60000610351562,221.14999389648438,202.6999969482422,209.5,1570
2012-01-27,210.89999389648438,210.89999389648438,215.5,206.0,209.0500030517578,1236
2012-01-30,209.8000030517578,209.8000030517578,216.25,208.1999969482422,210.89999389648438,927
2012-01-31,210.0,210.0,213.1999969482422,209.89999389648438,212.14999389648438,1258
2012-02-01,205.1999969482422,205.1999969482422,212.3000030517578,205.0,212.0,1470
2012-02-02,204.0,204.0,207.8000030517578,197.1999969482422,205.0500030517578,1403
2012-02-03,201.4499969482422,201.4499969482422,204.5,198.0,203.6999969482422,1409
2012-02-06,201.5,201.5,206.64999389648438,200.0,200.0,992
2012-02-07,195.85000610351562,195.85000610351562,202.0500030517578,191.5500030517578,202.0,2243
2012-02-08,190.6999969482422,190.6999969482422,196.25,186.25,195.0,2635
2012-02-09,189.75,189.75,193.64999389648438,186.4499969482422,190.0,1237
2012-02-10,185.8000030517578,185.8000030517578,190.8000030517578,181.4499969482422,187.89999389648438,3041
2012-02-13,184.1999969482422,184.1999969482422,193.0,183.5,187.8000030517578,1815
2012-02-14,183.9499969482422,183.9499969482422,186.1999969482422,180.8000030517578,184.1999969482422,1080
2012-02-15,186.10000610351562,186.10000610351562,193.9499969482422,181.0,183.9499969482422,2252
2012-02-16,185.0500030517578,185.0500030517578,186.3000030517578,183.35000610351562,185.0,1737
2012-02-17,187.8000030517578,187.8000030517578,195.0,186.85000610351562,191.10000610351562,3462
2012-02-21,186.35000610351562,186.35000610351562,189.0,181.1999969482422,187.8000030517578,2983
2012-02-22,182.3000030517578,182.3000030517578,188.0,182.10000610351562,186.35000610351562,3033
2012-02-23,187.3000030517578,187.3000030517578,188.0,181.0,183.0,980
2012-02-24,186.0500030517578,186.0500030517578,189.0,184.0,186.75,686
2012-02-27,183.6999969482422,183.6999969482422,187.5,182.5,187.5,743
2012-02-28,190.9499969482422,190.9499969482422,191.75,183.6999969482422,183.6999969482422,400
2012-02-29,190.5500030517578,190.5500030517578,199.8000030517578,189.0,190.89999389648438,271
2012-03-01,192.6999969482422,192.6999969482422,192.5,192.0,192.0,60
2012-03-02,197.10000610351562,197.10000610351562,197.10000610351562,197.10000610351562,197.10000610351562,1
2012-03-05,199.75,199.75,199.85000610351562,199.85000610351562,199.85000610351562,1
2012-03-06,193.10000610351562,193.10000610351562,194.75,194.75,194.75,102
2012-03-07,195.0,195.0,195.0,194.5,195.0,10
2012-03-08,197.0,197.0,197.0,197.0,197.0,2
2012-03-09,193.4499969482422,193.4499969482422,195.4499969482422,195.4499969482422,195.4499969482422,3
2012-03-12,188.64999389648438,188.64999389648438,190.0,190.0,190.0,814
2012-03-13,185.8000030517578,185.8000030517578,187.0,182.75,184.60000610351562,503
2012-03-14,187.8000030517578,187.8000030517578,188.0,184.0500030517578,185.8000030517578,709
2012-03-15,187.60000610351562,187.60000610351562,188.0,185.75,187.0,420
2012-03-16,186.89999389648438,186.89999389648438,190.3000030517578,185.1999969482422,187.6999969482422,977
2012-03-19,184.25,184.25,188.0,183.0500030517578,188.0,583
2012-03-20,176.85000610351562,176.85000610351562,183.5,174.25,183.5,2021
2012-03-21,169.8000030517578,169.8000030517578,175.5,168.39999389648438,175.5,2809
2012-03-22,166.39999389648438,166.39999389648438,170.89999389648438,165.0,168.60000610351562,1991
2012-03-23,166.1999969482422,166.1999969482422,169.1999969482422,164.39999389648438,166.39999389648438,624
2012-03-26,168.14999389648438,168.14999389648438,169.1999969482422,165.0,168.85000610351562,495
2012-03-27,167.1999969482422,167.1999969482422,170.5,167.0500030517578,170.0,550
2012-03-28,167.0,167.0,168.85000610351562,166.25,167.4499969482422,394
2012-03-29,167.10000610351562,167.10000610351562,167.9499969482422,165.89999389648438,166.1999969482422,661
2012-03-30,164.5,164.5,167.4499969482422,161.75,166.4499969482422,1864
2012-04-02,162.25,162.25,164.60000610351562,161.35000610351562,162.0500030517578,939
2012-04-03,162.5,162.5,162.75,160.0,162.0,2047
2012-04-04,160.64999389648438,160.64999389648438,163.25,160.14999389648438,161.89999389648438,1601
2012-04-05,158.6999969482422,158.6999969482422,161.25,155.0500030517578,161.25,0
2012-04-09,152.8000030517578,152.8000030517578,157.89999389648438,151.75,156.3000030517578,1644
2012-04-10,146.9499969482422,146.9499969482422,152.39999389648438,143.64999389648438,152.1999969482422,3092
2012-04-11,141.6999969482422,141.6999969482422,147.25,138.35000610351562,147.1999969482422,3276
2012-04-12,144.85000610351562,144.85000610351562,146.89999389648438,140.1999969482422,141.6999969482422,1606
2012-04-13,146.39999389648438,146.39999389648438,148.8000030517578,144.5500030517578,145.5,1359
2012-04-16,146.25,146.25,151.1999969482422,145.1999969482422,146.89999389648438,1029
2012-04-17,147.9499969482422,147.9499969482422,152.35000610351562,145.64999389648438,146.5,1346
2012-04-18,146.35000610351562,146.35000610351562,150.0,145.6999969482422,147.39999389648438,843
2012-04-19,148.0500030517578,148.0500030517578,150.0,146.35000610351562,149.8000030517578,694
2012-04-20,151.5500030517578,151.5500030517578,153.85000610351562,149.5,149.6999969482422,735
2012-04-23,143.8000030517578,143.8000030517578,152.0,141.5500030517578,152.0,1034
2012-04-24,143.39999389648438,143.39999389648438,146.10000610351562,142.5500030517578,142.5500030517578,641
2012-04-25,145.89999389648438,145.89999389648438,146.5,143.0,143.9499969482422,762
2012-04-26,144.85000610351562,144.85000610351562,147.75,144.35000610351562,146.35000610351562,328
2012-04-27,147.8000030517578,147.8000030517578,148.5,140.0500030517578,144.14999389648438,809
2012-04-30,140.85000610351562,140.85000610351562,145.25,137.8000030517578,145.0,916
2012-05-01,132.0,132.0,143.0,134.35000610351562,141.25,74
2012-05-02,130.75,130.75,131.3000030517578,130.10000610351562,131.3000030517578,9
2012-05-03,126.3499984741211,126.3499984741211,128.25,128.25,128.25,1
2012-05-04,121.6500015258789,121.6500015258789,123.05000305175781,122.3499984741211,122.3499984741211,3
2012-05-07,117.80000305175781,117.80000305175781,117.80000305175781,117.80000305175781,117.80000305175781,8
2012-05-08,113.69999694824219,113.69999694824219,119.0999984741211,119.0,119.0999984741211,79
2012-05-09,114.25,114.25,116.3499984741211,115.94999694824219,115.94999694824219,7
2012-05-10,114.4000015258789,114.4000015258789,114.4000015258789,114.4000015258789,114.4000015258789,1040
2012-05-11,122.55000305175781,122.55000305175781,123.5999984741211,119.25,120.9000015258789,661
2012-05-14,116.5999984741211,116.5999984741211,123.80000305175781,115.0,121.94999694824219,975
2012-05-15,114.0,114.0,119.0,111.75,117.19999694824219,1254
2012-05-16,112.80000305175781,112.80000305175781,114.4000015258789,110.3499984741211,113.05000305175781,729
2012-05-17,105.8499984741211,105.8499984741211,113.69999694824219,103.9000015258789,112.94999694824219,1547
2012-05-18,102.19999694824219,102.19999694824219,107.4000015258789,97.0999984741211,104.55000305175781,1821
2012-05-21,106.80000305175781,106.80000305175781,110.4000015258789,101.75,103.80000305175781,1293
2012-05-22,108.5999984741211,108.5999984741211,110.0999984741211,106.5999984741211,106.80000305175781,565
2012-05-23,103.0999984741211,103.0999984741211,108.9000015258789,99.69999694824219,108.9000015258789,1124
2012-05-24,109.30000305175781,109.30000305175781,111.80000305175781,103.0,103.0,1529
2012-05-25,109.30000305175781,109.30000305175781,112.0,108.94999694824219,108.94999694824219,0
2012-05-29,111.6500015258789,111.6500015258789,117.3499984741211,107.8499984741211,108.80000305175781,1381
2012-05-30,110.8499984741211,110.8499984741211,112.75,108.4000015258789,112.05000305175781,1453
2012-05-31,112.05000305175781,112.05000305175781,114.44999694824219,109.5,109.5999984741211,1348
2012-06-01,111.69999694824219,111.69999694824219,112.5,109.0999984741211,111.0,2321
2012-06-04,111.5,111.5,111.9000015258789,109.25,109.5999984741211,539
2012-06-05,114.80000305175781,114.80000305175781,116.55000305175781,110.80000305175781,110.80000305175781,1256
2012-06-06,116.5999984741211,116.5999984741211,118.4000015258789,114.80000305175781,116.55000305175781,1101
2012-06-07,115.5999984741211,115.5999984741211,118.9000015258789,112.0,116.5999984741211,1104
2012-06-08,113.6500015258789,113.6500015258789,115.5,112.05000305175781,114.0,1332
2012-06-11,113.05000305175781,113.05000305175781,114.55000305175781,112.5999984741211,113.6500015258789,979
2012-06-12,110.05000305175781,110.05000305175781,113.5,108.25,113.5,1329
2012-06-13,110.5999984741211,110.5999984741211,115.75,108.3499984741211,110.05000305175781,980
2012-06-14,109.75,109.75,112.0,107.0999984741211,110.94999694824219,673
2012-06-15,109.30000305175781,109.30000305175781,112.69999694824219,109.0,110.05000305175781,1311
2012-06-18,112.55000305175781,112.55000305175781,113.6500015258789,109.6500015258789,109.6500015258789,1081
2012-06-19,119.75,119.75,120.5,112.44999694824219,112.80000305175781,1896
2012-06-20,122.9000015258789,122.9000015258789,123.6500015258789,118.75,119.75,1249
2012-06-21,123.4000015258789,123.4000015258789,126.0,122.0999984741211,122.5,1808
2012-06-22,123.30000305175781,123.30000305175781,124.5,121.80000305175781,123.0,2549
2012-06-25,122.75,122.75,124.9000015258789,122.30000305175781,122.94999694824219,1162
2012-06-26,117.44999694824219,117.44999694824219,122.75,116.6500015258789,122.75,913
2012-06-27,118.94999694824219,118.94999694824219,119.94999694824219,117.0,117.0,1186
2012-06-28,118.5,118.5,120.0,113.75,119.4000015258789,987
2012-06-29,122.6500015258789,122.6500015258789,125.9000015258789,116.44999694824219,119.94999694824219,285
2012-07-02,119.75,119.75,120.55000305175781,119.25,119.25,71
2012-07-03,124.25,124.25,126.5999984741211,122.0,122.0,0
2012-07-05,129.10000610351562,129.10000610351562,129.25,126.69999694824219,126.69999694824219,10
2012-07-06,131.39999389648438,131.39999389648438,131.14999389648438,128.10000610351562,129.5,333
2012-07-09,130.3000030517578,130.3000030517578,133.89999389648438,130.0,133.89999389648438,7
2012-07-10,129.5,129.5,132.9499969482422,131.25,132.9499969482422,2
2012-07-11,127.0999984741211,127.0999984741211,127.0999984741211,127.0999984741211,127.0999984741211,551
2012-07-12,123.75,123.75,125.5,120.4000015258789,125.0,590
2012-07-13,122.55000305175781,122.55000305175781,124.44999694824219,122.25,122.9000015258789,324
2012-07-16,117.94999694824219,117.94999694824219,123.25,116.6500015258789,122.55000305175781,813
2012-07-17,117.6500015258789,117.6500015258789,118.25,115.80000305175781,116.80000305175781,817
2012-07-18,116.0999984741211,116.0999984741211,119.44999694824219,113.0,117.8499984741211,913
2012-07-19,112.5999984741211,112.5999984741211,120.94999694824219,111.25,116.5,1101
2012-07-20,110.0,110.0,112.5,109.69999694824219,112.30000305175781,980
2012-07-23,109.4000015258789,109.4000015258789,110.3499984741211,108.05000305175781,110.0,990
2012-07-24,109.80000305175781,109.80000305175781,113.69999694824219,108.69999694824219,109.0999984741211,769
2012-07-25,110.19999694824219,110.19999694824219,113.1500015258789,109.25,110.6500015258789,334
2012-07-26,109.94999694824219,109.94999694824219,111.9000015258789,108.75,110.0,467
2012-07-27,110.05000305175781,110.05000305175781,110.30000305175781,108.9000015258789,109.55000305175781,358
2012-07-30,112.25,112.25,116.75,110.4000015258789,110.4000015258789,910
2012-07-31,109.9000015258789,109.9000015258789,112.6500015258789,107.80000305175781,112.44999694824219,1738
2012-08-01,107.6500015258789,107.6500015258789,110.0,105.1500015258789,109.4000015258789,1468
2012-08-02,109.25,109.25,115.75,107.30000305175781,107.6500015258789,1622
2012-08-03,112.19999694824219,112.19999694824219,113.69999694824219,109.80000305175781,110.8499984741211,718
2012-08-06,111.0999984741211,111.0999984741211,113.3499984741211,108.55000305175781,112.75,761
2012-08-07,112.8499984741211,112.8499984741211,113.25,108.30000305175781,110.9000015258789,965
2012-08-08,114.6500015258789,114.6500015258789,115.19999694824219,111.44999694824219,112.8499984741211,844
2012-08-09,114.6500015258789,114.6500015258789,116.5999984741211,113.5,113.5,1295
2012-08-10,113.0,113.0,115.9000015258789,111.25,113.75,1509
2012-08-13,113.6500015258789,113.6500015258789,114.9000015258789,111.9000015258789,112.0,1380
2012-08-14,115.30000305175781,115.30000305175781,116.25,114.0,114.0,957
2012-08-15,125.30000305175781,125.30000305175781,125.30000305175781,115.75,115.75,2184
2012-08-16,120.3499984741211,120.3499984741211,130.75,119.0999984741211,125.0,2024
2012-08-17,119.75,119.75,122.0,118.4000015258789,120.94999694824219,1002
2012-08-20,125.6500015258789,125.6500015258789,127.30000305175781,120.5,120.5,556
2012-08-21,130.5500030517578,130.5500030517578,135.64999389648438,126.8499984741211,126.8499984741211,678
2012-08-22,139.10000610351562,139.10000610351562,140.5,134.0,139.0,776
2012-08-23,136.60000610351562,136.60000610351562,139.14999389648438,132.9499969482422,137.8000030517578,394
2012-08-24,139.10000610351562,139.10000610351562,140.9499969482422,134.0,136.60000610351562,330
2012-08-27,129.3000030517578,129.3000030517578,137.8000030517578,129.14999389648438,134.25,507
2012-08-28,125.4000015258789,125.4000015258789,128.6999969482422,124.25,128.6999969482422,573
2012-08-29,128.6999969482422,128.6999969482422,129.0,125.80000305175781,125.9000015258789,322
2012-08-30,129.8000030517578,129.8000030517578,128.85000610351562,127.05000305175781,128.6999969482422,262
2012-08-31,131.89999389648438,131.89999389648438,129.89999389648438,126.5,129.0,0
2012-09-04,132.3000030517578,132.3000030517578,132.89999389648438,124.05000305175781,124.1500015258789,7
2012-09-05,135.10000610351562,135.10000610351562,135.75,135.10000610351562,135.5,36
2012-09-06,135.3000030517578,135.3000030517578,136.5,135.75,135.75,32
2012-09-07,138.4499969482422,138.4499969482422,138.6999969482422,138.0,138.5,92
2012-09-10,137.3000030517578,137.3000030517578,139.10000610351562,139.10000610351562,139.10000610351562,1396
2012-09-11,124.0999984741211,124.0999984741211,128.0,124.0,127.05000305175781,805
2012-09-12,126.75,126.75,127.75,123.0,124.0,682
2012-09-13,129.3000030517578,129.3000030517578,129.6999969482422,125.9000015258789,127.75,1202
2012-09-14,132.14999389648438,132.14999389648438,132.6999969482422,129.35000610351562,129.60000610351562,1222
2012-09-17,129.10000610351562,129.10000610351562,132.5,126.0999984741211,132.3000030517578,819
2012-09-18,126.5,126.5,128.89999389648438,125.80000305175781,128.39999389648438,870
2012-09-19,126.5999984741211,126.5999984741211,128.0,125.0999984741211,125.94999694824219,577
2012-09-20,126.05000305175781,126.05000305175781,127.9000015258789,124.75,127.1500015258789,1056
2012-09-21,124.8499984741211,124.8499984741211,126.5999984741211,124.55000305175781,125.0999984741211,824
2012-09-24,118.30000305175781,118.30000305175781,124.5,117.5999984741211,124.5,1569
2012-09-25,114.44999694824219,114.44999694824219,118.30000305175781,113.55000305175781,118.30000305175781,1844
2012-09-26,113.0,113.0,115.19999694824219,112.0,113.6500015258789,1434
2012-09-27,114.4000015258789,114.4000015258789,116.3499984741211,112.30000305175781,113.0,2018
2012-09-28,113.1500015258789,113.1500015258789,115.30000305175781,112.0999984741211,114.4000015258789,1884
2012-10-01,113.5999984741211,113.5999984741211,114.5999984741211,112.0999984741211,112.80000305175781,1939
2012-10-02,116.05000305175781,116.05000305175781,116.94999694824219,114.1500015258789,114.19999694824219,836
2012-10-03,116.0,116.0,116.5,115.05000305175781,116.5,825
2012-10-04,115.5,115.5,116.5,115.0,116.4000015258789,782
2012-10-05,115.0999984741211,115.0999984741211,116.30000305175781,114.19999694824219,116.25,953
2012-10-08,112.75,112.75,115.0,112.25,114.69999694824219,875
2012-10-09,112.0,112.0,113.69999694824219,111.6500015258789,112.5999984741211,1042
2012-10-10,111.30000305175781,111.30000305175781,112.94999694824219,110.30000305175781,112.25,1139
2012-10-11,113.5999984741211,113.5999984741211,119.94999694824219,108.69999694824219,110.5,1631
2012-10-12,112.5999984741211,112.5999984741211,114.44999694824219,112.19999694824219,113.4000015258789,2338
2012-10-15,112.30000305175781,112.30000305175781,112.9000015258789,110.55000305175781,112.5,699
2012-10-16,113.05000305175781,113.05000305175781,113.5,111.1500015258789,112.30000305175781,1118
2012-10-17,117.3499984741211,117.3499984741211,117.8499984741211,112.5,112.69999694824219,1278
2012-10-18,114.4000015258789,114.4000015258789,117.8499984741211,113.6500015258789,117.0,822
2012-10-19,113.0,113.0,115.0,112.0,113.94999694824219,1366
2012-10-22,112.1500015258789,112.1500015258789,113.19999694824219,111.55000305175781,112.5,1045
2012-10-23,111.1500015258789,111.1500015258789,113.5,110.6500015258789,111.55000305175781,582
2012-10-24,110.4000015258789,110.4000015258789,111.6500015258789,108.69999694824219,111.30000305175781,1088
2012-10-25,112.0999984741211,112.0999984741211,114.0,110.30000305175781,110.30000305175781,656
2012-10-26,112.0999984741211,112.0999984741211,113.05000305175781,111.9000015258789,112.5,825
2012-10-31,106.25,106.25,107.0999984741211,104.5,106.5,672
2012-11-01,105.69999694824219,105.69999694824219,110.8499984741211,105.5999984741211,106.55000305175781,240
2012-11-02,105.0,105.0,108.30000305175781,108.30000305175781,108.30000305175781,23
2012-11-05,107.5,107.5,108.75,107.25,108.4000015258789,44
2012-11-06,110.4000015258789,110.4000015258789,111.0999984741211,111.0999984741211,111.0999984741211,73
2012-11-07,110.9000015258789,110.9000015258789,110.69999694824219,108.0,108.0,31
2012-11-08,108.94999694824219,108.94999694824219,109.0999984741211,108.80000305175781,109.0999984741211,12
2012-11-09,106.94999694824219,106.94999694824219,106.94999694824219,106.94999694824219,106.94999694824219,601
2012-11-12,106.0999984741211,106.0999984741211,108.0,106.0,107.3499984741211,401
2012-11-13,109.55000305175781,109.55000305175781,109.8499984741211,106.5,107.30000305175781,578
2012-11-14,112.80000305175781,112.80000305175781,113.5999984741211,109.5,109.5,1137
2012-11-15,116.25,116.25,118.0,112.55000305175781,113.0,1436
2012-11-16,117.30000305175781,117.30000305175781,119.3499984741211,116.0,117.44999694824219,989
2012-11-19,117.05000305175781,117.05000305175781,117.75,114.30000305175781,117.0,904
2012-11-20,122.0,122.0,123.30000305175781,115.80000305175781,116.5999984741211,2183
2012-11-21,125.4000015258789,125.4000015258789,126.8499984741211,121.94999694824219,122.5,0
2012-11-23,126.0,126.0,127.0,121.75,124.94999694824219,1399
2012-11-26,127.44999694824219,127.44999694824219,129.5,125.0,125.0,1762
2012-11-27,126.05000305175781,126.05000305175781,129.10000610351562,124.3499984741211,127.44999694824219,1578
2012-11-28,123.25,123.25,125.4000015258789,120.5,124.9000015258789,1409
2012-11-29,124.0999984741211,124.0999984741211,126.69999694824219,123.25,124.0,1479
2012-11-30,123.25,123.25,124.94999694824219,121.5,124.0999984741211,1979
2012-12-03,122.4000015258789,122.4000015258789,127.0999984741211,121.69999694824219,122.4000015258789,1793
2012-12-04,123.5999984741211,123.5999984741211,124.44999694824219,121.30000305175781,122.44999694824219,1954
2012-12-05,124.44999694824219,124.44999694824219,126.19999694824219,122.30000305175781,123.55000305175781,963
2012-12-06,125.19999694824219,125.19999694824219,126.0,123.3499984741211,124.44999694824219,1776
2012-12-07,124.55000305175781,124.55000305175781,127.0,124.5,125.0,2206
2012-12-10,125.3499984741211,125.3499984741211,126.9000015258789,124.75,124.75,834
2012-12-11,129.89999389648438,129.89999389648438,134.0,125.3499984741211,125.4000015258789,2119
2012-12-12,134.10000610351562,134.10000610351562,138.25,131.0,131.0,3288
2012-12-13,137.25,137.25,140.14999389648438,132.89999389648438,134.10000610351562,2778
2012-12-14,137.89999389648438,137.89999389648438,138.9499969482422,135.1999969482422,137.1999969482422,1400
2012-12-17,138.0,138.0,138.60000610351562,134.14999389648438,137.0,1824
2012-12-18,139.5500030517578,139.5500030517578,140.60000610351562,136.6999969482422,136.85000610351562,1831
2012-12-19,141.5,141.5,144.0,138.64999389648438,139.0,2040
2012-12-20,137.60000610351562,137.60000610351562,141.0,137.25,141.0,1119
2012-12-21,133.0500030517578,133.0500030517578,138.3000030517578,132.1999969482422,137.39999389648438,1194
2012-12-24,131.89999389648438,131.89999389648438,133.39999389648438,131.25,132.0,0
2012-12-26,130.60000610351562,130.60000610351562,133.0,130.5500030517578,131.89999389648438,732
2012-12-27,130.3000030517578,130.3000030517578,132.89999389648438,129.35000610351562,130.60000610351562,1213
2012-12-28,125.5,125.5,131.0,122.44999694824219,131.0,722
2012-12-31,116.05000305175781,116.05000305175781,123.69999694824219,116.1500015258789,122.0,430
2013-01-02,115.69999694824219,115.69999694824219,117.0,113.75,116.69999694824219,302
2013-01-03,111.0999984741211,111.0999984741211,114.75,111.0,114.5999984741211,292
2013-01-04,112.5999984741211,112.5999984741211,111.5,110.3499984741211,111.0,60
2013-01-07,109.6500015258789,109.6500015258789,112.69999694824219,110.5,112.69999694824219,80
2013-01-08,108.5999984741211,108.5999984741211,110.0,109.4000015258789,109.75,18
2013-01-09,110.05000305175781,110.05000305175781,111.05000305175781,108.5999984741211,110.0,33
2013-01-10,111.5999984741211,111.5999984741211,111.5999984741211,111.5999984741211,111.5999984741211,1788
2013-01-11,112.80000305175781,112.80000305175781,114.6500015258789,111.9000015258789,113.55000305175781,1408
2013-01-14,111.5,111.5,115.19999694824219,110.9000015258789,113.30000305175781,1453
2013-01-15,110.30000305175781,110.30000305175781,112.5,110.0,111.5,1223
2013-01-16,112.30000305175781,112.30000305175781,113.9000015258789,109.9000015258789,110.0,1640
2013-01-17,112.3499984741211,112.3499984741211,113.5999984741211,111.6500015258789,112.75,876
2013-01-18,114.55000305175781,114.55000305175781,116.5999984741211,112.75,112.75,0
2013-01-22,115.19999694824219,115.19999694824219,117.80000305175781,114.0,114.5,2058
2013-01-23,115.5999984741211,115.5999984741211,116.6500015258789,114.80000305175781,115.75,737
2013-01-24,113.19999694824219,113.19999694824219,116.80000305175781,113.0,115.5999984741211,1819
2013-01-25,113.4000015258789,113.4000015258789,114.9000015258789,112.8499984741211,113.05000305175781,871
2013-01-28,114.05000305175781,114.05000305175781,116.0,113.19999694824219,113.5,1146
2013-01-29,114.30000305175781,114.30000305175781,115.25,113.6500015258789,114.80000305175781,619
2013-01-30,119.30000305175781,119.30000305175781,119.69999694824219,114.0999984741211,114.3499984741211,2230
2013-01-31,119.69999694824219,119.69999694824219,123.19999694824219,118.80000305175781,119.5999984741211,2966
2013-02-01,121.75,121.75,122.4000015258789,120.0,120.4000015258789,1840
2013-02-04,120.4000015258789,120.4000015258789,123.94999694824219,119.6500015258789,122.75,1337
2013-02-05,121.8499984741211,121.8499984741211,123.69999694824219,120.4000015258789,120.4000015258789,910
2013-02-06,120.0,120.0,123.6500015258789,119.55000305175781,122.0,1757
2013-02-07,121.0999984741211,121.0999984741211,122.9000015258789,119.30000305175781,120.0,1262
2013-02-08,120.55000305175781,120.55000305175781,125.25,119.5,121.0,2106
2013-02-11,121.4000015258789,121.4000015258789,122.0,120.19999694824219,120.94999694824219,909
2013-02-12,127.94999694824219,127.94999694824219,128.3000030517578,120.55000305175781,121.30000305175781,3452
2013-02-13,129.6999969482422,129.6999969482422,129.9499969482422,127.0999984741211,128.0500030517578,1831
2013-02-14,130.6999969482422,130.6999969482422,130.85000610351562,128.85000610351562,129.0,1288
2013-02-15,128.85000610351562,128.85000610351562,131.6999969482422,125.4000015258789,131.0,0
2013-02-19,124.30000305175781,124.30000305175781,129.25,123.5,128.0,1140
2013-02-20,125.5999984741211,125.5999984741211,125.69999694824219,123.30000305175781,123.5,960
2013-02-21,128.0500030517578,128.0500030517578,128.5500030517578,124.3499984741211,124.55000305175781,506
2013-02-22,128.6999969482422,128.6999969482422,130.9499969482422,127.6500015258789,128.5,404
2013-02-25,129.35000610351562,129.35000610351562,130.5,129.35000610351562,130.0,671
2013-02-26,126.6500015258789,126.6500015258789,130.0,125.5,129.4499969482422,1090
2013-02-27,125.1500015258789,125.1500015258789,128.0,125.05000305175781,127.5999984741211,808
2013-02-28,127.1500015258789,127.1500015258789,127.5,123.1500015258789,123.1500015258789,629
2013-03-01,120.75,120.75,126.75,120.1500015258789,126.5999984741211,317
2013-03-04,123.94999694824219,123.94999694824219,126.75,123.5,125.80000305175781,52
2013-03-05,123.5,123.5,123.5,123.5,123.5,52
2013-03-06,122.6500015258789,122.6500015258789,124.75,121.5,124.75,36
2013-03-07,125.3499984741211,125.3499984741211,124.5,123.75,123.75,9
2013-03-08,136.5,136.5,140.0,129.5,129.5,3437
2013-03-11,136.25,136.25,137.5,132.0,133.39999389648438,1627
2013-03-12,137.5,137.5,138.75,135.10000610351562,135.5500030517578,1335
2013-03-13,137.39999389648438,137.39999389648438,140.3000030517578,135.6999969482422,138.10000610351562,1434
2013-03-14,136.9499969482422,136.9499969482422,138.10000610351562,133.85000610351562,135.5500030517578,1203
2013-03-15,139.1999969482422,139.1999969482422,139.6999969482422,135.75,137.8000030517578,1203
2013-03-18,139.0500030517578,139.0500030517578,139.3000030517578,134.85000610351562,137.3000030517578,1172
2013-03-19,139.64999389648438,139.64999389648438,139.89999389648438,137.9499969482422,138.9499969482422,750
2013-03-20,135.14999389648438,135.14999389648438,140.14999389648438,133.0500030517578,139.5,1799
2013-03-21,137.5500030517578,137.5500030517578,138.6999969482422,134.0500030517578,134.0500030517578,1310
2013-03-22,138.14999389648438,138.14999389648438,139.9499969482422,135.75,135.75,866
2013-03-25,139.39999389648438,139.39999389648438,140.0,138.14999389648438,139.3000030517578,919
2013-03-26,138.9499969482422,138.9499969482422,140.0,138.60000610351562,139.5,930
2013-03-27,137.0,137.0,139.1999969482422,136.5500030517578,138.9499969482422,959
2013-03-28,135.14999389648438,135.14999389648438,138.1999969482422,133.85000610351562,137.25,0
2013-04-01,133.9499969482422,133.9499969482422,137.85000610351562,131.14999389648438,136.0,3107
2013-04-02,139.5500030517578,139.5500030517578,142.0,134.0,134.60000610351562,2396
2013-04-03,139.4499969482422,139.4499969482422,139.85000610351562,135.5500030517578,139.85000610351562,1709
2013-04-04,140.8000030517578,140.8000030517578,141.9499969482422,137.14999389648438,139.0500030517578,1931
2013-04-05,147.75,147.75,148.39999389648438,140.14999389648438,141.5,3096
2013-04-08,145.4499969482422,145.4499969482422,148.14999389648438,145.0,147.75,2180
2013-04-09,147.64999389648438,147.64999389648438,148.1999969482422,145.0,145.5500030517578,1480
2013-04-10,146.39999389648438,146.39999389648438,152.64999389648438,144.0,145.89999389648438,2368
2013-04-11,142.9499969482422,142.9499969482422,145.9499969482422,141.5500030517578,145.8000030517578,2225
2013-04-12,144.0,144.0,144.5,140.35000610351562,141.9499969482422,1509
2013-04-15,149.10000610351562,149.10000610351562,154.0,144.0,144.0,1950
2013-04-16,148.14999389648438,148.14999389648438,149.3000030517578,146.1999969482422,148.9499969482422,1424
2013-04-17,148.4499969482422,148.4499969482422,150.64999389648438,145.64999389648438,148.5500030517578,1522
2013-04-18,146.10000610351562,146.10000610351562,149.39999389648438,143.1999969482422,148.4499969482422,2406
2013-04-19,147.1999969482422,147.1999969482422,148.39999389648438,146.35000610351562,146.89999389648438,1334
2013-04-22,143.25,143.25,147.25,142.75,147.1999969482422,2203
2013-04-23,141.75,141.75,143.35000610351562,140.5500030517578,143.25,1692
2013-04-24,144.35000610351562,144.35000610351562,146.1999969482422,140.9499969482422,140.9499969482422,691
2013-04-25,144.5500030517578,144.5500030517578,145.3000030517578,143.10000610351562,144.89999389648438,715
2013-04-26,140.35000610351562,140.35000610351562,144.35000610351562,139.10000610351562,143.64999389648438,1125
2013-04-29,143.1999969482422,143.1999969482422,145.0,141.39999389648438,142.0,341
2013-04-30,141.39999389648438,141.39999389648438,147.10000610351562,142.85000610351562,143.0,571
2013-05-01,141.75,141.75,140.0,138.0,138.0,40
2013-05-02,145.0500030517578,145.0500030517578,145.25,143.0,145.0,51
2013-05-03,146.9499969482422,146.9499969482422,146.85000610351562,146.75,146.85000610351562,11
2013-05-06,143.4499969482422,143.4499969482422,148.89999389648438,143.14999389648438,148.89999389648438,12
2013-05-07,141.60000610351562,141.60000610351562,144.0500030517578,141.0,144.0500030517578,13
2013-05-08,147.35000610351562,147.35000610351562,147.35000610351562,147.35000610351562,147.35000610351562,1
2013-05-09,147.8000030517578,147.8000030517578,148.1999969482422,148.1999969482422,148.1999969482422,2
2013-05-10,148.1999969482422,148.1999969482422,148.1999969482422,148.1999969482422,148.1999969482422,989
2013-05-13,148.14999389648438,148.14999389648438,149.60000610351562,143.1999969482422,144.0500030517578,1342
2013-05-14,148.64999389648438,148.64999389648438,149.14999389648438,147.25,148.6999969482422,563
2013-05-15,146.4499969482422,146.4499969482422,148.8000030517578,144.8000030517578,148.5500030517578,1114
2013-05-16,144.3000030517578,144.3000030517578,147.10000610351562,140.9499969482422,146.60000610351562,1075
2013-05-17,142.0,142.0,144.0,139.5,144.0,1169
2013-05-20,143.8000030517578,143.8000030517578,143.85000610351562,138.85000610351562,141.10000610351562,1330
2013-05-21,143.0500030517578,143.0500030517578,144.5,142.39999389648438,143.75,469
2013-05-22,146.0,146.0,147.0,141.85000610351562,142.10000610351562,1387
2013-05-23,148.39999389648438,148.39999389648438,149.9499969482422,145.0500030517578,146.5,1290
2013-05-24,147.3000030517578,147.3000030517578,149.0,145.64999389648438,149.0,0
2013-05-28,148.8000030517578,148.8000030517578,149.89999389648438,147.14999389648438,147.60000610351562,704
2013-05-29,153.60000610351562,153.60000610351562,154.60000610351562,148.8000030517578,148.8000030517578,1674
2013-05-30,153.75,153.75,155.75,151.60000610351562,153.8000030517578,2153
2013-05-31,151.35000610351562,151.35000610351562,155.10000610351562,147.4499969482422,154.0,2451
2013-06-03,150.64999389648438,150.64999389648438,151.89999389648438,149.0,150.0,2255
2013-06-04,153.0500030517578,153.0500030517578,154.10000610351562,149.9499969482422,150.64999389648438,881
2013-06-05,150.5,150.5,154.1999969482422,149.10000610351562,153.89999389648438,1191
2013-06-06,149.6999969482422,149.6999969482422,152.75,148.0,150.8000030517578,1308
2013-06-07,151.39999389648438,151.39999389648438,152.5,148.35000610351562,148.4499969482422,667
2013-06-10,151.8000030517578,151.8000030517578,154.0500030517578,150.0500030517578,150.5500030517578,1076
2013-06-11,151.75,151.75,152.60000610351562,149.5500030517578,151.8000030517578,1746
2013-06-12,148.60000610351562,148.60000610351562,153.0500030517578,148.1999969482422,150.10000610351562,1859
2013-06-13,145.64999389648438,145.64999389648438,148.6999969482422,145.25,148.1999969482422,2191
2013-06-14,147.0,147.0,147.9499969482422,145.0,145.5,1555
2013-06-17,145.8000030517578,145.8000030517578,149.39999389648438,144.6999969482422,146.25,2621
2013-06-18,145.0500030517578,145.0500030517578,147.5500030517578,144.5500030517578,145.8000030517578,2065
2013-06-19,142.5,142.5,145.10000610351562,141.6999969482422,145.0500030517578,1652
2013-06-20,142.25,142.25,146.4499969482422,141.89999389648438,143.5,1035
2013-06-21,140.89999389648438,140.89999389648438,144.5500030517578,140.5,142.25,1140
2013-06-24,140.0,140.0,143.0,139.5,141.0500030517578,768
2013-06-25,133.85000610351562,133.85000610351562,140.64999389648438,132.39999389648438,140.10000610351562,1304
2013-06-26,127.5999984741211,127.5999984741211,134.1999969482422,124.30000305175781,134.1999969482422,904
2013-06-27,127.6500015258789,127.6500015258789,128.6999969482422,125.0,128.14999389648438,387
2013-06-28,129.89999389648438,129.89999389648438,132.5500030517578,127.0,129.0,288
2013-07-01,132.0,132.0,130.75,130.75,130.75,9
2013-07-02,134.0500030517578,134.0500030517578,135.39999389648438,131.0,131.0,8
2013-07-03,135.0,135.0,136.0,136.0,136.0,5
2013-07-05,136.0500030517578,136.0500030517578,136.35000610351562,136.35000610351562,136.35000610351562,2
2013-07-08,137.0,137.0,135.5,135.5,135.5,1
2013-07-09,138.64999389648438,138.64999389648438,138.60000610351562,138.35000610351562,138.35000610351562,3
2013-07-10,137.0,137.0,137.0,137.0,137.0,3
2013-07-11,136.3000030517578,136.3000030517578,136.3000030517578,136.3000030517578,136.3000030517578,414
2013-07-12,139.1999969482422,139.1999969482422,139.9499969482422,134.60000610351562,134.8000030517578,966
2013-07-15,139.4499969482422,139.4499969482422,140.39999389648438,138.6999969482422,139.39999389648438,613
2013-07-16,142.60000610351562,142.60000610351562,142.85000610351562,139.39999389648438,139.60000610351562,995
2013-07-17,144.8000030517578,144.8000030517578,145.10000610351562,142.89999389648438,143.25,1238
2013-07-18,143.0500030517578,143.0500030517578,146.10000610351562,142.5,144.89999389648438,968
2013-07-19,144.60000610351562,144.60000610351562,145.0,142.5,142.75,605
2013-07-22,146.14999389648438,146.14999389648438,147.9499969482422,144.60000610351562,144.60000610351562,992
2013-07-23,142.0500030517578,142.0500030517578,146.6999969482422,141.4499969482422,146.14999389648438,879
2013-07-24,146.0,146.0,147.0,142.10000610351562,142.10000610351562,920
2013-07-25,146.25,146.25,146.89999389648438,143.6999969482422,145.4499969482422,485
2013-07-26,144.1999969482422,144.1999969482422,146.1999969482422,143.85000610351562,146.1999969482422,463
2013-07-29,145.9499969482422,145.9499969482422,146.8000030517578,142.89999389648438,144.1999969482422,1030
2013-07-30,145.60000610351562,145.60000610351562,147.0,145.10000610351562,146.1999969482422,2691
2013-07-31,143.89999389648438,143.89999389648438,146.4499969482422,143.6999969482422,145.8000030517578,1361
2013-08-01,144.60000610351562,144.60000610351562,145.60000610351562,140.5,144.10000610351562,1749
2013-08-02,142.1999969482422,142.1999969482422,145.0,141.75,144.60000610351562,858
2013-08-05,142.39999389648438,142.39999389648438,143.9499969482422,142.0500030517578,142.0500030517578,682
2013-08-06,140.25,140.25,142.14999389648438,138.25,141.64999389648438,1334
2013-08-07,138.4499969482422,138.4499969482422,140.5,137.64999389648438,140.25,793
2013-08-08,138.39999389648438,138.39999389648438,140.25,137.8000030517578,138.4499969482422,510
2013-08-09,134.3000030517578,134.3000030517578,138.4499969482422,133.8000030517578,138.25,1706
2013-08-12,130.75,130.75,135.60000610351562,129.25,135.60000610351562,1669
2013-08-13,131.4499969482422,131.4499969482422,132.39999389648438,130.10000610351562,131.0,1270
2013-08-14,131.35000610351562,131.35000610351562,135.0,130.85000610351562,131.14999389648438,1541
2013-08-15,130.4499969482422,130.4499969482422,133.25,130.0,131.9499969482422,1012
2013-08-16,131.25,131.25,134.6999969482422,127.8499984741211,130.8000030517578,2755
2013-08-19,135.5,135.5,136.5,132.75,132.75,871
2013-08-20,134.5,134.5,136.64999389648438,133.25,135.5,765
2013-08-21,137.5,137.5,138.9499969482422,134.25,135.0,557
2013-08-22,138.0500030517578,138.0500030517578,139.8000030517578,136.9499969482422,138.85000610351562,685
2013-08-23,135.10000610351562,135.10000610351562,139.35000610351562,134.35000610351562,138.39999389648438,576
2013-08-26,136.5500030517578,136.5500030517578,137.0,132.5,135.4499969482422,486
2013-08-27,135.14999389648438,135.14999389648438,138.5,135.0500030517578,136.5500030517578,863
2013-08-28,136.64999389648438,136.64999389648438,137.0500030517578,135.60000610351562,135.64999389648438,623
2013-08-29,137.9499969482422,137.9499969482422,138.1999969482422,136.9499969482422,137.64999389648438,271
2013-08-30,136.9499969482422,136.9499969482422,138.1999969482422,136.4499969482422,138.1999969482422,0
2013-09-03,132.5500030517578,132.5500030517578,134.89999389648438,131.64999389648438,132.75,33
2013-09-04,133.1999969482422,133.1999969482422,133.60000610351562,132.6999969482422,132.85000610351562,9
2013-09-05,132.6999969482422,132.6999969482422,133.25,132.9499969482422,133.25,7
2013-09-06,133.0500030517578,133.0500030517578,133.4499969482422,133.10000610351562,133.4499969482422,35
2013-09-09,137.0,137.0,137.14999389648438,136.5500030517578,136.5500030517578,131
2013-09-10,136.75,136.75,136.75,136.75,136.75,704
2013-09-11,135.0500030517578,135.0500030517578,137.5,133.89999389648438,137.0,747
2013-09-12,139.35000610351562,139.35000610351562,140.0,134.85000610351562,135.0500030517578,1044
2013-09-13,140.1999969482422,140.1999969482422,142.8000030517578,138.6999969482422,139.5,1346
2013-09-16,135.6999969482422,135.6999969482422,140.35000610351562,134.6999969482422,140.25,1404
2013-09-17,127.55000305175781,127.55000305175781,135.0,126.9000015258789,135.0,2887
2013-09-18,126.69999694824219,126.69999694824219,129.60000610351562,125.6500015258789,127.4000015258789,2309
2013-09-19,125.3499984741211,125.3499984741211,129.39999389648438,125.0999984741211,127.0,932
2013-09-20,125.55000305175781,125.55000305175781,126.55000305175781,125.25,125.3499984741211,863
2013-09-23,126.30000305175781,126.30000305175781,128.8000030517578,125.5,125.55000305175781,807
2013-09-24,127.5999984741211,127.5999984741211,131.1999969482422,122.5999984741211,127.30000305175781,1786
2013-09-25,130.4499969482422,130.4499969482422,130.64999389648438,125.9000015258789,128.5,910
2013-09-26,127.75,127.75,131.89999389648438,127.5999984741211,130.5500030517578,694
2013-09-27,129.39999389648438,129.39999389648438,130.14999389648438,126.1500015258789,128.0,1425
2013-09-30,131.3000030517578,131.3000030517578,131.8000030517578,128.0500030517578,129.89999389648438,1464
2013-10-01,127.9000015258789,127.9000015258789,132.6999969482422,127.5,131.5,1824
2013-10-02,127.44999694824219,127.44999694824219,129.4499969482422,126.94999694824219,128.0500030517578,708
2013-10-03,125.8499984741211,125.8499984741211,128.3000030517578,125.6500015258789,126.94999694824219,711
2013-10-04,128.1999969482422,128.1999969482422,128.6999969482422,125.8499984741211,125.8499984741211,848
2013-10-07,127.80000305175781,127.80000305175781,129.10000610351562,126.8499984741211,128.75,773
2013-10-08,129.1999969482422,129.1999969482422,130.0,127.5,128.0,730
2013-10-09,128.5,128.5,129.89999389648438,127.5,129.14999389648438,817
2013-10-10,126.80000305175781,126.80000305175781,128.3000030517578,125.44999694824219,128.3000030517578,788
2013-10-11,126.44999694824219,126.44999694824219,127.19999694824219,125.4000015258789,127.05000305175781,748
2013-10-14,125.9000015258789,125.9000015258789,127.0,124.6500015258789,126.5,955
2013-10-15,123.8499984741211,123.8499984741211,125.5999984741211,122.75,125.0,1909
2013-10-16,123.69999694824219,123.69999694824219,124.5999984741211,121.80000305175781,123.0,1070
2013-10-17,117.5,117.5,124.0,117.25,123.69999694824219,1597
2013-10-18,118.6500015258789,118.6500015258789,119.0,116.80000305175781,117.6500015258789,881
2013-10-21,117.3499984741211,117.3499984741211,118.19999694824219,116.6500015258789,118.19999694824219,821
2013-10-22,117.55000305175781,117.55000305175781,118.0,116.0999984741211,117.3499984741211,768
2013-10-23,120.80000305175781,120.80000305175781,122.69999694824219,117.05000305175781,117.9000015258789,542
2013-10-24,121.55000305175781,121.55000305175781,122.05000305175781,120.69999694824219,120.94999694824219,249
2013-10-25,120.80000305175781,120.80000305175781,121.80000305175781,119.9000015258789,121.25,221
2013-10-28,118.5999984741211,118.5999984741211,120.75,117.19999694824219,120.69999694824219,521
2013-10-29,117.55000305175781,117.55000305175781,117.9000015258789,116.0,117.9000015258789,517
2013-10-30,118.30000305175781,118.30000305175781,119.5,117.55000305175781,117.69999694824219,525
2013-10-31,121.55000305175781,121.55000305175781,123.75,118.6500015258789,118.6500015258789,368
2013-11-01,123.44999694824219,123.44999694824219,125.75,122.94999694824219,123.5,14
2013-11-04,120.19999694824219,120.19999694824219,121.5999984741211,119.8499984741211,121.5999984741211,13
2013-11-05,122.5,122.5,122.5,122.5,122.5,13
2013-11-06,124.25,124.25,124.69999694824219,124.19999694824219,124.19999694824219,4
2013-11-07,124.0999984741211,124.0999984741211,124.0999984741211,124.0999984741211,124.0999984741211,4
2013-11-08,131.0,131.0,125.9000015258789,125.9000015258789,125.9000015258789,2390
2013-11-11,133.85000610351562,133.85000610351562,134.3000030517578,131.0,131.60000610351562,1470
2013-11-12,135.35000610351562,135.35000610351562,137.0,133.0,133.89999389648438,2205
2013-11-13,133.6999969482422,133.6999969482422,135.0,131.5500030517578,134.8000030517578,764
2013-11-14,136.60000610351562,136.60000610351562,136.8000030517578,133.6999969482422,133.6999969482422,606
2013-11-15,138.3000030517578,138.3000030517578,138.39999389648438,135.75,136.85000610351562,680
2013-11-18,138.0,138.0,139.0500030517578,137.0,138.1999969482422,923
2013-11-19,136.39999389648438,136.39999389648438,138.5,135.89999389648438,138.0,906
2013-11-20,137.85000610351562,137.85000610351562,138.4499969482422,135.75,135.75,908
2013-11-21,138.64999389648438,138.64999389648438,138.9499969482422,136.64999389648438,137.85000610351562,1132
2013-11-22,138.9499969482422,138.9499969482422,139.89999389648438,138.60000610351562,138.64999389648438,836
2013-11-25,138.8000030517578,138.8000030517578,139.75,135.39999389648438,138.5,823
2013-11-26,138.89999389648438,138.89999389648438,139.10000610351562,137.60000610351562,138.8000030517578,751
2013-11-27,139.0500030517578,139.0500030517578,139.75,137.6999969482422,139.5500030517578,0
2013-11-29,139.6999969482422,139.6999969482422,141.0,138.4499969482422,139.0,1256
2013-12-02,139.3000030517578,139.3000030517578,140.25,136.9499969482422,139.60000610351562,1623
2013-12-03,136.4499969482422,136.4499969482422,139.35000610351562,136.1999969482422,138.9499969482422,1717
2013-12-04,135.5,135.5,136.5500030517578,133.60000610351562,136.5500030517578,1190
2013-12-05,138.0,138.0,138.3000030517578,135.14999389648438,135.89999389648438,731
2013-12-06,138.0500030517578,138.0500030517578,138.60000610351562,136.60000610351562,137.8000030517578,730
2013-12-09,141.1999969482422,141.1999969482422,145.0,138.0500030517578,138.0500030517578,2339
2013-12-10,142.8000030517578,142.8000030517578,144.0,140.5500030517578,141.85000610351562,1314
2013-12-11,144.0500030517578,144.0500030517578,144.64999389648438,142.0,142.89999389648438,913
2013-12-12,146.25,146.25,146.3000030517578,142.6999969482422,144.10000610351562,923
2013-12-13,144.4499969482422,144.4499969482422,146.64999389648438,141.10000610351562,145.89999389648438,1548
2013-12-16,141.9499969482422,141.9499969482422,144.5,141.10000610351562,144.5,1245
2013-12-17,142.60000610351562,142.60000610351562,143.39999389648438,140.14999389648438,141.60000610351562,1053
2013-12-18,141.9499969482422,141.9499969482422,142.8000030517578,140.60000610351562,142.6999969482422,619
2013-12-19,141.6999969482422,141.6999969482422,142.25,141.10000610351562,142.25,844
2013-12-20,137.1999969482422,137.1999969482422,140.75,137.1999969482422,140.6999969482422,664
2013-12-23,135.0500030517578,135.0500030517578,137.75,134.5,137.75,601
2013-12-24,138.3000030517578,138.3000030517578,138.0500030517578,134.5500030517578,135.0500030517578,477
2013-12-26,141.39999389648438,141.39999389648438,141.64999389648438,138.3000030517578,138.39999389648438,156
2013-12-27,136.75,136.75,141.0500030517578,136.3000030517578,141.0500030517578,476
2013-12-30,138.25,138.25,138.89999389648438,135.0,136.25,126
2013-12-31,136.4499969482422,136.4499969482422,138.5,135.5,138.25,20
2014-01-02,136.60000610351562,136.60000610351562,136.9499969482422,135.8000030517578,136.9499969482422,20
2014-01-03,138.64999389648438,138.64999389648438,140.4499969482422,136.60000610351562,136.60000610351562,21
2014-01-06,142.85000610351562,142.85000610351562,141.14999389648438,141.14999389648438,141.14999389648438,22
2014-01-07,143.35000610351562,143.35000610351562,142.14999389648438,142.0,142.14999389648438,74
2014-01-08,142.5,142.5,143.3000030517578,143.3000030517578,143.3000030517578,3
2014-01-09,142.5500030517578,142.5500030517578,143.4499969482422,143.25,143.25,16
2014-01-10,148.10000610351562,148.10000610351562,145.39999389648438,143.0500030517578,143.0500030517578,2668
2014-01-13,148.39999389648438,148.39999389648438,150.0,146.0,148.60000610351562,1810
2014-01-14,145.35000610351562,145.35000610351562,147.60000610351562,143.60000610351562,147.35000610351562,861
2014-01-15,145.14999389648438,145.14999389648438,146.85000610351562,143.64999389648438,145.35000610351562,613
2014-01-16,141.39999389648438,141.39999389648438,145.14999389648438,136.60000610351562,144.8000030517578,1803
2014-01-17,141.85000610351562,141.85000610351562,142.3000030517578,139.5500030517578,141.8000030517578,854
2014-01-21,143.39999389648438,143.39999389648438,144.64999389648438,141.35000610351562,141.85000610351562,821
2014-01-22,144.1999969482422,144.1999969482422,144.60000610351562,142.75,143.5500030517578,587
2014-01-23,144.4499969482422,144.4499969482422,145.0500030517578,143.39999389648438,144.1999969482422,462
2014-01-24,143.0,143.0,145.5,140.0,144.25,1059
2014-01-27,139.1999969482422,139.1999969482422,143.25,138.75,143.25,1426
2014-01-28,138.6999969482422,138.6999969482422,140.35000610351562,138.5500030517578,139.1999969482422,830
2014-01-29,138.0,138.0,138.6999969482422,137.25,138.5,1079
2014-01-30,139.6999969482422,139.6999969482422,140.64999389648438,137.3000030517578,138.0,1306
2014-01-31,142.5500030517578,142.5500030517578,144.5,139.6999969482422,139.6999969482422,1192
2014-02-03,142.35000610351562,142.35000610351562,146.0,141.6999969482422,142.1999969482422,1653
2014-02-04,143.4499969482422,143.4499969482422,144.25,138.8000030517578,143.0,1633
2014-02-05,145.8000030517578,145.8000030517578,147.0,143.25,143.64999389648438,1068
2014-02-06,145.4499969482422,145.4499969482422,146.3000030517578,145.0,145.5,747
2014-02-07,147.25,147.25,148.0,144.0500030517578,145.5,1069
2014-02-10,147.0,147.0,148.85000610351562,144.1999969482422,147.0,1519
2014-02-11,145.4499969482422,145.4499969482422,146.64999389648438,142.75,145.75,1174
2014-02-12,146.25,146.25,146.89999389648438,144.8000030517578,145.4499969482422,557
2014-02-13,146.4499969482422,146.4499969482422,147.5500030517578,145.9499969482422,146.25,757
2014-02-14,144.35000610351562,144.35000610351562,147.14999389648438,143.0,146.8000030517578,0
2014-02-18,143.64999389648438,143.64999389648438,145.0,142.0500030517578,144.0500030517578,1320
2014-02-19,143.39999389648438,143.39999389648438,143.89999389648438,141.75,143.25,1958
2014-02-20,147.1999969482422,147.1999969482422,147.89999389648438,141.5,142.9499969482422,2363
2014-02-21,146.5500030517578,146.5500030517578,147.25,145.89999389648438,147.0,1053
2014-02-24,146.35000610351562,146.35000610351562,148.0,145.75,147.5500030517578,556
2014-02-25,146.14999389648438,146.14999389648438,146.3000030517578,144.0,146.0,637
2014-02-26,146.14999389648438,146.14999389648438,146.14999389648438,145.0,146.0,614
2014-02-27,148.14999389648438,148.14999389648438,148.5500030517578,146.0,146.60000610351562,654
2014-02-28,147.75,147.75,148.89999389648438,146.60000610351562,148.1999969482422,319
2014-03-03,149.4499969482422,149.4499969482422,150.0,146.25,146.25,24
2014-03-04,154.5,154.5,147.5,147.5,147.5,1
2014-03-05,155.5,155.5,155.1999969482422,155.0,155.1999969482422,3
2014-03-06,156.3000030517578,156.3000030517578,156.0,155.5,155.5,2
2014-03-07,155.0,155.0,158.0,155.3000030517578,156.0,17
2014-03-10,156.5,156.5,156.0,155.39999389648438,156.0,6
2014-03-11,158.5,158.5,158.5,158.5,158.5,837
2014-03-12,153.10000610351562,153.10000610351562,155.85000610351562,152.6999969482422,155.60000610351562,732
2014-03-13,150.85000610351562,150.85000610351562,153.4499969482422,150.8000030517578,153.4499969482422,993
2014-03-14,149.5,149.5,151.14999389648438,149.14999389648438,150.85000610351562,939
2014-03-17,152.4499969482422,152.4499969482422,155.8000030517578,149.14999389648438,149.4499969482422,734
2014-03-18,152.9499969482422,152.9499969482422,153.85000610351562,151.35000610351562,151.75,450
2014-03-19,152.89999389648438,152.89999389648438,153.60000610351562,152.14999389648438,152.9499969482422,507
2014-03-20,153.5500030517578,153.5500030517578,154.0,152.5500030517578,152.75,693
2014-03-21,152.9499969482422,152.9499969482422,154.89999389648438,151.6999969482422,154.6999969482422,945
2014-03-24,151.25,151.25,153.0500030517578,150.25,152.64999389648438,720
2014-03-25,148.39999389648438,148.39999389648438,151.25,146.6999969482422,151.1999969482422,1646
2014-03-26,148.85000610351562,148.85000610351562,149.5,147.9499969482422,147.9499969482422,739
2014-03-27,150.25,150.25,150.85000610351562,149.1999969482422,149.75,627
2014-03-28,150.5,150.5,151.14999389648438,150.25,150.75,767
2014-03-31,155.0,155.0,155.0,151.0,151.1999969482422,1763
2014-04-01,150.89999389648438,150.89999389648438,154.75,150.60000610351562,154.6999969482422,1560
2014-04-02,153.6999969482422,153.6999969482422,154.0,151.0500030517578,151.8000030517578,642
2014-04-03,154.39999389648438,154.39999389648438,156.0,152.5,153.60000610351562,1489
2014-04-04,153.9499969482422,153.9499969482422,155.89999389648438,153.3000030517578,154.9499969482422,1101
2014-04-07,154.0500030517578,154.0500030517578,155.0,152.8000030517578,155.0,682
2014-04-08,155.5,155.5,156.75,153.8000030517578,154.0,984
2014-04-09,160.3000030517578,160.3000030517578,161.8000030517578,155.3000030517578,156.89999389648438,2272
2014-04-10,163.85000610351562,163.85000610351562,165.75,160.10000610351562,160.5,2063
2014-04-11,165.0,165.0,166.8000030517578,163.0,163.0,1386
2014-04-14,163.14999389648438,163.14999389648438,165.5,162.0500030517578,164.89999389648438,722
2014-04-15,164.4499969482422,164.4499969482422,166.5,162.5,162.9499969482422,937
2014-04-16,165.85000610351562,165.85000610351562,166.9499969482422,162.9499969482422,164.5500030517578,843
2014-04-17,164.75,164.75,165.5,162.9499969482422,165.0,1310
2014-04-21,163.8000030517578,163.8000030517578,165.10000610351562,163.0500030517578,165.10000610351562,1169
2014-04-22,164.6999969482422,164.6999969482422,166.25,163.3000030517578,164.75,1828
2014-04-23,165.6999969482422,165.6999969482422,168.3000030517578,164.60000610351562,165.4499969482422,2248
2014-04-24,164.6999969482422,164.6999969482422,166.25,164.0500030517578,165.6999969482422,1878
2014-04-25,162.1999969482422,162.1999969482422,163.85000610351562,161.1999969482422,163.85000610351562,1054
2014-04-28,159.4499969482422,159.4499969482422,162.64999389648438,159.1999969482422,162.60000610351562,757
2014-04-29,157.0,157.0,159.0,156.5500030517578,159.0,514
2014-04-30,154.60000610351562,154.60000610351562,157.10000610351562,155.1999969482422,157.0,472
2014-05-01,152.39999389648438,152.39999389648438,154.5,152.5,153.85000610351562,32
2014-05-02,156.3000030517578,156.3000030517578,156.5,152.5,152.60000610351562,35
2014-05-05,157.39999389648438,157.39999389648438,159.0500030517578,157.0,159.0500030517578,3
2014-05-06,157.0,157.0,158.0,157.3000030517578,157.3000030517578,19
2014-05-07,159.64999389648438,159.64999389648438,158.5,158.0,158.0,10
2014-05-08,157.5500030517578,157.5500030517578,157.5500030517578,157.5500030517578,157.5500030517578,129
2014-05-09,158.85000610351562,158.85000610351562,160.0,160.0,160.0,1374
2014-05-12,161.25,161.25,161.9499969482422,158.9499969482422,159.35000610351562,377
2014-05-13,161.75,161.75,162.1999969482422,160.3000030517578,161.1999969482422,299
2014-05-14,162.6999969482422,162.6999969482422,163.5,160.64999389648438,161.85000610351562,448
2014-05-15,156.64999389648438,156.64999389648438,163.6999969482422,154.5,162.8000030517578,1770
2014-05-16,155.10000610351562,155.10000610351562,156.60000610351562,153.5,155.4499969482422,1303
2014-05-19,156.1999969482422,156.1999969482422,156.8000030517578,154.14999389648438,155.1999969482422,478
2014-05-20,155.64999389648438,155.64999389648438,158.5,155.1999969482422,156.10000610351562,461
2014-05-21,157.6999969482422,157.6999969482422,158.85000610351562,155.25,155.25,577
2014-05-22,158.75,158.75,159.9499969482422,158.0,158.9499969482422,1011
2014-05-23,158.39999389648438,158.39999389648438,159.60000610351562,158.3000030517578,158.5500030517578,0
2014-05-27,158.0500030517578,158.0500030517578,160.1999969482422,156.8000030517578,158.39999389648438,1220
2014-05-28,157.89999389648438,157.89999389648438,159.39999389648438,156.0,156.75,480
2014-05-29,156.10000610351562,156.10000610351562,158.60000610351562,155.39999389648438,157.89999389648438,916
2014-05-30,159.39999389648438,159.39999389648438,159.9499969482422,156.0,156.5500030517578,1004
2014-06-02,160.35000610351562,160.35000610351562,161.4499969482422,159.5,159.5,1174
2014-06-03,162.85000610351562,162.85000610351562,163.0,160.39999389648438,160.39999389648438,944
2014-06-04,163.60000610351562,163.60000610351562,165.0,162.1999969482422,162.89999389648438,660
2014-06-05,163.9499969482422,163.9499969482422,164.4499969482422,163.0,163.4499969482422,582
2014-06-06,163.39999389648438,163.39999389648438,164.35000610351562,163.0500030517578,163.9499969482422,698
2014-06-09,164.3000030517578,164.3000030517578,164.39999389648438,163.10000610351562,163.10000610351562,608
2014-06-10,165.0500030517578,165.0500030517578,166.0,164.25,164.5,1090
2014-06-11,162.60000610351562,162.60000610351562,165.5,160.5,165.1999969482422,1330
2014-06-12,161.85000610351562,161.85000610351562,163.89999389648438,161.3000030517578,162.0500030517578,1053
2014-06-13,164.5500030517578,164.5500030517578,165.1999969482422,160.6999969482422,161.8000030517578,1757
2014-06-16,160.6999969482422,160.6999969482422,164.4499969482422,158.0,164.4499969482422,2288
2014-06-17,161.35000610351562,161.35000610351562,161.4499969482422,159.39999389648438,160.6999969482422,1388
2014-06-18,161.0500030517578,161.0500030517578,161.5,159.5500030517578,161.35000610351562,889
2014-06-19,159.75,159.75,161.60000610351562,159.5500030517578,161.60000610351562,1976
2014-06-20,158.14999389648438,158.14999389648438,160.0,157.10000610351562,160.0,1680
2014-06-23,157.5,157.5,160.0,157.0,158.25,1851
2014-06-24,150.4499969482422,150.4499969482422,157.10000610351562,147.5500030517578,157.10000610351562,1811
2014-06-25,146.10000610351562,146.10000610351562,150.4499969482422,144.25,149.85000610351562,912
2014-06-26,141.85000610351562,141.85000610351562,146.5,141.25,146.4499969482422,274
2014-06-27,142.9499969482422,142.9499969482422,146.35000610351562,140.89999389648438,141.0,285
2014-06-30,140.8000030517578,140.8000030517578,144.60000610351562,140.35000610351562,143.1999969482422,304
2014-07-01,143.5,143.5,142.60000610351562,139.60000610351562,140.8000030517578,92
2014-07-02,145.10000610351562,145.10000610351562,145.5,145.5,145.5,2
2014-07-03,146.0500030517578,146.0500030517578,145.85000610351562,145.85000610351562,145.85000610351562,1
2014-07-07,147.6999969482422,147.6999969482422,147.6999969482422,147.6999969482422,147.6999969482422,1
2014-07-08,148.39999389648438,148.39999389648438,148.39999389648438,148.39999389648438,148.39999389648438,1
2014-07-09,148.60000610351562,148.60000610351562,148.60000610351562,148.60000610351562,148.60000610351562,1
2014-07-10,145.10000610351562,145.10000610351562,146.5,142.8000030517578,146.5,6
2014-07-11,144.25,144.25,144.25,144.25,144.25,579
2014-07-14,150.1999969482422,150.1999969482422,151.0,148.89999389648438,150.5500030517578,583
2014-07-15,151.60000610351562,151.60000610351562,152.9499969482422,150.25,150.25,604
2014-07-16,151.8000030517578,151.8000030517578,152.1999969482422,150.89999389648438,151.6999969482422,271
2014-07-17,151.60000610351562,151.60000610351562,152.3000030517578,150.10000610351562,151.1999969482422,554
2014-07-18,152.60000610351562,152.60000610351562,152.9499969482422,151.0,151.60000610351562,428
2014-07-21,153.1999969482422,153.1999969482422,153.89999389648438,152.1999969482422,152.5,435
2014-07-22,153.4499969482422,153.4499969482422,154.3000030517578,149.5500030517578,152.3000030517578,694
2014-07-23,152.5,152.5,154.10000610351562,152.0500030517578,153.0,599
2014-07-24,149.8000030517578,149.8000030517578,152.9499969482422,148.75,152.35000610351562,766
2014-07-25,148.25,148.25,150.35000610351562,147.8000030517578,150.35000610351562,586
2014-07-28,147.9499969482422,147.9499969482422,148.9499969482422,146.5,148.89999389648438,616
2014-07-29,144.75,144.75,148.35000610351562,142.75,148.0500030517578,1006
2014-07-30,139.60000610351562,139.60000610351562,144.89999389648438,138.5500030517578,144.89999389648438,2296
2014-07-31,140.6999969482422,140.6999969482422,140.8000030517578,137.25,139.1999969482422,1613
2014-08-01,139.35000610351562,139.35000610351562,141.25,138.75,139.6999969482422,1372
2014-08-04,142.39999389648438,142.39999389648438,143.25,139.89999389648438,140.5500030517578,1149
2014-08-05,141.10000610351562,141.10000610351562,144.35000610351562,140.5,142.3000030517578,872
2014-08-06,140.85000610351562,140.85000610351562,142.39999389648438,140.0,141.10000610351562,584
2014-08-07,139.1999969482422,139.1999969482422,141.39999389648438,138.25,140.85000610351562,800
2014-08-08,140.0,140.0,141.10000610351562,137.4499969482422,138.5500030517578,843
2014-08-11,143.9499969482422,143.9499969482422,146.10000610351562,140.89999389648438,140.89999389648438,1439
2014-08-12,143.89999389648438,143.89999389648438,144.6999969482422,143.25,143.3000030517578,819
2014-08-13,143.39999389648438,143.39999389648438,145.0,142.5,143.9499969482422,704
2014-08-14,147.0,147.0,148.89999389648438,144.25,144.9499969482422,1391
2014-08-15,148.1999969482422,148.1999969482422,151.5,147.14999389648438,148.8000030517578,1508
2014-08-18,147.0,147.0,148.0,142.4499969482422,148.0,1018
2014-08-19,146.25,146.25,146.8000030517578,144.5,146.60000610351562,629
2014-08-20,146.35000610351562,146.35000610351562,147.0,144.1999969482422,146.0,1204
2014-08-21,146.10000610351562,146.10000610351562,147.25,145.0500030517578,147.0,488
2014-08-22,145.8000030517578,145.8000030517578,146.5,144.35000610351562,146.3000030517578,503
2014-08-25,143.64999389648438,143.64999389648438,146.85000610351562,143.5,145.39999389648438,1119
2014-08-26,151.5500030517578,151.5500030517578,153.64999389648438,142.85000610351562,143.0,705
2014-08-27,153.60000610351562,153.60000610351562,158.9499969482422,151.89999389648438,154.1999969482422,461
2014-08-28,151.39999389648438,151.39999389648438,155.25,149.0,153.60000610351562,299
2014-08-29,148.5500030517578,148.5500030517578,150.5,145.1999969482422,150.5,94
2014-09-02,149.0,149.0,150.0,149.0,149.0,5
2014-09-03,150.64999389648438,150.64999389648438,150.64999389648438,150.64999389648438,150.64999389648438,20
2014-09-04,150.5,150.5,152.5,152.5,152.5,3
2014-09-05,150.9499969482422,150.9499969482422,150.9499969482422,150.9499969482422,150.9499969482422,11
2014-09-08,150.5,150.5,151.39999389648438,151.39999389648438,151.39999389648438,1
2014-09-09,150.64999389648438,150.64999389648438,150.64999389648438,150.64999389648438,150.64999389648438,1
2014-09-10,148.89999389648438,148.89999389648438,148.89999389648438,148.89999389648438,148.89999389648438,363
2014-09-11,147.14999389648438,147.14999389648438,148.60000610351562,146.0500030517578,148.1999969482422,545
2014-09-12,146.4499969482422,146.4499969482422,147.6999969482422,146.0,146.3000030517578,361
2014-09-15,144.8000030517578,144.8000030517578,147.0500030517578,144.14999389648438,147.0500030517578,482
2014-09-16,142.60000610351562,142.60000610351562,144.4499969482422,142.5,143.89999389648438,623
2014-09-17,142.10000610351562,142.10000610351562,142.6999969482422,140.0,142.39999389648438,779
2014-09-18,143.3000030517578,143.3000030517578,149.4499969482422,142.0,143.0,1065
2014-09-19,142.75,142.75,145.3000030517578,142.3000030517578,143.3000030517578,414
2014-09-22,143.85000610351562,143.85000610351562,145.0,142.8000030517578,142.8000030517578,477
2014-09-23,142.14999389648438,142.14999389648438,144.25,141.9499969482422,144.0,481
2014-09-24,142.0500030517578,142.0500030517578,143.0,141.9499969482422,142.14999389648438,223
2014-09-25,140.25,140.25,142.9499969482422,139.5500030517578,142.9499969482422,1096
2014-09-26,143.64999389648438,143.64999389648438,144.5,139.39999389648438,139.5,1002
2014-09-29,143.9499969482422,143.9499969482422,144.4499969482422,141.8000030517578,143.64999389648438,1158
2014-09-30,144.75,144.75,145.0500030517578,143.60000610351562,144.0,883
2014-10-01,144.89999389648438,144.89999389648438,145.5,143.9499969482422,144.85000610351562,982
2014-10-02,143.0,143.0,145.0,142.5,144.75,802
2014-10-03,140.89999389648438,140.89999389648438,145.0,140.6999969482422,144.25,818
2014-10-06,142.5500030517578,142.5500030517578,143.1999969482422,139.9499969482422,141.0,930
2014-10-07,143.0500030517578,143.0500030517578,143.85000610351562,142.3000030517578,142.5500030517578,600
2014-10-08,143.1999969482422,143.1999969482422,143.9499969482422,142.60000610351562,143.39999389648438,529
2014-10-09,143.1999969482422,143.1999969482422,143.6999969482422,142.10000610351562,143.1999969482422,1007
2014-10-10,138.5,138.5,144.89999389648438,136.14999389648438,143.0,1938
2014-10-13,133.25,133.25,138.5,132.4499969482422,137.8000030517578,1882
2014-10-14,134.25,134.25,138.5,134.0,134.64999389648438,945
2014-10-15,136.8000030517578,136.8000030517578,137.4499969482422,133.75,134.85000610351562,899
2014-10-16,135.60000610351562,135.60000610351562,136.8000030517578,134.89999389648438,136.5,1259
2014-10-17,135.0,135.0,136.9499969482422,134.85000610351562,136.8000030517578,806
2014-10-20,134.75,134.75,135.8000030517578,134.5500030517578,135.25,882
2014-10-21,136.39999389648438,136.39999389648438,136.9499969482422,134.64999389648438,135.64999389648438,492
2014-10-22,139.75,139.75,140.0500030517578,136.4499969482422,136.9499969482422,1093
2014-10-23,140.25,140.25,142.3000030517578,139.25,140.1999969482422,399
2014-10-24,140.0500030517578,140.0500030517578,142.0,138.4499969482422,141.0500030517578,214
2014-10-27,137.25,137.25,140.4499969482422,136.0,140.4499969482422,518
2014-10-28,137.0500030517578,137.0500030517578,137.75,136.5,136.8000030517578,625
2014-10-29,135.64999389648438,135.64999389648438,138.10000610351562,135.3000030517578,136.6999969482422,596
2014-10-30,134.4499969482422,134.4499969482422,136.4499969482422,133.9499969482422,135.5,905
2014-10-31,133.64999389648438,133.64999389648438,134.8000030517578,133.0500030517578,134.14999389648438,270
2014-11-03,132.25,132.25,133.14999389648438,129.9499969482422,133.10000610351562,44
2014-11-04,131.64999389648438,131.64999389648438,132.14999389648438,131.60000610351562,132.14999389648438,5
2014-11-05,130.3000030517578,130.3000030517578,132.5500030517578,129.1999969482422,132.5500030517578,22
2014-11-06,128.5,128.5,129.75,125.5,129.75,1039
2014-11-10,124.94999694824219,124.94999694824219,130.85000610351562,124.5,128.25,1634
2014-11-11,129.25,129.25,130.10000610351562,124.0999984741211,124.94999694824219,1104
2014-11-12,126.8499984741211,126.8499984741211,130.64999389648438,126.5,129.4499969482422,994
2014-11-13,128.60000610351562,128.60000610351562,129.9499969482422,127.3499984741211,128.0500030517578,663
2014-11-14,131.10000610351562,131.10000610351562,133.60000610351562,128.1999969482422,128.9499969482422,1027
2014-11-17,134.14999389648438,134.14999389648438,134.5,130.5500030517578,130.85000610351562,558
2014-11-18,136.64999389648438,136.64999389648438,137.0,133.0,134.14999389648438,664
2014-11-19,138.35000610351562,138.35000610351562,139.5,136.1999969482422,136.64999389648438,1135
2014-11-20,142.5500030517578,142.5500030517578,144.6999969482422,137.85000610351562,138.10000610351562,1619
2014-11-21,144.35000610351562,144.35000610351562,144.5,140.5500030517578,142.3000030517578,1134
2014-11-24,148.39999389648438,148.39999389648438,148.6999969482422,143.89999389648438,144.0,2805
2014-11-25,147.9499969482422,147.9499969482422,148.5,146.60000610351562,148.39999389648438,1675
2014-11-26,148.9499969482422,148.9499969482422,149.1999969482422,146.25,147.9499969482422,1702
2014-11-28,148.85000610351562,148.85000610351562,149.5,147.5,148.9499969482422,972
2014-12-01,146.5500030517578,146.5500030517578,148.85000610351562,145.85000610351562,148.85000610351562,1671
2014-12-02,145.75,145.75,146.39999389648438,144.5,146.35000610351562,1696
2014-12-03,147.75,147.75,147.89999389648438,144.25,145.75,932
2014-12-04,146.14999389648438,146.14999389648438,147.6999969482422,144.39999389648438,147.0500030517578,1265
2014-12-05,146.0,146.0,146.85000610351562,144.5,146.14999389648438,853
2014-12-08,147.0,147.0,148.5500030517578,145.0,146.0,1216
2014-12-09,147.4499969482422,147.4499969482422,148.3000030517578,146.64999389648438,146.89999389648438,702
2014-12-10,148.0500030517578,148.0500030517578,154.0,147.0,147.4499969482422,2259
2014-12-11,149.5,149.5,151.0500030517578,147.75,148.0,1122
2014-12-12,150.9499969482422,150.9499969482422,153.0,149.5500030517578,149.5500030517578,925
2014-12-15,148.0,148.0,153.5500030517578,147.5500030517578,151.64999389648438,1045
2014-12-16,148.0,148.0,148.89999389648438,145.75,148.35000610351562,1323
2014-12-17,149.10000610351562,149.10000610351562,150.0,148.0500030517578,148.39999389648438,929
2014-12-18,145.4499969482422,145.4499969482422,148.60000610351562,144.8000030517578,148.60000610351562,861
2014-12-19,142.75,142.75,147.4499969482422,142.14999389648438,144.89999389648438,664
2014-12-22,142.10000610351562,142.10000610351562,143.0,140.8000030517578,142.0500030517578,798
2014-12-23,140.75,140.75,142.3000030517578,140.60000610351562,141.85000610351562,278
2014-12-24,143.6999969482422,143.6999969482422,143.89999389648438,140.6999969482422,140.6999969482422,171
2014-12-26,141.5500030517578,141.5500030517578,142.6999969482422,141.14999389648438,142.6999969482422,41
2014-12-29,141.25,141.25,142.25,140.60000610351562,141.5500030517578,373
2014-12-30,141.5,141.5,141.5,140.8000030517578,141.0,121
2014-12-31,140.0500030517578,140.0500030517578,142.25,140.1999969482422,140.8000030517578,210
2015-01-02,144.4499969482422,144.4499969482422,144.4499969482422,139.5500030517578,140.10000610351562,23
2015-01-05,146.35000610351562,146.35000610351562,146.25,145.8000030517578,145.8000030517578,22
2015-01-06,142.60000610351562,142.60000610351562,143.85000610351562,143.64999389648438,143.64999389648438,10
2015-01-07,143.1999969482422,143.1999969482422,143.10000610351562,143.10000610351562,143.10000610351562,50
2015-01-08,141.6999969482422,141.6999969482422,144.1999969482422,144.1999969482422,144.1999969482422,1
2015-01-09,140.75,140.75,138.4499969482422,138.4499969482422,138.4499969482422,540
2015-01-12,143.3000030517578,143.3000030517578,144.4499969482422,139.85000610351562,142.39999389648438,1084
2015-01-13,143.4499969482422,143.4499969482422,143.6999969482422,141.60000610351562,142.89999389648438,825
2015-01-14,143.85000610351562,143.85000610351562,144.60000610351562,142.5,143.4499969482422,538
2015-01-15,146.64999389648438,146.64999389648438,146.9499969482422,143.39999389648438,143.75,754
2015-01-16,146.5,146.5,147.25,145.5500030517578,147.0,0
2015-01-20,146.5,146.5,147.10000610351562,145.0,146.5,460
2015-01-21,146.75,146.75,148.0,145.1999969482422,145.9499969482422,689
2015-01-22,146.9499969482422,146.9499969482422,147.4499969482422,145.8000030517578,146.75,396
2015-01-23,147.25,147.25,147.4499969482422,143.8000030517578,146.89999389648438,750
2015-01-26,144.35000610351562,144.35000610351562,147.39999389648438,144.14999389648438,147.0,746
2015-01-27,141.4499969482422,141.4499969482422,144.35000610351562,140.25,144.0500030517578,1283
2015-01-28,135.4499969482422,135.4499969482422,141.5500030517578,135.0500030517578,140.60000610351562,1933
2015-01-29,134.4499969482422,134.4499969482422,136.0500030517578,133.0500030517578,135.0,1472
2015-01-30,140.0,140.0,141.1999969482422,135.10000610351562,135.89999389648438,1268
2015-02-02,139.60000610351562,139.60000610351562,142.60000610351562,139.0,139.5,1245
2015-02-03,139.85000610351562,139.85000610351562,140.25,138.4499969482422,139.85000610351562,718
2015-02-04,137.89999389648438,137.89999389648438,140.39999389648438,137.5,139.85000610351562,758
2015-02-05,137.5500030517578,137.5500030517578,138.35000610351562,136.64999389648438,137.5,780
2015-02-06,136.3000030517578,136.3000030517578,138.0,135.14999389648438,138.0,661
2015-02-09,140.6999969482422,140.6999969482422,140.75,136.0,136.39999389648438,1192
2015-02-10,135.85000610351562,135.85000610351562,141.4499969482422,135.60000610351562,140.39999389648438,976
2015-02-11,135.1999969482422,135.1999969482422,137.9499969482422,134.0,136.75,964
2015-02-12,135.60000610351562,135.60000610351562,136.0,134.64999389648438,134.64999389648438,818
2015-02-13,137.64999389648438,137.64999389648438,138.75,135.6999969482422,135.6999969482422,493
2015-02-17,137.6999969482422,137.6999969482422,138.9499969482422,135.14999389648438,138.0,964
2015-02-18,134.35000610351562,134.35000610351562,137.4499969482422,134.0,137.4499969482422,969
2015-02-19,132.75,132.75,134.89999389648438,132.0,134.35000610351562,586
2015-02-20,131.64999389648438,131.64999389648438,133.8000030517578,130.85000610351562,133.8000030517578,1163
2015-02-23,126.5999984741211,126.5999984741211,132.0,126.55000305175781,130.89999389648438,1203
2015-02-24,123.9000015258789,123.9000015258789,127.0,122.19999694824219,127.0,1236
2015-02-25,123.19999694824219,123.19999694824219,125.5999984741211,122.69999694824219,123.4000015258789,660
2015-02-26,121.4000015258789,121.4000015258789,124.3499984741211,121.0999984741211,123.4000015258789,472
2015-02-27,121.55000305175781,121.55000305175781,124.05000305175781,121.0,122.0,404
2015-03-02,125.1500015258789,125.1500015258789,126.4000015258789,121.25,122.9000015258789,299
2015-03-03,116.44999694824219,116.44999694824219,124.0999984741211,115.30000305175781,122.0,85
2015-03-04,118.05000305175781,118.05000305175781,117.5,112.25,117.5,6
2015-03-05,119.19999694824219,119.19999694824219,119.19999694824219,119.19999694824219,119.19999694824219,6
2015-03-06,116.0,116.0,119.80000305175781,119.44999694824219,119.44999694824219,5
2015-03-09,120.30000305175781,120.30000305175781,117.3499984741211,116.9000015258789,117.3499984741211,5
2015-03-10,119.0999984741211,119.0999984741211,121.0,119.80000305175781,119.80000305175781,10
2015-03-11,118.30000305175781,118.30000305175781,118.30000305175781,118.30000305175781,118.30000305175781,529
2015-03-12,114.4000015258789,114.4000015258789,119.0,113.5999984741211,118.19999694824219,503
2015-03-13,114.0999984741211,114.0999984741211,115.9000015258789,112.75,114.55000305175781,548
2015-03-16,115.55000305175781,115.55000305175781,116.8499984741211,112.94999694824219,113.30000305175781,344
2015-03-17,112.25,112.25,117.75,111.80000305175781,117.25,433
2015-03-18,112.5999984741211,112.5999984741211,113.75,110.05000305175781,112.5,722
2015-03-19,106.0999984741211,106.0999984741211,113.0,105.0999984741211,112.6500015258789,1056
2015-03-20,115.0999984741211,115.0999984741211,116.0,105.9000015258789,106.1500015258789,2385
2015-03-23,124.5999984741211,124.5999984741211,125.0,114.0999984741211,115.0,2414
2015-03-24,127.94999694824219,127.94999694824219,129.0,124.69999694824219,124.9000015258789,1777
2015-03-25,128.89999389648438,128.89999389648438,130.0,126.5,128.0,969
2015-03-26,127.94999694824219,127.94999694824219,129.3000030517578,125.5999984741211,128.89999389648438,1233
2015-03-27,127.30000305175781,127.30000305175781,128.10000610351562,125.80000305175781,125.9000015258789,632
2015-03-30,129.4499969482422,129.4499969482422,130.5,127.5,127.94999694824219,1492
2015-03-31,125.0999984741211,125.0999984741211,130.39999389648438,123.0,129.4499969482422,1385
2015-04-01,123.69999694824219,123.69999694824219,126.5,122.05000305175781,124.5,1254
2015-04-02,124.80000305175781,124.80000305175781,125.55000305175781,122.55000305175781,123.4000015258789,758
2015-04-06,119.75,119.75,124.05000305175781,118.19999694824219,123.9000015258789,1321
2015-04-07,118.6500015258789,118.6500015258789,119.0,116.0,118.1500015258789,1291
2015-04-08,119.4000015258789,119.4000015258789,120.44999694824219,116.9000015258789,119.0,876
2015-04-09,117.19999694824219,117.19999694824219,121.0999984741211,115.3499984741211,119.75,1012
2015-04-10,112.6500015258789,112.6500015258789,117.0,111.69999694824219,116.30000305175781,1026
2015-04-13,109.5999984741211,109.5999984741211,113.5999984741211,109.25,113.0,784
2015-04-14,111.19999694824219,111.19999694824219,113.25,109.8499984741211,110.0,849
2015-04-15,113.75,113.75,115.55000305175781,111.30000305175781,111.75,800
2015-04-16,114.5,114.5,117.0999984741211,112.80000305175781,112.80000305175781,1117
2015-04-17,115.05000305175781,115.05000305175781,116.5,114.44999694824219,114.44999694824219,1168
2015-04-20,113.75,113.75,117.94999694824219,111.80000305175781,115.3499984741211,1659
2015-04-21,113.6500015258789,113.6500015258789,114.5999984741211,110.9000015258789,113.5,1118
2015-04-22,115.44999694824219,115.44999694824219,117.69999694824219,112.9000015258789,113.8499984741211,778
2015-04-23,118.5999984741211,118.5999984741211,119.0,116.6500015258789,117.5,615
2015-04-24,113.8499984741211,113.8499984741211,118.5999984741211,113.0,117.4000015258789,679
2015-04-27,117.05000305175781,117.05000305175781,118.0,113.0,113.05000305175781,457
2015-04-28,115.3499984741211,115.3499984741211,118.4000015258789,113.30000305175781,118.19999694824219,729
2015-04-29,112.80000305175781,112.80000305175781,115.8499984741211,111.05000305175781,114.94999694824219,613
2015-04-30,109.4000015258789,109.4000015258789,112.19999694824219,109.69999694824219,112.19999694824219,417
2015-05-01,114.94999694824219,114.94999694824219,114.19999694824219,111.0,111.0,326
2015-05-04,115.80000305175781,115.80000305175781,115.80000305175781,115.80000305175781,115.80000305175781,123
2015-05-05,116.55000305175781,116.55000305175781,116.8499984741211,116.69999694824219,116.75,3
2015-05-06,119.30000305175781,119.30000305175781,119.5999984741211,117.80000305175781,117.80000305175781,3
2015-05-07,113.3499984741211,113.3499984741211,115.69999694824219,115.69999694824219,115.69999694824219,1
2015-05-08,112.44999694824219,112.44999694824219,112.44999694824219,112.44999694824219,112.44999694824219,1025
2015-05-11,117.75,117.75,120.0,117.0,119.25,546
2015-05-12,117.4000015258789,117.4000015258789,118.0,110.75,117.6500015258789,2121
2015-05-13,115.5999984741211,115.5999984741211,117.25,114.3499984741211,116.44999694824219,702
2015-05-14,114.9000015258789,114.9000015258789,115.0,112.19999694824219,114.4000015258789,637
2015-05-15,111.44999694824219,111.44999694824219,114.9000015258789,111.19999694824219,114.0999984741211,673
2015-05-18,108.8499984741211,108.8499984741211,111.5999984741211,108.44999694824219,111.44999694824219,1078
2015-05-19,113.3499984741211,113.3499984741211,113.8499984741211,107.75,108.44999694824219,894
2015-05-20,115.05000305175781,115.05000305175781,116.0999984741211,113.3499984741211,114.0,701
2015-05-21,117.3499984741211,117.3499984741211,117.75,114.9000015258789,115.25,869
2015-05-22,118.55000305175781,118.55000305175781,118.75,117.30000305175781,118.0,1623
2015-05-26,114.55000305175781,114.55000305175781,118.44999694824219,113.94999694824219,117.94999694824219,721
2015-05-27,112.94999694824219,112.94999694824219,114.9000015258789,112.0999984741211,114.55000305175781,718
2015-05-28,116.8499984741211,116.8499984741211,117.5999984741211,111.30000305175781,112.69999694824219,1237
2015-05-29,114.25,114.25,117.25,113.94999694824219,116.9000015258789,920
2015-06-01,116.30000305175781,116.30000305175781,117.0,113.6500015258789,113.69999694824219,1137
2015-06-02,110.5,110.5,117.69999694824219,110.30000305175781,116.44999694824219,1372
2015-06-03,110.9000015258789,110.9000015258789,113.9000015258789,110.6500015258789,111.75,1055
2015-06-04,113.9000015258789,113.9000015258789,115.0,112.6500015258789,113.9000015258789,1001
2015-06-05,116.69999694824219,116.69999694824219,116.94999694824219,113.80000305175781,113.8499984741211,920
2015-06-08,123.0999984741211,123.0999984741211,125.3499984741211,116.3499984741211,116.5999984741211,2520
2015-06-09,123.44999694824219,123.44999694824219,125.8499984741211,122.25,122.6500015258789,2140
2015-06-10,123.75,123.75,125.0,121.4000015258789,123.4000015258789,1389
2015-06-11,124.19999694824219,124.19999694824219,124.69999694824219,121.0999984741211,123.75,982
2015-06-12,122.30000305175781,122.30000305175781,124.44999694824219,121.5999984741211,123.69999694824219,914
2015-06-15,120.8499984741211,120.8499984741211,122.5999984741211,115.6500015258789,122.5999984741211,1501
2015-06-16,120.05000305175781,120.05000305175781,120.75,117.9000015258789,120.0,893
2015-06-17,119.75,119.75,120.80000305175781,118.44999694824219,120.80000305175781,621
2015-06-18,117.6500015258789,117.6500015258789,119.6500015258789,117.19999694824219,119.6500015258789,1155
2015-06-19,120.3499984741211,120.3499984741211,121.05000305175781,116.6500015258789,117.05000305175781,1591
2015-06-22,121.4000015258789,121.4000015258789,123.19999694824219,119.6500015258789,120.0,1045
2015-06-23,121.44999694824219,121.44999694824219,122.3499984741211,119.0999984741211,121.0999984741211,924
2015-06-24,121.0999984741211,121.0999984741211,121.69999694824219,120.5,121.0,530
2015-06-25,120.9000015258789,120.9000015258789,121.0,117.9000015258789,120.75,936
2015-06-26,120.0999984741211,120.0999984741211,121.25,118.5,120.44999694824219,455
2015-06-29,116.25,116.25,120.0,116.19999694824219,118.0,680
2015-06-30,114.9000015258789,114.9000015258789,117.0,113.5,117.0,231
2015-07-01,114.6500015258789,114.6500015258789,116.19999694824219,113.9000015258789,113.9000015258789,209
2015-07-02,117.0,117.0,116.80000305175781,115.80000305175781,116.80000305175781,13
2015-07-06,118.0,118.0,115.0,114.0,115.0,3
2015-07-07,124.19999694824219,124.19999694824219,123.05000305175781,123.05000305175781,123.05000305175781,5
2015-07-08,123.3499984741211,123.3499984741211,124.80000305175781,122.80000305175781,122.80000305175781,7
2015-07-09,120.25,120.25,121.80000305175781,120.0,121.80000305175781,5
2015-07-10,119.19999694824219,119.19999694824219,119.19999694824219,119.19999694824219,119.19999694824219,5
2015-07-13,116.3499984741211,116.3499984741211,118.80000305175781,118.80000305175781,118.80000305175781,404
2015-07-14,121.44999694824219,121.44999694824219,122.5999984741211,118.3499984741211,118.75,756
2015-07-15,122.5999984741211,122.5999984741211,123.44999694824219,121.0999984741211,121.80000305175781,566
2015-07-16,119.8499984741211,119.8499984741211,122.4000015258789,119.0999984741211,122.1500015258789,355
2015-07-17,119.94999694824219,119.94999694824219,121.69999694824219,119.30000305175781,120.6500015258789,294
2015-07-20,118.6500015258789,118.6500015258789,120.94999694824219,118.25,119.69999694824219,600
2015-07-21,121.1500015258789,121.1500015258789,122.1500015258789,118.5,118.5,464
2015-07-22,123.94999694824219,123.94999694824219,124.80000305175781,120.1500015258789,121.69999694824219,1076
2015-07-23,123.19999694824219,123.19999694824219,124.30000305175781,121.5,124.0,415
2015-07-24,123.0,123.0,124.44999694824219,121.6500015258789,121.9000015258789,777
2015-07-27,123.1500015258789,123.1500015258789,124.0999984741211,122.05000305175781,123.30000305175781,799
2015-07-28,123.1500015258789,123.1500015258789,123.94999694824219,122.5999984741211,122.69999694824219,334
2015-07-29,122.75,122.75,123.5,122.30000305175781,123.3499984741211,327
2015-07-30,122.80000305175781,122.80000305175781,123.5,122.05000305175781,122.05000305175781,718
2015-07-31,123.5999984741211,123.5999984741211,124.9000015258789,122.4000015258789,122.9000015258789,1173
2015-08-03,128.14999389648438,128.14999389648438,129.10000610351562,124.0,124.0,2064
2015-08-04,131.9499969482422,131.9499969482422,132.10000610351562,128.6999969482422,128.9499969482422,2096
2015-08-05,131.75,131.75,134.5,131.35000610351562,132.0,2097
2015-08-06,131.4499969482422,131.4499969482422,132.60000610351562,130.60000610351562,131.9499969482422,1662
2015-08-07,132.4499969482422,132.4499969482422,133.64999389648438,131.4499969482422,132.0,1246
2015-08-10,126.5999984741211,126.5999984741211,132.39999389648438,126.1500015258789,132.3000030517578,1458
2015-08-11,131.39999389648438,131.39999389648438,131.60000610351562,126.80000305175781,126.80000305175781,1309
2015-08-12,132.1999969482422,132.1999969482422,132.5,130.64999389648438,131.39999389648438,911
2015-08-13,131.0500030517578,131.0500030517578,132.8000030517578,129.6999969482422,132.8000030517578,654
2015-08-14,132.0500030517578,132.0500030517578,132.39999389648438,128.39999389648438,131.10000610351562,1707
2015-08-17,131.60000610351562,131.60000610351562,132.35000610351562,131.0,132.0500030517578,678
2015-08-18,130.89999389648438,130.89999389648438,132.35000610351562,130.6999969482422,131.0,1486
2015-08-19,132.4499969482422,132.4499969482422,132.75,129.85000610351562,130.0,540
2015-08-20,128.64999389648438,128.64999389648438,133.9499969482422,128.10000610351562,132.0,704
2015-08-21,127.69999694824219,127.69999694824219,129.4499969482422,127.44999694824219,128.25,364
2015-08-24,119.9000015258789,119.9000015258789,128.3000030517578,119.4000015258789,127.69999694824219,747
2015-08-25,119.94999694824219,119.94999694824219,122.25,119.5,120.44999694824219,322
2015-08-26,125.3499984741211,125.3499984741211,126.0,121.3499984741211,121.3499984741211,304
2015-08-27,130.0,130.0,131.0,123.75,124.75,228
2015-08-28,131.4499969482422,131.4499969482422,132.0,129.1999969482422,129.9499969482422,263
2015-08-31,129.60000610351562,129.60000610351562,133.60000610351562,128.0,128.8000030517578,262
2015-09-01,129.64999389648438,129.64999389648438,127.8499984741211,127.8499984741211,127.8499984741211,7
2015-09-02,129.0500030517578,129.0500030517578,129.0500030517578,129.0500030517578,129.0500030517578,7
2015-09-03,128.89999389648438,128.89999389648438,128.89999389648438,128.89999389648438,128.89999389648438,7
2015-09-04,129.1999969482422,129.1999969482422,131.4499969482422,131.4499969482422,131.4499969482422,2
2015-09-08,126.30000305175781,126.30000305175781,129.1999969482422,126.25,129.1999969482422,8
2015-09-09,124.1500015258789,124.1500015258789,124.1500015258789,124.1500015258789,124.1500015258789,8
2015-09-10,124.3499984741211,124.3499984741211,124.3499984741211,124.3499984741211,124.3499984741211,461
2015-09-11,123.94999694824219,123.94999694824219,126.30000305175781,123.1500015258789,123.8499984741211,411
2015-09-14,123.5,123.5,125.8499984741211,122.5999984741211,123.94999694824219,424
2015-09-15,122.30000305175781,122.30000305175781,124.94999694824219,122.0,124.6500015258789,521
2015-09-16,122.75,122.75,124.8499984741211,122.0,122.5,386
2015-09-17,120.94999694824219,120.94999694824219,123.94999694824219,120.25,123.0,573
2015-09-18,120.19999694824219,120.19999694824219,121.94999694824219,120.1500015258789,121.3499984741211,534
2015-09-21,119.80000305175781,119.80000305175781,122.9000015258789,119.19999694824219,121.4000015258789,589
2015-09-22,115.80000305175781,115.80000305175781,120.19999694824219,115.5,119.8499984741211,1123
2015-09-23,110.9000015258789,110.9000015258789,116.69999694824219,110.69999694824219,116.69999694824219,1965
2015-09-24,110.25,110.25,112.0,105.94999694824219,111.05000305175781,2800
2015-09-25,108.05000305175781,108.05000305175781,111.80000305175781,108.0,110.75,1248
2015-09-28,106.80000305175781,106.80000305175781,109.8499984741211,106.4000015258789,108.30000305175781,750
2015-09-29,106.19999694824219,106.19999694824219,107.1500015258789,103.44999694824219,106.69999694824219,1623
2015-09-30,105.55000305175781,105.55000305175781,108.80000305175781,104.6500015258789,106.44999694824219,1062
2015-10-01,105.3499984741211,105.3499984741211,106.44999694824219,104.75,105.5,1268
2015-10-02,105.3499984741211,105.3499984741211,108.5,105.1500015258789,105.55000305175781,986
2015-10-05,106.30000305175781,106.30000305175781,108.5999984741211,105.30000305175781,106.5,1045
2015-10-06,107.8499984741211,107.8499984741211,111.0999984741211,105.69999694824219,107.5,791
2015-10-07,108.69999694824219,108.69999694824219,109.5999984741211,107.0999984741211,107.9000015258789,1370
2015-10-08,110.5999984741211,110.5999984741211,111.30000305175781,107.8499984741211,109.0999984741211,1370
2015-10-09,115.9000015258789,115.9000015258789,118.6500015258789,109.80000305175781,110.6500015258789,906
2015-10-12,117.4000015258789,117.4000015258789,117.9000015258789,114.25,116.4000015258789,1326
2015-10-13,121.0999984741211,121.0999984741211,121.69999694824219,116.1500015258789,117.4000015258789,2410
2015-10-14,127.44999694824219,127.44999694824219,127.9000015258789,121.30000305175781,121.30000305175781,2130
2015-10-15,131.14999389648438,131.14999389648438,131.3000030517578,127.0,127.44999694824219,2130
2015-10-16,135.10000610351562,135.10000610351562,138.9499969482422,130.5,131.14999389648438,1228
2015-10-19,138.5500030517578,138.5500030517578,141.3000030517578,134.9499969482422,135.0,821
2015-10-20,133.5,133.5,137.0,130.5,136.6999969482422,580
2015-10-21,134.0500030517578,134.0500030517578,136.25,131.0,133.5,339
2015-10-22,135.39999389648438,135.39999389648438,135.6999969482422,132.5,133.64999389648438,339
2015-10-23,135.85000610351562,135.85000610351562,137.9499969482422,134.5,134.5,697
2015-10-26,135.0,135.0,136.89999389648438,132.25,135.25,385
2015-10-27,138.10000610351562,138.10000610351562,141.9499969482422,132.75,133.9499969482422,219
2015-10-28,136.1999969482422,136.1999969482422,138.5500030517578,135.64999389648438,136.9499969482422,814
2015-10-29,134.1999969482422,134.1999969482422,137.14999389648438,132.0,134.0,814
2015-10-30,134.64999389648438,134.64999389648438,136.0500030517578,134.14999389648438,135.5,21
2015-11-02,133.89999389648438,133.89999389648438,134.64999389648438,134.64999389648438,134.64999389648438,5
2015-11-03,135.5500030517578,135.5500030517578,135.1999969482422,135.0,135.1999969482422,5
2015-11-04,134.64999389648438,134.64999389648438,136.5,135.0,136.5,34
2015-11-05,134.75,134.75,133.6999969482422,133.39999389648438,133.6999969482422,34
2015-11-06,138.35000610351562,138.35000610351562,140.8000030517578,138.39999389648438,140.8000030517578,8
2015-11-09,139.25,139.25,139.25,139.25,139.25,1453
2015-11-10,149.0500030517578,149.0500030517578,149.39999389648438,139.0,139.0,2766
2015-11-11,153.64999389648438,153.64999389648438,159.0500030517578,146.39999389648438,149.3000030517578,1351
2015-11-12,156.25,156.25,157.64999389648438,151.4499969482422,153.35000610351562,1351
2015-11-13,152.9499969482422,152.9499969482422,160.6999969482422,152.0,155.0,844
2015-11-16,153.5500030517578,153.5500030517578,156.5,148.0,152.0500030517578,1004
2015-11-17,146.85000610351562,146.85000610351562,155.0,146.60000610351562,155.0,1139
2015-11-18,151.85000610351562,151.85000610351562,153.0,144.89999389648438,146.25,588
2015-11-19,151.0500030517578,151.0500030517578,154.10000610351562,149.14999389648438,151.85000610351562,588
2015-11-20,150.0500030517578,150.0500030517578,153.6999969482422,149.4499969482422,150.89999389648438,734
2015-11-23,147.85000610351562,147.85000610351562,150.0500030517578,147.0500030517578,150.0500030517578,788
2015-11-24,146.64999389648438,146.64999389648438,149.60000610351562,145.5,148.35000610351562,788
2015-11-25,144.5,144.5,147.39999389648438,143.6999969482422,147.39999389648438,798
2015-11-27,143.1999969482422,143.1999969482422,144.8000030517578,142.10000610351562,144.8000030517578,836
2015-11-30,141.75,141.75,144.4499969482422,141.5,143.1999969482422,1407
2015-12-01,140.4499969482422,140.4499969482422,142.1999969482422,139.25,141.5,1333
2015-12-02,140.5,140.5,142.75,139.4499969482422,140.75,969
2015-12-03,140.6999969482422,140.6999969482422,141.9499969482422,139.60000610351562,140.5,969
2015-12-04,139.9499969482422,139.9499969482422,142.0,139.5500030517578,141.0,922
2015-12-07,143.1999969482422,143.1999969482422,144.60000610351562,140.5,140.5,950
2015-12-08,143.25,143.25,144.89999389648438,140.1999969482422,142.9499969482422,1477
2015-12-09,151.85000610351562,151.85000610351562,153.25,142.14999389648438,142.35000610351562,945
2015-12-10,148.60000610351562,148.60000610351562,155.0,146.75,153.0,945
2015-12-11,150.10000610351562,150.10000610351562,150.9499969482422,148.89999389648438,149.39999389648438,511
2015-12-14,149.64999389648438,149.64999389648438,151.8000030517578,149.0,149.89999389648438,856
2015-12-15,147.0,147.0,150.35000610351562,146.10000610351562,149.6999969482422,1234
2015-12-16,147.9499969482422,147.9499969482422,149.6999969482422,146.64999389648438,147.25,1472
2015-12-17,144.5500030517578,144.5500030517578,148.1999969482422,143.25,148.1999969482422,1472
2015-12-18,143.89999389648438,143.89999389648438,144.8000030517578,143.5,144.14999389648438,1368
2015-12-21,143.6999969482422,143.6999969482422,144.10000610351562,141.5500030517578,143.9499969482422,792
2015-12-22,147.39999389648438,147.39999389648438,148.14999389648438,143.14999389648438,143.85000610351562,387
2015-12-23,148.85000610351562,148.85000610351562,151.35000610351562,146.6999969482422,146.6999969482422,387
2015-12-24,148.3000030517578,148.3000030517578,149.85000610351562,148.0,148.4499969482422,252
2015-12-28,150.39999389648438,150.39999389648438,151.1999969482422,148.25,148.25,390
2015-12-29,148.3000030517578,148.3000030517578,150.89999389648438,145.75,150.10000610351562,341
2015-12-30,138.5,138.5,149.25,138.35000610351562,145.75,341
2015-12-31,140.0,140.0,141.6999969482422,139.5,139.5,18
2016-01-04,143.60000610351562,143.60000610351562,144.0,140.0,140.0,8
2016-01-05,142.10000610351562,142.10000610351562,145.0,141.0,145.0,1
2016-01-06,143.0500030517578,143.0500030517578,142.0,142.0,142.0,439
2016-01-07,137.64999389648438,137.64999389648438,138.5,136.89999389648438,136.89999389648438,439
2016-01-08,130.85000610351562,130.85000610351562,130.85000610351562,130.85000610351562,130.85000610351562,1261
2016-01-11,132.89999389648438,132.89999389648438,134.75,131.6999969482422,134.75,931
2016-01-12,132.0,132.0,133.39999389648438,131.0,132.89999389648438,989
2016-01-13,131.35000610351562,131.35000610351562,134.75,130.64999389648438,132.0,993
2016-01-14,130.25,130.25,131.85000610351562,129.89999389648438,131.85000610351562,993
2016-01-15,127.19999694824219,127.19999694824219,131.10000610351562,126.4000015258789,130.64999389648438,1478
2016-01-19,125.05000305175781,125.05000305175781,130.3000030517578,124.0,130.3000030517578,1475
2016-01-20,120.05000305175781,120.05000305175781,125.0999984741211,120.05000305175781,125.05000305175781,1848
2016-01-21,120.69999694824219,120.69999694824219,123.1500015258789,113.5,120.8499984741211,1848
2016-01-22,121.6500015258789,121.6500015258789,123.94999694824219,119.5,121.3499984741211,820
2016-01-25,123.94999694824219,123.94999694824219,124.9000015258789,121.9000015258789,122.30000305175781,775
2016-01-26,124.19999694824219,124.19999694824219,125.30000305175781,122.25,124.25,681
2016-01-27,124.25,124.25,125.5,122.80000305175781,124.6500015258789,2090
2016-01-28,133.0500030517578,133.0500030517578,134.25,123.55000305175781,124.0,2090
2016-01-29,132.39999389648438,132.39999389648438,138.89999389648438,131.10000610351562,134.10000610351562,1026
2016-02-01,134.1999969482422,134.1999969482422,135.3000030517578,131.9499969482422,132.39999389648438,1127
2016-02-02,136.5500030517578,136.5500030517578,137.75,133.3000030517578,133.75,1344
2016-02-03,135.64999389648438,135.64999389648438,137.0,134.10000610351562,135.60000610351562,864
2016-02-04,136.64999389648438,136.64999389648438,137.10000610351562,135.0500030517578,135.10000610351562,864
2016-02-05,135.0500030517578,135.0500030517578,137.8000030517578,133.10000610351562,135.35000610351562,970
2016-02-08,133.35000610351562,133.35000610351562,135.1999969482422,130.89999389648438,135.1999969482422,778
2016-02-09,132.1999969482422,132.1999969482422,135.0500030517578,131.25,133.1999969482422,1069
2016-02-10,131.5500030517578,131.5500030517578,134.9499969482422,130.5,132.1999969482422,850
2016-02-11,129.9499969482422,129.9499969482422,131.75,128.25,131.6999969482422,850
2016-02-12,129.8000030517578,129.8000030517578,130.4499969482422,128.0500030517578,129.89999389648438,1778
2016-02-16,136.10000610351562,136.10000610351562,137.39999389648438,129.8000030517578,130.5,949
2016-02-17,131.5500030517578,131.5500030517578,136.64999389648438,131.1999969482422,135.85000610351562,751
2016-02-18,130.10000610351562,130.10000610351562,133.35000610351562,128.64999389648438,132.85000610351562,751
2016-02-19,130.60000610351562,130.60000610351562,132.35000610351562,129.25,130.10000610351562,918
2016-02-22,125.30000305175781,125.30000305175781,131.0,122.19999694824219,131.0,851
2016-02-23,126.5999984741211,126.5999984741211,126.94999694824219,123.4000015258789,125.80000305175781,331
2016-02-24,125.5,125.5,127.44999694824219,124.94999694824219,125.75,247
2016-02-25,127.05000305175781,127.05000305175781,128.89999389648438,125.30000305175781,125.69999694824219,247
2016-02-26,124.80000305175781,124.80000305175781,128.5,124.55000305175781,126.8499984741211,120
2016-02-29,121.4000015258789,121.4000015258789,125.94999694824219,122.0999984741211,125.05000305175781,14
2016-03-01,123.30000305175781,123.30000305175781,125.80000305175781,124.4000015258789,124.4000015258789,2
2016-03-02,122.8499984741211,122.8499984741211,124.1500015258789,124.1500015258789,124.1500015258789,2
2016-03-03,123.30000305175781,123.30000305175781,125.94999694824219,125.94999694824219,125.94999694824219,7
2016-03-04,119.80000305175781,119.80000305175781,123.6500015258789,123.6500015258789,123.6500015258789,2
2016-03-07,113.94999694824219,113.94999694824219,118.75,113.44999694824219,118.75,3
2016-03-08,118.3499984741211,118.3499984741211,118.3499984741211,118.3499984741211,118.3499984741211,3
2016-03-09,122.8499984741211,122.8499984741211,121.0,121.0,121.0,1
2016-03-10,119.69999694824219,119.69999694824219,119.69999694824219,119.69999694824219,119.69999694824219,516
2016-03-11,121.4000015258789,121.4000015258789,122.4000015258789,120.05000305175781,122.25,415
2016-03-14,127.3499984741211,127.3499984741211,128.0,121.0,121.80000305175781,1001
2016-03-15,128.60000610351562,128.60000610351562,129.25,126.25,127.3499984741211,617
2016-03-16,127.8499984741211,127.8499984741211,130.25,127.3499984741211,128.39999389648438,450
2016-03-17,127.55000305175781,127.55000305175781,128.1999969482422,126.9000015258789,128.0,372
2016-03-18,127.75,127.75,128.0500030517578,126.6500015258789,128.0,378
2016-03-21,127.9000015258789,127.9000015258789,128.39999389648438,126.05000305175781,127.25,582
2016-03-22,134.0,134.0,134.89999389648438,127.80000305175781,127.9000015258789,1718
2016-03-23,135.85000610351562,135.85000610351562,136.0,132.75,133.0,1263
2016-03-24,135.89999389648438,135.89999389648438,136.1999969482422,134.5,135.9499969482422,910
2016-03-28,135.10000610351562,135.10000610351562,136.0500030517578,132.60000610351562,135.8000030517578,562
2016-03-29,136.6999969482422,136.6999969482422,136.89999389648438,134.39999389648438,134.60000610351562,755
2016-03-30,141.8000030517578,141.8000030517578,142.85000610351562,136.0,136.60000610351562,1742
2016-03-31,147.1999969482422,147.1999969482422,147.8000030517578,142.1999969482422,142.1999969482422,2588
2016-04-01,147.39999389648438,147.39999389648438,149.5,146.10000610351562,147.1999969482422,1843
2016-04-04,143.6999969482422,143.6999969482422,147.4499969482422,143.1999969482422,147.4499969482422,1598
2016-04-05,143.25,143.25,144.35000610351562,140.0500030517578,144.0,931
2016-04-06,144.89999389648438,144.89999389648438,145.35000610351562,141.35000610351562,143.25,774
2016-04-07,143.64999389648438,143.64999389648438,146.14999389648438,142.9499969482422,145.0,693
2016-04-08,138.89999389648438,138.89999389648438,144.75,137.8000030517578,144.25,1229
2016-04-11,137.0500030517578,137.0500030517578,139.5500030517578,136.25,138.85000610351562,1278
2016-04-12,135.9499969482422,135.9499969482422,137.6999969482422,133.0500030517578,136.6999969482422,1210
2016-04-13,140.9499969482422,140.9499969482422,142.89999389648438,137.85000610351562,137.85000610351562,917
2016-04-14,140.6999969482422,140.6999969482422,143.39999389648438,138.64999389648438,142.1999969482422,638
2016-04-15,137.25,137.25,140.1999969482422,136.5500030517578,138.5,1320
2016-04-18,138.14999389648438,138.14999389648438,141.3000030517578,137.75,139.0,1234
2016-04-19,134.25,134.25,138.25,133.39999389648438,138.0,1077
2016-04-20,129.5500030517578,129.5500030517578,134.89999389648438,128.89999389648438,134.0,967
2016-04-21,127.4000015258789,127.4000015258789,129.64999389648438,126.5,129.64999389648438,855
2016-04-22,125.75,125.75,132.6999969482422,125.0,127.4000015258789,465
2016-04-25,126.75,126.75,127.44999694824219,124.9000015258789,125.30000305175781,507
2016-04-26,123.25,123.25,127.0999984741211,122.6500015258789,126.6500015258789,515
2016-04-27,124.1500015258789,124.1500015258789,125.0999984741211,122.25,124.05000305175781,407
2016-04-28,126.1500015258789,126.1500015258789,127.5999984741211,124.0,124.19999694824219,240
2016-04-29,124.55000305175781,124.55000305175781,129.5500030517578,123.0,127.0999984741211,69
2016-05-02,134.35000610351562,134.35000610351562,134.35000610351562,134.35000610351562,134.35000610351562,69
2016-05-03,133.5,133.5,133.5,133.5,133.5,69
2016-05-04,139.8000030517578,139.8000030517578,139.8000030517578,139.8000030517578,139.8000030517578,1
2016-05-05,138.39999389648438,138.39999389648438,138.39999389648438,138.39999389648438,138.39999389648438,1
2016-05-06,142.10000610351562,142.10000610351562,142.10000610351562,142.10000610351562,142.10000610351562,1
2016-05-09,142.0500030517578,142.0500030517578,142.0500030517578,142.0500030517578,142.0500030517578,1
2016-05-10,145.4499969482422,145.4499969482422,145.4499969482422,145.4499969482422,145.4499969482422,1085
2016-05-11,145.5500030517578,145.5500030517578,146.35000610351562,143.39999389648438,143.6999969482422,948
2016-05-12,146.9499969482422,146.9499969482422,147.39999389648438,144.5,145.25,661
2016-05-13,145.35000610351562,145.35000610351562,147.3000030517578,141.85000610351562,147.3000030517578,712
2016-05-16,143.5,143.5,145.9499969482422,139.9499969482422,145.89999389648438,780
2016-05-17,146.35000610351562,146.35000610351562,146.75,142.64999389648438,143.39999389648438,624
2016-05-18,145.89999389648438,145.89999389648438,147.0,144.5,145.39999389648438,490
2016-05-19,148.60000610351562,148.60000610351562,149.75,145.10000610351562,146.1999969482422,844
2016-05-20,150.10000610351562,150.10000610351562,150.39999389648438,147.8000030517578,148.25,1099
2016-05-23,147.64999389648438,147.64999389648438,150.3000030517578,146.89999389648438,150.3000030517578,573
2016-05-24,145.5,145.5,147.5,144.1999969482422,147.10000610351562,641
2016-05-25,147.8000030517578,147.8000030517578,149.0500030517578,143.9499969482422,144.9499969482422,616
2016-05-26,148.0500030517578,148.0500030517578,148.8000030517578,147.5,148.1999969482422,343
2016-05-27,146.5,146.5,148.85000610351562,145.39999389648438,148.8000030517578,0
2016-05-31,152.5500030517578,152.5500030517578,154.5,146.6999969482422,146.6999969482422,1873
2016-06-01,154.25,154.25,154.85000610351562,152.35000610351562,153.1999969482422,1475
2016-06-02,157.0500030517578,157.0500030517578,158.0,153.25,153.6999969482422,1988
2016-06-03,158.5,158.5,159.85000610351562,155.8000030517578,157.0500030517578,1625
2016-06-06,167.1999969482422,167.1999969482422,168.25,158.5500030517578,158.5500030517578,2320
2016-06-07,167.5,167.5,172.5,166.0,166.39999389648438,1690
2016-06-08,164.3000030517578,164.3000030517578,167.8000030517578,163.5,165.0,1286
2016-06-09,166.60000610351562,166.60000610351562,168.6999969482422,162.64999389648438,163.0,1240
2016-06-10,167.5500030517578,167.5500030517578,169.0,164.3000030517578,167.35000610351562,1032
2016-06-13,167.39999389648438,167.39999389648438,169.35000610351562,165.4499969482422,169.35000610351562,852
2016-06-14,163.75,163.75,168.89999389648438,163.0,166.89999389648438,909
2016-06-15,162.39999389648438,162.39999389648438,163.39999389648438,160.10000610351562,163.39999389648438,906
2016-06-16,166.0500030517578,166.0500030517578,166.89999389648438,160.25,162.39999389648438,1076
2016-06-17,167.0500030517578,167.0500030517578,169.0,163.89999389648438,166.3000030517578,1597
2016-06-20,166.89999389648438,166.89999389648438,169.25,165.1999969482422,169.10000610351562,1144
2016-06-21,165.10000610351562,165.10000610351562,168.5500030517578,164.60000610351562,166.1999969482422,1685
2016-06-22,164.1999969482422,164.1999969482422,165.14999389648438,162.75,165.0500030517578,1453
2016-06-23,167.1999969482422,167.1999969482422,168.25,162.89999389648438,163.85000610351562,1215
2016-06-24,166.3000030517578,166.3000030517578,170.4499969482422,162.85000610351562,165.10000610351562,694
2016-06-27,165.5,165.5,166.0,161.8000030517578,165.60000610351562,694
2016-06-28,166.1999969482422,166.1999969482422,166.89999389648438,164.25,165.0,413
2016-06-29,172.89999389648438,172.89999389648438,174.5500030517578,164.8000030517578,165.14999389648438,400
2016-06-30,177.14999389648438,177.14999389648438,182.85000610351562,173.14999389648438,173.14999389648438,318
2016-07-01,180.85000610351562,180.85000610351562,183.0,180.75,180.75,0
2016-07-05,186.64999389648438,186.64999389648438,187.64999389648438,185.0,185.0,37
2016-07-06,185.85000610351562,185.85000610351562,188.64999389648438,187.0,187.64999389648438,35
2016-07-07,186.75,186.75,187.0,187.0,187.0,68
2016-07-08,188.9499969482422,188.9499969482422,189.25,187.64999389648438,187.64999389648438,29
2016-07-11,179.6999969482422,179.6999969482422,185.89999389648438,185.5,185.89999389648438,1413
2016-07-12,176.8000030517578,176.8000030517578,180.85000610351562,175.25,179.1999969482422,630
2016-07-13,181.10000610351562,181.10000610351562,181.39999389648438,176.5,176.60000610351562,531
2016-07-14,184.1999969482422,184.1999969482422,185.39999389648438,181.6999969482422,181.6999969482422,484
2016-07-15,183.85000610351562,183.85000610351562,185.5500030517578,180.85000610351562,184.0,411
2016-07-18,184.4499969482422,184.4499969482422,185.0,181.8000030517578,183.10000610351562,428
2016-07-19,182.85000610351562,182.85000610351562,186.1999969482422,181.1999969482422,184.4499969482422,594
2016-07-20,182.3000030517578,182.3000030517578,184.6999969482422,181.35000610351562,182.85000610351562,462
2016-07-21,180.6999969482422,180.6999969482422,184.8000030517578,179.64999389648438,182.60000610351562,807
2016-07-22,180.64999389648438,180.64999389648438,183.3000030517578,178.9499969482422,180.6999969482422,887
2016-07-25,187.35000610351562,187.35000610351562,187.6999969482422,179.35000610351562,180.3000030517578,1087
2016-07-26,193.25,193.25,195.4499969482422,185.25,187.35000610351562,1154
2016-07-27,189.8000030517578,189.8000030517578,195.39999389648438,188.5500030517578,192.5,1015
2016-07-28,179.8000030517578,179.8000030517578,190.0,179.8000030517578,189.1999969482422,1581
2016-07-29,174.64999389648438,174.64999389648438,178.8000030517578,172.75,178.8000030517578,2232
2016-08-01,180.85000610351562,180.85000610351562,183.0500030517578,174.64999389648438,174.64999389648438,1345
2016-08-02,170.85000610351562,170.85000610351562,181.85000610351562,170.85000610351562,181.85000610351562,2101
2016-08-03,172.89999389648438,172.89999389648438,173.8000030517578,168.75,170.60000610351562,1691
2016-08-04,175.14999389648438,175.14999389648438,176.60000610351562,170.39999389648438,172.5,854
2016-08-05,183.39999389648438,183.39999389648438,185.14999389648438,174.64999389648438,175.0,1497
2016-08-08,177.1999969482422,177.1999969482422,189.89999389648438,176.10000610351562,184.6999969482422,1199
2016-08-09,183.60000610351562,183.60000610351562,184.3000030517578,176.5,178.6999969482422,1488
2016-08-10,181.10000610351562,181.10000610351562,184.39999389648438,177.89999389648438,182.3000030517578,1863
2016-08-11,183.5500030517578,183.5500030517578,186.0,180.9499969482422,181.39999389648438,1058
2016-08-12,180.9499969482422,180.9499969482422,184.60000610351562,178.3000030517578,183.75,821
2016-08-15,181.35000610351562,181.35000610351562,184.89999389648438,180.0500030517578,182.10000610351562,1242
2016-08-16,178.60000610351562,178.60000610351562,181.6999969482422,176.9499969482422,180.5500030517578,1202
2016-08-17,175.5500030517578,175.5500030517578,178.64999389648438,174.0,178.64999389648438,1388
2016-08-18,176.5,176.5,178.0,173.89999389648438,175.5,1337
2016-08-19,179.89999389648438,179.89999389648438,180.75,175.64999389648438,175.64999389648438,905
2016-08-22,179.0500030517578,179.0500030517578,182.8000030517578,178.25,179.5,1316
2016-08-23,187.10000610351562,187.10000610351562,188.6999969482422,179.0500030517578,181.89999389648438,1043
2016-08-24,188.0500030517578,188.0500030517578,188.64999389648438,183.89999389648438,187.9499969482422,513
2016-08-25,185.85000610351562,185.85000610351562,187.9499969482422,183.0,187.9499969482422,303
2016-08-26,186.5,186.5,187.1999969482422,183.5500030517578,185.5,346
2016-08-29,191.9499969482422,191.9499969482422,193.14999389648438,187.3000030517578,187.3000030517578,524
2016-08-30,188.85000610351562,188.85000610351562,195.0,187.8000030517578,192.3000030517578,790
2016-08-31,182.10000610351562,182.10000610351562,187.0,180.9499969482422,187.0,636
2016-09-01,190.89999389648438,190.89999389648438,187.60000610351562,185.60000610351562,185.75,5
2016-09-02,186.4499969482422,186.4499969482422,189.10000610351562,186.0,189.10000610351562,0
2016-09-06,191.8000030517578,191.8000030517578,192.0,187.5,188.3000030517578,25
2016-09-07,191.1999969482422,191.1999969482422,189.8000030517578,189.8000030517578,189.8000030517578,21
2016-09-08,195.64999389648438,195.64999389648438,193.39999389648438,191.1999969482422,192.85000610351562,11
2016-09-09,198.25,198.25,200.64999389648438,195.89999389648438,195.89999389648438,61
2016-09-12,192.0,192.0,192.0,192.0,192.0,877
2016-09-13,197.1999969482422,197.1999969482422,198.5,190.0500030517578,192.64999389648438,961
2016-09-14,195.5,195.5,197.8000030517578,194.9499969482422,197.0,503
2016-09-15,194.60000610351562,194.60000610351562,196.4499969482422,194.0,194.85000610351562,481
2016-09-16,196.6999969482422,196.6999969482422,197.89999389648438,195.10000610351562,196.0,456
2016-09-19,198.89999389648438,198.89999389648438,199.0,192.39999389648438,195.89999389648438,679
2016-09-20,204.39999389648438,204.39999389648438,205.75,198.1999969482422,198.1999969482422,1448
2016-09-21,199.5500030517578,199.5500030517578,206.35000610351562,198.39999389648438,205.5,722
2016-09-22,204.0500030517578,204.0500030517578,205.35000610351562,198.1999969482422,199.3000030517578,604
2016-09-23,202.6999969482422,202.6999969482422,205.89999389648438,200.5,203.8000030517578,641
2016-09-26,204.35000610351562,204.35000610351562,205.35000610351562,201.3000030517578,203.0500030517578,483
2016-09-27,209.3000030517578,209.3000030517578,209.85000610351562,202.3000030517578,202.3000030517578,952
2016-09-28,206.85000610351562,206.85000610351562,218.25,201.5,210.0,2101
2016-09-29,203.6999969482422,203.6999969482422,206.0,202.60000610351562,205.5500030517578,958
2016-09-30,205.0,205.0,209.0,202.5,203.25,1135
2016-10-03,196.89999389648438,196.89999389648438,204.9499969482422,195.5,204.3000030517578,2567
2016-10-04,202.1999969482422,202.1999969482422,204.1999969482422,198.8000030517578,198.8000030517578,1407
2016-10-05,201.39999389648438,201.39999389648438,206.0,197.8000030517578,205.0,1500
2016-10-06,199.64999389648438,199.64999389648438,204.5,198.35000610351562,204.0,1103
2016-10-07,198.10000610351562,198.10000610351562,199.1999969482422,195.75,198.89999389648438,1152
2016-10-11,200.0500030517578,200.0500030517578,203.14999389648438,198.60000610351562,199.5,1090
2016-10-12,198.75,198.75,201.64999389648438,197.64999389648438,200.25,1009
2016-10-13,191.4499969482422,191.4499969482422,200.89999389648438,190.5500030517578,198.75,2435
2016-10-14,188.4499969482422,188.4499969482422,193.5,187.3000030517578,192.6999969482422,1530
2016-10-17,188.6999969482422,188.6999969482422,191.60000610351562,187.3000030517578,189.64999389648438,1470
2016-10-18,189.9499969482422,189.9499969482422,192.25,186.39999389648438,188.6999969482422,1429
2016-10-19,196.14999389648438,196.14999389648438,197.89999389648438,190.5,190.8000030517578,1501
2016-10-20,195.5,195.5,197.60000610351562,193.9499969482422,196.14999389648438,1527
2016-10-21,200.5,200.5,201.9499969482422,195.5,196.0,1107
2016-10-24,206.0,206.0,208.85000610351562,200.5,201.0500030517578,1603
2016-10-25,207.6999969482422,207.6999969482422,208.9499969482422,204.85000610351562,205.60000610351562,826
2016-10-26,210.10000610351562,210.10000610351562,211.39999389648438,207.6999969482422,207.6999969482422,625
2016-10-27,215.10000610351562,215.10000610351562,216.75,210.5,210.6999969482422,776
2016-10-28,216.3000030517578,216.3000030517578,217.75,213.8000030517578,216.5,586
2016-10-31,221.9499969482422,221.9499969482422,222.10000610351562,212.0,216.10000610351562,860
2016-11-01,232.85000610351562,232.85000610351562,235.0,217.3000030517578,220.9499969482422,154
2016-11-02,229.75,229.75,233.0,229.0,232.85000610351562,92
2016-11-03,222.85000610351562,222.85000610351562,226.5,224.0,225.5,454
2016-11-04,227.6999969482422,227.6999969482422,225.5500030517578,222.85000610351562,224.0,6
2016-11-07,229.85000610351562,229.85000610351562,230.0,229.5,230.0,47
2016-11-08,222.25,222.25,229.39999389648438,221.0,228.9499969482422,47
2016-11-09,220.25,220.25,220.25,220.25,220.25,478
2016-11-10,217.14999389648438,217.14999389648438,219.3000030517578,216.0500030517578,216.39999389648438,484
2016-11-14,206.10000610351562,206.10000610351562,213.1999969482422,206.0,212.1999969482422,1041
2016-11-15,208.64999389648438,208.64999389648438,212.4499969482422,205.5,206.25,779
2016-11-16,208.9499969482422,208.9499969482422,210.5,206.64999389648438,208.64999389648438,625
2016-11-17,212.39999389648438,212.39999389648438,213.8000030517578,207.25,209.14999389648438,652
2016-11-18,212.3000030517578,212.3000030517578,217.8000030517578,210.5,212.6999969482422,825
2016-11-21,212.60000610351562,212.60000610351562,214.5,211.0,212.25,337
2016-11-22,210.60000610351562,210.60000610351562,212.60000610351562,210.5,212.1999969482422,497
2016-11-23,212.25,212.25,215.5500030517578,210.64999389648438,210.64999389648438,0
2016-11-25,216.4499969482422,216.4499969482422,216.8000030517578,207.9499969482422,212.89999389648438,669
2016-11-28,214.4499969482422,214.4499969482422,221.39999389648438,212.60000610351562,216.89999389648438,745
2016-11-29,215.39999389648438,215.39999389648438,217.39999389648438,209.8000030517578,214.35000610351562,955
2016-11-30,217.60000610351562,217.60000610351562,218.9499969482422,215.0,217.5,652
2016-12-01,221.9499969482422,221.9499969482422,224.5,215.5500030517578,216.64999389648438,1378
2016-12-02,220.64999389648438,220.64999389648438,222.5,219.3000030517578,221.0,733
2016-12-05,220.10000610351562,220.10000610351562,221.75,217.35000610351562,220.1999969482422,679
2016-12-06,217.0,217.0,219.9499969482422,215.25,219.9499969482422,715
2016-12-07,214.14999389648438,214.14999389648438,218.6999969482422,212.60000610351562,217.5500030517578,720
2016-12-08,213.39999389648438,213.39999389648438,215.39999389648438,211.10000610351562,214.64999389648438,685
2016-12-09,213.0,213.0,214.35000610351562,210.5,213.89999389648438,678
2016-12-12,204.5,204.5,212.39999389648438,204.0,212.39999389648438,1652
2016-12-13,202.1999969482422,202.1999969482422,205.0,200.25,204.5,2022
2016-12-14,201.60000610351562,201.60000610351562,202.8000030517578,200.6999969482422,202.10000610351562,1105
2016-12-15,195.4499969482422,195.4499969482422,201.60000610351562,192.89999389648438,201.60000610351562,3387
2016-12-16,195.0500030517578,195.0500030517578,196.25,194.39999389648438,196.0,1450
2016-12-19,199.89999389648438,199.89999389648438,204.60000610351562,195.10000610351562,195.60000610351562,2346
2016-12-20,201.8000030517578,201.8000030517578,203.3000030517578,200.3000030517578,200.60000610351562,1881
2016-12-21,197.85000610351562,197.85000610351562,203.0,197.5500030517578,201.8000030517578,1771
2016-12-22,194.35000610351562,194.35000610351562,197.1999969482422,193.1999969482422,197.0500030517578,1606
2016-12-23,191.75,191.75,196.5500030517578,191.0,194.39999389648438,658
2016-12-27,190.6999969482422,190.6999969482422,194.10000610351562,189.4499969482422,191.0,616
2016-12-28,187.8000030517578,187.8000030517578,192.0500030517578,187.8000030517578,191.9499969482422,778
2016-12-29,194.35000610351562,194.35000610351562,193.9499969482422,186.0,188.0,454
2016-12-30,198.10000610351562,198.10000610351562,198.39999389648438,191.0,191.10000610351562,272
2017-01-03,197.0,197.0,197.60000610351562,194.0,197.0,33
2017-01-04,196.0500030517578,196.0500030517578,199.3000030517578,193.3000030517578,198.0,13
2017-01-05,190.89999389648438,190.89999389648438,193.6999969482422,189.0,193.6999969482422,79
2017-01-06,185.5500030517578,185.5500030517578,189.4499969482422,185.0500030517578,189.4499969482422,48
2017-01-09,181.89999389648438,181.89999389648438,186.0,184.0,186.0,29
2017-01-10,182.5,182.5,182.5,182.5,182.5,1253
2017-01-11,183.89999389648438,183.89999389648438,184.5500030517578,181.4499969482422,183.1999969482422,736
2017-01-12,184.5,184.5,188.35000610351562,183.3000030517578,184.10000610351562,760
2017-01-13,183.14999389648438,183.14999389648438,185.0,181.4499969482422,184.8000030517578,0
2017-01-17,173.60000610351562,173.60000610351562,184.60000610351562,173.14999389648438,183.14999389648438,2214
2017-01-18,169.75,169.75,174.85000610351562,167.25,173.60000610351562,1751
2017-01-19,167.6999969482422,167.6999969482422,169.5500030517578,167.0,169.35000610351562,1035
2017-01-20,166.25,166.25,168.25,165.10000610351562,167.75,1124
2017-01-23,162.4499969482422,162.4499969482422,168.89999389648438,160.25,167.25,1972
2017-01-24,165.5500030517578,165.5500030517578,166.4499969482422,162.4499969482422,163.0,1105
2017-01-25,166.64999389648438,166.64999389648438,167.85000610351562,164.14999389648438,165.8000030517578,1122
2017-01-26,164.35000610351562,164.35000610351562,170.0,160.0,165.9499969482422,1364
2017-01-27,173.1999969482422,173.1999969482422,174.0,164.35000610351562,164.35000610351562,1076
2017-01-30,177.85000610351562,177.85000610351562,179.3000030517578,173.39999389648438,174.0,1782
2017-01-31,172.89999389648438,172.89999389648438,177.39999389648438,171.9499969482422,177.39999389648438,986
2017-02-01,171.35000610351562,171.35000610351562,174.39999389648438,168.85000610351562,173.0,1210
2017-02-02,166.39999389648438,166.39999389648438,173.10000610351562,165.75,171.14999389648438,865
2017-02-03,167.0,167.0,167.60000610351562,165.0,166.39999389648438,809
2017-02-06,165.5,165.5,167.14999389648438,165.0,166.0500030517578,659
2017-02-07,170.0,170.0,170.5,165.25,165.3000030517578,868
2017-02-08,173.0,173.0,174.6999969482422,169.39999389648438,170.0,907
2017-02-09,174.0,174.0,175.0,171.5500030517578,172.64999389648438,814
2017-02-10,169.9499969482422,169.9499969482422,175.0,167.0500030517578,174.39999389648438,1175
2017-02-13,167.10000610351562,167.10000610351562,171.75,166.85000610351562,169.0500030517578,1260
2017-02-14,170.0,170.0,173.0,167.1999969482422,167.1999969482422,990
2017-02-15,173.0,173.0,174.89999389648438,170.0,170.0,1149
2017-02-16,174.5,174.5,177.6999969482422,173.0,173.60000610351562,1160
2017-02-17,176.25,176.25,176.4499969482422,173.60000610351562,175.4499969482422,0
2017-02-21,175.4499969482422,175.4499969482422,176.75,174.14999389648438,175.39999389648438,1612
2017-02-22,173.85000610351562,173.85000610351562,176.39999389648438,173.0,174.64999389648438,1138
2017-02-23,175.8000030517578,175.8000030517578,177.35000610351562,174.89999389648438,174.89999389648438,1200
2017-02-24,172.0500030517578,172.0500030517578,178.60000610351562,170.5500030517578,178.0,1508
2017-02-27,162.0500030517578,162.0500030517578,173.3000030517578,162.0500030517578,173.0,1023
2017-02-28,164.8000030517578,164.8000030517578,166.0,158.10000610351562,160.89999389648438,485
2017-03-01,166.5500030517578,166.5500030517578,170.64999389648438,162.10000610351562,170.4499969482422,11
2017-03-02,170.60000610351562,170.60000610351562,170.75,170.3000030517578,170.3000030517578,5
2017-03-03,174.85000610351562,174.85000610351562,175.0500030517578,174.9499969482422,174.9499969482422,2
2017-03-06,179.8000030517578,179.8000030517578,178.9499969482422,178.9499969482422,178.9499969482422,1
2017-03-07,179.0,179.0,178.3000030517578,178.0,178.0,293
2017-03-08,175.10000610351562,175.10000610351562,179.0,174.14999389648438,179.0,17
2017-03-09,176.75,176.75,178.4499969482422,178.4499969482422,178.4499969482422,26
2017-03-10,172.10000610351562,172.10000610351562,172.10000610351562,172.10000610351562,172.10000610351562,3
2017-03-13,175.3000030517578,175.3000030517578,175.3000030517578,175.3000030517578,175.3000030517578,441
2017-03-14,175.3000030517578,175.3000030517578,177.0,168.39999389648438,172.75,941
2017-03-15,178.10000610351562,178.10000610351562,179.14999389648438,173.1999969482422,176.0,810
2017-03-16,177.5,177.5,178.6999969482422,176.75,178.25,666
2017-03-17,180.9499969482422,180.9499969482422,181.60000610351562,175.5500030517578,177.5500030517578,973
2017-03-20,182.85000610351562,182.85000610351562,184.5,180.9499969482422,180.9499969482422,950
2017-03-21,190.3000030517578,190.3000030517578,192.0500030517578,182.1999969482422,182.5,2004
2017-03-22,189.0,189.0,191.10000610351562,187.6999969482422,190.3000030517578,1441
2017-03-23,185.14999389648438,185.14999389648438,188.3000030517578,182.5500030517578,187.10000610351562,1024
2017-03-24,180.35000610351562,180.35000610351562,183.4499969482422,178.85000610351562,183.10000610351562,958
2017-03-27,175.0,175.0,180.14999389648438,171.1999969482422,180.0,1710
2017-03-28,170.5,170.5,173.8000030517578,169.3000030517578,173.8000030517578,1224
2017-03-29,168.75,168.75,170.75,167.0500030517578,170.35000610351562,1005
2017-03-30,160.5500030517578,160.5500030517578,170.3000030517578,160.14999389648438,169.0500030517578,2139
2017-03-31,157.0,157.0,163.0500030517578,152.3000030517578,162.8000030517578,3014
2017-04-03,154.0,154.0,159.5,152.5500030517578,154.9499969482422,1343
2017-04-04,155.10000610351562,155.10000610351562,160.85000610351562,151.14999389648438,154.14999389648438,1482
2017-04-05,160.75,160.75,161.9499969482422,158.0,160.0,1308
2017-04-06,162.0500030517578,162.0500030517578,163.64999389648438,158.75,159.14999389648438,942
2017-04-07,167.39999389648438,167.39999389648438,167.9499969482422,162.25,162.25,982
2017-04-10,167.60000610351562,167.60000610351562,169.10000610351562,166.10000610351562,167.5,949
2017-04-11,161.75,161.75,166.8000030517578,160.60000610351562,166.8000030517578,1102
2017-04-12,161.14999389648438,161.14999389648438,162.1999969482422,159.64999389648438,161.5,442
2017-04-13,160.75,160.75,163.89999389648438,159.14999389648438,162.25,1013
2017-04-17,158.89999389648438,158.89999389648438,162.75,154.3000030517578,160.5,822
2017-04-18,163.64999389648438,163.64999389648438,164.35000610351562,156.9499969482422,158.0,1081
2017-04-19,166.14999389648438,166.14999389648438,168.0,163.64999389648438,163.64999389648438,691
2017-04-20,161.0500030517578,161.0500030517578,165.85000610351562,159.9499969482422,165.5,934
2017-04-21,160.0,160.0,162.89999389648438,159.0,160.5,1157
2017-04-24,157.39999389648438,157.39999389648438,162.0,157.0,160.0,1270
2017-04-25,158.0500030517578,158.0500030517578,159.0,157.10000610351562,157.8000030517578,626
2017-04-26,160.75,160.75,161.0,157.89999389648438,158.0,513
2017-04-27,156.1999969482422,156.1999969482422,161.1999969482422,155.10000610351562,160.4499969482422,634
2017-04-28,158.10000610351562,158.10000610351562,159.0,155.5,156.0,320
2017-05-01,161.25,161.25,162.0,160.0,160.0,27
2017-05-02,159.64999389648438,159.64999389648438,157.1999969482422,157.1999969482422,157.1999969482422,1
2017-05-03,154.85000610351562,154.85000610351562,154.85000610351562,154.85000610351562,154.85000610351562,1
2017-05-04,150.8000030517578,150.8000030517578,155.0,155.0,155.0,1
2017-05-05,147.25,147.25,147.25,147.25,147.25,1
2017-05-08,149.10000610351562,149.10000610351562,147.85000610351562,147.85000610351562,147.85000610351562,21
2017-05-09,147.89999389648438,147.89999389648438,147.89999389648438,147.89999389648438,147.89999389648438,21
2017-05-10,143.14999389648438,143.14999389648438,143.14999389648438,143.14999389648438,143.14999389648438,982
2017-05-11,145.0,145.0,146.5,142.35000610351562,143.0,509
2017-05-12,147.5500030517578,147.5500030517578,148.39999389648438,144.4499969482422,145.0,589
2017-05-15,144.25,144.25,148.1999969482422,143.75,147.60000610351562,535
2017-05-16,143.35000610351562,143.35000610351562,144.9499969482422,142.64999389648438,144.6999969482422,463
2017-05-17,141.89999389648438,141.89999389648438,144.0500030517578,141.35000610351562,143.1999969482422,542
2017-05-18,141.10000610351562,141.10000610351562,145.60000610351562,140.0,141.14999389648438,880
2017-05-19,139.75,139.75,141.60000610351562,137.64999389648438,141.60000610351562,1189
2017-05-22,136.0500030517578,136.0500030517578,142.0,135.5,139.14999389648438,1088
2017-05-23,135.8000030517578,135.8000030517578,140.1999969482422,135.5,137.0500030517578,670
2017-05-24,135.89999389648438,135.89999389648438,137.4499969482422,135.5,136.75,797
2017-05-25,135.9499969482422,135.9499969482422,137.0500030517578,133.75,136.4499969482422,1537
2017-05-26,138.60000610351562,138.60000610351562,139.5,135.60000610351562,137.0,0
2017-05-30,136.4499969482422,136.4499969482422,140.6999969482422,135.8000030517578,138.8000030517578,724
2017-05-31,133.5500030517578,133.5500030517578,136.3000030517578,132.75,136.0,1196
2017-06-01,131.89999389648438,131.89999389648438,133.5500030517578,131.25,133.5500030517578,1381
2017-06-02,132.5,132.5,134.64999389648438,129.6999969482422,131.89999389648438,1405
2017-06-05,135.75,135.75,136.4499969482422,130.75,133.0500030517578,804
2017-06-06,132.5500030517578,132.5500030517578,138.0,132.25,135.5500030517578,726
2017-06-07,131.89999389648438,131.89999389648438,133.8000030517578,131.10000610351562,132.6999969482422,455
2017-06-08,136.9499969482422,136.9499969482422,139.1999969482422,131.75,132.0,846
2017-06-09,138.8000030517578,138.8000030517578,139.8000030517578,136.5500030517578,137.1999969482422,877
2017-06-12,138.14999389648438,138.14999389648438,140.10000610351562,136.0,139.0,704
2017-06-13,141.0500030517578,141.0500030517578,142.0,137.35000610351562,137.8000030517578,750
2017-06-14,140.25,140.25,141.5,139.0,141.0500030517578,687
2017-06-15,142.75,142.75,142.85000610351562,138.0,139.5500030517578,900
2017-06-16,141.75,141.75,143.0500030517578,140.5500030517578,142.8000030517578,1008
2017-06-19,139.0,139.0,142.10000610351562,138.5,141.8000030517578,1020
2017-06-20,135.60000610351562,135.60000610351562,140.5,134.64999389648438,138.10000610351562,1206
2017-06-21,131.39999389648438,131.39999389648438,137.8000030517578,127.69999694824219,135.5,1234
2017-06-22,131.9499969482422,131.9499969482422,133.0,130.1999969482422,132.39999389648438,619
2017-06-23,137.64999389648438,137.64999389648438,138.75,130.64999389648438,131.9499969482422,493
2017-06-26,140.89999389648438,140.89999389648438,141.5,138.10000610351562,139.14999389648438,568
2017-06-27,142.9499969482422,142.9499969482422,143.0,134.5,138.0,475
2017-06-28,139.14999389648438,139.14999389648438,143.60000610351562,136.5,142.60000610351562,178
2017-06-29,132.89999389648438,132.89999389648438,139.0,132.5,139.0,151
2017-06-30,129.85000610351562,129.85000610351562,135.14999389648438,129.75,133.6999969482422,140
2017-07-03,131.64999389648438,131.64999389648438,136.6999969482422,130.75,135.10000610351562,0
2017-07-05,137.5,137.5,139.8000030517578,136.25,136.5500030517578,12
2017-07-06,134.8000030517578,134.8000030517578,137.6999969482422,137.6999969482422,137.6999969482422,1
2017-07-07,132.0,132.0,132.0,132.0,132.0,1
2017-07-10,132.85000610351562,132.85000610351562,135.25,132.39999389648438,132.64999389648438,6
2017-07-11,131.0,131.0,131.0,131.0,131.0,815
2017-07-12,128.8000030517578,128.8000030517578,130.8000030517578,127.19999694824219,129.14999389648438,544
2017-07-13,128.9499969482422,128.9499969482422,132.3000030517578,127.5,129.3000030517578,736
2017-07-14,126.9000015258789,126.9000015258789,131.0,126.3499984741211,130.75,742
2017-07-17,126.69999694824219,126.69999694824219,127.5999984741211,126.5,126.94999694824219,845
2017-07-18,126.69999694824219,126.69999694824219,130.3000030517578,126.5,127.0,731
2017-07-19,125.5,125.5,129.25,125.30000305175781,128.5,701
2017-07-20,125.80000305175781,125.80000305175781,126.25,124.94999694824219,126.0,515
2017-07-21,130.39999389648438,130.39999389648438,131.5,126.0999984741211,126.0999984741211,816
2017-07-24,134.5,134.5,136.25,129.10000610351562,130.35000610351562,1292
2017-07-25,132.64999389648438,132.64999389648438,136.1999969482422,131.64999389648438,135.14999389648438,626
2017-07-26,134.0500030517578,134.0500030517578,134.39999389648438,130.64999389648438,132.75,703
2017-07-27,137.75,137.75,138.0,133.60000610351562,134.39999389648438,855
2017-07-28,136.3000030517578,136.3000030517578,138.60000610351562,134.75,137.8000030517578,797
2017-07-31,131.64999389648438,131.64999389648438,135.35000610351562,128.10000610351562,134.85000610351562,1599
2017-08-01,132.10000610351562,132.10000610351562,132.35000610351562,128.5,131.0500030517578,1143
2017-08-02,133.89999389648438,133.89999389648438,134.1999969482422,130.60000610351562,132.1999969482422,744
2017-08-03,133.3000030517578,133.3000030517578,134.85000610351562,130.1999969482422,133.6999969482422,637
2017-08-04,135.3000030517578,135.3000030517578,136.0,132.10000610351562,132.85000610351562,1093
2017-08-07,134.10000610351562,134.10000610351562,135.6999969482422,132.5,135.1999969482422,411
2017-08-08,131.5500030517578,131.5500030517578,134.6999969482422,130.60000610351562,134.64999389648438,785
2017-08-09,133.4499969482422,133.4499969482422,134.3000030517578,131.5,131.8000030517578,834
2017-08-10,135.5500030517578,135.5500030517578,137.89999389648438,134.25,134.25,1069
2017-08-11,136.10000610351562,136.10000610351562,137.0,131.89999389648438,136.0,578
2017-08-14,136.0500030517578,136.0500030517578,137.39999389648438,134.1999969482422,136.0,619
2017-08-15,139.3000030517578,139.3000030517578,140.89999389648438,135.3000030517578,136.0500030517578,1352
2017-08-16,141.64999389648438,141.64999389648438,142.0,139.35000610351562,139.5,1289
2017-08-17,144.10000610351562,144.10000610351562,144.64999389648438,140.6999969482422,141.5,1672
2017-08-18,140.3000030517578,140.3000030517578,144.0,138.6999969482422,143.9499969482422,1294
2017-08-21,135.39999389648438,135.39999389648438,140.0,131.39999389648438,139.89999389648438,1219
2017-08-22,131.89999389648438,131.89999389648438,134.10000610351562,129.6999969482422,134.10000610351562,919
2017-08-23,134.85000610351562,134.85000610351562,136.6999969482422,131.75,131.89999389648438,676
2017-08-24,138.4499969482422,138.4499969482422,138.64999389648438,132.9499969482422,132.9499969482422,474
2017-08-25,135.39999389648438,135.39999389648438,141.14999389648438,133.39999389648438,137.75,546
2017-08-28,132.75,132.75,135.8000030517578,131.8000030517578,135.6999969482422,296
2017-08-29,130.85000610351562,130.85000610351562,132.75,130.64999389648438,132.39999389648438,279
2017-08-30,133.5,133.5,134.89999389648438,130.85000610351562,130.85000610351562,293
2017-08-31,137.64999389648438,137.64999389648438,136.0,130.5500030517578,133.5500030517578,253
2017-09-01,138.60000610351562,138.60000610351562,138.0,138.0,138.0,1
2017-09-05,145.5,145.5,146.60000610351562,146.60000610351562,146.60000610351562,70
2017-09-06,145.4499969482422,145.4499969482422,147.5,146.6999969482422,146.6999969482422,4
2017-09-07,150.35000610351562,150.35000610351562,150.9499969482422,150.9499969482422,150.9499969482422,41
2017-09-08,154.5,154.5,155.0,153.0,155.0,46
2017-09-11,154.10000610351562,154.10000610351562,154.10000610351562,154.10000610351562,154.10000610351562,3213
2017-09-12,157.14999389648438,157.14999389648438,158.64999389648438,151.1999969482422,151.1999969482422,2038
2017-09-13,155.64999389648438,155.64999389648438,160.60000610351562,154.4499969482422,157.0,1415
2017-09-14,150.8000030517578,150.8000030517578,156.5,147.1999969482422,155.0500030517578,1477
2017-09-15,149.64999389648438,149.64999389648438,151.3000030517578,148.6999969482422,150.64999389648438,729
2017-09-18,151.35000610351562,151.35000610351562,152.25,148.25,149.75,558
2017-09-19,152.14999389648438,152.14999389648438,154.3000030517578,149.10000610351562,152.0,847
2017-09-20,154.6999969482422,154.6999969482422,156.85000610351562,152.0500030517578,152.0500030517578,703
2017-09-21,152.25,152.25,154.6999969482422,151.0,154.5,421
2017-09-22,146.8000030517578,146.8000030517578,153.0,145.75,153.0,857
2017-09-25,145.5500030517578,145.5500030517578,146.3000030517578,141.5,146.0,682
2017-09-26,147.8000030517578,147.8000030517578,148.6999969482422,145.75,145.8000030517578,446
2017-09-27,149.9499969482422,149.9499969482422,150.8000030517578,147.39999389648438,148.4499969482422,515
2017-09-28,147.0,147.0,151.1999969482422,146.3000030517578,149.9499969482422,622
2017-09-29,148.35000610351562,148.35000610351562,149.85000610351562,145.39999389648438,146.0500030517578,823
2017-10-02,153.0,153.0,153.75,149.0500030517578,149.1999969482422,734
2017-10-03,155.3000030517578,155.3000030517578,156.25,151.64999389648438,153.3000030517578,707
2017-10-04,158.1999969482422,158.1999969482422,159.39999389648438,153.5,153.5,779
2017-10-05,159.1999969482422,159.1999969482422,159.8000030517578,156.5,158.75,955
2017-10-06,157.14999389648438,157.14999389648438,159.0500030517578,155.64999389648438,157.85000610351562,541
2017-10-09,157.5,157.5,159.0500030517578,155.0,157.10000610351562,592
2017-10-10,161.25,161.25,161.64999389648438,155.64999389648438,157.10000610351562,1057
2017-10-11,162.60000610351562,162.60000610351562,162.85000610351562,159.14999389648438,161.6999969482422,1073
2017-10-12,158.89999389648438,158.89999389648438,164.8000030517578,156.60000610351562,162.1999969482422,1554
2017-10-13,151.60000610351562,151.60000610351562,158.85000610351562,150.10000610351562,157.85000610351562,1254
2017-10-16,152.35000610351562,152.35000610351562,154.10000610351562,150.3000030517578,152.0,691
2017-10-17,152.75,152.75,153.75,151.60000610351562,152.5500030517578,434
2017-10-18,150.3000030517578,150.3000030517578,153.3000030517578,149.8000030517578,153.14999389648438,742
2017-10-19,152.10000610351562,152.10000610351562,153.60000610351562,149.1999969482422,150.85000610351562,401
2017-10-20,156.0,156.0,157.3000030517578,152.39999389648438,152.89999389648438,648
2017-10-23,152.75,152.75,159.0500030517578,151.6999969482422,155.6999969482422,471
2017-10-24,151.60000610351562,151.60000610351562,152.4499969482422,150.35000610351562,152.4499969482422,412
2017-10-25,153.35000610351562,153.35000610351562,156.5500030517578,150.5,150.5500030517578,382
2017-10-26,153.6999969482422,153.6999969482422,155.0,151.85000610351562,152.6999969482422,359
2017-10-27,155.5500030517578,155.5500030517578,156.8000030517578,154.4499969482422,155.0,564
2017-10-30,156.8000030517578,156.8000030517578,159.9499969482422,155.0,155.0,194
2017-10-31,156.25,156.25,158.64999389648438,154.3000030517578,157.3000030517578,110
2017-11-01,152.89999389648438,152.89999389648438,152.8000030517578,151.89999389648438,151.89999389648438,125
2017-11-02,155.75,155.75,155.75,155.75,155.75,4
2017-11-03,157.85000610351562,157.85000610351562,157.85000610351562,157.85000610351562,157.85000610351562,0
2017-11-06,160.39999389648438,160.39999389648438,160.39999389648438,160.39999389648438,160.39999389648438,0
2017-11-07,160.0500030517578,160.0500030517578,161.35000610351562,159.8000030517578,161.35000610351562,7
2017-11-08,161.3000030517578,161.3000030517578,162.0,162.0,162.0,1
2017-11-09,161.35000610351562,161.35000610351562,161.0,161.0,161.0,566
2017-11-10,162.60000610351562,162.60000610351562,162.75,157.39999389648438,160.14999389648438,814
2017-11-13,160.60000610351562,160.60000610351562,169.5,160.4499969482422,162.6999969482422,1534
2017-11-14,161.39999389648438,161.39999389648438,162.0,157.6999969482422,160.25,544
2017-11-15,163.0,163.0,163.8000030517578,160.25,161.39999389648438,710
2017-11-16,166.10000610351562,166.10000610351562,167.0,162.1999969482422,162.64999389648438,762
2017-11-17,166.8000030517578,166.8000030517578,167.0,165.14999389648438,165.14999389648438,512
2017-11-20,167.3000030517578,167.3000030517578,167.6999969482422,166.10000610351562,166.14999389648438,723
2017-11-21,166.75,166.75,168.1999969482422,164.1999969482422,167.10000610351562,738
2017-11-22,166.75,166.75,167.0500030517578,165.0500030517578,165.6999969482422,411
2017-11-24,165.89999389648438,165.89999389648438,167.5,164.25,165.75,371
2017-11-27,166.8000030517578,166.8000030517578,167.5,164.3000030517578,165.10000610351562,395
2017-11-28,165.3000030517578,165.3000030517578,165.85000610351562,163.10000610351562,164.89999389648438,449
2017-11-29,163.5,163.5,166.39999389648438,163.14999389648438,164.64999389648438,801
2017-11-30,160.10000610351562,160.10000610351562,164.0,159.89999389648438,163.8000030517578,1048
2017-12-01,162.6999969482422,162.6999969482422,164.9499969482422,160.4499969482422,160.4499969482422,1090
2017-12-04,161.8000030517578,161.8000030517578,163.35000610351562,160.0,163.1999969482422,721
2017-12-05,162.0500030517578,162.0500030517578,162.5,160.10000610351562,161.39999389648438,588
2017-12-06,157.6999969482422,157.6999969482422,162.0,155.39999389648438,162.0,1237
2017-12-07,153.4499969482422,153.4499969482422,156.3000030517578,152.39999389648438,156.0500030517578,1741
2017-12-08,152.85000610351562,152.85000610351562,154.6999969482422,151.5500030517578,153.5500030517578,910
2017-12-11,151.0,151.0,154.3000030517578,150.4499969482422,153.10000610351562,897
2017-12-12,149.9499969482422,149.9499969482422,152.1999969482422,149.5500030517578,150.0,1030
2017-12-13,148.4499969482422,148.4499969482422,152.1999969482422,147.75,150.0,934
2017-12-14,146.89999389648438,146.89999389648438,148.6999969482422,145.6999969482422,148.0500030517578,1116
2017-12-15,144.5,144.5,147.85000610351562,144.35000610351562,147.3000030517578,692
2017-12-18,141.0500030517578,141.0500030517578,145.14999389648438,140.60000610351562,144.6999969482422,1094
2017-12-19,140.8000030517578,140.8000030517578,143.3000030517578,139.9499969482422,141.25,540
2017-12-20,138.9499969482422,138.9499969482422,141.10000610351562,137.9499969482422,141.0500030517578,744
2017-12-21,137.0500030517578,137.0500030517578,139.75,136.39999389648438,138.89999389648438,275
2017-12-22,135.25,135.25,138.0500030517578,134.35000610351562,137.9499969482422,322
2017-12-26,134.0500030517578,134.0500030517578,135.25,132.64999389648438,135.25,232
2017-12-27,133.14999389648438,133.14999389648438,134.8000030517578,131.14999389648438,133.5,317
2017-12-28,136.6999969482422,136.6999969482422,137.5,131.14999389648438,132.25,285
2017-12-29,136.0,136.0,136.35000610351562,131.8000030517578,134.5,132
2018-01-02,135.6999969482422,135.6999969482422,135.6999969482422,135.6999969482422,135.6999969482422,10
2018-01-03,139.5,139.5,138.60000610351562,138.60000610351562,138.60000610351562,4
2018-01-04,139.5,139.5,139.5,138.4499969482422,138.4499969482422,203
2018-01-05,138.85000610351562,138.85000610351562,140.0,139.0,139.0,13
2018-01-08,138.0,138.0,138.0,138.0,138.0,0
2018-01-09,135.39999389648438,135.39999389648438,135.4499969482422,135.4499969482422,135.4499969482422,1
2018-01-10,134.85000610351562,134.85000610351562,134.5,134.5,134.5,530
2018-01-11,136.5,136.5,138.35000610351562,135.39999389648438,136.9499969482422,585
2018-01-12,136.1999969482422,136.1999969482422,137.64999389648438,135.35000610351562,135.89999389648438,613
2018-01-16,140.39999389648438,140.39999389648438,141.5,134.5,136.89999389648438,1320
2018-01-17,140.0,140.0,140.89999389648438,138.3000030517578,140.8000030517578,789
2018-01-18,145.25,145.25,145.64999389648438,140.5,140.64999389648438,1399
2018-01-19,146.5,146.5,146.85000610351562,141.6999969482422,145.39999389648438,1474
2018-01-22,148.4499969482422,148.4499969482422,148.89999389648438,146.5,146.75,782
2018-01-23,148.39999389648438,148.39999389648438,148.8000030517578,147.5,148.39999389648438,644
2018-01-24,147.9499969482422,147.9499969482422,149.89999389648438,143.64999389648438,148.0,1377
2018-01-25,149.64999389648438,149.64999389648438,149.75,145.10000610351562,148.25,593
2018-01-26,149.8000030517578,149.8000030517578,150.1999969482422,147.64999389648438,149.0,1010
2018-01-29,152.60000610351562,152.60000610351562,152.89999389648438,148.85000610351562,149.8000030517578,819
2018-01-30,148.10000610351562,148.10000610351562,152.85000610351562,145.6999969482422,151.35000610351562,864
2018-01-31,148.6999969482422,148.6999969482422,148.9499969482422,144.5,147.0,713
2018-02-01,149.0,149.0,150.5,146.0500030517578,147.25,942
2018-02-02,147.0,147.0,149.85000610351562,144.5,149.0,797
2018-02-05,143.75,143.75,146.0500030517578,142.0,146.0500030517578,825
2018-02-06,146.3000030517578,146.3000030517578,147.5500030517578,141.9499969482422,143.14999389648438,673
2018-02-07,145.4499969482422,145.4499969482422,147.0,144.8000030517578,146.60000610351562,437
2018-02-08,147.5,147.5,148.64999389648438,145.0,145.0,1000
2018-02-09,147.60000610351562,147.60000610351562,149.0500030517578,147.1999969482422,148.75,1111
2018-02-12,148.39999389648438,148.39999389648438,149.60000610351562,147.75,147.8000030517578,596
2018-02-13,147.8000030517578,147.8000030517578,149.5,147.35000610351562,148.60000610351562,866
2018-02-14,148.39999389648438,148.39999389648438,148.5500030517578,146.85000610351562,148.0,661
2018-02-15,148.9499969482422,148.9499969482422,149.3000030517578,146.4499969482422,148.39999389648438,870
2018-02-16,151.1999969482422,151.1999969482422,151.39999389648438,148.85000610351562,149.0,0
2018-02-20,146.39999389648438,146.39999389648438,151.25,142.60000610351562,151.0,580
2018-02-21,143.14999389648438,143.14999389648438,143.85000610351562,140.75,143.60000610351562,362
2018-02-22,146.14999389648438,146.14999389648438,147.5,144.0,144.0,463
2018-02-23,148.3000030517578,148.3000030517578,148.60000610351562,145.64999389648438,145.8000030517578,357
2018-02-26,148.0,148.0,149.4499969482422,146.1999969482422,149.0,354
2018-02-27,146.14999389648438,146.14999389648438,146.85000610351562,144.5,146.85000610351562,432
2018-02-28,143.39999389648438,143.39999389648438,145.60000610351562,143.0,144.8000030517578,239
2018-03-01,138.4499969482422,138.4499969482422,141.1999969482422,138.10000610351562,141.1999969482422,9
2018-03-02,138.10000610351562,138.10000610351562,138.35000610351562,138.14999389648438,138.3000030517578,18
2018-03-05,139.89999389648438,139.89999389648438,139.89999389648438,139.89999389648438,139.89999389648438,0
2018-03-06,141.9499969482422,141.9499969482422,142.39999389648438,142.0,142.39999389648438,5
2018-03-07,141.14999389648438,141.14999389648438,141.14999389648438,141.14999389648438,141.14999389648438,0
2018-03-08,138.5,138.5,138.5,138.5,138.5,0
2018-03-09,139.85000610351562,139.85000610351562,139.85000610351562,139.85000610351562,139.85000610351562,560
2018-03-12,138.8000030517578,138.8000030517578,141.0500030517578,138.75,139.5,261
2018-03-13,138.0,138.0,139.3000030517578,137.85000610351562,139.10000610351562,304
2018-03-14,139.39999389648438,139.39999389648438,140.89999389648438,138.4499969482422,138.4499969482422,399
2018-03-15,138.8000030517578,138.8000030517578,139.1999969482422,138.14999389648438,139.0500030517578,233
2018-03-16,138.3000030517578,138.3000030517578,139.9499969482422,137.39999389648438,138.89999389648438,658
2018-03-19,138.0,138.0,141.85000610351562,137.5500030517578,138.0500030517578,574
2018-03-20,137.39999389648438,137.39999389648438,139.64999389648438,137.0500030517578,138.6999969482422,346
2018-03-21,137.14999389648438,137.14999389648438,138.5500030517578,137.0,137.60000610351562,303
2018-03-22,136.0,136.0,137.64999389648438,135.85000610351562,137.5,545
2018-03-23,135.25,135.25,136.5500030517578,135.14999389648438,136.0,456
2018-03-26,137.89999389648438,137.89999389648438,138.89999389648438,135.25,135.5,489
2018-03-27,137.6999969482422,137.6999969482422,138.35000610351562,136.1999969482422,138.10000610351562,364
2018-03-28,141.10000610351562,141.10000610351562,141.4499969482422,137.5500030517578,138.0,737
2018-03-29,141.10000610351562,141.10000610351562,141.3000030517578,139.85000610351562,140.89999389648438,530
2018-04-02,139.1999969482422,139.1999969482422,142.0,137.4499969482422,141.1999969482422,1167
2018-04-03,138.35000610351562,138.35000610351562,139.6999969482422,137.4499969482422,139.60000610351562,813
2018-04-04,138.85000610351562,138.85000610351562,139.5,136.64999389648438,136.64999389648438,515
2018-04-05,137.75,137.75,139.1999969482422,136.85000610351562,139.14999389648438,830
2018-04-06,137.4499969482422,137.4499969482422,138.5,136.14999389648438,137.25,613
2018-04-09,138.5,138.5,139.0,136.3000030517578,137.75,517
2018-04-10,138.25,138.25,139.6999969482422,137.6999969482422,138.75,711
2018-04-11,139.25,139.25,139.64999389648438,137.75,138.9499969482422,598
2018-04-12,139.9499969482422,139.9499969482422,140.85000610351562,139.0,139.5,742
2018-04-13,141.0500030517578,141.0500030517578,141.8000030517578,139.5,139.89999389648438,879
2018-04-16,143.5,143.5,143.85000610351562,140.35000610351562,141.0500030517578,1463
2018-04-17,145.64999389648438,145.64999389648438,145.6999969482422,143.25,143.5,1116
2018-04-18,144.6999969482422,144.6999969482422,145.35000610351562,143.0,145.1999969482422,653
2018-04-19,143.14999389648438,143.14999389648438,144.85000610351562,142.25,144.39999389648438,648
2018-04-20,143.25,143.25,143.35000610351562,141.60000610351562,142.0500030517578,787
2018-04-23,145.85000610351562,145.85000610351562,146.1999969482422,142.0500030517578,142.5500030517578,785
2018-04-24,147.5500030517578,147.5500030517578,147.6999969482422,146.0,146.1999969482422,952
2018-04-25,147.5,147.5,147.5500030517578,144.64999389648438,145.9499969482422,910
2018-04-26,152.14999389648438,152.14999389648438,152.25,146.5,147.9499969482422,576
2018-04-27,153.6999969482422,153.6999969482422,153.75,149.0,149.75,447
2018-04-30,154.9499969482422,154.9499969482422,154.39999389648438,151.9499969482422,154.0,139
2018-05-01,157.5500030517578,157.5500030517578,157.6999969482422,157.6999969482422,157.6999969482422,408
2018-05-02,159.9499969482422,159.9499969482422,160.10000610351562,160.0,160.0,354
2018-05-03,159.64999389648438,159.64999389648438,161.60000610351562,160.6999969482422,160.6999969482422,10
2018-05-04,162.4499969482422,162.4499969482422,162.4499969482422,162.4499969482422,162.4499969482422,0
2018-05-07,165.64999389648438,165.64999389648438,165.0,165.0,165.0,10
2018-05-08,162.5,162.5,162.5,162.5,162.5,0
2018-05-09,167.75,167.75,168.5,168.5,168.5,1
2018-05-10,169.64999389648438,169.64999389648438,169.64999389648438,169.64999389648438,169.64999389648438,1270
2018-05-11,169.35000610351562,169.35000610351562,169.60000610351562,166.39999389648438,167.9499969482422,927
2018-05-14,171.35000610351562,171.35000610351562,171.5,168.25,169.0500030517578,698
2018-05-15,169.89999389648438,169.89999389648438,171.6999969482422,168.0500030517578,170.5,712
2018-05-16,170.0500030517578,170.0500030517578,171.8000030517578,168.14999389648438,169.5500030517578,696
2018-05-17,169.9499969482422,169.9499969482422,171.14999389648438,169.10000610351562,170.0500030517578,401
2018-05-18,166.1999969482422,166.1999969482422,169.75,165.8000030517578,169.10000610351562,869
2018-05-21,167.4499969482422,167.4499969482422,168.0,165.39999389648438,166.1999969482422,653
2018-05-22,168.5500030517578,168.5500030517578,169.60000610351562,166.75,168.0,598
2018-05-23,169.0,169.0,169.60000610351562,167.85000610351562,168.8000030517578,446
2018-05-24,168.39999389648438,168.39999389648438,169.25,166.14999389648438,168.5,588
2018-05-25,169.3000030517578,169.3000030517578,169.60000610351562,166.89999389648438,168.10000610351562,0
2018-05-29,169.89999389648438,169.89999389648438,172.4499969482422,168.0500030517578,169.3000030517578,842
2018-05-30,162.6999969482422,162.6999969482422,168.39999389648438,161.64999389648438,168.3000030517578,1677
2018-05-31,161.8000030517578,161.8000030517578,163.0,161.0,162.5,928
2018-06-01,165.3000030517578,165.3000030517578,166.0,162.14999389648438,162.14999389648438,921
2018-06-04,165.1999969482422,165.1999969482422,167.0,162.39999389648438,164.85000610351562,685
2018-06-05,165.0,165.0,165.9499969482422,163.3000030517578,165.60000610351562,943
2018-06-06,165.89999389648438,165.89999389648438,166.25,164.10000610351562,164.10000610351562,599
2018-06-07,164.85000610351562,164.85000610351562,166.5500030517578,164.14999389648438,165.9499969482422,496
2018-06-08,159.1999969482422,159.1999969482422,165.14999389648438,159.14999389648438,164.89999389648438,1136
2018-06-11,157.0,157.0,159.5,156.25,159.10000610351562,1328
2018-06-12,154.3000030517578,154.3000030517578,157.4499969482422,154.0,156.85000610351562,1832
2018-06-13,153.25,153.25,155.5500030517578,153.14999389648438,154.1999969482422,1144
2018-06-14,155.5,155.5,158.85000610351562,153.4499969482422,155.5500030517578,2112
2018-06-15,159.89999389648438,159.89999389648438,160.35000610351562,155.64999389648438,157.0,1239
2018-06-18,158.0,158.0,161.10000610351562,157.10000610351562,159.4499969482422,1192
2018-06-19,156.89999389648438,156.89999389648438,157.89999389648438,156.0,157.89999389648438,591
2018-06-20,156.9499969482422,156.9499969482422,157.4499969482422,155.5,157.0,956
2018-06-21,155.39999389648438,155.39999389648438,159.3000030517578,155.0,158.60000610351562,753
2018-06-22,160.6999969482422,160.6999969482422,161.25,154.6999969482422,155.10000610351562,349
2018-06-25,157.3000030517578,157.3000030517578,162.5,157.0500030517578,160.85000610351562,564
2018-06-26,155.89999389648438,155.89999389648438,157.1999969482422,155.39999389648438,157.1999969482422,588
2018-06-27,157.39999389648438,157.39999389648438,159.0,155.8000030517578,156.5,603
2018-06-28,159.3000030517578,159.3000030517578,159.39999389648438,157.39999389648438,158.4499969482422,311
2018-06-29,159.5500030517578,159.5500030517578,159.89999389648438,158.0500030517578,158.25,211
2018-07-02,165.8000030517578,165.8000030517578,162.25,162.25,162.25,5
2018-07-03,166.5,166.5,166.5,166.5,166.5,306
2018-07-05,168.0500030517578,168.0500030517578,168.0500030517578,168.0500030517578,168.0500030517578,0
2018-07-06,168.39999389648438,168.39999389648438,168.9499969482422,168.4499969482422,168.4499969482422,219
2018-07-09,168.75,168.75,168.0,167.25,168.0,22
2018-07-10,166.75,166.75,168.0,168.0,168.0,8
2018-07-11,166.6999969482422,166.6999969482422,168.5,166.75,166.75,744
2018-07-12,167.60000610351562,167.60000610351562,167.89999389648438,165.25,166.8000030517578,573
2018-07-13,168.8000030517578,168.8000030517578,169.35000610351562,165.5500030517578,167.14999389648438,662
2018-07-16,170.64999389648438,170.64999389648438,170.85000610351562,168.0,168.39999389648438,583
2018-07-17,171.3000030517578,171.3000030517578,171.6999969482422,170.25,170.85000610351562,569
2018-07-18,169.60000610351562,169.60000610351562,172.0,168.85000610351562,171.3000030517578,632
2018-07-19,169.9499969482422,169.9499969482422,170.89999389648438,168.25,169.0,475
2018-07-20,170.9499969482422,170.9499969482422,171.1999969482422,169.8000030517578,170.85000610351562,259
2018-07-23,167.85000610351562,167.85000610351562,170.64999389648438,167.0,170.0,517
2018-07-24,163.14999389648438,163.14999389648438,167.60000610351562,162.5500030517578,166.64999389648438,1018
2018-07-25,164.75,164.75,165.1999969482422,163.6999969482422,164.0,358
2018-07-26,163.89999389648438,163.89999389648438,165.85000610351562,163.5,165.64999389648438,360
2018-07-27,163.8000030517578,163.8000030517578,164.6999969482422,163.5500030517578,163.85000610351562,427
2018-07-30,169.10000610351562,169.10000610351562,169.35000610351562,163.8000030517578,163.9499969482422,738
2018-07-31,167.39999389648438,167.39999389648438,169.8000030517578,166.25,169.39999389648438,595
2018-08-01,169.14999389648438,169.14999389648438,170.0,166.39999389648438,168.64999389648438,732
2018-08-02,167.75,167.75,169.5,166.64999389648438,169.5,827
2018-08-03,168.89999389648438,168.89999389648438,169.39999389648438,166.5,167.75,527
2018-08-06,166.39999389648438,166.39999389648438,169.60000610351562,165.85000610351562,168.9499969482422,618
2018-08-07,164.5,164.5,165.85000610351562,163.5,165.85000610351562,887
2018-08-08,164.1999969482422,164.1999969482422,167.39999389648438,163.14999389648438,163.6999969482422,797
2018-08-09,164.35000610351562,164.35000610351562,165.60000610351562,163.9499969482422,164.89999389648438,803
2018-08-10,161.8000030517578,161.8000030517578,165.39999389648438,161.5500030517578,165.39999389648438,1678
2018-08-13,158.5,158.5,161.8000030517578,157.9499969482422,161.8000030517578,2065
2018-08-14,155.75,155.75,159.89999389648438,155.3000030517578,158.5,1569
2018-08-15,155.1999969482422,155.1999969482422,157.0,155.0,155.6999969482422,1558
2018-08-16,154.35000610351562,154.35000610351562,156.64999389648438,153.39999389648438,156.60000610351562,1722
2018-08-17,155.35000610351562,155.35000610351562,155.4499969482422,153.10000610351562,154.3000030517578,1524
2018-08-20,155.3000030517578,155.3000030517578,157.85000610351562,154.35000610351562,154.5,579
2018-08-21,154.85000610351562,154.85000610351562,156.5,154.60000610351562,155.5500030517578,1049
2018-08-22,155.85000610351562,155.85000610351562,156.5,154.8000030517578,154.8000030517578,251
2018-08-23,156.0,156.0,156.75,155.25,155.85000610351562,398
2018-08-24,156.14999389648438,156.14999389648438,157.85000610351562,155.60000610351562,156.60000610351562,220
2018-08-27,158.0500030517578,158.0500030517578,158.39999389648438,155.9499969482422,157.75,343
2018-08-28,154.3000030517578,154.3000030517578,158.35000610351562,153.3000030517578,158.35000610351562,437
2018-08-29,154.5,154.5,155.0,151.60000610351562,153.3000030517578,239
2018-08-30,157.0,157.0,157.35000610351562,154.3000030517578,155.89999389648438,386
2018-08-31,157.85000610351562,157.85000610351562,159.35000610351562,155.75,157.0,0
2018-09-04,158.64999389648438,158.64999389648438,158.0500030517578,157.39999389648438,157.64999389648438,20
2018-09-05,156.60000610351562,156.60000610351562,158.0500030517578,156.64999389648438,158.0500030517578,19
2018-09-06,156.39999389648438,156.39999389648438,156.5,156.0,156.5,9
2018-09-07,159.5500030517578,159.5500030517578,158.8000030517578,156.89999389648438,156.89999389648438,22
2018-09-10,158.9499969482422,158.9499969482422,160.8000030517578,157.89999389648438,160.8000030517578,899
2018-09-11,157.1999969482422,157.1999969482422,158.75,156.39999389648438,158.75,413
2018-09-12,153.85000610351562,153.85000610351562,158.10000610351562,153.6999969482422,157.0500030517578,734
2018-09-13,153.60000610351562,153.60000610351562,154.25,153.25,153.85000610351562,318
2018-09-14,153.5,153.5,154.60000610351562,152.89999389648438,153.89999389648438,389
2018-09-17,152.5,152.5,154.64999389648438,152.0,153.5,542
2018-09-18,146.8000030517578,146.8000030517578,152.1999969482422,146.60000610351562,152.1999969482422,1696
2018-09-19,146.60000610351562,146.60000610351562,148.9499969482422,145.0,146.75,1293
2018-09-20,147.39999389648438,147.39999389648438,148.39999389648438,146.25,148.35000610351562,659
2018-09-21,147.25,147.25,148.35000610351562,146.0500030517578,147.5,422
2018-09-24,146.4499969482422,146.4499969482422,148.0500030517578,146.1999969482422,147.39999389648438,373
2018-09-25,149.8000030517578,149.8000030517578,150.10000610351562,147.0500030517578,147.4499969482422,775
2018-09-26,147.8000030517578,147.8000030517578,150.39999389648438,146.85000610351562,150.39999389648438,696
2018-09-27,146.85000610351562,146.85000610351562,148.3000030517578,146.5,147.3000030517578,689
2018-09-28,147.60000610351562,147.60000610351562,147.9499969482422,146.5,147.5,395
2018-10-01,146.10000610351562,146.10000610351562,147.60000610351562,145.8000030517578,147.60000610351562,823
2018-10-02,146.75,146.75,149.4499969482422,145.5,145.75,1027
2018-10-03,146.5,146.5,147.85000610351562,145.89999389648438,146.10000610351562,1033
2018-10-04,144.60000610351562,144.60000610351562,146.8000030517578,144.10000610351562,146.35000610351562,1183
2018-10-05,143.1999969482422,143.1999969482422,144.35000610351562,143.0500030517578,144.25,835
2018-10-08,145.10000610351562,145.10000610351562,146.60000610351562,143.1999969482422,144.64999389648438,920
2018-10-09,142.39999389648438,142.39999389648438,146.60000610351562,141.9499969482422,146.60000610351562,1101
2018-10-10,143.6999969482422,143.6999969482422,143.9499969482422,142.10000610351562,142.5500030517578,1282
2018-10-11,142.6999969482422,142.6999969482422,144.14999389648438,142.25,143.5500030517578,1351
2018-10-12,144.14999389648438,144.14999389648438,145.3000030517578,142.39999389648438,142.8000030517578,894
2018-10-15,144.85000610351562,144.85000610351562,145.75,143.89999389648438,145.0,794
2018-10-16,145.10000610351562,145.10000610351562,145.60000610351562,143.75,144.25,1560
2018-10-17,142.75,142.75,146.0,142.4499969482422,145.4499969482422,1041
2018-10-18,142.8000030517578,142.8000030517578,144.0,142.5500030517578,142.75,695
2018-10-19,139.5,139.5,143.85000610351562,138.85000610351562,143.25,1026
2018-10-22,137.89999389648438,137.89999389648438,139.6999969482422,137.5500030517578,139.6999969482422,1067
2018-10-23,137.75,137.75,138.64999389648438,135.75,138.3000030517578,574
2018-10-24,139.9499969482422,139.9499969482422,140.6999969482422,136.89999389648438,137.0,582
2018-10-25,138.14999389648438,138.14999389648438,141.60000610351562,137.25,139.25,457
2018-10-26,135.60000610351562,135.60000610351562,138.60000610351562,135.0,137.39999389648438,373
2018-10-29,138.1999969482422,138.1999969482422,138.0500030517578,134.89999389648438,135.14999389648438,442
2018-10-30,135.5500030517578,135.5500030517578,138.3000030517578,135.10000610351562,137.3000030517578,322
2018-10-31,135.6999969482422,135.6999969482422,137.3000030517578,134.6999969482422,136.14999389648438,263
2018-11-01,136.14999389648438,136.14999389648438,135.14999389648438,135.10000610351562,135.14999389648438,5
2018-11-02,137.0500030517578,137.0500030517578,137.5,137.5,137.5,21
2018-11-05,137.35000610351562,137.35000610351562,138.3000030517578,138.10000610351562,138.1999969482422,11
2018-11-06,136.0500030517578,136.0500030517578,135.5,135.5,135.5,6
2018-11-07,136.85000610351562,136.85000610351562,135.25,135.25,135.25,10
2018-11-08,136.0,136.0,136.0,136.0,136.0,0
2018-11-09,135.3000030517578,135.3000030517578,135.3000030517578,135.3000030517578,135.3000030517578,513
2018-11-12,135.4499969482422,135.4499969482422,137.14999389648438,135.0,136.75,478
2018-11-13,134.14999389648438,134.14999389648438,135.60000610351562,134.0,135.0500030517578,742
2018-11-14,133.5500030517578,133.5500030517578,136.64999389648438,133.0500030517578,134.1999969482422,959
2018-11-15,133.10000610351562,133.10000610351562,134.25,132.35000610351562,134.0,712
2018-11-16,137.3000030517578,137.3000030517578,137.85000610351562,131.8000030517578,133.5,1504
2018-11-19,140.35000610351562,140.35000610351562,141.4499969482422,137.0500030517578,137.39999389648438,1685
2018-11-20,139.1999969482422,139.1999969482422,141.0,138.39999389648438,140.35000610351562,693
2018-11-21,140.1999969482422,140.1999969482422,141.35000610351562,138.85000610351562,139.4499969482422,740
2018-11-23,141.60000610351562,141.60000610351562,143.39999389648438,140.5,141.0,998
2018-11-26,140.0500030517578,140.0500030517578,142.35000610351562,139.5,141.75,592
2018-11-27,139.3000030517578,139.3000030517578,142.75,138.0,140.8000030517578,913
2018-11-28,139.6999969482422,139.6999969482422,140.64999389648438,138.89999389648438,139.6999969482422,472
2018-11-29,144.5500030517578,144.5500030517578,144.89999389648438,139.5500030517578,139.75,1633
2018-11-30,143.9499969482422,143.9499969482422,144.5,141.75,143.39999389648438,1164
2018-12-03,143.3000030517578,143.3000030517578,144.3000030517578,143.14999389648438,144.0,836
2018-12-04,144.1999969482422,144.1999969482422,144.8000030517578,142.35000610351562,144.39999389648438,909
2018-12-06,141.5,141.5,142.39999389648438,138.35000610351562,142.0,1050
2018-12-07,143.10000610351562,143.10000610351562,143.25,140.5500030517578,142.0,508
2018-12-10,139.39999389648438,139.39999389648438,143.0500030517578,134.0,142.6999969482422,1192
2018-12-11,137.8000030517578,137.8000030517578,140.25,137.25,137.25,931
2018-12-12,138.5,138.5,139.35000610351562,137.39999389648438,138.1999969482422,993
2018-12-13,138.64999389648438,138.64999389648438,139.8000030517578,138.0,139.39999389648438,743
2018-12-14,139.14999389648438,139.14999389648438,139.60000610351562,137.14999389648438,137.9499969482422,996
2018-12-17,139.60000610351562,139.60000610351562,141.10000610351562,138.3000030517578,139.35000610351562,1677
2018-12-18,137.14999389648438,137.14999389648438,140.0,136.75,139.9499969482422,998
2018-12-19,136.3000030517578,136.3000030517578,137.9499969482422,136.0,137.10000610351562,1076
2018-12-20,131.5,131.5,137.4499969482422,128.10000610351562,135.9499969482422,1690
2018-12-21,130.4499969482422,130.4499969482422,131.64999389648438,129.39999389648438,131.64999389648438,1075
2018-12-24,128.64999389648438,128.64999389648438,131.0,128.60000610351562,129.0,355
2018-12-26,128.1999969482422,128.1999969482422,129.5,127.19999694824219,128.5,514
2018-12-27,123.80000305175781,123.80000305175781,127.5,123.0,127.1500015258789,544
2018-12-28,126.0,126.0,126.9000015258789,121.94999694824219,124.0999984741211,450
2018-12-31,125.1500015258789,125.1500015258789,125.75,123.3499984741211,125.0,195
2019-01-02,122.4000015258789,122.4000015258789,123.3499984741211,122.75,122.94999694824219,9
2019-01-03,121.6500015258789,121.6500015258789,125.69999694824219,124.25,125.69999694824219,6
2019-01-04,121.30000305175781,121.30000305175781,121.0,120.4000015258789,121.0,56
2019-01-07,121.94999694824219,121.94999694824219,122.0,121.1500015258789,121.19999694824219,50
2019-01-08,122.30000305175781,122.30000305175781,123.5,123.5,123.5,3
2019-01-09,123.55000305175781,123.55000305175781,124.44999694824219,121.69999694824219,121.69999694824219,3
2019-01-10,120.69999694824219,120.69999694824219,120.69999694824219,120.69999694824219,120.69999694824219,762
2019-01-11,121.0,121.0,122.94999694824219,120.69999694824219,122.5999984741211,728
2019-01-14,120.75,120.75,123.5,118.6500015258789,120.9000015258789,1063
2019-01-15,121.4000015258789,121.4000015258789,123.0,121.0,121.5,790
2019-01-16,120.9000015258789,120.9000015258789,121.94999694824219,119.69999694824219,121.8499984741211,761
2019-01-17,119.5,119.5,120.80000305175781,119.0,120.5,470
2019-01-18,119.8499984741211,119.8499984741211,121.30000305175781,119.4000015258789,119.5999984741211,624
2019-01-22,119.19999694824219,119.19999694824219,121.19999694824219,118.4000015258789,120.0,1013
2019-01-23,117.9000015258789,117.9000015258789,119.9000015258789,117.6500015258789,119.25,580
2019-01-24,119.1500015258789,119.1500015258789,119.6500015258789,117.0,117.80000305175781,945
2019-01-25,119.4000015258789,119.4000015258789,120.0,118.0,118.44999694824219,428
2019-01-28,118.3499984741211,118.3499984741211,119.75,117.75,119.69999694824219,439
2019-01-29,117.44999694824219,117.44999694824219,118.19999694824219,115.9000015258789,117.94999694824219,759
2019-01-30,117.0,117.0,117.19999694824219,116.05000305175781,116.5,810
2019-01-31,120.0999984741211,120.0999984741211,120.80000305175781,116.5,116.80000305175781,1144
2019-02-01,122.25,122.25,122.6500015258789,119.5,120.0,1080
2019-02-04,119.05000305175781,119.05000305175781,122.0,118.80000305175781,121.5999984741211,1200
2019-02-05,120.0,120.0,121.0,118.94999694824219,119.19999694824219,612
2019-02-06,120.44999694824219,120.44999694824219,121.5,119.8499984741211,120.0,542
2019-02-07,119.8499984741211,119.8499984741211,120.55000305175781,118.94999694824219,119.30000305175781,609
2019-02-08,120.94999694824219,120.94999694824219,121.19999694824219,119.80000305175781,120.1500015258789,652
2019-02-11,118.3499984741211,118.3499984741211,121.44999694824219,118.25,121.1500015258789,1129
2019-02-12,118.9000015258789,118.9000015258789,119.9000015258789,118.3499984741211,118.3499984741211,1578
2019-02-13,119.0999984741211,119.0999984741211,119.80000305175781,118.94999694824219,119.80000305175781,1413
2019-02-14,117.69999694824219,117.69999694824219,119.30000305175781,117.0,119.19999694824219,2359
2019-02-15,115.19999694824219,115.19999694824219,118.8499984741211,115.0,117.8499984741211,1942
2019-02-19,118.80000305175781,118.80000305175781,119.0,115.25,115.8499984741211,2552
2019-02-20,119.8499984741211,119.8499984741211,120.69999694824219,118.19999694824219,118.5,1240
2019-02-21,120.05000305175781,120.05000305175781,120.4000015258789,118.5,119.3499984741211,726
2019-02-22,121.30000305175781,121.30000305175781,121.9000015258789,118.94999694824219,119.6500015258789,1317
2019-02-25,118.44999694824219,118.44999694824219,121.25,118.0999984741211,120.6500015258789,930
2019-02-26,116.6500015258789,116.6500015258789,118.1500015258789,116.0999984741211,118.1500015258789,938
2019-02-27,113.1500015258789,113.1500015258789,116.25,113.0,116.25,877
2019-02-28,114.30000305175781,114.30000305175781,114.25,112.1500015258789,112.94999694824219,710
2019-03-01,114.05000305175781,114.05000305175781,114.75,113.75,114.55000305175781,114
2019-03-04,114.3499984741211,114.3499984741211,114.0,113.69999694824219,113.75,7
2019-03-05,112.6500015258789,112.6500015258789,113.80000305175781,112.75,113.80000305175781,154
2019-03-06,112.19999694824219,112.19999694824219,113.0999984741211,112.9000015258789,112.9000015258789,8
2019-03-07,111.94999694824219,111.94999694824219,111.94999694824219,111.9000015258789,111.94999694824219,3
2019-03-08,111.55000305175781,111.55000305175781,111.69999694824219,111.25,111.69999694824219,2
2019-03-11,112.94999694824219,112.94999694824219,113.8499984741211,110.69999694824219,110.9000015258789,1227
2019-03-12,123.5,123.5,124.44999694824219,118.25,118.25,1819
2019-03-13,123.44999694824219,123.44999694824219,127.8499984741211,122.75,124.5,2010
2019-03-14,124.9000015258789,124.9000015258789,126.0,123.5,123.5,1069
2019-03-15,126.4000015258789,126.4000015258789,126.5,124.55000305175781,125.0,605
2019-03-18,128.5,128.5,129.0500030517578,126.19999694824219,126.25,1067
2019-03-19,129.25,129.25,129.39999389648438,128.5,128.5,901
2019-03-20,130.10000610351562,130.10000610351562,130.14999389648438,129.3000030517578,129.35000610351562,868
2019-03-21,127.5,127.5,131.0,127.05000305175781,130.14999389648438,1628
2019-03-22,129.85000610351562,129.85000610351562,130.0,125.5,127.0,911
2019-03-25,128.85000610351562,128.85000610351562,130.5,127.4000015258789,128.64999389648438,1331
2019-03-26,128.5,128.5,129.64999389648438,128.0,128.5500030517578,1376
2019-03-27,123.0,123.0,129.35000610351562,120.4000015258789,129.10000610351562,1163
2019-03-28,123.80000305175781,123.80000305175781,124.5,120.80000305175781,123.5,940
2019-03-29,119.9000015258789,119.9000015258789,123.9000015258789,119.5,122.75,951
2019-04-01,123.5999984741211,123.5999984741211,124.94999694824219,120.1500015258789,120.1500015258789,883
2019-04-02,121.6500015258789,121.6500015258789,124.94999694824219,121.5,123.25,589
2019-04-03,120.4000015258789,120.4000015258789,123.19999694824219,119.75,122.5,483
2019-04-04,117.69999694824219,117.69999694824219,120.4000015258789,117.6500015258789,120.19999694824219,1330
2019-04-05,116.75,116.75,118.80000305175781,116.3499984741211,117.69999694824219,1032
2019-04-08,111.44999694824219,111.44999694824219,116.8499984741211,110.55000305175781,116.30000305175781,2395
2019-04-09,109.4000015258789,109.4000015258789,112.5,107.6500015258789,111.55000305175781,1768
2019-04-10,108.5999984741211,108.5999984741211,109.80000305175781,108.19999694824219,108.9000015258789,1524
2019-04-11,107.1500015258789,107.1500015258789,109.3499984741211,106.44999694824219,108.19999694824219,1166
2019-04-12,106.69999694824219,106.69999694824219,108.0,105.4000015258789,107.1500015258789,1484
2019-04-15,109.8499984741211,109.8499984741211,111.44999694824219,106.5,106.75,1494
2019-04-16,107.44999694824219,107.44999694824219,110.5,106.5999984741211,110.5,2120
2019-04-17,109.6500015258789,109.6500015258789,110.1500015258789,107.69999694824219,107.80000305175781,1591
2019-04-18,107.25,107.25,110.4000015258789,107.0,109.80000305175781,997
2019-04-22,106.05000305175781,106.05000305175781,107.19999694824219,105.9000015258789,107.0,373
2019-04-23,101.0,101.0,106.3499984741211,100.19999694824219,106.0999984741211,1039
2019-04-24,100.44999694824219,100.44999694824219,102.75,99.8499984741211,101.3499984741211,1119
2019-04-25,100.75,100.75,102.4000015258789,100.4000015258789,100.4000015258789,825
2019-04-26,99.80000305175781,99.80000305175781,101.25,99.25,101.0,1014
2019-04-29,96.69999694824219,96.69999694824219,99.8499984741211,96.5,99.8499984741211,646
2019-04-30,94.80000305175781,94.80000305175781,97.1500015258789,91.0,96.6500015258789,562
2019-05-01,94.05000305175781,94.05000305175781,95.1500015258789,90.30000305175781,95.1500015258789,66
2019-05-02,92.94999694824219,92.94999694824219,95.55000305175781,93.25,95.55000305175781,83
2019-05-03,93.55000305175781,93.55000305175781,93.55000305175781,93.55000305175781,93.55000305175781,0
2019-05-06,91.9000015258789,91.9000015258789,91.0,91.0,91.0,6
2019-05-07,91.25,91.25,92.5,92.25,92.25,4
2019-05-08,95.1500015258789,95.1500015258789,95.1500015258789,95.1500015258789,95.1500015258789,0
2019-05-09,93.80000305175781,93.80000305175781,93.80000305175781,93.80000305175781,93.80000305175781,10
2019-05-10,95.3499984741211,95.3499984741211,95.3499984741211,95.3499984741211,95.3499984741211,725
2019-05-13,95.80000305175781,95.80000305175781,96.9000015258789,95.3499984741211,95.69999694824219,726
2019-05-14,101.69999694824219,101.69999694824219,102.5,96.69999694824219,96.69999694824219,1323
2019-05-15,106.9000015258789,106.9000015258789,107.80000305175781,102.0999984741211,102.0999984741211,2088
2019-05-16,102.5,102.5,107.5,102.25,106.75,1391
2019-05-17,96.75,96.75,102.75,96.4000015258789,102.55000305175781,1186
2019-05-20,100.25,100.25,101.5,96.8499984741211,97.94999694824219,698
2019-05-21,98.0,98.0,99.75,95.0999984741211,99.6500015258789,674
2019-05-22,98.19999694824219,98.19999694824219,101.30000305175781,97.94999694824219,98.5,432
2019-05-23,99.69999694824219,99.69999694824219,101.94999694824219,98.44999694824219,98.44999694824219,704
2019-05-24,100.94999694824219,100.94999694824219,101.5,98.5,99.69999694824219,519
2019-05-28,104.4000015258789,104.4000015258789,105.05000305175781,100.8499984741211,100.8499984741211,758
2019-05-29,103.19999694824219,103.19999694824219,106.05000305175781,102.6500015258789,104.80000305175781,720
2019-05-30,104.55000305175781,104.55000305175781,105.55000305175781,104.0,104.25,586
2019-05-31,108.4000015258789,108.4000015258789,108.75,104.69999694824219,104.80000305175781,1335
2019-06-03,110.9000015258789,110.9000015258789,111.5,106.94999694824219,108.25,1145
2019-06-04,108.55000305175781,108.55000305175781,112.5999984741211,107.0,111.19999694824219,1119
2019-06-05,103.75,103.75,109.75,103.4000015258789,108.44999694824219,1126
2019-06-06,107.30000305175781,107.30000305175781,108.0,102.1500015258789,103.55000305175781,791
2019-06-07,106.0999984741211,106.0999984741211,107.80000305175781,105.0999984741211,107.25,410
2019-06-10,101.6500015258789,101.6500015258789,107.3499984741211,100.25,106.0999984741211,917
2019-06-11,103.44999694824219,103.44999694824219,103.9000015258789,100.3499984741211,101.6500015258789,1314
2019-06-12,101.55000305175781,101.55000305175781,104.5,100.69999694824219,103.5,1154
2019-06-13,102.75,102.75,104.05000305175781,101.1500015258789,101.19999694824219,1027
2019-06-14,104.5,104.5,105.0999984741211,103.25,104.44999694824219,1201
2019-06-17,104.75,104.75,105.94999694824219,104.19999694824219,104.44999694824219,1742
2019-06-18,101.69999694824219,101.69999694824219,105.30000305175781,101.05000305175781,104.3499984741211,1782
2019-06-19,98.80000305175781,98.80000305175781,102.0999984741211,98.0999984741211,101.80000305175781,1553
2019-06-20,99.80000305175781,99.80000305175781,101.25,98.0,99.0999984741211,1732
2019-06-21,100.0,100.0,100.5999984741211,99.55000305175781,99.94999694824219,779
2019-06-24,99.25,99.25,100.25,96.9000015258789,99.8499984741211,1200
2019-06-25,100.55000305175781,100.55000305175781,102.30000305175781,99.8499984741211,99.8499984741211,754
2019-06-26,98.9000015258789,98.9000015258789,101.4000015258789,98.0,100.6500015258789,690
2019-06-27,99.30000305175781,99.30000305175781,100.30000305175781,97.69999694824219,99.0,970
2019-06-28,100.94999694824219,100.94999694824219,101.6500015258789,99.44999694824219,99.44999694824219,212
2019-07-01,98.30000305175781,98.30000305175781,101.9000015258789,98.0,101.9000015258789,21
2019-07-02,95.9000015258789,95.9000015258789,98.0,96.0,98.0,4
2019-07-03,96.5,96.5,96.5,96.5,96.5,0
2019-07-05,97.69999694824219,97.69999694824219,97.69999694824219,97.69999694824219,97.69999694824219,0
2019-07-08,103.1500015258789,103.1500015258789,103.1500015258789,103.1500015258789,103.1500015258789,0
2019-07-09,100.69999694824219,100.69999694824219,100.69999694824219,100.69999694824219,100.69999694824219,241
2019-07-10,100.9000015258789,100.9000015258789,100.9000015258789,100.9000015258789,100.9000015258789,8
2019-07-11,100.19999694824219,100.19999694824219,100.19999694824219,100.19999694824219,100.19999694824219,297
2019-07-12,103.4000015258789,103.4000015258789,104.3499984741211,102.55000305175781,102.5999984741211,611
2019-07-15,101.25,101.25,103.9000015258789,101.0,103.5,677
2019-07-16,104.69999694824219,104.69999694824219,104.9000015258789,101.94999694824219,101.94999694824219,827
2019-07-17,103.05000305175781,103.05000305175781,104.5999984741211,101.5,104.55000305175781,417
2019-07-18,100.5,100.5,102.94999694824219,100.4000015258789,102.94999694824219,831
2019-07-19,104.0999984741211,104.0999984741211,104.5999984741211,101.0,101.0,978
2019-07-22,103.05000305175781,103.05000305175781,104.0,102.30000305175781,103.80000305175781,343
2019-07-23,101.5,101.5,103.25,101.25,103.25,461
2019-07-24,103.9000015258789,103.9000015258789,104.0999984741211,101.75,101.75,579
2019-07-25,104.1500015258789,104.1500015258789,104.30000305175781,103.25,104.0,520
2019-07-26,102.44999694824219,102.44999694824219,104.25,101.75,104.25,462
2019-07-29,101.69999694824219,101.69999694824219,102.8499984741211,100.94999694824219,102.30000305175781,585
2019-07-30,102.3499984741211,102.3499984741211,103.8499984741211,102.0999984741211,102.5999984741211,635
2019-07-31,103.44999694824219,103.44999694824219,103.80000305175781,101.75,102.30000305175781,541
2019-08-01,100.69999694824219,100.69999694824219,103.44999694824219,100.25,103.44999694824219,884
2019-08-02,99.19999694824219,99.19999694824219,100.5,98.19999694824219,100.44999694824219,1047
2019-08-05,98.5,98.5,99.19999694824219,95.8499984741211,98.75,1108
2019-08-06,102.9000015258789,102.9000015258789,103.0,97.80000305175781,99.0,1346
2019-08-07,101.0,101.0,103.19999694824219,100.55000305175781,102.9000015258789,576
2019-08-08,101.80000305175781,101.80000305175781,103.1500015258789,100.9000015258789,100.9000015258789,660
2019-08-09,102.30000305175781,102.30000305175781,102.6500015258789,100.19999694824219,101.5,465
2019-08-12,98.8499984741211,98.8499984741211,102.80000305175781,98.3499984741211,101.69999694824219,833
2019-08-13,98.80000305175781,98.80000305175781,99.94999694824219,98.4000015258789,99.30000305175781,789
2019-08-14,98.80000305175781,98.80000305175781,100.0999984741211,98.44999694824219,98.94999694824219,548
2019-08-15,97.5999984741211,97.5999984741211,98.94999694824219,97.0,98.9000015258789,928
2019-08-16,98.80000305175781,98.80000305175781,100.4000015258789,96.1500015258789,97.5999984741211,2083
2019-08-19,94.4000015258789,94.4000015258789,100.0,92.69999694824219,98.69999694824219,2833
2019-08-20,95.69999694824219,95.69999694824219,96.19999694824219,93.9000015258789,94.80000305175781,1966
2019-08-21,97.9000015258789,97.9000015258789,98.5999984741211,95.0999984741211,96.05000305175781,1171
2019-08-22,96.94999694824219,96.94999694824219,98.5,95.8499984741211,98.5,729
2019-08-23,96.05000305175781,96.05000305175781,97.44999694824219,95.5,96.0,934
2019-08-26,98.5,98.5,99.25,95.5,95.5,920
2019-08-27,99.25,99.25,99.5,97.75,98.5,861
2019-08-28,102.25,102.25,102.3499984741211,99.0,99.0,647
2019-08-29,104.55000305175781,104.55000305175781,105.69999694824219,102.44999694824219,103.0,1197
2019-08-30,100.5,100.5,106.9000015258789,101.0,106.0,447
2019-09-03,97.80000305175781,97.80000305175781,97.05000305175781,94.5,97.05000305175781,29
2019-09-04,100.3499984741211,100.3499984741211,100.3499984741211,100.3499984741211,100.3499984741211,0
2019-09-05,104.0,104.0,104.5,104.5,104.5,2
2019-09-06,101.75,101.75,101.75,101.75,101.75,0
2019-09-09,101.6500015258789,101.6500015258789,101.6500015258789,101.6500015258789,101.6500015258789,0
2019-09-10,103.5999984741211,103.5999984741211,103.5999984741211,103.5999984741211,103.5999984741211,509
2019-09-11,105.25,105.25,105.5,103.19999694824219,104.05000305175781,699
2019-09-12,103.0,103.0,105.0,102.6500015258789,104.05000305175781,454
2019-09-13,101.94999694824219,101.94999694824219,103.05000305175781,101.69999694824219,103.0,473
2019-09-16,102.05000305175781,102.05000305175781,103.55000305175781,101.75,102.19999694824219,408
2019-09-17,100.8499984741211,100.8499984741211,102.69999694824219,100.3499984741211,102.4000015258789,520
2019-09-18,99.0999984741211,99.0999984741211,101.0999984741211,98.69999694824219,101.0,498
2019-09-19,98.6500015258789,98.6500015258789,99.9000015258789,98.0,99.1500015258789,537
2019-09-20,100.1500015258789,100.1500015258789,101.05000305175781,99.0,99.0,665
2019-09-23,100.0999984741211,100.0999984741211,100.5999984741211,99.0999984741211,100.5,300
2019-09-24,98.25,98.25,100.4000015258789,98.1500015258789,99.69999694824219,493
2019-09-25,97.0,97.0,99.05000305175781,96.05000305175781,98.9000015258789,1078
2019-09-26,97.5,97.5,98.05000305175781,96.5,96.80000305175781,752
2019-09-27,99.8499984741211,99.8499984741211,100.0,97.55000305175781,97.55000305175781,868
2019-09-30,99.75,99.75,100.0999984741211,98.30000305175781,100.05000305175781,493
2019-10-01,98.75,98.75,99.94999694824219,98.05000305175781,99.9000015258789,767
2019-10-02,99.0999984741211,99.0999984741211,99.75,98.6500015258789,99.25,470
2019-10-03,99.9000015258789,99.9000015258789,100.3499984741211,99.25,99.6500015258789,546
2019-10-04,100.05000305175781,100.05000305175781,100.30000305175781,99.5,100.0,579
2019-10-07,103.44999694824219,103.44999694824219,103.69999694824219,99.8499984741211,99.8499984741211,1006
2019-10-08,102.30000305175781,102.30000305175781,104.5,101.25,103.44999694824219,1095
2019-10-09,97.75,97.75,102.44999694824219,97.25,101.80000305175781,1137
2019-10-10,97.0,97.0,99.69999694824219,96.69999694824219,99.30000305175781,907
2019-10-11,97.4000015258789,97.4000015258789,97.94999694824219,96.80000305175781,97.0999984741211,733
2019-10-14,99.4000015258789,99.4000015258789,99.75,96.94999694824219,96.94999694824219,1302
2019-10-15,100.1500015258789,100.1500015258789,101.0,99.05000305175781,99.5,1065
2019-10-16,100.44999694824219,100.44999694824219,101.1500015258789,99.55000305175781,99.55000305175781,1681
2019-10-17,99.80000305175781,99.80000305175781,101.25,99.19999694824219,100.80000305175781,1690
2019-10-18,99.3499984741211,99.3499984741211,99.9000015258789,98.5999984741211,99.55000305175781,1589
2019-10-21,98.1500015258789,98.1500015258789,100.1500015258789,97.8499984741211,99.3499984741211,1480
2019-10-22,97.94999694824219,97.94999694824219,98.69999694824219,97.6500015258789,98.3499984741211,1332
2019-10-23,98.19999694824219,98.19999694824219,98.5999984741211,97.4000015258789,97.6500015258789,970
2019-10-24,97.80000305175781,97.80000305175781,99.0,97.5,98.0999984741211,729
2019-10-25,98.05000305175781,98.05000305175781,98.55000305175781,96.75,97.6500015258789,748
2019-10-28,93.4000015258789,93.4000015258789,98.80000305175781,93.05000305175781,98.1500015258789,1036
2019-10-29,94.69999694824219,94.69999694824219,95.0,93.4000015258789,94.0999984741211,941
2019-10-30,95.0999984741211,95.0999984741211,95.44999694824219,92.5999984741211,94.80000305175781,764
2019-10-31,95.8499984741211,95.8499984741211,96.4000015258789,93.5999984741211,94.6500015258789,277
2019-11-01,95.1500015258789,95.1500015258789,96.0,96.0,96.0,10
2019-11-04,95.19999694824219,95.19999694824219,95.94999694824219,95.0,95.0,11
2019-11-05,96.3499984741211,96.3499984741211,96.3499984741211,96.3499984741211,96.3499984741211,0
2019-11-06,95.4000015258789,95.4000015258789,95.4000015258789,95.4000015258789,95.4000015258789,6
2019-11-07,96.05000305175781,96.05000305175781,96.94999694824219,96.94999694824219,96.94999694824219,209
2019-11-08,97.30000305175781,97.30000305175781,97.30000305175781,97.30000305175781,97.30000305175781,353
2019-11-11,98.0999984741211,98.0999984741211,101.6500015258789,97.5999984741211,100.69999694824219,863
2019-11-12,98.55000305175781,98.55000305175781,98.94999694824219,97.0,98.30000305175781,635
2019-11-13,100.0999984741211,100.0999984741211,100.1500015258789,98.25,98.69999694824219,525
2019-11-14,100.44999694824219,100.44999694824219,100.55000305175781,99.0999984741211,100.0,423
2019-11-15,100.5,100.5,100.5,100.0,100.30000305175781,323
2019-11-18,98.55000305175781,98.55000305175781,100.69999694824219,98.1500015258789,100.55000305175781,732
2019-11-19,98.1500015258789,98.1500015258789,98.5,97.5,98.5,533
2019-11-20,99.4000015258789,99.4000015258789,99.69999694824219,97.9000015258789,98.0,448
2019-11-21,98.0999984741211,98.0999984741211,100.0,98.0,99.30000305175781,444
2019-11-22,98.1500015258789,98.1500015258789,99.1500015258789,98.0999984741211,98.1500015258789,409
2019-11-25,99.55000305175781,99.55000305175781,99.80000305175781,98.3499984741211,98.5,498
2019-11-26,99.75,99.75,100.25,99.30000305175781,99.55000305175781,654
2019-11-27,99.80000305175781,99.80000305175781,100.30000305175781,99.3499984741211,100.0,465
2019-11-29,98.5999984741211,98.5999984741211,100.0,98.5,99.55000305175781,402
2019-12-02,96.44999694824219,96.44999694824219,98.9000015258789,96.25,98.5999984741211,1507
2019-12-03,96.6500015258789,96.6500015258789,98.19999694824219,96.25,96.30000305175781,1382
2019-12-04,95.44999694824219,95.44999694824219,97.5,95.25,97.19999694824219,1144
2019-12-05,95.75,95.75,96.5999984741211,95.5,95.94999694824219,995
2019-12-06,95.1500015258789,95.1500015258789,95.94999694824219,94.75,95.80000305175781,1211
2019-12-09,97.1500015258789,97.1500015258789,97.4000015258789,95.0,95.55000305175781,1586
2019-12-10,98.8499984741211,98.8499984741211,99.05000305175781,97.1500015258789,97.55000305175781,1299
2019-12-11,98.25,98.25,99.0999984741211,97.5999984741211,98.30000305175781,714
2019-12-12,97.44999694824219,97.44999694824219,98.5,97.0999984741211,98.4000015258789,893
2019-12-13,97.3499984741211,97.3499984741211,97.69999694824219,96.75,97.4000015258789,1361
2019-12-16,98.1500015258789,98.1500015258789,98.55000305175781,97.25,97.55000305175781,2225
2019-12-17,97.30000305175781,97.30000305175781,98.25,96.6500015258789,98.05000305175781,2932
2019-12-18,97.69999694824219,97.69999694824219,98.1500015258789,97.0999984741211,97.25,1392
2019-12-19,99.75,99.75,99.9000015258789,97.5999984741211,97.75,1571
2019-12-20,100.6500015258789,100.6500015258789,101.0,99.5999984741211,99.80000305175781,1589
2019-12-23,101.19999694824219,101.19999694824219,101.5,100.3499984741211,100.69999694824219,1342
2019-12-24,99.8499984741211,99.8499984741211,100.9000015258789,99.0999984741211,100.9000015258789,440
2019-12-26,96.5999984741211,96.5999984741211,99.5999984741211,95.5,99.5999984741211,693
2019-12-27,97.4000015258789,97.4000015258789,98.80000305175781,96.30000305175781,96.5999984741211,1053
2019-12-30,95.0999984741211,95.0999984741211,97.75,93.25,97.4000015258789,849
2019-12-31,97.19999694824219,97.19999694824219,100.0999984741211,94.5,94.5,554
2020-01-02,94.8499984741211,94.8499984741211,97.5,96.05000305175781,97.5,217
2020-01-03,95.5999984741211,95.5999984741211,95.5999984741211,95.5999984741211,95.5999984741211,0
2020-01-06,101.5,101.5,104.0,101.9000015258789,104.0,34
2020-01-07,101.6500015258789,101.6500015258789,101.55000305175781,101.55000305175781,101.55000305175781,2
2020-01-08,100.94999694824219,100.94999694824219,101.6500015258789,101.55000305175781,101.55000305175781,9
2020-01-09,99.0,99.0,99.0,99.0,99.0,0
2020-01-10,99.0999984741211,99.0999984741211,99.0999984741211,99.0999984741211,99.0999984741211,909
2020-01-13,95.5999984741211,95.5999984741211,97.1500015258789,95.4000015258789,97.0999984741211,929
2020-01-14,96.55000305175781,96.55000305175781,96.8499984741211,94.75,95.55000305175781,808
2020-01-15,96.5999984741211,96.5999984741211,97.30000305175781,96.05000305175781,96.9000015258789,499
2020-01-16,95.6500015258789,95.6500015258789,97.25,95.05000305175781,97.1500015258789,721
2020-01-17,95.05000305175781,95.05000305175781,96.19999694824219,94.9000015258789,95.9000015258789,587
2020-01-21,95.80000305175781,95.80000305175781,96.3499984741211,95.0999984741211,95.8499984741211,556
2020-01-22,96.30000305175781,96.30000305175781,97.0999984741211,94.25,95.9000015258789,1268
2020-01-23,94.94999694824219,94.94999694824219,97.05000305175781,94.75,96.94999694824219,676
2020-01-24,95.75,95.75,96.44999694824219,94.94999694824219,95.0,551
2020-01-27,95.3499984741211,95.3499984741211,96.1500015258789,95.0999984741211,95.5,491
2020-01-28,96.3499984741211,96.3499984741211,96.80000305175781,95.5,95.5999984741211,493
2020-01-29,97.0999984741211,97.0999984741211,98.0,96.6500015258789,96.80000305175781,608
2020-01-30,95.44999694824219,95.44999694824219,96.94999694824219,95.30000305175781,96.05000305175781,892
2020-01-31,95.94999694824219,95.94999694824219,96.75,95.19999694824219,95.6500015258789,815
2020-02-03,94.5999984741211,94.5999984741211,96.0,94.3499984741211,95.6500015258789,1097
2020-02-04,93.5,93.5,94.9000015258789,91.5999984741211,94.9000015258789,1800
2020-02-05,93.75,93.75,94.55000305175781,93.0,93.4000015258789,975
2020-02-06,94.69999694824219,94.69999694824219,95.0999984741211,94.0,94.05000305175781,741
2020-02-07,94.8499984741211,94.8499984741211,95.05000305175781,94.44999694824219,94.94999694824219,1211
2020-02-10,98.19999694824219,98.19999694824219,98.4000015258789,94.5999984741211,95.0,2099
2020-02-11,99.30000305175781,99.30000305175781,99.5,98.0,98.19999694824219,1625
2020-02-12,98.0,98.0,99.80000305175781,97.55000305175781,99.4000015258789,1999
2020-02-13,99.1500015258789,99.1500015258789,99.5,97.75,97.75,1752
2020-02-14,99.1500015258789,99.1500015258789,99.4000015258789,98.0999984741211,99.0,1472
2020-02-18,98.69999694824219,98.69999694824219,99.1500015258789,98.05000305175781,98.19999694824219,1751
2020-02-19,100.4000015258789,100.4000015258789,101.0,98.5999984741211,98.5999984741211,2117
2020-02-20,98.44999694824219,98.44999694824219,100.5999984741211,97.5999984741211,100.5999984741211,1401
2020-02-21,99.19999694824219,99.19999694824219,99.8499984741211,98.1500015258789,98.6500015258789,1447
2020-02-24,96.8499984741211,96.8499984741211,98.19999694824219,96.69999694824219,98.0,2092
2020-02-25,97.6500015258789,97.6500015258789,97.9000015258789,96.6500015258789,96.8499984741211,942
2020-02-26,97.6500015258789,97.6500015258789,99.0,96.94999694824219,97.94999694824219,1053
2020-02-27,99.30000305175781,99.30000305175781,100.0,96.0,98.0999984741211,992
2020-02-28,101.8499984741211,101.8499984741211,108.25,91.19999694824219,99.30000305175781,365
2020-03-02,105.69999694824219,105.69999694824219,105.69999694824219,105.69999694824219,105.69999694824219,4
2020-03-03,104.80000305175781,104.80000305175781,105.69999694824219,105.69999694824219,105.69999694824219,2
2020-03-04,104.8499984741211,104.8499984741211,104.8499984741211,104.8499984741211,104.8499984741211,0
2020-03-05,103.69999694824219,103.69999694824219,103.69999694824219,103.69999694824219,103.69999694824219,50
2020-03-06,103.1500015258789,103.1500015258789,103.1500015258789,103.1500015258789,103.1500015258789,124
2020-03-09,100.5,100.5,100.5,100.5,100.5,0
2020-03-10,102.6500015258789,102.6500015258789,102.6500015258789,102.6500015258789,102.6500015258789,0
2020-03-11,104.19999694824219,104.19999694824219,104.19999694824219,104.19999694824219,104.19999694824219,1152
2020-03-12,96.80000305175781,96.80000305175781,97.4000015258789,95.69999694824219,97.0,1171
2020-03-13,98.69999694824219,98.69999694824219,98.94999694824219,96.6500015258789,96.75,1384
2020-03-16,98.9000015258789,98.9000015258789,99.19999694824219,97.69999694824219,98.9000015258789,1412
2020-03-17,101.0,101.0,101.5,98.94999694824219,98.94999694824219,1787
2020-03-18,97.19999694824219,97.19999694824219,101.44999694824219,96.0,101.1500015258789,1915
2020-03-19,99.0,99.0,100.69999694824219,97.05000305175781,97.44999694824219,1159
2020-03-20,105.55000305175781,105.55000305175781,106.0999984741211,99.55000305175781,99.75,2510
2020-03-23,110.25,110.25,111.0,104.9000015258789,105.0,2480
2020-03-24,116.9000015258789,116.9000015258789,119.0,109.55000305175781,110.0,2631
2020-03-25,121.0999984741211,121.0999984741211,121.19999694824219,116.75,117.0,2378
2020-03-26,121.6500015258789,121.6500015258789,122.55000305175781,120.5999984741211,120.80000305175781,1849
2020-03-27,118.19999694824219,118.19999694824219,121.69999694824219,116.69999694824219,121.5,2073
2020-03-30,119.4000015258789,119.4000015258789,120.8499984741211,117.9000015258789,118.4000015258789,1428
2020-03-31,120.19999694824219,120.19999694824219,120.5,118.9000015258789,120.0,1159
2020-04-01,118.8499984741211,118.8499984741211,120.1500015258789,118.25,119.80000305175781,1220
2020-04-02,116.0,116.0,119.80000305175781,110.94999694824219,119.05000305175781,1222
2020-04-03,112.5,112.5,115.0,110.75,114.5,821
2020-04-06,109.5,109.5,112.3499984741211,108.25,111.55000305175781,842
2020-04-07,105.94999694824219,105.94999694824219,108.25,105.44999694824219,108.25,783
2020-04-08,104.30000305175781,104.30000305175781,107.80000305175781,102.0,105.80000305175781,1484
2020-04-09,109.75,109.75,110.4000015258789,103.9000015258789,105.19999694824219,821
2020-04-13,104.55000305175781,104.55000305175781,110.4000015258789,104.0999984741211,109.4000015258789,882
2020-04-14,106.94999694824219,106.94999694824219,108.5,105.69999694824219,106.3499984741211,478
2020-04-15,108.30000305175781,108.30000305175781,109.0,104.55000305175781,105.5999984741211,376
2020-04-16,108.8499984741211,108.8499984741211,109.8499984741211,108.75,109.25,354
2020-04-17,106.5999984741211,106.5999984741211,109.5,105.69999694824219,108.5,402
2020-04-20,108.69999694824219,108.69999694824219,109.4000015258789,105.1500015258789,105.8499984741211,296
2020-04-21,108.94999694824219,108.94999694824219,109.25,106.3499984741211,107.5,255
2020-04-22,110.05000305175781,110.05000305175781,111.0,108.8499984741211,109.30000305175781,263
2020-04-23,111.0,111.0,111.94999694824219,109.5,110.0,284
2020-04-24,111.1500015258789,111.1500015258789,111.75,110.0,110.5,339
2020-04-27,112.5999984741211,112.5999984741211,113.19999694824219,110.44999694824219,111.4000015258789,294
2020-04-28,113.5999984741211,113.5999984741211,114.19999694824219,111.5,111.5,442
2020-04-29,113.8499984741211,113.8499984741211,114.19999694824219,112.25,113.5999984741211,268
2020-04-30,108.30000305175781,108.30000305175781,113.0,108.3499984741211,113.0,213
2020-05-01,110.5999984741211,110.5999984741211,109.80000305175781,109.80000305175781,109.80000305175781,590
2020-05-04,114.4000015258789,114.4000015258789,114.4000015258789,114.4000015258789,114.4000015258789,201
2020-05-05,118.44999694824219,118.44999694824219,118.0,118.0,118.0,1
2020-05-06,120.4000015258789,120.4000015258789,120.4000015258789,120.4000015258789,120.4000015258789,111
2020-05-07,120.4000015258789,120.4000015258789,120.4000015258789,120.4000015258789,120.4000015258789,0
2020-05-08,120.5,120.5,120.5,120.5,120.5,735
2020-05-11,115.55000305175781,115.55000305175781,117.6500015258789,114.25,117.6500015258789,554
2020-05-12,115.6500015258789,115.6500015258789,117.30000305175781,115.0,115.0,229
2020-05-13,117.30000305175781,117.30000305175781,118.19999694824219,115.0,115.05000305175781,293
2020-05-14,119.55000305175781,119.55000305175781,119.94999694824219,117.0999984741211,117.80000305175781,325
2020-05-15,123.55000305175781,123.55000305175781,124.9000015258789,118.30000305175781,119.6500015258789,1143
2020-05-18,126.80000305175781,126.80000305175781,126.94999694824219,122.44999694824219,123.0,1112
2020-05-19,127.75,127.75,127.75,126.6500015258789,126.94999694824219,706
2020-05-20,124.94999694824219,124.94999694824219,127.5999984741211,123.3499984741211,127.5999984741211,740
2020-05-21,127.0,127.0,127.25,124.1500015258789,124.19999694824219,377
2020-05-22,126.80000305175781,126.80000305175781,127.5,124.55000305175781,126.75,0
2020-05-26,128.6999969482422,128.6999969482422,129.89999389648438,127.5,127.5,873
2020-05-27,129.39999389648438,129.39999389648438,130.5,128.25,128.9499969482422,437
2020-05-28,127.80000305175781,127.80000305175781,129.5,127.6500015258789,128.8000030517578,599
2020-05-29,122.5,122.5,128.0500030517578,121.5,128.0500030517578,1274
2020-06-01,124.05000305175781,124.05000305175781,125.44999694824219,121.69999694824219,121.94999694824219,561
2020-06-02,126.4000015258789,126.4000015258789,126.75,124.80000305175781,124.80000305175781,643
2020-06-03,128.1999969482422,128.1999969482422,128.5,126.30000305175781,126.30000305175781,611
2020-06-04,125.1500015258789,125.1500015258789,129.0,124.4000015258789,127.6500015258789,829
2020-06-05,127.55000305175781,127.55000305175781,127.75,125.44999694824219,125.5999984741211,568
2020-06-08,125.3499984741211,125.3499984741211,128.35000610351562,125.0,127.75,507
2020-06-09,125.9000015258789,125.9000015258789,126.6500015258789,124.0,126.0,478
2020-06-10,126.5,126.5,127.0,125.69999694824219,125.94999694824219,316
2020-06-11,129.3000030517578,129.3000030517578,132.0,125.05000305175781,125.94999694824219,1129
2020-06-12,122.8499984741211,122.8499984741211,129.0,121.5,128.75,1182
2020-06-15,118.55000305175781,118.55000305175781,123.3499984741211,118.05000305175781,122.55000305175781,1124
2020-06-16,115.94999694824219,115.94999694824219,118.55000305175781,115.0,118.55000305175781,1261
2020-06-17,120.55000305175781,120.55000305175781,120.75,115.9000015258789,116.44999694824219,686
2020-06-18,117.4000015258789,117.4000015258789,120.9000015258789,117.0999984741211,120.3499984741211,539
2020-06-19,119.05000305175781,119.05000305175781,120.75,118.0,118.05000305175781,434
2020-06-22,121.0,121.0,121.44999694824219,116.8499984741211,118.9000015258789,914
2020-06-23,119.8499984741211,119.8499984741211,121.94999694824219,118.8499984741211,120.0999984741211,336
2020-06-24,119.80000305175781,119.80000305175781,120.44999694824219,118.3499984741211,120.3499984741211,415
2020-06-25,120.30000305175781,120.30000305175781,121.0,117.0999984741211,119.0,502
2020-06-26,119.5,119.5,121.5,119.1500015258789,121.0,539
2020-06-29,120.9000015258789,120.9000015258789,121.9000015258789,120.0,120.3499984741211,825
2020-06-30,127.30000305175781,127.30000305175781,124.1500015258789,121.0999984741211,121.0999984741211,369
2020-07-01,122.6500015258789,122.6500015258789,125.5,121.4000015258789,125.5,27
2020-07-02,123.75,123.75,127.30000305175781,120.0,120.19999694824219,1
2020-07-06,126.94999694824219,126.94999694824219,123.75,123.75,123.75,0
2020-07-07,125.25,125.25,125.25,125.25,125.25,0
2020-07-08,127.9000015258789,127.9000015258789,127.9000015258789,127.9000015258789,127.9000015258789,0
2020-07-09,128.60000610351562,128.60000610351562,128.60000610351562,128.60000610351562,128.60000610351562,0
2020-07-10,128.9499969482422,128.9499969482422,128.9499969482422,128.9499969482422,128.9499969482422,0
2020-07-13,129.3000030517578,129.3000030517578,129.3000030517578,129.3000030517578,129.3000030517578,492
2020-07-14,126.55000305175781,126.55000305175781,130.89999389648438,125.0,129.5,1321
2020-07-15,124.80000305175781,124.80000305175781,127.30000305175781,124.25,125.9000015258789,648
2020-07-16,122.19999694824219,122.19999694824219,125.69999694824219,121.0,124.5999984741211,892
2020-07-17,127.30000305175781,127.30000305175781,127.5,120.9000015258789,121.5,743
2020-07-20,123.0999984741211,123.0999984741211,127.75,122.25,127.3499984741211,633
2020-07-21,122.8499984741211,122.8499984741211,126.3499984741211,122.30000305175781,122.6500015258789,422
2020-07-22,125.80000305175781,125.80000305175781,125.9000015258789,122.55000305175781,122.75,284
2020-07-23,123.0999984741211,123.0999984741211,126.3499984741211,122.75,124.94999694824219,260
2020-07-24,124.5,124.5,125.0,122.80000305175781,123.0999984741211,229
2020-07-27,121.69999694824219,121.69999694824219,125.69999694824219,121.30000305175781,124.6500015258789,595
2020-07-28,120.0,120.0,121.69999694824219,118.75,121.5999984741211,902
2020-07-29,122.05000305175781,122.05000305175781,122.5,119.8499984741211,120.19999694824219,701
2020-07-30,120.69999694824219,120.69999694824219,123.0,119.69999694824219,121.69999694824219,532
2020-07-31,121.75,121.75,122.30000305175781,119.25,120.4000015258789,544
2020-08-03,122.9000015258789,122.9000015258789,124.1500015258789,120.1500015258789,123.25,853
2020-08-04,118.69999694824219,118.69999694824219,123.5,117.0,123.25,1370
2020-08-05,115.1500015258789,115.1500015258789,119.8499984741211,114.30000305175781,119.69999694824219,1420
2020-08-06,115.19999694824219,115.19999694824219,116.9000015258789,112.8499984741211,114.6500015258789,1347
2020-08-07,114.3499984741211,114.3499984741211,116.3499984741211,114.0,116.1500015258789,707
2020-08-10,112.5,112.5,113.94999694824219,111.0999984741211,113.94999694824219,1314
2020-08-11,114.5999984741211,114.5999984741211,115.69999694824219,111.25,112.80000305175781,855
2020-08-12,115.44999694824219,115.44999694824219,116.6500015258789,113.9000015258789,115.3499984741211,894
2020-08-13,120.0,120.0,123.25,115.5,115.80000305175781,1523
2020-08-14,119.6500015258789,119.6500015258789,120.0999984741211,117.94999694824219,120.0999984741211,381
2020-08-17,116.80000305175781,116.80000305175781,119.8499984741211,116.0999984741211,119.69999694824219,465
2020-08-18,119.8499984741211,119.8499984741211,120.5,117.0,117.0,574
2020-08-19,119.75,119.75,120.25,119.05000305175781,120.25,194
2020-08-20,118.30000305175781,118.30000305175781,120.5,117.5,120.19999694824219,404
2020-08-21,116.80000305175781,116.80000305175781,119.44999694824219,114.9000015258789,119.1500015258789,519
2020-08-24,117.3499984741211,117.3499984741211,118.6500015258789,114.0,115.8499984741211,652
2020-08-25,116.30000305175781,116.30000305175781,118.0,115.5,117.9000015258789,253
2020-08-26,113.75,113.75,116.30000305175781,112.9000015258789,116.30000305175781,256
2020-08-27,112.55000305175781,112.55000305175781,114.4000015258789,111.5999984741211,113.75,357
2020-08-28,114.05000305175781,114.05000305175781,114.5,112.55000305175781,112.55000305175781,453
2020-08-31,113.80000305175781,113.80000305175781,114.3499984741211,112.0,114.05000305175781,396
2020-09-01,112.1500015258789,112.1500015258789,114.6500015258789,110.75,110.75,419
2020-09-02,113.4000015258789,113.4000015258789,113.4000015258789,113.4000015258789,113.4000015258789,5
2020-09-03,120.4000015258789,120.4000015258789,122.0,119.94999694824219,119.94999694824219,3
2020-09-04,121.75,121.75,121.75,121.75,121.75,0
2020-09-08,119.5999984741211,119.5999984741211,119.5999984741211,119.5999984741211,119.5999984741211,5
2020-09-09,115.8499984741211,115.8499984741211,115.8499984741211,115.8499984741211,115.8499984741211,21
2020-09-10,118.4000015258789,118.4000015258789,118.4000015258789,118.4000015258789,118.4000015258789,598
2020-09-11,116.6500015258789,116.6500015258789,118.6500015258789,116.0999984741211,117.9000015258789,237
2020-09-14,115.94999694824219,115.94999694824219,116.5999984741211,114.9000015258789,116.30000305175781,390
2020-09-15,115.6500015258789,115.6500015258789,117.6500015258789,115.0,115.80000305175781,465
2020-09-16,116.4000015258789,116.4000015258789,117.30000305175781,115.69999694824219,116.0,485
2020-09-17,117.1500015258789,117.1500015258789,117.55000305175781,115.5,116.3499984741211,389
2020-09-18,118.30000305175781,118.30000305175781,118.80000305175781,116.55000305175781,117.5,508
2020-09-21,115.69999694824219,115.69999694824219,119.19999694824219,115.5,118.8499984741211,657
2020-09-22,112.9000015258789,112.9000015258789,116.5,112.5,115.5,1002
2020-09-23,108.75,108.75,113.75,106.05000305175781,113.75,2068
2020-09-24,106.9000015258789,106.9000015258789,110.8499984741211,106.5,109.80000305175781,1221
2020-09-25,105.75,105.75,107.25,105.30000305175781,106.8499984741211,1063
2020-09-28,107.0999984741211,107.0999984741211,107.94999694824219,106.0,106.0,689
2020-09-29,110.80000305175781,110.80000305175781,111.4000015258789,107.25,108.0,1481
2020-09-30,113.69999694824219,113.69999694824219,114.44999694824219,109.5,111.0999984741211,674
2020-10-01,114.0,114.0,114.25,111.05000305175781,113.9000015258789,819
2020-10-02,111.75,111.75,113.6500015258789,111.25,113.25,578
2020-10-05,113.75,113.75,114.5,111.4000015258789,111.5999984741211,556
2020-10-06,114.05000305175781,114.05000305175781,114.5,113.30000305175781,113.69999694824219,425
2020-10-07,112.80000305175781,112.80000305175781,113.94999694824219,108.5,113.5999984741211,726
2020-10-08,113.05000305175781,113.05000305175781,115.5,111.9000015258789,112.44999694824219,732
2020-10-09,115.19999694824219,115.19999694824219,115.9000015258789,113.05000305175781,113.94999694824219,736
2020-10-12,117.3499984741211,117.3499984741211,117.4000015258789,115.3499984741211,116.0,805
2020-10-13,117.80000305175781,117.80000305175781,118.0,116.55000305175781,116.55000305175781,981
2020-10-14,115.80000305175781,115.80000305175781,117.80000305175781,115.30000305175781,117.5,477
2020-10-15,117.30000305175781,117.30000305175781,117.75,113.94999694824219,115.30000305175781,955
2020-10-16,115.0999984741211,115.0999984741211,117.30000305175781,114.8499984741211,116.4000015258789,599
2020-10-19,116.8499984741211,116.8499984741211,117.19999694824219,114.5999984741211,114.69999694824219,653
2020-10-20,118.0,118.0,118.4000015258789,116.5,116.5,725
2020-10-21,111.6500015258789,111.6500015258789,118.4000015258789,110.0,117.75,962
2020-10-22,111.25,111.25,113.80000305175781,110.19999694824219,111.9000015258789,544
2020-10-23,115.0,115.0,116.5,110.1500015258789,110.5999984741211,522
2020-10-26,117.0999984741211,117.0999984741211,117.5,113.4000015258789,114.0999984741211,306
2020-10-27,117.25,117.25,117.9000015258789,115.19999694824219,117.44999694824219,164
2020-10-28,117.69999694824219,117.69999694824219,118.5,116.4000015258789,116.75,314
2020-10-29,115.9000015258789,115.9000015258789,118.5,114.05000305175781,116.0999984741211,157
2020-10-30,117.94999694824219,117.94999694824219,119.44999694824219,113.5999984741211,113.94999694824219,116
2020-11-02,118.0999984741211,118.0999984741211,118.0999984741211,118.0999984741211,118.0999984741211,72
2020-11-03,114.19999694824219,114.19999694824219,114.19999694824219,114.19999694824219,114.19999694824219,62
2020-11-04,114.69999694824219,114.69999694824219,114.69999694824219,114.69999694824219,114.69999694824219,0
2020-11-05,113.6500015258789,113.6500015258789,113.6500015258789,113.6500015258789,113.6500015258789,0
2020-11-06,113.80000305175781,113.80000305175781,113.80000305175781,113.80000305175781,113.80000305175781,0
2020-11-09,113.9000015258789,113.9000015258789,113.9000015258789,113.9000015258789,113.9000015258789,409
2020-11-10,117.19999694824219,117.19999694824219,118.5,114.4000015258789,114.94999694824219,1068
2020-11-11,118.0,118.0,118.1500015258789,117.19999694824219,117.6500015258789,585
2020-11-12,119.75,119.75,119.9000015258789,116.44999694824219,117.5,926
2020-11-13,122.5999984741211,122.5999984741211,123.0999984741211,119.3499984741211,119.4000015258789,1301
2020-11-16,125.75,125.75,127.25,121.30000305175781,121.5,1879
2020-11-17,126.9000015258789,126.9000015258789,127.1500015258789,125.1500015258789,125.6500015258789,1018
2020-11-18,128.35000610351562,128.35000610351562,128.6999969482422,126.6500015258789,127.0,1925
2020-11-19,127.9000015258789,127.9000015258789,128.5,124.25,128.0,1111
2020-11-20,127.69999694824219,127.69999694824219,128.14999389648438,125.0,127.80000305175781,715
2020-11-23,127.6500015258789,127.6500015258789,127.8499984741211,126.8499984741211,127.44999694824219,505
2020-11-24,127.69999694824219,127.69999694824219,129.5,126.0999984741211,127.5999984741211,1005
2020-11-25,127.3499984741211,127.3499984741211,127.69999694824219,126.3499984741211,127.69999694824219,350
2020-11-27,128.6999969482422,128.6999969482422,128.8000030517578,127.5,127.5,422
2020-11-30,128.75,128.75,129.3000030517578,128.35000610351562,128.89999389648438,603
2020-12-01,126.0,126.0,128.6999969482422,123.3499984741211,128.4499969482422,1334
2020-12-02,125.6500015258789,125.6500015258789,127.05000305175781,124.5999984741211,124.6500015258789,600
2020-12-03,126.80000305175781,126.80000305175781,127.5,125.30000305175781,125.8499984741211,599
2020-12-04,123.94999694824219,123.94999694824219,126.9000015258789,123.5999984741211,126.80000305175781,892
2020-12-07,121.9000015258789,121.9000015258789,124.5,121.3499984741211,123.75,914
2020-12-08,126.0999984741211,126.0999984741211,126.75,121.55000305175781,122.19999694824219,906
2020-12-09,125.6500015258789,125.6500015258789,126.0999984741211,124.4000015258789,125.19999694824219,408
2020-12-10,120.9000015258789,120.9000015258789,125.69999694824219,120.25,125.5,916
2020-12-11,116.05000305175781,116.05000305175781,120.80000305175781,115.5,120.25,1328
2020-12-14,114.25,114.25,117.1500015258789,114.05000305175781,117.1500015258789,1288
2020-12-15,114.5,114.5,115.5,113.30000305175781,114.1500015258789,1205
2020-12-16,117.55000305175781,117.55000305175781,118.3499984741211,114.80000305175781,114.94999694824219,439
2020-12-17,115.6500015258789,115.6500015258789,117.69999694824219,114.25,117.5,516
2020-12-18,117.19999694824219,117.19999694824219,118.9000015258789,115.1500015258789,115.30000305175781,689
2020-12-21,117.9000015258789,117.9000015258789,118.5999984741211,116.5,117.55000305175781,333
2020-12-22,118.9000015258789,118.9000015258789,120.0,118.0,118.80000305175781,235
2020-12-23,117.94999694824219,117.94999694824219,118.4000015258789,116.6500015258789,117.9000015258789,252
2020-12-24,118.94999694824219,118.94999694824219,119.4000015258789,116.5,118.0,308
2020-12-28,119.4000015258789,119.4000015258789,121.9000015258789,118.5,119.0,289
2020-12-29,120.75,120.75,121.0,119.1500015258789,119.1500015258789,412
2020-12-30,122.94999694824219,122.94999694824219,124.94999694824219,120.75,120.75,357
2020-12-31,123.25,123.25,124.80000305175781,121.30000305175781,124.5,191
2021-01-04,121.80000305175781,121.80000305175781,121.9000015258789,121.9000015258789,121.9000015258789,2
2021-01-05,123.30000305175781,123.30000305175781,124.0,121.0,121.4000015258789,146
2021-01-06,123.44999694824219,123.44999694824219,123.44999694824219,123.44999694824219,123.44999694824219,526
2021-01-07,124.4000015258789,124.4000015258789,124.4000015258789,124.4000015258789,124.4000015258789,0
2021-01-08,122.80000305175781,122.80000305175781,122.80000305175781,122.80000305175781,122.80000305175781,532
2021-01-11,122.25,122.25,124.44999694824219,121.05000305175781,124.44999694824219,592
2021-01-12,121.05000305175781,121.05000305175781,123.30000305175781,120.8499984741211,122.5999984741211,383
2021-01-13,124.5999984741211,124.5999984741211,124.9000015258789,121.1500015258789,121.6500015258789,637
2021-01-14,124.0,124.0,124.94999694824219,123.5,124.9000015258789,370
2021-01-15,121.8499984741211,121.8499984741211,124.05000305175781,121.5,124.0,372
2021-01-19,118.69999694824219,118.69999694824219,123.0,118.5999984741211,122.44999694824219,776
2021-01-20,118.30000305175781,118.30000305175781,118.5,116.3499984741211,118.5,1140
2021-01-21,117.9000015258789,117.9000015258789,119.69999694824219,116.6500015258789,118.0999984741211,438
2021-01-22,116.9000015258789,116.9000015258789,117.80000305175781,116.0,117.5,796
2021-01-25,114.44999694824219,114.44999694824219,117.0999984741211,113.05000305175781,117.0999984741211,879
2021-01-26,116.19999694824219,116.19999694824219,116.75,113.75,114.30000305175781,626
2021-01-27,114.30000305175781,114.30000305175781,117.0,112.3499984741211,116.55000305175781,842
2021-01-28,113.1500015258789,113.1500015258789,114.4000015258789,113.0,114.30000305175781,494
2021-01-29,110.5999984741211,110.5999984741211,113.5,110.25,113.0999984741211,2151
2021-02-01,108.0999984741211,108.0999984741211,111.4000015258789,107.5999984741211,110.6500015258789,1518
2021-02-02,106.8499984741211,106.8499984741211,108.55000305175781,106.1500015258789,107.8499984741211,1396
2021-02-03,108.30000305175781,108.30000305175781,109.1500015258789,106.1500015258789,106.80000305175781,1201
2021-02-04,109.80000305175781,109.80000305175781,110.75,108.5,109.0,1029
2021-02-05,111.25,111.25,112.1500015258789,108.55000305175781,109.80000305175781,789
2021-02-08,113.19999694824219,113.19999694824219,113.69999694824219,111.25,112.4000015258789,739
2021-02-09,112.25,112.25,113.05000305175781,110.0999984741211,112.5999984741211,618
2021-02-10,113.05000305175781,113.05000305175781,113.30000305175781,111.3499984741211,111.55000305175781,687
2021-02-11,112.1500015258789,112.1500015258789,113.1500015258789,111.25,112.5999984741211,497
2021-02-12,112.9000015258789,112.9000015258789,112.94999694824219,111.69999694824219,112.30000305175781,590
2021-02-16,113.8499984741211,113.8499984741211,114.94999694824219,112.0,112.9000015258789,1157
2021-02-17,111.4000015258789,111.4000015258789,114.0,111.0,114.0,1072
2021-02-18,109.3499984741211,109.3499984741211,112.0999984741211,109.05000305175781,111.8499984741211,941
2021-02-19,109.55000305175781,109.55000305175781,110.94999694824219,108.1500015258789,109.0,772
2021-02-22,109.0,109.0,109.9000015258789,107.75,109.44999694824219,1048
2021-02-23,109.5,109.5,110.6500015258789,108.5999984741211,108.75,812
2021-02-24,111.9000015258789,111.9000015258789,111.9000015258789,109.0999984741211,110.30000305175781,754
2021-02-25,107.9000015258789,107.9000015258789,111.69999694824219,106.8499984741211,111.5,778
2021-02-26,106.75,106.75,108.94999694824219,104.6500015258789,107.6500015258789,850
2021-03-01,108.5999984741211,108.5999984741211,109.0999984741211,106.5999984741211,106.5999984741211,121
2021-03-02,109.4000015258789,109.4000015258789,111.6500015258789,108.4000015258789,108.4000015258789,45
2021-03-03,108.0999984741211,108.0999984741211,108.0999984741211,108.0999984741211,108.0999984741211,0
2021-03-04,109.0999984741211,109.0999984741211,109.0999984741211,108.25,108.25,50
2021-03-05,110.0999984741211,110.0999984741211,110.0999984741211,110.0999984741211,110.0999984741211,0
2021-03-08,110.44999694824219,110.44999694824219,111.0,110.5999984741211,110.5999984741211,50
2021-03-09,111.5,111.5,112.3499984741211,112.3499984741211,112.3499984741211,1
2021-03-10,112.0,112.0,112.5,112.5,112.5,1
2021-03-11,112.5,112.5,111.0,111.0,111.0,959
2021-03-12,115.55000305175781,115.55000305175781,116.0,114.8499984741211,115.5,559
2021-03-15,117.3499984741211,117.3499984741211,117.8499984741211,115.25,115.5,806
2021-03-16,119.4000015258789,119.4000015258789,119.5999984741211,117.19999694824219,117.44999694824219,905
2021-03-17,114.80000305175781,114.80000305175781,119.44999694824219,113.5,118.55000305175781,1066
2021-03-18,116.55000305175781,116.55000305175781,118.80000305175781,115.5999984741211,118.80000305175781,593
2021-03-19,115.6500015258789,115.6500015258789,117.55000305175781,114.30000305175781,117.4000015258789,556
2021-03-22,114.80000305175781,114.80000305175781,115.5,114.30000305175781,115.0999984741211,299
2021-03-23,111.5,111.5,114.80000305175781,111.3499984741211,114.4000015258789,762
2021-03-24,110.4000015258789,110.4000015258789,111.55000305175781,110.25,111.25,798
2021-03-25,110.44999694824219,110.44999694824219,112.30000305175781,109.6500015258789,110.1500015258789,794
2021-03-26,111.19999694824219,111.19999694824219,112.80000305175781,109.69999694824219,110.05000305175781,457
2021-03-29,111.25,111.25,112.25,110.6500015258789,111.25,308
2021-03-30,111.0,111.0,112.0999984741211,110.05000305175781,111.75,735
2021-03-31,110.5999984741211,110.5999984741211,111.80000305175781,110.05000305175781,111.0999984741211,457
2021-04-01,109.94999694824219,109.94999694824219,111.19999694824219,109.75,110.25,704
2021-04-05,108.75,108.75,111.0,107.94999694824219,110.30000305175781,1303
2021-04-06,109.19999694824219,109.19999694824219,109.5999984741211,108.0,108.69999694824219,1084
2021-04-07,108.80000305175781,108.80000305175781,110.80000305175781,108.25,109.5,734
2021-04-08,109.30000305175781,109.30000305175781,109.80000305175781,108.3499984741211,108.6500015258789,489
2021-04-09,110.05000305175781,110.05000305175781,111.0,109.05000305175781,109.69999694824219,676
2021-04-12,109.30000305175781,109.30000305175781,110.0999984741211,108.75,109.6500015258789,552
2021-04-13,110.0,110.0,110.25,109.0999984741211,109.30000305175781,793
2021-04-14,111.0,111.0,111.75,109.25,110.0,1007
2021-04-15,113.9000015258789,113.9000015258789,114.19999694824219,111.0,111.3499984741211,1343
2021-04-16,113.94999694824219,113.94999694824219,114.8499984741211,113.44999694824219,114.1500015258789,1145
2021-04-19,113.94999694824219,113.94999694824219,114.75,111.80000305175781,113.94999694824219,970
2021-04-20,111.4000015258789,111.4000015258789,114.1500015258789,110.80000305175781,114.1500015258789,865
2021-04-21,113.25,113.25,114.0,110.75,111.3499984741211,632
2021-04-22,112.94999694824219,112.94999694824219,113.6500015258789,112.25,113.05000305175781,560
2021-04-23,112.80000305175781,112.80000305175781,113.5,111.80000305175781,113.25,256
2021-04-26,111.5999984741211,111.5999984741211,114.0,111.3499984741211,114.0,699
2021-04-27,111.6500015258789,111.6500015258789,112.5999984741211,111.3499984741211,111.5999984741211,569
2021-04-28,110.80000305175781,110.80000305175781,112.0999984741211,110.30000305175781,111.30000305175781,494
2021-04-29,107.5999984741211,107.5999984741211,110.30000305175781,107.55000305175781,110.30000305175781,764
2021-04-30,109.55000305175781,109.55000305175781,109.5999984741211,107.9000015258789,108.0,180
2021-05-03,107.6500015258789,107.6500015258789,108.0999984741211,107.8499984741211,108.0999984741211,34
2021-05-04,105.3499984741211,105.3499984741211,105.3499984741211,105.3499984741211,105.3499984741211,0
2021-05-05,105.5999984741211,105.5999984741211,108.0,105.30000305175781,105.80000305175781,61
2021-05-06,108.4000015258789,108.4000015258789,114.0,114.0,114.0,1
2021-05-07,111.44999694824219,111.44999694824219,110.30000305175781,110.30000305175781,110.30000305175781,1
2021-05-10,113.55000305175781,113.55000305175781,113.55000305175781,113.55000305175781,113.55000305175781,1470
2021-05-11,115.75,115.75,117.1500015258789,112.1500015258789,116.69999694824219,970
2021-05-12,114.0999984741211,114.0999984741211,115.75,113.55000305175781,115.75,430
2021-05-13,115.0,115.0,116.44999694824219,113.05000305175781,114.0999984741211,493
2021-05-14,116.30000305175781,116.30000305175781,116.44999694824219,115.0,115.1500015258789,457
2021-05-17,118.44999694824219,118.44999694824219,118.69999694824219,116.25,117.0,1122
2021-05-18,117.0999984741211,117.0999984741211,118.3499984741211,116.6500015258789,118.3499984741211,869
2021-05-19,113.69999694824219,113.69999694824219,117.4000015258789,113.5999984741211,117.25,1076
2021-05-20,116.75,116.75,117.6500015258789,113.5,114.25,917
2021-05-21,117.94999694824219,117.94999694824219,118.0,116.5999984741211,116.94999694824219,502
2021-05-24,117.05000305175781,117.05000305175781,117.75,115.5,117.5999984741211,425
2021-05-25,116.5,116.5,117.30000305175781,114.5999984741211,117.05000305175781,523
2021-05-26,117.05000305175781,117.05000305175781,117.6500015258789,116.0,116.94999694824219,290
2021-05-27,118.44999694824219,118.44999694824219,119.75,117.05000305175781,117.5,1713
2021-05-28,118.6500015258789,118.6500015258789,119.44999694824219,117.80000305175781,118.44999694824219,1153
2021-06-01,119.6500015258789,119.6500015258789,120.4000015258789,119.0,119.05000305175781,1421
2021-06-02,120.1500015258789,120.1500015258789,120.4000015258789,117.9000015258789,119.05000305175781,1432
2021-06-03,121.25,121.25,121.9000015258789,118.30000305175781,119.5,1255
2021-06-04,122.1500015258789,122.1500015258789,122.25,118.6500015258789,120.1500015258789,1385
2021-06-07,125.4000015258789,125.4000015258789,125.69999694824219,122.3499984741211,122.3499984741211,1275
2021-06-08,127.30000305175781,127.30000305175781,128.1999969482422,124.80000305175781,125.19999694824219,1582
2021-06-09,128.64999389648438,128.64999389648438,129.3000030517578,126.19999694824219,126.80000305175781,1257
2021-06-10,127.5999984741211,127.5999984741211,128.6999969482422,127.0,127.5,731
2021-06-11,121.0,121.0,127.5,118.30000305175781,127.30000305175781,2045
2021-06-14,117.6500015258789,117.6500015258789,120.80000305175781,117.0999984741211,118.80000305175781,927
2021-06-15,116.69999694824219,116.69999694824219,118.5,115.69999694824219,116.69999694824219,962
2021-06-16,119.25,119.25,120.30000305175781,117.30000305175781,117.6500015258789,778
2021-06-17,117.5999984741211,117.5999984741211,120.19999694824219,117.0,119.55000305175781,2028
2021-06-18,116.6500015258789,116.6500015258789,119.25,115.0,118.94999694824219,758
2021-06-21,117.19999694824219,117.19999694824219,119.0,115.0999984741211,116.0,380
2021-06-22,118.1500015258789,118.1500015258789,118.75,116.8499984741211,118.05000305175781,355
2021-06-23,118.5999984741211,118.5999984741211,118.8499984741211,117.0,117.75,239
2021-06-24,118.6500015258789,118.6500015258789,120.0,117.6500015258789,118.8499984741211,765
2021-06-25,119.0999984741211,119.0999984741211,120.05000305175781,117.75,119.6500015258789,362
2021-06-28,116.6500015258789,116.6500015258789,119.5,116.30000305175781,119.0,526
2021-06-29,116.3499984741211,116.3499984741211,117.1500015258789,115.69999694824219,117.1500015258789,352
2021-06-30,118.55000305175781,118.55000305175781,119.69999694824219,116.3499984741211,118.0,467
2021-07-01,122.55000305175781,122.55000305175781,122.55000305175781,122.55000305175781,122.55000305175781,0
2021-07-02,124.05000305175781,124.05000305175781,124.05000305175781,124.05000305175781,124.05000305175781,41
2021-07-06,119.0999984741211,119.0999984741211,119.0999984741211,119.0999984741211,119.0999984741211,0
2021-07-07,122.75,122.75,129.75,129.75,129.75,1
2021-07-08,124.9000015258789,124.9000015258789,137.39999389648438,137.39999389648438,137.39999389648438,2
2021-07-09,124.8499984741211,124.8499984741211,124.8499984741211,124.8499984741211,124.8499984741211,0
2021-07-12,124.30000305175781,124.30000305175781,124.30000305175781,124.30000305175781,124.30000305175781,284
2021-07-13,127.1500015258789,127.1500015258789,127.69999694824219,126.0999984741211,126.69999694824219,375
2021-07-14,128.8000030517578,128.8000030517578,129.0,126.6500015258789,127.05000305175781,749
2021-07-15,132.89999389648438,132.89999389648438,135.64999389648438,128.0500030517578,128.6999969482422,1623
2021-07-16,128.1999969482422,128.1999969482422,134.25,126.0,131.6999969482422,1016
2021-07-19,127.94999694824219,127.94999694824219,129.89999389648438,126.30000305175781,129.39999389648438,462
2021-07-20,132.85000610351562,132.85000610351562,133.85000610351562,128.10000610351562,128.10000610351562,812
2021-07-21,131.5500030517578,131.5500030517578,133.39999389648438,129.10000610351562,133.35000610351562,616
2021-07-22,135.0,135.0,137.5,131.0,131.5500030517578,945
2021-07-23,137.35000610351562,137.35000610351562,141.85000610351562,136.10000610351562,136.64999389648438,1070
2021-07-26,136.89999389648438,136.89999389648438,137.85000610351562,133.75,136.8000030517578,653
2021-07-27,142.5,142.5,143.60000610351562,137.3000030517578,137.5,1052
2021-07-28,139.4499969482422,139.4499969482422,143.8000030517578,136.35000610351562,143.25,791
2021-07-29,136.60000610351562,136.60000610351562,139.0,136.25,138.4499969482422,530
2021-07-30,132.9499969482422,132.9499969482422,138.14999389648438,128.1999969482422,136.0,1201
2021-08-02,128.25,128.25,131.60000610351562,127.5999984741211,131.25,1488
2021-08-03,129.35000610351562,129.35000610351562,131.0500030517578,128.25,128.4499969482422,1350
2021-08-04,132.9499969482422,132.9499969482422,133.5,129.60000610351562,129.64999389648438,1011
2021-08-05,134.8000030517578,134.8000030517578,135.89999389648438,131.9499969482422,132.0,836
2021-08-06,135.89999389648438,135.89999389648438,136.8000030517578,133.35000610351562,135.5500030517578,666
2021-08-09,135.14999389648438,135.14999389648438,137.9499969482422,133.4499969482422,136.3000030517578,734
2021-08-10,138.3000030517578,138.3000030517578,139.10000610351562,134.0,135.0500030517578,1072
2021-08-11,138.3000030517578,138.3000030517578,139.25,135.1999969482422,138.75,818
2021-08-12,133.4499969482422,133.4499969482422,138.89999389648438,131.64999389648438,138.35000610351562,847
2021-08-13,135.4499969482422,135.4499969482422,137.64999389648438,133.14999389648438,133.5,638
2021-08-16,131.35000610351562,131.35000610351562,135.9499969482422,131.1999969482422,135.35000610351562,1426
2021-08-17,135.14999389648438,135.14999389648438,135.5,131.0,131.0,1061
2021-08-18,132.5500030517578,132.5500030517578,135.5,131.35000610351562,135.4499969482422,584
2021-08-19,133.14999389648438,133.14999389648438,134.8000030517578,131.4499969482422,132.0500030517578,662
2021-08-20,136.5500030517578,136.5500030517578,136.89999389648438,132.3000030517578,133.0,1040
2021-08-23,136.9499969482422,136.9499969482422,137.6999969482422,136.35000610351562,136.5500030517578,513
2021-08-24,141.5500030517578,141.5500030517578,146.5,137.25,137.3000030517578,834
2021-08-25,139.9499969482422,139.9499969482422,142.60000610351562,138.3000030517578,141.5500030517578,316
2021-08-26,143.6999969482422,143.6999969482422,145.25,139.10000610351562,139.75,454
2021-08-27,143.75,143.75,145.5500030517578,142.6999969482422,145.0,255
2021-08-30,136.14999389648438,136.14999389648438,143.75,135.10000610351562,142.10000610351562,436
2021-08-31,134.5500030517578,134.5500030517578,137.1999969482422,134.0500030517578,136.6999969482422,107
2021-09-01,140.0500030517578,140.0500030517578,140.0500030517578,140.0500030517578,140.0500030517578,508
2021-09-02,144.6999969482422,144.6999969482422,148.0,145.14999389648438,148.0,2
2021-09-03,143.8000030517578,143.8000030517578,146.5,146.3000030517578,146.3000030517578,4
2021-09-07,147.0,147.0,147.0,147.0,147.0,0
2021-09-08,143.10000610351562,143.10000610351562,145.5500030517578,144.0,145.5500030517578,4
2021-09-09,144.25,144.25,144.25,144.25,144.25,0
2021-09-10,147.10000610351562,147.10000610351562,147.10000610351562,147.10000610351562,147.10000610351562,462
2021-09-13,142.10000610351562,142.10000610351562,142.6999969482422,140.89999389648438,141.64999389648438,349
2021-09-14,141.64999389648438,141.64999389648438,143.5,139.0500030517578,143.0,387
2021-09-15,144.25,144.25,144.89999389648438,140.64999389648438,141.0,624
2021-09-16,142.5,142.5,145.0,141.89999389648438,144.75,336
2021-09-17,139.60000610351562,139.60000610351562,143.14999389648438,138.0500030517578,142.8000030517578,477
2021-09-20,137.85000610351562,137.85000610351562,139.5,136.5500030517578,138.0,465
2021-09-21,141.89999389648438,141.89999389648438,142.39999389648438,137.5,137.64999389648438,433
2021-09-22,140.0500030517578,140.0500030517578,142.10000610351562,139.10000610351562,141.89999389648438,189
2021-09-23,140.39999389648438,140.39999389648438,142.1999969482422,139.3000030517578,139.3000030517578,323
2021-09-24,138.64999389648438,138.64999389648438,141.5,138.1999969482422,141.5,313
2021-09-27,138.1999969482422,138.1999969482422,139.39999389648438,136.89999389648438,138.64999389648438,412
2021-09-28,133.5,133.5,138.75,131.10000610351562,138.1999969482422,1926
2021-09-29,134.8000030517578,134.8000030517578,136.89999389648438,132.25,134.39999389648438,1281
2021-09-30,132.5,132.5,134.89999389648438,131.6999969482422,134.85000610351562,612
2021-10-01,133.64999389648438,133.64999389648438,134.0,131.64999389648438,132.25,1002
2021-10-04,135.89999389648438,135.89999389648438,136.39999389648438,134.39999389648438,134.5,635
2021-10-05,131.0,131.0,135.5500030517578,130.4499969482422,135.5500030517578,1394
2021-10-06,130.89999389648438,130.89999389648438,132.0,130.1999969482422,131.5,1000
2021-10-07,128.39999389648438,128.39999389648438,132.0,127.6500015258789,131.39999389648438,1471
2021-10-08,128.5,128.5,129.1999969482422,126.44999694824219,128.64999389648438,1164
2021-10-11,125.55000305175781,125.55000305175781,129.14999389648438,125.3499984741211,128.75,857
2021-10-12,127.0999984741211,127.0999984741211,128.9499969482422,123.5999984741211,125.69999694824219,1445
2021-10-13,123.4000015258789,123.4000015258789,127.69999694824219,123.05000305175781,127.0999984741211,896
2021-10-14,123.0999984741211,123.0999984741211,125.30000305175781,123.05000305175781,123.4000015258789,1651
2021-10-15,121.9000015258789,121.9000015258789,124.3499984741211,120.94999694824219,123.55000305175781,1262
2021-10-18,118.4000015258789,118.4000015258789,121.9000015258789,118.0,121.9000015258789,1322
2021-10-19,123.0,123.0,125.1500015258789,118.94999694824219,118.94999694824219,844
2021-10-20,121.69999694824219,121.69999694824219,123.0,120.69999694824219,122.8499984741211,323
2021-10-21,125.4000015258789,125.4000015258789,126.8499984741211,121.6500015258789,121.69999694824219,526
2021-10-22,126.0,126.0,127.6500015258789,124.4000015258789,126.8499984741211,198
2021-10-25,124.55000305175781,124.55000305175781,126.1500015258789,123.05000305175781,125.55000305175781,460
2021-10-26,122.6500015258789,122.6500015258789,125.4000015258789,122.30000305175781,123.55000305175781,398
2021-10-27,122.4000015258789,122.4000015258789,124.0,121.5,122.25,511
2021-10-28,120.80000305175781,120.80000305175781,124.0,119.44999694824219,123.5,276
2021-10-29,120.3499984741211,120.3499984741211,127.80000305175781,118.80000305175781,120.55000305175781,355
2021-11-01,120.5999984741211,120.5999984741211,120.5999984741211,120.5999984741211,120.5999984741211,40
2021-11-02,117.80000305175781,117.80000305175781,117.80000305175781,117.80000305175781,117.80000305175781,400
2021-11-03,116.9000015258789,116.9000015258789,116.9000015258789,116.9000015258789,116.9000015258789,0
2021-11-04,115.0,115.0,115.0,115.0,115.0,0
2021-11-05,117.0,117.0,117.0,117.0,117.0,0
2021-11-08,120.3499984741211,120.3499984741211,120.3499984741211,120.3499984741211,120.3499984741211,0
2021-11-09,122.25,122.25,122.25,122.25,122.25,597
2021-11-10,122.55000305175781,122.55000305175781,124.19999694824219,119.1500015258789,124.0,959
2021-11-11,127.44999694824219,127.44999694824219,128.25,122.44999694824219,122.55000305175781,1828
2021-11-12,129.85000610351562,129.85000610351562,130.60000610351562,126.8499984741211,127.69999694824219,1486
2021-11-15,129.35000610351562,129.35000610351562,130.64999389648438,125.0,130.5,704
2021-11-16,132.35000610351562,132.35000610351562,132.39999389648438,129.35000610351562,129.35000610351562,928
2021-11-17,131.9499969482422,131.9499969482422,132.25,128.35000610351562,132.0500030517578,551
2021-11-18,126.69999694824219,126.69999694824219,131.89999389648438,125.9000015258789,131.35000610351562,683
2021-11-19,127.30000305175781,127.30000305175781,130.14999389648438,126.5999984741211,127.0,454
2021-11-22,130.35000610351562,130.35000610351562,131.6999969482422,127.4000015258789,127.4000015258789,648
2021-11-23,130.14999389648438,130.14999389648438,131.9499969482422,127.55000305175781,130.5,479
2021-11-24,128.4499969482422,128.4499969482422,130.10000610351562,126.5999984741211,129.9499969482422,388
2021-11-26,123.5999984741211,123.5999984741211,128.3000030517578,123.0,126.94999694824219,876
2021-11-29,125.25,125.25,126.80000305175781,123.94999694824219,124.0,615
2021-11-30,122.9000015258789,122.9000015258789,126.44999694824219,122.75,125.05000305175781,551
2021-12-01,121.19999694824219,121.19999694824219,124.55000305175781,120.8499984741211,122.9000015258789,1614
2021-12-02,121.9000015258789,121.9000015258789,123.8499984741211,120.8499984741211,121.19999694824219,763
2021-12-03,121.3499984741211,121.3499984741211,122.55000305175781,120.8499984741211,122.05000305175781,998
2021-12-06,125.05000305175781,125.05000305175781,125.69999694824219,120.05000305175781,121.5,1065
2021-12-07,126.3499984741211,126.3499984741211,126.5999984741211,123.69999694824219,124.80000305175781,446
2021-12-08,128.39999389648438,128.39999389648438,128.89999389648438,126.3499984741211,126.3499984741211,1068
2021-12-09,128.9499969482422,128.9499969482422,129.10000610351562,127.8499984741211,128.14999389648438,562
2021-12-10,127.4000015258789,127.4000015258789,129.10000610351562,125.6500015258789,129.10000610351562,831
2021-12-13,124.80000305175781,124.80000305175781,127.69999694824219,124.3499984741211,127.5,1349
2021-12-14,130.35000610351562,130.35000610351562,130.5500030517578,125.25,125.25,1592
2021-12-15,134.5500030517578,134.5500030517578,134.8000030517578,128.0,129.75,1811
2021-12-16,137.39999389648438,137.39999389648438,141.0,132.35000610351562,134.8000030517578,1520
2021-12-17,139.39999389648438,139.39999389648438,140.0500030517578,137.0,137.0,1178
2021-12-20,142.39999389648438,142.39999389648438,143.1999969482422,139.35000610351562,139.35000610351562,735
2021-12-21,140.1999969482422,140.1999969482422,142.35000610351562,134.6999969482422,142.3000030517578,660
2021-12-22,147.25,147.25,147.25,140.0,142.0,422
2021-12-23,145.10000610351562,145.10000610351562,146.9499969482422,143.64999389648438,146.4499969482422,0
2021-12-27,139.39999389648438,139.39999389648438,145.10000610351562,137.60000610351562,145.10000610351562,328
2021-12-28,140.3000030517578,140.3000030517578,141.5,138.0,138.8000030517578,246
2021-12-29,136.6999969482422,136.6999969482422,139.75,135.25,139.0,165
2021-12-30,139.8000030517578,139.8000030517578,142.35000610351562,136.39999389648438,136.39999389648438,42
2021-12-31,146.3000030517578,146.3000030517578,146.75,139.5,139.64999389648438,132
2022-01-03,146.60000610351562,146.60000610351562,146.0,146.0,146.0,61
2022-01-04,146.35000610351562,146.35000610351562,146.5,146.0,146.0,6
2022-01-05,145.0500030517578,145.0500030517578,145.0500030517578,145.0500030517578,145.0500030517578,0
2022-01-06,143.39999389648438,143.39999389648438,143.39999389648438,143.39999389648438,143.39999389648438,0
2022-01-07,143.35000610351562,143.35000610351562,143.35000610351562,143.35000610351562,143.35000610351562,420
2022-01-10,143.39999389648438,143.39999389648438,143.39999389648438,143.39999389648438,143.39999389648438,506
2022-01-11,145.6999969482422,145.6999969482422,146.9499969482422,140.8000030517578,142.1999969482422,1021
2022-01-12,144.89999389648438,144.89999389648438,146.0,143.75,146.0,724
2022-01-13,152.35000610351562,152.35000610351562,154.14999389648438,144.1999969482422,145.0500030517578,2012
2022-01-14,149.75,149.75,157.3000030517578,148.5,151.8000030517578,1428
2022-01-18,150.1999969482422,150.1999969482422,152.75,147.0,150.0,766
2022-01-19,155.39999389648438,155.39999389648438,156.1999969482422,150.0,150.0,1032
2022-01-20,157.0,157.0,157.85000610351562,152.89999389648438,154.1999969482422,688
2022-01-21,157.0500030517578,157.0500030517578,157.25,154.10000610351562,156.75,615
2022-01-24,155.35000610351562,155.35000610351562,158.5500030517578,153.60000610351562,157.14999389648438,754
2022-01-25,155.85000610351562,155.85000610351562,158.1999969482422,154.0500030517578,155.1999969482422,545
2022-01-26,159.60000610351562,159.60000610351562,162.0,155.25,155.25,1057
2022-01-27,161.5500030517578,161.5500030517578,164.4499969482422,160.25,161.3000030517578,753
2022-01-28,151.5500030517578,151.5500030517578,160.6999969482422,151.5500030517578,160.5500030517578,1101
2022-01-31,147.64999389648438,147.64999389648438,150.4499969482422,144.10000610351562,149.1999969482422,1906
2022-02-01,145.6999969482422,145.6999969482422,147.85000610351562,142.89999389648438,147.60000610351562,1274
2022-02-02,145.8000030517578,145.8000030517578,148.75,145.3000030517578,146.0,967
2022-02-03,145.10000610351562,145.10000610351562,146.64999389648438,144.5500030517578,146.0,901
2022-02-04,138.89999389648438,138.89999389648438,145.1999969482422,138.0,145.0,1924
2022-02-07,137.5,137.5,142.39999389648438,136.4499969482422,138.1999969482422,1463
2022-02-08,142.10000610351562,142.10000610351562,143.0500030517578,138.10000610351562,138.3000030517578,913
2022-02-09,142.25,142.25,143.6999969482422,138.9499969482422,142.10000610351562,769
2022-02-10,139.6999969482422,139.6999969482422,143.6999969482422,139.10000610351562,143.64999389648438,1107
2022-02-11,136.5500030517578,136.5500030517578,143.5,134.75,139.0,1006
2022-02-14,133.6999969482422,133.6999969482422,138.0500030517578,133.14999389648438,136.6999969482422,1246
2022-02-15,133.60000610351562,133.60000610351562,136.75,133.0,134.14999389648438,915
2022-02-16,132.5500030517578,132.5500030517578,136.39999389648438,132.5,134.9499969482422,1023
2022-02-17,132.89999389648438,132.89999389648438,135.60000610351562,132.35000610351562,133.35000610351562,602
2022-02-18,134.8000030517578,134.8000030517578,135.89999389648438,133.3000030517578,134.0,781
2022-02-22,135.89999389648438,135.89999389648438,137.89999389648438,134.89999389648438,135.8000030517578,1161
2022-02-23,136.4499969482422,136.4499969482422,136.9499969482422,134.75,136.9499969482422,520
2022-02-24,136.4499969482422,136.4499969482422,141.64999389648438,135.75,136.6999969482422,671
2022-02-25,136.10000610351562,136.10000610351562,137.5,135.3000030517578,136.75,476
2022-02-28,145.9499969482422,145.9499969482422,146.10000610351562,136.10000610351562,136.3000030517578,151
2022-03-01,150.1999969482422,150.1999969482422,151.0,148.89999389648438,151.0,13
2022-03-02,151.25,151.25,151.25,151.25,151.25,532
2022-03-03,149.0500030517578,149.0500030517578,151.0,151.0,151.0,4
2022-03-04,147.89999389648438,147.89999389648438,147.89999389648438,147.89999389648438,147.89999389648438,0
2022-03-07,137.89999389648438,137.89999389648438,137.89999389648438,137.89999389648438,137.89999389648438,0
2022-03-08,141.14999389648438,141.14999389648438,141.14999389648438,141.14999389648438,141.14999389648438,0
2022-03-09,137.9499969482422,137.9499969482422,137.9499969482422,137.9499969482422,137.9499969482422,0
2022-03-10,138.3000030517578,138.3000030517578,138.3000030517578,138.3000030517578,138.3000030517578,0
2022-03-11,138.6999969482422,138.6999969482422,138.6999969482422,138.6999969482422,138.6999969482422,381
2022-03-14,141.5,141.5,143.39999389648438,139.25,139.3000030517578,362
2022-03-15,142.64999389648438,142.64999389648438,142.89999389648438,138.0500030517578,142.8000030517578,713
2022-03-16,143.85000610351562,143.85000610351562,144.14999389648438,141.1999969482422,142.1999969482422,415
2022-03-17,144.60000610351562,144.60000610351562,145.5,141.3000030517578,143.64999389648438,477
2022-03-18,147.64999389648438,147.64999389648438,147.89999389648438,144.0500030517578,144.60000610351562,580
2022-03-21,147.8000030517578,147.8000030517578,148.60000610351562,146.0,147.64999389648438,519
2022-03-22,144.6999969482422,144.6999969482422,148.60000610351562,144.3000030517578,148.39999389648438,767
2022-03-23,146.35000610351562,146.35000610351562,148.0,145.35000610351562,145.5500030517578,345
2022-03-24,149.1999969482422,149.1999969482422,149.6999969482422,145.25,145.6999969482422,818
2022-03-25,150.89999389648438,150.89999389648438,153.4499969482422,148.0,149.0,1171
2022-03-28,147.3000030517578,147.3000030517578,149.5,146.9499969482422,148.75,730
2022-03-29,145.8000030517578,145.8000030517578,147.64999389648438,145.6999969482422,146.85000610351562,642
2022-03-30,148.14999389648438,148.14999389648438,149.0,145.60000610351562,145.8000030517578,839
2022-03-31,151.9499969482422,151.9499969482422,152.5,148.39999389648438,148.4499969482422,1036
2022-04-01,157.5500030517578,157.5500030517578,159.10000610351562,151.39999389648438,152.5,1943
2022-04-04,159.1999969482422,159.1999969482422,163.9499969482422,155.5,157.14999389648438,1600
2022-04-05,160.25,160.25,162.10000610351562,158.9499969482422,159.0,975
2022-04-06,159.5500030517578,159.5500030517578,160.75,156.4499969482422,159.9499969482422,1082
2022-04-07,163.0500030517578,163.0500030517578,164.5,159.0500030517578,159.5,1139
2022-04-08,167.5500030517578,167.5500030517578,172.3000030517578,163.5,164.0,2046
2022-04-11,173.9499969482422,173.9499969482422,174.4499969482422,169.39999389648438,169.39999389648438,1047
2022-04-12,172.10000610351562,172.10000610351562,174.8000030517578,170.25,173.5,841
2022-04-13,182.10000610351562,182.10000610351562,182.10000610351562,171.4499969482422,171.5500030517578,989
2022-04-14,181.0500030517578,181.0500030517578,186.60000610351562,178.35000610351562,183.25,978
2022-04-18,191.0,191.0,191.0500030517578,179.5500030517578,182.14999389648438,945
2022-04-19,171.89999389648438,171.89999389648438,194.4499969482422,171.0,194.0,2091
2022-04-20,169.35000610351562,169.35000610351562,174.5,166.5,170.5,1136
2022-04-21,173.0,173.0,173.39999389648438,168.0,169.3000030517578,539
2022-04-22,179.64999389648438,179.64999389648438,179.6999969482422,169.5500030517578,169.60000610351562,677
2022-04-25,173.6999969482422,173.6999969482422,175.5,170.35000610351562,175.5,472
2022-04-26,168.0,168.0,172.64999389648438,165.9499969482422,172.64999389648438,298
2022-04-27,171.1999969482422,171.1999969482422,173.3000030517578,167.0,167.85000610351562,666
2022-04-28,172.89999389648438,172.89999389648438,175.89999389648438,172.0,172.0,190
2022-04-29,182.39999389648438,182.39999389648438,182.0,177.0,177.0,595
2022-05-02,177.75,177.75,177.75,177.75,177.75,0
2022-05-03,184.14999389648438,184.14999389648438,184.14999389648438,184.14999389648438,184.14999389648438,0
2022-05-04,178.5500030517578,178.5500030517578,189.0,189.0,189.0,4
2022-05-05,187.3000030517578,187.3000030517578,194.0,194.0,194.0,1
2022-05-06,190.14999389648438,190.14999389648438,190.14999389648438,190.14999389648438,190.14999389648438,0
2022-05-09,185.8000030517578,185.8000030517578,185.8000030517578,185.8000030517578,185.8000030517578,376
2022-05-10,176.35000610351562,176.35000610351562,176.35000610351562,176.35000610351562,176.35000610351562,366
2022-05-11,168.5,168.5,173.4499969482422,166.3000030517578,172.1999969482422,925
2022-05-12,164.4499969482422,164.4499969482422,169.75,160.60000610351562,169.75,1669
2022-05-13,167.0500030517578,167.0500030517578,174.4499969482422,162.0500030517578,164.25,799
2022-05-16,175.5500030517578,175.5500030517578,177.0500030517578,170.0500030517578,171.0500030517578,847
2022-05-17,175.3000030517578,175.3000030517578,178.8000030517578,172.6999969482422,175.1999969482422,475
2022-05-18,168.8000030517578,168.8000030517578,176.35000610351562,167.10000610351562,175.75,418
2022-05-19,167.89999389648438,167.89999389648438,171.85000610351562,167.35000610351562,168.8000030517578,328
2022-05-20,172.4499969482422,172.4499969482422,173.4499969482422,168.0,168.0,322
2022-05-23,176.60000610351562,176.60000610351562,178.6999969482422,173.39999389648438,173.39999389648438,491
2022-05-24,178.35000610351562,178.35000610351562,178.5,175.8000030517578,178.0,402
2022-05-25,174.39999389648438,174.39999389648438,178.5,173.10000610351562,176.39999389648438,270
2022-05-26,183.39999389648438,183.39999389648438,184.39999389648438,174.5,174.64999389648438,1087
2022-05-27,183.0500030517578,183.0500030517578,186.4499969482422,180.3000030517578,183.8000030517578,550
2022-05-31,177.35000610351562,177.35000610351562,183.4499969482422,176.64999389648438,181.8000030517578,808
2022-06-01,180.35000610351562,180.35000610351562,182.6999969482422,177.0,177.3000030517578,923
2022-06-02,180.25,180.25,181.3000030517578,178.5500030517578,181.0,462
2022-06-03,180.6999969482422,180.6999969482422,183.3000030517578,179.85000610351562,180.5500030517578,698
2022-06-06,181.25,181.25,182.35000610351562,178.85000610351562,180.60000610351562,458
2022-06-07,183.64999389648438,183.64999389648438,184.60000610351562,179.8000030517578,180.8000030517578,591
2022-06-08,191.35000610351562,191.35000610351562,193.5,182.14999389648438,183.39999389648438,1243
2022-06-09,184.39999389648438,184.39999389648438,193.3000030517578,184.14999389648438,188.6999969482422,1055
2022-06-10,185.0500030517578,185.0500030517578,187.39999389648438,184.39999389648438,185.39999389648438,425
2022-06-13,179.8000030517578,179.8000030517578,184.85000610351562,179.35000610351562,184.39999389648438,1350
2022-06-14,178.14999389648438,178.14999389648438,180.5500030517578,178.0,179.10000610351562,565
2022-06-15,177.6999969482422,177.6999969482422,182.0,177.10000610351562,178.5,1111
2022-06-16,175.5,175.5,177.5,174.85000610351562,176.9499969482422,1069
2022-06-17,172.75,172.75,176.5500030517578,172.10000610351562,175.5,1432
2022-06-21,170.8000030517578,170.8000030517578,172.89999389648438,170.4499969482422,172.89999389648438,859
2022-06-22,169.39999389648438,169.39999389648438,173.39999389648438,168.85000610351562,170.5,1132
2022-06-23,166.1999969482422,166.1999969482422,170.39999389648438,166.0500030517578,170.0500030517578,837
2022-06-24,164.14999389648438,164.14999389648438,167.4499969482422,163.60000610351562,166.75,305
2022-06-27,168.14999389648438,168.14999389648438,169.3000030517578,165.0500030517578,165.9499969482422,302
2022-06-28,177.8000030517578,177.8000030517578,178.14999389648438,170.9499969482422,172.0,286
2022-06-29,179.5,179.5,181.9499969482422,177.0,177.0,83
2022-06-30,179.64999389648438,179.64999389648438,180.0500030517578,177.25,180.0500030517578,167
2022-07-01,177.10000610351562,177.10000610351562,177.10000610351562,177.10000610351562,177.10000610351562,0
2022-07-05,172.9499969482422,172.9499969482422,172.9499969482422,172.9499969482422,172.9499969482422,11
2022-07-06,180.6999969482422,180.6999969482422,185.0,183.5,185.0,3
2022-07-07,173.64999389648438,173.64999389648438,173.0,173.0,173.0,141
2022-07-08,174.89999389648438,174.89999389648438,174.89999389648438,174.89999389648438,174.89999389648438,0
2022-07-11,175.1999969482422,175.1999969482422,175.1999969482422,175.1999969482422,175.1999969482422,594
2022-07-12,156.39999389648438,156.39999389648438,163.5,155.8000030517578,162.25,1646
2022-07-13,152.3000030517578,152.3000030517578,157.39999389648438,152.0,155.89999389648438,1440
2022-07-14,151.8000030517578,151.8000030517578,154.35000610351562,151.3000030517578,151.89999389648438,947
2022-07-15,150.64999389648438,150.64999389648438,153.3000030517578,150.5,152.0,702
2022-07-18,151.89999389648438,151.89999389648438,155.1999969482422,150.75,150.8000030517578,567
2022-07-19,157.35000610351562,157.35000610351562,158.5500030517578,151.85000610351562,152.0,625
2022-07-20,154.6999969482422,154.6999969482422,156.0,152.8000030517578,155.5500030517578,487
2022-07-21,153.39999389648438,153.39999389648438,154.85000610351562,153.1999969482422,154.6999969482422,319
2022-07-22,152.85000610351562,152.85000610351562,157.0500030517578,152.1999969482422,153.39999389648438,579
2022-07-25,151.75,151.75,154.5,151.39999389648438,152.9499969482422,437
2022-07-26,157.5,157.5,161.75,152.0,152.5,871
2022-07-27,166.6999969482422,166.6999969482422,167.4499969482422,158.6999969482422,159.0,1321
2022-07-28,169.25,169.25,169.5,164.0,166.35000610351562,1024
2022-07-29,172.0,172.0,172.85000610351562,169.1999969482422,170.0,972
2022-08-01,170.10000610351562,170.10000610351562,172.3000030517578,167.64999389648438,171.6999969482422,741
2022-08-02,171.89999389648438,171.89999389648438,172.39999389648438,169.89999389648438,169.89999389648438,499
2022-08-03,176.64999389648438,176.64999389648438,177.6999969482422,171.39999389648438,171.60000610351562,1096
2022-08-04,179.4499969482422,179.4499969482422,183.14999389648438,177.14999389648438,178.0,825
2022-08-05,182.85000610351562,182.85000610351562,183.0,178.4499969482422,178.4499969482422,542
2022-08-08,176.4499969482422,176.4499969482422,184.3000030517578,175.35000610351562,182.1999969482422,1152
2022-08-09,177.10000610351562,177.10000610351562,179.0500030517578,173.1999969482422,175.9499969482422,623
2022-08-10,181.0500030517578,181.0500030517578,181.89999389648438,177.0,177.0,485
2022-08-11,182.14999389648438,182.14999389648438,182.4499969482422,178.60000610351562,180.0,521
2022-08-12,181.0500030517578,181.0500030517578,182.6999969482422,180.64999389648438,182.14999389648438,376
2022-08-15,176.14999389648438,176.14999389648438,180.6999969482422,175.39999389648438,180.6999969482422,632
2022-08-16,175.1999969482422,175.1999969482422,176.64999389648438,173.8000030517578,175.5500030517578,976
2022-08-17,170.14999389648438,170.14999389648438,175.5500030517578,170.10000610351562,174.85000610351562,1318
2022-08-18,167.85000610351562,167.85000610351562,170.0,167.0,170.0,751
2022-08-19,169.75,169.75,173.10000610351562,167.6999969482422,167.6999969482422,1094
2022-08-22,168.85000610351562,168.85000610351562,171.10000610351562,168.10000610351562,169.5500030517578,948
2022-08-23,169.9499969482422,169.9499969482422,171.75,167.8000030517578,168.39999389648438,793
2022-08-24,168.60000610351562,168.60000610351562,170.35000610351562,166.89999389648438,169.8000030517578,576
2022-08-25,169.4499969482422,169.4499969482422,171.0,167.0500030517578,170.3000030517578,734
2022-08-26,174.60000610351562,174.60000610351562,176.4499969482422,170.60000610351562,171.0,315
2022-08-29,179.5500030517578,179.5500030517578,180.14999389648438,174.0500030517578,176.10000610351562,273
2022-08-30,188.64999389648438,188.64999389648438,189.5500030517578,179.0,179.0,234
2022-08-31,198.5500030517578,198.5500030517578,198.5500030517578,198.5500030517578,198.5500030517578,92
2022-09-01,193.0,193.0,198.64999389648438,193.0,198.64999389648438,32
2022-09-02,185.35000610351562,185.35000610351562,185.35000610351562,185.35000610351562,185.35000610351562,132
2022-09-06,178.5,178.5,178.8000030517578,178.8000030517578,178.8000030517578,4
2022-09-07,175.89999389648438,175.89999389648438,175.89999389648438,175.89999389648438,175.89999389648438,0
2022-09-08,177.5500030517578,177.5500030517578,177.5500030517578,177.5500030517578,177.5500030517578,0
2022-09-09,180.1999969482422,180.1999969482422,180.1999969482422,180.1999969482422,180.1999969482422,0
2022-09-12,181.0500030517578,181.0500030517578,181.0500030517578,181.0500030517578,181.0500030517578,244
2022-09-13,168.35000610351562,168.35000610351562,172.1999969482422,167.25,172.1999969482422,423
2022-09-14,167.35000610351562,167.35000610351562,169.0500030517578,167.0,167.9499969482422,511
2022-09-15,169.5500030517578,169.5500030517578,171.0500030517578,167.3000030517578,167.3000030517578,507
2022-09-16,173.35000610351562,173.35000610351562,174.0,169.5,170.39999389648438,546
2022-09-19,176.5,176.5,179.0,172.9499969482422,173.1999969482422,617
2022-09-20,180.3000030517578,180.3000030517578,180.64999389648438,177.1999969482422,177.4499969482422,590
2022-09-21,179.1999969482422,179.1999969482422,180.89999389648438,178.5500030517578,180.25,463
2022-09-22,181.14999389648438,181.14999389648438,182.35000610351562,178.5500030517578,178.6999969482422,562
2022-09-23,184.0,184.0,184.5,181.85000610351562,182.0,902
2022-09-26,178.5,178.5,184.89999389648438,175.25,184.8000030517578,759
2022-09-27,182.25,182.25,184.0,179.64999389648438,180.10000610351562,556
2022-09-28,188.3000030517578,188.3000030517578,192.25,185.0,185.0,1100
2022-09-29,190.4499969482422,190.4499969482422,195.3000030517578,186.85000610351562,188.5500030517578,1057
2022-09-30,191.39999389648438,191.39999389648438,194.6999969482422,189.60000610351562,191.10000610351562,730
2022-10-03,198.25,198.25,201.39999389648438,193.0500030517578,194.75,907
2022-10-04,198.9499969482422,198.9499969482422,202.14999389648438,196.5,199.9499969482422,570
2022-10-05,190.9499969482422,190.9499969482422,198.9499969482422,189.14999389648438,197.9499969482422,1063
2022-10-06,188.0,188.0,191.64999389648438,187.0500030517578,190.5,671
2022-10-07,192.85000610351562,192.85000610351562,193.14999389648438,185.39999389648438,187.35000610351562,684
2022-10-10,186.60000610351562,186.60000610351562,193.5,186.0500030517578,193.14999389648438,677
2022-10-11,190.39999389648438,190.39999389648438,191.0,186.14999389648438,186.64999389648438,832
2022-10-12,197.8000030517578,197.8000030517578,199.6999969482422,189.5500030517578,191.0,1204
2022-10-13,193.85000610351562,193.85000610351562,198.89999389648438,192.85000610351562,198.1999969482422,755
2022-10-14,195.6999969482422,195.6999969482422,196.8000030517578,193.10000610351562,193.25,1155
2022-10-17,199.14999389648438,199.14999389648438,200.75,196.8000030517578,196.8000030517578,764
2022-10-18,208.6999969482422,208.6999969482422,209.14999389648438,199.3000030517578,199.6999969482422,1572
2022-10-19,210.8000030517578,210.8000030517578,212.0,204.35000610351562,208.6999969482422,1408
2022-10-20,211.1999969482422,211.1999969482422,213.25,208.8000030517578,210.0,881
2022-10-21,209.8000030517578,209.8000030517578,211.6999969482422,209.0500030517578,211.0,803
2022-10-24,217.9499969482422,217.9499969482422,218.75,210.39999389648438,210.39999389648438,527
2022-10-25,215.4499969482422,215.4499969482422,217.64999389648438,211.14999389648438,217.60000610351562,558
2022-10-26,216.14999389648438,216.14999389648438,219.5,213.9499969482422,215.0,500
2022-10-27,206.9499969482422,206.9499969482422,216.85000610351562,206.1999969482422,215.5,467
2022-10-28,207.1999969482422,207.1999969482422,209.75,204.9499969482422,207.4499969482422,150
2022-10-31,206.35000610351562,206.35000610351562,213.5,205.0,211.0500030517578,190
2022-11-01,207.6999969482422,207.6999969482422,209.0,207.1999969482422,209.0,61
2022-11-02,209.39999389648438,209.39999389648438,209.39999389648438,209.39999389648438,209.39999389648438,6
2022-11-03,221.14999389648438,221.14999389648438,221.14999389648438,221.14999389648438,221.14999389648438,3
2022-11-04,227.8000030517578,227.8000030517578,227.8000030517578,227.8000030517578,227.8000030517578,8
2022-11-07,230.8000030517578,230.8000030517578,230.8000030517578,230.8000030517578,230.8000030517578,0
2022-11-08,225.8000030517578,225.8000030517578,231.0,224.0,230.8000030517578,9
2022-11-09,228.85000610351562,228.85000610351562,228.85000610351562,228.85000610351562,228.85000610351562,447
2022-11-10,208.1999969482422,208.1999969482422,213.75,206.89999389648438,213.75,892
2022-11-11,203.3000030517578,203.3000030517578,206.60000610351562,200.60000610351562,206.60000610351562,708
2022-11-14,194.9499969482422,194.9499969482422,203.3000030517578,194.6999969482422,202.5500030517578,966
2022-11-15,198.0,198.0,204.5500030517578,194.89999389648438,194.89999389648438,1165
2022-11-16,202.64999389648438,202.64999389648438,204.3000030517578,199.8000030517578,200.8000030517578,400
2022-11-17,201.0,201.0,202.89999389648438,198.64999389648438,201.85000610351562,427
2022-11-18,201.14999389648438,201.14999389648438,203.64999389648438,199.39999389648438,201.0,491
2022-11-21,205.75,205.75,206.75,201.0500030517578,203.14999389648438,450
2022-11-22,207.35000610351562,207.35000610351562,208.3000030517578,204.75,205.75,249
2022-11-23,206.39999389648438,206.39999389648438,208.0500030517578,203.0500030517578,207.5,414
2022-11-25,210.8000030517578,210.8000030517578,212.0500030517578,206.1999969482422,206.39999389648438,635
2022-11-28,206.64999389648438,206.64999389648438,210.64999389648438,204.6999969482422,210.60000610351562,410
2022-11-29,205.0500030517578,205.0500030517578,207.0,203.5500030517578,207.0,308
2022-11-30,200.6999969482422,200.6999969482422,205.6999969482422,200.0,205.0500030517578,735
2022-12-01,197.8000030517578,197.8000030517578,201.75,197.5,200.25,1051
2022-12-02,203.5500030517578,203.5500030517578,204.3000030517578,197.60000610351562,197.60000610351562,623
2022-12-05,205.64999389648438,205.64999389648438,206.89999389648438,203.0,204.25,604
2022-12-06,208.5,208.5,208.9499969482422,205.5,205.8000030517578,678
2022-12-07,218.5,218.5,218.5,208.25,208.89999389648438,1394
2022-12-08,224.25,224.25,226.8000030517578,216.25,216.25,1370
2022-12-09,215.14999389648438,215.14999389648438,224.10000610351562,214.5500030517578,224.10000610351562,1086
2022-12-12,209.1999969482422,209.1999969482422,214.64999389648438,206.14999389648438,214.64999389648438,1607
2022-12-13,207.6999969482422,207.6999969482422,209.39999389648438,206.89999389648438,207.64999389648438,1000
2022-12-14,210.1999969482422,210.1999969482422,211.8000030517578,208.35000610351562,208.8000030517578,1326
2022-12-15,207.1999969482422,207.1999969482422,210.85000610351562,202.9499969482422,210.85000610351562,1131
2022-12-16,210.25,210.25,213.9499969482422,206.35000610351562,207.1999969482422,1133
2022-12-19,208.0,208.0,212.85000610351562,207.60000610351562,207.25,1058
2022-12-20,208.3000030517578,208.3000030517578,209.64999389648438,206.5,207.85000610351562,526
2022-12-21,213.4499969482422,213.4499969482422,214.5,209.0,209.8000030517578,699
2022-12-22,210.60000610351562,210.60000610351562,213.25,210.35000610351562,212.89999389648438,369
2022-12-23,206.75,206.75,212.60000610351562,205.35000610351562,212.4499969482422,464
2022-12-27,204.5,204.5,207.0500030517578,203.75,204.6999969482422,267
2022-12-28,203.1999969482422,203.1999969482422,206.4499969482422,199.64999389648438,204.5,360
2022-12-29,206.3000030517578,206.3000030517578,213.0,203.1999969482422,203.1999969482422,181
2022-12-30,206.39999389648438,206.39999389648438,209.39999389648438,205.0500030517578,206.0,28
2023-01-03,203.6999969482422,203.6999969482422,203.0,202.1999969482422,202.1999969482422,9
2023-01-04,205.4499969482422,205.4499969482422,205.0,205.0,205.0,1
2023-01-05,207.75,207.75,207.75,207.75,207.75,0
2023-01-06,208.6999969482422,208.6999969482422,209.25,207.35000610351562,207.35000610351562,10
2023-01-09,208.89999389648438,208.89999389648438,209.0,208.5,208.6999969482422,5
2023-01-10,208.64999389648438,208.64999389648438,208.64999389648438,208.64999389648438,208.64999389648438,379
2023-01-11,207.60000610351562,207.60000610351562,208.5,206.5,207.5,476
2023-01-12,207.39999389648438,207.39999389648438,208.1999969482422,206.5500030517578,208.0,603
2023-01-13,207.1999969482422,207.1999969482422,213.8000030517578,206.85000610351562,207.4499969482422,872
2023-01-17,206.1999969482422,206.1999969482422,207.39999389648438,204.75,206.25,855
2023-01-18,205.5500030517578,205.5500030517578,208.5,205.4499969482422,206.1999969482422,997
2023-01-19,204.1999969482422,204.1999969482422,207.8000030517578,203.6999969482422,205.85000610351562,1169
2023-01-20,203.5,203.5,203.85000610351562,203.14999389648438,203.85000610351562,778
2023-01-23,204.39999389648438,204.39999389648438,207.0,202.8000030517578,204.0,791
2023-01-24,203.8000030517578,203.8000030517578,205.3000030517578,203.64999389648438,205.25,824
2023-01-25,204.10000610351562,204.10000610351562,205.0,203.5,204.39999389648438,631
2023-01-26,205.5,205.5,206.10000610351562,203.89999389648438,204.0500030517578,821
2023-01-27,205.75,205.75,206.5,205.39999389648438,205.5,589
2023-01-30,209.3000030517578,209.3000030517578,211.39999389648438,205.75,205.85000610351562,940
2023-01-31,219.1999969482422,219.1999969482422,219.3000030517578,209.0,209.4499969482422,1609
2023-02-01,229.1999969482422,229.1999969482422,229.1999969482422,220.5,220.5,2235
2023-02-02,239.10000610351562,239.10000610351562,244.75,230.5500030517578,230.5500030517578,2353
2023-02-03,241.75,241.75,245.14999389648438,231.64999389648438,240.85000610351562,1995
2023-02-06,243.14999389648438,243.14999389648438,244.1999969482422,236.8000030517578,239.10000610351562,887
2023-02-07,248.89999389648438,248.89999389648438,253.0,243.60000610351562,244.10000610351562,1151
2023-02-08,256.95001220703125,256.95001220703125,258.8999938964844,250.8000030517578,252.0,1102
2023-02-09,262.54998779296875,262.54998779296875,266.95001220703125,256.0,256.1499938964844,1966
2023-02-10,252.5500030517578,252.5500030517578,260.0,252.5500030517578,260.0,1716
2023-02-13,232.85000610351562,232.85000610351562,245.5500030517578,232.5500030517578,245.5500030517578,1948
2023-02-14,234.4499969482422,234.4499969482422,236.0,229.4499969482422,230.5,1527
2023-02-15,230.9499969482422,230.9499969482422,234.14999389648438,228.64999389648438,232.5,1053
2023-02-16,234.5500030517578,234.5500030517578,236.5,230.25,230.9499969482422,937
2023-02-17,240.1999969482422,240.1999969482422,240.5,234.8000030517578,235.5500030517578,1030
2023-02-21,236.10000610351562,236.10000610351562,239.9499969482422,233.4499969482422,239.14999389648438,877
2023-02-22,241.1999969482422,241.1999969482422,242.5,235.1999969482422,236.0500030517578,620
2023-02-23,243.5,243.5,246.5500030517578,240.75,241.89999389648438,451
2023-02-24,253.5,253.5,253.5,243.10000610351562,243.5500030517578,555
2023-02-27,273.5,273.5,273.5,256.3500061035156,256.5,421
2023-02-28,279.3500061035156,279.3500061035156,282.5,275.0,276.5,296
2023-03-01,269.3500061035156,269.3500061035156,282.5,266.5,280.95001220703125,92
2023-03-02,256.45001220703125,256.45001220703125,261.70001220703125,256.0,261.70001220703125,21
2023-03-03,258.1499938964844,258.1499938964844,258.0,258.0,258.0,3
2023-03-06,261.70001220703125,261.70001220703125,263.3500061035156,263.3500061035156,263.3500061035156,3
2023-03-07,269.79998779296875,269.79998779296875,268.0,264.0,264.0,8
2023-03-08,262.25,262.25,272.04998779296875,272.04998779296875,272.04998779296875,3
2023-03-09,273.25,273.25,270.0,270.0,270.0,4
2023-03-10,269.04998779296875,269.04998779296875,272.6000061035156,263.5,272.6000061035156,33
2023-03-13,263.1499938964844,263.1499938964844,263.1499938964844,263.1499938964844,263.1499938964844,589
2023-03-14,244.60000610351562,244.60000610351562,244.89999389648438,234.6999969482422,234.85000610351562,427
2023-03-15,240.14999389648438,240.14999389648438,245.60000610351562,239.0500030517578,244.60000610351562,533
2023-03-16,239.6999969482422,239.6999969482422,244.85000610351562,238.10000610351562,242.64999389648438,313
2023-03-17,242.5500030517578,242.5500030517578,244.1999969482422,237.5,243.85000610351562,340
2023-03-20,238.14999389648438,238.14999389648438,243.85000610351562,236.14999389648438,243.85000610351562,311
2023-03-21,238.5,238.5,240.39999389648438,235.5500030517578,238.0,318
2023-03-22,240.4499969482422,240.4499969482422,243.85000610351562,237.0500030517578,239.8000030517578,503
2023-03-23,243.9499969482422,243.9499969482422,244.64999389648438,239.0,240.5500030517578,392
2023-03-24,253.9499969482422,253.9499969482422,253.9499969482422,242.14999389648438,243.10000610351562,976
2023-03-27,252.5500030517578,252.5500030517578,259.8999938964844,245.60000610351562,254.9499969482422,575
2023-03-28,252.39999389648438,252.39999389648438,256.20001220703125,248.1999969482422,248.35000610351562,345
2023-03-29,262.3999938964844,262.3999938964844,262.3999938964844,254.3000030517578,255.25,452
2023-03-30,266.29998779296875,266.29998779296875,271.45001220703125,258.6000061035156,266.0,735
2023-03-31,269.5,269.5,272.1499938964844,263.1000061035156,265.5,582
2023-04-03,272.54998779296875,272.54998779296875,274.3500061035156,263.6499938964844,267.5,694
2023-04-04,276.70001220703125,276.70001220703125,280.8500061035156,273.0,273.3500061035156,721
2023-04-05,282.20001220703125,282.20001220703125,286.20001220703125,275.6000061035156,276.45001220703125,771
2023-04-06,275.5,275.5,285.70001220703125,272.29998779296875,284.25,0
2023-04-10,277.5,277.5,280.0,274.04998779296875,275.25,529
2023-04-11,284.8999938964844,284.8999938964844,287.5,276.1000061035156,279.5,936
2023-04-12,278.1000061035156,278.1000061035156,283.04998779296875,274.8999938964844,282.3999938964844,945
2023-04-13,280.3999938964844,280.3999938964844,282.20001220703125,276.79998779296875,279.95001220703125,852
2023-04-14,274.8500061035156,274.8500061035156,279.04998779296875,272.75,278.6499938964844,1762
2023-04-17,272.8500061035156,272.8500061035156,276.29998779296875,269.0,276.1499938964844,955
2023-04-18,274.1000061035156,274.1000061035156,280.25,271.6000061035156,272.8500061035156,962
2023-04-19,271.8500061035156,271.8500061035156,276.5,270.79998779296875,274.1000061035156,767
2023-04-20,274.3999938964844,274.3999938964844,278.29998779296875,271.70001220703125,272.8500061035156,1145
2023-04-21,275.3500061035156,275.3500061035156,282.8999938964844,274.25,274.8500061035156,498
2023-04-24,278.1499938964844,278.1499938964844,280.04998779296875,275.45001220703125,275.5,653
2023-04-25,286.29998779296875,286.29998779296875,287.8999938964844,278.5,279.0,426
2023-04-26,276.29998779296875,276.29998779296875,285.0,276.29998779296875,285.0,557
2023-04-27,270.1000061035156,270.1000061035156,272.5,261.5,272.5,267
2023-04-28,267.54998779296875,267.54998779296875,270.79998779296875,266.45001220703125,270.79998779296875,71
2023-05-01,271.8999938964844,271.8999938964844,275.1000061035156,271.20001220703125,275.1000061035156,18
2023-05-02,270.8999938964844,270.8999938964844,272.3500061035156,270.0,270.0,231
2023-05-03,274.45001220703125,274.45001220703125,274.3999938964844,270.0,270.0,10
2023-05-04,271.0,271.0,275.6000061035156,269.25,275.6000061035156,9
2023-05-05,274.20001220703125,274.20001220703125,274.20001220703125,274.20001220703125,274.20001220703125,20
2023-05-08,278.6000061035156,278.6000061035156,280.0,279.79998779296875,280.0,3
2023-05-09,266.29998779296875,266.29998779296875,275.0,265.0,275.0,5
2023-05-10,266.5,266.5,266.5,266.5,266.5,711
2023-05-11,249.14999389648438,249.14999389648438,253.3000030517578,248.0,248.3000030517578,325
2023-05-12,242.75,242.75,249.14999389648438,239.1999969482422,249.14999389648438,598
2023-05-15,250.89999389648438,250.89999389648438,252.75,241.0500030517578,243.25,804
2023-05-16,255.10000610351562,255.10000610351562,257.3500061035156,245.5,251.5,637
2023-05-17,251.9499969482422,251.9499969482422,255.1999969482422,250.3000030517578,255.10000610351562,196
2023-05-18,253.14999389648438,253.14999389648438,255.0,251.5500030517578,251.9499969482422,406
2023-05-19,258.20001220703125,258.20001220703125,259.45001220703125,253.0500030517578,253.0500030517578,430
2023-05-22,268.20001220703125,268.20001220703125,268.20001220703125,256.3999938964844,256.45001220703125,622
2023-05-23,286.79998779296875,286.79998779296875,287.8999938964844,270.0,270.0,1815
2023-05-24,293.8999938964844,293.8999938964844,295.8999938964844,278.95001220703125,285.75,1443
2023-05-25,290.5,290.5,295.0,288.75,293.45001220703125,677
2023-05-26,291.95001220703125,291.95001220703125,294.54998779296875,289.5,293.0,376
2023-05-30,282.29998779296875,282.29998779296875,292.5,281.95001220703125,291.8500061035156,491
2023-05-31,282.20001220703125,282.20001220703125,288.0,280.25,280.70001220703125,400
2023-06-01,283.54998779296875,283.54998779296875,286.20001220703125,275.79998779296875,284.25,503
2023-06-02,279.8999938964844,279.8999938964844,285.1000061035156,277.6000061035156,280.6000061035156,381
2023-06-05,274.1499938964844,274.1499938964844,280.5,272.5,279.25,786
2023-06-06,267.0,267.0,278.5,264.3999938964844,273.0,852
2023-06-07,257.6499938964844,257.6499938964844,266.6000061035156,257.0,266.6000061035156,940
2023-06-08,258.3500061035156,258.3500061035156,260.1000061035156,254.0500030517578,257.6499938964844,593
2023-06-09,257.95001220703125,257.95001220703125,263.3500061035156,257.04998779296875,259.95001220703125,636
2023-06-12,259.3999938964844,259.3999938964844,261.20001220703125,258.3500061035156,261.04998779296875,570
2023-06-13,254.0500030517578,254.0500030517578,259.79998779296875,253.10000610351562,259.79998779296875,865
2023-06-14,256.3999938964844,256.3999938964844,258.29998779296875,253.1999969482422,253.75,714
2023-06-15,266.3999938964844,266.3999938964844,266.3999938964844,257.1499938964844,257.1499938964844,736
2023-06-16,265.6499938964844,265.6499938964844,268.8500061035156,260.6499938964844,268.8500061035156,1033
2023-06-20,267.54998779296875,267.54998779296875,268.75,264.20001220703125,266.8999938964844,931
2023-06-21,257.54998779296875,257.54998779296875,268.8500061035156,257.54998779296875,268.8500061035156,670
2023-06-22,267.20001220703125,267.20001220703125,268.1000061035156,255.85000610351562,257.54998779296875,1058
2023-06-23,263.3500061035156,263.3500061035156,266.6499938964844,260.79998779296875,266.0,402
2023-06-26,265.1000061035156,265.1000061035156,271.8999938964844,263.3500061035156,263.3500061035156,662
2023-06-27,266.20001220703125,266.20001220703125,268.75,265.0,265.20001220703125,349
2023-06-28,264.25,264.25,268.5,259.54998779296875,266.29998779296875,292
2023-06-29,274.25,274.25,274.25,268.5,268.5,83
2023-06-30,271.75,271.75,282.0,273.0,275.3999938964844,131
2023-07-03,278.0,278.0,277.0,275.5,277.0,5
2023-07-05,285.25,285.25,286.0,285.75,286.0,81
2023-07-06,288.04998779296875,288.04998779296875,287.3999938964844,287.3999938964844,287.3999938964844,15
2023-07-07,295.8999938964844,295.8999938964844,296.3999938964844,295.0,295.0,3
2023-07-10,296.0,296.0,296.5,294.0,296.0,48
2023-07-11,298.5,298.5,305.5,303.0,304.0,490
2023-07-12,272.3999938964844,272.3999938964844,274.6000061035156,267.04998779296875,267.04998779296875,572
2023-07-13,271.25,271.25,273.6000061035156,266.54998779296875,271.75,248
2023-07-14,272.5,272.5,274.04998779296875,268.6499938964844,271.25,423
2023-07-17,273.8999938964844,273.8999938964844,275.3999938964844,272.5,272.5,289
2023-07-18,282.29998779296875,282.29998779296875,282.75,273.8999938964844,273.8999938964844,817
2023-07-19,287.70001220703125,287.70001220703125,291.3999938964844,280.54998779296875,281.29998779296875,558
2023-07-20,290.3500061035156,290.3500061035156,291.54998779296875,286.8500061035156,286.8999938964844,558
2023-07-21,299.8999938964844,299.8999938964844,300.3500061035156,291.20001220703125,291.45001220703125,735
2023-07-24,305.70001220703125,305.70001220703125,309.8999938964844,299.1000061035156,299.1000061035156,704
2023-07-25,309.6499938964844,309.6499938964844,312.0,301.5,305.29998779296875,467
2023-07-26,315.3999938964844,315.3999938964844,316.95001220703125,308.04998779296875,310.1499938964844,441
2023-07-27,317.1000061035156,317.1000061035156,318.8500061035156,313.1499938964844,316.29998779296875,420
2023-07-28,316.8500061035156,316.8500061035156,317.75,311.1499938964844,317.1000061035156,431
2023-07-31,316.20001220703125,316.20001220703125,319.3999938964844,310.1000061035156,317.75,474
2023-08-01,312.5,312.5,316.1499938964844,310.79998779296875,315.8500061035156,312
2023-08-02,302.5,302.5,312.1499938964844,302.5,312.0,496
2023-08-03,299.25,299.25,301.25,295.29998779296875,301.0,597
2023-08-04,301.3999938964844,301.3999938964844,306.25,298.3500061035156,299.45001220703125,444
2023-08-07,305.1499938964844,305.1499938964844,308.6499938964844,302.54998779296875,302.54998779296875,261
2023-08-08,296.95001220703125,296.95001220703125,306.8500061035156,295.6000061035156,304.70001220703125,768
2023-08-09,300.54998779296875,300.54998779296875,306.95001220703125,295.8500061035156,295.8999938964844,432
2023-08-10,300.45001220703125,300.45001220703125,302.95001220703125,298.0,301.95001220703125,300
2023-08-11,302.04998779296875,302.04998779296875,304.75,298.25,302.0,545
2023-08-14,301.04998779296875,301.04998779296875,306.3999938964844,298.8500061035156,301.79998779296875,820
2023-08-15,311.04998779296875,311.04998779296875,311.04998779296875,299.5,299.75,869
2023-08-16,331.04998779296875,331.04998779296875,331.04998779296875,313.0,313.45001220703125,1263
2023-08-17,316.8500061035156,316.8500061035156,341.1499938964844,315.29998779296875,333.25,1145
2023-08-18,326.3999938964844,326.3999938964844,326.8500061035156,316.8500061035156,316.8500061035156,1014
2023-08-21,320.20001220703125,320.20001220703125,332.8500061035156,318.0,330.0,769
2023-08-22,318.04998779296875,318.04998779296875,320.75,312.04998779296875,320.3999938964844,1024
2023-08-23,319.04998779296875,319.04998779296875,320.1000061035156,316.04998779296875,317.04998779296875,666
2023-08-24,315.54998779296875,315.54998779296875,325.29998779296875,314.0,319.70001220703125,385
2023-08-25,324.04998779296875,324.04998779296875,325.3999938964844,316.20001220703125,318.8500061035156,491
2023-08-28,321.8999938964844,321.8999938964844,330.95001220703125,316.0,328.0,356
2023-08-29,324.29998779296875,324.29998779296875,331.70001220703125,318.5,318.5,328
2023-08-30,334.29998779296875,334.29998779296875,334.29998779296875,327.04998779296875,329.70001220703125,125
2023-08-31,328.1499938964844,328.1499938964844,340.6000061035156,328.0,334.25,55
2023-09-01,327.3500061035156,327.3500061035156,329.5,328.0,328.0,4
2023-09-05,332.1499938964844,332.1499938964844,333.0,326.04998779296875,326.04998779296875,7
2023-09-06,346.1499938964844,346.1499938964844,350.0,345.0,349.95001220703125,34
2023-09-07,350.95001220703125,350.95001220703125,350.8999938964844,348.0,350.04998779296875,17
2023-09-08,349.6000061035156,349.6000061035156,390.0,349.8999938964844,355.0,140
2023-09-11,343.45001220703125,343.45001220703125,343.45001220703125,343.45001220703125,343.45001220703125,575
2023-09-12,331.5,331.5,333.6499938964844,325.5,327.8500061035156,432
2023-09-13,325.70001220703125,325.70001220703125,333.0,325.0,333.0,351
2023-09-14,331.20001220703125,331.20001220703125,332.0,326.75,326.79998779296875,443
2023-09-15,331.25,331.25,333.8999938964844,328.25,332.25,414
2023-09-18,339.04998779296875,339.04998779296875,341.25,330.70001220703125,332.29998779296875,734
2023-09-19,340.0,340.0,347.0,337.20001220703125,341.04998779296875,590
2023-09-20,343.3999938964844,343.3999938964844,344.1000061035156,338.25,340.0,257
2023-09-21,340.54998779296875,340.54998779296875,345.79998779296875,337.25,345.79998779296875,274
2023-09-22,341.6000061035156,341.6000061035156,345.70001220703125,339.3500061035156,341.1499938964844,218
2023-09-25,339.3999938964844,339.3999938964844,343.1499938964844,338.29998779296875,341.79998779296875,266
2023-09-26,349.3999938964844,349.3999938964844,349.3999938964844,339.75,340.45001220703125,476
2023-09-27,355.1000061035156,355.1000061035156,369.0,348.5,351.6499938964844,824
2023-09-28,345.79998779296875,345.79998779296875,358.45001220703125,345.1000061035156,354.8500061035156,515
2023-09-29,349.75,349.75,351.95001220703125,341.04998779296875,344.6499938964844,445
2023-10-02,354.79998779296875,354.79998779296875,359.75,351.6000061035156,352.0,501
2023-10-03,356.20001220703125,356.20001220703125,359.04998779296875,348.25,355.04998779296875,329
2023-10-04,365.95001220703125,365.95001220703125,366.20001220703125,352.6000061035156,354.0,632
2023-10-05,375.95001220703125,375.95001220703125,375.95001220703125,365.6499938964844,366.25,531
2023-10-06,377.20001220703125,377.20001220703125,383.20001220703125,374.1499938964844,379.5,711
2023-10-09,375.6499938964844,375.6499938964844,382.25,373.25,376.1000061035156,600
2023-10-10,381.1499938964844,381.1499938964844,384.45001220703125,373.0,373.0,996
2023-10-11,378.04998779296875,378.04998779296875,384.1499938964844,376.6000061035156,377.29998779296875,610
2023-10-12,385.25,385.25,388.0,377.0,377.3999938964844,826
2023-10-13,385.8999938964844,385.8999938964844,390.75,378.29998779296875,388.0,731
2023-10-16,382.70001220703125,382.70001220703125,391.79998779296875,381.70001220703125,388.6499938964844,992
2023-10-17,384.8999938964844,384.8999938964844,385.70001220703125,382.45001220703125,383.75,862
2023-10-18,379.8500061035156,379.8500061035156,387.0,379.3999938964844,384.04998779296875,1122
2023-10-19,385.3500061035156,385.3500061035156,386.6499938964844,379.25,379.5,1121
2023-10-20,391.20001220703125,391.20001220703125,395.25,382.0,385.3500061035156,1093
2023-10-23,389.04998779296875,389.04998779296875,398.6000061035156,387.5,390.8500061035156,855
2023-10-24,390.79998779296875,390.79998779296875,395.45001220703125,390.0,391.1000061035156,370
2023-10-25,393.45001220703125,393.45001220703125,397.5,391.5,391.5,547
2023-10-26,396.8500061035156,396.8500061035156,399.79998779296875,395.25,396.75,458
2023-10-27,401.95001220703125,401.95001220703125,403.20001220703125,394.0,395.04998779296875,199
2023-10-30,411.95001220703125,411.95001220703125,411.95001220703125,402.04998779296875,402.5,112
2023-10-31,417.70001220703125,417.70001220703125,431.95001220703125,414.95001220703125,428.5,493
2023-11-01,408.95001220703125,408.95001220703125,414.0,409.0,414.0,48
2023-11-02,378.1499938964844,378.1499938964844,398.0,378.0,398.0,47
2023-11-03,374.3500061035156,374.3500061035156,379.0,371.45001220703125,372.5,51
2023-11-06,387.04998779296875,387.04998779296875,377.5,377.5,377.5,8
2023-11-07,392.5,392.5,398.45001220703125,391.0,398.45001220703125,4
2023-11-08,406.8500061035156,406.8500061035156,410.0,395.0,395.0,10
2023-11-09,410.1499938964844,410.1499938964844,415.8999938964844,415.8999938964844,415.8999938964844,675
2023-11-10,371.6499938964844,371.6499938964844,375.3999938964844,368.25,373.0,453
2023-11-13,379.20001220703125,379.20001220703125,381.04998779296875,371.8500061035156,372.75,455
2023-11-14,389.20001220703125,389.20001220703125,389.20001220703125,379.25,381.0,698
2023-11-15,398.0,398.0,405.8500061035156,390.95001220703125,391.75,934
2023-11-16,408.0,408.0,408.0,400.0,400.0,431
2023-11-17,415.79998779296875,415.79998779296875,419.8999938964844,404.95001220703125,412.1000061035156,1233
2023-11-20,425.79998779296875,425.79998779296875,425.79998779296875,417.04998779296875,418.20001220703125,524
2023-11-21,415.79998779296875,415.79998779296875,428.79998779296875,407.3999938964844,428.3999938964844,722
2023-11-22,420.70001220703125,420.70001220703125,422.6499938964844,410.3999938964844,414.0,480
2023-11-23,420.70001220703125,420.70001220703125,422.6499938964844,410.3999938964844,414.0,480
2023-11-24,411.1000061035156,411.1000061035156,420.70001220703125,410.70001220703125,420.6000061035156,322
2023-11-27,404.29998779296875,404.29998779296875,416.1499938964844,403.29998779296875,411.8999938964844,523
2023-11-28,414.29998779296875,414.29998779296875,414.29998779296875,398.04998779296875,404.25,472
2023-11-29,411.0,411.0,418.45001220703125,408.79998779296875,416.5,461
2023-11-30,401.0,401.0,408.54998779296875,401.0,408.54998779296875,480
2023-12-01,394.20001220703125,394.20001220703125,400.45001220703125,388.54998779296875,397.1499938964844,732
2023-12-04,384.20001220703125,384.20001220703125,404.20001220703125,384.20001220703125,396.04998779296875,632
2023-12-05,366.25,366.25,382.04998779296875,364.20001220703125,377.75,1563
2023-12-06,361.79998779296875,361.79998779296875,373.8500061035156,360.6000061035156,367.79998779296875,1422
2023-12-07,371.79998779296875,371.79998779296875,371.79998779296875,363.0,365.29998779296875,529
2023-12-08,371.3500061035156,371.3500061035156,379.3500061035156,369.0,374.95001220703125,959
2023-12-11,381.3500061035156,381.3500061035156,381.3500061035156,371.04998779296875,372.04998779296875,1084
2023-12-12,371.04998779296875,371.04998779296875,385.75,364.75,382.3500061035156,984
2023-12-13,362.6499938964844,362.6499938964844,371.3999938964844,361.1000061035156,369.3999938964844,1727
2023-12-14,372.6499938964844,372.6499938964844,372.6499938964844,363.70001220703125,364.1000061035156,863
2023-12-15,371.04998779296875,371.04998779296875,379.3999938964844,369.45001220703125,372.75,1409
2023-12-18,372.6499938964844,372.6499938964844,373.25,365.0,371.3500061035156,923
2023-12-19,364.20001220703125,364.20001220703125,375.70001220703125,363.1000061035156,373.29998779296875,860
2023-12-20,354.20001220703125,354.20001220703125,363.70001220703125,354.20001220703125,363.04998779296875,930
2023-12-21,344.20001220703125,344.20001220703125,352.0,344.20001220703125,351.70001220703125,424
2023-12-22,328.6499938964844,328.6499938964844,340.20001220703125,324.20001220703125,340.20001220703125,887
2023-12-26,326.3500061035156,326.3500061035156,338.6499938964844,322.1000061035156,334.1499938964844,479
2023-12-27,325.6000061035156,325.6000061035156,331.79998779296875,324.75,327.79998779296875,187
2023-12-28,330.20001220703125,330.20001220703125,331.29998779296875,323.70001220703125,324.75,114
2023-12-29,320.20001220703125,320.20001220703125,340.20001220703125,320.3999938964844,333.0,72
2024-01-02,342.5,342.5,336.54998779296875,325.0,325.0,12
2024-01-03,348.04998779296875,348.04998779296875,348.5,344.8500061035156,346.45001220703125,7
2024-01-04,335.20001220703125,335.20001220703125,335.20001220703125,335.20001220703125,335.20001220703125,3
2024-01-05,338.0,338.0,338.0,338.0,338.0,0
2024-01-08,338.04998779296875,338.04998779296875,338.0,338.0,338.0,4
2024-01-09,331.20001220703125,331.20001220703125,331.8999938964844,331.0,331.20001220703125,7
2024-01-10,324.79998779296875,324.79998779296875,324.79998779296875,324.79998779296875,324.79998779296875,821
2024-01-11,305.6000061035156,305.6000061035156,306.75,291.54998779296875,296.0,898
2024-01-12,304.70001220703125,304.70001220703125,309.8999938964844,302.04998779296875,305.04998779296875,404
2024-01-16,299.04998779296875,299.04998779296875,304.6000061035156,297.6000061035156,304.6000061035156,865
2024-01-17,290.6499938964844,290.6499938964844,299.79998779296875,290.0,298.0,963
2024-01-18,297.70001220703125,297.70001220703125,299.5,289.75,290.25,886
2024-01-19,307.70001220703125,307.70001220703125,307.70001220703125,296.8999938964844,299.3999938964844,690
2024-01-22,308.3500061035156,308.3500061035156,319.75,303.6000061035156,308.20001220703125,728
2024-01-23,307.95001220703125,307.95001220703125,316.54998779296875,306.45001220703125,308.3999938964844,496
2024-01-24,311.1000061035156,311.1000061035156,313.5,308.04998779296875,309.6499938964844,508
2024-01-25,307.25,307.25,311.1499938964844,304.1000061035156,311.1499938964844,557
2024-01-26,317.25,317.25,317.25,307.29998779296875,307.45001220703125,465
2024-01-29,337.25,337.25,337.25,320.1000061035156,321.6000061035156,1215
2024-01-30,352.45001220703125,352.45001220703125,353.5,332.3500061035156,340.0,1429
2024-01-31,356.79998779296875,356.79998779296875,360.6000061035156,344.6000061035156,352.20001220703125,957
2024-02-01,366.79998779296875,366.79998779296875,366.79998779296875,355.29998779296875,356.45001220703125,833
2024-02-02,381.54998779296875,381.54998779296875,386.79998779296875,365.75,366.0,1768
2024-02-05,374.3999938964844,374.3999938964844,378.29998779296875,371.54998779296875,378.25,1054
2024-02-06,380.95001220703125,380.95001220703125,382.04998779296875,373.1499938964844,375.0,951
2024-02-07,390.95001220703125,390.95001220703125,390.95001220703125,379.6499938964844,380.8500061035156,361
2024-02-08,383.6499938964844,383.6499938964844,404.8999938964844,376.79998779296875,394.70001220703125,1635
2024-02-09,373.6499938964844,373.6499938964844,383.20001220703125,373.6499938964844,383.1499938964844,415
2024-02-12,353.6499938964844,353.6499938964844,369.79998779296875,353.6499938964844,369.79998779296875,1320
2024-02-13,351.6000061035156,351.6000061035156,361.29998779296875,347.04998779296875,350.6499938964844,1656
2024-02-14,361.6000061035156,361.6000061035156,361.6000061035156,350.3999938964844,351.8500061035156,719
2024-02-15,364.6499938964844,364.6499938964844,372.8999938964844,359.1499938964844,364.8500061035156,937
2024-02-16,371.3999938964844,371.3999938964844,374.6499938964844,361.29998779296875,365.6000061035156,1542
2024-02-20,372.79998779296875,372.79998779296875,381.3999938964844,371.0,371.8500061035156,1021
2024-02-21,362.79998779296875,362.79998779296875,371.8999938964844,362.79998779296875,371.8999938964844,783
2024-02-22,369.45001220703125,369.45001220703125,370.1499938964844,348.95001220703125,356.20001220703125,548
2024-02-23,375.8999938964844,375.8999938964844,379.45001220703125,359.45001220703125,364.79998779296875,605
2024-02-26,378.95001220703125,378.95001220703125,385.8999938964844,371.5,378.29998779296875,471
2024-02-27,368.95001220703125,368.95001220703125,377.3999938964844,368.95001220703125,376.95001220703125,314
2024-02-28,348.95001220703125,348.95001220703125,364.29998779296875,348.95001220703125,364.29998779296875,270
2024-02-29,355.8500061035156,355.8500061035156,352.0,343.0,349.6499938964844,341
2024-03-01,355.3999938964844,355.3999938964844,357.70001220703125,352.5,356.25,70
2024-03-04,361.25,361.25,361.25,361.25,361.25,35
2024-03-05,362.79998779296875,362.79998779296875,362.79998779296875,362.79998779296875,362.79998779296875,0
2024-03-06,383.0,383.0,393.1000061035156,385.0,393.1000061035156,9
2024-03-07,367.1499938964844,367.1499938964844,380.0,368.5,380.0,3
2024-03-08,357.1499938964844,357.1499938964844,357.1499938964844,357.1499938964844,357.1499938964844,417
2024-03-11,353.8999938964844,353.8999938964844,368.8500061035156,350.5,357.70001220703125,863
2024-03-12,354.75,354.75,359.95001220703125,349.0,358.25,983
2024-03-13,364.20001220703125,364.20001220703125,364.75,354.79998779296875,354.79998779296875,596
2024-03-14,360.54998779296875,360.54998779296875,366.5,356.79998779296875,365.0,458
2024-03-15,370.45001220703125,370.45001220703125,370.54998779296875,358.75,360.1000061035156,586
2024-03-18,360.45001220703125,360.45001220703125,371.29998779296875,360.45001220703125,370.45001220703125,478
2024-03-19,357.8500061035156,357.8500061035156,361.0,354.70001220703125,358.3999938964844,591
2024-03-20,347.8500061035156,347.8500061035156,362.25,347.8500061035156,358.95001220703125,911
2024-03-21,358.3999938964844,358.3999938964844,367.8500061035156,346.5,346.5,997
2024-03-22,367.70001220703125,367.70001220703125,368.3999938964844,357.3500061035156,358.54998779296875,537
2024-03-25,370.95001220703125,370.95001220703125,376.0,366.3500061035156,368.20001220703125,782
2024-03-26,373.1000061035156,373.1000061035156,377.0,371.45001220703125,373.1000061035156,416
2024-03-27,370.29998779296875,370.29998779296875,375.8999938964844,363.20001220703125,374.0,731
2024-03-28,363.25,363.25,369.95001220703125,360.29998779296875,369.95001220703125,728
2024-04-01,373.25,373.25,373.25,358.20001220703125,360.6000061035156,632
2024-04-02,368.75,368.75,375.0,367.3500061035156,375.0,544
2024-04-03,371.8999938964844,371.8999938964844,374.3999938964844,363.79998779296875,368.95001220703125,542
2024-04-04,370.29998779296875,370.29998779296875,373.54998779296875,366.5,373.54998779296875,449
2024-04-05,360.29998779296875,360.29998779296875,370.6499938964844,360.29998779296875,367.54998779296875,675
2024-04-08,355.79998779296875,355.79998779296875,363.95001220703125,354.0,359.45001220703125,913
2024-04-09,365.79998779296875,365.79998779296875,365.79998779296875,354.0,354.1499938964844,773
2024-04-10,374.70001220703125,374.70001220703125,380.25,364.25,368.0,1176
2024-04-11,364.70001220703125,364.70001220703125,376.0,364.70001220703125,372.0,417
2024-04-12,369.5,369.5,370.5,360.6499938964844,363.0,670
2024-04-15,374.04998779296875,374.04998779296875,376.70001220703125,369.25,369.8500061035156,1378
2024-04-16,364.04998779296875,364.04998779296875,372.75,364.04998779296875,372.75,819
2024-04-17,362.8500061035156,362.8500061035156,366.04998779296875,357.1499938964844,362.45001220703125,794
2024-04-18,359.5,359.5,368.6000061035156,358.0,363.0,1191
2024-04-19,357.75,357.75,362.70001220703125,356.0,359.54998779296875,1526
2024-04-22,367.75,367.75,367.70001220703125,359.04998779296875,359.6499938964844,1061
2024-04-23,359.5,359.5,367.70001220703125,357.75,366.70001220703125,830
2024-04-24,369.5,369.5,369.5,357.1000061035156,357.8500061035156,523
2024-04-25,379.5,379.5,379.5,368.25,370.25,496
2024-04-26,387.95001220703125,387.95001220703125,389.45001220703125,370.0,387.8500061035156,254
2024-04-29,377.95001220703125,377.95001220703125,397.0,377.95001220703125,387.8999938964844,107
2024-04-30,382.25,382.25,380.0,375.8999938964844,375.8999938964844,41
2024-05-01,393.5,393.5,391.29998779296875,391.29998779296875,391.29998779296875,19
2024-05-02,392.8999938964844,392.8999938964844,394.75,391.29998779296875,391.5,5
2024-05-03,390.0,390.0,390.0,390.0,390.0,0
2024-05-06,386.75,386.75,386.75,386.75,386.75,0
2024-05-07,392.1499938964844,392.1499938964844,390.75,390.5,390.75,31
2024-05-08,392.95001220703125,392.95001220703125,392.95001220703125,392.95001220703125,392.95001220703125,0
2024-05-09,402.95001220703125,402.95001220703125,402.95001220703125,402.95001220703125,402.95001220703125,0
2024-05-10,407.1000061035156,407.1000061035156,407.1000061035156,407.1000061035156,407.1000061035156,2359
2024-05-13,404.20001220703125,404.20001220703125,404.20001220703125,395.0,395.0,782
2024-05-14,424.20001220703125,424.20001220703125,424.20001220703125,406.0,409.20001220703125,1264
2024-05-15,428.5,428.5,437.75,417.20001220703125,425.8500061035156,1352
2024-05-16,438.5,438.5,438.5,429.1000061035156,429.1000061035156,761
2024-05-17,448.45001220703125,448.45001220703125,448.95001220703125,433.5,440.20001220703125,1156
2024-05-20,445.95001220703125,445.95001220703125,453.25,440.79998779296875,447.8999938964844,932
2024-05-21,455.95001220703125,455.95001220703125,455.95001220703125,446.04998779296875,447.25,702
2024-05-22,463.3999938964844,463.3999938964844,471.0,456.04998779296875,456.04998779296875,956
2024-05-23,466.5,466.5,469.8999938964844,463.0,463.3999938964844,788
2024-05-24,476.5,476.5,476.5,466.5,468.20001220703125,866
2024-05-28,487.20001220703125,487.20001220703125,495.25,477.95001220703125,478.79998779296875,1516
2024-05-29,477.20001220703125,477.20001220703125,493.6499938964844,477.20001220703125,483.1000061035156,1046
2024-05-30,457.20001220703125,457.20001220703125,468.5,457.20001220703125,468.5,933
2024-05-31,437.20001220703125,437.20001220703125,451.70001220703125,437.20001220703125,451.70001220703125,968
2024-06-03,457.20001220703125,457.20001220703125,457.20001220703125,436.45001220703125,440.6499938964844,644
2024-06-04,441.0,441.0,473.6000061035156,439.8999938964844,459.04998779296875,1168
2024-06-05,431.75,431.75,447.6499938964844,431.0,439.75,1355
2024-06-06,441.75,441.75,441.75,436.0,439.25,293
2024-06-07,423.75,423.75,447.5,421.75,447.5,1484
2024-06-10,429.3500061035156,429.3500061035156,436.04998779296875,416.95001220703125,421.0,1129
2024-06-11,409.6000061035156,409.6000061035156,435.70001220703125,409.3500061035156,431.54998779296875,1367
2024-06-12,425.95001220703125,425.95001220703125,429.6000061035156,409.3999938964844,411.54998779296875,1295
2024-06-13,411.29998779296875,411.29998779296875,426.79998779296875,406.04998779296875,425.6499938964844,1357
2024-06-14,422.3999938964844,422.3999938964844,424.54998779296875,410.04998779296875,413.0,793
2024-06-17,429.20001220703125,429.20001220703125,434.0,422.54998779296875,423.04998779296875,725
2024-06-18,413.6499938964844,413.6499938964844,434.95001220703125,412.79998779296875,427.29998779296875,1480
2024-06-20,422.25,422.25,428.1499938964844,410.6499938964844,413.6499938964844,2272
2024-06-21,427.8500061035156,427.8500061035156,432.1000061035156,413.3500061035156,422.04998779296875,1149
2024-06-24,426.6000061035156,426.6000061035156,429.8500061035156,418.25,425.6499938964844,734
2024-06-25,435.6499938964844,435.6499938964844,437.0,422.79998779296875,422.79998779296875,510
2024-06-26,423.75,423.75,436.0,422.5,435.6499938964844,499
2024-06-27,427.75,427.75,430.29998779296875,423.75,423.75,140
2024-06-28,432.70001220703125,432.70001220703125,440.5,419.8999938964844,419.8999938964844,73
2024-07-01,434.0,434.0,430.0,420.0,430.0,11
2024-07-02,445.54998779296875,445.54998779296875,432.75,430.6499938964844,430.6499938964844,44
2024-07-03,436.75,436.75,436.75,436.75,436.75,81
2024-07-05,444.5,444.5,456.3999938964844,456.3999938964844,456.3999938964844,155
2024-07-08,460.04998779296875,460.04998779296875,461.0,461.0,461.0,2
2024-07-09,474.75,474.75,478.0,473.0,478.0,5
2024-07-10,475.3999938964844,475.3999938964844,483.45001220703125,483.45001220703125,483.45001220703125,3
2024-07-11,455.3999938964844,455.3999938964844,455.3999938964844,455.3999938964844,455.3999938964844,883
2024-07-12,449.79998779296875,449.79998779296875,452.79998779296875,432.25,441.54998779296875,916
2024-07-15,451.6000061035156,451.6000061035156,454.6000061035156,442.95001220703125,450.6499938964844,643
2024-07-16,450.25,450.25,454.04998779296875,440.6499938964844,446.54998779296875,669
2024-07-17,430.3500061035156,430.3500061035156,449.0,430.25,448.3999938964844,790
2024-07-18,432.3500061035156,432.3500061035156,437.5,425.0,430.04998779296875,588
2024-07-19,433.20001220703125,433.20001220703125,435.70001220703125,425.54998779296875,431.75,522
2024-07-22,439.45001220703125,439.45001220703125,446.5,426.45001220703125,433.20001220703125,529
2024-07-23,433.1499938964844,433.1499938964844,442.20001220703125,430.0,440.79998779296875,432
2024-07-24,423.95001220703125,423.95001220703125,437.3500061035156,423.5,431.25,920
2024-07-25,420.1000061035156,420.1000061035156,427.5,419.20001220703125,423.20001220703125,1269
2024-07-26,433.79998779296875,433.79998779296875,435.79998779296875,419.5,419.5,891
2024-07-29,428.25,428.25,434.79998779296875,423.8500061035156,434.54998779296875,660
2024-07-30,425.3500061035156,425.3500061035156,434.04998779296875,422.6000061035156,428.54998779296875,450
2024-07-31,420.8999938964844,420.8999938964844,429.45001220703125,419.29998779296875,427.3999938964844,629
2024-08-01,420.75,420.75,425.75,418.29998779296875,419.3999938964844,579
2024-08-02,422.95001220703125,422.95001220703125,424.8500061035156,417.20001220703125,419.5,811
2024-08-05,417.3500061035156,417.3500061035156,427.75,414.29998779296875,417.8500061035156,1072
2024-08-06,430.6499938964844,430.6499938964844,434.3500061035156,415.3999938964844,420.8500061035156,1072
2024-08-07,442.3999938964844,442.3999938964844,448.8999938964844,426.8999938964844,431.5,1266
2024-08-08,442.5,442.5,447.3500061035156,438.04998779296875,438.04998779296875,938
2024-08-09,422.70001220703125,422.70001220703125,445.0,422.5,442.5,1084
2024-08-12,426.5,426.5,432.3500061035156,420.20001220703125,422.0,893
2024-08-13,436.5,436.5,441.20001220703125,428.0,428.0,913
2024-08-14,444.25,444.25,446.6000061035156,430.54998779296875,438.79998779296875,896
2024-08-15,459.6499938964844,459.6499938964844,460.1499938964844,438.0,443.1000061035156,1491
2024-08-16,457.25,457.25,459.6499938964844,452.1000061035156,459.29998779296875,1026
2024-08-19,450.6000061035156,450.6000061035156,463.5,438.79998779296875,460.20001220703125,1415
2024-08-20,453.1499938964844,453.1499938964844,457.1499938964844,446.8500061035156,454.95001220703125,1083
2024-08-21,473.1499938964844,473.1499938964844,473.1499938964844,453.20001220703125,454.70001220703125,828
2024-08-22,493.1499938964844,493.1499938964844,493.1499938964844,470.1499938964844,470.8999938964844,780
2024-08-23,505.6000061035156,505.6000061035156,514.6500244140625,491.70001220703125,508.1499938964844,473
2024-08-26,488.54998779296875,488.54998779296875,525.1500244140625,485.70001220703125,505.95001220703125,717
2024-08-27,468.54998779296875,468.54998779296875,488.04998779296875,468.54998779296875,487.8500061035156,327
2024-08-28,468.5,468.5,488.29998779296875,452.3999938964844,467.75,499
2024-08-29,485.20001220703125,485.20001220703125,485.0,469.6000061035156,484.0,93
2024-08-30,496.6000061035156,496.6000061035156,501.8500061035156,478.3999938964844,478.95001220703125,48
2024-09-03,518.0499877929688,518.0499877929688,516.75,499.5,504.04998779296875,11
2024-09-04,529.7999877929688,529.7999877929688,526.8499755859375,516.75,516.75,4
2024-09-05,549.75,549.75,549.75,549.75,549.75,1
2024-09-06,555.5,555.5,555.5,555.5,555.5,1
2024-09-09,549.9500122070312,549.9500122070312,589.0,575.0,579.5,4
2024-09-10,513.5,513.5,509.0,509.0,509.0,803
2024-09-11,482.25,482.25,501.0,481.79998779296875,501.0,724
2024-09-12,474.1499938964844,474.1499938964844,485.95001220703125,471.75,481.95001220703125,679
2024-09-13,483.1000061035156,483.1000061035156,484.8500061035156,476.04998779296875,477.04998779296875,373
2024-09-16,481.6499938964844,481.6499938964844,488.0,474.0,483.1000061035156,415
2024-09-17,485.70001220703125,485.70001220703125,492.0,484.54998779296875,484.54998779296875,423
2024-09-18,496.1499938964844,496.1499938964844,497.0,485.95001220703125,485.95001220703125,572
2024-09-19,476.1499938964844,476.1499938964844,492.29998779296875,476.1499938964844,492.29998779296875,607
2024-09-20,490.8500061035156,490.8500061035156,492.0,476.70001220703125,478.75,622
2024-09-23,474.5,474.5,491.8500061035156,470.8500061035156,491.8500061035156,925
2024-09-24,489.04998779296875,489.04998779296875,491.5,474.54998779296875,481.3500061035156,699
2024-09-25,489.1499938964844,489.1499938964844,491.5,482.1000061035156,491.1499938964844,357
2024-09-26,475.29998779296875,475.29998779296875,490.95001220703125,471.5,489.25,1008
2024-09-27,470.20001220703125,470.20001220703125,479.95001220703125,467.0,472.0,909
2024-09-30,461.04998779296875,461.04998779296875,481.0,454.1499938964844,473.6000061035156,1313
2024-10-01,471.45001220703125,471.45001220703125,480.0,460.5,460.5,882
2024-10-02,465.95001220703125,465.95001220703125,469.5,458.70001220703125,468.1000061035156,597
2024-10-03,469.6000061035156,469.6000061035156,472.1499938964844,463.95001220703125,467.8500061035156,428
2024-10-04,468.6499938964844,468.6499938964844,471.25,464.04998779296875,468.3999938964844,500
2024-10-07,483.25,483.25,488.54998779296875,472.3500061035156,472.5,1534
2024-10-08,475.8999938964844,475.8999938964844,491.25,472.6499938964844,486.29998779296875,784
2024-10-09,477.20001220703125,477.20001220703125,482.3999938964844,473.70001220703125,479.8999938964844,789
2024-10-10,459.20001220703125,459.20001220703125,477.6000061035156,457.6000061035156,476.0,1488
2024-10-11,479.20001220703125,479.20001220703125,479.20001220703125,458.04998779296875,458.1000061035156,1134
2024-10-14,495.8999938964844,495.8999938964844,496.1000061035156,479.79998779296875,479.79998779296875,1201
2024-10-15,496.54998779296875,496.54998779296875,509.6000061035156,485.1499938964844,494.95001220703125,1627
2024-10-16,501.3999938964844,501.3999938964844,506.25,486.6000061035156,491.5,1280
2024-10-17,493.75,493.75,504.1000061035156,489.8999938964844,503.79998779296875,1232
2024-10-18,480.0,480.0,494.75,473.8500061035156,494.75,1587
2024-10-21,499.25,499.25,500.0,472.6499938964844,474.0,1684
2024-10-22,487.0,487.0,500.0,484.20001220703125,499.8500061035156,832
2024-10-23,500.1000061035156,500.1000061035156,502.6499938964844,480.0,487.0,505
2024-10-24,506.95001220703125,506.95001220703125,509.6499938964844,500.04998779296875,500.04998779296875,267
2024-10-25,525.8499755859375,525.8499755859375,526.9500122070312,506.5,506.5,383
2024-10-28,530.9500122070312,530.9500122070312,533.6500244140625,514.7999877929688,530.5,223
2024-10-29,511.5,511.5,523.0,510.95001220703125,523.0,322
2024-10-30,505.3500061035156,505.3500061035156,527.0,500.0,525.0,164
2024-10-31,529.75,529.75,539.0,510.0,522.75,13
2024-11-01,543.7999877929688,543.7999877929688,542.0,529.0,540.0,12
2024-11-04,528.4000244140625,528.4000244140625,529.0,529.0,529.0,19
2024-11-05,511.75,511.75,525.0,520.0,525.0,11
2024-11-06,516.2999877929688,516.2999877929688,512.0,512.0,512.0,9
2024-11-07,519.8499755859375,519.8499755859375,522.0,520.0,522.0,3
2024-11-08,526.6500244140625,526.6500244140625,526.6500244140625,526.6500244140625,526.6500244140625,714
2024-11-11,473.1499938964844,473.1499938964844,481.6499938964844,472.0,473.5,595
2024-11-12,478.75,478.75,481.6499938964844,472.25,474.25,696
2024-11-13,470.70001220703125,470.70001220703125,485.0,466.1000061035156,481.6000061035156,504
2024-11-14,485.95001220703125,485.95001220703125,487.0,473.70001220703125,473.70001220703125,704
2024-11-15,480.25,480.25,484.04998779296875,472.3500061035156,484.04998779296875,488
2024-11-18,472.79998779296875,472.79998779296875,484.29998779296875,470.25,477.3500061035156,556
2024-11-19,479.20001220703125,479.20001220703125,480.6499938964844,469.6499938964844,474.0,605
2024-11-20,494.75,494.75,495.0,477.79998779296875,480.79998779296875,748
2024-11-21,511.20001220703125,511.20001220703125,514.0,488.75,491.75,1435
2024-11-22,505.3999938964844,505.3999938964844,510.0,497.79998779296875,510.0,821
2024-11-25,513.0999755859375,513.0999755859375,513.4500122070312,494.04998779296875,503.54998779296875,633
2024-11-26,522.0499877929688,522.0499877929688,533.0499877929688,509.95001220703125,509.95001220703125,925
2024-11-27,513.75,513.75,525.75,504.25,515.5,832
2024-11-29,500.75,500.75,520.7000122070312,499.3500061035156,508.04998779296875,471
2024-12-02,510.70001220703125,510.70001220703125,512.0,500.0,503.1000061035156,480
2024-12-03,512.0,512.0,516.0,504.5,510.95001220703125,615
2024-12-04,504.20001220703125,504.20001220703125,515.0499877929688,501.8999938964844,513.4500122070312,765
2024-12-05,494.70001220703125,494.70001220703125,509.95001220703125,486.3999938964844,504.54998779296875,1086
2024-12-06,504.0,504.0,504.3999938964844,493.70001220703125,498.0,726
2024-12-09,491.79998779296875,491.79998779296875,506.45001220703125,488.0,501.1499938964844,1013
2024-12-10,500.20001220703125,500.20001220703125,501.95001220703125,494.0,497.8500061035156,847
2024-12-11,498.04998779296875,498.04998779296875,503.29998779296875,494.45001220703125,499.3500061035156,1368
2024-12-12,501.0,501.0,502.5,496.5,500.0,1327
2024-12-13,512.9000244140625,512.9000244140625,516.0,501.8500061035156,502.0,1688
2024-12-16,532.9000244140625,532.9000244140625,532.9000244140625,511.45001220703125,512.75,1218
2024-12-17,526.4000244140625,526.4000244140625,541.5,523.75,533.25,2128
2024-12-18,535.4000244140625,535.4000244140625,538.0,521.2000122070312,526.6500244140625,1347
2024-12-19,547.7000122070312,547.7000122070312,551.0999755859375,533.0499877929688,533.5,903
2024-12-20,528.9500122070312,528.9500122070312,545.7999877929688,527.7000122070312,544.9000244140625,483
2024-12-23,502.8500061035156,502.8500061035156,527.5999755859375,502.0,527.5999755859375,497
2024-12-24,511.45001220703125,511.45001220703125,513.7999877929688,502.3999938964844,502.45001220703125,242
2024-12-26,496.45001220703125,496.45001220703125,514.3499755859375,495.1000061035156,509.20001220703125,386
2024-12-27,501.8999938964844,501.8999938964844,507.5,498.20001220703125,499.1499938964844,408
2024-12-30,494.5,494.5,507.6499938964844,494.0,507.6499938964844,106
2024-12-31,497.5,497.5,497.5,497.5,497.5,11
2025-01-02,499.1499938964844,499.1499938964844,499.1499938964844,499.1499938964844,499.1499938964844,0
2025-01-03,505.95001220703125,505.95001220703125,505.95001220703125,505.95001220703125,505.95001220703125,0
2025-01-06,526.1500244140625,526.1500244140625,525.0,525.0,525.0,2
2025-01-07,507.29998779296875,507.29998779296875,505.0,500.0,505.0,6
2025-01-08,522.6500244140625,522.6500244140625,522.6500244140625,522.6500244140625,522.6500244140625,0
2025-01-09,505.6499938964844,505.6499938964844,520.0,520.0,520.0,29
2025-01-10,494.3999938964844,494.3999938964844,494.3999938964844,494.3999938964844,494.3999938964844,980
2025-01-13,479.6499938964844,479.6499938964844,486.45001220703125,476.3999938964844,486.45001220703125,715
2025-01-14,480.29998779296875,480.29998779296875,483.3500061035156,474.1499938964844,479.70001220703125,711
2025-01-15,481.20001220703125,481.20001220703125,484.3500061035156,477.29998779296875,482.95001220703125,599
2025-01-16,465.04998779296875,465.04998779296875,483.3999938964844,461.20001220703125,482.45001220703125,1640
2025-01-17,479.29998779296875,479.29998779296875,483.3999938964844,463.04998779296875,465.3500061035156,1164
2025-01-21,482.1000061035156,482.1000061035156,490.79998779296875,480.25,484.6499938964844,765
2025-01-22,484.29998779296875,484.29998779296875,484.6499938964844,478.20001220703125,482.1000061035156,510
2025-01-23,496.1000061035156,496.1000061035156,501.79998779296875,481.3500061035156,484.29998779296875,933
2025-01-24,476.1000061035156,476.1000061035156,496.1000061035156,476.1000061035156,494.95001220703125,621
2025-01-27,481.8999938964844,481.8999938964844,482.79998779296875,465.3500061035156,474.29998779296875,824
2025-01-28,473.1499938964844,473.1499938964844,482.95001220703125,465.75,482.54998779296875,757
2025-01-29,477.5,477.5,488.0,470.75,472.29998779296875,523
2025-01-30,479.6499938964844,479.6499938964844,484.04998779296875,473.0,480.6000061035156,595
2025-01-31,474.70001220703125,474.70001220703125,479.95001220703125,468.75,479.95001220703125,713
2025-02-03,454.70001220703125,454.70001220703125,472.70001220703125,454.70001220703125,472.1499938964844,1377
2025-02-04,450.1499938964844,450.1499938964844,458.70001220703125,448.70001220703125,454.70001220703125,1250
2025-02-05,443.3500061035156,443.3500061035156,450.1499938964844,442.1499938964844,450.1499938964844,1115
2025-02-06,437.70001220703125,437.70001220703125,446.3999938964844,437.1000061035156,443.95001220703125,1123
2025-02-07,423.20001220703125,423.20001220703125,441.75,421.5,438.0,1835
2025-02-10,403.20001220703125,403.20001220703125,424.8999938964844,403.20001220703125,423.5,1588
2025-02-11,390.45001220703125,390.45001220703125,403.75,386.5,395.04998779296875,2130
2025-02-12,374.6499938964844,374.6499938964844,401.29998779296875,374.1000061035156,390.45001220703125,2301
2025-02-13,354.6499938964844,354.6499938964844,382.3500061035156,354.6499938964844,378.04998779296875,1536
2025-02-14,339.45001220703125,339.45001220703125,351.29998779296875,324.6499938964844,350.5,1998
2025-02-18,345.1000061035156,345.1000061035156,358.29998779296875,342.6499938964844,345.0,1380
2025-02-19,332.8500061035156,332.8500061035156,358.3500061035156,328.1000061035156,345.29998779296875,1117
2025-02-20,319.25,319.25,338.95001220703125,314.04998779296875,331.0,767
2025-02-21,312.25,312.25,322.0,309.5,315.25,583
2025-02-24,307.70001220703125,307.70001220703125,327.1499938964844,306.25,312.8999938964844,631
2025-02-25,292.1499938964844,292.1499938964844,309.20001220703125,288.6000061035156,307.3500061035156,578
2025-02-26,296.8500061035156,296.8500061035156,307.1499938964844,292.79998779296875,294.75,297
2025-02-27,293.29998779296875,293.29998779296875,299.54998779296875,284.95001220703125,299.54998779296875,214
2025-02-28,297.25,297.25,302.8500061035156,296.0,297.0,54
2025-03-03,304.54998779296875,304.54998779296875,304.54998779296875,304.54998779296875,304.54998779296875,0
2025-03-04,296.54998779296875,296.54998779296875,296.54998779296875,296.54998779296875,296.54998779296875,0
2025-03-05,306.70001220703125,306.70001220703125,306.70001220703125,306.70001220703125,306.70001220703125,0
2025-03-06,289.0,289.0,289.0,289.0,289.0,0
2025-03-07,303.0,303.0,310.0,310.0,310.0,1
2025-03-10,278.3999938964844,278.3999938964844,278.3999938964844,278.3999938964844,278.3999938964844,9
2025-03-11,273.5,273.5,273.5,273.5,273.5,1313
2025-03-12,276.45001220703125,276.45001220703125,288.54998779296875,270.25,278.54998779296875,786
2025-03-13,264.0,264.0,280.45001220703125,262.79998779296875,276.54998779296875,612
2025-03-14,259.3500061035156,259.3500061035156,265.6499938964844,255.0,265.6499938964844,1216
2025-03-17,258.8999938964844,258.8999938964844,263.0,257.0,261.45001220703125,737
2025-03-18,243.89999389648438,243.89999389648438,260.25,243.89999389648438,259.25,768
2025-03-19,266.95001220703125,266.95001220703125,268.6499938964844,238.0,240.10000610351562,1048
2025-03-20,272.54998779296875,272.54998779296875,274.8999938964844,256.8999938964844,266.75,1033
2025-03-21,276.1499938964844,276.1499938964844,278.8500061035156,262.6000061035156,271.5,859
2025-03-24,268.54998779296875,268.54998779296875,278.1499938964844,263.79998779296875,278.1499938964844,870
2025-03-25,264.8500061035156,264.8500061035156,274.0,259.75,268.5,906
2025-03-26,262.1000061035156,262.1000061035156,272.70001220703125,259.8500061035156,271.8999938964844,712
2025-03-27,247.5,247.5,260.1499938964844,247.10000610351562,259.8999938964844,668
2025-03-28,237.3000030517578,237.3000030517578,248.60000610351562,232.5,246.39999389648438,1361
2025-03-31,243.5500030517578,243.5500030517578,252.3000030517578,227.39999389648438,235.14999389648438,1702
2025-04-01,258.20001220703125,258.20001220703125,258.54998779296875,243.5500030517578,251.25,1006
2025-04-02,249.60000610351562,249.60000610351562,268.6499938964844,243.39999389648438,262.95001220703125,915
2025-04-03,234.60000610351562,234.60000610351562,245.4499969482422,234.60000610351562,240.5500030517578,580
2025-04-04,226.89999389648438,226.89999389648438,236.5500030517578,211.14999389648438,231.0,1370
2025-04-07,211.89999389648438,211.89999389648438,232.75,211.89999389648438,221.10000610351562,968
2025-04-08,234.64999389648438,234.64999389648438,236.89999389648438,203.8000030517578,211.89999389648438,1347
2025-04-09,259.6499938964844,259.6499938964844,259.6499938964844,230.0,230.0,1326
2025-04-10,264.25,264.25,266.70001220703125,246.5,263.5,1376
2025-04-11,279.25,279.25,279.25,258.5,264.0,1668
2025-04-14,304.25,304.25,304.25,282.6000061035156,282.6000061035156,1779
2025-04-15,306.6000061035156,306.6000061035156,310.3500061035156,290.5,309.5,1346
2025-04-16,318.45001220703125,318.45001220703125,319.0,300.5,302.25,1167
2025-04-17,304.0,304.0,322.75,303.45001220703125,318.5,1432
2025-04-21,289.0,289.0,305.6499938964844,289.0,305.6499938964844,585
2025-04-22,278.70001220703125,278.70001220703125,289.1000061035156,273.29998779296875,285.0,972
2025-04-23,268.0,268.0,280.0,263.70001220703125,280.0,517
2025-04-24,253.0,253.0,266.0,253.0,266.0,560
2025-04-25,260.95001220703125,260.95001220703125,265.5,246.3000030517578,250.8000030517578,259
2025-04-28,268.8999938964844,268.8999938964844,273.20001220703125,253.10000610351562,253.10000610351562,110
2025-04-29,265.3500061035156,265.3500061035156,268.79998779296875,244.5,265.0,81
2025-04-30,265.29998779296875,265.29998779296875,272.5,256.6000061035156,256.6000061035156,16
2025-05-01,273.70001220703125,273.70001220703125,270.0,270.0,270.0,1
2025-05-02,282.8999938964844,282.8999938964844,295.6499938964844,295.6499938964844,295.6499938964844,1
2025-05-05,290.79998779296875,290.79998779296875,290.79998779296875,290.79998779296875,290.79998779296875,1
2025-05-06,282.70001220703125,282.70001220703125,282.70001220703125,282.70001220703125,282.70001220703125,0
2025-05-07,283.20001220703125,283.20001220703125,275.1499938964844,275.1499938964844,275.1499938964844,1
2025-05-08,271.20001220703125,271.20001220703125,271.20001220703125,271.20001220703125,271.20001220703125,0
2025-05-09,256.20001220703125,256.20001220703125,256.20001220703125,256.20001220703125,256.20001220703125,668
2025-05-12,232.8000030517578,232.8000030517578,236.0,218.75,228.75,1184
2025-05-13,243.8000030517578,243.8000030517578,245.8000030517578,233.25,234.3000030517578,654
2025-05-14,257.6499938964844,257.6499938964844,258.79998779296875,243.0,243.75,711
2025-05-15,266.1000061035156,266.1000061035156,272.3999938964844,257.70001220703125,257.70001220703125,929
2025-05-16,251.10000610351562,251.10000610351562,273.25,251.10000610351562,273.04998779296875,471
2025-05-19,251.8000030517578,251.8000030517578,263.70001220703125,248.0,248.0,809
2025-05-20,263.29998779296875,263.29998779296875,266.20001220703125,246.0500030517578,249.0,359
2025-05-21,274.20001220703125,274.20001220703125,276.70001220703125,260.8500061035156,264.29998779296875,444
2025-05-22,289.20001220703125,289.20001220703125,289.20001220703125,276.0,276.0,611
2025-05-23,273.1499938964844,273.1499938964844,295.04998779296875,272.3500061035156,292.0,0
2025-05-27,276.29998779296875,276.29998779296875,281.3500061035156,261.0,276.0,581
2025-05-28,276.54998779296875,276.54998779296875,277.79998779296875,265.8500061035156,275.45001220703125,453
2025-05-29,274.8500061035156,274.8500061035156,287.70001220703125,271.0,275.04998779296875,368
2025-05-30,285.04998779296875,285.04998779296875,286.6000061035156,273.75,273.75,505
2025-06-02,281.45001220703125,281.45001220703125,286.0,277.3999938964844,286.0,829
2025-06-03,283.3999938964844,283.3999938964844,292.54998779296875,279.04998779296875,281.6000061035156,773
2025-06-04,276.6499938964844,276.6499938964844,288.8999938964844,274.6000061035156,287.0,819
2025-06-05,272.95001220703125,272.95001220703125,287.6499938964844,271.04998779296875,277.0,995
2025-06-06,284.95001220703125,284.95001220703125,286.95001220703125,273.3500061035156,274.8500061035156,767
2025-06-09,279.45001220703125,279.45001220703125,290.25,275.0,282.8999938964844,887
2025-06-10,275.04998779296875,275.04998779296875,285.54998779296875,273.0,285.5,766
2025-06-11,274.79998779296875,274.79998779296875,283.8500061035156,273.54998779296875,277.20001220703125,792
2025-06-12,273.70001220703125,273.70001220703125,287.3999938964844,273.0,274.79998779296875,1118
2025-06-13,274.1000061035156,274.1000061035156,283.8500061035156,272.5,273.54998779296875,907
2025-06-16,259.8999938964844,259.8999938964844,279.70001220703125,259.1000061035156,274.5,844
2025-06-17,253.5500030517578,253.5500030517578,265.0,247.9499969482422,252.89999389648438,1087
2025-06-18,238.5500030517578,238.5500030517578,256.95001220703125,238.5500030517578,256.95001220703125,0
2025-06-20,233.1999969482422,233.1999969482422,238.5500030517578,227.9499969482422,236.5500030517578,947
2025-06-23,234.0,234.0,237.60000610351562,224.75,233.6999969482422,883
2025-06-24,228.8000030517578,228.8000030517578,236.10000610351562,226.75,231.4499969482422,681
2025-06-25,236.8000030517578,236.8000030517578,241.85000610351562,226.1999969482422,226.1999969482422,569
2025-06-26,231.3000030517578,231.3000030517578,240.75,229.1999969482422,240.0,221
2025-06-27,223.60000610351562,223.60000610351562,231.3000030517578,223.0,231.3000030517578,366
2025-06-30,217.64999389648438,217.64999389648438,220.64999389648438,215.0,220.5500030517578,115
2025-07-01,215.4499969482422,215.4499969482422,215.0,215.0,215.0,10
2025-07-02,198.10000610351562,198.10000610351562,213.0,209.0,213.0,7
2025-07-03,210.5,210.5,210.5,210.5,210.5,0
2025-07-04,210.5,210.5,210.5,210.5,210.5,0
2025-07-07,225.4499969482422,225.4499969482422,225.4499969482422,225.4499969482422,225.4499969482422,6
2025-07-08,254.5,254.5,264.54998779296875,264.5,264.5,3
2025-07-09,250.85000610351562,250.85000610351562,250.85000610351562,250.85000610351562,250.85000610351562,0
2025-07-10,279.95001220703125,279.95001220703125,285.0,285.0,285.0,1
2025-07-11,300.8500061035156,300.8500061035156,300.8500061035156,300.8500061035156,300.8500061035156,848
2025-07-14,313.8500061035156,313.8500061035156,313.8500061035156,293.70001220703125,294.29998779296875,2148
2025-07-15,314.5,314.5,319.3500061035156,300.1499938964844,314.0,1975
2025-07-16,311.25,311.25,316.70001220703125,309.3500061035156,311.70001220703125,1156
2025-07-17,312.70001220703125,312.70001220703125,319.0,305.70001220703125,310.95001220703125,1057
2025-07-18,318.70001220703125,318.70001220703125,328.70001220703125,311.20001220703125,315.8500061035156,1188
2025-07-21,327.29998779296875,327.29998779296875,327.70001220703125,316.95001220703125,319.45001220703125,1296
2025-07-22,331.25,331.25,332.1000061035156,323.6000061035156,324.8999938964844,769
2025-07-23,336.54998779296875,336.54998779296875,337.8500061035156,331.29998779296875,331.79998779296875,601
2025-07-24,338.95001220703125,338.95001220703125,344.29998779296875,331.70001220703125,336.6499938964844,659
2025-07-25,322.3500061035156,322.3500061035156,335.8500061035156,320.0,335.8500061035156,706
2025-07-28,325.45001220703125,325.45001220703125,330.1000061035156,311.54998779296875,322.95001220703125,523
2025-07-29,305.45001220703125,305.45001220703125,324.3500061035156,305.45001220703125,324.04998779296875,598
2025-07-30,285.1499938964844,285.1499938964844,299.0,283.04998779296875,299.0,856
2025-07-31,260.1499938964844,260.1499938964844,260.1499938964844,260.1499938964844,260.1499938964844,521
2025-08-01,235.14999389648438,235.14999389648438,251.4499969482422,235.14999389648438,243.0,1870
2025-08-04,234.3000030517578,234.3000030517578,241.4499969482422,231.85000610351562,234.64999389648438,1307
2025-08-05,234.64999389648438,234.64999389648438,240.89999389648438,231.5500030517578,240.89999389648438,689
2025-08-06,232.85000610351562,232.85000610351562,239.39999389648438,232.14999389648438,239.3000030517578,717
2025-08-07,225.3000030517578,225.3000030517578,242.89999389648438,220.60000610351562,239.85000610351562,986
2025-08-08,236.4499969482422,236.4499969482422,240.3000030517578,225.0500030517578,226.0,665
2025-08-11,249.1999969482422,249.1999969482422,250.75,236.64999389648438,236.64999389648438,519
2025-08-12,253.64999389648438,253.64999389648438,256.79998779296875,247.3000030517578,252.9499969482422,969
2025-08-13,245.1999969482422,245.1999969482422,256.79998779296875,242.0,256.79998779296875,949
2025-08-14,249.0500030517578,249.0500030517578,253.10000610351562,237.35000610351562,243.85000610351562,839
2025-08-15,247.89999389648438,247.89999389648438,251.75,234.0500030517578,251.64999389648438,777
2025-08-18,240.39999389648438,240.39999389648438,246.14999389648438,239.6999969482422,245.0500030517578,762
2025-08-19,242.14999389648438,242.14999389648438,245.6999969482422,236.60000610351562,242.9499969482422,1178
2025-08-20,242.3000030517578,242.3000030517578,247.39999389648438,240.0,245.6999969482422,799
2025-08-21,236.3000030517578,236.3000030517578,245.3000030517578,232.89999389648438,240.35000610351562,730
2025-08-22,240.25,240.25,243.75,233.85000610351562,235.10000610351562,404
2025-08-25,255.25,255.25,255.25,238.5500030517578,241.0,257
2025-08-26,265.3500061035156,265.3500061035156,271.25,259.8500061035156,259.8500061035156,840
2025-08-27,255.60000610351562,255.60000610351562,263.45001220703125,250.75,263.45001220703125,220
2025-08-28,240.60000610351562,240.60000610351562,255.0,240.60000610351562,255.0,136
2025-08-29,232.3000030517578,232.3000030517578,258.0,226.5500030517578,237.25,79
2025-09-02,225.3000030517578,225.3000030517578,225.3000030517578,225.3000030517578,225.3000030517578,3
2025-09-03,231.25,231.25,231.25,231.25,231.25,0
2025-09-04,223.35000610351562,223.35000610351562,248.14999389648438,248.14999389648438,248.14999389648438,1
2025-09-05,222.89999389648438,222.89999389648438,222.89999389648438,222.89999389648438,222.89999389648438,0
2025-09-08,230.39999389648438,230.39999389648438,230.39999389648438,230.39999389648438,230.39999389648438,0
2025-09-09,240.9499969482422,240.9499969482422,240.9499969482422,240.9499969482422,240.9499969482422,0
2025-09-10,245.3000030517578,245.3000030517578,245.3000030517578,245.3000030517578,245.3000030517578,324
2025-09-11,242.3000030517578,242.3000030517578,254.25,239.3000030517578,254.1999969482422,430
2025-09-12,246.35000610351562,246.35000610351562,252.64999389648438,237.0,242.25,404
2025-09-15,259.8999938964844,259.8999938964844,261.3500061035156,243.0500030517578,243.0500030517578,450
2025-09-16,268.95001220703125,268.95001220703125,270.1000061035156,261.1499938964844,262.8999938964844,688
2025-09-17,253.9499969482422,253.9499969482422,268.20001220703125,253.9499969482422,267.5,404
2025-09-18,240.35000610351562,240.35000610351562,254.85000610351562,238.1999969482422,249.25,649
2025-09-19,243.75,243.75,248.64999389648438,238.10000610351562,240.25,349
2025-09-22,238.6999969482422,238.6999969482422,246.4499969482422,237.5,240.25,314
2025-09-23,244.75,244.75,248.9499969482422,238.10000610351562,238.10000610351562,405
2025-09-24,244.4499969482422,244.4499969482422,246.39999389648438,240.8000030517578,240.85000610351562,224
2025-09-25,242.35000610351562,242.35000610351562,249.39999389648438,242.0,244.60000610351562,267
2025-09-26,240.75,240.75,254.9499969482422,240.10000610351562,245.5,429
2025-09-29,237.6999969482422,237.6999969482422,243.60000610351562,232.5500030517578,240.0500030517578,825
2025-09-30,243.5500030517578,243.5500030517578,247.8000030517578,236.10000610351562,237.5,659
2025-10-01,229.5,229.5,243.5,232.8000030517578,243.0,1155
2025-10-02,231.85000610351562,231.85000610351562,237.1999969482422,223.75,228.75,1248
2025-10-03,233.10000610351562,233.10000610351562,237.9499969482422,229.0,230.0500030517578,489
2025-10-06,224.6999969482422,224.6999969482422,232.75,224.25,232.75,565
2025-10-07,212.39999389648438,212.39999389648438,227.5500030517578,211.5500030517578,224.5,1492
2025-10-08,209.39999389648438,209.39999389648438,215.5500030517578,204.5,212.39999389648438,871
2025-10-09,205.5500030517578,205.5500030517578,215.5500030517578,204.75,210.8000030517578,992
2025-10-10,203.60000610351562,203.60000610351562,208.39999389648438,202.0500030517578,208.39999389648438,729
2025-10-13,204.14999389648438,204.14999389648438,207.64999389648438,202.3000030517578,203.9499969482422,664
2025-10-14,203.10000610351562,203.10000610351562,214.10000610351562,202.3000030517578,204.64999389648438,734
2025-10-15,193.0,193.0,205.85000610351562,192.5,205.0500030517578,1245
2025-10-16,193.3000030517578,193.3000030517578,197.10000610351562,190.0500030517578,196.10000610351562,1564
2025-10-17,183.3000030517578,183.3000030517578,195.85000610351562,183.3000030517578,187.64999389648438,753
2025-10-20,186.4499969482422,186.4499969482422,187.8000030517578,176.5,183.25,1083
2025-10-21,185.89999389648438,185.89999389648438,195.0500030517578,179.0,190.89999389648438,738
2025-10-22,175.89999389648438,175.89999389648438,187.9499969482422,175.89999389648438,185.0,269
2025-10-23,195.89999389648438,195.89999389648438,195.89999389648438,170.0,170.0,943
2025-10-24,193.3000030517578,193.3000030517578,219.3000030517578,192.14999389648438,206.3000030517578,725
2025-10-27,193.6999969482422,193.6999969482422,200.25,188.5,200.25,514
2025-10-28,184.25,184.25,195.0500030517578,183.85000610351562,193.0,207
2025-10-29,182.0500030517578,182.0500030517578,186.60000610351562,179.14999389648438,182.0,107
2025-10-30,172.8000030517578,172.8000030517578,181.3000030517578,172.0500030517578,181.3000030517578,97
2025-10-31,168.8000030517578,168.8000030517578,174.14999389648438,172.8000030517578,172.8000030517578,30
2025-11-03,174.5500030517578,174.5500030517578,183.8000030517578,171.10000610351562,171.10000610351562,3
2025-11-04,185.35000610351562,185.35000610351562,185.35000610351562,185.35000610351562,185.35000610351562,0
2025-11-05,185.14999389648438,185.14999389648438,185.14999389648438,185.14999389648438,185.14999389648438,0
2025-11-06,177.3000030517578,177.3000030517578,177.3000030517578,177.3000030517578,177.3000030517578,0
2025-11-07,168.39999389648438,168.39999389648438,168.39999389648438,168.39999389648438,168.39999389648438,819
2025-11-10,181.6999969482422,181.6999969482422,181.89999389648438,172.14999389648438,173.5500030517578,659
2025-11-11,176.60000610351562,176.60000610351562,184.6999969482422,173.0,182.5500030517578,645
2025-11-12,169.8000030517578,169.8000030517578,179.39999389648438,169.1999969482422,179.39999389648438,557
2025-11-13,165.6999969482422,165.6999969482422,170.8000030517578,163.75,170.3000030517578,556
2025-11-14,157.85000610351562,157.85000610351562,168.64999389648438,155.6999969482422,165.25,905
2025-11-17,155.5500030517578,155.5500030517578,164.35000610351562,154.85000610351562,160.3000030517578,717
2025-11-18,158.1999969482422,158.1999969482422,162.9499969482422,155.85000610351562,159.89999389648438,622
2025-11-19,148.39999389648438,148.39999389648438,159.64999389648438,148.1999969482422,157.5,750
2025-11-20,152.3000030517578,152.3000030517578,154.64999389648438,147.25,149.75,890
2025-11-21,142.39999389648438,142.39999389648438,153.5500030517578,142.3000030517578,152.5,870
2025-11-24,136.85000610351562,136.85000610351562,144.64999389648438,132.5,143.5,1277
2025-11-25,140.85000610351562,140.85000610351562,146.85000610351562,136.85000610351562,137.4499969482422,662
2025-11-26,150.39999389648438,150.39999389648438,150.75,139.1999969482422,142.75,874
2025-11-28,156.0500030517578,156.0500030517578,158.14999389648438,148.39999389648438,150.0500030517578,732
2025-12-01,148.5500030517578,148.5500030517578,156.25,146.0500030517578,156.0500030517578,1264
2025-12-02,150.9499969482422,150.9499969482422,152.0,142.8000030517578,148.0500030517578,898
2025-12-03,148.85000610351562,148.85000610351562,158.8000030517578,146.14999389648438,154.0500030517578,1147
2025-12-04,150.39999389648438,150.39999389648438,154.3000030517578,147.5,148.75,872
2025-12-05,145.6999969482422,145.6999969482422,150.89999389648438,143.1999969482422,150.89999389648438,1103
2025-12-08,153.10000610351562,153.10000610351562,155.4499969482422,142.5500030517578,149.39999389648438,1500
2025-12-09,153.5,153.5,154.39999389648438,147.39999389648438,153.89999389648438,1066
2025-12-10,148.75,148.75,155.0500030517578,148.0500030517578,153.5,1558
2025-12-11,153.14999389648438,153.14999389648438,157.3000030517578,149.1999969482422,151.9499969482422,1600
2025-12-12,163.14999389648438,163.14999389648438,163.14999389648438,147.5,147.60000610351562,1394
2025-12-15,166.14999389648438,166.14999389648438,168.5,160.89999389648438,164.4499969482422,2426
2025-12-16,168.0,168.0,173.0500030517578,162.5500030517578,164.0,1924
2025-12-17,169.75,169.75,171.5500030517578,162.14999389648438,166.39999389648438,1258
2025-12-18,178.10000610351562,178.10000610351562,179.75,159.75,169.4499969482422,1226
2025-12-19,198.10000610351562,198.10000610351562,198.10000610351562,178.25,178.25,1583
2025-12-22,208.9499969482422,208.9499969482422,211.0500030517578,193.35000610351562,200.25,896
2025-12-23,214.6999969482422,214.6999969482422,215.0,202.5,205.0,439
2025-12-24,210.0500030517578,210.0500030517578,218.14999389648438,204.60000610351562,214.6999969482422,191
2025-12-26,202.25,202.25,210.1999969482422,204.39999389648438,210.1999969482422,245
2025-12-29,206.3000030517578,206.3000030517578,212.25,197.8000030517578,202.1999969482422,232
2025-12-30,201.89999389648438,201.89999389648438,203.3000030517578,197.39999389648438,198.6999969482422,29
2025-12-31,205.1999969482422,205.1999969482422,211.0,205.5,206.1999969482422,79
2026-01-02,201.60000610351562,201.60000610351562,201.60000610351562,201.60000610351562,201.60000610351562,0
2026-01-05,207.85000610351562,207.85000610351562,205.0,201.5,201.5,2
2026-01-06,217.85000610351562,217.85000610351562,217.85000610351562,217.85000610351562,217.85000610351562,0
2026-01-07,239.60000610351562,239.60000610351562,240.0,240.0,240.0,1
2026-01-08,237.0,237.0,237.0,237.0,237.0,0
2026-01-09,223.25,223.25,223.25,223.25,223.25,1391
2026-01-12,195.39999389648438,195.39999389648438,205.6999969482422,188.64999389648438,205.6999969482422,733
2026-01-13,201.3000030517578,201.3000030517578,202.5,186.14999389648438,192.25,971
2026-01-14,197.64999389648438,197.64999389648438,204.0,188.75,201.1999969482422,799
2026-01-15,199.5,199.5,200.60000610351562,195.3000030517578,195.3000030517578,559
2026-01-16,208.5,208.5,209.5,195.89999389648438,199.85000610351562,481
2026-01-20,202.4499969482422,202.4499969482422,210.85000610351562,193.5,208.14999389648438,956
2026-01-21,203.85000610351562,203.85000610351562,210.0,197.0,202.5500030517578,553
2026-01-22,218.8000030517578,218.8000030517578,218.85000610351562,203.60000610351562,208.14999389648438,952
2026-01-23,219.39999389648438,219.39999389648438,219.64999389648438,213.0500030517578,216.89999389648438,816
2026-01-26,219.3000030517578,219.3000030517578,220.0,215.35000610351562,219.10000610351562,927
2026-01-27,220.0500030517578,220.0500030517578,223.1999969482422,215.39999389648438,219.3000030517578,897
2026-01-28,226.60000610351562,226.60000610351562,227.14999389648438,216.60000610351562,221.0,1494
2026-01-29,226.10000610351562,226.10000610351562,228.0,220.8000030517578,226.8000030517578,1173
2026-01-30,211.10000610351562,211.10000610351562,226.3000030517578,211.10000610351562,226.3000030517578,455
2026-02-02,188.3000030517578,188.3000030517578,206.5500030517578,186.10000610351562,205.0,1927
2026-02-03,168.60000610351562,168.60000610351562,197.60000610351562,168.3000030517578,191.75,2256
2026-02-04,169.64999389648438,169.64999389648438,180.89999389648438,167.60000610351562,172.5500030517578,1503
2026-02-05,159.64999389648438,159.64999389648438,172.64999389648438,159.64999389648438,171.4499969482422,1344
2026-02-06,158.85000610351562,158.85000610351562,163.39999389648438,151.1999969482422,160.64999389648438,1098
2026-02-09,168.85000610351562,168.85000610351562,168.85000610351562,158.0500030517578,158.85000610351562,601
2026-02-10,175.8000030517578,175.8000030517578,184.35000610351562,172.3000030517578,174.85000610351562,1327
2026-02-11,185.8000030517578,185.8000030517578,185.8000030517578,175.35000610351562,179.3000030517578,1191
2026-02-12,170.35000610351562,170.35000610351562,195.35000610351562,165.8000030517578,190.5500030517578,1196
2026-02-13,184.0,184.0,186.25,167.5500030517578,167.60000610351562,1331
2026-02-17,200.0,200.0,200.10000610351562,178.1999969482422,185.5500030517578,1039
2026-02-18,197.3000030517578,197.3000030517578,201.35000610351562,187.14999389648438,200.3000030517578,987
2026-02-19,187.3000030517578,187.3000030517578,199.10000610351562,187.3000030517578,199.10000610351562,730
2026-02-20,181.0500030517578,181.0500030517578,194.25,178.89999389648438,189.0,928
2026-02-23,173.64999389648438,173.64999389648438,190.1999969482422,172.10000610351562,179.39999389648438,608
2026-02-24,182.1999969482422,182.1999969482422,183.0,180.0,180.0,172
2026-02-25,185.60000610351562,185.60000610351562,188.75,179.0500030517578,187.0,72
2026-02-26,175.60000610351562,175.60000610351562,187.6999969482422,175.60000610351562,187.6999969482422,533
2026-02-27,175.6999969482422,175.6999969482422,182.35000610351562,165.0,178.60000610351562,64
2026-03-02,166.5500030517578,166.5500030517578,166.5500030517578,166.5500030517578,166.5500030517578,0
2026-03-03,176.5500030517578,176.5500030517578,175.0,175.0,175.0,1
2026-03-04,187.8000030517578,187.8000030517578,187.0,185.0,185.0,6
2026-03-05,183.39999389648438,183.39999389648438,183.39999389648438,183.39999389648438,183.39999389648438,155
2026-03-06,174.0500030517578,174.0500030517578,174.0500030517578,174.0500030517578,174.0500030517578,0
2026-03-09,174.60000610351562,174.60000610351562,174.60000610351562,174.60000610351562,174.60000610351562,0
2026-03-10,184.3000030517578,184.3000030517578,184.3000030517578,184.3000030517578,184.3000030517578,20
2026-03-11,192.9499969482422,192.9499969482422,192.9499969482422,192.9499969482422,192.9499969482422,784
2026-03-12,197.8000030517578,197.8000030517578,200.5,189.14999389648438,195.3000030517578,853
2026-03-13,199.3000030517578,199.3000030517578,202.39999389648438,191.5500030517578,199.9499969482422,688
2026-03-16,199.8000030517578,199.8000030517578,201.64999389648438,193.5,198.89999389648438,348
2026-03-17,190.5,190.5,200.4499969482422,189.8000030517578,200.0,556
2026-03-18,180.5,180.5,190.0,180.5,190.0,473
2026-03-19,167.0500030517578,167.0500030517578,182.9499969482422,166.35000610351562,179.0,1107
2026-03-20,161.5,161.5,174.5,159.10000610351562,169.0500030517578,841
2026-03-23,161.9499969482422,161.9499969482422,166.0,159.5500030517578,160.4499969482422,948
2026-03-24,171.9499969482422,171.9499969482422,171.9499969482422,163.1999969482422,163.1999969482422,256
2026-03-25,182.5500030517578,182.5500030517578,184.0,175.0500030517578,175.5500030517578,584
2026-03-26,180.39999389648438,180.39999389648438,187.5,177.0500030517578,184.35000610351562,400
2026-03-27,176.5500030517578,176.5500030517578,180.8000030517578,173.25,176.0,400
2026-03-30,180.10000610351562,180.10000610351562,184.0,178.64999389648438,179.4499969482422,383
2026-03-31,190.0,190.0,190.10000610351562,178.4499969482422,181.5,515
2026-04-01,199.89999389648438,199.89999389648438,200.0,191.4499969482422,192.0,1017
2026-04-02,199.39999389648438,199.39999389648438,200.0,191.60000610351562,199.60000610351562,913
2026-04-06,200.64999389648438,200.64999389648438,201.5,196.64999389648438,197.0500030517578,555
2026-04-07,199.60000610351562,199.60000610351562,201.25,194.6999969482422,200.0,852
2026-04-08,205.10000610351562,205.10000610351562,209.60000610351562,195.5,198.0500030517578,1577
2026-04-09,193.8000030517578,193.8000030517578,206.89999389648438,191.0,205.6999969482422,1171
2026-04-10,197.4499969482422,197.4499969482422,201.5500030517578,191.75,192.0500030517578,943
2026-04-13,195.5,195.5,201.0,193.0,199.89999389648438,744
2026-04-14,192.5,192.5,198.1999969482422,192.0,198.1999969482422,668
2026-04-15,184.60000610351562,184.60000610351562,193.9499969482422,183.39999389648438,192.0500030517578,785
2026-04-16,176.10000610351562,176.10000610351562,184.25,175.75,183.9499969482422,1437
2026-04-17,186.10000610351562,186.10000610351562,186.10000610351562,175.9499969482422,175.9499969482422,678
2026-04-20,174.4499969482422,174.4499969482422,190.3000030517578,173.75,189.9499969482422,646
2026-04-21,169.9499969482422,169.9499969482422,180.5,169.39999389648438,175.5,594
2026-04-22,165.10000610351562,165.10000610351562,174.5,164.89999389648438,170.60000610351562,328
2026-04-23,157.25,157.25,175.10000610351562,155.5,168.85000610351562,529
2026-04-24,147.25,147.25,161.9499969482422,147.25,161.9499969482422,536
2026-04-27,142.75,142.75,152.4499969482422,137.25,152.4499969482422,316
2026-04-28,152.25,152.25,152.5,142.64999389648438,142.9499969482422,186
2026-04-29,157.39999389648438,157.39999389648438,160.0,153.39999389648438,153.5,151
2026-04-30,167.3000030517578,167.3000030517578,160.0,148.0,148.5,179
2026-05-01,166.35000610351562,166.35000610351562,166.35000610351562,166.35000610351562,166.35000610351562,0
2026-05-04,173.39999389648438,173.39999389648438,173.39999389648438,173.39999389648438,173.39999389648438,155
2026-05-05,167.1999969482422,167.1999969482422,200.0,200.0,200.0,1
2026-05-06,170.39999389648438,170.39999389648438,170.39999389648438,170.39999389648438,170.39999389648438,0
2026-05-07,163.64999389648438,163.64999389648438,163.64999389648438,163.64999389648438,163.64999389648438,0
2026-05-08,173.64999389648438,173.64999389648438,173.64999389648438,173.64999389648438,173.64999389648438,288
2026-05-11,183.60000610351562,183.60000610351562,188.0500030517578,181.64999389648438,186.10000610351562,715
2026-05-12,192.60000610351562,192.60000610351562,193.60000610351562,180.0,183.9499969482422,1290
2026-05-13,191.3000030517578,191.3000030517578,192.89999389648438,186.14999389648438,192.60000610351562,665
2026-05-14,181.3000030517578,181.3000030517578,186.0500030517578,181.3000030517578,186.0500030517578,209
2026-05-15,164.4499969482422,164.4499969482422,181.14999389648438,163.3000030517578,180.0,1493
2026-05-18,160.3000030517578,160.3000030517578,168.4499969482422,155.0500030517578,165.85000610351562,1574
2026-05-19,154.14999389648438,154.14999389648438,161.85000610351562,153.60000610351562,159.89999389648438,1175
2026-05-20,156.9499969482422,156.9499969482422,160.75,154.75,154.75,660
2026-05-21,166.60000610351562,166.60000610351562,166.9499969482422,159.10000610351562,159.60000610351562,482
2026-05-22,171.4499969482422,171.4499969482422,175.10000610351562,165.89999389648438,166.5,723
2026-05-26,177.10000610351562,177.10000610351562,178.5,166.89999389648438,166.89999389648438,900
2026-05-27,167.10000610351562,167.10000610351562,177.85000610351562,167.10000610351562,175.0500030517578,390
2026-05-28,168.64999389648438,168.64999389648438,171.4499969482422,159.25,165.89999389648438,811
2026-05-29,159.25,159.25,170.0,158.8000030517578,167.5,529
2026-06-01,150.0,150.0,163.4499969482422,149.25,160.10000610351562,1321
2026-06-02,160.0,160.0,160.0,152.10000610351562,152.10000610351562,830
2026-06-03,168.39999389648438,168.39999389648438,169.75,160.5500030517578,161.0,859
2026-06-04,168.39999389648438,168.39999389648438,172.3000030517578,161.0500030517578,165.25,745
2026-06-05,159.39999389648438,159.39999389648438,170.5,158.39999389648438,169.6999969482422,575
2026-06-08,160.60000610351562,160.60000610351562,168.25,154.0,156.5500030517578,738
2026-06-09,170.35000610351562,170.35000610351562,170.60000610351562,162.0,164.5,596
2026-06-10,166.8000030517578,166.8000030517578,174.9499969482422,163.0,170.89999389648438,931
2026-06-11,165.8000030517578,165.8000030517578,169.85000610351562,164.3000030517578,167.4499969482422,578
2026-06-12,163.3000030517578,163.3000030517578,167.9499969482422,162.0,165.9499969482422,691
2026-06-15,154.6999969482422,154.6999969482422,166.9499969482422,153.3000030517578,164.0500030517578,1066
2026-06-16,147.64999389648438,147.64999389648438,159.0,146.3000030517578,156.0500030517578,1331
2026-06-17,148.85000610351562,148.85000610351562,155.9499969482422,146.25,148.10000610351562,1264
2026-06-18,158.5,158.5,158.85000610351562,147.0500030517578,151.14999389648438,1605
2026-06-22,154.60000610351562,154.60000610351562,163.3000030517578,149.1999969482422,160.0,862
2026-06-23,149.10000610351562,149.10000610351562,156.39999389648438,147.1999969482422,154.89999389648438,673
2026-06-24,139.10000610351562,139.10000610351562,155.4499969482422,139.10000610351562,149.89999389648438,853
2026-06-25,133.35000610351562,133.35000610351562,142.89999389648438,130.14999389648438,140.75,484
2026-06-26,140.89999389648438,140.89999389648438,143.0,131.0,134.35000610351562,279
2026-06-29,141.75,141.75,144.0,130.89999389648438,141.3000030517578,145
2026-06-30,172.75,172.75,175.0,140.1999969482422,140.1999969482422,95
2026-07-01,174.89999389648438,174.89999389648438,174.89999389648438,174.89999389648438,174.89999389648438,0
2026-07-02,174.0,174.0,174.0,174.0,174.0,0
2026-07-06,182.75,182.75,195.85000610351562,175.60000610351562,175.60000610351562,2
2026-07-07,162.10000610351562,162.10000610351562,163.0,163.0,163.0,6
2026-07-08,158.25,158.25,158.25,158.25,158.25,0
2026-07-09,149.89999389648438,149.89999389648438,149.89999389648438,149.89999389648438,149.89999389648438,12
2026-07-10,147.85000610351562,147.85000610351562,147.85000610351562,147.85000610351562,147.85000610351562,0
2026-07-13,142.5500030517578,142.5500030517578,142.5500030517578,142.5500030517578,142.5500030517578,1042
2026-07-14,140.25,140.25,142.39999389648438,134.9499969482422,137.5500030517578,847
2026-07-15,138.85000610351562,138.85000610351562,143.5,135.64999389648438,141.64999389648438,604
2026-07-16,133.8000030517578,133.8000030517578,142.0,133.5,142.0,764
2026-07-17,138.1999969482422,138.1999969482422,143.8000030517578,130.25,134.6999969482422,1268
2026-07-20,147.39999389648438,147.39999389648438,148.14999389648438,136.64999389648438,139.60000610351562,915
2026-07-21,143.8000030517578,143.8000030517578,149.89999389648438,141.5,147.9499969482422,536
2026-07-22,150.3000030517578,150.3000030517578,150.5,140.5500030517578,143.75,726
2026-07-23,146.8000030517578,146.8000030517578,148.8000030517578,144.0,148.8000030517578,371
2026-07-24,141.75,141.75,146.14999389648438,141.5,144.5500030517578,345
2026-07-27,141.4499969482422,141.4499969482422,145.5,141.25,141.39999389648438,445
2026-07-28,136.85000610351562,136.85000610351562,142.60000610351562,134.5500030517578,141.3000030517578,855
2026-07-29,137.9499969482422,137.9499969482422,140.3000030517578,134.75,138.60000610351562,598
2026-07-30,146.0,146.0,147.35000610351562,134.85000610351562,137.5500030517578,742
2026-07-31,154.9499969482422,154.9499969482422,155.75,143.1999969482422,146.39999389648438,1587
2026-08-03,158.35000610351562,158.35000610351562,159.35000610351562,150.75,155.0,1065
2026-08-04,159.6999969482422,159.6999969482422,159.89999389648438,152.5,153.5500030517578,661
2026-08-05,157.6999969482422,157.6999969482422,158.9499969482422,154.3000030517578,156.25,577
2026-08-06,151.39999389648438,151.39999389648438,157.0,149.60000610351562,155.64999389648438,482
2026-08-07,142.5500030517578,142.5500030517578,153.85000610351562,141.60000610351562,152.9499969482422,842
2026-08-10,141.85000610351562,141.85000610351562,150.0,139.1999969482422,146.25,1151
2026-08-11,139.1999969482422,139.1999969482422,144.39999389648438,137.85000610351562,143.85000610351562,855
2026-08-12,138.25,138.25,141.0500030517578,137.5,139.0500030517578,709
2026-08-13,139.5500030517578,139.5500030517578,140.35000610351562,136.35000610351562,138.10000610351562,1158
2026-08-14,145.0500030517578,145.0500030517578,145.39999389648438,136.60000610351562,140.60000610351562,1233
2026-08-17,146.8000030517578,146.8000030517578,149.6999969482422,137.9499969482422,144.9499969482422,1203
2026-08-18,146.89999389648438,146.89999389648438,151.5,143.39999389648438,148.14999389648438,1523
2026-08-19,147.10000610351562,147.10000610351562,149.35000610351562,143.75,146.10000610351562,991
2026-08-20,151.8000030517578,151.8000030517578,156.3000030517578,148.4499969482422,148.60000610351562,1312
2026-08-21,150.8000030517578,150.8000030517578,154.9499969482422,147.14999389648438,153.10000610351562,608
2026-08-24,155.89999389648438,155.89999389648438,158.0,145.14999389648438,148.89999389648438,945
2026-08-25,150.9499969482422,150.9499969482422,155.8000030517578,150.0,155.10000610351562,1096
2026-08-26,140.9499969482422,140.9499969482422,152.9499969482422,141.0,151.0,347
2026-08-27,137.35000610351562,137.35000610351562,144.1999969482422,134.8000030517578,141.1999969482422,242
2026-08-28,132.9499969482422,132.9499969482422,134.0,127.3499984741211,134.0,87
2026-08-31,119.25,119.25,137.5,116.5,130.39999389648438,81
2026-09-01,127.1500015258789,127.1500015258789,127.1500015258789,127.1500015258789,127.1500015258789,19
2026-09-02,131.39999389648438,131.39999389648438,131.39999389648438,131.39999389648438,131.39999389648438,0
2026-09-03,137.75,137.75,137.75,137.75,137.75,0
2026-09-04,155.0500030517578,155.0500030517578,159.0,152.5,155.75,934
