Price,Adj Close,Close,High,Low,Open,Volume
Ticker,ZR=F,ZR=F,ZR=F,ZR=F,ZR=F,ZR=F
date,,,,,,
1999-09-14,6.4095001220703125,6.4095001220703125,6.4095001220703125,6.4095001220703125,6.4095001220703125,0
1999-09-16,6.465000152587891,6.465000152587891,6.4095001220703125,6.4095001220703125,6.4095001220703125,0
1999-09-17,6.465000152587891,6.465000152587891,6.4095001220703125,6.4095001220703125,6.465000152587891,0
1999-09-20,6.411499977111816,6.411499977111816,6.4095001220703125,6.4095001220703125,6.465000152587891,0
1999-09-21,6.376500129699707,6.376500129699707,6.4095001220703125,6.4095001220703125,6.411499977111816,0
1999-09-22,6.391499996185303,6.391499996185303,6.4095001220703125,6.4095001220703125,6.376500129699707,0
1999-09-24,6.379499912261963,6.379499912261963,6.4095001220703125,6.4095001220703125,6.391499996185303,0
1999-09-27,6.341000080108643,6.341000080108643,6.4095001220703125,6.4095001220703125,6.379499912261963,0
1999-09-28,6.269000053405762,6.269000053405762,6.4095001220703125,6.4095001220703125,6.341000080108643,0
1999-09-29,6.3404998779296875,6.3404998779296875,6.4095001220703125,6.4095001220703125,6.269000053405762,0
1999-09-30,6.348499774932861,6.348499774932861,6.4095001220703125,6.4095001220703125,6.3404998779296875,0
1999-10-01,6.341000080108643,6.341000080108643,6.4095001220703125,6.4095001220703125,6.348499774932861,0
1999-10-04,6.304500102996826,6.304500102996826,6.4095001220703125,6.4095001220703125,6.341000080108643,0
1999-10-06,6.367499828338623,6.367499828338623,6.4095001220703125,6.4095001220703125,6.304500102996826,0
1999-10-08,6.361999988555908,6.361999988555908,6.4095001220703125,6.4095001220703125,6.367499828338623,0
1999-10-11,6.385499954223633,6.385499954223633,6.4095001220703125,6.4095001220703125,6.361999988555908,0
1999-10-12,6.38100004196167,6.38100004196167,6.4095001220703125,6.4095001220703125,6.385499954223633,0
1999-10-14,6.428999900817871,6.428999900817871,6.4095001220703125,6.4095001220703125,6.38100004196167,0
1999-10-15,6.458000183105469,6.458000183105469,6.4095001220703125,6.4095001220703125,6.428999900817871,0
1999-10-18,6.4644999504089355,6.4644999504089355,6.4095001220703125,6.4095001220703125,6.458000183105469,0
1999-10-19,6.449999809265137,6.449999809265137,6.4095001220703125,6.4095001220703125,6.4644999504089355,0
1999-10-20,6.432499885559082,6.432499885559082,6.4095001220703125,6.4095001220703125,6.449999809265137,0
1999-10-21,6.436500072479248,6.436500072479248,6.4095001220703125,6.4095001220703125,6.432499885559082,0
1999-10-22,6.446499824523926,6.446499824523926,6.4095001220703125,6.4095001220703125,6.436500072479248,0
1999-10-26,6.4670000076293945,6.4670000076293945,6.4095001220703125,6.4095001220703125,6.446499824523926,0
1999-10-27,6.451000213623047,6.451000213623047,6.4095001220703125,6.4095001220703125,6.4670000076293945,0
1999-10-28,6.447000026702881,6.447000026702881,6.4095001220703125,6.4095001220703125,6.451000213623047,0
1999-10-29,6.440999984741211,6.440999984741211,6.4095001220703125,6.4095001220703125,6.447000026702881,0
1999-11-01,6.438000202178955,6.438000202178955,6.4095001220703125,6.4095001220703125,6.440999984741211,0
1999-11-02,6.446499824523926,6.446499824523926,6.4095001220703125,6.4095001220703125,6.438000202178955,0
1999-11-03,6.427499771118164,6.427499771118164,6.4095001220703125,6.4095001220703125,6.446499824523926,0
1999-11-04,6.420499801635742,6.420499801635742,6.4095001220703125,6.4095001220703125,6.427499771118164,0
1999-11-05,6.4085001945495605,6.4085001945495605,6.4095001220703125,6.4095001220703125,6.420499801635742,0
1999-11-08,6.406499862670898,6.406499862670898,6.4095001220703125,6.4095001220703125,6.4085001945495605,0
1999-11-09,6.410999774932861,6.410999774932861,6.4095001220703125,6.4095001220703125,6.406499862670898,0
1999-11-11,6.420499801635742,6.420499801635742,6.4095001220703125,6.4095001220703125,6.410999774932861,0
1999-11-12,6.420499801635742,6.420499801635742,6.4095001220703125,6.4095001220703125,6.420499801635742,0
1999-11-15,6.432000160217285,6.432000160217285,6.4095001220703125,6.4095001220703125,6.420499801635742,0
1999-11-17,6.431000232696533,6.431000232696533,6.4095001220703125,6.4095001220703125,6.432000160217285,0
1999-11-19,6.4045000076293945,6.4045000076293945,6.4095001220703125,6.4095001220703125,6.431000232696533,0
1999-11-22,6.4039998054504395,6.4039998054504395,6.4095001220703125,6.4095001220703125,6.4045000076293945,0
1999-11-23,6.39300012588501,6.39300012588501,6.4095001220703125,6.4095001220703125,6.4039998054504395,0
1999-11-24,6.395999908447266,6.395999908447266,6.4095001220703125,6.4095001220703125,6.39300012588501,0
1999-11-26,6.409999847412109,6.409999847412109,6.4095001220703125,6.4095001220703125,6.395999908447266,0
1999-11-29,6.457499980926514,6.457499980926514,6.4095001220703125,6.4095001220703125,6.409999847412109,0
1999-12-01,6.41349983215332,6.41349983215332,6.4095001220703125,6.4095001220703125,6.457499980926514,0
1999-12-02,6.4054999351501465,6.4054999351501465,6.4095001220703125,6.4095001220703125,6.41349983215332,0
1999-12-03,6.410999774932861,6.410999774932861,6.4095001220703125,6.4095001220703125,6.4054999351501465,0
1999-12-06,6.40749979019165,6.40749979019165,6.4095001220703125,6.4095001220703125,6.410999774932861,0
1999-12-07,6.400000095367432,6.400000095367432,6.4095001220703125,6.4095001220703125,6.40749979019165,0
1999-12-08,6.401000022888184,6.401000022888184,6.4095001220703125,6.4095001220703125,6.400000095367432,0
1999-12-09,6.39300012588501,6.39300012588501,6.4095001220703125,6.4095001220703125,6.401000022888184,0
1999-12-10,6.358500003814697,6.358500003814697,6.4095001220703125,6.4095001220703125,6.39300012588501,0
1999-12-13,6.361499786376953,6.361499786376953,6.4095001220703125,6.4095001220703125,6.358500003814697,0
1999-12-14,6.36899995803833,6.36899995803833,6.4095001220703125,6.4095001220703125,6.361499786376953,0
1999-12-15,6.386000156402588,6.386000156402588,6.4095001220703125,6.4095001220703125,6.36899995803833,0
1999-12-16,6.375500202178955,6.375500202178955,6.4095001220703125,6.4095001220703125,6.386000156402588,0
1999-12-17,6.378499984741211,6.378499984741211,6.4095001220703125,6.4095001220703125,6.375500202178955,0
1999-12-20,6.364500045776367,6.364500045776367,6.4095001220703125,6.4095001220703125,6.378499984741211,0
1999-12-21,6.374000072479248,6.374000072479248,6.4095001220703125,6.4095001220703125,6.364500045776367,0
1999-12-22,6.369999885559082,6.369999885559082,6.4095001220703125,6.4095001220703125,6.374000072479248,0
1999-12-23,6.377999782562256,6.377999782562256,6.4095001220703125,6.4095001220703125,6.369999885559082,0
1999-12-27,6.377999782562256,6.377999782562256,6.4095001220703125,6.4095001220703125,6.377999782562256,0
1999-12-28,6.36899995803833,6.36899995803833,6.4095001220703125,6.4095001220703125,6.377999782562256,0
1999-12-29,6.388500213623047,6.388500213623047,6.4095001220703125,6.4095001220703125,6.36899995803833,0
1999-12-30,6.381499767303467,6.381499767303467,6.4095001220703125,6.4095001220703125,6.388500213623047,0
1999-12-31,6.366499900817871,6.366499900817871,6.4095001220703125,6.4095001220703125,6.381499767303467,0
2000-01-03,6.366499900817871,6.366499900817871,6.4095001220703125,6.4095001220703125,6.366499900817871,0
2000-01-04,6.29449987411499,6.29449987411499,6.4095001220703125,6.4095001220703125,6.366499900817871,0
2000-01-05,6.264999866485596,6.264999866485596,6.4095001220703125,6.4095001220703125,6.29449987411499,0
2000-01-06,6.2729997634887695,6.2729997634887695,6.4095001220703125,6.4095001220703125,6.264999866485596,0
2000-01-07,6.243500232696533,6.243500232696533,6.4095001220703125,6.4095001220703125,6.2729997634887695,0
2000-01-10,6.276000022888184,6.276000022888184,6.4095001220703125,6.4095001220703125,6.243500232696533,0
2000-01-11,6.278500080108643,6.278500080108643,6.4095001220703125,6.4095001220703125,6.276000022888184,0
2000-01-12,6.241000175476074,6.241000175476074,6.4095001220703125,6.4095001220703125,6.278500080108643,1
2000-01-13,6.480000019073486,6.480000019073486,6.480000019073486,6.480000019073486,6.480000019073486,0
2000-01-14,6.247000217437744,6.247000217437744,6.4095001220703125,6.4095001220703125,6.241000175476074,0
2000-01-18,6.264500141143799,6.264500141143799,6.4095001220703125,6.4095001220703125,6.247000217437744,0
2000-01-19,6.2895002365112305,6.2895002365112305,6.4095001220703125,6.4095001220703125,6.264500141143799,0
2000-01-20,6.270999908447266,6.270999908447266,6.4095001220703125,6.4095001220703125,6.2895002365112305,0
2000-01-21,6.302000045776367,6.302000045776367,6.4095001220703125,6.4095001220703125,6.270999908447266,0
2000-01-24,6.331999778747559,6.331999778747559,6.4095001220703125,6.4095001220703125,6.302000045776367,0
2000-01-25,6.324999809265137,6.324999809265137,6.4095001220703125,6.4095001220703125,6.331999778747559,0
2000-01-26,6.3379998207092285,6.3379998207092285,6.4095001220703125,6.4095001220703125,6.324999809265137,0
2000-01-27,6.388000011444092,6.388000011444092,6.4095001220703125,6.4095001220703125,6.3379998207092285,0
2000-01-28,6.515999794006348,6.515999794006348,6.4095001220703125,6.4095001220703125,6.388000011444092,0
2000-01-31,6.515999794006348,6.515999794006348,6.4095001220703125,6.4095001220703125,6.515999794006348,0
2000-02-01,6.421500205993652,6.421500205993652,6.4095001220703125,6.4095001220703125,6.515999794006348,0
2000-02-02,6.439000129699707,6.439000129699707,6.4095001220703125,6.4095001220703125,6.421500205993652,0
2000-02-03,6.4079999923706055,6.4079999923706055,6.4095001220703125,6.4095001220703125,6.439000129699707,0
2000-02-04,6.402500152587891,6.402500152587891,6.4095001220703125,6.4095001220703125,6.4079999923706055,0
2000-02-07,6.436500072479248,6.436500072479248,6.4095001220703125,6.4095001220703125,6.402500152587891,0
2000-02-08,6.439000129699707,6.439000129699707,6.4095001220703125,6.4095001220703125,6.436500072479248,0
2000-02-09,6.482500076293945,6.482500076293945,6.4095001220703125,6.4095001220703125,6.439000129699707,0
2000-02-10,6.4770002365112305,6.4770002365112305,6.4095001220703125,6.4095001220703125,6.482500076293945,0
2000-02-11,6.49399995803833,6.49399995803833,6.4095001220703125,6.4095001220703125,6.4770002365112305,0
2000-02-14,6.495500087738037,6.495500087738037,6.4095001220703125,6.4095001220703125,6.49399995803833,0
2000-02-15,6.501999855041504,6.501999855041504,6.4095001220703125,6.4095001220703125,6.495500087738037,0
2000-02-16,6.4745001792907715,6.4745001792907715,6.4095001220703125,6.4095001220703125,6.501999855041504,0
2000-02-17,6.461999893188477,6.461999893188477,6.4095001220703125,6.4095001220703125,6.4745001792907715,0
2000-02-18,6.475500106811523,6.475500106811523,6.4095001220703125,6.4095001220703125,6.461999893188477,0
2000-02-22,6.451499938964844,6.451499938964844,6.4095001220703125,6.4095001220703125,6.475500106811523,0
2000-02-23,6.4629998207092285,6.4629998207092285,6.4095001220703125,6.4095001220703125,6.451499938964844,0
2000-02-24,6.480000019073486,6.480000019073486,6.4095001220703125,6.4095001220703125,6.4629998207092285,0
2000-02-25,6.429999828338623,6.429999828338623,6.4095001220703125,6.4095001220703125,6.480000019073486,0
2000-02-28,6.515500068664551,6.515500068664551,6.4095001220703125,6.4095001220703125,6.429999828338623,0
2000-02-29,6.4770002365112305,6.4770002365112305,6.4095001220703125,6.4095001220703125,6.515500068664551,0
2000-03-01,6.485000133514404,6.485000133514404,6.4095001220703125,6.4095001220703125,6.4770002365112305,0
2000-03-02,6.519000053405762,6.519000053405762,6.4095001220703125,6.4095001220703125,6.485000133514404,0
2000-03-03,6.605500221252441,6.605500221252441,6.4095001220703125,6.4095001220703125,6.519000053405762,0
2000-03-06,6.6504998207092285,6.6504998207092285,6.4095001220703125,6.4095001220703125,6.605500221252441,0
2000-03-07,6.682499885559082,6.682499885559082,6.4095001220703125,6.4095001220703125,6.6504998207092285,0
2000-03-08,6.626999855041504,6.626999855041504,6.4095001220703125,6.4095001220703125,6.682499885559082,0
2000-03-09,6.5289998054504395,6.5289998054504395,6.4095001220703125,6.4095001220703125,6.626999855041504,0
2000-03-10,6.5335001945495605,6.5335001945495605,6.4095001220703125,6.4095001220703125,6.5289998054504395,0
2000-03-13,6.561999797821045,6.561999797821045,6.4095001220703125,6.4095001220703125,6.5335001945495605,0
2000-03-14,6.574999809265137,6.574999809265137,6.4095001220703125,6.4095001220703125,6.561999797821045,0
2000-03-15,6.617000102996826,6.617000102996826,6.4095001220703125,6.4095001220703125,6.574999809265137,0
2000-03-16,6.576499938964844,6.576499938964844,6.4095001220703125,6.4095001220703125,6.617000102996826,0
2000-03-17,6.598999977111816,6.598999977111816,6.4095001220703125,6.4095001220703125,6.576499938964844,0
2000-03-20,6.610499858856201,6.610499858856201,6.4095001220703125,6.4095001220703125,6.598999977111816,0
2000-03-21,6.610499858856201,6.610499858856201,6.4095001220703125,6.4095001220703125,6.610499858856201,0
2000-03-22,6.578000068664551,6.578000068664551,6.4095001220703125,6.4095001220703125,6.610499858856201,0
2000-03-23,6.598999977111816,6.598999977111816,6.4095001220703125,6.4095001220703125,6.578000068664551,0
2000-03-24,6.602499961853027,6.602499961853027,6.4095001220703125,6.4095001220703125,6.598999977111816,0
2000-03-27,6.58650016784668,6.58650016784668,6.4095001220703125,6.4095001220703125,6.602499961853027,0
2000-03-28,6.599999904632568,6.599999904632568,6.4095001220703125,6.4095001220703125,6.58650016784668,0
2000-03-29,6.63700008392334,6.63700008392334,6.4095001220703125,6.4095001220703125,6.599999904632568,0
2000-03-30,6.702000141143799,6.702000141143799,6.4095001220703125,6.4095001220703125,6.63700008392334,102
2000-03-31,6.64900016784668,6.64900016784668,6.4095001220703125,6.4095001220703125,6.702000141143799,0
2000-04-03,6.670499801635742,6.670499801635742,6.4095001220703125,6.4095001220703125,6.64900016784668,0
2000-04-04,6.684000015258789,6.684000015258789,6.4095001220703125,6.4095001220703125,6.670499801635742,51
2000-04-05,6.760000228881836,6.760000228881836,6.760000228881836,6.760000228881836,6.760000228881836,0
2000-04-06,6.700500011444092,6.700500011444092,6.4095001220703125,6.4095001220703125,6.684000015258789,0
2000-04-07,6.675000190734863,6.675000190734863,6.4095001220703125,6.4095001220703125,6.700500011444092,0
2000-04-10,6.666999816894531,6.666999816894531,6.4095001220703125,6.4095001220703125,6.675000190734863,0
2000-04-11,6.700500011444092,6.700500011444092,6.4095001220703125,6.4095001220703125,6.666999816894531,0
2000-04-12,6.686999797821045,6.686999797821045,6.4095001220703125,6.4095001220703125,6.700500011444092,0
2000-04-13,6.683499813079834,6.683499813079834,6.4095001220703125,6.4095001220703125,6.686999797821045,0
2000-04-14,6.694499969482422,6.694499969482422,6.4095001220703125,6.4095001220703125,6.683499813079834,0
2000-04-17,6.736000061035156,6.736000061035156,6.4095001220703125,6.4095001220703125,6.694499969482422,0
2000-04-18,6.697500228881836,6.697500228881836,6.4095001220703125,6.4095001220703125,6.736000061035156,1
2000-04-19,6.550000190734863,6.550000190734863,6.690000057220459,6.519999980926514,6.690000057220459,0
2000-04-20,6.831500053405762,6.831500053405762,6.4095001220703125,6.4095001220703125,6.697500228881836,0
2000-04-24,6.831500053405762,6.831500053405762,6.4095001220703125,6.4095001220703125,6.831500053405762,0
2000-04-25,6.85099983215332,6.85099983215332,6.4095001220703125,6.4095001220703125,6.831500053405762,0
2000-04-26,6.924499988555908,6.924499988555908,6.4095001220703125,6.4095001220703125,6.85099983215332,0
2000-04-27,6.959499835968018,6.959499835968018,6.4095001220703125,6.4095001220703125,6.924499988555908,0
2000-04-28,6.884500026702881,6.884500026702881,6.4095001220703125,6.4095001220703125,6.959499835968018,0
2000-05-01,6.877500057220459,6.877500057220459,6.4095001220703125,6.4095001220703125,6.884500026702881,0
2000-05-02,6.878499984741211,6.878499984741211,6.4095001220703125,6.4095001220703125,6.877500057220459,0
2000-05-03,6.935999870300293,6.935999870300293,6.4095001220703125,6.4095001220703125,6.878499984741211,0
2000-05-04,7.065999984741211,7.065999984741211,6.4095001220703125,6.4095001220703125,6.935999870300293,0
2000-05-05,7.053999900817871,7.053999900817871,6.4095001220703125,6.4095001220703125,7.065999984741211,0
2000-05-08,7.058499813079834,7.058499813079834,6.4095001220703125,6.4095001220703125,7.053999900817871,0
2000-05-09,7.184999942779541,7.184999942779541,6.4095001220703125,6.4095001220703125,7.058499813079834,0
2000-05-10,7.139500141143799,7.139500141143799,6.4095001220703125,6.4095001220703125,7.184999942779541,0
2000-05-11,7.128499984741211,7.128499984741211,6.4095001220703125,6.4095001220703125,7.139500141143799,0
2000-05-12,7.125999927520752,7.125999927520752,6.4095001220703125,6.4095001220703125,7.128499984741211,0
2000-05-15,7.15500020980835,7.15500020980835,6.4095001220703125,6.4095001220703125,7.125999927520752,0
2000-05-16,7.148499965667725,7.148499965667725,6.4095001220703125,6.4095001220703125,7.15500020980835,29
2000-05-17,6.289999961853027,6.289999961853027,6.309999942779541,6.239999771118164,6.309999942779541,0
2000-05-18,7.237500190734863,7.237500190734863,6.4095001220703125,6.4095001220703125,7.148499965667725,0
2000-05-19,7.269000053405762,7.269000053405762,6.4095001220703125,6.4095001220703125,7.237500190734863,0
2000-05-22,7.223499774932861,7.223499774932861,6.4095001220703125,6.4095001220703125,7.269000053405762,0
2000-05-23,7.170000076293945,7.170000076293945,6.4095001220703125,6.4095001220703125,7.223499774932861,0
2000-05-24,7.191500186920166,7.191500186920166,6.4095001220703125,6.4095001220703125,7.170000076293945,48
2000-05-25,6.400000095367432,6.400000095367432,6.5,6.380000114440918,6.5,0
2000-05-26,7.2104997634887695,7.2104997634887695,6.4095001220703125,6.4095001220703125,7.191500186920166,0
2000-05-30,7.077499866485596,7.077499866485596,6.4095001220703125,6.4095001220703125,7.2104997634887695,0
2000-05-31,7.0345001220703125,7.0345001220703125,6.4095001220703125,6.4095001220703125,7.077499866485596,0
2000-06-01,7.053999900817871,7.053999900817871,6.4095001220703125,6.4095001220703125,7.0345001220703125,0
2000-06-02,7.005499839782715,7.005499839782715,6.4095001220703125,6.4095001220703125,7.053999900817871,0
2000-06-05,6.977499961853027,6.977499961853027,6.4095001220703125,6.4095001220703125,7.005499839782715,0
2000-06-06,7.020500183105469,7.020500183105469,6.4095001220703125,6.4095001220703125,6.977499961853027,0
2000-06-07,7.047999858856201,7.047999858856201,6.4095001220703125,6.4095001220703125,7.020500183105469,0
2000-06-08,7.125,7.125,6.4095001220703125,6.4095001220703125,7.047999858856201,0
2000-06-09,7.086999893188477,7.086999893188477,6.4095001220703125,6.4095001220703125,7.125,40
2000-06-12,7.105000019073486,7.105000019073486,7.105000019073486,7.103499889373779,7.105000019073486,14
2000-06-13,7.0960001945495605,7.0960001945495605,7.105000019073486,7.105000019073486,7.105000019073486,0
2000-06-14,7.081500053405762,7.081500053405762,7.105000019073486,7.105000019073486,7.105000019073486,94
2000-06-15,7.00600004196167,7.00600004196167,7.105000019073486,7.105000019073486,7.105000019073486,62
2000-06-16,6.960999965667725,6.960999965667725,7.105000019073486,7.105000019073486,7.105000019073486,1
2000-06-19,6.896999835968018,6.896999835968018,7.105000019073486,7.105000019073486,7.105000019073486,0
2000-06-20,6.933000087738037,6.933000087738037,7.105000019073486,7.105000019073486,7.105000019073486,0
2000-06-21,6.9720001220703125,6.9720001220703125,7.105000019073486,7.105000019073486,7.105000019073486,0
2000-06-22,6.986499786376953,6.986499786376953,7.105000019073486,7.105000019073486,7.105000019073486,47
2000-06-23,6.974999904632568,6.974999904632568,7.105000019073486,7.105000019073486,7.105000019073486,0
2000-06-26,6.958499908447266,6.958499908447266,7.105000019073486,7.105000019073486,7.105000019073486,0
2000-06-27,6.934000015258789,6.934000015258789,7.105000019073486,7.105000019073486,7.105000019073486,116
2000-06-28,6.86899995803833,6.86899995803833,7.105000019073486,7.105000019073486,7.105000019073486,0
2000-06-29,6.859000205993652,6.859000205993652,7.105000019073486,7.105000019073486,7.105000019073486,0
2000-06-30,6.882999897003174,6.882999897003174,7.105000019073486,7.105000019073486,7.105000019073486,24
2000-07-03,6.863500118255615,6.863500118255615,7.105000019073486,7.105000019073486,7.105000019073486,24
2000-07-05,6.828000068664551,6.828000068664551,6.829500198364258,6.828000068664551,6.828000068664551,13
2000-07-06,6.8394999504089355,6.8394999504089355,6.828000068664551,6.828000068664551,6.828000068664551,210
2000-07-07,6.8979997634887695,6.8979997634887695,6.828000068664551,6.828000068664551,6.828000068664551,51
2000-07-10,6.91349983215332,6.91349983215332,6.828000068664551,6.828000068664551,6.828000068664551,37
2000-07-11,6.877500057220459,6.877500057220459,6.828000068664551,6.828000068664551,6.828000068664551,17
2000-07-12,6.847499847412109,6.847499847412109,6.828000068664551,6.828000068664551,6.828000068664551,17
2000-07-13,6.871500015258789,6.871500015258789,6.829500198364258,6.828000068664551,6.828000068664551,0
2000-07-14,6.894999980926514,6.894999980926514,6.828000068664551,6.828000068664551,6.828000068664551,35
2000-07-17,6.928999900817871,6.928999900817871,6.828000068664551,6.828000068664551,6.828000068664551,54
2000-07-18,6.959499835968018,6.959499835968018,6.828000068664551,6.828000068664551,6.828000068664551,51
2000-07-19,6.999499797821045,6.999499797821045,6.828000068664551,6.828000068664551,6.828000068664551,21
2000-07-20,7.021999835968018,7.021999835968018,6.828000068664551,6.828000068664551,6.828000068664551,0
2000-07-21,6.958499908447266,6.958499908447266,6.958499908447266,6.958499908447266,6.958499908447266,34
2000-07-24,6.987500190734863,6.987500190734863,6.958499908447266,6.958499908447266,6.958499908447266,0
2000-07-25,6.987500190734863,6.987500190734863,6.958499908447266,6.958499908447266,6.958499908447266,0
2000-07-26,6.998000144958496,6.998000144958496,6.958499908447266,6.958499908447266,6.958499908447266,0
2000-07-27,6.963500022888184,6.963500022888184,6.958499908447266,6.958499908447266,6.958499908447266,0
2000-07-28,6.978000164031982,6.978000164031982,6.958499908447266,6.958499908447266,6.958499908447266,0
2000-07-31,6.999000072479248,6.999000072479248,6.958499908447266,6.958499908447266,6.958499908447266,8
2000-08-01,6.985000133514404,6.985000133514404,7.022500038146973,6.985000133514404,6.985000133514404,32
2000-08-02,7.039999961853027,7.039999961853027,6.985000133514404,6.985000133514404,6.985000133514404,10
2000-08-03,7.023499965667725,7.023499965667725,7.023499965667725,7.023499965667725,7.023499965667725,0
2000-08-04,7.0304999351501465,7.0304999351501465,7.023499965667725,7.023499965667725,7.023499965667725,34
2000-08-07,6.989999771118164,6.989999771118164,7.023499965667725,6.988500118255615,6.988500118255615,34
2000-08-08,6.981500148773193,6.981500148773193,7.023499965667725,6.988500118255615,7.001999855041504,30
2000-08-09,7.017000198364258,7.017000198364258,7.023499965667725,6.988500118255615,7.003499984741211,30
2000-08-10,7.031000137329102,7.031000137329102,7.023499965667725,6.988500118255615,7.015999794006348,153
2000-08-11,6.985499858856201,6.985499858856201,7.023499965667725,6.988500118255615,6.975500106811523,16
2000-08-14,6.927999973297119,6.927999973297119,7.023499965667725,6.988500118255615,6.918499946594238,15
2000-08-15,6.942500114440918,6.942500114440918,7.023499965667725,6.988500118255615,6.932499885559082,15
2000-08-16,6.959499835968018,6.959499835968018,7.023499965667725,6.988500118255615,6.954999923706055,27
2000-08-17,6.9730000495910645,6.9730000495910645,7.023499965667725,6.988500118255615,6.9664998054504395,51
2000-08-18,6.946499824523926,6.946499824523926,7.023499965667725,6.988500118255615,6.933000087738037,51
2000-08-21,6.961999893188477,6.961999893188477,7.023499965667725,6.988500118255615,6.947999954223633,51
2000-08-22,6.98799991607666,6.98799991607666,7.023499965667725,6.988500118255615,6.979000091552734,8
2000-08-23,7.011000156402588,7.011000156402588,7.023499965667725,6.988500118255615,6.998499870300293,41
2000-08-24,6.986999988555908,6.986999988555908,7.023499965667725,6.988500118255615,6.98199987411499,41
2000-08-25,6.9654998779296875,6.9654998779296875,7.023499965667725,6.988500118255615,6.950500011444092,0
2000-08-28,6.75,6.75,6.75,6.75,6.75,0
2000-08-29,6.849999904632568,6.849999904632568,6.849999904632568,6.849999904632568,6.849999904632568,0
2000-08-30,6.5,6.5,6.5,6.5,6.5,0
2000-08-31,6.269999980926514,6.269999980926514,6.269999980926514,6.269999980926514,6.269999980926514,0
2000-09-05,6.25,6.25,6.25,6.25,6.25,0
2000-09-06,6.28000020980835,6.28000020980835,6.28000020980835,6.28000020980835,6.28000020980835,0
2000-09-07,6.309999942779541,6.309999942779541,6.309999942779541,6.309999942779541,6.309999942779541,4
2000-09-08,6.309999942779541,6.309999942779541,6.309999942779541,6.309999942779541,6.309999942779541,0
2000-09-11,6.650000095367432,6.650000095367432,6.650000095367432,6.650000095367432,6.650000095367432,0
2000-09-12,6.829999923706055,6.829999923706055,6.829999923706055,6.829999923706055,6.829999923706055,0
2000-09-13,6.800000190734863,6.800000190734863,6.800000190734863,6.800000190734863,6.800000190734863,0
2000-09-14,6.75,6.75,6.75,6.75,6.75,0
2000-09-15,6.550000190734863,6.550000190734863,6.550000190734863,6.550000190734863,6.550000190734863,0
2000-09-18,6.440000057220459,6.440000057220459,6.440000057220459,6.440000057220459,6.440000057220459,0
2000-09-19,6.480000019073486,6.480000019073486,6.480000019073486,6.480000019073486,6.480000019073486,0
2000-09-20,6.039999961853027,6.039999961853027,6.039999961853027,6.039999961853027,6.039999961853027,0
2000-09-21,5.925000190734863,5.925000190734863,5.925000190734863,5.925000190734863,5.925000190734863,0
2000-09-22,6.010000228881836,6.010000228881836,6.010000228881836,5.829999923706055,5.889999866485596,8
2000-09-25,5.880000114440918,5.880000114440918,5.880000114440918,5.880000114440918,5.880000114440918,1
2000-09-26,5.925000190734863,5.925000190734863,5.925000190734863,5.849999904632568,5.849999904632568,0
2000-09-27,5.960000038146973,5.960000038146973,5.960000038146973,5.960000038146973,5.960000038146973,0
2000-09-28,6.110000133514404,6.110000133514404,6.110000133514404,6.110000133514404,6.110000133514404,0
2000-09-29,6.309999942779541,6.309999942779541,6.309999942779541,6.309999942779541,6.309999942779541,17
2000-10-02,6.25,6.25,6.25,6.25,6.25,1
2000-10-03,6.230000019073486,6.230000019073486,6.25,6.230000019073486,6.25,0
2000-10-04,6.199999809265137,6.199999809265137,6.199999809265137,6.199999809265137,6.199999809265137,0
2000-10-05,6.260000228881836,6.260000228881836,6.260000228881836,6.260000228881836,6.260000228881836,0
2000-10-06,6.28000020980835,6.28000020980835,6.28000020980835,6.28000020980835,6.28000020980835,0
2000-10-09,6.440000057220459,6.440000057220459,6.440000057220459,6.440000057220459,6.440000057220459,3
2000-10-10,6.59499979019165,6.59499979019165,6.59499979019165,6.480000019073486,6.480000019073486,0
2000-10-11,6.519999980926514,6.519999980926514,6.519999980926514,6.519999980926514,6.519999980926514,0
2000-10-12,6.519999980926514,6.519999980926514,6.519999980926514,6.519999980926514,6.519999980926514,0
2000-10-13,6.585000038146973,6.585000038146973,6.585000038146973,6.585000038146973,6.585000038146973,0
2000-10-16,6.545000076293945,6.545000076293945,6.545000076293945,6.545000076293945,6.545000076293945,0
2000-10-17,6.619999885559082,6.619999885559082,6.619999885559082,6.619999885559082,6.619999885559082,0
2000-10-18,6.570000171661377,6.570000171661377,6.570000171661377,6.570000171661377,6.570000171661377,0
2000-10-19,6.690000057220459,6.690000057220459,6.690000057220459,6.690000057220459,6.690000057220459,0
2000-10-20,6.639999866485596,6.639999866485596,6.639999866485596,6.639999866485596,6.639999866485596,0
2000-10-23,6.599999904632568,6.599999904632568,6.599999904632568,6.599999904632568,6.599999904632568,0
2000-10-24,6.619999885559082,6.619999885559082,6.619999885559082,6.619999885559082,6.619999885559082,0
2000-10-25,6.559999942779541,6.559999942779541,6.559999942779541,6.559999942779541,6.559999942779541,0
2000-10-26,6.550000190734863,6.550000190734863,6.550000190734863,6.550000190734863,6.550000190734863,0
2000-10-27,6.440000057220459,6.440000057220459,6.440000057220459,6.440000057220459,6.440000057220459,0
2000-10-30,6.300000190734863,6.300000190734863,6.300000190734863,6.300000190734863,6.300000190734863,0
2000-10-31,6.199999809265137,6.199999809265137,6.199999809265137,6.199999809265137,6.199999809265137,0
2000-11-01,6.130000114440918,6.130000114440918,6.130000114440918,6.130000114440918,6.130000114440918,0
2000-11-02,6.210000038146973,6.210000038146973,6.210000038146973,6.210000038146973,6.210000038146973,0
2000-11-03,6.21999979019165,6.21999979019165,6.21999979019165,6.21999979019165,6.21999979019165,0
2000-11-06,6.21999979019165,6.21999979019165,6.21999979019165,6.21999979019165,6.21999979019165,0
2000-11-07,6.170000076293945,6.170000076293945,6.170000076293945,6.170000076293945,6.170000076293945,0
2000-11-08,6.21999979019165,6.21999979019165,6.21999979019165,6.21999979019165,6.21999979019165,0
2000-11-09,6.239999771118164,6.239999771118164,6.239999771118164,6.239999771118164,6.239999771118164,0
2000-11-10,6.25,6.25,6.25,6.25,6.25,0
2000-11-13,6.260000228881836,6.260000228881836,6.260000228881836,6.260000228881836,6.260000228881836,0
2000-11-14,6.260000228881836,6.260000228881836,6.260000228881836,6.260000228881836,6.260000228881836,0
2000-11-15,6.260000228881836,6.260000228881836,6.260000228881836,6.260000228881836,6.260000228881836,0
2000-11-16,6.239999771118164,6.239999771118164,6.239999771118164,6.239999771118164,6.239999771118164,0
2000-11-17,6.239999771118164,6.239999771118164,6.239999771118164,6.239999771118164,6.239999771118164,0
2000-11-20,6.25,6.25,6.25,6.25,6.25,0
2000-11-21,6.360000133514404,6.360000133514404,6.360000133514404,6.360000133514404,6.360000133514404,0
2000-11-22,6.340000152587891,6.340000152587891,6.340000152587891,6.340000152587891,6.340000152587891,0
2000-11-24,6.380000114440918,6.380000114440918,6.380000114440918,6.380000114440918,6.380000114440918,0
2000-11-27,6.409999847412109,6.409999847412109,6.409999847412109,6.409999847412109,6.409999847412109,0
2000-11-28,6.28000020980835,6.28000020980835,6.28000020980835,6.28000020980835,6.28000020980835,0
2000-11-29,6.230000019073486,6.230000019073486,6.230000019073486,6.230000019073486,6.230000019073486,0
2000-11-30,6.269999980926514,6.269999980926514,6.269999980926514,6.269999980926514,6.269999980926514,0
2000-12-01,6.239999771118164,6.239999771118164,6.239999771118164,6.239999771118164,6.239999771118164,0
2000-12-04,6.164999961853027,6.164999961853027,6.164999961853027,6.164999961853027,6.164999961853027,0
2000-12-05,6.190000057220459,6.190000057220459,6.190000057220459,6.190000057220459,6.190000057220459,0
2000-12-06,6.190000057220459,6.190000057220459,6.190000057220459,6.190000057220459,6.190000057220459,0
2000-12-07,6.190000057220459,6.190000057220459,6.190000057220459,6.190000057220459,6.190000057220459,0
2000-12-08,6.230000019073486,6.230000019073486,6.230000019073486,6.230000019073486,6.230000019073486,0
2000-12-11,6.230000019073486,6.230000019073486,6.230000019073486,6.230000019073486,6.230000019073486,0
2000-12-12,6.190000057220459,6.190000057220459,6.190000057220459,6.190000057220459,6.190000057220459,0
2000-12-13,6.119999885559082,6.119999885559082,6.119999885559082,6.119999885559082,6.119999885559082,0
2000-12-14,6.070000171661377,6.070000171661377,6.070000171661377,6.070000171661377,6.070000171661377,0
2000-12-15,5.980000019073486,5.980000019073486,5.980000019073486,5.980000019073486,5.980000019073486,0
2000-12-18,5.920000076293945,5.920000076293945,5.920000076293945,5.920000076293945,5.920000076293945,0
2000-12-19,5.929999828338623,5.929999828338623,5.929999828338623,5.929999828338623,5.929999828338623,0
2000-12-20,5.985000133514404,5.985000133514404,5.985000133514404,5.985000133514404,5.985000133514404,0
2000-12-21,6.0,6.0,6.0,6.0,6.0,0
2000-12-22,6.019999980926514,6.019999980926514,6.019999980926514,6.019999980926514,6.019999980926514,0
2000-12-26,5.929999828338623,5.929999828338623,6.019999980926514,5.929999828338623,5.929999828338623,0
2000-12-27,5.889999866485596,5.889999866485596,5.889999866485596,5.889999866485596,5.889999866485596,0
2000-12-28,5.860000133514404,5.860000133514404,5.860000133514404,5.860000133514404,5.860000133514404,0
2000-12-29,5.920000076293945,5.920000076293945,5.920000076293945,5.920000076293945,5.920000076293945,0
2001-01-02,5.880000114440918,5.880000114440918,5.880000114440918,5.880000114440918,5.880000114440918,0
2001-01-03,6.005000114440918,6.005000114440918,6.005000114440918,6.005000114440918,6.005000114440918,0
2001-01-04,6.0,6.0,6.0,6.0,6.0,0
2001-01-05,5.940000057220459,5.940000057220459,5.940000057220459,5.940000057220459,5.940000057220459,0
2001-01-08,5.940000057220459,5.940000057220459,5.940000057220459,5.940000057220459,5.940000057220459,0
2001-01-09,6.099999904632568,6.099999904632568,6.099999904632568,6.099999904632568,6.099999904632568,0
2001-01-10,6.079999923706055,6.079999923706055,6.079999923706055,6.079999923706055,6.079999923706055,0
2001-01-12,5.980000019073486,5.980000019073486,5.980000019073486,5.980000019073486,5.980000019073486,0
2001-01-16,5.889999866485596,5.889999866485596,5.889999866485596,5.889999866485596,5.889999866485596,0
2001-01-17,5.880000114440918,5.880000114440918,5.880000114440918,5.880000114440918,5.880000114440918,0
2001-01-18,5.889999866485596,5.889999866485596,5.889999866485596,5.889999866485596,5.889999866485596,0
2001-01-19,5.889999866485596,5.889999866485596,5.889999866485596,5.889999866485596,5.889999866485596,0
2001-01-22,5.920000076293945,5.920000076293945,5.920000076293945,5.920000076293945,5.920000076293945,0
2001-01-23,5.954999923706055,5.954999923706055,5.954999923706055,5.954999923706055,5.954999923706055,0
2001-01-24,5.804999828338623,5.804999828338623,5.804999828338623,5.804999828338623,5.804999828338623,0
2001-01-25,5.909999847412109,5.909999847412109,5.909999847412109,5.909999847412109,5.909999847412109,0
2001-01-26,5.889999866485596,5.889999866485596,5.889999866485596,5.889999866485596,5.889999866485596,0
2001-01-29,5.855000019073486,5.855000019073486,5.855000019073486,5.855000019073486,5.855000019073486,0
2001-01-30,5.809999942779541,5.809999942779541,5.809999942779541,5.809999942779541,5.809999942779541,0
2001-01-31,5.75,5.75,5.75,5.75,5.75,0
2001-02-01,5.65500020980835,5.65500020980835,5.65500020980835,5.65500020980835,5.65500020980835,0
2001-02-02,5.659999847412109,5.659999847412109,5.659999847412109,5.659999847412109,5.659999847412109,0
2001-02-05,5.809999942779541,5.809999942779541,5.809999942779541,5.809999942779541,5.809999942779541,0
2001-02-06,5.78000020980835,5.78000020980835,5.78000020980835,5.78000020980835,5.78000020980835,0
2001-02-07,5.690000057220459,5.690000057220459,5.690000057220459,5.690000057220459,5.690000057220459,0
2001-02-08,5.579999923706055,5.579999923706055,5.579999923706055,5.579999923706055,5.579999923706055,0
2001-02-09,5.630000114440918,5.630000114440918,5.630000114440918,5.630000114440918,5.630000114440918,0
2001-02-12,5.639999866485596,5.639999866485596,5.639999866485596,5.639999866485596,5.639999866485596,0
2001-02-15,5.65500020980835,5.65500020980835,5.65500020980835,5.65500020980835,5.65500020980835,0
2001-02-16,5.690000057220459,5.690000057220459,5.690000057220459,5.690000057220459,5.690000057220459,0
2001-02-20,5.769999980926514,5.769999980926514,5.769999980926514,5.769999980926514,5.769999980926514,0
2001-02-21,5.855000019073486,5.855000019073486,5.855000019073486,5.855000019073486,5.855000019073486,0
2001-02-22,5.789999961853027,5.789999961853027,5.789999961853027,5.789999961853027,5.789999961853027,0
2001-02-23,5.809999942779541,5.809999942779541,5.809999942779541,5.809999942779541,5.809999942779541,0
2001-02-26,5.835000038146973,5.835000038146973,5.835000038146973,5.835000038146973,5.835000038146973,0
2001-02-27,5.795000076293945,5.795000076293945,5.795000076293945,5.795000076293945,5.795000076293945,0
2001-02-28,5.96999979019165,5.96999979019165,5.96999979019165,5.96999979019165,5.96999979019165,0
2001-03-01,6.03000020980835,6.03000020980835,6.03000020980835,6.03000020980835,6.03000020980835,0
2001-03-02,5.960000038146973,5.960000038146973,5.960000038146973,5.960000038146973,5.960000038146973,0
2001-03-05,5.929999828338623,5.929999828338623,5.929999828338623,5.929999828338623,5.929999828338623,0
2001-03-06,5.96999979019165,5.96999979019165,5.96999979019165,5.96999979019165,5.96999979019165,0
2001-03-07,5.980000019073486,5.980000019073486,5.980000019073486,5.980000019073486,5.980000019073486,0
2001-03-08,5.900000095367432,5.900000095367432,5.900000095367432,5.900000095367432,5.900000095367432,0
2001-03-09,5.849999904632568,5.849999904632568,5.849999904632568,5.849999904632568,5.849999904632568,0
2001-03-12,5.889999866485596,5.889999866485596,5.889999866485596,5.889999866485596,5.889999866485596,0
2001-03-13,5.860000133514404,5.860000133514404,5.860000133514404,5.860000133514404,5.860000133514404,1
2001-03-14,5.659999847412109,5.659999847412109,5.849999904632568,5.659999847412109,5.849999904632568,0
2001-03-15,5.5,5.5,5.5,5.5,5.5,0
2001-03-16,5.5,5.5,5.5,5.5,5.5,0
2001-03-19,5.489999771118164,5.489999771118164,5.489999771118164,5.489999771118164,5.489999771118164,0
2001-03-20,5.400000095367432,5.400000095367432,5.400000095367432,5.400000095367432,5.400000095367432,0
2001-03-21,5.349999904632568,5.349999904632568,5.349999904632568,5.349999904632568,5.349999904632568,0
2001-03-22,5.329999923706055,5.329999923706055,5.329999923706055,5.329999923706055,5.329999923706055,0
2001-03-23,5.460000038146973,5.460000038146973,5.460000038146973,5.460000038146973,5.460000038146973,0
2001-03-26,5.480000019073486,5.480000019073486,5.480000019073486,5.480000019073486,5.480000019073486,0
2001-03-27,5.369999885559082,5.369999885559082,5.369999885559082,5.369999885559082,5.369999885559082,0
2001-03-28,5.269999980926514,5.269999980926514,5.269999980926514,5.269999980926514,5.269999980926514,0
2001-03-29,5.389999866485596,5.389999866485596,5.389999866485596,5.389999866485596,5.389999866485596,0
2001-03-30,5.400000095367432,5.400000095367432,5.400000095367432,5.400000095367432,5.400000095367432,0
2001-04-02,5.53000020980835,5.53000020980835,5.53000020980835,5.53000020980835,5.53000020980835,0
2001-04-03,5.599999904632568,5.599999904632568,5.599999904632568,5.599999904632568,5.599999904632568,0
2001-04-04,5.639999866485596,5.639999866485596,5.639999866485596,5.639999866485596,5.639999866485596,0
2001-04-05,5.630000114440918,5.630000114440918,5.630000114440918,5.630000114440918,5.630000114440918,0
2001-04-06,5.690000057220459,5.690000057220459,5.690000057220459,5.690000057220459,5.690000057220459,0
2001-04-09,5.739999771118164,5.739999771118164,5.739999771118164,5.739999771118164,5.739999771118164,0
2001-04-10,5.630000114440918,5.630000114440918,5.630000114440918,5.630000114440918,5.630000114440918,0
2001-04-11,5.670000076293945,5.670000076293945,5.670000076293945,5.670000076293945,5.670000076293945,0
2001-04-12,5.710000038146973,5.710000038146973,5.710000038146973,5.710000038146973,5.710000038146973,0
2001-04-16,5.659999847412109,5.659999847412109,5.659999847412109,5.659999847412109,5.659999847412109,0
2001-04-17,5.579999923706055,5.579999923706055,5.579999923706055,5.579999923706055,5.579999923706055,0
2001-04-18,5.639999866485596,5.639999866485596,5.639999866485596,5.639999866485596,5.639999866485596,0
2001-04-19,5.630000114440918,5.630000114440918,5.630000114440918,5.630000114440918,5.630000114440918,0
2001-04-20,5.630000114440918,5.630000114440918,5.630000114440918,5.630000114440918,5.630000114440918,0
2001-04-23,5.579999923706055,5.579999923706055,5.579999923706055,5.579999923706055,5.579999923706055,0
2001-04-24,5.414999961853027,5.414999961853027,5.414999961853027,5.414999961853027,5.414999961853027,0
2001-04-25,5.440000057220459,5.440000057220459,5.440000057220459,5.440000057220459,5.440000057220459,0
2001-04-26,5.389999866485596,5.389999866485596,5.389999866485596,5.389999866485596,5.389999866485596,0
2001-04-27,5.355000019073486,5.355000019073486,5.355000019073486,5.355000019073486,5.355000019073486,0
2001-04-30,5.519999980926514,5.519999980926514,5.519999980926514,5.519999980926514,5.519999980926514,0
2001-05-01,5.489999771118164,5.489999771118164,5.489999771118164,5.489999771118164,5.489999771118164,0
2001-05-02,5.489999771118164,5.489999771118164,5.489999771118164,5.489999771118164,5.489999771118164,0
2001-05-03,5.590000152587891,5.590000152587891,5.590000152587891,5.590000152587891,5.590000152587891,0
2001-05-04,5.550000190734863,5.550000190734863,5.550000190734863,5.550000190734863,5.550000190734863,0
2001-05-07,5.539999961853027,5.539999961853027,5.539999961853027,5.539999961853027,5.539999961853027,0
2001-05-08,5.679999828338623,5.679999828338623,5.679999828338623,5.679999828338623,5.679999828338623,0
2001-05-09,5.659999847412109,5.659999847412109,5.659999847412109,5.659999847412109,5.659999847412109,0
2001-05-10,5.570000171661377,5.570000171661377,5.570000171661377,5.570000171661377,5.570000171661377,0
2001-05-11,5.489999771118164,5.489999771118164,5.489999771118164,5.489999771118164,5.489999771118164,0
2001-05-14,5.53000020980835,5.53000020980835,5.53000020980835,5.53000020980835,5.53000020980835,0
2001-05-15,5.480000019073486,5.480000019073486,5.480000019073486,5.480000019073486,5.480000019073486,0
2001-05-16,5.199999809265137,5.199999809265137,5.199999809265137,5.199999809265137,5.199999809265137,0
2001-05-17,5.5,5.5,5.5,5.5,5.5,0
2001-05-18,5.550000190734863,5.550000190734863,5.550000190734863,5.550000190734863,5.550000190734863,0
2001-05-21,5.550000190734863,5.550000190734863,5.550000190734863,5.550000190734863,5.550000190734863,0
2001-05-22,5.440000057220459,5.440000057220459,5.440000057220459,5.440000057220459,5.440000057220459,0
2001-05-23,5.480000019073486,5.480000019073486,5.480000019073486,5.480000019073486,5.480000019073486,0
2001-05-24,5.449999809265137,5.449999809265137,5.449999809265137,5.449999809265137,5.449999809265137,0
2001-05-25,5.519999980926514,5.519999980926514,5.519999980926514,5.519999980926514,5.519999980926514,0
2001-05-29,5.599999904632568,5.599999904632568,5.599999904632568,5.599999904632568,5.599999904632568,0
2001-05-30,5.659999847412109,5.659999847412109,5.659999847412109,5.659999847412109,5.659999847412109,0
2001-05-31,5.744999885559082,5.744999885559082,5.744999885559082,5.744999885559082,5.744999885559082,1
2001-06-01,5.78000020980835,5.78000020980835,5.800000190734863,5.78000020980835,5.800000190734863,0
2001-06-04,5.920000076293945,5.920000076293945,5.920000076293945,5.920000076293945,5.920000076293945,0
2001-06-05,6.014999866485596,6.014999866485596,6.014999866485596,6.014999866485596,6.014999866485596,0
2001-06-06,6.0,6.0,6.0,6.0,6.0,0
2001-06-07,5.96999979019165,5.96999979019165,5.96999979019165,5.96999979019165,5.96999979019165,0
2001-06-08,5.909999847412109,5.909999847412109,5.909999847412109,5.909999847412109,5.909999847412109,0
2001-06-11,5.980000019073486,5.980000019073486,5.980000019073486,5.980000019073486,5.980000019073486,0
2001-06-12,6.204999923706055,6.204999923706055,6.204999923706055,6.204999923706055,6.204999923706055,0
2001-06-13,6.414999961853027,6.414999961853027,6.414999961853027,6.414999961853027,6.414999961853027,0
2001-06-14,6.349999904632568,6.349999904632568,6.349999904632568,6.349999904632568,6.349999904632568,0
2001-06-15,6.579999923706055,6.579999923706055,6.579999923706055,6.579999923706055,6.579999923706055,0
2001-06-18,7.010000228881836,7.010000228881836,7.010000228881836,7.010000228881836,7.010000228881836,0
2001-06-19,6.760000228881836,6.760000228881836,6.760000228881836,6.760000228881836,6.760000228881836,0
2001-06-20,6.320000171661377,6.320000171661377,6.320000171661377,6.320000171661377,6.320000171661377,0
2001-06-21,6.309999942779541,6.309999942779541,6.309999942779541,6.309999942779541,6.309999942779541,0
2001-06-22,6.210000038146973,6.210000038146973,6.210000038146973,6.210000038146973,6.210000038146973,0
2001-06-26,5.25,5.25,5.25,5.25,5.25,1
2001-06-27,5.5,5.5,5.5,4.900000095367432,5.5,0
2001-06-28,5.215000152587891,5.215000152587891,5.215000152587891,5.215000152587891,5.215000152587891,0
2001-06-29,5.099999904632568,5.099999904632568,5.099999904632568,5.099999904632568,5.099999904632568,0
2001-07-02,5.380000114440918,5.380000114440918,5.380000114440918,5.380000114440918,5.380000114440918,0
2001-07-03,5.5,5.5,5.5,5.5,5.5,0
2001-07-05,5.300000190734863,5.300000190734863,5.300000190734863,5.300000190734863,5.300000190734863,0
2001-07-06,5.25,5.25,5.25,5.25,5.25,0
2001-07-09,5.179999828338623,5.179999828338623,5.179999828338623,5.179999828338623,5.179999828338623,0
2001-07-10,5.300000190734863,5.300000190734863,5.300000190734863,5.300000190734863,5.300000190734863,0
2001-07-11,5.349999904632568,5.349999904632568,5.349999904632568,5.349999904632568,5.349999904632568,0
2001-07-12,5.360000133514404,5.360000133514404,5.360000133514404,5.360000133514404,5.360000133514404,0
2001-07-13,5.300000190734863,5.300000190734863,5.300000190734863,5.300000190734863,5.300000190734863,0
2001-07-16,5.5,5.5,5.5,5.5,5.5,0
2001-07-17,5.5,5.5,5.5,5.5,5.5,0
2001-07-18,5.449999809265137,5.449999809265137,5.449999809265137,5.449999809265137,5.449999809265137,0
2001-07-19,5.199999809265137,5.199999809265137,5.199999809265137,5.199999809265137,5.199999809265137,0
2001-07-20,5.199999809265137,5.199999809265137,5.199999809265137,5.199999809265137,5.199999809265137,0
2001-07-23,5.170000076293945,5.170000076293945,5.170000076293945,5.170000076293945,5.170000076293945,0
2001-07-24,5.199999809265137,5.199999809265137,5.199999809265137,5.199999809265137,5.199999809265137,0
2001-07-25,5.179999828338623,5.179999828338623,5.179999828338623,5.179999828338623,5.179999828338623,0
2001-07-26,5.159999847412109,5.159999847412109,5.159999847412109,5.159999847412109,5.159999847412109,0
2001-07-27,5.050000190734863,5.050000190734863,5.050000190734863,5.050000190734863,5.050000190734863,0
2001-07-30,4.960000038146973,4.960000038146973,4.960000038146973,4.960000038146973,4.960000038146973,0
2001-07-31,4.929999828338623,4.929999828338623,4.929999828338623,4.929999828338623,4.929999828338623,0
2001-08-01,4.949999809265137,4.949999809265137,4.949999809265137,4.949999809265137,4.949999809265137,0
2001-08-02,4.900000095367432,4.900000095367432,4.900000095367432,4.900000095367432,4.900000095367432,0
2001-08-03,4.900000095367432,4.900000095367432,4.900000095367432,4.900000095367432,4.900000095367432,0
2001-08-06,4.889999866485596,4.889999866485596,4.889999866485596,4.889999866485596,4.889999866485596,0
2001-08-07,4.739999771118164,4.739999771118164,4.739999771118164,4.739999771118164,4.739999771118164,0
2001-08-08,4.800000190734863,4.800000190734863,4.800000190734863,4.800000190734863,4.800000190734863,0
2001-08-09,4.699999809265137,4.699999809265137,4.699999809265137,4.699999809265137,4.699999809265137,0
2001-08-10,4.760000228881836,4.760000228881836,4.760000228881836,4.760000228881836,4.760000228881836,0
2001-08-13,4.789999961853027,4.789999961853027,4.789999961853027,4.789999961853027,4.789999961853027,0
2001-08-14,4.75,4.75,4.75,4.75,4.75,0
2001-08-15,4.670000076293945,4.670000076293945,4.670000076293945,4.670000076293945,4.670000076293945,0
2001-08-16,4.610000133514404,4.610000133514404,4.610000133514404,4.610000133514404,4.610000133514404,0
2001-08-17,4.630000114440918,4.630000114440918,4.630000114440918,4.630000114440918,4.630000114440918,0
2001-08-20,4.679999828338623,4.679999828338623,4.679999828338623,4.679999828338623,4.679999828338623,0
2001-08-21,4.590000152587891,4.590000152587891,4.590000152587891,4.590000152587891,4.590000152587891,0
2001-08-22,4.550000190734863,4.550000190734863,4.550000190734863,4.550000190734863,4.550000190734863,0
2001-08-23,4.40500020980835,4.40500020980835,4.40500020980835,4.40500020980835,4.40500020980835,0
2001-08-24,4.230000019073486,4.230000019073486,4.230000019073486,4.230000019073486,4.230000019073486,0
2001-08-27,4.059999942779541,4.059999942779541,4.059999942779541,4.059999942779541,4.059999942779541,0
2001-08-28,4.005000114440918,4.005000114440918,4.005000114440918,4.005000114440918,4.005000114440918,0
2001-08-29,3.940000057220459,3.940000057220459,3.940000057220459,3.940000057220459,3.940000057220459,0
2001-08-30,3.9149999618530273,3.9149999618530273,3.9149999618530273,3.9149999618530273,3.9149999618530273,0
2001-08-31,3.9800000190734863,3.9800000190734863,3.9800000190734863,3.9800000190734863,3.9800000190734863,0
2001-09-04,4.03000020980835,4.03000020980835,4.03000020980835,4.03000020980835,4.03000020980835,0
2001-09-05,4.119999885559082,4.119999885559082,4.119999885559082,4.119999885559082,4.119999885559082,0
2001-09-06,3.9700000286102295,3.9700000286102295,3.9700000286102295,3.9700000286102295,3.9700000286102295,0
2001-09-07,3.9600000381469727,3.9600000381469727,3.9600000381469727,3.9600000381469727,3.9600000381469727,0
2001-09-10,3.950000047683716,3.950000047683716,3.950000047683716,3.950000047683716,3.950000047683716,0
2001-09-11,3.950000047683716,3.950000047683716,3.950000047683716,3.950000047683716,3.950000047683716,0
2001-09-12,3.950000047683716,3.950000047683716,3.950000047683716,3.950000047683716,3.950000047683716,0
2001-09-13,3.930000066757202,3.930000066757202,3.930000066757202,3.930000066757202,3.930000066757202,0
2001-09-14,3.880000114440918,3.880000114440918,3.880000114440918,3.880000114440918,3.880000114440918,0
2001-09-17,3.819999933242798,3.819999933242798,3.819999933242798,3.819999933242798,3.819999933242798,0
2001-09-18,3.759999990463257,3.759999990463257,3.759999990463257,3.759999990463257,3.759999990463257,0
2001-09-19,3.7200000286102295,3.7200000286102295,3.7200000286102295,3.7200000286102295,3.7200000286102295,0
2001-09-20,3.8350000381469727,3.8350000381469727,3.8350000381469727,3.8350000381469727,3.8350000381469727,0
2001-09-21,3.8949999809265137,3.8949999809265137,3.8949999809265137,3.8949999809265137,3.8949999809265137,0
2001-09-24,3.940000057220459,3.940000057220459,3.940000057220459,3.940000057220459,3.940000057220459,0
2001-09-25,3.9800000190734863,3.9800000190734863,3.9800000190734863,3.940000057220459,3.940000057220459,0
2001-09-26,4.110000133514404,4.110000133514404,4.110000133514404,4.110000133514404,4.110000133514404,0
2001-09-27,4.039999961853027,4.039999961853027,4.039999961853027,4.039999961853027,4.039999961853027,0
2001-09-28,4.050000190734863,4.050000190734863,4.050000190734863,4.050000190734863,4.050000190734863,0
2001-10-01,4.010000228881836,4.010000228881836,4.010000228881836,4.010000228881836,4.010000228881836,0
2001-10-02,4.039999961853027,4.039999961853027,4.039999961853027,4.039999961853027,4.039999961853027,0
2001-10-03,4.059999942779541,4.059999942779541,4.059999942779541,4.059999942779541,4.059999942779541,0
2001-10-04,4.059999942779541,4.059999942779541,4.059999942779541,4.059999942779541,4.059999942779541,0
2001-10-05,4.010000228881836,4.010000228881836,4.010000228881836,4.010000228881836,4.010000228881836,0
2001-10-08,4.019999980926514,4.019999980926514,4.019999980926514,4.019999980926514,4.019999980926514,0
2001-10-09,4.090000152587891,4.090000152587891,4.090000152587891,4.090000152587891,4.090000152587891,0
2001-10-10,4.050000190734863,4.050000190734863,4.050000190734863,4.050000190734863,4.050000190734863,0
2001-10-11,4.070000171661377,4.070000171661377,4.070000171661377,4.050000190734863,4.050000190734863,0
2001-10-12,4.0,4.0,4.0,4.0,4.0,0
2001-10-15,3.950000047683716,3.950000047683716,3.950000047683716,3.950000047683716,3.950000047683716,0
2001-10-16,3.9700000286102295,3.9700000286102295,3.9700000286102295,3.9700000286102295,3.9700000286102295,0
2001-10-17,3.9600000381469727,3.9600000381469727,3.9600000381469727,3.9600000381469727,3.9600000381469727,0
2001-10-18,3.9100000858306885,3.9100000858306885,3.9100000858306885,3.9100000858306885,3.9100000858306885,0
2001-10-19,3.8499999046325684,3.8499999046325684,3.8499999046325684,3.8499999046325684,3.8499999046325684,0
2001-10-22,3.7300000190734863,3.7300000190734863,3.7300000190734863,3.7300000190734863,3.7300000190734863,0
2001-10-23,3.740000009536743,3.740000009536743,3.740000009536743,3.740000009536743,3.740000009536743,0
2001-10-24,3.690000057220459,3.690000057220459,3.690000057220459,3.690000057220459,3.690000057220459,0
2001-10-25,3.7200000286102295,3.7200000286102295,3.7200000286102295,3.7200000286102295,3.7200000286102295,0
2001-10-26,3.625,3.625,3.625,3.625,3.625,0
2001-10-29,3.5399999618530273,3.5399999618530273,3.5399999618530273,3.5399999618530273,3.5399999618530273,0
2001-10-30,3.559999942779541,3.559999942779541,3.559999942779541,3.559999942779541,3.559999942779541,0
2001-10-31,3.5999999046325684,3.5999999046325684,3.5999999046325684,3.5999999046325684,3.5999999046325684,0
2001-11-01,3.5899999141693115,3.5899999141693115,3.5899999141693115,3.5899999141693115,3.5899999141693115,0
2001-11-02,3.569999933242798,3.569999933242798,3.569999933242798,3.569999933242798,3.569999933242798,0
2001-11-05,3.549999952316284,3.549999952316284,3.549999952316284,3.549999952316284,3.549999952316284,0
2001-11-06,3.5,3.5,3.5,3.5,3.5,0
2001-11-07,3.549999952316284,3.549999952316284,3.549999952316284,3.549999952316284,3.549999952316284,0
2001-11-08,3.5250000953674316,3.5250000953674316,3.5250000953674316,3.5250000953674316,3.5250000953674316,0
2001-11-09,3.559999942779541,3.559999942779541,3.559999942779541,3.559999942779541,3.559999942779541,0
2001-11-12,3.6500000953674316,3.6500000953674316,3.6500000953674316,3.6500000953674316,3.6500000953674316,0
2001-11-13,3.6600000858306885,3.6600000858306885,3.6600000858306885,3.6600000858306885,3.6600000858306885,0
2001-11-14,3.690000057220459,3.690000057220459,3.690000057220459,3.690000057220459,3.690000057220459,0
2001-11-15,3.8299999237060547,3.8299999237060547,3.8299999237060547,3.8299999237060547,3.8299999237060547,0
2001-11-16,3.7899999618530273,3.7899999618530273,3.7899999618530273,3.7899999618530273,3.7899999618530273,0
2001-11-19,3.8499999046325684,3.8499999046325684,3.8499999046325684,3.8499999046325684,3.8499999046325684,0
2001-11-20,3.7699999809265137,3.7699999809265137,3.7699999809265137,3.7699999809265137,3.7699999809265137,0
2001-11-21,3.940000057220459,3.940000057220459,3.940000057220459,3.940000057220459,3.940000057220459,0
2001-11-23,4.039999961853027,4.039999961853027,4.039999961853027,4.039999961853027,4.039999961853027,0
2001-11-26,4.130000114440918,4.130000114440918,4.130000114440918,4.130000114440918,4.130000114440918,0
2001-11-27,4.099999904632568,4.099999904632568,4.099999904632568,4.099999904632568,4.099999904632568,0
2001-11-28,3.9749999046325684,3.9749999046325684,3.9749999046325684,3.9749999046325684,3.9749999046325684,0
2001-11-29,3.9800000190734863,3.9800000190734863,3.9800000190734863,3.9800000190734863,3.9800000190734863,0
2001-11-30,4.014999866485596,4.014999866485596,4.014999866485596,4.014999866485596,4.014999866485596,0
2001-12-03,4.050000190734863,4.050000190734863,4.050000190734863,4.050000190734863,4.050000190734863,0
2001-12-04,4.079999923706055,4.079999923706055,4.079999923706055,4.079999923706055,4.079999923706055,10
2001-12-05,4.139999866485596,4.139999866485596,4.139999866485596,4.139999866485596,4.079999923706055,0
2001-12-06,4.139999866485596,4.139999866485596,4.139999866485596,4.139999866485596,4.139999866485596,0
2001-12-07,4.170000076293945,4.170000076293945,4.170000076293945,4.170000076293945,4.170000076293945,0
2001-12-10,4.099999904632568,4.099999904632568,4.099999904632568,4.099999904632568,4.099999904632568,0
2001-12-11,3.815000057220459,3.815000057220459,3.815000057220459,3.815000057220459,3.815000057220459,0
2001-12-12,3.819999933242798,3.819999933242798,3.819999933242798,3.819999933242798,3.819999933242798,0
2001-12-13,3.890000104904175,3.890000104904175,3.890000104904175,3.890000104904175,3.890000104904175,0
2001-12-14,3.9000000953674316,3.9000000953674316,3.9000000953674316,3.9000000953674316,3.9000000953674316,1
2001-12-17,3.950000047683716,3.950000047683716,3.950000047683716,3.9000000953674316,3.9000000953674316,0
2001-12-18,3.8499999046325684,3.8499999046325684,3.8499999046325684,3.8499999046325684,3.8499999046325684,0
2001-12-19,3.859999895095825,3.859999895095825,3.859999895095825,3.859999895095825,3.859999895095825,0
2001-12-20,3.825000047683716,3.825000047683716,3.825000047683716,3.825000047683716,3.825000047683716,0
2001-12-21,3.934999942779541,3.934999942779541,3.934999942779541,3.934999942779541,3.934999942779541,0
2001-12-24,3.934999942779541,3.934999942779541,3.934999942779541,3.934999942779541,3.934999942779541,0
2001-12-26,3.890000104904175,3.890000104904175,3.890000104904175,3.890000104904175,3.890000104904175,0
2001-12-27,3.799999952316284,3.799999952316284,3.799999952316284,3.799999952316284,3.799999952316284,0
2001-12-28,3.690000057220459,3.690000057220459,3.690000057220459,3.690000057220459,3.690000057220459,0
2001-12-31,3.690000057220459,3.690000057220459,3.690000057220459,3.690000057220459,3.690000057220459,0
2002-01-03,3.630000114440918,3.630000114440918,3.630000114440918,3.630000114440918,3.630000114440918,0
2002-01-04,3.630000114440918,3.630000114440918,3.630000114440918,3.630000114440918,3.630000114440918,0
2002-01-07,3.6700000762939453,3.6700000762939453,3.6700000762939453,3.6700000762939453,3.6700000762939453,0
2002-01-08,3.7799999713897705,3.7799999713897705,3.7799999713897705,3.7799999713897705,3.7799999713897705,0
2002-01-09,3.7699999809265137,3.7699999809265137,3.7699999809265137,3.7699999809265137,3.7699999809265137,0
2002-01-10,3.8499999046325684,3.8499999046325684,3.8499999046325684,3.8499999046325684,3.8499999046325684,0
2002-01-11,3.8499999046325684,3.8499999046325684,3.8499999046325684,3.8499999046325684,3.8499999046325684,0
2002-01-14,3.700000047683716,3.700000047683716,3.700000047683716,3.700000047683716,3.700000047683716,0
2002-01-15,3.700000047683716,3.700000047683716,3.700000047683716,3.700000047683716,3.700000047683716,0
2002-01-16,3.7300000190734863,3.7300000190734863,3.7300000190734863,3.7300000190734863,3.7300000190734863,0
2002-01-17,3.6700000762939453,3.6700000762939453,3.6700000762939453,3.6700000762939453,3.6700000762939453,0
2002-01-18,3.690000057220459,3.690000057220459,3.690000057220459,3.690000057220459,3.690000057220459,0
2002-01-22,3.690000057220459,3.690000057220459,3.690000057220459,3.690000057220459,3.690000057220459,0
2002-01-23,3.869999885559082,3.869999885559082,3.869999885559082,3.869999885559082,3.869999885559082,0
2002-01-24,3.8350000381469727,3.8350000381469727,3.8350000381469727,3.8350000381469727,3.8350000381469727,0
2002-01-25,3.8949999809265137,3.8949999809265137,3.8949999809265137,3.8949999809265137,3.8949999809265137,0
2002-01-28,3.880000114440918,3.880000114440918,3.880000114440918,3.880000114440918,3.880000114440918,0
2002-01-29,3.819999933242798,3.819999933242798,3.819999933242798,3.819999933242798,3.819999933242798,5
2002-01-30,3.759999990463257,3.759999990463257,3.815000057220459,3.759999990463257,3.815000057220459,0
2002-01-31,3.7249999046325684,3.7249999046325684,3.7249999046325684,3.7249999046325684,3.7249999046325684,0
2002-02-01,3.6500000953674316,3.6500000953674316,3.6500000953674316,3.6500000953674316,3.6500000953674316,0
2002-02-04,3.690000057220459,3.690000057220459,3.690000057220459,3.690000057220459,3.690000057220459,0
2002-02-05,3.680000066757202,3.680000066757202,3.680000066757202,3.680000066757202,3.680000066757202,0
2002-02-06,3.6600000858306885,3.6600000858306885,3.6600000858306885,3.6600000858306885,3.6600000858306885,0
2002-02-07,3.619999885559082,3.619999885559082,3.619999885559082,3.619999885559082,3.619999885559082,0
2002-02-08,3.6449999809265137,3.6449999809265137,3.6449999809265137,3.6449999809265137,3.6449999809265137,0
2002-02-11,3.700000047683716,3.700000047683716,3.700000047683716,3.700000047683716,3.700000047683716,0
2002-02-12,3.690000057220459,3.690000057220459,3.690000057220459,3.690000057220459,3.690000057220459,27
2002-02-13,3.7300000190734863,3.7300000190734863,3.7699999809265137,3.7100000381469727,3.7100000381469727,0
2002-02-14,3.7200000286102295,3.7200000286102295,3.7200000286102295,3.7200000286102295,3.7200000286102295,0
2002-02-15,3.684999942779541,3.684999942779541,3.684999942779541,3.684999942779541,3.684999942779541,0
2002-02-19,3.5999999046325684,3.5999999046325684,3.5999999046325684,3.5999999046325684,3.5999999046325684,0
2002-02-20,3.625,3.625,3.625,3.625,3.625,0
2002-02-21,3.6500000953674316,3.6500000953674316,3.6500000953674316,3.6500000953674316,3.6500000953674316,0
2002-02-22,3.619999885559082,3.619999885559082,3.619999885559082,3.619999885559082,3.619999885559082,0
2002-02-25,3.6500000953674316,3.6500000953674316,3.6500000953674316,3.6500000953674316,3.6500000953674316,0
2002-02-26,3.6500000953674316,3.6500000953674316,3.6500000953674316,3.6500000953674316,3.6500000953674316,0
2002-02-27,3.509999990463257,3.509999990463257,3.509999990463257,3.509999990463257,3.509999990463257,0
2002-02-28,3.5299999713897705,3.5299999713897705,3.5299999713897705,3.5299999713897705,3.5299999713897705,0
2002-03-01,3.555000066757202,3.555000066757202,3.555000066757202,3.555000066757202,3.555000066757202,0
2002-03-04,3.4800000190734863,3.4800000190734863,3.4800000190734863,3.4800000190734863,3.4800000190734863,0
2002-03-05,3.4700000286102295,3.4700000286102295,3.4700000286102295,3.4700000286102295,3.4700000286102295,0
2002-03-07,3.509999990463257,3.509999990463257,3.509999990463257,3.509999990463257,3.509999990463257,0
2002-03-08,3.5899999141693115,3.5899999141693115,3.5899999141693115,3.5899999141693115,3.5899999141693115,0
2002-03-11,3.5999999046325684,3.5999999046325684,3.5999999046325684,3.5999999046325684,3.5999999046325684,0
2002-03-12,3.630000114440918,3.630000114440918,3.630000114440918,3.630000114440918,3.630000114440918,0
2002-03-13,3.625,3.625,3.625,3.625,3.625,0
2002-03-14,3.6500000953674316,3.6500000953674316,3.6500000953674316,3.6500000953674316,3.6500000953674316,0
2002-03-15,3.619999885559082,3.619999885559082,3.619999885559082,3.619999885559082,3.619999885559082,0
2002-03-18,3.5199999809265137,3.5199999809265137,3.5199999809265137,3.5199999809265137,3.5199999809265137,0
2002-03-19,3.509999990463257,3.509999990463257,3.509999990463257,3.509999990463257,3.509999990463257,0
2002-03-20,3.7249999046325684,3.7249999046325684,3.7249999046325684,3.7249999046325684,3.7249999046325684,0
2002-03-21,3.809999942779541,3.809999942779541,3.809999942779541,3.809999942779541,3.809999942779541,0
2002-03-22,3.809999942779541,3.809999942779541,3.809999942779541,3.809999942779541,3.809999942779541,0
2002-03-25,3.7899999618530273,3.7899999618530273,3.7899999618530273,3.7899999618530273,3.7899999618530273,0
2002-03-26,3.734999895095825,3.734999895095825,3.734999895095825,3.734999895095825,3.734999895095825,0
2002-03-27,3.7699999809265137,3.7699999809265137,3.7699999809265137,3.7699999809265137,3.7699999809265137,0
2002-03-28,3.7200000286102295,3.7200000286102295,3.7200000286102295,3.7200000286102295,3.7200000286102295,1
2002-04-01,3.7300000190734863,3.7300000190734863,3.7300000190734863,3.700000047683716,3.700000047683716,0
2002-04-02,3.7049999237060547,3.7049999237060547,3.7049999237060547,3.7049999237060547,3.7049999237060547,0
2002-04-03,3.7200000286102295,3.7200000286102295,3.7200000286102295,3.7200000286102295,3.7200000286102295,0
2002-04-04,3.740000009536743,3.740000009536743,3.740000009536743,3.740000009536743,3.740000009536743,0
2002-04-05,3.7149999141693115,3.7149999141693115,3.7149999141693115,3.7149999141693115,3.7149999141693115,0
2002-04-08,3.6500000953674316,3.6500000953674316,3.6500000953674316,3.6500000953674316,3.6500000953674316,0
2002-04-09,3.684999942779541,3.684999942779541,3.684999942779541,3.684999942779541,3.684999942779541,0
2002-04-10,3.680000066757202,3.680000066757202,3.680000066757202,3.680000066757202,3.680000066757202,0
2002-04-11,3.6449999809265137,3.6449999809265137,3.6449999809265137,3.6449999809265137,3.6449999809265137,0
2002-04-12,3.6700000762939453,3.6700000762939453,3.6700000762939453,3.6700000762939453,3.6700000762939453,0
2002-04-15,3.609999895095825,3.609999895095825,3.609999895095825,3.609999895095825,3.609999895095825,0
2002-04-16,3.565000057220459,3.565000057220459,3.565000057220459,3.565000057220459,3.565000057220459,0
2002-04-17,3.7049999237060547,3.7049999237060547,3.7049999237060547,3.7049999237060547,3.7049999237060547,0
2002-04-18,3.640000104904175,3.640000104904175,3.640000104904175,3.640000104904175,3.640000104904175,0
2002-04-19,3.5999999046325684,3.5999999046325684,3.5999999046325684,3.5999999046325684,3.5999999046325684,0
2002-04-22,3.5899999141693115,3.5899999141693115,3.5899999141693115,3.5899999141693115,3.5899999141693115,0
2002-04-23,3.559999942779541,3.559999942779541,3.559999942779541,3.559999942779541,3.559999942779541,0
2002-04-24,3.5899999141693115,3.5899999141693115,3.5899999141693115,3.5899999141693115,3.5899999141693115,0
2002-04-25,3.5850000381469727,3.5850000381469727,3.5850000381469727,3.5850000381469727,3.5850000381469727,0
2002-04-26,3.569999933242798,3.569999933242798,3.569999933242798,3.569999933242798,3.569999933242798,0
2002-04-29,3.5399999618530273,3.5399999618530273,3.5399999618530273,3.5399999618530273,3.5399999618530273,0
2002-04-30,3.505000114440918,3.505000114440918,3.505000114440918,3.505000114440918,3.505000114440918,0
2002-05-01,3.5299999713897705,3.5299999713897705,3.5299999713897705,3.5299999713897705,3.5299999713897705,0
2002-05-02,3.5,3.5,3.5,3.5,3.5,0
2002-05-03,3.450000047683716,3.450000047683716,3.450000047683716,3.450000047683716,3.450000047683716,0
2002-05-06,3.430000066757202,3.430000066757202,3.430000066757202,3.430000066757202,3.430000066757202,0
2002-05-07,3.4800000190734863,3.4800000190734863,3.4800000190734863,3.4800000190734863,3.4800000190734863,0
2002-05-08,3.5199999809265137,3.5199999809265137,3.5199999809265137,3.5199999809265137,3.5199999809265137,0
2002-05-09,3.4700000286102295,3.4700000286102295,3.4700000286102295,3.4700000286102295,3.4700000286102295,0
2002-05-10,3.450000047683716,3.450000047683716,3.450000047683716,3.450000047683716,3.450000047683716,0
2002-05-13,3.509999990463257,3.509999990463257,3.509999990463257,3.509999990463257,3.509999990463257,0
2002-05-14,3.5399999618530273,3.5399999618530273,3.5399999618530273,3.5399999618530273,3.5399999618530273,0
2002-05-15,3.5,3.5,3.5,3.5,3.5,0
2002-05-16,3.4800000190734863,3.4800000190734863,3.4800000190734863,3.4800000190734863,3.4800000190734863,0
2002-05-17,3.5399999618530273,3.5399999618530273,3.5399999618530273,3.5399999618530273,3.5399999618530273,0
2002-05-20,3.619999885559082,3.619999885559082,3.619999885559082,3.619999885559082,3.619999885559082,0
2002-05-21,3.619999885559082,3.619999885559082,3.619999885559082,3.619999885559082,3.619999885559082,0
2002-05-22,3.7899999618530273,3.7899999618530273,3.7899999618530273,3.7899999618530273,3.7899999618530273,0
2002-05-23,3.8399999141693115,3.8399999141693115,3.8399999141693115,3.8399999141693115,3.8399999141693115,0
2002-05-24,3.880000114440918,3.880000114440918,3.880000114440918,3.880000114440918,3.880000114440918,0
2002-05-28,3.9149999618530273,3.9149999618530273,3.9149999618530273,3.9149999618530273,3.9149999618530273,5
2002-05-29,4.079999923706055,4.079999923706055,4.079999923706055,3.950000047683716,3.950000047683716,6
2002-05-30,4.204999923706055,4.204999923706055,4.204999923706055,4.010000228881836,4.010000228881836,4
2002-05-31,4.284999847412109,4.284999847412109,4.284999847412109,4.239999771118164,4.239999771118164,0
2002-06-03,4.619999885559082,4.619999885559082,4.619999885559082,4.619999885559082,4.619999885559082,0
2002-06-04,4.335000038146973,4.335000038146973,4.335000038146973,4.335000038146973,4.335000038146973,0
2002-06-05,4.25,4.25,4.25,4.25,4.25,0
2002-06-06,4.159999847412109,4.159999847412109,4.159999847412109,4.159999847412109,4.159999847412109,0
2002-06-07,3.9700000286102295,3.9700000286102295,3.9700000286102295,3.9700000286102295,3.9700000286102295,0
2002-06-10,3.869999885559082,3.869999885559082,3.869999885559082,3.869999885559082,3.869999885559082,0
2002-06-11,3.884999990463257,3.884999990463257,3.884999990463257,3.884999990463257,3.884999990463257,1
2002-06-12,3.9100000858306885,3.9100000858306885,3.9100000858306885,3.884999990463257,3.884999990463257,0
2002-06-13,3.9200000762939453,3.9200000762939453,3.9200000762939453,3.9200000762939453,3.9200000762939453,0
2002-06-14,3.950000047683716,3.950000047683716,3.950000047683716,3.950000047683716,3.950000047683716,0
2002-06-17,3.9800000190734863,3.9800000190734863,3.9800000190734863,3.9800000190734863,3.9800000190734863,0
2002-06-18,3.9600000381469727,3.9600000381469727,3.9600000381469727,3.9600000381469727,3.9600000381469727,5
2002-06-19,4.019999980926514,4.019999980926514,4.019999980926514,3.990000009536743,3.990000009536743,2
2002-06-20,4.005000114440918,4.005000114440918,4.010000228881836,4.005000114440918,4.010000228881836,0
2002-06-21,3.944999933242798,3.944999933242798,3.944999933242798,3.944999933242798,3.944999933242798,0
2002-06-24,3.869999885559082,3.869999885559082,3.869999885559082,3.869999885559082,3.869999885559082,0
2002-06-25,3.8550000190734863,3.8550000190734863,3.8550000190734863,3.8550000190734863,3.8550000190734863,0
2002-06-26,3.9649999141693115,3.9649999141693115,3.9649999141693115,3.9649999141693115,3.9649999141693115,0
2002-06-27,3.950000047683716,3.950000047683716,3.950000047683716,3.950000047683716,3.950000047683716,0
2002-06-28,4.079999923706055,4.079999923706055,4.079999923706055,4.079999923706055,4.079999923706055,0
2002-07-01,4.130000114440918,4.130000114440918,4.130000114440918,4.130000114440918,4.130000114440918,0
2002-07-02,4.210000038146973,4.210000038146973,4.210000038146973,4.210000038146973,4.210000038146973,0
2002-07-03,4.179999828338623,4.179999828338623,4.179999828338623,4.179999828338623,4.179999828338623,0
2002-07-05,4.199999809265137,4.199999809265137,4.199999809265137,4.199999809265137,4.199999809265137,0
2002-07-08,4.099999904632568,4.099999904632568,4.099999904632568,4.099999904632568,4.099999904632568,0
2002-07-09,4.210000038146973,4.210000038146973,4.210000038146973,4.210000038146973,4.210000038146973,0
2002-07-10,4.230000019073486,4.230000019073486,4.230000019073486,4.230000019073486,4.230000019073486,0
2002-07-11,4.25,4.25,4.25,4.25,4.25,0
2002-07-12,4.230000019073486,4.230000019073486,4.230000019073486,4.230000019073486,4.230000019073486,0
2002-07-15,4.199999809265137,4.199999809265137,4.199999809265137,4.199999809265137,4.199999809265137,0
2002-07-16,4.289999961853027,4.289999961853027,4.289999961853027,4.289999961853027,4.289999961853027,0
2002-07-17,4.380000114440918,4.380000114440918,4.380000114440918,4.380000114440918,4.380000114440918,0
2002-07-18,4.460000038146973,4.460000038146973,4.460000038146973,4.460000038146973,4.460000038146973,0
2002-07-19,4.78000020980835,4.78000020980835,4.78000020980835,4.78000020980835,4.78000020980835,0
2002-07-22,4.679999828338623,4.679999828338623,4.679999828338623,4.679999828338623,4.679999828338623,0
2002-07-23,4.744999885559082,4.744999885559082,4.744999885559082,4.744999885559082,4.744999885559082,0
2002-07-24,4.690000057220459,4.690000057220459,4.690000057220459,4.690000057220459,4.690000057220459,0
2002-07-25,4.559999942779541,4.559999942779541,4.559999942779541,4.559999942779541,4.559999942779541,0
2002-07-26,4.690000057220459,4.690000057220459,4.690000057220459,4.690000057220459,4.690000057220459,0
2002-07-29,4.590000152587891,4.590000152587891,4.590000152587891,4.590000152587891,4.590000152587891,0
2002-07-30,4.599999904632568,4.599999904632568,4.599999904632568,4.599999904632568,4.599999904632568,0
2002-07-31,4.644999980926514,4.644999980926514,4.644999980926514,4.644999980926514,4.644999980926514,2
2002-08-01,4.650000095367432,4.650000095367432,4.659999847412109,4.650000095367432,4.659999847412109,0
2002-08-02,4.53000020980835,4.53000020980835,4.53000020980835,4.53000020980835,4.53000020980835,0
2002-08-05,4.400000095367432,4.400000095367432,4.400000095367432,4.400000095367432,4.400000095367432,0
2002-08-06,4.300000190734863,4.300000190734863,4.300000190734863,4.300000190734863,4.300000190734863,41
2002-08-07,3.994999885559082,3.994999885559082,4.090000152587891,3.9600000381469727,4.090000152587891,0
2002-08-08,4.010000228881836,4.010000228881836,4.010000228881836,4.010000228881836,4.010000228881836,0
2002-08-09,4.019999980926514,4.019999980926514,4.019999980926514,4.019999980926514,4.019999980926514,0
2002-08-12,4.110000133514404,4.110000133514404,4.110000133514404,4.110000133514404,4.110000133514404,0
2002-08-13,4.039999961853027,4.039999961853027,4.039999961853027,4.039999961853027,4.039999961853027,0
2002-08-14,4.090000152587891,4.090000152587891,4.090000152587891,4.090000152587891,4.090000152587891,0
2002-08-15,4.070000171661377,4.070000171661377,4.070000171661377,4.070000171661377,4.070000171661377,0
2002-08-16,4.070000171661377,4.070000171661377,4.070000171661377,4.070000171661377,4.070000171661377,0
2002-08-19,4.019999980926514,4.019999980926514,4.019999980926514,4.019999980926514,4.019999980926514,0
2002-08-20,3.950000047683716,3.950000047683716,3.950000047683716,3.950000047683716,3.950000047683716,0
2002-08-21,4.090000152587891,4.090000152587891,4.090000152587891,4.090000152587891,4.090000152587891,0
2002-08-22,4.170000076293945,4.170000076293945,4.170000076293945,4.170000076293945,4.170000076293945,0
2002-08-23,4.119999885559082,4.119999885559082,4.119999885559082,4.119999885559082,4.119999885559082,0
2002-08-26,4.21999979019165,4.21999979019165,4.21999979019165,4.21999979019165,4.21999979019165,2
2002-08-27,4.139999866485596,4.139999866485596,4.199999809265137,4.139999866485596,4.199999809265137,0
2002-08-28,3.990000009536743,3.990000009536743,3.990000009536743,3.990000009536743,3.990000009536743,0
2002-08-29,3.9549999237060547,3.9549999237060547,3.9549999237060547,3.9549999237060547,3.9549999237060547,0
2002-08-30,3.950000047683716,3.950000047683716,3.950000047683716,3.950000047683716,3.950000047683716,0
2002-09-03,3.950000047683716,3.950000047683716,3.950000047683716,3.950000047683716,3.950000047683716,0
2002-09-04,3.869999885559082,3.869999885559082,3.869999885559082,3.869999885559082,3.869999885559082,0
2002-09-05,3.7799999713897705,3.7799999713897705,3.7799999713897705,3.7799999713897705,3.7799999713897705,0
2002-09-06,3.734999895095825,3.734999895095825,3.734999895095825,3.734999895095825,3.734999895095825,0
2002-09-09,3.7899999618530273,3.7899999618530273,3.7899999618530273,3.7899999618530273,3.7899999618530273,0
2002-09-10,3.8499999046325684,3.8499999046325684,3.8499999046325684,3.8499999046325684,3.8499999046325684,0
2002-09-11,3.9200000762939453,3.9200000762939453,3.9200000762939453,3.9200000762939453,3.9200000762939453,0
2002-09-12,3.9100000858306885,3.9100000858306885,3.9100000858306885,3.9100000858306885,3.9100000858306885,1
2002-09-13,3.9100000858306885,3.9100000858306885,3.9100000858306885,3.9000000953674316,3.9000000953674316,0
2002-09-16,3.9100000858306885,3.9100000858306885,3.9100000858306885,3.9100000858306885,3.9100000858306885,0
2002-09-17,3.8399999141693115,3.8399999141693115,3.8399999141693115,3.8399999141693115,3.8399999141693115,0
2002-09-18,3.9000000953674316,3.9000000953674316,3.9000000953674316,3.9000000953674316,3.9000000953674316,0
2002-09-19,3.880000114440918,3.880000114440918,3.880000114440918,3.880000114440918,3.880000114440918,0
2002-09-20,3.9800000190734863,3.9800000190734863,3.9800000190734863,3.9800000190734863,3.9800000190734863,0
2002-09-23,4.059999942779541,4.059999942779541,4.059999942779541,4.059999942779541,4.059999942779541,2
2002-09-24,4.184999942779541,4.184999942779541,4.184999942779541,4.119999885559082,4.119999885559082,9
2002-09-25,4.150000095367432,4.150000095367432,4.269999980926514,4.150000095367432,4.269999980926514,2
2002-09-26,4.054999828338623,4.054999828338623,4.119999885559082,4.054999828338623,4.119999885559082,0
2002-09-27,4.079999923706055,4.079999923706055,4.079999923706055,4.079999923706055,4.079999923706055,0
2002-09-30,4.034999847412109,4.034999847412109,4.034999847412109,4.034999847412109,4.034999847412109,0
2002-10-01,4.070000171661377,4.070000171661377,4.070000171661377,4.070000171661377,4.070000171661377,0
2002-10-02,4.079999923706055,4.079999923706055,4.079999923706055,4.079999923706055,4.079999923706055,1
2002-10-03,4.139999866485596,4.139999866485596,4.139999866485596,4.139999866485596,4.139999866485596,0
2002-10-04,3.865000009536743,3.865000009536743,3.865000009536743,3.865000009536743,3.865000009536743,1
2002-10-07,3.8499999046325684,3.8499999046325684,3.859999895095825,3.8499999046325684,3.859999895095825,0
2002-10-08,3.859999895095825,3.859999895095825,3.859999895095825,3.859999895095825,3.859999895095825,0
2002-10-09,3.819999933242798,3.819999933242798,3.819999933242798,3.819999933242798,3.819999933242798,1
2002-10-10,3.8399999141693115,3.8399999141693115,3.8399999141693115,3.819999933242798,3.819999933242798,0
2002-10-11,3.740000009536743,3.740000009536743,3.740000009536743,3.740000009536743,3.740000009536743,0
2002-10-14,3.6700000762939453,3.6700000762939453,3.6700000762939453,3.6700000762939453,3.6700000762939453,6
2002-10-15,3.7300000190734863,3.7300000190734863,3.7300000190734863,3.6700000762939453,3.6700000762939453,0
2002-10-16,3.755000114440918,3.755000114440918,3.755000114440918,3.755000114440918,3.755000114440918,0
2002-10-17,3.7100000381469727,3.7100000381469727,3.7100000381469727,3.7100000381469727,3.7100000381469727,0
2002-10-18,3.700000047683716,3.700000047683716,3.700000047683716,3.700000047683716,3.700000047683716,0
2002-10-21,3.6700000762939453,3.6700000762939453,3.6700000762939453,3.6700000762939453,3.6700000762939453,0
2002-10-22,3.640000104904175,3.640000104904175,3.640000104904175,3.640000104904175,3.640000104904175,0
2002-10-23,3.680000066757202,3.680000066757202,3.680000066757202,3.680000066757202,3.680000066757202,2
2002-10-24,3.869999885559082,3.869999885559082,3.869999885559082,3.680000066757202,3.680000066757202,0
2002-10-25,3.759999990463257,3.759999990463257,3.759999990463257,3.759999990463257,3.759999990463257,0
2002-10-28,3.7049999237060547,3.7049999237060547,3.7049999237060547,3.7049999237060547,3.7049999237060547,0
2002-10-29,3.7300000190734863,3.7300000190734863,3.7300000190734863,3.7300000190734863,3.7300000190734863,6
2002-10-30,3.755000114440918,3.755000114440918,3.755000114440918,3.7300000190734863,3.7300000190734863,1
2002-10-31,3.740000009536743,3.740000009536743,3.740000009536743,3.740000009536743,3.740000009536743,0
2002-11-01,3.805000066757202,3.805000066757202,3.805000066757202,3.805000066757202,3.805000066757202,0
2002-11-04,3.9100000858306885,3.9100000858306885,3.9100000858306885,3.9100000858306885,3.9100000858306885,0
2002-11-05,3.869999885559082,3.869999885559082,3.869999885559082,3.869999885559082,3.869999885559082,0
2002-11-06,3.880000114440918,3.880000114440918,3.880000114440918,3.880000114440918,3.880000114440918,0
2002-11-07,4.0,4.0,4.0,4.0,4.0,0
2002-11-08,4.019999980926514,4.019999980926514,4.019999980926514,4.019999980926514,4.019999980926514,0
2002-11-11,3.950000047683716,3.950000047683716,3.950000047683716,3.950000047683716,3.950000047683716,0
2002-11-12,3.9200000762939453,3.9200000762939453,3.9200000762939453,3.9200000762939453,3.9200000762939453,0
2002-11-13,3.859999895095825,3.859999895095825,3.859999895095825,3.859999895095825,3.859999895095825,0
2002-11-14,3.8299999237060547,3.8299999237060547,3.8299999237060547,3.8299999237060547,3.8299999237060547,0
2002-11-15,3.859999895095825,3.859999895095825,3.859999895095825,3.859999895095825,3.859999895095825,0
2002-11-18,3.9100000858306885,3.9100000858306885,3.9100000858306885,3.9100000858306885,3.9100000858306885,0
2002-11-19,3.890000104904175,3.890000104904175,3.890000104904175,3.890000104904175,3.890000104904175,1
2002-11-20,3.990000009536743,3.990000009536743,4.050000190734863,3.990000009536743,4.050000190734863,0
2002-11-21,3.9700000286102295,3.9700000286102295,3.9700000286102295,3.9700000286102295,3.9700000286102295,0
2002-11-22,3.9800000190734863,3.9800000190734863,3.9800000190734863,3.9800000190734863,3.9800000190734863,0
2002-11-25,4.059999942779541,4.059999942779541,4.059999942779541,4.059999942779541,4.059999942779541,1
2002-11-26,4.0,4.0,4.079999923706055,4.0,4.079999923706055,0
2002-11-27,4.03000020980835,4.03000020980835,4.03000020980835,4.03000020980835,4.03000020980835,6
2002-11-29,4.079999923706055,4.079999923706055,4.079999923706055,4.070000171661377,4.070000171661377,0
2002-12-02,4.034999847412109,4.034999847412109,4.034999847412109,4.034999847412109,4.034999847412109,0
2002-12-03,3.9700000286102295,3.9700000286102295,3.9700000286102295,3.9700000286102295,3.9700000286102295,2
2002-12-04,4.059999942779541,4.059999942779541,4.059999942779541,3.9800000190734863,3.9800000190734863,3
2002-12-05,4.034999847412109,4.034999847412109,4.059999942779541,4.034999847412109,4.059999942779541,0
2002-12-06,4.025000095367432,4.025000095367432,4.025000095367432,4.025000095367432,4.025000095367432,0
2002-12-09,3.9800000190734863,3.9800000190734863,3.9800000190734863,3.9800000190734863,3.9800000190734863,0
2002-12-10,4.039999961853027,4.039999961853027,4.039999961853027,4.039999961853027,4.039999961853027,0
2002-12-11,4.019999980926514,4.019999980926514,4.019999980926514,4.019999980926514,4.019999980926514,0
2002-12-12,4.019999980926514,4.019999980926514,4.019999980926514,4.019999980926514,4.019999980926514,0
2002-12-13,3.994999885559082,3.994999885559082,3.994999885559082,3.994999885559082,3.994999885559082,0
2002-12-16,3.950000047683716,3.950000047683716,3.950000047683716,3.950000047683716,3.950000047683716,0
2002-12-17,3.859999895095825,3.859999895095825,3.859999895095825,3.859999895095825,3.859999895095825,3
2002-12-18,3.8399999141693115,3.8399999141693115,3.8399999141693115,3.809999942779541,3.819999933242798,0
2002-12-19,3.859999895095825,3.859999895095825,3.859999895095825,3.859999895095825,3.859999895095825,0
2002-12-20,3.984999895095825,3.984999895095825,3.984999895095825,3.984999895095825,3.984999895095825,0
2002-12-23,3.950000047683716,3.950000047683716,3.950000047683716,3.950000047683716,3.950000047683716,0
2002-12-24,3.950000047683716,3.950000047683716,3.950000047683716,3.950000047683716,3.950000047683716,0
2002-12-26,3.8949999809265137,3.8949999809265137,3.8949999809265137,3.8949999809265137,3.8949999809265137,0
2002-12-27,3.825000047683716,3.825000047683716,3.825000047683716,3.825000047683716,3.825000047683716,0
2002-12-30,3.799999952316284,3.799999952316284,3.799999952316284,3.799999952316284,3.799999952316284,0
2002-12-31,3.8499999046325684,3.8499999046325684,3.8499999046325684,3.8499999046325684,3.8499999046325684,0
2003-01-02,3.940000057220459,3.940000057220459,3.940000057220459,3.940000057220459,3.940000057220459,0
2003-01-03,3.990000009536743,3.990000009536743,3.990000009536743,3.990000009536743,3.990000009536743,0
2003-01-06,4.099999904632568,4.099999904632568,4.099999904632568,4.099999904632568,4.099999904632568,0
2003-01-07,4.070000171661377,4.070000171661377,4.070000171661377,4.070000171661377,4.070000171661377,0
2003-01-08,4.150000095367432,4.150000095367432,4.150000095367432,4.150000095367432,4.150000095367432,0
2003-01-09,4.25,4.25,4.25,4.25,4.25,0
2003-01-10,4.150000095367432,4.150000095367432,4.150000095367432,4.150000095367432,4.150000095367432,0
2003-01-13,4.139999866485596,4.139999866485596,4.139999866485596,4.139999866485596,4.139999866485596,0
2003-01-14,4.199999809265137,4.199999809265137,4.199999809265137,4.199999809265137,4.199999809265137,0
2003-01-15,4.210000038146973,4.210000038146973,4.210000038146973,4.210000038146973,4.210000038146973,0
2003-01-16,4.199999809265137,4.199999809265137,4.199999809265137,4.199999809265137,4.199999809265137,0
2003-01-17,4.269999980926514,4.269999980926514,4.269999980926514,4.269999980926514,4.269999980926514,0
2003-01-21,4.320000171661377,4.320000171661377,4.320000171661377,4.320000171661377,4.320000171661377,0
2003-01-22,4.300000190734863,4.300000190734863,4.300000190734863,4.300000190734863,4.300000190734863,1
2003-01-23,4.389999866485596,4.389999866485596,4.389999866485596,4.385000228881836,4.385000228881836,2
2003-01-24,4.329999923706055,4.329999923706055,4.389999866485596,4.329999923706055,4.389999866485596,0
2003-01-27,4.369999885559082,4.369999885559082,4.369999885559082,4.369999885559082,4.369999885559082,0
2003-01-28,4.360000133514404,4.360000133514404,4.360000133514404,4.360000133514404,4.360000133514404,0
2003-01-29,4.264999866485596,4.264999866485596,4.264999866485596,4.264999866485596,4.264999866485596,0
2003-01-30,4.34499979019165,4.34499979019165,4.34499979019165,4.34499979019165,4.34499979019165,0
2003-01-31,4.429999828338623,4.429999828338623,4.429999828338623,4.429999828338623,4.429999828338623,0
2003-02-03,4.434999942779541,4.434999942779541,4.434999942779541,4.434999942779541,4.434999942779541,0
2003-02-04,4.514999866485596,4.514999866485596,4.514999866485596,4.514999866485596,4.514999866485596,3
2003-02-05,4.585000038146973,4.585000038146973,4.585000038146973,4.46999979019165,4.46999979019165,3
2003-02-06,4.559999942779541,4.559999942779541,4.639999866485596,4.559999942779541,4.59499979019165,16
2003-02-07,4.630000114440918,4.630000114440918,4.630000114440918,4.630000114440918,4.630000114440918,13
2003-02-10,4.5,4.5,4.650000095367432,4.5,4.639999866485596,1
2003-02-11,4.465000152587891,4.465000152587891,4.489999771118164,4.465000152587891,4.489999771118164,1
2003-02-12,4.40500020980835,4.40500020980835,4.40500020980835,4.40500020980835,4.40500020980835,4
2003-02-13,4.485000133514404,4.485000133514404,4.485000133514404,4.400000095367432,4.400000095367432,4
2003-02-14,4.420000076293945,4.420000076293945,4.420000076293945,4.420000076293945,4.420000076293945,1
2003-02-18,4.389999866485596,4.389999866485596,4.400000095367432,4.389999866485596,4.400000095367432,1
2003-02-19,4.400000095367432,4.400000095367432,4.400000095367432,4.400000095367432,4.400000095367432,22
2003-02-20,4.369999885559082,4.369999885559082,4.409999847412109,4.25,4.409999847412109,22
2003-02-21,4.579999923706055,4.579999923706055,4.579999923706055,4.375,4.375,5
2003-02-24,4.53000020980835,4.53000020980835,4.550000190734863,4.53000020980835,4.550000190734863,5
2003-02-25,4.454999923706055,4.454999923706055,4.454999923706055,4.454999923706055,4.454999923706055,0
2003-02-26,4.545000076293945,4.545000076293945,4.545000076293945,4.545000076293945,4.545000076293945,0
2003-02-27,4.574999809265137,4.574999809265137,4.574999809265137,4.574999809265137,4.574999809265137,2
2003-02-28,4.53000020980835,4.53000020980835,4.574999809265137,4.53000020980835,4.574999809265137,2
2003-03-03,4.539999961853027,4.539999961853027,4.539999961853027,4.539999961853027,4.539999961853027,0
2003-03-04,4.5,4.5,4.5,4.5,4.5,0
2003-03-05,4.46999979019165,4.46999979019165,4.46999979019165,4.46999979019165,4.46999979019165,0
2003-03-06,4.46999979019165,4.46999979019165,4.46999979019165,4.46999979019165,4.46999979019165,0
2003-03-07,4.639999866485596,4.639999866485596,4.639999866485596,4.639999866485596,4.639999866485596,0
2003-03-10,4.619999885559082,4.619999885559082,4.619999885559082,4.619999885559082,4.619999885559082,0
2003-03-11,4.699999809265137,4.699999809265137,4.699999809265137,4.699999809265137,4.699999809265137,0
2003-03-12,4.670000076293945,4.670000076293945,4.670000076293945,4.670000076293945,4.670000076293945,0
2003-03-13,4.769999980926514,4.769999980926514,4.769999980926514,4.769999980926514,4.769999980926514,0
2003-03-14,4.71999979019165,4.71999979019165,4.71999979019165,4.71999979019165,4.71999979019165,0
2003-03-17,4.739999771118164,4.739999771118164,4.739999771118164,4.739999771118164,4.739999771118164,0
2003-03-18,4.760000228881836,4.760000228881836,4.760000228881836,4.760000228881836,4.760000228881836,0
2003-03-19,4.889999866485596,4.889999866485596,4.889999866485596,4.889999866485596,4.889999866485596,0
2003-03-20,4.840000152587891,4.840000152587891,4.840000152587891,4.840000152587891,4.840000152587891,1
2003-03-21,5.09499979019165,5.09499979019165,5.09499979019165,5.079999923706055,5.079999923706055,1
2003-03-24,5.059999942779541,5.059999942779541,5.059999942779541,5.059999942779541,5.059999942779541,0
2003-03-25,5.010000228881836,5.010000228881836,5.010000228881836,5.010000228881836,5.010000228881836,0
2003-03-26,5.010000228881836,5.010000228881836,5.010000228881836,5.010000228881836,5.010000228881836,0
2003-03-27,5.039999961853027,5.039999961853027,5.039999961853027,5.039999961853027,5.039999961853027,0
2003-03-28,5.210000038146973,5.210000038146973,5.210000038146973,5.210000038146973,5.210000038146973,1
2003-03-31,5.119999885559082,5.119999885559082,5.210000038146973,5.119999885559082,5.210000038146973,1
2003-04-01,5.224999904632568,5.224999904632568,5.224999904632568,5.224999904632568,5.224999904632568,0
2003-04-02,5.320000171661377,5.320000171661377,5.320000171661377,5.320000171661377,5.320000171661377,0
2003-04-03,5.179999828338623,5.179999828338623,5.179999828338623,5.179999828338623,5.179999828338623,0
2003-04-04,5.335000038146973,5.335000038146973,5.335000038146973,5.335000038146973,5.335000038146973,0
2003-04-07,5.559999942779541,5.559999942779541,5.559999942779541,5.349999904632568,5.349999904632568,3
2003-04-08,5.664999961853027,5.664999961853027,5.664999961853027,5.5,5.5,2
2003-04-09,5.889999866485596,5.889999866485596,5.889999866485596,5.889999866485596,5.889999866485596,10
2003-04-10,5.934999942779541,5.934999942779541,5.934999942779541,5.860000133514404,5.880000114440918,10
2003-04-11,5.704999923706055,5.704999923706055,5.925000190734863,5.704999923706055,5.909999847412109,6
2003-04-14,5.730000019073486,5.730000019073486,5.730000019073486,5.730000019073486,5.730000019073486,0
2003-04-15,5.880000114440918,5.880000114440918,5.880000114440918,5.880000114440918,5.880000114440918,6
2003-04-16,5.880000114440918,5.880000114440918,5.909999847412109,5.880000114440918,5.900000095367432,6
2003-04-17,5.940000057220459,5.940000057220459,5.940000057220459,5.849999904632568,5.860000133514404,4
2003-04-21,5.929999828338623,5.929999828338623,5.929999828338623,5.929999828338623,5.929999828338623,11
2003-04-22,5.989999771118164,5.989999771118164,6.019999980926514,5.989999771118164,6.019999980926514,11
2003-04-23,6.010000228881836,6.010000228881836,6.010000228881836,6.010000228881836,6.010000228881836,0
2003-04-24,6.150000095367432,6.150000095367432,6.150000095367432,6.150000095367432,6.150000095367432,0
2003-04-25,6.204999923706055,6.204999923706055,6.204999923706055,6.204999923706055,6.204999923706055,0
2003-04-28,6.449999809265137,6.449999809265137,6.449999809265137,6.449999809265137,6.449999809265137,0
2003-04-29,6.635000228881836,6.635000228881836,6.635000228881836,6.635000228881836,6.635000228881836,5
2003-04-30,6.239999771118164,6.239999771118164,6.690000057220459,6.239999771118164,6.585000038146973,5
2003-05-01,6.255000114440918,6.255000114440918,6.255000114440918,6.255000114440918,6.255000114440918,2
2003-05-02,6.369999885559082,6.369999885559082,6.369999885559082,6.25,6.25,2
2003-05-05,6.5,6.5,6.5,6.5,6.5,2
2003-05-06,6.559999942779541,6.559999942779541,6.559999942779541,6.5,6.550000190734863,2
2003-05-07,6.75,6.75,6.75,6.75,6.75,0
2003-05-08,6.414999961853027,6.414999961853027,6.414999961853027,6.414999961853027,6.414999961853027,0
2003-05-09,6.300000190734863,6.300000190734863,6.300000190734863,6.300000190734863,6.300000190734863,0
2003-05-12,6.369999885559082,6.369999885559082,6.369999885559082,6.369999885559082,6.369999885559082,0
2003-05-13,6.179999828338623,6.179999828338623,6.179999828338623,6.179999828338623,6.179999828338623,0
2003-05-14,5.949999809265137,5.949999809265137,5.949999809265137,5.949999809265137,5.949999809265137,0
2003-05-15,6.119999885559082,6.119999885559082,6.119999885559082,6.119999885559082,6.119999885559082,0
2003-05-16,6.059999942779541,6.059999942779541,6.059999942779541,6.059999942779541,6.059999942779541,0
2003-05-19,5.860000133514404,5.860000133514404,5.860000133514404,5.860000133514404,5.860000133514404,0
2003-05-20,5.820000171661377,5.820000171661377,5.820000171661377,5.820000171661377,5.820000171661377,0
2003-05-21,5.920000076293945,5.920000076293945,5.920000076293945,5.920000076293945,5.920000076293945,0
2003-05-22,5.855000019073486,5.855000019073486,5.855000019073486,5.855000019073486,5.855000019073486,1
2003-05-23,5.909999847412109,5.909999847412109,5.909999847412109,5.800000190734863,5.800000190734863,1
2003-05-27,6.110000133514404,6.110000133514404,6.110000133514404,6.110000133514404,6.110000133514404,0
2003-05-28,6.099999904632568,6.099999904632568,6.099999904632568,6.099999904632568,6.099999904632568,0
2003-05-29,5.989999771118164,5.989999771118164,5.989999771118164,5.989999771118164,5.989999771118164,0
2003-05-30,5.869999885559082,5.869999885559082,5.869999885559082,5.869999885559082,5.869999885559082,0
2003-06-02,5.840000152587891,5.840000152587891,5.840000152587891,5.840000152587891,5.840000152587891,0
2003-06-03,5.940000057220459,5.940000057220459,5.940000057220459,5.940000057220459,5.940000057220459,0
2003-06-04,5.965000152587891,5.965000152587891,5.965000152587891,5.965000152587891,5.965000152587891,1
2003-06-05,5.885000228881836,5.885000228881836,5.920000076293945,5.885000228881836,5.920000076293945,1
2003-06-06,5.809999942779541,5.809999942779541,5.809999942779541,5.809999942779541,5.809999942779541,0
2003-06-09,5.755000114440918,5.755000114440918,5.755000114440918,5.755000114440918,5.755000114440918,0
2003-06-10,5.775000095367432,5.775000095367432,5.775000095367432,5.775000095367432,5.775000095367432,0
2003-06-11,5.869999885559082,5.869999885559082,5.869999885559082,5.869999885559082,5.869999885559082,0
2003-06-12,5.949999809265137,5.949999809265137,5.949999809265137,5.949999809265137,5.949999809265137,0
2003-06-13,5.914999961853027,5.914999961853027,5.914999961853027,5.914999961853027,5.914999961853027,0
2003-06-16,5.909999847412109,5.909999847412109,5.909999847412109,5.909999847412109,5.909999847412109,0
2003-06-17,5.960000038146973,5.960000038146973,5.960000038146973,5.960000038146973,5.960000038146973,5
2003-06-18,6.184999942779541,6.184999942779541,6.184999942779541,6.0,6.010000228881836,5
2003-06-19,6.139999866485596,6.139999866485596,6.139999866485596,6.139999866485596,6.139999866485596,0
2003-06-20,6.0,6.0,6.0,6.0,6.0,0
2003-06-23,5.860000133514404,5.860000133514404,5.860000133514404,5.860000133514404,5.860000133514404,5
2003-06-24,5.824999809265137,5.824999809265137,5.824999809265137,5.824999809265137,5.824999809265137,5
2003-06-25,5.659999847412109,5.659999847412109,5.820000171661377,5.659999847412109,5.809999942779541,5
2003-06-26,5.519999980926514,5.519999980926514,5.519999980926514,5.519999980926514,5.519999980926514,0
2003-06-27,5.610000133514404,5.610000133514404,5.610000133514404,5.610000133514404,5.610000133514404,0
2003-06-30,5.800000190734863,5.800000190734863,5.800000190734863,5.800000190734863,5.800000190734863,0
2003-07-01,5.849999904632568,5.849999904632568,5.849999904632568,5.849999904632568,5.849999904632568,0
2003-07-02,5.980000019073486,5.980000019073486,5.980000019073486,5.980000019073486,5.980000019073486,0
2003-07-03,6.0,6.0,6.0,6.0,6.0,0
2003-07-07,5.920000076293945,5.920000076293945,5.920000076293945,5.920000076293945,5.920000076293945,0
2003-07-08,5.75,5.75,5.75,5.75,5.75,0
2003-07-09,5.849999904632568,5.849999904632568,5.849999904632568,5.849999904632568,5.849999904632568,0
2003-07-10,5.800000190734863,5.800000190734863,5.800000190734863,5.800000190734863,5.800000190734863,0
2003-07-11,6.199999809265137,6.199999809265137,6.199999809265137,6.199999809265137,6.199999809265137,0
2003-07-14,6.010000228881836,6.010000228881836,6.010000228881836,6.010000228881836,6.010000228881836,0
2003-07-15,6.21999979019165,6.21999979019165,6.21999979019165,6.21999979019165,6.21999979019165,0
2003-07-16,6.025000095367432,6.025000095367432,6.025000095367432,6.025000095367432,6.025000095367432,0
2003-07-17,5.800000190734863,5.800000190734863,5.800000190734863,5.800000190734863,5.800000190734863,0
2003-07-18,5.900000095367432,5.900000095367432,5.900000095367432,5.900000095367432,5.900000095367432,0
2003-07-21,6.099999904632568,6.099999904632568,6.099999904632568,6.099999904632568,6.099999904632568,0
2003-07-22,6.320000171661377,6.320000171661377,6.320000171661377,6.320000171661377,6.320000171661377,0
2003-07-23,7.434999942779541,7.434999942779541,7.434999942779541,7.434999942779541,7.434999942779541,0
2003-07-24,7.369999885559082,7.369999885559082,7.369999885559082,7.369999885559082,7.369999885559082,0
2003-07-25,7.429999828338623,7.429999828338623,7.429999828338623,7.429999828338623,7.429999828338623,0
2003-07-28,7.545000076293945,7.545000076293945,7.545000076293945,7.545000076293945,7.545000076293945,0
2003-07-29,7.775000095367432,7.775000095367432,7.775000095367432,7.775000095367432,7.775000095367432,0
2003-07-30,7.690000057220459,7.690000057220459,7.690000057220459,7.690000057220459,7.690000057220459,0
2003-07-31,7.440000057220459,7.440000057220459,7.440000057220459,7.440000057220459,7.440000057220459,0
2003-08-01,7.75,7.75,7.75,7.75,7.75,2
2003-08-04,7.739999771118164,7.739999771118164,7.78000020980835,7.739999771118164,7.78000020980835,2
2003-08-05,7.610000133514404,7.610000133514404,7.610000133514404,7.610000133514404,7.610000133514404,2
2003-08-06,7.639999866485596,7.639999866485596,7.690000057220459,7.639999866485596,7.690000057220459,2
2003-08-07,7.75,7.75,7.75,7.75,7.75,0
2003-08-08,7.869999885559082,7.869999885559082,7.869999885559082,7.869999885559082,7.869999885559082,0
2003-08-11,7.840000152587891,7.840000152587891,7.840000152587891,7.840000152587891,7.840000152587891,0
2003-08-12,7.920000076293945,7.920000076293945,7.920000076293945,7.920000076293945,7.920000076293945,0
2003-08-13,7.795000076293945,7.795000076293945,7.795000076293945,7.795000076293945,7.795000076293945,0
2003-08-14,7.630000114440918,7.630000114440918,7.630000114440918,7.630000114440918,7.630000114440918,0
2003-08-15,7.460000038146973,7.460000038146973,7.460000038146973,7.460000038146973,7.460000038146973,0
2003-08-18,7.489999771118164,7.489999771118164,7.489999771118164,7.489999771118164,7.489999771118164,0
2003-08-19,7.239999771118164,7.239999771118164,7.239999771118164,7.239999771118164,7.239999771118164,1
2003-08-20,7.349999904632568,7.349999904632568,7.349999904632568,7.239999771118164,7.239999771118164,1
2003-08-21,7.489999771118164,7.489999771118164,7.489999771118164,7.489999771118164,7.489999771118164,0
2003-08-22,7.630000114440918,7.630000114440918,7.630000114440918,7.630000114440918,7.630000114440918,0
2003-08-25,7.460000038146973,7.460000038146973,7.460000038146973,7.460000038146973,7.460000038146973,0
2003-08-26,7.420000076293945,7.420000076293945,7.420000076293945,7.420000076293945,7.420000076293945,0
2003-08-27,7.679999828338623,7.679999828338623,7.679999828338623,7.679999828338623,7.679999828338623,0
2003-08-28,7.449999809265137,7.449999809265137,7.449999809265137,7.449999809265137,7.449999809265137,0
2003-08-29,7.449999809265137,7.449999809265137,7.449999809265137,7.449999809265137,7.449999809265137,0
2003-09-02,7.199999809265137,7.199999809265137,7.199999809265137,7.199999809265137,7.199999809265137,0
2003-09-03,7.239999771118164,7.239999771118164,7.239999771118164,7.239999771118164,7.239999771118164,0
2003-09-04,7.349999904632568,7.349999904632568,7.349999904632568,7.349999904632568,7.349999904632568,0
2003-09-05,7.300000190734863,7.300000190734863,7.300000190734863,7.300000190734863,7.300000190734863,0
2003-09-08,7.199999809265137,7.199999809265137,7.199999809265137,7.199999809265137,7.199999809265137,0
2003-09-09,7.230000019073486,7.230000019073486,7.230000019073486,7.230000019073486,7.230000019073486,0
2003-09-10,7.210000038146973,7.210000038146973,7.210000038146973,7.210000038146973,7.210000038146973,0
2003-09-11,6.989999771118164,6.989999771118164,6.989999771118164,6.989999771118164,6.989999771118164,0
2003-09-12,7.199999809265137,7.199999809265137,7.199999809265137,7.199999809265137,7.199999809265137,0
2003-09-15,7.300000190734863,7.300000190734863,7.300000190734863,7.300000190734863,7.300000190734863,0
2003-09-16,7.300000190734863,7.300000190734863,7.300000190734863,7.300000190734863,7.300000190734863,0
2003-09-17,7.389999866485596,7.389999866485596,7.389999866485596,7.389999866485596,7.389999866485596,0
2003-09-18,7.400000095367432,7.400000095367432,7.400000095367432,7.400000095367432,7.400000095367432,0
2003-09-19,7.25,7.25,7.25,7.25,7.25,0
2003-09-22,7.46999979019165,7.46999979019165,7.46999979019165,7.46999979019165,7.46999979019165,0
2003-09-23,7.46999979019165,7.46999979019165,7.46999979019165,7.449999809265137,7.449999809265137,0
2003-09-24,7.489999771118164,7.489999771118164,7.489999771118164,7.489999771118164,7.489999771118164,0
2003-09-25,7.429999828338623,7.429999828338623,7.429999828338623,7.429999828338623,7.429999828338623,1
2003-09-26,7.40500020980835,7.40500020980835,7.449999809265137,7.40500020980835,7.449999809265137,0
2003-09-29,7.400000095367432,7.400000095367432,7.400000095367432,7.400000095367432,7.400000095367432,0
2003-09-30,7.309999942779541,7.309999942779541,7.380000114440918,7.309999942779541,7.380000114440918,0
2003-10-01,7.230000019073486,7.230000019073486,7.230000019073486,7.230000019073486,7.230000019073486,0
2003-10-02,7.300000190734863,7.300000190734863,7.300000190734863,7.210000038146973,7.210000038146973,1
2003-10-03,7.304999828338623,7.304999828338623,7.304999828338623,7.304999828338623,7.304999828338623,0
2003-10-06,7.130000114440918,7.130000114440918,7.130000114440918,7.130000114440918,7.130000114440918,0
2003-10-07,6.940000057220459,6.940000057220459,6.940000057220459,6.940000057220459,6.940000057220459,0
2003-10-08,6.96999979019165,6.96999979019165,6.96999979019165,6.96999979019165,6.96999979019165,0
2003-10-09,6.920000076293945,6.920000076293945,6.920000076293945,6.920000076293945,6.920000076293945,0
2003-10-10,6.974999904632568,6.974999904632568,6.974999904632568,6.974999904632568,6.974999904632568,0
2003-10-13,7.070000171661377,7.070000171661377,7.070000171661377,7.070000171661377,7.070000171661377,0
2003-10-14,7.110000133514404,7.110000133514404,7.110000133514404,7.110000133514404,7.110000133514404,0
2003-10-15,6.860000133514404,6.860000133514404,6.860000133514404,6.860000133514404,6.860000133514404,0
2003-10-16,6.940000057220459,6.940000057220459,6.940000057220459,6.940000057220459,6.940000057220459,0
2003-10-17,7.0,7.0,7.0,7.0,7.0,0
2003-10-20,6.829999923706055,6.829999923706055,6.829999923706055,6.829999923706055,6.829999923706055,4
2003-10-21,6.820000171661377,6.820000171661377,6.820000171661377,6.800000190734863,6.800000190734863,4
2003-10-22,7.150000095367432,7.150000095367432,7.150000095367432,7.150000095367432,7.150000095367432,5
2003-10-23,7.324999809265137,7.324999809265137,7.324999809265137,7.179999828338623,7.179999828338623,5
2003-10-24,7.210000038146973,7.210000038146973,7.210000038146973,7.210000038146973,7.210000038146973,1
2003-10-27,7.400000095367432,7.400000095367432,7.400000095367432,7.260000228881836,7.260000228881836,1
2003-10-28,7.40500020980835,7.40500020980835,7.40500020980835,7.40500020980835,7.40500020980835,6
2003-10-29,7.434999942779541,7.434999942779541,7.449999809265137,7.434999942779541,7.440000057220459,6
2003-10-30,7.480000019073486,7.480000019073486,7.480000019073486,7.480000019073486,7.480000019073486,0
2003-10-31,7.545000076293945,7.545000076293945,7.545000076293945,7.545000076293945,7.545000076293945,0
2003-11-03,7.599999904632568,7.599999904632568,7.599999904632568,7.599999904632568,7.599999904632568,0
2003-11-04,7.670000076293945,7.670000076293945,7.670000076293945,7.670000076293945,7.670000076293945,0
2003-11-05,7.670000076293945,7.670000076293945,7.670000076293945,7.670000076293945,7.670000076293945,0
2003-11-06,7.650000095367432,7.650000095367432,7.650000095367432,7.650000095367432,7.650000095367432,0
2003-11-07,7.550000190734863,7.550000190734863,7.550000190734863,7.550000190734863,7.550000190734863,0
2003-11-10,7.539999961853027,7.539999961853027,7.539999961853027,7.539999961853027,7.539999961853027,0
2003-11-11,7.590000152587891,7.590000152587891,7.590000152587891,7.590000152587891,7.590000152587891,0
2003-11-12,7.889999866485596,7.889999866485596,7.889999866485596,7.889999866485596,7.889999866485596,0
2003-11-13,8.300000190734863,8.300000190734863,8.300000190734863,8.300000190734863,8.300000190734863,0
2003-11-14,8.095000267028809,8.095000267028809,8.095000267028809,8.095000267028809,8.095000267028809,0
2003-11-17,8.270000457763672,8.270000457763672,8.270000457763672,8.270000457763672,8.270000457763672,0
2003-11-18,8.109999656677246,8.109999656677246,8.109999656677246,8.109999656677246,8.109999656677246,0
2003-11-19,8.125,8.125,8.125,8.125,8.125,1
2003-11-20,8.350000381469727,8.350000381469727,8.350000381469727,8.119999885559082,8.119999885559082,0
2003-11-21,8.414999961853027,8.414999961853027,8.414999961853027,8.414999961853027,8.414999961853027,0
2003-11-24,8.34000015258789,8.34000015258789,8.430000305175781,8.329999923706055,8.399999618530273,0
2003-11-25,8.239999771118164,8.239999771118164,8.300000190734863,8.199999809265137,8.300000190734863,0
2003-11-26,8.199999809265137,8.199999809265137,8.25,8.180000305175781,8.220000267028809,0
2003-11-28,8.40999984741211,8.40999984741211,8.420000076293945,8.119999885559082,8.220000267028809,0
2003-12-01,8.53499984741211,8.53499984741211,8.550000190734863,8.350000381469727,8.420000076293945,0
2003-12-02,8.680000305175781,8.680000305175781,8.6899995803833,8.479999542236328,8.5600004196167,0
2003-12-03,8.755000114440918,8.755000114440918,8.869999885559082,8.619999885559082,8.6899995803833,0
2003-12-04,8.65999984741211,8.65999984741211,8.75,8.569999694824219,8.699999809265137,0
2003-12-05,8.6899995803833,8.6899995803833,8.710000038146973,8.569999694824219,8.600000381469727,0
2003-12-08,8.6899995803833,8.6899995803833,8.729999542236328,8.640000343322754,8.729999542236328,0
2003-12-09,8.670000076293945,8.670000076293945,8.670000076293945,8.579999923706055,8.649999618530273,0
2003-12-10,8.770000457763672,8.770000457763672,8.779999732971191,8.579999923706055,8.680000305175781,0
2003-12-11,8.704999923706055,8.704999923706055,8.829999923706055,8.680000305175781,8.770000457763672,0
2003-12-12,8.524999618530273,8.524999618530273,8.699999809265137,8.420000076293945,8.6899995803833,0
2003-12-15,8.420000076293945,8.420000076293945,8.5,8.289999961853027,8.5,0
2003-12-16,8.545000076293945,8.545000076293945,8.5600004196167,8.399999618530273,8.399999618530273,0
2003-12-17,8.4399995803833,8.4399995803833,8.550000190734863,8.430000305175781,8.539999961853027,0
2003-12-18,8.289999961853027,8.289999961853027,8.479999542236328,8.279999732971191,8.449999809265137,0
2003-12-19,8.329999923706055,8.329999923706055,8.390000343322754,8.289999961853027,8.289999961853027,0
2003-12-22,8.225000381469727,8.225000381469727,8.3100004196167,8.199999809265137,8.3100004196167,0
2003-12-23,8.164999961853027,8.164999961853027,8.199999809265137,8.149999618530273,8.199999809265137,0
2003-12-24,8.350000381469727,8.350000381469727,8.350000381469727,8.050000190734863,8.149999618530273,0
2003-12-26,8.550000190734863,8.550000190734863,8.600000381469727,8.460000038146973,8.600000381469727,0
2003-12-29,8.520000457763672,8.520000457763672,8.5600004196167,8.460000038146973,8.5600004196167,0
2003-12-30,8.5,8.5,8.550000190734863,8.430000305175781,8.460000038146973,0
2003-12-31,8.539999961853027,8.539999961853027,8.539999961853027,8.539999961853027,8.539999961853027,0
2004-01-02,8.699999809265137,8.699999809265137,8.699999809265137,8.699999809265137,8.699999809265137,0
2004-01-05,8.755000114440918,8.755000114440918,8.755000114440918,8.755000114440918,8.755000114440918,0
2004-01-06,8.819999694824219,8.819999694824219,8.819999694824219,8.819999694824219,8.819999694824219,0
2004-01-07,8.930000305175781,8.930000305175781,8.930000305175781,8.930000305175781,8.930000305175781,0
2004-01-08,8.9399995803833,8.9399995803833,8.9399995803833,8.9399995803833,8.9399995803833,0
2004-01-09,8.979999542236328,8.979999542236328,8.979999542236328,8.979999542236328,8.979999542236328,0
2004-01-12,8.449999809265137,8.449999809265137,8.449999809265137,8.449999809265137,8.449999809265137,0
2004-01-13,8.34000015258789,8.34000015258789,8.34000015258789,8.34000015258789,8.34000015258789,0
2004-01-14,8.420000076293945,8.420000076293945,8.420000076293945,8.420000076293945,8.420000076293945,0
2004-01-15,8.34000015258789,8.34000015258789,8.34000015258789,8.34000015258789,8.34000015258789,0
2004-01-16,8.329999923706055,8.329999923706055,8.329999923706055,8.329999923706055,8.329999923706055,0
2004-01-20,8.3100004196167,8.3100004196167,8.3100004196167,8.3100004196167,8.3100004196167,0
2004-01-21,8.3100004196167,8.3100004196167,8.3100004196167,8.3100004196167,8.3100004196167,0
2004-01-22,8.40999984741211,8.40999984741211,8.40999984741211,8.40999984741211,8.40999984741211,0
2004-01-23,8.375,8.375,8.375,8.375,8.375,0
2004-01-26,8.425000190734863,8.425000190734863,8.425000190734863,8.425000190734863,8.425000190734863,0
2004-01-27,8.1899995803833,8.1899995803833,8.1899995803833,8.1899995803833,8.1899995803833,0
2004-01-28,7.909999847412109,7.909999847412109,7.909999847412109,7.909999847412109,7.909999847412109,0
2004-01-29,7.985000133514404,7.985000133514404,7.985000133514404,7.985000133514404,7.985000133514404,0
2004-01-30,8.0600004196167,8.0600004196167,8.0600004196167,8.0600004196167,8.0600004196167,0
2004-02-02,7.800000190734863,7.800000190734863,7.800000190734863,7.800000190734863,7.800000190734863,0
2004-02-03,7.739999771118164,7.739999771118164,7.739999771118164,7.739999771118164,7.739999771118164,0
2004-02-04,7.730000019073486,7.730000019073486,7.730000019073486,7.730000019073486,7.730000019073486,2
2004-02-05,7.619999885559082,7.619999885559082,7.730000019073486,7.619999885559082,7.639999866485596,0
2004-02-06,7.764999866485596,7.764999866485596,7.764999866485596,7.764999866485596,7.764999866485596,2
2004-02-09,7.875,7.875,7.875,7.71999979019165,7.71999979019165,0
2004-02-10,7.710000038146973,7.710000038146973,7.710000038146973,7.710000038146973,7.710000038146973,0
2004-02-11,7.84499979019165,7.84499979019165,7.84499979019165,7.84499979019165,7.84499979019165,0
2004-02-12,7.840000152587891,7.840000152587891,7.840000152587891,7.840000152587891,7.840000152587891,0
2004-02-13,7.929999828338623,7.929999828338623,7.929999828338623,7.929999828338623,7.929999828338623,0
2004-02-17,8.09000015258789,8.09000015258789,8.09000015258789,8.09000015258789,8.09000015258789,16
2004-02-18,8.239999771118164,8.239999771118164,8.239999771118164,8.09000015258789,8.09000015258789,0
2004-02-19,8.3149995803833,8.3149995803833,8.3149995803833,8.3149995803833,8.3149995803833,0
2004-02-20,8.28499984741211,8.28499984741211,8.28499984741211,8.28499984741211,8.28499984741211,0
2004-02-23,8.359999656677246,8.359999656677246,8.359999656677246,8.359999656677246,8.359999656677246,0
2004-02-24,8.720000267028809,8.720000267028809,8.720000267028809,8.720000267028809,8.720000267028809,2
2004-02-25,8.850000381469727,8.850000381469727,8.850000381469727,8.75,8.75,0
2004-02-26,8.699999809265137,8.699999809265137,8.699999809265137,8.699999809265137,8.699999809265137,1
2004-02-27,8.960000038146973,8.960000038146973,8.960000038146973,8.6899995803833,8.6899995803833,0
2004-03-01,9.1850004196167,9.1850004196167,9.1850004196167,9.1850004196167,9.1850004196167,0
2004-03-02,8.979999542236328,8.979999542236328,8.979999542236328,8.979999542236328,8.979999542236328,0
2004-03-03,9.5600004196167,9.5600004196167,9.5600004196167,9.5600004196167,9.5600004196167,0
2004-03-04,9.539999961853027,9.539999961853027,9.539999961853027,9.539999961853027,9.539999961853027,0
2004-03-05,9.699999809265137,9.699999809265137,9.699999809265137,9.699999809265137,9.699999809265137,0
2004-03-08,10.170000076293945,10.170000076293945,10.170000076293945,10.170000076293945,10.170000076293945,0
2004-03-09,10.100000381469727,10.100000381469727,10.100000381469727,10.100000381469727,10.100000381469727,0
2004-03-10,9.920000076293945,9.920000076293945,9.920000076293945,9.920000076293945,9.920000076293945,0
2004-03-11,9.989999771118164,9.989999771118164,9.989999771118164,9.989999771118164,9.989999771118164,0
2004-03-12,10.0,10.0,10.0,10.0,10.0,0
2004-03-16,10.079999923706055,10.079999923706055,10.079999923706055,10.079999923706055,10.079999923706055,0
2004-03-17,10.109999656677246,10.109999656677246,10.109999656677246,10.109999656677246,10.109999656677246,0
2004-03-18,10.0600004196167,10.0600004196167,10.0600004196167,10.0600004196167,10.0600004196167,0
2004-03-19,9.829999923706055,9.829999923706055,9.829999923706055,9.829999923706055,9.829999923706055,0
2004-03-22,9.949999809265137,9.949999809265137,9.949999809265137,9.949999809265137,9.949999809265137,0
2004-03-23,10.130000114440918,10.130000114440918,10.130000114440918,10.130000114440918,10.130000114440918,3
2004-03-24,10.024999618530273,10.024999618530273,10.220000267028809,10.024999618530273,10.220000267028809,0
2004-03-25,10.005000114440918,10.005000114440918,10.005000114440918,10.005000114440918,10.005000114440918,3
2004-03-26,9.625,9.625,9.625,9.625,9.625,0
2004-03-29,9.555000305175781,9.555000305175781,9.555000305175781,9.555000305175781,9.555000305175781,0
2004-03-30,9.5,9.5,9.5,9.5,9.5,0
2004-03-31,9.449999809265137,9.449999809265137,9.449999809265137,9.449999809265137,9.449999809265137,0
2004-04-01,9.949999809265137,9.949999809265137,9.949999809265137,9.949999809265137,9.949999809265137,0
2004-04-02,10.260000228881836,10.260000228881836,10.260000228881836,10.260000228881836,10.260000228881836,0
2004-04-05,10.100000381469727,10.100000381469727,10.100000381469727,10.100000381469727,10.100000381469727,0
2004-04-06,9.979999542236328,9.979999542236328,9.979999542236328,9.979999542236328,9.979999542236328,0
2004-04-07,10.0,10.0,10.0,10.0,10.0,0
2004-04-08,9.869999885559082,9.869999885559082,9.869999885559082,9.869999885559082,9.869999885559082,0
2004-04-12,9.829999923706055,9.829999923706055,9.829999923706055,9.829999923706055,9.829999923706055,1
2004-04-13,9.829999923706055,9.829999923706055,9.829999923706055,9.829999923706055,9.829999923706055,0
2004-04-14,9.90999984741211,9.90999984741211,9.90999984741211,9.90999984741211,9.90999984741211,1
2004-04-15,9.800000190734863,9.800000190734863,9.800000190734863,9.800000190734863,9.800000190734863,5
2004-04-16,10.029999732971191,10.029999732971191,10.029999732971191,10.029999732971191,10.029999732971191,0
2004-04-19,10.079999923706055,10.079999923706055,10.079999923706055,10.079999923706055,10.079999923706055,5
2004-04-20,10.114999771118164,10.114999771118164,10.114999771118164,10.114999771118164,10.114999771118164,0
2004-04-21,10.234999656677246,10.234999656677246,10.234999656677246,10.234999656677246,10.234999656677246,0
2004-04-22,10.399999618530273,10.399999618530273,10.399999618530273,10.399999618530273,10.399999618530273,0
2004-04-23,10.5649995803833,10.5649995803833,10.5649995803833,10.5649995803833,10.5649995803833,0
2004-04-26,10.670000076293945,10.670000076293945,10.670000076293945,10.670000076293945,10.670000076293945,0
2004-04-27,10.664999961853027,10.664999961853027,10.664999961853027,10.664999961853027,10.664999961853027,25
2004-04-28,10.609999656677246,10.609999656677246,10.864999771118164,10.609999656677246,10.765000343322754,1
2004-04-29,10.880000114440918,10.880000114440918,10.880000114440918,10.880000114440918,10.880000114440918,25
2004-04-30,11.300000190734863,11.300000190734863,11.300000190734863,11.300000190734863,11.300000190734863,1
2004-05-03,11.100000381469727,11.100000381469727,11.100000381469727,11.100000381469727,11.100000381469727,0
2004-05-04,10.720000267028809,10.720000267028809,10.720000267028809,10.720000267028809,10.720000267028809,0
2004-05-05,10.699999809265137,10.699999809265137,10.699999809265137,10.699999809265137,10.699999809265137,0
2004-05-06,11.0,11.0,11.0,11.0,11.0,0
2004-05-07,11.319999694824219,11.319999694824219,11.319999694824219,11.319999694824219,11.319999694824219,0
2004-05-10,11.229999542236328,11.229999542236328,11.229999542236328,11.229999542236328,11.229999542236328,0
2004-05-11,11.149999618530273,11.149999618530273,11.149999618530273,11.149999618530273,11.149999618530273,0
2004-05-12,10.800000190734863,10.800000190734863,10.800000190734863,10.800000190734863,10.800000190734863,0
2004-05-13,10.550000190734863,10.550000190734863,10.550000190734863,10.550000190734863,10.550000190734863,0
2004-05-14,10.5,10.5,10.5,10.5,10.5,1
2004-05-17,10.609999656677246,10.609999656677246,10.609999656677246,10.609999656677246,10.609999656677246,0
2004-05-18,10.40999984741211,10.40999984741211,10.40999984741211,10.40999984741211,10.40999984741211,1
2004-05-19,10.479999542236328,10.479999542236328,10.479999542236328,10.479999542236328,10.479999542236328,8
2004-05-20,10.350000381469727,10.350000381469727,10.5,10.350000381469727,10.5,0
2004-05-21,10.479999542236328,10.479999542236328,10.479999542236328,10.479999542236328,10.479999542236328,8
2004-05-24,10.430000305175781,10.430000305175781,10.430000305175781,10.430000305175781,10.430000305175781,2
2004-05-25,10.765000343322754,10.765000343322754,10.765000343322754,10.399999618530273,10.399999618530273,0
2004-05-26,10.479999542236328,10.479999542236328,10.479999542236328,10.479999542236328,10.479999542236328,1
2004-05-27,10.350000381469727,10.350000381469727,10.479999542236328,10.350000381469727,10.479999542236328,0
2004-05-28,10.170000076293945,10.170000076293945,10.170000076293945,10.170000076293945,10.170000076293945,1
2004-06-01,10.170000076293945,10.170000076293945,10.170000076293945,10.170000076293945,10.170000076293945,0
2004-06-02,10.140000343322754,10.140000343322754,10.140000343322754,10.140000343322754,10.140000343322754,0
2004-06-03,10.0649995803833,10.0649995803833,10.0649995803833,10.0649995803833,10.0649995803833,4
2004-06-04,10.010000228881836,10.010000228881836,10.010000228881836,9.899999618530273,9.949999809265137,4
2004-06-07,10.100000381469727,10.100000381469727,10.100000381469727,10.0,10.0,4
2004-06-08,10.069999694824219,10.069999694824219,10.069999694824219,10.069999694824219,10.069999694824219,4
2004-06-09,10.029999732971191,10.029999732971191,10.029999732971191,10.029999732971191,10.029999732971191,0
2004-06-10,10.069999694824219,10.069999694824219,10.069999694824219,10.069999694824219,10.069999694824219,0
2004-06-11,10.069999694824219,10.069999694824219,10.069999694824219,10.069999694824219,10.069999694824219,0
2004-06-14,10.119999885559082,10.119999885559082,10.119999885559082,10.119999885559082,10.119999885559082,0
2004-06-15,10.029999732971191,10.029999732971191,10.029999732971191,10.029999732971191,10.029999732971191,0
2004-06-16,10.0600004196167,10.0600004196167,10.0600004196167,10.0600004196167,10.0600004196167,0
2004-06-17,10.100000381469727,10.100000381469727,10.100000381469727,10.100000381469727,10.100000381469727,0
2004-06-18,9.880000114440918,9.880000114440918,9.880000114440918,9.880000114440918,9.880000114440918,0
2004-06-21,9.699999809265137,9.699999809265137,9.699999809265137,9.699999809265137,9.699999809265137,1
2004-06-22,9.5,9.5,9.6899995803833,9.5,9.6899995803833,0
2004-06-23,9.300000190734863,9.300000190734863,9.300000190734863,9.300000190734863,9.300000190734863,1
2004-06-24,9.369999885559082,9.369999885559082,9.369999885559082,9.369999885559082,9.369999885559082,0
2004-06-25,9.329999923706055,9.329999923706055,9.329999923706055,9.329999923706055,9.329999923706055,14
2004-06-28,9.1899995803833,9.1899995803833,9.3100004196167,9.1899995803833,9.3100004196167,0
2004-06-29,9.170000076293945,9.170000076293945,9.170000076293945,9.170000076293945,9.170000076293945,14
2004-06-30,10.0600004196167,10.0600004196167,10.0600004196167,10.0600004196167,10.0600004196167,0
2004-07-01,9.925000190734863,9.925000190734863,9.925000190734863,9.925000190734863,9.925000190734863,0
2004-07-02,9.600000381469727,9.600000381469727,9.600000381469727,9.600000381469727,9.600000381469727,0
2004-07-06,9.5,9.5,9.5,9.5,9.5,0
2004-07-07,10.0,10.0,10.0,10.0,10.0,0
2004-07-08,10.0,10.0,10.0,10.0,10.0,0
2004-07-09,9.800000190734863,9.800000190734863,9.800000190734863,9.800000190734863,9.800000190734863,0
2004-07-12,9.199999809265137,9.199999809265137,9.199999809265137,9.199999809265137,9.199999809265137,0
2004-07-13,9.199999809265137,9.199999809265137,9.199999809265137,9.199999809265137,9.199999809265137,0
2004-07-14,9.300000190734863,9.300000190734863,9.300000190734863,9.300000190734863,9.300000190734863,0
2004-07-15,9.300000190734863,9.300000190734863,9.300000190734863,9.300000190734863,9.300000190734863,0
2004-07-16,9.300000190734863,9.300000190734863,9.300000190734863,9.300000190734863,9.300000190734863,0
2004-07-19,9.5,9.5,9.5,9.5,9.5,0
2004-07-20,9.449999809265137,9.449999809265137,9.449999809265137,9.449999809265137,9.449999809265137,0
2004-07-21,9.449999809265137,9.449999809265137,9.449999809265137,9.449999809265137,9.449999809265137,0
2004-07-22,7.400000095367432,7.400000095367432,7.400000095367432,7.400000095367432,7.400000095367432,0
2004-07-23,7.380000114440918,7.380000114440918,7.380000114440918,7.380000114440918,7.380000114440918,0
2004-07-26,7.150000095367432,7.150000095367432,7.150000095367432,7.150000095367432,7.150000095367432,0
2004-07-27,7.184999942779541,7.184999942779541,7.184999942779541,7.184999942779541,7.184999942779541,0
2004-07-28,7.130000114440918,7.130000114440918,7.130000114440918,7.130000114440918,7.130000114440918,0
2004-07-29,7.079999923706055,7.079999923706055,7.079999923706055,7.079999923706055,7.079999923706055,0
2004-07-30,7.090000152587891,7.090000152587891,7.090000152587891,7.090000152587891,7.090000152587891,0
2004-08-02,7.480000019073486,7.480000019073486,7.480000019073486,7.480000019073486,7.480000019073486,0
2004-08-03,7.429999828338623,7.429999828338623,7.429999828338623,7.429999828338623,7.429999828338623,0
2004-08-04,7.360000133514404,7.360000133514404,7.360000133514404,7.360000133514404,7.360000133514404,0
2004-08-05,7.329999923706055,7.329999923706055,7.329999923706055,7.329999923706055,7.329999923706055,0
2004-08-06,7.275000095367432,7.275000095367432,7.275000095367432,7.275000095367432,7.275000095367432,0
2004-08-09,7.730000019073486,7.730000019073486,7.730000019073486,7.730000019073486,7.730000019073486,1
2004-08-10,7.670000076293945,7.670000076293945,7.71999979019165,7.670000076293945,7.71999979019165,25
2004-08-11,7.820000171661377,7.820000171661377,7.820000171661377,7.820000171661377,7.820000171661377,1
2004-08-12,7.739999771118164,7.739999771118164,7.739999771118164,7.739999771118164,7.739999771118164,25
2004-08-13,7.75,7.75,7.75,7.75,7.75,0
2004-08-16,7.704999923706055,7.704999923706055,7.704999923706055,7.704999923706055,7.704999923706055,0
2004-08-17,7.730000019073486,7.730000019073486,7.730000019073486,7.730000019073486,7.730000019073486,0
2004-08-18,7.349999904632568,7.349999904632568,7.349999904632568,7.349999904632568,7.349999904632568,0
2004-08-19,7.360000133514404,7.360000133514404,7.360000133514404,7.360000133514404,7.360000133514404,0
2004-08-20,7.480000019073486,7.480000019073486,7.480000019073486,7.480000019073486,7.480000019073486,0
2004-08-23,7.619999885559082,7.619999885559082,7.619999885559082,7.619999885559082,7.619999885559082,0
2004-08-24,7.690000057220459,7.690000057220459,7.690000057220459,7.690000057220459,7.690000057220459,0
2004-08-25,7.650000095367432,7.650000095367432,7.650000095367432,7.650000095367432,7.650000095367432,0
2004-08-26,7.690000057220459,7.690000057220459,7.690000057220459,7.690000057220459,7.690000057220459,0
2004-08-27,7.639999866485596,7.639999866485596,7.639999866485596,7.639999866485596,7.639999866485596,0
2004-08-30,7.949999809265137,7.949999809265137,7.949999809265137,7.949999809265137,7.949999809265137,0
2004-08-31,7.929999828338623,7.929999828338623,7.929999828338623,7.929999828338623,7.929999828338623,0
2004-09-01,7.820000171661377,7.820000171661377,7.820000171661377,7.820000171661377,7.820000171661377,0
2004-09-02,7.71999979019165,7.71999979019165,7.71999979019165,7.71999979019165,7.71999979019165,0
2004-09-03,7.579999923706055,7.579999923706055,7.579999923706055,7.579999923706055,7.579999923706055,0
2004-09-07,7.550000190734863,7.550000190734863,7.550000190734863,7.550000190734863,7.550000190734863,0
2004-09-08,7.75,7.75,7.75,7.75,7.75,0
2004-09-09,7.820000171661377,7.820000171661377,7.820000171661377,7.820000171661377,7.820000171661377,0
2004-09-10,7.599999904632568,7.599999904632568,7.599999904632568,7.599999904632568,7.599999904632568,0
2004-09-13,7.739999771118164,7.739999771118164,7.739999771118164,7.739999771118164,7.739999771118164,0
2004-09-14,7.769999980926514,7.769999980926514,7.769999980926514,7.769999980926514,7.769999980926514,0
2004-09-15,7.550000190734863,7.550000190734863,7.550000190734863,7.550000190734863,7.550000190734863,0
2004-09-16,7.480000019073486,7.480000019073486,7.480000019073486,7.480000019073486,7.480000019073486,0
2004-09-17,7.28000020980835,7.28000020980835,7.28000020980835,7.28000020980835,7.28000020980835,0
2004-09-20,7.25,7.25,7.25,7.25,7.25,0
2004-09-21,7.25,7.25,7.25,7.25,7.25,3
2004-09-22,7.059999942779541,7.059999942779541,7.130000114440918,7.059999942779541,7.130000114440918,0
2004-09-23,6.980000019073486,6.980000019073486,6.980000019073486,6.980000019073486,6.980000019073486,3
2004-09-24,6.840000152587891,6.840000152587891,6.840000152587891,6.840000152587891,6.840000152587891,1
2004-09-27,6.920000076293945,6.920000076293945,6.920000076293945,6.864999771118164,6.864999771118164,0
2004-09-28,6.914999961853027,6.914999961853027,6.914999961853027,6.914999961853027,6.914999961853027,1
2004-09-29,6.889999866485596,6.889999866485596,6.889999866485596,6.889999866485596,6.889999866485596,0
2004-09-30,7.039999961853027,7.039999961853027,7.039999961853027,7.039999961853027,7.039999961853027,0
2004-10-01,7.085000038146973,7.085000038146973,7.085000038146973,7.085000038146973,7.085000038146973,3
2004-10-04,7.050000190734863,7.050000190734863,7.090000152587891,7.050000190734863,7.090000152587891,0
2004-10-05,7.110000133514404,7.110000133514404,7.110000133514404,7.110000133514404,7.110000133514404,5
2004-10-06,7.130000114440918,7.130000114440918,7.130000114440918,7.110000133514404,7.110000133514404,0
2004-10-07,7.010000228881836,7.010000228881836,7.010000228881836,7.010000228881836,7.010000228881836,5
2004-10-08,6.96999979019165,6.96999979019165,6.96999979019165,6.96999979019165,6.96999979019165,0
2004-10-11,6.889999866485596,6.889999866485596,6.889999866485596,6.889999866485596,6.889999866485596,0
2004-10-12,6.699999809265137,6.699999809265137,6.699999809265137,6.699999809265137,6.699999809265137,0
2004-10-13,6.639999866485596,6.639999866485596,6.639999866485596,6.639999866485596,6.639999866485596,0
2004-10-14,6.659999847412109,6.659999847412109,6.659999847412109,6.659999847412109,6.659999847412109,6
2004-10-15,6.800000190734863,6.800000190734863,6.800000190734863,6.599999904632568,6.65500020980835,0
2004-10-18,6.960000038146973,6.960000038146973,6.960000038146973,6.960000038146973,6.960000038146973,6
2004-10-19,6.960000038146973,6.960000038146973,6.960000038146973,6.960000038146973,6.960000038146973,0
2004-10-20,6.949999809265137,6.949999809265137,6.949999809265137,6.949999809265137,6.949999809265137,0
2004-10-21,6.824999809265137,6.824999809265137,6.824999809265137,6.824999809265137,6.824999809265137,0
2004-10-22,6.949999809265137,6.949999809265137,6.949999809265137,6.949999809265137,6.949999809265137,2
2004-10-25,6.889999866485596,6.889999866485596,6.994999885559082,6.889999866485596,6.949999809265137,0
2004-10-26,6.889999866485596,6.889999866485596,6.889999866485596,6.889999866485596,6.889999866485596,2
2004-10-27,6.889999866485596,6.889999866485596,6.889999866485596,6.889999866485596,6.889999866485596,0
2004-10-28,6.730000019073486,6.730000019073486,6.730000019073486,6.730000019073486,6.730000019073486,0
2004-10-29,6.78000020980835,6.78000020980835,6.78000020980835,6.78000020980835,6.78000020980835,0
2004-11-01,6.650000095367432,6.650000095367432,6.650000095367432,6.650000095367432,6.650000095367432,0
2004-11-02,6.679999828338623,6.679999828338623,6.679999828338623,6.679999828338623,6.679999828338623,0
2004-11-03,6.739999771118164,6.739999771118164,6.739999771118164,6.739999771118164,6.739999771118164,0
2004-11-04,6.739999771118164,6.739999771118164,6.739999771118164,6.739999771118164,6.739999771118164,0
2004-11-05,6.699999809265137,6.699999809265137,6.699999809265137,6.699999809265137,6.699999809265137,0
2004-11-08,6.849999904632568,6.849999904632568,6.849999904632568,6.849999904632568,6.849999904632568,0
2004-11-09,7.039999961853027,7.039999961853027,7.039999961853027,7.039999961853027,7.039999961853027,0
2004-11-10,7.099999904632568,7.099999904632568,7.099999904632568,7.099999904632568,7.099999904632568,0
2004-11-11,7.159999847412109,7.159999847412109,7.159999847412109,7.159999847412109,7.159999847412109,0
2004-11-12,7.230000019073486,7.230000019073486,7.230000019073486,7.230000019073486,7.230000019073486,0
2004-11-15,7.230000019073486,7.230000019073486,7.230000019073486,7.230000019073486,7.230000019073486,0
2004-11-16,7.170000076293945,7.170000076293945,7.170000076293945,7.170000076293945,7.170000076293945,0
2004-11-17,7.070000171661377,7.070000171661377,7.070000171661377,7.070000171661377,7.070000171661377,0
2004-11-18,6.989999771118164,6.989999771118164,6.989999771118164,6.989999771118164,6.989999771118164,7
2004-11-19,7.010000228881836,7.010000228881836,7.010000228881836,7.010000228881836,7.010000228881836,7
2004-11-22,7.090000152587891,7.090000152587891,7.090000152587891,7.090000152587891,7.090000152587891,7
2004-11-23,7.15500020980835,7.15500020980835,7.15500020980835,7.15500020980835,7.15500020980835,7
2004-11-24,7.119999885559082,7.119999885559082,7.119999885559082,7.119999885559082,7.119999885559082,7
2004-11-26,7.130000114440918,7.130000114440918,7.130000114440918,7.130000114440918,7.130000114440918,7
2004-11-29,7.130000114440918,7.130000114440918,7.130000114440918,7.130000114440918,7.130000114440918,1
2004-11-30,7.489999771118164,7.489999771118164,7.139999866485596,7.139999866485596,7.139999866485596,8
2004-12-01,7.474999904632568,7.474999904632568,7.440000057220459,7.440000057220459,7.440000057220459,8
2004-12-02,7.574999809265137,7.574999809265137,7.579999923706055,7.510000228881836,7.579999923706055,4
2004-12-03,7.630000114440918,7.630000114440918,7.590000152587891,7.570000171661377,7.570000171661377,4
2004-12-06,7.554999828338623,7.554999828338623,7.554999828338623,7.554999828338623,7.554999828338623,4
2004-12-07,7.369999885559082,7.369999885559082,7.369999885559082,7.369999885559082,7.369999885559082,4
2004-12-08,7.409999847412109,7.409999847412109,7.409999847412109,7.409999847412109,7.409999847412109,4
2004-12-09,7.454999923706055,7.454999923706055,7.454999923706055,7.454999923706055,7.454999923706055,4
2004-12-10,7.349999904632568,7.349999904632568,7.349999904632568,7.349999904632568,7.349999904632568,4
2004-12-13,7.215000152587891,7.215000152587891,7.215000152587891,7.215000152587891,7.215000152587891,4
2004-12-14,7.320000171661377,7.320000171661377,7.320000171661377,7.320000171661377,7.320000171661377,4
2004-12-15,7.309999942779541,7.309999942779541,7.309999942779541,7.309999942779541,7.309999942779541,4
2004-12-16,7.289999961853027,7.289999961853027,7.289999961853027,7.289999961853027,7.289999961853027,4
2004-12-17,7.420000076293945,7.420000076293945,7.420000076293945,7.420000076293945,7.420000076293945,3
2004-12-20,7.590000152587891,7.590000152587891,7.429999828338623,7.429999828338623,7.429999828338623,3
2004-12-21,7.559999942779541,7.559999942779541,7.559999942779541,7.559999942779541,7.559999942779541,3
2004-12-22,7.559999942779541,7.559999942779541,7.559999942779541,7.559999942779541,7.559999942779541,3
2004-12-23,7.630000114440918,7.630000114440918,7.630000114440918,7.630000114440918,7.630000114440918,3
2004-12-27,7.579999923706055,7.579999923706055,7.579999923706055,7.579999923706055,7.579999923706055,3
2004-12-28,7.25,7.25,7.25,7.25,7.25,3
2004-12-29,7.150000095367432,7.150000095367432,7.150000095367432,7.150000095367432,7.150000095367432,3
2004-12-30,7.179999828338623,7.179999828338623,7.179999828338623,7.179999828338623,7.179999828338623,3
2004-12-31,7.179999828338623,7.179999828338623,7.179999828338623,7.179999828338623,7.179999828338623,3
2005-01-03,6.860000133514404,6.860000133514404,7.260000228881836,7.255000114440918,7.260000228881836,3
2005-01-04,6.900000095367432,6.900000095367432,6.900000095367432,6.900000095367432,6.900000095367432,3
2005-01-05,6.940000057220459,6.940000057220459,6.940000057220459,6.940000057220459,6.940000057220459,3
2005-01-06,7.059999942779541,7.059999942779541,7.059999942779541,7.059999942779541,7.059999942779541,3
2005-01-07,7.110000133514404,7.110000133514404,7.110000133514404,7.110000133514404,7.110000133514404,3
2005-01-10,7.059999942779541,7.059999942779541,7.059999942779541,7.059999942779541,7.059999942779541,3
2005-01-11,6.929999828338623,6.929999828338623,6.929999828338623,6.929999828338623,6.929999828338623,3
2005-01-12,6.889999866485596,6.889999866485596,6.889999866485596,6.889999866485596,6.889999866485596,3
2005-01-13,6.960000038146973,6.960000038146973,6.960000038146973,6.960000038146973,6.960000038146973,3
2005-01-14,6.949999809265137,6.949999809265137,6.949999809265137,6.949999809265137,6.949999809265137,3
2005-01-18,6.949999809265137,6.949999809265137,6.949999809265137,6.949999809265137,6.949999809265137,3
2005-01-20,6.960000038146973,6.960000038146973,6.960000038146973,6.960000038146973,6.960000038146973,3
2005-01-21,7.045000076293945,7.045000076293945,7.045000076293945,7.045000076293945,7.045000076293945,3
2005-01-24,7.0,7.0,7.0,7.0,7.0,3
2005-01-25,6.929999828338623,6.929999828338623,6.929999828338623,6.929999828338623,6.929999828338623,3
2005-01-26,6.659999847412109,6.659999847412109,6.659999847412109,6.659999847412109,6.659999847412109,3
2005-01-27,6.590000152587891,6.590000152587891,6.679999828338623,6.679999828338623,6.679999828338623,3
2005-01-28,6.554999828338623,6.554999828338623,6.554999828338623,6.554999828338623,6.554999828338623,3
2005-01-31,6.670000076293945,6.670000076293945,6.670000076293945,6.670000076293945,6.670000076293945,2
2005-02-01,6.679999828338623,6.679999828338623,6.699999809265137,6.699999809265137,6.699999809265137,3
2005-02-02,6.650000095367432,6.650000095367432,6.679999828338623,6.670000076293945,6.679999828338623,3
2005-02-03,6.579999923706055,6.579999923706055,6.579999923706055,6.579999923706055,6.579999923706055,3
2005-02-04,6.550000190734863,6.550000190734863,6.550000190734863,6.550000190734863,6.550000190734863,3
2005-02-07,6.579999923706055,6.579999923706055,6.579999923706055,6.579999923706055,6.579999923706055,3
2005-02-08,6.590000152587891,6.590000152587891,6.590000152587891,6.590000152587891,6.590000152587891,3
2005-02-09,6.670000076293945,6.670000076293945,6.670000076293945,6.670000076293945,6.670000076293945,3
2005-02-10,6.730000019073486,6.730000019073486,6.730000019073486,6.730000019073486,6.730000019073486,3
2005-02-11,6.755000114440918,6.755000114440918,6.755000114440918,6.755000114440918,6.755000114440918,4
2005-02-14,6.769999980926514,6.769999980926514,6.739999771118164,6.739999771118164,6.739999771118164,4
2005-02-15,6.715000152587891,6.715000152587891,6.715000152587891,6.715000152587891,6.715000152587891,4
2005-02-16,6.489999771118164,6.489999771118164,6.489999771118164,6.489999771118164,6.489999771118164,3
2005-02-17,6.635000228881836,6.635000228881836,6.440000057220459,6.420000076293945,6.440000057220459,3
2005-02-18,6.550000190734863,6.550000190734863,6.550000190734863,6.550000190734863,6.550000190734863,3
2005-02-22,6.570000171661377,6.570000171661377,6.570000171661377,6.570000171661377,6.570000171661377,3
2005-02-23,6.364999771118164,6.364999771118164,6.364999771118164,6.364999771118164,6.364999771118164,1
2005-02-24,6.260000228881836,6.260000228881836,6.300000190734863,6.300000190734863,6.300000190734863,1
2005-02-25,6.269999980926514,6.269999980926514,6.269999980926514,6.269999980926514,6.269999980926514,1
2005-02-28,6.579999923706055,6.579999923706055,6.579999923706055,6.579999923706055,6.579999923706055,4
2005-03-01,6.599999904632568,6.599999904632568,6.579999923706055,6.579999923706055,6.579999923706055,4
2005-03-02,6.510000228881836,6.510000228881836,6.510000228881836,6.510000228881836,6.510000228881836,4
2005-03-03,6.420000076293945,6.420000076293945,6.420000076293945,6.420000076293945,6.420000076293945,4
2005-03-04,6.460000038146973,6.460000038146973,6.460000038146973,6.460000038146973,6.460000038146973,4
2005-03-07,6.5,6.5,6.5,6.5,6.5,4
2005-03-08,6.849999904632568,6.849999904632568,6.849999904632568,6.849999904632568,6.849999904632568,4
2005-03-09,6.800000190734863,6.800000190734863,6.800000190734863,6.800000190734863,6.800000190734863,4
2005-03-10,6.849999904632568,6.849999904632568,6.849999904632568,6.849999904632568,6.849999904632568,4
2005-03-11,6.96999979019165,6.96999979019165,6.96999979019165,6.96999979019165,6.96999979019165,4
2005-03-14,6.929999828338623,6.929999828338623,6.929999828338623,6.929999828338623,6.929999828338623,4
2005-03-15,7.019999980926514,7.019999980926514,7.019999980926514,7.019999980926514,7.019999980926514,4
2005-03-16,6.920000076293945,6.920000076293945,6.920000076293945,6.920000076293945,6.920000076293945,4
2005-03-17,6.920000076293945,6.920000076293945,6.920000076293945,6.920000076293945,6.920000076293945,4
2005-03-18,6.840000152587891,6.840000152587891,6.840000152587891,6.840000152587891,6.840000152587891,4
2005-03-21,6.840000152587891,6.840000152587891,6.840000152587891,6.840000152587891,6.840000152587891,3
2005-03-22,7.085000038146973,7.085000038146973,7.085000038146973,7.085000038146973,7.085000038146973,11
2005-03-23,7.179999828338623,7.179999828338623,7.190000057220459,7.130000114440918,7.150000095367432,11
2005-03-24,7.210000038146973,7.210000038146973,7.210000038146973,7.210000038146973,7.210000038146973,11
2005-03-28,7.164999961853027,7.164999961853027,7.164999961853027,7.164999961853027,7.164999961853027,11
2005-03-29,7.119999885559082,7.119999885559082,7.119999885559082,7.119999885559082,7.119999885559082,11
2005-03-30,7.045000076293945,7.045000076293945,7.045000076293945,7.045000076293945,7.045000076293945,11
2005-03-31,7.070000171661377,7.070000171661377,7.070000171661377,7.070000171661377,7.070000171661377,1
2005-04-01,6.994999885559082,6.994999885559082,7.070000171661377,7.070000171661377,7.070000171661377,1
2005-04-04,6.894999980926514,6.894999980926514,6.894999980926514,6.894999980926514,6.894999980926514,6
2005-04-05,6.875,6.875,6.909999847412109,6.860000133514404,6.909999847412109,6
2005-04-06,6.965000152587891,6.965000152587891,6.965000152587891,6.965000152587891,6.965000152587891,6
2005-04-07,7.039999961853027,7.039999961853027,7.039999961853027,7.039999961853027,7.039999961853027,6
2005-04-08,7.150000095367432,7.150000095367432,7.150000095367432,7.150000095367432,7.150000095367432,3
2005-04-11,7.414999961853027,7.414999961853027,7.150000095367432,7.150000095367432,7.150000095367432,3
2005-04-12,7.349999904632568,7.349999904632568,7.409999847412109,7.400000095367432,7.409999847412109,10
2005-04-13,7.239999771118164,7.239999771118164,7.349999904632568,7.289999961853027,7.349999904632568,27
2005-04-14,7.349999904632568,7.349999904632568,7.5,7.449999809265137,7.449999809265137,2
2005-04-15,7.380000114440918,7.380000114440918,7.380000114440918,7.380000114440918,7.380000114440918,2
2005-04-18,7.284999847412109,7.284999847412109,7.284999847412109,7.284999847412109,7.284999847412109,0
2005-04-19,7.309999942779541,7.309999942779541,7.309999942779541,7.309999942779541,7.309999942779541,0
2005-04-20,7.389999866485596,7.389999866485596,7.389999866485596,7.389999866485596,7.389999866485596,0
2005-04-21,7.449999809265137,7.449999809265137,7.449999809265137,7.449999809265137,7.449999809265137,0
2005-04-22,7.394999980926514,7.394999980926514,7.394999980926514,7.394999980926514,7.394999980926514,0
2005-04-25,7.210000038146973,7.210000038146973,7.210000038146973,7.210000038146973,7.210000038146973,0
2005-04-26,7.300000190734863,7.300000190734863,7.300000190734863,7.300000190734863,7.300000190734863,1
2005-04-27,7.199999809265137,7.199999809265137,7.260000228881836,7.260000228881836,7.260000228881836,1
2005-04-28,7.210000038146973,7.210000038146973,7.210000038146973,7.210000038146973,7.210000038146973,1
2005-04-29,7.420000076293945,7.420000076293945,7.289999961853027,7.289999961853027,7.289999961853027,1
2005-05-02,7.380000114440918,7.380000114440918,7.380000114440918,7.380000114440918,7.380000114440918,0
2005-05-03,7.599999904632568,7.599999904632568,7.599999904632568,7.599999904632568,7.599999904632568,1
2005-05-04,7.650000095367432,7.650000095367432,7.599999904632568,7.599999904632568,7.599999904632568,1
2005-05-05,7.739999771118164,7.739999771118164,7.739999771118164,7.739999771118164,7.739999771118164,0
2005-05-06,7.699999809265137,7.699999809265137,7.699999809265137,7.699999809265137,7.699999809265137,0
2005-05-09,7.630000114440918,7.630000114440918,7.630000114440918,7.630000114440918,7.630000114440918,0
2005-05-10,7.599999904632568,7.599999904632568,7.599999904632568,7.599999904632568,7.599999904632568,0
2005-05-11,7.539999961853027,7.539999961853027,7.539999961853027,7.539999961853027,7.539999961853027,0
2005-05-12,7.619999885559082,7.619999885559082,7.619999885559082,7.619999885559082,7.619999885559082,0
2005-05-13,7.599999904632568,7.599999904632568,7.599999904632568,7.599999904632568,7.599999904632568,0
2005-05-16,7.599999904632568,7.599999904632568,7.599999904632568,7.599999904632568,7.599999904632568,0
2005-05-17,7.349999904632568,7.349999904632568,7.349999904632568,7.349999904632568,7.349999904632568,0
2005-05-18,7.300000190734863,7.300000190734863,7.300000190734863,7.300000190734863,7.300000190734863,0
2005-05-19,7.239999771118164,7.239999771118164,7.239999771118164,7.239999771118164,7.239999771118164,1
2005-05-20,7.465000152587891,7.465000152587891,7.465000152587891,7.465000152587891,7.465000152587891,2
2005-05-23,7.510000228881836,7.510000228881836,7.5,7.460000038146973,7.460000038146973,2
2005-05-24,7.445000171661377,7.445000171661377,7.445000171661377,7.445000171661377,7.445000171661377,0
2005-05-25,7.46999979019165,7.46999979019165,7.46999979019165,7.46999979019165,7.46999979019165,0
2005-05-26,7.454999923706055,7.454999923706055,7.454999923706055,7.454999923706055,7.454999923706055,0
2005-05-27,7.429999828338623,7.429999828338623,7.429999828338623,7.429999828338623,7.429999828338623,1
2005-05-31,7.34499979019165,7.34499979019165,7.409999847412109,7.409999847412109,7.409999847412109,2
2005-06-01,7.440000057220459,7.440000057220459,7.340000152587891,7.340000152587891,7.340000152587891,2
2005-06-02,7.474999904632568,7.474999904632568,7.474999904632568,7.474999904632568,7.474999904632568,0
2005-06-03,7.525000095367432,7.525000095367432,7.525000095367432,7.525000095367432,7.525000095367432,0
2005-06-06,7.375,7.375,7.375,7.375,7.375,2
2005-06-07,7.199999809265137,7.199999809265137,7.389999866485596,7.369999885559082,7.389999866485596,2
2005-06-08,7.199999809265137,7.199999809265137,7.199999809265137,7.199999809265137,7.199999809265137,0
2005-06-09,7.275000095367432,7.275000095367432,7.275000095367432,7.275000095367432,7.275000095367432,2
2005-06-10,7.21999979019165,7.21999979019165,7.210000038146973,7.210000038146973,7.210000038146973,2
2005-06-13,7.139999866485596,7.139999866485596,7.139999866485596,7.139999866485596,7.139999866485596,0
2005-06-14,7.059999942779541,7.059999942779541,7.059999942779541,7.059999942779541,7.059999942779541,0
2005-06-15,7.019999980926514,7.019999980926514,7.019999980926514,7.019999980926514,7.019999980926514,2
2005-06-16,7.090000152587891,7.090000152587891,7.019999980926514,7.019999980926514,7.019999980926514,2
2005-06-17,7.099999904632568,7.099999904632568,7.099999904632568,7.099999904632568,7.099999904632568,2
2005-06-20,7.019999980926514,7.019999980926514,7.119999885559082,7.099999904632568,7.099999904632568,2
2005-06-21,6.875,6.875,6.875,6.875,6.875,2
2005-06-22,6.744999885559082,6.744999885559082,6.820000171661377,6.820000171661377,6.820000171661377,2
2005-06-23,6.75,6.75,6.75,6.75,6.75,0
2005-06-24,6.809999942779541,6.809999942779541,6.809999942779541,6.809999942779541,6.809999942779541,0
2005-06-27,6.570000171661377,6.570000171661377,6.570000171661377,6.570000171661377,6.570000171661377,0
2005-06-28,6.510000228881836,6.510000228881836,6.510000228881836,6.510000228881836,6.510000228881836,0
2005-06-29,6.389999866485596,6.389999866485596,6.389999866485596,6.389999866485596,6.389999866485596,0
2005-06-30,6.400000095367432,6.400000095367432,6.400000095367432,6.400000095367432,6.400000095367432,0
2005-07-01,6.329999923706055,6.329999923706055,6.329999923706055,6.329999923706055,6.329999923706055,0
2005-07-05,6.320000171661377,6.320000171661377,6.320000171661377,6.320000171661377,6.320000171661377,0
2005-07-06,6.260000228881836,6.260000228881836,6.260000228881836,6.260000228881836,6.260000228881836,0
2005-07-07,6.179999828338623,6.179999828338623,6.179999828338623,6.179999828338623,6.179999828338623,0
2005-07-08,6.21999979019165,6.21999979019165,6.21999979019165,6.21999979019165,6.21999979019165,0
2005-07-11,6.289999961853027,6.289999961853027,6.289999961853027,6.289999961853027,6.289999961853027,0
2005-07-12,6.349999904632568,6.349999904632568,6.349999904632568,6.349999904632568,6.349999904632568,0
2005-07-13,6.28000020980835,6.28000020980835,6.28000020980835,6.28000020980835,6.28000020980835,0
2005-07-14,6.260000228881836,6.260000228881836,6.260000228881836,6.260000228881836,6.260000228881836,0
2005-07-15,6.460000038146973,6.460000038146973,6.460000038146973,6.460000038146973,6.460000038146973,0
2005-07-18,6.380000114440918,6.380000114440918,6.380000114440918,6.380000114440918,6.380000114440918,0
2005-07-19,6.349999904632568,6.349999904632568,6.349999904632568,6.349999904632568,6.349999904632568,0
2005-07-20,6.28000020980835,6.28000020980835,6.28000020980835,6.28000020980835,6.28000020980835,14
2005-07-21,6.630000114440918,6.630000114440918,6.489999771118164,6.429999828338623,6.460000038146973,6
2005-07-22,6.619999885559082,6.619999885559082,6.630000114440918,6.605000019073486,6.605000019073486,6
2005-07-25,6.78000020980835,6.78000020980835,6.78000020980835,6.78000020980835,6.78000020980835,0
2005-07-26,6.800000190734863,6.800000190734863,6.800000190734863,6.800000190734863,6.800000190734863,0
2005-07-27,6.744999885559082,6.744999885559082,6.744999885559082,6.744999885559082,6.744999885559082,7
2005-07-28,6.78000020980835,6.78000020980835,6.824999809265137,6.78000020980835,6.824999809265137,7
2005-07-29,6.730000019073486,6.730000019073486,6.730000019073486,6.730000019073486,6.730000019073486,2
2005-08-01,6.590000152587891,6.590000152587891,6.739999771118164,6.739999771118164,6.739999771118164,2
2005-08-02,6.494999885559082,6.494999885559082,6.494999885559082,6.494999885559082,6.494999885559082,13
2005-08-03,6.690000057220459,6.690000057220459,6.554999828338623,6.519999980926514,6.554999828338623,13
2005-08-04,6.880000114440918,6.880000114440918,6.880000114440918,6.880000114440918,6.880000114440918,1
2005-08-05,6.800000190734863,6.800000190734863,6.849999904632568,6.849999904632568,6.849999904632568,1
2005-08-08,6.860000133514404,6.860000133514404,6.860000133514404,6.860000133514404,6.860000133514404,0
2005-08-09,6.920000076293945,6.920000076293945,6.920000076293945,6.920000076293945,6.920000076293945,2
2005-08-10,6.875,6.875,6.920000076293945,6.920000076293945,6.920000076293945,2
2005-08-11,6.809999942779541,6.809999942779541,6.809999942779541,6.809999942779541,6.809999942779541,0
2005-08-12,6.659999847412109,6.659999847412109,6.659999847412109,6.659999847412109,6.659999847412109,0
2005-08-15,6.690000057220459,6.690000057220459,6.690000057220459,6.690000057220459,6.690000057220459,0
2005-08-16,6.78000020980835,6.78000020980835,6.78000020980835,6.78000020980835,6.78000020980835,0
2005-08-17,6.809999942779541,6.809999942779541,6.809999942779541,6.809999942779541,6.809999942779541,5
2005-08-18,6.760000228881836,6.760000228881836,6.809999942779541,6.809999942779541,6.809999942779541,1
2005-08-19,6.679999828338623,6.679999828338623,6.769999980926514,6.769999980926514,6.769999980926514,3
2005-08-22,6.75,6.75,6.670000076293945,6.670000076293945,6.670000076293945,3
2005-08-23,6.920000076293945,6.920000076293945,6.920000076293945,6.920000076293945,6.920000076293945,0
2005-08-24,7.0,7.0,7.0,7.0,7.0,1
2005-08-25,6.824999809265137,6.824999809265137,6.994999885559082,6.994999885559082,6.994999885559082,1
2005-08-26,6.869999885559082,6.869999885559082,6.869999885559082,6.869999885559082,6.869999885559082,1
2005-08-29,6.849999904632568,6.849999904632568,7.130000114440918,7.130000114440918,7.130000114440918,1
2005-08-30,6.769999980926514,6.769999980926514,6.769999980926514,6.769999980926514,6.769999980926514,0
2005-08-31,6.739999771118164,6.739999771118164,6.739999771118164,6.739999771118164,6.739999771118164,0
2005-09-01,6.800000190734863,6.800000190734863,6.800000190734863,6.800000190734863,6.800000190734863,0
2005-09-02,6.670000076293945,6.670000076293945,6.670000076293945,6.670000076293945,6.670000076293945,0
2005-09-06,6.71999979019165,6.71999979019165,6.71999979019165,6.71999979019165,6.71999979019165,0
2005-09-07,6.599999904632568,6.599999904632568,6.599999904632568,6.599999904632568,6.599999904632568,0
2005-09-08,6.505000114440918,6.505000114440918,6.505000114440918,6.505000114440918,6.505000114440918,0
2005-09-09,6.519999980926514,6.519999980926514,6.519999980926514,6.519999980926514,6.519999980926514,0
2005-09-12,6.380000114440918,6.380000114440918,6.380000114440918,6.380000114440918,6.380000114440918,0
2005-09-13,6.460000038146973,6.460000038146973,6.460000038146973,6.460000038146973,6.460000038146973,0
2005-09-14,6.550000190734863,6.550000190734863,6.550000190734863,6.550000190734863,6.550000190734863,0
2005-09-15,6.554999828338623,6.554999828338623,6.554999828338623,6.554999828338623,6.554999828338623,0
2005-09-16,6.570000171661377,6.570000171661377,6.570000171661377,6.570000171661377,6.570000171661377,0
2005-09-19,6.539999961853027,6.539999961853027,6.539999961853027,6.539999961853027,6.539999961853027,0
2005-09-20,6.565000057220459,6.565000057220459,6.565000057220459,6.565000057220459,6.565000057220459,0
2005-09-21,6.735000133514404,6.735000133514404,6.735000133514404,6.735000133514404,6.735000133514404,2
2005-09-22,7.079999923706055,7.079999923706055,6.860000133514404,6.849999904632568,6.860000133514404,3
2005-09-23,7.014999866485596,7.014999866485596,7.079999923706055,7.079999923706055,7.079999923706055,3
2005-09-26,7.039999961853027,7.039999961853027,7.010000228881836,7.010000228881836,7.010000228881836,3
2005-09-27,7.105000019073486,7.105000019073486,7.105000019073486,7.105000019073486,7.105000019073486,15
2005-09-28,7.309999942779541,7.309999942779541,7.150000095367432,7.119999885559082,7.139999866485596,22
2005-09-29,7.34499979019165,7.34499979019165,7.320000171661377,7.300000190734863,7.320000171661377,10
2005-09-30,7.260000228881836,7.260000228881836,7.260000228881836,7.260000228881836,7.260000228881836,10
2005-10-03,7.28000020980835,7.28000020980835,7.28000020980835,7.28000020980835,7.28000020980835,4
2005-10-04,7.335000038146973,7.335000038146973,7.275000095367432,7.275000095367432,7.275000095367432,4
2005-10-05,7.349999904632568,7.349999904632568,7.349999904632568,7.349999904632568,7.349999904632568,0
2005-10-06,7.380000114440918,7.380000114440918,7.380000114440918,7.380000114440918,7.380000114440918,0
2005-10-07,7.434999942779541,7.434999942779541,7.434999942779541,7.434999942779541,7.434999942779541,0
2005-10-10,7.300000190734863,7.300000190734863,7.300000190734863,7.300000190734863,7.300000190734863,0
2005-10-11,7.269999980926514,7.269999980926514,7.269999980926514,7.269999980926514,7.269999980926514,2
2005-10-12,7.394999980926514,7.394999980926514,7.230000019073486,7.21999979019165,7.21999979019165,1
2005-10-13,7.449999809265137,7.449999809265137,7.385000228881836,7.385000228881836,7.385000228881836,4
2005-10-14,7.335000038146973,7.335000038146973,7.449999809265137,7.445000171661377,7.449999809265137,4
2005-10-17,7.420000076293945,7.420000076293945,7.420000076293945,7.420000076293945,7.420000076293945,0
2005-10-18,7.255000114440918,7.255000114440918,7.255000114440918,7.255000114440918,7.255000114440918,0
2005-10-19,7.349999904632568,7.349999904632568,7.349999904632568,7.349999904632568,7.349999904632568,0
2005-10-20,7.309999942779541,7.309999942779541,7.309999942779541,7.309999942779541,7.309999942779541,0
2005-10-21,7.269999980926514,7.269999980926514,7.269999980926514,7.269999980926514,7.269999980926514,0
2005-10-24,7.179999828338623,7.179999828338623,7.179999828338623,7.179999828338623,7.179999828338623,3
2005-10-25,7.239999771118164,7.239999771118164,7.150000095367432,7.139999866485596,7.150000095367432,3
2005-10-26,7.059999942779541,7.059999942779541,7.059999942779541,7.059999942779541,7.059999942779541,5
2005-10-27,7.139999866485596,7.139999866485596,7.050000190734863,7.050000190734863,7.050000190734863,5
2005-10-28,7.099999904632568,7.099999904632568,7.099999904632568,7.099999904632568,7.099999904632568,5
2005-10-31,7.119999885559082,7.119999885559082,7.119999885559082,7.119999885559082,7.119999885559082,5
2005-11-01,7.289999961853027,7.289999961853027,7.170000076293945,7.170000076293945,7.170000076293945,5
2005-11-02,7.369999885559082,7.369999885559082,7.369999885559082,7.369999885559082,7.369999885559082,0
2005-11-03,7.449999809265137,7.449999809265137,7.449999809265137,7.449999809265137,7.449999809265137,0
2005-11-04,7.519999980926514,7.519999980926514,7.519999980926514,7.519999980926514,7.519999980926514,0
2005-11-07,7.5,7.5,7.5,7.5,7.5,0
2005-11-08,7.489999771118164,7.489999771118164,7.489999771118164,7.489999771118164,7.489999771118164,0
2005-11-09,7.320000171661377,7.320000171661377,7.320000171661377,7.320000171661377,7.320000171661377,0
2005-11-10,7.46999979019165,7.46999979019165,7.46999979019165,7.46999979019165,7.46999979019165,0
2005-11-11,7.46999979019165,7.46999979019165,7.46999979019165,7.46999979019165,7.46999979019165,0
2005-11-14,7.429999828338623,7.429999828338623,7.429999828338623,7.429999828338623,7.429999828338623,0
2005-11-15,7.329999923706055,7.329999923706055,7.329999923706055,7.329999923706055,7.329999923706055,0
2005-11-16,7.25,7.25,7.25,7.25,7.25,0
2005-11-17,7.329999923706055,7.329999923706055,7.329999923706055,7.329999923706055,7.329999923706055,0
2005-11-18,7.300000190734863,7.300000190734863,7.300000190734863,7.300000190734863,7.300000190734863,15
2005-11-21,7.440000057220459,7.440000057220459,7.46999979019165,7.449999809265137,7.46999979019165,15
2005-11-22,7.489999771118164,7.489999771118164,7.489999771118164,7.489999771118164,7.489999771118164,0
2005-11-23,7.579999923706055,7.579999923706055,7.579999923706055,7.579999923706055,7.579999923706055,0
2005-11-24,7.579999923706055,7.579999923706055,7.579999923706055,7.579999923706055,7.579999923706055,0
2005-11-25,7.664999961853027,7.664999961853027,7.664999961853027,7.664999961853027,7.664999961853027,0
2005-11-28,7.639999866485596,7.639999866485596,7.639999866485596,7.639999866485596,7.639999866485596,2
2005-11-29,7.585000038146973,7.585000038146973,7.670000076293945,7.670000076293945,7.670000076293945,2
2005-11-30,7.534999847412109,7.534999847412109,7.599999904632568,7.599999904632568,7.599999904632568,2
2005-12-01,7.460000038146973,7.460000038146973,7.460000038146973,7.460000038146973,7.460000038146973,0
2005-12-02,7.400000095367432,7.400000095367432,7.400000095367432,7.400000095367432,7.400000095367432,0
2005-12-05,7.675000190734863,7.675000190734863,7.675000190734863,7.675000190734863,7.675000190734863,0
2005-12-06,7.724999904632568,7.724999904632568,7.724999904632568,7.724999904632568,7.724999904632568,0
2005-12-07,7.679999828338623,7.679999828338623,7.679999828338623,7.679999828338623,7.679999828338623,0
2005-12-08,7.699999809265137,7.699999809265137,7.699999809265137,7.699999809265137,7.699999809265137,0
2005-12-09,7.840000152587891,7.840000152587891,7.840000152587891,7.840000152587891,7.840000152587891,0
2005-12-12,7.855000019073486,7.855000019073486,7.855000019073486,7.855000019073486,7.855000019073486,0
2005-12-13,7.820000171661377,7.820000171661377,7.820000171661377,7.820000171661377,7.820000171661377,0
2005-12-14,7.695000171661377,7.695000171661377,7.695000171661377,7.695000171661377,7.695000171661377,0
2005-12-15,7.75,7.75,7.75,7.75,7.75,0
2005-12-16,7.840000152587891,7.840000152587891,7.840000152587891,7.840000152587891,7.840000152587891,1
2005-12-19,7.860000133514404,7.860000133514404,7.860000133514404,7.860000133514404,7.860000133514404,1
2005-12-20,7.860000133514404,7.860000133514404,7.860000133514404,7.860000133514404,7.860000133514404,0
2005-12-21,7.789999961853027,7.789999961853027,7.789999961853027,7.789999961853027,7.789999961853027,0
2005-12-22,7.78000020980835,7.78000020980835,7.78000020980835,7.78000020980835,7.78000020980835,0
2005-12-23,7.829999923706055,7.829999923706055,7.829999923706055,7.829999923706055,7.829999923706055,0
2005-12-27,7.900000095367432,7.900000095367432,7.900000095367432,7.900000095367432,7.900000095367432,0
2005-12-28,7.989999771118164,7.989999771118164,7.989999771118164,7.989999771118164,7.989999771118164,0
2005-12-29,7.920000076293945,7.920000076293945,7.920000076293945,7.920000076293945,7.920000076293945,1
2005-12-30,7.934999942779541,7.934999942779541,7.889999866485596,7.889999866485596,7.889999866485596,1
2006-01-03,8.050000190734863,8.050000190734863,7.820000171661377,7.820000171661377,7.820000171661377,1
2006-01-04,8.050000190734863,8.050000190734863,8.050000190734863,8.050000190734863,8.050000190734863,0
2006-01-05,8.039999961853027,8.039999961853027,8.039999961853027,8.039999961853027,8.039999961853027,0
2006-01-06,8.149999618530273,8.149999618530273,8.149999618530273,8.149999618530273,8.149999618530273,0
2006-01-09,8.119999885559082,8.119999885559082,8.119999885559082,8.119999885559082,8.119999885559082,0
2006-01-10,8.260000228881836,8.260000228881836,8.260000228881836,8.260000228881836,8.260000228881836,0
2006-01-11,8.229999542236328,8.229999542236328,8.229999542236328,8.229999542236328,8.229999542236328,0
2006-01-12,8.25,8.25,8.25,8.25,8.25,0
2006-01-13,8.25,8.25,8.25,8.25,8.25,0
2006-01-17,8.25,8.25,8.25,8.25,8.25,0
2006-01-18,8.039999961853027,8.039999961853027,8.039999961853027,8.039999961853027,8.039999961853027,0
2006-01-19,8.149999618530273,8.149999618530273,8.149999618530273,8.149999618530273,8.149999618530273,0
2006-01-20,8.149999618530273,8.149999618530273,8.149999618530273,8.149999618530273,8.149999618530273,1
2006-01-23,8.4399995803833,8.4399995803833,8.4399995803833,8.4399995803833,8.4399995803833,3
2006-01-24,8.46500015258789,8.46500015258789,8.449999809265137,8.449999809265137,8.449999809265137,2
2006-01-25,8.475000381469727,8.475000381469727,8.479999542236328,8.479999542236328,8.479999542236328,9
2006-01-26,8.329999923706055,8.329999923706055,8.489999771118164,8.479999542236328,8.479999542236328,7
2006-01-27,8.375,8.375,8.470000267028809,8.369999885559082,8.470000267028809,4
2006-01-30,8.574999809265137,8.574999809265137,8.420000076293945,8.420000076293945,8.420000076293945,8
2006-01-31,8.494999885559082,8.494999885559082,8.59000015258789,8.5600004196167,8.5600004196167,8
2006-02-01,8.399999618530273,8.399999618530273,8.454999923706055,8.40999984741211,8.444999694824219,4
2006-02-02,8.585000038146973,8.585000038146973,8.489999771118164,8.444999694824219,8.444999694824219,1
2006-02-03,8.649999618530273,8.649999618530273,8.595000267028809,8.595000267028809,8.595000267028809,25
2006-02-06,8.640000343322754,8.640000343322754,8.680000305175781,8.649999618530273,8.649999618530273,4
2006-02-07,8.524999618530273,8.524999618530273,8.670000076293945,8.640000343322754,8.640000343322754,5
2006-02-08,8.5600004196167,8.5600004196167,8.550000190734863,8.510000228881836,8.550000190734863,2
2006-02-09,8.420000076293945,8.420000076293945,8.600000381469727,8.600000381469727,8.600000381469727,4
2006-02-10,8.369999885559082,8.369999885559082,8.449999809265137,8.4399995803833,8.4399995803833,21
2006-02-13,8.28499984741211,8.28499984741211,8.350000381469727,8.3100004196167,8.335000038146973,11
2006-02-14,8.279999732971191,8.279999732971191,8.270000457763672,8.234999656677246,8.270000457763672,2
2006-02-15,8.319999694824219,8.319999694824219,8.300000190734863,8.28499984741211,8.300000190734863,2
2006-02-16,8.260000228881836,8.260000228881836,8.260000228881836,8.260000228881836,8.260000228881836,3
2006-02-17,8.220000267028809,8.220000267028809,8.279999732971191,8.279999732971191,8.279999732971191,41
2006-02-21,8.079999923706055,8.079999923706055,8.199999809265137,8.1899995803833,8.199999809265137,41
2006-02-22,8.109999656677246,8.109999656677246,8.109999656677246,8.109999656677246,8.109999656677246,0
2006-02-23,8.1899995803833,8.1899995803833,8.1899995803833,8.1899995803833,8.1899995803833,1
2006-02-24,8.279999732971191,8.279999732971191,8.21500015258789,8.21500015258789,8.21500015258789,3
2006-02-27,8.239999771118164,8.239999771118164,8.265000343322754,8.260000228881836,8.265000343322754,2
2006-02-28,8.220000267028809,8.220000267028809,8.239999771118164,8.239999771118164,8.239999771118164,2
2006-03-01,8.09000015258789,8.09000015258789,8.225000381469727,8.199999809265137,8.225000381469727,2
2006-03-02,8.199999809265137,8.199999809265137,8.199999809265137,8.199999809265137,8.199999809265137,0
2006-03-03,8.289999961853027,8.289999961853027,8.289999961853027,8.289999961853027,8.289999961853027,0
2006-03-06,8.289999961853027,8.289999961853027,8.289999961853027,8.289999961853027,8.289999961853027,0
2006-03-07,8.390000343322754,8.390000343322754,8.390000343322754,8.390000343322754,8.390000343322754,0
2006-03-08,8.289999961853027,8.289999961853027,8.289999961853027,8.289999961853027,8.289999961853027,0
2006-03-09,8.420000076293945,8.420000076293945,8.420000076293945,8.420000076293945,8.420000076293945,0
2006-03-10,8.479999542236328,8.479999542236328,8.479999542236328,8.479999542236328,8.479999542236328,0
2006-03-13,8.475000381469727,8.475000381469727,8.475000381469727,8.475000381469727,8.475000381469727,0
2006-03-14,8.289999961853027,8.289999961853027,8.289999961853027,8.289999961853027,8.289999961853027,0
2006-03-15,8.270000457763672,8.270000457763672,8.270000457763672,8.270000457763672,8.270000457763672,0
2006-03-16,8.180000305175781,8.180000305175781,8.180000305175781,8.180000305175781,8.180000305175781,0
2006-03-17,8.0600004196167,8.0600004196167,8.0600004196167,8.0600004196167,8.0600004196167,0
2006-03-20,7.880000114440918,7.880000114440918,7.880000114440918,7.880000114440918,7.880000114440918,0
2006-03-21,8.020000457763672,8.020000457763672,8.020000457763672,8.020000457763672,8.020000457763672,0
2006-03-22,8.020000457763672,8.020000457763672,8.020000457763672,8.020000457763672,8.020000457763672,5
2006-03-23,8.369999885559082,8.369999885559082,8.289999961853027,8.279999732971191,8.28499984741211,5
2006-03-24,8.475000381469727,8.475000381469727,8.475000381469727,8.475000381469727,8.475000381469727,4
2006-03-27,8.399999618530273,8.399999618530273,8.494999885559082,8.489999771118164,8.489999771118164,2
2006-03-28,8.324999809265137,8.324999809265137,8.380000114440918,8.380000114440918,8.380000114440918,1
2006-03-29,8.3149995803833,8.3149995803833,8.350000381469727,8.350000381469727,8.350000381469727,1
2006-03-30,8.359999656677246,8.359999656677246,8.359999656677246,8.359999656677246,8.359999656677246,1
2006-03-31,8.5600004196167,8.5600004196167,8.399999618530273,8.399999618530273,8.399999618530273,1
2006-04-03,8.470000267028809,8.470000267028809,8.470000267028809,8.470000267028809,8.470000267028809,0
2006-04-04,8.399999618530273,8.399999618530273,8.399999618530273,8.399999618530273,8.399999618530273,0
2006-04-05,8.470000267028809,8.470000267028809,8.470000267028809,8.470000267028809,8.470000267028809,0
2006-04-06,8.494999885559082,8.494999885559082,8.494999885559082,8.494999885559082,8.494999885559082,0
2006-04-07,8.420000076293945,8.420000076293945,8.420000076293945,8.420000076293945,8.420000076293945,0
2006-04-10,8.34000015258789,8.34000015258789,8.34000015258789,8.34000015258789,8.34000015258789,0
2006-04-11,8.359999656677246,8.359999656677246,8.359999656677246,8.359999656677246,8.359999656677246,3
2006-04-12,8.319999694824219,8.319999694824219,8.399999618530273,8.3100004196167,8.399999618530273,1
2006-04-13,8.329999923706055,8.329999923706055,8.34000015258789,8.34000015258789,8.34000015258789,1
2006-04-17,8.399999618530273,8.399999618530273,8.399999618530273,8.399999618530273,8.399999618530273,0
2006-04-18,8.300000190734863,8.300000190734863,8.300000190734863,8.300000190734863,8.300000190734863,0
2006-04-19,8.335000038146973,8.335000038146973,8.335000038146973,8.335000038146973,8.335000038146973,0
2006-04-20,8.34000015258789,8.34000015258789,8.34000015258789,8.34000015258789,8.34000015258789,29
2006-04-21,8.3100004196167,8.3100004196167,8.34000015258789,8.34000015258789,8.34000015258789,29
2006-04-24,8.3100004196167,8.3100004196167,8.3100004196167,8.3100004196167,8.3100004196167,3
2006-04-25,8.239999771118164,8.239999771118164,8.34000015258789,8.329999923706055,8.329999923706055,1
2006-04-26,8.175000190734863,8.175000190734863,8.265000343322754,8.265000343322754,8.265000343322754,1
2006-04-27,8.140000343322754,8.140000343322754,8.140000343322754,8.140000343322754,8.140000343322754,3
2006-04-28,8.220000267028809,8.220000267028809,8.109999656677246,8.109999656677246,8.109999656677246,3
2006-05-01,8.289999961853027,8.289999961853027,8.289999961853027,8.289999961853027,8.289999961853027,0
2006-05-02,8.229999542236328,8.229999542236328,8.229999542236328,8.229999542236328,8.229999542236328,0
2006-05-03,8.229999542236328,8.229999542236328,8.229999542236328,8.229999542236328,8.229999542236328,0
2006-05-04,8.229999542236328,8.229999542236328,8.229999542236328,8.229999542236328,8.229999542236328,0
2006-05-05,8.25,8.25,8.25,8.25,8.25,0
2006-05-08,8.149999618530273,8.149999618530273,8.149999618530273,8.149999618530273,8.149999618530273,0
2006-05-09,8.25,8.25,8.25,8.25,8.25,0
2006-05-10,8.329999923706055,8.329999923706055,8.329999923706055,8.329999923706055,8.329999923706055,0
2006-05-11,8.369999885559082,8.369999885559082,8.369999885559082,8.369999885559082,8.369999885559082,0
2006-05-12,8.479999542236328,8.479999542236328,8.479999542236328,8.479999542236328,8.479999542236328,0
2006-05-15,8.649999618530273,8.649999618530273,8.649999618530273,8.649999618530273,8.649999618530273,0
2006-05-16,8.609999656677246,8.609999656677246,8.609999656677246,8.609999656677246,8.609999656677246,0
2006-05-17,8.670000076293945,8.670000076293945,8.670000076293945,8.670000076293945,8.670000076293945,0
2006-05-18,8.65999984741211,8.65999984741211,8.65999984741211,8.65999984741211,8.65999984741211,0
2006-05-19,8.609999656677246,8.609999656677246,8.609999656677246,8.609999656677246,8.609999656677246,2
2006-05-22,9.0,9.0,8.859999656677246,8.850000381469727,8.850000381469727,43
2006-05-23,9.21500015258789,9.21500015258789,9.050000190734863,9.0,9.0,13
2006-05-24,9.145000457763672,9.145000457763672,9.279999732971191,9.210000038146973,9.210000038146973,27
2006-05-25,9.220000267028809,9.220000267028809,9.164999961853027,9.069999694824219,9.119999885559082,3
2006-05-26,9.194999694824219,9.194999694824219,9.265000343322754,9.25,9.25,16
2006-05-30,9.274999618530273,9.274999618530273,9.265000343322754,9.220000267028809,9.220000267028809,15
2006-05-31,9.119999885559082,9.119999885559082,9.119999885559082,9.119999885559082,9.119999885559082,12
2006-06-01,8.914999961853027,8.914999961853027,9.09000015258789,9.0600004196167,9.09000015258789,12
2006-06-02,9.140000343322754,9.140000343322754,9.140000343322754,9.140000343322754,9.140000343322754,0
2006-06-05,9.069999694824219,9.069999694824219,9.069999694824219,9.069999694824219,9.069999694824219,25
2006-06-06,9.03499984741211,9.03499984741211,9.079999923706055,9.039999961853027,9.050000190734863,25
2006-06-07,9.100000381469727,9.100000381469727,9.100000381469727,9.100000381469727,9.100000381469727,6
2006-06-08,9.100000381469727,9.100000381469727,9.149999618530273,9.079999923706055,9.079999923706055,6
2006-06-09,8.989999771118164,8.989999771118164,8.989999771118164,8.989999771118164,8.989999771118164,0
2006-06-12,9.050000190734863,9.050000190734863,9.050000190734863,9.050000190734863,9.050000190734863,2
2006-06-13,8.835000038146973,8.835000038146973,9.085000038146973,9.079999923706055,9.079999923706055,12
2006-06-14,8.625,8.625,8.869999885559082,8.84000015258789,8.869999885559082,8
2006-06-15,8.65999984741211,8.65999984741211,8.649999618530273,8.630000114440918,8.630000114440918,48
2006-06-16,8.850000381469727,8.850000381469727,8.6899995803833,8.619999885559082,8.670000076293945,1
2006-06-19,8.9399995803833,8.9399995803833,8.800000190734863,8.800000190734863,8.800000190734863,1
2006-06-20,9.140000343322754,9.140000343322754,8.925000190734863,8.925000190734863,8.925000190734863,12
2006-06-21,9.09000015258789,9.09000015258789,9.15999984741211,9.09000015258789,9.140000343322754,12
2006-06-22,8.960000038146973,8.960000038146973,8.960000038146973,8.960000038146973,8.960000038146973,0
2006-06-23,9.005000114440918,9.005000114440918,9.005000114440918,9.005000114440918,9.005000114440918,3
2006-06-26,8.899999618530273,8.899999618530273,9.079999923706055,9.079999923706055,9.079999923706055,7
2006-06-27,8.729999542236328,8.729999542236328,8.90999984741211,8.90999984741211,8.90999984741211,16
2006-06-28,8.765000343322754,8.765000343322754,8.739999771118164,8.739999771118164,8.739999771118164,16
2006-06-29,8.84000015258789,8.84000015258789,8.84000015258789,8.84000015258789,8.84000015258789,20
2006-06-30,9.199999809265137,9.199999809265137,9.199999809265137,9.199999809265137,9.199999809265137,20
2006-07-03,9.329999923706055,9.329999923706055,9.329999923706055,9.329999923706055,9.329999923706055,0
2006-07-05,9.180000305175781,9.180000305175781,9.180000305175781,9.180000305175781,9.180000305175781,0
2006-07-06,9.229999542236328,9.229999542236328,9.229999542236328,9.229999542236328,9.229999542236328,0
2006-07-07,9.25,9.25,9.25,9.25,9.25,0
2006-07-10,9.25,9.25,9.25,9.25,9.25,0
2006-07-11,9.260000228881836,9.260000228881836,9.260000228881836,9.260000228881836,9.260000228881836,0
2006-07-12,9.260000228881836,9.260000228881836,9.260000228881836,9.260000228881836,9.260000228881836,0
2006-07-13,9.180000305175781,9.180000305175781,9.180000305175781,9.180000305175781,9.180000305175781,0
2006-07-14,9.350000381469727,9.350000381469727,9.350000381469727,9.350000381469727,9.350000381469727,0
2006-07-17,9.300000190734863,9.300000190734863,9.300000190734863,9.300000190734863,9.300000190734863,0
2006-07-18,9.260000228881836,9.260000228881836,9.260000228881836,9.260000228881836,9.260000228881836,0
2006-07-19,9.300000190734863,9.300000190734863,9.300000190734863,9.300000190734863,9.300000190734863,0
2006-07-20,9.25,9.25,9.25,9.25,9.25,0
2006-07-21,9.449999809265137,9.449999809265137,9.449999809265137,9.449999809265137,9.449999809265137,0
2006-07-24,9.414999961853027,9.414999961853027,9.414999961853027,9.414999961853027,9.414999961853027,0
2006-07-25,9.380000114440918,9.380000114440918,9.380000114440918,9.380000114440918,9.380000114440918,3
2006-07-26,9.164999961853027,9.164999961853027,9.40999984741211,9.40999984741211,9.40999984741211,3
2006-07-27,9.194999694824219,9.194999694824219,9.180000305175781,9.149999618530273,9.164999961853027,9
2006-07-28,9.180000305175781,9.180000305175781,9.15999984741211,9.15999984741211,9.15999984741211,9
2006-07-31,9.210000038146973,9.210000038146973,9.210000038146973,9.210000038146973,9.210000038146973,15
2006-08-01,9.170000076293945,9.170000076293945,9.175000190734863,9.130000114440918,9.149999618530273,14
2006-08-02,9.204999923706055,9.204999923706055,9.279999732971191,9.130000114440918,9.164999961853027,52
2006-08-03,9.180000305175781,9.180000305175781,9.199999809265137,9.140000343322754,9.199999809265137,203
2006-08-04,9.164999961853027,9.164999961853027,9.175000190734863,9.119999885559082,9.175000190734863,100
2006-08-07,9.109999656677246,9.109999656677246,9.180000305175781,9.079999923706055,9.15999984741211,106
2006-08-08,9.25,9.25,9.1899995803833,9.119999885559082,9.119999885559082,57
2006-08-09,9.710000038146973,9.710000038146973,9.680000305175781,9.420000076293945,9.420000076293945,48
2006-08-10,9.614999771118164,9.614999771118164,9.699999809265137,9.600000381469727,9.699999809265137,108
2006-08-11,9.614999771118164,9.614999771118164,9.710000038146973,9.609999656677246,9.710000038146973,17
2006-08-14,9.699999809265137,9.699999809265137,9.78499984741211,9.600000381469727,9.600000381469727,9
2006-08-15,9.869999885559082,9.869999885559082,9.84000015258789,9.734999656677246,9.734999656677246,65
2006-08-16,9.859999656677246,9.859999656677246,9.880000114440918,9.739999771118164,9.880000114440918,16
2006-08-17,9.720000267028809,9.720000267028809,9.819999694824219,9.704999923706055,9.789999961853027,151
2006-08-18,9.829999923706055,9.829999923706055,9.699999809265137,9.630000114440918,9.654999732971191,55
2006-08-21,9.550000190734863,9.550000190734863,9.78499984741211,9.5,9.600000381469727,89
2006-08-22,9.050000190734863,9.050000190734863,9.574999809265137,9.085000038146973,9.574999809265137,264
2006-08-23,9.149999618530273,9.149999618530273,9.279999732971191,8.979999542236328,9.079999923706055,39
2006-08-24,8.970000267028809,8.970000267028809,9.109999656677246,8.960000038146973,9.109999656677246,44
2006-08-25,8.989999771118164,8.989999771118164,9.0,8.949999809265137,8.96500015258789,68
2006-08-28,9.024999618530273,9.024999618530273,9.03499984741211,8.864999771118164,8.949999809265137,211
2006-08-29,8.930000305175781,8.930000305175781,8.949999809265137,8.930000305175781,8.949999809265137,176
2006-08-30,8.470000267028809,8.470000267028809,8.899999618530273,8.475000381469727,8.899999618530273,59
2006-08-31,8.489999771118164,8.489999771118164,8.520000457763672,8.479999542236328,8.520000457763672,45
2006-09-01,8.729999542236328,8.729999542236328,8.6899995803833,8.595000267028809,8.600000381469727,125
2006-09-05,8.75,8.75,8.734999656677246,8.6899995803833,8.734999656677246,67
2006-09-06,8.75,8.75,8.770000457763672,8.729999542236328,8.739999771118164,78
2006-09-07,8.640000343322754,8.640000343322754,8.694999694824219,8.654999732971191,8.6899995803833,43
2006-09-08,8.6899995803833,8.6899995803833,8.675000190734863,8.649999618530273,8.649999618530273,10
2006-09-11,8.845000267028809,8.845000267028809,8.805000305175781,8.6899995803833,8.6899995803833,11
2006-09-12,8.899999618530273,8.899999618530273,8.899999618530273,8.899999618530273,8.899999618530273,11
2006-09-13,9.140000343322754,9.140000343322754,9.140000343322754,9.140000343322754,9.140000343322754,0
2006-09-14,9.149999618530273,9.149999618530273,9.149999618530273,9.149999618530273,9.149999618530273,0
2006-09-15,9.260000228881836,9.260000228881836,9.260000228881836,9.260000228881836,9.260000228881836,0
2006-09-18,9.289999961853027,9.289999961853027,9.289999961853027,9.289999961853027,9.289999961853027,0
2006-09-19,9.484999656677246,9.484999656677246,9.484999656677246,9.484999656677246,9.484999656677246,0
2006-09-20,9.425000190734863,9.425000190734863,9.425000190734863,9.425000190734863,9.425000190734863,95
2006-09-21,9.579999923706055,9.579999923706055,9.65999984741211,9.505000114440918,9.550000190734863,95
2006-09-22,9.529999732971191,9.529999732971191,9.609999656677246,9.489999771118164,9.59000015258789,87
2006-09-25,9.5600004196167,9.5600004196167,9.65999984741211,9.475000381469727,9.5600004196167,188
2006-09-26,9.664999961853027,9.664999961853027,9.680000305175781,9.545000076293945,9.569999694824219,213
2006-09-27,9.770000457763672,9.770000457763672,9.829999923706055,9.654999732971191,9.65999984741211,243
2006-09-28,9.664999961853027,9.664999961853027,9.774999618530273,9.609999656677246,9.739999771118164,375
2006-09-29,9.664999961853027,9.664999961853027,9.890000343322754,9.680000305175781,9.710000038146973,32
2006-10-02,9.645000457763672,9.645000457763672,9.850000381469727,9.664999961853027,9.6899995803833,1
2006-10-03,9.699999809265137,9.699999809265137,9.699999809265137,9.640000343322754,9.640000343322754,103
2006-10-04,9.755000114440918,9.755000114440918,9.779999732971191,9.65999984741211,9.729999542236328,41
2006-10-05,9.729999542236328,9.729999542236328,9.779999732971191,9.699999809265137,9.765000343322754,33
2006-10-06,9.670000076293945,9.670000076293945,9.729999542236328,9.675000190734863,9.729999542236328,205
2006-10-09,9.850000381469727,9.850000381469727,9.800000190734863,9.670000076293945,9.680000305175781,54
2006-10-10,9.710000038146973,9.710000038146973,9.850000381469727,9.664999961853027,9.800000190734863,58
2006-10-11,9.819999694824219,9.819999694824219,9.845000267028809,9.699999809265137,9.744999885559082,60
2006-10-12,9.8100004196167,9.8100004196167,9.9350004196167,9.744999885559082,9.8100004196167,23
2006-10-13,9.729999542236328,9.729999542236328,9.800000190734863,9.664999961853027,9.800000190734863,213
2006-10-16,9.489999771118164,9.489999771118164,9.795000076293945,9.444999694824219,9.725000381469727,83
2006-10-17,9.529999732971191,9.529999732971191,9.625,9.46500015258789,9.5,57
2006-10-18,9.630000114440918,9.630000114440918,9.630000114440918,9.489999771118164,9.520000457763672,21
2006-10-19,9.579999923706055,9.579999923706055,9.630000114440918,9.529999732971191,9.619999885559082,51
2006-10-20,9.630000114440918,9.630000114440918,9.649999618530273,9.510000228881836,9.574999809265137,38
2006-10-23,9.5600004196167,9.5600004196167,9.59000015258789,9.545000076293945,9.550000190734863,138
2006-10-24,9.34000015258789,9.34000015258789,9.529999732971191,9.359999656677246,9.529999732971191,325
2006-10-25,9.380000114440918,9.380000114440918,9.4399995803833,9.300000190734863,9.3100004196167,31
2006-10-26,9.40999984741211,9.40999984741211,9.380000114440918,9.279999732971191,9.380000114440918,143
2006-10-27,9.399999618530273,9.399999618530273,9.475000381469727,9.390000343322754,9.470000267028809,335
2006-10-30,9.305000305175781,9.305000305175781,9.399999618530273,9.300000190734863,9.34000015258789,69
2006-10-31,9.489999771118164,9.489999771118164,9.324999809265137,9.199999809265137,9.289999961853027,24
2006-11-01,9.9399995803833,9.9399995803833,10.0,9.75,10.0,27
2006-11-02,9.829999923706055,9.829999923706055,10.020000457763672,10.0,10.010000228881836,5
2006-11-03,9.770000457763672,9.770000457763672,9.770000457763672,9.770000457763672,9.770000457763672,5
2006-11-06,9.890000343322754,9.890000343322754,9.890000343322754,9.890000343322754,9.890000343322754,1
2006-11-07,9.890000343322754,9.890000343322754,9.920000076293945,9.920000076293945,9.920000076293945,1
2006-11-08,9.880000114440918,9.880000114440918,9.880000114440918,9.880000114440918,9.880000114440918,45
2006-11-09,9.75,9.75,9.75,9.75,9.75,45
2006-11-10,9.75,9.75,9.75,9.75,9.75,0
2006-11-13,9.819999694824219,9.819999694824219,9.819999694824219,9.819999694824219,9.819999694824219,0
2006-11-14,9.920000076293945,9.920000076293945,9.920000076293945,9.920000076293945,9.920000076293945,0
2006-11-15,9.899999618530273,9.899999618530273,9.899999618530273,9.899999618530273,9.899999618530273,11
2006-11-16,9.899999618530273,9.899999618530273,9.899999618530273,9.899999618530273,9.899999618530273,11
2006-11-17,9.779999732971191,9.779999732971191,9.779999732971191,9.779999732971191,9.779999732971191,0
2006-11-20,9.819999694824219,9.819999694824219,9.819999694824219,9.819999694824219,9.819999694824219,75
2006-11-21,9.880000114440918,9.880000114440918,10.09000015258789,9.630000114440918,10.09000015258789,28
2006-11-22,9.890000343322754,9.890000343322754,9.9399995803833,9.805000305175781,9.869999885559082,28
2006-11-23,9.890000343322754,9.890000343322754,9.890000343322754,9.890000343322754,9.890000343322754,71
2006-11-24,9.869999885559082,9.869999885559082,9.875,9.829999923706055,9.854999542236328,67
2006-11-27,9.869999885559082,9.869999885559082,9.989999771118164,9.850000381469727,9.920000076293945,322
2006-11-28,9.880000114440918,9.880000114440918,9.869999885559082,9.8100004196167,9.850000381469727,182
2006-11-29,9.880000114440918,9.880000114440918,9.880000114440918,9.800000190734863,9.880000114440918,541
2006-11-30,9.979999542236328,9.979999542236328,10.010000228881836,9.890000343322754,9.890000343322754,197
2006-12-01,10.074999809265137,10.074999809265137,10.170000076293945,9.960000038146973,9.979999542236328,21
2006-12-04,10.039999961853027,10.039999961853027,10.079999923706055,10.039999961853027,10.079999923706055,56
2006-12-05,9.930000305175781,9.930000305175781,10.050000190734863,9.850000381469727,10.050000190734863,63
2006-12-06,9.850000381469727,9.850000381469727,9.930000305175781,9.75,9.930000305175781,16
2006-12-07,9.90999984741211,9.90999984741211,9.899999618530273,9.84000015258789,9.845000267028809,37
2006-12-08,9.819999694824219,9.819999694824219,9.930000305175781,9.75,9.920000076293945,12
2006-12-11,9.904999732971191,9.904999732971191,9.960000038146973,9.859999656677246,9.904999732971191,72
2006-12-12,9.819999694824219,9.819999694824219,9.904999732971191,9.819999694824219,9.850000381469727,143
2006-12-13,9.829999923706055,9.829999923706055,9.90999984741211,9.819999694824219,9.819999694824219,98
2006-12-14,9.869999885559082,9.869999885559082,9.880000114440918,9.800000190734863,9.819999694824219,72
2006-12-15,9.885000228881836,9.885000228881836,9.90999984741211,9.835000038146973,9.835000038146973,75
2006-12-18,9.899999618530273,9.899999618530273,9.885000228881836,9.850000381469727,9.850000381469727,440
2006-12-19,9.899999618530273,9.899999618530273,9.949999809265137,9.869999885559082,9.890000343322754,367
2006-12-20,9.960000038146973,9.960000038146973,9.989999771118164,9.920000076293945,9.920000076293945,427
2006-12-21,9.989999771118164,9.989999771118164,10.020000457763672,9.96500015258789,9.979999542236328,24
2006-12-22,10.010000228881836,10.010000228881836,10.029999732971191,9.989999771118164,9.994999885559082,225
2006-12-26,10.109999656677246,10.109999656677246,10.15999984741211,10.0600004196167,10.079999923706055,218
2006-12-27,10.175000190734863,10.175000190734863,10.194999694824219,10.140000343322754,10.140000343322754,108
2006-12-28,10.149999618530273,10.149999618530273,10.15999984741211,10.130000114440918,10.15999984741211,23
2006-12-29,10.130000114440918,10.130000114440918,10.149999618530273,10.135000228881836,10.149999618530273,23
2007-01-02,10.130000114440918,10.130000114440918,10.130000114440918,10.130000114440918,10.130000114440918,5
2007-01-03,10.15999984741211,10.15999984741211,10.15999984741211,10.15999984741211,10.15999984741211,10
2007-01-04,10.180000305175781,10.180000305175781,10.180000305175781,10.180000305175781,10.180000305175781,14
2007-01-05,10.210000038146973,10.210000038146973,10.210000038146973,10.194999694824219,10.199999809265137,32
2007-01-08,10.350000381469727,10.350000381469727,10.335000038146973,10.244999885559082,10.244999885559082,12
2007-01-09,10.390000343322754,10.390000343322754,10.420000076293945,10.375,10.375,25
2007-01-10,10.369999885559082,10.369999885559082,10.369999885559082,10.369999885559082,10.369999885559082,26
2007-01-11,10.449999809265137,10.449999809265137,10.449999809265137,10.449999809265137,10.449999809265137,5
2007-01-12,10.520000457763672,10.520000457763672,10.520000457763672,10.520000457763672,10.520000457763672,5
2007-01-16,10.449999809265137,10.449999809265137,10.449999809265137,10.449999809265137,10.449999809265137,0
2007-01-17,10.40999984741211,10.40999984741211,10.40999984741211,10.40999984741211,10.40999984741211,0
2007-01-18,10.369999885559082,10.369999885559082,10.369999885559082,10.369999885559082,10.369999885559082,0
2007-01-19,10.359999656677246,10.359999656677246,10.359999656677246,10.359999656677246,10.359999656677246,0
2007-01-22,10.104999542236328,10.104999542236328,10.104999542236328,10.104999542236328,10.104999542236328,170
2007-01-23,10.270000457763672,10.270000457763672,10.319999694824219,10.149999618530273,10.25,134
2007-01-24,10.175000190734863,10.175000190734863,10.305000305175781,10.149999618530273,10.305000305175781,187
2007-01-25,10.1899995803833,10.1899995803833,10.220000267028809,10.114999771118164,10.170000076293945,103
2007-01-26,10.220000267028809,10.220000267028809,10.274999618530273,10.1850004196167,10.1899995803833,267
2007-01-29,10.199999809265137,10.199999809265137,10.229999542236328,10.164999961853027,10.210000038146973,319
2007-01-30,10.149999618530273,10.149999618530273,10.229999542236328,10.130000114440918,10.229999542236328,404
2007-01-31,10.104999542236328,10.104999542236328,10.154999732971191,10.050000190734863,10.149999618530273,173
2007-02-01,10.130000114440918,10.130000114440918,10.180000305175781,10.079999923706055,10.079999923706055,311
2007-02-02,10.130000114440918,10.130000114440918,10.149999618530273,10.0600004196167,10.140000343322754,151
2007-02-05,10.119999885559082,10.119999885559082,10.175000190734863,10.100000381469727,10.130000114440918,52
2007-02-06,10.109999656677246,10.109999656677246,10.149999618530273,10.100000381469727,10.109999656677246,139
2007-02-07,10.170000076293945,10.170000076293945,10.229999542236328,10.149999618530273,10.175000190734863,55
2007-02-08,10.154999732971191,10.154999732971191,10.15999984741211,10.119999885559082,10.149999618530273,85
2007-02-09,10.180000305175781,10.180000305175781,10.1899995803833,10.100000381469727,10.154999732971191,48
2007-02-12,10.170000076293945,10.170000076293945,10.229999542236328,10.135000228881836,10.210000038146973,59
2007-02-13,10.149999618530273,10.149999618530273,10.149999618530273,10.130000114440918,10.149999618530273,89
2007-02-14,10.109999656677246,10.109999656677246,10.199999809265137,10.09000015258789,10.135000228881836,768
2007-02-15,9.979999542236328,9.979999542236328,10.104999542236328,9.975000381469727,10.104999542236328,196
2007-02-16,9.960000038146973,9.960000038146973,10.0,9.949999809265137,9.979999542236328,344
2007-02-20,9.979999542236328,9.979999542236328,10.050000190734863,9.9399995803833,9.970000267028809,455
2007-02-21,10.364999771118164,10.364999771118164,10.475000381469727,9.979999542236328,9.979999542236328,84
2007-02-22,10.300000190734863,10.300000190734863,10.364999771118164,10.25,10.3100004196167,265
2007-02-23,10.1850004196167,10.1850004196167,10.345000267028809,10.199999809265137,10.329999923706055,309
2007-02-26,10.220000267028809,10.220000267028809,10.274999618530273,10.180000305175781,10.180000305175781,171
2007-02-27,10.045000076293945,10.045000076293945,10.265000343322754,10.03499984741211,10.265000343322754,178
2007-02-28,10.220000267028809,10.220000267028809,10.210000038146973,10.039999961853027,10.050000190734863,3
2007-03-01,10.319999694824219,10.319999694824219,10.289999961853027,10.220000267028809,10.220000267028809,3
2007-03-02,10.300000190734863,10.300000190734863,10.300000190734863,10.300000190734863,10.300000190734863,25
2007-03-05,10.380000114440918,10.380000114440918,10.289999961853027,10.289999961853027,10.289999961853027,6
2007-03-06,10.444999694824219,10.444999694824219,10.449999809265137,10.449999809265137,10.449999809265137,101
2007-03-07,10.399999618530273,10.399999618530273,10.449999809265137,10.404999732971191,10.444999694824219,101
2007-03-08,10.369999885559082,10.369999885559082,10.369999885559082,10.369999885559082,10.369999885559082,0
2007-03-09,10.380000114440918,10.380000114440918,10.380000114440918,10.380000114440918,10.380000114440918,3
2007-03-12,10.479999542236328,10.479999542236328,10.5,10.5,10.5,3
2007-03-13,10.4399995803833,10.4399995803833,10.5,10.5,10.5,4
2007-03-14,9.989999771118164,9.989999771118164,9.989999771118164,9.989999771118164,9.989999771118164,0
2007-03-15,9.899999618530273,9.899999618530273,9.899999618530273,9.899999618530273,9.899999618530273,6
2007-03-16,10.029999732971191,10.029999732971191,10.029999732971191,10.029999732971191,10.029999732971191,0
2007-03-19,10.069999694824219,10.069999694824219,10.069999694824219,10.069999694824219,10.069999694824219,5
2007-03-20,10.100000381469727,10.100000381469727,10.100000381469727,10.100000381469727,10.100000381469727,0
2007-03-21,10.029999732971191,10.029999732971191,10.029999732971191,10.029999732971191,10.029999732971191,80
2007-03-22,10.135000228881836,10.135000228881836,10.270000457763672,10.130000114440918,10.270000457763672,218
2007-03-23,9.789999961853027,9.789999961853027,10.15999984741211,9.779999732971191,10.140000343322754,927
2007-03-26,9.760000228881836,9.760000228881836,9.90999984741211,9.71500015258789,9.789999961853027,508
2007-03-27,9.800000190734863,9.800000190734863,9.84000015258789,9.760000228881836,9.789999961853027,202
2007-03-28,10.050000190734863,10.050000190734863,10.050000190734863,9.800000190734863,9.800000190734863,175
2007-03-29,10.145000457763672,10.145000457763672,10.15999984741211,10.039999961853027,10.050000190734863,318
2007-03-30,10.079999923706055,10.079999923706055,10.239999771118164,10.050000190734863,10.180000305175781,216
2007-04-02,10.220000267028809,10.220000267028809,10.25,9.994999885559082,10.069999694824219,397
2007-04-03,10.170000076293945,10.170000076293945,10.279999732971191,10.15999984741211,10.220000267028809,110
2007-04-04,10.229999542236328,10.229999542236328,10.220000267028809,10.175000190734863,10.1899995803833,118
2007-04-05,10.25,10.25,10.279999732971191,10.260000228881836,10.279999732971191,10
2007-04-09,10.210000038146973,10.210000038146973,10.34000015258789,10.210000038146973,10.270000457763672,121
2007-04-10,10.225000381469727,10.225000381469727,10.25,10.210000038146973,10.25,68
2007-04-11,10.09000015258789,10.09000015258789,10.229999542236328,10.079999923706055,10.229999542236328,173
2007-04-12,9.949999809265137,9.949999809265137,10.074999809265137,9.920000076293945,10.074999809265137,301
2007-04-13,10.119999885559082,10.119999885559082,10.199999809265137,9.949999809265137,9.949999809265137,148
2007-04-16,10.15999984741211,10.15999984741211,10.170000076293945,10.079999923706055,10.100000381469727,404
2007-04-17,10.109999656677246,10.109999656677246,10.199999809265137,10.050000190734863,10.15999984741211,253
2007-04-18,10.109999656677246,10.109999656677246,10.149999618530273,10.085000038146973,10.119999885559082,299
2007-04-19,10.069999694824219,10.069999694824219,10.109999656677246,10.074999809265137,10.09000015258789,274
2007-04-20,10.09000015258789,10.09000015258789,10.109999656677246,10.024999618530273,10.0600004196167,391
2007-04-23,10.050000190734863,10.050000190734863,10.164999961853027,10.020000457763672,10.164999961853027,287
2007-04-24,9.960000038146973,9.960000038146973,10.050000190734863,9.760000228881836,10.0,544
2007-04-25,10.0,10.0,10.010000228881836,9.895000457763672,9.920000076293945,324
2007-04-26,9.880000114440918,9.880000114440918,9.949999809265137,9.920000076293945,9.920000076293945,115
2007-04-27,9.979999542236328,9.979999542236328,9.949999809265137,9.869999885559082,9.869999885559082,522
2007-04-30,9.949999809265137,9.949999809265137,9.960000038146973,9.930000305175781,9.930000305175781,251
2007-05-01,9.989999771118164,9.989999771118164,9.989999771118164,9.989999771118164,9.989999771118164,47
2007-05-02,9.960000038146973,9.960000038146973,9.960000038146973,9.960000038146973,9.960000038146973,91
2007-05-03,10.079999923706055,10.079999923706055,10.079999923706055,10.079999923706055,10.079999923706055,35
2007-05-04,10.449999809265137,10.449999809265137,10.335000038146973,10.175000190734863,10.180000305175781,78
2007-05-07,10.449999809265137,10.449999809265137,10.329999923706055,10.329999923706055,10.329999923706055,15
2007-05-08,10.260000228881836,10.260000228881836,10.350000381469727,10.350000381469727,10.350000381469727,2
2007-05-09,10.210000038146973,10.210000038146973,10.210000038146973,10.210000038146973,10.210000038146973,8
2007-05-10,10.170000076293945,10.170000076293945,10.170000076293945,10.170000076293945,10.170000076293945,0
2007-05-11,10.289999961853027,10.289999961853027,10.289999961853027,10.289999961853027,10.289999961853027,10
2007-05-14,10.319999694824219,10.319999694824219,10.319999694824219,10.319999694824219,10.319999694824219,45
2007-05-15,10.489999771118164,10.489999771118164,10.515000343322754,10.4399995803833,10.515000343322754,32
2007-05-16,10.479999542236328,10.479999542236328,10.5600004196167,10.46500015258789,10.5600004196167,65
2007-05-17,10.414999961853027,10.414999961853027,10.520000457763672,10.390000343322754,10.5,19
2007-05-18,10.114999771118164,10.114999771118164,10.420000076293945,10.09000015258789,10.420000076293945,417
2007-05-21,10.324999809265137,10.324999809265137,10.329999923706055,10.095000267028809,10.109999656677246,610
2007-05-22,10.255000114440918,10.255000114440918,10.319999694824219,10.225000381469727,10.319999694824219,42
2007-05-23,10.270000457763672,10.270000457763672,10.3100004196167,10.25,10.25,21
2007-05-24,10.220000267028809,10.220000267028809,10.319999694824219,10.21500015258789,10.319999694824219,55
2007-05-25,10.210000038146973,10.210000038146973,10.239999771118164,10.170000076293945,10.199999809265137,218
2007-05-29,10.1899995803833,10.1899995803833,10.239999771118164,10.140000343322754,10.210000038146973,177
2007-05-30,10.220000267028809,10.220000267028809,10.260000228881836,10.1899995803833,10.1899995803833,435
2007-05-31,10.210000038146973,10.210000038146973,10.270000457763672,10.210000038146973,10.265000343322754,229
2007-06-01,10.1899995803833,10.1899995803833,10.279999732971191,10.1899995803833,10.239999771118164,132
2007-06-04,10.15999984741211,10.15999984741211,10.210000038146973,10.149999618530273,10.180000305175781,132
2007-06-05,10.1899995803833,10.1899995803833,10.239999771118164,9.920000076293945,10.145000457763672,123
2007-06-06,10.109999656677246,10.109999656677246,10.199999809265137,10.010000228881836,10.15999984741211,651
2007-06-07,10.100000381469727,10.100000381469727,10.140000343322754,10.050000190734863,10.050000190734863,142
2007-06-08,10.085000038146973,10.085000038146973,10.100000381469727,10.0649995803833,10.100000381469727,26
2007-06-11,10.420000076293945,10.420000076293945,10.449999809265137,10.100000381469727,10.100000381469727,240
2007-06-12,10.75,10.75,10.744999885559082,10.345000267028809,10.359999656677246,965
2007-06-13,10.835000038146973,10.835000038146973,10.845000267028809,10.699999809265137,10.720000267028809,652
2007-06-14,10.744999885559082,10.744999885559082,10.949999809265137,10.725000381469727,10.8100004196167,379
2007-06-15,10.720000267028809,10.720000267028809,10.805000305175781,10.6899995803833,10.694999694824219,338
2007-06-18,10.8100004196167,10.8100004196167,10.829999923706055,10.609999656677246,10.710000038146973,562
2007-06-19,10.619999885559082,10.619999885559082,10.829999923706055,10.645000457763672,10.829999923706055,105
2007-06-20,10.760000228881836,10.760000228881836,10.78499984741211,10.649999618530273,10.649999618530273,164
2007-06-21,10.649999618530273,10.649999618530273,10.795000076293945,10.630000114440918,10.795000076293945,86
2007-06-22,10.640000343322754,10.640000343322754,10.6899995803833,10.600000381469727,10.614999771118164,390
2007-06-25,10.600000381469727,10.600000381469727,10.654999732971191,10.579999923706055,10.640000343322754,55
2007-06-26,10.569999694824219,10.569999694824219,10.600000381469727,10.244999885559082,10.600000381469727,210
2007-06-27,10.520000457763672,10.520000457763672,10.569999694824219,10.449999809265137,10.569999694824219,114
2007-06-28,10.600000381469727,10.600000381469727,10.600000381469727,10.5,10.5,386
2007-06-29,10.390000343322754,10.390000343322754,10.524999618530273,10.350000381469727,10.524999618530273,98
2007-07-02,10.329999923706055,10.329999923706055,10.359999656677246,10.329999923706055,10.359999656677246,67
2007-07-03,10.279999732971191,10.279999732971191,10.319999694824219,10.25,10.319999694824219,118
2007-07-05,10.300000190734863,10.300000190734863,10.300000190734863,10.300000190734863,10.300000190734863,12
2007-07-06,10.3100004196167,10.3100004196167,10.319999694824219,10.28499984741211,10.319999694824219,53
2007-07-09,10.319999694824219,10.319999694824219,10.319999694824219,10.270000457763672,10.270000457763672,57
2007-07-10,10.149999618530273,10.149999618530273,10.149999618530273,10.149999618530273,10.149999618530273,0
2007-07-11,10.140000343322754,10.140000343322754,10.140000343322754,10.140000343322754,10.140000343322754,0
2007-07-12,10.25,10.25,10.25,10.25,10.25,2
2007-07-13,10.130000114440918,10.130000114440918,10.149999618530273,10.135000228881836,10.149999618530273,307
2007-07-16,10.350000381469727,10.350000381469727,10.414999961853027,10.345000267028809,10.414999961853027,46
2007-07-17,10.15999984741211,10.15999984741211,10.335000038146973,10.170000076293945,10.335000038146973,466
2007-07-18,10.145000457763672,10.145000457763672,10.239999771118164,10.130000114440918,10.15999984741211,328
2007-07-19,10.40999984741211,10.40999984741211,10.479999542236328,10.180000305175781,10.180000305175781,81
2007-07-20,10.4399995803833,10.4399995803833,10.425000190734863,10.380000114440918,10.40999984741211,16
2007-07-23,10.350000381469727,10.350000381469727,10.4399995803833,10.1899995803833,10.4399995803833,55
2007-07-24,10.390000343322754,10.390000343322754,10.34000015258789,10.274999618530273,10.274999618530273,24
2007-07-25,10.390000343322754,10.390000343322754,10.460000038146973,10.390000343322754,10.4399995803833,50
2007-07-26,10.404999732971191,10.404999732971191,10.555000305175781,10.40999984741211,10.414999961853027,128
2007-07-27,10.329999923706055,10.329999923706055,10.420000076293945,10.345000267028809,10.399999618530273,310
2007-07-30,10.270000457763672,10.270000457763672,10.319999694824219,10.260000228881836,10.319999694824219,396
2007-07-31,10.425000190734863,10.425000190734863,10.414999961853027,10.260000228881836,10.270000457763672,371
2007-08-01,10.5649995803833,10.5649995803833,10.925000190734863,10.470000267028809,10.475000381469727,514
2007-08-02,10.5600004196167,10.5600004196167,10.640000343322754,10.539999961853027,10.5600004196167,61
2007-08-03,10.449999809265137,10.449999809265137,10.59000015258789,10.46500015258789,10.59000015258789,47
2007-08-06,10.5,10.5,10.444999694824219,10.329999923706055,10.350000381469727,42
2007-08-07,10.529999732971191,10.529999732971191,10.65999984741211,10.529999732971191,10.529999732971191,54
2007-08-08,10.520000457763672,10.520000457763672,10.574999809265137,10.524999618530273,10.529999732971191,50
2007-08-09,10.420000076293945,10.420000076293945,10.520000457763672,10.430000305175781,10.520000457763672,79
2007-08-10,10.399999618530273,10.399999618530273,10.46500015258789,10.420000076293945,10.4350004196167,20
2007-08-13,10.4399995803833,10.4399995803833,10.449999809265137,10.420000076293945,10.449999809265137,72
2007-08-14,10.5,10.5,10.529999732971191,10.489999771118164,10.489999771118164,88
2007-08-15,10.520000457763672,10.520000457763672,10.59000015258789,10.520000457763672,10.59000015258789,128
2007-08-16,10.289999961853027,10.289999961853027,10.46500015258789,10.210000038146973,10.460000038146973,467
2007-08-17,10.359999656677246,10.359999656677246,10.369999885559082,10.289999961853027,10.289999961853027,51
2007-08-20,10.359999656677246,10.359999656677246,10.399999618530273,10.350000381469727,10.359999656677246,231
2007-08-21,10.390000343322754,10.390000343322754,10.399999618530273,10.350000381469727,10.359999656677246,154
2007-08-22,10.5600004196167,10.5600004196167,10.635000228881836,10.369999885559082,10.369999885559082,686
2007-08-23,10.600000381469727,10.600000381469727,10.649999618530273,10.5600004196167,10.569999694824219,19
2007-08-24,10.609999656677246,10.609999656677246,10.609999656677246,10.579999923706055,10.609999656677246,561
2007-08-27,10.569999694824219,10.569999694824219,10.550000190734863,10.529999732971191,10.529999732971191,36
2007-08-28,10.489999771118164,10.489999771118164,10.550000190734863,10.520000457763672,10.520000457763672,191
2007-08-29,10.3100004196167,10.3100004196167,10.430000305175781,10.350000381469727,10.430000305175781,203
2007-08-30,10.6899995803833,10.6899995803833,10.779999732971191,10.300000190734863,10.300000190734863,227
2007-08-31,10.850000381469727,10.850000381469727,10.8100004196167,10.739999771118164,10.8100004196167,347
2007-09-04,11.029999732971191,11.029999732971191,11.100000381469727,10.899999618530273,10.989999771118164,37
2007-09-05,10.920000076293945,10.920000076293945,11.050000190734863,11.050000190734863,11.050000190734863,21
2007-09-06,10.829999923706055,10.829999923706055,10.75,10.75,10.75,17
2007-09-07,10.930000305175781,10.930000305175781,10.930000305175781,10.930000305175781,10.930000305175781,5
2007-09-10,11.079999923706055,11.079999923706055,11.079999923706055,11.079999923706055,11.079999923706055,0
2007-09-11,11.050000190734863,11.050000190734863,11.050000190734863,11.050000190734863,11.050000190734863,0
2007-09-12,11.0,11.0,11.0,11.0,11.0,0
2007-09-13,10.930000305175781,10.930000305175781,11.069999694824219,11.0649995803833,11.0649995803833,9
2007-09-14,10.989999771118164,10.989999771118164,10.989999771118164,10.989999771118164,10.989999771118164,119
2007-09-17,11.125,11.125,11.199999809265137,11.100000381469727,11.180000305175781,62
2007-09-18,11.3100004196167,11.3100004196167,11.3100004196167,11.125,11.125,280
2007-09-19,11.300000190734863,11.300000190734863,11.369999885559082,11.270000457763672,11.289999961853027,471
2007-09-20,11.430000305175781,11.430000305175781,11.4399995803833,11.270000457763672,11.300000190734863,369
2007-09-21,11.520000457763672,11.520000457763672,11.550000190734863,11.420000076293945,11.430000305175781,430
2007-09-24,11.494999885559082,11.494999885559082,11.550000190734863,11.420000076293945,11.520000457763672,519
2007-09-25,11.479999542236328,11.479999542236328,11.520000457763672,11.399999618530273,11.4399995803833,360
2007-09-26,11.600000381469727,11.600000381469727,11.619999885559082,11.479999542236328,11.479999542236328,599
2007-09-27,11.75,11.75,11.755000114440918,11.59000015258789,11.59000015258789,912
2007-09-28,11.729999542236328,11.729999542236328,11.734999656677246,11.569999694824219,11.710000038146973,685
2007-10-01,11.710000038146973,11.710000038146973,11.739999771118164,11.65999984741211,11.725000381469727,778
2007-10-02,11.569999694824219,11.569999694824219,11.710000038146973,11.515000343322754,11.6899995803833,445
2007-10-03,11.630000114440918,11.630000114440918,11.65999984741211,11.425000190734863,11.529999732971191,318
2007-10-04,11.670000076293945,11.670000076293945,11.770000457763672,11.619999885559082,11.635000228881836,575
2007-10-05,11.550000190734863,11.550000190734863,11.649999618530273,11.489999771118164,11.635000228881836,219
2007-10-08,11.729999542236328,11.729999542236328,11.800000190734863,11.5,11.5,778
2007-10-09,11.704999923706055,11.704999923706055,11.739999771118164,11.619999885559082,11.720000267028809,1221
2007-10-10,11.680000305175781,11.680000305175781,11.75,11.640000343322754,11.694999694824219,342
2007-10-11,11.720000267028809,11.720000267028809,11.720000267028809,11.640000343322754,11.649999618530273,149
2007-10-12,11.640000343322754,11.640000343322754,11.779999732971191,11.595000267028809,11.720000267028809,480
2007-10-15,11.529999732971191,11.529999732971191,11.710000038146973,11.5,11.645000457763672,526
2007-10-16,11.399999618530273,11.399999618530273,11.529999732971191,11.390000343322754,11.529999732971191,823
2007-10-17,11.460000038146973,11.460000038146973,11.494999885559082,11.390000343322754,11.420000076293945,310
2007-10-18,11.550000190734863,11.550000190734863,11.710000038146973,11.4399995803833,11.4399995803833,787
2007-10-19,11.649999618530273,11.649999618530273,11.670000076293945,11.539999961853027,11.539999961853027,157
2007-10-22,11.5600004196167,11.5600004196167,11.649999618530273,11.494999885559082,11.579999923706055,307
2007-10-23,11.520000457763672,11.520000457763672,11.600000381469727,11.460000038146973,11.53499984741211,412
2007-10-24,11.5600004196167,11.5600004196167,11.609999656677246,11.5,11.539999961853027,287
2007-10-25,11.600000381469727,11.600000381469727,11.600000381469727,11.550000190734863,11.600000381469727,301
2007-10-26,11.649999618530273,11.649999618530273,11.649999618530273,11.579999923706055,11.609999656677246,285
2007-10-29,11.585000038146973,11.585000038146973,11.664999961853027,11.550000190734863,11.649999618530273,761
2007-10-30,11.539999961853027,11.539999961853027,11.614999771118164,11.529999732971191,11.59000015258789,1325
2007-10-31,11.850000381469727,11.850000381469727,11.920000076293945,11.600000381469727,11.600000381469727,483
2007-11-01,11.850000381469727,11.850000381469727,11.869999885559082,11.84000015258789,11.869999885559082,66
2007-11-02,12.199999809265137,12.199999809265137,12.175000190734863,12.149999618530273,12.175000190734863,293
2007-11-05,12.350000381469727,12.350000381469727,12.279999732971191,12.279999732971191,12.279999732971191,58
2007-11-06,12.529999732971191,12.529999732971191,12.479999542236328,12.324999809265137,12.324999809265137,7
2007-11-07,12.359999656677246,12.359999656677246,12.420000076293945,12.354999542236328,12.420000076293945,4
2007-11-08,12.550000190734863,12.550000190734863,12.574999809265137,12.414999961853027,12.414999961853027,3
2007-11-09,12.550000190734863,12.550000190734863,12.574999809265137,12.5,12.574999809265137,4
2007-11-12,12.399999618530273,12.399999618530273,12.399999618530273,12.399999618530273,12.399999618530273,10
2007-11-13,12.5,12.5,12.5,12.5,12.5,10
2007-11-14,12.5,12.5,12.5,12.5,12.5,212
2007-11-15,12.890000343322754,12.890000343322754,12.90999984741211,12.800000190734863,12.850000381469727,350
2007-11-16,12.970000267028809,12.970000267028809,12.994999885559082,12.800000190734863,12.890000343322754,340
2007-11-19,13.050000190734863,13.050000190734863,13.095000267028809,12.90999984741211,12.984999656677246,283
2007-11-20,12.970000267028809,12.970000267028809,13.050000190734863,12.949999809265137,13.010000228881836,232
2007-11-21,13.069999694824219,13.069999694824219,13.109999656677246,12.970000267028809,12.970000267028809,365
2007-11-23,13.305000305175781,13.305000305175781,13.364999771118164,13.069999694824219,13.109999656677246,403
2007-11-26,13.210000038146973,13.210000038146973,13.489999771118164,13.175000190734863,13.305000305175781,358
2007-11-27,13.079999923706055,13.079999923706055,13.194999694824219,13.010000228881836,13.194999694824219,412
2007-11-28,12.944999694824219,12.944999694824219,13.140000343322754,12.920000076293945,13.109999656677246,351
2007-11-29,12.970000267028809,12.970000267028809,13.095000267028809,12.875,12.949999809265137,1072
2007-11-30,12.869999885559082,12.869999885559082,12.989999771118164,12.854999542236328,12.949999809265137,779
2007-12-03,12.954999923706055,12.954999923706055,12.979999542236328,12.829999923706055,12.899999618530273,466
2007-12-04,13.039999961853027,13.039999961853027,13.029999732971191,12.899999618530273,12.979999542236328,239
2007-12-05,13.100000381469727,13.100000381469727,13.170000076293945,13.039999961853027,13.039999961853027,171
2007-12-06,13.210000038146973,13.210000038146973,13.199999809265137,13.079999923706055,13.130000114440918,943
2007-12-07,13.380000114440918,13.380000114440918,13.369999885559082,13.154999732971191,13.220000267028809,343
2007-12-10,13.3100004196167,13.3100004196167,13.484999656677246,13.225000381469727,13.380000114440918,249
2007-12-11,13.260000228881836,13.260000228881836,13.34000015258789,13.074999809265137,13.3100004196167,835
2007-12-12,13.279999732971191,13.279999732971191,13.279999732971191,13.109999656677246,13.220000267028809,140
2007-12-13,13.180000305175781,13.180000305175781,13.25,13.109999656677246,13.25,645
2007-12-14,13.125,13.125,13.175000190734863,13.074999809265137,13.149999618530273,698
2007-12-17,13.220000267028809,13.220000267028809,13.59000015258789,13.079999923706055,13.100000381469727,685
2007-12-18,13.229999542236328,13.229999542236328,13.300000190734863,13.109999656677246,13.300000190734863,541
2007-12-19,13.34000015258789,13.34000015258789,13.369999885559082,13.265000343322754,13.265000343322754,310
2007-12-20,13.399999618530273,13.399999618530273,13.395000457763672,13.100000381469727,13.385000228881836,1024
2007-12-21,13.550000190734863,13.550000190734863,13.5600004196167,13.40999984741211,13.40999984741211,337
2007-12-24,13.479999542236328,13.479999542236328,13.520000457763672,13.4399995803833,13.489999771118164,186
2007-12-26,13.5600004196167,13.5600004196167,13.574999809265137,13.529999732971191,13.539999961853027,430
2007-12-27,13.510000228881836,13.510000228881836,13.579999923706055,13.489999771118164,13.545000076293945,726
2007-12-28,13.649999618530273,13.649999618530273,13.739999771118164,13.460000038146973,13.5,793
2007-12-31,13.550000190734863,13.550000190734863,13.640000343322754,13.5600004196167,13.5600004196167,497
2008-01-02,13.960000038146973,13.960000038146973,13.949999809265137,13.630000114440918,13.630000114440918,16
2008-01-03,13.949999809265137,13.949999809265137,14.244999885559082,13.90999984741211,14.204999923706055,22
2008-01-04,14.005000114440918,14.005000114440918,13.989999771118164,13.854999542236328,13.949999809265137,29
2008-01-07,13.9399995803833,13.9399995803833,13.925000190734863,13.869999885559082,13.925000190734863,42
2008-01-08,14.300000190734863,14.300000190734863,14.170000076293945,14.130000114440918,14.130000114440918,4
2008-01-09,14.199999809265137,14.199999809265137,14.199999809265137,14.199999809265137,14.199999809265137,6
2008-01-10,14.350000381469727,14.350000381469727,14.170000076293945,14.170000076293945,14.170000076293945,1
2008-01-11,14.260000228881836,14.260000228881836,14.34000015258789,14.34000015258789,14.34000015258789,1
2008-01-14,14.260000228881836,14.260000228881836,14.34000015258789,14.34000015258789,14.34000015258789,286
2008-01-15,14.380000114440918,14.380000114440918,14.579999923706055,14.300000190734863,14.470000267028809,286
2008-01-16,14.154999732971191,14.154999732971191,14.380000114440918,13.899999618530273,14.375,286
2008-01-17,14.140000343322754,14.140000343322754,14.369999885559082,14.119999885559082,14.180000305175781,286
2008-01-18,14.270000457763672,14.270000457763672,14.289999961853027,14.050000190734863,14.130000114440918,874
2008-01-22,14.119999885559082,14.119999885559082,14.270000457763672,13.979999542236328,14.199999809265137,931
2008-01-23,14.029999732971191,14.029999732971191,14.270000457763672,14.029999732971191,14.119999885559082,426
2008-01-24,14.289999961853027,14.289999961853027,14.345000267028809,14.055000305175781,14.09000015258789,554
2008-01-25,14.550000190734863,14.550000190734863,14.550000190734863,14.300000190734863,14.3100004196167,1079
2008-01-28,14.574999809265137,14.574999809265137,14.6850004196167,14.425000190734863,14.545000076293945,279
2008-01-29,14.59000015258789,14.59000015258789,14.680000305175781,14.5,14.569999694824219,868
2008-01-30,14.619999885559082,14.619999885559082,14.649999618530273,14.470000267028809,14.579999923706055,1514
2008-01-31,14.819999694824219,14.819999694824219,14.829999923706055,14.630000114440918,14.630000114440918,1484
2008-02-01,15.170000076293945,15.170000076293945,15.279999732971191,14.829999923706055,14.850000381469727,1910
2008-02-04,15.100000381469727,15.100000381469727,15.204999923706055,15.010000228881836,15.145000457763672,1296
2008-02-05,15.0649995803833,15.0649995803833,15.180000305175781,15.020000457763672,15.180000305175781,516
2008-02-06,15.420000076293945,15.420000076293945,15.5600004196167,15.100000381469727,15.100000381469727,962
2008-02-07,15.350000381469727,15.350000381469727,15.444999694824219,15.180000305175781,15.399999618530273,363
2008-02-08,15.649999618530273,15.649999618530273,15.774999618530273,15.319999694824219,15.369999885559082,873
2008-02-11,15.510000228881836,15.510000228881836,15.760000228881836,15.510000228881836,15.699999809265137,376
2008-02-12,15.600000381469727,15.600000381469727,15.649999618530273,15.454999923706055,15.505000114440918,488
2008-02-13,15.949999809265137,15.949999809265137,15.989999771118164,15.600000381469727,15.635000228881836,1013
2008-02-14,16.270000457763672,16.270000457763672,16.309999465942383,15.949999809265137,15.949999809265137,648
2008-02-15,16.190000534057617,16.190000534057617,16.350000381469727,16.065000534057617,16.260000228881836,1463
2008-02-19,16.34000015258789,16.34000015258789,16.399999618530273,16.09000015258789,16.104999542236328,2336
2008-02-20,16.329999923706055,16.329999923706055,16.364999771118164,16.149999618530273,16.260000228881836,1189
2008-02-21,16.764999389648438,16.764999389648438,16.764999389648438,16.329999923706055,16.329999923706055,3325
2008-02-22,16.65999984741211,16.65999984741211,16.989999771118164,16.264999389648438,16.760000228881836,1186
2008-02-25,16.975000381469727,16.975000381469727,17.06999969482422,16.510000228881836,16.579999923706055,1119
2008-02-26,17.040000915527344,17.040000915527344,17.014999389648438,16.75,16.954999923706055,1489
2008-02-27,17.06999969482422,17.06999969482422,17.049999237060547,16.850000381469727,17.049999237060547,1183
2008-02-28,17.299999237060547,17.299999237060547,17.264999389648438,16.979999542236328,17.094999313354492,2161
2008-02-29,18.0,18.0,17.420000076293945,17.219999313354492,17.295000076293945,129
2008-03-03,18.270000457763672,18.270000457763672,18.270000457763672,17.65999984741211,17.65999984741211,16
2008-03-04,17.75,17.75,18.040000915527344,17.75,18.040000915527344,98
2008-03-05,17.899999618530273,17.899999618530273,17.899999618530273,17.899999618530273,17.899999618530273,5
2008-03-06,17.790000915527344,17.790000915527344,18.110000610351562,17.780000686645508,18.110000610351562,2
2008-03-07,17.309999465942383,17.309999465942383,17.479999542236328,17.450000762939453,17.454999923706055,18
2008-03-10,17.75,17.75,17.75,17.110000610351562,17.110000610351562,5
2008-03-11,18.5,18.5,18.5,18.5,18.5,11
2008-03-12,18.950000762939453,18.950000762939453,18.950000762939453,18.950000762939453,18.950000762939453,4
2008-03-13,19.0,19.0,19.549999237060547,19.25,19.25,8
2008-03-14,18.299999237060547,18.299999237060547,18.299999237060547,18.299999237060547,18.299999237060547,792
2008-03-17,17.93000030517578,17.93000030517578,18.799999237060547,17.93000030517578,18.325000762939453,818
2008-03-18,18.43000030517578,18.43000030517578,18.43000030517578,17.84000015258789,17.844999313354492,447
2008-03-19,18.024999618530273,18.024999618530273,18.93000030517578,17.940000534057617,18.645000457763672,1184
2008-03-20,18.03499984741211,18.03499984741211,18.114999771118164,17.649999618530273,18.0,908
2008-03-24,18.53499984741211,18.53499984741211,18.53499984741211,18.165000915527344,18.170000076293945,214
2008-03-25,19.03499984741211,19.03499984741211,19.03499984741211,18.889999389648438,19.0,539
2008-03-26,19.219999313354492,19.219999313354492,19.530000686645508,18.739999771118164,19.094999313354492,826
2008-03-27,19.30500030517578,19.30500030517578,19.4950008392334,19.219999313354492,19.299999237060547,857
2008-03-28,19.674999237060547,19.674999237060547,19.80500030517578,19.399999618530273,19.399999618530273,1799
2008-03-31,19.690000534057617,19.690000534057617,20.174999237060547,19.670000076293945,19.799999237060547,2211
2008-04-01,19.290000915527344,19.290000915527344,19.93000030517578,19.190000534057617,19.795000076293945,1374
2008-04-02,19.790000915527344,19.790000915527344,19.790000915527344,19.049999237060547,19.149999618530273,640
2008-04-03,20.200000762939453,20.200000762939453,20.350000381469727,20.0,20.0,597
2008-04-04,20.5,20.5,20.459999084472656,20.145000457763672,20.170000076293945,454
2008-04-07,21.0,21.0,21.0,20.649999618530273,20.68000030517578,727
2008-04-08,20.479999542236328,20.479999542236328,21.600000381469727,20.25,21.21500015258789,930
2008-04-09,20.700000762939453,20.700000762939453,20.915000915527344,20.0,20.479999542236328,1407
2008-04-10,21.104999542236328,21.104999542236328,21.18000030517578,20.600000381469727,20.979999542236328,944
2008-04-11,20.920000076293945,20.920000076293945,21.299999237060547,20.75,21.094999313354492,946
2008-04-14,21.420000076293945,21.420000076293945,21.420000076293945,20.774999618530273,20.950000762939453,529
2008-04-15,22.170000076293945,22.170000076293945,22.170000076293945,21.520000457763672,21.700000762939453,843
2008-04-16,22.549999237060547,22.549999237060547,22.844999313354492,22.030000686645508,22.600000381469727,760
2008-04-17,23.299999237060547,23.299999237060547,23.299999237060547,22.5,22.674999237060547,952
2008-04-18,23.709999084472656,23.709999084472656,24.354999542236328,23.0,23.8799991607666,1002
2008-04-21,23.350000381469727,23.350000381469727,24.280000686645508,23.1200008392334,24.0,1323
2008-04-22,23.850000381469727,23.850000381469727,23.850000381469727,23.344999313354492,23.350000381469727,767
2008-04-23,24.459999084472656,24.459999084472656,24.4950008392334,24.0,24.18000030517578,630
2008-04-24,23.959999084472656,23.959999084472656,24.684999465942383,23.959999084472656,24.350000381469727,1218
2008-04-25,23.799999237060547,23.799999237060547,23.93000030517578,23.219999313354492,23.93000030517578,789
2008-04-28,23.299999237060547,23.299999237060547,24.200000762939453,23.299999237060547,24.0,1407
2008-04-29,22.59000015258789,22.59000015258789,23.149999618530273,21.594999313354492,22.934999465942383,2386
2008-04-30,21.479999542236328,21.479999542236328,22.25,21.040000915527344,22.014999389648438,472
2008-05-01,20.354999542236328,20.354999542236328,21.80500030517578,20.719999313354492,21.459999084472656,384
2008-05-02,20.549999237060547,20.549999237060547,20.739999771118164,20.264999389648438,20.440000534057617,120
2008-05-05,20.719999313354492,20.719999313354492,20.93000030517578,20.389999389648438,20.395000457763672,90
2008-05-06,20.81999969482422,20.81999969482422,20.989999771118164,20.71500015258789,20.71500015258789,27
2008-05-07,21.549999237060547,21.549999237060547,21.649999618530273,21.600000381469727,21.600000381469727,17
2008-05-08,22.5,22.5,22.5049991607666,22.43000030517578,22.43000030517578,11
2008-05-09,22.690000534057617,22.690000534057617,23.0,21.790000915527344,22.65999984741211,18
2008-05-12,22.440000534057617,22.440000534057617,23.059999465942383,22.149999618530273,22.790000915527344,7
2008-05-13,22.0,22.0,22.225000381469727,22.0,22.225000381469727,4
2008-05-14,21.389999389648438,21.389999389648438,22.0,21.389999389648438,21.75,605
2008-05-15,20.34000015258789,20.34000015258789,21.09000015258789,20.34000015258789,21.09000015258789,1125
2008-05-16,20.065000534057617,20.065000534057617,20.665000915527344,19.31999969482422,19.93000030517578,1356
2008-05-19,20.299999237060547,20.299999237060547,20.399999618530273,19.510000228881836,20.079999923706055,736
2008-05-20,20.329999923706055,20.329999923706055,20.575000762939453,20.25,20.299999237060547,480
2008-05-21,20.530000686645508,20.530000686645508,20.530000686645508,20.030000686645508,20.299999237060547,451
2008-05-22,20.850000381469727,20.850000381469727,21.030000686645508,20.510000228881836,20.584999084472656,549
2008-05-23,20.350000381469727,20.350000381469727,20.81999969482422,20.350000381469727,20.739999771118164,899
2008-05-27,19.600000381469727,19.600000381469727,20.145000457763672,19.600000381469727,20.145000457763672,366
2008-05-28,18.450000762939453,18.450000762939453,19.145000457763672,18.450000762939453,18.78499984741211,1628
2008-05-29,18.850000381469727,18.850000381469727,19.549999237060547,17.700000762939453,18.209999084472656,2922
2008-05-30,19.100000381469727,19.100000381469727,19.440000534057617,18.645000457763672,18.854999542236328,1060
2008-06-02,18.799999237060547,18.799999237060547,19.239999771118164,18.75,19.104999542236328,928
2008-06-03,19.110000610351562,19.110000610351562,19.149999618530273,18.899999618530273,18.899999618530273,336
2008-06-04,18.610000610351562,18.610000610351562,19.190000534057617,18.610000610351562,18.9950008392334,396
2008-06-05,19.360000610351562,19.360000610351562,19.360000610351562,18.200000762939453,18.329999923706055,708
2008-06-06,19.959999084472656,19.959999084472656,20.31999969482422,19.21500015258789,19.834999084472656,1155
2008-06-09,19.920000076293945,19.920000076293945,20.399999618530273,19.774999618530273,19.959999084472656,481
2008-06-10,19.420000076293945,19.420000076293945,20.0,19.420000076293945,19.770000457763672,289
2008-06-11,19.93000030517578,19.93000030517578,20.15999984741211,19.5,19.760000228881836,282
2008-06-12,19.799999237060547,19.799999237060547,20.329999923706055,19.760000228881836,19.93000030517578,302
2008-06-13,20.299999237060547,20.299999237060547,20.299999237060547,19.80500030517578,19.850000381469727,397
2008-06-16,20.65999984741211,20.65999984741211,20.850000381469727,20.274999618530273,20.299999237060547,582
2008-06-17,20.299999237060547,20.299999237060547,20.815000534057617,20.260000228881836,20.815000534057617,826
2008-06-18,20.299999237060547,20.299999237060547,20.780000686645508,20.290000915527344,20.30500030517578,514
2008-06-19,20.0,20.0,20.649999618530273,20.1200008392334,20.489999771118164,792
2008-06-20,20.030000686645508,20.030000686645508,20.270000457763672,20.020000457763672,20.104999542236328,345
2008-06-23,20.3700008392334,20.3700008392334,20.44499969482422,20.040000915527344,20.114999771118164,228
2008-06-24,19.8700008392334,19.8700008392334,20.5,19.8700008392334,20.424999237060547,842
2008-06-25,19.459999084472656,19.459999084472656,19.674999237060547,19.1200008392334,19.540000915527344,1267
2008-06-26,19.0,19.0,19.600000381469727,18.959999084472656,19.510000228881836,1861
2008-06-27,18.690000534057617,18.690000534057617,19.100000381469727,18.260000228881836,19.0,1256
2008-06-30,20.209999084472656,20.209999084472656,20.149999618530273,18.700000762939453,18.780000686645508,415
2008-07-01,20.209999084472656,20.209999084472656,20.06999969482422,19.40999984741211,20.049999237060547,210
2008-07-02,20.5,20.5,20.75,20.0,20.450000762939453,127
2008-07-03,20.799999237060547,20.799999237060547,20.799999237060547,20.25,20.389999389648438,73
2008-07-07,20.600000381469727,20.600000381469727,20.450000762939453,19.93000030517578,20.450000762939453,475
2008-07-08,19.690000534057617,19.690000534057617,19.989999771118164,19.510000228881836,19.799999237060547,246
2008-07-09,20.309999465942383,20.309999465942383,20.420000076293945,19.5,19.6200008392334,80
2008-07-10,20.950000762939453,20.950000762939453,20.950000762939453,20.100000381469727,20.309999465942383,275
2008-07-11,19.799999237060547,19.799999237060547,20.100000381469727,19.799999237060547,20.100000381469727,5
2008-07-14,19.940000534057617,19.940000534057617,20.200000762939453,20.045000076293945,20.045000076293945,268
2008-07-15,17.799999237060547,17.799999237060547,17.940000534057617,17.709999084472656,17.899999618530273,147
2008-07-16,17.799999237060547,17.799999237060547,17.920000076293945,17.604999542236328,17.809999465942383,180
2008-07-17,17.829999923706055,17.829999923706055,18.040000915527344,17.700000762939453,17.850000381469727,176
2008-07-18,17.799999237060547,17.799999237060547,18.0,17.639999389648438,17.75,302
2008-07-21,17.610000610351562,17.610000610351562,17.90999984741211,17.600000381469727,17.899999618530273,267
2008-07-22,17.270000457763672,17.270000457763672,17.6299991607666,17.204999923706055,17.59000015258789,422
2008-07-23,16.770000457763672,16.770000457763672,17.309999465942383,16.770000457763672,17.225000381469727,409
2008-07-24,16.670000076293945,16.670000076293945,16.774999618530273,16.510000228881836,16.670000076293945,648
2008-07-25,16.719999313354492,16.719999313354492,16.799999237060547,16.520000457763672,16.670000076293945,484
2008-07-28,16.799999237060547,16.799999237060547,17.21500015258789,16.670000076293945,16.729999542236328,758
2008-07-29,16.6299991607666,16.6299991607666,16.860000610351562,16.5,16.860000610351562,667
2008-07-30,16.625,16.625,16.850000381469727,16.524999618530273,16.579999923706055,826
2008-07-31,16.579999923706055,16.579999923706055,16.829999923706055,16.5,16.584999084472656,950
2008-08-01,16.360000610351562,16.360000610351562,16.690000534057617,16.364999771118164,16.600000381469727,1017
2008-08-04,16.049999237060547,16.049999237060547,16.459999084472656,16.030000686645508,16.3700008392334,957
2008-08-05,16.200000762939453,16.200000762939453,16.329999923706055,16.020000457763672,16.020000457763672,416
2008-08-06,15.880000114440918,15.880000114440918,16.219999313354492,15.869999885559082,16.219999313354492,401
2008-08-07,16.1200008392334,16.1200008392334,16.21500015258789,15.885000228881836,15.925000190734863,198
2008-08-08,15.960000038146973,15.960000038146973,16.19499969482422,15.899999618530273,16.149999618530273,217
2008-08-11,16.25,16.25,16.459999084472656,16.0,16.065000534057617,185
2008-08-12,16.020000457763672,16.020000457763672,16.270000457763672,15.850000381469727,16.25,314
2008-08-13,16.520000457763672,16.520000457763672,16.520000457763672,15.829999923706055,15.979999542236328,284
2008-08-14,16.1200008392334,16.1200008392334,16.6200008392334,15.930000305175781,16.510000228881836,281
2008-08-15,16.15999984741211,16.15999984741211,16.200000762939453,15.904999732971191,16.18000030517578,468
2008-08-18,16.655000686645508,16.655000686645508,16.65999984741211,16.049999237060547,16.31999969482422,276
2008-08-19,17.155000686645508,17.155000686645508,17.155000686645508,16.424999237060547,16.645000457763672,434
2008-08-20,17.549999237060547,17.549999237060547,17.799999237060547,17.30500030517578,17.30500030517578,374
2008-08-21,18.049999237060547,18.049999237060547,18.049999237060547,17.56999969482422,17.594999313354492,353
2008-08-22,18.0,18.0,18.09000015258789,17.375,18.084999084472656,215
2008-08-25,18.25,18.25,18.3700008392334,18.06999969482422,18.06999969482422,176
2008-08-26,18.469999313354492,18.469999313354492,18.469999313354492,18.049999237060547,18.299999237060547,477
2008-08-27,18.34000015258789,18.34000015258789,18.719999313354492,18.34000015258789,18.514999389648438,423
2008-08-28,18.290000915527344,18.290000915527344,18.389999389648438,18.219999313354492,18.334999084472656,448
2008-08-29,18.899999618530273,18.899999618530273,18.8799991607666,18.440000534057617,18.440000534057617,357
2008-09-02,18.149999618530273,18.149999618530273,18.395000457763672,18.200000762939453,18.3799991607666,48
2008-09-03,18.440000534057617,18.440000534057617,18.549999237060547,18.225000381469727,18.280000686645508,466
2008-09-04,18.760000228881836,18.760000228881836,18.959999084472656,18.399999618530273,18.399999618530273,105
2008-09-05,18.899999618530273,18.899999618530273,19.020000457763672,18.71500015258789,18.71500015258789,77
2008-09-08,19.450000762939453,19.450000762939453,19.600000381469727,19.100000381469727,19.100000381469727,293
2008-09-09,18.809999465942383,18.809999465942383,19.559999465942383,19.110000610351562,19.110000610351562,245
2008-09-10,18.950000762939453,18.950000762939453,19.155000686645508,18.799999237060547,18.799999237060547,201
2008-09-11,19.389999389648438,19.389999389648438,19.25,19.25,19.25,169
2008-09-12,19.200000762939453,19.200000762939453,19.540000915527344,19.084999084472656,19.469999313354492,539
2008-09-15,19.03499984741211,19.03499984741211,19.34000015258789,18.579999923706055,19.100000381469727,535
2008-09-16,18.53499984741211,18.53499984741211,19.024999618530273,18.53499984741211,18.989999771118164,497
2008-09-17,18.670000076293945,18.670000076293945,18.934999465942383,18.360000610351562,18.405000686645508,370
2008-09-18,18.799999237060547,18.799999237060547,19.170000076293945,18.440000534057617,18.670000076293945,488
2008-09-19,19.209999084472656,19.209999084472656,19.299999237060547,18.80500030517578,18.80500030517578,606
2008-09-22,19.709999084472656,19.709999084472656,19.709999084472656,19.46500015258789,19.479999542236328,253
2008-09-23,20.040000915527344,20.040000915527344,20.09000015258789,19.71500015258789,19.850000381469727,835
2008-09-24,19.790000915527344,19.790000915527344,20.440000534057617,19.540000915527344,20.0,1064
2008-09-25,20.18000030517578,20.18000030517578,20.184999465942383,19.645000457763672,19.850000381469727,614
2008-09-26,19.885000228881836,19.885000228881836,20.200000762939453,19.850000381469727,20.155000686645508,536
2008-09-29,19.395000457763672,19.395000457763672,19.875,19.385000228881836,19.875,1150
2008-09-30,18.895000457763672,18.895000457763672,19.385000228881836,18.895000457763672,19.290000915527344,808
2008-10-01,18.334999084472656,18.334999084472656,19.079999923706055,18.290000915527344,18.690000534057617,1448
2008-10-02,17.844999313354492,17.844999313354492,18.649999618530273,17.834999084472656,18.309999465942383,915
2008-10-03,18.344999313354492,18.344999313354492,18.344999313354492,17.829999923706055,17.844999313354492,378
2008-10-06,17.639999389648438,17.639999389648438,18.899999618530273,17.594999313354492,18.399999618530273,628
2008-10-07,17.700000762939453,17.700000762939453,17.799999237060547,17.315000534057617,17.665000915527344,437
2008-10-08,17.299999237060547,17.299999237060547,18.110000610351562,17.290000915527344,17.649999618530273,565
2008-10-09,16.864999771118164,16.864999771118164,17.53499984741211,16.860000610351562,17.350000381469727,976
2008-10-10,16.375,16.375,16.979999542236328,16.364999771118164,16.875,951
2008-10-13,16.2549991607666,16.2549991607666,16.670000076293945,16.21500015258789,16.270000457763672,359
2008-10-14,15.805000305175781,15.805000305175781,16.149999618530273,15.765000343322754,16.149999618530273,753
2008-10-15,15.350000381469727,15.350000381469727,15.885000228881836,15.3100004196167,15.65999984741211,547
2008-10-16,15.414999961853027,15.414999961853027,15.444999694824219,14.850000381469727,15.350000381469727,591
2008-10-17,15.225000381469727,15.225000381469727,15.550000190734863,15.170000076293945,15.449999809265137,501
2008-10-20,15.114999771118164,15.114999771118164,15.449999809265137,15.03499984741211,15.180000305175781,369
2008-10-21,15.020000457763672,15.020000457763672,15.395000457763672,14.914999961853027,15.069999694824219,427
2008-10-22,14.625,14.625,15.135000228881836,14.5600004196167,15.050000190734863,472
2008-10-23,14.704999923706055,14.704999923706055,14.960000038146973,14.479999542236328,14.619999885559082,426
2008-10-24,14.414999961853027,14.414999961853027,14.989999771118164,14.395000457763672,14.944999694824219,450
2008-10-27,14.619999885559082,14.619999885559082,14.755000114440918,14.3100004196167,14.444999694824219,613
2008-10-28,14.880000114440918,14.880000114440918,15.119999885559082,14.720000267028809,14.75,535
2008-10-29,15.380000114440918,15.380000114440918,15.380000114440918,14.920000076293945,15.100000381469727,354
2008-10-30,15.289999961853027,15.289999961853027,15.640000343322754,15.069999694824219,15.454999923706055,722
2008-10-31,15.045000076293945,15.045000076293945,15.324999809265137,14.954999923706055,15.25,386
2008-11-03,15.145000457763672,15.145000457763672,15.420000076293945,15.03499984741211,15.109999656677246,126
2008-11-04,15.699999809265137,15.699999809265137,15.8100004196167,15.010000228881836,15.085000038146973,59
2008-11-05,15.59000015258789,15.59000015258789,15.6899995803833,15.5,15.5,49
2008-11-06,15.239999771118164,15.239999771118164,15.5,15.199999809265137,15.5,156
2008-11-07,15.170000076293945,15.170000076293945,15.199999809265137,14.864999771118164,15.119999885559082,140
2008-11-10,15.104999542236328,15.104999542236328,15.420000076293945,14.949999809265137,15.420000076293945,92
2008-11-11,14.760000228881836,14.760000228881836,14.9399995803833,14.6850004196167,14.9399995803833,110
2008-11-12,14.1899995803833,14.1899995803833,14.300000190734863,14.100000381469727,14.244999885559082,169
2008-11-13,14.21500015258789,14.21500015258789,14.21500015258789,13.699999809265137,14.0,145
2008-11-14,14.3149995803833,14.3149995803833,14.75,14.069999694824219,14.350000381469727,522
2008-11-17,14.020000457763672,14.020000457763672,14.399999618530273,13.90999984741211,14.399999618530273,145
2008-11-18,13.885000228881836,13.885000228881836,14.15999984741211,13.755000114440918,13.9399995803833,741
2008-11-19,13.744999885559082,13.744999885559082,14.020000457763672,13.600000381469727,13.779999732971191,366
2008-11-20,13.414999961853027,13.414999961853027,13.744999885559082,13.3149995803833,13.744999885559082,311
2008-11-21,13.3149995803833,13.3149995803833,13.390000343322754,13.109999656677246,13.319999694824219,375
2008-11-24,13.8100004196167,13.8100004196167,13.8149995803833,13.114999771118164,13.229999542236328,287
2008-11-25,13.494999885559082,13.494999885559082,14.03499984741211,13.489999771118164,13.829999923706055,296
2008-11-26,13.595000267028809,13.595000267028809,13.829999923706055,13.140000343322754,13.145000457763672,237
2008-11-28,13.210000038146973,13.210000038146973,13.960000038146973,13.130000114440918,13.6899995803833,325
2008-12-01,13.0600004196167,13.0600004196167,13.375,12.869999885559082,13.210000038146973,569
2008-12-02,12.989999771118164,12.989999771118164,13.199999809265137,12.770000457763672,13.0,491
2008-12-03,13.204999923706055,13.204999923706055,13.319999694824219,12.895000457763672,13.074999809265137,634
2008-12-04,13.6899995803833,13.6899995803833,13.704999923706055,13.220000267028809,13.420000076293945,581
2008-12-05,14.130000114440918,14.130000114440918,14.1899995803833,13.25,13.699999809265137,882
2008-12-08,14.489999771118164,14.489999771118164,14.630000114440918,14.050000190734863,14.130000114440918,495
2008-12-09,14.34000015258789,14.34000015258789,14.829999923706055,14.069999694824219,14.59000015258789,349
2008-12-10,14.079999923706055,14.079999923706055,14.319999694824219,13.960000038146973,14.25,247
2008-12-11,14.550000190734863,14.550000190734863,14.5600004196167,13.979999542236328,14.03499984741211,352
2008-12-12,14.895000457763672,14.895000457763672,14.925000190734863,14.15999984741211,14.5600004196167,265
2008-12-15,15.045000076293945,15.045000076293945,15.149999618530273,14.895000457763672,14.96500015258789,241
2008-12-16,15.109999656677246,15.109999656677246,15.199999809265137,14.949999809265137,15.050000190734863,138
2008-12-17,14.979999542236328,14.979999542236328,15.324999809265137,14.65999984741211,15.199999809265137,424
2008-12-18,15.0,15.0,14.994999885559082,14.550000190734863,14.885000228881836,140
2008-12-19,14.885000228881836,14.885000228881836,14.984999656677246,14.630000114440918,14.800000190734863,101
2008-12-22,15.119999885559082,15.119999885559082,15.194999694824219,14.5600004196167,14.680000305175781,334
2008-12-23,15.114999771118164,15.114999771118164,15.1899995803833,15.0,15.140000343322754,300
2008-12-24,15.135000228881836,15.135000228881836,15.130000114440918,14.899999618530273,15.0,69
2008-12-26,15.095000267028809,15.095000267028809,15.350000381469727,15.100000381469727,15.119999885559082,121
2008-12-29,15.430000305175781,15.430000305175781,15.595000267028809,15.300000190734863,15.300000190734863,343
2008-12-30,15.375,15.375,15.805000305175781,15.239999771118164,15.805000305175781,257
2008-12-31,15.34000015258789,15.34000015258789,15.475000381469727,15.050000190734863,15.274999618530273,70
2009-01-02,15.295000076293945,15.295000076293945,15.539999961853027,15.140000343322754,15.324999809265137,105
2009-01-05,15.079999923706055,15.079999923706055,15.130000114440918,14.789999961853027,14.90999984741211,23
2009-01-06,15.0,15.0,15.234999656677246,14.654999732971191,15.010000228881836,301
2009-01-07,14.869999885559082,14.869999885559082,15.145000457763672,14.850000381469727,15.0,145
2009-01-08,14.800000190734863,14.800000190734863,15.119999885559082,14.800000190734863,14.949999809265137,102
2009-01-09,15.079999923706055,15.079999923706055,15.0,14.960000038146973,14.984999656677246,17
2009-01-12,14.5600004196167,14.5600004196167,15.079999923706055,14.529999732971191,15.079999923706055,19
2009-01-13,13.710000038146973,13.710000038146973,14.050000190734863,14.050000190734863,14.050000190734863,2
2009-01-14,13.829999923706055,13.829999923706055,13.800000190734863,13.800000190734863,13.800000190734863,326
2009-01-15,13.510000228881836,13.510000228881836,13.65999984741211,13.3149995803833,13.449999809265137,347
2009-01-16,13.645000457763672,13.645000457763672,13.75,13.510000228881836,13.510000228881836,374
2009-01-20,13.145000457763672,13.145000457763672,13.890000343322754,13.145000457763672,13.649999618530273,566
2009-01-21,13.024999618530273,13.024999618530273,13.164999961853027,12.75,13.09000015258789,470
2009-01-22,12.694999694824219,12.694999694824219,12.994999885559082,12.664999961853027,12.994999885559082,659
2009-01-23,12.75,12.75,12.890000343322754,12.600000381469727,12.65999984741211,582
2009-01-26,12.454999923706055,12.454999923706055,12.739999771118164,12.364999771118164,12.739999771118164,526
2009-01-27,12.329999923706055,12.329999923706055,12.449999809265137,12.329999923706055,12.399999618530273,460
2009-01-28,12.300000190734863,12.300000190734863,12.489999771118164,12.25,12.369999885559082,420
2009-01-29,11.800000190734863,11.800000190734863,12.399999618530273,11.800000190734863,12.329999923706055,960
2009-01-30,11.770000457763672,11.770000457763672,11.949999809265137,11.550000190734863,11.75,960
2009-02-02,12.069999694824219,12.069999694824219,12.109999656677246,11.670000076293945,11.739999771118164,509
2009-02-03,11.984999656677246,11.984999656677246,12.229999542236328,11.880000114440918,12.09000015258789,494
2009-02-04,12.010000228881836,12.010000228881836,12.0649995803833,11.800000190734863,11.850000381469727,307
2009-02-05,12.444999694824219,12.444999694824219,12.470000267028809,12.0600004196167,12.0600004196167,389
2009-02-06,12.78499984741211,12.78499984741211,12.944999694824219,12.359999656677246,12.399999618530273,535
2009-02-09,13.104999542236328,13.104999542236328,13.279999732971191,12.699999809265137,12.760000228881836,649
2009-02-10,12.604999542236328,12.604999542236328,13.25,12.604999542236328,13.100000381469727,505
2009-02-11,12.555000305175781,12.555000305175781,12.654999732971191,12.324999809265137,12.510000228881836,335
2009-02-12,12.595000267028809,12.595000267028809,12.800000190734863,12.489999771118164,12.614999771118164,447
2009-02-13,12.510000228881836,12.510000228881836,12.710000038146973,12.34000015258789,12.640000343322754,477
2009-02-17,12.079999923706055,12.079999923706055,12.569999694824219,12.050000190734863,12.5,710
2009-02-18,12.154999732971191,12.154999732971191,12.1899995803833,12.0,12.0649995803833,632
2009-02-19,12.289999961853027,12.289999961853027,12.444999694824219,12.029999732971191,12.149999618530273,619
2009-02-20,11.984999656677246,11.984999656677246,12.470000267028809,11.960000038146973,12.170000076293945,525
2009-02-23,12.079999923706055,12.079999923706055,12.194999694824219,11.835000038146973,11.9350004196167,640
2009-02-24,12.0,12.0,12.135000228881836,11.904999732971191,12.0,437
2009-02-25,12.34000015258789,12.34000015258789,12.479999542236328,11.864999771118164,11.864999771118164,528
2009-02-26,12.3149995803833,12.3149995803833,12.550000190734863,12.300000190734863,12.489999771118164,472
2009-02-27,12.364999771118164,12.364999771118164,12.444999694824219,12.100000381469727,12.414999961853027,255
2009-03-02,12.170000076293945,12.170000076293945,12.270000457763672,12.225000381469727,12.270000457763672,35
2009-03-03,12.095000267028809,12.095000267028809,12.109999656677246,12.03499984741211,12.03499984741211,16
2009-03-04,12.130000114440918,12.130000114440918,12.199999809265137,12.170000076293945,12.199999809265137,63
2009-03-05,11.944999694824219,11.944999694824219,12.119999885559082,11.819999694824219,12.020000457763672,21
2009-03-06,12.119999885559082,12.119999885559082,12.024999618530273,12.024999618530273,12.024999618530273,2
2009-03-09,12.239999771118164,12.239999771118164,12.03499984741211,12.024999618530273,12.024999618530273,7
2009-03-10,12.654999732971191,12.654999732971191,12.609999656677246,12.260000228881836,12.260000228881836,27
2009-03-11,12.239999771118164,12.239999771118164,12.645000457763672,12.329999923706055,12.645000457763672,10
2009-03-12,11.880000114440918,11.880000114440918,11.920000076293945,11.75,11.755000114440918,6
2009-03-13,11.5,11.5,11.75,11.5,11.75,626
2009-03-16,11.454999923706055,11.454999923706055,11.645000457763672,11.194999694824219,11.645000457763672,323
2009-03-17,11.954999923706055,11.954999923706055,11.954999923706055,11.305000305175781,11.350000381469727,510
2009-03-18,12.09000015258789,12.09000015258789,12.354999542236328,11.970000267028809,12.175000190734863,331
2009-03-19,12.539999961853027,12.539999961853027,12.579999923706055,11.675000190734863,12.1899995803833,672
2009-03-20,12.824999809265137,12.824999809265137,12.930000305175781,12.510000228881836,12.510000228881836,493
2009-03-23,12.6850004196167,12.6850004196167,13.039999961853027,12.550000190734863,12.71500015258789,378
2009-03-24,12.4399995803833,12.4399995803833,12.600000381469727,12.270000457763672,12.600000381469727,227
2009-03-25,12.305000305175781,12.305000305175781,12.5600004196167,12.229999542236328,12.369999885559082,462
2009-03-26,12.614999771118164,12.614999771118164,12.65999984741211,12.25,12.25,218
2009-03-27,12.375,12.375,12.710000038146973,12.279999732971191,12.604999542236328,224
2009-03-30,12.015000343322754,12.015000343322754,12.4399995803833,11.925000190734863,12.369999885559082,543
2009-03-31,12.40999984741211,12.40999984741211,12.479999542236328,11.970000267028809,11.970000267028809,622
2009-04-01,12.239999771118164,12.239999771118164,12.40999984741211,12.109999656677246,12.40999984741211,524
2009-04-02,12.630000114440918,12.630000114440918,12.65999984741211,12.239999771118164,12.239999771118164,239
2009-04-03,12.779999732971191,12.779999732971191,12.829999923706055,12.600000381469727,12.630000114440918,290
2009-04-06,12.864999771118164,12.864999771118164,12.920000076293945,12.524999618530273,12.850000381469727,411
2009-04-07,12.899999618530273,12.899999618530273,12.925000190734863,12.725000381469727,12.850000381469727,179
2009-04-08,12.895000457763672,12.895000457763672,12.930000305175781,12.739999771118164,12.899999618530273,241
2009-04-09,13.395000457763672,13.395000457763672,13.395000457763672,12.869999885559082,12.890000343322754,712
2009-04-13,13.28499984741211,13.28499984741211,13.470000267028809,12.975000381469727,13.449999809265137,232
2009-04-14,13.300000190734863,13.300000190734863,13.399999618530273,13.095000267028809,13.15999984741211,401
2009-04-15,13.135000228881836,13.135000228881836,13.350000381469727,13.100000381469727,13.300000190734863,397
2009-04-16,12.975000381469727,12.975000381469727,13.194999694824219,12.84000015258789,13.130000114440918,528
2009-04-17,12.835000038146973,12.835000038146973,13.045000076293945,12.729999542236328,12.9399995803833,338
2009-04-20,12.760000228881836,12.760000228881836,12.869999885559082,12.359999656677246,12.800000190734863,465
2009-04-21,12.885000228881836,12.885000228881836,12.920000076293945,12.569999694824219,12.720000267028809,188
2009-04-22,12.824999809265137,12.824999809265137,13.024999618530273,12.779999732971191,12.835000038146973,369
2009-04-23,12.930000305175781,12.930000305175781,12.9399995803833,12.6850004196167,12.819999694824219,216
2009-04-24,12.864999771118164,12.864999771118164,12.960000038146973,12.75,12.904999732971191,374
2009-04-27,12.720000267028809,12.720000267028809,12.845000267028809,12.524999618530273,12.78499984741211,196
2009-04-28,12.755000114440918,12.755000114440918,12.819999694824219,12.529999732971191,12.729999542236328,1062
2009-04-29,12.850000381469727,12.850000381469727,12.859999656677246,12.670000076293945,12.75,456
2009-04-30,12.899999618530273,12.899999618530273,12.920000076293945,12.779999732971191,12.869999885559082,29
2009-05-01,13.020000457763672,13.020000457763672,13.020000457763672,13.020000457763672,13.020000457763672,5
2009-05-04,12.789999961853027,12.789999961853027,12.75,12.704999923706055,12.75,12
2009-05-05,12.779999732971191,12.779999732971191,12.800000190734863,12.734999656677246,12.800000190734863,18
2009-05-06,12.795000076293945,12.795000076293945,12.850000381469727,12.845000267028809,12.850000381469727,40
2009-05-07,12.579999923706055,12.579999923706055,12.579999923706055,12.600000381469727,12.579999923706055,0
2009-05-08,12.449999809265137,12.449999809265137,12.470000267028809,12.390000343322754,12.390000343322754,34
2009-05-11,12.449999809265137,12.449999809265137,12.449999809265137,12.449999809265137,12.449999809265137,34
2009-05-12,12.010000228881836,12.010000228881836,12.489999771118164,12.175000190734863,12.484999656677246,4
2009-05-13,12.015000343322754,12.015000343322754,12.020000457763672,11.869999885559082,11.979999542236328,37
2009-05-14,11.899999618530273,11.899999618530273,11.899999618530273,11.899999618530273,11.899999618530273,256
2009-05-15,11.9350004196167,11.9350004196167,12.140000343322754,11.755000114440918,12.079999923706055,641
2009-05-18,11.989999771118164,11.989999771118164,12.020000457763672,11.779999732971191,11.920000076293945,151
2009-05-19,11.9399995803833,11.9399995803833,12.045000076293945,11.710000038146973,11.914999961853027,414
2009-05-20,12.109999656677246,12.109999656677246,12.145000457763672,11.899999618530273,11.914999961853027,402
2009-05-21,12.125,12.125,12.140000343322754,11.989999771118164,12.069999694824219,265
2009-05-22,12.055000305175781,12.055000305175781,12.119999885559082,11.770000457763672,12.055000305175781,761
2009-05-26,11.90999984741211,11.90999984741211,12.09000015258789,11.770000457763672,12.079999923706055,761
2009-05-27,11.975000381469727,11.975000381469727,12.045000076293945,11.875,11.960000038146973,360
2009-05-28,12.114999771118164,12.114999771118164,12.145000457763672,11.9399995803833,11.9399995803833,648
2009-05-29,12.345000267028809,12.345000267028809,12.404999732971191,12.085000038146973,12.135000228881836,872
2009-06-01,12.569999694824219,12.569999694824219,12.604999542236328,12.345000267028809,12.345000267028809,895
2009-06-02,12.475000381469727,12.475000381469727,12.779999732971191,12.350000381469727,12.779999732971191,424
2009-06-03,12.475000381469727,12.475000381469727,12.555000305175781,12.354999542236328,12.425000190734863,375
2009-06-04,12.760000228881836,12.760000228881836,12.774999618530273,12.449999809265137,12.449999809265137,537
2009-06-05,12.614999771118164,12.614999771118164,12.859999656677246,12.5,12.720000267028809,439
2009-06-08,12.475000381469727,12.475000381469727,12.680000305175781,12.380000114440918,12.649999618530273,158
2009-06-09,12.954999923706055,12.954999923706055,12.975000381469727,12.354999542236328,12.475000381469727,680
2009-06-10,12.774999618530273,12.774999618530273,13.029999732971191,12.65999984741211,12.9399995803833,769
2009-06-11,12.960000038146973,12.960000038146973,12.970000267028809,12.645000457763672,12.65999984741211,401
2009-06-12,12.925000190734863,12.925000190734863,12.984999656677246,12.824999809265137,12.979999542236328,172
2009-06-15,12.524999618530273,12.524999618530273,12.954999923706055,12.5,12.954999923706055,441
2009-06-16,12.3100004196167,12.3100004196167,12.475000381469727,12.149999618530273,12.475000381469727,496
2009-06-17,12.069999694824219,12.069999694824219,12.239999771118164,12.069999694824219,12.229999542236328,411
2009-06-18,12.385000228881836,12.385000228881836,12.569999694824219,12.0600004196167,12.109999656677246,243
2009-06-19,12.300000190734863,12.300000190734863,12.460000038146973,12.074999809265137,12.399999618530273,262
2009-06-22,12.149999618530273,12.149999618530273,12.260000228881836,12.109999656677246,12.1899995803833,174
2009-06-23,12.335000038146973,12.335000038146973,12.390000343322754,12.100000381469727,12.194999694824219,118
2009-06-24,12.5,12.5,12.5,12.15999984741211,12.380000114440918,309
2009-06-25,12.329999923706055,12.329999923706055,12.449999809265137,12.229999542236328,12.449999809265137,146
2009-06-26,12.130000114440918,12.130000114440918,12.25,12.119999885559082,12.25,232
2009-06-29,11.944999694824219,11.944999694824219,12.234999656677246,11.930000305175781,12.149999618530273,758
2009-06-30,12.229999542236328,12.229999542236328,12.229999542236328,11.920000076293945,11.944999694824219,146
2009-07-01,12.430000305175781,12.430000305175781,12.5,12.1899995803833,12.28499984741211,56
2009-07-02,12.774999618530273,12.774999618530273,12.789999961853027,12.600000381469727,12.600000381469727,51
2009-07-06,12.4399995803833,12.4399995803833,12.4399995803833,12.4399995803833,12.4399995803833,2
2009-07-07,12.449999809265137,12.449999809265137,12.449999809265137,12.4399995803833,12.4399995803833,66
2009-07-08,12.425000190734863,12.425000190734863,12.425000190734863,12.425000190734863,12.425000190734863,5
2009-07-09,12.5,12.5,12.520000457763672,12.4399995803833,12.4399995803833,48
2009-07-10,12.899999618530273,12.899999618530273,12.989999771118164,12.899999618530273,12.984999656677246,16
2009-07-13,12.890000343322754,12.890000343322754,12.989999771118164,12.800000190734863,12.899999618530273,21
2009-07-14,12.885000228881836,12.885000228881836,13.100000381469727,12.885000228881836,12.989999771118164,450
2009-07-15,12.890000343322754,12.890000343322754,13.260000228881836,12.760000228881836,13.104999542236328,367
2009-07-16,13.074999809265137,13.074999809265137,13.100000381469727,12.850000381469727,12.890000343322754,207
2009-07-17,12.970000267028809,12.970000267028809,13.050000190734863,12.829999923706055,13.015000343322754,168
2009-07-20,13.364999771118164,13.364999771118164,13.369999885559082,12.8149995803833,12.845000267028809,565
2009-07-21,13.329999923706055,13.329999923706055,13.390000343322754,13.095000267028809,13.335000038146973,325
2009-07-22,13.444999694824219,13.444999694824219,13.449999809265137,13.260000228881836,13.3149995803833,301
2009-07-23,13.375,13.375,13.489999771118164,13.199999809265137,13.4399995803833,245
2009-07-24,13.40999984741211,13.40999984741211,13.5,13.270000457763672,13.289999961853027,221
2009-07-27,13.774999618530273,13.774999618530273,13.8100004196167,13.369999885559082,13.40999984741211,1297
2009-07-28,13.835000038146973,13.835000038146973,13.880000114440918,13.595000267028809,13.75,612
2009-07-29,13.770000457763672,13.770000457763672,13.819999694824219,13.545000076293945,13.8100004196167,560
2009-07-30,13.744999885559082,13.744999885559082,13.9399995803833,13.720000267028809,13.770000457763672,838
2009-07-31,13.765000343322754,13.765000343322754,13.9399995803833,13.59000015258789,13.6899995803833,779
2009-08-03,13.630000114440918,13.630000114440918,14.005000114440918,13.5600004196167,13.744999885559082,1248
2009-08-04,13.8149995803833,13.8149995803833,13.979999542236328,13.600000381469727,13.654999732971191,634
2009-08-05,13.789999961853027,13.789999961853027,13.90999984741211,13.765000343322754,13.8149995803833,403
2009-08-06,13.710000038146973,13.710000038146973,13.795000076293945,13.635000228881836,13.760000228881836,284
2009-08-07,13.864999771118164,13.864999771118164,13.9399995803833,13.6850004196167,13.6850004196167,273
2009-08-10,13.895000457763672,13.895000457763672,14.0600004196167,13.789999961853027,13.859999656677246,361
2009-08-11,13.720000267028809,13.720000267028809,13.954999923706055,13.6850004196167,13.885000228881836,578
2009-08-12,13.385000228881836,13.385000228881836,13.6850004196167,13.25,13.6850004196167,1007
2009-08-13,13.300000190734863,13.300000190734863,13.539999961853027,13.265000343322754,13.460000038146973,728
2009-08-14,13.300000190734863,13.300000190734863,13.369999885559082,13.164999961853027,13.300000190734863,397
2009-08-17,13.28499984741211,13.28499984741211,13.600000381469727,13.114999771118164,13.399999618530273,2010
2009-08-18,13.295000076293945,13.295000076293945,13.335000038146973,13.199999809265137,13.239999771118164,169
2009-08-19,13.1850004196167,13.1850004196167,13.300000190734863,13.145000457763672,13.300000190734863,270
2009-08-20,13.1899995803833,13.1899995803833,13.244999885559082,13.050000190734863,13.180000305175781,168
2009-08-21,13.125,13.125,13.234999656677246,13.085000038146973,13.100000381469727,222
2009-08-24,13.204999923706055,13.204999923706055,13.4399995803833,13.100000381469727,13.319999694824219,313
2009-08-25,13.220000267028809,13.220000267028809,13.300000190734863,13.204999923706055,13.239999771118164,212
2009-08-26,13.149999618530273,13.149999618530273,13.300000190734863,13.225000381469727,13.300000190734863,217
2009-08-27,13.149999618530273,13.149999618530273,13.180000305175781,13.095000267028809,13.180000305175781,379
2009-08-28,13.510000228881836,13.510000228881836,13.694999694824219,13.140000343322754,13.1850004196167,781
2009-08-31,13.854999542236328,13.854999542236328,13.8149995803833,13.574999809265137,13.574999809265137,57
2009-09-01,13.71500015258789,13.71500015258789,13.850000381469727,13.770000457763672,13.824999809265137,278
2009-09-02,13.625,13.625,13.65999984741211,13.625,13.65999984741211,3
2009-09-03,13.899999618530273,13.899999618530273,13.944999694824219,13.734999656677246,13.734999656677246,309
2009-09-04,13.925000190734863,13.925000190734863,13.904999732971191,13.880000114440918,13.880000114440918,112
2009-09-08,13.739999771118164,13.739999771118164,13.819999694824219,13.729999542236328,13.729999542236328,89
2009-09-09,13.829999923706055,13.829999923706055,13.829999923706055,13.6899995803833,13.71500015258789,23
2009-09-10,13.819999694824219,13.819999694824219,13.789999961853027,13.779999732971191,13.789999961853027,34
2009-09-11,13.329999923706055,13.329999923706055,13.795000076293945,13.3100004196167,13.795000076293945,100
2009-09-14,13.0,13.0,13.0,13.0,13.0,713
2009-10-01,13.305000305175781,13.305000305175781,13.380000114440918,13.194999694824219,13.3100004196167,698
2009-10-02,13.104999542236328,13.104999542236328,13.28499984741211,13.100000381469727,13.25,480
2009-10-05,13.130000114440918,13.130000114440918,13.1850004196167,13.0600004196167,13.100000381469727,494
2009-10-06,13.149999618530273,13.149999618530273,13.229999542236328,13.050000190734863,13.104999542236328,589
2009-10-07,13.225000381469727,13.225000381469727,13.25,13.095000267028809,13.149999618530273,457
2009-10-08,13.479999542236328,13.479999542236328,13.59000015258789,13.194999694824219,13.244999885559082,811
2009-10-09,13.399999618530273,13.399999618530273,13.619999885559082,13.28499984741211,13.479999542236328,895
2009-10-12,13.795000076293945,13.795000076293945,13.890000343322754,13.395000457763672,13.395000457763672,1357
2009-10-13,13.899999618530273,13.899999618530273,14.005000114440918,13.779999732971191,13.789999961853027,1139
2009-10-14,14.039999961853027,14.039999961853027,14.289999961853027,13.885000228881836,13.890000343322754,1040
2009-10-15,13.795000076293945,13.795000076293945,14.140000343322754,13.600000381469727,14.024999618530273,684
2009-10-16,13.654999732971191,13.654999732971191,13.885000228881836,13.569999694824219,13.800000190734863,1423
2009-10-19,13.869999885559082,13.869999885559082,13.895000457763672,13.569999694824219,13.630000114440918,611
2009-10-20,13.5649995803833,13.5649995803833,13.859999656677246,13.369999885559082,13.859999656677246,826
2009-10-21,13.604999542236328,13.604999542236328,13.789999961853027,13.484999656677246,13.484999656677246,580
2009-10-22,13.545000076293945,13.545000076293945,13.699999809265137,13.520000457763672,13.585000038146973,767
2009-10-23,13.430000305175781,13.430000305175781,13.694999694824219,13.385000228881836,13.5600004196167,1028
2009-10-26,13.414999961853027,13.414999961853027,13.614999771118164,13.390000343322754,13.399999618530273,495
2009-10-27,13.505000114440918,13.505000114440918,13.6850004196167,13.425000190734863,13.425000190734863,551
2009-10-28,13.914999961853027,13.914999961853027,13.949999809265137,13.59000015258789,13.600000381469727,1247
2009-10-29,14.079999923706055,14.079999923706055,14.1850004196167,13.875,13.875,847
2009-10-30,14.359999656677246,14.359999656677246,14.454999923706055,14.21500015258789,14.21500015258789,247
2009-11-02,14.789999961853027,14.789999961853027,14.8100004196167,14.300000190734863,14.3149995803833,168
2009-11-03,14.875,14.875,14.944999694824219,14.729999542236328,14.789999961853027,59
2009-11-04,14.960000038146973,14.960000038146973,14.960000038146973,14.960000038146973,14.960000038146973,3
2009-11-05,14.96500015258789,14.96500015258789,14.96500015258789,14.96500015258789,14.96500015258789,23
2009-11-06,14.949999809265137,14.949999809265137,14.949999809265137,14.949999809265137,14.949999809265137,99
2009-11-09,15.0649995803833,15.0649995803833,15.0649995803833,15.0649995803833,15.0649995803833,92
2009-11-10,15.170000076293945,15.170000076293945,15.095000267028809,15.095000267028809,15.095000267028809,461
2009-11-11,14.895000457763672,14.895000457763672,14.895000457763672,15.104999542236328,14.895000457763672,374
2009-11-12,14.479999542236328,14.479999542236328,14.699999809265137,14.600000381469727,14.699999809265137,65
2009-11-13,14.670000076293945,14.670000076293945,14.670000076293945,14.645000457763672,14.645000457763672,565
2009-11-16,15.255000114440918,15.255000114440918,15.289999961853027,14.880000114440918,14.880000114440918,653
2009-11-17,15.15999984741211,15.15999984741211,15.244999885559082,15.0,15.199999809265137,556
2009-11-18,15.199999809265137,15.199999809265137,15.390000343322754,15.100000381469727,15.100000381469727,746
2009-11-19,15.279999732971191,15.279999732971191,15.3149995803833,15.119999885559082,15.21500015258789,477
2009-11-20,15.170000076293945,15.170000076293945,15.289999961853027,15.050000190734863,15.234999656677246,381
2009-11-23,15.229999542236328,15.229999542236328,15.319999694824219,15.119999885559082,15.119999885559082,449
2009-11-24,15.274999618530273,15.274999618530273,15.3149995803833,15.1899995803833,15.194999694824219,1278
2009-11-25,15.489999771118164,15.489999771118164,15.5,15.220000267028809,15.220000267028809,2524
2009-11-27,15.399999618530273,15.399999618530273,15.430000305175781,15.194999694824219,15.350000381469727,899
2009-11-30,15.305000305175781,15.305000305175781,15.470000267028809,15.260000228881836,15.359999656677246,1730
2009-12-01,15.425000190734863,15.425000190734863,15.475000381469727,15.274999618530273,15.274999618530273,1366
2009-12-02,15.40999984741211,15.40999984741211,15.515000343322754,15.399999618530273,15.4399995803833,1295
2009-12-03,15.704999923706055,15.704999923706055,15.739999771118164,15.345000267028809,15.390000343322754,1535
2009-12-04,15.71500015258789,15.71500015258789,15.774999618530273,15.609999656677246,15.699999809265137,490
2009-12-07,15.600000381469727,15.600000381469727,15.75,15.329999923706055,15.699999809265137,962
2009-12-08,15.295000076293945,15.295000076293945,15.600000381469727,15.289999961853027,15.5600004196167,1996
2009-12-09,15.529999732971191,15.529999732971191,15.694999694824219,15.210000038146973,15.295000076293945,707
2009-12-10,15.609999656677246,15.609999656677246,15.694999694824219,15.479999542236328,15.550000190734863,490
2009-12-11,15.65999984741211,15.65999984741211,15.75,15.550000190734863,15.579999923706055,855
2009-12-14,15.979999542236328,15.979999542236328,15.984999656677246,15.555000305175781,15.635000228881836,1139
2009-12-15,15.859999656677246,15.859999656677246,15.954999923706055,15.720000267028809,15.885000228881836,650
2009-12-16,15.359999656677246,15.359999656677246,15.875,15.359999656677246,15.805000305175781,886
2009-12-17,14.800000190734863,14.800000190734863,15.350000381469727,14.675000190734863,15.350000381469727,1945
2009-12-18,14.944999694824219,14.944999694824219,14.960000038146973,14.71500015258789,14.800000190734863,1318
2009-12-21,14.75,14.75,15.024999618530273,14.720000267028809,14.9350004196167,516
2009-12-22,14.404999732971191,14.404999732971191,14.765000343322754,14.300000190734863,14.765000343322754,1017
2009-12-23,14.795000076293945,14.795000076293945,14.8100004196167,14.225000381469727,14.25,563
2009-12-24,14.675000190734863,14.675000190734863,14.890000343322754,14.600000381469727,14.800000190734863,215
2009-12-28,14.699999809265137,14.699999809265137,14.920000076293945,14.520000457763672,14.585000038146973,569
2009-12-29,14.569999694824219,14.569999694824219,14.729999542236328,14.460000038146973,14.699999809265137,866
2009-12-30,14.399999618530273,14.399999618530273,14.529999732971191,14.295000076293945,14.505000114440918,896
2009-12-31,14.5649995803833,14.5649995803833,14.529999732971191,14.260000228881836,14.305000305175781,336
2010-01-04,14.8100004196167,14.8100004196167,14.930000305175781,14.755000114440918,14.755000114440918,158
2010-01-05,14.770000457763672,14.770000457763672,14.774999618530273,14.770000457763672,14.774999618530273,69
2010-01-06,14.779999732971191,14.779999732971191,14.779999732971191,14.630000114440918,14.779999732971191,61
2010-01-07,14.71500015258789,14.71500015258789,14.71500015258789,14.744999885559082,14.71500015258789,40
2010-01-08,14.704999923706055,14.704999923706055,14.729999542236328,14.729999542236328,14.729999542236328,40
2010-01-11,14.5600004196167,14.5600004196167,14.649999618530273,14.649999618530273,14.649999618530273,40
2010-01-12,14.130000114440918,14.130000114440918,14.25,14.130000114440918,14.25,40
2010-01-13,13.694999694824219,13.694999694824219,13.824999809265137,13.819999694824219,13.824999809265137,3
2010-01-14,13.710000038146973,13.710000038146973,13.779999732971191,13.75,13.75,932
2010-01-15,13.975000381469727,13.975000381469727,14.100000381469727,13.949999809265137,14.069999694824219,487
2010-01-19,13.920000076293945,13.920000076293945,14.135000228881836,13.699999809265137,13.994999885559082,745
2010-01-20,13.489999771118164,13.489999771118164,13.989999771118164,13.454999923706055,13.960000038146973,1565
2010-01-21,13.880000114440918,13.880000114440918,13.885000228881836,13.404999732971191,13.489999771118164,1738
2010-01-22,14.170000076293945,14.170000076293945,14.244999885559082,13.664999961853027,13.84000015258789,1023
2010-01-25,14.109999656677246,14.109999656677246,14.229999542236328,14.055000305175781,14.154999732971191,554
2010-01-26,14.109999656677246,14.109999656677246,14.194999694824219,13.930000305175781,14.149999618530273,343
2010-01-27,14.005000114440918,14.005000114440918,14.265000343322754,13.979999542236328,14.109999656677246,1171
2010-01-28,13.899999618530273,13.899999618530273,14.085000038146973,13.760000228881836,13.989999771118164,870
2010-01-29,14.199999809265137,14.199999809265137,14.279999732971191,13.854999542236328,13.854999542236328,913
2010-02-01,14.149999618530273,14.149999618530273,14.194999694824219,14.0649995803833,14.180000305175781,901
2010-02-02,14.449999809265137,14.449999809265137,14.460000038146973,14.130000114440918,14.145000457763672,882
2010-02-03,14.375,14.375,14.494999885559082,14.279999732971191,14.404999732971191,817
2010-02-04,14.180000305175781,14.180000305175781,14.649999618530273,14.029999732971191,14.369999885559082,1044
2010-02-05,14.085000038146973,14.085000038146973,14.289999961853027,14.029999732971191,14.140000343322754,495
2010-02-08,14.295000076293945,14.295000076293945,14.324999809265137,14.024999618530273,14.03499984741211,774
2010-02-09,14.449999809265137,14.449999809265137,14.484999656677246,14.210000038146973,14.335000038146973,605
2010-02-10,14.319999694824219,14.319999694824219,14.524999618530273,14.265000343322754,14.449999809265137,447
2010-02-11,14.364999771118164,14.364999771118164,14.404999732971191,14.289999961853027,14.335000038146973,1266
2010-02-12,14.260000228881836,14.260000228881836,14.5,14.25,14.364999771118164,426
2010-02-16,14.15999984741211,14.15999984741211,14.3149995803833,14.140000343322754,14.229999542236328,863
2010-02-17,13.65999984741211,13.65999984741211,14.234999656677246,13.65999984741211,14.170000076293945,2703
2010-02-18,13.640000343322754,13.640000343322754,13.670000076293945,13.414999961853027,13.630000114440918,1229
2010-02-19,13.630000114440918,13.630000114440918,13.704999923706055,13.489999771118164,13.704999923706055,1047
2010-02-22,13.5,13.5,13.890000343322754,13.199999809265137,13.65999984741211,2023
2010-02-23,13.645000457763672,13.645000457763672,13.6850004196167,13.199999809265137,13.46500015258789,2093
2010-02-24,13.479999542236328,13.479999542236328,13.640000343322754,13.430000305175781,13.640000343322754,1346
2010-02-25,13.300000190734863,13.300000190734863,13.529999732971191,13.255000114440918,13.449999809265137,1756
2010-02-26,13.430000305175781,13.430000305175781,13.4399995803833,13.25,13.380000114440918,298
2010-03-01,13.550000190734863,13.550000190734863,13.600000381469727,13.454999923706055,13.515000343322754,213
2010-03-02,13.390000343322754,13.390000343322754,13.609999656677246,13.380000114440918,13.524999618530273,204
2010-03-03,13.135000228881836,13.135000228881836,13.359999656677246,13.125,13.359999656677246,546
2010-03-04,13.0,13.0,13.100000381469727,12.949999809265137,13.100000381469727,305
2010-03-05,12.824999809265137,12.824999809265137,12.9399995803833,12.819999694824219,12.920000076293945,44
2010-03-08,12.6899995803833,12.6899995803833,12.8100004196167,12.6850004196167,12.8100004196167,27
2010-03-09,12.765000343322754,12.765000343322754,12.725000381469727,12.6899995803833,12.704999923706055,49
2010-03-10,12.444999694824219,12.444999694824219,12.739999771118164,12.545000076293945,12.729999542236328,5
2010-03-11,12.175000190734863,12.175000190734863,12.229999542236328,12.229999542236328,12.229999542236328,62
2010-03-12,12.1850004196167,12.1850004196167,12.25,12.1899995803833,12.244999885559082,626
2010-03-15,12.484999656677246,12.484999656677246,12.585000038146973,12.364999771118164,12.420000076293945,307
2010-03-16,12.604999542236328,12.604999542236328,12.654999732971191,12.5,12.5,433
2010-03-17,12.619999885559082,12.619999885559082,12.6899995803833,12.5600004196167,12.609999656677246,316
2010-03-18,12.619999885559082,12.619999885559082,12.720000267028809,12.5649995803833,12.609999656677246,322
2010-03-19,12.699999809265137,12.699999809265137,12.729999542236328,12.5649995803833,12.579999923706055,390
2010-03-22,12.829999923706055,12.829999923706055,12.895000457763672,12.604999542236328,12.699999809265137,719
2010-03-23,12.744999885559082,12.744999885559082,12.875,12.739999771118164,12.829999923706055,416
2010-03-24,12.675000190734863,12.675000190734863,12.795000076293945,12.630000114440918,12.789999961853027,295
2010-03-25,12.449999809265137,12.449999809265137,12.729999542236328,12.420000076293945,12.670000076293945,1229
2010-03-26,12.460000038146973,12.460000038146973,12.5600004196167,12.359999656677246,12.470000267028809,313
2010-03-29,12.375,12.375,12.489999771118164,12.149999618530273,12.4399995803833,582
2010-03-30,12.574999809265137,12.574999809265137,12.869999885559082,12.345000267028809,12.364999771118164,1012
2010-03-31,12.21500015258789,12.21500015258789,12.619999885559082,12.125,12.569999694824219,1662
2010-04-01,12.380000114440918,12.380000114440918,12.414999961853027,12.175000190734863,12.175000190734863,632
2010-04-05,12.654999732971191,12.654999732971191,12.675000190734863,12.380000114440918,12.380000114440918,655
2010-04-06,12.975000381469727,12.975000381469727,13.050000190734863,12.600000381469727,12.649999618530273,914
2010-04-07,12.970000267028809,12.970000267028809,13.170000076293945,12.824999809265137,13.0,614
2010-04-08,13.0,13.0,13.050000190734863,12.850000381469727,12.930000305175781,430
2010-04-09,13.1899995803833,13.1899995803833,13.4350004196167,12.979999542236328,13.020000457763672,771
2010-04-12,13.119999885559082,13.119999885559082,13.300000190734863,13.029999732971191,13.194999694824219,639
2010-04-13,13.029999732971191,13.029999732971191,13.180000305175781,12.930000305175781,13.125,1460
2010-04-14,12.954999923706055,12.954999923706055,13.09000015258789,12.895000457763672,13.09000015258789,1087
2010-04-15,12.90999984741211,12.90999984741211,12.994999885559082,12.800000190734863,12.954999923706055,408
2010-04-16,12.805000305175781,12.805000305175781,12.970000267028809,12.75,12.90999984741211,441
2010-04-19,12.619999885559082,12.619999885559082,12.920000076293945,12.569999694824219,12.819999694824219,434
2010-04-20,12.489999771118164,12.489999771118164,12.694999694824219,12.444999694824219,12.694999694824219,890
2010-04-21,12.484999656677246,12.484999656677246,12.539999961853027,12.335000038146973,12.430000305175781,855
2010-04-22,12.34000015258789,12.34000015258789,12.470000267028809,12.300000190734863,12.454999923706055,929
2010-04-23,12.404999732971191,12.404999732971191,12.4399995803833,12.3149995803833,12.319999694824219,389
2010-04-26,12.484999656677246,12.484999656677246,12.600000381469727,12.454999923706055,12.505000114440918,750
2010-04-27,12.260000228881836,12.260000228881836,12.550000190734863,12.180000305175781,12.550000190734863,631
2010-04-28,12.020000457763672,12.020000457763672,12.260000228881836,11.975000381469727,12.180000305175781,960
2010-04-29,12.265000343322754,12.265000343322754,12.239999771118164,11.930000305175781,11.96500015258789,2569
2010-04-30,12.354999542236328,12.354999542236328,12.520000457763672,12.300000190734863,12.460000038146973,1101
2010-05-03,12.255000114440918,12.255000114440918,12.305000305175781,12.229999542236328,12.289999961853027,175
2010-05-04,12.085000038146973,12.085000038146973,12.170000076293945,11.949999809265137,12.170000076293945,513
2010-05-05,11.90999984741211,11.90999984741211,12.074999809265137,11.885000228881836,12.0600004196167,131
2010-05-06,11.649999618530273,11.649999618530273,11.890000343322754,11.649999618530273,11.890000343322754,135
2010-05-07,11.53499984741211,11.53499984741211,11.600000381469727,11.420000076293945,11.600000381469727,54
2010-05-10,11.6899995803833,11.6899995803833,11.765000343322754,11.65999984741211,11.710000038146973,84
2010-05-11,11.6899995803833,11.6899995803833,11.670000076293945,11.65999984741211,11.65999984741211,8
2010-05-12,11.78499984741211,11.78499984741211,11.829999923706055,11.829999923706055,11.829999923706055,2
2010-05-13,11.699999809265137,11.699999809265137,11.8100004196167,11.654999732971191,11.8100004196167,4
2010-05-14,11.604999542236328,11.604999542236328,11.75,11.704999923706055,11.739999771118164,214
2010-05-17,11.625,11.625,11.875,11.515000343322754,11.8149995803833,385
2010-05-18,11.625,11.625,11.734999656677246,11.5,11.670000076293945,562
2010-05-19,11.899999618530273,11.899999618530273,11.930000305175781,11.600000381469727,11.600000381469727,311
2010-05-20,12.015000343322754,12.015000343322754,12.135000228881836,11.899999618530273,11.949999809265137,594
2010-05-21,12.199999809265137,12.199999809265137,12.260000228881836,12.015000343322754,12.015000343322754,487
2010-05-24,12.069999694824219,12.069999694824219,12.274999618530273,12.029999732971191,12.210000038146973,334
2010-05-25,11.619999885559082,11.619999885559082,12.024999618530273,11.569999694824219,12.024999618530273,1501
2010-05-26,11.71500015258789,11.71500015258789,11.984999656677246,11.600000381469727,11.720000267028809,582
2010-05-27,11.6899995803833,11.6899995803833,11.944999694824219,11.680000305175781,11.699999809265137,569
2010-05-28,11.635000228881836,11.635000228881836,11.795000076293945,11.630000114440918,11.6850004196167,746
2010-06-01,11.5600004196167,11.5600004196167,11.725000381469727,11.350000381469727,11.635000228881836,912
2010-06-02,11.104999542236328,11.104999542236328,11.569999694824219,11.095000267028809,11.569999694824219,1014
2010-06-03,10.954999923706055,10.954999923706055,11.345000267028809,10.829999923706055,11.145000457763672,1305
2010-06-04,10.835000038146973,10.835000038146973,11.079999923706055,10.744999885559082,10.979999542236328,505
2010-06-07,10.96500015258789,10.96500015258789,10.975000381469727,10.789999961853027,10.899999618530273,236
2010-06-08,10.829999923706055,10.829999923706055,10.954999923706055,10.729999542236328,10.954999923706055,609
2010-06-09,10.579999923706055,10.579999923706055,10.895000457763672,10.5600004196167,10.800000190734863,411
2010-06-10,10.895000457763672,10.895000457763672,10.899999618530273,10.350000381469727,10.5600004196167,806
2010-06-11,11.010000228881836,11.010000228881836,11.039999961853027,10.84000015258789,10.880000114440918,768
2010-06-14,11.170000076293945,11.170000076293945,11.199999809265137,10.904999732971191,11.050000190734863,557
2010-06-15,10.994999885559082,10.994999885559082,11.225000381469727,10.824999809265137,11.1899995803833,943
2010-06-16,11.0600004196167,11.0600004196167,11.109999656677246,10.8149995803833,10.824999809265137,475
2010-06-17,11.03499984741211,11.03499984741211,11.199999809265137,11.0,11.095000267028809,739
2010-06-18,11.005000114440918,11.005000114440918,11.03499984741211,10.90999984741211,10.9399995803833,350
2010-06-21,10.680000305175781,10.680000305175781,11.09000015258789,10.664999961853027,11.029999732971191,417
2010-06-22,10.845000267028809,10.845000267028809,10.850000381469727,10.604999542236328,10.789999961853027,706
2010-06-23,10.5600004196167,10.5600004196167,10.854999542236328,10.5600004196167,10.795000076293945,499
2010-06-24,10.210000038146973,10.210000038146973,10.680000305175781,10.199999809265137,10.625,1129
2010-06-25,10.0600004196167,10.0600004196167,10.345000267028809,10.050000190734863,10.25,1089
2010-06-28,9.96500015258789,9.96500015258789,10.09000015258789,9.869999885559082,10.029999732971191,1302
2010-06-29,9.75,9.75,9.920000076293945,9.600000381469727,9.899999618530273,2421
2010-06-30,9.430000305175781,9.430000305175781,9.920000076293945,9.300000190734863,9.84000015258789,903
2010-07-01,9.635000228881836,9.635000228881836,9.630000114440918,9.479999542236328,9.479999542236328,72
2010-07-02,9.574999809265137,9.574999809265137,9.614999771118164,9.550000190734863,9.609999656677246,20
2010-07-06,9.664999961853027,9.664999961853027,9.8100004196167,9.649999618530273,9.649999618530273,90
2010-07-07,9.925000190734863,9.925000190734863,9.805000305175781,9.805000305175781,9.805000305175781,17
2010-07-08,9.8100004196167,9.8100004196167,9.930000305175781,9.824999809265137,9.930000305175781,34
2010-07-09,9.805000305175781,9.805000305175781,9.805000305175781,9.805000305175781,9.805000305175781,34
2010-07-12,9.609999656677246,9.609999656677246,9.609999656677246,9.609999656677246,9.609999656677246,64
2010-07-13,9.670000076293945,9.670000076293945,9.739999771118164,9.600000381469727,9.600000381469727,16
2010-07-14,9.645000457763672,9.645000457763672,9.645000457763672,9.645000457763672,9.645000457763672,338
2010-07-15,9.824999809265137,9.824999809265137,9.90999984741211,9.800000190734863,9.850000381469727,1890
2010-07-16,9.854999542236328,9.854999542236328,9.9399995803833,9.774999618530273,9.829999923706055,320
2010-07-19,9.994999885559082,9.994999885559082,10.074999809265137,9.854999542236328,9.864999771118164,453
2010-07-20,9.880000114440918,9.880000114440918,10.125,9.869999885559082,10.0,519
2010-07-21,9.979999542236328,9.979999542236328,10.0649995803833,9.885000228881836,9.885000228881836,354
2010-07-22,10.135000228881836,10.135000228881836,10.170000076293945,9.984999656677246,9.984999656677246,552
2010-07-23,10.274999618530273,10.274999618530273,10.390000343322754,10.135000228881836,10.175000190734863,679
2010-07-26,10.170000076293945,10.170000076293945,10.390000343322754,10.145000457763672,10.319999694824219,711
2010-07-27,10.010000228881836,10.010000228881836,10.1899995803833,9.744999885559082,10.140000343322754,1326
2010-07-28,10.145000457763672,10.145000457763672,10.210000038146973,9.949999809265137,10.0,411
2010-07-29,10.140000343322754,10.140000343322754,10.1899995803833,10.055000305175781,10.140000343322754,822
2010-07-30,10.555000305175781,10.555000305175781,10.625,10.100000381469727,10.130000114440918,1245
2010-08-02,10.6899995803833,10.6899995803833,11.055000305175781,10.5,10.5,1500
2010-08-03,10.760000228881836,10.760000228881836,10.90999984741211,10.699999809265137,10.710000038146973,729
2010-08-04,11.029999732971191,11.029999732971191,11.085000038146973,10.779999732971191,10.800000190734863,724
2010-08-05,10.930000305175781,10.930000305175781,11.484999656677246,10.899999618530273,11.0,1601
2010-08-06,10.609999656677246,10.609999656677246,10.989999771118164,10.539999961853027,10.914999961853027,876
2010-08-09,10.354999542236328,10.354999542236328,10.520000457763672,10.154999732971191,10.40999984741211,582
2010-08-10,10.569999694824219,10.569999694824219,10.585000038146973,10.210000038146973,10.385000228881836,1188
2010-08-11,10.444999694824219,10.444999694824219,10.645000457763672,10.385000228881836,10.59000015258789,352
2010-08-12,10.789999961853027,10.789999961853027,10.84000015258789,10.359999656677246,10.449999809265137,645
2010-08-13,11.0,11.0,11.079999923706055,10.789999961853027,10.84000015258789,766
2010-08-16,10.850000381469727,10.850000381469727,11.265000343322754,10.845000267028809,11.0,497
2010-08-17,10.904999732971191,10.904999732971191,11.015000343322754,10.739999771118164,10.744999885559082,646
2010-08-18,10.75,10.75,10.90999984741211,10.574999809265137,10.890000343322754,328
2010-08-19,10.795000076293945,10.795000076293945,10.920000076293945,10.694999694824219,10.765000343322754,362
2010-08-20,10.90999984741211,10.90999984741211,10.930000305175781,10.760000228881836,10.789999961853027,541
2010-08-23,11.354999542236328,11.354999542236328,11.390000343322754,10.880000114440918,10.90999984741211,1059
2010-08-24,11.255000114440918,11.255000114440918,11.484999656677246,11.145000457763672,11.359999656677246,971
2010-08-25,11.260000228881836,11.260000228881836,11.354999542236328,11.180000305175781,11.229999542236328,1008
2010-08-26,11.345000267028809,11.345000267028809,11.414999961853027,11.199999809265137,11.244999885559082,943
2010-08-27,11.21500015258789,11.21500015258789,11.449999809265137,11.194999694824219,11.380000114440918,802
2010-08-30,11.220000267028809,11.220000267028809,11.420000076293945,11.15999984741211,11.25,1266
2010-08-31,11.085000038146973,11.085000038146973,11.25,11.069999694824219,11.239999771118164,1261
2010-09-01,11.09000015258789,11.09000015258789,11.1850004196167,11.0649995803833,11.125,120
2010-09-02,11.225000381469727,11.225000381469727,11.25,11.164999961853027,11.180000305175781,546
2010-09-03,11.505000114440918,11.505000114440918,11.475000381469727,11.279999732971191,11.279999732971191,356
2010-09-07,11.6850004196167,11.6850004196167,11.65999984741211,11.404999732971191,11.65999984741211,301
2010-09-08,11.579999923706055,11.579999923706055,11.664999961853027,11.604999542236328,11.604999542236328,63
2010-09-09,11.675000190734863,11.675000190734863,11.670000076293945,11.484999656677246,11.484999656677246,39
2010-09-10,11.579999923706055,11.579999923706055,11.585000038146973,11.529999732971191,11.529999732971191,69
2010-09-13,11.654999732971191,11.654999732971191,11.649999618530273,11.649999618530273,11.649999618530273,5
2010-09-14,11.84000015258789,11.84000015258789,11.930000305175781,11.670000076293945,11.670000076293945,1322
2010-09-15,12.149999618530273,12.149999618530273,12.1899995803833,12.005000114440918,12.055000305175781,519
2010-09-16,11.875,11.875,12.1899995803833,11.770000457763672,12.095000267028809,1022
2010-09-17,12.079999923706055,12.079999923706055,12.109999656677246,11.899999618530273,11.90999984741211,711
2010-09-20,12.255000114440918,12.255000114440918,12.369999885559082,11.949999809265137,12.055000305175781,1757
2010-09-21,12.140000343322754,12.140000343322754,12.279999732971191,12.055000305175781,12.244999885559082,606
2010-09-22,12.21500015258789,12.21500015258789,12.3149995803833,12.135000228881836,12.140000343322754,406
2010-09-23,12.085000038146973,12.085000038146973,12.34000015258789,12.050000190734863,12.204999923706055,614
2010-09-24,12.359999656677246,12.359999656677246,12.385000228881836,12.039999961853027,12.050000190734863,969
2010-09-27,12.5649995803833,12.5649995803833,12.625,12.305000305175781,12.329999923706055,1305
2010-09-28,12.5600004196167,12.5600004196167,12.640000343322754,12.354999542236328,12.555000305175781,936
2010-09-29,12.420000076293945,12.420000076293945,12.539999961853027,12.260000228881836,12.510000228881836,1306
2010-09-30,12.5649995803833,12.5649995803833,12.640000343322754,12.395000457763672,12.414999961853027,1180
2010-10-01,12.369999885559082,12.369999885559082,12.5649995803833,12.350000381469727,12.524999618530273,1499
2010-10-04,12.21500015258789,12.21500015258789,12.420000076293945,11.869999885559082,12.364999771118164,2217
2010-10-05,12.5,12.5,12.529999732971191,12.140000343322754,12.210000038146973,2064
2010-10-06,12.704999923706055,12.704999923706055,12.779999732971191,12.395000457763672,12.5,1117
2010-10-07,12.795000076293945,12.795000076293945,12.880000114440918,12.630000114440918,12.680000305175781,1711
2010-10-08,13.25,13.25,13.295000076293945,12.649999618530273,12.795000076293945,1272
2010-10-11,13.005000114440918,13.005000114440918,13.515000343322754,12.989999771118164,13.319999694824219,1013
2010-10-12,13.385000228881836,13.385000228881836,13.420000076293945,12.885000228881836,12.979999542236328,780
2010-10-13,13.399999618530273,13.399999618530273,13.569999694824219,13.300000190734863,13.305000305175781,854
2010-10-14,13.585000038146973,13.585000038146973,13.600000381469727,13.329999923706055,13.359999656677246,858
2010-10-15,13.59000015258789,13.59000015258789,13.869999885559082,13.375,13.585000038146973,2266
2010-10-18,13.704999923706055,13.704999923706055,13.779999732971191,13.414999961853027,13.59000015258789,571
2010-10-19,13.630000114440918,13.630000114440918,13.949999809265137,13.539999961853027,13.78499984741211,1820
2010-10-20,14.104999542236328,14.104999542236328,14.109999656677246,13.574999809265137,13.645000457763672,1671
2010-10-21,14.140000343322754,14.140000343322754,14.3100004196167,14.024999618530273,14.079999923706055,1488
2010-10-22,14.234999656677246,14.234999656677246,14.279999732971191,14.095000267028809,14.119999885559082,1087
2010-10-25,14.670000076293945,14.670000076293945,14.6850004196167,14.199999809265137,14.244999885559082,1502
2010-10-26,14.765000343322754,14.765000343322754,14.920000076293945,14.46500015258789,14.59000015258789,1156
2010-10-27,14.875,14.875,14.930000305175781,14.53499984741211,14.765000343322754,2192
2010-10-28,14.770000457763672,14.770000457763672,14.970000267028809,14.75,14.850000381469727,1918
2010-10-29,14.425000190734863,14.425000190734863,14.71500015258789,14.319999694824219,14.699999809265137,273
2010-11-01,13.9399995803833,13.9399995803833,14.479999542236328,14.0,14.479999542236328,44
2010-11-02,14.010000228881836,14.010000228881836,14.109999656677246,13.680000305175781,13.78499984741211,86
2010-11-03,14.244999885559082,14.244999885559082,14.324999809265137,14.154999732971191,14.154999732971191,30
2010-11-04,14.5649995803833,14.5649995803833,14.614999771118164,14.324999809265137,14.324999809265137,24
2010-11-05,14.699999809265137,14.699999809265137,14.71500015258789,14.324999809265137,14.595000267028809,24
2010-11-08,14.960000038146973,14.960000038146973,14.859999656677246,14.699999809265137,14.824999809265137,47
2010-11-09,15.015000343322754,15.015000343322754,15.300000190734863,14.875,15.149999618530273,76
2010-11-10,14.510000228881836,14.510000228881836,14.6899995803833,14.529999732971191,14.6899995803833,59
2010-11-11,14.270000457763672,14.270000457763672,14.449999809265137,14.210000038146973,14.364999771118164,191
2010-11-12,13.765000343322754,13.765000343322754,13.975000381469727,13.854999542236328,13.975000381469727,1134
2010-11-15,13.774999618530273,13.774999618530273,14.119999885559082,13.319999694824219,13.949999809265137,2284
2010-11-16,13.274999618530273,13.274999618530273,13.729999542236328,13.274999618530273,13.699999809265137,1214
2010-11-17,13.449999809265137,13.449999809265137,13.529999732971191,12.970000267028809,13.274999618530273,1069
2010-11-18,13.819999694824219,13.819999694824219,13.835000038146973,13.4350004196167,13.479999542236328,777
2010-11-19,13.895000457763672,13.895000457763672,14.010000228881836,13.725000381469727,13.800000190734863,556
2010-11-22,13.739999771118164,13.739999771118164,14.09000015258789,13.664999961853027,13.914999961853027,386
2010-11-23,13.399999618530273,13.399999618530273,13.854999542236328,13.239999771118164,13.755000114440918,1264
2010-11-24,13.5649995803833,13.5649995803833,13.640000343322754,13.369999885559082,13.414999961853027,318
2010-11-26,13.404999732971191,13.404999732971191,13.725000381469727,13.369999885559082,13.579999923706055,742
2010-11-29,13.425000190734863,13.425000190734863,13.515000343322754,13.270000457763672,13.425000190734863,965
2010-11-30,13.880000114440918,13.880000114440918,13.899999618530273,13.4399995803833,13.479999542236328,1457
2010-12-01,14.375,14.375,14.380000114440918,13.819999694824219,13.859999656677246,2081
2010-12-02,14.4399995803833,14.4399995803833,14.595000267028809,14.375,14.4350004196167,679
2010-12-03,14.670000076293945,14.670000076293945,14.880000114440918,14.319999694824219,14.420000076293945,1551
2010-12-06,14.550000190734863,14.550000190734863,14.8149995803833,14.350000381469727,14.65999984741211,746
2010-12-07,14.164999961853027,14.164999961853027,14.694999694824219,14.140000343322754,14.585000038146973,572
2010-12-08,13.954999923706055,13.954999923706055,14.164999961853027,13.664999961853027,14.0,1117
2010-12-09,13.890000343322754,13.890000343322754,13.975000381469727,13.805000305175781,13.949999809265137,432
2010-12-10,13.925000190734863,13.925000190734863,14.135000228881836,13.824999809265137,13.895000457763672,585
2010-12-13,14.234999656677246,14.234999656677246,14.244999885559082,13.859999656677246,13.925000190734863,700
2010-12-14,13.975000381469727,13.975000381469727,14.295000076293945,13.920000076293945,14.229999542236328,924
2010-12-15,14.024999618530273,14.024999618530273,14.095000267028809,13.850000381469727,13.920000076293945,449
2010-12-16,13.744999885559082,13.744999885559082,14.125,13.739999771118164,13.975000381469727,800
2010-12-17,13.694999694824219,13.694999694824219,13.744999885559082,13.505000114440918,13.729999542236328,1195
2010-12-20,13.75,13.75,13.989999771118164,13.654999732971191,13.654999732971191,1116
2010-12-21,13.635000228881836,13.635000228881836,13.944999694824219,13.625,13.774999618530273,1166
2010-12-22,13.430000305175781,13.430000305175781,13.755000114440918,13.404999732971191,13.604999542236328,1289
2010-12-23,13.395000457763672,13.395000457763672,13.585000038146973,13.25,13.475000381469727,1313
2010-12-27,13.255000114440918,13.255000114440918,13.380000114440918,13.204999923706055,13.354999542236328,618
2010-12-28,13.095000267028809,13.095000267028809,13.25,13.050000190734863,13.25,907
2010-12-29,13.595000267028809,13.595000267028809,13.595000267028809,13.0600004196167,13.100000381469727,1443
2010-12-30,13.630000114440918,13.630000114440918,13.899999618530273,13.5,13.664999961853027,1238
2010-12-31,13.994999885559082,13.994999885559082,14.0,13.71500015258789,13.71500015258789,251
2011-01-03,14.1850004196167,14.1850004196167,14.34000015258789,14.029999732971191,14.029999732971191,86
2011-01-04,13.885000228881836,13.885000228881836,14.244999885559082,13.864999771118164,14.1899995803833,248
2011-01-05,13.824999809265137,13.824999809265137,13.694999694824219,13.694999694824219,13.694999694824219,12
2011-01-06,13.654999732971191,13.654999732971191,13.654999732971191,13.654999732971191,13.654999732971191,46
2011-01-07,13.390000343322754,13.390000343322754,13.380000114440918,13.380000114440918,13.380000114440918,5
2011-01-10,13.609999656677246,13.609999656677246,13.625,13.625,13.625,10
2011-01-11,13.364999771118164,13.364999771118164,13.774999618530273,13.75,13.774999618530273,26
2011-01-12,13.484999656677246,13.484999656677246,13.760000228881836,13.760000228881836,13.760000228881836,13
2011-01-13,13.640000343322754,13.640000343322754,13.710000038146973,13.710000038146973,13.710000038146973,1
2011-01-14,13.694999694824219,13.694999694824219,13.694999694824219,13.694999694824219,13.694999694824219,907
2011-01-18,14.510000228881836,14.510000228881836,14.510000228881836,14.029999732971191,14.029999732971191,1511
2011-01-19,14.664999961853027,14.664999961853027,14.949999809265137,14.510000228881836,14.510000228881836,2256
2011-01-20,14.704999923706055,14.704999923706055,14.720000267028809,14.329999923706055,14.645000457763672,1466
2011-01-21,14.864999771118164,14.864999771118164,14.875,14.609999656677246,14.6850004196167,1218
2011-01-24,15.145000457763672,15.145000457763672,15.345000267028809,14.789999961853027,14.854999542236328,1981
2011-01-25,14.75,14.75,15.135000228881836,14.720000267028809,15.135000228881836,1513
2011-01-26,15.194999694824219,15.194999694824219,15.225000381469727,14.630000114440918,14.760000228881836,1162
2011-01-27,15.085000038146973,15.085000038146973,15.289999961853027,15.029999732971191,15.199999809265137,1072
2011-01-28,15.010000228881836,15.010000228881836,15.149999618530273,14.640000343322754,15.085000038146973,2203
2011-01-31,15.510000228881836,15.510000228881836,15.510000228881836,14.994999885559082,15.015000343322754,1550
2011-02-01,15.9350004196167,15.9350004196167,15.989999771118164,15.414999961853027,15.59000015258789,3506
2011-02-02,15.960000038146973,15.960000038146973,16.165000915527344,15.710000038146973,15.9350004196167,2016
2011-02-03,16.28499984741211,16.28499984741211,16.299999237060547,15.774999618530273,15.880000114440918,2291
2011-02-04,15.800000190734863,15.800000190734863,16.299999237060547,15.789999961853027,16.219999313354492,2341
2011-02-07,15.545000076293945,15.545000076293945,16.145000457763672,15.449999809265137,15.824999809265137,2868
2011-02-08,15.914999961853027,15.914999961853027,16.045000076293945,15.210000038146973,15.635000228881836,2384
2011-02-09,16.295000076293945,16.295000076293945,16.334999084472656,15.829999923706055,15.930000305175781,1604
2011-02-10,16.15999984741211,16.15999984741211,16.2450008392334,15.90999984741211,16.125,1192
2011-02-11,15.885000228881836,15.885000228881836,16.260000228881836,15.829999923706055,16.1200008392334,1885
2011-02-14,15.729999542236328,15.729999542236328,16.18000030517578,15.6850004196167,15.899999618530273,1491
2011-02-15,15.229999542236328,15.229999542236328,15.729999542236328,15.229999542236328,15.71500015258789,1596
2011-02-16,14.675000190734863,14.675000190734863,14.96500015258789,14.5,14.854999542236328,4140
2011-02-17,15.095000267028809,15.095000267028809,15.114999771118164,14.59000015258789,14.680000305175781,1984
2011-02-18,14.75,14.75,15.21500015258789,14.729999542236328,15.079999923706055,2203
2011-02-22,14.25,14.25,15.03499984741211,14.25,14.789999961853027,1914
2011-02-23,13.5,13.5,13.925000190734863,13.5,13.925000190734863,4321
2011-02-24,13.479999542236328,13.479999542236328,13.774999618530273,13.100000381469727,13.524999618530273,1689
2011-02-25,13.954999923706055,13.954999923706055,14.050000190734863,13.574999809265137,13.600000381469727,1693
2011-02-28,13.850000381469727,13.850000381469727,14.1899995803833,13.71500015258789,13.989999771118164,631
2011-03-01,13.850000381469727,13.850000381469727,13.9399995803833,13.819999694824219,13.9399995803833,117
2011-03-02,13.710000038146973,13.710000038146973,13.979999542236328,13.869999885559082,13.979999542236328,33
2011-03-03,13.8149995803833,13.8149995803833,13.944999694824219,13.8100004196167,13.944999694824219,132
2011-03-04,13.90999984741211,13.90999984741211,14.055000305175781,13.925000190734863,13.989999771118164,89
2011-03-07,13.6850004196167,13.6850004196167,13.6850004196167,13.6850004196167,13.6850004196167,6
2011-03-08,13.524999618530273,13.524999618530273,13.5,13.420000076293945,13.5,57
2011-03-09,13.295000076293945,13.295000076293945,13.34000015258789,13.175000190734863,13.335000038146973,78
2011-03-10,12.6899995803833,12.6899995803833,13.0,13.0,13.0,8
2011-03-11,12.789999961853027,12.789999961853027,12.734999656677246,12.649999618530273,12.734999656677246,68
2011-03-14,13.1899995803833,13.1899995803833,12.899999618530273,12.899999618530273,12.899999618530273,1773
2011-03-15,12.875,12.875,13.494999885559082,12.875,13.354999542236328,1491
2011-03-16,12.760000228881836,12.760000228881836,13.319999694824219,12.720000267028809,12.869999885559082,1718
2011-03-17,13.260000228881836,13.260000228881836,13.260000228881836,12.65999984741211,12.78499984741211,868
2011-03-18,13.635000228881836,13.635000228881836,13.720000267028809,13.265000343322754,13.3149995803833,1130
2011-03-21,13.835000038146973,13.835000038146973,13.880000114440918,13.5649995803833,13.6899995803833,867
2011-03-22,13.854999542236328,13.854999542236328,13.904999732971191,13.574999809265137,13.774999618530273,664
2011-03-23,14.045000076293945,14.045000076293945,14.180000305175781,13.760000228881836,13.819999694824219,929
2011-03-24,14.1899995803833,14.1899995803833,14.3149995803833,13.890000343322754,14.029999732971191,1604
2011-03-25,14.295000076293945,14.295000076293945,14.34000015258789,14.045000076293945,14.114999771118164,1099
2011-03-28,13.890000343322754,13.890000343322754,14.289999961853027,13.805000305175781,14.289999961853027,880
2011-03-29,13.854999542236328,13.854999542236328,13.949999809265137,13.614999771118164,13.859999656677246,936
2011-03-30,13.779999732971191,13.779999732971191,13.90999984741211,13.739999771118164,13.854999542236328,1087
2011-03-31,13.984999656677246,13.984999656677246,14.100000381469727,13.5,13.795000076293945,2628
2011-04-01,13.8100004196167,13.8100004196167,14.149999618530273,13.765000343322754,13.984999656677246,1564
2011-04-04,13.914999961853027,13.914999961853027,14.079999923706055,13.789999961853027,13.819999694824219,668
2011-04-05,14.109999656677246,14.109999656677246,14.210000038146973,13.949999809265137,13.949999809265137,652
2011-04-06,14.079999923706055,14.079999923706055,14.265000343322754,13.954999923706055,14.109999656677246,986
2011-04-07,13.625,13.625,14.079999923706055,13.600000381469727,14.079999923706055,1144
2011-04-08,13.6850004196167,13.6850004196167,13.875,13.515000343322754,13.595000267028809,1060
2011-04-11,13.720000267028809,13.720000267028809,13.949999809265137,13.630000114440918,13.720000267028809,591
2011-04-12,13.369999885559082,13.369999885559082,13.805000305175781,13.354999542236328,13.720000267028809,1111
2011-04-13,13.625,13.625,13.6899995803833,13.369999885559082,13.399999618530273,2351
2011-04-14,13.664999961853027,13.664999961853027,13.744999885559082,13.454999923706055,13.619999885559082,1060
2011-04-15,13.635000228881836,13.635000228881836,13.800000190734863,13.585000038146973,13.670000076293945,908
2011-04-18,13.645000457763672,13.645000457763672,13.770000457763672,13.569999694824219,13.6899995803833,631
2011-04-19,13.6850004196167,13.6850004196167,13.699999809265137,13.604999542236328,13.635000228881836,800
2011-04-20,13.904999732971191,13.904999732971191,14.135000228881836,13.640000343322754,13.670000076293945,2507
2011-04-21,13.994999885559082,13.994999885559082,14.055000305175781,13.904999732971191,13.904999732971191,908
2011-04-25,14.479999542236328,14.479999542236328,14.494999885559082,14.050000190734863,14.050000190734863,1463
2011-04-26,14.350000381469727,14.350000381469727,14.460000038146973,14.199999809265137,14.404999732971191,1525
2011-04-27,14.180000305175781,14.180000305175781,14.369999885559082,14.125,14.295000076293945,904
2011-04-28,14.119999885559082,14.119999885559082,14.300000190734863,13.914999961853027,14.149999618530273,2082
2011-04-29,14.805000305175781,14.805000305175781,14.770000457763672,14.119999885559082,14.119999885559082,470
2011-05-02,14.975000381469727,14.975000381469727,15.170000076293945,14.920000076293945,14.989999771118164,500
2011-05-03,15.145000457763672,15.145000457763672,15.104999542236328,14.850000381469727,14.850000381469727,230
2011-05-04,14.600000381469727,14.600000381469727,15.005000114440918,14.800000190734863,15.0,72
2011-05-05,13.925000190734863,13.925000190734863,14.449999809265137,13.949999809265137,14.449999809265137,6
2011-05-06,14.095000267028809,14.095000267028809,14.095000267028809,14.095000267028809,14.095000267028809,6
2011-05-09,13.944999694824219,13.944999694824219,14.15999984741211,14.0,14.15999984741211,2
2011-05-10,13.979999542236328,13.979999542236328,13.979999542236328,13.979999542236328,13.979999542236328,2
2011-05-11,13.75,13.75,14.130000114440918,14.130000114440918,14.130000114440918,1
2011-05-12,13.78499984741211,13.78499984741211,13.78499984741211,13.78499984741211,13.78499984741211,50
2011-05-13,13.800000190734863,13.800000190734863,13.800000190734863,13.800000190734863,13.800000190734863,394
2011-05-16,14.104999542236328,14.104999542236328,14.25,13.90999984741211,14.0,574
2011-05-17,14.390000343322754,14.390000343322754,14.539999961853027,14.024999618530273,14.15999984741211,870
2011-05-18,14.890000343322754,14.890000343322754,14.890000343322754,14.390000343322754,14.404999732971191,1144
2011-05-19,15.015000343322754,15.015000343322754,15.085000038146973,14.574999809265137,14.960000038146973,1054
2011-05-20,15.100000381469727,15.100000381469727,15.109999656677246,14.699999809265137,14.994999885559082,1238
2011-05-23,15.079999923706055,15.079999923706055,15.194999694824219,14.899999618530273,15.119999885559082,549
2011-05-24,15.130000114440918,15.130000114440918,15.324999809265137,14.930000305175781,15.039999961853027,1389
2011-05-25,15.175000190734863,15.175000190734863,15.329999923706055,15.03499984741211,15.095000267028809,1038
2011-05-26,15.135000228881836,15.135000228881836,15.270000457763672,15.085000038146973,15.180000305175781,844
2011-05-27,15.1850004196167,15.1850004196167,15.295000076293945,14.970000267028809,15.09000015258789,689
2011-05-31,15.0600004196167,15.0600004196167,15.260000228881836,14.994999885559082,15.100000381469727,1750
2011-06-01,14.5600004196167,14.5600004196167,15.074999809265137,14.5600004196167,15.010000228881836,1723
2011-06-02,14.569999694824219,14.569999694824219,14.8149995803833,14.46500015258789,14.46500015258789,1809
2011-06-03,14.475000381469727,14.475000381469727,14.619999885559082,14.270000457763672,14.5600004196167,970
2011-06-06,14.744999885559082,14.744999885559082,14.795000076293945,14.4350004196167,14.5,1030
2011-06-07,14.770000457763672,14.770000457763672,14.975000381469727,14.710000038146973,14.75,723
2011-06-08,14.774999618530273,14.774999618530273,14.875,14.699999809265137,14.779999732971191,546
2011-06-09,14.9399995803833,14.9399995803833,15.140000343322754,14.75,14.75,894
2011-06-10,14.895000457763672,14.895000457763672,15.0600004196167,14.795000076293945,15.0,455
2011-06-13,14.609999656677246,14.609999656677246,14.890000343322754,14.595000267028809,14.84000015258789,891
2011-06-14,14.335000038146973,14.335000038146973,14.640000343322754,14.234999656677246,14.595000267028809,2649
2011-06-15,14.204999923706055,14.204999923706055,14.399999618530273,14.149999618530273,14.375,2004
2011-06-16,14.005000114440918,14.005000114440918,14.265000343322754,13.979999542236328,14.210000038146973,1249
2011-06-17,13.96500015258789,13.96500015258789,14.069999694824219,13.850000381469727,14.045000076293945,984
2011-06-20,13.8100004196167,13.8100004196167,13.96500015258789,13.770000457763672,13.96500015258789,872
2011-06-21,13.8149995803833,13.8149995803833,14.0,13.8100004196167,13.8100004196167,903
2011-06-22,13.604999542236328,13.604999542236328,13.930000305175781,13.579999923706055,13.805000305175781,1422
2011-06-23,13.699999809265137,13.699999809265137,13.71500015258789,13.40999984741211,13.585000038146973,873
2011-06-24,13.449999809265137,13.449999809265137,13.6850004196167,13.449999809265137,13.614999771118164,990
2011-06-27,13.234999656677246,13.234999656677246,13.494999885559082,13.199999809265137,13.449999809265137,841
2011-06-28,13.319999694824219,13.319999694824219,13.350000381469727,13.130000114440918,13.255000114440918,1315
2011-06-29,13.265000343322754,13.265000343322754,13.550000190734863,13.244999885559082,13.390000343322754,1087
2011-06-30,13.885000228881836,13.885000228881836,14.0,13.100000381469727,13.279999732971191,400
2011-07-01,13.989999771118164,13.989999771118164,14.0,13.619999885559082,14.0,256
2011-07-05,14.385000228881836,14.385000228881836,14.395000457763672,14.170000076293945,14.335000038146973,58
2011-07-06,14.720000267028809,14.720000267028809,15.074999809265137,14.324999809265137,14.414999961853027,221
2011-07-07,15.25,15.25,15.175000190734863,14.975000381469727,14.975000381469727,89
2011-07-08,15.319999694824219,15.319999694824219,15.399999618530273,15.279999732971191,15.399999618530273,102
2011-07-11,14.8149995803833,14.8149995803833,15.0,15.0,15.0,128
2011-07-12,15.350000381469727,15.350000381469727,14.824999809265137,14.8149995803833,14.8149995803833,204
2011-07-13,15.755000114440918,15.755000114440918,15.789999961853027,15.755000114440918,15.789999961853027,79
2011-07-14,15.9350004196167,15.9350004196167,16.0,15.720000267028809,16.0,1908
2011-07-15,16.9950008392334,16.9950008392334,17.190000534057617,16.625,16.9950008392334,1111
2011-07-18,16.81999969482422,16.81999969482422,17.075000762939453,16.7549991607666,17.05500030517578,532
2011-07-19,16.55500030517578,16.55500030517578,17.030000686645508,16.5049991607666,16.81999969482422,1150
2011-07-20,16.774999618530273,16.774999618530273,16.895000457763672,16.454999923706055,16.559999465942383,647
2011-07-21,16.854999542236328,16.854999542236328,17.020000457763672,16.69499969482422,16.735000610351562,811
2011-07-22,16.739999771118164,16.739999771118164,16.889999389648438,16.690000534057617,16.799999237060547,265
2011-07-25,17.155000686645508,17.155000686645508,17.190000534057617,16.56999969482422,16.6299991607666,1429
2011-07-26,17.209999084472656,17.209999084472656,17.290000915527344,16.975000381469727,17.100000381469727,918
2011-07-27,16.795000076293945,16.795000076293945,17.184999465942383,16.709999084472656,17.184999465942383,1464
2011-07-28,16.389999389648438,16.389999389648438,16.915000915527344,16.295000076293945,16.700000762939453,1571
2011-07-29,16.114999771118164,16.114999771118164,16.389999389648438,16.100000381469727,16.344999313354492,1724
2011-08-01,16.2450008392334,16.2450008392334,16.614999771118164,16.125,16.184999465942383,1343
2011-08-02,16.3700008392334,16.3700008392334,16.450000762939453,16.06999969482422,16.264999389648438,1205
2011-08-03,16.344999313354492,16.344999313354492,16.530000686645508,16.225000381469727,16.434999465942383,664
2011-08-04,16.25,16.25,16.399999618530273,16.155000686645508,16.3799991607666,392
2011-08-05,16.295000076293945,16.295000076293945,16.34000015258789,15.885000228881836,16.239999771118164,1002
2011-08-08,16.270000457763672,16.270000457763672,16.440000534057617,16.135000228881836,16.280000686645508,664
2011-08-09,16.770000457763672,16.770000457763672,16.770000457763672,16.204999923706055,16.34000015258789,639
2011-08-10,16.94499969482422,16.94499969482422,17.360000610351562,16.795000076293945,16.899999618530273,1260
2011-08-11,16.864999771118164,16.864999771118164,17.094999313354492,16.44499969482422,16.889999389648438,1470
2011-08-12,16.809999465942383,16.809999465942383,16.850000381469727,16.575000762939453,16.790000915527344,502
2011-08-15,17.049999237060547,17.049999237060547,17.139999389648438,16.7450008392334,16.7450008392334,619
2011-08-16,17.059999465942383,17.059999465942383,17.18000030517578,16.94499969482422,17.040000915527344,698
2011-08-17,17.174999237060547,17.174999237060547,17.280000686645508,16.985000610351562,17.014999389648438,813
2011-08-18,16.885000228881836,16.885000228881836,17.135000228881836,16.735000610351562,17.09000015258789,1092
2011-08-19,16.7450008392334,16.7450008392334,16.889999389648438,16.385000228881836,16.81999969482422,622
2011-08-22,16.969999313354492,16.969999313354492,17.200000762939453,16.7450008392334,16.7450008392334,1137
2011-08-23,16.96500015258789,16.96500015258789,17.1200008392334,16.81999969482422,16.975000381469727,671
2011-08-24,16.854999542236328,16.854999542236328,16.950000762939453,16.809999465942383,16.920000076293945,815
2011-08-25,16.75,16.75,16.81999969482422,16.479999542236328,16.809999465942383,728
2011-08-26,16.989999771118164,16.989999771118164,17.079999923706055,16.655000686645508,16.75,1156
2011-08-29,17.229999542236328,17.229999542236328,17.30500030517578,16.959999084472656,16.9950008392334,1085
2011-08-30,17.399999618530273,17.399999618530273,17.450000762939453,17.28499984741211,17.309999465942383,1343
2011-08-31,17.68000030517578,17.68000030517578,17.850000381469727,17.405000686645508,17.424999237060547,568
2011-09-01,17.684999465942383,17.684999465942383,17.770000457763672,17.575000762939453,17.575000762939453,137
2011-09-02,17.959999084472656,17.959999084472656,18.0,17.825000762939453,17.825000762939453,54
2011-09-06,17.7549991607666,17.7549991607666,17.78499984741211,17.674999237060547,17.739999771118164,61
2011-09-07,17.90999984741211,17.90999984741211,18.010000228881836,17.90999984741211,17.9950008392334,50
2011-09-08,17.610000610351562,17.610000610351562,17.674999237060547,17.55500030517578,17.55500030517578,62
2011-09-09,18.059999465942383,18.059999465942383,17.729999542236328,17.700000762939453,17.700000762939453,37
2011-09-12,18.170000076293945,18.170000076293945,18.2549991607666,18.25,18.2549991607666,136
2011-09-13,17.889999389648438,17.889999389648438,18.040000915527344,18.014999389648438,18.040000915527344,3
2011-09-14,17.59000015258789,17.59000015258789,17.59000015258789,17.59000015258789,17.59000015258789,776
2011-09-15,17.924999237060547,17.924999237060547,17.950000762939453,17.6299991607666,17.81999969482422,866
2011-09-16,17.889999389648438,17.889999389648438,18.200000762939453,17.834999084472656,17.885000228881836,474
2011-09-19,17.389999389648438,17.389999389648438,17.834999084472656,17.389999389648438,17.834999084472656,1043
2011-09-20,17.19499969482422,17.19499969482422,17.459999084472656,16.850000381469727,17.2450008392334,975
2011-09-21,17.139999389648438,17.139999389648438,17.270000457763672,17.065000534057617,17.25,735
2011-09-22,16.665000915527344,16.665000915527344,17.18000030517578,16.639999389648438,17.1299991607666,1677
2011-09-23,16.485000610351562,16.485000610351562,16.889999389648438,16.420000076293945,16.719999313354492,1584
2011-09-26,16.125,16.125,16.530000686645508,16.03499984741211,16.530000686645508,1652
2011-09-27,16.350000381469727,16.350000381469727,16.524999618530273,16.100000381469727,16.174999237060547,963
2011-09-28,16.280000686645508,16.280000686645508,16.475000381469727,16.2450008392334,16.399999618530273,637
2011-09-29,16.079999923706055,16.079999923706055,16.375,16.049999237060547,16.295000076293945,1591
2011-09-30,15.949999809265137,15.949999809265137,16.125,15.8149995803833,16.079999923706055,1995
2011-10-03,15.989999771118164,15.989999771118164,16.104999542236328,15.789999961853027,15.949999809265137,1564
2011-10-04,15.845000267028809,15.845000267028809,16.094999313354492,15.829999923706055,15.979999542236328,808
2011-10-05,16.014999389648438,16.014999389648438,16.049999237060547,15.890000343322754,15.925000190734863,415
2011-10-06,15.930000305175781,15.930000305175781,16.139999389648438,15.90999984741211,16.03499984741211,866
2011-10-07,15.625,15.625,15.96500015258789,15.609999656677246,15.904999732971191,791
2011-10-10,15.515000343322754,15.515000343322754,15.805000305175781,15.510000228881836,15.614999771118164,999
2011-10-11,15.979999542236328,15.979999542236328,16.014999389648438,15.550000190734863,15.550000190734863,1799
2011-10-12,16.354999542236328,16.354999542236328,16.479999542236328,16.0,16.0,948
2011-10-13,16.405000686645508,16.405000686645508,16.479999542236328,16.139999389648438,16.395000457763672,463
2011-10-14,16.625,16.625,16.684999465942383,16.399999618530273,16.399999618530273,979
2011-10-17,16.524999618530273,16.524999618530273,16.815000534057617,16.475000381469727,16.690000534057617,683
2011-10-18,16.260000228881836,16.260000228881836,16.59000015258789,16.135000228881836,16.5,663
2011-10-19,16.450000762939453,16.450000762939453,16.559999465942383,16.299999237060547,16.299999237060547,385
2011-10-20,16.315000534057617,16.315000534057617,16.579999923706055,16.235000610351562,16.40999984741211,689
2011-10-21,16.405000686645508,16.405000686645508,16.510000228881836,16.18000030517578,16.3700008392334,667
2011-10-24,16.905000686645508,16.905000686645508,16.905000686645508,16.30500030517578,16.399999618530273,1283
2011-10-25,17.100000381469727,17.100000381469727,17.260000228881836,16.80500030517578,16.9950008392334,1388
2011-10-26,16.885000228881836,16.885000228881836,17.209999084472656,16.854999542236328,17.014999389648438,1346
2011-10-27,16.940000534057617,16.940000534057617,17.065000534057617,16.790000915527344,16.834999084472656,1952
2011-10-28,16.739999771118164,16.739999771118164,16.915000915527344,16.549999237060547,16.915000915527344,865
2011-10-31,16.639999389648438,16.639999389648438,16.764999389648438,16.399999618530273,16.700000762939453,343
2011-11-01,16.540000915527344,16.540000915527344,16.600000381469727,16.440000534057617,16.600000381469727,230
2011-11-02,16.139999389648438,16.139999389648438,16.700000762939453,16.139999389648438,16.700000762939453,193
2011-11-03,15.920000076293945,15.920000076293945,16.25,15.920000076293945,16.155000686645508,141
2011-11-04,15.895000457763672,15.895000457763672,15.895000457763672,15.895000457763672,15.895000457763672,0
2011-11-07,15.899999618530273,15.899999618530273,16.014999389648438,15.895000457763672,15.895000457763672,9
2011-11-08,15.710000038146973,15.710000038146973,15.885000228881836,15.710000038146973,15.880000114440918,99
2011-11-09,15.28499984741211,15.28499984741211,15.699999809265137,15.34000015258789,15.699999809265137,33
2011-11-10,15.03499984741211,15.03499984741211,15.03499984741211,15.03499984741211,15.03499984741211,4
2011-11-11,15.005000114440918,15.005000114440918,15.149999618530273,14.925000190734863,14.925000190734863,15
2011-11-14,15.050000190734863,15.050000190734863,15.050000190734863,15.050000190734863,15.050000190734863,459
2011-11-15,15.225000381469727,15.225000381469727,15.229999542236328,15.109999656677246,15.225000381469727,618
2011-11-16,14.954999923706055,14.954999923706055,15.265000343322754,14.854999542236328,15.225000381469727,797
2011-11-17,14.71500015258789,14.71500015258789,15.0,14.529999732971191,14.949999809265137,912
2011-11-18,14.680000305175781,14.680000305175781,14.819999694824219,14.454999923706055,14.739999771118164,715
2011-11-21,14.454999923706055,14.454999923706055,14.8149995803833,14.449999809265137,14.680000305175781,448
2011-11-22,14.3100004196167,14.3100004196167,14.574999809265137,14.21500015258789,14.454999923706055,729
2011-11-23,14.550000190734863,14.550000190734863,14.579999923706055,14.100000381469727,14.3149995803833,1129
2011-11-25,14.234999656677246,14.234999656677246,14.569999694824219,14.170000076293945,14.5600004196167,986
2011-11-28,14.145000457763672,14.145000457763672,14.4350004196167,14.130000114440918,14.260000228881836,684
2011-11-29,14.369999885559082,14.369999885559082,14.420000076293945,14.085000038146973,14.135000228881836,1445
2011-11-30,14.835000038146973,14.835000038146973,14.850000381469727,14.260000228881836,14.319999694824219,1434
2011-12-01,14.774999618530273,14.774999618530273,14.949999809265137,14.640000343322754,14.795000076293945,2281
2011-12-02,14.454999923706055,14.454999923706055,14.880000114440918,14.420000076293945,14.84000015258789,1094
2011-12-05,14.385000228881836,14.385000228881836,14.460000038146973,14.305000305175781,14.460000038146973,990
2011-12-06,14.595000267028809,14.595000267028809,14.760000228881836,14.3100004196167,14.454999923706055,1335
2011-12-07,14.385000228881836,14.385000228881836,14.725000381469727,14.380000114440918,14.725000381469727,525
2011-12-08,14.220000267028809,14.220000267028809,14.585000038146973,14.210000038146973,14.380000114440918,467
2011-12-09,14.010000228881836,14.010000228881836,14.350000381469727,14.010000228881836,14.210000038146973,582
2011-12-12,13.795000076293945,13.795000076293945,14.1850004196167,13.774999618530273,14.029999732971191,891
2011-12-13,13.850000381469727,13.850000381469727,13.949999809265137,13.779999732971191,13.850000381469727,727
2011-12-14,13.649999618530273,13.649999618530273,13.895000457763672,13.649999618530273,13.875,526
2011-12-15,13.664999961853027,13.664999961853027,13.744999885559082,13.505000114440918,13.725000381469727,701
2011-12-16,13.6850004196167,13.6850004196167,13.880000114440918,13.5649995803833,13.729999542236328,536
2011-12-19,13.875,13.875,13.904999732971191,13.630000114440918,13.760000228881836,994
2011-12-20,13.989999771118164,13.989999771118164,14.229999542236328,13.930000305175781,13.970000267028809,882
2011-12-21,14.149999618530273,14.149999618530273,14.28499984741211,13.979999542236328,13.979999542236328,875
2011-12-22,14.050000190734863,14.050000190734863,14.279999732971191,14.010000228881836,14.180000305175781,727
2011-12-23,13.904999732971191,13.904999732971191,14.0600004196167,13.890000343322754,14.010000228881836,856
2011-12-27,13.800000190734863,13.800000190734863,13.989999771118164,13.795000076293945,13.890000343322754,1049
2011-12-28,13.75,13.75,13.869999885559082,13.609999656677246,13.765000343322754,1403
2011-12-29,14.25,14.25,14.255000114440918,13.699999809265137,13.734999656677246,1024
2011-12-30,14.604999542236328,14.604999542236328,14.630000114440918,14.274999618530273,14.274999618530273,438
2012-01-03,14.395000457763672,14.395000457763672,14.904999732971191,14.390000343322754,14.675000190734863,169
2012-01-04,14.40999984741211,14.40999984741211,14.449999809265137,14.34000015258789,14.390000343322754,28
2012-01-05,14.319999694824219,14.319999694824219,14.350000381469727,14.319999694824219,14.350000381469727,87
2012-01-06,14.460000038146973,14.460000038146973,14.460000038146973,14.4350004196167,14.4350004196167,204
2012-01-09,14.600000381469727,14.600000381469727,14.75,14.5600004196167,14.699999809265137,11
2012-01-10,14.555000305175781,14.555000305175781,14.555000305175781,14.555000305175781,14.555000305175781,19
2012-01-11,14.579999923706055,14.579999923706055,14.579999923706055,14.579999923706055,14.579999923706055,18
2012-01-12,14.364999771118164,14.364999771118164,14.460000038146973,14.364999771118164,14.460000038146973,21
2012-01-13,14.385000228881836,14.385000228881836,14.449999809265137,14.375,14.375,348
2012-01-17,14.805000305175781,14.805000305175781,14.895000457763672,14.420000076293945,14.4399995803833,698
2012-01-18,14.579999923706055,14.579999923706055,14.869999885559082,14.4399995803833,14.725000381469727,1003
2012-01-19,14.524999618530273,14.524999618530273,14.670000076293945,14.46500015258789,14.600000381469727,255
2012-01-20,14.53499984741211,14.53499984741211,14.645000457763672,14.40999984741211,14.630000114440918,230
2012-01-23,14.680000305175781,14.680000305175781,14.850000381469727,14.5,14.555000305175781,319
2012-01-24,14.614999771118164,14.614999771118164,14.710000038146973,14.4399995803833,14.675000190734863,947
2012-01-25,14.59000015258789,14.59000015258789,14.699999809265137,14.569999694824219,14.630000114440918,370
2012-01-26,14.6899995803833,14.6899995803833,14.829999923706055,14.569999694824219,14.604999542236328,508
2012-01-27,14.635000228881836,14.635000228881836,14.680000305175781,14.569999694824219,14.664999961853027,330
2012-01-30,14.454999923706055,14.454999923706055,14.680000305175781,14.4399995803833,14.635000228881836,1155
2012-01-31,14.0,14.0,14.539999961853027,13.989999771118164,14.479999542236328,2246
2012-02-01,13.739999771118164,13.739999771118164,14.104999542236328,13.5,14.03499984741211,2180
2012-02-02,13.640000343322754,13.640000343322754,13.895000457763672,13.609999656677246,13.850000381469727,935
2012-02-03,13.875,13.875,13.949999809265137,13.670000076293945,13.720000267028809,869
2012-02-06,13.9399995803833,13.9399995803833,13.960000038146973,13.824999809265137,13.925000190734863,633
2012-02-07,14.104999542236328,14.104999542236328,14.114999771118164,13.779999732971191,13.9350004196167,1070
2012-02-08,14.204999923706055,14.204999923706055,14.239999771118164,14.024999618530273,14.095000267028809,760
2012-02-09,14.079999923706055,14.079999923706055,14.21500015258789,14.005000114440918,14.1899995803833,494
2012-02-10,13.71500015258789,13.71500015258789,14.079999923706055,13.704999923706055,14.050000190734863,1135
2012-02-13,14.135000228881836,14.135000228881836,14.154999732971191,13.75,13.755000114440918,2150
2012-02-14,14.385000228881836,14.385000228881836,14.4399995803833,14.100000381469727,14.175000190734863,1641
2012-02-15,14.345000267028809,14.345000267028809,14.515000343322754,14.270000457763672,14.395000457763672,1105
2012-02-16,14.300000190734863,14.300000190734863,14.484999656677246,14.229999542236328,14.300000190734863,1550
2012-02-17,14.135000228881836,14.135000228881836,14.414999961853027,14.100000381469727,14.295000076293945,1369
2012-02-21,13.829999923706055,13.829999923706055,14.25,13.8100004196167,14.1899995803833,2017
2012-02-22,13.920000076293945,13.920000076293945,13.96500015258789,13.800000190734863,13.829999923706055,1097
2012-02-23,13.96500015258789,13.96500015258789,14.055000305175781,13.925000190734863,13.9350004196167,819
2012-02-24,14.204999923706055,14.204999923706055,14.220000267028809,13.890000343322754,14.024999618530273,1408
2012-02-27,14.199999809265137,14.199999809265137,14.300000190734863,14.079999923706055,14.1899995803833,1366
2012-02-28,14.170000076293945,14.170000076293945,14.225000381469727,14.020000457763672,14.180000305175781,1913
2012-02-29,14.204999923706055,14.204999923706055,14.260000228881836,14.045000076293945,14.164999961853027,584
2012-03-01,14.0,14.0,14.319999694824219,14.0,14.319999694824219,232
2012-03-02,14.265000343322754,14.265000343322754,14.265000343322754,13.864999771118164,13.975000381469727,117
2012-03-05,14.104999542236328,14.104999542236328,14.199999809265137,14.095000267028809,14.095000267028809,171
2012-03-06,14.015000343322754,14.015000343322754,14.015000343322754,14.015000343322754,14.015000343322754,38
2012-03-07,14.0,14.0,14.079999923706055,14.0,14.0649995803833,91
2012-03-08,13.71500015258789,13.71500015258789,13.829999923706055,13.71500015258789,13.829999923706055,2
2012-03-09,13.930000305175781,13.930000305175781,13.930000305175781,13.725000381469727,13.725000381469727,1
2012-03-12,14.130000114440918,14.130000114440918,14.130000114440918,14.130000114440918,14.130000114440918,1
2012-03-13,14.125,14.125,14.125,14.09000015258789,14.119999885559082,7
2012-03-14,13.954999923706055,13.954999923706055,13.954999923706055,13.954999923706055,13.954999923706055,1157
2012-03-15,14.319999694824219,14.319999694824219,14.390000343322754,13.899999618530273,13.899999618530273,1320
2012-03-16,14.53499984741211,14.53499984741211,14.574999809265137,14.225000381469727,14.34000015258789,1205
2012-03-19,14.604999542236328,14.604999542236328,14.739999771118164,14.395000457763672,14.505000114440918,1100
2012-03-20,14.364999771118164,14.364999771118164,14.710000038146973,14.149999618530273,14.640000343322754,1104
2012-03-21,14.345000267028809,14.345000267028809,14.619999885559082,14.305000305175781,14.305000305175781,1154
2012-03-22,14.404999732971191,14.404999732971191,14.46500015258789,14.220000267028809,14.375,331
2012-03-23,14.600000381469727,14.600000381469727,14.6899995803833,14.4350004196167,14.4399995803833,1174
2012-03-26,14.805000305175781,14.805000305175781,14.819999694824219,14.569999694824219,14.635000228881836,1766
2012-03-27,15.095000267028809,15.095000267028809,15.270000457763672,14.6850004196167,14.760000228881836,1843
2012-03-28,14.739999771118164,14.739999771118164,15.164999961853027,14.625,15.085000038146973,1509
2012-03-29,14.899999618530273,14.899999618530273,15.074999809265137,14.710000038146973,14.710000038146973,1952
2012-03-30,14.765000343322754,14.765000343322754,15.045000076293945,14.470000267028809,14.9350004196167,2123
2012-04-02,14.885000228881836,14.885000228881836,14.930000305175781,14.550000190734863,14.699999809265137,1120
2012-04-03,14.930000305175781,14.930000305175781,15.03499984741211,14.760000228881836,14.869999885559082,495
2012-04-04,14.904999732971191,14.904999732971191,14.960000038146973,14.654999732971191,14.930000305175781,491
2012-04-05,15.045000076293945,15.045000076293945,15.069999694824219,14.824999809265137,14.899999618530273,313
2012-04-09,14.875,14.875,15.079999923706055,14.744999885559082,15.045000076293945,561
2012-04-10,14.864999771118164,14.864999771118164,14.979999542236328,14.600000381469727,14.864999771118164,1899
2012-04-11,14.9350004196167,14.9350004196167,14.949999809265137,14.800000190734863,14.859999656677246,847
2012-04-12,15.364999771118164,15.364999771118164,15.4350004196167,14.970000267028809,14.970000267028809,2251
2012-04-13,15.3100004196167,15.3100004196167,15.46500015258789,15.279999732971191,15.364999771118164,1553
2012-04-16,15.430000305175781,15.430000305175781,15.444999694824219,15.25,15.329999923706055,999
2012-04-17,15.569999694824219,15.569999694824219,15.609999656677246,15.324999809265137,15.404999732971191,1262
2012-04-18,15.479999542236328,15.479999542236328,15.53499984741211,15.40999984741211,15.5,848
2012-04-19,15.34000015258789,15.34000015258789,15.5,15.270000457763672,15.5,831
2012-04-20,15.505000114440918,15.505000114440918,15.585000038146973,15.25,15.319999694824219,1031
2012-04-23,15.670000076293945,15.670000076293945,15.6850004196167,15.3100004196167,15.420000076293945,1292
2012-04-24,15.664999961853027,15.664999961853027,15.71500015258789,15.579999923706055,15.619999885559082,659
2012-04-25,15.744999885559082,15.744999885559082,15.755000114440918,15.505000114440918,15.579999923706055,1043
2012-04-26,15.420000076293945,15.420000076293945,15.744999885559082,15.420000076293945,15.734999656677246,2008
2012-04-27,14.984999656677246,14.984999656677246,15.444999694824219,14.829999923706055,15.260000228881836,2313
2012-04-30,14.864999771118164,14.864999771118164,15.045000076293945,14.835000038146973,14.899999618530273,206
2012-05-01,14.755000114440918,14.755000114440918,14.770000457763672,14.604999542236328,14.770000457763672,63
2012-05-02,14.595000267028809,14.595000267028809,14.595000267028809,14.595000267028809,14.595000267028809,69
2012-05-03,14.9350004196167,14.9350004196167,14.9350004196167,14.739999771118164,14.739999771118164,111
2012-05-04,14.954999923706055,14.954999923706055,14.954999923706055,14.755000114440918,14.765000343322754,77
2012-05-07,14.96500015258789,14.96500015258789,14.96500015258789,14.96500015258789,14.96500015258789,49
2012-05-08,15.0649995803833,15.0649995803833,15.0649995803833,14.994999885559082,15.0600004196167,42
2012-05-09,15.15999984741211,15.15999984741211,15.15999984741211,15.15999984741211,15.15999984741211,20
2012-05-10,15.555000305175781,15.555000305175781,15.555000305175781,15.555000305175781,15.555000305175781,52
2012-05-11,15.484999656677246,15.484999656677246,15.484999656677246,15.460000038146973,15.460000038146973,16
2012-05-14,15.484999656677246,15.484999656677246,15.484999656677246,15.484999656677246,15.484999656677246,689
2012-05-15,15.475000381469727,15.475000381469727,15.694999694824219,15.364999771118164,15.569999694824219,597
2012-05-16,15.114999771118164,15.114999771118164,15.444999694824219,15.050000190734863,15.380000114440918,1179
2012-05-17,15.265000343322754,15.265000343322754,15.3149995803833,15.140000343322754,15.145000457763672,466
2012-05-18,15.175000190734863,15.175000190734863,15.265000343322754,15.119999885559082,15.260000228881836,615
2012-05-21,15.430000305175781,15.430000305175781,15.46500015258789,15.15999984741211,15.180000305175781,1092
2012-05-22,15.244999885559082,15.244999885559082,15.479999542236328,15.204999923706055,15.40999984741211,499
2012-05-23,15.069999694824219,15.069999694824219,15.390000343322754,15.015000343322754,15.3100004196167,857
2012-05-24,14.895000457763672,14.895000457763672,15.220000267028809,14.75,15.0600004196167,854
2012-05-25,14.505000114440918,14.505000114440918,14.920000076293945,14.479999542236328,14.899999618530273,1714
2012-05-29,14.25,14.25,14.585000038146973,14.239999771118164,14.53499984741211,1087
2012-05-30,14.265000343322754,14.265000343322754,14.425000190734863,14.239999771118164,14.345000267028809,1471
2012-05-31,14.225000381469727,14.225000381469727,14.345000267028809,14.210000038146973,14.255000114440918,969
2012-06-01,14.039999961853027,14.039999961853027,14.425000190734863,14.029999732971191,14.204999923706055,1369
2012-06-04,13.760000228881836,13.760000228881836,14.055000305175781,13.75,14.039999961853027,1632
2012-06-05,13.800000190734863,13.800000190734863,13.890000343322754,13.725000381469727,13.765000343322754,617
2012-06-06,14.0649995803833,14.0649995803833,14.130000114440918,13.8100004196167,13.829999923706055,787
2012-06-07,14.225000381469727,14.225000381469727,14.255000114440918,14.045000076293945,14.095000267028809,825
2012-06-08,14.050000190734863,14.050000190734863,14.25,14.029999732971191,14.25,498
2012-06-11,14.055000305175781,14.055000305175781,14.234999656677246,14.010000228881836,14.079999923706055,663
2012-06-12,14.100000381469727,14.100000381469727,14.175000190734863,13.960000038146973,14.015000343322754,1098
2012-06-13,13.895000457763672,13.895000457763672,14.15999984741211,13.880000114440918,14.125,984
2012-06-14,13.970000267028809,13.970000267028809,14.050000190734863,13.829999923706055,13.875,1029
2012-06-15,13.920000076293945,13.920000076293945,14.145000457763672,13.875,14.095000267028809,531
2012-06-18,14.050000190734863,14.050000190734863,14.079999923706055,13.880000114440918,14.079999923706055,673
2012-06-19,14.494999885559082,14.494999885559082,14.550000190734863,14.074999809265137,14.074999809265137,1932
2012-06-20,14.494999885559082,14.494999885559082,14.704999923706055,14.395000457763672,14.510000228881836,903
2012-06-21,14.335000038146973,14.335000038146973,14.625,14.300000190734863,14.399999618530273,602
2012-06-22,14.470000267028809,14.470000267028809,14.59000015258789,14.255000114440918,14.265000343322754,1013
2012-06-25,14.6850004196167,14.6850004196167,14.6899995803833,14.46500015258789,14.5649995803833,933
2012-06-26,14.770000457763672,14.770000457763672,15.045000076293945,14.609999656677246,14.675000190734863,1372
2012-06-27,14.739999771118164,14.739999771118164,14.920000076293945,14.739999771118164,14.824999809265137,1485
2012-06-28,14.5649995803833,14.5649995803833,14.819999694824219,14.5600004196167,14.699999809265137,2589
2012-06-29,14.1899995803833,14.1899995803833,14.475000381469727,14.015000343322754,14.475000381469727,306
2012-07-02,14.390000343322754,14.390000343322754,14.5,14.300000190734863,14.300000190734863,164
2012-07-03,14.71500015258789,14.71500015258789,14.71500015258789,14.59000015258789,14.609999656677246,126
2012-07-05,14.859999656677246,14.859999656677246,14.90999984741211,14.84000015258789,14.84000015258789,187
2012-07-06,14.765000343322754,14.765000343322754,14.765000343322754,14.755000114440918,14.755000114440918,22
2012-07-09,14.954999923706055,14.954999923706055,15.0,14.850000381469727,14.850000381469727,31
2012-07-10,15.149999618530273,15.149999618530273,15.279999732971191,14.949999809265137,14.949999809265137,55
2012-07-11,14.824999809265137,14.824999809265137,15.274999618530273,14.824999809265137,15.274999618530273,58
2012-07-12,14.720000267028809,14.720000267028809,14.734999656677246,14.71500015258789,14.734999656677246,48
2012-07-13,14.859999656677246,14.859999656677246,14.859999656677246,14.859999656677246,14.859999656677246,582
2012-07-16,15.640000343322754,15.640000343322754,15.765000343322754,15.28499984741211,15.28499984741211,753
2012-07-17,15.555000305175781,15.555000305175781,15.75,15.529999732971191,15.625,477
2012-07-18,15.53499984741211,15.53499984741211,15.614999771118164,15.369999885559082,15.539999961853027,484
2012-07-19,15.494999885559082,15.494999885559082,15.8100004196167,15.414999961853027,15.555000305175781,661
2012-07-20,15.53499984741211,15.53499984741211,15.710000038146973,15.430000305175781,15.4350004196167,253
2012-07-23,15.449999809265137,15.449999809265137,15.569999694824219,15.25,15.545000076293945,521
2012-07-24,15.180000305175781,15.180000305175781,15.550000190734863,15.050000190734863,15.4350004196167,580
2012-07-25,15.5649995803833,15.5649995803833,15.569999694824219,15.104999542236328,15.265000343322754,425
2012-07-26,15.380000114440918,15.380000114440918,15.609999656677246,15.364999771118164,15.5,267
2012-07-27,15.600000381469727,15.600000381469727,15.699999809265137,15.364999771118164,15.375,647
2012-07-30,15.835000038146973,15.835000038146973,15.84000015258789,15.595000267028809,15.600000381469727,1135
2012-07-31,15.614999771118164,15.614999771118164,15.8100004196167,15.529999732971191,15.640000343322754,981
2012-08-01,15.585000038146973,15.585000038146973,15.694999694824219,15.479999542236328,15.574999809265137,1001
2012-08-02,15.875,15.875,15.880000114440918,15.5600004196167,15.635000228881836,615
2012-08-03,15.975000381469727,15.975000381469727,16.020000457763672,15.805000305175781,15.829999923706055,993
2012-08-06,15.949999809265137,15.949999809265137,16.09000015258789,15.78499984741211,15.925000190734863,509
2012-08-07,15.744999885559082,15.744999885559082,15.979999542236328,15.710000038146973,15.869999885559082,229
2012-08-08,15.6850004196167,15.6850004196167,15.75,15.630000114440918,15.710000038146973,416
2012-08-09,15.920000076293945,15.920000076293945,15.9399995803833,15.604999542236328,15.680000305175781,416
2012-08-10,15.944999694824219,15.944999694824219,16.040000915527344,15.859999656677246,15.890000343322754,624
2012-08-13,15.654999732971191,15.654999732971191,15.895000457763672,15.46500015258789,15.895000457763672,2038
2012-08-14,15.289999961853027,15.289999961853027,15.699999809265137,15.270000457763672,15.664999961853027,1395
2012-08-15,15.164999961853027,15.164999961853027,15.34000015258789,15.0600004196167,15.335000038146973,806
2012-08-16,15.319999694824219,15.319999694824219,15.34000015258789,14.890000343322754,15.239999771118164,877
2012-08-17,15.420000076293945,15.420000076293945,15.4350004196167,15.229999542236328,15.324999809265137,915
2012-08-20,15.595000267028809,15.595000267028809,15.614999771118164,15.364999771118164,15.364999771118164,615
2012-08-21,15.720000267028809,15.720000267028809,15.824999809265137,15.545000076293945,15.574999809265137,1474
2012-08-22,15.585000038146973,15.585000038146973,15.699999809265137,15.569999694824219,15.670000076293945,724
2012-08-23,15.420000076293945,15.420000076293945,15.579999923706055,15.359999656677246,15.494999885559082,1140
2012-08-24,15.40999984741211,15.40999984741211,15.545000076293945,15.3100004196167,15.420000076293945,624
2012-08-27,15.3100004196167,15.3100004196167,15.640000343322754,15.300000190734863,15.420000076293945,705
2012-08-28,15.385000228881836,15.385000228881836,15.390000343322754,15.265000343322754,15.28499984741211,635
2012-08-29,15.225000381469727,15.225000381469727,15.395000457763672,15.210000038146973,15.34000015258789,741
2012-08-30,15.03499984741211,15.03499984741211,15.380000114440918,14.84000015258789,15.380000114440918,1277
2012-08-31,15.010000228881836,15.010000228881836,15.100000381469727,14.925000190734863,15.050000190734863,94
2012-09-04,14.920000076293945,14.920000076293945,14.979999542236328,14.920000076293945,14.979999542236328,95
2012-09-05,14.675000190734863,14.675000190734863,14.850000381469727,14.649999618530273,14.835000038146973,30
2012-09-06,14.380000114440918,14.380000114440918,14.539999961853027,14.380000114440918,14.539999961853027,12
2012-09-07,14.71500015258789,14.71500015258789,14.71500015258789,14.40999984741211,14.40999984741211,16
2012-09-10,14.53499984741211,14.53499984741211,14.739999771118164,14.53499984741211,14.734999656677246,30
2012-09-11,14.489999771118164,14.489999771118164,14.489999771118164,14.489999771118164,14.489999771118164,8
2012-09-12,14.720000267028809,14.720000267028809,14.720000267028809,14.720000267028809,14.720000267028809,46
2012-09-13,14.869999885559082,14.869999885559082,14.869999885559082,14.729999542236328,14.729999542236328,46
2012-09-14,15.100000381469727,15.100000381469727,15.100000381469727,15.100000381469727,15.100000381469727,620
2012-09-17,15.289999961853027,15.289999961853027,15.399999618530273,15.239999771118164,15.300000190734863,356
2012-09-18,14.944999694824219,14.944999694824219,15.369999885559082,14.9350004196167,15.260000228881836,627
2012-09-19,15.119999885559082,15.119999885559082,15.135000228881836,14.699999809265137,14.960000038146973,945
2012-09-20,15.1899995803833,15.1899995803833,15.220000267028809,15.029999732971191,15.170000076293945,420
2012-09-21,15.239999771118164,15.239999771118164,15.399999618530273,15.180000305175781,15.180000305175781,539
2012-09-24,15.1850004196167,15.1850004196167,15.295000076293945,15.119999885559082,15.239999771118164,394
2012-09-25,14.885000228881836,14.885000228881836,15.15999984741211,14.84000015258789,15.145000457763672,601
2012-09-26,15.0,15.0,15.029999732971191,14.850000381469727,14.895000457763672,528
2012-09-27,15.164999961853027,15.164999961853027,15.210000038146973,14.949999809265137,14.949999809265137,963
2012-09-28,15.475000381469727,15.475000381469727,15.489999771118164,15.100000381469727,15.15999984741211,1524
2012-10-01,15.239999771118164,15.239999771118164,15.449999809265137,15.199999809265137,15.4350004196167,1121
2012-10-02,15.369999885559082,15.369999885559082,15.399999618530273,15.164999961853027,15.204999923706055,391
2012-10-03,15.239999771118164,15.239999771118164,15.364999771118164,15.199999809265137,15.279999732971191,199
2012-10-04,15.369999885559082,15.369999885559082,15.390000343322754,15.210000038146973,15.210000038146973,278
2012-10-05,15.104999542236328,15.104999542236328,15.359999656677246,15.024999618530273,15.300000190734863,500
2012-10-08,15.364999771118164,15.364999771118164,15.369999885559082,15.015000343322754,15.09000015258789,949
2012-10-09,15.229999542236328,15.229999542236328,15.4350004196167,15.21500015258789,15.350000381469727,318
2012-10-10,15.024999618530273,15.024999618530273,15.265000343322754,15.020000457763672,15.234999656677246,521
2012-10-11,14.975000381469727,14.975000381469727,15.125,14.954999923706055,15.029999732971191,561
2012-10-12,15.024999618530273,15.024999618530273,15.050000190734863,14.829999923706055,14.979999542236328,1133
2012-10-15,15.010000228881836,15.010000228881836,15.0649995803833,14.949999809265137,15.020000457763672,520
2012-10-16,14.869999885559082,14.869999885559082,15.010000228881836,14.854999542236328,14.989999771118164,595
2012-10-17,15.135000228881836,15.135000228881836,15.244999885559082,14.850000381469727,14.850000381469727,1578
2012-10-18,14.925000190734863,14.925000190734863,15.21500015258789,14.920000076293945,15.119999885559082,1231
2012-10-19,15.020000457763672,15.020000457763672,15.069999694824219,14.890000343322754,14.949999809265137,956
2012-10-22,14.899999618530273,14.899999618530273,15.119999885559082,14.890000343322754,15.050000190734863,1678
2012-10-23,14.979999542236328,14.979999542236328,15.029999732971191,14.864999771118164,14.904999732971191,1409
2012-10-24,15.055000305175781,15.055000305175781,15.220000267028809,14.904999732971191,14.984999656677246,883
2012-10-25,14.914999961853027,14.914999961853027,15.055000305175781,14.899999618530273,15.0,1124
2012-10-26,14.795000076293945,14.795000076293945,14.920000076293945,14.760000228881836,14.90999984741211,1287
2012-10-31,14.829999923706055,14.829999923706055,14.854999542236328,14.71500015258789,14.71500015258789,253
2012-11-01,14.765000343322754,14.765000343322754,14.890000343322754,14.765000343322754,14.890000343322754,66
2012-11-02,14.710000038146973,14.710000038146973,14.779999732971191,14.694999694824219,14.770000457763672,34
2012-11-05,14.859999656677246,14.859999656677246,14.859999656677246,14.65999984741211,14.675000190734863,7
2012-11-06,15.03499984741211,15.03499984741211,15.03499984741211,15.03499984741211,15.03499984741211,15
2012-11-07,14.9350004196167,14.9350004196167,14.9350004196167,14.9350004196167,14.9350004196167,3
2012-11-08,14.770000457763672,14.770000457763672,14.770000457763672,14.770000457763672,14.770000457763672,3
2012-11-09,14.9399995803833,14.9399995803833,14.9399995803833,14.800000190734863,14.819999694824219,13
2012-11-12,14.625,14.625,14.625,14.625,14.625,5
2012-11-13,14.515000343322754,14.515000343322754,14.515000343322754,14.515000343322754,14.515000343322754,5
2012-11-14,14.380000114440918,14.380000114440918,14.380000114440918,14.380000114440918,14.380000114440918,756
2012-11-15,14.864999771118164,14.864999771118164,14.869999885559082,14.630000114440918,14.664999961853027,445
2012-11-16,14.845000267028809,14.845000267028809,14.930000305175781,14.770000457763672,14.880000114440918,314
2012-11-19,14.845000267028809,14.845000267028809,14.925000190734863,14.779999732971191,14.869999885559082,143
2012-11-20,14.925000190734863,14.925000190734863,14.9399995803833,14.800000190734863,14.819999694824219,263
2012-11-21,14.829999923706055,14.829999923706055,14.949999809265137,14.805000305175781,14.869999885559082,264
2012-11-23,15.03499984741211,15.03499984741211,15.069999694824219,14.835000038146973,14.835000038146973,582
2012-11-26,14.920000076293945,14.920000076293945,15.095000267028809,14.914999961853027,15.0600004196167,393
2012-11-27,15.085000038146973,15.085000038146973,15.100000381469727,14.90999984741211,14.920000076293945,625
2012-11-28,15.1899995803833,15.1899995803833,15.199999809265137,14.944999694824219,15.0649995803833,478
2012-11-29,15.109999656677246,15.109999656677246,15.274999618530273,15.100000381469727,15.180000305175781,916
2012-11-30,15.270000457763672,15.270000457763672,15.329999923706055,15.109999656677246,15.140000343322754,1140
2012-12-03,15.375,15.375,15.40999984741211,15.260000228881836,15.260000228881836,1062
2012-12-04,15.40999984741211,15.40999984741211,15.550000190734863,15.335000038146973,15.345000267028809,907
2012-12-05,15.555000305175781,15.555000305175781,15.5600004196167,15.380000114440918,15.399999618530273,1933
2012-12-06,15.3100004196167,15.3100004196167,15.579999923706055,15.265000343322754,15.545000076293945,1061
2012-12-07,15.265000343322754,15.265000343322754,15.484999656677246,15.244999885559082,15.300000190734863,1342
2012-12-10,15.449999809265137,15.449999809265137,15.479999542236328,15.085000038146973,15.25,626
2012-12-11,15.520000457763672,15.520000457763672,15.524999618530273,15.375,15.4399995803833,502
2012-12-12,15.345000267028809,15.345000267028809,15.529999732971191,15.329999923706055,15.484999656677246,1721
2012-12-13,15.5,15.5,15.529999732971191,15.270000457763672,15.319999694824219,980
2012-12-14,15.420000076293945,15.420000076293945,15.524999618530273,15.350000381469727,15.479999542236328,935
2012-12-17,15.204999923706055,15.204999923706055,15.449999809265137,15.194999694824219,15.380000114440918,1041
2012-12-18,15.154999732971191,15.154999732971191,15.350000381469727,15.154999732971191,15.350000381469727,579
2012-12-19,15.194999694824219,15.194999694824219,15.210000038146973,15.119999885559082,15.210000038146973,1093
2012-12-20,15.274999618530273,15.274999618530273,15.274999618530273,15.149999618530273,15.229999542236328,552
2012-12-21,15.204999923706055,15.204999923706055,15.34000015258789,15.194999694824219,15.305000305175781,1118
2012-12-24,15.345000267028809,15.345000267028809,15.369999885559082,15.149999618530273,15.204999923706055,733
2012-12-26,15.149999618530273,15.149999618530273,15.350000381469727,15.145000457763672,15.3149995803833,1460
2012-12-27,14.994999885559082,14.994999885559082,15.145000457763672,14.979999542236328,15.145000457763672,2039
2012-12-28,14.954999923706055,14.954999923706055,15.09000015258789,14.90999984741211,14.989999771118164,955
2012-12-31,14.859999656677246,14.859999656677246,15.005000114440918,14.859999656677246,14.949999809265137,100
2013-01-02,14.755000114440918,14.755000114440918,14.8100004196167,14.755000114440918,14.800000190734863,16
2013-01-03,14.779999732971191,14.779999732971191,14.779999732971191,14.645000457763672,14.75,17
2013-01-04,15.029999732971191,15.029999732971191,15.029999732971191,14.970000267028809,14.970000267028809,5
2013-01-07,14.975000381469727,14.975000381469727,14.975000381469727,14.975000381469727,14.975000381469727,4
2013-01-08,14.960000038146973,14.960000038146973,14.960000038146973,14.960000038146973,14.960000038146973,4
2013-01-09,15.0,15.0,15.0,15.0,15.0,4
2013-01-10,14.869999885559082,14.869999885559082,15.039999961853027,14.869999885559082,15.039999961853027,3
2013-01-11,15.03499984741211,15.03499984741211,15.045000076293945,14.850000381469727,14.850000381469727,27
2013-01-14,14.850000381469727,14.850000381469727,14.850000381469727,14.850000381469727,14.850000381469727,511
2013-01-15,15.0600004196167,15.0600004196167,15.114999771118164,15.010000228881836,15.079999923706055,426
2013-01-16,15.149999618530273,15.149999618530273,15.199999809265137,14.989999771118164,15.020000457763672,576
2013-01-17,15.239999771118164,15.239999771118164,15.25,15.100000381469727,15.149999618530273,211
2013-01-18,15.15999984741211,15.15999984741211,15.270000457763672,15.145000457763672,15.239999771118164,239
2013-01-22,15.399999618530273,15.399999618530273,15.449999809265137,15.15999984741211,15.15999984741211,726
2013-01-23,15.305000305175781,15.305000305175781,15.4399995803833,15.295000076293945,15.380000114440918,761
2013-01-24,15.28499984741211,15.28499984741211,15.369999885559082,15.229999542236328,15.305000305175781,351
2013-01-25,15.479999542236328,15.479999542236328,15.489999771118164,15.255000114440918,15.335000038146973,458
2013-01-28,15.350000381469727,15.350000381469727,15.5,15.3100004196167,15.479999542236328,231
2013-01-29,15.524999618530273,15.524999618530273,15.539999961853027,15.220000267028809,15.350000381469727,1100
2013-01-30,15.399999618530273,15.399999618530273,15.53499984741211,15.369999885559082,15.475000381469727,933
2013-01-31,15.505000114440918,15.505000114440918,15.529999732971191,15.364999771118164,15.425000190734863,1146
2013-02-01,15.5600004196167,15.5600004196167,15.585000038146973,15.40999984741211,15.494999885559082,1366
2013-02-04,15.90999984741211,15.90999984741211,15.949999809265137,15.489999771118164,15.489999771118164,1716
2013-02-05,16.149999618530273,16.149999618530273,16.290000915527344,15.84000015258789,15.84000015258789,2262
2013-02-06,16.200000762939453,16.200000762939453,16.229999542236328,16.040000915527344,16.100000381469727,1100
2013-02-07,16.1200008392334,16.1200008392334,16.25,16.09000015258789,16.1200008392334,920
2013-02-08,16.344999313354492,16.344999313354492,16.350000381469727,16.100000381469727,16.100000381469727,2115
2013-02-11,15.845000267028809,15.845000267028809,16.329999923706055,15.845000267028809,16.295000076293945,1124
2013-02-12,15.65999984741211,15.65999984741211,15.90999984741211,15.604999542236328,15.904999732971191,900
2013-02-13,15.854999542236328,15.854999542236328,15.885000228881836,15.664999961853027,15.6899995803833,330
2013-02-14,15.720000267028809,15.720000267028809,15.875,15.710000038146973,15.875,308
2013-02-15,15.835000038146973,15.835000038146973,15.880000114440918,15.729999542236328,15.729999542236328,1317
2013-02-19,15.920000076293945,15.920000076293945,15.994999885559082,15.65999984741211,15.795000076293945,630
2013-02-20,16.024999618530273,16.024999618530273,16.075000762939453,15.824999809265137,15.930000305175781,1152
2013-02-21,15.835000038146973,15.835000038146973,16.020000457763672,15.8100004196167,15.989999771118164,1657
2013-02-22,15.585000038146973,15.585000038146973,15.875,15.555000305175781,15.8149995803833,664
2013-02-25,15.420000076293945,15.420000076293945,15.604999542236328,15.399999618530273,15.59000015258789,1527
2013-02-26,15.479999542236328,15.479999542236328,15.510000228881836,15.319999694824219,15.420000076293945,1297
2013-02-27,15.475000381469727,15.475000381469727,15.539999961853027,15.380000114440918,15.380000114440918,1819
2013-02-28,15.5,15.5,15.539999961853027,15.395000457763672,15.449999809265137,58
2013-03-01,15.529999732971191,15.529999732971191,15.680000305175781,15.529999732971191,15.680000305175781,258
2013-03-04,15.335000038146973,15.335000038146973,15.4399995803833,15.335000038146973,15.4399995803833,102
2013-03-05,15.130000114440918,15.130000114440918,15.350000381469727,15.130000114440918,15.350000381469727,43
2013-03-06,15.095000267028809,15.095000267028809,15.095000267028809,15.095000267028809,15.095000267028809,43
2013-03-07,15.15999984741211,15.15999984741211,15.15999984741211,15.15999984741211,15.15999984741211,43
2013-03-08,15.125,15.125,15.154999732971191,15.125,15.154999732971191,3
2013-03-11,15.0,15.0,15.0,15.0,15.0,3
2013-03-12,15.015000343322754,15.015000343322754,15.295000076293945,15.015000343322754,15.295000076293945,1
2013-03-13,14.5649995803833,14.5649995803833,15.199999809265137,14.5649995803833,15.199999809265137,6
2013-03-14,14.414999961853027,14.414999961853027,14.414999961853027,14.414999961853027,14.414999961853027,1843
2013-03-15,14.680000305175781,14.680000305175781,14.729999542236328,14.5,14.579999923706055,539
2013-03-18,14.539999961853027,14.539999961853027,14.65999984741211,14.53499984741211,14.65999984741211,396
2013-03-19,14.720000267028809,14.720000267028809,14.744999885559082,14.539999961853027,14.539999961853027,345
2013-03-20,14.654999732971191,14.654999732971191,14.765000343322754,14.595000267028809,14.755000114440918,263
2013-03-21,14.78499984741211,14.78499984741211,14.84000015258789,14.604999542236328,14.649999618530273,418
2013-03-22,14.899999618530273,14.899999618530273,14.989999771118164,14.710000038146973,14.805000305175781,683
2013-03-25,14.925000190734863,14.925000190734863,15.0,14.800000190734863,14.960000038146973,586
2013-03-26,14.994999885559082,14.994999885559082,15.104999542236328,14.880000114440918,14.899999618530273,409
2013-03-27,15.329999923706055,15.329999923706055,15.34000015258789,14.960000038146973,15.0,784
2013-03-28,15.359999656677246,15.359999656677246,15.550000190734863,15.140000343322754,15.329999923706055,1353
2013-04-01,15.265000343322754,15.265000343322754,15.350000381469727,15.010000228881836,15.289999961853027,1541
2013-04-02,15.765000343322754,15.765000343322754,15.765000343322754,15.25,15.25,1921
2013-04-03,15.649999618530273,15.649999618530273,15.96500015258789,15.645000457763672,15.779999732971191,1418
2013-04-04,15.664999961853027,15.664999961853027,15.760000228881836,15.539999961853027,15.699999809265137,786
2013-04-05,15.494999885559082,15.494999885559082,15.744999885559082,15.430000305175781,15.694999694824219,993
2013-04-08,15.579999923706055,15.579999923706055,15.614999771118164,15.295000076293945,15.449999809265137,930
2013-04-09,15.704999923706055,15.704999923706055,15.779999732971191,15.579999923706055,15.579999923706055,652
2013-04-10,15.675000190734863,15.675000190734863,15.75,15.550000190734863,15.699999809265137,955
2013-04-11,15.765000343322754,15.765000343322754,15.864999771118164,15.704999923706055,15.725000381469727,830
2013-04-12,15.819999694824219,15.819999694824219,15.84000015258789,15.694999694824219,15.805000305175781,922
2013-04-15,15.4399995803833,15.4399995803833,15.800000190734863,15.4350004196167,15.78499984741211,1115
2013-04-16,15.604999542236328,15.604999542236328,15.640000343322754,15.425000190734863,15.484999656677246,642
2013-04-17,15.529999732971191,15.529999732971191,15.670000076293945,15.489999771118164,15.604999542236328,947
2013-04-18,15.375,15.375,15.5649995803833,15.350000381469727,15.5600004196167,385
2013-04-19,15.229999542236328,15.229999542236328,15.444999694824219,15.229999542236328,15.399999618530273,875
2013-04-22,15.104999542236328,15.104999542236328,15.300000190734863,15.074999809265137,15.234999656677246,1004
2013-04-23,15.0649995803833,15.0649995803833,15.104999542236328,14.960000038146973,15.104999542236328,1195
2013-04-24,14.904999732971191,14.904999732971191,15.140000343322754,14.864999771118164,15.039999961853027,1447
2013-04-25,14.854999542236328,14.854999542236328,15.09000015258789,14.850000381469727,14.954999923706055,1032
2013-04-26,14.800000190734863,14.800000190734863,14.9399995803833,14.635000228881836,14.854999542236328,708
2013-04-29,14.65999984741211,14.65999984741211,14.975000381469727,14.654999732971191,14.800000190734863,1858
2013-04-30,14.854999542236328,14.854999542236328,14.869999885559082,14.680000305175781,14.744999885559082,485
2013-05-01,15.020000457763672,15.020000457763672,15.020000457763672,14.854999542236328,14.854999542236328,95
2013-05-02,15.024999618530273,15.024999618530273,15.074999809265137,14.970000267028809,14.970000267028809,96
2013-05-03,15.199999809265137,15.199999809265137,15.199999809265137,15.199999809265137,15.199999809265137,15
2013-05-06,15.3149995803833,15.3149995803833,15.3149995803833,15.274999618530273,15.274999618530273,24
2013-05-07,15.25,15.25,15.25,15.25,15.25,91
2013-05-08,15.074999809265137,15.074999809265137,15.074999809265137,15.074999809265137,15.074999809265137,10
2013-05-09,15.28499984741211,15.28499984741211,15.28499984741211,15.28499984741211,15.28499984741211,4
2013-05-10,15.194999694824219,15.194999694824219,15.194999694824219,15.194999694824219,15.194999694824219,4
2013-05-13,15.354999542236328,15.354999542236328,15.40999984741211,15.354999542236328,15.40999984741211,57
2013-05-14,15.260000228881836,15.260000228881836,15.260000228881836,15.260000228881836,15.260000228881836,302
2013-05-15,15.229999542236328,15.229999542236328,15.375,15.210000038146973,15.329999923706055,201
2013-05-16,15.279999732971191,15.279999732971191,15.359999656677246,15.100000381469727,15.21500015258789,308
2013-05-17,15.234999656677246,15.234999656677246,15.324999809265137,15.204999923706055,15.265000343322754,123
2013-05-20,15.175000190734863,15.175000190734863,15.369999885559082,15.15999984741211,15.295000076293945,339
2013-05-21,15.180000305175781,15.180000305175781,15.300000190734863,15.140000343322754,15.1850004196167,489
2013-05-22,15.34000015258789,15.34000015258789,15.380000114440918,15.135000228881836,15.210000038146973,380
2013-05-23,15.555000305175781,15.555000305175781,15.640000343322754,15.324999809265137,15.380000114440918,918
2013-05-24,15.71500015258789,15.71500015258789,15.835000038146973,15.520000457763672,15.529999732971191,691
2013-05-28,15.319999694824219,15.319999694824219,15.800000190734863,15.3100004196167,15.710000038146973,813
2013-05-29,15.460000038146973,15.460000038146973,15.494999885559082,15.130000114440918,15.319999694824219,751
2013-05-30,15.164999961853027,15.164999961853027,15.460000038146973,15.15999984741211,15.460000038146973,1035
2013-05-31,15.295000076293945,15.295000076293945,15.364999771118164,15.15999984741211,15.199999809265137,973
2013-06-03,15.460000038146973,15.460000038146973,15.640000343322754,15.279999732971191,15.319999694824219,830
2013-06-04,15.520000457763672,15.520000457763672,15.569999694824219,15.454999923706055,15.5,250
2013-06-05,15.779999732971191,15.779999732971191,15.78499984741211,15.529999732971191,15.529999732971191,918
2013-06-06,15.854999542236328,15.854999542236328,15.90999984741211,15.550000190734863,15.744999885559082,924
2013-06-07,15.854999542236328,15.854999542236328,15.9399995803833,15.774999618530273,15.805000305175781,613
2013-06-10,16.0,16.0,16.0,15.760000228881836,15.845000267028809,547
2013-06-11,16.139999389648438,16.139999389648438,16.184999465942383,15.960000038146973,15.960000038146973,1053
2013-06-12,16.28499984741211,16.28499984741211,16.299999237060547,16.100000381469727,16.149999618530273,1160
2013-06-13,16.565000534057617,16.565000534057617,16.600000381469727,16.260000228881836,16.264999389648438,1194
2013-06-14,16.5049991607666,16.5049991607666,16.6200008392334,16.30500030517578,16.524999618530273,999
2013-06-17,16.325000762939453,16.325000762939453,16.59000015258789,16.104999542236328,16.364999771118164,732
2013-06-18,16.28499984741211,16.28499984741211,16.350000381469727,16.045000076293945,16.34000015258789,968
2013-06-19,16.280000686645508,16.280000686645508,16.290000915527344,16.184999465942383,16.25,414
2013-06-20,15.975000381469727,15.975000381469727,16.229999542236328,15.9350004196167,16.165000915527344,1070
2013-06-21,15.90999984741211,15.90999984741211,16.049999237060547,15.869999885559082,16.010000228881836,1390
2013-06-24,15.614999771118164,15.614999771118164,16.0,15.510000228881836,15.880000114440918,969
2013-06-25,15.569999694824219,15.569999694824219,15.680000305175781,15.529999732971191,15.579999923706055,596
2013-06-26,15.645000457763672,15.645000457763672,15.670000076293945,15.569999694824219,15.569999694824219,768
2013-06-27,15.5,15.5,15.694999694824219,15.479999542236328,15.694999694824219,616
2013-06-28,15.739999771118164,15.739999771118164,15.819999694824219,15.5,15.5,88
2013-07-01,15.75,15.75,15.800000190734863,15.630000114440918,15.800000190734863,122
2013-07-02,15.460000038146973,15.460000038146973,15.649999618530273,15.460000038146973,15.649999618530273,65
2013-07-03,15.390000343322754,15.390000343322754,15.390000343322754,15.390000343322754,15.390000343322754,65
2013-07-05,15.175000190734863,15.175000190734863,15.175000190734863,15.149999618530273,15.149999618530273,45
2013-07-08,15.024999618530273,15.024999618530273,15.024999618530273,15.024999618530273,15.024999618530273,45
2013-07-09,15.414999961853027,15.414999961853027,15.414999961853027,15.414999961853027,15.414999961853027,45
2013-07-10,15.510000228881836,15.510000228881836,15.640000343322754,15.510000228881836,15.640000343322754,2
2013-07-11,15.600000381469727,15.600000381469727,15.744999885559082,15.600000381469727,15.744999885559082,2
2013-07-12,15.5,15.5,15.5,15.5,15.5,344
2013-07-15,15.170000076293945,15.170000076293945,15.260000228881836,15.140000343322754,15.204999923706055,310
2013-07-16,15.260000228881836,15.260000228881836,15.3149995803833,15.145000457763672,15.15999984741211,230
2013-07-17,15.279999732971191,15.279999732971191,15.369999885559082,15.194999694824219,15.270000457763672,212
2013-07-18,15.390000343322754,15.390000343322754,15.444999694824219,15.305000305175781,15.3149995803833,239
2013-07-19,15.555000305175781,15.555000305175781,15.574999809265137,15.399999618530273,15.420000076293945,321
2013-07-22,15.404999732971191,15.404999732971191,15.574999809265137,15.274999618530273,15.420000076293945,183
2013-07-23,15.770000457763672,15.770000457763672,15.789999961853027,15.395000457763672,15.470000267028809,602
2013-07-24,15.925000190734863,15.925000190734863,16.100000381469727,15.760000228881836,15.760000228881836,645
2013-07-25,15.744999885559082,15.744999885559082,15.960000038146973,15.729999542236328,15.920000076293945,405
2013-07-26,15.885000228881836,15.885000228881836,15.899999618530273,15.625,15.699999809265137,796
2013-07-29,15.84000015258789,15.84000015258789,16.0,15.789999961853027,15.789999961853027,634
2013-07-30,15.895000457763672,15.895000457763672,15.954999923706055,15.71500015258789,15.84000015258789,897
2013-07-31,15.824999809265137,15.824999809265137,15.994999885559082,15.75,15.899999618530273,701
2013-08-01,15.854999542236328,15.854999542236328,15.899999618530273,15.664999961853027,15.779999732971191,1060
2013-08-02,15.800000190734863,15.800000190734863,15.890000343322754,15.755000114440918,15.819999694824219,592
2013-08-05,15.760000228881836,15.760000228881836,16.020000457763672,15.729999542236328,15.789999961853027,782
2013-08-06,15.694999694824219,15.694999694824219,15.8100004196167,15.664999961853027,15.739999771118164,295
2013-08-07,15.345000267028809,15.345000267028809,15.734999656677246,15.319999694824219,15.710000038146973,595
2013-08-08,15.279999732971191,15.279999732971191,15.5600004196167,15.220000267028809,15.369999885559082,619
2013-08-09,15.1899995803833,15.1899995803833,15.359999656677246,15.180000305175781,15.3149995803833,505
2013-08-12,15.015000343322754,15.015000343322754,15.255000114440918,14.970000267028809,15.255000114440918,762
2013-08-13,15.0600004196167,15.0600004196167,15.180000305175781,15.005000114440918,15.104999542236328,644
2013-08-14,15.260000228881836,15.260000228881836,15.295000076293945,15.109999656677246,15.109999656677246,458
2013-08-15,15.399999618530273,15.399999618530273,15.420000076293945,15.229999542236328,15.265000343322754,420
2013-08-16,15.5600004196167,15.5600004196167,15.600000381469727,15.430000305175781,15.430000305175781,377
2013-08-19,15.505000114440918,15.505000114440918,15.6850004196167,15.479999542236328,15.5649995803833,973
2013-08-20,15.779999732971191,15.779999732971191,15.795000076293945,15.505000114440918,15.510000228881836,1484
2013-08-21,15.600000381469727,15.600000381469727,15.800000190734863,15.494999885559082,15.720000267028809,951
2013-08-22,15.604999542236328,15.604999542236328,15.6850004196167,15.5600004196167,15.600000381469727,420
2013-08-23,15.774999618530273,15.774999618530273,15.8100004196167,15.5600004196167,15.579999923706055,463
2013-08-26,16.239999771118164,16.239999771118164,16.264999389648438,15.779999732971191,15.824999809265137,906
2013-08-27,16.434999465942383,16.434999465942383,16.450000762939453,16.170000076293945,16.170000076293945,931
2013-08-28,16.610000610351562,16.610000610351562,16.700000762939453,16.274999618530273,16.315000534057617,665
2013-08-29,15.649999618530273,15.649999618530273,16.649999618530273,15.649999618530273,16.649999618530273,204
2013-08-30,15.805000305175781,15.805000305175781,16.020000457763672,15.680000305175781,16.020000457763672,51
2013-09-03,15.789999961853027,15.789999961853027,15.850000381469727,15.789999961853027,15.850000381469727,85
2013-09-04,15.6850004196167,15.6850004196167,15.829999923706055,15.6850004196167,15.829999923706055,69
2013-09-05,15.694999694824219,15.694999694824219,15.699999809265137,15.65999984741211,15.65999984741211,35
2013-09-06,15.449999809265137,15.449999809265137,15.550000190734863,15.390000343322754,15.550000190734863,197
2013-09-09,15.329999923706055,15.329999923706055,15.329999923706055,15.274999618530273,15.274999618530273,5
2013-09-10,15.425000190734863,15.425000190734863,15.425000190734863,15.319999694824219,15.319999694824219,12
2013-09-11,15.65999984741211,15.65999984741211,15.65999984741211,15.550000190734863,15.550000190734863,31
2013-09-12,15.604999542236328,15.604999542236328,15.75,15.550000190734863,15.5649995803833,56
2013-09-13,16.145000457763672,16.145000457763672,16.145000457763672,16.100000381469727,16.100000381469727,395
2013-09-16,15.5649995803833,15.5649995803833,15.625,15.399999618530273,15.425000190734863,390
2013-09-17,15.529999732971191,15.529999732971191,15.680000305175781,15.449999809265137,15.619999885559082,229
2013-09-18,15.609999656677246,15.609999656677246,15.619999885559082,15.40999984741211,15.515000343322754,207
2013-09-19,15.680000305175781,15.680000305175781,15.699999809265137,15.46500015258789,15.65999984741211,359
2013-09-20,15.545000076293945,15.545000076293945,15.675000190734863,15.529999732971191,15.670000076293945,191
2013-09-23,15.53499984741211,15.53499984741211,15.614999771118164,15.430000305175781,15.579999923706055,135
2013-09-24,15.484999656677246,15.484999656677246,15.545000076293945,15.4350004196167,15.545000076293945,163
2013-09-25,15.479999542236328,15.479999542236328,15.609999656677246,15.4399995803833,15.489999771118164,180
2013-09-26,15.319999694824219,15.319999694824219,15.515000343322754,15.274999618530273,15.479999542236328,527
2013-09-27,15.399999618530273,15.399999618530273,15.449999809265137,15.329999923706055,15.34000015258789,870
2013-09-30,15.130000114440918,15.130000114440918,15.420000076293945,15.109999656677246,15.390000343322754,887
2013-10-01,14.975000381469727,14.975000381469727,15.175000190734863,14.944999694824219,15.079999923706055,1178
2013-10-02,14.975000381469727,14.975000381469727,15.074999809265137,14.925000190734863,14.984999656677246,514
2013-10-03,14.899999618530273,14.899999618530273,15.0600004196167,14.890000343322754,14.994999885559082,502
2013-10-04,14.869999885559082,14.869999885559082,15.170000076293945,14.854999542236328,14.925000190734863,594
2013-10-07,14.824999809265137,14.824999809265137,14.970000267028809,14.6899995803833,14.930000305175781,523
2013-10-08,14.755000114440918,14.755000114440918,14.9399995803833,14.729999542236328,14.770000457763672,616
2013-10-09,15.125,15.125,15.140000343322754,14.75,14.760000228881836,809
2013-10-10,15.229999542236328,15.229999542236328,15.25,15.015000343322754,15.024999618530273,354
2013-10-11,15.114999771118164,15.114999771118164,15.204999923706055,15.100000381469727,15.204999923706055,224
2013-10-14,15.154999732971191,15.154999732971191,15.175000190734863,15.100000381469727,15.149999618530273,124
2013-10-15,15.479999542236328,15.479999542236328,15.484999656677246,15.125,15.125,861
2013-10-16,15.444999694824219,15.444999694824219,15.484999656677246,15.335000038146973,15.449999809265137,892
2013-10-17,15.449999809265137,15.449999809265137,15.524999618530273,15.329999923706055,15.414999961853027,662
2013-10-18,15.289999961853027,15.289999961853027,15.494999885559082,15.274999618530273,15.449999809265137,391
2013-10-21,15.260000228881836,15.260000228881836,15.380000114440918,15.149999618530273,15.289999961853027,1589
2013-10-22,15.28499984741211,15.28499984741211,15.34000015258789,15.229999542236328,15.234999656677246,1619
2013-10-23,15.460000038146973,15.460000038146973,15.479999542236328,15.234999656677246,15.28499984741211,2083
2013-10-24,15.53499984741211,15.53499984741211,15.600000381469727,15.399999618530273,15.449999809265137,1185
2013-10-25,15.539999961853027,15.539999961853027,15.569999694824219,15.404999732971191,15.524999618530273,455
2013-10-28,15.359999656677246,15.359999656677246,15.59000015258789,15.319999694824219,15.59000015258789,419
2013-10-29,15.579999923706055,15.579999923706055,15.600000381469727,15.335000038146973,15.335000038146973,285
2013-10-30,15.255000114440918,15.255000114440918,15.529999732971191,15.229999542236328,15.529999732971191,342
2013-10-31,15.024999618530273,15.024999618530273,15.25,15.024999618530273,15.25,81
2013-11-01,15.194999694824219,15.194999694824219,15.25,15.074999809265137,15.074999809265137,8
2013-11-04,15.229999542236328,15.229999542236328,15.229999542236328,15.229999542236328,15.229999542236328,3
2013-11-05,15.354999542236328,15.354999542236328,15.354999542236328,15.279999732971191,15.279999732971191,2
2013-11-06,15.545000076293945,15.545000076293945,15.545000076293945,15.350000381469727,15.350000381469727,20
2013-11-07,15.680000305175781,15.680000305175781,15.699999809265137,15.585000038146973,15.585000038146973,26
2013-11-08,15.845000267028809,15.845000267028809,15.845000267028809,15.845000267028809,15.845000267028809,26
2013-11-11,15.779999732971191,15.779999732971191,15.984999656677246,15.779999732971191,15.984999656677246,3
2013-11-12,15.680000305175781,15.680000305175781,15.680000305175781,15.680000305175781,15.680000305175781,3
2013-11-13,15.75,15.75,15.835000038146973,15.75,15.75,2
2013-11-14,15.975000381469727,15.975000381469727,15.975000381469727,15.975000381469727,15.975000381469727,697
2013-11-15,15.765000343322754,15.765000343322754,15.84000015258789,15.649999618530273,15.800000190734863,359
2013-11-18,15.845000267028809,15.845000267028809,15.869999885559082,15.645000457763672,15.739999771118164,331
2013-11-19,15.84000015258789,15.84000015258789,15.895000457763672,15.765000343322754,15.774999618530273,395
2013-11-20,15.6850004196167,15.6850004196167,15.824999809265137,15.649999618530273,15.824999809265137,368
2013-11-21,15.8100004196167,15.8100004196167,15.8149995803833,15.619999885559082,15.649999618530273,280
2013-11-22,15.71500015258789,15.71500015258789,15.829999923706055,15.699999809265137,15.78499984741211,433
2013-11-25,15.805000305175781,15.805000305175781,15.850000381469727,15.704999923706055,15.71500015258789,270
2013-11-26,15.739999771118164,15.739999771118164,15.800000190734863,15.6850004196167,15.789999961853027,278
2013-11-27,15.835000038146973,15.835000038146973,15.850000381469727,15.664999961853027,15.710000038146973,589
2013-11-29,15.960000038146973,15.960000038146973,15.989999771118164,15.729999542236328,15.8100004196167,763
2013-12-02,15.899999618530273,15.899999618530273,16.010000228881836,15.880000114440918,15.920000076293945,822
2013-12-03,15.930000305175781,15.930000305175781,15.970000267028809,15.845000267028809,15.890000343322754,640
2013-12-04,15.904999732971191,15.904999732971191,15.970000267028809,15.880000114440918,15.899999618530273,391
2013-12-05,15.654999732971191,15.654999732971191,15.949999809265137,15.649999618530273,15.890000343322754,338
2013-12-06,15.545000076293945,15.545000076293945,15.65999984741211,15.449999809265137,15.645000457763672,734
2013-12-09,15.510000228881836,15.510000228881836,15.645000457763672,15.414999961853027,15.545000076293945,386
2013-12-10,15.5600004196167,15.5600004196167,15.585000038146973,15.479999542236328,15.520000457763672,1031
2013-12-11,15.475000381469727,15.475000381469727,15.5649995803833,15.46500015258789,15.550000190734863,240
2013-12-12,15.460000038146973,15.460000038146973,15.5600004196167,15.4350004196167,15.505000114440918,426
2013-12-13,15.545000076293945,15.545000076293945,15.595000267028809,15.444999694824219,15.449999809265137,756
2013-12-16,15.550000190734863,15.550000190734863,15.680000305175781,15.545000076293945,15.625,1254
2013-12-17,15.484999656677246,15.484999656677246,15.675000190734863,15.479999542236328,15.550000190734863,2151
2013-12-18,15.265000343322754,15.265000343322754,15.524999618530273,15.25,15.475000381469727,1353
2013-12-19,15.359999656677246,15.359999656677246,15.404999732971191,15.279999732971191,15.289999961853027,447
2013-12-20,15.5,15.5,15.510000228881836,15.300000190734863,15.305000305175781,468
2013-12-23,15.399999618530273,15.399999618530273,15.520000457763672,15.380000114440918,15.414999961853027,299
2013-12-24,15.5,15.5,15.5,15.364999771118164,15.390000343322754,200
2013-12-26,15.4399995803833,15.4399995803833,15.520000457763672,15.40999984741211,15.520000457763672,144
2013-12-27,15.449999809265137,15.449999809265137,15.5,15.380000114440918,15.40999984741211,263
2013-12-30,15.4399995803833,15.4399995803833,15.4399995803833,15.295000076293945,15.399999618530273,318
2013-12-31,15.510000228881836,15.510000228881836,15.520000457763672,15.385000228881836,15.520000457763672,92
2014-01-02,15.774999618530273,15.774999618530273,15.829999923706055,15.520000457763672,15.520000457763672,50
2014-01-03,15.760000228881836,15.760000228881836,15.829999923706055,15.739999771118164,15.795000076293945,20
2014-01-06,15.78499984741211,15.78499984741211,15.824999809265137,15.78499984741211,15.800000190734863,33
2014-01-07,15.574999809265137,15.574999809265137,15.800000190734863,15.574999809265137,15.800000190734863,3
2014-01-08,15.640000343322754,15.640000343322754,15.640000343322754,15.640000343322754,15.640000343322754,3
2014-01-09,15.609999656677246,15.609999656677246,15.699999809265137,15.609999656677246,15.609999656677246,7
2014-01-10,15.569999694824219,15.569999694824219,15.699999809265137,15.569999694824219,15.654999732971191,27
2014-01-13,15.53499984741211,15.53499984741211,15.600000381469727,15.53499984741211,15.600000381469727,6
2014-01-14,15.574999809265137,15.574999809265137,15.574999809265137,15.574999809265137,15.574999809265137,145
2014-01-15,15.640000343322754,15.640000343322754,15.649999618530273,15.454999923706055,15.46500015258789,229
2014-01-16,15.579999923706055,15.579999923706055,15.664999961853027,15.5649995803833,15.600000381469727,183
2014-01-17,15.600000381469727,15.600000381469727,15.694999694824219,15.555000305175781,15.555000305175781,254
2014-01-21,15.449999809265137,15.449999809265137,15.600000381469727,15.449999809265137,15.550000190734863,191
2014-01-22,15.505000114440918,15.505000114440918,15.520000457763672,15.449999809265137,15.454999923706055,405
2014-01-23,15.430000305175781,15.430000305175781,15.494999885559082,15.399999618530273,15.494999885559082,476
2014-01-24,15.425000190734863,15.425000190734863,15.5,15.399999618530273,15.449999809265137,177
2014-01-27,15.479999542236328,15.479999542236328,15.5,15.40999984741211,15.4399995803833,221
2014-01-28,15.520000457763672,15.520000457763672,15.579999923706055,15.460000038146973,15.46500015258789,368
2014-01-29,15.449999809265137,15.449999809265137,15.524999618530273,15.449999809265137,15.520000457763672,475
2014-01-30,15.425000190734863,15.425000190734863,15.5649995803833,15.414999961853027,15.489999771118164,596
2014-01-31,15.399999618530273,15.399999618530273,15.449999809265137,15.385000228881836,15.425000190734863,634
2014-02-03,15.300000190734863,15.300000190734863,15.425000190734863,15.25,15.390000343322754,1099
2014-02-04,15.359999656677246,15.359999656677246,15.369999885559082,15.28499984741211,15.289999961853027,380
2014-02-05,15.319999694824219,15.319999694824219,15.385000228881836,15.305000305175781,15.359999656677246,347
2014-02-06,15.385000228881836,15.385000228881836,15.404999732971191,15.319999694824219,15.324999809265137,226
2014-02-07,15.34000015258789,15.34000015258789,15.4399995803833,15.324999809265137,15.395000457763672,348
2014-02-10,15.545000076293945,15.545000076293945,15.550000190734863,15.324999809265137,15.350000381469727,416
2014-02-11,15.529999732971191,15.529999732971191,15.6899995803833,15.515000343322754,15.515000343322754,673
2014-02-12,15.625,15.625,15.649999618530273,15.494999885559082,15.524999618530273,514
2014-02-13,15.710000038146973,15.710000038146973,15.774999618530273,15.625,15.645000457763672,798
2014-02-14,15.585000038146973,15.585000038146973,15.765000343322754,15.579999923706055,15.6899995803833,496
2014-02-18,15.854999542236328,15.854999542236328,15.869999885559082,15.550000190734863,15.579999923706055,975
2014-02-19,15.795000076293945,15.795000076293945,15.845000267028809,15.704999923706055,15.829999923706055,848
2014-02-20,15.760000228881836,15.760000228881836,15.880000114440918,15.729999542236328,15.800000190734863,1120
2014-02-21,15.71500015258789,15.71500015258789,15.845000267028809,15.6850004196167,15.770000457763672,714
2014-02-24,16.045000076293945,16.045000076293945,16.059999465942383,15.710000038146973,15.765000343322754,907
2014-02-25,15.75,15.75,16.100000381469727,15.75,16.024999618530273,470
2014-02-26,15.609999656677246,15.609999656677246,15.744999885559082,15.59000015258789,15.6899995803833,281
2014-02-27,15.414999961853027,15.414999961853027,15.6850004196167,15.34000015258789,15.585000038146973,488
2014-02-28,15.375,15.375,15.555000305175781,15.350000381469727,15.555000305175781,110
2014-03-03,15.109999656677246,15.109999656677246,15.109999656677246,15.100000381469727,15.100000381469727,26
2014-03-04,15.260000228881836,15.260000228881836,15.260000228881836,15.199999809265137,15.199999809265137,3
2014-03-05,15.069999694824219,15.069999694824219,15.069999694824219,15.010000228881836,15.010000228881836,2
2014-03-06,15.210000038146973,15.210000038146973,15.210000038146973,15.1899995803833,15.204999923706055,3
2014-03-07,15.239999771118164,15.239999771118164,15.239999771118164,15.199999809265137,15.199999809265137,3
2014-03-10,15.050000190734863,15.050000190734863,15.050000190734863,15.050000190734863,15.050000190734863,3
2014-03-11,15.220000267028809,15.220000267028809,15.220000267028809,15.09000015258789,15.09000015258789,5
2014-03-12,15.1850004196167,15.1850004196167,15.1850004196167,15.130000114440918,15.149999618530273,8
2014-03-13,15.154999732971191,15.154999732971191,15.1850004196167,15.154999732971191,15.1850004196167,1
2014-03-14,15.119999885559082,15.119999885559082,15.164999961853027,15.024999618530273,15.050000190734863,232
2014-03-17,15.505000114440918,15.505000114440918,15.539999961853027,15.300000190734863,15.354999542236328,243
2014-03-18,15.399999618530273,15.399999618530273,15.545000076293945,15.385000228881836,15.5,236
2014-03-19,15.520000457763672,15.520000457763672,15.529999732971191,15.444999694824219,15.444999694824219,196
2014-03-20,15.555000305175781,15.555000305175781,15.595000267028809,15.454999923706055,15.505000114440918,279
2014-03-21,15.425000190734863,15.425000190734863,15.600000381469727,15.319999694824219,15.555000305175781,296
2014-03-24,15.520000457763672,15.520000457763672,15.545000076293945,15.390000343322754,15.390000343322754,254
2014-03-25,15.335000038146973,15.335000038146973,15.550000190734863,15.329999923706055,15.505000114440918,337
2014-03-26,15.390000343322754,15.390000343322754,15.399999618530273,15.265000343322754,15.359999656677246,198
2014-03-27,15.470000267028809,15.470000267028809,15.489999771118164,15.359999656677246,15.364999771118164,236
2014-03-28,15.510000228881836,15.510000228881836,15.529999732971191,15.425000190734863,15.425000190734863,534
2014-03-31,15.600000381469727,15.600000381469727,15.710000038146973,15.479999542236328,15.479999542236328,1174
2014-04-01,15.6899995803833,15.6899995803833,15.699999809265137,15.470000267028809,15.600000381469727,849
2014-04-02,15.654999732971191,15.654999732971191,15.694999694824219,15.625,15.680000305175781,521
2014-04-03,15.699999809265137,15.699999809265137,15.739999771118164,15.604999542236328,15.619999885559082,448
2014-04-04,15.760000228881836,15.760000228881836,15.800000190734863,15.649999618530273,15.675000190734863,503
2014-04-07,15.59000015258789,15.59000015258789,15.729999542236328,15.529999732971191,15.720000267028809,563
2014-04-08,15.574999809265137,15.574999809265137,15.640000343322754,15.505000114440918,15.550000190734863,458
2014-04-09,15.505000114440918,15.505000114440918,15.680000305175781,15.5,15.579999923706055,848
2014-04-10,15.635000228881836,15.635000228881836,15.649999618530273,15.5,15.5,479
2014-04-11,15.654999732971191,15.654999732971191,15.729999542236328,15.53499984741211,15.579999923706055,692
2014-04-14,15.420000076293945,15.420000076293945,15.710000038146973,15.399999618530273,15.710000038146973,982
2014-04-15,15.40999984741211,15.40999984741211,15.510000228881836,15.369999885559082,15.489999771118164,458
2014-04-16,15.385000228881836,15.385000228881836,15.454999923706055,15.34000015258789,15.375,781
2014-04-17,15.359999656677246,15.359999656677246,15.520000457763672,15.3149995803833,15.40999984741211,489
2014-04-21,15.1899995803833,15.1899995803833,15.34000015258789,15.085000038146973,15.335000038146973,928
2014-04-22,15.1899995803833,15.1899995803833,15.260000228881836,15.154999732971191,15.1899995803833,557
2014-04-23,15.239999771118164,15.239999771118164,15.25,15.164999961853027,15.244999885559082,216
2014-04-24,15.404999732971191,15.404999732971191,15.4399995803833,15.25,15.25,434
2014-04-25,15.420000076293945,15.420000076293945,15.4350004196167,15.34000015258789,15.395000457763672,312
2014-04-28,15.449999809265137,15.449999809265137,15.515000343322754,15.359999656677246,15.425000190734863,547
2014-04-29,15.625,15.625,15.625,15.40999984741211,15.40999984741211,406
2014-04-30,15.614999771118164,15.614999771118164,15.630000114440918,15.524999618530273,15.555000305175781,88
2014-05-01,15.645000457763672,15.645000457763672,15.744999885559082,15.585000038146973,15.609999656677246,77
2014-05-02,15.5,15.5,15.604999542236328,15.5,15.579999923706055,38
2014-05-05,15.524999618530273,15.524999618530273,15.524999618530273,15.524999618530273,15.524999618530273,38
2014-05-06,15.5649995803833,15.5649995803833,15.5649995803833,15.5649995803833,15.5649995803833,38
2014-05-07,15.404999732971191,15.404999732971191,15.404999732971191,15.404999732971191,15.404999732971191,20
2014-05-08,15.3100004196167,15.3100004196167,15.404999732971191,15.274999618530273,15.404999732971191,2
2014-05-09,15.300000190734863,15.300000190734863,15.300000190734863,15.279999732971191,15.279999732971191,2
2014-05-12,15.279999732971191,15.279999732971191,15.279999732971191,15.279999732971191,15.279999732971191,2
2014-05-13,15.229999542236328,15.229999542236328,15.305000305175781,15.229999542236328,15.305000305175781,1
2014-05-14,15.204999923706055,15.204999923706055,15.204999923706055,15.199999809265137,15.199999809265137,194
2014-05-15,15.380000114440918,15.380000114440918,15.40999984741211,15.260000228881836,15.279999732971191,352
2014-05-16,15.399999618530273,15.399999618530273,15.5,15.369999885559082,15.375,274
2014-05-19,15.324999809265137,15.324999809265137,15.430000305175781,15.3149995803833,15.425000190734863,212
2014-05-20,15.300000190734863,15.300000190734863,15.34000015258789,15.28499984741211,15.34000015258789,164
2014-05-21,15.270000457763672,15.270000457763672,15.34000015258789,15.210000038146973,15.319999694824219,458
2014-05-22,15.319999694824219,15.319999694824219,15.34000015258789,15.270000457763672,15.289999961853027,231
2014-05-23,15.244999885559082,15.244999885559082,15.350000381469727,15.234999656677246,15.319999694824219,186
2014-05-27,15.09000015258789,15.09000015258789,15.229999542236328,15.069999694824219,15.229999542236328,826
2014-05-28,15.050000190734863,15.050000190734863,15.079999923706055,14.949999809265137,15.074999809265137,821
2014-05-29,15.024999618530273,15.024999618530273,15.119999885559082,14.994999885559082,14.994999885559082,693
2014-05-30,14.984999656677246,14.984999656677246,15.020000457763672,14.949999809265137,15.010000228881836,629
2014-06-02,14.864999771118164,14.864999771118164,15.024999618530273,14.835000038146973,15.0,898
2014-06-03,14.550000190734863,14.550000190734863,14.890000343322754,14.545000076293945,14.850000381469727,835
2014-06-04,14.225000381469727,14.225000381469727,14.619999885559082,14.135000228881836,14.574999809265137,1446
2014-06-05,14.079999923706055,14.079999923706055,14.229999542236328,14.069999694824219,14.220000267028809,569
2014-06-06,14.175000190734863,14.175000190734863,14.239999771118164,14.079999923706055,14.095000267028809,370
2014-06-09,14.145000457763672,14.145000457763672,14.199999809265137,14.039999961853027,14.100000381469727,548
2014-06-10,14.03499984741211,14.03499984741211,14.175000190734863,14.020000457763672,14.145000457763672,600
2014-06-11,14.125,14.125,14.130000114440918,14.039999961853027,14.0600004196167,501
2014-06-12,14.420000076293945,14.420000076293945,14.430000305175781,14.029999732971191,14.130000114440918,595
2014-06-13,14.510000228881836,14.510000228881836,14.520000457763672,14.395000457763672,14.399999618530273,382
2014-06-16,14.664999961853027,14.664999961853027,14.734999656677246,14.484999656677246,14.510000228881836,854
2014-06-17,14.649999618530273,14.649999618530273,14.739999771118164,14.520000457763672,14.619999885559082,463
2014-06-18,14.78499984741211,14.78499984741211,14.824999809265137,14.630000114440918,14.630000114440918,699
2014-06-19,14.6899995803833,14.6899995803833,14.899999618530273,14.649999618530273,14.800000190734863,419
2014-06-20,14.635000228881836,14.635000228881836,14.75,14.609999656677246,14.725000381469727,279
2014-06-23,14.625,14.625,14.789999961853027,14.550000190734863,14.600000381469727,293
2014-06-24,14.789999961853027,14.789999961853027,14.824999809265137,14.649999618530273,14.649999618530273,385
2014-06-25,14.84000015258789,14.84000015258789,14.845000267028809,14.75,14.8100004196167,187
2014-06-26,14.729999542236328,14.729999542236328,15.180000305175781,14.729999542236328,14.795000076293945,829
2014-06-27,14.59000015258789,14.59000015258789,14.994999885559082,14.5649995803833,14.850000381469727,366
2014-06-30,14.539999961853027,14.539999961853027,14.585000038146973,14.460000038146973,14.545000076293945,93
2014-07-01,14.5,14.5,14.640000343322754,14.109999656677246,14.640000343322754,95
2014-07-02,14.65999984741211,14.65999984741211,15.0,14.65999984741211,15.0,15
2014-07-03,14.550000190734863,14.550000190734863,15.0,14.550000190734863,14.994999885559082,20
2014-07-07,14.614999771118164,14.614999771118164,14.635000228881836,14.609999656677246,14.609999656677246,18
2014-07-08,14.845000267028809,14.845000267028809,14.845000267028809,14.845000267028809,14.845000267028809,6
2014-07-09,14.600000381469727,14.600000381469727,14.949999809265137,14.600000381469727,14.949999809265137,67
2014-07-10,14.600000381469727,14.600000381469727,14.600000381469727,14.600000381469727,14.600000381469727,67
2014-07-11,14.5,14.5,14.949999809265137,14.5,14.949999809265137,15
2014-07-14,14.380000114440918,14.380000114440918,14.899999618530273,14.380000114440918,14.899999618530273,296
2014-07-15,12.869999885559082,12.869999885559082,12.96500015258789,12.78499984741211,12.9350004196167,498
2014-07-16,12.989999771118164,12.989999771118164,13.024999618530273,12.8100004196167,12.899999618530273,328
2014-07-17,13.279999732971191,13.279999732971191,13.324999809265137,12.9399995803833,13.020000457763672,210
2014-07-18,13.125,13.125,13.270000457763672,13.125,13.270000457763672,123
2014-07-21,12.979999542236328,12.979999542236328,13.130000114440918,12.979999542236328,13.130000114440918,143
2014-07-22,13.164999961853027,13.164999961853027,13.1899995803833,12.979999542236328,12.979999542236328,278
2014-07-23,13.119999885559082,13.119999885559082,13.255000114440918,13.109999656677246,13.149999618530273,151
2014-07-24,13.085000038146973,13.085000038146973,13.175000190734863,13.074999809265137,13.100000381469727,72
2014-07-25,12.9399995803833,12.9399995803833,13.130000114440918,12.9350004196167,13.09000015258789,287
2014-07-28,12.925000190734863,12.925000190734863,12.954999923706055,12.845000267028809,12.944999694824219,182
2014-07-29,13.130000114440918,13.130000114440918,13.140000343322754,12.920000076293945,12.920000076293945,250
2014-07-30,12.970000267028809,12.970000267028809,13.199999809265137,12.96500015258789,13.1850004196167,498
2014-07-31,12.984999656677246,12.984999656677246,13.029999732971191,12.9350004196167,12.96500015258789,614
2014-08-01,12.789999961853027,12.789999961853027,12.960000038146973,12.78499984741211,12.960000038146973,769
2014-08-04,12.824999809265137,12.824999809265137,12.845000267028809,12.770000457763672,12.795000076293945,377
2014-08-05,12.675000190734863,12.675000190734863,12.869999885559082,12.609999656677246,12.850000381469727,1005
2014-08-06,12.625,12.625,12.710000038146973,12.619999885559082,12.649999618530273,417
2014-08-07,12.734999656677246,12.734999656677246,12.739999771118164,12.614999771118164,12.630000114440918,741
2014-08-08,12.65999984741211,12.65999984741211,12.760000228881836,12.649999618530273,12.739999771118164,340
2014-08-11,12.625,12.625,12.694999694824219,12.579999923706055,12.645000457763672,534
2014-08-12,12.649999618530273,12.649999618530273,12.710000038146973,12.574999809265137,12.625,544
2014-08-13,12.654999732971191,12.654999732971191,12.704999923706055,12.614999771118164,12.664999961853027,355
2014-08-14,12.854999542236328,12.854999542236328,12.925000190734863,12.609999656677246,12.664999961853027,902
2014-08-15,12.904999732971191,12.904999732971191,12.914999961853027,12.739999771118164,12.850000381469727,467
2014-08-18,13.145000457763672,13.145000457763672,13.149999618530273,12.8100004196167,12.899999618530273,957
2014-08-19,13.119999885559082,13.119999885559082,13.199999809265137,12.960000038146973,13.130000114440918,751
2014-08-20,13.109999656677246,13.109999656677246,13.175000190734863,13.020000457763672,13.100000381469727,674
2014-08-21,12.824999809265137,12.824999809265137,13.119999885559082,12.8100004196167,13.095000267028809,552
2014-08-22,12.824999809265137,12.824999809265137,12.930000305175781,12.729999542236328,12.829999923706055,483
2014-08-25,12.970000267028809,12.970000267028809,13.100000381469727,12.800000190734863,12.824999809265137,575
2014-08-26,12.854999542236328,12.854999542236328,12.979999542236328,12.829999923706055,12.930000305175781,369
2014-08-27,12.795000076293945,12.795000076293945,12.9350004196167,12.75,12.829999923706055,515
2014-08-28,12.6850004196167,12.6850004196167,12.824999809265137,12.65999984741211,12.824999809265137,302
2014-08-29,12.585000038146973,12.585000038146973,12.850000381469727,12.550000190734863,12.670000076293945,103
2014-09-02,12.524999618530273,12.524999618530273,12.579999923706055,12.524999618530273,12.579999923706055,28
2014-09-03,12.425000190734863,12.425000190734863,12.515000343322754,12.425000190734863,12.515000343322754,75
2014-09-04,12.399999618530273,12.399999618530273,12.425000190734863,12.350000381469727,12.40999984741211,53
2014-09-05,12.375,12.375,12.40999984741211,12.350000381469727,12.40999984741211,10
2014-09-08,12.319999694824219,12.319999694824219,12.350000381469727,12.319999694824219,12.350000381469727,32
2014-09-09,12.25,12.25,12.335000038146973,12.25,12.335000038146973,80
2014-09-10,12.220000267028809,12.220000267028809,12.25,12.199999809265137,12.25,84
2014-09-11,12.324999809265137,12.324999809265137,12.420000076293945,12.324999809265137,12.420000076293945,15
2014-09-12,12.550000190734863,12.550000190734863,12.550000190734863,12.550000190734863,12.550000190734863,480
2014-09-15,12.760000228881836,12.760000228881836,12.819999694824219,12.609999656677246,12.779999732971191,315
2014-09-16,12.71500015258789,12.71500015258789,12.800000190734863,12.670000076293945,12.744999885559082,167
2014-09-17,12.510000228881836,12.510000228881836,12.699999809265137,12.479999542236328,12.694999694824219,426
2014-09-18,12.619999885559082,12.619999885559082,12.670000076293945,12.520000457763672,12.520000457763672,195
2014-09-19,12.699999809265137,12.699999809265137,12.704999923706055,12.5600004196167,12.645000457763672,184
2014-09-22,12.550000190734863,12.550000190734863,12.704999923706055,12.539999961853027,12.694999694824219,143
2014-09-23,12.65999984741211,12.65999984741211,12.6899995803833,12.5649995803833,12.5649995803833,237
2014-09-24,12.729999542236328,12.729999542236328,12.744999885559082,12.664999961853027,12.6850004196167,192
2014-09-25,12.704999923706055,12.704999923706055,12.765000343322754,12.670000076293945,12.670000076293945,230
2014-09-26,12.8149995803833,12.8149995803833,12.90999984741211,12.699999809265137,12.699999809265137,703
2014-09-29,12.734999656677246,12.734999656677246,12.890000343322754,12.725000381469727,12.795000076293945,911
2014-09-30,12.744999885559082,12.744999885559082,12.84000015258789,12.704999923706055,12.739999771118164,1336
2014-10-01,12.640000343322754,12.640000343322754,12.78499984741211,12.630000114440918,12.75,1135
2014-10-02,12.555000305175781,12.555000305175781,12.84000015258789,12.510000228881836,12.614999771118164,827
2014-10-03,12.585000038146973,12.585000038146973,12.609999656677246,12.529999732971191,12.550000190734863,192
2014-10-06,12.704999923706055,12.704999923706055,12.75,12.53499984741211,12.5649995803833,360
2014-10-07,12.739999771118164,12.739999771118164,12.760000228881836,12.6850004196167,12.6850004196167,243
2014-10-08,12.625,12.625,12.789999961853027,12.609999656677246,12.710000038146973,747
2014-10-09,12.595000267028809,12.595000267028809,12.619999885559082,12.569999694824219,12.619999885559082,228
2014-10-10,12.585000038146973,12.585000038146973,12.600000381469727,12.5600004196167,12.569999694824219,166
2014-10-13,12.630000114440918,12.630000114440918,12.635000228881836,12.555000305175781,12.555000305175781,374
2014-10-14,12.720000267028809,12.720000267028809,12.720000267028809,12.630000114440918,12.630000114440918,749
2014-10-15,12.59000015258789,12.59000015258789,12.720000267028809,12.524999618530273,12.71500015258789,539
2014-10-16,12.510000228881836,12.510000228881836,12.595000267028809,12.5,12.524999618530273,1858
2014-10-17,12.545000076293945,12.545000076293945,12.550000190734863,12.5,12.515000343322754,1218
2014-10-20,12.5,12.5,12.649999618530273,12.5,12.585000038146973,930
2014-10-21,12.555000305175781,12.555000305175781,12.555000305175781,12.4350004196167,12.505000114440918,1601
2014-10-22,12.529999732971191,12.529999732971191,12.59000015258789,12.515000343322754,12.569999694824219,800
2014-10-23,12.364999771118164,12.364999771118164,12.5600004196167,12.329999923706055,12.555000305175781,902
2014-10-24,12.404999732971191,12.404999732971191,12.425000190734863,12.3100004196167,12.319999694824219,940
2014-10-27,12.234999656677246,12.234999656677246,12.454999923706055,12.229999542236328,12.380000114440918,926
2014-10-28,12.055000305175781,12.055000305175781,12.28499984741211,11.135000228881836,12.25,995
2014-10-29,12.130000114440918,12.130000114440918,12.1899995803833,11.9350004196167,12.0,588
2014-10-30,11.90999984741211,11.90999984741211,12.154999732971191,11.829999923706055,12.045000076293945,1032
2014-10-31,12.005000114440918,12.005000114440918,12.005000114440918,11.850000381469727,11.994999885559082,343
2014-11-03,12.055000305175781,12.055000305175781,12.095000267028809,12.010000228881836,12.050000190734863,242
2014-11-04,12.164999961853027,12.164999961853027,12.170000076293945,12.039999961853027,12.050000190734863,146
2014-11-05,12.154999732971191,12.154999732971191,12.170000076293945,12.154999732971191,12.170000076293945,57
2014-11-06,11.84000015258789,11.84000015258789,12.15999984741211,11.84000015258789,12.15999984741211,120
2014-11-07,11.869999885559082,11.869999885559082,11.869999885559082,11.869999885559082,11.869999885559082,20
2014-11-10,11.725000381469727,11.725000381469727,11.725000381469727,11.725000381469727,11.725000381469727,20
2014-11-11,11.619999885559082,11.619999885559082,11.619999885559082,11.609999656677246,11.609999656677246,15
2014-11-12,11.78499984741211,11.78499984741211,11.78499984741211,11.78499984741211,11.78499984741211,11
2014-11-13,11.71500015258789,11.71500015258789,11.71500015258789,11.71500015258789,11.71500015258789,10
2014-11-14,11.729999542236328,11.729999542236328,11.729999542236328,11.729999542236328,11.729999542236328,204
2014-11-17,11.90999984741211,11.90999984741211,12.015000343322754,11.875,11.9350004196167,179
2014-11-18,12.0,12.0,12.010000228881836,11.90999984741211,11.90999984741211,280
2014-11-19,12.404999732971191,12.404999732971191,12.449999809265137,11.970000267028809,11.979999542236328,836
2014-11-20,12.579999923706055,12.579999923706055,12.585000038146973,12.3100004196167,12.404999732971191,574
2014-11-21,12.595000267028809,12.595000267028809,12.600000381469727,12.524999618530273,12.545000076293945,231
2014-11-24,12.444999694824219,12.444999694824219,12.614999771118164,12.4350004196167,12.595000267028809,313
2014-11-25,12.369999885559082,12.369999885559082,12.4350004196167,12.305000305175781,12.399999618530273,271
2014-11-26,12.279999732971191,12.279999732971191,12.460000038146973,12.265000343322754,12.354999542236328,446
2014-11-28,12.335000038146973,12.335000038146973,12.420000076293945,12.279999732971191,12.279999732971191,399
2014-12-01,12.140000343322754,12.140000343322754,12.414999961853027,12.045000076293945,12.295000076293945,981
2014-12-02,12.1850004196167,12.1850004196167,12.255000114440918,12.0600004196167,12.140000343322754,551
2014-12-03,12.140000343322754,12.140000343322754,12.204999923706055,12.109999656677246,12.175000190734863,221
2014-12-04,12.119999885559082,12.119999885559082,12.1899995803833,12.079999923706055,12.140000343322754,331
2014-12-05,12.0649995803833,12.0649995803833,12.145000457763672,12.0,12.100000381469727,326
2014-12-08,12.045000076293945,12.045000076293945,12.149999618530273,12.015000343322754,12.055000305175781,215
2014-12-09,12.289999961853027,12.289999961853027,12.3149995803833,12.0,12.015000343322754,598
2014-12-10,12.260000228881836,12.260000228881836,12.289999961853027,12.164999961853027,12.274999618530273,231
2014-12-11,12.085000038146973,12.085000038146973,12.279999732971191,12.029999732971191,12.239999771118164,722
2014-12-12,12.350000381469727,12.350000381469727,12.550000190734863,12.050000190734863,12.085000038146973,1169
2014-12-15,12.430000305175781,12.430000305175781,12.489999771118164,12.300000190734863,12.345000267028809,405
2014-12-16,12.079999923706055,12.079999923706055,12.425000190734863,12.055000305175781,12.425000190734863,1261
2014-12-17,12.114999771118164,12.114999771118164,12.204999923706055,12.074999809265137,12.095000267028809,1205
2014-12-18,12.109999656677246,12.109999656677246,12.125,12.045000076293945,12.069999694824219,627
2014-12-19,12.3100004196167,12.3100004196167,12.345000267028809,12.09000015258789,12.125,1078
2014-12-22,12.15999984741211,12.15999984741211,12.380000114440918,12.130000114440918,12.369999885559082,838
2014-12-23,12.1850004196167,12.1850004196167,12.274999618530273,12.100000381469727,12.15999984741211,530
2014-12-24,12.125,12.125,12.199999809265137,12.119999885559082,12.170000076293945,313
2014-12-26,12.164999961853027,12.164999961853027,12.239999771118164,12.125,12.125,270
2014-12-29,11.819999694824219,11.819999694824219,12.170000076293945,11.779999732971191,12.170000076293945,760
2014-12-30,11.640000343322754,11.640000343322754,11.800000190734863,11.640000343322754,11.795000076293945,855
2014-12-31,11.489999771118164,11.489999771118164,11.6850004196167,11.479999542236328,11.614999771118164,277
2015-01-02,11.289999961853027,11.289999961853027,11.529999732971191,11.270000457763672,11.529999732971191,69
2015-01-05,11.329999923706055,11.329999923706055,11.329999923706055,11.295000076293945,11.295000076293945,142
2015-01-06,11.359999656677246,11.359999656677246,11.359999656677246,11.279999732971191,11.329999923706055,19
2015-01-07,11.40999984741211,11.40999984741211,11.40999984741211,11.40999984741211,11.40999984741211,20
2015-01-08,11.295000076293945,11.295000076293945,11.295000076293945,11.295000076293945,11.295000076293945,20
2015-01-09,11.324999809265137,11.324999809265137,11.350000381469727,11.324999809265137,11.350000381469727,18
2015-01-12,11.244999885559082,11.244999885559082,11.3149995803833,11.244999885559082,11.3100004196167,32
2015-01-13,11.239999771118164,11.239999771118164,11.239999771118164,11.239999771118164,11.239999771118164,18
2015-01-14,10.984999656677246,10.984999656677246,10.984999656677246,10.984999656677246,10.984999656677246,464
2015-01-15,11.329999923706055,11.329999923706055,11.345000267028809,11.0649995803833,11.119999885559082,314
2015-01-16,11.324999809265137,11.324999809265137,11.399999618530273,11.255000114440918,11.329999923706055,124
2015-01-20,11.265000343322754,11.265000343322754,11.380000114440918,11.239999771118164,11.345000267028809,233
2015-01-21,11.369999885559082,11.369999885559082,11.395000457763672,11.289999961853027,11.319999694824219,193
2015-01-22,11.15999984741211,11.15999984741211,11.350000381469727,11.154999732971191,11.345000267028809,607
2015-01-23,11.010000228881836,11.010000228881836,11.234999656677246,10.960000038146973,11.164999961853027,459
2015-01-26,10.885000228881836,10.885000228881836,10.994999885559082,10.8100004196167,10.994999885559082,388
2015-01-27,10.970000267028809,10.970000267028809,11.229999542236328,10.890000343322754,10.890000343322754,396
2015-01-28,10.734999656677246,10.734999656677246,11.140000343322754,10.704999923706055,11.005000114440918,470
2015-01-29,10.859999656677246,10.859999656677246,11.369999885559082,10.704999923706055,10.765000343322754,1506
2015-01-30,10.569999694824219,10.569999694824219,10.914999961853027,10.524999618530273,10.859999656677246,1023
2015-02-02,10.305000305175781,10.305000305175781,10.569999694824219,10.274999618530273,10.569999694824219,1242
2015-02-03,10.385000228881836,10.385000228881836,10.494999885559082,10.010000228881836,10.289999961853027,533
2015-02-04,10.25,10.25,10.545000076293945,10.145000457763672,10.300000190734863,468
2015-02-05,10.449999809265137,10.449999809265137,10.475000381469727,10.255000114440918,10.265000343322754,243
2015-02-06,10.739999771118164,10.739999771118164,10.75,10.460000038146973,10.475000381469727,625
2015-02-09,10.4350004196167,10.4350004196167,10.75,10.420000076293945,10.739999771118164,324
2015-02-10,10.234999656677246,10.234999656677246,10.515000343322754,10.149999618530273,10.494999885559082,1124
2015-02-11,10.380000114440918,10.380000114440918,10.399999618530273,10.199999809265137,10.199999809265137,903
2015-02-12,10.329999923706055,10.329999923706055,10.479999542236328,10.319999694824219,10.354999542236328,558
2015-02-13,10.524999618530273,10.524999618530273,10.550000190734863,10.3149995803833,10.3149995803833,836
2015-02-17,10.680000305175781,10.680000305175781,10.6850004196167,10.350000381469727,10.515000343322754,1223
2015-02-18,10.869999885559082,10.869999885559082,10.925000190734863,10.635000228881836,10.694999694824219,1384
2015-02-19,10.800000190734863,10.800000190734863,10.895000457763672,10.744999885559082,10.84000015258789,1008
2015-02-20,10.789999961853027,10.789999961853027,10.859999656677246,10.704999923706055,10.800000190734863,840
2015-02-23,10.46500015258789,10.46500015258789,10.789999961853027,10.460000038146973,10.789999961853027,450
2015-02-24,10.444999694824219,10.444999694824219,10.550000190734863,10.369999885559082,10.5,691
2015-02-25,10.494999885559082,10.494999885559082,10.619999885559082,10.265000343322754,10.420000076293945,804
2015-02-26,10.385000228881836,10.385000228881836,10.5,10.279999732971191,10.5,842
2015-02-27,10.470000267028809,10.470000267028809,10.479999542236328,10.300000190734863,10.300000190734863,294
2015-03-02,10.53499984741211,10.53499984741211,10.630000114440918,10.529999732971191,10.5600004196167,104
2015-03-03,10.359999656677246,10.359999656677246,10.359999656677246,10.350000381469727,10.350000381469727,118
2015-03-04,10.46500015258789,10.46500015258789,10.46500015258789,10.430000305175781,10.430000305175781,117
2015-03-05,10.350000381469727,10.350000381469727,10.475000381469727,10.350000381469727,10.385000228881836,101
2015-03-06,10.234999656677246,10.234999656677246,10.234999656677246,10.1899995803833,10.1899995803833,52
2015-03-09,10.305000305175781,10.305000305175781,10.305000305175781,10.21500015258789,10.21500015258789,75
2015-03-10,10.289999961853027,10.289999961853027,10.289999961853027,10.255000114440918,10.265000343322754,18
2015-03-11,10.505000114440918,10.505000114440918,10.505000114440918,10.319999694824219,10.350000381469727,42
2015-03-12,10.470000267028809,10.470000267028809,10.53499984741211,10.460000038146973,10.46500015258789,85
2015-03-13,10.4350004196167,10.4350004196167,10.510000228881836,10.4350004196167,10.444999694824219,223
2015-03-16,10.524999618530273,10.524999618530273,10.6899995803833,10.399999618530273,10.579999923706055,359
2015-03-17,10.625,10.625,10.630000114440918,10.510000228881836,10.545000076293945,196
2015-03-18,11.045000076293945,11.045000076293945,11.055000305175781,10.579999923706055,10.625,603
2015-03-19,10.925000190734863,10.925000190734863,10.979999542236328,10.760000228881836,10.970000267028809,544
2015-03-20,10.920000076293945,10.920000076293945,10.944999694824219,10.854999542236328,10.859999656677246,204
2015-03-23,11.029999732971191,11.029999732971191,11.050000190734863,10.90999984741211,10.90999984741211,345
2015-03-24,11.125,11.125,11.3100004196167,10.989999771118164,10.989999771118164,655
2015-03-25,10.960000038146973,10.960000038146973,11.15999984741211,10.944999694824219,11.149999618530273,408
2015-03-26,11.109999656677246,11.109999656677246,11.125,10.944999694824219,10.970000267028809,256
2015-03-27,10.989999771118164,10.989999771118164,11.125,10.954999923706055,11.114999771118164,266
2015-03-30,11.119999885559082,11.119999885559082,11.154999732971191,10.949999809265137,10.970000267028809,596
2015-03-31,10.875,10.875,11.1899995803833,10.864999771118164,11.050000190734863,952
2015-04-01,10.779999732971191,10.779999732971191,10.960000038146973,10.770000457763672,10.819999694824219,564
2015-04-02,10.864999771118164,10.864999771118164,10.899999618530273,10.765000343322754,10.779999732971191,322
2015-04-06,10.824999809265137,10.824999809265137,10.899999618530273,10.800000190734863,10.850000381469727,156
2015-04-07,10.680000305175781,10.680000305175781,10.875,10.670000076293945,10.819999694824219,1325
2015-04-08,10.574999809265137,10.574999809265137,10.744999885559082,10.5600004196167,10.694999694824219,874
2015-04-09,10.399999618530273,10.399999618530273,10.625,10.395000457763672,10.595000267028809,1196
2015-04-10,10.260000228881836,10.260000228881836,10.444999694824219,10.255000114440918,10.4350004196167,1225
2015-04-13,10.104999542236328,10.104999542236328,10.359999656677246,10.085000038146973,10.319999694824219,524
2015-04-14,10.210000038146973,10.210000038146973,10.229999542236328,10.010000228881836,10.085000038146973,1120
2015-04-15,10.095000267028809,10.095000267028809,10.300000190734863,10.085000038146973,10.1899995803833,651
2015-04-16,9.96500015258789,9.96500015258789,10.130000114440918,9.904999732971191,10.100000381469727,927
2015-04-17,9.904999732971191,9.904999732971191,10.029999732971191,9.755000114440918,10.029999732971191,1331
2015-04-20,9.774999618530273,9.774999618530273,9.970000267028809,9.760000228881836,9.954999923706055,527
2015-04-21,9.979999542236328,9.979999542236328,10.029999732971191,9.78499984741211,9.78499984741211,1608
2015-04-22,10.154999732971191,10.154999732971191,10.154999732971191,9.975000381469727,10.0,749
2015-04-23,10.0600004196167,10.0600004196167,10.140000343322754,10.029999732971191,10.140000343322754,846
2015-04-24,9.979999542236328,9.979999542236328,10.09000015258789,9.979999542236328,10.0600004196167,689
2015-04-27,9.854999542236328,9.854999542236328,10.020000457763672,9.854999542236328,9.989999771118164,814
2015-04-28,9.96500015258789,9.96500015258789,10.069999694824219,9.869999885559082,9.880000114440918,764
2015-04-29,10.15999984741211,10.15999984741211,10.199999809265137,9.899999618530273,10.0,1275
2015-04-30,10.029999732971191,10.029999732971191,10.130000114440918,9.989999771118164,10.104999542236328,295
2015-05-01,9.949999809265137,9.949999809265137,9.949999809265137,9.9399995803833,9.9399995803833,363
2015-05-04,9.850000381469727,9.850000381469727,10.0649995803833,9.850000381469727,10.0649995803833,109
2015-05-05,9.720000267028809,9.720000267028809,9.859999656677246,9.720000267028809,9.850000381469727,13
2015-05-06,9.545000076293945,9.545000076293945,9.710000038146973,9.545000076293945,9.699999809265137,29
2015-05-07,9.46500015258789,9.46500015258789,9.46500015258789,9.46500015258789,9.46500015258789,75
2015-05-08,9.505000114440918,9.505000114440918,9.505000114440918,9.505000114440918,9.505000114440918,75
2015-05-11,9.380000114440918,9.380000114440918,9.380000114440918,9.380000114440918,9.380000114440918,25
2015-05-12,9.220000267028809,9.220000267028809,9.375,9.220000267028809,9.3100004196167,12
2015-05-13,9.220000267028809,9.220000267028809,9.220000267028809,9.220000267028809,9.220000267028809,13
2015-05-14,9.364999771118164,9.364999771118164,9.364999771118164,9.364999771118164,9.364999771118164,364
2015-05-15,9.574999809265137,9.574999809265137,9.619999885559082,9.479999542236328,9.585000038146973,332
2015-05-18,9.795000076293945,9.795000076293945,9.859999656677246,9.585000038146973,9.585000038146973,336
2015-05-19,9.649999618530273,9.649999618530273,9.850000381469727,9.614999771118164,9.78499984741211,208
2015-05-20,9.569999694824219,9.569999694824219,9.670000076293945,9.539999961853027,9.670000076293945,238
2015-05-21,9.614999771118164,9.614999771118164,9.65999984741211,9.579999923706055,9.579999923706055,229
2015-05-22,9.430000305175781,9.430000305175781,9.649999618530273,9.420000076293945,9.600000381469727,337
2015-05-26,9.420000076293945,9.420000076293945,9.739999771118164,9.399999618530273,9.399999618530273,312
2015-05-27,9.430000305175781,9.430000305175781,9.484999656677246,9.375,9.385000228881836,415
2015-05-28,9.510000228881836,9.510000228881836,9.555000305175781,9.430000305175781,9.430000305175781,1164
2015-05-29,9.510000228881836,9.510000228881836,9.569999694824219,9.430000305175781,9.5,721
2015-06-01,9.649999618530273,9.649999618530273,9.6899995803833,9.449999809265137,9.510000228881836,575
2015-06-02,9.774999618530273,9.774999618530273,9.78499984741211,9.640000343322754,9.640000343322754,394
2015-06-03,9.864999771118164,9.864999771118164,9.9399995803833,9.739999771118164,9.760000228881836,495
2015-06-04,9.925000190734863,9.925000190734863,9.949999809265137,9.84000015258789,9.850000381469727,307
2015-06-05,9.805000305175781,9.805000305175781,10.020000457763672,9.6850004196167,9.944999694824219,474
2015-06-08,9.944999694824219,9.944999694824219,9.949999809265137,9.75,9.75,312
2015-06-09,9.979999542236328,9.979999542236328,9.979999542236328,9.869999885559082,9.930000305175781,542
2015-06-10,9.869999885559082,9.869999885559082,9.984999656677246,9.770000457763672,9.96500015258789,605
2015-06-11,9.795000076293945,9.795000076293945,9.925000190734863,9.670000076293945,9.899999618530273,644
2015-06-12,9.680000305175781,9.680000305175781,9.795000076293945,9.670000076293945,9.795000076293945,501
2015-06-15,9.774999618530273,9.774999618530273,9.84000015258789,9.625,9.6899995803833,1001
2015-06-16,9.800000190734863,9.800000190734863,9.869999885559082,9.75,9.800000190734863,936
2015-06-17,9.729999542236328,9.729999542236328,9.880000114440918,9.720000267028809,9.78499984741211,1084
2015-06-18,9.8149995803833,9.8149995803833,9.845000267028809,9.725000381469727,9.725000381469727,820
2015-06-19,9.720000267028809,9.720000267028809,9.795000076293945,9.65999984741211,9.720000267028809,704
2015-06-22,9.845000267028809,9.845000267028809,9.845000267028809,9.65999984741211,9.680000305175781,608
2015-06-23,9.835000038146973,9.835000038146973,9.90999984741211,9.795000076293945,9.850000381469727,696
2015-06-24,10.125,10.125,10.140000343322754,9.800000190734863,9.890000343322754,770
2015-06-25,10.045000076293945,10.045000076293945,10.140000343322754,10.015000343322754,10.109999656677246,759
2015-06-26,9.960000038146973,9.960000038146973,10.100000381469727,9.944999694824219,10.010000228881836,966
2015-06-29,9.789999961853027,9.789999961853027,9.914999961853027,9.680000305175781,9.914999961853027,1242
2015-06-30,10.164999961853027,10.164999961853027,10.21500015258789,9.770000457763672,9.770000457763672,650
2015-07-01,10.354999542236328,10.354999542236328,10.364999771118164,10.1850004196167,10.1899995803833,276
2015-07-02,10.380000114440918,10.380000114440918,10.430000305175781,10.380000114440918,10.430000305175781,161
2015-07-06,10.5649995803833,10.5649995803833,10.59000015258789,10.354999542236328,10.510000228881836,190
2015-07-07,10.645000457763672,10.645000457763672,10.65999984741211,10.604999542236328,10.604999542236328,148
2015-07-08,10.765000343322754,10.765000343322754,10.960000038146973,10.765000343322754,10.954999923706055,123
2015-07-09,10.8149995803833,10.8149995803833,10.880000114440918,10.8149995803833,10.869999885559082,35
2015-07-10,10.854999542236328,10.854999542236328,11.050000190734863,10.854999542236328,11.0,49
2015-07-13,10.704999923706055,10.704999923706055,10.765000343322754,10.675000190734863,10.6850004196167,35
2015-07-14,10.904999732971191,10.904999732971191,10.904999732971191,10.904999732971191,10.904999732971191,664
2015-07-15,11.0600004196167,11.0600004196167,11.100000381469727,11.020000457763672,11.074999809265137,247
2015-07-16,10.960000038146973,10.960000038146973,11.09000015258789,10.9399995803833,11.050000190734863,474
2015-07-17,10.920000076293945,10.920000076293945,11.0,10.774999618530273,10.975000381469727,620
2015-07-20,10.890000343322754,10.890000343322754,10.949999809265137,10.774999618530273,10.845000267028809,430
2015-07-21,11.005000114440918,11.005000114440918,11.045000076293945,10.899999618530273,10.90999984741211,474
2015-07-22,11.119999885559082,11.119999885559082,11.145000457763672,10.914999961853027,10.984999656677246,702
2015-07-23,11.109999656677246,11.109999656677246,11.229999542236328,11.0649995803833,11.100000381469727,442
2015-07-24,11.045000076293945,11.045000076293945,11.114999771118164,10.979999542236328,11.114999771118164,450
2015-07-27,10.960000038146973,10.960000038146973,11.100000381469727,10.899999618530273,11.0600004196167,591
2015-07-28,10.979999542236328,10.979999542236328,11.050000190734863,10.880000114440918,10.96500015258789,368
2015-07-29,11.199999809265137,11.199999809265137,11.21500015258789,10.979999542236328,10.979999542236328,491
2015-07-30,11.4350004196167,11.4350004196167,11.550000190734863,11.114999771118164,11.199999809265137,1230
2015-07-31,11.515000343322754,11.515000343322754,11.649999618530273,11.329999923706055,11.460000038146973,944
2015-08-03,11.395000457763672,11.395000457763672,11.614999771118164,11.3100004196167,11.555000305175781,802
2015-08-04,11.454999923706055,11.454999923706055,11.53499984741211,11.34000015258789,11.399999618530273,1146
2015-08-05,11.539999961853027,11.539999961853027,11.579999923706055,11.430000305175781,11.479999542236328,285
2015-08-06,11.4399995803833,11.4399995803833,11.529999732971191,11.40999984741211,11.529999732971191,810
2015-08-07,11.430000305175781,11.430000305175781,11.484999656677246,11.40999984741211,11.444999694824219,292
2015-08-10,11.859999656677246,11.859999656677246,11.895000457763672,11.425000190734863,11.4399995803833,1058
2015-08-11,11.789999961853027,11.789999961853027,12.069999694824219,11.699999809265137,11.699999809265137,3073
2015-08-12,11.710000038146973,11.710000038146973,11.9399995803833,11.529999732971191,11.694999694824219,795
2015-08-13,11.899999618530273,11.899999618530273,11.930000305175781,11.550000190734863,11.609999656677246,536
2015-08-14,11.819999694824219,11.819999694824219,11.9399995803833,11.819999694824219,11.899999618530273,548
2015-08-17,11.994999885559082,11.994999885559082,12.0,11.819999694824219,11.824999809265137,471
2015-08-18,11.84000015258789,11.84000015258789,11.989999771118164,11.770000457763672,11.949999809265137,490
2015-08-19,11.899999618530273,11.899999618530273,11.949999809265137,11.78499984741211,11.845000267028809,467
2015-08-20,11.635000228881836,11.635000228881836,11.914999961853027,11.609999656677246,11.899999618530273,619
2015-08-21,11.649999618530273,11.649999618530273,11.78499984741211,11.5,11.65999984741211,946
2015-08-24,11.395000457763672,11.395000457763672,11.654999732971191,11.149999618530273,11.649999618530273,1043
2015-08-25,11.345000267028809,11.345000267028809,11.479999542236328,11.1850004196167,11.414999961853027,1223
2015-08-26,11.3100004196167,11.3100004196167,11.395000457763672,11.295000076293945,11.3100004196167,861
2015-08-27,11.300000190734863,11.300000190734863,11.40999984741211,11.204999923706055,11.265000343322754,750
2015-08-28,11.59000015258789,11.59000015258789,11.635000228881836,11.359999656677246,11.390000343322754,828
2015-08-31,11.880000114440918,11.880000114440918,11.9399995803833,11.600000381469727,11.600000381469727,776
2015-09-01,11.595000267028809,11.595000267028809,11.84000015258789,11.579999923706055,11.84000015258789,484
2015-09-02,11.6899995803833,11.6899995803833,11.6899995803833,11.595000267028809,11.595000267028809,603
2015-09-03,11.795000076293945,11.795000076293945,11.880000114440918,11.795000076293945,11.835000038146973,77
2015-09-04,11.850000381469727,11.850000381469727,11.850000381469727,11.850000381469727,11.850000381469727,77
2015-09-08,12.010000228881836,12.010000228881836,12.010000228881836,11.824999809265137,11.899999618530273,47
2015-09-09,12.21500015258789,12.21500015258789,12.220000267028809,12.21500015258789,12.220000267028809,71
2015-09-10,12.4350004196167,12.4350004196167,12.4350004196167,12.350000381469727,12.354999542236328,78
2015-09-11,12.600000381469727,12.600000381469727,12.600000381469727,12.505000114440918,12.505000114440918,25
2015-09-14,12.78499984741211,12.78499984741211,12.78499984741211,12.78499984741211,12.78499984741211,728
2015-09-15,12.970000267028809,12.970000267028809,12.989999771118164,12.8100004196167,12.96500015258789,349
2015-09-16,12.864999771118164,12.864999771118164,12.96500015258789,12.8100004196167,12.930000305175781,630
2015-09-17,12.895000457763672,12.895000457763672,13.020000457763672,12.569999694824219,12.8149995803833,381
2015-09-18,12.949999809265137,12.949999809265137,12.989999771118164,12.795000076293945,12.805000305175781,265
2015-09-21,12.805000305175781,12.805000305175781,12.914999961853027,12.75,12.880000114440918,196
2015-09-22,12.744999885559082,12.744999885559082,12.850000381469727,12.6899995803833,12.78499984741211,311
2015-09-23,12.90999984741211,12.90999984741211,12.920000076293945,12.699999809265137,12.739999771118164,263
2015-09-24,13.015000343322754,13.015000343322754,13.039999961853027,12.880000114440918,12.880000114440918,449
2015-09-25,13.270000457763672,13.270000457763672,13.34000015258789,13.010000228881836,13.010000228881836,874
2015-09-28,13.34000015258789,13.34000015258789,13.375,13.164999961853027,13.220000267028809,316
2015-09-29,13.324999809265137,13.324999809265137,13.390000343322754,13.3100004196167,13.335000038146973,585
2015-09-30,13.199999809265137,13.199999809265137,13.390000343322754,13.149999618530273,13.300000190734863,1137
2015-10-01,13.300000190734863,13.300000190734863,13.359999656677246,13.15999984741211,13.1850004196167,772
2015-10-02,13.25,13.25,13.329999923706055,13.1899995803833,13.255000114440918,397
2015-10-05,13.399999618530273,13.399999618530273,13.4399995803833,13.199999809265137,13.204999923706055,1163
2015-10-06,13.364999771118164,13.364999771118164,13.414999961853027,13.3100004196167,13.395000457763672,396
2015-10-07,13.324999809265137,13.324999809265137,13.354999542236328,13.220000267028809,13.3100004196167,386
2015-10-08,12.989999771118164,12.989999771118164,13.28499984741211,12.920000076293945,13.28499984741211,937
2015-10-09,12.994999885559082,12.994999885559082,13.100000381469727,12.75,12.930000305175781,952
2015-10-12,12.885000228881836,12.885000228881836,13.0649995803833,12.84000015258789,12.96500015258789,514
2015-10-13,12.595000267028809,12.595000267028809,12.979999542236328,12.574999809265137,12.890000343322754,1330
2015-10-14,12.145000457763672,12.145000457763672,12.569999694824219,12.0649995803833,12.569999694824219,2393
2015-10-15,12.279999732971191,12.279999732971191,12.395000457763672,11.989999771118164,12.100000381469727,1129
2015-10-16,12.109999656677246,12.109999656677246,12.369999885559082,12.109999656677246,12.279999732971191,592
2015-10-19,12.104999542236328,12.104999542236328,12.204999923706055,12.0649995803833,12.130000114440918,791
2015-10-20,12.175000190734863,12.175000190734863,12.265000343322754,12.085000038146973,12.085000038146973,487
2015-10-21,12.260000228881836,12.260000228881836,12.289999961853027,12.180000305175781,12.180000305175781,894
2015-10-22,12.135000228881836,12.135000228881836,12.270000457763672,12.114999771118164,12.210000038146973,1490
2015-10-23,11.854999542236328,11.854999542236328,12.234999656677246,11.850000381469727,12.149999618530273,1251
2015-10-26,11.654999732971191,11.654999732971191,11.925000190734863,11.649999618530273,11.854999542236328,814
2015-10-27,11.600000381469727,11.600000381469727,11.845000267028809,11.475000381469727,11.649999618530273,1147
2015-10-28,11.399999618530273,11.399999618530273,11.645000457763672,11.369999885559082,11.640000343322754,786
2015-10-29,11.53499984741211,11.53499984741211,11.53499984741211,11.3149995803833,11.3149995803833,1069
2015-10-30,11.609999656677246,11.609999656677246,11.680000305175781,11.364999771118164,11.539999961853027,398
2015-11-02,11.885000228881836,11.885000228881836,12.0,11.770000457763672,11.84000015258789,269
2015-11-03,11.895000457763672,11.895000457763672,11.899999618530273,11.800000190734863,11.800000190734863,206
2015-11-04,12.170000076293945,12.170000076293945,12.170000076293945,12.0,12.0,298
2015-11-05,12.1899995803833,12.1899995803833,12.1899995803833,12.15999984741211,12.15999984741211,95
2015-11-06,12.1850004196167,12.1850004196167,12.1850004196167,12.140000343322754,12.175000190734863,10
2015-11-09,11.795000076293945,11.795000076293945,12.0,11.795000076293945,12.0,47
2015-11-10,11.635000228881836,11.635000228881836,12.050000190734863,11.635000228881836,11.859999656677246,26
2015-11-11,11.635000228881836,11.635000228881836,11.635000228881836,11.635000228881836,11.635000228881836,4
2015-11-12,12.109999656677246,12.109999656677246,12.109999656677246,12.100000381469727,12.100000381469727,12
2015-11-13,11.960000038146973,11.960000038146973,11.960000038146973,11.960000038146973,11.960000038146973,703
2015-11-16,11.84000015258789,11.84000015258789,12.145000457763672,11.779999732971191,12.079999923706055,506
2015-11-17,12.0649995803833,12.0649995803833,12.199999809265137,11.744999885559082,11.779999732971191,642
2015-11-18,11.84000015258789,11.84000015258789,12.0649995803833,11.800000190734863,12.050000190734863,292
2015-11-19,11.845000267028809,11.845000267028809,11.975000381469727,11.75,11.890000343322754,893
2015-11-20,12.130000114440918,12.130000114440918,12.170000076293945,11.760000228881836,11.875,294
2015-11-23,12.104999542236328,12.104999542236328,12.295000076293945,12.029999732971191,12.119999885559082,232
2015-11-24,12.1899995803833,12.1899995803833,12.289999961853027,12.095000267028809,12.145000457763672,578
2015-11-25,12.130000114440918,12.130000114440918,12.319999694824219,12.074999809265137,12.074999809265137,210
2015-11-27,11.954999923706055,11.954999923706055,12.145000457763672,11.850000381469727,12.145000457763672,290
2015-11-30,11.904999732971191,11.904999732971191,12.0600004196167,11.864999771118164,11.944999694824219,1028
2015-12-01,11.71500015258789,11.71500015258789,11.949999809265137,11.654999732971191,11.949999809265137,789
2015-12-02,11.395000457763672,11.395000457763672,11.800000190734863,11.390000343322754,11.720000267028809,899
2015-12-03,11.234999656677246,11.234999656677246,11.4350004196167,11.154999732971191,11.399999618530273,1145
2015-12-04,11.180000305175781,11.180000305175781,11.385000228881836,11.09000015258789,11.289999961853027,500
2015-12-07,10.875,10.875,11.204999923706055,10.84000015258789,11.1850004196167,1665
2015-12-08,10.970000267028809,10.970000267028809,11.024999618530273,10.760000228881836,10.895000457763672,603
2015-12-09,11.005000114440918,11.005000114440918,11.020000457763672,10.864999771118164,11.0,543
2015-12-10,11.109999656677246,11.109999656677246,11.21500015258789,10.984999656677246,11.015000343322754,700
2015-12-11,11.055000305175781,11.055000305175781,11.225000381469727,10.979999542236328,11.194999694824219,364
2015-12-14,10.984999656677246,10.984999656677246,11.154999732971191,10.949999809265137,11.109999656677246,850
2015-12-15,10.899999618530273,10.899999618530273,11.03499984741211,10.859999656677246,10.960000038146973,612
2015-12-16,10.954999923706055,10.954999923706055,10.994999885559082,10.859999656677246,10.899999618530273,857
2015-12-17,11.109999656677246,11.109999656677246,11.1899995803833,10.895000457763672,10.920000076293945,733
2015-12-18,11.079999923706055,11.079999923706055,11.175000190734863,10.949999809265137,11.09000015258789,576
2015-12-21,10.949999809265137,10.949999809265137,11.125,10.90999984741211,11.045000076293945,1103
2015-12-22,10.835000038146973,10.835000038146973,10.979999542236328,10.805000305175781,10.979999542236328,925
2015-12-23,10.899999618530273,10.899999618530273,10.930000305175781,10.824999809265137,10.829999923706055,865
2015-12-24,10.819999694824219,10.819999694824219,10.920000076293945,10.8149995803833,10.895000457763672,158
2015-12-28,11.0600004196167,11.0600004196167,11.09000015258789,10.850000381469727,10.850000381469727,1241
2015-12-29,11.664999961853027,11.664999961853027,11.755000114440918,11.010000228881836,11.0600004196167,1032
2015-12-30,11.539999961853027,11.539999961853027,11.680000305175781,11.529999732971191,11.65999984741211,1089
2015-12-31,11.5649995803833,11.5649995803833,11.5649995803833,11.489999771118164,11.529999732971191,272
2016-01-04,11.510000228881836,11.510000228881836,11.614999771118164,11.5,11.574999809265137,180
2016-01-05,11.670000076293945,11.670000076293945,11.670000076293945,11.645000457763672,11.645000457763672,71
2016-01-06,11.574999809265137,11.574999809265137,11.630000114440918,11.574999809265137,11.630000114440918,35
2016-01-07,11.385000228881836,11.385000228881836,11.529999732971191,11.385000228881836,11.510000228881836,70
2016-01-08,11.614999771118164,11.614999771118164,11.614999771118164,11.354999542236328,11.354999542236328,16
2016-01-11,11.539999961853027,11.539999961853027,11.539999961853027,11.539999961853027,11.539999961853027,30
2016-01-12,11.489999771118164,11.489999771118164,11.489999771118164,11.489999771118164,11.489999771118164,74
2016-01-13,11.074999809265137,11.074999809265137,11.074999809265137,11.074999809265137,11.074999809265137,6
2016-01-14,10.854999542236328,10.854999542236328,10.859999656677246,10.824999809265137,10.824999809265137,1357
2016-01-15,10.664999961853027,10.664999961853027,10.984999656677246,10.649999618530273,10.885000228881836,601
2016-01-19,10.875,10.875,10.90999984741211,10.6899995803833,10.699999809265137,540
2016-01-20,10.84000015258789,10.84000015258789,10.899999618530273,10.710000038146973,10.899999618530273,707
2016-01-21,10.979999542236328,10.979999542236328,11.010000228881836,10.739999771118164,10.84000015258789,369
2016-01-22,10.960000038146973,10.960000038146973,11.09000015258789,10.8100004196167,10.970000267028809,320
2016-01-25,11.010000228881836,11.010000228881836,11.029999732971191,10.8149995803833,11.0,287
2016-01-26,11.074999809265137,11.074999809265137,11.100000381469727,10.920000076293945,11.0,396
2016-01-27,11.265000343322754,11.265000343322754,11.3100004196167,11.024999618530273,11.069999694824219,367
2016-01-28,11.3100004196167,11.3100004196167,11.479999542236328,11.15999984741211,11.234999656677246,601
2016-01-29,11.350000381469727,11.350000381469727,11.390000343322754,11.180000305175781,11.359999656677246,654
2016-02-01,11.005000114440918,11.005000114440918,11.4350004196167,10.864999771118164,11.369999885559082,812
2016-02-02,11.175000190734863,11.175000190734863,11.229999542236328,10.989999771118164,11.050000190734863,498
2016-02-03,11.135000228881836,11.135000228881836,11.210000038146973,11.029999732971191,11.119999885559082,224
2016-02-04,11.050000190734863,11.050000190734863,11.225000381469727,10.984999656677246,11.1899995803833,458
2016-02-05,11.119999885559082,11.119999885559082,11.130000114440918,11.045000076293945,11.100000381469727,537
2016-02-08,10.920000076293945,10.920000076293945,11.130000114440918,10.90999984741211,11.095000267028809,449
2016-02-09,10.760000228881836,10.760000228881836,10.9399995803833,10.680000305175781,10.779999732971191,705
2016-02-10,11.130000114440918,11.130000114440918,11.130000114440918,10.760000228881836,10.8100004196167,1050
2016-02-11,11.015000343322754,11.015000343322754,11.100000381469727,10.9399995803833,11.0600004196167,536
2016-02-12,10.765000343322754,10.765000343322754,11.085000038146973,10.704999923706055,10.930000305175781,701
2016-02-16,10.84000015258789,10.84000015258789,10.954999923706055,10.734999656677246,10.760000228881836,1236
2016-02-17,11.039999961853027,11.039999961853027,11.175000190734863,10.779999732971191,10.829999923706055,643
2016-02-18,10.859999656677246,10.859999656677246,11.0600004196167,10.845000267028809,11.03499984741211,547
2016-02-19,11.020000457763672,11.020000457763672,11.03499984741211,10.835000038146973,10.864999771118164,909
2016-02-22,10.704999923706055,10.704999923706055,11.020000457763672,10.5,11.0,1565
2016-02-23,10.595000267028809,10.595000267028809,10.800000190734863,10.53499984741211,10.774999618530273,1479
2016-02-24,10.65999984741211,10.65999984741211,10.710000038146973,10.449999809265137,10.53499984741211,1290
2016-02-25,10.4350004196167,10.4350004196167,10.65999984741211,10.380000114440918,10.609999656677246,1377
2016-02-26,10.390000343322754,10.390000343322754,10.470000267028809,10.140000343322754,10.449999809265137,1908
2016-02-29,10.494999885559082,10.494999885559082,10.494999885559082,10.3100004196167,10.354999542236328,210
2016-03-01,10.369999885559082,10.369999885559082,10.430000305175781,10.369999885559082,10.430000305175781,93
2016-03-02,10.239999771118164,10.239999771118164,10.239999771118164,10.239999771118164,10.239999771118164,43
2016-03-03,10.260000228881836,10.260000228881836,10.369999885559082,10.234999656677246,10.369999885559082,165
2016-03-04,10.265000343322754,10.265000343322754,10.34000015258789,10.260000228881836,10.335000038146973,16
2016-03-07,10.454999923706055,10.454999923706055,10.550000190734863,10.454999923706055,10.470000267028809,15
2016-03-08,10.295000076293945,10.295000076293945,10.420000076293945,10.295000076293945,10.420000076293945,2
2016-03-09,10.140000343322754,10.140000343322754,10.140000343322754,10.140000343322754,10.140000343322754,1
2016-03-10,10.104999542236328,10.104999542236328,10.104999542236328,9.970000267028809,10.085000038146973,19
2016-03-11,10.095000267028809,10.095000267028809,10.1899995803833,10.095000267028809,10.1850004196167,8
2016-03-14,10.104999542236328,10.104999542236328,10.104999542236328,10.100000381469727,10.100000381469727,331
2016-03-15,10.369999885559082,10.369999885559082,10.489999771118164,10.295000076293945,10.444999694824219,264
2016-03-16,10.484999656677246,10.484999656677246,10.515000343322754,10.210000038146973,10.295000076293945,468
2016-03-17,10.545000076293945,10.545000076293945,10.6899995803833,10.475000381469727,10.475000381469727,673
2016-03-18,10.449999809265137,10.449999809265137,10.600000381469727,10.414999961853027,10.600000381469727,408
2016-03-21,10.375,10.375,10.520000457763672,10.350000381469727,10.449999809265137,220
2016-03-22,10.404999732971191,10.404999732971191,10.430000305175781,10.260000228881836,10.350000381469727,197
2016-03-23,10.305000305175781,10.305000305175781,10.444999694824219,10.274999618530273,10.40999984741211,395
2016-03-24,10.265000343322754,10.265000343322754,10.319999694824219,10.125,10.279999732971191,605
2016-03-28,10.1899995803833,10.1899995803833,10.28499984741211,10.164999961853027,10.265000343322754,129
2016-03-29,10.0649995803833,10.0649995803833,10.229999542236328,10.029999732971191,10.1850004196167,856
2016-03-30,10.029999732971191,10.029999732971191,10.170000076293945,9.899999618530273,10.104999542236328,804
2016-03-31,9.6899995803833,9.6899995803833,10.234999656677246,9.425000190734863,10.0600004196167,1826
2016-04-01,9.755000114440918,9.755000114440918,9.78499984741211,9.524999618530273,9.585000038146973,1343
2016-04-04,9.800000190734863,9.800000190734863,9.854999542236328,9.71500015258789,9.795000076293945,795
2016-04-05,9.789999961853027,9.789999961853027,9.835000038146973,9.670000076293945,9.755000114440918,887
2016-04-06,9.744999885559082,9.744999885559082,9.84000015258789,9.734999656677246,9.819999694824219,283
2016-04-07,9.850000381469727,9.850000381469727,9.850000381469727,9.75,9.75,223
2016-04-08,9.949999809265137,9.949999809265137,9.970000267028809,9.835000038146973,9.84000015258789,927
2016-04-11,9.845000267028809,9.845000267028809,10.029999732971191,9.835000038146973,9.930000305175781,617
2016-04-12,9.78499984741211,9.78499984741211,10.0,9.75,9.854999542236328,911
2016-04-13,9.890000343322754,9.890000343322754,9.914999961853027,9.760000228881836,9.765000343322754,471
2016-04-14,10.220000267028809,10.220000267028809,10.270000457763672,9.824999809265137,9.899999618530273,2078
2016-04-15,10.3149995803833,10.3149995803833,10.460000038146973,10.1850004196167,10.239999771118164,1249
2016-04-18,10.260000228881836,10.260000228881836,10.399999618530273,10.055000305175781,10.164999961853027,1102
2016-04-19,10.359999656677246,10.359999656677246,10.375,10.199999809265137,10.244999885559082,850
2016-04-20,10.649999618530273,10.649999618530273,10.6899995803833,10.305000305175781,10.350000381469727,1160
2016-04-21,10.664999961853027,10.664999961853027,10.770000457763672,10.595000267028809,10.640000343322754,1028
2016-04-22,10.489999771118164,10.489999771118164,10.664999961853027,10.454999923706055,10.664999961853027,1679
2016-04-25,10.835000038146973,10.835000038146973,10.914999961853027,10.494999885559082,10.585000038146973,1361
2016-04-26,10.949999809265137,10.949999809265137,11.140000343322754,10.854999542236328,10.854999542236328,1021
2016-04-27,10.835000038146973,10.835000038146973,11.029999732971191,10.630000114440918,10.835000038146973,1562
2016-04-28,10.734999656677246,10.734999656677246,10.949999809265137,10.734999656677246,10.765000343322754,907
2016-04-29,10.84000015258789,10.84000015258789,10.875,10.694999694824219,10.770000457763672,175
2016-05-02,11.0600004196167,11.0600004196167,11.0600004196167,10.869999885559082,10.869999885559082,61
2016-05-03,11.170000076293945,11.170000076293945,11.170000076293945,10.9399995803833,11.039999961853027,34
2016-05-04,11.175000190734863,11.175000190734863,11.175000190734863,11.170000076293945,11.175000190734863,44
2016-05-05,11.119999885559082,11.119999885559082,11.119999885559082,11.119999885559082,11.119999885559082,3
2016-05-06,11.210000038146973,11.210000038146973,11.210000038146973,11.210000038146973,11.210000038146973,7
2016-05-09,10.989999771118164,10.989999771118164,11.024999618530273,10.989999771118164,11.020000457763672,6
2016-05-10,11.170000076293945,11.170000076293945,11.170000076293945,11.170000076293945,11.170000076293945,0
2016-05-11,11.265000343322754,11.265000343322754,11.265000343322754,11.265000343322754,11.265000343322754,1
2016-05-12,11.595000267028809,11.595000267028809,11.595000267028809,11.595000267028809,11.595000267028809,3
2016-05-13,11.484999656677246,11.484999656677246,11.484999656677246,11.484999656677246,11.484999656677246,687
2016-05-16,11.930000305175781,11.930000305175781,12.029999732971191,11.604999542236328,11.649999618530273,842
2016-05-17,12.109999656677246,12.109999656677246,12.119999885559082,11.904999732971191,11.90999984741211,764
2016-05-18,12.145000457763672,12.145000457763672,12.145000457763672,11.859999656677246,12.055000305175781,592
2016-05-19,11.845000267028809,11.845000267028809,12.104999542236328,11.8100004196167,12.085000038146973,431
2016-05-20,11.770000457763672,11.770000457763672,11.819999694824219,11.710000038146973,11.800000190734863,400
2016-05-23,11.614999771118164,11.614999771118164,11.800000190734863,11.59000015258789,11.78499984741211,403
2016-05-24,11.569999694824219,11.569999694824219,11.675000190734863,11.5649995803833,11.600000381469727,487
2016-05-25,11.234999656677246,11.234999656677246,11.569999694824219,11.220000267028809,11.555000305175781,719
2016-05-26,11.0600004196167,11.0600004196167,11.449999809265137,11.0,11.25,589
2016-05-27,10.765000343322754,10.765000343322754,11.140000343322754,10.755000114440918,11.085000038146973,1127
2016-05-31,10.9399995803833,10.9399995803833,10.989999771118164,10.760000228881836,10.819999694824219,761
2016-06-01,10.994999885559082,10.994999885559082,11.03499984741211,10.819999694824219,10.9399995803833,718
2016-06-02,11.369999885559082,11.369999885559082,11.404999732971191,11.045000076293945,11.045000076293945,1104
2016-06-03,11.369999885559082,11.369999885559082,11.449999809265137,11.234999656677246,11.390000343322754,853
2016-06-06,11.704999923706055,11.704999923706055,11.720000267028809,11.239999771118164,11.255000114440918,1174
2016-06-07,11.739999771118164,11.739999771118164,11.789999961853027,11.5600004196167,11.649999618530273,1006
2016-06-08,11.529999732971191,11.529999732971191,11.875,11.380000114440918,11.649999618530273,663
2016-06-09,11.319999694824219,11.319999694824219,11.520000457763672,11.149999618530273,11.5,1399
2016-06-10,11.354999542236328,11.354999542236328,11.40999984741211,11.15999984741211,11.3100004196167,397
2016-06-13,11.3149995803833,11.3149995803833,11.395000457763672,11.279999732971191,11.350000381469727,342
2016-06-14,11.295000076293945,11.295000076293945,11.319999694824219,11.149999618530273,11.270000457763672,1168
2016-06-15,11.614999771118164,11.614999771118164,11.630000114440918,11.274999618530273,11.3149995803833,873
2016-06-16,11.3100004196167,11.3100004196167,11.720000267028809,11.274999618530273,11.609999656677246,549
2016-06-17,11.295000076293945,11.295000076293945,11.34000015258789,11.265000343322754,11.329999923706055,598
2016-06-20,11.104999542236328,11.104999542236328,11.444999694824219,11.069999694824219,11.395000457763672,632
2016-06-21,11.029999732971191,11.029999732971191,11.109999656677246,10.970000267028809,11.109999656677246,841
2016-06-22,10.984999656677246,10.984999656677246,11.074999809265137,10.975000381469727,11.074999809265137,1240
2016-06-23,10.8100004196167,10.8100004196167,11.015000343322754,10.779999732971191,10.979999542236328,788
2016-06-24,10.760000228881836,10.760000228881836,10.989999771118164,10.649999618530273,10.789999961853027,775
2016-06-27,10.845000267028809,10.845000267028809,10.925000190734863,10.699999809265137,10.729999542236328,783
2016-06-28,10.675000190734863,10.675000190734863,10.944999694824219,10.630000114440918,10.914999961853027,577
2016-06-29,10.645000457763672,10.645000457763672,10.8100004196167,10.619999885559082,10.630000114440918,634
2016-06-30,10.505000114440918,10.505000114440918,10.725000381469727,10.475000381469727,10.704999923706055,104
2016-07-01,10.364999771118164,10.364999771118164,10.505000114440918,10.359999656677246,10.505000114440918,42
2016-07-05,10.28499984741211,10.28499984741211,10.359999656677246,10.199999809265137,10.319999694824219,41
2016-07-06,10.5649995803833,10.5649995803833,10.5649995803833,10.5649995803833,10.5649995803833,0
2016-07-07,10.970000267028809,10.970000267028809,10.970000267028809,10.970000267028809,10.970000267028809,0
2016-07-08,10.6899995803833,10.6899995803833,10.6899995803833,10.6899995803833,10.6899995803833,0
2016-07-11,10.75,10.75,10.75,10.75,10.75,0
2016-07-12,10.734999656677246,10.734999656677246,10.734999656677246,10.734999656677246,10.734999656677246,0
2016-07-13,10.484999656677246,10.484999656677246,10.484999656677246,10.484999656677246,10.484999656677246,0
2016-07-14,10.375,10.375,10.845000267028809,10.375,10.845000267028809,298
2016-07-15,10.520000457763672,10.520000457763672,10.649999618530273,10.520000457763672,10.595000267028809,186
2016-07-18,10.760000228881836,10.760000228881836,10.829999923706055,10.520000457763672,10.539999961853027,250
2016-07-19,10.78499984741211,10.78499984741211,10.829999923706055,10.645000457763672,10.760000228881836,196
2016-07-20,10.8100004196167,10.8100004196167,10.880000114440918,10.774999618530273,10.819999694824219,215
2016-07-21,10.609999656677246,10.609999656677246,10.789999961853027,10.609999656677246,10.755000114440918,267
2016-07-22,10.404999732971191,10.404999732971191,10.614999771118164,10.369999885559082,10.609999656677246,414
2016-07-25,10.359999656677246,10.359999656677246,10.4399995803833,10.3100004196167,10.40999984741211,279
2016-07-26,10.024999618530273,10.024999618530273,10.375,10.0,10.375,776
2016-07-27,9.824999809265137,9.824999809265137,10.15999984741211,9.800000190734863,10.0600004196167,1097
2016-07-28,9.770000457763672,9.770000457763672,9.904999732971191,9.755000114440918,9.869999885559082,632
2016-07-29,9.9399995803833,9.9399995803833,9.954999923706055,9.725000381469727,9.779999732971191,687
2016-08-01,9.6850004196167,9.6850004196167,9.925000190734863,9.645000457763672,9.925000190734863,824
2016-08-02,9.5649995803833,9.5649995803833,9.824999809265137,9.515000343322754,9.704999923706055,715
2016-08-03,9.545000076293945,9.545000076293945,9.680000305175781,9.520000457763672,9.569999694824219,330
2016-08-04,9.324999809265137,9.324999809265137,9.649999618530273,9.305000305175781,9.649999618530273,919
2016-08-05,9.305000305175781,9.305000305175781,9.404999732971191,9.28499984741211,9.390000343322754,452
2016-08-08,9.65999984741211,9.65999984741211,9.725000381469727,9.329999923706055,9.375,907
2016-08-09,9.699999809265137,9.699999809265137,9.800000190734863,9.609999656677246,9.710000038146973,654
2016-08-10,9.520000457763672,9.520000457763672,9.694999694824219,9.505000114440918,9.680000305175781,504
2016-08-11,9.3149995803833,9.3149995803833,9.545000076293945,9.3100004196167,9.520000457763672,842
2016-08-12,9.654999732971191,9.654999732971191,9.725000381469727,9.300000190734863,9.3149995803833,553
2016-08-15,10.244999885559082,10.244999885559082,10.260000228881836,9.65999984741211,9.729999542236328,1249
2016-08-16,10.4350004196167,10.4350004196167,10.654999732971191,10.15999984741211,10.244999885559082,1289
2016-08-17,10.225000381469727,10.225000381469727,10.505000114440918,10.154999732971191,10.475000381469727,870
2016-08-18,10.220000267028809,10.220000267028809,10.369999885559082,10.104999542236328,10.1850004196167,1204
2016-08-19,10.255000114440918,10.255000114440918,10.300000190734863,10.1899995803833,10.199999809265137,859
2016-08-22,10.475000381469727,10.475000381469727,10.475000381469727,10.28499984741211,10.289999961853027,752
2016-08-23,10.305000305175781,10.305000305175781,10.475000381469727,10.270000457763672,10.460000038146973,552
2016-08-24,10.079999923706055,10.079999923706055,10.329999923706055,10.069999694824219,10.329999923706055,823
2016-08-25,9.78499984741211,9.78499984741211,10.170000076293945,9.770000457763672,10.055000305175781,447
2016-08-26,9.729999542236328,9.729999542236328,10.045000076293945,9.6850004196167,9.770000457763672,598
2016-08-29,9.470000267028809,9.470000267028809,9.845000267028809,9.46500015258789,9.744999885559082,376
2016-08-30,9.279999732971191,9.279999732971191,9.460000038146973,9.274999618530273,9.460000038146973,1083
2016-08-31,9.194999694824219,9.194999694824219,9.319999694824219,9.15999984741211,9.319999694824219,169
2016-09-01,9.204999923706055,9.204999923706055,9.3149995803833,9.170000076293945,9.3149995803833,36
2016-09-02,9.5600004196167,9.5600004196167,9.5600004196167,9.5600004196167,9.5600004196167,29
2016-09-06,9.385000228881836,9.385000228881836,9.385000228881836,9.385000228881836,9.385000228881836,0
2016-09-07,9.335000038146973,9.335000038146973,9.335000038146973,9.335000038146973,9.335000038146973,2
2016-09-08,9.305000305175781,9.305000305175781,9.305000305175781,9.305000305175781,9.305000305175781,337
2016-09-09,9.289999961853027,9.289999961853027,9.289999961853027,9.289999961853027,9.289999961853027,134
2016-09-12,9.505000114440918,9.505000114440918,9.505000114440918,9.430000305175781,9.430000305175781,134
2016-09-13,9.380000114440918,9.380000114440918,9.545000076293945,9.380000114440918,9.545000076293945,40
2016-09-14,9.579999923706055,9.579999923706055,9.579999923706055,9.579999923706055,9.579999923706055,936
2016-09-15,9.789999961853027,9.789999961853027,9.970000267028809,9.649999618530273,9.895000457763672,523
2016-09-16,9.8149995803833,9.8149995803833,9.875,9.670000076293945,9.78499984741211,162
2016-09-19,9.760000228881836,9.760000228881836,9.914999961853027,9.734999656677246,9.824999809265137,162
2016-09-20,9.895000457763672,9.895000457763672,9.949999809265137,9.704999923706055,9.75,283
2016-09-21,9.675000190734863,9.675000190734863,9.829999923706055,9.625,9.829999923706055,325
2016-09-22,9.65999984741211,9.65999984741211,9.755000114440918,9.604999542236328,9.694999694824219,179
2016-09-23,9.649999618530273,9.649999618530273,9.789999961853027,9.630000114440918,9.65999984741211,262
2016-09-26,9.675000190734863,9.675000190734863,9.800000190734863,9.625,9.649999618530273,250
2016-09-27,9.779999732971191,9.779999732971191,9.800000190734863,9.654999732971191,9.699999809265137,211
2016-09-28,9.739999771118164,9.739999771118164,9.925000190734863,9.654999732971191,9.75,395
2016-09-29,9.770000457763672,9.770000457763672,9.8149995803833,9.670000076293945,9.725000381469727,471
2016-09-30,9.885000228881836,9.885000228881836,9.90999984741211,9.774999618530273,9.774999618530273,610
2016-10-03,10.0649995803833,10.0649995803833,10.364999771118164,9.835000038146973,9.835000038146973,959
2016-10-04,10.095000267028809,10.095000267028809,10.140000343322754,10.010000228881836,10.050000190734863,835
2016-10-05,10.039999961853027,10.039999961853027,10.09000015258789,9.975000381469727,10.074999809265137,276
2016-10-06,10.109999656677246,10.109999656677246,10.130000114440918,10.005000114440918,10.03499984741211,253
2016-10-07,10.095000267028809,10.095000267028809,10.170000076293945,10.005000114440918,10.055000305175781,290
2016-10-11,10.395000457763672,10.395000457763672,10.399999618530273,10.220000267028809,10.220000267028809,917
2016-10-12,10.180000305175781,10.180000305175781,10.449999809265137,10.125,10.354999542236328,1100
2016-10-13,10.229999542236328,10.229999542236328,10.244999885559082,10.119999885559082,10.15999984741211,663
2016-10-14,10.15999984741211,10.15999984741211,10.369999885559082,10.15999984741211,10.210000038146973,812
2016-10-17,10.404999732971191,10.404999732971191,10.420000076293945,10.154999732971191,10.154999732971191,1098
2016-10-18,10.420000076293945,10.420000076293945,10.4350004196167,10.295000076293945,10.359999656677246,1023
2016-10-19,10.404999732971191,10.404999732971191,10.470000267028809,10.369999885559082,10.375,953
2016-10-20,10.324999809265137,10.324999809265137,10.399999618530273,10.25,10.319999694824219,1148
2016-10-21,10.289999961853027,10.289999961853027,10.380000114440918,10.255000114440918,10.295000076293945,1329
2016-10-24,9.850000381469727,9.850000381469727,10.395000457763672,9.84000015258789,10.260000228881836,1462
2016-10-25,9.835000038146973,9.835000038146973,9.930000305175781,9.805000305175781,9.880000114440918,1004
2016-10-26,9.994999885559082,9.994999885559082,10.09000015258789,9.8100004196167,9.8100004196167,1066
2016-10-27,10.145000457763672,10.145000457763672,10.149999618530273,10.039999961853027,10.0649995803833,1095
2016-10-28,9.869999885559082,9.869999885559082,10.1850004196167,9.819999694824219,10.149999618530273,1723
2016-10-31,9.854999542236328,9.854999542236328,9.880000114440918,9.779999732971191,9.854999542236328,236
2016-11-01,9.604999542236328,9.604999542236328,9.829999923706055,9.529999732971191,9.824999809265137,264
2016-11-02,9.444999694824219,9.444999694824219,9.574999809265137,9.425000190734863,9.574999809265137,202
2016-11-03,9.545000076293945,9.545000076293945,9.600000381469727,9.460000038146973,9.600000381469727,67
2016-11-04,9.640000343322754,9.640000343322754,9.670000076293945,9.5600004196167,9.59000015258789,154
2016-11-07,9.579999923706055,9.579999923706055,9.604999542236328,9.579999923706055,9.579999923706055,18
2016-11-08,9.515000343322754,9.515000343322754,9.59000015258789,9.515000343322754,9.550000190734863,28
2016-11-09,9.470000267028809,9.470000267028809,9.649999618530273,9.470000267028809,9.649999618530273,3
2016-11-10,9.59000015258789,9.59000015258789,9.59000015258789,9.59000015258789,9.59000015258789,80
2016-11-14,9.125,9.125,9.125,9.125,9.125,1065
2016-11-15,9.390000343322754,9.390000343322754,9.4399995803833,9.300000190734863,9.375,506
2016-11-16,9.694999694824219,9.694999694824219,9.725000381469727,9.404999732971191,9.425000190734863,469
2016-11-17,9.510000228881836,9.510000228881836,9.760000228881836,9.40999984741211,9.649999618530273,616
2016-11-18,9.635000228881836,9.635000228881836,9.65999984741211,9.479999542236328,9.555000305175781,278
2016-11-21,9.8100004196167,9.8100004196167,9.84000015258789,9.574999809265137,9.635000228881836,330
2016-11-22,9.5600004196167,9.5600004196167,9.899999618530273,9.53499984741211,9.805000305175781,371
2016-11-23,9.53499984741211,9.53499984741211,9.6899995803833,9.515000343322754,9.59000015258789,295
2016-11-25,9.625,9.625,9.699999809265137,9.545000076293945,9.574999809265137,197
2016-11-28,9.585000038146973,9.585000038146973,9.694999694824219,9.460000038146973,9.670000076293945,256
2016-11-29,9.53499984741211,9.53499984741211,9.649999618530273,9.520000457763672,9.585000038146973,501
2016-11-30,9.704999923706055,9.704999923706055,9.739999771118164,9.529999732971191,9.529999732971191,506
2016-12-01,9.720000267028809,9.720000267028809,9.75,9.574999809265137,9.680000305175781,648
2016-12-02,9.625,9.625,9.739999771118164,9.555000305175781,9.699999809265137,351
2016-12-05,9.984999656677246,9.984999656677246,9.994999885559082,9.654999732971191,9.654999732971191,882
2016-12-06,9.960000038146973,9.960000038146973,9.970000267028809,9.84000015258789,9.859999656677246,476
2016-12-07,9.930000305175781,9.930000305175781,9.989999771118164,9.890000343322754,9.899999618530273,706
2016-12-08,9.770000457763672,9.770000457763672,10.0,9.760000228881836,9.899999618530273,380
2016-12-09,9.920000076293945,9.920000076293945,9.9399995803833,9.765000343322754,9.8100004196167,1010
2016-12-12,9.854999542236328,9.854999542236328,9.970000267028809,9.835000038146973,9.9350004196167,462
2016-12-13,9.78499984741211,9.78499984741211,9.925000190734863,9.770000457763672,9.84000015258789,860
2016-12-14,9.704999923706055,9.704999923706055,9.819999694824219,9.699999809265137,9.789999961853027,1427
2016-12-15,9.46500015258789,9.46500015258789,9.710000038146973,9.454999923706055,9.710000038146973,1460
2016-12-16,9.479999542236328,9.479999542236328,9.545000076293945,9.375,9.460000038146973,1295
2016-12-19,9.475000381469727,9.475000381469727,9.614999771118164,9.454999923706055,9.520000457763672,1037
2016-12-20,9.460000038146973,9.460000038146973,9.53499984741211,9.345000267028809,9.4399995803833,1285
2016-12-21,9.364999771118164,9.364999771118164,9.520000457763672,9.364999771118164,9.479999542236328,776
2016-12-22,9.28499984741211,9.28499984741211,9.444999694824219,9.274999618530273,9.414999961853027,979
2016-12-23,9.210000038146973,9.210000038146973,9.40999984741211,9.149999618530273,9.300000190734863,412
2016-12-27,9.300000190734863,9.300000190734863,9.319999694824219,9.154999732971191,9.239999771118164,1224
2016-12-28,9.25,9.25,9.369999885559082,9.225000381469727,9.3100004196167,848
2016-12-29,9.239999771118164,9.239999771118164,9.274999618530273,9.145000457763672,9.225000381469727,1124
2016-12-30,9.354999542236328,9.354999542236328,9.425000190734863,9.239999771118164,9.260000228881836,124
2017-01-03,9.364999771118164,9.364999771118164,9.4399995803833,9.364999771118164,9.4399995803833,73
2017-01-04,9.494999885559082,9.494999885559082,9.494999885559082,9.494999885559082,9.494999885559082,42
2017-01-05,9.510000228881836,9.510000228881836,9.510000228881836,9.494999885559082,9.494999885559082,20
2017-01-06,9.4399995803833,9.4399995803833,9.4399995803833,9.4399995803833,9.4399995803833,2
2017-01-09,9.460000038146973,9.460000038146973,9.460000038146973,9.460000038146973,9.460000038146973,15
2017-01-10,9.454999923706055,9.454999923706055,9.5649995803833,9.454999923706055,9.5649995803833,22
2017-01-11,9.390000343322754,9.390000343322754,9.454999923706055,9.390000343322754,9.449999809265137,4
2017-01-12,9.770000457763672,9.770000457763672,9.770000457763672,9.460000038146973,9.460000038146973,35
2017-01-13,9.649999618530273,9.649999618530273,9.649999618530273,9.649999618530273,9.649999618530273,421
2017-01-17,9.949999809265137,9.949999809265137,10.100000381469727,9.880000114440918,9.899999618530273,983
2017-01-18,9.920000076293945,9.920000076293945,10.020000457763672,9.800000190734863,9.944999694824219,812
2017-01-19,9.835000038146973,9.835000038146973,9.975000381469727,9.8100004196167,9.880000114440918,304
2017-01-20,9.819999694824219,9.819999694824219,9.864999771118164,9.78499984741211,9.8100004196167,193
2017-01-23,9.800000190734863,9.800000190734863,9.895000457763672,9.755000114440918,9.864999771118164,183
2017-01-24,9.930000305175781,9.930000305175781,9.984999656677246,9.75,9.829999923706055,621
2017-01-25,9.84000015258789,9.84000015258789,9.979999542236328,9.8100004196167,9.949999809265137,360
2017-01-26,9.75,9.75,9.864999771118164,9.75,9.84000015258789,256
2017-01-27,9.8100004196167,9.8100004196167,9.824999809265137,9.65999984741211,9.729999542236328,411
2017-01-30,9.765000343322754,9.765000343322754,9.84000015258789,9.704999923706055,9.800000190734863,476
2017-01-31,9.53499984741211,9.53499984741211,9.744999885559082,9.524999618530273,9.710000038146973,1098
2017-02-01,9.529999732971191,9.529999732971191,9.619999885559082,9.5,9.595000267028809,565
2017-02-02,9.53499984741211,9.53499984741211,9.585000038146973,9.470000267028809,9.53499984741211,428
2017-02-03,9.545000076293945,9.545000076293945,9.604999542236328,9.505000114440918,9.515000343322754,233
2017-02-06,9.484999656677246,9.484999656677246,9.645000457763672,9.479999542236328,9.5,277
2017-02-07,9.425000190734863,9.425000190734863,9.489999771118164,9.34000015258789,9.475000381469727,608
2017-02-08,9.555000305175781,9.555000305175781,9.5649995803833,9.390000343322754,9.390000343322754,739
2017-02-09,9.475000381469727,9.475000381469727,9.604999542236328,9.420000076293945,9.529999732971191,946
2017-02-10,9.5649995803833,9.5649995803833,9.600000381469727,9.4350004196167,9.4350004196167,1184
2017-02-13,9.484999656677246,9.484999656677246,9.539999961853027,9.449999809265137,9.539999961853027,539
2017-02-14,9.4350004196167,9.4350004196167,9.520000457763672,9.40999984741211,9.479999542236328,679
2017-02-15,9.390000343322754,9.390000343322754,9.444999694824219,9.359999656677246,9.425000190734863,1013
2017-02-16,9.34000015258789,9.34000015258789,9.4350004196167,9.300000190734863,9.380000114440918,1163
2017-02-17,9.335000038146973,9.335000038146973,9.364999771118164,9.300000190734863,9.3100004196167,1304
2017-02-21,9.430000305175781,9.430000305175781,9.510000228881836,9.364999771118164,9.364999771118164,1929
2017-02-22,9.460000038146973,9.460000038146973,9.475000381469727,9.270000457763672,9.425000190734863,2646
2017-02-23,9.470000267028809,9.470000267028809,9.5,9.399999618530273,9.449999809265137,1255
2017-02-24,9.425000190734863,9.425000190734863,9.449999809265137,9.359999656677246,9.449999809265137,1595
2017-02-27,9.354999542236328,9.354999542236328,9.449999809265137,9.329999923706055,9.4399995803833,1577
2017-02-28,9.28499984741211,9.28499984741211,9.420000076293945,9.28499984741211,9.390000343322754,112
2017-03-01,9.380000114440918,9.380000114440918,9.380000114440918,9.295000076293945,9.295000076293945,73
2017-03-02,9.354999542236328,9.354999542236328,9.354999542236328,9.335000038146973,9.34000015258789,84
2017-03-03,9.324999809265137,9.324999809265137,9.350000381469727,9.324999809265137,9.350000381469727,1
2017-03-06,9.324999809265137,9.324999809265137,9.324999809265137,9.324999809265137,9.324999809265137,0
2017-03-07,9.274999618530273,9.274999618530273,9.274999618530273,9.274999618530273,9.274999618530273,8
2017-03-08,9.385000228881836,9.385000228881836,9.385000228881836,9.354999542236328,9.354999542236328,1
2017-03-09,9.46500015258789,9.46500015258789,9.46500015258789,9.364999771118164,9.364999771118164,41
2017-03-10,9.46500015258789,9.46500015258789,9.46500015258789,9.449999809265137,9.449999809265137,7
2017-03-13,9.619999885559082,9.619999885559082,9.619999885559082,9.619999885559082,9.619999885559082,7
2017-03-14,9.550000190734863,9.550000190734863,9.579999923706055,9.550000190734863,9.579999923706055,362
2017-03-15,9.675000190734863,9.675000190734863,9.770000457763672,9.640000343322754,9.725000381469727,294
2017-03-16,9.829999923706055,9.829999923706055,9.835000038146973,9.664999961853027,9.699999809265137,320
2017-03-17,9.914999961853027,9.914999961853027,9.944999694824219,9.760000228881836,9.8149995803833,782
2017-03-20,9.854999542236328,9.854999542236328,9.9350004196167,9.779999732971191,9.914999961853027,583
2017-03-21,9.770000457763672,9.770000457763672,9.869999885559082,9.739999771118164,9.829999923706055,343
2017-03-22,9.779999732971191,9.779999732971191,9.800000190734863,9.729999542236328,9.765000343322754,295
2017-03-23,9.850000381469727,9.850000381469727,9.859999656677246,9.774999618530273,9.78499984741211,284
2017-03-24,9.779999732971191,9.779999732971191,9.859999656677246,9.765000343322754,9.829999923706055,579
2017-03-27,9.805000305175781,9.805000305175781,9.899999618530273,9.720000267028809,9.795000076293945,672
2017-03-28,9.755000114440918,9.755000114440918,9.829999923706055,9.699999809265137,9.789999961853027,392
2017-03-29,9.864999771118164,9.864999771118164,9.890000343322754,9.75,9.755000114440918,293
2017-03-30,9.845000267028809,9.845000267028809,9.899999618530273,9.789999961853027,9.84000015258789,690
2017-03-31,9.895000457763672,9.895000457763672,9.979999542236328,9.8100004196167,9.845000267028809,813
2017-04-03,10.069999694824219,10.069999694824219,10.21500015258789,9.880000114440918,9.890000343322754,1561
2017-04-04,10.069999694824219,10.069999694824219,10.170000076293945,10.050000190734863,10.074999809265137,1007
2017-04-05,10.175000190734863,10.175000190734863,10.194999694824219,10.09000015258789,10.100000381469727,582
2017-04-06,10.180000305175781,10.180000305175781,10.260000228881836,10.140000343322754,10.154999732971191,888
2017-04-07,10.229999542236328,10.229999542236328,10.260000228881836,10.140000343322754,10.210000038146973,518
2017-04-10,10.265000343322754,10.265000343322754,10.274999618530273,10.175000190734863,10.21500015258789,520
2017-04-11,10.265000343322754,10.265000343322754,10.270000457763672,10.180000305175781,10.260000228881836,761
2017-04-12,10.180000305175781,10.180000305175781,10.289999961853027,10.149999618530273,10.234999656677246,1125
2017-04-13,10.170000076293945,10.170000076293945,10.260000228881836,10.029999732971191,10.15999984741211,698
2017-04-17,10.100000381469727,10.100000381469727,10.239999771118164,10.095000267028809,10.210000038146973,874
2017-04-18,10.050000190734863,10.050000190734863,10.149999618530273,10.024999618530273,10.09000015258789,1067
2017-04-19,10.050000190734863,10.050000190734863,10.130000114440918,10.015000343322754,10.09000015258789,859
2017-04-20,9.850000381469727,9.850000381469727,10.079999923706055,9.805000305175781,10.020000457763672,703
2017-04-21,9.770000457763672,9.770000457763672,9.850000381469727,9.739999771118164,9.850000381469727,1646
2017-04-24,9.604999542236328,9.604999542236328,9.829999923706055,9.600000381469727,9.800000190734863,1522
2017-04-25,9.295000076293945,9.295000076293945,9.640000343322754,9.270000457763672,9.609999656677246,1766
2017-04-26,9.145000457763672,9.145000457763672,9.350000381469727,9.145000457763672,9.289999961853027,975
2017-04-27,9.135000228881836,9.135000228881836,9.244999885559082,9.130000114440918,9.204999923706055,1047
2017-04-28,9.130000114440918,9.130000114440918,9.1850004196167,9.130000114440918,9.130000114440918,116
2017-05-01,9.354999542236328,9.354999542236328,9.354999542236328,9.25,9.25,41
2017-05-02,9.329999923706055,9.329999923706055,9.329999923706055,9.329999923706055,9.329999923706055,15
2017-05-03,9.635000228881836,9.635000228881836,9.635000228881836,9.635000228881836,9.635000228881836,9
2017-05-04,9.649999618530273,9.649999618530273,9.649999618530273,9.600000381469727,9.600000381469727,45
2017-05-05,9.619999885559082,9.619999885559082,9.619999885559082,9.619999885559082,9.619999885559082,6
2017-05-08,9.699999809265137,9.699999809265137,9.699999809265137,9.6899995803833,9.6899995803833,1
2017-05-09,9.645000457763672,9.645000457763672,9.645000457763672,9.645000457763672,9.645000457763672,19
2017-05-10,10.055000305175781,10.055000305175781,10.055000305175781,9.895000457763672,9.895000457763672,20
2017-05-11,10.414999961853027,10.414999961853027,10.414999961853027,10.220000267028809,10.220000267028809,60
2017-05-12,10.229999542236328,10.229999542236328,10.229999542236328,10.229999542236328,10.229999542236328,1819
2017-05-15,10.630000114440918,10.630000114440918,10.75,10.40999984741211,10.40999984741211,808
2017-05-16,10.625,10.625,10.699999809265137,10.520000457763672,10.65999984741211,597
2017-05-17,10.90999984741211,10.90999984741211,10.984999656677246,10.625,10.625,1094
2017-05-18,10.885000228881836,10.885000228881836,10.949999809265137,10.710000038146973,10.904999732971191,896
2017-05-19,10.829999923706055,10.829999923706055,10.895000457763672,10.765000343322754,10.895000457763672,681
2017-05-22,11.055000305175781,11.055000305175781,11.079999923706055,10.795000076293945,10.845000267028809,669
2017-05-23,10.90999984741211,10.90999984741211,11.104999542236328,10.904999732971191,11.0,513
2017-05-24,11.055000305175781,11.055000305175781,11.109999656677246,10.84000015258789,10.84000015258789,597
2017-05-25,10.930000305175781,10.930000305175781,11.069999694824219,10.880000114440918,11.050000190734863,556
2017-05-26,10.975000381469727,10.975000381469727,10.994999885559082,10.850000381469727,10.9399995803833,231
2017-05-30,11.1850004196167,11.1850004196167,11.199999809265137,10.850000381469727,10.960000038146973,671
2017-05-31,11.130000114440918,11.130000114440918,11.244999885559082,11.100000381469727,11.175000190734863,870
2017-06-01,11.050000190734863,11.050000190734863,11.194999694824219,11.010000228881836,11.109999656677246,662
2017-06-02,11.119999885559082,11.119999885559082,11.265000343322754,10.989999771118164,11.010000228881836,1299
2017-06-05,11.045000076293945,11.045000076293945,11.1850004196167,11.029999732971191,11.145000457763672,427
2017-06-06,11.095000267028809,11.095000267028809,11.154999732971191,11.045000076293945,11.045000076293945,437
2017-06-07,11.229999542236328,11.229999542236328,11.234999656677246,11.050000190734863,11.100000381469727,282
2017-06-08,11.229999542236328,11.229999542236328,11.279999732971191,11.199999809265137,11.210000038146973,378
2017-06-09,11.319999694824219,11.319999694824219,11.335000038146973,11.130000114440918,11.229999542236328,838
2017-06-12,11.300000190734863,11.300000190734863,11.359999656677246,11.244999885559082,11.260000228881836,286
2017-06-13,11.255000114440918,11.255000114440918,11.364999771118164,11.210000038146973,11.255000114440918,1057
2017-06-14,11.029999732971191,11.029999732971191,11.260000228881836,10.859999656677246,11.244999885559082,520
2017-06-15,11.475000381469727,11.475000381469727,11.489999771118164,11.024999618530273,11.050000190734863,1034
2017-06-16,11.399999618530273,11.399999618530273,11.489999771118164,11.359999656677246,11.444999694824219,685
2017-06-19,11.520000457763672,11.520000457763672,11.550000190734863,11.335000038146973,11.354999542236328,1056
2017-06-20,11.369999885559082,11.369999885559082,11.489999771118164,11.34000015258789,11.449999809265137,436
2017-06-21,11.175000190734863,11.175000190734863,11.345000267028809,11.15999984741211,11.345000267028809,388
2017-06-22,11.104999542236328,11.104999542236328,11.369999885559082,11.100000381469727,11.154999732971191,820
2017-06-23,11.255000114440918,11.255000114440918,11.329999923706055,11.050000190734863,11.135000228881836,735
2017-06-26,11.180000305175781,11.180000305175781,11.279999732971191,11.100000381469727,11.255000114440918,659
2017-06-27,11.289999961853027,11.289999961853027,11.34000015258789,11.164999961853027,11.1850004196167,1034
2017-06-28,11.425000190734863,11.425000190734863,11.444999694824219,11.255000114440918,11.289999961853027,448
2017-06-29,11.59000015258789,11.59000015258789,11.699999809265137,11.350000381469727,11.390000343322754,831
2017-06-30,11.505000114440918,11.505000114440918,11.78499984741211,11.505000114440918,11.779999732971191,543
2017-07-03,11.515000343322754,11.515000343322754,11.609999656677246,11.515000343322754,11.609999656677246,23
2017-07-05,11.609999656677246,11.609999656677246,11.609999656677246,11.585000038146973,11.600000381469727,70
2017-07-06,11.645000457763672,11.645000457763672,11.649999618530273,11.645000457763672,11.649999618530273,38
2017-07-07,11.720000267028809,11.720000267028809,11.725000381469727,11.529999732971191,11.529999732971191,27
2017-07-10,11.755000114440918,11.755000114440918,11.755000114440918,11.755000114440918,11.755000114440918,1
2017-07-11,11.8149995803833,11.8149995803833,11.8149995803833,11.8149995803833,11.8149995803833,30
2017-07-12,11.574999809265137,11.574999809265137,11.789999961853027,11.53499984741211,11.789999961853027,45
2017-07-13,11.5,11.5,11.625,11.5,11.625,9
2017-07-14,11.414999961853027,11.414999961853027,11.414999961853027,11.350000381469727,11.350000381469727,371
2017-07-17,11.84000015258789,11.84000015258789,11.850000381469727,11.635000228881836,11.760000228881836,165
2017-07-18,11.864999771118164,11.864999771118164,11.899999618530273,11.805000305175781,11.84000015258789,120
2017-07-19,11.864999771118164,11.864999771118164,11.899999618530273,11.824999809265137,11.859999656677246,186
2017-07-20,12.0,12.0,12.0600004196167,11.739999771118164,11.770000457763672,292
2017-07-21,11.984999656677246,11.984999656677246,12.045000076293945,11.864999771118164,11.920000076293945,303
2017-07-24,12.140000343322754,12.140000343322754,12.180000305175781,11.920000076293945,11.920000076293945,286
2017-07-25,12.300000190734863,12.300000190734863,12.399999618530273,12.0600004196167,12.069999694824219,696
2017-07-26,12.274999618530273,12.274999618530273,12.354999542236328,12.265000343322754,12.279999732971191,298
2017-07-27,12.3149995803833,12.3149995803833,12.359999656677246,12.229999542236328,12.229999542236328,323
2017-07-28,12.414999961853027,12.414999961853027,12.449999809265137,12.329999923706055,12.329999923706055,465
2017-07-31,12.260000228881836,12.260000228881836,12.40999984741211,12.244999885559082,12.390000343322754,693
2017-08-01,12.369999885559082,12.369999885559082,12.395000457763672,12.25,12.260000228881836,566
2017-08-02,12.489999771118164,12.489999771118164,12.515000343322754,12.364999771118164,12.364999771118164,450
2017-08-03,12.385000228881836,12.385000228881836,12.5,12.350000381469727,12.475000381469727,504
2017-08-04,12.329999923706055,12.329999923706055,12.449999809265137,12.255000114440918,12.350000381469727,572
2017-08-07,12.045000076293945,12.045000076293945,12.3149995803833,11.975000381469727,12.3149995803833,782
2017-08-08,12.145000457763672,12.145000457763672,12.225000381469727,12.0649995803833,12.085000038146973,330
2017-08-09,12.3100004196167,12.3100004196167,12.324999809265137,12.175000190734863,12.199999809265137,652
2017-08-10,12.25,12.25,12.359999656677246,12.220000267028809,12.300000190734863,600
2017-08-11,12.494999885559082,12.494999885559082,12.529999732971191,12.260000228881836,12.260000228881836,746
2017-08-14,12.34000015258789,12.34000015258789,12.484999656677246,12.260000228881836,12.470000267028809,397
2017-08-15,12.244999885559082,12.244999885559082,12.359999656677246,12.225000381469727,12.359999656677246,387
2017-08-16,12.1850004196167,12.1850004196167,12.244999885559082,12.119999885559082,12.199999809265137,871
2017-08-17,12.119999885559082,12.119999885559082,12.204999923706055,12.100000381469727,12.1850004196167,418
2017-08-18,12.145000457763672,12.145000457763672,12.180000305175781,12.020000457763672,12.114999771118164,486
2017-08-21,12.1850004196167,12.1850004196167,12.289999961853027,12.09000015258789,12.225000381469727,846
2017-08-22,12.204999923706055,12.204999923706055,12.244999885559082,12.119999885559082,12.1899995803833,669
2017-08-23,12.300000190734863,12.300000190734863,12.300000190734863,12.135000228881836,12.199999809265137,808
2017-08-24,12.369999885559082,12.369999885559082,12.479999542236328,12.25,12.300000190734863,768
2017-08-25,12.395000457763672,12.395000457763672,12.414999961853027,12.34000015258789,12.380000114440918,659
2017-08-28,12.329999923706055,12.329999923706055,12.5600004196167,12.324999809265137,12.404999732971191,1075
2017-08-29,12.28499984741211,12.28499984741211,12.399999618530273,12.140000343322754,12.300000190734863,1122
2017-08-30,12.395000457763672,12.395000457763672,12.470000267028809,12.295000076293945,12.3100004196167,1158
2017-08-31,12.550000190734863,12.550000190734863,12.550000190734863,12.399999618530273,12.399999618530273,408
2017-09-01,12.664999961853027,12.664999961853027,12.664999961853027,12.664999961853027,12.664999961853027,100
2017-09-05,12.494999885559082,12.494999885559082,12.494999885559082,12.494999885559082,12.494999885559082,121
2017-09-06,12.454999923706055,12.454999923706055,12.454999923706055,12.444999694824219,12.444999694824219,176
2017-09-07,12.425000190734863,12.425000190734863,12.425000190734863,12.425000190734863,12.425000190734863,77
2017-09-08,12.454999923706055,12.454999923706055,12.454999923706055,12.414999961853027,12.444999694824219,49
2017-09-11,12.399999618530273,12.399999618530273,12.399999618530273,12.399999618530273,12.399999618530273,28
2017-09-12,12.694999694824219,12.694999694824219,12.694999694824219,12.40999984741211,12.40999984741211,26
2017-09-13,12.640000343322754,12.640000343322754,12.765000343322754,12.640000343322754,12.6899995803833,114
2017-09-14,12.524999618530273,12.524999618530273,12.529999732971191,12.524999618530273,12.529999732971191,299
2017-09-15,12.805000305175781,12.805000305175781,12.824999809265137,12.765000343322754,12.819999694824219,162
2017-09-18,12.885000228881836,12.885000228881836,12.899999618530273,12.800000190734863,12.800000190734863,263
2017-09-19,12.779999732971191,12.779999732971191,12.880000114440918,12.720000267028809,12.864999771118164,318
2017-09-20,12.805000305175781,12.805000305175781,12.805000305175781,12.6899995803833,12.800000190734863,335
2017-09-21,12.710000038146973,12.710000038146973,12.795000076293945,12.6899995803833,12.789999961853027,180
2017-09-22,12.364999771118164,12.364999771118164,12.739999771118164,12.350000381469727,12.699999809265137,713
2017-09-25,12.020000457763672,12.020000457763672,12.460000038146973,11.664999961853027,12.375,1737
2017-09-26,11.970000267028809,11.970000267028809,12.0649995803833,11.930000305175781,12.050000190734863,717
2017-09-27,11.899999618530273,11.899999618530273,11.960000038146973,11.699999809265137,11.930000305175781,1305
2017-09-28,11.970000267028809,11.970000267028809,11.989999771118164,11.800000190734863,11.899999618530273,587
2017-09-29,11.994999885559082,11.994999885559082,12.085000038146973,11.970000267028809,11.975000381469727,464
2017-10-02,12.020000457763672,12.020000457763672,12.03499984741211,11.930000305175781,12.005000114440918,393
2017-10-03,12.015000343322754,12.015000343322754,12.050000190734863,11.96500015258789,12.050000190734863,290
2017-10-04,12.029999732971191,12.029999732971191,12.175000190734863,12.010000228881836,12.03499984741211,524
2017-10-05,11.914999961853027,11.914999961853027,12.069999694824219,11.904999732971191,12.03499984741211,534
2017-10-06,11.885000228881836,11.885000228881836,11.925000190734863,11.819999694824219,11.925000190734863,505
2017-10-09,11.84000015258789,11.84000015258789,12.010000228881836,11.819999694824219,11.914999961853027,360
2017-10-10,12.020000457763672,12.020000457763672,12.09000015258789,11.8100004196167,11.845000267028809,890
2017-10-11,12.03499984741211,12.03499984741211,12.119999885559082,12.0,12.029999732971191,491
2017-10-12,12.25,12.25,12.329999923706055,11.914999961853027,12.0649995803833,985
2017-10-13,12.1850004196167,12.1850004196167,12.28499984741211,12.135000228881836,12.229999542236328,285
2017-10-16,12.119999885559082,12.119999885559082,12.210000038146973,12.109999656677246,12.1899995803833,855
2017-10-17,12.130000114440918,12.130000114440918,12.149999618530273,12.114999771118164,12.119999885559082,429
2017-10-18,11.944999694824219,11.944999694824219,12.15999984741211,11.845000267028809,12.130000114440918,411
2017-10-19,11.930000305175781,11.930000305175781,11.994999885559082,11.854999542236328,11.864999771118164,720
2017-10-20,12.074999809265137,12.074999809265137,12.125,11.90999984741211,11.949999809265137,665
2017-10-23,11.975000381469727,11.975000381469727,12.100000381469727,11.970000267028809,12.100000381469727,436
2017-10-24,11.604999542236328,11.604999542236328,11.960000038146973,11.59000015258789,11.949999809265137,1047
2017-10-25,11.664999961853027,11.664999961853027,11.829999923706055,11.600000381469727,11.635000228881836,703
2017-10-26,11.489999771118164,11.489999771118164,11.699999809265137,11.454999923706055,11.649999618530273,773
2017-10-27,11.550000190734863,11.550000190734863,11.699999809265137,11.324999809265137,11.53499984741211,806
2017-10-30,11.449999809265137,11.449999809265137,11.619999885559082,11.380000114440918,11.619999885559082,1807
2017-10-31,11.289999961853027,11.289999961853027,11.449999809265137,11.234999656677246,11.449999809265137,496
2017-11-01,11.199999809265137,11.199999809265137,11.289999961853027,11.050000190734863,11.289999961853027,178
2017-11-02,11.149999618530273,11.149999618530273,11.25,11.149999618530273,11.25,24
2017-11-03,11.28499984741211,11.28499984741211,11.28499984741211,11.100000381469727,11.100000381469727,25
2017-11-06,11.239999771118164,11.239999771118164,11.239999771118164,11.194999694824219,11.194999694824219,26
2017-11-07,11.239999771118164,11.239999771118164,11.335000038146973,11.239999771118164,11.335000038146973,20
2017-11-08,11.140000343322754,11.140000343322754,11.140000343322754,11.140000343322754,11.140000343322754,35
2017-11-09,11.175000190734863,11.175000190734863,11.175000190734863,11.175000190734863,11.175000190734863,31
2017-11-10,11.164999961853027,11.164999961853027,11.164999961853027,11.164999961853027,11.164999961853027,12
2017-11-13,11.119999885559082,11.119999885559082,11.149999618530273,11.119999885559082,11.119999885559082,12
2017-11-14,11.239999771118164,11.239999771118164,11.265000343322754,11.154999732971191,11.154999732971191,606
2017-11-15,12.085000038146973,12.085000038146973,12.095000267028809,11.524999618530273,11.529999732971191,1079
2017-11-16,12.164999961853027,12.164999961853027,12.175000190734863,11.930000305175781,12.0649995803833,662
2017-11-17,12.28499984741211,12.28499984741211,12.300000190734863,12.055000305175781,12.130000114440918,509
2017-11-20,12.375,12.375,12.380000114440918,12.140000343322754,12.28499984741211,472
2017-11-21,12.34000015258789,12.34000015258789,12.359999656677246,12.305000305175781,12.305000305175781,560
2017-11-22,12.420000076293945,12.420000076293945,12.430000305175781,12.25,12.3100004196167,309
2017-11-24,12.420000076293945,12.420000076293945,12.449999809265137,12.15999984741211,12.390000343322754,329
2017-11-27,12.295000076293945,12.295000076293945,12.430000305175781,12.244999885559082,12.390000343322754,616
2017-11-28,12.305000305175781,12.305000305175781,12.34000015258789,12.21500015258789,12.260000228881836,706
2017-11-29,12.375,12.375,12.425000190734863,12.28499984741211,12.3149995803833,602
2017-11-30,12.529999732971191,12.529999732971191,12.579999923706055,12.369999885559082,12.369999885559082,828
2017-12-01,12.460000038146973,12.460000038146973,12.545000076293945,12.4399995803833,12.484999656677246,536
2017-12-04,12.180000305175781,12.180000305175781,12.475000381469727,12.114999771118164,12.475000381469727,684
2017-12-05,12.329999923706055,12.329999923706055,12.359999656677246,12.175000190734863,12.199999809265137,297
2017-12-06,12.1850004196167,12.1850004196167,12.390000343322754,12.175000190734863,12.255000114440918,286
2017-12-07,12.130000114440918,12.130000114440918,12.1899995803833,12.119999885559082,12.149999618530273,444
2017-12-08,12.0649995803833,12.0649995803833,12.145000457763672,12.024999618530273,12.135000228881836,457
2017-12-11,12.220000267028809,12.220000267028809,12.229999542236328,12.03499984741211,12.104999542236328,492
2017-12-12,12.260000228881836,12.260000228881836,12.295000076293945,12.154999732971191,12.199999809265137,573
2017-12-13,11.770000457763672,11.770000457763672,12.25,11.739999771118164,12.199999809265137,877
2017-12-14,11.71500015258789,11.71500015258789,11.84000015258789,11.699999809265137,11.835000038146973,1173
2017-12-15,11.704999923706055,11.704999923706055,11.805000305175781,11.704999923706055,11.75,723
2017-12-18,11.710000038146973,11.710000038146973,11.75,11.65999984741211,11.71500015258789,653
2017-12-19,11.71500015258789,11.71500015258789,11.9399995803833,11.654999732971191,11.744999885559082,870
2017-12-20,11.84000015258789,11.84000015258789,11.859999656677246,11.710000038146973,11.710000038146973,432
2017-12-21,11.994999885559082,11.994999885559082,12.045000076293945,11.770000457763672,11.800000190734863,566
2017-12-22,11.949999809265137,11.949999809265137,11.994999885559082,11.84000015258789,11.904999732971191,1279
2017-12-26,11.795000076293945,11.795000076293945,11.960000038146973,11.725000381469727,11.960000038146973,1279
2017-12-27,11.789999961853027,11.789999961853027,11.845000267028809,11.78499984741211,11.78499984741211,705
2017-12-28,11.654999732971191,11.654999732971191,11.805000305175781,11.545000076293945,11.805000305175781,863
2017-12-29,11.680000305175781,11.680000305175781,11.6899995803833,11.5649995803833,11.600000381469727,175
2018-01-02,11.53499984741211,11.53499984741211,11.53499984741211,11.53499984741211,11.53499984741211,2
2018-01-03,11.40999984741211,11.40999984741211,11.53499984741211,11.40999984741211,11.53499984741211,15
2018-01-04,11.475000381469727,11.475000381469727,11.475000381469727,11.475000381469727,11.475000381469727,0
2018-01-05,11.5649995803833,11.5649995803833,11.5649995803833,11.520000457763672,11.520000457763672,4
2018-01-08,11.645000457763672,11.645000457763672,11.645000457763672,11.645000457763672,11.645000457763672,30
2018-01-09,11.710000038146973,11.710000038146973,11.710000038146973,11.710000038146973,11.710000038146973,9
2018-01-10,11.694999694824219,11.694999694824219,11.694999694824219,11.694999694824219,11.694999694824219,17
2018-01-11,11.520000457763672,11.520000457763672,11.520000457763672,11.520000457763672,11.520000457763672,10
2018-01-12,11.579999923706055,11.579999923706055,11.579999923706055,11.579999923706055,11.579999923706055,338
2018-01-16,12.145000457763672,12.145000457763672,12.239999771118164,11.890000343322754,11.904999732971191,1289
2018-01-17,12.149999618530273,12.149999618530273,12.270000457763672,12.085000038146973,12.095000267028809,713
2018-01-18,12.145000457763672,12.145000457763672,12.239999771118164,12.095000267028809,12.145000457763672,547
2018-01-19,12.204999923706055,12.204999923706055,12.229999542236328,12.050000190734863,12.09000015258789,1094
2018-01-22,12.180000305175781,12.180000305175781,12.229999542236328,12.085000038146973,12.119999885559082,224
2018-01-23,12.199999809265137,12.199999809265137,12.300000190734863,12.109999656677246,12.145000457763672,398
2018-01-24,12.164999961853027,12.164999961853027,12.199999809265137,12.024999618530273,12.1899995803833,448
2018-01-25,12.140000343322754,12.140000343322754,12.199999809265137,12.050000190734863,12.130000114440918,432
2018-01-26,12.335000038146973,12.335000038146973,12.390000343322754,12.135000228881836,12.140000343322754,784
2018-01-29,12.4350004196167,12.4350004196167,12.484999656677246,12.300000190734863,12.300000190734863,893
2018-01-30,12.40999984741211,12.40999984741211,12.460000038146973,12.335000038146973,12.404999732971191,560
2018-01-31,12.4399995803833,12.4399995803833,12.510000228881836,12.300000190734863,12.380000114440918,1073
2018-02-01,12.404999732971191,12.404999732971191,12.449999809265137,12.350000381469727,12.414999961853027,715
2018-02-02,12.460000038146973,12.460000038146973,12.484999656677246,12.34000015258789,12.359999656677246,515
2018-02-05,12.529999732971191,12.529999732971191,12.550000190734863,12.399999618530273,12.4399995803833,416
2018-02-06,12.550000190734863,12.550000190734863,12.5600004196167,12.479999542236328,12.505000114440918,270
2018-02-07,12.5,12.5,12.569999694824219,12.46500015258789,12.545000076293945,437
2018-02-08,12.444999694824219,12.444999694824219,12.470000267028809,12.324999809265137,12.460000038146973,446
2018-02-09,12.324999809265137,12.324999809265137,12.449999809265137,12.260000228881836,12.350000381469727,959
2018-02-12,12.390000343322754,12.390000343322754,12.40999984741211,12.1899995803833,12.270000457763672,595
2018-02-13,12.28499984741211,12.28499984741211,12.425000190734863,12.274999618530273,12.399999618530273,477
2018-02-14,12.25,12.25,12.289999961853027,12.234999656677246,12.260000228881836,395
2018-02-15,11.949999809265137,11.949999809265137,12.199999809265137,11.949999809265137,12.199999809265137,837
2018-02-16,12.015000343322754,12.015000343322754,12.039999961853027,11.899999618530273,11.949999809265137,742
2018-02-20,11.854999542236328,11.854999542236328,12.039999961853027,11.845000267028809,12.039999961853027,665
2018-02-21,11.960000038146973,11.960000038146973,11.96500015258789,11.84000015258789,11.859999656677246,553
2018-02-22,12.020000457763672,12.020000457763672,12.050000190734863,11.899999618530273,11.989999771118164,605
2018-02-23,11.96500015258789,11.96500015258789,12.03499984741211,11.899999618530273,12.03499984741211,605
2018-02-26,11.890000343322754,11.890000343322754,12.079999923706055,11.850000381469727,11.994999885559082,1402
2018-02-27,11.949999809265137,11.949999809265137,11.970000267028809,11.890000343322754,11.904999732971191,548
2018-02-28,12.390000343322754,12.390000343322754,12.444999694824219,12.010000228881836,12.010000228881836,166
2018-03-01,12.420000076293945,12.420000076293945,12.475000381469727,12.399999618530273,12.420000076293945,24
2018-03-02,12.265000343322754,12.265000343322754,12.319999694824219,12.25,12.319999694824219,128
2018-03-05,12.300000190734863,12.300000190734863,12.3100004196167,12.300000190734863,12.300000190734863,3
2018-03-06,12.3100004196167,12.3100004196167,12.3100004196167,12.3100004196167,12.3100004196167,44
2018-03-07,12.3149995803833,12.3149995803833,12.449999809265137,12.3149995803833,12.449999809265137,1
2018-03-08,12.260000228881836,12.260000228881836,12.260000228881836,12.260000228881836,12.260000228881836,0
2018-03-09,12.15999984741211,12.15999984741211,12.15999984741211,12.15999984741211,12.15999984741211,0
2018-03-12,12.135000228881836,12.135000228881836,12.135000228881836,12.135000228881836,12.135000228881836,0
2018-03-13,12.100000381469727,12.100000381469727,12.100000381469727,12.100000381469727,12.100000381469727,0
2018-03-14,12.100000381469727,12.100000381469727,12.100000381469727,12.100000381469727,12.100000381469727,187
2018-03-15,12.40999984741211,12.40999984741211,12.4399995803833,12.25,12.329999923706055,204
2018-03-16,12.460000038146973,12.460000038146973,12.5,12.3100004196167,12.40999984741211,237
2018-03-19,12.28499984741211,12.28499984741211,12.4350004196167,12.274999618530273,12.4350004196167,206
2018-03-20,12.204999923706055,12.204999923706055,12.329999923706055,12.199999809265137,12.28499984741211,182
2018-03-21,12.3149995803833,12.3149995803833,12.380000114440918,12.199999809265137,12.220000267028809,336
2018-03-22,12.324999809265137,12.324999809265137,12.350000381469727,12.260000228881836,12.305000305175781,259
2018-03-23,12.359999656677246,12.359999656677246,12.380000114440918,12.229999542236328,12.300000190734863,261
2018-03-26,12.460000038146973,12.460000038146973,12.470000267028809,12.34000015258789,12.369999885559082,346
2018-03-27,12.444999694824219,12.444999694824219,12.5,12.395000457763672,12.420000076293945,299
2018-03-28,12.444999694824219,12.444999694824219,12.520000457763672,12.430000305175781,12.46500015258789,463
2018-03-29,12.354999542236328,12.354999542236328,12.470000267028809,12.335000038146973,12.425000190734863,484
2018-04-02,12.3100004196167,12.3100004196167,12.460000038146973,12.274999618530273,12.375,465
2018-04-03,12.385000228881836,12.385000228881836,12.399999618530273,12.25,12.319999694824219,425
2018-04-04,12.420000076293945,12.420000076293945,12.4399995803833,12.329999923706055,12.404999732971191,321
2018-04-05,12.390000343322754,12.390000343322754,12.395000457763672,12.319999694824219,12.385000228881836,440
2018-04-06,12.494999885559082,12.494999885559082,12.505000114440918,12.329999923706055,12.359999656677246,524
2018-04-09,12.819999694824219,12.819999694824219,12.930000305175781,12.494999885559082,12.494999885559082,1679
2018-04-10,12.774999618530273,12.774999618530273,12.869999885559082,12.710000038146973,12.800000190734863,964
2018-04-11,12.805000305175781,12.805000305175781,12.859999656677246,12.765000343322754,12.770000457763672,545
2018-04-12,12.885000228881836,12.885000228881836,12.890000343322754,12.795000076293945,12.8100004196167,649
2018-04-13,13.109999656677246,13.109999656677246,13.135000228881836,12.869999885559082,12.899999618530273,910
2018-04-16,13.055000305175781,13.055000305175781,13.21500015258789,12.984999656677246,13.055000305175781,639
2018-04-17,13.154999732971191,13.154999732971191,13.15999984741211,12.850000381469727,13.015000343322754,656
2018-04-18,13.175000190734863,13.175000190734863,13.210000038146973,13.074999809265137,13.109999656677246,549
2018-04-19,13.079999923706055,13.079999923706055,13.175000190734863,13.03499984741211,13.164999961853027,487
2018-04-20,12.989999771118164,12.989999771118164,13.069999694824219,12.960000038146973,13.005000114440918,637
2018-04-23,13.0649995803833,13.0649995803833,13.125,12.899999618530273,13.0,774
2018-04-24,13.130000114440918,13.130000114440918,13.149999618530273,13.015000343322754,13.069999694824219,565
2018-04-25,13.104999542236328,13.104999542236328,13.180000305175781,13.09000015258789,13.100000381469727,531
2018-04-26,12.710000038146973,12.710000038146973,13.130000114440918,12.579999923706055,13.069999694824219,883
2018-04-27,12.8100004196167,12.8100004196167,12.854999542236328,12.6899995803833,12.699999809265137,204
2018-04-30,12.78499984741211,12.78499984741211,12.864999771118164,12.755000114440918,12.755000114440918,142
2018-05-01,12.635000228881836,12.635000228881836,12.635000228881836,12.619999885559082,12.619999885559082,2
2018-05-02,12.755000114440918,12.755000114440918,12.755000114440918,12.670000076293945,12.6850004196167,17
2018-05-03,12.744999885559082,12.744999885559082,12.744999885559082,12.744999885559082,12.744999885559082,0
2018-05-04,12.680000305175781,12.680000305175781,12.680000305175781,12.675000190734863,12.675000190734863,20
2018-05-07,12.529999732971191,12.529999732971191,12.600000381469727,12.520000457763672,12.600000381469727,14
2018-05-08,12.524999618530273,12.524999618530273,12.524999618530273,12.484999656677246,12.484999656677246,21
2018-05-09,12.449999809265137,12.449999809265137,12.475000381469727,12.4399995803833,12.46500015258789,12
2018-05-10,12.354999542236328,12.354999542236328,12.449999809265137,12.34000015258789,12.444999694824219,20
2018-05-11,12.484999656677246,12.484999656677246,12.484999656677246,12.329999923706055,12.350000381469727,10
2018-05-14,12.324999809265137,12.324999809265137,12.324999809265137,12.324999809265137,12.324999809265137,554
2018-05-15,12.484999656677246,12.484999656677246,12.604999542236328,12.470000267028809,12.484999656677246,473
2018-05-16,12.550000190734863,12.550000190734863,12.630000114440918,12.489999771118164,12.5,308
2018-05-17,12.5,12.5,12.579999923706055,12.489999771118164,12.545000076293945,212
2018-05-18,12.324999809265137,12.324999809265137,12.520000457763672,12.25,12.520000457763672,658
2018-05-21,12.229999542236328,12.229999542236328,12.425000190734863,12.180000305175781,12.350000381469727,639
2018-05-22,12.329999923706055,12.329999923706055,12.359999656677246,12.1899995803833,12.234999656677246,495
2018-05-23,11.920000076293945,11.920000076293945,12.380000114440918,11.720000267028809,12.375,1192
2018-05-24,11.5600004196167,11.5600004196167,11.9399995803833,11.460000038146973,11.899999618530273,1526
2018-05-25,11.5649995803833,11.5649995803833,11.609999656677246,11.260000228881836,11.505000114440918,961
2018-05-29,11.460000038146973,11.460000038146973,11.5649995803833,11.335000038146973,11.5600004196167,543
2018-05-30,11.65999984741211,11.65999984741211,11.845000267028809,11.449999809265137,11.449999809265137,1114
2018-05-31,11.5600004196167,11.5600004196167,11.699999809265137,11.489999771118164,11.65999984741211,731
2018-06-01,11.444999694824219,11.444999694824219,11.6899995803833,11.425000190734863,11.609999656677246,813
2018-06-04,11.21500015258789,11.21500015258789,11.494999885559082,11.199999809265137,11.494999885559082,895
2018-06-05,10.944999694824219,10.944999694824219,11.239999771118164,10.899999618530273,11.239999771118164,942
2018-06-06,11.555000305175781,11.555000305175781,11.585000038146973,10.625,10.930000305175781,1265
2018-06-07,11.21500015258789,11.21500015258789,11.555000305175781,10.970000267028809,11.520000457763672,907
2018-06-08,11.180000305175781,11.180000305175781,11.239999771118164,10.989999771118164,11.194999694824219,196
2018-06-11,11.640000343322754,11.640000343322754,11.65999984741211,11.154999732971191,11.1899995803833,763
2018-06-12,11.925000190734863,11.925000190734863,11.960000038146973,11.289999961853027,11.710000038146973,860
2018-06-13,12.09000015258789,12.09000015258789,12.140000343322754,11.890000343322754,11.90999984741211,683
2018-06-14,12.305000305175781,12.305000305175781,12.34000015258789,11.944999694824219,12.109999656677246,854
2018-06-15,12.359999656677246,12.359999656677246,12.4350004196167,11.944999694824219,12.109999656677246,682
2018-06-18,12.744999885559082,12.744999885559082,12.770000457763672,12.359999656677246,12.380000114440918,1602
2018-06-19,12.210000038146973,12.210000038146973,12.8100004196167,12.199999809265137,12.744999885559082,1550
2018-06-20,12.649999618530273,12.649999618530273,12.6850004196167,12.210000038146973,12.25,570
2018-06-21,12.694999694824219,12.694999694824219,12.960000038146973,12.59000015258789,12.635000228881836,1033
2018-06-22,12.600000381469727,12.600000381469727,12.9350004196167,12.59000015258789,12.694999694824219,650
2018-06-25,12.470000267028809,12.470000267028809,12.880000114440918,12.430000305175781,12.569999694824219,768
2018-06-26,12.505000114440918,12.505000114440918,12.710000038146973,12.329999923706055,12.475000381469727,553
2018-06-27,11.699999809265137,11.699999809265137,12.510000228881836,11.6899995803833,12.475000381469727,351
2018-06-28,11.420000076293945,11.420000076293945,12.0,11.319999694824219,11.84000015258789,184
2018-06-29,11.609999656677246,11.609999656677246,11.609999656677246,11.229999542236328,11.40999984741211,301
2018-07-02,11.795000076293945,11.795000076293945,12.050000190734863,11.795000076293945,11.989999771118164,71
2018-07-03,12.0,12.0,12.0,12.0,12.0,0
2018-07-05,12.234999656677246,12.234999656677246,12.234999656677246,12.234999656677246,12.234999656677246,0
2018-07-06,12.114999771118164,12.114999771118164,12.199999809265137,11.984999656677246,12.199999809265137,20
2018-07-09,12.149999618530273,12.149999618530273,12.149999618530273,11.899999618530273,11.925000190734863,11
2018-07-10,11.8100004196167,11.8100004196167,11.8100004196167,11.8100004196167,11.8100004196167,0
2018-07-11,11.8100004196167,11.8100004196167,11.8100004196167,11.8100004196167,11.8100004196167,0
2018-07-12,11.835000038146973,11.835000038146973,11.835000038146973,11.835000038146973,11.835000038146973,0
2018-07-13,11.8149995803833,11.8149995803833,11.84000015258789,11.8149995803833,11.84000015258789,281
2018-07-16,12.045000076293945,12.045000076293945,12.074999809265137,11.979999542236328,11.979999542236328,337
2018-07-17,12.010000228881836,12.010000228881836,12.039999961853027,11.930000305175781,12.024999618530273,294
2018-07-18,11.824999809265137,11.824999809265137,12.0,11.710000038146973,11.954999923706055,287
2018-07-19,11.864999771118164,11.864999771118164,11.930000305175781,11.71500015258789,11.930000305175781,200
2018-07-20,11.930000305175781,11.930000305175781,11.9399995803833,11.800000190734863,11.859999656677246,199
2018-07-23,11.989999771118164,11.989999771118164,12.0,11.880000114440918,11.890000343322754,252
2018-07-24,12.055000305175781,12.055000305175781,12.079999923706055,11.970000267028809,11.975000381469727,429
2018-07-25,12.045000076293945,12.045000076293945,12.0649995803833,12.010000228881836,12.045000076293945,148
2018-07-26,12.0,12.0,12.050000190734863,11.954999923706055,12.03499984741211,246
2018-07-27,12.005000114440918,12.005000114440918,12.055000305175781,11.949999809265137,11.960000038146973,261
2018-07-30,11.954999923706055,11.954999923706055,12.039999961853027,11.734999656677246,12.0,396
2018-07-31,11.914999961853027,11.914999961853027,12.055000305175781,11.845000267028809,11.9350004196167,364
2018-08-01,11.875,11.875,12.024999618530273,11.845000267028809,11.880000114440918,444
2018-08-02,11.630000114440918,11.630000114440918,11.930000305175781,11.529999732971191,11.869999885559082,737
2018-08-03,11.494999885559082,11.494999885559082,11.795000076293945,11.414999961853027,11.609999656677246,352
2018-08-06,11.274999618530273,11.274999618530273,11.654999732971191,11.210000038146973,11.574999809265137,418
2018-08-07,10.90999984741211,10.90999984741211,11.28499984741211,10.880000114440918,11.28499984741211,918
2018-08-08,10.649999618530273,10.649999618530273,10.920000076293945,10.579999923706055,10.920000076293945,1089
2018-08-09,10.739999771118164,10.739999771118164,10.75,10.479999542236328,10.640000343322754,1037
2018-08-10,10.550000190734863,10.550000190734863,10.84000015258789,10.529999732971191,10.770000457763672,717
2018-08-13,10.305000305175781,10.305000305175781,10.5600004196167,10.295000076293945,10.555000305175781,774
2018-08-14,10.194999694824219,10.194999694824219,10.484999656677246,10.09000015258789,10.3149995803833,1145
2018-08-15,10.324999809265137,10.324999809265137,10.425000190734863,9.904999732971191,10.21500015258789,1219
2018-08-16,10.460000038146973,10.460000038146973,10.649999618530273,10.305000305175781,10.329999923706055,688
2018-08-17,10.350000381469727,10.350000381469727,10.59000015258789,10.289999961853027,10.5649995803833,299
2018-08-20,10.265000343322754,10.265000343322754,10.449999809265137,9.994999885559082,10.324999809265137,602
2018-08-21,10.539999961853027,10.539999961853027,10.574999809265137,10.210000038146973,10.270000457763672,686
2018-08-22,10.800000190734863,10.800000190734863,10.899999618530273,10.375,10.539999961853027,950
2018-08-23,10.800000190734863,10.800000190734863,10.880000114440918,10.779999732971191,10.819999694824219,346
2018-08-24,10.78499984741211,10.78499984741211,10.890000343322754,10.71500015258789,10.829999923706055,325
2018-08-27,10.510000228881836,10.510000228881836,10.8100004196167,10.40999984741211,10.789999961853027,521
2018-08-28,10.595000267028809,10.595000267028809,10.744999885559082,10.359999656677246,10.510000228881836,402
2018-08-29,10.8100004196167,10.8100004196167,10.819999694824219,10.59000015258789,10.59000015258789,303
2018-08-30,10.670000076293945,10.670000076293945,10.899999618530273,10.520000457763672,10.800000190734863,323
2018-08-31,10.829999923706055,10.829999923706055,10.845000267028809,10.614999771118164,10.649999618530273,0
2018-09-04,10.850000381469727,10.850000381469727,10.850000381469727,10.800000190734863,10.819999694824219,170
2018-09-05,10.704999923706055,10.704999923706055,10.949999809265137,10.704999923706055,10.949999809265137,231
2018-09-06,10.774999618530273,10.774999618530273,10.800000190734863,10.774999618530273,10.800000190734863,9
2018-09-07,10.845000267028809,10.845000267028809,10.845000267028809,10.845000267028809,10.845000267028809,9
2018-09-10,10.8149995803833,10.8149995803833,10.8149995803833,10.8149995803833,10.8149995803833,9
2018-09-11,10.645000457763672,10.645000457763672,10.645000457763672,10.645000457763672,10.645000457763672,9
2018-09-12,10.645000457763672,10.645000457763672,10.645000457763672,10.645000457763672,10.645000457763672,9
2018-09-13,10.664999961853027,10.664999961853027,10.664999961853027,10.664999961853027,10.664999961853027,9
2018-09-14,10.664999961853027,10.664999961853027,10.664999961853027,10.664999961853027,10.664999961853027,636
2018-09-17,10.300000190734863,10.300000190734863,10.550000190734863,10.300000190734863,10.510000228881836,482
2018-09-18,10.045000076293945,10.045000076293945,10.300000190734863,10.005000114440918,10.300000190734863,669
2018-09-19,9.795000076293945,9.795000076293945,10.09000015258789,9.670000076293945,10.085000038146973,1100
2018-09-20,9.875,9.875,9.984999656677246,9.704999923706055,9.8100004196167,769
2018-09-21,9.880000114440918,9.880000114440918,9.949999809265137,9.729999542236328,9.885000228881836,461
2018-09-24,9.829999923706055,9.829999923706055,10.0,9.800000190734863,9.914999961853027,430
2018-09-25,9.875,9.875,9.895000457763672,9.805000305175781,9.829999923706055,348
2018-09-26,9.78499984741211,9.78499984741211,9.9399995803833,9.755000114440918,9.875,689
2018-09-27,9.78499984741211,9.78499984741211,9.845000267028809,9.65999984741211,9.78499984741211,520
2018-09-28,9.779999732971191,9.779999732971191,9.930000305175781,9.729999542236328,9.78499984741211,582
2018-10-01,10.135000228881836,10.135000228881836,10.180000305175781,9.78499984741211,9.850000381469727,975
2018-10-02,10.265000343322754,10.265000343322754,10.300000190734863,10.024999618530273,10.180000305175781,615
2018-10-03,10.489999771118164,10.489999771118164,10.5,10.25,10.260000228881836,749
2018-10-04,10.779999732971191,10.779999732971191,10.949999809265137,10.449999809265137,10.449999809265137,1334
2018-10-05,10.819999694824219,10.819999694824219,11.029999732971191,10.645000457763672,10.734999656677246,1205
2018-10-08,10.875,10.875,10.904999732971191,10.71500015258789,10.734999656677246,630
2018-10-09,10.949999809265137,10.949999809265137,11.045000076293945,10.8149995803833,10.850000381469727,607
2018-10-10,10.9350004196167,10.9350004196167,11.039999961853027,10.890000343322754,10.930000305175781,1022
2018-10-11,10.6850004196167,10.6850004196167,10.914999961853027,10.545000076293945,10.914999961853027,1389
2018-10-12,10.6850004196167,10.6850004196167,10.744999885559082,10.5600004196167,10.6850004196167,796
2018-10-15,10.75,10.75,10.774999618530273,10.510000228881836,10.600000381469727,571
2018-10-16,10.885000228881836,10.885000228881836,10.96500015258789,10.71500015258789,10.71500015258789,1047
2018-10-17,10.960000038146973,10.960000038146973,11.020000457763672,10.824999809265137,10.869999885559082,596
2018-10-18,10.960000038146973,10.960000038146973,11.020000457763672,10.854999542236328,10.930000305175781,779
2018-10-19,11.03499984741211,11.03499984741211,11.079999923706055,10.949999809265137,10.96500015258789,368
2018-10-22,10.835000038146973,10.835000038146973,11.039999961853027,10.725000381469727,11.039999961853027,240
2018-10-23,10.819999694824219,10.819999694824219,11.03499984741211,10.699999809265137,10.774999618530273,339
2018-10-24,10.854999542236328,10.854999542236328,10.944999694824219,10.75,10.805000305175781,414
2018-10-25,10.795000076293945,10.795000076293945,10.859999656677246,10.75,10.819999694824219,373
2018-10-26,10.729999542236328,10.729999542236328,10.835000038146973,10.710000038146973,10.819999694824219,829
2018-10-29,10.475000381469727,10.475000381469727,10.829999923706055,10.359999656677246,10.710000038146973,582
2018-10-30,10.4399995803833,10.4399995803833,10.4399995803833,10.239999771118164,10.4399995803833,329
2018-10-31,10.579999923706055,10.579999923706055,10.579999923706055,10.399999618530273,10.399999618530273,34
2018-11-01,10.635000228881836,10.635000228881836,10.880000114440918,10.635000228881836,10.680000305175781,11
2018-11-02,10.699999809265137,10.699999809265137,10.699999809265137,10.699999809265137,10.699999809265137,1
2018-11-05,10.755000114440918,10.755000114440918,10.755000114440918,10.755000114440918,10.755000114440918,0
2018-11-06,10.654999732971191,10.654999732971191,10.654999732971191,10.654999732971191,10.654999732971191,0
2018-11-07,10.699999809265137,10.699999809265137,10.75,10.699999809265137,10.75,1
2018-11-08,10.614999771118164,10.614999771118164,10.614999771118164,10.614999771118164,10.614999771118164,0
2018-11-09,10.595000267028809,10.595000267028809,10.595000267028809,10.595000267028809,10.595000267028809,6
2018-11-12,10.645000457763672,10.645000457763672,10.645000457763672,10.645000457763672,10.645000457763672,0
2018-11-13,10.875,10.875,10.899999618530273,10.875,10.899999618530273,6
2018-11-14,10.899999618530273,10.899999618530273,10.899999618530273,10.899999618530273,10.899999618530273,268
2018-11-15,10.739999771118164,10.739999771118164,10.9350004196167,10.619999885559082,10.875,360
2018-11-16,10.890000343322754,10.890000343322754,10.930000305175781,10.71500015258789,10.720000267028809,316
2018-11-19,10.770000457763672,10.770000457763672,10.9399995803833,10.755000114440918,10.895000457763672,275
2018-11-20,10.734999656677246,10.734999656677246,10.8100004196167,10.645000457763672,10.744999885559082,215
2018-11-21,10.78499984741211,10.78499984741211,10.835000038146973,10.729999542236328,10.729999542236328,82
2018-11-23,10.760000228881836,10.760000228881836,10.8149995803833,10.675000190734863,10.805000305175781,136
2018-11-26,10.75,10.75,10.8100004196167,10.6850004196167,10.699999809265137,262
2018-11-27,10.845000267028809,10.845000267028809,10.869999885559082,10.75,10.75,186
2018-11-28,10.819999694824219,10.819999694824219,10.850000381469727,10.600000381469727,10.835000038146973,318
2018-11-29,10.914999961853027,10.914999961853027,10.944999694824219,10.795000076293945,10.824999809265137,652
2018-11-30,10.885000228881836,10.885000228881836,10.930000305175781,10.710000038146973,10.914999961853027,534
2018-12-03,10.979999542236328,10.979999542236328,11.109999656677246,10.885000228881836,10.890000343322754,961
2018-12-04,10.975000381469727,10.975000381469727,11.045000076293945,10.880000114440918,10.979999542236328,477
2018-12-06,10.829999923706055,10.829999923706055,10.970000267028809,10.824999809265137,10.824999809265137,412
2018-12-07,10.770000457763672,10.770000457763672,10.835000038146973,10.75,10.829999923706055,335
2018-12-10,10.664999961853027,10.664999961853027,10.779999732971191,10.569999694824219,10.71500015258789,961
2018-12-11,10.645000457763672,10.645000457763672,10.739999771118164,10.609999656677246,10.664999961853027,672
2018-12-12,10.550000190734863,10.550000190734863,10.680000305175781,10.529999732971191,10.630000114440918,962
2018-12-13,10.449999809265137,10.449999809265137,10.5600004196167,10.420000076293945,10.529999732971191,490
2018-12-14,10.574999809265137,10.574999809265137,10.640000343322754,10.369999885559082,10.449999809265137,1318
2018-12-17,10.555000305175781,10.555000305175781,10.649999618530273,10.53499984741211,10.635000228881836,529
2018-12-18,10.529999732971191,10.529999732971191,10.694999694824219,10.5,10.574999809265137,754
2018-12-19,10.5,10.5,10.675000190734863,10.479999542236328,10.614999771118164,648
2018-12-20,10.524999618530273,10.524999618530273,10.555000305175781,10.329999923706055,10.479999542236328,492
2018-12-21,10.550000190734863,10.550000190734863,10.5649995803833,10.475000381469727,10.505000114440918,330
2018-12-24,10.420000076293945,10.420000076293945,10.720000267028809,10.420000076293945,10.675000190734863,357
2018-12-26,10.3100004196167,10.3100004196167,10.359999656677246,10.289999961853027,10.345000267028809,403
2018-12-27,10.125,10.125,10.3100004196167,10.029999732971191,10.3100004196167,296
2018-12-28,10.055000305175781,10.055000305175781,10.125,9.979999542236328,10.125,792
2018-12-31,10.095000267028809,10.095000267028809,10.100000381469727,10.050000190734863,10.100000381469727,20
2019-01-02,10.085000038146973,10.085000038146973,10.085000038146973,10.085000038146973,10.085000038146973,1
2019-01-03,10.170000076293945,10.170000076293945,10.170000076293945,10.100000381469727,10.104999542236328,226
2019-01-04,10.225000381469727,10.225000381469727,10.225000381469727,10.225000381469727,10.225000381469727,0
2019-01-07,10.404999732971191,10.404999732971191,10.404999732971191,10.404999732971191,10.404999732971191,0
2019-01-08,10.489999771118164,10.489999771118164,10.489999771118164,10.489999771118164,10.489999771118164,0
2019-01-09,10.550000190734863,10.550000190734863,10.550000190734863,10.550000190734863,10.550000190734863,0
2019-01-10,10.595000267028809,10.595000267028809,10.595000267028809,10.595000267028809,10.595000267028809,0
2019-01-11,10.529999732971191,10.529999732971191,10.529999732971191,10.529999732971191,10.529999732971191,9
2019-01-14,10.430000305175781,10.430000305175781,10.430000305175781,10.430000305175781,10.430000305175781,253
2019-01-15,10.380000114440918,10.380000114440918,10.585000038146973,10.34000015258789,10.585000038146973,433
2019-01-16,10.46500015258789,10.46500015258789,10.494999885559082,10.350000381469727,10.350000381469727,504
2019-01-17,10.5,10.5,10.649999618530273,10.454999923706055,10.454999923706055,152
2019-01-18,10.625,10.625,10.6850004196167,10.53499984741211,10.569999694824219,159
2019-01-22,10.649999618530273,10.649999618530273,10.8149995803833,10.579999923706055,10.600000381469727,405
2019-01-23,10.760000228881836,10.760000228881836,10.829999923706055,10.585000038146973,10.649999618530273,270
2019-01-24,10.675000190734863,10.675000190734863,10.8149995803833,10.670000076293945,10.729999542236328,267
2019-01-25,10.670000076293945,10.670000076293945,10.779999732971191,10.649999618530273,10.675000190734863,231
2019-01-28,10.720000267028809,10.720000267028809,10.789999961853027,10.670000076293945,10.699999809265137,676
2019-01-29,10.725000381469727,10.725000381469727,10.75,10.699999809265137,10.699999809265137,293
2019-01-30,10.630000114440918,10.630000114440918,10.729999542236328,10.619999885559082,10.725000381469727,452
2019-01-31,10.609999656677246,10.609999656677246,10.65999984741211,10.585000038146973,10.614999771118164,746
2019-02-01,10.649999618530273,10.649999618530273,10.729999542236328,10.609999656677246,10.640000343322754,470
2019-02-04,10.680000305175781,10.680000305175781,10.699999809265137,10.649999618530273,10.6899995803833,202
2019-02-05,10.734999656677246,10.734999656677246,10.760000228881836,10.664999961853027,10.694999694824219,380
2019-02-06,10.574999809265137,10.574999809265137,10.734999656677246,10.460000038146973,10.704999923706055,1008
2019-02-07,10.5,10.5,10.539999961853027,10.359999656677246,10.539999961853027,527
2019-02-08,10.364999771118164,10.364999771118164,10.505000114440918,10.359999656677246,10.484999656677246,572
2019-02-11,10.270000457763672,10.270000457763672,10.375,10.25,10.364999771118164,910
2019-02-12,10.25,10.25,10.345000267028809,10.25,10.3100004196167,697
2019-02-13,10.260000228881836,10.260000228881836,10.364999771118164,10.239999771118164,10.255000114440918,1141
2019-02-14,10.1850004196167,10.1850004196167,10.28499984741211,10.175000190734863,10.279999732971191,867
2019-02-15,9.994999885559082,9.994999885559082,10.175000190734863,9.970000267028809,10.175000190734863,1392
2019-02-19,9.864999771118164,9.864999771118164,9.984999656677246,9.824999809265137,9.979999542236328,846
2019-02-20,10.03499984741211,10.03499984741211,10.055000305175781,9.800000190734863,9.859999656677246,713
2019-02-21,10.210000038146973,10.210000038146973,10.28499984741211,10.005000114440918,10.050000190734863,510
2019-02-22,10.1899995803833,10.1899995803833,10.210000038146973,10.149999618530273,10.210000038146973,526
2019-02-25,10.100000381469727,10.100000381469727,10.220000267028809,10.010000228881836,10.164999961853027,352
2019-02-26,10.364999771118164,10.364999771118164,10.515000343322754,10.0600004196167,10.109999656677246,1095
2019-02-27,10.28499984741211,10.28499984741211,10.520000457763672,10.25,10.520000457763672,691
2019-02-28,10.395000457763672,10.395000457763672,10.420000076293945,10.28499984741211,10.28499984741211,24
2019-03-01,10.28499984741211,10.28499984741211,10.28499984741211,10.28499984741211,10.28499984741211,23
2019-03-04,10.4399995803833,10.4399995803833,10.4399995803833,10.399999618530273,10.399999618530273,3
2019-03-05,10.475000381469727,10.475000381469727,10.569999694824219,10.475000381469727,10.569999694824219,1
2019-03-06,10.625,10.625,10.625,10.479999542236328,10.479999542236328,2
2019-03-07,10.539999961853027,10.539999961853027,10.649999618530273,10.539999961853027,10.649999618530273,10
2019-03-08,10.59000015258789,10.59000015258789,10.59000015258789,10.59000015258789,10.59000015258789,0
2019-03-11,10.470000267028809,10.470000267028809,10.470000267028809,10.470000267028809,10.470000267028809,2
2019-03-12,10.484999656677246,10.484999656677246,10.484999656677246,10.484999656677246,10.484999656677246,2
2019-03-13,10.595000267028809,10.595000267028809,10.595000267028809,10.595000267028809,10.595000267028809,2
2019-03-14,10.574999809265137,10.574999809265137,10.574999809265137,10.574999809265137,10.574999809265137,377
2019-03-15,10.725000381469727,10.725000381469727,10.795000076293945,10.6850004196167,10.744999885559082,139
2019-03-18,10.71500015258789,10.71500015258789,10.859999656677246,10.640000343322754,10.725000381469727,292
2019-03-19,10.779999732971191,10.779999732971191,10.78499984741211,10.699999809265137,10.734999656677246,225
2019-03-20,10.9399995803833,10.9399995803833,10.960000038146973,10.800000190734863,10.800000190734863,770
2019-03-21,11.085000038146973,11.085000038146973,11.095000267028809,10.9350004196167,10.9399995803833,1025
2019-03-22,11.210000038146973,11.210000038146973,11.210000038146973,11.050000190734863,11.0649995803833,1076
2019-03-25,11.164999961853027,11.164999961853027,11.25,10.954999923706055,11.1850004196167,1038
2019-03-26,11.260000228881836,11.260000228881836,11.265000343322754,11.0600004196167,11.130000114440918,921
2019-03-27,11.145000457763672,11.145000457763672,11.270000457763672,11.0600004196167,11.25,699
2019-03-28,10.904999732971191,10.904999732971191,11.164999961853027,10.890000343322754,11.125,751
2019-03-29,10.850000381469727,10.850000381469727,10.954999923706055,10.819999694824219,10.930000305175781,680
2019-04-01,10.859999656677246,10.859999656677246,10.90999984741211,10.835000038146973,10.850000381469727,334
2019-04-02,10.795000076293945,10.795000076293945,10.914999961853027,10.760000228881836,10.850000381469727,593
2019-04-03,10.670000076293945,10.670000076293945,10.8149995803833,10.645000457763672,10.78499984741211,498
2019-04-04,10.550000190734863,10.550000190734863,10.65999984741211,10.449999809265137,10.645000457763672,1464
2019-04-05,10.515000343322754,10.515000343322754,10.579999923706055,10.470000267028809,10.53499984741211,603
2019-04-08,10.420000076293945,10.420000076293945,10.5600004196167,10.364999771118164,10.524999618530273,643
2019-04-09,10.289999961853027,10.289999961853027,10.395000457763672,10.239999771118164,10.375,1126
2019-04-10,10.234999656677246,10.234999656677246,10.414999961853027,10.21500015258789,10.319999694824219,668
2019-04-11,10.28499984741211,10.28499984741211,10.345000267028809,10.210000038146973,10.220000267028809,710
2019-04-12,10.460000038146973,10.460000038146973,10.529999732971191,10.239999771118164,10.279999732971191,823
2019-04-15,10.555000305175781,10.555000305175781,10.619999885559082,10.380000114440918,10.489999771118164,635
2019-04-16,10.515000343322754,10.515000343322754,10.640000343322754,10.479999542236328,10.609999656677246,613
2019-04-17,10.479999542236328,10.479999542236328,10.539999961853027,10.444999694824219,10.524999618530273,533
2019-04-18,10.425000190734863,10.425000190734863,10.484999656677246,10.420000076293945,10.475000381469727,295
2019-04-22,10.449999809265137,10.449999809265137,10.520000457763672,10.414999961853027,10.520000457763672,590
2019-04-23,10.225000381469727,10.225000381469727,10.520000457763672,10.21500015258789,10.4399995803833,619
2019-04-24,10.15999984741211,10.15999984741211,10.300000190734863,10.119999885559082,10.295000076293945,1434
2019-04-25,10.15999984741211,10.15999984741211,10.1899995803833,10.104999542236328,10.180000305175781,607
2019-04-26,10.194999694824219,10.194999694824219,10.210000038146973,10.069999694824219,10.135000228881836,683
2019-04-29,10.3149995803833,10.3149995803833,10.3149995803833,10.119999885559082,10.28499984741211,890
2019-04-30,10.274999618530273,10.274999618530273,10.274999618530273,10.244999885559082,10.260000228881836,92
2019-05-01,10.255000114440918,10.255000114440918,10.255000114440918,10.164999961853027,10.175000190734863,45
2019-05-02,10.40999984741211,10.40999984741211,10.40999984741211,10.40999984741211,10.40999984741211,5
2019-05-03,10.470000267028809,10.470000267028809,10.470000267028809,10.34000015258789,10.399999618530273,31
2019-05-06,10.40999984741211,10.40999984741211,10.40999984741211,10.40999984741211,10.40999984741211,100
2019-05-07,10.645000457763672,10.645000457763672,10.6899995803833,10.550000190734863,10.550000190734863,133
2019-05-08,10.65999984741211,10.65999984741211,10.65999984741211,10.65999984741211,10.65999984741211,30
2019-05-09,10.65999984741211,10.65999984741211,10.65999984741211,10.65999984741211,10.65999984741211,77
2019-05-10,10.720000267028809,10.720000267028809,10.720000267028809,10.720000267028809,10.720000267028809,2
2019-05-13,10.720000267028809,10.720000267028809,10.78499984741211,10.720000267028809,10.78499984741211,10
2019-05-14,10.8149995803833,10.8149995803833,10.8149995803833,10.779999732971191,10.779999732971191,905
2019-05-15,10.914999961853027,10.914999961853027,10.989999771118164,10.755000114440918,10.920000076293945,469
2019-05-16,10.904999732971191,10.904999732971191,10.949999809265137,10.899999618530273,10.904999732971191,174
2019-05-17,11.069999694824219,11.069999694824219,11.09000015258789,10.890000343322754,10.914999961853027,526
2019-05-20,11.225000381469727,11.225000381469727,11.239999771118164,11.050000190734863,11.050000190734863,437
2019-05-21,11.3100004196167,11.3100004196167,11.345000267028809,11.204999923706055,11.225000381469727,804
2019-05-22,11.335000038146973,11.335000038146973,11.390000343322754,11.270000457763672,11.28499984741211,567
2019-05-23,11.550000190734863,11.550000190734863,11.630000114440918,11.345000267028809,11.350000381469727,1662
2019-05-24,11.555000305175781,11.555000305175781,11.739999771118164,11.395000457763672,11.550000190734863,1315
2019-05-28,11.649999618530273,11.649999618530273,11.850000381469727,11.475000381469727,11.600000381469727,1224
2019-05-29,11.71500015258789,11.71500015258789,11.899999618530273,11.53499984741211,11.569999694824219,1491
2019-05-30,11.65999984741211,11.65999984741211,11.75,11.585000038146973,11.675000190734863,647
2019-05-31,11.454999923706055,11.454999923706055,11.675000190734863,11.380000114440918,11.65999984741211,871
2019-06-03,11.694999694824219,11.694999694824219,11.744999885559082,11.395000457763672,11.399999618530273,740
2019-06-04,11.680000305175781,11.680000305175781,11.694999694824219,11.619999885559082,11.664999961853027,318
2019-06-05,11.645000457763672,11.645000457763672,11.734999656677246,11.524999618530273,11.614999771118164,856
2019-06-06,11.734999656677246,11.734999656677246,11.789999961853027,11.645000457763672,11.654999732971191,819
2019-06-07,11.725000381469727,11.725000381469727,11.75,11.675000190734863,11.725000381469727,252
2019-06-10,11.770000457763672,11.770000457763672,11.78499984741211,11.675000190734863,11.680000305175781,316
2019-06-11,11.574999809265137,11.574999809265137,11.75,11.460000038146973,11.75,857
2019-06-12,11.739999771118164,11.739999771118164,11.744999885559082,11.505000114440918,11.539999961853027,451
2019-06-13,11.649999618530273,11.649999618530273,11.734999656677246,11.630000114440918,11.645000457763672,510
2019-06-14,11.640000343322754,11.640000343322754,11.699999809265137,11.5600004196167,11.65999984741211,1058
2019-06-17,11.614999771118164,11.614999771118164,11.640000343322754,11.600000381469727,11.604999542236328,1102
2019-06-18,11.5649995803833,11.5649995803833,11.625,11.539999961853027,11.625,844
2019-06-19,11.364999771118164,11.364999771118164,11.600000381469727,11.3149995803833,11.545000076293945,766
2019-06-20,11.225000381469727,11.225000381469727,11.449999809265137,11.055000305175781,11.420000076293945,988
2019-06-21,11.295000076293945,11.295000076293945,11.390000343322754,11.1899995803833,11.1899995803833,614
2019-06-24,11.180000305175781,11.180000305175781,11.364999771118164,11.149999618530273,11.279999732971191,605
2019-06-25,11.055000305175781,11.055000305175781,11.199999809265137,11.050000190734863,11.149999618530273,429
2019-06-26,11.0,11.0,11.125,11.0,11.069999694824219,447
2019-06-27,11.140000343322754,11.140000343322754,11.140000343322754,11.015000343322754,11.119999885559082,819
2019-06-28,11.274999618530273,11.274999618530273,11.300000190734863,11.149999618530273,11.204999923706055,120
2019-07-01,11.21500015258789,11.21500015258789,11.21500015258789,11.21500015258789,11.21500015258789,0
2019-07-02,10.970000267028809,10.970000267028809,11.029999732971191,10.970000267028809,11.029999732971191,9
2019-07-03,11.100000381469727,11.100000381469727,11.100000381469727,10.979999542236328,10.979999542236328,2
2019-07-05,11.204999923706055,11.204999923706055,11.204999923706055,11.204999923706055,11.204999923706055,0
2019-07-08,11.4399995803833,11.4399995803833,11.4399995803833,11.4399995803833,11.4399995803833,2
2019-07-09,11.600000381469727,11.600000381469727,11.600000381469727,11.600000381469727,11.600000381469727,0
2019-07-10,11.654999732971191,11.654999732971191,11.670000076293945,11.600000381469727,11.619999885559082,12
2019-07-11,11.664999961853027,11.664999961853027,11.664999961853027,11.600000381469727,11.600000381469727,11
2019-07-12,11.680000305175781,11.680000305175781,11.680000305175781,11.604999542236328,11.630000114440918,490
2019-07-15,11.885000228881836,11.885000228881836,11.960000038146973,11.850000381469727,11.850000381469727,532
2019-07-16,11.78499984741211,11.78499984741211,11.850000381469727,11.71500015258789,11.84000015258789,510
2019-07-17,11.8149995803833,11.8149995803833,11.824999809265137,11.734999656677246,11.800000190734863,202
2019-07-18,11.890000343322754,11.890000343322754,11.899999618530273,11.760000228881836,11.765000343322754,261
2019-07-19,11.944999694824219,11.944999694824219,11.970000267028809,11.805000305175781,11.869999885559082,378
2019-07-22,11.920000076293945,11.920000076293945,12.069999694824219,11.895000457763672,11.944999694824219,642
2019-07-23,11.970000267028809,11.970000267028809,12.029999732971191,11.845000267028809,11.944999694824219,335
2019-07-24,12.03499984741211,12.03499984741211,12.0600004196167,11.925000190734863,11.949999809265137,483
2019-07-25,12.125,12.125,12.149999618530273,12.029999732971191,12.029999732971191,704
2019-07-26,12.194999694824219,12.194999694824219,12.199999809265137,12.045000076293945,12.100000381469727,687
2019-07-29,12.3100004196167,12.3100004196167,12.345000267028809,12.149999618530273,12.15999984741211,738
2019-07-30,12.095000267028809,12.095000267028809,12.335000038146973,12.079999923706055,12.295000076293945,824
2019-07-31,11.944999694824219,11.944999694824219,12.135000228881836,11.885000228881836,12.095000267028809,653
2019-08-01,11.949999809265137,11.949999809265137,12.0,11.859999656677246,11.930000305175781,466
2019-08-02,11.704999923706055,11.704999923706055,11.949999809265137,11.619999885559082,11.9350004196167,722
2019-08-05,11.430000305175781,11.430000305175781,11.694999694824219,11.270000457763672,11.694999694824219,1984
2019-08-06,11.34000015258789,11.34000015258789,11.40999984741211,11.319999694824219,11.404999732971191,1329
2019-08-07,11.369999885559082,11.369999885559082,11.520000457763672,11.300000190734863,11.369999885559082,727
2019-08-08,11.354999542236328,11.354999542236328,11.505000114440918,11.350000381469727,11.395000457763672,1035
2019-08-09,11.369999885559082,11.369999885559082,11.395000457763672,11.319999694824219,11.369999885559082,1028
2019-08-12,11.569999694824219,11.569999694824219,11.574999809265137,11.345000267028809,11.380000114440918,634
2019-08-13,11.454999923706055,11.454999923706055,11.5649995803833,11.454999923706055,11.550000190734863,353
2019-08-14,11.5,11.5,11.649999618530273,11.479999542236328,11.545000076293945,568
2019-08-15,11.319999694824219,11.319999694824219,11.5,11.289999961853027,11.5,438
2019-08-16,11.199999809265137,11.199999809265137,11.420000076293945,11.194999694824219,11.305000305175781,670
2019-08-19,11.029999732971191,11.029999732971191,11.225000381469727,11.024999618530273,11.204999923706055,525
2019-08-20,10.979999542236328,10.979999542236328,11.079999923706055,10.970000267028809,11.03499984741211,665
2019-08-21,10.90999984741211,10.90999984741211,10.994999885559082,10.895000457763672,10.930000305175781,671
2019-08-22,10.869999885559082,10.869999885559082,10.944999694824219,10.864999771118164,10.914999961853027,291
2019-08-23,10.979999542236328,10.979999542236328,11.0,10.869999885559082,10.869999885559082,860
2019-08-26,11.220000267028809,11.220000267028809,11.239999771118164,10.944999694824219,10.944999694824219,694
2019-08-27,11.149999618530273,11.149999618530273,11.199999809265137,11.125,11.199999809265137,690
2019-08-28,11.335000038146973,11.335000038146973,11.350000381469727,11.300000190734863,11.350000381469727,696
2019-08-29,11.5600004196167,11.5600004196167,11.619999885559082,11.335000038146973,11.354999542236328,653
2019-08-30,11.670000076293945,11.670000076293945,11.6850004196167,11.670000076293945,11.6850004196167,96
2019-09-03,11.6850004196167,11.6850004196167,11.6850004196167,11.6850004196167,11.6850004196167,25
2019-09-04,11.699999809265137,11.699999809265137,11.699999809265137,11.699999809265137,11.699999809265137,25
2019-09-05,11.6899995803833,11.6899995803833,11.6899995803833,11.600000381469727,11.604999542236328,18
2019-09-06,11.6899995803833,11.6899995803833,11.6899995803833,11.6899995803833,11.6899995803833,0
2019-09-09,11.680000305175781,11.680000305175781,11.694999694824219,11.635000228881836,11.694999694824219,18
2019-09-10,11.765000343322754,11.765000343322754,11.765000343322754,11.675000190734863,11.694999694824219,5
2019-09-11,11.845000267028809,11.845000267028809,11.890000343322754,11.845000267028809,11.890000343322754,1
2019-09-12,11.9350004196167,11.9350004196167,11.9350004196167,11.854999542236328,11.854999542236328,3
2019-09-13,11.970000267028809,11.970000267028809,11.970000267028809,11.970000267028809,11.970000267028809,870
2019-09-16,12.21500015258789,12.21500015258789,12.239999771118164,12.194999694824219,12.229999542236328,604
2019-09-17,12.274999618530273,12.274999618530273,12.319999694824219,12.210000038146973,12.210000038146973,649
2019-09-18,12.3100004196167,12.3100004196167,12.364999771118164,12.244999885559082,12.25,578
2019-09-19,12.364999771118164,12.364999771118164,12.385000228881836,12.295000076293945,12.305000305175781,675
2019-09-20,12.3149995803833,12.3149995803833,12.350000381469727,12.25,12.335000038146973,462
2019-09-23,12.0600004196167,12.0600004196167,12.295000076293945,12.024999618530273,12.295000076293945,848
2019-09-24,12.0,12.0,12.055000305175781,11.970000267028809,12.020000457763672,629
2019-09-25,11.895000457763672,11.895000457763672,12.0,11.869999885559082,12.0,599
2019-09-26,12.079999923706055,12.079999923706055,12.225000381469727,11.875,11.90999984741211,1185
2019-09-27,12.154999732971191,12.154999732971191,12.260000228881836,12.050000190734863,12.079999923706055,534
2019-09-30,12.015000343322754,12.015000343322754,12.125,11.954999923706055,12.09000015258789,493
2019-10-01,11.869999885559082,11.869999885559082,12.0,11.864999771118164,11.994999885559082,436
2019-10-02,11.71500015258789,11.71500015258789,11.869999885559082,11.6850004196167,11.869999885559082,1419
2019-10-03,11.71500015258789,11.71500015258789,11.789999961853027,11.704999923706055,11.704999923706055,458
2019-10-04,11.65999984741211,11.65999984741211,11.829999923706055,11.640000343322754,11.71500015258789,537
2019-10-07,11.645000457763672,11.645000457763672,11.734999656677246,11.619999885559082,11.645000457763672,808
2019-10-08,11.84000015258789,11.84000015258789,11.920000076293945,11.630000114440918,11.640000343322754,1160
2019-10-09,12.005000114440918,12.005000114440918,12.050000190734863,11.84000015258789,11.84000015258789,771
2019-10-10,12.039999961853027,12.039999961853027,12.170000076293945,12.0,12.0,756
2019-10-11,12.0600004196167,12.0600004196167,12.074999809265137,11.975000381469727,12.010000228881836,705
2019-10-14,11.989999771118164,11.989999771118164,12.0600004196167,11.875,12.0600004196167,573
2019-10-15,11.885000228881836,11.885000228881836,12.03499984741211,11.829999923706055,11.984999656677246,830
2019-10-16,11.979999542236328,11.979999542236328,12.079999923706055,11.824999809265137,11.880000114440918,644
2019-10-17,11.989999771118164,11.989999771118164,12.039999961853027,11.904999732971191,12.0,481
2019-10-18,11.90999984741211,11.90999984741211,11.989999771118164,11.890000343322754,11.975000381469727,482
2019-10-21,11.795000076293945,11.795000076293945,11.90999984741211,11.755000114440918,11.90999984741211,1004
2019-10-22,11.699999809265137,11.699999809265137,11.899999618530273,11.6899995803833,11.800000190734863,553
2019-10-23,11.670000076293945,11.670000076293945,11.699999809265137,11.654999732971191,11.699999809265137,261
2019-10-24,11.729999542236328,11.729999542236328,11.760000228881836,11.65999984741211,11.675000190734863,813
2019-10-25,11.800000190734863,11.800000190734863,11.8149995803833,11.704999923706055,11.729999542236328,649
2019-10-28,11.579999923706055,11.579999923706055,11.819999694824219,11.569999694824219,11.789999961853027,804
2019-10-29,11.645000457763672,11.645000457763672,11.78499984741211,11.494999885559082,11.505000114440918,796
2019-10-30,11.699999809265137,11.699999809265137,11.899999618530273,11.600000381469727,11.619999885559082,534
2019-10-31,11.729999542236328,11.729999542236328,11.729999542236328,11.729999542236328,11.729999542236328,120
2019-11-01,11.725000381469727,11.725000381469727,11.824999809265137,11.725000381469727,11.819999694824219,3
2019-11-04,11.585000038146973,11.585000038146973,11.725000381469727,11.585000038146973,11.725000381469727,1
2019-11-05,11.710000038146973,11.710000038146973,11.710000038146973,11.710000038146973,11.710000038146973,0
2019-11-06,11.729999542236328,11.729999542236328,11.729999542236328,11.699999809265137,11.729999542236328,10
2019-11-07,11.770000457763672,11.770000457763672,11.770000457763672,11.770000457763672,11.770000457763672,5
2019-11-08,11.800000190734863,11.800000190734863,11.800000190734863,11.779999732971191,11.779999732971191,10
2019-11-11,11.779999732971191,11.779999732971191,11.779999732971191,11.779999732971191,11.779999732971191,10
2019-11-12,11.739999771118164,11.739999771118164,11.739999771118164,11.739999771118164,11.739999771118164,10
2019-11-13,11.694999694824219,11.694999694824219,11.694999694824219,11.694999694824219,11.694999694824219,10
2019-11-14,11.649999618530273,11.649999618530273,11.649999618530273,11.649999618530273,11.649999618530273,794
2019-11-15,11.890000343322754,11.890000343322754,11.90999984741211,11.71500015258789,11.819999694824219,899
2019-11-18,12.09000015258789,12.09000015258789,12.140000343322754,11.960000038146973,11.994999885559082,784
2019-11-19,12.09000015258789,12.09000015258789,12.095000267028809,11.994999885559082,12.069999694824219,629
2019-11-20,12.100000381469727,12.100000381469727,12.109999656677246,12.039999961853027,12.050000190734863,392
2019-11-21,12.244999885559082,12.244999885559082,12.25,12.109999656677246,12.109999656677246,853
2019-11-22,12.180000305175781,12.180000305175781,12.25,12.164999961853027,12.239999771118164,390
2019-11-25,12.194999694824219,12.194999694824219,12.239999771118164,12.140000343322754,12.145000457763672,404
2019-11-26,12.239999771118164,12.239999771118164,12.270000457763672,12.154999732971191,12.1899995803833,687
2019-11-27,12.390000343322754,12.390000343322754,12.399999618530273,12.199999809265137,12.239999771118164,1073
2019-11-29,12.484999656677246,12.484999656677246,12.489999771118164,12.390000343322754,12.399999618530273,858
2019-12-02,12.475000381469727,12.475000381469727,12.5600004196167,12.420000076293945,12.475000381469727,1232
2019-12-03,12.335000038146973,12.335000038146973,12.460000038146973,12.305000305175781,12.454999923706055,983
2019-12-04,12.295000076293945,12.295000076293945,12.329999923706055,12.274999618530273,12.329999923706055,482
2019-12-05,12.295000076293945,12.295000076293945,12.329999923706055,12.270000457763672,12.289999961853027,358
2019-12-06,12.3100004196167,12.3100004196167,12.3100004196167,12.234999656677246,12.279999732971191,595
2019-12-09,12.449999809265137,12.449999809265137,12.449999809265137,12.265000343322754,12.265000343322754,570
2019-12-10,12.449999809265137,12.449999809265137,12.489999771118164,12.414999961853027,12.4350004196167,500
2019-12-11,12.430000305175781,12.430000305175781,12.479999542236328,12.345000267028809,12.4399995803833,538
2019-12-12,12.430000305175781,12.430000305175781,12.449999809265137,12.369999885559082,12.414999961853027,814
2019-12-13,12.515000343322754,12.515000343322754,12.529999732971191,12.364999771118164,12.40999984741211,1036
2019-12-16,12.604999542236328,12.604999542236328,12.635000228881836,12.494999885559082,12.494999885559082,1014
2019-12-17,12.680000305175781,12.680000305175781,12.824999809265137,12.545000076293945,12.545000076293945,1482
2019-12-18,12.78499984741211,12.78499984741211,12.800000190734863,12.609999656677246,12.680000305175781,1227
2019-12-19,12.795000076293945,12.795000076293945,12.8149995803833,12.720000267028809,12.774999618530273,881
2019-12-20,12.880000114440918,12.880000114440918,12.895000457763672,12.744999885559082,12.770000457763672,836
2019-12-23,12.914999961853027,12.914999961853027,12.9350004196167,12.779999732971191,12.779999732971191,627
2019-12-24,12.9399995803833,12.9399995803833,12.960000038146973,12.885000228881836,12.890000343322754,230
2019-12-26,12.875,12.875,12.920000076293945,12.829999923706055,12.829999923706055,159
2019-12-27,13.029999732971191,13.029999732971191,13.079999923706055,12.880000114440918,12.880000114440918,831
2019-12-30,12.96500015258789,12.96500015258789,13.085000038146973,12.930000305175781,13.055000305175781,843
2019-12-31,13.135000228881836,13.135000228881836,13.135000228881836,12.960000038146973,12.960000038146973,135
2020-01-02,12.9350004196167,12.9350004196167,12.9350004196167,12.9350004196167,12.9350004196167,62
2020-01-03,12.994999885559082,12.994999885559082,12.994999885559082,12.895000457763672,12.895000457763672,1
2020-01-06,12.8149995803833,12.8149995803833,12.864999771118164,12.8149995803833,12.864999771118164,2
2020-01-07,12.835000038146973,12.835000038146973,12.835000038146973,12.819999694824219,12.819999694824219,1
2020-01-08,12.835000038146973,12.835000038146973,12.835000038146973,12.835000038146973,12.835000038146973,22
2020-01-09,13.0,13.0,13.0,12.90999984741211,12.90999984741211,3
2020-01-10,13.074999809265137,13.074999809265137,13.074999809265137,12.920000076293945,12.920000076293945,2
2020-01-13,12.970000267028809,12.970000267028809,13.100000381469727,12.970000267028809,13.100000381469727,18
2020-01-14,13.050000190734863,13.050000190734863,13.050000190734863,12.960000038146973,12.960000038146973,422
2020-01-15,13.359999656677246,13.359999656677246,13.40999984741211,13.260000228881836,13.350000381469727,876
2020-01-16,13.335000038146973,13.335000038146973,13.420000076293945,13.265000343322754,13.364999771118164,605
2020-01-17,13.515000343322754,13.515000343322754,13.635000228881836,13.305000305175781,13.329999923706055,904
2020-01-21,13.414999961853027,13.414999961853027,13.585000038146973,13.380000114440918,13.484999656677246,439
2020-01-22,13.4350004196167,13.4350004196167,13.475000381469727,13.350000381469727,13.395000457763672,315
2020-01-23,13.625,13.625,13.704999923706055,13.375,13.425000190734863,762
2020-01-24,13.585000038146973,13.585000038146973,13.654999732971191,13.529999732971191,13.579999923706055,333
2020-01-27,13.470000267028809,13.470000267028809,13.550000190734863,13.350000381469727,13.484999656677246,407
2020-01-28,13.585000038146973,13.585000038146973,13.604999542236328,13.404999732971191,13.470000267028809,570
2020-01-29,13.664999961853027,13.664999961853027,13.739999771118164,13.5600004196167,13.600000381469727,999
2020-01-30,13.5600004196167,13.5600004196167,13.720000267028809,13.479999542236328,13.6899995803833,801
2020-01-31,13.609999656677246,13.609999656677246,13.680000305175781,13.46500015258789,13.654999732971191,520
2020-02-03,13.5649995803833,13.5649995803833,13.664999961853027,13.494999885559082,13.574999809265137,555
2020-02-04,13.585000038146973,13.585000038146973,13.604999542236328,13.5,13.579999923706055,479
2020-02-05,13.539999961853027,13.539999961853027,13.574999809265137,13.430000305175781,13.449999809265137,909
2020-02-06,13.524999618530273,13.524999618530273,13.550000190734863,13.484999656677246,13.539999961853027,637
2020-02-07,13.614999771118164,13.614999771118164,13.649999618530273,13.510000228881836,13.524999618530273,534
2020-02-10,13.694999694824219,13.694999694824219,13.859999656677246,13.569999694824219,13.600000381469727,1176
2020-02-11,13.604999542236328,13.604999542236328,13.75,13.53499984741211,13.75,1726
2020-02-12,13.390000343322754,13.390000343322754,13.600000381469727,13.385000228881836,13.555000305175781,1305
2020-02-13,13.305000305175781,13.305000305175781,13.399999618530273,13.079999923706055,13.399999618530273,1768
2020-02-14,13.329999923706055,13.329999923706055,13.420000076293945,13.239999771118164,13.295000076293945,785
2020-02-18,13.430000305175781,13.430000305175781,13.454999923706055,13.300000190734863,13.305000305175781,1528
2020-02-19,13.425000190734863,13.425000190734863,13.470000267028809,13.335000038146973,13.420000076293945,571
2020-02-20,13.4350004196167,13.4350004196167,13.520000457763672,13.380000114440918,13.420000076293945,832
2020-02-21,13.385000228881836,13.385000228881836,13.449999809265137,13.3100004196167,13.404999732971191,1089
2020-02-24,13.369999885559082,13.369999885559082,13.414999961853027,13.260000228881836,13.40999984741211,754
2020-02-25,13.364999771118164,13.364999771118164,13.475000381469727,13.305000305175781,13.324999809265137,1371
2020-02-26,13.425000190734863,13.425000190734863,13.5,13.354999542236328,13.399999618530273,714
2020-02-27,13.414999961853027,13.414999961853027,13.53499984741211,13.274999618530273,13.414999961853027,519
2020-02-28,13.515000343322754,13.515000343322754,13.65999984741211,13.369999885559082,13.369999885559082,143
2020-03-02,13.5,13.5,13.640000343322754,13.5,13.5600004196167,24
2020-03-03,13.454999923706055,13.454999923706055,13.59000015258789,13.454999923706055,13.59000015258789,90
2020-03-04,13.404999732971191,13.404999732971191,13.460000038146973,13.404999732971191,13.454999923706055,2
2020-03-05,13.029999732971191,13.029999732971191,13.470000267028809,13.029999732971191,13.454999923706055,19
2020-03-06,12.880000114440918,12.880000114440918,13.100000381469727,12.819999694824219,13.100000381469727,25
2020-03-09,12.779999732971191,12.779999732971191,12.850000381469727,12.75,12.805000305175781,24
2020-03-10,12.845000267028809,12.845000267028809,12.845000267028809,12.8149995803833,12.8149995803833,66
2020-03-11,12.975000381469727,12.975000381469727,13.020000457763672,12.975000381469727,13.015000343322754,3
2020-03-12,13.149999618530273,13.149999618530273,13.149999618530273,13.149999618530273,13.149999618530273,0
2020-03-13,13.119999885559082,13.119999885559082,13.119999885559082,12.859999656677246,12.859999656677246,1008
2020-03-16,13.614999771118164,13.614999771118164,13.664999961853027,13.270000457763672,13.345000267028809,943
2020-03-17,13.949999809265137,13.949999809265137,14.0649995803833,13.579999923706055,13.614999771118164,1912
2020-03-18,14.289999961853027,14.289999961853027,14.350000381469727,13.800000190734863,13.930000305175781,1503
2020-03-19,13.920000076293945,13.920000076293945,14.319999694824219,13.895000457763672,14.175000190734863,1023
2020-03-20,13.28499984741211,13.28499984741211,14.015000343322754,13.229999542236328,14.005000114440918,1065
2020-03-23,13.234999656677246,13.234999656677246,13.489999771118164,13.154999732971191,13.385000228881836,649
2020-03-24,13.279999732971191,13.279999732971191,13.395000457763672,13.210000038146973,13.229999542236328,363
2020-03-25,13.625,13.625,13.649999618530273,13.279999732971191,13.289999961853027,474
2020-03-26,13.770000457763672,13.770000457763672,13.8100004196167,13.5600004196167,13.5600004196167,516
2020-03-27,13.970000267028809,13.970000267028809,14.09000015258789,13.725000381469727,13.725000381469727,394
2020-03-30,14.095000267028809,14.095000267028809,14.170000076293945,13.970000267028809,13.994999885559082,643
2020-03-31,14.03499984741211,14.03499984741211,14.130000114440918,14.0,14.095000267028809,712
2020-04-01,14.055000305175781,14.055000305175781,14.140000343322754,13.8149995803833,14.0,1223
2020-04-02,14.244999885559082,14.244999885559082,14.329999923706055,14.055000305175781,14.0649995803833,755
2020-04-03,14.550000190734863,14.550000190734863,14.680000305175781,14.270000457763672,14.300000190734863,1055
2020-04-06,14.680000305175781,14.680000305175781,14.739999771118164,14.595000267028809,14.609999656677246,901
2020-04-07,14.34000015258789,14.34000015258789,14.65999984741211,14.0649995803833,14.640000343322754,820
2020-04-08,14.3149995803833,14.3149995803833,14.390000343322754,14.069999694824219,14.385000228881836,588
2020-04-09,14.520000457763672,14.520000457763672,14.545000076293945,14.1850004196167,14.204999923706055,494
2020-04-13,14.324999809265137,14.324999809265137,14.604999542236328,14.3149995803833,14.460000038146973,456
2020-04-14,14.279999732971191,14.279999732971191,14.470000267028809,14.125,14.345000267028809,788
2020-04-15,14.1899995803833,14.1899995803833,14.354999542236328,14.135000228881836,14.265000343322754,478
2020-04-16,14.324999809265137,14.324999809265137,14.335000038146973,14.239999771118164,14.270000457763672,923
2020-04-17,14.494999885559082,14.494999885559082,14.515000343322754,14.335000038146973,14.364999771118164,426
2020-04-20,14.5600004196167,14.5600004196167,14.729999542236328,14.4350004196167,14.5,868
2020-04-21,15.140000343322754,15.140000343322754,15.229999542236328,14.399999618530273,14.529999732971191,1393
2020-04-22,15.824999809265137,15.824999809265137,15.90999984741211,15.0,15.204999923706055,1097
2020-04-23,16.674999237060547,16.674999237060547,16.674999237060547,15.75,15.75,1499
2020-04-24,16.610000610351562,16.610000610351562,17.19499969482422,16.0,16.885000228881836,525
2020-04-27,16.975000381469727,16.975000381469727,17.0,16.229999542236328,16.559999465942383,836
2020-04-28,16.860000610351562,16.860000610351562,17.325000762939453,16.139999389648438,17.149999618530273,330
2020-04-29,18.0,18.0,18.0,16.549999237060547,17.0,123
2020-04-30,17.155000686645508,17.155000686645508,18.700000762939453,16.350000381469727,18.139999389648438,107
2020-05-01,16.774999618530273,16.774999618530273,16.774999618530273,15.779999732971191,16.3700008392334,61
2020-05-04,16.200000762939453,16.200000762939453,16.200000762939453,16.200000762939453,16.200000762939453,0
2020-05-05,16.145000457763672,16.145000457763672,16.145000457763672,16.100000381469727,16.100000381469727,2
2020-05-06,16.690000534057617,16.690000534057617,16.790000915527344,16.690000534057617,16.764999389648438,5
2020-05-07,16.850000381469727,16.850000381469727,16.850000381469727,16.850000381469727,16.850000381469727,0
2020-05-08,16.700000762939453,16.700000762939453,16.700000762939453,16.700000762939453,16.700000762939453,0
2020-05-11,16.809999465942383,16.809999465942383,17.510000228881836,16.809999465942383,17.510000228881836,4
2020-05-12,17.225000381469727,17.225000381469727,17.25,17.225000381469727,17.25,7
2020-05-13,17.420000076293945,17.420000076293945,17.420000076293945,17.420000076293945,17.420000076293945,20
2020-05-14,17.420000076293945,17.420000076293945,17.420000076293945,17.420000076293945,17.420000076293945,491
2020-05-15,16.014999389648438,16.014999389648438,16.040000915527344,15.53499984741211,15.949999809265137,573
2020-05-18,16.06999969482422,16.06999969482422,16.375,15.989999771118164,16.05500030517578,471
2020-05-19,16.06999969482422,16.06999969482422,16.165000915527344,15.90999984741211,16.030000686645508,259
2020-05-20,16.084999084472656,16.084999084472656,16.19499969482422,16.0049991607666,16.049999237060547,245
2020-05-21,16.040000915527344,16.040000915527344,16.079999923706055,15.9399995803833,16.079999923706055,204
2020-05-22,16.049999237060547,16.049999237060547,16.125,16.0,16.014999389648438,181
2020-05-26,16.239999771118164,16.239999771118164,16.395000457763672,16.0,16.010000228881836,303
2020-05-27,16.360000610351562,16.360000610351562,16.399999618530273,16.219999313354492,16.25,287
2020-05-28,16.885000228881836,16.885000228881836,17.309999465942383,16.295000076293945,16.399999618530273,1021
2020-05-29,17.21500015258789,17.21500015258789,17.315000534057617,16.815000534057617,16.8799991607666,801
2020-06-01,18.114999771118164,18.114999771118164,18.165000915527344,17.014999389648438,17.200000762939453,1273
2020-06-02,19.065000534057617,19.065000534057617,19.065000534057617,18.100000381469727,18.100000381469727,1185
2020-06-03,20.565000534057617,20.565000534057617,20.565000534057617,19.065000534057617,19.200000762939453,1273
2020-06-04,22.065000534057617,22.065000534057617,22.065000534057617,20.6299991607666,20.674999237060547,1446
2020-06-05,20.565000534057617,20.565000534057617,23.565000534057617,20.565000534057617,22.209999084472656,803
2020-06-08,19.065000534057617,19.065000534057617,19.065000534057617,19.065000534057617,19.065000534057617,105
2020-06-09,17.565000534057617,17.565000534057617,17.565000534057617,17.565000534057617,17.565000534057617,538
2020-06-10,16.065000534057617,16.065000534057617,16.655000686645508,16.065000534057617,16.065000534057617,883
2020-06-11,14.5649995803833,14.5649995803833,16.049999237060547,14.5649995803833,16.0049991607666,2114
2020-06-12,16.065000534057617,16.065000534057617,16.065000534057617,14.194999694824219,14.555000305175781,789
2020-06-15,16.68000030517578,16.68000030517578,17.084999084472656,16.100000381469727,16.100000381469727,1042
2020-06-16,15.729999542236328,15.729999542236328,16.719999313354492,15.729999542236328,16.719999313354492,255
2020-06-17,14.545000076293945,14.545000076293945,15.399999618530273,14.3100004196167,15.399999618530273,484
2020-06-18,14.039999961853027,14.039999961853027,14.630000114440918,13.960000038146973,14.420000076293945,215
2020-06-19,14.020000457763672,14.020000457763672,14.345000267028809,13.975000381469727,14.100000381469727,126
2020-06-22,14.0,14.0,14.375,13.899999618530273,14.039999961853027,157
2020-06-23,14.0600004196167,14.0600004196167,14.170000076293945,13.930000305175781,14.0,124
2020-06-24,13.9399995803833,13.9399995803833,14.149999618530273,13.869999885559082,14.145000457763672,107
2020-06-25,13.555000305175781,13.555000305175781,14.050000190734863,13.529999732971191,14.039999961853027,225
2020-06-26,13.569999694824219,13.569999694824219,13.680000305175781,13.100000381469727,13.5,218
2020-06-29,13.699999809265137,13.699999809265137,14.510000228881836,13.449999809265137,13.449999809265137,59
2020-06-30,14.505000114440918,14.505000114440918,20.299999237060547,14.505000114440918,20.299999237060547,4
2020-07-01,15.9399995803833,15.9399995803833,19.899999618530273,15.9399995803833,19.899999618530273,96
2020-07-02,16.524999618530273,16.524999618530273,17.25,16.5,16.5,19
2020-07-06,16.415000915527344,16.415000915527344,16.415000915527344,16.415000915527344,16.415000915527344,0
2020-07-07,16.520000457763672,16.520000457763672,17.75,16.520000457763672,17.5,10
2020-07-08,16.315000534057617,16.315000534057617,16.315000534057617,16.315000534057617,16.315000534057617,26
2020-07-09,16.315000534057617,16.315000534057617,17.899999618530273,16.315000534057617,17.799999237060547,18
2020-07-10,16.155000686645508,16.155000686645508,16.155000686645508,16.155000686645508,16.155000686645508,0
2020-07-13,16.18000030517578,16.18000030517578,16.18000030517578,16.18000030517578,16.18000030517578,0
2020-07-14,16.18000030517578,16.18000030517578,16.18000030517578,16.18000030517578,16.18000030517578,163
2020-07-15,11.989999771118164,11.989999771118164,12.0600004196167,11.9350004196167,12.045000076293945,218
2020-07-16,11.789999961853027,11.789999961853027,11.984999656677246,11.704999923706055,11.960000038146973,367
2020-07-17,11.824999809265137,11.824999809265137,11.885000228881836,11.765000343322754,11.78499984741211,218
2020-07-20,11.8149995803833,11.8149995803833,11.864999771118164,11.755000114440918,11.845000267028809,298
2020-07-21,11.805000305175781,11.805000305175781,11.880000114440918,11.770000457763672,11.795000076293945,251
2020-07-22,11.869999885559082,11.869999885559082,11.899999618530273,11.8100004196167,11.84000015258789,180
2020-07-23,11.835000038146973,11.835000038146973,11.899999618530273,11.829999923706055,11.850000381469727,154
2020-07-24,11.805000305175781,11.805000305175781,11.864999771118164,11.78499984741211,11.824999809265137,249
2020-07-27,11.640000343322754,11.640000343322754,11.859999656677246,11.604999542236328,11.835000038146973,511
2020-07-28,11.425000190734863,11.425000190734863,11.619999885559082,11.21500015258789,11.619999885559082,871
2020-07-29,11.385000228881836,11.385000228881836,11.484999656677246,11.350000381469727,11.399999618530273,571
2020-07-30,11.53499984741211,11.53499984741211,11.899999618530273,11.350000381469727,11.359999656677246,603
2020-07-31,11.595000267028809,11.595000267028809,11.640000343322754,11.524999618530273,11.609999656677246,211
2020-08-03,11.59000015258789,11.59000015258789,11.670000076293945,11.555000305175781,11.640000343322754,282
2020-08-04,11.569999694824219,11.569999694824219,11.704999923706055,11.550000190734863,11.604999542236328,292
2020-08-05,11.680000305175781,11.680000305175781,11.75,11.600000381469727,11.614999771118164,219
2020-08-06,11.479999542236328,11.479999542236328,11.675000190734863,11.454999923706055,11.675000190734863,411
2020-08-07,11.524999618530273,11.524999618530273,11.579999923706055,11.510000228881836,11.515000343322754,234
2020-08-10,11.710000038146973,11.710000038146973,11.725000381469727,11.510000228881836,11.510000228881836,336
2020-08-11,11.680000305175781,11.680000305175781,11.774999618530273,11.680000305175781,11.699999809265137,332
2020-08-12,11.779999732971191,11.779999732971191,11.789999961853027,11.65999984741211,11.65999984741211,474
2020-08-13,11.755000114440918,11.755000114440918,11.800000190734863,11.694999694824219,11.720000267028809,420
2020-08-14,11.890000343322754,11.890000343322754,11.899999618530273,11.725000381469727,11.725000381469727,758
2020-08-17,11.975000381469727,11.975000381469727,11.979999542236328,11.885000228881836,11.890000343322754,714
2020-08-18,11.920000076293945,11.920000076293945,12.039999961853027,11.90999984741211,11.970000267028809,817
2020-08-19,12.039999961853027,12.039999961853027,12.045000076293945,11.850000381469727,11.954999923706055,877
2020-08-20,12.164999961853027,12.164999961853027,12.225000381469727,12.005000114440918,12.039999961853027,435
2020-08-21,12.300000190734863,12.300000190734863,12.319999694824219,12.145000457763672,12.170000076293945,646
2020-08-24,12.260000228881836,12.260000228881836,12.489999771118164,12.210000038146973,12.295000076293945,801
2020-08-25,12.020000457763672,12.020000457763672,12.154999732971191,11.979999542236328,12.104999542236328,532
2020-08-26,12.255000114440918,12.255000114440918,12.274999618530273,12.0600004196167,12.0600004196167,443
2020-08-27,12.619999885559082,12.619999885559082,12.619999885559082,12.199999809265137,12.204999923706055,240
2020-08-28,12.319999694824219,12.319999694824219,12.734999656677246,12.319999694824219,12.699999809265137,331
2020-08-31,12.489999771118164,12.489999771118164,12.600000381469727,12.489999771118164,12.600000381469727,42
2020-09-01,12.25,12.25,12.25,12.25,12.25,8
2020-09-02,12.390000343322754,12.390000343322754,12.390000343322754,12.390000343322754,12.390000343322754,3
2020-09-03,12.444999694824219,12.444999694824219,12.53499984741211,12.444999694824219,12.53499984741211,1
2020-09-04,12.5,12.5,12.515000343322754,12.5,12.515000343322754,22
2020-09-08,12.555000305175781,12.555000305175781,12.555000305175781,12.555000305175781,12.555000305175781,0
2020-09-09,12.539999961853027,12.539999961853027,12.539999961853027,12.539999961853027,12.539999961853027,0
2020-09-10,12.579999923706055,12.579999923706055,12.579999923706055,12.579999923706055,12.579999923706055,0
2020-09-11,12.21500015258789,12.21500015258789,14.0,12.21500015258789,12.449999809265137,10
2020-09-14,12.21500015258789,12.21500015258789,12.21500015258789,12.21500015258789,12.21500015258789,302
2020-09-15,12.149999618530273,12.149999618530273,12.1850004196167,12.085000038146973,12.085000038146973,532
2020-09-16,12.15999984741211,12.15999984741211,12.180000305175781,12.119999885559082,12.125,242
2020-09-17,12.25,12.25,12.295000076293945,12.119999885559082,12.164999961853027,201
2020-09-18,12.515000343322754,12.515000343322754,12.550000190734863,12.225000381469727,12.25,303
2020-09-21,12.220000267028809,12.220000267028809,12.569999694824219,12.119999885559082,12.505000114440918,505
2020-09-22,12.520000457763672,12.520000457763672,12.53499984741211,12.21500015258789,12.25,282
2020-09-23,12.489999771118164,12.489999771118164,12.595000267028809,12.319999694824219,12.479999542236328,291
2020-09-24,12.5600004196167,12.5600004196167,12.59000015258789,12.444999694824219,12.484999656677246,457
2020-09-25,12.449999809265137,12.449999809265137,12.59000015258789,12.385000228881836,12.550000190734863,310
2020-09-28,12.460000038146973,12.460000038146973,12.5,12.425000190734863,12.449999809265137,127
2020-09-29,12.510000228881836,12.510000228881836,12.569999694824219,12.420000076293945,12.46500015258789,320
2020-09-30,12.475000381469727,12.475000381469727,12.515000343322754,12.420000076293945,12.479999542236328,366
2020-10-01,12.510000228881836,12.510000228881836,12.555000305175781,12.444999694824219,12.444999694824219,257
2020-10-02,12.550000190734863,12.550000190734863,12.569999694824219,12.489999771118164,12.510000228881836,221
2020-10-05,12.694999694824219,12.694999694824219,12.760000228881836,12.510000228881836,12.510000228881836,890
2020-10-06,12.625,12.625,12.75,12.614999771118164,12.670000076293945,353
2020-10-07,12.65999984741211,12.65999984741211,12.704999923706055,12.600000381469727,12.609999656677246,363
2020-10-08,12.654999732971191,12.654999732971191,12.729999542236328,12.635000228881836,12.640000343322754,446
2020-10-09,12.46500015258789,12.46500015258789,12.710000038146973,11.850000381469727,12.649999618530273,1074
2020-10-12,12.305000305175781,12.305000305175781,12.520000457763672,12.270000457763672,12.505000114440918,338
2020-10-13,12.234999656677246,12.234999656677246,12.345000267028809,12.229999542236328,12.289999961853027,548
2020-10-14,12.430000305175781,12.430000305175781,12.555000305175781,12.21500015258789,12.239999771118164,671
2020-10-15,12.515000343322754,12.515000343322754,12.5649995803833,12.40999984741211,12.40999984741211,527
2020-10-16,12.375,12.375,12.515000343322754,12.359999656677246,12.479999542236328,1162
2020-10-19,12.449999809265137,12.449999809265137,12.475000381469727,12.359999656677246,12.364999771118164,600
2020-10-20,12.239999771118164,12.239999771118164,12.4399995803833,12.180000305175781,12.4399995803833,1378
2020-10-21,12.194999694824219,12.194999694824219,12.300000190734863,12.180000305175781,12.194999694824219,1321
2020-10-22,12.220000267028809,12.220000267028809,12.25,12.180000305175781,12.199999809265137,1179
2020-10-23,12.345000267028809,12.345000267028809,12.350000381469727,12.180000305175781,12.21500015258789,1303
2020-10-26,12.289999961853027,12.289999961853027,12.449999809265137,12.265000343322754,12.350000381469727,409
2020-10-27,12.479999542236328,12.479999542236328,12.520000457763672,12.265000343322754,12.279999732971191,855
2020-10-28,12.470000267028809,12.470000267028809,12.600000381469727,12.430000305175781,12.579999923706055,385
2020-10-29,12.470000267028809,12.470000267028809,12.484999656677246,12.345000267028809,12.484999656677246,233
2020-10-30,12.524999618530273,12.524999618530273,12.640000343322754,12.449999809265137,12.46500015258789,143
2020-11-02,12.545000076293945,12.545000076293945,12.545000076293945,12.479999542236328,12.484999656677246,119
2020-11-03,12.489999771118164,12.489999771118164,12.555000305175781,12.489999771118164,12.539999961853027,24
2020-11-04,12.520000457763672,12.520000457763672,12.520000457763672,12.520000457763672,12.520000457763672,0
2020-11-05,12.670000076293945,12.670000076293945,12.670000076293945,12.670000076293945,12.670000076293945,6
2020-11-06,12.414999961853027,12.414999961853027,12.414999961853027,12.414999961853027,12.414999961853027,1
2020-11-09,12.390000343322754,12.390000343322754,12.390000343322754,12.390000343322754,12.390000343322754,1
2020-11-10,12.28499984741211,12.28499984741211,12.28499984741211,12.28499984741211,12.28499984741211,1
2020-11-11,12.229999542236328,12.229999542236328,12.229999542236328,12.229999542236328,12.229999542236328,1
2020-11-12,12.050000190734863,12.050000190734863,12.050000190734863,12.050000190734863,12.050000190734863,1
2020-11-13,12.050000190734863,12.050000190734863,12.050000190734863,12.050000190734863,12.050000190734863,163
2020-11-16,12.279999732971191,12.279999732971191,12.420000076293945,12.239999771118164,12.289999961853027,266
2020-11-17,12.329999923706055,12.329999923706055,12.369999885559082,12.239999771118164,12.300000190734863,285
2020-11-18,12.449999809265137,12.449999809265137,12.449999809265137,12.300000190734863,12.300000190734863,551
2020-11-19,12.4399995803833,12.4399995803833,12.449999809265137,12.390000343322754,12.444999694824219,162
2020-11-20,12.46500015258789,12.46500015258789,12.470000267028809,12.390000343322754,12.414999961853027,205
2020-11-23,12.4399995803833,12.4399995803833,12.454999923706055,12.149999618530273,12.454999923706055,359
2020-11-24,12.390000343322754,12.390000343322754,12.46500015258789,12.354999542236328,12.425000190734863,189
2020-11-25,12.444999694824219,12.444999694824219,12.5600004196167,12.399999618530273,12.404999732971191,206
2020-11-27,12.675000190734863,12.675000190734863,12.6899995803833,12.4399995803833,12.475000381469727,331
2020-11-30,12.555000305175781,12.555000305175781,12.699999809265137,12.40999984741211,12.675000190734863,720
2020-12-01,12.529999732971191,12.529999732971191,12.609999656677246,12.475000381469727,12.524999618530273,750
2020-12-02,12.449999809265137,12.449999809265137,12.529999732971191,12.414999961853027,12.460000038146973,297
2020-12-03,12.324999809265137,12.324999809265137,12.414999961853027,12.305000305175781,12.40999984741211,480
2020-12-04,12.225000381469727,12.225000381469727,12.3149995803833,12.225000381469727,12.3149995803833,631
2020-12-07,12.3100004196167,12.3100004196167,12.350000381469727,12.204999923706055,12.225000381469727,723
2020-12-08,12.329999923706055,12.329999923706055,12.369999885559082,12.25,12.319999694824219,787
2020-12-09,12.364999771118164,12.364999771118164,12.375,12.300000190734863,12.3100004196167,338
2020-12-10,12.399999618530273,12.399999618530273,12.520000457763672,12.34000015258789,12.375,608
2020-12-11,12.470000267028809,12.470000267028809,12.484999656677246,12.399999618530273,12.399999618530273,458
2020-12-14,12.414999961853027,12.414999961853027,12.5,12.369999885559082,12.449999809265137,1040
2020-12-15,12.329999923706055,12.329999923706055,12.369999885559082,12.270000457763672,12.369999885559082,1129
2020-12-16,12.34000015258789,12.34000015258789,12.369999885559082,12.305000305175781,12.3149995803833,1285
2020-12-17,12.585000038146973,12.585000038146973,12.619999885559082,12.3100004196167,12.3100004196167,1472
2020-12-18,12.579999923706055,12.579999923706055,12.640000343322754,12.524999618530273,12.579999923706055,751
2020-12-21,12.359999656677246,12.359999656677246,12.600000381469727,12.359999656677246,12.600000381469727,645
2020-12-22,12.364999771118164,12.364999771118164,12.4350004196167,12.324999809265137,12.354999542236328,431
2020-12-23,12.390000343322754,12.390000343322754,12.444999694824219,12.34000015258789,12.390000343322754,598
2020-12-24,12.279999732971191,12.279999732971191,12.385000228881836,12.260000228881836,12.375,527
2020-12-28,11.994999885559082,11.994999885559082,12.319999694824219,11.989999771118164,12.319999694824219,1398
2020-12-29,12.204999923706055,12.204999923706055,12.239999771118164,12.0,12.0,145
2020-12-30,12.204999923706055,12.204999923706055,12.390000343322754,12.149999618530273,12.225000381469727,71
2020-12-31,12.399999618530273,12.399999618530273,12.399999618530273,12.239999771118164,12.239999771118164,116
2021-01-04,12.449999809265137,12.449999809265137,12.649999618530273,12.449999809265137,12.649999618530273,16
2021-01-05,12.354999542236328,12.354999542236328,12.354999542236328,12.354999542236328,12.354999542236328,7
2021-01-06,12.420000076293945,12.420000076293945,12.420000076293945,12.420000076293945,12.420000076293945,201
2021-01-07,12.449999809265137,12.449999809265137,12.449999809265137,12.449999809265137,12.449999809265137,2
2021-01-08,12.414999961853027,12.414999961853027,12.414999961853027,12.414999961853027,12.414999961853027,19
2021-01-11,12.34000015258789,12.34000015258789,12.475000381469727,12.34000015258789,12.454999923706055,15
2021-01-12,12.609999656677246,12.609999656677246,12.609999656677246,12.609999656677246,12.609999656677246,1
2021-01-13,12.880000114440918,12.880000114440918,12.880000114440918,12.880000114440918,12.880000114440918,25
2021-01-14,12.895000457763672,12.895000457763672,12.949999809265137,12.890000343322754,12.9350004196167,634
2021-01-15,13.114999771118164,13.114999771118164,13.354999542236328,13.074999809265137,13.145000457763672,655
2021-01-19,13.194999694824219,13.194999694824219,13.265000343322754,13.079999923706055,13.09000015258789,352
2021-01-20,13.210000038146973,13.210000038146973,13.279999732971191,13.085000038146973,13.1899995803833,345
2021-01-21,13.244999885559082,13.244999885559082,13.25,13.164999961853027,13.199999809265137,178
2021-01-22,13.274999618530273,13.274999618530273,13.300000190734863,13.180000305175781,13.21500015258789,766
2021-01-25,13.234999656677246,13.234999656677246,13.270000457763672,13.050000190734863,13.270000457763672,322
2021-01-26,13.305000305175781,13.305000305175781,13.324999809265137,13.119999885559082,13.125,237
2021-01-27,13.454999923706055,13.454999923706055,13.479999542236328,13.274999618530273,13.28499984741211,506
2021-01-28,13.390000343322754,13.390000343322754,13.5,13.350000381469727,13.46500015258789,405
2021-01-29,13.460000038146973,13.460000038146973,13.489999771118164,13.375,13.40999984741211,386
2021-02-01,13.34000015258789,13.34000015258789,13.484999656677246,13.329999923706055,13.460000038146973,569
2021-02-02,13.359999656677246,13.359999656677246,13.380000114440918,13.3100004196167,13.345000267028809,261
2021-02-03,13.09000015258789,13.09000015258789,13.40999984741211,12.765000343322754,13.350000381469727,1296
2021-02-04,13.024999618530273,13.024999618530273,13.09000015258789,12.96500015258789,13.09000015258789,467
2021-02-05,13.0,13.0,13.024999618530273,12.819999694824219,13.015000343322754,589
2021-02-08,12.970000267028809,12.970000267028809,13.100000381469727,12.96500015258789,13.0,429
2021-02-09,12.914999961853027,12.914999961853027,13.045000076293945,12.84000015258789,13.045000076293945,843
2021-02-10,12.880000114440918,12.880000114440918,12.970000267028809,12.845000267028809,12.90999984741211,677
2021-02-11,12.890000343322754,12.890000343322754,12.90999984741211,12.8100004196167,12.880000114440918,834
2021-02-12,12.8100004196167,12.8100004196167,12.90999984741211,12.805000305175781,12.890000343322754,769
2021-02-16,12.71500015258789,12.71500015258789,12.850000381469727,12.614999771118164,12.8149995803833,1078
2021-02-17,12.744999885559082,12.744999885559082,12.755000114440918,12.604999542236328,12.710000038146973,673
2021-02-18,12.729999542236328,12.729999542236328,12.760000228881836,12.649999618530273,12.6899995803833,960
2021-02-19,12.869999885559082,12.869999885559082,12.954999923706055,12.6850004196167,12.755000114440918,1503
2021-02-22,12.890000343322754,12.890000343322754,12.90999984741211,12.805000305175781,12.875,1361
2021-02-23,12.835000038146973,12.835000038146973,12.904999732971191,12.819999694824219,12.845000267028809,631
2021-02-24,12.869999885559082,12.869999885559082,12.9399995803833,12.829999923706055,12.835000038146973,272
2021-02-25,12.805000305175781,12.805000305175781,12.90999984741211,12.75,12.824999809265137,140
2021-02-26,12.75,12.75,12.819999694824219,12.699999809265137,12.8100004196167,45
2021-03-01,12.795000076293945,12.795000076293945,12.800000190734863,12.795000076293945,12.795000076293945,5
2021-03-02,13.055000305175781,13.055000305175781,13.055000305175781,12.755000114440918,12.78499984741211,37
2021-03-03,13.164999961853027,13.164999961853027,13.180000305175781,12.994999885559082,12.994999885559082,47
2021-03-04,13.074999809265137,13.074999809265137,13.210000038146973,13.074999809265137,13.1850004196167,33
2021-03-05,12.944999694824219,12.944999694824219,12.944999694824219,12.944999694824219,12.944999694824219,2
2021-03-08,12.970000267028809,12.970000267028809,12.970000267028809,12.970000267028809,12.970000267028809,2
2021-03-09,12.914999961853027,12.914999961853027,12.914999961853027,12.914999961853027,12.914999961853027,14
2021-03-10,12.755000114440918,12.755000114440918,12.755000114440918,12.755000114440918,12.755000114440918,24
2021-03-11,12.770000457763672,12.770000457763672,12.770000457763672,12.770000457763672,12.770000457763672,19
2021-03-12,12.774999618530273,12.774999618530273,12.774999618530273,12.774999618530273,12.774999618530273,430
2021-03-15,12.9399995803833,12.9399995803833,13.010000228881836,12.925000190734863,12.989999771118164,333
2021-03-16,13.010000228881836,13.010000228881836,13.079999923706055,12.930000305175781,12.9350004196167,224
2021-03-17,13.21500015258789,13.21500015258789,13.21500015258789,13.0,13.045000076293945,244
2021-03-18,13.029999732971191,13.029999732971191,13.199999809265137,12.989999771118164,13.180000305175781,341
2021-03-19,13.145000457763672,13.145000457763672,13.154999732971191,13.020000457763672,13.024999618530273,201
2021-03-22,13.21500015258789,13.21500015258789,13.229999542236328,13.130000114440918,13.15999984741211,188
2021-03-23,13.210000038146973,13.210000038146973,13.260000228881836,13.119999885559082,13.229999542236328,145
2021-03-24,13.395000457763672,13.395000457763672,13.449999809265137,13.1899995803833,13.1899995803833,405
2021-03-25,13.149999618530273,13.149999618530273,13.385000228881836,13.140000343322754,13.3100004196167,318
2021-03-26,13.085000038146973,13.085000038146973,13.1899995803833,13.079999923706055,13.125,170
2021-03-29,13.265000343322754,13.265000343322754,13.300000190734863,13.069999694824219,13.085000038146973,190
2021-03-30,13.220000267028809,13.220000267028809,13.300000190734863,13.170000076293945,13.270000457763672,226
2021-03-31,13.180000305175781,13.180000305175781,13.270000457763672,13.15999984741211,13.199999809265137,319
2021-04-01,13.114999771118164,13.114999771118164,13.239999771118164,13.100000381469727,13.15999984741211,313
2021-04-05,13.15999984741211,13.15999984741211,13.199999809265137,13.095000267028809,13.109999656677246,458
2021-04-06,13.130000114440918,13.130000114440918,13.15999984741211,13.104999542236328,13.15999984741211,469
2021-04-07,13.170000076293945,13.170000076293945,13.170000076293945,13.100000381469727,13.130000114440918,231
2021-04-08,13.109999656677246,13.109999656677246,13.149999618530273,13.100000381469727,13.140000343322754,261
2021-04-09,13.09000015258789,13.09000015258789,13.145000457763672,13.03499984741211,13.079999923706055,423
2021-04-12,13.100000381469727,13.100000381469727,13.194999694824219,13.079999923706055,13.095000267028809,272
2021-04-13,13.130000114440918,13.130000114440918,13.149999618530273,13.085000038146973,13.109999656677246,263
2021-04-14,13.164999961853027,13.164999961853027,13.170000076293945,13.069999694824219,13.100000381469727,533
2021-04-15,13.050000190734863,13.050000190734863,13.170000076293945,13.029999732971191,13.154999732971191,1029
2021-04-16,12.880000114440918,12.880000114440918,13.069999694824219,12.875,13.069999694824219,980
2021-04-19,12.845000267028809,12.845000267028809,12.960000038146973,12.824999809265137,12.895000457763672,823
2021-04-20,12.84000015258789,12.84000015258789,12.859999656677246,12.819999694824219,12.850000381469727,773
2021-04-21,12.864999771118164,12.864999771118164,12.885000228881836,12.789999961853027,12.835000038146973,950
2021-04-22,13.359999656677246,13.359999656677246,13.399999618530273,12.859999656677246,12.880000114440918,1397
2021-04-23,13.430000305175781,13.430000305175781,13.5,13.3100004196167,13.399999618530273,1092
2021-04-26,13.220000267028809,13.220000267028809,13.53499984741211,13.21500015258789,13.399999618530273,791
2021-04-27,13.135000228881836,13.135000228881836,13.199999809265137,13.074999809265137,13.199999809265137,447
2021-04-28,13.164999961853027,13.164999961853027,13.1899995803833,13.095000267028809,13.140000343322754,520
2021-04-29,13.369999885559082,13.369999885559082,13.375,13.135000228881836,13.1899995803833,74
2021-04-30,13.385000228881836,13.385000228881836,13.399999618530273,13.380000114440918,13.380000114440918,18
2021-05-03,13.430000305175781,13.430000305175781,13.430000305175781,13.399999618530273,13.399999618530273,50
2021-05-04,13.84000015258789,13.84000015258789,13.84000015258789,13.460000038146973,13.460000038146973,12
2021-05-05,14.125,14.125,14.125,13.845000267028809,13.899999618530273,9
2021-05-06,13.904999732971191,13.904999732971191,14.1899995803833,13.904999732971191,14.1899995803833,106
2021-05-07,14.1899995803833,14.1899995803833,14.1899995803833,14.050000190734863,14.050000190734863,35
2021-05-10,13.880000114440918,13.880000114440918,14.1899995803833,13.8149995803833,14.1899995803833,109
2021-05-11,13.739999771118164,13.739999771118164,13.84000015258789,13.739999771118164,13.84000015258789,22
2021-05-12,13.725000381469727,13.725000381469727,13.725000381469727,13.725000381469727,13.725000381469727,39
2021-05-13,13.359999656677246,13.359999656677246,13.359999656677246,13.359999656677246,13.359999656677246,48
2021-05-14,13.329999923706055,13.329999923706055,13.329999923706055,13.329999923706055,13.329999923706055,497
2021-05-17,13.454999923706055,13.454999923706055,13.645000457763672,13.449999809265137,13.600000381469727,350
2021-05-18,13.350000381469727,13.350000381469727,13.489999771118164,13.34000015258789,13.454999923706055,714
2021-05-19,13.364999771118164,13.364999771118164,13.470000267028809,13.260000228881836,13.34000015258789,737
2021-05-20,13.279999732971191,13.279999732971191,13.545000076293945,13.265000343322754,13.34000015258789,298
2021-05-21,13.1850004196167,13.1850004196167,13.274999618530273,13.170000076293945,13.265000343322754,504
2021-05-24,13.149999618530273,13.149999618530273,13.220000267028809,13.109999656677246,13.1850004196167,599
2021-05-25,13.199999809265137,13.199999809265137,13.260000228881836,13.135000228881836,13.145000457763672,343
2021-05-26,13.1899995803833,13.1899995803833,13.244999885559082,13.164999961853027,13.239999771118164,148
2021-05-27,13.234999656677246,13.234999656677246,13.329999923706055,13.1899995803833,13.194999694824219,290
2021-05-28,13.300000190734863,13.300000190734863,13.369999885559082,13.199999809265137,13.234999656677246,381
2021-06-01,13.28499984741211,13.28499984741211,13.4399995803833,13.199999809265137,13.34000015258789,443
2021-06-02,13.3100004196167,13.3100004196167,13.3149995803833,13.25,13.265000343322754,285
2021-06-03,13.295000076293945,13.295000076293945,13.319999694824219,13.260000228881836,13.295000076293945,278
2021-06-04,13.3100004196167,13.3100004196167,13.319999694824219,13.265000343322754,13.265000343322754,212
2021-06-07,13.270000457763672,13.270000457763672,13.329999923706055,13.234999656677246,13.324999809265137,761
2021-06-08,13.140000343322754,13.140000343322754,13.244999885559082,13.125,13.229999542236328,540
2021-06-09,13.085000038146973,13.085000038146973,13.220000267028809,13.039999961853027,13.140000343322754,593
2021-06-10,12.930000305175781,12.930000305175781,13.0649995803833,12.805000305175781,13.0649995803833,1396
2021-06-11,12.850000381469727,12.850000381469727,13.03499984741211,12.84000015258789,12.9399995803833,524
2021-06-14,12.505000114440918,12.505000114440918,12.899999618530273,12.4399995803833,12.899999618530273,865
2021-06-15,12.3100004196167,12.3100004196167,12.619999885559082,12.289999961853027,12.4399995803833,866
2021-06-16,12.359999656677246,12.359999656677246,12.6850004196167,12.3100004196167,12.3100004196167,539
2021-06-17,12.229999542236328,12.229999542236328,12.579999923706055,12.210000038146973,12.4399995803833,496
2021-06-18,12.609999656677246,12.609999656677246,12.630000114440918,12.210000038146973,12.21500015258789,499
2021-06-21,12.720000267028809,12.720000267028809,12.760000228881836,12.420000076293945,12.555000305175781,472
2021-06-22,13.149999618530273,13.149999618530273,13.170000076293945,12.670000076293945,12.670000076293945,738
2021-06-23,13.345000267028809,13.345000267028809,13.670000076293945,12.989999771118164,12.989999771118164,663
2021-06-24,13.234999656677246,13.234999656677246,13.335000038146973,13.15999984741211,13.244999885559082,320
2021-06-25,13.149999618530273,13.149999618530273,13.21500015258789,13.055000305175781,13.140000343322754,262
2021-06-28,13.154999732971191,13.154999732971191,13.25,13.104999542236328,13.125,342
2021-06-29,13.25,13.25,13.25,13.050000190734863,13.050000190734863,225
2021-06-30,13.175000190734863,13.175000190734863,13.489999771118164,13.175000190734863,13.4399995803833,42
2021-07-01,13.154999732971191,13.154999732971191,13.154999732971191,13.154999732971191,13.154999732971191,107
2021-07-02,12.84000015258789,12.84000015258789,12.84000015258789,12.84000015258789,12.84000015258789,5
2021-07-06,12.520000457763672,12.520000457763672,12.545000076293945,12.515000343322754,12.515000343322754,11
2021-07-07,12.604999542236328,12.604999542236328,12.604999542236328,12.604999542236328,12.604999542236328,4
2021-07-08,12.484999656677246,12.484999656677246,12.484999656677246,12.484999656677246,12.484999656677246,15
2021-07-09,12.600000381469727,12.600000381469727,12.600000381469727,12.510000228881836,12.510000228881836,27
2021-07-12,12.65999984741211,12.65999984741211,12.65999984741211,12.65999984741211,12.65999984741211,13
2021-07-13,12.829999923706055,12.829999923706055,12.829999923706055,12.829999923706055,12.829999923706055,10
2021-07-14,12.829999923706055,12.829999923706055,12.829999923706055,12.829999923706055,12.829999923706055,144
2021-07-15,13.21500015258789,13.21500015258789,13.229999542236328,13.0600004196167,13.140000343322754,213
2021-07-16,13.229999542236328,13.229999542236328,13.345000267028809,13.210000038146973,13.25,373
2021-07-19,13.039999961853027,13.039999961853027,13.265000343322754,13.029999732971191,13.260000228881836,228
2021-07-20,13.1899995803833,13.1899995803833,13.1899995803833,13.020000457763672,13.050000190734863,466
2021-07-21,13.3100004196167,13.3100004196167,13.34000015258789,13.154999732971191,13.15999984741211,188
2021-07-22,13.539999961853027,13.539999961853027,13.579999923706055,13.289999961853027,13.289999961853027,665
2021-07-23,13.614999771118164,13.614999771118164,13.625,13.484999656677246,13.53499984741211,399
2021-07-26,13.545000076293945,13.545000076293945,13.600000381469727,13.454999923706055,13.494999885559082,571
2021-07-27,13.479999542236328,13.479999542236328,13.600000381469727,13.454999923706055,13.555000305175781,283
2021-07-28,13.65999984741211,13.65999984741211,13.6850004196167,13.479999542236328,13.479999542236328,406
2021-07-29,13.680000305175781,13.680000305175781,13.850000381469727,13.65999984741211,13.680000305175781,872
2021-07-30,13.680000305175781,13.680000305175781,13.6850004196167,13.484999656677246,13.649999618530273,494
2021-08-02,13.494999885559082,13.494999885559082,13.6850004196167,13.470000267028809,13.65999984741211,377
2021-08-03,13.399999618530273,13.399999618530273,13.5,13.300000190734863,13.5,346
2021-08-04,13.194999694824219,13.194999694824219,13.399999618530273,13.149999618530273,13.354999542236328,578
2021-08-05,13.28499984741211,13.28499984741211,13.369999885559082,13.15999984741211,13.170000076293945,603
2021-08-06,13.319999694824219,13.319999694824219,13.375,13.210000038146973,13.329999923706055,415
2021-08-09,13.390000343322754,13.390000343322754,13.40999984741211,13.3149995803833,13.359999656677246,334
2021-08-10,13.484999656677246,13.484999656677246,13.510000228881836,13.359999656677246,13.399999618530273,513
2021-08-11,13.430000305175781,13.430000305175781,13.550000190734863,13.404999732971191,13.404999732971191,450
2021-08-12,13.524999618530273,13.524999618530273,13.579999923706055,13.345000267028809,13.404999732971191,365
2021-08-13,13.529999732971191,13.529999732971191,13.630000114440918,13.515000343322754,13.53499984741211,525
2021-08-16,13.550000190734863,13.550000190734863,13.609999656677246,13.470000267028809,13.550000190734863,781
2021-08-17,13.444999694824219,13.444999694824219,13.550000190734863,13.444999694824219,13.545000076293945,852
2021-08-18,13.28499984741211,13.28499984741211,13.579999923706055,13.279999732971191,13.5,1200
2021-08-19,13.194999694824219,13.194999694824219,13.28499984741211,13.180000305175781,13.260000228881836,629
2021-08-20,13.270000457763672,13.270000457763672,13.295000076293945,13.194999694824219,13.199999809265137,542
2021-08-23,13.390000343322754,13.390000343322754,13.420000076293945,13.199999809265137,13.260000228881836,471
2021-08-24,13.375,13.375,13.444999694824219,13.335000038146973,13.40999984741211,536
2021-08-25,13.354999542236328,13.354999542236328,13.404999732971191,13.194999694824219,13.350000381469727,290
2021-08-26,13.3100004196167,13.3100004196167,13.350000381469727,13.225000381469727,13.3100004196167,252
2021-08-27,13.229999542236328,13.229999542236328,13.390000343322754,13.194999694824219,13.295000076293945,312
2021-08-30,13.15999984741211,13.15999984741211,13.300000190734863,13.050000190734863,13.204999923706055,795
2021-08-31,13.130000114440918,13.130000114440918,13.15999984741211,13.010000228881836,13.15999984741211,50
2021-09-01,12.975000381469727,12.975000381469727,13.045000076293945,12.944999694824219,13.045000076293945,31
2021-09-02,13.055000305175781,13.055000305175781,13.055000305175781,13.029999732971191,13.050000190734863,24
2021-09-03,13.069999694824219,13.069999694824219,13.069999694824219,13.045000076293945,13.0649995803833,119
2021-09-07,13.100000381469727,13.100000381469727,13.119999885559082,13.100000381469727,13.119999885559082,10
2021-09-08,13.100000381469727,13.100000381469727,13.100000381469727,13.029999732971191,13.069999694824219,44
2021-09-09,13.085000038146973,13.085000038146973,13.140000343322754,13.085000038146973,13.09000015258789,91
2021-09-10,13.260000228881836,13.260000228881836,13.260000228881836,13.25,13.25,20
2021-09-13,13.324999809265137,13.324999809265137,13.324999809265137,13.324999809265137,13.324999809265137,25
2021-09-14,13.4350004196167,13.4350004196167,13.4350004196167,13.4350004196167,13.4350004196167,488
2021-09-15,13.789999961853027,13.789999961853027,13.800000190734863,13.555000305175781,13.614999771118164,734
2021-09-16,13.6850004196167,13.6850004196167,13.800000190734863,13.630000114440918,13.78499984741211,623
2021-09-17,13.779999732971191,13.779999732971191,13.78499984741211,13.694999694824219,13.694999694824219,385
2021-09-20,13.725000381469727,13.725000381469727,13.800000190734863,13.515000343322754,13.779999732971191,461
2021-09-21,13.850000381469727,13.850000381469727,13.880000114440918,13.640000343322754,13.640000343322754,463
2021-09-22,13.885000228881836,13.885000228881836,13.899999618530273,13.649999618530273,13.845000267028809,515
2021-09-23,13.829999923706055,13.829999923706055,13.920000076293945,13.734999656677246,13.895000457763672,460
2021-09-24,13.899999618530273,13.899999618530273,13.949999809265137,13.6899995803833,13.795000076293945,455
2021-09-27,13.994999885559082,13.994999885559082,14.0,13.850000381469727,13.859999656677246,634
2021-09-28,13.930000305175781,13.930000305175781,14.0,13.760000228881836,13.9399995803833,538
2021-09-29,13.805000305175781,13.805000305175781,13.914999961853027,13.779999732971191,13.835000038146973,432
2021-09-30,13.71500015258789,13.71500015258789,13.800000190734863,13.609999656677246,13.770000457763672,502
2021-10-01,13.614999771118164,13.614999771118164,13.770000457763672,13.555000305175781,13.6899995803833,552
2021-10-04,13.539999961853027,13.539999961853027,13.670000076293945,13.529999732971191,13.614999771118164,699
2021-10-05,13.524999618530273,13.524999618530273,13.550000190734863,13.520000457763672,13.53499984741211,440
2021-10-06,13.609999656677246,13.609999656677246,13.649999618530273,13.520000457763672,13.579999923706055,409
2021-10-07,13.84000015258789,13.84000015258789,13.859999656677246,13.619999885559082,13.649999618530273,587
2021-10-08,13.734999656677246,13.734999656677246,13.84000015258789,13.720000267028809,13.835000038146973,642
2021-10-11,13.779999732971191,13.779999732971191,13.835000038146973,13.720000267028809,13.770000457763672,538
2021-10-12,13.704999923706055,13.704999923706055,13.774999618530273,13.675000190734863,13.734999656677246,533
2021-10-13,13.805000305175781,13.805000305175781,13.819999694824219,13.675000190734863,13.71500015258789,868
2021-10-14,13.869999885559082,13.869999885559082,13.944999694824219,13.78499984741211,13.78499984741211,856
2021-10-15,13.854999542236328,13.854999542236328,13.949999809265137,13.800000190734863,13.9350004196167,674
2021-10-18,13.850000381469727,13.850000381469727,13.885000228881836,13.704999923706055,13.850000381469727,605
2021-10-19,13.720000267028809,13.720000267028809,13.875,13.710000038146973,13.850000381469727,606
2021-10-20,13.609999656677246,13.609999656677246,13.720000267028809,13.604999542236328,13.710000038146973,916
2021-10-21,13.569999694824219,13.569999694824219,13.625,13.395000457763672,13.604999542236328,769
2021-10-22,13.505000114440918,13.505000114440918,13.600000381469727,13.470000267028809,13.5600004196167,581
2021-10-25,13.399999618530273,13.399999618530273,13.600000381469727,13.399999618530273,13.600000381469727,676
2021-10-26,13.279999732971191,13.279999732971191,13.414999961853027,13.274999618530273,13.399999618530273,606
2021-10-27,13.295000076293945,13.295000076293945,13.380000114440918,13.289999961853027,13.300000190734863,785
2021-10-28,13.279999732971191,13.279999732971191,13.345000267028809,13.279999732971191,13.300000190734863,481
2021-10-29,13.279999732971191,13.279999732971191,13.305000305175781,13.25,13.270000457763672,179
2021-11-01,13.204999923706055,13.204999923706055,13.454999923706055,13.1899995803833,13.454999923706055,68
2021-11-02,13.015000343322754,13.015000343322754,13.180000305175781,12.975000381469727,13.180000305175781,57
2021-11-03,13.015000343322754,13.015000343322754,13.015000343322754,13.015000343322754,13.015000343322754,0
2021-11-04,13.1850004196167,13.1850004196167,13.1850004196167,13.085000038146973,13.085000038146973,1
2021-11-05,13.289999961853027,13.289999961853027,13.289999961853027,13.289999961853027,13.289999961853027,4
2021-11-08,13.335000038146973,13.335000038146973,13.335000038146973,13.335000038146973,13.335000038146973,1
2021-11-09,13.545000076293945,13.545000076293945,13.545000076293945,13.399999618530273,13.425000190734863,41
2021-11-10,13.645000457763672,13.645000457763672,13.649999618530273,13.645000457763672,13.649999618530273,9
2021-11-11,13.835000038146973,13.835000038146973,13.835000038146973,13.75,13.75,17
2021-11-12,13.904999732971191,13.904999732971191,13.904999732971191,13.904999732971191,13.904999732971191,626
2021-11-15,14.149999618530273,14.149999618530273,14.154999732971191,14.0,14.085000038146973,830
2021-11-16,14.1850004196167,14.1850004196167,14.210000038146973,14.104999542236328,14.130000114440918,765
2021-11-17,14.369999885559082,14.369999885559082,14.420000076293945,14.164999961853027,14.164999961853027,1449
2021-11-18,14.59000015258789,14.59000015258789,14.630000114440918,14.364999771118164,14.364999771118164,1426
2021-11-19,14.5649995803833,14.5649995803833,14.600000381469727,14.510000228881836,14.59000015258789,726
2021-11-22,14.545000076293945,14.545000076293945,14.699999809265137,14.4350004196167,14.5649995803833,524
2021-11-23,14.414999961853027,14.414999961853027,14.529999732971191,14.34000015258789,14.4399995803833,399
2021-11-24,14.460000038146973,14.460000038146973,14.475000381469727,14.324999809265137,14.375,382
2021-11-26,14.289999961853027,14.289999961853027,14.444999694824219,14.09000015258789,14.444999694824219,830
2021-11-29,14.295000076293945,14.295000076293945,14.420000076293945,14.229999542236328,14.399999618530273,569
2021-11-30,14.03499984741211,14.03499984741211,14.335000038146973,14.0,14.329999923706055,847
2021-12-01,13.949999809265137,13.949999809265137,14.0600004196167,13.9350004196167,14.010000228881836,818
2021-12-02,14.020000457763672,14.020000457763672,14.095000267028809,13.864999771118164,13.949999809265137,701
2021-12-03,14.0649995803833,14.0649995803833,14.104999542236328,14.010000228881836,14.024999618530273,334
2021-12-06,14.024999618530273,14.024999618530273,14.104999542236328,14.0,14.079999923706055,476
2021-12-07,13.914999961853027,13.914999961853027,14.069999694824219,13.890000343322754,14.024999618530273,556
2021-12-08,13.819999694824219,13.819999694824219,13.914999961853027,13.805000305175781,13.90999984741211,756
2021-12-09,13.800000190734863,13.800000190734863,13.875,13.760000228881836,13.805000305175781,730
2021-12-10,13.824999809265137,13.824999809265137,14.0,13.800000190734863,13.800000190734863,757
2021-12-13,13.774999618530273,13.774999618530273,13.904999732971191,13.699999809265137,13.890000343322754,805
2021-12-14,13.720000267028809,13.720000267028809,13.854999542236328,13.710000038146973,13.789999961853027,775
2021-12-15,13.609999656677246,13.609999656677246,13.78499984741211,13.600000381469727,13.710000038146973,1116
2021-12-16,13.744999885559082,13.744999885559082,13.800000190734863,13.609999656677246,13.609999656677246,1324
2021-12-17,13.729999542236328,13.729999542236328,13.795000076293945,13.699999809265137,13.795000076293945,597
2021-12-20,13.65999984741211,13.65999984741211,13.770000457763672,13.649999618530273,13.704999923706055,499
2021-12-21,13.654999732971191,13.654999732971191,13.704999923706055,13.585000038146973,13.654999732971191,581
2021-12-22,13.914999961853027,13.914999961853027,13.925000190734863,13.670000076293945,13.670000076293945,749
2021-12-23,14.050000190734863,14.050000190734863,14.130000114440918,13.944999694824219,13.949999809265137,505
2021-12-27,14.34000015258789,14.34000015258789,14.34000015258789,13.989999771118164,14.010000228881836,472
2021-12-28,14.46500015258789,14.46500015258789,14.524999618530273,14.239999771118164,14.270000457763672,421
2021-12-29,14.550000190734863,14.550000190734863,14.619999885559082,14.449999809265137,14.449999809265137,250
2021-12-30,14.574999809265137,14.574999809265137,14.625,14.470000267028809,14.579999923706055,343
2021-12-31,14.630000114440918,14.630000114440918,14.640000343322754,14.630000114440918,14.640000343322754,9
2022-01-03,14.4350004196167,14.4350004196167,14.4350004196167,14.4350004196167,14.4350004196167,0
2022-01-04,14.460000038146973,14.460000038146973,14.460000038146973,14.460000038146973,14.460000038146973,1
2022-01-05,14.444999694824219,14.444999694824219,14.444999694824219,14.444999694824219,14.444999694824219,0
2022-01-06,14.484999656677246,14.484999656677246,14.53499984741211,14.484999656677246,14.53499984741211,1
2022-01-07,14.550000190734863,14.550000190734863,14.550000190734863,14.550000190734863,14.550000190734863,1
2022-01-10,14.369999885559082,14.369999885559082,14.369999885559082,14.369999885559082,14.369999885559082,1
2022-01-11,14.050000190734863,14.050000190734863,14.050000190734863,14.050000190734863,14.050000190734863,1
2022-01-12,14.0649995803833,14.0649995803833,14.0649995803833,14.0649995803833,14.0649995803833,1
2022-01-13,14.0649995803833,14.0649995803833,14.0649995803833,14.0649995803833,14.0649995803833,1
2022-01-14,14.1899995803833,14.1899995803833,14.1899995803833,14.1899995803833,14.1899995803833,634
2022-01-18,14.520000457763672,14.520000457763672,14.694999694824219,14.350000381469727,14.670000076293945,398
2022-01-19,14.654999732971191,14.654999732971191,14.664999961853027,14.4399995803833,14.510000228881836,225
2022-01-20,14.770000457763672,14.770000457763672,14.819999694824219,14.595000267028809,14.654999732971191,374
2022-01-21,14.850000381469727,14.850000381469727,15.095000267028809,14.625,14.75,1231
2022-01-24,14.979999542236328,14.979999542236328,15.020000457763672,14.829999923706055,14.845000267028809,509
2022-01-25,14.970000267028809,14.970000267028809,15.175000190734863,14.710000038146973,14.914999961853027,798
2022-01-26,15.069999694824219,15.069999694824219,15.100000381469727,14.904999732971191,14.904999732971191,302
2022-01-27,14.960000038146973,14.960000038146973,15.229999542236328,14.920000076293945,15.024999618530273,674
2022-01-28,14.975000381469727,14.975000381469727,14.979999542236328,14.609999656677246,14.960000038146973,853
2022-01-31,15.0600004196167,15.0600004196167,15.100000381469727,14.8149995803833,14.904999732971191,367
2022-02-01,15.164999961853027,15.164999961853027,15.1850004196167,14.960000038146973,15.0600004196167,503
2022-02-02,15.4350004196167,15.4350004196167,15.579999923706055,15.135000228881836,15.154999732971191,934
2022-02-03,15.375,15.375,15.515000343322754,15.255000114440918,15.425000190734863,394
2022-02-04,15.274999618530273,15.274999618530273,15.494999885559082,15.170000076293945,15.399999618530273,555
2022-02-07,15.449999809265137,15.449999809265137,15.524999618530273,15.244999885559082,15.274999618530273,605
2022-02-08,15.260000228881836,15.260000228881836,15.5,15.255000114440918,15.444999694824219,502
2022-02-09,15.085000038146973,15.085000038146973,15.274999618530273,15.029999732971191,15.255000114440918,737
2022-02-10,14.795000076293945,14.795000076293945,15.104999542236328,14.779999732971191,15.104999542236328,973
2022-02-11,15.210000038146973,15.210000038146973,15.234999656677246,14.649999618530273,14.774999618530273,1125
2022-02-14,15.050000190734863,15.050000190734863,15.229999542236328,14.850000381469727,15.194999694824219,778
2022-02-15,14.8100004196167,14.8100004196167,14.994999885559082,14.800000190734863,14.989999771118164,1066
2022-02-16,14.880000114440918,14.880000114440918,14.9399995803833,14.739999771118164,14.800000190734863,1338
2022-02-17,14.90999984741211,14.90999984741211,15.0,14.800000190734863,14.880000114440918,758
2022-02-18,14.899999618530273,14.899999618530273,14.914999961853027,14.789999961853027,14.890000343322754,685
2022-02-22,15.119999885559082,15.119999885559082,15.149999618530273,14.880000114440918,14.885000228881836,1086
2022-02-23,15.0600004196167,15.0600004196167,15.300000190734863,15.005000114440918,15.119999885559082,385
2022-02-24,15.119999885559082,15.119999885559082,15.494999885559082,14.920000076293945,15.109999656677246,678
2022-02-25,15.109999656677246,15.109999656677246,15.125,15.024999618530273,15.104999542236328,409
2022-02-28,15.364999771118164,15.364999771118164,15.399999618530273,15.140000343322754,15.140000343322754,195
2022-03-01,15.859999656677246,15.859999656677246,15.90999984741211,15.399999618530273,15.399999618530273,203
2022-03-02,15.890000343322754,15.890000343322754,16.1299991607666,15.890000343322754,15.90999984741211,112
2022-03-03,16.030000686645508,16.030000686645508,16.030000686645508,16.030000686645508,16.030000686645508,73
2022-03-04,16.1200008392334,16.1200008392334,16.4950008392334,16.1200008392334,16.4950008392334,33
2022-03-07,15.920000076293945,15.920000076293945,16.0,15.890000343322754,15.890000343322754,74
2022-03-08,15.670000076293945,15.670000076293945,15.71500015258789,15.5,15.675000190734863,67
2022-03-09,15.524999618530273,15.524999618530273,15.524999618530273,15.524999618530273,15.524999618530273,10
2022-03-10,15.569999694824219,15.569999694824219,15.569999694824219,15.5649995803833,15.5649995803833,16
2022-03-11,15.510000228881836,15.510000228881836,15.649999618530273,15.460000038146973,15.649999618530273,49
2022-03-14,15.579999923706055,15.579999923706055,15.600000381469727,15.460000038146973,15.574999809265137,346
2022-03-15,16.18000030517578,16.18000030517578,16.264999389648438,15.890000343322754,16.184999465942383,310
2022-03-16,15.864999771118164,15.864999771118164,16.28499984741211,15.84000015258789,16.25,451
2022-03-17,15.710000038146973,15.710000038146973,15.835000038146973,15.65999984741211,15.8149995803833,408
2022-03-18,15.625,15.625,15.710000038146973,15.510000228881836,15.699999809265137,432
2022-03-21,15.930000305175781,15.930000305175781,16.065000534057617,15.5,15.59000015258789,449
2022-03-22,16.024999618530273,16.024999618530273,16.040000915527344,15.829999923706055,15.925000190734863,207
2022-03-23,15.989999771118164,15.989999771118164,16.079999923706055,15.899999618530273,16.014999389648438,238
2022-03-24,16.010000228881836,16.010000228881836,16.049999237060547,15.859999656677246,15.914999961853027,172
2022-03-25,16.2549991607666,16.2549991607666,16.44499969482422,15.805000305175781,15.984999656677246,494
2022-03-28,15.960000038146973,15.960000038146973,16.239999771118164,15.854999542236328,16.19499969482422,336
2022-03-29,15.729999542236328,15.729999542236328,15.930000305175781,15.609999656677246,15.930000305175781,685
2022-03-30,15.914999961853027,15.914999961853027,16.030000686645508,15.75,15.84000015258789,327
2022-03-31,16.010000228881836,16.010000228881836,16.174999237060547,15.854999542236328,15.90999984741211,427
2022-04-01,16.0049991607666,16.0049991607666,16.114999771118164,15.850000381469727,15.954999923706055,368
2022-04-04,15.96500015258789,15.96500015258789,16.06999969482422,15.885000228881836,16.049999237060547,127
2022-04-05,16.03499984741211,16.03499984741211,16.06999969482422,15.904999732971191,15.9350004196167,193
2022-04-06,15.904999732971191,15.904999732971191,16.079999923706055,15.854999542236328,16.065000534057617,252
2022-04-07,15.8149995803833,15.8149995803833,15.930000305175781,15.729999542236328,15.854999542236328,361
2022-04-08,15.779999732971191,15.779999732971191,15.890000343322754,15.704999923706055,15.78499984741211,790
2022-04-11,15.625,15.625,15.779999732971191,15.625,15.779999732971191,511
2022-04-12,15.710000038146973,15.710000038146973,15.75,15.625,15.630000114440918,656
2022-04-13,15.760000228881836,15.760000228881836,15.78499984741211,15.635000228881836,15.75,820
2022-04-14,16.19499969482422,16.19499969482422,16.209999084472656,15.734999656677246,15.75,1495
2022-04-18,16.549999237060547,16.549999237060547,16.700000762939453,16.139999389648438,16.15999984741211,857
2022-04-19,16.065000534057617,16.065000534057617,17.0,15.6899995803833,16.56999969482422,1492
2022-04-20,16.05500030517578,16.05500030517578,16.2450008392334,16.0049991607666,16.149999618530273,804
2022-04-21,16.229999542236328,16.229999542236328,16.280000686645508,16.079999923706055,16.204999923706055,776
2022-04-22,16.204999923706055,16.204999923706055,16.270000457763672,16.104999542236328,16.200000762939453,666
2022-04-25,16.299999237060547,16.299999237060547,16.55500030517578,16.020000457763672,16.1299991607666,539
2022-04-26,16.75,16.75,16.829999923706055,16.3799991607666,16.3799991607666,328
2022-04-27,16.65999984741211,16.65999984741211,16.850000381469727,16.520000457763672,16.614999771118164,470
2022-04-28,16.774999618530273,16.774999618530273,16.924999237060547,16.545000076293945,16.545000076293945,317
2022-04-29,17.09000015258789,17.09000015258789,17.100000381469727,16.579999923706055,16.760000228881836,110
2022-05-02,16.774999618530273,16.774999618530273,17.084999084472656,16.774999618530273,17.084999084472656,28
2022-05-03,16.645000457763672,16.645000457763672,16.645000457763672,16.6299991607666,16.6299991607666,2
2022-05-04,16.71500015258789,16.71500015258789,16.760000228881836,16.68000030517578,16.68000030517578,9
2022-05-05,16.700000762939453,16.700000762939453,16.729999542236328,16.635000228881836,16.729999542236328,5
2022-05-06,16.6200008392334,16.6200008392334,16.71500015258789,16.6200008392334,16.71500015258789,1
2022-05-09,16.4950008392334,16.4950008392334,16.690000534057617,16.4950008392334,16.690000534057617,16
2022-05-10,16.584999084472656,16.584999084472656,16.584999084472656,16.3700008392334,16.434999465942383,15
2022-05-11,16.684999465942383,16.684999465942383,16.684999465942383,16.600000381469727,16.625,31
2022-05-12,16.934999465942383,16.934999465942383,16.934999465942383,16.934999465942383,16.934999465942383,48
2022-05-13,17.149999618530273,17.149999618530273,17.149999618530273,17.149999618530273,17.149999618530273,419
2022-05-16,17.825000762939453,17.825000762939453,18.155000686645508,17.3700008392334,17.389999389648438,1283
2022-05-17,17.165000915527344,17.165000915527344,18.040000915527344,16.8799991607666,17.799999237060547,913
2022-05-18,16.809999465942383,16.809999465942383,17.1200008392334,16.71500015258789,17.1200008392334,990
2022-05-19,16.985000610351562,16.985000610351562,17.059999465942383,16.719999313354492,16.7549991607666,358
2022-05-20,17.165000915527344,17.165000915527344,17.2549991607666,16.8799991607666,16.90999984741211,305
2022-05-23,17.270000457763672,17.270000457763672,17.46500015258789,17.1299991607666,17.1299991607666,615
2022-05-24,17.165000915527344,17.165000915527344,17.350000381469727,16.920000076293945,17.270000457763672,400
2022-05-25,17.075000762939453,17.075000762939453,17.184999465942383,16.84000015258789,17.149999618530273,350
2022-05-26,17.274999618530273,17.274999618530273,17.385000228881836,17.03499984741211,17.040000915527344,402
2022-05-27,17.469999313354492,17.469999313354492,17.549999237060547,17.139999389648438,17.315000534057617,466
2022-05-31,17.545000076293945,17.545000076293945,17.645000457763672,17.405000686645508,17.5,712
2022-06-01,17.135000228881836,17.135000228881836,17.604999542236328,17.110000610351562,17.4950008392334,720
2022-06-02,16.975000381469727,16.975000381469727,17.31999969482422,16.950000762939453,17.059999465942383,505
2022-06-03,16.795000076293945,16.795000076293945,17.045000076293945,16.780000686645508,16.969999313354492,460
2022-06-06,17.229999542236328,17.229999542236328,17.25,16.764999389648438,16.8700008392334,630
2022-06-07,16.940000534057617,16.940000534057617,17.235000610351562,16.885000228881836,17.200000762939453,520
2022-06-08,16.920000076293945,16.920000076293945,17.040000915527344,16.774999618530273,16.860000610351562,444
2022-06-09,16.635000228881836,16.635000228881836,16.94499969482422,16.559999465942383,16.94499969482422,759
2022-06-10,16.25,16.25,16.575000762939453,16.219999313354492,16.565000534057617,1766
2022-06-13,16.3799991607666,16.3799991607666,16.55500030517578,16.110000610351562,16.264999389648438,672
2022-06-14,16.55500030517578,16.55500030517578,16.610000610351562,16.295000076293945,16.299999237060547,655
2022-06-15,16.454999923706055,16.454999923706055,16.55500030517578,16.405000686645508,16.530000686645508,506
2022-06-16,16.354999542236328,16.354999542236328,16.575000762939453,16.31999969482422,16.40999984741211,733
2022-06-17,16.219999313354492,16.219999313354492,16.3700008392334,16.079999923706055,16.350000381469727,846
2022-06-21,16.125,16.125,16.290000915527344,16.110000610351562,16.219999313354492,681
2022-06-22,16.315000534057617,16.315000534057617,16.334999084472656,16.010000228881836,16.06999969482422,690
2022-06-23,16.114999771118164,16.114999771118164,16.280000686645508,15.989999771118164,16.280000686645508,366
2022-06-24,16.05500030517578,16.05500030517578,16.1299991607666,16.010000228881836,16.075000762939453,229
2022-06-27,16.079999923706055,16.079999923706055,16.25,16.049999237060547,16.149999618530273,482
2022-06-28,16.209999084472656,16.209999084472656,16.299999237060547,16.010000228881836,16.1200008392334,292
2022-06-29,16.450000762939453,16.450000762939453,16.559999465942383,16.2450008392334,16.25,270
2022-06-30,16.424999237060547,16.424999237060547,16.450000762939453,16.329999923706055,16.375,18
2022-07-01,16.1200008392334,16.1200008392334,16.44499969482422,16.1200008392334,16.440000534057617,40
2022-07-05,15.829999923706055,15.829999923706055,16.065000534057617,15.829999923706055,16.065000534057617,18
2022-07-06,15.925000190734863,15.925000190734863,15.925000190734863,15.800000190734863,15.800000190734863,5
2022-07-07,16.135000228881836,16.135000228881836,16.135000228881836,15.9399995803833,15.9399995803833,4
2022-07-08,16.200000762939453,16.200000762939453,16.200000762939453,16.200000762939453,16.200000762939453,0
2022-07-11,16.30500030517578,16.30500030517578,16.30500030517578,16.295000076293945,16.295000076293945,6
2022-07-12,16.204999923706055,16.204999923706055,16.225000381469727,16.170000076293945,16.225000381469727,4
2022-07-13,16.21500015258789,16.21500015258789,16.219999313354492,16.21500015258789,16.219999313354492,5
2022-07-14,16.139999389648438,16.139999389648438,16.139999389648438,16.139999389648438,16.139999389648438,211
2022-07-15,16.524999618530273,16.524999618530273,16.600000381469727,16.360000610351562,16.395000457763672,375
2022-07-18,17.06999969482422,17.06999969482422,17.30500030517578,16.559999465942383,16.625,1110
2022-07-19,17.15999984741211,17.15999984741211,17.290000915527344,16.954999923706055,16.969999313354492,1030
2022-07-20,16.94499969482422,16.94499969482422,17.225000381469727,16.760000228881836,17.1200008392334,593
2022-07-21,16.985000610351562,16.985000610351562,17.030000686645508,16.809999465942383,16.84000015258789,355
2022-07-22,16.864999771118164,16.864999771118164,17.010000228881836,16.795000076293945,16.950000762939453,341
2022-07-25,16.93000030517578,16.93000030517578,16.969999313354492,16.760000228881836,16.760000228881836,337
2022-07-26,17.094999313354492,17.094999313354492,17.190000534057617,16.885000228881836,16.905000686645508,408
2022-07-27,17.084999084472656,17.084999084472656,17.15999984741211,17.030000686645508,17.030000686645508,232
2022-07-28,17.020000457763672,17.020000457763672,17.06999969482422,16.940000534057617,17.0049991607666,411
2022-07-29,16.885000228881836,16.885000228881836,17.1200008392334,16.885000228881836,17.010000228881836,706
2022-08-01,16.65999984741211,16.65999984741211,16.915000915527344,16.6299991607666,16.875,759
2022-08-02,16.774999618530273,16.774999618530273,16.860000610351562,16.649999618530273,16.665000915527344,473
2022-08-03,17.059999465942383,17.059999465942383,17.079999923706055,16.68000030517578,16.809999465942383,473
2022-08-04,17.325000762939453,17.325000762939453,17.350000381469727,17.0049991607666,17.045000076293945,703
2022-08-05,17.34000015258789,17.34000015258789,17.454999923706055,17.209999084472656,17.2549991607666,611
2022-08-08,17.19499969482422,17.19499969482422,17.290000915527344,17.020000457763672,17.209999084472656,622
2022-08-09,17.0,17.0,17.239999771118164,16.975000381469727,17.1299991607666,215
2022-08-10,16.94499969482422,16.94499969482422,17.05500030517578,16.850000381469727,16.975000381469727,354
2022-08-11,17.079999923706055,17.079999923706055,17.19499969482422,16.985000610351562,16.985000610351562,338
2022-08-12,17.155000686645508,17.155000686645508,17.190000534057617,16.959999084472656,17.059999465942383,282
2022-08-15,17.075000762939453,17.075000762939453,17.18000030517578,16.950000762939453,17.174999237060547,302
2022-08-16,16.899999618530273,16.899999618530273,17.110000610351562,16.885000228881836,17.030000686645508,279
2022-08-17,16.665000915527344,16.665000915527344,16.885000228881836,16.65999984741211,16.885000228881836,843
2022-08-18,16.55500030517578,16.55500030517578,16.690000534057617,16.4950008392334,16.65999984741211,1888
2022-08-19,17.084999084472656,17.084999084472656,17.139999389648438,16.584999084472656,16.584999084472656,889
2022-08-22,17.125,17.125,17.225000381469727,16.989999771118164,16.989999771118164,733
2022-08-23,17.290000915527344,17.290000915527344,17.329999923706055,17.139999389648438,17.139999389648438,1213
2022-08-24,17.2450008392334,17.2450008392334,17.475000381469727,17.190000534057617,17.190000534057617,990
2022-08-25,17.15999984741211,17.15999984741211,17.315000534057617,17.065000534057617,17.2450008392334,583
2022-08-26,17.315000534057617,17.315000534057617,17.325000762939453,17.125,17.125,387
2022-08-29,17.280000686645508,17.280000686645508,17.30500030517578,16.850000381469727,17.239999771118164,616
2022-08-30,17.43000030517578,17.43000030517578,17.485000610351562,17.200000762939453,17.200000762939453,448
2022-08-31,17.5049991607666,17.5049991607666,17.59000015258789,17.440000534057617,17.5,48
2022-09-01,17.385000228881836,17.385000228881836,17.385000228881836,17.385000228881836,17.385000228881836,46
2022-09-02,17.3799991607666,17.3799991607666,17.3799991607666,17.3799991607666,17.3799991607666,24
2022-09-06,16.850000381469727,16.850000381469727,16.850000381469727,16.850000381469727,16.850000381469727,4
2022-09-07,16.780000686645508,16.780000686645508,16.780000686645508,16.780000686645508,16.780000686645508,0
2022-09-08,16.969999313354492,16.969999313354492,16.969999313354492,16.969999313354492,16.969999313354492,0
2022-09-09,17.31999969482422,17.31999969482422,17.31999969482422,17.31999969482422,17.31999969482422,0
2022-09-12,17.43000030517578,17.43000030517578,17.43000030517578,17.43000030517578,17.43000030517578,7
2022-09-13,17.520000457763672,17.520000457763672,17.520000457763672,17.4950008392334,17.4950008392334,6
2022-09-14,17.549999237060547,17.549999237060547,17.549999237060547,17.549999237060547,17.549999237060547,457
2022-09-15,17.81999969482422,17.81999969482422,17.94499969482422,17.6299991607666,17.71500015258789,385
2022-09-16,17.825000762939453,17.825000762939453,17.875,17.649999618530273,17.790000915527344,330
2022-09-19,17.635000228881836,17.635000228881836,17.815000534057617,17.575000762939453,17.790000915527344,251
2022-09-20,17.725000381469727,17.725000381469727,17.795000076293945,17.614999771118164,17.614999771118164,193
2022-09-21,17.625,17.625,17.780000686645508,17.540000915527344,17.719999313354492,258
2022-09-22,17.385000228881836,17.385000228881836,17.6200008392334,17.325000762939453,17.604999542236328,389
2022-09-23,17.3799991607666,17.3799991607666,17.420000076293945,17.360000610351562,17.395000457763672,411
2022-09-26,17.350000381469727,17.350000381469727,17.389999389648438,17.190000534057617,17.375,548
2022-09-27,17.315000534057617,17.315000534057617,17.549999237060547,17.264999389648438,17.350000381469727,306
2022-09-28,17.360000610351562,17.360000610351562,17.3799991607666,17.270000457763672,17.30500030517578,255
2022-09-29,17.350000381469727,17.350000381469727,17.469999313354492,17.315000534057617,17.395000457763672,372
2022-09-30,17.170000076293945,17.170000076293945,17.420000076293945,17.15999984741211,17.325000762939453,553
2022-10-03,16.934999465942383,16.934999465942383,17.25,16.920000076293945,17.155000686645508,1102
2022-10-04,16.96500015258789,16.96500015258789,17.024999618530273,16.90999984741211,16.93000030517578,720
2022-10-05,16.969999313354492,16.969999313354492,17.045000076293945,16.905000686645508,16.959999084472656,608
2022-10-06,16.889999389648438,16.889999389648438,16.9950008392334,16.8700008392334,16.985000610351562,668
2022-10-07,16.825000762939453,16.825000762939453,16.915000915527344,16.809999465942383,16.915000915527344,654
2022-10-10,16.71500015258789,16.71500015258789,16.915000915527344,16.704999923706055,16.825000762939453,1147
2022-10-11,16.719999313354492,16.719999313354492,16.760000228881836,16.684999465942383,16.729999542236328,1366
2022-10-12,16.809999465942383,16.809999465942383,16.8799991607666,16.69499969482422,16.729999542236328,861
2022-10-13,16.760000228881836,16.760000228881836,16.829999923706055,16.719999313354492,16.809999465942383,432
2022-10-14,16.735000610351562,16.735000610351562,16.80500030517578,16.719999313354492,16.760000228881836,486
2022-10-17,16.670000076293945,16.670000076293945,16.764999389648438,16.655000686645508,16.729999542236328,489
2022-10-18,16.540000915527344,16.540000915527344,16.670000076293945,16.5,16.655000686645508,1122
2022-10-19,16.485000610351562,16.485000610351562,16.55500030517578,16.475000381469727,16.549999237060547,366
2022-10-20,16.450000762939453,16.450000762939453,16.524999618530273,16.434999465942383,16.5,1136
2022-10-21,16.360000610351562,16.360000610351562,16.5,16.25,16.450000762939453,811
2022-10-24,16.235000610351562,16.235000610351562,16.459999084472656,16.225000381469727,16.385000228881836,1047
2022-10-25,16.184999465942383,16.184999465942383,16.270000457763672,16.184999465942383,16.200000762939453,604
2022-10-26,16.030000686645508,16.030000686645508,16.209999084472656,16.0049991607666,16.204999923706055,653
2022-10-27,16.010000228881836,16.010000228881836,16.114999771118164,15.96500015258789,16.024999618530273,502
2022-10-28,16.125,16.125,16.1299991607666,15.970000267028809,16.010000228881836,545
2022-10-31,16.559999465942383,16.559999465942383,16.559999465942383,16.155000686645508,16.155000686645508,330
2022-11-01,17.225000381469727,17.225000381469727,17.225000381469727,16.524999618530273,16.524999618530273,267
2022-11-02,17.184999465942383,17.184999465942383,17.184999465942383,17.184999465942383,17.184999465942383,277
2022-11-03,17.184999465942383,17.184999465942383,17.184999465942383,17.184999465942383,17.184999465942383,1
2022-11-04,17.309999465942383,17.309999465942383,17.309999465942383,17.309999465942383,17.309999465942383,10
2022-11-07,17.420000076293945,17.420000076293945,17.420000076293945,17.420000076293945,17.420000076293945,19
2022-11-08,17.575000762939453,17.575000762939453,17.575000762939453,17.489999771118164,17.489999771118164,99
2022-11-09,17.649999618530273,17.649999618530273,17.649999618530273,17.649999618530273,17.649999618530273,18
2022-11-10,17.674999237060547,17.674999237060547,17.674999237060547,17.674999237060547,17.674999237060547,26
2022-11-11,17.6200008392334,17.6200008392334,17.6200008392334,17.6200008392334,17.6200008392334,83
2022-11-14,17.6299991607666,17.6299991607666,17.6299991607666,17.6299991607666,17.6299991607666,821
2022-11-15,17.780000686645508,17.780000686645508,17.940000534057617,17.764999389648438,17.93000030517578,446
2022-11-16,17.739999771118164,17.739999771118164,17.809999465942383,17.514999389648438,17.799999237060547,418
2022-11-17,17.729999542236328,17.729999542236328,17.954999923706055,17.6200008392334,17.655000686645508,693
2022-11-18,17.795000076293945,17.795000076293945,17.969999313354492,17.670000076293945,17.729999542236328,396
2022-11-21,17.809999465942383,17.809999465942383,17.875,17.760000228881836,17.764999389648438,253
2022-11-22,17.94499969482422,17.94499969482422,17.94499969482422,17.760000228881836,17.774999618530273,308
2022-11-23,18.010000228881836,18.010000228881836,18.040000915527344,17.850000381469727,17.90999984741211,534
2022-11-25,18.1200008392334,18.1200008392334,18.200000762939453,18.010000228881836,18.014999389648438,787
2022-11-28,17.93000030517578,17.93000030517578,18.125,17.600000381469727,18.030000686645508,903
2022-11-29,17.895000457763672,17.895000457763672,17.975000381469727,17.844999313354492,17.889999389648438,296
2022-11-30,17.809999465942383,17.809999465942383,17.959999084472656,17.78499984741211,17.959999084472656,374
2022-12-01,17.795000076293945,17.795000076293945,17.899999618530273,17.7450008392334,17.780000686645508,359
2022-12-02,17.635000228881836,17.635000228881836,17.80500030517578,17.625,17.790000915527344,310
2022-12-05,17.03499984741211,17.03499984741211,17.735000610351562,17.020000457763672,17.68000030517578,1411
2022-12-06,16.844999313354492,16.844999313354492,17.225000381469727,16.704999923706055,17.020000457763672,1644
2022-12-07,16.709999084472656,16.709999084472656,16.875,16.649999618530273,16.81999969482422,1288
2022-12-08,16.7549991607666,16.7549991607666,16.78499984741211,16.625,16.739999771118164,1189
2022-12-09,16.71500015258789,16.71500015258789,16.850000381469727,16.700000762939453,16.739999771118164,432
2022-12-12,16.704999923706055,16.704999923706055,16.8700008392334,16.655000686645508,16.780000686645508,840
2022-12-13,16.764999389648438,16.764999389648438,16.834999084472656,16.704999923706055,16.704999923706055,554
2022-12-14,16.7549991607666,16.7549991607666,16.799999237060547,16.690000534057617,16.799999237060547,660
2022-12-15,16.635000228881836,16.635000228881836,16.735000610351562,16.6299991607666,16.735000610351562,888
2022-12-16,16.684999465942383,16.684999465942383,16.739999771118164,16.645000457763672,16.65999984741211,696
2022-12-19,17.1200008392334,17.1200008392334,17.239999771118164,16.739999771118164,16.739999771118164,648
2022-12-20,17.780000686645508,17.780000686645508,17.850000381469727,17.03499984741211,17.135000228881836,717
2022-12-21,17.84000015258789,17.84000015258789,17.989999771118164,17.71500015258789,17.7549991607666,584
2022-12-22,17.954999923706055,17.954999923706055,17.969999313354492,17.774999618530273,17.799999237060547,494
2022-12-23,18.014999389648438,18.014999389648438,18.024999618530273,17.889999389648438,17.950000762939453,514
2022-12-27,17.934999465942383,17.934999465942383,18.135000228881836,17.875,18.0,331
2022-12-28,17.729999542236328,17.729999542236328,17.920000076293945,17.56999969482422,17.610000610351562,370
2022-12-29,17.895000457763672,17.895000457763672,17.934999465942383,17.635000228881836,17.639999389648438,135
2022-12-30,18.049999237060547,18.049999237060547,18.049999237060547,17.959999084472656,17.959999084472656,19
2023-01-03,18.075000762939453,18.075000762939453,18.075000762939453,17.915000915527344,17.915000915527344,13
2023-01-04,17.5,17.5,17.549999237060547,17.5,17.549999237060547,17
2023-01-05,17.375,17.375,17.4950008392334,17.0,17.489999771118164,40
2023-01-06,17.4950008392334,17.4950008392334,17.4950008392334,17.25,17.299999237060547,6
2023-01-09,17.639999389648438,17.639999389648438,17.639999389648438,17.450000762939453,17.450000762939453,29
2023-01-10,17.709999084472656,17.709999084472656,17.709999084472656,17.709999084472656,17.709999084472656,3
2023-01-11,17.469999313354492,17.469999313354492,17.469999313354492,17.469999313354492,17.469999313354492,0
2023-01-12,17.780000686645508,17.780000686645508,17.780000686645508,17.780000686645508,17.780000686645508,15
2023-01-13,17.8700008392334,17.8700008392334,17.8700008392334,17.8700008392334,17.8700008392334,590
2023-01-17,17.934999465942383,17.934999465942383,18.059999465942383,17.760000228881836,18.05500030517578,387
2023-01-18,17.969999313354492,17.969999313354492,18.014999389648438,17.770000457763672,17.93000030517578,450
2023-01-19,17.90999984741211,17.90999984741211,18.09000015258789,17.860000610351562,17.915000915527344,253
2023-01-20,18.110000610351562,18.110000610351562,18.135000228881836,17.899999618530273,17.915000915527344,425
2023-01-23,18.225000381469727,18.225000381469727,18.25,18.010000228881836,18.084999084472656,513
2023-01-24,18.225000381469727,18.225000381469727,18.329999923706055,18.110000610351562,18.165000915527344,494
2023-01-25,18.15999984741211,18.15999984741211,18.270000457763672,18.139999389648438,18.149999618530273,197
2023-01-26,18.309999465942383,18.309999465942383,18.360000610351562,18.155000686645508,18.155000686645508,411
2023-01-27,18.309999465942383,18.309999465942383,18.34000015258789,18.2450008392334,18.270000457763672,397
2023-01-30,18.1200008392334,18.1200008392334,18.334999084472656,18.0,18.25,408
2023-01-31,17.825000762939453,17.825000762939453,18.139999389648438,17.815000534057617,18.059999465942383,604
2023-02-01,17.844999313354492,17.844999313354492,17.954999923706055,17.770000457763672,17.825000762939453,482
2023-02-02,17.780000686645508,17.780000686645508,17.934999465942383,17.770000457763672,17.84000015258789,477
2023-02-03,17.739999771118164,17.739999771118164,17.790000915527344,17.709999084472656,17.774999618530273,501
2023-02-06,17.545000076293945,17.545000076293945,17.764999389648438,17.540000915527344,17.719999313354492,754
2023-02-07,17.475000381469727,17.475000381469727,17.6200008392334,17.469999313354492,17.55500030517578,917
2023-02-08,17.899999618530273,17.899999618530273,18.0,17.454999923706055,17.479999542236328,731
2023-02-09,18.114999771118164,18.114999771118164,18.19499969482422,17.854999542236328,17.96500015258789,803
2023-02-10,18.084999084472656,18.084999084472656,18.18000030517578,18.0049991607666,18.049999237060547,671
2023-02-13,17.90999984741211,17.90999984741211,18.155000686645508,17.844999313354492,18.09000015258789,648
2023-02-14,17.709999084472656,17.709999084472656,17.895000457763672,17.6299991607666,17.860000610351562,657
2023-02-15,17.549999237060547,17.549999237060547,17.674999237060547,17.469999313354492,17.65999984741211,923
2023-02-16,17.55500030517578,17.55500030517578,17.639999389648438,17.475000381469727,17.510000228881836,585
2023-02-17,17.514999389648438,17.514999389648438,17.635000228881836,17.469999313354492,17.6200008392334,630
2023-02-21,17.270000457763672,17.270000457763672,17.549999237060547,17.125,17.549999237060547,765
2023-02-22,17.024999618530273,17.024999618530273,17.28499984741211,16.899999618530273,17.28499984741211,508
2023-02-23,16.809999465942383,16.809999465942383,17.049999237060547,16.729999542236328,16.989999771118164,402
2023-02-24,16.799999237060547,16.799999237060547,16.860000610351562,16.709999084472656,16.780000686645508,530
2023-02-27,16.989999771118164,16.989999771118164,16.989999771118164,16.649999618530273,16.649999618530273,1183
2023-02-28,16.969999313354492,16.969999313354492,17.0049991607666,16.920000076293945,16.920000076293945,188
2023-03-01,17.165000915527344,17.165000915527344,17.209999084472656,16.84000015258789,16.84000015258789,78
2023-03-02,17.239999771118164,17.239999771118164,17.239999771118164,17.149999618530273,17.149999618530273,37
2023-03-03,16.9950008392334,16.9950008392334,16.9950008392334,16.9950008392334,16.9950008392334,2
2023-03-06,16.594999313354492,16.594999313354492,16.594999313354492,16.594999313354492,16.594999313354492,2
2023-03-07,16.325000762939453,16.325000762939453,16.325000762939453,16.325000762939453,16.325000762939453,44
2023-03-08,15.979999542236328,15.979999542236328,15.979999542236328,15.979999542236328,15.979999542236328,44
2023-03-09,16.010000228881836,16.010000228881836,16.010000228881836,16.010000228881836,16.010000228881836,10
2023-03-10,16.03499984741211,16.03499984741211,16.03499984741211,16.03499984741211,16.03499984741211,10
2023-03-13,16.350000381469727,16.350000381469727,16.350000381469727,16.350000381469727,16.350000381469727,2
2023-03-14,16.729999542236328,16.729999542236328,16.729999542236328,16.729999542236328,16.729999542236328,703
2023-03-15,17.270000457763672,17.270000457763672,17.489999771118164,17.149999618530273,17.149999618530273,1047
2023-03-16,17.290000915527344,17.290000915527344,17.469999313354492,17.209999084472656,17.270000457763672,482
2023-03-17,17.200000762939453,17.200000762939453,17.350000381469727,17.1299991607666,17.290000915527344,254
2023-03-20,17.30500030517578,17.30500030517578,17.34000015258789,17.0,17.065000534057617,229
2023-03-21,17.264999389648438,17.264999389648438,17.440000534057617,17.225000381469727,17.34000015258789,275
2023-03-22,17.2549991607666,17.2549991607666,17.34000015258789,17.1200008392334,17.290000915527344,334
2023-03-23,17.559999465942383,17.559999465942383,17.56999969482422,17.149999618530273,17.190000534057617,553
2023-03-24,17.8799991607666,17.8799991607666,17.94499969482422,17.5049991607666,17.524999618530273,1446
2023-03-27,17.834999084472656,17.834999084472656,18.0,17.69499969482422,17.875,884
2023-03-28,17.7450008392334,17.7450008392334,17.969999313354492,17.71500015258789,17.78499984741211,447
2023-03-29,17.704999923706055,17.704999923706055,17.885000228881836,17.600000381469727,17.71500015258789,369
2023-03-30,17.600000381469727,17.600000381469727,17.739999771118164,17.56999969482422,17.704999923706055,250
2023-03-31,17.415000915527344,17.415000915527344,17.780000686645508,17.389999389648438,17.71500015258789,486
2023-04-03,17.079999923706055,17.079999923706055,17.600000381469727,17.010000228881836,17.424999237060547,502
2023-04-04,16.790000915527344,16.790000915527344,17.149999618530273,16.690000534057617,17.149999618530273,663
2023-04-05,16.829999923706055,16.829999923706055,16.899999618530273,16.709999084472656,16.764999389648438,441
2023-04-06,16.635000228881836,16.635000228881836,16.889999389648438,16.540000915527344,16.864999771118164,0
2023-04-10,16.40999984741211,16.40999984741211,16.75,16.2549991607666,16.649999618530273,769
2023-04-11,16.954999923706055,16.954999923706055,17.155000686645508,16.309999465942383,16.420000076293945,746
2023-04-12,17.549999237060547,17.549999237060547,17.600000381469727,17.024999618530273,17.040000915527344,1047
2023-04-13,17.545000076293945,17.545000076293945,17.860000610351562,17.389999389648438,17.514999389648438,1072
2023-04-14,17.385000228881836,17.385000228881836,17.7450008392334,17.260000228881836,17.610000610351562,832
2023-04-17,17.329999923706055,17.329999923706055,17.415000915527344,17.0049991607666,17.329999923706055,697
2023-04-18,17.34000015258789,17.34000015258789,17.46500015258789,17.25,17.344999313354492,392
2023-04-19,17.1200008392334,17.1200008392334,17.3700008392334,17.09000015258789,17.3700008392334,639
2023-04-20,16.780000686645508,16.780000686645508,17.219999313354492,16.764999389648438,17.139999389648438,385
2023-04-21,16.915000915527344,16.915000915527344,17.075000762939453,16.860000610351562,16.860000610351562,379
2023-04-24,16.940000534057617,16.940000534057617,17.075000762939453,16.8700008392334,17.045000076293945,440
2023-04-25,16.899999618530273,16.899999618530273,17.125,16.700000762939453,16.940000534057617,235
2023-04-26,16.93000030517578,16.93000030517578,17.040000915527344,16.860000610351562,16.969999313354492,164
2023-04-27,16.860000610351562,16.860000610351562,16.989999771118164,16.764999389648438,16.854999542236328,301
2023-04-28,17.385000228881836,17.385000228881836,17.385000228881836,17.280000686645508,17.30500030517578,58
2023-05-01,17.5,17.5,17.5,17.46500015258789,17.46500015258789,15
2023-05-02,17.645000457763672,17.645000457763672,17.684999465942383,17.645000457763672,17.684999465942383,5
2023-05-03,17.729999542236328,17.729999542236328,17.780000686645508,17.729999542236328,17.764999389648438,11
2023-05-04,17.780000686645508,17.780000686645508,17.790000915527344,17.770000457763672,17.770000457763672,8
2023-05-05,18.06999969482422,18.06999969482422,18.06999969482422,18.0,18.0,18
2023-05-08,18.149999618530273,18.149999618530273,18.149999618530273,18.100000381469727,18.100000381469727,5
2023-05-09,18.0049991607666,18.0049991607666,18.0049991607666,18.0049991607666,18.0049991607666,0
2023-05-10,18.145000457763672,18.145000457763672,18.145000457763672,18.0,18.0,7
2023-05-11,18.094999313354492,18.094999313354492,18.094999313354492,18.094999313354492,18.094999313354492,10
2023-05-12,18.274999618530273,18.274999618530273,18.274999618530273,18.274999618530273,18.274999618530273,319
2023-05-15,17.854999542236328,17.854999542236328,18.59000015258789,17.799999237060547,18.420000076293945,793
2023-05-16,17.40999984741211,17.40999984741211,17.96500015258789,17.360000610351562,17.854999542236328,602
2023-05-17,17.510000228881836,17.510000228881836,17.579999923706055,17.30500030517578,17.43000030517578,494
2023-05-18,17.334999084472656,17.334999084472656,17.610000610351562,17.329999923706055,17.530000686645508,329
2023-05-19,17.065000534057617,17.065000534057617,17.399999618530273,17.059999465942383,17.325000762939453,494
2023-05-22,16.834999084472656,16.834999084472656,17.264999389648438,16.704999923706055,17.094999313354492,805
2023-05-23,16.690000534057617,16.690000534057617,16.8700008392334,16.65999984741211,16.864999771118164,682
2023-05-24,16.614999771118164,16.614999771118164,16.80500030517578,16.600000381469727,16.690000534057617,745
2023-05-25,16.600000381469727,16.600000381469727,16.80500030517578,16.594999313354492,16.6299991607666,622
2023-05-26,17.06999969482422,17.06999969482422,17.209999084472656,16.600000381469727,16.68000030517578,445
2023-05-30,17.030000686645508,17.030000686645508,17.424999237060547,16.934999465942383,17.06999969482422,448
2023-05-31,17.290000915527344,17.290000915527344,17.315000534057617,16.84000015258789,17.045000076293945,587
2023-06-01,17.479999542236328,17.479999542236328,17.645000457763672,17.15999984741211,17.170000076293945,406
2023-06-02,17.690000534057617,17.690000534057617,17.780000686645508,17.329999923706055,17.479999542236328,454
2023-06-05,17.934999465942383,17.934999465942383,18.075000762939453,17.6299991607666,17.690000534057617,643
2023-06-06,18.125,18.125,18.165000915527344,17.924999237060547,17.924999237060547,582
2023-06-07,18.309999465942383,18.309999465942383,18.334999084472656,17.93000030517578,18.165000915527344,541
2023-06-08,18.780000686645508,18.780000686645508,18.795000076293945,18.280000686645508,18.299999237060547,825
2023-06-09,19.024999618530273,19.024999618530273,19.424999237060547,18.56999969482422,18.770000457763672,748
2023-06-12,19.665000915527344,19.665000915527344,19.920000076293945,18.704999923706055,18.704999923706055,777
2023-06-13,18.46500015258789,18.46500015258789,19.670000076293945,18.46500015258789,19.549999237060547,659
2023-06-14,17.625,17.625,18.31999969482422,17.5,18.31999969482422,715
2023-06-15,17.739999771118164,17.739999771118164,18.065000534057617,17.59000015258789,17.600000381469727,557
2023-06-16,17.795000076293945,17.795000076293945,18.094999313354492,17.635000228881836,17.75,446
2023-06-20,17.190000534057617,17.190000534057617,17.989999771118164,17.1299991607666,17.989999771118164,910
2023-06-21,17.450000762939453,17.450000762939453,17.545000076293945,17.200000762939453,17.25,229
2023-06-22,17.610000610351562,17.610000610351562,17.700000762939453,17.424999237060547,17.549999237060547,122
2023-06-23,17.700000762939453,17.700000762939453,17.770000457763672,17.510000228881836,17.600000381469727,325
2023-06-26,17.940000534057617,17.940000534057617,18.139999389648438,17.844999313354492,17.844999313354492,214
2023-06-27,17.674999237060547,17.674999237060547,18.0,17.65999984741211,17.899999618530273,180
2023-06-28,17.485000610351562,17.485000610351562,17.665000915527344,17.219999313354492,17.600000381469727,76
2023-06-29,17.704999923706055,17.704999923706055,18.09000015258789,17.3799991607666,17.385000228881836,65
2023-06-30,18.05500030517578,18.05500030517578,18.5049991607666,17.399999618530273,17.69499969482422,75
2023-07-03,18.045000076293945,18.045000076293945,18.5,18.045000076293945,18.4950008392334,50
2023-07-05,18.270000457763672,18.270000457763672,18.5,18.2450008392334,18.25,26
2023-07-06,18.639999389648438,18.639999389648438,18.700000762939453,18.299999237060547,18.450000762939453,11
2023-07-07,18.684999465942383,18.684999465942383,18.75,18.43000030517578,18.5049991607666,23
2023-07-10,19.100000381469727,19.100000381469727,19.100000381469727,18.799999237060547,19.0,18
2023-07-11,19.15999984741211,19.15999984741211,19.5,18.950000762939453,18.950000762939453,125
2023-07-12,19.19499969482422,19.19499969482422,19.5,18.850000381469727,19.149999618530273,30
2023-07-13,18.899999618530273,18.899999618530273,18.899999618530273,18.899999618530273,18.899999618530273,0
2023-07-14,17.725000381469727,17.725000381469727,17.799999237060547,17.649999618530273,17.799999237060547,454
2023-07-17,15.364999771118164,15.364999771118164,15.5600004196167,15.0,15.444999694824219,533
2023-07-18,15.574999809265137,15.574999809265137,15.619999885559082,15.3100004196167,15.3100004196167,412
2023-07-19,15.645000457763672,15.645000457763672,15.699999809265137,15.5,15.555000305175781,492
2023-07-20,15.885000228881836,15.885000228881836,15.979999542236328,15.524999618530273,15.59000015258789,1231
2023-07-21,15.899999618530273,15.899999618530273,15.899999618530273,15.739999771118164,15.859999656677246,556
2023-07-24,16.19499969482422,16.19499969482422,16.209999084472656,15.895000457763672,15.895000457763672,825
2023-07-25,15.930000305175781,15.930000305175781,16.309999465942383,15.675000190734863,16.100000381469727,1314
2023-07-26,15.845000267028809,15.845000267028809,15.960000038146973,15.529999732971191,15.875,476
2023-07-27,15.789999961853027,15.789999961853027,15.979999542236328,15.645000457763672,15.645000457763672,342
2023-07-28,15.625,15.625,15.739999771118164,15.569999694824219,15.739999771118164,248
2023-07-31,15.470000267028809,15.470000267028809,15.574999809265137,15.359999656677246,15.574999809265137,690
2023-08-01,15.845000267028809,15.845000267028809,16.084999084472656,15.454999923706055,15.454999923706055,879
2023-08-02,15.9350004196167,15.9350004196167,15.960000038146973,15.640000343322754,15.859999656677246,270
2023-08-03,16.079999923706055,16.079999923706055,16.18000030517578,15.875,15.9350004196167,526
2023-08-04,15.949999809265137,15.949999809265137,16.125,15.899999618530273,16.0049991607666,392
2023-08-07,15.920000076293945,15.920000076293945,16.049999237060547,15.699999809265137,15.895000457763672,392
2023-08-08,15.890000343322754,15.890000343322754,15.975000381469727,15.755000114440918,15.829999923706055,293
2023-08-09,16.06999969482422,16.06999969482422,16.125,15.84000015258789,15.904999732971191,281
2023-08-10,16.03499984741211,16.03499984741211,16.15999984741211,16.0,16.049999237060547,722
2023-08-11,15.989999771118164,15.989999771118164,16.200000762939453,15.899999618530273,16.030000686645508,410
2023-08-14,15.635000228881836,15.635000228881836,15.970000267028809,15.614999771118164,15.904999732971191,835
2023-08-15,15.585000038146973,15.585000038146973,15.699999809265137,15.539999961853027,15.630000114440918,369
2023-08-16,15.550000190734863,15.550000190734863,15.675000190734863,15.53499984741211,15.59000015258789,874
2023-08-17,15.53499984741211,15.53499984741211,15.6850004196167,15.520000457763672,15.619999885559082,792
2023-08-18,15.545000076293945,15.545000076293945,15.604999542236328,15.520000457763672,15.539999961853027,854
2023-08-21,15.515000343322754,15.515000343322754,15.649999618530273,15.494999885559082,15.5600004196167,776
2023-08-22,15.489999771118164,15.489999771118164,15.604999542236328,15.470000267028809,15.515000343322754,611
2023-08-23,15.4399995803833,15.4399995803833,15.505000114440918,15.404999732971191,15.479999542236328,868
2023-08-24,15.71500015258789,15.71500015258789,15.75,15.399999618530273,15.399999618530273,914
2023-08-25,15.680000305175781,15.680000305175781,15.875,15.635000228881836,15.71500015258789,798
2023-08-28,16.079999923706055,16.079999923706055,16.100000381469727,15.704999923706055,15.704999923706055,1045
2023-08-29,16.545000076293945,16.545000076293945,16.545000076293945,15.960000038146973,16.045000076293945,554
2023-08-30,16.704999923706055,16.704999923706055,16.825000762939453,16.399999618530273,16.454999923706055,109
2023-08-31,16.790000915527344,16.790000915527344,16.790000915527344,16.790000915527344,16.790000915527344,27
2023-09-01,16.645000457763672,16.645000457763672,16.645000457763672,16.645000457763672,16.645000457763672,66
2023-09-05,16.860000610351562,16.860000610351562,16.860000610351562,16.684999465942383,16.684999465942383,40
2023-09-06,16.75,16.75,16.75,16.75,16.75,1
2023-09-07,16.2549991607666,16.2549991607666,16.600000381469727,16.2549991607666,16.600000381469727,4
2023-09-08,16.100000381469727,16.100000381469727,16.100000381469727,16.100000381469727,16.100000381469727,1
2023-09-11,15.8149995803833,15.8149995803833,15.8149995803833,15.8149995803833,15.8149995803833,0
2023-09-12,15.8100004196167,15.8100004196167,15.824999809265137,15.729999542236328,15.729999542236328,154
2023-09-13,16.1200008392334,16.1200008392334,16.1200008392334,15.899999618530273,15.925000190734863,12
2023-09-14,16.459999084472656,16.459999084472656,16.459999084472656,16.459999084472656,16.459999084472656,770
2023-09-15,16.21500015258789,16.21500015258789,16.290000915527344,16.139999389648438,16.225000381469727,304
2023-09-18,16.014999389648438,16.014999389648438,16.295000076293945,15.970000267028809,16.260000228881836,378
2023-09-19,16.030000686645508,16.030000686645508,16.049999237060547,15.829999923706055,15.979999542236328,441
2023-09-20,15.960000038146973,15.960000038146973,16.149999618530273,15.904999732971191,15.960000038146973,161
2023-09-21,15.795000076293945,15.795000076293945,16.0,15.795000076293945,15.960000038146973,343
2023-09-22,15.824999809265137,15.824999809265137,15.885000228881836,15.765000343322754,15.8100004196167,260
2023-09-25,15.850000381469727,15.850000381469727,15.96500015258789,15.795000076293945,15.824999809265137,300
2023-09-26,16.190000534057617,16.190000534057617,16.209999084472656,15.824999809265137,15.869999885559082,324
2023-09-27,16.174999237060547,16.174999237060547,16.264999389648438,16.05500030517578,16.190000534057617,423
2023-09-28,16.1299991607666,16.1299991607666,16.200000762939453,16.06999969482422,16.100000381469727,428
2023-09-29,15.90999984741211,15.90999984741211,16.09000015258789,15.824999809265137,16.09000015258789,637
2023-10-02,15.880000114440918,15.880000114440918,16.049999237060547,15.875,15.885000228881836,535
2023-10-03,15.765000343322754,15.765000343322754,15.890000343322754,15.729999542236328,15.890000343322754,615
2023-10-04,15.645000457763672,15.645000457763672,15.800000190734863,15.635000228881836,15.770000457763672,666
2023-10-05,15.675000190734863,15.675000190734863,15.789999961853027,15.600000381469727,15.645000457763672,703
2023-10-06,16.045000076293945,16.045000076293945,16.09000015258789,15.649999618530273,15.649999618530273,541
2023-10-09,15.824999809265137,15.824999809265137,16.06999969482422,15.645000457763672,16.020000457763672,796
2023-10-10,15.869999885559082,15.869999885559082,15.9350004196167,15.630000114440918,15.8100004196167,932
2023-10-11,15.930000305175781,15.930000305175781,15.960000038146973,15.78499984741211,15.895000457763672,676
2023-10-12,15.930000305175781,15.930000305175781,16.049999237060547,15.895000457763672,15.90999984741211,538
2023-10-13,15.954999923706055,15.954999923706055,16.0049991607666,15.859999656677246,15.925000190734863,464
2023-10-16,15.805000305175781,15.805000305175781,15.960000038146973,15.755000114440918,15.949999809265137,412
2023-10-17,15.854999542236328,15.854999542236328,15.989999771118164,15.78499984741211,15.795000076293945,426
2023-10-18,15.859999656677246,15.859999656677246,15.9399995803833,15.824999809265137,15.859999656677246,979
2023-10-19,15.774999618530273,15.774999618530273,15.925000190734863,15.765000343322754,15.850000381469727,455
2023-10-20,15.835000038146973,15.835000038146973,15.899999618530273,15.765000343322754,15.774999618530273,496
2023-10-23,16.094999313354492,16.094999313354492,16.19499969482422,15.835000038146973,15.835000038146973,1409
2023-10-24,16.114999771118164,16.114999771118164,16.18000030517578,16.03499984741211,16.09000015258789,1264
2023-10-25,16.1200008392334,16.1200008392334,16.1200008392334,15.899999618530273,16.075000762939453,834
2023-10-26,16.2450008392334,16.2450008392334,16.290000915527344,16.079999923706055,16.110000610351562,654
2023-10-27,16.21500015258789,16.21500015258789,16.260000228881836,16.149999618530273,16.239999771118164,437
2023-10-30,16.06999969482422,16.06999969482422,16.209999084472656,15.994999885559082,16.19499969482422,550
2023-10-31,16.1200008392334,16.1200008392334,16.135000228881836,16.06999969482422,16.100000381469727,111
2023-11-01,16.2450008392334,16.2450008392334,16.34000015258789,16.204999923706055,16.334999084472656,40
2023-11-02,16.15999984741211,16.15999984741211,16.360000610351562,16.125,16.360000610351562,56
2023-11-03,16.21500015258789,16.21500015258789,16.21500015258789,16.114999771118164,16.1299991607666,24
2023-11-06,16.219999313354492,16.219999313354492,16.2549991607666,16.18000030517578,16.18000030517578,28
2023-11-07,16.31999969482422,16.31999969482422,16.31999969482422,16.190000534057617,16.190000534057617,10
2023-11-08,16.6299991607666,16.6299991607666,16.75,16.6299991607666,16.75,1
2023-11-09,16.665000915527344,16.665000915527344,16.665000915527344,16.665000915527344,16.665000915527344,7
2023-11-10,16.899999618530273,16.899999618530273,16.899999618530273,16.899999618530273,16.899999618530273,12
2023-11-13,16.850000381469727,16.850000381469727,16.850000381469727,16.80500030517578,16.84000015258789,23
2023-11-14,16.729999542236328,16.729999542236328,16.889999389648438,16.729999542236328,16.889999389648438,834
2023-11-15,16.940000534057617,16.940000534057617,17.010000228881836,16.729999542236328,16.75,963
2023-11-16,17.25,17.25,17.43000030517578,16.850000381469727,16.924999237060547,1513
2023-11-17,17.405000686645508,17.405000686645508,17.459999084472656,17.25,17.25,1152
2023-11-20,17.395000457763672,17.395000457763672,17.399999618530273,17.260000228881836,17.264999389648438,637
2023-11-21,17.5,17.5,17.524999618530273,17.28499984741211,17.360000610351562,653
2023-11-22,17.299999237060547,17.299999237060547,17.545000076293945,17.06999969482422,17.350000381469727,1061
2023-11-24,17.565000534057617,17.565000534057617,17.674999237060547,17.165000915527344,17.209999084472656,617
2023-11-27,17.239999771118164,17.239999771118164,17.649999618530273,17.219999313354492,17.510000228881836,728
2023-11-28,17.3799991607666,17.3799991607666,17.450000762939453,17.170000076293945,17.260000228881836,783
2023-11-29,17.40999984741211,17.40999984741211,17.44499969482422,17.290000915527344,17.3700008392334,411
2023-11-30,17.344999313354492,17.344999313354492,17.575000762939453,17.28499984741211,17.395000457763672,663
2023-12-01,17.184999465942383,17.184999465942383,17.375,17.170000076293945,17.354999542236328,679
2023-12-04,16.899999618530273,16.899999618530273,17.19499969482422,16.8799991607666,17.145000457763672,1046
2023-12-05,16.809999465942383,16.809999465942383,17.040000915527344,16.799999237060547,16.905000686645508,554
2023-12-06,16.950000762939453,16.950000762939453,17.0,16.80500030517578,16.829999923706055,319
2023-12-07,17.079999923706055,17.079999923706055,17.34000015258789,16.825000762939453,16.950000762939453,571
2023-12-08,17.040000915527344,17.040000915527344,17.299999237060547,17.010000228881836,17.184999465942383,396
2023-12-11,17.09000015258789,17.09000015258789,17.149999618530273,16.8799991607666,17.059999465942383,669
2023-12-12,16.889999389648438,16.889999389648438,17.040000915527344,16.864999771118164,17.010000228881836,926
2023-12-13,16.940000534057617,16.940000534057617,17.079999923706055,16.825000762939453,16.875,1163
2023-12-14,17.104999542236328,17.104999542236328,17.190000534057617,16.94499969482422,17.040000915527344,820
2023-12-15,17.1200008392334,17.1200008392334,17.239999771118164,17.014999389648438,17.149999618530273,1696
2023-12-18,17.385000228881836,17.385000228881836,17.440000534057617,17.104999542236328,17.149999618530273,861
2023-12-19,17.235000610351562,17.235000610351562,17.43000030517578,17.170000076293945,17.329999923706055,1211
2023-12-20,17.354999542236328,17.354999542236328,17.375,17.235000610351562,17.274999618530273,1486
2023-12-21,17.329999923706055,17.329999923706055,17.420000076293945,17.299999237060547,17.299999237060547,1096
2023-12-22,17.389999389648438,17.389999389648438,17.440000534057617,17.28499984741211,17.309999465942383,557
2023-12-26,17.329999923706055,17.329999923706055,17.434999465942383,17.299999237060547,17.434999465942383,341
2023-12-27,17.260000228881836,17.260000228881836,17.3799991607666,17.229999542236328,17.325000762939453,656
2023-12-28,17.149999618530273,17.149999618530273,17.25,17.079999923706055,17.25,544
2023-12-29,17.30500030517578,17.30500030517578,17.389999389648438,17.170000076293945,17.170000076293945,147
2024-01-02,17.6299991607666,17.6299991607666,17.655000686645508,17.315000534057617,17.5,397
2024-01-03,16.920000076293945,16.920000076293945,17.68000030517578,16.920000076293945,17.635000228881836,188
2024-01-04,16.924999237060547,16.924999237060547,16.969999313354492,16.84000015258789,16.969999313354492,26
2024-01-05,17.25,17.25,17.25,16.905000686645508,16.975000381469727,95
2024-01-08,17.1299991607666,17.1299991607666,17.1299991607666,17.030000686645508,17.030000686645508,19
2024-01-09,17.225000381469727,17.225000381469727,17.225000381469727,17.09000015258789,17.104999542236328,12
2024-01-10,17.1299991607666,17.1299991607666,17.229999542236328,17.075000762939453,17.200000762939453,49
2024-01-11,17.15999984741211,17.15999984741211,17.200000762939453,17.135000228881836,17.200000762939453,106
2024-01-12,17.235000610351562,17.235000610351562,17.235000610351562,17.170000076293945,17.170000076293945,505
2024-01-16,17.55500030517578,17.55500030517578,17.7450008392334,17.5049991607666,17.670000076293945,487
2024-01-17,17.645000457763672,17.645000457763672,17.690000534057617,17.540000915527344,17.540000915527344,335
2024-01-18,17.600000381469727,17.600000381469727,17.729999542236328,17.575000762939453,17.600000381469727,352
2024-01-19,17.635000228881836,17.635000228881836,17.719999313354492,17.55500030517578,17.625,462
2024-01-22,17.55500030517578,17.55500030517578,17.690000534057617,17.510000228881836,17.684999465942383,358
2024-01-23,17.434999465942383,17.434999465942383,17.559999465942383,17.420000076293945,17.55500030517578,496
2024-01-24,17.774999618530273,17.774999618530273,17.799999237060547,17.450000762939453,17.450000762939453,813
2024-01-25,17.96500015258789,17.96500015258789,18.059999465942383,17.719999313354492,17.780000686645508,1347
2024-01-26,17.985000610351562,17.985000610351562,18.014999389648438,17.8700008392334,17.959999084472656,693
2024-01-29,18.09000015258789,18.09000015258789,18.170000076293945,17.905000686645508,17.954999923706055,706
2024-01-30,18.174999237060547,18.174999237060547,18.295000076293945,17.950000762939453,18.079999923706055,812
2024-01-31,17.864999771118164,17.864999771118164,18.274999618530273,17.850000381469727,18.139999389648438,997
2024-02-01,18.104999542236328,18.104999542236328,18.190000534057617,17.885000228881836,18.030000686645508,885
2024-02-02,18.434999465942383,18.434999465942383,18.479999542236328,18.079999923706055,18.079999923706055,833
2024-02-05,18.309999465942383,18.309999465942383,18.454999923706055,18.260000228881836,18.395000457763672,1071
2024-02-06,18.575000762939453,18.575000762939453,18.579999923706055,18.34000015258789,18.34000015258789,667
2024-02-07,18.485000610351562,18.485000610351562,18.579999923706055,18.360000610351562,18.530000686645508,564
2024-02-08,18.649999618530273,18.649999618530273,18.69499969482422,18.44499969482422,18.44499969482422,726
2024-02-09,18.920000076293945,18.920000076293945,18.975000381469727,18.655000686645508,18.655000686645508,1453
2024-02-12,18.625,18.625,19.190000534057617,18.549999237060547,18.8799991607666,1186
2024-02-13,18.364999771118164,18.364999771118164,18.739999771118164,18.299999237060547,18.575000762939453,1054
2024-02-14,18.6200008392334,18.6200008392334,18.739999771118164,18.309999465942383,18.329999923706055,1378
2024-02-15,18.6299991607666,18.6299991607666,18.895000457763672,18.4950008392334,18.6200008392334,1456
2024-02-16,18.31999969482422,18.31999969482422,18.655000686645508,18.25,18.559999465942383,1377
2024-02-20,18.174999237060547,18.174999237060547,18.40999984741211,18.079999923706055,18.31999969482422,1312
2024-02-21,18.2450008392334,18.2450008392334,18.315000534057617,18.100000381469727,18.18000030517578,718
2024-02-22,18.520000457763672,18.520000457763672,18.614999771118164,17.920000076293945,18.28499984741211,1199
2024-02-23,18.600000381469727,18.600000381469727,18.725000381469727,18.135000228881836,18.514999389648438,613
2024-02-26,18.280000686645508,18.280000686645508,18.59000015258789,18.225000381469727,18.520000457763672,419
2024-02-27,17.985000610351562,17.985000610351562,18.2549991607666,17.8700008392334,18.2549991607666,311
2024-02-28,17.940000534057617,17.940000534057617,18.065000534057617,17.875,18.030000686645508,888
2024-02-29,17.8700008392334,17.8700008392334,17.93000030517578,17.8700008392334,17.899999618530273,64
2024-03-01,18.219999313354492,18.219999313354492,18.219999313354492,18.219999313354492,18.219999313354492,3
2024-03-04,17.94499969482422,17.94499969482422,18.184999465942383,17.94499969482422,18.184999465942383,2
2024-03-05,17.719999313354492,17.719999313354492,17.93000030517578,17.719999313354492,17.93000030517578,12
2024-03-06,17.545000076293945,17.545000076293945,17.700000762939453,17.545000076293945,17.700000762939453,29
2024-03-07,17.440000534057617,17.440000534057617,17.524999618530273,17.440000534057617,17.524999618530273,14
2024-03-08,17.510000228881836,17.510000228881836,17.510000228881836,17.510000228881836,17.510000228881836,11
2024-03-11,17.44499969482422,17.44499969482422,17.44499969482422,17.44499969482422,17.44499969482422,36
2024-03-12,17.5,17.5,17.5,17.5,17.5,35
2024-03-13,17.614999771118164,17.614999771118164,17.614999771118164,17.614999771118164,17.614999771118164,35
2024-03-14,17.53499984741211,17.53499984741211,17.53499984741211,17.53499984741211,17.53499984741211,558
2024-03-15,17.81999969482422,17.81999969482422,17.885000228881836,17.809999465942383,17.864999771118164,442
2024-03-18,17.770000457763672,17.770000457763672,17.850000381469727,17.739999771118164,17.850000381469727,552
2024-03-19,17.729999542236328,17.729999542236328,17.84000015258789,17.704999923706055,17.780000686645508,385
2024-03-20,17.69499969482422,17.69499969482422,17.729999542236328,17.68000030517578,17.725000381469727,383
2024-03-21,17.514999389648438,17.514999389648438,17.684999465942383,17.5049991607666,17.684999465942383,1168
2024-03-22,17.344999313354492,17.344999313354492,17.575000762939453,17.34000015258789,17.53499984741211,961
2024-03-25,17.045000076293945,17.045000076293945,17.440000534057617,16.850000381469727,17.344999313354492,1390
2024-03-26,16.799999237060547,16.799999237060547,17.18000030517578,16.774999618530273,17.18000030517578,798
2024-03-27,16.584999084472656,16.584999084472656,16.799999237060547,16.565000534057617,16.790000915527344,1176
2024-03-28,16.360000610351562,16.360000610351562,16.71500015258789,16.334999084472656,16.610000610351562,1360
2024-04-01,16.295000076293945,16.295000076293945,16.4950008392334,16.260000228881836,16.389999389648438,669
2024-04-02,16.079999923706055,16.079999923706055,16.3700008392334,16.059999465942383,16.3700008392334,1055
2024-04-03,16.510000228881836,16.510000228881836,16.594999313354492,16.014999389648438,16.149999618530273,1399
2024-04-04,16.200000762939453,16.200000762939453,16.5,16.18000030517578,16.389999389648438,911
2024-04-05,16.15999984741211,16.15999984741211,16.34000015258789,16.155000686645508,16.235000610351562,700
2024-04-08,16.114999771118164,16.114999771118164,16.325000762939453,16.059999465942383,16.229999542236328,795
2024-04-09,16.614999771118164,16.614999771118164,16.649999618530273,16.065000534057617,16.06999969482422,1069
2024-04-10,17.149999618530273,17.149999618530273,17.479999542236328,16.614999771118164,16.68000030517578,1408
2024-04-11,16.8700008392334,16.8700008392334,17.25,16.7450008392334,17.079999923706055,710
2024-04-12,17.229999542236328,17.229999542236328,17.3799991607666,16.69499969482422,16.860000610351562,606
2024-04-15,18.329999923706055,18.329999923706055,18.329999923706055,17.25,17.25,1358
2024-04-16,18.364999771118164,18.364999771118164,18.920000076293945,18.200000762939453,18.420000076293945,1665
2024-04-17,18.829999923706055,18.829999923706055,18.950000762939453,18.3700008392334,18.385000228881836,1408
2024-04-18,19.014999389648438,19.014999389648438,19.065000534057617,18.75,18.795000076293945,924
2024-04-19,19.0,19.0,19.360000610351562,18.80500030517578,19.03499984741211,835
2024-04-22,18.96500015258789,18.96500015258789,19.204999923706055,18.5,18.889999389648438,485
2024-04-23,19.19499969482422,19.19499969482422,19.25,18.899999618530273,18.9950008392334,405
2024-04-24,19.200000762939453,19.200000762939453,19.219999313354492,18.954999923706055,18.9950008392334,295
2024-04-25,19.084999084472656,19.084999084472656,19.209999084472656,18.899999618530273,19.170000076293945,192
2024-04-26,18.809999465942383,18.809999465942383,19.15999984741211,18.770000457763672,19.045000076293945,272
2024-04-29,19.100000381469727,19.100000381469727,19.135000228881836,18.899999618530273,18.905000686645508,324
2024-04-30,18.889999389648438,18.889999389648438,19.149999618530273,18.850000381469727,19.104999542236328,145
2024-05-01,18.969999313354492,18.969999313354492,19.165000915527344,18.969999313354492,19.084999084472656,22
2024-05-02,18.170000076293945,18.170000076293945,18.44499969482422,18.170000076293945,18.44499969482422,5
2024-05-03,18.739999771118164,18.739999771118164,18.739999771118164,18.649999618530273,18.649999618530273,1
2024-05-06,18.405000686645508,18.405000686645508,18.420000076293945,18.18000030517578,18.399999618530273,12
2024-05-07,18.295000076293945,18.295000076293945,18.405000686645508,18.295000076293945,18.405000686645508,1
2024-05-08,18.315000534057617,18.315000534057617,18.315000534057617,18.315000534057617,18.315000534057617,0
2024-05-09,18.684999465942383,18.684999465942383,18.684999465942383,18.684999465942383,18.684999465942383,0
2024-05-10,19.2549991607666,19.2549991607666,19.2549991607666,18.760000228881836,18.760000228881836,2
2024-05-13,18.704999923706055,18.704999923706055,19.25,18.704999923706055,19.25,10
2024-05-14,18.71500015258789,18.71500015258789,18.71500015258789,18.71500015258789,18.71500015258789,360
2024-05-15,19.110000610351562,19.110000610351562,19.15999984741211,18.729999542236328,18.899999618530273,270
2024-05-16,19.100000381469727,19.100000381469727,19.18000030517578,18.829999923706055,19.03499984741211,272
2024-05-17,18.7549991607666,18.7549991607666,19.145000457763672,18.725000381469727,19.09000015258789,291
2024-05-20,18.850000381469727,18.850000381469727,18.864999771118164,18.700000762939453,18.770000457763672,326
2024-05-21,18.59000015258789,18.59000015258789,18.834999084472656,18.565000534057617,18.829999923706055,332
2024-05-22,18.75,18.75,18.799999237060547,18.565000534057617,18.579999923706055,344
2024-05-23,18.485000610351562,18.485000610351562,19.0049991607666,18.3799991607666,18.815000534057617,522
2024-05-24,18.34000015258789,18.34000015258789,18.485000610351562,18.299999237060547,18.459999084472656,587
2024-05-28,18.09000015258789,18.09000015258789,18.594999313354492,18.049999237060547,18.459999084472656,681
2024-05-29,17.84000015258789,17.84000015258789,18.139999389648438,17.809999465942383,18.079999923706055,867
2024-05-30,17.829999923706055,17.829999923706055,17.90999984741211,17.729999542236328,17.81999969482422,767
2024-05-31,17.670000076293945,17.670000076293945,17.934999465942383,17.65999984741211,17.809999465942383,685
2024-06-03,17.5,17.5,17.75,17.479999542236328,17.725000381469727,1342
2024-06-04,17.575000762939453,17.575000762939453,17.799999237060547,17.510000228881836,17.579999923706055,773
2024-06-05,17.415000915527344,17.415000915527344,17.729999542236328,17.40999984741211,17.594999313354492,716
2024-06-06,18.260000228881836,18.260000228881836,18.5,17.434999465942383,17.450000762939453,894
2024-06-07,18.170000076293945,18.170000076293945,18.614999771118164,17.959999084472656,18.19499969482422,841
2024-06-10,17.719999313354492,17.719999313354492,18.280000686645508,17.6299991607666,18.280000686645508,656
2024-06-11,17.545000076293945,17.545000076293945,17.799999237060547,17.524999618530273,17.780000686645508,374
2024-06-12,18.225000381469727,18.225000381469727,18.385000228881836,17.559999465942383,17.559999465942383,348
2024-06-13,18.545000076293945,18.545000076293945,18.614999771118164,18.18000030517578,18.225000381469727,776
2024-06-14,18.184999465942383,18.184999465942383,18.725000381469727,18.110000610351562,18.639999389648438,535
2024-06-17,17.684999465942383,17.684999465942383,18.270000457763672,17.604999542236328,18.18000030517578,678
2024-06-18,18.15999984741211,18.15999984741211,18.200000762939453,17.639999389648438,17.68000030517578,196
2024-06-20,17.9950008392334,17.9950008392334,18.15999984741211,17.96500015258789,18.100000381469727,314
2024-06-21,18.200000762939453,18.200000762939453,18.229999542236328,17.969999313354492,18.0,215
2024-06-24,18.514999389648438,18.514999389648438,18.655000686645508,18.19499969482422,18.200000762939453,237
2024-06-25,18.610000610351562,18.610000610351562,18.6200008392334,18.420000076293945,18.59000015258789,307
2024-06-26,17.799999237060547,17.799999237060547,18.885000228881836,17.625,18.44499969482422,385
2024-06-27,16.7549991607666,16.7549991607666,18.309999465942383,16.700000762939453,18.2549991607666,239
2024-06-28,16.96500015258789,16.96500015258789,17.200000762939453,16.950000762939453,16.954999923706055,18
2024-07-01,16.954999923706055,16.954999923706055,16.989999771118164,16.954999923706055,16.989999771118164,2
2024-07-02,16.920000076293945,16.920000076293945,16.959999084472656,16.920000076293945,16.954999923706055,5
2024-07-03,16.93000030517578,16.93000030517578,16.93000030517578,16.93000030517578,16.93000030517578,0
2024-07-05,16.934999465942383,16.934999465942383,16.934999465942383,16.934999465942383,16.934999465942383,0
2024-07-08,17.065000534057617,17.065000534057617,17.065000534057617,17.0,17.0049991607666,140
2024-07-09,17.104999542236328,17.104999542236328,17.104999542236328,17.104999542236328,17.104999542236328,0
2024-07-10,17.204999923706055,17.204999923706055,17.479999542236328,17.204999923706055,17.479999542236328,1
2024-07-11,17.549999237060547,17.549999237060547,17.549999237060547,17.549999237060547,17.549999237060547,46
2024-07-12,19.549999237060547,19.549999237060547,19.6200008392334,18.594999313354492,18.610000610351562,381
2024-07-15,14.699999809265137,14.699999809265137,14.895000457763672,14.555000305175781,14.640000343322754,640
2024-07-16,14.404999732971191,14.404999732971191,14.774999618530273,14.395000457763672,14.699999809265137,577
2024-07-17,14.430000305175781,14.430000305175781,14.5649995803833,14.395000457763672,14.425000190734863,638
2024-07-18,14.289999961853027,14.289999961853027,14.479999542236328,14.270000457763672,14.460000038146973,477
2024-07-19,14.239999771118164,14.239999771118164,14.3149995803833,14.149999618530273,14.270000457763672,662
2024-07-22,14.600000381469727,14.600000381469727,14.859999656677246,14.265000343322754,14.265000343322754,1000
2024-07-23,14.729999542236328,14.729999542236328,14.800000190734863,14.475000381469727,14.550000190734863,687
2024-07-24,14.789999961853027,14.789999961853027,15.055000305175781,14.649999618530273,14.6899995803833,809
2024-07-25,15.010000228881836,15.010000228881836,15.045000076293945,14.725000381469727,14.789999961853027,307
2024-07-26,15.234999656677246,15.234999656677246,15.244999885559082,14.914999961853027,14.994999885559082,756
2024-07-29,15.210000038146973,15.210000038146973,15.260000228881836,15.010000228881836,15.100000381469727,474
2024-07-30,15.234999656677246,15.234999656677246,15.260000228881836,15.100000381469727,15.175000190734863,623
2024-07-31,15.25,15.25,15.3100004196167,15.045000076293945,15.135000228881836,667
2024-08-01,15.069999694824219,15.069999694824219,15.380000114440918,14.805000305175781,15.21500015258789,1066
2024-08-02,14.944999694824219,14.944999694824219,15.0649995803833,14.9350004196167,15.0600004196167,320
2024-08-05,15.274999618530273,15.274999618530273,15.350000381469727,14.899999618530273,14.9399995803833,846
2024-08-06,15.199999809265137,15.199999809265137,15.25,15.09000015258789,15.154999732971191,566
2024-08-07,15.154999732971191,15.154999732971191,15.234999656677246,15.069999694824219,15.225000381469727,537
2024-08-08,14.994999885559082,14.994999885559082,15.180000305175781,14.899999618530273,15.100000381469727,638
2024-08-09,14.835000038146973,14.835000038146973,15.079999923706055,14.8100004196167,14.954999923706055,380
2024-08-12,14.53499984741211,14.53499984741211,14.800000190734863,14.520000457763672,14.800000190734863,622
2024-08-13,14.789999961853027,14.789999961853027,14.979999542236328,14.484999656677246,14.524999618530273,1026
2024-08-14,14.979999542236328,14.979999542236328,15.079999923706055,14.789999961853027,14.850000381469727,1013
2024-08-15,14.704999923706055,14.704999923706055,14.944999694824219,14.649999618530273,14.944999694824219,760
2024-08-16,14.574999809265137,14.574999809265137,14.720000267028809,14.569999694824219,14.71500015258789,521
2024-08-19,14.890000343322754,14.890000343322754,14.90999984741211,14.529999732971191,14.579999923706055,1047
2024-08-20,14.960000038146973,14.960000038146973,15.045000076293945,14.850000381469727,14.899999618530273,1422
2024-08-21,14.789999961853027,14.789999961853027,14.984999656677246,14.755000114440918,14.975000381469727,920
2024-08-22,14.914999961853027,14.914999961853027,14.9399995803833,14.710000038146973,14.760000228881836,526
2024-08-23,15.005000114440918,15.005000114440918,15.03499984741211,14.744999885559082,14.869999885559082,902
2024-08-26,15.09000015258789,15.09000015258789,15.140000343322754,14.975000381469727,14.989999771118164,781
2024-08-27,15.319999694824219,15.319999694824219,15.395000457763672,15.020000457763672,15.09000015258789,761
2024-08-28,15.130000114440918,15.130000114440918,15.324999809265137,15.005000114440918,15.28499984741211,204
2024-08-29,15.039999961853027,15.039999961853027,15.1850004196167,14.90999984741211,15.03499984741211,210
2024-08-30,15.015000343322754,15.015000343322754,15.029999732971191,14.949999809265137,15.005000114440918,103
2024-09-03,15.119999885559082,15.119999885559082,15.175000190734863,15.119999885559082,15.175000190734863,11
2024-09-04,15.354999542236328,15.354999542236328,15.40999984741211,15.354999542236328,15.40999984741211,6
2024-09-05,15.479999542236328,15.479999542236328,15.479999542236328,15.380000114440918,15.380000114440918,19
2024-09-06,15.300000190734863,15.300000190734863,15.5,15.300000190734863,15.494999885559082,32
2024-09-09,14.9399995803833,14.9399995803833,15.164999961853027,14.9399995803833,15.164999961853027,32
2024-09-10,15.119999885559082,15.119999885559082,15.119999885559082,15.119999885559082,15.119999885559082,2
2024-09-11,15.354999542236328,15.354999542236328,15.354999542236328,15.354999542236328,15.354999542236328,6
2024-09-12,15.494999885559082,15.494999885559082,15.569999694824219,15.494999885559082,15.5649995803833,42
2024-09-13,15.494999885559082,15.494999885559082,15.494999885559082,15.494999885559082,15.494999885559082,452
2024-09-16,15.300000190734863,15.300000190734863,15.300000190734863,15.015000343322754,15.255000114440918,484
2024-09-17,15.345000267028809,15.345000267028809,15.364999771118164,15.114999771118164,15.25,700
2024-09-18,15.46500015258789,15.46500015258789,15.479999542236328,15.270000457763672,15.319999694824219,801
2024-09-19,15.520000457763672,15.520000457763672,15.524999618530273,15.399999618530273,15.460000038146973,963
2024-09-20,15.555000305175781,15.555000305175781,15.569999694824219,15.425000190734863,15.470000267028809,706
2024-09-23,15.545000076293945,15.545000076293945,15.5600004196167,15.414999961853027,15.5,664
2024-09-24,15.260000228881836,15.260000228881836,15.510000228881836,15.125,15.484999656677246,741
2024-09-25,15.024999618530273,15.024999618530273,15.244999885559082,14.96500015258789,15.239999771118164,883
2024-09-26,14.925000190734863,14.925000190734863,15.114999771118164,14.885000228881836,15.050000190734863,510
2024-09-27,15.079999923706055,15.079999923706055,15.329999923706055,14.899999618530273,15.050000190734863,793
2024-09-30,15.295000076293945,15.295000076293945,15.399999618530273,14.90999984741211,15.170000076293945,881
2024-10-01,15.300000190734863,15.300000190734863,15.369999885559082,15.149999618530273,15.265000343322754,833
2024-10-02,15.164999961853027,15.164999961853027,15.239999771118164,15.005000114440918,15.239999771118164,335
2024-10-03,15.170000076293945,15.170000076293945,15.295000076293945,15.024999618530273,15.100000381469727,702
2024-10-04,15.095000267028809,15.095000267028809,15.300000190734863,15.0649995803833,15.149999618530273,424
2024-10-07,15.114999771118164,15.114999771118164,15.300000190734863,15.074999809265137,15.135000228881836,655
2024-10-08,15.135000228881836,15.135000228881836,15.270000457763672,15.085000038146973,15.135000228881836,615
2024-10-09,15.164999961853027,15.164999961853027,15.270000457763672,15.140000343322754,15.145000457763672,725
2024-10-10,15.0649995803833,15.0649995803833,15.210000038146973,15.010000228881836,15.15999984741211,1018
2024-10-11,14.994999885559082,14.994999885559082,15.0600004196167,14.949999809265137,15.055000305175781,552
2024-10-14,15.104999542236328,15.104999542236328,15.239999771118164,14.944999694824219,14.954999923706055,625
2024-10-15,15.039999961853027,15.039999961853027,15.1850004196167,14.914999961853027,15.1850004196167,706
2024-10-16,15.069999694824219,15.069999694824219,15.1850004196167,14.90999984741211,15.0,820
2024-10-17,14.994999885559082,14.994999885559082,15.069999694824219,14.949999809265137,15.029999732971191,1025
2024-10-18,15.0,15.0,15.010000228881836,14.925000190734863,14.960000038146973,763
2024-10-21,15.09000015258789,15.09000015258789,15.145000457763672,14.975000381469727,15.015000343322754,1798
2024-10-22,15.125,15.125,15.25,15.03499984741211,15.069999694824219,833
2024-10-23,15.104999542236328,15.104999542236328,15.170000076293945,15.079999923706055,15.085000038146973,913
2024-10-24,15.039999961853027,15.039999961853027,15.09000015258789,14.949999809265137,15.09000015258789,1113
2024-10-25,15.079999923706055,15.079999923706055,15.079999923706055,14.979999542236328,14.989999771118164,594
2024-10-28,15.074999809265137,15.074999809265137,15.125,15.050000190734863,15.079999923706055,811
2024-10-29,14.9399995803833,14.9399995803833,15.0600004196167,14.890000343322754,15.029999732971191,465
2024-10-30,14.574999809265137,14.574999809265137,15.010000228881836,14.569999694824219,14.904999732971191,198
2024-10-31,14.694999694824219,14.694999694824219,14.805000305175781,14.680000305175781,14.710000038146973,191
2024-11-01,14.824999809265137,14.824999809265137,14.850000381469727,14.8149995803833,14.8149995803833,120
2024-11-04,14.710000038146973,14.710000038146973,14.710000038146973,14.710000038146973,14.710000038146973,0
2024-11-05,14.470000267028809,14.470000267028809,14.470000267028809,14.470000267028809,14.470000267028809,0
2024-11-06,14.460000038146973,14.460000038146973,14.630000114440918,14.460000038146973,14.59000015258789,4
2024-11-07,14.399999618530273,14.399999618530273,14.399999618530273,14.399999618530273,14.399999618530273,9
2024-11-08,14.359999656677246,14.359999656677246,14.359999656677246,14.359999656677246,14.359999656677246,1
2024-11-11,14.550000190734863,14.550000190734863,14.550000190734863,14.550000190734863,14.550000190734863,2
2024-11-12,14.8100004196167,14.8100004196167,14.819999694824219,14.729999542236328,14.729999542236328,24
2024-11-13,14.9399995803833,14.9399995803833,14.9399995803833,14.9399995803833,14.9399995803833,12
2024-11-14,14.675000190734863,14.675000190734863,14.765000343322754,14.675000190734863,14.765000343322754,963
2024-11-15,15.045000076293945,15.045000076293945,15.104999542236328,14.609999656677246,14.609999656677246,968
2024-11-18,15.164999961853027,15.164999961853027,15.375,15.029999732971191,15.050000190734863,1668
2024-11-19,15.095000267028809,15.095000267028809,15.289999961853027,15.015000343322754,15.140000343322754,683
2024-11-20,15.119999885559082,15.119999885559082,15.149999618530273,14.975000381469727,15.0600004196167,344
2024-11-21,15.170000076293945,15.170000076293945,15.225000381469727,15.09000015258789,15.09000015258789,744
2024-11-22,15.145000457763672,15.145000457763672,15.175000190734863,15.010000228881836,15.145000457763672,347
2024-11-25,14.9350004196167,14.9350004196167,15.130000114440918,14.854999542236328,15.114999771118164,632
2024-11-26,15.125,15.125,15.149999618530273,14.885000228881836,14.904999732971191,515
2024-11-27,15.170000076293945,15.170000076293945,15.25,15.085000038146973,15.125,748
2024-11-29,15.21500015258789,15.21500015258789,15.25,15.154999732971191,15.170000076293945,582
2024-12-02,15.289999961853027,15.289999961853027,15.300000190734863,15.149999618530273,15.239999771118164,718
2024-12-03,15.295000076293945,15.295000076293945,15.3149995803833,15.15999984741211,15.289999961853027,1144
2024-12-04,15.140000343322754,15.140000343322754,15.28499984741211,14.979999542236328,15.25,694
2024-12-05,15.154999732971191,15.154999732971191,15.225000381469727,15.085000038146973,15.180000305175781,543
2024-12-06,15.085000038146973,15.085000038146973,15.175000190734863,15.069999694824219,15.109999656677246,323
2024-12-09,15.109999656677246,15.109999656677246,15.140000343322754,15.03499984741211,15.050000190734863,806
2024-12-10,15.09000015258789,15.09000015258789,15.130000114440918,15.074999809265137,15.104999542236328,416
2024-12-11,15.03499984741211,15.03499984741211,15.125,15.010000228881836,15.079999923706055,499
2024-12-12,15.005000114440918,15.005000114440918,15.104999542236328,14.994999885559082,15.039999961853027,620
2024-12-13,14.979999542236328,14.979999542236328,15.039999961853027,14.96500015258789,15.020000457763672,578
2024-12-16,14.949999809265137,14.949999809265137,15.024999618530273,14.9399995803833,15.015000343322754,1085
2024-12-17,14.979999542236328,14.979999542236328,15.0,14.899999618530273,14.949999809265137,1043
2024-12-18,14.8149995803833,14.8149995803833,14.994999885559082,14.779999732971191,14.994999885559082,817
2024-12-19,14.40999984741211,14.40999984741211,14.819999694824219,14.399999618530273,14.819999694824219,902
2024-12-20,14.074999809265137,14.074999809265137,14.470000267028809,13.9350004196167,14.444999694824219,948
2024-12-23,14.010000228881836,14.010000228881836,14.28499984741211,13.6899995803833,14.154999732971191,1277
2024-12-24,14.050000190734863,14.050000190734863,14.135000228881836,13.885000228881836,14.100000381469727,685
2024-12-26,13.914999961853027,13.914999961853027,14.0649995803833,13.904999732971191,14.0649995803833,327
2024-12-27,13.760000228881836,13.760000228881836,13.984999656677246,13.755000114440918,13.925000190734863,655
2024-12-30,13.609999656677246,13.609999656677246,13.875,13.569999694824219,13.854999542236328,901
2024-12-31,14.024999618530273,14.024999618530273,14.024999618530273,13.944999694824219,13.944999694824219,63
2025-01-02,14.045000076293945,14.045000076293945,14.045000076293945,14.0,14.0,45
2025-01-03,13.84000015258789,13.84000015258789,14.0,13.835000038146973,14.0,74
2025-01-06,13.850000381469727,13.850000381469727,13.890000343322754,13.850000381469727,13.850000381469727,57
2025-01-07,13.84000015258789,13.84000015258789,13.854999542236328,13.84000015258789,13.850000381469727,5
2025-01-08,14.03499984741211,14.03499984741211,14.03499984741211,13.885000228881836,13.885000228881836,72
2025-01-09,14.270000457763672,14.270000457763672,14.414999961853027,14.109999656677246,14.109999656677246,67
2025-01-10,14.369999885559082,14.369999885559082,14.369999885559082,14.270000457763672,14.270000457763672,39
2025-01-13,14.369999885559082,14.369999885559082,14.4350004196167,14.369999885559082,14.4350004196167,6
2025-01-14,14.53499984741211,14.53499984741211,14.53499984741211,14.4350004196167,14.4350004196167,756
2025-01-15,14.829999923706055,14.829999923706055,14.869999885559082,14.625,14.6899995803833,1134
2025-01-16,14.640000343322754,14.640000343322754,14.845000267028809,14.600000381469727,14.800000190734863,677
2025-01-17,14.805000305175781,14.805000305175781,14.819999694824219,14.430000305175781,14.604999542236328,987
2025-01-21,14.989999771118164,14.989999771118164,14.994999885559082,14.720000267028809,14.805000305175781,1038
2025-01-22,14.819999694824219,14.819999694824219,14.989999771118164,14.795000076293945,14.979999542236328,660
2025-01-23,14.850000381469727,14.850000381469727,14.904999732971191,14.755000114440918,14.795000076293945,433
2025-01-24,14.675000190734863,14.675000190734863,14.864999771118164,14.600000381469727,14.819999694824219,445
2025-01-27,14.475000381469727,14.475000381469727,14.699999809265137,14.454999923706055,14.630000114440918,898
2025-01-28,14.199999809265137,14.199999809265137,14.475000381469727,14.045000076293945,14.454999923706055,980
2025-01-29,14.130000114440918,14.130000114440918,14.194999694824219,14.079999923706055,14.130000114440918,557
2025-01-30,13.9350004196167,13.9350004196167,14.199999809265137,13.930000305175781,14.130000114440918,962
2025-01-31,13.845000267028809,13.845000267028809,13.989999771118164,13.75,13.989999771118164,1153
2025-02-03,13.729999542236328,13.729999542236328,13.920000076293945,13.725000381469727,13.835000038146973,1159
2025-02-04,13.550000190734863,13.550000190734863,13.744999885559082,13.494999885559082,13.729999542236328,1416
2025-02-05,13.5,13.5,13.645000457763672,13.375,13.550000190734863,1164
2025-02-06,13.649999618530273,13.649999618530273,13.829999923706055,13.5,13.539999961853027,1259
2025-02-07,13.71500015258789,13.71500015258789,13.795000076293945,13.630000114440918,13.6850004196167,808
2025-02-10,13.930000305175781,13.930000305175781,13.970000267028809,13.579999923706055,13.760000228881836,921
2025-02-11,13.975000381469727,13.975000381469727,14.145000457763672,13.770000457763672,13.899999618530273,1114
2025-02-12,13.8100004196167,13.8100004196167,14.079999923706055,13.78499984741211,13.989999771118164,1005
2025-02-13,14.039999961853027,14.039999961853027,14.069999694824219,13.720000267028809,13.850000381469727,1342
2025-02-14,14.015000343322754,14.015000343322754,14.109999656677246,13.975000381469727,14.03499984741211,1436
2025-02-18,14.010000228881836,14.010000228881836,14.09000015258789,13.970000267028809,14.079999923706055,1661
2025-02-19,13.994999885559082,13.994999885559082,14.069999694824219,13.9399995803833,13.984999656677246,1884
2025-02-20,13.954999923706055,13.954999923706055,14.09000015258789,13.835000038146973,14.0,1442
2025-02-21,13.600000381469727,13.600000381469727,13.949999809265137,13.579999923706055,13.944999694824219,1578
2025-02-24,13.444999694824219,13.444999694824219,13.680000305175781,13.395000457763672,13.604999542236328,859
2025-02-25,13.454999923706055,13.454999923706055,13.609999656677246,13.3100004196167,13.484999656677246,1105
2025-02-26,13.220000267028809,13.220000267028809,13.494999885559082,13.199999809265137,13.380000114440918,1216
2025-02-27,13.279999732971191,13.279999732971191,13.305000305175781,13.1899995803833,13.305000305175781,698
2025-02-28,13.28499984741211,13.28499984741211,13.324999809265137,13.149999618530273,13.25,108
2025-03-03,13.345000267028809,13.345000267028809,13.345000267028809,13.255000114440918,13.300000190734863,126
2025-03-04,13.279999732971191,13.279999732971191,13.300000190734863,13.170000076293945,13.300000190734863,380
2025-03-05,13.0600004196167,13.0600004196167,13.0600004196167,13.0600004196167,13.0600004196167,110
2025-03-06,12.890000343322754,12.890000343322754,13.0600004196167,12.75,13.050000190734863,71
2025-03-07,13.244999885559082,13.244999885559082,13.244999885559082,12.864999771118164,12.864999771118164,34
2025-03-10,13.680000305175781,13.680000305175781,13.725000381469727,13.545000076293945,13.545000076293945,73
2025-03-11,13.75,13.75,13.8100004196167,13.75,13.75,43
2025-03-12,13.539999961853027,13.539999961853027,13.574999809265137,13.539999961853027,13.555000305175781,46
2025-03-13,13.524999618530273,13.524999618530273,13.524999618530273,13.524999618530273,13.524999618530273,0
2025-03-14,13.425000190734863,13.425000190734863,13.425000190734863,13.425000190734863,13.425000190734863,464
2025-03-17,13.479999542236328,13.479999542236328,13.869999885559082,13.359999656677246,13.675000190734863,598
2025-03-18,13.529999732971191,13.529999732971191,13.5649995803833,13.324999809265137,13.524999618530273,458
2025-03-19,13.274999618530273,13.274999618530273,13.484999656677246,13.265000343322754,13.484999656677246,608
2025-03-20,13.3100004196167,13.3100004196167,13.385000228881836,13.055000305175781,13.279999732971191,635
2025-03-21,13.420000076293945,13.420000076293945,13.449999809265137,13.300000190734863,13.319999694824219,826
2025-03-24,13.364999771118164,13.364999771118164,13.4399995803833,13.279999732971191,13.430000305175781,280
2025-03-25,13.1850004196167,13.1850004196167,13.369999885559082,13.114999771118164,13.369999885559082,471
2025-03-26,13.180000305175781,13.180000305175781,13.25,13.125,13.244999885559082,263
2025-03-27,13.46500015258789,13.46500015258789,13.484999656677246,13.170000076293945,13.210000038146973,443
2025-03-28,13.515000343322754,13.515000343322754,13.539999961853027,13.40999984741211,13.475000381469727,592
2025-03-31,13.569999694824219,13.569999694824219,13.649999618530273,13.385000228881836,13.524999618530273,556
2025-04-01,13.300000190734863,13.300000190734863,13.569999694824219,13.279999732971191,13.5649995803833,842
2025-04-02,13.225000381469727,13.225000381469727,13.4399995803833,13.140000343322754,13.380000114440918,529
2025-04-03,13.074999809265137,13.074999809265137,13.25,12.994999885559082,13.199999809265137,869
2025-04-04,13.074999809265137,13.074999809265137,13.149999618530273,13.005000114440918,13.104999542236328,456
2025-04-07,13.319999694824219,13.319999694824219,13.369999885559082,13.050000190734863,13.050000190734863,542
2025-04-08,13.510000228881836,13.510000228881836,13.640000343322754,13.34000015258789,13.345000267028809,927
2025-04-09,13.550000190734863,13.550000190734863,13.569999694824219,13.364999771118164,13.529999732971191,594
2025-04-10,13.244999885559082,13.244999885559082,13.640000343322754,13.225000381469727,13.545000076293945,779
2025-04-11,13.505000114440918,13.505000114440918,13.579999923706055,13.225000381469727,13.225000381469727,759
2025-04-14,13.710000038146973,13.710000038146973,13.829999923706055,13.404999732971191,13.494999885559082,1377
2025-04-15,13.729999542236328,13.729999542236328,13.779999732971191,13.585000038146973,13.710000038146973,1819
2025-04-16,13.399999618530273,13.399999618530273,13.65999984741211,13.359999656677246,13.640000343322754,1424
2025-04-17,13.470000267028809,13.470000267028809,13.539999961853027,13.260000228881836,13.364999771118164,1008
2025-04-21,13.545000076293945,13.545000076293945,13.595000267028809,13.375,13.470000267028809,654
2025-04-22,13.305000305175781,13.305000305175781,13.494999885559082,13.175000190734863,13.395000457763672,1849
2025-04-23,13.204999923706055,13.204999923706055,13.369999885559082,13.104999542236328,13.300000190734863,783
2025-04-24,13.109999656677246,13.109999656677246,13.270000457763672,12.9399995803833,13.154999732971191,946
2025-04-25,12.9350004196167,12.9350004196167,13.154999732971191,12.8100004196167,13.104999542236328,1561
2025-04-28,12.510000228881836,12.510000228881836,12.949999809265137,11.90999984741211,12.949999809265137,862
2025-04-29,12.475000381469727,12.475000381469727,12.5,12.239999771118164,12.5,755
2025-04-30,12.944999694824219,12.944999694824219,12.944999694824219,12.800000190734863,12.800000190734863,122
2025-05-01,12.805000305175781,12.805000305175781,12.805000305175781,12.805000305175781,12.805000305175781,138
2025-05-02,12.614999771118164,12.614999771118164,12.614999771118164,12.614999771118164,12.614999771118164,21
2025-05-05,12.444999694824219,12.444999694824219,12.444999694824219,12.444999694824219,12.444999694824219,6
2025-05-06,12.600000381469727,12.600000381469727,12.640000343322754,12.579999923706055,12.579999923706055,7
2025-05-07,12.71500015258789,12.71500015258789,12.71500015258789,12.71500015258789,12.71500015258789,33
2025-05-08,12.475000381469727,12.475000381469727,12.475000381469727,12.475000381469727,12.475000381469727,22
2025-05-09,12.404999732971191,12.404999732971191,12.404999732971191,12.404999732971191,12.404999732971191,40
2025-05-12,12.3149995803833,12.3149995803833,12.3149995803833,12.3149995803833,12.3149995803833,123
2025-05-13,12.024999618530273,12.024999618530273,12.024999618530273,12.024999618530273,12.024999618530273,114
2025-05-14,12.46500015258789,12.46500015258789,12.46500015258789,12.46500015258789,12.46500015258789,891
2025-05-15,12.90999984741211,12.90999984741211,12.920000076293945,12.649999618530273,12.649999618530273,407
2025-05-16,12.8149995803833,12.8149995803833,12.949999809265137,12.720000267028809,12.90999984741211,517
2025-05-19,12.6899995803833,12.6899995803833,12.890000343322754,12.654999732971191,12.869999885559082,387
2025-05-20,12.699999809265137,12.699999809265137,12.824999809265137,12.604999542236328,12.744999885559082,288
2025-05-21,13.15999984741211,13.15999984741211,13.225000381469727,12.8149995803833,12.8149995803833,932
2025-05-22,12.914999961853027,12.914999961853027,13.1899995803833,12.859999656677246,13.125,749
2025-05-23,13.170000076293945,13.170000076293945,13.34000015258789,12.90999984741211,12.90999984741211,1086
2025-05-27,13.324999809265137,13.324999809265137,13.479999542236328,13.130000114440918,13.135000228881836,975
2025-05-28,13.494999885559082,13.494999885559082,13.5,13.25,13.34000015258789,686
2025-05-29,13.354999542236328,13.354999542236328,13.5,13.319999694824219,13.479999542236328,466
2025-05-30,13.494999885559082,13.494999885559082,13.529999732971191,13.319999694824219,13.329999923706055,550
2025-06-02,13.375,13.375,13.545000076293945,13.319999694824219,13.515000343322754,629
2025-06-03,13.175000190734863,13.175000190734863,13.390000343322754,13.145000457763672,13.390000343322754,602
2025-06-04,13.494999885559082,13.494999885559082,13.5,13.135000228881836,13.15999984741211,521
2025-06-05,13.614999771118164,13.614999771118164,13.654999732971191,13.354999542236328,13.414999961853027,0
2025-06-06,13.649999618530273,13.649999618530273,13.65999984741211,13.510000228881836,13.595000267028809,566
2025-06-09,13.619999885559082,13.619999885559082,13.710000038146973,13.510000228881836,13.635000228881836,846
2025-06-10,13.71500015258789,13.71500015258789,13.720000267028809,13.420000076293945,13.5,776
2025-06-11,13.670000076293945,13.670000076293945,13.75,13.604999542236328,13.649999618530273,677
2025-06-12,13.734999656677246,13.734999656677246,13.75,13.585000038146973,13.635000228881836,549
2025-06-13,13.770000457763672,13.770000457763672,13.800000190734863,13.6899995803833,13.720000267028809,796
2025-06-16,13.420000076293945,13.420000076293945,13.765000343322754,13.279999732971191,13.75,1908
2025-06-17,13.529999732971191,13.529999732971191,13.569999694824219,13.335000038146973,13.34000015258789,880
2025-06-18,13.5600004196167,13.5600004196167,13.585000038146973,13.46500015258789,13.505000114440918,0
2025-06-20,13.529999732971191,13.529999732971191,13.670000076293945,13.484999656677246,13.5600004196167,943
2025-06-23,13.40999984741211,13.40999984741211,13.555000305175781,13.385000228881836,13.475000381469727,976
2025-06-24,13.5600004196167,13.5600004196167,13.614999771118164,13.324999809265137,13.354999542236328,1037
2025-06-25,13.260000228881836,13.260000228881836,13.579999923706055,13.199999809265137,13.545000076293945,588
2025-06-26,13.039999961853027,13.039999961853027,13.354999542236328,12.859999656677246,13.354999542236328,632
2025-06-27,13.104999542236328,13.104999542236328,13.149999618530273,12.925000190734863,13.029999732971191,617
2025-06-30,12.954999923706055,12.954999923706055,13.255000114440918,12.954999923706055,13.15999984741211,102
2025-07-01,12.65999984741211,12.65999984741211,12.65999984741211,12.65999984741211,12.65999984741211,0
2025-07-02,12.614999771118164,12.614999771118164,12.614999771118164,12.614999771118164,12.614999771118164,0
2025-07-03,12.609999656677246,12.609999656677246,12.609999656677246,12.609999656677246,12.609999656677246,0
2025-07-07,12.414999961853027,12.414999961853027,12.460000038146973,12.414999961853027,12.460000038146973,28
2025-07-08,12.680000305175781,12.680000305175781,12.680000305175781,12.680000305175781,12.680000305175781,0
2025-07-09,12.795000076293945,12.795000076293945,12.795000076293945,12.795000076293945,12.795000076293945,69
2025-07-10,12.579999923706055,12.579999923706055,12.579999923706055,12.579999923706055,12.579999923706055,1
2025-07-11,12.444999694824219,12.444999694824219,12.479999542236328,12.444999694824219,12.479999542236328,35
2025-07-14,12.375,12.375,12.375,12.375,12.375,595
2025-07-15,12.664999961853027,12.664999961853027,12.744999885559082,12.640000343322754,12.680000305175781,485
2025-07-16,12.65999984741211,12.65999984741211,12.850000381469727,12.600000381469727,12.71500015258789,524
2025-07-17,12.520000457763672,12.520000457763672,12.779999732971191,12.510000228881836,12.649999618530273,682
2025-07-18,12.364999771118164,12.364999771118164,12.645000457763672,12.34000015258789,12.520000457763672,1127
2025-07-21,12.319999694824219,12.319999694824219,12.430000305175781,12.28499984741211,12.40999984741211,752
2025-07-22,12.380000114440918,12.380000114440918,12.425000190734863,12.279999732971191,12.324999809265137,659
2025-07-23,12.53499984741211,12.53499984741211,12.569999694824219,12.390000343322754,12.395000457763672,656
2025-07-24,12.545000076293945,12.545000076293945,12.65999984741211,12.460000038146973,12.555000305175781,609
2025-07-25,12.614999771118164,12.614999771118164,12.649999618530273,12.475000381469727,12.484999656677246,410
2025-07-28,12.470000267028809,12.470000267028809,12.755000114440918,12.4399995803833,12.600000381469727,732
2025-07-29,12.385000228881836,12.385000228881836,12.46500015258789,12.350000381469727,12.4399995803833,399
2025-07-30,12.354999542236328,12.354999542236328,12.489999771118164,12.335000038146973,12.399999618530273,513
2025-07-31,12.279999732971191,12.279999732971191,12.404999732971191,12.255000114440918,12.369999885559082,624
2025-08-01,12.25,12.25,12.399999618530273,12.149999618530273,12.335000038146973,935
2025-08-04,12.279999732971191,12.279999732971191,12.369999885559082,12.194999694824219,12.274999618530273,428
2025-08-05,12.524999618530273,12.524999618530273,12.5649995803833,12.199999809265137,12.3100004196167,505
2025-08-06,12.515000343322754,12.515000343322754,12.600000381469727,12.425000190734863,12.515000343322754,759
2025-08-07,12.704999923706055,12.704999923706055,12.739999771118164,12.46500015258789,12.46500015258789,714
2025-08-08,12.720000267028809,12.720000267028809,12.8100004196167,12.649999618530273,12.649999618530273,935
2025-08-11,12.970000267028809,12.970000267028809,13.055000305175781,12.71500015258789,12.789999961853027,985
2025-08-12,12.779999732971191,12.779999732971191,13.329999923706055,12.600000381469727,13.055000305175781,2109
2025-08-13,12.78499984741211,12.78499984741211,12.930000305175781,12.600000381469727,12.694999694824219,1164
2025-08-14,12.779999732971191,12.779999732971191,12.895000457763672,12.65999984741211,12.859999656677246,999
2025-08-15,12.699999809265137,12.699999809265137,12.824999809265137,12.645000457763672,12.6899995803833,987
2025-08-18,12.585000038146973,12.585000038146973,12.699999809265137,12.550000190734863,12.6850004196167,2280
2025-08-19,12.510000228881836,12.510000228881836,12.625,12.380000114440918,12.600000381469727,1501
2025-08-20,12.055000305175781,12.055000305175781,12.529999732971191,11.770000457763672,12.444999694824219,707
2025-08-21,11.734999656677246,11.734999656677246,12.145000457763672,11.729999542236328,12.09000015258789,1203
2025-08-22,11.524999618530273,11.524999618530273,11.835000038146973,11.425000190734863,11.835000038146973,1294
2025-08-25,11.670000076293945,11.670000076293945,11.710000038146973,11.494999885559082,11.579999923706055,901
2025-08-26,11.864999771118164,11.864999771118164,11.885000228881836,11.65999984741211,11.71500015258789,842
2025-08-27,11.524999618530273,11.524999618530273,11.859999656677246,11.479999542236328,11.8149995803833,1018
2025-08-28,11.520000457763672,11.520000457763672,11.555000305175781,11.420000076293945,11.545000076293945,647
2025-08-29,11.789999961853027,11.789999961853027,11.845000267028809,11.569999694824219,11.569999694824219,0
2025-09-02,11.6850004196167,11.6850004196167,11.899999618530273,11.6850004196167,11.885000228881836,67
2025-09-03,11.75,11.75,11.770000457763672,11.75,11.770000457763672,55
2025-09-04,11.614999771118164,11.614999771118164,11.774999618530273,11.539999961853027,11.770000457763672,70
2025-09-05,11.579999923706055,11.579999923706055,11.579999923706055,11.539999961853027,11.539999961853027,10
2025-09-08,11.345000267028809,11.345000267028809,11.579999923706055,11.319999694824219,11.579999923706055,16
2025-09-09,11.345000267028809,11.345000267028809,11.350000381469727,11.345000267028809,11.350000381469727,17
2025-09-10,11.324999809265137,11.324999809265137,11.329999923706055,11.25,11.329999923706055,34
2025-09-11,11.375,11.375,11.375,11.319999694824219,11.319999694824219,9
2025-09-12,11.225000381469727,11.225000381469727,11.350000381469727,11.149999618530273,11.350000381469727,853
2025-09-15,11.529999732971191,11.529999732971191,11.5649995803833,11.3100004196167,11.414999961853027,892
2025-09-16,11.739999771118164,11.739999771118164,11.770000457763672,11.475000381469727,11.550000190734863,961
2025-09-17,11.59000015258789,11.59000015258789,11.824999809265137,11.550000190734863,11.680000305175781,678
2025-09-18,11.520000457763672,11.520000457763672,11.609999656677246,11.444999694824219,11.600000381469727,318
2025-09-19,11.5,11.5,11.595000267028809,11.430000305175781,11.484999656677246,291
2025-09-22,11.46500015258789,11.46500015258789,11.529999732971191,11.40999984741211,11.505000114440918,413
2025-09-23,11.479999542236328,11.479999542236328,11.574999809265137,11.399999618530273,11.420000076293945,313
2025-09-24,11.430000305175781,11.430000305175781,11.515000343322754,11.40999984741211,11.515000343322754,338
2025-09-25,11.369999885559082,11.369999885559082,11.505000114440918,11.364999771118164,11.449999809265137,364
2025-09-26,11.244999885559082,11.244999885559082,11.449999809265137,11.199999809265137,11.4350004196167,718
2025-09-29,11.359999656677246,11.359999656677246,11.449999809265137,11.255000114440918,11.305000305175781,600
2025-09-30,11.164999961853027,11.164999961853027,11.359999656677246,11.149999618530273,11.34000015258789,957
2025-10-01,11.074999809265137,11.074999809265137,11.199999809265137,10.930000305175781,11.180000305175781,1381
2025-10-02,11.010000228881836,11.010000228881836,11.100000381469727,10.979999542236328,11.029999732971191,536
2025-10-03,11.109999656677246,11.109999656677246,11.239999771118164,10.979999542236328,10.979999542236328,584
2025-10-06,11.03499984741211,11.03499984741211,11.140000343322754,10.850000381469727,11.069999694824219,613
2025-10-07,10.890000343322754,10.890000343322754,11.020000457763672,10.8100004196167,11.0,558
2025-10-08,10.725000381469727,10.725000381469727,10.875,10.71500015258789,10.869999885559082,739
2025-10-09,10.885000228881836,10.885000228881836,10.925000190734863,10.704999923706055,10.734999656677246,700
2025-10-10,10.680000305175781,10.680000305175781,10.890000343322754,10.664999961853027,10.755000114440918,760
2025-10-13,10.71500015258789,10.71500015258789,10.875,10.654999732971191,10.670000076293945,760
2025-10-14,10.725000381469727,10.725000381469727,10.824999809265137,10.604999542236328,10.739999771118164,703
2025-10-15,10.585000038146973,10.585000038146973,10.720000267028809,10.539999961853027,10.670000076293945,1300
2025-10-16,10.6899995803833,10.6899995803833,10.75,10.569999694824219,10.585000038146973,1583
2025-10-17,10.619999885559082,10.619999885559082,10.739999771118164,10.569999694824219,10.6899995803833,2051
2025-10-20,10.479999542236328,10.479999542236328,10.6899995803833,10.449999809265137,10.65999984741211,3350
2025-10-21,10.470000267028809,10.470000267028809,10.545000076293945,10.4350004196167,10.444999694824219,969
2025-10-22,10.260000228881836,10.260000228881836,10.5,10.244999885559082,10.425000190734863,961
2025-10-23,10.239999771118164,10.239999771118164,10.324999809265137,10.164999961853027,10.289999961853027,1067
2025-10-24,10.15999984741211,10.15999984741211,10.300000190734863,10.100000381469727,10.28499984741211,1158
2025-10-27,10.28499984741211,10.28499984741211,10.295000076293945,9.890000343322754,10.199999809265137,2522
2025-10-28,10.28499984741211,10.28499984741211,10.390000343322754,10.204999923706055,10.274999618530273,1122
2025-10-29,10.015000343322754,10.015000343322754,10.279999732971191,9.979999542236328,10.279999732971191,1613
2025-10-30,10.234999656677246,10.234999656677246,10.270000457763672,9.864999771118164,10.050000190734863,797
2025-10-31,10.265000343322754,10.265000343322754,10.274999618530273,10.15999984741211,10.25,181
2025-11-03,10.234999656677246,10.234999656677246,10.234999656677246,10.234999656677246,10.234999656677246,0
2025-11-04,10.199999809265137,10.199999809265137,10.199999809265137,10.199999809265137,10.199999809265137,10
2025-11-05,9.944999694824219,9.944999694824219,9.944999694824219,9.944999694824219,9.944999694824219,75
2025-11-06,10.015000343322754,10.015000343322754,10.015000343322754,10.015000343322754,10.015000343322754,9
2025-11-07,10.024999618530273,10.024999618530273,10.024999618530273,10.024999618530273,10.024999618530273,0
2025-11-10,10.125,10.125,10.125,10.125,10.125,0
2025-11-11,10.335000038146973,10.335000038146973,10.335000038146973,10.335000038146973,10.335000038146973,0
2025-11-12,10.28499984741211,10.28499984741211,10.28499984741211,10.28499984741211,10.28499984741211,21
2025-11-13,10.125,10.125,10.210000038146973,10.125,10.130000114440918,89
2025-11-14,10.140000343322754,10.140000343322754,10.399999618530273,10.140000343322754,10.399999618530273,326
2025-11-17,10.4399995803833,10.4399995803833,10.5,10.425000190734863,10.494999885559082,407
2025-11-18,10.350000381469727,10.350000381469727,10.5600004196167,10.335000038146973,10.4350004196167,614
2025-11-19,10.104999542236328,10.104999542236328,10.375,10.0600004196167,10.350000381469727,803
2025-11-20,10.029999732971191,10.029999732971191,10.175000190734863,10.010000228881836,10.175000190734863,551
2025-11-21,10.444999694824219,10.444999694824219,10.5,10.03499984741211,10.050000190734863,776
2025-11-24,10.414999961853027,10.414999961853027,10.5,10.329999923706055,10.375,445
2025-11-25,10.170000076293945,10.170000076293945,10.399999618530273,10.130000114440918,10.399999618530273,390
2025-11-26,10.135000228881836,10.135000228881836,10.324999809265137,10.125,10.194999694824219,345
2025-11-28,10.074999809265137,10.074999809265137,10.1899995803833,10.055000305175781,10.180000305175781,285
2025-12-01,10.175000190734863,10.175000190734863,10.28499984741211,10.074999809265137,10.125,1089
2025-12-02,10.114999771118164,10.114999771118164,10.279999732971191,10.085000038146973,10.1899995803833,880
2025-12-03,9.914999961853027,9.914999961853027,10.1850004196167,9.829999923706055,10.100000381469727,924
2025-12-04,10.09000015258789,10.09000015258789,10.114999771118164,9.880000114440918,9.899999618530273,702
2025-12-05,9.984999656677246,9.984999656677246,10.100000381469727,9.954999923706055,10.09000015258789,637
2025-12-08,10.145000457763672,10.145000457763672,10.210000038146973,9.984999656677246,9.984999656677246,646
2025-12-09,10.095000267028809,10.095000267028809,10.199999809265137,10.03499984741211,10.114999771118164,393
2025-12-10,9.9350004196167,9.9350004196167,10.085000038146973,9.850000381469727,10.0649995803833,602
2025-12-11,9.824999809265137,9.824999809265137,9.954999923706055,9.755000114440918,9.925000190734863,1640
2025-12-12,9.859999656677246,9.859999656677246,9.914999961853027,9.774999618530273,9.824999809265137,1273
2025-12-15,9.75,9.75,9.960000038146973,9.725000381469727,9.859999656677246,1747
2025-12-16,9.494999885559082,9.494999885559082,9.729999542236328,9.449999809265137,9.729999542236328,2861
2025-12-17,9.380000114440918,9.380000114440918,9.579999923706055,9.345000267028809,9.515000343322754,2766
2025-12-18,9.574999809265137,9.574999809265137,9.595000267028809,9.244999885559082,9.359999656677246,2484
2025-12-19,9.78499984741211,9.78499984741211,9.800000190734863,9.5,9.585000038146973,1762
2025-12-22,9.84000015258789,9.84000015258789,9.944999694824219,9.670000076293945,9.78499984741211,1348
2025-12-23,9.8100004196167,9.8100004196167,9.90999984741211,9.734999656677246,9.755000114440918,743
2025-12-24,9.914999961853027,9.914999961853027,9.930000305175781,9.805000305175781,9.829999923706055,358
2025-12-26,9.78499984741211,9.78499984741211,9.984999656677246,9.744999885559082,9.925000190734863,469
2025-12-29,9.510000228881836,9.510000228881836,9.78499984741211,9.395000457763672,9.75,873
2025-12-30,9.479999542236328,9.479999542236328,9.614999771118164,9.414999961853027,9.5,768
2025-12-31,9.595000267028809,9.595000267028809,9.595000267028809,9.505000114440918,9.505000114440918,171
2026-01-02,9.404999732971191,9.404999732971191,9.555000305175781,9.329999923706055,9.555000305175781,102
2026-01-05,9.920000076293945,9.920000076293945,10.050000190734863,9.600000381469727,9.600000381469727,57
2026-01-06,10.069999694824219,10.069999694824219,10.25,10.0649995803833,10.0649995803833,59
2026-01-07,10.109999656677246,10.109999656677246,10.199999809265137,10.109999656677246,10.199999809265137,84
2026-01-08,9.9350004196167,9.9350004196167,9.9350004196167,9.9350004196167,9.9350004196167,31
2026-01-09,9.979999542236328,9.979999542236328,9.979999542236328,9.979999542236328,9.979999542236328,60
2026-01-12,9.989999771118164,9.989999771118164,9.989999771118164,9.774999618530273,9.774999618530273,6
2026-01-13,10.34000015258789,10.34000015258789,10.34000015258789,10.229999542236328,10.234999656677246,23
2026-01-14,10.255000114440918,10.255000114440918,10.255000114440918,10.255000114440918,10.255000114440918,795
2026-01-15,10.600000381469727,10.600000381469727,10.675000190734863,10.510000228881836,10.510000228881836,615
2026-01-16,10.600000381469727,10.600000381469727,10.6899995803833,10.5,10.569999694824219,485
2026-01-20,10.6899995803833,10.6899995803833,10.6899995803833,10.364999771118164,10.604999542236328,755
2026-01-21,10.789999961853027,10.789999961853027,10.805000305175781,10.609999656677246,10.680000305175781,960
2026-01-22,10.6850004196167,10.6850004196167,10.78499984741211,10.625,10.779999732971191,495
2026-01-23,10.654999732971191,10.654999732971191,10.694999694824219,10.5600004196167,10.59000015258789,375
2026-01-26,10.9350004196167,10.9350004196167,11.069999694824219,10.654999732971191,10.654999732971191,1521
2026-01-27,10.960000038146973,10.960000038146973,11.069999694824219,10.890000343322754,10.890000343322754,932
2026-01-28,11.010000228881836,11.010000228881836,11.029999732971191,10.869999885559082,10.930000305175781,1044
2026-01-29,11.119999885559082,11.119999885559082,11.145000457763672,10.954999923706055,10.979999542236328,1342
2026-01-30,11.029999732971191,11.029999732971191,11.1899995803833,10.970000267028809,11.104999542236328,1132
2026-02-02,11.114999771118164,11.114999771118164,11.175000190734863,10.899999618530273,10.949999809265137,1054
2026-02-03,11.09000015258789,11.09000015258789,11.154999732971191,11.055000305175781,11.074999809265137,510
2026-02-04,11.0649995803833,11.0649995803833,11.180000305175781,11.015000343322754,11.09000015258789,759
2026-02-05,11.270000457763672,11.270000457763672,11.289999961853027,11.0600004196167,11.069999694824219,1246
2026-02-06,11.229999542236328,11.229999542236328,11.28499984741211,11.204999923706055,11.270000457763672,962
2026-02-09,11.1899995803833,11.1899995803833,11.34000015258789,11.164999961853027,11.234999656677246,1052
2026-02-10,11.229999542236328,11.229999542236328,11.279999732971191,11.164999961853027,11.199999809265137,1094
2026-02-11,11.135000228881836,11.135000228881836,11.239999771118164,11.119999885559082,11.229999542236328,1342
2026-02-12,11.199999809265137,11.199999809265137,11.234999656677246,10.989999771118164,11.095000267028809,918
2026-02-13,11.020000457763672,11.020000457763672,11.234999656677246,10.975000381469727,11.125,2151
2026-02-17,10.755000114440918,10.755000114440918,11.069999694824219,10.654999732971191,11.069999694824219,2092
2026-02-18,10.274999618530273,10.274999618530273,10.744999885559082,10.270000457763672,10.71500015258789,2075
2026-02-19,10.164999961853027,10.164999961853027,10.444999694824219,10.104999542236328,10.324999809265137,1550
2026-02-20,10.164999961853027,10.164999961853027,10.255000114440918,10.029999732971191,10.25,1294
2026-02-23,9.984999656677246,9.984999656677246,10.194999694824219,9.960000038146973,10.164999961853027,1423
2026-02-24,9.859999656677246,9.859999656677246,10.050000190734863,9.8100004196167,9.960000038146973,782
2026-02-25,9.904999732971191,9.904999732971191,9.970000267028809,9.800000190734863,9.880000114440918,723
2026-02-26,9.944999694824219,9.944999694824219,10.020000457763672,9.824999809265137,9.970000267028809,731
2026-02-27,10.395000457763672,10.395000457763672,10.395000457763672,10.095000267028809,10.175000190734863,330
2026-03-02,10.619999885559082,10.619999885559082,10.619999885559082,10.359999656677246,10.359999656677246,286
2026-03-03,10.585000038146973,10.585000038146973,10.585000038146973,10.585000038146973,10.585000038146973,90
2026-03-04,10.4350004196167,10.4350004196167,10.4350004196167,10.4350004196167,10.4350004196167,29
2026-03-05,10.789999961853027,10.789999961853027,10.789999961853027,10.395000457763672,10.425000190734863,19
2026-03-06,10.899999618530273,10.899999618530273,10.899999618530273,10.65999984741211,10.65999984741211,11
2026-03-09,11.015000343322754,11.015000343322754,11.015000343322754,11.015000343322754,11.015000343322754,0
2026-03-10,10.914999961853027,10.914999961853027,10.914999961853027,10.914999961853027,10.914999961853027,18
2026-03-11,10.96500015258789,10.96500015258789,10.96500015258789,10.96500015258789,10.96500015258789,0
2026-03-12,11.005000114440918,11.005000114440918,11.005000114440918,11.005000114440918,11.005000114440918,75
2026-03-13,11.03499984741211,11.03499984741211,11.03499984741211,11.03499984741211,11.03499984741211,474
2026-03-16,11.380000114440918,11.380000114440918,11.4399995803833,11.21500015258789,11.234999656677246,585
2026-03-17,11.34000015258789,11.34000015258789,11.395000457763672,11.305000305175781,11.329999923706055,381
2026-03-18,11.350000381469727,11.350000381469727,11.404999732971191,11.324999809265137,11.324999809265137,480
2026-03-19,11.329999923706055,11.329999923706055,11.364999771118164,11.229999542236328,11.364999771118164,538
2026-03-20,11.095000267028809,11.095000267028809,11.3149995803833,10.899999618530273,11.3149995803833,660
2026-03-23,10.9350004196167,10.9350004196167,11.199999809265137,10.925000190734863,11.125,525
2026-03-24,10.989999771118164,10.989999771118164,11.145000457763672,10.904999732971191,10.930000305175781,602
2026-03-25,10.975000381469727,10.975000381469727,11.109999656677246,10.944999694824219,10.970000267028809,520
2026-03-26,10.970000267028809,10.970000267028809,11.074999809265137,10.944999694824219,10.989999771118164,559
2026-03-27,11.09000015258789,11.09000015258789,11.255000114440918,10.96500015258789,10.96500015258789,498
2026-03-30,11.319999694824219,11.319999694824219,11.430000305175781,11.1850004196167,11.1850004196167,1413
2026-03-31,11.375,11.375,11.404999732971191,11.270000457763672,11.3100004196167,1083
2026-04-01,11.279999732971191,11.279999732971191,11.385000228881836,11.239999771118164,11.380000114440918,780
2026-04-02,11.229999542236328,11.229999542236328,11.289999961853027,11.194999694824219,11.244999885559082,0
2026-04-06,11.079999923706055,11.079999923706055,11.239999771118164,11.0,11.210000038146973,705
2026-04-07,11.145000457763672,11.145000457763672,11.210000038146973,11.03499984741211,11.100000381469727,456
2026-04-08,11.055000305175781,11.055000305175781,11.149999618530273,11.020000457763672,11.104999542236328,346
2026-04-09,10.904999732971191,10.904999732971191,11.095000267028809,10.899999618530273,11.03499984741211,707
2026-04-10,10.795000076293945,10.795000076293945,11.0,10.78499984741211,10.949999809265137,974
2026-04-13,10.65999984741211,10.65999984741211,10.949999809265137,10.649999618530273,10.8149995803833,998
2026-04-14,10.78499984741211,10.78499984741211,10.850000381469727,10.640000343322754,10.65999984741211,1084
2026-04-15,10.904999732971191,10.904999732971191,11.020000457763672,10.699999809265137,10.880000114440918,1015
2026-04-16,10.835000038146973,10.835000038146973,10.984999656677246,10.789999961853027,10.899999618530273,1455
2026-04-17,11.100000381469727,11.100000381469727,11.140000343322754,10.824999809265137,10.824999809265137,2478
2026-04-20,11.03499984741211,11.03499984741211,11.21500015258789,10.970000267028809,11.095000267028809,2252
2026-04-21,10.989999771118164,10.989999771118164,11.199999809265137,10.949999809265137,11.130000114440918,1337
2026-04-22,11.100000381469727,11.100000381469727,11.145000457763672,10.9399995803833,11.045000076293945,706
2026-04-23,11.015000343322754,11.015000343322754,11.100000381469727,10.979999542236328,11.005000114440918,1565
2026-04-24,10.800000190734863,10.800000190734863,11.045000076293945,10.75,11.005000114440918,1036
2026-04-27,10.739999771118164,10.739999771118164,10.899999618530273,10.734999656677246,10.829999923706055,1246
2026-04-28,10.574999809265137,10.574999809265137,10.744999885559082,10.529999732971191,10.744999885559082,1018
2026-04-29,10.53499984741211,10.53499984741211,10.720000267028809,10.46500015258789,10.574999809265137,1247
2026-04-30,10.795000076293945,10.795000076293945,10.795000076293945,10.795000076293945,10.795000076293945,97
2026-05-01,10.875,10.875,10.90999984741211,10.875,10.899999618530273,204
2026-05-04,11.369999885559082,11.369999885559082,11.425000190734863,11.364999771118164,11.420000076293945,224
2026-05-05,11.710000038146973,11.710000038146973,11.710000038146973,11.425000190734863,11.425000190734863,131
2026-05-06,11.8149995803833,11.8149995803833,11.819999694824219,11.779999732971191,11.800000190734863,68
2026-05-07,11.664999961853027,11.664999961853027,11.664999961853027,11.664999961853027,11.664999961853027,90
2026-05-08,11.819999694824219,11.819999694824219,11.819999694824219,11.819999694824219,11.819999694824219,33
2026-05-11,11.895000457763672,11.895000457763672,11.895000457763672,11.895000457763672,11.895000457763672,14
2026-05-12,12.039999961853027,12.039999961853027,12.100000381469727,11.899999618530273,11.9399995803833,37
2026-05-13,12.350000381469727,12.350000381469727,12.4350004196167,12.350000381469727,12.40999984741211,50
2026-05-14,12.40999984741211,12.40999984741211,12.40999984741211,12.40999984741211,12.40999984741211,1073
2026-05-15,12.569999694824219,12.569999694824219,12.890000343322754,12.369999885559082,12.734999656677246,1550
2026-05-18,12.8149995803833,12.8149995803833,12.829999923706055,12.420000076293945,12.449999809265137,779
2026-05-19,12.970000267028809,12.970000267028809,12.994999885559082,12.649999618530273,12.779999732971191,765
2026-05-20,12.925000190734863,12.925000190734863,12.994999885559082,12.805000305175781,12.970000267028809,844
2026-05-21,13.005000114440918,13.005000114440918,13.029999732971191,12.84000015258789,12.920000076293945,828
2026-05-22,12.984999656677246,12.984999656677246,13.045000076293945,12.869999885559082,12.970000267028809,546
2026-05-26,13.0,13.0,13.079999923706055,12.864999771118164,13.0,1008
2026-05-27,12.805000305175781,12.805000305175781,12.994999885559082,12.654999732971191,12.994999885559082,838
2026-05-28,12.930000305175781,12.930000305175781,13.015000343322754,12.770000457763672,12.805000305175781,870
2026-05-29,12.604999542236328,12.604999542236328,12.954999923706055,12.600000381469727,12.9350004196167,1358
2026-06-01,12.5,12.5,12.739999771118164,12.425000190734863,12.65999984741211,1062
2026-06-02,12.65999984741211,12.65999984741211,12.760000228881836,12.385000228881836,12.609999656677246,889
2026-06-03,12.529999732971191,12.529999732971191,12.774999618530273,12.460000038146973,12.675000190734863,462
2026-06-04,12.395000457763672,12.395000457763672,12.5600004196167,12.3100004196167,12.539999961853027,1062
2026-06-05,12.395000457763672,12.395000457763672,12.699999809265137,12.375,12.395000457763672,1025
2026-06-08,12.470000267028809,12.470000267028809,12.539999961853027,12.319999694824219,12.385000228881836,641
2026-06-09,12.390000343322754,12.390000343322754,12.654999732971191,12.34000015258789,12.489999771118164,527
2026-06-10,12.324999809265137,12.324999809265137,12.475000381469727,12.260000228881836,12.420000076293945,825
2026-06-11,12.204999923706055,12.204999923706055,12.489999771118164,12.170000076293945,12.3149995803833,1032
2026-06-12,12.039999961853027,12.039999961853027,12.279999732971191,11.949999809265137,12.260000228881836,1912
2026-06-15,11.8100004196167,11.8100004196167,12.029999732971191,11.755000114440918,12.015000343322754,1494
2026-06-16,11.84000015258789,11.84000015258789,11.925000190734863,11.789999961853027,11.895000457763672,1900
2026-06-17,11.930000305175781,11.930000305175781,11.994999885559082,11.770000457763672,11.869999885559082,1202
2026-06-18,12.204999923706055,12.204999923706055,12.375,11.904999732971191,11.904999732971191,970
2026-06-22,12.475000381469727,12.475000381469727,12.475000381469727,12.199999809265137,12.244999885559082,1178
2026-06-23,12.895000457763672,12.895000457763672,12.920000076293945,12.369999885559082,12.444999694824219,951
2026-06-24,12.925000190734863,12.925000190734863,12.975000381469727,12.739999771118164,12.819999694824219,761
2026-06-25,12.975000381469727,12.975000381469727,12.984999656677246,12.664999961853027,12.899999618530273,969
2026-06-26,13.100000381469727,13.100000381469727,13.175000190734863,12.805000305175781,12.920000076293945,1174
2026-06-29,13.21500015258789,13.21500015258789,13.3149995803833,12.949999809265137,13.045000076293945,1671
2026-06-30,12.819999694824219,12.819999694824219,13.335000038146973,12.819999694824219,13.335000038146973,299
2026-07-01,12.864999771118164,12.864999771118164,12.96500015258789,12.864999771118164,12.954999923706055,183
2026-07-02,12.805000305175781,12.805000305175781,12.805000305175781,12.805000305175781,12.805000305175781,77
2026-07-06,12.800000190734863,12.800000190734863,12.800000190734863,12.800000190734863,12.800000190734863,80
2026-07-07,13.21500015258789,13.21500015258789,13.21500015258789,12.944999694824219,12.944999694824219,302
2026-07-08,13.140000343322754,13.140000343322754,13.180000305175781,13.100000381469727,13.100000381469727,92
2026-07-09,13.4350004196167,13.4350004196167,13.489999771118164,13.329999923706055,13.34000015258789,227
2026-07-10,13.345000267028809,13.345000267028809,13.430000305175781,13.345000267028809,13.420000076293945,21
2026-07-13,13.170000076293945,13.170000076293945,13.170000076293945,13.170000076293945,13.170000076293945,175
2026-07-14,13.149999618530273,13.149999618530273,13.149999618530273,13.149999618530273,13.149999618530273,860
2026-07-15,13.930000305175781,13.930000305175781,13.994999885559082,13.670000076293945,13.78499984741211,539
2026-07-16,14.020000457763672,14.020000457763672,14.045000076293945,13.720000267028809,13.859999656677246,713
2026-07-17,14.010000228881836,14.010000228881836,14.09000015258789,13.895000457763672,14.0,393
2026-07-20,14.0,14.0,14.050000190734863,13.805000305175781,14.010000228881836,498
2026-07-21,14.210000038146973,14.210000038146973,14.295000076293945,13.84000015258789,14.0,1172
2026-07-22,14.305000305175781,14.305000305175781,14.4399995803833,14.130000114440918,14.210000038146973,778
2026-07-23,14.130000114440918,14.130000114440918,14.3149995803833,14.109999656677246,14.300000190734863,661
2026-07-24,13.975000381469727,13.975000381469727,14.199999809265137,13.819999694824219,14.114999771118164,649
2026-07-27,13.645000457763672,13.645000457763672,14.055000305175781,13.579999923706055,13.989999771118164,544
2026-07-28,13.65999984741211,13.65999984741211,13.744999885559082,13.524999618530273,13.59000015258789,590
2026-07-29,13.510000228881836,13.510000228881836,13.789999961853027,13.4399995803833,13.699999809265137,864
2026-07-30,13.765000343322754,13.765000343322754,13.850000381469727,13.404999732971191,13.579999923706055,752
2026-07-31,13.960000038146973,13.960000038146973,13.989999771118164,13.725000381469727,13.789999961853027,545
2026-08-03,14.175000190734863,14.175000190734863,14.279999732971191,13.904999732971191,13.984999656677246,897
2026-08-04,13.96500015258789,13.96500015258789,14.3149995803833,13.824999809265137,14.210000038146973,803
2026-08-05,14.055000305175781,14.055000305175781,14.149999618530273,13.869999885559082,13.885000228881836,572
2026-08-06,14.1850004196167,14.1850004196167,14.369999885559082,14.029999732971191,14.114999771118164,753
2026-08-07,14.229999542236328,14.229999542236328,14.414999961853027,14.125,14.1850004196167,813
2026-08-10,14.024999618530273,14.024999618530273,14.335000038146973,13.989999771118164,14.324999809265137,745
2026-08-11,13.920000076293945,13.920000076293945,14.0649995803833,13.914999961853027,14.024999618530273,743
2026-08-12,13.914999961853027,13.914999961853027,14.0600004196167,13.890000343322754,13.914999961853027,1038
2026-08-13,14.194999694824219,14.194999694824219,14.199999809265137,13.899999618530273,13.954999923706055,998
2026-08-14,13.979999542236328,13.979999542236328,14.220000267028809,13.970000267028809,14.194999694824219,1026
2026-08-17,14.175000190734863,14.175000190734863,14.220000267028809,13.989999771118164,14.0,1634
2026-08-18,14.244999885559082,14.244999885559082,14.295000076293945,14.149999618530273,14.149999618530273,2439
2026-08-19,14.239999771118164,14.239999771118164,14.295000076293945,14.020000457763672,14.180000305175781,1086
2026-08-20,14.140000343322754,14.140000343322754,14.300000190734863,14.079999923706055,14.21500015258789,1146
2026-08-21,14.694999694824219,14.694999694824219,14.720000267028809,14.055000305175781,14.104999542236328,1393
2026-08-24,14.550000190734863,14.550000190734863,15.085000038146973,14.46500015258789,14.6899995803833,1860
2026-08-25,14.390000343322754,14.390000343322754,14.625,14.1850004196167,14.475000381469727,1542
2026-08-26,14.835000038146973,14.835000038146973,14.899999618530273,14.4399995803833,14.449999809265137,991
2026-08-27,14.845000267028809,14.845000267028809,14.914999961853027,14.699999809265137,14.765000343322754,593
2026-08-28,15.055000305175781,15.055000305175781,15.125,14.8100004196167,14.864999771118164,555
2026-08-31,15.25,15.25,15.25,15.199999809265137,15.25,392
2026-09-01,15.329999923706055,15.329999923706055,15.345000267028809,15.180000305175781,15.180000305175781,121
2026-09-02,15.234999656677246,15.234999656677246,15.430000305175781,15.210000038146973,15.354999542236328,111
2026-09-03,15.234999656677246,15.234999656677246,15.260000228881836,15.234999656677246,15.260000228881836,31
2026-09-04,15.380000114440918,15.380000114440918,15.380000114440918,15.140000343322754,15.1850004196167,31
