					CZCE History data(2016JR)
Trading Day|Contract Code|Prev.Settle|Open     |High     |Low      |Close    |Settlement|Change1   |Change2   |Volume    |OpenInterest|OI Change|Turnover     |DeliverySettlementPrice|
2016-01-04 |JR601        |2,981.00   |0.00     |0.00     |0.00     |0.00     |2,981.00  |0.00      |0.00      |0         |0           |0        |0.00         |2,981.00               |
2016-01-04 |JR603        |2,980.00   |0.00     |0.00     |0.00     |0.00     |2,980.00  |0.00      |0.00      |0         |0           |0        |0.00         |0.00                   |
2016-01-04 |JR605        |2,990.00   |0.00     |0.00     |0.00     |0.00     |2,990.00  |0.00      |0.00      |0         |0           |0        |0.00         |0.00                   |
2016-01-04 |JR607        |2,990.00   |0.00     |0.00     |0.00     |0.00     |2,990.00  |0.00      |0.00      |0         |0           |0        |0.00         |0.00                   |
2016-01-04 |JR609        |2,990.00   |0.00     |0.00     |0.00     |0.00     |2,990.00  |0.00      |0.00      |0         |0           |0        |0.00         |0.00                   |
2016-01-04 |JR611        |2,990.00   |0.00     |0.00     |0.00     |0.00     |2,990.00  |0.00      |0.00      |0         |0           |0        |0.00         |0.00                   |
2016-01-05 |JR601        |2,981.00   |0.00     |0.00     |0.00     |0.00     |2,981.00  |0.00      |0.00      |0         |0           |0        |0.00         |2,981.00               |
2016-01-05 |JR603        |2,980.00   |0.00     |0.00     |0.00     |0.00     |2,980.00  |0.00      |0.00      |0         |0           |0        |0.00         |0.00                   |
2016-01-05 |JR605        |2,990.00   |0.00     |0.00     |0.00     |0.00     |2,990.00  |0.00      |0.00      |0         |0           |0        |0.00         |0.00                   |
2016-01-05 |JR607        |2,990.00   |0.00     |0.00     |0.00     |0.00     |2,990.00  |0.00      |0.00      |0         |0           |0        |0.00         |0.00                   |
2016-01-05 |JR609        |2,990.00   |0.00     |0.00     |0.00     |0.00     |2,990.00  |0.00      |0.00      |0         |0           |0        |0.00         |0.00                   |
2016-01-05 |JR611        |2,990.00   |0.00     |0.00     |0.00     |0.00     |2,990.00  |0.00      |0.00      |0         |0           |0        |0.00         |0.00                   |
2016-01-06 |JR601        |2,981.00   |0.00     |0.00     |0.00     |0.00     |2,981.00  |0.00      |0.00      |0         |0           |0        |0.00         |2,981.00               |
2016-01-06 |JR603        |2,980.00   |0.00     |0.00     |0.00     |0.00     |2,980.00  |0.00      |0.00      |0         |0           |0        |0.00         |0.00                   |
2016-01-06 |JR605        |2,990.00   |0.00     |0.00     |0.00     |0.00     |2,990.00  |0.00      |0.00      |0         |0           |0        |0.00         |0.00                   |
2016-01-06 |JR607        |2,990.00   |0.00     |0.00     |0.00     |0.00     |2,990.00  |0.00      |0.00      |0         |0           |0        |0.00         |0.00                   |
2016-01-06 |JR609        |2,990.00   |0.00     |0.00     |0.00     |0.00     |2,990.00  |0.00      |0.00      |0         |0           |0        |0.00         |0.00                   |
2016-01-06 |JR611        |2,990.00   |0.00     |0.00     |0.00     |0.00     |2,990.00  |0.00      |0.00      |0         |0           |0        |0.00         |0.00                   |
2016-01-07 |JR601        |2,981.00   |0.00     |0.00     |0.00     |0.00     |2,981.00  |0.00      |0.00      |0         |0           |0        |0.00         |2,981.00               |
2016-01-07 |JR603        |2,980.00   |0.00     |0.00     |0.00     |0.00     |2,980.00  |0.00      |0.00      |0         |0           |0        |0.00         |0.00                   |
2016-01-07 |JR605        |2,990.00   |0.00     |0.00     |0.00     |0.00     |2,990.00  |0.00      |0.00      |0         |0           |0        |0.00         |0.00                   |
2016-01-07 |JR607        |2,990.00   |0.00     |0.00     |0.00     |0.00     |2,990.00  |0.00      |0.00      |0         |0           |0        |0.00         |0.00                   |
2016-01-07 |JR609        |2,990.00   |0.00     |0.00     |0.00     |0.00     |2,990.00  |0.00      |0.00      |0         |0           |0        |0.00         |0.00                   |
2016-01-07 |JR611        |2,990.00   |0.00     |0.00     |0.00     |0.00     |2,990.00  |0.00      |0.00      |0         |0           |0        |0.00         |0.00                   |
2016-01-08 |JR601        |2,981.00   |0.00     |0.00     |0.00     |0.00     |2,981.00  |0.00      |0.00      |0         |0           |0        |0.00         |2,981.00               |
2016-01-08 |JR603        |2,980.00   |0.00     |0.00     |0.00     |0.00     |2,980.00  |0.00      |0.00      |0         |0           |0        |0.00         |0.00                   |
2016-01-08 |JR605        |2,990.00   |0.00     |0.00     |0.00     |0.00     |2,990.00  |0.00      |0.00      |0         |0           |0        |0.00         |0.00                   |
2016-01-08 |JR607        |2,990.00   |0.00     |0.00     |0.00     |0.00     |2,990.00  |0.00      |0.00      |0         |0           |0        |0.00         |0.00                   |
2016-01-08 |JR609        |2,990.00   |0.00     |0.00     |0.00     |0.00     |2,990.00  |0.00      |0.00      |0         |0           |0        |0.00         |0.00                   |
2016-01-08 |JR611        |2,990.00   |0.00     |0.00     |0.00     |0.00     |2,990.00  |0.00      |0.00      |0         |0           |0        |0.00         |0.00                   |
2016-01-11 |JR601        |2,981.00   |0.00     |0.00     |0.00     |0.00     |2,981.00  |0.00      |0.00      |0         |0           |0        |0.00         |2,981.00               |
2016-01-11 |JR603        |2,980.00   |0.00     |0.00     |0.00     |0.00     |2,980.00  |0.00      |0.00      |0         |0           |0        |0.00         |0.00                   |
2016-01-11 |JR605        |2,990.00   |0.00     |0.00     |0.00     |0.00     |2,990.00  |0.00      |0.00      |0         |0           |0        |0.00         |0.00                   |
2016-01-11 |JR607        |2,990.00   |0.00     |0.00     |0.00     |0.00     |2,990.00  |0.00      |0.00      |0         |0           |0        |0.00         |0.00                   |
2016-01-11 |JR609        |2,990.00   |0.00     |0.00     |0.00     |0.00     |2,990.00  |0.00      |0.00      |0         |0           |0        |0.00         |0.00                   |
2016-01-11 |JR611        |2,990.00   |0.00     |0.00     |0.00     |0.00     |2,990.00  |0.00      |0.00      |0         |0           |0        |0.00         |0.00                   |
2016-01-12 |JR601        |2,981.00   |0.00     |0.00     |0.00     |0.00     |2,981.00  |0.00      |0.00      |0         |0           |0        |0.00         |2,981.00               |
2016-01-12 |JR603        |2,980.00   |0.00     |0.00     |0.00     |0.00     |2,980.00  |0.00      |0.00      |0         |0           |0        |0.00         |0.00                   |
2016-01-12 |JR605        |2,990.00   |0.00     |0.00     |0.00     |0.00     |2,990.00  |0.00      |0.00      |0         |0           |0        |0.00         |0.00                   |
2016-01-12 |JR607        |2,990.00   |0.00     |0.00     |0.00     |0.00     |2,990.00  |0.00      |0.00      |0         |0           |0        |0.00         |0.00                   |
2016-01-12 |JR609        |2,990.00   |0.00     |0.00     |0.00     |0.00     |2,990.00  |0.00      |0.00      |0         |0           |0        |0.00         |0.00                   |
2016-01-12 |JR611        |2,990.00   |0.00     |0.00     |0.00     |0.00     |2,990.00  |0.00      |0.00      |0         |0           |0        |0.00         |0.00                   |
2016-01-13 |JR601        |2,981.00   |0.00     |0.00     |0.00     |0.00     |2,981.00  |0.00      |0.00      |0         |0           |0        |0.00         |2,981.00               |
2016-01-13 |JR603        |2,980.00   |0.00     |0.00     |0.00     |0.00     |2,980.00  |0.00      |0.00      |0         |0           |0        |0.00         |0.00                   |
2016-01-13 |JR605        |2,990.00   |0.00     |0.00     |0.00     |0.00     |2,990.00  |0.00      |0.00      |0         |0           |0        |0.00         |0.00                   |
2016-01-13 |JR607        |2,990.00   |0.00     |0.00     |0.00     |0.00     |2,990.00  |0.00      |0.00      |0         |0           |0        |0.00         |0.00                   |
2016-01-13 |JR609        |2,990.00   |0.00     |0.00     |0.00     |0.00     |2,990.00  |0.00      |0.00      |0         |0           |0        |0.00         |0.00                   |
2016-01-13 |JR611        |2,990.00   |0.00     |0.00     |0.00     |0.00     |2,990.00  |0.00      |0.00      |0         |0           |0        |0.00         |0.00                   |
2016-01-14 |JR601        |2,981.00   |0.00     |0.00     |0.00     |0.00     |2,981.00  |0.00      |0.00      |0         |0           |0        |0.00         |2,981.00               |
2016-01-14 |JR603        |2,980.00   |0.00     |0.00     |0.00     |0.00     |2,980.00  |0.00      |0.00      |0         |0           |0        |0.00         |0.00                   |
2016-01-14 |JR605        |2,990.00   |0.00     |0.00     |0.00     |0.00     |2,990.00  |0.00      |0.00      |0         |0           |0        |0.00         |0.00                   |
2016-01-14 |JR607        |2,990.00   |0.00     |0.00     |0.00     |0.00     |2,990.00  |0.00      |0.00      |0         |0           |0        |0.00         |0.00                   |
2016-01-14 |JR609        |2,990.00   |0.00     |0.00     |0.00     |0.00     |2,990.00  |0.00      |0.00      |0         |0           |0        |0.00         |0.00                   |
2016-01-14 |JR611        |2,990.00   |0.00     |0.00     |0.00     |0.00     |2,990.00  |0.00      |0.00      |0         |0           |0        |0.00         |0.00                   |
2016-01-15 |JR601        |2,981.00   |0.00     |0.00     |0.00     |0.00     |2,981.00  |0.00      |0.00      |0         |0           |0        |0.00         |2,981.00               |
2016-01-15 |JR603        |2,980.00   |0.00     |0.00     |0.00     |0.00     |2,980.00  |0.00      |0.00      |0         |0           |0        |0.00         |0.00                   |
2016-01-15 |JR605        |2,990.00   |0.00     |0.00     |0.00     |0.00     |2,990.00  |0.00      |0.00      |0         |0           |0        |0.00         |0.00                   |
2016-01-15 |JR607        |2,990.00   |0.00     |0.00     |0.00     |0.00     |2,990.00  |0.00      |0.00      |0         |0           |0        |0.00         |0.00                   |
2016-01-15 |JR609        |2,990.00   |0.00     |0.00     |0.00     |0.00     |2,990.00  |0.00      |0.00      |0         |0           |0        |0.00         |0.00                   |
2016-01-15 |JR611        |2,990.00   |0.00     |0.00     |0.00     |0.00     |2,990.00  |0.00      |0.00      |0         |0           |0        |0.00         |0.00                   |
2016-01-18 |JR603        |2,980.00   |0.00     |0.00     |0.00     |0.00     |2,980.00  |0.00      |0.00      |0         |0           |0        |0.00         |0.00                   |
2016-01-18 |JR605        |2,990.00   |0.00     |0.00     |0.00     |0.00     |2,990.00  |0.00      |0.00      |0         |0           |0        |0.00         |0.00                   |
2016-01-18 |JR607        |2,990.00   |0.00     |0.00     |0.00     |0.00     |2,990.00  |0.00      |0.00      |0         |0           |0        |0.00         |0.00                   |
2016-01-18 |JR609        |2,990.00   |0.00     |0.00     |0.00     |0.00     |2,990.00  |0.00      |0.00      |0         |0           |0        |0.00         |0.00                   |
2016-01-18 |JR611        |2,990.00   |0.00     |0.00     |0.00     |0.00     |2,990.00  |0.00      |0.00      |0         |0           |0        |0.00         |0.00                   |
2016-01-18 |JR701        |2,990.00   |0.00     |0.00     |0.00     |0.00     |2,990.00  |0.00      |0.00      |0         |0           |0        |0.00         |0.00                   |
2016-01-19 |JR603        |2,980.00   |0.00     |0.00     |0.00     |0.00     |2,980.00  |0.00      |0.00      |0         |0           |0        |0.00         |0.00                   |
2016-01-19 |JR605        |2,990.00   |0.00     |0.00     |0.00     |0.00     |2,990.00  |0.00      |0.00      |0         |0           |0        |0.00         |0.00                   |
2016-01-19 |JR607        |2,990.00   |0.00     |0.00     |0.00     |0.00     |2,990.00  |0.00      |0.00      |0         |0           |0        |0.00         |0.00                   |
2016-01-19 |JR609        |2,990.00   |0.00     |0.00     |0.00     |0.00     |2,990.00  |0.00      |0.00      |0         |0           |0        |0.00         |0.00                   |
2016-01-19 |JR611        |2,990.00   |0.00     |0.00     |0.00     |0.00     |2,990.00  |0.00      |0.00      |0         |0           |0        |0.00         |0.00                   |
2016-01-19 |JR701        |2,990.00   |0.00     |0.00     |0.00     |0.00     |2,990.00  |0.00      |0.00      |0         |0           |0        |0.00         |0.00                   |
2016-01-20 |JR603        |2,980.00   |0.00     |0.00     |0.00     |0.00     |2,980.00  |0.00      |0.00      |0         |0           |0        |0.00         |0.00                   |
2016-01-20 |JR605        |2,990.00   |0.00     |0.00     |0.00     |0.00     |2,990.00  |0.00      |0.00      |0         |0           |0        |0.00         |0.00                   |
2016-01-20 |JR607        |2,990.00   |0.00     |0.00     |0.00     |0.00     |2,990.00  |0.00      |0.00      |0         |0           |0        |0.00         |0.00                   |
2016-01-20 |JR609        |2,990.00   |0.00     |0.00     |0.00     |0.00     |2,990.00  |0.00      |0.00      |0         |0           |0        |0.00         |0.00                   |
2016-01-20 |JR611        |2,990.00   |0.00     |0.00     |0.00     |0.00     |2,990.00  |0.00      |0.00      |0         |0           |0        |0.00         |0.00                   |
2016-01-20 |JR701        |2,990.00   |0.00     |0.00     |0.00     |0.00     |2,990.00  |0.00      |0.00      |0         |0           |0        |0.00         |0.00                   |
2016-01-21 |JR603        |2,980.00   |0.00     |0.00     |0.00     |0.00     |2,980.00  |0.00      |0.00      |0         |0           |0        |0.00         |0.00                   |
2016-01-21 |JR605        |2,990.00   |0.00     |0.00     |0.00     |0.00     |2,990.00  |0.00      |0.00      |0         |0           |0        |0.00         |0.00                   |
2016-01-21 |JR607        |2,990.00   |0.00     |0.00     |0.00     |0.00     |2,990.00  |0.00      |0.00      |0         |0           |0        |0.00         |0.00                   |
2016-01-21 |JR609        |2,990.00   |0.00     |0.00     |0.00     |0.00     |2,990.00  |0.00      |0.00      |0         |0           |0        |0.00         |0.00                   |
2016-01-21 |JR611        |2,990.00   |0.00     |0.00     |0.00     |0.00     |2,990.00  |0.00      |0.00      |0         |0           |0        |0.00         |0.00                   |
2016-01-21 |JR701        |2,990.00   |0.00     |0.00     |0.00     |0.00     |2,990.00  |0.00      |0.00      |0         |0           |0        |0.00         |0.00                   |
2016-01-22 |JR603        |2,980.00   |0.00     |0.00     |0.00     |0.00     |2,980.00  |0.00      |0.00      |0         |0           |0        |0.00         |0.00                   |
2016-01-22 |JR605        |2,990.00   |0.00     |0.00     |0.00     |0.00     |2,990.00  |0.00      |0.00      |0         |0           |0        |0.00         |0.00                   |
2016-01-22 |JR607        |2,990.00   |0.00     |0.00     |0.00     |0.00     |2,990.00  |0.00      |0.00      |0         |0           |0        |0.00         |0.00                   |
2016-01-22 |JR609        |2,990.00   |0.00     |0.00     |0.00     |0.00     |2,990.00  |0.00      |0.00      |0         |0           |0        |0.00         |0.00                   |
2016-01-22 |JR611        |2,990.00   |0.00     |0.00     |0.00     |0.00     |2,990.00  |0.00      |0.00      |0         |0           |0        |0.00         |0.00                   |
2016-01-22 |JR701        |2,990.00   |0.00     |0.00     |0.00     |0.00     |2,990.00  |0.00      |0.00      |0         |0           |0        |0.00         |0.00                   |
2016-01-25 |JR603        |2,980.00   |0.00     |0.00     |0.00     |0.00     |2,980.00  |0.00      |0.00      |0         |0           |0        |0.00         |0.00                   |
2016-01-25 |JR605        |2,990.00   |0.00     |0.00     |0.00     |0.00     |2,990.00  |0.00      |0.00      |0         |0           |0        |0.00         |0.00                   |
2016-01-25 |JR607        |2,990.00   |0.00     |0.00     |0.00     |0.00     |2,990.00  |0.00      |0.00      |0         |0           |0        |0.00         |0.00                   |
2016-01-25 |JR609        |2,990.00   |0.00     |0.00     |0.00     |0.00     |2,990.00  |0.00      |0.00      |0         |0           |0        |0.00         |0.00                   |
2016-01-25 |JR611        |2,990.00   |0.00     |0.00     |0.00     |0.00     |2,990.00  |0.00      |0.00      |0         |0           |0        |0.00         |0.00                   |
2016-01-25 |JR701        |2,990.00   |0.00     |0.00     |0.00     |0.00     |2,990.00  |0.00      |0.00      |0         |0           |0        |0.00         |0.00                   |
2016-01-26 |JR603        |2,980.00   |0.00     |0.00     |0.00     |0.00     |2,980.00  |0.00      |0.00      |0         |0           |0        |0.00         |0.00                   |
2016-01-26 |JR605        |2,990.00   |0.00     |0.00     |0.00     |0.00     |2,990.00  |0.00      |0.00      |0         |0           |0        |0.00         |0.00                   |
2016-01-26 |JR607        |2,990.00   |0.00     |0.00     |0.00     |0.00     |2,990.00  |0.00      |0.00      |0         |0           |0        |0.00         |0.00                   |
2016-01-26 |JR609        |2,990.00   |0.00     |0.00     |0.00     |0.00     |2,990.00  |0.00      |0.00      |0         |0           |0        |0.00         |0.00                   |
2016-01-26 |JR611        |2,990.00   |0.00     |0.00     |0.00     |0.00     |2,990.00  |0.00      |0.00      |0         |0           |0        |0.00         |0.00                   |
2016-01-26 |JR701        |2,990.00   |0.00     |0.00     |0.00     |0.00     |2,990.00  |0.00      |0.00      |0         |0           |0        |0.00         |0.00                   |
2016-01-27 |JR603        |2,980.00   |0.00     |0.00     |0.00     |0.00     |2,980.00  |0.00      |0.00      |0         |0           |0        |0.00         |0.00                   |
2016-01-27 |JR605        |2,990.00   |0.00     |0.00     |0.00     |0.00     |2,990.00  |0.00      |0.00      |0         |0           |0        |0.00         |0.00                   |
2016-01-27 |JR607        |2,990.00   |0.00     |0.00     |0.00     |0.00     |2,990.00  |0.00      |0.00      |0         |0           |0        |0.00         |0.00                   |
2016-01-27 |JR609        |2,990.00   |0.00     |0.00     |0.00     |0.00     |2,990.00  |0.00      |0.00      |0         |0           |0        |0.00         |0.00                   |
2016-01-27 |JR611        |2,990.00   |0.00     |0.00     |0.00     |0.00     |2,990.00  |0.00      |0.00      |0         |0           |0        |0.00         |0.00                   |
2016-01-27 |JR701        |2,990.00   |0.00     |0.00     |0.00     |0.00     |2,990.00  |0.00      |0.00      |0         |0           |0        |0.00         |0.00                   |
2016-01-28 |JR603        |2,980.00   |0.00     |0.00     |0.00     |0.00     |2,980.00  |0.00      |0.00      |0         |0           |0        |0.00         |0.00                   |
2016-01-28 |JR605        |2,990.00   |0.00     |0.00     |0.00     |0.00     |2,990.00  |0.00      |0.00      |0         |0           |0        |0.00         |0.00                   |
2016-01-28 |JR607        |2,990.00   |0.00     |0.00     |0.00     |0.00     |2,990.00  |0.00      |0.00      |0         |0           |0        |0.00         |0.00                   |
2016-01-28 |JR609        |2,990.00   |0.00     |0.00     |0.00     |0.00     |2,990.00  |0.00      |0.00      |0         |0           |0        |0.00         |0.00                   |
2016-01-28 |JR611        |2,990.00   |0.00     |0.00     |0.00     |0.00     |2,990.00  |0.00      |0.00      |0         |0           |0        |0.00         |0.00                   |
2016-01-28 |JR701        |2,990.00   |0.00     |0.00     |0.00     |0.00     |2,990.00  |0.00      |0.00      |0         |0           |0        |0.00         |0.00                   |
2016-01-29 |JR603        |2,980.00   |0.00     |0.00     |0.00     |0.00     |2,980.00  |0.00      |0.00      |0         |0           |0        |0.00         |0.00                   |
2016-01-29 |JR605        |2,990.00   |0.00     |0.00     |0.00     |0.00     |2,990.00  |0.00      |0.00      |0         |0           |0        |0.00         |0.00                   |
2016-01-29 |JR607        |2,990.00   |0.00     |0.00     |0.00     |0.00     |2,990.00  |0.00      |0.00      |0         |0           |0        |0.00         |0.00                   |
2016-01-29 |JR609        |2,990.00   |0.00     |0.00     |0.00     |0.00     |2,990.00  |0.00      |0.00      |0         |0           |0        |0.00         |0.00                   |
2016-01-29 |JR611        |2,990.00   |0.00     |0.00     |0.00     |0.00     |2,990.00  |0.00      |0.00      |0         |0           |0        |0.00         |0.00                   |
2016-01-29 |JR701        |2,990.00   |0.00     |0.00     |0.00     |0.00     |2,990.00  |0.00      |0.00      |0         |0           |0        |0.00         |0.00                   |
2016-02-01 |JR603        |2,980.00   |0.00     |0.00     |0.00     |0.00     |2,980.00  |0.00      |0.00      |0         |0           |0        |0.00         |0.00                   |
2016-02-01 |JR605        |2,990.00   |0.00     |0.00     |0.00     |0.00     |2,990.00  |0.00      |0.00      |0         |0           |0        |0.00         |0.00                   |
2016-02-01 |JR607        |2,990.00   |0.00     |0.00     |0.00     |0.00     |2,990.00  |0.00      |0.00      |0         |0           |0        |0.00         |0.00                   |
2016-02-01 |JR609        |2,990.00   |0.00     |0.00     |0.00     |0.00     |2,990.00  |0.00      |0.00      |0         |0           |0        |0.00         |0.00                   |
2016-02-01 |JR611        |2,990.00   |0.00     |0.00     |0.00     |0.00     |2,990.00  |0.00      |0.00      |0         |0           |0        |0.00         |0.00                   |
2016-02-01 |JR701        |2,990.00   |0.00     |0.00     |0.00     |0.00     |2,990.00  |0.00      |0.00      |0         |0           |0        |0.00         |0.00                   |
2016-02-02 |JR603        |2,980.00   |0.00     |0.00     |0.00     |0.00     |2,980.00  |0.00      |0.00      |0         |0           |0        |0.00         |0.00                   |
2016-02-02 |JR605        |2,990.00   |0.00     |0.00     |0.00     |0.00     |2,990.00  |0.00      |0.00      |0         |0           |0        |0.00         |0.00                   |
2016-02-02 |JR607        |2,990.00   |0.00     |0.00     |0.00     |0.00     |2,990.00  |0.00      |0.00      |0         |0           |0        |0.00         |0.00                   |
2016-02-02 |JR609        |2,990.00   |0.00     |0.00     |0.00     |0.00     |2,990.00  |0.00      |0.00      |0         |0           |0        |0.00         |0.00                   |
2016-02-02 |JR611        |2,990.00   |0.00     |0.00     |0.00     |0.00     |2,990.00  |0.00      |0.00      |0         |0           |0        |0.00         |0.00                   |
2016-02-02 |JR701        |2,990.00   |0.00     |0.00     |0.00     |0.00     |2,990.00  |0.00      |0.00      |0         |0           |0        |0.00         |0.00                   |
2016-02-03 |JR603        |2,980.00   |0.00     |0.00     |0.00     |0.00     |2,980.00  |0.00      |0.00      |0         |0           |0        |0.00         |0.00                   |
2016-02-03 |JR605        |2,990.00   |0.00     |0.00     |0.00     |0.00     |2,990.00  |0.00      |0.00      |0         |0           |0        |0.00         |0.00                   |
2016-02-03 |JR607        |2,990.00   |0.00     |0.00     |0.00     |0.00     |2,990.00  |0.00      |0.00      |0         |0           |0        |0.00         |0.00                   |
2016-02-03 |JR609        |2,990.00   |0.00     |0.00     |0.00     |0.00     |2,990.00  |0.00      |0.00      |0         |0           |0        |0.00         |0.00                   |
2016-02-03 |JR611        |2,990.00   |0.00     |0.00     |0.00     |0.00     |2,990.00  |0.00      |0.00      |0         |0           |0        |0.00         |0.00                   |
2016-02-03 |JR701        |2,990.00   |0.00     |0.00     |0.00     |0.00     |2,990.00  |0.00      |0.00      |0         |0           |0        |0.00         |0.00                   |
2016-02-04 |JR603        |2,980.00   |0.00     |0.00     |0.00     |0.00     |2,980.00  |0.00      |0.00      |0         |0           |0        |0.00         |0.00                   |
2016-02-04 |JR605        |2,990.00   |0.00     |0.00     |0.00     |0.00     |2,990.00  |0.00      |0.00      |0         |0           |0        |0.00         |0.00                   |
2016-02-04 |JR607        |2,990.00   |0.00     |0.00     |0.00     |0.00     |2,990.00  |0.00      |0.00      |0         |0           |0        |0.00         |0.00                   |
2016-02-04 |JR609        |2,990.00   |0.00     |0.00     |0.00     |0.00     |2,990.00  |0.00      |0.00      |0         |0           |0        |0.00         |0.00                   |
2016-02-04 |JR611        |2,990.00   |0.00     |0.00     |0.00     |0.00     |2,990.00  |0.00      |0.00      |0         |0           |0        |0.00         |0.00                   |
2016-02-04 |JR701        |2,990.00   |0.00     |0.00     |0.00     |0.00     |2,990.00  |0.00      |0.00      |0         |0           |0        |0.00         |0.00                   |
2016-02-05 |JR603        |2,980.00   |0.00     |0.00     |0.00     |0.00     |2,980.00  |0.00      |0.00      |0         |0           |0        |0.00         |0.00                   |
2016-02-05 |JR605        |2,990.00   |0.00     |0.00     |0.00     |0.00     |2,990.00  |0.00      |0.00      |0         |0           |0        |0.00         |0.00                   |
2016-02-05 |JR607        |2,990.00   |0.00     |0.00     |0.00     |0.00     |2,990.00  |0.00      |0.00      |0         |0           |0        |0.00         |0.00                   |
2016-02-05 |JR609        |2,990.00   |0.00     |0.00     |0.00     |0.00     |2,990.00  |0.00      |0.00      |0         |0           |0        |0.00         |0.00                   |
2016-02-05 |JR611        |2,990.00   |0.00     |0.00     |0.00     |0.00     |2,990.00  |0.00      |0.00      |0         |0           |0        |0.00         |0.00                   |
2016-02-05 |JR701        |2,990.00   |0.00     |0.00     |0.00     |0.00     |2,990.00  |0.00      |0.00      |0         |0           |0        |0.00         |0.00                   |
2016-02-15 |JR603        |2,980.00   |0.00     |0.00     |0.00     |0.00     |2,980.00  |0.00      |0.00      |0         |0           |0        |0.00         |0.00                   |
2016-02-15 |JR605        |2,990.00   |0.00     |0.00     |0.00     |0.00     |2,990.00  |0.00      |0.00      |0         |0           |0        |0.00         |0.00                   |
2016-02-15 |JR607        |2,990.00   |0.00     |0.00     |0.00     |0.00     |2,990.00  |0.00      |0.00      |0         |0           |0        |0.00         |0.00                   |
2016-02-15 |JR609        |2,990.00   |0.00     |0.00     |0.00     |0.00     |2,990.00  |0.00      |0.00      |0         |0           |0        |0.00         |0.00                   |
2016-02-15 |JR611        |2,990.00   |0.00     |0.00     |0.00     |0.00     |2,990.00  |0.00      |0.00      |0         |0           |0        |0.00         |0.00                   |
2016-02-15 |JR701        |2,990.00   |0.00     |0.00     |0.00     |0.00     |2,990.00  |0.00      |0.00      |0         |0           |0        |0.00         |0.00                   |
2016-02-16 |JR603        |2,980.00   |0.00     |0.00     |0.00     |0.00     |2,980.00  |0.00      |0.00      |0         |0           |0        |0.00         |0.00                   |
2016-02-16 |JR605        |2,990.00   |0.00     |0.00     |0.00     |0.00     |2,990.00  |0.00      |0.00      |0         |0           |0        |0.00         |0.00                   |
2016-02-16 |JR607        |2,990.00   |0.00     |0.00     |0.00     |0.00     |2,990.00  |0.00      |0.00      |0         |0           |0        |0.00         |0.00                   |
2016-02-16 |JR609        |2,990.00   |0.00     |0.00     |0.00     |0.00     |2,990.00  |0.00      |0.00      |0         |0           |0        |0.00         |0.00                   |
2016-02-16 |JR611        |2,990.00   |0.00     |0.00     |0.00     |0.00     |2,990.00  |0.00      |0.00      |0         |0           |0        |0.00         |0.00                   |
2016-02-16 |JR701        |2,990.00   |0.00     |0.00     |0.00     |0.00     |2,990.00  |0.00      |0.00      |0         |0           |0        |0.00         |0.00                   |
2016-02-17 |JR603        |2,980.00   |0.00     |0.00     |0.00     |0.00     |2,980.00  |0.00      |0.00      |0         |0           |0        |0.00         |0.00                   |
2016-02-17 |JR605        |2,990.00   |0.00     |0.00     |0.00     |0.00     |2,990.00  |0.00      |0.00      |0         |0           |0        |0.00         |0.00                   |
2016-02-17 |JR607        |2,990.00   |0.00     |0.00     |0.00     |0.00     |2,990.00  |0.00      |0.00      |0         |0           |0        |0.00         |0.00                   |
2016-02-17 |JR609        |2,990.00   |0.00     |0.00     |0.00     |0.00     |2,990.00  |0.00      |0.00      |0         |0           |0        |0.00         |0.00                   |
2016-02-17 |JR611        |2,990.00   |0.00     |0.00     |0.00     |0.00     |2,990.00  |0.00      |0.00      |0         |0           |0        |0.00         |0.00                   |
2016-02-17 |JR701        |2,990.00   |0.00     |0.00     |0.00     |0.00     |2,990.00  |0.00      |0.00      |0         |0           |0        |0.00         |0.00                   |
2016-02-18 |JR603        |2,980.00   |0.00     |0.00     |0.00     |0.00     |2,980.00  |0.00      |0.00      |0         |0           |0        |0.00         |0.00                   |
2016-02-18 |JR605        |2,990.00   |0.00     |0.00     |0.00     |0.00     |2,990.00  |0.00      |0.00      |0         |0           |0        |0.00         |0.00                   |
2016-02-18 |JR607        |2,990.00   |0.00     |0.00     |0.00     |0.00     |2,990.00  |0.00      |0.00      |0         |0           |0        |0.00         |0.00                   |
2016-02-18 |JR609        |2,990.00   |0.00     |0.00     |0.00     |0.00     |2,990.00  |0.00      |0.00      |0         |0           |0        |0.00         |0.00                   |
2016-02-18 |JR611        |2,990.00   |0.00     |0.00     |0.00     |0.00     |2,990.00  |0.00      |0.00      |0         |0           |0        |0.00         |0.00                   |
2016-02-18 |JR701        |2,990.00   |0.00     |0.00     |0.00     |0.00     |2,990.00  |0.00      |0.00      |0         |0           |0        |0.00         |0.00                   |
2016-02-19 |JR603        |2,980.00   |0.00     |0.00     |0.00     |0.00     |2,980.00  |0.00      |0.00      |0         |0           |0        |0.00         |0.00                   |
2016-02-19 |JR605        |2,990.00   |0.00     |0.00     |0.00     |0.00     |2,990.00  |0.00      |0.00      |0         |0           |0        |0.00         |0.00                   |
2016-02-19 |JR607        |2,990.00   |0.00     |0.00     |0.00     |0.00     |2,990.00  |0.00      |0.00      |0         |0           |0        |0.00         |0.00                   |
2016-02-19 |JR609        |2,990.00   |0.00     |0.00     |0.00     |0.00     |2,990.00  |0.00      |0.00      |0         |0           |0        |0.00         |0.00                   |
2016-02-19 |JR611        |2,990.00   |0.00     |0.00     |0.00     |0.00     |2,990.00  |0.00      |0.00      |0         |0           |0        |0.00         |0.00                   |
2016-02-19 |JR701        |2,990.00   |0.00     |0.00     |0.00     |0.00     |2,990.00  |0.00      |0.00      |0         |0           |0        |0.00         |0.00                   |
2016-02-22 |JR603        |2,980.00   |0.00     |0.00     |0.00     |0.00     |2,980.00  |0.00      |0.00      |0         |0           |0        |0.00         |0.00                   |
2016-02-22 |JR605        |2,990.00   |0.00     |0.00     |0.00     |0.00     |2,990.00  |0.00      |0.00      |0         |0           |0        |0.00         |0.00                   |
2016-02-22 |JR607        |2,990.00   |0.00     |0.00     |0.00     |0.00     |2,990.00  |0.00      |0.00      |0         |0           |0        |0.00         |0.00                   |
2016-02-22 |JR609        |2,990.00   |0.00     |0.00     |0.00     |0.00     |2,990.00  |0.00      |0.00      |0         |0           |0        |0.00         |0.00                   |
2016-02-22 |JR611        |2,990.00   |0.00     |0.00     |0.00     |0.00     |2,990.00  |0.00      |0.00      |0         |0           |0        |0.00         |0.00                   |
2016-02-22 |JR701        |2,990.00   |2,750.00 |3,151.00 |2,750.00 |3,050.00 |2,984.00  |60.00     |-6.00     |6         |0           |0        |35.80        |0.00                   |
2016-02-23 |JR603        |2,980.00   |0.00     |0.00     |0.00     |0.00     |2,980.00  |0.00      |0.00      |0         |0           |0        |0.00         |0.00                   |
2016-02-23 |JR605        |2,990.00   |0.00     |0.00     |0.00     |0.00     |2,990.00  |0.00      |0.00      |0         |0           |0        |0.00         |0.00                   |
2016-02-23 |JR607        |2,990.00   |2,750.00 |3,230.00 |2,750.00 |3,042.00 |3,007.00  |52.00     |17.00     |6         |2           |2        |36.09        |0.00                   |
2016-02-23 |JR609        |2,990.00   |0.00     |0.00     |0.00     |0.00     |3,007.00  |17.00     |17.00     |0         |0           |0        |0.00         |0.00                   |
2016-02-23 |JR611        |2,990.00   |0.00     |0.00     |0.00     |0.00     |3,007.00  |17.00     |17.00     |0         |0           |0        |0.00         |0.00                   |
2016-02-23 |JR701        |2,984.00   |0.00     |0.00     |0.00     |0.00     |3,001.00  |17.00     |17.00     |0         |0           |0        |0.00         |0.00                   |
2016-02-24 |JR603        |2,980.00   |0.00     |0.00     |0.00     |0.00     |2,980.00  |0.00      |0.00      |0         |0           |0        |0.00         |0.00                   |
2016-02-24 |JR605        |2,990.00   |0.00     |0.00     |0.00     |0.00     |2,990.00  |0.00      |0.00      |0         |0           |0        |0.00         |0.00                   |
2016-02-24 |JR607        |3,007.00   |0.00     |0.00     |0.00     |0.00     |3,007.00  |0.00      |0.00      |0         |2           |0        |0.00         |0.00                   |
2016-02-24 |JR609        |3,007.00   |0.00     |0.00     |0.00     |0.00     |3,007.00  |0.00      |0.00      |0         |0           |0        |0.00         |0.00                   |
2016-02-24 |JR611        |3,007.00   |0.00     |0.00     |0.00     |0.00     |3,007.00  |0.00      |0.00      |0         |0           |0        |0.00         |0.00                   |
2016-02-24 |JR701        |3,001.00   |0.00     |0.00     |0.00     |0.00     |3,001.00  |0.00      |0.00      |0         |0           |0        |0.00         |0.00                   |
2016-02-25 |JR603        |2,980.00   |0.00     |0.00     |0.00     |0.00     |2,980.00  |0.00      |0.00      |0         |0           |0        |0.00         |0.00                   |
2016-02-25 |JR605        |2,990.00   |0.00     |0.00     |0.00     |0.00     |2,990.00  |0.00      |0.00      |0         |0           |0        |0.00         |0.00                   |
2016-02-25 |JR607        |3,007.00   |2,890.00 |2,890.00 |2,890.00 |2,890.00 |2,890.00  |-117.00   |-117.00   |2         |0           |-2       |11.56        |0.00                   |
2016-02-25 |JR609        |3,007.00   |0.00     |0.00     |0.00     |0.00     |2,890.00  |-117.00   |-117.00   |0         |0           |0        |0.00         |0.00                   |
2016-02-25 |JR611        |3,007.00   |0.00     |0.00     |0.00     |0.00     |2,890.00  |-117.00   |-117.00   |0         |0           |0        |0.00         |0.00                   |
2016-02-25 |JR701        |3,001.00   |0.00     |0.00     |0.00     |0.00     |2,884.00  |-117.00   |-117.00   |0         |0           |0        |0.00         |0.00                   |
2016-02-26 |JR603        |2,980.00   |0.00     |0.00     |0.00     |0.00     |2,980.00  |0.00      |0.00      |0         |0           |0        |0.00         |0.00                   |
2016-02-26 |JR605        |2,990.00   |0.00     |0.00     |0.00     |0.00     |2,990.00  |0.00      |0.00      |0         |0           |0        |0.00         |0.00                   |
2016-02-26 |JR607        |2,890.00   |0.00     |0.00     |0.00     |0.00     |2,890.00  |0.00      |0.00      |0         |0           |0        |0.00         |0.00                   |
2016-02-26 |JR609        |2,890.00   |0.00     |0.00     |0.00     |0.00     |2,890.00  |0.00      |0.00      |0         |0           |0        |0.00         |0.00                   |
2016-02-26 |JR611        |2,890.00   |0.00     |0.00     |0.00     |0.00     |2,890.00  |0.00      |0.00      |0         |0           |0        |0.00         |0.00                   |
2016-02-26 |JR701        |2,884.00   |0.00     |0.00     |0.00     |0.00     |2,884.00  |0.00      |0.00      |0         |0           |0        |0.00         |0.00                   |
2016-02-29 |JR603        |2,980.00   |0.00     |0.00     |0.00     |0.00     |2,980.00  |0.00      |0.00      |0         |0           |0        |0.00         |0.00                   |
2016-02-29 |JR605        |2,990.00   |0.00     |0.00     |0.00     |0.00     |2,990.00  |0.00      |0.00      |0         |0           |0        |0.00         |0.00                   |
2016-02-29 |JR607        |2,890.00   |0.00     |0.00     |0.00     |0.00     |2,890.00  |0.00      |0.00      |0         |0           |0        |0.00         |0.00                   |
2016-02-29 |JR609        |2,890.00   |0.00     |0.00     |0.00     |0.00     |2,890.00  |0.00      |0.00      |0         |0           |0        |0.00         |0.00                   |
2016-02-29 |JR611        |2,890.00   |0.00     |0.00     |0.00     |0.00     |2,890.00  |0.00      |0.00      |0         |0           |0        |0.00         |0.00                   |
2016-02-29 |JR701        |2,884.00   |0.00     |0.00     |0.00     |0.00     |2,884.00  |0.00      |0.00      |0         |0           |0        |0.00         |0.00                   |
2016-03-01 |JR603        |2,980.00   |0.00     |0.00     |0.00     |0.00     |2,980.00  |0.00      |0.00      |0         |0           |0        |0.00         |2,980.00               |
2016-03-01 |JR605        |2,990.00   |0.00     |0.00     |0.00     |0.00     |2,990.00  |0.00      |0.00      |0         |0           |0        |0.00         |0.00                   |
2016-03-01 |JR607        |2,890.00   |0.00     |0.00     |0.00     |0.00     |2,890.00  |0.00      |0.00      |0         |0           |0        |0.00         |0.00                   |
2016-03-01 |JR609        |2,890.00   |0.00     |0.00     |0.00     |0.00     |2,890.00  |0.00      |0.00      |0         |0           |0        |0.00         |0.00                   |
2016-03-01 |JR611        |2,890.00   |0.00     |0.00     |0.00     |0.00     |2,890.00  |0.00      |0.00      |0         |0           |0        |0.00         |0.00                   |
2016-03-01 |JR701        |2,884.00   |0.00     |0.00     |0.00     |0.00     |2,884.00  |0.00      |0.00      |0         |0           |0        |0.00         |0.00                   |
2016-03-02 |JR603        |2,980.00   |0.00     |0.00     |0.00     |0.00     |2,980.00  |0.00      |0.00      |0         |0           |0        |0.00         |2,980.00               |
2016-03-02 |JR605        |2,990.00   |0.00     |0.00     |0.00     |0.00     |2,990.00  |0.00      |0.00      |0         |0           |0        |0.00         |0.00                   |
2016-03-02 |JR607        |2,890.00   |0.00     |0.00     |0.00     |0.00     |2,890.00  |0.00      |0.00      |0         |0           |0        |0.00         |0.00                   |
2016-03-02 |JR609        |2,890.00   |0.00     |0.00     |0.00     |0.00     |2,890.00  |0.00      |0.00      |0         |0           |0        |0.00         |0.00                   |
2016-03-02 |JR611        |2,890.00   |0.00     |0.00     |0.00     |0.00     |2,890.00  |0.00      |0.00      |0         |0           |0        |0.00         |0.00                   |
2016-03-02 |JR701        |2,884.00   |0.00     |0.00     |0.00     |0.00     |2,884.00  |0.00      |0.00      |0         |0           |0        |0.00         |0.00                   |
2016-03-03 |JR603        |2,980.00   |0.00     |0.00     |0.00     |0.00     |2,980.00  |0.00      |0.00      |0         |0           |0        |0.00         |2,980.00               |
2016-03-03 |JR605        |2,990.00   |0.00     |0.00     |0.00     |0.00     |2,990.00  |0.00      |0.00      |0         |0           |0        |0.00         |0.00                   |
2016-03-03 |JR607        |2,890.00   |0.00     |0.00     |0.00     |0.00     |2,890.00  |0.00      |0.00      |0         |0           |0        |0.00         |0.00                   |
2016-03-03 |JR609        |2,890.00   |0.00     |0.00     |0.00     |0.00     |2,890.00  |0.00      |0.00      |0         |0           |0        |0.00         |0.00                   |
2016-03-03 |JR611        |2,890.00   |0.00     |0.00     |0.00     |0.00     |2,890.00  |0.00      |0.00      |0         |0           |0        |0.00         |0.00                   |
2016-03-03 |JR701        |2,884.00   |0.00     |0.00     |0.00     |0.00     |2,884.00  |0.00      |0.00      |0         |0           |0        |0.00         |0.00                   |
2016-03-04 |JR603        |2,980.00   |0.00     |0.00     |0.00     |0.00     |2,980.00  |0.00      |0.00      |0         |0           |0        |0.00         |2,980.00               |
2016-03-04 |JR605        |2,990.00   |0.00     |0.00     |0.00     |0.00     |2,990.00  |0.00      |0.00      |0         |0           |0        |0.00         |0.00                   |
2016-03-04 |JR607        |2,890.00   |0.00     |0.00     |0.00     |0.00     |2,890.00  |0.00      |0.00      |0         |0           |0        |0.00         |0.00                   |
2016-03-04 |JR609        |2,890.00   |0.00     |0.00     |0.00     |0.00     |2,890.00  |0.00      |0.00      |0         |0           |0        |0.00         |0.00                   |
2016-03-04 |JR611        |2,890.00   |0.00     |0.00     |0.00     |0.00     |2,890.00  |0.00      |0.00      |0         |0           |0        |0.00         |0.00                   |
2016-03-04 |JR701        |2,884.00   |0.00     |0.00     |0.00     |0.00     |2,884.00  |0.00      |0.00      |0         |0           |0        |0.00         |0.00                   |
2016-03-07 |JR603        |2,980.00   |0.00     |0.00     |0.00     |0.00     |2,980.00  |0.00      |0.00      |0         |0           |0        |0.00         |2,980.00               |
2016-03-07 |JR605        |2,990.00   |0.00     |0.00     |0.00     |0.00     |2,990.00  |0.00      |0.00      |0         |0           |0        |0.00         |0.00                   |
2016-03-07 |JR607        |2,890.00   |2,776.00 |3,006.00 |2,776.00 |3,006.00 |2,973.00  |116.00    |83.00     |14        |6           |6        |83.24        |0.00                   |
2016-03-07 |JR609        |2,890.00   |0.00     |0.00     |0.00     |0.00     |2,973.00  |83.00     |83.00     |0         |0           |0        |0.00         |0.00                   |
2016-03-07 |JR611        |2,890.00   |0.00     |0.00     |0.00     |0.00     |2,973.00  |83.00     |83.00     |0         |0           |0        |0.00         |0.00                   |
2016-03-07 |JR701        |2,884.00   |0.00     |0.00     |0.00     |0.00     |2,967.00  |83.00     |83.00     |0         |0           |0        |0.00         |0.00                   |
2016-03-08 |JR603        |2,980.00   |0.00     |0.00     |0.00     |0.00     |2,980.00  |0.00      |0.00      |0         |0           |0        |0.00         |2,980.00               |
2016-03-08 |JR605        |2,990.00   |0.00     |0.00     |0.00     |0.00     |2,990.00  |0.00      |0.00      |0         |0           |0        |0.00         |0.00                   |
2016-03-08 |JR607        |2,973.00   |0.00     |0.00     |0.00     |0.00     |2,973.00  |0.00      |0.00      |0         |6           |0        |0.00         |0.00                   |
2016-03-08 |JR609        |2,973.00   |0.00     |0.00     |0.00     |0.00     |2,973.00  |0.00      |0.00      |0         |0           |0        |0.00         |0.00                   |
2016-03-08 |JR611        |2,973.00   |0.00     |0.00     |0.00     |0.00     |2,973.00  |0.00      |0.00      |0         |0           |0        |0.00         |0.00                   |
2016-03-08 |JR701        |2,967.00   |0.00     |0.00     |0.00     |0.00     |2,967.00  |0.00      |0.00      |0         |0           |0        |0.00         |0.00                   |
2016-03-09 |JR603        |2,980.00   |0.00     |0.00     |0.00     |0.00     |2,980.00  |0.00      |0.00      |0         |0           |0        |0.00         |2,980.00               |
2016-03-09 |JR605        |2,990.00   |0.00     |0.00     |0.00     |0.00     |2,990.00  |0.00      |0.00      |0         |0           |0        |0.00         |0.00                   |
2016-03-09 |JR607        |2,973.00   |2,976.00 |2,998.00 |2,859.00 |2,998.00 |2,933.00  |25.00     |-40.00    |14        |6           |0        |82.13        |0.00                   |
2016-03-09 |JR609        |2,973.00   |0.00     |0.00     |0.00     |0.00     |2,933.00  |-40.00    |-40.00    |0         |0           |0        |0.00         |0.00                   |
2016-03-09 |JR611        |2,973.00   |0.00     |0.00     |0.00     |0.00     |2,933.00  |-40.00    |-40.00    |0         |0           |0        |0.00         |0.00                   |
2016-03-09 |JR701        |2,967.00   |0.00     |0.00     |0.00     |0.00     |2,927.00  |-40.00    |-40.00    |0         |0           |0        |0.00         |0.00                   |
2016-03-10 |JR603        |2,980.00   |0.00     |0.00     |0.00     |0.00     |2,980.00  |0.00      |0.00      |0         |0           |0        |0.00         |2,980.00               |
2016-03-10 |JR605        |2,990.00   |0.00     |0.00     |0.00     |0.00     |2,990.00  |0.00      |0.00      |0         |0           |0        |0.00         |0.00                   |
2016-03-10 |JR607        |2,933.00   |2,863.00 |2,989.00 |2,863.00 |2,925.00 |2,926.00  |-8.00     |-7.00     |10        |2           |-4       |58.52        |0.00                   |
2016-03-10 |JR609        |2,933.00   |0.00     |0.00     |0.00     |0.00     |2,926.00  |-7.00     |-7.00     |0         |0           |0        |0.00         |0.00                   |
2016-03-10 |JR611        |2,933.00   |0.00     |0.00     |0.00     |0.00     |2,926.00  |-7.00     |-7.00     |0         |0           |0        |0.00         |0.00                   |
2016-03-10 |JR701        |2,927.00   |0.00     |0.00     |0.00     |0.00     |2,920.00  |-7.00     |-7.00     |0         |0           |0        |0.00         |0.00                   |
2016-03-11 |JR603        |2,980.00   |0.00     |0.00     |0.00     |0.00     |2,980.00  |0.00      |0.00      |0         |0           |0        |0.00         |2,980.00               |
2016-03-11 |JR605        |2,990.00   |0.00     |0.00     |0.00     |0.00     |2,990.00  |0.00      |0.00      |0         |0           |0        |0.00         |0.00                   |
2016-03-11 |JR607        |2,926.00   |2,890.00 |2,999.00 |2,829.00 |2,865.00 |2,890.00  |-61.00    |-36.00    |10        |0           |-2       |57.79        |0.00                   |
2016-03-11 |JR609        |2,926.00   |0.00     |0.00     |0.00     |0.00     |2,890.00  |-36.00    |-36.00    |0         |0           |0        |0.00         |0.00                   |
2016-03-11 |JR611        |2,926.00   |0.00     |0.00     |0.00     |0.00     |2,890.00  |-36.00    |-36.00    |0         |0           |0        |0.00         |0.00                   |
2016-03-11 |JR701        |2,920.00   |0.00     |0.00     |0.00     |0.00     |2,884.00  |-36.00    |-36.00    |0         |0           |0        |0.00         |0.00                   |
2016-03-14 |JR603        |2,980.00   |0.00     |0.00     |0.00     |0.00     |2,980.00  |0.00      |0.00      |0         |0           |0        |0.00         |2,980.00               |
2016-03-14 |JR605        |2,990.00   |0.00     |0.00     |0.00     |0.00     |2,990.00  |0.00      |0.00      |0         |0           |0        |0.00         |0.00                   |
2016-03-14 |JR607        |2,890.00   |0.00     |0.00     |0.00     |0.00     |2,890.00  |0.00      |0.00      |0         |0           |0        |0.00         |0.00                   |
2016-03-14 |JR609        |2,890.00   |0.00     |0.00     |0.00     |0.00     |2,890.00  |0.00      |0.00      |0         |0           |0        |0.00         |0.00                   |
2016-03-14 |JR611        |2,890.00   |0.00     |0.00     |0.00     |0.00     |2,890.00  |0.00      |0.00      |0         |0           |0        |0.00         |0.00                   |
2016-03-14 |JR701        |2,884.00   |0.00     |0.00     |0.00     |0.00     |2,884.00  |0.00      |0.00      |0         |0           |0        |0.00         |0.00                   |
2016-03-15 |JR605        |2,990.00   |0.00     |0.00     |0.00     |0.00     |2,990.00  |0.00      |0.00      |0         |0           |0        |0.00         |0.00                   |
2016-03-15 |JR607        |2,890.00   |0.00     |0.00     |0.00     |0.00     |2,890.00  |0.00      |0.00      |0         |0           |0        |0.00         |0.00                   |
2016-03-15 |JR609        |2,890.00   |0.00     |0.00     |0.00     |0.00     |2,890.00  |0.00      |0.00      |0         |0           |0        |0.00         |0.00                   |
2016-03-15 |JR611        |2,890.00   |0.00     |0.00     |0.00     |0.00     |2,890.00  |0.00      |0.00      |0         |0           |0        |0.00         |0.00                   |
2016-03-15 |JR701        |2,884.00   |0.00     |0.00     |0.00     |0.00     |2,884.00  |0.00      |0.00      |0         |0           |0        |0.00         |0.00                   |
2016-03-15 |JR703        |2,884.00   |0.00     |0.00     |0.00     |0.00     |2,884.00  |0.00      |0.00      |0         |0           |0        |0.00         |0.00                   |
2016-03-16 |JR605        |2,990.00   |0.00     |0.00     |0.00     |0.00     |2,990.00  |0.00      |0.00      |0         |0           |0        |0.00         |0.00                   |
2016-03-16 |JR607        |2,890.00   |0.00     |0.00     |0.00     |0.00     |2,890.00  |0.00      |0.00      |0         |0           |0        |0.00         |0.00                   |
2016-03-16 |JR609        |2,890.00   |0.00     |0.00     |0.00     |0.00     |2,890.00  |0.00      |0.00      |0         |0           |0        |0.00         |0.00                   |
2016-03-16 |JR611        |2,890.00   |0.00     |0.00     |0.00     |0.00     |2,890.00  |0.00      |0.00      |0         |0           |0        |0.00         |0.00                   |
2016-03-16 |JR701        |2,884.00   |0.00     |0.00     |0.00     |0.00     |2,884.00  |0.00      |0.00      |0         |0           |0        |0.00         |0.00                   |
2016-03-16 |JR703        |2,884.00   |0.00     |0.00     |0.00     |0.00     |2,884.00  |0.00      |0.00      |0         |0           |0        |0.00         |0.00                   |
2016-03-17 |JR605        |2,990.00   |0.00     |0.00     |0.00     |0.00     |2,990.00  |0.00      |0.00      |0         |0           |0        |0.00         |0.00                   |
2016-03-17 |JR607        |2,890.00   |0.00     |0.00     |0.00     |0.00     |2,890.00  |0.00      |0.00      |0         |0           |0        |0.00         |0.00                   |
2016-03-17 |JR609        |2,890.00   |0.00     |0.00     |0.00     |0.00     |2,890.00  |0.00      |0.00      |0         |0           |0        |0.00         |0.00                   |
2016-03-17 |JR611        |2,890.00   |0.00     |0.00     |0.00     |0.00     |2,890.00  |0.00      |0.00      |0         |0           |0        |0.00         |0.00                   |
2016-03-17 |JR701        |2,884.00   |0.00     |0.00     |0.00     |0.00     |2,884.00  |0.00      |0.00      |0         |0           |0        |0.00         |0.00                   |
2016-03-17 |JR703        |2,884.00   |0.00     |0.00     |0.00     |0.00     |2,884.00  |0.00      |0.00      |0         |0           |0        |0.00         |0.00                   |
2016-03-18 |JR605        |2,990.00   |0.00     |0.00     |0.00     |0.00     |2,990.00  |0.00      |0.00      |0         |0           |0        |0.00         |0.00                   |
2016-03-18 |JR607        |2,890.00   |0.00     |0.00     |0.00     |0.00     |2,890.00  |0.00      |0.00      |0         |0           |0        |0.00         |0.00                   |
2016-03-18 |JR609        |2,890.00   |0.00     |0.00     |0.00     |0.00     |2,890.00  |0.00      |0.00      |0         |0           |0        |0.00         |0.00                   |
2016-03-18 |JR611        |2,890.00   |0.00     |0.00     |0.00     |0.00     |2,890.00  |0.00      |0.00      |0         |0           |0        |0.00         |0.00                   |
2016-03-18 |JR701        |2,884.00   |0.00     |0.00     |0.00     |0.00     |2,884.00  |0.00      |0.00      |0         |0           |0        |0.00         |0.00                   |
2016-03-18 |JR703        |2,884.00   |0.00     |0.00     |0.00     |0.00     |2,884.00  |0.00      |0.00      |0         |0           |0        |0.00         |0.00                   |
2016-03-21 |JR605        |2,990.00   |0.00     |0.00     |0.00     |0.00     |2,990.00  |0.00      |0.00      |0         |0           |0        |0.00         |0.00                   |
2016-03-21 |JR607        |2,890.00   |0.00     |0.00     |0.00     |0.00     |2,890.00  |0.00      |0.00      |0         |0           |0        |0.00         |0.00                   |
2016-03-21 |JR609        |2,890.00   |0.00     |0.00     |0.00     |0.00     |2,890.00  |0.00      |0.00      |0         |0           |0        |0.00         |0.00                   |
2016-03-21 |JR611        |2,890.00   |0.00     |0.00     |0.00     |0.00     |2,890.00  |0.00      |0.00      |0         |0           |0        |0.00         |0.00                   |
2016-03-21 |JR701        |2,884.00   |0.00     |0.00     |0.00     |0.00     |2,884.00  |0.00      |0.00      |0         |0           |0        |0.00         |0.00                   |
2016-03-21 |JR703        |2,884.00   |0.00     |0.00     |0.00     |0.00     |2,884.00  |0.00      |0.00      |0         |0           |0        |0.00         |0.00                   |
2016-03-22 |JR605        |2,990.00   |0.00     |0.00     |0.00     |0.00     |2,990.00  |0.00      |0.00      |0         |0           |0        |0.00         |0.00                   |
2016-03-22 |JR607        |2,890.00   |0.00     |0.00     |0.00     |0.00     |2,890.00  |0.00      |0.00      |0         |0           |0        |0.00         |0.00                   |
2016-03-22 |JR609        |2,890.00   |0.00     |0.00     |0.00     |0.00     |2,890.00  |0.00      |0.00      |0         |0           |0        |0.00         |0.00                   |
2016-03-22 |JR611        |2,890.00   |0.00     |0.00     |0.00     |0.00     |2,890.00  |0.00      |0.00      |0         |0           |0        |0.00         |0.00                   |
2016-03-22 |JR701        |2,884.00   |0.00     |0.00     |0.00     |0.00     |2,884.00  |0.00      |0.00      |0         |0           |0        |0.00         |0.00                   |
2016-03-22 |JR703        |2,884.00   |0.00     |0.00     |0.00     |0.00     |2,884.00  |0.00      |0.00      |0         |0           |0        |0.00         |0.00                   |
2016-03-23 |JR605        |2,990.00   |0.00     |0.00     |0.00     |0.00     |2,990.00  |0.00      |0.00      |0         |0           |0        |0.00         |0.00                   |
2016-03-23 |JR607        |2,890.00   |0.00     |0.00     |0.00     |0.00     |2,890.00  |0.00      |0.00      |0         |0           |0        |0.00         |0.00                   |
2016-03-23 |JR609        |2,890.00   |0.00     |0.00     |0.00     |0.00     |2,890.00  |0.00      |0.00      |0         |0           |0        |0.00         |0.00                   |
2016-03-23 |JR611        |2,890.00   |0.00     |0.00     |0.00     |0.00     |2,890.00  |0.00      |0.00      |0         |0           |0        |0.00         |0.00                   |
2016-03-23 |JR701        |2,884.00   |0.00     |0.00     |0.00     |0.00     |2,884.00  |0.00      |0.00      |0         |0           |0        |0.00         |0.00                   |
2016-03-23 |JR703        |2,884.00   |0.00     |0.00     |0.00     |0.00     |2,884.00  |0.00      |0.00      |0         |0           |0        |0.00         |0.00                   |
2016-03-24 |JR605        |2,990.00   |0.00     |0.00     |0.00     |0.00     |2,990.00  |0.00      |0.00      |0         |0           |0        |0.00         |0.00                   |
2016-03-24 |JR607        |2,890.00   |0.00     |0.00     |0.00     |0.00     |2,890.00  |0.00      |0.00      |0         |0           |0        |0.00         |0.00                   |
2016-03-24 |JR609        |2,890.00   |0.00     |0.00     |0.00     |0.00     |2,890.00  |0.00      |0.00      |0         |0           |0        |0.00         |0.00                   |
2016-03-24 |JR611        |2,890.00   |0.00     |0.00     |0.00     |0.00     |2,890.00  |0.00      |0.00      |0         |0           |0        |0.00         |0.00                   |
2016-03-24 |JR701        |2,884.00   |0.00     |0.00     |0.00     |0.00     |2,884.00  |0.00      |0.00      |0         |0           |0        |0.00         |0.00                   |
2016-03-24 |JR703        |2,884.00   |0.00     |0.00     |0.00     |0.00     |2,884.00  |0.00      |0.00      |0         |0           |0        |0.00         |0.00                   |
2016-03-25 |JR605        |2,990.00   |0.00     |0.00     |0.00     |0.00     |2,990.00  |0.00      |0.00      |0         |0           |0        |0.00         |0.00                   |
2016-03-25 |JR607        |2,890.00   |0.00     |0.00     |0.00     |0.00     |2,890.00  |0.00      |0.00      |0         |0           |0        |0.00         |0.00                   |
2016-03-25 |JR609        |2,890.00   |0.00     |0.00     |0.00     |0.00     |2,890.00  |0.00      |0.00      |0         |0           |0        |0.00         |0.00                   |
2016-03-25 |JR611        |2,890.00   |0.00     |0.00     |0.00     |0.00     |2,890.00  |0.00      |0.00      |0         |0           |0        |0.00         |0.00                   |
2016-03-25 |JR701        |2,884.00   |0.00     |0.00     |0.00     |0.00     |2,884.00  |0.00      |0.00      |0         |0           |0        |0.00         |0.00                   |
2016-03-25 |JR703        |2,884.00   |0.00     |0.00     |0.00     |0.00     |2,884.00  |0.00      |0.00      |0         |0           |0        |0.00         |0.00                   |
2016-03-28 |JR605        |2,990.00   |0.00     |0.00     |0.00     |0.00     |2,990.00  |0.00      |0.00      |0         |0           |0        |0.00         |0.00                   |
2016-03-28 |JR607        |2,890.00   |0.00     |0.00     |0.00     |0.00     |2,890.00  |0.00      |0.00      |0         |0           |0        |0.00         |0.00                   |
2016-03-28 |JR609        |2,890.00   |0.00     |0.00     |0.00     |0.00     |2,890.00  |0.00      |0.00      |0         |0           |0        |0.00         |0.00                   |
2016-03-28 |JR611        |2,890.00   |0.00     |0.00     |0.00     |0.00     |2,890.00  |0.00      |0.00      |0         |0           |0        |0.00         |0.00                   |
2016-03-28 |JR701        |2,884.00   |0.00     |0.00     |0.00     |0.00     |2,884.00  |0.00      |0.00      |0         |0           |0        |0.00         |0.00                   |
2016-03-28 |JR703        |2,884.00   |0.00     |0.00     |0.00     |0.00     |2,884.00  |0.00      |0.00      |0         |0           |0        |0.00         |0.00                   |
2016-03-29 |JR605        |2,990.00   |0.00     |0.00     |0.00     |0.00     |2,990.00  |0.00      |0.00      |0         |0           |0        |0.00         |0.00                   |
2016-03-29 |JR607        |2,890.00   |0.00     |0.00     |0.00     |0.00     |2,890.00  |0.00      |0.00      |0         |0           |0        |0.00         |0.00                   |
2016-03-29 |JR609        |2,890.00   |0.00     |0.00     |0.00     |0.00     |2,890.00  |0.00      |0.00      |0         |0           |0        |0.00         |0.00                   |
2016-03-29 |JR611        |2,890.00   |0.00     |0.00     |0.00     |0.00     |2,890.00  |0.00      |0.00      |0         |0           |0        |0.00         |0.00                   |
2016-03-29 |JR701        |2,884.00   |0.00     |0.00     |0.00     |0.00     |2,884.00  |0.00      |0.00      |0         |0           |0        |0.00         |0.00                   |
2016-03-29 |JR703        |2,884.00   |0.00     |0.00     |0.00     |0.00     |2,884.00  |0.00      |0.00      |0         |0           |0        |0.00         |0.00                   |
2016-03-30 |JR605        |2,990.00   |0.00     |0.00     |0.00     |0.00     |2,990.00  |0.00      |0.00      |0         |0           |0        |0.00         |0.00                   |
2016-03-30 |JR607        |2,890.00   |0.00     |0.00     |0.00     |0.00     |2,890.00  |0.00      |0.00      |0         |0           |0        |0.00         |0.00                   |
2016-03-30 |JR609        |2,890.00   |0.00     |0.00     |0.00     |0.00     |2,890.00  |0.00      |0.00      |0         |0           |0        |0.00         |0.00                   |
2016-03-30 |JR611        |2,890.00   |0.00     |0.00     |0.00     |0.00     |2,890.00  |0.00      |0.00      |0         |0           |0        |0.00         |0.00                   |
2016-03-30 |JR701        |2,884.00   |0.00     |0.00     |0.00     |0.00     |2,884.00  |0.00      |0.00      |0         |0           |0        |0.00         |0.00                   |
2016-03-30 |JR703        |2,884.00   |0.00     |0.00     |0.00     |0.00     |2,884.00  |0.00      |0.00      |0         |0           |0        |0.00         |0.00                   |
2016-03-31 |JR605        |2,990.00   |0.00     |0.00     |0.00     |0.00     |2,990.00  |0.00      |0.00      |0         |0           |0        |0.00         |0.00                   |
2016-03-31 |JR607        |2,890.00   |0.00     |0.00     |0.00     |0.00     |2,890.00  |0.00      |0.00      |0         |0           |0        |0.00         |0.00                   |
2016-03-31 |JR609        |2,890.00   |0.00     |0.00     |0.00     |0.00     |2,890.00  |0.00      |0.00      |0         |0           |0        |0.00         |0.00                   |
2016-03-31 |JR611        |2,890.00   |0.00     |0.00     |0.00     |0.00     |2,890.00  |0.00      |0.00      |0         |0           |0        |0.00         |0.00                   |
2016-03-31 |JR701        |2,884.00   |0.00     |0.00     |0.00     |0.00     |2,884.00  |0.00      |0.00      |0         |0           |0        |0.00         |0.00                   |
2016-03-31 |JR703        |2,884.00   |0.00     |0.00     |0.00     |0.00     |2,884.00  |0.00      |0.00      |0         |0           |0        |0.00         |0.00                   |
2016-04-01 |JR605        |2,990.00   |0.00     |0.00     |0.00     |0.00     |2,990.00  |0.00      |0.00      |0         |0           |0        |0.00         |0.00                   |
2016-04-01 |JR607        |2,890.00   |0.00     |0.00     |0.00     |0.00     |2,890.00  |0.00      |0.00      |0         |0           |0        |0.00         |0.00                   |
2016-04-01 |JR609        |2,890.00   |0.00     |0.00     |0.00     |0.00     |2,890.00  |0.00      |0.00      |0         |0           |0        |0.00         |0.00                   |
2016-04-01 |JR611        |2,890.00   |0.00     |0.00     |0.00     |0.00     |2,890.00  |0.00      |0.00      |0         |0           |0        |0.00         |0.00                   |
2016-04-01 |JR701        |2,884.00   |0.00     |0.00     |0.00     |0.00     |2,884.00  |0.00      |0.00      |0         |0           |0        |0.00         |0.00                   |
2016-04-01 |JR703        |2,884.00   |0.00     |0.00     |0.00     |0.00     |2,884.00  |0.00      |0.00      |0         |0           |0        |0.00         |0.00                   |
2016-04-05 |JR605        |2,990.00   |0.00     |0.00     |0.00     |0.00     |2,990.00  |0.00      |0.00      |0         |0           |0        |0.00         |0.00                   |
2016-04-05 |JR607        |2,890.00   |0.00     |0.00     |0.00     |0.00     |2,890.00  |0.00      |0.00      |0         |0           |0        |0.00         |0.00                   |
2016-04-05 |JR609        |2,890.00   |0.00     |0.00     |0.00     |0.00     |2,890.00  |0.00      |0.00      |0         |0           |0        |0.00         |0.00                   |
2016-04-05 |JR611        |2,890.00   |0.00     |0.00     |0.00     |0.00     |2,890.00  |0.00      |0.00      |0         |0           |0        |0.00         |0.00                   |
2016-04-05 |JR701        |2,884.00   |0.00     |0.00     |0.00     |0.00     |2,884.00  |0.00      |0.00      |0         |0           |0        |0.00         |0.00                   |
2016-04-05 |JR703        |2,884.00   |0.00     |0.00     |0.00     |0.00     |2,884.00  |0.00      |0.00      |0         |0           |0        |0.00         |0.00                   |
2016-04-06 |JR605        |2,990.00   |0.00     |0.00     |0.00     |0.00     |2,990.00  |0.00      |0.00      |0         |0           |0        |0.00         |0.00                   |
2016-04-06 |JR607        |2,890.00   |0.00     |0.00     |0.00     |0.00     |2,890.00  |0.00      |0.00      |0         |0           |0        |0.00         |0.00                   |
2016-04-06 |JR609        |2,890.00   |0.00     |0.00     |0.00     |0.00     |2,890.00  |0.00      |0.00      |0         |0           |0        |0.00         |0.00                   |
2016-04-06 |JR611        |2,890.00   |0.00     |0.00     |0.00     |0.00     |2,890.00  |0.00      |0.00      |0         |0           |0        |0.00         |0.00                   |
2016-04-06 |JR701        |2,884.00   |0.00     |0.00     |0.00     |0.00     |2,884.00  |0.00      |0.00      |0         |0           |0        |0.00         |0.00                   |
2016-04-06 |JR703        |2,884.00   |0.00     |0.00     |0.00     |0.00     |2,884.00  |0.00      |0.00      |0         |0           |0        |0.00         |0.00                   |
2016-04-07 |JR605        |2,990.00   |0.00     |0.00     |0.00     |0.00     |2,990.00  |0.00      |0.00      |0         |0           |0        |0.00         |0.00                   |
2016-04-07 |JR607        |2,890.00   |0.00     |0.00     |0.00     |0.00     |2,890.00  |0.00      |0.00      |0         |0           |0        |0.00         |0.00                   |
2016-04-07 |JR609        |2,890.00   |0.00     |0.00     |0.00     |0.00     |2,890.00  |0.00      |0.00      |0         |0           |0        |0.00         |0.00                   |
2016-04-07 |JR611        |2,890.00   |0.00     |0.00     |0.00     |0.00     |2,890.00  |0.00      |0.00      |0         |0           |0        |0.00         |0.00                   |
2016-04-07 |JR701        |2,884.00   |0.00     |0.00     |0.00     |0.00     |2,884.00  |0.00      |0.00      |0         |0           |0        |0.00         |0.00                   |
2016-04-07 |JR703        |2,884.00   |0.00     |0.00     |0.00     |0.00     |2,884.00  |0.00      |0.00      |0         |0           |0        |0.00         |0.00                   |
2016-04-08 |JR605        |2,990.00   |0.00     |0.00     |0.00     |0.00     |2,990.00  |0.00      |0.00      |0         |0           |0        |0.00         |0.00                   |
2016-04-08 |JR607        |2,890.00   |0.00     |0.00     |0.00     |0.00     |2,890.00  |0.00      |0.00      |0         |0           |0        |0.00         |0.00                   |
2016-04-08 |JR609        |2,890.00   |0.00     |0.00     |0.00     |0.00     |2,890.00  |0.00      |0.00      |0         |0           |0        |0.00         |0.00                   |
2016-04-08 |JR611        |2,890.00   |0.00     |0.00     |0.00     |0.00     |2,890.00  |0.00      |0.00      |0         |0           |0        |0.00         |0.00                   |
2016-04-08 |JR701        |2,884.00   |0.00     |0.00     |0.00     |0.00     |2,884.00  |0.00      |0.00      |0         |0           |0        |0.00         |0.00                   |
2016-04-08 |JR703        |2,884.00   |0.00     |0.00     |0.00     |0.00     |2,884.00  |0.00      |0.00      |0         |0           |0        |0.00         |0.00                   |
2016-04-11 |JR605        |2,990.00   |0.00     |0.00     |0.00     |0.00     |2,990.00  |0.00      |0.00      |0         |0           |0        |0.00         |0.00                   |
2016-04-11 |JR607        |2,890.00   |0.00     |0.00     |0.00     |0.00     |2,890.00  |0.00      |0.00      |0         |0           |0        |0.00         |0.00                   |
2016-04-11 |JR609        |2,890.00   |0.00     |0.00     |0.00     |0.00     |2,890.00  |0.00      |0.00      |0         |0           |0        |0.00         |0.00                   |
2016-04-11 |JR611        |2,890.00   |0.00     |0.00     |0.00     |0.00     |2,890.00  |0.00      |0.00      |0         |0           |0        |0.00         |0.00                   |
2016-04-11 |JR701        |2,884.00   |0.00     |0.00     |0.00     |0.00     |2,884.00  |0.00      |0.00      |0         |0           |0        |0.00         |0.00                   |
2016-04-11 |JR703        |2,884.00   |0.00     |0.00     |0.00     |0.00     |2,884.00  |0.00      |0.00      |0         |0           |0        |0.00         |0.00                   |
2016-04-12 |JR605        |2,990.00   |0.00     |0.00     |0.00     |0.00     |2,990.00  |0.00      |0.00      |0         |0           |0        |0.00         |0.00                   |
2016-04-12 |JR607        |2,890.00   |0.00     |0.00     |0.00     |0.00     |2,890.00  |0.00      |0.00      |0         |0           |0        |0.00         |0.00                   |
2016-04-12 |JR609        |2,890.00   |0.00     |0.00     |0.00     |0.00     |2,890.00  |0.00      |0.00      |0         |0           |0        |0.00         |0.00                   |
2016-04-12 |JR611        |2,890.00   |0.00     |0.00     |0.00     |0.00     |2,890.00  |0.00      |0.00      |0         |0           |0        |0.00         |0.00                   |
2016-04-12 |JR701        |2,884.00   |0.00     |0.00     |0.00     |0.00     |2,884.00  |0.00      |0.00      |0         |0           |0        |0.00         |0.00                   |
2016-04-12 |JR703        |2,884.00   |0.00     |0.00     |0.00     |0.00     |2,884.00  |0.00      |0.00      |0         |0           |0        |0.00         |0.00                   |
2016-04-13 |JR605        |2,990.00   |0.00     |0.00     |0.00     |0.00     |2,990.00  |0.00      |0.00      |0         |0           |0        |0.00         |0.00                   |
2016-04-13 |JR607        |2,890.00   |0.00     |0.00     |0.00     |0.00     |2,890.00  |0.00      |0.00      |0         |0           |0        |0.00         |0.00                   |
2016-04-13 |JR609        |2,890.00   |0.00     |0.00     |0.00     |0.00     |2,890.00  |0.00      |0.00      |0         |0           |0        |0.00         |0.00                   |
2016-04-13 |JR611        |2,890.00   |0.00     |0.00     |0.00     |0.00     |2,890.00  |0.00      |0.00      |0         |0           |0        |0.00         |0.00                   |
2016-04-13 |JR701        |2,884.00   |0.00     |0.00     |0.00     |0.00     |2,884.00  |0.00      |0.00      |0         |0           |0        |0.00         |0.00                   |
2016-04-13 |JR703        |2,884.00   |0.00     |0.00     |0.00     |0.00     |2,884.00  |0.00      |0.00      |0         |0           |0        |0.00         |0.00                   |
2016-04-14 |JR605        |2,990.00   |0.00     |0.00     |0.00     |0.00     |2,990.00  |0.00      |0.00      |0         |0           |0        |0.00         |0.00                   |
2016-04-14 |JR607        |2,890.00   |0.00     |0.00     |0.00     |0.00     |2,890.00  |0.00      |0.00      |0         |0           |0        |0.00         |0.00                   |
2016-04-14 |JR609        |2,890.00   |0.00     |0.00     |0.00     |0.00     |2,890.00  |0.00      |0.00      |0         |0           |0        |0.00         |0.00                   |
2016-04-14 |JR611        |2,890.00   |0.00     |0.00     |0.00     |0.00     |2,890.00  |0.00      |0.00      |0         |0           |0        |0.00         |0.00                   |
2016-04-14 |JR701        |2,884.00   |0.00     |0.00     |0.00     |0.00     |2,884.00  |0.00      |0.00      |0         |0           |0        |0.00         |0.00                   |
2016-04-14 |JR703        |2,884.00   |0.00     |0.00     |0.00     |0.00     |2,884.00  |0.00      |0.00      |0         |0           |0        |0.00         |0.00                   |
2016-04-15 |JR605        |2,990.00   |0.00     |0.00     |0.00     |0.00     |2,990.00  |0.00      |0.00      |0         |0           |0        |0.00         |0.00                   |
2016-04-15 |JR607        |2,890.00   |0.00     |0.00     |0.00     |0.00     |2,890.00  |0.00      |0.00      |0         |0           |0        |0.00         |0.00                   |
2016-04-15 |JR609        |2,890.00   |0.00     |0.00     |0.00     |0.00     |2,890.00  |0.00      |0.00      |0         |0           |0        |0.00         |0.00                   |
2016-04-15 |JR611        |2,890.00   |0.00     |0.00     |0.00     |0.00     |2,890.00  |0.00      |0.00      |0         |0           |0        |0.00         |0.00                   |
2016-04-15 |JR701        |2,884.00   |0.00     |0.00     |0.00     |0.00     |2,884.00  |0.00      |0.00      |0         |0           |0        |0.00         |0.00                   |
2016-04-15 |JR703        |2,884.00   |0.00     |0.00     |0.00     |0.00     |2,884.00  |0.00      |0.00      |0         |0           |0        |0.00         |0.00                   |
2016-04-18 |JR605        |2,990.00   |0.00     |0.00     |0.00     |0.00     |2,990.00  |0.00      |0.00      |0         |0           |0        |0.00         |0.00                   |
2016-04-18 |JR607        |2,890.00   |0.00     |0.00     |0.00     |0.00     |2,890.00  |0.00      |0.00      |0         |0           |0        |0.00         |0.00                   |
2016-04-18 |JR609        |2,890.00   |0.00     |0.00     |0.00     |0.00     |2,890.00  |0.00      |0.00      |0         |0           |0        |0.00         |0.00                   |
2016-04-18 |JR611        |2,890.00   |0.00     |0.00     |0.00     |0.00     |2,890.00  |0.00      |0.00      |0         |0           |0        |0.00         |0.00                   |
2016-04-18 |JR701        |2,884.00   |0.00     |0.00     |0.00     |0.00     |2,884.00  |0.00      |0.00      |0         |0           |0        |0.00         |0.00                   |
2016-04-18 |JR703        |2,884.00   |0.00     |0.00     |0.00     |0.00     |2,884.00  |0.00      |0.00      |0         |0           |0        |0.00         |0.00                   |
2016-04-19 |JR605        |2,990.00   |0.00     |0.00     |0.00     |0.00     |2,990.00  |0.00      |0.00      |0         |0           |0        |0.00         |0.00                   |
2016-04-19 |JR607        |2,890.00   |0.00     |0.00     |0.00     |0.00     |2,890.00  |0.00      |0.00      |0         |0           |0        |0.00         |0.00                   |
2016-04-19 |JR609        |2,890.00   |0.00     |0.00     |0.00     |0.00     |2,890.00  |0.00      |0.00      |0         |0           |0        |0.00         |0.00                   |
2016-04-19 |JR611        |2,890.00   |0.00     |0.00     |0.00     |0.00     |2,890.00  |0.00      |0.00      |0         |0           |0        |0.00         |0.00                   |
2016-04-19 |JR701        |2,884.00   |0.00     |0.00     |0.00     |0.00     |2,884.00  |0.00      |0.00      |0         |0           |0        |0.00         |0.00                   |
2016-04-19 |JR703        |2,884.00   |0.00     |0.00     |0.00     |0.00     |2,884.00  |0.00      |0.00      |0         |0           |0        |0.00         |0.00                   |
2016-04-20 |JR605        |2,990.00   |0.00     |0.00     |0.00     |0.00     |2,990.00  |0.00      |0.00      |0         |0           |0        |0.00         |0.00                   |
2016-04-20 |JR607        |2,890.00   |0.00     |0.00     |0.00     |0.00     |2,890.00  |0.00      |0.00      |0         |0           |0        |0.00         |0.00                   |
2016-04-20 |JR609        |2,890.00   |0.00     |0.00     |0.00     |0.00     |2,890.00  |0.00      |0.00      |0         |0           |0        |0.00         |0.00                   |
2016-04-20 |JR611        |2,890.00   |0.00     |0.00     |0.00     |0.00     |2,890.00  |0.00      |0.00      |0         |0           |0        |0.00         |0.00                   |
2016-04-20 |JR701        |2,884.00   |0.00     |0.00     |0.00     |0.00     |2,884.00  |0.00      |0.00      |0         |0           |0        |0.00         |0.00                   |
2016-04-20 |JR703        |2,884.00   |0.00     |0.00     |0.00     |0.00     |2,884.00  |0.00      |0.00      |0         |0           |0        |0.00         |0.00                   |
2016-04-21 |JR605        |2,990.00   |0.00     |0.00     |0.00     |0.00     |2,990.00  |0.00      |0.00      |0         |0           |0        |0.00         |0.00                   |
2016-04-21 |JR607        |2,890.00   |0.00     |0.00     |0.00     |0.00     |2,890.00  |0.00      |0.00      |0         |0           |0        |0.00         |0.00                   |
2016-04-21 |JR609        |2,890.00   |0.00     |0.00     |0.00     |0.00     |2,890.00  |0.00      |0.00      |0         |0           |0        |0.00         |0.00                   |
2016-04-21 |JR611        |2,890.00   |0.00     |0.00     |0.00     |0.00     |2,890.00  |0.00      |0.00      |0         |0           |0        |0.00         |0.00                   |
2016-04-21 |JR701        |2,884.00   |0.00     |0.00     |0.00     |0.00     |2,884.00  |0.00      |0.00      |0         |0           |0        |0.00         |0.00                   |
2016-04-21 |JR703        |2,884.00   |0.00     |0.00     |0.00     |0.00     |2,884.00  |0.00      |0.00      |0         |0           |0        |0.00         |0.00                   |
2016-04-22 |JR605        |2,990.00   |0.00     |0.00     |0.00     |0.00     |2,990.00  |0.00      |0.00      |0         |0           |0        |0.00         |0.00                   |
2016-04-22 |JR607        |2,890.00   |0.00     |0.00     |0.00     |0.00     |2,890.00  |0.00      |0.00      |0         |0           |0        |0.00         |0.00                   |
2016-04-22 |JR609        |2,890.00   |0.00     |0.00     |0.00     |0.00     |2,890.00  |0.00      |0.00      |0         |0           |0        |0.00         |0.00                   |
2016-04-22 |JR611        |2,890.00   |0.00     |0.00     |0.00     |0.00     |2,890.00  |0.00      |0.00      |0         |0           |0        |0.00         |0.00                   |
2016-04-22 |JR701        |2,884.00   |0.00     |0.00     |0.00     |0.00     |2,884.00  |0.00      |0.00      |0         |0           |0        |0.00         |0.00                   |
2016-04-22 |JR703        |2,884.00   |0.00     |0.00     |0.00     |0.00     |2,884.00  |0.00      |0.00      |0         |0           |0        |0.00         |0.00                   |
2016-04-25 |JR605        |2,990.00   |0.00     |0.00     |0.00     |0.00     |2,990.00  |0.00      |0.00      |0         |0           |0        |0.00         |0.00                   |
2016-04-25 |JR607        |2,890.00   |0.00     |0.00     |0.00     |0.00     |2,890.00  |0.00      |0.00      |0         |0           |0        |0.00         |0.00                   |
2016-04-25 |JR609        |2,890.00   |0.00     |0.00     |0.00     |0.00     |2,890.00  |0.00      |0.00      |0         |0           |0        |0.00         |0.00                   |
2016-04-25 |JR611        |2,890.00   |0.00     |0.00     |0.00     |0.00     |2,890.00  |0.00      |0.00      |0         |0           |0        |0.00         |0.00                   |
2016-04-25 |JR701        |2,884.00   |0.00     |0.00     |0.00     |0.00     |2,884.00  |0.00      |0.00      |0         |0           |0        |0.00         |0.00                   |
2016-04-25 |JR703        |2,884.00   |0.00     |0.00     |0.00     |0.00     |2,884.00  |0.00      |0.00      |0         |0           |0        |0.00         |0.00                   |
2016-04-26 |JR605        |2,990.00   |0.00     |0.00     |0.00     |0.00     |2,990.00  |0.00      |0.00      |0         |0           |0        |0.00         |0.00                   |
2016-04-26 |JR607        |2,890.00   |2,774.00 |2,774.00 |2,774.00 |2,774.00 |2,774.00  |-116.00   |-116.00   |4         |4           |4        |22.19        |0.00                   |
2016-04-26 |JR609        |2,890.00   |0.00     |0.00     |0.00     |0.00     |2,774.00  |-116.00   |-116.00   |0         |0           |0        |0.00         |0.00                   |
2016-04-26 |JR611        |2,890.00   |0.00     |0.00     |0.00     |0.00     |2,774.00  |-116.00   |-116.00   |0         |0           |0        |0.00         |0.00                   |
2016-04-26 |JR701        |2,884.00   |0.00     |0.00     |0.00     |0.00     |2,768.00  |-116.00   |-116.00   |0         |0           |0        |0.00         |0.00                   |
2016-04-26 |JR703        |2,884.00   |0.00     |0.00     |0.00     |0.00     |2,768.00  |-116.00   |-116.00   |0         |0           |0        |0.00         |0.00                   |
2016-04-27 |JR605        |2,990.00   |0.00     |0.00     |0.00     |0.00     |2,990.00  |0.00      |0.00      |0         |0           |0        |0.00         |0.00                   |
2016-04-27 |JR607        |2,774.00   |0.00     |0.00     |0.00     |0.00     |2,774.00  |0.00      |0.00      |0         |4           |0        |0.00         |0.00                   |
2016-04-27 |JR609        |2,774.00   |0.00     |0.00     |0.00     |0.00     |2,774.00  |0.00      |0.00      |0         |0           |0        |0.00         |0.00                   |
2016-04-27 |JR611        |2,774.00   |0.00     |0.00     |0.00     |0.00     |2,774.00  |0.00      |0.00      |0         |0           |0        |0.00         |0.00                   |
2016-04-27 |JR701        |2,768.00   |0.00     |0.00     |0.00     |0.00     |2,768.00  |0.00      |0.00      |0         |0           |0        |0.00         |0.00                   |
2016-04-27 |JR703        |2,768.00   |0.00     |0.00     |0.00     |0.00     |2,768.00  |0.00      |0.00      |0         |0           |0        |0.00         |0.00                   |
2016-04-28 |JR605        |2,990.00   |0.00     |0.00     |0.00     |0.00     |2,990.00  |0.00      |0.00      |0         |0           |0        |0.00         |0.00                   |
2016-04-28 |JR607        |2,774.00   |0.00     |0.00     |0.00     |0.00     |2,774.00  |0.00      |0.00      |0         |4           |0        |0.00         |0.00                   |
2016-04-28 |JR609        |2,774.00   |0.00     |0.00     |0.00     |0.00     |2,774.00  |0.00      |0.00      |0         |0           |0        |0.00         |0.00                   |
2016-04-28 |JR611        |2,774.00   |0.00     |0.00     |0.00     |0.00     |2,774.00  |0.00      |0.00      |0         |0           |0        |0.00         |0.00                   |
2016-04-28 |JR701        |2,768.00   |0.00     |0.00     |0.00     |0.00     |2,768.00  |0.00      |0.00      |0         |0           |0        |0.00         |0.00                   |
2016-04-28 |JR703        |2,768.00   |0.00     |0.00     |0.00     |0.00     |2,768.00  |0.00      |0.00      |0         |0           |0        |0.00         |0.00                   |
2016-04-29 |JR605        |2,990.00   |0.00     |0.00     |0.00     |0.00     |2,990.00  |0.00      |0.00      |0         |0           |0        |0.00         |0.00                   |
2016-04-29 |JR607        |2,774.00   |0.00     |0.00     |0.00     |0.00     |2,801.00  |27.00     |27.00     |0         |4           |0        |0.00         |0.00                   |
2016-04-29 |JR609        |2,774.00   |0.00     |0.00     |0.00     |0.00     |2,774.00  |0.00      |0.00      |0         |0           |0        |0.00         |0.00                   |
2016-04-29 |JR611        |2,774.00   |0.00     |0.00     |0.00     |0.00     |2,774.00  |0.00      |0.00      |0         |0           |0        |0.00         |0.00                   |
2016-04-29 |JR701        |2,768.00   |0.00     |0.00     |0.00     |0.00     |2,768.00  |0.00      |0.00      |0         |0           |0        |0.00         |0.00                   |
2016-04-29 |JR703        |2,768.00   |0.00     |0.00     |0.00     |0.00     |2,768.00  |0.00      |0.00      |0         |0           |0        |0.00         |0.00                   |
2016-05-03 |JR605        |2,990.00   |0.00     |0.00     |0.00     |0.00     |2,990.00  |0.00      |0.00      |0         |0           |0        |0.00         |2,990.00               |
2016-05-03 |JR607        |2,801.00   |2,942.00 |2,942.00 |2,942.00 |2,942.00 |2,942.00  |141.00    |141.00    |4         |0           |-4       |23.54        |0.00                   |
2016-05-03 |JR609        |2,774.00   |0.00     |0.00     |0.00     |0.00     |2,914.00  |140.00    |140.00    |0         |0           |0        |0.00         |0.00                   |
2016-05-03 |JR611        |2,774.00   |0.00     |0.00     |0.00     |0.00     |2,914.00  |140.00    |140.00    |0         |0           |0        |0.00         |0.00                   |
2016-05-03 |JR701        |2,768.00   |0.00     |0.00     |0.00     |0.00     |2,907.00  |139.00    |139.00    |0         |0           |0        |0.00         |0.00                   |
2016-05-03 |JR703        |2,768.00   |0.00     |0.00     |0.00     |0.00     |2,907.00  |139.00    |139.00    |0         |0           |0        |0.00         |0.00                   |
2016-05-04 |JR605        |2,990.00   |0.00     |0.00     |0.00     |0.00     |2,990.00  |0.00      |0.00      |0         |0           |0        |0.00         |2,990.00               |
2016-05-04 |JR607        |2,942.00   |2,942.00 |3,060.00 |2,942.00 |3,060.00 |3,021.00  |118.00    |79.00     |6         |2           |2        |36.25        |0.00                   |
2016-05-04 |JR609        |2,914.00   |0.00     |0.00     |0.00     |0.00     |2,992.00  |78.00     |78.00     |0         |0           |0        |0.00         |0.00                   |
2016-05-04 |JR611        |2,914.00   |0.00     |0.00     |0.00     |0.00     |2,992.00  |78.00     |78.00     |0         |0           |0        |0.00         |0.00                   |
2016-05-04 |JR701        |2,907.00   |0.00     |0.00     |0.00     |0.00     |2,985.00  |78.00     |78.00     |0         |0           |0        |0.00         |0.00                   |
2016-05-04 |JR703        |2,907.00   |0.00     |0.00     |0.00     |0.00     |2,985.00  |78.00     |78.00     |0         |0           |0        |0.00         |0.00                   |
2016-05-05 |JR605        |2,990.00   |0.00     |0.00     |0.00     |0.00     |2,990.00  |0.00      |0.00      |0         |0           |0        |0.00         |2,990.00               |
2016-05-05 |JR607        |3,021.00   |3,142.00 |3,142.00 |3,142.00 |3,142.00 |3,142.00  |121.00    |121.00    |8         |4           |2        |50.27        |0.00                   |
2016-05-05 |JR609        |2,992.00   |0.00     |0.00     |0.00     |0.00     |3,112.00  |120.00    |120.00    |0         |0           |0        |0.00         |0.00                   |
2016-05-05 |JR611        |2,992.00   |0.00     |0.00     |0.00     |0.00     |3,112.00  |120.00    |120.00    |0         |0           |0        |0.00         |0.00                   |
2016-05-05 |JR701        |2,985.00   |0.00     |0.00     |0.00     |0.00     |3,105.00  |120.00    |120.00    |0         |0           |0        |0.00         |0.00                   |
2016-05-05 |JR703        |2,985.00   |2,746.00 |3,224.00 |2,746.00 |3,010.00 |2,960.00  |25.00     |-25.00    |48        |0           |0        |284.17       |0.00                   |
2016-05-06 |JR605        |2,990.00   |0.00     |0.00     |0.00     |0.00     |2,990.00  |0.00      |0.00      |0         |0           |0        |0.00         |2,990.00               |
2016-05-06 |JR607        |3,142.00   |0.00     |0.00     |0.00     |0.00     |3,142.00  |0.00      |0.00      |0         |4           |0        |0.00         |0.00                   |
2016-05-06 |JR609        |3,112.00   |0.00     |0.00     |0.00     |0.00     |3,112.00  |0.00      |0.00      |0         |0           |0        |0.00         |0.00                   |
2016-05-06 |JR611        |3,112.00   |0.00     |0.00     |0.00     |0.00     |3,112.00  |0.00      |0.00      |0         |0           |0        |0.00         |0.00                   |
2016-05-06 |JR701        |3,105.00   |0.00     |0.00     |0.00     |0.00     |3,105.00  |0.00      |0.00      |0         |0           |0        |0.00         |0.00                   |
2016-05-06 |JR703        |2,960.00   |0.00     |0.00     |0.00     |0.00     |2,960.00  |0.00      |0.00      |0         |0           |0        |0.00         |0.00                   |
2016-05-09 |JR605        |2,990.00   |0.00     |0.00     |0.00     |0.00     |2,990.00  |0.00      |0.00      |0         |0           |0        |0.00         |2,990.00               |
2016-05-09 |JR607        |3,142.00   |3,020.00 |3,268.00 |3,020.00 |3,268.00 |3,221.00  |126.00    |79.00     |12        |0           |-4       |77.31        |0.00                   |
2016-05-09 |JR609        |3,112.00   |0.00     |0.00     |0.00     |0.00     |3,190.00  |78.00     |78.00     |0         |0           |0        |0.00         |0.00                   |
2016-05-09 |JR611        |3,112.00   |0.00     |0.00     |0.00     |0.00     |3,190.00  |78.00     |78.00     |0         |0           |0        |0.00         |0.00                   |
2016-05-09 |JR701        |3,105.00   |0.00     |0.00     |0.00     |0.00     |3,183.00  |78.00     |78.00     |0         |0           |0        |0.00         |0.00                   |
2016-05-09 |JR703        |2,960.00   |0.00     |0.00     |0.00     |0.00     |3,034.00  |74.00     |74.00     |0         |0           |0        |0.00         |0.00                   |
2016-05-10 |JR605        |2,990.00   |0.00     |0.00     |0.00     |0.00     |2,990.00  |0.00      |0.00      |0         |0           |0        |0.00         |2,990.00               |
2016-05-10 |JR607        |3,221.00   |0.00     |0.00     |0.00     |0.00     |3,221.00  |0.00      |0.00      |0         |0           |0        |0.00         |0.00                   |
2016-05-10 |JR609        |3,190.00   |0.00     |0.00     |0.00     |0.00     |3,190.00  |0.00      |0.00      |0         |0           |0        |0.00         |0.00                   |
2016-05-10 |JR611        |3,190.00   |0.00     |0.00     |0.00     |0.00     |3,190.00  |0.00      |0.00      |0         |0           |0        |0.00         |0.00                   |
2016-05-10 |JR701        |3,183.00   |0.00     |0.00     |0.00     |0.00     |3,183.00  |0.00      |0.00      |0         |0           |0        |0.00         |0.00                   |
2016-05-10 |JR703        |3,034.00   |0.00     |0.00     |0.00     |0.00     |3,034.00  |0.00      |0.00      |0         |0           |0        |0.00         |0.00                   |
2016-05-11 |JR605        |2,990.00   |0.00     |0.00     |0.00     |0.00     |2,990.00  |0.00      |0.00      |0         |0           |0        |0.00         |2,990.00               |
2016-05-11 |JR607        |3,221.00   |0.00     |0.00     |0.00     |0.00     |3,221.00  |0.00      |0.00      |0         |0           |0        |0.00         |0.00                   |
2016-05-11 |JR609        |3,190.00   |0.00     |0.00     |0.00     |0.00     |3,190.00  |0.00      |0.00      |0         |0           |0        |0.00         |0.00                   |
2016-05-11 |JR611        |3,190.00   |0.00     |0.00     |0.00     |0.00     |3,190.00  |0.00      |0.00      |0         |0           |0        |0.00         |0.00                   |
2016-05-11 |JR701        |3,183.00   |0.00     |0.00     |0.00     |0.00     |3,183.00  |0.00      |0.00      |0         |0           |0        |0.00         |0.00                   |
2016-05-11 |JR703        |3,034.00   |0.00     |0.00     |0.00     |0.00     |3,034.00  |0.00      |0.00      |0         |0           |0        |0.00         |0.00                   |
2016-05-12 |JR605        |2,990.00   |0.00     |0.00     |0.00     |0.00     |2,990.00  |0.00      |0.00      |0         |0           |0        |0.00         |2,990.00               |
2016-05-12 |JR607        |3,221.00   |0.00     |0.00     |0.00     |0.00     |3,221.00  |0.00      |0.00      |0         |0           |0        |0.00         |0.00                   |
2016-05-12 |JR609        |3,190.00   |0.00     |0.00     |0.00     |0.00     |3,190.00  |0.00      |0.00      |0         |0           |0        |0.00         |0.00                   |
2016-05-12 |JR611        |3,190.00   |0.00     |0.00     |0.00     |0.00     |3,190.00  |0.00      |0.00      |0         |0           |0        |0.00         |0.00                   |
2016-05-12 |JR701        |3,183.00   |0.00     |0.00     |0.00     |0.00     |3,183.00  |0.00      |0.00      |0         |0           |0        |0.00         |0.00                   |
2016-05-12 |JR703        |3,034.00   |0.00     |0.00     |0.00     |0.00     |3,034.00  |0.00      |0.00      |0         |0           |0        |0.00         |0.00                   |
2016-05-13 |JR605        |2,990.00   |0.00     |0.00     |0.00     |0.00     |2,990.00  |0.00      |0.00      |0         |0           |0        |0.00         |2,990.00               |
2016-05-13 |JR607        |3,221.00   |0.00     |0.00     |0.00     |0.00     |3,221.00  |0.00      |0.00      |0         |0           |0        |0.00         |0.00                   |
2016-05-13 |JR609        |3,190.00   |0.00     |0.00     |0.00     |0.00     |3,190.00  |0.00      |0.00      |0         |0           |0        |0.00         |0.00                   |
2016-05-13 |JR611        |3,190.00   |0.00     |0.00     |0.00     |0.00     |3,190.00  |0.00      |0.00      |0         |0           |0        |0.00         |0.00                   |
2016-05-13 |JR701        |3,183.00   |0.00     |0.00     |0.00     |0.00     |3,183.00  |0.00      |0.00      |0         |0           |0        |0.00         |0.00                   |
2016-05-13 |JR703        |3,034.00   |0.00     |0.00     |0.00     |0.00     |3,034.00  |0.00      |0.00      |0         |0           |0        |0.00         |0.00                   |
2016-05-16 |JR605        |2,990.00   |0.00     |0.00     |0.00     |0.00     |2,990.00  |0.00      |0.00      |0         |0           |0        |0.00         |2,990.00               |
2016-05-16 |JR607        |3,221.00   |0.00     |0.00     |0.00     |0.00     |3,221.00  |0.00      |0.00      |0         |0           |0        |0.00         |0.00                   |
2016-05-16 |JR609        |3,190.00   |0.00     |0.00     |0.00     |0.00     |3,190.00  |0.00      |0.00      |0         |0           |0        |0.00         |0.00                   |
2016-05-16 |JR611        |3,190.00   |0.00     |0.00     |0.00     |0.00     |3,190.00  |0.00      |0.00      |0         |0           |0        |0.00         |0.00                   |
2016-05-16 |JR701        |3,183.00   |0.00     |0.00     |0.00     |0.00     |3,183.00  |0.00      |0.00      |0         |0           |0        |0.00         |0.00                   |
2016-05-16 |JR703        |3,034.00   |0.00     |0.00     |0.00     |0.00     |3,034.00  |0.00      |0.00      |0         |0           |0        |0.00         |0.00                   |
2016-05-17 |JR607        |3,221.00   |0.00     |0.00     |0.00     |0.00     |3,221.00  |0.00      |0.00      |0         |0           |0        |0.00         |0.00                   |
2016-05-17 |JR609        |3,190.00   |0.00     |0.00     |0.00     |0.00     |3,190.00  |0.00      |0.00      |0         |0           |0        |0.00         |0.00                   |
2016-05-17 |JR611        |3,190.00   |0.00     |0.00     |0.00     |0.00     |3,190.00  |0.00      |0.00      |0         |0           |0        |0.00         |0.00                   |
2016-05-17 |JR701        |3,183.00   |0.00     |0.00     |0.00     |0.00     |3,183.00  |0.00      |0.00      |0         |0           |0        |0.00         |0.00                   |
2016-05-17 |JR703        |3,034.00   |0.00     |0.00     |0.00     |0.00     |3,034.00  |0.00      |0.00      |0         |0           |0        |0.00         |0.00                   |
2016-05-17 |JR705        |3,034.00   |0.00     |0.00     |0.00     |0.00     |3,034.00  |0.00      |0.00      |0         |0           |0        |0.00         |0.00                   |
2016-05-18 |JR607        |3,221.00   |0.00     |0.00     |0.00     |0.00     |3,221.00  |0.00      |0.00      |0         |0           |0        |0.00         |0.00                   |
2016-05-18 |JR609        |3,190.00   |0.00     |0.00     |0.00     |0.00     |3,190.00  |0.00      |0.00      |0         |0           |0        |0.00         |0.00                   |
2016-05-18 |JR611        |3,190.00   |0.00     |0.00     |0.00     |0.00     |3,190.00  |0.00      |0.00      |0         |0           |0        |0.00         |0.00                   |
2016-05-18 |JR701        |3,183.00   |0.00     |0.00     |0.00     |0.00     |3,183.00  |0.00      |0.00      |0         |0           |0        |0.00         |0.00                   |
2016-05-18 |JR703        |3,034.00   |0.00     |0.00     |0.00     |0.00     |3,034.00  |0.00      |0.00      |0         |0           |0        |0.00         |0.00                   |
2016-05-18 |JR705        |3,034.00   |0.00     |0.00     |0.00     |0.00     |3,034.00  |0.00      |0.00      |0         |0           |0        |0.00         |0.00                   |
2016-05-19 |JR607        |3,221.00   |0.00     |0.00     |0.00     |0.00     |3,221.00  |0.00      |0.00      |0         |0           |0        |0.00         |0.00                   |
2016-05-19 |JR609        |3,190.00   |0.00     |0.00     |0.00     |0.00     |3,190.00  |0.00      |0.00      |0         |0           |0        |0.00         |0.00                   |
2016-05-19 |JR611        |3,190.00   |0.00     |0.00     |0.00     |0.00     |3,190.00  |0.00      |0.00      |0         |0           |0        |0.00         |0.00                   |
2016-05-19 |JR701        |3,183.00   |0.00     |0.00     |0.00     |0.00     |3,183.00  |0.00      |0.00      |0         |0           |0        |0.00         |0.00                   |
2016-05-19 |JR703        |3,034.00   |0.00     |0.00     |0.00     |0.00     |3,034.00  |0.00      |0.00      |0         |0           |0        |0.00         |0.00                   |
2016-05-19 |JR705        |3,034.00   |0.00     |0.00     |0.00     |0.00     |3,034.00  |0.00      |0.00      |0         |0           |0        |0.00         |0.00                   |
2016-05-20 |JR607        |3,221.00   |0.00     |0.00     |0.00     |0.00     |3,221.00  |0.00      |0.00      |0         |0           |0        |0.00         |0.00                   |
2016-05-20 |JR609        |3,190.00   |0.00     |0.00     |0.00     |0.00     |3,190.00  |0.00      |0.00      |0         |0           |0        |0.00         |0.00                   |
2016-05-20 |JR611        |3,190.00   |0.00     |0.00     |0.00     |0.00     |3,190.00  |0.00      |0.00      |0         |0           |0        |0.00         |0.00                   |
2016-05-20 |JR701        |3,183.00   |0.00     |0.00     |0.00     |0.00     |3,183.00  |0.00      |0.00      |0         |0           |0        |0.00         |0.00                   |
2016-05-20 |JR703        |3,034.00   |0.00     |0.00     |0.00     |0.00     |3,034.00  |0.00      |0.00      |0         |0           |0        |0.00         |0.00                   |
2016-05-20 |JR705        |3,034.00   |0.00     |0.00     |0.00     |0.00     |3,034.00  |0.00      |0.00      |0         |0           |0        |0.00         |0.00                   |
2016-05-23 |JR607        |3,221.00   |0.00     |0.00     |0.00     |0.00     |3,221.00  |0.00      |0.00      |0         |0           |0        |0.00         |0.00                   |
2016-05-23 |JR609        |3,190.00   |0.00     |0.00     |0.00     |0.00     |3,190.00  |0.00      |0.00      |0         |0           |0        |0.00         |0.00                   |
2016-05-23 |JR611        |3,190.00   |0.00     |0.00     |0.00     |0.00     |3,190.00  |0.00      |0.00      |0         |0           |0        |0.00         |0.00                   |
2016-05-23 |JR701        |3,183.00   |0.00     |0.00     |0.00     |0.00     |3,183.00  |0.00      |0.00      |0         |0           |0        |0.00         |0.00                   |
2016-05-23 |JR703        |3,034.00   |0.00     |0.00     |0.00     |0.00     |3,034.00  |0.00      |0.00      |0         |0           |0        |0.00         |0.00                   |
2016-05-23 |JR705        |3,034.00   |0.00     |0.00     |0.00     |0.00     |3,034.00  |0.00      |0.00      |0         |0           |0        |0.00         |0.00                   |
2016-05-24 |JR607        |3,221.00   |0.00     |0.00     |0.00     |0.00     |3,221.00  |0.00      |0.00      |0         |0           |0        |0.00         |0.00                   |
2016-05-24 |JR609        |3,190.00   |0.00     |0.00     |0.00     |0.00     |3,190.00  |0.00      |0.00      |0         |0           |0        |0.00         |0.00                   |
2016-05-24 |JR611        |3,190.00   |0.00     |0.00     |0.00     |0.00     |3,190.00  |0.00      |0.00      |0         |0           |0        |0.00         |0.00                   |
2016-05-24 |JR701        |3,183.00   |0.00     |0.00     |0.00     |0.00     |3,183.00  |0.00      |0.00      |0         |0           |0        |0.00         |0.00                   |
2016-05-24 |JR703        |3,034.00   |0.00     |0.00     |0.00     |0.00     |3,034.00  |0.00      |0.00      |0         |0           |0        |0.00         |0.00                   |
2016-05-24 |JR705        |3,034.00   |0.00     |0.00     |0.00     |0.00     |3,034.00  |0.00      |0.00      |0         |0           |0        |0.00         |0.00                   |
2016-05-25 |JR607        |3,221.00   |0.00     |0.00     |0.00     |0.00     |3,221.00  |0.00      |0.00      |0         |0           |0        |0.00         |0.00                   |
2016-05-25 |JR609        |3,190.00   |0.00     |0.00     |0.00     |0.00     |3,190.00  |0.00      |0.00      |0         |0           |0        |0.00         |0.00                   |
2016-05-25 |JR611        |3,190.00   |0.00     |0.00     |0.00     |0.00     |3,190.00  |0.00      |0.00      |0         |0           |0        |0.00         |0.00                   |
2016-05-25 |JR701        |3,183.00   |0.00     |0.00     |0.00     |0.00     |3,183.00  |0.00      |0.00      |0         |0           |0        |0.00         |0.00                   |
2016-05-25 |JR703        |3,034.00   |0.00     |0.00     |0.00     |0.00     |3,034.00  |0.00      |0.00      |0         |0           |0        |0.00         |0.00                   |
2016-05-25 |JR705        |3,034.00   |0.00     |0.00     |0.00     |0.00     |3,034.00  |0.00      |0.00      |0         |0           |0        |0.00         |0.00                   |
2016-05-26 |JR607        |3,221.00   |0.00     |0.00     |0.00     |0.00     |3,221.00  |0.00      |0.00      |0         |0           |0        |0.00         |0.00                   |
2016-05-26 |JR609        |3,190.00   |0.00     |0.00     |0.00     |0.00     |3,190.00  |0.00      |0.00      |0         |0           |0        |0.00         |0.00                   |
2016-05-26 |JR611        |3,190.00   |0.00     |0.00     |0.00     |0.00     |3,190.00  |0.00      |0.00      |0         |0           |0        |0.00         |0.00                   |
2016-05-26 |JR701        |3,183.00   |0.00     |0.00     |0.00     |0.00     |3,183.00  |0.00      |0.00      |0         |0           |0        |0.00         |0.00                   |
2016-05-26 |JR703        |3,034.00   |0.00     |0.00     |0.00     |0.00     |3,034.00  |0.00      |0.00      |0         |0           |0        |0.00         |0.00                   |
2016-05-26 |JR705        |3,034.00   |0.00     |0.00     |0.00     |0.00     |3,034.00  |0.00      |0.00      |0         |0           |0        |0.00         |0.00                   |
2016-05-27 |JR607        |3,221.00   |0.00     |0.00     |0.00     |0.00     |3,221.00  |0.00      |0.00      |0         |0           |0        |0.00         |0.00                   |
2016-05-27 |JR609        |3,190.00   |0.00     |0.00     |0.00     |0.00     |3,190.00  |0.00      |0.00      |0         |0           |0        |0.00         |0.00                   |
2016-05-27 |JR611        |3,190.00   |0.00     |0.00     |0.00     |0.00     |3,190.00  |0.00      |0.00      |0         |0           |0        |0.00         |0.00                   |
2016-05-27 |JR701        |3,183.00   |0.00     |0.00     |0.00     |0.00     |3,183.00  |0.00      |0.00      |0         |0           |0        |0.00         |0.00                   |
2016-05-27 |JR703        |3,034.00   |0.00     |0.00     |0.00     |0.00     |3,034.00  |0.00      |0.00      |0         |0           |0        |0.00         |0.00                   |
2016-05-27 |JR705        |3,034.00   |0.00     |0.00     |0.00     |0.00     |3,034.00  |0.00      |0.00      |0         |0           |0        |0.00         |0.00                   |
2016-05-30 |JR607        |3,221.00   |0.00     |0.00     |0.00     |0.00     |3,221.00  |0.00      |0.00      |0         |0           |0        |0.00         |0.00                   |
2016-05-30 |JR609        |3,190.00   |0.00     |0.00     |0.00     |0.00     |3,190.00  |0.00      |0.00      |0         |0           |0        |0.00         |0.00                   |
2016-05-30 |JR611        |3,190.00   |0.00     |0.00     |0.00     |0.00     |3,190.00  |0.00      |0.00      |0         |0           |0        |0.00         |0.00                   |
2016-05-30 |JR701        |3,183.00   |0.00     |0.00     |0.00     |0.00     |3,183.00  |0.00      |0.00      |0         |0           |0        |0.00         |0.00                   |
2016-05-30 |JR703        |3,034.00   |0.00     |0.00     |0.00     |0.00     |3,034.00  |0.00      |0.00      |0         |0           |0        |0.00         |0.00                   |
2016-05-30 |JR705        |3,034.00   |0.00     |0.00     |0.00     |0.00     |3,034.00  |0.00      |0.00      |0         |0           |0        |0.00         |0.00                   |
2016-05-31 |JR607        |3,221.00   |0.00     |0.00     |0.00     |0.00     |3,221.00  |0.00      |0.00      |0         |0           |0        |0.00         |0.00                   |
2016-05-31 |JR609        |3,190.00   |0.00     |0.00     |0.00     |0.00     |3,190.00  |0.00      |0.00      |0         |0           |0        |0.00         |0.00                   |
2016-05-31 |JR611        |3,190.00   |0.00     |0.00     |0.00     |0.00     |3,190.00  |0.00      |0.00      |0         |0           |0        |0.00         |0.00                   |
2016-05-31 |JR701        |3,183.00   |0.00     |0.00     |0.00     |0.00     |3,183.00  |0.00      |0.00      |0         |0           |0        |0.00         |0.00                   |
2016-05-31 |JR703        |3,034.00   |0.00     |0.00     |0.00     |0.00     |3,034.00  |0.00      |0.00      |0         |0           |0        |0.00         |0.00                   |
2016-05-31 |JR705        |3,034.00   |0.00     |0.00     |0.00     |0.00     |3,034.00  |0.00      |0.00      |0         |0           |0        |0.00         |0.00                   |
2016-06-01 |JR607        |3,221.00   |0.00     |0.00     |0.00     |0.00     |3,221.00  |0.00      |0.00      |0         |0           |0        |0.00         |0.00                   |
2016-06-01 |JR609        |3,190.00   |0.00     |0.00     |0.00     |0.00     |3,190.00  |0.00      |0.00      |0         |0           |0        |0.00         |0.00                   |
2016-06-01 |JR611        |3,190.00   |0.00     |0.00     |0.00     |0.00     |3,190.00  |0.00      |0.00      |0         |0           |0        |0.00         |0.00                   |
2016-06-01 |JR701        |3,183.00   |0.00     |0.00     |0.00     |0.00     |3,183.00  |0.00      |0.00      |0         |0           |0        |0.00         |0.00                   |
2016-06-01 |JR703        |3,034.00   |0.00     |0.00     |0.00     |0.00     |3,034.00  |0.00      |0.00      |0         |0           |0        |0.00         |0.00                   |
2016-06-01 |JR705        |3,034.00   |0.00     |0.00     |0.00     |0.00     |3,034.00  |0.00      |0.00      |0         |0           |0        |0.00         |0.00                   |
2016-06-02 |JR607        |3,221.00   |0.00     |0.00     |0.00     |0.00     |3,221.00  |0.00      |0.00      |0         |0           |0        |0.00         |0.00                   |
2016-06-02 |JR609        |3,190.00   |0.00     |0.00     |0.00     |0.00     |3,190.00  |0.00      |0.00      |0         |0           |0        |0.00         |0.00                   |
2016-06-02 |JR611        |3,190.00   |0.00     |0.00     |0.00     |0.00     |3,190.00  |0.00      |0.00      |0         |0           |0        |0.00         |0.00                   |
2016-06-02 |JR701        |3,183.00   |0.00     |0.00     |0.00     |0.00     |3,183.00  |0.00      |0.00      |0         |0           |0        |0.00         |0.00                   |
2016-06-02 |JR703        |3,034.00   |0.00     |0.00     |0.00     |0.00     |3,034.00  |0.00      |0.00      |0         |0           |0        |0.00         |0.00                   |
2016-06-02 |JR705        |3,034.00   |0.00     |0.00     |0.00     |0.00     |3,034.00  |0.00      |0.00      |0         |0           |0        |0.00         |0.00                   |
2016-06-03 |JR607        |3,221.00   |0.00     |0.00     |0.00     |0.00     |3,221.00  |0.00      |0.00      |0         |0           |0        |0.00         |0.00                   |
2016-06-03 |JR609        |3,190.00   |0.00     |0.00     |0.00     |0.00     |3,190.00  |0.00      |0.00      |0         |0           |0        |0.00         |0.00                   |
2016-06-03 |JR611        |3,190.00   |0.00     |0.00     |0.00     |0.00     |3,190.00  |0.00      |0.00      |0         |0           |0        |0.00         |0.00                   |
2016-06-03 |JR701        |3,183.00   |0.00     |0.00     |0.00     |0.00     |3,183.00  |0.00      |0.00      |0         |0           |0        |0.00         |0.00                   |
2016-06-03 |JR703        |3,034.00   |0.00     |0.00     |0.00     |0.00     |3,034.00  |0.00      |0.00      |0         |0           |0        |0.00         |0.00                   |
2016-06-03 |JR705        |3,034.00   |0.00     |0.00     |0.00     |0.00     |3,034.00  |0.00      |0.00      |0         |0           |0        |0.00         |0.00                   |
2016-06-06 |JR607        |3,221.00   |0.00     |0.00     |0.00     |0.00     |3,221.00  |0.00      |0.00      |0         |0           |0        |0.00         |0.00                   |
2016-06-06 |JR609        |3,190.00   |0.00     |0.00     |0.00     |0.00     |3,190.00  |0.00      |0.00      |0         |0           |0        |0.00         |0.00                   |
2016-06-06 |JR611        |3,190.00   |0.00     |0.00     |0.00     |0.00     |3,190.00  |0.00      |0.00      |0         |0           |0        |0.00         |0.00                   |
2016-06-06 |JR701        |3,183.00   |0.00     |0.00     |0.00     |0.00     |3,183.00  |0.00      |0.00      |0         |0           |0        |0.00         |0.00                   |
2016-06-06 |JR703        |3,034.00   |0.00     |0.00     |0.00     |0.00     |3,034.00  |0.00      |0.00      |0         |0           |0        |0.00         |0.00                   |
2016-06-06 |JR705        |3,034.00   |0.00     |0.00     |0.00     |0.00     |3,034.00  |0.00      |0.00      |0         |0           |0        |0.00         |0.00                   |
2016-06-07 |JR607        |3,221.00   |0.00     |0.00     |0.00     |0.00     |3,221.00  |0.00      |0.00      |0         |0           |0        |0.00         |0.00                   |
2016-06-07 |JR609        |3,190.00   |0.00     |0.00     |0.00     |0.00     |3,190.00  |0.00      |0.00      |0         |0           |0        |0.00         |0.00                   |
2016-06-07 |JR611        |3,190.00   |0.00     |0.00     |0.00     |0.00     |3,190.00  |0.00      |0.00      |0         |0           |0        |0.00         |0.00                   |
2016-06-07 |JR701        |3,183.00   |0.00     |0.00     |0.00     |0.00     |3,183.00  |0.00      |0.00      |0         |0           |0        |0.00         |0.00                   |
2016-06-07 |JR703        |3,034.00   |0.00     |0.00     |0.00     |0.00     |3,034.00  |0.00      |0.00      |0         |0           |0        |0.00         |0.00                   |
2016-06-07 |JR705        |3,034.00   |0.00     |0.00     |0.00     |0.00     |3,034.00  |0.00      |0.00      |0         |0           |0        |0.00         |0.00                   |
2016-06-08 |JR607        |3,221.00   |0.00     |0.00     |0.00     |0.00     |3,221.00  |0.00      |0.00      |0         |0           |0        |0.00         |0.00                   |
2016-06-08 |JR609        |3,190.00   |0.00     |0.00     |0.00     |0.00     |3,190.00  |0.00      |0.00      |0         |0           |0        |0.00         |0.00                   |
2016-06-08 |JR611        |3,190.00   |0.00     |0.00     |0.00     |0.00     |3,190.00  |0.00      |0.00      |0         |0           |0        |0.00         |0.00                   |
2016-06-08 |JR701        |3,183.00   |0.00     |0.00     |0.00     |0.00     |3,183.00  |0.00      |0.00      |0         |0           |0        |0.00         |0.00                   |
2016-06-08 |JR703        |3,034.00   |0.00     |0.00     |0.00     |0.00     |3,034.00  |0.00      |0.00      |0         |0           |0        |0.00         |0.00                   |
2016-06-08 |JR705        |3,034.00   |0.00     |0.00     |0.00     |0.00     |3,034.00  |0.00      |0.00      |0         |0           |0        |0.00         |0.00                   |
2016-06-13 |JR607        |3,221.00   |0.00     |0.00     |0.00     |0.00     |3,221.00  |0.00      |0.00      |0         |0           |0        |0.00         |0.00                   |
2016-06-13 |JR609        |3,190.00   |0.00     |0.00     |0.00     |0.00     |3,190.00  |0.00      |0.00      |0         |0           |0        |0.00         |0.00                   |
2016-06-13 |JR611        |3,190.00   |0.00     |0.00     |0.00     |0.00     |3,190.00  |0.00      |0.00      |0         |0           |0        |0.00         |0.00                   |
2016-06-13 |JR701        |3,183.00   |0.00     |0.00     |0.00     |0.00     |3,183.00  |0.00      |0.00      |0         |0           |0        |0.00         |0.00                   |
2016-06-13 |JR703        |3,034.00   |0.00     |0.00     |0.00     |0.00     |3,034.00  |0.00      |0.00      |0         |0           |0        |0.00         |0.00                   |
2016-06-13 |JR705        |3,034.00   |0.00     |0.00     |0.00     |0.00     |3,034.00  |0.00      |0.00      |0         |0           |0        |0.00         |0.00                   |
2016-06-14 |JR607        |3,221.00   |0.00     |0.00     |0.00     |0.00     |3,221.00  |0.00      |0.00      |0         |0           |0        |0.00         |0.00                   |
2016-06-14 |JR609        |3,190.00   |0.00     |0.00     |0.00     |0.00     |3,190.00  |0.00      |0.00      |0         |0           |0        |0.00         |0.00                   |
2016-06-14 |JR611        |3,190.00   |0.00     |0.00     |0.00     |0.00     |3,190.00  |0.00      |0.00      |0         |0           |0        |0.00         |0.00                   |
2016-06-14 |JR701        |3,183.00   |0.00     |0.00     |0.00     |0.00     |3,183.00  |0.00      |0.00      |0         |0           |0        |0.00         |0.00                   |
2016-06-14 |JR703        |3,034.00   |0.00     |0.00     |0.00     |0.00     |3,034.00  |0.00      |0.00      |0         |0           |0        |0.00         |0.00                   |
2016-06-14 |JR705        |3,034.00   |0.00     |0.00     |0.00     |0.00     |3,034.00  |0.00      |0.00      |0         |0           |0        |0.00         |0.00                   |
2016-06-15 |JR607        |3,221.00   |0.00     |0.00     |0.00     |0.00     |3,221.00  |0.00      |0.00      |0         |0           |0        |0.00         |0.00                   |
2016-06-15 |JR609        |3,190.00   |0.00     |0.00     |0.00     |0.00     |3,190.00  |0.00      |0.00      |0         |0           |0        |0.00         |0.00                   |
2016-06-15 |JR611        |3,190.00   |0.00     |0.00     |0.00     |0.00     |3,190.00  |0.00      |0.00      |0         |0           |0        |0.00         |0.00                   |
2016-06-15 |JR701        |3,183.00   |0.00     |0.00     |0.00     |0.00     |3,183.00  |0.00      |0.00      |0         |0           |0        |0.00         |0.00                   |
2016-06-15 |JR703        |3,034.00   |0.00     |0.00     |0.00     |0.00     |3,034.00  |0.00      |0.00      |0         |0           |0        |0.00         |0.00                   |
2016-06-15 |JR705        |3,034.00   |0.00     |0.00     |0.00     |0.00     |3,034.00  |0.00      |0.00      |0         |0           |0        |0.00         |0.00                   |
2016-06-16 |JR607        |3,221.00   |0.00     |0.00     |0.00     |0.00     |3,221.00  |0.00      |0.00      |0         |0           |0        |0.00         |0.00                   |
2016-06-16 |JR609        |3,190.00   |0.00     |0.00     |0.00     |0.00     |3,190.00  |0.00      |0.00      |0         |0           |0        |0.00         |0.00                   |
2016-06-16 |JR611        |3,190.00   |0.00     |0.00     |0.00     |0.00     |3,190.00  |0.00      |0.00      |0         |0           |0        |0.00         |0.00                   |
2016-06-16 |JR701        |3,183.00   |0.00     |0.00     |0.00     |0.00     |3,183.00  |0.00      |0.00      |0         |0           |0        |0.00         |0.00                   |
2016-06-16 |JR703        |3,034.00   |0.00     |0.00     |0.00     |0.00     |3,034.00  |0.00      |0.00      |0         |0           |0        |0.00         |0.00                   |
2016-06-16 |JR705        |3,034.00   |0.00     |0.00     |0.00     |0.00     |3,034.00  |0.00      |0.00      |0         |0           |0        |0.00         |0.00                   |
2016-06-17 |JR607        |3,221.00   |0.00     |0.00     |0.00     |0.00     |3,221.00  |0.00      |0.00      |0         |0           |0        |0.00         |0.00                   |
2016-06-17 |JR609        |3,190.00   |0.00     |0.00     |0.00     |0.00     |3,190.00  |0.00      |0.00      |0         |0           |0        |0.00         |0.00                   |
2016-06-17 |JR611        |3,190.00   |0.00     |0.00     |0.00     |0.00     |3,190.00  |0.00      |0.00      |0         |0           |0        |0.00         |0.00                   |
2016-06-17 |JR701        |3,183.00   |0.00     |0.00     |0.00     |0.00     |3,183.00  |0.00      |0.00      |0         |0           |0        |0.00         |0.00                   |
2016-06-17 |JR703        |3,034.00   |0.00     |0.00     |0.00     |0.00     |3,034.00  |0.00      |0.00      |0         |0           |0        |0.00         |0.00                   |
2016-06-17 |JR705        |3,034.00   |0.00     |0.00     |0.00     |0.00     |3,034.00  |0.00      |0.00      |0         |0           |0        |0.00         |0.00                   |
2016-06-20 |JR607        |3,221.00   |0.00     |0.00     |0.00     |0.00     |3,221.00  |0.00      |0.00      |0         |0           |0        |0.00         |0.00                   |
2016-06-20 |JR609        |3,190.00   |0.00     |0.00     |0.00     |0.00     |3,190.00  |0.00      |0.00      |0         |0           |0        |0.00         |0.00                   |
2016-06-20 |JR611        |3,190.00   |0.00     |0.00     |0.00     |0.00     |3,190.00  |0.00      |0.00      |0         |0           |0        |0.00         |0.00                   |
2016-06-20 |JR701        |3,183.00   |0.00     |0.00     |0.00     |0.00     |3,183.00  |0.00      |0.00      |0         |0           |0        |0.00         |0.00                   |
2016-06-20 |JR703        |3,034.00   |0.00     |0.00     |0.00     |0.00     |3,034.00  |0.00      |0.00      |0         |0           |0        |0.00         |0.00                   |
2016-06-20 |JR705        |3,034.00   |0.00     |0.00     |0.00     |0.00     |3,034.00  |0.00      |0.00      |0         |0           |0        |0.00         |0.00                   |
2016-06-21 |JR607        |3,221.00   |0.00     |0.00     |0.00     |0.00     |3,221.00  |0.00      |0.00      |0         |0           |0        |0.00         |0.00                   |
2016-06-21 |JR609        |3,190.00   |0.00     |0.00     |0.00     |0.00     |3,190.00  |0.00      |0.00      |0         |0           |0        |0.00         |0.00                   |
2016-06-21 |JR611        |3,190.00   |0.00     |0.00     |0.00     |0.00     |3,190.00  |0.00      |0.00      |0         |0           |0        |0.00         |0.00                   |
2016-06-21 |JR701        |3,183.00   |0.00     |0.00     |0.00     |0.00     |3,183.00  |0.00      |0.00      |0         |0           |0        |0.00         |0.00                   |
2016-06-21 |JR703        |3,034.00   |0.00     |0.00     |0.00     |0.00     |3,034.00  |0.00      |0.00      |0         |0           |0        |0.00         |0.00                   |
2016-06-21 |JR705        |3,034.00   |0.00     |0.00     |0.00     |0.00     |3,034.00  |0.00      |0.00      |0         |0           |0        |0.00         |0.00                   |
2016-06-22 |JR607        |3,221.00   |0.00     |0.00     |0.00     |0.00     |3,221.00  |0.00      |0.00      |0         |0           |0        |0.00         |0.00                   |
2016-06-22 |JR609        |3,190.00   |0.00     |0.00     |0.00     |0.00     |3,190.00  |0.00      |0.00      |0         |0           |0        |0.00         |0.00                   |
2016-06-22 |JR611        |3,190.00   |0.00     |0.00     |0.00     |0.00     |3,190.00  |0.00      |0.00      |0         |0           |0        |0.00         |0.00                   |
2016-06-22 |JR701        |3,183.00   |0.00     |0.00     |0.00     |0.00     |3,183.00  |0.00      |0.00      |0         |0           |0        |0.00         |0.00                   |
2016-06-22 |JR703        |3,034.00   |0.00     |0.00     |0.00     |0.00     |3,034.00  |0.00      |0.00      |0         |0           |0        |0.00         |0.00                   |
2016-06-22 |JR705        |3,034.00   |0.00     |0.00     |0.00     |0.00     |3,034.00  |0.00      |0.00      |0         |0           |0        |0.00         |0.00                   |
2016-06-23 |JR607        |3,221.00   |0.00     |0.00     |0.00     |0.00     |3,221.00  |0.00      |0.00      |0         |0           |0        |0.00         |0.00                   |
2016-06-23 |JR609        |3,190.00   |0.00     |0.00     |0.00     |0.00     |3,190.00  |0.00      |0.00      |0         |0           |0        |0.00         |0.00                   |
2016-06-23 |JR611        |3,190.00   |0.00     |0.00     |0.00     |0.00     |3,190.00  |0.00      |0.00      |0         |0           |0        |0.00         |0.00                   |
2016-06-23 |JR701        |3,183.00   |0.00     |0.00     |0.00     |0.00     |3,183.00  |0.00      |0.00      |0         |0           |0        |0.00         |0.00                   |
2016-06-23 |JR703        |3,034.00   |0.00     |0.00     |0.00     |0.00     |3,034.00  |0.00      |0.00      |0         |0           |0        |0.00         |0.00                   |
2016-06-23 |JR705        |3,034.00   |0.00     |0.00     |0.00     |0.00     |3,034.00  |0.00      |0.00      |0         |0           |0        |0.00         |0.00                   |
2016-06-24 |JR607        |3,221.00   |0.00     |0.00     |0.00     |0.00     |3,221.00  |0.00      |0.00      |0         |0           |0        |0.00         |0.00                   |
2016-06-24 |JR609        |3,190.00   |0.00     |0.00     |0.00     |0.00     |3,190.00  |0.00      |0.00      |0         |0           |0        |0.00         |0.00                   |
2016-06-24 |JR611        |3,190.00   |0.00     |0.00     |0.00     |0.00     |3,190.00  |0.00      |0.00      |0         |0           |0        |0.00         |0.00                   |
2016-06-24 |JR701        |3,183.00   |0.00     |0.00     |0.00     |0.00     |3,183.00  |0.00      |0.00      |0         |0           |0        |0.00         |0.00                   |
2016-06-24 |JR703        |3,034.00   |0.00     |0.00     |0.00     |0.00     |3,034.00  |0.00      |0.00      |0         |0           |0        |0.00         |0.00                   |
2016-06-24 |JR705        |3,034.00   |0.00     |0.00     |0.00     |0.00     |3,034.00  |0.00      |0.00      |0         |0           |0        |0.00         |0.00                   |
2016-06-27 |JR607        |3,221.00   |0.00     |0.00     |0.00     |0.00     |3,221.00  |0.00      |0.00      |0         |0           |0        |0.00         |0.00                   |
2016-06-27 |JR609        |3,190.00   |0.00     |0.00     |0.00     |0.00     |3,190.00  |0.00      |0.00      |0         |0           |0        |0.00         |0.00                   |
2016-06-27 |JR611        |3,190.00   |0.00     |0.00     |0.00     |0.00     |3,190.00  |0.00      |0.00      |0         |0           |0        |0.00         |0.00                   |
2016-06-27 |JR701        |3,183.00   |0.00     |0.00     |0.00     |0.00     |3,183.00  |0.00      |0.00      |0         |0           |0        |0.00         |0.00                   |
2016-06-27 |JR703        |3,034.00   |0.00     |0.00     |0.00     |0.00     |3,034.00  |0.00      |0.00      |0         |0           |0        |0.00         |0.00                   |
2016-06-27 |JR705        |3,034.00   |0.00     |0.00     |0.00     |0.00     |3,034.00  |0.00      |0.00      |0         |0           |0        |0.00         |0.00                   |
2016-06-28 |JR607        |3,221.00   |0.00     |0.00     |0.00     |0.00     |3,221.00  |0.00      |0.00      |0         |0           |0        |0.00         |0.00                   |
2016-06-28 |JR609        |3,190.00   |0.00     |0.00     |0.00     |0.00     |3,190.00  |0.00      |0.00      |0         |0           |0        |0.00         |0.00                   |
2016-06-28 |JR611        |3,190.00   |0.00     |0.00     |0.00     |0.00     |3,190.00  |0.00      |0.00      |0         |0           |0        |0.00         |0.00                   |
2016-06-28 |JR701        |3,183.00   |0.00     |0.00     |0.00     |0.00     |3,183.00  |0.00      |0.00      |0         |0           |0        |0.00         |0.00                   |
2016-06-28 |JR703        |3,034.00   |0.00     |0.00     |0.00     |0.00     |3,034.00  |0.00      |0.00      |0         |0           |0        |0.00         |0.00                   |
2016-06-28 |JR705        |3,034.00   |0.00     |0.00     |0.00     |0.00     |3,034.00  |0.00      |0.00      |0         |0           |0        |0.00         |0.00                   |
2016-06-29 |JR607        |3,221.00   |0.00     |0.00     |0.00     |0.00     |3,221.00  |0.00      |0.00      |0         |0           |0        |0.00         |0.00                   |
2016-06-29 |JR609        |3,190.00   |3,431.00 |3,431.00 |2,955.00 |3,221.00 |3,194.00  |31.00     |4.00      |86        |34          |34       |549.36       |0.00                   |
2016-06-29 |JR611        |3,190.00   |0.00     |0.00     |0.00     |0.00     |3,190.00  |0.00      |0.00      |0         |0           |0        |0.00         |0.00                   |
2016-06-29 |JR701        |3,183.00   |0.00     |0.00     |0.00     |0.00     |3,183.00  |0.00      |0.00      |0         |0           |0        |0.00         |0.00                   |
2016-06-29 |JR703        |3,034.00   |0.00     |0.00     |0.00     |0.00     |3,038.00  |4.00      |4.00      |0         |0           |0        |0.00         |0.00                   |
2016-06-29 |JR705        |3,034.00   |0.00     |0.00     |0.00     |0.00     |3,038.00  |4.00      |4.00      |0         |0           |0        |0.00         |0.00                   |
2016-06-30 |JR607        |3,221.00   |0.00     |0.00     |0.00     |0.00     |3,221.00  |0.00      |0.00      |0         |0           |0        |0.00         |0.00                   |
2016-06-30 |JR609        |3,194.00   |3,200.00 |3,279.00 |3,066.00 |3,066.00 |3,201.00  |-128.00   |7.00      |40        |2           |-32      |256.10       |0.00                   |
2016-06-30 |JR611        |3,190.00   |0.00     |0.00     |0.00     |0.00     |3,190.00  |0.00      |0.00      |0         |0           |0        |0.00         |0.00                   |
2016-06-30 |JR701        |3,183.00   |0.00     |0.00     |0.00     |0.00     |3,190.00  |7.00      |7.00      |0         |0           |0        |0.00         |0.00                   |
2016-06-30 |JR703        |3,038.00   |0.00     |0.00     |0.00     |0.00     |3,045.00  |7.00      |7.00      |0         |0           |0        |0.00         |0.00                   |
2016-06-30 |JR705        |3,038.00   |0.00     |0.00     |0.00     |0.00     |3,045.00  |7.00      |7.00      |0         |0           |0        |0.00         |0.00                   |
2016-07-01 |JR607        |3,221.00   |0.00     |0.00     |0.00     |0.00     |3,221.00  |0.00      |0.00      |0         |0           |0        |0.00         |3,221.00               |
2016-07-01 |JR609        |3,201.00   |3,200.00 |3,323.00 |3,109.00 |3,109.00 |3,211.00  |-92.00    |10.00     |6         |2           |0        |38.53        |0.00                   |
2016-07-01 |JR611        |3,190.00   |0.00     |0.00     |0.00     |0.00     |3,190.00  |0.00      |0.00      |0         |0           |0        |0.00         |0.00                   |
2016-07-01 |JR701        |3,190.00   |3,298.00 |3,298.00 |3,298.00 |3,298.00 |3,298.00  |108.00    |108.00    |2         |2           |2        |13.19        |0.00                   |
2016-07-01 |JR703        |3,045.00   |0.00     |0.00     |0.00     |0.00     |3,148.00  |103.00    |103.00    |0         |0           |0        |0.00         |0.00                   |
2016-07-01 |JR705        |3,045.00   |0.00     |0.00     |0.00     |0.00     |3,148.00  |103.00    |103.00    |0         |0           |0        |0.00         |0.00                   |
2016-07-04 |JR607        |3,221.00   |0.00     |0.00     |0.00     |0.00     |3,221.00  |0.00      |0.00      |0         |0           |0        |0.00         |3,221.00               |
2016-07-04 |JR609        |3,211.00   |3,288.00 |3,288.00 |3,288.00 |3,288.00 |3,288.00  |77.00     |77.00     |2         |0           |-2       |13.15        |0.00                   |
2016-07-04 |JR611        |3,190.00   |0.00     |0.00     |0.00     |0.00     |3,190.00  |0.00      |0.00      |0         |0           |0        |0.00         |0.00                   |
2016-07-04 |JR701        |3,298.00   |0.00     |0.00     |0.00     |0.00     |3,200.00  |-98.00    |-98.00    |0         |2           |0        |0.00         |0.00                   |
2016-07-04 |JR703        |3,148.00   |0.00     |0.00     |0.00     |0.00     |3,223.00  |75.00     |75.00     |0         |0           |0        |0.00         |0.00                   |
2016-07-04 |JR705        |3,148.00   |0.00     |0.00     |0.00     |0.00     |3,148.00  |0.00      |0.00      |0         |0           |0        |0.00         |0.00                   |
2016-07-05 |JR607        |3,221.00   |0.00     |0.00     |0.00     |0.00     |3,221.00  |0.00      |0.00      |0         |0           |0        |0.00         |3,221.00               |
2016-07-05 |JR609        |3,288.00   |0.00     |0.00     |0.00     |0.00     |3,288.00  |0.00      |0.00      |0         |0           |0        |0.00         |0.00                   |
2016-07-05 |JR611        |3,190.00   |0.00     |0.00     |0.00     |0.00     |3,190.00  |0.00      |0.00      |0         |0           |0        |0.00         |0.00                   |
2016-07-05 |JR701        |3,200.00   |0.00     |0.00     |0.00     |0.00     |3,200.00  |0.00      |0.00      |0         |2           |0        |0.00         |0.00                   |
2016-07-05 |JR703        |3,223.00   |0.00     |0.00     |0.00     |0.00     |3,223.00  |0.00      |0.00      |0         |0           |0        |0.00         |0.00                   |
2016-07-05 |JR705        |3,148.00   |0.00     |0.00     |0.00     |0.00     |3,148.00  |0.00      |0.00      |0         |0           |0        |0.00         |0.00                   |
2016-07-06 |JR607        |3,221.00   |0.00     |0.00     |0.00     |0.00     |3,221.00  |0.00      |0.00      |0         |0           |0        |0.00         |3,221.00               |
2016-07-06 |JR609        |3,288.00   |0.00     |0.00     |0.00     |0.00     |3,288.00  |0.00      |0.00      |0         |0           |0        |0.00         |0.00                   |
2016-07-06 |JR611        |3,190.00   |0.00     |0.00     |0.00     |0.00     |3,190.00  |0.00      |0.00      |0         |0           |0        |0.00         |0.00                   |
2016-07-06 |JR701        |3,200.00   |0.00     |0.00     |0.00     |0.00     |3,100.00  |-100.00   |-100.00   |0         |2           |0        |0.00         |0.00                   |
2016-07-06 |JR703        |3,223.00   |0.00     |0.00     |0.00     |0.00     |3,223.00  |0.00      |0.00      |0         |0           |0        |0.00         |0.00                   |
2016-07-06 |JR705        |3,148.00   |0.00     |0.00     |0.00     |0.00     |3,148.00  |0.00      |0.00      |0         |0           |0        |0.00         |0.00                   |
2016-07-07 |JR607        |3,221.00   |0.00     |0.00     |0.00     |0.00     |3,221.00  |0.00      |0.00      |0         |0           |0        |0.00         |3,221.00               |
2016-07-07 |JR609        |3,288.00   |0.00     |0.00     |0.00     |0.00     |3,288.00  |0.00      |0.00      |0         |0           |0        |0.00         |0.00                   |
2016-07-07 |JR611        |3,190.00   |0.00     |0.00     |0.00     |0.00     |3,190.00  |0.00      |0.00      |0         |0           |0        |0.00         |0.00                   |
2016-07-07 |JR701        |3,100.00   |0.00     |0.00     |0.00     |0.00     |3,050.00  |-50.00    |-50.00    |0         |2           |0        |0.00         |0.00                   |
2016-07-07 |JR703        |3,223.00   |0.00     |0.00     |0.00     |0.00     |3,223.00  |0.00      |0.00      |0         |0           |0        |0.00         |0.00                   |
2016-07-07 |JR705        |3,148.00   |0.00     |0.00     |0.00     |0.00     |3,148.00  |0.00      |0.00      |0         |0           |0        |0.00         |0.00                   |
2016-07-08 |JR607        |3,221.00   |0.00     |0.00     |0.00     |0.00     |3,221.00  |0.00      |0.00      |0         |0           |0        |0.00         |3,221.00               |
2016-07-08 |JR609        |3,288.00   |0.00     |0.00     |0.00     |0.00     |3,288.00  |0.00      |0.00      |0         |0           |0        |0.00         |0.00                   |
2016-07-08 |JR611        |3,190.00   |0.00     |0.00     |0.00     |0.00     |3,190.00  |0.00      |0.00      |0         |0           |0        |0.00         |0.00                   |
2016-07-08 |JR701        |3,050.00   |0.00     |0.00     |0.00     |0.00     |3,050.00  |0.00      |0.00      |0         |2           |0        |0.00         |0.00                   |
2016-07-08 |JR703        |3,223.00   |0.00     |0.00     |0.00     |0.00     |3,223.00  |0.00      |0.00      |0         |0           |0        |0.00         |0.00                   |
2016-07-08 |JR705        |3,148.00   |0.00     |0.00     |0.00     |0.00     |3,148.00  |0.00      |0.00      |0         |0           |0        |0.00         |0.00                   |
2016-07-11 |JR607        |3,221.00   |0.00     |0.00     |0.00     |0.00     |3,221.00  |0.00      |0.00      |0         |0           |0        |0.00         |3,221.00               |
2016-07-11 |JR609        |3,288.00   |3,419.00 |3,419.00 |3,419.00 |3,419.00 |3,419.00  |131.00    |131.00    |20        |20          |20       |136.76       |0.00                   |
2016-07-11 |JR611        |3,190.00   |0.00     |0.00     |0.00     |0.00     |3,190.00  |0.00      |0.00      |0         |0           |0        |0.00         |0.00                   |
2016-07-11 |JR701        |3,050.00   |0.00     |0.00     |0.00     |0.00     |3,050.00  |0.00      |0.00      |0         |2           |0        |0.00         |0.00                   |
2016-07-11 |JR703        |3,223.00   |0.00     |0.00     |0.00     |0.00     |3,351.00  |128.00    |128.00    |0         |0           |0        |0.00         |0.00                   |
2016-07-11 |JR705        |3,148.00   |0.00     |0.00     |0.00     |0.00     |3,148.00  |0.00      |0.00      |0         |0           |0        |0.00         |0.00                   |
2016-07-12 |JR607        |3,221.00   |0.00     |0.00     |0.00     |0.00     |3,221.00  |0.00      |0.00      |0         |0           |0        |0.00         |3,221.00               |
2016-07-12 |JR609        |3,419.00   |0.00     |0.00     |0.00     |0.00     |3,419.00  |0.00      |0.00      |0         |20          |0        |0.00         |0.00                   |
2016-07-12 |JR611        |3,190.00   |0.00     |0.00     |0.00     |0.00     |3,190.00  |0.00      |0.00      |0         |0           |0        |0.00         |0.00                   |
2016-07-12 |JR701        |3,050.00   |0.00     |0.00     |0.00     |0.00     |3,050.00  |0.00      |0.00      |0         |2           |0        |0.00         |0.00                   |
2016-07-12 |JR703        |3,351.00   |0.00     |0.00     |0.00     |0.00     |3,351.00  |0.00      |0.00      |0         |0           |0        |0.00         |0.00                   |
2016-07-12 |JR705        |3,148.00   |0.00     |0.00     |0.00     |0.00     |3,148.00  |0.00      |0.00      |0         |0           |0        |0.00         |0.00                   |
2016-07-13 |JR607        |3,221.00   |0.00     |0.00     |0.00     |0.00     |3,221.00  |0.00      |0.00      |0         |0           |0        |0.00         |3,221.00               |
2016-07-13 |JR609        |3,419.00   |0.00     |0.00     |0.00     |0.00     |3,282.00  |-137.00   |-137.00   |0         |20          |0        |0.00         |0.00                   |
2016-07-13 |JR611        |3,190.00   |0.00     |0.00     |0.00     |0.00     |3,190.00  |0.00      |0.00      |0         |0           |0        |0.00         |0.00                   |
2016-07-13 |JR701        |3,050.00   |0.00     |0.00     |0.00     |0.00     |3,050.00  |0.00      |0.00      |0         |2           |0        |0.00         |0.00                   |
2016-07-13 |JR703        |3,351.00   |0.00     |0.00     |0.00     |0.00     |3,351.00  |0.00      |0.00      |0         |0           |0        |0.00         |0.00                   |
2016-07-13 |JR705        |3,148.00   |0.00     |0.00     |0.00     |0.00     |3,148.00  |0.00      |0.00      |0         |0           |0        |0.00         |0.00                   |
2016-07-14 |JR607        |3,221.00   |0.00     |0.00     |0.00     |0.00     |3,221.00  |0.00      |0.00      |0         |0           |0        |0.00         |3,221.00               |
2016-07-14 |JR609        |3,282.00   |0.00     |0.00     |0.00     |0.00     |3,282.00  |0.00      |0.00      |0         |20          |0        |0.00         |0.00                   |
2016-07-14 |JR611        |3,190.00   |0.00     |0.00     |0.00     |0.00     |3,190.00  |0.00      |0.00      |0         |0           |0        |0.00         |0.00                   |
2016-07-14 |JR701        |3,050.00   |0.00     |0.00     |0.00     |0.00     |3,050.00  |0.00      |0.00      |0         |2           |0        |0.00         |0.00                   |
2016-07-14 |JR703        |3,351.00   |0.00     |0.00     |0.00     |0.00     |3,351.00  |0.00      |0.00      |0         |0           |0        |0.00         |0.00                   |
2016-07-14 |JR705        |3,148.00   |0.00     |0.00     |0.00     |0.00     |3,148.00  |0.00      |0.00      |0         |0           |0        |0.00         |0.00                   |
2016-07-15 |JR609        |3,282.00   |0.00     |0.00     |0.00     |0.00     |3,282.00  |0.00      |0.00      |0         |20          |0        |0.00         |0.00                   |
2016-07-15 |JR611        |3,190.00   |0.00     |0.00     |0.00     |0.00     |3,190.00  |0.00      |0.00      |0         |0           |0        |0.00         |0.00                   |
2016-07-15 |JR701        |3,050.00   |0.00     |0.00     |0.00     |0.00     |3,050.00  |0.00      |0.00      |0         |2           |0        |0.00         |0.00                   |
2016-07-15 |JR703        |3,351.00   |0.00     |0.00     |0.00     |0.00     |3,351.00  |0.00      |0.00      |0         |0           |0        |0.00         |0.00                   |
2016-07-15 |JR705        |3,148.00   |0.00     |0.00     |0.00     |0.00     |3,148.00  |0.00      |0.00      |0         |0           |0        |0.00         |0.00                   |
2016-07-15 |JR707        |3,148.00   |0.00     |0.00     |0.00     |0.00     |3,148.00  |0.00      |0.00      |0         |0           |0        |0.00         |0.00                   |
2016-07-18 |JR609        |3,282.00   |3,151.00 |3,389.00 |3,151.00 |3,328.00 |3,247.00  |46.00     |-35.00    |14        |24          |4        |90.92        |0.00                   |
2016-07-18 |JR611        |3,190.00   |0.00     |0.00     |0.00     |0.00     |3,190.00  |0.00      |0.00      |0         |0           |0        |0.00         |0.00                   |
2016-07-18 |JR701        |3,050.00   |0.00     |0.00     |0.00     |0.00     |3,017.00  |-33.00    |-33.00    |0         |2           |0        |0.00         |0.00                   |
2016-07-18 |JR703        |3,351.00   |0.00     |0.00     |0.00     |0.00     |3,315.00  |-36.00    |-36.00    |0         |0           |0        |0.00         |0.00                   |
2016-07-18 |JR705        |3,148.00   |0.00     |0.00     |0.00     |0.00     |3,148.00  |0.00      |0.00      |0         |0           |0        |0.00         |0.00                   |
2016-07-18 |JR707        |3,148.00   |0.00     |0.00     |0.00     |0.00     |3,148.00  |0.00      |0.00      |0         |0           |0        |0.00         |0.00                   |
2016-07-19 |JR609        |3,247.00   |0.00     |0.00     |0.00     |0.00     |3,247.00  |0.00      |0.00      |0         |24          |0        |0.00         |0.00                   |
2016-07-19 |JR611        |3,190.00   |0.00     |0.00     |0.00     |0.00     |3,190.00  |0.00      |0.00      |0         |0           |0        |0.00         |0.00                   |
2016-07-19 |JR701        |3,017.00   |0.00     |0.00     |0.00     |0.00     |3,017.00  |0.00      |0.00      |0         |2           |0        |0.00         |0.00                   |
2016-07-19 |JR703        |3,315.00   |0.00     |0.00     |0.00     |0.00     |3,315.00  |0.00      |0.00      |0         |0           |0        |0.00         |0.00                   |
2016-07-19 |JR705        |3,148.00   |0.00     |0.00     |0.00     |0.00     |3,148.00  |0.00      |0.00      |0         |0           |0        |0.00         |0.00                   |
2016-07-19 |JR707        |3,148.00   |0.00     |0.00     |0.00     |0.00     |3,148.00  |0.00      |0.00      |0         |0           |0        |0.00         |0.00                   |
2016-07-20 |JR609        |3,247.00   |3,339.00 |3,368.00 |3,201.00 |3,203.00 |3,290.00  |-44.00    |43.00     |10        |20          |-4       |65.80        |0.00                   |
2016-07-20 |JR611        |3,190.00   |0.00     |0.00     |0.00     |0.00     |3,190.00  |0.00      |0.00      |0         |0           |0        |0.00         |0.00                   |
2016-07-20 |JR701        |3,017.00   |0.00     |0.00     |0.00     |0.00     |3,017.00  |0.00      |0.00      |0         |2           |0        |0.00         |0.00                   |
2016-07-20 |JR703        |3,315.00   |0.00     |0.00     |0.00     |0.00     |3,359.00  |44.00     |44.00     |0         |0           |0        |0.00         |0.00                   |
2016-07-20 |JR705        |3,148.00   |0.00     |0.00     |0.00     |0.00     |3,148.00  |0.00      |0.00      |0         |0           |0        |0.00         |0.00                   |
2016-07-20 |JR707        |3,148.00   |0.00     |0.00     |0.00     |0.00     |3,148.00  |0.00      |0.00      |0         |0           |0        |0.00         |0.00                   |
2016-07-21 |JR609        |3,290.00   |0.00     |0.00     |0.00     |0.00     |3,290.00  |0.00      |0.00      |0         |20          |0        |0.00         |0.00                   |
2016-07-21 |JR611        |3,190.00   |0.00     |0.00     |0.00     |0.00     |3,190.00  |0.00      |0.00      |0         |0           |0        |0.00         |0.00                   |
2016-07-21 |JR701        |3,017.00   |0.00     |0.00     |0.00     |0.00     |3,017.00  |0.00      |0.00      |0         |2           |0        |0.00         |0.00                   |
2016-07-21 |JR703        |3,359.00   |0.00     |0.00     |0.00     |0.00     |3,359.00  |0.00      |0.00      |0         |0           |0        |0.00         |0.00                   |
2016-07-21 |JR705        |3,148.00   |0.00     |0.00     |0.00     |0.00     |3,148.00  |0.00      |0.00      |0         |0           |0        |0.00         |0.00                   |
2016-07-21 |JR707        |3,148.00   |0.00     |0.00     |0.00     |0.00     |3,148.00  |0.00      |0.00      |0         |0           |0        |0.00         |0.00                   |
2016-07-22 |JR609        |3,290.00   |0.00     |0.00     |0.00     |0.00     |3,290.00  |0.00      |0.00      |0         |20          |0        |0.00         |0.00                   |
2016-07-22 |JR611        |3,190.00   |0.00     |0.00     |0.00     |0.00     |3,190.00  |0.00      |0.00      |0         |0           |0        |0.00         |0.00                   |
2016-07-22 |JR701        |3,017.00   |0.00     |0.00     |0.00     |0.00     |3,017.00  |0.00      |0.00      |0         |2           |0        |0.00         |0.00                   |
2016-07-22 |JR703        |3,359.00   |0.00     |0.00     |0.00     |0.00     |3,359.00  |0.00      |0.00      |0         |0           |0        |0.00         |0.00                   |
2016-07-22 |JR705        |3,148.00   |0.00     |0.00     |0.00     |0.00     |3,148.00  |0.00      |0.00      |0         |0           |0        |0.00         |0.00                   |
2016-07-22 |JR707        |3,148.00   |0.00     |0.00     |0.00     |0.00     |3,148.00  |0.00      |0.00      |0         |0           |0        |0.00         |0.00                   |
2016-07-25 |JR609        |3,290.00   |0.00     |0.00     |0.00     |0.00     |3,290.00  |0.00      |0.00      |0         |20          |0        |0.00         |0.00                   |
2016-07-25 |JR611        |3,190.00   |0.00     |0.00     |0.00     |0.00     |3,190.00  |0.00      |0.00      |0         |0           |0        |0.00         |0.00                   |
2016-07-25 |JR701        |3,017.00   |0.00     |0.00     |0.00     |0.00     |3,017.00  |0.00      |0.00      |0         |2           |0        |0.00         |0.00                   |
2016-07-25 |JR703        |3,359.00   |0.00     |0.00     |0.00     |0.00     |3,359.00  |0.00      |0.00      |0         |0           |0        |0.00         |0.00                   |
2016-07-25 |JR705        |3,148.00   |0.00     |0.00     |0.00     |0.00     |3,148.00  |0.00      |0.00      |0         |0           |0        |0.00         |0.00                   |
2016-07-25 |JR707        |3,148.00   |0.00     |0.00     |0.00     |0.00     |3,148.00  |0.00      |0.00      |0         |0           |0        |0.00         |0.00                   |
2016-07-26 |JR609        |3,290.00   |3,203.00 |3,344.00 |3,203.00 |3,339.00 |3,296.00  |49.00     |6.00      |34        |4           |-16      |224.12       |0.00                   |
2016-07-26 |JR611        |3,190.00   |0.00     |0.00     |0.00     |0.00     |3,190.00  |0.00      |0.00      |0         |0           |0        |0.00         |0.00                   |
2016-07-26 |JR701        |3,017.00   |0.00     |0.00     |0.00     |0.00     |3,017.00  |0.00      |0.00      |0         |2           |0        |0.00         |0.00                   |
2016-07-26 |JR703        |3,359.00   |0.00     |0.00     |0.00     |0.00     |3,365.00  |6.00      |6.00      |0         |0           |0        |0.00         |0.00                   |
2016-07-26 |JR705        |3,148.00   |0.00     |0.00     |0.00     |0.00     |3,148.00  |0.00      |0.00      |0         |0           |0        |0.00         |0.00                   |
2016-07-26 |JR707        |3,148.00   |0.00     |0.00     |0.00     |0.00     |3,148.00  |0.00      |0.00      |0         |0           |0        |0.00         |0.00                   |
2016-07-27 |JR609        |3,296.00   |0.00     |0.00     |0.00     |0.00     |3,296.00  |0.00      |0.00      |0         |4           |0        |0.00         |0.00                   |
2016-07-27 |JR611        |3,190.00   |0.00     |0.00     |0.00     |0.00     |3,190.00  |0.00      |0.00      |0         |0           |0        |0.00         |0.00                   |
2016-07-27 |JR701        |3,017.00   |0.00     |0.00     |0.00     |0.00     |3,017.00  |0.00      |0.00      |0         |2           |0        |0.00         |0.00                   |
2016-07-27 |JR703        |3,365.00   |0.00     |0.00     |0.00     |0.00     |3,365.00  |0.00      |0.00      |0         |0           |0        |0.00         |0.00                   |
2016-07-27 |JR705        |3,148.00   |0.00     |0.00     |0.00     |0.00     |3,148.00  |0.00      |0.00      |0         |0           |0        |0.00         |0.00                   |
2016-07-27 |JR707        |3,148.00   |0.00     |0.00     |0.00     |0.00     |3,148.00  |0.00      |0.00      |0         |0           |0        |0.00         |0.00                   |
2016-07-28 |JR609        |3,296.00   |3,397.00 |3,397.00 |3,166.00 |3,360.00 |3,314.00  |64.00     |18.00     |24        |4           |0        |159.09       |0.00                   |
2016-07-28 |JR611        |3,190.00   |0.00     |0.00     |0.00     |0.00     |3,190.00  |0.00      |0.00      |0         |0           |0        |0.00         |0.00                   |
2016-07-28 |JR701        |3,017.00   |0.00     |0.00     |0.00     |0.00     |3,033.00  |16.00     |16.00     |0         |2           |0        |0.00         |0.00                   |
2016-07-28 |JR703        |3,365.00   |0.00     |0.00     |0.00     |0.00     |3,383.00  |18.00     |18.00     |0         |0           |0        |0.00         |0.00                   |
2016-07-28 |JR705        |3,148.00   |0.00     |0.00     |0.00     |0.00     |3,148.00  |0.00      |0.00      |0         |0           |0        |0.00         |0.00                   |
2016-07-28 |JR707        |3,148.00   |0.00     |0.00     |0.00     |0.00     |3,148.00  |0.00      |0.00      |0         |0           |0        |0.00         |0.00                   |
2016-07-29 |JR609        |3,314.00   |0.00     |0.00     |0.00     |0.00     |3,314.00  |0.00      |0.00      |0         |4           |0        |0.00         |0.00                   |
2016-07-29 |JR611        |3,190.00   |0.00     |0.00     |0.00     |0.00     |3,190.00  |0.00      |0.00      |0         |0           |0        |0.00         |0.00                   |
2016-07-29 |JR701        |3,033.00   |0.00     |0.00     |0.00     |0.00     |3,033.00  |0.00      |0.00      |0         |2           |0        |0.00         |0.00                   |
2016-07-29 |JR703        |3,383.00   |0.00     |0.00     |0.00     |0.00     |3,383.00  |0.00      |0.00      |0         |0           |0        |0.00         |0.00                   |
2016-07-29 |JR705        |3,148.00   |0.00     |0.00     |0.00     |0.00     |3,148.00  |0.00      |0.00      |0         |0           |0        |0.00         |0.00                   |
2016-07-29 |JR707        |3,148.00   |0.00     |0.00     |0.00     |0.00     |3,148.00  |0.00      |0.00      |0         |0           |0        |0.00         |0.00                   |
2016-08-01 |JR609        |3,314.00   |0.00     |0.00     |0.00     |0.00     |3,314.00  |0.00      |0.00      |0         |4           |0        |0.00         |0.00                   |
2016-08-01 |JR611        |3,190.00   |0.00     |0.00     |0.00     |0.00     |3,190.00  |0.00      |0.00      |0         |0           |0        |0.00         |0.00                   |
2016-08-01 |JR701        |3,033.00   |0.00     |0.00     |0.00     |0.00     |3,033.00  |0.00      |0.00      |0         |2           |0        |0.00         |0.00                   |
2016-08-01 |JR703        |3,383.00   |0.00     |0.00     |0.00     |0.00     |3,383.00  |0.00      |0.00      |0         |0           |0        |0.00         |0.00                   |
2016-08-01 |JR705        |3,148.00   |0.00     |0.00     |0.00     |0.00     |3,148.00  |0.00      |0.00      |0         |0           |0        |0.00         |0.00                   |
2016-08-01 |JR707        |3,148.00   |0.00     |0.00     |0.00     |0.00     |3,148.00  |0.00      |0.00      |0         |0           |0        |0.00         |0.00                   |
2016-08-02 |JR609        |3,314.00   |3,382.00 |3,382.00 |3,350.00 |3,350.00 |3,366.00  |36.00     |52.00     |40        |2           |-2       |269.28       |0.00                   |
2016-08-02 |JR611        |3,190.00   |0.00     |0.00     |0.00     |0.00     |3,190.00  |0.00      |0.00      |0         |0           |0        |0.00         |0.00                   |
2016-08-02 |JR701        |3,033.00   |0.00     |0.00     |0.00     |0.00     |3,033.00  |0.00      |0.00      |0         |2           |0        |0.00         |0.00                   |
2016-08-02 |JR703        |3,383.00   |0.00     |0.00     |0.00     |0.00     |3,436.00  |53.00     |53.00     |0         |0           |0        |0.00         |0.00                   |
2016-08-02 |JR705        |3,148.00   |0.00     |0.00     |0.00     |0.00     |3,148.00  |0.00      |0.00      |0         |0           |0        |0.00         |0.00                   |
2016-08-02 |JR707        |3,148.00   |0.00     |0.00     |0.00     |0.00     |3,148.00  |0.00      |0.00      |0         |0           |0        |0.00         |0.00                   |
2016-08-03 |JR609        |3,366.00   |0.00     |0.00     |0.00     |0.00     |3,366.00  |0.00      |0.00      |0         |2           |0        |0.00         |0.00                   |
2016-08-03 |JR611        |3,190.00   |0.00     |0.00     |0.00     |0.00     |3,190.00  |0.00      |0.00      |0         |0           |0        |0.00         |0.00                   |
2016-08-03 |JR701        |3,033.00   |0.00     |0.00     |0.00     |0.00     |3,033.00  |0.00      |0.00      |0         |2           |0        |0.00         |0.00                   |
2016-08-03 |JR703        |3,436.00   |0.00     |0.00     |0.00     |0.00     |3,436.00  |0.00      |0.00      |0         |0           |0        |0.00         |0.00                   |
2016-08-03 |JR705        |3,148.00   |0.00     |0.00     |0.00     |0.00     |3,148.00  |0.00      |0.00      |0         |0           |0        |0.00         |0.00                   |
2016-08-03 |JR707        |3,148.00   |0.00     |0.00     |0.00     |0.00     |3,148.00  |0.00      |0.00      |0         |0           |0        |0.00         |0.00                   |
2016-08-04 |JR609        |3,366.00   |0.00     |0.00     |0.00     |0.00     |3,366.00  |0.00      |0.00      |0         |2           |0        |0.00         |0.00                   |
2016-08-04 |JR611        |3,190.00   |0.00     |0.00     |0.00     |0.00     |3,190.00  |0.00      |0.00      |0         |0           |0        |0.00         |0.00                   |
2016-08-04 |JR701        |3,033.00   |0.00     |0.00     |0.00     |0.00     |3,033.00  |0.00      |0.00      |0         |2           |0        |0.00         |0.00                   |
2016-08-04 |JR703        |3,436.00   |0.00     |0.00     |0.00     |0.00     |3,436.00  |0.00      |0.00      |0         |0           |0        |0.00         |0.00                   |
2016-08-04 |JR705        |3,148.00   |0.00     |0.00     |0.00     |0.00     |3,148.00  |0.00      |0.00      |0         |0           |0        |0.00         |0.00                   |
2016-08-04 |JR707        |3,148.00   |0.00     |0.00     |0.00     |0.00     |3,148.00  |0.00      |0.00      |0         |0           |0        |0.00         |0.00                   |
2016-08-05 |JR609        |3,366.00   |0.00     |0.00     |0.00     |0.00     |3,366.00  |0.00      |0.00      |0         |2           |0        |0.00         |0.00                   |
2016-08-05 |JR611        |3,190.00   |0.00     |0.00     |0.00     |0.00     |3,190.00  |0.00      |0.00      |0         |0           |0        |0.00         |0.00                   |
2016-08-05 |JR701        |3,033.00   |0.00     |0.00     |0.00     |0.00     |3,033.00  |0.00      |0.00      |0         |2           |0        |0.00         |0.00                   |
2016-08-05 |JR703        |3,436.00   |0.00     |0.00     |0.00     |0.00     |3,436.00  |0.00      |0.00      |0         |0           |0        |0.00         |0.00                   |
2016-08-05 |JR705        |3,148.00   |0.00     |0.00     |0.00     |0.00     |3,148.00  |0.00      |0.00      |0         |0           |0        |0.00         |0.00                   |
2016-08-05 |JR707        |3,148.00   |0.00     |0.00     |0.00     |0.00     |3,148.00  |0.00      |0.00      |0         |0           |0        |0.00         |0.00                   |
2016-08-08 |JR609        |3,366.00   |3,464.00 |3,464.00 |3,285.00 |3,364.00 |3,364.00  |-2.00     |-2.00     |18        |2           |0        |121.12       |0.00                   |
2016-08-08 |JR611        |3,190.00   |0.00     |0.00     |0.00     |0.00     |3,190.00  |0.00      |0.00      |0         |0           |0        |0.00         |0.00                   |
2016-08-08 |JR701        |3,033.00   |0.00     |0.00     |0.00     |0.00     |3,031.00  |-2.00     |-2.00     |0         |2           |0        |0.00         |0.00                   |
2016-08-08 |JR703        |3,436.00   |0.00     |0.00     |0.00     |0.00     |3,434.00  |-2.00     |-2.00     |0         |0           |0        |0.00         |0.00                   |
2016-08-08 |JR705        |3,148.00   |0.00     |0.00     |0.00     |0.00     |3,148.00  |0.00      |0.00      |0         |0           |0        |0.00         |0.00                   |
2016-08-08 |JR707        |3,148.00   |0.00     |0.00     |0.00     |0.00     |3,148.00  |0.00      |0.00      |0         |0           |0        |0.00         |0.00                   |
2016-08-09 |JR609        |3,364.00   |0.00     |0.00     |0.00     |0.00     |3,364.00  |0.00      |0.00      |0         |2           |0        |0.00         |0.00                   |
2016-08-09 |JR611        |3,190.00   |0.00     |0.00     |0.00     |0.00     |3,190.00  |0.00      |0.00      |0         |0           |0        |0.00         |0.00                   |
2016-08-09 |JR701        |3,031.00   |0.00     |0.00     |0.00     |0.00     |3,031.00  |0.00      |0.00      |0         |2           |0        |0.00         |0.00                   |
2016-08-09 |JR703        |3,434.00   |0.00     |0.00     |0.00     |0.00     |3,434.00  |0.00      |0.00      |0         |0           |0        |0.00         |0.00                   |
2016-08-09 |JR705        |3,148.00   |0.00     |0.00     |0.00     |0.00     |3,148.00  |0.00      |0.00      |0         |0           |0        |0.00         |0.00                   |
2016-08-09 |JR707        |3,148.00   |0.00     |0.00     |0.00     |0.00     |3,148.00  |0.00      |0.00      |0         |0           |0        |0.00         |0.00                   |
2016-08-10 |JR609        |3,364.00   |0.00     |0.00     |0.00     |0.00     |3,364.00  |0.00      |0.00      |0         |2           |0        |0.00         |0.00                   |
2016-08-10 |JR611        |3,190.00   |0.00     |0.00     |0.00     |0.00     |3,190.00  |0.00      |0.00      |0         |0           |0        |0.00         |0.00                   |
2016-08-10 |JR701        |3,031.00   |0.00     |0.00     |0.00     |0.00     |3,031.00  |0.00      |0.00      |0         |2           |0        |0.00         |0.00                   |
2016-08-10 |JR703        |3,434.00   |0.00     |0.00     |0.00     |0.00     |3,434.00  |0.00      |0.00      |0         |0           |0        |0.00         |0.00                   |
2016-08-10 |JR705        |3,148.00   |0.00     |0.00     |0.00     |0.00     |3,148.00  |0.00      |0.00      |0         |0           |0        |0.00         |0.00                   |
2016-08-10 |JR707        |3,148.00   |0.00     |0.00     |0.00     |0.00     |3,148.00  |0.00      |0.00      |0         |0           |0        |0.00         |0.00                   |
2016-08-11 |JR609        |3,364.00   |0.00     |0.00     |0.00     |0.00     |3,364.00  |0.00      |0.00      |0         |2           |0        |0.00         |0.00                   |
2016-08-11 |JR611        |3,190.00   |0.00     |0.00     |0.00     |0.00     |3,190.00  |0.00      |0.00      |0         |0           |0        |0.00         |0.00                   |
2016-08-11 |JR701        |3,031.00   |0.00     |0.00     |0.00     |0.00     |3,031.00  |0.00      |0.00      |0         |2           |0        |0.00         |0.00                   |
2016-08-11 |JR703        |3,434.00   |0.00     |0.00     |0.00     |0.00     |3,434.00  |0.00      |0.00      |0         |0           |0        |0.00         |0.00                   |
2016-08-11 |JR705        |3,148.00   |0.00     |0.00     |0.00     |0.00     |3,148.00  |0.00      |0.00      |0         |0           |0        |0.00         |0.00                   |
2016-08-11 |JR707        |3,148.00   |0.00     |0.00     |0.00     |0.00     |3,148.00  |0.00      |0.00      |0         |0           |0        |0.00         |0.00                   |
2016-08-12 |JR609        |3,364.00   |0.00     |0.00     |0.00     |0.00     |3,364.00  |0.00      |0.00      |0         |2           |0        |0.00         |0.00                   |
2016-08-12 |JR611        |3,190.00   |0.00     |0.00     |0.00     |0.00     |3,190.00  |0.00      |0.00      |0         |0           |0        |0.00         |0.00                   |
2016-08-12 |JR701        |3,031.00   |0.00     |0.00     |0.00     |0.00     |3,031.00  |0.00      |0.00      |0         |2           |0        |0.00         |0.00                   |
2016-08-12 |JR703        |3,434.00   |0.00     |0.00     |0.00     |0.00     |3,434.00  |0.00      |0.00      |0         |0           |0        |0.00         |0.00                   |
2016-08-12 |JR705        |3,148.00   |0.00     |0.00     |0.00     |0.00     |3,148.00  |0.00      |0.00      |0         |0           |0        |0.00         |0.00                   |
2016-08-12 |JR707        |3,148.00   |0.00     |0.00     |0.00     |0.00     |3,148.00  |0.00      |0.00      |0         |0           |0        |0.00         |0.00                   |
2016-08-15 |JR609        |3,364.00   |0.00     |0.00     |0.00     |0.00     |3,364.00  |0.00      |0.00      |0         |2           |0        |0.00         |0.00                   |
2016-08-15 |JR611        |3,190.00   |0.00     |0.00     |0.00     |0.00     |3,190.00  |0.00      |0.00      |0         |0           |0        |0.00         |0.00                   |
2016-08-15 |JR701        |3,031.00   |0.00     |0.00     |0.00     |0.00     |3,031.00  |0.00      |0.00      |0         |2           |0        |0.00         |0.00                   |
2016-08-15 |JR703        |3,434.00   |0.00     |0.00     |0.00     |0.00     |3,434.00  |0.00      |0.00      |0         |0           |0        |0.00         |0.00                   |
2016-08-15 |JR705        |3,148.00   |0.00     |0.00     |0.00     |0.00     |3,148.00  |0.00      |0.00      |0         |0           |0        |0.00         |0.00                   |
2016-08-15 |JR707        |3,148.00   |0.00     |0.00     |0.00     |0.00     |3,148.00  |0.00      |0.00      |0         |0           |0        |0.00         |0.00                   |
2016-08-16 |JR609        |3,364.00   |0.00     |0.00     |0.00     |0.00     |3,364.00  |0.00      |0.00      |0         |2           |0        |0.00         |0.00                   |
2016-08-16 |JR611        |3,190.00   |0.00     |0.00     |0.00     |0.00     |3,190.00  |0.00      |0.00      |0         |0           |0        |0.00         |0.00                   |
2016-08-16 |JR701        |3,031.00   |0.00     |0.00     |0.00     |0.00     |3,031.00  |0.00      |0.00      |0         |2           |0        |0.00         |0.00                   |
2016-08-16 |JR703        |3,434.00   |0.00     |0.00     |0.00     |0.00     |3,434.00  |0.00      |0.00      |0         |0           |0        |0.00         |0.00                   |
2016-08-16 |JR705        |3,148.00   |0.00     |0.00     |0.00     |0.00     |3,148.00  |0.00      |0.00      |0         |0           |0        |0.00         |0.00                   |
2016-08-16 |JR707        |3,148.00   |0.00     |0.00     |0.00     |0.00     |3,148.00  |0.00      |0.00      |0         |0           |0        |0.00         |0.00                   |
2016-08-17 |JR609        |3,364.00   |0.00     |0.00     |0.00     |0.00     |3,364.00  |0.00      |0.00      |0         |2           |0        |0.00         |0.00                   |
2016-08-17 |JR611        |3,190.00   |0.00     |0.00     |0.00     |0.00     |3,190.00  |0.00      |0.00      |0         |0           |0        |0.00         |0.00                   |
2016-08-17 |JR701        |3,031.00   |0.00     |0.00     |0.00     |0.00     |3,031.00  |0.00      |0.00      |0         |2           |0        |0.00         |0.00                   |
2016-08-17 |JR703        |3,434.00   |0.00     |0.00     |0.00     |0.00     |3,434.00  |0.00      |0.00      |0         |0           |0        |0.00         |0.00                   |
2016-08-17 |JR705        |3,148.00   |0.00     |0.00     |0.00     |0.00     |3,148.00  |0.00      |0.00      |0         |0           |0        |0.00         |0.00                   |
2016-08-17 |JR707        |3,148.00   |0.00     |0.00     |0.00     |0.00     |3,148.00  |0.00      |0.00      |0         |0           |0        |0.00         |0.00                   |
2016-08-18 |JR609        |3,364.00   |3,497.00 |3,497.00 |3,230.00 |3,275.00 |3,383.00  |-89.00    |19.00     |12        |2           |0        |81.20        |0.00                   |
2016-08-18 |JR611        |3,190.00   |0.00     |0.00     |0.00     |0.00     |3,190.00  |0.00      |0.00      |0         |0           |0        |0.00         |0.00                   |
2016-08-18 |JR701        |3,031.00   |0.00     |0.00     |0.00     |0.00     |3,031.00  |0.00      |0.00      |0         |2           |0        |0.00         |0.00                   |
2016-08-18 |JR703        |3,434.00   |0.00     |0.00     |0.00     |0.00     |3,453.00  |19.00     |19.00     |0         |0           |0        |0.00         |0.00                   |
2016-08-18 |JR705        |3,148.00   |0.00     |0.00     |0.00     |0.00     |3,148.00  |0.00      |0.00      |0         |0           |0        |0.00         |0.00                   |
2016-08-18 |JR707        |3,148.00   |0.00     |0.00     |0.00     |0.00     |3,148.00  |0.00      |0.00      |0         |0           |0        |0.00         |0.00                   |
2016-08-19 |JR609        |3,383.00   |0.00     |0.00     |0.00     |0.00     |3,383.00  |0.00      |0.00      |0         |2           |0        |0.00         |0.00                   |
2016-08-19 |JR611        |3,190.00   |0.00     |0.00     |0.00     |0.00     |3,190.00  |0.00      |0.00      |0         |0           |0        |0.00         |0.00                   |
2016-08-19 |JR701        |3,031.00   |0.00     |0.00     |0.00     |0.00     |3,031.00  |0.00      |0.00      |0         |2           |0        |0.00         |0.00                   |
2016-08-19 |JR703        |3,453.00   |0.00     |0.00     |0.00     |0.00     |3,453.00  |0.00      |0.00      |0         |0           |0        |0.00         |0.00                   |
2016-08-19 |JR705        |3,148.00   |0.00     |0.00     |0.00     |0.00     |3,148.00  |0.00      |0.00      |0         |0           |0        |0.00         |0.00                   |
2016-08-19 |JR707        |3,148.00   |0.00     |0.00     |0.00     |0.00     |3,148.00  |0.00      |0.00      |0         |0           |0        |0.00         |0.00                   |
2016-08-22 |JR609        |3,383.00   |0.00     |0.00     |0.00     |0.00     |3,383.00  |0.00      |0.00      |0         |2           |0        |0.00         |0.00                   |
2016-08-22 |JR611        |3,190.00   |0.00     |0.00     |0.00     |0.00     |3,190.00  |0.00      |0.00      |0         |0           |0        |0.00         |0.00                   |
2016-08-22 |JR701        |3,031.00   |0.00     |0.00     |0.00     |0.00     |3,031.00  |0.00      |0.00      |0         |2           |0        |0.00         |0.00                   |
2016-08-22 |JR703        |3,453.00   |0.00     |0.00     |0.00     |0.00     |3,453.00  |0.00      |0.00      |0         |0           |0        |0.00         |0.00                   |
2016-08-22 |JR705        |3,148.00   |0.00     |0.00     |0.00     |0.00     |3,148.00  |0.00      |0.00      |0         |0           |0        |0.00         |0.00                   |
2016-08-22 |JR707        |3,148.00   |0.00     |0.00     |0.00     |0.00     |3,148.00  |0.00      |0.00      |0         |0           |0        |0.00         |0.00                   |
2016-08-23 |JR609        |3,383.00   |0.00     |0.00     |0.00     |0.00     |3,383.00  |0.00      |0.00      |0         |2           |0        |0.00         |0.00                   |
2016-08-23 |JR611        |3,190.00   |0.00     |0.00     |0.00     |0.00     |3,190.00  |0.00      |0.00      |0         |0           |0        |0.00         |0.00                   |
2016-08-23 |JR701        |3,031.00   |0.00     |0.00     |0.00     |0.00     |3,031.00  |0.00      |0.00      |0         |2           |0        |0.00         |0.00                   |
2016-08-23 |JR703        |3,453.00   |0.00     |0.00     |0.00     |0.00     |3,453.00  |0.00      |0.00      |0         |0           |0        |0.00         |0.00                   |
2016-08-23 |JR705        |3,148.00   |0.00     |0.00     |0.00     |0.00     |3,148.00  |0.00      |0.00      |0         |0           |0        |0.00         |0.00                   |
2016-08-23 |JR707        |3,148.00   |0.00     |0.00     |0.00     |0.00     |3,148.00  |0.00      |0.00      |0         |0           |0        |0.00         |0.00                   |
2016-08-24 |JR609        |3,383.00   |0.00     |0.00     |0.00     |0.00     |3,383.00  |0.00      |0.00      |0         |2           |0        |0.00         |0.00                   |
2016-08-24 |JR611        |3,190.00   |0.00     |0.00     |0.00     |0.00     |3,190.00  |0.00      |0.00      |0         |0           |0        |0.00         |0.00                   |
2016-08-24 |JR701        |3,031.00   |0.00     |0.00     |0.00     |0.00     |3,031.00  |0.00      |0.00      |0         |2           |0        |0.00         |0.00                   |
2016-08-24 |JR703        |3,453.00   |0.00     |0.00     |0.00     |0.00     |3,453.00  |0.00      |0.00      |0         |0           |0        |0.00         |0.00                   |
2016-08-24 |JR705        |3,148.00   |0.00     |0.00     |0.00     |0.00     |3,148.00  |0.00      |0.00      |0         |0           |0        |0.00         |0.00                   |
2016-08-24 |JR707        |3,148.00   |0.00     |0.00     |0.00     |0.00     |3,148.00  |0.00      |0.00      |0         |0           |0        |0.00         |0.00                   |
2016-08-25 |JR609        |3,383.00   |0.00     |0.00     |0.00     |0.00     |3,383.00  |0.00      |0.00      |0         |2           |0        |0.00         |0.00                   |
2016-08-25 |JR611        |3,190.00   |0.00     |0.00     |0.00     |0.00     |3,190.00  |0.00      |0.00      |0         |0           |0        |0.00         |0.00                   |
2016-08-25 |JR701        |3,031.00   |0.00     |0.00     |0.00     |0.00     |3,031.00  |0.00      |0.00      |0         |2           |0        |0.00         |0.00                   |
2016-08-25 |JR703        |3,453.00   |0.00     |0.00     |0.00     |0.00     |3,453.00  |0.00      |0.00      |0         |0           |0        |0.00         |0.00                   |
2016-08-25 |JR705        |3,148.00   |0.00     |0.00     |0.00     |0.00     |3,148.00  |0.00      |0.00      |0         |0           |0        |0.00         |0.00                   |
2016-08-25 |JR707        |3,148.00   |0.00     |0.00     |0.00     |0.00     |3,148.00  |0.00      |0.00      |0         |0           |0        |0.00         |0.00                   |
2016-08-26 |JR609        |3,383.00   |0.00     |0.00     |0.00     |0.00     |3,383.00  |0.00      |0.00      |0         |2           |0        |0.00         |0.00                   |
2016-08-26 |JR611        |3,190.00   |0.00     |0.00     |0.00     |0.00     |3,190.00  |0.00      |0.00      |0         |0           |0        |0.00         |0.00                   |
2016-08-26 |JR701        |3,031.00   |0.00     |0.00     |0.00     |0.00     |3,031.00  |0.00      |0.00      |0         |2           |0        |0.00         |0.00                   |
2016-08-26 |JR703        |3,453.00   |0.00     |0.00     |0.00     |0.00     |3,453.00  |0.00      |0.00      |0         |0           |0        |0.00         |0.00                   |
2016-08-26 |JR705        |3,148.00   |0.00     |0.00     |0.00     |0.00     |3,148.00  |0.00      |0.00      |0         |0           |0        |0.00         |0.00                   |
2016-08-26 |JR707        |3,148.00   |0.00     |0.00     |0.00     |0.00     |3,148.00  |0.00      |0.00      |0         |0           |0        |0.00         |0.00                   |
2016-08-29 |JR609        |3,383.00   |0.00     |0.00     |0.00     |0.00     |3,383.00  |0.00      |0.00      |0         |2           |0        |0.00         |0.00                   |
2016-08-29 |JR611        |3,190.00   |0.00     |0.00     |0.00     |0.00     |3,190.00  |0.00      |0.00      |0         |0           |0        |0.00         |0.00                   |
2016-08-29 |JR701        |3,031.00   |0.00     |0.00     |0.00     |0.00     |3,031.00  |0.00      |0.00      |0         |2           |0        |0.00         |0.00                   |
2016-08-29 |JR703        |3,453.00   |0.00     |0.00     |0.00     |0.00     |3,453.00  |0.00      |0.00      |0         |0           |0        |0.00         |0.00                   |
2016-08-29 |JR705        |3,148.00   |0.00     |0.00     |0.00     |0.00     |3,148.00  |0.00      |0.00      |0         |0           |0        |0.00         |0.00                   |
2016-08-29 |JR707        |3,148.00   |0.00     |0.00     |0.00     |0.00     |3,148.00  |0.00      |0.00      |0         |0           |0        |0.00         |0.00                   |
2016-08-30 |JR609        |3,383.00   |3,255.00 |3,255.00 |3,255.00 |3,255.00 |3,255.00  |-128.00   |-128.00   |2         |2           |0        |13.02        |0.00                   |
2016-08-30 |JR611        |3,190.00   |0.00     |0.00     |0.00     |0.00     |3,190.00  |0.00      |0.00      |0         |0           |0        |0.00         |0.00                   |
2016-08-30 |JR701        |3,031.00   |0.00     |0.00     |0.00     |0.00     |2,916.00  |-115.00   |-115.00   |0         |2           |0        |0.00         |0.00                   |
2016-08-30 |JR703        |3,453.00   |0.00     |0.00     |0.00     |0.00     |3,322.00  |-131.00   |-131.00   |0         |0           |0        |0.00         |0.00                   |
2016-08-30 |JR705        |3,148.00   |0.00     |0.00     |0.00     |0.00     |3,148.00  |0.00      |0.00      |0         |0           |0        |0.00         |0.00                   |
2016-08-30 |JR707        |3,148.00   |0.00     |0.00     |0.00     |0.00     |3,148.00  |0.00      |0.00      |0         |0           |0        |0.00         |0.00                   |
2016-08-31 |JR609        |3,255.00   |3,124.00 |3,124.00 |3,124.00 |3,124.00 |3,124.00  |-131.00   |-131.00   |2         |0           |-2       |12.50        |0.00                   |
2016-08-31 |JR611        |3,190.00   |0.00     |0.00     |0.00     |0.00     |3,190.00  |0.00      |0.00      |0         |0           |0        |0.00         |0.00                   |
2016-08-31 |JR701        |2,916.00   |0.00     |0.00     |0.00     |0.00     |2,799.00  |-117.00   |-117.00   |0         |2           |0        |0.00         |0.00                   |
2016-08-31 |JR703        |3,322.00   |0.00     |0.00     |0.00     |0.00     |3,189.00  |-133.00   |-133.00   |0         |0           |0        |0.00         |0.00                   |
2016-08-31 |JR705        |3,148.00   |0.00     |0.00     |0.00     |0.00     |3,148.00  |0.00      |0.00      |0         |0           |0        |0.00         |0.00                   |
2016-08-31 |JR707        |3,148.00   |0.00     |0.00     |0.00     |0.00     |3,148.00  |0.00      |0.00      |0         |0           |0        |0.00         |0.00                   |
2016-09-01 |JR609        |3,124.00   |0.00     |0.00     |0.00     |0.00     |3,124.00  |0.00      |0.00      |0         |0           |0        |0.00         |3,318.00               |
2016-09-01 |JR611        |3,190.00   |0.00     |0.00     |0.00     |0.00     |3,190.00  |0.00      |0.00      |0         |0           |0        |0.00         |0.00                   |
2016-09-01 |JR701        |2,799.00   |0.00     |0.00     |0.00     |0.00     |2,799.00  |0.00      |0.00      |0         |2           |0        |0.00         |0.00                   |
2016-09-01 |JR703        |3,189.00   |0.00     |0.00     |0.00     |0.00     |3,189.00  |0.00      |0.00      |0         |0           |0        |0.00         |0.00                   |
2016-09-01 |JR705        |3,148.00   |0.00     |0.00     |0.00     |0.00     |3,148.00  |0.00      |0.00      |0         |0           |0        |0.00         |0.00                   |
2016-09-01 |JR707        |3,148.00   |0.00     |0.00     |0.00     |0.00     |3,148.00  |0.00      |0.00      |0         |0           |0        |0.00         |0.00                   |
2016-09-02 |JR609        |3,124.00   |0.00     |0.00     |0.00     |0.00     |3,124.00  |0.00      |0.00      |0         |0           |0        |0.00         |3,293.00               |
2016-09-02 |JR611        |3,190.00   |0.00     |0.00     |0.00     |0.00     |3,190.00  |0.00      |0.00      |0         |0           |0        |0.00         |0.00                   |
2016-09-02 |JR701        |2,799.00   |0.00     |0.00     |0.00     |0.00     |2,799.00  |0.00      |0.00      |0         |2           |0        |0.00         |0.00                   |
2016-09-02 |JR703        |3,189.00   |0.00     |0.00     |0.00     |0.00     |3,189.00  |0.00      |0.00      |0         |0           |0        |0.00         |0.00                   |
2016-09-02 |JR705        |3,148.00   |0.00     |0.00     |0.00     |0.00     |3,148.00  |0.00      |0.00      |0         |0           |0        |0.00         |0.00                   |
2016-09-02 |JR707        |3,148.00   |0.00     |0.00     |0.00     |0.00     |3,148.00  |0.00      |0.00      |0         |0           |0        |0.00         |0.00                   |
2016-09-05 |JR609        |3,124.00   |0.00     |0.00     |0.00     |0.00     |3,124.00  |0.00      |0.00      |0         |0           |0        |0.00         |3,267.00               |
2016-09-05 |JR611        |3,190.00   |0.00     |0.00     |0.00     |0.00     |3,190.00  |0.00      |0.00      |0         |0           |0        |0.00         |0.00                   |
2016-09-05 |JR701        |2,799.00   |0.00     |0.00     |0.00     |0.00     |2,799.00  |0.00      |0.00      |0         |2           |0        |0.00         |0.00                   |
2016-09-05 |JR703        |3,189.00   |0.00     |0.00     |0.00     |0.00     |3,189.00  |0.00      |0.00      |0         |0           |0        |0.00         |0.00                   |
2016-09-05 |JR705        |3,148.00   |0.00     |0.00     |0.00     |0.00     |3,148.00  |0.00      |0.00      |0         |0           |0        |0.00         |0.00                   |
2016-09-05 |JR707        |3,148.00   |0.00     |0.00     |0.00     |0.00     |3,148.00  |0.00      |0.00      |0         |0           |0        |0.00         |0.00                   |
2016-09-06 |JR609        |3,124.00   |0.00     |0.00     |0.00     |0.00     |3,124.00  |0.00      |0.00      |0         |0           |0        |0.00         |3,241.00               |
2016-09-06 |JR611        |3,190.00   |0.00     |0.00     |0.00     |0.00     |3,190.00  |0.00      |0.00      |0         |0           |0        |0.00         |0.00                   |
2016-09-06 |JR701        |2,799.00   |0.00     |0.00     |0.00     |0.00     |2,799.00  |0.00      |0.00      |0         |2           |0        |0.00         |0.00                   |
2016-09-06 |JR703        |3,189.00   |0.00     |0.00     |0.00     |0.00     |3,189.00  |0.00      |0.00      |0         |0           |0        |0.00         |0.00                   |
2016-09-06 |JR705        |3,148.00   |0.00     |0.00     |0.00     |0.00     |3,148.00  |0.00      |0.00      |0         |0           |0        |0.00         |0.00                   |
2016-09-06 |JR707        |3,148.00   |0.00     |0.00     |0.00     |0.00     |3,148.00  |0.00      |0.00      |0         |0           |0        |0.00         |0.00                   |
2016-09-07 |JR609        |3,124.00   |0.00     |0.00     |0.00     |0.00     |3,124.00  |0.00      |0.00      |0         |0           |0        |0.00         |3,215.00               |
2016-09-07 |JR611        |3,190.00   |0.00     |0.00     |0.00     |0.00     |3,190.00  |0.00      |0.00      |0         |0           |0        |0.00         |0.00                   |
2016-09-07 |JR701        |2,799.00   |0.00     |0.00     |0.00     |0.00     |2,799.00  |0.00      |0.00      |0         |2           |0        |0.00         |0.00                   |
2016-09-07 |JR703        |3,189.00   |0.00     |0.00     |0.00     |0.00     |3,189.00  |0.00      |0.00      |0         |0           |0        |0.00         |0.00                   |
2016-09-07 |JR705        |3,148.00   |0.00     |0.00     |0.00     |0.00     |3,148.00  |0.00      |0.00      |0         |0           |0        |0.00         |0.00                   |
2016-09-07 |JR707        |3,148.00   |0.00     |0.00     |0.00     |0.00     |3,148.00  |0.00      |0.00      |0         |0           |0        |0.00         |0.00                   |
2016-09-08 |JR609        |3,124.00   |0.00     |0.00     |0.00     |0.00     |3,124.00  |0.00      |0.00      |0         |0           |0        |0.00         |3,189.00               |
2016-09-08 |JR611        |3,190.00   |0.00     |0.00     |0.00     |0.00     |3,190.00  |0.00      |0.00      |0         |0           |0        |0.00         |0.00                   |
2016-09-08 |JR701        |2,799.00   |0.00     |0.00     |0.00     |0.00     |2,799.00  |0.00      |0.00      |0         |2           |0        |0.00         |0.00                   |
2016-09-08 |JR703        |3,189.00   |0.00     |0.00     |0.00     |0.00     |3,189.00  |0.00      |0.00      |0         |0           |0        |0.00         |0.00                   |
2016-09-08 |JR705        |3,148.00   |0.00     |0.00     |0.00     |0.00     |3,148.00  |0.00      |0.00      |0         |0           |0        |0.00         |0.00                   |
2016-09-08 |JR707        |3,148.00   |0.00     |0.00     |0.00     |0.00     |3,148.00  |0.00      |0.00      |0         |0           |0        |0.00         |0.00                   |
2016-09-09 |JR609        |3,124.00   |0.00     |0.00     |0.00     |0.00     |3,124.00  |0.00      |0.00      |0         |0           |0        |0.00         |3,163.00               |
2016-09-09 |JR611        |3,190.00   |0.00     |0.00     |0.00     |0.00     |3,190.00  |0.00      |0.00      |0         |0           |0        |0.00         |0.00                   |
2016-09-09 |JR701        |2,799.00   |0.00     |0.00     |0.00     |0.00     |2,799.00  |0.00      |0.00      |0         |2           |0        |0.00         |0.00                   |
2016-09-09 |JR703        |3,189.00   |0.00     |0.00     |0.00     |0.00     |3,189.00  |0.00      |0.00      |0         |0           |0        |0.00         |0.00                   |
2016-09-09 |JR705        |3,148.00   |0.00     |0.00     |0.00     |0.00     |3,148.00  |0.00      |0.00      |0         |0           |0        |0.00         |0.00                   |
2016-09-09 |JR707        |3,148.00   |0.00     |0.00     |0.00     |0.00     |3,148.00  |0.00      |0.00      |0         |0           |0        |0.00         |0.00                   |
2016-09-12 |JR609        |3,124.00   |0.00     |0.00     |0.00     |0.00     |2,999.00  |-125.00   |-125.00   |0         |0           |0        |0.00         |3,125.00               |
2016-09-12 |JR611        |3,190.00   |0.00     |0.00     |0.00     |0.00     |3,190.00  |0.00      |0.00      |0         |0           |0        |0.00         |0.00                   |
2016-09-12 |JR701        |2,799.00   |0.00     |0.00     |0.00     |0.00     |2,687.00  |-112.00   |-112.00   |0         |2           |0        |0.00         |0.00                   |
2016-09-12 |JR703        |3,189.00   |0.00     |0.00     |0.00     |0.00     |3,061.00  |-128.00   |-128.00   |0         |0           |0        |0.00         |0.00                   |
2016-09-12 |JR705        |3,148.00   |3,000.00 |3,000.00 |3,000.00 |3,000.00 |3,000.00  |-148.00   |-148.00   |2         |2           |2        |12.00        |0.00                   |
2016-09-12 |JR707        |3,148.00   |0.00     |0.00     |0.00     |0.00     |3,148.00  |0.00      |0.00      |0         |0           |0        |0.00         |0.00                   |
2016-09-13 |JR609        |2,999.00   |0.00     |0.00     |0.00     |0.00     |3,119.00  |120.00    |120.00    |0         |0           |0        |0.00         |3,111.00               |
2016-09-13 |JR611        |3,190.00   |0.00     |0.00     |0.00     |0.00     |3,190.00  |0.00      |0.00      |0         |0           |0        |0.00         |0.00                   |
2016-09-13 |JR701        |2,687.00   |2,795.00 |2,795.00 |2,795.00 |2,795.00 |2,795.00  |108.00    |108.00    |2         |4           |2        |11.18        |0.00                   |
2016-09-13 |JR703        |3,061.00   |0.00     |0.00     |0.00     |0.00     |3,184.00  |123.00    |123.00    |0         |0           |0        |0.00         |0.00                   |
2016-09-13 |JR705        |3,000.00   |3,100.00 |3,100.00 |3,100.00 |3,100.00 |3,100.00  |100.00    |100.00    |2         |0           |-2       |12.40        |0.00                   |
2016-09-13 |JR707        |3,148.00   |0.00     |0.00     |0.00     |0.00     |3,148.00  |0.00      |0.00      |0         |0           |0        |0.00         |0.00                   |
2016-09-14 |JR609        |3,119.00   |0.00     |0.00     |0.00     |0.00     |3,119.00  |0.00      |0.00      |0         |0           |0        |0.00         |3,111.00               |
2016-09-14 |JR611        |3,190.00   |0.00     |0.00     |0.00     |0.00     |3,190.00  |0.00      |0.00      |0         |0           |0        |0.00         |0.00                   |
2016-09-14 |JR701        |2,795.00   |0.00     |0.00     |0.00     |0.00     |2,963.00  |168.00    |168.00    |0         |4           |0        |0.00         |0.00                   |
2016-09-14 |JR703        |3,184.00   |0.00     |0.00     |0.00     |0.00     |3,184.00  |0.00      |0.00      |0         |0           |0        |0.00         |0.00                   |
2016-09-14 |JR705        |3,100.00   |0.00     |0.00     |0.00     |0.00     |3,100.00  |0.00      |0.00      |0         |0           |0        |0.00         |0.00                   |
2016-09-14 |JR707        |3,148.00   |0.00     |0.00     |0.00     |0.00     |3,148.00  |0.00      |0.00      |0         |0           |0        |0.00         |0.00                   |
2016-09-19 |JR611        |3,190.00   |0.00     |0.00     |0.00     |0.00     |3,190.00  |0.00      |0.00      |0         |0           |0        |0.00         |0.00                   |
2016-09-19 |JR701        |2,963.00   |0.00     |0.00     |0.00     |0.00     |2,963.00  |0.00      |0.00      |0         |4           |0        |0.00         |0.00                   |
2016-09-19 |JR703        |3,184.00   |0.00     |0.00     |0.00     |0.00     |3,184.00  |0.00      |0.00      |0         |0           |0        |0.00         |0.00                   |
2016-09-19 |JR705        |3,100.00   |0.00     |0.00     |0.00     |0.00     |3,100.00  |0.00      |0.00      |0         |0           |0        |0.00         |0.00                   |
2016-09-19 |JR707        |3,148.00   |0.00     |0.00     |0.00     |0.00     |3,148.00  |0.00      |0.00      |0         |0           |0        |0.00         |0.00                   |
2016-09-19 |JR709        |3,148.00   |0.00     |0.00     |0.00     |0.00     |3,100.00  |-48.00    |-48.00    |0         |0           |0        |0.00         |0.00                   |
2016-09-20 |JR611        |3,190.00   |0.00     |0.00     |0.00     |0.00     |3,190.00  |0.00      |0.00      |0         |0           |0        |0.00         |0.00                   |
2016-09-20 |JR701        |2,963.00   |0.00     |0.00     |0.00     |0.00     |2,963.00  |0.00      |0.00      |0         |4           |0        |0.00         |0.00                   |
2016-09-20 |JR703        |3,184.00   |0.00     |0.00     |0.00     |0.00     |3,184.00  |0.00      |0.00      |0         |0           |0        |0.00         |0.00                   |
2016-09-20 |JR705        |3,100.00   |0.00     |0.00     |0.00     |0.00     |3,100.00  |0.00      |0.00      |0         |0           |0        |0.00         |0.00                   |
2016-09-20 |JR707        |3,148.00   |0.00     |0.00     |0.00     |0.00     |3,148.00  |0.00      |0.00      |0         |0           |0        |0.00         |0.00                   |
2016-09-20 |JR709        |3,100.00   |0.00     |0.00     |0.00     |0.00     |3,100.00  |0.00      |0.00      |0         |0           |0        |0.00         |0.00                   |
2016-09-21 |JR611        |3,190.00   |0.00     |0.00     |0.00     |0.00     |3,190.00  |0.00      |0.00      |0         |0           |0        |0.00         |0.00                   |
2016-09-21 |JR701        |2,963.00   |0.00     |0.00     |0.00     |0.00     |2,963.00  |0.00      |0.00      |0         |4           |0        |0.00         |0.00                   |
2016-09-21 |JR703        |3,184.00   |0.00     |0.00     |0.00     |0.00     |3,184.00  |0.00      |0.00      |0         |0           |0        |0.00         |0.00                   |
2016-09-21 |JR705        |3,100.00   |0.00     |0.00     |0.00     |0.00     |3,100.00  |0.00      |0.00      |0         |0           |0        |0.00         |0.00                   |
2016-09-21 |JR707        |3,148.00   |0.00     |0.00     |0.00     |0.00     |3,148.00  |0.00      |0.00      |0         |0           |0        |0.00         |0.00                   |
2016-09-21 |JR709        |3,100.00   |0.00     |0.00     |0.00     |0.00     |3,100.00  |0.00      |0.00      |0         |0           |0        |0.00         |0.00                   |
2016-09-22 |JR611        |3,190.00   |0.00     |0.00     |0.00     |0.00     |3,190.00  |0.00      |0.00      |0         |0           |0        |0.00         |0.00                   |
2016-09-22 |JR701        |2,963.00   |0.00     |0.00     |0.00     |0.00     |2,963.00  |0.00      |0.00      |0         |4           |0        |0.00         |0.00                   |
2016-09-22 |JR703        |3,184.00   |0.00     |0.00     |0.00     |0.00     |3,184.00  |0.00      |0.00      |0         |0           |0        |0.00         |0.00                   |
2016-09-22 |JR705        |3,100.00   |0.00     |0.00     |0.00     |0.00     |3,100.00  |0.00      |0.00      |0         |0           |0        |0.00         |0.00                   |
2016-09-22 |JR707        |3,148.00   |0.00     |0.00     |0.00     |0.00     |3,148.00  |0.00      |0.00      |0         |0           |0        |0.00         |0.00                   |
2016-09-22 |JR709        |3,100.00   |0.00     |0.00     |0.00     |0.00     |3,100.00  |0.00      |0.00      |0         |0           |0        |0.00         |0.00                   |
2016-09-23 |JR611        |3,190.00   |0.00     |0.00     |0.00     |0.00     |3,190.00  |0.00      |0.00      |0         |0           |0        |0.00         |0.00                   |
2016-09-23 |JR701        |2,963.00   |0.00     |0.00     |0.00     |0.00     |2,963.00  |0.00      |0.00      |0         |4           |0        |0.00         |0.00                   |
2016-09-23 |JR703        |3,184.00   |0.00     |0.00     |0.00     |0.00     |3,184.00  |0.00      |0.00      |0         |0           |0        |0.00         |0.00                   |
2016-09-23 |JR705        |3,100.00   |0.00     |0.00     |0.00     |0.00     |3,100.00  |0.00      |0.00      |0         |0           |0        |0.00         |0.00                   |
2016-09-23 |JR707        |3,148.00   |0.00     |0.00     |0.00     |0.00     |3,148.00  |0.00      |0.00      |0         |0           |0        |0.00         |0.00                   |
2016-09-23 |JR709        |3,100.00   |0.00     |0.00     |0.00     |0.00     |3,100.00  |0.00      |0.00      |0         |0           |0        |0.00         |0.00                   |
2016-09-26 |JR611        |3,190.00   |0.00     |0.00     |0.00     |0.00     |3,190.00  |0.00      |0.00      |0         |0           |0        |0.00         |0.00                   |
2016-09-26 |JR701        |2,963.00   |0.00     |0.00     |0.00     |0.00     |2,963.00  |0.00      |0.00      |0         |4           |0        |0.00         |0.00                   |
2016-09-26 |JR703        |3,184.00   |0.00     |0.00     |0.00     |0.00     |3,184.00  |0.00      |0.00      |0         |0           |0        |0.00         |0.00                   |
2016-09-26 |JR705        |3,100.00   |0.00     |0.00     |0.00     |0.00     |3,100.00  |0.00      |0.00      |0         |0           |0        |0.00         |0.00                   |
2016-09-26 |JR707        |3,148.00   |0.00     |0.00     |0.00     |0.00     |3,148.00  |0.00      |0.00      |0         |0           |0        |0.00         |0.00                   |
2016-09-26 |JR709        |3,100.00   |0.00     |0.00     |0.00     |0.00     |3,100.00  |0.00      |0.00      |0         |0           |0        |0.00         |0.00                   |
2016-09-27 |JR611        |3,190.00   |0.00     |0.00     |0.00     |0.00     |3,190.00  |0.00      |0.00      |0         |0           |0        |0.00         |0.00                   |
2016-09-27 |JR701        |2,963.00   |0.00     |0.00     |0.00     |0.00     |2,963.00  |0.00      |0.00      |0         |4           |0        |0.00         |0.00                   |
2016-09-27 |JR703        |3,184.00   |0.00     |0.00     |0.00     |0.00     |3,184.00  |0.00      |0.00      |0         |0           |0        |0.00         |0.00                   |
2016-09-27 |JR705        |3,100.00   |0.00     |0.00     |0.00     |0.00     |3,100.00  |0.00      |0.00      |0         |0           |0        |0.00         |0.00                   |
2016-09-27 |JR707        |3,148.00   |0.00     |0.00     |0.00     |0.00     |3,148.00  |0.00      |0.00      |0         |0           |0        |0.00         |0.00                   |
2016-09-27 |JR709        |3,100.00   |0.00     |0.00     |0.00     |0.00     |3,100.00  |0.00      |0.00      |0         |0           |0        |0.00         |0.00                   |
2016-09-28 |JR611        |3,190.00   |0.00     |0.00     |0.00     |0.00     |3,190.00  |0.00      |0.00      |0         |0           |0        |0.00         |0.00                   |
2016-09-28 |JR701        |2,963.00   |0.00     |0.00     |0.00     |0.00     |2,963.00  |0.00      |0.00      |0         |4           |0        |0.00         |0.00                   |
2016-09-28 |JR703        |3,184.00   |0.00     |0.00     |0.00     |0.00     |3,184.00  |0.00      |0.00      |0         |0           |0        |0.00         |0.00                   |
2016-09-28 |JR705        |3,100.00   |0.00     |0.00     |0.00     |0.00     |3,100.00  |0.00      |0.00      |0         |0           |0        |0.00         |0.00                   |
2016-09-28 |JR707        |3,148.00   |0.00     |0.00     |0.00     |0.00     |3,148.00  |0.00      |0.00      |0         |0           |0        |0.00         |0.00                   |
2016-09-28 |JR709        |3,100.00   |0.00     |0.00     |0.00     |0.00     |3,100.00  |0.00      |0.00      |0         |0           |0        |0.00         |0.00                   |
2016-09-29 |JR611        |3,190.00   |0.00     |0.00     |0.00     |0.00     |3,190.00  |0.00      |0.00      |0         |0           |0        |0.00         |0.00                   |
2016-09-29 |JR701        |2,963.00   |2,857.00 |3,082.00 |2,857.00 |3,082.00 |3,016.00  |119.00    |53.00     |34        |2           |-2       |205.06       |0.00                   |
2016-09-29 |JR703        |3,184.00   |0.00     |0.00     |0.00     |0.00     |3,241.00  |57.00     |57.00     |0         |0           |0        |0.00         |0.00                   |
2016-09-29 |JR705        |3,100.00   |0.00     |0.00     |0.00     |0.00     |3,155.00  |55.00     |55.00     |0         |0           |0        |0.00         |0.00                   |
2016-09-29 |JR707        |3,148.00   |0.00     |0.00     |0.00     |0.00     |3,148.00  |0.00      |0.00      |0         |0           |0        |0.00         |0.00                   |
2016-09-29 |JR709        |3,100.00   |0.00     |0.00     |0.00     |0.00     |3,100.00  |0.00      |0.00      |0         |0           |0        |0.00         |0.00                   |
2016-09-30 |JR611        |3,190.00   |0.00     |0.00     |0.00     |0.00     |3,190.00  |0.00      |0.00      |0         |0           |0        |0.00         |0.00                   |
2016-09-30 |JR701        |3,016.00   |0.00     |0.00     |0.00     |0.00     |3,016.00  |0.00      |0.00      |0         |2           |0        |0.00         |0.00                   |
2016-09-30 |JR703        |3,241.00   |0.00     |0.00     |0.00     |0.00     |3,241.00  |0.00      |0.00      |0         |0           |0        |0.00         |0.00                   |
2016-09-30 |JR705        |3,155.00   |0.00     |0.00     |0.00     |0.00     |3,155.00  |0.00      |0.00      |0         |0           |0        |0.00         |0.00                   |
2016-09-30 |JR707        |3,148.00   |0.00     |0.00     |0.00     |0.00     |3,148.00  |0.00      |0.00      |0         |0           |0        |0.00         |0.00                   |
2016-09-30 |JR709        |3,100.00   |0.00     |0.00     |0.00     |0.00     |3,100.00  |0.00      |0.00      |0         |0           |0        |0.00         |0.00                   |
2016-10-10 |JR611        |3,190.00   |0.00     |0.00     |0.00     |0.00     |3,190.00  |0.00      |0.00      |0         |0           |0        |0.00         |0.00                   |
2016-10-10 |JR701        |3,016.00   |0.00     |0.00     |0.00     |0.00     |3,016.00  |0.00      |0.00      |0         |2           |0        |0.00         |0.00                   |
2016-10-10 |JR703        |3,241.00   |0.00     |0.00     |0.00     |0.00     |3,241.00  |0.00      |0.00      |0         |0           |0        |0.00         |0.00                   |
2016-10-10 |JR705        |3,155.00   |0.00     |0.00     |0.00     |0.00     |3,155.00  |0.00      |0.00      |0         |0           |0        |0.00         |0.00                   |
2016-10-10 |JR707        |3,148.00   |0.00     |0.00     |0.00     |0.00     |3,148.00  |0.00      |0.00      |0         |0           |0        |0.00         |0.00                   |
2016-10-10 |JR709        |3,100.00   |0.00     |0.00     |0.00     |0.00     |3,100.00  |0.00      |0.00      |0         |0           |0        |0.00         |0.00                   |
2016-10-11 |JR611        |3,190.00   |0.00     |0.00     |0.00     |0.00     |3,190.00  |0.00      |0.00      |0         |0           |0        |0.00         |0.00                   |
2016-10-11 |JR701        |3,016.00   |0.00     |0.00     |0.00     |0.00     |3,016.00  |0.00      |0.00      |0         |2           |0        |0.00         |0.00                   |
2016-10-11 |JR703        |3,241.00   |0.00     |0.00     |0.00     |0.00     |3,241.00  |0.00      |0.00      |0         |0           |0        |0.00         |0.00                   |
2016-10-11 |JR705        |3,155.00   |0.00     |0.00     |0.00     |0.00     |3,155.00  |0.00      |0.00      |0         |0           |0        |0.00         |0.00                   |
2016-10-11 |JR707        |3,148.00   |0.00     |0.00     |0.00     |0.00     |3,148.00  |0.00      |0.00      |0         |0           |0        |0.00         |0.00                   |
2016-10-11 |JR709        |3,100.00   |0.00     |0.00     |0.00     |0.00     |3,100.00  |0.00      |0.00      |0         |0           |0        |0.00         |0.00                   |
2016-10-12 |JR611        |3,190.00   |0.00     |0.00     |0.00     |0.00     |3,190.00  |0.00      |0.00      |0         |0           |0        |0.00         |0.00                   |
2016-10-12 |JR701        |3,016.00   |0.00     |0.00     |0.00     |0.00     |3,016.00  |0.00      |0.00      |0         |2           |0        |0.00         |0.00                   |
2016-10-12 |JR703        |3,241.00   |0.00     |0.00     |0.00     |0.00     |3,241.00  |0.00      |0.00      |0         |0           |0        |0.00         |0.00                   |
2016-10-12 |JR705        |3,155.00   |0.00     |0.00     |0.00     |0.00     |3,155.00  |0.00      |0.00      |0         |0           |0        |0.00         |0.00                   |
2016-10-12 |JR707        |3,148.00   |0.00     |0.00     |0.00     |0.00     |3,148.00  |0.00      |0.00      |0         |0           |0        |0.00         |0.00                   |
2016-10-12 |JR709        |3,100.00   |0.00     |0.00     |0.00     |0.00     |3,100.00  |0.00      |0.00      |0         |0           |0        |0.00         |0.00                   |
2016-10-13 |JR611        |3,190.00   |0.00     |0.00     |0.00     |0.00     |3,190.00  |0.00      |0.00      |0         |0           |0        |0.00         |0.00                   |
2016-10-13 |JR701        |3,016.00   |0.00     |0.00     |0.00     |0.00     |3,016.00  |0.00      |0.00      |0         |2           |0        |0.00         |0.00                   |
2016-10-13 |JR703        |3,241.00   |0.00     |0.00     |0.00     |0.00     |3,241.00  |0.00      |0.00      |0         |0           |0        |0.00         |0.00                   |
2016-10-13 |JR705        |3,155.00   |0.00     |0.00     |0.00     |0.00     |3,155.00  |0.00      |0.00      |0         |0           |0        |0.00         |0.00                   |
2016-10-13 |JR707        |3,148.00   |0.00     |0.00     |0.00     |0.00     |3,148.00  |0.00      |0.00      |0         |0           |0        |0.00         |0.00                   |
2016-10-13 |JR709        |3,100.00   |0.00     |0.00     |0.00     |0.00     |3,100.00  |0.00      |0.00      |0         |0           |0        |0.00         |0.00                   |
2016-10-14 |JR611        |3,190.00   |0.00     |0.00     |0.00     |0.00     |3,190.00  |0.00      |0.00      |0         |0           |0        |0.00         |0.00                   |
2016-10-14 |JR701        |3,016.00   |0.00     |0.00     |0.00     |0.00     |3,016.00  |0.00      |0.00      |0         |2           |0        |0.00         |0.00                   |
2016-10-14 |JR703        |3,241.00   |0.00     |0.00     |0.00     |0.00     |3,241.00  |0.00      |0.00      |0         |0           |0        |0.00         |0.00                   |
2016-10-14 |JR705        |3,155.00   |0.00     |0.00     |0.00     |0.00     |3,155.00  |0.00      |0.00      |0         |0           |0        |0.00         |0.00                   |
2016-10-14 |JR707        |3,148.00   |0.00     |0.00     |0.00     |0.00     |3,148.00  |0.00      |0.00      |0         |0           |0        |0.00         |0.00                   |
2016-10-14 |JR709        |3,100.00   |0.00     |0.00     |0.00     |0.00     |3,100.00  |0.00      |0.00      |0         |0           |0        |0.00         |0.00                   |
2016-10-17 |JR611        |3,190.00   |0.00     |0.00     |0.00     |0.00     |3,190.00  |0.00      |0.00      |0         |0           |0        |0.00         |0.00                   |
2016-10-17 |JR701        |3,016.00   |0.00     |0.00     |0.00     |0.00     |3,016.00  |0.00      |0.00      |0         |2           |0        |0.00         |0.00                   |
2016-10-17 |JR703        |3,241.00   |0.00     |0.00     |0.00     |0.00     |3,241.00  |0.00      |0.00      |0         |0           |0        |0.00         |0.00                   |
2016-10-17 |JR705        |3,155.00   |0.00     |0.00     |0.00     |0.00     |3,155.00  |0.00      |0.00      |0         |0           |0        |0.00         |0.00                   |
2016-10-17 |JR707        |3,148.00   |0.00     |0.00     |0.00     |0.00     |3,148.00  |0.00      |0.00      |0         |0           |0        |0.00         |0.00                   |
2016-10-17 |JR709        |3,100.00   |0.00     |0.00     |0.00     |0.00     |3,100.00  |0.00      |0.00      |0         |0           |0        |0.00         |0.00                   |
2016-10-18 |JR611        |3,190.00   |0.00     |0.00     |0.00     |0.00     |3,190.00  |0.00      |0.00      |0         |0           |0        |0.00         |0.00                   |
2016-10-18 |JR701        |3,016.00   |0.00     |0.00     |0.00     |0.00     |3,016.00  |0.00      |0.00      |0         |2           |0        |0.00         |0.00                   |
2016-10-18 |JR703        |3,241.00   |0.00     |0.00     |0.00     |0.00     |3,241.00  |0.00      |0.00      |0         |0           |0        |0.00         |0.00                   |
2016-10-18 |JR705        |3,155.00   |0.00     |0.00     |0.00     |0.00     |3,155.00  |0.00      |0.00      |0         |0           |0        |0.00         |0.00                   |
2016-10-18 |JR707        |3,148.00   |0.00     |0.00     |0.00     |0.00     |3,148.00  |0.00      |0.00      |0         |0           |0        |0.00         |0.00                   |
2016-10-18 |JR709        |3,100.00   |0.00     |0.00     |0.00     |0.00     |3,100.00  |0.00      |0.00      |0         |0           |0        |0.00         |0.00                   |
2016-10-19 |JR611        |3,190.00   |0.00     |0.00     |0.00     |0.00     |3,190.00  |0.00      |0.00      |0         |0           |0        |0.00         |0.00                   |
2016-10-19 |JR701        |3,016.00   |0.00     |0.00     |0.00     |0.00     |3,016.00  |0.00      |0.00      |0         |2           |0        |0.00         |0.00                   |
2016-10-19 |JR703        |3,241.00   |0.00     |0.00     |0.00     |0.00     |3,241.00  |0.00      |0.00      |0         |0           |0        |0.00         |0.00                   |
2016-10-19 |JR705        |3,155.00   |0.00     |0.00     |0.00     |0.00     |3,155.00  |0.00      |0.00      |0         |0           |0        |0.00         |0.00                   |
2016-10-19 |JR707        |3,148.00   |0.00     |0.00     |0.00     |0.00     |3,148.00  |0.00      |0.00      |0         |0           |0        |0.00         |0.00                   |
2016-10-19 |JR709        |3,100.00   |0.00     |0.00     |0.00     |0.00     |3,100.00  |0.00      |0.00      |0         |0           |0        |0.00         |0.00                   |
2016-10-20 |JR611        |3,190.00   |0.00     |0.00     |0.00     |0.00     |3,190.00  |0.00      |0.00      |0         |0           |0        |0.00         |0.00                   |
2016-10-20 |JR701        |3,016.00   |0.00     |0.00     |0.00     |0.00     |3,016.00  |0.00      |0.00      |0         |2           |0        |0.00         |0.00                   |
2016-10-20 |JR703        |3,241.00   |0.00     |0.00     |0.00     |0.00     |3,241.00  |0.00      |0.00      |0         |0           |0        |0.00         |0.00                   |
2016-10-20 |JR705        |3,155.00   |0.00     |0.00     |0.00     |0.00     |3,155.00  |0.00      |0.00      |0         |0           |0        |0.00         |0.00                   |
2016-10-20 |JR707        |3,148.00   |0.00     |0.00     |0.00     |0.00     |3,148.00  |0.00      |0.00      |0         |0           |0        |0.00         |0.00                   |
2016-10-20 |JR709        |3,100.00   |0.00     |0.00     |0.00     |0.00     |3,100.00  |0.00      |0.00      |0         |0           |0        |0.00         |0.00                   |
2016-10-21 |JR611        |3,190.00   |0.00     |0.00     |0.00     |0.00     |3,190.00  |0.00      |0.00      |0         |0           |0        |0.00         |0.00                   |
2016-10-21 |JR701        |3,016.00   |0.00     |0.00     |0.00     |0.00     |3,016.00  |0.00      |0.00      |0         |2           |0        |0.00         |0.00                   |
2016-10-21 |JR703        |3,241.00   |0.00     |0.00     |0.00     |0.00     |3,241.00  |0.00      |0.00      |0         |0           |0        |0.00         |0.00                   |
2016-10-21 |JR705        |3,155.00   |0.00     |0.00     |0.00     |0.00     |3,155.00  |0.00      |0.00      |0         |0           |0        |0.00         |0.00                   |
2016-10-21 |JR707        |3,148.00   |0.00     |0.00     |0.00     |0.00     |3,148.00  |0.00      |0.00      |0         |0           |0        |0.00         |0.00                   |
2016-10-21 |JR709        |3,100.00   |0.00     |0.00     |0.00     |0.00     |3,100.00  |0.00      |0.00      |0         |0           |0        |0.00         |0.00                   |
2016-10-24 |JR611        |3,190.00   |0.00     |0.00     |0.00     |0.00     |3,190.00  |0.00      |0.00      |0         |0           |0        |0.00         |0.00                   |
2016-10-24 |JR701        |3,016.00   |0.00     |0.00     |0.00     |0.00     |3,016.00  |0.00      |0.00      |0         |2           |0        |0.00         |0.00                   |
2016-10-24 |JR703        |3,241.00   |0.00     |0.00     |0.00     |0.00     |3,241.00  |0.00      |0.00      |0         |0           |0        |0.00         |0.00                   |
2016-10-24 |JR705        |3,155.00   |0.00     |0.00     |0.00     |0.00     |3,155.00  |0.00      |0.00      |0         |0           |0        |0.00         |0.00                   |
2016-10-24 |JR707        |3,148.00   |0.00     |0.00     |0.00     |0.00     |3,148.00  |0.00      |0.00      |0         |0           |0        |0.00         |0.00                   |
2016-10-24 |JR709        |3,100.00   |0.00     |0.00     |0.00     |0.00     |3,100.00  |0.00      |0.00      |0         |0           |0        |0.00         |0.00                   |
2016-10-25 |JR611        |3,190.00   |0.00     |0.00     |0.00     |0.00     |3,190.00  |0.00      |0.00      |0         |0           |0        |0.00         |0.00                   |
2016-10-25 |JR701        |3,016.00   |0.00     |0.00     |0.00     |0.00     |3,016.00  |0.00      |0.00      |0         |2           |0        |0.00         |0.00                   |
2016-10-25 |JR703        |3,241.00   |0.00     |0.00     |0.00     |0.00     |3,241.00  |0.00      |0.00      |0         |0           |0        |0.00         |0.00                   |
2016-10-25 |JR705        |3,155.00   |0.00     |0.00     |0.00     |0.00     |3,155.00  |0.00      |0.00      |0         |0           |0        |0.00         |0.00                   |
2016-10-25 |JR707        |3,148.00   |0.00     |0.00     |0.00     |0.00     |3,148.00  |0.00      |0.00      |0         |0           |0        |0.00         |0.00                   |
2016-10-25 |JR709        |3,100.00   |0.00     |0.00     |0.00     |0.00     |3,100.00  |0.00      |0.00      |0         |0           |0        |0.00         |0.00                   |
2016-10-26 |JR611        |3,190.00   |0.00     |0.00     |0.00     |0.00     |3,190.00  |0.00      |0.00      |0         |0           |0        |0.00         |0.00                   |
2016-10-26 |JR701        |3,016.00   |0.00     |0.00     |0.00     |0.00     |3,016.00  |0.00      |0.00      |0         |2           |0        |0.00         |0.00                   |
2016-10-26 |JR703        |3,241.00   |0.00     |0.00     |0.00     |0.00     |3,241.00  |0.00      |0.00      |0         |0           |0        |0.00         |0.00                   |
2016-10-26 |JR705        |3,155.00   |0.00     |0.00     |0.00     |0.00     |3,155.00  |0.00      |0.00      |0         |0           |0        |0.00         |0.00                   |
2016-10-26 |JR707        |3,148.00   |0.00     |0.00     |0.00     |0.00     |3,148.00  |0.00      |0.00      |0         |0           |0        |0.00         |0.00                   |
2016-10-26 |JR709        |3,100.00   |0.00     |0.00     |0.00     |0.00     |3,100.00  |0.00      |0.00      |0         |0           |0        |0.00         |0.00                   |
2016-10-27 |JR611        |3,190.00   |0.00     |0.00     |0.00     |0.00     |3,190.00  |0.00      |0.00      |0         |0           |0        |0.00         |0.00                   |
2016-10-27 |JR701        |3,016.00   |0.00     |0.00     |0.00     |0.00     |3,016.00  |0.00      |0.00      |0         |2           |0        |0.00         |0.00                   |
2016-10-27 |JR703        |3,241.00   |0.00     |0.00     |0.00     |0.00     |3,241.00  |0.00      |0.00      |0         |0           |0        |0.00         |0.00                   |
2016-10-27 |JR705        |3,155.00   |0.00     |0.00     |0.00     |0.00     |3,155.00  |0.00      |0.00      |0         |0           |0        |0.00         |0.00                   |
2016-10-27 |JR707        |3,148.00   |0.00     |0.00     |0.00     |0.00     |3,148.00  |0.00      |0.00      |0         |0           |0        |0.00         |0.00                   |
2016-10-27 |JR709        |3,100.00   |0.00     |0.00     |0.00     |0.00     |3,100.00  |0.00      |0.00      |0         |0           |0        |0.00         |0.00                   |
2016-10-28 |JR611        |3,190.00   |0.00     |0.00     |0.00     |0.00     |3,190.00  |0.00      |0.00      |0         |0           |0        |0.00         |0.00                   |
2016-10-28 |JR701        |3,016.00   |0.00     |0.00     |0.00     |0.00     |3,016.00  |0.00      |0.00      |0         |2           |0        |0.00         |0.00                   |
2016-10-28 |JR703        |3,241.00   |0.00     |0.00     |0.00     |0.00     |3,241.00  |0.00      |0.00      |0         |0           |0        |0.00         |0.00                   |
2016-10-28 |JR705        |3,155.00   |0.00     |0.00     |0.00     |0.00     |3,155.00  |0.00      |0.00      |0         |0           |0        |0.00         |0.00                   |
2016-10-28 |JR707        |3,148.00   |0.00     |0.00     |0.00     |0.00     |3,148.00  |0.00      |0.00      |0         |0           |0        |0.00         |0.00                   |
2016-10-28 |JR709        |3,100.00   |0.00     |0.00     |0.00     |0.00     |3,100.00  |0.00      |0.00      |0         |0           |0        |0.00         |0.00                   |
2016-10-31 |JR611        |3,190.00   |0.00     |0.00     |0.00     |0.00     |3,190.00  |0.00      |0.00      |0         |0           |0        |0.00         |0.00                   |
2016-10-31 |JR701        |3,016.00   |0.00     |0.00     |0.00     |0.00     |3,016.00  |0.00      |0.00      |0         |2           |0        |0.00         |0.00                   |
2016-10-31 |JR703        |3,241.00   |0.00     |0.00     |0.00     |0.00     |3,241.00  |0.00      |0.00      |0         |0           |0        |0.00         |0.00                   |
2016-10-31 |JR705        |3,155.00   |0.00     |0.00     |0.00     |0.00     |3,155.00  |0.00      |0.00      |0         |0           |0        |0.00         |0.00                   |
2016-10-31 |JR707        |3,148.00   |0.00     |0.00     |0.00     |0.00     |3,148.00  |0.00      |0.00      |0         |0           |0        |0.00         |0.00                   |
2016-10-31 |JR709        |3,100.00   |0.00     |0.00     |0.00     |0.00     |3,100.00  |0.00      |0.00      |0         |0           |0        |0.00         |0.00                   |
2016-11-01 |JR611        |3,190.00   |0.00     |0.00     |0.00     |0.00     |3,286.00  |96.00     |96.00     |0         |0           |0        |0.00         |3,200.00               |
2016-11-01 |JR701        |3,016.00   |3,076.00 |3,137.00 |3,076.00 |3,137.00 |3,107.00  |121.00    |91.00     |4         |2           |0        |24.85        |0.00                   |
2016-11-01 |JR703        |3,241.00   |0.00     |0.00     |0.00     |0.00     |3,339.00  |98.00     |98.00     |0         |0           |0        |0.00         |0.00                   |
2016-11-01 |JR705        |3,155.00   |0.00     |0.00     |0.00     |0.00     |3,250.00  |95.00     |95.00     |0         |0           |0        |0.00         |0.00                   |
2016-11-01 |JR707        |3,148.00   |0.00     |0.00     |0.00     |0.00     |3,148.00  |0.00      |0.00      |0         |0           |0        |0.00         |0.00                   |
2016-11-01 |JR709        |3,100.00   |0.00     |0.00     |0.00     |0.00     |3,100.00  |0.00      |0.00      |0         |0           |0        |0.00         |0.00                   |
2016-11-02 |JR611        |3,286.00   |0.00     |0.00     |0.00     |0.00     |3,474.00  |188.00    |188.00    |0         |0           |0        |0.00         |3,228.00               |
2016-11-02 |JR701        |3,107.00   |3,323.00 |3,323.00 |3,214.00 |3,214.00 |3,285.00  |107.00    |178.00    |12        |4           |2        |78.84        |0.00                   |
2016-11-02 |JR703        |3,339.00   |0.00     |0.00     |0.00     |0.00     |3,473.00  |134.00    |134.00    |0         |0           |0        |0.00         |0.00                   |
2016-11-02 |JR705        |3,250.00   |0.00     |0.00     |0.00     |0.00     |3,380.00  |130.00    |130.00    |0         |0           |0        |0.00         |0.00                   |
2016-11-02 |JR707        |3,148.00   |0.00     |0.00     |0.00     |0.00     |3,148.00  |0.00      |0.00      |0         |0           |0        |0.00         |0.00                   |
2016-11-02 |JR709        |3,100.00   |0.00     |0.00     |0.00     |0.00     |3,100.00  |0.00      |0.00      |0         |0           |0        |0.00         |0.00                   |
2016-11-03 |JR611        |3,474.00   |0.00     |0.00     |0.00     |0.00     |3,474.00  |0.00      |0.00      |0         |0           |0        |0.00         |3,256.00               |
2016-11-03 |JR701        |3,285.00   |0.00     |0.00     |0.00     |0.00     |3,285.00  |0.00      |0.00      |0         |4           |0        |0.00         |0.00                   |
2016-11-03 |JR703        |3,473.00   |0.00     |0.00     |0.00     |0.00     |3,473.00  |0.00      |0.00      |0         |0           |0        |0.00         |0.00                   |
2016-11-03 |JR705        |3,380.00   |0.00     |0.00     |0.00     |0.00     |3,380.00  |0.00      |0.00      |0         |0           |0        |0.00         |0.00                   |
2016-11-03 |JR707        |3,148.00   |0.00     |0.00     |0.00     |0.00     |3,148.00  |0.00      |0.00      |0         |0           |0        |0.00         |0.00                   |
2016-11-03 |JR709        |3,100.00   |0.00     |0.00     |0.00     |0.00     |3,100.00  |0.00      |0.00      |0         |0           |0        |0.00         |0.00                   |
2016-11-04 |JR611        |3,474.00   |0.00     |0.00     |0.00     |0.00     |3,399.00  |-75.00    |-75.00    |0         |0           |0        |0.00         |3,277.00               |
2016-11-04 |JR701        |3,285.00   |3,214.00 |3,214.00 |3,214.00 |3,214.00 |3,214.00  |-71.00    |-71.00    |2         |2           |-2       |12.86        |0.00                   |
2016-11-04 |JR703        |3,473.00   |0.00     |0.00     |0.00     |0.00     |3,398.00  |-75.00    |-75.00    |0         |0           |0        |0.00         |0.00                   |
2016-11-04 |JR705        |3,380.00   |0.00     |0.00     |0.00     |0.00     |3,307.00  |-73.00    |-73.00    |0         |0           |0        |0.00         |0.00                   |
2016-11-04 |JR707        |3,148.00   |0.00     |0.00     |0.00     |0.00     |3,148.00  |0.00      |0.00      |0         |0           |0        |0.00         |0.00                   |
2016-11-04 |JR709        |3,100.00   |0.00     |0.00     |0.00     |0.00     |3,033.00  |-67.00    |-67.00    |0         |0           |0        |0.00         |0.00                   |
2016-11-07 |JR611        |3,399.00   |0.00     |0.00     |0.00     |0.00     |3,399.00  |0.00      |0.00      |0         |0           |0        |0.00         |3,298.00               |
2016-11-07 |JR701        |3,214.00   |0.00     |0.00     |0.00     |0.00     |3,214.00  |0.00      |0.00      |0         |2           |0        |0.00         |0.00                   |
2016-11-07 |JR703        |3,398.00   |0.00     |0.00     |0.00     |0.00     |3,398.00  |0.00      |0.00      |0         |0           |0        |0.00         |0.00                   |
2016-11-07 |JR705        |3,307.00   |0.00     |0.00     |0.00     |0.00     |3,307.00  |0.00      |0.00      |0         |0           |0        |0.00         |0.00                   |
2016-11-07 |JR707        |3,148.00   |0.00     |0.00     |0.00     |0.00     |3,148.00  |0.00      |0.00      |0         |0           |0        |0.00         |0.00                   |
2016-11-07 |JR709        |3,033.00   |0.00     |0.00     |0.00     |0.00     |3,033.00  |0.00      |0.00      |0         |0           |0        |0.00         |0.00                   |
2016-11-08 |JR611        |3,399.00   |0.00     |0.00     |0.00     |0.00     |3,470.00  |71.00     |71.00     |0         |0           |0        |0.00         |3,326.00               |
2016-11-08 |JR701        |3,214.00   |3,214.00 |3,314.00 |3,214.00 |3,314.00 |3,281.00  |100.00    |67.00     |6         |2           |0        |39.37        |0.00                   |
2016-11-08 |JR703        |3,398.00   |0.00     |0.00     |0.00     |0.00     |3,469.00  |71.00     |71.00     |0         |0           |0        |0.00         |0.00                   |
2016-11-08 |JR705        |3,307.00   |0.00     |0.00     |0.00     |0.00     |3,376.00  |69.00     |69.00     |0         |0           |0        |0.00         |0.00                   |
2016-11-08 |JR707        |3,148.00   |0.00     |0.00     |0.00     |0.00     |3,148.00  |0.00      |0.00      |0         |0           |0        |0.00         |0.00                   |
2016-11-08 |JR709        |3,033.00   |0.00     |0.00     |0.00     |0.00     |3,096.00  |63.00     |63.00     |0         |0           |0        |0.00         |0.00                   |
2016-11-09 |JR611        |3,470.00   |0.00     |0.00     |0.00     |0.00     |3,420.00  |-50.00    |-50.00    |0         |0           |0        |0.00         |3,349.00               |
2016-11-09 |JR701        |3,281.00   |3,234.00 |3,234.00 |3,234.00 |3,234.00 |3,234.00  |-47.00    |-47.00    |2         |0           |-2       |12.94        |0.00                   |
2016-11-09 |JR703        |3,469.00   |0.00     |0.00     |0.00     |0.00     |3,419.00  |-50.00    |-50.00    |0         |0           |0        |0.00         |0.00                   |
2016-11-09 |JR705        |3,376.00   |0.00     |0.00     |0.00     |0.00     |3,328.00  |-48.00    |-48.00    |0         |0           |0        |0.00         |0.00                   |
2016-11-09 |JR707        |3,148.00   |0.00     |0.00     |0.00     |0.00     |3,148.00  |0.00      |0.00      |0         |0           |0        |0.00         |0.00                   |
2016-11-09 |JR709        |3,096.00   |0.00     |0.00     |0.00     |0.00     |3,052.00  |-44.00    |-44.00    |0         |0           |0        |0.00         |0.00                   |
2016-11-10 |JR611        |3,420.00   |0.00     |0.00     |0.00     |0.00     |3,420.00  |0.00      |0.00      |0         |0           |0        |0.00         |3,372.00               |
2016-11-10 |JR701        |3,234.00   |0.00     |0.00     |0.00     |0.00     |3,234.00  |0.00      |0.00      |0         |0           |0        |0.00         |0.00                   |
2016-11-10 |JR703        |3,419.00   |0.00     |0.00     |0.00     |0.00     |3,419.00  |0.00      |0.00      |0         |0           |0        |0.00         |0.00                   |
2016-11-10 |JR705        |3,328.00   |0.00     |0.00     |0.00     |0.00     |3,328.00  |0.00      |0.00      |0         |0           |0        |0.00         |0.00                   |
2016-11-10 |JR707        |3,148.00   |0.00     |0.00     |0.00     |0.00     |3,148.00  |0.00      |0.00      |0         |0           |0        |0.00         |0.00                   |
2016-11-10 |JR709        |3,052.00   |0.00     |0.00     |0.00     |0.00     |3,052.00  |0.00      |0.00      |0         |0           |0        |0.00         |0.00                   |
2016-11-11 |JR611        |3,420.00   |0.00     |0.00     |0.00     |0.00     |3,420.00  |0.00      |0.00      |0         |0           |0        |0.00         |3,395.00               |
2016-11-11 |JR701        |3,234.00   |0.00     |0.00     |0.00     |0.00     |3,234.00  |0.00      |0.00      |0         |0           |0        |0.00         |0.00                   |
2016-11-11 |JR703        |3,419.00   |0.00     |0.00     |0.00     |0.00     |3,419.00  |0.00      |0.00      |0         |0           |0        |0.00         |0.00                   |
2016-11-11 |JR705        |3,328.00   |0.00     |0.00     |0.00     |0.00     |3,328.00  |0.00      |0.00      |0         |0           |0        |0.00         |0.00                   |
2016-11-11 |JR707        |3,148.00   |0.00     |0.00     |0.00     |0.00     |3,148.00  |0.00      |0.00      |0         |0           |0        |0.00         |0.00                   |
2016-11-11 |JR709        |3,052.00   |0.00     |0.00     |0.00     |0.00     |3,052.00  |0.00      |0.00      |0         |0           |0        |0.00         |0.00                   |
2016-11-14 |JR611        |3,420.00   |0.00     |0.00     |0.00     |0.00     |3,416.00  |-4.00     |-4.00     |0         |0           |0        |0.00         |3,418.00               |
2016-11-14 |JR701        |3,234.00   |0.00     |0.00     |0.00     |0.00     |3,230.00  |-4.00     |-4.00     |0         |0           |0        |0.00         |0.00                   |
2016-11-14 |JR703        |3,419.00   |0.00     |0.00     |0.00     |0.00     |3,415.00  |-4.00     |-4.00     |0         |0           |0        |0.00         |0.00                   |
2016-11-14 |JR705        |3,328.00   |3,194.00 |3,453.00 |3,194.00 |3,453.00 |3,324.00  |125.00    |-4.00     |4         |0           |0        |26.59        |0.00                   |
2016-11-14 |JR707        |3,148.00   |0.00     |0.00     |0.00     |0.00     |3,148.00  |0.00      |0.00      |0         |0           |0        |0.00         |0.00                   |
2016-11-14 |JR709        |3,052.00   |0.00     |0.00     |0.00     |0.00     |3,048.00  |-4.00     |-4.00     |0         |0           |0        |0.00         |0.00                   |
2016-11-15 |JR701        |3,230.00   |0.00     |0.00     |0.00     |0.00     |3,230.00  |0.00      |0.00      |0         |0           |0        |0.00         |0.00                   |
2016-11-15 |JR703        |3,415.00   |0.00     |0.00     |0.00     |0.00     |3,415.00  |0.00      |0.00      |0         |0           |0        |0.00         |0.00                   |
2016-11-15 |JR705        |3,324.00   |0.00     |0.00     |0.00     |0.00     |3,324.00  |0.00      |0.00      |0         |0           |0        |0.00         |0.00                   |
2016-11-15 |JR707        |3,148.00   |0.00     |0.00     |0.00     |0.00     |3,148.00  |0.00      |0.00      |0         |0           |0        |0.00         |0.00                   |
2016-11-15 |JR709        |3,048.00   |0.00     |0.00     |0.00     |0.00     |3,048.00  |0.00      |0.00      |0         |0           |0        |0.00         |0.00                   |
2016-11-15 |JR711        |3,048.00   |0.00     |0.00     |0.00     |0.00     |3,048.00  |0.00      |0.00      |0         |0           |0        |0.00         |0.00                   |
2016-11-16 |JR701        |3,230.00   |0.00     |0.00     |0.00     |0.00     |3,230.00  |0.00      |0.00      |0         |0           |0        |0.00         |0.00                   |
2016-11-16 |JR703        |3,415.00   |0.00     |0.00     |0.00     |0.00     |3,415.00  |0.00      |0.00      |0         |0           |0        |0.00         |0.00                   |
2016-11-16 |JR705        |3,324.00   |0.00     |0.00     |0.00     |0.00     |3,324.00  |0.00      |0.00      |0         |0           |0        |0.00         |0.00                   |
2016-11-16 |JR707        |3,148.00   |0.00     |0.00     |0.00     |0.00     |3,148.00  |0.00      |0.00      |0         |0           |0        |0.00         |0.00                   |
2016-11-16 |JR709        |3,048.00   |0.00     |0.00     |0.00     |0.00     |3,048.00  |0.00      |0.00      |0         |0           |0        |0.00         |0.00                   |
2016-11-16 |JR711        |3,048.00   |0.00     |0.00     |0.00     |0.00     |3,048.00  |0.00      |0.00      |0         |0           |0        |0.00         |0.00                   |
2016-11-17 |JR701        |3,230.00   |0.00     |0.00     |0.00     |0.00     |3,230.00  |0.00      |0.00      |0         |0           |0        |0.00         |0.00                   |
2016-11-17 |JR703        |3,415.00   |0.00     |0.00     |0.00     |0.00     |3,415.00  |0.00      |0.00      |0         |0           |0        |0.00         |0.00                   |
2016-11-17 |JR705        |3,324.00   |0.00     |0.00     |0.00     |0.00     |3,324.00  |0.00      |0.00      |0         |0           |0        |0.00         |0.00                   |
2016-11-17 |JR707        |3,148.00   |0.00     |0.00     |0.00     |0.00     |3,148.00  |0.00      |0.00      |0         |0           |0        |0.00         |0.00                   |
2016-11-17 |JR709        |3,048.00   |0.00     |0.00     |0.00     |0.00     |3,048.00  |0.00      |0.00      |0         |0           |0        |0.00         |0.00                   |
2016-11-17 |JR711        |3,048.00   |0.00     |0.00     |0.00     |0.00     |3,048.00  |0.00      |0.00      |0         |0           |0        |0.00         |0.00                   |
2016-11-18 |JR701        |3,230.00   |0.00     |0.00     |0.00     |0.00     |3,230.00  |0.00      |0.00      |0         |0           |0        |0.00         |0.00                   |
2016-11-18 |JR703        |3,415.00   |0.00     |0.00     |0.00     |0.00     |3,415.00  |0.00      |0.00      |0         |0           |0        |0.00         |0.00                   |
2016-11-18 |JR705        |3,324.00   |0.00     |0.00     |0.00     |0.00     |3,324.00  |0.00      |0.00      |0         |0           |0        |0.00         |0.00                   |
2016-11-18 |JR707        |3,148.00   |0.00     |0.00     |0.00     |0.00     |3,148.00  |0.00      |0.00      |0         |0           |0        |0.00         |0.00                   |
2016-11-18 |JR709        |3,048.00   |0.00     |0.00     |0.00     |0.00     |3,048.00  |0.00      |0.00      |0         |0           |0        |0.00         |0.00                   |
2016-11-18 |JR711        |3,048.00   |0.00     |0.00     |0.00     |0.00     |3,048.00  |0.00      |0.00      |0         |0           |0        |0.00         |0.00                   |
2016-11-21 |JR701        |3,230.00   |0.00     |0.00     |0.00     |0.00     |3,230.00  |0.00      |0.00      |0         |0           |0        |0.00         |0.00                   |
2016-11-21 |JR703        |3,415.00   |0.00     |0.00     |0.00     |0.00     |3,415.00  |0.00      |0.00      |0         |0           |0        |0.00         |0.00                   |
2016-11-21 |JR705        |3,324.00   |0.00     |0.00     |0.00     |0.00     |3,324.00  |0.00      |0.00      |0         |0           |0        |0.00         |0.00                   |
2016-11-21 |JR707        |3,148.00   |0.00     |0.00     |0.00     |0.00     |3,148.00  |0.00      |0.00      |0         |0           |0        |0.00         |0.00                   |
2016-11-21 |JR709        |3,048.00   |0.00     |0.00     |0.00     |0.00     |3,048.00  |0.00      |0.00      |0         |0           |0        |0.00         |0.00                   |
2016-11-21 |JR711        |3,048.00   |0.00     |0.00     |0.00     |0.00     |3,048.00  |0.00      |0.00      |0         |0           |0        |0.00         |0.00                   |
2016-11-22 |JR701        |3,230.00   |3,314.00 |3,314.00 |3,314.00 |3,314.00 |3,314.00  |84.00     |84.00     |2         |2           |2        |13.26        |0.00                   |
2016-11-22 |JR703        |3,415.00   |0.00     |0.00     |0.00     |0.00     |3,504.00  |89.00     |89.00     |0         |0           |0        |0.00         |0.00                   |
2016-11-22 |JR705        |3,324.00   |3,457.00 |3,457.00 |3,449.00 |3,449.00 |3,453.00  |125.00    |129.00    |4         |2           |2        |27.62        |0.00                   |
2016-11-22 |JR707        |3,148.00   |0.00     |0.00     |0.00     |0.00     |3,270.00  |122.00    |122.00    |0         |0           |0        |0.00         |0.00                   |
2016-11-22 |JR709        |3,048.00   |0.00     |0.00     |0.00     |0.00     |3,166.00  |118.00    |118.00    |0         |0           |0        |0.00         |0.00                   |
2016-11-22 |JR711        |3,048.00   |0.00     |0.00     |0.00     |0.00     |3,166.00  |118.00    |118.00    |0         |0           |0        |0.00         |0.00                   |
2016-11-23 |JR701        |3,314.00   |3,315.00 |3,315.00 |3,315.00 |3,315.00 |3,315.00  |1.00      |1.00      |2         |0           |-2       |13.26        |0.00                   |
2016-11-23 |JR703        |3,504.00   |0.00     |0.00     |0.00     |0.00     |3,505.00  |1.00      |1.00      |0         |0           |0        |0.00         |0.00                   |
2016-11-23 |JR705        |3,453.00   |3,314.00 |3,543.00 |3,314.00 |3,478.00 |3,482.00  |25.00     |29.00     |10        |2           |0        |69.64        |0.00                   |
2016-11-23 |JR707        |3,270.00   |0.00     |0.00     |0.00     |0.00     |3,297.00  |27.00     |27.00     |0         |0           |0        |0.00         |0.00                   |
2016-11-23 |JR709        |3,166.00   |0.00     |0.00     |0.00     |0.00     |3,193.00  |27.00     |27.00     |0         |0           |0        |0.00         |0.00                   |
2016-11-23 |JR711        |3,166.00   |0.00     |0.00     |0.00     |0.00     |3,193.00  |27.00     |27.00     |0         |0           |0        |0.00         |0.00                   |
2016-11-24 |JR701        |3,315.00   |0.00     |0.00     |0.00     |0.00     |3,315.00  |0.00      |0.00      |0         |0           |0        |0.00         |0.00                   |
2016-11-24 |JR703        |3,505.00   |0.00     |0.00     |0.00     |0.00     |3,505.00  |0.00      |0.00      |0         |0           |0        |0.00         |0.00                   |
2016-11-24 |JR705        |3,482.00   |0.00     |0.00     |0.00     |0.00     |3,482.00  |0.00      |0.00      |0         |2           |0        |0.00         |0.00                   |
2016-11-24 |JR707        |3,297.00   |0.00     |0.00     |0.00     |0.00     |3,297.00  |0.00      |0.00      |0         |0           |0        |0.00         |0.00                   |
2016-11-24 |JR709        |3,193.00   |0.00     |0.00     |0.00     |0.00     |3,193.00  |0.00      |0.00      |0         |0           |0        |0.00         |0.00                   |
2016-11-24 |JR711        |3,193.00   |0.00     |0.00     |0.00     |0.00     |3,193.00  |0.00      |0.00      |0         |0           |0        |0.00         |0.00                   |
2016-11-25 |JR701        |3,315.00   |0.00     |0.00     |0.00     |0.00     |3,315.00  |0.00      |0.00      |0         |0           |0        |0.00         |0.00                   |
2016-11-25 |JR703        |3,505.00   |0.00     |0.00     |0.00     |0.00     |3,505.00  |0.00      |0.00      |0         |0           |0        |0.00         |0.00                   |
2016-11-25 |JR705        |3,482.00   |0.00     |0.00     |0.00     |0.00     |3,482.00  |0.00      |0.00      |0         |2           |0        |0.00         |0.00                   |
2016-11-25 |JR707        |3,297.00   |0.00     |0.00     |0.00     |0.00     |3,297.00  |0.00      |0.00      |0         |0           |0        |0.00         |0.00                   |
2016-11-25 |JR709        |3,193.00   |0.00     |0.00     |0.00     |0.00     |3,193.00  |0.00      |0.00      |0         |0           |0        |0.00         |0.00                   |
2016-11-25 |JR711        |3,193.00   |0.00     |0.00     |0.00     |0.00     |3,193.00  |0.00      |0.00      |0         |0           |0        |0.00         |0.00                   |
2016-11-28 |JR701        |3,315.00   |0.00     |0.00     |0.00     |0.00     |3,279.00  |-36.00    |-36.00    |0         |0           |0        |0.00         |0.00                   |
2016-11-28 |JR703        |3,505.00   |0.00     |0.00     |0.00     |0.00     |3,467.00  |-38.00    |-38.00    |0         |0           |0        |0.00         |0.00                   |
2016-11-28 |JR705        |3,482.00   |3,488.00 |3,498.00 |3,345.00 |3,498.00 |3,444.00  |16.00     |-38.00    |6         |4           |2        |41.32        |0.00                   |
2016-11-28 |JR707        |3,297.00   |0.00     |0.00     |0.00     |0.00     |3,261.00  |-36.00    |-36.00    |0         |0           |0        |0.00         |0.00                   |
2016-11-28 |JR709        |3,193.00   |0.00     |0.00     |0.00     |0.00     |3,158.00  |-35.00    |-35.00    |0         |0           |0        |0.00         |0.00                   |
2016-11-28 |JR711        |3,193.00   |0.00     |0.00     |0.00     |0.00     |3,158.00  |-35.00    |-35.00    |0         |0           |0        |0.00         |0.00                   |
2016-11-29 |JR701        |3,279.00   |0.00     |0.00     |0.00     |0.00     |3,252.00  |-27.00    |-27.00    |0         |0           |0        |0.00         |0.00                   |
2016-11-29 |JR703        |3,467.00   |0.00     |0.00     |0.00     |0.00     |3,439.00  |-28.00    |-28.00    |0         |0           |0        |0.00         |0.00                   |
2016-11-29 |JR705        |3,444.00   |3,374.00 |3,498.00 |3,374.00 |3,375.00 |3,416.00  |-69.00    |-28.00    |6         |2           |-2       |40.99        |0.00                   |
2016-11-29 |JR707        |3,261.00   |0.00     |0.00     |0.00     |0.00     |3,234.00  |-27.00    |-27.00    |0         |0           |0        |0.00         |0.00                   |
2016-11-29 |JR709        |3,158.00   |0.00     |0.00     |0.00     |0.00     |3,132.00  |-26.00    |-26.00    |0         |0           |0        |0.00         |0.00                   |
2016-11-29 |JR711        |3,158.00   |0.00     |0.00     |0.00     |0.00     |3,132.00  |-26.00    |-26.00    |0         |0           |0        |0.00         |0.00                   |
2016-11-30 |JR701        |3,252.00   |0.00     |0.00     |0.00     |0.00     |3,252.00  |0.00      |0.00      |0         |0           |0        |0.00         |0.00                   |
2016-11-30 |JR703        |3,439.00   |0.00     |0.00     |0.00     |0.00     |3,439.00  |0.00      |0.00      |0         |0           |0        |0.00         |0.00                   |
2016-11-30 |JR705        |3,416.00   |0.00     |0.00     |0.00     |0.00     |3,416.00  |0.00      |0.00      |0         |2           |0        |0.00         |0.00                   |
2016-11-30 |JR707        |3,234.00   |0.00     |0.00     |0.00     |0.00     |3,234.00  |0.00      |0.00      |0         |0           |0        |0.00         |0.00                   |
2016-11-30 |JR709        |3,132.00   |0.00     |0.00     |0.00     |0.00     |3,132.00  |0.00      |0.00      |0         |0           |0        |0.00         |0.00                   |
2016-11-30 |JR711        |3,132.00   |0.00     |0.00     |0.00     |0.00     |3,132.00  |0.00      |0.00      |0         |0           |0        |0.00         |0.00                   |
2016-12-01 |JR701        |3,252.00   |0.00     |0.00     |0.00     |0.00     |3,252.00  |0.00      |0.00      |0         |0           |0        |0.00         |0.00                   |
2016-12-01 |JR703        |3,439.00   |0.00     |0.00     |0.00     |0.00     |3,439.00  |0.00      |0.00      |0         |0           |0        |0.00         |0.00                   |
2016-12-01 |JR705        |3,416.00   |0.00     |0.00     |0.00     |0.00     |3,416.00  |0.00      |0.00      |0         |2           |0        |0.00         |0.00                   |
2016-12-01 |JR707        |3,234.00   |0.00     |0.00     |0.00     |0.00     |3,234.00  |0.00      |0.00      |0         |0           |0        |0.00         |0.00                   |
2016-12-01 |JR709        |3,132.00   |0.00     |0.00     |0.00     |0.00     |3,132.00  |0.00      |0.00      |0         |0           |0        |0.00         |0.00                   |
2016-12-01 |JR711        |3,132.00   |0.00     |0.00     |0.00     |0.00     |3,132.00  |0.00      |0.00      |0         |0           |0        |0.00         |0.00                   |
2016-12-02 |JR701        |3,252.00   |0.00     |0.00     |0.00     |0.00     |3,252.00  |0.00      |0.00      |0         |0           |0        |0.00         |0.00                   |
2016-12-02 |JR703        |3,439.00   |0.00     |0.00     |0.00     |0.00     |3,439.00  |0.00      |0.00      |0         |0           |0        |0.00         |0.00                   |
2016-12-02 |JR705        |3,416.00   |0.00     |0.00     |0.00     |0.00     |3,416.00  |0.00      |0.00      |0         |2           |0        |0.00         |0.00                   |
2016-12-02 |JR707        |3,234.00   |0.00     |0.00     |0.00     |0.00     |3,234.00  |0.00      |0.00      |0         |0           |0        |0.00         |0.00                   |
2016-12-02 |JR709        |3,132.00   |0.00     |0.00     |0.00     |0.00     |3,132.00  |0.00      |0.00      |0         |0           |0        |0.00         |0.00                   |
2016-12-02 |JR711        |3,132.00   |0.00     |0.00     |0.00     |0.00     |3,132.00  |0.00      |0.00      |0         |0           |0        |0.00         |0.00                   |
2016-12-05 |JR701        |3,252.00   |0.00     |0.00     |0.00     |0.00     |3,252.00  |0.00      |0.00      |0         |0           |0        |0.00         |0.00                   |
2016-12-05 |JR703        |3,439.00   |0.00     |0.00     |0.00     |0.00     |3,439.00  |0.00      |0.00      |0         |0           |0        |0.00         |0.00                   |
2016-12-05 |JR705        |3,416.00   |0.00     |0.00     |0.00     |0.00     |3,416.00  |0.00      |0.00      |0         |2           |0        |0.00         |0.00                   |
2016-12-05 |JR707        |3,234.00   |0.00     |0.00     |0.00     |0.00     |3,234.00  |0.00      |0.00      |0         |0           |0        |0.00         |0.00                   |
2016-12-05 |JR709        |3,132.00   |0.00     |0.00     |0.00     |0.00     |3,132.00  |0.00      |0.00      |0         |0           |0        |0.00         |0.00                   |
2016-12-05 |JR711        |3,132.00   |0.00     |0.00     |0.00     |0.00     |3,132.00  |0.00      |0.00      |0         |0           |0        |0.00         |0.00                   |
2016-12-06 |JR701        |3,252.00   |0.00     |0.00     |0.00     |0.00     |3,303.00  |51.00     |51.00     |0         |0           |0        |0.00         |0.00                   |
2016-12-06 |JR703        |3,439.00   |0.00     |0.00     |0.00     |0.00     |3,493.00  |54.00     |54.00     |0         |0           |0        |0.00         |0.00                   |
2016-12-06 |JR705        |3,416.00   |0.00     |0.00     |0.00     |0.00     |3,416.00  |0.00      |0.00      |0         |2           |0        |0.00         |0.00                   |
2016-12-06 |JR707        |3,234.00   |0.00     |0.00     |0.00     |0.00     |3,285.00  |51.00     |51.00     |0         |0           |0        |0.00         |0.00                   |
2016-12-06 |JR709        |3,132.00   |0.00     |0.00     |0.00     |0.00     |3,181.00  |49.00     |49.00     |0         |0           |0        |0.00         |0.00                   |
2016-12-06 |JR711        |3,132.00   |2,884.00 |3,377.00 |2,884.00 |3,189.00 |3,181.00  |57.00     |49.00     |12        |4           |4        |76.33        |0.00                   |
2016-12-07 |JR701        |3,303.00   |0.00     |0.00     |0.00     |0.00     |3,303.00  |0.00      |0.00      |0         |0           |0        |0.00         |0.00                   |
2016-12-07 |JR703        |3,493.00   |0.00     |0.00     |0.00     |0.00     |3,493.00  |0.00      |0.00      |0         |0           |0        |0.00         |0.00                   |
2016-12-07 |JR705        |3,416.00   |0.00     |0.00     |0.00     |0.00     |3,416.00  |0.00      |0.00      |0         |2           |0        |0.00         |0.00                   |
2016-12-07 |JR707        |3,285.00   |0.00     |0.00     |0.00     |0.00     |3,285.00  |0.00      |0.00      |0         |0           |0        |0.00         |0.00                   |
2016-12-07 |JR709        |3,181.00   |0.00     |0.00     |0.00     |0.00     |3,181.00  |0.00      |0.00      |0         |0           |0        |0.00         |0.00                   |
2016-12-07 |JR711        |3,181.00   |0.00     |0.00     |0.00     |0.00     |3,181.00  |0.00      |0.00      |0         |4           |0        |0.00         |0.00                   |
2016-12-08 |JR701        |3,303.00   |0.00     |0.00     |0.00     |0.00     |3,419.00  |116.00    |116.00    |0         |0           |0        |0.00         |0.00                   |
2016-12-08 |JR703        |3,493.00   |0.00     |0.00     |0.00     |0.00     |3,616.00  |123.00    |123.00    |0         |0           |0        |0.00         |0.00                   |
2016-12-08 |JR705        |3,416.00   |0.00     |0.00     |0.00     |0.00     |3,416.00  |0.00      |0.00      |0         |2           |0        |0.00         |0.00                   |
2016-12-08 |JR707        |3,285.00   |0.00     |0.00     |0.00     |0.00     |3,401.00  |116.00    |116.00    |0         |0           |0        |0.00         |0.00                   |
2016-12-08 |JR709        |3,181.00   |0.00     |0.00     |0.00     |0.00     |3,293.00  |112.00    |112.00    |0         |0           |0        |0.00         |0.00                   |
2016-12-08 |JR711        |3,181.00   |3,214.00 |3,309.00 |3,214.00 |3,304.00 |3,293.00  |123.00    |112.00    |28        |10          |6        |184.42       |0.00                   |
2016-12-09 |JR701        |3,419.00   |0.00     |0.00     |0.00     |0.00     |3,481.00  |62.00     |62.00     |0         |0           |0        |0.00         |0.00                   |
2016-12-09 |JR703        |3,616.00   |0.00     |0.00     |0.00     |0.00     |3,682.00  |66.00     |66.00     |0         |0           |0        |0.00         |0.00                   |
2016-12-09 |JR705        |3,416.00   |3,533.00 |3,533.00 |3,492.00 |3,492.00 |3,513.00  |76.00     |97.00     |4         |4           |2        |28.10        |0.00                   |
2016-12-09 |JR707        |3,401.00   |0.00     |0.00     |0.00     |0.00     |3,498.00  |97.00     |97.00     |0         |0           |0        |0.00         |0.00                   |
2016-12-09 |JR709        |3,293.00   |0.00     |0.00     |0.00     |0.00     |3,387.00  |94.00     |94.00     |0         |0           |0        |0.00         |0.00                   |
2016-12-09 |JR711        |3,293.00   |3,425.00 |3,425.00 |3,225.00 |3,370.00 |3,353.00  |77.00     |60.00     |16        |8           |-2       |107.31       |0.00                   |
2016-12-12 |JR701        |3,481.00   |0.00     |0.00     |0.00     |0.00     |3,481.00  |0.00      |0.00      |0         |0           |0        |0.00         |0.00                   |
2016-12-12 |JR703        |3,682.00   |0.00     |0.00     |0.00     |0.00     |3,787.00  |105.00    |105.00    |0         |0           |0        |0.00         |0.00                   |
2016-12-12 |JR705        |3,513.00   |0.00     |0.00     |0.00     |0.00     |3,513.00  |0.00      |0.00      |0         |4           |0        |0.00         |0.00                   |
2016-12-12 |JR707        |3,498.00   |0.00     |0.00     |0.00     |0.00     |3,598.00  |100.00    |100.00    |0         |0           |0        |0.00         |0.00                   |
2016-12-12 |JR709        |3,387.00   |0.00     |0.00     |0.00     |0.00     |3,484.00  |97.00     |97.00     |0         |0           |0        |0.00         |0.00                   |
2016-12-12 |JR711        |3,353.00   |3,449.00 |3,449.00 |3,449.00 |3,449.00 |3,449.00  |96.00     |96.00     |2         |10          |2        |13.80        |0.00                   |
2016-12-13 |JR701        |3,481.00   |0.00     |0.00     |0.00     |0.00     |3,489.00  |8.00      |8.00      |0         |0           |0        |0.00         |0.00                   |
2016-12-13 |JR703        |3,787.00   |0.00     |0.00     |0.00     |0.00     |3,796.00  |9.00      |9.00      |0         |0           |0        |0.00         |0.00                   |
2016-12-13 |JR705        |3,513.00   |0.00     |0.00     |0.00     |0.00     |3,500.00  |-13.00    |-13.00    |0         |4           |0        |0.00         |0.00                   |
2016-12-13 |JR707        |3,598.00   |0.00     |0.00     |0.00     |0.00     |3,606.00  |8.00      |8.00      |0         |0           |0        |0.00         |0.00                   |
2016-12-13 |JR709        |3,484.00   |0.00     |0.00     |0.00     |0.00     |3,492.00  |8.00      |8.00      |0         |0           |0        |0.00         |0.00                   |
2016-12-13 |JR711        |3,449.00   |3,380.00 |3,474.00 |3,380.00 |3,469.00 |3,457.00  |20.00     |8.00      |12        |12          |2        |82.96        |0.00                   |
2016-12-14 |JR701        |3,489.00   |0.00     |0.00     |0.00     |0.00     |3,489.00  |0.00      |0.00      |0         |0           |0        |0.00         |0.00                   |
2016-12-14 |JR703        |3,796.00   |0.00     |0.00     |0.00     |0.00     |3,794.00  |-2.00     |-2.00     |0         |0           |0        |0.00         |0.00                   |
2016-12-14 |JR705        |3,500.00   |0.00     |0.00     |0.00     |0.00     |3,480.00  |-20.00    |-20.00    |0         |4           |0        |0.00         |0.00                   |
2016-12-14 |JR707        |3,606.00   |0.00     |0.00     |0.00     |0.00     |3,604.00  |-2.00     |-2.00     |0         |0           |0        |0.00         |0.00                   |
2016-12-14 |JR709        |3,492.00   |0.00     |0.00     |0.00     |0.00     |3,490.00  |-2.00     |-2.00     |0         |0           |0        |0.00         |0.00                   |
2016-12-14 |JR711        |3,457.00   |3,490.00 |3,490.00 |3,440.00 |3,440.00 |3,455.00  |-17.00    |-2.00     |8         |12          |0        |55.28        |0.00                   |
2016-12-15 |JR701        |3,489.00   |0.00     |0.00     |0.00     |0.00     |3,489.00  |0.00      |0.00      |0         |0           |0        |0.00         |0.00                   |
2016-12-15 |JR703        |3,794.00   |0.00     |0.00     |0.00     |0.00     |3,737.00  |-57.00    |-57.00    |0         |0           |0        |0.00         |0.00                   |
2016-12-15 |JR705        |3,480.00   |0.00     |0.00     |0.00     |0.00     |3,480.00  |0.00      |0.00      |0         |4           |0        |0.00         |0.00                   |
2016-12-15 |JR707        |3,604.00   |0.00     |0.00     |0.00     |0.00     |3,550.00  |-54.00    |-54.00    |0         |0           |0        |0.00         |0.00                   |
2016-12-15 |JR709        |3,490.00   |0.00     |0.00     |0.00     |0.00     |3,437.00  |-53.00    |-53.00    |0         |0           |0        |0.00         |0.00                   |
2016-12-15 |JR711        |3,455.00   |3,405.00 |3,405.00 |3,400.00 |3,400.00 |3,403.00  |-55.00    |-52.00    |4         |10          |-2       |27.22        |0.00                   |
2016-12-16 |JR701        |3,489.00   |0.00     |0.00     |0.00     |0.00     |3,497.00  |8.00      |8.00      |0         |0           |0        |0.00         |0.00                   |
2016-12-16 |JR703        |3,737.00   |0.00     |0.00     |0.00     |0.00     |3,746.00  |9.00      |9.00      |0         |0           |0        |0.00         |0.00                   |
2016-12-16 |JR705        |3,480.00   |3,488.00 |3,488.00 |3,488.00 |3,488.00 |3,488.00  |8.00      |8.00      |2         |4           |0        |13.95        |0.00                   |
2016-12-16 |JR707        |3,550.00   |0.00     |0.00     |0.00     |0.00     |3,558.00  |8.00      |8.00      |0         |0           |0        |0.00         |0.00                   |
2016-12-16 |JR709        |3,437.00   |0.00     |0.00     |0.00     |0.00     |3,445.00  |8.00      |8.00      |0         |0           |0        |0.00         |0.00                   |
2016-12-16 |JR711        |3,403.00   |0.00     |0.00     |0.00     |0.00     |3,411.00  |8.00      |8.00      |0         |10          |0        |0.00         |0.00                   |
2016-12-19 |JR701        |3,497.00   |0.00     |0.00     |0.00     |0.00     |3,495.00  |-2.00     |-2.00     |0         |0           |0        |0.00         |0.00                   |
2016-12-19 |JR703        |3,746.00   |0.00     |0.00     |0.00     |0.00     |3,744.00  |-2.00     |-2.00     |0         |0           |0        |0.00         |0.00                   |
2016-12-19 |JR705        |3,488.00   |3,534.00 |3,534.00 |3,444.00 |3,459.00 |3,486.00  |-29.00    |-2.00     |10        |4           |0        |69.72        |0.00                   |
2016-12-19 |JR707        |3,558.00   |0.00     |0.00     |0.00     |0.00     |3,556.00  |-2.00     |-2.00     |0         |0           |0        |0.00         |0.00                   |
2016-12-19 |JR709        |3,445.00   |0.00     |0.00     |0.00     |0.00     |3,443.00  |-2.00     |-2.00     |0         |0           |0        |0.00         |0.00                   |
2016-12-19 |JR711        |3,411.00   |3,340.00 |3,340.00 |3,340.00 |3,340.00 |3,340.00  |-71.00    |-71.00    |2         |8           |-2       |13.36        |0.00                   |
2016-12-20 |JR701        |3,495.00   |0.00     |0.00     |0.00     |0.00     |3,460.00  |-35.00    |-35.00    |0         |0           |0        |0.00         |0.00                   |
2016-12-20 |JR703        |3,744.00   |0.00     |0.00     |0.00     |0.00     |3,707.00  |-37.00    |-37.00    |0         |0           |0        |0.00         |0.00                   |
2016-12-20 |JR705        |3,486.00   |3,458.00 |3,458.00 |3,458.00 |3,458.00 |3,458.00  |-28.00    |-28.00    |2         |4           |0        |13.83        |0.00                   |
2016-12-20 |JR707        |3,556.00   |0.00     |0.00     |0.00     |0.00     |3,527.00  |-29.00    |-29.00    |0         |0           |0        |0.00         |0.00                   |
2016-12-20 |JR709        |3,443.00   |0.00     |0.00     |0.00     |0.00     |3,415.00  |-28.00    |-28.00    |0         |0           |0        |0.00         |0.00                   |
2016-12-20 |JR711        |3,340.00   |3,440.00 |3,440.00 |3,269.00 |3,269.00 |3,307.00  |-71.00    |-33.00    |16        |8           |0        |105.82       |0.00                   |
2016-12-21 |JR701        |3,460.00   |0.00     |0.00     |0.00     |0.00     |3,460.00  |0.00      |0.00      |0         |0           |0        |0.00         |0.00                   |
2016-12-21 |JR703        |3,707.00   |0.00     |0.00     |0.00     |0.00     |3,707.00  |0.00      |0.00      |0         |0           |0        |0.00         |0.00                   |
2016-12-21 |JR705        |3,458.00   |3,458.00 |3,458.00 |3,458.00 |3,458.00 |3,458.00  |0.00      |0.00      |2         |2           |-2       |13.83        |0.00                   |
2016-12-21 |JR707        |3,527.00   |0.00     |0.00     |0.00     |0.00     |3,527.00  |0.00      |0.00      |0         |0           |0        |0.00         |0.00                   |
2016-12-21 |JR709        |3,415.00   |0.00     |0.00     |0.00     |0.00     |3,415.00  |0.00      |0.00      |0         |0           |0        |0.00         |0.00                   |
2016-12-21 |JR711        |3,307.00   |0.00     |0.00     |0.00     |0.00     |3,307.00  |0.00      |0.00      |0         |8           |0        |0.00         |0.00                   |
2016-12-22 |JR701        |3,460.00   |0.00     |0.00     |0.00     |0.00     |3,460.00  |0.00      |0.00      |0         |0           |0        |0.00         |0.00                   |
2016-12-22 |JR703        |3,707.00   |0.00     |0.00     |0.00     |0.00     |3,707.00  |0.00      |0.00      |0         |0           |0        |0.00         |0.00                   |
2016-12-22 |JR705        |3,458.00   |0.00     |0.00     |0.00     |0.00     |3,458.00  |0.00      |0.00      |0         |2           |0        |0.00         |0.00                   |
2016-12-22 |JR707        |3,527.00   |0.00     |0.00     |0.00     |0.00     |3,527.00  |0.00      |0.00      |0         |0           |0        |0.00         |0.00                   |
2016-12-22 |JR709        |3,415.00   |0.00     |0.00     |0.00     |0.00     |3,415.00  |0.00      |0.00      |0         |0           |0        |0.00         |0.00                   |
2016-12-22 |JR711        |3,307.00   |0.00     |0.00     |0.00     |0.00     |3,307.00  |0.00      |0.00      |0         |8           |0        |0.00         |0.00                   |
2016-12-23 |JR701        |3,460.00   |0.00     |0.00     |0.00     |0.00     |3,489.00  |29.00     |29.00     |0         |0           |0        |0.00         |0.00                   |
2016-12-23 |JR703        |3,707.00   |0.00     |0.00     |0.00     |0.00     |3,738.00  |31.00     |31.00     |0         |0           |0        |0.00         |0.00                   |
2016-12-23 |JR705        |3,458.00   |3,487.00 |3,488.00 |3,487.00 |3,488.00 |3,487.00  |30.00     |29.00     |8         |4           |2        |55.80        |0.00                   |
2016-12-23 |JR707        |3,527.00   |0.00     |0.00     |0.00     |0.00     |3,557.00  |30.00     |30.00     |0         |0           |0        |0.00         |0.00                   |
2016-12-23 |JR709        |3,415.00   |0.00     |0.00     |0.00     |0.00     |3,444.00  |29.00     |29.00     |0         |0           |0        |0.00         |0.00                   |
2016-12-23 |JR711        |3,307.00   |0.00     |0.00     |0.00     |0.00     |3,307.00  |0.00      |0.00      |0         |8           |0        |0.00         |0.00                   |
2016-12-26 |JR701        |3,489.00   |0.00     |0.00     |0.00     |0.00     |3,489.00  |0.00      |0.00      |0         |0           |0        |0.00         |0.00                   |
2016-12-26 |JR703        |3,738.00   |0.00     |0.00     |0.00     |0.00     |3,738.00  |0.00      |0.00      |0         |0           |0        |0.00         |0.00                   |
2016-12-26 |JR705        |3,487.00   |0.00     |0.00     |0.00     |0.00     |3,484.00  |-3.00     |-3.00     |0         |4           |0        |0.00         |0.00                   |
2016-12-26 |JR707        |3,557.00   |0.00     |0.00     |0.00     |0.00     |3,557.00  |0.00      |0.00      |0         |0           |0        |0.00         |0.00                   |
2016-12-26 |JR709        |3,444.00   |0.00     |0.00     |0.00     |0.00     |3,444.00  |0.00      |0.00      |0         |0           |0        |0.00         |0.00                   |
2016-12-26 |JR711        |3,307.00   |0.00     |0.00     |0.00     |0.00     |3,307.00  |0.00      |0.00      |0         |8           |0        |0.00         |0.00                   |
2016-12-27 |JR701        |3,489.00   |0.00     |0.00     |0.00     |0.00     |3,489.00  |0.00      |0.00      |0         |0           |0        |0.00         |0.00                   |
2016-12-27 |JR703        |3,738.00   |0.00     |0.00     |0.00     |0.00     |3,738.00  |0.00      |0.00      |0         |0           |0        |0.00         |0.00                   |
2016-12-27 |JR705        |3,484.00   |0.00     |0.00     |0.00     |0.00     |3,478.00  |-6.00     |-6.00     |0         |4           |0        |0.00         |0.00                   |
2016-12-27 |JR707        |3,557.00   |0.00     |0.00     |0.00     |0.00     |3,557.00  |0.00      |0.00      |0         |0           |0        |0.00         |0.00                   |
2016-12-27 |JR709        |3,444.00   |0.00     |0.00     |0.00     |0.00     |3,444.00  |0.00      |0.00      |0         |0           |0        |0.00         |0.00                   |
2016-12-27 |JR711        |3,307.00   |0.00     |0.00     |0.00     |0.00     |3,307.00  |0.00      |0.00      |0         |8           |0        |0.00         |0.00                   |
2016-12-28 |JR701        |3,489.00   |0.00     |0.00     |0.00     |0.00     |3,489.00  |0.00      |0.00      |0         |0           |0        |0.00         |0.00                   |
2016-12-28 |JR703        |3,738.00   |0.00     |0.00     |0.00     |0.00     |3,738.00  |0.00      |0.00      |0         |0           |0        |0.00         |0.00                   |
2016-12-28 |JR705        |3,478.00   |0.00     |0.00     |0.00     |0.00     |3,478.00  |0.00      |0.00      |0         |4           |0        |0.00         |0.00                   |
2016-12-28 |JR707        |3,557.00   |0.00     |0.00     |0.00     |0.00     |3,557.00  |0.00      |0.00      |0         |0           |0        |0.00         |0.00                   |
2016-12-28 |JR709        |3,444.00   |0.00     |0.00     |0.00     |0.00     |3,444.00  |0.00      |0.00      |0         |0           |0        |0.00         |0.00                   |
2016-12-28 |JR711        |3,307.00   |0.00     |0.00     |0.00     |0.00     |3,307.00  |0.00      |0.00      |0         |8           |0        |0.00         |0.00                   |
2016-12-29 |JR701        |3,489.00   |0.00     |0.00     |0.00     |0.00     |3,489.00  |0.00      |0.00      |0         |0           |0        |0.00         |0.00                   |
2016-12-29 |JR703        |3,738.00   |0.00     |0.00     |0.00     |0.00     |3,738.00  |0.00      |0.00      |0         |0           |0        |0.00         |0.00                   |
2016-12-29 |JR705        |3,478.00   |0.00     |0.00     |0.00     |0.00     |3,478.00  |0.00      |0.00      |0         |4           |0        |0.00         |0.00                   |
2016-12-29 |JR707        |3,557.00   |0.00     |0.00     |0.00     |0.00     |3,557.00  |0.00      |0.00      |0         |0           |0        |0.00         |0.00                   |
2016-12-29 |JR709        |3,444.00   |0.00     |0.00     |0.00     |0.00     |3,444.00  |0.00      |0.00      |0         |0           |0        |0.00         |0.00                   |
2016-12-29 |JR711        |3,307.00   |0.00     |0.00     |0.00     |0.00     |3,307.00  |0.00      |0.00      |0         |8           |0        |0.00         |0.00                   |
2016-12-30 |JR701        |3,489.00   |0.00     |0.00     |0.00     |0.00     |3,489.00  |0.00      |0.00      |0         |0           |0        |0.00         |0.00                   |
2016-12-30 |JR703        |3,738.00   |0.00     |0.00     |0.00     |0.00     |3,738.00  |0.00      |0.00      |0         |0           |0        |0.00         |0.00                   |
2016-12-30 |JR705        |3,478.00   |0.00     |0.00     |0.00     |0.00     |3,478.00  |0.00      |0.00      |0         |4           |0        |0.00         |0.00                   |
2016-12-30 |JR707        |3,557.00   |0.00     |0.00     |0.00     |0.00     |3,557.00  |0.00      |0.00      |0         |0           |0        |0.00         |0.00                   |
2016-12-30 |JR709        |3,444.00   |0.00     |0.00     |0.00     |0.00     |3,444.00  |0.00      |0.00      |0         |0           |0        |0.00         |0.00                   |
2016-12-30 |JR711        |3,307.00   |0.00     |0.00     |0.00     |0.00     |3,307.00  |0.00      |0.00      |0         |8           |0        |0.00         |0.00                   |

