					CZCE History data(2021ZC)
Trading Day|Contract Code|Prev.Settle|Open     |High     |Low      |Close    |Settlement|Change1   |Change2   |Volume    |OpenInterest|OI Change|Turnover     |DeliverySettlementPrice
2021-01-04 |ZC101        |794.40     |799.60   |799.80   |765.40   |765.40   |781.40    |-29.00    |-13.00    |107       |931         |-64      |836.07       |763.00                 
2021-01-04 |ZC102        |750.00     |745.00   |750.40   |734.60   |748.20   |743.00    |-1.80     |-7.00     |13,021    |19,558      |-1,993   |96,586.17    |                       
2021-01-04 |ZC103        |702.20     |695.60   |702.00   |690.00   |698.80   |694.80    |-3.40     |-7.40     |10,792    |25,917      |18       |74,992.81    |                       
2021-01-04 |ZC104        |679.60     |676.20   |683.20   |669.80   |679.00   |675.80    |-0.60     |-3.80     |1,250     |2,861       |-377     |8,447.56     |                       
2021-01-04 |ZC105        |671.40     |666.00   |676.80   |662.20   |671.40   |669.00    |0.00      |-2.40     |310,820   |172,907     |4,646    |2,079,535.35 |                       
2021-01-04 |ZC106        |667.40     |664.20   |670.40   |658.20   |667.40   |665.00    |0.00      |-2.40     |1,187     |1,009       |780      |7,893.36     |                       
2021-01-04 |ZC107        |662.40     |659.80   |667.40   |654.00   |662.80   |660.60    |0.40      |-1.80     |275       |1,096       |-79      |1,816.75     |                       
2021-01-04 |ZC108        |656.40     |651.20   |654.20   |651.20   |654.20   |652.80    |-2.20     |-3.60     |2         |17          |0        |13.05        |                       
2021-01-04 |ZC109        |648.60     |645.40   |654.00   |640.80   |649.00   |646.40    |0.40      |-2.20     |1,781     |6,739       |89       |11,511.74    |                       
2021-01-04 |ZC110        |637.60     |0.00     |0.00     |0.00     |0.00     |637.60    |0.00      |0.00      |0         |9           |0        |0.00         |                       
2021-01-04 |ZC111        |634.60     |631.80   |638.00   |627.00   |638.00   |631.00    |3.40      |-3.60     |19        |648         |0        |119.88       |                       
2021-01-04 |ZC112        |629.40     |633.80   |634.60   |625.60   |634.20   |632.40    |4.80      |3.00      |6         |799         |0        |37.94        |                       
2021-01-05 |ZC101        |781.40     |760.00   |760.00   |760.00   |760.00   |760.00    |-21.40    |-21.40    |2         |731         |-200     |15.20        |763.80                 
2021-01-05 |ZC102        |743.00     |749.00   |772.00   |749.00   |771.20   |762.40    |28.20     |19.40     |21,885    |19,482      |-76      |166,716.56   |                       
2021-01-05 |ZC103        |694.80     |699.80   |723.00   |698.80   |722.00   |711.60    |27.20     |16.80     |18,226    |26,548      |631      |129,707.14   |                       
2021-01-05 |ZC104        |675.80     |679.00   |698.60   |679.00   |698.20   |689.80    |22.40     |14.00     |1,275     |2,556       |-305     |8,793.94     |                       
2021-01-05 |ZC105        |669.00     |674.00   |689.40   |672.20   |689.20   |681.20    |20.20     |12.20     |568,661   |184,620     |11,713   |3,874,059.22 |                       
2021-01-05 |ZC106        |665.00     |669.20   |682.40   |667.00   |681.80   |675.20    |16.80     |10.20     |6,308     |3,253       |2,244    |42,590.17    |                       
2021-01-05 |ZC107        |660.60     |666.00   |678.20   |663.00   |678.20   |671.20    |17.60     |10.60     |709       |1,179       |83       |4,758.89     |                       
2021-01-05 |ZC108        |652.80     |664.00   |666.20   |662.00   |666.20   |663.60    |13.40     |10.80     |4         |18          |1        |26.54        |                       
2021-01-05 |ZC109        |646.40     |652.60   |664.60   |649.80   |664.40   |657.60    |18.00     |11.20     |2,185     |6,756       |17       |14,370.62    |                       
2021-01-05 |ZC110        |637.60     |643.00   |659.00   |643.00   |651.20   |651.80    |13.60     |14.20     |9         |15          |6        |58.67        |                       
2021-01-05 |ZC111        |631.00     |658.80   |658.80   |636.60   |649.60   |647.80    |18.60     |16.80     |112       |661         |13       |725.44       |                       
2021-01-05 |ZC112        |632.40     |647.20   |647.40   |641.20   |647.40   |644.00    |15.00     |11.60     |12        |797         |-2       |77.27        |                       
2021-01-06 |ZC101        |760.00     |782.40   |782.40   |760.60   |760.60   |765.60    |0.60      |5.60      |625       |107         |-624     |4,697.39     |766.40                 
2021-01-06 |ZC102        |762.40     |773.00   |775.00   |759.40   |770.00   |767.40    |7.60      |5.00      |33,709    |17,325      |-2,157   |252,676.18   |                       
2021-01-06 |ZC103        |711.60     |724.00   |726.80   |711.00   |722.00   |719.20    |10.40     |7.60      |16,775    |25,117      |-1,431   |120,642.69   |                       
2021-01-06 |ZC104        |689.80     |698.20   |702.60   |689.00   |696.00   |695.00    |6.20      |5.20      |748       |2,449       |-107     |5,197.92     |                       
2021-01-06 |ZC105        |681.20     |690.00   |693.00   |675.40   |684.20   |684.00    |3.00      |2.80      |500,010   |187,480     |2,860    |3,419,829.24 |                       
2021-01-06 |ZC106        |675.20     |685.60   |686.20   |668.00   |675.00   |676.20    |-0.20     |1.00      |5,378     |5,058       |1,805    |36,369.78    |                       
2021-01-06 |ZC107        |671.20     |679.40   |681.80   |663.80   |671.60   |672.40    |0.40      |1.20      |543       |1,312       |133      |3,650.89     |                       
2021-01-06 |ZC108        |663.60     |669.00   |669.60   |669.00   |669.60   |669.40    |6.00      |5.80      |2         |19          |1        |13.39        |                       
2021-01-06 |ZC109        |657.60     |665.60   |667.60   |652.60   |659.80   |660.80    |2.20      |3.20      |1,703     |6,816       |60       |11,253.83    |                       
2021-01-06 |ZC110        |651.80     |648.40   |650.00   |648.40   |650.00   |649.20    |-1.80     |-2.60     |2         |16          |1        |12.98        |                       
2021-01-06 |ZC111        |647.80     |642.40   |654.80   |636.00   |648.60   |647.60    |0.80      |-0.20     |35        |662         |1        |226.64       |                       
2021-01-06 |ZC112        |644.00     |634.40   |649.20   |634.40   |647.00   |646.40    |3.00      |2.40      |7         |800         |3        |45.25        |                       
2021-01-07 |ZC101        |765.60     |785.00   |785.00   |785.00   |785.00   |785.00    |19.40     |19.40     |7         |100         |-7       |54.95        |771.80                 
2021-01-07 |ZC102        |767.40     |772.00   |790.80   |770.60   |789.60   |782.40    |22.20     |15.00     |19,217    |12,473      |-4,852   |150,334.46   |                       
2021-01-07 |ZC103        |719.20     |724.60   |745.60   |723.20   |744.20   |736.00    |25.00     |16.80     |18,635    |24,634      |-483     |137,134.94   |                       
2021-01-07 |ZC104        |695.00     |696.20   |719.20   |696.20   |718.40   |707.40    |23.40     |12.40     |1,901     |2,036       |-413     |13,448.53    |                       
2021-01-07 |ZC105        |684.00     |686.80   |707.60   |684.40   |707.40   |694.80    |23.40     |10.80     |552,300   |198,261     |10,781   |3,837,137.81 |                       
2021-01-07 |ZC106        |676.20     |677.80   |696.20   |675.60   |695.60   |683.60    |19.40     |7.40      |8,207     |6,271       |1,213    |56,099.66    |                       
2021-01-07 |ZC107        |672.40     |674.00   |690.40   |671.60   |689.20   |680.80    |16.80     |8.40      |1,531     |1,779       |467      |10,423.26    |                       
2021-01-07 |ZC108        |669.40     |675.00   |678.40   |674.60   |678.40   |676.60    |9.00      |7.20      |4         |21          |2        |27.06        |                       
2021-01-07 |ZC109        |660.80     |661.80   |675.00   |658.60   |674.00   |666.80    |13.20     |6.00      |2,273     |7,275       |459      |15,155.76    |                       
2021-01-07 |ZC110        |649.20     |654.00   |665.40   |654.00   |665.40   |661.60    |16.20     |12.40     |10        |24          |8        |66.16        |                       
2021-01-07 |ZC111        |647.60     |653.60   |658.80   |647.20   |656.40   |657.40    |8.80      |9.80      |311       |422         |-240     |2,044.35     |                       
2021-01-07 |ZC112        |646.40     |647.20   |656.60   |647.20   |655.20   |653.40    |8.80      |7.00      |16        |804         |4        |104.53       |                       
2021-01-08 |ZC101        |785.00     |0.00     |0.00     |0.00     |0.00     |802.00    |17.00     |17.00     |100       |0           |-100     |802.00       |776.60                 
2021-01-08 |ZC102        |782.40     |789.60   |809.60   |784.00   |794.00   |793.40    |11.60     |11.00     |17,080    |8,398       |-4,075   |135,518.66   |                       
2021-01-08 |ZC103        |736.00     |743.20   |771.60   |743.20   |753.20   |753.20    |17.20     |17.20     |22,750    |22,575      |-2,059   |171,148.57   |                       
2021-01-08 |ZC104        |707.40     |720.60   |745.00   |713.40   |722.60   |726.40    |15.20     |19.00     |1,873     |1,947       |-89      |13,605.47    |                       
2021-01-08 |ZC105        |694.80     |707.40   |730.80   |693.80   |704.40   |709.80    |9.60      |15.00     |821,907   |204,714     |6,453    |5,833,794.11 |                       
2021-01-08 |ZC106        |683.60     |696.00   |716.00   |682.80   |692.80   |698.40    |9.20      |14.80     |15,440    |7,512       |1,241    |107,822.20   |                       
2021-01-08 |ZC107        |680.80     |692.00   |708.60   |676.20   |686.20   |692.40    |5.40      |11.60     |1,177     |1,993       |214      |8,150.38     |                       
2021-01-08 |ZC108        |676.60     |676.60   |690.00   |667.20   |682.00   |679.40    |5.40      |2.80      |7         |21          |0        |47.56        |                       
2021-01-08 |ZC109        |666.80     |674.60   |688.80   |660.60   |671.60   |674.60    |4.80      |7.80      |5,267     |8,386       |1,111    |35,530.86    |                       
2021-01-08 |ZC110        |661.60     |662.40   |672.60   |651.80   |651.80   |656.00    |-9.80     |-5.60     |13        |17          |-7       |85.28        |                       
2021-01-08 |ZC111        |657.40     |661.20   |672.20   |651.00   |656.80   |660.40    |-0.60     |3.00      |56        |427         |5        |369.80       |                       
2021-01-08 |ZC112        |653.40     |661.40   |665.40   |650.00   |656.00   |653.20    |2.60      |-0.20     |468       |356         |-448     |3,056.85     |                       
2021-01-11 |ZC102        |793.40     |794.00   |804.00   |783.00   |801.80   |794.40    |8.40      |1.00      |5,038     |7,230       |-1,168   |40,026.29    |                       
2021-01-11 |ZC103        |753.20     |751.80   |768.00   |739.00   |767.00   |754.40    |13.80     |1.20      |18,826    |22,022      |-553     |142,027.35   |                       
2021-01-11 |ZC104        |726.40     |719.60   |733.80   |708.00   |733.80   |721.60    |7.40      |-4.80     |3,525     |2,517       |570      |25,436.03    |                       
2021-01-11 |ZC105        |709.80     |700.00   |718.00   |692.20   |716.40   |706.40    |6.60      |-3.40     |730,330   |218,841     |14,127   |5,159,114.69 |                       
2021-01-11 |ZC106        |698.40     |695.00   |705.20   |680.80   |699.80   |693.80    |1.40      |-4.60     |25,591    |8,103       |591      |177,550.58   |                       
2021-01-11 |ZC107        |692.40     |684.20   |697.00   |675.80   |694.00   |689.80    |1.60      |-2.60     |1,232     |1,861       |-132     |8,499.03     |                       
2021-01-11 |ZC108        |679.40     |675.60   |686.00   |670.60   |679.80   |679.20    |0.40      |-0.20     |6         |19          |-2       |40.75        |                       
2021-01-11 |ZC109        |674.60     |668.60   |676.80   |660.80   |675.40   |671.20    |0.80      |-3.40     |2,719     |8,608       |222      |18,249.52    |                       
2021-01-11 |ZC110        |656.00     |656.80   |656.80   |656.80   |656.80   |656.80    |0.80      |0.80      |1         |16          |-1       |6.57         |                       
2021-01-11 |ZC111        |660.40     |658.80   |661.80   |650.60   |660.40   |656.80    |0.00      |-3.60     |36        |436         |9        |236.45       |                       
2021-01-11 |ZC112        |653.20     |649.00   |660.20   |649.00   |656.40   |652.80    |3.20      |-0.40     |13        |355         |-1       |84.86        |                       
2021-01-11 |ZC201        |653.20     |0.00     |0.00     |0.00     |0.00     |653.20    |0.00      |0.00      |0         |0           |0        |0.00         |                       
2021-01-12 |ZC102        |794.40     |796.40   |804.00   |791.00   |801.80   |798.20    |7.40      |3.80      |3,672     |6,142       |-1,088   |29,311.73    |                       
2021-01-12 |ZC103        |754.40     |768.00   |774.60   |751.80   |773.80   |763.20    |19.40     |8.80      |10,793    |21,898      |-124     |82,364.70    |                       
2021-01-12 |ZC104        |721.60     |734.80   |738.00   |716.60   |738.00   |727.60    |16.40     |6.00      |1,515     |2,669       |152      |11,022.92    |                       
2021-01-12 |ZC105        |706.40     |717.00   |719.80   |697.60   |719.40   |709.80    |13.00     |3.40      |727,325   |233,674     |14,833   |5,163,083.41 |                       
2021-01-12 |ZC106        |693.80     |702.00   |709.60   |682.20   |702.20   |692.20    |8.40      |-1.60     |17,003    |8,617       |514      |117,691.78   |                       
2021-01-12 |ZC107        |689.80     |696.00   |703.60   |676.20   |695.40   |687.80    |5.60      |-2.00     |874       |1,954       |93       |6,011.18     |                       
2021-01-12 |ZC108        |679.20     |681.60   |682.60   |675.20   |682.60   |679.80    |3.40      |0.60      |3         |20          |1        |20.39        |                       
2021-01-12 |ZC109        |671.20     |673.00   |677.00   |658.60   |672.00   |667.60    |0.80      |-3.60     |2,197     |8,861       |253      |14,669.06    |                       
2021-01-12 |ZC110        |656.80     |664.80   |664.80   |664.80   |664.80   |664.80    |8.00      |8.00      |1         |16          |0        |6.65         |                       
2021-01-12 |ZC111        |656.80     |659.60   |659.60   |649.00   |658.00   |654.60    |1.20      |-2.20     |38        |435         |-1       |248.75       |                       
2021-01-12 |ZC112        |652.80     |645.00   |645.60   |645.00   |645.60   |645.40    |-7.20     |-7.40     |2         |356         |1        |12.91        |                       
2021-01-12 |ZC201        |653.20     |660.00   |670.60   |648.80   |656.80   |658.00    |3.60      |4.80      |59        |46          |46       |388.20       |                       
2021-01-13 |ZC102        |798.20     |803.00   |821.80   |802.40   |810.60   |812.80    |12.40     |14.60     |3,644     |4,872       |-1,270   |29,621.33    |                       
2021-01-13 |ZC103        |763.20     |774.60   |788.80   |769.40   |773.00   |779.80    |9.80      |16.60     |14,178    |22,590      |692      |110,477.71   |                       
2021-01-13 |ZC104        |727.60     |739.60   |754.00   |729.00   |731.60   |742.80    |4.00      |15.20     |1,800     |2,689       |20       |13,369.31    |                       
2021-01-13 |ZC105        |709.80     |721.20   |734.00   |702.00   |706.40   |718.00    |-3.40     |8.20      |1,062,937 |247,193     |13,519   |7,631,252.51 |                       
2021-01-13 |ZC106        |692.20     |703.20   |712.60   |680.60   |684.80   |696.00    |-7.40     |3.80      |22,455    |9,530       |913      |156,297.19   |                       
2021-01-13 |ZC107        |687.80     |700.00   |704.80   |674.00   |678.20   |690.60    |-9.60     |2.80      |1,989     |2,529       |575      |13,737.86    |                       
2021-01-13 |ZC108        |679.80     |676.00   |676.00   |672.20   |675.00   |674.40    |-4.80     |-5.40     |7         |18          |-2       |47.21        |                       
2021-01-13 |ZC109        |667.60     |674.40   |681.60   |655.20   |659.20   |668.60    |-8.40     |1.00      |4,290     |9,407       |546      |28,684.68    |                       
2021-01-13 |ZC110        |664.80     |657.20   |657.20   |650.60   |650.60   |653.00    |-14.20    |-11.80    |3         |18          |2        |19.59        |                       
2021-01-13 |ZC111        |654.60     |660.80   |664.00   |641.20   |648.20   |653.00    |-6.40     |-1.60     |145       |455         |20       |946.76       |                       
2021-01-13 |ZC112        |645.40     |656.40   |656.40   |646.00   |646.20   |649.20    |0.80      |3.80      |4         |356         |0        |25.97        |                       
2021-01-13 |ZC201        |658.00     |657.00   |661.00   |638.20   |643.20   |650.00    |-14.80    |-8.00     |128       |138         |92       |831.88       |                       
2021-01-14 |ZC102        |812.80     |812.80   |826.80   |809.80   |824.80   |815.80    |12.00     |3.00      |1,395     |4,496       |-376     |11,380.68    |                       
2021-01-14 |ZC103        |779.80     |774.00   |780.00   |759.40   |765.00   |770.20    |-14.80    |-9.60     |8,302     |20,166      |-2,424   |63,948.27    |                       
2021-01-14 |ZC104        |742.80     |733.60   |740.20   |722.20   |726.80   |730.40    |-16.00    |-12.40    |1,358     |2,692       |3        |9,917.59     |                       
2021-01-14 |ZC105        |718.00     |708.00   |716.80   |698.20   |702.20   |706.80    |-15.80    |-11.20    |720,736   |241,065     |-6,128   |5,094,603.13 |                       
2021-01-14 |ZC106        |696.00     |685.00   |693.40   |676.40   |680.00   |685.20    |-16.00    |-10.80    |16,441    |9,651       |121      |112,659.16   |                       
2021-01-14 |ZC107        |690.60     |681.60   |686.80   |668.20   |673.80   |677.80    |-16.80    |-12.80    |1,195     |2,523       |-6       |8,099.20     |                       
2021-01-14 |ZC108        |674.40     |675.40   |675.80   |660.00   |660.00   |671.80    |-14.40    |-2.60     |4         |15          |-3       |26.87        |                       
2021-01-14 |ZC109        |668.60     |661.00   |666.40   |647.00   |653.00   |658.40    |-15.60    |-10.20    |3,140     |9,405       |-2       |20,671.34    |                       
2021-01-14 |ZC110        |653.00     |649.00   |649.00   |646.20   |646.20   |647.60    |-6.80     |-5.40     |2         |18          |0        |12.95        |                       
2021-01-14 |ZC111        |653.00     |650.40   |652.40   |639.80   |642.40   |645.80    |-10.60    |-7.20     |26        |453         |-2       |167.93       |                       
2021-01-14 |ZC112        |649.20     |633.60   |633.60   |633.60   |633.60   |633.60    |-15.60    |-15.60    |1         |355         |-1       |6.34         |                       
2021-01-14 |ZC201        |650.00     |649.80   |650.20   |634.00   |640.20   |641.40    |-9.80     |-8.60     |60        |170         |32       |384.80       |                       
2021-01-15 |ZC102        |815.80     |826.80   |864.80   |826.80   |864.80   |850.20    |49.00     |34.40     |2,629     |3,958       |-538     |22,349.55    |                       
2021-01-15 |ZC103        |770.20     |769.20   |808.00   |769.00   |803.20   |793.80    |33.00     |23.60     |16,201    |21,071      |905      |128,405.00   |                       
2021-01-15 |ZC104        |730.40     |730.20   |761.80   |729.00   |758.20   |746.80    |27.80     |16.40     |1,516     |2,900       |208      |11,320.56    |                       
2021-01-15 |ZC105        |706.80     |707.00   |732.00   |704.20   |727.20   |720.80    |20.40     |14.00     |911,662   |277,569     |36,504   |6,572,066.13 |                       
2021-01-15 |ZC106        |685.20     |680.60   |703.60   |680.60   |700.40   |694.60    |15.20     |9.40      |12,145    |10,456      |805      |84,352.31    |                       
2021-01-15 |ZC107        |677.80     |679.40   |694.80   |675.00   |691.40   |686.20    |13.60     |8.40      |1,724     |2,715       |192      |11,829.18    |                       
2021-01-15 |ZC108        |671.80     |0.00     |0.00     |0.00     |0.00     |680.00    |8.20      |8.20      |0         |15          |0        |0.00         |                       
2021-01-15 |ZC109        |658.40     |657.60   |674.60   |654.80   |671.80   |666.80    |13.40     |8.40      |5,055     |10,305      |900      |33,701.44    |                       
2021-01-15 |ZC110        |647.60     |0.00     |0.00     |0.00     |0.00     |659.40    |11.80     |11.80     |0         |18          |0        |0.00         |                       
2021-01-15 |ZC111        |645.80     |644.00   |660.80   |643.80   |656.00   |654.80    |10.20     |9.00      |46        |448         |-5       |301.18       |                       
2021-01-15 |ZC112        |633.60     |648.80   |656.80   |648.80   |656.80   |652.80    |23.20     |19.20     |2         |355         |0        |13.06        |                       
2021-01-15 |ZC201        |641.40     |640.20   |657.20   |640.00   |652.20   |651.00    |10.80     |9.60      |113       |178         |8        |735.59       |                       
2021-01-18 |ZC102        |850.20     |865.00   |900.40   |861.20   |896.20   |883.80    |46.00     |33.60     |3,083     |3,160       |-798     |27,248.86    |                       
2021-01-18 |ZC103        |793.80     |805.00   |838.60   |805.00   |818.60   |820.20    |24.80     |26.40     |20,407    |22,263      |1,192    |167,374.47   |                       
2021-01-18 |ZC104        |746.80     |759.00   |775.60   |750.20   |754.40   |763.60    |7.60      |16.80     |3,347     |3,375       |475      |25,556.31    |                       
2021-01-18 |ZC105        |720.80     |725.20   |738.20   |711.20   |717.20   |725.20    |-3.60     |4.40      |948,838   |274,193     |-3,376   |6,880,231.48 |                       
2021-01-18 |ZC106        |694.60     |701.20   |710.20   |686.00   |691.40   |696.00    |-3.20     |1.40      |13,877    |10,820      |364      |96,577.10    |                       
2021-01-18 |ZC107        |686.20     |691.60   |699.00   |677.60   |682.00   |686.00    |-4.20     |-0.20     |1,994     |2,856       |141      |13,678.96    |                       
2021-01-18 |ZC108        |680.00     |679.20   |679.20   |673.60   |674.00   |676.60    |-6.00     |-3.40     |9         |20          |5        |60.90        |                       
2021-01-18 |ZC109        |666.80     |671.80   |678.00   |660.40   |665.00   |668.40    |-1.80     |1.60      |6,067     |11,566      |1,261    |40,547.91    |                       
2021-01-18 |ZC110        |659.40     |654.00   |658.00   |649.80   |653.00   |655.20    |-6.40     |-4.20     |9         |27          |9        |58.96        |                       
2021-01-18 |ZC111        |654.80     |660.80   |664.40   |648.40   |650.00   |655.80    |-4.80     |1.00      |71        |457         |9        |465.56       |                       
2021-01-18 |ZC112        |652.80     |660.60   |660.60   |652.00   |652.60   |655.00    |-0.20     |2.20      |4         |356         |1        |26.20        |                       
2021-01-18 |ZC201        |651.00     |657.40   |661.00   |644.00   |646.00   |652.40    |-5.00     |1.40      |242       |284         |106      |1,578.60     |                       
2021-01-19 |ZC102        |883.80     |895.00   |903.80   |870.00   |898.60   |887.60    |14.80     |3.80      |3,789     |2,434       |-726     |33,628.35    |                       
2021-01-19 |ZC103        |820.20     |818.60   |818.80   |770.80   |770.80   |785.60    |-49.40    |-34.60    |23,700    |19,344      |-2,919   |186,027.78   |                       
2021-01-19 |ZC104        |763.60     |753.60   |754.40   |717.60   |717.60   |729.20    |-46.00    |-34.40    |4,296     |3,946       |571      |31,329.18    |                       
2021-01-19 |ZC105        |725.20     |717.60   |718.00   |681.60   |681.60   |697.00    |-43.60    |-28.20    |916,431   |253,140     |-21,053  |6,386,923.21 |                       
2021-01-19 |ZC106        |696.00     |691.60   |692.00   |657.00   |658.60   |672.00    |-37.40    |-24.00    |21,060    |12,158      |1,338    |141,536.44   |                       
2021-01-19 |ZC107        |686.00     |681.00   |682.80   |650.00   |652.40   |663.60    |-33.60    |-22.40    |1,626     |2,937       |81       |10,791.38    |                       
2021-01-19 |ZC108        |676.60     |668.00   |668.40   |645.80   |646.00   |660.00    |-30.60    |-16.60    |14        |29          |9        |92.40        |                       
2021-01-19 |ZC109        |668.40     |663.60   |664.20   |636.40   |639.60   |648.80    |-28.80    |-19.60    |7,020     |12,237      |671      |45,551.11    |                       
2021-01-19 |ZC110        |655.20     |652.00   |654.40   |627.80   |633.00   |639.40    |-22.20    |-15.80    |404       |53          |26       |2,582.81     |                       
2021-01-19 |ZC111        |655.80     |648.60   |651.80   |628.60   |631.00   |638.00    |-24.80    |-17.80    |230       |508         |51       |1,467.30     |                       
2021-01-19 |ZC112        |655.00     |629.20   |648.60   |626.60   |630.00   |633.80    |-25.00    |-21.20    |29        |373         |17       |183.79       |                       
2021-01-19 |ZC201        |652.40     |646.00   |647.00   |623.80   |627.20   |633.20    |-25.20    |-19.20    |337       |443         |159      |2,133.59     |                       
2021-01-20 |ZC102        |887.60     |891.80   |897.80   |880.20   |888.80   |889.80    |1.20      |2.20      |2,145     |1,698       |-736     |19,085.04    |                       
2021-01-20 |ZC103        |785.60     |763.40   |765.80   |737.40   |758.80   |752.80    |-26.80    |-32.80    |23,333    |15,212      |-4,132   |175,631.71   |                       
2021-01-20 |ZC104        |729.20     |708.00   |710.80   |696.20   |707.00   |704.40    |-22.20    |-24.80    |6,432     |2,807       |-1,139   |45,304.12    |                       
2021-01-20 |ZC105        |697.00     |680.20   |683.00   |672.40   |673.00   |678.20    |-24.00    |-18.80    |672,870   |225,694     |-27,446  |4,563,980.37 |                       
2021-01-20 |ZC106        |672.00     |661.00   |662.80   |651.00   |651.00   |657.60    |-21.00    |-14.40    |19,707    |11,544      |-614     |129,608.99   |                       
2021-01-20 |ZC107        |663.60     |654.40   |658.20   |645.20   |645.60   |651.20    |-18.00    |-12.40    |2,010     |3,172       |235      |13,090.08    |                       
2021-01-20 |ZC108        |660.00     |648.40   |649.80   |642.20   |646.00   |646.40    |-14.00    |-13.60    |48        |36          |7        |310.26       |                       
2021-01-20 |ZC109        |648.80     |640.00   |643.80   |635.20   |635.40   |640.00    |-13.40    |-8.80     |5,677     |12,036      |-201     |36,331.05    |                       
2021-01-20 |ZC110        |639.40     |635.00   |637.00   |630.20   |630.20   |633.60    |-9.20     |-5.80     |41        |59          |6        |259.76       |                       
2021-01-20 |ZC111        |638.00     |632.20   |634.80   |628.00   |629.80   |631.20    |-8.20     |-6.80     |74        |513         |5        |467.15       |                       
2021-01-20 |ZC112        |633.80     |631.00   |631.00   |626.00   |627.40   |627.60    |-6.40     |-6.20     |9         |370         |-3       |56.48        |                       
2021-01-20 |ZC201        |633.20     |628.20   |630.00   |623.20   |624.00   |626.60    |-9.20     |-6.60     |329       |487         |44       |2,061.21     |                       
2021-01-21 |ZC102        |889.80     |887.20   |895.00   |836.40   |836.40   |853.00    |-53.40    |-36.80    |2,461     |1,701       |3        |20,990.63    |                       
2021-01-21 |ZC103        |752.80     |760.00   |766.40   |736.80   |740.00   |750.60    |-12.80    |-2.20     |12,012    |15,078      |-134     |90,162.95    |                       
2021-01-21 |ZC104        |704.40     |708.20   |712.60   |698.20   |700.00   |706.40    |-4.40     |2.00      |3,556     |2,840       |33       |25,118.38    |                       
2021-01-21 |ZC105        |678.20     |675.60   |679.40   |665.60   |667.40   |673.40    |-10.80    |-4.80     |716,120   |235,687     |9,993    |4,821,844.57 |                       
2021-01-21 |ZC106        |657.60     |651.40   |655.80   |641.40   |645.60   |649.80    |-12.00    |-7.80     |14,169    |11,768      |224      |92,081.47    |                       
2021-01-21 |ZC107        |651.20     |644.20   |650.20   |635.60   |638.60   |643.20    |-12.60    |-8.00     |1,277     |3,398       |226      |8,212.42     |                       
2021-01-21 |ZC108        |646.40     |639.80   |647.00   |635.00   |635.00   |643.20    |-11.40    |-3.20     |22        |35          |-1       |141.50       |                       
2021-01-21 |ZC109        |640.00     |637.40   |639.20   |627.60   |630.00   |634.40    |-10.00    |-5.60     |4,815     |12,138      |102      |30,549.72    |                       
2021-01-21 |ZC110        |633.60     |632.60   |634.60   |626.60   |628.80   |631.20    |-4.80     |-2.40     |28        |59          |0        |176.73       |                       
2021-01-21 |ZC111        |631.20     |630.00   |633.20   |623.00   |624.80   |628.40    |-6.40     |-2.80     |89        |544         |31       |559.21       |                       
2021-01-21 |ZC112        |627.60     |626.00   |630.00   |623.60   |623.60   |626.20    |-4.00     |-1.40     |6         |368         |-2       |37.57        |                       
2021-01-21 |ZC201        |626.60     |626.20   |629.20   |619.80   |621.20   |624.60    |-5.40     |-2.00     |523       |675         |188      |3,266.58     |                       
2021-01-22 |ZC102        |853.00     |825.00   |828.00   |776.40   |776.40   |805.60    |-76.60    |-47.40    |1,776     |1,635       |-66      |14,305.70    |                       
2021-01-22 |ZC103        |750.60     |738.60   |741.80   |705.40   |705.40   |723.20    |-45.20    |-27.40    |12,780    |14,803      |-275     |92,435.45    |                       
2021-01-22 |ZC104        |706.40     |699.80   |702.00   |669.00   |674.20   |683.00    |-32.20    |-23.40    |6,442     |3,906       |1,066    |43,993.08    |                       
2021-01-22 |ZC105        |673.40     |666.60   |672.00   |645.80   |650.80   |659.60    |-22.60    |-13.80    |811,060   |248,572     |12,885   |5,350,397.38 |                       
2021-01-22 |ZC106        |649.80     |644.40   |649.60   |625.80   |631.20   |640.00    |-18.60    |-9.80     |23,365    |12,528      |760      |149,531.10   |                       
2021-01-22 |ZC107        |643.20     |640.20   |644.00   |621.00   |626.80   |632.60    |-16.40    |-10.60    |1,527     |3,704       |306      |9,659.74     |                       
2021-01-22 |ZC108        |643.20     |630.00   |632.40   |618.40   |623.80   |623.40    |-19.40    |-19.80    |15        |46          |11       |93.51        |                       
2021-01-22 |ZC109        |634.40     |630.60   |634.00   |614.40   |621.00   |624.80    |-13.40    |-9.60     |6,081     |12,883      |745      |37,993.68    |                       
2021-01-22 |ZC110        |631.20     |628.00   |628.40   |608.00   |613.20   |619.60    |-18.00    |-11.60    |42        |56          |-3       |260.27       |                       
2021-01-22 |ZC111        |628.40     |628.00   |630.80   |610.20   |616.40   |619.60    |-12.00    |-8.80     |128       |565         |21       |793.10       |                       
2021-01-22 |ZC112        |626.20     |625.80   |630.00   |608.80   |615.00   |616.80    |-11.20    |-9.40     |18        |374         |6        |111.03       |                       
2021-01-22 |ZC201        |624.60     |621.80   |625.00   |608.00   |613.80   |615.80    |-10.80    |-8.80     |364       |764         |89       |2,241.63     |                       
2021-01-25 |ZC102        |805.60     |785.00   |789.00   |766.00   |784.00   |777.40    |-21.60    |-28.20    |847       |1,552       |-83      |6,584.61     |                       
2021-01-25 |ZC103        |723.20     |700.40   |717.00   |692.20   |700.00   |702.40    |-23.20    |-20.80    |10,031    |13,620      |-1,183   |70,466.45    |                       
2021-01-25 |ZC104        |683.00     |677.80   |685.80   |669.40   |675.00   |675.60    |-8.00     |-7.40     |5,152     |3,587       |-319     |34,808.78    |                       
2021-01-25 |ZC105        |659.60     |654.20   |659.40   |644.20   |651.20   |652.00    |-8.40     |-7.60     |580,012   |239,799     |-8,773   |3,782,075.34 |                       
2021-01-25 |ZC106        |640.00     |635.60   |639.40   |625.00   |632.60   |632.00    |-7.40     |-8.00     |16,504    |12,710      |182      |104,304.06   |                       
2021-01-25 |ZC107        |632.60     |625.20   |634.00   |619.60   |626.80   |626.40    |-5.80     |-6.20     |1,500     |3,609       |-95      |9,396.58     |                       
2021-01-25 |ZC108        |623.40     |625.80   |630.20   |617.00   |626.00   |625.20    |2.60      |1.80      |11        |48          |2        |68.77        |                       
2021-01-25 |ZC109        |624.80     |621.40   |627.00   |613.20   |620.20   |619.80    |-4.60     |-5.00     |4,453     |13,920      |1,037    |27,600.48    |                       
2021-01-25 |ZC110        |619.60     |615.80   |624.20   |610.40   |610.40   |615.00    |-9.20     |-4.60     |32        |70          |14       |196.83       |                       
2021-01-25 |ZC111        |619.60     |616.80   |621.60   |609.40   |613.80   |614.80    |-5.80     |-4.80     |44        |576         |11       |270.47       |                       
2021-01-25 |ZC112        |616.80     |614.80   |620.40   |610.00   |612.40   |612.40    |-4.40     |-4.40     |594       |600         |226      |3,637.58     |                       
2021-01-25 |ZC201        |615.80     |613.20   |618.00   |606.00   |612.20   |612.40    |-3.60     |-3.40     |238       |776         |12       |1,457.69     |                       
2021-01-26 |ZC102        |777.40     |778.80   |787.80   |777.00   |779.20   |782.40    |1.80      |5.00      |292       |1,450       |-102     |2,284.72     |                       
2021-01-26 |ZC103        |702.40     |697.80   |705.20   |696.00   |698.20   |700.20    |-4.20     |-2.20     |3,566     |13,098      |-522     |24,872.78    |                       
2021-01-26 |ZC104        |675.60     |674.00   |680.00   |671.40   |673.40   |676.20    |-2.20     |0.60      |2,534     |3,849       |262      |17,132.78    |                       
2021-01-26 |ZC105        |652.00     |650.00   |656.80   |648.20   |650.40   |653.00    |-1.60     |1.00      |449,445   |239,176     |-623     |2,934,794.62 |                       
2021-01-26 |ZC106        |632.00     |631.00   |637.20   |629.20   |631.20   |633.60    |-0.80     |1.60      |14,907    |13,066      |356      |94,458.54    |                       
2021-01-26 |ZC107        |626.40     |627.00   |632.00   |624.20   |626.40   |627.80    |0.00      |1.40      |559       |3,586       |-23      |3,509.79     |                       
2021-01-26 |ZC108        |625.20     |625.80   |625.80   |625.80   |625.80   |625.80    |0.60      |0.60      |1         |47          |-1       |6.26         |                       
2021-01-26 |ZC109        |619.80     |619.80   |625.40   |618.40   |618.40   |621.60    |-1.40     |1.80      |2,841     |14,080      |160      |17,658.12    |                       
2021-01-26 |ZC110        |615.00     |0.00     |0.00     |0.00     |0.00     |615.00    |0.00      |0.00      |0         |70          |0        |0.00         |                       
2021-01-26 |ZC111        |614.80     |618.00   |618.00   |615.00   |616.00   |615.40    |1.20      |0.60      |39        |581         |5        |240.04       |                       
2021-01-26 |ZC112        |612.40     |0.00     |0.00     |0.00     |0.00     |612.40    |0.00      |0.00      |0         |600         |0        |0.00         |                       
2021-01-26 |ZC201        |612.40     |613.80   |617.00   |611.20   |611.20   |614.00    |-1.20     |1.60      |220       |818         |42       |1,350.93     |                       
2021-01-27 |ZC102        |782.40     |781.60   |788.60   |781.40   |784.80   |785.20    |2.40      |2.80      |119       |1,378       |-72      |934.29       |                       
2021-01-27 |ZC103        |700.20     |701.00   |713.40   |698.40   |704.80   |705.80    |4.60      |5.60      |5,683     |12,501      |-597     |40,123.09    |                       
2021-01-27 |ZC104        |676.20     |678.80   |683.00   |669.40   |680.40   |676.80    |4.20      |0.60      |2,018     |3,577       |-272     |13,657.29    |                       
2021-01-27 |ZC105        |653.00     |652.40   |658.40   |642.20   |656.40   |652.40    |3.40      |-0.60     |681,721   |241,261     |2,085    |4,447,813.57 |                       
2021-01-27 |ZC106        |633.60     |633.40   |638.60   |622.40   |636.20   |632.20    |2.60      |-1.40     |15,680    |13,403      |337      |99,142.16    |                       
2021-01-27 |ZC107        |627.80     |624.20   |634.00   |617.60   |629.40   |627.00    |1.60      |-0.80     |776       |3,433       |-153     |4,865.46     |                       
2021-01-27 |ZC108        |625.80     |626.00   |630.20   |614.00   |623.60   |625.20    |-2.20     |-0.60     |18        |41          |-6       |112.55       |                       
2021-01-27 |ZC109        |621.60     |620.60   |624.60   |611.00   |621.40   |619.00    |-0.20     |-2.60     |3,767     |14,409      |329      |23,317.32    |                       
2021-01-27 |ZC110        |615.00     |0.00     |0.00     |0.00     |0.00     |616.00    |1.00      |1.00      |0         |70          |0        |0.00         |                       
2021-01-27 |ZC111        |615.40     |617.20   |618.80   |607.60   |616.60   |616.00    |1.20      |0.60      |99        |654         |73       |609.82       |                       
2021-01-27 |ZC112        |612.40     |0.00     |0.00     |0.00     |0.00     |613.60    |1.20      |1.20      |0         |600         |0        |0.00         |                       
2021-01-27 |ZC201        |614.00     |613.20   |616.20   |603.80   |613.00   |610.80    |-1.00     |-3.20     |251       |866         |48       |1,533.21     |                       
2021-01-28 |ZC102        |785.20     |783.00   |786.00   |778.80   |783.80   |783.20    |-1.40     |-2.00     |131       |1,297       |-81      |1,026.08     |                       
2021-01-28 |ZC103        |705.80     |704.60   |707.20   |702.00   |703.20   |704.20    |-2.60     |-1.60     |2,689     |11,286      |-1,215   |18,930.24    |                       
2021-01-28 |ZC104        |676.80     |683.20   |683.20   |675.40   |677.60   |678.20    |0.80      |1.40      |1,353     |3,467       |-110     |9,175.06     |                       
2021-01-28 |ZC105        |652.40     |656.60   |657.40   |648.20   |650.20   |652.80    |-2.20     |0.40      |432,110   |234,305     |-6,956   |2,820,607.47 |                       
2021-01-28 |ZC106        |632.20     |630.60   |636.40   |627.60   |630.20   |632.00    |-2.00     |-0.20     |13,868    |13,764      |361      |87,654.88    |                       
2021-01-28 |ZC107        |627.00     |626.20   |631.00   |622.00   |624.00   |626.20    |-3.00     |-0.80     |493       |3,412       |-21      |3,086.92     |                       
2021-01-28 |ZC108        |625.20     |627.20   |627.20   |617.80   |618.20   |621.00    |-7.00     |-4.20     |6         |42          |1        |37.26        |                       
2021-01-28 |ZC109        |619.00     |620.80   |621.80   |614.00   |615.20   |618.60    |-3.80     |-0.40     |3,159     |15,346      |937      |19,539.65    |                       
2021-01-28 |ZC110        |616.00     |615.40   |615.40   |613.80   |613.80   |614.60    |-2.20     |-1.40     |8         |75          |5        |49.17        |                       
2021-01-28 |ZC111        |616.00     |614.60   |615.80   |610.00   |610.40   |612.20    |-5.60     |-3.80     |53        |622         |-32      |324.45       |                       
2021-01-28 |ZC112        |613.60     |0.00     |0.00     |0.00     |0.00     |611.00    |-2.60     |-2.60     |0         |600         |0        |0.00         |                       
2021-01-28 |ZC201        |610.80     |612.20   |612.40   |606.60   |607.40   |609.80    |-3.40     |-1.00     |111       |857         |-9       |676.83       |                       
2021-01-29 |ZC102        |783.20     |790.00   |795.00   |737.20   |759.80   |778.00    |-23.40    |-5.20     |424       |1,025       |-272     |3,299.01     |                       
2021-01-29 |ZC103        |704.20     |702.40   |702.60   |679.00   |682.20   |689.60    |-22.00    |-14.60    |6,350     |10,550      |-736     |43,855.23    |                       
2021-01-29 |ZC104        |678.20     |675.60   |675.80   |655.40   |656.60   |663.80    |-21.60    |-14.40    |3,554     |3,445       |-22      |23,593.56    |                       
2021-01-29 |ZC105        |652.80     |650.00   |650.00   |629.80   |632.20   |636.60    |-20.60    |-16.20    |712,405   |257,972     |23,667   |4,535,589.35 |                       
2021-01-29 |ZC106        |632.00     |630.00   |630.00   |611.40   |613.80   |616.20    |-18.20    |-15.80    |24,064    |14,533      |769      |148,286.17   |                       
2021-01-29 |ZC107        |626.20     |623.80   |623.80   |606.20   |609.60   |611.80    |-16.60    |-14.40    |2,245     |3,921       |509      |13,732.99    |                       
2021-01-29 |ZC108        |621.00     |615.60   |615.80   |602.60   |607.00   |607.80    |-14.00    |-13.20    |31        |44          |2        |188.42       |                       
2021-01-29 |ZC109        |618.60     |614.60   |615.00   |599.20   |601.00   |605.20    |-17.60    |-13.40    |12,737    |20,015      |4,669    |77,076.26    |                       
2021-01-29 |ZC110        |614.60     |601.40   |603.00   |598.20   |598.20   |602.20    |-16.40    |-12.40    |17        |67          |-8       |102.39       |                       
2021-01-29 |ZC111        |612.20     |607.80   |607.80   |597.00   |597.80   |601.80    |-14.40    |-10.40    |121       |672         |50       |728.13       |                       
2021-01-29 |ZC112        |611.00     |598.00   |599.00   |597.80   |599.00   |598.20    |-12.00    |-12.80    |3         |601         |1        |17.95        |                       
2021-01-29 |ZC201        |609.80     |607.60   |608.00   |594.00   |594.40   |598.00    |-15.40    |-11.80    |684       |1,072       |215      |4,090.81     |                       
2021-02-01 |ZC102        |778.00     |779.40   |779.60   |731.20   |731.20   |743.00    |-46.80    |-35.00    |84        |1,019       |-6       |624.03       |808.60                 
2021-02-01 |ZC103        |689.60     |683.00   |694.00   |662.40   |665.40   |677.40    |-24.20    |-12.20    |6,391     |10,383      |-167     |43,248.03    |                       
2021-02-01 |ZC104        |663.80     |658.80   |664.80   |651.20   |652.80   |657.40    |-11.00    |-6.40     |3,112     |3,848       |403      |20,460.10    |                       
2021-02-01 |ZC105        |636.60     |632.20   |638.20   |629.40   |632.00   |634.60    |-4.60     |-2.00     |380,289   |250,246     |-7,726   |2,413,413.49 |                       
2021-02-01 |ZC106        |616.20     |614.40   |618.40   |610.60   |613.20   |615.40    |-3.00     |-0.80     |13,650    |14,553      |20       |83,999.65    |                       
2021-02-01 |ZC107        |611.80     |611.00   |613.80   |605.80   |607.20   |610.00    |-4.60     |-1.80     |4,682     |4,967       |1,046    |28,561.56    |                       
2021-02-01 |ZC108        |607.80     |610.80   |610.80   |602.80   |603.20   |607.60    |-4.60     |-0.20     |15        |42          |-2       |91.13        |                       
2021-02-01 |ZC109        |605.20     |601.00   |606.40   |598.40   |600.40   |603.20    |-4.80     |-2.00     |6,242     |21,013      |998      |37,649.39    |                       
2021-02-01 |ZC110        |602.20     |603.60   |603.60   |603.60   |603.60   |603.60    |1.40      |1.40      |1         |67          |0        |6.04         |                       
2021-02-01 |ZC111        |601.80     |601.00   |602.00   |596.20   |596.20   |598.80    |-5.60     |-3.00     |49        |692         |20       |293.46       |                       
2021-02-01 |ZC112        |598.20     |597.00   |597.00   |597.00   |597.00   |597.00    |-1.20     |-1.20     |1         |602         |1        |5.97         |                       
2021-02-01 |ZC201        |598.00     |596.20   |599.40   |592.60   |594.40   |596.20    |-3.60     |-1.80     |278       |1,167       |95       |1,657.61     |                       
2021-02-02 |ZC102        |743.00     |730.00   |753.20   |730.00   |751.80   |742.80    |8.80      |-0.20     |83        |1,032       |13       |616.54       |794.00                 
2021-02-02 |ZC103        |677.40     |665.20   |666.20   |636.60   |639.20   |644.40    |-38.20    |-33.00    |10,552    |11,077      |694      |68,213.35    |                       
2021-02-02 |ZC104        |657.40     |652.60   |654.00   |617.80   |622.00   |630.80    |-35.40    |-26.60    |8,018     |3,994       |146      |50,574.49    |                       
2021-02-02 |ZC105        |634.60     |632.20   |634.20   |608.80   |611.80   |619.20    |-22.80    |-15.40    |571,807   |260,754     |10,508   |3,540,196.60 |                       
2021-02-02 |ZC106        |615.40     |614.20   |616.00   |597.60   |602.80   |605.60    |-12.60    |-9.80     |13,887    |13,923      |-630     |84,091.11    |                       
2021-02-02 |ZC107        |610.00     |610.80   |610.80   |593.60   |600.00   |599.20    |-10.00    |-10.80    |9,539     |7,457       |2,490    |57,156.10    |                       
2021-02-02 |ZC108        |607.60     |600.60   |603.80   |591.20   |594.00   |596.80    |-13.60    |-10.80    |70        |46          |4        |417.79       |                       
2021-02-02 |ZC109        |603.20     |601.00   |602.00   |589.20   |595.80   |593.40    |-7.40     |-9.80     |10,811    |23,810      |2,797    |64,144.16    |                       
2021-02-02 |ZC110        |603.60     |592.20   |592.20   |589.00   |589.80   |590.40    |-13.80    |-13.20    |5         |71          |4        |29.52        |                       
2021-02-02 |ZC111        |598.80     |596.60   |597.00   |588.00   |592.00   |590.60    |-6.80     |-8.20     |215       |871         |179      |1,269.68     |                       
2021-02-02 |ZC112        |597.00     |592.20   |594.60   |590.00   |590.80   |592.00    |-6.20     |-5.00     |20        |605         |3        |118.38       |                       
2021-02-02 |ZC201        |596.20     |596.00   |596.00   |585.80   |590.00   |588.80    |-6.20     |-7.40     |699       |1,349       |182      |4,115.82     |                       
2021-02-03 |ZC102        |742.80     |751.60   |751.60   |751.60   |751.60   |751.60    |8.80      |8.80      |1         |1,032       |0        |7.52         |780.20                 
2021-02-03 |ZC103        |644.40     |638.60   |651.80   |637.20   |643.00   |646.20    |-1.40     |1.80      |13,693    |9,662       |-1,415   |90,264.52    |                       
2021-02-03 |ZC104        |630.80     |619.80   |631.60   |618.80   |619.60   |625.00    |-11.20    |-5.80     |2,219     |3,268       |-726     |13,866.56    |                       
2021-02-03 |ZC105        |619.20     |610.20   |617.40   |606.80   |608.40   |612.00    |-10.80    |-7.20     |467,850   |253,715     |-7,039   |2,863,315.05 |                       
2021-02-03 |ZC106        |605.60     |600.60   |608.60   |598.80   |601.80   |603.80    |-3.80     |-1.80     |20,340    |13,158      |-765     |122,805.00   |                       
2021-02-03 |ZC107        |599.20     |598.80   |606.20   |593.60   |599.60   |601.40    |0.40      |2.20      |15,531    |9,877       |2,420    |93,393.79    |                       
2021-02-03 |ZC108        |596.80     |599.00   |599.00   |596.00   |596.00   |597.60    |-0.80     |0.80      |6         |48          |2        |35.86        |                       
2021-02-03 |ZC109        |593.40     |595.00   |599.00   |589.20   |593.00   |594.60    |-0.40     |1.20      |8,938     |24,131      |321      |53,136.92    |                       
2021-02-03 |ZC110        |590.40     |592.00   |593.60   |591.80   |591.80   |592.20    |1.40      |1.80      |8         |79          |8        |47.38        |                       
2021-02-03 |ZC111        |590.60     |594.00   |595.60   |589.20   |593.40   |592.80    |2.80      |2.20      |234       |900         |29       |1,387.13     |                       
2021-02-03 |ZC112        |592.00     |593.60   |594.00   |590.00   |591.20   |592.20    |-0.80     |0.20      |7         |605         |0        |41.45        |                       
2021-02-03 |ZC201        |588.80     |590.00   |594.00   |586.00   |590.20   |589.80    |1.40      |1.00      |328       |1,408       |59       |1,934.40     |                       
2021-02-04 |ZC102        |751.60     |740.20   |755.00   |740.00   |755.00   |742.00    |3.40      |-9.60     |16        |416         |-616     |118.72       |769.20                 
2021-02-04 |ZC103        |646.20     |641.80   |644.20   |633.80   |644.00   |638.80    |-2.20     |-7.40     |3,175     |8,306       |-1,356   |20,280.20    |                       
2021-02-04 |ZC104        |625.00     |621.80   |624.60   |617.40   |623.60   |620.00    |-1.40     |-5.00     |1,448     |2,965       |-303     |8,977.77     |                       
2021-02-04 |ZC105        |612.00     |608.20   |614.20   |606.40   |613.20   |610.20    |1.20      |-1.80     |460,347   |253,941     |226      |2,809,291.81 |                       
2021-02-04 |ZC106        |603.80     |604.60   |608.00   |599.60   |607.60   |603.60    |3.80      |-0.20     |29,074    |13,554      |396      |175,515.65   |                       
2021-02-04 |ZC107        |601.40     |602.20   |606.00   |597.40   |606.00   |601.80    |4.60      |0.40      |14,456    |10,279      |402      |86,985.63    |                       
2021-02-04 |ZC108        |597.60     |598.60   |603.00   |598.60   |600.80   |601.00    |3.20      |3.40      |9         |50          |2        |54.09        |                       
2021-02-04 |ZC109        |594.60     |592.40   |599.80   |591.80   |599.80   |595.80    |5.20      |1.20      |5,124     |24,187      |56       |30,526.44    |                       
2021-02-04 |ZC110        |592.20     |599.00   |599.40   |595.40   |599.00   |597.60    |6.80      |5.40      |14        |87          |8        |83.67        |                       
2021-02-04 |ZC111        |592.80     |592.40   |603.20   |591.40   |598.80   |598.60    |6.00      |5.80      |407       |1,163       |263      |2,436.52     |                       
2021-02-04 |ZC112        |592.20     |592.40   |599.80   |592.40   |597.20   |594.80    |5.00      |2.60      |53        |644         |39       |315.27       |                       
2021-02-04 |ZC201        |589.80     |590.20   |600.00   |588.20   |594.80   |596.20    |5.00      |6.40      |1,170     |1,828       |420      |6,976.48     |                       
2021-02-05 |ZC102        |742.00     |760.00   |760.00   |760.00   |760.00   |760.00    |18.00     |18.00     |16        |0           |-416     |121.60       |764.60                 
2021-02-05 |ZC103        |638.80     |643.20   |653.80   |642.00   |647.60   |648.00    |8.80      |9.20      |3,108     |7,522       |-784     |20,138.42    |                       
2021-02-05 |ZC104        |620.00     |622.80   |629.40   |615.40   |620.20   |624.00    |0.20      |4.00      |1,018     |2,754       |-211     |6,352.57     |                       
2021-02-05 |ZC105        |610.20     |613.40   |619.40   |604.20   |609.40   |613.80    |-0.80     |3.60      |599,738   |254,747     |806      |3,680,613.71 |                       
2021-02-05 |ZC106        |603.60     |608.40   |613.60   |600.20   |605.00   |608.60    |1.40      |5.00      |34,454    |13,432      |-122     |209,680.39   |                       
2021-02-05 |ZC107        |601.80     |608.00   |612.60   |599.80   |604.20   |607.60    |2.40      |5.80      |20,265    |11,340      |1,061    |123,137.56   |                       
2021-02-05 |ZC108        |601.00     |604.40   |608.00   |597.20   |597.20   |602.60    |-3.80     |1.60      |8         |50          |0        |48.21        |                       
2021-02-05 |ZC109        |595.80     |600.00   |605.60   |593.60   |598.40   |600.80    |2.60      |5.00      |6,627     |25,101      |914      |39,812.63    |                       
2021-02-05 |ZC110        |597.60     |599.00   |599.00   |595.60   |595.60   |597.40    |-2.00     |-0.20     |2         |88          |1        |11.95        |                       
2021-02-05 |ZC111        |598.60     |598.60   |604.00   |594.40   |596.80   |599.80    |-1.80     |1.20      |138       |1,134       |-29      |827.84       |                       
2021-02-05 |ZC112        |594.80     |598.00   |601.00   |594.60   |594.80   |600.80    |0.00      |6.00      |317       |337         |-307     |1,904.31     |                       
2021-02-05 |ZC201        |596.20     |595.00   |600.00   |592.00   |596.60   |597.40    |0.40      |1.20      |592       |1,899       |71       |3,536.87     |                       
2021-02-08 |ZC103        |648.00     |648.80   |651.00   |637.00   |640.20   |642.20    |-7.80     |-5.80     |2,962     |6,742       |-780     |19,019.12    |                       
2021-02-08 |ZC104        |624.00     |619.40   |626.60   |616.00   |617.00   |620.80    |-7.00     |-3.20     |1,200     |2,379       |-375     |7,449.58     |                       
2021-02-08 |ZC105        |613.80     |610.00   |618.20   |603.00   |610.20   |611.20    |-3.60     |-2.60     |673,397   |254,453     |-294     |4,116,246.20 |                       
2021-02-08 |ZC106        |608.60     |605.60   |614.20   |599.60   |607.60   |607.80    |-1.00     |-0.80     |34,717    |13,522      |90       |211,024.76   |                       
2021-02-08 |ZC107        |607.60     |604.60   |613.40   |599.20   |607.20   |607.20    |-0.40     |-0.40     |22,236    |11,936      |596      |135,026.69   |                       
2021-02-08 |ZC108        |602.60     |604.20   |605.00   |602.60   |605.00   |604.60    |2.40      |2.00      |10        |52          |2        |60.46        |                       
2021-02-08 |ZC109        |600.80     |599.20   |607.20   |593.20   |602.20   |601.20    |1.40      |0.40      |7,944     |25,626      |525      |47,763.32    |                       
2021-02-08 |ZC110        |597.40     |602.20   |602.20   |600.00   |600.00   |601.20    |2.60      |3.80      |2         |89          |1        |12.02        |                       
2021-02-08 |ZC111        |599.80     |599.00   |605.60   |593.60   |599.80   |602.40    |0.00      |2.60      |128       |1,086       |-48      |771.18       |                       
2021-02-08 |ZC112        |600.80     |593.00   |602.60   |593.00   |602.40   |600.20    |1.60      |-0.60     |4         |334         |-3       |24.00        |                       
2021-02-08 |ZC201        |597.40     |596.00   |601.80   |592.00   |597.80   |598.60    |0.40      |1.20      |595       |1,783       |-116     |3,562.20     |                       
2021-02-08 |ZC202        |597.40     |614.00   |614.00   |614.00   |614.00   |614.00    |16.60     |16.60     |1         |1           |1        |6.14         |                       
2021-02-09 |ZC103        |642.20     |638.80   |648.00   |636.40   |648.00   |642.00    |5.80      |-0.20     |2,074     |6,082       |-660     |13,316.87    |                       
2021-02-09 |ZC104        |620.80     |617.00   |629.00   |617.00   |623.80   |623.60    |3.00      |2.80      |706       |2,601       |222      |4,402.36     |                       
2021-02-09 |ZC105        |611.20     |609.00   |623.20   |608.20   |619.40   |615.20    |8.20      |4.00      |486,893   |237,029     |-17,424  |2,995,459.01 |                       
2021-02-09 |ZC106        |607.80     |605.80   |621.00   |605.80   |618.00   |613.80    |10.20     |6.00      |26,909    |12,023      |-1,499   |165,176.76   |                       
2021-02-09 |ZC107        |607.20     |607.00   |620.80   |606.20   |617.60   |612.60    |10.40     |5.40      |14,647    |12,510      |574      |89,738.73    |                       
2021-02-09 |ZC108        |604.60     |604.80   |612.80   |604.80   |612.80   |607.80    |8.20      |3.20      |8         |48          |-4       |48.62        |                       
2021-02-09 |ZC109        |601.20     |600.40   |614.80   |600.00   |612.20   |606.00    |11.00     |4.80      |7,371     |25,553      |-73      |44,673.31    |                       
2021-02-09 |ZC110        |601.20     |604.20   |611.60   |604.20   |611.60   |607.20    |10.40     |6.00      |3         |88          |-1       |18.21        |                       
2021-02-09 |ZC111        |602.40     |602.60   |613.80   |601.80   |609.60   |607.00    |7.20      |4.60      |99        |1,000       |-86      |600.97       |                       
2021-02-09 |ZC112        |600.20     |600.60   |610.40   |600.60   |610.00   |610.00    |9.80      |9.80      |1,008     |1,332       |998      |6,148.43     |                       
2021-02-09 |ZC201        |598.60     |598.60   |609.00   |597.00   |605.80   |602.20    |7.20      |3.60      |397       |1,639       |-144     |2,390.57     |                       
2021-02-09 |ZC202        |614.00     |0.00     |0.00     |0.00     |0.00     |614.00    |0.00      |0.00      |0         |1           |0        |0.00         |                       
2021-02-10 |ZC103        |642.00     |645.40   |648.00   |641.20   |647.60   |645.20    |5.60      |3.20      |732       |5,827       |-255     |4,722.58     |                       
2021-02-10 |ZC104        |623.60     |622.60   |635.20   |620.80   |634.00   |627.60    |10.40     |4.00      |694       |2,626       |25       |4,354.86     |                       
2021-02-10 |ZC105        |615.20     |617.20   |630.60   |615.20   |630.40   |622.00    |15.20     |6.80      |429,543   |207,327     |-29,702  |2,671,969.34 |                       
2021-02-10 |ZC106        |613.80     |616.20   |628.40   |613.20   |627.20   |618.80    |13.40     |5.00      |32,523    |11,475      |-548     |201,279.84   |                       
2021-02-10 |ZC107        |612.60     |619.80   |628.00   |613.20   |626.40   |619.20    |13.80     |6.60      |16,312    |12,591      |81       |100,987.53   |                       
2021-02-10 |ZC108        |607.80     |613.00   |620.60   |613.00   |620.60   |618.60    |12.80     |10.80     |4         |45          |-3       |24.74        |                       
2021-02-10 |ZC109        |606.00     |611.40   |619.40   |606.80   |619.00   |613.20    |13.00     |7.20      |5,915     |24,560      |-993     |36,269.59    |                       
2021-02-10 |ZC110        |607.20     |0.00     |0.00     |0.00     |0.00     |617.80    |10.60     |10.60     |0         |88          |0        |0.00         |                       
2021-02-10 |ZC111        |607.00     |611.00   |617.80   |607.40   |617.00   |614.00    |10.00     |7.00      |29        |976         |-24      |178.04       |                       
2021-02-10 |ZC112        |610.00     |604.40   |606.00   |604.40   |606.00   |605.20    |-4.00     |-4.80     |2         |1,331       |-1       |12.10        |                       
2021-02-10 |ZC201        |602.20     |605.00   |612.80   |602.60   |612.60   |607.20    |10.40     |5.00      |309       |1,594       |-45      |1,876.47     |                       
2021-02-10 |ZC202        |614.00     |0.00     |0.00     |0.00     |0.00     |614.00    |0.00      |0.00      |0         |1           |0        |0.00         |                       
2021-02-18 |ZC103        |645.20     |637.00   |637.00   |606.40   |608.80   |620.00    |-36.40    |-25.20    |4,719     |5,291       |-536     |29,257.95    |                       
2021-02-18 |ZC104        |627.60     |621.20   |625.00   |598.40   |603.00   |608.80    |-24.60    |-18.80    |789       |2,582       |-44      |4,803.85     |                       
2021-02-18 |ZC105        |622.00     |619.00   |623.00   |595.20   |602.00   |605.20    |-20.00    |-16.80    |498,839   |246,071     |38,744   |3,018,867.36 |                       
2021-02-18 |ZC106        |618.80     |625.00   |625.00   |596.60   |603.00   |603.00    |-15.80    |-15.80    |17,759    |11,760      |285      |107,090.31   |                       
2021-02-18 |ZC107        |619.20     |620.00   |621.80   |597.20   |604.40   |602.60    |-14.80    |-16.60    |13,819    |13,767      |1,176    |83,284.85    |                       
2021-02-18 |ZC108        |618.60     |617.40   |617.40   |595.60   |597.60   |601.60    |-21.00    |-17.00    |23        |42          |-3       |138.39       |                       
2021-02-18 |ZC109        |613.20     |612.00   |612.00   |592.00   |598.80   |597.80    |-14.40    |-15.40    |11,967    |28,114      |3,554    |71,547.53    |                       
2021-02-18 |ZC110        |617.80     |601.00   |601.00   |595.60   |595.60   |598.20    |-22.20    |-19.60    |3         |88          |0        |17.95        |                       
2021-02-18 |ZC111        |614.00     |611.80   |611.80   |593.20   |600.80   |597.40    |-13.20    |-16.60    |145       |1,082       |106      |866.11       |                       
2021-02-18 |ZC112        |605.20     |607.00   |607.00   |597.40   |597.40   |601.20    |-7.80     |-4.00     |4         |1,332       |1        |24.05        |                       
2021-02-18 |ZC201        |607.20     |613.60   |613.60   |591.00   |597.80   |596.80    |-9.40     |-10.40    |847       |1,903       |309      |5,054.81     |                       
2021-02-18 |ZC202        |614.00     |600.20   |600.20   |591.20   |593.40   |594.80    |-20.60    |-19.20    |5         |4           |3        |29.74        |                       
2021-02-19 |ZC103        |620.00     |605.20   |613.20   |600.40   |600.80   |606.60    |-19.20    |-13.40    |1,702     |5,115       |-176     |10,323.94    |                       
2021-02-19 |ZC104        |608.80     |604.00   |616.60   |601.40   |607.80   |606.80    |-1.00     |-2.00     |518       |2,531       |-51      |3,143.44     |                       
2021-02-19 |ZC105        |605.20     |601.40   |608.80   |600.20   |603.80   |604.40    |-1.40     |-0.80     |518,259   |261,686     |15,615   |3,132,815.42 |                       
2021-02-19 |ZC106        |603.00     |602.80   |611.40   |599.00   |607.80   |606.40    |4.80      |3.40      |19,838    |12,215      |455      |120,316.32   |                       
2021-02-19 |ZC107        |602.60     |602.00   |613.00   |600.20   |609.40   |608.20    |6.80      |5.60      |16,241    |15,228      |1,461    |98,776.91    |                       
2021-02-19 |ZC108        |601.60     |606.60   |609.20   |602.00   |607.20   |605.80    |5.60      |4.20      |33        |50          |8        |199.92       |                       
2021-02-19 |ZC109        |597.80     |598.60   |606.00   |596.60   |602.00   |601.80    |4.20      |4.00      |14,210    |29,949      |1,835    |85,517.22    |                       
2021-02-19 |ZC110        |598.20     |600.40   |606.40   |600.40   |604.00   |603.80    |5.80      |5.60      |4         |88          |0        |24.15        |                       
2021-02-19 |ZC111        |597.40     |603.80   |606.20   |599.40   |603.40   |602.00    |6.00      |4.60      |68        |1,116       |34       |409.38       |                       
2021-02-19 |ZC112        |601.20     |602.00   |602.20   |600.00   |600.00   |601.00    |-1.20     |-0.20     |8         |1,332       |0        |48.08        |                       
2021-02-19 |ZC201        |596.80     |596.00   |603.80   |596.00   |600.80   |600.40    |4.00      |3.60      |681       |2,019       |116      |4,088.72     |                       
2021-02-19 |ZC202        |594.80     |599.80   |602.20   |599.40   |600.80   |600.60    |6.00      |5.80      |9         |7           |3        |54.05        |                       
2021-02-22 |ZC103        |606.60     |604.60   |606.40   |586.40   |586.40   |596.80    |-20.20    |-9.80     |1,744     |4,765       |-350     |10,407.92    |                       
2021-02-22 |ZC104        |606.80     |606.20   |607.40   |595.00   |595.80   |600.40    |-11.00    |-6.40     |902       |2,532       |1        |5,416.43     |                       
2021-02-22 |ZC105        |604.40     |602.20   |608.00   |593.00   |601.80   |601.20    |-2.60     |-3.20     |725,073   |272,601     |10,915   |4,359,200.17 |                       
2021-02-22 |ZC106        |606.40     |606.40   |614.00   |599.20   |612.40   |609.00    |6.00      |2.60      |30,740    |11,239      |-976     |187,228.69   |                       
2021-02-22 |ZC107        |608.20     |608.00   |615.80   |601.00   |614.20   |610.60    |6.00      |2.40      |28,747    |16,859      |1,631    |175,526.94   |                       
2021-02-22 |ZC108        |605.80     |599.20   |609.80   |598.80   |608.60   |604.20    |2.80      |-1.60     |549       |48          |-2       |3,316.76     |                       
2021-02-22 |ZC109        |601.80     |601.20   |609.00   |595.00   |606.40   |603.20    |4.60      |1.40      |30,667    |35,494      |5,545    |184,984.01   |                       
2021-02-22 |ZC110        |603.80     |600.60   |606.00   |600.60   |606.00   |603.40    |2.20      |-0.40     |3         |87          |-1       |18.10        |                       
2021-02-22 |ZC111        |602.00     |597.20   |610.00   |597.20   |609.20   |605.00    |7.20      |3.00      |66        |1,129       |13       |399.24       |                       
2021-02-22 |ZC112        |601.00     |597.60   |608.20   |597.60   |607.60   |601.40    |6.60      |0.40      |485       |1,331       |-1       |2,916.46     |                       
2021-02-22 |ZC201        |600.40     |603.20   |608.80   |594.20   |606.00   |602.40    |5.60      |2.00      |1,618     |2,278       |259      |9,745.93     |                       
2021-02-22 |ZC202        |600.60     |605.00   |605.00   |605.00   |605.00   |605.00    |4.40      |4.40      |1         |8           |1        |6.05         |                       
2021-02-23 |ZC103        |596.80     |585.00   |588.00   |572.00   |583.40   |581.20    |-13.40    |-15.60    |2,180     |5,164       |399      |12,671.36    |                       
2021-02-23 |ZC104        |600.40     |591.80   |599.40   |584.00   |597.60   |592.80    |-2.80     |-7.60     |1,208     |2,972       |440      |7,161.43     |                       
2021-02-23 |ZC105        |601.20     |599.00   |609.40   |588.20   |605.00   |598.60    |3.80      |-2.60     |712,338   |275,419     |2,818    |4,264,407.42 |                       
2021-02-23 |ZC106        |609.00     |610.60   |618.20   |600.20   |614.00   |607.40    |5.00      |-1.60     |26,950    |10,779      |-460     |163,684.26   |                       
2021-02-23 |ZC107        |610.60     |612.00   |620.60   |602.20   |617.60   |610.40    |7.00      |-0.20     |24,988    |17,859      |1,000    |152,509.15   |                       
2021-02-23 |ZC108        |604.20     |603.60   |612.60   |592.80   |610.60   |602.40    |6.40      |-1.80     |404       |72          |24       |2,433.72     |                       
2021-02-23 |ZC109        |603.20     |605.00   |613.20   |595.60   |610.00   |604.00    |6.80      |0.80      |34,429    |36,874      |1,380    |207,945.70   |                       
2021-02-23 |ZC110        |603.40     |602.00   |613.60   |602.00   |613.60   |609.80    |10.20     |6.40      |4         |90          |3        |24.39        |                       
2021-02-23 |ZC111        |605.00     |606.40   |615.80   |598.80   |613.20   |605.00    |8.20      |0.00      |248       |1,188       |59       |1,500.14     |                       
2021-02-23 |ZC112        |601.40     |613.60   |616.60   |598.80   |599.00   |605.00    |-2.40     |3.60      |320       |1,331       |0        |1,936.22     |                       
2021-02-23 |ZC201        |602.40     |605.00   |615.00   |599.20   |614.00   |606.80    |11.60     |4.40      |2,005     |2,763       |485      |12,164.29    |                       
2021-02-23 |ZC202        |605.00     |609.00   |610.60   |609.00   |610.60   |609.60    |5.60      |4.60      |3         |10          |2        |18.29        |                       
2021-02-24 |ZC103        |581.20     |584.00   |594.80   |582.20   |591.60   |588.00    |10.40     |6.80      |1,485     |5,464       |300      |8,730.33     |                       
2021-02-24 |ZC104        |592.80     |596.80   |604.00   |591.60   |599.20   |597.80    |6.40      |5.00      |773       |3,166       |194      |4,621.39     |                       
2021-02-24 |ZC105        |598.60     |605.00   |614.20   |601.60   |610.20   |607.60    |11.60     |9.00      |668,525   |277,259     |1,840    |4,061,504.15 |                       
2021-02-24 |ZC106        |607.40     |614.00   |619.80   |610.00   |617.80   |614.00    |10.40     |6.60      |11,105    |10,407      |-372     |68,174.47    |                       
2021-02-24 |ZC107        |610.40     |615.00   |622.80   |612.80   |620.00   |617.00    |9.60      |6.60      |15,393    |17,644      |-215     |94,969.73    |                       
2021-02-24 |ZC108        |602.40     |613.60   |616.40   |608.20   |609.80   |612.60    |7.40      |10.20     |22        |72          |0        |134.77       |                       
2021-02-24 |ZC109        |604.00     |609.40   |614.20   |604.00   |610.40   |608.60    |6.40      |4.60      |29,204    |38,561      |1,687    |177,759.60   |                       
2021-02-24 |ZC110        |609.80     |612.40   |612.80   |603.60   |609.40   |609.80    |-0.40     |0.00      |19        |78          |-12      |115.86       |                       
2021-02-24 |ZC111        |605.00     |613.60   |616.00   |605.00   |610.60   |612.80    |5.60      |7.80      |232       |1,133       |-55      |1,421.58     |                       
2021-02-24 |ZC112        |605.00     |606.60   |609.40   |606.60   |608.60   |606.80    |3.60      |1.80      |27        |1,357       |26       |163.83       |                       
2021-02-24 |ZC201        |606.80     |614.40   |616.00   |606.00   |609.80   |610.00    |3.00      |3.20      |1,838     |3,051       |288      |11,210.17    |                       
2021-02-24 |ZC202        |609.60     |609.00   |610.40   |605.20   |607.40   |607.60    |-2.20     |-2.00     |13        |18          |8        |78.99        |                       
2021-02-25 |ZC103        |588.00     |589.20   |597.20   |581.00   |592.20   |591.80    |4.20      |3.80      |2,776     |5,971       |507      |16,430.77    |                       
2021-02-25 |ZC104        |597.80     |601.00   |611.00   |598.80   |605.80   |604.40    |8.00      |6.60      |1,173     |3,556       |390      |7,089.11     |                       
2021-02-25 |ZC105        |607.60     |610.60   |625.20   |608.80   |619.60   |617.00    |12.00     |9.40      |668,924   |274,019     |-3,240   |4,127,828.43 |                       
2021-02-25 |ZC106        |614.00     |618.20   |631.20   |612.00   |626.40   |621.20    |12.40     |7.20      |14,803    |10,785      |378      |91,959.16    |                       
2021-02-25 |ZC107        |617.00     |620.80   |634.40   |615.20   |629.60   |624.80    |12.60     |7.80      |21,739    |18,899      |1,255    |135,815.97   |                       
2021-02-25 |ZC108        |612.60     |612.20   |622.40   |612.20   |622.40   |620.40    |9.80      |7.80      |13        |71          |-1       |80.66        |                       
2021-02-25 |ZC109        |608.60     |611.60   |625.40   |610.40   |620.00   |616.80    |11.40     |8.20      |34,776    |39,676      |1,115    |214,488.01   |                       
2021-02-25 |ZC110        |609.80     |613.40   |624.40   |612.40   |624.40   |614.20    |14.60     |4.40      |23        |69          |-9       |141.27       |                       
2021-02-25 |ZC111        |612.80     |615.00   |626.40   |612.60   |622.00   |618.00    |9.20      |5.20      |338       |1,060       |-73      |2,088.64     |                       
2021-02-25 |ZC112        |606.80     |616.80   |620.00   |616.80   |620.00   |618.80    |13.20     |12.00     |44        |1,327       |-30      |272.25       |                       
2021-02-25 |ZC201        |610.00     |611.00   |627.60   |610.40   |625.80   |619.00    |15.80     |9.00      |2,686     |3,971       |920      |16,627.94    |                       
2021-02-25 |ZC202        |607.60     |609.00   |623.80   |609.00   |623.80   |616.60    |16.20     |9.00      |9         |18          |0        |55.49        |                       
2021-02-26 |ZC103        |591.80     |589.00   |617.80   |580.60   |588.00   |593.80    |-3.80     |2.00      |1,207     |5,573       |-398     |7,166.37     |                       
2021-02-26 |ZC104        |604.40     |605.80   |609.80   |591.00   |594.20   |599.20    |-10.20    |-5.20     |472       |3,457       |-99      |2,828.31     |                       
2021-02-26 |ZC105        |617.00     |617.80   |623.80   |602.00   |608.80   |612.40    |-8.20     |-4.60     |653,973   |258,678     |-15,341  |4,004,344.79 |                       
2021-02-26 |ZC106        |621.20     |626.60   |631.00   |609.80   |616.40   |620.40    |-4.80     |-0.80     |16,569    |10,268      |-517     |102,805.51   |                       
2021-02-26 |ZC107        |624.80     |630.60   |634.20   |613.60   |619.20   |623.80    |-5.60     |-1.00     |25,705    |18,902      |3        |160,361.81   |                       
2021-02-26 |ZC108        |620.40     |617.60   |617.60   |612.60   |612.60   |614.40    |-7.80     |-6.00     |3         |71          |0        |18.43        |                       
2021-02-26 |ZC109        |616.80     |620.00   |624.80   |602.80   |610.60   |613.20    |-6.20     |-3.60     |38,251    |40,422      |746      |234,537.84   |                       
2021-02-26 |ZC110        |614.20     |610.40   |610.40   |610.40   |610.40   |610.40    |-3.80     |-3.80     |1         |69          |0        |6.10         |                       
2021-02-26 |ZC111        |618.00     |624.40   |626.60   |607.00   |613.40   |616.60    |-4.60     |-1.40     |201       |1,179       |119      |1,239.52     |                       
2021-02-26 |ZC112        |618.80     |624.40   |625.00   |610.20   |616.80   |616.60    |-2.00     |-2.20     |13        |1,327       |0        |80.16        |                       
2021-02-26 |ZC201        |619.00     |629.00   |629.00   |610.80   |617.40   |620.80    |-1.60     |1.80      |2,638     |4,350       |379      |16,375.19    |                       
2021-02-26 |ZC202        |616.60     |618.60   |618.60   |618.60   |618.60   |618.60    |2.00      |2.00      |1         |18          |0        |6.19         |                       
2021-03-01 |ZC103        |593.80     |568.00   |606.00   |568.00   |600.00   |584.00    |6.20      |-9.80     |297       |5,609       |36       |1,734.73     |605.00                 
2021-03-01 |ZC104        |599.20     |596.00   |622.40   |596.00   |619.40   |609.60    |20.20     |10.40     |953       |3,067       |-390     |5,809.73     |                       
2021-03-01 |ZC105        |612.40     |605.60   |635.00   |605.60   |631.40   |622.00    |19.00     |9.60      |773,645   |270,477     |11,799   |4,812,661.21 |                       
2021-03-01 |ZC106        |620.40     |616.60   |642.80   |612.40   |639.80   |630.20    |19.40     |9.80      |14,738    |10,381      |113      |92,867.12    |                       
2021-03-01 |ZC107        |623.80     |616.00   |645.60   |616.00   |642.40   |633.60    |18.60     |9.80      |27,310    |18,935      |33       |173,029.91   |                       
2021-03-01 |ZC108        |614.40     |613.00   |640.20   |613.00   |637.60   |627.00    |23.20     |12.60     |2,957     |402         |331      |18,539.68    |                       
2021-03-01 |ZC109        |613.20     |610.00   |637.60   |607.80   |635.00   |624.80    |21.80     |11.60     |47,250    |42,379      |1,957    |295,179.72   |                       
2021-03-01 |ZC110        |610.40     |626.40   |626.40   |624.00   |624.00   |625.20    |13.60     |14.80     |3         |69          |0        |18.76        |                       
2021-03-01 |ZC111        |616.60     |611.20   |643.00   |611.20   |639.80   |626.80    |23.20     |10.20     |95        |1,194       |15       |595.43       |                       
2021-03-01 |ZC112        |616.60     |625.00   |632.40   |625.00   |627.40   |628.20    |10.80     |11.60     |3         |1,326       |-1       |18.85        |                       
2021-03-01 |ZC201        |620.80     |616.80   |647.60   |614.20   |641.60   |634.00    |20.80     |13.20     |1,967     |4,258       |-92      |12,470.26    |                       
2021-03-01 |ZC202        |618.60     |630.00   |646.80   |629.60   |644.20   |635.40    |25.60     |16.80     |29        |30          |12       |184.26       |                       
2021-03-02 |ZC103        |584.00     |600.00   |600.00   |600.00   |600.00   |600.00    |16.00     |16.00     |27        |5,609       |0        |162.00       |600.80                 
2021-03-02 |ZC104        |609.60     |619.80   |623.20   |611.80   |622.20   |619.40    |12.60     |9.80      |1,220     |3,481       |414      |7,557.67     |                       
2021-03-02 |ZC105        |622.00     |632.40   |640.00   |625.20   |639.80   |633.60    |17.80     |11.60     |645,759   |267,927     |-2,550   |4,091,425.75 |                       
2021-03-02 |ZC106        |630.20     |641.00   |644.00   |631.80   |643.60   |639.20    |13.40     |9.00      |14,861    |9,820       |-561     |94,977.76    |                       
2021-03-02 |ZC107        |633.60     |644.00   |646.40   |635.00   |646.00   |642.40    |12.40     |8.80      |29,990    |19,108      |173      |192,630.26   |                       
2021-03-02 |ZC108        |627.00     |639.00   |641.80   |630.40   |641.80   |637.00    |14.80     |10.00     |3,673     |404         |2        |23,395.85    |                       
2021-03-02 |ZC109        |624.80     |637.00   |638.80   |626.40   |638.00   |634.40    |13.20     |9.60      |41,963    |43,535      |1,156    |266,227.63   |                       
2021-03-02 |ZC110        |625.20     |637.20   |637.20   |637.20   |637.20   |637.20    |12.00     |12.00     |1         |68          |-1       |6.37         |                       
2021-03-02 |ZC111        |626.80     |638.80   |641.80   |632.60   |640.60   |637.20    |13.80     |10.40     |37        |1,195       |1        |235.79       |                       
2021-03-02 |ZC112        |628.20     |658.80   |658.80   |635.40   |642.80   |645.20    |14.60     |17.00     |4         |1,327       |1        |25.81        |                       
2021-03-02 |ZC201        |634.00     |642.40   |645.60   |633.40   |642.80   |640.40    |8.80      |6.40      |1,395     |4,154       |-104     |8,932.29     |                       
2021-03-02 |ZC202        |635.40     |659.80   |659.80   |636.80   |641.20   |641.60    |5.80      |6.20      |11        |27          |-3       |70.57        |                       
2021-03-03 |ZC103        |600.00     |602.00   |602.00   |600.20   |600.20   |602.00    |0.20      |2.00      |209       |5,209       |-400     |1,258.03     |596.40                 
2021-03-03 |ZC104        |619.40     |623.60   |627.60   |620.40   |623.80   |624.20    |4.40      |4.80      |2,247     |3,414       |-67      |14,292.13    |                       
2021-03-03 |ZC105        |633.60     |643.00   |646.00   |636.40   |645.60   |641.00    |12.00     |7.40      |505,803   |261,980     |-5,947   |3,242,140.16 |                       
2021-03-03 |ZC106        |639.20     |644.00   |648.60   |640.00   |646.60   |644.20    |7.40      |5.00      |16,344    |9,651       |-169     |105,294.54   |                       
2021-03-03 |ZC107        |642.40     |646.20   |664.00   |642.40   |649.20   |646.60    |6.80      |4.20      |22,134    |18,432      |-676     |143,129.14   |                       
2021-03-03 |ZC108        |637.00     |659.40   |659.40   |638.80   |644.20   |642.00    |7.20      |5.00      |4,849     |385         |-19      |31,127.41    |                       
2021-03-03 |ZC109        |634.40     |638.00   |640.00   |633.60   |638.60   |637.40    |4.20      |3.00      |21,602    |43,011      |-524     |137,675.69   |                       
2021-03-03 |ZC110        |637.20     |0.00     |0.00     |0.00     |0.00     |637.20    |0.00      |0.00      |0         |68          |0        |0.00         |                       
2021-03-03 |ZC111        |637.20     |641.20   |642.00   |637.20   |640.20   |640.20    |3.00      |3.00      |92        |1,151       |-44      |588.89       |                       
2021-03-03 |ZC112        |645.20     |0.00     |0.00     |0.00     |0.00     |640.20    |-5.00     |-5.00     |0         |1,327       |0        |0.00         |                       
2021-03-03 |ZC201        |640.40     |645.00   |645.00   |637.40   |640.20   |640.80    |-0.20     |0.40      |697       |4,130       |-24      |4,466.14     |                       
2021-03-03 |ZC202        |641.60     |643.60   |643.80   |637.80   |639.00   |641.00    |-2.60     |-0.60     |5         |30          |3        |32.05        |                       
2021-03-04 |ZC103        |602.00     |565.80   |603.20   |565.80   |600.20   |600.20    |-1.80     |-1.80     |39        |3,209       |-2,000   |234.06       |594.40                 
2021-03-04 |ZC104        |624.20     |625.20   |653.00   |615.00   |629.20   |624.20    |5.00      |0.00      |840       |3,287       |-127     |5,242.41     |                       
2021-03-04 |ZC105        |641.00     |648.00   |655.00   |635.20   |654.80   |646.00    |13.80     |5.00      |581,205   |255,410     |-6,570   |3,754,537.72 |                       
2021-03-04 |ZC106        |644.20     |644.00   |658.60   |636.40   |658.60   |646.60    |14.40     |2.40      |16,595    |10,256      |605      |107,294.82   |                       
2021-03-04 |ZC107        |646.60     |650.60   |660.60   |638.60   |660.60   |649.20    |14.00     |2.60      |24,707    |19,057      |625      |160,413.88   |                       
2021-03-04 |ZC108        |642.00     |645.20   |651.60   |633.80   |651.20   |643.80    |9.20      |1.80      |4,757     |439         |54       |30,623.17    |                       
2021-03-04 |ZC109        |637.40     |640.00   |642.00   |626.60   |641.80   |637.00    |4.40      |-0.40     |27,066    |40,747      |-2,264   |172,404.58   |                       
2021-03-04 |ZC110        |637.20     |0.00     |0.00     |0.00     |0.00     |639.60    |2.40      |2.40      |0         |68          |0        |0.00         |                       
2021-03-04 |ZC111        |640.20     |640.40   |643.80   |630.20   |643.40   |641.60    |3.20      |1.40      |247       |1,090       |-61      |1,584.53     |                       
2021-03-04 |ZC112        |640.20     |634.00   |634.00   |634.00   |634.00   |634.00    |-6.20     |-6.20     |1         |1,327       |0        |6.34         |                       
2021-03-04 |ZC201        |640.80     |641.00   |643.00   |630.00   |641.00   |639.40    |0.20      |-1.40     |1,039     |3,990       |-140     |6,642.77     |                       
2021-03-04 |ZC202        |641.00     |637.60   |641.80   |632.40   |639.20   |639.00    |-1.80     |-2.00     |6         |30          |0        |38.34        |                       
2021-03-05 |ZC103        |600.20     |605.00   |606.00   |605.00   |605.20   |606.00    |5.00      |5.80      |2,209     |0           |-3,209   |13,402.46    |594.40                 
2021-03-05 |ZC104        |624.20     |629.40   |634.60   |614.80   |614.80   |628.60    |-9.40     |4.40      |1,305     |3,217       |-70      |8,204.26     |                       
2021-03-05 |ZC105        |646.00     |654.80   |655.00   |627.60   |630.80   |642.00    |-15.20    |-4.00     |648,334   |226,820     |-28,590  |4,162,819.65 |                       
2021-03-05 |ZC106        |646.60     |658.20   |659.00   |635.60   |637.80   |648.20    |-8.80     |1.60      |15,345    |10,842      |586      |99,467.01    |                       
2021-03-05 |ZC107        |649.20     |659.60   |661.00   |639.40   |641.00   |651.40    |-8.20     |2.20      |26,647    |20,345      |1,288    |173,550.77   |                       
2021-03-05 |ZC108        |643.80     |648.20   |653.00   |632.80   |635.80   |642.80    |-8.00     |-1.00     |1,710     |403         |-36      |10,991.98    |                       
2021-03-05 |ZC109        |637.00     |641.20   |642.40   |624.00   |626.40   |634.00    |-10.60    |-3.00     |29,906    |38,757      |-1,990   |189,613.67   |                       
2021-03-05 |ZC110        |639.60     |640.60   |640.60   |640.60   |640.60   |640.60    |1.00      |1.00      |1         |68          |0        |6.41         |                       
2021-03-05 |ZC111        |641.60     |639.60   |644.20   |628.00   |628.00   |637.80    |-13.60    |-3.80     |211       |1,087       |-3       |1,345.75     |                       
2021-03-05 |ZC112        |634.00     |637.80   |637.80   |633.00   |633.00   |634.20    |-1.00     |0.20      |4         |1,324       |-3       |25.37        |                       
2021-03-05 |ZC201        |639.40     |642.40   |643.00   |625.00   |626.80   |633.40    |-12.60    |-6.00     |1,129     |3,933       |-57      |7,151.65     |                       
2021-03-05 |ZC202        |639.00     |639.20   |639.40   |626.00   |627.40   |632.40    |-11.60    |-6.60     |26        |39          |9        |164.44       |                       
2021-03-08 |ZC104        |628.60     |622.00   |635.00   |614.60   |635.00   |626.00    |6.40      |-2.60     |377       |3,206       |-11      |2,359.68     |                       
2021-03-08 |ZC105        |642.00     |632.00   |651.20   |628.20   |651.00   |639.80    |9.00      |-2.20     |569,542   |232,231     |5,411    |3,643,946.45 |                       
2021-03-08 |ZC106        |648.20     |637.20   |656.20   |636.60   |655.80   |646.40    |7.60      |-1.80     |16,836    |10,779      |-63      |108,822.28   |                       
2021-03-08 |ZC107        |651.40     |640.80   |659.80   |640.40   |659.40   |652.00    |8.00      |0.60      |29,682    |19,226      |-1,119   |193,530.10   |                       
2021-03-08 |ZC108        |642.80     |635.80   |652.20   |634.40   |652.20   |645.00    |9.40      |2.20      |2,881     |445         |42       |18,582.67    |                       
2021-03-08 |ZC109        |634.00     |627.80   |645.00   |626.40   |644.80   |636.40    |10.80     |2.40      |26,565    |38,816      |59       |169,045.03   |                       
2021-03-08 |ZC110        |640.60     |0.00     |0.00     |0.00     |0.00     |641.80    |1.20      |1.20      |0         |68          |0        |0.00         |                       
2021-03-08 |ZC111        |637.80     |635.00   |645.80   |629.80   |645.80   |639.60    |8.00      |1.80      |153       |1,031       |-56      |978.70       |                       
2021-03-08 |ZC112        |634.20     |631.40   |639.00   |631.40   |637.20   |636.40    |3.00      |2.20      |5         |1,325       |1        |31.82        |                       
2021-03-08 |ZC201        |633.40     |630.00   |645.00   |627.20   |644.20   |637.00    |10.80     |3.60      |1,365     |4,256       |323      |8,695.13     |                       
2021-03-08 |ZC202        |632.40     |629.80   |641.00   |627.00   |638.60   |634.40    |6.20      |2.00      |12        |35          |-4       |76.12        |                       
2021-03-08 |ZC203        |632.40     |634.80   |634.80   |634.80   |634.80   |634.80    |2.40      |2.40      |1         |1           |1        |6.35         |                       
2021-03-09 |ZC104        |626.00     |632.20   |638.00   |629.00   |635.20   |634.80    |9.20      |8.80      |307       |3,171       |-35      |1,948.55     |                       
2021-03-09 |ZC105        |639.80     |650.20   |653.80   |639.80   |648.00   |647.60    |8.20      |7.80      |554,017   |228,467     |-3,764   |3,587,882.17 |                       
2021-03-09 |ZC106        |646.40     |655.20   |657.20   |646.40   |651.60   |652.60    |5.20      |6.20      |14,551    |10,564      |-215     |94,968.53    |                       
2021-03-09 |ZC107        |652.00     |662.60   |662.60   |649.60   |655.00   |656.00    |3.00      |4.00      |23,508    |19,141      |-85      |154,222.05   |                       
2021-03-09 |ZC108        |645.00     |651.00   |653.00   |642.80   |648.00   |648.00    |3.00      |3.00      |3,333     |581         |136      |21,598.57    |                       
2021-03-09 |ZC109        |636.40     |645.00   |645.00   |634.80   |639.00   |640.80    |2.60      |4.40      |22,037    |37,532      |-1,284   |141,195.23   |                       
2021-03-09 |ZC110        |641.80     |0.00     |0.00     |0.00     |0.00     |639.40    |-2.40     |-2.40     |0         |68          |0        |0.00         |                       
2021-03-09 |ZC111        |639.60     |643.40   |646.40   |637.80   |640.60   |643.00    |1.00      |3.40      |171       |930         |-101     |1,099.38     |                       
2021-03-09 |ZC112        |636.40     |643.40   |643.40   |637.60   |637.60   |639.60    |1.20      |3.20      |3         |1,324       |-1       |19.19        |                       
2021-03-09 |ZC201        |637.00     |644.20   |644.20   |635.00   |638.40   |639.80    |1.40      |2.80      |765       |4,188       |-68      |4,894.45     |                       
2021-03-09 |ZC202        |634.40     |639.20   |642.60   |636.80   |639.60   |639.80    |5.20      |5.40      |11        |37          |2        |70.37        |                       
2021-03-09 |ZC203        |634.80     |620.20   |634.00   |620.20   |634.00   |627.20    |-0.80     |-7.60     |2         |1           |0        |12.54        |                       
2021-03-10 |ZC104        |634.80     |633.60   |638.00   |627.40   |629.80   |632.80    |-5.00     |-2.00     |1,037     |2,921       |-250     |6,561.24     |                       
2021-03-10 |ZC105        |647.60     |648.00   |651.40   |624.40   |626.40   |641.40    |-21.20    |-6.20     |620,538   |213,512     |-14,955  |3,980,423.71 |                       
2021-03-10 |ZC106        |652.60     |652.20   |656.40   |631.60   |634.20   |648.00    |-18.40    |-4.60     |19,810    |11,281      |717      |128,373.77   |                       
2021-03-10 |ZC107        |656.00     |654.60   |659.20   |635.60   |637.20   |650.80    |-18.80    |-5.20     |36,187    |20,491      |1,350    |235,526.77   |                       
2021-03-10 |ZC108        |648.00     |648.40   |652.00   |628.20   |630.80   |643.00    |-17.20    |-5.00     |4,019     |628         |47       |25,843.23    |                       
2021-03-10 |ZC109        |640.80     |640.00   |643.80   |621.00   |622.60   |633.60    |-18.20    |-7.20     |30,080    |39,070      |1,538    |190,597.65   |                       
2021-03-10 |ZC110        |639.40     |0.00     |0.00     |0.00     |0.00     |624.00    |-15.40    |-15.40    |0         |68          |0        |0.00         |                       
2021-03-10 |ZC111        |643.00     |639.20   |645.20   |623.00   |625.60   |637.60    |-17.40    |-5.40     |221       |859         |-71      |1,409.06     |                       
2021-03-10 |ZC112        |639.60     |630.40   |630.40   |624.00   |624.00   |628.20    |-15.60    |-11.40    |8         |1,317       |-7       |50.25        |                       
2021-03-10 |ZC201        |639.80     |637.40   |642.80   |623.00   |625.00   |635.40    |-14.80    |-4.40     |2,015     |5,291       |1,103    |12,805.04    |                       
2021-03-10 |ZC202        |639.80     |634.00   |639.80   |621.60   |621.60   |631.80    |-18.20    |-8.00     |598       |624         |587      |3,778.12     |                       
2021-03-10 |ZC203        |627.20     |620.60   |624.20   |610.60   |624.20   |618.40    |-3.00     |-8.80     |3         |3           |2        |18.55        |                       
2021-03-11 |ZC104        |632.80     |632.00   |644.60   |629.20   |636.80   |640.20    |4.00      |7.40      |486       |2,802       |-119     |3,111.00     |                       
2021-03-11 |ZC105        |641.40     |626.80   |646.80   |626.80   |640.80   |638.40    |-0.60     |-3.00     |473,368   |200,645     |-12,867  |3,021,495.74 |                       
2021-03-11 |ZC106        |648.00     |634.20   |651.80   |634.00   |646.60   |643.60    |-1.40     |-4.40     |13,052    |11,330      |49       |83,998.45    |                       
2021-03-11 |ZC107        |650.80     |640.00   |657.00   |638.20   |651.60   |648.40    |0.80      |-2.40     |21,809    |20,648      |157      |141,423.61   |                       
2021-03-11 |ZC108        |643.00     |630.60   |648.80   |630.60   |644.40   |641.80    |1.40      |-1.20     |3,228     |645         |17       |20,714.62    |                       
2021-03-11 |ZC109        |633.60     |623.40   |639.40   |623.20   |636.20   |631.80    |2.60      |-1.80     |22,253    |36,510      |-2,560   |140,590.48   |                       
2021-03-11 |ZC110        |624.00     |0.00     |0.00     |0.00     |0.00     |634.20    |10.20     |10.20     |0         |68          |0        |0.00         |                       
2021-03-11 |ZC111        |637.60     |628.80   |640.40   |628.80   |637.00   |634.60    |-0.60     |-3.00     |440       |538         |-321     |2,792.62     |                       
2021-03-11 |ZC112        |628.20     |0.00     |0.00     |0.00     |0.00     |634.80    |6.60      |6.60      |0         |1,317       |0        |0.00         |                       
2021-03-11 |ZC201        |635.40     |623.40   |641.20   |623.40   |637.60   |629.00    |2.20      |-6.40     |1,919     |6,128       |837      |12,070.46    |                       
2021-03-11 |ZC202        |631.80     |630.40   |638.60   |630.40   |635.40   |635.20    |3.60      |3.40      |11        |623         |-1       |69.87        |                       
2021-03-11 |ZC203        |618.40     |624.80   |624.80   |624.80   |624.80   |624.80    |6.40      |6.40      |1         |3           |0        |6.25         |                       
2021-03-12 |ZC104        |640.20     |635.00   |644.80   |633.40   |638.60   |636.80    |-1.60     |-3.40     |41        |2,803       |1        |261.11       |                       
2021-03-12 |ZC105        |638.40     |638.80   |651.40   |633.00   |645.80   |641.60    |7.40      |3.20      |518,156   |214,037     |13,392   |3,324,297.65 |                       
2021-03-12 |ZC106        |643.60     |643.80   |655.00   |639.00   |650.40   |647.00    |6.80      |3.40      |16,276    |11,091      |-239     |105,320.35   |                       
2021-03-12 |ZC107        |648.40     |649.60   |660.20   |644.00   |655.40   |652.40    |7.00      |4.00      |28,210    |21,441      |793      |184,038.17   |                       
2021-03-12 |ZC108        |641.80     |644.20   |652.60   |637.00   |647.80   |646.00    |6.00      |4.20      |4,828     |1,356       |711      |31,187.44    |                       
2021-03-12 |ZC109        |631.80     |635.20   |644.40   |629.20   |639.60   |636.60    |7.80      |4.80      |24,382    |38,895      |2,385    |155,231.19   |                       
2021-03-12 |ZC110        |634.20     |633.80   |633.80   |633.80   |633.80   |633.80    |-0.40     |-0.40     |1         |68          |0        |6.34         |                       
2021-03-12 |ZC111        |634.60     |636.00   |643.00   |631.00   |639.00   |637.00    |4.40      |2.40      |121       |489         |-49      |770.79       |                       
2021-03-12 |ZC112        |634.80     |635.80   |635.80   |635.80   |635.80   |635.80    |1.00      |1.00      |1         |1,317       |0        |6.36         |                       
2021-03-12 |ZC201        |629.00     |636.80   |642.60   |630.40   |638.00   |635.40    |9.00      |6.40      |666       |6,017       |-111     |4,231.28     |                       
2021-03-12 |ZC202        |635.20     |634.00   |639.40   |630.20   |636.60   |635.00    |1.40      |-0.20     |7         |622         |-1       |44.45        |                       
2021-03-12 |ZC203        |624.80     |0.00     |0.00     |0.00     |0.00     |624.80    |0.00      |0.00      |0         |3           |0        |0.00         |                       
2021-03-15 |ZC104        |636.80     |641.00   |641.00   |625.00   |633.80   |634.20    |-3.00     |-2.60     |694       |2,662       |-141     |4,401.02     |                       
2021-03-15 |ZC105        |641.60     |646.00   |649.00   |620.60   |633.40   |634.20    |-8.20     |-7.40     |590,591   |196,010     |-18,027  |3,745,074.24 |                       
2021-03-15 |ZC106        |647.00     |650.00   |653.20   |629.80   |643.20   |641.40    |-3.80     |-5.60     |20,357    |11,270      |179      |130,585.70   |                       
2021-03-15 |ZC107        |652.40     |655.00   |658.20   |637.00   |649.60   |647.00    |-2.80     |-5.40     |32,082    |24,220      |2,779    |207,594.37   |                       
2021-03-15 |ZC108        |646.00     |648.60   |651.00   |629.80   |642.40   |640.40    |-3.60     |-5.60     |5,413     |1,482       |126      |34,662.60    |                       
2021-03-15 |ZC109        |636.60     |639.80   |642.00   |621.40   |629.80   |630.80    |-6.80     |-5.80     |32,963    |39,951      |1,056    |207,952.65   |                       
2021-03-15 |ZC110        |633.80     |625.00   |625.00   |625.00   |625.00   |625.00    |-8.80     |-8.80     |1         |68          |0        |6.25         |                       
2021-03-15 |ZC111        |637.00     |639.00   |640.20   |624.60   |632.40   |630.80    |-4.60     |-6.20     |215       |550         |61       |1,356.04     |                       
2021-03-15 |ZC112        |635.80     |640.60   |640.60   |626.60   |626.60   |633.00    |-9.20     |-2.80     |9         |1,315       |-2       |56.97        |                       
2021-03-15 |ZC201        |635.40     |638.00   |640.00   |622.20   |630.00   |630.40    |-5.40     |-5.00     |776       |6,128       |111      |4,892.15     |                       
2021-03-15 |ZC202        |635.00     |636.00   |636.00   |628.00   |628.00   |632.00    |-7.00     |-3.00     |2         |622         |0        |12.64        |                       
2021-03-15 |ZC203        |624.80     |618.20   |621.60   |618.20   |621.60   |620.00    |-3.20     |-4.80     |2         |5           |2        |12.40        |                       
2021-03-16 |ZC104        |634.20     |637.00   |643.80   |630.00   |630.00   |637.00    |-4.20     |2.80      |50        |2,668       |6        |318.54       |                       
2021-03-16 |ZC105        |634.20     |635.00   |646.60   |630.20   |643.40   |637.80    |9.20      |3.60      |458,507   |203,137     |7,127    |2,924,668.92 |                       
2021-03-16 |ZC106        |641.40     |644.60   |651.60   |638.60   |647.80   |645.40    |6.40      |4.00      |18,233    |10,720      |-550     |117,659.28   |                       
2021-03-16 |ZC107        |647.00     |649.00   |658.00   |645.00   |653.60   |650.80    |6.60      |3.80      |25,839    |23,634      |-586     |168,144.35   |                       
2021-03-16 |ZC108        |640.40     |640.40   |650.20   |637.80   |646.40   |643.40    |6.00      |3.00      |5,359     |1,468       |-14      |34,476.42    |                       
2021-03-16 |ZC109        |630.80     |630.20   |641.60   |626.80   |638.00   |633.80    |7.20      |3.00      |27,427    |40,181      |230      |173,846.39   |                       
2021-03-16 |ZC110        |625.00     |636.60   |637.80   |636.60   |637.00   |637.00    |12.00     |12.00     |5         |63          |-5       |31.85        |                       
2021-03-16 |ZC111        |630.80     |630.20   |639.00   |630.20   |638.00   |635.80    |7.20      |5.00      |77        |507         |-43      |489.56       |                       
2021-03-16 |ZC112        |633.00     |0.00     |0.00     |0.00     |0.00     |633.60    |0.60      |0.60      |0         |1,315       |0        |0.00         |                       
2021-03-16 |ZC201        |630.40     |627.80   |640.00   |627.80   |636.60   |630.20    |6.20      |-0.20     |1,161     |6,735       |607      |7,316.05     |                       
2021-03-16 |ZC202        |632.00     |630.20   |635.60   |630.00   |633.00   |630.60    |1.00      |-1.40     |37        |651         |29       |233.31       |                       
2021-03-16 |ZC203        |620.00     |627.00   |631.00   |627.00   |631.00   |629.00    |11.00     |9.00      |2         |6           |1        |12.58        |                       
2021-03-17 |ZC104        |637.00     |635.20   |659.00   |635.20   |659.00   |643.60    |22.00     |6.60      |30        |2,683       |15       |193.10       |                       
2021-03-17 |ZC105        |637.80     |643.40   |676.20   |641.60   |676.20   |658.40    |38.40     |20.60     |667,520   |270,745     |67,608   |4,394,323.73 |                       
2021-03-17 |ZC106        |645.40     |650.20   |681.60   |646.60   |681.00   |661.60    |35.60     |16.20     |21,108    |10,881      |161      |139,653.45   |                       
2021-03-17 |ZC107        |650.80     |654.20   |684.80   |652.00   |683.20   |668.00    |32.40     |17.20     |34,001    |22,653      |-981     |227,137.40   |                       
2021-03-17 |ZC108        |643.40     |647.20   |675.40   |644.80   |675.40   |660.00    |32.00     |16.60     |4,165     |1,402       |-66      |27,490.99    |                       
2021-03-17 |ZC109        |633.80     |637.40   |662.80   |635.60   |662.60   |650.20    |28.80     |16.40     |44,299    |43,532      |3,351    |288,000.90   |                       
2021-03-17 |ZC110        |637.00     |646.00   |650.60   |646.00   |650.60   |647.20    |13.60     |10.20     |13        |59          |-4       |84.15        |                       
2021-03-17 |ZC111        |635.80     |639.80   |661.20   |639.00   |661.20   |649.60    |25.40     |13.80     |210       |376         |-131     |1,364.09     |                       
2021-03-17 |ZC112        |633.60     |639.00   |657.00   |639.00   |652.60   |652.80    |19.00     |19.20     |90        |1,240       |-75      |587.45       |                       
2021-03-17 |ZC201        |630.20     |633.00   |660.20   |633.00   |660.20   |645.60    |30.00     |15.40     |1,747     |6,908       |173      |11,278.22    |                       
2021-03-17 |ZC202        |630.60     |639.00   |653.40   |639.00   |653.40   |646.20    |22.80     |15.60     |18        |656         |5        |116.32       |                       
2021-03-17 |ZC203        |629.00     |632.00   |646.80   |632.00   |646.80   |639.60    |17.80     |10.60     |4         |6           |0        |25.59        |                       
2021-03-18 |ZC104        |643.60     |659.00   |659.20   |642.20   |653.00   |653.00    |9.40      |9.40      |291       |2,748       |65       |1,900.28     |                       
2021-03-18 |ZC105        |658.40     |675.00   |675.00   |664.00   |671.40   |669.40    |13.00     |11.00     |529,472   |242,335     |-28,410  |3,544,304.12 |                       
2021-03-18 |ZC106        |661.60     |675.60   |678.20   |669.40   |676.80   |674.60    |15.20     |13.00     |17,892    |10,782      |-99      |120,695.32   |                       
2021-03-18 |ZC107        |668.00     |680.00   |684.80   |674.80   |682.40   |679.40    |14.40     |11.40     |29,429    |24,296      |1,643    |199,948.08   |                       
2021-03-18 |ZC108        |660.00     |668.20   |676.40   |667.40   |674.00   |671.60    |14.00     |11.60     |2,789     |1,458       |56       |18,731.05    |                       
2021-03-18 |ZC109        |650.20     |659.80   |664.80   |656.80   |663.80   |660.80    |13.60     |10.60     |35,681    |40,069      |-3,463   |235,810.30   |                       
2021-03-18 |ZC110        |647.20     |654.40   |654.40   |654.40   |654.40   |654.40    |7.20      |7.20      |1         |59          |0        |6.54         |                       
2021-03-18 |ZC111        |649.60     |658.20   |659.60   |652.40   |659.00   |655.80    |9.40      |6.20      |176       |288         |-88      |1,154.15     |                       
2021-03-18 |ZC112        |652.80     |652.80   |654.60   |647.80   |654.60   |651.40    |1.80      |-1.40     |18        |1,240       |0        |117.25       |                       
2021-03-18 |ZC201        |645.60     |650.80   |657.40   |646.40   |654.40   |651.40    |8.80      |5.80      |2,887     |7,148       |240      |18,803.23    |                       
2021-03-18 |ZC202        |646.20     |653.00   |653.00   |639.00   |650.40   |648.00    |4.20      |1.80      |31        |663         |7        |200.90       |                       
2021-03-18 |ZC203        |639.60     |0.00     |0.00     |0.00     |0.00     |639.60    |0.00      |0.00      |0         |6           |0        |0.00         |                       
2021-03-19 |ZC104        |653.00     |658.40   |671.40   |651.80   |666.00   |663.20    |13.00     |10.20     |109       |2,754       |6        |722.88       |                       
2021-03-19 |ZC105        |669.40     |670.00   |679.20   |665.00   |671.80   |671.20    |2.40      |1.80      |598,554   |241,013     |-1,322   |4,017,141.16 |                       
2021-03-19 |ZC106        |674.60     |675.00   |684.80   |671.00   |676.20   |677.60    |1.60      |3.00      |22,429    |10,501      |-281     |151,982.07   |                       
2021-03-19 |ZC107        |679.40     |681.00   |690.00   |676.80   |681.40   |683.40    |2.00      |4.00      |33,548    |24,769      |473      |229,276.12   |                       
2021-03-19 |ZC108        |671.60     |673.00   |682.00   |670.00   |672.80   |676.00    |1.20      |4.40      |5,474     |1,528       |70       |37,009.34    |                       
2021-03-19 |ZC109        |660.80     |663.80   |670.60   |657.60   |662.80   |664.60    |2.00      |3.80      |47,925    |39,677      |-392     |318,533.78   |                       
2021-03-19 |ZC110        |654.40     |661.80   |661.80   |654.40   |654.40   |657.00    |0.00      |2.60      |4         |57          |-2       |26.28        |                       
2021-03-19 |ZC111        |655.80     |658.00   |665.80   |656.60   |658.00   |660.80    |2.20      |5.00      |81        |271         |-17      |535.30       |                       
2021-03-19 |ZC112        |651.40     |660.40   |660.40   |660.40   |660.40   |660.40    |9.00      |9.00      |1         |1,240       |0        |6.60         |                       
2021-03-19 |ZC201        |651.40     |654.20   |660.40   |648.80   |652.00   |654.60    |0.60      |3.20      |2,178     |8,043       |895      |14,257.89    |                       
2021-03-19 |ZC202        |648.00     |649.60   |652.60   |647.80   |647.80   |650.40    |-0.20     |2.40      |18        |661         |-2       |117.08       |                       
2021-03-19 |ZC203        |639.60     |650.20   |650.20   |639.20   |639.20   |646.20    |-0.40     |6.60      |3         |7           |1        |19.38        |                       
2021-03-22 |ZC104        |663.20     |666.40   |681.80   |655.60   |679.80   |668.60    |16.60     |5.40      |271       |2,741       |-13      |1,811.68     |                       
2021-03-22 |ZC105        |671.20     |675.40   |696.00   |672.00   |676.40   |683.00    |5.20      |11.80     |667,797   |248,575     |7,562    |4,561,067.17 |                       
2021-03-22 |ZC106        |677.60     |681.00   |695.60   |676.40   |678.80   |687.80    |1.20      |10.20     |18,673    |10,701      |200      |128,449.67   |                       
2021-03-22 |ZC107        |683.40     |684.00   |700.80   |681.80   |683.40   |691.40    |0.00      |8.00      |38,623    |28,081      |3,312    |267,065.05   |                       
2021-03-22 |ZC108        |676.00     |679.20   |692.60   |673.80   |676.20   |684.60    |0.20      |8.60      |6,690     |1,544       |16       |45,794.38    |                       
2021-03-22 |ZC109        |664.60     |665.00   |679.20   |663.20   |664.80   |669.80    |0.20      |5.20      |44,296    |41,865      |2,188    |296,726.66   |                       
2021-03-22 |ZC110        |657.00     |668.80   |668.80   |659.80   |660.40   |663.80    |3.40      |6.80      |7         |55          |-2       |46.47        |                       
2021-03-22 |ZC111        |660.80     |660.00   |672.80   |659.00   |659.40   |664.40    |-1.40     |3.60      |128       |260         |-11      |850.54       |                       
2021-03-22 |ZC112        |660.40     |652.40   |663.80   |652.40   |660.20   |658.00    |-0.20     |-2.40     |5         |1,239       |-1       |32.90        |                       
2021-03-22 |ZC201        |654.60     |655.00   |666.80   |651.40   |653.80   |658.60    |-0.80     |4.00      |1,319     |7,933       |-110     |8,686.11     |                       
2021-03-22 |ZC202        |650.40     |649.80   |662.80   |645.40   |645.40   |654.60    |-5.00     |4.20      |15        |659         |-2       |98.18        |                       
2021-03-22 |ZC203        |646.20     |0.00     |0.00     |0.00     |0.00     |645.80    |-0.40     |-0.40     |0         |7           |0        |0.00         |                       
2021-03-23 |ZC104        |668.60     |681.60   |687.20   |671.20   |671.20   |683.00    |2.60      |14.40     |28        |2,735       |-6       |191.21       |                       
2021-03-23 |ZC105        |683.00     |678.40   |688.00   |671.20   |680.80   |681.20    |-2.20     |-1.80     |530,236   |250,203     |1,628    |3,611,614.18 |                       
2021-03-23 |ZC106        |687.80     |680.20   |687.20   |672.80   |679.80   |681.20    |-8.00     |-6.60     |13,786    |10,521      |-180     |93,923.15    |                       
2021-03-23 |ZC107        |691.40     |685.00   |691.40   |676.60   |683.80   |685.60    |-7.60     |-5.80     |30,254    |31,346      |3,265    |207,423.20   |                       
2021-03-23 |ZC108        |684.60     |676.60   |681.80   |668.20   |675.00   |676.40    |-9.60     |-8.20     |2,796     |1,521       |-23      |18,910.55    |                       
2021-03-23 |ZC109        |669.80     |666.00   |670.80   |653.40   |659.40   |662.60    |-10.40    |-7.20     |33,716    |42,001      |136      |223,411.98   |                       
2021-03-23 |ZC110        |663.80     |660.20   |660.20   |653.20   |653.20   |658.60    |-10.60    |-5.20     |24        |61          |6        |158.08       |                       
2021-03-23 |ZC111        |664.40     |660.00   |667.00   |652.60   |658.00   |659.40    |-6.40     |-5.00     |200       |341         |81       |1,318.92     |                       
2021-03-23 |ZC112        |658.00     |660.20   |660.20   |655.00   |655.00   |657.60    |-3.00     |-0.40     |4         |1,239       |0        |26.30        |                       
2021-03-23 |ZC201        |658.60     |654.40   |659.00   |644.40   |649.00   |652.60    |-9.60     |-6.00     |2,175     |9,147       |1,214    |14,195.29    |                       
2021-03-23 |ZC202        |654.60     |647.80   |647.80   |646.40   |646.40   |647.20    |-8.20     |-7.40     |2         |659         |0        |12.94        |                       
2021-03-23 |ZC203        |645.80     |637.00   |637.00   |637.00   |637.00   |637.00    |-8.80     |-8.80     |1         |7           |0        |6.37         |                       
2021-03-24 |ZC104        |683.00     |684.80   |686.60   |664.40   |681.60   |682.00    |-1.40     |-1.00     |11        |2,730       |-5       |75.03        |                       
2021-03-24 |ZC105        |681.20     |681.40   |696.00   |678.40   |692.20   |686.40    |11.00     |5.20      |489,944   |276,240     |26,037   |3,363,412.10 |                       
2021-03-24 |ZC106        |681.20     |679.80   |693.80   |676.80   |690.60   |685.20    |9.40      |4.00      |19,483    |10,692      |171      |133,507.99   |                       
2021-03-24 |ZC107        |685.60     |683.60   |697.80   |680.40   |695.00   |689.20    |9.40      |3.60      |33,768    |33,424      |2,078    |232,718.79   |                       
2021-03-24 |ZC108        |676.40     |676.60   |688.00   |671.00   |685.00   |681.80    |8.60      |5.40      |1,548     |1,557       |36       |10,553.22    |                       
2021-03-24 |ZC109        |662.60     |660.80   |673.20   |655.60   |670.80   |665.20    |8.20      |2.60      |30,740    |42,167      |166      |204,490.72   |                       
2021-03-24 |ZC110        |658.60     |658.80   |668.00   |658.80   |665.00   |665.60    |6.40      |7.00      |22        |62          |1        |146.42       |                       
2021-03-24 |ZC111        |659.40     |657.80   |669.00   |654.00   |667.80   |662.80    |8.40      |3.40      |85        |339         |-2       |563.42       |                       
2021-03-24 |ZC112        |657.60     |650.80   |662.40   |650.80   |662.40   |656.40    |4.80      |-1.20     |3         |1,238       |-1       |19.69        |                       
2021-03-24 |ZC201        |652.60     |648.80   |660.60   |646.00   |659.00   |652.60    |6.40      |0.00      |1,072     |9,324       |177      |6,996.12     |                       
2021-03-24 |ZC202        |647.20     |650.20   |654.00   |647.20   |654.00   |650.60    |6.80      |3.40      |4         |662         |3        |26.03        |                       
2021-03-24 |ZC203        |637.00     |645.20   |651.80   |645.20   |651.80   |650.40    |14.80     |13.40     |5         |10          |3        |32.52        |                       
2021-03-25 |ZC104        |682.00     |677.20   |685.60   |666.60   |677.80   |677.20    |-4.20     |-4.80     |44        |2,728       |-2       |297.98       |                       
2021-03-25 |ZC105        |686.40     |691.20   |698.00   |690.20   |695.80   |693.60    |9.40      |7.20      |372,717   |271,071     |-5,169   |2,585,139.60 |                       
2021-03-25 |ZC106        |685.20     |690.60   |694.20   |687.00   |692.20   |690.00    |7.00      |4.80      |18,553    |10,892      |200      |128,029.79   |                       
2021-03-25 |ZC107        |689.20     |695.00   |698.40   |690.80   |695.40   |694.20    |6.20      |5.00      |33,788    |34,915      |1,491    |234,571.26   |                       
2021-03-25 |ZC108        |681.80     |686.40   |688.20   |681.20   |684.20   |684.60    |2.40      |2.80      |1,867     |1,648       |91       |12,780.69    |                       
2021-03-25 |ZC109        |665.20     |670.20   |673.00   |665.20   |668.20   |669.00    |3.00      |3.80      |22,931    |41,990      |-177     |153,397.73   |                       
2021-03-25 |ZC110        |665.60     |665.00   |666.00   |663.20   |663.20   |665.20    |-2.40     |-0.40     |13        |63          |1        |86.48        |                       
2021-03-25 |ZC111        |662.80     |668.80   |668.80   |663.60   |666.20   |665.80    |3.40      |3.00      |387       |600         |261      |2,576.58     |                       
2021-03-25 |ZC112        |656.40     |659.80   |661.60   |658.40   |661.60   |660.00    |5.20      |3.60      |3         |1,239       |1        |19.80        |                       
2021-03-25 |ZC201        |652.60     |657.20   |662.80   |656.00   |661.20   |658.40    |8.60      |5.80      |2,312     |11,005      |1,681    |15,224.01    |                       
2021-03-25 |ZC202        |650.60     |645.20   |652.60   |645.20   |652.60   |649.40    |2.00      |-1.20     |4         |661         |-1       |25.97        |                       
2021-03-25 |ZC203        |650.40     |652.60   |652.60   |650.20   |651.40   |651.40    |1.00      |1.00      |3         |11          |1        |19.54        |                       
2021-03-26 |ZC104        |677.20     |677.40   |694.40   |670.80   |694.40   |680.20    |17.20     |3.00      |51        |2,712       |-16      |346.93       |                       
2021-03-26 |ZC105        |693.60     |694.80   |700.20   |682.00   |698.00   |690.20    |4.40      |-3.40     |514,049   |255,513     |-15,558  |3,548,130.76 |                       
2021-03-26 |ZC106        |690.00     |690.80   |694.40   |680.60   |691.60   |685.40    |1.60      |-4.60     |20,732    |10,466      |-426     |142,091.55   |                       
2021-03-26 |ZC107        |694.20     |695.40   |697.60   |683.40   |695.00   |689.00    |0.80      |-5.20     |46,216    |34,460      |-455     |318,455.43   |                       
2021-03-26 |ZC108        |684.60     |683.40   |686.60   |672.60   |684.20   |678.60    |-0.40     |-6.00     |2,737     |1,673       |25       |18,574.31    |                       
2021-03-26 |ZC109        |669.00     |665.40   |669.40   |655.00   |666.00   |661.20    |-3.00     |-7.80     |32,209    |40,045      |-1,945   |212,973.41   |                       
2021-03-26 |ZC110        |665.20     |663.00   |663.00   |663.00   |663.00   |663.00    |-2.20     |-2.20     |1         |63          |0        |6.63         |                       
2021-03-26 |ZC111        |665.80     |664.80   |668.00   |655.00   |665.20   |659.40    |-0.60     |-6.40     |347       |813         |213      |2,288.12     |                       
2021-03-26 |ZC112        |660.00     |658.80   |658.80   |653.00   |653.00   |656.20    |-7.00     |-3.80     |3         |1,240       |1        |19.68        |                       
2021-03-26 |ZC201        |658.40     |668.00   |668.00   |652.40   |660.80   |656.20    |2.40      |-2.20     |2,250     |11,464      |459      |14,764.78    |                       
2021-03-26 |ZC202        |649.40     |649.00   |650.20   |637.40   |650.20   |642.80    |0.80      |-6.60     |10        |660         |-1       |64.27        |                       
2021-03-26 |ZC203        |651.40     |641.20   |648.80   |640.80   |648.80   |643.60    |-2.60     |-7.80     |3         |10          |-1       |19.31        |                       
2021-03-29 |ZC104        |680.20     |701.60   |718.80   |697.60   |712.40   |707.40    |32.20     |27.20     |87        |2,686       |-26      |615.49       |                       
2021-03-29 |ZC105        |690.20     |700.40   |731.80   |700.40   |731.80   |721.20    |41.60     |31.00     |598,101   |282,795     |27,282   |4,312,979.80 |                       
2021-03-29 |ZC106        |685.40     |693.80   |724.60   |689.80   |722.40   |708.60    |37.00     |23.20     |26,347    |12,652      |2,186    |186,670.80   |                       
2021-03-29 |ZC107        |689.00     |696.60   |725.00   |691.40   |721.40   |709.40    |32.40     |20.40     |74,598    |40,633      |6,173    |529,221.46   |                       
2021-03-29 |ZC108        |678.60     |686.00   |707.80   |680.80   |705.00   |692.00    |26.40     |13.40     |6,969     |1,685       |12       |48,218.18    |                       
2021-03-29 |ZC109        |661.20     |670.00   |686.40   |664.20   |683.00   |678.00    |21.80     |16.80     |57,778    |44,588      |4,543    |391,690.53   |                       
2021-03-29 |ZC110        |663.00     |671.80   |681.40   |671.80   |681.40   |674.60    |18.40     |11.60     |13        |65          |2        |87.70        |                       
2021-03-29 |ZC111        |659.40     |670.00   |683.00   |663.20   |681.80   |672.80    |22.40     |13.40     |260       |856         |43       |1,749.20     |                       
2021-03-29 |ZC112        |656.20     |664.40   |675.20   |664.40   |674.20   |672.00    |18.00     |15.80     |6         |1,243       |3        |40.32        |                       
2021-03-29 |ZC201        |656.20     |663.40   |678.40   |658.40   |676.20   |669.60    |20.00     |13.40     |1,662     |11,545      |81       |11,128.60    |                       
2021-03-29 |ZC202        |642.80     |658.80   |663.60   |652.00   |663.60   |658.00    |20.80     |15.20     |11        |659         |-1       |72.38        |                       
2021-03-29 |ZC203        |643.60     |651.20   |663.00   |651.20   |662.00   |656.40    |18.40     |12.80     |24        |10          |0        |157.55       |                       
2021-03-30 |ZC104        |707.40     |720.80   |722.00   |713.00   |721.00   |716.00    |13.60     |8.60      |83        |2,620       |-66      |594.24       |                       
2021-03-30 |ZC105        |721.20     |734.40   |744.20   |728.40   |738.80   |735.20    |17.60     |14.00     |542,646   |271,859     |-10,936  |3,989,029.64 |                       
2021-03-30 |ZC106        |708.60     |730.20   |730.20   |715.00   |722.00   |719.60    |13.40     |11.00     |14,353    |9,912       |-2,740   |103,285.70   |                       
2021-03-30 |ZC107        |709.40     |720.40   |728.00   |713.40   |719.00   |718.00    |9.60      |8.60      |47,778    |39,125      |-1,508   |343,035.34   |                       
2021-03-30 |ZC108        |692.00     |705.80   |712.60   |700.60   |704.40   |704.20    |12.40     |12.20     |6,823     |1,524       |-161     |48,051.07    |                       
2021-03-30 |ZC109        |678.00     |686.00   |691.20   |681.20   |688.60   |685.60    |10.60     |7.60      |47,701    |48,635      |4,047    |327,035.72   |                       
2021-03-30 |ZC110        |674.60     |675.80   |675.80   |675.80   |675.80   |675.80    |1.20      |1.20      |5         |65          |0        |33.79        |                       
2021-03-30 |ZC111        |672.80     |685.00   |688.00   |676.60   |687.20   |682.20    |14.40     |9.40      |141       |956         |100      |961.84       |                       
2021-03-30 |ZC112        |672.00     |677.00   |681.00   |672.20   |674.80   |676.20    |2.80      |4.20      |15        |1,245       |2        |101.42       |                       
2021-03-30 |ZC201        |669.60     |679.00   |683.00   |673.20   |680.60   |677.80    |11.00     |8.20      |874       |11,682      |137      |5,924.40     |                       
2021-03-30 |ZC202        |658.00     |666.00   |667.00   |660.00   |667.00   |664.20    |9.00      |6.20      |8         |659         |0        |53.13        |                       
2021-03-30 |ZC203        |656.40     |661.40   |664.40   |660.60   |662.00   |662.20    |5.60      |5.80      |4         |9           |-1       |26.48        |                       
2021-03-31 |ZC104        |716.00     |699.00   |733.80   |699.00   |700.00   |713.80    |-16.00    |-2.20     |34        |2,600       |-20      |242.71       |                       
2021-03-31 |ZC105        |735.20     |738.80   |746.00   |723.80   |730.00   |736.00    |-5.20     |0.80      |671,757   |263,399     |-8,460   |4,943,547.38 |                       
2021-03-31 |ZC106        |719.60     |724.60   |726.80   |699.80   |710.20   |714.60    |-9.40     |-5.00     |15,590    |10,651      |739      |111,409.81   |                       
2021-03-31 |ZC107        |718.00     |719.00   |723.20   |695.20   |709.60   |712.00    |-8.40     |-6.00     |64,596    |39,291      |166      |459,892.50   |                       
2021-03-31 |ZC108        |704.20     |704.80   |707.20   |682.00   |695.20   |697.60    |-9.00     |-6.60     |9,703     |1,688       |164      |67,693.21    |                       
2021-03-31 |ZC109        |685.60     |689.00   |690.60   |666.00   |679.40   |680.20    |-6.20     |-5.40     |65,796    |48,473      |-162     |447,597.18   |                       
2021-03-31 |ZC110        |675.80     |672.00   |672.00   |672.00   |672.00   |672.00    |-3.80     |-3.80     |1         |65          |0        |6.72         |                       
2021-03-31 |ZC111        |682.20     |688.20   |688.20   |665.00   |681.20   |675.20    |-1.00     |-7.00     |108       |1,009       |53       |729.25       |                       
2021-03-31 |ZC112        |676.20     |0.00     |0.00     |0.00     |0.00     |673.80    |-2.40     |-2.40     |0         |1,245       |0        |0.00         |                       
2021-03-31 |ZC201        |677.80     |680.20   |682.40   |657.80   |671.20   |670.80    |-6.60     |-7.00     |1,476     |11,764      |82       |9,899.61     |                       
2021-03-31 |ZC202        |664.20     |661.20   |664.00   |645.20   |661.80   |656.00    |-2.40     |-8.20     |10        |658         |-1       |65.59        |                       
2021-03-31 |ZC203        |662.20     |654.40   |656.40   |645.00   |656.40   |652.20    |-5.80     |-10.00    |4         |10          |1        |26.08        |                       
2021-04-01 |ZC104        |713.80     |0.00     |0.00     |0.00     |0.00     |713.80    |0.00      |0.00      |0         |2,600       |0        |0.00         |690.60                 
2021-04-01 |ZC105        |736.00     |729.80   |744.00   |722.40   |734.20   |731.40    |-1.80     |-4.60     |581,903   |258,586     |-4,813   |4,256,196.60 |                       
2021-04-01 |ZC106        |714.60     |709.60   |719.80   |704.20   |712.40   |711.60    |-2.20     |-3.00     |14,609    |11,271      |620      |103,963.89   |                       
2021-04-01 |ZC107        |712.00     |711.80   |715.60   |703.00   |710.00   |708.80    |-2.00     |-3.20     |44,701    |41,596      |2,305    |316,856.88   |                       
2021-04-01 |ZC108        |697.60     |696.00   |702.80   |689.80   |696.80   |695.80    |-0.80     |-1.80     |7,215     |1,741       |53       |50,201.06    |                       
2021-04-01 |ZC109        |680.20     |680.00   |688.80   |673.00   |682.40   |679.80    |2.20      |-0.40     |49,644    |48,888      |415      |337,517.65   |                       
2021-04-01 |ZC110        |672.00     |680.20   |688.60   |676.00   |685.00   |682.00    |13.00     |10.00     |56        |65          |0        |381.96       |                       
2021-04-01 |ZC111        |675.20     |676.40   |686.60   |672.60   |683.20   |678.20    |8.00      |3.00      |103       |1,021       |12       |698.44       |                       
2021-04-01 |ZC112        |673.80     |673.60   |682.00   |673.60   |681.80   |680.20    |8.00      |6.40      |5         |1,249       |4        |34.01        |                       
2021-04-01 |ZC201        |670.80     |671.20   |680.00   |665.20   |674.00   |670.40    |3.20      |-0.40     |1,414     |11,230      |-534     |9,480.44     |                       
2021-04-01 |ZC202        |656.00     |655.80   |664.80   |655.80   |662.00   |660.60    |6.00      |4.60      |6         |658         |0        |39.64        |                       
2021-04-01 |ZC203        |652.20     |663.00   |663.00   |652.20   |662.20   |655.40    |10.00     |3.20      |9         |12          |2        |58.99        |                       
2021-04-02 |ZC104        |713.80     |0.00     |0.00     |0.00     |0.00     |713.80    |0.00      |0.00      |0         |2,600       |0        |0.00         |695.60                 
2021-04-02 |ZC105        |731.40     |735.40   |741.40   |728.80   |740.40   |736.00    |9.00      |4.60      |518,858   |256,983     |-1,603   |3,819,107.74 |                       
2021-04-02 |ZC106        |711.60     |712.20   |723.00   |711.80   |721.80   |716.40    |10.20     |4.80      |14,225    |11,589      |318      |101,906.77   |                       
2021-04-02 |ZC107        |708.80     |709.40   |722.80   |709.00   |721.80   |714.40    |13.00     |5.60      |39,564    |44,560      |2,964    |282,626.50   |                       
2021-04-02 |ZC108        |695.80     |697.40   |710.40   |695.00   |709.60   |701.20    |13.80     |5.40      |6,839     |1,415       |-326     |47,960.50    |                       
2021-04-02 |ZC109        |679.80     |683.00   |697.60   |679.20   |697.40   |686.80    |17.60     |7.00      |51,996    |52,451      |3,563    |357,106.91   |                       
2021-04-02 |ZC110        |682.00     |680.60   |695.80   |672.60   |694.40   |686.20    |12.40     |4.20      |7         |65          |0        |48.04        |                       
2021-04-02 |ZC111        |678.20     |681.00   |695.40   |673.00   |695.00   |688.00    |16.80     |9.80      |252       |1,027       |6        |1,733.97     |                       
2021-04-02 |ZC112        |680.20     |683.00   |688.40   |683.00   |688.40   |685.80    |8.20      |5.60      |2         |1,251       |2        |13.71        |                       
2021-04-02 |ZC201        |670.40     |675.60   |687.80   |672.00   |686.60   |679.00    |16.20     |8.60      |711       |11,240      |10       |4,827.17     |                       
2021-04-02 |ZC202        |660.60     |666.40   |671.00   |664.60   |671.00   |667.20    |10.40     |6.60      |9         |655         |-3       |60.05        |                       
2021-04-02 |ZC203        |655.40     |660.80   |668.00   |660.80   |668.00   |664.60    |12.60     |9.20      |5         |14          |2        |33.23        |                       
2021-04-06 |ZC104        |713.80     |0.00     |0.00     |0.00     |0.00     |713.80    |0.00      |0.00      |0         |2,600       |0        |0.00         |700.20                 
2021-04-06 |ZC105        |736.00     |729.00   |741.80   |722.60   |734.80   |731.80    |-1.20     |-4.20     |464,739   |245,334     |-11,649  |3,396,169.08 |                       
2021-04-06 |ZC106        |716.40     |712.80   |730.60   |710.00   |726.40   |721.20    |10.00     |4.80      |11,444    |11,749      |160      |82,533.41    |                       
2021-04-06 |ZC107        |714.40     |715.00   |730.40   |711.80   |726.00   |722.60    |11.60     |8.20      |42,481    |47,303      |2,743    |306,935.21   |                       
2021-04-06 |ZC108        |701.20     |702.20   |717.20   |699.80   |713.80   |708.60    |12.60     |7.40      |7,849     |1,179       |-236     |55,619.52    |                       
2021-04-06 |ZC109        |686.80     |690.00   |703.40   |686.60   |702.00   |696.20    |15.20     |9.40      |53,114    |57,247      |4,796    |369,828.48   |                       
2021-04-06 |ZC110        |686.20     |696.00   |699.00   |694.40   |698.40   |697.40    |12.20     |11.20     |8         |64          |-1       |55.80        |                       
2021-04-06 |ZC111        |688.00     |695.00   |700.80   |685.00   |699.20   |696.20    |11.20     |8.20      |143       |1,032       |5        |995.54       |                       
2021-04-06 |ZC112        |685.80     |693.20   |693.60   |690.20   |693.60   |692.40    |7.80      |6.60      |11        |1,250       |-1       |76.17        |                       
2021-04-06 |ZC201        |679.00     |680.00   |693.40   |678.00   |691.00   |687.20    |12.00     |8.20      |931       |11,303      |63       |6,397.06     |                       
2021-04-06 |ZC202        |667.20     |677.00   |679.20   |672.20   |679.00   |677.60    |11.80     |10.40     |8         |657         |2        |54.21        |                       
2021-04-06 |ZC203        |664.60     |673.00   |676.20   |673.00   |674.80   |674.60    |10.20     |10.00     |5         |16          |2        |33.73        |                       
2021-04-07 |ZC104        |713.80     |0.00     |0.00     |0.00     |0.00     |686.00    |-27.80    |-27.80    |0         |2,200       |-400     |0.00         |700.40                 
2021-04-07 |ZC105        |731.80     |731.80   |734.80   |687.80   |689.80   |703.20    |-42.00    |-28.60    |1,059,148 |179,629     |-65,705  |7,447,554.44 |                       
2021-04-07 |ZC106        |721.20     |725.00   |726.00   |678.00   |682.20   |695.80    |-39.00    |-25.40    |29,842    |13,254      |1,505    |207,614.04   |                       
2021-04-07 |ZC107        |722.60     |726.00   |726.00   |680.60   |685.40   |697.40    |-37.20    |-25.20    |111,206   |49,230      |1,927    |775,588.40   |                       
2021-04-07 |ZC108        |708.60     |713.80   |713.80   |671.00   |675.60   |688.40    |-33.00    |-20.20    |17,580    |1,343       |164      |121,030.92   |                       
2021-04-07 |ZC109        |696.20     |704.40   |704.40   |662.20   |667.40   |677.40    |-28.80    |-18.80    |187,063   |53,977      |-3,270   |1,267,212.67 |                       
2021-04-07 |ZC110        |697.40     |694.20   |694.20   |666.00   |668.80   |673.80    |-28.60    |-23.60    |35        |76          |12       |235.83       |                       
2021-04-07 |ZC111        |696.20     |694.20   |694.20   |664.20   |669.00   |675.80    |-27.20    |-20.40    |680       |1,322       |290      |4,595.04     |                       
2021-04-07 |ZC112        |692.40     |684.20   |684.20   |664.20   |664.80   |673.00    |-27.60    |-19.40    |15        |1,248       |-2       |100.94       |                       
2021-04-07 |ZC201        |687.20     |689.60   |690.80   |660.00   |663.20   |670.20    |-24.00    |-17.00    |3,454     |12,069      |766      |23,151.87    |                       
2021-04-07 |ZC202        |677.60     |676.20   |676.20   |654.60   |658.40   |668.40    |-19.20    |-9.20     |108       |627         |-30      |721.91       |                       
2021-04-07 |ZC203        |674.60     |668.20   |668.20   |651.20   |655.00   |659.80    |-19.60    |-14.80    |15        |16          |0        |98.96        |                       
2021-04-08 |ZC104        |686.00     |0.00     |0.00     |0.00     |0.00     |671.20    |-14.80    |-14.80    |200       |0           |-2,200   |1,342.40     |699.40                 
2021-04-08 |ZC105        |703.20     |690.00   |694.60   |679.40   |689.40   |688.00    |-13.80    |-15.20    |534,944   |178,302     |-1,327   |3,679,936.12 |                       
2021-04-08 |ZC106        |695.80     |680.80   |691.00   |676.80   |686.00   |683.60    |-9.80     |-12.20    |13,194    |12,840      |-414     |90,181.46    |                       
2021-04-08 |ZC107        |697.40     |686.60   |694.60   |679.80   |689.20   |687.00    |-8.20     |-10.40    |51,234    |51,302      |2,072    |351,984.06   |                       
2021-04-08 |ZC108        |688.40     |677.40   |685.40   |670.00   |679.60   |677.60    |-8.80     |-10.80    |5,422     |1,352       |9        |36,737.39    |                       
2021-04-08 |ZC109        |677.40     |668.80   |677.60   |661.60   |672.20   |669.80    |-5.20     |-7.60     |93,442    |58,176      |4,199    |625,863.13   |                       
2021-04-08 |ZC110        |673.80     |678.20   |678.20   |673.00   |674.20   |676.00    |0.40      |2.20      |4         |74          |-2       |27.04        |                       
2021-04-08 |ZC111        |675.80     |671.60   |678.40   |663.80   |673.40   |670.00    |-2.40     |-5.80     |148       |1,363       |41       |991.66       |                       
2021-04-08 |ZC112        |673.00     |667.00   |667.00   |662.20   |662.20   |664.20    |-10.80    |-8.80     |3         |1,247       |-1       |19.93        |                       
2021-04-08 |ZC201        |670.20     |665.20   |672.00   |658.60   |666.40   |664.80    |-3.80     |-5.40     |1,187     |12,162      |93       |7,889.99     |                       
2021-04-08 |ZC202        |668.40     |662.40   |666.80   |657.00   |660.60   |660.80    |-7.80     |-7.60     |21        |630         |3        |138.78       |                       
2021-04-08 |ZC203        |659.80     |655.20   |655.20   |650.00   |655.20   |654.20    |-4.60     |-5.60     |5         |20          |4        |32.71        |                       
2021-04-09 |ZC105        |688.00     |691.60   |692.80   |675.00   |676.80   |684.40    |-11.20    |-3.60     |464,658   |165,784     |-12,518  |3,180,486.47 |                       
2021-04-09 |ZC106        |683.60     |688.20   |690.20   |677.00   |677.20   |683.60    |-6.40     |0.00      |13,427    |12,728      |-112     |91,782.57    |                       
2021-04-09 |ZC107        |687.00     |692.00   |692.80   |680.20   |680.60   |686.60    |-6.40     |-0.40     |54,318    |54,613      |3,311    |372,989.40   |                       
2021-04-09 |ZC108        |677.60     |682.20   |683.60   |671.80   |672.20   |676.80    |-5.40     |-0.80     |4,697     |1,532       |180      |31,786.69    |                       
2021-04-09 |ZC109        |669.80     |675.00   |675.00   |664.00   |665.40   |668.60    |-4.40     |-1.20     |82,885    |61,125      |2,949    |554,162.47   |                       
2021-04-09 |ZC110        |676.00     |670.80   |670.80   |661.40   |665.60   |665.80    |-10.40    |-10.20    |11        |77          |3        |73.24        |                       
2021-04-09 |ZC111        |670.00     |674.60   |677.00   |660.00   |665.20   |669.00    |-4.80     |-1.00     |286       |1,306       |-57      |1,913.57     |                       
2021-04-09 |ZC112        |664.20     |665.20   |670.60   |659.60   |659.60   |663.80    |-4.60     |-0.40     |15        |1,247       |0        |99.58        |                       
2021-04-09 |ZC201        |664.80     |667.40   |668.20   |655.00   |657.00   |661.60    |-7.80     |-3.20     |1,890     |12,100      |-62      |12,503.51    |                       
2021-04-09 |ZC202        |660.80     |650.20   |659.80   |650.20   |654.80   |655.20    |-6.00     |-5.60     |20        |635         |5        |131.05       |                       
2021-04-09 |ZC203        |654.20     |654.00   |654.00   |646.00   |646.40   |649.80    |-7.80     |-4.40     |8         |26          |6        |51.98        |                       
2021-04-09 |ZC204        |654.20     |0.00     |0.00     |0.00     |0.00     |654.20    |0.00      |0.00      |0         |0           |0        |0.00         |                       
2021-04-12 |ZC105        |684.40     |678.00   |718.40   |672.80   |709.20   |697.40    |24.80     |13.00     |657,568   |174,828     |9,044    |4,585,952.04 |                       
2021-04-12 |ZC106        |683.60     |676.40   |710.60   |673.80   |703.40   |696.00    |19.80     |12.40     |19,251    |12,713      |-15      |133,978.56   |                       
2021-04-12 |ZC107        |686.60     |680.40   |710.00   |676.80   |703.40   |697.40    |16.80     |10.80     |85,602    |60,977      |6,364    |596,916.02   |                       
2021-04-12 |ZC108        |676.80     |674.80   |697.60   |669.20   |691.40   |686.20    |14.60     |9.40      |7,167     |1,423       |-109     |49,184.35    |                       
2021-04-12 |ZC109        |668.60     |666.00   |685.00   |662.00   |679.00   |673.60    |10.40     |5.00      |118,223   |68,946      |7,821    |796,360.60   |                       
2021-04-12 |ZC110        |665.80     |670.40   |680.60   |670.00   |680.60   |672.40    |14.80     |6.60      |18        |77          |0        |121.05       |                       
2021-04-12 |ZC111        |669.00     |663.40   |682.80   |663.20   |677.00   |673.80    |8.00      |4.80      |308       |1,241       |-65      |2,075.54     |                       
2021-04-12 |ZC112        |663.80     |663.40   |674.20   |663.40   |674.20   |666.60    |10.40     |2.80      |9         |1,246       |-1       |60.00        |                       
2021-04-12 |ZC201        |661.60     |657.20   |671.20   |654.60   |665.40   |664.80    |3.80      |3.20      |2,307     |11,866      |-234     |15,337.10    |                       
2021-04-12 |ZC202        |655.20     |640.80   |665.80   |640.80   |661.20   |657.60    |6.00      |2.40      |34        |626         |-9       |223.55       |                       
2021-04-12 |ZC203        |649.80     |648.60   |662.80   |648.60   |659.00   |656.60    |9.20      |6.80      |37        |42          |16       |242.92       |                       
2021-04-12 |ZC204        |654.20     |660.00   |660.00   |660.00   |660.00   |660.00    |5.80      |5.80      |1         |1           |1        |6.60         |                       
2021-04-13 |ZC105        |697.40     |711.40   |732.60   |708.40   |728.00   |720.60    |30.60     |23.20     |558,101   |185,606     |10,778   |4,021,251.33 |                       
2021-04-13 |ZC106        |696.00     |707.00   |725.20   |703.60   |720.80   |715.20    |24.80     |19.20     |19,513    |13,318      |605      |139,547.53   |                       
2021-04-13 |ZC107        |697.40     |709.00   |724.60   |703.40   |720.00   |714.60    |22.60     |17.20     |70,295    |70,471      |9,494    |502,291.98   |                       
2021-04-13 |ZC108        |686.20     |693.80   |710.60   |691.00   |705.80   |701.80    |19.60     |15.60     |5,089     |1,584       |161      |35,709.35    |                       
2021-04-13 |ZC109        |673.60     |680.00   |694.40   |675.40   |689.20   |684.20    |15.60     |10.60     |105,470   |75,644      |6,698    |721,599.38   |                       
2021-04-13 |ZC110        |672.40     |680.00   |690.20   |674.00   |687.80   |680.80    |15.40     |8.40      |10        |74          |-3       |68.07        |                       
2021-04-13 |ZC111        |673.80     |679.60   |690.80   |674.00   |686.60   |683.40    |12.80     |9.60      |318       |1,073       |-168     |2,173.08     |                       
2021-04-13 |ZC112        |666.60     |668.40   |683.00   |668.40   |680.00   |677.40    |13.40     |10.80     |7         |1,248       |2        |47.42        |                       
2021-04-13 |ZC201        |664.80     |667.40   |681.60   |662.40   |676.80   |670.40    |12.00     |5.60      |1,695     |11,385      |-481     |11,364.86    |                       
2021-04-13 |ZC202        |657.60     |656.20   |672.80   |656.20   |670.40   |662.20    |12.80     |4.60      |61        |571         |-55      |403.90       |                       
2021-04-13 |ZC203        |656.60     |655.60   |666.20   |655.60   |666.20   |661.20    |9.60      |4.60      |3         |42          |0        |19.83        |                       
2021-04-13 |ZC204        |660.00     |0.00     |0.00     |0.00     |0.00     |661.00    |1.00      |1.00      |0         |1           |0        |0.00         |                       
2021-04-14 |ZC105        |720.60     |732.00   |742.60   |713.40   |739.40   |727.40    |18.80     |6.80      |1,104,151 |190,204     |4,598    |8,032,323.16 |                       
2021-04-14 |ZC106        |715.20     |724.00   |742.40   |701.40   |731.80   |720.20    |16.60     |5.00      |49,214    |16,099      |2,781    |354,430.64   |                       
2021-04-14 |ZC107        |714.60     |725.60   |741.80   |702.20   |733.60   |720.80    |19.00     |6.20      |198,266   |75,565      |5,094    |1,429,132.35 |                       
2021-04-14 |ZC108        |701.80     |709.00   |727.20   |691.40   |719.00   |706.60    |17.20     |4.80      |20,247    |1,714       |130      |143,050.17   |                       
2021-04-14 |ZC109        |684.20     |693.00   |709.40   |679.80   |702.40   |692.80    |18.20     |8.60      |264,502   |91,514      |15,870   |1,832,439.90 |                       
2021-04-14 |ZC110        |680.80     |678.80   |698.00   |678.80   |698.00   |686.60    |17.20     |5.80      |7         |75          |1        |48.06        |                       
2021-04-14 |ZC111        |683.40     |692.00   |706.20   |678.00   |698.00   |690.00    |14.60     |6.60      |663       |1,007       |-66      |4,574.18     |                       
2021-04-14 |ZC112        |677.40     |693.60   |693.60   |675.40   |680.00   |684.80    |2.60      |7.40      |5         |1,247       |-1       |34.24        |                       
2021-04-14 |ZC201        |670.40     |680.20   |698.20   |671.20   |687.60   |681.80    |17.20     |11.40     |4,089     |11,475      |90       |27,878.52    |                       
2021-04-14 |ZC202        |662.20     |679.60   |687.80   |667.40   |678.60   |679.00    |16.40     |16.80     |27        |564         |-7       |183.35       |                       
2021-04-14 |ZC203        |661.20     |678.80   |682.00   |666.00   |675.40   |676.80    |14.20     |15.60     |6         |44          |2        |40.61        |                       
2021-04-14 |ZC204        |661.00     |0.00     |0.00     |0.00     |0.00     |661.00    |0.00      |0.00      |0         |1           |0        |0.00         |                       
2021-04-15 |ZC105        |727.40     |742.40   |755.80   |736.40   |754.40   |746.60    |27.00     |19.20     |596,736   |212,051     |21,847   |4,455,712.37 |                       
2021-04-15 |ZC106        |720.20     |735.20   |740.20   |729.60   |739.20   |735.60    |19.00     |15.40     |16,364    |17,577      |1,478    |120,384.59   |                       
2021-04-15 |ZC107        |720.80     |735.00   |740.00   |730.60   |739.20   |735.80    |18.40     |15.00     |74,254    |83,469      |7,904    |546,359.21   |                       
2021-04-15 |ZC108        |706.60     |722.00   |725.60   |716.20   |724.60   |721.20    |18.00     |14.60     |6,256     |1,877       |163      |45,117.75    |                       
2021-04-15 |ZC109        |692.80     |702.80   |711.20   |698.00   |708.20   |703.60    |15.40     |10.80     |136,264   |98,119      |6,605    |958,647.75   |                       
2021-04-15 |ZC110        |686.60     |698.00   |702.00   |694.40   |698.00   |698.20    |11.40     |11.60     |8         |76          |1        |55.86        |                       
2021-04-15 |ZC111        |690.00     |700.60   |706.40   |695.00   |704.80   |700.20    |14.80     |10.20     |228       |1,009       |2        |1,596.30     |                       
2021-04-15 |ZC112        |684.80     |689.00   |697.00   |689.00   |692.00   |692.60    |7.20      |7.80      |15        |1,255       |8        |103.90       |                       
2021-04-15 |ZC201        |681.80     |689.80   |696.00   |685.80   |694.60   |690.60    |12.80     |8.80      |1,297     |11,548      |73       |8,956.12     |                       
2021-04-15 |ZC202        |679.00     |682.60   |687.20   |682.60   |687.20   |685.00    |8.20      |6.00      |8         |564         |0        |54.80        |                       
2021-04-15 |ZC203        |676.80     |673.80   |684.80   |673.80   |684.80   |681.00    |8.00      |4.20      |5         |47          |3        |34.05        |                       
2021-04-15 |ZC204        |661.00     |0.00     |0.00     |0.00     |0.00     |665.20    |4.20      |4.20      |0         |1           |0        |0.00         |                       
2021-04-16 |ZC105        |746.60     |750.00   |775.00   |742.80   |761.20   |761.20    |14.60     |14.60     |821,055   |177,638     |-34,413  |6,250,471.79 |                       
2021-04-16 |ZC106        |735.60     |737.80   |753.60   |728.20   |734.80   |741.60    |-0.80     |6.00      |36,456    |18,374      |797      |270,363.95   |                       
2021-04-16 |ZC107        |735.80     |738.00   |749.20   |724.00   |730.00   |737.60    |-5.80     |1.80      |175,379   |93,238      |9,769    |1,293,537.67 |                       
2021-04-16 |ZC108        |721.20     |723.40   |734.60   |709.00   |715.20   |723.20    |-6.00     |2.00      |16,825    |1,628       |-249     |121,690.17   |                       
2021-04-16 |ZC109        |703.60     |709.00   |719.80   |697.40   |704.20   |708.40    |0.60      |4.80      |276,621   |116,686     |18,567   |1,959,528.94 |                       
2021-04-16 |ZC110        |698.20     |702.00   |715.20   |696.20   |703.00   |707.80    |4.80      |9.60      |43        |94          |18       |304.35       |                       
2021-04-16 |ZC111        |700.20     |704.60   |715.80   |696.00   |703.20   |705.60    |3.00      |5.40      |408       |1,054       |45       |2,878.76     |                       
2021-04-16 |ZC112        |692.60     |695.80   |707.00   |691.00   |691.00   |699.40    |-1.60     |6.80      |11        |1,258       |3        |76.94        |                       
2021-04-16 |ZC201        |690.60     |694.60   |706.20   |688.80   |695.00   |697.80    |4.40      |7.20      |3,273     |12,099      |551      |22,838.39    |                       
2021-04-16 |ZC202        |685.00     |689.60   |696.40   |686.00   |686.00   |693.80    |1.00      |8.80      |319       |871         |307      |2,213.11     |                       
2021-04-16 |ZC203        |681.00     |687.00   |692.00   |683.00   |683.60   |686.60    |2.60      |5.60      |19        |53          |6        |130.46       |                       
2021-04-16 |ZC204        |665.20     |663.20   |689.80   |663.20   |680.00   |678.20    |14.80     |13.00     |31        |9           |8        |210.25       |                       
2021-04-19 |ZC105        |761.20     |762.00   |794.80   |757.80   |788.00   |778.20    |26.80     |17.00     |494,683   |176,349     |-1,289   |3,849,706.74 |                       
2021-04-19 |ZC106        |741.60     |735.20   |764.40   |731.20   |761.00   |753.20    |19.40     |11.60     |30,041    |20,929      |2,555    |226,278.94   |                       
2021-04-19 |ZC107        |737.60     |727.60   |755.40   |726.40   |752.20   |745.00    |14.60     |7.40      |141,027   |101,164     |7,926    |1,050,664.16 |                       
2021-04-19 |ZC108        |723.20     |714.40   |736.40   |711.20   |733.20   |725.80    |10.00     |2.60      |8,317     |1,425       |-203     |60,368.96    |                       
2021-04-19 |ZC109        |708.40     |702.00   |724.20   |701.00   |719.20   |714.60    |10.80     |6.20      |225,675   |124,010     |7,324    |1,612,599.31 |                       
2021-04-19 |ZC110        |707.80     |709.60   |720.60   |709.60   |715.80   |716.80    |8.00      |9.00      |19        |95          |1        |136.21       |                       
2021-04-19 |ZC111        |705.60     |700.80   |719.80   |694.60   |716.40   |710.40    |10.80     |4.80      |177       |1,028       |-26      |1,257.42     |                       
2021-04-19 |ZC112        |699.40     |688.00   |711.40   |688.00   |708.60   |694.40    |9.20      |-5.00     |15        |1,261       |3        |104.17       |                       
2021-04-19 |ZC201        |697.80     |694.40   |711.60   |692.40   |707.20   |704.20    |9.40      |6.40      |1,701     |12,126      |27       |11,977.59    |                       
2021-04-19 |ZC202        |693.80     |689.00   |696.80   |689.00   |696.80   |692.60    |3.00      |-1.20     |9         |870         |-1       |62.33        |                       
2021-04-19 |ZC203        |686.60     |678.40   |696.20   |678.40   |696.20   |692.20    |9.60      |5.60      |8         |53          |0        |55.38        |                       
2021-04-19 |ZC204        |678.20     |681.60   |702.80   |681.60   |702.80   |689.40    |24.60     |11.20     |3         |10          |1        |20.68        |                       
2021-04-20 |ZC105        |778.20     |783.60   |792.00   |774.20   |782.20   |782.60    |4.00      |4.40      |269,905   |152,079     |-24,270  |2,112,450.80 |                       
2021-04-20 |ZC106        |753.20     |761.20   |762.00   |743.40   |750.80   |752.80    |-2.40     |-0.40     |26,313    |21,411      |482      |198,084.19   |                       
2021-04-20 |ZC107        |745.00     |753.80   |753.80   |731.60   |737.80   |741.20    |-7.20     |-3.80     |151,080   |101,838     |674      |1,119,854.31 |                       
2021-04-20 |ZC108        |725.80     |733.20   |736.00   |715.80   |723.20   |724.20    |-2.60     |-1.60     |10,031    |1,677       |252      |72,647.13    |                       
2021-04-20 |ZC109        |714.60     |715.60   |721.60   |705.40   |712.60   |713.40    |-2.00     |-1.20     |308,579   |136,164     |12,154   |2,201,641.64 |                       
2021-04-20 |ZC110        |716.80     |716.60   |719.80   |708.00   |709.40   |714.20    |-7.40     |-2.60     |5         |93          |-2       |35.71        |                       
2021-04-20 |ZC111        |710.40     |712.80   |718.60   |703.40   |710.00   |710.80    |-0.40     |0.40      |177       |1,019       |-9       |1,257.95     |                       
2021-04-20 |ZC112        |694.40     |711.60   |711.60   |700.60   |702.60   |706.60    |8.20      |12.20     |4         |1,261       |0        |28.26        |                       
2021-04-20 |ZC201        |704.20     |705.60   |710.00   |695.80   |701.80   |702.40    |-2.40     |-1.80     |1,859     |12,250      |124      |13,058.03    |                       
2021-04-20 |ZC202        |692.60     |691.00   |696.20   |690.20   |693.00   |692.80    |0.40      |0.20      |12        |871         |1        |83.13        |                       
2021-04-20 |ZC203        |692.20     |696.40   |696.40   |687.80   |687.80   |693.60    |-4.40     |1.40      |3         |52          |-1       |20.81        |                       
2021-04-20 |ZC204        |689.40     |0.00     |0.00     |0.00     |0.00     |689.40    |0.00      |0.00      |0         |10          |0        |0.00         |                       
2021-04-21 |ZC105        |782.60     |778.40   |783.00   |765.00   |773.40   |774.60    |-9.20     |-8.00     |189,688   |130,348     |-21,731  |1,469,337.66 |                       
2021-04-21 |ZC106        |752.80     |748.20   |748.40   |734.20   |743.20   |740.00    |-9.60     |-12.80    |30,151    |20,016      |-1,395   |223,144.01   |                       
2021-04-21 |ZC107        |741.20     |735.00   |739.00   |723.40   |738.00   |731.60    |-3.20     |-9.60     |150,536   |103,856     |2,018    |1,101,235.40 |                       
2021-04-21 |ZC108        |724.20     |721.40   |728.60   |710.00   |728.60   |717.80    |4.40      |-6.40     |15,300    |2,210       |533      |109,811.91   |                       
2021-04-21 |ZC109        |713.40     |712.00   |722.20   |702.00   |722.00   |710.60    |8.60      |-2.80     |469,556   |154,232     |18,068   |3,337,088.36 |                       
2021-04-21 |ZC110        |714.20     |716.80   |716.80   |716.80   |716.80   |716.80    |2.60      |2.60      |1         |93          |0        |7.17         |                       
2021-04-21 |ZC111        |710.80     |706.60   |718.00   |700.40   |718.00   |708.20    |7.20      |-2.60     |231       |973         |-46      |1,635.99     |                       
2021-04-21 |ZC112        |706.60     |698.80   |710.00   |698.80   |710.00   |704.40    |3.40      |-2.20     |2         |1,260       |-1       |14.09        |                       
2021-04-21 |ZC201        |702.40     |700.40   |708.20   |692.00   |708.20   |699.00    |5.80      |-3.40     |2,796     |12,307      |57       |19,546.20    |                       
2021-04-21 |ZC202        |692.80     |690.20   |696.00   |688.00   |696.00   |691.60    |3.20      |-1.20     |23        |868         |-3       |159.07       |                       
2021-04-21 |ZC203        |693.60     |683.80   |694.00   |682.00   |694.00   |686.40    |0.40      |-7.20     |20        |51          |-1       |137.28       |                       
2021-04-21 |ZC204        |689.40     |681.00   |689.20   |681.00   |689.20   |683.80    |-0.20     |-5.60     |3         |12          |2        |20.51        |                       
2021-04-22 |ZC105        |774.60     |770.60   |785.20   |761.00   |777.20   |775.60    |2.60      |1.00      |161,087   |83,330      |-47,018  |1,249,530.07 |                       
2021-04-22 |ZC106        |740.00     |742.00   |768.00   |740.00   |765.60   |759.80    |25.60     |19.80     |36,801    |19,464      |-552     |279,586.97   |                       
2021-04-22 |ZC107        |731.60     |738.00   |767.80   |738.00   |765.00   |758.20    |33.40     |26.60     |216,327   |123,022     |19,166   |1,640,092.19 |                       
2021-04-22 |ZC108        |717.80     |730.60   |758.80   |729.40   |756.80   |750.00    |39.00     |32.20     |14,458    |2,500       |290      |108,420.26   |                       
2021-04-22 |ZC109        |710.60     |724.20   |752.60   |722.60   |750.20   |743.40    |39.60     |32.80     |834,405   |223,456     |69,224   |6,202,749.09 |                       
2021-04-22 |ZC110        |716.80     |721.20   |748.00   |721.20   |741.00   |740.60    |24.20     |23.80     |33        |94          |1        |244.37       |                       
2021-04-22 |ZC111        |708.20     |720.00   |747.40   |719.20   |746.00   |738.20    |37.80     |30.00     |509       |988         |15       |3,757.04     |                       
2021-04-22 |ZC112        |704.40     |712.00   |741.00   |712.00   |741.00   |731.00    |36.60     |26.60     |22        |1,258       |-2       |160.80       |                       
2021-04-22 |ZC201        |699.00     |709.80   |738.80   |708.00   |736.40   |727.40    |37.40     |28.40     |7,416     |14,367      |2,060    |53,936.75    |                       
2021-04-22 |ZC202        |691.60     |701.20   |729.00   |701.20   |729.00   |721.00    |37.40     |29.40     |55        |880         |12       |396.49       |                       
2021-04-22 |ZC203        |686.40     |703.00   |723.60   |703.00   |723.60   |715.80    |37.20     |29.40     |24        |50          |-1       |171.81       |                       
2021-04-22 |ZC204        |683.80     |716.60   |716.60   |705.60   |714.80   |712.40    |31.00     |28.60     |3         |13          |1        |21.37        |                       
2021-04-23 |ZC105        |775.60     |776.60   |785.00   |768.00   |785.00   |775.40    |9.40      |-0.20     |59,741    |64,184      |-19,146  |463,196.07   |                       
2021-04-23 |ZC106        |759.80     |767.60   |767.60   |753.00   |763.00   |762.80    |3.20      |3.00      |26,036    |19,902      |438      |198,337.15   |                       
2021-04-23 |ZC107        |758.20     |762.00   |766.80   |748.80   |761.60   |759.80    |3.40      |1.60      |150,004   |126,144     |3,122    |1,139,775.65 |                       
2021-04-23 |ZC108        |750.00     |756.80   |758.80   |741.60   |752.20   |751.00    |2.20      |1.00      |12,486    |2,363       |-137     |93,780.57    |                       
2021-04-23 |ZC109        |743.40     |752.60   |752.80   |735.20   |745.40   |744.80    |2.00      |1.40      |677,210   |218,933     |-4,523   |5,044,025.82 |                       
2021-04-23 |ZC110        |740.60     |747.00   |748.20   |740.00   |740.00   |744.40    |-0.60     |3.80      |20        |91          |-3       |148.90       |                       
2021-04-23 |ZC111        |738.20     |746.80   |748.00   |733.00   |739.00   |741.20    |0.80      |3.00      |286       |1,023       |35       |2,119.83     |                       
2021-04-23 |ZC112        |731.00     |740.20   |740.20   |730.00   |735.00   |734.80    |4.00      |3.80      |6         |1,258       |0        |44.09        |                       
2021-04-23 |ZC201        |727.40     |736.60   |739.80   |725.00   |734.40   |732.80    |7.00      |5.40      |5,349     |14,905      |538      |39,194.59    |                       
2021-04-23 |ZC202        |721.00     |727.20   |730.20   |717.60   |723.00   |723.80    |2.00      |2.80      |180       |1,027       |147      |1,302.84     |                       
2021-04-23 |ZC203        |715.80     |721.80   |726.60   |713.00   |721.20   |721.00    |5.40      |5.20      |20        |48          |-2       |144.19       |                       
2021-04-23 |ZC204        |712.40     |714.40   |719.40   |710.00   |713.40   |714.40    |1.00      |2.00      |6         |14          |1        |42.86        |                       
2021-04-26 |ZC105        |775.40     |781.60   |790.00   |776.00   |778.80   |781.60    |3.40      |6.20      |33,156    |51,871      |-12,313  |259,138.93   |                       
2021-04-26 |ZC106        |762.80     |760.00   |775.80   |752.20   |756.00   |764.00    |-6.80     |1.20      |29,958    |20,489      |587      |228,869.86   |                       
2021-04-26 |ZC107        |759.80     |764.00   |779.00   |752.40   |757.80   |765.20    |-2.00     |5.40      |189,102   |131,092     |4,948    |1,446,816.44 |                       
2021-04-26 |ZC108        |751.00     |750.20   |771.40   |743.00   |746.80   |756.60    |-4.20     |5.60      |15,258    |2,288       |-75      |115,429.70   |                       
2021-04-26 |ZC109        |744.80     |743.80   |765.80   |735.20   |738.60   |748.40    |-6.20     |3.60      |920,320   |226,143     |7,210    |6,888,451.12 |                       
2021-04-26 |ZC110        |744.40     |748.00   |759.40   |734.40   |734.40   |748.00    |-10.00    |3.60      |11        |90          |-1       |82.27        |                       
2021-04-26 |ZC111        |741.20     |739.80   |760.00   |731.80   |734.60   |747.20    |-6.60     |6.00      |514       |792         |-231     |3,840.86     |                       
2021-04-26 |ZC112        |734.80     |738.60   |748.80   |729.00   |729.00   |739.80    |-5.80     |5.00      |11        |1,255       |-3       |81.37        |                       
2021-04-26 |ZC201        |732.80     |732.00   |752.20   |724.40   |727.00   |736.80    |-5.80     |4.00      |6,410     |14,552      |-353     |47,227.55    |                       
2021-04-26 |ZC202        |723.80     |696.20   |743.60   |696.20   |720.00   |726.20    |-3.80     |2.40      |22        |1,030       |3        |159.75       |                       
2021-04-26 |ZC203        |721.00     |723.80   |734.60   |704.60   |714.20   |717.40    |-6.80     |-3.60     |32        |66          |18       |229.55       |                       
2021-04-26 |ZC204        |714.40     |722.60   |722.60   |702.00   |702.00   |712.40    |-12.40    |-2.00     |20        |34          |20       |142.46       |                       
2021-04-27 |ZC105        |781.60     |779.20   |790.00   |775.00   |786.80   |785.00    |5.20      |3.40      |15,772    |46,088      |-5,783   |123,808.00   |                       
2021-04-27 |ZC106        |764.00     |752.40   |772.00   |751.80   |769.00   |765.20    |5.00      |1.20      |27,372    |21,016      |527      |209,441.78   |                       
2021-04-27 |ZC107        |765.20     |755.00   |770.00   |753.00   |767.00   |764.60    |1.80      |-0.60     |115,633   |132,701     |1,609    |884,168.69   |                       
2021-04-27 |ZC108        |756.60     |743.60   |757.00   |741.00   |752.40   |751.00    |-4.20     |-5.60     |6,795     |2,356       |68       |51,036.34    |                       
2021-04-27 |ZC109        |748.40     |734.60   |746.80   |732.00   |740.00   |740.80    |-8.40     |-7.60     |606,506   |224,672     |-1,471   |4,493,420.87 |                       
2021-04-27 |ZC110        |748.00     |741.00   |741.00   |736.20   |738.20   |738.40    |-9.80     |-9.60     |95        |150         |60       |701.54       |                       
2021-04-27 |ZC111        |747.20     |731.60   |740.60   |730.00   |733.80   |735.60    |-13.40    |-11.60    |304       |736         |-56      |2,235.99     |                       
2021-04-27 |ZC112        |739.80     |735.20   |735.60   |735.00   |735.60   |735.20    |-4.20     |-4.60     |3         |1,254       |-1       |22.06        |                       
2021-04-27 |ZC201        |736.80     |724.20   |732.80   |720.80   |726.20   |727.80    |-10.60    |-9.00     |4,562     |15,232      |680      |33,199.64    |                       
2021-04-27 |ZC202        |726.20     |722.20   |722.60   |719.40   |722.00   |721.00    |-4.20     |-5.20     |79        |1,098       |68       |569.59       |                       
2021-04-27 |ZC203        |717.40     |715.60   |719.00   |701.60   |704.00   |712.00    |-13.40    |-5.40     |24        |75          |9        |170.87       |                       
2021-04-27 |ZC204        |712.40     |700.00   |700.00   |700.00   |700.00   |700.00    |-12.40    |-12.40    |5         |39          |5        |35.00        |                       
2021-04-28 |ZC105        |785.00     |787.20   |802.80   |785.20   |801.40   |794.40    |16.40     |9.40      |24,539    |34,303      |-11,785  |194,938.10   |                       
2021-04-28 |ZC106        |765.20     |770.00   |799.20   |765.40   |795.60   |781.40    |30.40     |16.20     |40,481    |18,184      |-2,832   |316,276.30   |                       
2021-04-28 |ZC107        |764.60     |768.00   |792.80   |763.00   |789.80   |777.20    |25.20     |12.60     |162,706   |145,389     |12,688   |1,264,494.23 |                       
2021-04-28 |ZC108        |751.00     |753.20   |775.60   |748.40   |773.20   |761.60    |22.20     |10.60     |8,683     |2,108       |-248     |66,132.57    |                       
2021-04-28 |ZC109        |740.80     |740.00   |761.40   |735.60   |758.00   |748.20    |17.20     |7.40      |865,568   |261,120     |36,448   |6,476,042.69 |                       
2021-04-28 |ZC110        |738.40     |746.00   |756.40   |735.40   |750.60   |736.80    |12.20     |-1.60     |133       |272         |122      |979.88       |                       
2021-04-28 |ZC111        |735.60     |733.60   |753.00   |730.20   |750.40   |740.60    |14.80     |5.00      |428       |772         |36       |3,169.99     |                       
2021-04-28 |ZC112        |735.20     |735.00   |747.60   |732.80   |743.20   |735.40    |8.00      |0.20      |78        |1,212       |-42      |573.56       |                       
2021-04-28 |ZC201        |727.80     |728.00   |746.00   |722.80   |743.00   |734.00    |15.20     |6.20      |7,056     |15,325      |93       |51,794.17    |                       
2021-04-28 |ZC202        |721.00     |724.40   |724.40   |717.40   |717.40   |717.60    |-3.60     |-3.40     |122       |1,218       |120      |875.36       |                       
2021-04-28 |ZC203        |712.00     |719.00   |730.00   |717.00   |730.00   |722.40    |18.00     |10.40     |58        |119         |44       |418.95       |                       
2021-04-28 |ZC204        |700.00     |718.80   |722.20   |718.80   |722.20   |720.00    |22.20     |20.00     |40        |79          |40       |288.03       |                       
2021-04-29 |ZC105        |794.40     |800.00   |856.00   |799.80   |850.60   |823.20    |56.20     |28.80     |37,088    |19,470      |-14,833  |304,869.37   |                       
2021-04-29 |ZC106        |781.40     |793.00   |828.40   |791.20   |828.40   |813.60    |47.00     |32.20     |46,092    |18,499      |315      |374,960.39   |                       
2021-04-29 |ZC107        |777.20     |793.00   |824.00   |784.80   |824.00   |805.80    |46.80     |28.60     |188,296   |142,512     |-2,877   |1,517,199.66 |                       
2021-04-29 |ZC108        |761.60     |773.00   |807.40   |767.20   |805.20   |786.20    |43.60     |24.60     |9,277     |2,317       |209      |72,931.46    |                       
2021-04-29 |ZC109        |748.20     |758.00   |791.40   |752.60   |785.60   |773.20    |37.40     |25.00     |1,060,503 |294,273     |33,153   |8,200,525.76 |                       
2021-04-29 |ZC110        |736.80     |747.00   |781.20   |747.00   |781.20   |772.20    |44.40     |35.40     |88        |316         |44       |679.49       |                       
2021-04-29 |ZC111        |740.60     |750.00   |783.00   |745.00   |777.80   |766.80    |37.20     |26.20     |523       |873         |101      |4,010.28     |                       
2021-04-29 |ZC112        |735.40     |754.60   |777.00   |754.60   |774.00   |766.60    |38.60     |31.20     |30        |1,209       |-3       |230.00       |                       
2021-04-29 |ZC201        |734.00     |743.00   |775.60   |738.00   |769.60   |757.40    |35.60     |23.40     |12,069    |15,027      |-298     |91,413.05    |                       
2021-04-29 |ZC202        |717.60     |732.80   |760.80   |732.80   |758.40   |750.80    |40.80     |33.20     |127       |1,218       |0        |953.54       |                       
2021-04-29 |ZC203        |722.40     |725.80   |761.40   |725.80   |752.80   |747.00    |30.40     |24.60     |45        |123         |4        |336.11       |                       
2021-04-29 |ZC204        |720.00     |735.00   |753.40   |735.00   |753.40   |749.60    |33.40     |29.60     |11        |89          |10       |82.46        |                       
2021-04-30 |ZC105        |823.20     |847.00   |872.00   |840.20   |860.20   |851.20    |37.00     |28.00     |27,568    |8,252       |-11,218  |233,685.93   |                       
2021-04-30 |ZC106        |813.60     |840.00   |850.20   |824.00   |837.60   |835.40    |24.00     |21.80     |38,972    |15,465      |-3,034   |324,827.97   |                       
2021-04-30 |ZC107        |805.80     |828.00   |841.20   |816.00   |828.20   |826.40    |22.40     |20.60     |159,431   |128,357     |-14,155  |1,317,387.18 |                       
2021-04-30 |ZC108        |786.20     |805.20   |818.20   |795.80   |806.60   |804.80    |20.40     |18.60     |7,312     |2,164       |-153     |58,843.94    |                       
2021-04-30 |ZC109        |773.20     |784.00   |797.80   |778.20   |788.60   |786.80    |15.40     |13.60     |756,754   |262,937     |-31,336  |5,954,748.61 |                       
2021-04-30 |ZC110        |772.20     |786.80   |789.20   |769.60   |779.80   |782.20    |7.60      |10.00     |86        |322         |6        |672.63       |                       
2021-04-30 |ZC111        |766.80     |777.40   |790.00   |767.80   |781.40   |779.80    |14.60     |13.00     |480       |820         |-53      |3,742.54     |                       
2021-04-30 |ZC112        |766.60     |782.00   |782.00   |770.40   |774.00   |777.60    |7.40      |11.00     |8         |1,209       |0        |62.20        |                       
2021-04-30 |ZC201        |757.40     |768.20   |782.80   |762.00   |773.80   |771.00    |16.40     |13.60     |8,326     |14,518      |-509     |64,191.13    |                       
2021-04-30 |ZC202        |750.80     |768.40   |768.40   |752.40   |764.00   |761.60    |13.20     |10.80     |46        |1,244       |26       |350.35       |                       
2021-04-30 |ZC203        |747.00     |758.80   |761.60   |743.80   |755.00   |752.80    |8.00      |5.80      |23        |122         |-1       |173.12       |                       
2021-04-30 |ZC204        |749.60     |753.00   |753.00   |741.00   |748.00   |745.00    |-1.60     |-4.60     |17        |94          |5        |126.66       |                       
2021-05-06 |ZC105        |851.20     |865.00   |919.40   |865.00   |898.80   |891.00    |47.60     |39.80     |1,967     |6,770       |-1,482   |16,538.76    |803.40                 
2021-05-06 |ZC106        |835.40     |850.00   |902.40   |850.00   |902.40   |890.20    |67.00     |54.80     |20,221    |17,001      |1,536    |178,390.54   |                       
2021-05-06 |ZC107        |826.40     |845.00   |892.60   |840.00   |892.60   |881.40    |66.20     |55.00     |75,578    |133,498     |5,141    |666,073.34   |                       
2021-05-06 |ZC108        |804.80     |817.60   |869.20   |817.60   |869.20   |853.60    |64.40     |48.80     |2,425     |2,772       |608      |20,699.18    |                       
2021-05-06 |ZC109        |786.80     |798.20   |849.80   |798.20   |849.80   |835.20    |63.00     |48.40     |376,651   |274,818     |11,881   |3,145,895.33 |                       
2021-05-06 |ZC110        |782.20     |806.00   |844.80   |806.00   |844.60   |832.60    |62.40     |50.40     |174       |363         |41       |1,448.60     |                       
2021-05-06 |ZC111        |779.80     |791.20   |842.20   |791.20   |842.20   |830.00    |62.40     |50.20     |737       |1,196       |376      |6,117.20     |                       
2021-05-06 |ZC112        |777.60     |816.60   |840.00   |812.00   |839.80   |824.20    |62.20     |46.60     |27        |1,214       |5        |222.51       |                       
2021-05-06 |ZC201        |771.00     |784.00   |832.80   |784.00   |832.80   |818.60    |61.80     |47.60     |6,603     |16,134      |1,616    |54,051.77    |                       
2021-05-06 |ZC202        |761.60     |792.60   |821.00   |792.60   |821.00   |809.80    |59.40     |48.20     |130       |1,318       |74       |1,052.63     |                       
2021-05-06 |ZC203        |752.80     |780.00   |808.80   |776.80   |804.60   |802.00    |51.80     |49.20     |273       |368         |246      |2,189.21     |                       
2021-05-06 |ZC204        |745.00     |781.00   |797.20   |776.60   |797.20   |786.20    |52.20     |41.20     |21        |109         |15       |165.09       |                       
2021-05-07 |ZC105        |891.00     |880.20   |923.00   |880.00   |921.00   |911.80    |30.00     |20.80     |1,391     |6,241       |-529     |12,498.79    |816.40                 
2021-05-07 |ZC106        |890.20     |902.60   |943.00   |891.20   |934.80   |918.20    |44.60     |28.00     |30,987    |16,686      |-315     |284,056.32   |                       
2021-05-07 |ZC107        |881.40     |906.00   |939.60   |887.80   |932.00   |914.20    |50.60     |32.80     |202,900   |120,861     |-12,637  |1,855,003.38 |                       
2021-05-07 |ZC108        |853.60     |858.20   |900.00   |858.20   |892.80   |879.20    |39.20     |25.60     |6,113     |4,317       |1,545    |53,743.46    |                       
2021-05-07 |ZC109        |835.20     |848.20   |874.60   |838.20   |863.40   |855.60    |28.20     |20.40     |667,336   |248,449     |-26,369  |5,709,582.70 |                       
2021-05-07 |ZC110        |832.60     |845.20   |860.00   |830.60   |848.80   |841.60    |16.20     |9.00      |1,757     |587         |224      |14,788.11    |                       
2021-05-07 |ZC111        |830.00     |841.40   |857.80   |827.40   |847.40   |843.60    |17.40     |13.60     |887       |1,501       |305      |7,482.07     |                       
2021-05-07 |ZC112        |824.20     |841.40   |851.00   |820.20   |839.40   |835.00    |15.20     |10.80     |35        |1,218       |4        |292.27       |                       
2021-05-07 |ZC201        |818.60     |830.00   |849.00   |818.20   |838.00   |833.80    |19.40     |15.20     |8,781     |15,363      |-771     |73,216.68    |                       
2021-05-07 |ZC202        |809.80     |817.20   |829.80   |806.20   |814.00   |820.20    |4.20      |10.40     |855       |1,212       |-106     |7,012.79     |                       
2021-05-07 |ZC203        |802.00     |800.40   |816.20   |791.00   |807.60   |801.40    |5.60      |-0.60     |203       |492         |124      |1,626.99     |                       
2021-05-07 |ZC204        |786.20     |794.80   |800.00   |777.00   |800.00   |792.20    |13.80     |6.00      |59        |122         |13       |467.34       |                       
2021-05-10 |ZC105        |911.80     |900.20   |984.60   |900.20   |959.00   |961.00    |47.20     |49.20     |875       |3,667       |-2,574   |7,924.88     |835.00                 
2021-05-10 |ZC106        |918.20     |922.20   |952.00   |900.20   |945.80   |926.60    |27.60     |8.40      |43,108    |15,910      |-776     |390,051.27   |                       
2021-05-10 |ZC107        |914.20     |920.40   |949.00   |895.20   |946.20   |921.40    |32.00     |7.20      |195,423   |99,598      |-21,263  |1,800,630.20 |                       
2021-05-10 |ZC108        |879.20     |881.60   |918.60   |863.40   |916.00   |884.40    |36.80     |5.20      |7,181     |4,425       |108      |63,506.67    |                       
2021-05-10 |ZC109        |855.60     |852.00   |896.80   |836.20   |892.00   |865.00    |36.40     |9.40      |907,169   |227,888     |-20,561  |7,847,611.86 |                       
2021-05-10 |ZC110        |841.60     |834.80   |892.00   |826.60   |875.40   |862.00    |33.80     |20.40     |699       |554         |-33      |6,026.00     |                       
2021-05-10 |ZC111        |843.60     |838.00   |890.00   |824.00   |873.80   |863.60    |30.20     |20.00     |2,332     |2,916       |1,415    |20,140.62    |                       
2021-05-10 |ZC112        |835.00     |832.00   |882.80   |820.40   |882.60   |859.20    |47.60     |24.20     |63        |1,212       |-6       |541.32       |                       
2021-05-10 |ZC201        |833.80     |827.80   |884.00   |811.80   |881.20   |848.60    |47.40     |14.80     |18,285    |19,343      |3,980    |155,164.94   |                       
2021-05-10 |ZC202        |820.20     |807.20   |864.80   |800.00   |864.80   |847.40    |44.60     |27.20     |323       |988         |-224     |2,737.23     |                       
2021-05-10 |ZC203        |801.40     |801.20   |843.00   |782.60   |843.00   |816.20    |41.60     |14.80     |106       |522         |30       |865.11       |                       
2021-05-10 |ZC204        |792.20     |776.00   |820.00   |776.00   |820.00   |794.80    |27.80     |2.60      |90        |149         |27       |715.32       |                       
2021-05-11 |ZC105        |961.00     |959.00   |959.00   |958.80   |959.00   |959.00    |-2.00     |-2.00     |50        |2,618       |-1,049   |479.50       |853.40                 
2021-05-11 |ZC106        |926.60     |943.80   |1,000.00 |926.80   |966.60   |954.00    |40.00     |27.40     |18,283    |10,530      |-5,380   |174,422.24   |                       
2021-05-11 |ZC107        |921.40     |945.00   |995.20   |923.40   |969.00   |958.00    |47.60     |36.60     |114,791   |83,856      |-15,742  |1,099,771.29 |                       
2021-05-11 |ZC108        |884.40     |910.00   |955.00   |889.00   |932.00   |916.00    |47.60     |31.60     |3,578     |4,230       |-195     |32,774.59    |                       
2021-05-11 |ZC109        |865.00     |886.00   |917.00   |861.20   |900.20   |890.60    |35.20     |25.60     |741,269   |217,785     |-10,103  |6,601,726.82 |                       
2021-05-11 |ZC110        |862.00     |867.40   |913.80   |864.80   |897.20   |892.80    |35.20     |30.80     |683       |694         |140      |6,097.86     |                       
2021-05-11 |ZC111        |863.60     |877.00   |913.40   |860.00   |895.20   |892.60    |31.60     |29.00     |1,507     |3,061       |145      |13,450.94    |                       
2021-05-11 |ZC112        |859.20     |870.00   |908.00   |861.60   |891.40   |887.20    |32.20     |28.00     |42        |1,208       |-4       |372.60       |                       
2021-05-11 |ZC201        |848.60     |876.00   |899.60   |851.20   |886.80   |882.00    |38.20     |33.40     |15,385    |21,116      |1,773    |135,694.57   |                       
2021-05-11 |ZC202        |847.40     |853.00   |885.00   |841.40   |870.80   |871.80    |23.40     |24.40     |371       |662         |-326     |3,234.28     |                       
2021-05-11 |ZC203        |816.20     |830.00   |860.00   |825.60   |855.00   |841.20    |38.80     |25.00     |242       |424         |-98      |2,035.56     |                       
2021-05-11 |ZC204        |794.80     |813.00   |842.40   |804.40   |825.20   |820.60    |30.40     |25.80     |70        |144         |-5       |574.37       |                       
2021-05-12 |ZC105        |959.00     |959.00   |959.00   |882.40   |950.00   |911.80    |-9.00     |-47.20    |1,811     |0           |-2,618   |16,512.98    |867.00                 
2021-05-12 |ZC106        |954.00     |969.40   |1,000.00 |951.60   |964.40   |976.20    |10.40     |22.20     |10,293    |8,885       |-1,645   |100,489.66   |                       
2021-05-12 |ZC107        |958.00     |972.00   |1,007.00 |963.00   |976.20   |983.00    |18.20     |25.00     |84,324    |61,427      |-22,429  |828,816.96   |                       
2021-05-12 |ZC108        |916.00     |935.20   |971.20   |929.00   |959.00   |955.40    |43.00     |39.40     |2,904     |3,231       |-999     |27,746.34    |                       
2021-05-12 |ZC109        |890.60     |902.80   |944.20   |897.00   |943.80   |925.40    |53.20     |34.80     |561,512   |221,999     |4,214    |5,195,657.17 |                       
2021-05-12 |ZC110        |892.80     |915.00   |934.60   |894.20   |928.00   |914.00    |35.20     |21.20     |1,050     |1,114       |420      |9,597.19     |                       
2021-05-12 |ZC111        |892.60     |897.20   |933.00   |893.00   |927.20   |916.20    |34.60     |23.60     |1,934     |3,358       |297      |17,718.48    |                       
2021-05-12 |ZC112        |887.20     |905.00   |924.40   |895.00   |920.20   |916.20    |33.00     |29.00     |321       |1,394       |186      |2,941.01     |                       
2021-05-12 |ZC201        |882.00     |887.00   |922.80   |885.00   |920.40   |908.60    |38.40     |26.60     |11,561    |19,961      |-1,155   |105,046.79   |                       
2021-05-12 |ZC202        |871.80     |874.00   |900.40   |868.80   |900.40   |886.40    |28.60     |14.60     |44        |660         |-2       |390.05       |                       
2021-05-12 |ZC203        |841.20     |854.20   |876.80   |844.00   |871.00   |860.60    |29.80     |19.40     |70        |430         |6        |602.48       |                       
2021-05-12 |ZC204        |820.60     |831.60   |859.20   |831.00   |853.40   |848.60    |32.80     |28.00     |41        |146         |2        |347.95       |                       
2021-05-13 |ZC106        |976.20     |958.00   |958.20   |900.20   |918.60   |937.60    |-57.60    |-38.60    |6,738     |7,076       |-1,809   |63,178.32    |                       
2021-05-13 |ZC107        |983.00     |960.00   |973.80   |914.60   |926.00   |946.80    |-57.00    |-36.20    |63,137    |48,829      |-12,598  |597,793.41   |                       
2021-05-13 |ZC108        |955.40     |919.00   |950.20   |888.00   |898.80   |924.00    |-56.60    |-31.40    |1,667     |3,172       |-59      |15,401.49    |                       
2021-05-13 |ZC109        |925.40     |925.00   |938.60   |871.40   |883.00   |906.80    |-42.40    |-18.60    |744,170   |202,626     |-19,373  |6,747,475.80 |                       
2021-05-13 |ZC110        |914.00     |885.00   |926.20   |859.00   |875.40   |900.80    |-38.60    |-13.20    |761       |1,318       |204      |6,855.16     |                       
2021-05-13 |ZC111        |916.20     |902.20   |925.00   |861.60   |876.60   |901.00    |-39.60    |-15.20    |1,935     |4,216       |858      |17,433.31    |                       
2021-05-13 |ZC112        |916.20     |880.20   |916.80   |862.00   |868.80   |900.60    |-47.40    |-15.60    |288       |1,596       |202      |2,593.87     |                       
2021-05-13 |ZC201        |908.60     |905.40   |919.00   |858.00   |867.80   |893.00    |-40.80    |-15.60    |12,424    |20,852      |891      |110,941.21   |                       
2021-05-13 |ZC202        |886.40     |871.00   |888.80   |837.80   |847.80   |856.80    |-38.60    |-29.60    |35        |655         |-5       |299.89       |                       
2021-05-13 |ZC203        |860.60     |851.40   |870.00   |814.80   |819.80   |822.60    |-40.80    |-38.00    |285       |177         |-253     |2,344.28     |                       
2021-05-13 |ZC204        |848.60     |832.40   |845.80   |810.00   |825.80   |823.00    |-22.80    |-25.60    |34        |135         |-11      |279.85       |                       
2021-05-13 |ZC205        |848.60     |826.60   |858.80   |800.00   |823.20   |832.20    |-25.40    |-16.40    |59        |24          |24       |490.95       |                       
2021-05-14 |ZC106        |937.60     |917.80   |929.20   |862.00   |900.60   |899.00    |-37.00    |-38.60    |10,770    |4,939       |-2,137   |96,812.13    |                       
2021-05-14 |ZC107        |946.80     |918.80   |935.00   |852.80   |884.00   |892.60    |-62.80    |-54.20    |63,240    |41,241      |-7,588   |564,521.91   |                       
2021-05-14 |ZC108        |924.00     |898.00   |907.60   |831.60   |857.60   |862.80    |-66.40    |-61.20    |1,974     |3,029       |-143     |17,031.23    |                       
2021-05-14 |ZC109        |906.80     |880.00   |896.80   |834.20   |847.80   |865.60    |-59.00    |-41.20    |530,357   |171,448     |-31,178  |4,590,215.94 |                       
2021-05-14 |ZC110        |900.80     |871.00   |890.40   |828.60   |840.40   |864.00    |-60.40    |-36.80    |605       |1,356       |38       |5,227.09     |                       
2021-05-14 |ZC111        |901.00     |871.00   |891.40   |828.80   |840.00   |862.60    |-61.00    |-38.40    |1,340     |4,310       |94       |11,557.81    |                       
2021-05-14 |ZC112        |900.60     |860.00   |881.60   |828.40   |831.00   |854.80    |-69.60    |-45.80    |88        |1,581       |-15      |752.31       |                       
2021-05-14 |ZC201        |893.00     |863.80   |886.60   |821.40   |830.60   |852.00    |-62.40    |-41.00    |11,872    |20,572      |-280     |101,141.41   |                       
2021-05-14 |ZC202        |856.80     |828.20   |856.00   |788.20   |800.00   |814.60    |-56.80    |-42.20    |60        |652         |-3       |488.74       |                       
2021-05-14 |ZC203        |822.60     |818.00   |840.00   |766.60   |788.00   |797.80    |-34.60    |-24.80    |139       |197         |20       |1,108.99     |                       
2021-05-14 |ZC204        |823.00     |812.40   |826.00   |761.00   |780.80   |793.20    |-42.20    |-29.80    |68        |117         |-18      |539.39       |                       
2021-05-14 |ZC205        |832.20     |824.80   |829.20   |765.60   |777.20   |792.20    |-55.00    |-40.00    |91        |43          |19       |720.90       |                       
2021-05-17 |ZC106        |899.00     |910.80   |924.40   |896.80   |910.60   |911.20    |11.60     |12.20     |2,583     |4,092       |-847     |23,536.17    |                       
2021-05-17 |ZC107        |892.60     |888.00   |916.00   |872.20   |884.00   |895.40    |-8.60     |2.80      |35,168    |39,998      |-1,243   |314,865.47   |                       
2021-05-17 |ZC108        |862.80     |864.80   |885.00   |842.60   |851.60   |863.60    |-11.20    |0.80      |1,613     |3,127       |98       |13,931.28    |                       
2021-05-17 |ZC109        |865.60     |859.00   |873.00   |816.00   |833.20   |845.60    |-32.40    |-20.00    |477,624   |179,845     |8,397    |4,038,506.25 |                       
2021-05-17 |ZC110        |864.00     |860.40   |861.20   |803.20   |814.00   |831.00    |-50.00    |-33.00    |1,130     |1,697       |341      |9,389.90     |                       
2021-05-17 |ZC111        |862.60     |855.80   |860.80   |802.20   |815.80   |831.60    |-46.80    |-31.00    |1,290     |4,878       |568      |10,726.61    |                       
2021-05-17 |ZC112        |854.80     |838.40   |851.00   |796.00   |801.60   |822.20    |-53.20    |-32.60    |52        |1,575       |-6       |427.55       |                       
2021-05-17 |ZC201        |852.00     |837.00   |852.40   |792.80   |807.00   |823.20    |-45.00    |-28.80    |9,942     |22,120      |1,548    |81,847.99    |                       
2021-05-17 |ZC202        |814.60     |819.80   |819.80   |773.60   |782.60   |795.00    |-32.00    |-19.60    |35        |650         |-2       |278.25       |                       
2021-05-17 |ZC203        |797.80     |810.00   |812.00   |762.20   |762.20   |793.60    |-35.60    |-4.20     |31        |199         |2        |246.04       |                       
2021-05-17 |ZC204        |793.20     |804.20   |810.60   |765.00   |773.00   |779.80    |-20.20    |-13.40    |20        |113         |-4       |155.94       |                       
2021-05-17 |ZC205        |792.20     |790.80   |807.60   |758.20   |768.40   |781.40    |-23.80    |-10.80    |84        |68          |25       |656.42       |                       
2021-05-18 |ZC106        |911.20     |910.60   |913.20   |902.60   |907.00   |907.80    |-4.20     |-3.40     |1,320     |3,332       |-760     |11,982.58    |                       
2021-05-18 |ZC107        |895.40     |885.20   |900.60   |876.40   |899.40   |889.00    |4.00      |-6.40     |16,676    |39,196      |-802     |148,252.37   |                       
2021-05-18 |ZC108        |863.60     |852.60   |865.60   |842.80   |865.60   |856.80    |2.00      |-6.80     |731       |3,193       |66       |6,262.94     |                       
2021-05-18 |ZC109        |845.60     |827.80   |845.60   |818.00   |841.80   |832.20    |-3.80     |-13.40    |243,153   |171,944     |-7,901   |2,023,575.20 |                       
2021-05-18 |ZC110        |831.00     |817.00   |826.40   |800.40   |824.40   |810.00    |-6.60     |-21.00    |299       |1,764       |67       |2,421.68     |                       
2021-05-18 |ZC111        |831.60     |815.80   |827.60   |803.60   |826.40   |819.80    |-5.20     |-11.80    |620       |5,119       |241      |5,082.17     |                       
2021-05-18 |ZC112        |822.20     |800.60   |817.20   |795.80   |817.20   |807.20    |-5.00     |-15.00    |29        |1,574       |-1       |234.11       |                       
2021-05-18 |ZC201        |823.20     |803.20   |822.00   |794.60   |818.00   |807.00    |-5.20     |-16.20    |7,294     |24,168      |2,048    |58,868.35    |                       
2021-05-18 |ZC202        |795.00     |780.20   |795.60   |775.80   |795.60   |788.20    |0.60      |-6.80     |640       |1,251       |601      |5,044.26     |                       
2021-05-18 |ZC203        |793.60     |770.20   |788.20   |765.60   |788.00   |779.00    |-5.60     |-14.60    |630       |795         |596      |4,907.74     |                       
2021-05-18 |ZC204        |779.80     |773.00   |787.00   |773.00   |787.00   |781.80    |7.20      |2.00      |21        |125         |12       |164.17       |                       
2021-05-18 |ZC205        |781.40     |761.00   |782.00   |761.00   |781.00   |774.40    |-0.40     |-7.00     |259       |277         |209      |2,005.43     |                       
2021-05-19 |ZC106        |907.80     |910.60   |918.80   |896.20   |907.40   |908.80    |-0.40     |1.00      |1,209     |2,906       |-426     |10,986.52    |                       
2021-05-19 |ZC107        |889.00     |897.80   |914.40   |883.20   |902.00   |899.60    |13.00     |10.60     |20,717    |32,438      |-6,758   |186,371.32   |                       
2021-05-19 |ZC108        |856.80     |868.40   |883.00   |852.40   |869.40   |868.60    |12.60     |11.80     |1,314     |3,306       |113      |11,412.99    |                       
2021-05-19 |ZC109        |832.20     |846.00   |866.40   |829.00   |850.80   |847.20    |18.60     |15.00     |411,918   |183,521     |11,577   |3,489,958.76 |                       
2021-05-19 |ZC110        |810.00     |828.20   |843.40   |810.00   |824.40   |828.00    |14.40     |18.00     |317       |1,811       |47       |2,624.99     |                       
2021-05-19 |ZC111        |819.80     |832.60   |844.20   |809.00   |827.00   |826.00    |7.20      |6.20      |784       |5,162       |43       |6,475.94     |                       
2021-05-19 |ZC112        |807.20     |830.40   |832.80   |803.00   |816.00   |817.20    |8.80      |10.00     |49        |1,573       |-1       |400.47       |                       
2021-05-19 |ZC201        |807.00     |816.80   |835.80   |799.60   |815.40   |815.80    |8.40      |8.80      |10,722    |23,959      |-209     |87,477.20    |                       
2021-05-19 |ZC202        |788.20     |799.20   |808.60   |780.00   |791.00   |793.20    |2.80      |5.00      |59        |1,270       |19       |468.02       |                       
2021-05-19 |ZC203        |779.00     |791.80   |797.00   |768.40   |779.00   |783.40    |0.00      |4.40      |361       |1,085       |290      |2,828.21     |                       
2021-05-19 |ZC204        |781.80     |793.00   |796.60   |771.00   |778.60   |783.00    |-3.20     |1.20      |337       |431         |306      |2,638.62     |                       
2021-05-19 |ZC205        |774.40     |784.00   |784.00   |754.00   |767.00   |774.60    |-7.40     |0.20      |150       |320         |43       |1,162.02     |                       
2021-05-20 |ZC106        |908.80     |890.00   |890.20   |830.60   |837.40   |862.80    |-71.40    |-46.00    |1,688     |2,621       |-285     |14,565.08    |                       
2021-05-20 |ZC107        |899.60     |870.00   |872.00   |809.60   |809.60   |836.00    |-90.00    |-63.60    |36,433    |30,731      |-1,707   |304,604.64   |                       
2021-05-20 |ZC108        |868.60     |832.00   |832.20   |781.60   |781.60   |805.40    |-87.00    |-63.20    |1,747     |3,178       |-128     |14,069.69    |                       
2021-05-20 |ZC109        |847.20     |809.00   |809.00   |779.40   |779.40   |786.20    |-67.80    |-61.00    |430,648   |168,594     |-14,927  |3,385,963.45 |                       
2021-05-20 |ZC110        |828.00     |805.80   |805.80   |761.60   |761.60   |766.20    |-66.40    |-61.80    |186       |1,803       |-8       |1,425.13     |                       
2021-05-20 |ZC111        |826.00     |792.00   |792.00   |759.80   |759.80   |769.80    |-66.20    |-56.20    |484       |5,136       |-26      |3,725.44     |                       
2021-05-20 |ZC112        |817.20     |772.80   |772.80   |751.80   |751.80   |756.40    |-65.40    |-60.80    |45        |1,575       |2        |340.33       |                       
2021-05-20 |ZC201        |815.80     |780.00   |780.00   |750.40   |750.40   |758.40    |-65.40    |-57.40    |13,011    |25,040      |1,081    |98,683.10    |                       
2021-05-20 |ZC202        |793.20     |757.80   |757.80   |730.00   |730.20   |740.40    |-63.00    |-52.80    |95        |1,292       |22       |703.41       |                       
2021-05-20 |ZC203        |783.40     |732.20   |741.20   |720.60   |720.60   |731.60    |-62.80    |-51.80    |572       |1,609       |524      |4,184.72     |                       
2021-05-20 |ZC204        |783.00     |740.00   |745.20   |720.20   |720.20   |724.80    |-62.80    |-58.20    |261       |633         |202      |1,891.97     |                       
2021-05-20 |ZC205        |774.60     |730.00   |730.00   |712.60   |712.60   |715.20    |-62.00    |-59.40    |372       |587         |267      |2,660.30     |                       
2021-05-21 |ZC106        |862.80     |838.20   |843.40   |796.80   |802.00   |821.60    |-60.80    |-41.20    |877       |2,309       |-312     |7,204.55     |                       
2021-05-21 |ZC107        |836.00     |807.80   |807.80   |755.40   |756.60   |781.20    |-79.40    |-54.80    |27,756    |26,309      |-4,422   |216,855.48   |                       
2021-05-21 |ZC108        |805.40     |779.20   |779.20   |726.60   |727.40   |755.40    |-78.00    |-50.00    |1,016     |3,128       |-50      |7,675.23     |                       
2021-05-21 |ZC109        |786.20     |765.00   |765.00   |711.80   |713.00   |736.60    |-73.20    |-49.60    |551,878   |193,789     |25,195   |4,064,985.61 |                       
2021-05-21 |ZC110        |766.20     |750.20   |750.20   |704.60   |704.80   |722.40    |-61.40    |-43.80    |422       |1,916       |113      |3,048.73     |                       
2021-05-21 |ZC111        |769.80     |749.20   |749.20   |706.80   |709.00   |731.60    |-60.80    |-38.20    |1,485     |5,591       |455      |10,864.66    |                       
2021-05-21 |ZC112        |756.40     |746.00   |746.00   |700.00   |700.20   |726.60    |-56.20    |-29.80    |96        |1,588       |13       |697.46       |                       
2021-05-21 |ZC201        |758.40     |745.40   |745.40   |700.40   |700.40   |725.40    |-58.00    |-33.00    |19,637    |26,349      |1,309    |142,460.94   |                       
2021-05-21 |ZC202        |740.40     |722.00   |733.00   |689.00   |689.00   |696.40    |-51.40    |-44.00    |2,197     |3,400       |2,108    |15,299.23    |                       
2021-05-21 |ZC203        |731.60     |715.40   |718.00   |684.20   |685.20   |692.40    |-46.40    |-39.20    |2,464     |3,956       |2,347    |17,061.13    |                       
2021-05-21 |ZC204        |724.80     |712.00   |717.00   |681.40   |686.60   |698.40    |-38.20    |-26.40    |786       |1,371       |738      |5,489.94     |                       
2021-05-21 |ZC205        |715.20     |715.00   |715.00   |680.00   |680.00   |693.80    |-35.20    |-21.40    |880       |1,347       |760      |6,105.92     |                       
2021-05-24 |ZC106        |821.60     |802.00   |851.00   |802.00   |848.80   |827.40    |27.20     |5.80      |1,187     |1,378       |-931     |10,002.16    |                       
2021-05-24 |ZC107        |781.20     |756.60   |787.00   |750.00   |779.80   |771.60    |-1.40     |-9.60     |14,668    |24,111      |-2,198   |113,166.97   |                       
2021-05-24 |ZC108        |755.40     |733.00   |754.00   |718.20   |747.20   |739.40    |-8.20     |-16.00    |922       |2,826       |-302     |6,816.53     |                       
2021-05-24 |ZC109        |736.60     |713.20   |733.80   |696.00   |726.60   |720.20    |-10.00    |-16.40    |392,594   |178,423     |-15,366  |2,827,308.60 |                       
2021-05-24 |ZC110        |722.40     |708.40   |726.20   |692.00   |716.80   |715.40    |-5.60     |-7.00     |659       |1,578       |-338     |4,713.84     |                       
2021-05-24 |ZC111        |731.60     |708.80   |726.60   |694.00   |718.20   |715.40    |-13.40    |-16.20    |1,404     |5,175       |-416     |10,042.99    |                       
2021-05-24 |ZC112        |726.60     |707.20   |721.00   |691.80   |714.60   |711.80    |-12.00    |-14.80    |460       |1,231       |-357     |3,274.67     |                       
2021-05-24 |ZC201        |725.40     |700.40   |719.40   |682.60   |706.00   |703.60    |-19.40    |-21.80    |15,747    |26,612      |263      |110,788.88   |                       
2021-05-24 |ZC202        |696.40     |689.80   |704.00   |668.60   |685.20   |691.20    |-11.20    |-5.20     |21        |3,399       |-1       |145.16       |                       
2021-05-24 |ZC203        |692.40     |687.00   |695.00   |662.60   |686.60   |682.00    |-5.80     |-10.40    |90        |3,972       |16       |613.77       |                       
2021-05-24 |ZC204        |698.40     |693.40   |693.40   |664.80   |682.80   |683.40    |-15.60    |-15.00    |2,064     |3,418       |2,047    |14,106.53    |                       
2021-05-24 |ZC205        |693.80     |686.60   |692.40   |665.00   |680.60   |680.60    |-13.20    |-13.20    |2,363     |3,485       |2,138    |16,083.98    |                       
2021-05-25 |ZC106        |827.40     |857.60   |862.00   |838.80   |849.80   |844.80    |22.40     |17.40     |348       |1,145       |-233     |2,939.82     |                       
2021-05-25 |ZC107        |771.60     |784.00   |802.60   |772.00   |788.00   |788.00    |16.40     |16.40     |11,116    |22,579      |-1,532   |87,583.91    |                       
2021-05-25 |ZC108        |739.40     |750.00   |768.00   |743.20   |753.60   |754.20    |14.20     |14.80     |470       |2,725       |-101     |3,545.12     |                       
2021-05-25 |ZC109        |720.20     |733.00   |748.00   |723.80   |731.80   |735.00    |11.60     |14.80     |250,620   |173,398     |-5,025   |1,842,301.52 |                       
2021-05-25 |ZC110        |715.40     |717.20   |739.20   |717.00   |727.00   |727.20    |11.60     |11.80     |130       |1,570       |-8       |945.34       |                       
2021-05-25 |ZC111        |715.40     |723.20   |739.80   |718.60   |727.40   |727.40    |12.00     |12.00     |412       |5,214       |39       |2,997.12     |                       
2021-05-25 |ZC112        |711.80     |713.80   |728.00   |713.80   |728.00   |719.60    |16.20     |7.80      |5         |1,228       |-3       |35.98        |                       
2021-05-25 |ZC201        |703.60     |711.40   |728.60   |701.60   |713.20   |714.60    |9.60      |11.00     |13,856    |28,086      |1,474    |99,023.39    |                       
2021-05-25 |ZC202        |691.20     |701.80   |713.40   |686.20   |706.00   |705.60    |14.80     |14.40     |181       |3,553       |154      |1,276.97     |                       
2021-05-25 |ZC203        |682.00     |671.20   |699.00   |671.20   |687.60   |672.80    |5.60      |-9.20     |1,111     |5,013       |1,041    |7,474.86     |                       
2021-05-25 |ZC204        |683.40     |675.20   |698.20   |675.20   |695.00   |680.00    |11.60     |-3.40     |698       |4,100       |682      |4,746.55     |                       
2021-05-25 |ZC205        |680.60     |678.00   |694.80   |677.60   |687.00   |685.00    |6.40      |4.40      |262       |3,578       |93       |1,794.54     |                       
2021-05-26 |ZC106        |844.80     |833.00   |855.60   |831.00   |841.20   |846.20    |-3.60     |1.40      |178       |1,074       |-71      |1,506.16     |                       
2021-05-26 |ZC107        |788.00     |785.00   |795.00   |776.60   |783.40   |785.60    |-4.60     |-2.40     |5,573     |22,005      |-574     |43,784.17    |                       
2021-05-26 |ZC108        |754.20     |748.40   |758.80   |744.20   |750.20   |752.80    |-4.00     |-1.40     |774       |2,301       |-424     |5,825.98     |                       
2021-05-26 |ZC109        |735.00     |727.20   |742.00   |721.60   |726.00   |731.60    |-9.00     |-3.40     |207,260   |168,012     |-5,386   |1,516,419.52 |                       
2021-05-26 |ZC110        |727.20     |720.80   |731.40   |718.40   |718.40   |722.60    |-8.80     |-4.60     |84        |1,547       |-23      |606.93       |                       
2021-05-26 |ZC111        |727.40     |716.20   |732.80   |715.60   |719.40   |724.00    |-8.00     |-3.40     |188       |5,231       |17       |1,361.22     |                       
2021-05-26 |ZC112        |719.60     |718.60   |718.60   |708.00   |715.20   |715.60    |-4.40     |-4.00     |5         |1,227       |-1       |35.78        |                       
2021-05-26 |ZC201        |714.60     |709.20   |721.00   |700.20   |702.20   |711.20    |-12.40    |-3.40     |9,156     |30,393      |2,307    |65,113.78    |                       
2021-05-26 |ZC202        |705.60     |706.80   |711.20   |694.20   |694.20   |703.40    |-11.40    |-2.20     |73        |3,604       |51       |513.48       |                       
2021-05-26 |ZC203        |672.80     |683.80   |693.80   |678.20   |678.20   |686.60    |5.40      |13.80     |38        |5,016       |3        |260.88       |                       
2021-05-26 |ZC204        |680.00     |687.60   |687.60   |675.80   |675.80   |684.40    |-4.20     |4.40      |444       |4,538       |438      |3,039.07     |                       
2021-05-26 |ZC205        |685.00     |688.80   |689.00   |671.60   |673.60   |681.80    |-11.40    |-3.20     |496       |3,997       |419      |3,381.78     |                       
2021-05-27 |ZC106        |846.20     |847.20   |851.00   |834.60   |838.60   |842.80    |-7.60     |-3.40     |121       |1,074       |0        |1,019.80     |                       
2021-05-27 |ZC107        |785.60     |790.00   |825.00   |786.40   |800.60   |807.80    |15.00     |22.20     |11,167    |21,517      |-488     |90,200.60    |                       
2021-05-27 |ZC108        |752.80     |755.20   |787.20   |755.00   |766.80   |774.00    |14.00     |21.20     |370       |2,292       |-9       |2,863.61     |                       
2021-05-27 |ZC109        |731.60     |735.20   |766.60   |726.60   |744.40   |748.80    |12.80     |17.20     |375,399   |169,587     |1,575    |2,810,792.25 |                       
2021-05-27 |ZC110        |722.60     |720.80   |749.80   |720.80   |740.20   |740.20    |17.60     |17.60     |1,096     |2,508       |961      |8,111.63     |                       
2021-05-27 |ZC111        |724.00     |726.00   |752.60   |720.80   |732.40   |738.80    |8.40      |14.80     |1,422     |6,182       |951      |10,506.10    |                       
2021-05-27 |ZC112        |715.60     |725.40   |748.20   |725.40   |737.40   |735.40    |21.80     |19.80     |11        |1,226       |-1       |80.89        |                       
2021-05-27 |ZC201        |711.20     |716.00   |734.80   |705.20   |718.00   |721.00    |6.80      |9.80      |12,496    |32,264      |1,871    |90,088.79    |                       
2021-05-27 |ZC202        |703.40     |707.80   |721.00   |703.80   |703.80   |710.60    |0.40      |7.20      |2,070     |5,648       |2,044    |14,708.89    |                       
2021-05-27 |ZC203        |686.60     |676.80   |704.20   |676.80   |692.20   |694.00    |5.60      |7.40      |2,578     |7,512       |2,496    |17,892.17    |                       
2021-05-27 |ZC204        |684.40     |668.80   |703.80   |668.80   |694.40   |687.80    |10.00     |3.40      |2,867     |7,378       |2,840    |19,719.06    |                       
2021-05-27 |ZC205        |681.80     |681.00   |700.20   |675.00   |689.20   |691.80    |7.40      |10.00     |2,386     |5,980       |1,983    |16,504.57    |                       
2021-05-28 |ZC106        |842.80     |835.60   |845.20   |835.60   |837.00   |839.60    |-5.80     |-3.20     |78        |1,053       |-21      |654.92       |                       
2021-05-28 |ZC107        |807.80     |802.80   |820.60   |801.60   |809.80   |809.80    |2.00      |2.00      |5,962     |19,902      |-1,615   |48,280.66    |                       
2021-05-28 |ZC108        |774.00     |773.80   |786.20   |765.80   |778.80   |780.20    |4.80      |6.20      |937       |1,845       |-447     |7,310.55     |                       
2021-05-28 |ZC109        |748.80     |746.00   |764.20   |740.00   |751.00   |750.80    |2.20      |2.00      |214,028   |162,554     |-7,033   |1,606,891.71 |                       
2021-05-28 |ZC110        |740.20     |730.00   |748.00   |729.60   |743.60   |742.00    |3.40      |1.80      |717       |2,135       |-373     |5,320.15     |                       
2021-05-28 |ZC111        |738.80     |738.40   |752.00   |730.20   |741.60   |741.60    |2.80      |2.80      |1,202     |6,194       |12       |8,913.03     |                       
2021-05-28 |ZC112        |735.40     |730.00   |740.00   |727.00   |736.60   |739.00    |1.20      |3.60      |1,017     |226         |-1,000   |7,515.06     |                       
2021-05-28 |ZC201        |721.00     |718.40   |737.20   |713.40   |723.00   |724.00    |2.00      |3.00      |11,644    |35,054      |2,790    |84,313.42    |                       
2021-05-28 |ZC202        |710.60     |710.80   |723.40   |701.40   |708.80   |718.40    |-1.80     |7.80      |599       |5,228       |-420     |4,303.70     |                       
2021-05-28 |ZC203        |694.00     |695.80   |709.80   |691.80   |698.80   |699.80    |4.80      |5.80      |39        |7,512       |0        |272.94       |                       
2021-05-28 |ZC204        |687.80     |696.80   |708.80   |685.40   |696.60   |694.40    |8.80      |6.60      |870       |6,702       |-676     |6,041.76     |                       
2021-05-28 |ZC205        |691.80     |693.40   |707.20   |685.20   |694.00   |693.00    |2.20      |1.20      |953       |5,270       |-710     |6,604.94     |                       
2021-05-31 |ZC106        |839.60     |842.00   |850.00   |829.60   |850.00   |835.80    |10.40     |-3.80     |108       |1,023       |-30      |902.62       |                       
2021-05-31 |ZC107        |809.80     |805.20   |854.00   |805.00   |835.80   |831.20    |26.00     |21.40     |10,337    |16,556      |-3,346   |85,916.87    |                       
2021-05-31 |ZC108        |780.20     |775.80   |817.40   |772.60   |804.80   |796.80    |24.60     |16.60     |884       |1,379       |-466     |7,043.89     |                       
2021-05-31 |ZC109        |750.80     |748.60   |790.00   |742.80   |775.20   |770.00    |24.40     |19.20     |241,899   |151,513     |-11,041  |1,862,625.16 |                       
2021-05-31 |ZC110        |742.00     |742.00   |772.20   |741.60   |767.40   |760.80    |25.40     |18.80     |506       |2,484       |349      |3,849.81     |                       
2021-05-31 |ZC111        |741.60     |736.00   |777.00   |735.80   |765.00   |754.80    |23.40     |13.20     |697       |6,151       |-43      |5,260.72     |                       
2021-05-31 |ZC112        |739.00     |750.60   |761.00   |749.00   |755.00   |754.80    |16.00     |15.80     |12        |220         |-6       |90.57        |                       
2021-05-31 |ZC201        |724.00     |719.80   |754.80   |717.00   |739.80   |736.80    |15.80     |12.80     |12,892    |34,112      |-942     |94,999.38    |                       
2021-05-31 |ZC202        |718.40     |715.40   |741.00   |715.40   |732.40   |727.40    |14.00     |9.00      |418       |5,616       |388      |3,040.50     |                       
2021-05-31 |ZC203        |699.80     |696.60   |723.40   |695.40   |709.80   |710.20    |10.00     |10.40     |48        |7,498       |-14      |340.86       |                       
2021-05-31 |ZC204        |694.40     |693.60   |718.00   |693.60   |711.00   |696.40    |16.60     |2.00      |931       |5,790       |-912     |6,483.56     |                       
2021-05-31 |ZC205        |693.00     |685.60   |718.60   |685.60   |712.60   |689.80    |19.60     |-3.20     |2,593     |5,864       |594      |17,886.64    |                       
2021-06-01 |ZC106        |835.80     |896.80   |896.80   |790.60   |801.00   |806.40    |-34.80    |-29.40    |223       |425         |-598     |1,862.68     |843.60                 
2021-06-01 |ZC107        |831.20     |838.00   |869.00   |833.00   |860.00   |850.20    |28.80     |19.00     |6,784     |15,411      |-1,145   |57,426.86    |                       
2021-06-01 |ZC108        |796.80     |804.40   |835.80   |800.20   |832.40   |812.20    |35.60     |15.40     |376       |1,176       |-203     |3,054.18     |                       
2021-06-01 |ZC109        |770.00     |782.00   |809.20   |770.00   |804.40   |789.40    |34.40     |19.40     |176,112   |154,771     |3,258    |1,390,321.59 |                       
2021-06-01 |ZC110        |760.80     |761.40   |793.80   |761.40   |793.80   |782.00    |33.00     |21.20     |764       |1,831       |-653     |5,973.71     |                       
2021-06-01 |ZC111        |754.80     |767.00   |797.00   |761.60   |793.00   |773.60    |38.20     |18.80     |2,243     |4,463       |-1,688   |17,353.34    |                       
2021-06-01 |ZC112        |754.80     |756.00   |782.80   |756.00   |782.80   |766.20    |28.00     |11.40     |19        |214         |-6       |145.59       |                       
2021-06-01 |ZC201        |736.80     |746.00   |770.20   |737.00   |767.40   |751.00    |30.60     |14.20     |25,262    |21,783      |-12,329  |189,735.85   |                       
2021-06-01 |ZC202        |727.40     |724.60   |753.00   |724.60   |752.40   |732.20    |25.00     |4.80      |5,558     |83          |-5,533   |40,690.16    |                       
2021-06-01 |ZC203        |710.20     |705.20   |738.80   |705.20   |738.80   |711.40    |28.60     |1.20      |7,025     |491         |-7,007   |49,971.41    |                       
2021-06-01 |ZC204        |696.40     |705.20   |738.40   |705.20   |738.40   |713.00    |42.00     |16.60     |4,685     |1,111       |-4,679   |33,405.24    |                       
2021-06-01 |ZC205        |689.80     |707.60   |732.20   |707.60   |730.40   |712.40    |40.60     |22.60     |3,727     |2,280       |-3,584   |26,547.74    |                       
2021-06-02 |ZC106        |806.40     |810.00   |810.00   |810.00   |810.00   |810.00    |3.60      |3.60      |2         |425         |0        |16.20        |833.80                 
2021-06-02 |ZC107        |850.20     |856.60   |895.00   |855.00   |875.40   |877.60    |25.20     |27.40     |12,848    |13,971      |-1,440   |112,416.89   |                       
2021-06-02 |ZC108        |812.20     |821.20   |856.80   |821.20   |849.60   |845.00    |37.40     |32.80     |569       |1,277       |101      |4,806.44     |                       
2021-06-02 |ZC109        |789.40     |800.00   |827.00   |800.00   |818.40   |815.60    |29.00     |26.20     |217,025   |161,128     |6,357    |1,770,253.78 |                       
2021-06-02 |ZC110        |782.00     |782.20   |815.40   |782.20   |806.80   |785.80    |24.80     |3.80      |1,194     |881         |-950     |9,383.52     |                       
2021-06-02 |ZC111        |773.60     |780.60   |816.20   |780.60   |804.20   |790.60    |30.60     |17.00     |1,752     |3,482       |-981     |13,851.95    |                       
2021-06-02 |ZC112        |766.20     |781.00   |800.80   |779.80   |788.40   |787.80    |22.20     |21.60     |75        |230         |16       |590.88       |                       
2021-06-02 |ZC201        |751.00     |770.40   |791.00   |764.80   |775.00   |774.60    |24.00     |23.60     |13,698    |19,475      |-2,308   |106,090.91   |                       
2021-06-02 |ZC202        |732.20     |754.00   |778.20   |754.00   |757.60   |765.40    |25.40     |33.20     |30        |78          |-5       |229.62       |                       
2021-06-02 |ZC203        |711.40     |725.60   |760.20   |725.60   |739.60   |727.20    |28.20     |15.80     |321       |188         |-303     |2,334.20     |                       
2021-06-02 |ZC204        |713.00     |720.20   |751.20   |720.20   |745.40   |724.00    |32.40     |11.00     |1,000     |120         |-991     |7,240.06     |                       
2021-06-02 |ZC205        |712.40     |723.40   |749.80   |723.40   |737.40   |726.20    |25.00     |13.80     |1,905     |619         |-1,661   |13,834.19    |                       
2021-06-03 |ZC106        |810.00     |825.00   |825.00   |743.00   |743.00   |750.40    |-67.00    |-59.60    |233       |223         |-202     |1,927.60     |822.60                 
2021-06-03 |ZC107        |877.60     |885.20   |905.00   |881.00   |890.20   |892.20    |12.60     |14.60     |23,825    |13,049      |-922     |206,947.51   |                       
2021-06-03 |ZC108        |845.00     |850.20   |875.00   |850.20   |862.20   |863.40    |17.20     |18.40     |1,294     |430         |-847     |11,172.01    |                       
2021-06-03 |ZC109        |815.60     |828.40   |854.60   |820.80   |835.40   |838.40    |19.80     |22.80     |240,496   |165,979     |4,851    |2,016,246.38 |                       
2021-06-03 |ZC110        |785.80     |800.20   |835.00   |800.20   |815.20   |817.60    |29.40     |31.80     |572       |1,105       |224      |4,676.48     |                       
2021-06-03 |ZC111        |790.60     |814.00   |834.60   |806.20   |819.00   |821.20    |28.40     |30.60     |1,148     |3,692       |210      |9,427.85     |                       
2021-06-03 |ZC112        |787.80     |797.60   |809.00   |795.00   |797.00   |801.40    |9.20      |13.60     |196       |341         |111      |1,570.93     |                       
2021-06-03 |ZC201        |774.60     |782.00   |806.00   |776.60   |787.60   |793.20    |13.00     |18.60     |10,452    |19,852      |377      |82,895.06    |                       
2021-06-03 |ZC202        |765.40     |773.60   |793.80   |773.60   |782.80   |783.60    |17.40     |18.20     |15        |80          |2        |117.53       |                       
2021-06-03 |ZC203        |727.20     |750.60   |771.00   |750.60   |754.00   |761.80    |26.80     |34.60     |64        |181         |-7       |487.61       |                       
2021-06-03 |ZC204        |724.00     |752.00   |762.60   |751.00   |751.00   |756.00    |27.00     |32.00     |12        |126         |6        |90.72        |                       
2021-06-03 |ZC205        |726.20     |745.60   |756.80   |739.00   |744.00   |748.60    |17.80     |22.40     |279       |649         |30       |2,088.64     |                       
2021-06-04 |ZC106        |750.40     |0.00     |0.00     |0.00     |0.00     |800.00    |49.60     |49.60     |0         |223         |0        |0.00         |820.40                 
2021-06-04 |ZC107        |892.20     |884.60   |884.60   |833.60   |852.20   |855.60    |-40.00    |-36.60    |10,023    |9,554       |-3,495   |85,760.74    |                       
2021-06-04 |ZC108        |863.40     |853.60   |857.60   |799.80   |818.80   |827.40    |-44.60    |-36.00    |427       |327         |-103     |3,533.24     |                       
2021-06-04 |ZC109        |838.40     |828.60   |833.40   |773.00   |790.00   |799.40    |-48.40    |-39.00    |397,312   |148,909     |-17,070  |3,176,344.35 |                       
2021-06-04 |ZC110        |817.60     |806.20   |810.80   |760.00   |774.40   |795.80    |-43.20    |-21.80    |307       |1,157       |52       |2,443.34     |                       
2021-06-04 |ZC111        |821.20     |804.00   |811.60   |757.80   |772.60   |788.40    |-48.60    |-32.80    |1,037     |3,517       |-175     |8,176.18     |                       
2021-06-04 |ZC112        |801.40     |772.20   |772.20   |744.00   |757.40   |752.00    |-44.00    |-49.40    |164       |191         |-150     |1,233.26     |                       
2021-06-04 |ZC201        |793.20     |785.60   |789.20   |735.00   |749.80   |757.40    |-43.40    |-35.80    |14,461    |19,445      |-407     |109,531.70   |                       
2021-06-04 |ZC202        |783.60     |771.60   |771.60   |728.80   |741.40   |748.60    |-42.20    |-35.00    |26        |77          |-3       |194.62       |                       
2021-06-04 |ZC203        |761.80     |758.20   |758.20   |710.20   |729.40   |727.00    |-32.40    |-34.80    |40        |175         |-6       |290.77       |                       
2021-06-04 |ZC204        |756.00     |752.60   |752.60   |710.00   |716.40   |711.00    |-39.60    |-45.00    |85        |43          |-83      |604.42       |                       
2021-06-04 |ZC205        |748.60     |740.00   |744.80   |700.00   |712.60   |718.20    |-36.00    |-30.40    |344       |718         |69       |2,470.54     |                       
2021-06-07 |ZC106        |800.00     |850.00   |850.00   |795.00   |796.00   |795.40    |-4.00     |-4.60     |173       |0           |-223     |1,376.00     |817.20                 
2021-06-07 |ZC107        |855.60     |865.80   |882.80   |850.00   |864.00   |867.80    |8.40      |12.20     |4,155     |8,258       |-1,296   |36,054.43    |                       
2021-06-07 |ZC108        |827.40     |831.80   |848.00   |820.00   |825.80   |833.80    |-1.60     |6.40      |207       |303         |-24      |1,725.99     |                       
2021-06-07 |ZC109        |799.40     |805.00   |826.00   |792.00   |800.20   |806.60    |0.80      |7.20      |262,944   |153,534     |4,625    |2,120,703.81 |                       
2021-06-07 |ZC110        |795.80     |779.20   |802.80   |775.80   |777.20   |793.40    |-18.60    |-2.40     |134       |1,183       |26       |1,063.11     |                       
2021-06-07 |ZC111        |788.40     |788.60   |806.40   |774.20   |778.80   |793.40    |-9.60     |5.00      |639       |3,588       |71       |5,069.72     |                       
2021-06-07 |ZC112        |752.00     |777.40   |790.40   |767.60   |767.60   |781.60    |15.60     |29.60     |12        |191         |0        |93.80        |                       
2021-06-07 |ZC201        |757.40     |764.60   |782.60   |750.00   |754.40   |763.40    |-3.00     |6.00      |6,696     |19,764      |319      |51,113.53    |                       
2021-06-07 |ZC202        |748.60     |750.40   |761.20   |740.00   |744.40   |749.20    |-4.20     |0.60      |12        |80          |3        |89.90        |                       
2021-06-07 |ZC203        |727.00     |733.60   |750.60   |729.80   |733.60   |738.60    |6.60      |11.60     |30        |176         |1        |221.59       |                       
2021-06-07 |ZC204        |711.00     |739.00   |739.00   |736.20   |736.20   |737.60    |25.20     |26.60     |2         |44          |1        |14.75        |                       
2021-06-07 |ZC205        |718.20     |722.00   |739.80   |713.20   |715.60   |723.80    |-2.60     |5.60      |187       |693         |-25      |1,353.46     |                       
2021-06-08 |ZC107        |867.80     |864.00   |876.00   |857.00   |876.00   |868.00    |8.20      |0.20      |2,458     |6,983       |-1,275   |21,336.16    |                       
2021-06-08 |ZC108        |833.80     |827.20   |844.60   |821.00   |844.60   |832.80    |10.80     |-1.00     |136       |302         |-1       |1,132.47     |                       
2021-06-08 |ZC109        |806.60     |800.20   |821.00   |791.00   |819.20   |806.40    |12.60     |-0.20     |201,778   |158,642     |5,108    |1,627,113.56 |                       
2021-06-08 |ZC110        |793.40     |773.80   |797.60   |771.80   |795.00   |780.40    |1.60      |-13.00    |224       |1,278       |95       |1,747.90     |                       
2021-06-08 |ZC111        |793.40     |773.00   |796.80   |771.00   |796.60   |782.20    |3.20      |-11.20    |508       |3,619       |31       |3,973.06     |                       
2021-06-08 |ZC112        |781.60     |757.00   |775.80   |750.20   |775.80   |764.40    |-5.80     |-17.20    |457       |451         |260      |3,492.99     |                       
2021-06-08 |ZC201        |763.40     |754.40   |774.40   |748.00   |771.20   |760.60    |7.80      |-2.80     |4,630     |20,050      |286      |35,216.72    |                       
2021-06-08 |ZC202        |749.20     |741.60   |764.00   |739.60   |764.00   |756.40    |14.80     |7.20      |25        |87          |7        |189.11       |                       
2021-06-08 |ZC203        |738.60     |736.80   |746.40   |726.20   |746.40   |736.20    |7.80      |-2.40     |19        |174         |-2       |139.86       |                       
2021-06-08 |ZC204        |737.60     |721.80   |728.20   |721.80   |723.80   |725.00    |-13.80    |-12.60    |5         |42          |-2       |36.25        |                       
2021-06-08 |ZC205        |723.80     |715.00   |732.00   |712.80   |732.00   |721.00    |8.20      |-2.80     |121       |696         |3        |872.38       |                       
2021-06-08 |ZC206        |723.80     |0.00     |0.00     |0.00     |0.00     |723.80    |0.00      |0.00      |0         |0           |0        |0.00         |                       
2021-06-09 |ZC107        |868.00     |879.40   |883.80   |871.00   |876.60   |878.00    |8.60      |10.00     |1,960     |6,117       |-866     |17,208.97    |                       
2021-06-09 |ZC108        |832.80     |849.80   |855.00   |843.60   |848.20   |849.00    |15.40     |16.20     |63        |315         |13       |534.82       |                       
2021-06-09 |ZC109        |806.40     |822.40   |832.20   |816.00   |818.20   |823.20    |11.80     |16.80     |193,465   |153,907     |-4,735   |1,592,716.23 |                       
2021-06-09 |ZC110        |780.40     |718.00   |809.60   |718.00   |797.20   |790.60    |16.80     |10.20     |96        |1,283       |5        |758.94       |                       
2021-06-09 |ZC111        |782.20     |801.40   |806.80   |792.80   |795.60   |799.80    |13.40     |17.60     |254       |3,608       |-11      |2,031.72     |                       
2021-06-09 |ZC112        |764.40     |784.80   |784.80   |773.80   |776.20   |778.20    |11.80     |13.80     |41        |445         |-6       |319.03       |                       
2021-06-09 |ZC201        |760.60     |776.00   |783.60   |771.00   |773.40   |776.60    |12.80     |16.00     |4,906     |20,461      |411      |38,103.33    |                       
2021-06-09 |ZC202        |756.40     |767.40   |768.40   |763.40   |763.40   |765.80    |7.00      |9.40      |8         |89          |2        |61.26        |                       
2021-06-09 |ZC203        |736.20     |750.40   |753.60   |746.60   |746.60   |749.60    |10.40     |13.40     |13        |172         |-2       |97.45        |                       
2021-06-09 |ZC204        |725.00     |745.00   |746.80   |739.00   |743.60   |743.00    |18.60     |18.00     |10        |38          |-4       |74.29        |                       
2021-06-09 |ZC205        |721.00     |735.00   |739.00   |728.00   |731.00   |733.80    |10.00     |12.80     |123       |683         |-13      |902.46       |                       
2021-06-09 |ZC206        |723.80     |0.00     |0.00     |0.00     |0.00     |723.80    |0.00      |0.00      |0         |0           |0        |0.00         |                       
2021-06-10 |ZC107        |878.00     |875.60   |880.80   |865.20   |866.00   |875.80    |-12.00    |-2.20     |1,260     |5,805       |-312     |11,033.77    |                       
2021-06-10 |ZC108        |849.00     |851.00   |852.40   |833.20   |835.40   |844.20    |-13.60    |-4.80     |93        |285         |-30      |785.16       |                       
2021-06-10 |ZC109        |823.20     |818.00   |828.40   |801.20   |803.40   |817.20    |-19.80    |-6.00     |168,933   |151,883     |-2,024   |1,380,628.69 |                       
2021-06-10 |ZC110        |790.60     |798.00   |801.80   |779.00   |779.00   |797.20    |-11.60    |6.60      |75        |1,311       |28       |597.92       |                       
2021-06-10 |ZC111        |799.80     |799.20   |800.20   |780.60   |780.60   |793.80    |-19.20    |-6.00     |151       |3,603       |-5       |1,198.50     |                       
2021-06-10 |ZC112        |778.20     |778.80   |778.80   |767.40   |769.60   |771.40    |-8.60     |-6.80     |28        |441         |-4       |216.01       |                       
2021-06-10 |ZC201        |776.60     |773.60   |781.60   |757.20   |758.80   |770.60    |-17.80    |-6.00     |3,959     |20,377      |-84      |30,506.00    |                       
2021-06-10 |ZC202        |765.80     |765.80   |766.40   |750.00   |750.00   |761.60    |-15.80    |-4.20     |7         |87          |-2       |53.31        |                       
2021-06-10 |ZC203        |749.60     |747.80   |747.80   |728.20   |728.20   |744.20    |-21.40    |-5.40     |10        |177         |5        |74.42        |                       
2021-06-10 |ZC204        |743.00     |0.00     |0.00     |0.00     |0.00     |731.00    |-12.00    |-12.00    |0         |38          |0        |0.00         |                       
2021-06-10 |ZC205        |733.80     |733.20   |734.60   |715.00   |720.00   |727.80    |-13.80    |-6.00     |98        |683         |0        |713.26       |                       
2021-06-10 |ZC206        |723.80     |716.80   |716.80   |715.00   |715.00   |716.00    |-8.80     |-7.80     |2         |2           |2        |14.32        |                       
2021-06-11 |ZC107        |875.80     |869.80   |883.00   |867.00   |878.40   |877.20    |2.60      |1.40      |1,262     |5,107       |-698     |11,069.12    |                       
2021-06-11 |ZC108        |844.20     |844.00   |859.20   |838.60   |854.80   |849.20    |10.60     |5.00      |71        |287         |2        |602.94       |                       
2021-06-11 |ZC109        |817.20     |807.00   |833.00   |805.80   |827.20   |818.20    |10.00     |1.00      |207,762   |141,449     |-10,434  |1,699,959.72 |                       
2021-06-11 |ZC110        |797.20     |795.20   |805.00   |788.40   |802.40   |798.40    |5.20      |1.20      |33        |1,317       |6        |263.46       |                       
2021-06-11 |ZC111        |793.80     |787.20   |805.00   |785.40   |800.40   |797.60    |6.60      |3.80      |163       |3,609       |6        |1,300.11     |                       
2021-06-11 |ZC112        |771.40     |770.20   |786.80   |767.80   |783.20   |778.60    |11.80     |7.20      |60        |441         |0        |467.17       |                       
2021-06-11 |ZC201        |770.60     |758.60   |788.00   |758.60   |785.00   |776.00    |14.40     |5.40      |5,512     |19,727      |-650     |42,769.63    |                       
2021-06-11 |ZC202        |761.60     |759.40   |776.60   |759.40   |773.60   |766.40    |12.00     |4.80      |12        |89          |2        |91.97        |                       
2021-06-11 |ZC203        |744.20     |739.40   |757.20   |738.20   |754.20   |749.40    |10.00     |5.20      |18        |170         |-7       |134.88       |                       
2021-06-11 |ZC204        |731.00     |755.20   |755.20   |755.20   |755.20   |755.20    |24.20     |24.20     |1         |38          |0        |7.55         |                       
2021-06-11 |ZC205        |727.80     |724.80   |741.80   |724.00   |738.20   |731.60    |10.40     |3.80      |115       |676         |-7       |841.25       |                       
2021-06-11 |ZC206        |716.00     |721.00   |735.00   |721.00   |735.00   |730.20    |19.00     |14.20     |5         |4           |2        |36.51        |                       
2021-06-15 |ZC107        |877.20     |890.00   |905.00   |879.00   |902.40   |890.40    |25.20     |13.20     |1,724     |4,376       |-731     |15,349.15    |                       
2021-06-15 |ZC108        |849.20     |856.00   |886.80   |856.00   |881.20   |874.80    |32.00     |25.60     |275       |430         |143      |2,405.83     |                       
2021-06-15 |ZC109        |818.20     |847.00   |868.80   |830.00   |861.40   |849.40    |43.20     |31.20     |214,463   |141,442     |-7       |1,821,476.39 |                       
2021-06-15 |ZC110        |798.40     |811.80   |838.20   |809.80   |830.00   |824.80    |31.60     |26.40     |360       |1,423       |106      |2,969.17     |                       
2021-06-15 |ZC111        |797.60     |803.00   |836.00   |803.00   |827.40   |820.80    |29.80     |23.20     |571       |3,662       |53       |4,686.29     |                       
2021-06-15 |ZC112        |778.60     |790.40   |810.00   |790.40   |808.00   |799.20    |29.40     |20.60     |200       |584         |143      |1,598.57     |                       
2021-06-15 |ZC201        |776.00     |800.00   |811.40   |785.20   |809.00   |800.80    |33.00     |24.80     |8,122     |21,080      |1,353    |65,045.12    |                       
2021-06-15 |ZC202        |766.40     |782.80   |798.00   |778.80   |796.00   |789.20    |29.60     |22.80     |23        |83          |-6       |181.51       |                       
2021-06-15 |ZC203        |749.40     |766.00   |778.00   |764.20   |775.80   |770.60    |26.40     |21.20     |40        |155         |-15      |308.27       |                       
2021-06-15 |ZC204        |755.20     |759.80   |772.80   |759.80   |772.80   |766.00    |17.60     |10.80     |9         |37          |-1       |68.94        |                       
2021-06-15 |ZC205        |731.60     |745.00   |757.00   |738.00   |756.80   |749.00    |25.20     |17.40     |225       |665         |-11      |1,685.35     |                       
2021-06-15 |ZC206        |730.20     |745.20   |757.00   |742.00   |757.00   |747.00    |26.80     |16.80     |7         |6           |2        |52.29        |                       
2021-06-16 |ZC107        |890.40     |894.40   |902.60   |886.00   |894.60   |893.80    |4.20      |3.40      |582       |4,150       |-226     |5,201.80     |                       
2021-06-16 |ZC108        |874.80     |877.00   |883.80   |867.40   |871.00   |875.60    |-3.80     |0.80      |52        |429         |-1       |455.33       |                       
2021-06-16 |ZC109        |849.40     |861.40   |862.60   |842.00   |849.60   |853.60    |0.20      |4.20      |141,364   |132,675     |-8,767   |1,206,741.85 |                       
2021-06-16 |ZC110        |824.80     |836.20   |836.20   |816.40   |824.60   |826.60    |-0.20     |1.80      |95        |1,421       |-2       |785.26       |                       
2021-06-16 |ZC111        |820.80     |822.00   |830.40   |813.20   |821.20   |823.40    |0.40      |2.60      |311       |3,660       |-2       |2,560.48     |                       
2021-06-16 |ZC112        |799.20     |806.00   |811.60   |796.00   |799.40   |804.00    |0.20      |4.80      |67        |578         |-6       |538.72       |                       
2021-06-16 |ZC201        |800.80     |810.00   |812.60   |791.60   |796.00   |801.80    |-4.80     |1.00      |6,693     |21,778      |698      |53,661.86    |                       
2021-06-16 |ZC202        |789.20     |800.00   |800.60   |788.20   |789.20   |794.00    |0.00      |4.80      |7         |83          |0        |55.57        |                       
2021-06-16 |ZC203        |770.60     |780.60   |780.60   |770.00   |770.40   |776.60    |-0.20     |6.00      |12        |147         |-8       |93.19        |                       
2021-06-16 |ZC204        |766.00     |770.60   |770.60   |770.60   |770.60   |770.60    |4.60      |4.60      |1         |37          |0        |7.71         |                       
2021-06-16 |ZC205        |749.00     |754.80   |763.00   |746.00   |751.00   |754.80    |2.00      |5.80      |153       |691         |26       |1,154.70     |                       
2021-06-16 |ZC206        |747.00     |759.80   |761.00   |750.00   |750.00   |756.60    |3.00      |9.60      |8         |9           |3        |60.53        |                       
2021-06-17 |ZC107        |893.80     |895.00   |912.40   |894.40   |901.40   |902.40    |7.60      |8.60      |1,074     |3,547       |-603     |9,692.47     |                       
2021-06-17 |ZC108        |875.60     |873.80   |889.40   |868.40   |883.40   |879.40    |7.80      |3.80      |110       |432         |3        |967.35       |                       
2021-06-17 |ZC109        |853.60     |850.00   |870.80   |846.00   |863.20   |859.20    |9.60      |5.60      |149,247   |135,771     |3,096    |1,282,380.79 |                       
2021-06-17 |ZC110        |826.60     |822.60   |839.20   |821.60   |837.20   |832.20    |10.60     |5.60      |88        |1,426       |5        |732.30       |                       
2021-06-17 |ZC111        |823.40     |821.80   |836.80   |816.00   |831.80   |828.20    |8.40      |4.80      |168       |3,669       |9        |1,391.49     |                       
2021-06-17 |ZC112        |804.00     |807.00   |816.00   |807.00   |814.60   |812.20    |10.60     |8.20      |24        |577         |-1       |194.91       |                       
2021-06-17 |ZC201        |801.80     |798.40   |818.00   |794.00   |813.00   |807.80    |11.20     |6.00      |4,510     |22,074      |296      |36,428.79    |                       
2021-06-17 |ZC202        |794.00     |797.00   |805.80   |793.00   |800.60   |800.40    |6.60      |6.40      |29        |83          |0        |232.12       |                       
2021-06-17 |ZC203        |776.60     |774.60   |781.80   |771.80   |777.20   |777.20    |0.60      |0.60      |10        |147         |0        |77.71        |                       
2021-06-17 |ZC204        |770.60     |771.80   |774.00   |771.80   |774.00   |773.00    |3.40      |2.40      |2         |35          |-2       |15.46        |                       
2021-06-17 |ZC205        |754.80     |753.00   |766.00   |749.20   |763.80   |758.00    |9.00      |3.20      |114       |684         |-7       |864.16       |                       
2021-06-17 |ZC206        |756.60     |758.60   |765.00   |758.60   |765.00   |761.80    |8.40      |5.20      |2         |10          |1        |15.24        |                       
2021-06-18 |ZC107        |902.40     |900.00   |912.00   |891.80   |898.80   |901.60    |-3.60     |-0.80     |1,114     |3,148       |-399     |10,044.63    |                       
2021-06-18 |ZC108        |879.40     |882.60   |892.80   |857.80   |858.80   |874.00    |-20.60    |-5.40     |123       |421         |-11      |1,075.12     |                       
2021-06-18 |ZC109        |859.20     |859.00   |874.40   |834.00   |835.00   |855.40    |-24.20    |-3.80     |185,913   |124,544     |-11,227  |1,590,133.67 |                       
2021-06-18 |ZC110        |832.20     |833.20   |842.60   |808.00   |810.80   |825.00    |-21.40    |-7.20     |203       |1,492       |66       |1,674.74     |                       
2021-06-18 |ZC111        |828.20     |830.00   |840.80   |807.00   |811.40   |821.20    |-16.80    |-7.00     |562       |3,590       |-79      |4,615.55     |                       
2021-06-18 |ZC112        |812.20     |813.20   |818.40   |786.40   |787.00   |802.80    |-25.20    |-9.40     |94        |608         |31       |754.66       |                       
2021-06-18 |ZC201        |807.80     |808.80   |819.80   |782.80   |784.80   |802.80    |-23.00    |-5.00     |7,520     |22,329      |255      |60,377.62    |                       
2021-06-18 |ZC202        |800.40     |798.80   |798.80   |788.00   |788.00   |792.00    |-12.40    |-8.40     |3         |84          |1        |23.76        |                       
2021-06-18 |ZC203        |777.20     |783.00   |785.00   |761.20   |761.20   |777.60    |-16.00    |0.40      |20        |137         |-10      |155.50       |                       
2021-06-18 |ZC204        |773.00     |773.20   |773.20   |765.00   |765.00   |767.40    |-8.00     |-5.60     |4         |37          |2        |30.70        |                       
2021-06-18 |ZC205        |758.00     |758.00   |767.80   |740.60   |741.00   |757.80    |-17.00    |-0.20     |205       |656         |-28      |1,553.46     |                       
2021-06-18 |ZC206        |761.80     |760.20   |760.20   |750.00   |750.00   |755.20    |-11.80    |-6.60     |2         |9           |-1       |15.10        |                       
2021-06-21 |ZC107        |901.60     |894.20   |910.00   |891.80   |905.40   |900.80    |3.80      |-0.80     |978       |2,809       |-339     |8,810.08     |                       
2021-06-21 |ZC108        |874.00     |862.00   |878.00   |858.00   |863.60   |868.60    |-10.40    |-5.40     |128       |430         |9        |1,111.86     |                       
2021-06-21 |ZC109        |855.40     |835.00   |862.00   |835.00   |843.80   |847.80    |-11.60    |-7.60     |160,865   |130,395     |5,851    |1,363,734.54 |                       
2021-06-21 |ZC110        |825.00     |814.20   |832.00   |808.00   |815.00   |821.20    |-10.00    |-3.80     |200       |1,539       |47       |1,642.55     |                       
2021-06-21 |ZC111        |821.20     |811.40   |833.60   |808.00   |815.80   |821.00    |-5.40     |-0.20     |502       |3,729       |139      |4,121.04     |                       
2021-06-21 |ZC112        |802.80     |795.40   |807.60   |793.40   |794.60   |803.80    |-8.20     |1.00      |70        |650         |42       |562.60       |                       
2021-06-21 |ZC201        |802.80     |787.80   |810.80   |786.20   |795.00   |798.20    |-7.80     |-4.60     |5,748     |22,519      |190      |45,881.19    |                       
2021-06-21 |ZC202        |792.00     |793.80   |793.80   |779.40   |783.00   |788.40    |-9.00     |-3.60     |62        |93          |9        |488.76       |                       
2021-06-21 |ZC203        |777.60     |767.40   |775.80   |758.00   |760.00   |765.60    |-17.60    |-12.00    |22        |136         |-1       |168.45       |                       
2021-06-21 |ZC204        |767.40     |773.60   |773.60   |753.00   |753.00   |757.60    |-14.40    |-9.80     |11        |36          |-1       |83.35        |                       
2021-06-21 |ZC205        |757.80     |748.00   |755.20   |736.80   |742.80   |749.40    |-15.00    |-8.40     |223       |698         |42       |1,670.96     |                       
2021-06-21 |ZC206        |755.20     |748.00   |751.40   |742.40   |742.40   |748.20    |-12.80    |-7.00     |4         |10          |1        |29.93        |                       
2021-06-22 |ZC107        |900.80     |905.80   |943.80   |905.00   |931.00   |923.20    |30.20     |22.40     |1,485     |2,505       |-304     |13,709.83    |                       
2021-06-22 |ZC108        |868.60     |856.80   |882.80   |853.20   |879.60   |865.60    |11.00     |-3.00     |175       |467         |37       |1,514.76     |                       
2021-06-22 |ZC109        |847.80     |843.80   |854.80   |824.00   |850.60   |841.20    |2.80      |-6.60     |161,732   |127,021     |-3,374   |1,360,574.81 |                       
2021-06-22 |ZC110        |821.20     |811.80   |825.40   |798.40   |821.60   |816.20    |0.40      |-5.00     |189       |1,600       |61       |1,542.65     |                       
2021-06-22 |ZC111        |821.00     |817.40   |827.80   |800.00   |819.40   |817.80    |-1.60     |-3.20     |414       |3,843       |114      |3,386.01     |                       
2021-06-22 |ZC112        |803.80     |789.60   |801.80   |789.60   |800.20   |796.60    |-3.60     |-7.20     |20        |655         |5        |159.31       |                       
2021-06-22 |ZC201        |798.20     |793.00   |802.80   |776.80   |799.00   |791.40    |0.80      |-6.80     |4,875     |22,950      |431      |38,579.39    |                       
2021-06-22 |ZC202        |788.40     |773.80   |785.80   |773.00   |781.00   |779.40    |-7.40     |-9.00     |50        |107         |14       |389.73       |                       
2021-06-22 |ZC203        |765.60     |758.00   |769.00   |754.40   |769.00   |761.00    |3.40      |-4.60     |15        |130         |-6       |114.15       |                       
2021-06-22 |ZC204        |757.60     |0.00     |0.00     |0.00     |0.00     |759.00    |1.40      |1.40      |0         |36          |0        |0.00         |                       
2021-06-22 |ZC205        |749.40     |737.00   |750.00   |730.00   |749.40   |741.40    |0.00      |-8.00     |137       |684         |-14      |1,015.84     |                       
2021-06-22 |ZC206        |748.20     |727.20   |746.00   |727.20   |746.00   |740.00    |-2.20     |-8.20     |6         |10          |0        |44.40        |                       
2021-06-23 |ZC107        |923.20     |926.40   |935.20   |926.40   |934.00   |932.00    |10.80     |8.80      |491       |2,145       |-360     |4,576.46     |                       
2021-06-23 |ZC108        |865.60     |881.00   |889.80   |879.40   |885.00   |885.60    |19.40     |20.00     |155       |469         |2        |1,372.59     |                       
2021-06-23 |ZC109        |841.20     |851.00   |866.00   |848.80   |860.20   |857.20    |19.00     |16.00     |124,004   |128,067     |1,046    |1,063,047.47 |                       
2021-06-23 |ZC110        |816.20     |828.20   |833.80   |821.40   |830.40   |828.40    |14.20     |12.20     |86        |1,606       |6        |712.46       |                       
2021-06-23 |ZC111        |817.80     |824.80   |833.00   |821.00   |832.20   |827.80    |14.40     |10.00     |246       |3,840       |-3       |2,036.61     |                       
2021-06-23 |ZC112        |796.60     |810.00   |810.00   |805.00   |807.80   |807.60    |11.20     |11.00     |3         |655         |0        |24.23        |                       
2021-06-23 |ZC201        |791.40     |799.00   |812.40   |796.80   |806.80   |805.80    |15.40     |14.40     |4,631     |24,050      |1,100    |37,316.36    |                       
2021-06-23 |ZC202        |779.40     |780.00   |789.00   |780.00   |786.40   |785.40    |7.00      |6.00      |6         |106         |-1       |47.12        |                       
2021-06-23 |ZC203        |761.00     |772.00   |778.20   |770.00   |773.40   |773.80    |12.40     |12.80     |14        |131         |1        |108.33       |                       
2021-06-23 |ZC204        |759.00     |769.80   |769.80   |768.60   |768.60   |769.20    |9.60      |10.20     |2         |34          |-2       |15.38        |                       
2021-06-23 |ZC205        |741.40     |748.20   |755.00   |743.80   |750.20   |750.60    |8.80      |9.20      |97        |701         |17       |728.08       |                       
2021-06-23 |ZC206        |740.00     |0.00     |0.00     |0.00     |0.00     |745.80    |5.80      |5.80      |0         |10          |0        |0.00         |                       
2021-06-24 |ZC107        |932.00     |947.00   |947.00   |931.00   |939.80   |938.00    |7.80      |6.00      |590       |1,645       |-500     |5,533.59     |                       
2021-06-24 |ZC108        |885.60     |886.80   |891.80   |869.60   |881.00   |879.80    |-4.60     |-5.80     |53        |462         |-7       |466.34       |                       
2021-06-24 |ZC109        |857.20     |858.00   |867.40   |840.80   |856.80   |855.20    |-0.40     |-2.00     |140,010   |124,623     |-3,444   |1,197,443.12 |                       
2021-06-24 |ZC110        |828.40     |832.80   |836.00   |819.80   |822.00   |826.00    |-6.40     |-2.40     |29        |1,607       |1        |239.52       |                       
2021-06-24 |ZC111        |827.80     |832.60   |837.40   |815.00   |829.20   |826.60    |1.40      |-1.20     |202       |3,855       |15       |1,669.53     |                       
2021-06-24 |ZC112        |807.60     |807.80   |810.20   |795.00   |795.00   |807.00    |-12.60    |-0.60     |8         |655         |0        |64.56        |                       
2021-06-24 |ZC201        |805.80     |807.60   |813.60   |790.60   |804.20   |803.40    |-1.60     |-2.40     |5,973     |24,355      |305      |47,992.02    |                       
2021-06-24 |ZC202        |785.40     |784.80   |784.80   |778.60   |778.60   |781.60    |-6.80     |-3.80     |5         |107         |1        |39.08        |                       
2021-06-24 |ZC203        |773.80     |776.00   |776.80   |768.20   |768.20   |773.00    |-5.60     |-0.80     |12        |128         |-3       |92.77        |                       
2021-06-24 |ZC204        |769.20     |771.20   |771.20   |766.60   |766.60   |769.00    |-2.60     |-0.20     |2         |33          |-1       |15.38        |                       
2021-06-24 |ZC205        |750.60     |752.20   |755.00   |743.20   |750.60   |748.20    |0.00      |-2.40     |127       |693         |-8       |950.17       |                       
2021-06-24 |ZC206        |745.80     |751.80   |752.00   |744.00   |744.00   |749.20    |-1.80     |3.40      |3         |10          |0        |22.48        |                       
2021-06-25 |ZC107        |938.00     |940.20   |940.80   |933.00   |935.20   |935.60    |-2.80     |-2.40     |367       |1,336       |-309     |3,433.31     |                       
2021-06-25 |ZC108        |879.80     |884.60   |885.40   |875.80   |876.60   |880.60    |-3.20     |0.80      |30        |457         |-5       |264.19       |                       
2021-06-25 |ZC109        |855.20     |855.00   |859.60   |845.00   |848.00   |851.80    |-7.20     |-3.40     |116,403   |123,317     |-1,306   |991,491.23   |                       
2021-06-25 |ZC110        |826.00     |827.00   |831.00   |819.20   |819.20   |825.80    |-6.80     |-0.20     |31        |1,602       |-5       |255.97       |                       
2021-06-25 |ZC111        |826.60     |830.00   |831.00   |819.00   |819.00   |825.40    |-7.60     |-1.20     |108       |3,878       |23       |891.41       |                       
2021-06-25 |ZC112        |807.00     |806.60   |808.60   |799.40   |799.60   |804.60    |-7.40     |-2.40     |12        |656         |1        |96.55        |                       
2021-06-25 |ZC201        |803.40     |802.20   |809.60   |797.20   |800.00   |803.00    |-3.40     |-0.40     |5,286     |23,486      |-869     |42,446.65    |                       
2021-06-25 |ZC202        |781.60     |788.20   |791.80   |786.40   |791.80   |789.40    |10.20     |7.80      |5         |106         |-1       |39.47        |                       
2021-06-25 |ZC203        |773.00     |771.40   |776.80   |765.60   |765.60   |771.40    |-7.40     |-1.60     |6         |128         |0        |46.28        |                       
2021-06-25 |ZC204        |769.00     |0.00     |0.00     |0.00     |0.00     |767.40    |-1.60     |-1.60     |0         |33          |0        |0.00         |                       
2021-06-25 |ZC205        |748.20     |749.40   |753.00   |744.60   |746.00   |749.40    |-2.20     |1.20      |121       |722         |29       |906.78       |                       
2021-06-25 |ZC206        |749.20     |748.00   |752.60   |741.80   |748.80   |748.00    |-0.40     |-1.20     |13        |12          |2        |97.24        |                       
2021-06-28 |ZC107        |935.60     |933.60   |934.80   |911.00   |916.20   |921.00    |-19.40    |-14.60    |511       |1,057       |-279     |4,706.17     |                       
2021-06-28 |ZC108        |880.60     |871.00   |874.80   |819.80   |825.40   |841.60    |-55.20    |-39.00    |306       |467         |10       |2,575.44     |                       
2021-06-28 |ZC109        |851.80     |846.00   |848.00   |788.00   |790.20   |810.00    |-61.60    |-41.80    |262,054   |124,331     |1,014    |2,122,414.98 |                       
2021-06-28 |ZC110        |825.80     |812.40   |821.20   |763.80   |767.40   |781.40    |-58.40    |-44.40    |352       |1,611       |9        |2,750.34     |                       
2021-06-28 |ZC111        |825.40     |816.20   |820.20   |765.20   |770.20   |778.80    |-55.20    |-46.60    |752       |4,080       |202      |5,856.86     |                       
2021-06-28 |ZC112        |804.60     |799.80   |799.80   |745.60   |755.60   |765.80    |-49.00    |-38.80    |99        |655         |-1       |758.21       |                       
2021-06-28 |ZC201        |803.00     |799.20   |800.20   |742.40   |752.60   |761.60    |-50.40    |-41.40    |14,368    |25,471      |1,985    |109,425.38   |                       
2021-06-28 |ZC202        |789.40     |785.80   |785.80   |731.20   |736.00   |749.60    |-53.40    |-39.80    |27        |107         |1        |202.37       |                       
2021-06-28 |ZC203        |771.40     |764.00   |764.60   |720.00   |728.00   |735.00    |-43.40    |-36.40    |44        |129         |1        |323.36       |                       
2021-06-28 |ZC204        |767.40     |746.80   |746.80   |716.80   |716.80   |730.80    |-50.60    |-36.60    |4         |33          |0        |29.23        |                       
2021-06-28 |ZC205        |749.40     |741.00   |748.00   |702.60   |705.00   |716.80    |-44.40    |-32.60    |493       |877         |155      |3,533.69     |                       
2021-06-28 |ZC206        |748.00     |740.00   |740.00   |703.00   |710.40   |716.80    |-37.60    |-31.20    |7         |10          |-2       |50.17        |                       
2021-06-29 |ZC107        |921.00     |919.60   |948.60   |910.00   |933.00   |929.00    |12.00     |8.00      |584       |643         |-414     |5,425.48     |                       
2021-06-29 |ZC108        |841.60     |828.00   |841.60   |824.40   |829.00   |829.40    |-12.60    |-12.20    |216       |532         |65       |1,791.63     |                       
2021-06-29 |ZC109        |810.00     |790.20   |802.80   |778.00   |780.00   |790.20    |-30.00    |-19.80    |170,415   |126,857     |2,526    |1,346,472.68 |                       
2021-06-29 |ZC110        |781.40     |765.00   |779.80   |760.00   |760.00   |769.00    |-21.40    |-12.40    |164       |1,650       |39       |1,261.22     |                       
2021-06-29 |ZC111        |778.80     |768.00   |782.60   |760.00   |763.00   |771.20    |-15.80    |-7.60     |597       |4,285       |205      |4,603.87     |                       
2021-06-29 |ZC112        |765.80     |751.60   |762.00   |743.60   |743.60   |752.00    |-22.20    |-13.80    |27        |651         |-4       |203.03       |                       
2021-06-29 |ZC201        |761.60     |753.40   |764.80   |741.40   |743.00   |753.60    |-18.60    |-8.00     |8,286     |25,749      |278      |62,441.49    |                       
2021-06-29 |ZC202        |749.60     |735.00   |739.00   |727.20   |727.20   |733.20    |-22.40    |-16.40    |15        |110         |3        |109.97       |                       
2021-06-29 |ZC203        |735.00     |728.40   |735.60   |718.00   |721.40   |724.80    |-13.60    |-10.20    |16        |128         |-1       |115.96       |                       
2021-06-29 |ZC204        |730.80     |0.00     |0.00     |0.00     |0.00     |718.80    |-12.00    |-12.00    |0         |33          |0        |0.00         |                       
2021-06-29 |ZC205        |716.80     |709.00   |714.80   |700.20   |703.00   |706.80    |-13.80    |-10.00    |288       |852         |-25      |2,035.55     |                       
2021-06-29 |ZC206        |716.80     |709.20   |709.20   |700.60   |700.60   |705.40    |-16.20    |-11.40    |6         |12          |2        |42.32        |                       
2021-06-30 |ZC107        |929.00     |921.00   |1,022.00 |921.00   |964.00   |972.40    |35.00     |43.40     |998       |22          |-621     |9,704.03     |                       
2021-06-30 |ZC108        |829.40     |826.40   |856.20   |826.20   |846.80   |844.00    |17.40     |14.60     |332       |692         |160      |2,802.37     |                       
2021-06-30 |ZC109        |790.20     |780.00   |794.20   |772.20   |793.00   |785.80    |2.80      |-4.40     |123,170   |128,539     |1,682    |967,747.98   |                       
2021-06-30 |ZC110        |769.00     |760.00   |771.00   |760.00   |770.20   |765.20    |1.20      |-3.80     |123       |1,612       |-38      |941.25       |                       
2021-06-30 |ZC111        |771.20     |763.20   |772.60   |759.00   |771.00   |765.60    |-0.20     |-5.60     |565       |4,492       |207      |4,325.61     |                       
2021-06-30 |ZC112        |752.00     |740.00   |750.00   |740.00   |748.40   |746.00    |-3.60     |-6.00     |21        |651         |0        |156.67       |                       
2021-06-30 |ZC201        |753.60     |741.20   |751.00   |738.00   |750.60   |745.80    |-3.00     |-7.80     |6,667     |27,657      |1,908    |49,719.87    |                       
2021-06-30 |ZC202        |733.20     |724.60   |730.00   |718.20   |730.00   |722.00    |-3.20     |-11.20    |13        |107         |-3       |93.86        |                       
2021-06-30 |ZC203        |724.80     |719.80   |720.80   |716.20   |717.60   |718.40    |-7.20     |-6.40     |12        |124         |-4       |86.22        |                       
2021-06-30 |ZC204        |718.80     |722.00   |722.00   |710.60   |710.60   |716.60    |-8.20     |-2.20     |3         |31          |-2       |21.50        |                       
2021-06-30 |ZC205        |706.80     |704.20   |708.40   |700.20   |707.60   |704.20    |0.80      |-2.60     |144       |851         |-1       |1,014.14     |                       
2021-06-30 |ZC206        |705.40     |709.20   |709.20   |709.20   |709.20   |709.20    |3.80      |3.80      |1         |13          |1        |7.09         |                       
2021-07-01 |ZC107        |972.40     |990.00   |990.00   |990.00   |990.00   |990.00    |17.60     |17.60     |22        |0           |-22      |217.80       |934.40                 
2021-07-01 |ZC108        |844.00     |851.60   |852.20   |837.80   |838.60   |845.80    |-5.40     |1.80      |310       |499         |-193     |2,618.91     |                       
2021-07-01 |ZC109        |785.80     |793.60   |799.80   |781.80   |782.60   |789.40    |-3.20     |3.60      |118,120   |127,085     |-1,454   |932,472.85   |                       
2021-07-01 |ZC110        |765.20     |777.60   |777.60   |764.80   |764.80   |770.60    |-0.40     |5.40      |57        |1,602       |-10      |439.21       |                       
2021-07-01 |ZC111        |765.60     |776.80   |777.20   |763.00   |763.00   |769.60    |-2.60     |4.00      |509       |4,700       |208      |3,917.66     |                       
2021-07-01 |ZC112        |746.00     |749.60   |757.00   |744.00   |744.00   |749.20    |-2.00     |3.20      |13        |654         |3        |97.40        |                       
2021-07-01 |ZC201        |745.80     |751.00   |760.00   |742.40   |742.60   |750.80    |-3.20     |5.00      |5,983     |28,902      |1,245    |44,923.32    |                       
2021-07-01 |ZC202        |722.00     |728.00   |734.80   |726.00   |731.00   |731.20    |9.00      |9.20      |18        |105         |-2       |131.60       |                       
2021-07-01 |ZC203        |718.40     |725.60   |733.20   |720.20   |720.20   |726.40    |1.80      |8.00      |11        |122         |-2       |79.91        |                       
2021-07-01 |ZC204        |716.60     |0.00     |0.00     |0.00     |0.00     |716.60    |0.00      |0.00      |0         |31          |0        |0.00         |                       
2021-07-01 |ZC205        |704.20     |708.80   |714.80   |704.00   |704.00   |708.60    |-0.20     |4.40      |148       |848         |-3       |1,048.68     |                       
2021-07-01 |ZC206        |709.20     |704.60   |704.60   |704.60   |704.60   |704.60    |-4.60     |-4.60     |1         |14          |1        |7.05         |                       
2021-07-02 |ZC107        |990.00     |0.00     |0.00     |0.00     |0.00     |985.40    |-4.60     |-4.60     |0         |0           |0        |0.00         |942.80                 
2021-07-02 |ZC108        |845.80     |839.00   |848.60   |830.60   |846.00   |841.80    |0.20      |-4.00     |74        |507         |8        |622.99       |                       
2021-07-02 |ZC109        |789.40     |783.20   |795.80   |776.20   |790.40   |785.80    |1.00      |-3.60     |115,421   |126,578     |-507     |907,045.02   |                       
2021-07-02 |ZC110        |770.60     |767.40   |770.60   |757.00   |767.00   |764.80    |-3.60     |-5.80     |143       |1,525       |-77      |1,093.59     |                       
2021-07-02 |ZC111        |769.60     |764.00   |770.00   |757.00   |764.20   |763.00    |-5.40     |-6.60     |689       |4,828       |128      |5,256.50     |                       
2021-07-02 |ZC112        |749.20     |743.20   |746.20   |741.20   |746.20   |744.00    |-3.00     |-5.20     |11        |655         |1        |81.85        |                       
2021-07-02 |ZC201        |750.80     |741.80   |747.80   |735.60   |743.00   |742.80    |-7.80     |-8.00     |6,102     |29,053      |151      |45,325.84    |                       
2021-07-02 |ZC202        |731.20     |723.00   |723.40   |723.00   |723.40   |723.20    |-7.80     |-8.00     |2         |105         |0        |14.46        |                       
2021-07-02 |ZC203        |726.40     |720.60   |720.60   |715.00   |720.40   |717.80    |-6.00     |-8.60     |4         |119         |-3       |28.71        |                       
2021-07-02 |ZC204        |716.60     |709.80   |714.00   |709.20   |709.20   |711.00    |-7.40     |-5.60     |3         |29          |-2       |21.33        |                       
2021-07-02 |ZC205        |708.60     |700.00   |702.00   |693.20   |699.60   |698.80    |-9.00     |-9.80     |202       |910         |62       |1,411.59     |                       
2021-07-02 |ZC206        |704.60     |700.20   |703.20   |700.00   |703.20   |701.20    |-1.40     |-3.40     |3         |17          |3        |21.03        |                       
2021-07-05 |ZC107        |985.40     |0.00     |0.00     |0.00     |0.00     |1,020.20  |34.80     |34.80     |0         |0           |0        |0.00         |954.60                 
2021-07-05 |ZC108        |841.80     |850.40   |880.20   |846.80   |878.60   |866.80    |36.80     |25.00     |1,440     |651         |144      |12,326.81    |                       
2021-07-05 |ZC109        |785.80     |798.00   |831.80   |791.00   |831.00   |813.60    |45.20     |27.80     |160,808   |132,224     |5,646    |1,308,420.59 |                       
2021-07-05 |ZC110        |764.80     |770.20   |803.20   |767.40   |802.40   |788.00    |37.60     |23.20     |95        |1,520       |-5       |748.55       |                       
2021-07-05 |ZC111        |763.00     |770.80   |803.60   |767.60   |801.80   |791.00    |38.80     |28.00     |636       |4,883       |55       |5,030.50     |                       
2021-07-05 |ZC112        |744.00     |749.40   |782.00   |749.40   |781.00   |771.40    |37.00     |27.40     |37        |659         |4        |285.43       |                       
2021-07-05 |ZC201        |742.80     |748.00   |784.00   |747.00   |782.00   |766.00    |39.20     |23.20     |9,822     |29,234      |181      |75,239.86    |                       
2021-07-05 |ZC202        |723.20     |744.40   |756.80   |743.20   |756.80   |749.20    |33.60     |26.00     |11        |104         |-1       |82.40        |                       
2021-07-05 |ZC203        |717.80     |723.00   |751.20   |723.00   |751.20   |743.00    |33.40     |25.20     |35        |127         |8        |260.03       |                       
2021-07-05 |ZC204        |711.00     |733.80   |739.00   |733.80   |739.00   |736.80    |28.00     |25.80     |5         |30          |1        |36.84        |                       
2021-07-05 |ZC205        |698.80     |702.00   |732.00   |700.40   |732.00   |716.60    |33.20     |17.80     |288       |907         |-3       |2,063.84     |                       
2021-07-05 |ZC206        |701.20     |706.00   |729.40   |706.00   |725.60   |719.80    |24.40     |18.60     |8         |18          |1        |57.58        |                       
2021-07-06 |ZC107        |1,020.20   |0.00     |0.00     |0.00     |0.00     |1,038.80  |18.60     |18.60     |0         |0           |0        |0.00         |966.20                 
2021-07-06 |ZC108        |866.80     |876.20   |888.60   |867.00   |867.60   |881.00    |0.80      |14.20     |234       |477         |-174     |2,061.51     |                       
2021-07-06 |ZC109        |813.60     |832.40   |838.20   |818.00   |820.60   |828.40    |7.00      |14.80     |120,518   |125,602     |-6,622   |998,279.11   |                       
2021-07-06 |ZC110        |788.00     |805.80   |808.80   |791.60   |791.60   |803.00    |3.60      |15.00     |109       |1,524       |4        |875.22       |                       
2021-07-06 |ZC111        |791.00     |803.00   |810.00   |792.60   |792.60   |802.20    |1.60      |11.20     |977       |4,989       |106      |7,837.95     |                       
2021-07-06 |ZC112        |771.40     |784.80   |789.80   |773.40   |774.80   |782.80    |3.40      |11.40     |98        |660         |1        |767.19       |                       
2021-07-06 |ZC201        |766.00     |780.20   |789.80   |773.60   |777.00   |782.00    |11.00     |16.00     |6,931     |29,557      |323      |54,198.54    |                       
2021-07-06 |ZC202        |749.20     |765.80   |765.80   |750.40   |752.00   |756.60    |2.80      |7.40      |18        |112         |8        |136.19       |                       
2021-07-06 |ZC203        |743.00     |754.00   |758.00   |745.60   |747.20   |751.60    |4.20      |8.60      |16        |128         |1        |120.25       |                       
2021-07-06 |ZC204        |736.80     |744.40   |744.40   |742.60   |742.60   |743.60    |5.80      |6.80      |2         |30          |0        |14.87        |                       
2021-07-06 |ZC205        |716.60     |725.60   |735.60   |723.20   |725.60   |729.60    |9.00      |13.00     |193       |981         |74       |1,407.95     |                       
2021-07-06 |ZC206        |719.80     |731.80   |735.00   |728.60   |728.60   |731.80    |8.80      |12.00     |3         |18          |0        |21.95        |                       
2021-07-07 |ZC107        |1,038.80   |0.00     |0.00     |0.00     |0.00     |1,033.00  |-5.80     |-5.80     |0         |0           |0        |0.00         |976.40                 
2021-07-07 |ZC108        |881.00     |871.40   |880.00   |865.00   |875.40   |874.60    |-5.60     |-6.40     |307       |442         |-35      |2,685.20     |                       
2021-07-07 |ZC109        |828.40     |820.60   |834.60   |813.20   |829.40   |823.80    |1.00      |-4.60     |114,590   |130,935     |5,333    |944,093.69   |                       
2021-07-07 |ZC110        |803.00     |779.80   |803.00   |779.80   |799.60   |796.40    |-3.40     |-6.60     |49        |1,533       |9        |390.25       |                       
2021-07-07 |ZC111        |802.20     |781.00   |804.20   |781.00   |800.00   |796.00    |-2.20     |-6.20     |249       |5,018       |29       |1,982.19     |                       
2021-07-07 |ZC112        |782.80     |772.60   |783.20   |769.20   |783.20   |774.80    |0.40      |-8.00     |8         |659         |-1       |61.99        |                       
2021-07-07 |ZC201        |782.00     |776.20   |787.00   |769.00   |782.60   |777.60    |0.60      |-4.40     |6,896     |30,084      |527      |53,624.22    |                       
2021-07-07 |ZC202        |756.60     |754.80   |765.20   |754.80   |765.20   |761.20    |8.60      |4.60      |4         |113         |1        |30.44        |                       
2021-07-07 |ZC203        |751.60     |749.60   |751.80   |742.00   |751.80   |745.40    |0.20      |-6.20     |22        |118         |-10      |163.97       |                       
2021-07-07 |ZC204        |743.60     |0.00     |0.00     |0.00     |0.00     |743.60    |0.00      |0.00      |0         |30          |0        |0.00         |                       
2021-07-07 |ZC205        |729.60     |724.00   |731.00   |715.80   |725.40   |723.60    |-4.20     |-6.00     |224       |1,057       |76       |1,620.97     |                       
2021-07-07 |ZC206        |731.80     |717.80   |729.00   |717.80   |729.00   |721.60    |-2.80     |-10.20    |3         |16          |-2       |21.65        |                       
2021-07-08 |ZC108        |874.60     |873.80   |882.80   |873.00   |882.00   |877.40    |7.40      |2.80      |123       |438         |-4       |1,079.23     |                       
2021-07-08 |ZC109        |823.80     |833.60   |836.40   |814.00   |824.60   |825.20    |0.80      |1.40      |123,097   |134,556     |3,621    |1,015,752.18 |                       
2021-07-08 |ZC110        |796.40     |798.20   |802.60   |786.40   |791.20   |793.00    |-5.20     |-3.40     |68        |1,532       |-1       |539.18       |                       
2021-07-08 |ZC111        |796.00     |801.40   |804.00   |786.80   |792.20   |794.80    |-3.80     |-1.20     |557       |4,834       |-184     |4,427.41     |                       
2021-07-08 |ZC112        |774.80     |780.40   |782.00   |771.40   |771.60   |776.80    |-3.20     |2.00      |35        |659         |0        |271.85       |                       
2021-07-08 |ZC201        |777.60     |786.60   |788.80   |771.00   |775.20   |779.40    |-2.40     |1.80      |5,530     |30,737      |653      |43,095.24    |                       
2021-07-08 |ZC202        |761.20     |758.20   |760.20   |749.60   |752.20   |753.80    |-9.00     |-7.40     |17        |124         |11       |128.14       |                       
2021-07-08 |ZC203        |745.40     |756.80   |756.80   |740.20   |743.60   |746.60    |-1.80     |1.20      |12        |117         |-1       |89.60        |                       
2021-07-08 |ZC204        |743.60     |736.20   |736.20   |736.20   |736.20   |736.20    |-7.40     |-7.40     |2         |29          |-1       |14.72        |                       
2021-07-08 |ZC205        |723.60     |728.80   |732.20   |720.00   |723.00   |726.80    |-0.60     |3.20      |256       |1,085       |28       |1,860.57     |                       
2021-07-08 |ZC206        |721.60     |0.00     |0.00     |0.00     |0.00     |721.60    |0.00      |0.00      |0         |16          |0        |0.00         |                       
2021-07-08 |ZC207        |721.60     |728.00   |728.00   |726.00   |726.00   |726.80    |4.40      |5.20      |5         |5           |5        |36.34        |                       
2021-07-09 |ZC108        |877.40     |890.40   |896.00   |882.80   |891.00   |891.80    |13.60     |14.40     |93        |442         |4        |829.46       |                       
2021-07-09 |ZC109        |825.20     |830.00   |848.00   |820.20   |844.00   |836.60    |18.80     |11.40     |152,034   |149,175     |14,619   |1,271,781.74 |                       
2021-07-09 |ZC110        |793.00     |793.20   |811.60   |792.20   |807.60   |805.00    |14.60     |12.00     |217       |1,651       |119      |1,747.05     |                       
2021-07-09 |ZC111        |794.80     |797.00   |815.00   |790.60   |812.40   |808.00    |17.60     |13.20     |1,341     |5,150       |316      |10,836.27    |                       
2021-07-09 |ZC112        |776.80     |778.40   |793.00   |775.00   |788.80   |789.00    |12.00     |12.20     |42        |665         |6        |331.40       |                       
2021-07-09 |ZC201        |779.40     |777.00   |795.80   |774.00   |793.00   |787.60    |13.60     |8.20      |8,359     |30,505      |-232     |65,837.26    |                       
2021-07-09 |ZC202        |753.80     |758.00   |769.00   |755.40   |766.60   |762.80    |12.80     |9.00      |10        |124         |0        |76.28        |                       
2021-07-09 |ZC203        |746.60     |760.60   |760.60   |757.80   |760.20   |759.40    |13.60     |12.80     |4         |117         |0        |30.38        |                       
2021-07-09 |ZC204        |736.20     |0.00     |0.00     |0.00     |0.00     |751.00    |14.80     |14.80     |0         |29          |0        |0.00         |                       
2021-07-09 |ZC205        |726.80     |724.40   |736.80   |721.00   |736.80   |732.40    |10.00     |5.60      |263       |1,132       |47       |1,926.23     |                       
2021-07-09 |ZC206        |721.60     |0.00     |0.00     |0.00     |0.00     |734.20    |12.60     |12.60     |0         |16          |0        |0.00         |                       
2021-07-09 |ZC207        |726.80     |734.80   |735.00   |732.00   |735.00   |733.40    |8.20      |6.60      |4         |9           |4        |29.34        |                       
2021-07-12 |ZC108        |891.80     |892.60   |908.00   |891.00   |907.80   |900.20    |16.00     |8.40      |92        |438         |-4       |828.10       |                       
2021-07-12 |ZC109        |836.60     |844.40   |859.60   |839.00   |855.60   |850.20    |19.00     |13.60     |112,920   |155,264     |6,089    |960,053.89   |                       
2021-07-12 |ZC110        |805.00     |809.20   |820.80   |805.80   |817.80   |815.40    |12.80     |10.40     |145       |1,736       |85       |1,182.40     |                       
2021-07-12 |ZC111        |808.00     |810.40   |822.00   |810.00   |818.60   |817.20    |10.60     |9.20      |458       |5,169       |19       |3,742.36     |                       
2021-07-12 |ZC112        |789.00     |796.00   |800.40   |793.60   |798.00   |797.20    |9.00      |8.20      |69        |674         |9        |550.07       |                       
2021-07-12 |ZC201        |787.60     |794.00   |803.00   |789.00   |796.00   |796.40    |8.40      |8.80      |7,294     |30,885      |380      |58,093.94    |                       
2021-07-12 |ZC202        |762.80     |770.80   |780.40   |769.00   |774.40   |774.00    |11.60     |11.20     |27        |113         |-11      |208.99       |                       
2021-07-12 |ZC203        |759.40     |762.60   |766.80   |760.60   |760.60   |763.40    |1.20      |4.00      |15        |111         |-6       |114.50       |                       
2021-07-12 |ZC204        |751.00     |763.00   |763.00   |751.40   |751.40   |757.20    |0.40      |6.20      |4         |31          |2        |30.29        |                       
2021-07-12 |ZC205        |732.40     |737.00   |742.00   |733.00   |738.80   |737.80    |6.40      |5.40      |260       |1,157       |25       |1,918.24     |                       
2021-07-12 |ZC206        |734.20     |0.00     |0.00     |0.00     |0.00     |735.80    |1.60      |1.60      |0         |16          |0        |0.00         |                       
2021-07-12 |ZC207        |733.40     |726.20   |735.80   |726.20   |735.80   |729.40    |2.40      |-4.00     |3         |12          |3        |21.88        |                       
2021-07-13 |ZC108        |900.20     |912.60   |953.00   |908.00   |947.20   |933.40    |47.00     |33.20     |106       |405         |-33      |989.33       |                       
2021-07-13 |ZC109        |850.20     |858.00   |883.40   |857.00   |882.80   |868.60    |32.60     |18.40     |115,910   |168,510     |13,246   |1,006,839.46 |                       
2021-07-13 |ZC110        |815.40     |819.40   |840.80   |819.00   |840.00   |829.20    |24.60     |13.80     |217       |1,838       |102      |1,799.15     |                       
2021-07-13 |ZC111        |817.20     |820.00   |840.60   |819.80   |840.00   |826.40    |22.80     |9.20      |967       |4,986       |-183     |7,991.80     |                       
2021-07-13 |ZC112        |797.20     |799.00   |818.00   |798.00   |816.20   |802.20    |19.00     |5.00      |94        |682         |8        |754.02       |                       
2021-07-13 |ZC201        |796.40     |798.00   |818.60   |796.20   |818.20   |806.20    |21.80     |9.80      |7,338     |32,037      |1,152    |59,164.02    |                       
2021-07-13 |ZC202        |774.00     |784.40   |792.60   |784.40   |792.60   |788.60    |18.60     |14.60     |5         |114         |1        |39.43        |                       
2021-07-13 |ZC203        |763.40     |770.80   |780.00   |766.40   |780.00   |773.40    |16.60     |10.00     |6         |112         |1        |46.40        |                       
2021-07-13 |ZC204        |757.20     |757.40   |764.20   |756.40   |756.40   |759.40    |-0.80     |2.20      |3         |31          |0        |22.78        |                       
2021-07-13 |ZC205        |737.80     |738.00   |752.00   |736.60   |747.20   |744.20    |9.40      |6.40      |231       |1,210       |53       |1,719.22     |                       
2021-07-13 |ZC206        |735.80     |742.80   |744.80   |742.80   |744.80   |744.00    |9.00      |8.20      |3         |18          |2        |22.32        |                       
2021-07-13 |ZC207        |729.40     |740.80   |744.00   |735.60   |744.00   |741.80    |14.60     |12.40     |7         |17          |5        |51.93        |                       
2021-07-14 |ZC108        |933.40     |964.00   |964.00   |945.00   |951.80   |948.80    |18.40     |15.40     |101       |361         |-44      |958.30       |                       
2021-07-14 |ZC109        |868.60     |883.00   |897.80   |880.00   |896.40   |890.00    |27.80     |21.40     |137,721   |166,923     |-1,587   |1,225,700.19 |                       
2021-07-14 |ZC110        |829.20     |842.00   |850.40   |827.00   |846.00   |841.80    |16.80     |12.60     |499       |1,882       |44       |4,200.18     |                       
2021-07-14 |ZC111        |826.40     |843.00   |847.40   |829.00   |844.80   |838.80    |18.40     |12.40     |752       |4,814       |-172     |6,307.38     |                       
2021-07-14 |ZC112        |802.20     |819.60   |821.60   |800.60   |818.20   |817.20    |16.00     |15.00     |314       |689         |7        |2,565.81     |                       
2021-07-14 |ZC201        |806.20     |815.20   |823.40   |799.60   |818.60   |812.00    |12.40     |5.80      |12,431    |32,136      |99       |100,935.60   |                       
2021-07-14 |ZC202        |788.60     |802.20   |802.20   |782.40   |796.00   |791.00    |7.40      |2.40      |11        |110         |-4       |87.00        |                       
2021-07-14 |ZC203        |773.40     |778.20   |781.80   |775.40   |775.40   |779.60    |2.00      |6.20      |7         |116         |4        |54.57        |                       
2021-07-14 |ZC204        |759.40     |777.00   |777.00   |769.80   |769.80   |773.20    |10.40     |13.80     |7         |32          |1        |54.13        |                       
2021-07-14 |ZC205        |744.20     |752.00   |752.00   |736.80   |749.20   |745.80    |5.00      |1.60      |324       |1,205       |-5       |2,416.13     |                       
2021-07-14 |ZC206        |744.00     |749.00   |749.00   |734.00   |749.00   |744.80    |5.00      |0.80      |6         |14          |-4       |44.68        |                       
2021-07-14 |ZC207        |741.80     |739.20   |748.00   |739.20   |748.00   |743.60    |6.20      |1.80      |2         |17          |0        |14.87        |                       
2021-07-15 |ZC108        |948.80     |946.80   |946.80   |928.60   |939.80   |938.80    |-9.00     |-10.00    |141       |333         |-28      |1,323.65     |                       
2021-07-15 |ZC109        |890.00     |890.00   |895.00   |862.80   |873.00   |879.40    |-17.00    |-10.60    |190,674   |169,254     |2,331    |1,676,683.79 |                       
2021-07-15 |ZC110        |841.80     |842.00   |847.80   |823.20   |835.80   |835.60    |-6.00     |-6.20     |404       |1,896       |14       |3,375.82     |                       
2021-07-15 |ZC111        |838.80     |843.60   |843.60   |822.80   |831.40   |833.80    |-7.40     |-5.00     |933       |4,736       |-78      |7,779.76     |                       
2021-07-15 |ZC112        |817.20     |815.80   |820.00   |802.60   |815.40   |814.80    |-1.80     |-2.40     |371       |696         |7        |3,023.00     |                       
2021-07-15 |ZC201        |812.00     |818.00   |819.40   |801.40   |811.80   |810.40    |-0.20     |-1.60     |11,393    |31,892      |-244     |92,329.00    |                       
2021-07-15 |ZC202        |791.00     |788.00   |800.20   |785.80   |789.80   |792.60    |-1.20     |1.60      |18        |112         |2        |142.68       |                       
2021-07-15 |ZC203        |779.60     |769.60   |780.00   |767.80   |775.00   |773.20    |-4.60     |-6.40     |6         |115         |-1       |46.40        |                       
2021-07-15 |ZC204        |773.20     |768.00   |768.00   |763.60   |763.60   |766.60    |-9.60     |-6.60     |3         |32          |0        |23.00        |                       
2021-07-15 |ZC205        |745.80     |751.80   |754.40   |740.00   |747.00   |745.20    |1.20      |-0.60     |268       |1,254       |49       |1,997.23     |                       
2021-07-15 |ZC206        |744.80     |746.40   |746.40   |746.40   |746.40   |746.40    |1.60      |1.60      |1         |14          |0        |7.46         |                       
2021-07-15 |ZC207        |743.60     |745.80   |745.80   |743.00   |743.00   |744.80    |-0.60     |1.20      |3         |18          |1        |22.35        |                       
2021-07-16 |ZC108        |938.80     |942.80   |958.00   |939.40   |939.60   |946.80    |0.80      |8.00      |122       |294         |-39      |1,155.09     |                       
2021-07-16 |ZC109        |879.40     |880.00   |908.00   |875.00   |882.60   |889.40    |3.20      |10.00     |169,972   |165,538     |-3,716   |1,511,583.51 |                       
2021-07-16 |ZC110        |835.60     |841.60   |859.60   |839.20   |844.20   |847.60    |8.60      |12.00     |240       |1,911       |15       |2,034.41     |                       
2021-07-16 |ZC111        |833.80     |826.60   |857.00   |826.60   |842.20   |845.40    |8.40      |11.60     |1,098     |4,796       |60       |9,282.34     |                       
2021-07-16 |ZC112        |814.80     |821.00   |839.00   |817.80   |825.20   |827.20    |10.40     |12.40     |119       |708         |12       |984.31       |                       
2021-07-16 |ZC201        |810.40     |816.40   |840.00   |814.80   |825.00   |828.00    |14.60     |17.60     |12,431    |32,609      |717      |102,932.15   |                       
2021-07-16 |ZC202        |792.60     |800.40   |817.60   |799.00   |799.00   |807.20    |6.40      |14.60     |17        |114         |2        |137.24       |                       
2021-07-16 |ZC203        |773.20     |784.80   |795.60   |776.40   |776.40   |788.20    |3.20      |15.00     |44        |123         |8        |346.83       |                       
2021-07-16 |ZC204        |766.60     |782.60   |789.60   |771.00   |771.00   |781.00    |4.40      |14.40     |13        |39          |7        |101.54       |                       
2021-07-16 |ZC205        |745.20     |752.80   |760.00   |748.00   |753.00   |755.60    |7.80      |10.40     |466       |1,392       |138      |3,521.36     |                       
2021-07-16 |ZC206        |746.40     |750.00   |765.80   |750.00   |750.00   |757.60    |3.60      |11.20     |6         |18          |4        |45.46        |                       
2021-07-16 |ZC207        |744.80     |751.60   |760.80   |751.60   |753.40   |757.00    |8.60      |12.20     |6         |20          |2        |45.42        |                       
2021-07-19 |ZC108        |946.80     |941.00   |954.80   |939.60   |945.20   |945.00    |-1.60     |-1.80     |93        |276         |-18      |878.78       |                       
2021-07-19 |ZC109        |889.40     |881.00   |921.60   |880.00   |913.80   |906.60    |24.40     |17.20     |132,979   |170,950     |5,412    |1,205,614.29 |                       
2021-07-19 |ZC110        |847.60     |842.80   |877.00   |842.40   |872.60   |867.60    |25.00     |20.00     |206       |1,930       |19       |1,787.45     |                       
2021-07-19 |ZC111        |845.40     |842.20   |874.60   |842.20   |871.00   |866.20    |25.60     |20.80     |804       |4,825       |29       |6,963.63     |                       
2021-07-19 |ZC112        |827.20     |835.60   |852.60   |834.20   |849.60   |843.40    |22.40     |16.20     |96        |723         |15       |809.63       |                       
2021-07-19 |ZC201        |828.00     |825.00   |850.80   |824.40   |848.80   |842.60    |20.80     |14.60     |8,574     |33,235      |626      |72,250.62    |                       
2021-07-19 |ZC202        |807.20     |804.80   |820.00   |804.80   |819.20   |816.20    |12.00     |9.00      |33        |132         |18       |269.33       |                       
2021-07-19 |ZC203        |788.20     |786.40   |800.00   |786.40   |800.00   |797.00    |11.80     |8.80      |14        |131         |8        |111.58       |                       
2021-07-19 |ZC204        |781.00     |789.40   |790.20   |782.00   |783.60   |784.80    |2.60      |3.80      |12        |46          |7        |94.18        |                       
2021-07-19 |ZC205        |755.60     |755.00   |767.80   |754.00   |761.00   |760.20    |5.40      |4.60      |643       |1,822       |430      |4,887.93     |                       
2021-07-19 |ZC206        |757.60     |754.80   |765.80   |754.80   |763.80   |762.80    |6.20      |5.20      |6         |20          |2        |45.76        |                       
2021-07-19 |ZC207        |757.00     |759.80   |769.60   |757.80   |759.20   |760.80    |2.20      |3.80      |19        |32          |12       |144.55       |                       
2021-07-20 |ZC108        |945.00     |940.00   |947.40   |937.20   |945.60   |942.80    |0.60      |-2.20     |64        |270         |-6       |603.39       |                       
2021-07-20 |ZC109        |906.60     |909.80   |929.00   |903.60   |918.40   |915.60    |11.80     |9.00      |132,261   |173,452     |2,502    |1,210,328.71 |                       
2021-07-20 |ZC110        |867.60     |868.20   |880.00   |863.60   |869.60   |871.00    |2.00      |3.40      |163       |1,981       |51       |1,419.86     |                       
2021-07-20 |ZC111        |866.20     |868.20   |878.80   |862.80   |871.00   |868.80    |4.80      |2.60      |682       |4,935       |110      |5,924.92     |                       
2021-07-20 |ZC112        |843.40     |844.20   |853.00   |837.80   |848.60   |846.40    |5.20      |3.00      |79        |724         |1        |668.63       |                       
2021-07-20 |ZC201        |842.60     |847.00   |854.80   |836.00   |846.80   |844.80    |4.20      |2.20      |9,088     |32,972      |-263     |76,772.57    |                       
2021-07-20 |ZC202        |816.20     |810.80   |825.00   |810.80   |825.00   |815.80    |8.80      |-0.40     |5         |132         |0        |40.79        |                       
2021-07-20 |ZC203        |797.00     |792.00   |792.00   |788.00   |790.40   |790.20    |-6.60     |-6.80     |3         |129         |-2       |23.70        |                       
2021-07-20 |ZC204        |784.80     |779.40   |779.40   |779.40   |779.40   |779.40    |-5.40     |-5.40     |1         |45          |-1       |7.79         |                       
2021-07-20 |ZC205        |760.20     |755.00   |768.00   |750.00   |761.80   |759.20    |1.60      |-1.00     |321       |1,860       |38       |2,437.20     |                       
2021-07-20 |ZC206        |762.80     |761.40   |761.40   |761.40   |761.40   |761.40    |-1.40     |-1.40     |1         |19          |-1       |7.61         |                       
2021-07-20 |ZC207        |760.80     |753.20   |761.40   |753.20   |761.40   |757.00    |0.60      |-3.80     |6         |29          |-3       |45.42        |                       
2021-07-21 |ZC108        |942.80     |947.80   |947.80   |938.40   |947.40   |943.20    |4.60      |0.40      |197       |286         |16       |1,858.10     |                       
2021-07-21 |ZC109        |915.60     |920.00   |928.00   |901.60   |911.60   |915.60    |-4.00     |0.00      |103,862   |164,673     |-8,779   |950,970.79   |                       
2021-07-21 |ZC110        |871.00     |877.00   |881.20   |859.20   |867.00   |869.80    |-4.00     |-1.20     |170       |1,926       |-55      |1,478.77     |                       
2021-07-21 |ZC111        |868.80     |871.00   |877.80   |855.60   |864.40   |865.00    |-4.40     |-3.80     |524       |4,745       |-190     |4,532.26     |                       
2021-07-21 |ZC112        |846.40     |854.80   |854.80   |835.40   |848.00   |843.60    |1.60      |-2.80     |55        |705         |-19      |463.92       |                       
2021-07-21 |ZC201        |844.80     |847.00   |854.00   |831.20   |843.00   |842.60    |-1.80     |-2.20     |7,411     |33,247      |275      |62,445.58    |                       
2021-07-21 |ZC202        |815.80     |826.20   |826.20   |808.20   |811.80   |811.60    |-4.00     |-4.20     |19        |128         |-4       |154.21       |                       
2021-07-21 |ZC203        |790.20     |792.40   |792.40   |786.20   |786.20   |789.00    |-4.00     |-1.20     |6         |126         |-3       |47.34        |                       
2021-07-21 |ZC204        |779.40     |776.20   |776.20   |776.20   |776.20   |776.20    |-3.20     |-3.20     |1         |45          |0        |7.76         |                       
2021-07-21 |ZC205        |759.20     |762.80   |765.00   |754.00   |758.00   |760.40    |-1.20     |1.20      |249       |1,873       |13       |1,893.43     |                       
2021-07-21 |ZC206        |761.40     |761.40   |762.20   |758.80   |758.80   |760.80    |-2.60     |-0.60     |5         |17          |-2       |38.04        |                       
2021-07-21 |ZC207        |757.00     |765.80   |765.80   |754.60   |754.60   |757.60    |-2.40     |0.60      |6         |27          |-2       |45.45        |                       
2021-07-22 |ZC108        |943.20     |962.60   |962.80   |946.40   |954.80   |951.40    |11.60     |8.20      |26        |283         |-3       |247.35       |                       
2021-07-22 |ZC109        |915.60     |915.20   |918.20   |897.60   |908.80   |909.60    |-6.80     |-6.00     |94,019    |161,486     |-3,187   |855,032.66   |                       
2021-07-22 |ZC110        |869.80     |871.60   |871.60   |859.20   |867.60   |865.00    |-2.20     |-4.80     |60        |1,913       |-13      |518.96       |                       
2021-07-22 |ZC111        |865.00     |870.00   |870.00   |856.00   |863.60   |864.20    |-1.40     |-0.80     |453       |4,719       |-26      |3,914.76     |                       
2021-07-22 |ZC112        |843.60     |843.00   |843.00   |843.00   |843.00   |843.00    |-0.60     |-0.60     |1         |704         |-1       |8.43         |                       
2021-07-22 |ZC201        |842.60     |845.00   |846.60   |831.80   |839.00   |839.20    |-3.60     |-3.40     |7,293     |33,670      |423      |61,196.74    |                       
2021-07-22 |ZC202        |811.60     |813.40   |813.40   |801.00   |801.00   |803.00    |-10.60    |-8.60     |28        |108         |-20      |224.81       |                       
2021-07-22 |ZC203        |789.00     |783.00   |785.00   |782.80   |785.00   |783.60    |-4.00     |-5.40     |3         |124         |-2       |23.51        |                       
2021-07-22 |ZC204        |776.20     |0.00     |0.00     |0.00     |0.00     |776.20    |0.00      |0.00      |0         |45          |0        |0.00         |                       
2021-07-22 |ZC205        |760.40     |760.00   |762.80   |753.80   |761.40   |758.00    |1.00      |-2.40     |217       |1,853       |-20      |1,645.04     |                       
2021-07-22 |ZC206        |760.80     |755.00   |755.00   |751.00   |751.00   |753.00    |-9.80     |-7.80     |2         |16          |-1       |15.06        |                       
2021-07-22 |ZC207        |757.60     |0.00     |0.00     |0.00     |0.00     |757.60    |0.00      |0.00      |0         |27          |0        |0.00         |                       
2021-07-23 |ZC108        |951.40     |949.20   |962.20   |949.20   |959.80   |959.20    |8.40      |7.80      |14        |285         |2        |134.30       |                       
2021-07-23 |ZC109        |909.60     |910.00   |924.20   |898.00   |911.20   |910.20    |1.60      |0.60      |111,036   |157,558     |-3,928   |1,010,388.33 |                       
2021-07-23 |ZC110        |865.00     |872.60   |872.60   |855.60   |864.00   |863.80    |-1.00     |-1.20     |118       |1,938       |25       |1,019.17     |                       
2021-07-23 |ZC111        |864.20     |867.80   |870.00   |854.00   |862.00   |862.60    |-2.20     |-1.60     |379       |4,747       |28       |3,268.95     |                       
2021-07-23 |ZC112        |843.00     |836.40   |846.60   |836.40   |842.60   |842.20    |-0.40     |-0.80     |18        |692         |-12      |151.60       |                       
2021-07-23 |ZC201        |839.20     |840.20   |848.00   |832.00   |841.40   |841.00    |2.20      |1.80      |6,706     |34,531      |861      |56,401.39    |                       
2021-07-23 |ZC202        |803.00     |807.20   |814.40   |807.20   |814.40   |812.00    |11.40     |9.00      |3         |108         |0        |24.36        |                       
2021-07-23 |ZC203        |783.60     |0.00     |0.00     |0.00     |0.00     |788.00    |4.40      |4.40      |0         |124         |0        |0.00         |                       
2021-07-23 |ZC204        |776.20     |782.80   |782.80   |782.80   |782.80   |782.80    |6.60      |6.60      |1         |45          |0        |7.83         |                       
2021-07-23 |ZC205        |758.00     |761.40   |763.00   |755.00   |759.60   |760.40    |1.60      |2.40      |140       |1,843       |-10      |1,064.46     |                       
2021-07-23 |ZC206        |753.00     |0.00     |0.00     |0.00     |0.00     |754.40    |1.40      |1.40      |0         |16          |0        |0.00         |                       
2021-07-23 |ZC207        |757.60     |756.00   |760.80   |756.00   |756.60   |757.40    |-1.00     |-0.20     |5         |27          |0        |37.87        |                       
2021-07-26 |ZC108        |959.20     |955.20   |960.00   |945.20   |956.20   |954.20    |-3.00     |-5.00     |47        |289         |4        |448.52       |                       
2021-07-26 |ZC109        |910.20     |905.20   |909.80   |885.00   |897.00   |897.20    |-13.20    |-13.00    |142,915   |146,129     |-11,429  |1,282,079.29 |                       
2021-07-26 |ZC110        |863.80     |856.20   |860.20   |842.60   |849.00   |849.20    |-14.80    |-14.60    |195       |1,927       |-11      |1,655.88     |                       
2021-07-26 |ZC111        |862.60     |858.40   |859.80   |843.80   |850.60   |850.20    |-12.00    |-12.40    |651       |4,620       |-127     |5,534.16     |                       
2021-07-26 |ZC112        |842.20     |838.80   |838.80   |823.80   |828.80   |829.00    |-13.40    |-13.20    |19        |691         |-1       |157.52       |                       
2021-07-26 |ZC201        |841.00     |835.00   |838.80   |821.00   |829.20   |828.00    |-11.80    |-13.00    |13,023    |34,886      |355      |107,822.62   |                       
2021-07-26 |ZC202        |812.00     |802.60   |802.60   |799.20   |799.80   |800.80    |-12.20    |-11.20    |4         |109         |1        |32.03        |                       
2021-07-26 |ZC203        |788.00     |776.00   |781.00   |776.00   |779.40   |777.80    |-8.60     |-10.20    |10        |118         |-6       |77.78        |                       
2021-07-26 |ZC204        |782.80     |770.80   |776.80   |770.80   |776.80   |773.80    |-6.00     |-9.00     |2         |43          |-2       |15.48        |                       
2021-07-26 |ZC205        |760.40     |756.00   |760.60   |746.00   |760.60   |754.20    |0.20      |-6.20     |497       |1,906       |63       |3,748.26     |                       
2021-07-26 |ZC206        |754.40     |746.40   |757.80   |746.40   |750.40   |751.60    |-4.00     |-2.80     |3         |15          |-1       |22.55        |                       
2021-07-26 |ZC207        |757.40     |742.80   |750.60   |742.80   |750.60   |748.00    |-6.80     |-9.40     |3         |28          |1        |22.44        |                       
2021-07-27 |ZC108        |954.20     |955.00   |986.20   |955.00   |955.80   |962.80    |1.60      |8.60      |30        |281         |-8       |288.87       |                       
2021-07-27 |ZC109        |897.20     |897.00   |915.80   |888.00   |892.40   |899.00    |-4.80     |1.80      |109,051   |138,166     |-7,963   |980,255.73   |                       
2021-07-27 |ZC110        |849.20     |850.00   |859.80   |838.00   |839.00   |848.20    |-10.20    |-1.00     |270       |1,892       |-35      |2,290.38     |                       
2021-07-27 |ZC111        |850.20     |851.40   |858.60   |839.00   |840.40   |849.40    |-9.80     |-0.80     |738       |4,505       |-115     |6,268.95     |                       
2021-07-27 |ZC112        |829.00     |833.40   |834.00   |815.40   |815.60   |826.20    |-13.40    |-2.80     |32        |690         |-1       |264.36       |                       
2021-07-27 |ZC201        |828.00     |829.60   |831.40   |812.00   |812.20   |823.00    |-15.80    |-5.00     |10,965    |36,484      |1,598    |90,251.38    |                       
2021-07-27 |ZC202        |800.80     |803.00   |803.40   |786.60   |787.40   |797.00    |-13.40    |-3.80     |12        |104         |-5       |95.65        |                       
2021-07-27 |ZC203        |777.80     |777.40   |777.40   |769.00   |769.00   |775.60    |-8.80     |-2.20     |12        |115         |-3       |93.07        |                       
2021-07-27 |ZC204        |773.80     |769.20   |776.20   |762.80   |762.80   |771.80    |-11.00    |-2.00     |10        |35          |-8       |77.17        |                       
2021-07-27 |ZC205        |754.20     |755.00   |761.00   |747.00   |747.00   |753.80    |-7.20     |-0.40     |400       |2,043       |137      |3,015.15     |                       
2021-07-27 |ZC206        |751.60     |0.00     |0.00     |0.00     |0.00     |751.00    |-0.60     |-0.60     |0         |15          |0        |0.00         |                       
2021-07-27 |ZC207        |748.00     |752.20   |759.00   |747.80   |747.80   |755.40    |-0.20     |7.40      |15        |28          |0        |113.31       |                       
2021-07-28 |ZC108        |962.80     |960.20   |966.80   |957.60   |957.60   |963.00    |-5.20     |0.20      |33        |274         |-7       |317.79       |                       
2021-07-28 |ZC109        |899.00     |892.40   |909.60   |890.40   |902.40   |900.00    |3.40      |1.00      |89,954    |133,749     |-4,417   |809,463.40   |                       
2021-07-28 |ZC110        |848.20     |838.40   |850.00   |838.40   |844.40   |844.60    |-3.80     |-3.60     |154       |1,914       |22       |1,300.58     |                       
2021-07-28 |ZC111        |849.40     |843.00   |849.00   |839.80   |845.00   |843.80    |-4.40     |-5.60     |257       |4,496       |-9       |2,168.76     |                       
2021-07-28 |ZC112        |826.20     |817.20   |823.80   |817.20   |817.40   |819.60    |-8.80     |-6.60     |19        |694         |4        |155.73       |                       
2021-07-28 |ZC201        |823.00     |817.60   |823.00   |813.00   |816.00   |817.20    |-7.00     |-5.80     |9,202     |37,465      |981      |75,196.73    |                       
2021-07-28 |ZC202        |797.00     |792.00   |798.20   |791.00   |795.00   |794.60    |-2.00     |-2.40     |10        |103         |-1       |79.46        |                       
2021-07-28 |ZC203        |775.60     |772.00   |772.00   |768.20   |769.80   |770.00    |-5.80     |-5.60     |3         |116         |1        |23.10        |                       
2021-07-28 |ZC204        |771.80     |763.00   |763.00   |763.00   |763.00   |763.00    |-8.80     |-8.80     |3         |35          |0        |22.89        |                       
2021-07-28 |ZC205        |753.80     |748.80   |756.80   |746.00   |750.60   |751.40    |-3.20     |-2.40     |281       |2,033       |-10      |2,111.39     |                       
2021-07-28 |ZC206        |751.00     |0.00     |0.00     |0.00     |0.00     |751.00    |0.00      |0.00      |0         |15          |0        |0.00         |                       
2021-07-28 |ZC207        |755.40     |758.20   |758.20   |758.20   |758.20   |758.20    |2.80      |2.80      |1         |29          |1        |7.58         |                       
2021-07-29 |ZC108        |963.00     |960.00   |986.00   |960.00   |977.20   |974.60    |14.20     |11.60     |59        |287         |13       |574.97       |                       
2021-07-29 |ZC109        |900.00     |902.60   |919.00   |900.40   |918.60   |910.00    |18.60     |10.00     |83,121    |131,440     |-2,309   |756,395.93   |                       
2021-07-29 |ZC110        |844.60     |840.00   |856.20   |840.00   |853.60   |849.60    |9.00      |5.00      |188       |1,903       |-11      |1,597.32     |                       
2021-07-29 |ZC111        |843.80     |844.20   |853.00   |841.40   |852.00   |849.20    |8.20      |5.40      |248       |4,474       |-22      |2,106.11     |                       
2021-07-29 |ZC112        |819.60     |820.00   |828.00   |820.00   |827.00   |823.00    |7.40      |3.40      |42        |697         |3        |345.70       |                       
2021-07-29 |ZC201        |817.20     |820.00   |828.20   |815.00   |828.00   |822.60    |10.80     |5.40      |9,977     |39,188      |1,723    |82,060.83    |                       
2021-07-29 |ZC202        |794.60     |802.20   |804.00   |796.40   |804.00   |800.00    |9.40      |5.40      |5         |102         |-1       |40.00        |                       
2021-07-29 |ZC203        |770.00     |775.20   |778.80   |772.20   |772.20   |775.40    |2.20      |5.40      |3         |115         |-1       |23.26        |                       
2021-07-29 |ZC204        |763.00     |769.00   |769.00   |769.00   |769.00   |769.00    |6.00      |6.00      |1         |34          |-1       |7.69         |                       
2021-07-29 |ZC205        |751.40     |752.80   |756.00   |750.00   |755.80   |753.60    |4.40      |2.20      |198       |2,058       |25       |1,492.10     |                       
2021-07-29 |ZC206        |751.00     |0.00     |0.00     |0.00     |0.00     |751.00    |0.00      |0.00      |0         |15          |0        |0.00         |                       
2021-07-29 |ZC207        |758.20     |751.60   |754.20   |751.60   |754.20   |753.00    |-4.00     |-5.20     |2         |28          |-1       |15.06        |                       
2021-07-30 |ZC108        |974.60     |971.60   |989.60   |879.20   |970.60   |975.60    |-4.00     |1.00      |117       |202         |-85      |1,141.42     |                       
2021-07-30 |ZC109        |910.00     |918.60   |943.00   |906.20   |927.20   |925.60    |17.20     |15.60     |129,892   |116,836     |-14,604  |1,202,298.97 |                       
2021-07-30 |ZC110        |849.60     |851.00   |879.00   |847.40   |859.60   |863.80    |10.00     |14.20     |391       |1,934       |31       |3,377.75     |                       
2021-07-30 |ZC111        |849.20     |850.00   |880.60   |845.60   |856.40   |862.40    |7.20      |13.20     |1,218     |4,473       |-1       |10,504.83    |                       
2021-07-30 |ZC112        |823.00     |837.00   |861.00   |826.60   |830.60   |843.20    |7.60      |20.20     |99        |700         |3        |834.70       |                       
2021-07-30 |ZC201        |822.60     |828.20   |863.60   |824.60   |834.80   |838.20    |12.20     |15.60     |32,108    |42,928      |3,740    |269,099.54   |                       
2021-07-30 |ZC202        |800.00     |815.40   |832.00   |797.60   |807.60   |814.40    |7.60      |14.40     |17        |108         |6        |138.44       |                       
2021-07-30 |ZC203        |775.40     |789.00   |804.60   |779.60   |786.00   |794.40    |10.60     |19.00     |15        |115         |0        |119.17       |                       
2021-07-30 |ZC204        |769.00     |774.80   |793.20   |771.00   |775.20   |783.40    |6.20      |14.40     |6         |33          |-1       |47.01        |                       
2021-07-30 |ZC205        |753.60     |756.00   |785.00   |754.00   |762.00   |768.40    |8.40      |14.80     |861       |2,081       |23       |6,615.51     |                       
2021-07-30 |ZC206        |751.00     |767.40   |779.80   |760.40   |760.40   |766.80    |9.40      |15.80     |6         |15          |0        |46.00        |                       
2021-07-30 |ZC207        |753.00     |759.80   |783.60   |758.60   |758.60   |765.80    |5.60      |12.80     |12        |31          |3        |91.89        |                       
2021-08-02 |ZC108        |975.60     |1,073.20 |1,073.20 |976.00   |976.00   |1,024.60  |0.40      |49.00     |4         |200         |-2       |40.98        |965.20                 
2021-08-02 |ZC109        |925.60     |898.00   |898.00   |852.40   |865.20   |872.20    |-60.40    |-53.40    |175,731   |97,774      |-19,062  |1,532,638.15 |                       
2021-08-02 |ZC110        |863.80     |847.60   |847.60   |800.20   |809.40   |811.80    |-54.40    |-52.00    |597       |1,935       |1        |4,846.63     |                       
2021-08-02 |ZC111        |862.40     |833.40   |837.00   |796.40   |810.60   |811.40    |-51.80    |-51.00    |1,915     |4,598       |125      |15,537.84    |                       
2021-08-02 |ZC112        |843.20     |787.00   |799.40   |780.20   |795.80   |788.00    |-47.40    |-55.20    |252       |761         |61       |1,985.73     |                       
2021-08-02 |ZC201        |838.20     |799.00   |799.00   |774.80   |789.20   |785.80    |-49.00    |-52.40    |41,387    |44,242      |1,314    |325,225.25   |                       
2021-08-02 |ZC202        |814.40     |781.00   |781.00   |752.00   |771.60   |763.40    |-42.80    |-51.00    |62        |106         |-2       |473.26       |                       
2021-08-02 |ZC203        |794.40     |746.00   |751.00   |735.00   |749.20   |741.40    |-45.20    |-53.00    |26        |103         |-12      |192.78       |                       
2021-08-02 |ZC204        |783.40     |752.00   |766.40   |722.40   |730.60   |737.40    |-52.80    |-46.00    |57        |29          |-4       |420.33       |                       
2021-08-02 |ZC205        |768.40     |758.60   |758.60   |713.40   |727.60   |725.20    |-40.80    |-43.20    |1,304     |2,563       |482      |9,455.70     |                       
2021-08-02 |ZC206        |766.80     |724.20   |724.20   |724.20   |724.20   |724.20    |-42.60    |-42.60    |2         |17          |2        |14.48        |                       
2021-08-02 |ZC207        |765.80     |741.00   |741.00   |723.20   |733.00   |733.20    |-32.80    |-32.60    |15        |37          |6        |109.97       |                       
2021-08-03 |ZC108        |1,024.60   |0.00     |0.00     |0.00     |0.00     |1,021.40  |-3.20     |-3.20     |0         |200         |0        |0.00         |973.00                 
2021-08-03 |ZC109        |872.20     |865.40   |876.20   |864.00   |867.80   |869.40    |-4.40     |-2.80     |62,428    |91,291      |-6,483   |542,736.46   |                       
2021-08-03 |ZC110        |811.80     |814.80   |814.80   |801.20   |803.20   |808.20    |-8.60     |-3.60     |212       |1,957       |22       |1,713.55     |                       
2021-08-03 |ZC111        |811.40     |813.80   |817.60   |801.20   |802.80   |808.60    |-8.60     |-2.80     |346       |4,584       |-14      |2,797.58     |                       
2021-08-03 |ZC112        |788.00     |790.60   |793.60   |779.80   |785.20   |786.40    |-2.80     |-1.60     |46        |762         |1        |361.75       |                       
2021-08-03 |ZC201        |785.80     |791.80   |794.00   |778.00   |779.80   |786.40    |-6.00     |0.60      |16,148    |45,349      |1,107    |126,972.15   |                       
2021-08-03 |ZC202        |763.40     |761.20   |769.20   |753.20   |753.20   |758.20    |-10.20    |-5.20     |15        |109         |3        |113.72       |                       
2021-08-03 |ZC203        |741.40     |744.60   |746.40   |739.80   |739.80   |742.80    |-1.60     |1.40      |5         |102         |-1       |37.14        |                       
2021-08-03 |ZC204        |737.40     |0.00     |0.00     |0.00     |0.00     |727.40    |-10.00    |-10.00    |0         |29          |0        |0.00         |                       
2021-08-03 |ZC205        |725.20     |728.60   |731.20   |718.00   |718.00   |725.20    |-7.20     |0.00      |589       |2,858       |295      |4,270.88     |                       
2021-08-03 |ZC206        |724.20     |0.00     |0.00     |0.00     |0.00     |724.20    |0.00      |0.00      |0         |17          |0        |0.00         |                       
2021-08-03 |ZC207        |733.20     |735.20   |735.20   |723.80   |723.80   |727.60    |-9.40     |-5.60     |3         |37          |0        |21.83        |                       
2021-08-04 |ZC108        |1,021.40   |0.00     |0.00     |0.00     |0.00     |1,037.60  |16.20     |16.20     |0         |200         |0        |0.00         |982.40                 
2021-08-04 |ZC109        |869.40     |868.80   |890.40   |868.20   |889.80   |883.20    |20.40     |13.80     |81,048    |92,391      |1,100    |713,020.97   |                       
2021-08-04 |ZC110        |808.20     |803.60   |817.80   |803.60   |815.40   |813.40    |7.20      |5.20      |188       |1,957       |0        |1,529.20     |                       
2021-08-04 |ZC111        |808.60     |801.20   |817.00   |801.20   |812.80   |811.40    |4.20      |2.80      |302       |4,546       |-38      |2,450.70     |                       
2021-08-04 |ZC112        |786.40     |780.00   |793.20   |780.00   |793.20   |788.40    |6.80      |2.00      |23        |766         |4        |181.35       |                       
2021-08-04 |ZC201        |786.40     |778.00   |795.00   |778.00   |791.80   |789.00    |5.40      |2.60      |15,938    |47,417      |2,068    |125,738.14   |                       
2021-08-04 |ZC202        |758.20     |750.00   |766.00   |750.00   |764.80   |758.80    |6.60      |0.60      |15        |108         |-1       |113.81       |                       
2021-08-04 |ZC203        |742.80     |747.00   |747.00   |747.00   |747.00   |747.00    |4.20      |4.20      |1         |101         |-1       |7.47         |                       
2021-08-04 |ZC204        |727.40     |729.80   |729.80   |729.60   |729.80   |729.60    |2.40      |2.20      |5         |29          |0        |36.48        |                       
2021-08-04 |ZC205        |725.20     |722.60   |728.80   |722.20   |725.20   |725.60    |0.00      |0.40      |370       |2,973       |115      |2,684.91     |                       
2021-08-04 |ZC206        |724.20     |731.60   |731.60   |731.60   |731.60   |731.60    |7.40      |7.40      |1         |17          |0        |7.32         |                       
2021-08-04 |ZC207        |727.60     |736.20   |738.40   |732.00   |732.00   |735.60    |4.40      |8.00      |3         |40          |3        |22.07        |                       
2021-08-05 |ZC108        |1,037.60   |0.00     |0.00     |0.00     |0.00     |1,054.60  |17.00     |17.00     |0         |200         |0        |0.00         |992.80                 
2021-08-05 |ZC109        |883.20     |890.20   |909.00   |883.00   |883.20   |897.60    |0.00      |14.40     |75,279    |88,087      |-4,304   |675,658.03   |                       
2021-08-05 |ZC110        |813.40     |815.40   |830.00   |804.00   |804.00   |819.20    |-9.40     |5.80      |342       |1,974       |17       |2,801.36     |                       
2021-08-05 |ZC111        |811.40     |813.40   |828.80   |802.00   |802.00   |816.80    |-9.40     |5.40      |580       |4,514       |-32      |4,736.93     |                       
2021-08-05 |ZC112        |788.40     |799.00   |805.20   |776.40   |777.00   |788.80    |-11.40    |0.40      |219       |776         |10       |1,727.65     |                       
2021-08-05 |ZC201        |789.00     |795.00   |804.00   |768.40   |770.60   |788.00    |-18.40    |-1.00     |28,303    |51,383      |3,966    |223,015.05   |                       
2021-08-05 |ZC202        |758.80     |760.00   |769.40   |743.00   |743.00   |754.60    |-15.80    |-4.20     |45        |112         |4        |339.55       |                       
2021-08-05 |ZC203        |747.00     |749.80   |749.80   |723.00   |725.20   |734.60    |-21.80    |-12.40    |18        |100         |-1       |132.22       |                       
2021-08-05 |ZC204        |729.60     |733.60   |733.60   |719.00   |719.00   |723.60    |-10.60    |-6.00     |8         |25          |-4       |57.89        |                       
2021-08-05 |ZC205        |725.60     |724.80   |730.00   |702.40   |702.40   |718.80    |-23.20    |-6.80     |1,115     |3,226       |253      |8,014.29     |                       
2021-08-05 |ZC206        |731.60     |729.20   |729.20   |713.00   |715.00   |723.80    |-16.60    |-7.80     |6         |20          |3        |43.43        |                       
2021-08-05 |ZC207        |735.60     |732.00   |736.00   |721.20   |721.20   |729.40    |-14.40    |-6.20     |5         |42          |2        |36.47        |                       
2021-08-06 |ZC108        |1,054.60   |0.00     |0.00     |0.00     |0.00     |1,044.60  |-10.00    |-10.00    |0         |0           |-200     |0.00         |1,001.40               
2021-08-06 |ZC109        |897.60     |883.40   |901.20   |876.00   |882.60   |889.00    |-15.00    |-8.60     |54,176    |84,997      |-3,090   |481,629.11   |                       
2021-08-06 |ZC110        |819.20     |801.40   |815.60   |800.40   |803.40   |807.20    |-15.80    |-12.00    |245       |2,004       |30       |1,977.86     |                       
2021-08-06 |ZC111        |816.80     |800.20   |812.00   |799.40   |802.20   |804.80    |-14.60    |-12.00    |270       |4,533       |19       |2,172.74     |                       
2021-08-06 |ZC112        |788.80     |777.00   |785.60   |775.40   |775.80   |779.20    |-13.00    |-9.60     |83        |775         |-1       |646.74       |                       
2021-08-06 |ZC201        |788.00     |770.00   |780.80   |760.60   |767.60   |772.40    |-20.40    |-15.60    |19,319    |52,799      |1,416    |149,232.92   |                       
2021-08-06 |ZC202        |754.60     |736.00   |757.80   |736.00   |742.00   |744.00    |-12.60    |-10.60    |44        |109         |-3       |327.32       |                       
2021-08-06 |ZC203        |734.60     |720.00   |728.40   |720.00   |723.40   |724.80    |-11.20    |-9.80     |6         |96          |-4       |43.48        |                       
2021-08-06 |ZC204        |723.60     |0.00     |0.00     |0.00     |0.00     |710.80    |-12.80    |-12.80    |0         |25          |0        |0.00         |                       
2021-08-06 |ZC205        |718.80     |700.40   |714.80   |699.60   |703.40   |709.20    |-15.40    |-9.60     |779       |3,469       |243      |5,524.83     |                       
2021-08-06 |ZC206        |723.80     |713.00   |713.00   |713.00   |713.00   |713.00    |-10.80    |-10.80    |1         |20          |0        |7.13         |                       
2021-08-06 |ZC207        |729.40     |712.60   |719.20   |710.40   |710.40   |713.00    |-19.00    |-16.40    |10        |45          |3        |71.31        |                       
2021-08-09 |ZC109        |889.00     |879.60   |895.00   |870.20   |879.60   |881.20    |-9.40     |-7.80     |71,863    |77,627      |-7,370   |633,281.09   |                       
2021-08-09 |ZC110        |807.20     |802.20   |813.20   |798.60   |807.20   |803.80    |0.00      |-3.40     |483       |2,002       |-2       |3,882.01     |                       
2021-08-09 |ZC111        |804.80     |800.00   |811.00   |795.80   |806.20   |801.00    |1.40      |-3.80     |899       |4,408       |-125     |7,200.54     |                       
2021-08-09 |ZC112        |779.20     |773.40   |781.00   |773.40   |779.80   |776.00    |0.60      |-3.20     |85        |786         |11       |659.61       |                       
2021-08-09 |ZC201        |772.40     |767.60   |773.80   |756.00   |769.60   |766.00    |-2.80     |-6.40     |23,765    |56,670      |3,871    |182,055.89   |                       
2021-08-09 |ZC202        |744.00     |745.20   |753.40   |741.60   |752.80   |745.80    |8.80      |1.80      |34        |121         |12       |253.58       |                       
2021-08-09 |ZC203        |724.80     |727.00   |730.60   |720.00   |730.60   |725.60    |5.80      |0.80      |8         |93          |-3       |58.05        |                       
2021-08-09 |ZC204        |710.80     |0.00     |0.00     |0.00     |0.00     |710.80    |0.00      |0.00      |0         |25          |0        |0.00         |                       
2021-08-09 |ZC205        |709.20     |703.00   |708.20   |695.00   |708.00   |703.00    |-1.20     |-6.20     |486       |3,628       |159      |3,416.88     |                       
2021-08-09 |ZC206        |713.00     |713.00   |713.00   |698.20   |699.80   |700.80    |-13.20    |-12.20    |9         |19          |-1       |63.07        |                       
2021-08-09 |ZC207        |713.00     |707.00   |708.00   |705.00   |706.40   |706.60    |-6.60     |-6.40     |4         |43          |-2       |28.26        |                       
2021-08-09 |ZC208        |713.00     |0.00     |0.00     |0.00     |0.00     |713.00    |0.00      |0.00      |0         |0           |0        |0.00         |                       
2021-08-10 |ZC109        |881.20     |879.00   |888.00   |872.00   |882.40   |880.40    |1.20      |-0.80     |45,324    |71,342      |-6,285   |399,068.69   |                       
2021-08-10 |ZC110        |803.80     |808.80   |831.40   |807.00   |825.20   |821.00    |21.40     |17.20     |470       |2,045       |43       |3,858.94     |                       
2021-08-10 |ZC111        |801.00     |805.00   |828.00   |804.80   |822.00   |815.60    |21.00     |14.60     |1,089     |4,659       |251      |8,882.91     |                       
2021-08-10 |ZC112        |776.00     |782.60   |800.60   |782.40   |796.00   |792.80    |20.00     |16.80     |114       |793         |7        |903.88       |                       
2021-08-10 |ZC201        |766.00     |766.20   |797.00   |765.00   |790.60   |783.60    |24.60     |17.60     |36,514    |61,157      |4,487    |286,090.82   |                       
2021-08-10 |ZC202        |745.80     |757.20   |778.40   |756.40   |773.40   |768.80    |27.60     |23.00     |18        |130         |9        |138.37       |                       
2021-08-10 |ZC203        |725.60     |732.40   |750.60   |732.40   |743.00   |742.60    |17.40     |17.00     |9         |87          |-6       |66.84        |                       
2021-08-10 |ZC204        |710.80     |713.80   |722.00   |713.80   |722.00   |717.20    |11.20     |6.40      |4         |25          |0        |28.68        |                       
2021-08-10 |ZC205        |703.00     |706.00   |731.00   |703.60   |721.80   |719.00    |18.80     |16.00     |861       |3,500       |-128     |6,190.23     |                       
2021-08-10 |ZC206        |700.80     |0.00     |0.00     |0.00     |0.00     |716.80    |16.00     |16.00     |0         |19          |0        |0.00         |                       
2021-08-10 |ZC207        |706.60     |727.60   |729.40   |718.00   |729.40   |724.80    |22.80     |18.20     |4         |40          |-3       |28.99        |                       
2021-08-10 |ZC208        |713.00     |0.00     |0.00     |0.00     |0.00     |713.00    |0.00      |0.00      |0         |0           |0        |0.00         |                       
2021-08-11 |ZC109        |880.40     |885.60   |908.80   |882.20   |896.00   |896.60    |15.60     |16.20     |49,121    |68,673      |-2,669   |440,428.61   |                       
2021-08-11 |ZC110        |821.00     |820.00   |838.40   |820.00   |825.00   |829.60    |4.00      |8.60      |428       |2,016       |-29      |3,550.85     |                       
2021-08-11 |ZC111        |815.60     |821.40   |853.40   |820.20   |824.00   |829.60    |8.40      |14.00     |964       |4,827       |168      |7,998.00     |                       
2021-08-11 |ZC112        |792.80     |800.00   |812.60   |797.60   |800.80   |802.80    |8.00      |10.00     |189       |796         |3        |1,517.33     |                       
2021-08-11 |ZC201        |783.60     |790.80   |810.80   |790.00   |797.20   |799.20    |13.60     |15.60     |34,178    |64,861      |3,704    |273,116.05   |                       
2021-08-11 |ZC202        |768.80     |775.00   |792.80   |761.80   |763.40   |771.40    |-5.40     |2.60      |63        |114         |-16      |485.98       |                       
2021-08-11 |ZC203        |742.60     |747.80   |760.60   |745.40   |745.40   |750.40    |2.80      |7.80      |10        |84          |-3       |75.04        |                       
2021-08-11 |ZC204        |717.20     |723.00   |736.80   |723.00   |726.00   |727.40    |8.80      |10.20     |4         |26          |1        |29.10        |                       
2021-08-11 |ZC205        |719.00     |726.00   |734.00   |719.00   |721.80   |726.20    |2.80      |7.20      |794       |3,570       |70       |5,765.66     |                       
2021-08-11 |ZC206        |716.80     |732.60   |732.60   |732.60   |732.60   |732.60    |15.80     |15.80     |1         |18          |-1       |7.33         |                       
2021-08-11 |ZC207        |724.80     |730.00   |736.60   |717.60   |727.80   |725.20    |3.00      |0.40      |9         |38          |-2       |65.27        |                       
2021-08-11 |ZC208        |713.00     |0.00     |0.00     |0.00     |0.00     |713.00    |0.00      |0.00      |0         |0           |0        |0.00         |                       
2021-08-12 |ZC109        |896.60     |880.00   |895.80   |880.00   |880.00   |887.00    |-16.60    |-9.60     |38,732    |63,947      |-4,726   |343,584.68   |                       
2021-08-12 |ZC110        |829.60     |815.20   |824.80   |807.40   |808.80   |812.80    |-20.80    |-16.80    |522       |2,036       |20       |4,243.01     |                       
2021-08-12 |ZC111        |829.60     |816.20   |822.00   |804.80   |805.00   |813.00    |-24.60    |-16.60    |959       |4,846       |19       |7,797.12     |                       
2021-08-12 |ZC112        |802.80     |796.60   |798.40   |780.00   |780.00   |788.40    |-22.80    |-14.40    |247       |789         |-7       |1,947.54     |                       
2021-08-12 |ZC201        |799.20     |790.00   |798.00   |766.60   |766.80   |782.20    |-32.40    |-17.00    |42,749    |71,242      |6,381    |334,345.88   |                       
2021-08-12 |ZC202        |771.40     |763.20   |763.20   |735.60   |738.00   |753.80    |-33.40    |-17.60    |57        |110         |-4       |429.64       |                       
2021-08-12 |ZC203        |750.40     |745.40   |752.00   |727.60   |727.60   |741.40    |-22.80    |-9.00     |16        |77          |-7       |118.61       |                       
2021-08-12 |ZC204        |727.40     |720.20   |720.20   |720.20   |720.20   |720.20    |-7.20     |-7.20     |1         |26          |0        |7.20         |                       
2021-08-12 |ZC205        |726.20     |721.20   |723.00   |704.00   |705.00   |711.80    |-21.20    |-14.40    |981       |3,974       |404      |6,981.84     |                       
2021-08-12 |ZC206        |732.60     |0.00     |0.00     |0.00     |0.00     |710.40    |-22.20    |-22.20    |0         |18          |0        |0.00         |                       
2021-08-12 |ZC207        |725.20     |727.60   |727.60   |707.60   |708.40   |717.00    |-16.80    |-8.20     |8         |40          |2        |57.35        |                       
2021-08-12 |ZC208        |713.00     |0.00     |0.00     |0.00     |0.00     |713.00    |0.00      |0.00      |0         |0           |0        |0.00         |                       
2021-08-13 |ZC109        |887.00     |880.00   |899.60   |876.20   |889.80   |888.00    |2.80      |1.00      |29,412    |54,414      |-9,533   |261,205.93   |                       
2021-08-13 |ZC110        |812.80     |808.60   |819.00   |803.20   |816.60   |809.20    |3.80      |-3.60     |456       |1,958       |-78      |3,690.21     |                       
2021-08-13 |ZC111        |813.00     |806.00   |815.80   |799.20   |814.00   |804.20    |1.00      |-8.80     |819       |4,965       |119      |6,585.67     |                       
2021-08-13 |ZC112        |788.40     |780.00   |791.20   |778.00   |791.20   |783.80    |2.80      |-4.60     |161       |780         |-9       |1,261.75     |                       
2021-08-13 |ZC201        |782.20     |764.00   |781.00   |758.20   |778.60   |770.00    |-3.60     |-12.20    |62,760    |81,349      |10,107   |483,186.25   |                       
2021-08-13 |ZC202        |753.80     |731.80   |743.80   |728.80   |743.00   |735.60    |-10.80    |-18.20    |29        |107         |-3       |213.30       |                       
2021-08-13 |ZC203        |741.40     |724.80   |737.00   |724.60   |732.60   |728.20    |-8.80     |-13.20    |16        |81          |4        |116.51       |                       
2021-08-13 |ZC204        |720.20     |706.20   |716.00   |703.40   |715.80   |710.80    |-4.40     |-9.40     |11        |24          |-2       |78.19        |                       
2021-08-13 |ZC205        |711.80     |705.40   |708.00   |692.00   |706.00   |700.40    |-5.80     |-11.40    |1,374     |4,388       |414      |9,623.71     |                       
2021-08-13 |ZC206        |710.40     |699.00   |699.20   |699.00   |699.20   |699.20    |-11.20    |-11.20    |4         |18          |0        |27.97        |                       
2021-08-13 |ZC207        |717.00     |705.00   |709.40   |698.60   |704.60   |703.60    |-12.40    |-13.40    |13        |44          |4        |91.46        |                       
2021-08-13 |ZC208        |713.00     |0.00     |0.00     |0.00     |0.00     |713.00    |0.00      |0.00      |0         |0           |0        |0.00         |                       
2021-08-16 |ZC109        |888.00     |882.60   |900.40   |882.60   |883.80   |890.00    |-4.20     |2.00      |21,595    |47,914      |-6,500   |192,185.75   |                       
2021-08-16 |ZC110        |809.20     |817.80   |826.60   |802.00   |802.00   |813.00    |-7.20     |3.80      |447       |2,000       |42       |3,634.26     |                       
2021-08-16 |ZC111        |804.20     |813.80   |825.40   |796.80   |796.80   |810.00    |-7.40     |5.80      |1,382     |4,631       |-334     |11,194.43    |                       
2021-08-16 |ZC112        |783.80     |788.00   |803.60   |770.00   |776.40   |788.40    |-7.40     |4.60      |413       |795         |15       |3,255.89     |                       
2021-08-16 |ZC201        |770.00     |780.00   |799.40   |760.00   |762.00   |780.60    |-8.00     |10.60     |95,160    |93,236      |11,887   |742,729.52   |                       
2021-08-16 |ZC202        |735.60     |741.20   |763.60   |735.80   |737.00   |748.20    |1.40      |12.60     |42        |112         |5        |314.22       |                       
2021-08-16 |ZC203        |728.20     |743.80   |746.60   |738.60   |738.60   |742.20    |10.40     |14.00     |4         |79          |-2       |29.69        |                       
2021-08-16 |ZC204        |710.80     |733.60   |733.60   |706.00   |706.00   |719.80    |-4.80     |9.00      |2         |24          |0        |14.40        |                       
2021-08-16 |ZC205        |700.40     |707.00   |719.60   |695.00   |697.00   |707.80    |-3.40     |7.40      |1,419     |4,392       |4        |10,043.24    |                       
2021-08-16 |ZC206        |699.20     |0.00     |0.00     |0.00     |0.00     |699.20    |0.00      |0.00      |0         |18          |0        |0.00         |                       
2021-08-16 |ZC207        |703.60     |708.00   |708.00   |703.20   |703.20   |705.60    |-0.40     |2.00      |5         |43          |-1       |35.28        |                       
2021-08-16 |ZC208        |713.00     |713.20   |713.20   |713.20   |713.20   |713.20    |0.20      |0.20      |1         |1           |1        |7.13         |                       
2021-08-17 |ZC109        |890.00     |880.40   |896.80   |880.40   |896.40   |889.60    |6.40      |-0.40     |10,576    |43,577      |-4,337   |94,084.44    |                       
2021-08-17 |ZC110        |813.00     |800.60   |818.00   |792.60   |814.00   |805.40    |1.00      |-7.60     |214       |1,974       |-26      |1,723.48     |                       
2021-08-17 |ZC111        |810.00     |786.00   |815.40   |786.00   |814.60   |798.60    |4.60      |-11.40    |919       |4,771       |140      |7,338.73     |                       
2021-08-17 |ZC112        |788.40     |782.00   |796.80   |767.00   |796.60   |783.40    |8.20      |-5.00     |651       |962         |167      |5,100.12     |                       
2021-08-17 |ZC201        |780.60     |755.00   |776.00   |750.60   |770.80   |763.40    |-9.80     |-17.20    |82,373    |98,398      |5,162    |628,860.10   |                       
2021-08-17 |ZC202        |748.20     |733.00   |738.80   |730.00   |738.80   |735.00    |-9.40     |-13.20    |18        |111         |-1       |132.31       |                       
2021-08-17 |ZC203        |742.20     |725.40   |731.20   |721.40   |729.60   |726.20    |-12.60    |-16.00    |17        |76          |-3       |123.46       |                       
2021-08-17 |ZC204        |719.80     |707.60   |716.20   |707.60   |709.00   |712.20    |-10.80    |-7.60     |4         |24          |0        |28.49        |                       
2021-08-17 |ZC205        |707.80     |696.40   |703.60   |686.00   |703.20   |697.00    |-4.60     |-10.80    |960       |4,563       |171      |6,690.61     |                       
2021-08-17 |ZC206        |699.20     |0.00     |0.00     |0.00     |0.00     |699.20    |0.00      |0.00      |0         |18          |0        |0.00         |                       
2021-08-17 |ZC207        |705.60     |701.00   |701.00   |701.00   |701.00   |701.00    |-4.60     |-4.60     |1         |44          |1        |7.01         |                       
2021-08-17 |ZC208        |713.20     |0.00     |0.00     |0.00     |0.00     |711.00    |-2.20     |-2.20     |0         |1           |0        |0.00         |                       
2021-08-18 |ZC109        |889.60     |902.00   |919.00   |901.00   |917.60   |911.00    |28.00     |21.40     |17,496    |38,135      |-5,442   |159,399.30   |                       
2021-08-18 |ZC110        |805.40     |815.00   |829.80   |814.60   |821.40   |823.80    |16.00     |18.40     |287       |1,917       |-57      |2,364.25     |                       
2021-08-18 |ZC111        |798.60     |811.40   |825.00   |809.60   |817.60   |819.40    |19.00     |20.80     |652       |4,784       |13       |5,343.10     |                       
2021-08-18 |ZC112        |783.40     |800.00   |810.60   |798.00   |804.40   |804.40    |21.00     |21.00     |247       |1,053       |91       |1,986.91     |                       
2021-08-18 |ZC201        |763.40     |770.80   |785.80   |766.00   |776.80   |777.40    |13.40     |14.00     |77,397    |97,645      |-753     |601,703.24   |                       
2021-08-18 |ZC202        |735.00     |745.00   |756.00   |742.60   |745.40   |748.20    |10.40     |13.20     |14        |111         |0        |104.74       |                       
2021-08-18 |ZC203        |726.20     |730.60   |730.60   |725.80   |729.00   |729.20    |2.80      |3.00      |7         |75          |-1       |51.04        |                       
2021-08-18 |ZC204        |712.20     |720.60   |722.00   |720.60   |722.00   |721.40    |9.80      |9.20      |2         |22          |-2       |14.43        |                       
2021-08-18 |ZC205        |697.00     |700.00   |710.00   |698.60   |701.00   |705.20    |4.00      |8.20      |613       |4,554       |-9       |4,322.68     |                       
2021-08-18 |ZC206        |699.20     |0.00     |0.00     |0.00     |0.00     |702.00    |2.80      |2.80      |0         |18          |0        |0.00         |                       
2021-08-18 |ZC207        |701.00     |706.00   |713.20   |701.60   |704.00   |705.40    |3.00      |4.40      |7         |45          |1        |49.37        |                       
2021-08-18 |ZC208        |711.00     |697.60   |697.60   |697.60   |697.60   |697.60    |-13.40    |-13.40    |1         |1           |0        |6.98         |                       
2021-08-19 |ZC109        |911.00     |919.00   |945.80   |916.00   |941.20   |931.40    |30.20     |20.40     |18,757    |32,201      |-5,934   |174,692.65   |                       
2021-08-19 |ZC110        |823.80     |829.60   |840.00   |820.00   |832.00   |831.80    |8.20      |8.00      |338       |1,901       |-16      |2,811.33     |                       
2021-08-19 |ZC111        |819.40     |815.00   |831.40   |814.20   |816.20   |821.80    |-3.20     |2.40      |845       |4,765       |-19      |6,943.84     |                       
2021-08-19 |ZC112        |804.40     |805.00   |823.60   |798.00   |810.20   |808.40    |5.80      |4.00      |266       |1,014       |-39      |2,150.59     |                       
2021-08-19 |ZC201        |777.40     |776.80   |798.00   |764.60   |777.60   |781.40    |0.20      |4.00      |97,229    |97,498      |-147     |759,697.50   |                       
2021-08-19 |ZC202        |748.20     |751.80   |762.00   |745.00   |762.00   |753.40    |13.80     |5.20      |17        |109         |-2       |128.06       |                       
2021-08-19 |ZC203        |729.20     |736.60   |742.60   |727.20   |737.00   |738.20    |7.80      |9.00      |16        |84          |9        |118.11       |                       
2021-08-19 |ZC204        |721.40     |723.80   |725.00   |719.00   |719.00   |722.60    |-2.40     |1.20      |3         |23          |1        |21.68        |                       
2021-08-19 |ZC205        |705.20     |704.00   |718.20   |693.00   |700.20   |704.20    |-5.00     |-1.00     |1,336     |4,456       |-98      |9,409.22     |                       
2021-08-19 |ZC206        |702.00     |702.00   |703.00   |701.80   |703.00   |702.20    |1.00      |0.20      |3         |18          |0        |21.07        |                       
2021-08-19 |ZC207        |705.40     |701.40   |719.00   |699.80   |710.40   |704.20    |5.00      |-1.20     |17        |54          |9        |119.71       |                       
2021-08-19 |ZC208        |697.60     |706.00   |706.60   |706.00   |706.60   |706.40    |9.00      |8.80      |2         |2           |1        |14.13        |                       
2021-08-20 |ZC109        |931.40     |941.20   |981.60   |938.60   |954.80   |957.00    |23.40     |25.60     |20,354    |25,228      |-6,973   |194,803.13   |                       
2021-08-20 |ZC110        |831.80     |821.80   |854.00   |821.80   |844.40   |844.00    |12.60     |12.20     |619       |1,928       |27       |5,224.57     |                       
2021-08-20 |ZC111        |821.80     |816.40   |829.80   |814.00   |828.80   |822.20    |7.00      |0.40      |1,491     |4,815       |50       |12,259.85    |                       
2021-08-20 |ZC112        |808.40     |810.20   |817.40   |805.60   |810.00   |813.60    |1.60      |5.20      |368       |1,001       |-13      |2,994.29     |                       
2021-08-20 |ZC201        |781.40     |778.00   |795.00   |775.20   |793.00   |787.20    |11.60     |5.80      |70,569    |94,806      |-2,692   |555,545.02   |                       
2021-08-20 |ZC202        |753.40     |760.00   |760.60   |747.00   |752.40   |753.20    |-1.00     |-0.20     |48        |110         |1        |361.51       |                       
2021-08-20 |ZC203        |738.20     |730.60   |746.20   |730.60   |736.80   |737.80    |-1.40     |-0.40     |43        |92          |8        |317.29       |                       
2021-08-20 |ZC204        |722.60     |727.40   |727.40   |723.80   |723.80   |724.60    |1.20      |2.00      |5         |24          |1        |36.23        |                       
2021-08-20 |ZC205        |704.20     |700.00   |710.00   |699.60   |709.60   |707.40    |5.40      |3.20      |809       |4,309       |-147     |5,722.92     |                       
2021-08-20 |ZC206        |702.20     |712.40   |712.40   |712.40   |712.40   |712.40    |10.20     |10.20     |1         |19          |1        |7.12         |                       
2021-08-20 |ZC207        |704.20     |711.80   |711.80   |710.00   |710.00   |711.00    |5.80      |6.80      |2         |56          |2        |14.22        |                       
2021-08-20 |ZC208        |706.40     |702.40   |705.80   |702.40   |705.80   |704.20    |-0.60     |-2.20     |2         |2           |0        |14.08        |                       
2021-08-23 |ZC109        |957.00     |954.80   |992.60   |940.00   |989.80   |966.20    |32.80     |9.20      |17,482    |18,385      |-6,843   |168,893.07   |                       
2021-08-23 |ZC110        |844.00     |849.60   |907.60   |846.80   |898.80   |879.00    |54.80     |35.00     |1,753     |2,045       |117      |15,408.21    |                       
2021-08-23 |ZC111        |822.20     |821.60   |888.00   |821.60   |888.00   |862.80    |65.80     |40.60     |2,556     |4,921       |106      |22,053.27    |                       
2021-08-23 |ZC112        |813.60     |818.60   |877.00   |818.60   |876.00   |844.00    |62.40     |30.40     |697       |861         |-140     |5,882.11     |                       
2021-08-23 |ZC201        |787.20     |796.80   |850.20   |796.80   |850.20   |832.60    |63.00     |45.40     |125,052   |98,238      |3,432    |1,041,239.99 |                       
2021-08-23 |ZC202        |753.20     |774.60   |813.60   |771.00   |811.60   |794.60    |58.40     |41.40     |266       |138         |28       |2,113.73     |                       
2021-08-23 |ZC203        |737.80     |746.00   |791.00   |742.00   |791.00   |762.80    |53.20     |25.00     |80        |105         |13       |610.28       |                       
2021-08-23 |ZC204        |724.60     |739.60   |750.80   |736.40   |750.80   |742.20    |26.20     |17.60     |3         |25          |1        |22.27        |                       
2021-08-23 |ZC205        |707.40     |707.40   |757.20   |707.40   |751.00   |735.40    |43.60     |28.00     |3,082     |4,381       |72       |22,664.88    |                       
2021-08-23 |ZC206        |712.40     |0.00     |0.00     |0.00     |0.00     |747.80    |35.40     |35.40     |0         |19          |0        |0.00         |                       
2021-08-23 |ZC207        |711.00     |713.00   |749.60   |713.00   |749.60   |735.80    |38.60     |24.80     |37        |64          |8        |272.23       |                       
2021-08-23 |ZC208        |704.20     |728.40   |738.60   |728.40   |738.60   |733.60    |34.40     |29.40     |2         |2           |0        |14.67        |                       
2021-08-24 |ZC109        |966.20     |984.00   |994.20   |976.00   |980.80   |983.00    |14.60     |16.80     |7,872     |13,822      |-4,563   |77,384.48    |                       
2021-08-24 |ZC110        |879.00     |905.80   |915.00   |895.00   |905.40   |901.80    |26.40     |22.80     |875       |2,261       |216      |7,890.45     |                       
2021-08-24 |ZC111        |862.80     |895.00   |908.80   |867.20   |890.80   |884.60    |28.00     |21.80     |2,025     |4,622       |-299     |17,913.27    |                       
2021-08-24 |ZC112        |844.00     |875.00   |887.00   |850.00   |874.00   |868.00    |30.00     |24.00     |312       |848         |-13      |2,708.16     |                       
2021-08-24 |ZC201        |832.60     |856.00   |875.20   |831.00   |856.20   |853.60    |23.60     |21.00     |131,761   |102,685     |4,447    |1,124,818.97 |                       
2021-08-24 |ZC202        |794.60     |826.00   |836.60   |797.80   |815.20   |814.20    |20.60     |19.60     |63        |134         |-4       |512.96       |                       
2021-08-24 |ZC203        |762.80     |785.00   |785.00   |761.40   |775.00   |772.20    |12.20     |9.40      |51        |98          |-7       |393.80       |                       
2021-08-24 |ZC204        |742.20     |771.00   |771.00   |754.00   |754.00   |763.40    |11.80     |21.20     |3         |25          |0        |22.90        |                       
2021-08-24 |ZC205        |735.40     |745.00   |758.80   |738.00   |749.00   |747.80    |13.60     |12.40     |1,855     |4,578       |197      |13,870.16    |                       
2021-08-24 |ZC206        |747.80     |0.00     |0.00     |0.00     |0.00     |747.80    |0.00      |0.00      |0         |19          |0        |0.00         |                       
2021-08-24 |ZC207        |735.80     |744.80   |750.60   |729.20   |737.60   |741.40    |1.80      |5.60      |10        |62          |-2       |74.13        |                       
2021-08-24 |ZC208        |733.60     |743.60   |743.60   |743.60   |743.60   |743.60    |10.00     |10.00     |1         |3           |1        |7.44         |                       
2021-08-25 |ZC109        |983.00     |984.80   |999.00   |979.60   |996.60   |992.00    |13.60     |9.00      |5,824     |10,897      |-2,925   |57,778.03    |                       
2021-08-25 |ZC110        |901.80     |903.20   |937.00   |903.20   |932.60   |925.60    |30.80     |23.80     |765       |2,391       |130      |7,081.24     |                       
2021-08-25 |ZC111        |884.60     |887.60   |920.60   |885.60   |915.20   |905.40    |30.60     |20.80     |1,270     |4,800       |178      |11,499.29    |                       
2021-08-25 |ZC112        |868.00     |878.20   |901.40   |871.00   |898.00   |888.80    |30.00     |20.80     |163       |850         |2        |1,448.87     |                       
2021-08-25 |ZC201        |853.60     |860.00   |888.80   |855.20   |880.20   |873.00    |26.60     |19.40     |99,544    |109,920     |7,235    |869,077.46   |                       
2021-08-25 |ZC202        |814.20     |824.60   |845.00   |823.40   |840.40   |833.80    |26.20     |19.60     |102       |179         |45       |850.51       |                       
2021-08-25 |ZC203        |772.20     |785.00   |800.40   |780.80   |800.40   |789.20    |28.20     |17.00     |41        |111         |13       |323.54       |                       
2021-08-25 |ZC204        |763.40     |776.80   |776.80   |776.80   |776.80   |776.80    |13.40     |13.40     |1         |26          |1        |7.77         |                       
2021-08-25 |ZC205        |747.80     |750.00   |769.00   |748.00   |758.00   |758.00    |10.20     |10.20     |1,481     |4,629       |51       |11,227.03    |                       
2021-08-25 |ZC206        |747.80     |753.20   |771.80   |753.20   |771.80   |767.60    |24.00     |19.80     |39        |49          |30       |299.34       |                       
2021-08-25 |ZC207        |741.40     |736.20   |759.60   |736.20   |754.80   |750.20    |13.40     |8.80      |31        |64          |2        |232.55       |                       
2021-08-25 |ZC208        |743.60     |748.80   |760.00   |740.60   |749.80   |751.20    |6.20      |7.60      |8         |7           |4        |60.09        |                       
2021-08-26 |ZC109        |992.00     |995.20   |1,005.00 |992.00   |999.20   |1,000.40  |7.20      |8.40      |4,427     |8,706       |-2,191   |44,286.09    |                       
2021-08-26 |ZC110        |925.60     |933.80   |937.20   |909.40   |923.80   |926.20    |-1.80     |0.60      |576       |2,411       |20       |5,334.67     |                       
2021-08-26 |ZC111        |905.40     |904.40   |920.80   |886.20   |897.00   |904.40    |-8.40     |-1.00     |1,200     |4,734       |-66      |10,853.35    |                       
2021-08-26 |ZC112        |888.80     |895.00   |902.00   |868.00   |874.60   |885.20    |-14.20    |-3.60     |365       |854         |4        |3,230.80     |                       
2021-08-26 |ZC201        |873.00     |873.20   |889.80   |851.20   |860.40   |869.80    |-12.60    |-3.20     |103,509   |111,485     |1,565    |900,394.28   |                       
2021-08-26 |ZC202        |833.80     |839.80   |845.80   |810.00   |822.00   |827.80    |-11.80    |-6.00     |81        |187         |8        |670.57       |                       
2021-08-26 |ZC203        |789.20     |800.00   |800.00   |772.00   |773.20   |780.60    |-16.00    |-8.60     |23        |105         |-6       |179.55       |                       
2021-08-26 |ZC204        |776.80     |754.40   |754.40   |754.40   |754.40   |754.40    |-22.40    |-22.40    |1         |26          |0        |7.54         |                       
2021-08-26 |ZC205        |758.00     |751.20   |769.60   |745.80   |751.80   |757.00    |-6.20     |-1.00     |1,800     |4,708       |79       |13,627.14    |                       
2021-08-26 |ZC206        |767.60     |760.80   |764.80   |749.40   |755.00   |756.80    |-12.60    |-10.80    |10        |46          |-3       |75.67        |                       
2021-08-26 |ZC207        |750.20     |758.60   |758.60   |734.80   |740.00   |744.40    |-10.20    |-5.80     |26        |66          |2        |193.55       |                       
2021-08-26 |ZC208        |751.20     |743.60   |743.60   |730.00   |730.00   |736.80    |-21.20    |-14.40    |2         |9           |2        |14.74        |                       
2021-08-27 |ZC109        |1,000.40   |993.40   |998.60   |977.60   |988.00   |992.80    |-12.40    |-7.60     |3,625     |6,258       |-2,448   |35,991.92    |                       
2021-08-27 |ZC110        |926.20     |908.80   |928.00   |903.00   |926.40   |913.80    |0.20      |-12.40    |733       |2,584       |173      |6,698.10     |                       
2021-08-27 |ZC111        |904.40     |887.60   |901.60   |877.60   |901.40   |884.00    |-3.00     |-20.40    |1,526     |4,665       |-69      |13,488.30    |                       
2021-08-27 |ZC112        |885.20     |865.00   |886.20   |857.00   |886.20   |867.80    |1.00      |-17.40    |376       |919         |65       |3,263.16     |                       
2021-08-27 |ZC201        |869.80     |850.00   |859.80   |835.00   |855.60   |844.20    |-14.20    |-25.60    |79,981    |103,430     |-8,055   |675,230.01   |                       
2021-08-27 |ZC202        |827.80     |807.80   |816.60   |795.60   |814.80   |801.80    |-13.00    |-26.00    |94        |171         |-16      |753.77       |                       
2021-08-27 |ZC203        |780.60     |763.60   |772.60   |760.00   |772.60   |764.80    |-8.00     |-15.80    |34        |85          |-20      |260.04       |                       
2021-08-27 |ZC204        |754.40     |0.00     |0.00     |0.00     |0.00     |754.40    |0.00      |0.00      |0         |26          |0        |0.00         |                       
2021-08-27 |ZC205        |757.00     |744.00   |747.00   |735.00   |742.80   |741.80    |-14.20    |-15.20    |1,668     |4,724       |16       |12,374.05    |                       
2021-08-27 |ZC206        |756.80     |745.60   |745.60   |741.40   |741.40   |742.60    |-15.40    |-14.20    |6         |41          |-5       |44.55        |                       
2021-08-27 |ZC207        |744.40     |725.00   |736.00   |724.40   |728.00   |729.80    |-16.40    |-14.60    |18        |71          |5        |131.36       |                       
2021-08-27 |ZC208        |736.80     |727.40   |734.60   |727.40   |734.60   |731.40    |-2.20     |-5.40     |3         |11          |2        |21.94        |                       
2021-08-30 |ZC109        |992.80     |986.80   |1,029.60 |986.80   |1,021.80 |1,006.20  |29.00     |13.40     |3,332     |4,220       |-2,038   |33,525.58    |                       
2021-08-30 |ZC110        |913.80     |932.80   |945.00   |929.60   |942.20   |937.60    |28.40     |23.80     |648       |2,725       |141      |6,068.32     |                       
2021-08-30 |ZC111        |884.00     |900.00   |906.80   |890.60   |901.20   |898.80    |17.20     |14.80     |1,353     |4,861       |196      |12,160.02    |                       
2021-08-30 |ZC112        |867.80     |880.00   |892.40   |876.00   |892.00   |885.80    |24.20     |18.00     |426       |1,074       |155      |3,773.12     |                       
2021-08-30 |ZC201        |844.20     |854.60   |871.00   |846.00   |864.00   |858.60    |19.80     |14.40     |65,850    |102,428     |-1,002   |565,403.23   |                       
2021-08-30 |ZC202        |801.80     |812.40   |821.60   |804.00   |818.40   |814.00    |16.60     |12.20     |68        |195         |24       |553.53       |                       
2021-08-30 |ZC203        |764.80     |778.60   |787.00   |776.40   |787.00   |780.00    |22.20     |15.20     |23        |95          |10       |179.38       |                       
2021-08-30 |ZC204        |754.40     |762.80   |762.80   |762.80   |762.80   |762.80    |8.40      |8.40      |1         |25          |-1       |7.63         |                       
2021-08-30 |ZC205        |741.80     |741.00   |755.00   |739.00   |752.80   |746.40    |11.00     |4.60      |1,226     |5,002       |278      |9,150.00     |                       
2021-08-30 |ZC206        |742.60     |752.40   |752.40   |738.20   |750.80   |745.00    |8.20      |2.40      |7         |39          |-2       |52.15        |                       
2021-08-30 |ZC207        |729.80     |738.00   |754.60   |729.60   |754.60   |743.40    |24.80     |13.60     |46        |83          |12       |341.96       |                       
2021-08-30 |ZC208        |731.40     |740.80   |751.00   |737.80   |750.00   |745.00    |18.60     |13.60     |29        |34          |23       |216.06       |                       
2021-08-31 |ZC109        |1,006.20   |1,024.80 |1,079.00 |1,003.20 |1,045.00 |1,043.00  |38.80     |36.80     |5,434     |387         |-3,833   |56,673.93    |                       
2021-08-31 |ZC110        |937.60     |948.60   |952.00   |937.20   |949.40   |946.00    |11.80     |8.40      |494       |2,850       |125      |4,673.09     |                       
2021-08-31 |ZC111        |898.80     |909.80   |911.00   |900.40   |909.00   |905.20    |10.20     |6.40      |1,071     |4,900       |39       |9,695.62     |                       
2021-08-31 |ZC112        |885.80     |898.80   |898.80   |887.20   |895.20   |892.40    |9.40      |6.60      |213       |1,074       |0        |1,900.73     |                       
2021-08-31 |ZC201        |858.60     |868.80   |875.00   |858.60   |872.00   |867.20    |13.40     |8.60      |51,510    |105,875     |3,447    |446,739.90   |                       
2021-08-31 |ZC202        |814.00     |818.40   |828.20   |814.40   |823.20   |821.40    |9.20      |7.40      |28        |203         |8        |229.98       |                       
2021-08-31 |ZC203        |780.00     |790.20   |790.80   |777.80   |784.20   |784.20    |4.20      |4.20      |14        |100         |5        |109.79       |                       
2021-08-31 |ZC204        |762.80     |765.20   |765.20   |765.20   |765.20   |765.20    |2.40      |2.40      |1         |25          |0        |7.65         |                       
2021-08-31 |ZC205        |746.40     |753.00   |760.00   |745.40   |757.00   |753.40    |10.60     |7.00      |949       |5,189       |187      |7,149.45     |                       
2021-08-31 |ZC206        |745.00     |756.00   |756.00   |749.00   |750.60   |752.40    |5.60      |7.40      |15        |48          |9        |112.85       |                       
2021-08-31 |ZC207        |743.40     |751.00   |757.20   |747.00   |747.60   |749.80    |4.20      |6.40      |29        |86          |3        |217.46       |                       
2021-08-31 |ZC208        |745.00     |747.00   |753.60   |747.00   |749.00   |749.60    |4.00      |4.60      |25        |40          |6        |187.41       |                       
2021-09-01 |ZC109        |1,043.00   |1,020.20 |1,055.00 |1,016.00 |1,016.00 |1,038.80  |-27.00    |-4.20     |195       |201         |-186     |2,025.82     |991.00                 
2021-09-01 |ZC110        |946.00     |949.20   |973.80   |949.20   |962.60   |965.40    |16.60     |19.40     |698       |2,862       |12       |6,718.48     |                       
2021-09-01 |ZC111        |905.20     |913.80   |930.60   |909.00   |914.80   |918.20    |9.60      |13.00     |1,589     |4,869       |-31      |14,590.06    |                       
2021-09-01 |ZC112        |892.40     |900.60   |909.80   |888.00   |896.00   |898.60    |3.60      |6.20      |513       |1,023       |-51      |4,609.64     |                       
2021-09-01 |ZC201        |867.20     |872.80   |894.20   |866.80   |874.80   |880.60    |7.60      |13.40     |80,067    |109,466     |3,591    |705,012.33   |                       
2021-09-01 |ZC202        |821.40     |830.80   |839.00   |819.40   |827.40   |833.20    |6.00      |11.80     |70        |229         |26       |583.24       |                       
2021-09-01 |ZC203        |784.20     |780.20   |800.00   |780.20   |791.00   |794.20    |6.80      |10.00     |45        |102         |2        |357.42       |                       
2021-09-01 |ZC204        |765.20     |760.20   |788.20   |760.20   |780.00   |778.60    |14.80     |13.40     |21        |28          |3        |163.51       |                       
2021-09-01 |ZC205        |753.40     |758.00   |771.40   |754.40   |761.60   |763.40    |8.20      |10.00     |1,707     |5,334       |145      |13,031.23    |                       
2021-09-01 |ZC206        |752.40     |764.00   |768.20   |758.80   |758.80   |764.80    |6.40      |12.40     |8         |44          |-4       |61.18        |                       
2021-09-01 |ZC207        |749.80     |758.60   |761.00   |749.60   |749.60   |755.20    |-0.20     |5.40      |17        |83          |-3       |128.38       |                       
2021-09-01 |ZC208        |749.60     |749.00   |761.20   |748.00   |748.00   |753.60    |-1.60     |4.00      |14        |34          |-6       |105.50       |                       
2021-09-02 |ZC109        |1,038.80   |1,120.00 |1,120.00 |1,120.00 |1,120.00 |1,120.00  |81.20     |81.20     |1         |200         |-1       |11.20        |1,010.00               
2021-09-02 |ZC110        |965.40     |965.00   |998.00   |961.00   |984.60   |985.00    |19.20     |19.60     |1,042     |2,721       |-141     |10,248.28    |                       
2021-09-02 |ZC111        |918.20     |918.00   |970.80   |913.40   |948.20   |943.00    |30.00     |24.80     |1,924     |4,878       |9        |18,144.82    |                       
2021-09-02 |ZC112        |898.60     |896.20   |951.20   |891.60   |927.20   |915.00    |28.60     |16.40     |382       |963         |-60      |3,495.10     |                       
2021-09-02 |ZC201        |880.60     |880.00   |933.40   |869.40   |906.00   |903.80    |25.40     |23.20     |127,163   |110,876     |1,410    |1,149,300.72 |                       
2021-09-02 |ZC202        |833.20     |832.00   |871.00   |821.80   |856.00   |852.20    |22.80     |19.00     |276       |256         |27       |2,352.15     |                       
2021-09-02 |ZC203        |794.20     |794.00   |837.00   |792.80   |821.00   |820.20    |26.80     |26.00     |56        |114         |12       |459.32       |                       
2021-09-02 |ZC204        |778.60     |777.00   |809.00   |768.00   |806.20   |785.20    |27.60     |6.60      |15        |25          |-3       |117.79       |                       
2021-09-02 |ZC205        |763.40     |763.80   |808.20   |756.40   |791.20   |784.60    |27.80     |21.20     |3,631     |5,631       |297      |28,491.35    |                       
2021-09-02 |ZC206        |764.80     |761.00   |801.60   |761.00   |798.20   |792.60    |33.40     |27.80     |22        |48          |4        |174.35       |                       
2021-09-02 |ZC207        |755.20     |757.60   |800.00   |753.80   |781.60   |784.40    |26.40     |29.20     |1,544     |1,592       |1,509    |12,112.12    |                       
2021-09-02 |ZC208        |753.60     |747.20   |800.80   |747.20   |784.00   |771.00    |30.40     |17.40     |34        |52          |18       |262.11       |                       
2021-09-03 |ZC109        |1,120.00   |0.00     |0.00     |0.00     |0.00     |1,103.60  |-16.40    |-16.40    |0         |200         |0        |0.00         |1,024.60               
2021-09-03 |ZC110        |985.00     |952.00   |986.00   |943.00   |980.80   |969.40    |-4.20     |-15.60    |3,662     |2,680       |-41      |34,902.90    |                       
2021-09-03 |ZC111        |943.00     |911.20   |947.80   |911.20   |944.60   |936.00    |1.60      |-7.00     |2,008     |4,302       |-576     |18,795.84    |                       
2021-09-03 |ZC112        |915.00     |900.00   |917.00   |896.80   |914.20   |905.60    |-0.80     |-9.40     |394       |896         |-67      |3,567.67     |                       
2021-09-03 |ZC201        |903.80     |878.80   |900.80   |876.00   |896.00   |890.60    |-7.80     |-13.20    |79,434    |106,973     |-3,903   |707,382.91   |                       
2021-09-03 |ZC202        |852.20     |838.00   |848.80   |818.20   |834.00   |828.60    |-18.20    |-23.60    |243       |313         |57       |2,013.70     |                       
2021-09-03 |ZC203        |820.20     |812.00   |813.60   |797.60   |806.60   |804.60    |-13.60    |-15.60    |35        |108         |-6       |281.59       |                       
2021-09-03 |ZC204        |785.20     |771.40   |797.60   |768.00   |780.60   |780.20    |-4.60     |-5.00     |7         |23          |-2       |54.61        |                       
2021-09-03 |ZC205        |784.60     |774.20   |786.80   |760.20   |782.00   |777.80    |-2.60     |-6.80     |2,478     |5,818       |187      |19,272.98    |                       
2021-09-03 |ZC206        |792.60     |776.80   |784.80   |770.00   |784.20   |778.60    |-8.40     |-14.00    |6         |50          |2        |46.72        |                       
2021-09-03 |ZC207        |784.40     |765.20   |784.20   |762.80   |784.20   |778.80    |-0.20     |-5.60     |1,534     |96          |-1,496   |11,947.82    |                       
2021-09-03 |ZC208        |771.00     |758.00   |779.20   |758.00   |764.40   |768.00    |-6.60     |-3.00     |13        |55          |3        |99.84        |                       
2021-09-06 |ZC109        |1,103.60   |0.00     |0.00     |0.00     |0.00     |1,149.80  |46.20     |46.20     |0         |200         |0        |0.00         |1,043.00               
2021-09-06 |ZC110        |969.40     |981.20   |1,034.00 |981.00   |1,034.00 |1,012.00  |64.60     |42.60     |1,111     |2,361       |-319     |11,242.29    |                       
2021-09-06 |ZC111        |936.00     |946.00   |1,000.40 |946.00   |998.00   |983.20    |62.00     |47.20     |1,511     |4,345       |43       |14,855.53    |                       
2021-09-06 |ZC112        |905.60     |920.00   |965.80   |920.00   |965.80   |945.60    |60.20     |40.00     |244       |904         |8        |2,307.41     |                       
2021-09-06 |ZC201        |890.60     |904.20   |951.00   |902.80   |949.00   |927.80    |58.40     |37.20     |84,263    |107,713     |740      |781,851.96   |                       
2021-09-06 |ZC202        |828.60     |841.80   |874.00   |838.80   |874.00   |856.20    |45.40     |27.60     |105       |324         |11       |898.93       |                       
2021-09-06 |ZC203        |804.60     |829.00   |844.80   |823.00   |844.80   |831.20    |40.20     |26.60     |30        |101         |-7       |249.38       |                       
2021-09-06 |ZC204        |780.20     |782.00   |828.00   |782.00   |828.00   |812.60    |47.80     |32.40     |21        |27          |4        |170.63       |                       
2021-09-06 |ZC205        |777.80     |789.20   |823.80   |788.00   |822.20   |802.80    |44.40     |25.00     |3,226     |6,277       |459      |25,899.36    |                       
2021-09-06 |ZC206        |778.60     |800.00   |808.00   |795.00   |808.00   |800.00    |29.40     |21.40     |14        |46          |-4       |111.99       |                       
2021-09-06 |ZC207        |778.80     |787.40   |812.00   |787.40   |812.00   |796.60    |33.20     |17.80     |24        |89          |-7       |191.21       |                       
2021-09-06 |ZC208        |768.00     |799.60   |809.80   |792.00   |809.80   |798.80    |41.80     |30.80     |20        |59          |4        |159.75       |                       
2021-09-07 |ZC109        |1,149.80   |1,095.00 |1,095.00 |1,095.00 |1,095.00 |1,095.00  |-54.80    |-54.80    |200       |0           |-200     |2,190.00     |1,054.20               
2021-09-07 |ZC110        |1,012.00   |1,035.40 |1,093.00 |1,035.40 |1,091.40 |1,076.00  |79.40     |64.00     |949       |2,296       |-65      |10,210.92    |                       
2021-09-07 |ZC111        |983.20     |1,007.00 |1,057.20 |1,003.40 |1,045.60 |1,030.60  |62.40     |47.40     |1,882     |4,182       |-163     |19,394.55    |                       
2021-09-07 |ZC112        |945.60     |977.00   |1,017.40 |972.20   |1,011.80 |996.00    |66.20     |50.40     |766       |990         |86       |7,629.38     |                       
2021-09-07 |ZC201        |927.80     |949.00   |997.80   |948.20   |985.60   |972.60    |57.80     |44.80     |78,742    |107,707     |-6       |765,816.35   |                       
2021-09-07 |ZC202        |856.20     |883.80   |924.80   |883.40   |917.20   |905.00    |61.00     |48.80     |141       |335         |11       |1,276.11     |                       
2021-09-07 |ZC203        |831.20     |854.00   |893.20   |854.00   |893.20   |868.20    |62.00     |37.00     |54        |122         |21       |468.84       |                       
2021-09-07 |ZC204        |812.60     |832.20   |870.00   |832.20   |870.00   |846.20    |57.40     |33.60     |15        |33          |6        |126.94       |                       
2021-09-07 |ZC205        |802.80     |822.40   |865.00   |820.00   |852.40   |844.80    |49.60     |42.00     |5,719     |7,838       |1,561    |48,312.63    |                       
2021-09-07 |ZC206        |800.00     |844.00   |860.40   |844.00   |860.40   |852.20    |60.40     |52.20     |2         |46          |0        |17.04        |                       
2021-09-07 |ZC207        |796.60     |828.00   |852.20   |820.00   |839.40   |834.80    |42.80     |38.20     |29        |93          |4        |242.11       |                       
2021-09-07 |ZC208        |798.80     |820.40   |843.60   |820.40   |843.60   |832.40    |44.80     |33.60     |9         |59          |0        |74.92        |                       
2021-09-08 |ZC110        |1,076.00   |1,095.00 |1,102.60 |1,070.00 |1,081.40 |1,082.60  |5.40      |6.60      |453       |2,164       |-132     |4,903.77     |                       
2021-09-08 |ZC111        |1,030.60   |1,048.60 |1,051.80 |1,016.80 |1,046.40 |1,032.80  |15.80     |2.20      |1,481     |4,330       |148      |15,294.65    |                       
2021-09-08 |ZC112        |996.00     |1,007.60 |1,009.80 |973.80   |1,007.00 |995.40    |11.00     |-0.60     |481       |967         |-23      |4,787.46     |                       
2021-09-08 |ZC201        |972.60     |981.00   |986.00   |941.00   |977.00   |965.40    |4.40      |-7.20     |90,229    |98,401      |-9,306   |871,002.67   |                       
2021-09-08 |ZC202        |905.00     |912.60   |912.60   |873.40   |909.60   |892.60    |4.60      |-12.40    |189       |330         |-5       |1,686.94     |                       
2021-09-08 |ZC203        |868.20     |862.80   |879.80   |853.40   |876.00   |864.80    |7.80      |-3.40     |40        |121         |-1       |345.88       |                       
2021-09-08 |ZC204        |846.20     |861.00   |864.20   |841.60   |853.20   |851.60    |7.00      |5.40      |27        |37          |4        |229.92       |                       
2021-09-08 |ZC205        |844.80     |856.00   |856.00   |828.40   |846.00   |840.40    |1.20      |-4.40     |4,327     |8,260       |422      |36,362.89    |                       
2021-09-08 |ZC206        |852.20     |838.00   |849.80   |829.80   |849.80   |839.00    |-2.40     |-13.20    |4         |48          |2        |33.56        |                       
2021-09-08 |ZC207        |834.80     |828.00   |838.20   |822.00   |838.20   |829.20    |3.40      |-5.60     |26        |92          |-1       |215.59       |                       
2021-09-08 |ZC208        |832.40     |833.00   |833.00   |818.20   |825.60   |825.60    |-6.80     |-6.80     |3         |58          |-1       |24.77        |                       
2021-09-08 |ZC209        |832.40     |836.00   |841.00   |816.00   |825.00   |826.40    |-7.40     |-6.00     |25        |14          |14       |206.60       |                       
2021-09-09 |ZC110        |1,082.60   |1,082.40 |1,115.00 |1,081.00 |1,081.00 |1,094.60  |-1.60     |12.00     |485       |2,084       |-80      |5,308.76     |                       
2021-09-09 |ZC111        |1,032.80   |1,046.40 |1,090.00 |1,042.80 |1,052.00 |1,065.20  |19.20     |32.40     |1,476     |4,182       |-148     |15,721.74    |                       
2021-09-09 |ZC112        |995.40     |1,020.00 |1,051.20 |1,008.00 |1,018.60 |1,024.60  |23.20     |29.20     |461       |1,004       |37       |4,723.29     |                       
2021-09-09 |ZC201        |965.40     |989.00   |1,028.00 |977.40   |990.40   |999.60    |25.00     |34.20     |92,756    |96,878      |-1,523   |927,250.60   |                       
2021-09-09 |ZC202        |892.60     |921.00   |955.80   |911.80   |920.40   |931.00    |27.80     |38.40     |185       |379         |49       |1,722.28     |                       
2021-09-09 |ZC203        |864.80     |892.00   |901.80   |875.20   |887.00   |886.20    |22.20     |21.40     |67        |121         |0        |593.69       |                       
2021-09-09 |ZC204        |851.60     |870.00   |879.00   |858.40   |863.60   |867.00    |12.00     |15.40     |20        |39          |2        |173.38       |                       
2021-09-09 |ZC205        |840.40     |850.00   |871.20   |848.80   |851.00   |857.00    |10.60     |16.60     |6,595     |9,827       |1,567    |56,522.58    |                       
2021-09-09 |ZC206        |839.00     |850.00   |856.60   |849.00   |856.60   |851.20    |17.60     |12.20     |4         |46          |-2       |34.05        |                       
2021-09-09 |ZC207        |829.20     |849.00   |856.60   |833.20   |839.60   |840.40    |10.40     |11.20     |32        |100         |8        |268.91       |                       
2021-09-09 |ZC208        |825.60     |829.00   |830.20   |828.40   |830.20   |829.40    |4.60      |3.80      |7         |57          |-1       |58.06        |                       
2021-09-09 |ZC209        |826.40     |836.00   |845.20   |821.20   |829.60   |832.60    |3.20      |6.20      |49        |31          |17       |407.98       |                       
2021-09-10 |ZC110        |1,094.60   |1,084.00 |1,125.00 |1,055.60 |1,114.20 |1,084.80  |19.60     |-9.80     |923       |1,835       |-249     |10,012.50    |                       
2021-09-10 |ZC111        |1,065.20   |1,049.00 |1,059.00 |1,005.00 |1,019.60 |1,028.60  |-45.60    |-36.60    |1,677     |4,269       |87       |17,251.14    |                       
2021-09-10 |ZC112        |1,024.60   |1,015.00 |1,023.00 |971.00   |980.20   |994.60    |-44.40    |-30.00    |426       |951         |-53      |4,236.89     |                       
2021-09-10 |ZC201        |999.60     |982.00   |999.80   |932.00   |945.20   |966.20    |-54.40    |-33.40    |104,608   |90,504      |-6,374   |1,010,774.24 |                       
2021-09-10 |ZC202        |931.00     |919.40   |931.00   |869.80   |881.60   |893.20    |-49.40    |-37.80    |181       |325         |-54      |1,616.65     |                       
2021-09-10 |ZC203        |886.20     |881.00   |883.00   |841.20   |854.20   |859.60    |-32.00    |-26.60    |71        |127         |6        |610.31       |                       
2021-09-10 |ZC204        |867.00     |861.00   |865.80   |832.00   |832.00   |849.60    |-35.00    |-17.40    |24        |40          |1        |203.90       |                       
2021-09-10 |ZC205        |857.00     |846.00   |857.00   |818.00   |820.60   |834.00    |-36.40    |-23.00    |5,791     |10,663      |836      |48,297.82    |                       
2021-09-10 |ZC206        |851.20     |848.00   |853.40   |819.20   |823.60   |836.80    |-27.60    |-14.40    |28        |46          |0        |234.31       |                       
2021-09-10 |ZC207        |840.40     |837.80   |844.60   |813.20   |813.60   |831.80    |-26.80    |-8.60     |45        |116         |16       |374.35       |                       
2021-09-10 |ZC208        |829.40     |829.20   |835.40   |806.60   |809.20   |822.40    |-20.20    |-7.00     |8         |55          |-2       |65.80        |                       
2021-09-10 |ZC209        |832.60     |819.60   |828.20   |790.00   |794.40   |809.40    |-38.20    |-23.20    |62        |72          |41       |501.89       |                       
2021-09-13 |ZC110        |1,084.80   |1,121.20 |1,171.60 |1,109.60 |1,171.60 |1,155.80  |86.80     |71.00     |581       |1,720       |-115     |6,714.86     |                       
2021-09-13 |ZC111        |1,028.60   |1,033.00 |1,111.00 |1,033.00 |1,106.00 |1,094.20  |77.40     |65.60     |4,080     |3,889       |-380     |44,642.66    |                       
2021-09-13 |ZC112        |994.60     |999.00   |1,058.80 |999.00   |1,051.00 |1,044.00  |56.40     |49.40     |917       |816         |-135     |9,573.32     |                       
2021-09-13 |ZC201        |966.20     |958.00   |1,016.80 |958.00   |988.00   |992.80    |21.80     |26.60     |105,994   |94,427      |3,923    |1,052,204.58 |                       
2021-09-13 |ZC202        |893.20     |876.80   |942.00   |876.80   |920.40   |922.60    |27.20     |29.40     |126       |345         |20       |1,162.37     |                       
2021-09-13 |ZC203        |859.60     |869.40   |906.00   |866.60   |886.60   |888.00    |27.00     |28.40     |108       |138         |11       |958.93       |                       
2021-09-13 |ZC204        |849.60     |844.00   |891.20   |844.00   |874.20   |875.20    |24.60     |25.60     |39        |56          |16       |341.36       |                       
2021-09-13 |ZC205        |834.00     |832.40   |880.00   |831.80   |859.80   |859.00    |25.80     |25.00     |8,835     |11,986      |1,323    |75,884.99    |                       
2021-09-13 |ZC206        |836.80     |842.00   |864.80   |836.20   |841.00   |844.60    |4.20      |7.80      |52        |38          |-8       |439.16       |                       
2021-09-13 |ZC207        |831.80     |824.00   |861.20   |824.00   |838.80   |844.00    |7.00      |12.20     |85        |146         |30       |717.36       |                       
2021-09-13 |ZC208        |822.40     |837.00   |846.00   |832.20   |832.20   |843.00    |9.80      |20.60     |9         |53          |-2       |75.87        |                       
2021-09-13 |ZC209        |809.40     |808.40   |842.00   |808.40   |816.20   |826.00    |6.80      |16.60     |76        |99          |27       |627.71       |                       
2021-09-14 |ZC110        |1,155.80   |1,185.80 |1,240.00 |1,176.40 |1,226.20 |1,208.80  |70.40     |53.00     |1,120     |1,789       |69       |13,539.15    |                       
2021-09-14 |ZC111        |1,094.20   |1,120.00 |1,133.40 |1,084.60 |1,124.20 |1,114.60  |30.00     |20.40     |2,062     |3,900       |11       |22,972.39    |                       
2021-09-14 |ZC112        |1,044.00   |1,052.00 |1,067.20 |1,028.00 |1,053.80 |1,054.40  |9.80      |10.40     |435       |890         |74       |4,586.60     |                       
2021-09-14 |ZC201        |992.80     |1,003.00 |1,005.40 |960.00   |994.00   |988.20    |1.20      |-4.60     |84,630    |94,499      |72       |836,324.09   |                       
2021-09-14 |ZC202        |922.60     |928.60   |932.60   |900.60   |923.00   |920.40    |0.40      |-2.20     |158       |385         |40       |1,454.08     |                       
2021-09-14 |ZC203        |888.00     |883.60   |896.00   |870.00   |885.00   |883.60    |-3.00     |-4.40     |101       |188         |50       |892.48       |                       
2021-09-14 |ZC204        |875.20     |870.00   |879.00   |857.20   |876.00   |869.20    |0.80      |-6.00     |14        |57          |1        |121.68       |                       
2021-09-14 |ZC205        |859.00     |869.20   |870.00   |838.00   |861.20   |858.60    |2.20      |-0.40     |6,295     |12,148      |162      |54,044.73    |                       
2021-09-14 |ZC206        |844.60     |844.60   |845.00   |825.20   |837.00   |837.20    |-7.60     |-7.40     |13        |33          |-5       |108.84       |                       
2021-09-14 |ZC207        |844.00     |847.00   |847.00   |821.40   |836.00   |837.20    |-8.00     |-6.80     |36        |148         |2        |301.36       |                       
2021-09-14 |ZC208        |843.00     |839.60   |839.60   |822.00   |822.00   |834.40    |-21.00    |-8.60     |13        |52          |-1       |108.48       |                       
2021-09-14 |ZC209        |826.00     |817.00   |826.40   |805.00   |817.20   |814.40    |-8.80     |-11.60    |46        |97          |-2       |374.59       |                       
2021-09-15 |ZC110        |1,208.80   |1,240.40 |1,305.60 |1,228.60 |1,303.20 |1,281.20  |94.40     |72.40     |1,106     |1,732       |-57      |14,170.72    |                       
2021-09-15 |ZC111        |1,114.60   |1,121.40 |1,203.40 |1,121.40 |1,177.80 |1,168.00  |63.20     |53.40     |2,555     |3,967       |67       |29,840.62    |                       
2021-09-15 |ZC112        |1,054.40   |1,050.00 |1,134.40 |1,050.00 |1,122.00 |1,100.00  |67.60     |45.60     |990       |875         |-15      |10,890.36    |                       
2021-09-15 |ZC201        |988.20     |995.60   |1,048.00 |988.00   |1,029.60 |1,015.40  |41.40     |27.20     |110,639   |102,933     |8,434    |1,123,472.85 |                       
2021-09-15 |ZC202        |920.40     |910.60   |975.40   |910.60   |959.40   |954.80    |39.00     |34.40     |230       |340         |-45      |2,195.84     |                       
2021-09-15 |ZC203        |883.60     |892.40   |926.00   |881.00   |901.60   |905.60    |18.00     |22.00     |149       |178         |-10      |1,349.47     |                       
2021-09-15 |ZC204        |869.20     |875.00   |903.00   |869.00   |886.60   |889.40    |17.40     |20.20     |32        |57          |0        |284.59       |                       
2021-09-15 |ZC205        |858.60     |863.00   |897.60   |856.00   |876.00   |872.60    |17.40     |14.00     |10,725    |13,122      |974      |93,575.92    |                       
2021-09-15 |ZC206        |837.20     |836.80   |874.20   |835.20   |871.00   |854.40    |33.80     |17.20     |10        |32          |-1       |85.45        |                       
2021-09-15 |ZC207        |837.20     |841.40   |864.60   |830.00   |849.60   |845.40    |12.40     |8.20      |70        |136         |-12      |591.73       |                       
2021-09-15 |ZC208        |834.40     |836.00   |837.00   |836.00   |837.00   |836.40    |2.60      |2.00      |5         |47          |-5       |41.82        |                       
2021-09-15 |ZC209        |814.40     |879.60   |879.60   |811.60   |825.00   |832.60    |10.60     |18.20     |163       |142         |45       |1,357.10     |                       
2021-09-16 |ZC110        |1,281.20   |1,299.00 |1,314.40 |1,243.80 |1,269.00 |1,270.20  |-12.20    |-11.00    |1,858     |1,474       |-258     |23,598.48    |                       
2021-09-16 |ZC111        |1,168.00   |1,172.00 |1,220.00 |1,170.00 |1,175.20 |1,188.80  |7.20      |20.80     |2,089     |3,631       |-336     |24,833.91    |                       
2021-09-16 |ZC112        |1,100.00   |1,120.00 |1,156.00 |1,116.00 |1,135.80 |1,136.40  |35.80     |36.40     |558       |839         |-36      |6,341.59     |                       
2021-09-16 |ZC201        |1,015.40   |1,036.00 |1,094.60 |1,028.60 |1,053.20 |1,063.60  |37.80     |48.20     |112,978   |97,985      |-4,948   |1,201,696.18 |                       
2021-09-16 |ZC202        |954.80     |963.00   |1,009.60 |963.00   |975.40   |986.40    |20.60     |31.60     |155       |342         |2        |1,528.78     |                       
2021-09-16 |ZC203        |905.60     |911.20   |953.00   |909.40   |921.80   |931.20    |16.20     |25.60     |103       |212         |34       |959.17       |                       
2021-09-16 |ZC204        |889.40     |905.60   |936.00   |905.60   |909.60   |919.80    |20.20     |30.40     |43        |69          |12       |395.52       |                       
2021-09-16 |ZC205        |872.60     |876.00   |930.00   |875.60   |897.00   |900.00    |24.40     |27.40     |11,429    |14,510      |1,388    |102,852.44   |                       
2021-09-16 |ZC206        |854.40     |861.40   |885.80   |860.60   |863.00   |869.20    |8.60      |14.80     |26        |29          |-3       |225.98       |                       
2021-09-16 |ZC207        |845.40     |860.00   |883.20   |855.20   |857.20   |864.60    |11.80     |19.20     |66        |110         |-26      |570.59       |                       
2021-09-16 |ZC208        |836.40     |862.20   |868.00   |849.60   |856.00   |858.40    |19.60     |22.00     |11        |52          |5        |94.41        |                       
2021-09-16 |ZC209        |832.60     |832.60   |855.40   |820.00   |828.80   |837.20    |-3.80     |4.60      |342       |259         |117      |2,863.06     |                       
2021-09-17 |ZC110        |1,270.20   |1,270.00 |1,288.00 |1,250.00 |1,279.80 |1,270.80  |9.60      |0.60      |521       |1,193       |-281     |6,620.38     |                       
2021-09-17 |ZC111        |1,188.80   |1,175.00 |1,195.00 |1,162.40 |1,192.60 |1,186.60  |3.80      |-2.20     |1,147     |3,616       |-15      |13,610.36    |                       
2021-09-17 |ZC112        |1,136.40   |1,123.40 |1,148.00 |1,110.40 |1,133.00 |1,131.00  |-3.40     |-5.40     |351       |780         |-59      |3,969.62     |                       
2021-09-17 |ZC201        |1,063.60   |1,053.20 |1,076.00 |1,032.20 |1,057.80 |1,057.20  |-5.80     |-6.40     |72,982    |92,344      |-5,641   |771,530.05   |                       
2021-09-17 |ZC202        |986.40     |954.80   |989.80   |954.80   |973.60   |974.20    |-12.80    |-12.20    |57        |333         |-9       |555.25       |                       
2021-09-17 |ZC203        |931.20     |921.20   |933.80   |908.00   |913.00   |915.40    |-18.20    |-15.80    |160       |317         |105      |1,464.73     |                       
2021-09-17 |ZC204        |919.80     |915.60   |915.60   |894.60   |899.60   |901.20    |-20.20    |-18.60    |25        |89          |20       |225.28       |                       
2021-09-17 |ZC205        |900.00     |892.40   |908.20   |880.80   |891.20   |891.00    |-8.80     |-9.00     |7,515     |13,803      |-707     |66,959.66    |                       
2021-09-17 |ZC206        |869.20     |876.60   |878.00   |858.40   |873.60   |870.00    |4.40      |0.80      |14        |24          |-5       |121.80       |                       
2021-09-17 |ZC207        |864.60     |860.20   |863.00   |852.00   |853.00   |856.60    |-11.60    |-8.00     |23        |96          |-14      |197.01       |                       
2021-09-17 |ZC208        |858.40     |842.60   |842.60   |842.60   |842.60   |842.60    |-15.80    |-15.80    |1         |52          |0        |8.43         |                       
2021-09-17 |ZC209        |837.20     |824.60   |833.20   |816.40   |818.20   |822.60    |-19.00    |-14.60    |160       |259         |0        |1,316.15     |                       
2021-09-22 |ZC110        |1,270.80   |1,270.80 |1,360.00 |1,260.00 |1,344.00 |1,300.80  |73.20     |30.00     |543       |974         |-219     |7,063.81     |                       
2021-09-22 |ZC111        |1,186.60   |1,180.80 |1,277.60 |1,180.80 |1,277.60 |1,240.60  |91.00     |54.00     |1,120     |3,386       |-230     |13,894.95    |                       
2021-09-22 |ZC112        |1,131.00   |1,143.20 |1,210.00 |1,137.60 |1,204.60 |1,182.60  |73.60     |51.60     |570       |822         |42       |6,740.59     |                       
2021-09-22 |ZC201        |1,057.20   |1,051.20 |1,141.80 |1,051.20 |1,141.80 |1,115.00  |84.60     |57.80     |69,040    |97,520      |5,176    |769,794.83   |                       
2021-09-22 |ZC202        |974.20     |982.20   |1,052.20 |971.40   |1,052.20 |1,027.40  |78.00     |53.20     |127       |359         |26       |1,304.76     |                       
2021-09-22 |ZC203        |915.40     |928.40   |963.00   |923.60   |963.00   |938.60    |47.60     |23.20     |342       |508         |191      |3,210.34     |                       
2021-09-22 |ZC204        |901.20     |915.00   |937.00   |915.00   |937.00   |923.20    |35.80     |22.00     |29        |109         |20       |267.72       |                       
2021-09-22 |ZC205        |891.00     |884.60   |930.00   |881.60   |928.00   |913.00    |37.00     |22.00     |8,279     |14,530      |727      |75,594.03    |                       
2021-09-22 |ZC206        |870.00     |875.80   |894.20   |875.60   |894.20   |880.80    |24.20     |10.80     |9         |24          |0        |79.27        |                       
2021-09-22 |ZC207        |856.60     |864.20   |883.20   |864.20   |883.00   |877.40    |26.40     |20.80     |25        |87          |-9       |219.33       |                       
2021-09-22 |ZC208        |842.60     |869.40   |869.40   |860.60   |860.60   |863.60    |18.00     |21.00     |3         |52          |0        |25.91        |                       
2021-09-22 |ZC209        |822.60     |834.00   |849.80   |827.40   |849.80   |836.80    |27.20     |14.20     |142       |270         |11       |1,188.34     |                       
2021-09-23 |ZC110        |1,300.80   |1,296.00 |1,405.00 |1,296.00 |1,404.00 |1,357.40  |103.20    |56.60     |1,231     |630         |-344     |16,708.51    |                       
2021-09-23 |ZC111        |1,240.60   |1,283.80 |1,340.00 |1,267.20 |1,340.00 |1,321.60  |99.40     |81.00     |1,378     |3,271       |-115     |18,175.70    |                       
2021-09-23 |ZC112        |1,182.60   |1,225.20 |1,277.40 |1,225.20 |1,277.40 |1,258.40  |94.80     |75.80     |614       |886         |64       |7,726.89     |                       
2021-09-23 |ZC201        |1,115.00   |1,168.00 |1,237.80 |1,162.60 |1,237.80 |1,201.40  |122.80    |86.40     |105,896   |93,298      |-4,222   |1,272,260.79 |                       
2021-09-23 |ZC202        |1,027.40   |1,068.00 |1,109.60 |1,053.00 |1,109.60 |1,092.60  |82.20     |65.20     |180       |400         |41       |1,966.58     |                       
2021-09-23 |ZC203        |938.60     |972.80   |1,013.80 |972.80   |1,013.80 |997.60    |75.20     |59.00     |445       |750         |242      |4,439.49     |                       
2021-09-23 |ZC204        |923.20     |953.80   |997.20   |947.60   |992.60   |975.00    |69.40     |51.80     |152       |199         |90       |1,482.07     |                       
2021-09-23 |ZC205        |913.00     |935.20   |986.20   |931.40   |986.20   |961.20    |73.20     |48.20     |17,219    |15,952      |1,422    |165,502.50   |                       
2021-09-23 |ZC206        |880.80     |917.60   |951.40   |907.00   |951.40   |925.40    |70.60     |44.60     |26        |35          |11       |240.58       |                       
2021-09-23 |ZC207        |877.40     |898.20   |947.40   |893.40   |941.20   |921.60    |63.80     |44.20     |49        |78          |-9       |451.57       |                       
2021-09-23 |ZC208        |863.60     |890.00   |932.20   |879.20   |921.80   |910.40    |58.20     |46.80     |15        |54          |2        |136.56       |                       
2021-09-23 |ZC209        |836.80     |840.20   |903.00   |840.20   |886.00   |877.00    |49.20     |40.20     |438       |238         |-32      |3,841.34     |                       
2021-09-24 |ZC110        |1,357.40   |1,429.60 |1,437.20 |1,361.60 |1,369.80 |1,395.60  |12.40     |38.20     |366       |564         |-66      |5,107.90     |                       
2021-09-24 |ZC111        |1,321.60   |1,361.60 |1,367.80 |1,283.80 |1,298.80 |1,320.00  |-22.80    |-1.60     |1,717     |3,026       |-245     |22,665.96    |                       
2021-09-24 |ZC112        |1,258.40   |1,299.80 |1,299.80 |1,210.00 |1,236.00 |1,238.20  |-22.40    |-20.20    |525       |994         |108      |6,500.54     |                       
2021-09-24 |ZC201        |1,201.40   |1,222.00 |1,235.00 |1,155.40 |1,188.00 |1,191.80  |-13.40    |-9.60     |116,672   |83,476      |-9,822   |1,390,479.77 |                       
2021-09-24 |ZC202        |1,092.60   |1,109.00 |1,117.60 |1,052.00 |1,078.40 |1,082.00  |-14.20    |-10.60    |189       |398         |-2       |2,045.01     |                       
2021-09-24 |ZC203        |997.60     |1,014.00 |1,026.80 |977.00   |1,001.60 |995.40    |4.00      |-2.20     |437       |842         |92       |4,349.58     |                       
2021-09-24 |ZC204        |975.00     |987.00   |1,002.80 |956.20   |983.00   |976.40    |8.00      |1.40      |141       |253         |54       |1,376.62     |                       
2021-09-24 |ZC205        |961.20     |985.40   |1,000.20 |947.40   |968.80   |969.40    |7.60      |8.20      |20,258    |17,370      |1,418    |196,384.63   |                       
2021-09-24 |ZC206        |925.40     |985.00   |985.00   |932.20   |939.40   |948.80    |14.00     |23.40     |33        |44          |9        |313.10       |                       
2021-09-24 |ZC207        |921.60     |924.60   |961.00   |922.00   |933.20   |939.80    |11.60     |18.20     |43        |64          |-14      |404.09       |                       
2021-09-24 |ZC208        |910.40     |931.80   |942.00   |905.60   |914.00   |924.00    |3.60      |13.60     |16        |51          |-3       |147.84       |                       
2021-09-24 |ZC209        |877.00     |880.00   |898.00   |861.00   |883.00   |878.00    |6.00      |1.00      |216       |243         |5        |1,896.38     |                       
2021-09-27 |ZC110        |1,395.60   |1,402.80 |1,469.20 |1,371.00 |1,448.00 |1,420.00  |52.40     |24.40     |237       |514         |-50      |3,365.54     |                       
2021-09-27 |ZC111        |1,320.00   |1,300.20 |1,368.40 |1,280.00 |1,357.80 |1,321.00  |37.80     |1.00      |2,036     |2,883       |-143     |26,883.54    |                       
2021-09-27 |ZC112        |1,238.20   |1,235.20 |1,305.00 |1,204.00 |1,285.20 |1,270.60  |47.00     |32.40     |521       |1,067       |73       |6,619.84     |                       
2021-09-27 |ZC201        |1,191.80   |1,202.00 |1,279.80 |1,165.00 |1,253.80 |1,231.40  |62.00     |39.60     |95,913    |88,674      |5,198    |1,181,056.60 |                       
2021-09-27 |ZC202        |1,082.00   |1,096.00 |1,153.80 |1,070.80 |1,140.60 |1,127.80  |58.60     |45.80     |243       |428         |30       |2,740.73     |                       
2021-09-27 |ZC203        |995.40     |1,005.20 |1,052.20 |982.40   |1,026.40 |1,027.00  |31.00     |31.60     |310       |888         |46       |3,183.64     |                       
2021-09-27 |ZC204        |976.40     |982.80   |1,028.40 |971.40   |1,000.00 |1,006.20  |23.60     |29.80     |65        |229         |-24      |654.05       |                       
2021-09-27 |ZC205        |969.40     |982.80   |1,015.00 |955.00   |989.20   |984.00    |19.80     |14.60     |15,912    |18,056      |686      |156,565.25   |                       
2021-09-27 |ZC206        |948.80     |942.00   |979.00   |942.00   |960.40   |963.00    |11.60     |14.20     |13        |40          |-4       |125.19       |                       
2021-09-27 |ZC207        |939.80     |935.20   |971.00   |929.00   |957.00   |954.20    |17.20     |14.40     |12        |65          |1        |114.51       |                       
2021-09-27 |ZC208        |924.00     |946.00   |946.00   |931.00   |937.00   |939.80    |13.00     |15.80     |8         |49          |-2       |75.18        |                       
2021-09-27 |ZC209        |878.00     |870.20   |910.00   |866.20   |899.00   |895.00    |21.00     |17.00     |157       |266         |23       |1,405.10     |                       
2021-09-28 |ZC110        |1,420.00   |1,431.40 |1,508.00 |1,431.40 |1,493.40 |1,482.60  |73.40     |62.60     |218       |426         |-88      |3,232.00     |                       
2021-09-28 |ZC111        |1,321.00   |1,362.80 |1,426.80 |1,355.60 |1,420.00 |1,392.00  |99.00     |71.00     |1,426     |2,505       |-378     |19,849.14    |                       
2021-09-28 |ZC112        |1,270.60   |1,272.40 |1,367.60 |1,272.40 |1,362.00 |1,317.20  |91.40     |46.60     |512       |1,095       |28       |6,727.75     |                       
2021-09-28 |ZC201        |1,231.40   |1,251.00 |1,330.00 |1,246.80 |1,328.80 |1,288.40  |97.40     |57.00     |75,227    |87,786      |-888     |969,161.24   |                       
2021-09-28 |ZC202        |1,127.80   |1,156.60 |1,218.00 |1,142.00 |1,212.00 |1,182.20  |84.20     |54.40     |335       |406         |-22      |3,960.55     |                       
2021-09-28 |ZC203        |1,027.00   |1,015.20 |1,085.60 |1,015.20 |1,084.20 |1,055.80  |57.20     |28.80     |245       |908         |20       |2,586.83     |                       
2021-09-28 |ZC204        |1,006.20   |1,005.00 |1,030.20 |1,003.80 |1,028.20 |1,022.40  |22.00     |16.20     |67        |204         |-25      |685.02       |                       
2021-09-28 |ZC205        |984.00     |985.00   |1,018.00 |985.00   |1,008.00 |1,000.80  |24.00     |16.80     |14,539    |18,054      |-2       |145,496.80   |                       
2021-09-28 |ZC206        |963.00     |979.00   |979.00   |979.00   |979.00   |979.00    |16.00     |16.00     |1         |40          |0        |9.79         |                       
2021-09-28 |ZC207        |954.20     |963.40   |965.80   |963.40   |965.80   |964.20    |11.60     |10.00     |3         |63          |-2       |28.93        |                       
2021-09-28 |ZC208        |939.80     |941.40   |947.00   |939.60   |947.00   |942.60    |7.20      |2.80      |3         |49          |0        |28.28        |                       
2021-09-28 |ZC209        |895.00     |900.00   |924.00   |896.00   |913.60   |910.80    |18.60     |15.80     |148       |289         |23       |1,347.96     |                       
2021-09-29 |ZC110        |1,482.60   |1,480.00 |1,521.80 |1,460.00 |1,461.60 |1,491.20  |-21.00    |8.60      |242       |384         |-42      |3,608.82     |                       
2021-09-29 |ZC111        |1,392.00   |1,427.00 |1,474.60 |1,383.00 |1,419.60 |1,438.60  |27.60     |46.60     |1,660     |1,967       |-538     |23,632.20    |                       
2021-09-29 |ZC112        |1,317.20   |1,357.20 |1,399.80 |1,317.20 |1,337.00 |1,372.40  |19.80     |55.20     |651       |1,061       |-34      |8,934.09     |                       
2021-09-29 |ZC201        |1,288.40   |1,328.80 |1,376.80 |1,288.20 |1,308.80 |1,338.00  |20.40     |49.60     |102,586   |78,692      |-9,094   |1,372,491.88 |                       
2021-09-29 |ZC202        |1,182.20   |1,204.60 |1,261.00 |1,180.20 |1,193.00 |1,232.00  |10.80     |49.80     |412       |388         |-18      |5,076.22     |                       
2021-09-29 |ZC203        |1,055.80   |1,084.00 |1,128.60 |1,057.00 |1,073.40 |1,098.80  |17.60     |43.00     |429       |912         |4        |4,714.13     |                       
2021-09-29 |ZC204        |1,022.40   |1,031.00 |1,074.00 |1,018.20 |1,047.60 |1,055.20  |25.20     |32.80     |140       |218         |14       |1,477.18     |                       
2021-09-29 |ZC205        |1,000.80   |1,009.00 |1,049.80 |992.20   |1,027.40 |1,030.60  |26.60     |29.80     |19,163    |17,497      |-557     |197,498.81   |                       
2021-09-29 |ZC206        |979.00     |990.80   |1,017.80 |985.40   |1,002.60 |1,004.80  |23.60     |25.80     |33        |33          |-7       |331.58       |                       
2021-09-29 |ZC207        |964.20     |961.00   |1,004.20 |961.00   |989.00   |992.00    |24.80     |27.80     |21        |57          |-6       |208.31       |                       
2021-09-29 |ZC208        |942.60     |936.20   |975.00   |936.20   |971.40   |965.40    |28.80     |22.80     |8         |49          |0        |77.23        |                       
2021-09-29 |ZC209        |910.80     |915.60   |943.80   |905.20   |923.00   |930.40    |12.20     |19.60     |217       |304         |15       |2,019.12     |                       
2021-09-30 |ZC110        |1,491.20   |1,450.00 |1,490.60 |1,371.80 |1,440.00 |1,436.80  |-51.20    |-54.40    |541       |201         |-183     |7,773.15     |                       
2021-09-30 |ZC111        |1,438.60   |1,420.80 |1,507.80 |1,388.40 |1,485.80 |1,435.40  |47.20     |-3.20     |1,348     |1,946       |-21      |19,350.03    |                       
2021-09-30 |ZC112        |1,372.40   |1,370.00 |1,429.80 |1,314.00 |1,415.00 |1,371.40  |42.60     |-1.00     |491       |1,027       |-34      |6,733.62     |                       
2021-09-30 |ZC201        |1,338.00   |1,320.00 |1,408.00 |1,278.00 |1,393.60 |1,330.00  |55.60     |-8.00     |104,880   |73,639      |-5,053   |1,394,836.55 |                       
2021-09-30 |ZC202        |1,232.00   |1,208.40 |1,299.80 |1,164.60 |1,278.00 |1,240.20  |46.00     |8.20      |312       |359         |-29      |3,869.71     |                       
2021-09-30 |ZC203        |1,098.80   |1,080.40 |1,186.80 |1,062.40 |1,173.80 |1,132.00  |75.00     |33.20     |342       |905         |-7       |3,871.67     |                       
2021-09-30 |ZC204        |1,055.20   |1,058.00 |1,139.80 |1,046.40 |1,138.20 |1,095.60  |83.00     |40.40     |93        |240         |22       |1,018.95     |                       
2021-09-30 |ZC205        |1,030.60   |1,031.80 |1,113.20 |1,021.40 |1,113.20 |1,061.80  |82.60     |31.20     |15,826    |16,964      |-533     |168,032.71   |                       
2021-09-30 |ZC206        |1,004.80   |1,032.60 |1,084.00 |1,005.00 |1,084.00 |1,054.40  |79.20     |49.60     |31        |35          |2        |326.84       |                       
2021-09-30 |ZC207        |992.00     |996.40   |1,067.80 |996.40   |1,065.00 |1,031.20  |73.00     |39.20     |15        |56          |-1       |154.67       |                       
2021-09-30 |ZC208        |965.40     |984.00   |1,042.80 |980.00   |1,038.20 |1,004.40  |72.80     |39.00     |15        |49          |0        |150.65       |                       
2021-09-30 |ZC209        |930.40     |933.00   |1,005.00 |930.20   |1,005.00 |972.20    |74.60     |41.80     |313       |374         |70       |3,042.91     |                       
2021-10-08 |ZC110        |1,436.80   |1,551.80 |1,551.80 |1,452.00 |1,551.80 |1,461.80  |115.00    |25.00     |92        |200         |-1       |1,344.82     |1,388.80               
2021-10-08 |ZC111        |1,435.40   |1,450.00 |1,492.00 |1,353.20 |1,387.00 |1,425.40  |-48.40    |-10.00    |1,516     |1,998       |52       |21,509.86    |                       
2021-10-08 |ZC112        |1,371.40   |1,375.80 |1,414.80 |1,270.00 |1,291.20 |1,331.80  |-80.20    |-39.60    |544       |1,032       |5        |7,242.42     |                       
2021-10-08 |ZC201        |1,330.00   |1,351.80 |1,389.00 |1,241.20 |1,262.00 |1,303.80  |-68.00    |-26.20    |88,864    |71,184      |-2,455   |1,158,621.44 |                       
2021-10-08 |ZC202        |1,240.20   |1,253.40 |1,296.60 |1,157.40 |1,169.00 |1,214.00  |-71.20    |-26.20    |232       |376         |17       |2,816.40     |                       
2021-10-08 |ZC203        |1,132.00   |1,161.00 |1,222.40 |1,053.20 |1,053.20 |1,124.00  |-78.80    |-8.00     |586       |866         |-39      |6,586.57     |                       
2021-10-08 |ZC204        |1,095.60   |1,123.40 |1,183.40 |1,036.00 |1,039.00 |1,109.80  |-56.60    |14.20     |92        |248         |8        |1,020.96     |                       
2021-10-08 |ZC205        |1,061.80   |1,105.00 |1,178.60 |1,006.60 |1,017.00 |1,077.00  |-44.80    |15.20     |32,124    |18,893      |1,929    |345,962.52   |                       
2021-10-08 |ZC206        |1,054.40   |1,137.60 |1,137.60 |997.00   |997.00   |1,056.80  |-57.40    |2.40      |36        |43          |8        |380.48       |                       
2021-10-08 |ZC207        |1,031.20   |1,113.00 |1,113.00 |989.20   |990.60   |1,034.20  |-40.60    |3.00      |60        |71          |15       |620.52       |                       
2021-10-08 |ZC208        |1,004.40   |1,019.00 |1,070.80 |968.40   |980.00   |1,032.60  |-24.40    |28.20     |57        |32          |-17      |588.63       |                       
2021-10-08 |ZC209        |972.20     |970.20   |1,065.00 |950.00   |956.20   |990.60    |-16.00    |18.40     |505       |432         |58       |5,002.10     |                       
2021-10-11 |ZC110        |1,461.80   |1,578.80 |1,578.80 |1,578.80 |1,578.80 |1,578.80  |117.00    |117.00    |6         |200         |0        |94.73        |1,419.60               
2021-10-11 |ZC111        |1,425.40   |1,435.00 |1,539.60 |1,435.00 |1,539.60 |1,489.80  |114.20    |64.40     |1,026     |2,158       |160      |14,955.52    |                       
2021-10-11 |ZC112        |1,331.80   |1,333.20 |1,438.40 |1,331.80 |1,438.40 |1,393.00  |106.60    |61.20     |462       |1,121       |89       |6,435.72     |                       
2021-10-11 |ZC201        |1,303.80   |1,300.00 |1,408.20 |1,277.00 |1,408.20 |1,358.20  |104.40    |54.40     |79,952    |78,447      |7,263    |1,085,798.84 |                       
2021-10-11 |ZC202        |1,214.00   |1,203.00 |1,311.20 |1,178.60 |1,311.00 |1,259.60  |97.00     |45.60     |288       |414         |38       |3,627.62     |                       
2021-10-11 |ZC203        |1,124.00   |1,053.00 |1,214.00 |1,053.00 |1,208.20 |1,149.60  |84.20     |25.60     |654       |940         |74       |7,518.71     |                       
2021-10-11 |ZC204        |1,109.80   |1,062.20 |1,182.00 |1,050.00 |1,176.80 |1,127.20  |67.00     |17.40     |150       |200         |-48      |1,690.78     |                       
2021-10-11 |ZC205        |1,077.00   |1,046.00 |1,159.20 |1,020.60 |1,156.60 |1,097.00  |79.60     |20.00     |38,807    |20,601      |1,708    |425,695.34   |                       
2021-10-11 |ZC206        |1,056.80   |1,106.80 |1,114.60 |1,033.60 |1,109.20 |1,082.60  |52.40     |25.80     |18        |33          |-10      |194.86       |                       
2021-10-11 |ZC207        |1,034.20   |1,004.40 |1,103.00 |1,004.40 |1,091.00 |1,061.40  |56.80     |27.20     |53        |55          |-16      |562.52       |                       
2021-10-11 |ZC208        |1,032.60   |994.80   |1,078.00 |981.00   |1,070.20 |1,035.40  |37.60     |2.80      |50        |33          |1        |517.71       |                       
2021-10-11 |ZC209        |990.60     |966.00   |1,060.00 |960.00   |1,043.00 |1,016.80  |52.40     |26.20     |600       |549         |117      |6,100.19     |                       
2021-10-12 |ZC110        |1,578.80   |1,578.80 |1,752.60 |1,578.80 |1,752.60 |1,649.00  |173.80    |70.20     |23        |202         |2        |379.28       |1,457.40               
2021-10-12 |ZC111        |1,489.80   |1,641.00 |1,653.80 |1,617.00 |1,653.80 |1,645.80  |164.00    |156.00    |2,797     |2,135       |-23      |41,926.26    |                       
2021-10-12 |ZC112        |1,393.00   |1,528.00 |1,546.40 |1,489.00 |1,546.40 |1,537.80  |153.40    |144.80    |510       |1,215       |94       |7,842.64     |                       
2021-10-12 |ZC201        |1,358.20   |1,449.20 |1,507.80 |1,427.60 |1,507.80 |1,487.80  |149.60    |129.60    |85,516    |80,962      |2,515    |1,272,166.01 |                       
2021-10-12 |ZC202        |1,259.60   |1,309.00 |1,360.40 |1,309.00 |1,360.40 |1,354.80  |100.80    |95.20     |233       |470         |56       |3,156.71     |                       
2021-10-12 |ZC203        |1,149.60   |1,220.00 |1,241.60 |1,213.00 |1,241.60 |1,232.00  |92.00     |82.40     |478       |1,055       |115      |5,889.12     |                       
2021-10-12 |ZC204        |1,127.20   |1,172.00 |1,217.40 |1,170.00 |1,217.40 |1,198.20  |90.20     |71.00     |258       |196         |-4       |3,091.10     |                       
2021-10-12 |ZC205        |1,097.00   |1,179.80 |1,184.80 |1,137.00 |1,184.80 |1,163.80  |87.80     |66.80     |30,153    |22,379      |1,778    |350,926.31   |                       
2021-10-12 |ZC206        |1,082.60   |1,129.80 |1,168.20 |1,122.20 |1,168.20 |1,143.20  |85.60     |60.60     |36        |45          |12       |411.58       |                       
2021-10-12 |ZC207        |1,061.40   |1,105.20 |1,142.60 |1,105.20 |1,142.60 |1,124.00  |81.20     |62.60     |14        |54          |-1       |157.35       |                       
2021-10-12 |ZC208        |1,035.40   |1,110.20 |1,113.20 |1,078.60 |1,096.00 |1,092.60  |60.60     |57.20     |17        |32          |-1       |185.73       |                       
2021-10-12 |ZC209        |1,016.80   |1,048.00 |1,080.00 |1,036.80 |1,073.20 |1,059.40  |56.40     |42.60     |800       |742         |193      |8,475.90     |                       
2021-10-13 |ZC110        |1,649.00   |1,781.00 |1,781.00 |1,781.00 |1,781.00 |1,781.00  |132.00    |132.00    |2         |200         |-2       |35.62        |1,505.40               
2021-10-13 |ZC111        |1,645.80   |1,739.20 |1,876.40 |1,720.00 |1,830.00 |1,818.80  |184.20    |173.00    |4,111     |1,167       |-968     |74,770.61    |                       
2021-10-13 |ZC112        |1,537.80   |1,597.60 |1,750.00 |1,535.00 |1,678.20 |1,677.80  |140.40    |140.00    |2,946     |1,163       |-52      |49,427.50    |                       
2021-10-13 |ZC201        |1,487.80   |1,530.00 |1,640.00 |1,412.00 |1,562.80 |1,563.20  |75.00     |75.40     |190,318   |77,097      |-3,865   |2,974,747.45 |                       
2021-10-13 |ZC202        |1,354.80   |1,410.00 |1,480.00 |1,300.00 |1,406.60 |1,417.60  |51.80     |62.80     |829       |536         |66       |11,751.17    |                       
2021-10-13 |ZC203        |1,232.00   |1,255.00 |1,328.80 |1,172.80 |1,257.40 |1,269.20  |25.40     |37.20     |770       |1,108       |53       |9,772.89     |                       
2021-10-13 |ZC204        |1,198.20   |1,205.20 |1,280.00 |1,148.40 |1,218.80 |1,226.00  |20.60     |27.80     |316       |199         |3        |3,874.10     |                       
2021-10-13 |ZC205        |1,163.80   |1,190.00 |1,248.40 |1,113.20 |1,182.40 |1,198.40  |18.60     |34.60     |58,265    |22,514      |135      |698,247.71   |                       
2021-10-13 |ZC206        |1,143.20   |1,230.00 |1,230.00 |1,107.20 |1,159.00 |1,188.00  |15.80     |44.80     |85        |44          |-1       |1,009.72     |                       
2021-10-13 |ZC207        |1,124.00   |1,134.00 |1,197.20 |1,085.20 |1,129.20 |1,150.60  |5.20      |26.60     |89        |60          |6        |1,024.08     |                       
2021-10-13 |ZC208        |1,092.60   |1,158.20 |1,158.20 |1,091.00 |1,099.20 |1,130.60  |6.60      |38.00     |27        |37          |5        |305.24       |                       
2021-10-13 |ZC209        |1,059.40   |1,080.00 |1,131.80 |1,032.00 |1,070.00 |1,092.20  |10.60     |32.80     |1,803     |954         |212      |19,691.32    |                       
2021-10-14 |ZC110        |1,781.00   |0.00     |0.00     |0.00     |0.00     |1,784.80  |3.80      |3.80      |0         |0           |-200     |0.00         |1,548.20               
2021-10-14 |ZC111        |1,818.80   |1,828.00 |1,964.40 |1,820.20 |1,961.00 |1,892.00  |142.20    |73.20     |1,640     |934         |-233     |31,029.46    |                       
2021-10-14 |ZC112        |1,677.80   |1,670.00 |1,788.00 |1,602.20 |1,783.00 |1,713.40  |105.20    |35.60     |1,505     |1,286       |123      |25,786.58    |                       
2021-10-14 |ZC201        |1,563.20   |1,562.80 |1,628.00 |1,489.00 |1,615.80 |1,566.60  |52.60     |3.40      |110,743   |81,323      |4,226    |1,734,900.94 |                       
2021-10-14 |ZC202        |1,417.60   |1,410.00 |1,456.80 |1,350.00 |1,438.00 |1,409.80  |20.40     |-7.80     |402       |540         |4        |5,667.65     |                       
2021-10-14 |ZC203        |1,269.20   |1,263.80 |1,300.00 |1,211.00 |1,290.60 |1,265.80  |21.40     |-3.40     |442       |1,125       |17       |5,594.39     |                       
2021-10-14 |ZC204        |1,226.00   |1,217.00 |1,243.00 |1,174.60 |1,225.60 |1,215.20  |-0.40     |-10.80    |169       |198         |-1       |2,053.76     |                       
2021-10-14 |ZC205        |1,198.40   |1,177.00 |1,213.80 |1,132.00 |1,193.60 |1,180.40  |-4.80     |-18.00    |38,158    |24,089      |1,575    |450,404.91   |                       
2021-10-14 |ZC206        |1,188.00   |1,159.40 |1,185.20 |1,130.00 |1,161.20 |1,160.20  |-26.80    |-27.80    |20        |37          |-7       |232.05       |                       
2021-10-14 |ZC207        |1,150.60   |1,143.80 |1,150.00 |1,103.80 |1,125.60 |1,127.40  |-25.00    |-23.20    |52        |59          |-1       |586.29       |                       
2021-10-14 |ZC208        |1,130.60   |1,121.60 |1,121.60 |1,067.00 |1,085.60 |1,089.60  |-45.00    |-41.00    |23        |27          |-10      |250.59       |                       
2021-10-14 |ZC209        |1,092.20   |1,068.80 |1,097.80 |1,028.00 |1,040.20 |1,048.40  |-52.00    |-43.80    |1,527     |1,451       |497      |16,008.61    |                       
2021-10-15 |ZC111        |1,892.00   |1,968.20 |2,043.40 |1,968.00 |2,043.40 |2,012.80  |151.40    |120.80    |715       |801         |-133     |14,391.09    |                       
2021-10-15 |ZC112        |1,713.40   |1,818.40 |1,850.60 |1,776.40 |1,850.60 |1,833.60  |137.20    |120.20    |1,307     |1,444       |158      |23,955.26    |                       
2021-10-15 |ZC201        |1,566.60   |1,620.80 |1,692.00 |1,602.00 |1,692.00 |1,647.60  |125.40    |81.00     |92,644    |83,099      |1,776    |1,526,319.19 |                       
2021-10-15 |ZC202        |1,409.80   |1,456.40 |1,522.60 |1,434.80 |1,522.60 |1,488.80  |112.80    |79.00     |343       |592         |52       |5,106.49     |                       
2021-10-15 |ZC203        |1,265.80   |1,306.00 |1,366.60 |1,271.00 |1,366.40 |1,321.00  |100.60    |55.20     |627       |1,222       |97       |8,283.15     |                       
2021-10-15 |ZC204        |1,215.20   |1,233.80 |1,294.40 |1,218.00 |1,287.00 |1,245.80  |71.80     |30.60     |217       |209         |11       |2,703.27     |                       
2021-10-15 |ZC205        |1,180.40   |1,196.80 |1,244.60 |1,171.00 |1,235.80 |1,208.20  |55.40     |27.80     |42,070    |26,789      |2,700    |508,322.82   |                       
2021-10-15 |ZC206        |1,160.20   |1,190.20 |1,194.60 |1,141.00 |1,194.60 |1,171.60  |34.40     |11.40     |19        |37          |0        |222.60       |                       
2021-10-15 |ZC207        |1,127.40   |1,132.00 |1,162.00 |1,104.00 |1,142.00 |1,127.20  |14.60     |-0.20     |36        |60          |1        |405.78       |                       
2021-10-15 |ZC208        |1,089.60   |1,097.00 |1,108.60 |1,060.20 |1,108.60 |1,088.60  |19.00     |-1.00     |17        |32          |5        |185.06       |                       
2021-10-15 |ZC209        |1,048.40   |1,053.80 |1,054.00 |1,000.00 |1,037.20 |1,029.00  |-11.20    |-19.40    |1,460     |1,600       |149      |15,022.32    |                       
2021-10-15 |ZC210        |1,048.40   |1,005.00 |1,028.40 |960.20   |1,024.80 |1,006.00  |-23.60    |-42.40    |42        |27          |27       |422.51       |                       
2021-10-18 |ZC111        |2,012.80   |2,133.00 |2,234.40 |2,112.20 |2,234.40 |2,197.20  |221.60    |184.40    |876       |696         |-105     |19,246.83    |                       
2021-10-18 |ZC112        |1,833.60   |1,930.20 |2,035.40 |1,913.00 |2,035.40 |1,981.60  |201.80    |148.00    |1,874     |1,462       |18       |37,135.81    |                       
2021-10-18 |ZC201        |1,647.60   |1,729.80 |1,829.00 |1,685.00 |1,829.00 |1,756.20  |181.40    |108.60    |103,928   |82,330      |-769     |1,825,193.74 |                       
2021-10-18 |ZC202        |1,488.80   |1,545.00 |1,652.60 |1,500.00 |1,652.60 |1,583.60  |163.80    |94.80     |538       |687         |95       |8,519.72     |                       
2021-10-18 |ZC203        |1,321.00   |1,376.60 |1,426.80 |1,320.80 |1,426.80 |1,382.20  |105.80    |61.20     |463       |1,240       |18       |6,399.49     |                       
2021-10-18 |ZC204        |1,245.80   |1,286.60 |1,345.60 |1,263.80 |1,345.60 |1,293.80  |99.80     |48.00     |133       |220         |11       |1,720.68     |                       
2021-10-18 |ZC205        |1,208.20   |1,236.20 |1,305.00 |1,218.60 |1,305.00 |1,250.40  |96.80     |42.20     |40,953    |26,416      |-373     |512,081.89   |                       
2021-10-18 |ZC206        |1,171.60   |1,200.00 |1,265.40 |1,160.00 |1,265.40 |1,215.00  |93.80     |43.40     |42        |45          |8        |510.28       |                       
2021-10-18 |ZC207        |1,127.20   |1,150.20 |1,217.40 |1,118.20 |1,217.40 |1,192.60  |90.20     |65.40     |63        |74          |14       |751.29       |                       
2021-10-18 |ZC208        |1,088.60   |1,102.00 |1,175.80 |1,062.00 |1,175.80 |1,125.20  |87.20     |36.60     |46        |46          |14       |517.56       |                       
2021-10-18 |ZC209        |1,029.00   |1,048.00 |1,111.40 |1,016.80 |1,111.40 |1,069.20  |82.40     |40.20     |1,962     |1,807       |207      |20,977.36    |                       
2021-10-18 |ZC210        |1,006.00   |1,034.60 |1,086.60 |994.80   |1,086.60 |1,037.60  |80.60     |31.60     |221       |102         |75       |2,293.30     |                       
2021-10-19 |ZC111        |2,197.20   |2,310.20 |2,359.80 |2,185.40 |2,185.40 |2,301.60  |-11.80    |104.40    |893       |473         |-223     |20,553.26    |                       
2021-10-19 |ZC112        |1,981.60   |2,069.20 |2,150.00 |1,967.20 |1,969.00 |2,096.40  |-12.60    |114.80    |2,077     |1,316       |-146     |43,281.19    |                       
2021-10-19 |ZC201        |1,756.20   |1,856.00 |1,982.00 |1,832.00 |1,835.60 |1,908.20  |79.40     |152.00    |147,638   |75,953      |-6,377   |2,817,019.08 |                       
2021-10-19 |ZC202        |1,583.60   |1,685.80 |1,797.80 |1,634.60 |1,649.60 |1,732.40  |66.00     |148.80    |1,776     |770         |83       |30,768.46    |                       
2021-10-19 |ZC203        |1,382.20   |1,443.00 |1,534.40 |1,443.00 |1,463.00 |1,524.00  |80.80     |141.80    |785       |1,269       |29       |11,963.66    |                       
2021-10-19 |ZC204        |1,293.80   |1,355.00 |1,436.20 |1,355.00 |1,406.00 |1,430.40  |112.20    |136.60    |125       |243         |23       |1,787.98     |                       
2021-10-19 |ZC205        |1,250.40   |1,334.00 |1,388.00 |1,330.20 |1,347.00 |1,381.40  |96.60     |131.00    |38,514    |24,915      |-1,501   |531,993.78   |                       
2021-10-19 |ZC206        |1,215.00   |1,265.40 |1,348.80 |1,265.40 |1,305.20 |1,337.00  |90.20     |122.00    |65        |72          |27       |869.02       |                       
2021-10-19 |ZC207        |1,192.60   |1,215.00 |1,323.80 |1,215.00 |1,297.00 |1,315.60  |104.40    |123.00    |303       |175         |101      |3,986.06     |                       
2021-10-19 |ZC208        |1,125.20   |1,223.60 |1,249.00 |1,223.60 |1,227.00 |1,245.40  |101.80    |120.20    |39        |46          |0        |485.70       |                       
2021-10-19 |ZC209        |1,069.20   |1,119.40 |1,187.00 |1,119.40 |1,166.80 |1,179.40  |97.60     |110.20    |1,754     |2,136       |329      |20,684.92    |                       
2021-10-19 |ZC210        |1,037.60   |1,151.00 |1,151.80 |1,086.60 |1,150.40 |1,142.60  |112.80    |105.00    |88        |119         |17       |1,005.50     |                       
2021-10-20 |ZC111        |2,301.60   |2,120.00 |2,210.00 |2,117.40 |2,117.40 |2,155.40  |-184.20   |-146.20   |209       |414         |-59      |4,504.73     |                       
2021-10-20 |ZC112        |2,096.40   |1,928.80 |2,015.80 |1,928.60 |1,928.60 |1,957.60  |-167.80   |-138.80   |924       |1,315       |-1       |18,087.62    |                       
2021-10-20 |ZC201        |1,908.20   |1,760.20 |1,824.40 |1,755.40 |1,755.40 |1,783.60  |-152.80   |-124.60   |49,308    |72,236      |-3,717   |879,452.55   |                       
2021-10-20 |ZC202        |1,732.40   |1,595.20 |1,635.60 |1,593.80 |1,593.80 |1,608.80  |-138.60   |-123.60   |393       |757         |-13      |6,322.86     |                       
2021-10-20 |ZC203        |1,524.00   |1,406.00 |1,462.40 |1,402.00 |1,402.00 |1,427.20  |-122.00   |-96.80    |333       |1,256       |-13      |4,752.67     |                       
2021-10-20 |ZC204        |1,430.40   |1,350.00 |1,401.60 |1,315.80 |1,315.80 |1,350.60  |-114.60   |-79.80    |106       |267         |24       |1,431.71     |                       
2021-10-20 |ZC205        |1,381.40   |1,294.00 |1,363.00 |1,270.80 |1,270.80 |1,308.60  |-110.60   |-72.80    |27,838    |24,202      |-713     |364,306.13   |                       
2021-10-20 |ZC206        |1,337.00   |1,280.00 |1,313.00 |1,230.00 |1,230.00 |1,264.60  |-107.00   |-72.40    |32        |67          |-5       |404.68       |                       
2021-10-20 |ZC207        |1,315.60   |1,260.40 |1,296.00 |1,210.20 |1,210.20 |1,255.20  |-105.40   |-60.40    |49        |171         |-4       |615.07       |                       
2021-10-20 |ZC208        |1,245.40   |1,227.00 |1,243.20 |1,145.60 |1,145.60 |1,193.20  |-99.80    |-52.20    |25        |45          |-1       |298.28       |                       
2021-10-20 |ZC209        |1,179.40   |1,120.00 |1,184.80 |1,085.00 |1,085.00 |1,118.20  |-94.40    |-61.20    |1,869     |2,322       |186      |20,900.68    |                       
2021-10-20 |ZC210        |1,142.60   |1,121.00 |1,154.60 |1,051.00 |1,051.00 |1,090.40  |-91.60    |-52.20    |237       |162         |43       |2,584.17     |                       
2021-10-21 |ZC111        |2,155.40   |1,918.20 |1,918.20 |1,918.20 |1,918.20 |1,918.20  |-237.20   |-237.20   |20        |401         |-13      |383.64       |                       
2021-10-21 |ZC112        |1,957.60   |1,742.20 |1,742.20 |1,742.20 |1,742.20 |1,742.20  |-215.40   |-215.40   |105       |1,246       |-69      |1,829.31     |                       
2021-10-21 |ZC201        |1,783.60   |1,587.40 |1,587.40 |1,587.40 |1,587.40 |1,587.40  |-196.20   |-196.20   |6,059     |68,261      |-3,975   |96,138.05    |                       
2021-10-21 |ZC202        |1,608.80   |1,431.80 |1,431.80 |1,431.80 |1,431.80 |1,431.80  |-177.00   |-177.00   |38        |737         |-20      |544.08       |                       
2021-10-21 |ZC203        |1,427.20   |1,270.20 |1,270.20 |1,270.20 |1,270.20 |1,270.20  |-157.00   |-157.00   |22        |1,240       |-16      |279.44       |                       
2021-10-21 |ZC204        |1,350.60   |1,202.00 |1,202.00 |1,202.00 |1,202.00 |1,202.00  |-148.60   |-148.60   |7         |265         |-2       |84.14        |                       
2021-10-21 |ZC205        |1,308.60   |1,164.60 |1,164.60 |1,164.60 |1,164.60 |1,164.60  |-144.00   |-144.00   |2,088     |22,880      |-1,322   |24,316.85    |                       
2021-10-21 |ZC206        |1,264.60   |1,125.40 |1,125.40 |1,125.40 |1,125.40 |1,125.40  |-139.20   |-139.20   |5         |66          |-1       |56.27        |                       
2021-10-21 |ZC207        |1,255.20   |1,117.00 |1,117.00 |1,117.00 |1,117.00 |1,117.00  |-138.20   |-138.20   |21        |177         |6        |234.57       |                       
2021-10-21 |ZC208        |1,193.20   |1,061.80 |1,061.80 |1,061.80 |1,061.80 |1,061.80  |-131.40   |-131.40   |12        |49          |4        |127.42       |                       
2021-10-21 |ZC209        |1,118.20   |1,011.20 |1,011.20 |995.00   |995.00   |997.00    |-123.20   |-121.20   |1,497     |2,606       |284      |14,924.29    |                       
2021-10-21 |ZC210        |1,090.40   |981.80   |981.80   |970.40   |970.40   |973.00    |-120.00   |-117.40   |188       |229         |67       |1,829.05     |                       
2021-10-22 |ZC111        |1,918.20   |1,649.60 |1,820.00 |1,649.60 |1,656.00 |1,706.80  |-262.20   |-211.40   |753       |177         |-224     |12,851.58    |                       
2021-10-22 |ZC112        |1,742.20   |1,498.20 |1,879.60 |1,498.20 |1,498.20 |1,549.60  |-244.00   |-192.60   |1,539     |990         |-256     |23,857.07    |                       
2021-10-22 |ZC201        |1,587.40   |1,365.00 |1,464.20 |1,365.00 |1,365.00 |1,408.40  |-222.40   |-179.00   |126,497   |40,027      |-28,234  |1,781,647.46 |                       
2021-10-22 |ZC202        |1,431.80   |1,231.20 |1,630.00 |1,231.20 |1,231.20 |1,270.20  |-200.60   |-161.60   |1,049     |571         |-166     |13,324.39    |                       
2021-10-22 |ZC203        |1,270.20   |1,092.20 |1,160.00 |1,092.20 |1,092.20 |1,124.00  |-178.00   |-146.20   |985       |1,172       |-68      |11,070.60    |                       
2021-10-22 |ZC204        |1,202.00   |1,033.60 |1,262.20 |1,033.60 |1,033.80 |1,075.00  |-168.20   |-127.00   |291       |309         |44       |3,128.32     |                       
2021-10-22 |ZC205        |1,164.60   |1,001.40 |1,079.00 |1,001.40 |1,001.40 |1,037.80  |-163.20   |-126.80   |35,343    |14,620      |-8,260   |366,777.80   |                       
2021-10-22 |ZC206        |1,125.40   |967.80   |1,046.80 |967.80   |967.80   |1,006.80  |-157.60   |-118.60   |139       |94          |28       |1,399.40     |                       
2021-10-22 |ZC207        |1,117.00   |960.60   |1,070.60 |960.60   |960.60   |1,004.00  |-156.40   |-113.00   |294       |189         |12       |2,951.81     |                       
2021-10-22 |ZC208        |1,061.80   |940.00   |1,019.00 |913.00   |916.40   |959.00    |-145.40   |-102.80   |115       |59          |10       |1,102.81     |                       
2021-10-22 |ZC209        |997.00     |904.00   |988.00   |878.80   |902.20   |934.40    |-94.80    |-62.60    |5,374     |2,669       |63       |50,215.63    |                       
2021-10-22 |ZC210        |973.00     |859.00   |972.80   |859.00   |898.60   |930.20    |-74.40    |-42.80    |640       |262         |33       |5,953.55     |                       
2021-10-25 |ZC111        |1,706.80   |1,656.00 |1,751.00 |1,641.60 |1,719.80 |1,700.00  |13.00     |-6.80     |229       |151         |-26      |3,893.02     |                       
2021-10-25 |ZC112        |1,549.60   |1,501.00 |1,533.00 |1,434.00 |1,447.40 |1,483.40  |-102.20   |-66.20    |941       |1,003       |13       |13,959.44    |                       
2021-10-25 |ZC201        |1,408.40   |1,365.00 |1,407.40 |1,286.00 |1,305.60 |1,340.60  |-102.80   |-67.80    |89,828    |38,274      |-1,753   |1,204,330.36 |                       
2021-10-25 |ZC202        |1,270.20   |1,240.00 |1,262.00 |1,143.00 |1,143.20 |1,178.20  |-127.00   |-92.00    |900       |631         |60       |10,604.58    |                       
2021-10-25 |ZC203        |1,124.00   |1,109.20 |1,120.40 |1,018.20 |1,038.00 |1,064.20  |-86.00    |-59.80    |799       |1,317       |145      |8,502.91     |                       
2021-10-25 |ZC204        |1,075.00   |1,020.00 |1,055.40 |977.20   |1,001.40 |1,012.00  |-73.60    |-63.00    |311       |399         |90       |3,147.27     |                       
2021-10-25 |ZC205        |1,037.80   |1,000.00 |1,037.80 |961.00   |980.00   |992.60    |-57.80    |-45.20    |21,695    |14,571      |-49      |215,345.09   |                       
2021-10-25 |ZC206        |1,006.80   |978.80   |990.00   |926.00   |940.60   |958.60    |-66.20    |-48.20    |111       |125         |31       |1,064.03     |                       
2021-10-25 |ZC207        |1,004.00   |965.40   |983.60   |922.00   |934.00   |948.40    |-70.00    |-55.60    |199       |250         |61       |1,887.50     |                       
2021-10-25 |ZC208        |959.00     |934.20   |962.40   |913.00   |936.60   |937.80    |-22.40    |-21.20    |43        |54          |-5       |403.28       |                       
2021-10-25 |ZC209        |934.40     |920.60   |944.40   |898.60   |911.20   |922.60    |-23.20    |-11.80    |2,127     |2,544       |-125     |19,622.28    |                       
2021-10-25 |ZC210        |930.20     |928.00   |937.00   |895.80   |906.20   |919.60    |-24.00    |-10.60    |284       |327         |65       |2,611.47     |                       
2021-10-26 |ZC111        |1,700.00   |1,717.40 |1,804.80 |1,585.20 |1,610.00 |1,700.80  |-90.00    |0.80      |221       |130         |-21      |3,758.67     |                       
2021-10-26 |ZC112        |1,483.40   |1,466.20 |1,495.20 |1,366.60 |1,390.00 |1,417.80  |-93.40    |-65.60    |567       |940         |-63      |8,041.19     |                       
2021-10-26 |ZC201        |1,340.60   |1,291.00 |1,345.80 |1,207.00 |1,237.00 |1,271.80  |-103.60   |-68.80    |62,510    |34,723      |-3,551   |794,984.50   |                       
2021-10-26 |ZC202        |1,178.20   |1,140.00 |1,170.60 |1,060.20 |1,091.60 |1,106.20  |-86.60    |-72.00    |443       |554         |-77      |4,900.06     |                       
2021-10-26 |ZC203        |1,064.20   |1,038.00 |1,061.60 |957.60   |975.80   |989.80    |-88.40    |-74.40    |551       |1,250       |-67      |5,453.60     |                       
2021-10-26 |ZC204        |1,012.00   |996.20   |1,004.80 |910.80   |921.40   |948.60    |-90.60    |-63.40    |148       |317         |-82      |1,404.03     |                       
2021-10-26 |ZC205        |992.60     |980.20   |991.00   |893.20   |904.00   |933.60    |-88.60    |-59.00    |19,518    |14,458      |-113     |182,210.94   |                       
2021-10-26 |ZC206        |958.60     |953.00   |957.40   |876.20   |895.00   |905.80    |-63.60    |-52.80    |105       |153         |28       |951.10       |                       
2021-10-26 |ZC207        |948.40     |944.00   |945.00   |870.40   |885.40   |898.40    |-63.00    |-50.00    |295       |216         |-34      |2,650.25     |                       
2021-10-26 |ZC208        |937.80     |902.80   |906.80   |856.60   |890.00   |883.60    |-47.80    |-54.20    |35        |55          |1        |309.28       |                       
2021-10-26 |ZC209        |922.60     |906.20   |919.80   |848.80   |861.00   |877.60    |-61.60    |-45.00    |1,603     |2,606       |62       |14,068.18    |                       
2021-10-26 |ZC210        |919.60     |909.80   |915.40   |848.00   |858.00   |874.00    |-61.60    |-45.60    |175       |359         |32       |1,529.33     |                       
2021-10-27 |ZC111        |1,700.80   |1,599.20 |1,599.60 |1,530.60 |1,530.60 |1,539.20  |-170.20   |-161.60   |101       |148         |18       |1,554.62     |                       
2021-10-27 |ZC112        |1,417.80   |1,354.00 |1,379.40 |1,276.00 |1,276.00 |1,332.20  |-141.80   |-85.60    |543       |959         |19       |7,252.25     |                       
2021-10-27 |ZC201        |1,271.80   |1,220.00 |1,249.80 |1,144.60 |1,144.60 |1,188.40  |-127.20   |-83.40    |48,825    |34,675      |-48      |580,279.64   |                       
2021-10-27 |ZC202        |1,106.20   |1,055.00 |1,075.80 |995.40   |995.40   |1,029.20  |-110.80   |-77.00    |762       |696         |142      |7,843.08     |                       
2021-10-27 |ZC203        |989.80     |941.00   |960.00   |890.80   |890.80   |914.40    |-99.00    |-75.40    |631       |1,424       |174      |5,769.59     |                       
2021-10-27 |ZC204        |948.60     |905.20   |917.00   |853.60   |856.20   |880.80    |-92.40    |-67.80    |216       |414         |97       |1,902.51     |                       
2021-10-27 |ZC205        |933.60     |895.00   |908.20   |840.20   |840.20   |865.80    |-93.40    |-67.80    |15,890    |15,497      |1,039    |137,585.01   |                       
2021-10-27 |ZC206        |905.80     |874.00   |885.00   |815.20   |815.20   |845.20    |-90.60    |-60.60    |86        |167         |14       |726.90       |                       
2021-10-27 |ZC207        |898.40     |864.00   |878.00   |808.40   |808.40   |837.40    |-90.00    |-61.00    |120       |236         |20       |1,004.85     |                       
2021-10-27 |ZC208        |883.60     |851.00   |863.00   |795.20   |795.80   |825.60    |-87.80    |-58.00    |40        |58          |3        |330.27       |                       
2021-10-27 |ZC209        |877.60     |860.00   |860.20   |789.80   |789.80   |814.20    |-87.80    |-63.40    |2,037     |2,945       |339      |16,586.92    |                       
2021-10-27 |ZC210        |874.00     |900.00   |900.00   |786.60   |786.60   |811.00    |-87.40    |-63.00    |317       |477         |118      |2,570.80     |                       
2021-10-28 |ZC111        |1,539.20   |1,340.00 |1,340.00 |1,339.00 |1,339.00 |1,339.20  |-200.20   |-200.00   |36        |128         |-20      |482.12       |                       
2021-10-28 |ZC112        |1,332.20   |1,200.00 |1,236.40 |1,159.00 |1,159.00 |1,173.80  |-173.20   |-158.40   |973       |999         |40       |11,959.46    |                       
2021-10-28 |ZC201        |1,188.40   |1,088.00 |1,143.80 |1,033.80 |1,051.80 |1,065.00  |-136.60   |-123.40   |65,885    |31,624      |-3,051   |701,686.48   |                       
2021-10-28 |ZC202        |1,029.20   |963.20   |1,065.40 |895.40   |954.60   |952.80    |-74.60    |-76.40    |949       |552         |-144     |9,041.31     |                       
2021-10-28 |ZC203        |914.40     |855.00   |935.00   |795.40   |862.00   |844.00    |-52.40    |-70.40    |1,231     |1,253       |-171     |10,388.94    |                       
2021-10-28 |ZC204        |880.80     |825.00   |911.20   |766.20   |823.40   |802.20    |-57.40    |-78.60    |423       |332         |-82      |3,393.17     |                       
2021-10-28 |ZC205        |865.80     |812.00   |902.00   |753.20   |837.80   |805.80    |-28.00    |-60.00    |41,801    |13,422      |-2,075   |336,853.85   |                       
2021-10-28 |ZC206        |845.20     |782.40   |868.60   |735.20   |798.20   |777.00    |-47.00    |-68.20    |109       |157         |-10      |846.91       |                       
2021-10-28 |ZC207        |837.40     |788.40   |859.00   |728.40   |811.00   |766.20    |-26.40    |-71.20    |280       |207         |-29      |2,145.43     |                       
2021-10-28 |ZC208        |825.60     |762.40   |829.00   |718.20   |797.20   |772.60    |-28.40    |-53.00    |61        |52          |-6       |471.32       |                       
2021-10-28 |ZC209        |814.20     |775.00   |809.00   |708.20   |781.60   |744.00    |-32.60    |-70.20    |4,261     |2,684       |-261     |31,698.80    |                       
2021-10-28 |ZC210        |811.00     |779.00   |808.00   |705.40   |780.00   |743.80    |-31.00    |-67.20    |577       |405         |-72      |4,291.42     |                       
2021-10-29 |ZC111        |1,339.20   |1,127.80 |1,265.80 |1,127.80 |1,130.00 |1,170.60  |-209.20   |-168.60   |266       |16          |-112     |3,113.62     |                       
2021-10-29 |ZC112        |1,173.80   |1,115.40 |1,165.00 |985.80   |999.00   |1,069.40  |-174.80   |-104.40   |2,091     |1,241       |242      |22,826.22    |                       
2021-10-29 |ZC201        |1,065.00   |1,061.80 |1,109.20 |958.40   |973.00   |1,019.60  |-92.00    |-45.40    |73,171    |31,765      |141      |746,188.01   |                       
2021-10-29 |ZC202        |952.80     |973.60   |1,001.60 |857.40   |862.80   |917.00    |-90.00    |-35.80    |545       |679         |127      |4,997.37     |                       
2021-10-29 |ZC203        |844.00     |875.00   |890.40   |770.00   |801.40   |831.80    |-42.60    |-12.20    |733       |1,491       |238      |6,097.46     |                       
2021-10-29 |ZC204        |802.20     |855.40   |856.40   |763.80   |794.00   |809.00    |-8.20     |6.80      |150       |356         |24       |1,213.36     |                       
2021-10-29 |ZC205        |805.80     |837.80   |863.00   |768.00   |805.00   |810.60    |-0.80     |4.80      |21,883    |15,062      |1,640    |177,414.14   |                       
2021-10-29 |ZC206        |777.00     |818.60   |841.40   |762.60   |762.60   |808.80    |-14.40    |31.80     |37        |154         |-3       |299.24       |                       
2021-10-29 |ZC207        |766.20     |786.20   |830.60   |760.00   |777.00   |796.80    |10.80     |30.60     |141       |219         |12       |1,123.52     |                       
2021-10-29 |ZC208        |772.60     |789.00   |799.60   |763.20   |770.20   |783.00    |-2.40     |10.40     |8         |50          |-2       |62.64        |                       
2021-10-29 |ZC209        |744.00     |783.60   |799.60   |746.80   |773.80   |770.80    |29.80     |26.80     |1,252     |2,678       |-6       |9,650.83     |                       
2021-10-29 |ZC210        |743.80     |800.00   |800.40   |746.00   |772.80   |770.40    |29.00     |26.60     |157       |409         |4        |1,209.56     |                       
2021-11-01 |ZC111        |1,170.60   |1,125.00 |1,125.00 |1,100.00 |1,100.00 |1,102.20  |-70.60    |-68.40    |12        |6           |-10      |132.26       |1,663.40               
2021-11-01 |ZC112        |1,069.40   |991.80   |1,068.20 |964.20   |982.00   |995.60    |-87.40    |-73.80    |762       |1,218       |-23      |8,217.24     |                       
2021-11-01 |ZC201        |1,019.60   |975.00   |991.80   |917.60   |917.60   |943.80    |-102.00   |-75.80    |42,496    |33,246      |1,481    |401,111.30   |                       
2021-11-01 |ZC202        |917.00     |860.40   |888.80   |833.40   |845.00   |860.40    |-72.00    |-56.60    |395       |605         |-74      |3,398.84     |                       
2021-11-01 |ZC203        |831.80     |805.80   |819.20   |748.60   |795.60   |783.00    |-36.20    |-48.80    |1,355     |1,322       |-169     |10,610.09    |                       
2021-11-01 |ZC204        |809.00     |807.00   |819.80   |762.80   |786.00   |795.20    |-23.00    |-13.80    |188       |260         |-96      |1,494.92     |                       
2021-11-01 |ZC205        |810.60     |802.00   |818.60   |769.00   |781.80   |795.80    |-28.80    |-14.80    |14,062    |15,186      |124      |111,905.10   |                       
2021-11-01 |ZC206        |808.80     |789.80   |818.00   |780.00   |788.00   |798.60    |-20.80    |-10.20    |100       |128         |-26      |798.69       |                       
2021-11-01 |ZC207        |796.80     |795.00   |805.00   |770.40   |777.40   |790.60    |-19.40    |-6.20     |101       |194         |-25      |798.56       |                       
2021-11-01 |ZC208        |783.00     |777.40   |784.00   |770.00   |784.00   |776.60    |1.00      |-6.40     |8         |48          |-2       |62.13        |                       
2021-11-01 |ZC209        |770.80     |768.80   |785.00   |750.40   |763.60   |769.40    |-7.20     |-1.40     |742       |2,664       |-14      |5,709.01     |                       
2021-11-01 |ZC210        |770.40     |778.00   |783.00   |751.20   |753.40   |768.20    |-17.00    |-2.20     |53        |409         |0        |407.11       |                       
2021-11-02 |ZC111        |1,102.20   |1,100.00 |1,100.00 |1,100.00 |1,100.00 |1,100.00  |-2.20     |-2.20     |1         |5           |-1       |11.00        |1,543.20               
2021-11-02 |ZC112        |995.60     |957.20   |1,018.00 |957.20   |1,010.00 |994.40    |14.40     |-1.20     |598       |1,101       |-117     |6,041.42     |                       
2021-11-02 |ZC201        |943.80     |900.00   |939.80   |841.00   |891.80   |898.40    |-52.00    |-45.40    |56,345    |32,691      |-555     |506,304.88   |                       
2021-11-02 |ZC202        |860.40     |845.00   |873.60   |801.00   |833.20   |835.80    |-27.20    |-24.60    |408       |511         |-94      |3,409.89     |                       
2021-11-02 |ZC203        |783.00     |779.80   |812.20   |750.20   |777.80   |775.40    |-5.20     |-7.60     |485       |1,141       |-181     |3,760.66     |                       
2021-11-02 |ZC204        |795.20     |795.00   |802.80   |750.60   |766.40   |782.20    |-28.80    |-13.00    |117       |194         |-66      |915.28       |                       
2021-11-02 |ZC205        |795.80     |776.00   |805.00   |738.00   |769.00   |770.60    |-26.80    |-25.20    |12,919    |13,882      |-1,304   |99,578.76    |                       
2021-11-02 |ZC206        |798.60     |777.80   |818.60   |750.00   |759.40   |784.20    |-39.20    |-14.40    |51        |112         |-16      |399.96       |                       
2021-11-02 |ZC207        |790.60     |798.20   |802.60   |746.40   |760.00   |785.20    |-30.60    |-5.40     |34        |182         |-12      |266.94       |                       
2021-11-02 |ZC208        |776.60     |778.40   |778.40   |735.20   |735.20   |757.20    |-41.40    |-19.40    |5         |45          |-3       |37.86        |                       
2021-11-02 |ZC209        |769.40     |761.60   |778.40   |726.00   |755.00   |751.00    |-14.40    |-18.40    |867       |2,480       |-184     |6,510.70     |                       
2021-11-02 |ZC210        |768.20     |758.40   |773.40   |722.40   |750.00   |746.60    |-18.20    |-21.60    |83        |380         |-29      |619.69       |                       
2021-11-03 |ZC111        |1,100.00   |0.00     |0.00     |0.00     |0.00     |1,205.00  |105.00    |105.00    |0         |5           |0        |0.00         |1,448.20               
2021-11-03 |ZC112        |994.40     |982.20   |1,064.80 |982.20   |1,054.00 |1,028.60  |59.60     |34.20     |4,796     |517         |-584     |53,230.16    |                       
2021-11-03 |ZC201        |898.40     |872.00   |987.80   |872.00   |978.00   |933.60    |79.60     |35.20     |46,702    |27,913      |-4,778   |436,290.66   |                       
2021-11-03 |ZC202        |835.80     |834.60   |899.00   |834.60   |894.40   |874.80    |58.60     |39.00     |273       |474         |-37      |2,388.23     |                       
2021-11-03 |ZC203        |775.40     |787.00   |825.00   |781.40   |815.20   |803.60    |39.80     |28.20     |281       |1,064       |-77      |2,258.09     |                       
2021-11-03 |ZC204        |782.20     |786.60   |819.60   |784.40   |813.20   |798.20    |31.00     |16.00     |71        |174         |-20      |566.78       |                       
2021-11-03 |ZC205        |770.60     |761.20   |815.00   |760.00   |802.00   |789.20    |31.40     |18.60     |8,941     |12,425      |-1,457   |70,568.48    |                       
2021-11-03 |ZC206        |784.20     |794.60   |812.60   |780.00   |811.40   |799.00    |27.20     |14.80     |68        |97          |-15      |543.32       |                       
2021-11-03 |ZC207        |785.20     |778.20   |804.80   |772.20   |793.20   |791.20    |8.00      |6.00      |45        |162         |-20      |356.01       |                       
2021-11-03 |ZC208        |757.20     |781.00   |781.00   |775.00   |775.00   |778.60    |17.80     |21.40     |3         |43          |-2       |23.36        |                       
2021-11-03 |ZC209        |751.00     |760.00   |780.20   |750.00   |773.80   |767.80    |22.80     |16.80     |718       |2,313       |-167     |5,512.56     |                       
2021-11-03 |ZC210        |746.60     |760.00   |779.20   |755.00   |775.80   |767.00    |29.20     |20.40     |65        |367         |-13      |498.57       |                       
2021-11-04 |ZC111        |1,205.00   |0.00     |0.00     |0.00     |0.00     |1,320.00  |115.00    |115.00    |0         |5           |0        |0.00         |1,388.40               
2021-11-04 |ZC112        |1,028.60   |1,065.20 |1,074.60 |1,014.60 |1,043.20 |1,051.60  |14.60     |23.00     |396       |327         |-190     |4,164.50     |                       
2021-11-04 |ZC201        |933.60     |999.80   |999.80   |903.00   |934.40   |940.20    |0.80      |6.60      |33,595    |26,189      |-1,724   |315,870.55   |                       
2021-11-04 |ZC202        |874.80     |903.80   |905.00   |845.60   |861.20   |874.60    |-13.60    |-0.20     |158       |455         |-19      |1,381.86     |                       
2021-11-04 |ZC203        |803.60     |822.00   |822.00   |787.40   |796.80   |800.60    |-6.80     |-3.00     |94        |1,036       |-28      |752.64       |                       
2021-11-04 |ZC204        |798.20     |812.80   |812.80   |780.80   |792.00   |802.40    |-6.20     |4.20      |16        |163         |-11      |128.40       |                       
2021-11-04 |ZC205        |789.20     |811.20   |812.40   |769.40   |778.00   |783.40    |-11.20    |-5.80     |5,272     |12,000      |-425     |41,303.29    |                       
2021-11-04 |ZC206        |799.00     |786.00   |786.00   |777.00   |780.00   |780.40    |-19.00    |-18.60    |6         |95          |-2       |46.82        |                       
2021-11-04 |ZC207        |791.20     |0.00     |0.00     |0.00     |0.00     |789.80    |-1.40     |-1.40     |0         |162         |0        |0.00         |                       
2021-11-04 |ZC208        |778.60     |763.00   |763.00   |763.00   |763.00   |763.00    |-15.60    |-15.60    |1         |42          |-1       |7.63         |                       
2021-11-04 |ZC209        |767.80     |776.00   |776.00   |749.20   |761.80   |757.60    |-6.00     |-10.20    |292       |2,251       |-62      |2,212.18     |                       
2021-11-04 |ZC210        |767.00     |755.20   |764.60   |747.20   |753.20   |754.80    |-13.80    |-12.20    |15        |366         |-1       |113.23       |                       
2021-11-05 |ZC111        |1,320.00   |1,188.00 |1,188.00 |1,188.00 |1,188.00 |1,188.00  |-132.00   |-132.00   |5         |0           |-5       |59.40        |1,336.60               
2021-11-05 |ZC112        |1,051.60   |1,051.60 |1,075.00 |1,036.60 |1,040.00 |1,054.20  |-11.60    |2.60      |75        |300         |-27      |790.60       |                       
2021-11-05 |ZC201        |940.20     |935.00   |977.00   |930.20   |945.20   |948.40    |5.00      |8.20      |17,283    |24,615      |-1,574   |163,895.43   |                       
2021-11-05 |ZC202        |874.60     |877.00   |893.80   |853.40   |860.00   |865.80    |-14.60    |-8.80     |94        |451         |-4       |813.82       |                       
2021-11-05 |ZC203        |800.60     |808.80   |824.80   |778.20   |782.60   |789.80    |-18.00    |-10.80    |129       |1,018       |-18      |1,018.74     |                       
2021-11-05 |ZC204        |802.40     |805.80   |805.80   |771.60   |782.60   |784.00    |-19.80    |-18.40    |23        |159         |-4       |180.30       |                       
2021-11-05 |ZC205        |783.40     |785.00   |800.00   |765.60   |774.40   |779.60    |-9.00     |-3.80     |2,855     |11,401      |-599     |22,273.13    |                       
2021-11-05 |ZC206        |780.40     |774.20   |792.60   |774.20   |786.60   |782.60    |6.20      |2.20      |12        |95          |0        |93.90        |                       
2021-11-05 |ZC207        |789.80     |780.00   |780.00   |780.00   |780.00   |780.00    |-9.80     |-9.80     |1         |162         |0        |7.80         |                       
2021-11-05 |ZC208        |763.00     |0.00     |0.00     |0.00     |0.00     |763.00    |0.00      |0.00      |0         |42          |0        |0.00         |                       
2021-11-05 |ZC209        |757.60     |767.80   |768.00   |745.00   |751.00   |750.60    |-6.60     |-7.00     |288       |2,151       |-100     |2,161.75     |                       
2021-11-05 |ZC210        |754.80     |773.00   |773.00   |744.80   |753.00   |753.80    |-1.80     |-1.00     |15        |360         |-6       |113.07       |                       
2021-11-08 |ZC112        |1,054.20   |1,069.00 |1,069.00 |1,020.00 |1,029.40 |1,048.40  |-24.80    |-5.80     |83        |254         |-46      |870.12       |                       
2021-11-08 |ZC201        |948.40     |955.00   |985.00   |910.00   |916.20   |941.00    |-32.20    |-7.40     |21,045    |23,429      |-1,186   |198,022.46   |                       
2021-11-08 |ZC202        |865.80     |869.80   |888.00   |835.60   |843.80   |856.00    |-22.00    |-9.80     |133       |426         |-25      |1,138.41     |                       
2021-11-08 |ZC203        |789.80     |787.40   |793.60   |755.20   |757.80   |771.60    |-32.00    |-18.20    |121       |1,002       |-16      |933.71       |                       
2021-11-08 |ZC204        |784.00     |780.20   |780.20   |748.40   |748.40   |759.80    |-35.60    |-24.20    |12        |153         |-6       |91.18        |                       
2021-11-08 |ZC205        |779.60     |775.20   |783.80   |735.40   |736.00   |758.80    |-43.60    |-20.80    |4,956     |11,969      |568      |37,605.47    |                       
2021-11-08 |ZC206        |782.60     |775.20   |785.40   |747.00   |748.00   |763.20    |-34.60    |-19.40    |14        |102         |7        |106.83       |                       
2021-11-08 |ZC207        |780.00     |772.60   |772.60   |751.00   |752.80   |761.00    |-27.20    |-19.00    |16        |161         |-1       |121.76       |                       
2021-11-08 |ZC208        |763.00     |772.00   |772.00   |746.20   |746.20   |763.40    |-16.80    |0.40      |3         |43          |1        |22.90        |                       
2021-11-08 |ZC209        |750.60     |753.40   |753.40   |725.20   |725.20   |736.20    |-25.40    |-14.40    |282       |2,221       |70       |2,076.17     |                       
2021-11-08 |ZC210        |753.80     |746.60   |760.20   |731.00   |731.00   |744.00    |-22.80    |-9.80     |17        |363         |3        |126.49       |                       
2021-11-08 |ZC211        |753.80     |764.40   |764.40   |723.60   |732.60   |746.40    |-21.20    |-7.40     |6         |4           |4        |44.78        |                       
2021-11-09 |ZC112        |1,048.40   |1,005.80 |1,034.00 |1,005.00 |1,014.00 |1,012.60  |-34.40    |-35.80    |81        |227         |-27      |820.24       |                       
2021-11-09 |ZC201        |941.00     |916.00   |934.00   |866.00   |870.40   |902.20    |-70.60    |-38.80    |18,336    |23,064      |-365     |165,480.27   |                       
2021-11-09 |ZC202        |856.00     |851.20   |859.00   |793.80   |798.00   |822.20    |-58.00    |-33.80    |208       |383         |-43      |1,709.99     |                       
2021-11-09 |ZC203        |771.60     |763.00   |764.00   |712.20   |719.60   |734.00    |-52.00    |-37.60    |159       |1,018       |16       |1,166.99     |                       
2021-11-09 |ZC204        |759.80     |735.40   |740.00   |702.60   |704.60   |713.20    |-55.20    |-46.60    |11        |152         |-1       |78.46        |                       
2021-11-09 |ZC205        |758.80     |735.00   |740.00   |690.00   |693.80   |712.00    |-65.00    |-46.80    |6,310     |13,328      |1,359    |44,925.94    |                       
2021-11-09 |ZC206        |763.20     |739.00   |739.00   |707.00   |707.00   |724.80    |-56.20    |-38.40    |15        |109         |7        |108.73       |                       
2021-11-09 |ZC207        |761.00     |744.40   |748.00   |701.00   |701.20   |728.80    |-59.80    |-32.20    |16        |167         |6        |116.60       |                       
2021-11-09 |ZC208        |763.40     |0.00     |0.00     |0.00     |0.00     |703.80    |-59.60    |-59.60    |0         |43          |0        |0.00         |                       
2021-11-09 |ZC209        |736.20     |725.20   |730.00   |686.00   |688.20   |702.60    |-48.00    |-33.60    |500       |2,440       |219      |3,512.71     |                       
2021-11-09 |ZC210        |744.00     |720.00   |726.80   |692.00   |697.40   |708.80    |-46.60    |-35.20    |49        |371         |8        |347.32       |                       
2021-11-09 |ZC211        |746.40     |726.00   |726.00   |720.00   |720.00   |723.60    |-26.40    |-22.80    |3         |6           |2        |21.71        |                       
2021-11-10 |ZC112        |1,012.60   |1,010.00 |1,025.00 |993.00   |1,025.00 |1,008.00  |12.40     |-4.60     |65        |196         |-31      |655.22       |                       
2021-11-10 |ZC201        |902.20     |852.00   |898.80   |850.00   |883.80   |871.20    |-18.40    |-31.00    |15,168    |21,976      |-1,088   |132,169.63   |                       
2021-11-10 |ZC202        |822.20     |775.20   |808.00   |775.00   |805.00   |785.40    |-17.20    |-36.80    |60        |379         |-4       |471.22       |                       
2021-11-10 |ZC203        |734.00     |716.20   |724.00   |702.80   |718.80   |710.40    |-15.20    |-23.60    |130       |971         |-47      |923.40       |                       
2021-11-10 |ZC204        |713.20     |700.80   |706.20   |681.40   |692.60   |694.80    |-20.60    |-18.40    |24        |150         |-2       |166.74       |                       
2021-11-10 |ZC205        |712.00     |689.20   |711.60   |675.00   |705.60   |692.20    |-6.40     |-19.80    |5,552     |13,053      |-275     |38,444.06    |                       
2021-11-10 |ZC206        |724.80     |701.80   |712.00   |673.40   |702.20   |689.20    |-22.60    |-35.60    |18        |106         |-3       |124.04       |                       
2021-11-10 |ZC207        |728.80     |702.40   |714.40   |686.60   |708.20   |699.60    |-20.60    |-29.20    |9         |165         |-2       |62.97        |                       
2021-11-10 |ZC208        |703.80     |713.00   |713.00   |713.00   |713.00   |713.00    |9.20      |9.20      |1         |44          |1        |7.13         |                       
2021-11-10 |ZC209        |702.60     |685.00   |699.00   |673.60   |698.40   |687.20    |-4.20     |-15.40    |257       |2,428       |-12      |1,765.95     |                       
2021-11-10 |ZC210        |708.80     |689.20   |699.80   |676.00   |688.20   |687.00    |-20.60    |-21.80    |20        |369         |-2       |137.40       |                       
2021-11-10 |ZC211        |723.60     |707.00   |713.60   |683.00   |685.20   |694.40    |-38.40    |-29.20    |7         |8           |2        |48.60        |                       
2021-11-11 |ZC112        |1,008.00   |1,014.40 |1,038.00 |1,002.20 |1,035.00 |1,025.60  |27.00     |17.60     |41        |167         |-29      |420.53       |                       
2021-11-11 |ZC201        |871.20     |885.20   |919.00   |860.00   |905.40   |896.40    |34.20     |25.20     |14,410    |21,080      |-896     |129,191.74   |                       
2021-11-11 |ZC202        |785.40     |815.00   |818.20   |783.00   |814.00   |805.60    |28.60     |20.20     |64        |368         |-11      |515.56       |                       
2021-11-11 |ZC203        |710.40     |722.60   |738.80   |708.00   |738.00   |727.00    |27.60     |16.60     |104       |961         |-10      |756.13       |                       
2021-11-11 |ZC204        |694.80     |710.40   |722.20   |698.40   |713.00   |712.40    |18.20     |17.60     |10        |151         |1        |71.25        |                       
2021-11-11 |ZC205        |692.20     |705.20   |724.00   |692.00   |723.60   |712.40    |31.40     |20.20     |5,055     |12,819      |-234     |36,006.84    |                       
2021-11-11 |ZC206        |689.20     |701.40   |725.80   |701.40   |725.80   |716.20    |36.60     |27.00     |8         |108         |2        |57.29        |                       
2021-11-11 |ZC207        |699.60     |725.60   |728.00   |720.20   |728.00   |724.40    |28.40     |24.80     |4         |165         |0        |28.98        |                       
2021-11-11 |ZC208        |713.00     |715.80   |715.80   |715.80   |715.80   |715.80    |2.80      |2.80      |1         |43          |-1       |7.16         |                       
2021-11-11 |ZC209        |687.20     |681.00   |711.40   |676.00   |705.60   |699.80    |18.40     |12.60     |194       |2,394       |-34      |1,357.50     |                       
2021-11-11 |ZC210        |687.00     |699.80   |716.20   |686.00   |702.40   |703.20    |15.40     |16.20     |14        |371         |2        |98.46        |                       
2021-11-11 |ZC211        |694.40     |697.40   |697.40   |697.40   |697.40   |697.40    |3.00      |3.00      |1         |7           |-1       |6.97         |                       
2021-11-12 |ZC112        |1,025.60   |1,008.00 |1,019.00 |999.00   |1,019.00 |1,008.80  |-6.60     |-16.80    |27        |157         |-10      |272.35       |                       
2021-11-12 |ZC201        |896.40     |905.40   |909.00   |860.00   |864.00   |872.40    |-32.40    |-24.00    |12,448    |20,945      |-135     |108,617.73   |                       
2021-11-12 |ZC202        |805.60     |799.00   |799.20   |782.20   |794.40   |792.20    |-11.20    |-13.40    |64        |346         |-22      |506.95       |                       
2021-11-12 |ZC203        |727.00     |718.40   |721.80   |708.00   |710.00   |711.40    |-17.00    |-15.60    |70        |965         |4        |497.99       |                       
2021-11-12 |ZC204        |712.40     |707.40   |711.60   |704.40   |704.40   |710.40    |-8.00     |-2.00     |13        |150         |-1       |92.35        |                       
2021-11-12 |ZC205        |712.40     |718.00   |718.00   |696.20   |700.40   |703.80    |-12.00    |-8.60     |3,863     |12,655      |-164     |27,187.86    |                       
2021-11-12 |ZC206        |716.20     |0.00     |0.00     |0.00     |0.00     |716.20    |0.00      |0.00      |0         |108         |0        |0.00         |                       
2021-11-12 |ZC207        |724.40     |709.00   |712.00   |709.00   |711.00   |711.20    |-13.40    |-13.20    |5         |165         |0        |35.56        |                       
2021-11-12 |ZC208        |715.80     |0.00     |0.00     |0.00     |0.00     |709.40    |-6.40     |-6.40     |0         |43          |0        |0.00         |                       
2021-11-12 |ZC209        |699.80     |697.00   |697.80   |687.00   |696.40   |693.00    |-3.40     |-6.80     |103       |2,389       |-5       |713.87       |                       
2021-11-12 |ZC210        |703.20     |701.60   |702.00   |690.60   |691.60   |695.20    |-11.60    |-8.00     |9         |368         |-3       |62.57        |                       
2021-11-12 |ZC211        |697.40     |0.00     |0.00     |0.00     |0.00     |697.40    |0.00      |0.00      |0         |7           |0        |0.00         |                       
2021-11-15 |ZC112        |1,008.80   |1,024.00 |1,024.20 |976.20   |983.40   |1,002.20  |-25.40    |-6.60     |36        |158         |1        |360.77       |                       
2021-11-15 |ZC201        |872.40     |861.00   |897.00   |802.00   |809.60   |846.40    |-62.80    |-26.00    |19,767    |20,796      |-149     |167,490.36   |                       
2021-11-15 |ZC202        |792.20     |768.40   |799.00   |741.60   |753.20   |767.20    |-39.00    |-25.00    |62        |340         |-6       |475.63       |                       
2021-11-15 |ZC203        |711.40     |712.20   |721.80   |691.00   |695.00   |698.20    |-16.40    |-13.20    |80        |981         |16       |558.62       |                       
2021-11-15 |ZC204        |710.40     |695.80   |696.60   |685.20   |688.80   |690.40    |-21.60    |-20.00    |9         |157         |7        |62.13        |                       
2021-11-15 |ZC205        |703.80     |700.20   |717.80   |685.00   |690.00   |699.60    |-13.80    |-4.20     |4,046     |12,554      |-101     |28,303.31    |                       
2021-11-15 |ZC206        |716.20     |705.80   |717.60   |704.80   |708.00   |708.80    |-8.20     |-7.40     |8         |109         |1        |56.71        |                       
2021-11-15 |ZC207        |711.20     |707.40   |716.60   |698.20   |698.20   |708.20    |-13.00    |-3.00     |9         |167         |2        |63.75        |                       
2021-11-15 |ZC208        |709.40     |686.20   |686.20   |686.20   |686.20   |686.20    |-23.20    |-23.20    |1         |44          |1        |6.86         |                       
2021-11-15 |ZC209        |693.00     |695.20   |707.60   |680.60   |682.00   |691.60    |-11.00    |-1.40     |127       |2,380       |-9       |878.41       |                       
2021-11-15 |ZC210        |695.20     |694.00   |695.60   |684.00   |685.60   |689.20    |-9.60     |-6.00     |6         |366         |-2       |41.35        |                       
2021-11-15 |ZC211        |697.40     |698.80   |698.80   |685.00   |685.00   |693.00    |-12.40    |-4.40     |3         |9           |2        |20.79        |                       
2021-11-16 |ZC112        |1,002.20   |998.20   |1,000.00 |981.00   |986.80   |992.20    |-15.40    |-10.00    |12        |158         |0        |119.06       |                       
2021-11-16 |ZC201        |846.40     |806.00   |839.00   |805.00   |817.80   |820.20    |-28.60    |-26.20    |9,451     |19,961      |-835     |77,699.72    |                       
2021-11-16 |ZC202        |767.20     |736.60   |774.40   |736.60   |757.40   |763.60    |-9.80     |-3.60     |38        |338         |-2       |290.16       |                       
2021-11-16 |ZC203        |698.20     |696.60   |712.20   |691.00   |712.20   |702.00    |14.00     |3.80      |95        |990         |9        |666.83       |                       
2021-11-16 |ZC204        |690.40     |702.60   |706.20   |702.60   |703.20   |705.00    |12.80     |14.60     |9         |154         |-3       |63.46        |                       
2021-11-16 |ZC205        |699.60     |685.00   |705.00   |685.00   |699.20   |698.20    |-0.40     |-1.40     |2,132     |12,298      |-256     |14,884.69    |                       
2021-11-16 |ZC206        |708.80     |0.00     |0.00     |0.00     |0.00     |708.80    |0.00      |0.00      |0         |109         |0        |0.00         |                       
2021-11-16 |ZC207        |708.20     |720.80   |720.80   |707.00   |707.00   |714.00    |-1.20     |5.80      |2         |168         |1        |14.28        |                       
2021-11-16 |ZC208        |686.20     |684.20   |718.00   |684.20   |695.40   |699.20    |9.20      |13.00     |3         |44          |0        |20.98        |                       
2021-11-16 |ZC209        |691.60     |684.00   |698.80   |684.00   |693.00   |693.00    |1.40      |1.40      |142       |2,375       |-5       |984.06       |                       
2021-11-16 |ZC210        |689.20     |695.00   |699.80   |695.00   |699.80   |696.80    |10.60     |7.60      |6         |365         |-1       |41.80        |                       
2021-11-16 |ZC211        |693.00     |0.00     |0.00     |0.00     |0.00     |693.00    |0.00      |0.00      |0         |9           |0        |0.00         |                       
2021-11-17 |ZC112        |992.20     |964.40   |964.60   |942.00   |960.60   |954.80    |-31.60    |-37.40    |23        |154         |-4       |219.60       |                       
2021-11-17 |ZC201        |820.20     |805.20   |836.80   |790.00   |825.00   |806.60    |4.80      |-13.60    |11,707    |19,674      |-287     |94,611.22    |                       
2021-11-17 |ZC202        |763.60     |750.00   |776.00   |748.20   |764.20   |753.40    |0.60      |-10.20    |58        |330         |-8       |436.94       |                       
2021-11-17 |ZC203        |702.00     |703.40   |714.80   |697.80   |703.00   |702.20    |1.00      |0.20      |83        |962         |-28      |582.78       |                       
2021-11-17 |ZC204        |705.00     |695.60   |710.80   |695.60   |710.80   |701.00    |5.80      |-4.00     |17        |147         |-7       |119.16       |                       
2021-11-17 |ZC205        |698.20     |690.00   |708.00   |685.00   |700.00   |695.60    |1.80      |-2.60     |1,598     |12,158      |-140     |11,116.15    |                       
2021-11-17 |ZC206        |708.80     |710.00   |715.80   |704.80   |704.80   |710.20    |-4.00     |1.40      |3         |108         |-1       |21.31        |                       
2021-11-17 |ZC207        |714.00     |712.80   |714.60   |712.80   |714.60   |713.80    |0.60      |-0.20     |2         |169         |1        |14.27        |                       
2021-11-17 |ZC208        |699.20     |705.60   |709.80   |705.60   |709.80   |707.80    |10.60     |8.60      |2         |44          |0        |14.15        |                       
2021-11-17 |ZC209        |693.00     |683.00   |698.00   |681.60   |691.80   |689.00    |-1.20     |-4.00     |84        |2,356       |-19      |578.82       |                       
2021-11-17 |ZC210        |696.80     |680.00   |700.00   |678.00   |686.20   |688.60    |-10.60    |-8.20     |19        |355         |-10      |130.82       |                       
2021-11-17 |ZC211        |693.00     |689.00   |689.00   |689.00   |689.00   |689.00    |-4.00     |-4.00     |1         |9           |0        |6.89         |                       
2021-11-18 |ZC112        |954.80     |962.20   |999.00   |962.20   |973.00   |969.20    |18.20     |14.40     |25        |137         |-17      |242.31       |                       
2021-11-18 |ZC201        |806.60     |830.00   |862.00   |808.00   |823.20   |830.20    |16.60     |23.60     |10,640    |18,815      |-859     |88,735.61    |                       
2021-11-18 |ZC202        |753.40     |765.00   |786.00   |765.00   |776.40   |773.80    |23.00     |20.40     |16        |325         |-5       |123.81       |                       
2021-11-18 |ZC203        |702.20     |705.60   |721.40   |705.00   |705.00   |713.20    |2.80      |11.00     |36        |948         |-14      |256.77       |                       
2021-11-18 |ZC204        |701.00     |706.20   |716.80   |705.40   |705.40   |708.80    |4.40      |7.80      |9         |143         |-4       |63.79        |                       
2021-11-18 |ZC205        |695.60     |702.00   |707.20   |686.80   |686.80   |699.00    |-8.80     |3.40      |2,210     |12,071      |-87      |15,447.82    |                       
2021-11-18 |ZC206        |710.20     |713.40   |713.40   |713.40   |713.40   |713.40    |3.20      |3.20      |1         |107         |-1       |7.13         |                       
2021-11-18 |ZC207        |713.80     |710.40   |710.40   |707.60   |707.60   |709.00    |-6.20     |-4.80     |2         |170         |1        |14.18        |                       
2021-11-18 |ZC208        |707.80     |703.00   |703.00   |703.00   |703.00   |703.00    |-4.80     |-4.80     |1         |45          |1        |7.03         |                       
2021-11-18 |ZC209        |689.00     |698.80   |699.20   |680.40   |682.80   |691.80    |-6.20     |2.80      |153       |2,368       |12       |1,058.43     |                       
2021-11-18 |ZC210        |688.60     |704.80   |704.80   |697.60   |697.80   |703.80    |9.20      |15.20     |51        |341         |-14      |358.99       |                       
2021-11-18 |ZC211        |689.00     |0.00     |0.00     |0.00     |0.00     |689.00    |0.00      |0.00      |0         |9           |0        |0.00         |                       
2021-11-19 |ZC112        |969.20     |977.40   |1,017.80 |963.20   |994.20   |989.20    |25.00     |20.00     |26        |135         |-2       |257.18       |                       
2021-11-19 |ZC201        |830.20     |819.00   |859.60   |818.60   |852.40   |838.40    |22.20     |8.20      |8,018     |18,869      |54       |67,230.23    |                       
2021-11-19 |ZC202        |773.80     |758.20   |782.80   |751.40   |782.80   |765.60    |9.00      |-8.20     |35        |333         |8        |267.96       |                       
2021-11-19 |ZC203        |713.20     |699.20   |712.00   |699.20   |712.00   |709.00    |-1.20     |-4.20     |57        |915         |-33      |404.11       |                       
2021-11-19 |ZC204        |708.80     |692.00   |698.20   |692.00   |698.20   |695.40    |-10.60    |-13.40    |8         |139         |-4       |55.63        |                       
2021-11-19 |ZC205        |699.00     |685.40   |705.20   |680.20   |702.80   |695.00    |3.80      |-4.00     |2,342     |12,049      |-22      |16,274.78    |                       
2021-11-19 |ZC206        |713.40     |710.20   |710.20   |710.00   |710.20   |710.20    |-3.20     |-3.20     |4         |109         |2        |28.41        |                       
2021-11-19 |ZC207        |709.00     |704.60   |712.20   |704.60   |710.00   |709.80    |1.00      |0.80      |4         |169         |-1       |28.39        |                       
2021-11-19 |ZC208        |703.00     |0.00     |0.00     |0.00     |0.00     |703.00    |0.00      |0.00      |0         |45          |0        |0.00         |                       
2021-11-19 |ZC209        |691.80     |677.00   |694.80   |674.20   |691.20   |683.60    |-0.60     |-8.20     |131       |2,389       |21       |895.54       |                       
2021-11-19 |ZC210        |703.80     |693.00   |705.80   |687.00   |687.00   |696.40    |-16.80    |-7.40     |5         |340         |-1       |34.82        |                       
2021-11-19 |ZC211        |689.00     |0.00     |0.00     |0.00     |0.00     |701.00    |12.00     |12.00     |0         |9           |0        |0.00         |                       
2021-11-22 |ZC112        |989.20     |1,020.00 |1,023.20 |990.20   |1,014.00 |1,018.40  |24.80     |29.20     |24        |127         |-8       |244.44       |                       
2021-11-22 |ZC201        |838.40     |841.00   |878.20   |841.00   |862.20   |864.20    |23.80     |25.80     |10,018    |19,258      |389      |86,668.78    |                       
2021-11-22 |ZC202        |765.60     |788.80   |801.00   |780.40   |797.80   |792.00    |32.20     |26.40     |74        |332         |-1       |586.05       |                       
2021-11-22 |ZC203        |709.00     |718.00   |736.20   |710.20   |735.00   |726.80    |26.00     |17.80     |123       |862         |-53      |893.84       |                       
2021-11-22 |ZC204        |695.40     |726.00   |727.60   |704.60   |727.20   |719.40    |31.80     |24.00     |22        |126         |-13      |158.29       |                       
2021-11-22 |ZC205        |695.00     |701.80   |713.00   |691.00   |708.20   |704.80    |13.20     |9.80      |3,710     |12,558      |509      |26,148.01    |                       
2021-11-22 |ZC206        |710.20     |722.00   |722.00   |717.60   |718.20   |719.20    |8.00      |9.00      |3         |107         |-2       |21.58        |                       
2021-11-22 |ZC207        |709.80     |724.00   |724.00   |710.20   |722.60   |716.80    |12.80     |7.00      |6         |169         |0        |43.01        |                       
2021-11-22 |ZC208        |703.00     |714.40   |714.40   |714.40   |714.40   |714.40    |11.40     |11.40     |1         |44          |-1       |7.14         |                       
2021-11-22 |ZC209        |683.60     |693.60   |706.60   |684.40   |699.80   |700.60    |16.20     |17.00     |330       |2,386       |-3       |2,311.98     |                       
2021-11-22 |ZC210        |696.40     |709.00   |710.40   |702.20   |709.80   |707.20    |13.40     |10.80     |11        |337         |-3       |77.79        |                       
2021-11-22 |ZC211        |701.00     |708.20   |708.20   |708.20   |708.20   |708.20    |7.20      |7.20      |1         |8           |-1       |7.08         |                       
2021-11-23 |ZC112        |1,018.40   |1,030.00 |1,030.00 |995.00   |995.00   |1,017.40  |-23.40    |-1.00     |33        |114         |-13      |335.77       |                       
2021-11-23 |ZC201        |864.20     |867.40   |913.80   |865.00   |871.20   |887.60    |7.00      |23.40     |10,305    |18,813      |-445     |91,535.72    |                       
2021-11-23 |ZC202        |792.00     |812.00   |826.00   |791.00   |799.00   |806.40    |7.00      |14.40     |83        |347         |15       |669.35       |                       
2021-11-23 |ZC203        |726.80     |740.00   |760.00   |737.20   |738.00   |748.40    |11.20     |21.60     |171       |775         |-87      |1,279.91     |                       
2021-11-23 |ZC204        |719.40     |721.80   |749.60   |721.80   |729.60   |734.00    |10.20     |14.60     |29        |111         |-15      |212.88       |                       
2021-11-23 |ZC205        |704.80     |708.80   |726.00   |702.00   |702.20   |712.00    |-2.60     |7.20      |3,389     |13,090      |532      |24,128.97    |                       
2021-11-23 |ZC206        |719.20     |712.20   |712.20   |712.20   |712.20   |712.20    |-7.00     |-7.00     |1         |107         |0        |7.12         |                       
2021-11-23 |ZC207        |716.80     |714.00   |714.00   |714.00   |714.00   |714.00    |-2.80     |-2.80     |1         |168         |-1       |7.14         |                       
2021-11-23 |ZC208        |714.40     |0.00     |0.00     |0.00     |0.00     |714.40    |0.00      |0.00      |0         |44          |0        |0.00         |                       
2021-11-23 |ZC209        |700.60     |709.00   |720.00   |699.80   |699.80   |708.00    |-0.80     |7.40      |307       |2,320       |-66      |2,173.35     |                       
2021-11-23 |ZC210        |707.20     |718.00   |723.80   |704.40   |704.40   |714.00    |-2.80     |6.80      |19        |331         |-6       |135.64       |                       
2021-11-23 |ZC211        |708.20     |0.00     |0.00     |0.00     |0.00     |708.20    |0.00      |0.00      |0         |8           |0        |0.00         |                       
2021-11-24 |ZC112        |1,017.40   |965.20   |1,038.80 |965.20   |1,035.00 |1,016.60  |17.60     |-0.80     |31        |93          |-21      |315.17       |                       
2021-11-24 |ZC201        |887.60     |875.00   |930.00   |851.40   |921.00   |892.00    |33.40     |4.40      |13,662    |18,917      |104      |121,858.34   |                       
2021-11-24 |ZC202        |806.40     |780.20   |828.40   |780.20   |828.40   |815.60    |22.00     |9.20      |68        |362         |15       |554.60       |                       
2021-11-24 |ZC203        |748.40     |729.00   |769.80   |723.80   |760.00   |746.00    |11.60     |-2.40     |88        |786         |11       |656.41       |                       
2021-11-24 |ZC204        |734.00     |729.60   |752.40   |727.20   |743.00   |735.20    |9.00      |1.20      |14        |111         |0        |102.94       |                       
2021-11-24 |ZC205        |712.00     |702.40   |730.80   |695.20   |730.00   |717.80    |18.00     |5.80      |5,014     |13,520      |430      |35,987.56    |                       
2021-11-24 |ZC206        |712.20     |733.20   |733.20   |733.20   |733.20   |733.20    |21.00     |21.00     |1         |107         |0        |7.33         |                       
2021-11-24 |ZC207        |714.00     |717.20   |731.80   |717.20   |731.80   |720.80    |17.80     |6.80      |4         |168         |0        |28.83        |                       
2021-11-24 |ZC208        |714.40     |718.00   |718.00   |718.00   |718.00   |718.00    |3.60      |3.60      |1         |43          |-1       |7.18         |                       
2021-11-24 |ZC209        |708.00     |704.40   |720.00   |699.80   |719.80   |711.20    |11.80     |3.20      |194       |2,257       |-63      |1,379.54     |                       
2021-11-24 |ZC210        |714.00     |714.20   |725.00   |714.20   |725.00   |720.60    |11.00     |6.60      |9         |324         |-7       |64.85        |                       
2021-11-24 |ZC211        |708.20     |0.00     |0.00     |0.00     |0.00     |708.20    |0.00      |0.00      |0         |8           |0        |0.00         |                       
2021-11-25 |ZC112        |1,016.60   |1,034.00 |1,034.00 |976.00   |1,012.00 |1,011.40  |-4.60     |-5.20     |10        |91          |-2       |101.14       |                       
2021-11-25 |ZC201        |892.00     |920.00   |965.00   |904.80   |912.60   |934.40    |20.60     |42.40     |14,764    |18,803      |-114     |138,307.06   |                       
2021-11-25 |ZC202        |815.60     |829.60   |866.00   |810.20   |819.00   |839.40    |3.40      |23.80     |43        |374         |12       |360.91       |                       
2021-11-25 |ZC203        |746.00     |773.40   |783.80   |735.60   |756.20   |765.40    |10.20     |19.40     |76        |791         |5        |581.70       |                       
2021-11-25 |ZC204        |735.20     |758.00   |774.80   |737.80   |741.20   |754.00    |6.00      |18.80     |9         |111         |0        |67.86        |                       
2021-11-25 |ZC205        |717.80     |721.40   |749.40   |715.00   |725.60   |734.20    |7.80      |16.40     |6,307     |14,269      |749      |46,310.07    |                       
2021-11-25 |ZC206        |733.20     |750.00   |750.00   |745.40   |745.80   |747.00    |12.60     |13.80     |3         |106         |-1       |22.41        |                       
2021-11-25 |ZC207        |720.80     |755.60   |755.60   |740.60   |740.60   |745.20    |19.80     |24.40     |5         |168         |0        |37.26        |                       
2021-11-25 |ZC208        |718.00     |0.00     |0.00     |0.00     |0.00     |718.20    |0.20      |0.20      |0         |43          |0        |0.00         |                       
2021-11-25 |ZC209        |711.20     |720.20   |733.60   |710.20   |722.00   |725.00    |10.80     |13.80     |212       |2,226       |-31      |1,537.16     |                       
2021-11-25 |ZC210        |720.60     |728.60   |739.00   |726.40   |727.20   |732.00    |6.60      |11.40     |19        |316         |-8       |139.08       |                       
2021-11-25 |ZC211        |708.20     |719.20   |719.20   |719.20   |719.20   |719.20    |11.00     |11.00     |1         |8           |0        |7.19         |                       
2021-11-26 |ZC112        |1,011.40   |993.00   |1,009.00 |962.00   |997.00   |981.80    |-14.40    |-29.60    |8         |84          |-7       |78.55        |                       
2021-11-26 |ZC201        |934.40     |912.80   |923.00   |840.80   |840.80   |867.80    |-93.60    |-66.60    |13,988    |18,069      |-734     |121,403.72   |                       
2021-11-26 |ZC202        |839.40     |808.00   |808.00   |770.00   |770.00   |781.60    |-69.40    |-57.80    |92        |368         |-6       |719.08       |                       
2021-11-26 |ZC203        |765.40     |741.20   |741.20   |716.40   |716.80   |729.40    |-48.60    |-36.00    |68        |779         |-12      |495.93       |                       
2021-11-26 |ZC204        |754.00     |716.00   |720.00   |708.60   |708.60   |714.80    |-45.40    |-39.20    |3         |113         |2        |21.45        |                       
2021-11-26 |ZC205        |734.20     |725.00   |726.00   |678.80   |680.20   |700.60    |-54.00    |-33.60    |6,566     |15,393      |1,124    |46,000.40    |                       
2021-11-26 |ZC206        |747.00     |712.00   |712.00   |690.00   |690.00   |702.80    |-57.00    |-44.20    |3         |107         |1        |21.08        |                       
2021-11-26 |ZC207        |745.20     |740.60   |740.60   |705.00   |705.00   |717.00    |-40.20    |-28.20    |24        |175         |7        |172.09       |                       
2021-11-26 |ZC208        |718.20     |705.80   |705.80   |700.20   |700.20   |703.00    |-18.00    |-15.20    |2         |45          |2        |14.06        |                       
2021-11-26 |ZC209        |725.00     |710.20   |711.20   |682.00   |682.20   |696.40    |-42.80    |-28.60    |262       |2,355       |129      |1,824.70     |                       
2021-11-26 |ZC210        |732.00     |713.80   |713.80   |700.00   |700.00   |707.60    |-32.00    |-24.40    |11        |317         |1        |77.83        |                       
2021-11-26 |ZC211        |719.20     |715.60   |721.00   |699.00   |720.00   |713.80    |0.80      |-5.40     |13        |18          |10       |92.79        |                       
2021-11-29 |ZC112        |981.80     |955.60   |996.60   |954.60   |990.00   |982.60    |8.20      |0.80      |26        |65          |-19      |255.48       |                       
2021-11-29 |ZC201        |867.80     |824.80   |837.40   |801.20   |810.20   |821.20    |-57.60    |-46.60    |14,042    |18,201      |132      |117,216.77   |                       
2021-11-29 |ZC202        |781.60     |770.00   |786.80   |758.20   |770.20   |771.40    |-11.40    |-10.20    |95        |373         |5        |732.90       |                       
2021-11-29 |ZC203        |729.40     |700.20   |733.00   |700.20   |722.80   |722.40    |-6.60     |-7.00     |109       |801         |22       |787.37       |                       
2021-11-29 |ZC204        |714.80     |706.60   |717.00   |706.40   |712.80   |713.00    |-2.00     |-1.80     |21        |108         |-5       |149.71       |                       
2021-11-29 |ZC205        |700.60     |680.00   |693.00   |659.00   |679.40   |678.40    |-21.20    |-22.20    |6,460     |15,868      |475      |43,828.39    |                       
2021-11-29 |ZC206        |702.80     |669.20   |701.60   |669.00   |685.00   |679.40    |-17.80    |-23.40    |12        |106         |-1       |81.53        |                       
2021-11-29 |ZC207        |717.00     |690.00   |705.20   |690.00   |698.00   |700.80    |-19.00    |-16.20    |13        |178         |3        |91.10        |                       
2021-11-29 |ZC208        |703.00     |722.60   |722.60   |691.60   |691.60   |707.20    |-11.40    |4.20      |2         |46          |1        |14.14        |                       
2021-11-29 |ZC209        |696.40     |676.20   |697.80   |650.00   |681.40   |682.80    |-15.00    |-13.60    |301       |2,447       |92       |2,055.16     |                       
2021-11-29 |ZC210        |707.60     |681.20   |705.00   |681.20   |694.20   |694.80    |-13.40    |-12.80    |13        |321         |4        |90.33        |                       
2021-11-29 |ZC211        |713.80     |0.00     |0.00     |0.00     |0.00     |709.00    |-4.80     |-4.80     |0         |18          |0        |0.00         |                       
2021-11-30 |ZC112        |982.60     |999.00   |1,047.00 |970.20   |1,047.00 |1,024.20  |64.40     |41.60     |56        |24          |-41      |573.54       |                       
2021-11-30 |ZC201        |821.20     |801.20   |848.00   |800.80   |840.40   |827.80    |19.20     |6.60      |10,422    |17,099      |-1,102   |86,439.64    |                       
2021-11-30 |ZC202        |771.40     |789.00   |789.00   |763.00   |778.00   |775.60    |6.60      |4.20      |35        |376         |3        |271.44       |                       
2021-11-30 |ZC203        |722.40     |738.80   |738.80   |710.60   |723.00   |722.20    |0.60      |-0.20     |18        |796         |-5       |130.01       |                       
2021-11-30 |ZC204        |713.00     |697.00   |707.00   |697.00   |707.00   |702.00    |-6.00     |-11.00    |2         |107         |-1       |14.04        |                       
2021-11-30 |ZC205        |678.40     |678.40   |699.00   |670.00   |687.60   |687.40    |9.20      |9.00      |4,825     |15,823      |-45      |33,163.22    |                       
2021-11-30 |ZC206        |679.40     |0.00     |0.00     |0.00     |0.00     |687.20    |7.80      |7.80      |0         |106         |0        |0.00         |                       
2021-11-30 |ZC207        |700.80     |700.00   |703.00   |700.00   |703.00   |701.80    |2.20      |1.00      |3         |180         |2        |21.05        |                       
2021-11-30 |ZC208        |707.20     |0.00     |0.00     |0.00     |0.00     |707.20    |0.00      |0.00      |0         |46          |0        |0.00         |                       
2021-11-30 |ZC209        |682.80     |690.00   |697.60   |676.20   |684.80   |687.20    |2.00      |4.40      |154       |2,447       |0        |1,058.39     |                       
2021-11-30 |ZC210        |694.80     |710.20   |710.20   |699.20   |699.20   |705.20    |4.40      |10.40     |7         |325         |4        |49.37        |                       
2021-11-30 |ZC211        |709.00     |708.80   |715.00   |708.80   |715.00   |712.00    |6.00      |3.00      |2         |18          |0        |14.24        |                       
2021-12-01 |ZC112        |1,024.20   |1,040.00 |1,040.00 |1,040.00 |1,040.00 |1,040.00  |15.80     |15.80     |1         |23          |-1       |10.40        |1,005.00               
2021-12-01 |ZC201        |827.80     |835.20   |860.60   |826.00   |842.80   |845.60    |15.00     |17.80     |8,295     |16,585      |-514     |70,969.74    |                       
2021-12-01 |ZC202        |775.60     |778.00   |809.00   |778.00   |792.00   |791.60    |16.40     |16.00     |88        |377         |1        |696.65       |                       
2021-12-01 |ZC203        |722.20     |713.20   |737.40   |713.20   |735.00   |730.00    |12.80     |7.80      |52        |769         |-27      |379.62       |                       
2021-12-01 |ZC204        |702.00     |705.00   |724.20   |702.00   |722.00   |716.20    |20.00     |14.20     |8         |107         |0        |57.29        |                       
2021-12-01 |ZC205        |687.40     |688.00   |706.80   |681.00   |704.80   |697.40    |17.40     |10.00     |4,870     |15,979      |156      |33,966.83    |                       
2021-12-01 |ZC206        |687.20     |718.60   |718.60   |697.00   |697.00   |707.80    |9.80      |20.60     |2         |105         |-1       |14.16        |                       
2021-12-01 |ZC207        |701.80     |719.80   |720.00   |717.80   |719.80   |719.60    |18.00     |17.80     |8         |180         |0        |57.57        |                       
2021-12-01 |ZC208        |707.20     |716.00   |716.00   |716.00   |716.00   |716.00    |8.80      |8.80      |1         |45          |-1       |7.16         |                       
2021-12-01 |ZC209        |687.20     |694.60   |706.60   |688.60   |700.20   |699.80    |13.00     |12.60     |142       |2,457       |10       |993.62       |                       
2021-12-01 |ZC210        |705.20     |709.80   |714.20   |704.00   |714.20   |711.00    |9.00      |5.80      |9         |329         |4        |63.99        |                       
2021-12-01 |ZC211        |712.00     |707.00   |717.00   |707.00   |717.00   |712.00    |5.00      |0.00      |2         |18          |0        |14.24        |                       
2021-12-02 |ZC112        |1,040.00   |938.00   |938.00   |938.00   |938.00   |938.00    |-102.00   |-102.00   |1         |24          |1        |9.38         |1,002.00               
2021-12-02 |ZC201        |845.60     |849.80   |863.00   |830.00   |837.00   |842.20    |-8.60     |-3.40     |6,163     |16,061      |-524     |52,815.03    |                       
2021-12-02 |ZC202        |791.60     |805.20   |805.20   |781.00   |783.00   |786.60    |-8.60     |-5.00     |55        |365         |-12      |432.59       |                       
2021-12-02 |ZC203        |730.00     |733.00   |733.00   |719.00   |719.00   |726.20    |-11.00    |-3.80     |32        |758         |-11      |232.39       |                       
2021-12-02 |ZC204        |716.20     |706.20   |706.20   |706.20   |706.20   |706.20    |-10.00    |-10.00    |1         |106         |-1       |7.06         |                       
2021-12-02 |ZC205        |697.40     |709.40   |713.40   |678.00   |679.20   |691.20    |-18.20    |-6.20     |4,290     |16,284      |305      |29,654.64    |                       
2021-12-02 |ZC206        |707.80     |0.00     |0.00     |0.00     |0.00     |698.40    |-9.40     |-9.40     |0         |105         |0        |0.00         |                       
2021-12-02 |ZC207        |719.60     |0.00     |0.00     |0.00     |0.00     |705.80    |-13.80    |-13.80    |0         |180         |0        |0.00         |                       
2021-12-02 |ZC208        |716.00     |0.00     |0.00     |0.00     |0.00     |712.40    |-3.60     |-3.60     |0         |45          |0        |0.00         |                       
2021-12-02 |ZC209        |699.80     |710.00   |710.00   |684.80   |684.80   |695.00    |-15.00    |-4.80     |59        |2,454       |-3       |410.08       |                       
2021-12-02 |ZC210        |711.00     |703.00   |703.00   |703.00   |703.00   |703.00    |-8.00     |-8.00     |2         |328         |-1       |14.06        |                       
2021-12-02 |ZC211        |712.00     |717.40   |719.00   |702.40   |719.00   |713.20    |7.00      |1.20      |7         |19          |1        |49.92        |                       
2021-12-03 |ZC112        |938.00     |0.00     |0.00     |0.00     |0.00     |998.80    |60.80     |60.80     |0         |24          |0        |0.00         |1,003.00               
2021-12-03 |ZC201        |842.20     |833.00   |892.40   |760.00   |853.60   |831.40    |11.40     |-10.80    |23,755    |15,784      |-277     |210,425.14   |                       
2021-12-03 |ZC202        |786.60     |771.60   |812.80   |737.00   |780.20   |782.40    |-6.40     |-4.20     |127       |376         |11       |993.66       |                       
2021-12-03 |ZC203        |726.20     |711.20   |747.00   |699.20   |730.40   |723.40    |4.20      |-2.80     |138       |707         |-51      |998.15       |                       
2021-12-03 |ZC204        |706.20     |672.80   |738.60   |672.80   |738.60   |719.20    |32.40     |13.00     |17        |105         |-1       |122.26       |                       
2021-12-03 |ZC205        |691.20     |675.00   |720.80   |660.00   |708.80   |691.80    |17.60     |0.60      |11,581    |17,739      |1,455    |80,121.38    |                       
2021-12-03 |ZC206        |698.40     |676.00   |728.80   |666.00   |717.00   |703.00    |18.60     |4.60      |15        |106         |1        |105.45       |                       
2021-12-03 |ZC207        |705.80     |671.00   |736.80   |671.00   |722.00   |716.40    |16.20     |10.60     |49        |171         |-9       |351.01       |                       
2021-12-03 |ZC208        |712.40     |701.00   |722.80   |690.00   |722.80   |706.80    |10.40     |-5.60     |4         |45          |0        |28.27        |                       
2021-12-03 |ZC209        |695.00     |683.20   |722.40   |670.20   |705.20   |692.80    |10.20     |-2.20     |334       |2,460       |6        |2,314.14     |                       
2021-12-03 |ZC210        |703.00     |696.00   |727.00   |680.00   |723.40   |698.40    |20.40     |-4.60     |16        |323         |-5       |111.75       |                       
2021-12-03 |ZC211        |713.20     |696.00   |731.00   |696.00   |731.00   |712.00    |17.80     |-1.20     |6         |20          |1        |42.72        |                       
2021-12-06 |ZC112        |998.80     |920.00   |1,040.00 |920.00   |920.00   |1,015.00  |-78.80    |16.20     |24        |0           |-24      |243.60       |1,002.60               
2021-12-06 |ZC201        |831.40     |852.00   |865.00   |815.80   |827.20   |839.80    |-4.20     |8.40      |7,365     |14,240      |-1,544   |61,844.66    |                       
2021-12-06 |ZC202        |782.40     |806.20   |806.20   |758.00   |766.80   |774.20    |-15.60    |-8.20     |27        |373         |-3       |209.03       |                       
2021-12-06 |ZC203        |723.40     |729.60   |731.40   |698.20   |701.60   |718.40    |-21.80    |-5.00     |27        |705         |-2       |193.96       |                       
2021-12-06 |ZC204        |719.20     |732.60   |732.60   |697.60   |702.60   |718.20    |-16.60    |-1.00     |10        |102         |-3       |71.81        |                       
2021-12-06 |ZC205        |691.80     |712.00   |713.00   |668.00   |676.00   |691.00    |-15.80    |-0.80     |9,198     |19,242      |1,503    |63,570.96    |                       
2021-12-06 |ZC206        |703.00     |718.60   |726.60   |687.00   |687.00   |712.80    |-16.00    |9.80      |6         |105         |-1       |42.77        |                       
2021-12-06 |ZC207        |716.40     |714.00   |716.80   |712.20   |712.20   |714.40    |-4.20     |-2.00     |6         |168         |-3       |42.86        |                       
2021-12-06 |ZC208        |706.80     |0.00     |0.00     |0.00     |0.00     |706.80    |0.00      |0.00      |0         |45          |0        |0.00         |                       
2021-12-06 |ZC209        |692.80     |701.00   |705.20   |677.00   |679.00   |689.20    |-13.80    |-3.60     |269       |2,515       |55       |1,854.04     |                       
2021-12-06 |ZC210        |698.40     |702.00   |720.80   |700.00   |700.00   |708.80    |1.60      |10.40     |7         |325         |2        |49.62        |                       
2021-12-06 |ZC211        |712.00     |719.00   |719.00   |708.60   |708.60   |713.80    |-3.40     |1.80      |2         |22          |2        |14.28        |                       
2021-12-07 |ZC112        |1,015.00   |0.00     |0.00     |0.00     |0.00     |1,009.80  |-5.20     |-5.20     |0         |0           |0        |0.00         |1,001.80               
2021-12-07 |ZC201        |839.80     |831.20   |850.20   |815.00   |816.40   |829.80    |-23.40    |-10.00    |5,010     |12,005      |-2,235   |41,574.52    |                       
2021-12-07 |ZC202        |774.20     |759.40   |771.40   |759.20   |763.60   |763.20    |-10.60    |-11.00    |19        |373         |0        |145.02       |                       
2021-12-07 |ZC203        |718.40     |716.00   |718.40   |706.20   |710.40   |712.00    |-8.00     |-6.40     |22        |701         |-4       |156.63       |                       
2021-12-07 |ZC204        |718.20     |0.00     |0.00     |0.00     |0.00     |710.60    |-7.60     |-7.60     |0         |102         |0        |0.00         |                       
2021-12-07 |ZC205        |691.00     |673.00   |698.00   |670.00   |686.60   |687.40    |-4.40     |-3.60     |10,712    |21,258      |2,016    |73,628.36    |                       
2021-12-07 |ZC206        |712.80     |700.20   |700.20   |700.20   |700.20   |700.20    |-12.60    |-12.60    |1         |104         |-1       |7.00         |                       
2021-12-07 |ZC207        |714.40     |714.20   |720.20   |713.60   |720.20   |717.20    |5.80      |2.80      |6         |166         |-2       |43.03        |                       
2021-12-07 |ZC208        |706.80     |694.40   |710.20   |694.40   |710.20   |702.40    |3.40      |-4.40     |2         |44          |-1       |14.05        |                       
2021-12-07 |ZC209        |689.20     |677.00   |698.00   |677.00   |681.60   |689.80    |-7.60     |0.60      |274       |2,529       |14       |1,890.09     |                       
2021-12-07 |ZC210        |708.80     |708.80   |708.80   |703.00   |703.00   |706.00    |-5.80     |-2.80     |2         |326         |1        |14.12        |                       
2021-12-07 |ZC211        |713.80     |709.20   |709.20   |709.20   |709.20   |709.20    |-4.60     |-4.60     |1         |21          |-1       |7.09         |                       
2021-12-08 |ZC201        |829.80     |816.80   |825.80   |801.00   |802.40   |812.60    |-27.40    |-17.20    |3,035     |10,537      |-1,468   |24,661.55    |                       
2021-12-08 |ZC202        |763.20     |769.60   |769.80   |757.00   |757.00   |759.00    |-6.20     |-4.20     |46        |363         |-10      |349.16       |                       
2021-12-08 |ZC203        |712.00     |704.20   |729.80   |700.00   |701.00   |706.20    |-11.00    |-5.80     |16        |702         |1        |113.00       |                       
2021-12-08 |ZC204        |710.60     |690.00   |716.00   |690.00   |701.20   |706.00    |-9.40     |-4.60     |5         |101         |-1       |35.30        |                       
2021-12-08 |ZC205        |687.40     |690.00   |692.00   |666.60   |671.00   |678.60    |-16.40    |-8.80     |10,248    |22,154      |896      |69,551.31    |                       
2021-12-08 |ZC206        |700.20     |0.00     |0.00     |0.00     |0.00     |699.00    |-1.20     |-1.20     |0         |104         |0        |0.00         |                       
2021-12-08 |ZC207        |717.20     |711.80   |711.80   |711.80   |711.80   |711.80    |-5.40     |-5.40     |3         |166         |0        |21.35        |                       
2021-12-08 |ZC208        |702.40     |0.00     |0.00     |0.00     |0.00     |702.40    |0.00      |0.00      |0         |44          |0        |0.00         |                       
2021-12-08 |ZC209        |689.80     |695.60   |695.60   |675.40   |677.20   |682.40    |-12.60    |-7.40     |146       |2,585       |56       |996.36       |                       
2021-12-08 |ZC210        |706.00     |0.00     |0.00     |0.00     |0.00     |703.60    |-2.40     |-2.40     |0         |326         |0        |0.00         |                       
2021-12-08 |ZC211        |709.20     |700.60   |716.40   |700.60   |716.40   |708.60    |7.20      |-0.60     |2         |21          |0        |14.17        |                       
2021-12-08 |ZC212        |709.20     |0.00     |0.00     |0.00     |0.00     |709.20    |0.00      |0.00      |0         |0           |0        |0.00         |                       
2021-12-09 |ZC201        |812.60     |793.80   |809.20   |791.00   |808.00   |805.00    |-4.60     |-7.60     |1,683     |9,599       |-938     |13,546.73    |                       
2021-12-09 |ZC202        |759.00     |757.00   |763.80   |753.80   |754.40   |759.20    |-4.60     |0.20      |22        |372         |9        |167.02       |                       
2021-12-09 |ZC203        |706.20     |698.60   |707.80   |693.20   |702.00   |701.60    |-4.20     |-4.60     |32        |708         |6        |224.50       |                       
2021-12-09 |ZC204        |706.00     |0.00     |0.00     |0.00     |0.00     |704.20    |-1.80     |-1.80     |0         |101         |0        |0.00         |                       
2021-12-09 |ZC205        |678.60     |670.00   |685.00   |662.00   |675.80   |674.80    |-2.80     |-3.80     |6,458     |22,455      |301      |43,572.16    |                       
2021-12-09 |ZC206        |699.00     |0.00     |0.00     |0.00     |0.00     |699.00    |0.00      |0.00      |0         |104         |0        |0.00         |                       
2021-12-09 |ZC207        |711.80     |709.40   |709.40   |700.20   |700.20   |703.20    |-11.60    |-8.60     |3         |165         |-1       |21.10        |                       
2021-12-09 |ZC208        |702.40     |682.20   |710.20   |682.20   |710.20   |696.20    |7.80      |-6.20     |2         |42          |-2       |13.92        |                       
2021-12-09 |ZC209        |682.40     |676.00   |685.80   |670.00   |673.00   |679.00    |-9.40     |-3.40     |134       |2,618       |33       |909.75       |                       
2021-12-09 |ZC210        |703.60     |0.00     |0.00     |0.00     |0.00     |697.80    |-5.80     |-5.80     |0         |326         |0        |0.00         |                       
2021-12-09 |ZC211        |708.60     |0.00     |0.00     |0.00     |0.00     |708.60    |0.00      |0.00      |0         |21          |0        |0.00         |                       
2021-12-09 |ZC212        |709.20     |0.00     |0.00     |0.00     |0.00     |709.20    |0.00      |0.00      |0         |0           |0        |0.00         |                       
2021-12-10 |ZC201        |805.00     |804.20   |833.00   |804.20   |812.20   |817.80    |7.20      |12.80     |2,161     |8,563       |-1,036   |17,673.67    |                       
2021-12-10 |ZC202        |759.20     |761.00   |774.00   |750.20   |756.00   |759.40    |-3.20     |0.20      |31        |362         |-10      |235.39       |                       
2021-12-10 |ZC203        |701.60     |704.80   |714.40   |699.80   |699.80   |707.00    |-1.80     |5.40      |33        |702         |-6       |233.32       |                       
2021-12-10 |ZC204        |704.20     |712.20   |720.00   |700.00   |706.00   |710.60    |1.80      |6.40      |9         |103         |2        |63.95        |                       
2021-12-10 |ZC205        |674.80     |676.00   |697.80   |671.00   |676.80   |685.60    |2.00      |10.80     |11,163    |22,573      |118      |76,541.66    |                       
2021-12-10 |ZC206        |699.00     |0.00     |0.00     |0.00     |0.00     |699.00    |0.00      |0.00      |0         |104         |0        |0.00         |                       
2021-12-10 |ZC207        |703.20     |724.40   |724.40   |710.20   |713.00   |715.80    |9.80      |12.60     |3         |164         |-1       |21.48        |                       
2021-12-10 |ZC208        |696.20     |0.00     |0.00     |0.00     |0.00     |696.20    |0.00      |0.00      |0         |42          |0        |0.00         |                       
2021-12-10 |ZC209        |679.00     |681.20   |694.00   |673.40   |680.40   |684.20    |1.40      |5.20      |181       |2,600       |-18      |1,238.25     |                       
2021-12-10 |ZC210        |697.80     |0.00     |0.00     |0.00     |0.00     |697.80    |0.00      |0.00      |0         |326         |0        |0.00         |                       
2021-12-10 |ZC211        |708.60     |0.00     |0.00     |0.00     |0.00     |708.60    |0.00      |0.00      |0         |21          |0        |0.00         |                       
2021-12-10 |ZC212        |709.20     |715.00   |715.00   |715.00   |715.00   |715.00    |5.80      |5.80      |1         |1           |1        |7.15         |                       
2021-12-13 |ZC201        |817.80     |820.00   |864.40   |812.80   |859.80   |839.60    |42.00     |21.80     |2,800     |7,138       |-1,425   |23,506.79    |                       
2021-12-13 |ZC202        |759.40     |772.00   |785.60   |752.60   |778.40   |770.00    |19.00     |10.60     |65        |354         |-8       |500.52       |                       
2021-12-13 |ZC203        |707.00     |700.00   |732.00   |695.00   |730.80   |714.80    |23.80     |7.80      |60        |703         |1        |428.88       |                       
2021-12-13 |ZC204        |710.60     |707.60   |734.80   |707.60   |734.80   |723.20    |24.20     |12.60     |13        |107         |4        |94.03        |                       
2021-12-13 |ZC205        |685.60     |677.00   |736.00   |675.00   |727.20   |707.60    |41.60     |22.00     |17,922    |22,158      |-415     |126,806.72   |                       
2021-12-13 |ZC206        |699.00     |684.00   |740.40   |684.00   |740.40   |721.00    |41.40     |22.00     |8         |105         |1        |57.68        |                       
2021-12-13 |ZC207        |715.80     |710.00   |750.20   |710.00   |742.80   |734.40    |27.00     |18.60     |45        |137         |-27      |330.44       |                       
2021-12-13 |ZC208        |696.20     |724.40   |730.00   |724.40   |730.00   |727.20    |33.80     |31.00     |2         |41          |-1       |14.54        |                       
2021-12-13 |ZC209        |684.20     |673.80   |719.00   |673.80   |712.00   |699.40    |27.80     |15.20     |348       |2,493       |-107     |2,433.90     |                       
2021-12-13 |ZC210        |697.80     |703.40   |723.00   |703.40   |722.80   |719.00    |25.00     |21.20     |10        |324         |-2       |71.89        |                       
2021-12-13 |ZC211        |708.60     |734.80   |742.00   |711.80   |734.20   |727.00    |25.60     |18.40     |15        |16          |-5       |109.06       |                       
2021-12-13 |ZC212        |715.00     |729.40   |746.00   |718.40   |718.40   |734.20    |3.40      |19.20     |5         |3           |2        |36.71        |                       
2021-12-14 |ZC201        |839.60     |850.20   |859.00   |840.00   |855.40   |849.60    |15.80     |10.00     |1,387     |6,442       |-696     |11,784.19    |                       
2021-12-14 |ZC202        |770.00     |788.60   |788.60   |765.60   |771.00   |774.60    |1.00      |4.60      |15        |353         |-1       |116.20       |                       
2021-12-14 |ZC203        |714.80     |724.00   |724.00   |714.20   |716.80   |721.20    |2.00      |6.40      |7         |703         |0        |50.49        |                       
2021-12-14 |ZC204        |723.20     |0.00     |0.00     |0.00     |0.00     |723.20    |0.00      |0.00      |0         |107         |0        |0.00         |                       
2021-12-14 |ZC205        |707.60     |721.60   |730.60   |706.00   |712.00   |717.40    |4.40      |9.80      |8,452     |22,478      |320      |60,632.42    |                       
2021-12-14 |ZC206        |721.00     |721.00   |721.00   |716.20   |716.20   |718.60    |-4.80     |-2.40     |2         |103         |-2       |14.37        |                       
2021-12-14 |ZC207        |734.40     |736.20   |736.20   |729.20   |729.20   |732.80    |-5.20     |-1.60     |2         |136         |-1       |14.65        |                       
2021-12-14 |ZC208        |727.20     |743.00   |743.00   |728.60   |728.60   |735.80    |1.40      |8.60      |2         |41          |0        |14.72        |                       
2021-12-14 |ZC209        |699.40     |704.60   |713.00   |701.00   |702.80   |706.20    |3.40      |6.80      |125       |2,491       |-2       |882.81       |                       
2021-12-14 |ZC210        |719.00     |709.00   |709.00   |709.00   |709.00   |709.00    |-10.00    |-10.00    |2         |323         |-1       |14.18        |                       
2021-12-14 |ZC211        |727.00     |0.00     |0.00     |0.00     |0.00     |727.00    |0.00      |0.00      |0         |16          |0        |0.00         |                       
2021-12-14 |ZC212        |734.20     |0.00     |0.00     |0.00     |0.00     |734.20    |0.00      |0.00      |0         |3           |0        |0.00         |                       
2021-12-15 |ZC201        |849.60     |850.20   |869.00   |850.20   |854.20   |857.80    |4.60      |8.20      |1,276     |5,735       |-707     |10,944.40    |                       
2021-12-15 |ZC202        |774.60     |774.60   |778.00   |761.00   |761.00   |768.40    |-13.60    |-6.20     |8         |353         |0        |61.48        |                       
2021-12-15 |ZC203        |721.20     |725.60   |725.60   |714.80   |714.80   |721.20    |-6.40     |0.00      |10        |704         |1        |72.12        |                       
2021-12-15 |ZC204        |723.20     |0.00     |0.00     |0.00     |0.00     |723.20    |0.00      |0.00      |0         |107         |0        |0.00         |                       
2021-12-15 |ZC205        |717.40     |710.60   |725.00   |705.00   |713.20   |715.80    |-4.20     |-1.60     |7,160     |22,876      |398      |51,249.81    |                       
2021-12-15 |ZC206        |718.60     |0.00     |0.00     |0.00     |0.00     |718.60    |0.00      |0.00      |0         |103         |0        |0.00         |                       
2021-12-15 |ZC207        |732.80     |733.60   |734.80   |717.40   |734.40   |727.40    |1.60      |-5.40     |11        |130         |-6       |80.00        |                       
2021-12-15 |ZC208        |735.80     |733.20   |733.40   |717.00   |733.40   |726.60    |-2.40     |-9.20     |11        |40          |-1       |79.92        |                       
2021-12-15 |ZC209        |706.20     |701.20   |710.80   |701.20   |704.20   |705.80    |-2.00     |-0.40     |90        |2,503       |12       |635.24       |                       
2021-12-15 |ZC210        |709.00     |711.00   |711.00   |711.00   |711.00   |711.00    |2.00      |2.00      |1         |322         |-1       |7.11         |                       
2021-12-15 |ZC211        |727.00     |0.00     |0.00     |0.00     |0.00     |727.00    |0.00      |0.00      |0         |16          |0        |0.00         |                       
2021-12-15 |ZC212        |734.20     |0.00     |0.00     |0.00     |0.00     |734.20    |0.00      |0.00      |0         |3           |0        |0.00         |                       
2021-12-16 |ZC201        |857.80     |849.60   |880.00   |846.40   |876.60   |866.00    |18.80     |8.20      |1,293     |5,320       |-415     |11,197.47    |                       
2021-12-16 |ZC202        |768.40     |769.60   |778.60   |765.60   |777.60   |774.40    |9.20      |6.00      |18        |363         |10       |139.38       |                       
2021-12-16 |ZC203        |721.20     |700.20   |722.60   |700.20   |722.60   |711.40    |1.40      |-9.80     |19        |705         |1        |135.16       |                       
2021-12-16 |ZC204        |723.20     |714.00   |724.80   |712.80   |712.80   |718.20    |-10.40    |-5.00     |4         |106         |-1       |28.73        |                       
2021-12-16 |ZC205        |715.80     |713.20   |723.00   |681.60   |722.40   |708.40    |6.60      |-7.40     |10,495    |23,024      |148      |74,337.99    |                       
2021-12-16 |ZC206        |718.60     |0.00     |0.00     |0.00     |0.00     |718.60    |0.00      |0.00      |0         |103         |0        |0.00         |                       
2021-12-16 |ZC207        |727.40     |726.40   |728.20   |720.00   |722.00   |726.40    |-5.40     |-1.00     |10        |131         |1        |72.64        |                       
2021-12-16 |ZC208        |726.60     |726.00   |726.00   |726.00   |726.00   |726.00    |-0.60     |-0.60     |1         |40          |0        |7.26         |                       
2021-12-16 |ZC209        |705.80     |705.00   |717.80   |681.00   |717.80   |706.20    |12.00     |0.40      |248       |2,506       |3        |1,751.46     |                       
2021-12-16 |ZC210        |711.00     |715.00   |725.00   |715.00   |725.00   |721.40    |14.00     |10.40     |3         |320         |-2       |21.64        |                       
2021-12-16 |ZC211        |727.00     |732.00   |732.00   |732.00   |732.00   |732.00    |5.00      |5.00      |2         |17          |1        |14.64        |                       
2021-12-16 |ZC212        |734.20     |714.00   |714.00   |714.00   |714.00   |714.00    |-20.20    |-20.20    |1         |4           |1        |7.14         |                       
2021-12-17 |ZC201        |866.00     |877.00   |891.80   |871.00   |886.00   |886.60    |20.00     |20.60     |1,199     |4,859       |-461     |10,630.77    |                       
2021-12-17 |ZC202        |774.40     |783.00   |790.40   |776.20   |777.00   |784.20    |2.60      |9.80      |24        |357         |-6       |188.22       |                       
2021-12-17 |ZC203        |711.40     |726.20   |740.00   |723.60   |725.80   |733.80    |14.40     |22.40     |58        |703         |-2       |425.58       |                       
2021-12-17 |ZC204        |718.20     |740.00   |741.00   |734.80   |741.00   |739.00    |22.80     |20.80     |11        |109         |3        |81.28        |                       
2021-12-17 |ZC205        |708.40     |723.00   |756.60   |722.60   |740.60   |740.00    |32.20     |31.60     |17,846    |24,262      |1,238    |132,044.31   |                       
2021-12-17 |ZC206        |718.60     |744.00   |746.40   |744.00   |744.80   |745.20    |26.20     |26.60     |6         |106         |3        |44.72        |                       
2021-12-17 |ZC207        |726.40     |775.00   |775.00   |737.20   |745.20   |749.40    |18.80     |23.00     |17        |124         |-7       |127.39       |                       
2021-12-17 |ZC208        |726.00     |0.00     |0.00     |0.00     |0.00     |726.00    |0.00      |0.00      |0         |40          |0        |0.00         |                       
2021-12-17 |ZC209        |706.20     |707.20   |741.00   |701.00   |728.80   |730.00    |22.60     |23.80     |522       |2,262       |-244     |3,810.53     |                       
2021-12-17 |ZC210        |721.40     |732.80   |747.60   |729.40   |743.60   |736.20    |22.20     |14.80     |34        |294         |-26      |250.34       |                       
2021-12-17 |ZC211        |732.00     |736.40   |747.00   |736.40   |745.60   |743.00    |13.60     |11.00     |3         |16          |-1       |22.29        |                       
2021-12-17 |ZC212        |714.00     |743.40   |743.40   |743.40   |743.40   |743.40    |29.40     |29.40     |1         |3           |-1       |7.43         |                       
2021-12-20 |ZC201        |886.60     |892.80   |896.00   |872.20   |872.40   |884.00    |-14.20    |-2.60     |1,003     |4,257       |-602     |8,866.56     |                       
2021-12-20 |ZC202        |784.20     |794.00   |794.00   |765.00   |765.00   |779.00    |-19.20    |-5.20     |8         |356         |-1       |62.32        |                       
2021-12-20 |ZC203        |733.80     |739.20   |750.00   |712.00   |718.00   |727.20    |-15.80    |-6.60     |39        |693         |-10      |283.63       |                       
2021-12-20 |ZC204        |739.00     |731.00   |731.00   |725.40   |725.40   |728.20    |-13.60    |-10.80    |2         |110         |1        |14.56        |                       
2021-12-20 |ZC205        |740.00     |742.20   |750.00   |708.00   |709.80   |729.40    |-30.20    |-10.60    |13,400    |23,739      |-523     |97,728.35    |                       
2021-12-20 |ZC206        |745.20     |757.40   |757.40   |757.40   |757.40   |757.40    |12.20     |12.20     |1         |106         |0        |7.57         |                       
2021-12-20 |ZC207        |749.40     |742.00   |761.40   |726.00   |726.00   |745.60    |-23.40    |-3.80     |23        |121         |-3       |171.48       |                       
2021-12-20 |ZC208        |726.00     |737.00   |737.00   |729.00   |735.00   |731.40    |9.00      |5.40      |9         |42          |2        |65.82        |                       
2021-12-20 |ZC209        |730.00     |722.40   |737.00   |702.00   |702.00   |718.60    |-28.00    |-11.40    |325       |2,353       |91       |2,335.51     |                       
2021-12-20 |ZC210        |736.20     |732.40   |745.00   |708.20   |715.00   |727.40    |-21.20    |-8.80     |15        |287         |-7       |109.12       |                       
2021-12-20 |ZC211        |743.00     |757.60   |759.00   |716.60   |716.60   |739.20    |-26.40    |-3.80     |12        |18          |2        |88.70        |                       
2021-12-20 |ZC212        |743.40     |740.00   |740.00   |740.00   |740.00   |740.00    |-3.40     |-3.40     |4         |7           |4        |29.60        |                       
2021-12-21 |ZC201        |884.00     |877.60   |879.40   |840.00   |840.00   |856.20    |-44.00    |-27.80    |754       |3,968       |-289     |6,456.00     |                       
2021-12-21 |ZC202        |779.00     |764.60   |776.20   |758.00   |776.20   |768.20    |-2.80     |-10.80    |21        |347         |-9       |161.34       |                       
2021-12-21 |ZC203        |727.20     |725.00   |725.00   |705.60   |714.60   |714.40    |-12.60    |-12.80    |13        |694         |1        |92.86        |                       
2021-12-21 |ZC204        |728.20     |728.00   |728.00   |728.00   |728.00   |728.00    |-0.20     |-0.20     |1         |110         |0        |7.28         |                       
2021-12-21 |ZC205        |729.40     |709.80   |721.80   |702.00   |707.20   |711.60    |-22.20    |-17.80    |8,461     |24,841      |1,102    |60,208.96    |                       
2021-12-21 |ZC206        |757.40     |725.20   |725.20   |714.20   |714.20   |719.80    |-43.20    |-37.60    |2         |107         |1        |14.39        |                       
2021-12-21 |ZC207        |745.60     |722.40   |722.40   |722.40   |722.40   |722.40    |-23.20    |-23.20    |2         |120         |-1       |14.45        |                       
2021-12-21 |ZC208        |731.40     |727.60   |727.60   |727.60   |727.60   |727.60    |-3.80     |-3.80     |1         |41          |-1       |7.28         |                       
2021-12-21 |ZC209        |718.60     |709.00   |714.20   |697.00   |705.00   |702.80    |-13.60    |-15.80    |173       |2,413       |60       |1,215.98     |                       
2021-12-21 |ZC210        |727.40     |708.60   |728.60   |708.60   |711.00   |716.00    |-16.40    |-11.40    |3         |286         |-1       |21.48        |                       
2021-12-21 |ZC211        |739.20     |740.60   |740.60   |716.60   |716.60   |730.20    |-22.60    |-9.00     |6         |19          |1        |43.81        |                       
2021-12-21 |ZC212        |740.00     |749.00   |749.00   |733.00   |746.20   |743.40    |6.20      |3.40      |4         |8           |1        |29.73        |                       
2021-12-22 |ZC201        |856.20     |824.00   |858.00   |824.00   |838.80   |841.00    |-17.40    |-15.20    |539       |3,708       |-260     |4,533.33     |                       
2021-12-22 |ZC202        |768.20     |764.80   |772.20   |760.20   |761.00   |763.40    |-7.20     |-4.80     |14        |340         |-7       |106.88       |                       
2021-12-22 |ZC203        |714.40     |700.20   |715.80   |700.20   |707.60   |706.80    |-6.80     |-7.60     |16        |691         |-3       |113.08       |                       
2021-12-22 |ZC204        |728.00     |704.80   |724.80   |703.00   |721.40   |710.80    |-6.60     |-17.20    |24        |110         |0        |170.59       |                       
2021-12-22 |ZC205        |711.60     |695.60   |710.80   |685.00   |699.60   |699.40    |-12.00    |-12.20    |10,325    |25,733      |892      |72,219.90    |                       
2021-12-22 |ZC206        |719.80     |0.00     |0.00     |0.00     |0.00     |716.60    |-3.20     |-3.20     |0         |107         |0        |0.00         |                       
2021-12-22 |ZC207        |722.40     |721.80   |725.40   |720.80   |723.20   |723.00    |0.80      |0.60      |8         |119         |-1       |57.84        |                       
2021-12-22 |ZC208        |727.60     |718.80   |726.80   |718.80   |726.00   |724.00    |-1.60     |-3.60     |7         |36          |-5       |50.68        |                       
2021-12-22 |ZC209        |702.80     |701.00   |705.00   |690.00   |697.00   |696.20    |-5.80     |-6.60     |158       |2,505       |92       |1,100.06     |                       
2021-12-22 |ZC210        |716.00     |707.00   |715.80   |706.20   |706.20   |708.80    |-9.80     |-7.20     |4         |286         |0        |28.35        |                       
2021-12-22 |ZC211        |730.20     |0.00     |0.00     |0.00     |0.00     |727.80    |-2.40     |-2.40     |0         |19          |0        |0.00         |                       
2021-12-22 |ZC212        |743.40     |741.00   |741.00   |741.00   |741.00   |741.00    |-2.40     |-2.40     |2         |10          |2        |14.82        |                       
2021-12-23 |ZC201        |841.00     |836.80   |849.00   |830.40   |842.40   |839.20    |1.40      |-1.80     |477       |3,438       |-270     |4,002.61     |                       
2021-12-23 |ZC202        |763.40     |759.20   |765.40   |755.60   |757.20   |759.00    |-6.20     |-4.40     |18        |340         |0        |136.62       |                       
2021-12-23 |ZC203        |706.80     |706.00   |709.00   |704.00   |709.00   |707.00    |2.20      |0.20      |19        |690         |-1       |134.33       |                       
2021-12-23 |ZC204        |710.80     |710.80   |710.80   |703.60   |703.60   |707.00    |-7.20     |-3.80     |12        |110         |0        |84.85        |                       
2021-12-23 |ZC205        |699.40     |700.00   |706.80   |695.00   |702.60   |701.00    |3.20      |1.60      |5,452     |25,829      |96       |38,218.63    |                       
2021-12-23 |ZC206        |716.60     |0.00     |0.00     |0.00     |0.00     |716.60    |0.00      |0.00      |0         |107         |0        |0.00         |                       
2021-12-23 |ZC207        |723.00     |0.00     |0.00     |0.00     |0.00     |723.00    |0.00      |0.00      |0         |119         |0        |0.00         |                       
2021-12-23 |ZC208        |724.00     |0.00     |0.00     |0.00     |0.00     |724.00    |0.00      |0.00      |0         |36          |0        |0.00         |                       
2021-12-23 |ZC209        |696.20     |691.00   |703.20   |691.00   |696.80   |698.60    |0.60      |2.40      |43        |2,509       |4        |300.44       |                       
2021-12-23 |ZC210        |708.80     |715.60   |715.60   |712.00   |712.00   |713.40    |3.20      |4.60      |4         |286         |0        |28.54        |                       
2021-12-23 |ZC211        |727.80     |0.00     |0.00     |0.00     |0.00     |727.80    |0.00      |0.00      |0         |19          |0        |0.00         |                       
2021-12-23 |ZC212        |741.00     |0.00     |0.00     |0.00     |0.00     |741.00    |0.00      |0.00      |0         |10          |0        |0.00         |                       
2021-12-24 |ZC201        |839.20     |832.40   |855.00   |830.00   |832.40   |836.00    |-6.80     |-3.20     |544       |3,185       |-253     |4,547.83     |                       
2021-12-24 |ZC202        |759.00     |760.00   |766.80   |760.00   |763.00   |762.00    |4.00      |3.00      |17        |330         |-10      |129.53       |                       
2021-12-24 |ZC203        |707.00     |710.00   |710.80   |701.00   |701.20   |705.00    |-5.80     |-2.00     |15        |689         |-1       |105.74       |                       
2021-12-24 |ZC204        |707.00     |710.00   |713.00   |701.40   |705.00   |705.80    |-2.00     |-1.20     |18        |108         |-2       |127.03       |                       
2021-12-24 |ZC205        |701.00     |696.00   |717.40   |696.00   |707.80   |708.20    |6.80      |7.20      |8,310     |26,155      |326      |58,844.24    |                       
2021-12-24 |ZC206        |716.60     |0.00     |0.00     |0.00     |0.00     |716.60    |0.00      |0.00      |0         |107         |0        |0.00         |                       
2021-12-24 |ZC207        |723.00     |723.00   |723.40   |723.00   |723.40   |723.20    |0.40      |0.20      |4         |117         |-2       |28.93        |                       
2021-12-24 |ZC208        |724.00     |0.00     |0.00     |0.00     |0.00     |724.00    |0.00      |0.00      |0         |36          |0        |0.00         |                       
2021-12-24 |ZC209        |698.60     |704.80   |712.40   |696.00   |704.60   |704.40    |6.00      |5.80      |160       |2,559       |50       |1,127.08     |                       
2021-12-24 |ZC210        |713.40     |713.20   |725.80   |708.20   |708.20   |713.80    |-5.20     |0.40      |5         |285         |-1       |35.69        |                       
2021-12-24 |ZC211        |727.80     |0.00     |0.00     |0.00     |0.00     |727.80    |0.00      |0.00      |0         |19          |0        |0.00         |                       
2021-12-24 |ZC212        |741.00     |0.00     |0.00     |0.00     |0.00     |741.00    |0.00      |0.00      |0         |10          |0        |0.00         |                       
2021-12-27 |ZC201        |836.00     |829.20   |833.80   |818.00   |819.80   |827.60    |-16.20    |-8.40     |954       |2,807       |-378     |7,895.22     |                       
2021-12-27 |ZC202        |762.00     |762.20   |772.00   |760.00   |760.00   |762.80    |-2.00     |0.80      |22        |321         |-9       |167.83       |                       
2021-12-27 |ZC203        |705.00     |708.00   |708.00   |684.80   |685.00   |693.80    |-20.00    |-11.20    |56        |687         |-2       |388.58       |                       
2021-12-27 |ZC204        |705.80     |701.40   |702.00   |688.00   |688.80   |696.60    |-17.00    |-9.20     |28        |122         |14       |195.05       |                       
2021-12-27 |ZC205        |708.20     |708.00   |715.00   |686.00   |689.20   |698.40    |-19.00    |-9.80     |10,551    |26,709      |554      |73,684.60    |                       
2021-12-27 |ZC206        |716.60     |0.00     |0.00     |0.00     |0.00     |706.40    |-10.20    |-10.20    |0         |107         |0        |0.00         |                       
2021-12-27 |ZC207        |723.20     |713.20   |713.20   |711.40   |711.40   |712.60    |-11.80    |-10.60    |7         |117         |0        |49.88        |                       
2021-12-27 |ZC208        |724.00     |0.00     |0.00     |0.00     |0.00     |722.80    |-1.20     |-1.20     |0         |36          |0        |0.00         |                       
2021-12-27 |ZC209        |704.40     |707.40   |709.20   |691.60   |692.00   |698.60    |-12.40    |-5.80     |207       |2,644       |85       |1,445.94     |                       
2021-12-27 |ZC210        |713.80     |721.40   |721.40   |703.20   |703.20   |706.40    |-10.60    |-7.40     |7         |286         |1        |49.45        |                       
2021-12-27 |ZC211        |727.80     |737.20   |738.80   |718.80   |718.80   |734.00    |-9.00     |6.20      |11        |27          |8        |80.75        |                       
2021-12-27 |ZC212        |741.00     |725.00   |725.00   |725.00   |725.00   |725.00    |-16.00    |-16.00    |1         |11          |1        |7.25         |                       
2021-12-28 |ZC201        |827.60     |815.00   |817.60   |801.00   |801.00   |806.80    |-26.60    |-20.80    |728       |2,424       |-383     |5,873.72     |                       
2021-12-28 |ZC202        |762.80     |747.60   |747.60   |714.60   |720.00   |732.00    |-42.80    |-30.80    |69        |340         |19       |505.11       |                       
2021-12-28 |ZC203        |693.80     |688.20   |688.20   |670.40   |670.40   |678.20    |-23.40    |-15.60    |51        |682         |-5       |345.92       |                       
2021-12-28 |ZC204        |696.60     |689.00   |689.00   |675.00   |676.40   |682.40    |-20.20    |-14.20    |32        |103         |-19      |218.37       |                       
2021-12-28 |ZC205        |698.40     |689.20   |699.00   |671.00   |674.00   |681.80    |-24.40    |-16.60    |10,255    |28,248      |1,539    |69,909.12    |                       
2021-12-28 |ZC206        |706.40     |710.20   |710.20   |710.20   |710.20   |710.20    |3.80      |3.80      |1         |106         |-1       |7.10         |                       
2021-12-28 |ZC207        |712.60     |708.00   |708.00   |705.40   |706.20   |706.60    |-6.40     |-6.00     |8         |116         |-1       |56.53        |                       
2021-12-28 |ZC208        |722.80     |0.00     |0.00     |0.00     |0.00     |716.60    |-6.20     |-6.20     |0         |36          |0        |0.00         |                       
2021-12-28 |ZC209        |698.60     |690.40   |704.20   |680.60   |680.60   |686.80    |-18.00    |-11.80    |334       |2,730       |86       |2,293.57     |                       
2021-12-28 |ZC210        |706.40     |701.80   |703.20   |700.00   |700.00   |701.20    |-6.40     |-5.20     |4         |286         |0        |28.05        |                       
2021-12-28 |ZC211        |734.00     |0.00     |0.00     |0.00     |0.00     |715.20    |-18.80    |-18.80    |0         |27          |0        |0.00         |                       
2021-12-28 |ZC212        |725.00     |0.00     |0.00     |0.00     |0.00     |725.00    |0.00      |0.00      |0         |11          |0        |0.00         |                       
2021-12-29 |ZC201        |806.80     |800.00   |806.00   |786.20   |788.60   |791.80    |-18.20    |-15.00    |767       |1,909       |-515     |6,073.53     |                       
2021-12-29 |ZC202        |732.00     |712.20   |724.80   |698.00   |708.00   |710.00    |-24.00    |-22.00    |56        |336         |-4       |397.55       |                       
2021-12-29 |ZC203        |678.20     |671.60   |680.00   |670.60   |672.00   |673.40    |-6.20     |-4.80     |10        |682         |0        |67.34        |                       
2021-12-29 |ZC204        |682.40     |677.40   |677.40   |677.40   |677.40   |677.40    |-5.00     |-5.00     |1         |103         |0        |6.77         |                       
2021-12-29 |ZC205        |681.80     |674.00   |689.00   |672.00   |681.60   |679.80    |-0.20     |-2.00     |6,085     |28,632      |384      |41,368.55    |                       
2021-12-29 |ZC206        |710.20     |685.00   |685.00   |685.00   |685.00   |685.00    |-25.20    |-25.20    |1         |107         |1        |6.85         |                       
2021-12-29 |ZC207        |706.60     |704.60   |704.60   |703.80   |703.80   |704.20    |-2.80     |-2.40     |2         |115         |-1       |14.08        |                       
2021-12-29 |ZC208        |716.60     |703.80   |703.80   |703.80   |703.80   |703.80    |-12.80    |-12.80    |3         |33          |-3       |21.11        |                       
2021-12-29 |ZC209        |686.80     |685.00   |691.00   |677.80   |683.20   |684.00    |-3.60     |-2.80     |124       |2,706       |-24      |848.14       |                       
2021-12-29 |ZC210        |701.20     |705.00   |707.60   |694.60   |707.60   |704.60    |6.40      |3.40      |6         |290         |4        |42.27        |                       
2021-12-29 |ZC211        |715.20     |0.00     |0.00     |0.00     |0.00     |715.20    |0.00      |0.00      |0         |27          |0        |0.00         |                       
2021-12-29 |ZC212        |725.00     |700.20   |730.00   |700.20   |730.00   |715.20    |5.00      |-9.80     |2         |13          |2        |14.30        |                       
2021-12-30 |ZC201        |791.80     |779.60   |786.00   |770.80   |771.00   |776.80    |-20.80    |-15.00    |783       |1,274       |-635     |6,082.37     |                       
2021-12-30 |ZC202        |710.00     |716.80   |716.80   |677.60   |690.00   |699.40    |-20.00    |-10.60    |61        |320         |-16      |426.63       |                       
2021-12-30 |ZC203        |673.40     |670.20   |674.80   |666.40   |669.80   |669.60    |-3.60     |-3.80     |22        |679         |-3       |147.30       |                       
2021-12-30 |ZC204        |677.40     |679.60   |679.60   |679.60   |679.60   |679.60    |2.20      |2.20      |1         |103         |0        |6.80         |                       
2021-12-30 |ZC205        |679.80     |674.20   |685.00   |673.00   |678.20   |678.20    |-1.60     |-1.60     |5,060     |28,721      |89       |34,314.10    |                       
2021-12-30 |ZC206        |685.00     |0.00     |0.00     |0.00     |0.00     |685.00    |0.00      |0.00      |0         |107         |0        |0.00         |                       
2021-12-30 |ZC207        |704.20     |706.00   |706.00   |690.60   |690.60   |699.60    |-13.60    |-4.60     |3         |114         |-1       |20.99        |                       
2021-12-30 |ZC208        |703.80     |703.00   |703.00   |703.00   |703.00   |703.00    |-0.80     |-0.80     |1         |33          |0        |7.03         |                       
2021-12-30 |ZC209        |684.00     |676.00   |687.20   |675.00   |678.20   |681.20    |-5.80     |-2.80     |127       |2,738       |32       |865.14       |                       
2021-12-30 |ZC210        |704.60     |0.00     |0.00     |0.00     |0.00     |704.40    |-0.20     |-0.20     |0         |290         |0        |0.00         |                       
2021-12-30 |ZC211        |715.20     |697.80   |715.20   |697.80   |700.20   |702.80    |-15.00    |-12.40    |4         |28          |1        |28.11        |                       
2021-12-30 |ZC212        |715.20     |0.00     |0.00     |0.00     |0.00     |715.20    |0.00      |0.00      |0         |13          |0        |0.00         |                       
2021-12-31 |ZC201        |776.80     |761.20   |776.40   |699.00   |699.00   |717.40    |-77.80    |-59.40    |1,548     |264         |-1,010   |11,104.95    |                       
2021-12-31 |ZC202        |699.40     |677.40   |680.60   |653.40   |675.20   |662.00    |-24.20    |-37.40    |97        |320         |0        |647.65       |                       
2021-12-31 |ZC203        |669.60     |664.20   |669.00   |640.00   |648.60   |651.60    |-21.00    |-18.00    |73        |690         |11       |475.70       |                       
2021-12-31 |ZC204        |679.60     |684.80   |684.80   |651.40   |666.40   |663.00    |-13.20    |-16.60    |29        |100         |-3       |192.28       |                       
2021-12-31 |ZC205        |678.20     |677.00   |680.20   |660.40   |672.20   |671.00    |-6.00     |-7.20     |10,991    |28,791      |70       |73,745.19    |                       
2021-12-31 |ZC206        |685.00     |682.20   |682.20   |669.00   |680.60   |679.40    |-4.40     |-5.60     |7         |109         |2        |47.56        |                       
2021-12-31 |ZC207        |699.60     |686.20   |686.20   |686.20   |686.20   |686.20    |-13.40    |-13.40    |2         |114         |0        |13.72        |                       
2021-12-31 |ZC208        |703.00     |681.00   |681.00   |681.00   |681.00   |681.00    |-22.00    |-22.00    |2         |34          |1        |13.62        |                       
2021-12-31 |ZC209        |681.20     |680.80   |684.00   |662.40   |679.80   |672.80    |-1.40     |-8.40     |399       |2,783       |45       |2,684.82     |                       
2021-12-31 |ZC210        |704.40     |685.20   |703.20   |685.20   |696.00   |689.60    |-8.40     |-14.80    |8         |293         |3        |55.17        |                       
2021-12-31 |ZC211        |702.80     |693.20   |706.40   |682.60   |685.60   |690.80    |-17.20    |-12.00    |15        |23          |-5       |103.63       |                       
2021-12-31 |ZC212        |715.20     |701.60   |701.60   |701.60   |701.60   |701.60    |-13.60    |-13.60    |1         |13          |0        |7.02         |                       
