					ZCE Futures Historical Data(2026OI)
Date       |Contract Code|Pre Settle|Open     |High     |Low      |Close    |Settle|Chg 1   |Chg 2   |Volume (lot)|O.I.|OI Change|Turnover (RMB 10,000)|Final Settle
2026-01-05 |OI601        |9,687.00   |9,687.00 |9,858.00 |9,484.00 |9,736.00 |9,694.00  |49.00     |7.00      |574       |3,963       |-1,727   |5,564.34     |9,367.00               
2026-01-05 |OI603        |9,418.00   |9,390.00 |9,542.00 |9,227.00 |9,333.00 |9,349.00  |-85.00    |-69.00    |42,169    |76,411      |3,148    |394,255.57   |                       
2026-01-05 |OI605        |9,091.00   |9,087.00 |9,255.00 |8,960.00 |9,044.00 |9,078.00  |-47.00    |-13.00    |269,126   |204,941     |5,503    |2,443,042.53 |                       
2026-01-05 |OI607        |9,072.00   |9,105.00 |9,230.00 |8,961.00 |9,044.00 |9,072.00  |-28.00    |0.00      |774       |995         |-8       |7,021.76     |                       
2026-01-05 |OI609        |9,022.00   |9,039.00 |9,147.00 |8,934.00 |9,009.00 |9,022.00  |-13.00    |0.00      |2,791     |5,783       |292      |25,181.49    |                       
2026-01-05 |OI611        |8,985.00   |9,083.00 |9,085.00 |8,943.00 |8,948.00 |9,019.00  |-37.00    |34.00     |28        |125         |-2       |252.54       |                       
2026-01-06 |OI601        |9,694.00   |9,790.00 |9,801.00 |9,707.00 |9,707.00 |9,747.00  |13.00     |53.00     |830       |2,925       |-1,038   |8,089.71     |9,440.00               
2026-01-06 |OI603        |9,349.00   |9,345.00 |9,460.00 |9,343.00 |9,423.00 |9,410.00  |74.00     |61.00     |36,445    |81,064      |4,653    |342,943.56   |                       
2026-01-06 |OI605        |9,078.00   |9,062.00 |9,145.00 |9,057.00 |9,130.00 |9,108.00  |52.00     |30.00     |217,067   |220,345     |15,404   |1,977,041.87 |                       
2026-01-06 |OI607        |9,072.00   |9,051.00 |9,130.00 |9,051.00 |9,117.00 |9,086.00  |45.00     |14.00     |379       |978         |-17      |3,443.78     |                       
2026-01-06 |OI609        |9,022.00   |9,031.00 |9,089.00 |9,017.00 |9,078.00 |9,053.00  |56.00     |31.00     |2,183     |5,862       |79       |19,763.52    |                       
2026-01-06 |OI611        |9,019.00   |9,004.00 |9,072.00 |8,984.00 |9,050.00 |9,018.00  |31.00     |-1.00     |32        |124         |-1       |288.56       |                       
2026-01-07 |OI601        |9,747.00   |9,685.00 |9,685.00 |9,638.00 |9,667.00 |9,662.00  |-80.00    |-85.00    |1,041     |1,884       |-1,041   |10,058.29    |9,510.00               
2026-01-07 |OI603        |9,410.00   |9,365.00 |9,407.00 |9,252.00 |9,369.00 |9,330.00  |-41.00    |-80.00    |44,902    |80,149      |-915     |418,915.21   |                       
2026-01-07 |OI605        |9,108.00   |9,074.00 |9,130.00 |9,013.00 |9,095.00 |9,073.00  |-13.00    |-35.00    |289,824   |228,469     |8,124    |2,629,676.83 |                       
2026-01-07 |OI607        |9,086.00   |9,106.00 |9,125.00 |9,026.00 |9,095.00 |9,071.00  |9.00      |-15.00    |1,032     |1,083       |105      |9,361.75     |                       
2026-01-07 |OI609        |9,053.00   |9,069.00 |9,091.00 |9,005.00 |9,081.00 |9,049.00  |28.00     |-4.00     |4,179     |6,031       |169      |37,815.09    |                       
2026-01-07 |OI611        |9,018.00   |9,035.00 |9,050.00 |8,988.00 |9,038.00 |9,019.00  |20.00     |1.00      |43        |129         |5        |387.80       |                       
2026-01-08 |OI601        |9,662.00   |10,249.00|10,250.00|9,570.00 |9,570.00 |9,603.00  |-92.00    |-59.00    |244       |1,651       |-233     |2,343.20     |9,565.00               
2026-01-08 |OI603        |9,330.00   |9,395.00 |9,424.00 |9,173.00 |9,243.00 |9,288.00  |-87.00    |-42.00    |37,408    |85,439      |5,290    |347,428.43   |                       
2026-01-08 |OI605        |9,073.00   |9,116.00 |9,135.00 |8,897.00 |8,956.00 |9,009.00  |-117.00   |-64.00    |309,993   |248,582     |20,113   |2,792,678.41 |                       
2026-01-08 |OI607        |9,071.00   |9,117.00 |9,132.00 |8,911.00 |8,960.00 |9,027.00  |-111.00   |-44.00    |798       |993         |-90      |7,203.72     |                       
2026-01-08 |OI609        |9,049.00   |9,081.00 |9,112.00 |8,898.00 |8,943.00 |8,983.00  |-106.00   |-66.00    |6,208     |7,008       |977      |55,765.68    |                       
2026-01-08 |OI611        |9,019.00   |9,056.00 |9,057.00 |8,888.00 |8,896.00 |8,942.00  |-123.00   |-77.00    |71        |190         |61       |634.90       |                       
2026-01-09 |OI601        |9,603.00   |0.00     |0.00     |0.00     |0.00     |9,641.00  |38.00     |38.00     |0         |1,651       |0        |0.00         |9,611.00               
2026-01-09 |OI603        |9,288.00   |9,250.00 |9,333.00 |9,216.00 |9,311.00 |9,272.00  |23.00     |-16.00    |26,353    |88,023      |2,584    |244,334.99   |                       
2026-01-09 |OI605        |9,009.00   |8,966.00 |9,050.00 |8,922.00 |9,042.00 |8,990.00  |33.00     |-19.00    |199,123   |245,121     |-3,461   |1,790,084.36 |                       
2026-01-09 |OI607        |9,027.00   |8,980.00 |9,051.00 |8,932.00 |9,039.00 |9,001.00  |12.00     |-26.00    |239       |922         |-71      |2,151.32     |                       
2026-01-09 |OI609        |8,983.00   |8,948.00 |9,030.00 |8,909.00 |9,021.00 |8,982.00  |38.00     |-1.00     |3,547     |6,689       |-319     |31,858.19    |                       
2026-01-09 |OI611        |8,942.00   |8,935.00 |8,988.00 |8,895.00 |8,985.00 |8,951.00  |43.00     |9.00      |55        |161         |-29      |492.33       |                       
2026-01-12 |OI601        |9,641.00   |9,689.00 |9,689.00 |9,689.00 |9,689.00 |9,689.00  |48.00     |48.00     |1         |1,320       |-331     |9.69         |9,647.00               
2026-01-12 |OI603        |9,272.00   |9,297.00 |9,316.00 |9,193.00 |9,300.00 |9,269.00  |28.00     |-3.00     |36,647    |92,895      |4,872    |339,668.43   |                       
2026-01-12 |OI605        |8,990.00   |9,025.00 |9,037.00 |8,897.00 |8,980.00 |8,971.00  |-10.00    |-19.00    |248,989   |256,330     |11,209   |2,233,655.45 |                       
2026-01-12 |OI607        |9,001.00   |9,008.00 |9,032.00 |8,907.00 |8,984.00 |8,970.00  |-17.00    |-31.00    |797       |1,000       |78       |7,148.87     |                       
2026-01-12 |OI609        |8,982.00   |9,002.00 |9,010.00 |8,886.00 |8,962.00 |8,948.00  |-20.00    |-34.00    |3,779     |7,456       |767      |33,815.36    |                       
2026-01-12 |OI611        |8,951.00   |8,953.00 |8,975.00 |8,866.00 |8,934.00 |8,907.00  |-17.00    |-44.00    |85        |174         |13       |757.12       |                       
2026-01-13 |OI601        |9,689.00   |9,598.00 |9,722.00 |9,430.00 |9,430.00 |9,565.00  |-259.00   |-124.00   |20        |1,309       |-11      |191.30       |9,662.00               
2026-01-13 |OI603        |9,269.00   |9,285.00 |9,419.00 |9,282.00 |9,363.00 |9,349.00  |94.00     |80.00     |26,811    |95,378      |2,483    |250,661.18   |                       
2026-01-13 |OI605        |8,971.00   |8,974.00 |9,087.00 |8,953.00 |9,017.00 |9,017.00  |46.00     |46.00     |242,364   |251,744     |-4,586   |2,185,391.13 |                       
2026-01-13 |OI607        |8,970.00   |8,991.00 |9,075.00 |8,962.00 |9,017.00 |9,011.00  |47.00     |41.00     |366       |907         |-93      |3,298.04     |                       
2026-01-13 |OI609        |8,948.00   |8,965.00 |9,036.00 |8,926.00 |8,986.00 |8,986.00  |38.00     |38.00     |3,757     |8,121       |665      |33,760.99    |                       
2026-01-13 |OI611        |8,907.00   |8,945.00 |8,989.00 |8,926.00 |8,988.00 |8,970.00  |81.00     |63.00     |23        |159         |-15      |206.32       |                       
2026-01-14 |OI601        |9,565.00   |0.00     |0.00     |0.00     |0.00     |9,560.00  |-5.00     |-5.00     |0         |609         |-700     |0.00         |9,664.00               
2026-01-14 |OI603        |9,349.00   |9,339.00 |9,379.00 |9,285.00 |9,316.00 |9,334.00  |-33.00    |-15.00    |25,213    |96,820      |1,442    |235,336.99   |                       
2026-01-14 |OI605        |9,017.00   |9,005.00 |9,009.00 |8,910.00 |8,949.00 |8,963.00  |-68.00    |-54.00    |225,492   |246,620     |-5,124   |2,021,144.41 |                       
2026-01-14 |OI607        |9,011.00   |9,017.00 |9,017.00 |8,916.00 |8,948.00 |8,964.00  |-63.00    |-47.00    |542       |1,039       |132      |4,858.42     |                       
2026-01-14 |OI609        |8,986.00   |8,981.00 |8,988.00 |8,898.00 |8,930.00 |8,943.00  |-56.00    |-43.00    |3,005     |8,395       |274      |26,872.80    |                       
2026-01-14 |OI611        |8,970.00   |8,944.00 |8,959.00 |8,878.00 |8,917.00 |8,911.00  |-53.00    |-59.00    |61        |187         |28       |543.58       |                       
2026-01-15 |OI601        |9,560.00   |9,400.00 |9,400.00 |9,400.00 |9,400.00 |9,400.00  |-160.00   |-160.00   |2         |609         |0        |18.80        |9,625.00               
2026-01-15 |OI603        |9,334.00   |9,345.00 |9,362.00 |9,199.00 |9,220.00 |9,284.00  |-114.00   |-50.00    |34,832    |100,879     |4,059    |323,391.11   |                       
2026-01-15 |OI605        |8,963.00   |8,970.00 |8,994.00 |8,806.00 |8,828.00 |8,879.00  |-135.00   |-84.00    |259,502   |258,828     |12,208   |2,304,237.94 |                       
2026-01-15 |OI607        |8,964.00   |8,963.00 |8,994.00 |8,816.00 |8,835.00 |8,870.00  |-129.00   |-94.00    |1,238     |1,061       |22       |10,981.59    |                       
2026-01-15 |OI609        |8,943.00   |8,946.00 |8,970.00 |8,801.00 |8,814.00 |8,856.00  |-129.00   |-87.00    |5,085     |9,047       |652      |45,031.76    |                       
2026-01-15 |OI611        |8,911.00   |8,944.00 |8,944.00 |8,792.00 |8,800.00 |8,846.00  |-111.00   |-65.00    |79        |220         |33       |698.82       |                       
2026-01-16 |OI601        |9,400.00   |0.00     |0.00     |0.00     |0.00     |9,568.00  |168.00    |168.00    |139       |0           |-609     |1,329.95     |9,613.00               
2026-01-16 |OI603        |9,284.00   |9,256.00 |9,596.00 |9,236.00 |9,493.00 |9,444.00  |209.00    |160.00    |40,184    |99,824      |-1,055   |379,479.37   |                       
2026-01-16 |OI605        |8,879.00   |8,863.00 |9,158.00 |8,832.00 |9,063.00 |9,038.00  |184.00    |159.00    |462,681   |269,628     |10,800   |4,181,740.55 |                       
2026-01-16 |OI607        |8,870.00   |8,843.00 |9,122.00 |8,838.00 |9,033.00 |9,028.00  |163.00    |158.00    |1,463     |927         |-134     |13,208.62    |                       
2026-01-16 |OI609        |8,856.00   |8,846.00 |9,082.00 |8,815.00 |9,010.00 |9,004.00  |154.00    |148.00    |10,295    |9,734       |687      |92,692.93    |                       
2026-01-16 |OI611        |8,846.00   |8,813.00 |9,039.00 |8,800.00 |8,980.00 |8,957.00  |134.00    |111.00    |183       |142         |-78      |1,639.13     |                       
2026-01-19 |OI603        |9,444.00   |9,300.00 |9,394.00 |9,200.00 |9,217.00 |9,300.00  |-227.00   |-144.00   |47,936    |101,078     |1,254    |445,791.04   |                       
2026-01-19 |OI605        |9,038.00   |8,861.00 |8,978.00 |8,860.00 |8,902.00 |8,930.00  |-136.00   |-108.00   |367,634   |253,596     |-16,032  |3,282,917.04 |                       
2026-01-19 |OI607        |9,028.00   |8,966.00 |8,968.00 |8,839.00 |8,912.00 |8,920.00  |-116.00   |-108.00   |1,371     |1,088       |161      |12,228.99    |                       
2026-01-19 |OI609        |9,004.00   |8,833.00 |8,947.00 |8,827.00 |8,923.00 |8,904.00  |-81.00    |-100.00   |13,371    |12,649      |2,915    |119,056.58   |                       
2026-01-19 |OI611        |8,957.00   |8,896.00 |9,119.00 |8,815.00 |8,878.00 |8,876.00  |-79.00    |-81.00    |238       |187         |45       |2,112.47     |                       
2026-01-19 |OI701        |8,957.00   |9,296.00 |9,296.00 |8,801.00 |8,851.00 |8,868.00  |-106.00   |-89.00    |160       |86          |86       |1,418.88     |                       
2026-01-20 |OI603        |9,300.00   |9,204.00 |9,338.00 |9,187.00 |9,290.00 |9,279.00  |-10.00    |-21.00    |25,577    |98,537      |-2,541   |237,335.46   |                       
2026-01-20 |OI605        |8,930.00   |8,880.00 |8,995.00 |8,880.00 |8,948.00 |8,943.00  |18.00     |13.00     |203,316   |253,127     |-469     |1,818,265.27 |                       
2026-01-20 |OI607        |8,920.00   |8,908.00 |9,005.00 |8,904.00 |8,964.00 |8,953.00  |44.00     |33.00     |862       |1,287       |199      |7,717.89     |                       
2026-01-20 |OI609        |8,904.00   |8,930.00 |9,009.00 |8,910.00 |8,975.00 |8,961.00  |71.00     |57.00     |6,227     |14,219      |1,570    |55,802.46    |                       
2026-01-20 |OI611        |8,876.00   |8,888.00 |8,973.00 |8,888.00 |8,954.00 |8,933.00  |78.00     |57.00     |85        |182         |-5       |759.32       |                       
2026-01-20 |OI701        |8,868.00   |8,836.00 |8,908.00 |8,829.00 |8,889.00 |8,858.00  |21.00     |-10.00    |68        |86          |0        |602.33       |                       
2026-01-21 |OI603        |9,279.00   |9,301.00 |9,339.00 |9,249.00 |9,261.00 |9,282.00  |-18.00    |3.00      |27,205    |97,145      |-1,392   |252,517.24   |                       
2026-01-21 |OI605        |8,943.00   |8,968.00 |8,991.00 |8,909.00 |8,947.00 |8,945.00  |4.00      |2.00      |202,702   |251,313     |-1,814   |1,813,227.20 |                       
2026-01-21 |OI607        |8,953.00   |8,956.00 |9,007.00 |8,927.00 |8,948.00 |8,955.00  |-5.00     |2.00      |1,378     |716         |-571     |12,340.12    |                       
2026-01-21 |OI609        |8,961.00   |8,967.00 |9,016.00 |8,907.00 |8,938.00 |8,938.00  |-23.00    |-23.00    |14,835    |20,198      |5,979    |132,587.95   |                       
2026-01-21 |OI611        |8,933.00   |8,896.00 |8,982.00 |8,884.00 |8,907.00 |8,911.00  |-26.00    |-22.00    |136       |191         |9        |1,211.89     |                       
2026-01-21 |OI701        |8,858.00   |8,830.00 |8,921.00 |8,830.00 |8,904.00 |8,881.00  |46.00     |23.00     |145       |127         |41       |1,287.77     |                       
2026-01-22 |OI603        |9,282.00   |9,270.00 |9,342.00 |9,250.00 |9,302.00 |9,289.00  |20.00     |7.00      |25,753    |95,882      |-1,263   |239,218.04   |                       
2026-01-22 |OI605        |8,945.00   |8,961.00 |9,040.00 |8,935.00 |9,002.00 |8,987.00  |57.00     |42.00     |208,357   |258,788     |7,475    |1,872,412.85 |                       
2026-01-22 |OI607        |8,955.00   |8,962.00 |9,026.00 |8,939.00 |8,995.00 |8,979.00  |40.00     |24.00     |731       |605         |-111     |6,563.85     |                       
2026-01-22 |OI609        |8,938.00   |8,942.00 |9,006.00 |8,916.00 |8,973.00 |8,963.00  |35.00     |25.00     |9,732     |22,221      |2,023    |87,228.65    |                       
2026-01-22 |OI611        |8,911.00   |8,935.00 |8,982.00 |8,897.00 |8,941.00 |8,946.00  |30.00     |35.00     |60        |188         |-3       |536.77       |                       
2026-01-22 |OI701        |8,881.00   |8,908.00 |8,975.00 |8,882.00 |8,928.00 |8,931.00  |47.00     |50.00     |103       |175         |48       |919.86       |                       
2026-01-23 |OI603        |9,289.00   |9,265.00 |9,296.00 |9,219.00 |9,290.00 |9,261.00  |1.00      |-28.00    |17,622    |92,421      |-3,461   |163,196.34   |                       
2026-01-23 |OI605        |8,987.00   |8,960.00 |9,012.00 |8,946.00 |8,991.00 |8,979.00  |4.00      |-8.00     |165,662   |261,882     |3,094    |1,487,464.43 |                       
2026-01-23 |OI607        |8,979.00   |8,984.00 |9,003.00 |8,954.00 |8,976.00 |8,979.00  |-3.00     |0.00      |503       |641         |36       |4,516.62     |                       
2026-01-23 |OI609        |8,963.00   |8,980.00 |8,980.00 |8,930.00 |8,963.00 |8,954.00  |0.00      |-9.00     |8,648     |23,441      |1,220    |77,433.51    |                       
2026-01-23 |OI611        |8,946.00   |8,951.00 |8,955.00 |8,920.00 |8,951.00 |8,942.00  |5.00      |-4.00     |59        |213         |25       |527.57       |                       
2026-01-23 |OI701        |8,931.00   |8,931.00 |8,957.00 |8,912.00 |8,938.00 |8,942.00  |7.00      |11.00     |50        |208         |33       |447.08       |                       
2026-01-26 |OI603        |9,261.00   |9,300.00 |9,669.00 |9,290.00 |9,663.00 |9,443.00  |402.00    |182.00    |32,121    |84,112      |-8,309   |303,334.17   |                       
2026-01-26 |OI605        |8,979.00   |9,005.00 |9,356.00 |8,998.00 |9,345.00 |9,168.00  |366.00    |189.00    |368,466   |297,957     |36,075   |3,378,036.48 |                       
2026-01-26 |OI607        |8,979.00   |9,016.00 |9,298.00 |8,990.00 |9,298.00 |9,129.00  |319.00    |150.00    |1,166     |693         |52       |10,644.16    |                       
2026-01-26 |OI609        |8,954.00   |8,982.00 |9,260.00 |8,958.00 |9,255.00 |9,109.00  |301.00    |155.00    |28,766    |27,520      |4,079    |262,027.26   |                       
2026-01-26 |OI611        |8,942.00   |8,972.00 |9,242.00 |8,947.00 |9,225.00 |9,118.00  |283.00    |176.00    |346       |193         |-20      |3,154.92     |                       
2026-01-26 |OI701        |8,942.00   |8,971.00 |9,226.00 |8,945.00 |9,222.00 |9,074.00  |280.00    |132.00    |112       |226         |18       |1,016.33     |                       
2026-01-27 |OI603        |9,443.00   |9,665.00 |9,665.00 |9,528.00 |9,628.00 |9,592.00  |185.00    |149.00    |31,447    |74,129      |-9,983   |301,616.28   |                       
2026-01-27 |OI605        |9,168.00   |9,340.00 |9,344.00 |9,228.00 |9,326.00 |9,285.00  |158.00    |117.00    |291,280   |298,298     |341      |2,704,400.13 |                       
2026-01-27 |OI607        |9,129.00   |9,279.00 |9,304.00 |9,194.00 |9,295.00 |9,245.00  |166.00    |116.00    |210       |689         |-4       |1,941.38     |                       
2026-01-27 |OI609        |9,109.00   |9,255.00 |9,278.00 |9,152.00 |9,265.00 |9,207.00  |156.00    |98.00     |15,903    |29,401      |1,881    |146,419.56   |                       
2026-01-27 |OI611        |9,118.00   |9,194.00 |9,230.00 |9,129.00 |9,230.00 |9,177.00  |112.00    |59.00     |144       |147         |-46      |1,321.52     |                       
2026-01-27 |OI701        |9,074.00   |9,186.00 |9,205.00 |9,106.00 |9,188.00 |9,152.00  |114.00    |78.00     |252       |170         |-56      |2,306.40     |                       
2026-01-28 |OI603        |9,592.00   |9,631.00 |9,665.00 |9,556.00 |9,616.00 |9,615.00  |24.00     |23.00     |30,373    |66,511      |-7,618   |292,051.34   |                       
2026-01-28 |OI605        |9,285.00   |9,325.00 |9,372.00 |9,293.00 |9,330.00 |9,334.00  |45.00     |49.00     |204,216   |297,029     |-1,269   |1,906,150.94 |                       
2026-01-28 |OI607        |9,245.00   |9,269.00 |9,335.00 |9,268.00 |9,294.00 |9,302.00  |49.00     |57.00     |235       |655         |-34      |2,185.93     |                       
2026-01-28 |OI609        |9,207.00   |9,267.00 |9,302.00 |9,225.00 |9,271.00 |9,264.00  |64.00     |57.00     |11,222    |30,546      |1,145    |103,964.96   |                       
2026-01-28 |OI611        |9,177.00   |9,244.00 |9,258.00 |9,183.00 |9,218.00 |9,219.00  |41.00     |42.00     |87        |153         |6        |802.08       |                       
2026-01-28 |OI701        |9,152.00   |9,181.00 |9,219.00 |9,138.00 |9,181.00 |9,187.00  |29.00     |35.00     |372       |367         |197      |3,417.64     |                       
2026-01-29 |OI603        |9,615.00   |9,620.00 |9,775.00 |9,551.00 |9,758.00 |9,652.00  |143.00    |37.00     |38,520    |49,094      |-17,417  |371,806.13   |                       
2026-01-29 |OI605        |9,334.00   |9,326.00 |9,468.00 |9,292.00 |9,446.00 |9,377.00  |112.00    |43.00     |248,796   |300,317     |3,288    |2,332,927.12 |                       
2026-01-29 |OI607        |9,302.00   |9,303.00 |9,426.00 |9,271.00 |9,409.00 |9,329.00  |107.00    |27.00     |336       |583         |-72      |3,134.61     |                       
2026-01-29 |OI609        |9,264.00   |9,253.00 |9,399.00 |9,230.00 |9,377.00 |9,305.00  |113.00    |41.00     |16,215    |33,204      |2,658    |150,873.88   |                       
2026-01-29 |OI611        |9,219.00   |9,244.00 |9,350.00 |9,196.00 |9,350.00 |9,252.00  |131.00    |33.00     |167       |165         |12       |1,545.10     |                       
2026-01-29 |OI701        |9,187.00   |9,208.00 |9,293.00 |9,147.00 |9,255.00 |9,188.00  |68.00     |1.00      |1,078     |888         |521      |9,904.66     |                       
2026-01-30 |OI603        |9,652.00   |9,764.00 |9,799.00 |9,638.00 |9,686.00 |9,712.00  |34.00     |60.00     |45,478    |24,783      |-24,311  |441,665.37   |                       
2026-01-30 |OI605        |9,377.00   |9,459.00 |9,488.00 |9,331.00 |9,380.00 |9,406.00  |3.00      |29.00     |250,529   |303,931     |3,614    |2,356,550.45 |                       
2026-01-30 |OI607        |9,329.00   |9,445.00 |9,446.00 |9,309.00 |9,338.00 |9,370.00  |9.00      |41.00     |268       |605         |22       |2,511.15     |                       
2026-01-30 |OI609        |9,305.00   |9,386.00 |9,409.00 |9,241.00 |9,287.00 |9,316.00  |-18.00    |11.00     |17,458    |35,961      |2,757    |162,645.76   |                       
2026-01-30 |OI611        |9,252.00   |9,354.00 |9,368.00 |9,218.00 |9,253.00 |9,285.00  |1.00      |33.00     |66        |177         |12       |612.79       |                       
2026-01-30 |OI701        |9,188.00   |9,262.00 |9,314.00 |9,160.00 |9,203.00 |9,217.00  |15.00     |29.00     |169       |893         |5        |1,557.69     |                       
2026-02-02 |OI603        |9,712.00   |9,669.00 |9,723.00 |9,427.00 |9,442.00 |9,553.00  |-270.00   |-159.00   |21,147    |16,123      |-8,660   |202,018.05   |                       
2026-02-02 |OI605        |9,406.00   |9,367.00 |9,416.00 |9,121.00 |9,136.00 |9,256.00  |-270.00   |-150.00   |294,800   |284,335     |-19,596  |2,728,637.97 |                       
2026-02-02 |OI607        |9,370.00   |9,343.00 |9,369.00 |9,087.00 |9,102.00 |9,179.00  |-268.00   |-191.00   |32,616    |27,236      |26,631   |299,396.15   |                       
2026-02-02 |OI609        |9,316.00   |9,268.00 |9,323.00 |9,041.00 |9,064.00 |9,174.00  |-252.00   |-142.00   |20,135    |36,561      |600      |184,712.50   |                       
2026-02-02 |OI611        |9,285.00   |9,225.00 |9,277.00 |9,017.00 |9,038.00 |9,158.00  |-247.00   |-127.00   |112       |181         |4        |1,025.70     |                       
2026-02-02 |OI701        |9,217.00   |9,196.00 |9,226.00 |8,950.00 |8,959.00 |9,044.00  |-258.00   |-173.00   |307       |946         |53       |2,776.45     |                       
2026-02-03 |OI603        |9,553.00   |9,463.00 |9,529.00 |9,437.00 |9,505.00 |9,478.00  |-48.00    |-75.00    |7,530     |13,276      |-2,847   |71,169.88    |                       
2026-02-03 |OI605        |9,256.00   |9,165.00 |9,236.00 |9,140.00 |9,215.00 |9,186.00  |-41.00    |-70.00    |172,990   |285,363     |1,028    |1,589,102.33 |                       
2026-02-03 |OI607        |9,179.00   |9,128.00 |9,200.00 |9,107.00 |9,182.00 |9,152.00  |3.00      |-27.00    |26,563    |45,730      |18,494   |243,101.26   |                       
2026-02-03 |OI609        |9,174.00   |9,085.00 |9,157.00 |9,072.00 |9,135.00 |9,110.00  |-39.00    |-64.00    |9,242     |37,519      |958      |84,198.98    |                       
2026-02-03 |OI611        |9,158.00   |9,055.00 |9,110.00 |8,968.00 |9,110.00 |9,058.00  |-48.00    |-100.00   |35        |165         |-16      |317.03       |                       
2026-02-03 |OI701        |9,044.00   |9,002.00 |9,067.00 |8,912.00 |9,060.00 |9,023.00  |16.00     |-21.00    |96        |964         |18       |866.17       |                       
2026-02-04 |OI603        |9,478.00   |9,540.00 |9,598.00 |9,514.00 |9,520.00 |9,555.00  |42.00     |77.00     |3,862     |11,993      |-1,283   |36,902.92    |                       
2026-02-04 |OI605        |9,186.00   |9,254.00 |9,317.00 |9,240.00 |9,243.00 |9,276.00  |57.00     |90.00     |151,043   |285,243     |-120     |1,401,005.97 |                       
2026-02-04 |OI607        |9,152.00   |9,229.00 |9,298.00 |9,224.00 |9,246.00 |9,261.00  |94.00     |109.00    |21,754    |56,840      |11,110   |201,464.01   |                       
2026-02-04 |OI609        |9,110.00   |9,172.00 |9,233.00 |9,172.00 |9,178.00 |9,198.00  |68.00     |88.00     |14,047    |38,653      |1,134    |129,208.83   |                       
2026-02-04 |OI611        |9,058.00   |9,184.00 |9,190.00 |9,148.00 |9,150.00 |9,171.00  |92.00     |113.00    |51        |156         |-9       |467.74       |                       
2026-02-04 |OI701        |9,023.00   |9,086.00 |9,140.00 |9,086.00 |9,102.00 |9,114.00  |79.00     |91.00     |131       |985         |21       |1,193.99     |                       
2026-02-05 |OI603        |9,555.00   |9,369.00 |9,491.00 |9,341.00 |9,385.00 |9,410.00  |-170.00   |-145.00   |7,613     |10,150      |-1,843   |71,639.58    |                       
2026-02-05 |OI605        |9,276.00   |9,058.00 |9,226.00 |9,058.00 |9,144.00 |9,158.00  |-132.00   |-118.00   |266,701   |278,538     |-6,705   |2,442,369.52 |                       
2026-02-05 |OI607        |9,261.00   |9,100.00 |9,219.00 |9,071.00 |9,127.00 |9,153.00  |-134.00   |-108.00   |29,133    |64,423      |7,583    |266,646.73   |                       
2026-02-05 |OI609        |9,198.00   |9,046.00 |9,163.00 |9,000.00 |9,086.00 |9,101.00  |-112.00   |-97.00    |26,813    |40,424      |1,771    |244,016.80   |                       
2026-02-05 |OI611        |9,171.00   |9,074.00 |9,127.00 |9,005.00 |9,058.00 |9,079.00  |-113.00   |-92.00    |191       |192         |36       |1,733.99     |                       
2026-02-05 |OI701        |9,114.00   |9,030.00 |9,091.00 |8,996.00 |9,059.00 |9,042.00  |-55.00    |-72.00    |612       |1,144       |159      |5,533.84     |                       
2026-02-06 |OI603        |9,410.00   |9,390.00 |9,447.00 |9,366.00 |9,392.00 |9,414.00  |-18.00    |4.00      |3,821     |8,560       |-1,590   |35,969.16    |                       
2026-02-06 |OI605        |9,158.00   |9,150.00 |9,197.00 |9,118.00 |9,144.00 |9,156.00  |-14.00    |-2.00     |150,106   |280,449     |1,911    |1,374,323.71 |                       
2026-02-06 |OI607        |9,153.00   |9,143.00 |9,186.00 |9,111.00 |9,136.00 |9,148.00  |-17.00    |-5.00     |20,168    |71,178      |6,755    |184,506.32   |                       
2026-02-06 |OI609        |9,101.00   |9,089.00 |9,139.00 |9,072.00 |9,090.00 |9,103.00  |-11.00    |2.00      |12,329    |41,871      |1,447    |112,234.38   |                       
2026-02-06 |OI611        |9,079.00   |9,051.00 |9,107.00 |9,038.00 |9,061.00 |9,075.00  |-18.00    |-4.00     |126       |193         |1        |1,143.46     |                       
2026-02-06 |OI701        |9,042.00   |9,034.00 |9,098.00 |9,028.00 |9,040.00 |9,062.00  |-2.00     |20.00     |1,092     |1,833       |689      |9,896.03     |                       
2026-02-09 |OI603        |9,414.00   |9,392.00 |9,430.00 |9,374.00 |9,394.00 |9,399.00  |-20.00    |-15.00    |2,014     |7,896       |-664     |18,928.89    |                       
2026-02-09 |OI605        |9,156.00   |9,137.00 |9,185.00 |9,124.00 |9,137.00 |9,152.00  |-19.00    |-4.00     |133,918   |272,773     |-7,676   |1,225,675.08 |                       
2026-02-09 |OI607        |9,148.00   |9,129.00 |9,178.00 |9,120.00 |9,143.00 |9,149.00  |-5.00     |1.00      |17,341    |73,801      |2,623    |158,650.51   |                       
2026-02-09 |OI609        |9,103.00   |9,084.00 |9,145.00 |9,079.00 |9,103.00 |9,114.00  |0.00      |11.00     |9,115     |40,618      |-1,253   |83,072.42    |                       
2026-02-09 |OI611        |9,075.00   |9,085.00 |9,112.00 |9,065.00 |9,085.00 |9,084.00  |10.00     |9.00      |31        |178         |-15      |281.61       |                       
2026-02-09 |OI701        |9,062.00   |9,069.00 |9,094.00 |9,045.00 |9,045.00 |9,067.00  |-17.00    |5.00      |353       |1,971       |138      |3,200.56     |                       
2026-02-10 |OI603        |9,399.00   |9,394.00 |9,442.00 |9,339.00 |9,361.00 |9,381.00  |-38.00    |-18.00    |3,039     |7,031       |-865     |28,510.06    |                       
2026-02-10 |OI605        |9,152.00   |9,154.00 |9,186.00 |9,082.00 |9,096.00 |9,128.00  |-56.00    |-24.00    |180,728   |266,839     |-5,934   |1,649,726.06 |                       
2026-02-10 |OI607        |9,149.00   |9,172.00 |9,193.00 |9,094.00 |9,109.00 |9,140.00  |-40.00    |-9.00     |22,462    |75,373      |1,572    |205,309.82   |                       
2026-02-10 |OI609        |9,114.00   |9,124.00 |9,147.00 |9,058.00 |9,075.00 |9,098.00  |-39.00    |-16.00    |13,077    |40,750      |132      |118,973.67   |                       
2026-02-10 |OI611        |9,084.00   |9,077.00 |9,120.00 |9,042.00 |9,042.00 |9,071.00  |-42.00    |-13.00    |68        |187         |9        |616.84       |                       
2026-02-10 |OI701        |9,067.00   |9,070.00 |9,100.00 |9,016.00 |9,025.00 |9,054.00  |-42.00    |-13.00    |331       |1,991       |20       |2,996.81     |                       
2026-02-11 |OI603        |9,381.00   |9,361.00 |9,415.00 |9,341.00 |9,387.00 |9,380.00  |6.00      |-1.00     |8,836     |6,024       |-1,007   |83,232.95    |                       
2026-02-11 |OI605        |9,128.00   |9,090.00 |9,150.00 |9,072.00 |9,131.00 |9,116.00  |3.00      |-12.00    |150,623   |260,396     |-6,443   |1,373,021.60 |                       
2026-02-11 |OI607        |9,140.00   |9,096.00 |9,158.00 |9,083.00 |9,141.00 |9,128.00  |1.00      |-12.00    |18,727    |73,941      |-1,432   |170,940.66   |                       
2026-02-11 |OI609        |9,098.00   |9,073.00 |9,113.00 |9,046.00 |9,103.00 |9,087.00  |5.00      |-11.00    |9,247     |38,777      |-1,973   |84,028.55    |                       
2026-02-11 |OI611        |9,071.00   |9,047.00 |9,082.00 |9,029.00 |9,061.00 |9,057.00  |-10.00    |-14.00    |63        |177         |-10      |570.59       |                       
2026-02-11 |OI701        |9,054.00   |9,020.00 |9,059.00 |9,008.00 |9,050.00 |9,034.00  |-4.00     |-20.00    |164       |1,978       |-13      |1,481.64     |                       
2026-02-12 |OI603        |9,380.00   |9,380.00 |9,404.00 |9,284.00 |9,284.00 |9,356.00  |-96.00    |-24.00    |2,134     |4,951       |-1,073   |19,965.80    |                       
2026-02-12 |OI605        |9,116.00   |9,131.00 |9,174.00 |9,043.00 |9,047.00 |9,122.00  |-69.00    |6.00      |131,858   |251,961     |-8,435   |1,202,773.32 |                       
2026-02-12 |OI607        |9,128.00   |9,150.00 |9,186.00 |9,057.00 |9,061.00 |9,134.00  |-67.00    |6.00      |18,767    |72,162      |-1,779   |171,424.10   |                       
2026-02-12 |OI609        |9,087.00   |9,098.00 |9,136.00 |9,019.00 |9,024.00 |9,086.00  |-63.00    |-1.00     |7,049     |37,438      |-1,339   |64,043.83    |                       
2026-02-12 |OI611        |9,057.00   |9,077.00 |9,087.00 |9,012.00 |9,012.00 |9,040.00  |-45.00    |-17.00    |29        |193         |16       |262.15       |                       
2026-02-12 |OI701        |9,034.00   |9,057.00 |9,084.00 |8,993.00 |8,993.00 |9,036.00  |-41.00    |2.00      |117       |2,002       |24       |1,057.24     |                       
2026-02-13 |OI603        |9,356.00   |9,284.00 |9,330.00 |9,223.00 |9,289.00 |9,267.00  |-67.00    |-89.00    |1,450     |4,204       |-747     |13,436.50    |                       
2026-02-13 |OI605        |9,122.00   |9,050.00 |9,105.00 |9,003.00 |9,038.00 |9,050.00  |-84.00    |-72.00    |126,988   |236,473     |-15,488  |1,149,224.30 |                       
2026-02-13 |OI607        |9,134.00   |9,060.00 |9,115.00 |9,009.00 |9,046.00 |9,057.00  |-88.00    |-77.00    |20,969    |71,415      |-747     |189,910.73   |                       
2026-02-13 |OI609        |9,086.00   |9,039.00 |9,078.00 |8,975.00 |9,010.00 |9,026.00  |-76.00    |-60.00    |6,821     |35,816      |-1,622   |61,566.00    |                       
2026-02-13 |OI611        |9,040.00   |9,020.00 |9,039.00 |8,953.00 |8,975.00 |8,996.00  |-65.00    |-44.00    |65        |207         |14       |584.74       |                       
2026-02-13 |OI701        |9,036.00   |8,986.00 |9,033.00 |8,937.00 |8,954.00 |8,981.00  |-82.00    |-55.00    |123       |2,027       |25       |1,104.64     |                       
2026-02-24 |OI603        |9,267.00   |9,391.00 |9,475.00 |9,391.00 |9,422.00 |9,443.00  |155.00    |176.00    |374       |3,950       |-254     |3,531.77     |                       
2026-02-24 |OI605        |9,050.00   |9,160.00 |9,249.00 |9,160.00 |9,200.00 |9,209.00  |150.00    |159.00    |136,831   |250,614     |14,141   |1,260,124.95 |                       
2026-02-24 |OI607        |9,057.00   |9,300.00 |9,300.00 |9,153.00 |9,214.00 |9,218.00  |157.00    |161.00    |20,668    |72,835      |1,420    |190,525.39   |                       
2026-02-24 |OI609        |9,026.00   |9,105.00 |9,191.00 |9,082.00 |9,171.00 |9,170.00  |145.00    |144.00    |11,774    |37,650      |1,834    |107,970.83   |                       
2026-02-24 |OI611        |8,996.00   |9,079.00 |9,150.00 |8,222.00 |9,133.00 |9,114.00  |137.00    |118.00    |91        |166         |-41      |829.36       |                       
2026-02-24 |OI701        |8,981.00   |9,058.00 |9,137.00 |8,205.00 |9,130.00 |9,103.00  |149.00    |122.00    |162       |2,011       |-16      |1,474.73     |                       
2026-02-25 |OI603        |9,443.00   |9,408.00 |9,483.00 |9,372.00 |9,460.00 |9,439.00  |17.00     |-4.00     |847       |3,326       |-624     |7,994.84     |                       
2026-02-25 |OI605        |9,209.00   |9,198.00 |9,268.00 |9,135.00 |9,244.00 |9,212.00  |35.00     |3.00      |182,500   |258,729     |8,115    |1,681,177.92 |                       
2026-02-25 |OI607        |9,218.00   |9,225.00 |9,284.00 |9,149.00 |9,257.00 |9,223.00  |39.00     |5.00      |21,709    |74,789      |1,954    |200,230.57   |                       
2026-02-25 |OI609        |9,170.00   |9,159.00 |9,246.00 |9,120.00 |9,225.00 |9,195.00  |55.00     |25.00     |11,224    |38,677      |1,027    |103,202.69   |                       
2026-02-25 |OI611        |9,114.00   |9,124.00 |9,205.00 |9,100.00 |9,192.00 |9,167.00  |78.00     |53.00     |58        |144         |-22      |531.67       |                       
2026-02-25 |OI701        |9,103.00   |9,130.00 |9,184.00 |9,080.00 |9,173.00 |9,140.00  |70.00     |37.00     |127       |2,032       |21       |1,160.84     |                       
2026-02-26 |OI603        |9,439.00   |9,439.00 |9,460.00 |9,300.00 |9,440.00 |9,419.00  |1.00      |-20.00    |1,610     |2,136       |-1,190   |15,164.90    |                       
2026-02-26 |OI605        |9,212.00   |9,239.00 |9,255.00 |9,166.00 |9,185.00 |9,201.00  |-27.00    |-11.00    |143,155   |251,806     |-6,923   |1,317,114.66 |                       
2026-02-26 |OI607        |9,223.00   |9,244.00 |9,266.00 |9,182.00 |9,202.00 |9,212.00  |-21.00    |-11.00    |16,588    |73,957      |-832     |152,808.06   |                       
2026-02-26 |OI609        |9,195.00   |9,213.00 |9,235.00 |9,150.00 |9,164.00 |9,183.00  |-31.00    |-12.00    |12,414    |40,076      |1,399    |113,997.39   |                       
2026-02-26 |OI611        |9,167.00   |9,187.00 |9,187.00 |9,128.00 |9,128.00 |9,157.00  |-39.00    |-10.00    |45        |160         |16       |412.07       |                       
2026-02-26 |OI701        |9,140.00   |9,170.00 |9,180.00 |9,115.00 |9,119.00 |9,136.00  |-21.00    |-4.00     |125       |2,049       |17       |1,142.00     |                       
2026-02-27 |OI603        |9,419.00   |9,451.00 |9,509.00 |9,450.00 |9,496.00 |9,484.00  |77.00     |65.00     |1,244     |1,282       |-854     |11,797.87    |                       
2026-02-27 |OI605        |9,201.00   |9,175.00 |9,246.00 |9,170.00 |9,185.00 |9,208.00  |-16.00    |7.00      |145,907   |257,944     |6,138    |1,343,546.50 |                       
2026-02-27 |OI607        |9,212.00   |9,203.00 |9,261.00 |9,189.00 |9,204.00 |9,226.00  |-8.00     |14.00     |20,678    |76,456      |2,499    |190,781.78   |                       
2026-02-27 |OI609        |9,183.00   |9,164.00 |9,228.00 |9,163.00 |9,179.00 |9,191.00  |-4.00     |8.00      |10,154    |39,503      |-573     |93,329.37    |                       
2026-02-27 |OI611        |9,157.00   |9,151.00 |9,188.00 |9,139.00 |9,149.00 |9,156.00  |-8.00     |-1.00     |49        |160         |0        |448.65       |                       
2026-02-27 |OI701        |9,136.00   |9,132.00 |9,168.00 |9,128.00 |9,132.00 |9,144.00  |-4.00     |8.00      |113       |2,051       |2        |1,033.27     |                       
2026-03-02 |OI603        |9,484.00   |9,545.00 |9,651.00 |9,517.00 |9,646.00 |9,587.00  |162.00    |103.00    |107       |1,190       |-92      |1,025.81     |9,416.00               
2026-03-02 |OI605        |9,208.00   |9,210.00 |9,390.00 |9,196.00 |9,359.00 |9,302.00  |151.00    |94.00     |248,126   |268,810     |10,866   |2,307,973.25 |                       
2026-03-02 |OI607        |9,226.00   |9,231.00 |9,402.00 |9,217.00 |9,370.00 |9,317.00  |144.00    |91.00     |32,855    |79,752      |3,296    |306,099.46   |                       
2026-03-02 |OI609        |9,191.00   |9,196.00 |9,352.00 |9,188.00 |9,330.00 |9,288.00  |139.00    |97.00     |25,736    |44,208      |4,705    |239,035.92   |                       
2026-03-02 |OI611        |9,156.00   |9,201.00 |9,320.00 |9,176.00 |9,296.00 |9,246.00  |140.00    |90.00     |83        |138         |-22      |767.40       |                       
2026-03-02 |OI701        |9,144.00   |9,185.00 |9,300.00 |9,145.00 |9,280.00 |9,227.00  |136.00    |83.00     |309       |2,051       |0        |2,851.24     |                       
2026-03-03 |OI603        |9,587.00   |9,587.00 |9,587.00 |9,587.00 |9,587.00 |9,587.00  |0.00      |0.00      |53        |1,190       |0        |508.11       |9,434.00               
2026-03-03 |OI605        |9,302.00   |9,372.00 |9,495.00 |9,332.00 |9,464.00 |9,418.00  |162.00    |116.00    |219,968   |272,868     |4,058    |2,071,758.46 |                       
2026-03-03 |OI607        |9,317.00   |9,382.00 |9,484.00 |9,342.00 |9,457.00 |9,424.00  |140.00    |107.00    |38,659    |81,828      |2,076    |364,304.15   |                       
2026-03-03 |OI609        |9,288.00   |9,340.00 |9,446.00 |9,306.00 |9,410.00 |9,384.00  |122.00    |96.00     |30,142    |48,646      |4,438    |282,853.83   |                       
2026-03-03 |OI611        |9,246.00   |9,296.00 |9,415.00 |9,296.00 |9,369.00 |9,358.00  |123.00    |112.00    |64        |146         |8        |598.90       |                       
2026-03-03 |OI701        |9,227.00   |9,281.00 |9,404.00 |9,270.00 |9,357.00 |9,347.00  |130.00    |120.00    |229       |2,112       |61       |2,140.35     |                       
2026-03-04 |OI603        |9,587.00   |9,700.00 |9,700.00 |9,700.00 |9,700.00 |9,700.00  |113.00    |113.00    |10        |1,180       |-10      |97.00        |9,466.00               
2026-03-04 |OI605        |9,418.00   |9,496.00 |9,577.00 |9,430.00 |9,486.00 |9,507.00  |68.00     |89.00     |195,441   |277,988     |5,120    |1,858,025.60 |                       
2026-03-04 |OI607        |9,424.00   |9,493.00 |9,551.00 |9,394.00 |9,452.00 |9,477.00  |28.00     |53.00     |32,239    |82,936      |1,108    |305,525.36   |                       
2026-03-04 |OI609        |9,384.00   |9,437.00 |9,494.00 |9,347.00 |9,401.00 |9,426.00  |17.00     |42.00     |26,381    |55,450      |6,804    |248,666.20   |                       
2026-03-04 |OI611        |9,358.00   |9,410.00 |9,455.00 |9,324.00 |9,365.00 |9,391.00  |7.00      |33.00     |57        |155         |9        |535.27       |                       
2026-03-04 |OI701        |9,347.00   |9,380.00 |9,445.00 |9,309.00 |9,364.00 |9,376.00  |17.00     |29.00     |238       |2,135       |23       |2,231.45     |                       
2026-03-05 |OI603        |9,700.00   |9,736.00 |9,736.00 |9,694.00 |9,734.00 |9,716.00  |34.00     |16.00     |322       |903         |-277     |3,128.45     |9,500.00               
2026-03-05 |OI605        |9,507.00   |9,458.00 |9,566.00 |9,404.00 |9,489.00 |9,487.00  |-18.00    |-20.00    |167,881   |278,896     |908      |1,592,644.03 |                       
2026-03-05 |OI607        |9,477.00   |9,435.00 |9,530.00 |9,368.00 |9,462.00 |9,448.00  |-15.00    |-29.00    |24,899    |83,502      |566      |235,236.99   |                       
2026-03-05 |OI609        |9,426.00   |9,370.00 |9,477.00 |9,326.00 |9,415.00 |9,410.00  |-11.00    |-16.00    |15,744    |59,235      |3,785    |148,154.74   |                       
2026-03-05 |OI611        |9,391.00   |9,325.00 |9,445.00 |9,325.00 |9,403.00 |9,392.00  |12.00     |1.00      |53        |172         |17       |497.75       |                       
2026-03-05 |OI701        |9,376.00   |9,364.00 |9,433.00 |9,290.00 |9,379.00 |9,387.00  |3.00      |11.00     |256       |2,263       |128      |2,403.07     |                       
2026-03-06 |OI603        |9,716.00   |9,884.00 |9,899.00 |9,884.00 |9,899.00 |9,894.00  |183.00    |178.00    |88        |815         |-88      |870.66       |9,554.00               
2026-03-06 |OI605        |9,487.00   |9,511.00 |9,702.00 |9,469.00 |9,666.00 |9,591.00  |179.00    |104.00    |228,291   |292,389     |13,493   |2,189,593.65 |                       
2026-03-06 |OI607        |9,448.00   |9,490.00 |9,664.00 |9,441.00 |9,624.00 |9,553.00  |176.00    |105.00    |31,059    |84,680      |1,178    |296,716.46   |                       
2026-03-06 |OI609        |9,410.00   |9,435.00 |9,600.00 |9,400.00 |9,561.00 |9,529.00  |151.00    |119.00    |33,241    |61,483      |2,248    |316,738.12   |                       
2026-03-06 |OI611        |9,392.00   |9,390.00 |9,565.00 |9,384.00 |9,523.00 |9,515.00  |131.00    |123.00    |139       |219         |47       |1,322.55     |                       
2026-03-06 |OI701        |9,387.00   |9,390.00 |9,564.00 |9,369.00 |9,522.00 |9,495.00  |135.00    |108.00    |608       |2,571       |308      |5,772.94     |                       
2026-03-09 |OI603        |9,894.00   |0.00     |0.00     |0.00     |0.00     |10,054.00 |160.00    |160.00    |0         |815         |0        |0.00         |9,632.00               
2026-03-09 |OI605        |9,591.00   |9,760.00 |10,167.00|9,728.00 |9,954.00 |9,950.00  |363.00    |359.00    |362,000   |273,150     |-19,239  |3,601,789.61 |                       
2026-03-09 |OI607        |9,553.00   |9,706.00 |10,127.00|9,690.00 |9,906.00 |9,819.00  |353.00    |266.00    |38,191    |86,070      |1,390    |375,006.66   |                       
2026-03-09 |OI609        |9,529.00   |9,636.00 |10,101.00|9,626.00 |9,832.00 |9,859.00  |303.00    |330.00    |72,485    |56,512      |-4,971   |714,626.33   |                       
2026-03-09 |OI611        |9,515.00   |9,627.00 |10,086.00|9,601.00 |9,802.00 |9,841.00  |287.00    |326.00    |412       |180         |-39      |4,054.37     |                       
2026-03-09 |OI701        |9,495.00   |9,600.00 |10,059.00|9,577.00 |9,793.00 |9,814.00  |298.00    |319.00    |930       |2,408       |-163     |9,126.61     |                       
2026-03-10 |OI603        |10,054.00  |0.00     |0.00     |0.00     |0.00     |9,906.00  |-148.00   |-148.00   |0         |815         |0        |0.00         |9,679.00               
2026-03-10 |OI605        |9,950.00   |9,900.00 |9,970.00 |9,676.00 |9,713.00 |9,804.00  |-237.00   |-146.00   |288,053   |257,798     |-15,352  |2,823,934.13 |                       
2026-03-10 |OI607        |9,819.00   |9,889.00 |9,917.00 |9,631.00 |9,669.00 |9,761.00  |-150.00   |-58.00    |20,616    |84,715      |-1,355   |201,237.31   |                       
2026-03-10 |OI609        |9,859.00   |9,778.00 |9,843.00 |9,584.00 |9,620.00 |9,682.00  |-239.00   |-177.00   |39,293    |55,546      |-966     |380,453.10   |                       
2026-03-10 |OI611        |9,841.00   |9,705.00 |9,786.00 |9,552.00 |9,595.00 |9,671.00  |-246.00   |-170.00   |164       |181         |1        |1,586.05     |                       
2026-03-10 |OI701        |9,814.00   |9,718.00 |9,780.00 |9,545.00 |9,574.00 |9,628.00  |-240.00   |-186.00   |301       |2,419       |11       |2,897.89     |                       
2026-03-11 |OI603        |9,906.00   |0.00     |0.00     |0.00     |0.00     |9,832.00  |-74.00    |-74.00    |0         |815         |0        |0.00         |9,718.00               
2026-03-11 |OI605        |9,804.00   |9,713.00 |9,808.00 |9,642.00 |9,778.00 |9,731.00  |-26.00    |-73.00    |227,366   |253,670     |-4,128   |2,212,456.02 |                       
2026-03-11 |OI607        |9,761.00   |9,678.00 |9,745.00 |9,595.00 |9,729.00 |9,677.00  |-32.00    |-84.00    |19,771    |85,459      |744      |191,320.99   |                       
2026-03-11 |OI609        |9,682.00   |9,628.00 |9,680.00 |9,558.00 |9,661.00 |9,629.00  |-21.00    |-53.00    |26,694    |55,650      |104      |257,047.20   |                       
2026-03-11 |OI611        |9,671.00   |9,614.00 |9,649.00 |9,533.00 |9,639.00 |9,594.00  |-32.00    |-77.00    |102       |177         |-4       |978.58       |                       
2026-03-11 |OI701        |9,628.00   |9,597.00 |9,626.00 |9,534.00 |9,609.00 |9,587.00  |-19.00    |-41.00    |225       |2,396       |-23      |2,157.05     |                       
2026-03-12 |OI603        |9,832.00   |0.00     |0.00     |0.00     |0.00     |9,905.00  |73.00     |73.00     |0         |815         |0        |0.00         |9,767.00               
2026-03-12 |OI605        |9,731.00   |9,841.00 |9,885.00 |9,737.00 |9,769.00 |9,803.00  |38.00     |72.00     |261,854   |244,974     |-8,696   |2,566,899.15 |                       
2026-03-12 |OI607        |9,677.00   |9,800.00 |9,841.00 |9,705.00 |9,730.00 |9,764.00  |53.00     |87.00     |26,649    |85,272      |-187     |260,187.83   |                       
2026-03-12 |OI609        |9,629.00   |9,732.00 |9,775.00 |9,632.00 |9,667.00 |9,701.00  |38.00     |72.00     |37,427    |57,005      |1,355    |363,080.19   |                       
2026-03-12 |OI611        |9,594.00   |9,697.00 |9,740.00 |9,610.00 |9,674.00 |9,674.00  |80.00     |80.00     |121       |167         |-10      |1,170.61     |                       
2026-03-12 |OI701        |9,587.00   |9,677.00 |9,715.00 |9,594.00 |9,625.00 |9,648.00  |38.00     |61.00     |320       |2,398       |2        |3,087.47     |                       
2026-03-13 |OI603        |9,905.00   |0.00     |0.00     |0.00     |0.00     |9,968.00  |63.00     |63.00     |315       |0           |-815     |3,139.92     |9,815.00               
2026-03-13 |OI605        |9,803.00   |9,795.00 |9,962.00 |9,766.00 |9,821.00 |9,865.00  |18.00     |62.00     |243,575   |244,393     |-581     |2,402,917.09 |                       
2026-03-13 |OI607        |9,764.00   |9,755.00 |9,900.00 |9,731.00 |9,787.00 |9,818.00  |23.00     |54.00     |24,455    |85,841      |569      |240,087.47   |                       
2026-03-13 |OI609        |9,701.00   |9,708.00 |9,815.00 |9,665.00 |9,703.00 |9,745.00  |2.00      |44.00     |32,606    |56,875      |-130     |317,749.41   |                       
2026-03-13 |OI611        |9,674.00   |9,683.00 |9,747.00 |9,645.00 |9,655.00 |9,712.00  |-19.00    |38.00     |332       |253         |86       |3,224.47     |                       
2026-03-13 |OI701        |9,648.00   |9,651.00 |9,716.00 |9,569.00 |9,606.00 |9,649.00  |-42.00    |1.00      |1,224     |2,337       |-61      |11,810.64    |                       
2026-03-16 |OI605        |9,865.00   |9,800.00 |9,995.00 |9,782.00 |9,948.00 |9,905.00  |83.00     |40.00     |231,252   |244,729     |336      |2,290,441.59 |                       
2026-03-16 |OI607        |9,818.00   |9,756.00 |9,959.00 |9,750.00 |9,915.00 |9,869.00  |97.00     |51.00     |26,489    |86,554      |713      |261,409.66   |                       
2026-03-16 |OI609        |9,745.00   |9,694.00 |9,874.00 |9,669.00 |9,829.00 |9,797.00  |84.00     |52.00     |34,352    |59,712      |2,837    |336,534.17   |                       
2026-03-16 |OI611        |9,712.00   |9,667.00 |9,805.00 |9,658.00 |9,802.00 |9,736.00  |90.00     |24.00     |36        |245         |-8       |350.48       |                       
2026-03-16 |OI701        |9,649.00   |9,656.00 |9,773.00 |9,569.00 |9,744.00 |9,682.00  |95.00     |33.00     |435       |2,356       |19       |4,211.51     |                       
2026-03-16 |OI703        |9,649.00   |9,702.00 |9,702.00 |9,688.00 |9,688.00 |9,695.00  |39.00     |46.00     |2         |2           |2        |19.39        |                       
2026-03-17 |OI605        |9,905.00   |9,920.00 |9,928.00 |9,773.00 |9,833.00 |9,835.00  |-72.00    |-70.00    |203,909   |233,669     |-11,060  |2,005,390.83 |                       
2026-03-17 |OI607        |9,869.00   |9,881.00 |9,885.00 |9,732.00 |9,780.00 |9,793.00  |-89.00    |-76.00    |24,046    |86,986      |432      |235,479.04   |                       
2026-03-17 |OI609        |9,797.00   |9,782.00 |9,805.00 |9,649.00 |9,699.00 |9,713.00  |-98.00    |-84.00    |33,227    |64,418      |4,706    |322,743.68   |                       
2026-03-17 |OI611        |9,736.00   |9,753.00 |9,753.00 |9,618.00 |9,659.00 |9,676.00  |-77.00    |-60.00    |200       |269         |24       |1,935.28     |                       
2026-03-17 |OI701        |9,682.00   |9,720.00 |9,720.00 |9,568.00 |9,611.00 |9,636.00  |-71.00    |-46.00    |691       |2,498       |142      |6,658.55     |                       
2026-03-17 |OI703        |9,695.00   |9,606.00 |9,606.00 |9,548.00 |9,562.00 |9,578.00  |-133.00   |-117.00   |4         |1           |-1       |38.31        |                       
2026-03-18 |OI605        |9,835.00   |9,866.00 |9,880.00 |9,718.00 |9,780.00 |9,804.00  |-55.00    |-31.00    |197,832   |229,484     |-4,185   |1,939,531.32 |                       
2026-03-18 |OI607        |9,793.00   |9,834.00 |9,834.00 |9,650.00 |9,707.00 |9,738.00  |-86.00    |-55.00    |22,588    |87,516      |530      |219,971.05   |                       
2026-03-18 |OI609        |9,713.00   |9,756.00 |9,756.00 |9,594.00 |9,639.00 |9,670.00  |-74.00    |-43.00    |28,407    |63,883      |-535     |274,695.98   |                       
2026-03-18 |OI611        |9,676.00   |9,682.00 |9,685.00 |9,575.00 |9,592.00 |9,634.00  |-84.00    |-42.00    |37        |272         |3        |356.45       |                       
2026-03-18 |OI701        |9,636.00   |9,620.00 |9,640.00 |9,507.00 |9,550.00 |9,589.00  |-86.00    |-47.00    |256       |2,465       |-33      |2,454.80     |                       
2026-03-18 |OI703        |9,578.00   |9,485.00 |9,489.00 |9,485.00 |9,489.00 |9,487.00  |-89.00    |-91.00    |2         |1           |0        |18.97        |                       
2026-03-19 |OI605        |9,804.00   |9,833.00 |9,924.00 |9,819.00 |9,854.00 |9,871.00  |50.00     |67.00     |192,755   |234,514     |5,030    |1,902,738.55 |                       
2026-03-19 |OI607        |9,738.00   |9,751.00 |9,838.00 |9,746.00 |9,771.00 |9,789.00  |33.00     |51.00     |20,850    |87,070      |-446     |204,106.29   |                       
2026-03-19 |OI609        |9,670.00   |9,691.00 |9,774.00 |9,681.00 |9,708.00 |9,727.00  |38.00     |57.00     |30,126    |66,245      |2,362    |293,020.84   |                       
2026-03-19 |OI611        |9,634.00   |9,662.00 |9,719.00 |9,639.00 |9,690.00 |9,678.00  |56.00     |44.00     |77        |246         |-26      |745.23       |                       
2026-03-19 |OI701        |9,589.00   |9,582.00 |9,658.00 |9,582.00 |9,599.00 |9,622.00  |10.00     |33.00     |343       |2,444       |-21      |3,300.21     |                       
2026-03-19 |OI703        |9,487.00   |9,566.00 |9,626.00 |9,541.00 |9,609.00 |9,598.00  |122.00    |111.00    |49        |41          |40       |470.32       |                       
2026-03-20 |OI605        |9,871.00   |9,861.00 |9,910.00 |9,789.00 |9,876.00 |9,854.00  |5.00      |-17.00    |201,004   |237,433     |2,919    |1,980,738.37 |                       
2026-03-20 |OI607        |9,789.00   |9,776.00 |9,829.00 |9,709.00 |9,808.00 |9,775.00  |19.00     |-14.00    |19,254    |86,542      |-528     |188,205.81   |                       
2026-03-20 |OI609        |9,727.00   |9,700.00 |9,776.00 |9,640.00 |9,743.00 |9,708.00  |16.00     |-19.00    |28,496    |66,644      |399      |276,635.25   |                       
2026-03-20 |OI611        |9,678.00   |9,635.00 |9,713.00 |9,598.00 |9,686.00 |9,649.00  |8.00      |-29.00    |66        |243         |-3       |636.86       |                       
2026-03-20 |OI701        |9,622.00   |9,614.00 |9,667.00 |9,544.00 |9,631.00 |9,610.00  |9.00      |-12.00    |213       |2,418       |-26      |2,046.87     |                       
2026-03-20 |OI703        |9,598.00   |9,550.00 |9,600.00 |9,550.00 |9,600.00 |9,576.00  |2.00      |-22.00    |9         |41          |0        |86.19        |                       
2026-03-23 |OI605        |9,854.00   |9,880.00 |9,986.00 |9,833.00 |9,950.00 |9,896.00  |96.00     |42.00     |224,994   |239,709     |2,276    |2,226,541.30 |                       
2026-03-23 |OI607        |9,775.00   |9,819.00 |9,913.00 |9,765.00 |9,887.00 |9,837.00  |112.00    |62.00     |23,446    |86,665      |123      |230,634.98   |                       
2026-03-23 |OI609        |9,708.00   |9,737.00 |9,856.00 |9,712.00 |9,831.00 |9,776.00  |123.00    |68.00     |35,575    |69,418      |2,774    |347,775.75   |                       
2026-03-23 |OI611        |9,649.00   |9,693.00 |9,800.00 |9,639.00 |9,790.00 |9,725.00  |141.00    |76.00     |104       |238         |-5       |1,011.37     |                       
2026-03-23 |OI701        |9,610.00   |9,625.00 |9,770.00 |9,608.00 |9,749.00 |9,676.00  |139.00    |66.00     |901       |2,579       |161      |8,718.45     |                       
2026-03-23 |OI703        |9,576.00   |9,595.00 |9,701.00 |9,592.00 |9,690.00 |9,644.00  |114.00    |68.00     |16        |41          |0        |154.30       |                       
2026-03-24 |OI605        |9,896.00   |9,840.00 |9,896.00 |9,701.00 |9,813.00 |9,801.00  |-83.00    |-95.00    |218,082   |225,630     |-14,079  |2,137,521.02 |                       
2026-03-24 |OI607        |9,837.00   |9,777.00 |9,830.00 |9,660.00 |9,773.00 |9,759.00  |-64.00    |-78.00    |23,099    |86,446      |-219     |225,411.91   |                       
2026-03-24 |OI609        |9,776.00   |9,685.00 |9,773.00 |9,607.00 |9,705.00 |9,688.00  |-71.00    |-88.00    |36,940    |68,726      |-692     |357,892.31   |                       
2026-03-24 |OI611        |9,725.00   |9,644.00 |9,724.00 |9,577.00 |9,664.00 |9,639.00  |-61.00    |-86.00    |179       |263         |25       |1,725.45     |                       
2026-03-24 |OI701        |9,676.00   |9,600.00 |9,710.00 |9,540.00 |9,645.00 |9,608.00  |-31.00    |-68.00    |817       |2,755       |176      |7,849.60     |                       
2026-03-24 |OI703        |9,644.00   |9,550.00 |9,676.00 |9,550.00 |9,667.00 |9,598.00  |23.00     |-46.00    |22        |44          |3        |211.15       |                       
2026-03-25 |OI605        |9,801.00   |9,805.00 |9,853.00 |9,671.00 |9,707.00 |9,760.00  |-94.00    |-41.00    |196,538   |216,881     |-8,749   |1,918,114.47 |                       
2026-03-25 |OI607        |9,759.00   |9,751.00 |9,815.00 |9,660.00 |9,689.00 |9,731.00  |-70.00    |-28.00    |16,932    |87,544      |1,098    |164,759.71   |                       
2026-03-25 |OI609        |9,688.00   |9,699.00 |9,746.00 |9,590.00 |9,619.00 |9,655.00  |-69.00    |-33.00    |40,093    |68,061      |-665     |387,112.57   |                       
2026-03-25 |OI611        |9,639.00   |9,676.00 |9,720.00 |9,570.00 |9,589.00 |9,667.00  |-50.00    |28.00     |453       |393         |130      |4,378.93     |                       
2026-03-25 |OI701        |9,608.00   |9,650.00 |9,675.00 |9,546.00 |9,567.00 |9,632.00  |-41.00    |24.00     |1,521     |3,209       |454      |14,650.50    |                       
2026-03-25 |OI703        |9,598.00   |9,625.00 |9,650.00 |9,522.00 |9,522.00 |9,611.00  |-76.00    |13.00     |64        |51          |7        |615.11       |                       
2026-03-26 |OI605        |9,760.00   |9,711.00 |9,840.00 |9,665.00 |9,840.00 |9,760.00  |80.00     |0.00      |161,645   |218,416     |1,535    |1,577,681.08 |                       
2026-03-26 |OI607        |9,731.00   |9,696.00 |9,804.00 |9,652.00 |9,804.00 |9,738.00  |73.00     |7.00      |17,197    |87,997      |453      |167,458.11   |                       
2026-03-26 |OI609        |9,655.00   |9,634.00 |9,746.00 |9,582.00 |9,738.00 |9,679.00  |83.00     |24.00     |37,451    |75,865      |7,804    |362,486.31   |                       
2026-03-26 |OI611        |9,667.00   |9,567.00 |9,698.00 |9,567.00 |9,683.00 |9,643.00  |16.00     |-24.00    |295       |260         |-133     |2,844.55     |                       
2026-03-26 |OI701        |9,632.00   |9,581.00 |9,680.00 |9,541.00 |9,669.00 |9,627.00  |37.00     |-5.00     |641       |3,374       |165      |6,171.20     |                       
2026-03-26 |OI703        |9,611.00   |9,519.00 |9,650.00 |9,519.00 |9,630.00 |9,619.00  |19.00     |8.00      |51        |15          |-36      |490.59       |                       
2026-03-27 |OI605        |9,760.00   |9,873.00 |9,888.00 |9,794.00 |9,877.00 |9,838.00  |117.00    |78.00     |147,326   |213,002     |-5,414   |1,449,342.17 |                       
2026-03-27 |OI607        |9,738.00   |9,829.00 |9,855.00 |9,773.00 |9,845.00 |9,810.00  |107.00    |72.00     |14,125    |87,844      |-153     |138,569.69   |                       
2026-03-27 |OI609        |9,679.00   |9,763.00 |9,792.00 |9,709.00 |9,780.00 |9,749.00  |101.00    |70.00     |39,726    |85,662      |9,797    |387,305.82   |                       
2026-03-27 |OI611        |9,643.00   |9,708.00 |9,755.00 |9,670.00 |9,740.00 |9,708.00  |97.00     |65.00     |230       |305         |45       |2,232.90     |                       
2026-03-27 |OI701        |9,627.00   |9,693.00 |9,733.00 |9,648.00 |9,718.00 |9,688.00  |91.00     |61.00     |903       |3,585       |211      |8,748.14     |                       
2026-03-27 |OI703        |9,619.00   |9,647.00 |9,665.00 |9,644.00 |9,665.00 |9,653.00  |46.00     |34.00     |4         |16          |1        |38.61        |                       
2026-03-30 |OI605        |9,838.00   |9,890.00 |9,916.00 |9,762.00 |9,891.00 |9,833.00  |53.00     |-5.00     |207,805   |199,645     |-13,357  |2,043,247.02 |                       
2026-03-30 |OI607        |9,810.00   |9,855.00 |9,886.00 |9,750.00 |9,859.00 |9,812.00  |49.00     |2.00      |25,758    |88,303      |459      |252,725.71   |                       
2026-03-30 |OI609        |9,749.00   |9,800.00 |9,820.00 |9,681.00 |9,793.00 |9,741.00  |44.00     |-8.00     |61,467    |87,959      |2,297    |598,779.96   |                       
2026-03-30 |OI611        |9,708.00   |9,763.00 |9,784.00 |9,658.00 |9,780.00 |9,707.00  |72.00     |-1.00     |164       |283         |-22      |1,591.94     |                       
2026-03-30 |OI701        |9,688.00   |9,741.00 |9,760.00 |9,624.00 |9,739.00 |9,690.00  |51.00     |2.00      |556       |3,677       |92       |5,387.63     |                       
2026-03-30 |OI703        |9,653.00   |9,713.00 |9,713.00 |9,603.00 |9,690.00 |9,640.00  |37.00     |-13.00    |27        |30          |14       |260.28       |                       
2026-03-31 |OI605        |9,833.00   |9,868.00 |9,960.00 |9,826.00 |9,884.00 |9,892.00  |51.00     |59.00     |201,426   |195,830     |-3,815   |1,992,423.57 |                       
2026-03-31 |OI607        |9,812.00   |9,858.00 |9,930.00 |9,800.00 |9,850.00 |9,859.00  |38.00     |47.00     |25,945    |88,014      |-289     |255,786.10   |                       
2026-03-31 |OI609        |9,741.00   |9,780.00 |9,874.00 |9,740.00 |9,791.00 |9,800.00  |50.00     |59.00     |62,519    |97,364      |9,405    |612,710.50   |                       
2026-03-31 |OI611        |9,707.00   |9,729.00 |9,830.00 |9,716.00 |9,747.00 |9,763.00  |40.00     |56.00     |178       |219         |-64      |1,737.89     |                       
2026-03-31 |OI701        |9,690.00   |9,717.00 |9,802.00 |9,690.00 |9,718.00 |9,733.00  |28.00     |43.00     |694       |3,681       |4        |6,754.57     |                       
2026-03-31 |OI703        |9,640.00   |9,676.00 |9,770.00 |9,676.00 |9,710.00 |9,717.00  |70.00     |77.00     |11        |31          |1        |106.89       |                       
2026-04-01 |OI605        |9,892.00   |9,914.00 |10,000.00|9,679.00 |9,720.00 |9,855.00  |-172.00   |-37.00    |270,751   |187,505     |-8,325   |2,668,148.62 |                       
2026-04-01 |OI607        |9,859.00   |9,892.00 |9,968.00 |9,665.00 |9,692.00 |9,825.00  |-167.00   |-34.00    |32,010    |88,813      |799      |314,493.25   |                       
2026-04-01 |OI609        |9,800.00   |9,860.00 |9,911.00 |9,612.00 |9,643.00 |9,768.00  |-157.00   |-32.00    |95,939    |101,938     |4,574    |937,119.10   |                       
2026-04-01 |OI611        |9,763.00   |9,806.00 |9,860.00 |9,585.00 |9,614.00 |9,709.00  |-149.00   |-54.00    |201       |256         |37       |1,951.60     |                       
2026-04-01 |OI701        |9,733.00   |9,774.00 |9,830.00 |9,544.00 |9,583.00 |9,723.00  |-150.00   |-10.00    |1,674     |3,846       |165      |16,277.10    |                       
2026-04-01 |OI703        |9,717.00   |9,764.00 |9,779.00 |9,529.00 |9,548.00 |9,695.00  |-169.00   |-22.00    |9         |31          |0        |87.26        |                       
2026-04-02 |OI605        |9,855.00   |9,735.00 |9,887.00 |9,724.00 |9,832.00 |9,799.00  |-23.00    |-56.00    |165,138   |180,590     |-6,915   |1,618,110.75 |                       
2026-04-02 |OI607        |9,825.00   |9,710.00 |9,836.00 |9,688.00 |9,776.00 |9,760.00  |-49.00    |-65.00    |20,043    |91,690      |2,877    |195,619.02   |                       
2026-04-02 |OI609        |9,768.00   |9,660.00 |9,795.00 |9,642.00 |9,750.00 |9,718.00  |-18.00    |-50.00    |53,861    |108,466     |6,528    |523,409.95   |                       
2026-04-02 |OI611        |9,709.00   |9,634.00 |9,762.00 |9,622.00 |9,727.00 |9,704.00  |18.00     |-5.00     |150       |270         |14       |1,455.63     |                       
2026-04-02 |OI701        |9,723.00   |9,563.00 |9,743.00 |9,563.00 |9,691.00 |9,669.00  |-32.00    |-54.00    |871       |4,028       |182      |8,421.99     |                       
2026-04-02 |OI703        |9,695.00   |9,567.00 |9,683.00 |9,567.00 |9,676.00 |9,613.00  |-19.00    |-82.00    |13        |31          |0        |124.97       |                       
2026-04-03 |OI605        |9,799.00   |9,910.00 |9,912.00 |9,755.00 |9,765.00 |9,814.00  |-34.00    |15.00     |133,812   |170,998     |-9,592   |1,313,275.20 |                       
2026-04-03 |OI607        |9,760.00   |9,847.00 |9,850.00 |9,692.00 |9,711.00 |9,747.00  |-49.00    |-13.00    |18,763    |93,831      |2,141    |182,874.59   |                       
2026-04-03 |OI609        |9,718.00   |9,818.00 |9,826.00 |9,677.00 |9,693.00 |9,722.00  |-25.00    |4.00      |49,234    |112,843     |4,377    |478,672.97   |                       
2026-04-03 |OI611        |9,704.00   |9,765.00 |9,765.00 |9,665.00 |9,668.00 |9,703.00  |-36.00    |-1.00     |234       |249         |-21      |2,270.52     |                       
2026-04-03 |OI701        |9,669.00   |9,750.00 |9,750.00 |9,637.00 |9,656.00 |9,679.00  |-13.00    |10.00     |1,737     |4,265       |237      |16,811.72    |                       
2026-04-03 |OI703        |9,613.00   |9,630.00 |9,665.00 |9,629.00 |9,652.00 |9,654.00  |39.00     |41.00     |53        |55          |24       |511.68       |                       
2026-04-07 |OI605        |9,814.00   |9,779.00 |9,866.00 |9,745.00 |9,769.00 |9,782.00  |-45.00    |-32.00    |117,797   |160,760     |-10,238  |1,152,250.24 |                       
2026-04-07 |OI607        |9,747.00   |9,732.00 |9,789.00 |9,698.00 |9,717.00 |9,730.00  |-30.00    |-17.00    |17,538    |95,042      |1,211    |170,642.82   |                       
2026-04-07 |OI609        |9,722.00   |9,708.00 |9,780.00 |9,680.00 |9,709.00 |9,713.00  |-13.00    |-9.00     |58,666    |117,863     |5,020    |569,840.14   |                       
2026-04-07 |OI611        |9,703.00   |9,715.00 |9,733.00 |9,667.00 |9,704.00 |9,691.00  |1.00      |-12.00    |63        |248         |-1       |610.54       |                       
2026-04-07 |OI701        |9,679.00   |9,700.00 |9,729.00 |9,645.00 |9,677.00 |9,671.00  |-2.00     |-8.00     |758       |4,283       |18       |7,330.80     |                       
2026-04-07 |OI703        |9,654.00   |9,630.00 |9,630.00 |9,630.00 |9,630.00 |9,630.00  |-24.00    |-24.00    |1         |55          |0        |9.63         |                       
2026-04-08 |OI605        |9,782.00   |9,786.00 |9,786.00 |9,122.00 |9,484.00 |9,588.00  |-298.00   |-194.00   |190,062   |143,597     |-17,163  |1,822,235.59 |                       
2026-04-08 |OI607        |9,730.00   |9,715.00 |9,716.00 |9,330.00 |9,433.00 |9,522.00  |-297.00   |-208.00   |27,731    |94,238      |-804     |264,047.93   |                       
2026-04-08 |OI609        |9,713.00   |9,680.00 |9,706.00 |9,130.00 |9,409.00 |9,515.00  |-304.00   |-198.00   |99,838    |117,431     |-432     |949,930.56   |                       
2026-04-08 |OI611        |9,691.00   |9,669.00 |9,669.00 |9,315.00 |9,399.00 |9,527.00  |-292.00   |-164.00   |377       |270         |22       |3,591.66     |                       
2026-04-08 |OI701        |9,671.00   |9,683.00 |9,697.00 |9,095.00 |9,393.00 |9,501.00  |-278.00   |-170.00   |2,162     |4,549       |266      |20,542.01    |                       
2026-04-08 |OI703        |9,630.00   |9,626.00 |9,626.00 |9,278.00 |9,367.00 |9,475.00  |-263.00   |-155.00   |25        |64          |9        |236.88       |                       
2026-04-09 |OI605        |9,588.00   |9,462.00 |9,563.00 |9,429.00 |9,494.00 |9,484.00  |-94.00    |-104.00   |123,266   |129,800     |-13,797  |1,169,087.89 |                       
2026-04-09 |OI607        |9,522.00   |9,416.00 |9,493.00 |9,383.00 |9,440.00 |9,426.00  |-82.00    |-96.00    |14,700    |94,522      |284      |138,557.78   |                       
2026-04-09 |OI609        |9,515.00   |9,395.00 |9,479.00 |9,360.00 |9,425.00 |9,410.00  |-90.00    |-105.00   |67,466    |118,796     |1,365    |634,876.68   |                       
2026-04-09 |OI611        |9,527.00   |9,379.00 |9,466.00 |9,353.00 |9,422.00 |9,406.00  |-105.00   |-121.00   |149       |341         |71       |1,401.45     |                       
2026-04-09 |OI701        |9,501.00   |9,387.00 |9,457.00 |9,340.00 |9,420.00 |9,403.00  |-81.00    |-98.00    |1,389     |5,009       |460      |13,061.30    |                       
2026-04-09 |OI703        |9,475.00   |9,358.00 |9,424.00 |9,352.00 |9,397.00 |9,385.00  |-78.00    |-90.00    |22        |78          |14       |206.48       |                       
2026-04-10 |OI605        |9,484.00   |9,528.00 |9,605.00 |9,503.00 |9,521.00 |9,541.00  |37.00     |57.00     |117,724   |119,581     |-10,219  |1,123,227.12 |                       
2026-04-10 |OI607        |9,426.00   |9,457.00 |9,537.00 |9,444.00 |9,457.00 |9,475.00  |31.00     |49.00     |20,047    |95,109      |587      |189,949.51   |                       
2026-04-10 |OI609        |9,410.00   |9,445.00 |9,520.00 |9,430.00 |9,440.00 |9,463.00  |30.00     |53.00     |72,765    |125,074     |6,278    |688,549.64   |                       
2026-04-10 |OI611        |9,406.00   |9,433.00 |9,514.00 |9,433.00 |9,451.00 |9,453.00  |45.00     |47.00     |73        |335         |-6       |690.10       |                       
2026-04-10 |OI701        |9,403.00   |9,435.00 |9,513.00 |9,426.00 |9,441.00 |9,456.00  |38.00     |53.00     |844       |5,187       |178      |7,980.87     |                       
2026-04-10 |OI703        |9,385.00   |9,384.00 |9,456.00 |9,384.00 |9,434.00 |9,430.00  |49.00     |45.00     |9         |77          |-1       |84.87        |                       
2026-04-13 |OI605        |9,541.00   |9,491.00 |9,576.00 |9,457.00 |9,484.00 |9,503.00  |-57.00    |-38.00    |138,807   |94,462      |-25,119  |1,317,987.71 |                       
2026-04-13 |OI607        |9,475.00   |9,440.00 |9,506.00 |9,400.00 |9,428.00 |9,444.00  |-47.00    |-31.00    |22,737    |96,320      |1,211    |214,718.73   |                       
2026-04-13 |OI609        |9,463.00   |9,418.00 |9,494.00 |9,381.00 |9,415.00 |9,429.00  |-48.00    |-34.00    |103,436   |146,298     |21,224   |975,251.84   |                       
2026-04-13 |OI611        |9,453.00   |9,412.00 |9,461.00 |9,382.00 |9,415.00 |9,423.00  |-38.00    |-30.00    |372       |511         |176      |3,505.48     |                       
2026-04-13 |OI701        |9,456.00   |9,428.00 |9,472.00 |9,380.00 |9,410.00 |9,420.00  |-46.00    |-36.00    |1,774     |5,632       |445      |16,711.18    |                       
2026-04-13 |OI703        |9,430.00   |9,397.00 |9,442.00 |9,383.00 |9,424.00 |9,428.00  |-6.00     |-2.00     |21        |92          |15       |197.99       |                       
2026-04-14 |OI605        |9,503.00   |9,484.00 |9,508.00 |9,436.00 |9,492.00 |9,472.00  |-11.00    |-31.00    |93,625    |79,090      |-15,372  |886,797.41   |                       
2026-04-14 |OI607        |9,444.00   |9,431.00 |9,446.00 |9,374.00 |9,427.00 |9,411.00  |-17.00    |-33.00    |19,287    |97,827      |1,507    |181,504.42   |                       
2026-04-14 |OI609        |9,429.00   |9,415.00 |9,432.00 |9,360.00 |9,414.00 |9,396.00  |-15.00    |-33.00    |96,820    |157,212     |10,914   |909,720.85   |                       
2026-04-14 |OI611        |9,423.00   |9,412.00 |9,418.00 |9,361.00 |9,410.00 |9,386.00  |-13.00    |-37.00    |343       |548         |37       |3,219.51     |                       
2026-04-14 |OI701        |9,420.00   |9,412.00 |9,426.00 |9,354.00 |9,406.00 |9,381.00  |-14.00    |-39.00    |2,128     |6,118       |486      |19,963.28    |                       
2026-04-14 |OI703        |9,428.00   |9,402.00 |9,402.00 |9,372.00 |9,376.00 |9,389.00  |-52.00    |-39.00    |13        |93          |1        |122.06       |                       
2026-04-15 |OI605        |9,472.00   |9,469.00 |9,504.00 |9,384.00 |9,498.00 |9,450.00  |26.00     |-22.00    |70,559    |58,882      |-20,208  |666,755.83   |                       
2026-04-15 |OI607        |9,411.00   |9,412.00 |9,437.00 |9,329.00 |9,427.00 |9,385.00  |16.00     |-26.00    |22,576    |97,739      |-88      |211,884.81   |                       
2026-04-15 |OI609        |9,396.00   |9,417.00 |9,424.00 |9,317.00 |9,414.00 |9,377.00  |18.00     |-19.00    |167,887   |173,878     |16,666   |1,574,306.53 |                       
2026-04-15 |OI611        |9,386.00   |9,402.00 |9,415.00 |9,319.00 |9,402.00 |9,380.00  |16.00     |-6.00     |171       |552         |4        |1,604.03     |                       
2026-04-15 |OI701        |9,381.00   |9,403.00 |9,409.00 |9,308.00 |9,404.00 |9,367.00  |23.00     |-14.00    |1,310     |6,174       |56       |12,270.46    |                       
2026-04-15 |OI703        |9,389.00   |9,344.00 |9,379.00 |9,300.00 |9,371.00 |9,336.00  |-18.00    |-53.00    |43        |108         |15       |401.44       |                       
2026-04-16 |OI605        |9,450.00   |9,520.00 |9,520.00 |9,438.00 |9,488.00 |9,468.00  |38.00     |18.00     |34,548    |47,826      |-11,056  |327,114.38   |                       
2026-04-16 |OI607        |9,385.00   |9,442.00 |9,450.00 |9,369.00 |9,416.00 |9,393.00  |31.00     |8.00      |18,568    |98,495      |756      |174,412.48   |                       
2026-04-16 |OI609        |9,377.00   |9,430.00 |9,438.00 |9,355.00 |9,403.00 |9,381.00  |26.00     |4.00      |127,324   |175,618     |1,740    |1,194,432.71 |                       
2026-04-16 |OI611        |9,380.00   |9,420.00 |9,421.00 |9,355.00 |9,392.00 |9,380.00  |12.00     |0.00      |69        |568         |16       |647.22       |                       
2026-04-16 |OI701        |9,367.00   |9,449.00 |9,449.00 |9,347.00 |9,387.00 |9,378.00  |20.00     |11.00     |1,652     |6,603       |429      |15,492.90    |                       
2026-04-16 |OI703        |9,336.00   |9,370.00 |9,374.00 |9,342.00 |9,374.00 |9,357.00  |38.00     |21.00     |21        |126         |18       |196.50       |                       
2026-04-17 |OI605        |9,468.00   |9,509.00 |9,575.00 |9,486.00 |9,531.00 |9,524.00  |63.00     |56.00     |28,656    |38,819      |-9,007   |272,920.17   |                       
2026-04-17 |OI607        |9,393.00   |9,422.00 |9,502.00 |9,415.00 |9,468.00 |9,458.00  |75.00     |65.00     |28,584    |98,431      |-64      |270,343.60   |                       
2026-04-17 |OI609        |9,381.00   |9,422.00 |9,490.00 |9,402.00 |9,460.00 |9,445.00  |79.00     |64.00     |150,149   |187,936     |12,318   |1,418,163.28 |                       
2026-04-17 |OI611        |9,380.00   |9,406.00 |9,476.00 |9,377.00 |9,443.00 |9,428.00  |63.00     |48.00     |480       |508         |-60      |4,525.25     |                       
2026-04-17 |OI701        |9,378.00   |9,400.00 |9,477.00 |9,370.00 |9,434.00 |9,420.00  |56.00     |42.00     |2,314     |6,594       |-9       |21,798.77    |                       
2026-04-17 |OI703        |9,357.00   |9,394.00 |9,460.00 |9,394.00 |9,422.00 |9,431.00  |65.00     |74.00     |13        |120         |-6       |122.60       |                       
2026-04-20 |OI605        |9,524.00   |9,453.00 |9,604.00 |9,417.00 |9,586.00 |9,505.00  |62.00     |-19.00    |28,898    |30,420      |-8,399   |274,670.09   |                       
2026-04-20 |OI607        |9,458.00   |9,362.00 |9,538.00 |9,357.00 |9,527.00 |9,448.00  |69.00     |-10.00    |35,645    |98,329      |-102     |336,763.35   |                       
2026-04-20 |OI609        |9,445.00   |9,360.00 |9,528.00 |9,346.00 |9,514.00 |9,439.00  |69.00     |-6.00     |185,530   |198,953     |11,017   |1,751,152.21 |                       
2026-04-20 |OI611        |9,428.00   |9,358.00 |9,513.00 |9,352.00 |9,494.00 |9,425.00  |66.00     |-3.00     |191       |522         |14       |1,800.12     |                       
2026-04-20 |OI701        |9,420.00   |9,370.00 |9,505.00 |9,329.00 |9,493.00 |9,417.00  |73.00     |-3.00     |1,754     |6,601       |7        |16,517.38    |                       
2026-04-20 |OI703        |9,431.00   |9,338.00 |9,441.00 |9,338.00 |9,433.00 |9,425.00  |2.00      |-6.00     |53        |84          |-36      |499.51       |                       
2026-04-21 |OI605        |9,505.00   |9,566.00 |9,702.00 |9,551.00 |9,662.00 |9,625.00  |157.00    |120.00    |14,728    |25,956      |-4,464   |141,760.49   |                       
2026-04-21 |OI607        |9,448.00   |9,517.00 |9,644.00 |9,484.00 |9,600.00 |9,557.00  |152.00    |109.00    |44,567    |97,868      |-461     |425,932.64   |                       
2026-04-21 |OI609        |9,439.00   |9,500.00 |9,630.00 |9,470.00 |9,581.00 |9,545.00  |142.00    |106.00    |187,726   |208,047     |9,094    |1,791,828.94 |                       
2026-04-21 |OI611        |9,425.00   |9,482.00 |9,612.00 |9,466.00 |9,581.00 |9,536.00  |156.00    |111.00    |92        |521         |-1       |877.29       |                       
2026-04-21 |OI701        |9,417.00   |9,450.00 |9,602.00 |9,448.00 |9,559.00 |9,535.00  |142.00    |118.00    |1,642     |6,618       |17       |15,657.28    |                       
2026-04-21 |OI703        |9,425.00   |9,435.00 |9,581.00 |9,435.00 |9,541.00 |9,531.00  |116.00    |106.00    |21        |73          |-11      |200.16       |                       
2026-04-22 |OI605        |9,625.00   |9,650.00 |9,770.00 |9,650.00 |9,752.00 |9,716.00  |127.00    |91.00     |11,960    |21,880      |-4,076   |116,198.31   |                       
2026-04-22 |OI607        |9,557.00   |9,650.00 |9,709.00 |9,605.00 |9,693.00 |9,664.00  |136.00    |107.00    |39,366    |95,600      |-2,268   |380,445.78   |                       
2026-04-22 |OI609        |9,545.00   |9,587.00 |9,682.00 |9,583.00 |9,662.00 |9,637.00  |117.00    |92.00     |164,003   |213,261     |5,214    |1,580,544.50 |                       
2026-04-22 |OI611        |9,536.00   |9,605.00 |9,664.00 |9,582.00 |9,652.00 |9,631.00  |116.00    |95.00     |327       |603         |82       |3,149.20     |                       
2026-04-22 |OI701        |9,535.00   |9,574.00 |9,660.00 |9,572.00 |9,645.00 |9,623.00  |110.00    |88.00     |1,897     |6,942       |324      |18,255.13    |                       
2026-04-22 |OI703        |9,531.00   |9,593.00 |9,620.00 |9,591.00 |9,591.00 |9,603.00  |60.00     |72.00     |4         |71          |-2       |38.41        |                       
2026-04-23 |OI605        |9,716.00   |9,769.00 |9,800.00 |9,702.00 |9,733.00 |9,739.00  |17.00     |23.00     |9,998     |18,949      |-2,931   |97,373.50    |                       
2026-04-23 |OI607        |9,664.00   |9,700.00 |9,743.00 |9,643.00 |9,681.00 |9,690.00  |17.00     |26.00     |38,409    |94,332      |-1,268   |372,198.01   |                       
2026-04-23 |OI609        |9,637.00   |9,671.00 |9,720.00 |9,613.00 |9,648.00 |9,661.00  |11.00     |24.00     |155,579   |218,255     |4,994    |1,503,048.81 |                       
2026-04-23 |OI611        |9,631.00   |9,663.00 |9,688.00 |9,604.00 |9,647.00 |9,648.00  |16.00     |17.00     |174       |633         |30       |1,678.73     |                       
2026-04-23 |OI701        |9,623.00   |9,664.00 |9,698.00 |9,598.00 |9,629.00 |9,644.00  |6.00      |21.00     |1,719     |7,436       |494      |16,577.64    |                       
2026-04-23 |OI703        |9,603.00   |9,644.00 |9,644.00 |9,605.00 |9,625.00 |9,625.00  |22.00     |22.00     |3         |73          |2        |28.87        |                       
2026-04-24 |OI605        |9,739.00   |9,702.00 |9,857.00 |9,702.00 |9,786.00 |9,793.00  |47.00     |54.00     |11,333    |14,187      |-4,762   |110,983.91   |                       
2026-04-24 |OI607        |9,690.00   |9,680.00 |9,814.00 |9,674.00 |9,735.00 |9,747.00  |45.00     |57.00     |52,558    |92,370      |-1,962   |512,257.10   |                       
2026-04-24 |OI609        |9,661.00   |9,640.00 |9,776.00 |9,638.00 |9,697.00 |9,708.00  |36.00     |47.00     |256,870   |233,280     |15,025   |2,493,598.00 |                       
2026-04-24 |OI611        |9,648.00   |9,659.00 |9,757.00 |9,639.00 |9,689.00 |9,698.00  |41.00     |50.00     |295       |604         |-29      |2,860.92     |                       
2026-04-24 |OI701        |9,644.00   |9,626.00 |9,753.00 |9,626.00 |9,685.00 |9,687.00  |41.00     |43.00     |2,598     |7,776       |340      |25,166.86    |                       
2026-04-24 |OI703        |9,625.00   |9,670.00 |9,717.00 |9,619.00 |9,626.00 |9,673.00  |1.00      |48.00     |12        |69          |-4       |116.07       |                       
2026-04-27 |OI605        |9,793.00   |9,793.00 |9,857.00 |9,775.00 |9,801.00 |9,806.00  |8.00      |13.00     |9,150     |9,414       |-4,773   |89,725.35    |                       
2026-04-27 |OI607        |9,747.00   |9,751.00 |9,794.00 |9,723.00 |9,752.00 |9,751.00  |5.00      |4.00      |35,158    |90,956      |-1,414   |342,821.61   |                       
2026-04-27 |OI609        |9,708.00   |9,705.00 |9,760.00 |9,684.00 |9,715.00 |9,716.00  |7.00      |8.00      |148,292   |239,064     |5,784    |1,440,819.51 |                       
2026-04-27 |OI611        |9,698.00   |9,679.00 |9,737.00 |9,675.00 |9,701.00 |9,712.00  |3.00      |14.00     |73        |619         |15       |709.01       |                       
2026-04-27 |OI701        |9,687.00   |9,686.00 |9,739.00 |9,667.00 |9,696.00 |9,703.00  |9.00      |16.00     |1,931     |8,044       |268      |18,737.32    |                       
2026-04-27 |OI703        |9,673.00   |9,676.00 |9,698.00 |9,676.00 |9,684.00 |9,686.00  |11.00     |13.00     |5         |67          |-2       |48.43        |                       
2026-04-28 |OI605        |9,806.00   |9,751.00 |9,898.00 |9,751.00 |9,886.00 |9,816.00  |80.00     |10.00     |4,473     |7,274       |-2,140   |43,907.46    |                       
2026-04-28 |OI607        |9,751.00   |9,741.00 |9,837.00 |9,706.00 |9,809.00 |9,772.00  |58.00     |21.00     |42,880    |91,685      |729      |419,019.05   |                       
2026-04-28 |OI609        |9,716.00   |9,701.00 |9,800.00 |9,667.00 |9,780.00 |9,732.00  |64.00     |16.00     |182,809   |251,350     |12,286   |1,779,043.21 |                       
2026-04-28 |OI611        |9,712.00   |9,693.00 |9,783.00 |9,665.00 |9,762.00 |9,727.00  |50.00     |15.00     |156       |623         |4        |1,517.35     |                       
2026-04-28 |OI701        |9,703.00   |9,698.00 |9,778.00 |9,652.00 |9,757.00 |9,713.00  |54.00     |10.00     |1,701     |8,120       |76       |16,521.77    |                       
2026-04-28 |OI703        |9,686.00   |9,678.00 |9,750.00 |9,648.00 |9,750.00 |9,686.00  |64.00     |0.00      |23        |70          |3        |222.79       |                       
2026-04-29 |OI605        |9,816.00   |9,898.00 |10,021.00|9,850.00 |10,021.00|9,947.00  |205.00    |131.00    |5,493     |3,924       |-3,350   |54,637.59    |                       
2026-04-29 |OI607        |9,772.00   |9,829.00 |9,933.00 |9,778.00 |9,927.00 |9,857.00  |155.00    |85.00     |42,727    |93,437      |1,752    |421,161.46   |                       
2026-04-29 |OI609        |9,732.00   |9,799.00 |9,905.00 |9,744.00 |9,900.00 |9,826.00  |168.00    |94.00     |213,728   |270,331     |18,981   |2,100,107.49 |                       
2026-04-29 |OI611        |9,727.00   |9,785.00 |9,886.00 |9,735.00 |9,883.00 |9,791.00  |156.00    |64.00     |449       |673         |50       |4,395.98     |                       
2026-04-29 |OI701        |9,713.00   |9,800.00 |9,881.00 |9,725.00 |9,878.00 |9,802.00  |165.00    |89.00     |3,214     |8,332       |212      |31,505.11    |                       
2026-04-29 |OI703        |9,686.00   |9,798.00 |9,842.00 |9,782.00 |9,842.00 |9,805.00  |156.00    |119.00    |7         |71          |1        |68.63        |                       
2026-04-30 |OI605        |9,947.00   |10,051.00|10,233.00|10,006.00|10,206.00|10,081.00 |259.00    |134.00    |4,363     |787         |-3,137   |43,981.36    |                       
2026-04-30 |OI607        |9,857.00   |9,930.00 |9,972.00 |9,903.00 |9,920.00 |9,936.00  |63.00     |79.00     |49,145    |95,248      |1,811    |488,280.36   |                       
2026-04-30 |OI609        |9,826.00   |9,924.00 |9,949.00 |9,884.00 |9,913.00 |9,919.00  |87.00     |93.00     |192,448   |272,454     |2,123    |1,908,838.28 |                       
2026-04-30 |OI611        |9,791.00   |9,912.00 |9,925.00 |9,865.00 |9,901.00 |9,905.00  |110.00    |114.00    |620       |804         |131      |6,141.08     |                       
2026-04-30 |OI701        |9,802.00   |9,893.00 |9,923.00 |9,860.00 |9,900.00 |9,898.00  |98.00     |96.00     |3,289     |8,996       |664      |32,555.55    |                       
2026-04-30 |OI703        |9,805.00   |9,897.00 |9,897.00 |9,846.00 |9,889.00 |9,879.00  |84.00     |74.00     |12        |78          |7        |118.55       |                       
2026-05-06 |OI605        |10,081.00  |10,256.00|10,323.00|10,189.00|10,218.00|10,270.00 |137.00    |189.00    |157       |759         |-28      |1,612.42     |9,830.00               
2026-05-06 |OI607        |9,936.00   |10,097.00|10,097.00|9,895.00 |9,952.00 |9,960.00  |16.00     |24.00     |26,172    |96,943      |1,695    |260,683.89   |                       
2026-05-06 |OI609        |9,919.00   |9,977.00 |10,030.00|9,884.00 |9,935.00 |9,951.00  |16.00     |32.00     |135,131   |281,618     |9,164    |1,344,701.81 |                       
2026-05-06 |OI611        |9,905.00   |9,943.00 |10,010.00|9,873.00 |9,918.00 |9,939.00  |13.00     |34.00     |160       |773         |-31      |1,590.30     |                       
2026-05-06 |OI701        |9,898.00   |9,941.00 |10,006.00|9,868.00 |9,916.00 |9,935.00  |18.00     |37.00     |1,416     |9,117       |121      |14,068.32    |                       
2026-05-06 |OI703        |9,879.00   |9,938.00 |9,949.00 |9,859.00 |9,871.00 |9,902.00  |-8.00     |23.00     |6         |78          |0        |59.41        |                       
2026-05-07 |OI605        |10,270.00  |10,220.00|10,220.00|10,120.00|10,120.00|10,182.00 |-150.00   |-88.00    |88        |747         |-12      |895.97       |9,898.00               
2026-05-07 |OI607        |9,960.00   |9,887.00 |9,940.00 |9,831.00 |9,892.00 |9,892.00  |-68.00    |-68.00    |28,233    |99,210      |2,267    |279,269.75   |                       
2026-05-07 |OI609        |9,951.00   |9,872.00 |9,927.00 |9,815.00 |9,882.00 |9,877.00  |-69.00    |-74.00    |158,226   |288,875     |7,257    |1,562,782.47 |                       
2026-05-07 |OI611        |9,939.00   |9,876.00 |9,903.00 |9,805.00 |9,867.00 |9,864.00  |-72.00    |-75.00    |300       |720         |-53      |2,959.31     |                       
2026-05-07 |OI701        |9,935.00   |9,860.00 |9,904.00 |9,795.00 |9,862.00 |9,858.00  |-73.00    |-77.00    |2,359     |9,354       |237      |23,256.05    |                       
2026-05-07 |OI703        |9,902.00   |9,852.00 |9,871.00 |9,785.00 |9,836.00 |9,846.00  |-66.00    |-56.00    |12        |80          |2        |118.15       |                       
2026-05-08 |OI605        |10,182.00  |10,210.00|10,210.00|10,061.00|10,061.00|10,121.00 |-121.00   |-61.00    |9         |744         |-3       |91.09        |9,947.00               
2026-05-08 |OI607        |9,892.00   |9,836.00 |9,853.00 |9,746.00 |9,754.00 |9,790.00  |-138.00   |-102.00   |30,675    |99,382      |172      |300,299.26   |                       
2026-05-08 |OI609        |9,877.00   |9,845.00 |9,845.00 |9,738.00 |9,755.00 |9,783.00  |-122.00   |-94.00    |205,650   |279,782     |-9,093   |2,011,773.25 |                       
2026-05-08 |OI611        |9,864.00   |9,820.00 |9,820.00 |9,735.00 |9,756.00 |9,771.00  |-108.00   |-93.00    |631       |984         |264      |6,165.74     |                       
2026-05-08 |OI701        |9,858.00   |9,815.00 |9,819.00 |9,737.00 |9,746.00 |9,770.00  |-112.00   |-88.00    |4,691     |10,436      |1,082    |45,829.82    |                       
2026-05-08 |OI703        |9,846.00   |9,793.00 |9,793.00 |9,720.00 |9,734.00 |9,760.00  |-112.00   |-86.00    |29        |93          |13       |283.04       |                       
2026-05-11 |OI605        |10,121.00  |10,050.00|10,050.00|10,050.00|10,050.00|10,050.00 |-71.00    |-71.00    |3         |744         |0        |30.15        |9,981.00               
2026-05-11 |OI607        |9,790.00   |9,738.00 |9,820.00 |9,717.00 |9,771.00 |9,769.00  |-19.00    |-21.00    |45,124    |101,347     |1,965    |440,798.23   |                       
2026-05-11 |OI609        |9,783.00   |9,730.00 |9,812.00 |9,714.00 |9,757.00 |9,764.00  |-26.00    |-19.00    |166,665   |273,021     |-6,761   |1,627,381.16 |                       
2026-05-11 |OI611        |9,771.00   |9,726.00 |9,801.00 |9,708.00 |9,759.00 |9,757.00  |-12.00    |-14.00    |674       |1,189       |205      |6,576.30     |                       
2026-05-11 |OI701        |9,770.00   |9,723.00 |9,809.00 |9,704.00 |9,766.00 |9,764.00  |-4.00     |-6.00     |5,912     |11,168      |732      |57,725.03    |                       
2026-05-11 |OI703        |9,760.00   |9,699.00 |9,774.00 |9,697.00 |9,746.00 |9,743.00  |-14.00    |-17.00    |33        |95          |2        |321.50       |                       
2026-05-12 |OI605        |10,050.00  |0.00     |0.00     |0.00     |0.00     |10,050.00 |0.00      |0.00      |0         |744         |0        |0.00         |10,012.00              
2026-05-12 |OI607        |9,769.00   |9,754.00 |9,818.00 |9,671.00 |9,710.00 |9,751.00  |-59.00    |-18.00    |48,671    |102,529     |1,182    |474,596.54   |                       
2026-05-12 |OI609        |9,764.00   |9,739.00 |9,806.00 |9,656.00 |9,694.00 |9,733.00  |-70.00    |-31.00    |197,909   |265,842     |-7,179   |1,926,194.18 |                       
2026-05-12 |OI611        |9,757.00   |9,749.00 |9,800.00 |9,652.00 |9,681.00 |9,716.00  |-76.00    |-41.00    |679       |1,357       |168      |6,597.12     |                       
2026-05-12 |OI701        |9,764.00   |9,759.00 |9,807.00 |9,660.00 |9,700.00 |9,730.00  |-64.00    |-34.00    |5,020     |11,565      |397      |48,846.32    |                       
2026-05-12 |OI703        |9,743.00   |9,741.00 |9,764.00 |9,660.00 |9,674.00 |9,708.00  |-69.00    |-35.00    |25        |103         |8        |242.69       |                       
2026-05-13 |OI605        |10,050.00  |0.00     |0.00     |0.00     |0.00     |10,003.00 |-47.00    |-47.00    |0         |744         |0        |0.00         |10,033.00              
2026-05-13 |OI607        |9,751.00   |9,716.00 |9,754.00 |9,680.00 |9,694.00 |9,714.00  |-57.00    |-37.00    |43,487    |104,098     |1,569    |422,421.73   |                       
2026-05-13 |OI609        |9,733.00   |9,700.00 |9,730.00 |9,650.00 |9,665.00 |9,687.00  |-68.00    |-46.00    |145,546   |264,394     |-1,448   |1,409,947.39 |                       
2026-05-13 |OI611        |9,716.00   |9,706.00 |9,726.00 |9,649.00 |9,668.00 |9,678.00  |-48.00    |-38.00    |415       |1,516       |159      |4,016.43     |                       
2026-05-13 |OI701        |9,730.00   |9,709.00 |9,734.00 |9,660.00 |9,681.00 |9,691.00  |-49.00    |-39.00    |3,138     |12,060      |495      |30,410.02    |                       
2026-05-13 |OI703        |9,708.00   |9,697.00 |9,704.00 |9,655.00 |9,671.00 |9,683.00  |-37.00    |-25.00    |26        |94          |-9       |251.75       |                       
2026-05-14 |OI605        |10,003.00  |0.00     |0.00     |0.00     |0.00     |10,030.00 |27.00     |27.00     |0         |744         |0        |0.00         |10,055.00              
2026-05-14 |OI607        |9,714.00   |9,703.00 |9,796.00 |9,703.00 |9,707.00 |9,741.00  |-7.00     |27.00     |48,121    |104,581     |483      |468,736.83   |                       
2026-05-14 |OI609        |9,687.00   |9,682.00 |9,766.00 |9,676.00 |9,681.00 |9,713.00  |-6.00     |26.00     |206,059   |261,274     |-3,120   |2,001,389.22 |                       
2026-05-14 |OI611        |9,678.00   |9,683.00 |9,752.00 |9,658.00 |9,663.00 |9,700.00  |-15.00    |22.00     |1,651     |1,243       |-273     |16,014.33    |                       
2026-05-14 |OI701        |9,691.00   |9,684.00 |9,767.00 |9,657.00 |9,661.00 |9,706.00  |-30.00    |15.00     |9,489     |11,533      |-527     |92,098.38    |                       
2026-05-14 |OI703        |9,683.00   |9,696.00 |9,750.00 |9,653.00 |9,656.00 |9,695.00  |-27.00    |12.00     |28        |80          |-14      |271.45       |                       
2026-05-15 |OI605        |10,030.00  |0.00     |0.00     |0.00     |0.00     |9,912.00  |-118.00   |-118.00   |0         |491         |-253     |0.00         |10,065.00              
2026-05-15 |OI607        |9,741.00   |9,680.00 |9,703.00 |9,548.00 |9,548.00 |9,634.00  |-193.00   |-107.00   |38,763    |103,575     |-1,006   |373,423.73   |                       
2026-05-15 |OI609        |9,713.00   |9,661.00 |9,676.00 |9,530.00 |9,537.00 |9,599.00  |-176.00   |-114.00   |225,717   |243,261     |-18,013  |2,166,769.14 |                       
2026-05-15 |OI611        |9,700.00   |9,651.00 |9,656.00 |9,520.00 |9,526.00 |9,565.00  |-174.00   |-135.00   |1,220     |1,359       |116      |11,669.75    |                       
2026-05-15 |OI701        |9,706.00   |9,641.00 |9,653.00 |9,524.00 |9,528.00 |9,580.00  |-178.00   |-126.00   |5,852     |12,392      |859      |56,060.71    |                       
2026-05-15 |OI703        |9,695.00   |9,613.00 |9,626.00 |9,530.00 |9,544.00 |9,569.00  |-151.00   |-126.00   |38        |84          |4        |363.63       |                       
2026-05-18 |OI605        |9,912.00   |0.00     |0.00     |0.00     |0.00     |9,912.00  |0.00      |0.00      |0         |491         |0        |0.00         |10,061.00              
2026-05-18 |OI607        |9,634.00   |9,540.00 |9,608.00 |9,512.00 |9,604.00 |9,560.00  |-30.00    |-74.00    |39,080    |103,790     |215      |373,600.98   |                       
2026-05-18 |OI609        |9,599.00   |9,527.00 |9,583.00 |9,496.00 |9,577.00 |9,539.00  |-22.00    |-60.00    |180,084   |230,014     |-13,247  |1,717,879.84 |                       
2026-05-18 |OI611        |9,565.00   |9,515.00 |9,570.00 |9,490.00 |9,558.00 |9,538.00  |-7.00     |-27.00    |907       |1,546       |187      |8,650.63     |                       
2026-05-18 |OI701        |9,580.00   |9,531.00 |9,578.00 |9,486.00 |9,565.00 |9,538.00  |-15.00    |-42.00    |4,982     |12,163      |-229     |47,516.79    |                       
2026-05-18 |OI703        |9,569.00   |9,494.00 |9,566.00 |9,490.00 |9,566.00 |9,526.00  |-3.00     |-43.00    |17        |87          |3        |161.95       |                       
2026-05-19 |OI605        |9,912.00   |0.00     |0.00     |0.00     |0.00     |10,019.00 |107.00    |107.00    |114       |0           |-491     |1,142.17     |10,055.00              
2026-05-19 |OI607        |9,560.00   |9,614.00 |9,842.00 |9,563.00 |9,832.00 |9,660.00  |272.00    |100.00    |48,543    |101,099     |-2,691   |468,935.28   |                       
2026-05-19 |OI609        |9,539.00   |9,577.00 |9,799.00 |9,536.00 |9,789.00 |9,642.00  |250.00    |103.00    |258,441   |250,280     |20,266   |2,491,948.91 |                       
2026-05-19 |OI611        |9,538.00   |9,555.00 |9,780.00 |9,527.00 |9,769.00 |9,622.00  |231.00    |84.00     |1,229     |1,266       |-280     |11,825.79    |                       
2026-05-19 |OI701        |9,538.00   |9,568.00 |9,780.00 |9,527.00 |9,767.00 |9,630.00  |229.00    |92.00     |6,161     |11,088      |-1,075   |59,332.45    |                       
2026-05-19 |OI703        |9,526.00   |9,548.00 |9,756.00 |9,522.00 |9,756.00 |9,608.00  |230.00    |82.00     |55        |84          |-3       |528.42       |                       
2026-05-20 |OI607        |9,660.00   |9,828.00 |9,924.00 |9,778.00 |9,901.00 |9,844.00  |241.00    |184.00    |55,830    |100,932     |-167     |549,598.93   |                       
2026-05-20 |OI609        |9,642.00   |9,777.00 |9,889.00 |9,745.00 |9,864.00 |9,810.00  |222.00    |168.00    |294,767   |264,344     |14,064   |2,891,559.72 |                       
2026-05-20 |OI611        |9,622.00   |9,762.00 |9,876.00 |9,732.00 |9,849.00 |9,795.00  |227.00    |173.00    |1,572     |1,647       |381      |15,398.35    |                       
2026-05-20 |OI701        |9,630.00   |9,758.00 |9,884.00 |9,738.00 |9,859.00 |9,805.00  |229.00    |175.00    |7,750     |12,262      |1,174    |75,991.21    |                       
2026-05-20 |OI703        |9,608.00   |9,760.00 |9,850.00 |9,725.00 |9,850.00 |9,774.00  |242.00    |166.00    |49        |82          |-2       |478.92       |                       
2026-05-20 |OI705        |9,608.00   |9,739.00 |9,817.00 |9,739.00 |9,817.00 |9,758.00  |209.00    |150.00    |5         |3           |3        |48.79        |                       
2026-05-21 |OI607        |9,844.00   |9,885.00 |9,885.00 |9,759.00 |9,767.00 |9,831.00  |-77.00    |-13.00    |52,896    |102,023     |1,091    |520,035.80   |                       
2026-05-21 |OI609        |9,810.00   |9,839.00 |9,843.00 |9,714.00 |9,726.00 |9,786.00  |-84.00    |-24.00    |227,020   |249,512     |-14,832  |2,221,554.49 |                       
2026-05-21 |OI611        |9,795.00   |9,818.00 |9,825.00 |9,705.00 |9,716.00 |9,781.00  |-79.00    |-14.00    |1,219     |1,771       |124      |11,923.27    |                       
2026-05-21 |OI701        |9,805.00   |9,824.00 |9,836.00 |9,715.00 |9,726.00 |9,779.00  |-79.00    |-26.00    |7,506     |13,165      |903      |73,397.88    |                       
2026-05-21 |OI703        |9,774.00   |9,798.00 |9,798.00 |9,718.00 |9,729.00 |9,756.00  |-45.00    |-18.00    |35        |71          |-11      |341.46       |                       
2026-05-21 |OI705        |9,758.00   |9,758.00 |9,758.00 |9,665.00 |9,665.00 |9,701.00  |-93.00    |-57.00    |7         |2           |-1       |67.91        |                       
2026-05-22 |OI607        |9,831.00   |9,763.00 |9,789.00 |9,663.00 |9,667.00 |9,740.00  |-164.00   |-91.00    |47,432    |100,529     |-1,494   |461,987.93   |                       
2026-05-22 |OI609        |9,786.00   |9,723.00 |9,742.00 |9,618.00 |9,625.00 |9,687.00  |-161.00   |-99.00    |199,188   |237,651     |-11,861  |1,929,602.01 |                       
2026-05-22 |OI611        |9,781.00   |9,720.00 |9,734.00 |9,614.00 |9,616.00 |9,686.00  |-165.00   |-95.00    |1,031     |1,917       |146      |9,986.32     |                       
2026-05-22 |OI701        |9,779.00   |9,730.00 |9,746.00 |9,628.00 |9,630.00 |9,692.00  |-149.00   |-87.00    |5,389     |12,912      |-253     |52,228.82    |                       
2026-05-22 |OI703        |9,756.00   |9,714.00 |9,726.00 |9,615.00 |9,615.00 |9,657.00  |-141.00   |-99.00    |46        |75          |4        |444.23       |                       
2026-05-22 |OI705        |9,701.00   |9,681.00 |9,681.00 |9,561.00 |9,567.00 |9,620.00  |-134.00   |-81.00    |28        |17          |15       |269.37       |                       
2026-05-25 |OI607        |9,740.00   |9,669.00 |9,735.00 |9,643.00 |9,676.00 |9,694.00  |-64.00    |-46.00    |47,347    |96,807      |-3,722   |458,964.99   |                       
2026-05-25 |OI609        |9,687.00   |9,621.00 |9,690.00 |9,594.00 |9,625.00 |9,645.00  |-62.00    |-42.00    |181,451   |233,689     |-3,962   |1,750,118.59 |                       
2026-05-25 |OI611        |9,686.00   |9,641.00 |9,675.00 |9,588.00 |9,619.00 |9,641.00  |-67.00    |-45.00    |944       |2,070       |153      |9,101.35     |                       
2026-05-25 |OI701        |9,692.00   |9,615.00 |9,696.00 |9,600.00 |9,632.00 |9,646.00  |-60.00    |-46.00    |4,151     |13,306      |394      |40,042.28    |                       
2026-05-25 |OI703        |9,657.00   |9,630.00 |9,666.00 |9,587.00 |9,619.00 |9,630.00  |-38.00    |-27.00    |57        |80          |5        |548.92       |                       
2026-05-25 |OI705        |9,620.00   |9,579.00 |9,610.00 |9,550.00 |9,594.00 |9,584.00  |-26.00    |-36.00    |64        |52          |35       |613.37       |                       
2026-05-26 |OI607        |9,694.00   |9,698.00 |9,733.00 |9,655.00 |9,683.00 |9,688.00  |-11.00    |-6.00     |38,096    |87,718      |-9,089   |369,067.44   |                       
2026-05-26 |OI609        |9,645.00   |9,650.00 |9,676.00 |9,603.00 |9,626.00 |9,634.00  |-19.00    |-11.00    |157,778   |236,340     |2,651    |1,520,094.45 |                       
2026-05-26 |OI611        |9,641.00   |9,640.00 |9,667.00 |9,600.00 |9,622.00 |9,631.00  |-19.00    |-10.00    |2,638     |3,683       |1,613    |25,406.58    |                       
2026-05-26 |OI701        |9,646.00   |9,651.00 |9,681.00 |9,613.00 |9,630.00 |9,641.00  |-16.00    |-5.00     |4,059     |12,887      |-419     |39,133.72    |                       
2026-05-26 |OI703        |9,630.00   |9,626.00 |9,647.00 |9,600.00 |9,600.00 |9,627.00  |-30.00    |-3.00     |22        |68          |-12      |211.80       |                       
2026-05-26 |OI705        |9,584.00   |9,650.00 |9,650.00 |9,579.00 |9,590.00 |9,596.00  |6.00      |12.00     |27        |53          |1        |259.10       |                       
2026-05-27 |OI607        |9,688.00   |9,696.00 |9,787.00 |9,681.00 |9,735.00 |9,731.00  |47.00     |43.00     |43,015    |70,370      |-17,348  |418,571.67   |                       
2026-05-27 |OI609        |9,634.00   |9,642.00 |9,730.00 |9,622.00 |9,672.00 |9,670.00  |38.00     |36.00     |184,041   |239,256     |2,916    |1,779,766.83 |                       
2026-05-27 |OI611        |9,631.00   |9,623.00 |9,720.00 |9,620.00 |9,658.00 |9,664.00  |27.00     |33.00     |1,217     |3,871       |188      |11,761.50    |                       
2026-05-27 |OI701        |9,641.00   |9,641.00 |9,728.00 |9,630.00 |9,671.00 |9,673.00  |30.00     |32.00     |6,612     |13,477      |590      |63,956.87    |                       
2026-05-27 |OI703        |9,627.00   |9,661.00 |9,678.00 |9,638.00 |9,638.00 |9,659.00  |11.00     |32.00     |20        |67          |-1       |193.18       |                       
2026-05-27 |OI705        |9,596.00   |9,600.00 |9,656.00 |9,600.00 |9,605.00 |9,628.00  |9.00      |32.00     |21        |54          |1        |202.19       |                       
2026-05-28 |OI607        |9,731.00   |9,706.00 |9,981.00 |9,706.00 |9,977.00 |9,860.00  |246.00    |129.00    |70,068    |44,966      |-25,404  |690,884.76   |                       
2026-05-28 |OI609        |9,670.00   |9,652.00 |9,900.00 |9,650.00 |9,886.00 |9,800.00  |216.00    |130.00    |344,807   |293,244     |53,988   |3,379,182.87 |                       
2026-05-28 |OI611        |9,664.00   |9,652.00 |9,868.00 |9,642.00 |9,851.00 |9,713.00  |187.00    |49.00     |2,094     |3,432       |-439     |20,338.21    |                       
2026-05-28 |OI701        |9,673.00   |9,660.00 |9,846.00 |9,644.00 |9,826.00 |9,751.00  |153.00    |78.00     |19,884    |16,283      |2,806    |193,892.73   |                       
2026-05-28 |OI703        |9,659.00   |9,635.00 |9,810.00 |9,627.00 |9,795.00 |9,697.00  |136.00    |38.00     |78        |75          |8        |756.36       |                       
2026-05-28 |OI705        |9,628.00   |9,620.00 |9,780.00 |9,600.00 |9,746.00 |9,704.00  |118.00    |76.00     |39        |47          |-7       |378.46       |                       
2026-05-29 |OI607        |9,860.00   |9,982.00 |10,000.00|9,912.00 |9,992.00 |9,961.00  |132.00    |101.00    |64,971    |25,748      |-19,218  |647,144.01   |                       
2026-05-29 |OI609        |9,800.00   |9,886.00 |9,925.00 |9,833.00 |9,906.00 |9,883.00  |106.00    |83.00     |299,304   |316,567     |23,323   |2,958,096.63 |                       
2026-05-29 |OI611        |9,713.00   |9,832.00 |9,888.00 |9,807.00 |9,877.00 |9,872.00  |164.00    |159.00    |7,162     |10,199      |6,767    |70,704.35    |                       
2026-05-29 |OI701        |9,751.00   |9,827.00 |9,878.00 |9,786.00 |9,867.00 |9,837.00  |116.00    |86.00     |9,789     |17,635      |1,352    |96,293.21    |                       
2026-05-29 |OI703        |9,697.00   |9,799.00 |9,847.00 |9,772.00 |9,827.00 |9,814.00  |130.00    |117.00    |75        |59          |-16      |736.07       |                       
2026-05-29 |OI705        |9,704.00   |9,775.00 |9,808.00 |9,750.00 |9,780.00 |9,782.00  |76.00     |78.00     |127       |96          |49       |1,242.37     |                       
2026-06-01 |OI607        |9,961.00   |10,026.00|10,057.00|9,973.00 |10,019.00|10,010.00 |58.00     |49.00     |13,487    |23,370      |-2,378   |135,000.75   |                       
2026-06-01 |OI609        |9,883.00   |9,930.00 |9,979.00 |9,890.00 |9,933.00 |9,928.00  |50.00     |45.00     |246,429   |334,481     |17,914   |2,446,618.85 |                       
2026-06-01 |OI611        |9,872.00   |9,894.00 |9,950.00 |9,862.00 |9,905.00 |9,902.00  |33.00     |30.00     |29,491    |34,484      |24,285   |292,009.96   |                       
2026-06-01 |OI701        |9,837.00   |9,882.00 |9,952.00 |9,857.00 |9,897.00 |9,892.00  |60.00     |55.00     |15,274    |21,143      |3,508    |151,096.15   |                       
2026-06-01 |OI703        |9,814.00   |9,839.00 |9,906.00 |9,820.00 |9,858.00 |9,857.00  |44.00     |43.00     |70        |63          |4        |689.96       |                       
2026-06-01 |OI705        |9,782.00   |9,795.00 |9,871.00 |9,779.00 |9,828.00 |9,821.00  |46.00     |39.00     |116       |117         |21       |1,139.18     |                       
2026-06-02 |OI607        |10,010.00  |10,004.00|10,082.00|9,984.00 |10,058.00|10,034.00 |48.00     |24.00     |9,758     |20,223      |-3,147   |97,915.80    |                       
2026-06-02 |OI609        |9,928.00   |9,916.00 |10,010.00|9,897.00 |9,990.00 |9,961.00  |62.00     |33.00     |322,381   |369,735     |35,254   |3,211,368.92 |                       
2026-06-02 |OI611        |9,902.00   |9,893.00 |9,994.00 |9,872.00 |9,979.00 |9,938.00  |77.00     |36.00     |60,102    |68,331      |33,847   |597,315.30   |                       
2026-06-02 |OI701        |9,892.00   |9,913.00 |9,972.00 |9,865.00 |9,957.00 |9,931.00  |65.00     |39.00     |14,651    |24,663      |3,520    |145,502.79   |                       
2026-06-02 |OI703        |9,857.00   |9,827.00 |9,930.00 |9,827.00 |9,922.00 |9,886.00  |65.00     |29.00     |31        |68          |5        |306.47       |                       
2026-06-02 |OI705        |9,821.00   |9,843.00 |9,890.00 |9,794.00 |9,875.00 |9,853.00  |54.00     |32.00     |91        |116         |-1       |896.60       |                       
2026-06-03 |OI607        |10,034.00  |10,059.00|10,404.00|10,007.00|10,396.00|10,205.00 |362.00    |171.00    |17,930    |15,009      |-5,214   |182,974.54   |                       
2026-06-03 |OI609        |9,961.00   |9,980.00 |10,362.00|9,942.00 |10,353.00|10,159.00 |392.00    |198.00    |660,814   |465,631     |95,896   |6,713,400.48 |                       
2026-06-03 |OI611        |9,938.00   |9,979.00 |10,354.00|9,936.00 |10,346.00|10,139.00 |408.00    |201.00    |110,839   |118,315     |49,984   |1,123,835.29 |                       
2026-06-03 |OI701        |9,931.00   |9,951.00 |10,283.00|9,910.00 |10,277.00|10,108.00 |346.00    |177.00    |44,973    |36,802      |12,139   |454,573.80   |                       
2026-06-03 |OI703        |9,886.00   |9,887.00 |10,150.00|9,887.00 |10,150.00|10,062.00 |264.00    |176.00    |1,219     |791         |723      |12,266.01    |                       
2026-06-03 |OI705        |9,853.00   |9,849.00 |10,080.00|9,849.00 |10,080.00|9,995.00  |227.00    |142.00    |320       |255         |139      |3,198.39     |                       
2026-06-04 |OI607        |10,205.00  |10,408.00|10,456.00|10,280.00|10,354.00|10,362.00 |149.00    |157.00    |10,719    |11,871      |-3,138   |111,068.44   |                       
2026-06-04 |OI609        |10,159.00  |10,364.00|10,416.00|10,230.00|10,312.00|10,323.00 |153.00    |164.00    |638,085   |471,405     |5,774    |6,587,126.32 |                       
2026-06-04 |OI611        |10,139.00  |10,356.00|10,413.00|10,240.00|10,327.00|10,323.00 |188.00    |184.00    |118,432   |131,895     |13,580   |1,222,618.51 |                       
2026-06-04 |OI701        |10,108.00  |10,278.00|10,344.00|10,178.00|10,258.00|10,258.00 |150.00    |150.00    |32,580    |38,928      |2,126    |334,220.66   |                       
2026-06-04 |OI703        |10,062.00  |10,171.00|10,243.00|10,077.00|10,141.00|10,171.00 |79.00     |109.00    |472       |905         |114      |4,800.49     |                       
2026-06-04 |OI705        |9,995.00   |10,060.00|10,158.00|10,015.00|10,077.00|10,083.00 |82.00     |88.00     |184       |279         |24       |1,855.30     |                       
2026-06-05 |OI607        |10,362.00  |10,337.00|10,408.00|10,025.00|10,028.00|10,182.00 |-334.00   |-180.00   |13,997    |9,643       |-2,228   |142,516.60   |                       
2026-06-05 |OI609        |10,323.00  |10,283.00|10,352.00|9,970.00 |9,990.00 |10,151.00 |-333.00   |-172.00   |760,812   |414,302     |-57,103  |7,723,039.57 |                       
2026-06-05 |OI611        |10,323.00  |10,308.00|10,364.00|9,978.00 |9,996.00 |10,170.00 |-327.00   |-153.00   |122,155   |133,366     |1,471    |1,242,269.49 |                       
2026-06-05 |OI701        |10,258.00  |10,230.00|10,296.00|9,928.00 |9,948.00 |10,069.00 |-310.00   |-189.00   |38,699    |39,395      |467      |389,659.33   |                       
2026-06-05 |OI703        |10,171.00  |10,115.00|10,189.00|9,845.00 |9,855.00 |9,942.00  |-316.00   |-229.00   |454       |883         |-22      |4,513.66     |                       
2026-06-05 |OI705        |10,083.00  |10,031.00|10,110.00|9,804.00 |9,828.00 |9,898.00  |-255.00   |-185.00   |330       |342         |63       |3,266.29     |                       
2026-06-08 |OI607        |10,182.00  |10,047.00|10,180.00|9,969.00 |10,042.00|10,071.00 |-140.00   |-111.00   |7,917     |8,175       |-1,468   |79,733.35    |                       
2026-06-08 |OI609        |10,151.00  |10,000.00|10,148.00|9,923.00 |10,011.00|10,033.00 |-140.00   |-118.00   |606,775   |381,793     |-32,509  |6,088,027.65 |                       
2026-06-08 |OI611        |10,170.00  |10,001.00|10,147.00|9,929.00 |10,018.00|10,037.00 |-152.00   |-133.00   |99,643    |132,446     |-920     |1,000,125.28 |                       
2026-06-08 |OI701        |10,069.00  |9,966.00 |10,092.00|9,885.00 |9,976.00 |9,990.00  |-93.00    |-79.00    |35,107    |40,883      |1,488    |350,733.73   |                       
2026-06-08 |OI703        |9,942.00   |9,875.00 |9,993.00 |9,794.00 |9,871.00 |9,908.00  |-71.00    |-34.00    |434       |856         |-27      |4,300.05     |                       
2026-06-08 |OI705        |9,898.00   |9,803.00 |9,939.00 |9,766.00 |9,844.00 |9,861.00  |-54.00    |-37.00    |314       |348         |6        |3,096.41     |                       
2026-06-09 |OI607        |10,071.00  |10,001.00|10,077.00|9,893.00 |9,930.00 |9,966.00  |-141.00   |-105.00   |7,569     |7,334       |-841     |75,429.91    |                       
2026-06-09 |OI609        |10,033.00  |9,985.00 |10,037.00|9,870.00 |9,910.00 |9,952.00  |-123.00   |-81.00    |380,268   |357,194     |-24,599  |3,784,532.58 |                       
2026-06-09 |OI611        |10,037.00  |9,998.00 |10,041.00|9,874.00 |9,915.00 |9,955.00  |-122.00   |-82.00    |57,267    |130,861     |-1,585   |570,067.24   |                       
2026-06-09 |OI701        |9,990.00   |9,945.00 |10,000.00|9,835.00 |9,877.00 |9,910.00  |-113.00   |-80.00    |19,397    |39,552      |-1,331   |192,233.19   |                       
2026-06-09 |OI703        |9,908.00   |9,875.00 |9,911.00 |9,763.00 |9,797.00 |9,847.00  |-111.00   |-61.00    |353       |825         |-31      |3,476.06     |                       
2026-06-09 |OI705        |9,861.00   |9,825.00 |9,880.00 |9,721.00 |9,766.00 |9,828.00  |-95.00    |-33.00    |659       |568         |220      |6,476.88     |                       
2026-06-10 |OI607        |9,966.00   |9,960.00 |9,966.00 |9,892.00 |9,922.00 |9,930.00  |-44.00    |-36.00    |4,713     |6,940       |-394     |46,808.59    |                       
2026-06-10 |OI609        |9,952.00   |9,930.00 |9,947.00 |9,856.00 |9,883.00 |9,902.00  |-69.00    |-50.00    |243,483   |340,273     |-16,921  |2,411,088.85 |                       
2026-06-10 |OI611        |9,955.00   |9,943.00 |9,951.00 |9,862.00 |9,888.00 |9,906.00  |-67.00    |-49.00    |36,537    |130,142     |-719     |361,923.88   |                       
2026-06-10 |OI701        |9,910.00   |9,915.00 |9,915.00 |9,823.00 |9,844.00 |9,866.00  |-66.00    |-44.00    |10,149    |38,968      |-584     |100,129.57   |                       
2026-06-10 |OI703        |9,847.00   |9,812.00 |9,830.00 |9,760.00 |9,766.00 |9,806.00  |-81.00    |-41.00    |81        |819         |-6       |794.29       |                       
2026-06-10 |OI705        |9,828.00   |9,775.00 |9,800.00 |9,734.00 |9,760.00 |9,773.00  |-68.00    |-55.00    |431       |853         |285      |4,212.37     |                       
2026-06-11 |OI607        |9,930.00   |9,943.00 |10,027.00|9,936.00 |9,998.00 |9,988.00  |68.00     |58.00     |13,565    |6,351       |-589     |135,585.78   |                       
2026-06-11 |OI609        |9,902.00   |9,883.00 |9,996.00 |9,881.00 |9,958.00 |9,950.00  |56.00     |48.00     |277,383   |337,555     |-2,718   |2,759,904.61 |                       
2026-06-11 |OI611        |9,906.00   |9,882.00 |10,000.00|9,882.00 |9,962.00 |9,954.00  |56.00     |48.00     |39,260    |130,207     |65       |390,797.64   |                       
2026-06-11 |OI701        |9,866.00   |9,839.00 |9,959.00 |9,839.00 |9,922.00 |9,917.00  |56.00     |51.00     |17,560    |38,113      |-855     |174,151.23   |                       
2026-06-11 |OI703        |9,806.00   |9,836.00 |9,911.00 |9,830.00 |9,867.00 |9,864.00  |61.00     |58.00     |84        |853         |34       |828.58       |                       
2026-06-11 |OI705        |9,773.00   |9,779.00 |9,887.00 |9,779.00 |9,850.00 |9,850.00  |77.00     |77.00     |502       |1,036       |183      |4,944.71     |                       
2026-06-12 |OI607        |9,988.00   |9,976.00 |10,014.00|9,866.00 |9,912.00 |9,947.00  |-76.00    |-41.00    |3,586     |5,286       |-1,065   |35,669.93    |                       
2026-06-12 |OI609        |9,950.00   |9,924.00 |9,960.00 |9,820.00 |9,874.00 |9,887.00  |-76.00    |-63.00    |260,323   |322,795     |-14,760  |2,573,820.91 |                       
2026-06-12 |OI611        |9,954.00   |9,924.00 |9,966.00 |9,827.00 |9,881.00 |9,889.00  |-73.00    |-65.00    |34,943    |130,430     |223      |345,555.91   |                       
2026-06-12 |OI701        |9,917.00   |9,892.00 |9,921.00 |9,790.00 |9,842.00 |9,858.00  |-75.00    |-59.00    |13,527    |37,356      |-757     |133,350.36   |                       
2026-06-12 |OI703        |9,864.00   |9,852.00 |9,875.00 |9,753.00 |9,799.00 |9,792.00  |-65.00    |-72.00    |156       |855         |2        |1,527.48     |                       
2026-06-12 |OI705        |9,850.00   |9,833.00 |9,858.00 |9,733.00 |9,792.00 |9,786.00  |-58.00    |-64.00    |283       |1,112       |76       |2,769.58     |                       
2026-06-15 |OI607        |9,947.00   |9,889.00 |9,939.00 |9,830.00 |9,881.00 |9,897.00  |-66.00    |-50.00    |1,236     |4,802       |-484     |12,232.57    |                       
2026-06-15 |OI609        |9,887.00   |9,859.00 |9,900.00 |9,783.00 |9,828.00 |9,842.00  |-59.00    |-45.00    |251,368   |313,074     |-9,721   |2,474,016.97 |                       
2026-06-15 |OI611        |9,889.00   |9,873.00 |9,905.00 |9,789.00 |9,841.00 |9,845.00  |-48.00    |-44.00    |40,602    |130,079     |-351     |399,743.08   |                       
2026-06-15 |OI701        |9,858.00   |9,817.00 |9,863.00 |9,750.00 |9,799.00 |9,803.00  |-59.00    |-55.00    |13,466    |36,477      |-879     |132,005.67   |                       
2026-06-15 |OI703        |9,792.00   |9,799.00 |9,814.00 |9,680.00 |9,760.00 |9,731.00  |-32.00    |-61.00    |365       |861         |6        |3,552.00     |                       
2026-06-15 |OI705        |9,786.00   |9,765.00 |9,799.00 |9,644.00 |9,744.00 |9,712.00  |-42.00    |-74.00    |1,252     |1,160       |48       |12,159.12    |                       
2026-06-16 |OI607        |9,897.00   |9,859.00 |9,925.00 |9,799.00 |9,920.00 |9,840.00  |23.00     |-57.00    |760       |4,440       |-362     |7,478.34     |                       
2026-06-16 |OI609        |9,842.00   |9,802.00 |9,882.00 |9,750.00 |9,869.00 |9,799.00  |27.00     |-43.00    |286,158   |304,994     |-8,080   |2,804,160.89 |                       
2026-06-16 |OI611        |9,845.00   |9,820.00 |9,886.00 |9,755.00 |9,875.00 |9,803.00  |30.00     |-42.00    |61,481    |129,625     |-454     |602,708.93   |                       
2026-06-16 |OI701        |9,803.00   |9,779.00 |9,844.00 |9,720.00 |9,825.00 |9,770.00  |22.00     |-33.00    |14,853    |36,426      |-51      |145,119.40   |                       
2026-06-16 |OI703        |9,731.00   |9,721.00 |9,779.00 |9,686.00 |9,766.00 |9,730.00  |35.00     |-1.00     |707       |827         |-34      |6,878.85     |                       
2026-06-16 |OI705        |9,712.00   |9,718.00 |9,783.00 |9,662.00 |9,758.00 |9,716.00  |46.00     |4.00      |1,732     |1,221       |61       |16,828.87    |                       
2026-06-17 |OI607        |9,840.00   |9,900.00 |9,930.00 |9,817.00 |9,838.00 |9,857.00  |-2.00     |17.00     |391       |4,293       |-147     |3,854.06     |                       
2026-06-17 |OI609        |9,799.00   |9,840.00 |9,896.00 |9,757.00 |9,790.00 |9,815.00  |-9.00     |16.00     |272,943   |296,600     |-8,394   |2,679,005.23 |                       
2026-06-17 |OI611        |9,803.00   |9,852.00 |9,901.00 |9,764.00 |9,797.00 |9,817.00  |-6.00     |14.00     |37,016    |129,244     |-381     |363,377.87   |                       
2026-06-17 |OI701        |9,770.00   |9,799.00 |9,854.00 |9,721.00 |9,758.00 |9,772.00  |-12.00    |2.00      |15,833    |37,871      |1,445    |154,714.78   |                       
2026-06-17 |OI703        |9,730.00   |9,752.00 |9,780.00 |9,651.00 |9,676.00 |9,695.00  |-54.00    |-35.00    |662       |803         |-24      |6,418.02     |                       
2026-06-17 |OI705        |9,716.00   |9,743.00 |9,780.00 |9,651.00 |9,676.00 |9,700.00  |-40.00    |-16.00    |1,320     |1,387       |166      |12,803.45    |                       
2026-06-18 |OI607        |9,857.00   |9,883.00 |9,884.00 |9,750.00 |9,809.00 |9,798.00  |-48.00    |-59.00    |2,310     |3,900       |-393     |22,632.88    |                       
2026-06-18 |OI609        |9,815.00   |9,814.00 |9,835.00 |9,664.00 |9,685.00 |9,744.00  |-130.00   |-71.00    |298,515   |277,091     |-19,509  |2,908,593.84 |                       
2026-06-18 |OI611        |9,817.00   |9,828.00 |9,841.00 |9,668.00 |9,692.00 |9,749.00  |-125.00   |-68.00    |45,643    |128,745     |-499     |444,970.39   |                       
2026-06-18 |OI701        |9,772.00   |9,780.00 |9,803.00 |9,624.00 |9,648.00 |9,696.00  |-124.00   |-76.00    |20,436    |38,453      |582      |198,142.46   |                       
2026-06-18 |OI703        |9,695.00   |9,711.00 |9,718.00 |9,565.00 |9,592.00 |9,637.00  |-103.00   |-58.00    |147       |803         |0        |1,416.58     |                       
2026-06-18 |OI705        |9,700.00   |9,701.00 |9,724.00 |9,562.00 |9,591.00 |9,623.00  |-109.00   |-77.00    |389       |1,452       |65       |3,743.29     |                       
2026-06-22 |OI607        |9,798.00   |9,820.00 |9,852.00 |9,763.00 |9,775.00 |9,797.00  |-23.00    |-1.00     |541       |3,722       |-178     |5,300.33     |                       
2026-06-22 |OI609        |9,744.00   |9,724.00 |9,764.00 |9,653.00 |9,669.00 |9,703.00  |-75.00    |-41.00    |150,557   |274,292     |-2,799   |1,460,880.82 |                       
2026-06-22 |OI611        |9,749.00   |9,743.00 |9,768.00 |9,655.00 |9,671.00 |9,706.00  |-78.00    |-43.00    |25,537    |128,363     |-382     |247,850.62   |                       
2026-06-22 |OI701        |9,696.00   |9,670.00 |9,721.00 |9,617.00 |9,631.00 |9,656.00  |-65.00    |-40.00    |10,436    |40,327      |1,874    |100,772.04   |                       
2026-06-22 |OI703        |9,637.00   |9,633.00 |9,661.00 |9,567.00 |9,569.00 |9,590.00  |-68.00    |-47.00    |125       |802         |-1       |1,198.79     |                       
2026-06-22 |OI705        |9,623.00   |9,620.00 |9,655.00 |9,557.00 |9,567.00 |9,588.00  |-56.00    |-35.00    |431       |1,453       |1        |4,132.39     |                       
2026-06-23 |OI607        |9,797.00   |9,762.00 |9,820.00 |9,749.00 |9,771.00 |9,788.00  |-26.00    |-9.00     |744       |3,277       |-445     |7,282.44     |                       
2026-06-23 |OI609        |9,703.00   |9,646.00 |9,738.00 |9,643.00 |9,659.00 |9,683.00  |-44.00    |-20.00    |221,790   |265,716     |-8,576   |2,147,497.19 |                       
2026-06-23 |OI611        |9,706.00   |9,650.00 |9,739.00 |9,644.00 |9,661.00 |9,684.00  |-45.00    |-22.00    |35,028    |129,381     |1,018    |339,198.30   |                       
2026-06-23 |OI701        |9,656.00   |9,617.00 |9,697.00 |9,604.00 |9,619.00 |9,642.00  |-37.00    |-14.00    |13,116    |42,256      |1,929    |126,465.64   |                       
2026-06-23 |OI703        |9,590.00   |9,559.00 |9,635.00 |9,552.00 |9,559.00 |9,591.00  |-31.00    |1.00      |171       |812         |10       |1,640.02     |                       
2026-06-23 |OI705        |9,588.00   |9,551.00 |9,638.00 |9,544.00 |9,560.00 |9,590.00  |-28.00    |2.00      |798       |1,518       |65       |7,652.57     |                       
2026-06-24 |OI607        |9,788.00   |9,786.00 |9,869.00 |9,784.00 |9,851.00 |9,810.00  |63.00     |22.00     |480       |3,073       |-204     |4,708.97     |                       
2026-06-24 |OI609        |9,683.00   |9,669.00 |9,777.00 |9,650.00 |9,750.00 |9,713.00  |67.00     |30.00     |194,002   |273,409     |7,693    |1,884,249.24 |                       
2026-06-24 |OI611        |9,684.00   |9,666.00 |9,778.00 |9,653.00 |9,751.00 |9,716.00  |67.00     |32.00     |32,552    |129,977     |596      |316,259.85   |                       
2026-06-24 |OI701        |9,642.00   |9,637.00 |9,729.00 |9,611.00 |9,700.00 |9,674.00  |58.00     |32.00     |10,838    |42,628      |372      |104,847.34   |                       
2026-06-24 |OI703        |9,591.00   |9,577.00 |9,656.00 |9,553.00 |9,636.00 |9,618.00  |45.00     |27.00     |83        |788         |-24      |798.26       |                       
2026-06-24 |OI705        |9,590.00   |9,572.00 |9,650.00 |9,557.00 |9,635.00 |9,608.00  |45.00     |18.00     |266       |1,440       |-78      |2,555.68     |                       
2026-06-25 |OI607        |9,810.00   |9,834.00 |9,834.00 |9,596.00 |9,689.00 |9,708.00  |-121.00   |-102.00   |951       |2,840       |-233     |9,231.96     |                       
2026-06-25 |OI609        |9,713.00   |9,724.00 |9,735.00 |9,453.00 |9,547.00 |9,578.00  |-166.00   |-135.00   |405,359   |242,013     |-31,396  |3,882,678.81 |                       
2026-06-25 |OI611        |9,716.00   |9,731.00 |9,737.00 |9,458.00 |9,549.00 |9,574.00  |-167.00   |-142.00   |79,726    |130,353     |376      |763,286.77   |                       
2026-06-25 |OI701        |9,674.00   |9,700.00 |9,700.00 |9,420.00 |9,512.00 |9,529.00  |-162.00   |-145.00   |27,129    |43,502      |874      |258,505.25   |                       
2026-06-25 |OI703        |9,618.00   |9,618.00 |9,622.00 |9,357.00 |9,443.00 |9,463.00  |-175.00   |-155.00   |201       |790         |2        |1,902.15     |                       
2026-06-25 |OI705        |9,608.00   |9,614.00 |9,619.00 |9,352.00 |9,449.00 |9,459.00  |-159.00   |-149.00   |876       |1,444       |4        |8,286.21     |                       
2026-06-26 |OI607        |9,708.00   |9,690.00 |9,815.00 |9,665.00 |9,775.00 |9,776.00  |67.00     |68.00     |571       |2,703       |-137     |5,581.85     |                       
2026-06-26 |OI609        |9,578.00   |9,547.00 |9,669.00 |9,516.00 |9,660.00 |9,605.00  |82.00     |27.00     |247,503   |239,716     |-2,297   |2,377,144.99 |                       
2026-06-26 |OI611        |9,574.00   |9,566.00 |9,657.00 |9,517.00 |9,651.00 |9,595.00  |77.00     |21.00     |52,041    |129,866     |-487     |499,330.76   |                       
2026-06-26 |OI701        |9,529.00   |9,528.00 |9,622.00 |9,481.00 |9,609.00 |9,563.00  |80.00     |34.00     |13,456    |43,050      |-452     |128,681.75   |                       
2026-06-26 |OI703        |9,463.00   |9,451.00 |9,554.00 |9,419.00 |9,549.00 |9,489.00  |86.00     |26.00     |84        |793         |3        |797.05       |                       
2026-06-26 |OI705        |9,459.00   |9,450.00 |9,552.00 |9,413.00 |9,546.00 |9,487.00  |87.00     |28.00     |659       |1,467       |23       |6,251.61     |                       
2026-06-29 |OI607        |9,776.00   |9,845.00 |9,918.00 |9,829.00 |9,865.00 |9,878.00  |89.00     |102.00    |82        |2,643       |-60      |809.98       |                       
2026-06-29 |OI609        |9,605.00   |9,640.00 |9,776.00 |9,627.00 |9,746.00 |9,710.00  |141.00    |105.00    |209,270   |247,823     |8,107    |2,032,001.68 |                       
2026-06-29 |OI611        |9,595.00   |9,637.00 |9,763.00 |9,620.00 |9,733.00 |9,698.00  |138.00    |103.00    |37,921    |131,146     |1,280    |367,739.94   |                       
2026-06-29 |OI701        |9,563.00   |9,581.00 |9,715.00 |9,577.00 |9,682.00 |9,654.00  |119.00    |91.00     |14,476    |44,905      |1,855    |139,747.73   |                       
2026-06-29 |OI703        |9,489.00   |9,533.00 |9,661.00 |9,532.00 |9,620.00 |9,628.00  |131.00    |139.00    |293       |835         |42       |2,821.01     |                       
2026-06-29 |OI705        |9,487.00   |9,520.00 |9,660.00 |9,515.00 |9,615.00 |9,621.00  |128.00    |134.00    |1,610     |1,880       |413      |15,489.77    |                       
2026-06-30 |OI607        |9,878.00   |9,847.00 |9,860.00 |9,753.00 |9,759.00 |9,818.00  |-119.00   |-60.00    |100       |2,574       |-69      |981.77       |                       
2026-06-30 |OI609        |9,710.00   |9,759.00 |9,785.00 |9,651.00 |9,670.00 |9,709.00  |-40.00    |-1.00     |218,307   |235,878     |-11,945  |2,119,554.35 |                       
2026-06-30 |OI611        |9,698.00   |9,734.00 |9,772.00 |9,645.00 |9,662.00 |9,697.00  |-36.00    |-1.00     |59,886    |134,447     |3,301    |580,716.32   |                       
2026-06-30 |OI701        |9,654.00   |9,701.00 |9,718.00 |9,600.00 |9,615.00 |9,647.00  |-39.00    |-7.00     |12,194    |45,234      |329      |117,641.09   |                       
2026-06-30 |OI703        |9,628.00   |9,649.00 |9,649.00 |9,558.00 |9,578.00 |9,599.00  |-50.00    |-29.00    |160       |882         |47       |1,535.89     |                       
2026-06-30 |OI705        |9,621.00   |9,644.00 |9,644.00 |9,556.00 |9,575.00 |9,593.00  |-46.00    |-28.00    |992       |2,099       |219      |9,516.40     |                       
2026-07-01 |OI607        |9,818.00   |0.00     |0.00     |0.00     |0.00     |9,768.00  |-50.00    |-50.00    |0         |2,574       |0        |0.00         |9,800.00               
2026-07-01 |OI609        |9,709.00   |9,640.00 |9,657.00 |9,518.00 |9,588.00 |9,595.00  |-121.00   |-114.00   |260,356   |235,643     |-235     |2,498,002.18 |                       
2026-07-01 |OI611        |9,697.00   |9,629.00 |9,648.00 |9,505.00 |9,575.00 |9,582.00  |-122.00   |-115.00   |41,765    |141,622     |7,175    |400,179.71   |                       
2026-07-01 |OI701        |9,647.00   |9,591.00 |9,600.00 |9,456.00 |9,527.00 |9,531.00  |-120.00   |-116.00   |26,720    |49,846      |4,612    |254,675.27   |                       
2026-07-01 |OI703        |9,599.00   |9,547.00 |9,551.00 |9,381.00 |9,467.00 |9,464.00  |-132.00   |-135.00   |10,422    |8,807       |7,925    |98,630.82    |                       
2026-07-01 |OI705        |9,593.00   |9,550.00 |9,550.00 |9,343.00 |9,457.00 |9,436.00  |-136.00   |-157.00   |5,426     |4,176       |2,077    |51,198.75    |                       
2026-07-02 |OI607        |9,768.00   |0.00     |0.00     |0.00     |0.00     |9,752.00  |-16.00    |-16.00    |0         |2,574       |0        |0.00         |9,789.00               
2026-07-02 |OI609        |9,595.00   |9,567.00 |9,642.00 |9,567.00 |9,571.00 |9,601.00  |-24.00    |6.00      |179,211   |232,876     |-2,767   |1,720,692.32 |                       
2026-07-02 |OI611        |9,582.00   |9,551.00 |9,631.00 |9,551.00 |9,555.00 |9,593.00  |-27.00    |11.00     |40,293    |141,834     |212      |386,527.57   |                       
2026-07-02 |OI701        |9,531.00   |9,508.00 |9,585.00 |9,504.00 |9,506.00 |9,539.00  |-25.00    |8.00      |15,097    |52,285      |2,439    |144,009.94   |                       
2026-07-02 |OI703        |9,464.00   |9,474.00 |9,519.00 |9,438.00 |9,440.00 |9,486.00  |-24.00    |22.00     |9,732     |11,371      |2,564    |92,319.07    |                       
2026-07-02 |OI705        |9,436.00   |9,462.00 |9,509.00 |9,434.00 |9,435.00 |9,469.00  |-1.00     |33.00     |552       |4,237       |61       |5,226.76     |                       
2026-07-03 |OI607        |9,752.00   |0.00     |0.00     |0.00     |0.00     |9,755.00  |3.00      |3.00      |0         |2,174       |-400     |0.00         |9,785.00               
2026-07-03 |OI609        |9,601.00   |9,593.00 |9,656.00 |9,550.00 |9,644.00 |9,604.00  |43.00     |3.00      |229,819   |241,176     |8,300    |2,207,241.40 |                       
2026-07-03 |OI611        |9,593.00   |9,589.00 |9,641.00 |9,537.00 |9,631.00 |9,594.00  |38.00     |1.00      |54,617    |149,163     |7,329    |523,970.00   |                       
2026-07-03 |OI701        |9,539.00   |9,537.00 |9,577.00 |9,479.00 |9,558.00 |9,523.00  |19.00     |-16.00    |26,889    |56,664      |4,379    |256,072.76   |                       
2026-07-03 |OI703        |9,486.00   |9,449.00 |9,504.00 |9,370.00 |9,488.00 |9,460.00  |2.00      |-26.00    |22,317    |18,926      |7,555    |211,116.69   |                       
2026-07-03 |OI705        |9,469.00   |9,442.00 |9,493.00 |9,330.00 |9,473.00 |9,402.00  |4.00      |-67.00    |9,022     |7,013       |2,776    |84,828.37    |                       
2026-07-06 |OI607        |9,755.00   |9,800.00 |9,800.00 |9,800.00 |9,800.00 |9,800.00  |45.00     |45.00     |10        |2,184       |10       |98.00        |9,785.00               
2026-07-06 |OI609        |9,604.00   |9,644.00 |9,765.00 |9,605.00 |9,741.00 |9,692.00  |137.00    |88.00     |226,194   |250,879     |9,703    |2,192,380.07 |                       
2026-07-06 |OI611        |9,594.00   |9,641.00 |9,750.00 |9,592.00 |9,727.00 |9,672.00  |133.00    |78.00     |58,145    |155,426     |6,263    |562,379.78   |                       
2026-07-06 |OI701        |9,523.00   |9,601.00 |9,677.00 |9,524.00 |9,646.00 |9,611.00  |123.00    |88.00     |33,206    |60,057      |3,393    |319,147.52   |                       
2026-07-06 |OI703        |9,460.00   |9,492.00 |9,609.00 |9,458.00 |9,579.00 |9,538.00  |119.00    |78.00     |15,313    |24,595      |5,669    |146,053.94   |                       
2026-07-06 |OI705        |9,402.00   |9,475.00 |9,590.00 |9,447.00 |9,564.00 |9,540.00  |162.00    |138.00    |1,788     |7,206       |193      |17,058.25    |                       
2026-07-07 |OI607        |9,800.00   |0.00     |0.00     |0.00     |0.00     |9,800.00  |0.00      |0.00      |500       |1,684       |-500     |4,850.00     |9,787.00               
2026-07-07 |OI609        |9,692.00   |9,755.00 |9,883.00 |9,736.00 |9,858.00 |9,821.00  |166.00    |129.00    |279,186   |275,109     |24,230   |2,741,832.74 |                       
2026-07-07 |OI611        |9,672.00   |9,734.00 |9,869.00 |9,725.00 |9,843.00 |9,806.00  |171.00    |134.00    |62,498    |158,094     |2,668    |612,875.42   |                       
2026-07-07 |OI701        |9,611.00   |9,685.00 |9,767.00 |9,634.00 |9,742.00 |9,705.00  |131.00    |94.00     |33,806    |61,917      |1,860    |328,087.04   |                       
2026-07-07 |OI703        |9,538.00   |9,579.00 |9,687.00 |9,541.00 |9,669.00 |9,635.00  |131.00    |97.00     |22,226    |26,704      |2,109    |214,140.16   |                       
2026-07-07 |OI705        |9,540.00   |9,580.00 |9,666.00 |9,497.00 |9,643.00 |9,563.00  |103.00    |23.00     |7,199     |10,253      |3,047    |68,841.85    |                       
2026-07-08 |OI607        |9,800.00   |0.00     |0.00     |0.00     |0.00     |9,800.00  |0.00      |0.00      |0         |1,684       |0        |0.00         |9,786.00               
2026-07-08 |OI609        |9,821.00   |9,856.00 |9,942.00 |9,824.00 |9,844.00 |9,881.00  |23.00     |60.00     |287,642   |288,138     |13,029   |2,842,185.12 |                       
2026-07-08 |OI611        |9,806.00   |9,846.00 |9,928.00 |9,811.00 |9,839.00 |9,870.00  |33.00     |64.00     |54,873    |158,617     |523      |541,583.69   |                       
2026-07-08 |OI701        |9,705.00   |9,739.00 |9,826.00 |9,713.00 |9,744.00 |9,771.00  |39.00     |66.00     |30,096    |65,891      |3,974    |294,057.66   |                       
2026-07-08 |OI703        |9,635.00   |9,669.00 |9,750.00 |9,642.00 |9,675.00 |9,694.00  |40.00     |59.00     |22,278    |28,044      |1,340    |215,969.42   |                       
2026-07-08 |OI705        |9,563.00   |9,645.00 |9,724.00 |9,620.00 |9,651.00 |9,678.00  |88.00     |115.00    |2,161     |10,391      |138      |20,914.29    |                       
2026-07-09 |OI607        |9,800.00   |0.00     |0.00     |0.00     |0.00     |9,816.00  |16.00     |16.00     |0         |1,684       |0        |0.00         |9,796.00               
2026-07-09 |OI609        |9,881.00   |9,855.00 |9,929.00 |9,855.00 |9,902.00 |9,897.00  |21.00     |16.00     |223,580   |291,714     |3,576    |2,212,682.30 |                       
2026-07-09 |OI611        |9,870.00   |9,859.00 |9,922.00 |9,854.00 |9,892.00 |9,889.00  |22.00     |19.00     |62,946    |156,272     |-2,345   |622,472.68   |                       
2026-07-09 |OI701        |9,771.00   |9,745.00 |9,826.00 |9,745.00 |9,789.00 |9,797.00  |18.00     |26.00     |29,366    |66,868      |977      |287,707.89   |                       
2026-07-09 |OI703        |9,694.00   |9,700.00 |9,751.00 |9,677.00 |9,729.00 |9,725.00  |35.00     |31.00     |37,090    |29,896      |1,852    |360,710.66   |                       
2026-07-09 |OI705        |9,678.00   |9,665.00 |9,727.00 |9,652.00 |9,708.00 |9,703.00  |30.00     |25.00     |1,538     |10,647      |256      |14,922.45    |                       
2026-07-10 |OI607        |9,816.00   |0.00     |0.00     |0.00     |0.00     |9,813.00  |-3.00     |-3.00     |0         |1,674       |-10      |0.00         |9,800.00               
2026-07-10 |OI609        |9,897.00   |9,902.00 |9,932.00 |9,835.00 |9,908.00 |9,894.00  |11.00     |-3.00     |256,891   |309,626     |17,912   |2,541,656.18 |                       
2026-07-10 |OI611        |9,889.00   |9,889.00 |9,924.00 |9,828.00 |9,899.00 |9,887.00  |10.00     |-2.00     |54,856    |153,349     |-2,923   |542,343.38   |                       
2026-07-10 |OI701        |9,797.00   |9,780.00 |9,823.00 |9,733.00 |9,792.00 |9,786.00  |-5.00     |-11.00    |27,605    |67,798      |930      |270,146.44   |                       
2026-07-10 |OI703        |9,725.00   |9,712.00 |9,752.00 |9,661.00 |9,719.00 |9,715.00  |-6.00     |-10.00    |28,862    |30,314      |418      |280,384.69   |                       
2026-07-10 |OI705        |9,703.00   |9,700.00 |9,729.00 |9,640.00 |9,700.00 |9,691.00  |-3.00     |-12.00    |1,943     |11,026      |379      |18,830.19    |                       
2026-07-13 |OI607        |9,813.00   |0.00     |0.00     |0.00     |0.00     |9,829.00  |16.00     |16.00     |0         |1,674       |0        |0.00         |9,795.00               
2026-07-13 |OI609        |9,894.00   |9,928.00 |10,015.00|9,849.00 |9,875.00 |9,910.00  |-19.00    |16.00     |318,619   |314,197     |4,571    |3,157,641.24 |                       
2026-07-13 |OI611        |9,887.00   |9,914.00 |10,005.00|9,842.00 |9,864.00 |9,896.00  |-23.00    |9.00      |63,807    |148,973     |-4,376   |631,418.90   |                       
2026-07-13 |OI701        |9,786.00   |9,811.00 |9,898.00 |9,741.00 |9,770.00 |9,797.00  |-16.00    |11.00     |48,427    |73,414      |5,616    |474,421.82   |                       
2026-07-13 |OI703        |9,715.00   |9,736.00 |9,817.00 |9,660.00 |9,685.00 |9,712.00  |-30.00    |-3.00     |30,015    |28,835      |-1,479   |291,508.85   |                       
2026-07-13 |OI705        |9,691.00   |9,714.00 |9,805.00 |9,637.00 |9,657.00 |9,682.00  |-34.00    |-9.00     |3,841     |11,198      |172      |37,189.29    |                       
2026-07-14 |OI607        |9,829.00   |0.00     |0.00     |0.00     |0.00     |9,845.00  |16.00     |16.00     |30        |0           |-1,674   |295.35       |9,798.00               
2026-07-14 |OI609        |9,910.00   |9,890.00 |9,967.00 |9,880.00 |9,944.00 |9,926.00  |34.00     |16.00     |224,449   |322,364     |8,167    |2,227,906.76 |                       
2026-07-14 |OI611        |9,896.00   |9,888.00 |9,957.00 |9,873.00 |9,931.00 |9,919.00  |35.00     |23.00     |48,250    |147,162     |-1,811   |478,612.52   |                       
2026-07-14 |OI701        |9,797.00   |9,789.00 |9,857.00 |9,778.00 |9,833.00 |9,817.00  |36.00     |20.00     |35,214    |75,889      |2,475    |345,701.47   |                       
2026-07-14 |OI703        |9,712.00   |9,699.00 |9,773.00 |9,690.00 |9,754.00 |9,744.00  |42.00     |32.00     |23,250    |28,757      |-78      |226,551.27   |                       
2026-07-14 |OI705        |9,682.00   |9,686.00 |9,743.00 |9,663.00 |9,729.00 |9,715.00  |47.00     |33.00     |1,257     |11,194      |-4       |12,211.46    |                       
2026-07-15 |OI609        |9,926.00   |9,944.00 |9,960.00 |9,913.00 |9,936.00 |9,936.00  |10.00     |10.00     |180,133   |326,758     |4,394    |1,789,869.18 |                       
2026-07-15 |OI611        |9,919.00   |9,937.00 |9,955.00 |9,905.00 |9,930.00 |9,929.00  |11.00     |10.00     |42,977    |144,234     |-2,928   |426,711.67   |                       
2026-07-15 |OI701        |9,817.00   |9,830.00 |9,856.00 |9,800.00 |9,839.00 |9,833.00  |22.00     |16.00     |19,776    |74,840      |-1,049   |194,456.02   |                       
2026-07-15 |OI703        |9,744.00   |9,770.00 |9,828.00 |9,724.00 |9,760.00 |9,751.00  |16.00     |7.00      |23,453    |26,350      |-2,407   |228,680.68   |                       
2026-07-15 |OI705        |9,715.00   |9,696.00 |9,768.00 |9,696.00 |9,739.00 |9,738.00  |24.00     |23.00     |1,770     |11,444      |250      |17,236.25    |                       
2026-07-15 |OI707        |9,715.00   |9,703.00 |9,736.00 |9,701.00 |9,708.00 |9,714.00  |-7.00     |-1.00     |7         |7           |7        |68.00        |                       
2026-07-16 |OI609        |9,936.00   |9,940.00 |10,067.00|9,940.00 |10,037.00|9,999.00  |101.00    |63.00     |338,395   |359,433     |32,675   |3,383,637.57 |                       
2026-07-16 |OI611        |9,929.00   |9,933.00 |10,059.00|9,933.00 |10,028.00|9,993.00  |99.00     |64.00     |68,868    |140,220     |-4,014   |688,183.54   |                       
2026-07-16 |OI701        |9,833.00   |9,843.00 |9,959.00 |9,839.00 |9,930.00 |9,897.00  |97.00     |64.00     |34,654    |80,514      |5,674    |342,958.21   |                       
2026-07-16 |OI703        |9,751.00   |9,770.00 |9,882.00 |9,763.00 |9,852.00 |9,819.00  |101.00    |68.00     |33,838    |25,203      |-1,147   |332,256.20   |                       
2026-07-16 |OI705        |9,738.00   |9,739.00 |9,858.00 |9,739.00 |9,828.00 |9,796.00  |90.00     |58.00     |2,261     |11,542      |98       |22,149.23    |                       
2026-07-16 |OI707        |9,714.00   |9,737.00 |9,826.00 |9,737.00 |9,810.00 |9,778.00  |96.00     |64.00     |116       |105         |98       |1,134.20     |                       
2026-07-17 |OI609        |9,999.00   |10,051.00|10,078.00|9,920.00 |9,936.00 |10,006.00 |-63.00    |7.00      |279,428   |346,429     |-13,004  |2,795,974.29 |                       
2026-07-17 |OI611        |9,993.00   |10,040.00|10,071.00|9,912.00 |9,930.00 |9,992.00  |-63.00    |-1.00     |60,791    |142,784     |2,564    |607,425.42   |                       
2026-07-17 |OI701        |9,897.00   |9,949.00 |9,969.00 |9,816.00 |9,839.00 |9,890.00  |-58.00    |-7.00     |30,607    |80,752      |238      |302,698.50   |                       
2026-07-17 |OI703        |9,819.00   |9,876.00 |9,889.00 |9,738.00 |9,753.00 |9,812.00  |-66.00    |-7.00     |30,771    |29,828      |4,625    |301,932.22   |                       
2026-07-17 |OI705        |9,796.00   |9,839.00 |9,862.00 |9,716.00 |9,732.00 |9,804.00  |-64.00    |8.00      |1,903     |11,916      |374      |18,656.32    |                       
2026-07-17 |OI707        |9,778.00   |9,800.00 |9,830.00 |9,741.00 |9,741.00 |9,818.00  |-37.00    |40.00     |40        |120         |15       |392.73       |                       
2026-07-20 |OI609        |10,006.00  |9,970.00 |10,109.00|9,954.00 |10,050.00|10,042.00 |44.00     |36.00     |250,447   |351,567     |5,138    |2,514,921.69 |                       
2026-07-20 |OI611        |9,992.00   |9,967.00 |10,095.00|9,950.00 |10,045.00|10,044.00 |53.00     |52.00     |56,949    |142,952     |168      |571,993.62   |                       
2026-07-20 |OI701        |9,890.00   |9,866.00 |9,991.00 |9,859.00 |9,948.00 |9,936.00  |58.00     |46.00     |34,628    |85,271      |4,519    |344,079.39   |                       
2026-07-20 |OI703        |9,812.00   |9,794.00 |9,910.00 |9,794.00 |9,865.00 |9,871.00  |53.00     |59.00     |27,180    |32,566      |2,738    |268,292.80   |                       
2026-07-20 |OI705        |9,804.00   |9,772.00 |9,867.00 |9,771.00 |9,839.00 |9,826.00  |35.00     |22.00     |2,360     |11,938      |22       |23,189.86    |                       
2026-07-20 |OI707        |9,818.00   |9,792.00 |9,854.00 |9,792.00 |9,807.00 |9,824.00  |-11.00    |6.00      |16        |121         |1        |157.19       |                       
2026-07-21 |OI609        |10,042.00  |10,054.00|10,095.00|10,007.00|10,037.00|10,050.00 |-5.00     |8.00      |234,131   |349,092     |-2,475   |2,353,100.49 |                       
2026-07-21 |OI611        |10,044.00  |10,050.00|10,089.00|10,005.00|10,038.00|10,047.00 |-6.00     |3.00      |57,375    |141,626     |-1,326   |576,426.91   |                       
2026-07-21 |OI701        |9,936.00   |9,957.00 |9,990.00 |9,913.00 |9,945.00 |9,951.00  |9.00      |15.00     |31,299    |90,862      |5,591    |311,468.21   |                       
2026-07-21 |OI703        |9,871.00   |9,859.00 |9,909.00 |9,831.00 |9,862.00 |9,868.00  |-9.00     |-3.00     |27,864    |33,750      |1,184    |274,975.15   |                       
2026-07-21 |OI705        |9,826.00   |9,828.00 |9,880.00 |9,806.00 |9,833.00 |9,843.00  |7.00      |17.00     |1,619     |12,132      |194      |15,935.40    |                       
2026-07-21 |OI707        |9,824.00   |9,824.00 |9,857.00 |9,800.00 |9,815.00 |9,820.00  |-9.00     |-4.00     |74        |120         |-1       |726.66       |                       
2026-07-22 |OI609        |10,050.00  |10,026.00|10,053.00|9,916.00 |9,949.00 |9,976.00  |-101.00   |-74.00    |274,771   |327,114     |-21,978  |2,741,201.87 |                       
2026-07-22 |OI611        |10,047.00  |10,030.00|10,053.00|9,922.00 |9,951.00 |9,976.00  |-96.00    |-71.00    |48,601    |141,735     |109      |484,864.31   |                       
2026-07-22 |OI701        |9,951.00   |9,925.00 |9,956.00 |9,838.00 |9,872.00 |9,887.00  |-79.00    |-64.00    |44,057    |92,266      |1,404    |435,609.00   |                       
2026-07-22 |OI703        |9,868.00   |9,858.00 |9,873.00 |9,761.00 |9,799.00 |9,804.00  |-69.00    |-64.00    |20,310    |35,477      |1,727    |199,121.07   |                       
2026-07-22 |OI705        |9,843.00   |9,866.00 |9,866.00 |9,740.00 |9,777.00 |9,787.00  |-66.00    |-56.00    |1,750     |12,578      |446      |17,128.09    |                       
2026-07-22 |OI707        |9,820.00   |9,816.00 |9,816.00 |9,754.00 |9,757.00 |9,773.00  |-63.00    |-47.00    |11        |121         |1        |107.51       |                       
2026-07-23 |OI609        |9,976.00   |9,964.00 |10,186.00|9,947.00 |10,175.00|10,078.00 |199.00    |102.00    |319,042   |359,393     |32,279   |3,215,437.50 |                       
2026-07-23 |OI611        |9,976.00   |9,969.00 |10,184.00|9,952.00 |10,173.00|10,071.00 |197.00    |95.00     |56,144    |145,404     |3,669    |565,452.27   |                       
2026-07-23 |OI701        |9,887.00   |9,885.00 |10,103.00|9,872.00 |10,087.00|10,009.00 |200.00    |122.00    |68,882    |107,135     |14,869   |689,461.79   |                       
2026-07-23 |OI703        |9,804.00   |9,812.00 |10,028.00|9,799.00 |10,012.00|9,905.00  |208.00    |101.00    |25,177    |37,985      |2,508    |249,366.79   |                       
2026-07-23 |OI705        |9,787.00   |9,794.00 |9,999.00 |9,780.00 |9,987.00 |9,906.00  |200.00    |119.00    |3,456     |13,539      |961      |34,236.35    |                       
2026-07-23 |OI707        |9,773.00   |9,812.00 |9,977.00 |9,812.00 |9,977.00 |9,897.00  |204.00    |124.00    |11        |124         |3        |108.86       |                       
2026-07-24 |OI609        |10,078.00  |10,199.00|10,292.00|10,144.00|10,281.00|10,206.00 |203.00    |128.00    |265,218   |372,198     |12,805   |2,706,719.63 |                       
2026-07-24 |OI611        |10,071.00  |10,203.00|10,288.00|10,141.00|10,276.00|10,202.00 |205.00    |131.00    |51,075    |148,344     |2,940    |521,071.18   |                       
2026-07-24 |OI701        |10,009.00  |10,116.00|10,208.00|10,066.00|10,192.00|10,132.00 |183.00    |123.00    |48,132    |118,881     |11,746   |487,685.17   |                       
2026-07-24 |OI703        |9,905.00   |10,034.00|10,131.00|9,990.00 |10,122.00|10,048.00 |217.00    |143.00    |26,927    |40,845      |2,860    |270,560.35   |                       
2026-07-24 |OI705        |9,906.00   |10,017.00|10,087.00|9,956.00 |10,085.00|10,010.00 |179.00    |104.00    |3,637     |13,803      |264      |36,405.64    |                       
2026-07-24 |OI707        |9,897.00   |9,999.00 |10,060.00|9,946.00 |10,058.00|9,991.00  |161.00    |94.00     |21        |126         |2        |209.82       |                       
2026-07-27 |OI609        |10,206.00  |10,240.00|10,240.00|9,966.00 |9,991.00 |10,083.00 |-215.00   |-123.00   |331,667   |324,754     |-47,444  |3,344,117.66 |                       
2026-07-27 |OI611        |10,202.00  |10,240.00|10,240.00|9,967.00 |9,990.00 |10,073.00 |-212.00   |-129.00   |67,759    |145,276     |-3,068   |682,504.17   |                       
2026-07-27 |OI701        |10,132.00  |10,170.00|10,170.00|9,892.00 |9,919.00 |10,002.00 |-213.00   |-130.00   |66,579    |116,459     |-2,422   |665,956.42   |                       
2026-07-27 |OI703        |10,048.00  |10,060.00|10,071.00|9,821.00 |9,845.00 |9,915.00  |-203.00   |-133.00   |33,152    |40,874      |29       |328,693.48   |                       
2026-07-27 |OI705        |10,010.00  |10,016.00|10,050.00|9,792.00 |9,810.00 |9,876.00  |-200.00   |-134.00   |3,039     |13,653      |-150     |30,013.56    |                       
2026-07-27 |OI707        |9,991.00   |9,973.00 |9,973.00 |9,789.00 |9,804.00 |9,862.00  |-187.00   |-129.00   |21        |127         |1        |207.11       |                       
2026-07-28 |OI609        |10,083.00  |10,005.00|10,012.00|9,866.00 |9,892.00 |9,921.00  |-191.00   |-162.00   |234,080   |294,249     |-30,505  |2,322,337.94 |                       
2026-07-28 |OI611        |10,073.00  |9,989.00 |10,011.00|9,873.00 |9,899.00 |9,921.00  |-174.00   |-152.00   |47,118    |147,732     |2,456    |467,438.16   |                       
2026-07-28 |OI701        |10,002.00  |9,926.00 |9,937.00 |9,793.00 |9,809.00 |9,844.00  |-193.00   |-158.00   |52,540    |115,573     |-886     |517,199.77   |                       
2026-07-28 |OI703        |9,915.00   |9,851.00 |9,863.00 |9,720.00 |9,735.00 |9,777.00  |-180.00   |-138.00   |16,636    |41,202      |328      |162,651.74   |                       
2026-07-28 |OI705        |9,876.00   |9,816.00 |9,825.00 |9,686.00 |9,702.00 |9,743.00  |-174.00   |-133.00   |3,165     |13,395      |-258     |30,836.62    |                       
2026-07-28 |OI707        |9,862.00   |9,786.00 |9,786.00 |9,679.00 |9,679.00 |9,735.00  |-183.00   |-127.00   |18        |135         |8        |175.24       |                       
2026-07-29 |OI609        |9,921.00   |9,884.00 |9,936.00 |9,859.00 |9,922.00 |9,900.00  |1.00      |-21.00    |181,445   |276,027     |-18,222  |1,796,258.19 |                       
2026-07-29 |OI611        |9,921.00   |9,899.00 |9,945.00 |9,866.00 |9,935.00 |9,913.00  |14.00     |-8.00     |44,652    |154,425     |6,693    |442,630.29   |                       
2026-07-29 |OI701        |9,844.00   |9,808.00 |9,857.00 |9,776.00 |9,827.00 |9,814.00  |-17.00    |-30.00    |43,764    |112,574     |-2,999   |429,514.66   |                       
2026-07-29 |OI703        |9,777.00   |9,723.00 |9,777.00 |9,702.00 |9,752.00 |9,745.00  |-25.00    |-32.00    |15,719    |38,716      |-2,486   |153,177.69   |                       
2026-07-29 |OI705        |9,743.00   |9,697.00 |9,745.00 |9,673.00 |9,730.00 |9,706.00  |-13.00    |-37.00    |1,513     |13,459      |64       |14,685.32    |                       
2026-07-29 |OI707        |9,735.00   |9,663.00 |9,721.00 |9,663.00 |9,716.00 |9,701.00  |-19.00    |-34.00    |6         |136         |1        |58.21        |                       
2026-07-30 |OI609        |9,900.00   |9,928.00 |9,959.00 |9,854.00 |9,893.00 |9,896.00  |-7.00     |-4.00     |185,144   |259,490     |-16,537  |1,832,143.00 |                       
2026-07-30 |OI611        |9,913.00   |9,937.00 |9,968.00 |9,860.00 |9,915.00 |9,902.00  |2.00      |-11.00    |43,681    |161,061     |6,636    |432,530.82   |                       
2026-07-30 |OI701        |9,814.00   |9,836.00 |9,847.00 |9,738.00 |9,779.00 |9,784.00  |-35.00    |-30.00    |45,722    |112,833     |259      |447,331.98   |                       
2026-07-30 |OI703        |9,745.00   |9,756.00 |9,769.00 |9,664.00 |9,702.00 |9,695.00  |-43.00    |-50.00    |18,868    |36,210      |-2,506   |182,923.58   |                       
2026-07-30 |OI705        |9,706.00   |9,735.00 |9,739.00 |9,637.00 |9,679.00 |9,677.00  |-27.00    |-29.00    |2,543     |14,029      |570      |24,608.64    |                       
2026-07-30 |OI707        |9,701.00   |9,713.00 |9,713.00 |9,636.00 |9,661.00 |9,664.00  |-40.00    |-37.00    |12        |137         |1        |115.97       |                       
2026-07-31 |OI609        |9,896.00   |9,899.00 |9,913.00 |9,833.00 |9,894.00 |9,869.00  |-2.00     |-27.00    |148,231   |244,548     |-14,942  |1,462,901.79 |                       
2026-07-31 |OI611        |9,902.00   |9,916.00 |9,932.00 |9,851.00 |9,908.00 |9,886.00  |6.00      |-16.00    |30,563    |157,386     |-3,675   |302,150.25   |                       
2026-07-31 |OI701        |9,784.00   |9,780.00 |9,799.00 |9,726.00 |9,779.00 |9,761.00  |-5.00     |-23.00    |28,648    |114,049     |1,216    |279,643.10   |                       
2026-07-31 |OI703        |9,695.00   |9,716.00 |9,716.00 |9,650.00 |9,700.00 |9,683.00  |5.00      |-12.00    |13,734    |35,760      |-450     |132,988.28   |                       
2026-07-31 |OI705        |9,677.00   |9,682.00 |9,690.00 |9,626.00 |9,671.00 |9,656.00  |-6.00     |-21.00    |1,386     |13,698      |-331     |13,383.33    |                       
2026-07-31 |OI707        |9,664.00   |9,651.00 |9,663.00 |9,651.00 |9,657.00 |9,657.00  |-7.00     |-7.00     |5         |137         |0        |48.28        |                       
2026-08-03 |OI609        |9,869.00   |9,923.00 |9,942.00 |9,840.00 |9,891.00 |9,906.00  |22.00     |37.00     |176,273   |230,676     |-13,872  |1,746,129.51 |                       
2026-08-03 |OI611        |9,886.00   |9,931.00 |9,956.00 |9,856.00 |9,893.00 |9,916.00  |7.00      |30.00     |46,146    |162,441     |5,055    |457,581.84   |                       
2026-08-03 |OI701        |9,761.00   |9,810.00 |9,814.00 |9,683.00 |9,732.00 |9,759.00  |-29.00    |-2.00     |53,616    |118,156     |4,107    |523,221.51   |                       
2026-08-03 |OI703        |9,683.00   |9,706.00 |9,733.00 |9,600.00 |9,646.00 |9,669.00  |-37.00    |-14.00    |13,831    |36,527      |767      |133,729.29   |                       
2026-08-03 |OI705        |9,656.00   |9,695.00 |9,702.00 |9,580.00 |9,617.00 |9,642.00  |-39.00    |-14.00    |2,990     |14,257      |559      |28,829.33    |                       
2026-08-03 |OI707        |9,657.00   |9,649.00 |9,649.00 |9,591.00 |9,611.00 |9,621.00  |-46.00    |-36.00    |11        |141         |4        |105.83       |                       
2026-08-04 |OI609        |9,906.00   |9,860.00 |10,114.00|9,860.00 |10,086.00|10,018.00 |180.00    |112.00    |294,861   |238,065     |7,389    |2,953,831.66 |                       
2026-08-04 |OI611        |9,916.00   |9,872.00 |10,079.00|9,864.00 |10,052.00|10,009.00 |136.00    |93.00     |67,767    |171,571     |9,130    |678,275.59   |                       
2026-08-04 |OI701        |9,759.00   |9,710.00 |9,895.00 |9,705.00 |9,864.00 |9,825.00  |105.00    |66.00     |80,140    |127,145     |8,989    |787,400.24   |                       
2026-08-04 |OI703        |9,669.00   |9,631.00 |9,796.00 |9,621.00 |9,768.00 |9,742.00  |99.00     |73.00     |15,121    |38,247      |1,720    |147,310.58   |                       
2026-08-04 |OI705        |9,642.00   |9,601.00 |9,756.00 |9,590.00 |9,725.00 |9,678.00  |83.00     |36.00     |4,153     |14,490      |233      |40,191.76    |                       
2026-08-04 |OI707        |9,621.00   |9,585.00 |9,722.00 |9,585.00 |9,722.00 |9,684.00  |101.00    |63.00     |34        |155         |14       |329.27       |                       
2026-08-05 |OI609        |10,018.00  |10,080.00|10,101.00|10,023.00|10,081.00|10,060.00 |63.00     |42.00     |186,743   |223,769     |-14,296  |1,878,595.01 |                       
2026-08-05 |OI611        |10,009.00  |10,052.00|10,065.00|9,980.00 |10,033.00|10,016.00 |24.00     |7.00      |53,963    |179,412     |7,841    |540,510.96   |                       
2026-08-05 |OI701        |9,825.00   |9,849.00 |9,884.00 |9,807.00 |9,876.00 |9,843.00  |51.00     |18.00     |51,337    |134,527     |7,382    |505,319.95   |                       
2026-08-05 |OI703        |9,742.00   |9,752.00 |9,786.00 |9,714.00 |9,782.00 |9,753.00  |40.00     |11.00     |16,278    |39,695      |1,448    |158,761.62   |                       
2026-08-05 |OI705        |9,678.00   |9,710.00 |9,735.00 |9,673.00 |9,735.00 |9,701.00  |57.00     |23.00     |3,766     |15,023      |533      |36,535.46    |                       
2026-08-05 |OI707        |9,684.00   |9,667.00 |9,700.00 |9,660.00 |9,700.00 |9,675.00  |16.00     |-9.00     |20        |156         |1        |193.50       |                       
2026-08-06 |OI609        |10,060.00  |10,076.00|10,158.00|10,054.00|10,151.00|10,100.00 |91.00     |40.00     |189,052   |221,868     |-1,901   |1,909,459.12 |                       
2026-08-06 |OI611        |10,016.00  |10,029.00|10,054.00|10,011.00|10,050.00|10,032.00 |34.00     |16.00     |62,393    |189,181     |9,769    |625,934.05   |                       
2026-08-06 |OI701        |9,843.00   |9,874.00 |9,908.00 |9,841.00 |9,902.00 |9,875.00  |59.00     |32.00     |54,243    |143,280     |8,753    |535,624.80   |                       
2026-08-06 |OI703        |9,753.00   |9,767.00 |9,818.00 |9,745.00 |9,816.00 |9,780.00  |63.00     |27.00     |17,028    |39,505      |-190     |166,526.91   |                       
2026-08-06 |OI705        |9,701.00   |9,714.00 |9,766.00 |9,698.00 |9,762.00 |9,736.00  |61.00     |35.00     |2,394     |15,417      |394      |23,307.02    |                       
2026-08-06 |OI707        |9,675.00   |9,685.00 |9,738.00 |9,685.00 |9,738.00 |9,715.00  |63.00     |40.00     |7         |156         |0        |68.01        |                       
2026-08-07 |OI609        |10,100.00  |10,168.00|10,178.00|10,125.00|10,144.00|10,152.00 |44.00     |52.00     |136,066   |212,009     |-9,859   |1,381,340.14 |                       
2026-08-07 |OI611        |10,032.00  |10,060.00|10,072.00|10,022.00|10,046.00|10,049.00 |14.00     |17.00     |59,190    |202,815     |13,634   |594,829.63   |                       
2026-08-07 |OI701        |9,875.00   |9,914.00 |9,925.00 |9,884.00 |9,908.00 |9,909.00  |33.00     |34.00     |43,576    |147,632     |4,352    |431,799.93   |                       
2026-08-07 |OI703        |9,780.00   |9,826.00 |9,842.00 |9,798.00 |9,825.00 |9,825.00  |45.00     |45.00     |17,347    |39,345      |-160     |170,433.43   |                       
2026-08-07 |OI705        |9,736.00   |9,773.00 |9,784.00 |9,740.00 |9,763.00 |9,761.00  |27.00     |25.00     |2,882     |16,163      |746      |28,130.95    |                       
2026-08-07 |OI707        |9,715.00   |9,736.00 |9,745.00 |9,714.00 |9,740.00 |9,729.00  |25.00     |14.00     |24        |143         |-13      |233.51       |                       
2026-08-10 |OI609        |10,152.00  |10,124.00|10,190.00|10,105.00|10,114.00|10,155.00 |-38.00    |3.00      |165,617   |190,155     |-21,854  |1,681,852.27 |                       
2026-08-10 |OI611        |10,049.00  |10,037.00|10,098.00|10,032.00|10,071.00|10,074.00 |22.00     |25.00     |63,822    |212,719     |9,904    |642,918.09   |                       
2026-08-10 |OI701        |9,909.00   |9,897.00 |9,955.00 |9,886.00 |9,931.00 |9,934.00  |22.00     |25.00     |67,004    |167,098     |19,466   |665,640.61   |                       
2026-08-10 |OI703        |9,825.00   |9,811.00 |9,878.00 |9,811.00 |9,853.00 |9,865.00  |28.00     |40.00     |19,485    |39,622      |277      |192,213.68   |                       
2026-08-10 |OI705        |9,761.00   |9,749.00 |9,809.00 |9,749.00 |9,785.00 |9,790.00  |24.00     |29.00     |2,328     |16,585      |422      |22,791.58    |                       
2026-08-10 |OI707        |9,729.00   |9,751.00 |9,758.00 |9,749.00 |9,756.00 |9,752.00  |27.00     |23.00     |18        |130         |-13      |175.54       |                       
2026-08-11 |OI609        |10,155.00  |10,119.00|10,188.00|10,100.00|10,164.00|10,147.00 |9.00      |-8.00     |149,867   |180,023     |-10,132  |1,520,685.26 |                       
2026-08-11 |OI611        |10,074.00  |10,074.00|10,150.00|10,074.00|10,126.00|10,112.00 |52.00     |38.00     |79,920    |232,725     |20,006   |808,162.75   |                       
2026-08-11 |OI701        |9,934.00   |9,933.00 |10,003.00|9,924.00 |9,983.00 |9,961.00  |49.00     |27.00     |64,009    |182,673     |15,575   |637,583.93   |                       
2026-08-11 |OI703        |9,865.00   |9,865.00 |9,922.00 |9,848.00 |9,905.00 |9,880.00  |40.00     |15.00     |18,367    |40,200      |578      |181,473.69   |                       
2026-08-11 |OI705        |9,790.00   |9,798.00 |9,841.00 |9,781.00 |9,826.00 |9,805.00  |36.00     |15.00     |3,611     |18,235      |1,650    |35,407.15    |                       
2026-08-11 |OI707        |9,752.00   |9,780.00 |9,801.00 |9,780.00 |9,801.00 |9,789.00  |49.00     |37.00     |4         |132         |2        |39.16        |                       
2026-08-12 |OI609        |10,147.00  |10,148.00|10,159.00|10,065.00|10,128.00|10,116.00 |-19.00    |-31.00    |177,830   |151,809     |-28,214  |1,797,847.63 |                       
2026-08-12 |OI611        |10,112.00  |10,119.00|10,124.00|10,044.00|10,103.00|10,091.00 |-9.00     |-21.00    |93,149    |246,527     |13,802   |939,970.63   |                       
2026-08-12 |OI701        |9,961.00   |9,968.00 |9,969.00 |9,888.00 |9,945.00 |9,935.00  |-16.00    |-26.00    |68,662    |196,476     |13,803   |682,184.72   |                       
2026-08-12 |OI703        |9,880.00   |9,887.00 |9,898.00 |9,812.00 |9,871.00 |9,838.00  |-9.00     |-42.00    |15,138    |38,061      |-2,139   |148,923.65   |                       
2026-08-12 |OI705        |9,805.00   |9,806.00 |9,829.00 |9,739.00 |9,800.00 |9,786.00  |-5.00     |-19.00    |2,623     |18,539      |304      |25,668.13    |                       
2026-08-12 |OI707        |9,789.00   |9,800.00 |9,800.00 |9,722.00 |9,756.00 |9,746.00  |-33.00    |-43.00    |36        |123         |-9       |350.85       |                       
2026-08-13 |OI609        |10,116.00  |10,118.00|10,230.00|10,112.00|10,223.00|10,184.00 |107.00    |68.00     |158,329   |144,887     |-6,922   |1,612,462.78 |                       
2026-08-13 |OI611        |10,091.00  |10,091.00|10,194.00|10,091.00|10,187.00|10,147.00 |96.00     |56.00     |98,931    |262,807     |16,280   |1,003,878.09 |                       
2026-08-13 |OI701        |9,935.00   |9,931.00 |10,009.00|9,924.00 |9,996.00 |9,969.00  |61.00     |34.00     |74,099    |213,349     |16,873   |738,674.44   |                       
2026-08-13 |OI703        |9,838.00   |9,859.00 |9,922.00 |9,846.00 |9,908.00 |9,879.00  |70.00     |41.00     |14,932    |36,588      |-1,473   |147,511.52   |                       
2026-08-13 |OI705        |9,786.00   |9,786.00 |9,859.00 |9,775.00 |9,841.00 |9,815.00  |55.00     |29.00     |1,813     |18,595      |56       |17,794.59    |                       
2026-08-13 |OI707        |9,746.00   |9,765.00 |9,812.00 |9,748.00 |9,812.00 |9,785.00  |66.00     |39.00     |19        |121         |-2       |185.91       |                       
2026-08-14 |OI609        |10,184.00  |10,210.00|10,513.00|10,203.00|10,510.00|10,366.00 |326.00    |182.00    |258,345   |138,376     |-6,511   |2,677,996.81 |                       
2026-08-14 |OI611        |10,147.00  |10,177.00|10,440.00|10,162.00|10,431.00|10,302.00 |284.00    |155.00    |179,629   |305,219     |42,412   |1,850,499.73 |                       
2026-08-14 |OI701        |9,969.00   |9,996.00 |10,160.00|9,980.00 |10,152.00|10,087.00 |183.00    |118.00    |133,840   |244,272     |30,923   |1,349,994.83 |                       
2026-08-14 |OI703        |9,879.00   |9,905.00 |10,051.00|9,895.00 |10,026.00|9,967.00  |147.00    |88.00     |19,350    |36,955      |367      |192,868.81   |                       
2026-08-14 |OI705        |9,815.00   |9,837.00 |9,962.00 |9,825.00 |9,940.00 |9,913.00  |125.00    |98.00     |7,274     |20,295      |1,700    |72,106.39    |                       
2026-08-14 |OI707        |9,785.00   |9,793.00 |9,902.00 |9,792.00 |9,890.00 |9,846.00  |105.00    |61.00     |60        |125         |4        |590.77       |                       
2026-08-17 |OI609        |10,366.00  |10,467.00|10,534.00|10,454.00|10,532.00|10,493.00 |166.00    |127.00    |138,237   |114,362     |-24,014  |1,450,524.12 |                       
2026-08-17 |OI611        |10,302.00  |10,410.00|10,436.00|10,376.00|10,428.00|10,410.00 |126.00    |108.00    |120,818   |311,253     |6,034    |1,257,756.82 |                       
2026-08-17 |OI701        |10,087.00  |10,127.00|10,183.00|10,117.00|10,147.00|10,146.00 |60.00     |59.00     |77,686    |252,923     |8,651    |788,169.88   |                       
2026-08-17 |OI703        |9,967.00   |10,020.00|10,057.00|9,994.00 |10,023.00|10,029.00 |56.00     |62.00     |12,002    |37,099      |144      |120,370.44   |                       
2026-08-17 |OI705        |9,913.00   |9,910.00 |9,972.00 |9,909.00 |9,938.00 |9,944.00  |25.00     |31.00     |8,293     |21,218      |923      |82,462.93    |                       
2026-08-17 |OI707        |9,846.00   |9,876.00 |9,924.00 |9,857.00 |9,919.00 |9,905.00  |73.00     |59.00     |92        |149         |24       |911.23       |                       
2026-08-18 |OI609        |10,493.00  |10,544.00|10,643.00|10,486.00|10,504.00|10,559.00 |11.00     |66.00     |137,602   |89,188      |-25,174  |1,452,915.80 |                       
2026-08-18 |OI611        |10,410.00  |10,449.00|10,528.00|10,408.00|10,417.00|10,463.00 |7.00      |53.00     |189,864   |320,665     |9,412    |1,986,475.28 |                       
2026-08-18 |OI701        |10,146.00  |10,167.00|10,267.00|10,140.00|10,171.00|10,198.00 |25.00     |52.00     |116,051   |266,221     |13,298   |1,183,529.52 |                       
2026-08-18 |OI703        |10,029.00  |10,036.00|10,146.00|10,017.00|10,053.00|10,082.00 |24.00     |53.00     |17,155    |37,428      |329      |172,965.26   |                       
2026-08-18 |OI705        |9,944.00   |9,960.00 |10,052.00|9,931.00 |9,974.00 |9,993.00  |30.00     |49.00     |5,573     |22,164      |946      |55,689.07    |                       
2026-08-18 |OI707        |9,905.00   |9,942.00 |9,993.00 |9,921.00 |9,945.00 |9,953.00  |40.00     |48.00     |26        |143         |-6       |258.77       |                       
2026-08-19 |OI609        |10,559.00  |10,494.00|10,632.00|10,430.00|10,615.00|10,495.00 |56.00     |-64.00    |100,332   |67,579      |-21,609  |1,052,994.77 |                       
2026-08-19 |OI611        |10,463.00  |10,416.00|10,590.00|10,385.00|10,568.00|10,466.00 |105.00    |3.00      |276,455   |346,012     |25,347   |2,893,297.51 |                       
2026-08-19 |OI701        |10,198.00  |10,171.00|10,340.00|10,136.00|10,317.00|10,219.00 |119.00    |21.00     |147,130   |278,862     |12,641   |1,503,492.78 |                       
2026-08-19 |OI703        |10,082.00  |10,054.00|10,256.00|10,036.00|10,234.00|10,111.00 |152.00    |29.00     |23,157    |37,657      |229      |234,145.45   |                       
2026-08-19 |OI705        |9,993.00   |9,974.00 |10,161.00|9,970.00 |10,144.00|10,052.00 |151.00    |59.00     |7,710     |22,914      |750      |77,501.87    |                       
2026-08-19 |OI707        |9,953.00   |9,957.00 |10,118.00|9,951.00 |10,118.00|10,012.00 |165.00    |59.00     |50        |154         |11       |500.61       |                       
2026-08-20 |OI609        |10,495.00  |10,565.00|10,788.00|10,565.00|10,756.00|10,711.00 |261.00    |216.00    |65,890    |53,071      |-14,508  |705,777.24   |                       
2026-08-20 |OI611        |10,466.00  |10,530.00|10,723.00|10,530.00|10,682.00|10,655.00 |216.00    |189.00    |333,505   |364,812     |18,800   |3,553,540.47 |                       
2026-08-20 |OI701        |10,219.00  |10,296.00|10,474.00|10,292.00|10,434.00|10,400.00 |215.00    |181.00    |161,548   |297,311     |18,449   |1,680,138.90 |                       
2026-08-20 |OI703        |10,111.00  |10,215.00|10,386.00|10,207.00|10,340.00|10,318.00 |229.00    |207.00    |16,948    |38,050      |393      |174,867.84   |                       
2026-08-20 |OI705        |10,052.00  |10,097.00|10,300.00|10,097.00|10,263.00|10,234.00 |211.00    |182.00    |7,103     |24,427      |1,513    |72,688.66    |                       
2026-08-20 |OI707        |10,012.00  |10,613.00|10,613.00|10,099.00|10,232.00|10,204.00 |220.00    |192.00    |50        |152         |-2       |510.22       |                       
2026-08-21 |OI609        |10,711.00  |10,790.00|10,790.00|10,493.00|10,552.00|10,612.00 |-159.00   |-99.00    |51,880    |37,905      |-15,166  |550,524.97   |                       
2026-08-21 |OI611        |10,655.00  |10,718.00|10,718.00|10,425.00|10,490.00|10,541.00 |-165.00   |-114.00   |365,058   |344,534     |-20,278  |3,848,210.47 |                       
2026-08-21 |OI701        |10,400.00  |10,473.00|10,474.00|10,233.00|10,305.00|10,338.00 |-95.00    |-62.00    |182,492   |291,839     |-5,472   |1,886,667.77 |                       
2026-08-21 |OI703        |10,318.00  |10,381.00|10,381.00|10,138.00|10,202.00|10,256.00 |-116.00   |-62.00    |19,166    |37,609      |-441     |196,563.74   |                       
2026-08-21 |OI705        |10,234.00  |10,280.00|10,298.00|10,078.00|10,155.00|10,181.00 |-79.00    |-53.00    |10,433    |25,077      |650      |106,213.78   |                       
2026-08-21 |OI707        |10,204.00  |10,212.00|10,213.00|10,060.00|10,124.00|10,150.00 |-80.00    |-54.00    |41        |151         |-1       |416.13       |                       
2026-08-24 |OI609        |10,612.00  |10,566.00|10,573.00|10,374.00|10,461.00|10,483.00 |-151.00   |-129.00   |26,840    |29,728      |-8,177   |281,374.65   |                       
2026-08-24 |OI611        |10,541.00  |10,505.00|10,526.00|10,312.00|10,412.00|10,433.00 |-129.00   |-108.00   |304,256   |338,586     |-5,948   |3,174,227.97 |                       
2026-08-24 |OI701        |10,338.00  |10,330.00|10,362.00|10,141.00|10,208.00|10,248.00 |-130.00   |-90.00    |158,268   |279,497     |-12,342  |1,621,899.37 |                       
2026-08-24 |OI703        |10,256.00  |10,214.00|10,261.00|10,050.00|10,125.00|10,140.00 |-131.00   |-116.00   |17,285    |36,920      |-689     |175,264.34   |                       
2026-08-24 |OI705        |10,181.00  |10,168.00|10,206.00|9,997.00 |10,058.00|10,090.00 |-123.00   |-91.00    |9,860     |26,043      |966      |99,489.01    |                       
2026-08-24 |OI707        |10,150.00  |10,136.00|10,180.00|9,993.00 |10,038.00|10,083.00 |-112.00   |-67.00    |33        |165         |14       |332.74       |                       
2026-08-25 |OI609        |10,483.00  |10,440.00|10,463.00|10,311.00|10,360.00|10,378.00 |-123.00   |-105.00   |19,008    |21,673      |-8,055   |197,260.54   |                       
2026-08-25 |OI611        |10,433.00  |10,376.00|10,404.00|10,231.00|10,281.00|10,308.00 |-152.00   |-125.00   |260,577   |316,616     |-21,970  |2,685,930.63 |                       
2026-08-25 |OI701        |10,248.00  |10,167.00|10,208.00|10,044.00|10,100.00|10,112.00 |-148.00   |-136.00   |147,371   |266,659     |-12,838  |1,490,206.38 |                       
2026-08-25 |OI703        |10,140.00  |10,099.00|10,132.00|9,957.00 |10,008.00|10,022.00 |-132.00   |-118.00   |30,340    |36,377      |-543     |304,074.05   |                       
2026-08-25 |OI705        |10,090.00  |10,041.00|10,066.00|9,883.00 |9,934.00 |9,949.00  |-156.00   |-141.00   |10,081    |29,631      |3,588    |100,298.93   |                       
2026-08-25 |OI707        |10,083.00  |10,028.00|10,053.00|9,879.00 |9,920.00 |9,930.00  |-163.00   |-153.00   |78        |182         |17       |774.52       |                       
2026-08-26 |OI609        |10,378.00  |10,337.00|10,401.00|10,318.00|10,342.00|10,359.00 |-36.00    |-19.00    |11,019    |16,390      |-5,283   |114,151.07   |                       
2026-08-26 |OI611        |10,308.00  |10,244.00|10,339.00|10,242.00|10,291.00|10,294.00 |-17.00    |-14.00    |235,867   |308,264     |-8,352   |2,428,031.98 |                       
2026-08-26 |OI701        |10,112.00  |10,085.00|10,141.00|10,060.00|10,102.00|10,105.00 |-10.00    |-7.00     |99,763    |261,682     |-4,977   |1,008,146.54 |                       
2026-08-26 |OI703        |10,022.00  |9,988.00 |10,053.00|9,974.00 |10,013.00|10,013.00 |-9.00     |-9.00     |39,263    |36,240      |-137     |393,158.71   |                       
2026-08-26 |OI705        |9,949.00   |9,903.00 |9,981.00 |9,900.00 |9,941.00 |9,946.00  |-8.00     |-3.00     |7,671     |30,523      |892      |76,299.59    |                       
2026-08-26 |OI707        |9,930.00   |9,896.00 |9,964.00 |9,896.00 |9,918.00 |9,929.00  |-12.00    |-1.00     |85        |187         |5        |844.00       |                       
2026-08-27 |OI609        |10,359.00  |10,348.00|10,384.00|10,310.00|10,320.00|10,343.00 |-39.00    |-16.00    |9,801     |11,436      |-4,954   |101,371.37   |                       
2026-08-27 |OI611        |10,294.00  |10,294.00|10,358.00|10,268.00|10,297.00|10,314.00 |3.00      |20.00     |222,848   |297,852     |-10,412  |2,298,376.16 |                       
2026-08-27 |OI701        |10,105.00  |10,102.00|10,185.00|10,079.00|10,128.00|10,134.00 |23.00     |29.00     |107,236   |264,614     |2,932    |1,086,749.37 |                       
2026-08-27 |OI703        |10,013.00  |10,015.00|10,085.00|9,990.00 |10,036.00|10,050.00 |23.00     |37.00     |39,256    |36,545      |305      |394,537.40   |                       
2026-08-27 |OI705        |9,946.00   |9,947.00 |10,015.00|9,907.00 |9,973.00 |9,965.00  |27.00     |19.00     |8,643     |30,744      |221      |86,124.75    |                       
2026-08-27 |OI707        |9,929.00   |9,929.00 |9,999.00 |9,901.00 |9,954.00 |9,958.00  |25.00     |29.00     |151       |186         |-1       |1,503.71     |                       
2026-08-28 |OI609        |10,343.00  |10,318.00|10,406.00|10,241.00|10,310.00|10,316.00 |-33.00    |-27.00    |7,031     |8,204       |-3,232   |72,534.31    |                       
2026-08-28 |OI611        |10,314.00  |10,279.00|10,398.00|10,198.00|10,333.00|10,301.00 |19.00     |-13.00    |282,502   |294,884     |-2,968   |2,909,924.13 |                       
2026-08-28 |OI701        |10,134.00  |10,123.00|10,271.00|10,051.00|10,201.00|10,167.00 |67.00     |33.00     |170,905   |266,145     |1,531    |1,737,643.13 |                       
2026-08-28 |OI703        |10,050.00  |10,035.00|10,180.00|9,963.00 |10,114.00|10,063.00 |64.00     |13.00     |39,095    |36,927      |382      |393,429.30   |                       
2026-08-28 |OI705        |9,965.00   |9,970.00 |10,127.00|9,904.00 |10,066.00|10,027.00 |101.00    |62.00     |16,210    |31,977      |1,233    |162,541.30   |                       
2026-08-28 |OI707        |9,958.00   |9,936.00 |10,097.00|9,894.00 |10,049.00|9,998.00  |91.00     |40.00     |62        |197         |11       |619.88       |                       
2026-08-31 |OI609        |10,316.00  |10,317.00|10,495.00|10,253.00|10,468.00|10,384.00 |152.00    |68.00     |5,581     |4,128       |-4,076   |57,954.90    |                       
2026-08-31 |OI611        |10,301.00  |10,356.00|10,446.00|10,299.00|10,377.00|10,370.00 |76.00     |69.00     |245,115   |282,513     |-12,371  |2,541,827.22 |                       
2026-08-31 |OI701        |10,167.00  |10,222.00|10,309.00|10,171.00|10,254.00|10,240.00 |87.00     |73.00     |136,934   |265,385     |-760     |1,402,220.37 |                       
2026-08-31 |OI703        |10,063.00  |10,103.00|10,228.00|10,095.00|10,175.00|10,163.00 |112.00    |100.00    |30,113    |37,198      |271      |306,050.42   |                       
2026-08-31 |OI705        |10,027.00  |10,092.00|10,179.00|10,048.00|10,120.00|10,117.00 |93.00     |90.00     |11,497    |33,252      |1,275    |116,320.58   |                       
2026-08-31 |OI707        |9,998.00   |10,071.00|10,156.00|10,038.00|10,115.00|10,102.00 |117.00    |104.00    |181       |268         |71       |1,828.37     |                       
2026-09-01 |OI609        |10,384.00  |10,408.00|10,552.00|10,318.00|10,490.00|10,471.00 |106.00    |87.00     |173       |3,992       |-136     |1,811.52     |10,455.00              
2026-09-01 |OI611        |10,370.00  |10,360.00|10,486.00|10,221.00|10,389.00|10,369.00 |19.00     |-1.00     |305,071   |276,981     |-5,532   |3,163,224.84 |                       
2026-09-01 |OI701        |10,240.00  |10,223.00|10,334.00|10,107.00|10,254.00|10,234.00 |14.00     |-6.00     |179,332   |262,736     |-2,649   |1,835,238.78 |                       
2026-09-01 |OI703        |10,163.00  |10,154.00|10,248.00|10,023.00|10,173.00|10,140.00 |10.00     |-23.00    |31,506    |41,718      |4,520    |319,464.63   |                       
2026-09-01 |OI705        |10,117.00  |10,115.00|10,212.00|9,994.00 |10,128.00|10,122.00 |11.00     |5.00      |15,386    |34,324      |1,072    |155,741.01   |                       
2026-09-01 |OI707        |10,102.00  |10,081.00|10,202.00|9,990.00 |10,140.00|10,097.00 |38.00     |-5.00     |184       |274         |6        |1,857.86     |                       
2026-09-02 |OI609        |10,471.00  |10,505.00|10,614.00|10,400.00|10,400.00|10,492.00 |-71.00    |21.00     |73        |3,654       |-338     |765.88       |10,455.00              
2026-09-02 |OI611        |10,369.00  |10,395.00|10,539.00|10,297.00|10,311.00|10,396.00 |-58.00    |27.00     |283,588   |268,498     |-8,483   |2,948,245.46 |                       
2026-09-02 |OI701        |10,234.00  |10,254.00|10,416.00|10,193.00|10,205.00|10,279.00 |-29.00    |45.00     |196,719   |268,652     |5,916    |2,022,109.44 |                       
2026-09-02 |OI703        |10,140.00  |10,158.00|10,335.00|10,129.00|10,133.00|10,200.00 |-7.00     |60.00     |33,765    |44,213      |2,495    |344,415.73   |                       
2026-09-02 |OI705        |10,122.00  |10,122.00|10,270.00|10,061.00|10,070.00|10,137.00 |-52.00    |15.00     |16,819    |37,316      |2,992    |170,496.62   |                       
2026-09-02 |OI707        |10,097.00  |10,140.00|10,232.00|10,051.00|10,051.00|10,149.00 |-46.00    |52.00     |108       |270         |-4       |1,096.12     |                       
2026-09-03 |OI609        |10,492.00  |10,420.00|10,420.00|10,370.00|10,376.00|10,406.00 |-116.00   |-86.00    |61        |3,611       |-43      |634.77       |10,424.00              
2026-09-03 |OI611        |10,396.00  |10,290.00|10,423.00|10,214.00|10,284.00|10,329.00 |-112.00   |-67.00    |313,673   |253,525     |-14,973  |3,239,882.78 |                       
2026-09-03 |OI701        |10,279.00  |10,188.00|10,318.00|10,126.00|10,194.00|10,226.00 |-85.00    |-53.00    |238,208   |281,894     |13,242   |2,436,004.39 |                       
2026-09-03 |OI703        |10,200.00  |10,128.00|10,241.00|10,052.00|10,120.00|10,164.00 |-80.00    |-36.00    |34,118    |45,335      |1,122    |346,779.00   |                       
2026-09-03 |OI705        |10,137.00  |10,059.00|10,181.00|10,001.00|10,062.00|10,095.00 |-75.00    |-42.00    |17,889    |39,881      |2,565    |180,589.81   |                       
2026-09-03 |OI707        |10,149.00  |10,060.00|10,164.00|9,999.00 |10,057.00|10,090.00 |-92.00    |-59.00    |110       |280         |10       |1,109.85     |                       
2026-09-04 |OI609        |10,406.00  |0.00     |0.00     |0.00     |0.00     |10,393.00 |-13.00    |-13.00    |0         |3,611       |0        |0.00         |10,403.00              
2026-09-04 |OI611        |10,329.00  |10,266.00|10,327.00|10,181.00|10,264.00|10,248.00 |-65.00    |-81.00    |219,074   |243,843     |-9,682   |2,245,147.19 |                       
2026-09-04 |OI701        |10,226.00  |10,178.00|10,229.00|10,084.00|10,175.00|10,152.00 |-51.00    |-74.00    |170,026   |276,539     |-5,355   |1,726,080.70 |                       
2026-09-04 |OI703        |10,164.00  |10,096.00|10,151.00|10,019.00|10,090.00|10,087.00 |-74.00    |-77.00    |20,196    |44,802      |-533     |203,725.51   |                       
2026-09-04 |OI705        |10,095.00  |10,038.00|10,100.00|9,968.00 |10,044.00|10,033.00 |-51.00    |-62.00    |11,452    |40,850      |969      |114,903.11   |                       
2026-09-04 |OI707        |10,090.00  |10,020.00|10,082.00|9,973.00 |10,037.00|10,046.00 |-53.00    |-44.00    |162       |372         |92       |1,627.51     |                       
