Date,FX rate,CPI growth,Local policy rate,Local stock market index
1954-01-04,,,,
1954-01-05,,,,
1954-01-06,,,,
1954-01-07,,,,
1954-01-08,,,,
1954-01-09,,,,
1954-01-10,,,,
1954-01-11,,,,
1954-01-12,,,,
1954-01-13,,,,
1954-01-14,,,,
1954-01-15,,,,
1954-01-16,,,,
1954-01-17,,,,
1954-01-18,,,,
1954-01-19,,,,
1954-01-20,,,,
1954-01-21,,,,
1954-01-22,,,,
1954-01-23,,,,
1954-01-24,,,,
1954-01-25,,,,
1954-01-26,,,,
1954-01-27,,,,
1954-01-28,,,,
1954-01-29,,,,
1954-01-30,,,,
1954-01-31,,,,
1954-02-01,,,,
1954-02-02,,,,
1954-02-03,,,,
1954-02-04,,,,
1954-02-05,,,,
1954-02-06,,,,
1954-02-07,,,,
1954-02-08,,,,
1954-02-09,,,,
1954-02-10,,,,
1954-02-11,,,,
1954-02-12,,,,
1954-02-13,,,,
1954-02-14,,,,
1954-02-15,,,,
1954-02-16,,,,
1954-02-17,,,,
1954-02-18,,,,
1954-02-19,,,,
1954-02-20,,,,
1954-02-21,,,,
1954-02-22,,,,
1954-02-23,,,,
1954-02-24,,,,
1954-02-25,,,,
1954-02-26,,,,
1954-02-27,,,,
1954-02-28,,,,
1954-03-01,,,,
1954-03-02,,,,
1954-03-03,,,,
1954-03-04,,,,
1954-03-05,,,,
1954-03-06,,,,
1954-03-07,,,,
1954-03-08,,,,
1954-03-09,,,,
1954-03-10,,,,
1954-03-11,,,,
1954-03-12,,,,
1954-03-13,,,,
1954-03-14,,,,
1954-03-15,,,,
1954-03-16,,,,
1954-03-17,,,,
1954-03-18,,,,
1954-03-19,,,,
1954-03-20,,,,
1954-03-21,,,,
1954-03-22,,,,
1954-03-23,,,,
1954-03-24,,,,
1954-03-25,,,,
1954-03-26,,,,
1954-03-27,,,,
1954-03-28,,,,
1954-03-29,,,,
1954-03-30,,,,
1954-03-31,,,,
1954-04-01,,,,
1954-04-02,,,,
1954-04-03,,,,
1954-04-04,,,,
1954-04-05,,,,
1954-04-06,,,,
1954-04-07,,,,
1954-04-08,,,,
1954-04-09,,,,
1954-04-10,,,,
1954-04-11,,,,
1954-04-12,,,,
1954-04-13,,,,
1954-04-14,,,,
1954-04-15,,,,
1954-04-16,,,,
1954-04-17,,,,
1954-04-18,,,,
1954-04-19,,,,
1954-04-20,,,,
1954-04-21,,,,
1954-04-22,,,,
1954-04-23,,,,
1954-04-24,,,,
1954-04-25,,,,
1954-04-26,,,,
1954-04-27,,,,
1954-04-28,,,,
1954-04-29,,,,
1954-04-30,,,,
1954-05-01,,,,
1954-05-02,,,,
1954-05-03,,,,
1954-05-04,,,,
1954-05-05,,,,
1954-05-06,,,,
1954-05-07,,,,
1954-05-08,,,,
1954-05-09,,,,
1954-05-10,,,,
1954-05-11,,,,
1954-05-12,,,,
1954-05-13,,,,
1954-05-14,,,,
1954-05-15,,,,
1954-05-16,,,,
1954-05-17,,,,
1954-05-18,,,,
1954-05-19,,,,
1954-05-20,,,,
1954-05-21,,,,
1954-05-22,,,,
1954-05-23,,,,
1954-05-24,,,,
1954-05-25,,,,
1954-05-26,,,,
1954-05-27,,,,
1954-05-28,,,,
1954-05-29,,,,
1954-05-30,,,,
1954-05-31,,,,
1954-06-01,,,,
1954-06-02,,,,
1954-06-03,,,,
1954-06-04,,,,
1954-06-05,,,,
1954-06-06,,,,
1954-06-07,,,,
1954-06-08,,,,
1954-06-09,,,,
1954-06-10,,,,
1954-06-11,,,,
1954-06-12,,,,
1954-06-13,,,,
1954-06-14,,,,
1954-06-15,,,,
1954-06-16,,,,
1954-06-17,,,,
1954-06-18,,,,
1954-06-19,,,,
1954-06-20,,,,
1954-06-21,,,,
1954-06-22,,,,
1954-06-23,,,,
1954-06-24,,,,
1954-06-25,,,,
1954-06-26,,,,
1954-06-27,,,,
1954-06-28,,,,
1954-06-29,,,,
1954-06-30,,,,
1954-07-01,,,,
1954-07-02,,,,
1954-07-03,,,,
1954-07-04,,,,
1954-07-05,,,,
1954-07-06,,,,
1954-07-07,,,,
1954-07-08,,,,
1954-07-09,,,,
1954-07-10,,,,
1954-07-11,,,,
1954-07-12,,,,
1954-07-13,,,,
1954-07-14,,,,
1954-07-15,,,,
1954-07-16,,,,
1954-07-17,,,,
1954-07-18,,,,
1954-07-19,,,,
1954-07-20,,,,
1954-07-21,,,,
1954-07-22,,,,
1954-07-23,,,,
1954-07-24,,,,
1954-07-25,,,,
1954-07-26,,,,
1954-07-27,,,,
1954-07-28,,,,
1954-07-29,,,,
1954-07-30,,,,
1954-07-31,,,,
1954-08-01,,,,
1954-08-02,,,,
1954-08-03,,,,
1954-08-04,,,,
1954-08-05,,,,
1954-08-06,,,,
1954-08-07,,,,
1954-08-08,,,,
1954-08-09,,,,
1954-08-10,,,,
1954-08-11,,,,
1954-08-12,,,,
1954-08-13,,,,
1954-08-14,,,,
1954-08-15,,,,
1954-08-16,,,,
1954-08-17,,,,
1954-08-18,,,,
1954-08-19,,,,
1954-08-20,,,,
1954-08-21,,,,
1954-08-22,,,,
1954-08-23,,,,
1954-08-24,,,,
1954-08-25,,,,
1954-08-26,,,,
1954-08-27,,,,
1954-08-28,,,,
1954-08-29,,,,
1954-08-30,,,,
1954-08-31,,,,
1954-09-01,,,,
1954-09-02,,,,
1954-09-03,,,,
1954-09-04,,,,
1954-09-05,,,,
1954-09-06,,,,
1954-09-07,,,,
1954-09-08,,,,
1954-09-09,,,,
1954-09-10,,,,
1954-09-11,,,,
1954-09-12,,,,
1954-09-13,,,,
1954-09-14,,,,
1954-09-15,,,,
1954-09-16,,,,
1954-09-17,,,,
1954-09-18,,,,
1954-09-19,,,,
1954-09-20,,,,
1954-09-21,,,,
1954-09-22,,,,
1954-09-23,,,,
1954-09-24,,,,
1954-09-25,,,,
1954-09-26,,,,
1954-09-27,,,,
1954-09-28,,,,
1954-09-29,,,,
1954-09-30,,,,
1954-10-01,,,,
1954-10-02,,,,
1954-10-03,,,,
1954-10-04,,,,
1954-10-05,,,,
1954-10-06,,,,
1954-10-07,,,,
1954-10-08,,,,
1954-10-09,,,,
1954-10-10,,,,
1954-10-11,,,,
1954-10-12,,,,
1954-10-13,,,,
1954-10-14,,,,
1954-10-15,,,,
1954-10-16,,,,
1954-10-17,,,,
1954-10-18,,,,
1954-10-19,,,,
1954-10-20,,,,
1954-10-21,,,,
1954-10-22,,,,
1954-10-23,,,,
1954-10-24,,,,
1954-10-25,,,,
1954-10-26,,,,
1954-10-27,,,,
1954-10-28,,,,
1954-10-29,,,,
1954-10-30,,,,
1954-10-31,,,,
1954-11-01,,,,
1954-11-02,,,,
1954-11-03,,,,
1954-11-04,,,,
1954-11-05,,,,
1954-11-06,,,,
1954-11-07,,,,
1954-11-08,,,,
1954-11-09,,,,
1954-11-10,,,,
1954-11-11,,,,
1954-11-12,,,,
1954-11-13,,,,
1954-11-14,,,,
1954-11-15,,,,
1954-11-16,,,,
1954-11-17,,,,
1954-11-18,,,,
1954-11-19,,,,
1954-11-20,,,,
1954-11-21,,,,
1954-11-22,,,,
1954-11-23,,,,
1954-11-24,,,,
1954-11-25,,,,
1954-11-26,,,,
1954-11-27,,,,
1954-11-28,,,,
1954-11-29,,,,
1954-11-30,,,,
1954-12-01,,,,
1954-12-02,,,,
1954-12-03,,,,
1954-12-04,,,,
1954-12-05,,,,
1954-12-06,,,,
1954-12-07,,,,
1954-12-08,,,,
1954-12-09,,,,
1954-12-10,,,,
1954-12-11,,,,
1954-12-12,,,,
1954-12-13,,,,
1954-12-14,,,,
1954-12-15,,,,
1954-12-16,,,,
1954-12-17,,,,
1954-12-18,,,,
1954-12-19,,,,
1954-12-20,,,,
1954-12-21,,,,
1954-12-22,,,,
1954-12-23,,,,
1954-12-24,,,,
1954-12-25,,,,
1954-12-26,,,,
1954-12-27,,,,
1954-12-28,,,,
1954-12-29,,,,
1954-12-30,,,,
1954-12-31,,,,
1955-01-01,,,,
1955-01-02,,,,
1955-01-03,,,,
1955-01-04,,,,
1955-01-05,,,,
1955-01-06,,,,
1955-01-07,,,,
1955-01-08,,,,
1955-01-09,,,,
1955-01-10,,,,
1955-01-11,,,,
1955-01-12,,,,
1955-01-13,,,,
1955-01-14,,,,
1955-01-15,,,,
1955-01-16,,,,
1955-01-17,,,,
1955-01-18,,,,
1955-01-19,,,,
1955-01-20,,,,
1955-01-21,,,,
1955-01-22,,,,
1955-01-23,,,,
1955-01-24,,,,
1955-01-25,,,,
1955-01-26,,,,
1955-01-27,,,,
1955-01-28,,,,
1955-01-29,,,,
1955-01-30,,,,
1955-01-31,,,,
1955-02-01,,,,
1955-02-02,,,,
1955-02-03,,,,
1955-02-04,,,,
1955-02-05,,,,
1955-02-06,,,,
1955-02-07,,,,
1955-02-08,,,,
1955-02-09,,,,
1955-02-10,,,,
1955-02-11,,,,
1955-02-12,,,,
1955-02-13,,,,
1955-02-14,,,,
1955-02-15,,,,
1955-02-16,,,,
1955-02-17,,,,
1955-02-18,,,,
1955-02-19,,,,
1955-02-20,,,,
1955-02-21,,,,
1955-02-22,,,,
1955-02-23,,,,
1955-02-24,,,,
1955-02-25,,,,
1955-02-26,,,,
1955-02-27,,,,
1955-02-28,,,,
1955-03-01,,,,
1955-03-02,,,,
1955-03-03,,,,
1955-03-04,,,,
1955-03-05,,,,
1955-03-06,,,,
1955-03-07,,,,
1955-03-08,,,,
1955-03-09,,,,
1955-03-10,,,,
1955-03-11,,,,
1955-03-12,,,,
1955-03-13,,,,
1955-03-14,,,,
1955-03-15,,,,
1955-03-16,,,,
1955-03-17,,,,
1955-03-18,,,,
1955-03-19,,,,
1955-03-20,,,,
1955-03-21,,,,
1955-03-22,,,,
1955-03-23,,,,
1955-03-24,,,,
1955-03-25,,,,
1955-03-26,,,,
1955-03-27,,,,
1955-03-28,,,,
1955-03-29,,,,
1955-03-30,,,,
1955-03-31,,,,
1955-04-01,,,,
1955-04-02,,,,
1955-04-03,,,,
1955-04-04,,,,
1955-04-05,,,,
1955-04-06,,,,
1955-04-07,,,,
1955-04-08,,,,
1955-04-09,,,,
1955-04-10,,,,
1955-04-11,,,,
1955-04-12,,,,
1955-04-13,,,,
1955-04-14,,,,
1955-04-15,,,,
1955-04-16,,,,
1955-04-17,,,,
1955-04-18,,,,
1955-04-19,,,,
1955-04-20,,,,
1955-04-21,,,,
1955-04-22,,,,
1955-04-23,,,,
1955-04-24,,,,
1955-04-25,,,,
1955-04-26,,,,
1955-04-27,,,,
1955-04-28,,,,
1955-04-29,,,,
1955-04-30,,,,
1955-05-01,,,,
1955-05-02,,,,
1955-05-03,,,,
1955-05-04,,,,
1955-05-05,,,,
1955-05-06,,,,
1955-05-07,,,,
1955-05-08,,,,
1955-05-09,,,,
1955-05-10,,,,
1955-05-11,,,,
1955-05-12,,,,
1955-05-13,,,,
1955-05-14,,,,
1955-05-15,,,,
1955-05-16,,,,
1955-05-17,,,,
1955-05-18,,,,
1955-05-19,,,,
1955-05-20,,,,
1955-05-21,,,,
1955-05-22,,,,
1955-05-23,,,,
1955-05-24,,,,
1955-05-25,,,,
1955-05-26,,,,
1955-05-27,,,,
1955-05-28,,,,
1955-05-29,,,,
1955-05-30,,,,
1955-05-31,,,,
1955-06-01,,,,
1955-06-02,,,,
1955-06-03,,,,
1955-06-04,,,,
1955-06-05,,,,
1955-06-06,,,,
1955-06-07,,,,
1955-06-08,,,,
1955-06-09,,,,
1955-06-10,,,,
1955-06-11,,,,
1955-06-12,,,,
1955-06-13,,,,
1955-06-14,,,,
1955-06-15,,,,
1955-06-16,,,,
1955-06-17,,,,
1955-06-18,,,,
1955-06-19,,,,
1955-06-20,,,,
1955-06-21,,,,
1955-06-22,,,,
1955-06-23,,,,
1955-06-24,,,,
1955-06-25,,,,
1955-06-26,,,,
1955-06-27,,,,
1955-06-28,,,,
1955-06-29,,,,
1955-06-30,,,,
1955-07-01,,,,
1955-07-02,,,,
1955-07-03,,,,
1955-07-04,,,,
1955-07-05,,,,
1955-07-06,,,,
1955-07-07,,,,
1955-07-08,,,,
1955-07-09,,,,
1955-07-10,,,,
1955-07-11,,,,
1955-07-12,,,,
1955-07-13,,,,
1955-07-14,,,,
1955-07-15,,,,
1955-07-16,,,,
1955-07-17,,,,
1955-07-18,,,,
1955-07-19,,,,
1955-07-20,,,,
1955-07-21,,,,
1955-07-22,,,,
1955-07-23,,,,
1955-07-24,,,,
1955-07-25,,,,
1955-07-26,,,,
1955-07-27,,,,
1955-07-28,,,,
1955-07-29,,,,
1955-07-30,,,,
1955-07-31,,,,
1955-08-01,,,,
1955-08-02,,,,
1955-08-03,,,,
1955-08-04,,,,
1955-08-05,,,,
1955-08-06,,,,
1955-08-07,,,,
1955-08-08,,,,
1955-08-09,,,,
1955-08-10,,,,
1955-08-11,,,,
1955-08-12,,,,
1955-08-13,,,,
1955-08-14,,,,
1955-08-15,,,,
1955-08-16,,,,
1955-08-17,,,,
1955-08-18,,,,
1955-08-19,,,,
1955-08-20,,,,
1955-08-21,,,,
1955-08-22,,,,
1955-08-23,,,,
1955-08-24,,,,
1955-08-25,,,,
1955-08-26,,,,
1955-08-27,,,,
1955-08-28,,,,
1955-08-29,,,,
1955-08-30,,,,
1955-08-31,,,,
1955-09-01,,,,
1955-09-02,,,,
1955-09-03,,,,
1955-09-04,,,,
1955-09-05,,,,
1955-09-06,,,,
1955-09-07,,,,
1955-09-08,,,,
1955-09-09,,,,
1955-09-10,,,,
1955-09-11,,,,
1955-09-12,,,,
1955-09-13,,,,
1955-09-14,,,,
1955-09-15,,,,
1955-09-16,,,,
1955-09-17,,,,
1955-09-18,,,,
1955-09-19,,,,
1955-09-20,,,,
1955-09-21,,,,
1955-09-22,,,,
1955-09-23,,,,
1955-09-24,,,,
1955-09-25,,,,
1955-09-26,,,,
1955-09-27,,,,
1955-09-28,,,,
1955-09-29,,,,
1955-09-30,,,,
1955-10-01,,,,
1955-10-02,,,,
1955-10-03,,,,
1955-10-04,,,,
1955-10-05,,,,
1955-10-06,,,,
1955-10-07,,,,
1955-10-08,,,,
1955-10-09,,,,
1955-10-10,,,,
1955-10-11,,,,
1955-10-12,,,,
1955-10-13,,,,
1955-10-14,,,,
1955-10-15,,,,
1955-10-16,,,,
1955-10-17,,,,
1955-10-18,,,,
1955-10-19,,,,
1955-10-20,,,,
1955-10-21,,,,
1955-10-22,,,,
1955-10-23,,,,
1955-10-24,,,,
1955-10-25,,,,
1955-10-26,,,,
1955-10-27,,,,
1955-10-28,,,,
1955-10-29,,,,
1955-10-30,,,,
1955-10-31,,,,
1955-11-01,,,,
1955-11-02,,,,
1955-11-03,,,,
1955-11-04,,,,
1955-11-05,,,,
1955-11-06,,,,
1955-11-07,,,,
1955-11-08,,,,
1955-11-09,,,,
1955-11-10,,,,
1955-11-11,,,,
1955-11-12,,,,
1955-11-13,,,,
1955-11-14,,,,
1955-11-15,,,,
1955-11-16,,,,
1955-11-17,,,,
1955-11-18,,,,
1955-11-19,,,,
1955-11-20,,,,
1955-11-21,,,,
1955-11-22,,,,
1955-11-23,,,,
1955-11-24,,,,
1955-11-25,,,,
1955-11-26,,,,
1955-11-27,,,,
1955-11-28,,,,
1955-11-29,,,,
1955-11-30,,,,
1955-12-01,,,,
1955-12-02,,,,
1955-12-03,,,,
1955-12-04,,,,
1955-12-05,,,,
1955-12-06,,,,
1955-12-07,,,,
1955-12-08,,,,
1955-12-09,,,,
1955-12-10,,,,
1955-12-11,,,,
1955-12-12,,,,
1955-12-13,,,,
1955-12-14,,,,
1955-12-15,,,,
1955-12-16,,,,
1955-12-17,,,,
1955-12-18,,,,
1955-12-19,,,,
1955-12-20,,,,
1955-12-21,,,,
1955-12-22,,,,
1955-12-23,,,,
1955-12-24,,,,
1955-12-25,,,,
1955-12-26,,,,
1955-12-27,,,,
1955-12-28,,,,
1955-12-29,,,,
1955-12-30,,,,
1955-12-31,,,,
1956-01-01,,,,
1956-01-02,,,,
1956-01-03,,,,
1956-01-04,,,,
1956-01-05,,,,
1956-01-06,,,,
1956-01-07,,,,
1956-01-08,,,,
1956-01-09,,,,
1956-01-10,,,,
1956-01-11,,,,
1956-01-12,,,,
1956-01-13,,,,
1956-01-14,,,,
1956-01-15,,,,
1956-01-16,,,,
1956-01-17,,,,
1956-01-18,,,,
1956-01-19,,,,
1956-01-20,,,,
1956-01-21,,,,
1956-01-22,,,,
1956-01-23,,,,
1956-01-24,,,,
1956-01-25,,,,
1956-01-26,,,,
1956-01-27,,,,
1956-01-28,,,,
1956-01-29,,,,
1956-01-30,,,,
1956-01-31,,,,
1956-02-01,,,,
1956-02-02,,,,
1956-02-03,,,,
1956-02-04,,,,
1956-02-05,,,,
1956-02-06,,,,
1956-02-07,,,,
1956-02-08,,,,
1956-02-09,,,,
1956-02-10,,,,
1956-02-11,,,,
1956-02-12,,,,
1956-02-13,,,,
1956-02-14,,,,
1956-02-15,,,,
1956-02-16,,,,
1956-02-17,,,,
1956-02-18,,,,
1956-02-19,,,,
1956-02-20,,,,
1956-02-21,,,,
1956-02-22,,,,
1956-02-23,,,,
1956-02-24,,,,
1956-02-25,,,,
1956-02-26,,,,
1956-02-27,,,,
1956-02-28,,,,
1956-02-29,,,,
1956-03-01,,,,
1956-03-02,,,,
1956-03-03,,,,
1956-03-04,,,,
1956-03-05,,,,
1956-03-06,,,,
1956-03-07,,,,
1956-03-08,,,,
1956-03-09,,,,
1956-03-10,,,,
1956-03-11,,,,
1956-03-12,,,,
1956-03-13,,,,
1956-03-14,,,,
1956-03-15,,,,
1956-03-16,,,,
1956-03-17,,,,
1956-03-18,,,,
1956-03-19,,,,
1956-03-20,,,,
1956-03-21,,,,
1956-03-22,,,,
1956-03-23,,,,
1956-03-24,,,,
1956-03-25,,,,
1956-03-26,,,,
1956-03-27,,,,
1956-03-28,,,,
1956-03-29,,,,
1956-03-30,,,,
1956-03-31,,,,
1956-04-01,,,,
1956-04-02,,,,
1956-04-03,,,,
1956-04-04,,,,
1956-04-05,,,,
1956-04-06,,,,
1956-04-07,,,,
1956-04-08,,,,
1956-04-09,,,,
1956-04-10,,,,
1956-04-11,,,,
1956-04-12,,,,
1956-04-13,,,,
1956-04-14,,,,
1956-04-15,,,,
1956-04-16,,,,
1956-04-17,,,,
1956-04-18,,,,
1956-04-19,,,,
1956-04-20,,,,
1956-04-21,,,,
1956-04-22,,,,
1956-04-23,,,,
1956-04-24,,,,
1956-04-25,,,,
1956-04-26,,,,
1956-04-27,,,,
1956-04-28,,,,
1956-04-29,,,,
1956-04-30,,,,
1956-05-01,,,,
1956-05-02,,,,
1956-05-03,,,,
1956-05-04,,,,
1956-05-05,,,,
1956-05-06,,,,
1956-05-07,,,,
1956-05-08,,,,
1956-05-09,,,,
1956-05-10,,,,
1956-05-11,,,,
1956-05-12,,,,
1956-05-13,,,,
1956-05-14,,,,
1956-05-15,,,,
1956-05-16,,,,
1956-05-17,,,,
1956-05-18,,,,
1956-05-19,,,,
1956-05-20,,,,
1956-05-21,,,,
1956-05-22,,,,
1956-05-23,,,,
1956-05-24,,,,
1956-05-25,,,,
1956-05-26,,,,
1956-05-27,,,,
1956-05-28,,,,
1956-05-29,,,,
1956-05-30,,,,
1956-05-31,,,,
1956-06-01,,,,
1956-06-02,,,,
1956-06-03,,,,
1956-06-04,,,,
1956-06-05,,,,
1956-06-06,,,,
1956-06-07,,,,
1956-06-08,,,,
1956-06-09,,,,
1956-06-10,,,,
1956-06-11,,,,
1956-06-12,,,,
1956-06-13,,,,
1956-06-14,,,,
1956-06-15,,,,
1956-06-16,,,,
1956-06-17,,,,
1956-06-18,,,,
1956-06-19,,,,
1956-06-20,,,,
1956-06-21,,,,
1956-06-22,,,,
1956-06-23,,,,
1956-06-24,,,,
1956-06-25,,,,
1956-06-26,,,,
1956-06-27,,,,
1956-06-28,,,,
1956-06-29,,,,
1956-06-30,,,,
1956-07-01,,,,
1956-07-02,,,,
1956-07-03,,,,
1956-07-04,,,,
1956-07-05,,,,
1956-07-06,,,,
1956-07-07,,,,
1956-07-08,,,,
1956-07-09,,,,
1956-07-10,,,,
1956-07-11,,,,
1956-07-12,,,,
1956-07-13,,,,
1956-07-14,,,,
1956-07-15,,,,
1956-07-16,,,,
1956-07-17,,,,
1956-07-18,,,,
1956-07-19,,,,
1956-07-20,,,,
1956-07-21,,,,
1956-07-22,,,,
1956-07-23,,,,
1956-07-24,,,,
1956-07-25,,,,
1956-07-26,,,,
1956-07-27,,,,
1956-07-28,,,,
1956-07-29,,,,
1956-07-30,,,,
1956-07-31,,,,
1956-08-01,,,,
1956-08-02,,,,
1956-08-03,,,,
1956-08-04,,,,
1956-08-05,,,,
1956-08-06,,,,
1956-08-07,,,,
1956-08-08,,,,
1956-08-09,,,,
1956-08-10,,,,
1956-08-11,,,,
1956-08-12,,,,
1956-08-13,,,,
1956-08-14,,,,
1956-08-15,,,,
1956-08-16,,,,
1956-08-17,,,,
1956-08-18,,,,
1956-08-19,,,,
1956-08-20,,,,
1956-08-21,,,,
1956-08-22,,,,
1956-08-23,,,,
1956-08-24,,,,
1956-08-25,,,,
1956-08-26,,,,
1956-08-27,,,,
1956-08-28,,,,
1956-08-29,,,,
1956-08-30,,,,
1956-08-31,,,,
1956-09-01,,,,
1956-09-02,,,,
1956-09-03,,,,
1956-09-04,,,,
1956-09-05,,,,
1956-09-06,,,,
1956-09-07,,,,
1956-09-08,,,,
1956-09-09,,,,
1956-09-10,,,,
1956-09-11,,,,
1956-09-12,,,,
1956-09-13,,,,
1956-09-14,,,,
1956-09-15,,,,
1956-09-16,,,,
1956-09-17,,,,
1956-09-18,,,,
1956-09-19,,,,
1956-09-20,,,,
1956-09-21,,,,
1956-09-22,,,,
1956-09-23,,,,
1956-09-24,,,,
1956-09-25,,,,
1956-09-26,,,,
1956-09-27,,,,
1956-09-28,,,,
1956-09-29,,,,
1956-09-30,,,,
1956-10-01,,,,
1956-10-02,,,,
1956-10-03,,,,
1956-10-04,,,,
1956-10-05,,,,
1956-10-06,,,,
1956-10-07,,,,
1956-10-08,,,,
1956-10-09,,,,
1956-10-10,,,,
1956-10-11,,,,
1956-10-12,,,,
1956-10-13,,,,
1956-10-14,,,,
1956-10-15,,,,
1956-10-16,,,,
1956-10-17,,,,
1956-10-18,,,,
1956-10-19,,,,
1956-10-20,,,,
1956-10-21,,,,
1956-10-22,,,,
1956-10-23,,,,
1956-10-24,,,,
1956-10-25,,,,
1956-10-26,,,,
1956-10-27,,,,
1956-10-28,,,,
1956-10-29,,,,
1956-10-30,,,,
1956-10-31,,,,
1956-11-01,,,,
1956-11-02,,,,
1956-11-03,,,,
1956-11-04,,,,
1956-11-05,,,,
1956-11-06,,,,
1956-11-07,,,,
1956-11-08,,,,
1956-11-09,,,,
1956-11-10,,,,
1956-11-11,,,,
1956-11-12,,,,
1956-11-13,,,,
1956-11-14,,,,
1956-11-15,,,,
1956-11-16,,,,
1956-11-17,,,,
1956-11-18,,,,
1956-11-19,,,,
1956-11-20,,,,
1956-11-21,,,,
1956-11-22,,,,
1956-11-23,,,,
1956-11-24,,,,
1956-11-25,,,,
1956-11-26,,,,
1956-11-27,,,,
1956-11-28,,,,
1956-11-29,,,,
1956-11-30,,,,
1956-12-01,,,,
1956-12-02,,,,
1956-12-03,,,,
1956-12-04,,,,
1956-12-05,,,,
1956-12-06,,,,
1956-12-07,,,,
1956-12-08,,,,
1956-12-09,,,,
1956-12-10,,,,
1956-12-11,,,,
1956-12-12,,,,
1956-12-13,,,,
1956-12-14,,,,
1956-12-15,,,,
1956-12-16,,,,
1956-12-17,,,,
1956-12-18,,,,
1956-12-19,,,,
1956-12-20,,,,
1956-12-21,,,,
1956-12-22,,,,
1956-12-23,,,,
1956-12-24,,,,
1956-12-25,,,,
1956-12-26,,,,
1956-12-27,,,,
1956-12-28,,,,
1956-12-29,,,,
1956-12-30,,,,
1956-12-31,,,,
1957-01-01,,,,
1957-01-02,,,,
1957-01-03,,,,
1957-01-04,,,,
1957-01-05,,,,
1957-01-06,,,,
1957-01-07,,,,
1957-01-08,,,,
1957-01-09,,,,
1957-01-10,,,,
1957-01-11,,,,
1957-01-12,,,,
1957-01-13,,,,
1957-01-14,,,,
1957-01-15,,,,
1957-01-16,,,,
1957-01-17,,,,
1957-01-18,,,,
1957-01-19,,,,
1957-01-20,,,,
1957-01-21,,,,
1957-01-22,,,,
1957-01-23,,,,
1957-01-24,,,,
1957-01-25,,,,
1957-01-26,,,,
1957-01-27,,,,
1957-01-28,,,,
1957-01-29,,,,
1957-01-30,,,,
1957-01-31,,,,
1957-02-01,,,,
1957-02-02,,,,
1957-02-03,,,,
1957-02-04,,,,
1957-02-05,,,,
1957-02-06,,,,
1957-02-07,,,,
1957-02-08,,,,
1957-02-09,,,,
1957-02-10,,,,
1957-02-11,,,,
1957-02-12,,,,
1957-02-13,,,,
1957-02-14,,,,
1957-02-15,,,,
1957-02-16,,,,
1957-02-17,,,,
1957-02-18,,,,
1957-02-19,,,,
1957-02-20,,,,
1957-02-21,,,,
1957-02-22,,,,
1957-02-23,,,,
1957-02-24,,,,
1957-02-25,,,,
1957-02-26,,,,
1957-02-27,,,,
1957-02-28,,,,
1957-03-01,,,,
1957-03-02,,,,
1957-03-03,,,,
1957-03-04,,,,
1957-03-05,,,,
1957-03-06,,,,
1957-03-07,,,,
1957-03-08,,,,
1957-03-09,,,,
1957-03-10,,,,
1957-03-11,,,,
1957-03-12,,,,
1957-03-13,,,,
1957-03-14,,,,
1957-03-15,,,,
1957-03-16,,,,
1957-03-17,,,,
1957-03-18,,,,
1957-03-19,,,,
1957-03-20,,,,
1957-03-21,,,,
1957-03-22,,,,
1957-03-23,,,,
1957-03-24,,,,
1957-03-25,,,,
1957-03-26,,,,
1957-03-27,,,,
1957-03-28,,,,
1957-03-29,,,,
1957-03-30,,,,
1957-03-31,,,,
1957-04-01,,,,
1957-04-02,,,,
1957-04-03,,,,
1957-04-04,,,,
1957-04-05,,,,
1957-04-06,,,,
1957-04-07,,,,
1957-04-08,,,,
1957-04-09,,,,
1957-04-10,,,,
1957-04-11,,,,
1957-04-12,,,,
1957-04-13,,,,
1957-04-14,,,,
1957-04-15,,,,
1957-04-16,,,,
1957-04-17,,,,
1957-04-18,,,,
1957-04-19,,,,
1957-04-20,,,,
1957-04-21,,,,
1957-04-22,,,,
1957-04-23,,,,
1957-04-24,,,,
1957-04-25,,,,
1957-04-26,,,,
1957-04-27,,,,
1957-04-28,,,,
1957-04-29,,,,
1957-04-30,,,,
1957-05-01,,,,
1957-05-02,,,,
1957-05-03,,,,
1957-05-04,,,,
1957-05-05,,,,
1957-05-06,,,,
1957-05-07,,,,
1957-05-08,,,,
1957-05-09,,,,
1957-05-10,,,,
1957-05-11,,,,
1957-05-12,,,,
1957-05-13,,,,
1957-05-14,,,,
1957-05-15,,,,
1957-05-16,,,,
1957-05-17,,,,
1957-05-18,,,,
1957-05-19,,,,
1957-05-20,,,,
1957-05-21,,,,
1957-05-22,,,,
1957-05-23,,,,
1957-05-24,,,,
1957-05-25,,,,
1957-05-26,,,,
1957-05-27,,,,
1957-05-28,,,,
1957-05-29,,,,
1957-05-30,,,,
1957-05-31,,,,
1957-06-01,,,,
1957-06-02,,,,
1957-06-03,,,,
1957-06-04,,,,
1957-06-05,,,,
1957-06-06,,,,
1957-06-07,,,,
1957-06-08,,,,
1957-06-09,,,,
1957-06-10,,,,
1957-06-11,,,,
1957-06-12,,,,
1957-06-13,,,,
1957-06-14,,,,
1957-06-15,,,,
1957-06-16,,,,
1957-06-17,,,,
1957-06-18,,,,
1957-06-19,,,,
1957-06-20,,,,
1957-06-21,,,,
1957-06-22,,,,
1957-06-23,,,,
1957-06-24,,,,
1957-06-25,,,,
1957-06-26,,,,
1957-06-27,,,,
1957-06-28,,,,
1957-06-29,,,,
1957-06-30,,,,
1957-07-01,,,,
1957-07-02,,,,
1957-07-03,,,,
1957-07-04,,,,
1957-07-05,,,,
1957-07-06,,,,
1957-07-07,,,,
1957-07-08,,,,
1957-07-09,,,,
1957-07-10,,,,
1957-07-11,,,,
1957-07-12,,,,
1957-07-13,,,,
1957-07-14,,,,
1957-07-15,,,,
1957-07-16,,,,
1957-07-17,,,,
1957-07-18,,,,
1957-07-19,,,,
1957-07-20,,,,
1957-07-21,,,,
1957-07-22,,,,
1957-07-23,,,,
1957-07-24,,,,
1957-07-25,,,,
1957-07-26,,,,
1957-07-27,,,,
1957-07-28,,,,
1957-07-29,,,,
1957-07-30,,,,
1957-07-31,,,,
1957-08-01,,,,
1957-08-02,,,,
1957-08-03,,,,
1957-08-04,,,,
1957-08-05,,,,
1957-08-06,,,,
1957-08-07,,,,
1957-08-08,,,,
1957-08-09,,,,
1957-08-10,,,,
1957-08-11,,,,
1957-08-12,,,,
1957-08-13,,,,
1957-08-14,,,,
1957-08-15,,,,
1957-08-16,,,,
1957-08-17,,,,
1957-08-18,,,,
1957-08-19,,,,
1957-08-20,,,,
1957-08-21,,,,
1957-08-22,,,,
1957-08-23,,,,
1957-08-24,,,,
1957-08-25,,,,
1957-08-26,,,,
1957-08-27,,,,
1957-08-28,,,,
1957-08-29,,,,
1957-08-30,,,,
1957-08-31,,,,
1957-09-01,,,,
1957-09-02,,,,
1957-09-03,,,,
1957-09-04,,,,
1957-09-05,,,,
1957-09-06,,,,
1957-09-07,,,,
1957-09-08,,,,
1957-09-09,,,,
1957-09-10,,,,
1957-09-11,,,,
1957-09-12,,,,
1957-09-13,,,,
1957-09-14,,,,
1957-09-15,,,,
1957-09-16,,,,
1957-09-17,,,,
1957-09-18,,,,
1957-09-19,,,,
1957-09-20,,,,
1957-09-21,,,,
1957-09-22,,,,
1957-09-23,,,,
1957-09-24,,,,
1957-09-25,,,,
1957-09-26,,,,
1957-09-27,,,,
1957-09-28,,,,
1957-09-29,,,,
1957-09-30,,,,
1957-10-01,,,,
1957-10-02,,,,
1957-10-03,,,,
1957-10-04,,,,
1957-10-05,,,,
1957-10-06,,,,
1957-10-07,,,,
1957-10-08,,,,
1957-10-09,,,,
1957-10-10,,,,
1957-10-11,,,,
1957-10-12,,,,
1957-10-13,,,,
1957-10-14,,,,
1957-10-15,,,,
1957-10-16,,,,
1957-10-17,,,,
1957-10-18,,,,
1957-10-19,,,,
1957-10-20,,,,
1957-10-21,,,,
1957-10-22,,,,
1957-10-23,,,,
1957-10-24,,,,
1957-10-25,,,,
1957-10-26,,,,
1957-10-27,,,,
1957-10-28,,,,
1957-10-29,,,,
1957-10-30,,,,
1957-10-31,,,,
1957-11-01,,,,
1957-11-02,,,,
1957-11-03,,,,
1957-11-04,,,,
1957-11-05,,,,
1957-11-06,,,,
1957-11-07,,,,
1957-11-08,,,,
1957-11-09,,,,
1957-11-10,,,,
1957-11-11,,,,
1957-11-12,,,,
1957-11-13,,,,
1957-11-14,,,,
1957-11-15,,,,
1957-11-16,,,,
1957-11-17,,,,
1957-11-18,,,,
1957-11-19,,,,
1957-11-20,,,,
1957-11-21,,,,
1957-11-22,,,,
1957-11-23,,,,
1957-11-24,,,,
1957-11-25,,,,
1957-11-26,,,,
1957-11-27,,,,
1957-11-28,,,,
1957-11-29,,,,
1957-11-30,,,,
1957-12-01,,,,
1957-12-02,,,,
1957-12-03,,,,
1957-12-04,,,,
1957-12-05,,,,
1957-12-06,,,,
1957-12-07,,,,
1957-12-08,,,,
1957-12-09,,,,
1957-12-10,,,,
1957-12-11,,,,
1957-12-12,,,,
1957-12-13,,,,
1957-12-14,,,,
1957-12-15,,,,
1957-12-16,,,,
1957-12-17,,,,
1957-12-18,,,,
1957-12-19,,,,
1957-12-20,,,,
1957-12-21,,,,
1957-12-22,,,,
1957-12-23,,,,
1957-12-24,,,,
1957-12-25,,,,
1957-12-26,,,,
1957-12-27,,,,
1957-12-28,,,,
1957-12-29,,,,
1957-12-30,,,,
1957-12-31,,,,
1958-01-01,,,,
1958-01-02,,,,
1958-01-03,,,,
1958-01-04,,,,
1958-01-05,,,,
1958-01-06,,,,
1958-01-07,,,,
1958-01-08,,,,
1958-01-09,,,,
1958-01-10,,,,
1958-01-11,,,,
1958-01-12,,,,
1958-01-13,,,,
1958-01-14,,,,
1958-01-15,,,,
1958-01-16,,,,
1958-01-17,,,,
1958-01-18,,,,
1958-01-19,,,,
1958-01-20,,,,
1958-01-21,,,,
1958-01-22,,,,
1958-01-23,,,,
1958-01-24,,,,
1958-01-25,,,,
1958-01-26,,,,
1958-01-27,,,,
1958-01-28,,,,
1958-01-29,,,,
1958-01-30,,,,
1958-01-31,,,,
1958-02-01,,,,
1958-02-02,,,,
1958-02-03,,,,
1958-02-04,,,,
1958-02-05,,,,
1958-02-06,,,,
1958-02-07,,,,
1958-02-08,,,,
1958-02-09,,,,
1958-02-10,,,,
1958-02-11,,,,
1958-02-12,,,,
1958-02-13,,,,
1958-02-14,,,,
1958-02-15,,,,
1958-02-16,,,,
1958-02-17,,,,
1958-02-18,,,,
1958-02-19,,,,
1958-02-20,,,,
1958-02-21,,,,
1958-02-22,,,,
1958-02-23,,,,
1958-02-24,,,,
1958-02-25,,,,
1958-02-26,,,,
1958-02-27,,,,
1958-02-28,,,,
1958-03-01,,,,
1958-03-02,,,,
1958-03-03,,,,
1958-03-04,,,,
1958-03-05,,,,
1958-03-06,,,,
1958-03-07,,,,
1958-03-08,,,,
1958-03-09,,,,
1958-03-10,,,,
1958-03-11,,,,
1958-03-12,,,,
1958-03-13,,,,
1958-03-14,,,,
1958-03-15,,,,
1958-03-16,,,,
1958-03-17,,,,
1958-03-18,,,,
1958-03-19,,,,
1958-03-20,,,,
1958-03-21,,,,
1958-03-22,,,,
1958-03-23,,,,
1958-03-24,,,,
1958-03-25,,,,
1958-03-26,,,,
1958-03-27,,,,
1958-03-28,,,,
1958-03-29,,,,
1958-03-30,,,,
1958-03-31,,,,
1958-04-01,,,,
1958-04-02,,,,
1958-04-03,,,,
1958-04-04,,,,
1958-04-05,,,,
1958-04-06,,,,
1958-04-07,,,,
1958-04-08,,,,
1958-04-09,,,,
1958-04-10,,,,
1958-04-11,,,,
1958-04-12,,,,
1958-04-13,,,,
1958-04-14,,,,
1958-04-15,,,,
1958-04-16,,,,
1958-04-17,,,,
1958-04-18,,,,
1958-04-19,,,,
1958-04-20,,,,
1958-04-21,,,,
1958-04-22,,,,
1958-04-23,,,,
1958-04-24,,,,
1958-04-25,,,,
1958-04-26,,,,
1958-04-27,,,,
1958-04-28,,,,
1958-04-29,,,,
1958-04-30,,,,
1958-05-01,,,,
1958-05-02,,,,
1958-05-03,,,,
1958-05-04,,,,
1958-05-05,,,,
1958-05-06,,,,
1958-05-07,,,,
1958-05-08,,,,
1958-05-09,,,,
1958-05-10,,,,
1958-05-11,,,,
1958-05-12,,,,
1958-05-13,,,,
1958-05-14,,,,
1958-05-15,,,,
1958-05-16,,,,
1958-05-17,,,,
1958-05-18,,,,
1958-05-19,,,,
1958-05-20,,,,
1958-05-21,,,,
1958-05-22,,,,
1958-05-23,,,,
1958-05-24,,,,
1958-05-25,,,,
1958-05-26,,,,
1958-05-27,,,,
1958-05-28,,,,
1958-05-29,,,,
1958-05-30,,,,
1958-05-31,,,,
1958-06-01,,,,
1958-06-02,,,,
1958-06-03,,,,
1958-06-04,,,,
1958-06-05,,,,
1958-06-06,,,,
1958-06-07,,,,
1958-06-08,,,,
1958-06-09,,,,
1958-06-10,,,,
1958-06-11,,,,
1958-06-12,,,,
1958-06-13,,,,
1958-06-14,,,,
1958-06-15,,,,
1958-06-16,,,,
1958-06-17,,,,
1958-06-18,,,,
1958-06-19,,,,
1958-06-20,,,,
1958-06-21,,,,
1958-06-22,,,,
1958-06-23,,,,
1958-06-24,,,,
1958-06-25,,,,
1958-06-26,,,,
1958-06-27,,,,
1958-06-28,,,,
1958-06-29,,,,
1958-06-30,,,,
1958-07-01,,,,
1958-07-02,,,,
1958-07-03,,,,
1958-07-04,,,,
1958-07-05,,,,
1958-07-06,,,,
1958-07-07,,,,
1958-07-08,,,,
1958-07-09,,,,
1958-07-10,,,,
1958-07-11,,,,
1958-07-12,,,,
1958-07-13,,,,
1958-07-14,,,,
1958-07-15,,,,
1958-07-16,,,,
1958-07-17,,,,
1958-07-18,,,,
1958-07-19,,,,
1958-07-20,,,,
1958-07-21,,,,
1958-07-22,,,,
1958-07-23,,,,
1958-07-24,,,,
1958-07-25,,,,
1958-07-26,,,,
1958-07-27,,,,
1958-07-28,,,,
1958-07-29,,,,
1958-07-30,,,,
1958-07-31,,,,
1958-08-01,,,,
1958-08-02,,,,
1958-08-03,,,,
1958-08-04,,,,
1958-08-05,,,,
1958-08-06,,,,
1958-08-07,,,,
1958-08-08,,,,
1958-08-09,,,,
1958-08-10,,,,
1958-08-11,,,,
1958-08-12,,,,
1958-08-13,,,,
1958-08-14,,,,
1958-08-15,,,,
1958-08-16,,,,
1958-08-17,,,,
1958-08-18,,,,
1958-08-19,,,,
1958-08-20,,,,
1958-08-21,,,,
1958-08-22,,,,
1958-08-23,,,,
1958-08-24,,,,
1958-08-25,,,,
1958-08-26,,,,
1958-08-27,,,,
1958-08-28,,,,
1958-08-29,,,,
1958-08-30,,,,
1958-08-31,,,,
1958-09-01,,,,
1958-09-02,,,,
1958-09-03,,,,
1958-09-04,,,,
1958-09-05,,,,
1958-09-06,,,,
1958-09-07,,,,
1958-09-08,,,,
1958-09-09,,,,
1958-09-10,,,,
1958-09-11,,,,
1958-09-12,,,,
1958-09-13,,,,
1958-09-14,,,,
1958-09-15,,,,
1958-09-16,,,,
1958-09-17,,,,
1958-09-18,,,,
1958-09-19,,,,
1958-09-20,,,,
1958-09-21,,,,
1958-09-22,,,,
1958-09-23,,,,
1958-09-24,,,,
1958-09-25,,,,
1958-09-26,,,,
1958-09-27,,,,
1958-09-28,,,,
1958-09-29,,,,
1958-09-30,,,,
1958-10-01,,,,
1958-10-02,,,,
1958-10-03,,,,
1958-10-04,,,,
1958-10-05,,,,
1958-10-06,,,,
1958-10-07,,,,
1958-10-08,,,,
1958-10-09,,,,
1958-10-10,,,,
1958-10-11,,,,
1958-10-12,,,,
1958-10-13,,,,
1958-10-14,,,,
1958-10-15,,,,
1958-10-16,,,,
1958-10-17,,,,
1958-10-18,,,,
1958-10-19,,,,
1958-10-20,,,,
1958-10-21,,,,
1958-10-22,,,,
1958-10-23,,,,
1958-10-24,,,,
1958-10-25,,,,
1958-10-26,,,,
1958-10-27,,,,
1958-10-28,,,,
1958-10-29,,,,
1958-10-30,,,,
1958-10-31,,,,
1958-11-01,,,,
1958-11-02,,,,
1958-11-03,,,,
1958-11-04,,,,
1958-11-05,,,,
1958-11-06,,,,
1958-11-07,,,,
1958-11-08,,,,
1958-11-09,,,,
1958-11-10,,,,
1958-11-11,,,,
1958-11-12,,,,
1958-11-13,,,,
1958-11-14,,,,
1958-11-15,,,,
1958-11-16,,,,
1958-11-17,,,,
1958-11-18,,,,
1958-11-19,,,,
1958-11-20,,,,
1958-11-21,,,,
1958-11-22,,,,
1958-11-23,,,,
1958-11-24,,,,
1958-11-25,,,,
1958-11-26,,,,
1958-11-27,,,,
1958-11-28,,,,
1958-11-29,,,,
1958-11-30,,,,
1958-12-01,,,,
1958-12-02,,,,
1958-12-03,,,,
1958-12-04,,,,
1958-12-05,,,,
1958-12-06,,,,
1958-12-07,,,,
1958-12-08,,,,
1958-12-09,,,,
1958-12-10,,,,
1958-12-11,,,,
1958-12-12,,,,
1958-12-13,,,,
1958-12-14,,,,
1958-12-15,,,,
1958-12-16,,,,
1958-12-17,,,,
1958-12-18,,,,
1958-12-19,,,,
1958-12-20,,,,
1958-12-21,,,,
1958-12-22,,,,
1958-12-23,,,,
1958-12-24,,,,
1958-12-25,,,,
1958-12-26,,,,
1958-12-27,,,,
1958-12-28,,,,
1958-12-29,,,,
1958-12-30,,,,
1958-12-31,,,,
1959-01-01,,,,
1959-01-02,,,,
1959-01-03,,,,
1959-01-04,,,,
1959-01-05,,,,
1959-01-06,,,,
1959-01-07,,,,
1959-01-08,,,,
1959-01-09,,,,
1959-01-10,,,,
1959-01-11,,,,
1959-01-12,,,,
1959-01-13,,,,
1959-01-14,,,,
1959-01-15,,,,
1959-01-16,,,,
1959-01-17,,,,
1959-01-18,,,,
1959-01-19,,,,
1959-01-20,,,,
1959-01-21,,,,
1959-01-22,,,,
1959-01-23,,,,
1959-01-24,,,,
1959-01-25,,,,
1959-01-26,,,,
1959-01-27,,,,
1959-01-28,,,,
1959-01-29,,,,
1959-01-30,,,,
1959-01-31,,,,
1959-02-01,,,,
1959-02-02,,,,
1959-02-03,,,,
1959-02-04,,,,
1959-02-05,,,,
1959-02-06,,,,
1959-02-07,,,,
1959-02-08,,,,
1959-02-09,,,,
1959-02-10,,,,
1959-02-11,,,,
1959-02-12,,,,
1959-02-13,,,,
1959-02-14,,,,
1959-02-15,,,,
1959-02-16,,,,
1959-02-17,,,,
1959-02-18,,,,
1959-02-19,,,,
1959-02-20,,,,
1959-02-21,,,,
1959-02-22,,,,
1959-02-23,,,,
1959-02-24,,,,
1959-02-25,,,,
1959-02-26,,,,
1959-02-27,,,,
1959-02-28,,,,
1959-03-01,,,,
1959-03-02,,,,
1959-03-03,,,,
1959-03-04,,,,
1959-03-05,,,,
1959-03-06,,,,
1959-03-07,,,,
1959-03-08,,,,
1959-03-09,,,,
1959-03-10,,,,
1959-03-11,,,,
1959-03-12,,,,
1959-03-13,,,,
1959-03-14,,,,
1959-03-15,,,,
1959-03-16,,,,
1959-03-17,,,,
1959-03-18,,,,
1959-03-19,,,,
1959-03-20,,,,
1959-03-21,,,,
1959-03-22,,,,
1959-03-23,,,,
1959-03-24,,,,
1959-03-25,,,,
1959-03-26,,,,
1959-03-27,,,,
1959-03-28,,,,
1959-03-29,,,,
1959-03-30,,,,
1959-03-31,,,,
1959-04-01,,,,
1959-04-02,,,,
1959-04-03,,,,
1959-04-04,,,,
1959-04-05,,,,
1959-04-06,,,,
1959-04-07,,,,
1959-04-08,,,,
1959-04-09,,,,
1959-04-10,,,,
1959-04-11,,,,
1959-04-12,,,,
1959-04-13,,,,
1959-04-14,,,,
1959-04-15,,,,
1959-04-16,,,,
1959-04-17,,,,
1959-04-18,,,,
1959-04-19,,,,
1959-04-20,,,,
1959-04-21,,,,
1959-04-22,,,,
1959-04-23,,,,
1959-04-24,,,,
1959-04-25,,,,
1959-04-26,,,,
1959-04-27,,,,
1959-04-28,,,,
1959-04-29,,,,
1959-04-30,,,,
1959-05-01,,,,
1959-05-02,,,,
1959-05-03,,,,
1959-05-04,,,,
1959-05-05,,,,
1959-05-06,,,,
1959-05-07,,,,
1959-05-08,,,,
1959-05-09,,,,
1959-05-10,,,,
1959-05-11,,,,
1959-05-12,,,,
1959-05-13,,,,
1959-05-14,,,,
1959-05-15,,,,
1959-05-16,,,,
1959-05-17,,,,
1959-05-18,,,,
1959-05-19,,,,
1959-05-20,,,,
1959-05-21,,,,
1959-05-22,,,,
1959-05-23,,,,
1959-05-24,,,,
1959-05-25,,,,
1959-05-26,,,,
1959-05-27,,,,
1959-05-28,,,,
1959-05-29,,,,
1959-05-30,,,,
1959-05-31,,,,
1959-06-01,,,,
1959-06-02,,,,
1959-06-03,,,,
1959-06-04,,,,
1959-06-05,,,,
1959-06-06,,,,
1959-06-07,,,,
1959-06-08,,,,
1959-06-09,,,,
1959-06-10,,,,
1959-06-11,,,,
1959-06-12,,,,
1959-06-13,,,,
1959-06-14,,,,
1959-06-15,,,,
1959-06-16,,,,
1959-06-17,,,,
1959-06-18,,,,
1959-06-19,,,,
1959-06-20,,,,
1959-06-21,,,,
1959-06-22,,,,
1959-06-23,,,,
1959-06-24,,,,
1959-06-25,,,,
1959-06-26,,,,
1959-06-27,,,,
1959-06-28,,,,
1959-06-29,,,,
1959-06-30,,,,
1959-07-01,,,,
1959-07-02,,,,
1959-07-03,,,,
1959-07-04,,,,
1959-07-05,,,,
1959-07-06,,,,
1959-07-07,,,,
1959-07-08,,,,
1959-07-09,,,,
1959-07-10,,,,
1959-07-11,,,,
1959-07-12,,,,
1959-07-13,,,,
1959-07-14,,,,
1959-07-15,,,,
1959-07-16,,,,
1959-07-17,,,,
1959-07-18,,,,
1959-07-19,,,,
1959-07-20,,,,
1959-07-21,,,,
1959-07-22,,,,
1959-07-23,,,,
1959-07-24,,,,
1959-07-25,,,,
1959-07-26,,,,
1959-07-27,,,,
1959-07-28,,,,
1959-07-29,,,,
1959-07-30,,,,
1959-07-31,,,,
1959-08-01,,,,
1959-08-02,,,,
1959-08-03,,,,
1959-08-04,,,,
1959-08-05,,,,
1959-08-06,,,,
1959-08-07,,,,
1959-08-08,,,,
1959-08-09,,,,
1959-08-10,,,,
1959-08-11,,,,
1959-08-12,,,,
1959-08-13,,,,
1959-08-14,,,,
1959-08-15,,,,
1959-08-16,,,,
1959-08-17,,,,
1959-08-18,,,,
1959-08-19,,,,
1959-08-20,,,,
1959-08-21,,,,
1959-08-22,,,,
1959-08-23,,,,
1959-08-24,,,,
1959-08-25,,,,
1959-08-26,,,,
1959-08-27,,,,
1959-08-28,,,,
1959-08-29,,,,
1959-08-30,,,,
1959-08-31,,,,
1959-09-01,,,,
1959-09-02,,,,
1959-09-03,,,,
1959-09-04,,,,
1959-09-05,,,,
1959-09-06,,,,
1959-09-07,,,,
1959-09-08,,,,
1959-09-09,,,,
1959-09-10,,,,
1959-09-11,,,,
1959-09-12,,,,
1959-09-13,,,,
1959-09-14,,,,
1959-09-15,,,,
1959-09-16,,,,
1959-09-17,,,,
1959-09-18,,,,
1959-09-19,,,,
1959-09-20,,,,
1959-09-21,,,,
1959-09-22,,,,
1959-09-23,,,,
1959-09-24,,,,
1959-09-25,,,,
1959-09-26,,,,
1959-09-27,,,,
1959-09-28,,,,
1959-09-29,,,,
1959-09-30,,,,
1959-10-01,,,,
1959-10-02,,,,
1959-10-03,,,,
1959-10-04,,,,
1959-10-05,,,,
1959-10-06,,,,
1959-10-07,,,,
1959-10-08,,,,
1959-10-09,,,,
1959-10-10,,,,
1959-10-11,,,,
1959-10-12,,,,
1959-10-13,,,,
1959-10-14,,,,
1959-10-15,,,,
1959-10-16,,,,
1959-10-17,,,,
1959-10-18,,,,
1959-10-19,,,,
1959-10-20,,,,
1959-10-21,,,,
1959-10-22,,,,
1959-10-23,,,,
1959-10-24,,,,
1959-10-25,,,,
1959-10-26,,,,
1959-10-27,,,,
1959-10-28,,,,
1959-10-29,,,,
1959-10-30,,,,
1959-10-31,,,,
1959-11-01,,,,
1959-11-02,,,,
1959-11-03,,,,
1959-11-04,,,,
1959-11-05,,,,
1959-11-06,,,,
1959-11-07,,,,
1959-11-08,,,,
1959-11-09,,,,
1959-11-10,,,,
1959-11-11,,,,
1959-11-12,,,,
1959-11-13,,,,
1959-11-14,,,,
1959-11-15,,,,
1959-11-16,,,,
1959-11-17,,,,
1959-11-18,,,,
1959-11-19,,,,
1959-11-20,,,,
1959-11-21,,,,
1959-11-22,,,,
1959-11-23,,,,
1959-11-24,,,,
1959-11-25,,,,
1959-11-26,,,,
1959-11-27,,,,
1959-11-28,,,,
1959-11-29,,,,
1959-11-30,,,,
1959-12-01,,,,
1959-12-02,,,,
1959-12-03,,,,
1959-12-04,,,,
1959-12-05,,,,
1959-12-06,,,,
1959-12-07,,,,
1959-12-08,,,,
1959-12-09,,,,
1959-12-10,,,,
1959-12-11,,,,
1959-12-12,,,,
1959-12-13,,,,
1959-12-14,,,,
1959-12-15,,,,
1959-12-16,,,,
1959-12-17,,,,
1959-12-18,,,,
1959-12-19,,,,
1959-12-20,,,,
1959-12-21,,,,
1959-12-22,,,,
1959-12-23,,,,
1959-12-24,,,,
1959-12-25,,,,
1959-12-26,,,,
1959-12-27,,,,
1959-12-28,,,,
1959-12-29,,,,
1959-12-30,,,,
1959-12-31,,,,
1960-01-01,,,,
1960-01-02,,,,
1960-01-03,,,,
1960-01-04,,,,
1960-01-05,,,,
1960-01-06,,,,
1960-01-07,,,,
1960-01-08,,,,
1960-01-09,,,,
1960-01-10,,,,
1960-01-11,,,,
1960-01-12,,,,
1960-01-13,,,,
1960-01-14,,,,
1960-01-15,,,,
1960-01-16,,,,
1960-01-17,,,,
1960-01-18,,,,
1960-01-19,,,,
1960-01-20,,,,
1960-01-21,,,,
1960-01-22,,,,
1960-01-23,,,,
1960-01-24,,,,
1960-01-25,,,,
1960-01-26,,,,
1960-01-27,,,,
1960-01-28,,,,
1960-01-29,,,,
1960-01-30,,,,
1960-01-31,,,,
1960-02-01,,,,
1960-02-02,,,,
1960-02-03,,,,
1960-02-04,,,,
1960-02-05,,,,
1960-02-06,,,,
1960-02-07,,,,
1960-02-08,,,,
1960-02-09,,,,
1960-02-10,,,,
1960-02-11,,,,
1960-02-12,,,,
1960-02-13,,,,
1960-02-14,,,,
1960-02-15,,,,
1960-02-16,,,,
1960-02-17,,,,
1960-02-18,,,,
1960-02-19,,,,
1960-02-20,,,,
1960-02-21,,,,
1960-02-22,,,,
1960-02-23,,,,
1960-02-24,,,,
1960-02-25,,,,
1960-02-26,,,,
1960-02-27,,,,
1960-02-28,,,,
1960-02-29,,,,
1960-03-01,,,,
1960-03-02,,,,
1960-03-03,,,,
1960-03-04,,,,
1960-03-05,,,,
1960-03-06,,,,
1960-03-07,,,,
1960-03-08,,,,
1960-03-09,,,,
1960-03-10,,,,
1960-03-11,,,,
1960-03-12,,,,
1960-03-13,,,,
1960-03-14,,,,
1960-03-15,,,,
1960-03-16,,,,
1960-03-17,,,,
1960-03-18,,,,
1960-03-19,,,,
1960-03-20,,,,
1960-03-21,,,,
1960-03-22,,,,
1960-03-23,,,,
1960-03-24,,,,
1960-03-25,,,,
1960-03-26,,,,
1960-03-27,,,,
1960-03-28,,,,
1960-03-29,,,,
1960-03-30,,,,
1960-03-31,,,,
1960-04-01,,,,
1960-04-02,,,,
1960-04-03,,,,
1960-04-04,,,,
1960-04-05,,,,
1960-04-06,,,,
1960-04-07,,,,
1960-04-08,,,,
1960-04-09,,,,
1960-04-10,,,,
1960-04-11,,,,
1960-04-12,,,,
1960-04-13,,,,
1960-04-14,,,,
1960-04-15,,,,
1960-04-16,,,,
1960-04-17,,,,
1960-04-18,,,,
1960-04-19,,,,
1960-04-20,,,,
1960-04-21,,,,
1960-04-22,,,,
1960-04-23,,,,
1960-04-24,,,,
1960-04-25,,,,
1960-04-26,,,,
1960-04-27,,,,
1960-04-28,,,,
1960-04-29,,,,
1960-04-30,,,,
1960-05-01,,,,
1960-05-02,,,,
1960-05-03,,,,
1960-05-04,,,,
1960-05-05,,,,
1960-05-06,,,,
1960-05-07,,,,
1960-05-08,,,,
1960-05-09,,,,
1960-05-10,,,,
1960-05-11,,,,
1960-05-12,,,,
1960-05-13,,,,
1960-05-14,,,,
1960-05-15,,,,
1960-05-16,,,,
1960-05-17,,,,
1960-05-18,,,,
1960-05-19,,,,
1960-05-20,,,,
1960-05-21,,,,
1960-05-22,,,,
1960-05-23,,,,
1960-05-24,,,,
1960-05-25,,,,
1960-05-26,,,,
1960-05-27,,,,
1960-05-28,,,,
1960-05-29,,,,
1960-05-30,,,,
1960-05-31,,,,
1960-06-01,,,,
1960-06-02,,,,
1960-06-03,,,,
1960-06-04,,,,
1960-06-05,,,,
1960-06-06,,,,
1960-06-07,,,,
1960-06-08,,,,
1960-06-09,,,,
1960-06-10,,,,
1960-06-11,,,,
1960-06-12,,,,
1960-06-13,,,,
1960-06-14,,,,
1960-06-15,,,,
1960-06-16,,,,
1960-06-17,,,,
1960-06-18,,,,
1960-06-19,,,,
1960-06-20,,,,
1960-06-21,,,,
1960-06-22,,,,
1960-06-23,,,,
1960-06-24,,,,
1960-06-25,,,,
1960-06-26,,,,
1960-06-27,,,,
1960-06-28,,,,
1960-06-29,,,,
1960-06-30,,,,
1960-07-01,,,,
1960-07-02,,,,
1960-07-03,,,,
1960-07-04,,,,
1960-07-05,,,,
1960-07-06,,,,
1960-07-07,,,,
1960-07-08,,,,
1960-07-09,,,,
1960-07-10,,,,
1960-07-11,,,,
1960-07-12,,,,
1960-07-13,,,,
1960-07-14,,,,
1960-07-15,,,,
1960-07-16,,,,
1960-07-17,,,,
1960-07-18,,,,
1960-07-19,,,,
1960-07-20,,,,
1960-07-21,,,,
1960-07-22,,,,
1960-07-23,,,,
1960-07-24,,,,
1960-07-25,,,,
1960-07-26,,,,
1960-07-27,,,,
1960-07-28,,,,
1960-07-29,,,,
1960-07-30,,,,
1960-07-31,,,,
1960-08-01,,,,
1960-08-02,,,,
1960-08-03,,,,
1960-08-04,,,,
1960-08-05,,,,
1960-08-06,,,,
1960-08-07,,,,
1960-08-08,,,,
1960-08-09,,,,
1960-08-10,,,,
1960-08-11,,,,
1960-08-12,,,,
1960-08-13,,,,
1960-08-14,,,,
1960-08-15,,,,
1960-08-16,,,,
1960-08-17,,,,
1960-08-18,,,,
1960-08-19,,,,
1960-08-20,,,,
1960-08-21,,,,
1960-08-22,,,,
1960-08-23,,,,
1960-08-24,,,,
1960-08-25,,,,
1960-08-26,,,,
1960-08-27,,,,
1960-08-28,,,,
1960-08-29,,,,
1960-08-30,,,,
1960-08-31,,,,
1960-09-01,,,,
1960-09-02,,,,
1960-09-03,,,,
1960-09-04,,,,
1960-09-05,,,,
1960-09-06,,,,
1960-09-07,,,,
1960-09-08,,,,
1960-09-09,,,,
1960-09-10,,,,
1960-09-11,,,,
1960-09-12,,,,
1960-09-13,,,,
1960-09-14,,,,
1960-09-15,,,,
1960-09-16,,,,
1960-09-17,,,,
1960-09-18,,,,
1960-09-19,,,,
1960-09-20,,,,
1960-09-21,,,,
1960-09-22,,,,
1960-09-23,,,,
1960-09-24,,,,
1960-09-25,,,,
1960-09-26,,,,
1960-09-27,,,,
1960-09-28,,,,
1960-09-29,,,,
1960-09-30,,,,
1960-10-01,,,,
1960-10-02,,,,
1960-10-03,,,,
1960-10-04,,,,
1960-10-05,,,,
1960-10-06,,,,
1960-10-07,,,,
1960-10-08,,,,
1960-10-09,,,,
1960-10-10,,,,
1960-10-11,,,,
1960-10-12,,,,
1960-10-13,,,,
1960-10-14,,,,
1960-10-15,,,,
1960-10-16,,,,
1960-10-17,,,,
1960-10-18,,,,
1960-10-19,,,,
1960-10-20,,,,
1960-10-21,,,,
1960-10-22,,,,
1960-10-23,,,,
1960-10-24,,,,
1960-10-25,,,,
1960-10-26,,,,
1960-10-27,,,,
1960-10-28,,,,
1960-10-29,,,,
1960-10-30,,,,
1960-10-31,,,,
1960-11-01,,,,
1960-11-02,,,,
1960-11-03,,,,
1960-11-04,,,,
1960-11-05,,,,
1960-11-06,,,,
1960-11-07,,,,
1960-11-08,,,,
1960-11-09,,,,
1960-11-10,,,,
1960-11-11,,,,
1960-11-12,,,,
1960-11-13,,,,
1960-11-14,,,,
1960-11-15,,,,
1960-11-16,,,,
1960-11-17,,,,
1960-11-18,,,,
1960-11-19,,,,
1960-11-20,,,,
1960-11-21,,,,
1960-11-22,,,,
1960-11-23,,,,
1960-11-24,,,,
1960-11-25,,,,
1960-11-26,,,,
1960-11-27,,,,
1960-11-28,,,,
1960-11-29,,,,
1960-11-30,,,,
1960-12-01,,,,
1960-12-02,,,,
1960-12-03,,,,
1960-12-04,,,,
1960-12-05,,,,
1960-12-06,,,,
1960-12-07,,,,
1960-12-08,,,,
1960-12-09,,,,
1960-12-10,,,,
1960-12-11,,,,
1960-12-12,,,,
1960-12-13,,,,
1960-12-14,,,,
1960-12-15,,,,
1960-12-16,,,,
1960-12-17,,,,
1960-12-18,,,,
1960-12-19,,,,
1960-12-20,,,,
1960-12-21,,,,
1960-12-22,,,,
1960-12-23,,,,
1960-12-24,,,,
1960-12-25,,,,
1960-12-26,,,,
1960-12-27,,,,
1960-12-28,,,,
1960-12-29,,,,
1960-12-30,,,,
1960-12-31,,,,
1961-01-01,,,,
1961-01-02,,,,
1961-01-03,,,,
1961-01-04,,,,
1961-01-05,,,,
1961-01-06,,,,
1961-01-07,,,,
1961-01-08,,,,
1961-01-09,,,,
1961-01-10,,,,
1961-01-11,,,,
1961-01-12,,,,
1961-01-13,,,,
1961-01-14,,,,
1961-01-15,,,,
1961-01-16,,,,
1961-01-17,,,,
1961-01-18,,,,
1961-01-19,,,,
1961-01-20,,,,
1961-01-21,,,,
1961-01-22,,,,
1961-01-23,,,,
1961-01-24,,,,
1961-01-25,,,,
1961-01-26,,,,
1961-01-27,,,,
1961-01-28,,,,
1961-01-29,,,,
1961-01-30,,,,
1961-01-31,,,,
1961-02-01,,,,
1961-02-02,,,,
1961-02-03,,,,
1961-02-04,,,,
1961-02-05,,,,
1961-02-06,,,,
1961-02-07,,,,
1961-02-08,,,,
1961-02-09,,,,
1961-02-10,,,,
1961-02-11,,,,
1961-02-12,,,,
1961-02-13,,,,
1961-02-14,,,,
1961-02-15,,,,
1961-02-16,,,,
1961-02-17,,,,
1961-02-18,,,,
1961-02-19,,,,
1961-02-20,,,,
1961-02-21,,,,
1961-02-22,,,,
1961-02-23,,,,
1961-02-24,,,,
1961-02-25,,,,
1961-02-26,,,,
1961-02-27,,,,
1961-02-28,,,,
1961-03-01,,,,
1961-03-02,,,,
1961-03-03,,,,
1961-03-04,,,,
1961-03-05,,,,
1961-03-06,,,,
1961-03-07,,,,
1961-03-08,,,,
1961-03-09,,,,
1961-03-10,,,,
1961-03-11,,,,
1961-03-12,,,,
1961-03-13,,,,
1961-03-14,,,,
1961-03-15,,,,
1961-03-16,,,,
1961-03-17,,,,
1961-03-18,,,,
1961-03-19,,,,
1961-03-20,,,,
1961-03-21,,,,
1961-03-22,,,,
1961-03-23,,,,
1961-03-24,,,,
1961-03-25,,,,
1961-03-26,,,,
1961-03-27,,,,
1961-03-28,,,,
1961-03-29,,,,
1961-03-30,,,,
1961-03-31,,,,
1961-04-01,,,,
1961-04-02,,,,
1961-04-03,,,,
1961-04-04,,,,
1961-04-05,,,,
1961-04-06,,,,
1961-04-07,,,,
1961-04-08,,,,
1961-04-09,,,,
1961-04-10,,,,
1961-04-11,,,,
1961-04-12,,,,
1961-04-13,,,,
1961-04-14,,,,
1961-04-15,,,,
1961-04-16,,,,
1961-04-17,,,,
1961-04-18,,,,
1961-04-19,,,,
1961-04-20,,,,
1961-04-21,,,,
1961-04-22,,,,
1961-04-23,,,,
1961-04-24,,,,
1961-04-25,,,,
1961-04-26,,,,
1961-04-27,,,,
1961-04-28,,,,
1961-04-29,,,,
1961-04-30,,,,
1961-05-01,,,,
1961-05-02,,,,
1961-05-03,,,,
1961-05-04,,,,
1961-05-05,,,,
1961-05-06,,,,
1961-05-07,,,,
1961-05-08,,,,
1961-05-09,,,,
1961-05-10,,,,
1961-05-11,,,,
1961-05-12,,,,
1961-05-13,,,,
1961-05-14,,,,
1961-05-15,,,,
1961-05-16,,,,
1961-05-17,,,,
1961-05-18,,,,
1961-05-19,,,,
1961-05-20,,,,
1961-05-21,,,,
1961-05-22,,,,
1961-05-23,,,,
1961-05-24,,,,
1961-05-25,,,,
1961-05-26,,,,
1961-05-27,,,,
1961-05-28,,,,
1961-05-29,,,,
1961-05-30,,,,
1961-05-31,,,,
1961-06-01,,,,
1961-06-02,,,,
1961-06-03,,,,
1961-06-04,,,,
1961-06-05,,,,
1961-06-06,,,,
1961-06-07,,,,
1961-06-08,,,,
1961-06-09,,,,
1961-06-10,,,,
1961-06-11,,,,
1961-06-12,,,,
1961-06-13,,,,
1961-06-14,,,,
1961-06-15,,,,
1961-06-16,,,,
1961-06-17,,,,
1961-06-18,,,,
1961-06-19,,,,
1961-06-20,,,,
1961-06-21,,,,
1961-06-22,,,,
1961-06-23,,,,
1961-06-24,,,,
1961-06-25,,,,
1961-06-26,,,,
1961-06-27,,,,
1961-06-28,,,,
1961-06-29,,,,
1961-06-30,,,,
1961-07-01,,,,
1961-07-02,,,,
1961-07-03,,,,
1961-07-04,,,,
1961-07-05,,,,
1961-07-06,,,,
1961-07-07,,,,
1961-07-08,,,,
1961-07-09,,,,
1961-07-10,,,,
1961-07-11,,,,
1961-07-12,,,,
1961-07-13,,,,
1961-07-14,,,,
1961-07-15,,,,
1961-07-16,,,,
1961-07-17,,,,
1961-07-18,,,,
1961-07-19,,,,
1961-07-20,,,,
1961-07-21,,,,
1961-07-22,,,,
1961-07-23,,,,
1961-07-24,,,,
1961-07-25,,,,
1961-07-26,,,,
1961-07-27,,,,
1961-07-28,,,,
1961-07-29,,,,
1961-07-30,,,,
1961-07-31,,,,
1961-08-01,,,,
1961-08-02,,,,
1961-08-03,,,,
1961-08-04,,,,
1961-08-05,,,,
1961-08-06,,,,
1961-08-07,,,,
1961-08-08,,,,
1961-08-09,,,,
1961-08-10,,,,
1961-08-11,,,,
1961-08-12,,,,
1961-08-13,,,,
1961-08-14,,,,
1961-08-15,,,,
1961-08-16,,,,
1961-08-17,,,,
1961-08-18,,,,
1961-08-19,,,,
1961-08-20,,,,
1961-08-21,,,,
1961-08-22,,,,
1961-08-23,,,,
1961-08-24,,,,
1961-08-25,,,,
1961-08-26,,,,
1961-08-27,,,,
1961-08-28,,,,
1961-08-29,,,,
1961-08-30,,,,
1961-08-31,,,,
1961-09-01,,,,
1961-09-02,,,,
1961-09-03,,,,
1961-09-04,,,,
1961-09-05,,,,
1961-09-06,,,,
1961-09-07,,,,
1961-09-08,,,,
1961-09-09,,,,
1961-09-10,,,,
1961-09-11,,,,
1961-09-12,,,,
1961-09-13,,,,
1961-09-14,,,,
1961-09-15,,,,
1961-09-16,,,,
1961-09-17,,,,
1961-09-18,,,,
1961-09-19,,,,
1961-09-20,,,,
1961-09-21,,,,
1961-09-22,,,,
1961-09-23,,,,
1961-09-24,,,,
1961-09-25,,,,
1961-09-26,,,,
1961-09-27,,,,
1961-09-28,,,,
1961-09-29,,,,
1961-09-30,,,,
1961-10-01,,,,
1961-10-02,,,,
1961-10-03,,,,
1961-10-04,,,,
1961-10-05,,,,
1961-10-06,,,,
1961-10-07,,,,
1961-10-08,,,,
1961-10-09,,,,
1961-10-10,,,,
1961-10-11,,,,
1961-10-12,,,,
1961-10-13,,,,
1961-10-14,,,,
1961-10-15,,,,
1961-10-16,,,,
1961-10-17,,,,
1961-10-18,,,,
1961-10-19,,,,
1961-10-20,,,,
1961-10-21,,,,
1961-10-22,,,,
1961-10-23,,,,
1961-10-24,,,,
1961-10-25,,,,
1961-10-26,,,,
1961-10-27,,,,
1961-10-28,,,,
1961-10-29,,,,
1961-10-30,,,,
1961-10-31,,,,
1961-11-01,,,,
1961-11-02,,,,
1961-11-03,,,,
1961-11-04,,,,
1961-11-05,,,,
1961-11-06,,,,
1961-11-07,,,,
1961-11-08,,,,
1961-11-09,,,,
1961-11-10,,,,
1961-11-11,,,,
1961-11-12,,,,
1961-11-13,,,,
1961-11-14,,,,
1961-11-15,,,,
1961-11-16,,,,
1961-11-17,,,,
1961-11-18,,,,
1961-11-19,,,,
1961-11-20,,,,
1961-11-21,,,,
1961-11-22,,,,
1961-11-23,,,,
1961-11-24,,,,
1961-11-25,,,,
1961-11-26,,,,
1961-11-27,,,,
1961-11-28,,,,
1961-11-29,,,,
1961-11-30,,,,
1961-12-01,,,,
1961-12-02,,,,
1961-12-03,,,,
1961-12-04,,,,
1961-12-05,,,,
1961-12-06,,,,
1961-12-07,,,,
1961-12-08,,,,
1961-12-09,,,,
1961-12-10,,,,
1961-12-11,,,,
1961-12-12,,,,
1961-12-13,,,,
1961-12-14,,,,
1961-12-15,,,,
1961-12-16,,,,
1961-12-17,,,,
1961-12-18,,,,
1961-12-19,,,,
1961-12-20,,,,
1961-12-21,,,,
1961-12-22,,,,
1961-12-23,,,,
1961-12-24,,,,
1961-12-25,,,,
1961-12-26,,,,
1961-12-27,,,,
1961-12-28,,,,
1961-12-29,,,,
1961-12-30,,,,
1961-12-31,,,,
1962-01-01,,,,
1962-01-02,,,,
1962-01-03,,,,
1962-01-04,,,,
1962-01-05,,,,
1962-01-06,,,,
1962-01-07,,,,
1962-01-08,,,,
1962-01-09,,,,
1962-01-10,,,,
1962-01-11,,,,
1962-01-12,,,,
1962-01-13,,,,
1962-01-14,,,,
1962-01-15,,,,
1962-01-16,,,,
1962-01-17,,,,
1962-01-18,,,,
1962-01-19,,,,
1962-01-20,,,,
1962-01-21,,,,
1962-01-22,,,,
1962-01-23,,,,
1962-01-24,,,,
1962-01-25,,,,
1962-01-26,,,,
1962-01-27,,,,
1962-01-28,,,,
1962-01-29,,,,
1962-01-30,,,,
1962-01-31,,,,
1962-02-01,,,,
1962-02-02,,,,
1962-02-03,,,,
1962-02-04,,,,
1962-02-05,,,,
1962-02-06,,,,
1962-02-07,,,,
1962-02-08,,,,
1962-02-09,,,,
1962-02-10,,,,
1962-02-11,,,,
1962-02-12,,,,
1962-02-13,,,,
1962-02-14,,,,
1962-02-15,,,,
1962-02-16,,,,
1962-02-17,,,,
1962-02-18,,,,
1962-02-19,,,,
1962-02-20,,,,
1962-02-21,,,,
1962-02-22,,,,
1962-02-23,,,,
1962-02-24,,,,
1962-02-25,,,,
1962-02-26,,,,
1962-02-27,,,,
1962-02-28,,,,
1962-03-01,,,,
1962-03-02,,,,
1962-03-03,,,,
1962-03-04,,,,
1962-03-05,,,,
1962-03-06,,,,
1962-03-07,,,,
1962-03-08,,,,
1962-03-09,,,,
1962-03-10,,,,
1962-03-11,,,,
1962-03-12,,,,
1962-03-13,,,,
1962-03-14,,,,
1962-03-15,,,,
1962-03-16,,,,
1962-03-17,,,,
1962-03-18,,,,
1962-03-19,,,,
1962-03-20,,,,
1962-03-21,,,,
1962-03-22,,,,
1962-03-23,,,,
1962-03-24,,,,
1962-03-25,,,,
1962-03-26,,,,
1962-03-27,,,,
1962-03-28,,,,
1962-03-29,,,,
1962-03-30,,,,
1962-03-31,,,,
1962-04-01,,,,
1962-04-02,,,,
1962-04-03,,,,
1962-04-04,,,,
1962-04-05,,,,
1962-04-06,,,,
1962-04-07,,,,
1962-04-08,,,,
1962-04-09,,,,
1962-04-10,,,,
1962-04-11,,,,
1962-04-12,,,,
1962-04-13,,,,
1962-04-14,,,,
1962-04-15,,,,
1962-04-16,,,,
1962-04-17,,,,
1962-04-18,,,,
1962-04-19,,,,
1962-04-20,,,,
1962-04-21,,,,
1962-04-22,,,,
1962-04-23,,,,
1962-04-24,,,,
1962-04-25,,,,
1962-04-26,,,,
1962-04-27,,,,
1962-04-28,,,,
1962-04-29,,,,
1962-04-30,,,,
1962-05-01,,,,
1962-05-02,,,,
1962-05-03,,,,
1962-05-04,,,,
1962-05-05,,,,
1962-05-06,,,,
1962-05-07,,,,
1962-05-08,,,,
1962-05-09,,,,
1962-05-10,,,,
1962-05-11,,,,
1962-05-12,,,,
1962-05-13,,,,
1962-05-14,,,,
1962-05-15,,,,
1962-05-16,,,,
1962-05-17,,,,
1962-05-18,,,,
1962-05-19,,,,
1962-05-20,,,,
1962-05-21,,,,
1962-05-22,,,,
1962-05-23,,,,
1962-05-24,,,,
1962-05-25,,,,
1962-05-26,,,,
1962-05-27,,,,
1962-05-28,,,,
1962-05-29,,,,
1962-05-30,,,,
1962-05-31,,,,
1962-06-01,,,,
1962-06-02,,,,
1962-06-03,,,,
1962-06-04,,,,
1962-06-05,,,,
1962-06-06,,,,
1962-06-07,,,,
1962-06-08,,,,
1962-06-09,,,,
1962-06-10,,,,
1962-06-11,,,,
1962-06-12,,,,
1962-06-13,,,,
1962-06-14,,,,
1962-06-15,,,,
1962-06-16,,,,
1962-06-17,,,,
1962-06-18,,,,
1962-06-19,,,,
1962-06-20,,,,
1962-06-21,,,,
1962-06-22,,,,
1962-06-23,,,,
1962-06-24,,,,
1962-06-25,,,,
1962-06-26,,,,
1962-06-27,,,,
1962-06-28,,,,
1962-06-29,,,,
1962-06-30,,,,
1962-07-01,,,,
1962-07-02,,,,
1962-07-03,,,,
1962-07-04,,,,
1962-07-05,,,,
1962-07-06,,,,
1962-07-07,,,,
1962-07-08,,,,
1962-07-09,,,,
1962-07-10,,,,
1962-07-11,,,,
1962-07-12,,,,
1962-07-13,,,,
1962-07-14,,,,
1962-07-15,,,,
1962-07-16,,,,
1962-07-17,,,,
1962-07-18,,,,
1962-07-19,,,,
1962-07-20,,,,
1962-07-21,,,,
1962-07-22,,,,
1962-07-23,,,,
1962-07-24,,,,
1962-07-25,,,,
1962-07-26,,,,
1962-07-27,,,,
1962-07-28,,,,
1962-07-29,,,,
1962-07-30,,,,
1962-07-31,,,,
1962-08-01,,,,
1962-08-02,,,,
1962-08-03,,,,
1962-08-04,,,,
1962-08-05,,,,
1962-08-06,,,,
1962-08-07,,,,
1962-08-08,,,,
1962-08-09,,,,
1962-08-10,,,,
1962-08-11,,,,
1962-08-12,,,,
1962-08-13,,,,
1962-08-14,,,,
1962-08-15,,,,
1962-08-16,,,,
1962-08-17,,,,
1962-08-18,,,,
1962-08-19,,,,
1962-08-20,,,,
1962-08-21,,,,
1962-08-22,,,,
1962-08-23,,,,
1962-08-24,,,,
1962-08-25,,,,
1962-08-26,,,,
1962-08-27,,,,
1962-08-28,,,,
1962-08-29,,,,
1962-08-30,,,,
1962-08-31,,,,
1962-09-01,,,,
1962-09-02,,,,
1962-09-03,,,,
1962-09-04,,,,
1962-09-05,,,,
1962-09-06,,,,
1962-09-07,,,,
1962-09-08,,,,
1962-09-09,,,,
1962-09-10,,,,
1962-09-11,,,,
1962-09-12,,,,
1962-09-13,,,,
1962-09-14,,,,
1962-09-15,,,,
1962-09-16,,,,
1962-09-17,,,,
1962-09-18,,,,
1962-09-19,,,,
1962-09-20,,,,
1962-09-21,,,,
1962-09-22,,,,
1962-09-23,,,,
1962-09-24,,,,
1962-09-25,,,,
1962-09-26,,,,
1962-09-27,,,,
1962-09-28,,,,
1962-09-29,,,,
1962-09-30,,,,
1962-10-01,,,,
1962-10-02,,,,
1962-10-03,,,,
1962-10-04,,,,
1962-10-05,,,,
1962-10-06,,,,
1962-10-07,,,,
1962-10-08,,,,
1962-10-09,,,,
1962-10-10,,,,
1962-10-11,,,,
1962-10-12,,,,
1962-10-13,,,,
1962-10-14,,,,
1962-10-15,,,,
1962-10-16,,,,
1962-10-17,,,,
1962-10-18,,,,
1962-10-19,,,,
1962-10-20,,,,
1962-10-21,,,,
1962-10-22,,,,
1962-10-23,,,,
1962-10-24,,,,
1962-10-25,,,,
1962-10-26,,,,
1962-10-27,,,,
1962-10-28,,,,
1962-10-29,,,,
1962-10-30,,,,
1962-10-31,,,,
1962-11-01,,,,
1962-11-02,,,,
1962-11-03,,,,
1962-11-04,,,,
1962-11-05,,,,
1962-11-06,,,,
1962-11-07,,,,
1962-11-08,,,,
1962-11-09,,,,
1962-11-10,,,,
1962-11-11,,,,
1962-11-12,,,,
1962-11-13,,,,
1962-11-14,,,,
1962-11-15,,,,
1962-11-16,,,,
1962-11-17,,,,
1962-11-18,,,,
1962-11-19,,,,
1962-11-20,,,,
1962-11-21,,,,
1962-11-22,,,,
1962-11-23,,,,
1962-11-24,,,,
1962-11-25,,,,
1962-11-26,,,,
1962-11-27,,,,
1962-11-28,,,,
1962-11-29,,,,
1962-11-30,,,,
1962-12-01,,,,
1962-12-02,,,,
1962-12-03,,,,
1962-12-04,,,,
1962-12-05,,,,
1962-12-06,,,,
1962-12-07,,,,
1962-12-08,,,,
1962-12-09,,,,
1962-12-10,,,,
1962-12-11,,,,
1962-12-12,,,,
1962-12-13,,,,
1962-12-14,,,,
1962-12-15,,,,
1962-12-16,,,,
1962-12-17,,,,
1962-12-18,,,,
1962-12-19,,,,
1962-12-20,,,,
1962-12-21,,,,
1962-12-22,,,,
1962-12-23,,,,
1962-12-24,,,,
1962-12-25,,,,
1962-12-26,,,,
1962-12-27,,,,
1962-12-28,,,,
1962-12-29,,,,
1962-12-30,,,,
1962-12-31,,,,
1963-01-01,,,,
1963-01-02,,,,
1963-01-03,,,,
1963-01-04,,,,
1963-01-05,,,,
1963-01-06,,,,
1963-01-07,,,,
1963-01-08,,,,
1963-01-09,,,,
1963-01-10,,,,
1963-01-11,,,,
1963-01-12,,,,
1963-01-13,,,,
1963-01-14,,,,
1963-01-15,,,,
1963-01-16,,,,
1963-01-17,,,,
1963-01-18,,,,
1963-01-19,,,,
1963-01-20,,,,
1963-01-21,,,,
1963-01-22,,,,
1963-01-23,,,,
1963-01-24,,,,
1963-01-25,,,,
1963-01-26,,,,
1963-01-27,,,,
1963-01-28,,,,
1963-01-29,,,,
1963-01-30,,,,
1963-01-31,,,,
1963-02-01,,,,
1963-02-02,,,,
1963-02-03,,,,
1963-02-04,,,,
1963-02-05,,,,
1963-02-06,,,,
1963-02-07,,,,
1963-02-08,,,,
1963-02-09,,,,
1963-02-10,,,,
1963-02-11,,,,
1963-02-12,,,,
1963-02-13,,,,
1963-02-14,,,,
1963-02-15,,,,
1963-02-16,,,,
1963-02-17,,,,
1963-02-18,,,,
1963-02-19,,,,
1963-02-20,,,,
1963-02-21,,,,
1963-02-22,,,,
1963-02-23,,,,
1963-02-24,,,,
1963-02-25,,,,
1963-02-26,,,,
1963-02-27,,,,
1963-02-28,,,,
1963-03-01,,,,
1963-03-02,,,,
1963-03-03,,,,
1963-03-04,,,,
1963-03-05,,,,
1963-03-06,,,,
1963-03-07,,,,
1963-03-08,,,,
1963-03-09,,,,
1963-03-10,,,,
1963-03-11,,,,
1963-03-12,,,,
1963-03-13,,,,
1963-03-14,,,,
1963-03-15,,,,
1963-03-16,,,,
1963-03-17,,,,
1963-03-18,,,,
1963-03-19,,,,
1963-03-20,,,,
1963-03-21,,,,
1963-03-22,,,,
1963-03-23,,,,
1963-03-24,,,,
1963-03-25,,,,
1963-03-26,,,,
1963-03-27,,,,
1963-03-28,,,,
1963-03-29,,,,
1963-03-30,,,,
1963-03-31,,,,
1963-04-01,,,,
1963-04-02,,,,
1963-04-03,,,,
1963-04-04,,,,
1963-04-05,,,,
1963-04-06,,,,
1963-04-07,,,,
1963-04-08,,,,
1963-04-09,,,,
1963-04-10,,,,
1963-04-11,,,,
1963-04-12,,,,
1963-04-13,,,,
1963-04-14,,,,
1963-04-15,,,,
1963-04-16,,,,
1963-04-17,,,,
1963-04-18,,,,
1963-04-19,,,,
1963-04-20,,,,
1963-04-21,,,,
1963-04-22,,,,
1963-04-23,,,,
1963-04-24,,,,
1963-04-25,,,,
1963-04-26,,,,
1963-04-27,,,,
1963-04-28,,,,
1963-04-29,,,,
1963-04-30,,,,
1963-05-01,,,,
1963-05-02,,,,
1963-05-03,,,,
1963-05-04,,,,
1963-05-05,,,,
1963-05-06,,,,
1963-05-07,,,,
1963-05-08,,,,
1963-05-09,,,,
1963-05-10,,,,
1963-05-11,,,,
1963-05-12,,,,
1963-05-13,,,,
1963-05-14,,,,
1963-05-15,,,,
1963-05-16,,,,
1963-05-17,,,,
1963-05-18,,,,
1963-05-19,,,,
1963-05-20,,,,
1963-05-21,,,,
1963-05-22,,,,
1963-05-23,,,,
1963-05-24,,,,
1963-05-25,,,,
1963-05-26,,,,
1963-05-27,,,,
1963-05-28,,,,
1963-05-29,,,,
1963-05-30,,,,
1963-05-31,,,,
1963-06-01,,,,
1963-06-02,,,,
1963-06-03,,,,
1963-06-04,,,,
1963-06-05,,,,
1963-06-06,,,,
1963-06-07,,,,
1963-06-08,,,,
1963-06-09,,,,
1963-06-10,,,,
1963-06-11,,,,
1963-06-12,,,,
1963-06-13,,,,
1963-06-14,,,,
1963-06-15,,,,
1963-06-16,,,,
1963-06-17,,,,
1963-06-18,,,,
1963-06-19,,,,
1963-06-20,,,,
1963-06-21,,,,
1963-06-22,,,,
1963-06-23,,,,
1963-06-24,,,,
1963-06-25,,,,
1963-06-26,,,,
1963-06-27,,,,
1963-06-28,,,,
1963-06-29,,,,
1963-06-30,,,,
1963-07-01,,,,
1963-07-02,,,,
1963-07-03,,,,
1963-07-04,,,,
1963-07-05,,,,
1963-07-06,,,,
1963-07-07,,,,
1963-07-08,,,,
1963-07-09,,,,
1963-07-10,,,,
1963-07-11,,,,
1963-07-12,,,,
1963-07-13,,,,
1963-07-14,,,,
1963-07-15,,,,
1963-07-16,,,,
1963-07-17,,,,
1963-07-18,,,,
1963-07-19,,,,
1963-07-20,,,,
1963-07-21,,,,
1963-07-22,,,,
1963-07-23,,,,
1963-07-24,,,,
1963-07-25,,,,
1963-07-26,,,,
1963-07-27,,,,
1963-07-28,,,,
1963-07-29,,,,
1963-07-30,,,,
1963-07-31,,,,
1963-08-01,,,,
1963-08-02,,,,
1963-08-03,,,,
1963-08-04,,,,
1963-08-05,,,,
1963-08-06,,,,
1963-08-07,,,,
1963-08-08,,,,
1963-08-09,,,,
1963-08-10,,,,
1963-08-11,,,,
1963-08-12,,,,
1963-08-13,,,,
1963-08-14,,,,
1963-08-15,,,,
1963-08-16,,,,
1963-08-17,,,,
1963-08-18,,,,
1963-08-19,,,,
1963-08-20,,,,
1963-08-21,,,,
1963-08-22,,,,
1963-08-23,,,,
1963-08-24,,,,
1963-08-25,,,,
1963-08-26,,,,
1963-08-27,,,,
1963-08-28,,,,
1963-08-29,,,,
1963-08-30,,,,
1963-08-31,,,,
1963-09-01,,,,
1963-09-02,,,,
1963-09-03,,,,
1963-09-04,,,,
1963-09-05,,,,
1963-09-06,,,,
1963-09-07,,,,
1963-09-08,,,,
1963-09-09,,,,
1963-09-10,,,,
1963-09-11,,,,
1963-09-12,,,,
1963-09-13,,,,
1963-09-14,,,,
1963-09-15,,,,
1963-09-16,,,,
1963-09-17,,,,
1963-09-18,,,,
1963-09-19,,,,
1963-09-20,,,,
1963-09-21,,,,
1963-09-22,,,,
1963-09-23,,,,
1963-09-24,,,,
1963-09-25,,,,
1963-09-26,,,,
1963-09-27,,,,
1963-09-28,,,,
1963-09-29,,,,
1963-09-30,,,,
1963-10-01,,,,
1963-10-02,,,,
1963-10-03,,,,
1963-10-04,,,,
1963-10-05,,,,
1963-10-06,,,,
1963-10-07,,,,
1963-10-08,,,,
1963-10-09,,,,
1963-10-10,,,,
1963-10-11,,,,
1963-10-12,,,,
1963-10-13,,,,
1963-10-14,,,,
1963-10-15,,,,
1963-10-16,,,,
1963-10-17,,,,
1963-10-18,,,,
1963-10-19,,,,
1963-10-20,,,,
1963-10-21,,,,
1963-10-22,,,,
1963-10-23,,,,
1963-10-24,,,,
1963-10-25,,,,
1963-10-26,,,,
1963-10-27,,,,
1963-10-28,,,,
1963-10-29,,,,
1963-10-30,,,,
1963-10-31,,,,
1963-11-01,,,,
1963-11-02,,,,
1963-11-03,,,,
1963-11-04,,,,
1963-11-05,,,,
1963-11-06,,,,
1963-11-07,,,,
1963-11-08,,,,
1963-11-09,,,,
1963-11-10,,,,
1963-11-11,,,,
1963-11-12,,,,
1963-11-13,,,,
1963-11-14,,,,
1963-11-15,,,,
1963-11-16,,,,
1963-11-17,,,,
1963-11-18,,,,
1963-11-19,,,,
1963-11-20,,,,
1963-11-21,,,,
1963-11-22,,,,
1963-11-23,,,,
1963-11-24,,,,
1963-11-25,,,,
1963-11-26,,,,
1963-11-27,,,,
1963-11-28,,,,
1963-11-29,,,,
1963-11-30,,,,
1963-12-01,,,,
1963-12-02,,,,
1963-12-03,,,,
1963-12-04,,,,
1963-12-05,,,,
1963-12-06,,,,
1963-12-07,,,,
1963-12-08,,,,
1963-12-09,,,,
1963-12-10,,,,
1963-12-11,,,,
1963-12-12,,,,
1963-12-13,,,,
1963-12-14,,,,
1963-12-15,,,,
1963-12-16,,,,
1963-12-17,,,,
1963-12-18,,,,
1963-12-19,,,,
1963-12-20,,,,
1963-12-21,,,,
1963-12-22,,,,
1963-12-23,,,,
1963-12-24,,,,
1963-12-25,,,,
1963-12-26,,,,
1963-12-27,,,,
1963-12-28,,,,
1963-12-29,,,,
1963-12-30,,,,
1963-12-31,,,,
1964-01-01,,,,
1964-01-02,,,,
1964-01-03,,,,
1964-01-04,,,,
1964-01-05,,,,
1964-01-06,,,,
1964-01-07,,,,
1964-01-08,,,,
1964-01-09,,,,
1964-01-10,,,,
1964-01-11,,,,
1964-01-12,,,,
1964-01-13,,,,
1964-01-14,,,,
1964-01-15,,,,
1964-01-16,,,,
1964-01-17,,,,
1964-01-18,,,,
1964-01-19,,,,
1964-01-20,,,,
1964-01-21,,,,
1964-01-22,,,,
1964-01-23,,,,
1964-01-24,,,,
1964-01-25,,,,
1964-01-26,,,,
1964-01-27,,,,
1964-01-28,,,,
1964-01-29,,,,
1964-01-30,,,,
1964-01-31,,,,
1964-02-01,,,,
1964-02-02,,,,
1964-02-03,,,,
1964-02-04,,,,
1964-02-05,,,,
1964-02-06,,,,
1964-02-07,,,,
1964-02-08,,,,
1964-02-09,,,,
1964-02-10,,,,
1964-02-11,,,,
1964-02-12,,,,
1964-02-13,,,,
1964-02-14,,,,
1964-02-15,,,,
1964-02-16,,,,
1964-02-17,,,,
1964-02-18,,,,
1964-02-19,,,,
1964-02-20,,,,
1964-02-21,,,,
1964-02-22,,,,
1964-02-23,,,,
1964-02-24,,,,
1964-02-25,,,,
1964-02-26,,,,
1964-02-27,,,,
1964-02-28,,,,
1964-02-29,,,,
1964-03-01,,,,
1964-03-02,,,,
1964-03-03,,,,
1964-03-04,,,,
1964-03-05,,,,
1964-03-06,,,,
1964-03-07,,,,
1964-03-08,,,,
1964-03-09,,,,
1964-03-10,,,,
1964-03-11,,,,
1964-03-12,,,,
1964-03-13,,,,
1964-03-14,,,,
1964-03-15,,,,
1964-03-16,,,,
1964-03-17,,,,
1964-03-18,,,,
1964-03-19,,,,
1964-03-20,,,,
1964-03-21,,,,
1964-03-22,,,,
1964-03-23,,,,
1964-03-24,,,,
1964-03-25,,,,
1964-03-26,,,,
1964-03-27,,,,
1964-03-28,,,,
1964-03-29,,,,
1964-03-30,,,,
1964-03-31,,,,
1964-04-01,,,,
1964-04-02,,,,
1964-04-03,,,,
1964-04-04,,,,
1964-04-05,,,,
1964-04-06,,,,
1964-04-07,,,,
1964-04-08,,,,
1964-04-09,,,,
1964-04-10,,,,
1964-04-11,,,,
1964-04-12,,,,
1964-04-13,,,,
1964-04-14,,,,
1964-04-15,,,,
1964-04-16,,,,
1964-04-17,,,,
1964-04-18,,,,
1964-04-19,,,,
1964-04-20,,,,
1964-04-21,,,,
1964-04-22,,,,
1964-04-23,,,,
1964-04-24,,,,
1964-04-25,,,,
1964-04-26,,,,
1964-04-27,,,,
1964-04-28,,,,
1964-04-29,,,,
1964-04-30,,,,
1964-05-01,,,,
1964-05-02,,,,
1964-05-03,,,,
1964-05-04,,,,
1964-05-05,,,,
1964-05-06,,,,
1964-05-07,,,,
1964-05-08,,,,
1964-05-09,,,,
1964-05-10,,,,
1964-05-11,,,,
1964-05-12,,,,
1964-05-13,,,,
1964-05-14,,,,
1964-05-15,,,,
1964-05-16,,,,
1964-05-17,,,,
1964-05-18,,,,
1964-05-19,,,,
1964-05-20,,,,
1964-05-21,,,,
1964-05-22,,,,
1964-05-23,,,,
1964-05-24,,,,
1964-05-25,,,,
1964-05-26,,,,
1964-05-27,,,,
1964-05-28,,,,
1964-05-29,,,,
1964-05-30,,,,
1964-05-31,,,,
1964-06-01,,,,
1964-06-02,,,,
1964-06-03,,,,
1964-06-04,,,,
1964-06-05,,,,
1964-06-06,,,,
1964-06-07,,,,
1964-06-08,,,,
1964-06-09,,,,
1964-06-10,,,,
1964-06-11,,,,
1964-06-12,,,,
1964-06-13,,,,
1964-06-14,,,,
1964-06-15,,,,
1964-06-16,,,,
1964-06-17,,,,
1964-06-18,,,,
1964-06-19,,,,
1964-06-20,,,,
1964-06-21,,,,
1964-06-22,,,,
1964-06-23,,,,
1964-06-24,,,,
1964-06-25,,,,
1964-06-26,,,,
1964-06-27,,,,
1964-06-28,,,,
1964-06-29,,,,
1964-06-30,,,,
1964-07-01,,,,
1964-07-02,,,,
1964-07-03,,,,
1964-07-04,,,,
1964-07-05,,,,
1964-07-06,,,,
1964-07-07,,,,
1964-07-08,,,,
1964-07-09,,,,
1964-07-10,,,,
1964-07-11,,,,
1964-07-12,,,,
1964-07-13,,,,
1964-07-14,,,,
1964-07-15,,,,
1964-07-16,,,,
1964-07-17,,,,
1964-07-18,,,,
1964-07-19,,,,
1964-07-20,,,,
1964-07-21,,,,
1964-07-22,,,,
1964-07-23,,,,
1964-07-24,,,,
1964-07-25,,,,
1964-07-26,,,,
1964-07-27,,,,
1964-07-28,,,,
1964-07-29,,,,
1964-07-30,,,,
1964-07-31,,,,
1964-08-01,,,,
1964-08-02,,,,
1964-08-03,,,,
1964-08-04,,,,
1964-08-05,,,,
1964-08-06,,,,
1964-08-07,,,,
1964-08-08,,,,
1964-08-09,,,,
1964-08-10,,,,
1964-08-11,,,,
1964-08-12,,,,
1964-08-13,,,,
1964-08-14,,,,
1964-08-15,,,,
1964-08-16,,,,
1964-08-17,,,,
1964-08-18,,,,
1964-08-19,,,,
1964-08-20,,,,
1964-08-21,,,,
1964-08-22,,,,
1964-08-23,,,,
1964-08-24,,,,
1964-08-25,,,,
1964-08-26,,,,
1964-08-27,,,,
1964-08-28,,,,
1964-08-29,,,,
1964-08-30,,,,
1964-08-31,,,,
1964-09-01,,,,
1964-09-02,,,,
1964-09-03,,,,
1964-09-04,,,,
1964-09-05,,,,
1964-09-06,,,,
1964-09-07,,,,
1964-09-08,,,,
1964-09-09,,,,
1964-09-10,,,,
1964-09-11,,,,
1964-09-12,,,,
1964-09-13,,,,
1964-09-14,,,,
1964-09-15,,,,
1964-09-16,,,,
1964-09-17,,,,
1964-09-18,,,,
1964-09-19,,,,
1964-09-20,,,,
1964-09-21,,,,
1964-09-22,,,,
1964-09-23,,,,
1964-09-24,,,,
1964-09-25,,,,
1964-09-26,,,,
1964-09-27,,,,
1964-09-28,,,,
1964-09-29,,,,
1964-09-30,,,,
1964-10-01,,,,
1964-10-02,,,,
1964-10-03,,,,
1964-10-04,,,,
1964-10-05,,,,
1964-10-06,,,,
1964-10-07,,,,
1964-10-08,,,,
1964-10-09,,,,
1964-10-10,,,,
1964-10-11,,,,
1964-10-12,,,,
1964-10-13,,,,
1964-10-14,,,,
1964-10-15,,,,
1964-10-16,,,,
1964-10-17,,,,
1964-10-18,,,,
1964-10-19,,,,
1964-10-20,,,,
1964-10-21,,,,
1964-10-22,,,,
1964-10-23,,,,
1964-10-24,,,,
1964-10-25,,,,
1964-10-26,,,,
1964-10-27,,,,
1964-10-28,,,,
1964-10-29,,,,
1964-10-30,,,,
1964-10-31,,,,
1964-11-01,,,,
1964-11-02,,,,
1964-11-03,,,,
1964-11-04,,,,
1964-11-05,,,,
1964-11-06,,,,
1964-11-07,,,,
1964-11-08,,,,
1964-11-09,,,,
1964-11-10,,,,
1964-11-11,,,,
1964-11-12,,,,
1964-11-13,,,,
1964-11-14,,,,
1964-11-15,,,,
1964-11-16,,,,
1964-11-17,,,,
1964-11-18,,,,
1964-11-19,,,,
1964-11-20,,,,
1964-11-21,,,,
1964-11-22,,,,
1964-11-23,,,,
1964-11-24,,,,
1964-11-25,,,,
1964-11-26,,,,
1964-11-27,,,,
1964-11-28,,,,
1964-11-29,,,,
1964-11-30,,,,
1964-12-01,,,,
1964-12-02,,,,
1964-12-03,,,,
1964-12-04,,,,
1964-12-05,,,,
1964-12-06,,,,
1964-12-07,,,,
1964-12-08,,,,
1964-12-09,,,,
1964-12-10,,,,
1964-12-11,,,,
1964-12-12,,,,
1964-12-13,,,,
1964-12-14,,,,
1964-12-15,,,,
1964-12-16,,,,
1964-12-17,,,,
1964-12-18,,,,
1964-12-19,,,,
1964-12-20,,,,
1964-12-21,,,,
1964-12-22,,,,
1964-12-23,,,,
1964-12-24,,,,
1964-12-25,,,,
1964-12-26,,,,
1964-12-27,,,,
1964-12-28,,,,
1964-12-29,,,,
1964-12-30,,,,
1964-12-31,,,,
1965-01-01,,,,
1965-01-02,,,,
1965-01-03,,,,
1965-01-04,,,,
1965-01-05,,,,
1965-01-06,,,,
1965-01-07,,,,
1965-01-08,,,,
1965-01-09,,,,
1965-01-10,,,,
1965-01-11,,,,
1965-01-12,,,,
1965-01-13,,,,
1965-01-14,,,,
1965-01-15,,,,
1965-01-16,,,,
1965-01-17,,,,
1965-01-18,,,,
1965-01-19,,,,
1965-01-20,,,,
1965-01-21,,,,
1965-01-22,,,,
1965-01-23,,,,
1965-01-24,,,,
1965-01-25,,,,
1965-01-26,,,,
1965-01-27,,,,
1965-01-28,,,,
1965-01-29,,,,
1965-01-30,,,,
1965-01-31,,,,
1965-02-01,,,,
1965-02-02,,,,
1965-02-03,,,,
1965-02-04,,,,
1965-02-05,,,,
1965-02-06,,,,
1965-02-07,,,,
1965-02-08,,,,
1965-02-09,,,,
1965-02-10,,,,
1965-02-11,,,,
1965-02-12,,,,
1965-02-13,,,,
1965-02-14,,,,
1965-02-15,,,,
1965-02-16,,,,
1965-02-17,,,,
1965-02-18,,,,
1965-02-19,,,,
1965-02-20,,,,
1965-02-21,,,,
1965-02-22,,,,
1965-02-23,,,,
1965-02-24,,,,
1965-02-25,,,,
1965-02-26,,,,
1965-02-27,,,,
1965-02-28,,,,
1965-03-01,,,,
1965-03-02,,,,
1965-03-03,,,,
1965-03-04,,,,
1965-03-05,,,,
1965-03-06,,,,
1965-03-07,,,,
1965-03-08,,,,
1965-03-09,,,,
1965-03-10,,,,
1965-03-11,,,,
1965-03-12,,,,
1965-03-13,,,,
1965-03-14,,,,
1965-03-15,,,,
1965-03-16,,,,
1965-03-17,,,,
1965-03-18,,,,
1965-03-19,,,,
1965-03-20,,,,
1965-03-21,,,,
1965-03-22,,,,
1965-03-23,,,,
1965-03-24,,,,
1965-03-25,,,,
1965-03-26,,,,
1965-03-27,,,,
1965-03-28,,,,
1965-03-29,,,,
1965-03-30,,,,
1965-03-31,,,,
1965-04-01,,,,
1965-04-02,,,,
1965-04-03,,,,
1965-04-04,,,,
1965-04-05,,,,
1965-04-06,,,,
1965-04-07,,,,
1965-04-08,,,,
1965-04-09,,,,
1965-04-10,,,,
1965-04-11,,,,
1965-04-12,,,,
1965-04-13,,,,
1965-04-14,,,,
1965-04-15,,,,
1965-04-16,,,,
1965-04-17,,,,
1965-04-18,,,,
1965-04-19,,,,
1965-04-20,,,,
1965-04-21,,,,
1965-04-22,,,,
1965-04-23,,,,
1965-04-24,,,,
1965-04-25,,,,
1965-04-26,,,,
1965-04-27,,,,
1965-04-28,,,,
1965-04-29,,,,
1965-04-30,,,,
1965-05-01,,,,
1965-05-02,,,,
1965-05-03,,,,
1965-05-04,,,,
1965-05-05,,,,
1965-05-06,,,,
1965-05-07,,,,
1965-05-08,,,,
1965-05-09,,,,
1965-05-10,,,,
1965-05-11,,,,
1965-05-12,,,,
1965-05-13,,,,
1965-05-14,,,,
1965-05-15,,,,
1965-05-16,,,,
1965-05-17,,,,
1965-05-18,,,,
1965-05-19,,,,
1965-05-20,,,,
1965-05-21,,,,
1965-05-22,,,,
1965-05-23,,,,
1965-05-24,,,,
1965-05-25,,,,
1965-05-26,,,,
1965-05-27,,,,
1965-05-28,,,,
1965-05-29,,,,
1965-05-30,,,,
1965-05-31,,,,
1965-06-01,,,,
1965-06-02,,,,
1965-06-03,,,,
1965-06-04,,,,
1965-06-05,,,,
1965-06-06,,,,
1965-06-07,,,,
1965-06-08,,,,
1965-06-09,,,,
1965-06-10,,,,
1965-06-11,,,,
1965-06-12,,,,
1965-06-13,,,,
1965-06-14,,,,
1965-06-15,,,,
1965-06-16,,,,
1965-06-17,,,,
1965-06-18,,,,
1965-06-19,,,,
1965-06-20,,,,
1965-06-21,,,,
1965-06-22,,,,
1965-06-23,,,,
1965-06-24,,,,
1965-06-25,,,,
1965-06-26,,,,
1965-06-27,,,,
1965-06-28,,,,
1965-06-29,,,,
1965-06-30,,,,
1965-07-01,,,,
1965-07-02,,,,
1965-07-03,,,,
1965-07-04,,,,
1965-07-05,,,,
1965-07-06,,,,
1965-07-07,,,,
1965-07-08,,,,
1965-07-09,,,,
1965-07-10,,,,
1965-07-11,,,,
1965-07-12,,,,
1965-07-13,,,,
1965-07-14,,,,
1965-07-15,,,,
1965-07-16,,,,
1965-07-17,,,,
1965-07-18,,,,
1965-07-19,,,,
1965-07-20,,,,
1965-07-21,,,,
1965-07-22,,,,
1965-07-23,,,,
1965-07-24,,,,
1965-07-25,,,,
1965-07-26,,,,
1965-07-27,,,,
1965-07-28,,,,
1965-07-29,,,,
1965-07-30,,,,
1965-07-31,,,,
1965-08-01,,,,
1965-08-02,,,,
1965-08-03,,,,
1965-08-04,,,,
1965-08-05,,,,
1965-08-06,,,,
1965-08-07,,,,
1965-08-08,,,,
1965-08-09,,,,
1965-08-10,,,,
1965-08-11,,,,
1965-08-12,,,,
1965-08-13,,,,
1965-08-14,,,,
1965-08-15,,,,
1965-08-16,,,,
1965-08-17,,,,
1965-08-18,,,,
1965-08-19,,,,
1965-08-20,,,,
1965-08-21,,,,
1965-08-22,,,,
1965-08-23,,,,
1965-08-24,,,,
1965-08-25,,,,
1965-08-26,,,,
1965-08-27,,,,
1965-08-28,,,,
1965-08-29,,,,
1965-08-30,,,,
1965-08-31,,,,
1965-09-01,,,,
1965-09-02,,,,
1965-09-03,,,,
1965-09-04,,,,
1965-09-05,,,,
1965-09-06,,,,
1965-09-07,,,,
1965-09-08,,,,
1965-09-09,,,,
1965-09-10,,,,
1965-09-11,,,,
1965-09-12,,,,
1965-09-13,,,,
1965-09-14,,,,
1965-09-15,,,,
1965-09-16,,,,
1965-09-17,,,,
1965-09-18,,,,
1965-09-19,,,,
1965-09-20,,,,
1965-09-21,,,,
1965-09-22,,,,
1965-09-23,,,,
1965-09-24,,,,
1965-09-25,,,,
1965-09-26,,,,
1965-09-27,,,,
1965-09-28,,,,
1965-09-29,,,,
1965-09-30,,,,
1965-10-01,,,,
1965-10-02,,,,
1965-10-03,,,,
1965-10-04,,,,
1965-10-05,,,,
1965-10-06,,,,
1965-10-07,,,,
1965-10-08,,,,
1965-10-09,,,,
1965-10-10,,,,
1965-10-11,,,,
1965-10-12,,,,
1965-10-13,,,,
1965-10-14,,,,
1965-10-15,,,,
1965-10-16,,,,
1965-10-17,,,,
1965-10-18,,,,
1965-10-19,,,,
1965-10-20,,,,
1965-10-21,,,,
1965-10-22,,,,
1965-10-23,,,,
1965-10-24,,,,
1965-10-25,,,,
1965-10-26,,,,
1965-10-27,,,,
1965-10-28,,,,
1965-10-29,,,,
1965-10-30,,,,
1965-10-31,,,,
1965-11-01,,,,
1965-11-02,,,,
1965-11-03,,,,
1965-11-04,,,,
1965-11-05,,,,
1965-11-06,,,,
1965-11-07,,,,
1965-11-08,,,,
1965-11-09,,,,
1965-11-10,,,,
1965-11-11,,,,
1965-11-12,,,,
1965-11-13,,,,
1965-11-14,,,,
1965-11-15,,,,
1965-11-16,,,,
1965-11-17,,,,
1965-11-18,,,,
1965-11-19,,,,
1965-11-20,,,,
1965-11-21,,,,
1965-11-22,,,,
1965-11-23,,,,
1965-11-24,,,,
1965-11-25,,,,
1965-11-26,,,,
1965-11-27,,,,
1965-11-28,,,,
1965-11-29,,,,
1965-11-30,,,,
1965-12-01,,,,
1965-12-02,,,,
1965-12-03,,,,
1965-12-04,,,,
1965-12-05,,,,
1965-12-06,,,,
1965-12-07,,,,
1965-12-08,,,,
1965-12-09,,,,
1965-12-10,,,,
1965-12-11,,,,
1965-12-12,,,,
1965-12-13,,,,
1965-12-14,,,,
1965-12-15,,,,
1965-12-16,,,,
1965-12-17,,,,
1965-12-18,,,,
1965-12-19,,,,
1965-12-20,,,,
1965-12-21,,,,
1965-12-22,,,,
1965-12-23,,,,
1965-12-24,,,,
1965-12-25,,,,
1965-12-26,,,,
1965-12-27,,,,
1965-12-28,,,,
1965-12-29,,,,
1965-12-30,,,,
1965-12-31,,,,
1966-01-01,,,,
1966-01-02,,,,
1966-01-03,,,,
1966-01-04,,,,
1966-01-05,,,,
1966-01-06,,,,
1966-01-07,,,,
1966-01-08,,,,
1966-01-09,,,,
1966-01-10,,,,
1966-01-11,,,,
1966-01-12,,,,
1966-01-13,,,,
1966-01-14,,,,
1966-01-15,,,,
1966-01-16,,,,
1966-01-17,,,,
1966-01-18,,,,
1966-01-19,,,,
1966-01-20,,,,
1966-01-21,,,,
1966-01-22,,,,
1966-01-23,,,,
1966-01-24,,,,
1966-01-25,,,,
1966-01-26,,,,
1966-01-27,,,,
1966-01-28,,,,
1966-01-29,,,,
1966-01-30,,,,
1966-01-31,,,,
1966-02-01,,,,
1966-02-02,,,,
1966-02-03,,,,
1966-02-04,,,,
1966-02-05,,,,
1966-02-06,,,,
1966-02-07,,,,
1966-02-08,,,,
1966-02-09,,,,
1966-02-10,,,,
1966-02-11,,,,
1966-02-12,,,,
1966-02-13,,,,
1966-02-14,,,,
1966-02-15,,,,
1966-02-16,,,,
1966-02-17,,,,
1966-02-18,,,,
1966-02-19,,,,
1966-02-20,,,,
1966-02-21,,,,
1966-02-22,,,,
1966-02-23,,,,
1966-02-24,,,,
1966-02-25,,,,
1966-02-26,,,,
1966-02-27,,,,
1966-02-28,,,,
1966-03-01,,,,
1966-03-02,,,,
1966-03-03,,,,
1966-03-04,,,,
1966-03-05,,,,
1966-03-06,,,,
1966-03-07,,,,
1966-03-08,,,,
1966-03-09,,,,
1966-03-10,,,,
1966-03-11,,,,
1966-03-12,,,,
1966-03-13,,,,
1966-03-14,,,,
1966-03-15,,,,
1966-03-16,,,,
1966-03-17,,,,
1966-03-18,,,,
1966-03-19,,,,
1966-03-20,,,,
1966-03-21,,,,
1966-03-22,,,,
1966-03-23,,,,
1966-03-24,,,,
1966-03-25,,,,
1966-03-26,,,,
1966-03-27,,,,
1966-03-28,,,,
1966-03-29,,,,
1966-03-30,,,,
1966-03-31,,,,
1966-04-01,,,,
1966-04-02,,,,
1966-04-03,,,,
1966-04-04,,,,
1966-04-05,,,,
1966-04-06,,,,
1966-04-07,,,,
1966-04-08,,,,
1966-04-09,,,,
1966-04-10,,,,
1966-04-11,,,,
1966-04-12,,,,
1966-04-13,,,,
1966-04-14,,,,
1966-04-15,,,,
1966-04-16,,,,
1966-04-17,,,,
1966-04-18,,,,
1966-04-19,,,,
1966-04-20,,,,
1966-04-21,,,,
1966-04-22,,,,
1966-04-23,,,,
1966-04-24,,,,
1966-04-25,,,,
1966-04-26,,,,
1966-04-27,,,,
1966-04-28,,,,
1966-04-29,,,,
1966-04-30,,,,
1966-05-01,,,,
1966-05-02,,,,
1966-05-03,,,,
1966-05-04,,,,
1966-05-05,,,,
1966-05-06,,,,
1966-05-07,,,,
1966-05-08,,,,
1966-05-09,,,,
1966-05-10,,,,
1966-05-11,,,,
1966-05-12,,,,
1966-05-13,,,,
1966-05-14,,,,
1966-05-15,,,,
1966-05-16,,,,
1966-05-17,,,,
1966-05-18,,,,
1966-05-19,,,,
1966-05-20,,,,
1966-05-21,,,,
1966-05-22,,,,
1966-05-23,,,,
1966-05-24,,,,
1966-05-25,,,,
1966-05-26,,,,
1966-05-27,,,,
1966-05-28,,,,
1966-05-29,,,,
1966-05-30,,,,
1966-05-31,,,,
1966-06-01,,,,
1966-06-02,,,,
1966-06-03,,,,
1966-06-04,,,,
1966-06-05,,,,
1966-06-06,,,,
1966-06-07,,,,
1966-06-08,,,,
1966-06-09,,,,
1966-06-10,,,,
1966-06-11,,,,
1966-06-12,,,,
1966-06-13,,,,
1966-06-14,,,,
1966-06-15,,,,
1966-06-16,,,,
1966-06-17,,,,
1966-06-18,,,,
1966-06-19,,,,
1966-06-20,,,,
1966-06-21,,,,
1966-06-22,,,,
1966-06-23,,,,
1966-06-24,,,,
1966-06-25,,,,
1966-06-26,,,,
1966-06-27,,,,
1966-06-28,,,,
1966-06-29,,,,
1966-06-30,,,,
1966-07-01,,,,
1966-07-02,,,,
1966-07-03,,,,
1966-07-04,,,,
1966-07-05,,,,
1966-07-06,,,,
1966-07-07,,,,
1966-07-08,,,,
1966-07-09,,,,
1966-07-10,,,,
1966-07-11,,,,
1966-07-12,,,,
1966-07-13,,,,
1966-07-14,,,,
1966-07-15,,,,
1966-07-16,,,,
1966-07-17,,,,
1966-07-18,,,,
1966-07-19,,,,
1966-07-20,,,,
1966-07-21,,,,
1966-07-22,,,,
1966-07-23,,,,
1966-07-24,,,,
1966-07-25,,,,
1966-07-26,,,,
1966-07-27,,,,
1966-07-28,,,,
1966-07-29,,,,
1966-07-30,,,,
1966-07-31,,,,
1966-08-01,,,,
1966-08-02,,,,
1966-08-03,,,,
1966-08-04,,,,
1966-08-05,,,,
1966-08-06,,,,
1966-08-07,,,,
1966-08-08,,,,
1966-08-09,,,,
1966-08-10,,,,
1966-08-11,,,,
1966-08-12,,,,
1966-08-13,,,,
1966-08-14,,,,
1966-08-15,,,,
1966-08-16,,,,
1966-08-17,,,,
1966-08-18,,,,
1966-08-19,,,,
1966-08-20,,,,
1966-08-21,,,,
1966-08-22,,,,
1966-08-23,,,,
1966-08-24,,,,
1966-08-25,,,,
1966-08-26,,,,
1966-08-27,,,,
1966-08-28,,,,
1966-08-29,,,,
1966-08-30,,,,
1966-08-31,,,,
1966-09-01,,,,
1966-09-02,,,,
1966-09-03,,,,
1966-09-04,,,,
1966-09-05,,,,
1966-09-06,,,,
1966-09-07,,,,
1966-09-08,,,,
1966-09-09,,,,
1966-09-10,,,,
1966-09-11,,,,
1966-09-12,,,,
1966-09-13,,,,
1966-09-14,,,,
1966-09-15,,,,
1966-09-16,,,,
1966-09-17,,,,
1966-09-18,,,,
1966-09-19,,,,
1966-09-20,,,,
1966-09-21,,,,
1966-09-22,,,,
1966-09-23,,,,
1966-09-24,,,,
1966-09-25,,,,
1966-09-26,,,,
1966-09-27,,,,
1966-09-28,,,,
1966-09-29,,,,
1966-09-30,,,,
1966-10-01,,,,
1966-10-02,,,,
1966-10-03,,,,
1966-10-04,,,,
1966-10-05,,,,
1966-10-06,,,,
1966-10-07,,,,
1966-10-08,,,,
1966-10-09,,,,
1966-10-10,,,,
1966-10-11,,,,
1966-10-12,,,,
1966-10-13,,,,
1966-10-14,,,,
1966-10-15,,,,
1966-10-16,,,,
1966-10-17,,,,
1966-10-18,,,,
1966-10-19,,,,
1966-10-20,,,,
1966-10-21,,,,
1966-10-22,,,,
1966-10-23,,,,
1966-10-24,,,,
1966-10-25,,,,
1966-10-26,,,,
1966-10-27,,,,
1966-10-28,,,,
1966-10-29,,,,
1966-10-30,,,,
1966-10-31,,,,
1966-11-01,,,,
1966-11-02,,,,
1966-11-03,,,,
1966-11-04,,,,
1966-11-05,,,,
1966-11-06,,,,
1966-11-07,,,,
1966-11-08,,,,
1966-11-09,,,,
1966-11-10,,,,
1966-11-11,,,,
1966-11-12,,,,
1966-11-13,,,,
1966-11-14,,,,
1966-11-15,,,,
1966-11-16,,,,
1966-11-17,,,,
1966-11-18,,,,
1966-11-19,,,,
1966-11-20,,,,
1966-11-21,,,,
1966-11-22,,,,
1966-11-23,,,,
1966-11-24,,,,
1966-11-25,,,,
1966-11-26,,,,
1966-11-27,,,,
1966-11-28,,,,
1966-11-29,,,,
1966-11-30,,,,
1966-12-01,,,,
1966-12-02,,,,
1966-12-03,,,,
1966-12-04,,,,
1966-12-05,,,,
1966-12-06,,,,
1966-12-07,,,,
1966-12-08,,,,
1966-12-09,,,,
1966-12-10,,,,
1966-12-11,,,,
1966-12-12,,,,
1966-12-13,,,,
1966-12-14,,,,
1966-12-15,,,,
1966-12-16,,,,
1966-12-17,,,,
1966-12-18,,,,
1966-12-19,,,,
1966-12-20,,,,
1966-12-21,,,,
1966-12-22,,,,
1966-12-23,,,,
1966-12-24,,,,
1966-12-25,,,,
1966-12-26,,,,
1966-12-27,,,,
1966-12-28,,,,
1966-12-29,,,,
1966-12-30,,,,
1966-12-31,,,,
1967-01-01,,,,
1967-01-02,,,,
1967-01-03,,,,
1967-01-04,,,,
1967-01-05,,,,
1967-01-06,,,,
1967-01-07,,,,
1967-01-08,,,,
1967-01-09,,,,
1967-01-10,,,,
1967-01-11,,,,
1967-01-12,,,,
1967-01-13,,,,
1967-01-14,,,,
1967-01-15,,,,
1967-01-16,,,,
1967-01-17,,,,
1967-01-18,,,,
1967-01-19,,,,
1967-01-20,,,,
1967-01-21,,,,
1967-01-22,,,,
1967-01-23,,,,
1967-01-24,,,,
1967-01-25,,,,
1967-01-26,,,,
1967-01-27,,,,
1967-01-28,,,,
1967-01-29,,,,
1967-01-30,,,,
1967-01-31,,,,
1967-02-01,,,,
1967-02-02,,,,
1967-02-03,,,,
1967-02-04,,,,
1967-02-05,,,,
1967-02-06,,,,
1967-02-07,,,,
1967-02-08,,,,
1967-02-09,,,,
1967-02-10,,,,
1967-02-11,,,,
1967-02-12,,,,
1967-02-13,,,,
1967-02-14,,,,
1967-02-15,,,,
1967-02-16,,,,
1967-02-17,,,,
1967-02-18,,,,
1967-02-19,,,,
1967-02-20,,,,
1967-02-21,,,,
1967-02-22,,,,
1967-02-23,,,,
1967-02-24,,,,
1967-02-25,,,,
1967-02-26,,,,
1967-02-27,,,,
1967-02-28,,,,
1967-03-01,,,,
1967-03-02,,,,
1967-03-03,,,,
1967-03-04,,,,
1967-03-05,,,,
1967-03-06,,,,
1967-03-07,,,,
1967-03-08,,,,
1967-03-09,,,,
1967-03-10,,,,
1967-03-11,,,,
1967-03-12,,,,
1967-03-13,,,,
1967-03-14,,,,
1967-03-15,,,,
1967-03-16,,,,
1967-03-17,,,,
1967-03-18,,,,
1967-03-19,,,,
1967-03-20,,,,
1967-03-21,,,,
1967-03-22,,,,
1967-03-23,,,,
1967-03-24,,,,
1967-03-25,,,,
1967-03-26,,,,
1967-03-27,,,,
1967-03-28,,,,
1967-03-29,,,,
1967-03-30,,,,
1967-03-31,,,,
1967-04-01,,,,
1967-04-02,,,,
1967-04-03,,,,
1967-04-04,,,,
1967-04-05,,,,
1967-04-06,,,,
1967-04-07,,,,
1967-04-08,,,,
1967-04-09,,,,
1967-04-10,,,,
1967-04-11,,,,
1967-04-12,,,,
1967-04-13,,,,
1967-04-14,,,,
1967-04-15,,,,
1967-04-16,,,,
1967-04-17,,,,
1967-04-18,,,,
1967-04-19,,,,
1967-04-20,,,,
1967-04-21,,,,
1967-04-22,,,,
1967-04-23,,,,
1967-04-24,,,,
1967-04-25,,,,
1967-04-26,,,,
1967-04-27,,,,
1967-04-28,,,,
1967-04-29,,,,
1967-04-30,,,,
1967-05-01,,,,
1967-05-02,,,,
1967-05-03,,,,
1967-05-04,,,,
1967-05-05,,,,
1967-05-06,,,,
1967-05-07,,,,
1967-05-08,,,,
1967-05-09,,,,
1967-05-10,,,,
1967-05-11,,,,
1967-05-12,,,,
1967-05-13,,,,
1967-05-14,,,,
1967-05-15,,,,
1967-05-16,,,,
1967-05-17,,,,
1967-05-18,,,,
1967-05-19,,,,
1967-05-20,,,,
1967-05-21,,,,
1967-05-22,,,,
1967-05-23,,,,
1967-05-24,,,,
1967-05-25,,,,
1967-05-26,,,,
1967-05-27,,,,
1967-05-28,,,,
1967-05-29,,,,
1967-05-30,,,,
1967-05-31,,,,
1967-06-01,,,,
1967-06-02,,,,
1967-06-03,,,,
1967-06-04,,,,
1967-06-05,,,,
1967-06-06,,,,
1967-06-07,,,,
1967-06-08,,,,
1967-06-09,,,,
1967-06-10,,,,
1967-06-11,,,,
1967-06-12,,,,
1967-06-13,,,,
1967-06-14,,,,
1967-06-15,,,,
1967-06-16,,,,
1967-06-17,,,,
1967-06-18,,,,
1967-06-19,,,,
1967-06-20,,,,
1967-06-21,,,,
1967-06-22,,,,
1967-06-23,,,,
1967-06-24,,,,
1967-06-25,,,,
1967-06-26,,,,
1967-06-27,,,,
1967-06-28,,,,
1967-06-29,,,,
1967-06-30,,,,
1967-07-01,,,,
1967-07-02,,,,
1967-07-03,,,,
1967-07-04,,,,
1967-07-05,,,,
1967-07-06,,,,
1967-07-07,,,,
1967-07-08,,,,
1967-07-09,,,,
1967-07-10,,,,
1967-07-11,,,,
1967-07-12,,,,
1967-07-13,,,,
1967-07-14,,,,
1967-07-15,,,,
1967-07-16,,,,
1967-07-17,,,,
1967-07-18,,,,
1967-07-19,,,,
1967-07-20,,,,
1967-07-21,,,,
1967-07-22,,,,
1967-07-23,,,,
1967-07-24,,,,
1967-07-25,,,,
1967-07-26,,,,
1967-07-27,,,,
1967-07-28,,,,
1967-07-29,,,,
1967-07-30,,,,
1967-07-31,,,,
1967-08-01,,,,
1967-08-02,,,,
1967-08-03,,,,
1967-08-04,,,,
1967-08-05,,,,
1967-08-06,,,,
1967-08-07,,,,
1967-08-08,,,,
1967-08-09,,,,
1967-08-10,,,,
1967-08-11,,,,
1967-08-12,,,,
1967-08-13,,,,
1967-08-14,,,,
1967-08-15,,,,
1967-08-16,,,,
1967-08-17,,,,
1967-08-18,,,,
1967-08-19,,,,
1967-08-20,,,,
1967-08-21,,,,
1967-08-22,,,,
1967-08-23,,,,
1967-08-24,,,,
1967-08-25,,,,
1967-08-26,,,,
1967-08-27,,,,
1967-08-28,,,,
1967-08-29,,,,
1967-08-30,,,,
1967-08-31,,,,
1967-09-01,,,,
1967-09-02,,,,
1967-09-03,,,,
1967-09-04,,,,
1967-09-05,,,,
1967-09-06,,,,
1967-09-07,,,,
1967-09-08,,,,
1967-09-09,,,,
1967-09-10,,,,
1967-09-11,,,,
1967-09-12,,,,
1967-09-13,,,,
1967-09-14,,,,
1967-09-15,,,,
1967-09-16,,,,
1967-09-17,,,,
1967-09-18,,,,
1967-09-19,,,,
1967-09-20,,,,
1967-09-21,,,,
1967-09-22,,,,
1967-09-23,,,,
1967-09-24,,,,
1967-09-25,,,,
1967-09-26,,,,
1967-09-27,,,,
1967-09-28,,,,
1967-09-29,,,,
1967-09-30,,,,
1967-10-01,,,,
1967-10-02,,,,
1967-10-03,,,,
1967-10-04,,,,
1967-10-05,,,,
1967-10-06,,,,
1967-10-07,,,,
1967-10-08,,,,
1967-10-09,,,,
1967-10-10,,,,
1967-10-11,,,,
1967-10-12,,,,
1967-10-13,,,,
1967-10-14,,,,
1967-10-15,,,,
1967-10-16,,,,
1967-10-17,,,,
1967-10-18,,,,
1967-10-19,,,,
1967-10-20,,,,
1967-10-21,,,,
1967-10-22,,,,
1967-10-23,,,,
1967-10-24,,,,
1967-10-25,,,,
1967-10-26,,,,
1967-10-27,,,,
1967-10-28,,,,
1967-10-29,,,,
1967-10-30,,,,
1967-10-31,,,,
1967-11-01,,,,
1967-11-02,,,,
1967-11-03,,,,
1967-11-04,,,,
1967-11-05,,,,
1967-11-06,,,,
1967-11-07,,,,
1967-11-08,,,,
1967-11-09,,,,
1967-11-10,,,,
1967-11-11,,,,
1967-11-12,,,,
1967-11-13,,,,
1967-11-14,,,,
1967-11-15,,,,
1967-11-16,,,,
1967-11-17,,,,
1967-11-18,,,,
1967-11-19,,,,
1967-11-20,,,,
1967-11-21,,,,
1967-11-22,,,,
1967-11-23,,,,
1967-11-24,,,,
1967-11-25,,,,
1967-11-26,,,,
1967-11-27,,,,
1967-11-28,,,,
1967-11-29,,,,
1967-11-30,,,,
1967-12-01,,,,
1967-12-02,,,,
1967-12-03,,,,
1967-12-04,,,,
1967-12-05,,,,
1967-12-06,,,,
1967-12-07,,,,
1967-12-08,,,,
1967-12-09,,,,
1967-12-10,,,,
1967-12-11,,,,
1967-12-12,,,,
1967-12-13,,,,
1967-12-14,,,,
1967-12-15,,,,
1967-12-16,,,,
1967-12-17,,,,
1967-12-18,,,,
1967-12-19,,,,
1967-12-20,,,,
1967-12-21,,,,
1967-12-22,,,,
1967-12-23,,,,
1967-12-24,,,,
1967-12-25,,,,
1967-12-26,,,,
1967-12-27,,,,
1967-12-28,,,,
1967-12-29,,,,
1967-12-30,,,,
1967-12-31,,,,
1968-01-01,,,,
1968-01-02,,,,
1968-01-03,,,,
1968-01-04,,,,
1968-01-05,,,,
1968-01-06,,,,
1968-01-07,,,,
1968-01-08,,,,
1968-01-09,,,,
1968-01-10,,,,
1968-01-11,,,,
1968-01-12,,,,
1968-01-13,,,,
1968-01-14,,,,
1968-01-15,,,,
1968-01-16,,,,
1968-01-17,,,,
1968-01-18,,,,
1968-01-19,,,,
1968-01-20,,,,
1968-01-21,,,,
1968-01-22,,,,
1968-01-23,,,,
1968-01-24,,,,
1968-01-25,,,,
1968-01-26,,,,
1968-01-27,,,,
1968-01-28,,,,
1968-01-29,,,,
1968-01-30,,,,
1968-01-31,,,,
1968-02-01,,,,
1968-02-02,,,,
1968-02-03,,,,
1968-02-04,,,,
1968-02-05,,,,
1968-02-06,,,,
1968-02-07,,,,
1968-02-08,,,,
1968-02-09,,,,
1968-02-10,,,,
1968-02-11,,,,
1968-02-12,,,,
1968-02-13,,,,
1968-02-14,,,,
1968-02-15,,,,
1968-02-16,,,,
1968-02-17,,,,
1968-02-18,,,,
1968-02-19,,,,
1968-02-20,,,,
1968-02-21,,,,
1968-02-22,,,,
1968-02-23,,,,
1968-02-24,,,,
1968-02-25,,,,
1968-02-26,,,,
1968-02-27,,,,
1968-02-28,,,,
1968-02-29,,,,
1968-03-01,,,,
1968-03-02,,,,
1968-03-03,,,,
1968-03-04,,,,
1968-03-05,,,,
1968-03-06,,,,
1968-03-07,,,,
1968-03-08,,,,
1968-03-09,,,,
1968-03-10,,,,
1968-03-11,,,,
1968-03-12,,,,
1968-03-13,,,,
1968-03-14,,,,
1968-03-15,,,,
1968-03-16,,,,
1968-03-17,,,,
1968-03-18,,,,
1968-03-19,,,,
1968-03-20,,,,
1968-03-21,,,,
1968-03-22,,,,
1968-03-23,,,,
1968-03-24,,,,
1968-03-25,,,,
1968-03-26,,,,
1968-03-27,,,,
1968-03-28,,,,
1968-03-29,,,,
1968-03-30,,,,
1968-03-31,,,,
1968-04-01,,,,
1968-04-02,,,,
1968-04-03,,,,
1968-04-04,,,,
1968-04-05,,,,
1968-04-06,,,,
1968-04-07,,,,
1968-04-08,,,,
1968-04-09,,,,
1968-04-10,,,,
1968-04-11,,,,
1968-04-12,,,,
1968-04-13,,,,
1968-04-14,,,,
1968-04-15,,,,
1968-04-16,,,,
1968-04-17,,,,
1968-04-18,,,,
1968-04-19,,,,
1968-04-20,,,,
1968-04-21,,,,
1968-04-22,,,,
1968-04-23,,,,
1968-04-24,,,,
1968-04-25,,,,
1968-04-26,,,,
1968-04-27,,,,
1968-04-28,,,,
1968-04-29,,,,
1968-04-30,,,,
1968-05-01,,,,
1968-05-02,,,,
1968-05-03,,,,
1968-05-04,,,,
1968-05-05,,,,
1968-05-06,,,,
1968-05-07,,,,
1968-05-08,,,,
1968-05-09,,,,
1968-05-10,,,,
1968-05-11,,,,
1968-05-12,,,,
1968-05-13,,,,
1968-05-14,,,,
1968-05-15,,,,
1968-05-16,,,,
1968-05-17,,,,
1968-05-18,,,,
1968-05-19,,,,
1968-05-20,,,,
1968-05-21,,,,
1968-05-22,,,,
1968-05-23,,,,
1968-05-24,,,,
1968-05-25,,,,
1968-05-26,,,,
1968-05-27,,,,
1968-05-28,,,,
1968-05-29,,,,
1968-05-30,,,,
1968-05-31,,,,
1968-06-01,,,,
1968-06-02,,,,
1968-06-03,,,,
1968-06-04,,,,
1968-06-05,,,,
1968-06-06,,,,
1968-06-07,,,,
1968-06-08,,,,
1968-06-09,,,,
1968-06-10,,,,
1968-06-11,,,,
1968-06-12,,,,
1968-06-13,,,,
1968-06-14,,,,
1968-06-15,,,,
1968-06-16,,,,
1968-06-17,,,,
1968-06-18,,,,
1968-06-19,,,,
1968-06-20,,,,
1968-06-21,,,,
1968-06-22,,,,
1968-06-23,,,,
1968-06-24,,,,
1968-06-25,,,,
1968-06-26,,,,
1968-06-27,,,,
1968-06-28,,,,
1968-06-29,,,,
1968-06-30,,,,
1968-07-01,,,,
1968-07-02,,,,
1968-07-03,,,,
1968-07-04,,,,
1968-07-05,,,,
1968-07-06,,,,
1968-07-07,,,,
1968-07-08,,,,
1968-07-09,,,,
1968-07-10,,,,
1968-07-11,,,,
1968-07-12,,,,
1968-07-13,,,,
1968-07-14,,,,
1968-07-15,,,,
1968-07-16,,,,
1968-07-17,,,,
1968-07-18,,,,
1968-07-19,,,,
1968-07-20,,,,
1968-07-21,,,,
1968-07-22,,,,
1968-07-23,,,,
1968-07-24,,,,
1968-07-25,,,,
1968-07-26,,,,
1968-07-27,,,,
1968-07-28,,,,
1968-07-29,,,,
1968-07-30,,,,
1968-07-31,,,,
1968-08-01,,,,
1968-08-02,,,,
1968-08-03,,,,
1968-08-04,,,,
1968-08-05,,,,
1968-08-06,,,,
1968-08-07,,,,
1968-08-08,,,,
1968-08-09,,,,
1968-08-10,,,,
1968-08-11,,,,
1968-08-12,,,,
1968-08-13,,,,
1968-08-14,,,,
1968-08-15,,,,
1968-08-16,,,,
1968-08-17,,,,
1968-08-18,,,,
1968-08-19,,,,
1968-08-20,,,,
1968-08-21,,,,
1968-08-22,,,,
1968-08-23,,,,
1968-08-24,,,,
1968-08-25,,,,
1968-08-26,,,,
1968-08-27,,,,
1968-08-28,,,,
1968-08-29,,,,
1968-08-30,,,,
1968-08-31,,,,
1968-09-01,,,,
1968-09-02,,,,
1968-09-03,,,,
1968-09-04,,,,
1968-09-05,,,,
1968-09-06,,,,
1968-09-07,,,,
1968-09-08,,,,
1968-09-09,,,,
1968-09-10,,,,
1968-09-11,,,,
1968-09-12,,,,
1968-09-13,,,,
1968-09-14,,,,
1968-09-15,,,,
1968-09-16,,,,
1968-09-17,,,,
1968-09-18,,,,
1968-09-19,,,,
1968-09-20,,,,
1968-09-21,,,,
1968-09-22,,,,
1968-09-23,,,,
1968-09-24,,,,
1968-09-25,,,,
1968-09-26,,,,
1968-09-27,,,,
1968-09-28,,,,
1968-09-29,,,,
1968-09-30,,,,
1968-10-01,,,,
1968-10-02,,,,
1968-10-03,,,,
1968-10-04,,,,
1968-10-05,,,,
1968-10-06,,,,
1968-10-07,,,,
1968-10-08,,,,
1968-10-09,,,,
1968-10-10,,,,
1968-10-11,,,,
1968-10-12,,,,
1968-10-13,,,,
1968-10-14,,,,
1968-10-15,,,,
1968-10-16,,,,
1968-10-17,,,,
1968-10-18,,,,
1968-10-19,,,,
1968-10-20,,,,
1968-10-21,,,,
1968-10-22,,,,
1968-10-23,,,,
1968-10-24,,,,
1968-10-25,,,,
1968-10-26,,,,
1968-10-27,,,,
1968-10-28,,,,
1968-10-29,,,,
1968-10-30,,,,
1968-10-31,,,,
1968-11-01,,,,
1968-11-02,,,,
1968-11-03,,,,
1968-11-04,,,,
1968-11-05,,,,
1968-11-06,,,,
1968-11-07,,,,
1968-11-08,,,,
1968-11-09,,,,
1968-11-10,,,,
1968-11-11,,,,
1968-11-12,,,,
1968-11-13,,,,
1968-11-14,,,,
1968-11-15,,,,
1968-11-16,,,,
1968-11-17,,,,
1968-11-18,,,,
1968-11-19,,,,
1968-11-20,,,,
1968-11-21,,,,
1968-11-22,,,,
1968-11-23,,,,
1968-11-24,,,,
1968-11-25,,,,
1968-11-26,,,,
1968-11-27,,,,
1968-11-28,,,,
1968-11-29,,,,
1968-11-30,,,,
1968-12-01,,,,
1968-12-02,,,,
1968-12-03,,,,
1968-12-04,,,,
1968-12-05,,,,
1968-12-06,,,,
1968-12-07,,,,
1968-12-08,,,,
1968-12-09,,,,
1968-12-10,,,,
1968-12-11,,,,
1968-12-12,,,,
1968-12-13,,,,
1968-12-14,,,,
1968-12-15,,,,
1968-12-16,,,,
1968-12-17,,,,
1968-12-18,,,,
1968-12-19,,,,
1968-12-20,,,,
1968-12-21,,,,
1968-12-22,,,,
1968-12-23,,,,
1968-12-24,,,,
1968-12-25,,,,
1968-12-26,,,,
1968-12-27,,,,
1968-12-28,,,,
1968-12-29,,,,
1968-12-30,,,,
1968-12-31,,,,
1969-01-01,,,,
1969-01-02,,,,
1969-01-03,,,,
1969-01-04,,,,
1969-01-05,,,,
1969-01-06,,,,
1969-01-07,,,,
1969-01-08,,,,
1969-01-09,,,,
1969-01-10,,,,
1969-01-11,,,,
1969-01-12,,,,
1969-01-13,,,,
1969-01-14,,,,
1969-01-15,,,,
1969-01-16,,,,
1969-01-17,,,,
1969-01-18,,,,
1969-01-19,,,,
1969-01-20,,,,
1969-01-21,,,,
1969-01-22,,,,
1969-01-23,,,,
1969-01-24,,,,
1969-01-25,,,,
1969-01-26,,,,
1969-01-27,,,,
1969-01-28,,,,
1969-01-29,,,,
1969-01-30,,,,
1969-01-31,,,,
1969-02-01,,,,
1969-02-02,,,,
1969-02-03,,,,
1969-02-04,,,,
1969-02-05,,,,
1969-02-06,,,,
1969-02-07,,,,
1969-02-08,,,,
1969-02-09,,,,
1969-02-10,,,,
1969-02-11,,,,
1969-02-12,,,,
1969-02-13,,,,
1969-02-14,,,,
1969-02-15,,,,
1969-02-16,,,,
1969-02-17,,,,
1969-02-18,,,,
1969-02-19,,,,
1969-02-20,,,,
1969-02-21,,,,
1969-02-22,,,,
1969-02-23,,,,
1969-02-24,,,,
1969-02-25,,,,
1969-02-26,,,,
1969-02-27,,,,
1969-02-28,,,,
1969-03-01,,,,
1969-03-02,,,,
1969-03-03,,,,
1969-03-04,,,,
1969-03-05,,,,
1969-03-06,,,,
1969-03-07,,,,
1969-03-08,,,,
1969-03-09,,,,
1969-03-10,,,,
1969-03-11,,,,
1969-03-12,,,,
1969-03-13,,,,
1969-03-14,,,,
1969-03-15,,,,
1969-03-16,,,,
1969-03-17,,,,
1969-03-18,,,,
1969-03-19,,,,
1969-03-20,,,,
1969-03-21,,,,
1969-03-22,,,,
1969-03-23,,,,
1969-03-24,,,,
1969-03-25,,,,
1969-03-26,,,,
1969-03-27,,,,
1969-03-28,,,,
1969-03-29,,,,
1969-03-30,,,,
1969-03-31,,,,
1969-04-01,,,,
1969-04-02,,,,
1969-04-03,,,,
1969-04-04,,,,
1969-04-05,,,,
1969-04-06,,,,
1969-04-07,,,,
1969-04-08,,,,
1969-04-09,,,,
1969-04-10,,,,
1969-04-11,,,,
1969-04-12,,,,
1969-04-13,,,,
1969-04-14,,,,
1969-04-15,,,,
1969-04-16,,,,
1969-04-17,,,,
1969-04-18,,,,
1969-04-19,,,,
1969-04-20,,,,
1969-04-21,,,,
1969-04-22,,,,
1969-04-23,,,,
1969-04-24,,,,
1969-04-25,,,,
1969-04-26,,,,
1969-04-27,,,,
1969-04-28,,,,
1969-04-29,,,,
1969-04-30,,,,
1969-05-01,,,,
1969-05-02,,,,
1969-05-03,,,,
1969-05-04,,,,
1969-05-05,,,,
1969-05-06,,,,
1969-05-07,,,,
1969-05-08,,,,
1969-05-09,,,,
1969-05-10,,,,
1969-05-11,,,,
1969-05-12,,,,
1969-05-13,,,,
1969-05-14,,,,
1969-05-15,,,,
1969-05-16,,,,
1969-05-17,,,,
1969-05-18,,,,
1969-05-19,,,,
1969-05-20,,,,
1969-05-21,,,,
1969-05-22,,,,
1969-05-23,,,,
1969-05-24,,,,
1969-05-25,,,,
1969-05-26,,,,
1969-05-27,,,,
1969-05-28,,,,
1969-05-29,,,,
1969-05-30,,,,
1969-05-31,,,,
1969-06-01,,,,
1969-06-02,,,,
1969-06-03,,,,
1969-06-04,,,,
1969-06-05,,,,
1969-06-06,,,,
1969-06-07,,,,
1969-06-08,,,,
1969-06-09,,,,
1969-06-10,,,,
1969-06-11,,,,
1969-06-12,,,,
1969-06-13,,,,
1969-06-14,,,,
1969-06-15,,,,
1969-06-16,,,,
1969-06-17,,,,
1969-06-18,,,,
1969-06-19,,,,
1969-06-20,,,,
1969-06-21,,,,
1969-06-22,,,,
1969-06-23,,,,
1969-06-24,,,,
1969-06-25,,,,
1969-06-26,,,,
1969-06-27,,,,
1969-06-28,,,,
1969-06-29,,,,
1969-06-30,,,,
1969-07-01,,,,
1969-07-02,,,,
1969-07-03,,,,
1969-07-04,,,,
1969-07-05,,,,
1969-07-06,,,,
1969-07-07,,,,
1969-07-08,,,,
1969-07-09,,,,
1969-07-10,,,,
1969-07-11,,,,
1969-07-12,,,,
1969-07-13,,,,
1969-07-14,,,,
1969-07-15,,,,
1969-07-16,,,,
1969-07-17,,,,
1969-07-18,,,,
1969-07-19,,,,
1969-07-20,,,,
1969-07-21,,,,
1969-07-22,,,,
1969-07-23,,,,
1969-07-24,,,,
1969-07-25,,,,
1969-07-26,,,,
1969-07-27,,,,
1969-07-28,,,,
1969-07-29,,,,
1969-07-30,,,,
1969-07-31,,,,
1969-08-01,,,,
1969-08-02,,,,
1969-08-03,,,,
1969-08-04,,,,
1969-08-05,,,,
1969-08-06,,,,
1969-08-07,,,,
1969-08-08,,,,
1969-08-09,,,,
1969-08-10,,,,
1969-08-11,,,,
1969-08-12,,,,
1969-08-13,,,,
1969-08-14,,,,
1969-08-15,,,,
1969-08-16,,,,
1969-08-17,,,,
1969-08-18,,,,
1969-08-19,,,,
1969-08-20,,,,
1969-08-21,,,,
1969-08-22,,,,
1969-08-23,,,,
1969-08-24,,,,
1969-08-25,,,,
1969-08-26,,,,
1969-08-27,,,,
1969-08-28,,,,
1969-08-29,,,,
1969-08-30,,,,
1969-08-31,,,,
1969-09-01,,,,
1969-09-02,,,,
1969-09-03,,,,
1969-09-04,,,,
1969-09-05,,,,
1969-09-06,,,,
1969-09-07,,,,
1969-09-08,,,,
1969-09-09,,,,
1969-09-10,,,,
1969-09-11,,,,
1969-09-12,,,,
1969-09-13,,,,
1969-09-14,,,,
1969-09-15,,,,
1969-09-16,,,,
1969-09-17,,,,
1969-09-18,,,,
1969-09-19,,,,
1969-09-20,,,,
1969-09-21,,,,
1969-09-22,,,,
1969-09-23,,,,
1969-09-24,,,,
1969-09-25,,,,
1969-09-26,,,,
1969-09-27,,,,
1969-09-28,,,,
1969-09-29,,,,
1969-09-30,,,,
1969-10-01,,,,
1969-10-02,,,,
1969-10-03,,,,
1969-10-04,,,,
1969-10-05,,,,
1969-10-06,,,,
1969-10-07,,,,
1969-10-08,,,,
1969-10-09,,,,
1969-10-10,,,,
1969-10-11,,,,
1969-10-12,,,,
1969-10-13,,,,
1969-10-14,,,,
1969-10-15,,,,
1969-10-16,,,,
1969-10-17,,,,
1969-10-18,,,,
1969-10-19,,,,
1969-10-20,,,,
1969-10-21,,,,
1969-10-22,,,,
1969-10-23,,,,
1969-10-24,,,,
1969-10-25,,,,
1969-10-26,,,,
1969-10-27,,,,
1969-10-28,,,,
1969-10-29,,,,
1969-10-30,,,,
1969-10-31,,,,
1969-11-01,,,,
1969-11-02,,,,
1969-11-03,,,,
1969-11-04,,,,
1969-11-05,,,,
1969-11-06,,,,
1969-11-07,,,,
1969-11-08,,,,
1969-11-09,,,,
1969-11-10,,,,
1969-11-11,,,,
1969-11-12,,,,
1969-11-13,,,,
1969-11-14,,,,
1969-11-15,,,,
1969-11-16,,,,
1969-11-17,,,,
1969-11-18,,,,
1969-11-19,,,,
1969-11-20,,,,
1969-11-21,,,,
1969-11-22,,,,
1969-11-23,,,,
1969-11-24,,,,
1969-11-25,,,,
1969-11-26,,,,
1969-11-27,,,,
1969-11-28,,,,
1969-11-29,,,,
1969-11-30,,,,
1969-12-01,,,,
1969-12-02,,,,
1969-12-03,,,,
1969-12-04,,,,
1969-12-05,,,,
1969-12-06,,,,
1969-12-07,,,,
1969-12-08,,,,
1969-12-09,,,,
1969-12-10,,,,
1969-12-11,,,,
1969-12-12,,,,
1969-12-13,,,,
1969-12-14,,,,
1969-12-15,,,,
1969-12-16,,,,
1969-12-17,,,,
1969-12-18,,,,
1969-12-19,,,,
1969-12-20,,,,
1969-12-21,,,,
1969-12-22,,,,
1969-12-23,,,,
1969-12-24,,,,
1969-12-25,,,,
1969-12-26,,,,
1969-12-27,,,,
1969-12-28,,,,
1969-12-29,,,,
1969-12-30,,,,
1969-12-31,,,,
1970-01-01,,,,
1970-01-02,,,,
1970-01-03,,,,
1970-01-04,,,,
1970-01-05,,,,
1970-01-06,,,,
1970-01-07,,,,
1970-01-08,,,,
1970-01-09,,,,
1970-01-10,,,,
1970-01-11,,,,
1970-01-12,,,,
1970-01-13,,,,
1970-01-14,,,,
1970-01-15,,,,
1970-01-16,,,,
1970-01-17,,,,
1970-01-18,,,,
1970-01-19,,,,
1970-01-20,,,,
1970-01-21,,,,
1970-01-22,,,,
1970-01-23,,,,
1970-01-24,,,,
1970-01-25,,,,
1970-01-26,,,,
1970-01-27,,,,
1970-01-28,,,,
1970-01-29,,,,
1970-01-30,,,,
1970-01-31,,,,
1970-02-01,,,,
1970-02-02,,,,
1970-02-03,,,,
1970-02-04,,,,
1970-02-05,,,,
1970-02-06,,,,
1970-02-07,,,,
1970-02-08,,,,
1970-02-09,,,,
1970-02-10,,,,
1970-02-11,,,,
1970-02-12,,,,
1970-02-13,,,,
1970-02-14,,,,
1970-02-15,,,,
1970-02-16,,,,
1970-02-17,,,,
1970-02-18,,,,
1970-02-19,,,,
1970-02-20,,,,
1970-02-21,,,,
1970-02-22,,,,
1970-02-23,,,,
1970-02-24,,,,
1970-02-25,,,,
1970-02-26,,,,
1970-02-27,,,,
1970-02-28,,,,
1970-03-01,,,,
1970-03-02,,,,
1970-03-03,,,,
1970-03-04,,,,
1970-03-05,,,,
1970-03-06,,,,
1970-03-07,,,,
1970-03-08,,,,
1970-03-09,,,,
1970-03-10,,,,
1970-03-11,,,,
1970-03-12,,,,
1970-03-13,,,,
1970-03-14,,,,
1970-03-15,,,,
1970-03-16,,,,
1970-03-17,,,,
1970-03-18,,,,
1970-03-19,,,,
1970-03-20,,,,
1970-03-21,,,,
1970-03-22,,,,
1970-03-23,,,,
1970-03-24,,,,
1970-03-25,,,,
1970-03-26,,,,
1970-03-27,,,,
1970-03-28,,,,
1970-03-29,,,,
1970-03-30,,,,
1970-03-31,,,,
1970-04-01,,,,
1970-04-02,,,,
1970-04-03,,,,
1970-04-04,,,,
1970-04-05,,,,
1970-04-06,,,,
1970-04-07,,,,
1970-04-08,,,,
1970-04-09,,,,
1970-04-10,,,,
1970-04-11,,,,
1970-04-12,,,,
1970-04-13,,,,
1970-04-14,,,,
1970-04-15,,,,
1970-04-16,,,,
1970-04-17,,,,
1970-04-18,,,,
1970-04-19,,,,
1970-04-20,,,,
1970-04-21,,,,
1970-04-22,,,,
1970-04-23,,,,
1970-04-24,,,,
1970-04-25,,,,
1970-04-26,,,,
1970-04-27,,,,
1970-04-28,,,,
1970-04-29,,,,
1970-04-30,,,,
1970-05-01,,,,
1970-05-02,,,,
1970-05-03,,,,
1970-05-04,,,,
1970-05-05,,,,
1970-05-06,,,,
1970-05-07,,,,
1970-05-08,,,,
1970-05-09,,,,
1970-05-10,,,,
1970-05-11,,,,
1970-05-12,,,,
1970-05-13,,,,
1970-05-14,,,,
1970-05-15,,,,
1970-05-16,,,,
1970-05-17,,,,
1970-05-18,,,,
1970-05-19,,,,
1970-05-20,,,,
1970-05-21,,,,
1970-05-22,,,,
1970-05-23,,,,
1970-05-24,,,,
1970-05-25,,,,
1970-05-26,,,,
1970-05-27,,,,
1970-05-28,,,,
1970-05-29,,,,
1970-05-30,,,,
1970-05-31,,,,
1970-06-01,,,,
1970-06-02,,,,
1970-06-03,,,,
1970-06-04,,,,
1970-06-05,,,,
1970-06-06,,,,
1970-06-07,,,,
1970-06-08,,,,
1970-06-09,,,,
1970-06-10,,,,
1970-06-11,,,,
1970-06-12,,,,
1970-06-13,,,,
1970-06-14,,,,
1970-06-15,,,,
1970-06-16,,,,
1970-06-17,,,,
1970-06-18,,,,
1970-06-19,,,,
1970-06-20,,,,
1970-06-21,,,,
1970-06-22,,,,
1970-06-23,,,,
1970-06-24,,,,
1970-06-25,,,,
1970-06-26,,,,
1970-06-27,,,,
1970-06-28,,,,
1970-06-29,,,,
1970-06-30,,,,
1970-07-01,,,,
1970-07-02,,,,
1970-07-03,,,,
1970-07-04,,,,
1970-07-05,,,,
1970-07-06,,,,
1970-07-07,,,,
1970-07-08,,,,
1970-07-09,,,,
1970-07-10,,,,
1970-07-11,,,,
1970-07-12,,,,
1970-07-13,,,,
1970-07-14,,,,
1970-07-15,,,,
1970-07-16,,,,
1970-07-17,,,,
1970-07-18,,,,
1970-07-19,,,,
1970-07-20,,,,
1970-07-21,,,,
1970-07-22,,,,
1970-07-23,,,,
1970-07-24,,,,
1970-07-25,,,,
1970-07-26,,,,
1970-07-27,,,,
1970-07-28,,,,
1970-07-29,,,,
1970-07-30,,,,
1970-07-31,,,,
1970-08-01,,,,
1970-08-02,,,,
1970-08-03,,,,
1970-08-04,,,,
1970-08-05,,,,
1970-08-06,,,,
1970-08-07,,,,
1970-08-08,,,,
1970-08-09,,,,
1970-08-10,,,,
1970-08-11,,,,
1970-08-12,,,,
1970-08-13,,,,
1970-08-14,,,,
1970-08-15,,,,
1970-08-16,,,,
1970-08-17,,,,
1970-08-18,,,,
1970-08-19,,,,
1970-08-20,,,,
1970-08-21,,,,
1970-08-22,,,,
1970-08-23,,,,
1970-08-24,,,,
1970-08-25,,,,
1970-08-26,,,,
1970-08-27,,,,
1970-08-28,,,,
1970-08-29,,,,
1970-08-30,,,,
1970-08-31,,,,
1970-09-01,,,,
1970-09-02,,,,
1970-09-03,,,,
1970-09-04,,,,
1970-09-05,,,,
1970-09-06,,,,
1970-09-07,,,,
1970-09-08,,,,
1970-09-09,,,,
1970-09-10,,,,
1970-09-11,,,,
1970-09-12,,,,
1970-09-13,,,,
1970-09-14,,,,
1970-09-15,,,,
1970-09-16,,,,
1970-09-17,,,,
1970-09-18,,,,
1970-09-19,,,,
1970-09-20,,,,
1970-09-21,,,,
1970-09-22,,,,
1970-09-23,,,,
1970-09-24,,,,
1970-09-25,,,,
1970-09-26,,,,
1970-09-27,,,,
1970-09-28,,,,
1970-09-29,,,,
1970-09-30,,,,
1970-10-01,,,,
1970-10-02,,,,
1970-10-03,,,,
1970-10-04,,,,
1970-10-05,,,,
1970-10-06,,,,
1970-10-07,,,,
1970-10-08,,,,
1970-10-09,,,,
1970-10-10,,,,
1970-10-11,,,,
1970-10-12,,,,
1970-10-13,,,,
1970-10-14,,,,
1970-10-15,,,,
1970-10-16,,,,
1970-10-17,,,,
1970-10-18,,,,
1970-10-19,,,,
1970-10-20,,,,
1970-10-21,,,,
1970-10-22,,,,
1970-10-23,,,,
1970-10-24,,,,
1970-10-25,,,,
1970-10-26,,,,
1970-10-27,,,,
1970-10-28,,,,
1970-10-29,,,,
1970-10-30,,,,
1970-10-31,,,,
1970-11-01,,,,
1970-11-02,,,,
1970-11-03,,,,
1970-11-04,,,,
1970-11-05,,,,
1970-11-06,,,,
1970-11-07,,,,
1970-11-08,,,,
1970-11-09,,,,
1970-11-10,,,,
1970-11-11,,,,
1970-11-12,,,,
1970-11-13,,,,
1970-11-14,,,,
1970-11-15,,,,
1970-11-16,,,,
1970-11-17,,,,
1970-11-18,,,,
1970-11-19,,,,
1970-11-20,,,,
1970-11-21,,,,
1970-11-22,,,,
1970-11-23,,,,
1970-11-24,,,,
1970-11-25,,,,
1970-11-26,,,,
1970-11-27,,,,
1970-11-28,,,,
1970-11-29,,,,
1970-11-30,,,,
1970-12-01,,,,
1970-12-02,,,,
1970-12-03,,,,
1970-12-04,,,,
1970-12-05,,,,
1970-12-06,,,,
1970-12-07,,,,
1970-12-08,,,,
1970-12-09,,,,
1970-12-10,,,,
1970-12-11,,,,
1970-12-12,,,,
1970-12-13,,,,
1970-12-14,,,,
1970-12-15,,,,
1970-12-16,,,,
1970-12-17,,,,
1970-12-18,,,,
1970-12-19,,,,
1970-12-20,,,,
1970-12-21,,,,
1970-12-22,,,,
1970-12-23,,,,
1970-12-24,,,,
1970-12-25,,,,
1970-12-26,,,,
1970-12-27,,,,
1970-12-28,,,,
1970-12-29,,,,
1970-12-30,,,,
1970-12-31,,,,
1971-01-01,,,,
1971-01-02,,,,
1971-01-03,,,,
1971-01-04,,,,
1971-01-05,,,,
1971-01-06,,,,
1971-01-07,,,,
1971-01-08,,,,
1971-01-09,,,,
1971-01-10,,,,
1971-01-11,,,,
1971-01-12,,,,
1971-01-13,,,,
1971-01-14,,,,
1971-01-15,,,,
1971-01-16,,,,
1971-01-17,,,,
1971-01-18,,,,
1971-01-19,,,,
1971-01-20,,,,
1971-01-21,,,,
1971-01-22,,,,
1971-01-23,,,,
1971-01-24,,,,
1971-01-25,,,,
1971-01-26,,,,
1971-01-27,,,,
1971-01-28,,,,
1971-01-29,,,,
1971-01-30,,,,
1971-01-31,,,,
1971-02-01,,,,
1971-02-02,,,,
1971-02-03,,,,
1971-02-04,,,,
1971-02-05,,,,
1971-02-06,,,,
1971-02-07,,,,
1971-02-08,,,,
1971-02-09,,,,
1971-02-10,,,,
1971-02-11,,,,
1971-02-12,,,,
1971-02-13,,,,
1971-02-14,,,,
1971-02-15,,,,
1971-02-16,,,,
1971-02-17,,,,
1971-02-18,,,,
1971-02-19,,,,
1971-02-20,,,,
1971-02-21,,,,
1971-02-22,,,,
1971-02-23,,,,
1971-02-24,,,,
1971-02-25,,,,
1971-02-26,,,,
1971-02-27,,,,
1971-02-28,,,,
1971-03-01,,,,
1971-03-02,,,,
1971-03-03,,,,
1971-03-04,,,,
1971-03-05,,,,
1971-03-06,,,,
1971-03-07,,,,
1971-03-08,,,,
1971-03-09,,,,
1971-03-10,,,,
1971-03-11,,,,
1971-03-12,,,,
1971-03-13,,,,
1971-03-14,,,,
1971-03-15,,,,
1971-03-16,,,,
1971-03-17,,,,
1971-03-18,,,,
1971-03-19,,,,
1971-03-20,,,,
1971-03-21,,,,
1971-03-22,,,,
1971-03-23,,,,
1971-03-24,,,,
1971-03-25,,,,
1971-03-26,,,,
1971-03-27,,,,
1971-03-28,,,,
1971-03-29,,,,
1971-03-30,,,,
1971-03-31,,,,
1971-04-01,,,,
1971-04-02,,,,
1971-04-03,,,,
1971-04-04,,,,
1971-04-05,,,,
1971-04-06,,,,
1971-04-07,,,,
1971-04-08,,,,
1971-04-09,,,,
1971-04-10,,,,
1971-04-11,,,,
1971-04-12,,,,
1971-04-13,,,,
1971-04-14,,,,
1971-04-15,,,,
1971-04-16,,,,
1971-04-17,,,,
1971-04-18,,,,
1971-04-19,,,,
1971-04-20,,,,
1971-04-21,,,,
1971-04-22,,,,
1971-04-23,,,,
1971-04-24,,,,
1971-04-25,,,,
1971-04-26,,,,
1971-04-27,,,,
1971-04-28,,,,
1971-04-29,,,,
1971-04-30,,,,
1971-05-01,,,,
1971-05-02,,,,
1971-05-03,,,,
1971-05-04,,,,
1971-05-05,,,,
1971-05-06,,,,
1971-05-07,,,,
1971-05-08,,,,
1971-05-09,,,,
1971-05-10,,,,
1971-05-11,,,,
1971-05-12,,,,
1971-05-13,,,,
1971-05-14,,,,
1971-05-15,,,,
1971-05-16,,,,
1971-05-17,,,,
1971-05-18,,,,
1971-05-19,,,,
1971-05-20,,,,
1971-05-21,,,,
1971-05-22,,,,
1971-05-23,,,,
1971-05-24,,,,
1971-05-25,,,,
1971-05-26,,,,
1971-05-27,,,,
1971-05-28,,,,
1971-05-29,,,,
1971-05-30,,,,
1971-05-31,,,,
1971-06-01,,,,
1971-06-02,,,,
1971-06-03,,,,
1971-06-04,,,,
1971-06-05,,,,
1971-06-06,,,,
1971-06-07,,,,
1971-06-08,,,,
1971-06-09,,,,
1971-06-10,,,,
1971-06-11,,,,
1971-06-12,,,,
1971-06-13,,,,
1971-06-14,,,,
1971-06-15,,,,
1971-06-16,,,,
1971-06-17,,,,
1971-06-18,,,,
1971-06-19,,,,
1971-06-20,,,,
1971-06-21,,,,
1971-06-22,,,,
1971-06-23,,,,
1971-06-24,,,,
1971-06-25,,,,
1971-06-26,,,,
1971-06-27,,,,
1971-06-28,,,,
1971-06-29,,,,
1971-06-30,,,,
1971-07-01,,,,
1971-07-02,,,,
1971-07-03,,,,
1971-07-04,,,,
1971-07-05,,,,
1971-07-06,,,,
1971-07-07,,,,
1971-07-08,,,,
1971-07-09,,,,
1971-07-10,,,,
1971-07-11,,,,
1971-07-12,,,,
1971-07-13,,,,
1971-07-14,,,,
1971-07-15,,,,
1971-07-16,,,,
1971-07-17,,,,
1971-07-18,,,,
1971-07-19,,,,
1971-07-20,,,,
1971-07-21,,,,
1971-07-22,,,,
1971-07-23,,,,
1971-07-24,,,,
1971-07-25,,,,
1971-07-26,,,,
1971-07-27,,,,
1971-07-28,,,,
1971-07-29,,,,
1971-07-30,,,,
1971-07-31,,,,
1971-08-01,,,,
1971-08-02,,,,
1971-08-03,,,,
1971-08-04,,,,
1971-08-05,,,,
1971-08-06,,,,
1971-08-07,,,,
1971-08-08,,,,
1971-08-09,,,,
1971-08-10,,,,
1971-08-11,,,,
1971-08-12,,,,
1971-08-13,,,,
1971-08-14,,,,
1971-08-15,,,,
1971-08-16,,,,
1971-08-17,,,,
1971-08-18,,,,
1971-08-19,,,,
1971-08-20,,,,
1971-08-21,,,,
1971-08-22,,,,
1971-08-23,,,,
1971-08-24,,,,
1971-08-25,,,,
1971-08-26,,,,
1971-08-27,,,,
1971-08-28,,,,
1971-08-29,,,,
1971-08-30,,,,
1971-08-31,,,,
1971-09-01,,,,
1971-09-02,,,,
1971-09-03,,,,
1971-09-04,,,,
1971-09-05,,,,
1971-09-06,,,,
1971-09-07,,,,
1971-09-08,,,,
1971-09-09,,,,
1971-09-10,,,,
1971-09-11,,,,
1971-09-12,,,,
1971-09-13,,,,
1971-09-14,,,,
1971-09-15,,,,
1971-09-16,,,,
1971-09-17,,,,
1971-09-18,,,,
1971-09-19,,,,
1971-09-20,,,,
1971-09-21,,,,
1971-09-22,,,,
1971-09-23,,,,
1971-09-24,,,,
1971-09-25,,,,
1971-09-26,,,,
1971-09-27,,,,
1971-09-28,,,,
1971-09-29,,,,
1971-09-30,,,,
1971-10-01,,,,
1971-10-02,,,,
1971-10-03,,,,
1971-10-04,,,,
1971-10-05,,,,
1971-10-06,,,,
1971-10-07,,,,
1971-10-08,,,,
1971-10-09,,,,
1971-10-10,,,,
1971-10-11,,,,
1971-10-12,,,,
1971-10-13,,,,
1971-10-14,,,,
1971-10-15,,,,
1971-10-16,,,,
1971-10-17,,,,
1971-10-18,,,,
1971-10-19,,,,
1971-10-20,,,,
1971-10-21,,,,
1971-10-22,,,,
1971-10-23,,,,
1971-10-24,,,,
1971-10-25,,,,
1971-10-26,,,,
1971-10-27,,,,
1971-10-28,,,,
1971-10-29,,,,
1971-10-30,,,,
1971-10-31,,,,
1971-11-01,,,,
1971-11-02,,,,
1971-11-03,,,,
1971-11-04,,,,
1971-11-05,,,,
1971-11-06,,,,
1971-11-07,,,,
1971-11-08,,,,
1971-11-09,,,,
1971-11-10,,,,
1971-11-11,,,,
1971-11-12,,,,
1971-11-13,,,,
1971-11-14,,,,
1971-11-15,,,,
1971-11-16,,,,
1971-11-17,,,,
1971-11-18,,,,
1971-11-19,,,,
1971-11-20,,,,
1971-11-21,,,,
1971-11-22,,,,
1971-11-23,,,,
1971-11-24,,,,
1971-11-25,,,,
1971-11-26,,,,
1971-11-27,,,,
1971-11-28,,,,
1971-11-29,,,,
1971-11-30,,,,
1971-12-01,,,,
1971-12-02,,,,
1971-12-03,,,,
1971-12-04,,,,
1971-12-05,,,,
1971-12-06,,,,
1971-12-07,,,,
1971-12-08,,,,
1971-12-09,,,,
1971-12-10,,,,
1971-12-11,,,,
1971-12-12,,,,
1971-12-13,,,,
1971-12-14,,,,
1971-12-15,,,,
1971-12-16,,,,
1971-12-17,,,,
1971-12-18,,,,
1971-12-19,,,,
1971-12-20,,,,
1971-12-21,,,,
1971-12-22,,,,
1971-12-23,,,,
1971-12-24,,,,
1971-12-25,,,,
1971-12-26,,,,
1971-12-27,,,,
1971-12-28,,,,
1971-12-29,,,,
1971-12-30,,,,
1971-12-31,,,,
1972-01-01,,,,
1972-01-02,,,,
1972-01-03,,,,
1972-01-04,,,,
1972-01-05,,,,
1972-01-06,,,,
1972-01-07,,,,
1972-01-08,,,,
1972-01-09,,,,
1972-01-10,,,,
1972-01-11,,,,
1972-01-12,,,,
1972-01-13,,,,
1972-01-14,,,,
1972-01-15,,,,
1972-01-16,,,,
1972-01-17,,,,
1972-01-18,,,,
1972-01-19,,,,
1972-01-20,,,,
1972-01-21,,,,
1972-01-22,,,,
1972-01-23,,,,
1972-01-24,,,,
1972-01-25,,,,
1972-01-26,,,,
1972-01-27,,,,
1972-01-28,,,,
1972-01-29,,,,
1972-01-30,,,,
1972-01-31,,,,
1972-02-01,,,,
1972-02-02,,,,
1972-02-03,,,,
1972-02-04,,,,
1972-02-05,,,,
1972-02-06,,,,
1972-02-07,,,,
1972-02-08,,,,
1972-02-09,,,,
1972-02-10,,,,
1972-02-11,,,,
1972-02-12,,,,
1972-02-13,,,,
1972-02-14,,,,
1972-02-15,,,,
1972-02-16,,,,
1972-02-17,,,,
1972-02-18,,,,
1972-02-19,,,,
1972-02-20,,,,
1972-02-21,,,,
1972-02-22,,,,
1972-02-23,,,,
1972-02-24,,,,
1972-02-25,,,,
1972-02-26,,,,
1972-02-27,,,,
1972-02-28,,,,
1972-02-29,,,,
1972-03-01,,,,
1972-03-02,,,,
1972-03-03,,,,
1972-03-04,,,,
1972-03-05,,,,
1972-03-06,,,,
1972-03-07,,,,
1972-03-08,,,,
1972-03-09,,,,
1972-03-10,,,,
1972-03-11,,,,
1972-03-12,,,,
1972-03-13,,,,
1972-03-14,,,,
1972-03-15,,,,
1972-03-16,,,,
1972-03-17,,,,
1972-03-18,,,,
1972-03-19,,,,
1972-03-20,,,,
1972-03-21,,,,
1972-03-22,,,,
1972-03-23,,,,
1972-03-24,,,,
1972-03-25,,,,
1972-03-26,,,,
1972-03-27,,,,
1972-03-28,,,,
1972-03-29,,,,
1972-03-30,,,,
1972-03-31,,,,
1972-04-01,,,,
1972-04-02,,,,
1972-04-03,,,,
1972-04-04,,,,
1972-04-05,,,,
1972-04-06,,,,
1972-04-07,,,,
1972-04-08,,,,
1972-04-09,,,,
1972-04-10,,,,
1972-04-11,,,,
1972-04-12,,,,
1972-04-13,,,,
1972-04-14,,,,
1972-04-15,,,,
1972-04-16,,,,
1972-04-17,,,,
1972-04-18,,,,
1972-04-19,,,,
1972-04-20,,,,
1972-04-21,,,,
1972-04-22,,,,
1972-04-23,,,,
1972-04-24,,,,
1972-04-25,,,,
1972-04-26,,,,
1972-04-27,,,,
1972-04-28,,,,
1972-04-29,,,,
1972-04-30,,,,
1972-05-01,,,,
1972-05-02,,,,
1972-05-03,,,,
1972-05-04,,,,
1972-05-05,,,,
1972-05-06,,,,
1972-05-07,,,,
1972-05-08,,,,
1972-05-09,,,,
1972-05-10,,,,
1972-05-11,,,,
1972-05-12,,,,
1972-05-13,,,,
1972-05-14,,,,
1972-05-15,,,,
1972-05-16,,,,
1972-05-17,,,,
1972-05-18,,,,
1972-05-19,,,,
1972-05-20,,,,
1972-05-21,,,,
1972-05-22,,,,
1972-05-23,,,,
1972-05-24,,,,
1972-05-25,,,,
1972-05-26,,,,
1972-05-27,,,,
1972-05-28,,,,
1972-05-29,,,,
1972-05-30,,,,
1972-05-31,,,,
1972-06-01,,,,
1972-06-02,,,,
1972-06-03,,,,
1972-06-04,,,,
1972-06-05,,,,
1972-06-06,,,,
1972-06-07,,,,
1972-06-08,,,,
1972-06-09,,,,
1972-06-10,,,,
1972-06-11,,,,
1972-06-12,,,,
1972-06-13,,,,
1972-06-14,,,,
1972-06-15,,,,
1972-06-16,,,,
1972-06-17,,,,
1972-06-18,,,,
1972-06-19,,,,
1972-06-20,,,,
1972-06-21,,,,
1972-06-22,,,,
1972-06-23,,,,
1972-06-24,,,,
1972-06-25,,,,
1972-06-26,,,,
1972-06-27,,,,
1972-06-28,,,,
1972-06-29,,,,
1972-06-30,,,,
1972-07-01,,,,
1972-07-02,,,,
1972-07-03,,,,
1972-07-04,,,,
1972-07-05,,,,
1972-07-06,,,,
1972-07-07,,,,
1972-07-08,,,,
1972-07-09,,,,
1972-07-10,,,,
1972-07-11,,,,
1972-07-12,,,,
1972-07-13,,,,
1972-07-14,,,,
1972-07-15,,,,
1972-07-16,,,,
1972-07-17,,,,
1972-07-18,,,,
1972-07-19,,,,
1972-07-20,,,,
1972-07-21,,,,
1972-07-22,,,,
1972-07-23,,,,
1972-07-24,,,,
1972-07-25,,,,
1972-07-26,,,,
1972-07-27,,,,
1972-07-28,,,,
1972-07-29,,,,
1972-07-30,,,,
1972-07-31,,,,
1972-08-01,,,,
1972-08-02,,,,
1972-08-03,,,,
1972-08-04,,,,
1972-08-05,,,,
1972-08-06,,,,
1972-08-07,,,,
1972-08-08,,,,
1972-08-09,,,,
1972-08-10,,,,
1972-08-11,,,,
1972-08-12,,,,
1972-08-13,,,,
1972-08-14,,,,
1972-08-15,,,,
1972-08-16,,,,
1972-08-17,,,,
1972-08-18,,,,
1972-08-19,,,,
1972-08-20,,,,
1972-08-21,,,,
1972-08-22,,,,
1972-08-23,,,,
1972-08-24,,,,
1972-08-25,,,,
1972-08-26,,,,
1972-08-27,,,,
1972-08-28,,,,
1972-08-29,,,,
1972-08-30,,,,
1972-08-31,,,,
1972-09-01,,,,
1972-09-02,,,,
1972-09-03,,,,
1972-09-04,,,,
1972-09-05,,,,
1972-09-06,,,,
1972-09-07,,,,
1972-09-08,,,,
1972-09-09,,,,
1972-09-10,,,,
1972-09-11,,,,
1972-09-12,,,,
1972-09-13,,,,
1972-09-14,,,,
1972-09-15,,,,
1972-09-16,,,,
1972-09-17,,,,
1972-09-18,,,,
1972-09-19,,,,
1972-09-20,,,,
1972-09-21,,,,
1972-09-22,,,,
1972-09-23,,,,
1972-09-24,,,,
1972-09-25,,,,
1972-09-26,,,,
1972-09-27,,,,
1972-09-28,,,,
1972-09-29,,,,
1972-09-30,,,,
1972-10-01,,,,
1972-10-02,,,,
1972-10-03,,,,
1972-10-04,,,,
1972-10-05,,,,
1972-10-06,,,,
1972-10-07,,,,
1972-10-08,,,,
1972-10-09,,,,
1972-10-10,,,,
1972-10-11,,,,
1972-10-12,,,,
1972-10-13,,,,
1972-10-14,,,,
1972-10-15,,,,
1972-10-16,,,,
1972-10-17,,,,
1972-10-18,,,,
1972-10-19,,,,
1972-10-20,,,,
1972-10-21,,,,
1972-10-22,,,,
1972-10-23,,,,
1972-10-24,,,,
1972-10-25,,,,
1972-10-26,,,,
1972-10-27,,,,
1972-10-28,,,,
1972-10-29,,,,
1972-10-30,,,,
1972-10-31,,,,
1972-11-01,,,,
1972-11-02,,,,
1972-11-03,,,,
1972-11-04,,,,
1972-11-05,,,,
1972-11-06,,,,
1972-11-07,,,,
1972-11-08,,,,
1972-11-09,,,,
1972-11-10,,,,
1972-11-11,,,,
1972-11-12,,,,
1972-11-13,,,,
1972-11-14,,,,
1972-11-15,,,,
1972-11-16,,,,
1972-11-17,,,,
1972-11-18,,,,
1972-11-19,,,,
1972-11-20,,,,
1972-11-21,,,,
1972-11-22,,,,
1972-11-23,,,,
1972-11-24,,,,
1972-11-25,,,,
1972-11-26,,,,
1972-11-27,,,,
1972-11-28,,,,
1972-11-29,,,,
1972-11-30,,,,
1972-12-01,,,,
1972-12-02,,,,
1972-12-03,,,,
1972-12-04,,,,
1972-12-05,,,,
1972-12-06,,,,
1972-12-07,,,,
1972-12-08,,,,
1972-12-09,,,,
1972-12-10,,,,
1972-12-11,,,,
1972-12-12,,,,
1972-12-13,,,,
1972-12-14,,,,
1972-12-15,,,,
1972-12-16,,,,
1972-12-17,,,,
1972-12-18,,,,
1972-12-19,,,,
1972-12-20,,,,
1972-12-21,,,,
1972-12-22,,,,
1972-12-23,,,,
1972-12-24,,,,
1972-12-25,,,,
1972-12-26,,,,
1972-12-27,,,,
1972-12-28,,,,
1972-12-29,,,,
1972-12-30,,,,
1972-12-31,,,,
1973-01-01,,,,
1973-01-02,,,,
1973-01-03,,,,
1973-01-04,,,,
1973-01-05,,,,
1973-01-06,,,,
1973-01-07,,,,
1973-01-08,,,,
1973-01-09,,,,
1973-01-10,,,,
1973-01-11,,,,
1973-01-12,,,,
1973-01-13,,,,
1973-01-14,,,,
1973-01-15,,,,
1973-01-16,,,,
1973-01-17,,,,
1973-01-18,,,,
1973-01-19,,,,
1973-01-20,,,,
1973-01-21,,,,
1973-01-22,,,,
1973-01-23,,,,
1973-01-24,,,,
1973-01-25,,,,
1973-01-26,,,,
1973-01-27,,,,
1973-01-28,,,,
1973-01-29,,,,
1973-01-30,,,,
1973-01-31,,,,
1973-02-01,,,,
1973-02-02,,,,
1973-02-03,,,,
1973-02-04,,,,
1973-02-05,,,,
1973-02-06,,,,
1973-02-07,,,,
1973-02-08,,,,
1973-02-09,,,,
1973-02-10,,,,
1973-02-11,,,,
1973-02-12,,,,
1973-02-13,,,,
1973-02-14,,,,
1973-02-15,,,,
1973-02-16,,,,
1973-02-17,,,,
1973-02-18,,,,
1973-02-19,,,,
1973-02-20,,,,
1973-02-21,,,,
1973-02-22,,,,
1973-02-23,,,,
1973-02-24,,,,
1973-02-25,,,,
1973-02-26,,,,
1973-02-27,,,,
1973-02-28,,,,
1973-03-01,,,,
1973-03-02,,,,
1973-03-03,,,,
1973-03-04,,,,
1973-03-05,,,,
1973-03-06,,,,
1973-03-07,,,,
1973-03-08,,,,
1973-03-09,,,,
1973-03-10,,,,
1973-03-11,,,,
1973-03-12,,,,
1973-03-13,,,,
1973-03-14,,,,
1973-03-15,,,,
1973-03-16,,,,
1973-03-17,,,,
1973-03-18,,,,
1973-03-19,,,,
1973-03-20,,,,
1973-03-21,,,,
1973-03-22,,,,
1973-03-23,,,,
1973-03-24,,,,
1973-03-25,,,,
1973-03-26,,,,
1973-03-27,,,,
1973-03-28,,,,
1973-03-29,,,,
1973-03-30,,,,
1973-03-31,,,,
1973-04-01,,,,
1973-04-02,,,,
1973-04-03,,,,
1973-04-04,,,,
1973-04-05,,,,
1973-04-06,,,,
1973-04-07,,,,
1973-04-08,,,,
1973-04-09,,,,
1973-04-10,,,,
1973-04-11,,,,
1973-04-12,,,,
1973-04-13,,,,
1973-04-14,,,,
1973-04-15,,,,
1973-04-16,,,,
1973-04-17,,,,
1973-04-18,,,,
1973-04-19,,,,
1973-04-20,,,,
1973-04-21,,,,
1973-04-22,,,,
1973-04-23,,,,
1973-04-24,,,,
1973-04-25,,,,
1973-04-26,,,,
1973-04-27,,,,
1973-04-28,,,,
1973-04-29,,,,
1973-04-30,,,,
1973-05-01,,,,
1973-05-02,,,,
1973-05-03,,,,
1973-05-04,,,,
1973-05-05,,,,
1973-05-06,,,,
1973-05-07,,,,
1973-05-08,,,,
1973-05-09,,,,
1973-05-10,,,,
1973-05-11,,,,
1973-05-12,,,,
1973-05-13,,,,
1973-05-14,,,,
1973-05-15,,,,
1973-05-16,,,,
1973-05-17,,,,
1973-05-18,,,,
1973-05-19,,,,
1973-05-20,,,,
1973-05-21,,,,
1973-05-22,,,,
1973-05-23,,,,
1973-05-24,,,,
1973-05-25,,,,
1973-05-26,,,,
1973-05-27,,,,
1973-05-28,,,,
1973-05-29,,,,
1973-05-30,,,,
1973-05-31,,,,
1973-06-01,,,,
1973-06-02,,,,
1973-06-03,,,,
1973-06-04,,,,
1973-06-05,,,,
1973-06-06,,,,
1973-06-07,,,,
1973-06-08,,,,
1973-06-09,,,,
1973-06-10,,,,
1973-06-11,,,,
1973-06-12,,,,
1973-06-13,,,,
1973-06-14,,,,
1973-06-15,,,,
1973-06-16,,,,
1973-06-17,,,,
1973-06-18,,,,
1973-06-19,,,,
1973-06-20,,,,
1973-06-21,,,,
1973-06-22,,,,
1973-06-23,,,,
1973-06-24,,,,
1973-06-25,,,,
1973-06-26,,,,
1973-06-27,,,,
1973-06-28,,,,
1973-06-29,,,,
1973-06-30,,,,
1973-07-01,,,,
1973-07-02,,,,
1973-07-03,,,,
1973-07-04,,,,
1973-07-05,,,,
1973-07-06,,,,
1973-07-07,,,,
1973-07-08,,,,
1973-07-09,,,,
1973-07-10,,,,
1973-07-11,,,,
1973-07-12,,,,
1973-07-13,,,,
1973-07-14,,,,
1973-07-15,,,,
1973-07-16,,,,
1973-07-17,,,,
1973-07-18,,,,
1973-07-19,,,,
1973-07-20,,,,
1973-07-21,,,,
1973-07-22,,,,
1973-07-23,,,,
1973-07-24,,,,
1973-07-25,,,,
1973-07-26,,,,
1973-07-27,,,,
1973-07-28,,,,
1973-07-29,,,,
1973-07-30,,,,
1973-07-31,,,,
1973-08-01,,,,
1973-08-02,,,,
1973-08-03,,,,
1973-08-04,,,,
1973-08-05,,,,
1973-08-06,,,,
1973-08-07,,,,
1973-08-08,,,,
1973-08-09,,,,
1973-08-10,,,,
1973-08-11,,,,
1973-08-12,,,,
1973-08-13,,,,
1973-08-14,,,,
1973-08-15,,,,
1973-08-16,,,,
1973-08-17,,,,
1973-08-18,,,,
1973-08-19,,,,
1973-08-20,,,,
1973-08-21,,,,
1973-08-22,,,,
1973-08-23,,,,
1973-08-24,,,,
1973-08-25,,,,
1973-08-26,,,,
1973-08-27,,,,
1973-08-28,,,,
1973-08-29,,,,
1973-08-30,,,,
1973-08-31,,,,
1973-09-01,,,,
1973-09-02,,,,
1973-09-03,,,,
1973-09-04,,,,
1973-09-05,,,,
1973-09-06,,,,
1973-09-07,,,,
1973-09-08,,,,
1973-09-09,,,,
1973-09-10,,,,
1973-09-11,,,,
1973-09-12,,,,
1973-09-13,,,,
1973-09-14,,,,
1973-09-15,,,,
1973-09-16,,,,
1973-09-17,,,,
1973-09-18,,,,
1973-09-19,,,,
1973-09-20,,,,
1973-09-21,,,,
1973-09-22,,,,
1973-09-23,,,,
1973-09-24,,,,
1973-09-25,,,,
1973-09-26,,,,
1973-09-27,,,,
1973-09-28,,,,
1973-09-29,,,,
1973-09-30,,,,
1973-10-01,,,,
1973-10-02,,,,
1973-10-03,,,,
1973-10-04,,,,
1973-10-05,,,,
1973-10-06,,,,
1973-10-07,,,,
1973-10-08,,,,
1973-10-09,,,,
1973-10-10,,,,
1973-10-11,,,,
1973-10-12,,,,
1973-10-13,,,,
1973-10-14,,,,
1973-10-15,,,,
1973-10-16,,,,
1973-10-17,,,,
1973-10-18,,,,
1973-10-19,,,,
1973-10-20,,,,
1973-10-21,,,,
1973-10-22,,,,
1973-10-23,,,,
1973-10-24,,,,
1973-10-25,,,,
1973-10-26,,,,
1973-10-27,,,,
1973-10-28,,,,
1973-10-29,,,,
1973-10-30,,,,
1973-10-31,,,,
1973-11-01,,,,
1973-11-02,,,,
1973-11-03,,,,
1973-11-04,,,,
1973-11-05,,,,
1973-11-06,,,,
1973-11-07,,,,
1973-11-08,,,,
1973-11-09,,,,
1973-11-10,,,,
1973-11-11,,,,
1973-11-12,,,,
1973-11-13,,,,
1973-11-14,,,,
1973-11-15,,,,
1973-11-16,,,,
1973-11-17,,,,
1973-11-18,,,,
1973-11-19,,,,
1973-11-20,,,,
1973-11-21,,,,
1973-11-22,,,,
1973-11-23,,,,
1973-11-24,,,,
1973-11-25,,,,
1973-11-26,,,,
1973-11-27,,,,
1973-11-28,,,,
1973-11-29,,,,
1973-11-30,,,,
1973-12-01,,,,
1973-12-02,,,,
1973-12-03,,,,
1973-12-04,,,,
1973-12-05,,,,
1973-12-06,,,,
1973-12-07,,,,
1973-12-08,,,,
1973-12-09,,,,
1973-12-10,,,,
1973-12-11,,,,
1973-12-12,,,,
1973-12-13,,,,
1973-12-14,,,,
1973-12-15,,,,
1973-12-16,,,,
1973-12-17,,,,
1973-12-18,,,,
1973-12-19,,,,
1973-12-20,,,,
1973-12-21,,,,
1973-12-22,,,,
1973-12-23,,,,
1973-12-24,,,,
1973-12-25,,,,
1973-12-26,,,,
1973-12-27,,,,
1973-12-28,,,,
1973-12-29,,,,
1973-12-30,,,,
1973-12-31,,,,
1974-01-01,,,,
1974-01-02,,,,
1974-01-03,,,,
1974-01-04,,,,
1974-01-05,,,,
1974-01-06,,,,
1974-01-07,,,,
1974-01-08,,,,
1974-01-09,,,,
1974-01-10,,,,
1974-01-11,,,,
1974-01-12,,,,
1974-01-13,,,,
1974-01-14,,,,
1974-01-15,,,,
1974-01-16,,,,
1974-01-17,,,,
1974-01-18,,,,
1974-01-19,,,,
1974-01-20,,,,
1974-01-21,,,,
1974-01-22,,,,
1974-01-23,,,,
1974-01-24,,,,
1974-01-25,,,,
1974-01-26,,,,
1974-01-27,,,,
1974-01-28,,,,
1974-01-29,,,,
1974-01-30,,,,
1974-01-31,,,,
1974-02-01,,,,
1974-02-02,,,,
1974-02-03,,,,
1974-02-04,,,,
1974-02-05,,,,
1974-02-06,,,,
1974-02-07,,,,
1974-02-08,,,,
1974-02-09,,,,
1974-02-10,,,,
1974-02-11,,,,
1974-02-12,,,,
1974-02-13,,,,
1974-02-14,,,,
1974-02-15,,,,
1974-02-16,,,,
1974-02-17,,,,
1974-02-18,,,,
1974-02-19,,,,
1974-02-20,,,,
1974-02-21,,,,
1974-02-22,,,,
1974-02-23,,,,
1974-02-24,,,,
1974-02-25,,,,
1974-02-26,,,,
1974-02-27,,,,
1974-02-28,,,,
1974-03-01,,,,
1974-03-02,,,,
1974-03-03,,,,
1974-03-04,,,,
1974-03-05,,,,
1974-03-06,,,,
1974-03-07,,,,
1974-03-08,,,,
1974-03-09,,,,
1974-03-10,,,,
1974-03-11,,,,
1974-03-12,,,,
1974-03-13,,,,
1974-03-14,,,,
1974-03-15,,,,
1974-03-16,,,,
1974-03-17,,,,
1974-03-18,,,,
1974-03-19,,,,
1974-03-20,,,,
1974-03-21,,,,
1974-03-22,,,,
1974-03-23,,,,
1974-03-24,,,,
1974-03-25,,,,
1974-03-26,,,,
1974-03-27,,,,
1974-03-28,,,,
1974-03-29,,,,
1974-03-30,,,,
1974-03-31,,,,
1974-04-01,,,,
1974-04-02,,,,
1974-04-03,,,,
1974-04-04,,,,
1974-04-05,,,,
1974-04-06,,,,
1974-04-07,,,,
1974-04-08,,,,
1974-04-09,,,,
1974-04-10,,,,
1974-04-11,,,,
1974-04-12,,,,
1974-04-13,,,,
1974-04-14,,,,
1974-04-15,,,,
1974-04-16,,,,
1974-04-17,,,,
1974-04-18,,,,
1974-04-19,,,,
1974-04-20,,,,
1974-04-21,,,,
1974-04-22,,,,
1974-04-23,,,,
1974-04-24,,,,
1974-04-25,,,,
1974-04-26,,,,
1974-04-27,,,,
1974-04-28,,,,
1974-04-29,,,,
1974-04-30,,,,
1974-05-01,,,,
1974-05-02,,,,
1974-05-03,,,,
1974-05-04,,,,
1974-05-05,,,,
1974-05-06,,,,
1974-05-07,,,,
1974-05-08,,,,
1974-05-09,,,,
1974-05-10,,,,
1974-05-11,,,,
1974-05-12,,,,
1974-05-13,,,,
1974-05-14,,,,
1974-05-15,,,,
1974-05-16,,,,
1974-05-17,,,,
1974-05-18,,,,
1974-05-19,,,,
1974-05-20,,,,
1974-05-21,,,,
1974-05-22,,,,
1974-05-23,,,,
1974-05-24,,,,
1974-05-25,,,,
1974-05-26,,,,
1974-05-27,,,,
1974-05-28,,,,
1974-05-29,,,,
1974-05-30,,,,
1974-05-31,,,,
1974-06-01,,,,
1974-06-02,,,,
1974-06-03,,,,
1974-06-04,,,,
1974-06-05,,,,
1974-06-06,,,,
1974-06-07,,,,
1974-06-08,,,,
1974-06-09,,,,
1974-06-10,,,,
1974-06-11,,,,
1974-06-12,,,,
1974-06-13,,,,
1974-06-14,,,,
1974-06-15,,,,
1974-06-16,,,,
1974-06-17,,,,
1974-06-18,,,,
1974-06-19,,,,
1974-06-20,,,,
1974-06-21,,,,
1974-06-22,,,,
1974-06-23,,,,
1974-06-24,,,,
1974-06-25,,,,
1974-06-26,,,,
1974-06-27,,,,
1974-06-28,,,,
1974-06-29,,,,
1974-06-30,,,,
1974-07-01,,,,
1974-07-02,,,,
1974-07-03,,,,
1974-07-04,,,,
1974-07-05,,,,
1974-07-06,,,,
1974-07-07,,,,
1974-07-08,,,,
1974-07-09,,,,
1974-07-10,,,,
1974-07-11,,,,
1974-07-12,,,,
1974-07-13,,,,
1974-07-14,,,,
1974-07-15,,,,
1974-07-16,,,,
1974-07-17,,,,
1974-07-18,,,,
1974-07-19,,,,
1974-07-20,,,,
1974-07-21,,,,
1974-07-22,,,,
1974-07-23,,,,
1974-07-24,,,,
1974-07-25,,,,
1974-07-26,,,,
1974-07-27,,,,
1974-07-28,,,,
1974-07-29,,,,
1974-07-30,,,,
1974-07-31,,,,
1974-08-01,,,,
1974-08-02,,,,
1974-08-03,,,,
1974-08-04,,,,
1974-08-05,,,,
1974-08-06,,,,
1974-08-07,,,,
1974-08-08,,,,
1974-08-09,,,,
1974-08-10,,,,
1974-08-11,,,,
1974-08-12,,,,
1974-08-13,,,,
1974-08-14,,,,
1974-08-15,,,,
1974-08-16,,,,
1974-08-17,,,,
1974-08-18,,,,
1974-08-19,,,,
1974-08-20,,,,
1974-08-21,,,,
1974-08-22,,,,
1974-08-23,,,,
1974-08-24,,,,
1974-08-25,,,,
1974-08-26,,,,
1974-08-27,,,,
1974-08-28,,,,
1974-08-29,,,,
1974-08-30,,,,
1974-08-31,,,,
1974-09-01,,,,
1974-09-02,,,,
1974-09-03,,,,
1974-09-04,,,,
1974-09-05,,,,
1974-09-06,,,,
1974-09-07,,,,
1974-09-08,,,,
1974-09-09,,,,
1974-09-10,,,,
1974-09-11,,,,
1974-09-12,,,,
1974-09-13,,,,
1974-09-14,,,,
1974-09-15,,,,
1974-09-16,,,,
1974-09-17,,,,
1974-09-18,,,,
1974-09-19,,,,
1974-09-20,,,,
1974-09-21,,,,
1974-09-22,,,,
1974-09-23,,,,
1974-09-24,,,,
1974-09-25,,,,
1974-09-26,,,,
1974-09-27,,,,
1974-09-28,,,,
1974-09-29,,,,
1974-09-30,,,,
1974-10-01,,,,
1974-10-02,,,,
1974-10-03,,,,
1974-10-04,,,,
1974-10-05,,,,
1974-10-06,,,,
1974-10-07,,,,
1974-10-08,,,,
1974-10-09,,,,
1974-10-10,,,,
1974-10-11,,,,
1974-10-12,,,,
1974-10-13,,,,
1974-10-14,,,,
1974-10-15,,,,
1974-10-16,,,,
1974-10-17,,,,
1974-10-18,,,,
1974-10-19,,,,
1974-10-20,,,,
1974-10-21,,,,
1974-10-22,,,,
1974-10-23,,,,
1974-10-24,,,,
1974-10-25,,,,
1974-10-26,,,,
1974-10-27,,,,
1974-10-28,,,,
1974-10-29,,,,
1974-10-30,,,,
1974-10-31,,,,
1974-11-01,,,,
1974-11-02,,,,
1974-11-03,,,,
1974-11-04,,,,
1974-11-05,,,,
1974-11-06,,,,
1974-11-07,,,,
1974-11-08,,,,
1974-11-09,,,,
1974-11-10,,,,
1974-11-11,,,,
1974-11-12,,,,
1974-11-13,,,,
1974-11-14,,,,
1974-11-15,,,,
1974-11-16,,,,
1974-11-17,,,,
1974-11-18,,,,
1974-11-19,,,,
1974-11-20,,,,
1974-11-21,,,,
1974-11-22,,,,
1974-11-23,,,,
1974-11-24,,,,
1974-11-25,,,,
1974-11-26,,,,
1974-11-27,,,,
1974-11-28,,,,
1974-11-29,,,,
1974-11-30,,,,
1974-12-01,,,,
1974-12-02,,,,
1974-12-03,,,,
1974-12-04,,,,
1974-12-05,,,,
1974-12-06,,,,
1974-12-07,,,,
1974-12-08,,,,
1974-12-09,,,,
1974-12-10,,,,
1974-12-11,,,,
1974-12-12,,,,
1974-12-13,,,,
1974-12-14,,,,
1974-12-15,,,,
1974-12-16,,,,
1974-12-17,,,,
1974-12-18,,,,
1974-12-19,,,,
1974-12-20,,,,
1974-12-21,,,,
1974-12-22,,,,
1974-12-23,,,,
1974-12-24,,,,
1974-12-25,,,,
1974-12-26,,,,
1974-12-27,,,,
1974-12-28,,,,
1974-12-29,,,,
1974-12-30,,,,
1974-12-31,,,,
1975-01-01,,,,
1975-01-02,,,,
1975-01-03,,,,
1975-01-04,,,,
1975-01-05,,,,
1975-01-06,,,,
1975-01-07,,,,
1975-01-08,,,,
1975-01-09,,,,
1975-01-10,,,,
1975-01-11,,,,
1975-01-12,,,,
1975-01-13,,,,
1975-01-14,,,,
1975-01-15,,,,
1975-01-16,,,,
1975-01-17,,,,
1975-01-18,,,,
1975-01-19,,,,
1975-01-20,,,,
1975-01-21,,,,
1975-01-22,,,,
1975-01-23,,,,
1975-01-24,,,,
1975-01-25,,,,
1975-01-26,,,,
1975-01-27,,,,
1975-01-28,,,,
1975-01-29,,,,
1975-01-30,,,,
1975-01-31,,,,
1975-02-01,,,,
1975-02-02,,,,
1975-02-03,,,,
1975-02-04,,,,
1975-02-05,,,,
1975-02-06,,,,
1975-02-07,,,,
1975-02-08,,,,
1975-02-09,,,,
1975-02-10,,,,
1975-02-11,,,,
1975-02-12,,,,
1975-02-13,,,,
1975-02-14,,,,
1975-02-15,,,,
1975-02-16,,,,
1975-02-17,,,,
1975-02-18,,,,
1975-02-19,,,,
1975-02-20,,,,
1975-02-21,,,,
1975-02-22,,,,
1975-02-23,,,,
1975-02-24,,,,
1975-02-25,,,,
1975-02-26,,,,
1975-02-27,,,,
1975-02-28,,,,
1975-03-01,,,,
1975-03-02,,,,
1975-03-03,,,,
1975-03-04,,,,
1975-03-05,,,,
1975-03-06,,,,
1975-03-07,,,,
1975-03-08,,,,
1975-03-09,,,,
1975-03-10,,,,
1975-03-11,,,,
1975-03-12,,,,
1975-03-13,,,,
1975-03-14,,,,
1975-03-15,,,,
1975-03-16,,,,
1975-03-17,,,,
1975-03-18,,,,
1975-03-19,,,,
1975-03-20,,,,
1975-03-21,,,,
1975-03-22,,,,
1975-03-23,,,,
1975-03-24,,,,
1975-03-25,,,,
1975-03-26,,,,
1975-03-27,,,,
1975-03-28,,,,
1975-03-29,,,,
1975-03-30,,,,
1975-03-31,,,,
1975-04-01,,,,
1975-04-02,,,,
1975-04-03,,,,
1975-04-04,,,,
1975-04-05,,,,
1975-04-06,,,,
1975-04-07,,,,
1975-04-08,,,,
1975-04-09,,,,
1975-04-10,,,,
1975-04-11,,,,
1975-04-12,,,,
1975-04-13,,,,
1975-04-14,,,,
1975-04-15,,,,
1975-04-16,,,,
1975-04-17,,,,
1975-04-18,,,,
1975-04-19,,,,
1975-04-20,,,,
1975-04-21,,,,
1975-04-22,,,,
1975-04-23,,,,
1975-04-24,,,,
1975-04-25,,,,
1975-04-26,,,,
1975-04-27,,,,
1975-04-28,,,,
1975-04-29,,,,
1975-04-30,,,,
1975-05-01,,,,
1975-05-02,,,,
1975-05-03,,,,
1975-05-04,,,,
1975-05-05,,,,
1975-05-06,,,,
1975-05-07,,,,
1975-05-08,,,,
1975-05-09,,,,
1975-05-10,,,,
1975-05-11,,,,
1975-05-12,,,,
1975-05-13,,,,
1975-05-14,,,,
1975-05-15,,,,
1975-05-16,,,,
1975-05-17,,,,
1975-05-18,,,,
1975-05-19,,,,
1975-05-20,,,,
1975-05-21,,,,
1975-05-22,,,,
1975-05-23,,,,
1975-05-24,,,,
1975-05-25,,,,
1975-05-26,,,,
1975-05-27,,,,
1975-05-28,,,,
1975-05-29,,,,
1975-05-30,,,,
1975-05-31,,,,
1975-06-01,,,,
1975-06-02,,,,
1975-06-03,,,,
1975-06-04,,,,
1975-06-05,,,,
1975-06-06,,,,
1975-06-07,,,,
1975-06-08,,,,
1975-06-09,,,,
1975-06-10,,,,
1975-06-11,,,,
1975-06-12,,,,
1975-06-13,,,,
1975-06-14,,,,
1975-06-15,,,,
1975-06-16,,,,
1975-06-17,,,,
1975-06-18,,,,
1975-06-19,,,,
1975-06-20,,,,
1975-06-21,,,,
1975-06-22,,,,
1975-06-23,,,,
1975-06-24,,,,
1975-06-25,,,,
1975-06-26,,,,
1975-06-27,,,,
1975-06-28,,,,
1975-06-29,,,,
1975-06-30,,,,
1975-07-01,,,,
1975-07-02,,,,
1975-07-03,,,,
1975-07-04,,,,
1975-07-05,,,,
1975-07-06,,,,
1975-07-07,,,,
1975-07-08,,,,
1975-07-09,,,,
1975-07-10,,,,
1975-07-11,,,,
1975-07-12,,,,
1975-07-13,,,,
1975-07-14,,,,
1975-07-15,,,,
1975-07-16,,,,
1975-07-17,,,,
1975-07-18,,,,
1975-07-19,,,,
1975-07-20,,,,
1975-07-21,,,,
1975-07-22,,,,
1975-07-23,,,,
1975-07-24,,,,
1975-07-25,,,,
1975-07-26,,,,
1975-07-27,,,,
1975-07-28,,,,
1975-07-29,,,,
1975-07-30,,,,
1975-07-31,,,,
1975-08-01,,,,
1975-08-02,,,,
1975-08-03,,,,
1975-08-04,,,,
1975-08-05,,,,
1975-08-06,,,,
1975-08-07,,,,
1975-08-08,,,,
1975-08-09,,,,
1975-08-10,,,,
1975-08-11,,,,
1975-08-12,,,,
1975-08-13,,,,
1975-08-14,,,,
1975-08-15,,,,
1975-08-16,,,,
1975-08-17,,,,
1975-08-18,,,,
1975-08-19,,,,
1975-08-20,,,,
1975-08-21,,,,
1975-08-22,,,,
1975-08-23,,,,
1975-08-24,,,,
1975-08-25,,,,
1975-08-26,,,,
1975-08-27,,,,
1975-08-28,,,,
1975-08-29,,,,
1975-08-30,,,,
1975-08-31,,,,
1975-09-01,,,,
1975-09-02,,,,
1975-09-03,,,,
1975-09-04,,,,
1975-09-05,,,,
1975-09-06,,,,
1975-09-07,,,,
1975-09-08,,,,
1975-09-09,,,,
1975-09-10,,,,
1975-09-11,,,,
1975-09-12,,,,
1975-09-13,,,,
1975-09-14,,,,
1975-09-15,,,,
1975-09-16,,,,
1975-09-17,,,,
1975-09-18,,,,
1975-09-19,,,,
1975-09-20,,,,
1975-09-21,,,,
1975-09-22,,,,
1975-09-23,,,,
1975-09-24,,,,
1975-09-25,,,,
1975-09-26,,,,
1975-09-27,,,,
1975-09-28,,,,
1975-09-29,,,,
1975-09-30,,,,
1975-10-01,,,,
1975-10-02,,,,
1975-10-03,,,,
1975-10-04,,,,
1975-10-05,,,,
1975-10-06,,,,
1975-10-07,,,,
1975-10-08,,,,
1975-10-09,,,,
1975-10-10,,,,
1975-10-11,,,,
1975-10-12,,,,
1975-10-13,,,,
1975-10-14,,,,
1975-10-15,,,,
1975-10-16,,,,
1975-10-17,,,,
1975-10-18,,,,
1975-10-19,,,,
1975-10-20,,,,
1975-10-21,,,,
1975-10-22,,,,
1975-10-23,,,,
1975-10-24,,,,
1975-10-25,,,,
1975-10-26,,,,
1975-10-27,,,,
1975-10-28,,,,
1975-10-29,,,,
1975-10-30,,,,
1975-10-31,,,,
1975-11-01,,,,
1975-11-02,,,,
1975-11-03,,,,
1975-11-04,,,,
1975-11-05,,,,
1975-11-06,,,,
1975-11-07,,,,
1975-11-08,,,,
1975-11-09,,,,
1975-11-10,,,,
1975-11-11,,,,
1975-11-12,,,,
1975-11-13,,,,
1975-11-14,,,,
1975-11-15,,,,
1975-11-16,,,,
1975-11-17,,,,
1975-11-18,,,,
1975-11-19,,,,
1975-11-20,,,,
1975-11-21,,,,
1975-11-22,,,,
1975-11-23,,,,
1975-11-24,,,,
1975-11-25,,,,
1975-11-26,,,,
1975-11-27,,,,
1975-11-28,,,,
1975-11-29,,,,
1975-11-30,,,,
1975-12-01,,,,
1975-12-02,,,,
1975-12-03,,,,
1975-12-04,,,,
1975-12-05,,,,
1975-12-06,,,,
1975-12-07,,,,
1975-12-08,,,,
1975-12-09,,,,
1975-12-10,,,,
1975-12-11,,,,
1975-12-12,,,,
1975-12-13,,,,
1975-12-14,,,,
1975-12-15,,,,
1975-12-16,,,,
1975-12-17,,,,
1975-12-18,,,,
1975-12-19,,,,
1975-12-20,,,,
1975-12-21,,,,
1975-12-22,,,,
1975-12-23,,,,
1975-12-24,,,,
1975-12-25,,,,
1975-12-26,,,,
1975-12-27,,,,
1975-12-28,,,,
1975-12-29,,,,
1975-12-30,,,,
1975-12-31,,,,
1976-01-01,,,,
1976-01-02,,,,
1976-01-03,,,,
1976-01-04,,,,
1976-01-05,,,,
1976-01-06,,,,
1976-01-07,,,,
1976-01-08,,,,
1976-01-09,,,,
1976-01-10,,,,
1976-01-11,,,,
1976-01-12,,,,
1976-01-13,,,,
1976-01-14,,,,
1976-01-15,,,,
1976-01-16,,,,
1976-01-17,,,,
1976-01-18,,,,
1976-01-19,,,,
1976-01-20,,,,
1976-01-21,,,,
1976-01-22,,,,
1976-01-23,,,,
1976-01-24,,,,
1976-01-25,,,,
1976-01-26,,,,
1976-01-27,,,,
1976-01-28,,,,
1976-01-29,,,,
1976-01-30,,,,
1976-01-31,,,,
1976-02-01,,,,
1976-02-02,,,,
1976-02-03,,,,
1976-02-04,,,,
1976-02-05,,,,
1976-02-06,,,,
1976-02-07,,,,
1976-02-08,,,,
1976-02-09,,,,
1976-02-10,,,,
1976-02-11,,,,
1976-02-12,,,,
1976-02-13,,,,
1976-02-14,,,,
1976-02-15,,,,
1976-02-16,,,,
1976-02-17,,,,
1976-02-18,,,,
1976-02-19,,,,
1976-02-20,,,,
1976-02-21,,,,
1976-02-22,,,,
1976-02-23,,,,
1976-02-24,,,,
1976-02-25,,,,
1976-02-26,,,,
1976-02-27,,,,
1976-02-28,,,,
1976-02-29,,,,
1976-03-01,,,,
1976-03-02,,,,
1976-03-03,,,,
1976-03-04,,,,
1976-03-05,,,,
1976-03-06,,,,
1976-03-07,,,,
1976-03-08,,,,
1976-03-09,,,,
1976-03-10,,,,
1976-03-11,,,,
1976-03-12,,,,
1976-03-13,,,,
1976-03-14,,,,
1976-03-15,,,,
1976-03-16,,,,
1976-03-17,,,,
1976-03-18,,,,
1976-03-19,,,,
1976-03-20,,,,
1976-03-21,,,,
1976-03-22,,,,
1976-03-23,,,,
1976-03-24,,,,
1976-03-25,,,,
1976-03-26,,,,
1976-03-27,,,,
1976-03-28,,,,
1976-03-29,,,,
1976-03-30,,,,
1976-03-31,,,,
1976-04-01,,,,
1976-04-02,,,,
1976-04-03,,,,
1976-04-04,,,,
1976-04-05,,,,
1976-04-06,,,,
1976-04-07,,,,
1976-04-08,,,,
1976-04-09,,,,
1976-04-10,,,,
1976-04-11,,,,
1976-04-12,,,,
1976-04-13,,,,
1976-04-14,,,,
1976-04-15,,,,
1976-04-16,,,,
1976-04-17,,,,
1976-04-18,,,,
1976-04-19,,,,
1976-04-20,,,,
1976-04-21,,,,
1976-04-22,,,,
1976-04-23,,,,
1976-04-24,,,,
1976-04-25,,,,
1976-04-26,,,,
1976-04-27,,,,
1976-04-28,,,,
1976-04-29,,,,
1976-04-30,,,,
1976-05-01,,,,
1976-05-02,,,,
1976-05-03,,,,
1976-05-04,,,,
1976-05-05,,,,
1976-05-06,,,,
1976-05-07,,,,
1976-05-08,,,,
1976-05-09,,,,
1976-05-10,,,,
1976-05-11,,,,
1976-05-12,,,,
1976-05-13,,,,
1976-05-14,,,,
1976-05-15,,,,
1976-05-16,,,,
1976-05-17,,,,
1976-05-18,,,,
1976-05-19,,,,
1976-05-20,,,,
1976-05-21,,,,
1976-05-22,,,,
1976-05-23,,,,
1976-05-24,,,,
1976-05-25,,,,
1976-05-26,,,,
1976-05-27,,,,
1976-05-28,,,,
1976-05-29,,,,
1976-05-30,,,,
1976-05-31,,,,
1976-06-01,,,,
1976-06-02,,,,
1976-06-03,,,,
1976-06-04,,,,
1976-06-05,,,,
1976-06-06,,,,
1976-06-07,,,,
1976-06-08,,,,
1976-06-09,,,,
1976-06-10,,,,
1976-06-11,,,,
1976-06-12,,,,
1976-06-13,,,,
1976-06-14,,,,
1976-06-15,,,,
1976-06-16,,,,
1976-06-17,,,,
1976-06-18,,,,
1976-06-19,,,,
1976-06-20,,,,
1976-06-21,,,,
1976-06-22,,,,
1976-06-23,,,,
1976-06-24,,,,
1976-06-25,,,,
1976-06-26,,,,
1976-06-27,,,,
1976-06-28,,,,
1976-06-29,,,,
1976-06-30,,,,
1976-07-01,,,,
1976-07-02,,,,
1976-07-03,,,,
1976-07-04,,,,
1976-07-05,,,,
1976-07-06,,,,
1976-07-07,,,,
1976-07-08,,,,
1976-07-09,,,,
1976-07-10,,,,
1976-07-11,,,,
1976-07-12,,,,
1976-07-13,,,,
1976-07-14,,,,
1976-07-15,,,,
1976-07-16,,,,
1976-07-17,,,,
1976-07-18,,,,
1976-07-19,,,,
1976-07-20,,,,
1976-07-21,,,,
1976-07-22,,,,
1976-07-23,,,,
1976-07-24,,,,
1976-07-25,,,,
1976-07-26,,,,
1976-07-27,,,,
1976-07-28,,,,
1976-07-29,,,,
1976-07-30,,,,
1976-07-31,,,,
1976-08-01,,,,
1976-08-02,,,,
1976-08-03,,,,
1976-08-04,,,,
1976-08-05,,,,
1976-08-06,,,,
1976-08-07,,,,
1976-08-08,,,,
1976-08-09,,,,
1976-08-10,,,,
1976-08-11,,,,
1976-08-12,,,,
1976-08-13,,,,
1976-08-14,,,,
1976-08-15,,,,
1976-08-16,,,,
1976-08-17,,,,
1976-08-18,,,,
1976-08-19,,,,
1976-08-20,,,,
1976-08-21,,,,
1976-08-22,,,,
1976-08-23,,,,
1976-08-24,,,,
1976-08-25,,,,
1976-08-26,,,,
1976-08-27,,,,
1976-08-28,,,,
1976-08-29,,,,
1976-08-30,,,,
1976-08-31,,,,
1976-09-01,,,,
1976-09-02,,,,
1976-09-03,,,,
1976-09-04,,,,
1976-09-05,,,,
1976-09-06,,,,
1976-09-07,,,,
1976-09-08,,,,
1976-09-09,,,,
1976-09-10,,,,
1976-09-11,,,,
1976-09-12,,,,
1976-09-13,,,,
1976-09-14,,,,
1976-09-15,,,,
1976-09-16,,,,
1976-09-17,,,,
1976-09-18,,,,
1976-09-19,,,,
1976-09-20,,,,
1976-09-21,,,,
1976-09-22,,,,
1976-09-23,,,,
1976-09-24,,,,
1976-09-25,,,,
1976-09-26,,,,
1976-09-27,,,,
1976-09-28,,,,
1976-09-29,,,,
1976-09-30,,,,
1976-10-01,,,,
1976-10-02,,,,
1976-10-03,,,,
1976-10-04,,,,
1976-10-05,,,,
1976-10-06,,,,
1976-10-07,,,,
1976-10-08,,,,
1976-10-09,,,,
1976-10-10,,,,
1976-10-11,,,,
1976-10-12,,,,
1976-10-13,,,,
1976-10-14,,,,
1976-10-15,,,,
1976-10-16,,,,
1976-10-17,,,,
1976-10-18,,,,
1976-10-19,,,,
1976-10-20,,,,
1976-10-21,,,,
1976-10-22,,,,
1976-10-23,,,,
1976-10-24,,,,
1976-10-25,,,,
1976-10-26,,,,
1976-10-27,,,,
1976-10-28,,,,
1976-10-29,,,,
1976-10-30,,,,
1976-10-31,,,,
1976-11-01,,,,
1976-11-02,,,,
1976-11-03,,,,
1976-11-04,,,,
1976-11-05,,,,
1976-11-06,,,,
1976-11-07,,,,
1976-11-08,,,,
1976-11-09,,,,
1976-11-10,,,,
1976-11-11,,,,
1976-11-12,,,,
1976-11-13,,,,
1976-11-14,,,,
1976-11-15,,,,
1976-11-16,,,,
1976-11-17,,,,
1976-11-18,,,,
1976-11-19,,,,
1976-11-20,,,,
1976-11-21,,,,
1976-11-22,,,,
1976-11-23,,,,
1976-11-24,,,,
1976-11-25,,,,
1976-11-26,,,,
1976-11-27,,,,
1976-11-28,,,,
1976-11-29,,,,
1976-11-30,,,,
1976-12-01,,,,
1976-12-02,,,,
1976-12-03,,,,
1976-12-04,,,,
1976-12-05,,,,
1976-12-06,,,,
1976-12-07,,,,
1976-12-08,,,,
1976-12-09,,,,
1976-12-10,,,,
1976-12-11,,,,
1976-12-12,,,,
1976-12-13,,,,
1976-12-14,,,,
1976-12-15,,,,
1976-12-16,,,,
1976-12-17,,,,
1976-12-18,,,,
1976-12-19,,,,
1976-12-20,,,,
1976-12-21,,,,
1976-12-22,,,,
1976-12-23,,,,
1976-12-24,,,,
1976-12-25,,,,
1976-12-26,,,,
1976-12-27,,,,
1976-12-28,,,,
1976-12-29,,,,
1976-12-30,,,,
1976-12-31,,,,
1977-01-01,,,,
1977-01-02,,,,
1977-01-03,,,,
1977-01-04,,,,
1977-01-05,,,,
1977-01-06,,,,
1977-01-07,,,,
1977-01-08,,,,
1977-01-09,,,,
1977-01-10,,,,
1977-01-11,,,,
1977-01-12,,,,
1977-01-13,,,,
1977-01-14,,,,
1977-01-15,,,,
1977-01-16,,,,
1977-01-17,,,,
1977-01-18,,,,
1977-01-19,,,,
1977-01-20,,,,
1977-01-21,,,,
1977-01-22,,,,
1977-01-23,,,,
1977-01-24,,,,
1977-01-25,,,,
1977-01-26,,,,
1977-01-27,,,,
1977-01-28,,,,
1977-01-29,,,,
1977-01-30,,,,
1977-01-31,,,,
1977-02-01,,,,
1977-02-02,,,,
1977-02-03,,,,
1977-02-04,,,,
1977-02-05,,,,
1977-02-06,,,,
1977-02-07,,,,
1977-02-08,,,,
1977-02-09,,,,
1977-02-10,,,,
1977-02-11,,,,
1977-02-12,,,,
1977-02-13,,,,
1977-02-14,,,,
1977-02-15,,,,
1977-02-16,,,,
1977-02-17,,,,
1977-02-18,,,,
1977-02-19,,,,
1977-02-20,,,,
1977-02-21,,,,
1977-02-22,,,,
1977-02-23,,,,
1977-02-24,,,,
1977-02-25,,,,
1977-02-26,,,,
1977-02-27,,,,
1977-02-28,,,,
1977-03-01,,,,
1977-03-02,,,,
1977-03-03,,,,
1977-03-04,,,,
1977-03-05,,,,
1977-03-06,,,,
1977-03-07,,,,
1977-03-08,,,,
1977-03-09,,,,
1977-03-10,,,,
1977-03-11,,,,
1977-03-12,,,,
1977-03-13,,,,
1977-03-14,,,,
1977-03-15,,,,
1977-03-16,,,,
1977-03-17,,,,
1977-03-18,,,,
1977-03-19,,,,
1977-03-20,,,,
1977-03-21,,,,
1977-03-22,,,,
1977-03-23,,,,
1977-03-24,,,,
1977-03-25,,,,
1977-03-26,,,,
1977-03-27,,,,
1977-03-28,,,,
1977-03-29,,,,
1977-03-30,,,,
1977-03-31,,,,
1977-04-01,,,,
1977-04-02,,,,
1977-04-03,,,,
1977-04-04,,,,
1977-04-05,,,,
1977-04-06,,,,
1977-04-07,,,,
1977-04-08,,,,
1977-04-09,,,,
1977-04-10,,,,
1977-04-11,,,,
1977-04-12,,,,
1977-04-13,,,,
1977-04-14,,,,
1977-04-15,,,,
1977-04-16,,,,
1977-04-17,,,,
1977-04-18,,,,
1977-04-19,,,,
1977-04-20,,,,
1977-04-21,,,,
1977-04-22,,,,
1977-04-23,,,,
1977-04-24,,,,
1977-04-25,,,,
1977-04-26,,,,
1977-04-27,,,,
1977-04-28,,,,
1977-04-29,,,,
1977-04-30,,,,
1977-05-01,,,,
1977-05-02,,,,
1977-05-03,,,,
1977-05-04,,,,
1977-05-05,,,,
1977-05-06,,,,
1977-05-07,,,,
1977-05-08,,,,
1977-05-09,,,,
1977-05-10,,,,
1977-05-11,,,,
1977-05-12,,,,
1977-05-13,,,,
1977-05-14,,,,
1977-05-15,,,,
1977-05-16,,,,
1977-05-17,,,,
1977-05-18,,,,
1977-05-19,,,,
1977-05-20,,,,
1977-05-21,,,,
1977-05-22,,,,
1977-05-23,,,,
1977-05-24,,,,
1977-05-25,,,,
1977-05-26,,,,
1977-05-27,,,,
1977-05-28,,,,
1977-05-29,,,,
1977-05-30,,,,
1977-05-31,,,,
1977-06-01,,,,
1977-06-02,,,,
1977-06-03,,,,
1977-06-04,,,,
1977-06-05,,,,
1977-06-06,,,,
1977-06-07,,,,
1977-06-08,,,,
1977-06-09,,,,
1977-06-10,,,,
1977-06-11,,,,
1977-06-12,,,,
1977-06-13,,,,
1977-06-14,,,,
1977-06-15,,,,
1977-06-16,,,,
1977-06-17,,,,
1977-06-18,,,,
1977-06-19,,,,
1977-06-20,,,,
1977-06-21,,,,
1977-06-22,,,,
1977-06-23,,,,
1977-06-24,,,,
1977-06-25,,,,
1977-06-26,,,,
1977-06-27,,,,
1977-06-28,,,,
1977-06-29,,,,
1977-06-30,,,,
1977-07-01,,,,
1977-07-02,,,,
1977-07-03,,,,
1977-07-04,,,,
1977-07-05,,,,
1977-07-06,,,,
1977-07-07,,,,
1977-07-08,,,,
1977-07-09,,,,
1977-07-10,,,,
1977-07-11,,,,
1977-07-12,,,,
1977-07-13,,,,
1977-07-14,,,,
1977-07-15,,,,
1977-07-16,,,,
1977-07-17,,,,
1977-07-18,,,,
1977-07-19,,,,
1977-07-20,,,,
1977-07-21,,,,
1977-07-22,,,,
1977-07-23,,,,
1977-07-24,,,,
1977-07-25,,,,
1977-07-26,,,,
1977-07-27,,,,
1977-07-28,,,,
1977-07-29,,,,
1977-07-30,,,,
1977-07-31,,,,
1977-08-01,,,,
1977-08-02,,,,
1977-08-03,,,,
1977-08-04,,,,
1977-08-05,,,,
1977-08-06,,,,
1977-08-07,,,,
1977-08-08,,,,
1977-08-09,,,,
1977-08-10,,,,
1977-08-11,,,,
1977-08-12,,,,
1977-08-13,,,,
1977-08-14,,,,
1977-08-15,,,,
1977-08-16,,,,
1977-08-17,,,,
1977-08-18,,,,
1977-08-19,,,,
1977-08-20,,,,
1977-08-21,,,,
1977-08-22,,,,
1977-08-23,,,,
1977-08-24,,,,
1977-08-25,,,,
1977-08-26,,,,
1977-08-27,,,,
1977-08-28,,,,
1977-08-29,,,,
1977-08-30,,,,
1977-08-31,,,,
1977-09-01,,,,
1977-09-02,,,,
1977-09-03,,,,
1977-09-04,,,,
1977-09-05,,,,
1977-09-06,,,,
1977-09-07,,,,
1977-09-08,,,,
1977-09-09,,,,
1977-09-10,,,,
1977-09-11,,,,
1977-09-12,,,,
1977-09-13,,,,
1977-09-14,,,,
1977-09-15,,,,
1977-09-16,,,,
1977-09-17,,,,
1977-09-18,,,,
1977-09-19,,,,
1977-09-20,,,,
1977-09-21,,,,
1977-09-22,,,,
1977-09-23,,,,
1977-09-24,,,,
1977-09-25,,,,
1977-09-26,,,,
1977-09-27,,,,
1977-09-28,,,,
1977-09-29,,,,
1977-09-30,,,,
1977-10-01,,,,
1977-10-02,,,,
1977-10-03,,,,
1977-10-04,,,,
1977-10-05,,,,
1977-10-06,,,,
1977-10-07,,,,
1977-10-08,,,,
1977-10-09,,,,
1977-10-10,,,,
1977-10-11,,,,
1977-10-12,,,,
1977-10-13,,,,
1977-10-14,,,,
1977-10-15,,,,
1977-10-16,,,,
1977-10-17,,,,
1977-10-18,,,,
1977-10-19,,,,
1977-10-20,,,,
1977-10-21,,,,
1977-10-22,,,,
1977-10-23,,,,
1977-10-24,,,,
1977-10-25,,,,
1977-10-26,,,,
1977-10-27,,,,
1977-10-28,,,,
1977-10-29,,,,
1977-10-30,,,,
1977-10-31,,,,
1977-11-01,,,,
1977-11-02,,,,
1977-11-03,,,,
1977-11-04,,,,
1977-11-05,,,,
1977-11-06,,,,
1977-11-07,,,,
1977-11-08,,,,
1977-11-09,,,,
1977-11-10,,,,
1977-11-11,,,,
1977-11-12,,,,
1977-11-13,,,,
1977-11-14,,,,
1977-11-15,,,,
1977-11-16,,,,
1977-11-17,,,,
1977-11-18,,,,
1977-11-19,,,,
1977-11-20,,,,
1977-11-21,,,,
1977-11-22,,,,
1977-11-23,,,,
1977-11-24,,,,
1977-11-25,,,,
1977-11-26,,,,
1977-11-27,,,,
1977-11-28,,,,
1977-11-29,,,,
1977-11-30,,,,
1977-12-01,,,,
1977-12-02,,,,
1977-12-03,,,,
1977-12-04,,,,
1977-12-05,,,,
1977-12-06,,,,
1977-12-07,,,,
1977-12-08,,,,
1977-12-09,,,,
1977-12-10,,,,
1977-12-11,,,,
1977-12-12,,,,
1977-12-13,,,,
1977-12-14,,,,
1977-12-15,,,,
1977-12-16,,,,
1977-12-17,,,,
1977-12-18,,,,
1977-12-19,,,,
1977-12-20,,,,
1977-12-21,,,,
1977-12-22,,,,
1977-12-23,,,,
1977-12-24,,,,
1977-12-25,,,,
1977-12-26,,,,
1977-12-27,,,,
1977-12-28,,,,
1977-12-29,,,,
1977-12-30,,,,
1977-12-31,,,,
1978-01-01,,,,
1978-01-02,,,,
1978-01-03,,,,
1978-01-04,,,,
1978-01-05,,,,
1978-01-06,,,,
1978-01-07,,,,
1978-01-08,,,,
1978-01-09,,,,
1978-01-10,,,,
1978-01-11,,,,
1978-01-12,,,,
1978-01-13,,,,
1978-01-14,,,,
1978-01-15,,,,
1978-01-16,,,,
1978-01-17,,,,
1978-01-18,,,,
1978-01-19,,,,
1978-01-20,,,,
1978-01-21,,,,
1978-01-22,,,,
1978-01-23,,,,
1978-01-24,,,,
1978-01-25,,,,
1978-01-26,,,,
1978-01-27,,,,
1978-01-28,,,,
1978-01-29,,,,
1978-01-30,,,,
1978-01-31,,,,
1978-02-01,,,,
1978-02-02,,,,
1978-02-03,,,,
1978-02-04,,,,
1978-02-05,,,,
1978-02-06,,,,
1978-02-07,,,,
1978-02-08,,,,
1978-02-09,,,,
1978-02-10,,,,
1978-02-11,,,,
1978-02-12,,,,
1978-02-13,,,,
1978-02-14,,,,
1978-02-15,,,,
1978-02-16,,,,
1978-02-17,,,,
1978-02-18,,,,
1978-02-19,,,,
1978-02-20,,,,
1978-02-21,,,,
1978-02-22,,,,
1978-02-23,,,,
1978-02-24,,,,
1978-02-25,,,,
1978-02-26,,,,
1978-02-27,,,,
1978-02-28,,,,
1978-03-01,,,,
1978-03-02,,,,
1978-03-03,,,,
1978-03-04,,,,
1978-03-05,,,,
1978-03-06,,,,
1978-03-07,,,,
1978-03-08,,,,
1978-03-09,,,,
1978-03-10,,,,
1978-03-11,,,,
1978-03-12,,,,
1978-03-13,,,,
1978-03-14,,,,
1978-03-15,,,,
1978-03-16,,,,
1978-03-17,,,,
1978-03-18,,,,
1978-03-19,,,,
1978-03-20,,,,
1978-03-21,,,,
1978-03-22,,,,
1978-03-23,,,,
1978-03-24,,,,
1978-03-25,,,,
1978-03-26,,,,
1978-03-27,,,,
1978-03-28,,,,
1978-03-29,,,,
1978-03-30,,,,
1978-03-31,,,,
1978-04-01,,,,
1978-04-02,,,,
1978-04-03,,,,
1978-04-04,,,,
1978-04-05,,,,
1978-04-06,,,,
1978-04-07,,,,
1978-04-08,,,,
1978-04-09,,,,
1978-04-10,,,,
1978-04-11,,,,
1978-04-12,,,,
1978-04-13,,,,
1978-04-14,,,,
1978-04-15,,,,
1978-04-16,,,,
1978-04-17,,,,
1978-04-18,,,,
1978-04-19,,,,
1978-04-20,,,,
1978-04-21,,,,
1978-04-22,,,,
1978-04-23,,,,
1978-04-24,,,,
1978-04-25,,,,
1978-04-26,,,,
1978-04-27,,,,
1978-04-28,,,,
1978-04-29,,,,
1978-04-30,,,,
1978-05-01,,,,
1978-05-02,,,,
1978-05-03,,,,
1978-05-04,,,,
1978-05-05,,,,
1978-05-06,,,,
1978-05-07,,,,
1978-05-08,,,,
1978-05-09,,,,
1978-05-10,,,,
1978-05-11,,,,
1978-05-12,,,,
1978-05-13,,,,
1978-05-14,,,,
1978-05-15,,,,
1978-05-16,,,,
1978-05-17,,,,
1978-05-18,,,,
1978-05-19,,,,
1978-05-20,,,,
1978-05-21,,,,
1978-05-22,,,,
1978-05-23,,,,
1978-05-24,,,,
1978-05-25,,,,
1978-05-26,,,,
1978-05-27,,,,
1978-05-28,,,,
1978-05-29,,,,
1978-05-30,,,,
1978-05-31,,,,
1978-06-01,,,,
1978-06-02,,,,
1978-06-03,,,,
1978-06-04,,,,
1978-06-05,,,,
1978-06-06,,,,
1978-06-07,,,,
1978-06-08,,,,
1978-06-09,,,,
1978-06-10,,,,
1978-06-11,,,,
1978-06-12,,,,
1978-06-13,,,,
1978-06-14,,,,
1978-06-15,,,,
1978-06-16,,,,
1978-06-17,,,,
1978-06-18,,,,
1978-06-19,,,,
1978-06-20,,,,
1978-06-21,,,,
1978-06-22,,,,
1978-06-23,,,,
1978-06-24,,,,
1978-06-25,,,,
1978-06-26,,,,
1978-06-27,,,,
1978-06-28,,,,
1978-06-29,,,,
1978-06-30,,,,
1978-07-01,,,,
1978-07-02,,,,
1978-07-03,,,,
1978-07-04,,,,
1978-07-05,,,,
1978-07-06,,,,
1978-07-07,,,,
1978-07-08,,,,
1978-07-09,,,,
1978-07-10,,,,
1978-07-11,,,,
1978-07-12,,,,
1978-07-13,,,,
1978-07-14,,,,
1978-07-15,,,,
1978-07-16,,,,
1978-07-17,,,,
1978-07-18,,,,
1978-07-19,,,,
1978-07-20,,,,
1978-07-21,,,,
1978-07-22,,,,
1978-07-23,,,,
1978-07-24,,,,
1978-07-25,,,,
1978-07-26,,,,
1978-07-27,,,,
1978-07-28,,,,
1978-07-29,,,,
1978-07-30,,,,
1978-07-31,,,,
1978-08-01,,,,
1978-08-02,,,,
1978-08-03,,,,
1978-08-04,,,,
1978-08-05,,,,
1978-08-06,,,,
1978-08-07,,,,
1978-08-08,,,,
1978-08-09,,,,
1978-08-10,,,,
1978-08-11,,,,
1978-08-12,,,,
1978-08-13,,,,
1978-08-14,,,,
1978-08-15,,,,
1978-08-16,,,,
1978-08-17,,,,
1978-08-18,,,,
1978-08-19,,,,
1978-08-20,,,,
1978-08-21,,,,
1978-08-22,,,,
1978-08-23,,,,
1978-08-24,,,,
1978-08-25,,,,
1978-08-26,,,,
1978-08-27,,,,
1978-08-28,,,,
1978-08-29,,,,
1978-08-30,,,,
1978-08-31,,,,
1978-09-01,,,,
1978-09-02,,,,
1978-09-03,,,,
1978-09-04,,,,
1978-09-05,,,,
1978-09-06,,,,
1978-09-07,,,,
1978-09-08,,,,
1978-09-09,,,,
1978-09-10,,,,
1978-09-11,,,,
1978-09-12,,,,
1978-09-13,,,,
1978-09-14,,,,
1978-09-15,,,,
1978-09-16,,,,
1978-09-17,,,,
1978-09-18,,,,
1978-09-19,,,,
1978-09-20,,,,
1978-09-21,,,,
1978-09-22,,,,
1978-09-23,,,,
1978-09-24,,,,
1978-09-25,,,,
1978-09-26,,,,
1978-09-27,,,,
1978-09-28,,,,
1978-09-29,,,,
1978-09-30,,,,
1978-10-01,,,,
1978-10-02,,,,
1978-10-03,,,,
1978-10-04,,,,
1978-10-05,,,,
1978-10-06,,,,
1978-10-07,,,,
1978-10-08,,,,
1978-10-09,,,,
1978-10-10,,,,
1978-10-11,,,,
1978-10-12,,,,
1978-10-13,,,,
1978-10-14,,,,
1978-10-15,,,,
1978-10-16,,,,
1978-10-17,,,,
1978-10-18,,,,
1978-10-19,,,,
1978-10-20,,,,
1978-10-21,,,,
1978-10-22,,,,
1978-10-23,,,,
1978-10-24,,,,
1978-10-25,,,,
1978-10-26,,,,
1978-10-27,,,,
1978-10-28,,,,
1978-10-29,,,,
1978-10-30,,,,
1978-10-31,,,,
1978-11-01,,,,
1978-11-02,,,,
1978-11-03,,,,
1978-11-04,,,,
1978-11-05,,,,
1978-11-06,,,,
1978-11-07,,,,
1978-11-08,,,,
1978-11-09,,,,
1978-11-10,,,,
1978-11-11,,,,
1978-11-12,,,,
1978-11-13,,,,
1978-11-14,,,,
1978-11-15,,,,
1978-11-16,,,,
1978-11-17,,,,
1978-11-18,,,,
1978-11-19,,,,
1978-11-20,,,,
1978-11-21,,,,
1978-11-22,,,,
1978-11-23,,,,
1978-11-24,,,,
1978-11-25,,,,
1978-11-26,,,,
1978-11-27,,,,
1978-11-28,,,,
1978-11-29,,,,
1978-11-30,,,,
1978-12-01,,,,
1978-12-02,,,,
1978-12-03,,,,
1978-12-04,,,,
1978-12-05,,,,
1978-12-06,,,,
1978-12-07,,,,
1978-12-08,,,,
1978-12-09,,,,
1978-12-10,,,,
1978-12-11,,,,
1978-12-12,,,,
1978-12-13,,,,
1978-12-14,,,,
1978-12-15,,,,
1978-12-16,,,,
1978-12-17,,,,
1978-12-18,,,,
1978-12-19,,,,
1978-12-20,,,,
1978-12-21,,,,
1978-12-22,,,,
1978-12-23,,,,
1978-12-24,,,,
1978-12-25,,,,
1978-12-26,,,,
1978-12-27,,,,
1978-12-28,,,,
1978-12-29,,,,
1978-12-30,,,,
1978-12-31,,,,
1979-01-01,,,,
1979-01-02,,,,
1979-01-03,,,,
1979-01-04,,,,
1979-01-05,,,,
1979-01-06,,,,
1979-01-07,,,,
1979-01-08,,,,
1979-01-09,,,,
1979-01-10,,,,
1979-01-11,,,,
1979-01-12,,,,
1979-01-13,,,,
1979-01-14,,,,
1979-01-15,,,,
1979-01-16,,,,
1979-01-17,,,,
1979-01-18,,,,
1979-01-19,,,,
1979-01-20,,,,
1979-01-21,,,,
1979-01-22,,,,
1979-01-23,,,,
1979-01-24,,,,
1979-01-25,,,,
1979-01-26,,,,
1979-01-27,,,,
1979-01-28,,,,
1979-01-29,,,,
1979-01-30,,,,
1979-01-31,,,,
1979-02-01,,,,
1979-02-02,,,,
1979-02-03,,,,
1979-02-04,,,,
1979-02-05,,,,
1979-02-06,,,,
1979-02-07,,,,
1979-02-08,,,,
1979-02-09,,,,
1979-02-10,,,,
1979-02-11,,,,
1979-02-12,,,,
1979-02-13,,,,
1979-02-14,,,,
1979-02-15,,,,
1979-02-16,,,,
1979-02-17,,,,
1979-02-18,,,,
1979-02-19,,,,
1979-02-20,,,,
1979-02-21,,,,
1979-02-22,,,,
1979-02-23,,,,
1979-02-24,,,,
1979-02-25,,,,
1979-02-26,,,,
1979-02-27,,,,
1979-02-28,,,,
1979-03-01,,,,
1979-03-02,,,,
1979-03-03,,,,
1979-03-04,,,,
1979-03-05,,,,
1979-03-06,,,,
1979-03-07,,,,
1979-03-08,,,,
1979-03-09,,,,
1979-03-10,,,,
1979-03-11,,,,
1979-03-12,,,,
1979-03-13,,,,
1979-03-14,,,,
1979-03-15,,,,
1979-03-16,,,,
1979-03-17,,,,
1979-03-18,,,,
1979-03-19,,,,
1979-03-20,,,,
1979-03-21,,,,
1979-03-22,,,,
1979-03-23,,,,
1979-03-24,,,,
1979-03-25,,,,
1979-03-26,,,,
1979-03-27,,,,
1979-03-28,,,,
1979-03-29,,,,
1979-03-30,,,,
1979-03-31,,,,
1979-04-01,,,,
1979-04-02,,,,
1979-04-03,,,,
1979-04-04,,,,
1979-04-05,,,,
1979-04-06,,,,
1979-04-07,,,,
1979-04-08,,,,
1979-04-09,,,,
1979-04-10,,,,
1979-04-11,,,,
1979-04-12,,,,
1979-04-13,,,,
1979-04-14,,,,
1979-04-15,,,,
1979-04-16,,,,
1979-04-17,,,,
1979-04-18,,,,
1979-04-19,,,,
1979-04-20,,,,
1979-04-21,,,,
1979-04-22,,,,
1979-04-23,,,,
1979-04-24,,,,
1979-04-25,,,,
1979-04-26,,,,
1979-04-27,,,,
1979-04-28,,,,
1979-04-29,,,,
1979-04-30,,,,
1979-05-01,,,,
1979-05-02,,,,
1979-05-03,,,,
1979-05-04,,,,
1979-05-05,,,,
1979-05-06,,,,
1979-05-07,,,,
1979-05-08,,,,
1979-05-09,,,,
1979-05-10,,,,
1979-05-11,,,,
1979-05-12,,,,
1979-05-13,,,,
1979-05-14,,,,
1979-05-15,,,,
1979-05-16,,,,
1979-05-17,,,,
1979-05-18,,,,
1979-05-19,,,,
1979-05-20,,,,
1979-05-21,,,,
1979-05-22,,,,
1979-05-23,,,,
1979-05-24,,,,
1979-05-25,,,,
1979-05-26,,,,
1979-05-27,,,,
1979-05-28,,,,
1979-05-29,,,,
1979-05-30,,,,
1979-05-31,,,,
1979-06-01,,,,
1979-06-02,,,,
1979-06-03,,,,
1979-06-04,,,,
1979-06-05,,,,
1979-06-06,,,,
1979-06-07,,,,
1979-06-08,,,,
1979-06-09,,,,
1979-06-10,,,,
1979-06-11,,,,
1979-06-12,,,,
1979-06-13,,,,
1979-06-14,,,,
1979-06-15,,,,
1979-06-16,,,,
1979-06-17,,,,
1979-06-18,,,,
1979-06-19,,,,
1979-06-20,,,,
1979-06-21,,,,
1979-06-22,,,,
1979-06-23,,,,
1979-06-24,,,,
1979-06-25,,,,
1979-06-26,,,,
1979-06-27,,,,
1979-06-28,,,,
1979-06-29,,,,
1979-06-30,,,,
1979-07-01,,,,
1979-07-02,,,,
1979-07-03,,,,
1979-07-04,,,,
1979-07-05,,,,
1979-07-06,,,,
1979-07-07,,,,
1979-07-08,,,,
1979-07-09,,,,
1979-07-10,,,,
1979-07-11,,,,
1979-07-12,,,,
1979-07-13,,,,
1979-07-14,,,,
1979-07-15,,,,
1979-07-16,,,,
1979-07-17,,,,
1979-07-18,,,,
1979-07-19,,,,
1979-07-20,,,,
1979-07-21,,,,
1979-07-22,,,,
1979-07-23,,,,
1979-07-24,,,,
1979-07-25,,,,
1979-07-26,,,,
1979-07-27,,,,
1979-07-28,,,,
1979-07-29,,,,
1979-07-30,,,,
1979-07-31,,,,
1979-08-01,,,,
1979-08-02,,,,
1979-08-03,,,,
1979-08-04,,,,
1979-08-05,,,,
1979-08-06,,,,
1979-08-07,,,,
1979-08-08,,,,
1979-08-09,,,,
1979-08-10,,,,
1979-08-11,,,,
1979-08-12,,,,
1979-08-13,,,,
1979-08-14,,,,
1979-08-15,,,,
1979-08-16,,,,
1979-08-17,,,,
1979-08-18,,,,
1979-08-19,,,,
1979-08-20,,,,
1979-08-21,,,,
1979-08-22,,,,
1979-08-23,,,,
1979-08-24,,,,
1979-08-25,,,,
1979-08-26,,,,
1979-08-27,,,,
1979-08-28,,,,
1979-08-29,,,,
1979-08-30,,,,
1979-08-31,,,,
1979-09-01,,,,
1979-09-02,,,,
1979-09-03,,,,
1979-09-04,,,,
1979-09-05,,,,
1979-09-06,,,,
1979-09-07,,,,
1979-09-08,,,,
1979-09-09,,,,
1979-09-10,,,,
1979-09-11,,,,
1979-09-12,,,,
1979-09-13,,,,
1979-09-14,,,,
1979-09-15,,,,
1979-09-16,,,,
1979-09-17,,,,
1979-09-18,,,,
1979-09-19,,,,
1979-09-20,,,,
1979-09-21,,,,
1979-09-22,,,,
1979-09-23,,,,
1979-09-24,,,,
1979-09-25,,,,
1979-09-26,,,,
1979-09-27,,,,
1979-09-28,,,,
1979-09-29,,,,
1979-09-30,,,,
1979-10-01,,,,
1979-10-02,,,,
1979-10-03,,,,
1979-10-04,,,,
1979-10-05,,,,
1979-10-06,,,,
1979-10-07,,,,
1979-10-08,,,,
1979-10-09,,,,
1979-10-10,,,,
1979-10-11,,,,
1979-10-12,,,,
1979-10-13,,,,
1979-10-14,,,,
1979-10-15,,,,
1979-10-16,,,,
1979-10-17,,,,
1979-10-18,,,,
1979-10-19,,,,
1979-10-20,,,,
1979-10-21,,,,
1979-10-22,,,,
1979-10-23,,,,
1979-10-24,,,,
1979-10-25,,,,
1979-10-26,,,,
1979-10-27,,,,
1979-10-28,,,,
1979-10-29,,,,
1979-10-30,,,,
1979-10-31,,,,
1979-11-01,,,,
1979-11-02,,,,
1979-11-03,,,,
1979-11-04,,,,
1979-11-05,,,,
1979-11-06,,,,
1979-11-07,,,,
1979-11-08,,,,
1979-11-09,,,,
1979-11-10,,,,
1979-11-11,,,,
1979-11-12,,,,
1979-11-13,,,,
1979-11-14,,,,
1979-11-15,,,,
1979-11-16,,,,
1979-11-17,,,,
1979-11-18,,,,
1979-11-19,,,,
1979-11-20,,,,
1979-11-21,,,,
1979-11-22,,,,
1979-11-23,,,,
1979-11-24,,,,
1979-11-25,,,,
1979-11-26,,,,
1979-11-27,,,,
1979-11-28,,,,
1979-11-29,,,,
1979-11-30,,,,
1979-12-01,,,,
1979-12-02,,,,
1979-12-03,,,,
1979-12-04,,,,
1979-12-05,,,,
1979-12-06,,,,
1979-12-07,,,,
1979-12-08,,,,
1979-12-09,,,,
1979-12-10,,,,
1979-12-11,,,,
1979-12-12,,,,
1979-12-13,,,,
1979-12-14,,,,
1979-12-15,,,,
1979-12-16,,,,
1979-12-17,,,,
1979-12-18,,,,
1979-12-19,,,,
1979-12-20,,,,
1979-12-21,,,,
1979-12-22,,,,
1979-12-23,,,,
1979-12-24,,,,
1979-12-25,,,,
1979-12-26,,,,
1979-12-27,,,,
1979-12-28,,,,
1979-12-29,,,,
1979-12-30,,,,
1979-12-31,,,,
1980-01-01,,,,
1980-01-02,,,,
1980-01-03,,,,
1980-01-04,,,,
1980-01-05,,,,
1980-01-06,,,,
1980-01-07,,,,
1980-01-08,,,,
1980-01-09,,,,
1980-01-10,,,,
1980-01-11,,,,
1980-01-12,,,,
1980-01-13,,,,
1980-01-14,,,,
1980-01-15,,,,
1980-01-16,,,,
1980-01-17,,,,
1980-01-18,,,,
1980-01-19,,,,
1980-01-20,,,,
1980-01-21,,,,
1980-01-22,,,,
1980-01-23,,,,
1980-01-24,,,,
1980-01-25,,,,
1980-01-26,,,,
1980-01-27,,,,
1980-01-28,,,,
1980-01-29,,,,
1980-01-30,,,,
1980-01-31,,,,
1980-02-01,,,,
1980-02-02,,,,
1980-02-03,,,,
1980-02-04,,,,
1980-02-05,,,,
1980-02-06,,,,
1980-02-07,,,,
1980-02-08,,,,
1980-02-09,,,,
1980-02-10,,,,
1980-02-11,,,,
1980-02-12,,,,
1980-02-13,,,,
1980-02-14,,,,
1980-02-15,,,,
1980-02-16,,,,
1980-02-17,,,,
1980-02-18,,,,
1980-02-19,,,,
1980-02-20,,,,
1980-02-21,,,,
1980-02-22,,,,
1980-02-23,,,,
1980-02-24,,,,
1980-02-25,,,,
1980-02-26,,,,
1980-02-27,,,,
1980-02-28,,,,
1980-02-29,,,,
1980-03-01,,,,
1980-03-02,,,,
1980-03-03,,,,
1980-03-04,,,,
1980-03-05,,,,
1980-03-06,,,,
1980-03-07,,,,
1980-03-08,,,,
1980-03-09,,,,
1980-03-10,,,,
1980-03-11,,,,
1980-03-12,,,,
1980-03-13,,,,
1980-03-14,,,,
1980-03-15,,,,
1980-03-16,,,,
1980-03-17,,,,
1980-03-18,,,,
1980-03-19,,,,
1980-03-20,,,,
1980-03-21,,,,
1980-03-22,,,,
1980-03-23,,,,
1980-03-24,,,,
1980-03-25,,,,
1980-03-26,,,,
1980-03-27,,,,
1980-03-28,,,,
1980-03-29,,,,
1980-03-30,,,,
1980-03-31,,,,
1980-04-01,,,,
1980-04-02,,,,
1980-04-03,,,,
1980-04-04,,,,
1980-04-05,,,,
1980-04-06,,,,
1980-04-07,,,,
1980-04-08,,,,
1980-04-09,,,,
1980-04-10,,,,
1980-04-11,,,,
1980-04-12,,,,
1980-04-13,,,,
1980-04-14,,,,
1980-04-15,,,,
1980-04-16,,,,
1980-04-17,,,,
1980-04-18,,,,
1980-04-19,,,,
1980-04-20,,,,
1980-04-21,,,,
1980-04-22,,,,
1980-04-23,,,,
1980-04-24,,,,
1980-04-25,,,,
1980-04-26,,,,
1980-04-27,,,,
1980-04-28,,,,
1980-04-29,,,,
1980-04-30,,,,
1980-05-01,,,,
1980-05-02,,,,
1980-05-03,,,,
1980-05-04,,,,
1980-05-05,,,,
1980-05-06,,,,
1980-05-07,,,,
1980-05-08,,,,
1980-05-09,,,,
1980-05-10,,,,
1980-05-11,,,,
1980-05-12,,,,
1980-05-13,,,,
1980-05-14,,,,
1980-05-15,,,,
1980-05-16,,,,
1980-05-17,,,,
1980-05-18,,,,
1980-05-19,,,,
1980-05-20,,,,
1980-05-21,,,,
1980-05-22,,,,
1980-05-23,,,,
1980-05-24,,,,
1980-05-25,,,,
1980-05-26,,,,
1980-05-27,,,,
1980-05-28,,,,
1980-05-29,,,,
1980-05-30,,,,
1980-05-31,,,,
1980-06-01,,,,
1980-06-02,,,,
1980-06-03,,,,
1980-06-04,,,,
1980-06-05,,,,
1980-06-06,,,,
1980-06-07,,,,
1980-06-08,,,,
1980-06-09,,,,
1980-06-10,,,,
1980-06-11,,,,
1980-06-12,,,,
1980-06-13,,,,
1980-06-14,,,,
1980-06-15,,,,
1980-06-16,,,,
1980-06-17,,,,
1980-06-18,,,,
1980-06-19,,,,
1980-06-20,,,,
1980-06-21,,,,
1980-06-22,,,,
1980-06-23,,,,
1980-06-24,,,,
1980-06-25,,,,
1980-06-26,,,,
1980-06-27,,,,
1980-06-28,,,,
1980-06-29,,,,
1980-06-30,,,,
1980-07-01,,,,
1980-07-02,,,,
1980-07-03,,,,
1980-07-04,,,,
1980-07-05,,,,
1980-07-06,,,,
1980-07-07,,,,
1980-07-08,,,,
1980-07-09,,,,
1980-07-10,,,,
1980-07-11,,,,
1980-07-12,,,,
1980-07-13,,,,
1980-07-14,,,,
1980-07-15,,,,
1980-07-16,,,,
1980-07-17,,,,
1980-07-18,,,,
1980-07-19,,,,
1980-07-20,,,,
1980-07-21,,,,
1980-07-22,,,,
1980-07-23,,,,
1980-07-24,,,,
1980-07-25,,,,
1980-07-26,,,,
1980-07-27,,,,
1980-07-28,,,,
1980-07-29,,,,
1980-07-30,,,,
1980-07-31,,,,
1980-08-01,,,,
1980-08-02,,,,
1980-08-03,,,,
1980-08-04,,,,
1980-08-05,,,,
1980-08-06,,,,
1980-08-07,,,,
1980-08-08,,,,
1980-08-09,,,,
1980-08-10,,,,
1980-08-11,,,,
1980-08-12,,,,
1980-08-13,,,,
1980-08-14,,,,
1980-08-15,,,,
1980-08-16,,,,
1980-08-17,,,,
1980-08-18,,,,
1980-08-19,,,,
1980-08-20,,,,
1980-08-21,,,,
1980-08-22,,,,
1980-08-23,,,,
1980-08-24,,,,
1980-08-25,,,,
1980-08-26,,,,
1980-08-27,,,,
1980-08-28,,,,
1980-08-29,,,,
1980-08-30,,,,
1980-08-31,,,,
1980-09-01,,,,
1980-09-02,,,,
1980-09-03,,,,
1980-09-04,,,,
1980-09-05,,,,
1980-09-06,,,,
1980-09-07,,,,
1980-09-08,,,,
1980-09-09,,,,
1980-09-10,,,,
1980-09-11,,,,
1980-09-12,,,,
1980-09-13,,,,
1980-09-14,,,,
1980-09-15,,,,
1980-09-16,,,,
1980-09-17,,,,
1980-09-18,,,,
1980-09-19,,,,
1980-09-20,,,,
1980-09-21,,,,
1980-09-22,,,,
1980-09-23,,,,
1980-09-24,,,,
1980-09-25,,,,
1980-09-26,,,,
1980-09-27,,,,
1980-09-28,,,,
1980-09-29,,,,
1980-09-30,,,,
1980-10-01,,,,
1980-10-02,,,,
1980-10-03,,,,
1980-10-04,,,,
1980-10-05,,,,
1980-10-06,,,,
1980-10-07,,,,
1980-10-08,,,,
1980-10-09,,,,
1980-10-10,,,,
1980-10-11,,,,
1980-10-12,,,,
1980-10-13,,,,
1980-10-14,,,,
1980-10-15,,,,
1980-10-16,,,,
1980-10-17,,,,
1980-10-18,,,,
1980-10-19,,,,
1980-10-20,,,,
1980-10-21,,,,
1980-10-22,,,,
1980-10-23,,,,
1980-10-24,,,,
1980-10-25,,,,
1980-10-26,,,,
1980-10-27,,,,
1980-10-28,,,,
1980-10-29,,,,
1980-10-30,,,,
1980-10-31,,,,
1980-11-01,,,,
1980-11-02,,,,
1980-11-03,,,,
1980-11-04,,,,
1980-11-05,,,,
1980-11-06,,,,
1980-11-07,,,,
1980-11-08,,,,
1980-11-09,,,,
1980-11-10,,,,
1980-11-11,,,,
1980-11-12,,,,
1980-11-13,,,,
1980-11-14,,,,
1980-11-15,,,,
1980-11-16,,,,
1980-11-17,,,,
1980-11-18,,,,
1980-11-19,,,,
1980-11-20,,,,
1980-11-21,,,,
1980-11-22,,,,
1980-11-23,,,,
1980-11-24,,,,
1980-11-25,,,,
1980-11-26,,,,
1980-11-27,,,,
1980-11-28,,,,
1980-11-29,,,,
1980-11-30,,,,
1980-12-01,,,,
1980-12-02,,,,
1980-12-03,,,,
1980-12-04,,,,
1980-12-05,,,,
1980-12-06,,,,
1980-12-07,,,,
1980-12-08,,,,
1980-12-09,,,,
1980-12-10,,,,
1980-12-11,,,,
1980-12-12,,,,
1980-12-13,,,,
1980-12-14,,,,
1980-12-15,,,,
1980-12-16,,,,
1980-12-17,,,,
1980-12-18,,,,
1980-12-19,,,,
1980-12-20,,,,
1980-12-21,,,,
1980-12-22,,,,
1980-12-23,,,,
1980-12-24,,,,
1980-12-25,,,,
1980-12-26,,,,
1980-12-27,,,,
1980-12-28,,,,
1980-12-29,,,,
1980-12-30,,,,
1980-12-31,,,,
1981-01-01,,,,
1981-01-02,,,,
1981-01-03,,,,
1981-01-04,,,,
1981-01-05,,,,
1981-01-06,,,,
1981-01-07,,,,
1981-01-08,,,,
1981-01-09,,,,
1981-01-10,,,,
1981-01-11,,,,
1981-01-12,,,,
1981-01-13,,,,
1981-01-14,,,,
1981-01-15,,,,
1981-01-16,,,,
1981-01-17,,,,
1981-01-18,,,,
1981-01-19,,,,
1981-01-20,,,,
1981-01-21,,,,
1981-01-22,,,,
1981-01-23,,,,
1981-01-24,,,,
1981-01-25,,,,
1981-01-26,,,,
1981-01-27,,,,
1981-01-28,,,,
1981-01-29,,,,
1981-01-30,,,,
1981-01-31,,,,
1981-02-01,,,,
1981-02-02,,,,
1981-02-03,,,,
1981-02-04,,,,
1981-02-05,,,,
1981-02-06,,,,
1981-02-07,,,,
1981-02-08,,,,
1981-02-09,,,,
1981-02-10,,,,
1981-02-11,,,,
1981-02-12,,,,
1981-02-13,,,,
1981-02-14,,,,
1981-02-15,,,,
1981-02-16,,,,
1981-02-17,,,,
1981-02-18,,,,
1981-02-19,,,,
1981-02-20,,,,
1981-02-21,,,,
1981-02-22,,,,
1981-02-23,,,,
1981-02-24,,,,
1981-02-25,,,,
1981-02-26,,,,
1981-02-27,,,,
1981-02-28,,,,
1981-03-01,,,,
1981-03-02,,,,
1981-03-03,,,,
1981-03-04,,,,
1981-03-05,,,,
1981-03-06,,,,
1981-03-07,,,,
1981-03-08,,,,
1981-03-09,,,,
1981-03-10,,,,
1981-03-11,,,,
1981-03-12,,,,
1981-03-13,,,,
1981-03-14,,,,
1981-03-15,,,,
1981-03-16,,,,
1981-03-17,,,,
1981-03-18,,,,
1981-03-19,,,,
1981-03-20,,,,
1981-03-21,,,,
1981-03-22,,,,
1981-03-23,,,,
1981-03-24,,,,
1981-03-25,,,,
1981-03-26,,,,
1981-03-27,,,,
1981-03-28,,,,
1981-03-29,,,,
1981-03-30,,,,
1981-03-31,,,,
1981-04-01,,,,
1981-04-02,,,,
1981-04-03,,,,
1981-04-04,,,,
1981-04-05,,,,
1981-04-06,,,,
1981-04-07,,,,
1981-04-08,,,,
1981-04-09,,,,
1981-04-10,,,,
1981-04-11,,,,
1981-04-12,,,,
1981-04-13,,,,
1981-04-14,,,,
1981-04-15,,,,
1981-04-16,,,,
1981-04-17,,,,
1981-04-18,,,,
1981-04-19,,,,
1981-04-20,,,,
1981-04-21,,,,
1981-04-22,,,,
1981-04-23,,,,
1981-04-24,,,,
1981-04-25,,,,
1981-04-26,,,,
1981-04-27,,,,
1981-04-28,,,,
1981-04-29,,,,
1981-04-30,,,,
1981-05-01,,,,
1981-05-02,,,,
1981-05-03,,,,
1981-05-04,,,,
1981-05-05,,,,
1981-05-06,,,,
1981-05-07,,,,
1981-05-08,,,,
1981-05-09,,,,
1981-05-10,,,,
1981-05-11,,,,
1981-05-12,,,,
1981-05-13,,,,
1981-05-14,,,,
1981-05-15,,,,
1981-05-16,,,,
1981-05-17,,,,
1981-05-18,,,,
1981-05-19,,,,
1981-05-20,,,,
1981-05-21,,,,
1981-05-22,,,,
1981-05-23,,,,
1981-05-24,,,,
1981-05-25,,,,
1981-05-26,,,,
1981-05-27,,,,
1981-05-28,,,,
1981-05-29,,,,
1981-05-30,,,,
1981-05-31,,,,
1981-06-01,,,,
1981-06-02,,,,
1981-06-03,,,,
1981-06-04,,,,
1981-06-05,,,,
1981-06-06,,,,
1981-06-07,,,,
1981-06-08,,,,
1981-06-09,,,,
1981-06-10,,,,
1981-06-11,,,,
1981-06-12,,,,
1981-06-13,,,,
1981-06-14,,,,
1981-06-15,,,,
1981-06-16,,,,
1981-06-17,,,,
1981-06-18,,,,
1981-06-19,,,,
1981-06-20,,,,
1981-06-21,,,,
1981-06-22,,,,
1981-06-23,,,,
1981-06-24,,,,
1981-06-25,,,,
1981-06-26,,,,
1981-06-27,,,,
1981-06-28,,,,
1981-06-29,,,,
1981-06-30,,,,
1981-07-01,,,,
1981-07-02,,,,
1981-07-03,,,,
1981-07-04,,,,
1981-07-05,,,,
1981-07-06,,,,
1981-07-07,,,,
1981-07-08,,,,
1981-07-09,,,,
1981-07-10,,,,
1981-07-11,,,,
1981-07-12,,,,
1981-07-13,,,,
1981-07-14,,,,
1981-07-15,,,,
1981-07-16,,,,
1981-07-17,,,,
1981-07-18,,,,
1981-07-19,,,,
1981-07-20,,,,
1981-07-21,,,,
1981-07-22,,,,
1981-07-23,,,,
1981-07-24,,,,
1981-07-25,,,,
1981-07-26,,,,
1981-07-27,,,,
1981-07-28,,,,
1981-07-29,,,,
1981-07-30,,,,
1981-07-31,,,,
1981-08-01,,,,
1981-08-02,,,,
1981-08-03,,,,
1981-08-04,,,,
1981-08-05,,,,
1981-08-06,,,,
1981-08-07,,,,
1981-08-08,,,,
1981-08-09,,,,
1981-08-10,,,,
1981-08-11,,,,
1981-08-12,,,,
1981-08-13,,,,
1981-08-14,,,,
1981-08-15,,,,
1981-08-16,,,,
1981-08-17,,,,
1981-08-18,,,,
1981-08-19,,,,
1981-08-20,,,,
1981-08-21,,,,
1981-08-22,,,,
1981-08-23,,,,
1981-08-24,,,,
1981-08-25,,,,
1981-08-26,,,,
1981-08-27,,,,
1981-08-28,,,,
1981-08-29,,,,
1981-08-30,,,,
1981-08-31,,,,
1981-09-01,,,,
1981-09-02,,,,
1981-09-03,,,,
1981-09-04,,,,
1981-09-05,,,,
1981-09-06,,,,
1981-09-07,,,,
1981-09-08,,,,
1981-09-09,,,,
1981-09-10,,,,
1981-09-11,,,,
1981-09-12,,,,
1981-09-13,,,,
1981-09-14,,,,
1981-09-15,,,,
1981-09-16,,,,
1981-09-17,,,,
1981-09-18,,,,
1981-09-19,,,,
1981-09-20,,,,
1981-09-21,,,,
1981-09-22,,,,
1981-09-23,,,,
1981-09-24,,,,
1981-09-25,,,,
1981-09-26,,,,
1981-09-27,,,,
1981-09-28,,,,
1981-09-29,,,,
1981-09-30,,,,
1981-10-01,,,,
1981-10-02,,,,
1981-10-03,,,,
1981-10-04,,,,
1981-10-05,,,,
1981-10-06,,,,
1981-10-07,,,,
1981-10-08,,,,
1981-10-09,,,,
1981-10-10,,,,
1981-10-11,,,,
1981-10-12,,,,
1981-10-13,,,,
1981-10-14,,,,
1981-10-15,,,,
1981-10-16,,,,
1981-10-17,,,,
1981-10-18,,,,
1981-10-19,,,,
1981-10-20,,,,
1981-10-21,,,,
1981-10-22,,,,
1981-10-23,,,,
1981-10-24,,,,
1981-10-25,,,,
1981-10-26,,,,
1981-10-27,,,,
1981-10-28,,,,
1981-10-29,,,,
1981-10-30,,,,
1981-10-31,,,,
1981-11-01,,,,
1981-11-02,,,,
1981-11-03,,,,
1981-11-04,,,,
1981-11-05,,,,
1981-11-06,,,,
1981-11-07,,,,
1981-11-08,,,,
1981-11-09,,,,
1981-11-10,,,,
1981-11-11,,,,
1981-11-12,,,,
1981-11-13,,,,
1981-11-14,,,,
1981-11-15,,,,
1981-11-16,,,,
1981-11-17,,,,
1981-11-18,,,,
1981-11-19,,,,
1981-11-20,,,,
1981-11-21,,,,
1981-11-22,,,,
1981-11-23,,,,
1981-11-24,,,,
1981-11-25,,,,
1981-11-26,,,,
1981-11-27,,,,
1981-11-28,,,,
1981-11-29,,,,
1981-11-30,,,,
1981-12-01,,,,
1981-12-02,,,,
1981-12-03,,,,
1981-12-04,,,,
1981-12-05,,,,
1981-12-06,,,,
1981-12-07,,,,
1981-12-08,,,,
1981-12-09,,,,
1981-12-10,,,,
1981-12-11,,,,
1981-12-12,,,,
1981-12-13,,,,
1981-12-14,,,,
1981-12-15,,,,
1981-12-16,,,,
1981-12-17,,,,
1981-12-18,,,,
1981-12-19,,,,
1981-12-20,,,,
1981-12-21,,,,
1981-12-22,,,,
1981-12-23,,,,
1981-12-24,,,,
1981-12-25,,,,
1981-12-26,,,,
1981-12-27,,,,
1981-12-28,,,,
1981-12-29,,,,
1981-12-30,,,,
1981-12-31,,,,
1982-01-01,,,,
1982-01-02,,,,
1982-01-03,,,,
1982-01-04,,,,
1982-01-05,,,,
1982-01-06,,,,
1982-01-07,,,,
1982-01-08,,,,
1982-01-09,,,,
1982-01-10,,,,
1982-01-11,,,,
1982-01-12,,,,
1982-01-13,,,,
1982-01-14,,,,
1982-01-15,,,,
1982-01-16,,,,
1982-01-17,,,,
1982-01-18,,,,
1982-01-19,,,,
1982-01-20,,,,
1982-01-21,,,,
1982-01-22,,,,
1982-01-23,,,,
1982-01-24,,,,
1982-01-25,,,,
1982-01-26,,,,
1982-01-27,,,,
1982-01-28,,,,
1982-01-29,,,,
1982-01-30,,,,
1982-01-31,,,,
1982-02-01,,,,
1982-02-02,,,,
1982-02-03,,,,
1982-02-04,,,,
1982-02-05,,,,
1982-02-06,,,,
1982-02-07,,,,
1982-02-08,,,,
1982-02-09,,,,
1982-02-10,,,,
1982-02-11,,,,
1982-02-12,,,,
1982-02-13,,,,
1982-02-14,,,,
1982-02-15,,,,
1982-02-16,,,,
1982-02-17,,,,
1982-02-18,,,,
1982-02-19,,,,
1982-02-20,,,,
1982-02-21,,,,
1982-02-22,,,,
1982-02-23,,,,
1982-02-24,,,,
1982-02-25,,,,
1982-02-26,,,,
1982-02-27,,,,
1982-02-28,,,,
1982-03-01,,,,
1982-03-02,,,,
1982-03-03,,,,
1982-03-04,,,,
1982-03-05,,,,
1982-03-06,,,,
1982-03-07,,,,
1982-03-08,,,,
1982-03-09,,,,
1982-03-10,,,,
1982-03-11,,,,
1982-03-12,,,,
1982-03-13,,,,
1982-03-14,,,,
1982-03-15,,,,
1982-03-16,,,,
1982-03-17,,,,
1982-03-18,,,,
1982-03-19,,,,
1982-03-20,,,,
1982-03-21,,,,
1982-03-22,,,,
1982-03-23,,,,
1982-03-24,,,,
1982-03-25,,,,
1982-03-26,,,,
1982-03-27,,,,
1982-03-28,,,,
1982-03-29,,,,
1982-03-30,,,,
1982-03-31,,,,
1982-04-01,,,,
1982-04-02,,,,
1982-04-03,,,,
1982-04-04,,,,
1982-04-05,,,,
1982-04-06,,,,
1982-04-07,,,,
1982-04-08,,,,
1982-04-09,,,,
1982-04-10,,,,
1982-04-11,,,,
1982-04-12,,,,
1982-04-13,,,,
1982-04-14,,,,
1982-04-15,,,,
1982-04-16,,,,
1982-04-17,,,,
1982-04-18,,,,
1982-04-19,,,,
1982-04-20,,,,
1982-04-21,,,,
1982-04-22,,,,
1982-04-23,,,,
1982-04-24,,,,
1982-04-25,,,,
1982-04-26,,,,
1982-04-27,,,,
1982-04-28,,,,
1982-04-29,,,,
1982-04-30,,,,
1982-05-01,,,,
1982-05-02,,,,
1982-05-03,,,,
1982-05-04,,,,
1982-05-05,,,,
1982-05-06,,,,
1982-05-07,,,,
1982-05-08,,,,
1982-05-09,,,,
1982-05-10,,,,
1982-05-11,,,,
1982-05-12,,,,
1982-05-13,,,,
1982-05-14,,,,
1982-05-15,,,,
1982-05-16,,,,
1982-05-17,,,,
1982-05-18,,,,
1982-05-19,,,,
1982-05-20,,,,
1982-05-21,,,,
1982-05-22,,,,
1982-05-23,,,,
1982-05-24,,,,
1982-05-25,,,,
1982-05-26,,,,
1982-05-27,,,,
1982-05-28,,,,
1982-05-29,,,,
1982-05-30,,,,
1982-05-31,,,,
1982-06-01,,,,
1982-06-02,,,,
1982-06-03,,,,
1982-06-04,,,,
1982-06-05,,,,
1982-06-06,,,,
1982-06-07,,,,
1982-06-08,,,,
1982-06-09,,,,
1982-06-10,,,,
1982-06-11,,,,
1982-06-12,,,,
1982-06-13,,,,
1982-06-14,,,,
1982-06-15,,,,
1982-06-16,,,,
1982-06-17,,,,
1982-06-18,,,,
1982-06-19,,,,
1982-06-20,,,,
1982-06-21,,,,
1982-06-22,,,,
1982-06-23,,,,
1982-06-24,,,,
1982-06-25,,,,
1982-06-26,,,,
1982-06-27,,,,
1982-06-28,,,,
1982-06-29,,,,
1982-06-30,,,,
1982-07-01,,,,
1982-07-02,,,,
1982-07-03,,,,
1982-07-04,,,,
1982-07-05,,,,
1982-07-06,,,,
1982-07-07,,,,
1982-07-08,,,,
1982-07-09,,,,
1982-07-10,,,,
1982-07-11,,,,
1982-07-12,,,,
1982-07-13,,,,
1982-07-14,,,,
1982-07-15,,,,
1982-07-16,,,,
1982-07-17,,,,
1982-07-18,,,,
1982-07-19,,,,
1982-07-20,,,,
1982-07-21,,,,
1982-07-22,,,,
1982-07-23,,,,
1982-07-24,,,,
1982-07-25,,,,
1982-07-26,,,,
1982-07-27,,,,
1982-07-28,,,,
1982-07-29,,,,
1982-07-30,,,,
1982-07-31,,,,
1982-08-01,,,,
1982-08-02,,,,
1982-08-03,,,,
1982-08-04,,,,
1982-08-05,,,,
1982-08-06,,,,
1982-08-07,,,,
1982-08-08,,,,
1982-08-09,,,,
1982-08-10,,,,
1982-08-11,,,,
1982-08-12,,,,
1982-08-13,,,,
1982-08-14,,,,
1982-08-15,,,,
1982-08-16,,,,
1982-08-17,,,,
1982-08-18,,,,
1982-08-19,,,,
1982-08-20,,,,
1982-08-21,,,,
1982-08-22,,,,
1982-08-23,,,,
1982-08-24,,,,
1982-08-25,,,,
1982-08-26,,,,
1982-08-27,,,,
1982-08-28,,,,
1982-08-29,,,,
1982-08-30,,,,
1982-08-31,,,,
1982-09-01,,,,
1982-09-02,,,,
1982-09-03,,,,
1982-09-04,,,,
1982-09-05,,,,
1982-09-06,,,,
1982-09-07,,,,
1982-09-08,,,,
1982-09-09,,,,
1982-09-10,,,,
1982-09-11,,,,
1982-09-12,,,,
1982-09-13,,,,
1982-09-14,,,,
1982-09-15,,,,
1982-09-16,,,,
1982-09-17,,,,
1982-09-18,,,,
1982-09-19,,,,
1982-09-20,,,,
1982-09-21,,,,
1982-09-22,,,,
1982-09-23,,,,
1982-09-24,,,,
1982-09-25,,,,
1982-09-26,,,,
1982-09-27,,,,
1982-09-28,,,,
1982-09-29,,,,
1982-09-30,,,,
1982-10-01,,,,
1982-10-02,,,,
1982-10-03,,,,
1982-10-04,,,,
1982-10-05,,,,
1982-10-06,,,,
1982-10-07,,,,
1982-10-08,,,,
1982-10-09,,,,
1982-10-10,,,,
1982-10-11,,,,
1982-10-12,,,,
1982-10-13,,,,
1982-10-14,,,,
1982-10-15,,,,
1982-10-16,,,,
1982-10-17,,,,
1982-10-18,,,,
1982-10-19,,,,
1982-10-20,,,,
1982-10-21,,,,
1982-10-22,,,,
1982-10-23,,,,
1982-10-24,,,,
1982-10-25,,,,
1982-10-26,,,,
1982-10-27,,,,
1982-10-28,,,,
1982-10-29,,,,
1982-10-30,,,,
1982-10-31,,,,
1982-11-01,,,,
1982-11-02,,,,
1982-11-03,,,,
1982-11-04,,,,
1982-11-05,,,,
1982-11-06,,,,
1982-11-07,,,,
1982-11-08,,,,
1982-11-09,,,,
1982-11-10,,,,
1982-11-11,,,,
1982-11-12,,,,
1982-11-13,,,,
1982-11-14,,,,
1982-11-15,,,,
1982-11-16,,,,
1982-11-17,,,,
1982-11-18,,,,
1982-11-19,,,,
1982-11-20,,,,
1982-11-21,,,,
1982-11-22,,,,
1982-11-23,,,,
1982-11-24,,,,
1982-11-25,,,,
1982-11-26,,,,
1982-11-27,,,,
1982-11-28,,,,
1982-11-29,,,,
1982-11-30,,,,
1982-12-01,,,,
1982-12-02,,,,
1982-12-03,,,,
1982-12-04,,,,
1982-12-05,,,,
1982-12-06,,,,
1982-12-07,,,,
1982-12-08,,,,
1982-12-09,,,,
1982-12-10,,,,
1982-12-11,,,,
1982-12-12,,,,
1982-12-13,,,,
1982-12-14,,,,
1982-12-15,,,,
1982-12-16,,,,
1982-12-17,,,,
1982-12-18,,,,
1982-12-19,,,,
1982-12-20,,,,
1982-12-21,,,,
1982-12-22,,,,
1982-12-23,,,,
1982-12-24,,,,
1982-12-25,,,,
1982-12-26,,,,
1982-12-27,,,,
1982-12-28,,,,
1982-12-29,,,,
1982-12-30,,,,
1982-12-31,,,,
1983-01-01,,,,
1983-01-02,,,,
1983-01-03,,,,
1983-01-04,,,,
1983-01-05,,,,
1983-01-06,,,,
1983-01-07,,,,
1983-01-08,,,,
1983-01-09,,,,
1983-01-10,,,,
1983-01-11,,,,
1983-01-12,,,,
1983-01-13,,,,
1983-01-14,,,,
1983-01-15,,,,
1983-01-16,,,,
1983-01-17,,,,
1983-01-18,,,,
1983-01-19,,,,
1983-01-20,,,,
1983-01-21,,,,
1983-01-22,,,,
1983-01-23,,,,
1983-01-24,,,,
1983-01-25,,,,
1983-01-26,,,,
1983-01-27,,,,
1983-01-28,,,,
1983-01-29,,,,
1983-01-30,,,,
1983-01-31,,,,
1983-02-01,,,,
1983-02-02,,,,
1983-02-03,,,,
1983-02-04,,,,
1983-02-05,,,,
1983-02-06,,,,
1983-02-07,,,,
1983-02-08,,,,
1983-02-09,,,,
1983-02-10,,,,
1983-02-11,,,,
1983-02-12,,,,
1983-02-13,,,,
1983-02-14,,,,
1983-02-15,,,,
1983-02-16,,,,
1983-02-17,,,,
1983-02-18,,,,
1983-02-19,,,,
1983-02-20,,,,
1983-02-21,,,,
1983-02-22,,,,
1983-02-23,,,,
1983-02-24,,,,
1983-02-25,,,,
1983-02-26,,,,
1983-02-27,,,,
1983-02-28,,,,
1983-03-01,,,,
1983-03-02,,,,
1983-03-03,,,,
1983-03-04,,,,
1983-03-05,,,,
1983-03-06,,,,
1983-03-07,,,,
1983-03-08,,,,
1983-03-09,,,,
1983-03-10,,,,
1983-03-11,,,,
1983-03-12,,,,
1983-03-13,,,,
1983-03-14,,,,
1983-03-15,,,,
1983-03-16,,,,
1983-03-17,,,,
1983-03-18,,,,
1983-03-19,,,,
1983-03-20,,,,
1983-03-21,,,,
1983-03-22,,,,
1983-03-23,,,,
1983-03-24,,,,
1983-03-25,,,,
1983-03-26,,,,
1983-03-27,,,,
1983-03-28,,,,
1983-03-29,,,,
1983-03-30,,,,
1983-03-31,,,,
1983-04-01,,,,
1983-04-02,,,,
1983-04-03,,,,
1983-04-04,,,,
1983-04-05,,,,
1983-04-06,,,,
1983-04-07,,,,
1983-04-08,,,,
1983-04-09,,,,
1983-04-10,,,,
1983-04-11,,,,
1983-04-12,,,,
1983-04-13,,,,
1983-04-14,,,,
1983-04-15,,,,
1983-04-16,,,,
1983-04-17,,,,
1983-04-18,,,,
1983-04-19,,,,
1983-04-20,,,,
1983-04-21,,,,
1983-04-22,,,,
1983-04-23,,,,
1983-04-24,,,,
1983-04-25,,,,
1983-04-26,,,,
1983-04-27,,,,
1983-04-28,,,,
1983-04-29,,,,
1983-04-30,,,,
1983-05-01,,,,
1983-05-02,,,,
1983-05-03,,,,
1983-05-04,,,,
1983-05-05,,,,
1983-05-06,,,,
1983-05-07,,,,
1983-05-08,,,,
1983-05-09,,,,
1983-05-10,,,,
1983-05-11,,,,
1983-05-12,,,,
1983-05-13,,,,
1983-05-14,,,,
1983-05-15,,,,
1983-05-16,,,,
1983-05-17,,,,
1983-05-18,,,,
1983-05-19,,,,
1983-05-20,,,,
1983-05-21,,,,
1983-05-22,,,,
1983-05-23,,,,
1983-05-24,,,,
1983-05-25,,,,
1983-05-26,,,,
1983-05-27,,,,
1983-05-28,,,,
1983-05-29,,,,
1983-05-30,,,,
1983-05-31,,,,
1983-06-01,,,,
1983-06-02,,,,
1983-06-03,,,,
1983-06-04,,,,
1983-06-05,,,,
1983-06-06,,,,
1983-06-07,,,,
1983-06-08,,,,
1983-06-09,,,,
1983-06-10,,,,
1983-06-11,,,,
1983-06-12,,,,
1983-06-13,,,,
1983-06-14,,,,
1983-06-15,,,,
1983-06-16,,,,
1983-06-17,,,,
1983-06-18,,,,
1983-06-19,,,,
1983-06-20,,,,
1983-06-21,,,,
1983-06-22,,,,
1983-06-23,,,,
1983-06-24,,,,
1983-06-25,,,,
1983-06-26,,,,
1983-06-27,,,,
1983-06-28,,,,
1983-06-29,,,,
1983-06-30,,,,
1983-07-01,,,,
1983-07-02,,,,
1983-07-03,,,,
1983-07-04,,,,
1983-07-05,,,,
1983-07-06,,,,
1983-07-07,,,,
1983-07-08,,,,
1983-07-09,,,,
1983-07-10,,,,
1983-07-11,,,,
1983-07-12,,,,
1983-07-13,,,,
1983-07-14,,,,
1983-07-15,,,,
1983-07-16,,,,
1983-07-17,,,,
1983-07-18,,,,
1983-07-19,,,,
1983-07-20,,,,
1983-07-21,,,,
1983-07-22,,,,
1983-07-23,,,,
1983-07-24,,,,
1983-07-25,,,,
1983-07-26,,,,
1983-07-27,,,,
1983-07-28,,,,
1983-07-29,,,,
1983-07-30,,,,
1983-07-31,,,,
1983-08-01,,,,
1983-08-02,,,,
1983-08-03,,,,
1983-08-04,,,,
1983-08-05,,,,
1983-08-06,,,,
1983-08-07,,,,
1983-08-08,,,,
1983-08-09,,,,
1983-08-10,,,,
1983-08-11,,,,
1983-08-12,,,,
1983-08-13,,,,
1983-08-14,,,,
1983-08-15,,,,
1983-08-16,,,,
1983-08-17,,,,
1983-08-18,,,,
1983-08-19,,,,
1983-08-20,,,,
1983-08-21,,,,
1983-08-22,,,,
1983-08-23,,,,
1983-08-24,,,,
1983-08-25,,,,
1983-08-26,,,,
1983-08-27,,,,
1983-08-28,,,,
1983-08-29,,,,
1983-08-30,,,,
1983-08-31,,,,
1983-09-01,,,,
1983-09-02,,,,
1983-09-03,,,,
1983-09-04,,,,
1983-09-05,,,,
1983-09-06,,,,
1983-09-07,,,,
1983-09-08,,,,
1983-09-09,,,,
1983-09-10,,,,
1983-09-11,,,,
1983-09-12,,,,
1983-09-13,,,,
1983-09-14,,,,
1983-09-15,,,,
1983-09-16,,,,
1983-09-17,,,,
1983-09-18,,,,
1983-09-19,,,,
1983-09-20,,,,
1983-09-21,,,,
1983-09-22,,,,
1983-09-23,,,,
1983-09-24,,,,
1983-09-25,,,,
1983-09-26,,,,
1983-09-27,,,,
1983-09-28,,,,
1983-09-29,,,,
1983-09-30,,,,
1983-10-01,,,,
1983-10-02,,,,
1983-10-03,,,,
1983-10-04,,,,
1983-10-05,,,,
1983-10-06,,,,
1983-10-07,,,,
1983-10-08,,,,
1983-10-09,,,,
1983-10-10,,,,
1983-10-11,,,,
1983-10-12,,,,
1983-10-13,,,,
1983-10-14,,,,
1983-10-15,,,,
1983-10-16,,,,
1983-10-17,,,,
1983-10-18,,,,
1983-10-19,,,,
1983-10-20,,,,
1983-10-21,,,,
1983-10-22,,,,
1983-10-23,,,,
1983-10-24,,,,
1983-10-25,,,,
1983-10-26,,,,
1983-10-27,,,,
1983-10-28,,,,
1983-10-29,,,,
1983-10-30,,,,
1983-10-31,,,,
1983-11-01,,,,
1983-11-02,,,,
1983-11-03,,,,
1983-11-04,,,,
1983-11-05,,,,
1983-11-06,,,,
1983-11-07,,,,
1983-11-08,,,,
1983-11-09,,,,
1983-11-10,,,,
1983-11-11,,,,
1983-11-12,,,,
1983-11-13,,,,
1983-11-14,,,,
1983-11-15,,,,
1983-11-16,,,,
1983-11-17,,,,
1983-11-18,,,,
1983-11-19,,,,
1983-11-20,,,,
1983-11-21,,,,
1983-11-22,,,,
1983-11-23,,,,
1983-11-24,,,,
1983-11-25,,,,
1983-11-26,,,,
1983-11-27,,,,
1983-11-28,,,,
1983-11-29,,,,
1983-11-30,,,,
1983-12-01,,,,
1983-12-02,,,,
1983-12-03,,,,
1983-12-04,,,,
1983-12-05,,,,
1983-12-06,,,,
1983-12-07,,,,
1983-12-08,,,,
1983-12-09,,,,
1983-12-10,,,,
1983-12-11,,,,
1983-12-12,,,,
1983-12-13,,,,
1983-12-14,,,,
1983-12-15,,,,
1983-12-16,,,,
1983-12-17,,,,
1983-12-18,,,,
1983-12-19,,,,
1983-12-20,,,,
1983-12-21,,,,
1983-12-22,,,,
1983-12-23,,,,
1983-12-24,,,,
1983-12-25,,,,
1983-12-26,,,,
1983-12-27,,,,
1983-12-28,,,,
1983-12-29,,,,
1983-12-30,,,,
1983-12-31,,,,
1984-01-01,,,,
1984-01-02,,,,
1984-01-03,,,,
1984-01-04,,,,
1984-01-05,,,,
1984-01-06,,,,
1984-01-07,,,,
1984-01-08,,,,
1984-01-09,,,,
1984-01-10,,,,
1984-01-11,,,,
1984-01-12,,,,
1984-01-13,,,,
1984-01-14,,,,
1984-01-15,,,,
1984-01-16,,,,
1984-01-17,,,,
1984-01-18,,,,
1984-01-19,,,,
1984-01-20,,,,
1984-01-21,,,,
1984-01-22,,,,
1984-01-23,,,,
1984-01-24,,,,
1984-01-25,,,,
1984-01-26,,,,
1984-01-27,,,,
1984-01-28,,,,
1984-01-29,,,,
1984-01-30,,,,
1984-01-31,,,,
1984-02-01,,,,
1984-02-02,,,,
1984-02-03,,,,
1984-02-04,,,,
1984-02-05,,,,
1984-02-06,,,,
1984-02-07,,,,
1984-02-08,,,,
1984-02-09,,,,
1984-02-10,,,,
1984-02-11,,,,
1984-02-12,,,,
1984-02-13,,,,
1984-02-14,,,,
1984-02-15,,,,
1984-02-16,,,,
1984-02-17,,,,
1984-02-18,,,,
1984-02-19,,,,
1984-02-20,,,,
1984-02-21,,,,
1984-02-22,,,,
1984-02-23,,,,
1984-02-24,,,,
1984-02-25,,,,
1984-02-26,,,,
1984-02-27,,,,
1984-02-28,,,,
1984-02-29,,,,
1984-03-01,,,,
1984-03-02,,,,
1984-03-03,,,,
1984-03-04,,,,
1984-03-05,,,,
1984-03-06,,,,
1984-03-07,,,,
1984-03-08,,,,
1984-03-09,,,,
1984-03-10,,,,
1984-03-11,,,,
1984-03-12,,,,
1984-03-13,,,,
1984-03-14,,,,
1984-03-15,,,,
1984-03-16,,,,
1984-03-17,,,,
1984-03-18,,,,
1984-03-19,,,,
1984-03-20,,,,
1984-03-21,,,,
1984-03-22,,,,
1984-03-23,,,,
1984-03-24,,,,
1984-03-25,,,,
1984-03-26,,,,
1984-03-27,,,,
1984-03-28,,,,
1984-03-29,,,,
1984-03-30,,,,
1984-03-31,,,,
1984-04-01,,,,
1984-04-02,,,,
1984-04-03,,,,
1984-04-04,,,,
1984-04-05,,,,
1984-04-06,,,,
1984-04-07,,,,
1984-04-08,,,,
1984-04-09,,,,
1984-04-10,,,,
1984-04-11,,,,
1984-04-12,,,,
1984-04-13,,,,
1984-04-14,,,,
1984-04-15,,,,
1984-04-16,,,,
1984-04-17,,,,
1984-04-18,,,,
1984-04-19,,,,
1984-04-20,,,,
1984-04-21,,,,
1984-04-22,,,,
1984-04-23,,,,
1984-04-24,,,,
1984-04-25,,,,
1984-04-26,,,,
1984-04-27,,,,
1984-04-28,,,,
1984-04-29,,,,
1984-04-30,,,,
1984-05-01,,,,
1984-05-02,,,,
1984-05-03,,,,
1984-05-04,,,,
1984-05-05,,,,
1984-05-06,,,,
1984-05-07,,,,
1984-05-08,,,,
1984-05-09,,,,
1984-05-10,,,,
1984-05-11,,,,
1984-05-12,,,,
1984-05-13,,,,
1984-05-14,,,,
1984-05-15,,,,
1984-05-16,,,,
1984-05-17,,,,
1984-05-18,,,,
1984-05-19,,,,
1984-05-20,,,,
1984-05-21,,,,
1984-05-22,,,,
1984-05-23,,,,
1984-05-24,,,,
1984-05-25,,,,
1984-05-26,,,,
1984-05-27,,,,
1984-05-28,,,,
1984-05-29,,,,
1984-05-30,,,,
1984-05-31,,,,
1984-06-01,,,,
1984-06-02,,,,
1984-06-03,,,,
1984-06-04,,,,
1984-06-05,,,,
1984-06-06,,,,
1984-06-07,,,,
1984-06-08,,,,
1984-06-09,,,,
1984-06-10,,,,
1984-06-11,,,,
1984-06-12,,,,
1984-06-13,,,,
1984-06-14,,,,
1984-06-15,,,,
1984-06-16,,,,
1984-06-17,,,,
1984-06-18,,,,
1984-06-19,,,,
1984-06-20,,,,
1984-06-21,,,,
1984-06-22,,,,
1984-06-23,,,,
1984-06-24,,,,
1984-06-25,,,,
1984-06-26,,,,
1984-06-27,,,,
1984-06-28,,,,
1984-06-29,,,,
1984-06-30,,,,
1984-07-01,,,,
1984-07-02,,,,
1984-07-03,,,,
1984-07-04,,,,
1984-07-05,,,,
1984-07-06,,,,
1984-07-07,,,,
1984-07-08,,,,
1984-07-09,,,,
1984-07-10,,,,
1984-07-11,,,,
1984-07-12,,,,
1984-07-13,,,,
1984-07-14,,,,
1984-07-15,,,,
1984-07-16,,,,
1984-07-17,,,,
1984-07-18,,,,
1984-07-19,,,,
1984-07-20,,,,
1984-07-21,,,,
1984-07-22,,,,
1984-07-23,,,,
1984-07-24,,,,
1984-07-25,,,,
1984-07-26,,,,
1984-07-27,,,,
1984-07-28,,,,
1984-07-29,,,,
1984-07-30,,,,
1984-07-31,,,,
1984-08-01,,,,
1984-08-02,,,,
1984-08-03,,,,
1984-08-04,,,,
1984-08-05,,,,
1984-08-06,,,,
1984-08-07,,,,
1984-08-08,,,,
1984-08-09,,,,
1984-08-10,,,,
1984-08-11,,,,
1984-08-12,,,,
1984-08-13,,,,
1984-08-14,,,,
1984-08-15,,,,
1984-08-16,,,,
1984-08-17,,,,
1984-08-18,,,,
1984-08-19,,,,
1984-08-20,,,,
1984-08-21,,,,
1984-08-22,,,,
1984-08-23,,,,
1984-08-24,,,,
1984-08-25,,,,
1984-08-26,,,,
1984-08-27,,,,
1984-08-28,,,,
1984-08-29,,,,
1984-08-30,,,,
1984-08-31,,,,
1984-09-01,,,,
1984-09-02,,,,
1984-09-03,,,,
1984-09-04,,,,
1984-09-05,,,,
1984-09-06,,,,
1984-09-07,,,,
1984-09-08,,,,
1984-09-09,,,,
1984-09-10,,,,
1984-09-11,,,,
1984-09-12,,,,
1984-09-13,,,,
1984-09-14,,,,
1984-09-15,,,,
1984-09-16,,,,
1984-09-17,,,,
1984-09-18,,,,
1984-09-19,,,,
1984-09-20,,,,
1984-09-21,,,,
1984-09-22,,,,
1984-09-23,,,,
1984-09-24,,,,
1984-09-25,,,,
1984-09-26,,,,
1984-09-27,,,,
1984-09-28,,,,
1984-09-29,,,,
1984-09-30,,,,
1984-10-01,,,,
1984-10-02,,,,
1984-10-03,,,,
1984-10-04,,,,
1984-10-05,,,,
1984-10-06,,,,
1984-10-07,,,,
1984-10-08,,,,
1984-10-09,,,,
1984-10-10,,,,
1984-10-11,,,,
1984-10-12,,,,
1984-10-13,,,,
1984-10-14,,,,
1984-10-15,,,,
1984-10-16,,,,
1984-10-17,,,,
1984-10-18,,,,
1984-10-19,,,,
1984-10-20,,,,
1984-10-21,,,,
1984-10-22,,,,
1984-10-23,,,,
1984-10-24,,,,
1984-10-25,,,,
1984-10-26,,,,
1984-10-27,,,,
1984-10-28,,,,
1984-10-29,,,,
1984-10-30,,,,
1984-10-31,,,,
1984-11-01,,,,
1984-11-02,,,,
1984-11-03,,,,
1984-11-04,,,,
1984-11-05,,,,
1984-11-06,,,,
1984-11-07,,,,
1984-11-08,,,,
1984-11-09,,,,
1984-11-10,,,,
1984-11-11,,,,
1984-11-12,,,,
1984-11-13,,,,
1984-11-14,,,,
1984-11-15,,,,
1984-11-16,,,,
1984-11-17,,,,
1984-11-18,,,,
1984-11-19,,,,
1984-11-20,,,,
1984-11-21,,,,
1984-11-22,,,,
1984-11-23,,,,
1984-11-24,,,,
1984-11-25,,,,
1984-11-26,,,,
1984-11-27,,,,
1984-11-28,,,,
1984-11-29,,,,
1984-11-30,,,,
1984-12-01,,,,
1984-12-02,,,,
1984-12-03,,,,
1984-12-04,,,,
1984-12-05,,,,
1984-12-06,,,,
1984-12-07,,,,
1984-12-08,,,,
1984-12-09,,,,
1984-12-10,,,,
1984-12-11,,,,
1984-12-12,,,,
1984-12-13,,,,
1984-12-14,,,,
1984-12-15,,,,
1984-12-16,,,,
1984-12-17,,,,
1984-12-18,,,,
1984-12-19,,,,
1984-12-20,,,,
1984-12-21,,,,
1984-12-22,,,,
1984-12-23,,,,
1984-12-24,,,,
1984-12-25,,,,
1984-12-26,,,,
1984-12-27,,,,
1984-12-28,,,,
1984-12-29,,,,
1984-12-30,,,,
1984-12-31,,,,
1985-01-01,,,,
1985-01-02,,,,
1985-01-03,,,,
1985-01-04,,,,
1985-01-05,,,,
1985-01-06,,,,
1985-01-07,,,,
1985-01-08,,,,
1985-01-09,,,,
1985-01-10,,,,
1985-01-11,,,,
1985-01-12,,,,
1985-01-13,,,,
1985-01-14,,,,
1985-01-15,,,,
1985-01-16,,,,
1985-01-17,,,,
1985-01-18,,,,
1985-01-19,,,,
1985-01-20,,,,
1985-01-21,,,,
1985-01-22,,,,
1985-01-23,,,,
1985-01-24,,,,
1985-01-25,,,,
1985-01-26,,,,
1985-01-27,,,,
1985-01-28,,,,
1985-01-29,,,,
1985-01-30,,,,
1985-01-31,,,,
1985-02-01,,,,
1985-02-02,,,,
1985-02-03,,,,
1985-02-04,,,,
1985-02-05,,,,
1985-02-06,,,,
1985-02-07,,,,
1985-02-08,,,,
1985-02-09,,,,
1985-02-10,,,,
1985-02-11,,,,
1985-02-12,,,,
1985-02-13,,,,
1985-02-14,,,,
1985-02-15,,,,
1985-02-16,,,,
1985-02-17,,,,
1985-02-18,,,,
1985-02-19,,,,
1985-02-20,,,,
1985-02-21,,,,
1985-02-22,,,,
1985-02-23,,,,
1985-02-24,,,,
1985-02-25,,,,
1985-02-26,,,,
1985-02-27,,,,
1985-02-28,,,,
1985-03-01,,,,
1985-03-02,,,,
1985-03-03,,,,
1985-03-04,,,,
1985-03-05,,,,
1985-03-06,,,,
1985-03-07,,,,
1985-03-08,,,,
1985-03-09,,,,
1985-03-10,,,,
1985-03-11,,,,
1985-03-12,,,,
1985-03-13,,,,
1985-03-14,,,,
1985-03-15,,,,
1985-03-16,,,,
1985-03-17,,,,
1985-03-18,,,,
1985-03-19,,,,
1985-03-20,,,,
1985-03-21,,,,
1985-03-22,,,,
1985-03-23,,,,
1985-03-24,,,,
1985-03-25,,,,
1985-03-26,,,,
1985-03-27,,,,
1985-03-28,,,,
1985-03-29,,,,
1985-03-30,,,,
1985-03-31,,,,
1985-04-01,,,,
1985-04-02,,,,
1985-04-03,,,,
1985-04-04,,,,
1985-04-05,,,,
1985-04-06,,,,
1985-04-07,,,,
1985-04-08,,,,
1985-04-09,,,,
1985-04-10,,,,
1985-04-11,,,,
1985-04-12,,,,
1985-04-13,,,,
1985-04-14,,,,
1985-04-15,,,,
1985-04-16,,,,
1985-04-17,,,,
1985-04-18,,,,
1985-04-19,,,,
1985-04-20,,,,
1985-04-21,,,,
1985-04-22,,,,
1985-04-23,,,,
1985-04-24,,,,
1985-04-25,,,,
1985-04-26,,,,
1985-04-27,,,,
1985-04-28,,,,
1985-04-29,,,,
1985-04-30,,,,
1985-05-01,,,,
1985-05-02,,,,
1985-05-03,,,,
1985-05-04,,,,
1985-05-05,,,,
1985-05-06,,,,
1985-05-07,,,,
1985-05-08,,,,
1985-05-09,,,,
1985-05-10,,,,
1985-05-11,,,,
1985-05-12,,,,
1985-05-13,,,,
1985-05-14,,,,
1985-05-15,,,,
1985-05-16,,,,
1985-05-17,,,,
1985-05-18,,,,
1985-05-19,,,,
1985-05-20,,,,
1985-05-21,,,,
1985-05-22,,,,
1985-05-23,,,,
1985-05-24,,,,
1985-05-25,,,,
1985-05-26,,,,
1985-05-27,,,,
1985-05-28,,,,
1985-05-29,,,,
1985-05-30,,,,
1985-05-31,,,,
1985-06-01,,,,
1985-06-02,,,,
1985-06-03,,,,
1985-06-04,,,,
1985-06-05,,,,
1985-06-06,,,,
1985-06-07,,,,
1985-06-08,,,,
1985-06-09,,,,
1985-06-10,,,,
1985-06-11,,,,
1985-06-12,,,,
1985-06-13,,,,
1985-06-14,,,,
1985-06-15,,,,
1985-06-16,,,,
1985-06-17,,,,
1985-06-18,,,,
1985-06-19,,,,
1985-06-20,,,,
1985-06-21,,,,
1985-06-22,,,,
1985-06-23,,,,
1985-06-24,,,,
1985-06-25,,,,
1985-06-26,,,,
1985-06-27,,,,
1985-06-28,,,,
1985-06-29,,,,
1985-06-30,,,,
1985-07-01,,,,
1985-07-02,,,,
1985-07-03,,,,
1985-07-04,,,,
1985-07-05,,,,
1985-07-06,,,,
1985-07-07,,,,
1985-07-08,,,,
1985-07-09,,,,
1985-07-10,,,,
1985-07-11,,,,
1985-07-12,,,,
1985-07-13,,,,
1985-07-14,,,,
1985-07-15,,,,
1985-07-16,,,,
1985-07-17,,,,
1985-07-18,,,,
1985-07-19,,,,
1985-07-20,,,,
1985-07-21,,,,
1985-07-22,,,,
1985-07-23,,,,
1985-07-24,,,,
1985-07-25,,,,
1985-07-26,,,,
1985-07-27,,,,
1985-07-28,,,,
1985-07-29,,,,
1985-07-30,,,,
1985-07-31,,,,
1985-08-01,,,,
1985-08-02,,,,
1985-08-03,,,,
1985-08-04,,,,
1985-08-05,,,,
1985-08-06,,,,
1985-08-07,,,,
1985-08-08,,,,
1985-08-09,,,,
1985-08-10,,,,
1985-08-11,,,,
1985-08-12,,,,
1985-08-13,,,,
1985-08-14,,,,
1985-08-15,,,,
1985-08-16,,,,
1985-08-17,,,,
1985-08-18,,,,
1985-08-19,,,,
1985-08-20,,,,
1985-08-21,,,,
1985-08-22,,,,
1985-08-23,,,,
1985-08-24,,,,
1985-08-25,,,,
1985-08-26,,,,
1985-08-27,,,,
1985-08-28,,,,
1985-08-29,,,,
1985-08-30,,,,
1985-08-31,,,,
1985-09-01,,,,
1985-09-02,,,,
1985-09-03,,,,
1985-09-04,,,,
1985-09-05,,,,
1985-09-06,,,,
1985-09-07,,,,
1985-09-08,,,,
1985-09-09,,,,
1985-09-10,,,,
1985-09-11,,,,
1985-09-12,,,,
1985-09-13,,,,
1985-09-14,,,,
1985-09-15,,,,
1985-09-16,,,,
1985-09-17,,,,
1985-09-18,,,,
1985-09-19,,,,
1985-09-20,,,,
1985-09-21,,,,
1985-09-22,,,,
1985-09-23,,,,
1985-09-24,,,,
1985-09-25,,,,
1985-09-26,,,,
1985-09-27,,,,
1985-09-28,,,,
1985-09-29,,,,
1985-09-30,,,,
1985-10-01,,,,
1985-10-02,,,,
1985-10-03,,,,
1985-10-04,,,,
1985-10-05,,,,
1985-10-06,,,,
1985-10-07,,,,
1985-10-08,,,,
1985-10-09,,,,
1985-10-10,,,,
1985-10-11,,,,
1985-10-12,,,,
1985-10-13,,,,
1985-10-14,,,,
1985-10-15,,,,
1985-10-16,,,,
1985-10-17,,,,
1985-10-18,,,,
1985-10-19,,,,
1985-10-20,,,,
1985-10-21,,,,
1985-10-22,,,,
1985-10-23,,,,
1985-10-24,,,,
1985-10-25,,,,
1985-10-26,,,,
1985-10-27,,,,
1985-10-28,,,,
1985-10-29,,,,
1985-10-30,,,,
1985-10-31,,,,
1985-11-01,,,,
1985-11-02,,,,
1985-11-03,,,,
1985-11-04,,,,
1985-11-05,,,,
1985-11-06,,,,
1985-11-07,,,,
1985-11-08,,,,
1985-11-09,,,,
1985-11-10,,,,
1985-11-11,,,,
1985-11-12,,,,
1985-11-13,,,,
1985-11-14,,,,
1985-11-15,,,,
1985-11-16,,,,
1985-11-17,,,,
1985-11-18,,,,
1985-11-19,,,,
1985-11-20,,,,
1985-11-21,,,,
1985-11-22,,,,
1985-11-23,,,,
1985-11-24,,,,
1985-11-25,,,,
1985-11-26,,,,
1985-11-27,,,,
1985-11-28,,,,
1985-11-29,,,,
1985-11-30,,,,
1985-12-01,,,,
1985-12-02,,,,
1985-12-03,,,,
1985-12-04,,,,
1985-12-05,,,,
1985-12-06,,,,
1985-12-07,,,,
1985-12-08,,,,
1985-12-09,,,,
1985-12-10,,,,
1985-12-11,,,,
1985-12-12,,,,
1985-12-13,,,,
1985-12-14,,,,
1985-12-15,,,,
1985-12-16,,,,
1985-12-17,,,,
1985-12-18,,,,
1985-12-19,,,,
1985-12-20,,,,
1985-12-21,,,,
1985-12-22,,,,
1985-12-23,,,,
1985-12-24,,,,
1985-12-25,,,,
1985-12-26,,,,
1985-12-27,,,,
1985-12-28,,,,
1985-12-29,,,,
1985-12-30,,,,
1985-12-31,,,,
1986-01-01,,,,
1986-01-02,,,,
1986-01-03,,,,
1986-01-04,,,,
1986-01-05,,,,
1986-01-06,,,,
1986-01-07,,,,
1986-01-08,,,,
1986-01-09,,,,
1986-01-10,,,,
1986-01-11,,,,
1986-01-12,,,,
1986-01-13,,,,
1986-01-14,,,,
1986-01-15,,,,
1986-01-16,,,,
1986-01-17,,,,
1986-01-18,,,,
1986-01-19,,,,
1986-01-20,,,,
1986-01-21,,,,
1986-01-22,,,,
1986-01-23,,,,
1986-01-24,,,,
1986-01-25,,,,
1986-01-26,,,,
1986-01-27,,,,
1986-01-28,,,,
1986-01-29,,,,
1986-01-30,,,,
1986-01-31,,,,
1986-02-01,,,,
1986-02-02,,,,
1986-02-03,,,,
1986-02-04,,,,
1986-02-05,,,,
1986-02-06,,,,
1986-02-07,,,,
1986-02-08,,,,
1986-02-09,,,,
1986-02-10,,,,
1986-02-11,,,,
1986-02-12,,,,
1986-02-13,,,,
1986-02-14,,,,
1986-02-15,,,,
1986-02-16,,,,
1986-02-17,,,,
1986-02-18,,,,
1986-02-19,,,,
1986-02-20,,,,
1986-02-21,,,,
1986-02-22,,,,
1986-02-23,,,,
1986-02-24,,,,
1986-02-25,,,,
1986-02-26,,,,
1986-02-27,,,,
1986-02-28,,,,
1986-03-01,,,,
1986-03-02,,,,
1986-03-03,,,,
1986-03-04,,,,
1986-03-05,,,,
1986-03-06,,,,
1986-03-07,,,,
1986-03-08,,,,
1986-03-09,,,,
1986-03-10,,,,
1986-03-11,,,,
1986-03-12,,,,
1986-03-13,,,,
1986-03-14,,,,
1986-03-15,,,,
1986-03-16,,,,
1986-03-17,,,,
1986-03-18,,,,
1986-03-19,,,,
1986-03-20,,,,
1986-03-21,,,,
1986-03-22,,,,
1986-03-23,,,,
1986-03-24,,,,
1986-03-25,,,,
1986-03-26,,,,
1986-03-27,,,,
1986-03-28,,,,
1986-03-29,,,,
1986-03-30,,,,
1986-03-31,,,,
1986-04-01,,,,
1986-04-02,,,,
1986-04-03,,,,
1986-04-04,,,,
1986-04-05,,,,
1986-04-06,,,,
1986-04-07,,,,
1986-04-08,,,,
1986-04-09,,,,
1986-04-10,,,,
1986-04-11,,,,
1986-04-12,,,,
1986-04-13,,,,
1986-04-14,,,,
1986-04-15,,,,
1986-04-16,,,,
1986-04-17,,,,
1986-04-18,,,,
1986-04-19,,,,
1986-04-20,,,,
1986-04-21,,,,
1986-04-22,,,,
1986-04-23,,,,
1986-04-24,,,,
1986-04-25,,,,
1986-04-26,,,,
1986-04-27,,,,
1986-04-28,,,,
1986-04-29,,,,
1986-04-30,,,,
1986-05-01,,,,
1986-05-02,,,,
1986-05-03,,,,
1986-05-04,,,,
1986-05-05,,,,
1986-05-06,,,,
1986-05-07,,,,
1986-05-08,,,,
1986-05-09,,,,
1986-05-10,,,,
1986-05-11,,,,
1986-05-12,,,,
1986-05-13,,,,
1986-05-14,,,,
1986-05-15,,,,
1986-05-16,,,,
1986-05-17,,,,
1986-05-18,,,,
1986-05-19,,,,
1986-05-20,,,,
1986-05-21,,,,
1986-05-22,,,,
1986-05-23,,,,
1986-05-24,,,,
1986-05-25,,,,
1986-05-26,,,,
1986-05-27,,,,
1986-05-28,,,,
1986-05-29,,,,
1986-05-30,,,,
1986-05-31,,,,
1986-06-01,,,,
1986-06-02,,,,
1986-06-03,,,,
1986-06-04,,,,
1986-06-05,,,,
1986-06-06,,,,
1986-06-07,,,,
1986-06-08,,,,
1986-06-09,,,,
1986-06-10,,,,
1986-06-11,,,,
1986-06-12,,,,
1986-06-13,,,,
1986-06-14,,,,
1986-06-15,,,,
1986-06-16,,,,
1986-06-17,,,,
1986-06-18,,,,
1986-06-19,,,,
1986-06-20,,,,
1986-06-21,,,,
1986-06-22,,,,
1986-06-23,,,,
1986-06-24,,,,
1986-06-25,,,,
1986-06-26,,,,
1986-06-27,,,,
1986-06-28,,,,
1986-06-29,,,,
1986-06-30,,,,
1986-07-01,,,,
1986-07-02,,,,
1986-07-03,,,,
1986-07-04,,,,
1986-07-05,,,,
1986-07-06,,,,
1986-07-07,,,,
1986-07-08,,,,
1986-07-09,,,,
1986-07-10,,,,
1986-07-11,,,,
1986-07-12,,,,
1986-07-13,,,,
1986-07-14,,,,
1986-07-15,,,,
1986-07-16,,,,
1986-07-17,,,,
1986-07-18,,,,
1986-07-19,,,,
1986-07-20,,,,
1986-07-21,,,,
1986-07-22,,,,
1986-07-23,,,,
1986-07-24,,,,
1986-07-25,,,,
1986-07-26,,,,
1986-07-27,,,,
1986-07-28,,,,
1986-07-29,,,,
1986-07-30,,,,
1986-07-31,,,,
1986-08-01,,,,
1986-08-02,,,,
1986-08-03,,,,
1986-08-04,,,,
1986-08-05,,,,
1986-08-06,,,,
1986-08-07,,,,
1986-08-08,,,,
1986-08-09,,,,
1986-08-10,,,,
1986-08-11,,,,
1986-08-12,,,,
1986-08-13,,,,
1986-08-14,,,,
1986-08-15,,,,
1986-08-16,,,,
1986-08-17,,,,
1986-08-18,,,,
1986-08-19,,,,
1986-08-20,,,,
1986-08-21,,,,
1986-08-22,,,,
1986-08-23,,,,
1986-08-24,,,,
1986-08-25,,,,
1986-08-26,,,,
1986-08-27,,,,
1986-08-28,,,,
1986-08-29,,,,
1986-08-30,,,,
1986-08-31,,,,
1986-09-01,,,,
1986-09-02,,,,
1986-09-03,,,,
1986-09-04,,,,
1986-09-05,,,,
1986-09-06,,,,
1986-09-07,,,,
1986-09-08,,,,
1986-09-09,,,,
1986-09-10,,,,
1986-09-11,,,,
1986-09-12,,,,
1986-09-13,,,,
1986-09-14,,,,
1986-09-15,,,,
1986-09-16,,,,
1986-09-17,,,,
1986-09-18,,,,
1986-09-19,,,,
1986-09-20,,,,
1986-09-21,,,,
1986-09-22,,,,
1986-09-23,,,,
1986-09-24,,,,
1986-09-25,,,,
1986-09-26,,,,
1986-09-27,,,,
1986-09-28,,,,
1986-09-29,,,,
1986-09-30,,,,
1986-10-01,,,,
1986-10-02,,,,
1986-10-03,,,,
1986-10-04,,,,
1986-10-05,,,,
1986-10-06,,,,
1986-10-07,,,,
1986-10-08,,,,
1986-10-09,,,,
1986-10-10,,,,
1986-10-11,,,,
1986-10-12,,,,
1986-10-13,,,,
1986-10-14,,,,
1986-10-15,,,,
1986-10-16,,,,
1986-10-17,,,,
1986-10-18,,,,
1986-10-19,,,,
1986-10-20,,,,
1986-10-21,,,,
1986-10-22,,,,
1986-10-23,,,,
1986-10-24,,,,
1986-10-25,,,,
1986-10-26,,,,
1986-10-27,,,,
1986-10-28,,,,
1986-10-29,,,,
1986-10-30,,,,
1986-10-31,,,,
1986-11-01,,,,
1986-11-02,,,,
1986-11-03,,,,
1986-11-04,,,,
1986-11-05,,,,
1986-11-06,,,,
1986-11-07,,,,
1986-11-08,,,,
1986-11-09,,,,
1986-11-10,,,,
1986-11-11,,,,
1986-11-12,,,,
1986-11-13,,,,
1986-11-14,,,,
1986-11-15,,,,
1986-11-16,,,,
1986-11-17,,,,
1986-11-18,,,,
1986-11-19,,,,
1986-11-20,,,,
1986-11-21,,,,
1986-11-22,,,,
1986-11-23,,,,
1986-11-24,,,,
1986-11-25,,,,
1986-11-26,,,,
1986-11-27,,,,
1986-11-28,,,,
1986-11-29,,,,
1986-11-30,,,,
1986-12-01,,,,
1986-12-02,,,,
1986-12-03,,,,
1986-12-04,,,,
1986-12-05,,,,
1986-12-06,,,,
1986-12-07,,,,
1986-12-08,,,,
1986-12-09,,,,
1986-12-10,,,,
1986-12-11,,,,
1986-12-12,,,,
1986-12-13,,,,
1986-12-14,,,,
1986-12-15,,,,
1986-12-16,,,,
1986-12-17,,,,
1986-12-18,,,,
1986-12-19,,,,
1986-12-20,,,,
1986-12-21,,,,
1986-12-22,,,,
1986-12-23,,,,
1986-12-24,,,,
1986-12-25,,,,
1986-12-26,,,,
1986-12-27,,,,
1986-12-28,,,,
1986-12-29,,,,
1986-12-30,,,,
1986-12-31,,,,
1987-01-01,,,,
1987-01-02,,,,
1987-01-03,,,,
1987-01-04,,,,
1987-01-05,,,,
1987-01-06,,,,
1987-01-07,,,,
1987-01-08,,,,
1987-01-09,,,,
1987-01-10,,,,
1987-01-11,,,,
1987-01-12,,,,
1987-01-13,,,,
1987-01-14,,,,
1987-01-15,,,,
1987-01-16,,,,
1987-01-17,,,,
1987-01-18,,,,
1987-01-19,,,,
1987-01-20,,,,
1987-01-21,,,,
1987-01-22,,,,
1987-01-23,,,,
1987-01-24,,,,
1987-01-25,,,,
1987-01-26,,,,
1987-01-27,,,,
1987-01-28,,,,
1987-01-29,,,,
1987-01-30,,,,
1987-01-31,,,,
1987-02-01,,,,
1987-02-02,,,,
1987-02-03,,,,
1987-02-04,,,,
1987-02-05,,,,
1987-02-06,,,,
1987-02-07,,,,
1987-02-08,,,,
1987-02-09,,,,
1987-02-10,,,,
1987-02-11,,,,
1987-02-12,,,,
1987-02-13,,,,
1987-02-14,,,,
1987-02-15,,,,
1987-02-16,,,,
1987-02-17,,,,
1987-02-18,,,,
1987-02-19,,,,
1987-02-20,,,,
1987-02-21,,,,
1987-02-22,,,,
1987-02-23,,,,
1987-02-24,,,,
1987-02-25,,,,
1987-02-26,,,,
1987-02-27,,,,
1987-02-28,,,,
1987-03-01,,,,
1987-03-02,,,,
1987-03-03,,,,
1987-03-04,,,,
1987-03-05,,,,
1987-03-06,,,,
1987-03-07,,,,
1987-03-08,,,,
1987-03-09,,,,
1987-03-10,,,,
1987-03-11,,,,
1987-03-12,,,,
1987-03-13,,,,
1987-03-14,,,,
1987-03-15,,,,
1987-03-16,,,,
1987-03-17,,,,
1987-03-18,,,,
1987-03-19,,,,
1987-03-20,,,,
1987-03-21,,,,
1987-03-22,,,,
1987-03-23,,,,
1987-03-24,,,,
1987-03-25,,,,
1987-03-26,,,,
1987-03-27,,,,
1987-03-28,,,,
1987-03-29,,,,
1987-03-30,,,,
1987-03-31,,,,
1987-04-01,,,,
1987-04-02,,,,
1987-04-03,,,,
1987-04-04,,,,
1987-04-05,,,,
1987-04-06,,,,
1987-04-07,,,,
1987-04-08,,,,
1987-04-09,,,,
1987-04-10,,,,
1987-04-11,,,,
1987-04-12,,,,
1987-04-13,,,,
1987-04-14,,,,
1987-04-15,,,,
1987-04-16,,,,
1987-04-17,,,,
1987-04-18,,,,
1987-04-19,,,,
1987-04-20,,,,
1987-04-21,,,,
1987-04-22,,,,
1987-04-23,,,,
1987-04-24,,,,
1987-04-25,,,,
1987-04-26,,,,
1987-04-27,,,,
1987-04-28,,,,
1987-04-29,,,,
1987-04-30,,,,
1987-05-01,,,,
1987-05-02,,,,
1987-05-03,,,,
1987-05-04,,,,
1987-05-05,,,,
1987-05-06,,,,
1987-05-07,,,,
1987-05-08,,,,
1987-05-09,,,,
1987-05-10,,,,
1987-05-11,,,,
1987-05-12,,,,
1987-05-13,,,,
1987-05-14,,,,
1987-05-15,,,,
1987-05-16,,,,
1987-05-17,,,,
1987-05-18,,,,
1987-05-19,,,,
1987-05-20,,,,
1987-05-21,,,,
1987-05-22,,,,
1987-05-23,,,,
1987-05-24,,,,
1987-05-25,,,,
1987-05-26,,,,
1987-05-27,,,,
1987-05-28,,,,
1987-05-29,,,,
1987-05-30,,,,
1987-05-31,,,,
1987-06-01,,,,
1987-06-02,,,,
1987-06-03,,,,
1987-06-04,,,,
1987-06-05,,,,
1987-06-06,,,,
1987-06-07,,,,
1987-06-08,,,,
1987-06-09,,,,
1987-06-10,,,,
1987-06-11,,,,
1987-06-12,,,,
1987-06-13,,,,
1987-06-14,,,,
1987-06-15,,,,
1987-06-16,,,,
1987-06-17,,,,
1987-06-18,,,,
1987-06-19,,,,
1987-06-20,,,,
1987-06-21,,,,
1987-06-22,,,,
1987-06-23,,,,
1987-06-24,,,,
1987-06-25,,,,
1987-06-26,,,,
1987-06-27,,,,
1987-06-28,,,,
1987-06-29,,,,
1987-06-30,,,,
1987-07-01,,,,
1987-07-02,,,,
1987-07-03,,,,
1987-07-04,,,,
1987-07-05,,,,
1987-07-06,,,,
1987-07-07,,,,
1987-07-08,,,,
1987-07-09,,,,
1987-07-10,,,,
1987-07-11,,,,
1987-07-12,,,,
1987-07-13,,,,
1987-07-14,,,,
1987-07-15,,,,
1987-07-16,,,,
1987-07-17,,,,
1987-07-18,,,,
1987-07-19,,,,
1987-07-20,,,,
1987-07-21,,,,
1987-07-22,,,,
1987-07-23,,,,
1987-07-24,,,,
1987-07-25,,,,
1987-07-26,,,,
1987-07-27,,,,
1987-07-28,,,,
1987-07-29,,,,
1987-07-30,,,,
1987-07-31,,,,
1987-08-01,,,,
1987-08-02,,,,
1987-08-03,,,,
1987-08-04,,,,
1987-08-05,,,,
1987-08-06,,,,
1987-08-07,,,,
1987-08-08,,,,
1987-08-09,,,,
1987-08-10,,,,
1987-08-11,,,,
1987-08-12,,,,
1987-08-13,,,,
1987-08-14,,,,
1987-08-15,,,,
1987-08-16,,,,
1987-08-17,,,,
1987-08-18,,,,
1987-08-19,,,,
1987-08-20,,,,
1987-08-21,,,,
1987-08-22,,,,
1987-08-23,,,,
1987-08-24,,,,
1987-08-25,,,,
1987-08-26,,,,
1987-08-27,,,,
1987-08-28,,,,
1987-08-29,,,,
1987-08-30,,,,
1987-08-31,,,,
1987-09-01,,,,
1987-09-02,,,,
1987-09-03,,,,
1987-09-04,,,,
1987-09-05,,,,
1987-09-06,,,,
1987-09-07,,,,
1987-09-08,,,,
1987-09-09,,,,
1987-09-10,,,,
1987-09-11,,,,
1987-09-12,,,,
1987-09-13,,,,
1987-09-14,,,,
1987-09-15,,,,
1987-09-16,,,,
1987-09-17,,,,
1987-09-18,,,,
1987-09-19,,,,
1987-09-20,,,,
1987-09-21,,,,
1987-09-22,,,,
1987-09-23,,,,
1987-09-24,,,,
1987-09-25,,,,
1987-09-26,,,,
1987-09-27,,,,
1987-09-28,,,,
1987-09-29,,,,
1987-09-30,,,,
1987-10-01,,,,
1987-10-02,,,,
1987-10-03,,,,
1987-10-04,,,,
1987-10-05,,,,
1987-10-06,,,,
1987-10-07,,,,
1987-10-08,,,,
1987-10-09,,,,
1987-10-10,,,,
1987-10-11,,,,
1987-10-12,,,,
1987-10-13,,,,
1987-10-14,,,,
1987-10-15,,,,
1987-10-16,,,,
1987-10-17,,,,
1987-10-18,,,,
1987-10-19,,,,
1987-10-20,,,,
1987-10-21,,,,
1987-10-22,,,,
1987-10-23,,,,
1987-10-24,,,,
1987-10-25,,,,
1987-10-26,,,,
1987-10-27,,,,
1987-10-28,,,,
1987-10-29,,,,
1987-10-30,,,,
1987-10-31,,,,
1987-11-01,,,,
1987-11-02,,,,
1987-11-03,,,,
1987-11-04,,,,
1987-11-05,,,,
1987-11-06,,,,
1987-11-07,,,,
1987-11-08,,,,
1987-11-09,,,,
1987-11-10,,,,
1987-11-11,,,,
1987-11-12,,,,
1987-11-13,,,,
1987-11-14,,,,
1987-11-15,,,,
1987-11-16,,,,
1987-11-17,,,,
1987-11-18,,,,
1987-11-19,,,,
1987-11-20,,,,
1987-11-21,,,,
1987-11-22,,,,
1987-11-23,,,,
1987-11-24,,,,
1987-11-25,,,,
1987-11-26,,,,
1987-11-27,,,,
1987-11-28,,,,
1987-11-29,,,,
1987-11-30,,,,
1987-12-01,,,,
1987-12-02,,,,
1987-12-03,,,,
1987-12-04,,,,
1987-12-05,,,,
1987-12-06,,,,
1987-12-07,,,,
1987-12-08,,,,
1987-12-09,,,,
1987-12-10,,,,
1987-12-11,,,,
1987-12-12,,,,
1987-12-13,,,,
1987-12-14,,,,
1987-12-15,,,,
1987-12-16,,,,
1987-12-17,,,,
1987-12-18,,,,
1987-12-19,,,,
1987-12-20,,,,
1987-12-21,,,,
1987-12-22,,,,
1987-12-23,,,,
1987-12-24,,,,
1987-12-25,,,,
1987-12-26,,,,
1987-12-27,,,,
1987-12-28,,,,
1987-12-29,,,,
1987-12-30,,,,
1987-12-31,,,,
1988-01-01,,,,
1988-01-02,,,,
1988-01-03,,,,
1988-01-04,,,,
1988-01-05,,,,
1988-01-06,,,,
1988-01-07,,,,
1988-01-08,,,,
1988-01-09,,,,
1988-01-10,,,,
1988-01-11,,,,
1988-01-12,,,,
1988-01-13,,,,
1988-01-14,,,,
1988-01-15,,,,
1988-01-16,,,,
1988-01-17,,,,
1988-01-18,,,,
1988-01-19,,,,
1988-01-20,,,,
1988-01-21,,,,
1988-01-22,,,,
1988-01-23,,,,
1988-01-24,,,,
1988-01-25,,,,
1988-01-26,,,,
1988-01-27,,,,
1988-01-28,,,,
1988-01-29,,,,
1988-01-30,,,,
1988-01-31,,,,
1988-02-01,,,,
1988-02-02,,,,
1988-02-03,,,,
1988-02-04,,,,
1988-02-05,,,,
1988-02-06,,,,
1988-02-07,,,,
1988-02-08,,,,
1988-02-09,,,,
1988-02-10,,,,
1988-02-11,,,,
1988-02-12,,,,
1988-02-13,,,,
1988-02-14,,,,
1988-02-15,,,,
1988-02-16,,,,
1988-02-17,,,,
1988-02-18,,,,
1988-02-19,,,,
1988-02-20,,,,
1988-02-21,,,,
1988-02-22,,,,
1988-02-23,,,,
1988-02-24,,,,
1988-02-25,,,,
1988-02-26,,,,
1988-02-27,,,,
1988-02-28,,,,
1988-02-29,,,,
1988-03-01,,,,
1988-03-02,,,,
1988-03-03,,,,
1988-03-04,,,,
1988-03-05,,,,
1988-03-06,,,,
1988-03-07,,,,
1988-03-08,,,,
1988-03-09,,,,
1988-03-10,,,,
1988-03-11,,,,
1988-03-12,,,,
1988-03-13,,,,
1988-03-14,,,,
1988-03-15,,,,
1988-03-16,,,,
1988-03-17,,,,
1988-03-18,,,,
1988-03-19,,,,
1988-03-20,,,,
1988-03-21,,,,
1988-03-22,,,,
1988-03-23,,,,
1988-03-24,,,,
1988-03-25,,,,
1988-03-26,,,,
1988-03-27,,,,
1988-03-28,,,,
1988-03-29,,,,
1988-03-30,,,,
1988-03-31,,,,
1988-04-01,,,,
1988-04-02,,,,
1988-04-03,,,,
1988-04-04,,,,
1988-04-05,,,,
1988-04-06,,,,
1988-04-07,,,,
1988-04-08,,,,
1988-04-09,,,,
1988-04-10,,,,
1988-04-11,,,,
1988-04-12,,,,
1988-04-13,,,,
1988-04-14,,,,
1988-04-15,,,,
1988-04-16,,,,
1988-04-17,,,,
1988-04-18,,,,
1988-04-19,,,,
1988-04-20,,,,
1988-04-21,,,,
1988-04-22,,,,
1988-04-23,,,,
1988-04-24,,,,
1988-04-25,,,,
1988-04-26,,,,
1988-04-27,,,,
1988-04-28,,,,
1988-04-29,,,,
1988-04-30,,,,
1988-05-01,,,,
1988-05-02,,,,
1988-05-03,,,,
1988-05-04,,,,
1988-05-05,,,,
1988-05-06,,,,
1988-05-07,,,,
1988-05-08,,,,
1988-05-09,,,,
1988-05-10,,,,
1988-05-11,,,,
1988-05-12,,,,
1988-05-13,,,,
1988-05-14,,,,
1988-05-15,,,,
1988-05-16,,,,
1988-05-17,,,,
1988-05-18,,,,
1988-05-19,,,,
1988-05-20,,,,
1988-05-21,,,,
1988-05-22,,,,
1988-05-23,,,,
1988-05-24,,,,
1988-05-25,,,,
1988-05-26,,,,
1988-05-27,,,,
1988-05-28,,,,
1988-05-29,,,,
1988-05-30,,,,
1988-05-31,,,,
1988-06-01,,,,
1988-06-02,,,,
1988-06-03,,,,
1988-06-04,,,,
1988-06-05,,,,
1988-06-06,,,,
1988-06-07,,,,
1988-06-08,,,,
1988-06-09,,,,
1988-06-10,,,,
1988-06-11,,,,
1988-06-12,,,,
1988-06-13,,,,
1988-06-14,,,,
1988-06-15,,,,
1988-06-16,,,,
1988-06-17,,,,
1988-06-18,,,,
1988-06-19,,,,
1988-06-20,,,,
1988-06-21,,,,
1988-06-22,,,,
1988-06-23,,,,
1988-06-24,,,,
1988-06-25,,,,
1988-06-26,,,,
1988-06-27,,,,
1988-06-28,,,,
1988-06-29,,,,
1988-06-30,,,,
1988-07-01,,,,
1988-07-02,,,,
1988-07-03,,,,
1988-07-04,,,,
1988-07-05,,,,
1988-07-06,,,,
1988-07-07,,,,
1988-07-08,,,,
1988-07-09,,,,
1988-07-10,,,,
1988-07-11,,,,
1988-07-12,,,,
1988-07-13,,,,
1988-07-14,,,,
1988-07-15,,,,
1988-07-16,,,,
1988-07-17,,,,
1988-07-18,,,,
1988-07-19,,,,
1988-07-20,,,,
1988-07-21,,,,
1988-07-22,,,,
1988-07-23,,,,
1988-07-24,,,,
1988-07-25,,,,
1988-07-26,,,,
1988-07-27,,,,
1988-07-28,,,,
1988-07-29,,,,
1988-07-30,,,,
1988-07-31,,,,
1988-08-01,,,,
1988-08-02,,,,
1988-08-03,,,,
1988-08-04,,,,
1988-08-05,,,,
1988-08-06,,,,
1988-08-07,,,,
1988-08-08,,,,
1988-08-09,,,,
1988-08-10,,,,
1988-08-11,,,,
1988-08-12,,,,
1988-08-13,,,,
1988-08-14,,,,
1988-08-15,,,,
1988-08-16,,,,
1988-08-17,,,,
1988-08-18,,,,
1988-08-19,,,,
1988-08-20,,,,
1988-08-21,,,,
1988-08-22,,,,
1988-08-23,,,,
1988-08-24,,,,
1988-08-25,,,,
1988-08-26,,,,
1988-08-27,,,,
1988-08-28,,,,
1988-08-29,,,,
1988-08-30,,,,
1988-08-31,,,,
1988-09-01,,,,
1988-09-02,,,,
1988-09-03,,,,
1988-09-04,,,,
1988-09-05,,,,
1988-09-06,,,,
1988-09-07,,,,
1988-09-08,,,,
1988-09-09,,,,
1988-09-10,,,,
1988-09-11,,,,
1988-09-12,,,,
1988-09-13,,,,
1988-09-14,,,,
1988-09-15,,,,
1988-09-16,,,,
1988-09-17,,,,
1988-09-18,,,,
1988-09-19,,,,
1988-09-20,,,,
1988-09-21,,,,
1988-09-22,,,,
1988-09-23,,,,
1988-09-24,,,,
1988-09-25,,,,
1988-09-26,,,,
1988-09-27,,,,
1988-09-28,,,,
1988-09-29,,,,
1988-09-30,,,,
1988-10-01,,,,
1988-10-02,,,,
1988-10-03,,,,
1988-10-04,,,,
1988-10-05,,,,
1988-10-06,,,,
1988-10-07,,,,
1988-10-08,,,,
1988-10-09,,,,
1988-10-10,,,,
1988-10-11,,,,
1988-10-12,,,,
1988-10-13,,,,
1988-10-14,,,,
1988-10-15,,,,
1988-10-16,,,,
1988-10-17,,,,
1988-10-18,,,,
1988-10-19,,,,
1988-10-20,,,,
1988-10-21,,,,
1988-10-22,,,,
1988-10-23,,,,
1988-10-24,,,,
1988-10-25,,,,
1988-10-26,,,,
1988-10-27,,,,
1988-10-28,,,,
1988-10-29,,,,
1988-10-30,,,,
1988-10-31,,,,
1988-11-01,,,,
1988-11-02,,,,
1988-11-03,,,,
1988-11-04,,,,
1988-11-05,,,,
1988-11-06,,,,
1988-11-07,,,,
1988-11-08,,,,
1988-11-09,,,,
1988-11-10,,,,
1988-11-11,,,,
1988-11-12,,,,
1988-11-13,,,,
1988-11-14,,,,
1988-11-15,,,,
1988-11-16,,,,
1988-11-17,,,,
1988-11-18,,,,
1988-11-19,,,,
1988-11-20,,,,
1988-11-21,,,,
1988-11-22,,,,
1988-11-23,,,,
1988-11-24,,,,
1988-11-25,,,,
1988-11-26,,,,
1988-11-27,,,,
1988-11-28,,,,
1988-11-29,,,,
1988-11-30,,,,
1988-12-01,,,,
1988-12-02,,,,
1988-12-03,,,,
1988-12-04,,,,
1988-12-05,,,,
1988-12-06,,,,
1988-12-07,,,,
1988-12-08,,,,
1988-12-09,,,,
1988-12-10,,,,
1988-12-11,,,,
1988-12-12,,,,
1988-12-13,,,,
1988-12-14,,,,
1988-12-15,,,,
1988-12-16,,,,
1988-12-17,,,,
1988-12-18,,,,
1988-12-19,,,,
1988-12-20,,,,
1988-12-21,,,,
1988-12-22,,,,
1988-12-23,,,,
1988-12-24,,,,
1988-12-25,,,,
1988-12-26,,,,
1988-12-27,,,,
1988-12-28,,,,
1988-12-29,,,,
1988-12-30,,,,
1988-12-31,,,,
1989-01-01,,,,
1989-01-02,,,,
1989-01-03,,,,
1989-01-04,,,,
1989-01-05,,,,
1989-01-06,,,,
1989-01-07,,,,
1989-01-08,,,,
1989-01-09,,,,
1989-01-10,,,,
1989-01-11,,,,
1989-01-12,,,,
1989-01-13,,,,
1989-01-14,,,,
1989-01-15,,,,
1989-01-16,,,,
1989-01-17,,,,
1989-01-18,,,,
1989-01-19,,,,
1989-01-20,,,,
1989-01-21,,,,
1989-01-22,,,,
1989-01-23,,,,
1989-01-24,,,,
1989-01-25,,,,
1989-01-26,,,,
1989-01-27,,,,
1989-01-28,,,,
1989-01-29,,,,
1989-01-30,,,,
1989-01-31,,,,
1989-02-01,,,,
1989-02-02,,,,
1989-02-03,,,,
1989-02-04,,,,
1989-02-05,,,,
1989-02-06,,,,
1989-02-07,,,,
1989-02-08,,,,
1989-02-09,,,,
1989-02-10,,,,
1989-02-11,,,,
1989-02-12,,,,
1989-02-13,,,,
1989-02-14,,,,
1989-02-15,,,,
1989-02-16,,,,
1989-02-17,,,,
1989-02-18,,,,
1989-02-19,,,,
1989-02-20,,,,
1989-02-21,,,,
1989-02-22,,,,
1989-02-23,,,,
1989-02-24,,,,
1989-02-25,,,,
1989-02-26,,,,
1989-02-27,,,,
1989-02-28,,,,
1989-03-01,,,,
1989-03-02,,,,
1989-03-03,,,,
1989-03-04,,,,
1989-03-05,,,,
1989-03-06,,,,
1989-03-07,,,,
1989-03-08,,,,
1989-03-09,,,,
1989-03-10,,,,
1989-03-11,,,,
1989-03-12,,,,
1989-03-13,,,,
1989-03-14,,,,
1989-03-15,,,,
1989-03-16,,,,
1989-03-17,,,,
1989-03-18,,,,
1989-03-19,,,,
1989-03-20,,,,
1989-03-21,,,,
1989-03-22,,,,
1989-03-23,,,,
1989-03-24,,,,
1989-03-25,,,,
1989-03-26,,,,
1989-03-27,,,,
1989-03-28,,,,
1989-03-29,,,,
1989-03-30,,,,
1989-03-31,,,,
1989-04-01,,,,
1989-04-02,,,,
1989-04-03,,,,
1989-04-04,,,,
1989-04-05,,,,
1989-04-06,,,,
1989-04-07,,,,
1989-04-08,,,,
1989-04-09,,,,
1989-04-10,,,,
1989-04-11,,,,
1989-04-12,,,,
1989-04-13,,,,
1989-04-14,,,,
1989-04-15,,,,
1989-04-16,,,,
1989-04-17,,,,
1989-04-18,,,,
1989-04-19,,,,
1989-04-20,,,,
1989-04-21,,,,
1989-04-22,,,,
1989-04-23,,,,
1989-04-24,,,,
1989-04-25,,,,
1989-04-26,,,,
1989-04-27,,,,
1989-04-28,,,,
1989-04-29,,,,
1989-04-30,,,,
1989-05-01,,,,
1989-05-02,,,,
1989-05-03,,,,
1989-05-04,,,,
1989-05-05,,,,
1989-05-06,,,,
1989-05-07,,,,
1989-05-08,,,,
1989-05-09,,,,
1989-05-10,,,,
1989-05-11,,,,
1989-05-12,,,,
1989-05-13,,,,
1989-05-14,,,,
1989-05-15,,,,
1989-05-16,,,,
1989-05-17,,,,
1989-05-18,,,,
1989-05-19,,,,
1989-05-20,,,,
1989-05-21,,,,
1989-05-22,,,,
1989-05-23,,,,
1989-05-24,,,,
1989-05-25,,,,
1989-05-26,,,,
1989-05-27,,,,
1989-05-28,,,,
1989-05-29,,,,
1989-05-30,,,,
1989-05-31,,,,
1989-06-01,,,,
1989-06-02,,,,
1989-06-03,,,,
1989-06-04,,,,
1989-06-05,,,,
1989-06-06,,,,
1989-06-07,,,,
1989-06-08,,,,
1989-06-09,,,,
1989-06-10,,,,
1989-06-11,,,,
1989-06-12,,,,
1989-06-13,,,,
1989-06-14,,,,
1989-06-15,,,,
1989-06-16,,,,
1989-06-17,,,,
1989-06-18,,,,
1989-06-19,,,,
1989-06-20,,,,
1989-06-21,,,,
1989-06-22,,,,
1989-06-23,,,,
1989-06-24,,,,
1989-06-25,,,,
1989-06-26,,,,
1989-06-27,,,,
1989-06-28,,,,
1989-06-29,,,,
1989-06-30,,,,
1989-07-01,,,,
1989-07-02,,,,
1989-07-03,,,,
1989-07-04,,,,
1989-07-05,,,,
1989-07-06,,,,
1989-07-07,,,,
1989-07-08,,,,
1989-07-09,,,,
1989-07-10,,,,
1989-07-11,,,,
1989-07-12,,,,
1989-07-13,,,,
1989-07-14,,,,
1989-07-15,,,,
1989-07-16,,,,
1989-07-17,,,,
1989-07-18,,,,
1989-07-19,,,,
1989-07-20,,,,
1989-07-21,,,,
1989-07-22,,,,
1989-07-23,,,,
1989-07-24,,,,
1989-07-25,,,,
1989-07-26,,,,
1989-07-27,,,,
1989-07-28,,,,
1989-07-29,,,,
1989-07-30,,,,
1989-07-31,,,,
1989-08-01,,,,
1989-08-02,,,,
1989-08-03,,,,
1989-08-04,,,,
1989-08-05,,,,
1989-08-06,,,,
1989-08-07,,,,
1989-08-08,,,,
1989-08-09,,,,
1989-08-10,,,,
1989-08-11,,,,
1989-08-12,,,,
1989-08-13,,,,
1989-08-14,,,,
1989-08-15,,,,
1989-08-16,,,,
1989-08-17,,,,
1989-08-18,,,,
1989-08-19,,,,
1989-08-20,,,,
1989-08-21,,,,
1989-08-22,,,,
1989-08-23,,,,
1989-08-24,,,,
1989-08-25,,,,
1989-08-26,,,,
1989-08-27,,,,
1989-08-28,,,,
1989-08-29,,,,
1989-08-30,,,,
1989-08-31,,,,
1989-09-01,,,,
1989-09-02,,,,
1989-09-03,,,,
1989-09-04,,,,
1989-09-05,,,,
1989-09-06,,,,
1989-09-07,,,,
1989-09-08,,,,
1989-09-09,,,,
1989-09-10,,,,
1989-09-11,,,,
1989-09-12,,,,
1989-09-13,,,,
1989-09-14,,,,
1989-09-15,,,,
1989-09-16,,,,
1989-09-17,,,,
1989-09-18,,,,
1989-09-19,,,,
1989-09-20,,,,
1989-09-21,,,,
1989-09-22,,,,
1989-09-23,,,,
1989-09-24,,,,
1989-09-25,,,,
1989-09-26,,,,
1989-09-27,,,,
1989-09-28,,,,
1989-09-29,,,,
1989-09-30,,,,
1989-10-01,,,,
1989-10-02,,,,
1989-10-03,,,,
1989-10-04,,,,
1989-10-05,,,,
1989-10-06,,,,
1989-10-07,,,,
1989-10-08,,,,
1989-10-09,,,,
1989-10-10,,,,
1989-10-11,,,,
1989-10-12,,,,
1989-10-13,,,,
1989-10-14,,,,
1989-10-15,,,,
1989-10-16,,,,
1989-10-17,,,,
1989-10-18,,,,
1989-10-19,,,,
1989-10-20,,,,
1989-10-21,,,,
1989-10-22,,,,
1989-10-23,,,,
1989-10-24,,,,
1989-10-25,,,,
1989-10-26,,,,
1989-10-27,,,,
1989-10-28,,,,
1989-10-29,,,,
1989-10-30,,,,
1989-10-31,,,,
1989-11-01,,,,
1989-11-02,,,,
1989-11-03,,,,
1989-11-04,,,,
1989-11-05,,,,
1989-11-06,,,,
1989-11-07,,,,
1989-11-08,,,,
1989-11-09,,,,
1989-11-10,,,,
1989-11-11,,,,
1989-11-12,,,,
1989-11-13,,,,
1989-11-14,,,,
1989-11-15,,,,
1989-11-16,,,,
1989-11-17,,,,
1989-11-18,,,,
1989-11-19,,,,
1989-11-20,,,,
1989-11-21,,,,
1989-11-22,,,,
1989-11-23,,,,
1989-11-24,,,,
1989-11-25,,,,
1989-11-26,,,,
1989-11-27,,,,
1989-11-28,,,,
1989-11-29,,,,
1989-11-30,,,,
1989-12-01,,,,
1989-12-02,,,,
1989-12-03,,,,
1989-12-04,,,,
1989-12-05,,,,
1989-12-06,,,,
1989-12-07,,,,
1989-12-08,,,,
1989-12-09,,,,
1989-12-10,,,,
1989-12-11,,,,
1989-12-12,,,,
1989-12-13,,,,
1989-12-14,,,,
1989-12-15,,,,
1989-12-16,,,,
1989-12-17,,,,
1989-12-18,,,,
1989-12-19,,,,
1989-12-20,,,,
1989-12-21,,,,
1989-12-22,,,,
1989-12-23,,,,
1989-12-24,,,,
1989-12-25,,,,
1989-12-26,,,,
1989-12-27,,,,
1989-12-28,,,,
1989-12-29,,,,
1989-12-30,,,,
1989-12-31,,,,
1990-01-01,,,,
1990-01-02,,,,
1990-01-03,,,,
1990-01-04,,,,
1990-01-05,,,,
1990-01-06,,,,
1990-01-07,,,,
1990-01-08,,,,
1990-01-09,,,,
1990-01-10,,,,
1990-01-11,,,,
1990-01-12,,,,
1990-01-13,,,,
1990-01-14,,,,
1990-01-15,,,,
1990-01-16,,,,
1990-01-17,,,,
1990-01-18,,,,
1990-01-19,,,,
1990-01-20,,,,
1990-01-21,,,,
1990-01-22,,,,
1990-01-23,,,,
1990-01-24,,,,
1990-01-25,,,,
1990-01-26,,,,
1990-01-27,,,,
1990-01-28,,,,
1990-01-29,,,,
1990-01-30,,,,
1990-01-31,,,,
1990-02-01,,,,
1990-02-02,,,,
1990-02-03,,,,
1990-02-04,,,,
1990-02-05,,,,
1990-02-06,,,,
1990-02-07,,,,
1990-02-08,,,,
1990-02-09,,,,
1990-02-10,,,,
1990-02-11,,,,
1990-02-12,,,,
1990-02-13,,,,
1990-02-14,,,,
1990-02-15,,,,
1990-02-16,,,,
1990-02-17,,,,
1990-02-18,,,,
1990-02-19,,,,
1990-02-20,,,,
1990-02-21,,,,
1990-02-22,,,,
1990-02-23,,,,
1990-02-24,,,,
1990-02-25,,,,
1990-02-26,,,,
1990-02-27,,,,
1990-02-28,,,,
1990-03-01,,,,
1990-03-02,,,,
1990-03-03,,,,
1990-03-04,,,,
1990-03-05,,,,
1990-03-06,,,,
1990-03-07,,,,
1990-03-08,,,,
1990-03-09,,,,
1990-03-10,,,,
1990-03-11,,,,
1990-03-12,,,,
1990-03-13,,,,
1990-03-14,,,,
1990-03-15,,,,
1990-03-16,,,,
1990-03-17,,,,
1990-03-18,,,,
1990-03-19,,,,
1990-03-20,,,,
1990-03-21,,,,
1990-03-22,,,,
1990-03-23,,,,
1990-03-24,,,,
1990-03-25,,,,
1990-03-26,,,,
1990-03-27,,,,
1990-03-28,,,,
1990-03-29,,,,
1990-03-30,,,,
1990-03-31,,,,
1990-04-01,,,,
1990-04-02,,,,
1990-04-03,,,,
1990-04-04,,,,
1990-04-05,,,,
1990-04-06,,,,
1990-04-07,,,,
1990-04-08,,,,
1990-04-09,,,,
1990-04-10,,,,
1990-04-11,,,,
1990-04-12,,,,
1990-04-13,,,,
1990-04-14,,,,
1990-04-15,,,,
1990-04-16,,,,
1990-04-17,,,,
1990-04-18,,,,
1990-04-19,,,,
1990-04-20,,,,
1990-04-21,,,,
1990-04-22,,,,
1990-04-23,,,,
1990-04-24,,,,
1990-04-25,,,,
1990-04-26,,,,
1990-04-27,,,,
1990-04-28,,,,
1990-04-29,,,,
1990-04-30,,,,
1990-05-01,,,,
1990-05-02,,,,
1990-05-03,,,,
1990-05-04,,,,
1990-05-05,,,,
1990-05-06,,,,
1990-05-07,,,,
1990-05-08,,,,
1990-05-09,,,,
1990-05-10,,,,
1990-05-11,,,,
1990-05-12,,,,
1990-05-13,,,,
1990-05-14,,,,
1990-05-15,,,,
1990-05-16,,,,
1990-05-17,,,,
1990-05-18,,,,
1990-05-19,,,,
1990-05-20,,,,
1990-05-21,,,,
1990-05-22,,,,
1990-05-23,,,,
1990-05-24,,,,
1990-05-25,,,,
1990-05-26,,,,
1990-05-27,,,,
1990-05-28,,,,
1990-05-29,,,,
1990-05-30,,,,
1990-05-31,,,,
1990-06-01,,,,
1990-06-02,,,,
1990-06-03,,,,
1990-06-04,,,,
1990-06-05,,,,
1990-06-06,,,,
1990-06-07,,,,
1990-06-08,,,,
1990-06-09,,,,
1990-06-10,,,,
1990-06-11,,,,
1990-06-12,,,,
1990-06-13,,,,
1990-06-14,,,,
1990-06-15,,,,
1990-06-16,,,,
1990-06-17,,,,
1990-06-18,,,,
1990-06-19,,,,
1990-06-20,,,,
1990-06-21,,,,
1990-06-22,,,,
1990-06-23,,,,
1990-06-24,,,,
1990-06-25,,,,
1990-06-26,,,,
1990-06-27,,,,
1990-06-28,,,,
1990-06-29,,,,
1990-06-30,,,,
1990-07-01,,,,
1990-07-02,,,,
1990-07-03,,,,
1990-07-04,,,,
1990-07-05,,,,
1990-07-06,,,,
1990-07-07,,,,
1990-07-08,,,,
1990-07-09,,,,
1990-07-10,,,,
1990-07-11,,,,
1990-07-12,,,,
1990-07-13,,,,
1990-07-14,,,,
1990-07-15,,,,
1990-07-16,,,,
1990-07-17,,,,
1990-07-18,,,,
1990-07-19,,,,
1990-07-20,,,,
1990-07-21,,,,
1990-07-22,,,,
1990-07-23,,,,
1990-07-24,,,,
1990-07-25,,,,
1990-07-26,,,,
1990-07-27,,,,
1990-07-28,,,,
1990-07-29,,,,
1990-07-30,,,,
1990-07-31,,,,
1990-08-01,,,,
1990-08-02,,,,
1990-08-03,,,,
1990-08-04,,,,
1990-08-05,,,,
1990-08-06,,,,
1990-08-07,,,,
1990-08-08,,,,
1990-08-09,,,,
1990-08-10,,,,
1990-08-11,,,,
1990-08-12,,,,
1990-08-13,,,,
1990-08-14,,,,
1990-08-15,,,,
1990-08-16,,,,
1990-08-17,,,,
1990-08-18,,,,
1990-08-19,,,,
1990-08-20,,,,
1990-08-21,,,,
1990-08-22,,,,
1990-08-23,,,,
1990-08-24,,,,
1990-08-25,,,,
1990-08-26,,,,
1990-08-27,,,,
1990-08-28,,,,
1990-08-29,,,,
1990-08-30,,,,
1990-08-31,,,,
1990-09-01,,,,
1990-09-02,,,,
1990-09-03,,,,
1990-09-04,,,,
1990-09-05,,,,
1990-09-06,,,,
1990-09-07,,,,
1990-09-08,,,,
1990-09-09,,,,
1990-09-10,,,,
1990-09-11,,,,
1990-09-12,,,,
1990-09-13,,,,
1990-09-14,,,,
1990-09-15,,,,
1990-09-16,,,,
1990-09-17,,,,
1990-09-18,,,,
1990-09-19,,,,
1990-09-20,,,,
1990-09-21,,,,
1990-09-22,,,,
1990-09-23,,,,
1990-09-24,,,,
1990-09-25,,,,
1990-09-26,,,,
1990-09-27,,,,
1990-09-28,,,,
1990-09-29,,,,
1990-09-30,,,,
1990-10-01,,,,
1990-10-02,,,,
1990-10-03,,,,
1990-10-04,,,,
1990-10-05,,,,
1990-10-06,,,,
1990-10-07,,,,
1990-10-08,,,,
1990-10-09,,,,
1990-10-10,,,,
1990-10-11,,,,
1990-10-12,,,,
1990-10-13,,,,
1990-10-14,,,,
1990-10-15,,,,
1990-10-16,,,,
1990-10-17,,,,
1990-10-18,,,,
1990-10-19,,,,
1990-10-20,,,,
1990-10-21,,,,
1990-10-22,,,,
1990-10-23,,,,
1990-10-24,,,,
1990-10-25,,,,
1990-10-26,,,,
1990-10-27,,,,
1990-10-28,,,,
1990-10-29,,,,
1990-10-30,,,,
1990-10-31,,,,
1990-11-01,,,,
1990-11-02,,,,
1990-11-03,,,,
1990-11-04,,,,
1990-11-05,,,,
1990-11-06,,,,
1990-11-07,,,,
1990-11-08,,,,
1990-11-09,,,,
1990-11-10,,,,
1990-11-11,,,,
1990-11-12,,,,
1990-11-13,,,,
1990-11-14,,,,
1990-11-15,,,,
1990-11-16,,,,
1990-11-17,,,,
1990-11-18,,,,
1990-11-19,,,,
1990-11-20,,,,
1990-11-21,,,,
1990-11-22,,,,
1990-11-23,,,,
1990-11-24,,,,
1990-11-25,,,,
1990-11-26,,,,
1990-11-27,,,,
1990-11-28,,,,
1990-11-29,,,,
1990-11-30,,,,
1990-12-01,,,,
1990-12-02,,,,
1990-12-03,,,,
1990-12-04,,,,
1990-12-05,,,,
1990-12-06,,,,
1990-12-07,,,,
1990-12-08,,,,
1990-12-09,,,,
1990-12-10,,,,
1990-12-11,,,,
1990-12-12,,,,
1990-12-13,,,,
1990-12-14,,,,
1990-12-15,,,,
1990-12-16,,,,
1990-12-17,,,,
1990-12-18,,,,
1990-12-19,,,,
1990-12-20,,,,
1990-12-21,,,,
1990-12-22,,,,
1990-12-23,,,,
1990-12-24,,,,
1990-12-25,,,,
1990-12-26,,,,
1990-12-27,,,,
1990-12-28,,,,
1990-12-29,,,,
1990-12-30,,,,
1990-12-31,,,,
1991-01-01,,,,
1991-01-02,,,,
1991-01-03,,,,
1991-01-04,,,,
1991-01-05,,,,
1991-01-06,,,,
1991-01-07,,,,
1991-01-08,,,,
1991-01-09,,,,
1991-01-10,,,,
1991-01-11,,,,
1991-01-12,,,,
1991-01-13,,,,
1991-01-14,,,,
1991-01-15,,,,
1991-01-16,,,,
1991-01-17,,,,
1991-01-18,,,,
1991-01-19,,,,
1991-01-20,,,,
1991-01-21,,,,
1991-01-22,,,,
1991-01-23,,,,
1991-01-24,,,,
1991-01-25,,,,
1991-01-26,,,,
1991-01-27,,,,
1991-01-28,,,,
1991-01-29,,,,
1991-01-30,,,,
1991-01-31,,,,
1991-02-01,,,,
1991-02-02,,,,
1991-02-03,,,,
1991-02-04,,,,
1991-02-05,,,,
1991-02-06,,,,
1991-02-07,,,,
1991-02-08,,,,
1991-02-09,,,,
1991-02-10,,,,
1991-02-11,,,,
1991-02-12,,,,
1991-02-13,,,,
1991-02-14,,,,
1991-02-15,,,,
1991-02-16,,,,
1991-02-17,,,,
1991-02-18,,,,
1991-02-19,,,,
1991-02-20,,,,
1991-02-21,,,,
1991-02-22,,,,
1991-02-23,,,,
1991-02-24,,,,
1991-02-25,,,,
1991-02-26,,,,
1991-02-27,,,,
1991-02-28,,,,
1991-03-01,,,,
1991-03-02,,,,
1991-03-03,,,,
1991-03-04,,,,
1991-03-05,,,,
1991-03-06,,,,
1991-03-07,,,,
1991-03-08,,,,
1991-03-09,,,,
1991-03-10,,,,
1991-03-11,,,,
1991-03-12,,,,
1991-03-13,,,,
1991-03-14,,,,
1991-03-15,,,,
1991-03-16,,,,
1991-03-17,,,,
1991-03-18,,,,
1991-03-19,,,,
1991-03-20,,,,
1991-03-21,,,,
1991-03-22,,,,
1991-03-23,,,,
1991-03-24,,,,
1991-03-25,,,,
1991-03-26,,,,
1991-03-27,,,,
1991-03-28,,,,
1991-03-29,,,,
1991-03-30,,,,
1991-03-31,,,,
1991-04-01,,,,
1991-04-02,,,,
1991-04-03,,,,
1991-04-04,,,,
1991-04-05,,,,
1991-04-06,,,,
1991-04-07,,,,
1991-04-08,,,,
1991-04-09,,,,
1991-04-10,,,,
1991-04-11,,,,
1991-04-12,,,,
1991-04-13,,,,
1991-04-14,,,,
1991-04-15,,,,
1991-04-16,,,,
1991-04-17,,,,
1991-04-18,,,,
1991-04-19,,,,
1991-04-20,,,,
1991-04-21,,,,
1991-04-22,,,,
1991-04-23,,,,
1991-04-24,,,,
1991-04-25,,,,
1991-04-26,,,,
1991-04-27,,,,
1991-04-28,,,,
1991-04-29,,,,
1991-04-30,,,,
1991-05-01,,,,
1991-05-02,,,,
1991-05-03,,,,
1991-05-04,,,,
1991-05-05,,,,
1991-05-06,,,,
1991-05-07,,,,
1991-05-08,,,,
1991-05-09,,,,
1991-05-10,,,,
1991-05-11,,,,
1991-05-12,,,,
1991-05-13,,,,
1991-05-14,,,,
1991-05-15,,,,
1991-05-16,,,,
1991-05-17,,,,
1991-05-18,,,,
1991-05-19,,,,
1991-05-20,,,,
1991-05-21,,,,
1991-05-22,,,,
1991-05-23,,,,
1991-05-24,,,,
1991-05-25,,,,
1991-05-26,,,,
1991-05-27,,,,
1991-05-28,,,,
1991-05-29,,,,
1991-05-30,,,,
1991-05-31,,,,
1991-06-01,,,,
1991-06-02,,,,
1991-06-03,,,,
1991-06-04,,,,
1991-06-05,,,,
1991-06-06,,,,
1991-06-07,,,,
1991-06-08,,,,
1991-06-09,,,,
1991-06-10,,,,
1991-06-11,,,,
1991-06-12,,,,
1991-06-13,,,,
1991-06-14,,,,
1991-06-15,,,,
1991-06-16,,,,
1991-06-17,,,,
1991-06-18,,,,
1991-06-19,,,,
1991-06-20,,,,
1991-06-21,,,,
1991-06-22,,,,
1991-06-23,,,,
1991-06-24,,,,
1991-06-25,,,,
1991-06-26,,,,
1991-06-27,,,,
1991-06-28,,,,
1991-06-29,,,,
1991-06-30,,,,
1991-07-01,,,,
1991-07-02,,,,
1991-07-03,,,,
1991-07-04,,,,
1991-07-05,,,,
1991-07-06,,,,
1991-07-07,,,,
1991-07-08,,,,
1991-07-09,,,,
1991-07-10,,,,
1991-07-11,,,,
1991-07-12,,,,
1991-07-13,,,,
1991-07-14,,,,
1991-07-15,,,,
1991-07-16,,,,
1991-07-17,,,,
1991-07-18,,,,
1991-07-19,,,,
1991-07-20,,,,
1991-07-21,,,,
1991-07-22,,,,
1991-07-23,,,,
1991-07-24,,,,
1991-07-25,,,,
1991-07-26,,,,
1991-07-27,,,,
1991-07-28,,,,
1991-07-29,,,,
1991-07-30,,,,
1991-07-31,,,,
1991-08-01,,,,
1991-08-02,,,,
1991-08-03,,,,
1991-08-04,,,,
1991-08-05,,,,
1991-08-06,,,,
1991-08-07,,,,
1991-08-08,,,,
1991-08-09,,,,
1991-08-10,,,,
1991-08-11,,,,
1991-08-12,,,,
1991-08-13,,,,
1991-08-14,,,,
1991-08-15,,,,
1991-08-16,,,,
1991-08-17,,,,
1991-08-18,,,,
1991-08-19,,,,
1991-08-20,,,,
1991-08-21,,,,
1991-08-22,,,,
1991-08-23,,,,
1991-08-24,,,,
1991-08-25,,,,
1991-08-26,,,,
1991-08-27,,,,
1991-08-28,,,,
1991-08-29,,,,
1991-08-30,,,,
1991-08-31,,,,
1991-09-01,,,,
1991-09-02,,,,
1991-09-03,,,,
1991-09-04,,,,
1991-09-05,,,,
1991-09-06,,,,
1991-09-07,,,,
1991-09-08,,,,
1991-09-09,,,,
1991-09-10,,,,
1991-09-11,,,,
1991-09-12,,,,
1991-09-13,,,,
1991-09-14,,,,
1991-09-15,,,,
1991-09-16,,,,
1991-09-17,,,,
1991-09-18,,,,
1991-09-19,,,,
1991-09-20,,,,
1991-09-21,,,,
1991-09-22,,,,
1991-09-23,,,,
1991-09-24,,,,
1991-09-25,,,,
1991-09-26,,,,
1991-09-27,,,,
1991-09-28,,,,
1991-09-29,,,,
1991-09-30,,,,
1991-10-01,,,,
1991-10-02,,,,
1991-10-03,,,,
1991-10-04,,,,
1991-10-05,,,,
1991-10-06,,,,
1991-10-07,,,,
1991-10-08,,,,
1991-10-09,,,,
1991-10-10,,,,
1991-10-11,,,,
1991-10-12,,,,
1991-10-13,,,,
1991-10-14,,,,
1991-10-15,,,,
1991-10-16,,,,
1991-10-17,,,,
1991-10-18,,,,
1991-10-19,,,,
1991-10-20,,,,
1991-10-21,,,,
1991-10-22,,,,
1991-10-23,,,,
1991-10-24,,,,
1991-10-25,,,,
1991-10-26,,,,
1991-10-27,,,,
1991-10-28,,,,
1991-10-29,,,,
1991-10-30,,,,
1991-10-31,,,,
1991-11-01,,,,
1991-11-02,,,,
1991-11-03,,,,
1991-11-04,,,,
1991-11-05,,,,
1991-11-06,,,,
1991-11-07,,,,
1991-11-08,,,,
1991-11-09,,,,
1991-11-10,,,,
1991-11-11,,,,
1991-11-12,,,,
1991-11-13,,,,
1991-11-14,,,,
1991-11-15,,,,
1991-11-16,,,,
1991-11-17,,,,
1991-11-18,,,,
1991-11-19,,,,
1991-11-20,,,,
1991-11-21,,,,
1991-11-22,,,,
1991-11-23,,,,
1991-11-24,,,,
1991-11-25,,,,
1991-11-26,,,,
1991-11-27,,,,
1991-11-28,,,,
1991-11-29,,,,
1991-11-30,,,,
1991-12-01,,,,
1991-12-02,,,,
1991-12-03,,,,
1991-12-04,,,,
1991-12-05,,,,
1991-12-06,,,,
1991-12-07,,,,
1991-12-08,,,,
1991-12-09,,,,
1991-12-10,,,,
1991-12-11,,,,
1991-12-12,,,,
1991-12-13,,,,
1991-12-14,,,,
1991-12-15,,,,
1991-12-16,,,,
1991-12-17,,,,
1991-12-18,,,,
1991-12-19,,,,
1991-12-20,,,,
1991-12-21,,,,
1991-12-22,,,,
1991-12-23,,,,
1991-12-24,,,,
1991-12-25,,,,
1991-12-26,,,,
1991-12-27,,,,
1991-12-28,,,,
1991-12-29,,,,
1991-12-30,,,,
1991-12-31,,,,
1992-01-01,,,,
1992-01-02,,,,
1992-01-03,,,,
1992-01-04,,,,
1992-01-05,,,,
1992-01-06,,,,
1992-01-07,,,,
1992-01-08,,,,
1992-01-09,,,,
1992-01-10,,,,
1992-01-11,,,,
1992-01-12,,,,
1992-01-13,,,,
1992-01-14,,,,
1992-01-15,,,,
1992-01-16,,,,
1992-01-17,,,,
1992-01-18,,,,
1992-01-19,,,,
1992-01-20,,,,
1992-01-21,,,,
1992-01-22,,,,
1992-01-23,,,,
1992-01-24,,,,
1992-01-25,,,,
1992-01-26,,,,
1992-01-27,,,,
1992-01-28,,,,
1992-01-29,,,,
1992-01-30,,,,
1992-01-31,,,,
1992-02-01,,,,
1992-02-02,,,,
1992-02-03,,,,
1992-02-04,,,,
1992-02-05,,,,
1992-02-06,,,,
1992-02-07,,,,
1992-02-08,,,,
1992-02-09,,,,
1992-02-10,,,,
1992-02-11,,,,
1992-02-12,,,,
1992-02-13,,,,
1992-02-14,,,,
1992-02-15,,,,
1992-02-16,,,,
1992-02-17,,,,
1992-02-18,,,,
1992-02-19,,,,
1992-02-20,,,,
1992-02-21,,,,
1992-02-22,,,,
1992-02-23,,,,
1992-02-24,,,,
1992-02-25,,,,
1992-02-26,,,,
1992-02-27,,,,
1992-02-28,,,,
1992-02-29,,,,
1992-03-01,,,,
1992-03-02,,,,
1992-03-03,,,,
1992-03-04,,,,
1992-03-05,,,,
1992-03-06,,,,
1992-03-07,,,,
1992-03-08,,,,
1992-03-09,,,,
1992-03-10,,,,
1992-03-11,,,,
1992-03-12,,,,
1992-03-13,,,,
1992-03-14,,,,
1992-03-15,,,,
1992-03-16,,,,
1992-03-17,,,,
1992-03-18,,,,
1992-03-19,,,,
1992-03-20,,,,
1992-03-21,,,,
1992-03-22,,,,
1992-03-23,,,,
1992-03-24,,,,
1992-03-25,,,,
1992-03-26,,,,
1992-03-27,,,,
1992-03-28,,,,
1992-03-29,,,,
1992-03-30,,,,
1992-03-31,,,,
1992-04-01,,,,
1992-04-02,,,,
1992-04-03,,,,
1992-04-04,,,,
1992-04-05,,,,
1992-04-06,,,,
1992-04-07,,,,
1992-04-08,,,,
1992-04-09,,,,
1992-04-10,,,,
1992-04-11,,,,
1992-04-12,,,,
1992-04-13,,,,
1992-04-14,,,,
1992-04-15,,,,
1992-04-16,,,,
1992-04-17,,,,
1992-04-18,,,,
1992-04-19,,,,
1992-04-20,,,,
1992-04-21,,,,
1992-04-22,,,,
1992-04-23,,,,
1992-04-24,,,,
1992-04-25,,,,
1992-04-26,,,,
1992-04-27,,,,
1992-04-28,,,,
1992-04-29,,,,
1992-04-30,,,,
1992-05-01,,,,
1992-05-02,,,,
1992-05-03,,,,
1992-05-04,,,,
1992-05-05,,,,
1992-05-06,,,,
1992-05-07,,,,
1992-05-08,,,,
1992-05-09,,,,
1992-05-10,,,,
1992-05-11,,,,
1992-05-12,,,,
1992-05-13,,,,
1992-05-14,,,,
1992-05-15,,,,
1992-05-16,,,,
1992-05-17,,,,
1992-05-18,,,,
1992-05-19,,,,
1992-05-20,,,,
1992-05-21,,,,
1992-05-22,,,,
1992-05-23,,,,
1992-05-24,,,,
1992-05-25,,,,
1992-05-26,,,,
1992-05-27,,,,
1992-05-28,,,,
1992-05-29,,,,
1992-05-30,,,,
1992-05-31,,,,
1992-06-01,,,,
1992-06-02,,,,
1992-06-03,,,,
1992-06-04,,,,
1992-06-05,,,,
1992-06-06,,,,
1992-06-07,,,,
1992-06-08,,,,
1992-06-09,,,,
1992-06-10,,,,
1992-06-11,,,,
1992-06-12,,,,
1992-06-13,,,,
1992-06-14,,,,
1992-06-15,,,,
1992-06-16,,,,
1992-06-17,,,,
1992-06-18,,,,
1992-06-19,,,,
1992-06-20,,,,
1992-06-21,,,,
1992-06-22,,,,
1992-06-23,,,,
1992-06-24,,,,
1992-06-25,,,,
1992-06-26,,,,
1992-06-27,,,,
1992-06-28,,,,
1992-06-29,,,,
1992-06-30,,,,
1992-07-01,,,,
1992-07-02,,,,
1992-07-03,,,,
1992-07-04,,,,
1992-07-05,,,,
1992-07-06,,,,
1992-07-07,,,,
1992-07-08,,,,
1992-07-09,,,,
1992-07-10,,,,
1992-07-11,,,,
1992-07-12,,,,
1992-07-13,,,,
1992-07-14,,,,
1992-07-15,,,,
1992-07-16,,,,
1992-07-17,,,,
1992-07-18,,,,
1992-07-19,,,,
1992-07-20,,,,
1992-07-21,,,,
1992-07-22,,,,
1992-07-23,,,,
1992-07-24,,,,
1992-07-25,,,,
1992-07-26,,,,
1992-07-27,,,,
1992-07-28,,,,
1992-07-29,,,,
1992-07-30,,,,
1992-07-31,,,,
1992-08-01,,,,
1992-08-02,,,,
1992-08-03,,,,
1992-08-04,,,,
1992-08-05,,,,
1992-08-06,,,,
1992-08-07,,,,
1992-08-08,,,,
1992-08-09,,,,
1992-08-10,,,,
1992-08-11,,,,
1992-08-12,,,,
1992-08-13,,,,
1992-08-14,,,,
1992-08-15,,,,
1992-08-16,,,,
1992-08-17,,,,
1992-08-18,,,,
1992-08-19,,,,
1992-08-20,,,,
1992-08-21,,,,
1992-08-22,,,,
1992-08-23,,,,
1992-08-24,,,,
1992-08-25,,,,
1992-08-26,,,,
1992-08-27,,,,
1992-08-28,,,,
1992-08-29,,,,
1992-08-30,,,,
1992-08-31,,,,
1992-09-01,,,,
1992-09-02,,,,
1992-09-03,,,,
1992-09-04,,,,
1992-09-05,,,,
1992-09-06,,,,
1992-09-07,,,,
1992-09-08,,,,
1992-09-09,,,,
1992-09-10,,,,
1992-09-11,,,,
1992-09-12,,,,
1992-09-13,,,,
1992-09-14,,,,
1992-09-15,,,,
1992-09-16,,,,
1992-09-17,,,,
1992-09-18,,,,
1992-09-19,,,,
1992-09-20,,,,
1992-09-21,,,,
1992-09-22,,,,
1992-09-23,,,,
1992-09-24,,,,
1992-09-25,,,,
1992-09-26,,,,
1992-09-27,,,,
1992-09-28,,,,
1992-09-29,,,,
1992-09-30,,,,
1992-10-01,,,,
1992-10-02,,,,
1992-10-03,,,,
1992-10-04,,,,
1992-10-05,,,,
1992-10-06,,,,
1992-10-07,,,,
1992-10-08,,,,
1992-10-09,,,,
1992-10-10,,,,
1992-10-11,,,,
1992-10-12,,,,
1992-10-13,,,,
1992-10-14,,,,
1992-10-15,,,,
1992-10-16,,,,
1992-10-17,,,,
1992-10-18,,,,
1992-10-19,,,,
1992-10-20,,,,
1992-10-21,,,,
1992-10-22,,,,
1992-10-23,,,,
1992-10-24,,,,
1992-10-25,,,,
1992-10-26,,,,
1992-10-27,,,,
1992-10-28,,,,
1992-10-29,,,,
1992-10-30,,,,
1992-10-31,,,,
1992-11-01,,,,
1992-11-02,,,,
1992-11-03,,,,
1992-11-04,,,,
1992-11-05,,,,
1992-11-06,,,,
1992-11-07,,,,
1992-11-08,,,,
1992-11-09,,,,
1992-11-10,,,,
1992-11-11,,,,
1992-11-12,,,,
1992-11-13,,,,
1992-11-14,,,,
1992-11-15,,,,
1992-11-16,,,,
1992-11-17,,,,
1992-11-18,,,,
1992-11-19,,,,
1992-11-20,,,,
1992-11-21,,,,
1992-11-22,,,,
1992-11-23,,,,
1992-11-24,,,,
1992-11-25,,,,
1992-11-26,,,,
1992-11-27,,,,
1992-11-28,,,,
1992-11-29,,,,
1992-11-30,,,,
1992-12-01,,,,
1992-12-02,,,,
1992-12-03,,,,
1992-12-04,,,,
1992-12-05,,,,
1992-12-06,,,,
1992-12-07,,,,
1992-12-08,,,,
1992-12-09,,,,
1992-12-10,,,,
1992-12-11,,,,
1992-12-12,,,,
1992-12-13,,,,
1992-12-14,,,,
1992-12-15,,,,
1992-12-16,,,,
1992-12-17,,,,
1992-12-18,,,,
1992-12-19,,,,
1992-12-20,,,,
1992-12-21,,,,
1992-12-22,,,,
1992-12-23,,,,
1992-12-24,,,,
1992-12-25,,,,
1992-12-26,,,,
1992-12-27,,,,
1992-12-28,,,,
1992-12-29,,,,
1992-12-30,,,,
1992-12-31,,,,
1993-01-01,,,,
1993-01-02,,,,
1993-01-03,,,,
1993-01-04,,,,
1993-01-05,,,,
1993-01-06,,,,
1993-01-07,,,,
1993-01-08,,,,
1993-01-09,,,,
1993-01-10,,,,
1993-01-11,,,,
1993-01-12,,,,
1993-01-13,,,,
1993-01-14,,,,
1993-01-15,,,,
1993-01-16,,,,
1993-01-17,,,,
1993-01-18,,,,
1993-01-19,,,,
1993-01-20,,,,
1993-01-21,,,,
1993-01-22,,,,
1993-01-23,,,,
1993-01-24,,,,
1993-01-25,,,,
1993-01-26,,,,
1993-01-27,,,,
1993-01-28,,,,
1993-01-29,,,,
1993-01-30,,,,
1993-01-31,,,,
1993-02-01,,0.5664407040637889,,
1993-02-02,,,,
1993-02-03,,,,
1993-02-04,,,,
1993-02-05,,,,
1993-02-06,,,,
1993-02-07,,,,
1993-02-08,,,,
1993-02-09,,,,
1993-02-10,,,,
1993-02-11,,,,
1993-02-12,,,,
1993-02-13,,,,
1993-02-14,,,,
1993-02-15,,,,
1993-02-16,,,,
1993-02-17,,,,
1993-02-18,,,,
1993-02-19,,,,
1993-02-20,,,,
1993-02-21,,,,
1993-02-22,,,,
1993-02-23,,,,
1993-02-24,,,,
1993-02-25,,,,
1993-02-26,,,,
1993-02-27,,,,
1993-02-28,,,,
1993-03-01,,1.85087610884192,,
1993-03-02,,,,
1993-03-03,,,,
1993-03-04,,,,
1993-03-05,,,,
1993-03-06,,,,
1993-03-07,,,,
1993-03-08,,,,
1993-03-09,,,,
1993-03-10,,,,
1993-03-11,,,,
1993-03-12,,,,
1993-03-13,,,,
1993-03-14,,,,
1993-03-15,,,,
1993-03-16,,,,
1993-03-17,,,,
1993-03-18,,,,
1993-03-19,,,,
1993-03-20,,,,
1993-03-21,,,,
1993-03-22,,,,
1993-03-23,,,,
1993-03-24,,,,
1993-03-25,,,,
1993-03-26,,,,
1993-03-27,,,,
1993-03-28,,,,
1993-03-29,,,,
1993-03-30,,,,
1993-03-31,,,,
1993-04-01,,2.88939203711998,,
1993-04-02,,,,
1993-04-03,,,,
1993-04-04,,,,
1993-04-05,,,,
1993-04-06,,,,
1993-04-07,,,,
1993-04-08,,,,
1993-04-09,,,,
1993-04-10,,,,
1993-04-11,,,,
1993-04-12,,,,
1993-04-13,,,,
1993-04-14,,,,
1993-04-15,,,,
1993-04-16,,,,
1993-04-17,,,,
1993-04-18,,,,
1993-04-19,,,,
1993-04-20,,,,
1993-04-21,,,,
1993-04-22,,,,
1993-04-23,,,,
1993-04-24,,,,
1993-04-25,,,,
1993-04-26,,,,
1993-04-27,,,,
1993-04-28,,,,
1993-04-29,,,,
1993-04-30,,,,
1993-05-01,,1.4970992079859,,
1993-05-02,,,,
1993-05-03,,,,
1993-05-04,,,,
1993-05-05,,,,
1993-05-06,,,,
1993-05-07,,,,
1993-05-08,,,,
1993-05-09,,,,
1993-05-10,,,,
1993-05-11,,,,
1993-05-12,,,,
1993-05-13,,,,
1993-05-14,,,,
1993-05-15,,,,
1993-05-16,,,,
1993-05-17,,,,
1993-05-18,,,,
1993-05-19,,,,
1993-05-20,,,,
1993-05-21,,,,
1993-05-22,,,,
1993-05-23,,,,
1993-05-24,,,,
1993-05-25,,,,
1993-05-26,,,,
1993-05-27,,,,
1993-05-28,,,,
1993-05-29,,,,
1993-05-30,,,,
1993-05-31,,,,
1993-06-01,,-0.1383583911504819,,
1993-06-02,,,,
1993-06-03,,,,
1993-06-04,,,,
1993-06-05,,,,
1993-06-06,,,,
1993-06-07,,,,
1993-06-08,,,,
1993-06-09,,,,
1993-06-10,,,,
1993-06-11,,,,
1993-06-12,,,,
1993-06-13,,,,
1993-06-14,,,,
1993-06-15,,,,
1993-06-16,,,,
1993-06-17,,,,
1993-06-18,,,,
1993-06-19,,,,
1993-06-20,,,,
1993-06-21,,,,
1993-06-22,,,,
1993-06-23,,,,
1993-06-24,,,,
1993-06-25,,,,
1993-06-26,,,,
1993-06-27,,,,
1993-06-28,,,,
1993-06-29,,,,
1993-06-30,,,,
1993-07-01,,-0.692865294283252,,
1993-07-02,,,,
1993-07-03,,,,
1993-07-04,,,,
1993-07-05,,,,
1993-07-06,,,,
1993-07-07,,,,
1993-07-08,,,,
1993-07-09,,,,
1993-07-10,,,,
1993-07-11,,,,
1993-07-12,,,,
1993-07-13,,,,
1993-07-14,,,,
1993-07-15,,,,
1993-07-16,,,,
1993-07-17,,,,
1993-07-18,,,,
1993-07-19,,,,
1993-07-20,,,,
1993-07-21,,,,
1993-07-22,,,,
1993-07-23,,,,
1993-07-24,,,,
1993-07-25,,,,
1993-07-26,,,,
1993-07-27,,,,
1993-07-28,,,,
1993-07-29,,,,
1993-07-30,,,,
1993-07-31,,,,
1993-08-01,,2.14310900507127,,
1993-08-02,,,,
1993-08-03,,,,
1993-08-04,,,,
1993-08-05,,,,
1993-08-06,,,,
1993-08-07,,,,
1993-08-08,,,,
1993-08-09,,,,
1993-08-10,,,,
1993-08-11,,,,
1993-08-12,,,,
1993-08-13,,,,
1993-08-14,,,,
1993-08-15,,,,
1993-08-16,,,,
1993-08-17,,,,
1993-08-18,,,,
1993-08-19,,,,
1993-08-20,,,,
1993-08-21,,,,
1993-08-22,,,,
1993-08-23,,,,
1993-08-24,,,,
1993-08-25,,,,
1993-08-26,,,,
1993-08-27,,,,
1993-08-28,,,,
1993-08-29,,,,
1993-08-30,,,,
1993-08-31,,,,
1993-09-01,,2.62502192351718,,
1993-09-02,,,,
1993-09-03,,,,
1993-09-04,,,,
1993-09-05,,,,
1993-09-06,,,,
1993-09-07,,,,
1993-09-08,,,,
1993-09-09,,,,
1993-09-10,,,,
1993-09-11,,,,
1993-09-12,,,,
1993-09-13,,,,
1993-09-14,,,,
1993-09-15,,,,
1993-09-16,,,,
1993-09-17,,,,
1993-09-18,,,,
1993-09-19,,,,
1993-09-20,,,,
1993-09-21,,,,
1993-09-22,,,,
1993-09-23,,,,
1993-09-24,,,,
1993-09-25,,,,
1993-09-26,,,,
1993-09-27,,,,
1993-09-28,,,,
1993-09-29,,,,
1993-09-30,,,,
1993-10-01,,0.7266733891359599,,
1993-10-02,,,,
1993-10-03,,,,
1993-10-04,,,,
1993-10-05,,,,
1993-10-06,,,,
1993-10-07,,,,
1993-10-08,,,,
1993-10-09,,,,
1993-10-10,,,,
1993-10-11,,,,
1993-10-12,,,,
1993-10-13,,,,
1993-10-14,,,,
1993-10-15,,,,
1993-10-16,,,,
1993-10-17,,,,
1993-10-18,,,,
1993-10-19,,,,
1993-10-20,,,,
1993-10-21,,,,
1993-10-22,,,,
1993-10-23,,,,
1993-10-24,,,,
1993-10-25,,,,
1993-10-26,,,,
1993-10-27,,,,
1993-10-28,,,,
1993-10-29,,,,
1993-10-30,,,,
1993-10-31,,,,
1993-11-01,,0.8667967320219971,,
1993-11-02,,,,
1993-11-03,,,,
1993-11-04,,,,
1993-11-05,,,,
1993-11-06,,,,
1993-11-07,,,,
1993-11-08,,,,
1993-11-09,,,,
1993-11-10,,,,
1993-11-11,,,,
1993-11-12,,,,
1993-11-13,,,,
1993-11-14,,,,
1993-11-15,,,,
1993-11-16,,,,
1993-11-17,,,,
1993-11-18,,,,
1993-11-19,,,,
1993-11-20,,,,
1993-11-21,,,,
1993-11-22,,,,
1993-11-23,,,,
1993-11-24,,,,
1993-11-25,,,,
1993-11-26,,,,
1993-11-27,,,,
1993-11-28,,,,
1993-11-29,,,,
1993-11-30,,,,
1993-12-01,,3.0227152642225494,,
1993-12-02,,,,
1993-12-03,,,,
1993-12-04,,,,
1993-12-05,,,,
1993-12-06,,,,
1993-12-07,,,,
1993-12-08,,,,
1993-12-09,,,,
1993-12-10,,,,
1993-12-11,,,,
1993-12-12,,,,
1993-12-13,,,,
1993-12-14,,,,
1993-12-15,,,,
1993-12-16,,,,
1993-12-17,,,,
1993-12-18,,,,
1993-12-19,,,,
1993-12-20,,,,
1993-12-21,,,,
1993-12-22,,,,
1993-12-23,,,,
1993-12-24,,,,
1993-12-25,,,,
1993-12-26,,,,
1993-12-27,,,,
1993-12-28,,,,
1993-12-29,,,,
1993-12-30,,,,
1993-12-31,,,,
1994-01-01,,4.04827106721691,,
1994-01-02,,,,
1994-01-03,,,,
1994-01-04,,,,
1994-01-05,,,,
1994-01-06,,,,
1994-01-07,,,,
1994-01-08,,,,
1994-01-09,,,,
1994-01-10,,,,
1994-01-11,,,,
1994-01-12,,,,
1994-01-13,,,,
1994-01-14,,,,
1994-01-15,,,,
1994-01-16,,,,
1994-01-17,,,,
1994-01-18,,,,
1994-01-19,,,,
1994-01-20,,,,
1994-01-21,,,,
1994-01-22,,,,
1994-01-23,,,,
1994-01-24,,,,
1994-01-25,,,,
1994-01-26,,,,
1994-01-27,,,,
1994-01-28,,,,
1994-01-29,,,,
1994-01-30,,,,
1994-01-31,,,,
1994-02-01,,2.31036631637199,,
1994-02-02,,,,
1994-02-03,,,,
1994-02-04,,,,
1994-02-05,,,,
1994-02-06,,,,
1994-02-07,,,,
1994-02-08,,,,
1994-02-09,,,,
1994-02-10,,,,
1994-02-11,,,,
1994-02-12,,,,
1994-02-13,,,,
1994-02-14,,,,
1994-02-15,,,,
1994-02-16,,,,
1994-02-17,,,,
1994-02-18,,,,
1994-02-19,,,,
1994-02-20,,,,
1994-02-21,,,,
1994-02-22,,,,
1994-02-23,,,,
1994-02-24,,,,
1994-02-25,,,,
1994-02-26,,,,
1994-02-27,,,,
1994-02-28,,,,
1994-03-01,,1.1895064852058,,
1994-03-02,,,,
1994-03-03,,,,
1994-03-04,,,,
1994-03-05,,,,
1994-03-06,,,,
1994-03-07,,,,
1994-03-08,,,,
1994-03-09,,,,
1994-03-10,,,,
1994-03-11,,,,
1994-03-12,,,,
1994-03-13,,,,
1994-03-14,,,,
1994-03-15,,,,
1994-03-16,,,,
1994-03-17,,,,
1994-03-18,,,,
1994-03-19,,,,
1994-03-20,,,,
1994-03-21,,,,
1994-03-22,,,,
1994-03-23,,,,
1994-03-24,,,,
1994-03-25,,,,
1994-03-26,,,,
1994-03-27,,,,
1994-03-28,,,,
1994-03-29,,,,
1994-03-30,,,,
1994-03-31,,,,
1994-04-01,,2.30097202777385,,
1994-04-02,,,,
1994-04-03,,,,
1994-04-04,,,,
1994-04-05,,,,
1994-04-06,,,,
1994-04-07,,,,
1994-04-08,,,,
1994-04-09,,,,
1994-04-10,,,,
1994-04-11,,,,
1994-04-12,,,,
1994-04-13,,,,
1994-04-14,,,,
1994-04-15,,,,
1994-04-16,,,,
1994-04-17,,,,
1994-04-18,,,,
1994-04-19,,,,
1994-04-20,,,,
1994-04-21,,,,
1994-04-22,,,,
1994-04-23,,,,
1994-04-24,,,,
1994-04-25,,,,
1994-04-26,,,,
1994-04-27,,,,
1994-04-28,,,,
1994-04-29,,,,
1994-04-30,,,,
1994-05-01,,1.16350158326248,,
1994-05-02,,,,
1994-05-03,,,,
1994-05-04,,,,
1994-05-05,,,,
1994-05-06,,,,
1994-05-07,,,,
1994-05-08,,,,
1994-05-09,,,,
1994-05-10,,,,
1994-05-11,,,,
1994-05-12,,,,
1994-05-13,,,,
1994-05-14,,,,
1994-05-15,,,,
1994-05-16,,,,
1994-05-17,,,,
1994-05-18,,,,
1994-05-19,,,,
1994-05-20,,,,
1994-05-21,,,,
1994-05-22,,,,
1994-05-23,,,,
1994-05-24,,,,
1994-05-25,,,,
1994-05-26,,,,
1994-05-27,,,,
1994-05-28,,,,
1994-05-29,,,,
1994-05-30,,,,
1994-05-31,,,,
1994-06-01,,0.93188204950407,,
1994-06-02,,,,
1994-06-03,,,,
1994-06-04,,,,
1994-06-05,,,,
1994-06-06,,,,
1994-06-07,,,,
1994-06-08,,,,
1994-06-09,,,,
1994-06-10,,,,
1994-06-11,,,,
1994-06-12,,,,
1994-06-13,,,,
1994-06-14,,,,
1994-06-15,,,,
1994-06-16,,,,
1994-06-17,,,,
1994-06-18,,,,
1994-06-19,,,,
1994-06-20,,,,
1994-06-21,,,,
1994-06-22,,,,
1994-06-23,,,,
1994-06-24,,,,
1994-06-25,,,,
1994-06-26,,,,
1994-06-27,,,,
1994-06-28,,,,
1994-06-29,,,,
1994-06-30,,,,
1994-07-01,,0.4411470288582589,,
1994-07-02,,,,
1994-07-03,,,,
1994-07-04,,,,
1994-07-05,,,,
1994-07-06,,,,
1994-07-07,,,,
1994-07-08,,,,
1994-07-09,,,,
1994-07-10,,,,
1994-07-11,,,,
1994-07-12,,,,
1994-07-13,,,,
1994-07-14,,,,
1994-07-15,,,,
1994-07-16,,,,
1994-07-17,,,,
1994-07-18,,,,
1994-07-19,,,,
1994-07-20,,,,
1994-07-21,,,,
1994-07-22,,,,
1994-07-23,,,,
1994-07-24,,,,
1994-07-25,,,,
1994-07-26,,,,
1994-07-27,,,,
1994-07-28,,,,
1994-07-29,,,,
1994-07-30,,,,
1994-07-31,,,,
1994-08-01,,3.62583170769558,,
1994-08-02,,,,
1994-08-03,,,,
1994-08-04,,,,
1994-08-05,,,,
1994-08-06,,,,
1994-08-07,,,,
1994-08-08,,,,
1994-08-09,,,,
1994-08-10,,,,
1994-08-11,,,,
1994-08-12,,,,
1994-08-13,,,,
1994-08-14,,,,
1994-08-15,,,,
1994-08-16,,,,
1994-08-17,,,,
1994-08-18,,,,
1994-08-19,,,,
1994-08-20,,,,
1994-08-21,,,,
1994-08-22,,,,
1994-08-23,,,,
1994-08-24,,,,
1994-08-25,,,,
1994-08-26,,,,
1994-08-27,,,,
1994-08-28,,,,
1994-08-29,,,,
1994-08-30,,,,
1994-08-31,,,,
1994-09-01,,3.848692110819449,,
1994-09-02,,,,
1994-09-03,,,,
1994-09-04,,,,
1994-09-05,,,,
1994-09-06,,,,
1994-09-07,,,,
1994-09-08,,,,
1994-09-09,,,,
1994-09-10,,,,
1994-09-11,,,,
1994-09-12,,,,
1994-09-13,,,,
1994-09-14,,,,
1994-09-15,,,,
1994-09-16,,,,
1994-09-17,,,,
1994-09-18,,,,
1994-09-19,,,,
1994-09-20,,,,
1994-09-21,,,,
1994-09-22,,,,
1994-09-23,,,,
1994-09-24,,,,
1994-09-25,,,,
1994-09-26,,,,
1994-09-27,,,,
1994-09-28,,,,
1994-09-29,,,,
1994-09-30,,,,
1994-10-01,,1.04317316175616,,
1994-10-02,,,,
1994-10-03,,,,
1994-10-04,,,,
1994-10-05,,,,
1994-10-06,,,,
1994-10-07,,,,
1994-10-08,,,,
1994-10-09,,,,
1994-10-10,,,,
1994-10-11,,,,
1994-10-12,,,,
1994-10-13,,,,
1994-10-14,,,,
1994-10-15,,,,
1994-10-16,,,,
1994-10-17,,,,
1994-10-18,,,,
1994-10-19,,,,
1994-10-20,,,,
1994-10-21,,,,
1994-10-22,,,,
1994-10-23,,,,
1994-10-24,,,,
1994-10-25,,,,
1994-10-26,,,,
1994-10-27,,,,
1994-10-28,,,,
1994-10-29,,,,
1994-10-30,,,,
1994-10-31,,,,
1994-11-01,,0.7088230279010419,,
1994-11-02,,,,
1994-11-03,,,,
1994-11-04,,,,
1994-11-05,,,,
1994-11-06,,,,
1994-11-07,,,,
1994-11-08,,,,
1994-11-09,,,,
1994-11-10,,,,
1994-11-11,,,,
1994-11-12,,,,
1994-11-13,,,,
1994-11-14,,,,
1994-11-15,,,,
1994-11-16,,,,
1994-11-17,,,,
1994-11-18,,,,
1994-11-19,,,,
1994-11-20,,,,
1994-11-21,,,,
1994-11-22,,,,
1994-11-23,,,,
1994-11-24,,,,
1994-11-25,,,,
1994-11-26,,,,
1994-11-27,,,,
1994-11-28,,,,
1994-11-29,,,,
1994-11-30,,,,
1994-12-01,,1.40667207857889,,
1994-12-02,,,,
1994-12-03,,,,
1994-12-04,,,,
1994-12-05,,,,
1994-12-06,,,,
1994-12-07,,,,
1994-12-08,,,,
1994-12-09,,,,
1994-12-10,,,,
1994-12-11,,,,
1994-12-12,,,,
1994-12-13,,,,
1994-12-14,,,,
1994-12-15,,,,
1994-12-16,,,,
1994-12-17,,,,
1994-12-18,,,,
1994-12-19,,,,
1994-12-20,,,,
1994-12-21,,,,
1994-12-22,,,,
1994-12-23,,,,
1994-12-24,,,,
1994-12-25,,,,
1994-12-26,,,,
1994-12-27,,,,
1994-12-28,,,,
1994-12-29,,,,
1994-12-30,,,,
1994-12-31,,,,
1995-01-01,,2.8875740133703,,
1995-01-02,,,,
1995-01-03,,,,
1995-01-04,,,,
1995-01-05,,,,
1995-01-06,,,,
1995-01-07,,,,
1995-01-08,,,,
1995-01-09,,,,
1995-01-10,,,,
1995-01-11,,,,
1995-01-12,,,,
1995-01-13,,,,
1995-01-14,,,,
1995-01-15,,,,
1995-01-16,,,,
1995-01-17,,,,
1995-01-18,,,,
1995-01-19,,,,
1995-01-20,,,,
1995-01-21,,,,
1995-01-22,,,,
1995-01-23,,,,
1995-01-24,,,,
1995-01-25,,,,
1995-01-26,,,,
1995-01-27,,,,
1995-01-28,,,,
1995-01-29,,,,
1995-01-30,,,,
1995-01-31,,,,
1995-02-01,,0.908853900119508,,
1995-02-02,,,,
1995-02-03,,,,
1995-02-04,,,,
1995-02-05,,,,
1995-02-06,,,,
1995-02-07,,,,
1995-02-08,,,,
1995-02-09,,,,
1995-02-10,,,,
1995-02-11,,,,
1995-02-12,,,,
1995-02-13,,,,
1995-02-14,,,,
1995-02-15,,,,
1995-02-16,,,,
1995-02-17,,,,
1995-02-18,,,,
1995-02-19,,,,
1995-02-20,,,,
1995-02-21,,,,
1995-02-22,,,,
1995-02-23,,,,
1995-02-24,,,,
1995-02-25,,,,
1995-02-26,,,,
1995-02-27,,,,
1995-02-28,,,,
1995-03-01,,0.2801246662523448,,
1995-03-02,,,,
1995-03-03,,,,
1995-03-04,,,,
1995-03-05,,,,
1995-03-06,,,,
1995-03-07,,,,
1995-03-08,,,,
1995-03-09,,,,
1995-03-10,,,,
1995-03-11,,,,
1995-03-12,,,,
1995-03-13,,,,
1995-03-14,,,,
1995-03-15,,,,
1995-03-16,,,,
1995-03-17,,,,
1995-03-18,,,,
1995-03-19,,,,
1995-03-20,,,,
1995-03-21,,,,
1995-03-22,,,,
1995-03-23,,,,
1995-03-24,,,,
1995-03-25,,,,
1995-03-26,,,,
1995-03-27,,,,
1995-03-28,,,,
1995-03-29,,,,
1995-03-30,,,,
1995-03-31,,,,
1995-04-01,,1.7949485702642598,,
1995-04-02,,,,
1995-04-03,,,,
1995-04-04,,,,
1995-04-05,,,,
1995-04-06,,,,
1995-04-07,,,,
1995-04-08,,,,
1995-04-09,,,,
1995-04-10,,,,
1995-04-11,,,,
1995-04-12,,,,
1995-04-13,,,,
1995-04-14,,,,
1995-04-15,,,,
1995-04-16,,,,
1995-04-17,,,,
1995-04-18,,,,
1995-04-19,,,,
1995-04-20,,,,
1995-04-21,,,,
1995-04-22,,,,
1995-04-23,,,,
1995-04-24,,,,
1995-04-25,,,,
1995-04-26,,,,
1995-04-27,,,,
1995-04-28,,,,
1995-04-29,,,,
1995-04-30,,,,
1995-05-01,,0.8282459095593699,,
1995-05-02,,,,
1995-05-03,,,,
1995-05-04,,,,
1995-05-05,,,,
1995-05-06,,,,
1995-05-07,,,,
1995-05-08,,,,
1995-05-09,,,,
1995-05-10,,,,
1995-05-11,,,,
1995-05-12,,,,
1995-05-13,,,,
1995-05-14,,,,
1995-05-15,,,,
1995-05-16,,,,
1995-05-17,,,,
1995-05-18,,,,
1995-05-19,,,,
1995-05-20,,,,
1995-05-21,,,,
1995-05-22,,,,
1995-05-23,,,,
1995-05-24,,,,
1995-05-25,,,,
1995-05-26,,,,
1995-05-27,,,,
1995-05-28,,,,
1995-05-29,,,,
1995-05-30,,,,
1995-05-31,,,,
1995-06-01,,-0.8300221346295559,,
1995-06-02,,,,
1995-06-03,,,,
1995-06-04,,,,
1995-06-05,,,,
1995-06-06,,,,
1995-06-07,,,,
1995-06-08,,,,
1995-06-09,,,,
1995-06-10,,,,
1995-06-11,,,,
1995-06-12,,,,
1995-06-13,,,,
1995-06-14,,,,
1995-06-15,,,,
1995-06-16,,,,
1995-06-17,,,,
1995-06-18,,,,
1995-06-19,,,,
1995-06-20,,,,
1995-06-21,,,,
1995-06-22,,,,
1995-06-23,,,,
1995-06-24,,,,
1995-06-25,,,,
1995-06-26,,,,
1995-06-27,,,,
1995-06-28,,,,
1995-06-29,,,,
1995-06-30,,,,
1995-07-01,,-0.833484966557932,,
1995-07-02,,,,
1995-07-03,,,,
1995-07-04,,,,
1995-07-05,,,,
1995-07-06,,,,
1995-07-07,,,,
1995-07-08,,,,
1995-07-09,,,,
1995-07-10,,,,
1995-07-11,,,,
1995-07-12,,,,
1995-07-13,,,,
1995-07-14,,,,
1995-07-15,,,,
1995-07-16,,,,
1995-07-17,,,,
1995-07-18,,,,
1995-07-19,,,,
1995-07-20,,,,
1995-07-21,,,,
1995-07-22,,,,
1995-07-23,,,,
1995-07-24,,,,
1995-07-25,,,,
1995-07-26,,,,
1995-07-27,,,,
1995-07-28,,,,
1995-07-29,,,,
1995-07-30,,,,
1995-07-31,,,,
1995-08-01,,1.6723018547276003,,
1995-08-02,,,,
1995-08-03,,,,
1995-08-04,,,,
1995-08-05,,,,
1995-08-06,,,,
1995-08-07,,,,
1995-08-08,,,,
1995-08-09,,,,
1995-08-10,,,,
1995-08-11,,,,
1995-08-12,,,,
1995-08-13,,,,
1995-08-14,,,,
1995-08-15,,,,
1995-08-16,,,,
1995-08-17,,,,
1995-08-18,,,,
1995-08-19,,,,
1995-08-20,,,,
1995-08-21,,,,
1995-08-22,,,,
1995-08-23,,,,
1995-08-24,,,,
1995-08-25,,,,
1995-08-26,,,,
1995-08-27,,,,
1995-08-28,,,,
1995-08-29,,,,
1995-08-30,,,,
1995-08-31,,,,
1995-09-01,,2.6696231668727,,
1995-09-02,,,,
1995-09-03,,,,
1995-09-04,,,,
1995-09-05,,,,
1995-09-06,,,,
1995-09-07,,,,
1995-09-08,,,,
1995-09-09,,,,
1995-09-10,,,,
1995-09-11,,,,
1995-09-12,,,,
1995-09-13,,,,
1995-09-14,,,,
1995-09-15,,,,
1995-09-16,,,,
1995-09-17,,,,
1995-09-18,,,,
1995-09-19,,,,
1995-09-20,,,,
1995-09-21,,,,
1995-09-22,,,,
1995-09-23,,,,
1995-09-24,,,,
1995-09-25,,,,
1995-09-26,,,,
1995-09-27,,,,
1995-09-28,,,,
1995-09-29,,,,
1995-09-30,,,,
1995-10-01,,0.0613060883098733,,
1995-10-02,,,,
1995-10-03,,,,
1995-10-04,,,,
1995-10-05,,,,
1995-10-06,,,,
1995-10-07,,,,
1995-10-08,,,,
1995-10-09,,,,
1995-10-10,,,,
1995-10-11,,,,
1995-10-12,,,,
1995-10-13,,,,
1995-10-14,,,,
1995-10-15,,,,
1995-10-16,,,,
1995-10-17,,,,
1995-10-18,,,,
1995-10-19,,,,
1995-10-20,,,,
1995-10-21,,,,
1995-10-22,,,,
1995-10-23,,,,
1995-10-24,,,,
1995-10-25,,,,
1995-10-26,,,,
1995-10-27,,,,
1995-10-28,,,,
1995-10-29,,,,
1995-10-30,,,,
1995-10-31,,,,
1995-11-01,,-0.0997218397397147,,
1995-11-02,,,,
1995-11-03,,,,
1995-11-04,,,,
1995-11-05,,,,
1995-11-06,,,,
1995-11-07,,,,
1995-11-08,,,,
1995-11-09,,,,
1995-11-10,,,,
1995-11-11,,,,
1995-11-12,,,,
1995-11-13,,,,
1995-11-14,,,,
1995-11-15,,,,
1995-11-16,,,,
1995-11-17,,,,
1995-11-18,,,,
1995-11-19,,,,
1995-11-20,,,,
1995-11-21,,,,
1995-11-22,,,,
1995-11-23,,,,
1995-11-24,,,,
1995-11-25,,,,
1995-11-26,,,,
1995-11-27,,,,
1995-11-28,,,,
1995-11-29,,,,
1995-11-30,,,,
1995-12-01,,0.4035473767888578,,
1995-12-02,,,,
1995-12-03,,,,
1995-12-04,,,,
1995-12-05,,,,
1995-12-06,,,,
1995-12-07,,,,
1995-12-08,,,,
1995-12-09,,,,
1995-12-10,,,,
1995-12-11,,,,
1995-12-12,,,,
1995-12-13,,,,
1995-12-14,,,,
1995-12-15,,,,
1995-12-16,,,,
1995-12-17,,,,
1995-12-18,,,,
1995-12-19,,,,
1995-12-20,,,,
1995-12-21,,,,
1995-12-22,,,,
1995-12-23,,,,
1995-12-24,,,,
1995-12-25,,,,
1995-12-26,,,,
1995-12-27,,,,
1995-12-28,,,,
1995-12-29,,,,
1995-12-30,,,,
1995-12-31,,,,
1996-01-01,,1.85963272780506,12.06,
1996-01-02,,,12.06,
1996-01-03,,,12.06,
1996-01-04,,,12.06,
1996-01-05,,,12.06,
1996-01-06,,,12.06,
1996-01-07,,,12.06,
1996-01-08,,,12.06,
1996-01-09,,,12.06,
1996-01-10,,,12.06,
1996-01-11,,,12.06,
1996-01-12,,,12.06,
1996-01-13,,,12.06,
1996-01-14,,,12.06,
1996-01-15,,,12.06,
1996-01-16,,,12.06,
1996-01-17,,,12.06,
1996-01-18,,,12.06,
1996-01-19,,,12.06,
1996-01-20,,,12.06,
1996-01-21,,,12.06,
1996-01-22,,,12.06,
1996-01-23,,,12.06,
1996-01-24,,,12.06,
1996-01-25,,,12.06,
1996-01-26,,,12.06,
1996-01-27,,,12.06,
1996-01-28,,,12.06,
1996-01-29,,,12.06,
1996-01-30,,,12.06,
1996-01-31,,,12.06,
1996-02-01,,1.18658479763925,12.06,
1996-02-02,,,12.06,
1996-02-03,,,12.06,
1996-02-04,,,12.06,
1996-02-05,,,12.06,
1996-02-06,,,12.06,
1996-02-07,,,12.06,
1996-02-08,,,12.06,
1996-02-09,,,12.06,
1996-02-10,,,12.06,
1996-02-11,,,12.06,
1996-02-12,,,12.06,
1996-02-13,,,12.06,
1996-02-14,,,12.06,
1996-02-15,,,12.06,
1996-02-16,,,12.06,
1996-02-17,,,12.06,
1996-02-18,,,12.06,
1996-02-19,,,12.06,
1996-02-20,,,12.06,
1996-02-21,,,12.06,
1996-02-22,,,12.06,
1996-02-23,,,12.06,
1996-02-24,,,12.06,
1996-02-25,,,12.06,
1996-02-26,,,12.06,
1996-02-27,,,12.06,
1996-02-28,,,12.06,
1996-02-29,,,12.06,
1996-03-01,,0.738862569892468,12.06,
1996-03-02,,,12.06,
1996-03-03,,,12.06,
1996-03-04,,,12.06,
1996-03-05,,,12.06,
1996-03-06,,,12.06,
1996-03-07,,,12.06,
1996-03-08,,,12.06,
1996-03-09,,,12.06,
1996-03-10,,,12.06,
1996-03-11,,,12.06,
1996-03-12,,,12.06,
1996-03-13,,,12.06,
1996-03-14,,,12.06,
1996-03-15,,,12.06,
1996-03-16,,,12.06,
1996-03-17,,,12.06,
1996-03-18,,,12.06,
1996-03-19,,,12.06,
1996-03-20,,,12.06,
1996-03-21,,,12.06,
1996-03-22,,,12.06,
1996-03-23,,,12.06,
1996-03-24,,,12.06,
1996-03-25,,,12.06,
1996-03-26,,,12.06,
1996-03-27,,,12.06,
1996-03-28,,,12.06,
1996-03-29,,,12.06,
1996-03-30,,,12.06,
1996-03-31,,,12.06,
1996-04-01,,1.70223992386538,12.06,
1996-04-02,,,12.06,
1996-04-03,,,12.06,
1996-04-04,,,12.06,
1996-04-05,,,12.06,
1996-04-06,,,12.06,
1996-04-07,,,12.06,
1996-04-08,,,12.06,
1996-04-09,,,12.06,
1996-04-10,,,12.06,
1996-04-11,66.6,,12.06,
1996-04-12,66.58,,12.06,
1996-04-13,,,12.06,
1996-04-14,,,12.06,
1996-04-15,66.65,,12.06,
1996-04-16,66.6,,12.06,
1996-04-17,66.61,,12.06,
1996-04-18,66.52,,12.06,
1996-04-19,66.29,,12.06,
1996-04-20,,,12.06,
1996-04-21,,,12.06,
1996-04-22,66.39,,12.06,
1996-04-23,66.4,,12.06,
1996-04-24,66.47,,12.06,
1996-04-25,66.53,,12.06,
1996-04-26,66.49,,12.06,
1996-04-27,,,12.06,
1996-04-28,,,12.06,
1996-04-29,66.1,,12.06,
1996-04-30,66.16,,12.06,
1996-05-01,66.16,0.0929432263848267,10.98,
1996-05-02,66.37,,10.98,
1996-05-03,66.21,,10.98,
1996-05-04,,,10.98,
1996-05-05,,,10.98,
1996-05-06,66.26,,10.98,
1996-05-07,66.25,,10.98,
1996-05-08,66.31,,10.98,
1996-05-09,66.12,,10.98,
1996-05-10,66.13,,10.98,
1996-05-11,,,10.98,
1996-05-12,,,10.98,
1996-05-13,66.31,,10.98,
1996-05-14,66.36,,10.98,
1996-05-15,66.55,,10.98,
1996-05-16,66.56,,10.98,
1996-05-17,66.56,,10.98,
1996-05-18,,,10.98,
1996-05-19,,,10.98,
1996-05-20,66.7,,10.98,
1996-05-21,66.72,,10.98,
1996-05-22,66.76,,10.98,
1996-05-23,66.73,,10.98,
1996-05-24,66.95,,10.98,
1996-05-25,,,10.98,
1996-05-26,,,10.98,
1996-05-27,66.95,,10.98,
1996-05-28,67.15,,10.98,
1996-05-29,67.28,,10.98,
1996-05-30,66.67,,10.98,
1996-05-31,66.93,,10.98,
1996-06-01,,-1.10321654509733,10.98,
1996-06-02,,,10.98,
1996-06-03,66.76,,10.98,
1996-06-04,66.96,,10.98,
1996-06-05,67.01,,10.98,
1996-06-06,67.0,,10.98,
1996-06-07,66.97,,10.98,
1996-06-08,,,10.98,
1996-06-09,,,10.98,
1996-06-10,67.15,,10.98,
1996-06-11,67.18,,10.98,
1996-06-12,67.19,,10.98,
1996-06-13,67.19,,10.98,
1996-06-14,66.94,,10.98,
1996-06-15,,,10.98,
1996-06-16,,,10.98,
1996-06-17,67.0,,10.98,
1996-06-18,66.82,,10.98,
1996-06-19,66.91,,10.98,
1996-06-20,66.96,,10.98,
1996-06-21,67.14,,10.98,
1996-06-22,,,10.98,
1996-06-23,,,10.98,
1996-06-24,67.23,,10.98,
1996-06-25,67.24,,10.98,
1996-06-26,67.23,,10.98,
1996-06-27,67.11,,10.98,
1996-06-28,67.23,,10.98,
1996-06-29,,,10.98,
1996-06-30,,,10.98,
1996-07-01,67.18,-1.10742695036933,10.98,
1996-07-02,67.3,,10.98,
1996-07-03,67.37,,10.98,
1996-07-04,67.25,,10.98,
1996-07-05,67.41,,10.98,
1996-07-06,,,10.98,
1996-07-07,,,10.98,
1996-07-08,67.51,,10.98,
1996-07-09,67.39,,10.98,
1996-07-10,67.35,,10.98,
1996-07-11,67.41,,10.98,
1996-07-12,67.34,,10.98,
1996-07-13,,,10.98,
1996-07-14,,,10.98,
1996-07-15,67.46,,10.98,
1996-07-16,67.08,,10.98,
1996-07-17,66.9,,10.98,
1996-07-18,66.88,,10.98,
1996-07-19,66.81,,10.98,
1996-07-20,,,10.98,
1996-07-21,,,10.98,
1996-07-22,66.73,,10.98,
1996-07-23,66.64,,10.98,
1996-07-24,66.7,,10.98,
1996-07-25,66.61,,10.98,
1996-07-26,66.82,,10.98,
1996-07-27,,,10.98,
1996-07-28,,,10.98,
1996-07-29,66.82,,10.98,
1996-07-30,66.69,,10.98,
1996-07-31,66.47,,10.98,
1996-08-01,66.57,1.4845422516605402,10.98,
1996-08-02,66.61,,10.98,
1996-08-03,,,10.98,
1996-08-04,,,10.98,
1996-08-05,66.57,,10.98,
1996-08-06,66.68,,10.98,
1996-08-07,66.74,,10.98,
1996-08-08,66.84,,10.98,
1996-08-09,66.81,,10.98,
1996-08-10,,,10.98,
1996-08-11,,,10.98,
1996-08-12,66.75,,10.98,
1996-08-13,66.74,,10.98,
1996-08-14,66.84,,10.98,
1996-08-15,66.85,,10.98,
1996-08-16,66.87,,10.98,
1996-08-17,,,10.98,
1996-08-18,,,10.98,
1996-08-19,66.88,,10.98,
1996-08-20,66.9,,10.98,
1996-08-21,66.88,,10.98,
1996-08-22,66.99,,10.98,
1996-08-23,66.91,,10.08,
1996-08-24,,,10.08,
1996-08-25,,,10.08,
1996-08-26,66.75,,10.08,
1996-08-27,66.75,,10.08,
1996-08-28,66.81,,10.08,
1996-08-29,66.83,,10.08,
1996-08-30,66.94,,10.08,
1996-08-31,,,10.08,
1996-09-01,,2.00478755719946,10.08,
1996-09-02,66.98,,10.08,
1996-09-03,67.07,,10.08,
1996-09-04,66.98,,10.08,
1996-09-05,66.97,,10.08,
1996-09-06,67.01,,10.08,
1996-09-07,,,10.08,
1996-09-08,,,10.08,
1996-09-09,67.02,,10.08,
1996-09-10,67.22,,10.08,
1996-09-11,67.35,,10.08,
1996-09-12,67.39,,10.08,
1996-09-13,67.42,,10.08,
1996-09-14,,,10.08,
1996-09-15,,,10.08,
1996-09-16,67.49,,10.08,
1996-09-17,67.44,,10.08,
1996-09-18,67.42,,10.08,
1996-09-19,67.26,,10.08,
1996-09-20,67.36,,10.08,
1996-09-21,,,10.08,
1996-09-22,,,10.08,
1996-09-23,67.38,,10.08,
1996-09-24,67.33,,10.08,
1996-09-25,67.34,,10.08,
1996-09-26,67.52,,10.08,
1996-09-27,67.59,,10.08,
1996-09-28,,,10.08,
1996-09-29,,,10.08,
1996-09-30,67.74,,10.08,
1996-10-01,67.64,-0.311361776374038,10.08,
1996-10-02,67.68,,10.08,
1996-10-03,67.69,,10.08,
1996-10-04,67.75,,10.08,
1996-10-05,,,10.08,
1996-10-06,,,10.08,
1996-10-07,67.75,,10.08,
1996-10-08,67.66,,10.08,
1996-10-09,67.76,,10.08,
1996-10-10,67.79,,10.08,
1996-10-11,67.74,,10.08,
1996-10-12,,,10.08,
1996-10-13,,,10.08,
1996-10-14,67.77,,10.08,
1996-10-15,67.93,,10.08,
1996-10-16,67.95,,10.08,
1996-10-17,67.93,,10.08,
1996-10-18,67.98,,10.08,
1996-10-19,,,10.08,
1996-10-20,,,10.08,
1996-10-21,67.98,,10.08,
1996-10-22,67.94,,10.08,
1996-10-23,67.85,,10.08,
1996-10-24,67.88,,10.08,
1996-10-25,67.97,,10.08,
1996-10-26,,,10.08,
1996-10-27,,,10.08,
1996-10-28,68.1,,10.08,
1996-10-29,67.94,,10.08,
1996-10-30,67.97,,10.08,
1996-10-31,67.87,,10.08,
1996-11-01,67.91,-0.1930876536995899,10.08,
1996-11-02,,,10.08,
1996-11-03,,,10.08,
1996-11-04,67.79,,10.08,
1996-11-05,67.9,,10.08,
1996-11-06,67.96,,10.08,
1996-11-07,67.58,,10.08,
1996-11-08,67.6,,10.08,
1996-11-09,,,10.08,
1996-11-10,,,10.08,
1996-11-11,67.46,,10.08,
1996-11-12,67.45,,10.08,
1996-11-13,67.49,,10.08,
1996-11-14,67.49,,10.08,
1996-11-15,67.4,,10.08,
1996-11-16,,,10.08,
1996-11-17,,,10.08,
1996-11-18,67.45,,10.08,
1996-11-19,67.4,,10.08,
1996-11-20,67.35,,10.08,
1996-11-21,67.42,,10.08,
1996-11-22,67.32,,10.08,
1996-11-23,,,10.08,
1996-11-24,,,10.08,
1996-11-25,67.59,,10.08,
1996-11-26,67.78,,10.08,
1996-11-27,67.8,,10.08,
1996-11-28,67.93,,10.08,
1996-11-29,67.95,,10.08,
1996-11-30,,,10.08,
1996-12-01,,0.4974708128552099,10.08,
1996-12-02,68.01,,10.08,
1996-12-03,68.29,,10.08,
1996-12-04,68.2,,10.08,
1996-12-05,68.18,,10.08,
1996-12-06,67.86,,10.08,
1996-12-07,,,10.08,
1996-12-08,,,10.08,
1996-12-09,68.19,,10.08,
1996-12-10,68.19,,10.08,
1996-12-11,68.09,,10.08,
1996-12-12,68.19,,10.08,
1996-12-13,68.09,,10.08,
1996-12-14,,,10.08,
1996-12-15,,,10.08,
1996-12-16,68.36,,10.08,
1996-12-17,68.31,,10.08,
1996-12-18,68.28,,10.08,
1996-12-19,68.38,,10.08,
1996-12-20,68.42,,10.08,
1996-12-21,,,10.08,
1996-12-22,,,10.08,
1996-12-23,68.35,,10.08,
1996-12-24,68.39,,10.08,
1996-12-25,68.39,,10.08,
1996-12-26,68.41,,10.08,
1996-12-27,68.57,,10.08,
1996-12-28,,,10.08,
1996-12-29,,,10.08,
1996-12-30,68.63,,10.08,
1996-12-31,68.65,,10.08,
1997-01-01,68.65,0.812477989390458,10.08,
1997-01-02,68.56,,10.08,
1997-01-03,68.59,,10.08,
1997-01-04,,,10.08,
1997-01-05,,,10.08,
1997-01-06,68.7,,10.08,
1997-01-07,68.59,,10.08,
1997-01-08,68.73,,10.08,
1997-01-09,68.83,,10.08,
1997-01-10,68.74,,10.08,
1997-01-11,,,10.08,
1997-01-12,,,10.08,
1997-01-13,69.01,,10.08,
1997-01-14,68.97,,10.08,
1997-01-15,69.18,,10.08,
1997-01-16,69.11,,10.08,
1997-01-17,69.15,,10.08,
1997-01-18,,,10.08,
1997-01-19,,,10.08,
1997-01-20,69.44,,10.08,
1997-01-21,69.51,,10.08,
1997-01-22,69.83,,10.08,
1997-01-23,69.93,,10.08,
1997-01-24,69.77,,10.08,
1997-01-25,,,10.08,
1997-01-26,,,10.08,
1997-01-27,69.97,,10.08,
1997-01-28,70.33,,10.08,
1997-01-29,70.42,,10.08,
1997-01-30,70.42,,10.08,
1997-01-31,70.37,,10.08,
1997-02-01,,0.8999370274034799,10.08,
1997-02-02,,,10.08,
1997-02-03,70.56,,10.08,
1997-02-04,70.54,,10.08,
1997-02-05,70.79,,10.08,
1997-02-06,70.78,,10.08,
1997-02-07,71.01,,10.08,
1997-02-08,,,10.08,
1997-02-09,,,10.08,
1997-02-10,70.7,,10.08,
1997-02-11,70.88,,10.08,
1997-02-12,71.11,,10.08,
1997-02-13,71.15,,10.08,
1997-02-14,71.18,,10.08,
1997-02-15,,,10.08,
1997-02-16,,,10.08,
1997-02-17,71.26,,10.08,
1997-02-18,71.39,,10.08,
1997-02-19,71.21,,10.08,
1997-02-20,70.99,,10.08,
1997-02-21,70.9,,10.08,
1997-02-22,,,10.08,
1997-02-23,,,10.08,
1997-02-24,70.8,,10.08,
1997-02-25,70.77,,10.08,
1997-02-26,70.62,,10.08,
1997-02-27,70.8,,10.08,
1997-02-28,70.78,,10.08,
1997-03-01,,-0.7874839337445941,10.08,
1997-03-02,,,10.08,
1997-03-03,70.78,,10.08,
1997-03-04,71.06,,10.08,
1997-03-05,71.1,,10.08,
1997-03-06,71.16,,10.08,
1997-03-07,71.09,,10.08,
1997-03-08,,,10.08,
1997-03-09,,,10.08,
1997-03-10,71.15,,10.08,
1997-03-11,71.15,,10.08,
1997-03-12,71.26,,10.08,
1997-03-13,71.18,,10.08,
1997-03-14,71.45,,10.08,
1997-03-15,,,10.08,
1997-03-16,,,10.08,
1997-03-17,71.31,,10.08,
1997-03-18,71.21,,10.08,
1997-03-19,71.24,,10.08,
1997-03-20,71.14,,10.08,
1997-03-21,71.34,,10.08,
1997-03-22,,,10.08,
1997-03-23,,,10.08,
1997-03-24,71.31,,10.08,
1997-03-25,71.31,,10.08,
1997-03-26,71.46,,10.08,
1997-03-27,71.29,,10.08,
1997-03-28,71.3,,10.08,
1997-03-29,,,10.08,
1997-03-30,,,10.08,
1997-03-31,71.31,,10.08,
1997-04-01,71.18,0.919915064896564,10.08,
1997-04-02,71.04,,10.08,
1997-04-03,71.09,,10.08,
1997-04-04,71.29,,10.08,
1997-04-05,,,10.08,
1997-04-06,,,10.08,
1997-04-07,71.7,,10.08,
1997-04-08,71.91,,10.08,
1997-04-09,71.98,,10.08,
1997-04-10,71.86,,10.08,
1997-04-11,71.97,,10.08,
1997-04-12,,,10.08,
1997-04-13,,,10.08,
1997-04-14,72.0,,10.08,
1997-04-15,72.07,,10.08,
1997-04-16,71.97,,10.08,
1997-04-17,71.96,,10.08,
1997-04-18,71.93,,10.08,
1997-04-19,,,10.08,
1997-04-20,,,10.08,
1997-04-21,71.74,,10.08,
1997-04-22,71.87,,10.08,
1997-04-23,71.93,,10.08,
1997-04-24,71.98,,10.08,
1997-04-25,71.9,,10.08,
1997-04-26,,,10.08,
1997-04-27,,,10.08,
1997-04-28,72.17,,10.08,
1997-04-29,72.21,,10.08,
1997-04-30,72.16,,10.08,
1997-05-01,72.16,-0.295013700151705,10.08,
1997-05-02,72.14,,10.08,
1997-05-03,,,10.08,
1997-05-04,,,10.08,
1997-05-05,72.14,,10.08,
1997-05-06,72.05,,10.08,
1997-05-07,71.84,,10.08,
1997-05-08,71.83,,10.08,
1997-05-09,71.33,,10.08,
1997-05-10,,,10.08,
1997-05-11,,,10.08,
1997-05-12,70.86,,10.08,
1997-05-13,70.95,,10.08,
1997-05-14,70.89,,10.08,
1997-05-15,70.3,,10.08,
1997-05-16,70.29,,10.08,
1997-05-17,,,10.08,
1997-05-18,,,10.08,
1997-05-19,70.28,,10.08,
1997-05-20,70.05,,10.08,
1997-05-21,69.93,,10.08,
1997-05-22,70.32,,10.08,
1997-05-23,70.36,,10.08,
1997-05-24,,,10.08,
1997-05-25,,,10.08,
1997-05-26,70.37,,10.08,
1997-05-27,70.56,,10.08,
1997-05-28,70.48,,10.08,
1997-05-29,70.53,,10.08,
1997-05-30,70.55,,10.08,
1997-05-31,,,10.08,
1997-06-01,,-1.10321728010157,10.08,
1997-06-02,70.73,,10.08,
1997-06-03,70.64,,10.08,
1997-06-04,70.73,,10.08,
1997-06-05,70.6,,10.08,
1997-06-06,70.73,,10.08,
1997-06-07,,,10.08,
1997-06-08,,,10.08,
1997-06-09,70.07,,10.08,
1997-06-10,70.05,,10.08,
1997-06-11,69.88,,10.08,
1997-06-12,70.36,,10.08,
1997-06-13,70.44,,10.08,
1997-06-14,,,10.08,
1997-06-15,,,10.08,
1997-06-16,70.34,,10.08,
1997-06-17,70.29,,10.08,
1997-06-18,70.19,,10.08,
1997-06-19,70.32,,10.08,
1997-06-20,70.43,,10.08,
1997-06-21,,,10.08,
1997-06-22,,,10.08,
1997-06-23,70.52,,10.08,
1997-06-24,70.4,,10.08,
1997-06-25,70.29,,10.08,
1997-06-26,70.3,,10.08,
1997-06-27,70.36,,10.08,
1997-06-28,,,10.08,
1997-06-29,,,10.08,
1997-06-30,70.52,,10.08,
1997-07-01,70.57,-1.20362500831254,10.08,
1997-07-02,70.72,,10.08,1199.06103515625
1997-07-03,70.66,,10.08,1150.623046875
1997-07-04,70.5,,10.08,1159.342041015625
1997-07-05,,,10.08,
1997-07-06,,,10.08,
1997-07-07,70.32,,10.08,1096.8189697265625
1997-07-08,70.43,,10.08,1109.666015625
1997-07-09,70.48,,10.08,1120.8409423828125
1997-07-10,70.44,,10.08,1120.154052734375
1997-07-11,70.63,,10.08,1154.7939453125
1997-07-12,,,10.08,
1997-07-13,,,10.08,
1997-07-14,70.93,,10.08,1200.114013671875
1997-07-15,71.06,,10.08,
1997-07-16,71.3,,10.08,1190.8260498046875
1997-07-17,71.44,,10.08,1197.2259521484375
1997-07-18,71.45,,10.08,1209.8570556640625
1997-07-19,,,10.08,
1997-07-20,,,10.08,
1997-07-21,71.39,,10.08,1193.5250244140625
1997-07-22,71.55,,10.08,1208.248046875
1997-07-23,71.55,,10.08,1198.8609619140625
1997-07-24,71.7,,10.08,1174.217041015625
1997-07-25,71.84,,10.08,1170.862060546875
1997-07-26,,,10.08,
1997-07-27,,,10.08,
1997-07-28,72.22,,10.08,1141.7769775390625
1997-07-29,72.34,,10.08,1153.22900390625
1997-07-30,72.67,,10.08,1179.4210205078125
1997-07-31,72.49,,10.08,1189.760009765625
1997-08-01,72.49,0.694009510558744,10.08,1192.8280029296875
1997-08-02,,,10.08,
1997-08-03,,,10.08,
1997-08-04,72.57,,10.08,1200.3330078125
1997-08-05,72.59,,10.08,1196.2740478515625
1997-08-06,72.87,,10.08,1171.9410400390625
1997-08-07,72.68,,10.08,1199.239990234375
1997-08-08,72.53,,10.08,1206.052978515625
1997-08-09,,,10.08,
1997-08-10,,,10.08,
1997-08-11,72.23,,10.08,1184.0830078125
1997-08-12,72.36,,10.08,1146.8089599609375
1997-08-13,72.35,,10.08,1120.126953125
1997-08-14,72.34,,10.08,1168.113037109375
1997-08-15,72.42,,10.08,1143.06396484375
1997-08-16,,,10.08,
1997-08-17,,,10.08,
1997-08-18,72.46,,10.08,1134.634033203125
1997-08-19,72.58,,10.08,1132.905029296875
1997-08-20,72.64,,10.08,1144.6390380859375
1997-08-21,72.59,,10.08,1164.5450439453125
1997-08-22,72.22,,10.08,1171.8330078125
1997-08-23,,,10.08,
1997-08-24,,,10.08,
1997-08-25,72.53,,10.08,1184.095947265625
1997-08-26,72.29,,10.08,1194.04296875
1997-08-27,72.6,,10.08,1198.512939453125
1997-08-28,72.59,,10.08,1213.8919677734375
1997-08-29,72.64,,10.08,1221.06396484375
1997-08-30,,,10.08,
1997-08-31,,,10.08,
1997-09-01,72.96,1.90468466665378,10.08,1229.864990234375
1997-09-02,73.19,,10.08,1226.302978515625
1997-09-03,73.18,,10.08,1240.8199462890625
1997-09-04,73.14,,10.08,1251.2979736328125
1997-09-05,73.11,,10.08,1251.550048828125
1997-09-06,,,10.08,
1997-09-07,,,10.08,
1997-09-08,73.01,,10.08,1255.22900390625
1997-09-09,72.73,,10.08,1231.0269775390625
1997-09-10,72.71,,10.08,1256.041015625
1997-09-11,72.68,,10.08,1242.7130126953125
1997-09-12,72.87,,10.08,1208.697021484375
1997-09-13,,,10.08,
1997-09-14,,,10.08,
1997-09-15,72.56,,10.08,1179.2860107421875
1997-09-16,72.79,,10.08,1187.219970703125
1997-09-17,72.74,,10.08,1167.5570068359375
1997-09-18,72.81,,10.08,1172.365966796875
1997-09-19,72.98,,10.08,1184.52099609375
1997-09-20,,,10.08,
1997-09-21,,,10.08,
1997-09-22,73.32,,10.08,1103.9739990234375
1997-09-23,73.11,,10.08,1041.9649658203125
1997-09-24,72.64,,10.08,1110.011962890625
1997-09-25,72.81,,10.08,1117.010009765625
1997-09-26,72.77,,10.08,1109.634033203125
1997-09-27,,,10.08,
1997-09-28,,,10.08,
1997-09-29,72.88,,10.08,1084.072021484375
1997-09-30,72.96,,10.08,1097.383056640625
1997-10-01,72.94,-0.605139395368346,10.08,
1997-10-02,72.97,,10.08,
1997-10-03,73.27,,10.08,
1997-10-04,,,10.08,
1997-10-05,,,10.08,
1997-10-06,73.11,,10.08,1098.9029541015625
1997-10-07,73.0,,10.08,1102.572998046875
1997-10-08,72.96,,10.08,1134.8680419921875
1997-10-09,72.75,,10.08,1122.4659423828125
1997-10-10,72.66,,10.08,1130.7850341796875
1997-10-11,,,10.08,
1997-10-12,,,10.08,
1997-10-13,72.83,,10.08,1119.8170166015625
1997-10-14,72.88,,10.08,1117.927978515625
1997-10-15,72.94,,10.08,1125.781982421875
1997-10-16,72.78,,10.08,1150.3070068359375
1997-10-17,73.05,,10.08,1176.489013671875
1997-10-18,,,10.08,
1997-10-19,,,10.08,
1997-10-20,73.49,,10.08,1187.3680419921875
1997-10-21,73.48,,10.08,1191.8699951171875
1997-10-22,73.57,,10.08,1177.52001953125
1997-10-23,73.47,,8.64,1173.364013671875
1997-10-24,73.69,,8.64,1178.3060302734375
1997-10-25,,,8.64,
1997-10-26,,,8.64,
1997-10-27,73.67,,8.64,1235.8270263671875
1997-10-28,73.33,,8.64,1177.9239501953125
1997-10-29,73.48,,8.64,1184.0860595703125
1997-10-30,73.27,,8.64,1174.845947265625
1997-10-31,73.33,,8.64,1180.3929443359375
1997-11-01,,-0.586414760435353,8.64,
1997-11-02,,,8.64,
1997-11-03,73.4,,8.64,1180.85400390625
1997-11-04,73.31,,8.64,1184.699951171875
1997-11-05,73.6,,8.64,1194.0379638671875
1997-11-06,73.66,,8.64,1181.123046875
1997-11-07,73.57,,8.64,1195.1409912109375
1997-11-08,,,8.64,
1997-11-09,,,8.64,
1997-11-10,73.88,,8.64,1185.7840576171875
1997-11-11,73.87,,8.64,1186.634033203125
1997-11-12,74.03,,8.64,1185.0240478515625
1997-11-13,74.08,,8.64,1185.0240478515625
1997-11-14,74.31,,8.64,1197.83203125
1997-11-15,,,8.64,
1997-11-16,,,8.64,
1997-11-17,74.4,,8.64,1191.3330078125
1997-11-18,74.45,,8.64,1183.3489990234375
1997-11-19,75.01,,8.64,1181.626953125
1997-11-20,74.91,,8.64,1172.427001953125
1997-11-21,74.88,,8.64,1158.5550537109375
1997-11-22,,,8.64,
1997-11-23,,,8.64,
1997-11-24,75.14,,8.64,1124.9410400390625
1997-11-25,75.44,,8.64,1125.5279541015625
1997-11-26,75.54,,8.64,1143.8179931640625
1997-11-27,75.66,,8.64,1122.5159912109375
1997-11-28,76.01,,8.64,1139.6280517578125
1997-11-29,,,8.64,
1997-11-30,,,8.64,
1997-12-01,76.41,-0.1983571108982039,8.64,1133.0870361328125
1997-12-02,76.53,,8.64,1130.1669921875
1997-12-03,76.48,,8.64,1122.5460205078125
1997-12-04,76.41,,8.64,1135.873046875
1997-12-05,76.88,,8.64,1136.2039794921875
1997-12-06,,,8.64,
1997-12-07,,,8.64,
1997-12-08,77.55,,8.64,1139.322021484375
1997-12-09,78.09,,8.64,1148.1710205078125
1997-12-10,78.24,,8.64,1157.842041015625
1997-12-11,78.96,,8.64,1159.1689453125
1997-12-12,79.05,,8.64,1153.8399658203125
1997-12-13,,,8.64,
1997-12-14,,,8.64,
1997-12-15,78.87,,8.64,1168.0260009765625
1997-12-16,78.55,,8.64,1174.802001953125
1997-12-17,77.96,,8.64,1146.52197265625
1997-12-18,78.05,,8.64,1154.166015625
1997-12-19,78.48,,8.64,1160.7679443359375
1997-12-20,,,8.64,
1997-12-21,,,8.64,
1997-12-22,79.3,,8.64,1169.0069580078125
1997-12-23,80.05,,8.64,1171.2540283203125
1997-12-24,79.61,,8.64,1169.6639404296875
1997-12-25,79.61,,8.64,1181.2779541015625
1997-12-26,79.6,,8.64,1191.9189453125
1997-12-27,,,8.64,
1997-12-28,,,8.64,
1997-12-29,78.23,,8.64,1186.60595703125
1997-12-30,79.13,,8.64,1181.1429443359375
1997-12-31,79.33,,8.64,1194.10205078125
1998-01-01,79.33,0.7120663285269269,8.64,
1998-01-02,79.9,,8.64,
1998-01-03,,,8.64,
1998-01-04,,,8.64,
1998-01-05,80.73,,8.64,1220.4730224609375
1998-01-06,81.09,,8.64,1233.6199951171875
1998-01-07,81.19,,8.64,1244.0699462890625
1998-01-08,81.58,,8.64,1237.1629638671875
1998-01-09,81.2,,8.64,1239.9010009765625
1998-01-10,,,8.64,
1998-01-11,,,8.64,
1998-01-12,81.21,,8.64,1226.9659423828125
1998-01-13,81.13,,8.64,1167.64697265625
1998-01-14,80.47,,8.64,1202.2149658203125
1998-01-15,80.22,,8.64,1215.4310302734375
1998-01-16,80.01,,8.64,1213.9620361328125
1998-01-17,,,8.64,
1998-01-18,,,8.64,
1998-01-19,79.98,,8.64,1213.1290283203125
1998-01-20,80.33,,8.64,1203.7149658203125
1998-01-21,80.34,,8.64,1200.2030029296875
1998-01-22,80.27,,8.64,1204.4300537109375
1998-01-23,80.22,,8.64,1222.9129638671875
1998-01-24,,,8.64,
1998-01-25,,,8.64,
1998-01-26,79.8,,8.64,
1998-01-27,79.8,,8.64,
1998-01-28,79.77,,8.64,
1998-01-29,79.75,,8.64,
1998-01-30,79.57,,8.64,
1998-01-31,,,8.64,
1998-02-01,,0.497544663823544,8.64,
1998-02-02,79.75,,8.64,
1998-02-03,79.18,,8.64,
1998-02-04,79.04,,8.64,
1998-02-05,78.49,,8.64,
1998-02-06,78.44,,8.64,
1998-02-07,,,8.64,
1998-02-08,,,8.64,
1998-02-09,78.96,,8.64,1248.0400390625
1998-02-10,78.47,,8.64,1236.512939453125
1998-02-11,78.53,,8.64,1250.238037109375
1998-02-12,78.46,,8.64,1246.2950439453125
1998-02-13,79.11,,8.64,1245.9110107421875
1998-02-14,,,8.64,
1998-02-15,,,8.64,
1998-02-16,79.42,,8.64,1236.2359619140625
1998-02-17,79.46,,8.64,1238.5
1998-02-18,79.51,,8.64,1229.8310546875
1998-02-19,79.22,,8.64,1232.583984375
1998-02-20,79.41,,8.64,1226.02001953125
1998-02-21,,,8.64,
1998-02-22,,,8.64,
1998-02-23,79.71,,8.64,1208.60302734375
1998-02-24,79.33,,8.64,1208.218017578125
1998-02-25,79.22,,8.64,1194.6729736328125
1998-02-26,79.31,,8.64,1206.6739501953125
1998-02-27,78.93,,8.64,1206.530029296875
1998-02-28,,,8.64,
1998-03-01,,0.0070105714818336,8.64,
1998-03-02,78.39,,8.64,1188.3060302734375
1998-03-03,78.68,,8.64,1201.7889404296875
1998-03-04,78.78,,8.64,1213.2530517578125
1998-03-05,79.15,,8.64,1207.541015625
1998-03-06,79.48,,8.64,1206.4520263671875
1998-03-07,,,8.64,
1998-03-08,,,8.64,
1998-03-09,79.54,,8.64,1200.833984375
1998-03-10,79.38,,8.64,1199.83203125
1998-03-11,79.57,,8.64,1190.0369873046875
1998-03-12,79.34,,8.64,1178.969970703125
1998-03-13,78.89,,8.64,1184.9610595703125
1998-03-14,,,8.64,
1998-03-15,,,8.64,
1998-03-16,79.12,,8.64,1188.4820556640625
1998-03-17,78.88,,8.64,1202.8349609375
1998-03-18,79.06,,8.64,1193.9090576171875
1998-03-19,78.98,,8.64,1188.7149658203125
1998-03-20,78.94,,8.64,1187.5009765625
1998-03-21,,,8.64,
1998-03-22,,,8.64,
1998-03-23,78.55,,8.64,1179.8690185546875
1998-03-24,78.5,,8.64,1194.0169677734375
1998-03-25,78.47,,7.92,1191.552978515625
1998-03-26,78.28,,7.92,1188.864990234375
1998-03-27,78.2,,7.92,1223.56494140625
1998-03-28,,,7.92,
1998-03-29,,,7.92,
1998-03-30,78.76,,7.92,1249.43505859375
1998-03-31,79.35,,7.92,1243.0159912109375
1998-04-01,79.22,-0.0822695353361514,7.92,1254.9649658203125
1998-04-02,79.49,,7.92,1269.0150146484375
1998-04-03,80.14,,7.92,1286.083984375
1998-04-04,,,7.92,
1998-04-05,,,7.92,
1998-04-06,79.75,,7.92,1306.3780517578125
1998-04-07,79.46,,7.92,1303.1400146484375
1998-04-08,79.22,,7.92,1322.79296875
1998-04-09,78.99,,7.92,1297.2249755859375
1998-04-10,78.97,,7.92,1311.5140380859375
1998-04-11,,,7.92,
1998-04-12,,,7.92,
1998-04-13,78.98,,7.92,1318.748046875
1998-04-14,78.5,,7.92,1313.720947265625
1998-04-15,78.36,,7.92,1324.70703125
1998-04-16,78.74,,7.92,1316.2459716796875
1998-04-17,78.59,,7.92,1298.1070556640625
1998-04-18,,,7.92,
1998-04-19,,,7.92,
1998-04-20,78.76,,7.92,1296.0050048828125
1998-04-21,78.42,,7.92,1305.2230224609375
1998-04-22,78.35,,7.92,1322.1820068359375
1998-04-23,78.28,,7.92,1324.5589599609375
1998-04-24,78.52,,7.92,1315.1669921875
1998-04-25,,,7.92,
1998-04-26,,,7.92,
1998-04-27,78.89,,7.92,1310.3780517578125
1998-04-28,78.46,,7.92,1332.989990234375
1998-04-29,78.53,,7.92,1332.4990234375
1998-04-30,78.44,,7.92,1343.447998046875
1998-05-01,78.73,-0.995047534103579,7.92,
1998-05-02,,,7.92,
1998-05-03,,,7.92,
1998-05-04,78.52,,7.92,1352.926025390625
1998-05-05,78.33,,7.92,1352.52001953125
1998-05-06,78.56,,7.92,1348.4119873046875
1998-05-07,78.76,,7.92,1327.873046875
1998-05-08,78.76,,7.92,1357.594970703125
1998-05-09,,,7.92,
1998-05-10,,,7.92,
1998-05-11,78.77,,7.92,1354.60595703125
1998-05-12,78.96,,7.92,1349.6490478515625
1998-05-13,79.32,,7.92,1369.261962890625
1998-05-14,79.29,,7.92,1367.126953125
1998-05-15,79.4,,7.92,1368.0870361328125
1998-05-16,,,7.92,
1998-05-17,,,7.92,
1998-05-18,79.88,,7.92,1368.1829833984375
1998-05-19,79.93,,7.92,1362.2919921875
1998-05-20,79.77,,7.92,1357.4310302734375
1998-05-21,79.72,,7.92,1366.656005859375
1998-05-22,79.36,,7.92,1375.8170166015625
1998-05-23,,,7.92,
1998-05-24,,,7.92,
1998-05-25,79.57,,7.92,1389.365966796875
1998-05-26,79.82,,7.92,1390.416015625
1998-05-27,79.82,,7.92,1399.5419921875
1998-05-28,80.18,,7.92,1397.89501953125
1998-05-29,80.2,,7.92,1411.208984375
1998-05-30,,,7.92,
1998-05-31,,,7.92,
1998-06-01,80.36,-1.40290516127302,7.92,1415.574951171875
1998-06-02,80.34,,7.92,1413.0799560546875
1998-06-03,80.08,,7.92,1420.0
1998-06-04,80.17,,7.92,1406.302978515625
1998-06-05,80.39,,7.92,1408.614013671875
1998-06-06,,,7.92,
1998-06-07,,,7.92,
1998-06-08,80.67,,7.92,1403.72998046875
1998-06-09,80.6,,7.92,1369.6500244140625
1998-06-10,80.89,,7.92,1368.2969970703125
1998-06-11,81.16,,7.92,1347.677001953125
1998-06-12,81.69,,7.92,1383.387939453125
1998-06-13,,,7.92,
1998-06-14,,,7.92,
1998-06-15,82.21,,7.92,1365.3409423828125
1998-06-16,81.73,,7.92,1348.5880126953125
1998-06-17,80.62,,7.92,1348.9420166015625
1998-06-18,80.15,,7.92,1370.68505859375
1998-06-19,79.78,,7.92,1392.8780517578125
1998-06-20,,,7.92,
1998-06-21,,,7.92,
1998-06-22,80.52,,7.92,1399.35595703125
1998-06-23,80.42,,7.92,1397.9560546875
1998-06-24,80.71,,7.92,1401.741943359375
1998-06-25,80.87,,7.92,1382.0360107421875
1998-06-26,81.09,,7.92,1385.6180419921875
1998-06-27,,,7.92,
1998-06-28,,,7.92,
1998-06-29,81.26,,7.92,1361.4320068359375
1998-06-30,80.67,,7.92,1339.2020263671875
1998-07-01,80.63,-1.30372245306031,6.93,1316.4410400390625
1998-07-02,81.04,,6.93,1331.6500244140625
1998-07-03,80.74,,6.93,1335.125
1998-07-04,,,6.93,
1998-07-05,,,6.93,
1998-07-06,80.89,,6.93,1315.282958984375
1998-07-07,80.69,,6.93,1324.4000244140625
1998-07-08,80.81,,6.93,1338.9840087890625
1998-07-09,80.93,,6.93,1343.2320556640625
1998-07-10,80.95,,6.93,1360.6190185546875
1998-07-11,,,6.93,
1998-07-12,,,6.93,
1998-07-13,81.07,,6.93,1358.81298828125
1998-07-14,80.64,,6.93,1336.5579833984375
1998-07-15,80.56,,6.93,1335.4659423828125
1998-07-16,80.17,,6.93,1325.633056640625
1998-07-17,80.23,,6.93,1314.7149658203125
1998-07-18,,,6.93,
1998-07-19,,,6.93,
1998-07-20,80.1,,6.93,1287.072998046875
1998-07-21,80.29,,6.93,1313.010009765625
1998-07-22,80.47,,6.93,1299.14794921875
1998-07-23,80.6,,6.93,1316.27099609375
1998-07-24,80.17,,6.93,1326.821044921875
1998-07-25,,,6.93,
1998-07-26,,,6.93,
1998-07-27,80.25,,6.93,1321.8990478515625
1998-07-28,80.46,,6.93,1317.946044921875
1998-07-29,80.3,,6.93,1311.93994140625
1998-07-30,80.16,,6.93,1315.302001953125
1998-07-31,80.63,,6.93,1316.9189453125
1998-08-01,,0.6940093382372408,6.93,
1998-08-02,,,6.93,
1998-08-03,80.96,,6.93,1302.10205078125
1998-08-04,80.84,,6.93,1293.45703125
1998-08-05,80.69,,6.93,1307.43994140625
1998-08-06,81.16,,6.93,1294.1619873046875
1998-08-07,81.36,,6.93,1271.0689697265625
1998-08-08,,,6.93,
1998-08-09,,,6.93,
1998-08-10,81.64,,6.93,1234.5810546875
1998-08-11,81.82,,6.93,1207.6719970703125
1998-08-12,81.42,,6.93,1190.553955078125
1998-08-13,81.58,,6.93,1204.1800537109375
1998-08-14,81.5,,6.93,1168.0260009765625
1998-08-15,,,6.93,
1998-08-16,,,6.93,
1998-08-17,81.89,,6.93,1070.4100341796875
1998-08-18,81.83,,6.93,1071.300048828125
1998-08-19,81.56,,6.93,1126.0810546875
1998-08-20,81.06,,6.93,1149.906982421875
1998-08-21,81.57,,6.93,1177.623046875
1998-08-22,,,6.93,
1998-08-23,,,6.93,
1998-08-24,81.53,,6.93,1178.553955078125
1998-08-25,81.78,,6.93,1179.0660400390625
1998-08-26,81.89,,6.93,1160.2879638671875
1998-08-27,81.73,,6.93,1145.2159423828125
1998-08-28,81.79,,6.93,1129.7220458984375
1998-08-29,,,6.93,
1998-08-30,,,6.93,
1998-08-31,81.6,,6.93,1150.2230224609375
1998-09-01,80.72,1.8013337515676102,6.93,1143.125
1998-09-02,81.08,,6.93,1136.8900146484375
1998-09-03,80.47,,6.93,1147.197021484375
1998-09-04,80.93,,6.93,1163.5269775390625
1998-09-05,,,6.93,
1998-09-06,,,6.93,
1998-09-07,80.14,,6.93,1178.375
1998-09-08,80.63,,6.93,1167.5970458984375
1998-09-09,81.21,,6.93,1190.6829833984375
1998-09-10,80.27,,6.93,1213.6739501953125
1998-09-11,79.41,,6.93,1218.0050048828125
1998-09-12,,,6.93,
1998-09-13,,,6.93,
1998-09-14,79.57,,6.93,1239.60498046875
1998-09-15,79.49,,6.93,1230.1259765625
1998-09-16,80.18,,6.93,1252.137939453125
1998-09-17,79.87,,6.93,1233.7030029296875
1998-09-18,80.08,,6.93,1207.0009765625
1998-09-19,,,6.93,
1998-09-20,,,6.93,
1998-09-21,80.21,,6.93,1222.3790283203125
1998-09-22,80.68,,6.93,1222.634033203125
1998-09-23,80.83,,6.93,1229.862060546875
1998-09-24,80.51,,6.93,1199.06103515625
1998-09-25,79.91,,6.93,1221.5780029296875
1998-09-26,,,6.93,
1998-09-27,,,6.93,
1998-09-28,80.73,,6.93,1230.2110595703125
1998-09-29,80.24,,6.93,1231.7469482421875
1998-09-30,80.58,,6.93,1242.89599609375
1998-10-01,80.31,-0.20150644981599,6.93,
1998-10-02,80.07,,6.93,
1998-10-03,,,6.93,
1998-10-04,,,6.93,
1998-10-05,80.13,,6.93,1234.779052734375
1998-10-06,79.86,,6.93,1217.45703125
1998-10-07,78.03,,6.93,1213.7850341796875
1998-10-08,76.86,,6.93,1228.7099609375
1998-10-09,77.12,,6.93,1236.9320068359375
1998-10-10,,,6.93,
1998-10-11,,,6.93,
1998-10-12,77.21,,6.93,1247.14599609375
1998-10-13,77.47,,6.93,1244.0679931640625
1998-10-14,77.17,,6.93,1240.594970703125
1998-10-15,76.81,,6.93,1241.81396484375
1998-10-16,76.08,,6.93,1251.5250244140625
1998-10-17,,,6.93,
1998-10-18,,,6.93,
1998-10-19,76.32,,6.93,1246.2359619140625
1998-10-20,76.85,,6.93,1243.64501953125
1998-10-21,76.64,,6.93,1207.824951171875
1998-10-22,77.19,,6.93,1216.093994140625
1998-10-23,77.07,,6.93,1217.428955078125
1998-10-24,,,6.93,
1998-10-25,,,6.93,
1998-10-26,77.23,,6.93,1208.2659912109375
1998-10-27,77.38,,6.93,1216.7879638671875
1998-10-28,76.94,,6.93,1225.928955078125
1998-10-29,76.79,,6.93,1216.760009765625
1998-10-30,76.74,,6.93,1217.3160400390625
1998-10-31,,,6.93,
1998-11-01,,-0.6869337266978641,6.93,
1998-11-02,76.59,,6.93,1223.47802734375
1998-11-03,76.63,,6.93,1236.8719482421875
1998-11-04,76.95,,6.93,1235.803955078125
1998-11-05,76.99,,6.93,1253.2750244140625
1998-11-06,77.03,,6.93,1259.7650146484375
1998-11-07,,,6.93,
1998-11-08,,,6.93,
1998-11-09,77.52,,6.93,1283.1209716796875
1998-11-10,78.07,,6.93,1286.5589599609375
1998-11-11,78.01,,6.93,1286.198974609375
1998-11-12,78.3,,6.93,1282.988037109375
1998-11-13,78.01,,6.93,1282.508056640625
1998-11-14,,,6.93,
1998-11-15,,,6.93,
1998-11-16,77.7,,6.93,1293.7430419921875
1998-11-17,77.52,,6.93,1290.594970703125
1998-11-18,77.52,,6.93,1285.5030517578125
1998-11-19,77.28,,6.93,1275.6070556640625
1998-11-20,77.52,,6.93,1275.3740234375
1998-11-21,,,6.93,
1998-11-22,,,6.93,
1998-11-23,77.75,,6.93,1273.7850341796875
1998-11-24,77.7,,6.93,1278.916015625
1998-11-25,77.76,,6.93,1263.8499755859375
1998-11-26,77.85,,6.93,1252.8179931640625
1998-11-27,77.97,,6.93,1245.0810546875
1998-11-28,,,6.93,
1998-11-29,,,6.93,
1998-11-30,78.02,,6.93,1247.4169921875
1998-12-01,77.73,0.0036704584674503,6.93,1234.3580322265625
1998-12-02,77.57,,6.93,1236.968994140625
1998-12-03,77.2,,6.93,1232.5059814453125
1998-12-04,77.15,,6.93,1219.196044921875
1998-12-05,,,6.93,
1998-12-06,,,6.93,
1998-12-07,77.38,,6.39,1209.541015625
1998-12-08,77.35,,6.39,1223.258056640625
1998-12-09,77.01,,6.39,1224.0870361328125
1998-12-10,76.81,,6.39,1204.635009765625
1998-12-11,76.81,,6.39,1214.2099609375
1998-12-12,,,6.39,
1998-12-13,,,6.39,
1998-12-14,76.43,,6.39,1196.2960205078125
1998-12-15,76.63,,6.39,1194.843994140625
1998-12-16,76.69,,6.39,1183.06201171875
1998-12-17,76.7,,6.39,1160.0899658203125
1998-12-18,76.49,,6.39,1155.0899658203125
1998-12-19,,,6.39,
1998-12-20,,,6.39,
1998-12-21,76.54,,6.39,1154.427978515625
1998-12-22,76.87,,6.39,1185.9659423828125
1998-12-23,76.79,,6.39,1172.511962890625
1998-12-24,76.83,,6.39,1168.98095703125
1998-12-25,76.81,,6.39,1173.9129638671875
1998-12-26,,,6.39,
1998-12-27,,,6.39,
1998-12-28,76.97,,6.39,1159.93701171875
1998-12-29,76.71,,6.39,1142.72900390625
1998-12-30,76.62,,6.39,1142.72900390625
1998-12-31,76.53,,6.39,1146.699951171875
1999-01-01,76.53,0.508607840722152,6.39,
1999-01-02,,,6.39,
1999-01-03,,,6.39,
1999-01-04,76.23,,6.39,1125.8189697265625
1999-01-05,75.77,,6.39,1119.9649658203125
1999-01-06,75.93,,6.39,1132.5899658203125
1999-01-07,75.95,,6.39,1137.72900390625
1999-01-08,76.07,,6.39,1168.81396484375
1999-01-09,,,6.39,
1999-01-10,,,6.39,
1999-01-11,75.82,,6.39,1172.81298828125
1999-01-12,76.44,,6.39,1158.8680419921875
1999-01-13,76.34,,6.39,1148.154052734375
1999-01-14,76.67,,6.39,1148.655029296875
1999-01-15,76.77,,6.39,1137.3089599609375
1999-01-16,,,6.39,
1999-01-17,,,6.39,
1999-01-18,76.78,,6.39,1153.1190185546875
1999-01-19,76.66,,6.39,1158.551025390625
1999-01-20,76.62,,6.39,1151.3740234375
1999-01-21,76.56,,6.39,1158.4990234375
1999-01-22,76.88,,6.39,1162.3499755859375
1999-01-23,,,6.39,
1999-01-24,,,6.39,
1999-01-25,76.89,,6.39,1148.123046875
1999-01-26,76.82,,6.39,1138.2099609375
1999-01-27,77.0,,6.39,1146.4930419921875
1999-01-28,77.43,,6.39,1140.9749755859375
1999-01-29,77.48,,6.39,1134.6729736328125
1999-01-30,,,6.39,
1999-01-31,,,6.39,
1999-02-01,77.42,0.3958263780898069,6.39,1120.531005859375
1999-02-02,76.93,,6.39,1126.404052734375
1999-02-03,76.82,,6.39,1116.864990234375
1999-02-04,77.15,,6.39,1103.4969482421875
1999-02-05,77.06,,6.39,1081.4420166015625
1999-02-06,,,6.39,
1999-02-07,,,6.39,
1999-02-08,77.24,,6.39,1065.8160400390625
1999-02-09,77.29,,6.39,1090.0870361328125
1999-02-10,77.38,,6.39,
1999-02-11,77.27,,6.39,
1999-02-12,77.42,,6.39,
1999-02-13,,,6.39,
1999-02-14,,,6.39,
1999-02-15,77.45,,6.39,
1999-02-16,78.0,,6.39,
1999-02-17,78.0,,6.39,
1999-02-18,78.2,,6.39,
1999-02-19,78.51,,6.39,
1999-02-20,,,6.39,
1999-02-21,,,6.39,
1999-02-22,79.13,,6.39,
1999-02-23,79.09,,6.39,
1999-02-24,79.08,,6.39,
1999-02-25,79.04,,6.39,
1999-02-26,78.91,,6.39,
1999-02-27,,,6.39,
1999-02-28,,,6.39,
1999-03-01,78.92,-0.49961078150151,6.39,1097.9749755859375
1999-03-02,79.35,,6.39,1100.9189453125
1999-03-03,79.43,,6.39,1128.7359619140625
1999-03-04,79.84,,6.39,1128.9539794921875
1999-03-05,79.78,,6.39,1132.3570556640625
1999-03-06,,,6.39,
1999-03-07,,,6.39,
1999-03-08,79.43,,6.39,1142.1070556640625
1999-03-09,79.52,,6.39,1136.9410400390625
1999-03-10,79.11,,6.39,1132.7359619140625
1999-03-11,79.23,,6.39,1149.925048828125
1999-03-12,79.06,,6.39,1158.7020263671875
1999-03-13,,,6.39,
1999-03-14,,,6.39,
1999-03-15,78.71,,6.39,1164.6390380859375
1999-03-16,78.82,,6.39,1166.9300537109375
1999-03-17,78.87,,6.39,1159.095947265625
1999-03-18,78.66,,6.39,1151.990966796875
1999-03-19,78.65,,6.39,1172.9210205078125
1999-03-20,,,6.39,
1999-03-21,,,6.39,
1999-03-22,78.85,,6.39,1172.7430419921875
1999-03-23,78.88,,6.39,1170.948974609375
1999-03-24,78.76,,6.39,1169.0340576171875
1999-03-25,78.9,,6.39,1156.85400390625
1999-03-26,79.15,,6.39,1161.1199951171875
1999-03-27,,,6.39,
1999-03-28,,,6.39,
1999-03-29,79.52,,6.39,1169.489013671875
1999-03-30,79.46,,6.39,1157.5069580078125
1999-03-31,79.2,,6.39,1158.053955078125
1999-04-01,79.29,-0.4892662196467569,6.39,1168.5040283203125
1999-04-02,79.44,,6.39,1184.4019775390625
1999-04-03,,,6.39,
1999-04-04,,,6.39,
1999-04-05,79.56,,6.39,1194.468994140625
1999-04-06,79.61,,6.39,1199.5999755859375
1999-04-07,79.49,,6.39,1201.634033203125
1999-04-08,79.35,,6.39,1202.468994140625
1999-04-09,79.53,,6.39,1205.1390380859375
1999-04-10,,,6.39,
1999-04-11,,,6.39,
1999-04-12,79.15,,6.39,1195.3370361328125
1999-04-13,79.33,,6.39,1178.1920166015625
1999-04-14,79.03,,6.39,1181.5169677734375
1999-04-15,78.95,,6.39,
1999-04-16,79.07,,6.39,1166.237060546875
1999-04-17,,,6.39,
1999-04-18,,,6.39,
1999-04-19,78.98,,6.39,1159.4730224609375
1999-04-20,78.93,,6.39,1171.60302734375
1999-04-21,79.18,,6.39,1144.06494140625
1999-04-22,79.3,,6.39,1137.1619873046875
1999-04-23,79.11,,6.39,1139.9969482421875
1999-04-24,,,6.39,
1999-04-25,,,6.39,
1999-04-26,78.98,,6.39,1112.791015625
1999-04-27,79.09,,6.39,1091.6949462890625
1999-04-28,78.88,,6.39,1091.0889892578125
1999-04-29,78.91,,6.39,1116.405029296875
1999-04-30,79.08,,6.39,1120.927001953125
1999-05-01,,-0.995047443514525,6.39,
1999-05-02,,,6.39,
1999-05-03,79.08,,6.39,
1999-05-04,79.34,,6.39,1111.927001953125
1999-05-05,79.09,,6.39,1116.9320068359375
1999-05-06,78.91,,6.39,1128.2239990234375
1999-05-07,78.92,,6.39,1120.738037109375
1999-05-08,,,6.39,
1999-05-09,,,6.39,
1999-05-10,79.01,,6.39,1071.927001953125
1999-05-11,79.03,,6.39,1095.4019775390625
1999-05-12,79.23,,6.39,1099.9959716796875
1999-05-13,79.4,,6.39,1088.863037109375
1999-05-14,79.43,,6.39,1063.2769775390625
1999-05-15,,,6.39,
1999-05-16,,,6.39,
1999-05-17,79.53,,6.39,1065.5570068359375
1999-05-18,79.44,,6.39,1059.8740234375
1999-05-19,79.78,,6.39,1109.0889892578125
1999-05-20,79.77,,6.39,1147.70703125
1999-05-21,79.82,,6.39,1168.719970703125
1999-05-22,,,6.39,
1999-05-23,,,6.39,
1999-05-24,79.74,,6.39,1213.654052734375
1999-05-25,79.53,,6.39,1202.885009765625
1999-05-26,79.69,,6.39,1236.0460205078125
1999-05-27,79.79,,6.39,1283.02001953125
1999-05-28,79.59,,6.39,1277.1500244140625
1999-05-29,,,6.39,
1999-05-30,,,6.39,
1999-05-31,79.71,,6.39,1279.3260498046875
1999-06-01,79.69,-1.3020895338868,6.39,1311.593994140625
1999-06-02,79.76,,6.39,1287.9310302734375
1999-06-03,79.77,,6.39,1268.323974609375
1999-06-04,79.91,,6.39,1285.5789794921875
1999-06-05,,,6.39,
1999-06-06,,,6.39,
1999-06-07,79.72,,6.39,1326.5179443359375
1999-06-08,79.61,,6.39,1333.64404296875
1999-06-09,79.1,,6.39,1348.60595703125
1999-06-10,79.09,,5.85,1364.344970703125
1999-06-11,78.99,,5.85,1364.3480224609375
1999-06-12,,,5.85,
1999-06-13,,,5.85,
1999-06-14,79.29,,5.85,1427.70703125
1999-06-15,79.4,,5.85,1387.592041015625
1999-06-16,79.42,,5.85,1460.16796875
1999-06-17,79.34,,5.85,1501.0069580078125
1999-06-18,79.25,,5.85,1498.9150390625
1999-06-19,,,5.85,
1999-06-20,,,5.85,
1999-06-21,79.67,,5.85,1546.407958984375
1999-06-22,79.61,,5.85,1564.4439697265625
1999-06-23,79.75,,5.85,1606.5
1999-06-24,79.66,,5.85,1654.1099853515625
1999-06-25,79.37,,5.85,1593.8590087890625
1999-06-26,,,5.85,
1999-06-27,,,5.85,
1999-06-28,79.44,,5.85,1693.1600341796875
1999-06-29,79.4,,5.85,1739.2049560546875
1999-06-30,79.46,,5.85,1689.427978515625
1999-07-01,79.56,-0.5980302248210239,5.85,1560.7869873046875
1999-07-02,79.65,,5.85,1561.3890380859375
1999-07-03,,,5.85,
1999-07-04,,,5.85,
1999-07-05,79.82,,5.85,1581.8189697265625
1999-07-06,79.84,,5.85,1517.2530517578125
1999-07-07,79.88,,5.85,1568.6519775390625
1999-07-08,80.05,,5.85,1577.987060546875
1999-07-09,80.02,,5.85,1584.75
1999-07-10,,,5.85,
1999-07-11,,,5.85,
1999-07-12,80.18,,5.85,1559.7320556640625
1999-07-13,79.98,,5.85,1524.821044921875
1999-07-14,79.94,,5.85,1559.52001953125
1999-07-15,79.81,,5.85,1549.3360595703125
1999-07-16,79.86,,5.85,1519.740966796875
1999-07-17,,,5.85,
1999-07-18,,,5.85,
1999-07-19,79.83,,5.85,1479.0760498046875
1999-07-20,79.17,,5.85,1574.60302734375
1999-07-21,79.25,,5.85,1609.81103515625
1999-07-22,79.16,,5.85,1550.72998046875
1999-07-23,78.88,,5.85,1585.97998046875
1999-07-24,,,5.85,
1999-07-25,,,5.85,
1999-07-26,78.53,,5.85,1602.031005859375
1999-07-27,78.77,,5.85,1590.7130126953125
1999-07-28,78.64,,5.85,1597.198974609375
1999-07-29,78.4,,5.85,1595.8599853515625
1999-07-30,78.33,,5.85,1601.458984375
1999-07-31,,,5.85,
1999-08-01,,0.796134310295771,5.85,
1999-08-02,78.23,,5.85,1616.2760009765625
1999-08-03,78.4,,5.85,1626.8409423828125
1999-08-04,78.12,,5.85,1649.1280517578125
1999-08-05,78.07,,5.85,1653.5369873046875
1999-08-06,78.23,,5.85,1646.593017578125
1999-08-07,,,5.85,
1999-08-08,,,5.85,
1999-08-09,78.38,,5.85,1628.8360595703125
1999-08-10,78.3,,5.85,1602.14697265625
1999-08-11,78.5,,5.85,1583.4010009765625
1999-08-12,78.66,,5.85,1575.6419677734375
1999-08-13,78.45,,5.85,1571.9010009765625
1999-08-14,,,5.85,
1999-08-15,,,5.85,
1999-08-16,78.57,,5.85,1560.0679931640625
1999-08-17,78.57,,5.85,1576.405029296875
1999-08-18,78.36,,5.85,1581.928955078125
1999-08-19,78.09,,5.85,1637.7430419921875
1999-08-20,77.68,,5.85,1628.9339599609375
1999-08-21,,,5.85,
1999-08-22,,,5.85,
1999-08-23,77.96,,5.85,1644.9990234375
1999-08-24,78.23,,5.85,1648.468994140625
1999-08-25,78.2,,5.85,1625.7650146484375
1999-08-26,78.24,,5.85,1638.2330322265625
1999-08-27,78.26,,5.85,1633.9000244140625
1999-08-28,,,5.85,
1999-08-29,,,5.85,
1999-08-30,78.18,,5.85,1619.0389404296875
1999-08-31,77.67,,5.85,1627.115966796875
1999-09-01,77.66,2.3170439666803904,5.85,1599.552001953125
1999-09-02,77.56,,5.85,1611.9580078125
1999-09-03,77.69,,5.85,1587.886962890625
1999-09-04,,,5.85,
1999-09-05,,,5.85,
1999-09-06,77.83,,5.85,1560.677978515625
1999-09-07,78.11,,5.85,1562.779052734375
1999-09-08,77.98,,5.85,1571.5980224609375
1999-09-09,77.69,,5.85,1675.1219482421875
1999-09-10,77.84,,5.85,1659.928955078125
1999-09-11,,,5.85,
1999-09-12,,,5.85,
1999-09-13,77.58,,5.85,1670.1429443359375
1999-09-14,77.62,,5.85,1672.8919677734375
1999-09-15,77.25,,5.85,1662.802978515625
1999-09-16,77.31,,5.85,1645.510986328125
1999-09-17,77.63,,5.85,1648.5579833984375
1999-09-18,,,5.85,
1999-09-19,,,5.85,
1999-09-20,77.83,,5.85,1633.8349609375
1999-09-21,77.36,,5.85,1625.5880126953125
1999-09-22,77.13,,5.85,1617.0570068359375
1999-09-23,77.29,,5.85,1604.2030029296875
1999-09-24,77.29,,5.85,1619.3260498046875
1999-09-25,,,5.85,
1999-09-26,,,5.85,
1999-09-27,77.47,,5.85,1602.157958984375
1999-09-28,77.57,,5.85,1591.4320068359375
1999-09-29,77.54,,5.85,1584.9539794921875
1999-09-30,77.19,,5.85,1570.7020263671875
1999-10-01,77.03,-0.0002996304133588,5.85,
1999-10-02,,,5.85,
1999-10-03,,,5.85,
1999-10-04,77.13,,5.85,
1999-10-05,77.16,,5.85,
1999-10-06,77.23,,5.85,
1999-10-07,77.24,,5.85,
1999-10-08,77.38,,5.85,1534.5150146484375
1999-10-09,,,5.85,
1999-10-10,,,5.85,
1999-10-11,77.26,,5.85,1522.47998046875
1999-10-12,77.12,,5.85,1537.7960205078125
1999-10-13,77.3,,5.85,1507.4219970703125
1999-10-14,77.21,,5.85,1508.7259521484375
1999-10-15,76.86,,5.85,1543.7979736328125
1999-10-16,,,5.85,
1999-10-17,,,5.85,
1999-10-18,76.75,,5.85,1501.6650390625
1999-10-19,76.9,,5.85,1470.9000244140625
1999-10-20,77.01,,5.85,1485.8270263671875
1999-10-21,76.9,,5.85,1458.530029296875
1999-10-22,76.85,,5.85,1497.4620361328125
1999-10-23,,,5.85,
1999-10-24,,,5.85,
1999-10-25,76.94,,5.85,1468.2659912109375
1999-10-26,76.88,,5.85,1482.6669921875
1999-10-27,76.93,,5.85,1536.821044921875
1999-10-28,77.0,,5.85,1514.5250244140625
1999-10-29,77.22,,5.85,1504.56298828125
1999-10-30,,,5.85,
1999-10-31,,,5.85,
1999-11-01,76.86,-0.986671971235882,5.85,1493.095947265625
1999-11-02,77.08,,5.85,1487.468994140625
1999-11-03,76.95,,5.85,1475.6839599609375
1999-11-04,77.01,,5.85,1464.8280029296875
1999-11-05,77.3,,5.85,1465.2320556640625
1999-11-06,,,5.85,
1999-11-07,,,5.85,
1999-11-08,77.41,,5.85,1471.375
1999-11-09,77.2,,5.85,1464.030029296875
1999-11-10,77.25,,5.85,1450.1519775390625
1999-11-11,77.22,,5.85,1443.905029296875
1999-11-12,77.32,,5.85,1450.3270263671875
1999-11-13,,,5.85,
1999-11-14,,,5.85,
1999-11-15,77.33,,5.85,1451.5360107421875
1999-11-16,77.45,,5.85,1431.3189697265625
1999-11-17,77.24,,5.85,1462.7900390625
1999-11-18,77.3,,5.85,1482.4520263671875
1999-11-19,77.61,,5.85,1468.4720458984375
1999-11-20,,,5.85,
1999-11-21,,,5.85,
1999-11-22,77.33,,5.85,1464.5880126953125
1999-11-23,77.25,,5.85,1466.4339599609375
1999-11-24,77.34,,5.85,1454.5780029296875
1999-11-25,77.34,,5.85,1444.240966796875
1999-11-26,77.45,,5.85,1444.512939453125
1999-11-27,,,5.85,
1999-11-28,,,5.85,
1999-11-29,77.27,,5.85,1435.468017578125
1999-11-30,77.22,,5.85,1434.9730224609375
1999-12-01,77.29,-0.0972406423236965,5.85,1447.115966796875
1999-12-02,77.33,,5.85,1435.8370361328125
1999-12-03,77.4,,5.85,1437.2330322265625
1999-12-04,,,5.85,
1999-12-05,,,5.85,
1999-12-06,77.1,,5.85,1426.9949951171875
1999-12-07,76.91,,5.85,1428.260986328125
1999-12-08,76.9,,5.85,1424.8480224609375
1999-12-09,76.94,,5.85,1416.7259521484375
1999-12-10,77.0,,5.85,1428.93896484375
1999-12-11,,,5.85,
1999-12-12,,,5.85,
1999-12-13,77.03,,5.85,1417.1070556640625
1999-12-14,77.38,,5.85,1422.262939453125
1999-12-15,77.39,,5.85,1451.0570068359375
1999-12-16,77.05,,5.85,1434.866943359375
1999-12-17,77.22,,5.85,1419.551025390625
1999-12-18,,,5.85,
1999-12-19,,,5.85,
1999-12-20,77.09,,5.85,
1999-12-21,77.04,,5.85,1395.4969482421875
1999-12-22,76.9,,5.85,1387.510009765625
1999-12-23,76.87,,5.85,1369.4610595703125
1999-12-24,76.97,,5.85,1355.366943359375
1999-12-25,,,5.85,
1999-12-26,,,5.85,
1999-12-27,76.92,,5.85,1345.35205078125
1999-12-28,77.06,,5.85,1348.821044921875
1999-12-29,77.03,,5.85,1356.926025390625
1999-12-30,76.99,,5.85,1366.5799560546875
1999-12-31,76.99,,5.85,
2000-01-01,,1.32079767298601,5.85,
2000-01-02,,,5.85,
2000-01-03,76.81,,5.85,
2000-01-04,76.49,,5.85,1406.3709716796875
2000-01-05,76.62,,5.85,1409.6820068359375
2000-01-06,76.88,,5.85,1463.9420166015625
2000-01-07,77.06,,5.85,1516.60400390625
2000-01-08,,,5.85,
2000-01-09,,,5.85,
2000-01-10,77.04,,5.85,1545.112060546875
2000-01-11,77.35,,5.85,1479.781005859375
2000-01-12,77.17,,5.85,1438.02001953125
2000-01-13,77.23,,5.85,1424.4420166015625
2000-01-14,77.19,,5.85,1408.8480224609375
2000-01-15,,,5.85,
2000-01-16,,,5.85,
2000-01-17,77.27,,5.85,1433.3299560546875
2000-01-18,77.36,,5.85,1426.623046875
2000-01-19,77.47,,5.85,1440.7239990234375
2000-01-20,77.36,,5.85,1466.863037109375
2000-01-21,77.19,,5.85,1465.0849609375
2000-01-22,,,5.85,
2000-01-23,,,5.85,
2000-01-24,77.43,,5.85,1477.343994140625
2000-01-25,77.54,,5.85,1476.5059814453125
2000-01-26,77.58,,5.85,1481.116943359375
2000-01-27,77.58,,5.85,1506.7669677734375
2000-01-28,77.79,,5.85,1534.9969482421875
2000-01-29,,,5.85,
2000-01-30,,,5.85,
2000-01-31,78.2,,5.85,
2000-02-01,78.48,1.30120023317524,5.85,
2000-02-02,78.67,,5.85,
2000-02-03,78.57,,5.85,
2000-02-04,78.35,,5.85,
2000-02-05,,,5.85,
2000-02-06,,,5.85,
2000-02-07,78.54,,5.85,
2000-02-08,78.36,,5.85,
2000-02-09,78.18,,5.85,
2000-02-10,78.27,,5.85,
2000-02-11,78.6,,5.85,
2000-02-12,,,5.85,
2000-02-13,,,5.85,
2000-02-14,78.29,,5.85,1673.9429931640625
2000-02-15,78.57,,5.85,1670.6700439453125
2000-02-16,78.54,,5.85,1693.1090087890625
2000-02-17,78.55,,5.85,1640.6490478515625
2000-02-18,78.77,,5.85,1668.0909423828125
2000-02-19,,,5.85,
2000-02-20,,,5.85,
2000-02-21,78.89,,5.85,1677.135986328125
2000-02-22,78.56,,5.85,1632.2939453125
2000-02-23,78.53,,5.85,1594.9300537109375
2000-02-24,78.84,,5.85,1634.3089599609375
2000-02-25,78.91,,5.85,1631.5760498046875
2000-02-26,,,5.85,
2000-02-27,,,5.85,
2000-02-28,78.92,,5.85,1704.85498046875
2000-02-29,78.93,,5.85,1714.5780029296875
2000-03-01,78.72,-1.38888841226928,5.85,1704.85498046875
2000-03-02,78.43,,5.85,1713.0140380859375
2000-03-03,78.65,,5.85,1738.02099609375
2000-03-04,,,5.85,
2000-03-05,,,5.85,
2000-03-06,78.61,,5.85,1681.0849609375
2000-03-07,78.69,,5.85,1694.7979736328125
2000-03-08,78.71,,5.85,1726.032958984375
2000-03-09,78.49,,5.85,1732.345947265625
2000-03-10,78.42,,5.85,1705.0489501953125
2000-03-11,,,5.85,
2000-03-12,,,5.85,
2000-03-13,78.09,,5.85,1728.886962890625
2000-03-14,78.21,,5.85,1685.3470458984375
2000-03-15,78.28,,5.85,1681.470947265625
2000-03-16,78.26,,5.85,1607.5269775390625
2000-03-17,78.31,,5.85,1658.6009521484375
2000-03-18,,,5.85,
2000-03-19,,,5.85,
2000-03-20,78.41,,5.85,1699.248046875
2000-03-21,78.39,,5.85,1710.323974609375
2000-03-22,78.59,,5.85,1720.446044921875
2000-03-23,78.46,,5.85,1747.240966796875
2000-03-24,78.34,,5.85,1730.4990234375
2000-03-25,,,5.85,
2000-03-26,,,5.85,
2000-03-27,78.28,,5.85,1775.9139404296875
2000-03-28,78.31,,5.85,1791.4410400390625
2000-03-29,78.27,,5.85,1788.8070068359375
2000-03-30,78.22,,5.85,1810.9840087890625
2000-03-31,77.92,,5.85,1800.2249755859375
2000-04-01,,-0.588977135362396,5.85,
2000-04-02,,,5.85,
2000-04-03,78.19,,5.85,1801.0030517578125
2000-04-04,78.41,,5.85,1760.6920166015625
2000-04-05,78.14,,5.85,1771.198974609375
2000-04-06,78.17,,5.85,1809.1409912109375
2000-04-07,78.33,,5.85,1819.89599609375
2000-04-08,,,5.85,
2000-04-09,,,5.85,
2000-04-10,78.4,,5.85,1826.06103515625
2000-04-11,78.54,,5.85,1821.1739501953125
2000-04-12,78.33,,5.85,1807.3280029296875
2000-04-13,78.47,,5.85,1831.5479736328125
2000-04-14,78.48,,5.85,1833.6650390625
2000-04-15,,,5.85,
2000-04-16,,,5.85,
2000-04-17,78.22,,5.85,1795.0579833984375
2000-04-18,78.35,,5.85,1813.4949951171875
2000-04-19,78.46,,5.85,1828.7099609375
2000-04-20,78.66,,5.85,1847.0269775390625
2000-04-21,78.66,,5.85,1841.06396484375
2000-04-22,,,5.85,
2000-04-23,,,5.85,
2000-04-24,78.66,,5.85,1837.39794921875
2000-04-25,78.88,,5.85,1833.468994140625
2000-04-26,79.23,,5.85,1832.779052734375
2000-04-27,79.34,,5.85,1806.8299560546875
2000-04-28,79.59,,5.85,1836.321044921875
2000-04-29,,,5.85,
2000-04-30,,,5.85,
2000-05-01,79.59,-0.5978365675940339,5.85,
2000-05-02,79.79,,5.85,
2000-05-03,80.28,,5.85,
2000-05-04,80.2,,5.85,
2000-05-05,80.03,,5.85,
2000-05-06,,,5.85,
2000-05-07,,,5.85,
2000-05-08,80.15,,5.85,1836.636962890625
2000-05-09,80.27,,5.85,1806.637939453125
2000-05-10,80.0,,5.85,1752.68896484375
2000-05-11,80.18,,5.85,1724.0479736328125
2000-05-12,80.22,,5.85,1720.6080322265625
2000-05-13,,,5.85,
2000-05-14,,,5.85,
2000-05-15,80.18,,5.85,1704.5870361328125
2000-05-16,80.29,,5.85,1724.5379638671875
2000-05-17,80.67,,5.85,1725.39794921875
2000-05-18,80.61,,5.85,1758.5369873046875
2000-05-19,80.46,,5.85,1777.8280029296875
2000-05-20,,,5.85,
2000-05-21,,,5.85,
2000-05-22,80.21,,5.85,1824.7359619140625
2000-05-23,79.99,,5.85,1832.074951171875
2000-05-24,80.17,,5.85,1855.4930419921875
2000-05-25,80.49,,5.85,1880.7039794921875
2000-05-26,80.09,,5.85,1879.616943359375
2000-05-27,,,5.85,
2000-05-28,,,5.85,
2000-05-29,79.87,,5.85,1898.748046875
2000-05-30,79.58,,5.85,1877.470947265625
2000-05-31,79.73,,5.85,1894.553955078125
2000-06-01,79.91,-0.907692331995674,5.85,1903.488037109375
2000-06-02,79.79,,5.85,1916.25
2000-06-03,,,5.85,
2000-06-04,,,5.85,
2000-06-05,79.35,,5.85,1899.092041015625
2000-06-06,79.13,,5.85,1925.5439453125
2000-06-07,78.88,,5.85,1935.031005859375
2000-06-08,78.7,,5.85,1925.2060546875
2000-06-09,79.28,,5.85,1900.7869873046875
2000-06-10,,,5.85,
2000-06-11,,,5.85,
2000-06-12,79.08,,5.85,1912.5570068359375
2000-06-13,78.92,,5.85,1938.6739501953125
2000-06-14,78.84,,5.85,1932.2900390625
2000-06-15,78.96,,5.85,1942.2850341796875
2000-06-16,78.96,,5.85,1926.9439697265625
2000-06-17,,,5.85,
2000-06-18,,,5.85,
2000-06-19,78.78,,5.85,1915.2049560546875
2000-06-20,78.89,,5.85,1895.3480224609375
2000-06-21,79.01,,5.85,1913.1309814453125
2000-06-22,79.13,,5.85,1913.9010009765625
2000-06-23,78.92,,5.85,1939.626953125
2000-06-24,,,5.85,
2000-06-25,,,5.85,
2000-06-26,79.31,,5.85,1948.6390380859375
2000-06-27,79.2,,5.85,1942.89794921875
2000-06-28,79.17,,5.85,1947.781005859375
2000-06-29,78.84,,5.85,1937.260986328125
2000-06-30,78.82,,5.85,1928.10595703125
2000-07-01,,-0.598029080629394,5.85,
2000-07-02,,,5.85,
2000-07-03,79.04,,5.85,1895.636962890625
2000-07-04,79.11,,5.85,1907.9310302734375
2000-07-05,79.15,,5.85,1909.18701171875
2000-07-06,79.29,,5.85,1902.552001953125
2000-07-07,79.39,,5.85,1932.7919921875
2000-07-08,,,5.85,
2000-07-09,,,5.85,
2000-07-10,79.2,,5.85,1948.02099609375
2000-07-11,79.19,,5.85,1960.541015625
2000-07-12,79.38,,5.85,1973.3740234375
2000-07-13,79.54,,5.85,1979.2010498046875
2000-07-14,79.72,,5.85,1987.1920166015625
2000-07-15,,,5.85,
2000-07-16,,,5.85,
2000-07-17,79.88,,5.85,1982.47900390625
2000-07-18,79.7,,5.85,1993.9859619140625
2000-07-19,79.93,,5.85,1998.426025390625
2000-07-20,79.94,,5.85,1991.56005859375
2000-07-21,79.67,,5.85,1996.3360595703125
2000-07-22,,,5.85,
2000-07-23,,,5.85,
2000-07-24,79.83,,5.85,1989.239013671875
2000-07-25,79.78,,5.85,1996.5770263671875
2000-07-26,79.8,,5.85,2012.3189697265625
2000-07-27,79.75,,5.85,2012.3499755859375
2000-07-28,80.03,,5.85,2012.79296875
2000-07-29,,,5.85,
2000-07-30,,,5.85,
2000-07-31,80.19,,5.85,2023.5389404296875
2000-08-01,80.17,0.595543856881342,5.85,2028.1510009765625
2000-08-02,80.29,,5.85,2030.6829833984375
2000-08-03,80.37,,5.85,2036.301025390625
2000-08-04,80.34,,5.85,2026.3609619140625
2000-08-05,,,5.85,
2000-08-06,,,5.85,
2000-08-07,80.31,,5.85,2039.4189453125
2000-08-08,80.3,,5.85,2049.916015625
2000-08-09,80.36,,5.85,2061.179931640625
2000-08-10,80.31,,5.85,2065.943115234375
2000-08-11,80.15,,5.85,2062.666015625
2000-08-12,,,5.85,
2000-08-13,,,5.85,
2000-08-14,80.47,,5.85,2076.305908203125
2000-08-15,80.32,,5.85,2076.822998046875
2000-08-16,80.24,,5.85,2083.467041015625
2000-08-17,80.05,,5.85,2091.5859375
2000-08-18,80.19,,5.85,2090.18310546875
2000-08-19,,,5.85,
2000-08-20,,,5.85,
2000-08-21,80.27,,5.85,2108.68994140625
2000-08-22,80.4,,5.85,2074.702880859375
2000-08-23,80.39,,5.85,2057.9189453125
2000-08-24,80.19,,5.85,2071.160888671875
2000-08-25,80.16,,5.85,2086.702880859375
2000-08-26,,,5.85,
2000-08-27,,,5.85,
2000-08-28,80.07,,5.85,2100.5849609375
2000-08-29,80.18,,5.85,2105.47607421875
2000-08-30,80.32,,5.85,2076.14306640625
2000-08-31,80.28,,5.85,2021.198974609375
2000-09-01,80.27,2.01101145596716,5.85,1999.8590087890625
2000-09-02,,,5.85,
2000-09-03,,,5.85,
2000-09-04,79.95,,5.85,2010.60205078125
2000-09-05,80.24,,5.85,1963.7919921875
2000-09-06,80.39,,5.85,1925.906982421875
2000-09-07,80.61,,5.85,1950.6629638671875
2000-09-08,80.59,,5.85,1959.31201171875
2000-09-09,,,5.85,
2000-09-10,,,5.85,
2000-09-11,80.89,,5.85,1972.04296875
2000-09-12,80.99,,5.85,1979.094970703125
2000-09-13,81.09,,5.85,1988.93603515625
2000-09-14,81.08,,5.85,1979.5050048828125
2000-09-15,81.32,,5.85,1978.4339599609375
2000-09-16,,,5.85,
2000-09-17,,,5.85,
2000-09-18,81.49,,5.85,1946.7530517578125
2000-09-19,81.46,,5.85,1903.154052734375
2000-09-20,81.48,,5.85,1922.2889404296875
2000-09-21,81.38,,5.85,1907.3060302734375
2000-09-22,80.87,,5.85,1891.9840087890625
2000-09-23,,,5.85,
2000-09-24,,,5.85,
2000-09-25,81.07,,5.85,1875.9110107421875
2000-09-26,80.97,,5.85,1887.8289794921875
2000-09-27,80.83,,5.85,1914.0860595703125
2000-09-28,80.87,,5.85,1889.2889404296875
2000-09-29,81.12,,5.85,1910.1610107421875
2000-09-30,,,5.85,
2000-10-01,,-0.0002996304133588,5.85,
2000-10-02,81.12,,5.85,
2000-10-03,81.22,,5.85,
2000-10-04,81.43,,5.85,
2000-10-05,81.29,,5.85,
2000-10-06,81.42,,5.85,
2000-10-07,,,5.85,
2000-10-08,,,5.85,
2000-10-09,81.47,,5.85,1915.3499755859375
2000-10-10,81.28,,5.85,1942.1490478515625
2000-10-11,81.29,,5.85,1933.7259521484375
2000-10-12,81.4,,5.85,1926.323974609375
2000-10-13,81.6,,5.85,1918.156982421875
2000-10-14,,,5.85,
2000-10-15,,,5.85,
2000-10-16,81.93,,5.85,1902.8089599609375
2000-10-17,82.0,,5.85,1909.489990234375
2000-10-18,82.03,,5.85,1922.844970703125
2000-10-19,82.21,,5.85,1913.4200439453125
2000-10-20,82.2,,5.85,1947.4549560546875
2000-10-21,,,5.85,
2000-10-22,,,5.85,
2000-10-23,82.34,,5.85,1958.93798828125
2000-10-24,82.2,,5.85,1956.343994140625
2000-10-25,82.45,,5.85,1977.2540283203125
2000-10-26,82.7,,5.85,1967.6729736328125
2000-10-27,82.59,,5.85,1967.405029296875
2000-10-28,,,5.85,
2000-10-29,,,5.85,
2000-10-30,82.26,,5.85,1973.5780029296875
2000-10-31,82.5,,5.85,1961.2869873046875
2000-11-01,82.06,0.3005013369379749,5.85,1977.363037109375
2000-11-02,81.8,,5.85,1984.260009765625
2000-11-03,81.48,,5.85,1981.6309814453125
2000-11-04,,,5.85,
2000-11-05,,,5.85,
2000-11-06,81.55,,5.85,1991.1729736328125
2000-11-07,81.83,,5.85,1997.0770263671875
2000-11-08,81.94,,5.85,2012.907958984375
2000-11-09,81.95,,5.85,2032.4820556640625
2000-11-10,81.71,,5.85,2047.4580078125
2000-11-11,,,5.85,
2000-11-12,,,5.85,
2000-11-13,81.87,,5.85,2070.7880859375
2000-11-14,81.96,,5.85,2085.117919921875
2000-11-15,82.03,,5.85,2081.905029296875
2000-11-16,82.2,,5.85,2095.98388671875
2000-11-17,82.33,,5.85,2093.235107421875
2000-11-18,,,5.85,
2000-11-19,,,5.85,
2000-11-20,82.55,,5.85,2101.388916015625
2000-11-21,82.78,,5.85,2097.98193359375
2000-11-22,82.87,,5.85,2113.302978515625
2000-11-23,83.08,,5.85,2119.43896484375
2000-11-24,83.17,,5.85,2053.3701171875
2000-11-25,,,5.85,
2000-11-26,,,5.85,
2000-11-27,83.19,,5.85,2049.6708984375
2000-11-28,82.74,,5.85,2079.39599609375
2000-11-29,82.54,,5.85,2064.794921875
2000-11-30,82.78,,5.85,2070.613037109375
2000-12-01,82.73,0.1000003324776199,5.85,2081.843017578125
2000-12-02,,,5.85,
2000-12-03,,,5.85,
2000-12-04,82.22,,5.85,2092.138916015625
2000-12-05,82.33,,5.85,2091.669921875
2000-12-06,82.32,,5.85,2075.626953125
2000-12-07,82.02,,5.85,2075.0439453125
2000-12-08,82.11,,5.85,2073.1630859375
2000-12-09,,,5.85,
2000-12-10,,,5.85,
2000-12-11,82.18,,5.85,2046.0760498046875
2000-12-12,82.41,,5.85,2059.052978515625
2000-12-13,82.68,,5.85,2056.1201171875
2000-12-14,82.51,,5.85,2051.0791015625
2000-12-15,82.17,,5.85,2039.364013671875
2000-12-16,,,5.85,
2000-12-17,,,5.85,
2000-12-18,82.15,,5.85,2044.5450439453125
2000-12-19,82.34,,5.85,2049.031982421875
2000-12-20,82.14,,5.85,2071.26806640625
2000-12-21,81.9,,5.85,2076.885986328125
2000-12-22,81.83,,5.85,2069.76806640625
2000-12-23,,,5.85,
2000-12-24,,,5.85,
2000-12-25,81.83,,5.85,
2000-12-26,81.83,,5.85,2076.26611328125
2000-12-27,82.07,,5.85,2058.243896484375
2000-12-28,82.23,,5.85,2053.7041015625
2000-12-29,82.28,,5.85,2073.47705078125
2000-12-30,,,5.85,
2000-12-31,,,5.85,
2001-01-01,82.28,1.02132845811215,5.85,
2001-01-02,82.11,,5.85,2103.468994140625
2001-01-03,81.8,,5.85,2123.89892578125
2001-01-04,81.87,,5.85,2117.405029296875
2001-01-05,82.04,,5.85,2125.300048828125
2001-01-06,,,5.85,
2001-01-07,,,5.85,
2001-01-08,82.11,,5.85,2102.06396484375
2001-01-09,82.29,,5.85,2101.135009765625
2001-01-10,82.28,,5.85,2125.614990234375
2001-01-11,82.32,,5.85,2119.14111328125
2001-01-12,82.36,,5.85,2104.7470703125
2001-01-13,,,5.85,
2001-01-14,,,5.85,
2001-01-15,82.8,,5.85,2032.4429931640625
2001-01-16,82.75,,5.85,2045.886962890625
2001-01-17,82.66,,5.85,2034.583984375
2001-01-18,82.81,,5.85,2043.1099853515625
2001-01-19,82.58,,5.85,2065.60595703125
2001-01-20,,,5.85,
2001-01-21,,,5.85,
2001-01-22,82.66,,5.85,
2001-01-23,82.49,,5.85,
2001-01-24,82.85,,5.85,
2001-01-25,83.02,,5.85,
2001-01-26,82.81,,5.85,
2001-01-27,,,5.85,
2001-01-28,,,5.85,
2001-01-29,82.76,,5.85,
2001-01-30,82.75,,5.85,
2001-01-31,82.43,,5.85,
2001-02-01,82.1,0.099999479828789,5.85,
2001-02-02,82.0,,5.85,
2001-02-03,,,5.85,
2001-02-04,,,5.85,
2001-02-05,82.09,,5.85,2008.031982421875
2001-02-06,82.21,,5.85,1995.31494140625
2001-02-07,82.45,,5.85,1979.93896484375
2001-02-08,82.63,,5.85,1930.137939453125
2001-02-09,82.83,,5.85,1956.969970703125
2001-02-10,,,5.85,
2001-02-11,,,5.85,
2001-02-12,82.77,,5.85,1961.220947265625
2001-02-13,82.68,,5.85,1963.5279541015625
2001-02-14,82.72,,5.85,1963.199951171875
2001-02-15,82.85,,5.85,1946.47900390625
2001-02-16,82.63,,5.85,1941.9639892578125
2001-02-17,,,5.85,
2001-02-18,,,5.85,
2001-02-19,82.61,,5.85,1967.550048828125
2001-02-20,82.79,,5.85,1953.218017578125
2001-02-21,82.85,,5.85,1909.3260498046875
2001-02-22,83.16,,5.85,1907.260009765625
2001-02-23,83.21,,5.85,1936.345947265625
2001-02-24,,,5.85,
2001-02-25,,,5.85,
2001-02-26,83.07,,5.85,1954.6929931640625
2001-02-27,82.89,,5.85,1962.0419921875
2001-02-28,82.94,,5.85,1959.1800537109375
2001-03-01,82.95,-0.5999994960360279,5.85,1965.1209716796875
2001-03-02,83.05,,5.85,1985.1109619140625
2001-03-03,,,5.85,
2001-03-04,,,5.85,
2001-03-05,83.23,,5.85,1984.199951171875
2001-03-06,83.09,,5.85,1990.06005859375
2001-03-07,83.33,,5.85,1991.177001953125
2001-03-08,83.33,,5.85,2000.9000244140625
2001-03-09,83.19,,5.85,2011.6600341796875
2001-03-10,,,5.85,
2001-03-11,,,5.85,
2001-03-12,83.57,,5.85,2012.552001953125
2001-03-13,83.68,,5.85,1998.698974609375
2001-03-14,83.72,,5.85,2018.615966796875
2001-03-15,84.35,,5.85,2022.6009521484375
2001-03-16,84.82,,5.85,2020.2359619140625
2001-03-17,,,5.85,
2001-03-18,,,5.85,
2001-03-19,84.63,,5.85,2036.616943359375
2001-03-20,84.67,,5.85,2045.79296875
2001-03-21,84.95,,5.85,2066.389892578125
2001-03-22,85.37,,5.85,2087.531982421875
2001-03-23,85.03,,5.85,2053.5390625
2001-03-24,,,5.85,
2001-03-25,,,5.85,
2001-03-26,85.02,,5.85,2089.881103515625
2001-03-27,84.94,,5.85,2107.258056640625
2001-03-28,84.91,,5.85,2106.8740234375
2001-03-29,85.31,,5.85,2101.657958984375
2001-03-30,85.72,,5.85,2112.77490234375
2001-03-31,,,5.85,
2001-04-01,,0.200000057210781,5.85,
2001-04-02,86.14,,5.85,2125.083984375
2001-04-03,85.94,,5.85,2123.052001953125
2001-04-04,85.64,,5.85,2090.718994140625
2001-04-05,85.35,,5.85,2112.60009765625
2001-04-06,85.54,,5.85,2108.60595703125
2001-04-07,,,5.85,
2001-04-08,,,5.85,
2001-04-09,85.4,,5.85,2117.366943359375
2001-04-10,85.41,,5.85,2128.47900390625
2001-04-11,85.52,,5.85,2131.39697265625
2001-04-12,85.26,,5.85,2134.798095703125
2001-04-13,85.26,,5.85,2145.39990234375
2001-04-14,,,5.85,
2001-04-15,,,5.85,
2001-04-16,85.26,,5.85,2168.05908203125
2001-04-17,85.55,,5.85,2176.678955078125
2001-04-18,85.45,,5.85,2172.56396484375
2001-04-19,85.05,,5.85,2172.8701171875
2001-04-20,84.96,,5.85,2152.3349609375
2001-04-21,,,5.85,
2001-04-22,,,5.85,
2001-04-23,84.87,,5.85,2150.426025390625
2001-04-24,84.87,,5.85,2166.174072265625
2001-04-25,85.07,,5.85,2119.179931640625
2001-04-26,84.95,,5.85,2105.055908203125
2001-04-27,85.21,,5.85,2115.10888671875
2001-04-28,,,5.85,
2001-04-29,,,5.85,
2001-04-30,85.37,,5.85,2119.18408203125
2001-05-01,85.37,-0.5000008367605229,5.85,
2001-05-02,84.99,,5.85,
2001-05-03,84.84,,5.85,
2001-05-04,84.65,,5.85,
2001-05-05,,,5.85,
2001-05-06,,,5.85,
2001-05-07,84.74,,5.85,
2001-05-08,85.0,,5.85,2137.993896484375
2001-05-09,85.06,,5.85,2132.889892578125
2001-05-10,85.14,,5.85,2147.282958984375
2001-05-11,85.21,,5.85,2155.405029296875
2001-05-12,,,5.85,
2001-05-13,,,5.85,
2001-05-14,85.43,,5.85,2178.466064453125
2001-05-15,85.51,,5.85,2191.06396484375
2001-05-16,85.39,,5.85,2199.5048828125
2001-05-17,85.21,,5.85,2194.64697265625
2001-05-18,85.34,,5.85,2203.3720703125
2001-05-19,,,5.85,
2001-05-20,,,5.85,
2001-05-21,85.39,,5.85,2213.594970703125
2001-05-22,85.52,,5.85,2210.3369140625
2001-05-23,85.4,,5.85,2197.594970703125
2001-05-24,85.19,,5.85,2198.297119140625
2001-05-25,85.32,,5.85,2193.575927734375
2001-05-26,,,5.85,
2001-05-27,,,5.85,
2001-05-28,85.56,,5.85,2179.698974609375
2001-05-29,85.42,,5.85,2180.27587890625
2001-05-30,85.4,,5.85,2211.200927734375
2001-05-31,85.39,,5.85,2214.257080078125
2001-06-01,85.36,-1.19999919267324,5.85,2219.591064453125
2001-06-02,,,5.85,
2001-06-03,,,5.85,
2001-06-04,85.46,,5.85,2226.779052734375
2001-06-05,85.58,,5.85,2234.987060546875
2001-06-06,85.55,,5.85,2238.5009765625
2001-06-07,85.65,,5.85,2229.81201171875
2001-06-08,85.71,,5.85,2223.068115234375
2001-06-09,,,5.85,
2001-06-10,,,5.85,
2001-06-11,85.81,,5.85,2214.623046875
2001-06-12,85.9,,5.85,2222.958984375
2001-06-13,85.88,,5.85,2242.423095703125
2001-06-14,85.92,,5.85,2202.39794921875
2001-06-15,85.39,,5.85,2210.969970703125
2001-06-16,,,5.85,
2001-06-17,,,5.85,
2001-06-18,85.96,,5.85,2167.64697265625
2001-06-19,86.03,,5.85,2170.4541015625
2001-06-20,86.17,,5.85,2163.123046875
2001-06-21,86.2,,5.85,2189.14501953125
2001-06-22,86.24,,5.85,2206.06689453125
2001-06-23,,,5.85,
2001-06-24,,,5.85,
2001-06-25,86.03,,5.85,2230.197021484375
2001-06-26,85.99,,5.85,2233.591064453125
2001-06-27,85.99,,5.85,2229.827880859375
2001-06-28,86.36,,5.85,2219.25
2001-06-29,86.37,,5.85,2218.029052734375
2001-06-30,,,5.85,
2001-07-01,,-0.500000866200317,5.85,
2001-07-02,86.4,,5.85,2205.985107421875
2001-07-03,86.22,,5.85,2211.830078125
2001-07-04,86.41,,5.85,2202.05810546875
2001-07-05,86.65,,5.85,2181.6630859375
2001-07-06,86.92,,5.85,2170.52099609375
2001-07-07,,,5.85,
2001-07-08,,,5.85,
2001-07-09,86.7,,5.85,2169.655029296875
2001-07-10,86.53,,5.85,2189.784912109375
2001-07-11,86.4,,5.85,2168.739990234375
2001-07-12,86.5,,5.85,2165.490966796875
2001-07-13,86.51,,5.85,2161.340087890625
2001-07-14,,,5.85,
2001-07-15,,,5.85,
2001-07-16,86.62,,5.85,2146.236083984375
2001-07-17,86.8,,5.85,2140.98095703125
2001-07-18,86.38,,5.85,2146.541015625
2001-07-19,85.96,,5.85,2150.264892578125
2001-07-20,85.8,,5.85,2179.6240234375
2001-07-21,,,5.85,
2001-07-22,,,5.85,
2001-07-23,86.08,,5.85,2169.007080078125
2001-07-24,86.0,,5.85,2136.4541015625
2001-07-25,85.76,,5.85,2112.256103515625
2001-07-26,85.75,,5.85,2094.009033203125
2001-07-27,85.74,,5.85,2065.72802734375
2001-07-28,,,5.85,
2001-07-29,,,5.85,
2001-07-30,85.94,,5.85,1956.822998046875
2001-07-31,85.89,,5.85,1920.3179931640625
2001-08-01,85.72,0.1000008866557989,5.85,1986.927978515625
2001-08-02,85.62,,5.85,1957.02294921875
2001-08-03,85.51,,5.85,1958.6920166015625
2001-08-04,,,5.85,
2001-08-05,,,5.85,
2001-08-06,85.53,,5.85,1882.1259765625
2001-08-07,85.64,,5.85,1903.9320068359375
2001-08-08,85.47,,5.85,1895.1689453125
2001-08-09,85.33,,5.85,1924.5899658203125
2001-08-10,84.98,,5.85,1955.0360107421875
2001-08-11,,,5.85,
2001-08-12,,,5.85,
2001-08-13,84.72,,5.85,1955.0999755859375
2001-08-14,84.98,,5.85,1939.5419921875
2001-08-15,84.25,,5.85,1947.3590087890625
2001-08-16,84.09,,5.85,1919.64501953125
2001-08-17,84.3,,5.85,1924.0030517578125
2001-08-18,,,5.85,
2001-08-19,,,5.85,
2001-08-20,84.22,,5.85,1934.489013671875
2001-08-21,84.14,,5.85,1938.8709716796875
2001-08-22,83.96,,5.85,1903.446044921875
2001-08-23,84.27,,5.85,1902.989990234375
2001-08-24,84.25,,5.85,1886.800048828125
2001-08-25,,,5.85,
2001-08-26,,,5.85,
2001-08-27,84.24,,5.85,1827.25
2001-08-28,84.39,,5.85,1843.385009765625
2001-08-29,84.07,,5.85,1847.5360107421875
2001-08-30,84.19,,5.85,1839.6309814453125
2001-08-31,83.88,,5.85,1834.137939453125
2001-09-01,,0.899999660169958,5.85,
2001-09-02,,,5.85,
2001-09-03,84.12,,5.85,1817.18994140625
2001-09-04,84.41,,5.85,1862.3599853515625
2001-09-05,84.72,,5.85,1868.27001953125
2001-09-06,84.97,,5.85,1861.56103515625
2001-09-07,84.78,,5.85,1808.843994140625
2001-09-08,,,5.85,
2001-09-09,,,5.85,
2001-09-10,84.55,,5.85,1856.529052734375
2001-09-11,85.0,,5.85,1863.780029296875
2001-09-12,84.41,,5.85,1852.60400390625
2001-09-13,84.34,,5.85,1839.9090576171875
2001-09-14,83.84,,5.85,1818.3819580078125
2001-09-15,,,5.85,
2001-09-16,,,5.85,
2001-09-17,83.78,,5.85,1784.6080322265625
2001-09-18,83.79,,5.85,1798.6219482421875
2001-09-19,83.88,,5.85,1822.6949462890625
2001-09-20,83.75,,5.85,1818.4189453125
2001-09-21,83.92,,5.85,1807.01904296875
2001-09-22,,,5.85,
2001-09-23,,,5.85,
2001-09-24,84.08,,5.85,1794.9610595703125
2001-09-25,84.05,,5.85,1793.884033203125
2001-09-26,84.05,,5.85,1767.81396484375
2001-09-27,84.35,,5.85,1764.9320068359375
2001-09-28,84.5,,5.85,1764.866943359375
2001-09-29,,,5.85,
2001-09-30,,,5.85,
2001-10-01,84.56,0.300000094662422,5.85,
2001-10-02,84.66,,5.85,
2001-10-03,84.71,,5.85,
2001-10-04,84.73,,5.85,
2001-10-05,84.58,,5.85,
2001-10-06,,,5.85,
2001-10-07,,,5.85,
2001-10-08,84.47,,5.85,1726.532958984375
2001-10-09,84.58,,5.85,1744.6400146484375
2001-10-10,84.69,,5.85,1686.612060546875
2001-10-11,84.94,,5.85,1638.3260498046875
2001-10-12,84.98,,5.85,1691.3260498046875
2001-10-13,,,5.85,
2001-10-14,,,5.85,
2001-10-15,84.72,,5.85,1687.280029296875
2001-10-16,84.97,,5.85,1655.9019775390625
2001-10-17,85.04,,5.85,1643.0660400390625
2001-10-18,84.97,,5.85,1615.5789794921875
2001-10-19,85.04,,5.85,1572.4530029296875
2001-10-20,,,5.85,
2001-10-21,,,5.85,
2001-10-22,85.25,,5.85,1520.6689453125
2001-10-23,85.57,,5.85,1670.56201171875
2001-10-24,85.49,,5.85,1718.06005859375
2001-10-25,85.62,,5.85,1676.4990234375
2001-10-26,85.49,,5.85,1677.8780517578125
2001-10-27,,,5.85,
2001-10-28,,,5.85,
2001-10-29,85.18,,5.85,1700.47705078125
2001-10-30,85.02,,5.85,1682.76904296875
2001-10-31,85.13,,5.85,1689.1700439453125
2001-11-01,84.94,-0.2000005861449118,5.85,1707.7540283203125
2001-11-02,85.01,,5.85,1691.3509521484375
2001-11-03,,,5.85,
2001-11-04,,,5.85,
2001-11-05,85.36,,5.85,1679.572021484375
2001-11-06,85.08,,5.85,1671.2779541015625
2001-11-07,84.92,,5.85,1594.050048828125
2001-11-08,84.86,,5.85,1605.8709716796875
2001-11-09,84.92,,5.85,1630.3590087890625
2001-11-10,,,5.85,
2001-11-11,,,5.85,
2001-11-12,85.04,,5.85,1621.1949462890625
2001-11-13,85.28,,5.85,1615.9310302734375
2001-11-14,85.43,,5.85,1617.10205078125
2001-11-15,85.44,,5.85,1621.343994140625
2001-11-16,85.49,,5.85,1646.762939453125
2001-11-17,,,5.85,
2001-11-18,,,5.85,
2001-11-19,85.7,,5.85,1669.89404296875
2001-11-20,85.56,,5.85,1699.7320556640625
2001-11-21,85.62,,5.85,1705.6639404296875
2001-11-22,85.83,,5.85,1715.81298828125
2001-11-23,85.79,,5.85,1712.56396484375
2001-11-24,,,5.85,
2001-11-25,,,5.85,
2001-11-26,85.66,,5.85,1705.885009765625
2001-11-27,85.7,,5.85,1722.5889892578125
2001-11-28,85.55,,5.85,1735.0
2001-11-29,85.34,,5.85,1732.2960205078125
2001-11-30,85.48,,5.85,1747.9930419921875
2001-12-01,,0.1000006082241139,5.85,
2001-12-02,,,5.85,
2001-12-03,85.43,,5.85,1762.56201171875
2001-12-04,85.52,,5.85,1769.6810302734375
2001-12-05,85.52,,5.85,1745.22705078125
2001-12-06,85.6,,5.85,1751.1820068359375
2001-12-07,85.6,,5.85,1745.406982421875
2001-12-08,,,5.85,
2001-12-09,,,5.85,
2001-12-10,85.95,,5.85,1748.6820068359375
2001-12-11,85.71,,5.85,1728.8780517578125
2001-12-12,85.57,,5.85,1715.1719970703125
2001-12-13,85.52,,5.85,1688.012939453125
2001-12-14,85.74,,5.85,1675.5140380859375
2001-12-15,,,5.85,
2001-12-16,,,5.85,
2001-12-17,85.68,,5.85,1665.93798828125
2001-12-18,85.81,,5.85,1687.2900390625
2001-12-19,85.88,,5.85,1672.697998046875
2001-12-20,86.12,,5.85,1631.5369873046875
2001-12-21,86.41,,5.85,1640.1419677734375
2001-12-22,,,5.85,
2001-12-23,,,5.85,
2001-12-24,86.75,,5.85,1606.10400390625
2001-12-25,86.75,,5.85,1611.1700439453125
2001-12-26,86.74,,5.85,1633.6429443359375
2001-12-27,87.05,,5.85,1627.9229736328125
2001-12-28,86.94,,5.85,1639.4840087890625
2001-12-29,,,5.85,
2001-12-30,,,5.85,
2001-12-31,86.94,,5.85,1645.970947265625
2002-01-01,86.94,0.299999464979251,5.85,
2002-01-02,86.64,,5.85,
2002-01-03,86.51,,5.85,
2002-01-04,86.53,,5.85,1611.3929443359375
2002-01-05,,,5.85,
2002-01-06,,,5.85,
2002-01-07,86.66,,5.85,1596.760009765625
2002-01-08,86.88,,5.85,1583.4610595703125
2002-01-09,86.82,,5.85,1561.3489990234375
2002-01-10,86.9,,5.85,1576.43701171875
2002-01-11,86.86,,5.85,1535.593017578125
2002-01-12,,,5.85,
2002-01-13,,,5.85,
2002-01-14,86.71,,5.85,1485.1080322265625
2002-01-15,86.64,,5.85,1459.6529541015625
2002-01-16,86.94,,5.85,1479.6190185546875
2002-01-17,87.09,,5.85,1419.51904296875
2002-01-18,87.21,,5.85,1415.43798828125
2002-01-19,,,5.85,
2002-01-20,,,5.85,
2002-01-21,87.1,,5.85,1366.968017578125
2002-01-22,87.42,,5.85,1358.6910400390625
2002-01-23,87.34,,5.85,1444.9649658203125
2002-01-24,87.58,,5.85,1456.404052734375
2002-01-25,87.77,,5.85,1451.4840087890625
2002-01-26,,,5.85,
2002-01-27,,,5.85,
2002-01-28,87.93,,5.85,1359.5489501953125
2002-01-29,87.61,,5.85,1392.7750244140625
2002-01-30,87.55,,5.85,1396.60498046875
2002-01-31,87.54,,5.85,1491.6650390625
2002-02-01,87.73,1.1000003212421,5.85,1485.77001953125
2002-02-02,,,5.85,
2002-02-03,,,5.85,
2002-02-04,87.62,,5.85,1511.3270263671875
2002-02-05,87.53,,5.85,1518.280029296875
2002-02-06,87.64,,5.85,1485.802001953125
2002-02-07,87.7,,5.85,1515.39404296875
2002-02-08,87.65,,5.85,1506.614990234375
2002-02-09,,,5.85,
2002-02-10,,,5.85,
2002-02-11,87.42,,5.85,
2002-02-12,87.58,,5.85,
2002-02-13,87.44,,5.85,
2002-02-14,87.43,,5.85,
2002-02-15,87.49,,5.85,
2002-02-16,,,5.85,
2002-02-17,,,5.85,
2002-02-18,87.46,,5.85,
2002-02-19,87.69,,5.85,
2002-02-20,87.54,,5.85,
2002-02-21,87.73,,5.31,
2002-02-22,87.59,,5.31,
2002-02-23,,,5.31,
2002-02-24,,,5.31,
2002-02-25,87.62,,5.31,1530.2840576171875
2002-02-26,87.79,,5.31,1531.4300537109375
2002-02-27,88.01,,5.31,1538.3189697265625
2002-02-28,87.88,,5.31,1524.7010498046875
2002-03-01,87.69,-1.2999995292639,5.31,1502.5400390625
2002-03-02,,,5.31,
2002-03-03,,,5.31,
2002-03-04,87.53,,5.31,1526.803955078125
2002-03-05,87.36,,5.31,1560.0789794921875
2002-03-06,87.29,,5.31,1569.2080078125
2002-03-07,86.74,,5.31,1613.0009765625
2002-03-08,86.56,,5.31,1640.2559814453125
2002-03-09,,,5.31,
2002-03-10,,,5.31,
2002-03-11,86.78,,5.31,1664.093994140625
2002-03-12,86.84,,5.31,1643.6920166015625
2002-03-13,86.98,,5.31,1623.4320068359375
2002-03-14,86.7,,5.31,1665.1510009765625
2002-03-15,86.65,,5.31,1620.9759521484375
2002-03-16,,,5.31,
2002-03-17,,,5.31,
2002-03-18,87.08,,5.31,1623.884033203125
2002-03-19,87.02,,5.31,1665.3570556640625
2002-03-20,87.01,,5.31,1682.510009765625
2002-03-21,87.13,,5.31,1685.0169677734375
2002-03-22,87.24,,5.31,1669.6939697265625
2002-03-23,,,5.31,
2002-03-24,,,5.31,
2002-03-25,87.42,,5.31,1675.2889404296875
2002-03-26,87.51,,5.31,1649.4840087890625
2002-03-27,87.36,,5.31,1654.23095703125
2002-03-28,87.36,,5.31,1650.6729736328125
2002-03-29,87.36,,5.31,1603.905029296875
2002-03-30,,,5.31,
2002-03-31,,,5.31,
2002-04-01,87.36,-0.3000008634533739,5.31,1608.5059814453125
2002-04-02,87.34,,5.31,1582.883056640625
2002-04-03,87.25,,5.31,1594.508056640625
2002-04-04,87.14,,5.31,1641.698974609375
2002-04-05,87.14,,5.31,1634.6429443359375
2002-04-06,,,5.31,
2002-04-07,,,5.31,
2002-04-08,87.08,,5.31,1640.6500244140625
2002-04-09,87.16,,5.31,1667.52197265625
2002-04-10,86.87,,5.31,1677.657958984375
2002-04-11,87.03,,5.31,1649.530029296875
2002-04-12,87.09,,5.31,1658.97900390625
2002-04-13,,,5.31,
2002-04-14,,,5.31,
2002-04-15,87.0,,5.31,1649.5
2002-04-16,86.99,,5.31,1640.2850341796875
2002-04-17,86.62,,5.31,1644.39501953125
2002-04-18,86.55,,5.31,1628.136962890625
2002-04-19,86.54,,5.31,1635.1719970703125
2002-04-20,,,5.31,
2002-04-21,,,5.31,
2002-04-22,86.45,,5.31,1627.47998046875
2002-04-23,86.5,,5.31,1624.5460205078125
2002-04-24,86.42,,5.31,1611.051025390625
2002-04-25,86.03,,5.31,1615.9189453125
2002-04-26,85.99,,5.31,1640.5889892578125
2002-04-27,,,5.31,
2002-04-28,,,5.31,
2002-04-29,85.74,,5.31,1665.81201171875
2002-04-30,85.89,,5.31,1667.7490234375
2002-05-01,85.89,-0.2999996541773389,5.31,
2002-05-02,85.71,,5.31,
2002-05-03,85.48,,5.31,
2002-05-04,,,5.31,
2002-05-05,,,5.31,
2002-05-06,85.33,,5.31,
2002-05-07,85.53,,5.31,
2002-05-08,85.66,,5.31,1652.3680419921875
2002-05-09,85.75,,5.31,1650.5780029296875
2002-05-10,85.5,,5.31,1638.197998046875
2002-05-11,,,5.31,
2002-05-12,,,5.31,
2002-05-13,85.47,,5.31,1623.93994140625
2002-05-14,85.68,,5.31,1616.23095703125
2002-05-15,85.72,,5.31,1598.35400390625
2002-05-16,85.35,,5.31,1549.5009765625
2002-05-17,85.05,,5.31,1567.4969482421875
2002-05-18,,,5.31,
2002-05-19,,,5.31,
2002-05-20,84.77,,5.31,1541.530029296875
2002-05-21,84.64,,5.31,1588.1080322265625
2002-05-22,84.44,,5.31,1564.489013671875
2002-05-23,84.67,,5.31,1571.6109619140625
2002-05-24,84.71,,5.31,1549.4659423828125
2002-05-25,,,5.31,
2002-05-26,,,5.31,
2002-05-27,84.6,,5.31,1555.0479736328125
2002-05-28,84.4,,5.31,1558.5240478515625
2002-05-29,84.19,,5.31,1524.8060302734375
2002-05-30,83.91,,5.31,1523.52197265625
2002-05-31,83.93,,5.31,1515.7330322265625
2002-06-01,,-0.9000001479416829,5.31,
2002-06-02,,,5.31,
2002-06-03,84.19,,5.31,1483.3480224609375
2002-06-04,83.73,,5.31,1490.5140380859375
2002-06-05,84.1,,5.31,1462.0
2002-06-06,84.16,,5.31,1521.262939453125
2002-06-07,83.98,,5.31,1529.5069580078125
2002-06-08,,,5.31,
2002-06-09,,,5.31,
2002-06-10,84.02,,5.31,1517.22998046875
2002-06-11,84.17,,5.31,1530.9630126953125
2002-06-12,84.21,,5.31,1524.842041015625
2002-06-13,84.22,,5.31,1511.7110595703125
2002-06-14,83.96,,5.31,1494.2459716796875
2002-06-15,,,5.31,
2002-06-16,,,5.31,
2002-06-17,84.1,,5.31,1496.241943359375
2002-06-18,83.95,,5.31,1524.0679931640625
2002-06-19,83.71,,5.31,1507.66796875
2002-06-20,83.52,,5.31,1516.1510009765625
2002-06-21,83.24,,5.31,1562.7220458984375
2002-06-22,,,5.31,
2002-06-23,,,5.31,
2002-06-24,82.74,,5.31,1707.31298828125
2002-06-25,82.97,,5.31,1706.5909423828125
2002-06-26,82.15,,5.31,1712.9100341796875
2002-06-27,82.43,,5.31,1723.5450439453125
2002-06-28,81.87,,5.31,1732.7550048828125
2002-06-29,,,5.31,
2002-06-30,,,5.31,
2002-07-01,82.19,-0.699999484562464,5.31,1713.7049560546875
2002-07-02,82.51,,5.31,1724.948974609375
2002-07-03,82.58,,5.31,1730.9189453125
2002-07-04,82.54,,5.31,1713.135009765625
2002-07-05,82.75,,5.31,1722.18798828125
2002-07-06,,,5.31,
2002-07-07,,,5.31,
2002-07-08,82.24,,5.31,1732.9339599609375
2002-07-09,81.85,,5.31,1729.9859619140625
2002-07-10,81.72,,5.31,1701.823974609375
2002-07-11,81.9,,5.31,1696.93994140625
2002-07-12,81.71,,5.31,1698.2979736328125
2002-07-13,,,5.31,
2002-07-14,,,5.31,
2002-07-15,81.18,,5.31,1687.9449462890625
2002-07-16,80.93,,5.31,1691.623046875
2002-07-17,81.22,,5.31,1701.718017578125
2002-07-18,81.26,,5.31,1704.9119873046875
2002-07-19,80.9,,5.31,1713.8609619140625
2002-07-20,,,5.31,
2002-07-21,,,5.31,
2002-07-22,81.04,,5.31,1681.009033203125
2002-07-23,81.7,,5.31,1673.8609619140625
2002-07-24,81.71,,5.31,1672.4000244140625
2002-07-25,81.42,,5.31,1665.1090087890625
2002-07-26,81.77,,5.31,1657.4990234375
2002-07-27,,,5.31,
2002-07-28,,,5.31,
2002-07-29,82.55,,5.31,1665.6739501953125
2002-07-30,82.46,,5.31,1669.001953125
2002-07-31,82.6,,5.31,1651.593994140625
2002-08-01,82.68,0.299999695261628,5.31,1653.008056640625
2002-08-02,82.32,,5.31,1661.4310302734375
2002-08-03,,,5.31,
2002-08-04,,,5.31,
2002-08-05,82.47,,5.31,1653.95703125
2002-08-06,83.19,,5.31,1670.6190185546875
2002-08-07,83.05,,5.31,1668.06494140625
2002-08-08,83.05,,5.31,1659.802001953125
2002-08-09,82.92,,5.31,1647.0460205078125
2002-08-10,,,5.31,
2002-08-11,,,5.31,
2002-08-12,82.65,,5.31,1634.5660400390625
2002-08-13,82.64,,5.31,1636.6319580078125
2002-08-14,82.05,,5.31,1646.7220458984375
2002-08-15,82.35,,5.31,1634.365966796875
2002-08-16,82.22,,5.31,1646.7919921875
2002-08-17,,,5.31,
2002-08-18,,,5.31,
2002-08-19,82.47,,5.31,1644.301025390625
2002-08-20,82.49,,5.31,1671.3509521484375
2002-08-21,82.57,,5.31,1673.5489501953125
2002-08-22,82.6,,5.31,1686.1109619140625
2002-08-23,82.96,,5.31,1683.20703125
2002-08-24,,,5.31,
2002-08-25,,,5.31,
2002-08-26,82.95,,5.31,1670.68505859375
2002-08-27,82.5,,5.31,1679.6910400390625
2002-08-28,82.39,,5.31,1676.77001953125
2002-08-29,82.34,,5.31,1667.3179931640625
2002-08-30,82.39,,5.31,1666.6180419921875
2002-08-31,,,5.31,
2002-09-01,,0.999999645535294,5.31,
2002-09-02,82.42,,5.31,1668.7740478515625
2002-09-03,82.11,,5.31,1674.0699462890625
2002-09-04,82.08,,5.31,1663.9720458984375
2002-09-05,82.0,,5.31,1641.8070068359375
2002-09-06,82.23,,5.31,1631.384033203125
2002-09-07,,,5.31,
2002-09-08,,,5.31,
2002-09-09,82.6,,5.31,1621.58203125
2002-09-10,82.69,,5.31,1625.1109619140625
2002-09-11,82.86,,5.31,1620.35498046875
2002-09-12,82.88,,5.31,1624.5579833984375
2002-09-13,82.85,,5.31,1625.759033203125
2002-09-14,,,5.31,
2002-09-15,,,5.31,
2002-09-16,83.55,,5.31,1604.0830078125
2002-09-17,83.77,,5.31,1604.8809814453125
2002-09-18,83.41,,5.31,1594.583984375
2002-09-19,83.04,,5.31,1619.35400390625
2002-09-20,83.5,,5.31,1604.9129638671875
2002-09-21,,,5.31,
2002-09-22,,,5.31,
2002-09-23,83.5,,5.31,1602.5909423828125
2002-09-24,83.54,,5.31,1596.7320556640625
2002-09-25,83.67,,5.31,1597.8370361328125
2002-09-26,83.59,,5.31,1587.6490478515625
2002-09-27,83.59,,5.31,1581.6180419921875
2002-09-28,,,5.31,
2002-09-29,,,5.31,
2002-09-30,83.31,,5.31,
2002-10-01,83.44,0.2000003228787479,5.31,
2002-10-02,83.54,,5.31,
2002-10-03,83.43,,5.31,
2002-10-04,83.48,,5.31,
2002-10-05,,,5.31,
2002-10-06,,,5.31,
2002-10-07,83.83,,5.31,
2002-10-08,83.91,,5.31,1562.9930419921875
2002-10-09,83.94,,5.31,1535.365966796875
2002-10-10,83.8,,5.31,1530.406982421875
2002-10-11,83.95,,5.31,1524.051025390625
2002-10-12,,,5.31,
2002-10-13,,,5.31,
2002-10-14,83.9,,5.31,1531.676025390625
2002-10-15,84.14,,5.31,1524.72802734375
2002-10-16,83.88,,5.31,1537.387939453125
2002-10-17,83.93,,5.31,1513.0970458984375
2002-10-18,84.15,,5.31,1519.5389404296875
2002-10-19,,,5.31,
2002-10-20,,,5.31,
2002-10-21,84.0,,5.31,1524.925048828125
2002-10-22,84.06,,5.31,1548.10400390625
2002-10-23,83.77,,5.31,1548.9649658203125
2002-10-24,83.89,,5.31,1536.52001953125
2002-10-25,83.78,,5.31,1520.31298828125
2002-10-26,,,5.31,
2002-10-27,,,5.31,
2002-10-28,83.92,,5.31,1502.7159423828125
2002-10-29,83.55,,5.31,1510.8819580078125
2002-10-30,83.5,,5.31,1509.70703125
2002-10-31,83.35,,5.31,1507.4959716796875
2002-11-01,83.02,-0.0999997047853609,5.31,1510.760009765625
2002-11-02,,,5.31,
2002-11-03,,,5.31,
2002-11-04,83.1,,5.31,1531.842041015625
2002-11-05,82.79,,5.31,1558.239013671875
2002-11-06,83.08,,5.31,1552.56103515625
2002-11-07,82.78,,5.31,1554.237060546875
2002-11-08,82.33,,5.31,1522.18701171875
2002-11-09,,,5.31,
2002-11-10,,,5.31,
2002-11-11,82.14,,5.31,1504.4029541015625
2002-11-12,82.32,,5.31,1485.9129638671875
2002-11-13,82.4,,5.31,1490.4639892578125
2002-11-14,82.32,,5.31,1460.7950439453125
2002-11-15,82.58,,5.31,1463.6910400390625
2002-11-16,,,5.31,
2002-11-17,,,5.31,
2002-11-18,82.56,,5.31,1451.2900390625
2002-11-19,82.42,,5.31,1462.1739501953125
2002-11-20,82.87,,5.31,1425.843017578125
2002-11-21,82.75,,5.31,1390.6290283203125
2002-11-22,82.81,,5.31,1395.4969482421875
2002-11-23,,,5.31,
2002-11-24,,,5.31,
2002-11-25,83.18,,5.31,1398.43798828125
2002-11-26,82.92,,5.31,1371.1669921875
2002-11-27,82.8,,5.31,1378.751953125
2002-11-28,82.99,,5.31,1417.5250244140625
2002-11-29,82.98,,5.31,1434.1820068359375
2002-11-30,,,5.31,
2002-12-01,,0.299999895820149,5.31,
2002-12-02,83.41,,5.31,1395.675048828125
2002-12-03,83.27,,5.31,1408.843017578125
2002-12-04,83.19,,5.31,1414.4539794921875
2002-12-05,83.42,,5.31,1404.8800048828125
2002-12-06,83.32,,5.31,1405.5250244140625
2002-12-07,,,5.31,
2002-12-08,,,5.31,
2002-12-09,82.72,,5.31,1400.866943359375
2002-12-10,82.81,,5.31,1383.8399658203125
2002-12-11,82.9,,5.31,1379.1949462890625
2002-12-12,82.57,,5.31,1383.9100341796875
2002-12-13,82.3,,5.31,1396.89794921875
2002-12-14,,,5.31,
2002-12-15,,,5.31,
2002-12-16,82.19,,5.31,1408.5150146484375
2002-12-17,81.87,,5.31,1416.095947265625
2002-12-18,82.18,,5.31,1411.718994140625
2002-12-19,81.98,,5.31,1413.5970458984375
2002-12-20,82.01,,5.31,1427.93603515625
2002-12-21,,,5.31,
2002-12-22,,,5.31,
2002-12-23,81.88,,5.31,1430.198974609375
2002-12-24,81.89,,5.31,1430.8270263671875
2002-12-25,81.89,,5.31,1421.5150146484375
2002-12-26,81.89,,5.31,1384.1519775390625
2002-12-27,81.75,,5.31,1382.970947265625
2002-12-28,,,5.31,
2002-12-29,,,5.31,
2002-12-30,81.55,,5.31,1366.362060546875
2002-12-31,81.3,,5.31,1357.654052734375
2003-01-01,81.3,1.09999965044341,5.31,
2003-01-02,81.48,,5.31,1320.6300048828125
2003-01-03,81.68,,5.31,1319.8680419921875
2003-01-04,,,5.31,
2003-01-05,,,5.31,
2003-01-06,81.19,,5.31,1334.678955078125
2003-01-07,81.44,,5.31,1332.06103515625
2003-01-08,81.63,,5.31,1372.0670166015625
2003-01-09,81.17,,5.31,1397.384033203125
2003-01-10,81.25,,5.31,1384.8590087890625
2003-01-11,,,5.31,
2003-01-12,,,5.31,
2003-01-13,81.08,,5.31,1386.31396484375
2003-01-14,80.87,,5.31,1466.8509521484375
2003-01-15,80.99,,5.31,1459.9200439453125
2003-01-16,80.85,,5.31,1485.6180419921875
2003-01-17,80.67,,5.31,1478.675048828125
2003-01-18,,,5.31,
2003-01-19,,,5.31,
2003-01-20,80.79,,5.31,1482.6810302734375
2003-01-21,80.94,,5.31,1454.8909912109375
2003-01-22,80.74,,5.31,1460.530029296875
2003-01-23,80.65,,5.31,1450.615966796875
2003-01-24,80.53,,5.31,1479.0699462890625
2003-01-25,,,5.31,
2003-01-26,,,5.31,
2003-01-27,80.36,,5.31,1496.156982421875
2003-01-28,80.64,,5.31,1500.6390380859375
2003-01-29,80.43,,5.31,1499.81494140625
2003-01-30,80.75,,5.31,
2003-01-31,80.7,,5.31,
2003-02-01,,0.8999997974873639,5.31,
2003-02-02,,,5.31,
2003-02-03,81.03,,5.31,
2003-02-04,80.79,,5.31,
2003-02-05,80.55,,5.31,
2003-02-06,80.81,,5.31,
2003-02-07,80.93,,5.31,
2003-02-08,,,5.31,
2003-02-09,,,5.31,
2003-02-10,81.03,,5.31,1480.1689453125
2003-02-11,81.42,,5.31,1492.7640380859375
2003-02-12,81.31,,5.31,1510.6710205078125
2003-02-13,81.3,,5.31,1504.3380126953125
2003-02-14,81.15,,5.31,1510.949951171875
2003-02-15,,,5.31,
2003-02-16,,,5.31,
2003-02-17,81.27,,5.31,1496.52294921875
2003-02-18,81.01,,5.31,1496.468017578125
2003-02-19,81.06,,5.31,1510.802978515625
2003-02-20,80.84,,5.31,1509.4859619140625
2003-02-21,80.73,,5.31,1478.8709716796875
2003-02-22,,,5.31,
2003-02-23,,,5.31,
2003-02-24,80.8,,5.31,1481.93603515625
2003-02-25,80.52,,5.31,1511.2750244140625
2003-02-26,80.64,,5.31,1513.175048828125
2003-02-27,80.43,,5.31,1513.7039794921875
2003-02-28,80.74,,5.31,1511.9320068359375
2003-03-01,,-0.599999222630276,5.31,
2003-03-02,,,5.31,
2003-03-03,80.65,,5.31,1525.4830322265625
2003-03-04,80.4,,5.31,1524.303955078125
2003-03-05,80.3,,5.31,1517.178955078125
2003-03-06,80.37,,5.31,1498.343017578125
2003-03-07,80.17,,5.31,1493.093017578125
2003-03-08,,,5.31,
2003-03-09,,,5.31,
2003-03-10,80.26,,5.31,1468.9189453125
2003-03-11,80.17,,5.31,
2003-03-12,80.43,,5.31,1475.008056640625
2003-03-13,80.85,,5.31,1464.6490478515625
2003-03-14,81.05,,5.31,1466.0439453125
2003-03-15,,,5.31,
2003-03-16,,,5.31,
2003-03-17,80.93,,5.31,1469.2740478515625
2003-03-18,81.59,,5.31,1459.8919677734375
2003-03-19,81.68,,5.31,1469.9599609375
2003-03-20,81.73,,5.31,1464.5400390625
2003-03-21,81.83,,5.31,1474.656982421875
2003-03-22,,,5.31,
2003-03-23,,,5.31,
2003-03-24,81.69,,5.31,1477.7659912109375
2003-03-25,81.42,,5.31,1462.4000244140625
2003-03-26,81.45,,5.31,1456.27099609375
2003-03-27,81.31,,5.31,1499.3470458984375
2003-03-28,81.44,,5.31,1491.9410400390625
2003-03-29,,,5.31,
2003-03-30,,,5.31,
2003-03-31,80.9,,5.31,1510.5780029296875
2003-04-01,80.88,-0.2000000709174699,5.31,1522.5460205078125
2003-04-02,81.05,,5.31,1521.3199462890625
2003-04-03,81.34,,5.31,1511.72900390625
2003-04-04,81.42,,5.31,1521.1280517578125
2003-04-05,,,5.31,
2003-04-06,,,5.31,
2003-04-07,81.79,,5.31,1515.1319580078125
2003-04-08,81.47,,5.31,1520.551025390625
2003-04-09,81.3,,5.31,1543.6739501953125
2003-04-10,80.99,,5.31,1551.1800537109375
2003-04-11,81.2,,5.31,1576.8599853515625
2003-04-12,,,5.31,
2003-04-13,,,5.31,
2003-04-14,81.2,,5.31,1616.072021484375
2003-04-15,81.02,,5.31,1631.469970703125
2003-04-16,80.84,,5.31,1606.239990234375
2003-04-17,80.52,,5.31,1613.60400390625
2003-04-18,80.52,,5.31,1603.0770263671875
2003-04-19,,,5.31,
2003-04-20,,,5.31,
2003-04-21,80.52,,5.31,1571.7139892578125
2003-04-22,80.58,,5.31,1568.6920166015625
2003-04-23,80.66,,5.31,1541.9599609375
2003-04-24,80.49,,5.31,1503.5899658203125
2003-04-25,80.81,,5.31,1487.14697265625
2003-04-26,,,5.31,
2003-04-27,,,5.31,
2003-04-28,80.47,,5.31,1537.6910400390625
2003-04-29,80.6,,5.31,1509.31298828125
2003-04-30,80.09,,5.31,1521.4439697265625
2003-05-01,80.09,-0.700000121393462,5.31,
2003-05-02,79.71,,5.31,
2003-05-03,,,5.31,
2003-05-04,,,5.31,
2003-05-05,79.77,,5.31,
2003-05-06,79.36,,5.31,
2003-05-07,79.01,,5.31,
2003-05-08,78.88,,5.31,
2003-05-09,79.02,,5.31,
2003-05-10,,,5.31,
2003-05-11,,,5.31,
2003-05-12,78.6,,5.31,1531.866943359375
2003-05-13,78.79,,5.31,1485.3070068359375
2003-05-14,78.8,,5.31,1522.9239501953125
2003-05-15,78.73,,5.31,1555.2850341796875
2003-05-16,78.75,,5.31,1554.4520263671875
2003-05-17,,,5.31,
2003-05-18,,,5.31,
2003-05-19,78.47,,5.31,1555.447021484375
2003-05-20,78.6,,5.31,1535.52001953125
2003-05-21,78.45,,5.31,1533.4830322265625
2003-05-22,78.41,,5.31,1546.113037109375
2003-05-23,78.32,,5.31,1560.9549560546875
2003-05-24,,,5.31,
2003-05-25,,,5.31,
2003-05-26,78.34,,5.31,1569.511962890625
2003-05-27,78.13,,5.31,1568.3409423828125
2003-05-28,78.69,,5.31,1551.81103515625
2003-05-29,78.78,,5.31,1568.156005859375
2003-05-30,78.58,,5.31,1576.260986328125
2003-05-31,,,5.31,
2003-06-01,,-1.20000023455945,5.31,
2003-06-02,78.84,,5.31,1576.5279541015625
2003-06-03,78.72,,5.31,1562.237060546875
2003-06-04,78.69,,5.31,1574.1109619140625
2003-06-05,78.54,,5.31,1556.2490234375
2003-06-06,78.37,,5.31,1538.9200439453125
2003-06-07,,,5.31,
2003-06-08,,,5.31,
2003-06-09,78.61,,5.31,1530.2149658203125
2003-06-10,78.63,,5.31,1538.761962890625
2003-06-11,78.48,,5.31,1565.8399658203125
2003-06-12,78.46,,5.31,1562.10595703125
2003-06-13,78.42,,5.31,1566.7659912109375
2003-06-14,,,5.31,
2003-06-15,,,5.31,
2003-06-16,78.15,,5.31,1559.7049560546875
2003-06-17,78.27,,5.31,1557.175048828125
2003-06-18,78.5,,5.31,1553.876953125
2003-06-19,78.73,,5.31,1538.7540283203125
2003-06-20,78.58,,5.31,1529.469970703125
2003-06-21,,,5.31,
2003-06-22,,,5.31,
2003-06-23,78.77,,5.31,1511.364990234375
2003-06-24,78.69,,5.31,1512.428955078125
2003-06-25,78.61,,5.31,1502.0770263671875
2003-06-26,79.01,,5.31,1515.375
2003-06-27,79.26,,5.31,1497.053955078125
2003-06-28,,,5.31,
2003-06-29,,,5.31,
2003-06-30,79.29,,5.31,1486.0240478515625
2003-07-01,78.96,-0.5000001156862839,5.31,1484.7039794921875
2003-07-02,78.84,,5.31,1499.6820068359375
2003-07-03,78.84,,5.31,1504.43603515625
2003-07-04,78.7,,5.31,1502.3489990234375
2003-07-05,,,5.31,
2003-07-06,,,5.31,
2003-07-07,78.92,,5.31,1501.4840087890625
2003-07-08,79.06,,5.31,1512.01904296875
2003-07-09,79.01,,5.31,1503.31396484375
2003-07-10,79.02,,5.31,1531.927001953125
2003-07-11,79.05,,5.31,1528.85400390625
2003-07-12,,,5.31,
2003-07-13,,,5.31,
2003-07-14,79.06,,5.31,1521.4139404296875
2003-07-15,79.0,,5.31,1525.43896484375
2003-07-16,79.54,,5.31,1529.490966796875
2003-07-17,79.41,,5.31,1539.3580322265625
2003-07-18,79.59,,5.31,1507.1619873046875
2003-07-19,,,5.31,
2003-07-20,,,5.31,
2003-07-21,79.37,,5.31,1495.885009765625
2003-07-22,79.37,,5.31,1498.4849853515625
2003-07-23,79.27,,5.31,1502.14794921875
2003-07-24,79.11,,5.31,1493.4510498046875
2003-07-25,79.06,,5.31,1477.6510009765625
2003-07-26,,,5.31,
2003-07-27,,,5.31,
2003-07-28,79.06,,5.31,1470.3929443359375
2003-07-29,79.17,,5.31,1477.2960205078125
2003-07-30,79.3,,5.31,1479.6519775390625
2003-07-31,79.51,,5.31,1476.741943359375
2003-08-01,79.92,0.699999796784411,5.31,1476.968994140625
2003-08-02,,,5.31,
2003-08-03,,,5.31,
2003-08-04,79.65,,5.31,1494.364990234375
2003-08-05,79.68,,5.31,1494.31201171875
2003-08-06,79.51,,5.31,1486.251953125
2003-08-07,79.52,,5.31,1487.3699951171875
2003-08-08,79.38,,5.31,1471.27197265625
2003-08-09,,,5.31,
2003-08-10,,,5.31,
2003-08-11,79.34,,5.31,1474.4129638671875
2003-08-12,79.32,,5.31,1479.282958984375
2003-08-13,79.47,,5.31,1465.8270263671875
2003-08-14,79.51,,5.31,1455.8990478515625
2003-08-15,79.51,,5.31,1450.2030029296875
2003-08-16,,,5.31,
2003-08-17,,,5.31,
2003-08-18,79.67,,5.31,1445.0889892578125
2003-08-19,79.91,,5.31,1449.7120361328125
2003-08-20,79.61,,5.31,1441.6639404296875
2003-08-21,79.69,,5.31,1441.0899658203125
2003-08-22,79.9,,5.31,1438.883056640625
2003-08-23,,,5.31,
2003-08-24,,,5.31,
2003-08-25,79.84,,5.31,1422.176025390625
2003-08-26,80.01,,5.31,1425.2120361328125
2003-08-27,79.95,,5.31,1425.362060546875
2003-08-28,80.02,,5.31,1415.6929931640625
2003-08-29,79.71,,5.31,1421.9830322265625
2003-08-30,,,5.31,
2003-08-31,,,5.31,
2003-09-01,79.58,1.20000067066852,5.31,1449.8160400390625
2003-09-02,79.9,,5.31,1446.511962890625
2003-09-03,79.89,,5.31,1447.8499755859375
2003-09-04,79.86,,5.31,1447.425048828125
2003-09-05,79.64,,5.31,1431.532958984375
2003-09-06,,,5.31,
2003-09-07,,,5.31,
2003-09-08,79.4,,5.31,1425.72705078125
2003-09-09,79.22,,5.31,1420.073974609375
2003-09-10,79.19,,5.31,1423.177001953125
2003-09-11,79.14,,5.31,1423.9599609375
2003-09-12,79.22,,5.31,1409.1619873046875
2003-09-13,,,5.31,
2003-09-14,,,5.31,
2003-09-15,79.11,,5.31,1397.5400390625
2003-09-16,79.01,,5.31,1406.10400390625
2003-09-17,79.05,,5.31,1389.822021484375
2003-09-18,78.73,,5.31,1390.4849853515625
2003-09-19,78.57,,5.31,1391.3699951171875
2003-09-20,,,5.31,
2003-09-21,,,5.31,
2003-09-22,77.61,,5.31,1381.4429931640625
2003-09-23,77.61,,5.31,1390.1739501953125
2003-09-24,77.61,,5.31,1394.22900390625
2003-09-25,77.58,,5.31,1376.291015625
2003-09-26,77.67,,5.31,1370.843017578125
2003-09-27,,,5.31,
2003-09-28,,,5.31,
2003-09-29,77.77,,5.31,1355.3349609375
2003-09-30,77.19,,5.31,1367.1610107421875
2003-10-01,77.25,0.899999967261047,5.31,
2003-10-02,77.17,,5.31,
2003-10-03,77.1,,5.31,
2003-10-04,,,5.31,
2003-10-05,,,5.31,
2003-10-06,77.39,,5.31,
2003-10-07,76.96,,5.31,
2003-10-08,76.84,,5.31,1371.68505859375
2003-10-09,76.72,,5.31,1369.1739501953125
2003-10-10,76.61,,5.31,1404.008056640625
2003-10-11,,,5.31,
2003-10-12,,,5.31,
2003-10-13,76.75,,5.31,1399.657958984375
2003-10-14,77.26,,5.31,1388.1719970703125
2003-10-15,77.1,,5.31,1383.0980224609375
2003-10-16,77.24,,5.31,1365.5050048828125
2003-10-17,77.32,,5.31,1370.58203125
2003-10-18,,,5.31,
2003-10-19,,,5.31,
2003-10-20,77.31,,5.31,1359.498046875
2003-10-21,77.36,,5.31,1364.301025390625
2003-10-22,77.13,,5.31,1398.010009765625
2003-10-23,77.02,,5.31,1386.6529541015625
2003-10-24,77.0,,5.31,1381.8299560546875
2003-10-25,,,5.31,
2003-10-26,,,5.31,
2003-10-27,76.88,,5.31,1369.4630126953125
2003-10-28,77.04,,5.31,1369.324951171875
2003-10-29,76.86,,5.31,1361.487060546875
2003-10-30,76.77,,5.31,1344.633056640625
2003-10-31,77.14,,5.31,1348.302978515625
2003-11-01,,0.99999987217873,5.31,
2003-11-02,,,5.31,
2003-11-03,77.38,,5.31,1364.0550537109375
2003-11-04,77.61,,5.31,1389.5450439453125
2003-11-05,77.45,,5.31,1385.1099853515625
2003-11-06,77.55,,5.31,1356.7900390625
2003-11-07,77.62,,5.31,1335.2049560546875
2003-11-08,,,5.31,
2003-11-09,,,5.31,
2003-11-10,77.23,,5.31,1340.0970458984375
2003-11-11,77.25,,5.31,1343.615966796875
2003-11-12,77.09,,5.31,1317.7919921875
2003-11-13,76.88,,5.31,1319.6080322265625
2003-11-14,76.72,,5.31,1331.051025390625
2003-11-15,,,5.31,
2003-11-16,,,5.31,
2003-11-17,76.83,,5.31,1328.10302734375
2003-11-18,76.83,,5.31,1316.56201171875
2003-11-19,76.61,,5.31,1338.8699951171875
2003-11-20,76.68,,5.31,1376.5059814453125
2003-11-21,76.69,,5.31,1361.5589599609375
2003-11-22,,,5.31,
2003-11-23,,,5.31,
2003-11-24,76.92,,5.31,1404.008056640625
2003-11-25,77.16,,5.31,1408.4150390625
2003-11-26,77.01,,5.31,1411.9090576171875
2003-11-27,76.84,,5.31,1389.10302734375
2003-11-28,76.71,,5.31,1397.2249755859375
2003-11-29,,,5.31,
2003-11-30,,,5.31,
2003-12-01,76.61,0.5999996612200899,5.31,1432.7030029296875
2003-12-02,76.68,,5.31,1435.31396484375
2003-12-03,76.31,,5.31,1445.0260009765625
2003-12-04,76.3,,5.31,1452.8089599609375
2003-12-05,76.28,,5.31,1451.1180419921875
2003-12-06,,,5.31,
2003-12-07,,,5.31,
2003-12-08,75.92,,5.31,1436.6629638671875
2003-12-09,75.8,,5.31,1443.365966796875
2003-12-10,75.96,,5.31,1469.4219970703125
2003-12-11,76.08,,5.31,1470.02294921875
2003-12-12,75.88,,5.31,1470.7919921875
2003-12-13,,,5.31,
2003-12-14,,,5.31,
2003-12-15,75.95,,5.31,1470.3570556640625
2003-12-16,75.77,,5.31,1466.3370361328125
2003-12-17,75.8,,5.31,1453.9949951171875
2003-12-18,75.7,,5.31,1457.301025390625
2003-12-19,75.7,,5.31,1446.2850341796875
2003-12-20,,,5.31,
2003-12-21,,,5.31,
2003-12-22,75.69,,5.31,1492.9630126953125
2003-12-23,75.76,,5.31,1500.6400146484375
2003-12-24,75.69,,5.31,1513.824951171875
2003-12-25,75.69,,5.31,1512.5970458984375
2003-12-26,75.69,,5.31,1514.7750244140625
2003-12-27,,,5.31,
2003-12-28,,,5.31,
2003-12-29,75.38,,5.31,1496.427001953125
2003-12-30,75.46,,5.31,1511.6910400390625
2003-12-31,75.18,,5.31,1497.0439453125
2004-01-01,75.18,1.10000023515092,5.31,
2004-01-02,75.27,,5.31,1517.1929931640625
2004-01-03,,,5.31,
2004-01-04,,,5.31,
2004-01-05,74.94,,5.31,1568.35302734375
2004-01-06,74.71,,5.31,1574.52294921875
2004-01-07,74.82,,5.31,1587.2039794921875
2004-01-08,74.84,,5.31,1610.1259765625
2004-01-09,74.77,,5.31,1581.4659423828125
2004-01-10,,,5.31,
2004-01-11,,,5.31,
2004-01-12,74.49,,5.31,1618.5179443359375
2004-01-13,74.61,,5.31,1612.6829833984375
2004-01-14,74.69,,5.31,1592.4229736328125
2004-01-15,74.86,,5.31,1586.4930419921875
2004-01-16,75.05,,5.31,1600.425048828125
2004-01-17,,,5.31,
2004-01-18,,,5.31,
2004-01-19,75.44,,5.31,
2004-01-20,75.2,,5.31,
2004-01-21,75.03,,5.31,
2004-01-22,74.68,,5.31,
2004-01-23,74.77,,5.31,
2004-01-24,,,5.31,
2004-01-25,,,5.31,
2004-01-26,74.95,,5.31,
2004-01-27,74.96,,5.31,
2004-01-28,74.83,,5.31,
2004-01-29,75.06,,5.31,1628.8370361328125
2004-01-30,75.23,,5.31,1590.72900390625
2004-01-31,,,5.31,
2004-02-01,,-0.1999998009085459,5.31,
2004-02-02,75.0,,5.31,1623.8800048828125
2004-02-03,74.77,,5.31,1649.281982421875
2004-02-04,74.89,,5.31,1685.1590576171875
2004-02-05,74.8,,5.31,1693.427978515625
2004-02-06,75.08,,5.31,1679.1929931640625
2004-02-07,,,5.31,
2004-02-08,,,5.31,
2004-02-09,74.59,,5.31,1703.529052734375
2004-02-10,74.38,,5.31,1691.009033203125
2004-02-11,74.53,,5.31,1677.759033203125
2004-02-12,74.27,,5.31,1663.83203125
2004-02-13,74.22,,5.31,1658.5389404296875
2004-02-14,,,5.31,
2004-02-15,,,5.31,
2004-02-16,74.34,,5.31,1696.8270263671875
2004-02-17,74.15,,5.31,1703.7740478515625
2004-02-18,74.2,,5.31,1717.095947265625
2004-02-19,74.66,,5.31,1717.0150146484375
2004-02-20,74.91,,5.31,1721.751953125
2004-02-21,,,5.31,
2004-02-22,,,5.31,
2004-02-23,75.2,,5.31,1681.654052734375
2004-02-24,75.16,,5.31,1682.2969970703125
2004-02-25,75.08,,5.31,1647.3809814453125
2004-02-26,75.56,,5.31,1654.89794921875
2004-02-27,75.57,,5.31,1675.0670166015625
2004-02-28,,,5.31,
2004-02-29,,,5.31,
2004-03-01,75.44,0.300000033568098,5.31,1689.760009765625
2004-03-02,75.61,,5.31,1687.2779541015625
2004-03-03,76.2,,5.31,1661.81201171875
2004-03-04,76.21,,5.31,1668.8740234375
2004-03-05,76.2,,5.31,1662.095947265625
2004-03-06,,,5.31,
2004-03-07,,,5.31,
2004-03-08,76.03,,5.31,1637.14404296875
2004-03-09,75.92,,5.31,1637.0989990234375
2004-03-10,75.97,,5.31,1678.072998046875
2004-03-11,76.05,,5.31,1691.6429443359375
2004-03-12,76.27,,5.31,1694.7430419921875
2004-03-13,,,5.31,
2004-03-14,,,5.31,
2004-03-15,76.08,,5.31,1736.219970703125
2004-03-16,75.7,,5.31,1745.54296875
2004-03-17,75.68,,5.31,1745.0980224609375
2004-03-18,75.42,,5.31,1717.260009765625
2004-03-19,75.25,,5.31,1747.8719482421875
2004-03-20,,,5.31,
2004-03-21,,,5.31,
2004-03-22,75.24,,5.31,1755.68505859375
2004-03-23,75.3,,5.31,1741.6949462890625
2004-03-24,75.35,,5.31,1740.053955078125
2004-03-25,75.5,,5.31,1736.47705078125
2004-03-26,75.31,,5.31,1734.0469970703125
2004-03-27,,,5.31,
2004-03-28,,,5.31,
2004-03-29,75.38,,5.31,1719.6739501953125
2004-03-30,75.25,,5.31,1724.2769775390625
2004-03-31,74.8,,5.31,1741.623046875
2004-04-01,74.58,0.4999997513828129,5.31,1758.14697265625
2004-04-02,74.65,,5.31,1768.64501953125
2004-04-03,,,5.31,
2004-04-04,,,5.31,
2004-04-05,75.08,,5.31,1766.4830322265625
2004-04-06,75.5,,5.31,1777.5159912109375
2004-04-07,75.25,,5.31,1774.552001953125
2004-04-08,75.25,,5.31,1770.279052734375
2004-04-09,75.25,,5.31,1727.3480224609375
2004-04-10,,,5.31,
2004-04-11,,,5.31,
2004-04-12,75.25,,5.31,1722.9859619140625
2004-04-13,74.67,,5.31,1715.135986328125
2004-04-14,75.56,,5.31,1697.156005859375
2004-04-15,76.15,,5.31,1679.0760498046875
2004-04-16,76.25,,5.31,1693.8609619140625
2004-04-17,,,5.31,
2004-04-18,,,5.31,
2004-04-19,76.47,,5.31,1675.885009765625
2004-04-20,75.98,,5.31,1669.4219970703125
2004-04-21,76.48,,5.31,1651.5770263671875
2004-04-22,76.7,,5.31,1657.7850341796875
2004-04-23,76.41,,5.31,1635.5009765625
2004-04-24,,,5.31,
2004-04-25,,,5.31,
2004-04-26,76.1,,5.31,1635.4990234375
2004-04-27,76.59,,5.31,1611.8599853515625
2004-04-28,76.47,,5.31,1606.801025390625
2004-04-29,76.38,,5.31,1579.447021484375
2004-04-30,77.45,,5.31,1595.5870361328125
2004-05-01,,-0.0999996726968333,5.31,
2004-05-02,,,5.31,
2004-05-03,76.65,,5.31,
2004-05-04,77.07,,5.31,
2004-05-05,76.08,,5.31,
2004-05-06,76.17,,5.31,
2004-05-07,76.48,,5.31,
2004-05-08,,,5.31,
2004-05-09,,,5.31,
2004-05-10,77.58,,5.31,1560.2149658203125
2004-05-11,77.47,,5.31,1568.0589599609375
2004-05-12,77.4,,5.31,1603.7679443359375
2004-05-13,77.73,,5.31,1597.5699462890625
2004-05-14,77.76,,5.31,1562.68798828125
2004-05-15,,,5.31,
2004-05-16,,,5.31,
2004-05-17,78.41,,5.31,1539.958984375
2004-05-18,77.43,,5.31,1555.4420166015625
2004-05-19,77.14,,5.31,1558.2869873046875
2004-05-20,77.31,,5.31,1549.06103515625
2004-05-21,77.53,,5.31,1558.3299560546875
2004-05-22,,,5.31,
2004-05-23,,,5.31,
2004-05-24,76.65,,5.31,1550.3480224609375
2004-05-25,76.96,,5.31,1518.0450439453125
2004-05-26,76.72,,5.31,1524.43603515625
2004-05-27,76.93,,5.31,1557.177978515625
2004-05-28,76.27,,5.31,1548.7220458984375
2004-05-29,,,5.31,
2004-05-30,,,5.31,
2004-05-31,76.05,,5.31,1555.906005859375
2004-06-01,76.11,-0.700000284772125,5.31,1579.657958984375
2004-06-02,76.5,,5.31,1567.0670166015625
2004-06-03,76.46,,5.31,1543.5269775390625
2004-06-04,76.31,,5.31,1542.0860595703125
2004-06-05,,,5.31,
2004-06-06,,,5.31,
2004-06-07,75.97,,5.31,1517.14501953125
2004-06-08,75.99,,5.31,1493.81396484375
2004-06-09,75.23,,5.31,1468.071044921875
2004-06-10,76.38,,5.31,1468.343994140625
2004-06-11,76.54,,5.31,1472.072021484375
2004-06-12,,,5.31,
2004-06-13,,,5.31,
2004-06-14,76.77,,5.31,1438.7359619140625
2004-06-15,76.77,,5.31,1463.7769775390625
2004-06-16,76.53,,5.31,1475.416015625
2004-06-17,76.34,,5.31,1445.5009765625
2004-06-18,76.39,,5.31,1427.301025390625
2004-06-19,,,5.31,
2004-06-20,,,5.31,
2004-06-21,76.15,,5.31,1433.467041015625
2004-06-22,76.11,,5.31,1450.6829833984375
2004-06-23,76.32,,5.31,1440.72900390625
2004-06-24,75.97,,5.31,1427.7540283203125
2004-06-25,75.97,,5.31,1401.113037109375
2004-06-26,,,5.31,
2004-06-27,,,5.31,
2004-06-28,75.92,,5.31,1385.1810302734375
2004-06-29,76.04,,5.31,1408.68896484375
2004-06-30,76.19,,5.31,1399.1619873046875
2004-07-01,75.96,-0.200000443117545,5.31,1441.0679931640625
2004-07-02,76.12,,5.31,1441.18994140625
2004-07-03,,,5.31,
2004-07-04,,,5.31,
2004-07-05,75.88,,5.31,1444.5899658203125
2004-07-06,75.83,,5.31,1450.5009765625
2004-07-07,75.63,,5.31,1438.39794921875
2004-07-08,75.71,,5.31,1439.782958984375
2004-07-09,75.58,,5.31,1430.654052734375
2004-07-10,,,5.31,
2004-07-11,,,5.31,
2004-07-12,75.45,,5.31,1397.14794921875
2004-07-13,75.52,,5.31,1399.4610595703125
2004-07-14,75.61,,5.31,1403.7550048828125
2004-07-15,75.73,,5.31,1421.5439453125
2004-07-16,75.81,,5.31,1456.1300048828125
2004-07-17,,,5.31,
2004-07-18,,,5.31,
2004-07-19,75.47,,5.31,1457.5369873046875
2004-07-20,75.44,,5.31,1447.9410400390625
2004-07-21,75.32,,5.31,1448.0369873046875
2004-07-22,75.85,,5.31,1407.43798828125
2004-07-23,75.78,,5.31,1407.39599609375
2004-07-24,,,5.31,
2004-07-25,,,5.31,
2004-07-26,76.23,,5.31,1387.6700439453125
2004-07-27,76.28,,5.31,1384.1280517578125
2004-07-28,76.75,,5.31,1388.81005859375
2004-07-29,76.92,,5.31,1407.3310546875
2004-07-30,76.75,,5.31,1386.2020263671875
2004-07-31,,,5.31,
2004-08-01,,0.7000007476976969,5.31,
2004-08-02,76.75,,5.31,1373.217041015625
2004-08-03,76.49,,5.31,1366.3740234375
2004-08-04,76.63,,5.31,1404.5050048828125
2004-08-05,77.09,,5.31,1389.0389404296875
2004-08-06,76.69,,5.31,1390.4610595703125
2004-08-07,,,5.31,
2004-08-08,,,5.31,
2004-08-09,76.15,,5.31,1395.8480224609375
2004-08-10,76.18,,5.31,1400.76904296875
2004-08-11,76.28,,5.31,1384.9639892578125
2004-08-12,76.26,,5.31,1368.196044921875
2004-08-13,76.54,,5.31,1368.449951171875
2004-08-14,,,5.31,
2004-08-15,,,5.31,
2004-08-16,76.14,,5.31,1354.510986328125
2004-08-17,76.11,,5.31,1360.199951171875
2004-08-18,76.03,,5.31,1358.2159423828125
2004-08-19,75.83,,5.31,1340.449951171875
2004-08-20,75.94,,5.31,1341.738037109375
2004-08-21,,,5.31,
2004-08-22,,,5.31,
2004-08-23,75.78,,5.31,1325.4129638671875
2004-08-24,76.26,,5.31,1344.6259765625
2004-08-25,76.11,,5.31,1339.7840576171875
2004-08-26,76.5,,5.31,1334.4219970703125
2004-08-27,76.23,,5.31,1320.614013671875
2004-08-28,,,5.31,
2004-08-29,,,5.31,
2004-08-30,76.48,,5.31,1319.532958984375
2004-08-31,76.37,,5.31,1342.06201171875
2004-09-01,76.16,1.09999973659375,5.31,1321.4620361328125
2004-09-02,76.12,,5.31,1327.927001953125
2004-09-03,76.14,,5.31,1327.115966796875
2004-09-04,,,5.31,
2004-09-05,,,5.31,
2004-09-06,76.43,,5.31,1321.4649658203125
2004-09-07,76.36,,5.31,1324.2939453125
2004-09-08,76.42,,5.31,1309.3330078125
2004-09-09,76.14,,5.31,1284.3070068359375
2004-09-10,76.16,,5.31,1287.0810546875
2004-09-11,,,5.31,
2004-09-12,,,5.31,
2004-09-13,76.14,,5.31,1260.3160400390625
2004-09-14,76.05,,5.31,1300.3570556640625
2004-09-15,76.01,,5.31,1355.2259521484375
2004-09-16,76.08,,5.31,1371.2010498046875
2004-09-17,76.07,,5.31,1414.7020263671875
2004-09-18,,,5.31,
2004-09-19,,,5.31,
2004-09-20,76.17,,5.31,1463.220947265625
2004-09-21,75.85,,5.31,1448.56201171875
2004-09-22,76.08,,5.31,1420.14794921875
2004-09-23,76.01,,5.31,1464.779052734375
2004-09-24,76.0,,5.31,1435.56298828125
2004-09-25,,,5.31,
2004-09-26,,,5.31,
2004-09-27,76.17,,5.31,1427.39794921875
2004-09-28,76.07,,5.31,1435.5889892578125
2004-09-29,76.03,,5.31,1420.009033203125
2004-09-30,75.82,,5.31,1396.699951171875
2004-10-01,75.77,0.0,5.31,
2004-10-02,,,5.31,
2004-10-03,,,5.31,
2004-10-04,76.02,,5.31,
2004-10-05,75.98,,5.31,
2004-10-06,76.05,,5.31,
2004-10-07,76.09,,5.31,
2004-10-08,75.87,,5.31,1422.928955078125
2004-10-09,,,5.31,
2004-10-10,,,5.31,
2004-10-11,75.53,,5.31,1413.154052734375
2004-10-12,75.76,,5.31,1384.43896484375
2004-10-13,75.89,,5.31,1386.720947265625
2004-10-14,75.6,,5.31,1332.93798828125
2004-10-15,75.56,,5.31,1330.5179443359375
2004-10-16,,,5.31,
2004-10-17,,,5.31,
2004-10-18,75.48,,5.31,1335.39404296875
2004-10-19,75.32,,5.31,1337.6180419921875
2004-10-20,75.11,,5.31,1330.583984375
2004-10-21,74.96,,5.31,1310.5450439453125
2004-10-22,74.8,,5.31,1329.35498046875
2004-10-23,,,5.31,
2004-10-24,,,5.31,
2004-10-25,74.45,,5.31,1311.1510009765625
2004-10-26,74.47,,5.31,1324.782958984375
2004-10-27,74.39,,5.31,1342.7989501953125
2004-10-28,74.1,,5.31,1341.737060546875
2004-10-29,74.31,,5.58,1320.5360107421875
2004-10-30,,,5.58,
2004-10-31,,,5.58,
2004-11-01,74.33,-0.29999988294564,5.58,1305.291015625
2004-11-02,74.39,,5.58,1301.5279541015625
2004-11-03,74.3,,5.58,1326.7490234375
2004-11-04,74.03,,5.58,1304.7760009765625
2004-11-05,73.98,,5.58,1305.1280517578125
2004-11-06,,,5.58,
2004-11-07,,,5.58,
2004-11-08,73.74,,5.58,1304.22900390625
2004-11-09,73.76,,5.58,1307.428955078125
2004-11-10,73.76,,5.58,1354.385986328125
2004-11-11,73.99,,5.58,1347.0699462890625
2004-11-12,73.77,,5.58,1352.217041015625
2004-11-13,,,5.58,
2004-11-14,,,5.58,
2004-11-15,73.52,,5.58,1370.0460205078125
2004-11-16,73.45,,5.58,1370.3890380859375
2004-11-17,73.14,,5.58,1356.137939453125
2004-11-18,73.01,,5.58,1367.8280029296875
2004-11-19,72.98,,5.58,1379.9599609375
2004-11-20,,,5.58,
2004-11-21,,,5.58,
2004-11-22,72.84,,5.58,1383.02001953125
2004-11-23,72.74,,5.58,1371.2440185546875
2004-11-24,72.57,,5.58,1359.125
2004-11-25,72.35,,5.58,1358.3330078125
2004-11-26,72.29,,5.58,1356.72705078125
2004-11-27,,,5.58,
2004-11-28,,,5.58,
2004-11-29,72.3,,5.58,1337.4339599609375
2004-11-30,72.17,,5.58,1340.77099609375
2004-12-01,72.2,0.10000008805492,5.58,1334.9439697265625
2004-12-02,72.01,,5.58,1333.0899658203125
2004-12-03,72.17,,5.58,1337.197021484375
2004-12-04,,,5.58,
2004-12-05,,,5.58,
2004-12-06,71.76,,5.58,1339.64404296875
2004-12-07,71.82,,5.58,1323.751953125
2004-12-08,72.44,,5.58,1326.43798828125
2004-12-09,72.62,,5.58,1338.81005859375
2004-12-10,73.04,,5.58,1317.717041015625
2004-12-11,,,5.58,
2004-12-12,,,5.58,
2004-12-13,72.7,,5.58,1309.6949462890625
2004-12-14,72.59,,5.58,1307.552978515625
2004-12-15,72.77,,5.58,1313.0450439453125
2004-12-16,72.18,,5.58,1305.0179443359375
2004-12-17,72.55,,5.58,1290.489990234375
2004-12-18,,,5.58,
2004-12-19,,,5.58,
2004-12-20,72.34,,5.58,1275.458984375
2004-12-21,72.3,,5.58,1275.1700439453125
2004-12-22,72.29,,5.58,1307.5699462890625
2004-12-23,72.16,,5.58,1282.718994140625
2004-12-24,71.95,,5.58,1285.0360107421875
2004-12-25,,,5.58,
2004-12-26,,,5.58,
2004-12-27,71.99,,5.58,1280.27197265625
2004-12-28,71.67,,5.58,1278.9429931640625
2004-12-29,71.79,,5.58,1274.31298828125
2004-12-30,71.79,,5.58,1273.708984375
2004-12-31,71.53,,5.58,1266.4959716796875
2005-01-01,,0.5999998694683759,5.58,
2005-01-02,,,5.58,
2005-01-03,71.73,,5.58,
2005-01-04,72.11,,5.58,1242.7740478515625
2005-01-05,72.59,,5.58,1251.93701171875
2005-01-06,72.82,,5.58,1239.4300537109375
2005-01-07,72.67,,5.58,1244.7459716796875
2005-01-08,,,5.58,
2005-01-09,,,5.58,
2005-01-10,72.77,,5.58,1252.4010009765625
2005-01-11,72.58,,5.58,1257.4620361328125
2005-01-12,72.45,,5.58,1256.9229736328125
2005-01-13,72.13,,5.58,1256.31396484375
2005-01-14,72.43,,5.58,1245.6199951171875
2005-01-15,,,5.58,
2005-01-16,,,5.58,
2005-01-17,72.28,,5.58,1216.6519775390625
2005-01-18,72.43,,5.58,1225.4539794921875
2005-01-19,72.3,,5.58,1218.1080322265625
2005-01-20,72.65,,5.58,1204.39404296875
2005-01-21,72.75,,5.58,1234.4759521484375
2005-01-22,,,5.58,
2005-01-23,,,5.58,
2005-01-24,72.37,,5.58,1255.7769775390625
2005-01-25,72.53,,5.58,1254.2340087890625
2005-01-26,72.55,,5.58,1241.9580078125
2005-01-27,72.5,,5.58,1225.8909912109375
2005-01-28,72.43,,5.58,1213.6729736328125
2005-01-29,,,5.58,
2005-01-30,,,5.58,
2005-01-31,72.45,,5.58,1191.822998046875
2005-02-01,72.51,1.79999968407947,5.58,1188.9310302734375
2005-02-02,72.39,,5.58,1252.5
2005-02-03,72.52,,5.58,1242.3070068359375
2005-02-04,72.56,,5.58,1269.0040283203125
2005-02-05,,,5.58,
2005-02-06,,,5.58,
2005-02-07,72.76,,5.58,
2005-02-08,73.12,,5.58,
2005-02-09,73.18,,5.58,
2005-02-10,73.23,,5.58,
2005-02-11,73.0,,5.58,
2005-02-12,,,5.58,
2005-02-13,,,5.58,
2005-02-14,72.6,,5.58,
2005-02-15,72.51,,5.58,
2005-02-16,72.53,,5.58,1278.8800048828125
2005-02-17,72.59,,5.58,1276.134033203125
2005-02-18,72.51,,5.58,1258.968994140625
2005-02-19,,,5.58,
2005-02-20,,,5.58,
2005-02-21,72.48,,5.58,1284.47998046875
2005-02-22,71.94,,5.58,1309.2769775390625
2005-02-23,72.0,,5.58,1309.4749755859375
2005-02-24,71.94,,5.58,1309.948974609375
2005-02-25,72.17,,5.58,1312.4449462890625
2005-02-26,,,5.58,
2005-02-27,,,5.58,
2005-02-28,71.81,,5.58,1306.0030517578125
2005-03-01,71.86,-0.899999710908624,5.58,1303.4119873046875
2005-03-02,72.14,,5.58,1287.449951171875
2005-03-03,72.07,,5.58,1294.3389892578125
2005-03-04,72.24,,5.58,1287.7139892578125
2005-03-05,,,5.58,
2005-03-06,,,5.58,
2005-03-07,71.99,,5.58,1293.739013671875
2005-03-08,71.86,,5.58,1318.27099609375
2005-03-09,71.61,,5.58,1316.791015625
2005-03-10,71.51,,5.58,1286.2330322265625
2005-03-11,71.49,,5.58,1289.9410400390625
2005-03-12,,,5.58,
2005-03-13,,,5.58,
2005-03-14,71.7,,5.58,1293.5
2005-03-15,71.67,,5.58,1269.14404296875
2005-03-16,71.71,,5.58,1255.5889892578125
2005-03-17,71.76,,5.58,1243.4749755859375
2005-03-18,71.95,,5.58,1227.4029541015625
2005-03-19,,,5.58,
2005-03-20,,,5.58,
2005-03-21,72.22,,5.58,1231.0460205078125
2005-03-22,72.21,,5.58,1206.9219970703125
2005-03-23,72.5,,5.58,1201.6490478515625
2005-03-24,72.78,,5.58,1208.1920166015625
2005-03-25,72.78,,5.58,1205.634033203125
2005-03-26,,,5.58,
2005-03-27,,,5.58,
2005-03-28,72.78,,5.58,1200.113037109375
2005-03-29,73.09,,5.58,1195.0179443359375
2005-03-30,73.09,,5.58,1172.573974609375
2005-03-31,72.85,,5.58,1181.2359619140625
2005-04-01,72.86,-0.3000004893014069,5.58,1223.5660400390625
2005-04-02,,,5.58,
2005-04-03,,,5.58,
2005-04-04,73.16,,5.58,1202.967041015625
2005-04-05,73.37,,5.58,1191.7449951171875
2005-04-06,73.25,,5.58,1214.8680419921875
2005-04-07,73.06,,5.58,1225.487060546875
2005-04-08,73.33,,5.58,1248.52099609375
2005-04-09,,,5.58,
2005-04-10,,,5.58,
2005-04-11,72.92,,5.58,1240.9720458984375
2005-04-12,72.9,,5.58,1219.510986328125
2005-04-13,72.9,,5.58,1248.2030029296875
2005-04-14,73.25,,5.58,1234.33203125
2005-04-15,73.27,,5.58,1216.9620361328125
2005-04-16,,,5.58,
2005-04-17,,,5.58,
2005-04-18,73.07,,5.58,1197.7349853515625
2005-04-19,72.92,,5.58,1199.9019775390625
2005-04-20,72.67,,5.58,1184.1929931640625
2005-04-21,72.74,,5.58,1172.5560302734375
2005-04-22,72.51,,5.58,1169.18701171875
2005-04-23,,,5.58,
2005-04-24,,,5.58,
2005-04-25,72.59,,5.58,1157.970947265625
2005-04-26,72.58,,5.58,1165.3349609375
2005-04-27,72.77,,5.58,1148.7569580078125
2005-04-28,72.75,,5.58,1169.1180419921875
2005-04-29,72.5,,5.58,1159.14599609375
2005-04-30,,,5.58,
2005-05-01,,-0.200000117785702,5.58,
2005-05-02,72.7,,5.58,
2005-05-03,72.71,,5.58,
2005-05-04,72.37,,5.58,
2005-05-05,72.34,,5.58,
2005-05-06,72.38,,5.58,
2005-05-07,,,5.58,
2005-05-08,,,5.58,
2005-05-09,72.72,,5.58,1130.8349609375
2005-05-10,72.68,,5.58,1135.56103515625
2005-05-11,72.6,,5.58,1124.27099609375
2005-05-12,72.91,,5.58,1103.9930419921875
2005-05-13,73.26,,5.58,1107.626953125
2005-05-14,,,5.58,
2005-05-15,,,5.58,
2005-05-16,73.51,,5.58,1095.468017578125
2005-05-17,73.41,,5.58,1099.6400146484375
2005-05-18,73.43,,5.58,1102.9649658203125
2005-05-19,73.34,,5.58,1103.4749755859375
2005-05-20,73.48,,5.58,1099.26904296875
2005-05-21,,,5.58,
2005-05-22,,,5.58,
2005-05-23,73.62,,5.58,1070.843994140625
2005-05-24,73.39,,5.58,1073.8470458984375
2005-05-25,73.53,,5.58,1072.136962890625
2005-05-26,73.7,,5.58,1058.866943359375
2005-05-27,73.57,,5.58,1051.946044921875
2005-05-28,,,5.58,
2005-05-29,,,5.58,
2005-05-30,73.69,,5.58,1060.1619873046875
2005-05-31,73.97,,5.58,1060.738037109375
2005-06-01,74.25,-0.79999914574739,5.58,1039.18701171875
2005-06-02,74.12,,5.58,1016.06298828125
2005-06-03,73.96,,5.58,1013.6370239257812
2005-06-04,,,5.58,
2005-06-05,,,5.58,
2005-06-06,73.89,,5.58,1034.3780517578125
2005-06-07,73.75,,5.58,1030.9410400390625
2005-06-08,73.74,,5.58,1115.58203125
2005-06-09,73.98,,5.58,1131.052001953125
2005-06-10,74.01,,5.58,1108.2860107421875
2005-06-11,,,5.58,
2005-06-12,,,5.58,
2005-06-13,74.58,,5.58,1106.291015625
2005-06-14,74.51,,5.58,1093.4639892578125
2005-06-15,74.55,,5.58,1072.8360595703125
2005-06-16,74.38,,5.58,1086.010009765625
2005-06-17,74.21,,5.58,1085.6099853515625
2005-06-18,,,5.58,
2005-06-19,,,5.58,
2005-06-20,74.18,,5.58,1115.6199951171875
2005-06-21,74.47,,5.58,1101.4859619140625
2005-06-22,74.31,,5.58,1102.032958984375
2005-06-23,74.34,,5.58,1093.7020263671875
2005-06-24,74.43,,5.58,1101.8819580078125
2005-06-25,,,5.58,
2005-06-26,,,5.58,
2005-06-27,74.32,,5.58,1124.6400146484375
2005-06-28,74.59,,5.58,1108.5880126953125
2005-06-29,74.82,,5.58,1104.991943359375
2005-06-30,74.78,,5.58,1080.93798828125
2005-07-01,74.89,0.0,5.58,1055.593994140625
2005-07-02,,,5.58,
2005-07-03,,,5.58,
2005-07-04,75.38,,5.58,1047.2779541015625
2005-07-05,75.61,,5.58,1039.04296875
2005-07-06,75.52,,5.58,1033.5450439453125
2005-07-07,75.48,,5.58,1038.5970458984375
2005-07-08,75.7,,5.58,1017.9829711914062
2005-07-09,,,5.58,
2005-07-10,,,5.58,
2005-07-11,75.34,,5.58,1011.4990234375
2005-07-12,74.88,,5.58,1046.1610107421875
2005-07-13,74.86,,5.58,1037.39404296875
2005-07-14,75.1,,5.58,1040.416015625
2005-07-15,75.16,,5.58,1026.114990234375
2005-07-16,,,5.58,
2005-07-17,,,5.58,
2005-07-18,75.17,,5.58,1012.0969848632812
2005-07-19,75.47,,5.58,1014.35498046875
2005-07-20,75.33,,5.58,1021.052001953125
2005-07-21,76.26,,5.58,1020.6320190429688
2005-07-22,76.23,,5.58,1046.321044921875
2005-07-23,,,5.58,
2005-07-24,,,5.58,
2005-07-25,76.52,,5.58,1045.4000244140625
2005-07-26,76.81,,5.58,1072.8070068359375
2005-07-27,76.81,,5.58,1089.9090576171875
2005-07-28,76.62,,5.58,1086.5479736328125
2005-07-29,76.6,,5.58,1083.032958984375
2005-07-30,,,5.58,
2005-07-31,,,5.58,
2005-08-01,76.28,0.1999992257278269,5.58,1088.947998046875
2005-08-02,76.15,,5.58,1104.0379638671875
2005-08-03,75.9,,5.58,1107.698974609375
2005-08-04,75.92,,5.58,1102.5889892578125
2005-08-05,75.81,,5.58,1128.7430419921875
2005-08-06,,,5.58,
2005-08-07,,,5.58,
2005-08-08,75.81,,5.58,1138.8819580078125
2005-08-09,75.91,,5.58,1152.5340576171875
2005-08-10,75.71,,5.58,1165.032958984375
2005-08-11,75.63,,5.58,1183.5789794921875
2005-08-12,75.47,,5.58,1167.9150390625
2005-08-13,,,5.58,
2005-08-14,,,5.58,
2005-08-15,75.64,,5.58,1187.0059814453125
2005-08-16,75.71,,5.58,1177.2779541015625
2005-08-17,75.82,,5.58,1192.833984375
2005-08-18,76.08,,5.58,1148.0350341796875
2005-08-19,76.2,,5.58,1150.1839599609375
2005-08-20,,,5.58,
2005-08-21,,,5.58,
2005-08-22,75.96,,5.58,1158.5970458984375
2005-08-23,76.09,,5.58,1149.95703125
2005-08-24,76.25,,5.58,1167.136962890625
2005-08-25,76.08,,5.58,1172.4749755859375
2005-08-26,76.02,,5.58,1171.8599853515625
2005-08-27,,,5.58,
2005-08-28,,,5.58,
2005-08-29,76.25,,5.58,1154.427978515625
2005-08-30,76.62,,5.58,1146.385009765625
2005-08-31,76.57,,5.58,1162.7979736328125
2005-09-01,76.07,0.6999999557095488,5.58,1184.9329833984375
2005-09-02,75.6,,5.58,1188.8480224609375
2005-09-03,,,5.58,
2005-09-04,,,5.58,
2005-09-05,75.45,,5.58,1196.2239990234375
2005-09-06,75.68,,5.58,1173.322021484375
2005-09-07,75.78,,5.58,1194.3089599609375
2005-09-08,75.87,,5.58,1194.4110107421875
2005-09-09,75.79,,5.58,1189.625
2005-09-10,,,5.58,
2005-09-11,,,5.58,
2005-09-12,75.94,,5.58,1188.2120361328125
2005-09-13,76.16,,5.58,1207.1639404296875
2005-09-14,75.99,,5.58,1217.260986328125
2005-09-15,76.25,,5.58,1217.281005859375
2005-09-16,76.32,,5.58,1212.947021484375
2005-09-17,,,5.58,
2005-09-18,,,5.58,
2005-09-19,76.58,,5.58,1220.626953125
2005-09-20,76.5,,5.58,1212.616943359375
2005-09-21,76.35,,5.58,1187.988037109375
2005-09-22,76.39,,5.58,1159.9599609375
2005-09-23,76.65,,5.58,1151.97998046875
2005-09-24,,,5.58,
2005-09-25,,,5.58,
2005-09-26,76.96,,5.58,1155.0419921875
2005-09-27,77.14,,5.58,1133.237060546875
2005-09-28,77.05,,5.58,1131.7740478515625
2005-09-29,76.92,,5.58,1155.4849853515625
2005-09-30,77.03,,5.58,1155.614013671875
2005-10-01,,0.400000767355265,5.58,
2005-10-02,,,5.58,
2005-10-03,77.35,,5.58,
2005-10-04,77.34,,5.58,
2005-10-05,77.26,,5.58,
2005-10-06,77.13,,5.58,
2005-10-07,76.92,,5.58,
2005-10-08,,,5.58,
2005-10-09,,,5.58,
2005-10-10,77.13,,5.58,1138.949951171875
2005-10-11,77.27,,5.58,1157.1920166015625
2005-10-12,77.36,,5.58,1161.85302734375
2005-10-13,77.56,,5.58,1152.6070556640625
2005-10-14,77.51,,5.58,1139.5469970703125
2005-10-15,,,5.58,
2005-10-16,,,5.58,
2005-10-17,77.48,,5.58,1131.375
2005-10-18,77.77,,5.58,1141.2010498046875
2005-10-19,77.71,,5.58,1134.6080322265625
2005-10-20,77.71,,5.58,1135.948974609375
2005-10-21,77.61,,5.58,1141.3179931640625
2005-10-22,,,5.58,
2005-10-23,,,5.58,
2005-10-24,77.78,,5.58,1141.1710205078125
2005-10-25,77.59,,5.58,1121.91796875
2005-10-26,77.53,,5.58,1097.1610107421875
2005-10-27,77.33,,5.58,1097.781982421875
2005-10-28,77.35,,5.58,1080.866943359375
2005-10-29,,,5.58,
2005-10-30,,,5.58,
2005-10-31,77.59,,5.58,1092.8170166015625
2005-11-01,77.7,-0.300000033554552,5.58,1089.949951171875
2005-11-02,77.75,,5.58,1104.7919921875
2005-11-03,77.67,,5.58,1095.27294921875
2005-11-04,78.0,,5.58,1100.0450439453125
2005-11-05,,,5.58,
2005-11-06,,,5.58,
2005-11-07,78.21,,5.58,1100.6500244140625
2005-11-08,78.39,,5.58,1110.14697265625
2005-11-09,78.29,,5.58,1108.1529541015625
2005-11-10,78.28,,5.58,1088.301025390625
2005-11-11,78.39,,5.58,1090.1949462890625
2005-11-12,,,5.58,
2005-11-13,,,5.58,
2005-11-14,78.43,,5.58,1088.6529541015625
2005-11-15,78.57,,5.58,1087.508056640625
2005-11-16,78.62,,5.58,1095.8900146484375
2005-11-17,78.48,,5.58,1095.31005859375
2005-11-18,78.61,,5.58,1116.9990234375
2005-11-19,,,5.58,
2005-11-20,,,5.58,
2005-11-21,78.34,,5.58,1119.93603515625
2005-11-22,78.64,,5.58,1098.655029296875
2005-11-23,78.32,,5.58,1105.7459716796875
2005-11-24,78.31,,5.58,1113.3740234375
2005-11-25,78.43,,5.58,1114.916015625
2005-11-26,,,5.58,
2005-11-27,,,5.58,
2005-11-28,78.51,,5.58,1110.822998046875
2005-11-29,78.3,,5.58,1096.9859619140625
2005-11-30,78.37,,5.58,1099.260986328125
2005-12-01,78.49,0.3999995363017779,5.58,1098.7469482421875
2005-12-02,78.6,,5.58,1094.2869873046875
2005-12-03,,,5.58,
2005-12-04,,,5.58,
2005-12-05,78.41,,5.58,1079.197021484375
2005-12-06,78.39,,5.58,1087.7939453125
2005-12-07,78.53,,5.58,1099.614990234375
2005-12-08,78.4,,5.58,1098.322998046875
2005-12-09,78.35,,5.58,1113.47705078125
2005-12-10,,,5.58,
2005-12-11,,,5.58,
2005-12-12,78.08,,5.58,1116.366943359375
2005-12-13,78.04,,5.58,1117.845947265625
2005-12-14,77.56,,5.58,1125.386962890625
2005-12-15,77.35,,5.58,1123.5550537109375
2005-12-16,77.46,,5.58,1127.508056640625
2005-12-17,,,5.58,
2005-12-18,,,5.58,
2005-12-19,77.5,,5.58,1131.7509765625
2005-12-20,77.56,,5.58,1136.342041015625
2005-12-21,77.77,,5.58,1130.759033203125
2005-12-22,77.88,,5.58,1135.238037109375
2005-12-23,77.71,,5.58,1144.8709716796875
2005-12-24,,,5.58,
2005-12-25,,,5.58,
2005-12-26,77.71,,5.58,1156.822998046875
2005-12-27,77.78,,5.58,1154.2879638671875
2005-12-28,77.72,,5.58,1157.0340576171875
2005-12-29,77.93,,5.58,1169.862060546875
2005-12-30,77.87,,5.58,1161.0570068359375
2005-12-31,,,5.58,
2006-01-01,,1.30000014525954,5.58,
2006-01-02,77.9,,5.58,
2006-01-03,77.64,,5.58,
2006-01-04,76.95,,5.58,1180.9630126953125
2006-01-05,76.81,,5.58,1197.26904296875
2006-01-06,76.87,,5.58,1209.4219970703125
2006-01-07,,,5.58,
2006-01-08,,,5.58,
2006-01-09,76.47,,5.58,1215.66796875
2006-01-10,76.57,,5.58,1220.6180419921875
2006-01-11,76.51,,5.58,1211.052978515625
2006-01-12,76.26,,5.58,1226.7039794921875
2006-01-13,76.64,,5.58,1221.458984375
2006-01-14,,,5.58,
2006-01-15,,,5.58,
2006-01-16,76.52,,5.58,1202.8690185546875
2006-01-17,76.68,,5.58,1208.43798828125
2006-01-18,76.62,,5.58,1233.3499755859375
2006-01-19,76.69,,5.58,1251.5760498046875
2006-01-20,76.7,,5.58,1255.3079833984375
2006-01-21,,,5.58,
2006-01-22,,,5.58,
2006-01-23,76.14,,5.58,1255.7740478515625
2006-01-24,76.15,,5.58,1252.06201171875
2006-01-25,76.03,,5.58,1258.0460205078125
2006-01-26,76.24,,5.58,
2006-01-27,76.51,,5.58,
2006-01-28,,,5.58,
2006-01-29,,,5.58,
2006-01-30,76.75,,5.58,
2006-01-31,76.6,,5.58,
2006-02-01,76.64,0.499999494439322,5.58,
2006-02-02,76.88,,5.58,
2006-02-03,76.9,,5.58,
2006-02-04,,,5.58,
2006-02-05,,,5.58,
2006-02-06,77.05,,5.58,1287.6259765625
2006-02-07,77.04,,5.58,1282.095947265625
2006-02-08,77.27,,5.58,1290.0550537109375
2006-02-09,77.19,,5.58,1269.4539794921875
2006-02-10,77.02,,5.58,1282.656005859375
2006-02-11,,,5.58,
2006-02-12,,,5.58,
2006-02-13,77.38,,5.58,1279.6400146484375
2006-02-14,77.22,,5.58,1286.3270263671875
2006-02-15,77.25,,5.58,1299.166015625
2006-02-16,77.42,,5.58,1270.633056640625
2006-02-17,77.43,,5.58,1267.407958984375
2006-02-18,,,5.58,
2006-02-19,,,5.58,
2006-02-20,77.21,,5.58,1267.5419921875
2006-02-21,77.34,,5.58,1288.4189453125
2006-02-22,77.5,,5.58,1284.2259521484375
2006-02-23,77.03,,5.58,1288.8470458984375
2006-02-24,77.2,,5.58,1296.865966796875
2006-02-25,,,5.58,
2006-02-26,,,5.58,
2006-02-27,77.2,,5.58,1297.18603515625
2006-02-28,77.15,,5.58,1299.030029296875
2006-03-01,76.92,-0.8999995061008341,5.58,1306.5860595703125
2006-03-02,77.01,,5.58,1285.666015625
2006-03-03,76.92,,5.58,1293.2969970703125
2006-03-04,,,5.58,
2006-03-05,,,5.58,
2006-03-06,77.1,,5.58,1288.9549560546875
2006-03-07,77.41,,5.58,1259.916015625
2006-03-08,77.45,,5.58,1250.384033203125
2006-03-09,77.39,,5.58,1245.166015625
2006-03-10,77.48,,5.58,1245.6529541015625
2006-03-11,,,5.58,
2006-03-12,,,5.58,
2006-03-13,77.56,,5.58,1259.6739501953125
2006-03-14,77.41,,5.58,1259.0439453125
2006-03-15,77.17,,5.58,1274.81201171875
2006-03-16,77.19,,5.58,1274.18994140625
2006-03-17,76.82,,5.58,1269.4620361328125
2006-03-18,,,5.58,
2006-03-19,,,5.58,
2006-03-20,76.87,,5.58,1288.41796875
2006-03-21,77.04,,5.58,1290.39501953125
2006-03-22,77.27,,5.58,1296.7060546875
2006-03-23,77.27,,5.58,1302.45703125
2006-03-24,77.63,,5.58,1294.7039794921875
2006-03-25,,,5.58,
2006-03-26,,,5.58,
2006-03-27,77.36,,5.58,1295.9150390625
2006-03-28,77.36,,5.58,1298.791015625
2006-03-29,77.6,,5.58,1305.5670166015625
2006-03-30,77.33,,5.58,1294.718017578125
2006-03-31,77.39,,5.58,1298.2950439453125
2006-04-01,,0.199999900323085,5.58,
2006-04-02,,,5.58,
2006-04-03,77.51,,5.58,1319.470947265625
2006-04-04,77.05,,5.58,1329.7979736328125
2006-04-05,76.99,,5.58,1340.1619873046875
2006-04-06,76.85,,5.58,1339.737060546875
2006-04-07,77.06,,5.58,1342.9649658203125
2006-04-08,,,5.58,
2006-04-09,,,5.58,
2006-04-10,77.39,,5.58,1359.0810546875
2006-04-11,77.33,,5.58,1362.22900390625
2006-04-12,77.26,,5.58,1360.1319580078125
2006-04-13,77.26,,5.58,1332.3299560546875
2006-04-14,77.26,,5.58,1359.5379638671875
2006-04-15,,,5.58,
2006-04-16,,,5.58,
2006-04-17,77.26,,5.58,1378.614013671875
2006-04-18,76.91,,5.58,1385.114013671875
2006-04-19,76.51,,5.58,1396.7020263671875
2006-04-20,76.6,,5.58,1385.9000244140625
2006-04-21,76.54,,5.58,1416.79296875
2006-04-22,,,5.58,
2006-04-23,,,5.58,
2006-04-24,76.07,,5.58,1409.7860107421875
2006-04-25,75.98,,5.58,1399.7669677734375
2006-04-26,76.06,,5.58,1417.47705078125
2006-04-27,76.03,,5.58,1416.7320556640625
2006-04-28,75.72,,5.85,1440.2230224609375
2006-04-29,,,5.85,
2006-04-30,,,5.85,
2006-05-01,75.72,-0.1000002265886968,5.85,
2006-05-02,75.33,,5.85,
2006-05-03,75.25,,5.85,
2006-05-04,75.42,,5.85,
2006-05-05,75.23,,5.85,
2006-05-06,,,5.85,
2006-05-07,,,5.85,
2006-05-08,74.74,,5.85,1497.10400390625
2006-05-09,74.95,,5.85,1531.1610107421875
2006-05-10,74.64,,5.85,1545.68701171875
2006-05-11,74.88,,5.85,1537.376953125
2006-05-12,74.38,,5.85,1602.83203125
2006-05-13,,,5.85,
2006-05-14,,,5.85,
2006-05-15,75.02,,5.85,1664.0880126953125
2006-05-16,74.88,,5.85,1613.2509765625
2006-05-17,74.54,,5.85,1625.14599609375
2006-05-18,75.11,,5.85,1617.281005859375
2006-05-19,75.23,,5.85,1659.5450439453125
2006-05-20,,,5.85,
2006-05-21,,,5.85,
2006-05-22,75.45,,5.85,1657.68896484375
2006-05-23,75.08,,5.85,1604.552001953125
2006-05-24,75.24,,5.85,1590.9239501953125
2006-05-25,75.39,,5.85,1591.425048828125
2006-05-26,75.25,,5.85,1613.89404296875
2006-05-27,,,5.85,
2006-05-28,,,5.85,
2006-05-29,75.24,,5.85,1648.5379638671875
2006-05-30,75.11,,5.85,1657.2879638671875
2006-05-31,75.16,,5.85,1641.300048828125
2006-06-01,75.58,-0.5000000599309449,5.85,1684.1949462890625
2006-06-02,75.33,,5.85,1669.3990478515625
2006-06-03,,,5.85,
2006-06-04,,,5.85,
2006-06-05,75.03,,5.85,1684.6240234375
2006-06-06,75.33,,5.85,1679.1259765625
2006-06-07,75.57,,5.85,1589.5450439453125
2006-06-08,75.9,,5.85,1591.489990234375
2006-06-09,75.92,,5.85,1551.384033203125
2006-06-10,,,5.85,
2006-06-11,,,5.85,
2006-06-12,76.16,,5.85,1552.7979736328125
2006-06-13,76.42,,5.85,1548.4949951171875
2006-06-14,76.5,,5.85,1531.3270263671875
2006-06-15,76.38,,5.85,1533.97998046875
2006-06-16,76.29,,5.85,1574.467041015625
2006-06-17,,,5.85,
2006-06-18,,,5.85,
2006-06-19,76.53,,5.85,1586.2860107421875
2006-06-20,76.53,,5.85,1592.33203125
2006-06-21,76.44,,5.85,1598.115966796875
2006-06-22,76.62,,5.85,1596.0660400390625
2006-06-23,76.88,,5.85,1605.7110595703125
2006-06-24,,,5.85,
2006-06-25,,,5.85,
2006-06-26,76.76,,5.85,1633.448974609375
2006-06-27,76.8,,5.85,1639.551025390625
2006-06-28,76.74,,5.85,1639.2860107421875
2006-06-29,76.85,,5.85,1671.6180419921875
2006-06-30,76.16,,5.85,1672.2110595703125
2006-07-01,,-0.299999362466483,5.85,
2006-07-02,,,5.85,
2006-07-03,75.98,,5.85,1697.281982421875
2006-07-04,75.85,,5.85,1681.5469970703125
2006-07-05,75.94,,5.85,1718.5550537109375
2006-07-06,76.18,,5.85,1741.469970703125
2006-07-07,75.96,,5.85,1730.18994140625
2006-07-08,,,5.85,
2006-07-09,,,5.85,
2006-07-10,75.87,,5.85,1734.3289794921875
2006-07-11,76.0,,5.85,1745.8060302734375
2006-07-12,76.17,,5.85,1740.0
2006-07-13,76.25,,5.85,1655.77294921875
2006-07-14,76.4,,5.85,1665.2080078125
2006-07-15,,,5.85,
2006-07-16,,,5.85,
2006-07-17,76.79,,5.85,1682.886962890625
2006-07-18,76.75,,5.85,1684.251953125
2006-07-19,76.93,,5.85,1645.1600341796875
2006-07-20,76.5,,5.85,1655.1219482421875
2006-07-21,76.33,,5.85,1665.3280029296875
2006-07-22,,,5.85,
2006-07-23,,,5.85,
2006-07-24,76.6,,5.85,1665.9439697265625
2006-07-25,76.54,,5.85,1685.4610595703125
2006-07-26,76.65,,5.85,1686.654052734375
2006-07-27,76.25,,5.85,1675.16796875
2006-07-28,76.52,,5.85,1662.031005859375
2006-07-29,,,5.85,
2006-07-30,,,5.85,
2006-07-31,76.13,,5.85,1612.7330322265625
2006-08-01,76.24,0.299999584542172,5.85,1600.614013671875
2006-08-02,76.24,,5.85,1600.8719482421875
2006-08-03,76.22,,5.85,1601.0579833984375
2006-08-04,76.23,,5.85,1570.1500244140625
2006-08-05,,,5.85,
2006-08-06,,,5.85,
2006-08-07,76.09,,5.85,1547.43603515625
2006-08-08,76.06,,5.85,1580.5770263671875
2006-08-09,75.9,,5.85,1578.5660400390625
2006-08-10,75.91,,5.85,1606.06494140625
2006-08-11,76.17,,5.85,1605.926025390625
2006-08-12,,,5.85,
2006-08-13,,,5.85,
2006-08-14,76.39,,5.85,1570.738037109375
2006-08-15,76.18,,5.85,1595.656982421875
2006-08-16,76.1,,5.85,1616.4100341796875
2006-08-17,75.97,,5.85,1603.33203125
2006-08-18,76.14,,5.85,1598.0179443359375
2006-08-19,,,6.12,
2006-08-20,,,6.12,
2006-08-21,75.99,,6.12,1601.1500244140625
2006-08-22,76.28,,6.12,1613.35498046875
2006-08-23,76.21,,6.12,1612.39599609375
2006-08-24,76.23,,6.12,1623.0169677734375
2006-08-25,76.43,,6.12,1623.0340576171875
2006-08-26,,,6.12,
2006-08-27,,,6.12,
2006-08-28,76.44,,6.12,1650.43798828125
2006-08-29,76.39,,6.12,1651.0240478515625
2006-08-30,76.45,,6.12,1655.1949462890625
2006-08-31,76.45,,6.12,1658.637939453125
2006-09-01,76.51,0.500000347495961,6.12,1636.6910400390625
2006-09-02,,,6.12,
2006-09-03,,,6.12,
2006-09-04,76.4,,6.12,1657.52001953125
2006-09-05,76.33,,6.12,1664.0780029296875
2006-09-06,76.53,,6.12,1672.1209716796875
2006-09-07,76.67,,6.12,1661.18994140625
2006-09-08,76.67,,6.12,1667.9840087890625
2006-09-09,,,6.12,
2006-09-10,,,6.12,
2006-09-11,76.78,,6.12,1674.9659423828125
2006-09-12,76.9,,6.12,1695.862060546875
2006-09-13,76.92,,6.12,1689.3890380859375
2006-09-14,76.81,,6.12,1689.6920166015625
2006-09-15,76.92,,6.12,1721.0450439453125
2006-09-16,,,6.12,
2006-09-17,,,6.12,
2006-09-18,76.93,,6.12,1732.987060546875
2006-09-19,76.98,,6.12,1735.240966796875
2006-09-20,77.03,,6.12,1732.4530029296875
2006-09-21,76.84,,6.12,1740.9010009765625
2006-09-22,76.77,,6.12,1725.3609619140625
2006-09-23,,,6.12,
2006-09-24,,,6.12,
2006-09-25,76.83,,6.12,1722.365966796875
2006-09-26,77.05,,6.12,1712.636962890625
2006-09-27,77.23,,6.12,1725.0389404296875
2006-09-28,77.31,,6.12,1736.9630126953125
2006-09-29,77.39,,6.12,1752.4239501953125
2006-09-30,,,6.12,
2006-10-01,,0.0999995389771757,6.12,
2006-10-02,77.41,,6.12,
2006-10-03,77.19,,6.12,
2006-10-04,77.41,,6.12,
2006-10-05,77.25,,6.12,
2006-10-06,77.38,,6.12,
2006-10-07,,,6.12,
2006-10-08,,,6.12,
2006-10-09,77.78,,6.12,1785.385009765625
2006-10-10,77.81,,6.12,1784.862060546875
2006-10-11,77.77,,6.12,1790.10400390625
2006-10-12,77.76,,6.12,1778.1810302734375
2006-10-13,77.73,,6.12,1784.656005859375
2006-10-14,,,6.12,
2006-10-15,,,6.12,
2006-10-16,77.69,,6.12,1771.2989501953125
2006-10-17,77.61,,6.12,1763.9010009765625
2006-10-18,77.57,,6.12,1787.18505859375
2006-10-19,77.52,,6.12,1792.2530517578125
2006-10-20,77.41,,6.12,1790.364013671875
2006-10-21,,,6.12,
2006-10-22,,,6.12,
2006-10-23,77.7,,6.12,1759.39404296875
2006-10-24,77.75,,6.12,1805.1810302734375
2006-10-25,77.6,,6.12,1806.64599609375
2006-10-26,77.41,,6.12,1810.64599609375
2006-10-27,77.34,,6.12,1807.175048828125
2006-10-28,,,6.12,
2006-10-29,,,6.12,
2006-10-30,77.24,,6.12,1809.656005859375
2006-10-31,77.28,,6.12,1837.9930419921875
2006-11-01,77.09,0.3000001271151879,6.12,1855.7130126953125
2006-11-02,77.08,,6.12,1851.31396484375
2006-11-03,77.1,,6.12,1866.362060546875
2006-11-04,,,6.12,
2006-11-05,,,6.12,
2006-11-06,77.29,,6.12,1886.3070068359375
2006-11-07,77.12,,6.12,1889.530029296875
2006-11-08,77.15,,6.12,1866.8170166015625
2006-11-09,77.17,,6.12,1896.4820556640625
2006-11-10,76.97,,6.12,1883.3470458984375
2006-11-11,,,6.12,
2006-11-12,,,6.12,
2006-11-13,77.08,,6.12,1863.7650146484375
2006-11-14,77.08,,6.12,1888.239013671875
2006-11-15,77.23,,6.12,1922.93505859375
2006-11-16,77.12,,6.12,1941.5469970703125
2006-11-17,77.27,,6.12,1971.79296875
2006-11-18,,,6.12,
2006-11-19,,,6.12,
2006-11-20,77.07,,6.12,2017.279052734375
2006-11-21,77.12,,6.12,2037.552001953125
2006-11-22,76.9,,6.12,2041.35498046875
2006-11-23,76.71,,6.12,2062.362060546875
2006-11-24,76.55,,6.12,2050.81201171875
2006-11-25,,,6.12,
2006-11-26,,,6.12,
2006-11-27,76.59,,6.12,2047.2769775390625
2006-11-28,76.62,,6.12,2038.720947265625
2006-11-29,76.61,,6.12,2054.091064453125
2006-11-30,76.45,,6.12,2099.2890625
2006-12-01,76.31,1.3999999981632598,6.12,2102.049072265625
2006-12-02,,,6.12,
2006-12-03,,,6.12,
2006-12-04,76.25,,6.12,2161.64794921875
2006-12-05,76.05,,6.12,2173.284912109375
2006-12-06,76.14,,6.12,2156.60400390625
2006-12-07,76.04,,6.12,2156.75
2006-12-08,76.23,,6.12,2093.637939453125
2006-12-09,,,6.12,
2006-12-10,,,6.12,
2006-12-11,76.5,,6.12,2180.49609375
2006-12-12,76.35,,6.12,2218.950927734375
2006-12-13,76.36,,6.12,2223.455078125
2006-12-14,76.62,,6.12,2249.110107421875
2006-12-15,76.77,,6.12,2273.907958984375
2006-12-16,,,6.12,
2006-12-17,,,6.12,
2006-12-18,76.85,,6.12,2332.43408203125
2006-12-19,76.85,,6.12,2364.177001953125
2006-12-20,76.72,,6.12,2373.205078125
2006-12-21,76.79,,6.12,2342.93798828125
2006-12-22,76.8,,6.12,2343.66796875
2006-12-23,,,6.12,
2006-12-24,,,6.12,
2006-12-25,76.8,,6.12,2435.761962890625
2006-12-26,76.81,,6.12,2479.73193359375
2006-12-27,76.87,,6.12,2536.386962890625
2006-12-28,76.9,,6.12,2567.593994140625
2006-12-29,77.0,,6.12,2675.47412109375
2006-12-30,,,6.12,
2006-12-31,,,6.12,
2007-01-01,77.0,0.7000003731441679,6.12,
2007-01-02,76.75,,6.12,
2007-01-03,76.84,,6.12,
2007-01-04,77.11,,6.12,2715.718994140625
2007-01-05,77.15,,6.12,2641.333984375
2007-01-06,,,6.12,
2007-01-07,,,6.12,
2007-01-08,77.29,,6.12,2707.198974609375
2007-01-09,77.43,,6.12,2807.803955078125
2007-01-10,77.54,,6.12,2825.575927734375
2007-01-11,77.74,,6.12,2770.110107421875
2007-01-12,77.85,,6.12,2668.110107421875
2007-01-13,,,6.12,
2007-01-14,,,6.12,
2007-01-15,77.77,,6.12,2794.700927734375
2007-01-16,77.77,,6.12,2821.01708984375
2007-01-17,78.02,,6.12,2778.89990234375
2007-01-18,78.06,,6.12,2756.98291015625
2007-01-19,77.95,,6.12,2832.20703125
2007-01-20,,,6.12,
2007-01-21,,,6.12,
2007-01-22,78.06,,6.12,2933.18994140625
2007-01-23,77.8,,6.12,2949.14404296875
2007-01-24,77.94,,6.12,2975.12890625
2007-01-25,77.9,,6.12,2857.364990234375
2007-01-26,78.11,,6.12,2882.55810546875
2007-01-27,,,6.12,
2007-01-28,,,6.12,
2007-01-29,78.21,,6.12,2945.262939453125
2007-01-30,78.11,,6.12,2930.56201171875
2007-01-31,78.11,,6.12,2786.3349609375
2007-02-01,77.96,0.99999931646057,6.12,2785.431884765625
2007-02-02,78.07,,6.12,2673.2119140625
2007-02-03,,,6.12,
2007-02-04,,,6.12,
2007-02-05,78.1,,6.12,2612.537109375
2007-02-06,77.96,,6.12,2675.697021484375
2007-02-07,78.07,,6.12,2716.175048828125
2007-02-08,78.18,,6.12,2737.73193359375
2007-02-09,78.16,,6.12,2730.385986328125
2007-02-10,,,6.12,
2007-02-11,,,6.12,
2007-02-12,78.24,,6.12,2807.174072265625
2007-02-13,78.01,,6.12,2831.8720703125
2007-02-14,77.91,,6.12,2905.093017578125
2007-02-15,77.67,,6.12,2993.008056640625
2007-02-16,77.74,,6.12,2998.47412109375
2007-02-17,,,6.12,
2007-02-18,,,6.12,
2007-02-19,77.81,,6.12,
2007-02-20,77.82,,6.12,
2007-02-21,77.93,,6.12,
2007-02-22,78.02,,6.12,
2007-02-23,77.95,,6.12,
2007-02-24,,,6.12,
2007-02-25,,,6.12,
2007-02-26,77.73,,6.12,3040.59912109375
2007-02-27,77.64,,6.12,2771.791015625
2007-02-28,77.67,,6.12,2881.072998046875
2007-03-01,77.53,-0.29999955030301,6.12,2797.18994140625
2007-03-02,77.57,,6.12,2831.52587890625
2007-03-03,,,6.12,
2007-03-04,,,6.12,
2007-03-05,77.62,,6.12,2785.305908203125
2007-03-06,77.7,,6.12,2840.175048828125
2007-03-07,77.64,,6.12,2896.593994140625
2007-03-08,77.66,,6.12,2928.014892578125
2007-03-09,77.61,,6.12,2937.909912109375
2007-03-10,,,6.12,
2007-03-11,,,6.12,
2007-03-12,77.53,,6.12,2954.9140625
2007-03-13,77.45,,6.12,2964.7939453125
2007-03-14,77.62,,6.12,2906.333984375
2007-03-15,77.52,,6.12,2951.697998046875
2007-03-16,77.37,,6.12,2930.48095703125
2007-03-17,,,6.12,
2007-03-18,,,6.39,
2007-03-19,77.45,,6.39,3014.44189453125
2007-03-20,77.37,,6.39,3032.195068359375
2007-03-21,77.36,,6.39,3057.3798828125
2007-03-22,77.25,,6.39,3071.22509765625
2007-03-23,77.25,,6.39,3074.285888671875
2007-03-24,,,6.39,
2007-03-25,,,6.39,
2007-03-26,77.4,,6.39,3122.81103515625
2007-03-27,77.29,,6.39,3138.825927734375
2007-03-28,77.21,,6.39,3173.01806640625
2007-03-29,77.29,,6.39,3197.537109375
2007-03-30,77.36,,6.39,3183.98291015625
2007-03-31,,,6.39,
2007-04-01,,-0.100000051803764,6.39,
2007-04-02,77.17,,6.39,3252.594970703125
2007-04-03,77.3,,6.39,3291.299072265625
2007-04-04,77.28,,6.39,3291.5419921875
2007-04-05,77.3,,6.39,3319.139892578125
2007-04-06,77.3,,6.39,3323.5849609375
2007-04-07,,,6.39,
2007-04-08,,,6.39,
2007-04-09,77.29,,6.39,3398.949951171875
2007-04-10,77.14,,6.39,3444.291015625
2007-04-11,77.23,,6.39,3495.22412109375
2007-04-12,77.13,,6.39,3531.029052734375
2007-04-13,76.96,,6.39,3518.26708984375
2007-04-14,,,6.39,
2007-04-15,,,6.39,
2007-04-16,76.89,,6.39,3596.44091796875
2007-04-17,76.89,,6.39,3611.8701171875
2007-04-18,76.8,,6.39,3612.39599609375
2007-04-19,76.75,,6.39,3449.01611328125
2007-04-20,76.77,,6.39,3584.2041015625
2007-04-21,,,6.39,
2007-04-22,,,6.39,
2007-04-23,76.78,,6.39,3710.885986328125
2007-04-24,76.74,,6.39,3720.531982421875
2007-04-25,76.69,,6.39,3743.958984375
2007-04-26,76.78,,6.39,3783.06298828125
2007-04-27,76.85,,6.39,3759.866943359375
2007-04-28,,,6.39,
2007-04-29,,,6.39,
2007-04-30,77.09,,6.39,3841.27197265625
2007-05-01,77.09,0.300000050961567,6.39,
2007-05-02,77.16,,6.39,
2007-05-03,77.06,,6.39,
2007-05-04,77.15,,6.39,
2007-05-05,,,6.39,
2007-05-06,,,6.39,
2007-05-07,76.92,,6.39,
2007-05-08,77.07,,6.39,3950.010986328125
2007-05-09,77.17,,6.39,4013.0849609375
2007-05-10,77.24,,6.39,4049.700927734375
2007-05-11,77.49,,6.39,4021.677978515625
2007-05-12,,,6.39,
2007-05-13,,,6.39,
2007-05-14,77.36,,6.39,4046.39208984375
2007-05-15,77.32,,6.39,3899.177978515625
2007-05-16,77.29,,6.39,3986.04296875
2007-05-17,77.61,,6.39,4048.29296875
2007-05-18,77.72,,6.39,4030.258056640625
2007-05-19,,,6.57,
2007-05-20,,,6.57,
2007-05-21,77.76,,6.57,4072.22509765625
2007-05-22,77.83,,6.57,4110.37890625
2007-05-23,77.8,,6.57,4173.708984375
2007-05-24,77.87,,6.57,4151.1328125
2007-05-25,77.88,,6.57,4179.77587890625
2007-05-26,,,6.57,
2007-05-27,,,6.57,
2007-05-28,77.92,,6.57,4272.11083984375
2007-05-29,77.76,,6.57,4334.923828125
2007-05-30,77.97,,6.57,4053.087890625
2007-05-31,77.86,,6.57,4109.65380859375
2007-06-01,77.89,0.3999999001644979,6.57,4000.741943359375
2007-06-02,,,6.57,
2007-06-03,,,6.57,
2007-06-04,77.72,,6.57,3670.40087890625
2007-06-05,77.71,,6.57,3767.10107421875
2007-06-06,77.81,,6.57,3776.31689453125
2007-06-07,77.78,,6.57,3890.802978515625
2007-06-08,78.1,,6.57,3913.135009765625
2007-06-09,,,6.57,
2007-06-10,,,6.57,
2007-06-11,77.97,,6.57,3995.679931640625
2007-06-12,78.14,,6.57,4072.137939453125
2007-06-13,78.46,,6.57,4176.47900390625
2007-06-14,78.39,,6.57,4115.208984375
2007-06-15,78.57,,6.57,4132.8681640625
2007-06-16,,,6.57,
2007-06-17,,,6.57,
2007-06-18,78.29,,6.57,4253.34814453125
2007-06-19,78.42,,6.57,4269.52392578125
2007-06-20,78.32,,6.57,4181.3232421875
2007-06-21,78.39,,6.57,4230.8232421875
2007-06-22,78.32,,6.57,4091.445068359375
2007-06-23,,,6.57,
2007-06-24,,,6.57,
2007-06-25,78.27,,6.57,3941.0810546875
2007-06-26,78.29,,6.57,3973.37109375
2007-06-27,78.27,,6.57,4078.59912109375
2007-06-28,78.22,,6.57,3914.2041015625
2007-06-29,78.13,,6.57,3820.702880859375
2007-06-30,,,6.57,
2007-07-01,,0.899999650192138,6.57,
2007-07-02,77.98,,6.57,3836.2939453125
2007-07-03,78.01,,6.57,3899.72412109375
2007-07-04,77.97,,6.57,3816.1650390625
2007-07-05,77.89,,6.57,3615.8720703125
2007-07-06,78.03,,6.57,3781.347900390625
2007-07-07,,,6.57,
2007-07-08,,,6.57,
2007-07-09,77.95,,6.57,3883.216064453125
2007-07-10,78.03,,6.57,3853.02099609375
2007-07-11,77.96,,6.57,3865.722900390625
2007-07-12,77.89,,6.57,3915.990966796875
2007-07-13,77.82,,6.57,3914.39501953125
2007-07-14,,,6.57,
2007-07-15,,,6.57,
2007-07-16,77.76,,6.57,3821.916015625
2007-07-17,77.85,,6.57,3896.19091796875
2007-07-18,77.83,,6.57,3930.06005859375
2007-07-19,77.7,,6.57,3912.94091796875
2007-07-20,77.58,,6.57,4058.85302734375
2007-07-21,,,6.84,
2007-07-22,,,6.84,
2007-07-23,77.56,,6.84,4213.36083984375
2007-07-24,77.47,,6.84,4210.3291015625
2007-07-25,77.66,,6.84,4323.9658203125
2007-07-26,77.68,,6.84,4346.4580078125
2007-07-27,77.86,,6.84,4345.35693359375
2007-07-28,,,6.84,
2007-07-29,,,6.84,
2007-07-30,77.78,,6.84,4440.76904296875
2007-07-31,77.65,,6.84,4471.0322265625
2007-08-01,77.8,1.20000036956552,6.84,4300.56298828125
2007-08-02,77.78,,6.84,4407.72998046875
2007-08-03,77.75,,6.84,4560.77392578125
2007-08-04,,,6.84,
2007-08-05,,,6.84,
2007-08-06,77.54,,6.84,4628.10791015625
2007-08-07,77.59,,6.84,4651.22509765625
2007-08-08,77.59,,6.84,4663.162109375
2007-08-09,77.76,,6.84,4754.09521484375
2007-08-10,77.84,,6.84,4749.369140625
2007-08-11,,,6.84,
2007-08-12,,,6.84,
2007-08-13,77.81,,6.84,4820.06396484375
2007-08-14,78.04,,6.84,4872.78515625
2007-08-15,78.15,,6.84,4869.8828125
2007-08-16,78.1,,6.84,4765.4482421875
2007-08-17,78.02,,6.84,4656.57421875
2007-08-18,,,6.84,
2007-08-19,,,6.84,
2007-08-20,78.02,,6.84,4904.85498046875
2007-08-21,77.93,,6.84,4955.20703125
2007-08-22,77.85,,7.02,4980.0751953125
2007-08-23,77.92,,7.02,5032.494140625
2007-08-24,78.03,,7.02,5107.66796875
2007-08-25,,,7.02,
2007-08-26,,,7.02,
2007-08-27,77.98,,7.02,5150.1181640625
2007-08-28,77.99,,7.02,5194.68896484375
2007-08-29,78.13,,7.02,5109.4267578125
2007-08-30,78.3,,7.02,5167.8837890625
2007-08-31,78.08,,7.02,5218.8251953125
2007-09-01,,0.2999998374064848,7.02,
2007-09-02,,,7.02,
2007-09-03,78.15,,7.02,5321.05517578125
2007-09-04,78.19,,7.02,5294.044921875
2007-09-05,78.2,,7.02,5310.7158203125
2007-09-06,78.13,,7.02,5393.66015625
2007-09-07,78.04,,7.02,5277.17578125
2007-09-08,,,7.02,
2007-09-09,,,7.02,
2007-09-10,77.93,,7.02,5355.287109375
2007-09-11,77.83,,7.02,5113.9677734375
2007-09-12,77.68,,7.02,5172.626953125
2007-09-13,77.81,,7.02,5273.591796875
2007-09-14,77.82,,7.02,5312.18212890625
2007-09-15,,,7.29,
2007-09-16,,,7.29,
2007-09-17,77.75,,7.29,5421.39208984375
2007-09-18,77.85,,7.29,5425.2080078125
2007-09-19,77.63,,7.29,5395.26513671875
2007-09-20,77.34,,7.29,5470.06494140625
2007-09-21,77.45,,7.29,5454.673828125
2007-09-22,,,7.29,
2007-09-23,,,7.29,
2007-09-24,77.17,,7.29,5485.01318359375
2007-09-25,77.15,,7.29,5425.8798828125
2007-09-26,77.15,,7.29,5338.52001953125
2007-09-27,76.96,,7.29,5409.40283203125
2007-09-28,77.0,,7.29,5552.30078125
2007-09-29,,,7.29,
2007-09-30,,,7.29,
2007-10-01,76.91,0.3000006215554379,7.29,
2007-10-02,76.99,,7.29,
2007-10-03,76.99,,7.29,
2007-10-04,77.19,,7.29,
2007-10-05,77.06,,7.29,
2007-10-06,,,7.29,
2007-10-07,,,7.29,
2007-10-08,77.16,,7.29,5692.7548828125
2007-10-09,77.16,,7.29,5715.89208984375
2007-10-10,76.99,,7.29,5771.4638671875
2007-10-11,76.98,,7.29,5913.22998046875
2007-10-12,76.96,,7.29,5903.26416015625
2007-10-13,,,7.29,
2007-10-14,,,7.29,
2007-10-15,76.72,,7.29,6030.0859375
2007-10-16,76.92,,7.29,6092.05712890625
2007-10-17,76.89,,7.29,6036.28076171875
2007-10-18,76.61,,7.29,5825.2822265625
2007-10-19,76.58,,7.29,5818.046875
2007-10-20,,,7.29,
2007-10-21,,,7.29,
2007-10-22,76.73,,7.29,5667.33203125
2007-10-23,76.62,,7.29,5773.38720703125
2007-10-24,76.74,,7.29,5843.10888671875
2007-10-25,76.65,,7.29,5562.39404296875
2007-10-26,76.31,,7.29,5589.630859375
2007-10-27,,,7.29,
2007-10-28,,,7.29,
2007-10-29,76.5,,7.29,5747.9970703125
2007-10-30,76.5,,7.29,5897.19287109375
2007-10-31,76.51,,7.29,5954.76513671875
2007-11-01,76.63,0.6999993059746719,7.29,5914.28515625
2007-11-02,76.53,,7.29,5777.80908203125
2007-11-03,,,7.29,
2007-11-04,,,7.29,
2007-11-05,76.45,,7.29,5634.4521484375
2007-11-06,76.38,,7.29,5536.56884765625
2007-11-07,75.96,,7.29,5601.783203125
2007-11-08,76.36,,7.29,5330.02294921875
2007-11-09,76.25,,7.29,5315.5400390625
2007-11-10,,,7.29,
2007-11-11,,,7.29,
2007-11-12,76.39,,7.29,5187.73486328125
2007-11-13,76.26,,7.29,5158.1181640625
2007-11-14,76.23,,7.29,5412.69384765625
2007-11-15,76.43,,7.29,5365.26708984375
2007-11-16,76.4,,7.29,5316.27392578125
2007-11-17,,,7.29,
2007-11-18,,,7.29,
2007-11-19,76.35,,7.29,5269.81689453125
2007-11-20,76.28,,7.29,5293.703125
2007-11-21,76.3,,7.29,5214.22509765625
2007-11-22,76.28,,7.29,4984.1611328125
2007-11-23,76.26,,7.29,5032.1298828125
2007-11-24,,,7.29,
2007-11-25,,,7.29,
2007-11-26,76.32,,7.29,4958.84912109375
2007-11-27,76.43,,7.29,4861.11083984375
2007-11-28,76.7,,7.29,4803.39404296875
2007-11-29,76.8,,7.29,5003.3330078125
2007-11-30,76.54,,7.29,4871.77783203125
2007-12-01,,1.00000050638672,7.29,
2007-12-02,,,7.29,
2007-12-03,76.65,,7.29,4868.61083984375
2007-12-04,76.54,,7.29,4915.88916015625
2007-12-05,76.73,,7.29,5042.65380859375
2007-12-06,76.82,,7.29,5035.0732421875
2007-12-07,76.68,,7.29,5091.755859375
2007-12-08,,,7.29,
2007-12-09,,,7.29,
2007-12-10,76.69,,7.29,5161.9189453125
2007-12-11,76.94,,7.29,5175.076171875
2007-12-12,76.96,,7.29,5095.54296875
2007-12-13,77.09,,7.29,4958.04296875
2007-12-14,77.55,,7.29,5007.9111328125
2007-12-15,,,7.29,
2007-12-16,,,7.29,
2007-12-17,77.72,,7.29,4876.76123046875
2007-12-18,77.74,,7.29,4836.173828125
2007-12-19,77.86,,7.29,4941.7841796875
2007-12-20,78.04,,7.29,5043.53515625
2007-12-21,77.96,,7.47,5101.77880859375
2007-12-22,,,7.47,
2007-12-23,,,7.47,
2007-12-24,78.17,,7.47,5234.26220703125
2007-12-25,78.17,,7.47,5201.18115234375
2007-12-26,78.17,,7.47,5233.35107421875
2007-12-27,78.33,,7.47,5308.88916015625
2007-12-28,77.99,,7.47,5261.56298828125
2007-12-29,,,7.47,
2007-12-30,,,7.47,
2007-12-31,77.79,,7.47,
2008-01-01,77.79,1.1999997382663,7.47,
2008-01-02,77.95,,7.47,5272.81396484375
2008-01-03,77.77,,7.47,5319.86083984375
2008-01-04,77.81,,7.47,5361.57421875
2008-01-05,,,7.47,
2008-01-06,,,7.47,
2008-01-07,77.92,,7.47,5393.3427734375
2008-01-08,78.0,,7.47,5386.53076171875
2008-01-09,78.03,,7.47,5435.80712890625
2008-01-10,78.01,,7.47,5456.541015625
2008-01-11,77.81,,7.47,5484.6767578125
2008-01-12,,,7.47,
2008-01-13,,,7.47,
2008-01-14,77.59,,7.47,5497.90087890625
2008-01-15,77.6,,7.47,5443.791015625
2008-01-16,77.86,,7.47,5290.60595703125
2008-01-17,77.97,,7.47,5151.6259765625
2008-01-18,78.18,,7.47,5180.51416015625
2008-01-19,,,7.47,
2008-01-20,,,7.47,
2008-01-21,78.58,,7.47,4914.43505859375
2008-01-22,78.64,,7.47,4559.7509765625
2008-01-23,78.4,,7.47,4703.046875
2008-01-24,78.31,,7.47,4717.73388671875
2008-01-25,78.47,,7.47,4761.68798828125
2008-01-26,,,7.47,
2008-01-27,,,7.47,
2008-01-28,78.47,,7.47,4419.2939453125
2008-01-29,78.38,,7.47,4457.94384765625
2008-01-30,78.34,,7.47,4417.84912109375
2008-01-31,78.26,,7.47,4383.39306640625
2008-02-01,78.09,2.60000041481587,7.47,4320.76708984375
2008-02-02,,,7.47,
2008-02-03,,,7.47,
2008-02-04,78.22,,7.47,4672.169921875
2008-02-05,78.54,,7.47,4599.69580078125
2008-02-06,78.61,,7.47,
2008-02-07,78.66,,7.47,
2008-02-08,78.93,,7.47,
2008-02-09,,,7.47,
2008-02-10,,,7.47,
2008-02-11,78.87,,7.47,
2008-02-12,78.89,,7.47,
2008-02-13,78.6,,7.47,4490.72119140625
2008-02-14,78.66,,7.47,4552.31591796875
2008-02-15,78.6,,7.47,4497.126953125
2008-02-16,,,7.47,
2008-02-17,,,7.47,
2008-02-18,78.96,,7.47,4568.15087890625
2008-02-19,78.76,,7.47,4664.294921875
2008-02-20,79.19,,7.47,4567.02587890625
2008-02-21,79.02,,7.47,4527.1767578125
2008-02-22,78.66,,7.47,4370.28515625
2008-02-23,,,7.47,
2008-02-24,,,7.47,
2008-02-25,78.62,,7.47,4192.533203125
2008-02-26,78.38,,7.47,4238.17919921875
2008-02-27,77.92,,7.47,4334.046875
2008-02-28,78.06,,7.47,4299.51318359375
2008-02-29,77.93,,7.47,4348.54296875
2008-03-01,,-0.700000765231196,7.47,
2008-03-02,,,7.47,
2008-03-03,77.98,,7.47,4438.26513671875
2008-03-04,77.89,,7.47,4335.44580078125
2008-03-05,77.97,,7.47,4292.65380859375
2008-03-06,77.7,,7.47,4360.98583984375
2008-03-07,77.48,,7.47,4300.51513671875
2008-03-08,,,7.47,
2008-03-09,,,7.47,
2008-03-10,77.76,,7.47,4146.298828125
2008-03-11,77.77,,7.47,4165.8779296875
2008-03-12,77.55,,7.47,4070.115966796875
2008-03-13,77.37,,7.47,3971.257080078125
2008-03-14,77.56,,7.47,3962.673095703125
2008-03-15,,,7.47,
2008-03-16,,,7.47,
2008-03-17,77.17,,7.47,3820.048095703125
2008-03-18,77.16,,7.47,3668.89697265625
2008-03-19,77.62,,7.47,3761.60498046875
2008-03-20,78.27,,7.47,3804.053955078125
2008-03-21,78.27,,7.47,3796.575927734375
2008-03-22,,,7.47,
2008-03-23,,,7.47,
2008-03-24,78.28,,7.47,3626.18798828125
2008-03-25,77.93,,7.47,3629.618896484375
2008-03-26,77.82,,7.47,3606.85693359375
2008-03-27,78.0,,7.47,3411.492919921875
2008-03-28,78.11,,7.47,3580.14599609375
2008-03-29,,,7.47,
2008-03-30,,,7.47,
2008-03-31,78.07,,7.47,3472.712890625
2008-04-01,78.35,0.100000002472598,7.47,3329.162109375
2008-04-02,78.34,,7.47,3347.882080078125
2008-04-03,78.67,,7.47,3446.243896484375
2008-04-04,78.28,,7.47,
2008-04-05,,,7.47,
2008-04-06,,,7.47,
2008-04-07,78.48,,7.47,3599.617919921875
2008-04-08,78.53,,7.47,3612.5390625
2008-04-09,78.47,,7.47,3413.906982421875
2008-04-10,78.02,,7.47,3471.742919921875
2008-04-11,77.98,,7.47,3492.89306640625
2008-04-12,,,7.47,
2008-04-13,,,7.47,
2008-04-14,78.0,,7.47,3296.672119140625
2008-04-15,78.25,,7.47,3348.35302734375
2008-04-16,78.13,,7.47,3291.59912109375
2008-04-17,78.45,,7.47,3222.740966796875
2008-04-18,78.64,,7.47,3094.66796875
2008-04-19,,,7.47,
2008-04-20,,,7.47,
2008-04-21,78.32,,7.47,3116.97705078125
2008-04-22,78.38,,7.47,3147.79296875
2008-04-23,78.38,,7.47,3278.330078125
2008-04-24,78.56,,7.47,3583.028076171875
2008-04-25,78.82,,7.47,3557.7490234375
2008-04-26,,,7.47,
2008-04-27,,,7.47,
2008-04-28,78.88,,7.47,3474.721923828125
2008-04-29,79.15,,7.47,3523.405029296875
2008-04-30,79.31,,7.47,3693.10595703125
2008-05-01,79.3,-0.3999997464004609,7.47,
2008-05-02,79.42,,7.47,
2008-05-03,,,7.47,
2008-05-04,,,7.47,
2008-05-05,79.46,,7.47,3761.009033203125
2008-05-06,79.32,,7.47,3733.5029296875
2008-05-07,79.68,,7.47,3579.14697265625
2008-05-08,79.77,,7.47,3656.839111328125
2008-05-09,79.52,,7.47,3613.493896484375
2008-05-10,,,7.47,
2008-05-11,,,7.47,
2008-05-12,79.77,,7.47,3626.98193359375
2008-05-13,79.68,,7.47,3560.242919921875
2008-05-14,79.86,,7.47,3657.431884765625
2008-05-15,79.87,,7.47,3637.323974609375
2008-05-16,79.64,,7.47,3624.23291015625
2008-05-17,,,7.47,
2008-05-18,,,7.47,
2008-05-19,79.56,,7.47,3604.760986328125
2008-05-20,79.53,,7.47,3443.162109375
2008-05-21,79.36,,7.47,3544.18603515625
2008-05-22,79.56,,7.47,3485.6298828125
2008-05-23,79.65,,7.47,3473.091064453125
2008-05-24,,,7.47,
2008-05-25,,,7.47,
2008-05-26,79.71,,7.47,3364.5439453125
2008-05-27,79.61,,7.47,3375.406982421875
2008-05-28,79.86,,7.47,3459.02587890625
2008-05-29,80.1,,7.47,3401.43701171875
2008-05-30,80.1,,7.47,3433.35400390625
2008-05-31,,,7.47,
2008-06-01,,-0.199999963625995,7.47,
2008-06-02,80.05,,7.47,3459.0439453125
2008-06-03,79.96,,7.47,3436.39794921875
2008-06-04,80.08,,7.47,3369.9130859375
2008-06-05,80.39,,7.47,3351.64501953125
2008-06-06,80.37,,7.47,3329.669921875
2008-06-07,,,7.47,
2008-06-08,,,7.47,
2008-06-09,80.11,,7.47,
2008-06-10,80.59,,7.47,3072.3330078125
2008-06-11,80.77,,7.47,3024.239990234375
2008-06-12,81.21,,7.47,2957.531982421875
2008-06-13,81.54,,7.47,2868.800048828125
2008-06-14,,,7.47,
2008-06-15,,,7.47,
2008-06-16,81.28,,7.47,2874.10302734375
2008-06-17,81.17,,7.47,2794.7509765625
2008-06-18,81.3,,7.47,2941.114990234375
2008-06-19,81.29,,7.47,2748.8740234375
2008-06-20,81.01,,7.47,2831.736083984375
2008-06-21,,,7.47,
2008-06-22,,,7.47,
2008-06-23,81.38,,7.47,2760.4169921875
2008-06-24,81.34,,7.47,2803.01904296875
2008-06-25,81.33,,7.47,2905.013916015625
2008-06-26,81.05,,7.47,2901.85009765625
2008-06-27,80.95,,7.47,2748.431884765625
2008-06-28,,,7.47,
2008-06-29,,,7.47,
2008-06-30,80.99,,7.47,2736.10302734375
2008-07-01,81.05,0.1000003387904299,7.47,2651.60498046875
2008-07-02,81.08,,7.47,2651.72509765625
2008-07-03,80.98,,7.47,2703.529052734375
2008-07-04,81.21,,7.47,2669.89208984375
2008-07-05,,,7.47,
2008-07-06,,,7.47,
2008-07-07,81.21,,7.47,2792.39697265625
2008-07-08,81.22,,7.47,2814.947021484375
2008-07-09,80.9,,7.47,2920.5458984375
2008-07-10,81.04,,7.47,2875.449951171875
2008-07-11,80.88,,7.47,2856.634033203125
2008-07-12,,,7.47,
2008-07-13,,,7.47,
2008-07-14,80.73,,7.47,2878.256103515625
2008-07-15,80.53,,7.47,2779.447998046875
2008-07-16,80.72,,7.47,2705.866943359375
2008-07-17,80.79,,7.47,2684.778076171875
2008-07-18,81.05,,7.47,2778.366943359375
2008-07-19,,,7.47,
2008-07-20,,,7.47,
2008-07-21,80.83,,7.47,2861.41796875
2008-07-22,80.8,,7.47,2846.116943359375
2008-07-23,81.13,,7.47,2837.84912109375
2008-07-24,81.21,,7.47,2910.2919921875
2008-07-25,81.2,,7.47,2865.10107421875
2008-07-26,,,7.47,
2008-07-27,,,7.47,
2008-07-28,81.05,,7.47,2903.011962890625
2008-07-29,81.28,,7.47,2850.31103515625
2008-07-30,81.48,,7.47,2836.66796875
2008-07-31,81.43,,7.47,2775.717041015625
2008-08-01,81.34,-0.1000005668450189,7.47,2801.81689453125
2008-08-02,,,7.47,
2008-08-03,,,7.47,
2008-08-04,81.32,,7.47,2741.739990234375
2008-08-05,81.44,,7.47,2690.74609375
2008-08-06,81.63,,7.47,2719.367919921875
2008-08-07,81.64,,7.47,2727.576904296875
2008-08-08,82.66,,7.47,2605.718994140625
2008-08-09,,,7.47,
2008-08-10,,,7.47,
2008-08-11,82.83,,7.47,2470.073974609375
2008-08-12,83.03,,7.47,2457.197998046875
2008-08-13,83.03,,7.47,2446.297119140625
2008-08-14,83.12,,7.47,2437.08203125
2008-08-15,83.48,,7.47,2450.610107421875
2008-08-16,,,7.47,
2008-08-17,,,7.47,
2008-08-18,83.49,,7.47,2319.867919921875
2008-08-19,83.63,,7.47,2344.468994140625
2008-08-20,83.67,,7.47,2523.281982421875
2008-08-21,83.43,,7.47,2431.716064453125
2008-08-22,83.79,,7.47,2405.22607421875
2008-08-23,,,7.47,
2008-08-24,,,7.47,
2008-08-25,83.88,,7.47,2413.3740234375
2008-08-26,84.37,,7.47,2350.083984375
2008-08-27,83.97,,7.47,2342.14697265625
2008-08-28,84.16,,7.47,2350.14306640625
2008-08-29,84.16,,7.47,2397.368896484375
2008-08-30,,,7.47,
2008-08-31,,,7.47,
2008-09-01,84.66,0.0,7.47,2325.135009765625
2008-09-02,85.05,,7.47,2304.89111328125
2008-09-03,85.25,,7.47,2276.672119140625
2008-09-04,85.07,,7.47,2277.410888671875
2008-09-05,85.33,,7.47,2202.446044921875
2008-09-06,,,7.47,
2008-09-07,,,7.47,
2008-09-08,85.29,,7.47,2143.4208984375
2008-09-09,85.58,,7.47,2145.779052734375
2008-09-10,85.66,,7.47,2150.759033203125
2008-09-11,86.05,,7.47,2078.98095703125
2008-09-12,85.82,,7.47,2079.673095703125
2008-09-13,,,7.47,
2008-09-14,,,7.47,
2008-09-15,85.51,,7.47,
2008-09-16,85.35,,7.2,1986.635986328125
2008-09-17,85.5,,7.2,1929.0469970703125
2008-09-18,85.21,,7.2,1895.8370361328125
2008-09-19,85.73,,7.2,2075.091064453125
2008-09-20,,,7.2,
2008-09-21,,,7.2,
2008-09-22,84.9,,7.2,2236.409912109375
2008-09-23,84.77,,7.2,2201.510009765625
2008-09-24,84.9,,7.2,2216.81103515625
2008-09-25,85.0,,7.2,2297.5009765625
2008-09-26,84.79,,7.2,2293.783935546875
2008-09-27,,,7.2,
2008-09-28,,,7.2,
2008-09-29,85.64,,7.2,
2008-09-30,85.8,,7.2,
2008-10-01,86.25,-0.2999996603808688,7.2,
2008-10-02,86.78,,7.2,
2008-10-03,87.06,,7.2,
2008-10-04,,,7.2,
2008-10-05,,,7.2,
2008-10-06,87.82,,7.2,2173.738037109375
2008-10-07,88.45,,7.2,2157.839111328125
2008-10-08,88.92,,7.2,2092.22412109375
2008-10-09,88.64,,6.93,2074.5830078125
2008-10-10,88.68,,6.93,2000.572021484375
2008-10-11,,,6.93,
2008-10-12,,,6.93,
2008-10-13,88.11,,6.93,2073.568115234375
2008-10-14,87.34,,6.93,2017.321044921875
2008-10-15,88.11,,6.93,1994.6669921875
2008-10-16,89.37,,6.93,1909.9410400390625
2008-10-17,89.24,,6.93,1930.6510009765625
2008-10-18,,,6.93,
2008-10-19,,,6.93,
2008-10-20,89.31,,6.93,1974.0059814453125
2008-10-21,90.01,,6.93,1958.529052734375
2008-10-22,91.17,,6.93,1895.822021484375
2008-10-23,91.61,,6.93,1875.56103515625
2008-10-24,91.55,,6.93,1839.6209716796875
2008-10-25,,,6.93,
2008-10-26,,,6.93,
2008-10-27,91.55,,6.93,1723.3509521484375
2008-10-28,91.83,,6.93,1771.821044921875
2008-10-29,90.95,,6.93,1719.81201171875
2008-10-30,89.6,,6.66,1763.6070556640625
2008-10-31,90.37,,6.66,1728.7860107421875
2008-11-01,,-0.799999667667267,6.66,
2008-11-02,,,6.66,
2008-11-03,90.02,,6.66,1719.7740478515625
2008-11-04,90.07,,6.66,1706.7030029296875
2008-11-05,89.84,,6.66,1760.6090087890625
2008-11-06,90.55,,6.66,1717.7220458984375
2008-11-07,90.68,,6.66,1747.7130126953125
2008-11-08,,,6.66,
2008-11-09,,,6.66,
2008-11-10,90.39,,6.66,1874.801025390625
2008-11-11,90.94,,6.66,1843.6070556640625
2008-11-12,91.74,,6.66,1859.1099853515625
2008-11-13,91.9,,6.66,1927.613037109375
2008-11-14,91.79,,6.66,1986.43798828125
2008-11-15,,,6.66,
2008-11-16,,,6.66,
2008-11-17,91.92,,6.66,2030.4849853515625
2008-11-18,92.18,,6.66,1902.4300537109375
2008-11-19,92.34,,6.66,2017.4739990234375
2008-11-20,92.84,,6.66,1983.760009765625
2008-11-21,92.73,,6.66,1969.3890380859375
2008-11-22,,,6.66,
2008-11-23,,,6.66,
2008-11-24,92.33,,6.66,1897.06005859375
2008-11-25,92.39,,6.66,1888.7149658203125
2008-11-26,91.58,,6.66,1897.884033203125
2008-11-27,91.58,,5.58,1917.8609619140625
2008-11-28,91.88,,5.58,1871.156005859375
2008-11-29,,,5.58,
2008-11-30,,,5.58,
2008-12-01,91.52,-0.200000150755786,5.58,1894.614990234375
2008-12-02,91.25,,5.58,1889.637939453125
2008-12-03,91.44,,5.58,1965.4139404296875
2008-12-04,91.62,,5.58,2001.5040283203125
2008-12-05,91.49,,5.58,2018.656005859375
2008-12-06,,,5.58,
2008-12-07,,,5.58,
2008-12-08,90.95,,5.58,2090.77294921875
2008-12-09,90.83,,5.58,2037.739990234375
2008-12-10,90.51,,5.58,2079.116943359375
2008-12-11,89.6,,5.58,2031.6810302734375
2008-12-12,89.44,,5.58,1954.2149658203125
2008-12-13,,,5.58,
2008-12-14,,,5.58,
2008-12-15,89.07,,5.58,1964.3740234375
2008-12-16,88.55,,5.58,1975.0059814453125
2008-12-17,87.25,,5.58,1976.8189697265625
2008-12-18,86.12,,5.58,2015.6939697265625
2008-12-19,87.5,,5.58,2018.4630126953125
2008-12-20,,,5.58,
2008-12-21,,,5.58,
2008-12-22,87.61,,5.58,1987.7550048828125
2008-12-23,87.92,,5.31,1897.2249755859375
2008-12-24,87.82,,5.31,1863.800048828125
2008-12-25,87.82,,5.31,1852.4189453125
2008-12-26,87.82,,5.31,1851.5179443359375
2008-12-27,,,5.31,
2008-12-28,,,5.31,
2008-12-29,87.12,,5.31,1850.47998046875
2008-12-30,88.01,,5.31,1832.9100341796875
2008-12-31,88.32,,5.31,1820.8050537109375
2009-01-01,88.32,0.899999566128172,5.31,
2009-01-02,88.57,,5.31,
2009-01-03,,,5.31,
2009-01-04,,,5.31,
2009-01-05,89.23,,5.31,1880.7159423828125
2009-01-06,89.51,,5.31,1937.14501953125
2009-01-07,88.71,,5.31,1924.011962890625
2009-01-08,88.78,,5.31,1878.1810302734375
2009-01-09,88.66,,5.31,1904.8609619140625
2009-01-10,,,5.31,
2009-01-11,,,5.31,
2009-01-12,89.35,,5.31,1900.3470458984375
2009-01-13,89.78,,5.31,1863.366943359375
2009-01-14,89.82,,5.31,1928.8690185546875
2009-01-15,90.43,,5.31,1920.2060546875
2009-01-16,89.78,,5.31,1954.43798828125
2009-01-17,,,5.31,
2009-01-18,,,5.31,
2009-01-19,90.27,,5.31,1986.6719970703125
2009-01-20,91.12,,5.31,1994.1070556640625
2009-01-21,91.03,,5.31,1985.0159912109375
2009-01-22,90.62,,5.31,2004.9510498046875
2009-01-23,91.32,,5.31,1990.656982421875
2009-01-24,,,5.31,
2009-01-25,,,5.31,
2009-01-26,90.79,,5.31,
2009-01-27,90.35,,5.31,
2009-01-28,90.02,,5.31,
2009-01-29,90.5,,5.31,
2009-01-30,91.36,,5.31,
2009-01-31,,,5.31,
2009-02-01,,0.0,5.31,
2009-02-02,91.46,,5.31,2011.6829833984375
2009-02-03,91.37,,5.31,2060.80810546875
2009-02-04,91.39,,5.31,2107.7490234375
2009-02-05,91.26,,5.31,2098.01806640625
2009-02-06,91.53,,5.31,2181.239013671875
2009-02-07,,,5.31,
2009-02-08,,,5.31,
2009-02-09,90.99,,5.31,2224.714111328125
2009-02-10,91.13,,5.31,2265.160888671875
2009-02-11,91.33,,5.31,2260.820068359375
2009-02-12,91.66,,5.31,2248.091064453125
2009-02-13,91.72,,5.31,2320.7919921875
2009-02-14,,,5.31,
2009-02-15,,,5.31,
2009-02-16,92.28,,5.31,2389.386962890625
2009-02-17,92.94,,5.31,2319.44091796875
2009-02-18,93.26,,5.31,2209.862060546875
2009-02-19,93.06,,5.31,2227.125
2009-02-20,93.81,,5.31,2261.47802734375
2009-02-21,,,5.31,
2009-02-22,,,5.31,
2009-02-23,93.18,,5.31,2305.777099609375
2009-02-24,93.67,,5.31,2200.654052734375
2009-02-25,93.66,,5.31,2206.573974609375
2009-02-26,93.9,,5.31,2121.2509765625
2009-02-27,94.5,,5.31,2082.85205078125
2009-02-28,,,5.31,
2009-03-01,,-0.2999998777364278,5.31,
2009-03-02,94.96,,5.31,2093.447021484375
2009-03-03,94.92,,5.31,2071.430908203125
2009-03-04,95.08,,5.31,2198.10693359375
2009-03-05,95.24,,5.31,2221.075927734375
2009-03-06,94.54,,5.31,2193.007080078125
2009-03-07,,,5.31,
2009-03-08,,,5.31,
2009-03-09,95.25,,5.31,2118.748046875
2009-03-10,94.21,,5.31,2158.568115234375
2009-03-11,93.83,,5.31,2139.02490234375
2009-03-12,93.95,,5.31,2133.881103515625
2009-03-13,93.56,,5.31,2128.847900390625
2009-03-14,,,5.31,
2009-03-15,,,5.31,
2009-03-16,92.79,,5.31,2153.291015625
2009-03-17,93.06,,5.31,2218.325927734375
2009-03-18,92.56,,5.31,2223.72509765625
2009-03-19,90.57,,5.31,2265.759033203125
2009-03-20,91.1,,5.31,2281.0869140625
2009-03-21,,,5.31,
2009-03-22,,,5.31,
2009-03-23,91.0,,5.31,2325.47998046875
2009-03-24,91.27,,5.31,2338.419921875
2009-03-25,91.2,,5.31,2291.554931640625
2009-03-26,91.44,,5.31,2361.7041015625
2009-03-27,91.49,,5.31,2374.43798828125
2009-03-28,,,5.31,
2009-03-29,,,5.31,
2009-03-30,91.4,,5.31,2358.0400390625
2009-03-31,91.89,,5.31,2373.212890625
2009-04-01,91.89,-0.200000245262934,5.31,2408.01708984375
2009-04-02,91.12,,5.31,2425.291015625
2009-04-03,91.0,,5.31,2419.778076171875
2009-04-04,,,5.31,
2009-04-05,,,5.31,
2009-04-06,90.67,,5.31,
2009-04-07,91.32,,5.31,2439.181884765625
2009-04-08,91.51,,5.31,2347.385009765625
2009-04-09,91.22,,5.31,2379.8759765625
2009-04-10,91.22,,5.31,2444.22607421875
2009-04-11,,,5.31,
2009-04-12,,,5.31,
2009-04-13,91.22,,5.31,2513.700927734375
2009-04-14,90.89,,5.31,2527.180908203125
2009-04-15,91.19,,5.31,2536.055908203125
2009-04-16,91.0,,5.31,2534.134033203125
2009-04-17,91.33,,5.31,2503.93505859375
2009-04-18,,,5.31,
2009-04-19,,,5.31,
2009-04-20,91.69,,5.31,2557.4560546875
2009-04-21,91.92,,5.31,2535.827880859375
2009-04-22,91.82,,5.31,2461.345947265625
2009-04-23,91.56,,5.31,2463.9541015625
2009-04-24,90.85,,5.31,2448.594970703125
2009-04-25,,,5.31,
2009-04-26,,,5.31,
2009-04-27,91.18,,5.31,2405.347900390625
2009-04-28,91.61,,5.31,2401.43798828125
2009-04-29,90.76,,5.31,2468.19189453125
2009-04-30,90.42,,5.31,2477.569091796875
2009-05-01,90.42,-0.2999993062034329,5.31,
2009-05-02,,,5.31,
2009-05-03,,,5.31,
2009-05-04,90.56,,5.31,2559.910888671875
2009-05-05,89.9,,5.31,2567.3369140625
2009-05-06,90.12,,5.31,2592.52001953125
2009-05-07,89.78,,5.31,2597.447021484375
2009-05-08,89.58,,5.31,2625.64501953125
2009-05-09,,,5.31,
2009-05-10,,,5.31,
2009-05-11,89.0,,5.31,2579.7470703125
2009-05-12,88.71,,5.31,2618.172119140625
2009-05-13,88.79,,5.31,2663.76611328125
2009-05-14,89.08,,5.31,2639.886962890625
2009-05-15,88.97,,5.31,2645.262939453125
2009-05-16,,,5.31,
2009-05-17,,,5.31,
2009-05-18,88.99,,5.31,2652.779052734375
2009-05-19,88.53,,5.31,2676.681884765625
2009-05-20,88.28,,5.31,2651.4140625
2009-05-21,88.03,,5.31,2610.6220703125
2009-05-22,87.37,,5.31,2597.60107421875
2009-05-23,,,5.31,
2009-05-24,,,5.31,
2009-05-25,87.47,,5.31,2610.010009765625
2009-05-26,87.74,,5.31,2588.574951171875
2009-05-27,87.81,,5.31,2632.929931640625
2009-05-28,88.09,,5.31,
2009-05-29,87.3,,5.31,
2009-05-30,,,5.31,
2009-05-31,,,5.31,
2009-06-01,86.71,-0.500000352134187,5.31,2721.280029296875
2009-06-02,86.71,,5.31,2724.302001953125
2009-06-03,86.83,,5.31,2778.589111328125
2009-06-04,87.38,,5.31,2767.243896484375
2009-06-05,87.23,,5.31,2753.89111328125
2009-06-06,,,5.31,
2009-06-07,,,5.31,
2009-06-08,88.18,,5.31,2768.3359375
2009-06-09,87.92,,5.31,2787.886962890625
2009-06-10,87.48,,5.31,2816.2470703125
2009-06-11,87.85,,5.31,2797.320068359375
2009-06-12,87.7,,5.31,2743.761962890625
2009-06-13,,,5.31,
2009-06-14,,,5.31,
2009-06-15,88.14,,5.31,2789.549072265625
2009-06-16,87.82,,5.31,2776.02197265625
2009-06-17,87.94,,5.31,2810.123046875
2009-06-18,87.84,,5.31,2853.903076171875
2009-06-19,87.79,,5.31,2880.491943359375
2009-06-20,,,5.31,
2009-06-21,,,5.31,
2009-06-22,88.0,,5.31,2896.302001953125
2009-06-23,87.88,,5.31,2892.697021484375
2009-06-24,87.63,,5.31,2922.299072265625
2009-06-25,88.0,,5.31,2925.0458984375
2009-06-26,87.4,,5.31,2928.2109375
2009-06-27,,,5.31,
2009-06-28,,,5.31,
2009-06-29,87.49,,5.31,2975.31396484375
2009-06-30,87.29,,5.31,2959.362060546875
2009-07-01,87.48,0.0,5.31,3008.14990234375
2009-07-02,87.59,,5.31,3060.25390625
2009-07-03,87.55,,5.31,3088.366943359375
2009-07-04,,,5.31,
2009-07-05,,,5.31,
2009-07-06,87.83,,5.31,3124.6669921875
2009-07-07,87.58,,5.31,3089.449951171875
2009-07-08,87.87,,5.31,3080.77392578125
2009-07-09,87.46,,5.31,3123.034912109375
2009-07-10,87.7,,5.31,3113.931884765625
2009-07-11,,,5.31,
2009-07-12,,,5.31,
2009-07-13,87.82,,5.31,3080.555908203125
2009-07-14,87.63,,5.31,3145.156982421875
2009-07-15,87.21,,5.31,3188.551025390625
2009-07-16,87.13,,5.31,3183.741943359375
2009-07-17,87.19,,5.31,3189.740966796875
2009-07-18,,,5.31,
2009-07-19,,,5.31,
2009-07-20,86.7,,5.31,3266.919921875
2009-07-21,86.65,,5.31,3213.2060546875
2009-07-22,86.64,,5.31,3296.614990234375
2009-07-23,86.6,,5.31,3328.489990234375
2009-07-24,86.61,,5.31,3372.60302734375
2009-07-25,,,5.31,
2009-07-26,,,5.31,
2009-07-27,86.46,,5.31,3435.2119140625
2009-07-28,86.42,,5.31,3438.37109375
2009-07-29,86.84,,5.31,3266.431884765625
2009-07-30,86.89,,5.31,3321.56005859375
2009-07-31,86.65,,5.31,3412.06201171875
2009-08-01,,0.5000000337051239,5.31,
2009-08-02,,,5.31,
2009-08-03,86.09,,5.31,3462.590087890625
2009-08-04,85.91,,5.31,3471.44189453125
2009-08-05,85.96,,5.31,3428.5009765625
2009-08-06,86.12,,5.31,3356.330078125
2009-08-07,86.22,,5.31,3260.68994140625
2009-08-08,,,5.31,
2009-08-09,,,5.31,
2009-08-10,86.63,,5.31,3249.760009765625
2009-08-11,86.87,,5.31,3264.72607421875
2009-08-12,86.89,,5.31,3112.718994140625
2009-08-13,86.4,,5.31,3140.56005859375
2009-08-14,86.27,,5.31,3046.971923828125
2009-08-15,,,5.31,
2009-08-16,,,5.31,
2009-08-17,86.99,,5.31,2870.6298828125
2009-08-18,86.92,,5.31,2910.884033203125
2009-08-19,86.84,,5.31,2785.583984375
2009-08-20,86.47,,5.31,2911.58203125
2009-08-21,86.16,,5.31,2960.77099609375
2009-08-22,,,5.31,
2009-08-23,,,5.31,
2009-08-24,86.22,,5.31,2993.428955078125
2009-08-25,86.24,,5.31,2915.802978515625
2009-08-26,86.44,,5.31,2967.594970703125
2009-08-27,86.43,,5.31,2946.39501953125
2009-08-28,86.21,,5.31,2860.68798828125
2009-08-29,,,5.31,
2009-08-30,,,5.31,
2009-08-31,86.46,,5.31,2667.7451171875
2009-09-01,86.31,0.3999893223539578,5.31,2683.72412109375
2009-09-02,86.54,,5.31,2714.97412109375
2009-09-03,86.18,,5.31,2845.02392578125
2009-09-04,86.31,,5.31,2861.60888671875
2009-09-05,,,5.31,
2009-09-06,,,5.31,
2009-09-07,86.06,,5.31,2881.115966796875
2009-09-08,85.6,,5.31,2930.47509765625
2009-09-09,85.52,,5.31,2946.259033203125
2009-09-10,85.45,,5.31,2924.883056640625
2009-09-11,85.1,,5.31,2989.7919921875
2009-09-12,,,5.31,
2009-09-13,,,5.31,
2009-09-14,85.26,,5.31,3026.740966796875
2009-09-15,85.15,,5.31,3033.72802734375
2009-09-16,84.73,,5.31,2999.7099609375
2009-09-17,84.7,,5.31,3060.260009765625
2009-09-18,84.76,,5.31,2962.6669921875
2009-09-19,,,5.31,
2009-09-20,,,5.31,
2009-09-21,85.06,,5.31,2967.010986328125
2009-09-22,84.62,,5.31,2897.552978515625
2009-09-23,84.52,,5.31,2842.720947265625
2009-09-24,84.46,,5.31,2853.553955078125
2009-09-25,84.65,,5.31,2838.842041015625
2009-09-26,,,5.31,
2009-09-27,,,5.31,
2009-09-28,84.67,,5.31,2763.52490234375
2009-09-29,84.8,,5.31,2754.5400390625
2009-09-30,84.38,,5.31,2779.426025390625
2009-10-01,84.7,-0.0975391409206854,5.31,
2009-10-02,84.73,,5.31,
2009-10-03,,,5.31,
2009-10-04,,,5.31,
2009-10-05,84.53,,5.31,
2009-10-06,84.06,,5.31,
2009-10-07,84.07,,5.31,
2009-10-08,83.73,,5.31,
2009-10-09,83.82,,5.31,2911.715087890625
2009-10-10,,,5.31,
2009-10-11,,,5.31,
2009-10-12,84.04,,5.31,2894.48291015625
2009-10-13,83.73,,5.31,2936.19091796875
2009-10-14,83.57,,5.31,2970.531982421875
2009-10-15,83.58,,5.31,2979.7880859375
2009-10-16,83.85,,5.31,2976.633056640625
2009-10-17,,,5.31,
2009-10-18,,,5.31,
2009-10-19,83.72,,5.31,3038.27294921875
2009-10-20,83.47,,5.31,3084.4541015625
2009-10-21,83.82,,5.31,3070.589111328125
2009-10-22,83.78,,5.31,3051.412109375
2009-10-23,83.76,,5.31,3107.846923828125
2009-10-24,,,5.31,
2009-10-25,,,5.31,
2009-10-26,83.79,,5.31,3109.56591796875
2009-10-27,84.2,,5.31,3021.458984375
2009-10-28,84.4,,5.31,3031.3291015625
2009-10-29,84.4,,5.31,2960.466064453125
2009-10-30,84.2,,5.31,2995.847900390625
2009-10-31,,,5.31,
2009-11-01,,0.3009278609044599,5.31,
2009-11-02,84.23,,5.31,3076.64892578125
2009-11-03,84.51,,5.31,3114.22705078125
2009-11-04,84.28,,5.31,3128.537109375
2009-11-05,83.97,,5.31,3155.052978515625
2009-11-06,83.9,,5.31,3164.037109375
2009-11-07,,,5.31,
2009-11-08,,,5.31,
2009-11-09,83.43,,5.31,3175.5849609375
2009-11-10,83.46,,5.31,3178.610107421875
2009-11-11,83.19,,5.31,3175.19189453125
2009-11-12,83.48,,5.31,3172.945068359375
2009-11-13,83.48,,5.31,3187.64697265625
2009-11-14,,,5.31,
2009-11-15,,,5.31,
2009-11-16,83.16,,5.31,3275.048095703125
2009-11-17,83.28,,5.31,3282.888916015625
2009-11-18,83.07,,5.31,3303.23388671875
2009-11-19,83.41,,5.31,3320.612060546875
2009-11-20,83.59,,5.31,3308.345947265625
2009-11-21,,,5.31,
2009-11-22,,,5.31,
2009-11-23,83.16,,5.31,3338.6630859375
2009-11-24,83.12,,5.31,3223.52587890625
2009-11-25,82.72,,5.31,3290.1650390625
2009-11-26,82.77,,5.31,3170.97900390625
2009-11-27,83.22,,5.31,3096.264892578125
2009-11-28,,,5.31,
2009-11-29,,,5.31,
2009-11-30,82.88,,5.31,3195.301025390625
2009-12-01,82.77,1.00008334027836,5.31,3235.363037109375
2009-12-02,82.68,,5.31,3269.7509765625
2009-12-03,82.72,,5.31,3264.6279296875
2009-12-04,82.83,,5.31,3317.0439453125
2009-12-05,,,5.31,
2009-12-06,,,5.31,
2009-12-07,83.69,,5.31,3331.89697265625
2009-12-08,83.58,,5.31,3296.6640625
2009-12-09,83.58,,5.31,3239.568115234375
2009-12-10,83.67,,5.31,3254.263916015625
2009-12-11,83.65,,5.31,3247.318115234375
2009-12-12,,,5.31,
2009-12-13,,,5.31,
2009-12-14,83.77,,5.31,3302.904052734375
2009-12-15,84.16,,5.31,3274.4599609375
2009-12-16,84.15,,5.31,3255.212890625
2009-12-17,84.78,,5.31,3179.077880859375
2009-12-18,84.83,,5.31,3113.885986328125
2009-12-19,,,5.31,
2009-12-20,,,5.31,
2009-12-21,84.81,,5.31,3122.972900390625
2009-12-22,85.14,,5.31,3050.52001953125
2009-12-23,85.15,,5.31,3073.777099609375
2009-12-24,84.79,,5.31,3153.409912109375
2009-12-25,84.79,,5.31,3141.35302734375
2009-12-26,,,5.31,
2009-12-27,,,5.31,
2009-12-28,84.68,,5.31,3188.784912109375
2009-12-29,84.69,,5.31,3211.760009765625
2009-12-30,84.96,,5.31,3262.60009765625
2009-12-31,84.69,,5.31,3277.138916015625
2010-01-01,84.69,0.594108424787533,5.31,
2010-01-02,,,5.31,
2010-01-03,,,5.31,
2010-01-04,84.63,,5.31,3243.760009765625
2010-01-05,84.21,,5.31,3282.178955078125
2010-01-06,84.44,,5.31,3254.215087890625
2010-01-07,84.62,,5.31,3192.77587890625
2010-01-08,84.64,,5.31,3195.9970703125
2010-01-09,,,5.31,
2010-01-10,,,5.31,
2010-01-11,83.81,,5.31,3212.75
2010-01-12,83.87,,5.31,3273.966064453125
2010-01-13,83.7,,5.31,3172.657958984375
2010-01-14,83.83,,5.31,3215.550048828125
2010-01-15,83.9,,5.31,3224.152099609375
2010-01-16,,,5.31,
2010-01-17,,,5.31,
2010-01-18,83.85,,5.31,3237.097900390625
2010-01-19,84.09,,5.31,3246.8740234375
2010-01-20,84.51,,5.31,3151.85009765625
2010-01-21,84.79,,5.31,3158.863037109375
2010-01-22,84.67,,5.31,3128.587890625
2010-01-23,,,5.31,
2010-01-24,,,5.31,
2010-01-25,84.66,,5.31,3094.410888671875
2010-01-26,84.85,,5.31,3019.39404296875
2010-01-27,84.83,,5.31,2986.60693359375
2010-01-28,84.97,,5.31,2994.14306640625
2010-01-29,85.17,,5.31,2989.2919921875
2010-01-30,,,5.31,
2010-01-31,,,5.31,
2010-02-01,85.36,1.20580756295627,5.31,2941.360107421875
2010-02-02,85.2,,5.31,2934.712890625
2010-02-03,85.0,,5.31,3003.8349609375
2010-02-04,85.4,,5.31,2995.30810546875
2010-02-05,85.84,,5.31,2939.402099609375
2010-02-06,,,5.31,
2010-02-07,,,5.31,
2010-02-08,85.84,,5.31,2935.174072265625
2010-02-09,85.61,,5.31,2948.842041015625
2010-02-10,85.51,,5.31,2982.5
2010-02-11,85.41,,5.31,2985.4990234375
2010-02-12,85.71,,5.31,3018.133056640625
2010-02-13,,,5.31,
2010-02-14,,,5.31,
2010-02-15,85.6,,5.31,
2010-02-16,85.45,,5.31,
2010-02-17,85.29,,5.31,
2010-02-18,85.69,,5.31,
2010-02-19,86.05,,5.31,
2010-02-20,,,5.31,
2010-02-21,,,5.31,
2010-02-22,85.67,,5.31,3003.39794921875
2010-02-23,85.7,,5.31,2982.574951171875
2010-02-24,85.76,,5.31,3022.177001953125
2010-02-25,85.87,,5.31,3060.617919921875
2010-02-26,85.64,,5.31,3051.943115234375
2010-02-27,,,5.31,
2010-02-28,,,5.31,
2010-03-01,85.68,-0.7051385962068359,5.31,3087.842041015625
2010-03-02,85.46,,5.31,3073.10791015625
2010-03-03,85.2,,5.31,3097.0048828125
2010-03-04,85.06,,5.31,3023.373046875
2010-03-05,85.3,,5.31,3031.06494140625
2010-03-06,,,5.31,
2010-03-07,,,5.31,
2010-03-08,85.13,,5.31,3053.23193359375
2010-03-09,85.33,,5.31,3069.14111328125
2010-03-10,85.24,,5.31,3048.927001953125
2010-03-11,85.19,,5.31,3051.281982421875
2010-03-12,84.88,,5.31,3013.412109375
2010-03-13,,,5.31,
2010-03-14,,,5.31,
2010-03-15,85.08,,5.31,2976.93896484375
2010-03-16,84.97,,5.31,2992.841064453125
2010-03-17,84.74,,5.31,3050.47900390625
2010-03-18,84.95,,5.31,3046.089111328125
2010-03-19,85.21,,5.31,3067.75
2010-03-20,,,5.31,
2010-03-21,,,5.31,
2010-03-22,85.45,,5.31,3074.575927734375
2010-03-23,85.34,,5.31,3053.125
2010-03-24,85.91,,5.31,3056.80810546875
2010-03-25,85.96,,5.31,3019.176025390625
2010-03-26,86.07,,5.31,3059.715087890625
2010-03-27,,,5.31,
2010-03-28,,,5.31,
2010-03-29,85.7,,5.31,3123.798095703125
2010-03-30,85.59,,5.31,3128.468017578125
2010-03-31,85.68,,5.31,3109.10498046875
2010-04-01,85.65,0.204064974287816,5.31,3147.416015625
2010-04-02,85.65,,5.31,3157.95703125
2010-04-03,,,5.31,
2010-04-04,,,5.31,
2010-04-05,85.64,,5.31,
2010-04-06,85.68,,5.31,3158.680908203125
2010-04-07,85.69,,5.31,3148.221923828125
2010-04-08,85.75,,5.31,3118.708984375
2010-04-09,85.55,,5.31,3145.346923828125
2010-04-10,,,5.31,
2010-04-11,,,5.31,
2010-04-12,85.14,,5.31,3129.262939453125
2010-04-13,85.15,,5.31,3161.2509765625
2010-04-14,84.97,,5.31,3166.18310546875
2010-04-15,85.0,,5.31,3164.966064453125
2010-04-16,84.96,,5.31,3130.302001953125
2010-04-17,,,5.31,
2010-04-18,,,5.31,
2010-04-19,85.28,,5.31,2980.297119140625
2010-04-20,85.22,,5.31,2979.532958984375
2010-04-21,85.3,,5.31,3033.278076171875
2010-04-22,85.36,,5.31,2999.48388671875
2010-04-23,85.56,,5.31,2983.537109375
2010-04-24,,,5.31,
2010-04-25,,,5.31,
2010-04-26,85.45,,5.31,2969.5029296875
2010-04-27,85.58,,5.31,2907.927978515625
2010-04-28,85.9,,5.31,2900.3310546875
2010-04-29,85.74,,5.31,2868.431884765625
2010-04-30,85.61,,5.31,2870.611083984375
2010-05-01,,-0.0977517106549453,5.31,
2010-05-02,,,5.31,
2010-05-03,85.89,,5.31,
2010-05-04,86.21,,5.31,2835.277099609375
2010-05-05,86.84,,5.31,2857.15087890625
2010-05-06,87.3,,5.31,2739.701904296875
2010-05-07,87.41,,5.31,2688.383056640625
2010-05-08,,,5.31,
2010-05-09,,,5.31,
2010-05-10,86.54,,5.31,2698.757080078125
2010-05-11,87.04,,5.31,2647.572998046875
2010-05-12,87.06,,5.31,2655.714111328125
2010-05-13,87.08,,5.31,2710.507080078125
2010-05-14,87.37,,5.31,2696.62890625
2010-05-15,,,5.31,
2010-05-16,,,5.31,
2010-05-17,87.94,,5.31,2559.930908203125
2010-05-18,87.75,,5.31,2594.782958984375
2010-05-19,88.38,,5.31,2587.806884765625
2010-05-20,88.59,,5.31,2555.93994140625
2010-05-21,88.32,,5.31,2583.52197265625
2010-05-22,,,5.31,
2010-05-23,,,5.31,
2010-05-24,88.57,,5.31,2673.423095703125
2010-05-25,89.17,,5.31,2622.6298828125
2010-05-26,88.72,,5.31,2625.79296875
2010-05-27,88.62,,5.31,2655.91796875
2010-05-28,88.16,,5.31,2655.76708984375
2010-05-29,,,5.31,
2010-05-30,,,5.31,
2010-05-31,88.46,,5.31,2592.14599609375
2010-06-01,88.96,-0.603392041748196,5.31,2568.282958984375
2010-06-02,88.96,,5.31,2571.423095703125
2010-06-03,88.67,,5.31,2552.656005859375
2010-06-04,89.24,,5.31,2553.593017578125
2010-06-05,,,5.31,
2010-06-06,,,5.31,
2010-06-07,89.7,,5.31,2511.72900390625
2010-06-08,89.69,,5.31,2513.947021484375
2010-06-09,89.56,,5.31,2583.8701171875
2010-06-10,89.31,,5.31,2562.580078125
2010-06-11,89.05,,5.31,2569.94091796875
2010-06-12,,,5.31,
2010-06-13,,,5.31,
2010-06-14,88.55,,5.31,
2010-06-15,88.53,,5.31,
2010-06-16,88.39,,5.31,
2010-06-17,88.16,,5.31,2560.2451171875
2010-06-18,87.99,,5.31,2513.221923828125
2010-06-19,,,5.31,
2010-06-20,,,5.31,
2010-06-21,87.96,,5.31,2586.208984375
2010-06-22,88.16,,5.31,2588.697998046875
2010-06-23,88.17,,5.31,2569.8720703125
2010-06-24,88.38,,5.31,2566.7451171875
2010-06-25,88.57,,5.31,2552.81689453125
2010-06-26,,,5.31,
2010-06-27,,,5.31,
2010-06-28,88.19,,5.31,2535.278076171875
2010-06-29,88.62,,5.31,2427.052001953125
2010-06-30,88.71,,5.31,2398.3701171875
2010-07-01,88.62,0.4019688269072879,5.31,2373.7919921875
2010-07-02,88.26,,5.31,2382.90087890625
2010-07-03,,,5.31,
2010-07-04,,,5.31,
2010-07-05,88.2,,5.31,2363.947998046875
2010-07-06,87.99,,5.31,2409.424072265625
2010-07-07,88.01,,5.31,2421.116943359375
2010-07-08,87.72,,5.31,2415.14990234375
2010-07-09,87.72,,5.31,2470.923095703125
2010-07-10,,,5.31,
2010-07-11,,,5.31,
2010-07-12,87.96,,5.31,2490.718017578125
2010-07-13,87.94,,5.31,2450.284912109375
2010-07-14,87.57,,5.31,2470.43994140625
2010-07-15,87.19,,5.31,2424.303955078125
2010-07-16,86.77,,5.31,2424.27099609375
2010-07-17,,,5.31,
2010-07-18,,,5.31,
2010-07-19,87.12,,5.31,2475.4208984375
2010-07-20,87.25,,5.31,2528.72900390625
2010-07-21,87.14,,5.31,2535.39404296875
2010-07-22,87.01,,5.31,2562.406005859375
2010-07-23,86.85,,5.31,2572.028076171875
2010-07-24,,,5.31,
2010-07-25,,,5.31,
2010-07-26,86.67,,5.31,2588.68310546875
2010-07-27,86.4,,5.31,2575.367919921875
2010-07-28,86.6,,5.31,2633.6630859375
2010-07-29,86.35,,5.31,2648.115966796875
2010-07-30,86.32,,5.31,2637.5029296875
2010-07-31,,,5.31,
2010-08-01,,0.5964539586567689,5.31,
2010-08-02,86.03,,5.31,2672.51611328125
2010-08-03,85.63,,5.31,2627.001953125
2010-08-04,85.61,,5.31,2638.52197265625
2010-08-05,85.69,,5.31,2620.757080078125
2010-08-06,85.69,,5.31,2658.39208984375
2010-08-07,,,5.31,
2010-08-08,,,5.31,
2010-08-09,85.51,,5.31,2672.531982421875
2010-08-10,85.92,,5.31,2595.27294921875
2010-08-11,86.03,,5.31,2607.4970703125
2010-08-12,86.58,,5.31,2575.47509765625
2010-08-13,86.39,,5.31,2606.699951171875
2010-08-14,,,5.31,
2010-08-15,,,5.31,
2010-08-16,86.1,,5.31,2661.7080078125
2010-08-17,86.03,,5.31,2671.89306640625
2010-08-18,85.92,,5.31,2666.301025390625
2010-08-19,86.01,,5.31,2687.97900390625
2010-08-20,86.44,,5.31,2642.306884765625
2010-08-21,,,5.31,
2010-08-22,,,5.31,
2010-08-23,86.25,,5.31,2639.365966796875
2010-08-24,86.57,,5.31,2650.306884765625
2010-08-25,86.6,,5.31,2596.580078125
2010-08-26,86.3,,5.31,2603.48095703125
2010-08-27,86.41,,5.31,2610.741943359375
2010-08-28,,,5.31,
2010-08-29,,,5.31,
2010-08-30,86.26,,5.31,2652.6640625
2010-08-31,86.39,,5.31,2638.798095703125
2010-09-01,85.85,0.601039636127334,5.31,2622.882080078125
2010-09-02,85.77,,5.31,2655.77587890625
2010-09-03,85.79,,5.31,2655.39404296875
2010-09-04,,,5.31,
2010-09-05,,,5.31,
2010-09-06,85.78,,5.31,2696.25
2010-09-07,86.01,,5.31,2698.363037109375
2010-09-08,85.97,,5.31,2695.291015625
2010-09-09,85.95,,5.31,2656.35205078125
2010-09-10,86.09,,5.31,2663.208984375
2010-09-11,,,5.31,
2010-09-12,,,5.31,
2010-09-13,86.0,,5.31,2688.320068359375
2010-09-14,86.0,,5.31,2688.52197265625
2010-09-15,86.1,,5.31,2652.5029296875
2010-09-16,86.22,,5.31,2602.465087890625
2010-09-17,86.25,,5.31,2598.68896484375
2010-09-18,,,5.31,
2010-09-19,,,5.31,
2010-09-20,86.33,,5.31,2588.712890625
2010-09-21,86.28,,5.31,2591.550048828125
2010-09-22,85.6,,5.31,
2010-09-23,85.69,,5.31,
2010-09-24,85.42,,5.31,
2010-09-25,,,5.31,
2010-09-26,,,5.31,
2010-09-27,85.35,,5.31,2627.967041015625
2010-09-28,85.44,,5.31,2611.35400390625
2010-09-29,85.02,,5.31,2610.677978515625
2010-09-30,84.81,,5.31,2655.657958984375
2010-10-01,84.57,0.702405942192804,5.31,
2010-10-02,,,5.31,
2010-10-03,,,5.31,
2010-10-04,84.58,,5.31,
2010-10-05,84.49,,5.31,
2010-10-06,84.08,,5.31,
2010-10-07,83.89,,5.31,
2010-10-08,84.38,,5.31,2738.743896484375
2010-10-09,,,5.31,
2010-10-10,,,5.31,
2010-10-11,84.07,,5.31,2806.94189453125
2010-10-12,84.31,,5.31,2841.406982421875
2010-10-13,84.07,,5.31,2861.361083984375
2010-10-14,83.67,,5.31,2879.635986328125
2010-10-15,83.86,,5.31,2971.159912109375
2010-10-16,,,5.31,
2010-10-17,,,5.31,
2010-10-18,84.37,,5.31,2955.22705078125
2010-10-19,84.62,,5.31,3001.85302734375
2010-10-20,84.51,,5.56,3003.950927734375
2010-10-21,84.14,,5.56,2983.531982421875
2010-10-22,84.28,,5.56,2975.04296875
2010-10-23,,,5.56,
2010-10-24,,,5.56,
2010-10-25,83.82,,5.56,3051.41796875
2010-10-26,84.15,,5.56,3041.54296875
2010-10-27,84.33,,5.56,2997.048095703125
2010-10-28,84.01,,5.56,2992.5791015625
2010-10-29,84.1,,5.56,2978.8349609375
2010-10-30,,,5.56,
2010-10-31,,,5.56,
2010-11-01,83.39,1.09837248456665,5.56,3054.02099609375
2010-11-02,83.54,,5.56,3045.43408203125
2010-11-03,83.55,,5.56,3030.988037109375
2010-11-04,83.11,,5.56,3086.93896484375
2010-11-05,83.5,,5.56,3129.4970703125
2010-11-06,,,5.56,
2010-11-07,,,5.56,
2010-11-08,83.57,,5.56,3159.511962890625
2010-11-09,83.82,,5.56,3135.0
2010-11-10,84.58,,5.56,3115.35595703125
2010-11-11,84.78,,5.56,3147.743896484375
2010-11-12,84.8,,5.56,2985.43505859375
2010-11-13,,,5.56,
2010-11-14,,,5.56,
2010-11-15,85.18,,5.56,3014.4130859375
2010-11-16,85.29,,5.56,2894.5380859375
2010-11-17,85.75,,5.56,2838.85693359375
2010-11-18,85.31,,5.56,2865.451904296875
2010-11-19,85.23,,5.56,2888.56591796875
2010-11-20,,,5.56,
2010-11-21,,,5.56,
2010-11-22,85.22,,5.56,2884.37109375
2010-11-23,85.8,,5.56,2828.281982421875
2010-11-24,85.83,,5.56,2859.93603515625
2010-11-25,85.86,,5.56,2898.260986328125
2010-11-26,86.16,,5.56,2871.697998046875
2010-11-27,,,5.56,
2010-11-28,,,5.56,
2010-11-29,86.41,,5.56,2866.35595703125
2010-11-30,86.59,,5.56,2820.180908203125
2010-12-01,86.24,0.4996034892942429,5.56,2823.448974609375
2010-12-02,86.19,,5.56,2843.60693359375
2010-12-03,85.74,,5.56,2842.429931640625
2010-12-04,,,5.56,
2010-12-05,,,5.56,
2010-12-06,85.7,,5.56,2857.177001953125
2010-12-07,85.43,,5.56,2875.861083984375
2010-12-08,85.98,,5.56,2848.5458984375
2010-12-09,85.93,,5.56,2810.948974609375
2010-12-10,85.77,,5.56,2841.0400390625
2010-12-11,,,5.56,
2010-12-12,,,5.56,
2010-12-13,85.69,,5.56,2922.9541015625
2010-12-14,85.27,,5.56,2927.076904296875
2010-12-15,85.63,,5.56,2911.4140625
2010-12-16,85.83,,5.56,2898.137939453125
2010-12-17,85.88,,5.56,2893.739990234375
2010-12-18,,,5.56,
2010-12-19,,,5.56,
2010-12-20,85.82,,5.56,
2010-12-21,85.95,,5.56,2904.114990234375
2010-12-22,86.14,,5.56,2877.89990234375
2010-12-23,86.24,,5.56,2855.219970703125
2010-12-24,86.2,,5.56,2835.156982421875
2010-12-25,,,5.56,
2010-12-26,,,5.81,
2010-12-27,86.06,,5.81,2781.402099609375
2010-12-28,85.81,,5.81,2732.989990234375
2010-12-29,85.96,,5.81,2751.527099609375
2010-12-30,85.72,,5.81,2759.574951171875
2010-12-31,85.39,,5.81,2808.076904296875
2011-01-01,,1.00213051369051,5.81,
2011-01-02,,,5.81,
2011-01-03,85.57,,5.81,
2011-01-04,85.28,,5.81,2852.64794921875
2011-01-05,85.68,,5.81,2839.220947265625
2011-01-06,85.89,,5.81,2824.197021484375
2011-01-07,86.25,,5.81,2838.801025390625
2011-01-08,,,5.81,
2011-01-09,,,5.81,
2011-01-10,86.23,,5.81,2791.80908203125
2011-01-11,86.25,,5.81,2804.047119140625
2011-01-12,86.28,,5.81,2821.304931640625
2011-01-13,85.77,,5.81,2827.7119140625
2011-01-14,85.86,,5.81,2791.343994140625
2011-01-15,,,5.81,
2011-01-16,,,5.81,
2011-01-17,85.71,,5.81,2706.659912109375
2011-01-18,85.66,,5.81,2708.97900390625
2011-01-19,85.38,,5.81,2758.096923828125
2011-01-20,85.68,,5.81,2677.652099609375
2011-01-21,85.68,,5.81,2715.2939453125
2011-01-22,,,5.81,
2011-01-23,,,5.81,
2011-01-24,85.64,,5.81,2695.718994140625
2011-01-25,85.54,,5.81,2677.431884765625
2011-01-26,85.29,,5.81,2708.81396484375
2011-01-27,85.31,,5.81,2749.14990234375
2011-01-28,85.07,,5.81,2752.75
2011-01-29,,,5.81,
2011-01-30,,,5.81,
2011-01-31,85.2,,5.81,2790.694091796875
2011-02-01,84.94,1.19531249999999,5.81,2798.9599609375
2011-02-02,84.72,,5.81,
2011-02-03,84.9,,5.81,
2011-02-04,85.03,,5.81,
2011-02-05,,,5.81,
2011-02-06,,,5.81,
2011-02-07,85.2,,5.81,
2011-02-08,85.05,,5.81,
2011-02-09,85.1,,6.06,2774.06494140625
2011-02-10,85.43,,6.06,2818.1630859375
2011-02-11,85.69,,6.06,2827.327880859375
2011-02-12,,,6.06,
2011-02-13,,,6.06,
2011-02-14,85.68,,6.06,2899.134033203125
2011-02-15,85.67,,6.06,2899.237060546875
2011-02-16,85.72,,6.06,2923.89599609375
2011-02-17,85.6,,6.06,2926.964111328125
2011-02-18,85.48,,6.06,2899.7919921875
2011-02-19,,,6.06,
2011-02-20,,,6.06,
2011-02-21,85.47,,6.06,2932.24609375
2011-02-22,85.49,,6.06,2855.51611328125
2011-02-23,85.37,,6.06,2862.635009765625
2011-02-24,85.29,,6.06,2878.60302734375
2011-02-25,85.15,,6.06,2878.56494140625
2011-02-26,,,6.06,
2011-02-27,,,6.06,
2011-02-28,85.06,,6.06,2905.052978515625
2011-03-01,85.02,-0.200725700609886,6.06,2918.919921875
2011-03-02,85.06,,6.06,2913.80810546875
2011-03-03,84.91,,6.06,2902.97802734375
2011-03-04,84.85,,6.06,2942.305908203125
2011-03-05,,,6.06,
2011-03-06,,,6.06,
2011-03-07,84.76,,6.06,2996.2109375
2011-03-08,84.95,,6.06,2999.94189453125
2011-03-09,84.78,,6.06,3002.154052734375
2011-03-10,85.11,,6.06,2957.14306640625
2011-03-11,85.2,,6.06,2933.7958984375
2011-03-12,,,6.06,
2011-03-13,,,6.06,
2011-03-14,84.86,,6.06,2937.626953125
2011-03-15,85.05,,6.06,2896.256103515625
2011-03-16,84.8,,6.06,2930.803955078125
2011-03-17,84.43,,6.06,2897.298095703125
2011-03-18,84.57,,6.06,2906.885009765625
2011-03-19,,,6.06,
2011-03-20,,,6.06,
2011-03-21,84.37,,6.06,2909.136962890625
2011-03-22,84.53,,6.06,2919.14208984375
2011-03-23,84.59,,6.06,2948.47705078125
2011-03-24,84.49,,6.06,2946.7060546875
2011-03-25,84.43,,6.06,2977.81396484375
2011-03-26,,,6.06,
2011-03-27,,,6.06,
2011-03-28,84.65,,6.06,2984.0048828125
2011-03-29,84.71,,6.06,2958.076904296875
2011-03-30,84.71,,6.06,2955.77099609375
2011-03-31,84.49,,6.06,2928.111083984375
2011-04-01,84.71,0.100564709522709,6.06,2967.409912109375
2011-04-02,,,6.06,
2011-04-03,,,6.06,
2011-04-04,84.62,,6.06,
2011-04-05,84.72,,6.06,
2011-04-06,84.47,,6.31,3001.360107421875
2011-04-07,84.53,,6.31,3007.908935546875
2011-04-08,84.3,,6.31,3030.02099609375
2011-04-09,,,6.31,
2011-04-10,,,6.31,
2011-04-11,84.2,,6.31,3022.74609375
2011-04-12,84.14,,6.31,3021.368896484375
2011-04-13,84.14,,6.31,3050.39697265625
2011-04-14,84.2,,6.31,3042.635009765625
2011-04-15,84.06,,6.31,3050.52587890625
2011-04-16,,,6.31,
2011-04-17,,,6.31,
2011-04-18,84.35,,6.31,3057.3291015625
2011-04-19,84.23,,6.31,2999.041015625
2011-04-20,83.8,,6.31,3007.037109375
2011-04-21,83.9,,6.31,3026.6669921875
2011-04-22,83.9,,6.31,3010.51708984375
2011-04-23,,,6.31,
2011-04-24,,,6.31,
2011-04-25,83.89,,6.31,2964.950927734375
2011-04-26,83.4,,6.31,2938.98095703125
2011-04-27,83.55,,6.31,2925.407958984375
2011-04-28,83.33,,6.31,2887.04296875
2011-04-29,83.15,,6.31,2911.510009765625
2011-04-30,,,6.31,
2011-05-01,,0.1004636785162118,6.31,
2011-05-02,83.26,,6.31,
2011-05-03,83.24,,6.31,2932.18798828125
2011-05-04,83.18,,6.31,2866.01708984375
2011-05-05,83.32,,6.31,2872.404052734375
2011-05-06,83.91,,6.31,2863.885986328125
2011-05-07,,,6.31,
2011-05-08,,,6.31,
2011-05-09,84.03,,6.31,2872.4599609375
2011-05-10,84.05,,6.31,2890.634033203125
2011-05-11,84.03,,6.31,2883.419921875
2011-05-12,84.58,,6.31,2844.0830078125
2011-05-13,84.29,,6.31,2871.031005859375
2011-05-14,,,6.31,
2011-05-15,,,6.31,
2011-05-16,84.59,,6.31,2849.06689453125
2011-05-17,84.72,,6.31,2852.77294921875
2011-05-18,84.5,,6.31,2872.77099609375
2011-05-19,84.47,,6.31,2859.573974609375
2011-05-20,84.58,,6.31,2858.458984375
2011-05-21,,,6.31,
2011-05-22,,,6.31,
2011-05-23,85.08,,6.31,2774.569091796875
2011-05-24,85.02,,6.31,2767.055908203125
2011-05-25,85.21,,6.31,2741.740966796875
2011-05-26,84.87,,6.31,2736.527099609375
2011-05-27,84.45,,6.31,2709.947021484375
2011-05-28,,,6.31,
2011-05-29,,,6.31,
2011-05-30,84.44,,6.31,2706.361083984375
2011-05-31,84.37,,6.31,2743.471923828125
2011-06-01,84.2,0.3010885509148389,6.31,2743.572021484375
2011-06-02,84.11,,6.31,2705.180908203125
2011-06-03,84.1,,6.31,2728.02001953125
2011-06-04,,,6.31,
2011-06-05,,,6.31,
2011-06-06,83.93,,6.31,
2011-06-07,83.77,,6.31,2744.300048828125
2011-06-08,83.95,,6.31,2750.2880859375
2011-06-09,83.92,,6.31,2703.344970703125
2011-06-10,84.06,,6.31,2705.14306640625
2011-06-11,,,6.31,
2011-06-12,,,6.31,
2011-06-13,84.38,,6.31,2700.37890625
2011-06-14,84.16,,6.31,2730.0400390625
2011-06-15,84.51,,6.31,2705.430908203125
2011-06-16,85.16,,6.31,2664.281982421875
2011-06-17,84.75,,6.31,2642.818115234375
2011-06-18,,,6.31,
2011-06-19,,,6.31,
2011-06-20,84.75,,6.31,2621.2529296875
2011-06-21,84.55,,6.31,2646.48291015625
2011-06-22,84.48,,6.31,2649.321044921875
2011-06-23,84.88,,6.31,2688.2490234375
2011-06-24,84.78,,6.31,2746.2109375
2011-06-25,,,6.31,
2011-06-26,,,6.31,
2011-06-27,84.96,,6.31,2758.22998046875
2011-06-28,84.98,,6.31,2759.201904296875
2011-06-29,84.66,,6.31,2728.48291015625
2011-06-30,84.35,,6.31,2762.075927734375
2011-07-01,84.27,0.500307881773423,6.31,2759.362060546875
2011-07-02,,,6.31,
2011-07-03,,,6.31,
2011-07-04,84.17,,6.31,2812.818115234375
2011-07-05,84.26,,6.31,2816.35400390625
2011-07-06,84.51,,6.31,2810.47900390625
2011-07-07,84.61,,6.56,2794.26708984375
2011-07-08,84.52,,6.56,2797.77294921875
2011-07-09,,,6.56,
2011-07-10,,,6.56,
2011-07-11,84.76,,6.56,2802.69189453125
2011-07-12,85.03,,6.56,2754.58203125
2011-07-13,84.6,,6.56,2795.47607421875
2011-07-14,84.3,,6.56,2810.444091796875
2011-07-15,84.44,,6.56,2820.1689453125
2011-07-16,,,6.56,
2011-07-17,,,6.56,
2011-07-18,84.59,,6.56,2816.68798828125
2011-07-19,84.37,,6.56,2796.98291015625
2011-07-20,84.24,,6.56,2794.205078125
2011-07-21,84.23,,6.56,2765.89404296875
2011-07-22,83.92,,6.56,2770.7900390625
2011-07-23,,,6.56,
2011-07-24,,,6.56,
2011-07-25,83.97,,6.56,2688.74609375
2011-07-26,83.71,,6.56,2703.02587890625
2011-07-27,83.66,,6.56,2723.491943359375
2011-07-28,83.96,,6.56,2708.777099609375
2011-07-29,84.1,,6.56,2701.72900390625
2011-07-30,,,6.56,
2011-07-31,,,6.56,
2011-08-01,83.62,0.2986903576625499,6.56,2703.782958984375
2011-08-02,84.21,,6.56,2679.259033203125
2011-08-03,84.07,,6.56,2678.485107421875
2011-08-04,84.72,,6.56,2684.0390625
2011-08-05,84.85,,6.56,2626.423095703125
2011-08-06,,,6.56,
2011-08-07,,,6.56,
2011-08-08,84.84,,6.56,2526.81591796875
2011-08-09,85.0,,6.56,2526.070068359375
2011-08-10,84.71,,6.56,2549.176025390625
2011-08-11,85.58,,6.56,2581.508056640625
2011-08-12,85.27,,6.56,2593.173095703125
2011-08-13,,,6.56,
2011-08-14,,,6.56,
2011-08-15,85.23,,6.56,2626.77001953125
2011-08-16,85.18,,6.56,2608.166015625
2011-08-17,84.77,,6.56,2601.260986328125
2011-08-18,85.15,,6.56,2559.471923828125
2011-08-19,85.06,,6.56,2534.35791015625
2011-08-20,,,6.56,
2011-08-21,,,6.56,
2011-08-22,84.95,,6.56,2515.863037109375
2011-08-23,84.83,,6.56,2554.01904296875
2011-08-24,85.11,,6.56,2541.091064453125
2011-08-25,85.24,,6.56,2615.260986328125
2011-08-26,85.24,,6.56,2612.18798828125
2011-08-27,,,6.56,
2011-08-28,,,6.56,
2011-08-29,85.08,,6.56,2576.4130859375
2011-08-30,85.25,,6.56,2566.594970703125
2011-08-31,85.06,,6.56,2567.340087890625
2011-09-01,85.28,0.5039706780696279,6.56,2556.0419921875
2011-09-02,85.25,,6.56,2528.280029296875
2011-09-03,,,6.56,
2011-09-04,,,6.56,
2011-09-05,85.63,,6.56,2478.739013671875
2011-09-06,85.86,,6.56,2470.52392578125
2011-09-07,85.84,,6.56,2516.090087890625
2011-09-08,86.05,,6.56,2498.943115234375
2011-09-09,86.59,,6.56,2497.7529296875
2011-09-10,,,6.56,
2011-09-11,,,6.56,
2011-09-12,86.77,,6.56,
2011-09-13,87.14,,6.56,2471.304931640625
2011-09-14,87.11,,6.56,2484.826904296875
2011-09-15,87.15,,6.56,2479.054931640625
2011-09-16,87.26,,6.56,2482.343017578125
2011-09-17,,,6.56,
2011-09-18,,,6.56,
2011-09-19,87.87,,6.56,2437.794921875
2011-09-20,87.83,,6.56,2447.7548828125
2011-09-21,88.42,,6.56,2512.962890625
2011-09-22,89.24,,6.56,2443.055908203125
2011-09-23,89.34,,6.56,2433.158935546875
2011-09-24,,,6.56,
2011-09-25,,,6.56,
2011-09-26,88.95,,6.56,2393.18310546875
2011-09-27,88.55,,6.56,2415.053955078125
2011-09-28,88.53,,6.56,2392.06201171875
2011-09-29,88.78,,6.56,2365.343017578125
2011-09-30,89.36,,6.56,2359.218994140625
2011-10-01,,0.0987691840145921,6.56,
2011-10-02,,,6.56,
2011-10-03,89.89,,6.56,
2011-10-04,90.6,,6.56,
2011-10-05,89.9,,6.56,
2011-10-06,89.9,,6.56,
2011-10-07,89.64,,6.56,
2011-10-08,,,6.56,
2011-10-09,,,6.56,
2011-10-10,89.21,,6.56,2344.787109375
2011-10-11,88.85,,6.56,2348.51611328125
2011-10-12,88.66,,6.56,2420.0
2011-10-13,88.41,,6.56,2438.7900390625
2011-10-14,88.12,,6.56,2431.375
2011-10-15,,,6.56,
2011-10-16,,,6.56,
2011-10-17,88.25,,6.56,2440.402099609375
2011-10-18,88.45,,6.56,2383.485107421875
2011-10-19,87.95,,6.56,2377.511962890625
2011-10-20,88.12,,6.56,2331.365966796875
2011-10-21,88.21,,6.56,2317.27490234375
2011-10-22,,,6.56,
2011-10-23,,,6.56,
2011-10-24,87.93,,6.56,2370.3330078125
2011-10-25,87.81,,6.56,2409.672119140625
2011-10-26,87.95,,6.56,2427.47998046875
2011-10-27,87.26,,6.56,2435.614990234375
2011-10-28,86.84,,6.56,2473.409912109375
2011-10-29,,,6.56,
2011-10-30,,,6.56,
2011-10-31,87.59,,6.56,2468.25
2011-11-01,88.83,-0.1973434535104459,6.56,2470.01904296875
2011-11-02,88.35,,6.56,2504.10791015625
2011-11-03,88.37,,6.56,2508.090087890625
2011-11-04,88.55,,6.56,2528.2939453125
2011-11-05,,,6.56,
2011-11-06,,,6.56,
2011-11-07,88.57,,6.56,2509.799072265625
2011-11-08,88.48,,6.56,2503.8359375
2011-11-09,89.09,,6.56,2524.9189453125
2011-11-10,89.03,,6.56,2479.535888671875
2011-11-11,88.97,,6.56,2481.083984375
2011-11-12,,,6.56,
2011-11-13,,,6.56,
2011-11-14,88.71,,6.56,2528.714111328125
2011-11-15,89.24,,6.56,2529.760986328125
2011-11-16,89.29,,6.56,2466.958984375
2011-11-17,89.3,,6.56,2463.0458984375
2011-11-18,89.11,,6.56,2416.56201171875
2011-11-19,,,6.56,
2011-11-20,,,6.56,
2011-11-21,89.54,,6.56,2415.1298828125
2011-11-22,89.56,,6.56,2412.625
2011-11-23,90.04,,6.56,2395.06396484375
2011-11-24,89.92,,6.56,2397.553955078125
2011-11-25,90.42,,6.56,2380.22412109375
2011-11-26,,,6.56,
2011-11-27,,,6.56,
2011-11-28,89.79,,6.56,2383.033935546875
2011-11-29,90.04,,6.56,2412.39306640625
2011-11-30,89.33,,6.56,2333.4140625
2011-12-01,89.09,0.296600501939325,6.56,2386.860107421875
2011-12-02,89.38,,6.56,2360.6640625
2011-12-03,,,6.56,
2011-12-04,,,6.56,
2011-12-05,89.47,,6.56,2333.22900390625
2011-12-06,89.78,,6.56,2325.905029296875
2011-12-07,89.62,,6.56,2332.72998046875
2011-12-08,89.26,,6.56,2329.820068359375
2011-12-09,89.99,,6.56,2315.27001953125
2011-12-10,,,6.56,
2011-12-11,,,6.56,
2011-12-12,90.05,,6.56,2291.544921875
2011-12-13,90.24,,6.56,2248.590087890625
2011-12-14,90.85,,6.56,2228.52490234375
2011-12-15,90.96,,6.56,2180.89501953125
2011-12-16,90.98,,6.56,2224.840087890625
2011-12-17,,,6.56,
2011-12-18,,,6.56,
2011-12-19,91.17,,6.56,2218.235107421875
2011-12-20,90.85,,6.56,2215.929931640625
2011-12-21,90.76,,6.56,2191.14794921875
2011-12-22,90.82,,6.56,2186.2958984375
2011-12-23,90.75,,6.56,2204.783935546875
2011-12-24,,,6.56,
2011-12-25,,,6.56,
2011-12-26,90.75,,6.56,2190.110107421875
2011-12-27,90.99,,6.56,2166.205078125
2011-12-28,91.03,,6.56,2170.012939453125
2011-12-29,91.52,,6.56,2173.56103515625
2011-12-30,91.53,,6.56,2199.4169921875
2011-12-31,,,6.56,
2012-01-01,,1.50136487716106,6.56,
2012-01-02,91.43,,6.56,
2012-01-03,91.19,,6.56,
2012-01-04,91.31,,6.56,2169.389892578125
2012-01-05,91.4,,6.56,2148.451904296875
2012-01-06,91.5,,6.56,2163.39501953125
2012-01-07,,,6.56,
2012-01-08,,,6.56,
2012-01-09,91.57,,6.56,2225.889892578125
2012-01-10,91.16,,6.56,2285.743896484375
2012-01-11,91.43,,6.56,2276.0458984375
2012-01-12,91.22,,6.56,2275.010009765625
2012-01-13,91.11,,6.56,2244.580078125
2012-01-14,,,6.56,
2012-01-15,,,6.56,
2012-01-16,91.33,,6.56,2206.193115234375
2012-01-17,90.85,,6.56,2298.375
2012-01-18,90.82,,6.56,2266.384033203125
2012-01-19,90.45,,6.56,2296.074951171875
2012-01-20,90.24,,6.56,2319.117919921875
2012-01-21,,,6.56,
2012-01-22,,,6.56,
2012-01-23,90.11,,6.56,
2012-01-24,90.36,,6.56,
2012-01-25,90.49,,6.56,
2012-01-26,89.84,,6.56,
2012-01-27,89.56,,6.56,
2012-01-28,,,6.56,
2012-01-29,,,6.56,
2012-01-30,89.65,,6.56,2285.0380859375
2012-01-31,89.39,,6.56,2292.610107421875
2012-02-01,89.37,-0.1045868818168349,6.56,2268.080078125
2012-02-02,89.42,,6.56,2312.555908203125
2012-02-03,89.19,,6.56,2330.405029296875
2012-02-04,,,6.56,
2012-02-05,,,6.56,
2012-02-06,89.47,,6.56,2331.135986328125
2012-02-07,89.34,,6.56,2291.902099609375
2012-02-08,89.13,,6.56,2347.530029296875
2012-02-09,89.18,,6.56,2349.589111328125
2012-02-10,89.75,,6.56,2351.98095703125
2012-02-11,,,6.56,
2012-02-12,,,6.56,
2012-02-13,89.53,,6.56,2351.85400390625
2012-02-14,89.82,,6.56,2344.77099609375
2012-02-15,89.98,,6.56,2366.701904296875
2012-02-16,90.38,,6.56,2356.860107421875
2012-02-17,89.96,,6.56,2357.180908203125
2012-02-18,,,6.56,
2012-02-19,,,6.56,
2012-02-20,89.71,,6.56,2363.596923828125
2012-02-21,89.89,,6.56,2381.429931640625
2012-02-22,90.02,,6.56,2403.5869140625
2012-02-23,89.81,,6.56,2409.553955078125
2012-02-24,89.65,,6.56,2439.626953125
2012-02-25,,,6.56,
2012-02-26,,,6.56,
2012-02-27,89.73,,6.56,2447.056884765625
2012-02-28,89.48,,6.56,2451.85693359375
2012-02-29,89.37,,6.56,2428.487060546875
2012-03-01,89.74,0.2019144481005238,6.56,2426.114990234375
2012-03-02,89.98,,6.56,2460.693115234375
2012-03-03,,,6.56,
2012-03-04,,,6.56,
2012-03-05,89.94,,6.56,2445.001953125
2012-03-06,90.17,,6.56,2410.445068359375
2012-03-07,90.21,,6.56,2394.7939453125
2012-03-08,89.88,,6.56,2420.27587890625
2012-03-09,90.05,,6.56,2439.4619140625
2012-03-10,,,6.56,
2012-03-11,,,6.56,
2012-03-12,90.16,,6.56,2434.85791015625
2012-03-13,90.33,,6.56,2455.7939453125
2012-03-14,90.46,,6.56,2391.22998046875
2012-03-15,90.45,,6.56,2373.77392578125
2012-03-16,90.44,,6.56,2404.736083984375
2012-03-17,,,6.56,
2012-03-18,,,6.56,
2012-03-19,90.37,,6.56,2410.18408203125
2012-03-20,90.45,,6.56,2376.839111328125
2012-03-21,90.5,,6.56,2378.195068359375
2012-03-22,90.76,,6.56,2375.77197265625
2012-03-23,90.6,,6.56,2349.5390625
2012-03-24,,,6.56,
2012-03-25,,,6.56,
2012-03-26,90.47,,6.56,2350.59912109375
2012-03-27,90.38,,6.56,2347.178955078125
2012-03-28,90.5,,6.56,2284.881103515625
2012-03-29,90.51,,6.56,2252.159912109375
2012-03-30,90.3,,6.56,2262.7880859375
2012-03-31,,,6.56,
2012-04-01,,-0.0970221658332757,6.56,
2012-04-02,90.42,,6.56,
2012-04-03,90.31,,6.56,
2012-04-04,90.74,,6.56,
2012-04-05,90.74,,6.56,2302.240966796875
2012-04-06,90.74,,6.56,2306.552001953125
2012-04-07,,,6.56,
2012-04-08,,,6.56,
2012-04-09,90.75,,6.56,2285.777099609375
2012-04-10,90.59,,6.56,2305.863037109375
2012-04-11,90.7,,6.56,2308.925048828125
2012-04-12,90.51,,6.56,2350.864013671875
2012-04-13,90.45,,6.56,2359.160888671875
2012-04-14,,,6.56,
2012-04-15,,,6.56,
2012-04-16,90.62,,6.56,2357.02587890625
2012-04-17,90.53,,6.56,2334.985107421875
2012-04-18,90.78,,6.56,2380.847900390625
2012-04-19,90.82,,6.56,2378.634033203125
2012-04-20,90.6,,6.56,2406.863037109375
2012-04-21,,,6.56,
2012-04-22,,,6.56,
2012-04-23,90.69,,6.56,2388.587890625
2012-04-24,90.58,,6.56,2388.833984375
2012-04-25,90.45,,6.56,2406.81298828125
2012-04-26,90.55,,6.56,2404.697021484375
2012-04-27,90.38,,6.56,2396.31591796875
2012-04-28,,,6.56,
2012-04-29,,,6.56,
2012-04-30,90.37,,6.56,
2012-05-01,90.37,-0.2988196623337819,6.56,
2012-05-02,90.69,,6.56,2438.43603515625
2012-05-03,90.64,,6.56,2440.080078125
2012-05-04,90.34,,6.56,2452.013916015625
2012-05-05,,,6.56,
2012-05-06,,,6.56,
2012-05-07,90.83,,6.56,2451.947021484375
2012-05-08,90.8,,6.56,2448.884033203125
2012-05-09,90.92,,6.56,2408.5859375
2012-05-10,90.78,,6.56,2410.22900390625
2012-05-11,91.02,,6.56,2394.98193359375
2012-05-12,,,6.56,
2012-05-13,,,6.56,
2012-05-14,91.17,,6.56,2380.72509765625
2012-05-15,91.29,,6.56,2374.843017578125
2012-05-16,91.84,,6.56,2346.19189453125
2012-05-17,91.92,,6.56,2378.885986328125
2012-05-18,91.74,,6.56,2344.52099609375
2012-05-19,,,6.56,
2012-05-20,,,6.56,
2012-05-21,91.79,,6.56,2348.300048828125
2012-05-22,91.87,,6.56,2373.305908203125
2012-05-23,92.11,,6.56,2363.43701171875
2012-05-24,92.22,,6.56,2350.972900390625
2012-05-25,92.36,,6.56,2333.552978515625
2012-05-26,,,6.56,
2012-05-27,,,6.56,
2012-05-28,92.19,,6.56,2361.366943359375
2012-05-29,92.34,,6.56,2389.635986328125
2012-05-30,92.41,,6.56,2384.66796875
2012-05-31,92.21,,6.56,2372.23388671875
2012-06-01,92.47,-0.5994305409860629,6.56,2373.43603515625
2012-06-02,,,6.56,
2012-06-03,,,6.56,
2012-06-04,92.23,,6.56,2308.550048828125
2012-06-05,92.17,,6.56,2311.916015625
2012-06-06,92.03,,6.56,2309.554931640625
2012-06-07,91.65,,6.56,2293.1298828125
2012-06-08,91.96,,6.31,2281.447021484375
2012-06-09,,,6.31,
2012-06-10,,,6.31,
2012-06-11,92.08,,6.31,2305.85595703125
2012-06-12,91.95,,6.31,2289.791015625
2012-06-13,92.08,,6.31,2318.924072265625
2012-06-14,92.39,,6.31,2295.946044921875
2012-06-15,91.43,,6.31,2306.85009765625
2012-06-16,,,6.31,
2012-06-17,,,6.31,
2012-06-18,91.54,,6.31,2316.052001953125
2012-06-19,91.44,,6.31,2300.794921875
2012-06-20,91.14,,6.31,2292.876953125
2012-06-21,91.45,,6.31,2260.876953125
2012-06-22,91.94,,6.31,
2012-06-23,,,6.31,
2012-06-24,,,6.31,
2012-06-25,92.08,,6.31,2224.114013671875
2012-06-26,91.98,,6.31,2222.06689453125
2012-06-27,92.05,,6.31,2216.93408203125
2012-06-28,92.13,,6.31,2195.843017578125
2012-06-29,91.55,,6.31,2225.429931640625
2012-06-30,,,6.31,
2012-07-01,,0.0962611186491748,6.31,
2012-07-02,91.57,,6.31,2226.110107421875
2012-07-03,91.36,,6.31,2229.19189453125
2012-07-04,91.47,,6.31,2227.31494140625
2012-07-05,91.59,,6.31,2201.35302734375
2012-07-06,91.74,,6.0,2223.5791015625
2012-07-07,,,6.0,
2012-07-08,,,6.0,
2012-07-09,91.89,,6.0,2170.81396484375
2012-07-10,91.83,,6.0,2164.43798828125
2012-07-11,92.08,,6.0,2175.383056640625
2012-07-12,92.14,,6.0,2185.490966796875
2012-07-13,91.78,,6.0,2185.89501953125
2012-07-14,,,6.0,
2012-07-15,,,6.0,
2012-07-16,91.83,,6.0,2147.955078125
2012-07-17,91.56,,6.0,2161.18603515625
2012-07-18,91.69,,6.0,2169.09912109375
2012-07-19,91.3,,6.0,2184.841064453125
2012-07-20,91.55,,6.0,2168.637939453125
2012-07-21,,,6.0,
2012-07-22,,,6.0,
2012-07-23,91.8,,6.0,2141.402099609375
2012-07-24,91.9,,6.0,2146.587890625
2012-07-25,91.78,,6.0,2136.15087890625
2012-07-26,91.34,,6.0,2126.00390625
2012-07-27,91.18,,6.0,2128.764892578125
2012-07-28,,,6.0,
2012-07-29,,,6.0,
2012-07-30,91.23,,6.0,2109.9140625
2012-07-31,91.32,,6.0,2103.635009765625
2012-08-01,91.21,0.596666709341303,6.0,2123.360107421875
2012-08-02,91.19,,6.0,2111.181884765625
2012-08-03,91.33,,6.0,2132.7958984375
2012-08-04,,,6.0,
2012-08-05,,,6.0,
2012-08-06,90.88,,6.0,2154.916015625
2012-08-07,90.85,,6.0,2157.6201171875
2012-08-08,91.22,,6.0,2160.989990234375
2012-08-09,91.23,,6.0,2174.10205078125
2012-08-10,91.33,,6.0,2168.81396484375
2012-08-11,,,6.0,
2012-08-12,,,6.0,
2012-08-13,91.1,,6.0,2136.077880859375
2012-08-14,91.21,,6.0,2142.52392578125
2012-08-15,91.44,,6.0,2118.945068359375
2012-08-16,91.44,,6.0,2112.197021484375
2012-08-17,91.51,,6.0,2114.89111328125
2012-08-18,,,6.0,
2012-08-19,,,6.0,
2012-08-20,91.55,,6.0,2106.95703125
2012-08-21,91.21,,6.0,2118.26806640625
2012-08-22,91.33,,6.0,2107.7109375
2012-08-23,90.87,,6.0,2113.072021484375
2012-08-24,91.02,,6.0,2092.10400390625
2012-08-25,,,6.0,
2012-08-26,,,6.0,
2012-08-27,90.99,,6.0,2055.7080078125
2012-08-28,91.04,,6.0,2073.154052734375
2012-08-29,91.11,,6.0,2053.235107421875
2012-08-30,91.22,,6.0,2052.5849609375
2012-08-31,91.03,,6.0,2047.52197265625
2012-09-01,,0.3069321754753769,6.0,
2012-09-02,,,6.0,
2012-09-03,91.15,,6.0,2059.14697265625
2012-09-04,91.02,,6.0,2043.6490478515625
2012-09-05,91.09,,6.0,2037.6810302734375
2012-09-06,91.0,,6.0,2051.91796875
2012-09-07,90.75,,6.0,2127.761962890625
2012-09-08,,,6.0,
2012-09-09,,,6.0,
2012-09-10,90.56,,6.0,2134.89306640625
2012-09-11,90.45,,6.0,2120.553955078125
2012-09-12,90.31,,6.0,2126.553955078125
2012-09-13,90.26,,6.0,2110.37890625
2012-09-14,89.82,,6.0,2123.846923828125
2012-09-15,,,6.0,
2012-09-16,,,6.0,
2012-09-17,89.83,,6.0,2078.5
2012-09-18,90.06,,6.0,2059.54296875
2012-09-19,90.29,,6.0,2067.8310546875
2012-09-20,90.47,,6.0,2024.8370361328125
2012-09-21,90.23,,6.0,2026.68994140625
2012-09-22,,,6.0,
2012-09-23,,,6.0,
2012-09-24,90.4,,6.0,2033.1920166015625
2012-09-25,90.29,,6.0,2029.29296875
2012-09-26,90.62,,6.0,2004.1719970703125
2012-09-27,90.43,,6.0,2056.322998046875
2012-09-28,90.52,,6.0,2086.1689453125
2012-09-29,,,6.0,
2012-09-30,,,6.0,
2012-10-01,90.73,-0.1044854093589189,6.0,
2012-10-02,90.02,,6.0,
2012-10-03,90.08,,6.0,
2012-10-04,89.91,,6.0,
2012-10-05,89.91,,6.0,
2012-10-06,,,6.0,
2012-10-07,,,6.0,
2012-10-08,90.63,,6.0,2074.4189453125
2012-10-09,90.58,,6.0,2115.22900390625
2012-10-10,90.59,,6.0,2119.94189453125
2012-10-11,90.88,,6.0,2102.867919921875
2012-10-12,90.88,,6.0,2104.931884765625
2012-10-13,,,6.0,
2012-10-14,,,6.0,
2012-10-15,90.88,,6.0,2098.702880859375
2012-10-16,90.79,,6.0,2098.80810546875
2012-10-17,90.71,,6.0,2105.617919921875
2012-10-18,90.86,,6.0,2131.68798828125
2012-10-19,91.07,,6.0,2128.302001953125
2012-10-20,,,6.0,
2012-10-21,,,6.0,
2012-10-22,91.11,,6.0,2132.758056640625
2012-10-23,91.36,,6.0,2114.447021484375
2012-10-24,91.53,,6.0,2115.989990234375
2012-10-25,91.45,,6.0,2101.580078125
2012-10-26,91.55,,6.0,2066.208984375
2012-10-27,,,6.0,
2012-10-28,,,6.0,
2012-10-29,91.63,,6.0,2058.943115234375
2012-10-30,91.45,,6.0,2062.346923828125
2012-10-31,91.48,,6.0,2068.8798828125
2012-11-01,91.48,0.1045946955547369,6.0,2104.427001953125
2012-11-02,91.77,,6.0,2117.0458984375
2012-11-03,,,6.0,
2012-11-04,,,6.0,
2012-11-05,91.9,,6.0,2114.027099609375
2012-11-06,91.53,,6.0,2105.9990234375
2012-11-07,91.59,,6.0,2105.72998046875
2012-11-08,91.67,,6.0,2071.509033203125
2012-11-09,91.89,,6.0,2069.06689453125
2012-11-10,,,6.0,
2012-11-11,,,6.0,
2012-11-12,92.05,,6.0,2079.27294921875
2012-11-13,92.18,,6.0,2047.8890380859375
2012-11-14,92.3,,6.0,2055.4189453125
2012-11-15,92.36,,6.0,2030.2900390625
2012-11-16,92.4,,6.0,2014.7249755859375
2012-11-17,,,6.0,
2012-11-18,,,6.0,
2012-11-19,92.28,,6.0,2016.9820556640625
2012-11-20,92.21,,6.0,2008.9229736328125
2012-11-21,92.38,,6.0,2030.3189697265625
2012-11-22,92.23,,6.0,2015.6109619140625
2012-11-23,92.23,,6.0,2027.384033203125
2012-11-24,,,6.0,
2012-11-25,,,6.0,
2012-11-26,92.09,,6.0,2017.4639892578125
2012-11-27,92.1,,6.0,1991.1650390625
2012-11-28,92.22,,6.0,1973.52294921875
2012-11-29,91.92,,6.0,1963.488037109375
2012-11-30,91.99,,6.0,1980.116943359375
2012-12-01,,0.7985670572430729,6.0,
2012-12-02,,,6.0,
2012-12-03,91.8,,6.0,1959.7669677734375
2012-12-04,91.76,,6.0,1975.1429443359375
2012-12-05,91.74,,6.0,2031.906982421875
2012-12-06,91.74,,6.0,2029.237060546875
2012-12-07,92.09,,6.0,2061.785888671875
2012-12-08,,,6.0,
2012-12-09,,,6.0,
2012-12-10,91.75,,6.0,2083.77001953125
2012-12-11,91.54,,6.0,2074.7041015625
2012-12-12,91.45,,6.0,2082.72607421875
2012-12-13,91.33,,6.0,2061.47607421875
2012-12-14,91.6,,6.0,2150.625
2012-12-15,,,6.0,
2012-12-16,,,6.0,
2012-12-17,91.58,,6.0,2160.342041015625
2012-12-18,91.68,,6.0,2162.464111328125
2012-12-19,91.45,,6.0,2162.239013671875
2012-12-20,91.55,,6.0,2168.35302734375
2012-12-21,91.67,,6.0,2153.31005859375
2012-12-22,,,6.0,
2012-12-23,,,6.0,
2012-12-24,91.71,,6.0,2159.052978515625
2012-12-25,91.71,,6.0,2213.611083984375
2012-12-26,91.72,,6.0,2219.132080078125
2012-12-27,91.75,,6.0,2205.89697265625
2012-12-28,91.96,,6.0,2233.251953125
2012-12-29,,,6.0,
2012-12-30,,,6.0,
2012-12-31,91.97,,6.0,2269.1279296875
2013-01-01,91.97,0.9995557529986648,6.0,
2013-01-02,91.75,,6.0,
2013-01-03,92.0,,6.0,
2013-01-04,92.6,,6.0,2276.991943359375
2013-01-05,,,6.0,
2013-01-06,,,6.0,
2013-01-07,92.42,,6.0,2285.364013671875
2013-01-08,92.34,,6.0,2276.070068359375
2013-01-09,92.37,,6.0,2275.340087890625
2013-01-10,92.31,,6.0,2283.656982421875
2013-01-11,92.23,,6.0,2242.9970703125
2013-01-12,,,6.0,
2013-01-13,,,6.0,
2013-01-14,92.13,,6.0,2311.739990234375
2013-01-15,92.13,,6.0,2325.681884765625
2013-01-16,92.18,,6.0,2309.4990234375
2013-01-17,92.06,,6.0,2284.908935546875
2013-01-18,92.29,,6.0,2317.070068359375
2013-01-19,,,6.0,
2013-01-20,,,6.0,
2013-01-21,92.3,,6.0,2328.220947265625
2013-01-22,92.21,,6.0,2315.138916015625
2013-01-23,92.19,,6.0,2320.910888671875
2013-01-24,92.36,,6.0,2302.597900390625
2013-01-25,92.51,,6.0,2291.303955078125
2013-01-26,,,6.0,
2013-01-27,,,6.0,
2013-01-28,92.66,,6.0,2346.5048828125
2013-01-29,92.53,,6.0,2358.97705078125
2013-01-30,92.53,,6.0,2382.47509765625
2013-01-31,92.5,,6.0,2385.422119140625
2013-02-01,92.45,1.09962612711678,6.0,2419.02001953125
2013-02-02,,,6.0,
2013-02-03,,,6.0,
2013-02-04,92.52,,6.0,2428.154052734375
2013-02-05,92.65,,6.0,2433.1298828125
2013-02-06,92.77,,6.0,2434.47705078125
2013-02-07,92.74,,6.0,2418.530029296875
2013-02-08,92.8,,6.0,2432.402099609375
2013-02-09,,,6.0,
2013-02-10,,,6.0,
2013-02-11,93.05,,6.0,
2013-02-12,93.09,,6.0,
2013-02-13,92.8,,6.0,
2013-02-14,93.03,,6.0,
2013-02-15,92.98,,6.0,
2013-02-16,,,6.0,
2013-02-17,,,6.0,
2013-02-18,92.9,,6.0,2421.55810546875
2013-02-19,92.85,,6.0,2382.9140625
2013-02-20,92.92,,6.0,2397.177978515625
2013-02-21,93.37,,6.0,2325.950927734375
2013-02-22,93.28,,6.0,2314.1640625
2013-02-23,,,6.0,
2013-02-24,,,6.0,
2013-02-25,93.22,,6.0,2325.819091796875
2013-02-26,93.56,,6.0,2293.341064453125
2013-02-27,93.49,,6.0,2313.219970703125
2013-02-28,93.52,,6.0,2365.593017578125
2013-03-01,94.0,-0.899137118410564,6.0,2359.506103515625
2013-03-02,,,6.0,
2013-03-03,,,6.0,
2013-03-04,94.11,,6.0,2273.404052734375
2013-03-05,94.01,,6.0,2326.305908203125
2013-03-06,94.01,,6.0,2347.178955078125
2013-03-07,94.25,,6.0,2324.29296875
2013-03-08,94.29,,6.0,2318.611083984375
2013-03-09,,,6.0,
2013-03-10,,,6.0,
2013-03-11,94.61,,6.0,2310.593017578125
2013-03-12,94.42,,6.0,2286.60498046875
2013-03-13,94.65,,6.0,2263.968017578125
2013-03-14,94.88,,6.0,2270.277099609375
2013-03-15,94.42,,6.0,2278.40087890625
2013-03-16,,,6.0,
2013-03-17,,,6.0,
2013-03-18,94.63,,6.0,2240.01611328125
2013-03-19,94.67,,6.0,2257.43408203125
2013-03-20,94.69,,6.0,2317.375
2013-03-21,94.69,,6.0,2324.241943359375
2013-03-22,94.75,,6.0,2328.278076171875
2013-03-23,,,6.0,
2013-03-24,,,6.0,
2013-03-25,94.59,,6.0,2326.715087890625
2013-03-26,94.65,,6.0,2297.6689453125
2013-03-27,94.87,,6.0,2301.260009765625
2013-03-28,94.75,,6.0,2236.302001953125
2013-03-29,94.75,,6.0,2236.62109375
2013-03-30,,,6.0,
2013-03-31,,,6.0,
2013-04-01,94.75,0.1977024950611049,6.0,2234.39501953125
2013-04-02,95.03,,6.0,2227.739990234375
2013-04-03,94.72,,6.0,2225.294921875
2013-04-04,95.28,,6.0,
2013-04-05,95.12,,6.0,
2013-04-06,,,6.0,
2013-04-07,,,6.0,
2013-04-08,95.26,,6.0,2211.592041015625
2013-04-09,95.19,,6.0,2225.77392578125
2013-04-10,95.16,,6.0,2226.1259765625
2013-04-11,95.04,,6.0,2219.552978515625
2013-04-12,95.24,,6.0,2206.780029296875
2013-04-13,,,6.0,
2013-04-14,,,6.0,
2013-04-15,95.07,,6.0,2181.94091796875
2013-04-16,95.01,,6.0,2194.844970703125
2013-04-17,95.28,,6.0,2193.7958984375
2013-04-18,95.37,,6.0,2197.60205078125
2013-04-19,95.39,,6.0,2244.64306640625
2013-04-20,,,6.0,
2013-04-21,,,6.0,
2013-04-22,95.63,,6.0,2242.1689453125
2013-04-23,95.7,,6.0,2184.5380859375
2013-04-24,95.73,,6.0,2218.318115234375
2013-04-25,95.54,,6.0,2199.306884765625
2013-04-26,95.64,,6.0,2177.912109375
2013-04-27,,,6.0,
2013-04-28,,,6.0,
2013-04-29,95.14,,6.0,
2013-04-30,95.18,,6.0,
2013-05-01,95.18,-0.5989475698151518,6.0,
2013-05-02,95.15,,6.0,2174.123046875
2013-05-03,95.3,,6.0,2205.4970703125
2013-05-04,,,6.0,
2013-05-05,,,6.0,
2013-05-06,95.27,,6.0,2231.166015625
2013-05-07,95.43,,6.0,2235.574951171875
2013-05-08,95.38,,6.0,2246.300048828125
2013-05-09,95.57,,6.0,2232.970947265625
2013-05-10,96.44,,6.0,2246.8310546875
2013-05-11,,,6.0,
2013-05-12,,,6.0,
2013-05-13,96.52,,6.0,2241.919921875
2013-05-14,96.61,,6.0,2217.010009765625
2013-05-15,97.1,,6.0,2224.797119140625
2013-05-16,97.03,,6.0,2251.804931640625
2013-05-17,97.22,,6.0,2282.8701171875
2013-05-18,,,6.0,
2013-05-19,,,6.0,
2013-05-20,97.34,,6.0,2299.986083984375
2013-05-21,97.37,,6.0,2305.114013671875
2013-05-22,97.45,,6.0,2302.403076171875
2013-05-23,97.53,,6.0,2275.6669921875
2013-05-24,97.38,,6.0,2288.531982421875
2013-05-25,,,6.0,
2013-05-26,,,6.0,
2013-05-27,97.44,,6.0,2293.076904296875
2013-05-28,97.69,,6.0,2321.318115234375
2013-05-29,97.6,,6.0,2324.01708984375
2013-05-30,97.66,,6.0,2317.7490234375
2013-05-31,97.44,,6.0,2300.594970703125
2013-06-01,,0.0,6.0,
2013-06-02,,,6.0,
2013-06-03,97.45,,6.0,2299.251953125
2013-06-04,97.18,,6.0,2272.4169921875
2013-06-05,97.15,,6.0,2270.929931640625
2013-06-06,96.89,,6.0,2242.110107421875
2013-06-07,96.17,,6.0,2210.89794921875
2013-06-08,,,6.0,
2013-06-09,,,6.0,
2013-06-10,97.04,,6.0,
2013-06-11,96.75,,6.0,
2013-06-12,96.45,,6.0,
2013-06-13,96.03,,6.0,2148.35498046875
2013-06-14,96.05,,6.0,2162.041015625
2013-06-15,,,6.0,
2013-06-16,,,6.0,
2013-06-17,96.05,,6.0,2156.215087890625
2013-06-18,96.33,,6.0,2159.291015625
2013-06-19,96.18,,6.0,2143.4541015625
2013-06-20,97.63,,6.0,2084.02099609375
2013-06-21,97.6,,6.0,2073.094970703125
2013-06-22,,,6.0,
2013-06-23,,,6.0,
2013-06-24,97.88,,6.0,1963.2349853515625
2013-06-25,97.32,,6.0,1959.508056640625
2013-06-26,97.74,,6.0,1951.4949951171875
2013-06-27,97.52,,6.0,1950.011962890625
2013-06-28,97.7,,6.0,1979.2060546875
2013-06-29,,,6.0,
2013-06-30,,,6.0,
2013-07-01,97.93,0.098883338230973,6.0,1995.241943359375
2013-07-02,98.05,,6.0,2006.56005859375
2013-07-03,98.3,,6.0,1994.2679443359375
2013-07-04,98.35,,6.0,2006.0980224609375
2013-07-05,98.46,,6.0,2007.198974609375
2013-07-06,,,6.0,
2013-07-07,,,6.0,
2013-07-08,98.88,,6.0,1958.27294921875
2013-07-09,98.77,,6.0,1965.4539794921875
2013-07-10,98.55,,6.0,2008.1259765625
2013-07-11,97.79,,6.0,2072.990966796875
2013-07-12,97.8,,6.0,2039.4859619140625
2013-07-13,,,6.0,
2013-07-14,,,6.0,
2013-07-15,97.96,,6.0,2059.389892578125
2013-07-16,97.4,,6.0,2065.719970703125
2013-07-17,97.46,,6.0,2044.9219970703125
2013-07-18,97.55,,6.0,2023.39599609375
2013-07-19,97.48,,6.0,1992.64794921875
2013-07-20,,,6.0,
2013-07-21,,,6.0,
2013-07-22,97.23,,6.0,2004.761962890625
2013-07-23,97.33,,6.0,2043.8759765625
2013-07-24,97.15,,6.0,2033.3289794921875
2013-07-25,97.37,,6.0,2021.1739501953125
2013-07-26,97.08,,6.0,2010.8499755859375
2013-07-27,,,6.0,
2013-07-28,,,6.0,
2013-07-29,97.01,,6.0,1976.3060302734375
2013-07-30,97.14,,6.0,1990.06396484375
2013-07-31,97.36,,6.0,1993.7989501953125
2013-08-01,97.52,0.503028888565957,6.0,2029.0670166015625
2013-08-02,97.94,,6.0,2029.41796875
2013-08-03,,,6.0,
2013-08-04,,,6.0,
2013-08-05,97.46,,6.0,2050.48095703125
2013-08-06,97.41,,6.0,2060.5
2013-08-07,97.32,,6.0,2046.7779541015625
2013-08-08,96.95,,6.0,2044.89501953125
2013-08-09,96.81,,6.0,2052.235107421875
2013-08-10,,,6.0,
2013-08-11,,,6.0,
2013-08-12,97.13,,6.0,2101.282958984375
2013-08-13,97.36,,6.0,2106.156005859375
2013-08-14,97.61,,6.0,2100.136962890625
2013-08-15,97.57,,6.0,2081.8798828125
2013-08-16,97.36,,6.0,2068.451904296875
2013-08-17,,,6.0,
2013-08-18,,,6.0,
2013-08-19,97.53,,6.0,2085.60205078125
2013-08-20,97.4,,6.0,2072.594970703125
2013-08-21,97.54,,6.0,2072.9609375
2013-08-22,98.1,,6.0,2067.1240234375
2013-08-23,97.95,,6.0,2057.4580078125
2013-08-24,,,6.0,
2013-08-25,,,6.0,
2013-08-26,97.82,,6.0,2096.47412109375
2013-08-27,98.06,,6.0,2103.56591796875
2013-08-28,98.15,,6.0,2101.301025390625
2013-08-29,98.13,,6.0,2097.22705078125
2013-08-30,98.22,,6.0,2098.382080078125
2013-08-31,,,6.0,
2013-09-01,,0.7969913830874878,6.0,
2013-09-02,98.21,,6.0,2098.447998046875
2013-09-03,98.49,,6.0,2123.112060546875
2013-09-04,98.32,,6.0,2127.617919921875
2013-09-05,98.43,,6.0,2122.429931640625
2013-09-06,98.43,,6.0,2139.992919921875
2013-09-07,,,6.0,
2013-09-08,,,6.0,
2013-09-09,98.0,,6.0,2212.51611328125
2013-09-10,97.87,,6.0,2237.98388671875
2013-09-11,97.74,,6.0,2241.26806640625
2013-09-12,97.57,,6.0,2255.60400390625
2013-09-13,97.62,,6.0,2236.217041015625
2013-09-14,,,6.0,
2013-09-15,,,6.0,
2013-09-16,97.1,,6.0,2231.40087890625
2013-09-17,97.18,,6.0,2185.56005859375
2013-09-18,97.11,,6.0,2191.85107421875
2013-09-19,96.23,,6.0,
2013-09-20,96.62,,6.0,
2013-09-21,,,6.0,
2013-09-22,,,6.0,
2013-09-23,96.61,,6.0,2221.0439453125
2013-09-24,96.63,,6.0,2207.531005859375
2013-09-25,96.69,,6.0,2198.514892578125
2013-09-26,96.69,,6.0,2155.80908203125
2013-09-27,96.71,,6.0,2160.027099609375
2013-09-28,,,6.0,
2013-09-29,,,6.0,
2013-09-30,96.67,,6.0,2174.6650390625
2013-10-01,96.43,0.1004119352553058,6.0,
2013-10-02,96.49,,6.0,
2013-10-03,96.24,,6.0,
2013-10-04,96.15,,6.0,
2013-10-05,,,6.0,
2013-10-06,,,6.0,
2013-10-07,96.2,,6.0,
2013-10-08,96.12,,6.0,2198.198974609375
2013-10-09,96.44,,6.0,2211.76904296875
2013-10-10,96.45,,6.0,2190.928955078125
2013-10-11,96.3,,6.0,2228.14599609375
2013-10-12,,,6.0,
2013-10-13,,,6.0,
2013-10-14,96.51,,6.0,2237.77294921875
2013-10-15,96.71,,6.0,2233.412109375
2013-10-16,96.61,,6.0,2193.073974609375
2013-10-17,96.18,,6.0,2188.5419921875
2013-10-18,96.12,,6.0,2193.780029296875
2013-10-19,,,6.0,
2013-10-20,,,6.0,
2013-10-21,96.28,,6.0,2229.237060546875
2013-10-22,96.36,,6.0,2210.652099609375
2013-10-23,96.18,,6.0,2183.10693359375
2013-10-24,96.11,,6.0,2164.322021484375
2013-10-25,96.24,,6.0,2132.955078125
2013-10-26,,,6.0,
2013-10-27,,,6.0,
2013-10-28,96.21,,6.0,2133.868896484375
2013-10-29,96.28,,6.0,2128.864013671875
2013-10-30,96.22,,6.0,2160.462890625
2013-10-31,96.54,,6.0,2141.614013671875
2013-11-01,96.85,-0.1003835854382199,6.0,2149.56201171875
2013-11-02,,,6.0,
2013-11-03,,,6.0,
2013-11-04,96.86,,6.0,2149.634033203125
2013-11-05,96.87,,6.0,2157.239990234375
2013-11-06,97.01,,6.0,2139.60693359375
2013-11-07,97.36,,6.0,2129.39990234375
2013-11-08,97.21,,6.0,2106.126953125
2013-11-09,,,6.0,
2013-11-10,,,6.0,
2013-11-11,97.72,,6.0,2109.470947265625
2013-11-12,97.82,,6.0,2126.77197265625
2013-11-13,97.75,,6.0,2087.94091796875
2013-11-14,97.74,,6.0,2100.506103515625
2013-11-15,97.64,,6.0,2135.826904296875
2013-11-16,,,6.0,
2013-11-17,,,6.0,
2013-11-18,97.32,,6.0,2197.218994140625
2013-11-19,97.27,,6.0,2193.125
2013-11-20,97.27,,6.0,2206.613037109375
2013-11-21,97.73,,6.0,2205.76611328125
2013-11-22,97.64,,6.0,2196.3779296875
2013-11-23,,,6.0,
2013-11-24,,,6.0,
2013-11-25,97.78,,6.0,2186.114990234375
2013-11-26,97.73,,6.0,2183.072998046875
2013-11-27,97.74,,6.0,2201.070068359375
2013-11-28,97.83,,6.0,2219.3720703125
2013-11-29,97.7,,6.0,2220.50390625
2013-11-30,,,6.0,
2013-12-01,,0.3000044192875069,6.0,
2013-12-02,97.95,,6.0,2207.37109375
2013-12-03,97.94,,6.0,2222.669921875
2013-12-04,97.96,,6.0,2251.761962890625
2013-12-05,97.88,,6.0,2247.06298828125
2013-12-06,97.88,,6.0,2237.10791015625
2013-12-07,,,6.0,
2013-12-08,,,6.0,
2013-12-09,97.8,,6.0,2238.199951171875
2013-12-10,97.71,,6.0,2237.491943359375
2013-12-11,97.75,,6.0,2204.166015625
2013-12-12,97.79,,6.0,2202.7958984375
2013-12-13,98.06,,6.0,2196.074951171875
2013-12-14,,,6.0,
2013-12-15,,,6.0,
2013-12-16,97.86,,6.0,2160.861083984375
2013-12-17,97.98,,6.0,2151.0791015625
2013-12-18,98.02,,6.0,2148.284912109375
2013-12-19,98.5,,6.0,2127.7919921875
2013-12-20,98.68,,6.0,2084.7939453125
2013-12-21,,,6.0,
2013-12-22,,,6.0,
2013-12-23,98.46,,6.0,2089.70703125
2013-12-24,98.47,,6.0,2092.905029296875
2013-12-25,98.47,,6.0,2106.35400390625
2013-12-26,98.47,,6.0,2073.09912109375
2013-12-27,98.38,,6.0,2101.2509765625
2013-12-28,,,6.0,
2013-12-29,,,6.0,
2013-12-30,98.58,,6.0,2097.529052734375
2013-12-31,98.57,,6.0,2115.97802734375
2014-01-01,98.57,0.999960995453802,6.0,
2014-01-02,99.06,,6.0,2109.386962890625
2014-01-03,98.9,,6.0,2083.135009765625
2014-01-04,,,6.0,
2014-01-05,,,6.0,
2014-01-06,99.25,,6.0,2045.708984375
2014-01-07,99.12,,6.0,2047.3170166015625
2014-01-08,99.27,,6.0,2044.3399658203125
2014-01-09,99.26,,6.0,2027.6219482421875
2014-01-10,99.29,,6.0,2013.2979736328125
2014-01-11,,,6.0,
2014-01-12,,,6.0,
2014-01-13,98.95,,6.0,2009.56396484375
2014-01-14,99.02,,6.0,2026.842041015625
2014-01-15,99.28,,6.0,2023.3480224609375
2014-01-16,99.26,,6.0,2023.7010498046875
2014-01-17,99.36,,6.0,2004.948974609375
2014-01-18,,,6.0,
2014-01-19,,,6.0,
2014-01-20,99.33,,6.0,1991.2530517578125
2014-01-21,99.73,,6.0,2008.31298828125
2014-01-22,99.53,,6.0,2051.7490234375
2014-01-23,99.5,,6.0,2042.1800537109375
2014-01-24,99.55,,6.0,2054.39208984375
2014-01-25,,,6.0,
2014-01-26,,,6.0,
2014-01-27,99.66,,6.0,2033.300048828125
2014-01-28,99.55,,6.0,2038.512939453125
2014-01-29,99.52,,6.0,2049.9140625
2014-01-30,99.59,,6.0,2033.0830078125
2014-01-31,99.74,,6.0,
2014-02-01,,0.5000364729120689,6.0,
2014-02-02,,,6.0,
2014-02-03,99.76,,6.0,
2014-02-04,99.48,,6.0,
2014-02-05,99.36,,6.0,
2014-02-06,99.47,,6.0,
2014-02-07,99.34,,6.0,2044.4969482421875
2014-02-08,,,6.0,
2014-02-09,,,6.0,
2014-02-10,99.21,,6.0,2086.06689453125
2014-02-11,99.05,,6.0,2103.6708984375
2014-02-12,99.09,,6.0,2109.955078125
2014-02-13,98.93,,6.0,2098.40087890625
2014-02-14,98.55,,6.0,2115.847900390625
2014-02-15,,,6.0,
2014-02-16,,,6.0,
2014-02-17,98.59,,6.0,2135.4150390625
2014-02-18,98.66,,6.0,2119.06591796875
2014-02-19,98.51,,6.0,2142.553955078125
2014-02-20,98.64,,6.0,2138.781982421875
2014-02-21,98.51,,6.0,2113.693115234375
2014-02-22,,,6.0,
2014-02-23,,,6.0,
2014-02-24,98.28,,6.0,2076.68603515625
2014-02-25,97.77,,6.0,2034.218994140625
2014-02-26,97.8,,6.0,2041.2540283203125
2014-02-27,97.88,,6.0,2047.35400390625
2014-02-28,97.24,,6.0,2056.302001953125
2014-03-01,,-0.500039137829193,6.0,
2014-03-02,,,6.0,
2014-03-03,97.36,,6.0,2075.235107421875
2014-03-04,97.41,,6.0,2071.472900390625
2014-03-05,97.71,,6.0,2053.083984375
2014-03-06,97.7,,6.0,2059.577880859375
2014-03-07,97.31,,6.0,2057.907958984375
2014-03-08,,,6.0,
2014-03-09,,,6.0,
2014-03-10,97.31,,6.0,1999.06494140625
2014-03-11,97.39,,6.0,2001.156982421875
2014-03-12,97.32,,6.0,1997.6920166015625
2014-03-13,97.21,,6.0,2019.1109619140625
2014-03-14,97.05,,6.0,2004.3389892578125
2014-03-15,,,6.0,
2014-03-16,,,6.0,
2014-03-17,96.55,,6.0,2023.6729736328125
2014-03-18,96.31,,6.0,2025.196044921875
2014-03-19,96.2,,6.0,2021.7340087890625
2014-03-20,96.4,,6.0,1993.47900390625
2014-03-21,96.33,,6.0,2047.6190185546875
2014-03-22,,,6.0,
2014-03-23,,,6.0,
2014-03-24,96.74,,6.0,2066.279052734375
2014-03-25,96.54,,6.0,2067.31103515625
2014-03-26,96.32,,6.0,2063.669921875
2014-03-27,96.26,,6.0,2046.5880126953125
2014-03-28,96.13,,6.0,2041.7120361328125
2014-03-29,,,6.0,
2014-03-30,,,6.0,
2014-03-31,95.97,,6.0,2033.3060302734375
2014-04-01,96.1,-0.3000150901511459,6.0,2047.4599609375
2014-04-02,96.15,,6.0,2058.988037109375
2014-04-03,96.17,,6.0,2043.7020263671875
2014-04-04,96.25,,6.0,2058.8310546875
2014-04-05,,,6.0,
2014-04-06,,,6.0,
2014-04-07,96.07,,6.0,
2014-04-08,95.89,,6.0,2098.283935546875
2014-04-09,95.68,,6.0,2105.237060546875
2014-04-10,95.24,,6.0,2134.300048828125
2014-04-11,95.39,,6.0,2130.5419921875
2014-04-12,,,6.0,
2014-04-13,,,6.0,
2014-04-14,95.42,,6.0,2131.5390625
2014-04-15,95.44,,6.0,2101.60107421875
2014-04-16,95.39,,6.0,2105.1220703125
2014-04-17,95.43,,6.0,2098.885009765625
2014-04-18,95.43,,6.0,2097.748046875
2014-04-19,,,6.0,
2014-04-20,,,6.0,
2014-04-21,95.43,,6.0,2065.825927734375
2014-04-22,95.34,,6.0,2072.8310546875
2014-04-23,95.39,,6.0,2067.382080078125
2014-04-24,95.18,,6.0,2057.032958984375
2014-04-25,95.03,,6.0,2036.51904296875
2014-04-26,,,6.0,
2014-04-27,,,6.0,
2014-04-28,94.98,,6.0,2003.487060546875
2014-04-29,94.9,,6.0,2020.3409423828125
2014-04-30,94.86,,6.0,2026.3580322265625
2014-05-01,94.85,0.0999951221891711,6.0,
2014-05-02,94.75,,6.0,
2014-05-03,,,6.0,
2014-05-04,,,6.0,
2014-05-05,94.87,,6.0,2027.35302734375
2014-05-06,94.92,,6.0,2028.0379638671875
2014-05-07,94.79,,6.0,2010.0830078125
2014-05-08,94.78,,6.0,2015.2740478515625
2014-05-09,95.07,,6.0,2011.135009765625
2014-05-10,,,6.0,
2014-05-11,,,6.0,
2014-05-12,95.01,,6.0,2052.87109375
2014-05-13,95.21,,6.0,2050.72802734375
2014-05-14,95.14,,6.0,2047.9100341796875
2014-05-15,95.24,,6.0,2024.9739990234375
2014-05-16,95.06,,6.0,2026.5040283203125
2014-05-17,,,6.0,
2014-05-18,,,6.0,
2014-05-19,94.87,,6.0,2005.1829833984375
2014-05-20,94.99,,6.0,2008.1190185546875
2014-05-21,95.06,,6.0,2024.9510498046875
2014-05-22,95.08,,6.0,2021.2850341796875
2014-05-23,95.13,,6.0,2034.5689697265625
2014-05-24,,,6.0,
2014-05-25,,,6.0,
2014-05-26,95.08,,6.0,2041.4759521484375
2014-05-27,94.98,,6.0,2034.56494140625
2014-05-28,94.98,,6.0,2050.22802734375
2014-05-29,95.11,,6.0,2040.594970703125
2014-05-30,94.99,,6.0,2039.2120361328125
2014-05-31,,,6.0,
2014-06-01,,-0.0976020844709594,6.0,
2014-06-02,95.14,,6.0,
2014-06-03,95.07,,6.0,2038.3050537109375
2014-06-04,95.23,,6.0,2024.833984375
2014-06-05,95.19,,6.0,2040.8780517578125
2014-06-06,94.99,,6.0,2029.9560546875
2014-06-07,,,6.0,
2014-06-08,,,6.0,
2014-06-09,95.09,,6.0,2030.501953125
2014-06-10,95.49,,6.0,2052.531982421875
2014-06-11,95.42,,6.0,2054.947998046875
2014-06-12,95.56,,6.0,2051.712890625
2014-06-13,95.77,,6.0,2070.715087890625
2014-06-14,,,6.0,
2014-06-15,,,6.0,
2014-06-16,95.53,,6.0,2085.98291015625
2014-06-17,95.5,,6.0,2066.697998046875
2014-06-18,95.55,,6.0,2055.51904296875
2014-06-19,95.24,,6.0,2023.7349853515625
2014-06-20,95.46,,6.0,2026.6739501953125
2014-06-21,,,6.0,
2014-06-22,,,6.0,
2014-06-23,95.36,,6.0,2024.364990234375
2014-06-24,95.23,,6.0,2033.9310302734375
2014-06-25,95.23,,6.0,2025.501953125
2014-06-26,95.31,,6.0,2038.677001953125
2014-06-27,95.28,,6.0,2036.510009765625
2014-06-28,,,6.0,
2014-06-29,,,6.0,
2014-06-30,95.41,,6.0,2048.326904296875
2014-07-01,95.39,0.100423212108161,6.0,2050.381103515625
2014-07-02,95.22,,6.0,2059.41796875
2014-07-03,95.33,,6.0,2063.22900390625
2014-07-04,95.53,,6.0,2059.375
2014-07-05,,,6.0,
2014-07-06,,,6.0,
2014-07-07,95.56,,6.0,2059.927001953125
2014-07-08,95.52,,6.0,2064.02099609375
2014-07-09,95.5,,6.0,2038.612060546875
2014-07-10,95.46,,6.0,2038.342041015625
2014-07-11,95.48,,6.0,2046.9610595703125
2014-07-12,,,6.0,
2014-07-13,,,6.0,
2014-07-14,95.44,,6.0,2066.64599609375
2014-07-15,95.6,,6.0,2070.35693359375
2014-07-16,95.76,,6.0,2067.27587890625
2014-07-17,95.77,,6.0,2055.591064453125
2014-07-18,95.72,,6.0,2059.06689453125
2014-07-19,,,6.0,
2014-07-20,,,6.0,
2014-07-21,95.65,,6.0,2054.47900390625
2014-07-22,95.8,,6.0,2075.48095703125
2014-07-23,95.79,,6.0,2078.489013671875
2014-07-24,95.95,,6.0,2105.06201171875
2014-07-25,96.05,,6.0,2126.614013671875
2014-07-26,,,6.0,
2014-07-27,,,6.0,
2014-07-28,96.2,,6.0,2177.947998046875
2014-07-29,96.38,,6.0,2183.19189453125
2014-07-30,96.65,,6.0,2181.242919921875
2014-07-31,96.89,,6.0,2201.56201171875
2014-08-01,97.02,0.2006449301325909,6.0,2185.302978515625
2014-08-02,,,6.0,
2014-08-03,,,6.0,
2014-08-04,96.81,,6.0,2223.3310546875
2014-08-05,97.0,,6.0,2219.945068359375
2014-08-06,97.35,,6.0,2217.465087890625
2014-08-07,97.32,,6.0,2187.6689453125
2014-08-08,97.23,,6.0,2194.425048828125
2014-08-09,,,6.0,
2014-08-10,,,6.0,
2014-08-11,97.26,,6.0,2224.654052734375
2014-08-12,97.32,,6.0,2221.594970703125
2014-08-13,97.34,,6.0,2222.876953125
2014-08-14,97.15,,6.0,2206.466064453125
2014-08-15,97.09,,6.0,2226.73388671875
2014-08-16,,,6.0,
2014-08-17,,,6.0,
2014-08-18,97.19,,6.0,2239.466064453125
2014-08-19,97.37,,6.0,2245.330078125
2014-08-20,97.69,,6.0,2240.2109375
2014-08-21,97.61,,6.0,2230.4580078125
2014-08-22,97.56,,6.0,2240.81201171875
2014-08-23,,,6.0,
2014-08-24,,,6.0,
2014-08-25,97.68,,6.0,2229.27392578125
2014-08-26,97.57,,6.0,2207.10595703125
2014-08-27,97.75,,6.0,2209.465087890625
2014-08-28,97.85,,6.0,2195.818115234375
2014-08-29,97.81,,6.0,2217.199951171875
2014-08-30,,,6.0,
2014-08-31,,,6.0,
2014-09-01,97.93,0.493456339841224,6.0,2235.510986328125
2014-09-02,98.14,,6.0,2266.0458984375
2014-09-03,98.12,,6.0,2288.626953125
2014-09-04,98.4,,6.0,2306.862060546875
2014-09-05,98.63,,6.0,2326.431884765625
2014-09-06,,,6.0,
2014-09-07,,,6.0,
2014-09-08,98.63,,6.0,
2014-09-09,99.12,,6.0,2326.527099609375
2014-09-10,99.36,,6.0,2318.304931640625
2014-09-11,99.43,,6.0,2311.678955078125
2014-09-12,99.4,,6.0,2331.949951171875
2014-09-13,,,6.0,
2014-09-14,,,6.0,
2014-09-15,99.44,,6.0,2339.139892578125
2014-09-16,99.29,,6.0,2296.554931640625
2014-09-17,99.34,,6.0,2307.89306640625
2014-09-18,99.85,,6.0,2315.927978515625
2014-09-19,99.77,,6.0,2329.450927734375
2014-09-20,,,6.0,
2014-09-21,,,6.0,
2014-09-22,99.9,,6.0,2289.865966796875
2014-09-23,99.74,,6.0,2309.718017578125
2014-09-24,99.93,,6.0,2343.574951171875
2014-09-25,100.39,,6.0,2345.10302734375
2014-09-26,100.58,,6.0,2347.718017578125
2014-09-27,,,6.0,
2014-09-28,,,6.0,
2014-09-29,100.55,,6.0,2357.7109375
2014-09-30,101.04,,6.0,2363.8701171875
2014-10-01,101.05,0.0030600626245424,6.0,
2014-10-02,100.81,,6.0,
2014-10-03,100.94,,6.0,
2014-10-04,,,6.0,
2014-10-05,,,6.0,
2014-10-06,101.06,,6.0,
2014-10-07,100.92,,6.0,
2014-10-08,100.93,,6.0,2382.7939453125
2014-10-09,100.38,,6.0,2389.37109375
2014-10-10,101.0,,6.0,2374.5400390625
2014-10-11,,,6.0,
2014-10-12,,,6.0,
2014-10-13,100.78,,6.0,2366.009033203125
2014-10-14,100.95,,6.0,2359.47509765625
2014-10-15,100.9,,6.0,2373.669921875
2014-10-16,100.8,,6.0,2356.4990234375
2014-10-17,100.48,,6.0,2341.18408203125
2014-10-18,,,6.0,
2014-10-19,,,6.0,
2014-10-20,100.63,,6.0,2356.72802734375
2014-10-21,100.56,,6.0,2339.656982421875
2014-10-22,100.79,,6.0,2326.552978515625
2014-10-23,100.98,,6.0,2302.41796875
2014-10-24,101.14,,6.0,2302.280029296875
2014-10-25,,,6.0,
2014-10-26,,,6.0,
2014-10-27,101.11,,6.0,2290.43701171875
2014-10-28,100.9,,6.0,2337.87109375
2014-10-29,100.93,,6.0,2373.030029296875
2014-10-30,101.37,,6.0,2391.075927734375
2014-10-31,102.12,,6.0,2420.177978515625
2014-11-01,,-0.1999654152342439,6.0,
2014-11-02,,,6.0,
2014-11-03,102.41,,6.0,2430.970947265625
2014-11-04,102.48,,6.0,2430.737060546875
2014-11-05,102.97,,6.0,2420.39599609375
2014-11-06,102.87,,6.0,2425.80908203125
2014-11-07,103.25,,6.0,2419.14599609375
2014-11-08,,,6.0,
2014-11-09,,,6.0,
2014-11-10,102.71,,6.0,2473.18310546875
2014-11-11,103.19,,6.0,2470.594970703125
2014-11-12,102.91,,6.0,2494.27587890625
2014-11-13,102.98,,6.0,2486.669921875
2014-11-14,103.34,,6.0,2479.18505859375
2014-11-15,,,6.0,
2014-11-16,,,6.0,
2014-11-17,103.17,,6.0,2475.1201171875
2014-11-18,103.17,,6.0,2457.529052734375
2014-11-19,103.48,,6.0,2451.1669921875
2014-11-20,103.41,,6.0,2452.616943359375
2014-11-21,103.45,,6.0,2487.111083984375
2014-11-22,,,5.6,
2014-11-23,,,5.6,
2014-11-24,103.38,,5.6,2533.887939453125
2014-11-25,103.37,,5.6,2567.596923828125
2014-11-26,103.22,,5.6,2604.886962890625
2014-11-27,103.1,,5.6,2630.0458984375
2014-11-28,103.45,,5.6,2682.9189453125
2014-11-29,,,5.6,
2014-11-30,,,5.6,
2014-12-01,103.43,0.297126493743389,5.6,2680.739990234375
2014-12-02,103.82,,5.6,2763.31689453125
2014-12-03,104.18,,5.6,2779.736083984375
2014-12-04,104.16,,5.6,2900.362060546875
2014-12-05,104.2,,5.6,2938.781005859375
2014-12-06,,,5.6,
2014-12-07,,,5.6,
2014-12-08,104.3,,5.6,3021.52392578125
2014-12-09,103.57,,5.6,2859.9189453125
2014-12-10,103.64,,5.6,2940.876953125
2014-12-11,103.39,,5.6,2925.742919921875
2014-12-12,103.55,,5.6,2938.173095703125
2014-12-13,,,5.6,
2014-12-14,,,5.6,
2014-12-15,103.77,,5.6,2953.4208984375
2014-12-16,103.47,,5.6,3021.51806640625
2014-12-17,103.63,,5.6,3061.02001953125
2014-12-18,103.59,,5.6,3057.52099609375
2014-12-19,103.55,,5.6,3108.595947265625
2014-12-20,,,5.6,
2014-12-21,,,5.6,
2014-12-22,103.57,,5.6,3127.445068359375
2014-12-23,103.76,,5.6,3032.612060546875
2014-12-24,103.97,,5.6,2972.531982421875
2014-12-25,103.97,,5.6,
2014-12-26,103.97,,5.6,3157.60302734375
2014-12-27,,,5.6,
2014-12-28,,,5.6,
2014-12-29,103.9,,5.6,3168.01611328125
2014-12-30,104.21,,5.6,3165.81494140625
2014-12-31,104.14,,5.6,3234.677001953125
2015-01-01,104.14,0.3057016920233179,5.6,
2015-01-02,104.74,,5.6,
2015-01-03,,,5.6,
2015-01-04,,,5.6,
2015-01-05,104.98,,5.6,3350.51904296875
2015-01-06,105.02,,5.6,3351.446044921875
2015-01-07,105.26,,5.6,3373.9541015625
2015-01-08,105.25,,5.6,3293.4560546875
2015-01-09,105.11,,5.6,3285.412109375
2015-01-10,,,5.6,
2015-01-11,,,5.6,
2015-01-12,105.2,,5.6,3229.31591796875
2015-01-13,105.26,,5.6,3235.301025390625
2015-01-14,105.14,,5.6,3222.43701171875
2015-01-15,104.77,,5.6,3336.455078125
2015-01-16,104.88,,5.6,3376.4951171875
2015-01-17,,,5.6,
2015-01-18,,,5.6,
2015-01-19,104.72,,5.6,3116.35107421875
2015-01-20,105.19,,5.6,3173.052001953125
2015-01-21,104.93,,5.6,3323.611083984375
2015-01-22,104.93,,5.6,3343.343994140625
2015-01-23,105.62,,5.6,3351.763916015625
2015-01-24,,,5.6,
2015-01-25,,,5.6,
2015-01-26,105.2,,5.6,3383.181884765625
2015-01-27,105.12,,5.6,3352.9599609375
2015-01-28,105.11,,5.6,3305.738037109375
2015-01-29,105.58,,5.6,3262.304931640625
2015-01-30,105.8,,5.6,3210.363037109375
2015-01-31,,,5.6,
2015-02-01,,1.1971082287901202,5.6,
2015-02-02,105.56,,5.6,3128.300048828125
2015-02-03,105.22,,5.6,3204.906982421875
2015-02-04,104.95,,5.6,3174.1259765625
2015-02-05,105.11,,5.6,3136.531005859375
2015-02-06,104.9,,5.6,3075.906982421875
2015-02-07,,,5.6,
2015-02-08,,,5.6,
2015-02-09,105.74,,5.6,3095.1240234375
2015-02-10,105.85,,5.6,3141.593017578125
2015-02-11,106.09,,5.6,3157.7041015625
2015-02-12,106.1,,5.6,3173.416015625
2015-02-13,105.69,,5.6,3203.826904296875
2015-02-14,,,5.6,
2015-02-15,,,5.6,
2015-02-16,105.35,,5.6,3222.363037109375
2015-02-17,105.28,,5.6,3246.906005859375
2015-02-18,105.62,,5.6,
2015-02-19,105.55,,5.6,
2015-02-20,105.76,,5.6,
2015-02-21,,,5.6,
2015-02-22,,,5.6,
2015-02-23,105.88,,5.6,
2015-02-24,105.91,,5.6,
2015-02-25,105.35,,5.6,3228.843017578125
2015-02-26,105.25,,5.6,3298.35888671875
2015-02-27,105.45,,5.6,3310.302978515625
2015-02-28,,,5.6,
2015-03-01,,-0.5000035019155469,5.35,
2015-03-02,105.52,,5.35,3336.284912109375
2015-03-03,105.75,,5.35,3263.052001953125
2015-03-04,105.96,,5.35,3279.532958984375
2015-03-05,106.2,,5.35,3248.47607421875
2015-03-06,106.46,,5.35,3241.18701171875
2015-03-07,,,5.35,
2015-03-08,,,5.35,
2015-03-09,107.22,,5.35,3302.407958984375
2015-03-10,107.9,,5.35,3286.068115234375
2015-03-11,108.37,,5.35,3290.89990234375
2015-03-12,107.99,,5.35,3349.322998046875
2015-03-13,108.58,,5.35,3372.910888671875
2015-03-14,,,5.35,
2015-03-15,,,5.35,
2015-03-16,108.55,,5.35,3449.304931640625
2015-03-17,108.5,,5.35,3502.846923828125
2015-03-18,109.05,,5.35,3577.301025390625
2015-03-19,109.14,,5.35,3582.27099609375
2015-03-20,108.65,,5.35,3617.318115234375
2015-03-21,,,5.35,
2015-03-22,,,5.35,
2015-03-23,107.64,,5.35,3687.72802734375
2015-03-24,107.38,,5.35,3691.409912109375
2015-03-25,107.15,,5.35,3660.72705078125
2015-03-26,107.26,,5.35,3682.094970703125
2015-03-27,107.61,,5.35,3691.095947265625
2015-03-28,,,5.35,
2015-03-29,,,5.35,
2015-03-30,108.05,,5.35,3786.568115234375
2015-03-31,108.44,,5.35,3747.89892578125
2015-04-01,108.38,-0.1999787421400409,5.35,3810.2939453125
2015-04-02,107.91,,5.35,3825.783935546875
2015-04-03,107.91,,5.35,3863.928955078125
2015-04-04,,,5.35,
2015-04-05,,,5.35,
2015-04-06,107.9,,5.35,
2015-04-07,107.65,,5.35,3961.3779296875
2015-04-08,107.35,,5.35,3994.81103515625
2015-04-09,107.5,,5.35,3957.533935546875
2015-04-10,108.32,,5.35,4034.31005859375
2015-04-11,,,5.35,
2015-04-12,,,5.35,
2015-04-13,108.51,,5.35,4121.71484375
2015-04-14,108.28,,5.35,4135.56494140625
2015-04-15,108.26,,5.35,4084.1630859375
2015-04-16,107.66,,5.35,4194.8232421875
2015-04-17,107.16,,5.35,4287.2958984375
2015-04-18,,,5.35,
2015-04-19,,,5.35,
2015-04-20,107.54,,5.35,4217.0771484375
2015-04-21,107.72,,5.35,4293.623046875
2015-04-22,107.63,,5.35,4398.494140625
2015-04-23,107.66,,5.35,4414.5078125
2015-04-24,107.31,,5.35,4393.68603515625
2015-04-25,,,5.35,
2015-04-26,,,5.35,
2015-04-27,106.78,,5.35,4527.39599609375
2015-04-28,106.48,,5.35,4476.21484375
2015-04-29,106.45,,5.35,4476.6201171875
2015-04-30,105.88,,5.35,4441.65478515625
2015-05-01,105.88,-0.2000268018987119,5.35,
2015-05-02,,,5.35,
2015-05-03,,,5.35,
2015-05-04,106.53,,5.35,4480.4638671875
2015-05-05,106.74,,5.35,4298.7060546875
2015-05-06,106.24,,5.35,4229.26611328125
2015-05-07,106.13,,5.35,4112.2138671875
2015-05-08,106.38,,5.35,4205.9169921875
2015-05-09,,,5.35,
2015-05-10,,,5.35,
2015-05-11,106.46,,5.1,4333.583984375
2015-05-12,106.26,,5.1,4401.21923828125
2015-05-13,106.2,,5.1,4375.759765625
2015-05-14,105.56,,5.1,4378.31103515625
2015-05-15,105.87,,5.1,4308.69091796875
2015-05-16,,,5.1,
2015-05-17,,,5.1,
2015-05-18,105.57,,5.1,4283.4912109375
2015-05-19,106.22,,5.1,4417.5517578125
2015-05-20,106.65,,5.1,4446.2880859375
2015-05-21,106.65,,5.1,4529.421875
2015-05-22,106.53,,5.1,4657.59619140625
2015-05-23,,,5.1,
2015-05-24,,,5.1,
2015-05-25,107.18,,5.1,4813.7978515625
2015-05-26,107.61,,5.1,4910.89697265625
2015-05-27,108.2,,5.1,4941.7138671875
2015-05-28,108.17,,5.1,4620.26611328125
2015-05-29,108.02,,5.1,4611.744140625
2015-05-30,,,5.1,
2015-05-31,,,5.1,
2015-06-01,108.31,0.0018374895934469,5.1,4828.73779296875
2015-06-02,108.18,,5.1,4910.52685546875
2015-06-03,107.77,,5.1,4909.97802734375
2015-06-04,107.42,,5.1,4947.10205078125
2015-06-05,107.76,,5.1,5023.09619140625
2015-06-06,,,5.1,
2015-06-07,,,5.1,
2015-06-08,108.2,,5.1,5131.880859375
2015-06-09,107.71,,5.1,5113.5341796875
2015-06-10,107.22,,5.1,5106.0361328125
2015-06-11,107.54,,5.1,5121.5927734375
2015-06-12,107.5,,5.1,5166.35009765625
2015-06-13,,,5.1,
2015-06-14,,,5.1,
2015-06-15,107.51,,5.1,5062.9931640625
2015-06-16,107.47,,5.1,4887.43212890625
2015-06-17,107.39,,5.1,4967.89794921875
2015-06-18,106.52,,5.1,4785.35595703125
2015-06-19,106.94,,5.1,4478.36376953125
2015-06-20,,,5.1,
2015-06-21,,,5.1,
2015-06-22,106.74,,5.1,
2015-06-23,107.31,,5.1,4576.4921875
2015-06-24,107.32,,5.1,4690.14990234375
2015-06-25,107.37,,5.1,4527.77880859375
2015-06-26,107.61,,5.1,4192.873046875
2015-06-27,,,5.1,
2015-06-28,,,4.85,
2015-06-29,107.72,,4.85,4053.030029296875
2015-06-30,107.63,,4.85,4277.22216796875
2015-07-01,107.98,0.2981893992932759,4.85,4053.699951171875
2015-07-02,108.23,,4.85,3912.76708984375
2015-07-03,107.98,,4.85,3686.9150390625
2015-07-04,,,4.85,
2015-07-05,,,4.85,
2015-07-06,108.3,,4.85,3775.912109375
2015-07-07,108.56,,4.85,3727.125
2015-07-08,108.35,,4.85,3507.19189453125
2015-07-09,108.18,,4.85,3709.330078125
2015-07-10,107.81,,4.85,3877.802978515625
2015-07-11,,,4.85,
2015-07-12,,,4.85,
2015-07-13,108.37,,4.85,3970.387939453125
2015-07-14,108.45,,4.85,3924.487060546875
2015-07-15,108.48,,4.85,3805.702880859375
2015-07-16,109.04,,4.85,3823.176025390625
2015-07-17,108.97,,4.85,3957.35205078125
2015-07-18,,,4.85,
2015-07-19,,,4.85,
2015-07-20,109.34,,4.85,3992.110107421875
2015-07-21,109.27,,4.85,4017.675048828125
2015-07-22,109.18,,4.85,4026.044921875
2015-07-23,109.06,,4.85,4123.9228515625
2015-07-24,109.7,,4.85,4070.907958984375
2015-07-25,,,4.85,
2015-07-26,,,4.85,
2015-07-27,109.36,,4.85,3725.55810546875
2015-07-28,109.36,,4.85,3663.001953125
2015-07-29,109.26,,4.85,3789.16796875
2015-07-30,109.74,,4.85,3705.76611328125
2015-07-31,109.79,,4.85,3663.72607421875
2015-08-01,,0.4999663970203279,4.85,
2015-08-02,,,4.85,
2015-08-03,109.89,,4.85,3622.905029296875
2015-08-04,109.65,,4.85,3756.544921875
2015-08-05,110.12,,4.85,3694.572998046875
2015-08-06,110.31,,4.85,3661.5390625
2015-08-07,110.09,,4.85,3744.205078125
2015-08-08,,,4.85,
2015-08-09,,,4.85,
2015-08-10,110.07,,4.85,3928.4150390625
2015-08-11,108.16,,4.85,3927.907958984375
2015-08-12,106.82,,4.85,3886.320068359375
2015-08-13,106.83,,4.85,3954.555908203125
2015-08-14,106.84,,4.85,3965.3349609375
2015-08-15,,,4.85,
2015-08-16,,,4.85,
2015-08-17,107.23,,4.85,3993.66796875
2015-08-18,107.25,,4.85,3748.1640625
2015-08-19,107.36,,4.85,3794.10888671875
2015-08-20,107.33,,4.85,3664.291015625
2015-08-21,107.09,,4.85,3507.743896484375
2015-08-22,,,4.85,
2015-08-23,,,4.85,
2015-08-24,106.58,,4.85,3209.905029296875
2015-08-25,105.88,,4.85,2964.967041015625
2015-08-26,106.4,,4.6,2927.2880859375
2015-08-27,106.62,,4.6,3083.591064453125
2015-08-28,106.99,,4.6,3232.35009765625
2015-08-29,,,4.6,
2015-08-30,,,4.6,
2015-08-31,107.37,,4.6,3205.986083984375
2015-09-01,107.41,0.1000480258568468,4.6,3166.6240234375
2015-09-02,107.76,,4.6,3160.1669921875
2015-09-03,107.96,,4.6,
2015-09-04,108.03,,4.6,
2015-09-05,,,4.6,
2015-09-06,,,4.6,
2015-09-07,108.24,,4.6,3080.419921875
2015-09-08,108.02,,4.6,3170.451904296875
2015-09-09,107.87,,4.6,3243.089111328125
2015-09-10,107.83,,4.6,3197.89306640625
2015-09-11,107.59,,4.6,3200.23388671875
2015-09-12,,,4.6,
2015-09-13,,,4.6,
2015-09-14,107.48,,4.6,3114.798095703125
2015-09-15,107.27,,4.6,3005.172119140625
2015-09-16,107.43,,4.6,3152.262939453125
2015-09-17,107.17,,4.6,3086.06103515625
2015-09-18,106.59,,4.6,3097.9169921875
2015-09-19,,,4.6,
2015-09-20,,,4.6,
2015-09-21,107.42,,4.6,3156.5400390625
2015-09-22,107.77,,4.6,3185.618896484375
2015-09-23,107.88,,4.6,3115.887939453125
2015-09-24,108.04,,4.6,3142.68701171875
2015-09-25,108.18,,4.6,3092.346923828125
2015-09-26,,,4.6,
2015-09-27,,,4.6,
2015-09-28,108.45,,4.6,3100.756103515625
2015-09-29,108.35,,4.6,3038.136962890625
2015-09-30,108.3,,4.6,3052.781005859375
2015-10-01,108.24,-0.299984170809584,4.6,
2015-10-02,108.38,,4.6,
2015-10-03,,,4.6,
2015-10-04,,,4.6,
2015-10-05,107.69,,4.6,
2015-10-06,107.78,,4.6,
2015-10-07,106.99,,4.6,
2015-10-08,107.24,,4.6,3143.35693359375
2015-10-09,106.6,,4.6,3183.152099609375
2015-10-10,,,4.6,
2015-10-11,,,4.6,
2015-10-12,106.93,,4.6,3287.662109375
2015-10-13,106.97,,4.6,3293.22998046875
2015-10-14,106.68,,4.6,3262.44091796875
2015-10-15,105.9,,4.6,3338.072998046875
2015-10-16,106.31,,4.6,3391.35205078125
2015-10-17,,,4.6,
2015-10-18,,,4.6,
2015-10-19,106.32,,4.6,3386.699951171875
2015-10-20,106.55,,4.6,3425.330078125
2015-10-21,106.87,,4.6,3320.676025390625
2015-10-22,106.77,,4.6,3368.739013671875
2015-10-23,107.28,,4.6,3412.43408203125
2015-10-24,,,4.35,
2015-10-25,,,4.35,
2015-10-26,107.57,,4.35,3429.5810546875
2015-10-27,107.6,,4.35,3434.3359375
2015-10-28,107.39,,4.35,3375.196044921875
2015-10-29,108.2,,4.35,3387.31494140625
2015-10-30,108.23,,4.35,3382.56103515625
2015-10-31,,,4.35,
2015-11-01,,0.0028803077573823,4.35,
2015-11-02,107.92,,4.35,3325.0849609375
2015-11-03,108.06,,4.35,3316.695068359375
2015-11-04,107.98,,4.35,3459.639892578125
2015-11-05,108.32,,4.35,3522.819091796875
2015-11-06,108.36,,4.35,3590.031982421875
2015-11-07,,,4.35,
2015-11-08,,,4.35,
2015-11-09,109.05,,4.35,3646.881103515625
2015-11-10,109.18,,4.35,3640.485107421875
2015-11-11,108.87,,4.35,3650.2490234375
2015-11-12,108.94,,4.35,3632.902099609375
2015-11-13,108.86,,4.35,3580.839111328125
2015-11-14,,,4.35,
2015-11-15,,,4.35,
2015-11-16,109.1,,4.35,3606.95703125
2015-11-17,109.07,,4.35,3604.794921875
2015-11-18,109.07,,4.35,3568.468017578125
2015-11-19,108.69,,4.35,3617.06201171875
2015-11-20,108.47,,4.35,3630.5
2015-11-21,,,4.35,
2015-11-22,,,4.35,
2015-11-23,108.73,,4.35,3610.31494140625
2015-11-24,108.58,,4.35,3616.113037109375
2015-11-25,108.64,,4.35,3647.929931640625
2015-11-26,108.62,,4.35,3635.552001953125
2015-11-27,108.77,,4.35,3436.302978515625
2015-11-28,,,4.35,
2015-11-29,,,4.35,
2015-11-30,108.83,,4.35,3445.405029296875
2015-12-01,108.76,0.5,4.35,3456.30908203125
2015-12-02,108.73,,4.35,3536.905029296875
2015-12-03,108.61,,4.35,3584.823974609375
2015-12-04,107.96,,4.35,3524.991943359375
2015-12-05,,,4.35,
2015-12-06,,,4.35,
2015-12-07,108.29,,4.35,3536.927001953125
2015-12-08,108.33,,4.35,3470.070068359375
2015-12-09,107.85,,4.35,3472.43896484375
2015-12-10,107.51,,4.35,3455.4951171875
2015-12-11,107.48,,4.35,3434.5810546875
2015-12-12,,,4.35,
2015-12-13,,,4.35,
2015-12-14,107.43,,4.35,3520.66796875
2015-12-15,107.09,,4.35,3510.35400390625
2015-12-16,107.23,,4.35,3516.18701171875
2015-12-17,107.32,,4.35,3579.9990234375
2015-12-18,107.38,,4.35,3578.964111328125
2015-12-19,,,4.35,
2015-12-20,,,4.35,
2015-12-21,107.31,,4.35,3642.471923828125
2015-12-22,107.03,,4.35,3651.76708984375
2015-12-23,107.13,,4.35,3636.089111328125
2015-12-24,106.95,,4.35,3612.485107421875
2015-12-25,106.94,,4.35,3628.0009765625
2015-12-26,,,4.35,
2015-12-27,,,4.35,
2015-12-28,106.76,,4.35,3533.779052734375
2015-12-29,106.81,,4.35,3563.736083984375
2015-12-30,106.95,,4.35,3572.8759765625
2015-12-31,107.17,,4.35,3539.181884765625
2016-01-01,107.17,0.5,4.35,
2016-01-02,,,4.35,
2016-01-03,,,4.35,
2016-01-04,106.54,,4.35,3296.258056640625
2016-01-05,107.1,,4.35,3287.7109375
2016-01-06,106.89,,4.35,3361.840087890625
2016-01-07,105.99,,4.35,3125.001953125
2016-01-08,106.09,,4.35,3186.412109375
2016-01-09,,,4.35,
2016-01-10,,,4.35,
2016-01-11,106.35,,4.35,3016.7041015625
2016-01-12,106.54,,4.35,3022.861083984375
2016-01-13,106.54,,4.35,2949.596923828125
2016-01-14,106.32,,4.35,3007.64892578125
2016-01-15,106.54,,4.35,2900.969970703125
2016-01-16,,,4.35,
2016-01-17,,,4.35,
2016-01-18,106.7,,4.35,2913.8369140625
2016-01-19,106.68,,4.35,3007.739013671875
2016-01-20,106.83,,4.35,2976.694091796875
2016-01-21,106.95,,4.35,2880.48193359375
2016-01-22,106.72,,4.35,2916.56201171875
2016-01-23,,,4.35,
2016-01-24,,,4.35,
2016-01-25,106.74,,4.35,2938.514892578125
2016-01-26,106.78,,4.35,2749.784912109375
2016-01-27,106.54,,4.35,2735.55810546875
2016-01-28,106.57,,4.35,2655.660888671875
2016-01-29,106.62,,4.35,2737.60009765625
2016-01-30,,,4.35,
2016-01-31,,,4.35,
2016-02-01,106.59,1.6,4.35,2688.85400390625
2016-02-02,106.63,,4.35,2749.570068359375
2016-02-03,106.53,,4.35,2739.2470703125
2016-02-04,105.09,,4.35,2781.02294921875
2016-02-05,105.04,,4.35,2763.491943359375
2016-02-06,,,4.35,
2016-02-07,,,4.35,
2016-02-08,105.69,,4.35,
2016-02-09,105.17,,4.35,
2016-02-10,104.84,,4.35,
2016-02-11,104.61,,4.35,
2016-02-12,104.91,,4.35,
2016-02-13,,,4.35,
2016-02-14,,,4.35,
2016-02-15,106.44,,4.35,2746.196044921875
2016-02-16,106.25,,4.35,2836.571044921875
2016-02-17,106.33,,4.35,2867.337890625
2016-02-18,106.34,,4.35,2862.89306640625
2016-02-19,106.31,,4.35,2860.02099609375
2016-02-20,,,4.35,
2016-02-21,,,4.35,
2016-02-22,106.33,,4.35,2927.175048828125
2016-02-23,106.15,,4.35,2903.3310546875
2016-02-24,106.32,,4.35,2928.89599609375
2016-02-25,106.22,,4.35,2741.2451171875
2016-02-26,106.16,,4.35,2767.2099609375
2016-02-27,,,4.35,
2016-02-28,,,4.35,
2016-02-29,106.31,,4.35,2687.97900390625
2016-03-01,106.11,-0.4,4.35,2733.169921875
2016-03-02,106.13,,4.35,2849.680908203125
2016-03-03,105.85,,4.35,2859.758056640625
2016-03-04,105.79,,4.35,2874.14697265625
2016-03-05,,,4.35,
2016-03-06,,,4.35,
2016-03-07,105.76,,4.35,2897.340087890625
2016-03-08,105.74,,4.35,2901.386962890625
2016-03-09,105.72,,4.35,2862.555908203125
2016-03-10,105.8,,4.35,2804.72607421875
2016-03-11,105.35,,4.35,2810.306884765625
2016-03-12,,,4.35,
2016-03-13,,,4.35,
2016-03-14,105.32,,4.35,2859.4990234375
2016-03-15,105.31,,4.35,2864.367919921875
2016-03-16,105.45,,4.35,2870.429931640625
2016-03-17,104.37,,4.35,2904.83203125
2016-03-18,104.37,,4.35,2955.14990234375
2016-03-19,,,4.35,
2016-03-20,,,4.35,
2016-03-21,104.49,,4.35,3018.802001953125
2016-03-22,104.44,,4.35,2999.363037109375
2016-03-23,104.61,,4.35,3009.9599609375
2016-03-24,104.63,,4.35,2960.969970703125
2016-03-25,104.63,,4.35,2979.1259765625
2016-03-26,,,4.35,
2016-03-27,,,4.35,
2016-03-28,104.63,,4.35,2957.820068359375
2016-03-29,104.61,,4.35,2919.83203125
2016-03-30,104.14,,4.35,3000.64501953125
2016-03-31,104.15,,4.35,3003.9150390625
2016-04-01,104.1,-0.2,4.35,3009.530029296875
2016-04-02,,,4.35,
2016-04-03,,,4.35,
2016-04-04,103.99,,4.35,
2016-04-05,104.28,,4.35,3053.06494140625
2016-04-06,104.25,,4.35,3050.592041015625
2016-04-07,104.14,,4.35,3008.419921875
2016-04-08,104.0,,4.35,2984.9580078125
2016-04-09,,,4.35,
2016-04-10,,,4.35,
2016-04-11,103.72,,4.35,3033.95703125
2016-04-12,103.72,,4.35,3023.64599609375
2016-04-13,103.85,,4.35,3066.637939453125
2016-04-14,103.9,,4.35,3082.362060546875
2016-04-15,103.88,,4.35,3078.116943359375
2016-04-16,,,4.35,
2016-04-17,,,4.35,
2016-04-18,103.77,,4.35,3033.659912109375
2016-04-19,103.46,,4.35,3042.822998046875
2016-04-20,103.37,,4.35,2972.583984375
2016-04-21,103.39,,4.35,2952.89111328125
2016-04-22,103.68,,4.35,2959.239990234375
2016-04-23,,,4.35,
2016-04-24,,,4.35,
2016-04-25,103.78,,4.35,2946.669921875
2016-04-26,103.7,,4.35,2964.699951171875
2016-04-27,103.67,,4.35,2953.6708984375
2016-04-28,103.31,,4.35,2945.589111328125
2016-04-29,102.91,,4.35,2938.323974609375
2016-04-30,,,4.35,
2016-05-01,,-0.5,4.35,
2016-05-02,102.71,,4.35,
2016-05-03,102.62,,4.35,2992.64306640625
2016-05-04,102.99,,4.35,2991.27197265625
2016-05-05,103.16,,4.35,2997.842041015625
2016-05-06,103.41,,4.35,2913.248046875
2016-05-07,,,4.35,
2016-05-08,,,4.35,
2016-05-09,103.52,,4.35,2832.113037109375
2016-05-10,103.67,,4.35,2832.591064453125
2016-05-11,103.63,,4.35,2837.037109375
2016-05-12,103.47,,4.35,2835.862060546875
2016-05-13,103.61,,4.35,2827.10888671875
2016-05-14,,,4.35,
2016-05-15,,,4.35,
2016-05-16,103.77,,4.35,2850.862060546875
2016-05-17,103.74,,4.35,2843.68408203125
2016-05-18,103.93,,4.35,2807.513916015625
2016-05-19,104.16,,4.35,2806.906005859375
2016-05-20,104.12,,4.35,2825.48291015625
2016-05-21,,,4.35,
2016-05-22,,,4.35,
2016-05-23,103.91,,4.35,2843.64501953125
2016-05-24,104.06,,4.35,2821.666015625
2016-05-25,103.89,,4.35,2815.0859375
2016-05-26,103.76,,4.35,2822.443115234375
2016-05-27,103.72,,4.35,2821.0458984375
2016-05-28,,,4.35,
2016-05-29,,,4.35,
2016-05-30,103.81,,4.35,2822.450927734375
2016-05-31,103.76,,4.35,2916.615966796875
2016-06-01,103.65,-0.1,4.35,2913.508056640625
2016-06-02,103.52,,4.35,2925.22900390625
2016-06-03,103.48,,4.35,2938.681884765625
2016-06-04,,,4.35,
2016-06-05,,,4.35,
2016-06-06,102.64,,4.35,2934.097900390625
2016-06-07,102.33,,4.35,2936.044921875
2016-06-08,102.0,,4.35,2927.158935546875
2016-06-09,102.32,,4.35,
2016-06-10,102.62,,4.35,
2016-06-11,,,4.35,
2016-06-12,,,4.35,
2016-06-13,102.46,,4.35,2833.071044921875
2016-06-14,102.64,,4.35,2842.18896484375
2016-06-15,102.7,,4.35,2887.2099609375
2016-06-16,102.68,,4.35,2872.81689453125
2016-06-17,102.25,,4.35,2885.10498046875
2016-06-18,,,4.35,
2016-06-19,,,4.35,
2016-06-20,101.87,,4.35,2888.80908203125
2016-06-21,101.76,,4.35,2878.55810546875
2016-06-22,101.86,,4.35,2905.550048828125
2016-06-23,101.5,,4.35,2891.9599609375
2016-06-24,102.12,,4.35,2854.285888671875
2016-06-25,,,4.35,
2016-06-26,,,4.35,
2016-06-27,102.13,,4.35,2895.702880859375
2016-06-28,101.78,,4.35,2912.556884765625
2016-06-29,101.5,,4.35,2931.592041015625
2016-06-30,101.35,,4.35,2929.60595703125
2016-07-01,100.91,0.2,4.35,2932.47607421875
2016-07-02,,,4.35,
2016-07-03,,,4.35,
2016-07-04,100.82,,4.35,2988.60400390625
2016-07-05,100.88,,4.35,3006.39208984375
2016-07-06,100.93,,4.35,3017.2919921875
2016-07-07,100.8,,4.35,3016.846923828125
2016-07-08,100.75,,4.35,2988.093994140625
2016-07-09,,,4.35,
2016-07-10,,,4.35,
2016-07-11,100.77,,4.35,2994.9169921875
2016-07-12,100.76,,4.35,3049.381103515625
2016-07-13,100.73,,4.35,3060.68896484375
2016-07-14,100.49,,4.35,3054.01806640625
2016-07-15,100.64,,4.35,3054.2958984375
2016-07-16,,,4.35,
2016-07-17,,,4.35,
2016-07-18,100.65,,4.35,3043.56396484375
2016-07-19,101.0,,4.35,3036.597900390625
2016-07-20,101.48,,4.35,3027.89990234375
2016-07-21,101.48,,4.35,3039.009033203125
2016-07-22,101.45,,4.35,3012.81591796875
2016-07-23,,,4.35,
2016-07-24,,,4.35,
2016-07-25,101.52,,4.35,3015.827880859375
2016-07-26,101.46,,4.35,3050.166015625
2016-07-27,101.67,,4.35,2991.9990234375
2016-07-28,101.36,,4.35,2994.322998046875
2016-07-29,101.23,,4.35,2979.339111328125
2016-07-30,,,4.35,
2016-07-31,,,4.35,
2016-08-01,100.77,0.1,4.35,2953.385009765625
2016-08-02,100.77,,4.35,2971.279052734375
2016-08-03,100.9,,4.35,2978.4609375
2016-08-04,100.8,,4.35,2982.426025390625
2016-08-05,100.55,,4.35,2976.696044921875
2016-08-06,,,4.35,
2016-08-07,,,4.35,
2016-08-08,100.62,,4.35,3004.277099609375
2016-08-09,100.53,,4.35,3025.680908203125
2016-08-10,100.25,,4.35,3018.74609375
2016-08-11,100.45,,4.35,3002.637939453125
2016-08-12,100.42,,4.35,3050.6669921875
2016-08-13,,,4.35,
2016-08-14,,,4.35,
2016-08-15,100.3,,4.35,3125.195068359375
2016-08-16,99.92,,4.35,3110.037109375
2016-08-17,100.19,,4.35,3109.554931640625
2016-08-18,100.07,,4.35,3104.114013671875
2016-08-19,99.95,,4.35,3108.10205078125
2016-08-20,,,4.35,
2016-08-21,,,4.35,
2016-08-22,100.15,,4.35,3084.804931640625
2016-08-23,100.04,,4.35,3089.7060546875
2016-08-24,100.14,,4.35,3085.8798828125
2016-08-25,100.06,,4.35,3068.3291015625
2016-08-26,99.74,,4.35,3070.30908203125
2016-08-27,,,4.35,
2016-08-28,,,4.35,
2016-08-29,100.4,,4.35,3070.027099609375
2016-08-30,100.33,,4.35,3074.677001953125
2016-08-31,100.69,,4.35,3085.490966796875
2016-09-01,100.68,0.6999999999999998,4.35,3063.304931640625
2016-09-02,100.47,,4.35,3067.35205078125
2016-09-03,,,4.35,
2016-09-04,,,4.35,
2016-09-05,100.27,,4.35,3072.094970703125
2016-09-06,100.21,,4.35,3090.712890625
2016-09-07,99.75,,4.35,3091.927978515625
2016-09-08,99.6,,4.35,3095.9541015625
2016-09-09,99.97,,4.35,3078.85498046875
2016-09-10,,,4.35,
2016-09-11,,,4.35,
2016-09-12,100.26,,4.35,3021.97705078125
2016-09-13,100.31,,4.35,3023.510009765625
2016-09-14,100.64,,4.35,3002.84912109375
2016-09-15,100.52,,4.35,
2016-09-16,100.53,,4.35,
2016-09-17,,,4.35,
2016-09-18,,,4.35,
2016-09-19,100.62,,4.35,3026.051025390625
2016-09-20,100.6,,4.35,3023.0
2016-09-21,100.42,,4.35,3025.8740234375
2016-09-22,99.97,,4.35,3042.31298828125
2016-09-23,100.05,,4.35,3033.89599609375
2016-09-24,,,4.35,
2016-09-25,,,4.35,
2016-09-26,100.11,,4.35,2980.429931640625
2016-09-27,100.04,,4.35,2998.172119140625
2016-09-28,99.97,,4.35,2987.85791015625
2016-09-29,100.2,,4.35,2998.48291015625
2016-09-30,100.31,,4.35,3004.702880859375
2016-10-01,,-0.1,4.35,
2016-10-02,,,4.35,
2016-10-03,100.05,,4.35,
2016-10-04,100.51,,4.35,
2016-10-05,100.56,,4.35,
2016-10-06,100.83,,4.35,
2016-10-07,100.97,,4.35,
2016-10-08,,,4.35,
2016-10-09,,,4.35,
2016-10-10,100.26,,4.35,3048.14306640625
2016-10-11,100.52,,4.35,3065.25
2016-10-12,100.76,,4.35,3058.498046875
2016-10-13,100.69,,4.35,3061.345947265625
2016-10-14,100.75,,4.35,3063.80908203125
2016-10-15,,,4.35,
2016-10-16,,,4.35,
2016-10-17,100.68,,4.35,3041.166015625
2016-10-18,100.42,,4.35,3083.875
2016-10-19,100.28,,4.35,3084.718994140625
2016-10-20,100.33,,4.35,3084.4580078125
2016-10-21,100.39,,4.35,3090.94091796875
2016-10-22,,,4.35,
2016-10-23,,,4.35,
2016-10-24,100.15,,4.35,3128.2470703125
2016-10-25,100.11,,4.35,3131.93896484375
2016-10-26,100.17,,4.35,3116.31201171875
2016-10-27,100.2,,4.35,3112.35009765625
2016-10-28,100.39,,4.35,3104.27001953125
2016-10-29,,,4.35,
2016-10-30,,,4.35,
2016-10-31,100.36,,4.35,3100.491943359375
2016-11-01,100.11,0.1,4.35,3122.43603515625
2016-11-02,100.02,,4.35,3102.73291015625
2016-11-03,99.99,,4.35,3128.93603515625
2016-11-04,100.01,,4.35,3125.31689453125
2016-11-05,,,4.35,
2016-11-06,,,4.35,
2016-11-07,99.92,,4.35,3133.3330078125
2016-11-08,99.74,,4.35,3147.887939453125
2016-11-09,100.09,,4.35,3128.3701171875
2016-11-10,100.82,,4.35,3171.281982421875
2016-11-11,100.88,,4.35,3196.0439453125
2016-11-12,,,4.35,
2016-11-13,,,4.35,
2016-11-14,101.03,,4.35,3210.37109375
2016-11-15,100.76,,4.35,3206.986083984375
2016-11-16,100.88,,4.35,3205.056884765625
2016-11-17,100.9,,4.35,3208.452880859375
2016-11-18,101.11,,4.35,3192.85595703125
2016-11-19,,,4.35,
2016-11-20,,,4.35,
2016-11-21,100.97,,4.35,3218.14794921875
2016-11-22,101.08,,4.35,3248.35205078125
2016-11-23,101.11,,4.35,3241.136962890625
2016-11-24,101.27,,4.35,3241.736083984375
2016-11-25,101.08,,4.35,3261.93798828125
2016-11-26,,,4.35,
2016-11-27,,,4.35,
2016-11-28,101.13,,4.35,3277.0
2016-11-29,101.37,,4.35,3282.924072265625
2016-11-30,101.44,,4.35,3250.033935546875
2016-12-01,101.5,0.2,4.35,3273.30908203125
2016-12-02,101.42,,4.35,3243.843017578125
2016-12-03,,,4.35,
2016-12-04,,,4.35,
2016-12-05,101.37,,4.35,3204.708984375
2016-12-06,101.1,,4.35,3199.64697265625
2016-12-07,101.01,,4.35,3222.241943359375
2016-12-08,100.87,,4.35,3215.365966796875
2016-12-09,101.2,,4.35,3232.883056640625
2016-12-10,,,4.35,
2016-12-11,,,4.35,
2016-12-12,101.02,,4.35,3152.969970703125
2016-12-13,100.97,,4.35,3155.037109375
2016-12-14,100.82,,4.35,3140.531005859375
2016-12-15,101.72,,4.35,3117.677001953125
2016-12-16,101.35,,4.35,3122.98193359375
2016-12-17,,,4.35,
2016-12-18,,,4.35,
2016-12-19,101.46,,4.35,3118.0849609375
2016-12-20,101.71,,4.35,3102.8759765625
2016-12-21,101.58,,4.35,3137.429931640625
2016-12-22,101.69,,4.35,3139.55810546875
2016-12-23,101.69,,4.35,3110.154052734375
2016-12-24,,,4.35,
2016-12-25,,,4.35,
2016-12-26,101.69,,4.35,3122.569091796875
2016-12-27,101.65,,4.35,3114.6640625
2016-12-28,101.77,,4.35,3102.236083984375
2016-12-29,101.52,,4.35,3096.096923828125
2016-12-30,101.43,,4.35,3103.636962890625
2016-12-31,,,4.35,
2017-01-01,,1.0,4.35,
2017-01-02,101.72,,4.35,
2017-01-03,101.75,,4.35,3135.9208984375
2017-01-04,101.79,,4.35,3158.7939453125
2017-01-05,102.11,,4.35,3165.410888671875
2017-01-06,101.28,,4.35,3154.321044921875
2017-01-07,,,4.35,
2017-01-08,,,4.35,
2017-01-09,101.49,,4.35,3171.236083984375
2017-01-10,101.5,,4.35,3161.6708984375
2017-01-11,101.62,,4.35,3136.75390625
2017-01-12,100.97,,4.35,3119.2890625
2017-01-13,101.04,,4.35,3112.763916015625
2017-01-14,,,4.35,
2017-01-15,,,4.35,
2017-01-16,101.32,,4.35,3103.427978515625
2017-01-17,101.41,,4.35,3108.77490234375
2017-01-18,101.79,,4.35,3113.011962890625
2017-01-19,101.64,,4.35,3101.299072265625
2017-01-20,101.64,,4.35,3123.138916015625
2017-01-21,,,4.35,
2017-01-22,,,4.35,
2017-01-23,101.35,,4.35,3136.77490234375
2017-01-24,101.06,,4.35,3142.552978515625
2017-01-25,100.68,,4.35,3149.554931640625
2017-01-26,100.95,,4.35,3159.166015625
2017-01-27,100.95,,4.35,
2017-01-28,,,4.35,
2017-01-29,,,4.35,
2017-01-30,101.25,,4.35,
2017-01-31,100.51,,4.35,
2017-02-01,100.29,-0.2,4.35,
2017-02-02,99.95,,4.35,
2017-02-03,100.42,,4.35,3140.169921875
2017-02-04,,,4.35,
2017-02-05,,,4.35,
2017-02-06,100.3,,4.35,3156.98388671875
2017-02-07,100.36,,4.35,3153.087890625
2017-02-08,100.42,,4.35,3166.98193359375
2017-02-09,100.39,,4.35,3183.178955078125
2017-02-10,100.55,,4.35,3196.698974609375
2017-02-11,,,4.35,
2017-02-12,,,4.35,
2017-02-13,100.62,,4.35,3216.839111328125
2017-02-14,100.5,,4.35,3217.927978515625
2017-02-15,100.77,,4.35,3212.986083984375
2017-02-16,100.55,,4.35,3229.617919921875
2017-02-17,100.54,,4.35,3202.075927734375
2017-02-18,,,4.35,
2017-02-19,,,4.35,
2017-02-20,100.48,,4.35,3239.9609375
2017-02-21,100.61,,4.35,3253.325927734375
2017-02-22,100.57,,4.35,3261.218017578125
2017-02-23,100.29,,4.35,3251.375
2017-02-24,100.13,,4.35,3253.43310546875
2017-02-25,,,4.35,
2017-02-26,,,4.35,
2017-02-27,100.26,,4.35,3228.659912109375
2017-02-28,100.24,,4.35,3241.73291015625
2017-03-01,100.66,-0.2999999999999999,4.35,3246.93408203125
2017-03-02,100.76,,4.35,3230.028076171875
2017-03-03,100.59,,4.35,3218.31201171875
2017-03-04,,,4.35,
2017-03-05,,,4.35,
2017-03-06,100.39,,4.35,3233.865966796875
2017-03-07,100.39,,4.35,3242.406005859375
2017-03-08,100.45,,4.35,3240.6650390625
2017-03-09,100.68,,4.35,3216.74609375
2017-03-10,100.56,,4.35,3212.760009765625
2017-03-11,,,4.35,
2017-03-12,,,4.35,
2017-03-13,100.18,,4.35,3237.02392578125
2017-03-14,100.28,,4.35,3239.327880859375
2017-03-15,100.19,,4.35,3241.760009765625
2017-03-16,99.5,,4.35,3268.93505859375
2017-03-17,99.37,,4.35,3237.447021484375
2017-03-18,,,4.35,
2017-03-19,,,4.35,
2017-03-20,99.09,,4.35,3250.80810546875
2017-03-21,99.15,,4.35,3261.611083984375
2017-03-22,99.13,,4.35,3245.219970703125
2017-03-23,99.14,,4.35,3248.550048828125
2017-03-24,99.11,,4.35,3269.445068359375
2017-03-25,,,4.35,
2017-03-26,,,4.35,
2017-03-27,98.68,,4.35,3266.955078125
2017-03-28,98.77,,4.35,3252.947998046875
2017-03-29,99.04,,4.35,3241.31396484375
2017-03-30,99.07,,4.35,3210.237060546875
2017-03-31,99.31,,4.35,3222.513916015625
2017-04-01,,0.1,4.35,
2017-04-02,,,4.35,
2017-04-03,99.34,,4.35,
2017-04-04,99.44,,4.35,
2017-04-05,99.24,,4.35,3270.304931640625
2017-04-06,99.31,,4.35,3281.0048828125
2017-04-07,99.45,,4.35,3286.615966796875
2017-04-08,,,4.35,
2017-04-09,,,4.35,
2017-04-10,99.63,,4.35,3269.39306640625
2017-04-11,99.48,,4.35,3288.966064453125
2017-04-12,99.47,,4.35,3273.830078125
2017-04-13,99.17,,4.35,3275.9599609375
2017-04-14,99.17,,4.35,3244.48291015625
2017-04-15,,,4.35,
2017-04-16,,,4.35,
2017-04-17,99.16,,4.35,3222.1669921875
2017-04-18,99.2,,4.35,3196.712890625
2017-04-19,99.04,,4.35,3170.68701171875
2017-04-20,99.05,,4.35,3172.10009765625
2017-04-21,99.15,,4.35,3173.15087890625
2017-04-22,,,4.35,
2017-04-23,,,4.35,
2017-04-24,98.74,,4.35,3129.531005859375
2017-04-25,98.71,,4.35,3134.56689453125
2017-04-26,98.79,,4.35,3140.846923828125
2017-04-27,98.85,,4.35,3152.18701171875
2017-04-28,98.74,,4.35,3154.657958984375
2017-04-29,,,4.35,
2017-04-30,,,4.35,
2017-05-01,98.74,-0.1,4.35,
2017-05-02,98.72,,4.35,3143.7119140625
2017-05-03,98.75,,4.35,3135.345947265625
2017-05-04,98.95,,4.35,3127.368896484375
2017-05-05,98.88,,4.35,3103.0380859375
2017-05-06,,,4.35,
2017-05-07,,,4.35,
2017-05-08,98.8,,4.35,3078.613037109375
2017-05-09,99.17,,4.35,3080.527099609375
2017-05-10,99.13,,4.35,3052.784912109375
2017-05-11,99.1,,4.35,3061.5
2017-05-12,99.07,,4.35,3083.512939453125
2017-05-13,,,4.35,
2017-05-14,,,4.35,
2017-05-15,98.6,,4.35,3090.22900390625
2017-05-16,98.51,,4.35,3112.964111328125
2017-05-17,98.29,,4.35,3104.44189453125
2017-05-18,98.37,,4.35,3090.138916015625
2017-05-19,98.1,,4.35,3090.631103515625
2017-05-20,,,4.35,
2017-05-21,,,4.35,
2017-05-22,97.86,,4.35,3075.676025390625
2017-05-23,97.96,,4.35,3061.947021484375
2017-05-24,98.07,,4.35,3064.075927734375
2017-05-25,98.22,,4.35,3107.8310546875
2017-05-26,98.36,,4.35,3110.05908203125
2017-05-27,,,4.35,
2017-05-28,,,4.35,
2017-05-29,98.47,,4.35,
2017-05-30,98.52,,4.35,
2017-05-31,98.97,,4.35,3117.177978515625
2017-06-01,99.07,-0.2,4.35,3102.623046875
2017-06-02,98.96,,4.35,3105.5400390625
2017-06-03,,,4.35,
2017-06-04,,,4.35,
2017-06-05,98.85,,4.35,3091.656005859375
2017-06-06,98.92,,4.35,3102.1259765625
2017-06-07,98.95,,4.35,3140.324951171875
2017-06-08,99.02,,4.35,3150.333984375
2017-06-09,99.2,,4.35,3158.39990234375
2017-06-10,,,4.35,
2017-06-11,,,4.35,
2017-06-12,99.11,,4.35,3139.876953125
2017-06-13,99.05,,4.35,3153.742919921875
2017-06-14,99.05,,4.35,3130.674072265625
2017-06-15,99.14,,4.35,3132.486083984375
2017-06-16,99.12,,4.35,3123.166015625
2017-06-17,,,4.35,
2017-06-18,,,4.35,
2017-06-19,98.99,,4.35,3144.3740234375
2017-06-20,99.2,,4.35,3140.013916015625
2017-06-21,99.28,,4.35,3156.2119140625
2017-06-22,99.15,,4.35,3147.452880859375
2017-06-23,98.93,,4.35,3157.873046875
2017-06-24,,,4.35,
2017-06-25,,,4.35,
2017-06-26,98.83,,4.35,3185.444091796875
2017-06-27,99.03,,4.35,3191.197021484375
2017-06-28,99.18,,4.35,3173.200927734375
2017-06-29,99.29,,4.35,3188.06298828125
2017-06-30,99.23,,4.35,3192.427001953125
2017-07-01,,0.1,4.35,
2017-07-02,,,4.35,
2017-07-03,99.39,,4.35,3195.912109375
2017-07-04,99.4,,4.35,3182.803955078125
2017-07-05,99.55,,4.35,3207.134033203125
2017-07-06,99.49,,4.35,3212.444091796875
2017-07-07,99.46,,4.35,3217.95703125
2017-07-08,,,4.35,
2017-07-09,,,4.35,
2017-07-10,99.41,,4.35,3212.632080078125
2017-07-11,99.45,,4.35,3203.0380859375
2017-07-12,99.36,,4.35,3197.5439453125
2017-07-13,99.23,,4.35,3218.1630859375
2017-07-14,99.13,,4.35,3222.4169921875
2017-07-15,,,4.35,
2017-07-16,,,4.35,
2017-07-17,98.97,,4.35,3176.465087890625
2017-07-18,98.93,,4.35,3187.56689453125
2017-07-19,98.91,,4.35,3230.97607421875
2017-07-20,98.89,,4.35,3244.864990234375
2017-07-21,98.38,,4.35,3237.98193359375
2017-07-22,,,4.35,
2017-07-23,,,4.35,
2017-07-24,98.57,,4.35,3250.59912109375
2017-07-25,98.52,,4.35,3243.68896484375
2017-07-26,98.71,,4.35,3247.675048828125
2017-07-27,98.61,,4.35,3249.781005859375
2017-07-28,98.6,,4.35,3253.239990234375
2017-07-29,,,4.35,
2017-07-30,,,4.35,
2017-07-31,98.75,,4.35,3273.028076171875
2017-08-01,98.68,0.4,4.35,3292.637939453125
2017-08-02,98.62,,4.35,3285.056884765625
2017-08-03,98.61,,4.35,3272.928955078125
2017-08-04,98.51,,4.35,3262.0810546875
2017-08-05,,,4.35,
2017-08-06,,,4.35,
2017-08-07,98.91,,4.35,3279.45703125
2017-08-08,99.03,,4.35,3281.873046875
2017-08-09,99.67,,4.35,3275.572998046875
2017-08-10,100.09,,4.35,3261.7490234375
2017-08-11,99.85,,4.35,3208.541015625
2017-08-12,,,4.35,
2017-08-13,,,4.35,
2017-08-14,99.61,,4.35,3237.360107421875
2017-08-15,99.69,,4.35,3251.261962890625
2017-08-16,99.63,,4.35,3246.450927734375
2017-08-17,99.75,,4.35,3268.429931640625
2017-08-18,99.69,,4.35,3268.72412109375
2017-08-19,,,,
2017-08-20,,,,
2017-08-21,99.58,,4.35,3286.906005859375
2017-08-22,99.67,,4.35,3290.22607421875
2017-08-23,99.65,,4.35,3287.705078125
2017-08-24,99.53,,4.35,3271.511962890625
2017-08-25,99.58,,4.35,3331.52197265625
2017-08-26,,,,
2017-08-27,,,,
2017-08-28,99.65,,4.35,3362.65087890625
2017-08-29,99.8,,4.35,3365.22607421875
2017-08-30,100.33,,4.35,3363.626953125
2017-08-31,100.51,,4.35,3360.81005859375
2017-09-01,100.71,0.5,4.35,3367.118896484375
2017-09-02,,,,
2017-09-03,,,,
2017-09-04,101.22,,4.35,3379.8359375
2017-09-05,100.89,,4.35,3384.31689453125
2017-09-06,101.11,,4.35,3385.388916015625
2017-09-07,101.36,,4.35,3365.4970703125
2017-09-08,101.36,,4.35,3365.242919921875
2017-09-09,,,,
2017-09-10,,,,
2017-09-11,100.64,,4.35,3376.4189453125
2017-09-12,100.75,,4.35,3379.488037109375
2017-09-13,100.83,,4.35,3384.14697265625
2017-09-14,100.84,,4.35,3371.426025390625
2017-09-15,100.73,,4.35,3353.618896484375
2017-09-16,,,,
2017-09-17,,,,
2017-09-18,100.4,,4.35,3362.85888671875
2017-09-19,100.26,,4.35,3356.844970703125
2017-09-20,100.25,,4.35,3365.99609375
2017-09-21,100.53,,4.35,3357.81201171875
2017-09-22,100.3,,4.35,3352.529052734375
2017-09-23,,,,
2017-09-24,,,,
2017-09-25,100.07,,4.35,3341.549072265625
2017-09-26,100.26,,4.35,3343.5830078125
2017-09-27,100.49,,4.35,3345.27197265625
2017-09-28,100.18,,4.35,3339.64208984375
2017-09-29,100.18,,4.35,3348.943115234375
2017-09-30,,,4.35,
2017-10-01,,0.1,,
2017-10-02,100.45,,,
2017-10-03,100.6,,,
2017-10-04,100.45,,,
2017-10-05,100.29,,,
2017-10-06,100.58,,,
2017-10-07,,,,
2017-10-08,,,,
2017-10-09,100.99,,4.35,3374.3779296875
2017-10-10,101.33,,4.35,3382.988037109375
2017-10-11,101.02,,4.35,3388.283935546875
2017-10-12,101.01,,4.35,3386.10009765625
2017-10-13,101.02,,4.35,3390.52294921875
2017-10-14,,,,
2017-10-15,,,,
2017-10-16,100.9,,4.35,3378.469970703125
2017-10-17,100.69,,4.35,3372.041015625
2017-10-18,100.69,,4.35,3381.7939453125
2017-10-19,100.62,,4.35,3370.172119140625
2017-10-20,100.73,,4.35,3378.64794921875
2017-10-21,,,,
2017-10-22,,,,
2017-10-23,100.69,,4.35,3380.698974609375
2017-10-24,100.83,,4.35,3388.248046875
2017-10-25,100.61,,4.35,3396.89794921875
2017-10-26,100.81,,4.35,3407.56689453125
2017-10-27,101.13,,4.35,3416.81201171875
2017-10-28,,,,
2017-10-29,,,,
2017-10-30,100.99,,4.35,3390.3369140625
2017-10-31,101.11,,4.35,3393.342041015625
2017-11-01,101.5,0.0,4.35,3395.9130859375
2017-11-02,101.37,,4.35,3383.31005859375
2017-11-03,101.18,,4.35,3371.743896484375
2017-11-04,,,,
2017-11-05,,,,
2017-11-06,101.22,,4.35,3388.174072265625
2017-11-07,101.2,,4.35,3413.574951171875
2017-11-08,101.2,,4.35,3415.4599609375
2017-11-09,101.0,,4.35,3427.794921875
2017-11-10,100.89,,4.35,3432.673095703125
2017-11-11,,,,
2017-11-12,,,,
2017-11-13,100.99,,4.35,3447.8359375
2017-11-14,100.84,,4.35,3429.548095703125
2017-11-15,100.67,,4.35,3402.52490234375
2017-11-16,100.63,,4.35,3399.25
2017-11-17,100.46,,4.35,3382.907958984375
2017-11-18,,,,
2017-11-19,,,,
2017-11-20,100.39,,4.35,3392.39892578125
2017-11-21,100.5,,4.35,3410.498046875
2017-11-22,100.52,,4.35,3430.464111328125
2017-11-23,100.74,,4.35,3352.989013671875
2017-11-24,100.23,,4.35,3353.821044921875
2017-11-25,,,,
2017-11-26,,,,
2017-11-27,100.04,,4.35,3322.22998046875
2017-11-28,100.23,,4.35,3333.656982421875
2017-11-29,100.29,,4.35,3337.862060546875
2017-11-30,100.26,,4.35,3317.18798828125
2017-12-01,100.29,0.2999999999999999,4.35,3317.616943359375
2017-12-02,,,,
2017-12-03,,,,
2017-12-04,100.16,,4.35,3309.617919921875
2017-12-05,100.23,,4.35,3303.675048828125
2017-12-06,100.38,,4.35,3293.965087890625
2017-12-07,100.55,,4.35,3272.053955078125
2017-12-08,100.71,,4.35,3289.991943359375
2017-12-09,,,,
2017-12-10,,,,
2017-12-11,100.54,,4.35,3322.196044921875
2017-12-12,100.63,,4.35,3280.81396484375
2017-12-13,100.71,,4.35,3303.037109375
2017-12-14,100.49,,4.35,3292.43896484375
2017-12-15,100.48,,4.35,3266.136962890625
2017-12-16,,,,
2017-12-17,,,,
2017-12-18,100.37,,4.35,3267.922119140625
2017-12-19,100.47,,4.35,3296.5380859375
2017-12-20,100.87,,4.35,3287.60595703125
2017-12-21,100.77,,4.35,3300.05908203125
2017-12-22,100.85,,4.35,3297.06298828125
2017-12-23,,,,
2017-12-24,,,,
2017-12-25,100.85,,4.35,3280.839111328125
2017-12-26,100.85,,4.35,3306.125
2017-12-27,101.03,,4.35,3275.782958984375
2017-12-28,101.07,,4.35,3296.385009765625
2017-12-29,101.26,,4.35,3307.172119140625
2017-12-30,,,,
2017-12-31,,,,
2018-01-01,101.26,0.5999999999999999,,
2018-01-02,101.07,,4.35,3348.325927734375
2018-01-03,101.05,,4.35,3369.10791015625
2018-01-04,100.99,,4.35,3385.7099609375
2018-01-05,101.19,,4.35,3391.75
2018-01-06,,,,
2018-01-07,,,,
2018-01-08,101.2,,4.35,3409.47998046875
2018-01-09,100.86,,4.35,3413.89990234375
2018-01-10,100.96,,4.35,3421.833984375
2018-01-11,100.97,,4.35,3425.344970703125
2018-01-12,101.12,,4.35,3428.94091796875
2018-01-13,,,,
2018-01-14,,,,
2018-01-15,101.0,,4.35,3410.488037109375
2018-01-16,101.11,,4.35,3436.593994140625
2018-01-17,101.34,,4.35,3444.6708984375
2018-01-18,101.4,,4.35,3474.75390625
2018-01-19,101.52,,4.35,3487.864013671875
2018-01-20,,,,
2018-01-21,,,,
2018-01-22,101.61,,4.35,3501.362060546875
2018-01-23,101.58,,4.35,3546.5048828125
2018-01-24,101.43,,4.35,3559.465087890625
2018-01-25,101.75,,4.35,3548.306884765625
2018-01-26,101.85,,4.35,3558.12890625
2018-01-27,,,,
2018-01-28,,,,
2018-01-29,102.01,,4.35,3523.0009765625
2018-01-30,102.01,,4.35,3488.009033203125
2018-01-31,102.46,,4.35,3480.8330078125
2018-02-01,102.54,1.2,4.35,3446.97998046875
2018-02-02,102.76,,4.35,3462.0810546875
2018-02-03,,,,
2018-02-04,,,,
2018-02-05,103.01,,4.35,3487.4970703125
2018-02-06,103.55,,4.35,3370.652099609375
2018-02-07,103.48,,4.35,3309.260009765625
2018-02-08,103.02,,4.35,3262.050048828125
2018-02-09,103.41,,4.35,3129.85107421875
2018-02-10,,,,
2018-02-11,,,4.35,
2018-02-12,102.88,,4.35,3154.125
2018-02-13,102.37,,4.35,3184.958984375
2018-02-14,102.11,,4.35,3199.158935546875
2018-02-15,101.4,,,
2018-02-16,101.41,,,
2018-02-17,,,,
2018-02-18,,,,
2018-02-19,101.63,,,
2018-02-20,102.02,,,
2018-02-21,102.18,,,
2018-02-22,102.14,,4.35,3268.55908203125
2018-02-23,102.28,,4.35,3289.02392578125
2018-02-24,,,4.35,
2018-02-25,,,,
2018-02-26,102.57,,4.35,3329.573974609375
2018-02-27,102.64,,4.35,3292.068115234375
2018-02-28,102.79,,4.35,3259.407958984375
2018-03-01,102.68,-1.1,4.35,3273.7548828125
2018-03-02,102.26,,4.35,3254.528076171875
2018-03-03,,,,
2018-03-04,,,,
2018-03-05,102.31,,4.35,3256.926025390625
2018-03-06,102.02,,4.35,3289.64208984375
2018-03-07,102.27,,4.35,3271.66796875
2018-03-08,102.11,,4.35,3288.406005859375
2018-03-09,102.43,,4.35,3307.166015625
2018-03-10,,,,
2018-03-11,,,,
2018-03-12,102.37,,4.35,3326.698974609375
2018-03-13,102.27,,4.35,3310.239013671875
2018-03-14,102.4,,4.35,3291.382080078125
2018-03-15,102.43,,4.35,3291.112060546875
2018-03-16,102.46,,4.35,3269.882080078125
2018-03-17,,,,
2018-03-18,,,,
2018-03-19,102.49,,4.35,3279.251953125
2018-03-20,102.54,,4.35,3290.639892578125
2018-03-21,102.52,,4.35,3280.951904296875
2018-03-22,102.28,,4.35,3263.47998046875
2018-03-23,102.45,,4.35,3152.760986328125
2018-03-24,,,,
2018-03-25,,,,
2018-03-26,102.86,,4.35,3133.721923828125
2018-03-27,103.01,,4.35,3166.64892578125
2018-03-28,102.79,,4.35,3122.2900390625
2018-03-29,103.01,,4.35,3160.531005859375
2018-03-30,103.01,,4.35,3168.89697265625
2018-03-31,,,,
2018-04-01,,-0.2,,
2018-04-02,103.0,,4.35,3163.178955078125
2018-04-03,102.93,,4.35,3136.633056640625
2018-04-04,102.85,,4.35,3131.111083984375
2018-04-05,102.85,,,
2018-04-06,103.15,,,
2018-04-07,,,,
2018-04-08,,,4.35,
2018-04-09,102.85,,4.35,3138.2939453125
2018-04-10,103.11,,4.35,3190.322021484375
2018-04-11,103.24,,4.35,3208.08203125
2018-04-12,103.26,,4.35,3180.157958984375
2018-04-13,103.36,,4.35,3159.052001953125
2018-04-14,,,,
2018-04-15,,,,
2018-04-16,103.27,,4.35,3110.64892578125
2018-04-17,103.2,,4.35,3066.797119140625
2018-04-18,103.14,,4.35,3091.39892578125
2018-04-19,103.2,,4.35,3117.3759765625
2018-04-20,103.42,,4.35,3071.54296875
2018-04-21,,,,
2018-04-22,,,,
2018-04-23,103.64,,4.35,3068.011962890625
2018-04-24,103.86,,4.35,3128.927001953125
2018-04-25,103.95,,4.35,3117.97412109375
2018-04-26,103.81,,4.35,3075.030029296875
2018-04-27,103.75,,4.35,3082.23193359375
2018-04-28,,,4.35,
2018-04-29,,,,
2018-04-30,103.75,,,
2018-05-01,103.75,-0.2,,
2018-05-02,103.92,,4.35,3081.177001953125
2018-05-03,104.07,,4.35,3100.85888671875
2018-05-04,104.01,,4.35,3091.032958984375
2018-05-05,,,,
2018-05-06,,,,
2018-05-07,104.23,,4.35,3136.64501953125
2018-05-08,104.28,,4.35,3161.498046875
2018-05-09,104.37,,4.35,3159.14990234375
2018-05-10,104.51,,4.35,3174.4130859375
2018-05-11,104.48,,4.35,3163.262939453125
2018-05-12,,,,
2018-05-13,,,,
2018-05-14,104.33,,4.35,3174.031982421875
2018-05-15,104.57,,4.35,3192.117919921875
2018-05-16,104.65,,4.35,3169.56494140625
2018-05-17,104.72,,4.35,3154.282958984375
2018-05-18,104.74,,4.35,3193.302978515625
2018-05-19,,,,
2018-05-20,,,,
2018-05-21,104.85,,4.35,3213.840087890625
2018-05-22,104.73,,4.35,3214.35009765625
2018-05-23,104.77,,4.35,3168.964111328125
2018-05-24,104.59,,4.35,3154.65087890625
2018-05-25,104.57,,4.35,3141.302978515625
2018-05-26,,,,
2018-05-27,,,,
2018-05-28,104.43,,4.35,3135.08203125
2018-05-29,104.49,,4.35,3120.4609375
2018-05-30,104.15,,4.35,3041.443115234375
2018-05-31,104.16,,4.35,3095.47412109375
2018-06-01,104.15,-0.1,4.35,3075.136962890625
2018-06-02,,,,
2018-06-03,,,,
2018-06-04,104.02,,4.35,3091.19091796875
2018-06-05,104.34,,4.35,3114.2060546875
2018-06-06,104.25,,4.35,3115.179931640625
2018-06-07,104.13,,4.35,3109.4990234375
2018-06-08,104.19,,4.35,3067.14794921875
2018-06-09,,,,
2018-06-10,,,,
2018-06-11,104.21,,4.35,3052.782958984375
2018-06-12,104.34,,4.35,3079.802001953125
2018-06-13,104.58,,4.35,3049.797119140625
2018-06-14,104.61,,4.35,3044.159912109375
2018-06-15,104.97,,4.35,3021.90087890625
2018-06-16,,,,
2018-06-17,,,,
2018-06-18,104.78,,,
2018-06-19,104.51,,4.35,2907.822021484375
2018-06-20,104.38,,4.35,2915.73095703125
2018-06-21,104.22,,4.35,2875.81005859375
2018-06-22,103.8,,4.35,2889.760009765625
2018-06-23,,,,
2018-06-24,,,,
2018-06-25,103.08,,4.35,2859.3359375
2018-06-26,102.62,,4.35,2844.508056640625
2018-06-27,102.49,,4.35,2813.177978515625
2018-06-28,102.38,,4.35,2786.89697265625
2018-06-29,102.1,,4.35,2847.41796875
2018-06-30,,,,
2018-07-01,,0.2999999999999999,,
2018-07-02,101.67,,4.35,2775.556884765625
2018-07-03,101.79,,4.35,2786.887939453125
2018-07-04,102.0,,4.35,2759.1259765625
2018-07-05,101.78,,4.35,2733.882080078125
2018-07-06,101.53,,4.35,2747.22900390625
2018-07-07,,,,
2018-07-08,,,,
2018-07-09,101.62,,4.35,2815.110107421875
2018-07-10,101.64,,4.35,2827.625
2018-07-11,101.1,,4.35,2777.77099609375
2018-07-12,101.52,,4.35,2837.658935546875
2018-07-13,101.27,,4.35,2831.18408203125
2018-07-14,,,,
2018-07-15,,,,
2018-07-16,101.21,,4.35,2814.0419921875
2018-07-17,101.13,,4.35,2798.1259765625
2018-07-18,101.09,,4.35,2787.257080078125
2018-07-19,100.49,,4.35,2772.544921875
2018-07-20,99.96,,4.35,2829.27099609375
2018-07-21,,,,
2018-07-22,,,,
2018-07-23,99.7,,4.35,2859.5419921875
2018-07-24,99.49,,4.35,2905.56201171875
2018-07-25,99.88,,4.35,2903.64697265625
2018-07-26,99.43,,4.35,2882.22509765625
2018-07-27,98.96,,4.35,2873.593994140625
2018-07-28,,,,
2018-07-29,,,,
2018-07-30,98.9,,4.35,2869.050048828125
2018-07-31,98.68,,4.35,2876.40087890625
2018-08-01,99.31,0.6999999999999998,4.35,2824.533935546875
2018-08-02,99.03,,4.35,2768.02392578125
2018-08-03,99.16,,4.35,2740.443115234375
2018-08-04,,,,
2018-08-05,,,,
2018-08-06,99.07,,4.35,2705.156982421875
2018-08-07,99.14,,4.35,2779.3740234375
2018-08-08,99.11,,4.35,2744.070068359375
2018-08-09,99.44,,4.35,2794.382080078125
2018-08-10,99.65,,4.35,2795.31005859375
2018-08-11,,,,
2018-08-12,,,,
2018-08-13,99.57,,4.35,2785.8720703125
2018-08-14,99.47,,4.35,2780.965087890625
2018-08-15,99.33,,4.35,2723.258056640625
2018-08-16,99.4,,4.35,2705.19189453125
2018-08-17,99.52,,4.35,2668.966064453125
2018-08-18,,,,
2018-08-19,,,,
2018-08-20,99.66,,4.35,2698.466064453125
2018-08-21,99.62,,4.35,2733.825927734375
2018-08-22,99.38,,4.35,2714.60791015625
2018-08-23,99.07,,4.35,2724.6240234375
2018-08-24,99.52,,4.35,2729.430908203125
2018-08-25,,,,
2018-08-26,,,,
2018-08-27,99.67,,4.35,2780.89892578125
2018-08-28,99.74,,4.35,2777.98095703125
2018-08-29,99.76,,4.35,2769.294921875
2018-08-30,99.61,,4.35,2737.737060546875
2018-08-31,99.77,,4.35,2725.25
2018-09-01,,0.6999999999999998,,
2018-09-02,,,,
2018-09-03,100.12,,4.35,2720.73388671875
2018-09-04,100.21,,4.35,2750.580078125
2018-09-05,100.43,,4.35,2704.3369140625
2018-09-06,100.19,,4.35,2691.593017578125
2018-09-07,99.91,,4.35,2702.301025390625
2018-09-08,,,,
2018-09-09,,,,
2018-09-10,99.92,,4.35,2669.485107421875
2018-09-11,99.87,,4.35,2664.800048828125
2018-09-12,99.74,,4.35,2656.110107421875
2018-09-13,99.83,,4.35,2686.577880859375
2018-09-14,99.5,,4.35,2681.64306640625
2018-09-15,,,,
2018-09-16,,,,
2018-09-17,99.5,,4.35,2651.7890625
2018-09-18,99.45,,4.35,2699.949951171875
2018-09-19,99.56,,4.35,2730.85009765625
2018-09-20,99.33,,4.35,2729.243896484375
2018-09-21,99.36,,4.35,2797.485107421875
2018-09-22,,,,
2018-09-23,,,,
2018-09-24,99.16,,,
2018-09-25,98.99,,4.35,2781.138916015625
2018-09-26,99.08,,4.35,2806.81298828125
2018-09-27,98.93,,4.35,2791.77490234375
2018-09-28,99.23,,4.35,2821.35009765625
2018-09-29,,,4.35,
2018-09-30,,,4.35,
2018-10-01,99.39,0.2,,
2018-10-02,99.68,,,
2018-10-03,99.68,,,
2018-10-04,100.07,,,
2018-10-05,100.07,,,
2018-10-06,,,,
2018-10-07,,,,
2018-10-08,99.32,,4.35,2716.510009765625
2018-10-09,99.52,,4.35,2721.012939453125
2018-10-10,99.29,,4.35,2725.8369140625
2018-10-11,99.25,,4.35,2583.4580078125
2018-10-12,98.95,,4.35,2606.9130859375
2018-10-13,,,,
2018-10-14,,,,
2018-10-15,98.8,,4.35,2568.097900390625
2018-10-16,98.76,,4.35,2546.330078125
2018-10-17,98.74,,4.35,2561.614013671875
2018-10-18,98.76,,4.35,2486.4189453125
2018-10-19,98.93,,4.35,2550.465087890625
2018-10-20,,,,
2018-10-21,,,,
2018-10-22,98.83,,4.35,2654.8759765625
2018-10-23,98.99,,4.35,2594.825927734375
2018-10-24,99.09,,4.35,2603.294921875
2018-10-25,99.05,,4.35,2603.800048828125
2018-10-26,99.35,,4.35,2598.846923828125
2018-10-27,,,,
2018-10-28,,,,
2018-10-29,99.02,,4.35,2542.10302734375
2018-10-30,99.1,,4.35,2568.048095703125
2018-10-31,99.19,,4.35,2602.782958984375
2018-11-01,99.2,-0.2999999999999999,4.35,2606.237060546875
2018-11-02,99.52,,4.35,2676.47607421875
2018-11-03,,,,
2018-11-04,,,,
2018-11-05,99.33,,4.35,2665.430908203125
2018-11-06,99.25,,4.35,2659.35595703125
2018-11-07,98.95,,4.35,2641.342041015625
2018-11-08,98.91,,4.35,2635.632080078125
2018-11-09,99.13,,4.35,2598.8720703125
2018-11-10,,,,
2018-11-11,,,,
2018-11-12,99.28,,4.35,2630.52001953125
2018-11-13,99.41,,4.35,2654.8798828125
2018-11-14,99.36,,4.35,2632.242919921875
2018-11-15,99.4,,4.35,2668.169921875
2018-11-16,99.08,,4.35,2679.110107421875
2018-11-17,,,,
2018-11-18,,,,
2018-11-19,98.87,,4.35,2703.511962890625
2018-11-20,98.87,,4.35,2645.85498046875
2018-11-21,99.08,,4.35,2651.5048828125
2018-11-22,99.07,,4.35,2645.43408203125
2018-11-23,99.03,,4.35,2579.48291015625
2018-11-24,,,,
2018-11-25,,,,
2018-11-26,99.14,,4.35,2575.81005859375
2018-11-27,99.2,,4.35,2574.678955078125
2018-11-28,99.25,,4.35,2601.737060546875
2018-11-29,98.86,,4.35,2567.443115234375
2018-11-30,98.96,,4.35,2588.18798828125
2018-12-01,,0.0,,
2018-12-02,,,,
2018-12-03,99.65,,4.35,2654.798095703125
2018-12-04,100.12,,4.35,2665.9580078125
2018-12-05,100.16,,4.35,2649.804931640625
2018-12-06,99.84,,4.35,2605.180908203125
2018-12-07,99.97,,4.35,2605.887939453125
2018-12-08,,,,
2018-12-09,,,,
2018-12-10,99.47,,4.35,2584.58203125
2018-12-11,99.83,,4.35,2594.087890625
2018-12-12,100.05,,4.35,2602.153076171875
2018-12-13,100.02,,4.35,2634.049072265625
2018-12-14,100.17,,4.35,2593.740966796875
2018-12-15,,,,
2018-12-16,,,,
2018-12-17,99.96,,4.35,2597.97412109375
2018-12-18,99.71,,4.35,2576.64990234375
2018-12-19,99.61,,4.35,2549.56298828125
2018-12-20,99.51,,4.35,2536.26806640625
2018-12-21,99.38,,4.35,2516.2509765625
2018-12-22,,,,
2018-12-23,,,,
2018-12-24,99.48,,4.35,2527.007080078125
2018-12-25,99.48,,4.35,2504.819091796875
2018-12-26,99.48,,4.35,2498.2939453125
2018-12-27,100.08,,4.35,2483.0859375
2018-12-28,99.5,,4.35,2493.89599609375
2018-12-29,,,4.35,
2018-12-30,,,,
2018-12-31,99.35,,,
2019-01-01,99.35,0.5,,
2019-01-02,99.82,,4.35,2465.291015625
2019-01-03,99.58,,4.35,2464.363037109375
2019-01-04,99.42,,4.35,2514.867919921875
2019-01-05,,,,
2019-01-06,,,,
2019-01-07,99.29,,4.35,2533.089111328125
2019-01-08,99.47,,4.35,2526.4619140625
2019-01-09,99.7,,4.35,2544.344970703125
2019-01-10,100.05,,4.35,2535.09912109375
2019-01-11,100.44,,4.35,2553.8310546875
2019-01-12,,,,
2019-01-13,,,,
2019-01-14,100.5,,4.35,2535.764892578125
2019-01-15,100.7,,4.35,2570.344970703125
2019-01-16,100.73,,4.35,2570.422119140625
2019-01-17,100.63,,4.35,2559.636962890625
2019-01-18,100.55,,4.35,2596.006103515625
2019-01-19,,,,
2019-01-20,,,,
2019-01-21,100.54,,4.35,2610.509033203125
2019-01-22,100.41,,4.35,2579.7041015625
2019-01-23,100.64,,4.35,2581.00390625
2019-01-24,100.6,,4.35,2591.694091796875
2019-01-25,100.92,,4.35,2601.722900390625
2019-01-26,,,,
2019-01-27,,,,
2019-01-28,100.9,,4.35,2596.97705078125
2019-01-29,101.04,,4.35,2594.25390625
2019-01-30,101.27,,4.35,2575.575927734375
2019-01-31,101.01,,4.35,2584.572021484375
2019-02-01,100.69,1.0,4.35,2618.23193359375
2019-02-02,,,4.35,
2019-02-03,,,4.35,
2019-02-04,100.83,,,
2019-02-05,100.94,,,
2019-02-06,100.93,,,
2019-02-07,101.14,,,
2019-02-08,101.12,,,
2019-02-09,,,,
2019-02-10,,,,
2019-02-11,100.65,,4.35,2653.89599609375
2019-02-12,100.96,,4.35,2671.89404296875
2019-02-13,101.07,,4.35,2721.068115234375
2019-02-14,101.2,,4.35,2719.699951171875
2019-02-15,101.2,,4.35,2682.385009765625
2019-02-16,,,,
2019-02-17,,,,
2019-02-18,101.04,,4.35,2754.35693359375
2019-02-19,101.15,,4.35,2755.64599609375
2019-02-20,101.55,,4.35,2761.218994140625
2019-02-21,101.63,,4.35,2751.801025390625
2019-02-22,101.7,,4.35,2804.22607421875
2019-02-23,,,,
2019-02-24,,,,
2019-02-25,101.9,,4.35,2961.282958984375
2019-02-26,101.82,,4.35,2941.51611328125
2019-02-27,101.92,,4.35,2953.823974609375
2019-02-28,101.88,,4.35,2940.9541015625
2019-03-01,101.9,-0.4,4.35,2994.0048828125
2019-03-02,,,,
2019-03-03,,,,
2019-03-04,102.12,,4.35,3027.575927734375
2019-03-05,102.15,,4.35,3054.2470703125
2019-03-06,102.12,,4.35,3102.09912109375
2019-03-07,102.26,,4.35,3106.41796875
2019-03-08,102.29,,4.35,2969.861083984375
2019-03-09,,,,
2019-03-10,,,,
2019-03-11,102.12,,4.35,3026.992919921875
2019-03-12,102.19,,4.35,3060.306884765625
2019-03-13,102.16,,4.35,3026.950927734375
2019-03-14,101.96,,4.35,2990.68505859375
2019-03-15,102.06,,4.35,3021.7509765625
2019-03-16,,,,
2019-03-17,,,,
2019-03-18,101.8,,4.35,3096.41796875
2019-03-19,101.73,,4.35,3090.97509765625
2019-03-20,102.03,,4.35,3090.639892578125
2019-03-21,101.81,,4.35,3101.455078125
2019-03-22,101.85,,4.35,3104.14892578125
2019-03-23,,,,
2019-03-24,,,,
2019-03-25,101.79,,4.35,3043.031005859375
2019-03-26,101.85,,4.35,2997.094970703125
2019-03-27,101.96,,4.35,3022.719970703125
2019-03-28,102.01,,4.35,2994.943115234375
2019-03-29,102.26,,4.35,3090.758056640625
2019-03-30,,,,
2019-03-31,,,,
2019-04-01,102.22,0.1,4.35,3170.361083984375
2019-04-02,102.18,,4.35,3176.822998046875
2019-04-03,102.18,,4.35,3216.294921875
2019-04-04,102.2,,4.35,3246.571044921875
2019-04-05,102.19,,,
2019-04-06,,,,
2019-04-07,,,,
2019-04-08,102.23,,4.35,3244.81005859375
2019-04-09,102.1,,4.35,3239.6640625
2019-04-10,101.97,,4.35,3241.929931640625
2019-04-11,102.06,,4.35,3189.9619140625
2019-04-12,102.05,,4.35,3188.6259765625
2019-04-13,,,,
2019-04-14,,,,
2019-04-15,102.1,,4.35,3177.787109375
2019-04-16,102.16,,4.35,3253.597900390625
2019-04-17,102.41,,4.35,3263.117919921875
2019-04-18,102.35,,4.35,3250.200927734375
2019-04-19,102.35,,4.35,3270.797119140625
2019-04-20,,,,
2019-04-21,,,,
2019-04-22,102.35,,4.35,3215.04296875
2019-04-23,102.28,,4.35,3198.593994140625
2019-04-24,102.54,,4.35,3201.614013671875
2019-04-25,102.63,,4.35,3123.825927734375
2019-04-26,102.66,,4.35,3086.39892578125
2019-04-27,,,,
2019-04-28,,,4.35,
2019-04-29,102.62,,4.35,
2019-04-30,102.39,,4.35,
2019-05-01,102.39,0.0,,
2019-05-02,102.43,,,
2019-05-03,102.68,,,
2019-05-04,,,,
2019-05-05,,,4.35,
2019-05-06,102.02,,4.35,2906.464111328125
2019-05-07,102.0,,4.35,2926.39111328125
2019-05-08,101.8,,4.35,2893.757080078125
2019-05-09,101.3,,4.35,2850.9541015625
2019-05-10,101.16,,4.35,2939.2109375
2019-05-11,,,,
2019-05-12,,,,
2019-05-13,100.45,,4.35,2903.712890625
2019-05-14,100.43,,4.35,2883.611083984375
2019-05-15,100.58,,4.35,2938.677978515625
2019-05-16,100.51,,4.35,2955.7109375
2019-05-17,100.25,,4.35,2882.2958984375
2019-05-18,,,,
2019-05-19,,,,
2019-05-20,100.27,,4.35,2870.60498046875
2019-05-21,100.52,,4.35,2905.968994140625
2019-05-22,100.5,,4.35,2891.705078125
2019-05-23,100.41,,4.35,2852.514892578125
2019-05-24,100.37,,4.35,2852.9951171875
2019-05-25,,,,
2019-05-26,,,,
2019-05-27,100.3,,4.35,2892.3779296875
2019-05-28,100.22,,4.35,2909.910888671875
2019-05-29,100.45,,4.35,2914.696044921875
2019-05-30,100.48,,4.35,2905.804931640625
2019-05-31,100.38,,4.35,2898.696044921875
2019-06-01,,-0.1,,
2019-06-02,,,,
2019-06-03,100.09,,4.35,2890.0810546875
2019-06-04,99.82,,4.35,2862.280029296875
2019-06-05,99.69,,4.35,2861.41796875
2019-06-06,99.61,,4.35,2827.798095703125
2019-06-07,99.78,,,
2019-06-08,,,,
2019-06-09,,,,
2019-06-10,99.3,,4.35,2852.1298828125
2019-06-11,99.51,,4.35,2925.716064453125
2019-06-12,99.34,,4.35,2909.3798828125
2019-06-13,99.46,,4.35,2910.740966796875
2019-06-14,99.49,,4.35,2881.97412109375
2019-06-15,,,,
2019-06-16,,,,
2019-06-17,99.7,,4.35,2887.6220703125
2019-06-18,99.7,,4.35,2890.157958984375
2019-06-19,99.84,,4.35,2917.802978515625
2019-06-20,99.82,,4.35,2987.118896484375
2019-06-21,99.52,,4.35,3001.97998046875
2019-06-22,,,,
2019-06-23,,,,
2019-06-24,99.2,,4.35,3008.14794921875
2019-06-25,99.12,,4.35,2982.073974609375
2019-06-26,99.3,,4.35,2976.283935546875
2019-06-27,99.24,,4.35,2996.79296875
2019-06-28,99.29,,4.35,2978.8779296875
2019-06-29,,,,
2019-06-30,,,,
2019-07-01,99.84,0.4,4.35,3044.903076171875
2019-07-02,99.52,,4.35,3043.943115234375
2019-07-03,99.44,,4.35,3015.262939453125
2019-07-04,99.53,,4.35,3005.2490234375
2019-07-05,99.6,,4.35,3011.05908203125
2019-07-06,,,,
2019-07-07,,,,
2019-07-08,99.82,,4.35,2933.363037109375
2019-07-09,99.87,,4.35,2928.22998046875
2019-07-10,99.9,,4.35,2915.302001953125
2019-07-11,99.67,,4.35,2917.760986328125
2019-07-12,99.63,,4.35,2930.550048828125
2019-07-13,,,,
2019-07-14,,,,
2019-07-15,99.55,,4.35,2942.18994140625
2019-07-16,99.66,,4.35,2937.6201171875
2019-07-17,99.81,,4.35,2931.68994140625
2019-07-18,99.66,,4.35,2901.179931640625
2019-07-19,99.56,,4.35,2924.199951171875
2019-07-20,,,,
2019-07-21,,,,
2019-07-22,99.63,,4.35,2886.97412109375
2019-07-23,99.84,,4.35,2899.93994140625
2019-07-24,99.97,,4.35,2923.280029296875
2019-07-25,100.05,,4.35,2937.360107421875
2019-07-26,100.09,,4.35,2944.5400390625
2019-07-27,,,,
2019-07-28,,,,
2019-07-29,99.99,,4.35,2941.010009765625
2019-07-30,100.05,,4.35,2952.340087890625
2019-07-31,100.06,,4.35,2932.510009765625
2019-08-01,100.32,0.6999999999999998,4.35,2908.77001953125
2019-08-02,99.68,,4.35,2867.840087890625
2019-08-03,,,,
2019-08-04,,,,
2019-08-05,98.3,,4.35,2821.5
2019-08-06,98.56,,4.35,2777.555908203125
2019-08-07,98.13,,4.35,2768.679931640625
2019-08-08,98.1,,4.35,2794.552001953125
2019-08-09,97.88,,4.35,2774.75
2019-08-10,,,,
2019-08-11,,,,
2019-08-12,98.01,,4.35,2814.989990234375
2019-08-13,97.97,,4.35,2797.260009765625
2019-08-14,98.71,,4.35,2808.909912109375
2019-08-15,98.6,,4.35,2815.800048828125
2019-08-16,98.59,,4.35,2823.820068359375
2019-08-17,,,,
2019-08-18,,,,
2019-08-19,98.5,,4.35,2883.10009765625
2019-08-20,98.49,,4.25,2880.0
2019-08-21,98.23,,4.25,2880.330078125
2019-08-22,98.08,,4.25,2883.43994140625
2019-08-23,98.11,,4.25,2897.429931640625
2019-08-24,,,4.25,
2019-08-25,,,4.25,
2019-08-26,97.21,,4.25,2863.570068359375
2019-08-27,96.99,,4.25,2902.18994140625
2019-08-28,97.15,,4.25,2893.760009765625
2019-08-29,97.43,,4.25,2890.919921875
2019-08-30,97.39,,4.25,2886.239990234375
2019-08-31,,,4.25,
2019-09-01,,0.9,4.25,
2019-09-02,97.36,,4.25,2924.10595703125
2019-09-03,97.36,,4.25,2930.14990234375
2019-09-04,97.25,,4.25,2957.409912109375
2019-09-05,97.12,,4.25,2985.860107421875
2019-09-06,97.6,,4.25,2999.60009765625
2019-09-07,,,4.25,
2019-09-08,,,4.25,
2019-09-09,97.33,,4.25,3024.739990234375
2019-09-10,97.67,,4.25,3021.199951171875
2019-09-11,97.59,,4.25,3008.81005859375
2019-09-12,97.89,,4.25,3031.239990234375
2019-09-13,97.57,,4.25,
2019-09-14,,,4.25,
2019-09-15,,,4.25,
2019-09-16,98.04,,4.25,3030.75
2019-09-17,97.81,,4.25,2978.1201171875
2019-09-18,97.79,,4.25,2985.659912109375
2019-09-19,97.73,,4.25,2999.280029296875
2019-09-20,97.81,,4.2,3006.449951171875
2019-09-21,,,4.2,
2019-09-22,,,4.2,
2019-09-23,97.49,,4.2,2977.080078125
2019-09-24,97.68,,4.2,2985.340087890625
2019-09-25,97.62,,4.2,2955.429931640625
2019-09-26,97.66,,4.2,2929.090087890625
2019-09-27,97.71,,4.2,2932.169921875
2019-09-28,,,4.2,
2019-09-29,,,4.2,
2019-09-30,97.65,,4.2,2905.18994140625
2019-10-01,97.73,0.9,4.2,
2019-10-02,97.62,,4.2,
2019-10-03,97.39,,4.2,
2019-10-04,97.12,,4.2,
2019-10-05,,,4.2,
2019-10-06,,,4.2,
2019-10-07,97.15,,4.2,
2019-10-08,97.3,,4.2,2913.570068359375
2019-10-09,97.55,,4.2,2924.860107421875
2019-10-10,97.44,,4.2,2947.7099609375
2019-10-11,97.62,,4.2,2973.659912109375
2019-10-12,,,4.2,
2019-10-13,,,4.2,
2019-10-14,98.03,,4.2,3007.8798828125
2019-10-15,97.94,,4.2,2991.050048828125
2019-10-16,97.75,,4.2,2978.7099609375
2019-10-17,97.66,,4.2,2977.330078125
2019-10-18,97.43,,4.2,2938.139892578125
2019-10-19,,,4.2,
2019-10-20,,,4.2,
2019-10-21,97.35,,4.2,2939.6201171875
2019-10-22,97.41,,4.2,2954.3798828125
2019-10-23,97.49,,4.2,2941.6201171875
2019-10-24,97.49,,4.2,2940.919921875
2019-10-25,97.58,,4.2,2954.929931640625
2019-10-26,,,4.2,
2019-10-27,,,4.2,
2019-10-28,97.59,,4.2,2980.050048828125
2019-10-29,97.62,,4.2,2954.179931640625
2019-10-30,97.73,,4.2,2939.320068359375
2019-10-31,97.72,,4.2,2929.06005859375
2019-11-01,97.7,0.4,4.2,2958.199951171875
2019-11-02,,,4.2,
2019-11-03,,,4.2,
2019-11-04,97.8,,4.2,2975.489990234375
2019-11-05,98.34,,4.2,2991.56005859375
2019-11-06,98.46,,4.2,2978.60009765625
2019-11-07,98.79,,4.2,2978.7099609375
2019-11-08,98.82,,4.2,2964.179931640625
2019-11-09,,,4.2,
2019-11-10,,,4.2,
2019-11-11,98.57,,4.2,2909.969970703125
2019-11-12,98.71,,4.2,2914.820068359375
2019-11-13,98.67,,4.2,2905.239990234375
2019-11-14,98.69,,4.2,2909.8701171875
2019-11-15,98.66,,4.2,2891.340087890625
2019-11-16,,,4.2,
2019-11-17,,,4.2,
2019-11-18,98.48,,4.2,2909.199951171875
2019-11-19,98.31,,4.2,2933.989990234375
2019-11-20,98.32,,4.15,2911.050048828125
2019-11-21,98.38,,4.15,2903.639892578125
2019-11-22,98.33,,4.15,2885.2900390625
2019-11-23,,,4.15,
2019-11-24,,,4.15,
2019-11-25,98.51,,4.15,2906.169921875
2019-11-26,98.48,,4.15,2907.06005859375
2019-11-27,98.69,,4.15,2903.18994140625
2019-11-28,98.68,,4.15,2889.693115234375
2019-11-29,98.88,,4.15,2871.97998046875
2019-11-30,,,4.15,
2019-12-01,,0.0,4.15,
2019-12-02,98.59,,4.15,2875.81005859375
2019-12-03,98.14,,4.15,2884.699951171875
2019-12-04,98.11,,4.15,2878.115966796875
2019-12-05,98.17,,4.15,2899.468994140625
2019-12-06,98.24,,4.15,2912.013916015625
2019-12-07,,,4.15,
2019-12-08,,,4.15,
2019-12-09,98.2,,4.15,2914.47802734375
2019-12-10,98.2,,4.15,2917.31591796875
2019-12-11,98.21,,4.15,2924.4169921875
2019-12-12,97.9,,4.15,2915.697998046875
2019-12-13,98.49,,4.15,2967.676025390625
2019-12-14,,,4.15,
2019-12-15,,,4.15,
2019-12-16,98.14,,4.15,2984.39306640625
2019-12-17,98.17,,4.15,3022.422119140625
2019-12-18,98.34,,4.15,3017.0439453125
2019-12-19,98.14,,4.15,3017.06591796875
2019-12-20,98.11,,4.15,3004.93798828125
2019-12-21,,,4.15,
2019-12-22,,,4.15,
2019-12-23,98.22,,4.15,2962.7509765625
2019-12-24,98.23,,4.15,2982.680908203125
2019-12-25,98.23,,4.15,2981.881103515625
2019-12-26,98.22,,4.15,3007.35498046875
2019-12-27,98.11,,4.15,3005.035888671875
2019-12-28,,,4.15,
2019-12-29,,,4.15,
2019-12-30,97.96,,4.15,3040.02392578125
2019-12-31,97.98,,4.15,3050.1240234375
2020-01-01,97.98,1.4,4.15,
2020-01-02,98.22,,4.15,3085.197998046875
2020-01-03,98.32,,4.15,3083.785888671875
2020-01-04,,,4.15,
2020-01-05,,,4.15,
2020-01-06,98.21,,4.15,3083.407958984375
2020-01-07,98.71,,4.15,3104.802001953125
2020-01-08,98.85,,4.15,3066.89306640625
2020-01-09,98.99,,4.15,3094.882080078125
2020-01-10,99.17,,4.15,3092.291015625
2020-01-11,,,4.15,
2020-01-12,,,4.15,
2020-01-13,99.48,,4.15,3115.570068359375
2020-01-14,99.61,,4.15,3106.820068359375
2020-01-15,99.49,,4.15,3090.0400390625
2020-01-16,99.52,,4.15,3074.0810546875
2020-01-17,100.07,,4.15,3075.49609375
2020-01-18,,,4.15,
2020-01-19,,,4.15,
2020-01-20,100.07,,4.15,3095.787109375
2020-01-21,99.54,,4.15,3052.139892578125
2020-01-22,99.55,,4.15,3060.7548828125
2020-01-23,99.14,,4.15,2976.528076171875
2020-01-24,99.3,,4.15,
2020-01-25,,,4.15,
2020-01-26,,,4.15,
2020-01-27,99.46,,4.15,
2020-01-28,99.59,,4.15,
2020-01-29,99.63,,4.15,
2020-01-30,99.78,,4.15,
2020-01-31,99.79,,4.15,
2020-02-01,,0.8,4.15,
2020-02-02,,,4.15,
2020-02-03,98.51,,4.15,2746.60595703125
2020-02-04,98.8,,4.15,2783.2880859375
2020-02-05,99.12,,4.15,2818.087890625
2020-02-06,99.31,,4.15,2866.510009765625
2020-02-07,99.34,,4.15,2875.9599609375
2020-02-08,,,4.15,
2020-02-09,,,4.15,
2020-02-10,99.48,,4.15,2890.488037109375
2020-02-11,99.63,,4.15,2901.669921875
2020-02-12,99.55,,4.15,2926.89892578125
2020-02-13,99.48,,4.15,2906.073974609375
2020-02-14,99.56,,4.15,2917.008056640625
2020-02-15,,,4.15,
2020-02-16,,,4.15,
2020-02-17,99.64,,4.15,2983.6220703125
2020-02-18,99.57,,4.15,2984.971923828125
2020-02-19,99.81,,4.15,2975.402099609375
2020-02-20,99.97,,4.05,3030.154052734375
2020-02-21,99.97,,4.05,3039.6689453125
2020-02-22,,,4.05,
2020-02-23,,,4.05,
2020-02-24,100.02,,4.05,3031.23291015625
2020-02-25,100.04,,4.05,3013.050048828125
2020-02-26,99.95,,4.05,2987.928955078125
2020-02-27,99.75,,4.05,2991.330078125
2020-02-28,100.02,,4.05,2880.303955078125
2020-02-29,,,4.05,
2020-03-01,,-1.2,4.05,
2020-03-02,99.6,,4.05,2970.930908203125
2020-03-03,99.4,,4.05,2992.89697265625
2020-03-04,99.81,,4.05,3011.666015625
2020-03-05,99.51,,4.05,3071.677001953125
2020-03-06,99.19,,4.05,3034.510986328125
2020-03-07,,,4.05,
2020-03-08,,,4.05,
2020-03-09,98.54,,4.05,2943.291015625
2020-03-10,98.76,,4.05,2996.761962890625
2020-03-11,99.07,,4.05,2968.51708984375
2020-03-12,99.03,,4.05,2923.486083984375
2020-03-13,100.22,,4.05,2887.427001953125
2020-03-14,,,4.05,
2020-03-15,,,4.05,
2020-03-16,100.19,,4.05,2789.25390625
2020-03-17,101.26,,4.05,2779.64111328125
2020-03-18,101.82,,4.05,2728.756103515625
2020-03-19,101.76,,4.05,2702.1298828125
2020-03-20,102.02,,4.05,2745.617919921875
2020-03-21,,,4.05,
2020-03-22,,,4.05,
2020-03-23,102.42,,4.05,2660.169921875
2020-03-24,102.27,,4.05,2722.43798828125
2020-03-25,101.6,,4.05,2781.591064453125
2020-03-26,100.91,,4.05,2764.910888671875
2020-03-27,100.52,,4.05,2772.202880859375
2020-03-28,,,4.05,
2020-03-29,,,4.05,
2020-03-30,100.27,,4.05,2747.214111328125
2020-03-31,100.55,,4.05,2750.2958984375
2020-04-01,100.75,-0.9,4.05,2734.52197265625
2020-04-02,100.82,,4.05,2780.637939453125
2020-04-03,101.52,,4.05,2763.987060546875
2020-04-04,,,4.05,
2020-04-05,,,4.05,
2020-04-06,101.47,,4.05,
2020-04-07,101.18,,4.05,2820.762939453125
2020-04-08,101.16,,4.05,2815.368896484375
2020-04-09,101.12,,4.05,2825.904052734375
2020-04-10,101.11,,4.05,2796.631103515625
2020-04-11,,,4.05,
2020-04-12,,,4.05,
2020-04-13,101.1,,4.05,2783.048095703125
2020-04-14,100.51,,4.05,2827.282958984375
2020-04-15,100.85,,4.05,2811.174072265625
2020-04-16,100.86,,4.05,2819.93505859375
2020-04-17,100.75,,4.05,2838.4951171875
2020-04-18,,,4.05,
2020-04-19,,,4.05,
2020-04-20,100.85,,3.85,2852.552978515625
2020-04-21,100.94,,3.85,2827.012939453125
2020-04-22,101.0,,3.85,2843.97998046875
2020-04-23,101.21,,3.85,2838.4990234375
2020-04-24,101.18,,3.85,2808.529052734375
2020-04-25,,,3.85,
2020-04-26,,,3.85,
2020-04-27,100.72,,3.85,2815.4951171875
2020-04-28,100.57,,3.85,2810.02392578125
2020-04-29,100.57,,3.85,2822.44189453125
2020-04-30,100.46,,3.85,2860.08203125
2020-05-01,100.46,-0.8,3.85,
2020-05-02,,,3.85,
2020-05-03,,,3.85,
2020-05-04,100.56,,3.85,
2020-05-05,100.68,,3.85,
2020-05-06,100.34,,3.85,2878.139892578125
2020-05-07,100.66,,3.85,2871.52294921875
2020-05-08,100.48,,3.85,2895.340087890625
2020-05-09,,,3.85,
2020-05-10,,,3.85,
2020-05-11,100.51,,3.85,2894.800048828125
2020-05-12,100.34,,3.85,2891.555908203125
2020-05-13,100.27,,3.85,2898.050048828125
2020-05-14,100.61,,3.85,2870.342041015625
2020-05-15,100.55,,3.85,2868.458984375
2020-05-16,,,3.85,
2020-05-17,,,3.85,
2020-05-18,100.31,,3.85,2875.41796875
2020-05-19,99.95,,3.85,2898.575927734375
2020-05-20,99.93,,3.85,2883.738037109375
2020-05-21,99.73,,3.85,2867.924072265625
2020-05-22,99.74,,3.85,2813.764892578125
2020-05-23,,,3.85,
2020-05-24,,,3.85,
2020-05-25,99.72,,3.85,2817.969970703125
2020-05-26,99.23,,3.85,2846.547119140625
2020-05-27,98.95,,3.85,2836.803955078125
2020-05-28,98.95,,3.85,2846.221923828125
2020-05-29,98.71,,3.85,2852.35107421875
2020-05-30,,,3.85,
2020-05-31,,,3.85,
2020-06-01,98.58,-0.1,3.85,2915.430908203125
2020-06-02,98.58,,3.85,2921.39794921875
2020-06-03,98.43,,3.85,2923.37109375
2020-06-04,98.2,,3.85,2919.2509765625
2020-06-05,98.15,,3.85,2930.799072265625
2020-06-06,,,3.85,
2020-06-07,,,3.85,
2020-06-08,98.39,,3.85,2937.77099609375
2020-06-09,98.1,,3.85,2956.112060546875
2020-06-10,97.91,,3.85,2943.7529296875
2020-06-11,98.02,,3.85,2920.89697265625
2020-06-12,98.26,,3.85,2919.740966796875
2020-06-13,,,3.85,
2020-06-14,,,3.85,
2020-06-15,98.34,,3.85,2890.030029296875
2020-06-16,98.26,,3.85,2931.75
2020-06-17,98.41,,3.85,2935.8701171875
2020-06-18,98.47,,3.85,2939.320068359375
2020-06-19,98.6,,3.85,2967.6298828125
2020-06-20,,,3.85,
2020-06-21,,,3.85,
2020-06-22,98.7,,3.85,2965.27197265625
2020-06-23,98.42,,3.85,2970.6201171875
2020-06-24,98.34,,3.85,2979.551025390625
2020-06-25,98.77,,3.85,
2020-06-26,98.66,,3.85,
2020-06-27,,,3.85,
2020-06-28,,,3.85,
2020-06-29,98.49,,3.85,2961.51611328125
2020-06-30,98.87,,3.85,2984.674072265625
2020-07-01,98.85,0.5999999999999999,3.85,3025.98095703125
2020-07-02,98.47,,3.85,3090.569091796875
2020-07-03,98.7,,3.85,3152.81298828125
2020-07-04,,,3.85,
2020-07-05,,,3.85,
2020-07-06,98.94,,3.85,3332.881103515625
2020-07-07,99.1,,3.85,3345.3369140625
2020-07-08,99.21,,3.85,3403.43994140625
2020-07-09,99.28,,3.85,3450.593994140625
2020-07-10,99.36,,3.85,3383.322021484375
2020-07-11,,,3.85,
2020-07-12,,,3.85,
2020-07-13,99.25,,3.85,3443.285888671875
2020-07-14,99.07,,3.85,3414.618896484375
2020-07-15,99.06,,3.85,3361.303955078125
2020-07-16,99.19,,3.85,3210.09912109375
2020-07-17,99.14,,3.85,3214.12890625
2020-07-18,,,3.85,
2020-07-19,,,3.85,
2020-07-20,99.15,,3.85,3314.14892578125
2020-07-21,98.9,,3.85,3320.89501953125
2020-07-22,98.36,,3.85,3333.1640625
2020-07-23,98.33,,3.85,3325.110107421875
2020-07-24,98.0,,3.85,3196.76806640625
2020-07-25,,,3.85,
2020-07-26,,,3.85,
2020-07-27,97.51,,3.85,3205.22705078125
2020-07-28,97.67,,3.85,3227.9599609375
2020-07-29,97.57,,3.85,3294.552001953125
2020-07-30,97.51,,3.85,3286.822021484375
2020-07-31,97.47,,3.85,3310.007080078125
2020-08-01,,0.4,3.85,
2020-08-02,,,3.85,
2020-08-03,97.98,,3.85,3367.966064453125
2020-08-04,97.87,,3.85,3371.68994140625
2020-08-05,97.95,,3.85,3377.56005859375
2020-08-06,97.93,,3.85,3386.4599609375
2020-08-07,97.96,,3.85,3354.034912109375
2020-08-08,,,3.85,
2020-08-09,,,3.85,
2020-08-10,98.01,,3.85,3379.251953125
2020-08-11,98.17,,3.85,3340.2900390625
2020-08-12,98.41,,3.85,3319.26611328125
2020-08-13,98.25,,3.85,3320.72607421875
2020-08-14,98.22,,3.85,3360.09912109375
2020-08-15,,,3.85,
2020-08-16,,,3.85,
2020-08-17,98.23,,3.85,3438.801025390625
2020-08-18,98.18,,3.85,3451.089111328125
2020-08-19,98.17,,3.85,3408.12890625
2020-08-20,98.51,,3.85,3363.89892578125
2020-08-21,98.69,,3.85,3380.68310546875
2020-08-22,,,3.85,
2020-08-23,,,3.85,
2020-08-24,98.53,,3.85,3385.637939453125
2020-08-25,98.69,,3.85,3373.577880859375
2020-08-26,99.05,,3.85,3329.739013671875
2020-08-27,99.0,,3.85,3350.110107421875
2020-08-28,98.79,,3.85,3403.806884765625
2020-08-29,,,3.85,
2020-08-30,,,3.85,
2020-08-31,99.1,,3.85,3395.677978515625
2020-09-01,99.26,0.2,3.85,3410.60693359375
2020-09-02,99.66,,3.85,3404.802001953125
2020-09-03,99.78,,3.85,3384.98095703125
2020-09-04,99.66,,3.85,3355.366943359375
2020-09-05,,,3.85,
2020-09-06,,,3.85,
2020-09-07,99.88,,3.85,3292.591064453125
2020-09-08,99.96,,3.85,3316.4169921875
2020-09-09,99.94,,3.85,3254.6279296875
2020-09-10,99.77,,3.85,3234.822998046875
2020-09-11,99.8,,3.85,3260.345947265625
2020-09-12,,,3.85,
2020-09-13,,,3.85,
2020-09-14,99.92,,3.85,3278.81396484375
2020-09-15,100.38,,3.85,3295.679931640625
2020-09-16,100.46,,3.85,3283.924072265625
2020-09-17,100.54,,3.85,3270.43505859375
2020-09-18,100.19,,3.85,3338.090087890625
2020-09-19,,,3.85,
2020-09-20,,,3.85,
2020-09-21,100.27,,3.85,3316.93505859375
2020-09-22,100.66,,3.85,3274.302001953125
2020-09-23,100.82,,3.85,3279.7109375
2020-09-24,100.72,,3.85,3223.176025390625
2020-09-25,100.81,,3.85,3219.41796875
2020-09-26,,,3.85,
2020-09-27,,,3.85,
2020-09-28,100.83,,3.85,3217.534912109375
2020-09-29,100.63,,3.85,3224.35888671875
2020-09-30,100.77,,3.85,3218.052001953125
2020-10-01,100.5,-0.2999999999999999,3.85,
2020-10-02,100.6,,3.85,
2020-10-03,,,3.85,
2020-10-04,,,3.85,
2020-10-05,100.14,,3.85,
2020-10-06,100.31,,3.85,
2020-10-07,100.44,,3.85,
2020-10-08,100.37,,3.85,
2020-10-09,101.42,,3.85,3272.075927734375
2020-10-10,,,3.85,
2020-10-11,,,3.85,
2020-10-12,100.74,,3.85,3358.465087890625
2020-10-13,100.96,,3.85,3359.75
2020-10-14,101.18,,3.85,3340.778076171875
2020-10-15,101.46,,3.85,3332.18310546875
2020-10-16,101.74,,3.85,3336.35791015625
2020-10-17,,,3.85,
2020-10-18,,,3.85,
2020-10-19,101.74,,3.85,3312.669921875
2020-10-20,101.81,,3.85,3328.10009765625
2020-10-21,101.82,,3.85,3325.02001953125
2020-10-22,101.54,,3.85,3312.5
2020-10-23,101.43,,3.85,3277.9970703125
2020-10-24,,,3.85,
2020-10-25,,,3.85,
2020-10-26,101.13,,3.85,3251.118896484375
2020-10-27,101.05,,3.85,3254.31591796875
2020-10-28,101.35,,3.85,3269.239990234375
2020-10-29,101.66,,3.85,3272.72998046875
2020-10-30,102.03,,3.85,3224.532958984375
2020-10-31,,,3.85,
2020-11-01,,-0.5999999999999999,3.85,
2020-11-02,102.03,,3.85,3225.1201171875
2020-11-03,101.9,,3.85,3271.073974609375
2020-11-04,102.06,,3.85,3277.43994140625
2020-11-05,102.06,,3.85,3320.133056640625
2020-11-06,101.93,,3.85,3312.158935546875
2020-11-07,,,3.85,
2020-11-08,,,3.85,
2020-11-09,101.7,,3.85,3373.72998046875
2020-11-10,101.96,,3.85,3360.14892578125
2020-11-11,101.86,,3.85,3342.202880859375
2020-11-12,101.81,,3.85,3338.679931640625
2020-11-13,101.87,,3.85,3310.10498046875
2020-11-14,,,3.85,
2020-11-15,,,3.85,
2020-11-16,102.05,,3.85,3346.968994140625
2020-11-17,102.34,,3.85,3339.89990234375
2020-11-18,102.18,,3.85,3347.302978515625
2020-11-19,102.0,,3.85,3363.087890625
2020-11-20,102.12,,3.85,3377.72998046875
2020-11-21,,,3.85,
2020-11-22,,,3.85,
2020-11-23,101.93,,3.85,3414.489990234375
2020-11-24,101.93,,3.85,3402.822998046875
2020-11-25,101.9,,3.85,3362.326904296875
2020-11-26,101.8,,3.85,3369.73291015625
2020-11-27,101.73,,3.85,3408.306884765625
2020-11-28,,,3.85,
2020-11-29,,,3.85,
2020-11-30,101.57,,3.85,3391.760009765625
2020-12-01,101.77,0.6999999999999998,3.85,3451.93994140625
2020-12-02,101.56,,3.85,3449.381103515625
2020-12-03,101.27,,3.85,3442.135986328125
2020-12-04,101.33,,3.85,3444.5810546875
2020-12-05,,,3.85,
2020-12-06,,,3.85,
2020-12-07,101.39,,3.85,3416.60400390625
2020-12-08,101.5,,3.85,3410.179931640625
2020-12-09,101.23,,3.85,3371.964111328125
2020-12-10,101.29,,3.85,3373.27587890625
2020-12-11,101.26,,3.85,3347.19091796875
2020-12-12,,,3.85,
2020-12-13,,,3.85,
2020-12-14,100.99,,3.85,3369.1201171875
2020-12-15,101.1,,3.85,3367.22998046875
2020-12-16,101.01,,3.85,3366.98291015625
2020-12-17,100.72,,3.85,3404.873046875
2020-12-18,100.79,,3.85,3394.89990234375
2020-12-19,,,3.85,
2020-12-20,,,3.85,
2020-12-21,101.18,,3.85,3420.569091796875
2020-12-22,101.09,,3.85,3356.781982421875
2020-12-23,101.36,,3.85,3382.320068359375
2020-12-24,101.22,,3.85,3363.113037109375
2020-12-25,101.22,,3.85,3396.56298828125
2020-12-26,,,3.85,
2020-12-27,,,3.85,
2020-12-28,100.9,,3.85,3397.284912109375
2020-12-29,100.91,,3.85,3379.035888671875
2020-12-30,100.75,,3.85,3414.452880859375
2020-12-31,100.53,,3.85,3473.069091796875
2021-01-01,100.53,1.0,3.85,
2021-01-02,,,3.85,
2021-01-03,,,3.85,
2021-01-04,101.43,,3.85,3502.9580078125
2021-01-05,101.62,,3.85,3528.677001953125
2021-01-06,101.42,,3.85,3550.876953125
2021-01-07,101.64,,3.85,3576.205078125
2021-01-08,101.82,,3.85,3570.110107421875
2021-01-09,,,3.85,
2021-01-10,,,3.85,
2021-01-11,102.1,,3.85,3531.498046875
2021-01-12,102.32,,3.85,3608.340087890625
2021-01-13,102.05,,3.85,3598.652099609375
2021-01-14,102.2,,3.85,3565.905029296875
2021-01-15,102.11,,3.85,3566.3779296875
2021-01-16,,,3.85,
2021-01-17,,,3.85,
2021-01-18,102.13,,3.85,3596.219970703125
2021-01-19,102.06,,3.85,3566.3798828125
2021-01-20,102.24,,3.85,3583.092041015625
2021-01-21,102.04,,3.85,3621.263916015625
2021-01-22,101.94,,3.85,3606.75
2021-01-23,,,3.85,
2021-01-24,,,3.85,
2021-01-25,102.01,,3.85,3624.238037109375
2021-01-26,102.2,,3.85,3569.428955078125
2021-01-27,102.29,,3.85,3573.340087890625
2021-01-28,102.68,,3.85,3505.176025390625
2021-01-29,103.05,,3.85,3483.069091796875
2021-01-30,,,3.85,
2021-01-31,,,3.85,
2021-02-01,102.64,0.5999999999999999,3.85,3505.283935546875
2021-02-02,102.85,,3.85,3533.68505859375
2021-02-03,102.89,,3.85,3517.30810546875
2021-02-04,102.92,,3.85,3501.85888671875
2021-02-05,102.96,,3.85,3496.330078125
2021-02-06,,,3.85,
2021-02-07,,,3.85,
2021-02-08,103.03,,3.85,3532.447021484375
2021-02-09,102.81,,3.85,3603.489013671875
2021-02-10,102.39,,3.85,3655.087890625
2021-02-11,102.14,,3.85,
2021-02-12,102.34,,3.85,
2021-02-13,,,3.85,
2021-02-14,,,3.85,
2021-02-15,102.16,,3.85,
2021-02-16,102.22,,3.85,
2021-02-17,102.63,,3.85,
2021-02-18,102.26,,3.85,3675.35693359375
2021-02-19,102.27,,3.85,3696.16796875
2021-02-20,,,3.85,
2021-02-21,,,3.85,
2021-02-22,102.34,,3.85,3642.43994140625
2021-02-23,102.25,,3.85,3636.360107421875
2021-02-24,102.48,,3.85,3564.080078125
2021-02-25,102.36,,3.85,3585.050048828125
2021-02-26,102.91,,3.85,3509.080078125
2021-02-27,,,3.85,
2021-02-28,,,3.85,
2021-03-01,103.02,-0.5,3.85,3551.39990234375
2021-03-02,103.15,,3.85,3508.591064453125
2021-03-03,103.06,,3.85,3576.89990234375
2021-03-04,103.27,,3.85,3503.489990234375
2021-03-05,103.53,,3.85,3501.987060546875
2021-03-06,,,3.85,
2021-03-07,,,3.85,
2021-03-08,103.6,,3.85,3421.409912109375
2021-03-09,103.68,,3.85,3359.2900390625
2021-03-10,103.71,,3.85,3357.739990234375
2021-03-11,103.55,,3.85,3436.830078125
2021-03-12,103.53,,3.85,3453.080078125
2021-03-13,,,3.85,
2021-03-14,,,3.85,
2021-03-15,103.63,,3.85,3419.949951171875
2021-03-16,103.55,,3.85,3446.73291015625
2021-03-17,103.67,,3.85,3445.551025390625
2021-03-18,103.55,,3.85,3463.068115234375
2021-03-19,103.53,,3.85,3404.659912109375
2021-03-20,,,3.85,
2021-03-21,,,3.85,
2021-03-22,103.56,,3.85,3443.43994140625
2021-03-23,103.71,,3.85,3411.510009765625
2021-03-24,103.8,,3.85,3367.06005859375
2021-03-25,103.74,,3.85,3363.590087890625
2021-03-26,103.82,,3.85,3418.326904296875
2021-03-27,,,3.85,
2021-03-28,,,3.85,
2021-03-29,103.47,,3.85,3435.300048828125
2021-03-30,103.66,,3.85,3456.679931640625
2021-03-31,103.97,,3.85,3441.909912109375
2021-04-01,103.53,-0.2999999999999999,3.85,3466.330078125
2021-04-02,103.52,,3.85,3484.39208984375
2021-04-03,,,3.85,
2021-04-04,,,3.85,
2021-04-05,103.5,,3.85,
2021-04-06,103.39,,3.85,3482.969970703125
2021-04-07,103.26,,3.85,3479.6298828125
2021-04-08,103.09,,3.85,3482.550048828125
2021-04-09,103.03,,3.85,3450.679931640625
2021-04-10,,,3.85,
2021-04-11,,,3.85,
2021-04-12,103.17,,3.85,3412.949951171875
2021-04-13,103.25,,3.85,3396.469970703125
2021-04-14,103.02,,3.85,3416.719970703125
2021-04-15,102.99,,3.85,3398.989990234375
2021-04-16,102.97,,3.85,3426.6201171875
2021-04-17,,,3.85,
2021-04-18,,,3.85,
2021-04-19,102.84,,3.85,3477.550048828125
2021-04-20,103.02,,3.85,3472.93994140625
2021-04-21,103.23,,3.85,3472.929931640625
2021-04-22,103.22,,3.85,3465.110107421875
2021-04-23,103.08,,3.85,3474.169921875
2021-04-24,,,3.85,
2021-04-25,,,3.85,
2021-04-26,103.01,,3.85,3441.169921875
2021-04-27,103.02,,3.85,3442.610107421875
2021-04-28,103.18,,3.85,3457.070068359375
2021-04-29,103.07,,3.85,3474.89990234375
2021-04-30,103.36,,3.85,3446.860107421875
2021-05-01,,-0.2,3.85,
2021-05-02,,,3.85,
2021-05-03,103.58,,3.85,
2021-05-04,103.28,,3.85,
2021-05-05,103.8,,3.85,
2021-05-06,103.5,,3.85,3441.280029296875
2021-05-07,103.68,,3.85,3418.8701171875
2021-05-08,,,3.85,
2021-05-09,,,3.85,
2021-05-10,103.63,,3.85,3427.989990234375
2021-05-11,103.58,,3.85,3441.85009765625
2021-05-12,103.59,,3.85,3462.75
2021-05-13,103.81,,3.85,3429.5400390625
2021-05-14,103.79,,3.85,3490.3798828125
2021-05-15,,,3.85,
2021-05-16,,,3.85,
2021-05-17,103.82,,3.85,3517.6201171875
2021-05-18,103.58,,3.85,3529.010009765625
2021-05-19,103.56,,3.85,3510.9599609375
2021-05-20,103.54,,3.85,3506.93994140625
2021-05-21,103.5,,3.85,3486.56005859375
2021-05-22,,,3.85,
2021-05-23,,,3.85,
2021-05-24,103.56,,3.85,3497.280029296875
2021-05-25,103.67,,3.85,3581.340087890625
2021-05-26,103.94,,3.85,3593.360107421875
2021-05-27,104.24,,3.85,3608.85009765625
2021-05-28,104.51,,3.85,3600.780029296875
2021-05-29,,,3.85,
2021-05-30,,,3.85,
2021-05-31,104.24,,3.85,3615.47998046875
2021-06-01,103.89,-0.4,3.85,3624.7099609375
2021-06-02,104.07,,3.85,3597.139892578125
2021-06-03,103.95,,3.85,3584.2099609375
2021-06-04,103.99,,3.85,3591.840087890625
2021-06-05,,,3.85,
2021-06-06,,,3.85,
2021-06-07,103.84,,3.85,3599.5400390625
2021-06-08,103.81,,3.85,3580.110107421875
2021-06-09,103.93,,3.85,3591.39990234375
2021-06-10,103.93,,3.85,3610.860107421875
2021-06-11,103.96,,3.85,3589.75
2021-06-12,,,3.85,
2021-06-13,,,3.85,
2021-06-14,104.12,,3.85,
2021-06-15,104.19,,3.85,3556.56005859375
2021-06-16,104.12,,3.85,3518.330078125
2021-06-17,104.58,,3.85,3525.60009765625
2021-06-18,104.72,,3.85,3525.10009765625
2021-06-19,,,3.85,
2021-06-20,,,3.85,
2021-06-21,104.4,,3.85,3529.179931640625
2021-06-22,104.36,,3.85,3557.409912109375
2021-06-23,104.09,,3.85,3566.219970703125
2021-06-24,104.24,,3.85,3566.64990234375
2021-06-25,104.26,,3.85,3607.56005859375
2021-06-26,,,3.85,
2021-06-27,,,3.85,
2021-06-28,104.45,,3.85,3606.3701171875
2021-06-29,104.46,,3.85,3573.179931640625
2021-06-30,104.53,,3.85,3591.199951171875
2021-07-01,104.56,0.2999999999999999,3.85,3588.780029296875
2021-07-02,104.68,,3.85,3518.760009765625
2021-07-03,,,3.85,
2021-07-04,,,3.85,
2021-07-05,104.57,,3.85,3534.320068359375
2021-07-06,104.62,,3.85,3530.260009765625
2021-07-07,104.82,,3.85,3553.719970703125
2021-07-08,104.65,,3.85,3525.5
2021-07-09,104.63,,3.85,3524.090087890625
2021-07-10,,,3.85,
2021-07-11,,,3.85,
2021-07-12,104.78,,3.85,3547.840087890625
2021-07-13,104.87,,3.85,3566.52001953125
2021-07-14,105.18,,3.85,3528.5
2021-07-15,105.01,,3.85,3564.590087890625
2021-07-16,104.93,,3.85,3539.300048828125
2021-07-17,,,3.85,
2021-07-18,,,3.85,
2021-07-19,105.03,,3.85,3539.1201171875
2021-07-20,105.12,,3.85,3536.7900390625
2021-07-21,105.39,,3.85,3562.660888671875
2021-07-22,105.22,,3.85,3574.73388671875
2021-07-23,105.15,,3.85,3550.39990234375
2021-07-24,,,,
2021-07-25,,,3.85,
2021-07-26,105.06,,3.85,3467.43994140625
2021-07-27,104.62,,3.85,3381.179931640625
2021-07-28,104.67,,3.85,3361.590087890625
2021-07-29,104.83,,3.85,3411.719970703125
2021-07-30,104.72,,3.85,3397.360107421875
2021-07-31,,,3.85,
2021-08-01,,0.1,3.85,
2021-08-02,104.68,,3.85,3464.2900390625
2021-08-03,104.56,,3.85,3447.989990234375
2021-08-04,104.54,,3.85,3477.219970703125
2021-08-05,104.68,,3.85,3466.550048828125
2021-08-06,104.76,,3.85,3458.22998046875
2021-08-07,,,3.85,
2021-08-08,,,3.85,
2021-08-09,104.9,,3.85,3494.6298828125
2021-08-10,105.12,,3.85,3529.929931640625
2021-08-11,105.21,,3.85,3532.6201171875
2021-08-12,105.18,,3.85,3524.739990234375
2021-08-13,105.1,,3.85,3516.300048828125
2021-08-14,,,3.85,
2021-08-15,,,3.85,
2021-08-16,105.03,,3.85,3517.340087890625
2021-08-17,105.08,,3.85,3446.97607421875
2021-08-18,105.23,,3.85,3485.285888671875
2021-08-19,105.41,,3.85,3465.554931640625
2021-08-20,105.48,,3.85,3427.333984375
2021-08-21,,,3.85,
2021-08-22,,,3.85,
2021-08-23,105.37,,3.85,3477.1298828125
2021-08-24,105.18,,3.85,3514.470947265625
2021-08-25,105.19,,3.85,3540.3798828125
2021-08-26,105.05,,3.85,3501.6640625
2021-08-27,105.16,,3.85,3522.156982421875
2021-08-28,,,3.85,
2021-08-29,,,3.85,
2021-08-30,104.91,,3.85,3528.15087890625
2021-08-31,104.71,,3.85,3543.93994140625
2021-09-01,104.74,0.0,3.85,3567.10009765625
2021-09-02,104.72,,3.85,3597.0400390625
2021-09-03,104.76,,3.85,3581.72998046875
2021-09-04,,,3.85,
2021-09-05,,,3.85,
2021-09-06,104.61,,3.85,3621.860107421875
2021-09-07,104.7,,3.85,3676.590087890625
2021-09-08,105.02,,3.85,3675.18994140625
2021-09-09,105.02,,3.85,3693.1298828125
2021-09-10,105.14,,3.85,3703.110107421875
2021-09-11,,,3.85,
2021-09-12,,,3.85,
2021-09-13,105.24,,3.85,3715.3701171875
2021-09-14,105.28,,3.85,3662.60009765625
2021-09-15,105.28,,3.85,3656.219970703125
2021-09-16,105.4,,3.85,3607.090087890625
2021-09-17,105.44,,3.85,3613.969970703125
2021-09-18,,,3.85,
2021-09-19,,,3.85,
2021-09-20,105.77,,3.85,
2021-09-21,105.5,,3.85,
2021-09-22,105.6,,3.85,3628.489990234375
2021-09-23,105.67,,3.85,3642.219970703125
2021-09-24,105.71,,3.85,3613.070068359375
2021-09-25,,,3.85,
2021-09-26,,,3.85,
2021-09-27,105.92,,3.85,3582.830078125
2021-09-28,106.29,,3.85,3602.219970703125
2021-09-29,106.32,,3.85,3536.2900390625
2021-09-30,106.67,,3.85,3568.169921875
2021-10-01,106.6,0.6999999999999998,3.85,
2021-10-02,,,3.85,
2021-10-03,,,3.85,
2021-10-04,106.42,,3.85,
2021-10-05,106.61,,3.85,
2021-10-06,107.05,,3.85,
2021-10-07,106.81,,3.85,
2021-10-08,106.97,,3.85,3592.169921875
2021-10-09,,,3.85,
2021-10-10,,,3.85,
2021-10-11,107.05,,3.85,3591.7099609375
2021-10-12,107.16,,3.85,3546.93994140625
2021-10-13,107.2,,3.85,3561.760009765625
2021-10-14,106.94,,3.85,3558.280029296875
2021-10-15,107.01,,3.85,3572.3701171875
2021-10-16,,,3.85,
2021-10-17,,,3.85,
2021-10-18,107.22,,3.85,3568.139892578125
2021-10-19,107.53,,3.85,3593.14990234375
2021-10-20,107.55,,3.85,3587.0
2021-10-21,107.49,,3.85,3594.780029296875
2021-10-22,107.61,,3.85,3582.60009765625
2021-10-23,,,3.85,
2021-10-24,,,3.85,
2021-10-25,107.66,,3.85,3609.860107421875
2021-10-26,107.63,,3.85,3597.639892578125
2021-10-27,107.54,,3.85,3562.31005859375
2021-10-28,107.51,,3.85,3518.419921875
2021-10-29,107.36,,3.85,3547.340087890625
2021-10-30,,,3.85,
2021-10-31,,,3.85,
2021-11-01,107.69,0.4,3.85,3544.47998046875
2021-11-02,107.56,,3.85,3505.6298828125
2021-11-03,107.75,,3.85,3498.5400390625
2021-11-04,107.87,,3.85,3526.8701171875
2021-11-05,107.87,,3.85,3491.570068359375
2021-11-06,,,3.85,
2021-11-07,,,3.85,
2021-11-08,107.67,,3.85,3498.6298828125
2021-11-09,107.56,,3.85,3507.0
2021-11-10,107.71,,3.85,3492.4599609375
2021-11-11,108.16,,3.85,3532.7900390625
2021-11-12,108.49,,3.85,3539.10009765625
2021-11-13,,,3.85,
2021-11-14,,,3.85,
2021-11-15,108.43,,3.85,3533.300048828125
2021-11-16,108.68,,3.85,3521.7900390625
2021-11-17,109.15,,3.85,3537.3701171875
2021-11-18,109.06,,3.85,3520.7099609375
2021-11-19,109.35,,3.85,3560.3701171875
2021-11-20,,,3.85,
2021-11-21,,,3.85,
2021-11-22,109.53,,3.85,3582.080078125
2021-11-23,109.87,,3.85,3589.089111328125
2021-11-24,109.99,,3.85,3592.702880859375
2021-11-25,110.05,,3.85,3584.179931640625
2021-11-26,109.91,,3.85,3564.090087890625
2021-11-27,,,3.85,
2021-11-28,,,3.85,
2021-11-29,110.01,,3.85,3562.699951171875
2021-11-30,109.77,,3.85,3563.889892578125
2021-12-01,109.82,-0.2999999999999999,3.85,3576.889892578125
2021-12-02,109.61,,3.85,3573.840087890625
2021-12-03,110.03,,3.85,3607.429931640625
2021-12-04,,,3.85,
2021-12-05,,,3.85,
2021-12-06,109.95,,3.85,3589.31005859375
2021-12-07,110.17,,3.85,3595.090087890625
2021-12-08,110.34,,3.85,3637.570068359375
2021-12-09,109.83,,3.85,3673.0400390625
2021-12-10,110.11,,3.85,3666.35009765625
2021-12-11,,,3.85,
2021-12-12,,,3.85,
2021-12-13,110.28,,3.85,3681.080078125
2021-12-14,110.26,,3.85,3661.530029296875
2021-12-15,110.5,,3.85,3647.6298828125
2021-12-16,110.24,,3.85,3675.02001953125
2021-12-17,110.2,,3.85,3632.360107421875
2021-12-18,,,3.85,
2021-12-19,,,3.85,
2021-12-20,110.64,,3.8,3593.60009765625
2021-12-21,110.11,,3.8,3625.1298828125
2021-12-22,110.06,,3.8,3622.6201171875
2021-12-23,109.65,,3.8,3643.340087890625
2021-12-24,109.69,,3.8,3618.053955078125
2021-12-25,,,3.8,
2021-12-26,,,3.8,
2021-12-27,109.6,,3.8,3615.969970703125
2021-12-28,109.6,,3.8,3630.112060546875
2021-12-29,109.81,,3.8,3597.0
2021-12-30,109.73,,3.8,3619.18994140625
2021-12-31,110.12,,3.8,3639.780029296875
2022-01-01,,0.4,3.8,
2022-01-02,,,3.8,
2022-01-03,109.92,,3.8,
2022-01-04,110.06,,3.8,3632.330078125
2022-01-05,109.93,,3.8,3595.179931640625
2022-01-06,109.97,,3.8,3586.080078125
2022-01-07,110.02,,3.8,3579.5400390625
2022-01-08,,,3.8,
2022-01-09,,,3.8,
2022-01-10,109.84,,3.8,3593.52001953125
2022-01-11,109.74,,3.8,3567.43994140625
2022-01-12,109.62,,3.8,3597.429931640625
2022-01-13,109.14,,3.8,3555.260009765625
2022-01-14,109.32,,3.8,3521.260009765625
2022-01-15,,,3.8,
2022-01-16,,,3.8,
2022-01-17,109.64,,3.8,3541.669921875
2022-01-18,109.77,,3.8,3569.909912109375
2022-01-19,109.8,,3.8,3558.179931640625
2022-01-20,109.81,,3.7,3555.06005859375
2022-01-21,109.89,,3.7,3522.570068359375
2022-01-22,,,3.7,
2022-01-23,,,3.7,
2022-01-24,110.45,,3.7,3524.110107421875
2022-01-25,110.65,,3.7,3433.06005859375
2022-01-26,110.75,,3.7,3455.669921875
2022-01-27,110.62,,3.7,3394.25
2022-01-28,110.96,,3.7,3361.43994140625
2022-01-29,,,3.7,
2022-01-30,,,3.7,
2022-01-31,110.8,,3.7,
2022-02-01,110.18,0.5999999999999999,3.7,
2022-02-02,109.82,,3.7,
2022-02-03,110.04,,3.7,
2022-02-04,109.59,,3.7,
2022-02-05,,,3.7,
2022-02-06,,,3.7,
2022-02-07,109.67,,3.7,3429.580078125
2022-02-08,109.69,,3.7,3452.6298828125
2022-02-09,109.55,,3.7,3479.949951171875
2022-02-10,109.66,,3.7,3485.909912109375
2022-02-11,109.78,,3.7,3462.949951171875
2022-02-12,,,3.7,
2022-02-13,,,3.7,
2022-02-14,110.17,,3.7,3428.8798828125
2022-02-15,110.22,,3.7,3446.090087890625
2022-02-16,110.16,,3.7,3465.830078125
2022-02-17,110.11,,3.7,3468.0400390625
2022-02-18,110.3,,3.7,3490.760009765625
2022-02-19,,,3.7,
2022-02-20,,,3.7,
2022-02-21,110.25,,3.7,3490.610107421875
2022-02-22,110.49,,3.7,3457.14990234375
2022-02-23,110.58,,3.7,3489.14990234375
2022-02-24,111.88,,3.7,3429.9599609375
2022-02-25,111.59,,3.7,3451.409912109375
2022-02-26,,,3.7,
2022-02-27,,,3.7,
2022-02-28,112.17,,3.7,3462.31005859375
2022-03-01,112.36,0.0,3.7,3488.830078125
2022-03-02,112.53,,3.7,3484.18994140625
2022-03-03,112.64,,3.7,3481.110107421875
2022-03-04,113.53,,3.7,3447.64990234375
2022-03-05,,,3.7,
2022-03-06,,,3.7,
2022-03-07,113.97,,3.7,3372.860107421875
2022-03-08,114.28,,3.7,3293.530029296875
2022-03-09,113.75,,3.7,3256.389892578125
2022-03-10,113.39,,3.7,3296.090087890625
2022-03-11,113.58,,3.7,3309.75
2022-03-12,,,3.7,
2022-03-13,,,3.7,
2022-03-14,113.33,,3.7,3223.530029296875
2022-03-15,113.01,,3.7,3063.969970703125
2022-03-16,113.24,,3.7,3170.7099609375
2022-03-17,112.79,,3.7,3215.0400390625
2022-03-18,112.79,,3.7,3251.070068359375
2022-03-19,,,3.7,
2022-03-20,,,3.7,
2022-03-21,112.76,,3.7,3253.68994140625
2022-03-22,112.81,,3.7,3259.860107421875
2022-03-23,112.82,,3.7,3271.030029296875
2022-03-24,113.06,,3.7,3250.260009765625
2022-03-25,112.93,,3.7,3212.239990234375
2022-03-26,,,3.7,
2022-03-27,,,3.7,
2022-03-28,113.29,,3.7,3214.5
2022-03-29,112.68,,3.7,3203.93994140625
2022-03-30,112.32,,3.7,3266.60009765625
2022-03-31,112.57,,3.7,3252.199951171875
2022-04-01,112.48,0.4,3.7,3282.719970703125
2022-04-02,,,3.7,
2022-04-03,,,3.7,
2022-04-04,112.59,,3.7,
2022-04-05,112.61,,3.7,
2022-04-06,113.09,,3.7,3283.429931640625
2022-04-07,113.25,,3.7,3236.699951171875
2022-04-08,113.47,,3.7,3251.85009765625
2022-04-09,,,3.7,
2022-04-10,,,3.7,
2022-04-11,113.61,,3.7,3167.1298828125
2022-04-12,113.64,,3.7,3213.330078125
2022-04-13,113.76,,3.7,3186.820068359375
2022-04-14,113.4,,3.7,3225.639892578125
2022-04-15,113.47,,3.7,3211.2451171875
2022-04-16,,,3.7,
2022-04-17,,,3.7,
2022-04-18,113.52,,3.7,3195.52001953125
2022-04-19,114.04,,3.7,3194.030029296875
2022-04-20,113.41,,3.7,3151.050048828125
2022-04-21,112.66,,3.7,3079.81005859375
2022-04-22,112.2,,3.7,3086.919921875
2022-04-23,,,3.7,
2022-04-24,,,3.7,
2022-04-25,111.85,,3.7,2928.510009765625
2022-04-26,112.22,,3.7,2886.429931640625
2022-04-27,112.72,,3.7,2958.280029296875
2022-04-28,112.47,,3.7,2975.47998046875
2022-04-29,112.35,,3.7,3047.06005859375
2022-04-30,,,3.7,
2022-05-01,,-0.2,3.7,
2022-05-02,112.26,,3.7,
2022-05-03,112.19,,3.7,
2022-05-04,112.23,,3.7,
2022-05-05,111.86,,3.7,3067.760009765625
2022-05-06,111.38,,3.7,3001.56005859375
2022-05-07,,,3.7,
2022-05-08,,,3.7,
2022-05-09,110.99,,3.7,3004.139892578125
2022-05-10,110.78,,3.7,3035.840087890625
2022-05-11,110.78,,3.7,3058.699951171875
2022-05-12,110.29,,3.7,3054.989990234375
2022-05-13,110.28,,3.7,3084.280029296875
2022-05-14,,,3.7,
2022-05-15,,,3.7,
2022-05-16,110.21,,3.7,3073.75
2022-05-17,110.38,,3.7,3093.699951171875
2022-05-18,110.18,,3.7,3085.97998046875
2022-05-19,110.05,,3.7,3096.9599609375
2022-05-20,110.76,,3.7,3146.570068359375
2022-05-21,,,3.7,
2022-05-22,,,3.7,
2022-05-23,110.8,,3.7,3146.860107421875
2022-05-24,110.28,,3.7,3070.929931640625
2022-05-25,110.08,,3.7,3107.4599609375
2022-05-26,109.21,,3.7,3123.110107421875
2022-05-27,109.47,,3.7,3130.239990234375
2022-05-28,,,3.7,
2022-05-29,,,3.7,
2022-05-30,109.77,,3.7,3149.06005859375
2022-05-31,110.03,,3.7,3186.429931640625
2022-06-01,109.94,0.0,3.7,3182.159912109375
2022-06-02,110.29,,3.7,3195.4599609375
2022-06-03,110.4,,3.7,
2022-06-04,,,3.7,
2022-06-05,,,3.7,
2022-06-06,110.8,,3.7,3236.3701171875
2022-06-07,110.96,,3.7,3241.760009765625
2022-06-08,110.66,,3.7,3263.7900390625
2022-06-09,110.86,,3.7,3238.949951171875
2022-06-10,111.19,,3.7,3284.830078125
2022-06-11,,,3.7,
2022-06-12,,,3.7,
2022-06-13,111.63,,3.7,3255.550048828125
2022-06-14,111.74,,3.7,3288.909912109375
2022-06-15,112.28,,3.7,3305.409912109375
2022-06-16,112.1,,3.7,3285.3798828125
2022-06-17,112.09,,3.7,3316.7900390625
2022-06-18,,,3.7,
2022-06-19,,,3.7,
2022-06-20,112.23,,3.7,3315.429931640625
2022-06-21,112.08,,3.7,3306.719970703125
2022-06-22,112.12,,3.7,3267.199951171875
2022-06-23,112.26,,3.7,3320.14990234375
2022-06-24,112.16,,3.7,3349.75
2022-06-25,,,3.7,
2022-06-26,,,3.7,
2022-06-27,111.89,,3.7,3379.18994140625
2022-06-28,111.88,,3.7,3409.2099609375
2022-06-29,112.27,,3.7,3361.52001953125
2022-06-30,112.65,,3.7,3398.6201171875
2022-07-01,112.64,0.5,3.7,3387.639892578125
2022-07-02,,,3.7,
2022-07-03,,,3.7,
2022-07-04,112.6,,3.7,3405.429931640625
2022-07-05,113.39,,3.7,3404.030029296875
2022-07-06,113.89,,3.7,3355.35009765625
2022-07-07,114.01,,3.7,3364.39990234375
2022-07-08,114.0,,3.7,3356.080078125
2022-07-09,,,3.7,
2022-07-10,,,3.7,
2022-07-11,114.39,,3.7,3313.580078125
2022-07-12,114.48,,3.7,3281.469970703125
2022-07-13,114.12,,3.7,3284.2900390625
2022-07-14,114.35,,3.7,3281.739990234375
2022-07-15,114.22,,3.7,3228.06005859375
2022-07-16,,,3.7,
2022-07-17,,,3.7,
2022-07-18,113.94,,3.7,3278.10009765625
2022-07-19,113.18,,3.7,3279.429931640625
2022-07-20,113.19,,3.7,3304.719970703125
2022-07-21,113.04,,3.7,3272.0
2022-07-22,113.02,,3.7,3269.969970703125
2022-07-23,,,3.7,
2022-07-24,,,3.7,
2022-07-25,112.85,,3.7,3250.389892578125
2022-07-26,113.17,,3.7,3277.43994140625
2022-07-27,113.34,,3.7,3275.760009765625
2022-07-28,113.2,,3.7,3282.580078125
2022-07-29,112.77,,3.7,3253.239990234375
2022-07-30,,,3.7,
2022-07-31,,,3.7,
2022-08-01,112.14,-0.1,3.7,3259.9599609375
2022-08-02,112.02,,3.7,3186.27001953125
2022-08-03,112.55,,3.7,3163.669921875
2022-08-04,112.57,,3.7,3189.0400390625
2022-08-05,112.16,,3.7,3227.030029296875
2022-08-06,,,3.7,
2022-08-07,,,3.7,
2022-08-08,112.45,,3.7,3236.929931640625
2022-08-09,112.47,,3.7,3247.429931640625
2022-08-10,112.37,,3.7,3230.02001953125
2022-08-11,111.68,,3.7,3281.669921875
2022-08-12,112.06,,3.7,3276.889892578125
2022-08-13,,,3.7,
2022-08-14,,,3.7,
2022-08-15,111.99,,3.7,3276.090087890625
2022-08-16,112.21,,3.7,3277.8798828125
2022-08-17,112.38,,3.7,3292.530029296875
2022-08-18,112.33,,3.7,3277.5400390625
2022-08-19,112.8,,3.7,3258.080078125
2022-08-20,,,3.65,
2022-08-21,,,3.65,
2022-08-22,112.75,,3.65,3277.7900390625
2022-08-23,113.02,,3.65,3276.219970703125
2022-08-24,112.55,,3.65,3215.199951171875
2022-08-25,112.5,,3.65,3246.25
2022-08-26,112.21,,3.65,3236.219970703125
2022-08-27,,,3.65,
2022-08-28,,,3.65,
2022-08-29,112.01,,3.65,3240.72998046875
2022-08-30,111.95,,3.65,3227.219970703125
2022-08-31,112.24,,3.65,3202.139892578125
2022-09-01,112.44,0.2999999999999999,3.65,3184.97998046875
2022-09-02,112.59,,3.65,3186.47998046875
2022-09-03,,,3.65,
2022-09-04,,,3.65,
2022-09-05,112.59,,3.65,3199.912109375
2022-09-06,112.29,,3.65,3243.449951171875
2022-09-07,112.78,,3.65,3246.2900390625
2022-09-08,112.4,,3.65,3235.590087890625
2022-09-09,112.54,,3.65,3262.050048828125
2022-09-10,,,3.65,
2022-09-11,,,3.65,
2022-09-12,111.91,,3.65,
2022-09-13,111.86,,3.65,3263.800048828125
2022-09-14,112.48,,3.65,3237.5400390625
2022-09-15,112.17,,3.65,3199.919921875
2022-09-16,112.0,,3.65,3126.39990234375
2022-09-17,,,3.65,
2022-09-18,,,3.65,
2022-09-19,111.98,,3.65,3115.60009765625
2022-09-20,111.99,,3.65,3122.409912109375
2022-09-21,111.89,,3.65,3117.179931640625
2022-09-22,111.71,,3.65,3108.909912109375
2022-09-23,111.84,,3.65,3088.3701171875
2022-09-24,,,3.65,
2022-09-25,,,3.65,
2022-09-26,112.11,,3.65,3051.22998046875
2022-09-27,111.79,,3.65,3093.860107421875
2022-09-28,111.6,,3.65,3045.070068359375
2022-09-29,112.58,,3.65,3041.199951171875
2022-09-30,112.58,,3.65,3024.389892578125
2022-10-01,,0.1,3.65,
2022-10-02,,,3.65,
2022-10-03,112.61,,3.65,
2022-10-04,111.83,,3.65,
2022-10-05,111.52,,3.65,
2022-10-06,111.74,,3.65,
2022-10-07,112.12,,3.65,
2022-10-08,,,3.65,
2022-10-09,,,3.65,
2022-10-10,112.33,,3.65,2974.14990234375
2022-10-11,112.2,,3.65,2979.7900390625
2022-10-12,112.26,,3.65,3025.510009765625
2022-10-13,111.93,,3.65,3016.360107421875
2022-10-14,111.95,,3.65,3071.989990234375
2022-10-15,,,3.65,
2022-10-16,,,3.65,
2022-10-17,111.88,,3.65,3084.93994140625
2022-10-18,111.39,,3.65,3080.9599609375
2022-10-19,111.36,,3.65,3044.3798828125
2022-10-20,111.29,,3.65,3035.050048828125
2022-10-21,111.74,,3.65,3038.929931640625
2022-10-22,,,3.65,
2022-10-23,,,3.65,
2022-10-24,110.69,,3.65,2977.56005859375
2022-10-25,109.94,,3.65,2976.280029296875
2022-10-26,110.63,,3.65,2999.5
2022-10-27,109.88,,3.65,2982.89990234375
2022-10-28,109.9,,3.65,2915.929931640625
2022-10-29,,,3.65,
2022-10-30,,,3.65,
2022-10-31,109.49,,3.65,2893.47998046875
2022-11-01,109.62,-0.2,3.65,2969.199951171875
2022-11-02,109.38,,3.65,3003.3701171875
2022-11-03,109.93,,3.65,2997.81005859375
2022-11-04,111.08,,3.65,3070.800048828125
2022-11-05,,,3.65,
2022-11-06,,,3.65,
2022-11-07,109.51,,3.65,3077.820068359375
2022-11-08,108.92,,3.65,3064.489990234375
2022-11-09,108.51,,3.65,3048.169921875
2022-11-10,108.91,,3.65,3036.1298828125
2022-11-11,108.24,,3.65,3087.2900390625
2022-11-12,,,3.65,
2022-11-13,,,3.65,
2022-11-14,108.81,,3.65,3083.39990234375
2022-11-15,108.51,,3.65,3134.080078125
2022-11-16,108.13,,3.65,3119.97998046875
2022-11-17,107.87,,3.65,3115.429931640625
2022-11-18,108.07,,3.65,3097.239990234375
2022-11-19,,,3.65,
2022-11-20,,,3.65,
2022-11-21,108.26,,3.65,3085.0439453125
2022-11-22,108.41,,3.65,3088.943115234375
2022-11-23,107.76,,3.65,3096.906982421875
2022-11-24,107.02,,3.65,3089.31005859375
2022-11-25,106.86,,3.65,3101.68994140625
2022-11-26,,,3.65,
2022-11-27,,,3.65,
2022-11-28,106.17,,3.65,3078.550048828125
2022-11-29,106.84,,3.65,3149.75
2022-11-30,108.01,,3.65,3151.340087890625
2022-12-01,107.21,0.0,3.65,3165.469970703125
2022-12-02,107.35,,3.65,3156.139892578125
2022-12-03,,,3.65,
2022-12-04,,,3.65,
2022-12-05,108.36,,3.65,3211.81005859375
2022-12-06,108.55,,3.65,3212.530029296875
2022-12-07,108.8,,3.65,3199.6201171875
2022-12-08,108.87,,3.65,3197.35009765625
2022-12-09,108.58,,3.65,3206.949951171875
2022-12-10,,,3.65,
2022-12-11,,,3.65,
2022-12-12,108.54,,3.65,3179.0400390625
2022-12-13,108.51,,3.65,3176.330078125
2022-12-14,108.14,,3.65,3176.530029296875
2022-12-15,108.44,,3.65,3168.64990234375
2022-12-16,108.56,,3.65,3167.85791015625
2022-12-17,,,3.65,
2022-12-18,,,3.65,
2022-12-19,108.43,,3.65,3107.1201171875
2022-12-20,107.98,,3.65,3073.77001953125
2022-12-21,107.68,,3.65,3068.409912109375
2022-12-22,107.62,,3.65,3054.429931640625
2022-12-23,107.67,,3.65,3045.865966796875
2022-12-24,,,3.65,
2022-12-25,,,3.65,
2022-12-26,107.68,,3.65,3065.56298828125
2022-12-27,107.97,,3.65,3095.570068359375
2022-12-28,107.81,,3.65,3087.39990234375
2022-12-29,107.94,,3.65,3073.699951171875
2022-12-30,108.59,,3.65,3089.260009765625
2022-12-31,,,3.65,
2023-01-01,,0.8,3.65,
2023-01-02,108.57,,3.65,
2023-01-03,108.95,,3.65,3116.510009765625
2023-01-04,108.94,,3.65,3123.52001953125
2023-01-05,109.32,,3.65,3155.219970703125
2023-01-06,110.21,,3.65,3157.639892578125
2023-01-07,,,3.65,
2023-01-08,,,3.65,
2023-01-09,109.92,,3.65,3176.080078125
2023-01-10,109.86,,3.65,3169.510009765625
2023-01-11,109.92,,3.65,3161.840087890625
2023-01-12,109.96,,3.65,3163.449951171875
2023-01-13,109.81,,3.65,3195.31005859375
2023-01-14,,,3.65,
2023-01-15,,,3.65,
2023-01-16,109.64,,3.65,3227.592041015625
2023-01-17,108.87,,3.65,3224.239990234375
2023-01-18,109.01,,3.65,3224.409912109375
2023-01-19,108.67,,3.65,3240.280029296875
2023-01-20,108.79,,3.65,3264.81005859375
2023-01-21,,,3.65,
2023-01-22,,,3.65,
2023-01-23,108.56,,3.65,
2023-01-24,108.72,,3.65,
2023-01-25,108.46,,3.65,
2023-01-26,108.34,,3.65,
2023-01-27,108.48,,3.65,
2023-01-28,,,3.65,
2023-01-29,,,3.65,
2023-01-30,108.8,,3.65,3269.320068359375
2023-01-31,109.17,,3.65,3255.669921875
2023-02-01,108.92,-0.5,3.65,3284.919921875
2023-02-02,108.61,,3.65,3285.669921875
2023-02-03,108.71,,3.65,3263.409912109375
2023-02-04,,,3.65,
2023-02-05,,,3.65,
2023-02-06,109.46,,3.65,3238.699951171875
2023-02-07,109.86,,3.65,3248.090087890625
2023-02-08,109.5,,3.65,3232.110107421875
2023-02-09,109.39,,3.65,3270.3798828125
2023-02-10,109.37,,3.65,3260.669921875
2023-02-11,,,3.65,
2023-02-12,,,3.65,
2023-02-13,109.51,,3.65,3284.159912109375
2023-02-14,109.21,,3.65,3293.280029296875
2023-02-15,109.46,,3.65,3280.489990234375
2023-02-16,109.34,,3.65,3249.030029296875
2023-02-17,109.65,,3.65,3224.02001953125
2023-02-18,,,3.65,
2023-02-19,,,3.65,
2023-02-20,109.54,,3.65,3290.340087890625
2023-02-21,109.31,,3.65,3306.52001953125
2023-02-22,109.26,,3.65,3291.14990234375
2023-02-23,109.24,,3.65,3287.47998046875
2023-02-24,108.99,,3.65,3267.159912109375
2023-02-25,,,3.65,
2023-02-26,,,3.65,
2023-02-27,109.15,,3.65,3258.030029296875
2023-02-28,109.21,,3.65,3279.610107421875
2023-03-01,109.64,-0.2999999999999999,3.65,3312.35009765625
2023-03-02,109.57,,3.65,3310.64990234375
2023-03-03,109.39,,3.65,3328.389892578125
2023-03-04,,,3.65,
2023-03-05,,,3.65,
2023-03-06,108.79,,3.65,3322.030029296875
2023-03-07,108.83,,3.65,3285.10009765625
2023-03-08,109.35,,3.65,3283.25
2023-03-09,109.08,,3.65,3276.090087890625
2023-03-10,109.21,,3.65,3230.080078125
2023-03-11,,,3.65,
2023-03-12,,,3.65,
2023-03-13,109.65,,3.65,3268.699951171875
2023-03-14,109.44,,3.65,3245.31005859375
2023-03-15,109.57,,3.65,3263.31005859375
2023-03-16,109.56,,3.65,3226.889892578125
2023-03-17,109.56,,3.65,3250.550048828125
2023-03-18,,,3.65,
2023-03-19,,,3.65,
2023-03-20,109.2,,3.65,3234.909912109375
2023-03-21,109.14,,3.65,3255.64990234375
2023-03-22,108.84,,3.65,3265.75
2023-03-23,108.88,,3.65,3286.64990234375
2023-03-24,108.79,,3.65,3265.64990234375
2023-03-25,,,3.65,
2023-03-26,,,3.65,
2023-03-27,108.61,,3.65,3251.39990234375
2023-03-28,108.3,,3.65,3245.3798828125
2023-03-29,108.39,,3.65,3240.06005859375
2023-03-30,108.32,,3.65,3261.25
2023-03-31,108.51,,3.65,3272.860107421875
2023-04-01,,-0.1,3.65,
2023-04-02,,,3.65,
2023-04-03,108.43,,3.65,3296.39990234375
2023-04-04,108.29,,3.65,3312.56005859375
2023-04-05,108.07,,3.65,
2023-04-06,108.37,,3.65,3312.6298828125
2023-04-07,108.37,,3.65,3327.64990234375
2023-04-08,,,3.65,
2023-04-09,,,3.65,
2023-04-10,108.37,,3.65,3315.360107421875
2023-04-11,108.52,,3.65,3313.570068359375
2023-04-12,108.55,,3.65,3327.179931640625
2023-04-13,107.94,,3.65,3318.360107421875
2023-04-14,108.1,,3.65,3338.14990234375
2023-04-15,,,3.65,
2023-04-16,,,3.65,
2023-04-17,108.39,,3.65,3385.610107421875
2023-04-18,108.35,,3.65,3393.330078125
2023-04-19,108.52,,3.65,3370.1298828125
2023-04-20,108.64,,3.65,3367.030029296875
2023-04-21,108.38,,3.65,3301.260009765625
2023-04-22,,,3.65,
2023-04-23,,,3.65,
2023-04-24,108.33,,3.65,3275.409912109375
2023-04-25,107.86,,3.65,3264.8701171875
2023-04-26,107.73,,3.65,3264.10009765625
2023-04-27,107.67,,3.65,3285.8798828125
2023-04-28,108.15,,3.65,3323.27001953125
2023-04-29,,,3.65,
2023-04-30,,,3.65,
2023-05-01,108.18,-0.2,3.65,
2023-05-02,108.46,,3.65,
2023-05-03,107.9,,3.65,
2023-05-04,107.53,,3.65,3350.4599609375
2023-05-05,107.54,,3.65,3334.5
2023-05-06,,,3.65,
2023-05-07,,,3.65,
2023-05-08,107.44,,3.65,3395.0
2023-05-09,107.68,,3.65,3357.669921875
2023-05-10,107.65,,3.65,3319.14990234375
2023-05-11,107.44,,3.65,3309.550048828125
2023-05-12,107.61,,3.65,3272.360107421875
2023-05-13,,,3.65,
2023-05-14,,,3.65,
2023-05-15,107.77,,3.65,3310.739990234375
2023-05-16,107.6,,3.65,3290.989990234375
2023-05-17,107.53,,3.65,3284.22998046875
2023-05-18,107.25,,3.65,3297.320068359375
2023-05-19,107.46,,3.65,3283.5400390625
2023-05-20,,,3.65,
2023-05-21,,,3.65,
2023-05-22,107.02,,3.65,3296.469970703125
2023-05-23,106.93,,3.65,3246.239990234375
2023-05-24,107.03,,3.65,3204.75
2023-05-25,107.09,,3.65,3201.260009765625
2023-05-26,107.23,,3.65,3212.5
2023-05-27,,,3.65,
2023-05-28,,,3.65,
2023-05-29,107.1,,3.65,3221.449951171875
2023-05-30,106.88,,3.65,3224.2099609375
2023-05-31,106.84,,3.65,3204.56005859375
2023-06-01,106.65,-0.2,3.65,3204.6298828125
2023-06-02,106.67,,3.65,3230.070068359375
2023-06-03,,,3.65,
2023-06-04,,,3.65,
2023-06-05,106.43,,3.65,3232.43994140625
2023-06-06,106.28,,3.65,3195.340087890625
2023-06-07,106.29,,3.65,3197.760009765625
2023-06-08,106.12,,3.65,3213.590087890625
2023-06-09,105.73,,3.65,3231.409912109375
2023-06-10,,,3.65,
2023-06-11,,,3.65,
2023-06-12,105.54,,3.65,3228.830078125
2023-06-13,105.27,,3.65,3233.669921875
2023-06-14,105.15,,3.65,3228.989990234375
2023-06-15,105.28,,3.65,3252.97998046875
2023-06-16,105.18,,3.65,3273.330078125
2023-06-17,,,3.65,
2023-06-18,,,3.65,
2023-06-19,104.99,,3.65,3255.81005859375
2023-06-20,104.79,,3.55,3240.360107421875
2023-06-21,104.77,,3.55,3197.89990234375
2023-06-22,104.8,,3.55,
2023-06-23,105.46,,3.55,
2023-06-24,,,3.55,
2023-06-25,,,3.55,
2023-06-26,104.59,,3.55,3150.6201171875
2023-06-27,104.78,,3.55,3189.43994140625
2023-06-28,104.69,,3.55,3189.3798828125
2023-06-29,104.84,,3.55,3182.3798828125
2023-06-30,104.73,,3.55,3202.06005859375
2023-07-01,,0.2,3.55,
2023-07-02,,,3.55,
2023-07-03,104.76,,3.55,3243.97998046875
2023-07-04,105.0,,3.55,3245.35009765625
2023-07-05,104.86,,3.55,3222.949951171875
2023-07-06,105.0,,3.55,3205.570068359375
2023-07-07,105.12,,3.55,3196.610107421875
2023-07-08,,,3.55,
2023-07-09,,,3.55,
2023-07-10,104.7,,3.55,3203.699951171875
2023-07-11,104.66,,3.55,3221.3701171875
2023-07-12,104.47,,3.55,3196.1298828125
2023-07-13,103.75,,3.55,3236.47998046875
2023-07-14,103.95,,3.55,3237.699951171875
2023-07-15,,,3.55,
2023-07-16,,,3.55,
2023-07-17,103.55,,3.55,3209.6298828125
2023-07-18,103.26,,3.55,3197.820068359375
2023-07-19,103.03,,3.55,3198.840087890625
2023-07-20,103.9,,3.55,3169.52001953125
2023-07-21,104.42,,3.55,3167.75
2023-07-22,,,3.55,
2023-07-23,,,3.55,
2023-07-24,104.29,,3.55,3164.159912109375
2023-07-25,105.01,,3.55,3231.52001953125
2023-07-26,104.68,,3.55,3223.030029296875
2023-07-27,104.51,,3.55,3216.669921875
2023-07-28,104.77,,3.55,3275.929931640625
2023-07-29,,,3.55,
2023-07-30,,,3.55,
2023-07-31,105.09,,3.55,3291.0400390625
2023-08-01,105.37,0.2999999999999999,3.55,3290.948974609375
2023-08-02,105.35,,3.55,3261.68994140625
2023-08-03,105.85,,3.55,3280.462890625
2023-08-04,105.7,,3.55,3288.083984375
2023-08-05,,,3.55,
2023-08-06,,,3.55,
2023-08-07,105.4,,3.55,3268.8310546875
2023-08-08,105.6,,3.55,3260.6201171875
2023-08-09,105.6,,3.55,3244.489990234375
2023-08-10,105.34,,3.55,3254.56005859375
2023-08-11,105.3,,3.55,3189.25
2023-08-12,,,3.55,
2023-08-13,,,3.55,
2023-08-14,105.38,,3.55,3178.429931640625
2023-08-15,105.24,,3.55,3176.179931640625
2023-08-16,105.02,,3.55,3150.1298828125
2023-08-17,105.28,,3.55,3163.739990234375
2023-08-18,105.3,,3.55,3131.949951171875
2023-08-19,,,3.55,
2023-08-20,,,3.45,
2023-08-21,105.22,,3.45,3092.97998046875
2023-08-22,105.09,,3.45,3120.330078125
2023-08-23,105.41,,3.45,3078.39990234375
2023-08-24,105.19,,3.45,3082.239990234375
2023-08-25,105.2,,3.45,3064.070068359375
2023-08-26,,,3.45,
2023-08-27,,,3.45,
2023-08-28,105.29,,3.45,3098.639892578125
2023-08-29,105.35,,3.45,3135.889892578125
2023-08-30,105.01,,3.45,3137.139892578125
2023-08-31,105.06,,3.45,3119.8798828125
2023-09-01,105.51,0.2,3.45,3133.25
2023-09-02,,,3.45,
2023-09-03,,,3.45,
2023-09-04,105.58,,3.45,3177.06005859375
2023-09-05,105.72,,3.45,3154.3701171875
2023-09-06,105.74,,3.45,3158.080078125
2023-09-07,105.71,,3.45,3122.35009765625
2023-09-08,105.58,,3.45,3116.719970703125
2023-09-09,,,3.45,
2023-09-10,,,3.45,
2023-09-11,106.02,,3.45,3142.780029296875
2023-09-12,106.17,,3.45,3137.06005859375
2023-09-13,106.27,,3.45,3123.070068359375
2023-09-14,106.26,,3.45,3126.550048828125
2023-09-15,106.55,,3.45,3117.739990234375
2023-09-16,,,3.45,
2023-09-17,,,3.45,
2023-09-18,106.29,,3.45,3125.929931640625
2023-09-19,106.22,,3.45,3124.9599609375
2023-09-20,106.24,,3.45,3108.568115234375
2023-09-21,106.58,,3.45,3084.700927734375
2023-09-22,106.43,,3.45,3132.431884765625
2023-09-23,,,3.45,
2023-09-24,,,3.45,
2023-09-25,106.51,,3.45,3115.60693359375
2023-09-26,106.84,,3.45,3102.27294921875
2023-09-27,107.22,,3.45,3107.31591796875
2023-09-28,107.31,,3.45,3110.47509765625
2023-09-29,106.97,,3.45,
2023-09-30,,,3.45,
2023-10-01,,-0.1,3.45,
2023-10-02,107.43,,3.45,
2023-10-03,107.88,,3.45,
2023-10-04,107.65,,3.45,
2023-10-05,107.43,,3.45,
2023-10-06,107.2,,3.45,
2023-10-07,,,3.45,
2023-10-08,,,3.45,
2023-10-09,107.6,,3.45,3096.922119140625
2023-10-10,107.22,,3.45,3075.239990234375
2023-10-11,106.85,,3.45,3078.9560546875
2023-10-12,106.82,,3.45,3107.90087890625
2023-10-13,107.31,,3.45,3088.10009765625
2023-10-14,,,3.45,
2023-10-15,,,3.45,
2023-10-16,107.16,,3.45,3073.81298828125
2023-10-17,107.03,,3.45,3083.5
2023-10-18,107.03,,3.45,3058.7099609375
2023-10-19,107.26,,3.45,3005.39306640625
2023-10-20,107.07,,3.45,2983.06005859375
2023-10-21,,,3.45,
2023-10-22,,,3.45,
2023-10-23,107.08,,3.45,2939.291015625
2023-10-24,106.88,,3.45,2962.243896484375
2023-10-25,107.09,,3.45,2974.114013671875
2023-10-26,107.33,,3.45,2988.299072265625
2023-10-27,107.27,,3.45,3017.783935546875
2023-10-28,,,3.45,
2023-10-29,,,3.45,
2023-10-30,106.92,,3.45,3021.552978515625
2023-10-31,107.04,,3.45,3018.77099609375
2023-11-01,107.36,-0.5,3.45,3023.076904296875
2023-11-02,106.45,,3.45,3009.406005859375
2023-11-03,106.05,,3.45,3030.798095703125
2023-11-04,,,3.45,
2023-11-05,,,3.45,
2023-11-06,106.17,,3.45,3058.410888671875
2023-11-07,106.44,,3.45,3057.27001953125
2023-11-08,106.63,,3.45,3052.373046875
2023-11-09,106.55,,3.45,3053.279052734375
2023-11-10,106.66,,3.45,3038.969970703125
2023-11-11,,,3.45,
2023-11-12,,,3.45,
2023-11-13,106.8,,3.45,3046.532958984375
2023-11-14,106.6,,3.45,3056.070068359375
2023-11-15,106.07,,3.45,3072.8349609375
2023-11-16,106.0,,3.45,3050.926025390625
2023-11-17,106.19,,3.45,3054.3701171875
2023-11-18,,,3.45,
2023-11-19,,,3.45,
2023-11-20,106.46,,3.45,3068.319091796875
2023-11-21,106.69,,3.45,3067.93310546875
2023-11-22,106.93,,3.45,3043.611083984375
2023-11-23,107.18,,3.45,3061.85595703125
2023-11-24,107.02,,3.45,3040.971923828125
2023-11-25,,,3.45,
2023-11-26,,,3.45,
2023-11-27,106.66,,3.45,3031.699951171875
2023-11-28,106.59,,3.45,3038.550048828125
2023-11-29,106.51,,3.45,3021.68701171875
2023-11-30,106.73,,3.45,3029.673095703125
2023-12-01,106.93,0.1,3.45,3031.635986328125
2023-12-02,,,3.45,
2023-12-03,,,3.45,
2023-12-04,106.84,,3.45,3022.9140625
2023-12-05,107.15,,3.45,2972.2958984375
2023-12-06,107.09,,3.45,2968.93310546875
2023-12-07,107.01,,3.45,2966.2060546875
2023-12-08,106.77,,3.45,2969.55908203125
2023-12-09,,,3.45,
2023-12-10,,,3.45,
2023-12-11,106.98,,3.45,2991.43896484375
2023-12-12,106.71,,3.45,3003.43798828125
2023-12-13,106.88,,3.45,2968.760986328125
2023-12-14,106.21,,3.45,2958.986083984375
2023-12-15,106.5,,3.45,2942.556884765625
2023-12-16,,,3.45,
2023-12-17,,,3.45,
2023-12-18,106.45,,3.45,2930.800048828125
2023-12-19,106.37,,3.45,2932.39111328125
2023-12-20,106.3,,3.45,2902.110107421875
2023-12-21,106.0,,3.45,2918.715087890625
2023-12-22,105.77,,3.45,2914.77490234375
2023-12-23,,,3.45,
2023-12-24,,,3.45,
2023-12-25,105.77,,3.45,2918.81298828125
2023-12-26,105.74,,3.45,2898.8798828125
2023-12-27,105.42,,3.45,2914.614013671875
2023-12-28,105.53,,3.45,2954.7041015625
2023-12-29,105.84,,3.45,2974.93505859375
2023-12-30,,,3.45,
2023-12-31,,,3.45,
2024-01-01,105.84,0.2999999999999999,3.45,
2024-01-02,105.93,,3.45,2962.27587890625
2024-01-03,106.19,,3.45,2967.2470703125
2024-01-04,106.06,,3.45,2954.34912109375
2024-01-05,106.34,,3.45,2929.179931640625
2024-01-06,,,3.45,
2024-01-07,,,3.45,
2024-01-08,106.07,,3.45,2887.5380859375
2024-01-09,106.05,,3.45,2893.25
2024-01-10,106.12,,3.45,2877.701904296875
2024-01-11,106.11,,3.45,2886.64990234375
2024-01-12,106.14,,3.45,2881.97705078125
2024-01-13,,,3.45,
2024-01-14,,,3.45,
2024-01-15,106.19,,3.45,2886.2900390625
2024-01-16,106.6,,3.45,2893.989013671875
2024-01-17,106.87,,3.45,2833.614990234375
2024-01-18,106.87,,3.45,2845.780029296875
2024-01-19,106.73,,3.45,2832.279052734375
2024-01-20,,,3.45,
2024-01-21,,,3.45,
2024-01-22,106.71,,3.45,2756.340087890625
2024-01-23,107.16,,3.45,2770.97607421875
2024-01-24,107.13,,3.45,2820.77197265625
2024-01-25,107.04,,3.45,2906.10888671875
2024-01-26,106.98,,3.45,2910.222900390625
2024-01-27,,,3.45,
2024-01-28,,,3.45,
2024-01-29,107.08,,3.45,2883.360107421875
2024-01-30,106.9,,3.45,2830.527099609375
2024-01-31,106.99,,3.45,2788.548095703125
2024-02-01,106.97,1.0,3.45,2770.739990234375
2024-02-02,106.54,,3.45,2730.152099609375
2024-02-03,,,3.45,
2024-02-04,,,3.45,
2024-02-05,107.28,,3.45,2702.18505859375
2024-02-06,107.36,,3.45,2789.486083984375
2024-02-07,107.09,,3.45,2829.696044921875
2024-02-08,107.3,,3.45,2865.903076171875
2024-02-09,107.37,,3.45,
2024-02-10,,,3.45,
2024-02-11,,,3.45,
2024-02-12,107.26,,3.45,
2024-02-13,107.22,,3.45,
2024-02-14,107.79,,3.45,
2024-02-15,107.62,,3.45,
2024-02-16,107.56,,3.45,
2024-02-17,,,3.45,
2024-02-18,,,3.45,
2024-02-19,107.43,,3.45,2910.5439453125
2024-02-20,107.47,,3.45,2922.72998046875
2024-02-21,107.45,,3.45,2950.9560546875
2024-02-22,107.26,,3.45,2988.35791015625
2024-02-23,107.27,,3.45,3004.881103515625
2024-02-24,,,3.45,
2024-02-25,,,3.45,
2024-02-26,107.3,,3.45,2977.02197265625
2024-02-27,107.24,,3.45,3015.48095703125
2024-02-28,107.52,,3.45,2957.85205078125
2024-02-29,107.49,,3.45,3015.1708984375
2024-03-01,107.47,-1.0,3.45,3027.02001953125
2024-03-02,,,3.45,
2024-03-03,,,3.45,
2024-03-04,107.28,,3.45,3039.305908203125
2024-03-05,107.33,,3.45,3047.79296875
2024-03-06,107.12,,3.45,3039.930908203125
2024-03-07,106.77,,3.45,3027.40087890625
2024-03-08,106.52,,3.45,3046.01904296875
2024-03-09,,,3.45,
2024-03-10,,,3.45,
2024-03-11,106.51,,3.45,3068.455078125
2024-03-12,106.78,,3.45,3055.93505859375
2024-03-13,106.54,,3.45,3043.8349609375
2024-03-14,106.64,,3.45,3038.23388671875
2024-03-15,106.95,,3.45,3054.635986328125
2024-03-16,,,3.45,
2024-03-17,,,3.45,
2024-03-18,107.08,,3.45,3084.926025390625
2024-03-19,107.48,,3.45,3062.756103515625
2024-03-20,107.74,,3.45,3079.68603515625
2024-03-21,107.31,,3.45,3077.113037109375
2024-03-22,107.43,,3.45,3048.033935546875
2024-03-23,,,3.45,
2024-03-24,,,3.45,
2024-03-25,107.57,,3.45,3026.305908203125
2024-03-26,107.48,,3.45,3031.48095703125
2024-03-27,107.63,,3.45,2993.138916015625
2024-03-28,107.61,,3.45,3010.6640625
2024-03-29,107.59,,3.45,3041.1669921875
2024-03-30,,,3.45,
2024-03-31,,,3.45,
2024-04-01,107.63,,3.45,3077.37890625
2024-04-02,107.82,,3.45,3074.958984375
2024-04-03,107.7,,3.45,3069.2958984375
2024-04-04,107.41,,3.45,
2024-04-05,107.4,,3.45,
2024-04-06,,,3.45,
2024-04-07,,,3.45,
2024-04-08,107.61,,3.45,3047.052978515625
2024-04-09,107.31,,3.45,3048.537109375
2024-04-10,107.35,,3.45,3027.3349609375
2024-04-11,108.14,,3.45,3034.24609375
2024-04-12,108.58,,3.45,3019.47412109375
2024-04-13,,,3.45,
2024-04-14,,,3.45,
2024-04-15,108.76,,3.45,3057.3779296875
2024-04-16,109.15,,3.45,3007.068115234375
2024-04-17,109.09,,3.45,3071.381103515625
2024-04-18,108.79,,3.45,3074.22509765625
2024-04-19,108.98,,3.45,3065.260986328125
2024-04-20,,,3.45,
2024-04-21,,,3.45,
2024-04-22,109.03,,3.45,3044.594970703125
2024-04-23,108.8,,3.45,3021.97802734375
2024-04-24,108.77,,3.45,3044.822021484375
2024-04-25,108.63,,3.45,3052.89990234375
2024-04-26,108.78,,3.45,3088.635986328125
2024-04-27,,,3.45,
2024-04-28,,,3.45,
2024-04-29,108.74,,3.45,3113.04296875
2024-04-30,108.86,,3.45,3104.824951171875
2024-05-01,108.86,,3.45,
2024-05-02,108.62,,3.45,
2024-05-03,108.04,,3.45,
2024-05-04,,,3.45,
2024-05-05,,,3.45,
2024-05-06,108.4,,3.45,3140.719970703125
2024-05-07,108.4,,3.45,3147.738037109375
2024-05-08,108.53,,3.45,3128.47998046875
2024-05-09,108.66,,3.45,3154.320068359375
2024-05-10,108.42,,3.45,3154.547119140625
2024-05-11,,,3.45,
2024-05-12,,,3.45,
2024-05-13,108.2,,3.45,3148.02099609375
2024-05-14,108.2,,3.45,3145.77392578125
2024-05-15,108.0,,3.45,3119.902099609375
2024-05-16,107.64,,3.45,3122.40087890625
2024-05-17,107.82,,3.45,3154.02587890625
2024-05-18,,,3.45,
2024-05-19,,,3.45,
2024-05-20,107.66,,3.45,3171.14501953125
2024-05-21,107.68,,3.45,3157.966064453125
2024-05-22,107.84,,3.45,3158.5400390625
2024-05-23,107.7,,3.45,3116.386962890625
2024-05-24,107.8,,3.45,3088.87109375
2024-05-25,,,3.45,
2024-05-26,,,3.45,
2024-05-27,107.7,,3.45,3124.04296875
2024-05-28,107.39,,3.45,3109.572021484375
2024-05-29,107.73,,3.45,3111.01806640625
2024-05-30,108.15,,3.45,3091.677978515625
2024-05-31,108.08,,3.45,3086.81298828125
2024-06-01,,,3.45,
2024-06-02,,,3.45,
2024-06-03,107.94,,3.45,3078.489013671875
2024-06-04,107.81,,3.45,3091.198974609375
2024-06-05,107.66,,3.45,3065.403076171875
2024-06-06,107.63,,3.45,3048.7939453125
2024-06-07,107.51,,3.45,3051.279052734375
2024-06-08,,,3.45,
2024-06-09,,,3.45,
2024-06-10,108.18,,3.45,
2024-06-11,108.2,,3.45,3028.044921875
2024-06-12,108.15,,3.45,3037.468017578125
2024-06-13,108.07,,3.45,3028.9189453125
2024-06-14,108.47,,3.45,3032.633056640625
2024-06-15,,,3.45,
2024-06-16,,,3.45,
2024-06-17,108.45,,3.45,3015.89111328125
2024-06-18,108.44,,3.45,3030.24609375
2024-06-19,108.18,,3.45,3018.049072265625
2024-06-20,108.33,,3.45,3005.43701171875
2024-06-21,108.51,,3.45,2998.137939453125
2024-06-22,,,3.45,
2024-06-23,,,3.45,
2024-06-24,108.42,,3.45,2963.09912109375
2024-06-25,108.49,,3.45,2949.99609375
2024-06-26,108.71,,3.45,2972.52490234375
2024-06-27,108.66,,3.45,2945.85205078125
2024-06-28,108.56,,3.45,2967.403076171875
2024-06-29,,,3.45,
2024-06-30,,,3.45,
2024-07-01,108.47,,3.45,2994.72998046875
2024-07-02,108.71,,3.45,2997.010986328125
2024-07-03,108.61,,3.45,2982.3759765625
2024-07-04,108.24,,3.45,2957.56689453125
2024-07-05,108.11,,3.45,2949.93310546875
2024-07-06,,,3.45,
2024-07-07,,,3.45,
2024-07-08,108.04,,3.45,2922.449951171875
2024-07-09,108.14,,3.45,2959.3720703125
2024-07-10,108.04,,3.45,2939.364013671875
2024-07-11,108.02,,3.45,2970.386962890625
2024-07-12,107.75,,3.45,2971.294921875
2024-07-13,,,3.45,
2024-07-14,,,3.45,
2024-07-15,107.61,,3.45,2974.010986328125
2024-07-16,107.6,,3.45,2976.303955078125
2024-07-17,107.38,,3.45,2962.85498046875
2024-07-18,107.47,,3.45,2977.133056640625
2024-07-19,107.72,,3.45,2982.30908203125
2024-07-20,,,,
2024-07-21,,,,
2024-07-22,107.64,,3.35,2964.216064453125
2024-07-23,107.64,,3.35,2915.368896484375
2024-07-24,107.44,,3.35,2901.951904296875
2024-07-25,108.17,,3.35,2886.741943359375
2024-07-26,107.82,,3.35,2890.89697265625
2024-07-27,,,3.35,
2024-07-28,,,3.35,
2024-07-29,107.83,,3.35,2891.844970703125
2024-07-30,108.03,,3.35,2879.300048828125
2024-07-31,107.85,,3.35,2938.7490234375
2024-08-01,107.5,,3.35,2932.386962890625
2024-08-02,107.71,,3.35,2905.337890625
2024-08-03,,,3.35,
2024-08-04,,,3.35,
2024-08-05,108.02,,3.35,2860.697998046875
2024-08-06,108.11,,3.35,2867.283935546875
2024-08-07,107.75,,3.35,2869.833984375
2024-08-08,107.66,,3.35,2869.90087890625
2024-08-09,107.62,,3.35,2862.194091796875
2024-08-10,,,3.35,
2024-08-11,,,3.35,
2024-08-12,107.58,,3.35,2858.205078125
2024-08-13,107.77,,3.35,2867.946044921875
2024-08-14,107.65,,3.35,2850.654052734375
2024-08-15,107.37,,3.35,2877.35791015625
2024-08-16,107.34,,3.35,2879.429931640625
2024-08-17,,,3.35,
2024-08-18,,,3.35,
2024-08-19,106.95,,3.35,2893.674072265625
2024-08-20,106.66,,3.35,2866.660888671875
2024-08-21,106.73,,3.35,2856.583984375
2024-08-22,106.69,,3.35,2848.77197265625
2024-08-23,106.67,,3.35,2854.367919921875
2024-08-24,,,3.35,
2024-08-25,,,3.35,
2024-08-26,106.36,,3.35,2855.52001953125
2024-08-27,106.4,,3.35,2848.73095703125
2024-08-28,106.53,,3.35,2837.428955078125
2024-08-29,107.03,,3.35,2823.10595703125
2024-08-30,107.26,,3.35,2842.214111328125
2024-08-31,,,3.35,
2024-09-01,,,3.35,
2024-09-02,107.26,,3.35,2811.034912109375
2024-09-03,107.2,,3.35,2802.97900390625
2024-09-04,107.15,,3.35,2784.278076171875
2024-09-05,107.02,,3.35,2788.31396484375
2024-09-06,107.07,,3.35,2765.806884765625
2024-09-07,,,3.35,
2024-09-08,,,3.35,
2024-09-09,107.13,,3.35,2736.488037109375
2024-09-10,107.05,,3.35,2744.19189453125
2024-09-11,106.96,,3.35,2721.794921875
2024-09-12,107.05,,3.35,2717.123046875
2024-09-13,106.77,,3.35,2704.090087890625
2024-09-14,,,3.35,
2024-09-15,,,3.35,
2024-09-16,106.29,,3.35,
2024-09-17,106.27,,3.35,
2024-09-18,106.69,,3.35,2717.281005859375
2024-09-19,106.89,,3.35,2736.02197265625
2024-09-20,107.27,,3.35,2736.81396484375
2024-09-21,,,3.35,
2024-09-22,,,3.35,
2024-09-23,107.37,,3.35,2748.91796875
2024-09-24,107.52,,3.35,2863.1259765625
2024-09-25,107.34,,3.35,2896.305908203125
2024-09-26,107.58,,3.35,3000.952880859375
2024-09-27,107.26,,3.35,3087.529052734375
2024-09-28,,,3.35,
2024-09-29,,,3.35,
2024-09-30,107.15,,3.35,3336.4970703125
2024-10-01,107.75,,3.35,
2024-10-02,107.96,,3.35,
2024-10-03,108.6,,3.35,
2024-10-04,108.82,,3.35,
2024-10-05,,,3.35,
2024-10-06,,,3.35,
2024-10-07,109.23,,3.35,
2024-10-08,108.73,,3.35,3489.77490234375
2024-10-09,108.66,,3.35,3258.85791015625
2024-10-10,108.75,,3.35,3301.926025390625
2024-10-11,108.81,,3.35,3217.738037109375
2024-10-12,,,3.35,
2024-10-13,,,3.35,
2024-10-14,108.75,,3.35,3284.322998046875
2024-10-15,108.31,,3.35,3201.2919921875
2024-10-16,108.38,,3.35,3202.947998046875
2024-10-17,108.52,,3.35,3169.384033203125
2024-10-18,108.86,,3.35,3261.56298828125
2024-10-19,,,3.35,
2024-10-20,,,,
2024-10-21,108.78,,3.1,3268.110107421875
2024-10-22,108.88,,3.1,3285.866943359375
2024-10-23,109.3,,3.1,3302.802978515625
2024-10-24,109.23,,3.1,3280.262939453125
2024-10-25,109.15,,3.1,3299.699951171875
2024-10-26,,,3.1,
2024-10-27,,,3.1,
2024-10-28,109.2,,3.1,3322.197998046875
2024-10-29,109.38,,3.1,3286.406982421875
2024-10-30,109.35,,3.1,3266.238037109375
2024-10-31,109.19,,3.1,3279.823974609375
2024-11-01,109.16,,3.1,3272.013916015625
2024-11-02,,,3.1,
2024-11-03,,,3.1,
2024-11-04,109.28,,3.1,3310.20703125
2024-11-05,109.27,,3.1,3386.987060546875
2024-11-06,109.48,,3.1,3383.805908203125
2024-11-07,109.12,,3.1,3470.660888671875
2024-11-08,108.78,,3.1,3452.297119140625
2024-11-09,,,3.1,
2024-11-10,,,3.1,
2024-11-11,109.07,,3.1,3470.06591796875
2024-11-12,109.04,,3.1,3421.969970703125
2024-11-13,109.38,,3.1,3439.278076171875
2024-11-14,109.49,,3.1,3379.839111328125
2024-11-15,109.3,,3.1,3330.72607421875
2024-11-16,,,3.1,
2024-11-17,,,3.1,
2024-11-18,109.22,,3.1,3323.84912109375
2024-11-19,108.95,,3.1,3346.010009765625
2024-11-20,109.14,,3.1,3367.989013671875
2024-11-21,109.3,,3.1,3370.404052734375
2024-11-22,109.67,,3.1,3267.19189453125
2024-11-23,,,3.1,
2024-11-24,,,3.1,
2024-11-25,109.29,,3.1,3263.760009765625
2024-11-26,109.05,,3.1,3259.757080078125
2024-11-27,108.86,,3.1,3309.779052734375
2024-11-28,108.92,,3.1,3295.697998046875
2024-11-29,108.79,,3.1,3326.4560546875
2024-11-30,,,3.1,
2024-12-01,,,3.1,
2024-12-02,108.65,,3.1,3363.98193359375
2024-12-03,108.36,,3.1,3378.805908203125
2024-12-04,108.81,,3.1,3364.64990234375
2024-12-05,108.52,,3.1,3368.85498046875
2024-12-06,108.39,,3.1,3404.075927734375
2024-12-07,,,3.1,
2024-12-08,,,3.1,
2024-12-09,108.54,,3.1,3402.533935546875
2024-12-10,108.89,,3.1,3422.660888671875
2024-12-11,108.92,,3.1,3432.489990234375
2024-12-12,108.87,,3.1,3461.5
2024-12-13,108.99,,3.1,3391.8779296875
2024-12-14,,,3.1,
2024-12-15,,,3.1,
2024-12-16,109.0,,3.1,3386.3310546875
2024-12-17,109.05,,3.1,3361.485107421875
2024-12-18,109.03,,3.1,3382.2080078125
2024-12-19,109.73,,3.1,3370.032958984375
2024-12-20,109.73,,3.1,3368.069091796875
2024-12-21,,,3.1,
2024-12-22,,,3.1,
2024-12-23,109.82,,3.1,3351.257080078125
2024-12-24,109.86,,3.1,3393.528076171875
2024-12-25,109.84,,3.1,3393.35009765625
2024-12-26,109.85,,3.1,3398.076904296875
2024-12-27,109.88,,3.1,3400.14208984375
2024-12-28,,,3.1,
2024-12-29,,,3.1,
2024-12-30,109.83,,3.1,3407.325927734375
2024-12-31,110.05,,3.1,3351.762939453125
2025-01-01,110.05,,3.1,
2025-01-02,110.26,,3.1,3262.56103515625
2025-01-03,110.14,,3.1,3211.429931640625
2025-01-04,,,3.1,
2025-01-05,,,3.1,
2025-01-06,109.45,,3.1,3206.923095703125
2025-01-07,109.44,,3.1,3229.64404296875
2025-01-08,110.1,,3.1,3230.16796875
2025-01-09,109.96,,3.1,3211.39306640625
2025-01-10,110.13,,3.1,3168.52392578125
2025-01-11,,,3.1,
2025-01-12,,,3.1,
2025-01-13,110.58,,3.1,3160.7548828125
2025-01-14,110.35,,3.1,3240.93994140625
2025-01-15,110.02,,3.1,3227.116943359375
2025-01-16,110.04,,3.1,3236.031982421875
2025-01-17,109.95,,3.1,3241.821044921875
2025-01-18,,,3.1,
2025-01-19,,,3.1,
2025-01-20,110.12,,3.1,3244.3779296875
2025-01-21,110.1,,3.1,3242.623046875
2025-01-22,109.81,,3.1,3213.6240234375
2025-01-23,109.69,,3.1,3230.1640625
2025-01-24,109.92,,3.1,3252.6259765625
2025-01-25,,,3.1,
2025-01-26,,,3.1,
2025-01-27,109.53,,3.1,3250.60107421875
2025-01-28,110.19,,3.1,
2025-01-29,110.2,,3.1,
2025-01-30,110.0,,3.1,
2025-01-31,110.27,,3.1,
2025-02-01,,,3.1,
2025-02-02,,,3.1,
2025-02-03,110.98,,3.1,
2025-02-04,110.55,,3.1,
2025-02-05,109.5,,3.1,3229.488037109375
2025-02-06,109.54,,3.1,3270.658935546875
2025-02-07,109.31,,3.1,3303.6669921875
2025-02-08,,,3.1,
2025-02-09,,,3.1,
2025-02-10,109.31,,3.1,3322.169921875
2025-02-11,109.37,,3.1,3318.056884765625
2025-02-12,109.25,,3.1,3346.385009765625
2025-02-13,109.27,,3.1,3332.48291015625
2025-02-14,109.04,,3.1,3346.72412109375
2025-02-15,,,3.1,
2025-02-16,,,3.1,
2025-02-17,109.02,,3.1,3355.830078125
2025-02-18,108.9,,3.1,3324.490966796875
2025-02-19,108.88,,3.1,3351.5390625
2025-02-20,108.94,,3.1,3350.782958984375
2025-02-21,108.91,,3.1,3379.113037109375
2025-02-22,,,3.1,
2025-02-23,,,3.1,
2025-02-24,108.83,,3.1,3373.028076171875
2025-02-25,108.65,,3.1,3346.0400390625
2025-02-26,108.68,,3.1,3380.214111328125
2025-02-27,108.72,,3.1,3388.06201171875
2025-02-28,109.19,,3.1,3320.89697265625
2025-03-01,,,3.1,
2025-03-02,,,3.1,
2025-03-03,108.91,,3.1,3316.925048828125
2025-03-04,108.71,,3.1,3324.2099609375
2025-03-05,108.19,,3.1,3341.965087890625
2025-03-06,107.88,,3.1,3381.097900390625
2025-03-07,107.79,,3.1,3372.5458984375
2025-03-08,,,3.1,
2025-03-09,,,3.1,
2025-03-10,107.56,,3.1,3366.1630859375
2025-03-11,107.86,,3.1,3379.827880859375
2025-03-12,107.88,,3.1,3371.924072265625
2025-03-13,107.99,,3.1,3358.72900390625
2025-03-14,107.9,,3.1,3419.56201171875
2025-03-15,,,3.1,
2025-03-16,,,3.1,
2025-03-17,107.85,,3.1,3426.12890625
2025-03-18,107.95,,3.1,3429.759033203125
2025-03-19,108.06,,3.1,3426.428955078125
2025-03-20,108.08,,,3408.947998046875
2025-03-21,108.02,,,3364.8310546875
2025-03-22,,,,
2025-03-23,,,,
2025-03-24,108.06,,,3370.028076171875
2025-03-25,107.91,,,3369.97607421875
2025-03-26,108.03,,,3368.697021484375
2025-03-27,108.08,,,3373.7490234375
2025-03-28,108.08,,,3351.306884765625
2025-03-29,,,,
2025-03-30,,,,
2025-03-31,108.24,,,3335.74609375
2025-04-01,108.09,,,3348.43505859375
2025-04-02,107.9,,,3350.126953125
2025-04-03,106.27,,,3342.008056640625
2025-04-04,106.55,,,
2025-04-05,,,,
2025-04-06,,,,
2025-04-07,106.98,,,3096.575927734375
2025-04-08,106.74,,,3145.549072265625
2025-04-09,106.13,,,3186.81005859375
2025-04-10,106.07,,,3223.637939453125
2025-04-11,104.92,,,3238.22705078125
2025-04-12,,,,
2025-04-13,,,,
2025-04-14,104.46,,,3262.80810546875
2025-04-15,104.52,,,3267.662109375
2025-04-16,104.42,,,3276.00390625
2025-04-17,104.48,,,3280.341064453125
2025-04-18,104.5,,,3276.72998046875
2025-04-19,,,,
2025-04-20,,,3.1,
2025-04-21,104.43,,3.1,3291.43408203125
2025-04-22,103.69,,3.1,3299.757080078125
2025-04-23,104.36,,3.1,3296.35498046875
2025-04-24,104.63,,3.1,3297.2880859375
2025-04-25,104.84,,3.1,3295.06005859375
2025-04-26,,,3.1,
2025-04-27,,,3.1,
2025-04-28,104.69,,3.1,3288.4150390625
2025-04-29,104.7,,3.1,3286.655029296875
2025-04-30,104.6,,3.1,3279.031005859375
2025-05-01,104.63,,3.1,
2025-05-02,104.04,,3.1,
2025-05-03,,,3.1,
2025-05-04,,,3.1,
2025-05-05,103.39,,3.1,
2025-05-06,104.24,,3.1,3316.114013671875
2025-05-07,104.29,,3.1,3342.6650390625
2025-05-08,104.54,,3.1,3351.99609375
2025-05-09,104.69,,3.1,3341.9990234375
2025-05-10,,,3.1,
2025-05-11,,,3.1,
2025-05-12,106.22,,3.1,3369.2451171875
2025-05-13,106.3,,3.1,3374.87109375
2025-05-14,105.4,,3.1,3403.947998046875
2025-05-15,105.33,,3.1,3380.821044921875
2025-05-16,105.39,,3.1,3367.4619140625
2025-05-17,,,3.1,
2025-05-18,,,3.1,
2025-05-19,104.89,,3.1,3367.5830078125
2025-05-20,104.85,,3.0,3380.47802734375
2025-05-21,104.48,,3.0,3387.573974609375
2025-05-22,104.54,,3.0,3380.18896484375
2025-05-23,104.58,,3.0,3348.3720703125
2025-05-24,,,3.0,
2025-05-25,,,3.0,
2025-05-26,104.2,,3.0,3346.839111328125
2025-05-27,104.41,,3.0,3340.68701171875
2025-05-28,104.54,,3.0,3339.931884765625
2025-05-29,104.73,,3.0,3363.446044921875
2025-05-30,104.48,,3.0,3347.487060546875
2025-05-31,,,3.0,
2025-06-01,,,3.0,
2025-06-02,104.03,,3.0,
2025-06-03,104.42,,3.0,3361.97607421875
2025-06-04,104.39,,3.0,3376.202880859375
2025-06-05,104.17,,3.0,3384.09912109375
2025-06-06,104.29,,3.0,3385.35791015625
2025-06-07,,,3.0,
2025-06-08,,,3.0,
2025-06-09,104.26,,3.0,3399.77197265625
2025-06-10,104.26,,3.0,3384.81591796875
2025-06-11,104.36,,3.0,3402.31591796875
2025-06-12,103.57,,3.0,3402.657958984375
2025-06-13,104.0,,3.0,3376.99609375
2025-06-14,,,3.0,
2025-06-15,,,3.0,
2025-06-16,103.65,,3.0,3388.72900390625
2025-06-17,103.77,,3.0,3387.405029296875
2025-06-18,104.1,,3.0,3388.80908203125
2025-06-19,104.38,,3.0,3362.10791015625
2025-06-20,104.28,,3.0,3359.89501953125
2025-06-21,,,3.0,
2025-06-22,,,3.0,
2025-06-23,104.83,,3.0,3381.58203125
2025-06-24,103.78,,3.0,3420.56591796875
2025-06-25,103.84,,3.0,3455.97412109375
2025-06-26,103.32,,3.0,3448.452880859375
2025-06-27,103.24,,3.0,3424.22705078125
2025-06-28,,,3.0,
2025-06-29,,,3.0,
2025-06-30,103.27,,3.0,3444.426025390625
2025-07-01,102.85,,3.0,3457.7470703125
2025-07-02,103.07,,3.0,3454.7919921875
2025-07-03,103.07,,3.0,3461.15087890625
2025-07-04,103.14,,3.0,3472.319091796875
2025-07-05,,,3.0,
2025-07-06,,,3.0,
2025-07-07,103.36,,3.0,3473.126953125
2025-07-08,103.5,,3.0,3497.47509765625
2025-07-09,103.59,,3.0,3493.050048828125
2025-07-10,103.58,,3.0,3509.681884765625
2025-07-11,103.86,,3.0,3510.177001953125
2025-07-12,,,3.0,
2025-07-13,,,3.0,
2025-07-14,103.98,,3.0,3519.64990234375
2025-07-15,104.09,,3.0,3504.9990234375
2025-07-16,104.38,,3.0,3503.777099609375
2025-07-17,104.47,,3.0,3516.824951171875
2025-07-18,104.18,,3.0,3534.48291015625
2025-07-19,,,3.0,
2025-07-20,,,3.0,
2025-07-21,104.0,,3.0,3559.791015625
2025-07-22,103.9,,3.0,3581.861083984375
2025-07-23,103.78,,3.0,3582.298095703125
2025-07-24,103.7,,3.0,3605.72705078125
2025-07-25,103.95,,3.0,3593.655029296875
2025-07-26,,,3.0,
2025-07-27,,,3.0,
2025-07-28,104.24,,3.0,3597.93701171875
2025-07-29,104.81,,3.0,3609.7109375
2025-07-30,104.67,,3.0,3615.717041015625
2025-07-31,105.14,,3.0,3573.2080078125
2025-08-01,105.2,,3.0,3559.951904296875
2025-08-02,,,3.0,
2025-08-03,,,3.0,
2025-08-04,104.65,,3.0,3583.30908203125
2025-08-05,104.63,,3.0,3617.597900390625
2025-08-06,104.46,,3.0,3633.9951171875
2025-08-07,104.25,,3.0,3639.6669921875
2025-08-08,104.26,,3.0,3635.1279296875
2025-08-09,,,3.0,
2025-08-10,,,3.0,
2025-08-11,104.38,,3.0,3647.547119140625
2025-08-12,104.44,,3.0,3665.91796875
2025-08-13,103.97,,3.0,3683.465087890625
2025-08-14,104.14,,3.0,3666.443115234375
2025-08-15,104.1,,3.0,3696.77099609375
2025-08-16,,,3.0,
2025-08-17,,,3.0,
2025-08-18,104.2,,3.0,3728.027099609375
2025-08-19,104.25,,3.0,3727.2880859375
2025-08-20,104.53,,3.0,3766.2099609375
2025-08-21,104.67,,3.0,3771.09912109375
2025-08-22,104.8,,3.0,3825.759033203125
2025-08-23,,,3.0,
2025-08-24,,,3.0,
2025-08-25,104.59,,3.0,3883.56201171875
2025-08-26,104.82,,3.0,3868.382080078125
2025-08-27,105.09,,3.0,3800.35009765625
2025-08-28,104.97,,3.0,3843.596923828125
2025-08-29,105.17,,3.0,3857.927001953125
2025-08-30,,,3.0,
2025-08-31,,,3.0,
2025-09-01,104.94,,3.0,3875.531005859375
2025-09-02,105.28,,3.0,3858.133056640625
2025-09-03,105.12,,3.0,3813.556884765625
2025-09-04,105.22,,3.0,3765.8759765625
2025-09-05,104.99,,3.0,3812.513916015625
2025-09-06,,,3.0,
2025-09-07,,,3.0,
2025-09-08,104.85,,3.0,3826.841064453125
2025-09-09,104.77,,3.0,3807.2919921875
2025-09-10,104.98,,3.0,3812.220947265625
2025-09-11,105.13,,3.0,3875.30908203125
2025-09-12,105.01,,3.0,3870.597900390625
2025-09-13,,,3.0,
2025-09-14,,,3.0,
2025-09-15,104.72,,3.0,3860.50390625
2025-09-16,104.5,,3.0,3861.864990234375
2025-09-17,104.45,,3.0,3876.341064453125
2025-09-18,104.73,,3.0,3831.656005859375
2025-09-19,105.12,,3.0,3820.089111328125
2025-09-20,,,3.0,
2025-09-21,,,3.0,
2025-09-22,104.94,,3.0,3828.575927734375
2025-09-23,104.96,,3.0,3821.8330078125
2025-09-24,105.02,,3.0,3853.64208984375
2025-09-25,105.29,,3.0,3853.302001953125
2025-09-26,105.5,,3.0,3828.10595703125
2025-09-27,,,3.0,
2025-09-28,,,3.0,
2025-09-29,105.36,,3.0,3862.531982421875
2025-09-30,105.29,,3.0,3882.777099609375
2025-10-01,105.22,,3.0,
2025-10-02,105.02,,3.0,
2025-10-03,105.17,,3.0,
2025-10-04,,,3.0,
2025-10-05,,,3.0,
2025-10-06,105.66,,3.0,
2025-10-07,105.81,,3.0,
2025-10-08,106.19,,3.0,
2025-10-09,106.13,,3.0,3933.971923828125
2025-10-10,106.33,,3.0,3897.028076171875
2025-10-11,,,3.0,
2025-10-12,,,3.0,
2025-10-13,106.23,,3.0,3889.501953125
2025-10-14,106.36,,3.0,3865.22900390625
2025-10-15,106.03,,3.0,3912.208984375
2025-10-16,105.85,,3.0,3916.22802734375
2025-10-17,105.76,,3.0,3839.7548828125
2025-10-18,,,3.0,
2025-10-19,,,3.0,
2025-10-20,105.83,,3.0,3863.89306640625
2025-10-21,106.27,,3.0,3916.33203125
2025-10-22,106.25,,3.0,3913.758056640625
2025-10-23,106.43,,3.0,3922.409912109375
2025-10-24,106.41,,3.0,3950.31201171875
2025-10-25,,,3.0,
2025-10-26,,,3.0,
2025-10-27,106.4,,3.0,3996.945068359375
2025-10-28,106.47,,3.0,3988.22412109375
2025-10-29,106.34,,3.0,4016.3310546875
2025-10-30,106.84,,3.0,3986.90087890625
2025-10-31,106.72,,3.0,3954.7900390625
2025-11-01,,,3.0,
2025-11-02,,,3.0,
2025-11-03,106.83,,3.0,3976.52099609375
2025-11-04,106.94,,3.0,3960.18603515625
2025-11-05,107.0,,3.0,3969.248046875
2025-11-06,106.94,,3.0,4007.760009765625
2025-11-07,106.93,,3.0,3997.555908203125
2025-11-08,,,3.0,
2025-11-09,,,3.0,
2025-11-10,106.85,,3.0,4018.596923828125
2025-11-11,106.92,,3.0,4002.758056640625
2025-11-12,107.01,,3.0,4000.139892578125
2025-11-13,107.09,,3.0,4029.5009765625
2025-11-14,106.88,,3.0,3990.491943359375
2025-11-15,,,3.0,
2025-11-16,,,3.0,
2025-11-17,107.06,,3.0,3972.034912109375
2025-11-18,107.15,,3.0,3939.81298828125
2025-11-19,107.27,,3.0,3946.741943359375
2025-11-20,107.63,,3.0,3931.051025390625
2025-11-21,107.75,,3.0,3834.89111328125
2025-11-22,,,3.0,
2025-11-23,,,3.0,
2025-11-24,107.94,,3.0,3836.764892578125
2025-11-25,107.8,,3.0,3870.02294921875
2025-11-26,107.84,,3.0,3864.18408203125
2025-11-27,107.59,,3.0,3875.260009765625
2025-11-28,107.83,,3.0,3888.595947265625
2025-11-29,,,3.0,
2025-11-30,,,3.0,
2025-12-01,107.46,,3.0,3914.006103515625
2025-12-02,107.75,,3.0,3897.7119140625
2025-12-03,107.5,,3.0,3878.0
2025-12-04,107.4,,3.0,3875.79296875
2025-12-05,107.49,,3.0,3902.80810546875
2025-12-06,,,3.0,
2025-12-07,,,3.0,
2025-12-08,107.48,,3.0,3924.077880859375
2025-12-09,107.7,,3.0,3909.52099609375
2025-12-10,107.75,,3.0,3900.49609375
2025-12-11,107.48,,3.0,3873.318115234375
2025-12-12,107.53,,3.0,3889.345947265625
2025-12-13,,,3.0,
2025-12-14,,,3.0,
2025-12-15,107.47,,3.0,3867.9208984375
2025-12-16,107.53,,3.0,3824.81201171875
2025-12-17,107.83,,3.0,3870.278076171875
2025-12-18,107.87,,3.0,3876.37109375
2025-12-19,108.01,,3.0,3890.447998046875
2025-12-20,,,,
2025-12-21,,,,
2025-12-22,107.94,,3.0,3917.364013671875
2025-12-23,107.78,,3.0,3919.97900390625
2025-12-24,107.6,,3.0,3940.947021484375
2025-12-25,107.6,,3.0,3959.62109375
2025-12-26,107.59,,3.0,3963.678955078125
2025-12-27,,,3.0,
2025-12-28,,,3.0,
2025-12-29,107.76,,3.0,3965.280029296875
2025-12-30,107.97,,3.0,3965.115966796875
2025-12-31,108.0,,3.0,3968.840087890625
2026-01-01,108.0,,3.0,
2026-01-02,108.18,,3.0,
2026-01-03,,,3.0,
2026-01-04,,,3.0,
2026-01-05,108.54,,3.0,4023.4169921875
2026-01-06,108.31,,3.0,4083.6669921875
2026-01-07,108.3,,3.0,4085.77197265625
2026-01-08,108.62,,3.0,4082.97900390625
2026-01-09,108.91,,3.0,4120.42578125
2026-01-10,,,3.0,
2026-01-11,,,3.0,
2026-01-12,108.91,,3.0,4165.287109375
2026-01-13,109.16,,3.0,4138.7578125
2026-01-14,109.21,,3.0,4126.0927734375
2026-01-15,109.29,,3.0,4112.60107421875
2026-01-16,109.29,,3.0,4101.9130859375
2026-01-17,,,3.0,
2026-01-18,,,3.0,
2026-01-19,109.31,,3.0,4114.0
2026-01-20,109.11,,3.0,4113.64892578125
2026-01-21,108.86,,3.0,4116.93994140625
2026-01-22,108.82,,3.0,4122.576171875
2026-01-23,108.67,,3.0,4136.1640625
2026-01-24,,,3.0,
2026-01-25,,,3.0,
2026-01-26,107.92,,3.0,4132.60498046875
2026-01-27,107.36,,3.0,4139.90380859375
2026-01-28,107.1,,3.0,4151.23779296875
2026-01-29,107.22,,3.0,4157.98388671875
2026-01-30,107.56,,3.0,4117.9482421875
2026-01-31,,,3.0,
2026-02-01,,,3.0,
2026-02-02,108.19,,3.0,4015.74609375
2026-02-03,108.33,,3.0,4067.738037109375
2026-02-04,108.36,,3.0,4102.2021484375
2026-02-05,108.7,,3.0,4075.9169921875
2026-02-06,108.73,,3.0,4065.5830078125
2026-02-07,,,3.0,
2026-02-08,,,3.0,
2026-02-09,108.43,,3.0,4123.08984375
2026-02-10,108.4,,3.0,4128.373046875
2026-02-11,108.15,,3.0,4131.98486328125
2026-02-12,108.26,,3.0,4134.01806640625
2026-02-13,108.27,,3.0,4082.072998046875
2026-02-14,,,3.0,
2026-02-15,,,3.0,
2026-02-16,108.21,,3.0,
2026-02-17,108.38,,3.0,
2026-02-18,108.36,,3.0,
2026-02-19,108.88,,3.0,
2026-02-20,108.84,,,
2026-02-21,,,,
2026-02-22,,,,
2026-02-23,108.65,,,
2026-02-24,109.19,,3.0,4117.4091796875
2026-02-25,109.19,,3.0,4147.22998046875
2026-02-26,109.44,,3.0,4146.630859375
2026-02-27,109.43,,3.0,4162.880859375
2026-02-28,,,3.0,
2026-03-01,,,3.0,
2026-03-02,109.92,,3.0,4182.5908203125
2026-03-03,110.22,,3.0,4122.67578125
2026-03-04,109.98,,3.0,4082.47412109375
2026-03-05,110.23,,3.0,4108.56689453125
2026-03-06,110.61,,3.0,4124.19384765625
2026-03-07,,,3.0,
2026-03-08,,,3.0,
2026-03-09,110.52,,3.0,4096.60302734375
2026-03-10,110.4,,3.0,4123.13818359375
2026-03-11,110.93,,3.0,4133.43310546875
2026-03-12,111.13,,3.0,4129.10302734375
2026-03-13,111.31,,3.0,4095.447998046875
2026-03-14,,,3.0,
2026-03-15,,,3.0,
2026-03-16,111.27,,3.0,4084.785888671875
2026-03-17,111.12,,3.0,4049.906982421875
2026-03-18,111.51,,3.0,4062.98388671875
2026-03-19,111.46,,3.0,4006.552001953125
2026-03-20,111.29,,3.0,3957.052978515625
2026-03-21,,,3.0,
2026-03-22,,,3.0,
2026-03-23,110.98,,3.0,3813.282958984375
2026-03-24,111.27,,3.0,3881.280029296875
2026-03-25,111.05,,3.0,3931.8369140625
2026-03-26,111.26,,3.0,3889.0830078125
2026-03-27,111.53,,3.0,3913.72412109375
2026-03-28,,,3.0,
2026-03-29,,,3.0,
2026-03-30,111.77,,3.0,3923.287109375
2026-03-31,111.92,,3.0,3891.861083984375
2026-04-01,111.55,,3.0,3948.552001953125
2026-04-02,111.74,,3.0,3919.284912109375
2026-04-03,111.74,,3.0,3880.096923828125
2026-04-04,,,3.0,
2026-04-05,,,3.0,
2026-04-06,111.74,,3.0,
2026-04-07,112.07,,3.0,3890.1650390625
2026-04-08,111.23,,3.0,3994.998046875
2026-04-09,111.42,,3.0,3966.1708984375
2026-04-10,111.43,,3.0,3986.22509765625
2026-04-11,,,3.0,
2026-04-12,,,3.0,
2026-04-13,111.6,,3.0,3988.55810546875
2026-04-14,111.01,,3.0,4026.625
2026-04-15,111.07,,3.0,4027.208984375
2026-04-16,110.98,,3.0,4055.547119140625
2026-04-17,110.96,,3.0,4051.425048828125
2026-04-18,,,3.0,
2026-04-19,,,3.0,
2026-04-20,111.0,,3.0,4082.126953125
2026-04-21,110.96,,3.0,4085.076904296875
2026-04-22,111.11,,3.0,4106.2578125
2026-04-23,111.16,,3.0,4093.25
2026-04-24,111.09,,3.0,4079.89990234375
2026-04-25,,,3.0,
2026-04-26,,,3.0,
2026-04-27,111.02,,3.0,4086.343994140625
2026-04-28,111.25,,3.0,4078.636962890625
2026-04-29,111.28,,3.0,4107.51416015625
2026-04-30,111.14,,3.0,4112.1591796875
2026-05-01,111.13,,3.0,
2026-05-02,,,3.0,
2026-05-03,,,3.0,
2026-05-04,111.09,,3.0,
2026-05-05,111.22,,3.0,
2026-05-06,110.68,,3.0,4160.173828125
2026-05-07,110.72,,3.0,4180.091796875
2026-05-08,110.97,,3.0,4179.953125
2026-05-09,,,3.0,
2026-05-10,,,3.0,
2026-05-11,111.19,,3.0,4225.02099609375
2026-05-12,111.67,,3.0,4214.48876953125
2026-05-13,111.74,,3.0,4242.57177734375
2026-05-14,111.89,,3.0,4177.9169921875
2026-05-15,112.02,,3.0,4135.38916015625
2026-05-16,,,3.0,
2026-05-17,,,3.0,
2026-05-18,112.17,,3.0,4131.52783203125
2026-05-19,112.31,,3.0,4169.5380859375
2026-05-20,112.39,,3.0,4162.18505859375
2026-05-21,112.36,,3.0,4077.277099609375
2026-05-22,112.47,,3.0,4112.89892578125
2026-05-23,,,3.0,
2026-05-24,,,3.0,
2026-05-25,112.32,,3.0,4152.56787109375
2026-05-26,112.36,,3.0,4145.373046875
2026-05-27,112.38,,3.0,4093.72705078125
2026-05-28,112.54,,3.0,4098.63623046875
2026-05-29,112.57,,3.0,4068.569091796875
2026-05-30,,,3.0,
2026-05-31,,,3.0,
2026-06-01,112.65,,3.0,4057.739990234375
2026-06-02,112.83,,3.0,4075.10205078125
2026-06-03,113.06,,3.0,4083.97412109375
2026-06-04,112.98,,3.0,4057.781005859375
2026-06-05,113.22,,3.0,4027.736083984375
2026-06-06,,,3.0,
2026-06-07,,,3.0,
2026-06-08,113.37,,3.0,3959.337890625
2026-06-09,113.39,,3.0,4010.031005859375
2026-06-10,113.44,,3.0,3993.22607421875
2026-06-11,113.54,,3.0,3987.014892578125
2026-06-12,113.44,,3.0,4031.512939453125
2026-06-13,,,3.0,
2026-06-14,,,3.0,
2026-06-15,113.23,,3.0,4096.47216796875
2026-06-16,113.26,,3.0,4091.89208984375
2026-06-17,113.29,,3.0,4108.076171875
2026-06-18,113.99,,3.0,4090.48095703125
2026-06-19,114.05,,3.0,
2026-06-20,,,3.0,
2026-06-21,,,3.0,
2026-06-22,114.14,,3.0,4163.09716796875
2026-06-23,114.23,,3.0,4106.2509765625
2026-06-24,114.22,,3.0,4110.81298828125
2026-06-25,114.42,,3.0,4120.28076171875
2026-06-26,114.1,,3.0,4027.264892578125
2026-06-27,,,3.0,
2026-06-28,,,3.0,
2026-06-29,114.2,,3.0,4073.902099609375
2026-06-30,114.59,,3.0,4094.39697265625
2026-07-01,114.62,,3.0,4112.44482421875
2026-07-02,114.42,,3.0,4028.904052734375
2026-07-03,114.08,,3.0,4043.64306640625
2026-07-04,,,3.0,
2026-07-05,,,3.0,
2026-07-06,114.15,,3.0,4041.238037109375
2026-07-07,113.96,,3.0,3990.235107421875
2026-07-08,114.02,,3.0,3970.8798828125
2026-07-09,114.02,,3.0,4036.587890625
2026-07-10,114.22,,3.0,3996.162109375
2026-07-11,,,3.0,
2026-07-12,,,3.0,
2026-07-13,114.16,,3.0,3913.7939453125
2026-07-14,114.29,,3.0,3967.1259765625
2026-07-15,114.35,,3.0,3955.577880859375
2026-07-16,114.11,,3.0,3882.4130859375
2026-07-17,114.24,,3.0,3764.155029296875
2026-07-18,,,3.0,
2026-07-19,,,3.0,
2026-07-20,114.35,,3.0,3796.281005859375
2026-07-21,114.43,,3.0,3864.366943359375
2026-07-22,114.48,,3.0,3867.033935546875
2026-07-23,114.53,,3.0,3876.777099609375
2026-07-24,114.48,,3.0,3814.197998046875
2026-07-25,,,3.0,
2026-07-26,,,3.0,
2026-07-27,114.55,,3.0,3858.2451171875
2026-07-28,114.54,,3.0,3813.31494140625
2026-07-29,114.51,,3.0,3828.468994140625
2026-07-30,114.08,,3.0,3804.693115234375
2026-07-31,113.91,,3.0,3832.261962890625
2026-08-01,,,3.0,
2026-08-02,,,3.0,
2026-08-03,113.29,,3.0,3809.6630859375
2026-08-04,113.38,,3.0,3822.284912109375
2026-08-05,113.22,,3.0,3878.429931640625
2026-08-06,113.28,,3.0,3900.35205078125
2026-08-07,113.31,,3.0,3940.037109375
2026-08-08,,,3.0,
2026-08-09,,,3.0,
2026-08-10,113.27,,3.0,3966.593994140625
2026-08-11,113.39,,3.0,3934.093017578125
2026-08-12,113.42,,3.0,3946.675048828125
2026-08-13,113.52,,3.0,3926.965087890625
2026-08-14,113.27,,3.0,3927.177001953125
2026-08-15,,,3.0,
2026-08-16,,,3.0,
2026-08-17,113.14,,3.0,3982.654052734375
2026-08-18,113.3,,3.0,3990.303955078125
2026-08-19,113.03,,3.0,3894.422119140625
2026-08-20,112.99,,3.0,3903.720947265625
2026-08-21,112.71,,3.0,3905.202880859375
2026-08-22,,,3.0,
2026-08-23,,,3.0,
2026-08-24,112.85,,3.0,3882.008056640625
2026-08-25,112.89,,3.0,3889.445068359375
2026-08-26,112.81,,3.0,3912.52294921875
2026-08-27,112.95,,3.0,3956.571044921875
2026-08-28,112.94,,3.0,3952.178955078125
2026-08-29,,,3.0,
2026-08-30,,,3.0,
2026-08-31,113.11,,3.0,3986.298095703125
2026-09-01,113.26,,3.0,3979.887939453125
2026-09-02,113.21,,3.0,3941.385986328125
2026-09-03,112.71,,3.0,3942.087890625
2026-09-04,112.67,,3.0,3930.115966796875
2026-09-05,,,3.0,
2026-09-06,,,3.0,
2026-09-07,112.53,,3.0,3932.698974609375
2026-09-08,112.44,,3.0,3940.551025390625
2026-09-09,,,,3951.507080078125
2026-09-10,,,,3934.404052734375
2026-09-11,,,,3888.110595703125
