					CZCE History data(2019SR)
Trading Day|Contract Code|Prev.Settle|Open     |High     |Low      |Close    |Settlement|Change1   |Change2   |Volume    |OpenInterest|OI Change|Turnover     |DeliverySettlementPrice|
2019-01-02 |SR901        |4,718.00   |4,730.00 |4,763.00 |4,710.00 |4,744.00 |4,732.00  |26.00     |14.00     |1,306     |10,818      |-960     |6,227.07     |4,887.00               |
2019-01-02 |SR903        |4,739.00   |4,715.00 |4,715.00 |4,707.00 |4,707.00 |4,711.00  |-32.00    |-28.00    |28        |278         |16       |150.09       |0.00                   |
2019-01-02 |SR905        |4,703.00   |4,680.00 |4,720.00 |4,674.00 |4,688.00 |4,697.00  |-15.00    |-6.00     |242,850   |492,142     |10,078   |1,140,662.29 |0.00                   |
2019-01-02 |SR907        |4,709.00   |0.00     |0.00     |0.00     |0.00     |4,702.00  |-7.00     |-7.00     |0         |106         |0        |0.00         |0.00                   |
2019-01-02 |SR909        |4,734.00   |4,696.00 |4,745.00 |4,696.00 |4,714.00 |4,719.00  |-20.00    |-15.00    |24,278    |101,188     |3,378    |114,565.30   |0.00                   |
2019-01-02 |SR911        |4,786.00   |4,787.00 |4,787.00 |4,752.00 |4,754.00 |4,761.00  |-32.00    |-25.00    |930       |972         |908      |4,427.36     |0.00                   |
2019-01-03 |SR901        |4,732.00   |4,746.00 |4,771.00 |4,746.00 |4,758.00 |4,757.00  |26.00     |25.00     |288       |10,694      |-124     |1,369.89     |4,862.00               |
2019-01-03 |SR903        |4,711.00   |4,729.00 |4,729.00 |4,729.00 |4,729.00 |4,729.00  |18.00     |18.00     |2         |278         |0        |9.46         |0.00                   |
2019-01-03 |SR905        |4,697.00   |4,686.00 |4,699.00 |4,668.00 |4,670.00 |4,685.00  |-27.00    |-12.00    |411,954   |510,478     |18,336   |1,929,910.72 |0.00                   |
2019-01-03 |SR907        |4,702.00   |4,687.00 |4,709.00 |4,670.00 |4,682.00 |4,681.00  |-20.00    |-21.00    |50        |108         |2        |234.07       |0.00                   |
2019-01-03 |SR909        |4,719.00   |4,715.00 |4,736.00 |4,700.00 |4,711.00 |4,719.00  |-8.00     |0.00      |39,904    |105,518     |4,330    |188,309.91   |0.00                   |
2019-01-03 |SR911        |4,761.00   |4,746.00 |4,777.00 |4,737.00 |4,760.00 |4,757.00  |-1.00     |-4.00     |126       |990         |18       |599.43       |0.00                   |
2019-01-04 |SR901        |4,757.00   |4,772.00 |4,777.00 |4,758.00 |4,772.00 |4,768.00  |15.00     |11.00     |200       |10,694      |0        |953.52       |4,839.00               |
2019-01-04 |SR903        |4,729.00   |4,695.00 |4,712.00 |4,690.00 |4,712.00 |4,694.00  |-17.00    |-35.00    |26        |260         |-18      |122.03       |0.00                   |
2019-01-04 |SR905        |4,685.00   |4,690.00 |4,714.00 |4,675.00 |4,713.00 |4,696.00  |28.00     |11.00     |536,596   |508,012     |-2,466   |2,520,062.71 |0.00                   |
2019-01-04 |SR907        |4,681.00   |4,689.00 |4,709.00 |4,689.00 |4,709.00 |4,702.00  |28.00     |21.00     |12        |110         |2        |56.43        |0.00                   |
2019-01-04 |SR909        |4,719.00   |4,730.00 |4,750.00 |4,713.00 |4,747.00 |4,735.00  |28.00     |16.00     |50,048    |108,670     |3,152    |236,980.42   |0.00                   |
2019-01-04 |SR911        |4,757.00   |4,781.00 |4,794.00 |4,761.00 |4,793.00 |4,775.00  |36.00     |18.00     |114       |1,010       |20       |544.31       |0.00                   |
2019-01-07 |SR901        |4,768.00   |4,798.00 |4,850.00 |4,795.00 |4,850.00 |4,805.00  |82.00     |37.00     |1,634     |9,530       |-1,164   |7,851.49     |4,820.00               |
2019-01-07 |SR903        |4,694.00   |4,810.00 |4,810.00 |4,766.00 |4,768.00 |4,778.00  |74.00     |84.00     |8         |260         |0        |38.22        |0.00                   |
2019-01-07 |SR905        |4,696.00   |4,724.00 |4,758.00 |4,707.00 |4,740.00 |4,732.00  |44.00     |36.00     |521,432   |487,114     |-20,898  |2,467,518.95 |0.00                   |
2019-01-07 |SR907        |4,702.00   |0.00     |0.00     |0.00     |0.00     |4,734.00  |32.00     |32.00     |0         |110         |0        |0.00         |0.00                   |
2019-01-07 |SR909        |4,735.00   |4,755.00 |4,789.00 |4,742.00 |4,773.00 |4,765.00  |38.00     |30.00     |42,042    |112,812     |4,142    |200,337.16   |0.00                   |
2019-01-07 |SR911        |4,775.00   |4,808.00 |4,837.00 |4,798.00 |4,821.00 |4,820.00  |46.00     |45.00     |58        |1,026       |16       |279.58       |0.00                   |
2019-01-08 |SR901        |4,805.00   |4,850.00 |4,850.00 |4,819.00 |4,820.00 |4,840.00  |15.00     |35.00     |888       |8,846       |-684     |4,297.51     |4,810.00               |
2019-01-08 |SR903        |4,778.00   |4,753.00 |4,810.00 |4,753.00 |4,792.00 |4,779.00  |14.00     |1.00      |12        |258         |-2       |57.34        |0.00                   |
2019-01-08 |SR905        |4,732.00   |4,749.00 |4,784.00 |4,736.00 |4,779.00 |4,764.00  |47.00     |32.00     |477,600   |467,588     |-19,526  |2,275,428.12 |0.00                   |
2019-01-08 |SR907        |4,734.00   |4,728.00 |4,781.00 |4,728.00 |4,781.00 |4,762.00  |47.00     |28.00     |10        |110         |0        |47.62        |0.00                   |
2019-01-08 |SR909        |4,765.00   |4,775.00 |4,810.00 |4,761.00 |4,806.00 |4,791.00  |41.00     |26.00     |50,500    |118,788     |5,976    |241,943.97   |0.00                   |
2019-01-08 |SR911        |4,820.00   |4,824.00 |4,862.00 |4,822.00 |4,855.00 |4,849.00  |35.00     |29.00     |34        |1,026       |0        |164.86       |0.00                   |
2019-01-09 |SR901        |4,840.00   |4,900.00 |4,900.00 |4,840.00 |4,880.00 |4,845.00  |40.00     |5.00      |1,982     |7,162       |-1,684   |9,603.33     |4,805.00               |
2019-01-09 |SR903        |4,779.00   |4,790.00 |4,813.00 |4,790.00 |4,791.00 |4,802.00  |12.00     |23.00     |16        |254         |-4       |76.83        |0.00                   |
2019-01-09 |SR905        |4,764.00   |4,776.00 |4,798.00 |4,768.00 |4,782.00 |4,782.00  |18.00     |18.00     |410,840   |470,758     |3,170    |1,964,627.13 |0.00                   |
2019-01-09 |SR907        |4,762.00   |4,775.00 |4,803.00 |4,775.00 |4,778.00 |4,790.00  |16.00     |28.00     |52        |110         |0        |249.08       |0.00                   |
2019-01-09 |SR909        |4,791.00   |4,809.00 |4,827.00 |4,797.00 |4,813.00 |4,812.00  |22.00     |21.00     |41,886    |122,636     |3,848    |201,543.40   |0.00                   |
2019-01-09 |SR911        |4,849.00   |4,851.00 |4,873.00 |4,849.00 |4,864.00 |4,867.00  |15.00     |18.00     |284       |1,232       |206      |1,382.25     |0.00                   |
2019-01-10 |SR901        |4,845.00   |4,920.00 |4,920.00 |4,850.00 |4,850.00 |4,887.00  |5.00      |42.00     |390       |6,824       |-338     |1,905.85     |4,806.00               |
2019-01-10 |SR903        |4,802.00   |4,798.00 |4,840.00 |4,774.00 |4,786.00 |4,798.00  |-16.00    |-4.00     |20        |250         |-4       |95.95        |0.00                   |
2019-01-10 |SR905        |4,782.00   |4,782.00 |4,808.00 |4,751.00 |4,754.00 |4,780.00  |-28.00    |-2.00     |516,794   |474,800     |4,042    |2,470,325.08 |0.00                   |
2019-01-10 |SR907        |4,790.00   |4,786.00 |4,795.00 |4,776.00 |4,776.00 |4,784.00  |-14.00    |-6.00     |18        |102         |-8       |86.11        |0.00                   |
2019-01-10 |SR909        |4,812.00   |4,810.00 |4,833.00 |4,776.00 |4,776.00 |4,805.00  |-36.00    |-7.00     |43,964    |128,768     |6,132    |211,258.62   |0.00                   |
2019-01-10 |SR911        |4,867.00   |4,857.00 |4,872.00 |4,836.00 |4,836.00 |4,857.00  |-31.00    |-10.00    |332       |1,548       |316      |1,612.36     |0.00                   |
2019-01-11 |SR901        |4,887.00   |4,870.00 |4,870.00 |4,808.00 |4,810.00 |4,865.00  |-77.00    |-22.00    |440       |6,408       |-416     |2,140.54     |4,806.00               |
2019-01-11 |SR903        |4,798.00   |0.00     |0.00     |0.00     |0.00     |4,784.00  |-14.00    |-14.00    |0         |250         |0        |0.00         |0.00                   |
2019-01-11 |SR905        |4,780.00   |4,750.00 |4,769.00 |4,744.00 |4,769.00 |4,759.00  |-11.00    |-21.00    |287,744   |463,122     |-11,678  |1,369,538.81 |0.00                   |
2019-01-11 |SR907        |4,784.00   |4,753.00 |4,777.00 |4,753.00 |4,762.00 |4,764.00  |-22.00    |-20.00    |18        |104         |2        |85.75        |0.00                   |
2019-01-11 |SR909        |4,805.00   |4,776.00 |4,788.00 |4,765.00 |4,783.00 |4,779.00  |-22.00    |-26.00    |28,146    |131,408     |2,640    |134,507.43   |0.00                   |
2019-01-11 |SR911        |4,857.00   |4,838.00 |4,838.00 |4,828.00 |4,829.00 |4,832.00  |-28.00    |-25.00    |14        |1,542       |-6       |67.65        |0.00                   |
2019-01-14 |SR901        |4,865.00   |4,869.00 |4,870.00 |4,850.00 |4,870.00 |4,861.00  |5.00      |-4.00     |3,684     |2,972       |-3,436   |17,906.57    |4,808.00               |
2019-01-14 |SR903        |4,784.00   |0.00     |0.00     |0.00     |0.00     |4,784.00  |0.00      |0.00      |0         |250         |0        |0.00         |0.00                   |
2019-01-14 |SR905        |4,759.00   |4,768.00 |4,796.00 |4,756.00 |4,766.00 |4,776.00  |7.00      |17.00     |384,624   |451,108     |-12,014  |1,836,982.37 |0.00                   |
2019-01-14 |SR907        |4,764.00   |4,794.00 |4,799.00 |4,758.00 |4,766.00 |4,798.00  |2.00      |34.00     |3,526     |3,596       |3,492    |16,918.56    |0.00                   |
2019-01-14 |SR909        |4,779.00   |4,780.00 |4,800.00 |4,764.00 |4,773.00 |4,784.00  |-6.00     |5.00      |47,720    |132,074     |666      |228,279.86   |0.00                   |
2019-01-14 |SR911        |4,832.00   |4,836.00 |4,849.00 |4,821.00 |4,821.00 |4,846.00  |-11.00    |14.00     |3,950     |5,490       |3,948    |19,141.05    |0.00                   |
2019-01-15 |SR901        |4,861.00   |4,869.00 |4,870.00 |4,820.00 |4,840.00 |4,868.00  |-21.00    |7.00      |468       |0           |-2,972   |2,278.06     |4,823.00               |
2019-01-15 |SR903        |4,784.00   |4,813.00 |4,813.00 |4,810.00 |4,810.00 |4,812.00  |26.00     |28.00     |4         |250         |0        |19.25        |0.00                   |
2019-01-15 |SR905        |4,776.00   |4,763.00 |4,802.00 |4,761.00 |4,792.00 |4,789.00  |16.00     |13.00     |383,094   |454,588     |3,480    |1,834,540.73 |0.00                   |
2019-01-15 |SR907        |4,798.00   |4,758.00 |4,806.00 |4,758.00 |4,784.00 |4,760.00  |-14.00    |-38.00    |240       |3,810       |214      |1,142.47     |0.00                   |
2019-01-15 |SR909        |4,784.00   |4,768.00 |4,805.00 |4,768.00 |4,798.00 |4,791.00  |14.00     |7.00      |42,980    |138,860     |6,786    |205,917.46   |0.00                   |
2019-01-15 |SR911        |4,846.00   |4,803.00 |4,846.00 |4,803.00 |4,839.00 |4,833.00  |-7.00     |-13.00    |1,246     |6,392       |902      |6,021.98     |0.00                   |
2019-01-16 |SR001        |4,833.00   |4,799.00 |4,900.00 |4,788.00 |4,888.00 |4,825.00  |55.00     |-8.00     |15,202    |11,072      |11,072   |73,352.56    |0.00                   |
2019-01-16 |SR903        |4,812.00   |4,839.00 |4,920.00 |4,834.00 |4,909.00 |4,871.00  |97.00     |59.00     |72        |242         |-8       |350.78       |0.00                   |
2019-01-16 |SR905        |4,789.00   |4,805.00 |4,934.00 |4,796.00 |4,918.00 |4,873.00  |129.00    |84.00     |1,041,680 |471,802     |17,214   |5,076,498.38 |0.00                   |
2019-01-16 |SR907        |4,760.00   |4,815.00 |4,914.00 |4,815.00 |4,914.00 |4,859.00  |154.00    |99.00     |448       |4,214       |404      |2,176.65     |0.00                   |
2019-01-16 |SR909        |4,791.00   |4,803.00 |4,929.00 |4,797.00 |4,920.00 |4,872.00  |129.00    |81.00     |168,562   |178,602     |39,742   |821,277.72   |0.00                   |
2019-01-16 |SR911        |4,833.00   |4,840.00 |4,913.00 |4,833.00 |4,913.00 |4,861.00  |80.00     |28.00     |538       |6,798       |406      |2,615.08     |0.00                   |
2019-01-17 |SR001        |4,825.00   |4,888.00 |4,891.00 |4,852.00 |4,858.00 |4,865.00  |33.00     |40.00     |7,542     |15,926      |4,854    |36,692.86    |0.00                   |
2019-01-17 |SR903        |4,871.00   |4,917.00 |4,917.00 |4,886.00 |4,907.00 |4,903.00  |36.00     |32.00     |10        |242         |0        |49.03        |0.00                   |
2019-01-17 |SR905        |4,873.00   |4,916.00 |4,919.00 |4,887.00 |4,892.00 |4,901.00  |19.00     |28.00     |450,560   |457,546     |-14,256  |2,208,230.07 |0.00                   |
2019-01-17 |SR907        |4,859.00   |4,903.00 |4,903.00 |4,892.00 |4,898.00 |4,897.00  |39.00     |38.00     |8         |4,214       |0        |39.17        |0.00                   |
2019-01-17 |SR909        |4,872.00   |4,918.00 |4,923.00 |4,899.00 |4,908.00 |4,909.00  |36.00     |37.00     |67,966    |188,346     |9,744    |333,678.71   |0.00                   |
2019-01-17 |SR911        |4,861.00   |4,867.00 |4,917.00 |4,867.00 |4,901.00 |4,898.00  |40.00     |37.00     |106       |6,774       |-24      |519.15       |0.00                   |
2019-01-18 |SR001        |4,865.00   |4,850.00 |4,865.00 |4,834.00 |4,855.00 |4,846.00  |-10.00    |-19.00    |7,478     |16,980      |1,054    |36,241.92    |0.00                   |
2019-01-18 |SR903        |4,903.00   |4,899.00 |4,996.00 |4,868.00 |4,996.00 |4,930.00  |93.00     |27.00     |80        |222         |-20      |394.38       |0.00                   |
2019-01-18 |SR905        |4,901.00   |4,887.00 |4,966.00 |4,872.00 |4,961.00 |4,910.00  |60.00     |9.00      |675,238   |468,220     |10,674   |3,315,415.96 |0.00                   |
2019-01-18 |SR907        |4,897.00   |4,868.00 |4,962.00 |4,868.00 |4,962.00 |4,924.00  |65.00     |27.00     |16        |4,212       |-2       |78.79        |0.00                   |
2019-01-18 |SR909        |4,909.00   |4,903.00 |4,950.00 |4,878.00 |4,945.00 |4,908.00  |36.00     |-1.00     |111,138   |205,720     |17,374   |545,463.45   |0.00                   |
2019-01-18 |SR911        |4,898.00   |4,887.00 |4,917.00 |4,887.00 |4,917.00 |4,901.00  |19.00     |3.00      |26        |6,782       |8        |127.43       |0.00                   |
2019-01-21 |SR001        |4,846.00   |4,858.00 |5,027.00 |4,855.00 |4,992.00 |4,951.00  |146.00    |105.00    |16,098    |20,728      |3,748    |79,705.68    |0.00                   |
2019-01-21 |SR903        |4,930.00   |4,973.00 |5,120.00 |4,973.00 |5,082.00 |5,079.00  |152.00    |149.00    |346       |350         |128      |1,758.78     |0.00                   |
2019-01-21 |SR905        |4,910.00   |4,961.00 |5,107.00 |4,956.00 |5,107.00 |5,049.00  |197.00    |139.00    |1,063,338 |469,632     |1,412    |5,368,994.61 |0.00                   |
2019-01-21 |SR907        |4,924.00   |4,945.00 |5,105.00 |4,944.00 |5,095.00 |5,051.00  |171.00    |127.00    |80        |4,234       |22       |404.06       |0.00                   |
2019-01-21 |SR909        |4,908.00   |4,951.00 |5,105.00 |4,942.00 |5,082.00 |5,030.00  |174.00    |122.00    |218,356   |215,896     |10,176   |1,098,374.98 |0.00                   |
2019-01-21 |SR911        |4,901.00   |4,921.00 |5,071.00 |4,921.00 |5,065.00 |4,982.00  |164.00    |81.00     |654       |6,968       |186      |3,258.18     |0.00                   |
2019-01-22 |SR001        |4,951.00   |4,999.00 |5,003.00 |4,898.00 |4,905.00 |4,950.00  |-46.00    |-1.00     |12,106    |22,996      |2,268    |59,918.84    |0.00                   |
2019-01-22 |SR903        |5,079.00   |5,095.00 |5,102.00 |5,023.00 |5,028.00 |5,063.00  |-51.00    |-16.00    |202       |380         |30       |1,022.78     |0.00                   |
2019-01-22 |SR905        |5,049.00   |5,106.00 |5,133.00 |5,013.00 |5,024.00 |5,078.00  |-25.00    |29.00     |884,640   |431,792     |-37,840  |4,492,627.68 |0.00                   |
2019-01-22 |SR907        |5,051.00   |5,079.00 |5,079.00 |5,000.00 |5,001.00 |5,047.00  |-50.00    |-4.00     |48        |4,226       |-8       |242.24       |0.00                   |
2019-01-22 |SR909        |5,030.00   |5,098.00 |5,098.00 |4,983.00 |4,993.00 |5,040.00  |-37.00    |10.00     |163,440   |223,598     |7,702    |823,712.13   |0.00                   |
2019-01-22 |SR911        |4,982.00   |5,039.00 |5,049.00 |4,962.00 |4,964.00 |5,019.00  |-18.00    |37.00     |242       |6,946       |-22      |1,214.51     |0.00                   |
2019-01-23 |SR001        |4,950.00   |4,898.00 |4,922.00 |4,869.00 |4,911.00 |4,898.00  |-39.00    |-52.00    |7,974     |25,306      |2,310    |39,059.78    |0.00                   |
2019-01-23 |SR903        |5,063.00   |5,028.00 |5,041.00 |4,994.00 |5,041.00 |5,022.00  |-22.00    |-41.00    |244       |482         |102      |1,194.48     |0.00                   |
2019-01-23 |SR905        |5,078.00   |5,009.00 |5,069.00 |4,983.00 |5,047.00 |5,032.00  |-31.00    |-46.00    |832,844   |455,782     |23,990   |4,190,542.38 |0.00                   |
2019-01-23 |SR907        |5,047.00   |4,992.00 |5,033.00 |4,992.00 |5,033.00 |5,012.00  |-14.00    |-35.00    |94        |4,266       |40       |471.09       |0.00                   |
2019-01-23 |SR909        |5,040.00   |4,985.00 |5,020.00 |4,954.00 |4,998.00 |4,990.00  |-42.00    |-50.00    |109,868   |231,418     |7,820    |548,223.53   |0.00                   |
2019-01-23 |SR911        |5,019.00   |4,960.00 |4,975.00 |4,943.00 |4,971.00 |4,962.00  |-48.00    |-57.00    |74        |6,978       |32       |367.19       |0.00                   |
2019-01-24 |SR001        |4,898.00   |4,913.00 |4,920.00 |4,887.00 |4,906.00 |4,906.00  |8.00      |8.00      |6,596     |26,538      |1,232    |32,359.31    |0.00                   |
2019-01-24 |SR903        |5,022.00   |5,016.00 |5,016.00 |4,988.00 |4,988.00 |5,000.00  |-34.00    |-22.00    |26        |480         |-2       |130.01       |0.00                   |
2019-01-24 |SR905        |5,032.00   |5,041.00 |5,068.00 |5,008.00 |5,030.00 |5,032.00  |-2.00     |0.00      |595,834   |446,032     |-9,750   |2,998,213.47 |0.00                   |
2019-01-24 |SR907        |5,012.00   |5,020.00 |5,020.00 |5,001.00 |5,001.00 |5,011.00  |-11.00    |-1.00     |12        |4,268       |2        |60.13        |0.00                   |
2019-01-24 |SR909        |4,990.00   |4,998.00 |5,018.00 |4,972.00 |4,994.00 |4,993.00  |4.00      |3.00      |71,316    |229,204     |-2,214   |356,050.27   |0.00                   |
2019-01-24 |SR911        |4,962.00   |4,951.00 |4,979.00 |4,931.00 |4,967.00 |4,954.00  |5.00      |-8.00     |78        |6,974       |-4       |386.41       |0.00                   |
2019-01-25 |SR001        |4,906.00   |4,911.00 |4,952.00 |4,902.00 |4,913.00 |4,917.00  |7.00      |11.00     |7,532     |28,380      |1,842    |37,032.20    |0.00                   |
2019-01-25 |SR903        |5,000.00   |5,036.00 |5,057.00 |4,984.00 |4,998.00 |5,023.00  |-2.00     |23.00     |4,146     |610         |130      |20,978.95    |0.00                   |
2019-01-25 |SR905        |5,032.00   |5,032.00 |5,093.00 |5,011.00 |5,033.00 |5,049.00  |1.00      |17.00     |672,152   |427,320     |-18,712  |3,393,672.23 |0.00                   |
2019-01-25 |SR907        |5,011.00   |4,993.00 |4,993.00 |4,992.00 |4,992.00 |4,992.00  |-19.00    |-19.00    |34        |4,268       |0        |169.73       |0.00                   |
2019-01-25 |SR909        |4,993.00   |5,000.00 |5,047.00 |4,980.00 |5,000.00 |5,008.00  |7.00      |15.00     |85,490    |226,508     |-2,696   |428,162.77   |0.00                   |
2019-01-25 |SR911        |4,954.00   |4,963.00 |5,016.00 |4,938.00 |4,959.00 |4,976.00  |5.00      |22.00     |28        |6,978       |4        |139.33       |0.00                   |
2019-01-28 |SR001        |4,917.00   |4,901.00 |4,922.00 |4,892.00 |4,901.00 |4,906.00  |-16.00    |-11.00    |5,370     |27,674      |-706     |26,345.42    |0.00                   |
2019-01-28 |SR903        |5,023.00   |4,997.00 |5,000.00 |4,978.00 |4,988.00 |4,992.00  |-35.00    |-31.00    |360       |354         |-256     |1,797.08     |0.00                   |
2019-01-28 |SR905        |5,049.00   |5,014.00 |5,039.00 |4,990.00 |5,005.00 |5,017.00  |-44.00    |-32.00    |519,078   |425,698     |-1,622   |2,604,013.49 |0.00                   |
2019-01-28 |SR907        |4,992.00   |4,987.00 |4,988.00 |4,967.00 |4,988.00 |4,980.00  |-4.00     |-12.00    |12        |4,268       |0        |59.76        |0.00                   |
2019-01-28 |SR909        |5,008.00   |4,985.00 |4,997.00 |4,951.00 |4,959.00 |4,974.00  |-49.00    |-34.00    |90,622    |233,138     |6,630    |450,765.68   |0.00                   |
2019-01-28 |SR911        |4,976.00   |4,957.00 |4,957.00 |4,923.00 |4,925.00 |4,939.00  |-51.00    |-37.00    |44        |6,962       |-16      |217.31       |0.00                   |
2019-01-29 |SR001        |4,906.00   |4,904.00 |4,935.00 |4,901.00 |4,915.00 |4,921.00  |9.00      |15.00     |5,108     |28,456      |782      |25,135.04    |0.00                   |
2019-01-29 |SR903        |4,992.00   |4,998.00 |5,021.00 |4,996.00 |5,003.00 |5,004.00  |11.00     |12.00     |282       |268         |-86      |1,411.25     |0.00                   |
2019-01-29 |SR905        |5,017.00   |5,007.00 |5,068.00 |5,007.00 |5,040.00 |5,041.00  |23.00     |24.00     |749,136   |439,550     |13,852   |3,776,690.48 |0.00                   |
2019-01-29 |SR907        |4,980.00   |4,988.00 |5,007.00 |4,986.00 |4,986.00 |4,993.00  |6.00      |13.00     |56        |4,270       |2        |279.60       |0.00                   |
2019-01-29 |SR909        |4,974.00   |4,964.00 |5,014.00 |4,961.00 |4,996.00 |4,992.00  |22.00     |18.00     |101,244   |247,310     |14,172   |505,368.65   |0.00                   |
2019-01-29 |SR911        |4,939.00   |4,958.00 |4,982.00 |4,946.00 |4,982.00 |4,976.00  |43.00     |37.00     |1,024     |6,508       |-454     |5,095.25     |0.00                   |
2019-01-30 |SR001        |4,921.00   |4,915.00 |4,927.00 |4,900.00 |4,910.00 |4,916.00  |-11.00    |-5.00     |8,596     |29,506      |1,050    |42,261.73    |0.00                   |
2019-01-30 |SR903        |5,004.00   |4,924.00 |4,999.00 |4,924.00 |4,996.00 |4,968.00  |-8.00     |-36.00    |32        |242         |-26      |158.97       |0.00                   |
2019-01-30 |SR905        |5,041.00   |5,035.00 |5,052.00 |5,011.00 |5,021.00 |5,031.00  |-20.00    |-10.00    |521,858   |415,462     |-24,088  |2,625,255.32 |0.00                   |
2019-01-30 |SR907        |4,993.00   |4,995.00 |4,995.00 |4,995.00 |4,995.00 |4,995.00  |2.00      |2.00      |2         |4,270       |0        |9.99         |0.00                   |
2019-01-30 |SR909        |4,992.00   |4,991.00 |5,005.00 |4,975.00 |4,983.00 |4,989.00  |-9.00     |-3.00     |74,706    |242,834     |-4,476   |372,723.24   |0.00                   |
2019-01-30 |SR911        |4,976.00   |4,960.00 |4,982.00 |4,959.00 |4,982.00 |4,961.00  |6.00      |-15.00    |304       |6,776       |268      |1,508.08     |0.00                   |
2019-01-31 |SR001        |4,916.00   |4,906.00 |4,925.00 |4,899.00 |4,920.00 |4,909.00  |4.00      |-7.00     |7,764     |32,274      |2,768    |38,112.58    |0.00                   |
2019-01-31 |SR903        |4,968.00   |4,983.00 |5,024.00 |4,980.00 |5,024.00 |4,985.00  |56.00     |17.00     |20        |228         |-14      |99.69        |0.00                   |
2019-01-31 |SR905        |5,031.00   |5,025.00 |5,052.00 |4,992.00 |5,043.00 |5,020.00  |12.00     |-11.00    |464,204   |381,322     |-34,140  |2,330,404.23 |0.00                   |
2019-01-31 |SR907        |4,995.00   |4,970.00 |4,985.00 |4,970.00 |4,985.00 |4,978.00  |-10.00    |-17.00    |14        |4,264       |-6       |69.69        |0.00                   |
2019-01-31 |SR909        |4,989.00   |4,982.00 |5,003.00 |4,965.00 |4,997.00 |4,983.00  |8.00      |-6.00     |62,252    |240,840     |-1,994   |310,194.28   |0.00                   |
2019-01-31 |SR911        |4,961.00   |4,986.00 |5,036.00 |4,968.00 |4,968.00 |4,991.00  |7.00      |30.00     |52        |6,784       |8        |259.55       |0.00                   |
2019-02-01 |SR001        |4,909.00   |4,927.00 |4,951.00 |4,915.00 |4,932.00 |4,932.00  |23.00     |23.00     |5,294     |32,366      |92       |26,108.87    |0.00                   |
2019-02-01 |SR903        |4,985.00   |5,056.00 |5,113.00 |5,030.00 |5,035.00 |5,065.00  |50.00     |80.00     |62        |216         |-12      |314.03       |0.00                   |
2019-02-01 |SR905        |5,020.00   |5,042.00 |5,093.00 |5,038.00 |5,052.00 |5,062.00  |32.00     |42.00     |390,634   |349,998     |-31,324  |1,977,395.38 |0.00                   |
2019-02-01 |SR907        |4,978.00   |5,020.00 |5,020.00 |5,018.00 |5,018.00 |5,019.00  |40.00     |41.00     |4         |4,262       |-2       |20.08        |0.00                   |
2019-02-01 |SR909        |4,983.00   |5,000.00 |5,042.00 |4,983.00 |4,998.00 |5,009.00  |15.00     |26.00     |67,114    |242,428     |1,588    |336,159.06   |0.00                   |
2019-02-01 |SR911        |4,991.00   |5,015.00 |5,015.00 |4,974.00 |4,983.00 |4,990.00  |-8.00     |-1.00     |22        |6,786       |2        |109.77       |0.00                   |
2019-02-11 |SR001        |4,932.00   |4,951.00 |5,085.00 |4,939.00 |5,029.00 |5,014.00  |97.00     |82.00     |8,830     |35,046      |2,680    |44,276.98    |0.00                   |
2019-02-11 |SR903        |5,065.00   |4,995.00 |5,161.00 |4,995.00 |5,160.00 |5,141.00  |95.00     |76.00     |210       |322         |106      |1,079.62     |0.00                   |
2019-02-11 |SR905        |5,062.00   |5,072.00 |5,245.00 |5,052.00 |5,178.00 |5,167.00  |116.00    |105.00    |532,510   |388,494     |38,496   |2,751,732.46 |0.00                   |
2019-02-11 |SR907        |5,019.00   |5,028.00 |5,182.00 |5,028.00 |5,150.00 |5,125.00  |131.00    |106.00    |68        |4,270       |8        |348.50       |0.00                   |
2019-02-11 |SR909        |5,009.00   |5,046.00 |5,183.00 |4,998.00 |5,113.00 |5,096.00  |104.00    |87.00     |116,726   |252,020     |9,592    |594,873.99   |0.00                   |
2019-02-11 |SR911        |4,990.00   |4,998.00 |5,135.00 |4,998.00 |5,098.00 |5,075.00  |108.00    |85.00     |82        |6,774       |-12      |416.17       |0.00                   |
2019-02-12 |SR001        |5,014.00   |5,025.00 |5,072.00 |5,013.00 |5,067.00 |5,048.00  |53.00     |34.00     |8,106     |37,104      |2,058    |40,915.77    |0.00                   |
2019-02-12 |SR903        |5,141.00   |5,179.00 |5,214.00 |5,144.00 |5,154.00 |5,163.00  |13.00     |22.00     |74        |336         |14       |382.06       |0.00                   |
2019-02-12 |SR905        |5,167.00   |5,170.00 |5,189.00 |5,153.00 |5,185.00 |5,176.00  |18.00     |9.00      |400,302   |417,188     |28,694   |2,072,058.34 |0.00                   |
2019-02-12 |SR907        |5,125.00   |5,130.00 |5,139.00 |5,130.00 |5,139.00 |5,135.00  |14.00     |10.00     |4         |4,268       |-2       |20.54        |0.00                   |
2019-02-12 |SR909        |5,096.00   |5,102.00 |5,139.00 |5,096.00 |5,137.00 |5,119.00  |41.00     |23.00     |99,380    |273,308     |21,288   |508,750.73   |0.00                   |
2019-02-12 |SR911        |5,075.00   |5,123.00 |5,143.00 |5,094.00 |5,120.00 |5,120.00  |45.00     |45.00     |240       |6,910       |136      |1,228.90     |0.00                   |
2019-02-13 |SR001        |5,048.00   |5,080.00 |5,088.00 |5,001.00 |5,045.00 |5,045.00  |-3.00     |-3.00     |8,322     |38,702      |1,598    |41,982.40    |0.00                   |
2019-02-13 |SR903        |5,163.00   |5,130.00 |5,130.00 |5,072.00 |5,090.00 |5,091.00  |-73.00    |-72.00    |68        |332         |-4       |346.20       |0.00                   |
2019-02-13 |SR905        |5,176.00   |5,195.00 |5,201.00 |5,075.00 |5,120.00 |5,137.00  |-56.00    |-39.00    |505,802   |388,930     |-28,258  |2,598,191.87 |0.00                   |
2019-02-13 |SR907        |5,135.00   |5,133.00 |5,133.00 |5,083.00 |5,106.00 |5,098.00  |-29.00    |-37.00    |64        |4,248       |-20      |326.26       |0.00                   |
2019-02-13 |SR909        |5,119.00   |5,143.00 |5,153.00 |5,060.00 |5,093.00 |5,106.00  |-26.00    |-13.00    |102,152   |265,272     |-8,036   |521,557.78   |0.00                   |
2019-02-13 |SR911        |5,120.00   |5,140.00 |5,140.00 |5,050.00 |5,074.00 |5,093.00  |-46.00    |-27.00    |24        |6,906       |-4       |122.24       |0.00                   |
2019-02-14 |SR001        |5,045.00   |5,048.00 |5,065.00 |4,999.00 |5,000.00 |5,030.00  |-45.00    |-15.00    |13,994    |42,550      |3,848    |70,385.69    |0.00                   |
2019-02-14 |SR903        |5,091.00   |4,976.00 |4,976.00 |4,975.00 |4,975.00 |4,975.00  |-116.00   |-116.00   |10        |342         |10       |49.75        |0.00                   |
2019-02-14 |SR905        |5,137.00   |5,125.00 |5,125.00 |5,011.00 |5,020.00 |5,065.00  |-117.00   |-72.00    |601,994   |371,494     |-17,436  |3,049,364.07 |0.00                   |
2019-02-14 |SR907        |5,098.00   |5,093.00 |5,093.00 |4,998.00 |5,000.00 |5,034.00  |-98.00    |-64.00    |30        |4,256       |8        |151.02       |0.00                   |
2019-02-14 |SR909        |5,106.00   |5,099.00 |5,099.00 |5,005.00 |5,013.00 |5,049.00  |-93.00    |-57.00    |133,010   |267,568     |2,296    |671,632.52   |0.00                   |
2019-02-14 |SR911        |5,093.00   |5,072.00 |5,078.00 |5,009.00 |5,009.00 |5,050.00  |-84.00    |-43.00    |168       |6,996       |90       |848.39       |0.00                   |
2019-02-15 |SR001        |5,030.00   |5,002.00 |5,011.00 |4,963.00 |4,964.00 |4,994.00  |-66.00    |-36.00    |11,300    |45,668      |3,118    |56,426.72    |0.00                   |
2019-02-15 |SR903        |4,975.00   |4,975.00 |4,994.00 |4,962.00 |4,994.00 |4,985.00  |19.00     |10.00     |22        |332         |-10      |109.67       |0.00                   |
2019-02-15 |SR905        |5,065.00   |5,016.00 |5,051.00 |4,972.00 |4,977.00 |5,017.00  |-88.00    |-48.00    |541,176   |365,068     |-6,426   |2,714,879.48 |0.00                   |
2019-02-15 |SR907        |5,034.00   |5,017.00 |5,017.00 |4,976.00 |4,987.00 |4,984.00  |-47.00    |-50.00    |44        |4,258       |2        |219.29       |0.00                   |
2019-02-15 |SR909        |5,049.00   |5,005.00 |5,035.00 |4,970.00 |4,975.00 |5,009.00  |-74.00    |-40.00    |138,482   |260,370     |-7,198   |693,587.82   |0.00                   |
2019-02-15 |SR911        |5,050.00   |5,015.00 |5,015.00 |4,980.00 |4,980.00 |5,010.00  |-70.00    |-40.00    |22        |6,988       |-8       |110.22       |0.00                   |
2019-02-18 |SR001        |4,994.00   |4,987.00 |5,085.00 |4,980.00 |5,033.00 |5,029.00  |39.00     |35.00     |15,342    |48,770      |3,102    |77,157.64    |0.00                   |
2019-02-18 |SR903        |4,985.00   |4,990.00 |5,056.00 |4,980.00 |5,025.00 |5,020.00  |40.00     |35.00     |36        |336         |4        |180.72       |0.00                   |
2019-02-18 |SR905        |5,017.00   |4,994.00 |5,135.00 |4,987.00 |5,067.00 |5,058.00  |50.00     |41.00     |618,498   |370,634     |5,566    |3,128,616.05 |0.00                   |
2019-02-18 |SR907        |4,984.00   |5,055.00 |5,060.00 |5,047.00 |5,060.00 |5,055.00  |76.00     |71.00     |8         |4,256       |-2       |40.44        |0.00                   |
2019-02-18 |SR909        |5,009.00   |4,993.00 |5,115.00 |4,985.00 |5,056.00 |5,049.00  |47.00     |40.00     |131,042   |252,118     |-8,252   |661,633.19   |0.00                   |
2019-02-18 |SR911        |5,010.00   |5,101.00 |5,101.00 |5,054.00 |5,061.00 |5,058.00  |51.00     |48.00     |4,008     |8,992       |2,004    |20,271.40    |0.00                   |
2019-02-19 |SR001        |5,029.00   |5,028.00 |5,044.00 |5,010.00 |5,043.00 |5,031.00  |14.00     |2.00      |5,822     |49,740      |970      |29,292.61    |0.00                   |
2019-02-19 |SR903        |5,020.00   |5,006.00 |5,028.00 |5,006.00 |5,026.00 |5,023.00  |6.00      |3.00      |26        |336         |0        |130.61       |0.00                   |
2019-02-19 |SR905        |5,058.00   |5,069.00 |5,083.00 |5,041.00 |5,078.00 |5,063.00  |20.00     |5.00      |339,214   |375,900     |5,266    |1,717,523.67 |0.00                   |
2019-02-19 |SR907        |5,055.00   |5,051.00 |5,051.00 |5,051.00 |5,051.00 |5,051.00  |-4.00     |-4.00     |2         |4,256       |0        |10.10        |0.00                   |
2019-02-19 |SR909        |5,049.00   |5,060.00 |5,069.00 |5,034.00 |5,065.00 |5,053.00  |16.00     |4.00      |74,038    |255,372     |3,254    |374,109.42   |0.00                   |
2019-02-19 |SR911        |5,058.00   |5,050.00 |5,064.00 |5,050.00 |5,064.00 |5,053.00  |6.00      |-5.00     |240       |9,214       |222      |1,212.79     |0.00                   |
2019-02-20 |SR001        |5,031.00   |5,043.00 |5,070.00 |5,031.00 |5,047.00 |5,050.00  |16.00     |19.00     |8,424     |51,184      |1,444    |42,539.35    |0.00                   |
2019-02-20 |SR903        |5,023.00   |5,051.00 |5,075.00 |5,046.00 |5,075.00 |5,052.00  |52.00     |29.00     |62        |390         |54       |313.24       |0.00                   |
2019-02-20 |SR905        |5,063.00   |5,075.00 |5,124.00 |5,067.00 |5,111.00 |5,102.00  |48.00     |39.00     |553,614   |393,442     |17,542   |2,824,347.32 |0.00                   |
2019-02-20 |SR907        |5,051.00   |5,063.00 |5,099.00 |5,063.00 |5,092.00 |5,086.00  |41.00     |35.00     |52        |4,256       |0        |264.47       |0.00                   |
2019-02-20 |SR909        |5,053.00   |5,062.00 |5,096.00 |5,052.00 |5,086.00 |5,081.00  |33.00     |28.00     |103,278   |257,306     |1,934    |524,788.18   |0.00                   |
2019-02-20 |SR911        |5,053.00   |5,097.00 |5,097.00 |5,069.00 |5,087.00 |5,080.00  |34.00     |27.00     |16        |9,212       |-2       |81.27        |0.00                   |
2019-02-21 |SR001        |5,050.00   |5,038.00 |5,098.00 |5,030.00 |5,072.00 |5,068.00  |22.00     |18.00     |12,228    |53,052      |1,868    |61,971.21    |0.00                   |
2019-02-21 |SR903        |5,052.00   |5,104.00 |5,104.00 |5,093.00 |5,098.00 |5,100.00  |46.00     |48.00     |20        |402         |12       |102.00       |0.00                   |
2019-02-21 |SR905        |5,102.00   |5,100.00 |5,174.00 |5,091.00 |5,139.00 |5,135.00  |37.00     |33.00     |527,266   |384,092     |-9,350   |2,707,419.68 |0.00                   |
2019-02-21 |SR907        |5,086.00   |5,088.00 |5,127.00 |5,088.00 |5,126.00 |5,111.00  |40.00     |25.00     |12        |4,258       |2        |61.33        |0.00                   |
2019-02-21 |SR909        |5,081.00   |5,074.00 |5,147.00 |5,065.00 |5,110.00 |5,111.00  |29.00     |30.00     |117,626   |258,188     |882      |601,182.50   |0.00                   |
2019-02-21 |SR911        |5,080.00   |5,087.00 |5,130.00 |5,087.00 |5,110.00 |5,117.00  |30.00     |37.00     |60        |9,204       |-8       |307.01       |0.00                   |
2019-02-22 |SR001        |5,068.00   |5,069.00 |5,185.00 |5,069.00 |5,183.00 |5,129.00  |115.00    |61.00     |22,352    |60,044      |6,992    |114,635.70   |0.00                   |
2019-02-22 |SR903        |5,100.00   |5,117.00 |5,142.00 |5,093.00 |5,140.00 |5,123.00  |40.00     |23.00     |78        |466         |64       |399.63       |0.00                   |
2019-02-22 |SR905        |5,135.00   |5,137.00 |5,205.00 |5,132.00 |5,203.00 |5,171.00  |68.00     |36.00     |685,522   |418,800     |34,708   |3,544,515.34 |0.00                   |
2019-02-22 |SR907        |5,111.00   |5,126.00 |5,179.00 |5,112.00 |5,179.00 |5,152.00  |68.00     |41.00     |18        |4,258       |0        |92.74        |0.00                   |
2019-02-22 |SR909        |5,111.00   |5,110.00 |5,206.00 |5,106.00 |5,204.00 |5,150.00  |93.00     |39.00     |139,524   |272,946     |14,758   |718,503.19   |0.00                   |
2019-02-22 |SR911        |5,117.00   |5,122.00 |5,190.00 |5,122.00 |5,190.00 |5,144.00  |73.00     |27.00     |22        |9,190       |-14      |113.16       |0.00                   |
2019-02-25 |SR001        |5,129.00   |5,200.00 |5,209.00 |5,163.00 |5,172.00 |5,188.00  |43.00     |59.00     |25,796    |63,970      |3,926    |133,821.18   |0.00                   |
2019-02-25 |SR903        |5,123.00   |5,166.00 |5,174.00 |5,134.00 |5,142.00 |5,143.00  |19.00     |20.00     |34        |468         |2        |174.85       |0.00                   |
2019-02-25 |SR905        |5,171.00   |5,212.00 |5,220.00 |5,158.00 |5,174.00 |5,185.00  |3.00      |14.00     |526,366   |390,544     |-28,256  |2,729,221.95 |0.00                   |
2019-02-25 |SR907        |5,152.00   |5,183.00 |5,183.00 |5,157.00 |5,173.00 |5,172.00  |21.00     |20.00     |18        |4,270       |12       |93.10        |0.00                   |
2019-02-25 |SR909        |5,150.00   |5,218.00 |5,227.00 |5,172.00 |5,185.00 |5,200.00  |35.00     |50.00     |172,874   |271,774     |-1,172   |899,029.70   |0.00                   |
2019-02-25 |SR911        |5,144.00   |5,217.00 |5,226.00 |5,167.00 |5,174.00 |5,178.00  |30.00     |34.00     |282       |8,970       |-220     |1,460.14     |0.00                   |
2019-02-26 |SR001        |5,188.00   |5,171.00 |5,230.00 |5,154.00 |5,179.00 |5,195.00  |-9.00     |7.00      |26,456    |69,022      |5,052    |137,426.56   |0.00                   |
2019-02-26 |SR903        |5,143.00   |5,151.00 |5,210.00 |5,150.00 |5,150.00 |5,182.00  |7.00      |39.00     |110       |550         |82       |570.01       |0.00                   |
2019-02-26 |SR905        |5,185.00   |5,173.00 |5,278.00 |5,150.00 |5,214.00 |5,222.00  |29.00     |37.00     |1,125,510 |405,952     |15,408   |5,877,804.53 |0.00                   |
2019-02-26 |SR907        |5,172.00   |5,172.00 |5,234.00 |5,150.00 |5,212.00 |5,201.00  |40.00     |29.00     |108       |4,336       |66       |561.68       |0.00                   |
2019-02-26 |SR909        |5,200.00   |5,180.00 |5,259.00 |5,159.00 |5,205.00 |5,211.00  |5.00      |11.00     |230,800   |274,158     |2,384    |1,202,749.40 |0.00                   |
2019-02-26 |SR911        |5,178.00   |5,150.00 |5,235.00 |5,149.00 |5,190.00 |5,190.00  |12.00     |12.00     |860       |8,182       |-788     |4,463.39     |0.00                   |
2019-02-27 |SR001        |5,195.00   |5,177.00 |5,199.00 |5,112.00 |5,133.00 |5,148.00  |-62.00    |-47.00    |15,998    |72,720      |3,698    |82,360.99    |0.00                   |
2019-02-27 |SR903        |5,182.00   |5,151.00 |5,170.00 |5,099.00 |5,099.00 |5,134.00  |-83.00    |-48.00    |146       |548         |-2       |749.60       |0.00                   |
2019-02-27 |SR905        |5,222.00   |5,212.00 |5,241.00 |5,142.00 |5,159.00 |5,193.00  |-63.00    |-29.00    |726,202   |388,456     |-17,496  |3,771,268.51 |0.00                   |
2019-02-27 |SR907        |5,201.00   |5,158.00 |5,158.00 |5,122.00 |5,138.00 |5,139.00  |-63.00    |-62.00    |8         |4,338       |2        |41.11        |0.00                   |
2019-02-27 |SR909        |5,211.00   |5,205.00 |5,227.00 |5,131.00 |5,146.00 |5,180.00  |-65.00    |-31.00    |140,940   |267,442     |-6,716   |730,098.19   |0.00                   |
2019-02-27 |SR911        |5,190.00   |5,183.00 |5,183.00 |5,124.00 |5,142.00 |5,162.00  |-48.00    |-28.00    |20        |8,178       |-4       |103.23       |0.00                   |
2019-02-28 |SR001        |5,148.00   |5,134.00 |5,150.00 |5,118.00 |5,143.00 |5,138.00  |-5.00     |-10.00    |8,934     |73,554      |834      |45,905.61    |0.00                   |
2019-02-28 |SR903        |5,134.00   |5,120.00 |5,120.00 |5,075.00 |5,106.00 |5,094.00  |-28.00    |-40.00    |56        |548         |0        |285.26       |0.00                   |
2019-02-28 |SR905        |5,193.00   |5,156.00 |5,187.00 |5,131.00 |5,162.00 |5,162.00  |-31.00    |-31.00    |496,982   |392,216     |3,760    |2,565,444.10 |0.00                   |
2019-02-28 |SR907        |5,139.00   |5,131.00 |5,144.00 |5,131.00 |5,138.00 |5,139.00  |-1.00     |0.00      |48        |4,340       |2        |246.69       |0.00                   |
2019-02-28 |SR909        |5,180.00   |5,138.00 |5,170.00 |5,126.00 |5,150.00 |5,151.00  |-30.00    |-29.00    |86,826    |270,026     |2,584    |447,214.20   |0.00                   |
2019-02-28 |SR911        |5,162.00   |5,143.00 |5,154.00 |5,133.00 |5,154.00 |5,144.00  |-8.00     |-18.00    |120       |8,196       |18       |617.22       |0.00                   |
2019-03-01 |SR001        |5,138.00   |5,140.00 |5,159.00 |5,124.00 |5,150.00 |5,145.00  |12.00     |7.00      |12,624    |73,606      |52       |64,954.43    |0.00                   |
2019-03-01 |SR903        |5,094.00   |5,120.00 |5,140.00 |5,120.00 |5,122.00 |5,133.00  |28.00     |39.00     |120       |428         |-120     |615.95       |5,100.00               |
2019-03-01 |SR905        |5,162.00   |5,155.00 |5,192.00 |5,142.00 |5,191.00 |5,166.00  |29.00     |4.00      |461,998   |375,562     |-16,654  |2,386,490.20 |0.00                   |
2019-03-01 |SR907        |5,139.00   |4,933.00 |5,184.00 |4,933.00 |5,150.00 |5,107.00  |11.00     |-32.00    |84        |4,330       |-10      |428.95       |0.00                   |
2019-03-01 |SR909        |5,151.00   |5,150.00 |5,179.00 |5,138.00 |5,179.00 |5,158.00  |28.00     |7.00      |100,468   |272,234     |2,208    |518,251.01   |0.00                   |
2019-03-01 |SR911        |5,144.00   |5,152.00 |5,183.00 |5,143.00 |5,183.00 |5,159.00  |39.00     |15.00     |26        |8,200       |4        |134.14       |0.00                   |
2019-03-04 |SR001        |5,145.00   |5,150.00 |5,165.00 |5,096.00 |5,121.00 |5,125.00  |-24.00    |-20.00    |14,930    |73,472      |-134     |76,522.37    |0.00                   |
2019-03-04 |SR903        |5,133.00   |0.00     |0.00     |0.00     |0.00     |5,129.00  |-4.00     |-4.00     |0         |428         |0        |0.00         |5,111.00               |
2019-03-04 |SR905        |5,166.00   |5,187.00 |5,215.00 |5,113.00 |5,130.00 |5,153.00  |-36.00    |-13.00    |672,810   |369,228     |-6,334   |3,467,007.58 |0.00                   |
2019-03-04 |SR907        |5,107.00   |0.00     |0.00     |0.00     |0.00     |5,107.00  |0.00      |0.00      |0         |4,330       |0        |0.00         |0.00                   |
2019-03-04 |SR909        |5,158.00   |5,178.00 |5,195.00 |5,101.00 |5,120.00 |5,135.00  |-38.00    |-23.00    |178,250   |274,258     |2,024    |915,235.73   |0.00                   |
2019-03-04 |SR911        |5,159.00   |5,195.00 |5,195.00 |5,111.00 |5,136.00 |5,141.00  |-23.00    |-18.00    |32        |8,208       |8        |164.52       |0.00                   |
2019-03-05 |SR001        |5,125.00   |5,124.00 |5,159.00 |5,090.00 |5,121.00 |5,123.00  |-4.00     |-2.00     |9,662     |73,480      |8        |49,501.28    |0.00                   |
2019-03-05 |SR903        |5,129.00   |5,119.00 |5,129.00 |5,118.00 |5,118.00 |5,118.00  |-11.00    |-11.00    |214       |224         |-204     |1,092.69     |5,121.00               |
2019-03-05 |SR905        |5,153.00   |5,134.00 |5,178.00 |5,091.00 |5,129.00 |5,137.00  |-24.00    |-16.00    |580,068   |360,550     |-8,678   |2,979,591.99 |0.00                   |
2019-03-05 |SR907        |5,107.00   |5,124.00 |5,124.00 |5,089.00 |5,089.00 |5,108.00  |-18.00    |1.00      |18        |4,332       |2        |91.94        |0.00                   |
2019-03-05 |SR909        |5,135.00   |5,122.00 |5,155.00 |5,077.00 |5,114.00 |5,118.00  |-21.00    |-17.00    |134,124   |276,480     |2,222    |686,454.47   |0.00                   |
2019-03-05 |SR911        |5,141.00   |5,131.00 |5,131.00 |5,110.00 |5,124.00 |5,124.00  |-17.00    |-17.00    |222       |8,002       |-206     |1,137.42     |0.00                   |
2019-03-06 |SR001        |5,123.00   |5,131.00 |5,150.00 |5,110.00 |5,124.00 |5,132.00  |1.00      |9.00      |19,684    |75,386      |1,906    |101,021.91   |0.00                   |
2019-03-06 |SR903        |5,118.00   |5,122.00 |5,122.00 |5,122.00 |5,122.00 |5,122.00  |4.00      |4.00      |8         |216         |-8       |40.98        |5,128.00               |
2019-03-06 |SR905        |5,137.00   |5,130.00 |5,149.00 |5,105.00 |5,107.00 |5,127.00  |-30.00    |-10.00    |492,190   |354,144     |-6,406   |2,523,337.48 |0.00                   |
2019-03-06 |SR907        |5,108.00   |5,084.00 |5,128.00 |5,084.00 |5,128.00 |5,106.00  |20.00     |-2.00     |6         |4,332       |0        |30.64        |0.00                   |
2019-03-06 |SR909        |5,118.00   |5,117.00 |5,130.00 |5,092.00 |5,094.00 |5,111.00  |-24.00    |-7.00     |135,916   |287,132     |10,652   |694,695.60   |0.00                   |
2019-03-06 |SR911        |5,124.00   |5,125.00 |5,145.00 |5,113.00 |5,113.00 |5,130.00  |-11.00    |6.00      |18        |8,000       |-2       |92.34        |0.00                   |
2019-03-07 |SR001        |5,132.00   |5,116.00 |5,139.00 |5,101.00 |5,122.00 |5,121.00  |-10.00    |-11.00    |11,722    |77,272      |1,886    |60,027.22    |0.00                   |
2019-03-07 |SR903        |5,122.00   |0.00     |0.00     |0.00     |0.00     |5,085.00  |-37.00    |-37.00    |0         |216         |0        |0.00         |5,126.00               |
2019-03-07 |SR905        |5,127.00   |5,107.00 |5,123.00 |5,064.00 |5,084.00 |5,090.00  |-43.00    |-37.00    |447,772   |346,266     |-7,878   |2,279,378.03 |0.00                   |
2019-03-07 |SR907        |5,106.00   |5,062.00 |5,068.00 |5,062.00 |5,068.00 |5,065.00  |-38.00    |-41.00    |6         |4,336       |4        |30.39        |0.00                   |
2019-03-07 |SR909        |5,111.00   |5,094.00 |5,108.00 |5,054.00 |5,070.00 |5,078.00  |-41.00    |-33.00    |143,200   |301,834     |14,702   |727,160.71   |0.00                   |
2019-03-07 |SR911        |5,130.00   |5,112.00 |5,115.00 |5,075.00 |5,089.00 |5,091.00  |-41.00    |-39.00    |28        |8,002       |2        |142.54       |0.00                   |
2019-03-08 |SR001        |5,121.00   |5,124.00 |5,128.00 |5,063.00 |5,094.00 |5,088.00  |-27.00    |-33.00    |13,108    |77,078      |-194     |66,691.75    |0.00                   |
2019-03-08 |SR903        |5,085.00   |0.00     |0.00     |0.00     |0.00     |5,085.00  |0.00      |0.00      |0         |216         |0        |0.00         |5,123.00               |
2019-03-08 |SR905        |5,090.00   |5,083.00 |5,095.00 |5,044.00 |5,074.00 |5,064.00  |-16.00    |-26.00    |410,180   |342,126     |-4,140   |2,077,096.13 |0.00                   |
2019-03-08 |SR907        |5,065.00   |5,038.00 |5,049.00 |5,038.00 |5,049.00 |5,044.00  |-16.00    |-21.00    |6         |4,332       |-4       |30.26        |0.00                   |
2019-03-08 |SR909        |5,078.00   |5,070.00 |5,078.00 |5,021.00 |5,050.00 |5,040.00  |-28.00    |-38.00    |158,444   |316,100     |14,266   |798,557.50   |0.00                   |
2019-03-08 |SR911        |5,091.00   |5,068.00 |5,068.00 |5,044.00 |5,067.00 |5,059.00  |-24.00    |-32.00    |42        |8,012       |10       |212.49       |0.00                   |
2019-03-11 |SR001        |5,088.00   |5,093.00 |5,111.00 |5,085.00 |5,101.00 |5,100.00  |13.00     |12.00     |16,326    |79,974      |2,896    |83,256.62    |0.00                   |
2019-03-11 |SR903        |5,085.00   |5,100.00 |5,100.00 |5,100.00 |5,100.00 |5,100.00  |15.00     |15.00     |4         |216         |0        |20.40        |5,118.00               |
2019-03-11 |SR905        |5,064.00   |5,064.00 |5,129.00 |5,058.00 |5,120.00 |5,104.00  |56.00     |40.00     |569,056   |355,642     |13,516   |2,904,303.32 |0.00                   |
2019-03-11 |SR907        |5,044.00   |5,088.00 |5,104.00 |5,081.00 |5,081.00 |5,091.00  |37.00     |47.00     |6         |4,336       |4        |30.55        |0.00                   |
2019-03-11 |SR909        |5,040.00   |5,049.00 |5,093.00 |5,038.00 |5,083.00 |5,068.00  |43.00     |28.00     |158,326   |322,676     |6,576    |802,470.41   |0.00                   |
2019-03-11 |SR911        |5,059.00   |5,083.00 |5,099.00 |5,075.00 |5,089.00 |5,090.00  |30.00     |31.00     |14        |8,012       |0        |71.26        |0.00                   |
2019-03-12 |SR001        |5,100.00   |5,101.00 |5,111.00 |5,059.00 |5,069.00 |5,095.00  |-31.00    |-5.00     |17,318    |82,256      |2,282    |88,234.53    |0.00                   |
2019-03-12 |SR903        |5,100.00   |0.00     |0.00     |0.00     |0.00     |5,100.00  |0.00      |0.00      |0         |216         |0        |0.00         |5,110.00               |
2019-03-12 |SR905        |5,104.00   |5,120.00 |5,139.00 |5,069.00 |5,074.00 |5,112.00  |-30.00    |8.00      |529,480   |342,644     |-12,998  |2,706,621.82 |0.00                   |
2019-03-12 |SR907        |5,091.00   |5,084.00 |5,100.00 |5,059.00 |5,059.00 |5,086.00  |-32.00    |-5.00     |20        |4,334       |-2       |101.72       |0.00                   |
2019-03-12 |SR909        |5,068.00   |5,085.00 |5,103.00 |5,050.00 |5,060.00 |5,083.00  |-8.00     |15.00     |153,238   |329,948     |7,272    |778,880.11   |0.00                   |
2019-03-12 |SR911        |5,090.00   |5,101.00 |5,107.00 |5,066.00 |5,071.00 |5,070.00  |-19.00    |-20.00    |280       |7,768       |-244     |1,419.49     |0.00                   |
2019-03-13 |SR001        |5,095.00   |5,082.00 |5,094.00 |5,060.00 |5,083.00 |5,080.00  |-12.00    |-15.00    |6,142     |81,968      |-288     |31,202.29    |0.00                   |
2019-03-13 |SR903        |5,100.00   |0.00     |0.00     |0.00     |0.00     |5,085.00  |-15.00    |-15.00    |0         |216         |0        |0.00         |5,105.00               |
2019-03-13 |SR905        |5,112.00   |5,075.00 |5,115.00 |5,075.00 |5,103.00 |5,097.00  |-9.00     |-15.00    |381,402   |348,374     |5,730    |1,943,996.49 |0.00                   |
2019-03-13 |SR907        |5,086.00   |5,081.00 |5,081.00 |5,079.00 |5,079.00 |5,080.00  |-7.00     |-6.00     |4         |4,336       |2        |20.32        |0.00                   |
2019-03-13 |SR909        |5,083.00   |5,061.00 |5,092.00 |5,061.00 |5,082.00 |5,077.00  |-1.00     |-6.00     |106,110   |329,306     |-642     |538,714.35   |0.00                   |
2019-03-13 |SR911        |5,070.00   |5,094.00 |5,097.00 |5,072.00 |5,072.00 |5,089.00  |2.00      |19.00     |12        |7,768       |0        |61.07        |0.00                   |
2019-03-14 |SR001        |5,080.00   |5,082.00 |5,116.00 |5,078.00 |5,088.00 |5,102.00  |8.00      |22.00     |17,366    |87,448      |5,480    |88,608.46    |0.00                   |
2019-03-14 |SR903        |5,085.00   |0.00     |0.00     |0.00     |0.00     |5,119.00  |34.00     |34.00     |0         |0           |-216     |0.00         |5,108.00               |
2019-03-14 |SR905        |5,097.00   |5,103.00 |5,161.00 |5,098.00 |5,122.00 |5,131.00  |25.00     |34.00     |638,912   |369,490     |21,116   |3,278,380.56 |0.00                   |
2019-03-14 |SR907        |5,080.00   |5,117.00 |5,151.00 |5,112.00 |5,112.00 |5,121.00  |32.00     |41.00     |14        |4,338       |2        |71.69        |0.00                   |
2019-03-14 |SR909        |5,077.00   |5,082.00 |5,126.00 |5,071.00 |5,079.00 |5,100.00  |2.00      |23.00     |230,188   |346,144     |16,838   |1,173,948.61 |0.00                   |
2019-03-14 |SR911        |5,089.00   |5,115.00 |5,133.00 |5,076.00 |5,090.00 |5,111.00  |1.00      |22.00     |38        |7,770       |2        |194.23       |0.00                   |
2019-03-15 |SR001        |5,102.00   |5,108.00 |5,112.00 |5,073.00 |5,094.00 |5,089.00  |-8.00     |-13.00    |10,936    |88,200      |752      |55,655.03    |0.00                   |
2019-03-15 |SR003        |5,102.00   |0.00     |0.00     |0.00     |0.00     |5,102.00  |0.00      |0.00      |0         |0           |0        |0.00         |0.00                   |
2019-03-15 |SR905        |5,131.00   |5,143.00 |5,154.00 |5,090.00 |5,114.00 |5,119.00  |-17.00    |-12.00    |437,260   |346,744     |-22,746  |2,239,097.68 |0.00                   |
2019-03-15 |SR907        |5,121.00   |5,079.00 |5,079.00 |5,079.00 |5,079.00 |5,079.00  |-42.00    |-42.00    |2         |4,336       |-2       |10.16        |0.00                   |
2019-03-15 |SR909        |5,100.00   |5,113.00 |5,113.00 |5,060.00 |5,084.00 |5,085.00  |-16.00    |-15.00    |151,280   |347,940     |1,796    |769,257.71   |0.00                   |
2019-03-15 |SR911        |5,111.00   |5,076.00 |5,076.00 |5,076.00 |5,076.00 |5,076.00  |-35.00    |-35.00    |2         |7,770       |0        |10.15        |0.00                   |
2019-03-18 |SR001        |5,089.00   |5,087.00 |5,135.00 |5,087.00 |5,121.00 |5,116.00  |32.00     |27.00     |17,766    |93,664      |5,464    |90,890.31    |0.00                   |
2019-03-18 |SR003        |5,102.00   |0.00     |0.00     |0.00     |0.00     |5,102.00  |0.00      |0.00      |0         |0           |0        |0.00         |0.00                   |
2019-03-18 |SR905        |5,119.00   |5,109.00 |5,176.00 |5,105.00 |5,158.00 |5,145.00  |39.00     |26.00     |472,314   |345,520     |-1,224   |2,430,227.56 |0.00                   |
2019-03-18 |SR907        |5,079.00   |5,092.00 |5,169.00 |5,092.00 |5,169.00 |5,148.00  |90.00     |69.00     |38        |4,356       |20       |195.63       |0.00                   |
2019-03-18 |SR909        |5,085.00   |5,082.00 |5,142.00 |5,080.00 |5,126.00 |5,116.00  |41.00     |31.00     |212,510   |371,080     |23,140   |1,087,270.18 |0.00                   |
2019-03-18 |SR911        |5,076.00   |5,090.00 |5,134.00 |5,089.00 |5,130.00 |5,107.00  |54.00     |31.00     |20        |7,760       |-10      |102.14       |0.00                   |
2019-03-19 |SR001        |5,116.00   |5,130.00 |5,135.00 |5,109.00 |5,120.00 |5,122.00  |4.00      |6.00      |12,938    |94,466      |802      |66,270.78    |0.00                   |
2019-03-19 |SR003        |5,102.00   |5,170.00 |5,170.00 |5,061.00 |5,061.00 |5,116.00  |-41.00    |14.00     |8         |4           |4        |40.92        |0.00                   |
2019-03-19 |SR905        |5,145.00   |5,167.00 |5,178.00 |5,146.00 |5,157.00 |5,160.00  |12.00     |15.00     |322,854   |335,306     |-10,214  |1,666,082.13 |0.00                   |
2019-03-19 |SR907        |5,148.00   |5,156.00 |5,172.00 |5,138.00 |5,152.00 |5,158.00  |4.00      |10.00     |84        |4,402       |46       |433.25       |0.00                   |
2019-03-19 |SR909        |5,116.00   |5,139.00 |5,148.00 |5,120.00 |5,135.00 |5,135.00  |19.00     |19.00     |146,326   |376,520     |5,440    |751,393.35   |0.00                   |
2019-03-19 |SR911        |5,107.00   |5,130.00 |5,139.00 |5,129.00 |5,129.00 |5,129.00  |22.00     |22.00     |1,408     |7,062       |-698     |7,221.67     |0.00                   |
2019-03-20 |SR001        |5,122.00   |5,122.00 |5,126.00 |5,083.00 |5,104.00 |5,098.00  |-18.00    |-24.00    |14,880    |93,228      |-1,238   |75,862.00    |0.00                   |
2019-03-20 |SR003        |5,116.00   |0.00     |0.00     |0.00     |0.00     |5,116.00  |0.00      |0.00      |0         |4           |0        |0.00         |0.00                   |
2019-03-20 |SR905        |5,160.00   |5,161.00 |5,167.00 |5,100.00 |5,130.00 |5,126.00  |-30.00    |-34.00    |494,584   |324,538     |-10,768  |2,535,183.38 |0.00                   |
2019-03-20 |SR907        |5,158.00   |5,174.00 |5,177.00 |5,127.00 |5,127.00 |5,162.00  |-31.00    |4.00      |16        |4,408       |6        |82.59        |0.00                   |
2019-03-20 |SR909        |5,135.00   |5,141.00 |5,142.00 |5,081.00 |5,110.00 |5,104.00  |-25.00    |-31.00    |224,026   |384,624     |8,104    |1,143,384.13 |0.00                   |
2019-03-20 |SR911        |5,129.00   |5,091.00 |5,099.00 |5,091.00 |5,099.00 |5,095.00  |-30.00    |-34.00    |4         |7,064       |2        |20.38        |0.00                   |
2019-03-21 |SR001        |5,098.00   |5,102.00 |5,112.00 |5,096.00 |5,102.00 |5,103.00  |4.00      |5.00      |4,298     |93,086      |-142     |21,934.04    |0.00                   |
2019-03-21 |SR003        |5,116.00   |5,130.00 |5,130.00 |5,123.00 |5,123.00 |5,125.00  |7.00      |9.00      |6         |6           |2        |30.75        |0.00                   |
2019-03-21 |SR905        |5,126.00   |5,128.00 |5,137.00 |5,109.00 |5,117.00 |5,122.00  |-9.00     |-4.00     |251,072   |325,904     |1,366    |1,286,079.45 |0.00                   |
2019-03-21 |SR907        |5,162.00   |5,140.00 |5,140.00 |5,124.00 |5,126.00 |5,126.00  |-36.00    |-36.00    |514       |3,918       |-490     |2,634.78     |0.00                   |
2019-03-21 |SR909        |5,104.00   |5,108.00 |5,116.00 |5,091.00 |5,100.00 |5,103.00  |-4.00     |-1.00     |113,830   |389,976     |5,352    |580,919.62   |0.00                   |
2019-03-21 |SR911        |5,095.00   |5,104.00 |5,106.00 |5,104.00 |5,106.00 |5,106.00  |11.00     |11.00     |502       |6,564       |-500     |2,563.21     |0.00                   |
2019-03-22 |SR001        |5,103.00   |5,096.00 |5,096.00 |5,055.00 |5,064.00 |5,070.00  |-39.00    |-33.00    |20,992    |96,408      |3,322    |106,420.80   |0.00                   |
2019-03-22 |SR003        |5,125.00   |5,068.00 |5,107.00 |5,068.00 |5,078.00 |5,086.00  |-47.00    |-39.00    |16        |12          |6        |81.37        |0.00                   |
2019-03-22 |SR905        |5,122.00   |5,105.00 |5,105.00 |4,917.00 |5,072.00 |5,066.00  |-50.00    |-56.00    |572,712   |326,696     |792      |2,901,633.98 |0.00                   |
2019-03-22 |SR907        |5,126.00   |5,064.00 |5,091.00 |5,060.00 |5,060.00 |5,070.00  |-66.00    |-56.00    |22        |3,914       |-4       |111.53       |0.00                   |
2019-03-22 |SR909        |5,103.00   |5,085.00 |5,085.00 |5,038.00 |5,059.00 |5,057.00  |-44.00    |-46.00    |295,060   |398,492     |8,516    |1,492,261.55 |0.00                   |
2019-03-22 |SR911        |5,106.00   |5,081.00 |5,081.00 |5,043.00 |5,061.00 |5,064.00  |-45.00    |-42.00    |62        |6,564       |0        |313.96       |0.00                   |
2019-03-25 |SR001        |5,070.00   |5,066.00 |5,080.00 |5,031.00 |5,039.00 |5,052.00  |-31.00    |-18.00    |10,636    |95,996      |-412     |53,728.27    |0.00                   |
2019-03-25 |SR003        |5,086.00   |5,075.00 |5,075.00 |5,075.00 |5,075.00 |5,075.00  |-11.00    |-11.00    |2         |12          |0        |10.15        |0.00                   |
2019-03-25 |SR905        |5,066.00   |5,084.00 |5,084.00 |5,024.00 |5,041.00 |5,051.00  |-25.00    |-15.00    |355,862   |324,702     |-1,994   |1,798,795.57 |0.00                   |
2019-03-25 |SR907        |5,070.00   |5,051.00 |5,051.00 |5,045.00 |5,050.00 |5,048.00  |-20.00    |-22.00    |14        |3,912       |-2       |70.67        |0.00                   |
2019-03-25 |SR909        |5,057.00   |5,060.00 |5,071.00 |5,010.00 |5,022.00 |5,036.00  |-35.00    |-21.00    |211,104   |415,196     |16,704   |1,063,160.76 |0.00                   |
2019-03-25 |SR911        |5,064.00   |5,030.00 |5,042.00 |5,022.00 |5,030.00 |5,034.00  |-34.00    |-30.00    |18        |6,570       |6        |90.60        |0.00                   |
2019-03-26 |SR001        |5,052.00   |5,030.00 |5,058.00 |5,021.00 |5,057.00 |5,042.00  |5.00      |-10.00    |8,146     |97,294      |1,298    |41,074.15    |0.00                   |
2019-03-26 |SR003        |5,075.00   |0.00     |0.00     |0.00     |0.00     |5,075.00  |0.00      |0.00      |0         |12          |0        |0.00         |0.00                   |
2019-03-26 |SR905        |5,051.00   |5,029.00 |5,059.00 |5,016.00 |5,056.00 |5,037.00  |5.00      |-14.00    |289,326   |306,676     |-18,026  |1,457,475.22 |0.00                   |
2019-03-26 |SR907        |5,048.00   |5,044.00 |5,054.00 |5,044.00 |5,054.00 |5,048.00  |6.00      |0.00      |6         |3,908       |-4       |30.29        |0.00                   |
2019-03-26 |SR909        |5,036.00   |5,011.00 |5,044.00 |5,006.00 |5,044.00 |5,025.00  |8.00      |-11.00    |178,728   |427,624     |12,428   |898,052.91   |0.00                   |
2019-03-26 |SR911        |5,034.00   |5,023.00 |5,046.00 |5,023.00 |5,043.00 |5,035.00  |9.00      |1.00      |62        |6,564       |-6       |312.17       |0.00                   |
2019-03-27 |SR001        |5,042.00   |5,055.00 |5,063.00 |5,041.00 |5,044.00 |5,051.00  |2.00      |9.00      |5,462     |97,248      |-46      |27,591.11    |0.00                   |
2019-03-27 |SR003        |5,075.00   |0.00     |0.00     |0.00     |0.00     |5,069.00  |-6.00     |-6.00     |0         |12          |0        |0.00         |0.00                   |
2019-03-27 |SR905        |5,037.00   |5,054.00 |5,065.00 |5,039.00 |5,044.00 |5,052.00  |7.00      |15.00     |195,144   |301,064     |-5,612   |985,951.41   |0.00                   |
2019-03-27 |SR907        |5,048.00   |5,070.00 |5,070.00 |5,043.00 |5,043.00 |5,057.00  |-5.00     |9.00      |4         |3,908       |0        |20.23        |0.00                   |
2019-03-27 |SR909        |5,025.00   |5,040.00 |5,050.00 |5,018.00 |5,022.00 |5,036.00  |-3.00     |11.00     |166,670   |431,118     |3,494    |839,414.80   |0.00                   |
2019-03-27 |SR911        |5,035.00   |5,050.00 |5,056.00 |5,027.00 |5,027.00 |5,047.00  |-8.00     |12.00     |60        |6,542       |-22      |302.81       |0.00                   |
2019-03-28 |SR001        |5,051.00   |5,049.00 |5,054.00 |5,020.00 |5,037.00 |5,034.00  |-14.00    |-17.00    |19,088    |95,588      |-1,660   |96,080.54    |0.00                   |
2019-03-28 |SR003        |5,069.00   |5,055.00 |5,055.00 |5,053.00 |5,053.00 |5,054.00  |-16.00    |-15.00    |4         |16          |4        |20.22        |0.00                   |
2019-03-28 |SR905        |5,052.00   |5,054.00 |5,062.00 |5,026.00 |5,035.00 |5,043.00  |-17.00    |-9.00     |222,686   |287,616     |-13,448  |1,122,981.11 |0.00                   |
2019-03-28 |SR907        |5,057.00   |5,050.00 |5,050.00 |5,050.00 |5,050.00 |5,050.00  |-7.00     |-7.00     |4         |3,908       |0        |20.20        |0.00                   |
2019-03-28 |SR909        |5,036.00   |5,030.00 |5,038.00 |4,991.00 |5,001.00 |5,008.00  |-35.00    |-28.00    |296,854   |451,638     |20,520   |1,486,764.22 |0.00                   |
2019-03-28 |SR911        |5,047.00   |5,025.00 |5,031.00 |5,006.00 |5,026.00 |5,017.00  |-21.00    |-30.00    |64        |6,550       |8        |321.11       |0.00                   |
2019-03-29 |SR001        |5,034.00   |5,031.00 |5,088.00 |5,024.00 |5,088.00 |5,057.00  |54.00     |23.00     |18,396    |94,412      |-1,176   |93,022.65    |0.00                   |
2019-03-29 |SR003        |5,054.00   |0.00     |0.00     |0.00     |0.00     |5,087.00  |33.00     |33.00     |0         |16          |0        |0.00         |0.00                   |
2019-03-29 |SR905        |5,043.00   |5,040.00 |5,079.00 |5,018.00 |5,074.00 |5,052.00  |31.00     |9.00      |173,240   |269,272     |-18,344  |875,203.48   |0.00                   |
2019-03-29 |SR907        |5,050.00   |5,057.00 |5,076.00 |5,057.00 |5,063.00 |5,066.00  |13.00     |16.00     |10        |3,904       |-4       |50.66        |0.00                   |
2019-03-29 |SR909        |5,008.00   |5,000.00 |5,049.00 |4,979.00 |5,047.00 |5,018.00  |39.00     |10.00     |315,126   |465,268     |13,630   |1,581,267.11 |0.00                   |
2019-03-29 |SR911        |5,017.00   |5,029.00 |5,063.00 |5,029.00 |5,063.00 |5,043.00  |46.00     |26.00     |14        |6,546       |-4       |70.60        |0.00                   |
2019-04-01 |SR001        |5,057.00   |5,085.00 |5,099.00 |5,061.00 |5,086.00 |5,081.00  |29.00     |24.00     |18,218    |97,464      |3,052    |92,571.06    |0.00                   |
2019-04-01 |SR003        |5,087.00   |5,099.00 |5,110.00 |5,072.00 |5,110.00 |5,095.00  |23.00     |8.00      |12        |20          |4        |61.14        |0.00                   |
2019-04-01 |SR905        |5,052.00   |5,067.00 |5,110.00 |5,058.00 |5,094.00 |5,085.00  |42.00     |33.00     |113,608   |257,006     |-12,266  |577,739.27   |0.00                   |
2019-04-01 |SR907        |5,066.00   |5,116.00 |5,116.00 |5,095.00 |5,095.00 |5,104.00  |29.00     |38.00     |10        |3,906       |2        |51.04        |0.00                   |
2019-04-01 |SR909        |5,018.00   |5,043.00 |5,075.00 |5,027.00 |5,059.00 |5,053.00  |41.00     |35.00     |316,866   |474,206     |8,938    |1,601,130.92 |0.00                   |
2019-04-01 |SR911        |5,043.00   |5,076.00 |5,078.00 |5,073.00 |5,078.00 |5,073.00  |35.00     |30.00     |1,004     |6,042       |-504     |5,093.31     |0.00                   |
2019-04-02 |SR001        |5,081.00   |5,074.00 |5,102.00 |5,064.00 |5,098.00 |5,092.00  |17.00     |11.00     |22,368    |105,210     |7,746    |113,907.05   |0.00                   |
2019-04-02 |SR003        |5,095.00   |5,128.00 |5,128.00 |5,128.00 |5,128.00 |5,128.00  |33.00     |33.00     |2         |20          |0        |10.26        |0.00                   |
2019-04-02 |SR905        |5,085.00   |5,088.00 |5,115.00 |5,073.00 |5,113.00 |5,100.00  |28.00     |15.00     |123,920   |236,162     |-20,844  |631,993.96   |0.00                   |
2019-04-02 |SR907        |5,104.00   |5,105.00 |5,133.00 |5,105.00 |5,110.00 |5,115.00  |6.00      |11.00     |14        |3,904       |-2       |71.61        |0.00                   |
2019-04-02 |SR909        |5,053.00   |5,042.00 |5,092.00 |5,036.00 |5,080.00 |5,073.00  |27.00     |20.00     |427,422   |503,422     |29,216   |2,168,225.48 |0.00                   |
2019-04-02 |SR911        |5,073.00   |5,069.00 |5,092.00 |5,069.00 |5,077.00 |5,087.00  |4.00      |14.00     |32        |6,026       |-16      |162.77       |0.00                   |
2019-04-03 |SR001        |5,092.00   |5,098.00 |5,103.00 |5,081.00 |5,096.00 |5,094.00  |4.00      |2.00      |13,666    |108,640     |3,430    |69,608.05    |0.00                   |
2019-04-03 |SR003        |5,128.00   |0.00     |0.00     |0.00     |0.00     |5,127.00  |-1.00     |-1.00     |0         |20          |0        |0.00         |0.00                   |
2019-04-03 |SR905        |5,100.00   |5,115.00 |5,122.00 |5,078.00 |5,106.00 |5,099.00  |6.00      |-1.00     |87,670    |224,280     |-11,882  |446,991.44   |0.00                   |
2019-04-03 |SR907        |5,115.00   |5,137.00 |5,138.00 |5,096.00 |5,096.00 |5,122.00  |-19.00    |7.00      |8         |3,906       |2        |40.97        |0.00                   |
2019-04-03 |SR909        |5,073.00   |5,086.00 |5,091.00 |5,053.00 |5,083.00 |5,072.00  |10.00     |-1.00     |348,112   |511,734     |8,312    |1,765,570.77 |0.00                   |
2019-04-03 |SR911        |5,087.00   |5,101.00 |5,101.00 |5,081.00 |5,093.00 |5,089.00  |6.00      |2.00      |16        |6,030       |4        |81.43        |0.00                   |
2019-04-04 |SR001        |5,094.00   |5,103.00 |5,105.00 |5,075.00 |5,087.00 |5,091.00  |-7.00     |-3.00     |16,022    |112,198     |3,558    |81,573.12    |0.00                   |
2019-04-04 |SR003        |5,127.00   |0.00     |0.00     |0.00     |0.00     |5,115.00  |-12.00    |-12.00    |0         |20          |0        |0.00         |0.00                   |
2019-04-04 |SR905        |5,099.00   |5,106.00 |5,118.00 |5,086.00 |5,104.00 |5,101.00  |5.00      |2.00      |92,484    |214,824     |-9,456   |471,775.04   |0.00                   |
2019-04-04 |SR907        |5,122.00   |5,142.00 |5,143.00 |5,100.00 |5,100.00 |5,116.00  |-22.00    |-6.00     |16        |3,908       |2        |81.85        |0.00                   |
2019-04-04 |SR909        |5,072.00   |5,078.00 |5,096.00 |5,056.00 |5,071.00 |5,075.00  |-1.00     |3.00      |433,844   |505,710     |-6,024   |2,201,694.51 |0.00                   |
2019-04-04 |SR911        |5,089.00   |5,069.00 |5,084.00 |5,069.00 |5,084.00 |5,081.00  |-5.00     |-8.00     |12        |6,022       |-8       |60.97        |0.00                   |
2019-04-08 |SR001        |5,091.00   |5,094.00 |5,125.00 |5,093.00 |5,114.00 |5,110.00  |23.00     |19.00     |19,174    |116,924     |4,726    |97,969.98    |0.00                   |
2019-04-08 |SR003        |5,115.00   |5,120.00 |5,120.00 |5,120.00 |5,120.00 |5,120.00  |5.00      |5.00      |2         |22          |2        |10.24        |0.00                   |
2019-04-08 |SR905        |5,101.00   |5,113.00 |5,141.00 |5,113.00 |5,132.00 |5,127.00  |31.00     |26.00     |65,826    |200,878     |-13,946  |337,507.62   |0.00                   |
2019-04-08 |SR907        |5,116.00   |5,132.00 |5,144.00 |5,130.00 |5,132.00 |5,136.00  |16.00     |20.00     |28        |3,898       |-10      |143.82       |0.00                   |
2019-04-08 |SR909        |5,075.00   |5,093.00 |5,120.00 |5,082.00 |5,107.00 |5,102.00  |32.00     |27.00     |322,572   |505,594     |-116     |1,645,848.32 |0.00                   |
2019-04-08 |SR911        |5,081.00   |5,094.00 |5,118.00 |5,094.00 |5,110.00 |5,111.00  |29.00     |30.00     |24        |6,016       |-6       |122.65       |0.00                   |
2019-04-09 |SR001        |5,110.00   |5,106.00 |5,112.00 |5,081.00 |5,095.00 |5,097.00  |-15.00    |-13.00    |17,928    |117,334     |410      |91,382.32    |0.00                   |
2019-04-09 |SR003        |5,120.00   |5,141.00 |5,141.00 |5,130.00 |5,130.00 |5,136.00  |10.00     |16.00     |4         |22          |0        |20.54        |0.00                   |
2019-04-09 |SR905        |5,127.00   |5,121.00 |5,128.00 |5,095.00 |5,121.00 |5,114.00  |-6.00     |-13.00    |76,512    |188,272     |-12,606  |391,314.02   |0.00                   |
2019-04-09 |SR907        |5,136.00   |5,104.00 |5,104.00 |5,103.00 |5,103.00 |5,104.00  |-33.00    |-32.00    |4         |3,898       |0        |20.41        |0.00                   |
2019-04-09 |SR909        |5,102.00   |5,097.00 |5,106.00 |5,064.00 |5,078.00 |5,086.00  |-24.00    |-16.00    |368,326   |505,830     |236      |1,873,352.19 |0.00                   |
2019-04-09 |SR911        |5,111.00   |5,122.00 |5,122.00 |5,081.00 |5,093.00 |5,102.00  |-18.00    |-9.00     |16        |6,022       |6        |81.64        |0.00                   |
2019-04-10 |SR001        |5,097.00   |5,110.00 |5,289.00 |5,106.00 |5,248.00 |5,209.00  |151.00    |112.00    |94,378    |132,604     |15,270   |491,656.64   |0.00                   |
2019-04-10 |SR003        |5,136.00   |5,177.00 |5,237.00 |5,177.00 |5,237.00 |5,211.00  |101.00    |75.00     |10        |18          |-4       |52.11        |0.00                   |
2019-04-10 |SR905        |5,114.00   |5,127.00 |5,194.00 |5,119.00 |5,191.00 |5,169.00  |77.00     |55.00     |209,084   |136,446     |-51,826  |1,080,706.09 |0.00                   |
2019-04-10 |SR907        |5,104.00   |5,175.00 |5,226.00 |5,175.00 |5,226.00 |5,211.00  |122.00    |107.00    |24        |3,898       |0        |125.07       |0.00                   |
2019-04-10 |SR909        |5,086.00   |5,090.00 |5,244.00 |5,085.00 |5,212.00 |5,177.00  |126.00    |91.00     |1,483,316 |621,798     |115,968  |7,679,666.62 |0.00                   |
2019-04-10 |SR911        |5,102.00   |5,105.00 |5,242.00 |5,105.00 |5,228.00 |5,193.00  |126.00    |91.00     |88        |6,040       |18       |457.01       |0.00                   |
2019-04-11 |SR001        |5,209.00   |5,240.00 |5,371.00 |5,232.00 |5,300.00 |5,312.00  |91.00     |103.00    |128,804   |152,414     |19,810   |684,263.41   |0.00                   |
2019-04-11 |SR003        |5,211.00   |5,312.00 |5,397.00 |5,312.00 |5,312.00 |5,361.00  |101.00    |150.00    |48        |38          |20       |257.35       |0.00                   |
2019-04-11 |SR905        |5,169.00   |5,197.00 |5,243.00 |5,173.00 |5,185.00 |5,210.00  |16.00     |41.00     |132,084   |109,660     |-26,786  |688,173.66   |0.00                   |
2019-04-11 |SR907        |5,211.00   |5,224.00 |5,265.00 |5,208.00 |5,215.00 |5,249.00  |4.00      |38.00     |284       |3,932       |34       |1,495.09     |0.00                   |
2019-04-11 |SR909        |5,177.00   |5,208.00 |5,284.00 |5,189.00 |5,220.00 |5,242.00  |43.00     |65.00     |1,597,966 |648,930     |27,132   |8,376,574.32 |0.00                   |
2019-04-11 |SR911        |5,193.00   |5,214.00 |5,295.00 |5,214.00 |5,243.00 |5,271.00  |50.00     |78.00     |130       |6,074       |34       |685.29       |0.00                   |
2019-04-12 |SR001        |5,312.00   |5,298.00 |5,343.00 |5,272.00 |5,332.00 |5,318.00  |20.00     |6.00      |78,586    |159,172     |6,758    |417,885.03   |0.00                   |
2019-04-12 |SR003        |5,361.00   |5,363.00 |5,365.00 |5,310.00 |5,330.00 |5,336.00  |-31.00    |-25.00    |10        |42          |4        |53.36        |0.00                   |
2019-04-12 |SR905        |5,210.00   |5,201.00 |5,235.00 |5,185.00 |5,214.00 |5,214.00  |4.00      |4.00      |86,104    |94,840      |-14,820  |448,911.54   |0.00                   |
2019-04-12 |SR907        |5,249.00   |5,225.00 |5,258.00 |5,210.00 |5,258.00 |5,241.00  |9.00      |-8.00     |174       |3,962       |30       |911.97       |0.00                   |
2019-04-12 |SR909        |5,242.00   |5,221.00 |5,269.00 |5,206.00 |5,258.00 |5,238.00  |16.00     |-4.00     |1,073,566 |703,072     |54,142   |5,623,765.58 |0.00                   |
2019-04-12 |SR911        |5,271.00   |5,251.00 |5,290.00 |5,251.00 |5,290.00 |5,257.00  |19.00     |-14.00    |38        |6,076       |2        |199.77       |0.00                   |
2019-04-15 |SR001        |5,318.00   |5,330.00 |5,531.00 |5,322.00 |5,531.00 |5,472.00  |213.00    |154.00    |197,254   |179,300     |20,128   |1,079,401.47 |0.00                   |
2019-04-15 |SR003        |5,336.00   |5,418.00 |5,550.00 |5,418.00 |5,526.00 |5,525.00  |190.00    |189.00    |64        |46          |4        |353.60       |0.00                   |
2019-04-15 |SR905        |5,214.00   |5,200.00 |5,370.00 |5,200.00 |5,349.00 |5,309.00  |135.00    |95.00     |142,562   |79,736      |-15,104  |756,884.44   |0.00                   |
2019-04-15 |SR907        |5,241.00   |5,270.00 |5,407.00 |5,260.00 |5,390.00 |5,374.00  |149.00    |133.00    |610       |4,146       |184      |3,185.52     |0.00                   |
2019-04-15 |SR909        |5,238.00   |5,252.00 |5,439.00 |5,246.00 |5,420.00 |5,371.00  |182.00    |133.00    |2,111,416 |797,140     |94,068   |11,340,372.61|0.00                   |
2019-04-15 |SR911        |5,257.00   |5,323.00 |5,463.00 |5,313.00 |5,446.00 |5,401.00  |189.00    |144.00    |220       |6,116       |40       |1,156.22     |0.00                   |
2019-04-16 |SR001        |5,472.00   |5,526.00 |5,555.00 |5,452.00 |5,505.00 |5,503.00  |33.00     |31.00     |259,056   |197,594     |18,294   |1,425,600.76 |0.00                   |
2019-04-16 |SR003        |5,525.00   |5,501.00 |5,565.00 |5,482.00 |5,524.00 |5,522.00  |-1.00     |-3.00     |58        |62          |16       |320.28       |0.00                   |
2019-04-16 |SR905        |5,309.00   |5,349.00 |5,356.00 |5,297.00 |5,313.00 |5,327.00  |4.00      |18.00     |58,820    |69,844      |-9,892   |313,358.83   |0.00                   |
2019-04-16 |SR907        |5,374.00   |5,398.00 |5,398.00 |5,339.00 |5,368.00 |5,365.00  |-6.00     |-9.00     |182       |4,118       |-28      |976.51       |0.00                   |
2019-04-16 |SR909        |5,371.00   |5,419.00 |5,425.00 |5,355.00 |5,378.00 |5,392.00  |7.00      |21.00     |1,711,366 |811,516     |14,376   |9,227,098.97 |0.00                   |
2019-04-16 |SR911        |5,401.00   |5,432.00 |5,445.00 |5,385.00 |5,414.00 |5,406.00  |13.00     |5.00      |64        |6,110       |-6       |345.95       |0.00                   |
2019-04-17 |SR001        |5,503.00   |5,494.00 |5,516.00 |5,458.00 |5,502.00 |5,489.00  |-1.00     |-14.00    |151,334   |202,460     |4,866    |830,704.15   |0.00                   |
2019-04-17 |SR003        |5,522.00   |5,523.00 |5,535.00 |5,493.00 |5,525.00 |5,515.00  |3.00      |-7.00     |92        |100         |38       |507.37       |0.00                   |
2019-04-17 |SR905        |5,327.00   |5,318.00 |5,328.00 |5,273.00 |5,284.00 |5,294.00  |-43.00    |-33.00    |28,572    |64,874      |-4,970   |151,249.59   |0.00                   |
2019-04-17 |SR907        |5,365.00   |5,356.00 |5,375.00 |5,318.00 |5,336.00 |5,340.00  |-29.00    |-25.00    |112       |4,126       |8        |598.11       |0.00                   |
2019-04-17 |SR909        |5,392.00   |5,375.00 |5,404.00 |5,337.00 |5,364.00 |5,366.00  |-28.00    |-26.00    |1,307,372 |789,616     |-21,900  |7,015,459.66 |0.00                   |
2019-04-17 |SR911        |5,406.00   |5,412.00 |5,418.00 |5,372.00 |5,383.00 |5,391.00  |-23.00    |-15.00    |56        |6,134       |24       |301.92       |0.00                   |
2019-04-18 |SR001        |5,489.00   |5,506.00 |5,519.00 |5,389.00 |5,416.00 |5,459.00  |-73.00    |-30.00    |172,102   |198,436     |-4,024   |939,423.57   |0.00                   |
2019-04-18 |SR003        |5,515.00   |5,541.00 |5,541.00 |5,432.00 |5,452.00 |5,464.00  |-63.00    |-51.00    |104       |92          |-8       |568.23       |0.00                   |
2019-04-18 |SR905        |5,294.00   |5,284.00 |5,305.00 |5,210.00 |5,227.00 |5,257.00  |-67.00    |-37.00    |25,472    |59,158      |-5,716   |133,902.74   |0.00                   |
2019-04-18 |SR907        |5,340.00   |5,324.00 |5,324.00 |5,248.00 |5,275.00 |5,292.00  |-65.00    |-48.00    |72        |4,098       |-28      |381.00       |0.00                   |
2019-04-18 |SR909        |5,366.00   |5,367.00 |5,386.00 |5,264.00 |5,285.00 |5,326.00  |-81.00    |-40.00    |1,484,110 |746,778     |-42,838  |7,904,704.15 |0.00                   |
2019-04-18 |SR911        |5,391.00   |5,404.00 |5,404.00 |5,325.00 |5,331.00 |5,354.00  |-60.00    |-37.00    |860       |5,728       |-406     |4,604.87     |0.00                   |
2019-04-19 |SR001        |5,459.00   |5,438.00 |5,613.00 |5,436.00 |5,532.00 |5,545.00  |73.00     |86.00     |421,160   |218,074     |19,638   |2,335,236.80 |0.00                   |
2019-04-19 |SR003        |5,464.00   |5,562.00 |5,641.00 |5,550.00 |5,550.00 |5,603.00  |86.00     |139.00    |190       |96          |4        |1,064.60     |0.00                   |
2019-04-19 |SR905        |5,257.00   |5,231.00 |5,368.00 |5,231.00 |5,266.00 |5,294.00  |9.00      |37.00     |29,668    |52,730      |-6,428   |157,055.26   |0.00                   |
2019-04-19 |SR907        |5,292.00   |5,322.00 |5,365.00 |5,307.00 |5,318.00 |5,336.00  |26.00     |44.00     |40        |4,106       |8        |213.45       |0.00                   |
2019-04-19 |SR909        |5,326.00   |5,300.00 |5,426.00 |5,300.00 |5,340.00 |5,364.00  |14.00     |38.00     |2,491,212 |749,680     |2,902    |13,363,725.20|0.00                   |
2019-04-19 |SR911        |5,354.00   |5,377.00 |5,461.00 |5,373.00 |5,387.00 |5,414.00  |33.00     |60.00     |330       |5,798       |70       |1,786.56     |0.00                   |
2019-04-22 |SR001        |5,545.00   |5,533.00 |5,583.00 |5,482.00 |5,536.00 |5,530.00  |-9.00     |-15.00    |252,812   |214,396     |-3,678   |1,397,964.13 |0.00                   |
2019-04-22 |SR003        |5,603.00   |5,556.00 |5,597.00 |5,522.00 |5,562.00 |5,568.00  |-41.00    |-35.00    |210       |176         |80       |1,169.32     |0.00                   |
2019-04-22 |SR905        |5,294.00   |5,278.00 |5,315.00 |5,254.00 |5,291.00 |5,291.00  |-3.00     |-3.00     |24,460    |43,876      |-8,854   |129,414.88   |0.00                   |
2019-04-22 |SR907        |5,336.00   |5,315.00 |5,356.00 |5,311.00 |5,311.00 |5,340.00  |-25.00    |4.00      |144       |4,108       |2        |768.91       |0.00                   |
2019-04-22 |SR909        |5,364.00   |5,350.00 |5,396.00 |5,324.00 |5,360.00 |5,354.00  |-4.00     |-10.00    |1,452,356 |736,700     |-12,980  |7,776,155.01 |0.00                   |
2019-04-22 |SR911        |5,414.00   |5,400.00 |5,435.00 |5,375.00 |5,401.00 |5,397.00  |-13.00    |-17.00    |168       |5,780       |-18      |906.76       |0.00                   |
2019-04-23 |SR001        |5,530.00   |5,541.00 |5,564.00 |5,502.00 |5,517.00 |5,530.00  |-13.00    |0.00      |156,342   |210,718     |-3,678   |864,629.75   |0.00                   |
2019-04-23 |SR003        |5,568.00   |5,585.00 |5,589.00 |5,533.00 |5,545.00 |5,563.00  |-23.00    |-5.00     |116       |178         |2        |645.36       |0.00                   |
2019-04-23 |SR905        |5,291.00   |5,305.00 |5,310.00 |5,265.00 |5,280.00 |5,287.00  |-11.00    |-4.00     |11,844    |41,086      |-2,790   |62,619.21    |0.00                   |
2019-04-23 |SR907        |5,340.00   |5,332.00 |5,362.00 |5,313.00 |5,313.00 |5,327.00  |-27.00    |-13.00    |180       |4,190       |82       |937.75       |0.00                   |
2019-04-23 |SR909        |5,354.00   |5,370.00 |5,387.00 |5,325.00 |5,343.00 |5,355.00  |-11.00    |1.00      |1,193,814 |736,444     |-256     |6,392,408.75 |0.00                   |
2019-04-23 |SR911        |5,397.00   |5,411.00 |5,425.00 |5,370.00 |5,370.00 |5,395.00  |-27.00    |-2.00     |94        |5,816       |36       |507.09       |0.00                   |
2019-04-24 |SR001        |5,530.00   |5,528.00 |5,545.00 |5,462.00 |5,524.00 |5,504.00  |-6.00     |-26.00    |175,844   |214,094     |3,376    |967,800.40   |0.00                   |
2019-04-24 |SR003        |5,563.00   |5,545.00 |5,569.00 |5,501.00 |5,548.00 |5,520.00  |-15.00    |-43.00    |84        |180         |2        |463.65       |0.00                   |
2019-04-24 |SR905        |5,287.00   |5,277.00 |5,300.00 |5,242.00 |5,275.00 |5,273.00  |-12.00    |-14.00    |10,496    |36,960      |-4,126   |55,340.73    |0.00                   |
2019-04-24 |SR907        |5,327.00   |5,320.00 |5,320.00 |5,282.00 |5,307.00 |5,314.00  |-20.00    |-13.00    |1,540     |2,680       |-1,510   |8,184.30     |0.00                   |
2019-04-24 |SR909        |5,355.00   |5,355.00 |5,370.00 |5,287.00 |5,339.00 |5,325.00  |-16.00    |-30.00    |1,432,106 |726,060     |-10,384  |7,625,442.31 |0.00                   |
2019-04-24 |SR911        |5,395.00   |5,402.00 |5,410.00 |5,340.00 |5,382.00 |5,388.00  |-13.00    |-7.00     |1,688     |4,312       |-1,504   |9,094.98     |0.00                   |
2019-04-25 |SR001        |5,504.00   |5,520.00 |5,520.00 |5,404.00 |5,407.00 |5,458.00  |-97.00    |-46.00    |242,492   |218,626     |4,532    |1,323,540.88 |0.00                   |
2019-04-25 |SR003        |5,520.00   |5,524.00 |5,524.00 |5,436.00 |5,439.00 |5,491.00  |-81.00    |-29.00    |78        |200         |20       |428.33       |0.00                   |
2019-04-25 |SR905        |5,273.00   |5,275.00 |5,281.00 |5,233.00 |5,240.00 |5,264.00  |-33.00    |-9.00     |6,660     |32,670      |-4,290   |35,060.76    |0.00                   |
2019-04-25 |SR907        |5,314.00   |5,295.00 |5,308.00 |5,265.00 |5,265.00 |5,289.00  |-49.00    |-25.00    |32        |2,688       |8        |169.25       |0.00                   |
2019-04-25 |SR909        |5,325.00   |5,333.00 |5,334.00 |5,276.00 |5,284.00 |5,312.00  |-41.00    |-13.00    |1,228,476 |694,656     |-31,404  |6,525,464.45 |0.00                   |
2019-04-25 |SR911        |5,388.00   |5,365.00 |5,371.00 |5,326.00 |5,326.00 |5,359.00  |-62.00    |-29.00    |140       |4,318       |6        |750.23       |0.00                   |
2019-04-26 |SR001        |5,458.00   |5,406.00 |5,415.00 |5,306.00 |5,315.00 |5,357.00  |-143.00   |-101.00   |283,130   |230,840     |12,214   |1,516,593.93 |0.00                   |
2019-04-26 |SR003        |5,491.00   |5,437.00 |5,437.00 |5,331.00 |5,334.00 |5,396.00  |-157.00   |-95.00    |404       |176         |-24      |2,179.94     |0.00                   |
2019-04-26 |SR905        |5,264.00   |5,241.00 |5,252.00 |5,165.00 |5,187.00 |5,212.00  |-77.00    |-52.00    |11,004    |27,116      |-5,554   |57,358.09    |0.00                   |
2019-04-26 |SR907        |5,289.00   |5,266.00 |5,266.00 |5,205.00 |5,205.00 |5,239.00  |-84.00    |-50.00    |160       |2,680       |-8       |838.25       |0.00                   |
2019-04-26 |SR909        |5,312.00   |5,288.00 |5,298.00 |5,196.00 |5,214.00 |5,252.00  |-98.00    |-60.00    |1,480,268 |667,374     |-27,282  |7,774,113.49 |0.00                   |
2019-04-26 |SR911        |5,359.00   |5,331.00 |5,337.00 |5,240.00 |5,241.00 |5,306.00  |-118.00   |-53.00    |214       |4,250       |-68      |1,135.45     |0.00                   |
2019-04-29 |SR001        |5,357.00   |5,309.00 |5,326.00 |5,275.00 |5,287.00 |5,298.00  |-70.00    |-59.00    |166,514   |231,656     |816      |882,167.92   |0.00                   |
2019-04-29 |SR003        |5,396.00   |5,338.00 |5,342.00 |5,300.00 |5,300.00 |5,319.00  |-96.00    |-77.00    |230       |226         |50       |1,223.30     |0.00                   |
2019-04-29 |SR905        |5,212.00   |5,195.00 |5,204.00 |5,162.00 |5,181.00 |5,186.00  |-31.00    |-26.00    |6,442     |22,532      |-4,584   |33,445.79    |0.00                   |
2019-04-29 |SR907        |5,239.00   |5,202.00 |5,222.00 |5,189.00 |5,199.00 |5,211.00  |-40.00    |-28.00    |2,172     |592         |-2,088   |11,318.23    |0.00                   |
2019-04-29 |SR909        |5,252.00   |5,202.00 |5,230.00 |5,190.00 |5,211.00 |5,211.00  |-41.00    |-41.00    |928,356   |645,458     |-21,916  |4,838,021.17 |0.00                   |
2019-04-29 |SR911        |5,306.00   |5,250.00 |5,259.00 |5,237.00 |5,252.00 |5,251.00  |-54.00    |-55.00    |2,180     |2,120       |-2,130   |11,446.71    |0.00                   |
2019-04-30 |SR001        |5,298.00   |5,283.00 |5,288.00 |5,151.00 |5,175.00 |5,210.00  |-123.00   |-88.00    |231,630   |217,174     |-14,482  |1,206,801.77 |0.00                   |
2019-04-30 |SR003        |5,319.00   |5,285.00 |5,287.00 |5,182.00 |5,198.00 |5,227.00  |-121.00   |-92.00    |448       |380         |154      |2,341.63     |0.00                   |
2019-04-30 |SR905        |5,186.00   |5,185.00 |5,185.00 |5,080.00 |5,085.00 |5,127.00  |-101.00   |-59.00    |8,230     |16,926      |-5,606   |42,191.97    |0.00                   |
2019-04-30 |SR907        |5,211.00   |5,150.00 |5,169.00 |5,112.00 |5,130.00 |5,132.00  |-81.00    |-79.00    |86        |550         |-42      |441.38       |0.00                   |
2019-04-30 |SR909        |5,211.00   |5,203.00 |5,211.00 |5,110.00 |5,122.00 |5,154.00  |-89.00    |-57.00    |1,248,280 |586,536     |-58,922  |6,433,860.53 |0.00                   |
2019-04-30 |SR911        |5,251.00   |5,233.00 |5,233.00 |5,142.00 |5,161.00 |5,181.00  |-90.00    |-70.00    |172       |2,110       |-10      |891.10       |0.00                   |
2019-05-06 |SR001        |5,210.00   |5,121.00 |5,155.00 |5,078.00 |5,137.00 |5,130.00  |-73.00    |-80.00    |82,716    |219,108     |1,934    |424,338.80   |0.00                   |
2019-05-06 |SR003        |5,227.00   |5,129.00 |5,174.00 |5,129.00 |5,158.00 |5,157.00  |-69.00    |-70.00    |172       |442         |62       |886.99       |0.00                   |
2019-05-06 |SR905        |5,127.00   |5,099.00 |5,099.00 |5,046.00 |5,072.00 |5,069.00  |-55.00    |-58.00    |2,956     |14,342      |-2,584   |15,016.25    |5,226.00               |
2019-05-06 |SR907        |5,132.00   |5,092.00 |5,117.00 |5,064.00 |5,081.00 |5,090.00  |-51.00    |-42.00    |36        |552         |2        |183.24       |0.00                   |
2019-05-06 |SR909        |5,154.00   |5,084.00 |5,109.00 |5,060.00 |5,092.00 |5,088.00  |-62.00    |-66.00    |452,686   |587,724     |1,188    |2,303,233.94 |0.00                   |
2019-05-06 |SR911        |5,181.00   |5,094.00 |5,129.00 |5,094.00 |5,107.00 |5,113.00  |-74.00    |-68.00    |38        |2,120       |10       |194.29       |0.00                   |
2019-05-07 |SR001        |5,130.00   |5,140.00 |5,217.00 |5,137.00 |5,208.00 |5,193.00  |78.00     |63.00     |157,952   |228,410     |9,302    |820,286.18   |0.00                   |
2019-05-07 |SR003        |5,157.00   |5,173.00 |5,227.00 |5,173.00 |5,226.00 |5,212.00  |69.00     |55.00     |122       |426         |-16      |635.86       |0.00                   |
2019-05-07 |SR905        |5,069.00   |5,104.00 |5,125.00 |5,091.00 |5,121.00 |5,112.00  |52.00     |43.00     |3,998     |12,298      |-2,044   |20,436.56    |5,212.00               |
2019-05-07 |SR907        |5,090.00   |5,101.00 |5,131.00 |5,101.00 |5,131.00 |5,117.00  |41.00     |27.00     |48        |526         |-26      |245.59       |0.00                   |
2019-05-07 |SR909        |5,088.00   |5,092.00 |5,140.00 |5,088.00 |5,138.00 |5,123.00  |50.00     |35.00     |725,702   |587,382     |-342     |3,718,132.15 |0.00                   |
2019-05-07 |SR911        |5,113.00   |5,133.00 |5,168.00 |5,129.00 |5,168.00 |5,158.00  |55.00     |45.00     |166       |2,118       |-2       |856.16       |0.00                   |
2019-05-08 |SR001        |5,193.00   |5,205.00 |5,212.00 |5,165.00 |5,176.00 |5,187.00  |-17.00    |-6.00     |101,174   |238,196     |9,786    |524,774.29   |0.00                   |
2019-05-08 |SR003        |5,212.00   |5,226.00 |5,227.00 |5,188.00 |5,197.00 |5,207.00  |-15.00    |-5.00     |140       |466         |40       |728.99       |0.00                   |
2019-05-08 |SR905        |5,112.00   |5,090.00 |5,115.00 |5,090.00 |5,101.00 |5,107.00  |-11.00    |-5.00     |1,254     |11,076      |-1,222   |6,404.78     |5,193.00               |
2019-05-08 |SR907        |5,117.00   |5,131.00 |5,134.00 |5,100.00 |5,100.00 |5,113.00  |-17.00    |-4.00     |46        |528         |2        |235.19       |0.00                   |
2019-05-08 |SR909        |5,123.00   |5,130.00 |5,145.00 |5,103.00 |5,115.00 |5,126.00  |-8.00     |3.00      |669,792   |590,146     |2,764    |3,433,453.49 |0.00                   |
2019-05-08 |SR911        |5,158.00   |5,162.00 |5,171.00 |5,147.00 |5,147.00 |5,158.00  |-11.00    |0.00      |118       |2,140       |22       |608.64       |0.00                   |
2019-05-09 |SR001        |5,187.00   |5,170.00 |5,222.00 |5,156.00 |5,193.00 |5,188.00  |6.00      |1.00      |152,730   |243,004     |4,808    |792,397.92   |0.00                   |
2019-05-09 |SR003        |5,207.00   |5,211.00 |5,241.00 |5,186.00 |5,214.00 |5,217.00  |7.00      |10.00     |318       |498         |32       |1,659.02     |0.00                   |
2019-05-09 |SR905        |5,107.00   |5,094.00 |5,110.00 |5,090.00 |5,110.00 |5,100.00  |3.00      |-7.00     |1,806     |9,278       |-1,798   |9,210.87     |5,174.00               |
2019-05-09 |SR907        |5,113.00   |5,130.00 |5,130.00 |5,092.00 |5,114.00 |5,102.00  |1.00      |-11.00    |66        |500         |-28      |336.74       |0.00                   |
2019-05-09 |SR909        |5,126.00   |5,106.00 |5,155.00 |5,101.00 |5,134.00 |5,126.00  |8.00      |0.00      |922,908   |592,554     |2,408    |4,730,962.32 |0.00                   |
2019-05-09 |SR911        |5,158.00   |5,151.00 |5,183.00 |5,140.00 |5,150.00 |5,161.00  |-8.00     |3.00      |90        |2,122       |-18      |464.45       |0.00                   |
2019-05-10 |SR001        |5,188.00   |5,204.00 |5,225.00 |5,186.00 |5,224.00 |5,205.00  |36.00     |17.00     |109,428   |241,808     |-1,196   |569,604.88   |0.00                   |
2019-05-10 |SR003        |5,217.00   |5,224.00 |5,246.00 |5,210.00 |5,245.00 |5,224.00  |28.00     |7.00      |780       |1,008       |510      |4,075.00     |0.00                   |
2019-05-10 |SR905        |5,100.00   |5,120.00 |5,139.00 |5,120.00 |5,120.00 |5,129.00  |20.00     |29.00     |296       |9,004       |-274     |1,518.11     |5,158.00               |
2019-05-10 |SR907        |5,102.00   |5,114.00 |5,152.00 |5,114.00 |5,152.00 |5,140.00  |50.00     |38.00     |42        |484         |-16      |215.88       |0.00                   |
2019-05-10 |SR909        |5,126.00   |5,142.00 |5,172.00 |5,130.00 |5,168.00 |5,152.00  |42.00     |26.00     |830,298   |573,050     |-19,504  |4,277,588.30 |0.00                   |
2019-05-10 |SR911        |5,161.00   |5,180.00 |5,195.00 |5,166.00 |5,195.00 |5,184.00  |34.00     |23.00     |138       |2,004       |-118     |715.37       |0.00                   |
2019-05-13 |SR001        |5,205.00   |5,228.00 |5,251.00 |5,192.00 |5,226.00 |5,226.00  |21.00     |21.00     |131,070   |243,556     |1,748    |684,929.49   |0.00                   |
2019-05-13 |SR003        |5,224.00   |5,251.00 |5,268.00 |5,217.00 |5,250.00 |5,253.00  |26.00     |29.00     |492       |1,170       |162      |2,584.36     |0.00                   |
2019-05-13 |SR905        |5,129.00   |5,132.00 |5,152.00 |5,130.00 |5,152.00 |5,142.00  |23.00     |13.00     |3,284     |8,076       |-928     |16,885.40    |5,145.00               |
2019-05-13 |SR907        |5,140.00   |5,150.00 |5,151.00 |5,150.00 |5,151.00 |5,150.00  |11.00     |10.00     |6         |480         |-4       |30.90        |0.00                   |
2019-05-13 |SR909        |5,152.00   |5,174.00 |5,192.00 |5,142.00 |5,170.00 |5,168.00  |18.00     |16.00     |827,700   |574,666     |1,616    |4,277,429.03 |0.00                   |
2019-05-13 |SR911        |5,184.00   |5,195.00 |5,220.00 |5,190.00 |5,203.00 |5,202.00  |19.00     |18.00     |50        |2,026       |22       |260.10       |0.00                   |
2019-05-14 |SR001        |5,226.00   |5,226.00 |5,242.00 |5,077.00 |5,124.00 |5,158.00  |-102.00   |-68.00    |234,500   |236,132     |-7,424   |1,209,629.65 |0.00                   |
2019-05-14 |SR003        |5,253.00   |5,254.00 |5,258.00 |5,118.00 |5,150.00 |5,201.00  |-103.00   |-52.00    |382       |1,352       |182      |1,986.66     |0.00                   |
2019-05-14 |SR905        |5,142.00   |5,151.00 |5,151.00 |5,030.00 |5,070.00 |5,085.00  |-72.00    |-57.00    |1,198     |7,382       |-694     |6,091.84     |5,127.00               |
2019-05-14 |SR907        |5,150.00   |5,142.00 |5,151.00 |5,011.00 |5,062.00 |5,056.00  |-88.00    |-94.00    |94        |480         |0        |475.27       |0.00                   |
2019-05-14 |SR909        |5,168.00   |5,170.00 |5,188.00 |5,026.00 |5,088.00 |5,122.00  |-80.00    |-46.00    |1,198,542 |561,792     |-12,874  |6,138,784.18 |0.00                   |
2019-05-14 |SR911        |5,202.00   |5,203.00 |5,206.00 |5,072.00 |5,094.00 |5,096.00  |-108.00   |-106.00   |186       |1,958       |-68      |947.82       |0.00                   |
2019-05-15 |SR001        |5,158.00   |5,141.00 |5,171.00 |5,130.00 |5,168.00 |5,150.00  |10.00     |-8.00     |98,894    |239,854     |3,722    |509,281.97   |0.00                   |
2019-05-15 |SR003        |5,201.00   |5,161.00 |5,193.00 |5,157.00 |5,193.00 |5,174.00  |-8.00     |-27.00    |224       |1,342       |-10      |1,158.88     |0.00                   |
2019-05-15 |SR905        |5,085.00   |5,102.00 |5,102.00 |5,070.00 |5,070.00 |5,079.00  |-15.00    |-6.00     |42        |7,384       |2        |213.32       |5,114.00               |
2019-05-15 |SR907        |5,056.00   |0.00     |0.00     |0.00     |0.00     |5,081.00  |25.00     |25.00     |0         |480         |0        |0.00         |0.00                   |
2019-05-15 |SR909        |5,122.00   |5,102.00 |5,127.00 |5,090.00 |5,118.00 |5,110.00  |-4.00     |-12.00    |503,410   |556,684     |-5,108   |2,572,451.66 |0.00                   |
2019-05-15 |SR911        |5,096.00   |5,119.00 |5,119.00 |5,104.00 |5,117.00 |5,114.00  |21.00     |18.00     |22        |1,960       |2        |112.51       |0.00                   |
2019-05-16 |SR001        |5,150.00   |5,158.00 |5,263.00 |5,158.00 |5,236.00 |5,210.00  |86.00     |60.00     |188,174   |248,206     |8,352    |980,343.33   |0.00                   |
2019-05-16 |SR003        |5,174.00   |5,189.00 |5,278.00 |5,187.00 |5,254.00 |5,232.00  |80.00     |58.00     |370       |1,298       |-44      |1,935.82     |0.00                   |
2019-05-16 |SR905        |5,079.00   |5,108.00 |5,140.00 |5,108.00 |5,140.00 |5,131.00  |61.00     |52.00     |236       |7,244       |-140     |1,210.98     |5,108.00               |
2019-05-16 |SR907        |5,081.00   |5,080.00 |5,135.00 |5,077.00 |5,132.00 |5,112.00  |51.00     |31.00     |30        |474         |-6       |153.36       |0.00                   |
2019-05-16 |SR909        |5,110.00   |5,115.00 |5,177.00 |5,108.00 |5,163.00 |5,143.00  |53.00     |33.00     |806,080   |548,110     |-8,574   |4,145,863.65 |0.00                   |
2019-05-16 |SR911        |5,114.00   |5,137.00 |5,190.00 |5,137.00 |5,179.00 |5,168.00  |65.00     |54.00     |68        |1,982       |22       |351.44       |0.00                   |
2019-05-17 |SR001        |5,210.00   |5,235.00 |5,266.00 |5,165.00 |5,170.00 |5,218.00  |-40.00    |8.00      |182,612   |254,458     |6,252    |952,938.03   |0.00                   |
2019-05-17 |SR003        |5,232.00   |5,248.00 |5,284.00 |5,188.00 |5,194.00 |5,238.00  |-38.00    |6.00      |516       |1,322       |24       |2,703.02     |0.00                   |
2019-05-17 |SR905        |5,131.00   |5,122.00 |5,138.00 |5,117.00 |5,117.00 |5,121.00  |-14.00    |-10.00    |200       |0           |-7,244   |1,024.11     |5,108.00               |
2019-05-17 |SR907        |5,112.00   |5,131.00 |5,148.00 |5,070.00 |5,070.00 |5,096.00  |-42.00    |-16.00    |48        |496         |22       |255.90       |0.00                   |
2019-05-17 |SR909        |5,143.00   |5,158.00 |5,184.00 |5,102.00 |5,109.00 |5,151.00  |-34.00    |8.00      |972,360   |562,086     |13,976   |5,008,255.16 |0.00                   |
2019-05-17 |SR911        |5,168.00   |5,178.00 |5,190.00 |5,114.00 |5,114.00 |5,175.00  |-54.00    |7.00      |134       |2,008       |26       |693.50       |0.00                   |
2019-05-20 |SR001        |5,218.00   |5,165.00 |5,187.00 |5,113.00 |5,136.00 |5,152.00  |-82.00    |-66.00    |150,932   |261,312     |6,854    |777,583.36   |0.00                   |
2019-05-20 |SR003        |5,238.00   |5,173.00 |5,198.00 |5,125.00 |5,143.00 |5,168.00  |-95.00    |-70.00    |618       |1,300       |-22      |3,193.72     |0.00                   |
2019-05-20 |SR005        |5,238.00   |5,148.00 |5,148.00 |5,090.00 |5,109.00 |5,111.00  |-129.00   |-127.00   |20,634    |13,136      |13,136   |105,464.67   |0.00                   |
2019-05-20 |SR907        |5,096.00   |5,085.00 |5,103.00 |5,043.00 |5,060.00 |5,065.00  |-36.00    |-31.00    |258       |592         |96       |1,306.87     |0.00                   |
2019-05-20 |SR909        |5,151.00   |5,107.00 |5,134.00 |5,063.00 |5,079.00 |5,099.00  |-72.00    |-52.00    |855,012   |588,784     |26,698   |4,360,207.15 |0.00                   |
2019-05-20 |SR911        |5,175.00   |5,139.00 |5,139.00 |5,080.00 |5,093.00 |5,097.00  |-82.00    |-78.00    |38        |2,018       |10       |193.69       |0.00                   |
2019-05-21 |SR001        |5,152.00   |5,149.00 |5,220.00 |5,148.00 |5,203.00 |5,185.00  |51.00     |33.00     |143,336   |256,056     |-5,256   |743,201.16   |0.00                   |
2019-05-21 |SR003        |5,168.00   |5,169.00 |5,223.00 |5,169.00 |5,198.00 |5,176.00  |30.00     |8.00      |5,464     |6,208       |4,908    |28,280.94    |0.00                   |
2019-05-21 |SR005        |5,111.00   |5,119.00 |5,170.00 |5,119.00 |5,149.00 |5,142.00  |38.00     |31.00     |9,526     |15,800      |2,664    |48,985.33    |0.00                   |
2019-05-21 |SR907        |5,065.00   |5,069.00 |5,128.00 |5,069.00 |5,114.00 |5,103.00  |49.00     |38.00     |26        |590         |-2       |132.67       |0.00                   |
2019-05-21 |SR909        |5,099.00   |5,088.00 |5,164.00 |5,083.00 |5,150.00 |5,125.00  |51.00     |26.00     |822,308   |586,096     |-2,688   |4,214,067.15 |0.00                   |
2019-05-21 |SR911        |5,097.00   |5,121.00 |5,159.00 |5,111.00 |5,154.00 |5,133.00  |57.00     |36.00     |20        |2,018       |0        |102.66       |0.00                   |
2019-05-22 |SR001        |5,185.00   |5,190.00 |5,206.00 |4,977.00 |4,977.00 |5,075.00  |-208.00   |-110.00   |477,838   |284,810     |28,754   |2,425,052.96 |0.00                   |
2019-05-22 |SR003        |5,176.00   |5,193.00 |5,201.00 |4,968.00 |4,968.00 |5,084.00  |-208.00   |-92.00    |1,352     |6,432       |224      |6,873.30     |0.00                   |
2019-05-22 |SR005        |5,142.00   |5,145.00 |5,150.00 |4,936.00 |4,936.00 |4,996.00  |-206.00   |-146.00   |62,116    |36,276      |20,476   |310,329.73   |0.00                   |
2019-05-22 |SR907        |5,103.00   |5,096.00 |5,111.00 |4,900.00 |4,960.00 |4,961.00  |-143.00   |-142.00   |184       |590         |0        |912.79       |0.00                   |
2019-05-22 |SR909        |5,125.00   |5,140.00 |5,150.00 |4,920.00 |4,938.00 |5,021.00  |-187.00   |-104.00   |2,310,010 |601,362     |15,266   |11,598,626.82|0.00                   |
2019-05-22 |SR911        |5,133.00   |5,115.00 |5,115.00 |4,927.00 |4,951.00 |4,980.00  |-182.00   |-153.00   |338       |2,056       |38       |1,683.35     |0.00                   |
2019-05-23 |SR001        |5,075.00   |4,950.00 |4,971.00 |4,830.00 |4,890.00 |4,926.00  |-185.00   |-149.00   |527,268   |260,166     |-24,644  |2,597,269.82 |0.00                   |
2019-05-23 |SR003        |5,084.00   |4,914.00 |4,950.00 |4,829.00 |4,874.00 |4,906.00  |-210.00   |-178.00   |1,240     |6,352       |-80      |6,083.72     |0.00                   |
2019-05-23 |SR005        |4,996.00   |4,820.00 |4,840.00 |4,704.00 |4,764.00 |4,781.00  |-232.00   |-215.00   |125,770   |71,962      |35,686   |601,347.79   |0.00                   |
2019-05-23 |SR907        |4,961.00   |4,962.00 |4,965.00 |4,868.00 |4,925.00 |4,902.00  |-36.00    |-59.00    |330       |590         |0        |1,617.61     |0.00                   |
2019-05-23 |SR909        |5,021.00   |4,939.00 |4,998.00 |4,874.00 |4,931.00 |4,946.00  |-90.00    |-75.00    |1,554,114 |586,938     |-14,424  |7,685,898.76 |0.00                   |
2019-05-23 |SR911        |4,980.00   |4,959.00 |4,968.00 |4,865.00 |4,920.00 |4,933.00  |-60.00    |-47.00    |718       |2,314       |258      |3,541.98     |0.00                   |
2019-05-24 |SR001        |4,926.00   |4,890.00 |4,958.00 |4,888.00 |4,929.00 |4,926.00  |3.00      |0.00      |127,440   |261,156     |990      |627,769.72   |0.00                   |
2019-05-24 |SR003        |4,906.00   |4,912.00 |4,937.00 |4,905.00 |4,912.00 |4,923.00  |6.00      |17.00     |286       |6,374       |22       |1,408.08     |0.00                   |
2019-05-24 |SR005        |4,781.00   |4,756.00 |4,827.00 |4,756.00 |4,786.00 |4,792.00  |5.00      |11.00     |40,146    |80,734      |8,772    |192,373.68   |0.00                   |
2019-05-24 |SR907        |4,902.00   |4,905.00 |4,976.00 |4,905.00 |4,970.00 |4,961.00  |68.00     |59.00     |106       |542         |-48      |525.81       |0.00                   |
2019-05-24 |SR909        |4,946.00   |4,928.00 |4,983.00 |4,926.00 |4,963.00 |4,959.00  |17.00     |13.00     |688,908   |573,318     |-13,620  |3,416,182.65 |0.00                   |
2019-05-24 |SR911        |4,933.00   |4,922.00 |4,971.00 |4,922.00 |4,960.00 |4,959.00  |27.00     |26.00     |278       |2,184       |-130     |1,378.56     |0.00                   |
2019-05-27 |SR001        |4,926.00   |4,933.00 |4,969.00 |4,790.00 |4,850.00 |4,872.00  |-76.00    |-54.00    |278,984   |272,022     |10,866   |1,359,113.25 |0.00                   |
2019-05-27 |SR003        |4,923.00   |4,924.00 |4,941.00 |4,778.00 |4,829.00 |4,852.00  |-94.00    |-71.00    |324       |6,364       |-10      |1,572.10     |0.00                   |
2019-05-27 |SR005        |4,792.00   |4,775.00 |4,819.00 |4,648.00 |4,718.00 |4,727.00  |-74.00    |-65.00    |95,906    |93,762      |13,028   |453,377.86   |0.00                   |
2019-05-27 |SR907        |4,961.00   |4,979.00 |5,062.00 |4,932.00 |4,939.00 |4,983.00  |-22.00    |22.00     |2,810     |598         |56       |14,217.46    |0.00                   |
2019-05-27 |SR909        |4,959.00   |4,967.00 |5,036.00 |4,912.00 |4,949.00 |4,969.00  |-10.00    |10.00     |1,259,384 |577,144     |3,826    |6,258,195.61 |0.00                   |
2019-05-27 |SR911        |4,959.00   |4,971.00 |5,032.00 |4,926.00 |4,939.00 |4,968.00  |-20.00    |9.00      |280       |2,176       |-8       |1,391.03     |0.00                   |
2019-05-28 |SR001        |4,872.00   |4,845.00 |4,905.00 |4,840.00 |4,900.00 |4,878.00  |28.00     |6.00      |113,826   |266,330     |-5,692   |555,195.32   |0.00                   |
2019-05-28 |SR003        |4,852.00   |4,851.00 |4,885.00 |4,835.00 |4,885.00 |4,865.00  |33.00     |13.00     |116       |6,320       |-44      |564.35       |0.00                   |
2019-05-28 |SR005        |4,727.00   |4,712.00 |4,778.00 |4,710.00 |4,774.00 |4,747.00  |47.00     |20.00     |37,736    |92,584      |-1,178   |179,141.11   |0.00                   |
2019-05-28 |SR907        |4,983.00   |4,935.00 |4,997.00 |4,925.00 |4,960.00 |4,955.00  |-23.00    |-28.00    |214       |488         |-110     |1,060.31     |0.00                   |
2019-05-28 |SR909        |4,969.00   |4,945.00 |4,969.00 |4,935.00 |4,950.00 |4,953.00  |-19.00    |-16.00    |576,904   |586,752     |9,608    |2,857,531.31 |0.00                   |
2019-05-28 |SR911        |4,968.00   |4,955.00 |4,955.00 |4,909.00 |4,943.00 |4,932.00  |-25.00    |-36.00    |564       |2,340       |164      |2,781.40     |0.00                   |
2019-05-29 |SR001        |4,878.00   |4,914.00 |4,973.00 |4,888.00 |4,943.00 |4,927.00  |65.00     |49.00     |124,912   |266,090     |-240     |615,419.80   |0.00                   |
2019-05-29 |SR003        |4,865.00   |4,895.00 |4,954.00 |4,889.00 |4,929.00 |4,916.00  |64.00     |51.00     |100       |6,326       |6        |491.58       |0.00                   |
2019-05-29 |SR005        |4,747.00   |4,780.00 |4,850.00 |4,766.00 |4,816.00 |4,801.00  |69.00     |54.00     |47,412    |97,594      |5,010    |227,604.10   |0.00                   |
2019-05-29 |SR907        |4,955.00   |4,948.00 |5,007.00 |4,948.00 |4,995.00 |4,989.00  |40.00     |34.00     |58        |476         |-12      |289.37       |0.00                   |
2019-05-29 |SR909        |4,953.00   |4,957.00 |4,994.00 |4,932.00 |4,974.00 |4,963.00  |21.00     |10.00     |746,422   |598,062     |11,310   |3,704,413.17 |0.00                   |
2019-05-29 |SR911        |4,932.00   |4,958.00 |4,980.00 |4,935.00 |4,975.00 |4,962.00  |43.00     |30.00     |106       |2,338       |-2       |525.97       |0.00                   |
2019-05-30 |SR001        |4,927.00   |4,945.00 |4,966.00 |4,898.00 |4,930.00 |4,933.00  |3.00      |6.00      |125,862   |269,778     |3,688    |620,830.52   |0.00                   |
2019-05-30 |SR003        |4,916.00   |4,937.00 |4,953.00 |4,892.00 |4,925.00 |4,921.00  |9.00      |5.00      |108       |6,316       |-10      |531.49       |0.00                   |
2019-05-30 |SR005        |4,801.00   |4,818.00 |4,847.00 |4,777.00 |4,805.00 |4,807.00  |4.00      |6.00      |41,930    |98,550      |956      |201,561.85   |0.00                   |
2019-05-30 |SR907        |4,989.00   |5,008.00 |5,008.00 |4,970.00 |4,975.00 |4,989.00  |-14.00    |0.00      |22        |478         |2        |109.76       |0.00                   |
2019-05-30 |SR909        |4,963.00   |4,968.00 |4,988.00 |4,936.00 |4,946.00 |4,963.00  |-17.00    |0.00      |638,304   |604,088     |6,026    |3,167,875.73 |0.00                   |
2019-05-30 |SR911        |4,962.00   |4,967.00 |4,984.00 |4,930.00 |4,933.00 |4,946.00  |-29.00    |-16.00    |362       |2,378       |40       |1,790.40     |0.00                   |
2019-05-31 |SR001        |4,933.00   |4,923.00 |4,954.00 |4,912.00 |4,940.00 |4,937.00  |7.00      |4.00      |87,838    |270,876     |1,098    |433,650.07   |0.00                   |
2019-05-31 |SR003        |4,921.00   |4,925.00 |4,938.00 |4,914.00 |4,935.00 |4,929.00  |14.00     |8.00      |56        |6,314       |-2       |276.03       |0.00                   |
2019-05-31 |SR005        |4,807.00   |4,807.00 |4,820.00 |4,785.00 |4,814.00 |4,807.00  |7.00      |0.00      |21,490    |95,346      |-3,204   |103,304.90   |0.00                   |
2019-05-31 |SR907        |4,989.00   |4,978.00 |4,981.00 |4,963.00 |4,981.00 |4,977.00  |-8.00     |-12.00    |14        |476         |-2       |69.68        |0.00                   |
2019-05-31 |SR909        |4,963.00   |4,950.00 |4,974.00 |4,925.00 |4,943.00 |4,951.00  |-20.00    |-12.00    |592,912   |586,874     |-17,214  |2,935,256.58 |0.00                   |
2019-05-31 |SR911        |4,946.00   |4,939.00 |4,950.00 |4,920.00 |4,939.00 |4,941.00  |-7.00     |-5.00     |176       |2,372       |-6       |869.62       |0.00                   |
2019-06-03 |SR001        |4,937.00   |4,940.00 |4,994.00 |4,919.00 |4,972.00 |4,968.00  |35.00     |31.00     |152,466   |267,250     |-3,626   |757,392.83   |0.00                   |
2019-06-03 |SR003        |4,929.00   |4,929.00 |4,979.00 |4,929.00 |4,956.00 |4,962.00  |27.00     |33.00     |202       |6,300       |-14      |1,002.27     |0.00                   |
2019-06-03 |SR005        |4,807.00   |4,809.00 |4,859.00 |4,793.00 |4,830.00 |4,828.00  |23.00     |21.00     |29,162    |93,190      |-2,156   |140,805.94   |0.00                   |
2019-06-03 |SR907        |4,977.00   |4,969.00 |5,008.00 |4,969.00 |4,980.00 |4,988.00  |3.00      |11.00     |26        |474         |-2       |129.69       |0.00                   |
2019-06-03 |SR909        |4,951.00   |4,943.00 |4,987.00 |4,910.00 |4,960.00 |4,956.00  |9.00      |5.00      |789,554   |565,156     |-21,718  |3,913,239.63 |0.00                   |
2019-06-03 |SR911        |4,941.00   |4,923.00 |4,975.00 |4,916.00 |4,951.00 |4,953.00  |10.00     |12.00     |3,134     |3,032       |660      |15,522.89    |0.00                   |
2019-06-04 |SR001        |4,968.00   |4,973.00 |5,078.00 |4,909.00 |5,051.00 |4,994.00  |83.00     |26.00     |240,186   |270,276     |3,026    |1,199,552.20 |0.00                   |
2019-06-04 |SR003        |4,962.00   |4,926.00 |5,063.00 |4,904.00 |5,040.00 |4,988.00  |78.00     |26.00     |248       |6,250       |-50      |1,236.93     |0.00                   |
2019-06-04 |SR005        |4,828.00   |4,830.00 |4,950.00 |4,790.00 |4,918.00 |4,869.00  |90.00     |41.00     |50,950    |94,326      |1,136    |248,089.92   |0.00                   |
2019-06-04 |SR907        |4,988.00   |5,068.00 |5,070.00 |4,951.00 |5,065.00 |5,044.00  |77.00     |56.00     |86        |466         |-8       |433.74       |0.00                   |
2019-06-04 |SR909        |4,956.00   |4,967.00 |5,056.00 |4,904.00 |5,025.00 |4,974.00  |69.00     |18.00     |1,352,176 |579,048     |13,892   |6,726,237.92 |0.00                   |
2019-06-04 |SR911        |4,953.00   |4,946.00 |5,041.00 |4,901.00 |5,009.00 |4,939.00  |56.00     |-14.00    |15,100    |10,728      |7,696    |74,581.97    |0.00                   |
2019-06-05 |SR001        |4,994.00   |5,047.00 |5,093.00 |5,018.00 |5,044.00 |5,056.00  |50.00     |62.00     |161,598   |267,824     |-2,452   |817,099.50   |0.00                   |
2019-06-05 |SR003        |4,988.00   |5,037.00 |5,075.00 |5,008.00 |5,042.00 |5,045.00  |54.00     |57.00     |332       |6,246       |-4       |1,675.04     |0.00                   |
2019-06-05 |SR005        |4,869.00   |4,902.00 |4,947.00 |4,880.00 |4,905.00 |4,914.00  |36.00     |45.00     |41,200    |99,408      |5,082    |202,447.85   |0.00                   |
2019-06-05 |SR907        |5,044.00   |5,048.00 |5,088.00 |5,030.00 |5,030.00 |5,058.00  |-14.00    |14.00     |348       |440         |-26      |1,760.09     |0.00                   |
2019-06-05 |SR909        |4,974.00   |5,019.00 |5,083.00 |5,009.00 |5,029.00 |5,045.00  |55.00     |71.00     |992,312   |568,578     |-10,470  |5,005,878.43 |0.00                   |
2019-06-05 |SR911        |4,939.00   |5,015.00 |5,066.00 |4,998.00 |5,012.00 |5,032.00  |73.00     |93.00     |10,100    |14,696      |3,968    |50,819.77    |0.00                   |
2019-06-06 |SR001        |5,056.00   |5,040.00 |5,071.00 |4,966.00 |5,000.00 |5,005.00  |-56.00    |-51.00    |196,720   |260,410     |-7,414   |984,646.82   |0.00                   |
2019-06-06 |SR003        |5,045.00   |5,043.00 |5,055.00 |4,962.00 |4,992.00 |5,000.00  |-53.00    |-45.00    |236       |6,292       |46       |1,180.06     |0.00                   |
2019-06-06 |SR005        |4,914.00   |4,906.00 |4,927.00 |4,845.00 |4,878.00 |4,876.00  |-36.00    |-38.00    |39,780    |98,204      |-1,204   |193,955.57   |0.00                   |
2019-06-06 |SR907        |5,058.00   |5,062.00 |5,062.00 |4,955.00 |4,984.00 |4,990.00  |-74.00    |-68.00    |42        |428         |-12      |209.59       |0.00                   |
2019-06-06 |SR909        |5,045.00   |5,038.00 |5,063.00 |4,953.00 |4,979.00 |5,002.00  |-66.00    |-43.00    |1,012,018 |543,414     |-25,164  |5,062,330.09 |0.00                   |
2019-06-06 |SR911        |5,032.00   |5,011.00 |5,039.00 |4,938.00 |4,961.00 |4,974.00  |-71.00    |-58.00    |15,626    |15,366      |670      |77,727.71    |0.00                   |
2019-06-10 |SR001        |5,005.00   |5,022.00 |5,068.00 |5,022.00 |5,043.00 |5,050.00  |38.00     |45.00     |67,184    |261,268     |858      |339,292.68   |0.00                   |
2019-06-10 |SR003        |5,000.00   |5,034.00 |5,053.00 |5,026.00 |5,032.00 |5,036.00  |32.00     |36.00     |118       |6,338       |46       |594.22       |0.00                   |
2019-06-10 |SR005        |4,876.00   |4,917.00 |4,939.00 |4,902.00 |4,922.00 |4,922.00  |46.00     |46.00     |14,164    |97,962      |-242     |69,718.78    |0.00                   |
2019-06-10 |SR907        |4,990.00   |5,009.00 |5,082.00 |5,009.00 |5,025.00 |5,041.00  |35.00     |51.00     |10        |428         |0        |50.41        |0.00                   |
2019-06-10 |SR909        |5,002.00   |5,005.00 |5,052.00 |5,000.00 |5,030.00 |5,030.00  |28.00     |28.00     |394,618   |546,228     |2,814    |1,985,100.84 |0.00                   |
2019-06-10 |SR911        |4,974.00   |4,988.00 |5,032.00 |4,988.00 |5,009.00 |5,018.00  |35.00     |44.00     |12,642    |14,480      |-886     |63,431.36    |0.00                   |
2019-06-11 |SR001        |5,050.00   |5,038.00 |5,086.00 |5,024.00 |5,057.00 |5,053.00  |7.00      |3.00      |97,814    |264,630     |3,362    |494,207.85   |0.00                   |
2019-06-11 |SR003        |5,036.00   |5,029.00 |5,070.00 |5,019.00 |5,043.00 |5,044.00  |7.00      |8.00      |194       |6,342       |4        |978.58       |0.00                   |
2019-06-11 |SR005        |4,922.00   |4,922.00 |4,960.00 |4,907.00 |4,941.00 |4,935.00  |19.00     |13.00     |20,752    |96,952      |-1,010   |102,401.75   |0.00                   |
2019-06-11 |SR907        |5,041.00   |5,036.00 |5,036.00 |5,036.00 |5,036.00 |5,036.00  |-5.00     |-5.00     |2         |428         |0        |10.07        |0.00                   |
2019-06-11 |SR909        |5,030.00   |5,021.00 |5,065.00 |5,009.00 |5,037.00 |5,037.00  |7.00      |7.00      |681,606   |546,858     |630      |3,433,238.60 |0.00                   |
2019-06-11 |SR911        |5,018.00   |5,008.00 |5,042.00 |4,991.00 |5,016.00 |5,017.00  |-2.00     |-1.00     |9,884     |15,772      |1,292    |49,592.27    |0.00                   |
2019-06-12 |SR001        |5,053.00   |5,050.00 |5,069.00 |5,024.00 |5,062.00 |5,050.00  |9.00      |-3.00     |99,862    |261,900     |-2,730   |504,275.05   |0.00                   |
2019-06-12 |SR003        |5,044.00   |5,036.00 |5,053.00 |5,022.00 |5,052.00 |5,038.00  |8.00      |-6.00     |252       |6,318       |-24      |1,269.49     |0.00                   |
2019-06-12 |SR005        |4,935.00   |4,935.00 |4,956.00 |4,923.00 |4,950.00 |4,941.00  |15.00     |6.00      |25,534    |99,332      |2,380    |126,168.13   |0.00                   |
2019-06-12 |SR907        |5,036.00   |5,056.00 |5,056.00 |5,012.00 |5,025.00 |5,031.00  |-11.00    |-5.00     |10        |428         |0        |50.31        |0.00                   |
2019-06-12 |SR909        |5,037.00   |5,037.00 |5,069.00 |5,019.00 |5,061.00 |5,044.00  |24.00     |7.00      |768,156   |551,916     |5,058    |3,874,307.81 |0.00                   |
2019-06-12 |SR911        |5,017.00   |5,016.00 |5,046.00 |4,997.00 |5,037.00 |5,021.00  |20.00     |4.00      |14,206    |17,118      |1,346    |71,335.29    |0.00                   |
2019-06-13 |SR001        |5,050.00   |5,066.00 |5,175.00 |5,048.00 |5,161.00 |5,127.00  |111.00    |77.00     |184,218   |255,110     |-6,790   |944,466.61   |0.00                   |
2019-06-13 |SR003        |5,038.00   |5,049.00 |5,155.00 |5,042.00 |5,146.00 |5,104.00  |108.00    |66.00     |352       |6,172       |-146     |1,796.66     |0.00                   |
2019-06-13 |SR005        |4,941.00   |4,957.00 |5,049.00 |4,939.00 |5,035.00 |5,005.00  |94.00     |64.00     |35,072    |99,216      |-116     |175,537.92   |0.00                   |
2019-06-13 |SR907        |5,031.00   |5,043.00 |5,133.00 |5,023.00 |5,115.00 |5,085.00  |84.00     |54.00     |122       |516         |88       |620.38       |0.00                   |
2019-06-13 |SR909        |5,044.00   |5,071.00 |5,160.00 |5,045.00 |5,156.00 |5,105.00  |112.00    |61.00     |1,092,394 |557,540     |5,624    |5,576,807.80 |0.00                   |
2019-06-13 |SR911        |5,021.00   |5,038.00 |5,140.00 |5,025.00 |5,139.00 |5,086.00  |118.00    |65.00     |18,426    |18,816      |1,698    |93,723.18    |0.00                   |
2019-06-14 |SR001        |5,127.00   |5,170.00 |5,178.00 |5,134.00 |5,151.00 |5,154.00  |24.00     |27.00     |113,126   |264,540     |9,430    |583,106.12   |0.00                   |
2019-06-14 |SR003        |5,104.00   |5,155.00 |5,156.00 |5,122.00 |5,139.00 |5,142.00  |35.00     |38.00     |158       |6,164       |-8       |812.44       |0.00                   |
2019-06-14 |SR005        |5,005.00   |5,038.00 |5,044.00 |4,995.00 |5,004.00 |5,013.00  |-1.00     |8.00      |24,936    |102,324     |3,108    |124,996.59   |0.00                   |
2019-06-14 |SR907        |5,085.00   |5,134.00 |5,147.00 |5,117.00 |5,132.00 |5,135.00  |47.00     |50.00     |80        |504         |-12      |410.81       |0.00                   |
2019-06-14 |SR909        |5,105.00   |5,159.00 |5,162.00 |5,120.00 |5,137.00 |5,139.00  |32.00     |34.00     |586,410   |544,364     |-13,176  |3,013,316.04 |0.00                   |
2019-06-14 |SR911        |5,086.00   |5,138.00 |5,139.00 |5,103.00 |5,120.00 |5,118.00  |34.00     |32.00     |13,610    |21,136      |2,320    |69,658.72    |0.00                   |
2019-06-17 |SR001        |5,154.00   |5,151.00 |5,167.00 |5,082.00 |5,097.00 |5,112.00  |-57.00    |-42.00    |145,034   |275,766     |11,226   |741,446.85   |0.00                   |
2019-06-17 |SR003        |5,142.00   |5,149.00 |5,149.00 |5,073.00 |5,073.00 |5,094.00  |-69.00    |-48.00    |202       |6,196       |32       |1,028.91     |0.00                   |
2019-06-17 |SR005        |5,013.00   |5,010.00 |5,020.00 |4,914.00 |4,938.00 |4,963.00  |-75.00    |-50.00    |36,736    |103,758     |1,434    |182,314.15   |0.00                   |
2019-06-17 |SR907        |5,135.00   |5,091.00 |5,128.00 |5,090.00 |5,095.00 |5,099.00  |-40.00    |-36.00    |12        |504         |0        |61.19        |0.00                   |
2019-06-17 |SR909        |5,139.00   |5,132.00 |5,153.00 |5,074.00 |5,095.00 |5,106.00  |-44.00    |-33.00    |681,754   |535,694     |-8,670   |3,481,274.16 |0.00                   |
2019-06-17 |SR911        |5,118.00   |5,119.00 |5,128.00 |5,057.00 |5,077.00 |5,090.00  |-41.00    |-28.00    |17,456    |23,868      |2,732    |88,842.91    |0.00                   |
2019-06-18 |SR001        |5,112.00   |5,094.00 |5,113.00 |5,078.00 |5,082.00 |5,094.00  |-30.00    |-18.00    |95,944    |277,592     |1,826    |488,724.76   |0.00                   |
2019-06-18 |SR003        |5,094.00   |5,085.00 |5,091.00 |5,076.00 |5,076.00 |5,082.00  |-18.00    |-12.00    |10        |6,198       |2        |50.82        |0.00                   |
2019-06-18 |SR005        |4,963.00   |4,931.00 |4,950.00 |4,917.00 |4,925.00 |4,932.00  |-38.00    |-31.00    |18,538    |102,356     |-1,402   |91,434.40    |0.00                   |
2019-06-18 |SR907        |5,099.00   |5,075.00 |5,103.00 |5,050.00 |5,099.00 |5,070.00  |0.00      |-29.00    |42        |504         |0        |212.94       |0.00                   |
2019-06-18 |SR909        |5,106.00   |5,095.00 |5,118.00 |5,084.00 |5,095.00 |5,102.00  |-11.00    |-4.00     |533,790   |533,356     |-2,338   |2,723,662.57 |0.00                   |
2019-06-18 |SR911        |5,090.00   |5,076.00 |5,098.00 |5,067.00 |5,080.00 |5,085.00  |-10.00    |-5.00     |14,212    |22,452      |-1,416   |72,269.95    |0.00                   |
2019-06-19 |SR001        |5,094.00   |5,080.00 |5,117.00 |5,070.00 |5,112.00 |5,097.00  |18.00     |3.00      |111,018   |282,934     |5,342    |565,883.15   |0.00                   |
2019-06-19 |SR003        |5,082.00   |5,086.00 |5,086.00 |5,082.00 |5,083.00 |5,084.00  |1.00      |2.00      |8         |6,202       |4        |40.67        |0.00                   |
2019-06-19 |SR005        |4,932.00   |4,925.00 |4,957.00 |4,915.00 |4,950.00 |4,939.00  |18.00     |7.00      |16,504    |103,020     |664      |81,518.71    |0.00                   |
2019-06-19 |SR907        |5,070.00   |5,088.00 |5,100.00 |5,085.00 |5,094.00 |5,092.00  |24.00     |22.00     |24        |494         |-10      |122.21       |0.00                   |
2019-06-19 |SR909        |5,102.00   |5,088.00 |5,138.00 |5,078.00 |5,121.00 |5,115.00  |19.00     |13.00     |743,186   |549,560     |16,204   |3,801,731.25 |0.00                   |
2019-06-19 |SR911        |5,085.00   |5,070.00 |5,118.00 |5,060.00 |5,101.00 |5,097.00  |16.00     |12.00     |21,774    |24,170      |1,718    |110,992.58   |0.00                   |
2019-06-20 |SR001        |5,097.00   |5,097.00 |5,114.00 |5,080.00 |5,110.00 |5,094.00  |13.00     |-3.00     |82,048    |279,430     |-3,504   |417,992.33   |0.00                   |
2019-06-20 |SR003        |5,084.00   |5,068.00 |5,083.00 |5,066.00 |5,083.00 |5,078.00  |-1.00     |-6.00     |60        |6,198       |-4       |304.69       |0.00                   |
2019-06-20 |SR005        |4,939.00   |4,941.00 |4,966.00 |4,930.00 |4,963.00 |4,945.00  |24.00     |6.00      |15,112    |101,322     |-1,698   |74,721.38    |0.00                   |
2019-06-20 |SR907        |5,092.00   |5,078.00 |5,078.00 |5,030.00 |5,030.00 |5,046.00  |-62.00    |-46.00    |6         |494         |0        |30.28        |0.00                   |
2019-06-20 |SR909        |5,115.00   |5,110.00 |5,129.00 |5,093.00 |5,128.00 |5,109.00  |13.00     |-6.00     |490,294   |550,504     |944      |2,504,870.28 |0.00                   |
2019-06-20 |SR911        |5,097.00   |5,089.00 |5,108.00 |5,075.00 |5,107.00 |5,089.00  |10.00     |-8.00     |14,144    |21,316      |-2,854   |71,974.99    |0.00                   |
2019-06-21 |SR001        |5,094.00   |5,108.00 |5,129.00 |5,036.00 |5,069.00 |5,070.00  |-25.00    |-24.00    |127,060   |281,064     |1,634    |644,255.56   |0.00                   |
2019-06-21 |SR003        |5,078.00   |5,089.00 |5,089.00 |5,024.00 |5,055.00 |5,046.00  |-23.00    |-32.00    |194       |6,218       |20       |978.94       |0.00                   |
2019-06-21 |SR005        |4,945.00   |4,976.00 |4,976.00 |4,903.00 |4,935.00 |4,933.00  |-10.00    |-12.00    |22,966    |102,350     |1,028    |113,282.69   |0.00                   |
2019-06-21 |SR907        |5,046.00   |5,095.00 |5,129.00 |5,079.00 |5,088.00 |5,101.00  |42.00     |55.00     |32        |492         |-2       |163.24       |0.00                   |
2019-06-21 |SR909        |5,109.00   |5,126.00 |5,151.00 |5,036.00 |5,057.00 |5,081.00  |-52.00    |-28.00    |734,730   |499,738     |-50,766  |3,733,142.07 |0.00                   |
2019-06-21 |SR911        |5,089.00   |5,127.00 |5,127.00 |5,019.00 |5,040.00 |5,052.00  |-49.00    |-37.00    |14,058    |19,620      |-1,696   |71,020.68    |0.00                   |
2019-06-24 |SR001        |5,070.00   |5,079.00 |5,079.00 |5,016.00 |5,031.00 |5,046.00  |-39.00    |-24.00    |87,760    |282,648     |1,584    |442,807.04   |0.00                   |
2019-06-24 |SR003        |5,046.00   |5,056.00 |5,056.00 |5,014.00 |5,017.00 |5,027.00  |-29.00    |-19.00    |50        |6,226       |8        |251.37       |0.00                   |
2019-06-24 |SR005        |4,933.00   |4,940.00 |4,945.00 |4,895.00 |4,905.00 |4,918.00  |-28.00    |-15.00    |15,276    |102,140     |-210     |75,122.84    |0.00                   |
2019-06-24 |SR907        |5,101.00   |5,019.00 |5,030.00 |4,977.00 |4,977.00 |5,015.00  |-124.00   |-86.00    |38        |458         |-34      |190.58       |0.00                   |
2019-06-24 |SR909        |5,081.00   |5,067.00 |5,075.00 |5,006.00 |5,011.00 |5,036.00  |-70.00    |-45.00    |450,486   |498,746     |-992     |2,268,685.37 |0.00                   |
2019-06-24 |SR911        |5,052.00   |5,048.00 |5,060.00 |5,000.00 |5,003.00 |5,028.00  |-49.00    |-24.00    |8,584     |21,656      |2,036    |43,164.22    |0.00                   |
2019-06-25 |SR001        |5,046.00   |5,037.00 |5,054.00 |5,028.00 |5,044.00 |5,040.00  |-2.00     |-6.00     |62,080    |288,660     |6,012    |312,872.00   |0.00                   |
2019-06-25 |SR003        |5,027.00   |5,027.00 |5,041.00 |5,023.00 |5,030.00 |5,029.00  |3.00      |2.00      |78        |6,228       |2        |392.26       |0.00                   |
2019-06-25 |SR005        |4,918.00   |4,909.00 |4,932.00 |4,900.00 |4,920.00 |4,918.00  |2.00      |0.00      |12,978    |101,852     |-288     |63,826.92    |0.00                   |
2019-06-25 |SR907        |5,015.00   |4,926.00 |5,015.00 |4,926.00 |5,015.00 |4,998.00  |0.00      |-17.00    |12        |458         |0        |59.98        |0.00                   |
2019-06-25 |SR909        |5,036.00   |5,016.00 |5,034.00 |5,003.00 |5,020.00 |5,018.00  |-16.00    |-18.00    |357,936   |502,376     |3,630    |1,796,206.86 |0.00                   |
2019-06-25 |SR911        |5,028.00   |5,000.00 |5,022.00 |4,997.00 |5,008.00 |5,009.00  |-20.00    |-19.00    |6,446     |21,934      |278      |32,289.49    |0.00                   |
2019-06-26 |SR001        |5,040.00   |5,043.00 |5,064.00 |5,001.00 |5,016.00 |5,029.00  |-24.00    |-11.00    |97,584    |295,550     |6,890    |490,733.98   |0.00                   |
2019-06-26 |SR003        |5,029.00   |5,037.00 |5,045.00 |4,992.00 |4,999.00 |5,001.00  |-30.00    |-28.00    |282       |6,436       |208      |1,410.28     |0.00                   |
2019-06-26 |SR005        |4,918.00   |4,929.00 |4,938.00 |4,888.00 |4,898.00 |4,908.00  |-20.00    |-10.00    |17,214    |101,906     |54       |84,493.82    |0.00                   |
2019-06-26 |SR907        |4,998.00   |4,931.00 |4,931.00 |4,931.00 |4,931.00 |4,931.00  |-67.00    |-67.00    |2         |456         |-2       |9.86         |0.00                   |
2019-06-26 |SR909        |5,018.00   |5,025.00 |5,043.00 |4,981.00 |4,997.00 |5,011.00  |-21.00    |-7.00     |504,798   |515,322     |12,946   |2,529,310.58 |0.00                   |
2019-06-26 |SR911        |5,009.00   |5,019.00 |5,030.00 |4,973.00 |4,986.00 |4,998.00  |-23.00    |-11.00    |9,636     |24,266      |2,332    |48,157.49    |0.00                   |
2019-06-27 |SR001        |5,029.00   |5,014.00 |5,024.00 |4,967.00 |4,979.00 |4,992.00  |-50.00    |-37.00    |94,642    |295,808     |258      |472,407.65   |0.00                   |
2019-06-27 |SR003        |5,001.00   |5,004.00 |5,008.00 |4,967.00 |4,972.00 |4,979.00  |-29.00    |-22.00    |90        |6,466       |30       |448.10       |0.00                   |
2019-06-27 |SR005        |4,908.00   |4,898.00 |4,904.00 |4,859.00 |4,871.00 |4,878.00  |-37.00    |-30.00    |14,196    |102,932     |1,026    |69,245.70    |0.00                   |
2019-06-27 |SR907        |4,931.00   |4,909.00 |4,967.00 |4,909.00 |4,967.00 |4,950.00  |36.00     |19.00     |10        |456         |0        |49.50        |0.00                   |
2019-06-27 |SR909        |5,011.00   |5,000.00 |5,010.00 |4,960.00 |4,975.00 |4,983.00  |-36.00    |-28.00    |399,288   |514,286     |-1,036   |1,989,762.02 |0.00                   |
2019-06-27 |SR911        |4,998.00   |4,986.00 |4,996.00 |4,950.00 |4,966.00 |4,973.00  |-32.00    |-25.00    |7,298     |25,730      |1,464    |36,289.57    |0.00                   |
2019-06-28 |SR001        |4,992.00   |4,981.00 |5,065.00 |4,980.00 |5,024.00 |5,029.00  |32.00     |37.00     |126,702   |297,038     |1,230    |637,171.61   |0.00                   |
2019-06-28 |SR003        |4,979.00   |4,975.00 |5,050.00 |4,975.00 |5,015.00 |5,015.00  |36.00     |36.00     |146       |6,430       |-36      |732.19       |0.00                   |
2019-06-28 |SR005        |4,878.00   |4,874.00 |4,932.00 |4,870.00 |4,903.00 |4,905.00  |25.00     |27.00     |19,816    |101,156     |-1,776   |97,200.90    |0.00                   |
2019-06-28 |SR907        |4,950.00   |4,929.00 |5,024.00 |4,909.00 |4,911.00 |4,950.00  |-39.00    |0.00      |18        |454         |-2       |89.10        |0.00                   |
2019-06-28 |SR909        |4,983.00   |4,983.00 |5,049.00 |4,976.00 |5,010.00 |5,018.00  |27.00     |35.00     |627,108   |497,070     |-17,216  |3,146,915.30 |0.00                   |
2019-06-28 |SR911        |4,973.00   |4,967.00 |5,040.00 |4,967.00 |5,002.00 |5,009.00  |29.00     |36.00     |11,958    |24,678      |-1,052   |59,900.77    |0.00                   |
2019-07-01 |SR001        |5,029.00   |5,022.00 |5,054.00 |5,010.00 |5,038.00 |5,034.00  |9.00      |5.00      |111,754   |305,470     |8,432    |562,581.38   |0.00                   |
2019-07-01 |SR003        |5,015.00   |5,022.00 |5,038.00 |5,015.00 |5,027.00 |5,024.00  |12.00     |9.00      |118       |6,426       |-4       |592.89       |0.00                   |
2019-07-01 |SR005        |4,905.00   |4,900.00 |4,930.00 |4,888.00 |4,914.00 |4,910.00  |9.00      |5.00      |11,034    |101,660     |504      |54,177.03    |0.00                   |
2019-07-01 |SR907        |4,950.00   |0.00     |0.00     |0.00     |0.00     |4,950.00  |0.00      |0.00      |0         |454         |0        |0.00         |5,010.00               |
2019-07-01 |SR909        |5,018.00   |5,010.00 |5,046.00 |4,990.00 |5,030.00 |5,022.00  |12.00     |4.00      |457,442   |496,772     |-298     |2,297,108.35 |0.00                   |
2019-07-01 |SR911        |5,009.00   |5,000.00 |5,040.00 |4,980.00 |5,030.00 |5,016.00  |21.00     |7.00      |6,488     |24,338      |-340     |32,542.95    |0.00                   |
2019-07-02 |SR001        |5,034.00   |5,037.00 |5,136.00 |5,029.00 |5,076.00 |5,084.00  |42.00     |50.00     |189,144   |312,216     |6,746    |961,681.17   |0.00                   |
2019-07-02 |SR003        |5,024.00   |5,050.00 |5,118.00 |5,050.00 |5,062.00 |5,079.00  |38.00     |55.00     |208       |6,390       |-36      |1,056.39     |0.00                   |
2019-07-02 |SR005        |4,910.00   |4,916.00 |4,992.00 |4,904.00 |4,953.00 |4,952.00  |43.00     |42.00     |24,250    |99,482      |-2,178   |120,076.42   |0.00                   |
2019-07-02 |SR907        |4,950.00   |0.00     |0.00     |0.00     |0.00     |4,950.00  |0.00      |0.00      |0         |454         |0        |0.00         |4,998.00               |
2019-07-02 |SR909        |5,022.00   |5,031.00 |5,130.00 |5,016.00 |5,066.00 |5,077.00  |44.00     |55.00     |905,982   |492,676     |-4,096   |4,599,596.80 |0.00                   |
2019-07-02 |SR911        |5,016.00   |5,038.00 |5,132.00 |5,021.00 |5,073.00 |5,086.00  |57.00     |70.00     |9,776     |25,474      |1,136    |49,717.14    |0.00                   |
2019-07-03 |SR001        |5,084.00   |5,065.00 |5,079.00 |4,982.00 |5,050.00 |5,041.00  |-34.00    |-43.00    |179,874   |309,938     |-2,278   |906,798.70   |0.00                   |
2019-07-03 |SR003        |5,079.00   |5,047.00 |5,061.00 |4,979.00 |5,037.00 |5,029.00  |-42.00    |-50.00    |88        |6,362       |-28      |442.51       |0.00                   |
2019-07-03 |SR005        |4,952.00   |4,949.00 |4,949.00 |4,862.00 |4,914.00 |4,909.00  |-38.00    |-43.00    |23,140    |97,274      |-2,208   |113,584.79   |0.00                   |
2019-07-03 |SR907        |4,950.00   |0.00     |0.00     |0.00     |0.00     |4,950.00  |0.00      |0.00      |0         |454         |0        |0.00         |4,984.00               |
2019-07-03 |SR909        |5,077.00   |5,058.00 |5,074.00 |4,980.00 |5,055.00 |5,038.00  |-22.00    |-39.00    |632,742   |466,520     |-26,156  |3,187,664.25 |0.00                   |
2019-07-03 |SR911        |5,086.00   |5,064.00 |5,081.00 |4,996.00 |5,068.00 |5,045.00  |-18.00    |-41.00    |11,500    |25,842      |368      |58,022.99    |0.00                   |
2019-07-04 |SR001        |5,041.00   |5,060.00 |5,118.00 |5,059.00 |5,086.00 |5,087.00  |45.00     |46.00     |200,428   |315,686     |5,748    |1,019,520.98 |0.00                   |
2019-07-04 |SR003        |5,029.00   |5,045.00 |5,093.00 |5,043.00 |5,066.00 |5,071.00  |37.00     |42.00     |152       |6,344       |-18      |770.76       |0.00                   |
2019-07-04 |SR005        |4,909.00   |4,920.00 |4,981.00 |4,920.00 |4,960.00 |4,951.00  |51.00     |42.00     |22,806    |96,010      |-1,264   |112,920.97   |0.00                   |
2019-07-04 |SR907        |4,950.00   |0.00     |0.00     |0.00     |0.00     |4,963.00  |13.00     |13.00     |0         |454         |0        |0.00         |4,976.00               |
2019-07-04 |SR909        |5,038.00   |5,065.00 |5,148.00 |5,065.00 |5,111.00 |5,109.00  |73.00     |71.00     |990,824   |482,842     |16,322   |5,061,878.23 |0.00                   |
2019-07-04 |SR911        |5,045.00   |5,085.00 |5,159.00 |5,085.00 |5,123.00 |5,123.00  |78.00     |78.00     |22,592    |27,090      |1,248    |115,749.59   |0.00                   |
2019-07-05 |SR001        |5,087.00   |5,087.00 |5,244.00 |5,087.00 |5,213.00 |5,169.00  |126.00    |82.00     |396,144   |341,174     |25,488   |2,047,807.79 |0.00                   |
2019-07-05 |SR003        |5,071.00   |5,085.00 |5,178.00 |5,085.00 |5,139.00 |5,131.00  |68.00     |60.00     |832       |6,148       |-196     |4,269.33     |0.00                   |
2019-07-05 |SR005        |4,951.00   |4,962.00 |5,077.00 |4,961.00 |5,048.00 |5,009.00  |97.00     |58.00     |58,350    |93,480      |-2,530   |292,283.86   |0.00                   |
2019-07-05 |SR907        |4,963.00   |0.00     |0.00     |0.00     |0.00     |5,072.00  |109.00    |109.00    |0         |454         |0        |0.00         |4,973.00               |
2019-07-05 |SR909        |5,109.00   |5,109.00 |5,314.00 |5,108.00 |5,295.00 |5,221.00  |186.00    |112.00    |2,173,740 |564,858     |82,016   |11,349,969.72|0.00                   |
2019-07-05 |SR911        |5,123.00   |5,124.00 |5,324.00 |5,124.00 |5,307.00 |5,222.00  |184.00    |99.00     |50,792    |23,524      |-3,566   |265,224.74   |0.00                   |
2019-07-08 |SR001        |5,169.00   |5,213.00 |5,228.00 |5,149.00 |5,150.00 |5,178.00  |-19.00    |9.00      |213,984   |353,606     |12,432   |1,108,033.88 |0.00                   |
2019-07-08 |SR003        |5,131.00   |5,138.00 |5,138.00 |5,084.00 |5,084.00 |5,105.00  |-47.00    |-26.00    |136       |6,106       |-42      |694.26       |0.00                   |
2019-07-08 |SR005        |5,009.00   |5,044.00 |5,059.00 |5,000.00 |5,003.00 |5,024.00  |-6.00     |15.00     |24,192    |95,924      |2,444    |121,551.45   |0.00                   |
2019-07-08 |SR907        |5,072.00   |0.00     |0.00     |0.00     |0.00     |5,091.00  |19.00     |19.00     |0         |454         |0        |0.00         |4,981.00               |
2019-07-08 |SR909        |5,221.00   |5,290.00 |5,318.00 |5,230.00 |5,239.00 |5,274.00  |18.00     |53.00     |1,471,320 |549,048     |-15,810  |7,759,397.90 |0.00                   |
2019-07-08 |SR911        |5,222.00   |5,310.00 |5,326.00 |5,237.00 |5,247.00 |5,277.00  |25.00     |55.00     |35,916    |25,384      |1,860    |189,513.27   |0.00                   |
2019-07-09 |SR001        |5,178.00   |5,148.00 |5,179.00 |5,052.00 |5,062.00 |5,124.00  |-116.00   |-54.00    |244,862   |351,134     |-2,472   |1,254,620.46 |0.00                   |
2019-07-09 |SR003        |5,105.00   |5,084.00 |5,103.00 |4,935.00 |5,023.00 |5,049.00  |-82.00    |-56.00    |72        |6,128       |22       |363.52       |0.00                   |
2019-07-09 |SR005        |5,024.00   |5,002.00 |5,024.00 |4,919.00 |4,938.00 |4,979.00  |-86.00    |-45.00    |31,254    |96,608      |684      |155,610.40   |0.00                   |
2019-07-09 |SR907        |5,091.00   |0.00     |0.00     |0.00     |0.00     |5,091.00  |0.00      |0.00      |0         |444         |-10      |0.00         |4,990.00               |
2019-07-09 |SR909        |5,274.00   |5,241.00 |5,254.00 |5,108.00 |5,133.00 |5,194.00  |-141.00   |-80.00    |1,111,698 |474,942     |-74,106  |5,773,954.95 |0.00                   |
2019-07-09 |SR911        |5,277.00   |5,250.00 |5,262.00 |5,119.00 |5,143.00 |5,197.00  |-134.00   |-80.00    |32,502    |22,376      |-3,008   |168,904.51   |0.00                   |
2019-07-10 |SR001        |5,124.00   |5,052.00 |5,130.00 |5,036.00 |5,107.00 |5,093.00  |-17.00    |-31.00    |176,468   |358,702     |7,568    |898,719.19   |0.00                   |
2019-07-10 |SR003        |5,049.00   |5,028.00 |5,070.00 |5,028.00 |5,047.00 |5,056.00  |-2.00     |7.00      |50        |6,130       |2        |252.78       |0.00                   |
2019-07-10 |SR005        |4,979.00   |4,942.00 |4,993.00 |4,908.00 |4,968.00 |4,959.00  |-11.00    |-20.00    |18,046    |95,710      |-898     |89,491.30    |0.00                   |
2019-07-10 |SR907        |5,091.00   |5,121.00 |5,121.00 |5,121.00 |5,121.00 |5,121.00  |30.00     |30.00     |4         |444         |0        |20.48        |5,009.00               |
2019-07-10 |SR909        |5,194.00   |5,127.00 |5,221.00 |5,114.00 |5,185.00 |5,172.00  |-9.00     |-22.00    |998,070   |496,028     |21,086   |5,161,640.84 |0.00                   |
2019-07-10 |SR911        |5,197.00   |5,123.00 |5,231.00 |5,123.00 |5,195.00 |5,177.00  |-2.00     |-20.00    |21,608    |22,436      |60       |111,854.60   |0.00                   |
2019-07-11 |SR001        |5,093.00   |5,124.00 |5,140.00 |5,093.00 |5,128.00 |5,118.00  |35.00     |25.00     |116,808   |360,808     |2,106    |597,836.16   |0.00                   |
2019-07-11 |SR003        |5,056.00   |5,061.00 |5,078.00 |5,061.00 |5,069.00 |5,069.00  |13.00     |13.00     |438       |6,520       |390      |2,220.28     |0.00                   |
2019-07-11 |SR005        |4,959.00   |4,972.00 |4,999.00 |4,961.00 |4,993.00 |4,983.00  |34.00     |24.00     |14,524    |96,432      |722      |72,372.80    |0.00                   |
2019-07-11 |SR907        |5,121.00   |0.00     |0.00     |0.00     |0.00     |5,144.00  |23.00     |23.00     |0         |440         |-4       |0.00         |5,028.00               |
2019-07-11 |SR909        |5,172.00   |5,195.00 |5,225.00 |5,163.00 |5,205.00 |5,195.00  |33.00     |23.00     |800,282   |491,434     |-4,594   |4,157,354.35 |0.00                   |
2019-07-11 |SR911        |5,177.00   |5,206.00 |5,236.00 |5,177.00 |5,217.00 |5,206.00  |40.00     |29.00     |18,846    |22,634      |198      |98,116.26    |0.00                   |
2019-07-12 |SR001        |5,118.00   |5,133.00 |5,156.00 |5,093.00 |5,115.00 |5,121.00  |-3.00     |3.00      |150,150   |362,784     |1,976    |768,905.31   |0.00                   |
2019-07-12 |SR003        |5,069.00   |5,079.00 |5,083.00 |5,053.00 |5,078.00 |5,067.00  |9.00      |-2.00     |52        |6,536       |16       |263.47       |0.00                   |
2019-07-12 |SR005        |4,983.00   |4,996.00 |5,010.00 |4,967.00 |4,988.00 |4,987.00  |5.00      |4.00      |13,732    |97,204      |772      |68,477.76    |0.00                   |
2019-07-12 |SR907        |5,144.00   |0.00     |0.00     |0.00     |0.00     |5,153.00  |9.00      |9.00      |8         |0           |-440     |41.22        |5,049.00               |
2019-07-12 |SR909        |5,195.00   |5,206.00 |5,241.00 |5,166.00 |5,187.00 |5,204.00  |-8.00     |9.00      |877,306   |478,036     |-13,398  |4,565,364.20 |0.00                   |
2019-07-12 |SR911        |5,206.00   |5,232.00 |5,251.00 |5,155.00 |5,169.00 |5,206.00  |-37.00    |0.00      |17,398    |21,404      |-1,230   |90,565.94    |0.00                   |
2019-07-15 |SR001        |5,121.00   |5,119.00 |5,171.00 |5,105.00 |5,166.00 |5,137.00  |45.00     |16.00     |128,474   |371,708     |8,924    |660,006.52   |0.00                   |
2019-07-15 |SR003        |5,067.00   |5,078.00 |5,116.00 |5,068.00 |5,110.00 |5,102.00  |43.00     |35.00     |50        |6,536       |0        |255.11       |0.00                   |
2019-07-15 |SR005        |4,987.00   |4,986.00 |5,035.00 |4,980.00 |5,028.00 |5,004.00  |41.00     |17.00     |14,092    |97,772      |568      |70,522.88    |0.00                   |
2019-07-15 |SR007        |4,987.00   |5,053.00 |5,054.00 |4,994.00 |4,994.00 |5,034.00  |7.00      |47.00     |6         |2           |2        |30.20        |0.00                   |
2019-07-15 |SR909        |5,204.00   |5,194.00 |5,250.00 |5,170.00 |5,237.00 |5,210.00  |33.00     |6.00      |835,772   |501,688     |23,652   |4,354,200.49 |0.00                   |
2019-07-15 |SR911        |5,206.00   |5,170.00 |5,230.00 |5,166.00 |5,220.00 |5,190.00  |14.00     |-16.00    |7,650     |23,530      |2,126    |39,703.26    |0.00                   |
2019-07-16 |SR001        |5,137.00   |5,132.00 |5,143.00 |5,105.00 |5,139.00 |5,122.00  |2.00      |-15.00    |133,658   |373,444     |1,736    |684,569.08   |0.00                   |
2019-07-16 |SR003        |5,102.00   |5,068.00 |5,098.00 |5,060.00 |5,098.00 |5,077.00  |-4.00     |-25.00    |346       |6,850       |314      |1,756.62     |0.00                   |
2019-07-16 |SR005        |5,004.00   |5,005.00 |5,007.00 |4,974.00 |5,002.00 |4,988.00  |-2.00     |-16.00    |18,672    |99,670      |1,898    |93,129.59    |0.00                   |
2019-07-16 |SR007        |5,034.00   |5,002.00 |5,002.00 |5,002.00 |5,002.00 |5,002.00  |-32.00    |-32.00    |4         |6           |4        |20.01        |0.00                   |
2019-07-16 |SR909        |5,210.00   |5,208.00 |5,218.00 |5,178.00 |5,208.00 |5,198.00  |-2.00     |-12.00    |679,216   |482,168     |-19,520  |3,530,316.00 |0.00                   |
2019-07-16 |SR911        |5,190.00   |5,204.00 |5,204.00 |5,161.00 |5,180.00 |5,175.00  |-10.00    |-15.00    |8,680     |25,134      |1,604    |44,914.95    |0.00                   |
2019-07-17 |SR001        |5,122.00   |5,139.00 |5,151.00 |5,101.00 |5,128.00 |5,124.00  |6.00      |2.00      |110,886   |376,634     |3,190    |568,134.62   |0.00                   |
2019-07-17 |SR003        |5,077.00   |5,073.00 |5,083.00 |5,063.00 |5,083.00 |5,075.00  |6.00      |-2.00     |30        |6,846       |-4       |152.25       |0.00                   |
2019-07-17 |SR005        |4,988.00   |5,000.00 |5,007.00 |4,970.00 |4,992.00 |4,989.00  |4.00      |1.00      |11,418    |99,682      |12       |56,959.15    |0.00                   |
2019-07-17 |SR007        |5,002.00   |4,999.00 |4,999.00 |4,979.00 |4,986.00 |4,988.00  |-16.00    |-14.00    |12        |12          |6        |59.86        |0.00                   |
2019-07-17 |SR909        |5,198.00   |5,217.00 |5,223.00 |5,161.00 |5,189.00 |5,186.00  |-9.00     |-12.00    |577,732   |468,056     |-14,112  |2,995,841.47 |0.00                   |
2019-07-17 |SR911        |5,175.00   |5,180.00 |5,189.00 |5,148.00 |5,172.00 |5,168.00  |-3.00     |-7.00     |8,356     |26,794      |1,660    |43,180.71    |0.00                   |
2019-07-18 |SR001        |5,124.00   |5,138.00 |5,145.00 |5,098.00 |5,123.00 |5,116.00  |-1.00     |-8.00     |108,924   |377,292     |658      |557,243.69   |0.00                   |
2019-07-18 |SR003        |5,075.00   |5,090.00 |5,090.00 |5,063.00 |5,077.00 |5,072.00  |2.00      |-3.00     |98        |6,868       |22       |497.09       |0.00                   |
2019-07-18 |SR005        |4,989.00   |4,996.00 |5,005.00 |4,971.00 |4,978.00 |4,981.00  |-11.00    |-8.00     |14,450    |102,800     |3,118    |71,973.06    |0.00                   |
2019-07-18 |SR007        |4,988.00   |4,993.00 |4,993.00 |4,965.00 |4,983.00 |4,978.00  |-5.00     |-10.00    |22        |26          |14       |109.52       |0.00                   |
2019-07-18 |SR909        |5,186.00   |5,200.00 |5,207.00 |5,155.00 |5,189.00 |5,177.00  |3.00      |-9.00     |498,254   |444,648     |-23,408  |2,579,629.63 |0.00                   |
2019-07-18 |SR911        |5,168.00   |5,184.00 |5,191.00 |5,151.00 |5,187.00 |5,166.00  |19.00     |-2.00     |6,936     |28,324      |1,530    |35,832.38    |0.00                   |
2019-07-19 |SR001        |5,116.00   |5,115.00 |5,121.00 |5,059.00 |5,072.00 |5,085.00  |-44.00    |-31.00    |156,094   |382,190     |4,898    |793,698.94   |0.00                   |
2019-07-19 |SR003        |5,072.00   |5,066.00 |5,069.00 |5,031.00 |5,040.00 |5,053.00  |-32.00    |-19.00    |118       |6,946       |78       |596.26       |0.00                   |
2019-07-19 |SR005        |4,981.00   |4,980.00 |4,980.00 |4,913.00 |4,925.00 |4,936.00  |-56.00    |-45.00    |24,238    |108,968     |6,168    |119,630.04   |0.00                   |
2019-07-19 |SR007        |4,978.00   |4,929.00 |4,939.00 |4,921.00 |4,923.00 |4,927.00  |-55.00    |-51.00    |30        |56          |30       |147.80       |0.00                   |
2019-07-19 |SR909        |5,177.00   |5,181.00 |5,187.00 |5,123.00 |5,145.00 |5,150.00  |-32.00    |-27.00    |581,946   |430,984     |-13,664  |2,996,761.63 |0.00                   |
2019-07-19 |SR911        |5,166.00   |5,190.00 |5,190.00 |5,136.00 |5,148.00 |5,151.00  |-18.00    |-15.00    |7,614     |27,968      |-356     |39,218.59    |0.00                   |
2019-07-22 |SR001        |5,085.00   |5,075.00 |5,091.00 |5,059.00 |5,084.00 |5,077.00  |-1.00     |-8.00     |92,558    |387,466     |5,276    |469,884.98   |0.00                   |
2019-07-22 |SR003        |5,053.00   |5,035.00 |5,055.00 |5,031.00 |5,050.00 |5,045.00  |-3.00     |-8.00     |72        |6,964       |18       |363.25       |0.00                   |
2019-07-22 |SR005        |4,936.00   |4,925.00 |4,938.00 |4,915.00 |4,933.00 |4,929.00  |-3.00     |-7.00     |9,234     |109,300     |332      |45,513.42    |0.00                   |
2019-07-22 |SR007        |4,927.00   |4,929.00 |4,929.00 |4,925.00 |4,925.00 |4,926.00  |-2.00     |-1.00     |10        |60          |4        |49.26        |0.00                   |
2019-07-22 |SR909        |5,150.00   |5,146.00 |5,158.00 |5,124.00 |5,150.00 |5,145.00  |0.00      |-5.00     |378,332   |426,838     |-4,146   |1,946,032.71 |0.00                   |
2019-07-22 |SR911        |5,151.00   |5,153.00 |5,163.00 |5,133.00 |5,158.00 |5,151.00  |7.00      |0.00      |8,522     |28,176      |208      |43,896.52    |0.00                   |
2019-07-23 |SR001        |5,077.00   |5,084.00 |5,148.00 |5,080.00 |5,126.00 |5,126.00  |49.00     |49.00     |208,500   |401,132     |13,666   |1,068,704.88 |0.00                   |
2019-07-23 |SR003        |5,045.00   |5,056.00 |5,101.00 |5,056.00 |5,077.00 |5,085.00  |32.00     |40.00     |174       |6,920       |-44      |884.72       |0.00                   |
2019-07-23 |SR005        |4,929.00   |4,935.00 |4,981.00 |4,932.00 |4,972.00 |4,964.00  |43.00     |35.00     |24,578    |110,824     |1,524    |122,004.07   |0.00                   |
2019-07-23 |SR007        |4,926.00   |4,940.00 |4,967.00 |4,940.00 |4,967.00 |4,951.00  |41.00     |25.00     |26        |60          |0        |128.71       |0.00                   |
2019-07-23 |SR909        |5,145.00   |5,150.00 |5,234.00 |5,140.00 |5,202.00 |5,201.00  |57.00     |56.00     |898,172   |444,198     |17,360   |4,671,543.66 |0.00                   |
2019-07-23 |SR911        |5,151.00   |5,157.00 |5,220.00 |5,148.00 |5,195.00 |5,196.00  |44.00     |45.00     |13,656    |29,496      |1,320    |70,955.81    |0.00                   |
2019-07-24 |SR001        |5,126.00   |5,128.00 |5,278.00 |5,111.00 |5,250.00 |5,204.00  |124.00    |78.00     |468,586   |439,488     |38,356   |2,438,754.50 |0.00                   |
2019-07-24 |SR003        |5,085.00   |5,086.00 |5,178.00 |5,067.00 |5,170.00 |5,114.00  |85.00     |29.00     |308       |6,838       |-82      |1,575.16     |0.00                   |
2019-07-24 |SR005        |4,964.00   |4,969.00 |5,093.00 |4,952.00 |5,067.00 |5,027.00  |103.00    |63.00     |45,024    |114,040     |3,216    |226,334.25   |0.00                   |
2019-07-24 |SR007        |4,951.00   |4,960.00 |5,068.00 |4,952.00 |5,048.00 |5,037.00  |97.00     |86.00     |64        |64          |4        |322.35       |0.00                   |
2019-07-24 |SR909        |5,201.00   |5,202.00 |5,330.00 |5,195.00 |5,299.00 |5,276.00  |98.00     |75.00     |1,299,266 |464,034     |19,836   |6,855,208.87 |0.00                   |
2019-07-24 |SR911        |5,196.00   |5,200.00 |5,281.00 |5,182.00 |5,265.00 |5,243.00  |69.00     |47.00     |11,680    |29,486      |-10      |61,239.43    |0.00                   |
2019-07-25 |SR001        |5,204.00   |5,275.00 |5,294.00 |5,221.00 |5,235.00 |5,258.00  |31.00     |54.00     |391,966   |454,390     |14,902   |2,061,145.52 |0.00                   |
2019-07-25 |SR003        |5,114.00   |5,192.00 |5,218.00 |5,158.00 |5,165.00 |5,191.00  |51.00     |77.00     |130       |6,838       |0        |674.79       |0.00                   |
2019-07-25 |SR005        |5,027.00   |5,083.00 |5,126.00 |5,069.00 |5,083.00 |5,094.00  |56.00     |67.00     |40,638    |113,272     |-768     |207,008.63   |0.00                   |
2019-07-25 |SR007        |5,037.00   |5,062.00 |5,108.00 |5,062.00 |5,067.00 |5,095.00  |30.00     |58.00     |124       |148         |84       |631.74       |0.00                   |
2019-07-25 |SR909        |5,276.00   |5,320.00 |5,327.00 |5,256.00 |5,266.00 |5,280.00  |-10.00    |4.00      |798,988   |417,388     |-46,646  |4,218,849.14 |0.00                   |
2019-07-25 |SR911        |5,243.00   |5,274.00 |5,287.00 |5,246.00 |5,258.00 |5,265.00  |15.00     |22.00     |13,666    |28,476      |-1,010   |71,949.12    |0.00                   |
2019-07-26 |SR001        |5,258.00   |5,230.00 |5,335.00 |5,196.00 |5,328.00 |5,283.00  |70.00     |25.00     |503,626   |490,714     |36,324   |2,660,483.49 |0.00                   |
2019-07-26 |SR003        |5,191.00   |5,163.00 |5,245.00 |5,163.00 |5,234.00 |5,214.00  |43.00     |23.00     |138       |6,816       |-22      |719.48       |0.00                   |
2019-07-26 |SR005        |5,094.00   |5,075.00 |5,174.00 |5,051.00 |5,162.00 |5,130.00  |68.00     |36.00     |64,052    |128,340     |15,068   |328,605.76   |0.00                   |
2019-07-26 |SR007        |5,095.00   |5,067.00 |5,157.00 |5,067.00 |5,147.00 |5,108.00  |52.00     |13.00     |178       |240         |92       |909.29       |0.00                   |
2019-07-26 |SR909        |5,280.00   |5,265.00 |5,314.00 |5,208.00 |5,291.00 |5,277.00  |11.00     |-3.00     |747,000   |377,406     |-39,982  |3,941,581.76 |0.00                   |
2019-07-26 |SR911        |5,265.00   |5,261.00 |5,299.00 |5,220.00 |5,279.00 |5,270.00  |14.00     |5.00      |12,964    |29,484      |1,008    |68,316.14    |0.00                   |
2019-07-29 |SR001        |5,283.00   |5,329.00 |5,396.00 |5,308.00 |5,389.00 |5,346.00  |106.00    |63.00     |562,744   |533,704     |42,990   |3,008,528.85 |0.00                   |
2019-07-29 |SR003        |5,214.00   |5,232.00 |5,283.00 |5,223.00 |5,283.00 |5,254.00  |69.00     |40.00     |174       |6,860       |44       |914.21       |0.00                   |
2019-07-29 |SR005        |5,130.00   |5,166.00 |5,222.00 |5,142.00 |5,221.00 |5,178.00  |91.00     |48.00     |50,082    |130,568     |2,228    |259,305.25   |0.00                   |
2019-07-29 |SR007        |5,108.00   |5,172.00 |5,172.00 |5,127.00 |5,166.00 |5,154.00  |58.00     |46.00     |146       |230         |-10      |752.46       |0.00                   |
2019-07-29 |SR909        |5,277.00   |5,285.00 |5,370.00 |5,262.00 |5,364.00 |5,317.00  |87.00     |40.00     |784,420   |385,662     |8,256    |4,170,369.26 |0.00                   |
2019-07-29 |SR911        |5,270.00   |5,277.00 |5,372.00 |5,258.00 |5,370.00 |5,314.00  |100.00    |44.00     |17,034    |27,942      |-1,542   |90,518.05    |0.00                   |
2019-07-30 |SR001        |5,346.00   |5,395.00 |5,426.00 |5,296.00 |5,301.00 |5,369.00  |-45.00    |23.00     |645,052   |533,782     |78       |3,463,261.96 |0.00                   |
2019-07-30 |SR003        |5,254.00   |5,293.00 |5,334.00 |5,242.00 |5,245.00 |5,272.00  |-9.00     |18.00     |324       |6,798       |-62      |1,708.18     |0.00                   |
2019-07-30 |SR005        |5,178.00   |5,221.00 |5,287.00 |5,162.00 |5,170.00 |5,227.00  |-8.00     |49.00     |70,514    |139,028     |8,460    |368,542.67   |0.00                   |
2019-07-30 |SR007        |5,154.00   |5,168.00 |5,210.00 |5,150.00 |5,152.00 |5,177.00  |-2.00     |23.00     |300       |362         |132      |1,553.03     |0.00                   |
2019-07-30 |SR909        |5,317.00   |5,366.00 |5,367.00 |5,283.00 |5,290.00 |5,330.00  |-27.00    |13.00     |715,728   |317,792     |-67,870  |3,815,121.05 |0.00                   |
2019-07-30 |SR911        |5,314.00   |5,366.00 |5,371.00 |5,291.00 |5,299.00 |5,338.00  |-15.00    |24.00     |25,232    |27,192      |-750     |134,695.05   |0.00                   |
2019-07-31 |SR001        |5,369.00   |5,311.00 |5,380.00 |5,311.00 |5,366.00 |5,351.00  |-3.00     |-18.00    |477,984   |547,032     |13,250   |2,557,587.59 |0.00                   |
2019-07-31 |SR003        |5,272.00   |5,266.00 |5,298.00 |5,258.00 |5,282.00 |5,275.00  |10.00     |3.00      |186       |6,854       |56       |981.16       |0.00                   |
2019-07-31 |SR005        |5,227.00   |5,180.00 |5,246.00 |5,176.00 |5,230.00 |5,216.00  |3.00      |-11.00    |42,170    |143,538     |4,510    |219,965.48   |0.00                   |
2019-07-31 |SR007        |5,177.00   |5,175.00 |5,200.00 |5,152.00 |5,175.00 |5,172.00  |-2.00     |-5.00     |272       |210         |-152     |1,406.83     |0.00                   |
2019-07-31 |SR909        |5,330.00   |5,295.00 |5,344.00 |5,294.00 |5,322.00 |5,318.00  |-8.00     |-12.00    |451,068   |306,446     |-11,346  |2,398,967.04 |0.00                   |
2019-07-31 |SR911        |5,338.00   |5,303.00 |5,348.00 |5,300.00 |5,327.00 |5,325.00  |-11.00    |-13.00    |22,214    |28,204      |1,012    |118,280.19   |0.00                   |
2019-08-01 |SR001        |5,351.00   |5,373.00 |5,398.00 |5,342.00 |5,349.00 |5,375.00  |-2.00     |24.00     |736,920   |580,594     |33,562   |3,961,087.97 |0.00                   |
2019-08-01 |SR003        |5,275.00   |5,286.00 |5,309.00 |5,270.00 |5,270.00 |5,287.00  |-5.00     |12.00     |184       |6,866       |12       |972.87       |0.00                   |
2019-08-01 |SR005        |5,216.00   |5,232.00 |5,252.00 |5,202.00 |5,208.00 |5,227.00  |-8.00     |11.00     |41,774    |142,938     |-600     |218,370.57   |0.00                   |
2019-08-01 |SR007        |5,172.00   |5,196.00 |5,196.00 |5,164.00 |5,174.00 |5,183.00  |2.00      |11.00     |84        |208         |-2       |435.35       |0.00                   |
2019-08-01 |SR909        |5,318.00   |5,325.00 |5,336.00 |5,300.00 |5,304.00 |5,321.00  |-14.00    |3.00      |284,808   |272,724     |-33,722  |1,515,419.98 |0.00                   |
2019-08-01 |SR911        |5,325.00   |5,340.00 |5,357.00 |5,306.00 |5,309.00 |5,325.00  |-16.00    |0.00      |19,502    |27,308      |-896     |103,841.97   |0.00                   |
2019-08-02 |SR001        |5,375.00   |5,345.00 |5,367.00 |5,280.00 |5,338.00 |5,332.00  |-37.00    |-43.00    |821,356   |574,170     |-6,424   |4,379,074.89 |0.00                   |
2019-08-02 |SR003        |5,287.00   |5,276.00 |5,293.00 |5,223.00 |5,275.00 |5,256.00  |-12.00    |-31.00    |252       |6,848       |-18      |1,324.60     |0.00                   |
2019-08-02 |SR005        |5,227.00   |5,202.00 |5,216.00 |5,141.00 |5,198.00 |5,185.00  |-29.00    |-42.00    |46,572    |137,986     |-4,952   |241,457.04   |0.00                   |
2019-08-02 |SR007        |5,183.00   |5,148.00 |5,174.00 |5,108.00 |5,158.00 |5,146.00  |-25.00    |-37.00    |74        |216         |8        |380.83       |0.00                   |
2019-08-02 |SR909        |5,321.00   |5,306.00 |5,313.00 |5,250.00 |5,291.00 |5,287.00  |-30.00    |-34.00    |225,898   |243,634     |-29,090  |1,194,365.03 |0.00                   |
2019-08-02 |SR911        |5,325.00   |5,311.00 |5,314.00 |5,254.00 |5,293.00 |5,287.00  |-32.00    |-38.00    |20,840    |28,926      |1,618    |110,187.65   |0.00                   |
2019-08-05 |SR001        |5,332.00   |5,325.00 |5,420.00 |5,313.00 |5,395.00 |5,369.00  |63.00     |37.00     |996,744   |618,956     |44,786   |5,351,411.32 |0.00                   |
2019-08-05 |SR003        |5,256.00   |5,262.00 |5,362.00 |5,255.00 |5,340.00 |5,331.00  |84.00     |75.00     |638       |6,546       |-302     |3,401.26     |0.00                   |
2019-08-05 |SR005        |5,185.00   |5,190.00 |5,276.00 |5,173.00 |5,258.00 |5,232.00  |73.00     |47.00     |55,046    |140,100     |2,114    |288,011.12   |0.00                   |
2019-08-05 |SR007        |5,146.00   |5,156.00 |5,225.00 |5,134.00 |5,212.00 |5,186.00  |66.00     |40.00     |152       |208         |-8       |788.20       |0.00                   |
2019-08-05 |SR909        |5,287.00   |5,287.00 |5,338.00 |5,262.00 |5,322.00 |5,299.00  |35.00     |12.00     |242,852   |248,400     |4,766    |1,285,415.21 |0.00                   |
2019-08-05 |SR911        |5,287.00   |5,278.00 |5,346.00 |5,263.00 |5,330.00 |5,309.00  |43.00     |22.00     |23,378    |30,512      |1,586    |124,108.51   |0.00                   |
2019-08-06 |SR001        |5,369.00   |5,374.00 |5,447.00 |5,328.00 |5,349.00 |5,385.00  |-20.00    |16.00     |1,358,688 |592,930     |-26,026  |7,316,259.24 |0.00                   |
2019-08-06 |SR003        |5,331.00   |5,328.00 |5,393.00 |5,290.00 |5,290.00 |5,333.00  |-41.00    |2.00      |104       |6,586       |40       |554.64       |0.00                   |
2019-08-06 |SR005        |5,232.00   |5,243.00 |5,300.00 |5,194.00 |5,214.00 |5,243.00  |-18.00    |11.00     |71,298    |144,066     |3,966    |373,780.46   |0.00                   |
2019-08-06 |SR007        |5,186.00   |5,201.00 |5,248.00 |5,166.00 |5,170.00 |5,210.00  |-16.00    |24.00     |108       |228         |20       |562.63       |0.00                   |
2019-08-06 |SR909        |5,299.00   |5,318.00 |5,358.00 |5,290.00 |5,306.00 |5,317.00  |7.00      |18.00     |223,002   |209,108     |-39,292  |1,185,773.30 |0.00                   |
2019-08-06 |SR911        |5,309.00   |5,325.00 |5,365.00 |5,298.00 |5,314.00 |5,327.00  |5.00      |18.00     |32,010    |29,288      |-1,224   |170,519.69   |0.00                   |
2019-08-07 |SR001        |5,385.00   |5,362.00 |5,408.00 |5,338.00 |5,402.00 |5,376.00  |17.00     |-9.00     |856,012   |615,282     |22,352   |4,601,646.59 |0.00                   |
2019-08-07 |SR003        |5,333.00   |5,311.00 |5,349.00 |5,291.00 |5,346.00 |5,323.00  |13.00     |-10.00    |80        |6,582       |-4       |425.80       |0.00                   |
2019-08-07 |SR005        |5,243.00   |5,225.00 |5,282.00 |5,200.00 |5,277.00 |5,243.00  |34.00     |0.00      |44,982    |146,678     |2,612    |235,829.20   |0.00                   |
2019-08-07 |SR007        |5,210.00   |5,191.00 |5,236.00 |5,172.00 |5,225.00 |5,210.00  |15.00     |0.00      |108       |214         |-14      |562.71       |0.00                   |
2019-08-07 |SR909        |5,317.00   |5,315.00 |5,345.00 |5,306.00 |5,344.00 |5,326.00  |27.00     |9.00      |114,042   |197,400     |-11,708  |607,395.67   |0.00                   |
2019-08-07 |SR911        |5,327.00   |5,322.00 |5,371.00 |5,315.00 |5,370.00 |5,339.00  |43.00     |12.00     |22,250    |34,602      |5,314    |118,782.63   |0.00                   |
2019-08-08 |SR001        |5,376.00   |5,388.00 |5,400.00 |5,342.00 |5,386.00 |5,376.00  |10.00     |0.00      |892,252   |593,724     |-21,558  |4,796,661.94 |0.00                   |
2019-08-08 |SR003        |5,323.00   |5,336.00 |5,345.00 |5,315.00 |5,326.00 |5,334.00  |3.00      |11.00     |94        |6,564       |-18      |501.42       |0.00                   |
2019-08-08 |SR005        |5,243.00   |5,269.00 |5,274.00 |5,210.00 |5,243.00 |5,241.00  |0.00      |-2.00     |49,814    |147,710     |1,032    |261,082.69   |0.00                   |
2019-08-08 |SR007        |5,210.00   |5,228.00 |5,230.00 |5,193.00 |5,220.00 |5,215.00  |10.00     |5.00      |292       |296         |82       |1,522.88     |0.00                   |
2019-08-08 |SR909        |5,326.00   |5,330.00 |5,342.00 |5,308.00 |5,324.00 |5,328.00  |-2.00     |2.00      |84,702    |181,936     |-15,464  |451,237.35   |0.00                   |
2019-08-08 |SR911        |5,339.00   |5,360.00 |5,374.00 |5,339.00 |5,359.00 |5,361.00  |20.00     |22.00     |18,340    |36,450      |1,848    |98,314.97    |0.00                   |
2019-08-09 |SR001        |5,376.00   |5,391.00 |5,495.00 |5,379.00 |5,494.00 |5,427.00  |118.00    |51.00     |1,573,020 |681,180     |87,456   |8,537,385.00 |0.00                   |
2019-08-09 |SR003        |5,334.00   |5,371.00 |5,412.00 |5,334.00 |5,412.00 |5,388.00  |78.00     |54.00     |300       |6,488       |-76      |1,616.40     |0.00                   |
2019-08-09 |SR005        |5,241.00   |5,243.00 |5,340.00 |5,236.00 |5,340.00 |5,284.00  |99.00     |43.00     |77,066    |152,036     |4,326    |407,228.92   |0.00                   |
2019-08-09 |SR007        |5,215.00   |5,255.00 |5,301.00 |5,239.00 |5,301.00 |5,263.00  |86.00     |48.00     |348       |210         |-86      |1,831.36     |0.00                   |
2019-08-09 |SR909        |5,328.00   |5,322.00 |5,415.00 |5,318.00 |5,412.00 |5,351.00  |84.00     |23.00     |165,644   |155,024     |-26,912  |886,414.14   |0.00                   |
2019-08-09 |SR911        |5,361.00   |5,358.00 |5,442.00 |5,355.00 |5,442.00 |5,384.00  |81.00     |23.00     |37,230    |36,936      |486      |200,432.86   |0.00                   |
2019-08-12 |SR001        |5,427.00   |5,496.00 |5,607.00 |5,475.00 |5,564.00 |5,556.00  |137.00    |129.00    |1,790,920 |754,286     |73,106   |9,949,895.63 |0.00                   |
2019-08-12 |SR003        |5,388.00   |5,427.00 |5,540.00 |5,424.00 |5,502.00 |5,504.00  |114.00    |116.00    |282       |6,488       |0        |1,552.00     |0.00                   |
2019-08-12 |SR005        |5,284.00   |5,348.00 |5,450.00 |5,320.00 |5,417.00 |5,402.00  |133.00    |118.00    |102,032   |163,760     |11,724   |551,129.25   |0.00                   |
2019-08-12 |SR007        |5,263.00   |5,310.00 |5,426.00 |5,301.00 |5,397.00 |5,367.00  |134.00    |104.00    |188       |230         |20       |1,008.92     |0.00                   |
2019-08-12 |SR909        |5,351.00   |5,412.00 |5,566.00 |5,403.00 |5,547.00 |5,511.00  |196.00    |160.00    |216,912   |137,762     |-17,262  |1,195,505.86 |0.00                   |
2019-08-12 |SR911        |5,384.00   |5,436.00 |5,584.00 |5,432.00 |5,558.00 |5,522.00  |174.00    |138.00    |39,844    |32,208      |-4,728   |220,015.37   |0.00                   |
2019-08-13 |SR001        |5,556.00   |5,566.00 |5,597.00 |5,527.00 |5,585.00 |5,570.00  |29.00     |14.00     |1,077,600 |766,936     |12,650   |6,002,174.89 |0.00                   |
2019-08-13 |SR003        |5,504.00   |5,521.00 |5,524.00 |5,468.00 |5,520.00 |5,502.00  |16.00     |-2.00     |262       |6,478       |-10      |1,441.62     |0.00                   |
2019-08-13 |SR005        |5,402.00   |5,410.00 |5,449.00 |5,385.00 |5,446.00 |5,422.00  |44.00     |20.00     |61,592    |165,882     |2,122    |333,957.28   |0.00                   |
2019-08-13 |SR007        |5,367.00   |5,403.00 |5,430.00 |5,365.00 |5,423.00 |5,399.00  |56.00     |32.00     |106       |240         |10       |572.28       |0.00                   |
2019-08-13 |SR909        |5,511.00   |5,553.00 |5,619.00 |5,534.00 |5,606.00 |5,581.00  |95.00     |70.00     |157,284   |119,520     |-18,242  |877,736.13   |0.00                   |
2019-08-13 |SR911        |5,522.00   |5,562.00 |5,600.00 |5,538.00 |5,588.00 |5,577.00  |66.00     |55.00     |24,810    |37,370      |5,162    |138,357.72   |0.00                   |
2019-08-14 |SR001        |5,570.00   |5,598.00 |5,641.00 |5,511.00 |5,536.00 |5,555.00  |-34.00    |-15.00    |1,190,154 |733,824     |-33,112  |6,611,508.70 |0.00                   |
2019-08-14 |SR003        |5,502.00   |5,553.00 |5,556.00 |5,453.00 |5,472.00 |5,488.00  |-30.00    |-14.00    |330       |6,514       |36       |1,811.12     |0.00                   |
2019-08-14 |SR005        |5,422.00   |5,450.00 |5,494.00 |5,378.00 |5,404.00 |5,420.00  |-18.00    |-2.00     |74,852    |163,546     |-2,336   |405,724.54   |0.00                   |
2019-08-14 |SR007        |5,399.00   |5,458.00 |5,465.00 |5,371.00 |5,384.00 |5,396.00  |-15.00    |-3.00     |162       |264         |24       |874.10       |0.00                   |
2019-08-14 |SR909        |5,581.00   |5,621.00 |5,656.00 |5,576.00 |5,591.00 |5,596.00  |10.00     |15.00     |95,940    |100,038     |-19,482  |536,868.85   |0.00                   |
2019-08-14 |SR911        |5,577.00   |5,619.00 |5,621.00 |5,535.00 |5,559.00 |5,562.00  |-18.00    |-15.00    |27,234    |39,238      |1,868    |151,475.49   |0.00                   |
2019-08-15 |SR001        |5,555.00   |5,539.00 |5,553.00 |5,462.00 |5,490.00 |5,503.00  |-65.00    |-52.00    |975,158   |718,266     |-15,558  |5,365,949.20 |0.00                   |
2019-08-15 |SR003        |5,488.00   |5,484.00 |5,484.00 |5,411.00 |5,428.00 |5,439.00  |-60.00    |-49.00    |134       |6,508       |-6       |728.81       |0.00                   |
2019-08-15 |SR005        |5,420.00   |5,411.00 |5,420.00 |5,335.00 |5,364.00 |5,370.00  |-56.00    |-50.00    |64,430    |166,654     |3,108    |345,986.85   |0.00                   |
2019-08-15 |SR007        |5,396.00   |5,390.00 |5,458.00 |5,325.00 |5,342.00 |5,351.00  |-54.00    |-45.00    |174       |300         |36       |931.00       |0.00                   |
2019-08-15 |SR909        |5,596.00   |5,574.00 |5,598.00 |5,491.00 |5,526.00 |5,539.00  |-70.00    |-57.00    |66,932    |81,162      |-18,876  |370,751.07   |0.00                   |
2019-08-15 |SR911        |5,562.00   |5,559.00 |5,567.00 |5,488.00 |5,513.00 |5,523.00  |-49.00    |-39.00    |20,550    |39,190      |-48      |113,498.92   |0.00                   |
2019-08-16 |SR001        |5,503.00   |5,490.00 |5,542.00 |5,427.00 |5,439.00 |5,490.00  |-64.00    |-13.00    |1,038,408 |682,156     |-36,110  |5,700,521.21 |0.00                   |
2019-08-16 |SR003        |5,439.00   |5,450.00 |5,477.00 |5,379.00 |5,386.00 |5,440.00  |-53.00    |1.00      |398       |6,682       |174      |2,164.93     |0.00                   |
2019-08-16 |SR005        |5,370.00   |5,368.00 |5,422.00 |5,318.00 |5,330.00 |5,379.00  |-40.00    |9.00      |76,208    |173,868     |7,214    |409,887.83   |0.00                   |
2019-08-16 |SR007        |5,351.00   |5,356.00 |5,399.00 |5,318.00 |5,320.00 |5,356.00  |-31.00    |5.00      |186       |356         |56       |996.13       |0.00                   |
2019-08-16 |SR909        |5,539.00   |5,526.00 |5,577.00 |5,507.00 |5,516.00 |5,536.00  |-23.00    |-3.00     |47,840    |65,508      |-15,654  |264,851.57   |0.00                   |
2019-08-16 |SR911        |5,523.00   |5,537.00 |5,554.00 |5,450.00 |5,462.00 |5,512.00  |-61.00    |-11.00    |15,752    |34,284      |-4,906   |86,832.51    |0.00                   |
2019-08-19 |SR001        |5,490.00   |5,443.00 |5,464.00 |5,422.00 |5,460.00 |5,447.00  |-30.00    |-43.00    |644,364   |695,192     |13,036   |3,510,024.47 |0.00                   |
2019-08-19 |SR003        |5,440.00   |5,389.00 |5,421.00 |5,383.00 |5,421.00 |5,402.00  |-19.00    |-38.00    |484       |6,926       |244      |2,614.62     |0.00                   |
2019-08-19 |SR005        |5,379.00   |5,339.00 |5,379.00 |5,322.00 |5,376.00 |5,353.00  |-3.00     |-26.00    |64,974    |187,922     |14,054   |347,791.39   |0.00                   |
2019-08-19 |SR007        |5,356.00   |5,327.00 |5,366.00 |5,320.00 |5,362.00 |5,339.00  |6.00      |-17.00    |154       |446         |90       |822.16       |0.00                   |
2019-08-19 |SR909        |5,536.00   |5,524.00 |5,530.00 |5,501.00 |5,518.00 |5,516.00  |-18.00    |-20.00    |16,966    |59,516      |-5,992   |93,592.25    |0.00                   |
2019-08-19 |SR911        |5,512.00   |5,458.00 |5,508.00 |5,450.00 |5,500.00 |5,490.00  |-12.00    |-22.00    |14,562    |29,896      |-4,388   |79,947.11    |0.00                   |
2019-08-20 |SR001        |5,447.00   |5,448.00 |5,478.00 |5,427.00 |5,463.00 |5,455.00  |16.00     |8.00      |822,018   |703,180     |7,988    |4,484,212.32 |0.00                   |
2019-08-20 |SR003        |5,402.00   |5,410.00 |5,435.00 |5,404.00 |5,432.00 |5,418.00  |30.00     |16.00     |278       |7,028       |102      |1,506.08     |0.00                   |
2019-08-20 |SR005        |5,353.00   |5,363.00 |5,400.00 |5,352.00 |5,394.00 |5,375.00  |41.00     |22.00     |82,776    |196,144     |8,222    |444,930.77   |0.00                   |
2019-08-20 |SR007        |5,339.00   |5,354.00 |5,385.00 |5,348.00 |5,385.00 |5,373.00  |46.00     |34.00     |274       |362         |-84      |1,472.19     |0.00                   |
2019-08-20 |SR909        |5,516.00   |5,500.00 |5,534.00 |5,500.00 |5,524.00 |5,517.00  |8.00      |1.00      |13,634    |54,954      |-4,562   |75,224.04    |0.00                   |
2019-08-20 |SR911        |5,490.00   |5,500.00 |5,524.00 |5,493.00 |5,515.00 |5,510.00  |25.00     |20.00     |16,836    |30,568      |672      |92,764.50    |0.00                   |
2019-08-21 |SR001        |5,455.00   |5,469.00 |5,477.00 |5,409.00 |5,436.00 |5,440.00  |-19.00    |-15.00    |820,766   |697,498     |-5,682   |4,465,313.75 |0.00                   |
2019-08-21 |SR003        |5,418.00   |5,439.00 |5,439.00 |5,377.00 |5,393.00 |5,414.00  |-25.00    |-4.00     |52        |7,034       |6        |281.51       |0.00                   |
2019-08-21 |SR005        |5,375.00   |5,403.00 |5,406.00 |5,338.00 |5,365.00 |5,371.00  |-10.00    |-4.00     |74,498    |201,624     |5,480    |400,114.97   |0.00                   |
2019-08-21 |SR007        |5,373.00   |5,388.00 |5,388.00 |5,343.00 |5,354.00 |5,370.00  |-19.00    |-3.00     |70        |384         |22       |375.93       |0.00                   |
2019-08-21 |SR909        |5,517.00   |5,535.00 |5,535.00 |5,493.00 |5,506.00 |5,510.00  |-11.00    |-7.00     |14,328    |48,530      |-6,424   |78,950.15    |0.00                   |
2019-08-21 |SR911        |5,510.00   |5,515.00 |5,528.00 |5,469.00 |5,481.00 |5,491.00  |-29.00    |-19.00    |13,248    |32,738      |2,170    |72,751.03    |0.00                   |
2019-08-22 |SR001        |5,440.00   |5,448.00 |5,522.00 |5,431.00 |5,521.00 |5,475.00  |81.00     |35.00     |1,038,300 |741,772     |44,274   |5,684,584.99 |0.00                   |
2019-08-22 |SR003        |5,414.00   |5,418.00 |5,476.00 |5,405.00 |5,476.00 |5,436.00  |62.00     |22.00     |410       |6,764       |-270     |2,228.62     |0.00                   |
2019-08-22 |SR005        |5,371.00   |5,370.00 |5,418.00 |5,355.00 |5,415.00 |5,381.00  |44.00     |10.00     |62,702    |207,104     |5,480    |337,397.32   |0.00                   |
2019-08-22 |SR007        |5,370.00   |5,363.00 |5,408.00 |5,351.00 |5,408.00 |5,380.00  |38.00     |10.00     |242       |586         |202      |1,301.87     |0.00                   |
2019-08-22 |SR909        |5,510.00   |5,510.00 |5,562.00 |5,506.00 |5,562.00 |5,531.00  |52.00     |21.00     |16,654    |41,454      |-7,076   |92,115.29    |0.00                   |
2019-08-22 |SR911        |5,491.00   |5,481.00 |5,540.00 |5,478.00 |5,527.00 |5,514.00  |36.00     |23.00     |19,476    |35,408      |2,670    |107,391.81   |0.00                   |
2019-08-23 |SR001        |5,475.00   |5,518.00 |5,527.00 |5,481.00 |5,502.00 |5,501.00  |27.00     |26.00     |758,326   |720,850     |-20,922  |4,171,182.58 |0.00                   |
2019-08-23 |SR003        |5,436.00   |5,471.00 |5,479.00 |5,438.00 |5,460.00 |5,453.00  |24.00     |17.00     |276       |6,788       |24       |1,505.10     |0.00                   |
2019-08-23 |SR005        |5,381.00   |5,410.00 |5,424.00 |5,371.00 |5,403.00 |5,398.00  |22.00     |17.00     |52,324    |208,668     |1,564    |282,427.61   |0.00                   |
2019-08-23 |SR007        |5,380.00   |5,391.00 |5,395.00 |5,377.00 |5,389.00 |5,387.00  |9.00      |7.00      |40        |578         |-8       |215.49       |0.00                   |
2019-08-23 |SR909        |5,531.00   |5,553.00 |5,562.00 |5,530.00 |5,534.00 |5,541.00  |3.00      |10.00     |11,254    |34,038      |-7,416   |62,353.17    |0.00                   |
2019-08-23 |SR911        |5,514.00   |5,517.00 |5,536.00 |5,500.00 |5,525.00 |5,519.00  |11.00     |5.00      |13,402    |36,108      |700      |73,962.39    |0.00                   |
2019-08-26 |SR001        |5,501.00   |5,490.00 |5,499.00 |5,410.00 |5,457.00 |5,452.00  |-44.00    |-49.00    |722,828   |683,096     |-37,754  |3,940,643.11 |0.00                   |
2019-08-26 |SR003        |5,453.00   |5,443.00 |5,454.00 |5,380.00 |5,421.00 |5,411.00  |-32.00    |-42.00    |272       |6,878       |90       |1,471.72     |0.00                   |
2019-08-26 |SR005        |5,398.00   |5,399.00 |5,403.00 |5,334.00 |5,374.00 |5,364.00  |-24.00    |-34.00    |59,468    |209,076     |408      |318,988.37   |0.00                   |
2019-08-26 |SR007        |5,387.00   |5,362.00 |5,372.00 |5,330.00 |5,367.00 |5,354.00  |-20.00    |-33.00    |120       |618         |40       |642.45       |0.00                   |
2019-08-26 |SR909        |5,541.00   |5,540.00 |5,540.00 |5,460.00 |5,507.00 |5,503.00  |-34.00    |-38.00    |17,206    |23,092      |-10,946  |94,688.23    |0.00                   |
2019-08-26 |SR911        |5,519.00   |5,530.00 |5,530.00 |5,451.00 |5,490.00 |5,479.00  |-29.00    |-40.00    |10,036    |36,180      |72       |54,991.29    |0.00                   |
2019-08-27 |SR001        |5,452.00   |5,467.00 |5,475.00 |5,320.00 |5,353.00 |5,397.00  |-99.00    |-55.00    |1,128,490 |652,974     |-30,122  |6,090,100.89 |0.00                   |
2019-08-27 |SR003        |5,411.00   |5,417.00 |5,417.00 |5,301.00 |5,314.00 |5,363.00  |-97.00    |-48.00    |144       |6,846       |-32      |772.26       |0.00                   |
2019-08-27 |SR005        |5,364.00   |5,396.00 |5,397.00 |5,234.00 |5,269.00 |5,309.00  |-95.00    |-55.00    |97,654    |205,968     |-3,108   |518,448.72   |0.00                   |
2019-08-27 |SR007        |5,354.00   |5,352.00 |5,352.00 |5,233.00 |5,246.00 |5,303.00  |-108.00   |-51.00    |118       |640         |22       |625.70       |0.00                   |
2019-08-27 |SR909        |5,503.00   |5,498.00 |5,527.00 |5,401.00 |5,410.00 |5,471.00  |-93.00    |-32.00    |9,372     |17,730      |-5,362   |51,275.77    |0.00                   |
2019-08-27 |SR911        |5,479.00   |5,475.00 |5,496.00 |5,351.00 |5,381.00 |5,424.00  |-98.00    |-55.00    |16,690    |34,120      |-2,060   |90,524.53    |0.00                   |
2019-08-28 |SR001        |5,397.00   |5,356.00 |5,394.00 |5,340.00 |5,387.00 |5,368.00  |-10.00    |-29.00    |755,750   |652,342     |-632     |4,057,215.70 |0.00                   |
2019-08-28 |SR003        |5,363.00   |5,337.00 |5,350.00 |5,308.00 |5,347.00 |5,329.00  |-16.00    |-34.00    |132       |6,816       |-30      |703.39       |0.00                   |
2019-08-28 |SR005        |5,309.00   |5,270.00 |5,301.00 |5,255.00 |5,293.00 |5,278.00  |-16.00    |-31.00    |56,346    |210,854     |4,886    |297,371.90   |0.00                   |
2019-08-28 |SR007        |5,303.00   |5,266.00 |5,295.00 |5,251.00 |5,287.00 |5,274.00  |-16.00    |-29.00    |108       |654         |14       |569.58       |0.00                   |
2019-08-28 |SR909        |5,471.00   |5,420.00 |5,458.00 |5,406.00 |5,456.00 |5,436.00  |-15.00    |-35.00    |4,782     |14,274      |-3,456   |25,993.63    |0.00                   |
2019-08-28 |SR911        |5,424.00   |5,399.00 |5,423.00 |5,376.00 |5,419.00 |5,400.00  |-5.00     |-24.00    |18,174    |28,434      |-5,686   |98,145.10    |0.00                   |
2019-08-29 |SR001        |5,368.00   |5,391.00 |5,391.00 |5,354.00 |5,363.00 |5,371.00  |-5.00     |3.00      |511,504   |654,894     |2,552    |2,747,329.87 |0.00                   |
2019-08-29 |SR003        |5,329.00   |5,337.00 |5,340.00 |5,300.00 |5,316.00 |5,310.00  |-13.00    |-19.00    |3,430     |10,048      |3,232    |18,212.88    |0.00                   |
2019-08-29 |SR005        |5,278.00   |5,297.00 |5,297.00 |5,255.00 |5,263.00 |5,272.00  |-15.00    |-6.00     |46,920    |216,358     |5,504    |247,360.12   |0.00                   |
2019-08-29 |SR007        |5,274.00   |5,272.00 |5,272.00 |5,233.00 |5,255.00 |5,235.00  |-19.00    |-39.00    |2,178     |2,702       |2,048    |11,402.25    |0.00                   |
2019-08-29 |SR909        |5,436.00   |5,443.00 |5,480.00 |5,438.00 |5,467.00 |5,460.00  |31.00     |24.00     |3,252     |12,122      |-2,152   |17,756.74    |0.00                   |
2019-08-29 |SR911        |5,400.00   |5,408.00 |5,440.00 |5,399.00 |5,423.00 |5,424.00  |23.00     |24.00     |12,710    |27,682      |-752     |68,933.00    |0.00                   |
2019-08-30 |SR001        |5,371.00   |5,366.00 |5,379.00 |5,343.00 |5,368.00 |5,364.00  |-3.00     |-7.00     |517,388   |643,320     |-11,574  |2,775,073.47 |0.00                   |
2019-08-30 |SR003        |5,310.00   |5,306.00 |5,331.00 |5,304.00 |5,324.00 |5,320.00  |14.00     |10.00     |114       |10,082      |34       |606.53       |0.00                   |
2019-08-30 |SR005        |5,272.00   |5,258.00 |5,280.00 |5,245.00 |5,275.00 |5,268.00  |3.00      |-4.00     |40,236    |218,754     |2,396    |211,945.99   |0.00                   |
2019-08-30 |SR007        |5,235.00   |5,239.00 |5,262.00 |5,239.00 |5,249.00 |5,247.00  |14.00     |12.00     |178       |2,722       |20       |933.98       |0.00                   |
2019-08-30 |SR909        |5,460.00   |5,467.00 |5,497.00 |5,454.00 |5,482.00 |5,474.00  |22.00     |14.00     |4,218     |8,744       |-3,378   |23,088.39    |0.00                   |
2019-08-30 |SR911        |5,424.00   |5,423.00 |5,424.00 |5,391.00 |5,420.00 |5,409.00  |-4.00     |-15.00    |8,552     |26,618      |-1,064   |46,258.61    |0.00                   |
2019-09-02 |SR001        |5,364.00   |5,366.00 |5,409.00 |5,357.00 |5,376.00 |5,382.00  |12.00     |18.00     |608,794   |644,256     |936      |3,276,551.78 |0.00                   |
2019-09-02 |SR003        |5,320.00   |5,336.00 |5,363.00 |5,327.00 |5,337.00 |5,351.00  |17.00     |31.00     |210       |10,140      |58       |1,123.78     |0.00                   |
2019-09-02 |SR005        |5,268.00   |5,275.00 |5,320.00 |5,268.00 |5,290.00 |5,293.00  |22.00     |25.00     |47,100    |219,738     |984      |249,288.03   |0.00                   |
2019-09-02 |SR007        |5,247.00   |5,259.00 |5,280.00 |5,257.00 |5,260.00 |5,265.00  |13.00     |18.00     |24        |2,724       |2        |126.36       |0.00                   |
2019-09-02 |SR909        |5,474.00   |5,494.00 |5,530.00 |5,471.00 |5,522.00 |5,498.00  |48.00     |24.00     |1,342     |7,768       |-976     |7,378.87     |5,494.00               |
2019-09-02 |SR911        |5,409.00   |5,414.00 |5,452.00 |5,408.00 |5,429.00 |5,432.00  |20.00     |23.00     |11,256    |25,126      |-1,492   |61,142.71    |0.00                   |
2019-09-03 |SR001        |5,382.00   |5,380.00 |5,451.00 |5,325.00 |5,446.00 |5,380.00  |64.00     |-2.00     |932,504   |684,528     |40,272   |5,016,814.36 |0.00                   |
2019-09-03 |SR003        |5,351.00   |5,340.00 |5,405.00 |5,290.00 |5,405.00 |5,356.00  |54.00     |5.00      |98        |10,084      |-56      |524.86       |0.00                   |
2019-09-03 |SR005        |5,293.00   |5,293.00 |5,352.00 |5,241.00 |5,347.00 |5,288.00  |54.00     |-5.00     |59,240    |224,032     |4,294    |313,278.83   |0.00                   |
2019-09-03 |SR007        |5,265.00   |5,248.00 |5,320.00 |5,237.00 |5,320.00 |5,260.00  |55.00     |-5.00     |88        |2,720       |-4       |462.86       |0.00                   |
2019-09-03 |SR909        |5,498.00   |5,520.00 |5,588.00 |5,502.00 |5,585.00 |5,533.00  |87.00     |35.00     |476       |7,390       |-378     |2,633.88     |5,496.00               |
2019-09-03 |SR911        |5,432.00   |5,423.00 |5,498.00 |5,393.00 |5,494.00 |5,436.00  |62.00     |4.00      |15,066    |24,586      |-540     |81,895.51    |0.00                   |
2019-09-04 |SR001        |5,380.00   |5,440.00 |5,504.00 |5,427.00 |5,473.00 |5,470.00  |93.00     |90.00     |994,744   |694,986     |10,458   |5,441,364.16 |0.00                   |
2019-09-04 |SR003        |5,356.00   |5,401.00 |5,451.00 |5,390.00 |5,424.00 |5,429.00  |68.00     |73.00     |80        |10,044      |-40      |434.30       |0.00                   |
2019-09-04 |SR005        |5,288.00   |5,344.00 |5,400.00 |5,332.00 |5,368.00 |5,369.00  |80.00     |81.00     |81,738    |230,486     |6,454    |438,848.44   |0.00                   |
2019-09-04 |SR007        |5,260.00   |5,317.00 |5,353.00 |5,308.00 |5,327.00 |5,332.00  |67.00     |72.00     |92        |2,718       |-2       |490.52       |0.00                   |
2019-09-04 |SR909        |5,533.00   |5,588.00 |5,600.00 |5,588.00 |5,600.00 |5,598.00  |67.00     |65.00     |106       |7,372       |-18      |593.38       |5,505.00               |
2019-09-04 |SR911        |5,436.00   |5,495.00 |5,568.00 |5,482.00 |5,540.00 |5,533.00  |104.00    |97.00     |18,596    |25,878      |1,292    |102,884.71   |0.00                   |
2019-09-05 |SR001        |5,470.00   |5,480.00 |5,563.00 |5,457.00 |5,483.00 |5,505.00  |13.00     |35.00     |1,076,922 |706,742     |11,756   |5,927,954.45 |0.00                   |
2019-09-05 |SR003        |5,429.00   |5,431.00 |5,521.00 |5,412.00 |5,452.00 |5,470.00  |23.00     |41.00     |572       |10,182      |138      |3,129.06     |0.00                   |
2019-09-05 |SR005        |5,369.00   |5,378.00 |5,472.00 |5,349.00 |5,399.00 |5,416.00  |30.00     |47.00     |123,614   |234,650     |4,164    |669,522.98   |0.00                   |
2019-09-05 |SR007        |5,332.00   |5,338.00 |5,422.00 |5,336.00 |5,370.00 |5,394.00  |38.00     |62.00     |286       |2,650       |-68      |1,542.58     |0.00                   |
2019-09-05 |SR909        |5,598.00   |5,608.00 |5,645.00 |5,597.00 |5,645.00 |5,623.00  |47.00     |25.00     |176       |7,208       |-164     |989.60       |5,514.00               |
2019-09-05 |SR911        |5,533.00   |5,545.00 |5,600.00 |5,525.00 |5,530.00 |5,560.00  |-3.00     |27.00     |20,382    |26,926      |1,048    |113,324.79   |0.00                   |
2019-09-06 |SR001        |5,505.00   |5,489.00 |5,525.00 |5,466.00 |5,486.00 |5,494.00  |-19.00    |-11.00    |819,748   |708,756     |2,014    |4,503,950.31 |0.00                   |
2019-09-06 |SR003        |5,470.00   |5,449.00 |5,483.00 |5,430.00 |5,449.00 |5,455.00  |-21.00    |-15.00    |216       |10,218      |36       |1,178.24     |0.00                   |
2019-09-06 |SR005        |5,416.00   |5,396.00 |5,441.00 |5,380.00 |5,404.00 |5,410.00  |-12.00    |-6.00     |89,272    |230,966     |-3,684   |482,972.04   |0.00                   |
2019-09-06 |SR007        |5,394.00   |5,373.00 |5,387.00 |5,348.00 |5,374.00 |5,372.00  |-20.00    |-22.00    |74        |2,648       |-2       |397.54       |0.00                   |
2019-09-06 |SR909        |5,623.00   |5,623.00 |5,627.00 |5,623.00 |5,627.00 |5,625.00  |4.00      |2.00      |16        |7,194       |-14      |90.00        |5,522.00               |
2019-09-06 |SR911        |5,560.00   |5,531.00 |5,568.00 |5,529.00 |5,550.00 |5,548.00  |-10.00    |-12.00    |15,970    |27,762      |836      |88,602.45    |0.00                   |
2019-09-09 |SR001        |5,494.00   |5,495.00 |5,557.00 |5,484.00 |5,549.00 |5,519.00  |55.00     |25.00     |907,686   |754,476     |45,720   |5,009,942.17 |0.00                   |
2019-09-09 |SR003        |5,455.00   |5,465.00 |5,511.00 |5,451.00 |5,511.00 |5,479.00  |56.00     |24.00     |232       |10,146      |-72      |1,271.08     |0.00                   |
2019-09-09 |SR005        |5,410.00   |5,412.00 |5,460.00 |5,396.00 |5,452.00 |5,428.00  |42.00     |18.00     |69,294    |228,406     |-2,560   |376,101.38   |0.00                   |
2019-09-09 |SR007        |5,372.00   |5,374.00 |5,420.00 |5,367.00 |5,418.00 |5,395.00  |46.00     |23.00     |94        |2,628       |-20      |507.17       |0.00                   |
2019-09-09 |SR909        |5,625.00   |5,643.00 |5,651.00 |5,630.00 |5,651.00 |5,642.00  |26.00     |17.00     |1,970     |5,368       |-1,826   |11,114.24    |5,536.00               |
2019-09-09 |SR911        |5,548.00   |5,549.00 |5,612.00 |5,549.00 |5,601.00 |5,578.00  |53.00     |30.00     |17,994    |29,660      |1,898    |100,378.94   |0.00                   |
2019-09-10 |SR001        |5,519.00   |5,549.00 |5,553.00 |5,467.00 |5,477.00 |5,505.00  |-42.00    |-14.00    |774,894   |727,586     |-26,890  |4,265,607.90 |0.00                   |
2019-09-10 |SR003        |5,479.00   |5,502.00 |5,502.00 |5,433.00 |5,433.00 |5,450.00  |-46.00    |-29.00    |154       |10,230      |84       |839.28       |0.00                   |
2019-09-10 |SR005        |5,428.00   |5,448.00 |5,458.00 |5,385.00 |5,396.00 |5,413.00  |-32.00    |-15.00    |56,180    |225,454     |-2,952   |304,086.01   |0.00                   |
2019-09-10 |SR007        |5,395.00   |5,416.00 |5,416.00 |5,357.00 |5,357.00 |5,377.00  |-38.00    |-18.00    |66        |2,632       |4        |354.88       |0.00                   |
2019-09-10 |SR909        |5,642.00   |5,640.00 |5,656.00 |5,612.00 |5,620.00 |5,631.00  |-22.00    |-11.00    |370       |5,186       |-182     |2,083.41     |5,552.00               |
2019-09-10 |SR911        |5,578.00   |5,606.00 |5,608.00 |5,536.00 |5,542.00 |5,565.00  |-36.00    |-13.00    |17,708    |29,548      |-112     |98,547.52    |0.00                   |
2019-09-11 |SR001        |5,505.00   |5,483.00 |5,532.00 |5,461.00 |5,524.00 |5,501.00  |19.00     |-4.00     |667,840   |733,556     |5,970    |3,674,085.19 |0.00                   |
2019-09-11 |SR003        |5,450.00   |5,447.00 |5,480.00 |5,447.00 |5,480.00 |5,455.00  |30.00     |5.00      |42        |10,226      |-4       |229.10       |0.00                   |
2019-09-11 |SR005        |5,413.00   |5,405.00 |5,448.00 |5,381.00 |5,441.00 |5,418.00  |28.00     |5.00      |52,022    |225,160     |-294     |281,831.49   |0.00                   |
2019-09-11 |SR007        |5,377.00   |5,368.00 |5,389.00 |5,360.00 |5,383.00 |5,372.00  |6.00      |-5.00     |54        |2,638       |6        |290.11       |0.00                   |
2019-09-11 |SR909        |5,631.00   |5,615.00 |5,650.00 |5,615.00 |5,650.00 |5,629.00  |19.00     |-2.00     |98        |5,114       |-72      |551.60       |5,571.00               |
2019-09-11 |SR911        |5,565.00   |5,547.00 |5,593.00 |5,529.00 |5,588.00 |5,567.00  |23.00     |2.00      |20,170    |26,906      |-2,642   |112,285.97   |0.00                   |
2019-09-12 |SR001        |5,501.00   |5,516.00 |5,519.00 |5,476.00 |5,490.00 |5,493.00  |-11.00    |-8.00     |544,198   |704,952     |-28,604  |2,989,037.06 |0.00                   |
2019-09-12 |SR003        |5,455.00   |5,472.00 |5,472.00 |5,447.00 |5,453.00 |5,457.00  |-2.00     |2.00      |104       |10,262      |36       |567.53       |0.00                   |
2019-09-12 |SR005        |5,418.00   |5,440.00 |5,440.00 |5,403.00 |5,408.00 |5,417.00  |-10.00    |-1.00     |52,200    |223,178     |-1,982   |282,757.65   |0.00                   |
2019-09-12 |SR007        |5,372.00   |5,370.00 |5,380.00 |5,363.00 |5,372.00 |5,372.00  |0.00      |0.00      |36        |2,640       |2        |193.39       |0.00                   |
2019-09-12 |SR909        |5,629.00   |5,560.00 |5,645.00 |5,560.00 |5,645.00 |5,615.00  |16.00     |-14.00    |64        |5,070       |-44      |359.34       |5,587.00               |
2019-09-12 |SR911        |5,567.00   |5,581.00 |5,581.00 |5,547.00 |5,570.00 |5,562.00  |3.00      |-5.00     |14,276    |26,154      |-752     |79,408.18    |0.00                   |
2019-09-16 |SR001        |5,493.00   |5,531.00 |5,560.00 |5,486.00 |5,548.00 |5,529.00  |55.00     |36.00     |566,778   |743,332     |38,380   |3,133,811.19 |0.00                   |
2019-09-16 |SR003        |5,457.00   |5,490.00 |5,516.00 |5,456.00 |5,508.00 |5,489.00  |51.00     |32.00     |168       |10,130      |-132     |922.10       |0.00                   |
2019-09-16 |SR005        |5,417.00   |5,441.00 |5,468.00 |5,398.00 |5,457.00 |5,440.00  |40.00     |23.00     |60,924    |222,652     |-526     |331,422.75   |0.00                   |
2019-09-16 |SR007        |5,372.00   |5,392.00 |5,423.00 |5,369.00 |5,423.00 |5,398.00  |51.00     |26.00     |64        |2,664       |24       |345.50       |0.00                   |
2019-09-16 |SR909        |5,615.00   |5,630.00 |5,650.00 |5,630.00 |5,650.00 |5,645.00  |35.00     |30.00     |2,490     |0           |-5,070   |14,056.01    |5,604.00               |
2019-09-16 |SR911        |5,562.00   |5,550.00 |5,618.00 |5,550.00 |5,603.00 |5,593.00  |41.00     |31.00     |11,674    |26,226      |72       |65,294.91    |0.00                   |
2019-09-17 |SR001        |5,529.00   |5,565.00 |5,580.00 |5,469.00 |5,479.00 |5,518.00  |-50.00    |-11.00    |816,132   |724,066     |-19,266  |4,503,411.57 |0.00                   |
2019-09-17 |SR003        |5,489.00   |5,538.00 |5,548.00 |5,434.00 |5,440.00 |5,474.00  |-49.00    |-15.00    |324       |10,154      |24       |1,773.58     |0.00                   |
2019-09-17 |SR005        |5,440.00   |5,474.00 |5,638.00 |5,386.00 |5,395.00 |5,434.00  |-45.00    |-6.00     |91,718    |216,990     |-5,662   |498,440.06   |0.00                   |
2019-09-17 |SR007        |5,398.00   |5,426.00 |5,452.00 |5,375.00 |5,393.00 |5,410.00  |-5.00     |12.00     |534       |2,740       |76       |2,888.70     |0.00                   |
2019-09-17 |SR009        |5,398.00   |5,433.00 |5,551.00 |5,390.00 |5,396.00 |5,444.00  |-2.00     |46.00     |14,074    |12,640      |12,640   |76,615.74    |0.00                   |
2019-09-17 |SR911        |5,593.00   |5,605.00 |5,630.00 |5,528.00 |5,528.00 |5,557.00  |-65.00    |-36.00    |22,760    |25,242      |-984     |126,470.72   |0.00                   |
2019-09-18 |SR001        |5,518.00   |5,476.00 |5,483.00 |5,413.00 |5,424.00 |5,435.00  |-94.00    |-83.00    |773,102   |708,950     |-15,116  |4,201,885.62 |0.00                   |
2019-09-18 |SR003        |5,474.00   |5,434.00 |5,442.00 |5,383.00 |5,388.00 |5,401.00  |-86.00    |-73.00    |258       |10,240      |86       |1,393.39     |0.00                   |
2019-09-18 |SR005        |5,434.00   |5,380.00 |5,397.00 |5,337.00 |5,351.00 |5,357.00  |-83.00    |-77.00    |85,224    |210,630     |-6,360   |456,520.03   |0.00                   |
2019-09-18 |SR007        |5,410.00   |5,383.00 |5,384.00 |5,331.00 |5,344.00 |5,349.00  |-66.00    |-61.00    |250       |2,734       |-6       |1,337.36     |0.00                   |
2019-09-18 |SR009        |5,444.00   |5,400.00 |5,402.00 |5,344.00 |5,356.00 |5,365.00  |-88.00    |-79.00    |9,324     |15,200      |2,560    |50,022.63    |0.00                   |
2019-09-18 |SR911        |5,557.00   |5,521.00 |5,532.00 |5,473.00 |5,483.00 |5,488.00  |-74.00    |-69.00    |17,276    |26,654      |1,412    |94,811.15    |0.00                   |
2019-09-19 |SR001        |5,435.00   |5,428.00 |5,450.00 |5,406.00 |5,437.00 |5,434.00  |2.00      |-1.00     |501,720   |695,856     |-13,094  |2,726,079.04 |0.00                   |
2019-09-19 |SR003        |5,401.00   |5,393.00 |5,410.00 |5,378.00 |5,400.00 |5,393.00  |-1.00     |-8.00     |124       |10,248      |8        |668.79       |0.00                   |
2019-09-19 |SR005        |5,357.00   |5,351.00 |5,374.00 |5,335.00 |5,360.00 |5,359.00  |3.00      |2.00      |37,236    |205,810     |-4,820   |199,533.89   |0.00                   |
2019-09-19 |SR007        |5,349.00   |5,351.00 |5,361.00 |5,341.00 |5,349.00 |5,354.00  |0.00      |5.00      |112       |2,762       |28       |599.66       |0.00                   |
2019-09-19 |SR009        |5,365.00   |5,359.00 |5,378.00 |5,348.00 |5,366.00 |5,365.00  |1.00      |0.00      |8,634     |16,178      |978      |46,319.98    |0.00                   |
2019-09-19 |SR911        |5,488.00   |5,488.00 |5,499.00 |5,464.00 |5,492.00 |5,486.00  |4.00      |-2.00     |9,342     |29,148      |2,494    |51,251.47    |0.00                   |
2019-09-20 |SR001        |5,434.00   |5,440.00 |5,441.00 |5,392.00 |5,411.00 |5,416.00  |-23.00    |-18.00    |642,530   |679,994     |-15,862  |3,480,142.24 |0.00                   |
2019-09-20 |SR003        |5,393.00   |5,398.00 |5,404.00 |5,360.00 |5,373.00 |5,376.00  |-20.00    |-17.00    |238       |10,134      |-114     |1,279.48     |0.00                   |
2019-09-20 |SR005        |5,359.00   |5,361.00 |5,365.00 |5,309.00 |5,318.00 |5,331.00  |-41.00    |-28.00    |58,932    |199,576     |-6,234   |314,182.47   |0.00                   |
2019-09-20 |SR007        |5,354.00   |5,356.00 |5,356.00 |5,311.00 |5,314.00 |5,323.00  |-40.00    |-31.00    |118       |2,808       |46       |628.17       |0.00                   |
2019-09-20 |SR009        |5,365.00   |5,369.00 |5,369.00 |5,321.00 |5,323.00 |5,339.00  |-42.00    |-26.00    |2,390     |17,232      |1,054    |12,759.26    |0.00                   |
2019-09-20 |SR911        |5,486.00   |5,490.00 |5,496.00 |5,449.00 |5,470.00 |5,468.00  |-16.00    |-18.00    |15,640    |27,906      |-1,242   |85,523.18    |0.00                   |
2019-09-23 |SR001        |5,416.00   |5,413.00 |5,416.00 |5,370.00 |5,404.00 |5,393.00  |-12.00    |-23.00    |668,322   |655,196     |-24,798  |3,604,466.96 |0.00                   |
2019-09-23 |SR003        |5,376.00   |5,368.00 |5,371.00 |5,329.00 |5,349.00 |5,354.00  |-27.00    |-22.00    |158       |10,046      |-88      |845.93       |0.00                   |
2019-09-23 |SR005        |5,331.00   |5,315.00 |5,324.00 |5,269.00 |5,304.00 |5,294.00  |-27.00    |-37.00    |96,118    |181,676     |-17,900  |508,849.40   |0.00                   |
2019-09-23 |SR007        |5,323.00   |5,317.00 |5,317.00 |5,269.00 |5,293.00 |5,287.00  |-30.00    |-36.00    |318       |2,792       |-16      |1,681.19     |0.00                   |
2019-09-23 |SR009        |5,339.00   |5,321.00 |5,326.00 |5,272.00 |5,305.00 |5,296.00  |-34.00    |-43.00    |13,140    |19,568      |2,336    |69,583.11    |0.00                   |
2019-09-23 |SR911        |5,468.00   |5,470.00 |5,470.00 |5,423.00 |5,460.00 |5,447.00  |-8.00     |-21.00    |15,344    |27,428      |-478     |83,577.88    |0.00                   |
2019-09-24 |SR001        |5,393.00   |5,410.00 |5,465.00 |5,406.00 |5,410.00 |5,436.00  |17.00     |43.00     |830,398   |601,318     |-53,878  |4,513,912.82 |0.00                   |
2019-09-24 |SR003        |5,354.00   |5,372.00 |5,416.00 |5,367.00 |5,370.00 |5,387.00  |16.00     |33.00     |172       |10,118      |72       |926.64       |0.00                   |
2019-09-24 |SR005        |5,294.00   |5,315.00 |5,367.00 |5,311.00 |5,326.00 |5,341.00  |32.00     |47.00     |71,590    |171,498     |-10,178  |382,343.87   |0.00                   |
2019-09-24 |SR007        |5,287.00   |5,302.00 |5,354.00 |5,302.00 |5,320.00 |5,333.00  |33.00     |46.00     |74        |2,774       |-18      |394.62       |0.00                   |
2019-09-24 |SR009        |5,296.00   |5,297.00 |5,365.00 |5,297.00 |5,324.00 |5,339.00  |28.00     |43.00     |2,316     |19,938      |370      |12,364.29    |0.00                   |
2019-09-24 |SR911        |5,447.00   |5,458.00 |5,511.00 |5,458.00 |5,467.00 |5,490.00  |20.00     |43.00     |11,290    |27,654      |226      |61,979.41    |0.00                   |
2019-09-25 |SR001        |5,436.00   |5,418.00 |5,475.00 |5,412.00 |5,471.00 |5,444.00  |35.00     |8.00      |601,560   |607,690     |6,372    |3,275,000.13 |0.00                   |
2019-09-25 |SR003        |5,387.00   |5,363.00 |5,426.00 |5,363.00 |5,426.00 |5,363.00  |39.00     |-24.00    |4,088     |14,090      |3,972    |21,925.94    |0.00                   |
2019-09-25 |SR005        |5,341.00   |5,330.00 |5,386.00 |5,324.00 |5,384.00 |5,353.00  |43.00     |12.00     |49,554    |170,190     |-1,308   |265,278.78   |0.00                   |
2019-09-25 |SR007        |5,333.00   |5,322.00 |5,375.00 |5,319.00 |5,375.00 |5,352.00  |42.00     |19.00     |178       |2,764       |-10      |952.69       |0.00                   |
2019-09-25 |SR009        |5,339.00   |5,336.00 |5,389.00 |5,328.00 |5,388.00 |5,362.00  |49.00     |23.00     |3,368     |21,088      |1,150    |18,060.13    |0.00                   |
2019-09-25 |SR911        |5,490.00   |5,473.00 |5,530.00 |5,473.00 |5,526.00 |5,499.00  |36.00     |9.00      |8,776     |28,012      |358      |48,256.14    |0.00                   |
2019-09-26 |SR001        |5,444.00   |5,472.00 |5,533.00 |5,472.00 |5,524.00 |5,508.00  |80.00     |64.00     |935,814   |618,986     |11,296   |5,154,723.77 |0.00                   |
2019-09-26 |SR003        |5,363.00   |5,411.00 |5,488.00 |5,411.00 |5,477.00 |5,417.00  |114.00    |54.00     |4,482     |18,036      |3,946    |24,278.67    |0.00                   |
2019-09-26 |SR005        |5,353.00   |5,374.00 |5,438.00 |5,374.00 |5,424.00 |5,415.00  |71.00     |62.00     |75,930    |174,788     |4,598    |411,150.52   |0.00                   |
2019-09-26 |SR007        |5,352.00   |5,380.00 |5,426.00 |5,380.00 |5,412.00 |5,409.00  |60.00     |57.00     |106       |2,734       |-30      |573.38       |0.00                   |
2019-09-26 |SR009        |5,362.00   |5,392.00 |5,442.00 |5,392.00 |5,428.00 |5,421.00  |66.00     |59.00     |3,016     |21,290      |202      |16,350.40    |0.00                   |
2019-09-26 |SR911        |5,499.00   |5,538.00 |5,630.00 |5,528.00 |5,630.00 |5,581.00  |131.00    |82.00     |26,202    |26,422      |-1,590   |146,222.14   |0.00                   |
2019-09-27 |SR001        |5,508.00   |5,519.00 |5,549.00 |5,480.00 |5,532.00 |5,518.00  |24.00     |10.00     |668,722   |579,876     |-39,110  |3,689,975.94 |0.00                   |
2019-09-27 |SR003        |5,417.00   |5,467.00 |5,488.00 |5,435.00 |5,479.00 |5,476.00  |62.00     |59.00     |4,146     |18,038      |2        |22,702.63    |0.00                   |
2019-09-27 |SR005        |5,415.00   |5,423.00 |5,445.00 |5,379.00 |5,445.00 |5,417.00  |30.00     |2.00      |61,072    |170,218     |-4,570   |330,797.83   |0.00                   |
2019-09-27 |SR007        |5,409.00   |5,406.00 |5,434.00 |5,383.00 |5,430.00 |5,413.00  |21.00     |4.00      |510       |2,268       |-466     |2,760.66     |0.00                   |
2019-09-27 |SR009        |5,421.00   |5,420.00 |5,447.00 |5,384.00 |5,445.00 |5,426.00  |24.00     |5.00      |6,876     |21,942      |652      |37,307.71    |0.00                   |
2019-09-27 |SR911        |5,581.00   |5,628.00 |5,678.00 |5,601.00 |5,615.00 |5,641.00  |34.00     |60.00     |21,188    |22,692      |-3,730   |119,348.57   |0.00                   |
2019-09-30 |SR001        |5,518.00   |5,536.00 |5,542.00 |5,494.00 |5,507.00 |5,515.00  |-11.00    |-3.00     |395,242   |541,306     |-38,570  |2,179,482.90 |0.00                   |
2019-09-30 |SR003        |5,476.00   |5,468.00 |5,490.00 |5,455.00 |5,461.00 |5,468.00  |-15.00    |-8.00     |4,216     |22,048      |4,010    |23,053.35    |0.00                   |
2019-09-30 |SR005        |5,417.00   |5,448.00 |5,448.00 |5,400.00 |5,408.00 |5,418.00  |-9.00     |1.00      |36,588    |169,236     |-982     |198,248.02   |0.00                   |
2019-09-30 |SR007        |5,413.00   |5,414.00 |5,426.00 |5,398.00 |5,402.00 |5,406.00  |-11.00    |-7.00     |132       |2,316       |48       |713.53       |0.00                   |
2019-09-30 |SR009        |5,426.00   |5,438.00 |5,447.00 |5,405.00 |5,416.00 |5,419.00  |-10.00    |-7.00     |3,068     |22,460      |518      |16,624.90    |0.00                   |
2019-09-30 |SR911        |5,641.00   |5,610.00 |5,653.00 |5,590.00 |5,593.00 |5,617.00  |-48.00    |-24.00    |12,142    |20,004      |-2,688   |68,199.00    |0.00                   |
2019-10-08 |SR001        |5,515.00   |5,500.00 |5,585.00 |5,450.00 |5,561.00 |5,541.00  |46.00     |26.00     |459,828   |566,978     |25,672   |2,547,808.99 |0.00                   |
2019-10-08 |SR003        |5,468.00   |5,449.00 |5,531.00 |5,411.00 |5,517.00 |5,505.00  |49.00     |37.00     |5,692     |25,822      |3,774    |31,335.68    |0.00                   |
2019-10-08 |SR005        |5,418.00   |5,400.00 |5,483.00 |5,356.00 |5,470.00 |5,446.00  |52.00     |28.00     |42,542    |171,248     |2,012    |231,664.90   |0.00                   |
2019-10-08 |SR007        |5,406.00   |5,389.00 |5,474.00 |5,380.00 |5,455.00 |5,444.00  |49.00     |38.00     |56        |2,328       |12       |304.87       |0.00                   |
2019-10-08 |SR009        |5,419.00   |5,416.00 |5,488.00 |5,370.00 |5,474.00 |5,449.00  |55.00     |30.00     |2,738     |22,900      |440      |14,918.22    |0.00                   |
2019-10-08 |SR911        |5,617.00   |5,580.00 |5,678.00 |5,528.00 |5,657.00 |5,605.00  |40.00     |-12.00    |10,948    |12,572      |-7,432   |61,358.95    |0.00                   |
2019-10-09 |SR001        |5,541.00   |5,557.00 |5,634.00 |5,557.00 |5,575.00 |5,598.00  |34.00     |57.00     |1,299,060 |673,950     |106,972  |7,272,410.23 |0.00                   |
2019-10-09 |SR003        |5,505.00   |5,530.00 |5,580.00 |5,517.00 |5,522.00 |5,558.00  |17.00     |53.00     |15,462    |30,456      |4,634    |85,938.10    |0.00                   |
2019-10-09 |SR005        |5,446.00   |5,469.00 |5,532.00 |5,466.00 |5,481.00 |5,499.00  |35.00     |53.00     |109,402   |180,652     |9,404    |601,643.83   |0.00                   |
2019-10-09 |SR007        |5,444.00   |5,444.00 |5,517.00 |5,444.00 |5,473.00 |5,489.00  |29.00     |45.00     |228       |2,268       |-60      |1,251.44     |0.00                   |
2019-10-09 |SR009        |5,449.00   |5,470.00 |5,540.00 |5,470.00 |5,490.00 |5,504.00  |41.00     |55.00     |6,444     |24,320      |1,420    |35,468.10    |0.00                   |
2019-10-09 |SR911        |5,605.00   |5,658.00 |5,691.00 |5,636.00 |5,638.00 |5,666.00  |33.00     |61.00     |5,886     |11,070      |-1,502   |33,323.15    |0.00                   |
2019-10-10 |SR001        |5,598.00   |5,580.00 |5,595.00 |5,567.00 |5,593.00 |5,583.00  |-5.00     |-15.00    |540,250   |680,294     |6,344    |3,016,012.26 |0.00                   |
2019-10-10 |SR003        |5,558.00   |5,534.00 |5,545.00 |5,520.00 |5,542.00 |5,535.00  |-16.00    |-23.00    |14,036    |33,684      |3,228    |77,690.79    |0.00                   |
2019-10-10 |SR005        |5,499.00   |5,488.00 |5,496.00 |5,473.00 |5,496.00 |5,486.00  |-3.00     |-13.00    |40,342    |182,410     |1,758    |221,302.99   |0.00                   |
2019-10-10 |SR007        |5,489.00   |5,480.00 |5,492.00 |5,476.00 |5,486.00 |5,483.00  |-3.00     |-6.00     |48        |2,280       |12       |263.19       |0.00                   |
2019-10-10 |SR009        |5,504.00   |5,498.00 |5,507.00 |5,486.00 |5,507.00 |5,498.00  |3.00      |-6.00     |1,702     |24,728      |408      |9,357.61     |0.00                   |
2019-10-10 |SR911        |5,666.00   |5,650.00 |5,679.00 |5,650.00 |5,659.00 |5,659.00  |-7.00     |-7.00     |8,642     |9,930       |-1,140   |47,864.09    |0.00                   |
2019-10-11 |SR001        |5,583.00   |5,601.00 |5,617.00 |5,516.00 |5,529.00 |5,556.00  |-54.00    |-27.00    |851,764   |625,162     |-55,132  |4,732,427.45 |0.00                   |
2019-10-11 |SR003        |5,535.00   |5,538.00 |5,563.00 |5,468.00 |5,481.00 |5,506.00  |-54.00    |-29.00    |33,874    |37,766      |4,082    |186,507.60   |0.00                   |
2019-10-11 |SR005        |5,486.00   |5,495.00 |5,516.00 |5,422.00 |5,430.00 |5,459.00  |-56.00    |-27.00    |72,898    |180,212     |-2,198   |397,917.33   |0.00                   |
2019-10-11 |SR007        |5,483.00   |5,504.00 |5,509.00 |5,421.00 |5,425.00 |5,458.00  |-58.00    |-25.00    |482       |2,580       |300      |2,630.66     |0.00                   |
2019-10-11 |SR009        |5,498.00   |5,503.00 |5,520.00 |5,443.00 |5,453.00 |5,478.00  |-45.00    |-20.00    |4,296     |26,454      |1,726    |23,531.78    |0.00                   |
2019-10-11 |SR911        |5,659.00   |5,659.00 |5,667.00 |5,626.00 |5,635.00 |5,650.00  |-24.00    |-9.00     |3,498     |7,808       |-2,122   |19,762.86    |0.00                   |
2019-10-14 |SR001        |5,556.00   |5,532.00 |5,560.00 |5,508.00 |5,539.00 |5,537.00  |-17.00    |-19.00    |522,010   |619,820     |-5,342   |2,890,189.30 |0.00                   |
2019-10-14 |SR003        |5,506.00   |5,482.00 |5,512.00 |5,462.00 |5,489.00 |5,486.00  |-17.00    |-20.00    |18,206    |38,606      |840      |99,884.62    |0.00                   |
2019-10-14 |SR005        |5,459.00   |5,430.00 |5,463.00 |5,413.00 |5,438.00 |5,441.00  |-21.00    |-18.00    |38,206    |180,248     |36       |207,866.12   |0.00                   |
2019-10-14 |SR007        |5,458.00   |5,416.00 |5,459.00 |5,409.00 |5,457.00 |5,446.00  |-1.00     |-12.00    |130       |2,598       |18       |708.02       |0.00                   |
2019-10-14 |SR009        |5,478.00   |5,447.00 |5,484.00 |5,434.00 |5,460.00 |5,464.00  |-18.00    |-14.00    |4,168     |27,232      |778      |22,773.60    |0.00                   |
2019-10-14 |SR911        |5,650.00   |5,610.00 |5,667.00 |5,610.00 |5,649.00 |5,642.00  |-1.00     |-8.00     |582       |7,562       |-246     |3,283.92     |0.00                   |
2019-10-15 |SR001        |5,537.00   |5,535.00 |5,580.00 |5,517.00 |5,549.00 |5,546.00  |12.00     |9.00      |748,528   |619,334     |-486     |4,150,837.78 |0.00                   |
2019-10-15 |SR003        |5,486.00   |5,496.00 |5,531.00 |5,470.00 |5,501.00 |5,490.00  |15.00     |4.00      |26,522    |38,206      |-400     |145,604.49   |0.00                   |
2019-10-15 |SR005        |5,441.00   |5,440.00 |5,479.00 |5,421.00 |5,449.00 |5,445.00  |8.00      |4.00      |59,598    |182,986     |2,738    |324,532.61   |0.00                   |
2019-10-15 |SR007        |5,446.00   |5,464.00 |5,474.00 |5,423.00 |5,451.00 |5,443.00  |5.00      |-3.00     |152       |2,598       |0        |827.29       |0.00                   |
2019-10-15 |SR009        |5,464.00   |5,464.00 |5,497.00 |5,445.00 |5,468.00 |5,467.00  |4.00      |3.00      |4,580     |28,760      |1,528    |25,039.37    |0.00                   |
2019-10-15 |SR911        |5,642.00   |5,666.00 |5,679.00 |5,630.00 |5,642.00 |5,642.00  |0.00      |0.00      |1,934     |5,898       |-1,664   |10,912.31    |0.00                   |
2019-10-16 |SR001        |5,546.00   |5,546.00 |5,558.00 |5,492.00 |5,496.00 |5,528.00  |-50.00    |-18.00    |832,688   |589,574     |-29,760  |4,603,057.05 |0.00                   |
2019-10-16 |SR003        |5,490.00   |5,494.00 |5,509.00 |5,444.00 |5,447.00 |5,479.00  |-43.00    |-11.00    |30,020    |38,176      |-30      |164,465.59   |0.00                   |
2019-10-16 |SR005        |5,445.00   |5,446.00 |5,456.00 |5,396.00 |5,398.00 |5,429.00  |-47.00    |-16.00    |65,406    |183,360     |374      |355,061.68   |0.00                   |
2019-10-16 |SR007        |5,443.00   |5,435.00 |5,452.00 |5,409.00 |5,409.00 |5,440.00  |-34.00    |-3.00     |68        |2,598       |0        |369.89       |0.00                   |
2019-10-16 |SR009        |5,467.00   |5,458.00 |5,481.00 |5,425.00 |5,429.00 |5,454.00  |-38.00    |-13.00    |3,798     |30,220      |1,460    |20,713.86    |0.00                   |
2019-10-16 |SR911        |5,642.00   |5,633.00 |5,655.00 |5,534.00 |5,534.00 |5,603.00  |-108.00   |-39.00    |712       |5,442       |-456     |3,989.22     |0.00                   |
2019-10-17 |SR001        |5,528.00   |5,496.00 |5,523.00 |5,473.00 |5,517.00 |5,494.00  |-11.00    |-34.00    |665,986   |578,718     |-10,856  |3,658,719.32 |0.00                   |
2019-10-17 |SR003        |5,479.00   |5,454.00 |5,472.00 |5,426.00 |5,466.00 |5,444.00  |-13.00    |-35.00    |24,420    |38,912      |736      |132,949.49   |0.00                   |
2019-10-17 |SR005        |5,429.00   |5,393.00 |5,420.00 |5,376.00 |5,415.00 |5,396.00  |-14.00    |-33.00    |64,478    |186,630     |3,270    |347,919.29   |0.00                   |
2019-10-17 |SR007        |5,440.00   |5,396.00 |5,413.00 |5,383.00 |5,413.00 |5,396.00  |-27.00    |-44.00    |70        |2,588       |-10      |377.69       |0.00                   |
2019-10-17 |SR009        |5,454.00   |5,434.00 |5,450.00 |5,408.00 |5,445.00 |5,424.00  |-9.00     |-30.00    |4,928     |31,722      |1,502    |26,730.42    |0.00                   |
2019-10-17 |SR911        |5,603.00   |5,540.00 |5,613.00 |5,540.00 |5,591.00 |5,577.00  |-12.00    |-26.00    |880       |5,276       |-166     |4,907.81     |0.00                   |
2019-10-18 |SR001        |5,494.00   |5,522.00 |5,544.00 |5,497.00 |5,535.00 |5,523.00  |41.00     |29.00     |653,002   |586,692     |7,974    |3,606,580.06 |0.00                   |
2019-10-18 |SR003        |5,444.00   |5,470.00 |5,490.00 |5,447.00 |5,480.00 |5,470.00  |36.00     |26.00     |14,168    |36,718      |-2,194   |77,494.61    |0.00                   |
2019-10-18 |SR005        |5,396.00   |5,422.00 |5,439.00 |5,393.00 |5,416.00 |5,414.00  |20.00     |18.00     |63,106    |189,714     |3,084    |341,653.17   |0.00                   |
2019-10-18 |SR007        |5,396.00   |5,426.00 |5,441.00 |5,402.00 |5,416.00 |5,417.00  |20.00     |21.00     |204       |2,562       |-26      |1,105.08     |0.00                   |
2019-10-18 |SR009        |5,424.00   |5,443.00 |5,470.00 |5,426.00 |5,435.00 |5,443.00  |11.00     |19.00     |6,416     |34,604      |2,882    |34,919.68    |0.00                   |
2019-10-18 |SR911        |5,577.00   |5,581.00 |5,636.00 |5,581.00 |5,615.00 |5,585.00  |38.00     |8.00      |512       |4,818       |-458     |2,859.70     |0.00                   |
2019-10-21 |SR001        |5,523.00   |5,535.00 |5,599.00 |5,510.00 |5,598.00 |5,552.00  |75.00     |29.00     |839,296   |621,320     |34,628   |4,660,173.71 |0.00                   |
2019-10-21 |SR003        |5,470.00   |5,482.00 |5,529.00 |5,454.00 |5,526.00 |5,494.00  |56.00     |24.00     |12,764    |39,930      |3,212    |70,130.95    |0.00                   |
2019-10-21 |SR005        |5,414.00   |5,419.00 |5,450.00 |5,388.00 |5,450.00 |5,423.00  |36.00     |9.00      |78,792    |192,918     |3,204    |427,262.07   |0.00                   |
2019-10-21 |SR007        |5,417.00   |5,411.00 |5,443.00 |5,395.00 |5,443.00 |5,417.00  |26.00     |0.00      |172       |2,560       |-2       |931.68       |0.00                   |
2019-10-21 |SR009        |5,443.00   |5,445.00 |5,470.00 |5,415.00 |5,470.00 |5,439.00  |27.00     |-4.00     |7,280     |37,590      |2,986    |39,593.86    |0.00                   |
2019-10-21 |SR911        |5,585.00   |5,586.00 |5,649.00 |5,578.00 |5,645.00 |5,589.00  |60.00     |4.00      |1,090     |3,766       |-1,052   |6,091.94     |0.00                   |
2019-10-22 |SR001        |5,552.00   |5,592.00 |5,623.00 |5,505.00 |5,507.00 |5,568.00  |-45.00    |16.00     |1,217,828 |603,604     |-17,716  |6,780,500.24 |0.00                   |
2019-10-22 |SR003        |5,494.00   |5,529.00 |5,551.00 |5,454.00 |5,455.00 |5,503.00  |-39.00    |9.00      |20,026    |41,494      |1,564    |110,202.09   |0.00                   |
2019-10-22 |SR005        |5,423.00   |5,447.00 |5,464.00 |5,382.00 |5,383.00 |5,427.00  |-40.00    |4.00      |89,502    |194,980     |2,062    |485,756.66   |0.00                   |
2019-10-22 |SR007        |5,417.00   |5,437.00 |5,454.00 |5,383.00 |5,385.00 |5,425.00  |-32.00    |8.00      |160       |2,538       |-22      |868.02       |0.00                   |
2019-10-22 |SR009        |5,439.00   |5,474.00 |5,483.00 |5,410.00 |5,412.00 |5,453.00  |-27.00    |14.00     |10,708    |41,872      |4,282    |58,394.59    |0.00                   |
2019-10-22 |SR911        |5,589.00   |5,620.00 |5,655.00 |5,582.00 |5,588.00 |5,619.00  |-1.00     |30.00     |1,088     |2,772       |-994     |6,113.57     |0.00                   |
2019-10-23 |SR001        |5,568.00   |5,501.00 |5,532.00 |5,488.00 |5,502.00 |5,510.00  |-66.00    |-58.00    |823,456   |596,660     |-6,944   |4,537,015.49 |0.00                   |
2019-10-23 |SR003        |5,503.00   |5,446.00 |5,473.00 |5,435.00 |5,449.00 |5,454.00  |-54.00    |-49.00    |14,484    |40,708      |-786     |78,990.79    |0.00                   |
2019-10-23 |SR005        |5,427.00   |5,370.00 |5,406.00 |5,359.00 |5,386.00 |5,385.00  |-41.00    |-42.00    |64,882    |196,190     |1,210    |349,357.26   |0.00                   |
2019-10-23 |SR007        |5,425.00   |5,357.00 |5,400.00 |5,354.00 |5,395.00 |5,380.00  |-30.00    |-45.00    |176       |2,624       |86       |946.87       |0.00                   |
2019-10-23 |SR009        |5,453.00   |5,410.00 |5,431.00 |5,391.00 |5,414.00 |5,412.00  |-39.00    |-41.00    |4,824     |43,408      |1,536    |26,107.48    |0.00                   |
2019-10-23 |SR911        |5,619.00   |5,562.00 |5,623.00 |5,540.00 |5,601.00 |5,565.00  |-18.00    |-54.00    |856       |1,996       |-776     |4,763.63     |0.00                   |
2019-10-24 |SR001        |5,510.00   |5,506.00 |5,522.00 |5,481.00 |5,508.00 |5,505.00  |-2.00     |-5.00     |683,868   |594,052     |-2,608   |3,764,552.55 |0.00                   |
2019-10-24 |SR003        |5,454.00   |5,452.00 |5,465.00 |5,427.00 |5,452.00 |5,450.00  |-2.00     |-4.00     |13,960    |41,288      |580      |76,079.83    |0.00                   |
2019-10-24 |SR005        |5,385.00   |5,382.00 |5,400.00 |5,364.00 |5,391.00 |5,386.00  |6.00      |1.00      |50,438    |201,580     |5,390    |271,659.93   |0.00                   |
2019-10-24 |SR007        |5,380.00   |5,383.00 |5,400.00 |5,370.00 |5,390.00 |5,387.00  |10.00     |7.00      |52        |2,614       |-10      |280.14       |0.00                   |
2019-10-24 |SR009        |5,412.00   |5,416.00 |5,427.00 |5,390.00 |5,412.00 |5,411.00  |0.00      |-1.00     |6,010     |44,990      |1,582    |32,518.37    |0.00                   |
2019-10-24 |SR911        |5,565.00   |5,627.00 |5,628.00 |5,600.00 |5,604.00 |5,611.00  |39.00     |46.00     |84        |1,978       |-18      |471.31       |0.00                   |
2019-10-25 |SR001        |5,505.00   |5,511.00 |5,570.00 |5,511.00 |5,523.00 |5,541.00  |18.00     |36.00     |704,402   |570,166     |-23,886  |3,903,357.55 |0.00                   |
2019-10-25 |SR003        |5,450.00   |5,450.00 |5,505.00 |5,450.00 |5,468.00 |5,481.00  |18.00     |31.00     |17,606    |38,566      |-2,722   |96,500.81    |0.00                   |
2019-10-25 |SR005        |5,386.00   |5,394.00 |5,439.00 |5,394.00 |5,404.00 |5,417.00  |18.00     |31.00     |53,722    |201,842     |262      |291,028.86   |0.00                   |
2019-10-25 |SR007        |5,387.00   |5,400.00 |5,431.00 |5,396.00 |5,396.00 |5,414.00  |9.00      |27.00     |38        |2,606       |-8       |205.71       |0.00                   |
2019-10-25 |SR009        |5,411.00   |5,419.00 |5,458.00 |5,418.00 |5,426.00 |5,441.00  |15.00     |30.00     |5,866     |45,528      |538      |31,914.08    |0.00                   |
2019-10-25 |SR911        |5,611.00   |5,630.00 |5,658.00 |5,581.00 |5,591.00 |5,619.00  |-20.00    |8.00      |108       |1,916       |-62      |606.87       |0.00                   |
2019-10-28 |SR001        |5,541.00   |5,520.00 |5,543.00 |5,494.00 |5,539.00 |5,512.00  |-2.00     |-29.00    |658,414   |573,532     |3,366    |3,629,089.66 |0.00                   |
2019-10-28 |SR003        |5,481.00   |5,467.00 |5,480.00 |5,442.00 |5,477.00 |5,454.00  |-4.00     |-27.00    |16,478    |37,326      |-1,240   |89,870.65    |0.00                   |
2019-10-28 |SR005        |5,417.00   |5,400.00 |5,416.00 |5,376.00 |5,413.00 |5,391.00  |-4.00     |-26.00    |51,736    |204,226     |2,384    |278,913.92   |0.00                   |
2019-10-28 |SR007        |5,414.00   |5,395.00 |5,413.00 |5,381.00 |5,413.00 |5,392.00  |-1.00     |-22.00    |148       |2,630       |24       |798.01       |0.00                   |
2019-10-28 |SR009        |5,441.00   |5,428.00 |5,440.00 |5,402.00 |5,438.00 |5,417.00  |-3.00     |-24.00    |5,334     |45,530      |2        |28,894.17    |0.00                   |
2019-10-28 |SR911        |5,619.00   |5,622.00 |5,622.00 |5,580.00 |5,622.00 |5,612.00  |3.00      |-7.00     |56        |1,878       |-38      |314.24       |0.00                   |
2019-10-29 |SR001        |5,512.00   |5,543.00 |5,630.00 |5,537.00 |5,625.00 |5,582.00  |113.00    |70.00     |1,437,898 |689,842     |116,310  |8,026,387.06 |0.00                   |
2019-10-29 |SR003        |5,454.00   |5,484.00 |5,557.00 |5,478.00 |5,552.00 |5,513.00  |98.00     |59.00     |21,618    |37,146      |-180     |119,179.04   |0.00                   |
2019-10-29 |SR005        |5,391.00   |5,414.00 |5,483.00 |5,412.00 |5,481.00 |5,444.00  |90.00     |53.00     |107,624   |214,242     |10,016   |585,950.96   |0.00                   |
2019-10-29 |SR007        |5,392.00   |5,424.00 |5,478.00 |5,419.00 |5,471.00 |5,440.00  |79.00     |48.00     |86        |2,620       |-10      |467.88       |0.00                   |
2019-10-29 |SR009        |5,417.00   |5,441.00 |5,504.00 |5,436.00 |5,503.00 |5,467.00  |86.00     |50.00     |7,694     |46,444      |914      |42,062.05    |0.00                   |
2019-10-29 |SR911        |5,612.00   |5,630.00 |5,650.00 |5,615.00 |5,650.00 |5,631.00  |38.00     |19.00     |212       |1,732       |-146     |1,193.75     |0.00                   |
2019-10-30 |SR001        |5,582.00   |5,623.00 |5,640.00 |5,556.00 |5,604.00 |5,601.00  |22.00     |19.00     |986,354   |671,362     |-18,480  |5,524,090.07 |0.00                   |
2019-10-30 |SR003        |5,513.00   |5,558.00 |5,568.00 |5,494.00 |5,533.00 |5,532.00  |20.00     |19.00     |19,808    |38,206      |1,060    |109,578.34   |0.00                   |
2019-10-30 |SR005        |5,444.00   |5,480.00 |5,492.00 |5,431.00 |5,457.00 |5,463.00  |13.00     |19.00     |70,798    |222,088     |7,846    |386,780.66   |0.00                   |
2019-10-30 |SR007        |5,440.00   |5,477.00 |5,493.00 |5,435.00 |5,468.00 |5,476.00  |28.00     |36.00     |570       |3,128       |508      |3,121.34     |0.00                   |
2019-10-30 |SR009        |5,467.00   |5,508.00 |5,514.00 |5,453.00 |5,479.00 |5,484.00  |12.00     |17.00     |4,660     |47,014      |570      |25,555.10    |0.00                   |
2019-10-30 |SR911        |5,631.00   |5,645.00 |5,650.00 |5,558.00 |5,630.00 |5,628.00  |-1.00     |-3.00     |100       |1,702       |-30      |562.83       |0.00                   |
2019-10-31 |SR001        |5,601.00   |5,608.00 |5,741.00 |5,604.00 |5,718.00 |5,697.00  |117.00    |96.00     |2,118,952 |853,608     |182,246  |12,072,224.76|0.00                   |
2019-10-31 |SR003        |5,532.00   |5,539.00 |5,652.00 |5,534.00 |5,635.00 |5,618.00  |103.00    |86.00     |17,534    |39,298      |1,092    |98,504.64    |0.00                   |
2019-10-31 |SR005        |5,463.00   |5,459.00 |5,576.00 |5,455.00 |5,562.00 |5,533.00  |99.00     |70.00     |240,246   |252,566     |30,478   |1,329,232.98 |0.00                   |
2019-10-31 |SR007        |5,476.00   |5,468.00 |5,569.00 |5,468.00 |5,563.00 |5,527.00  |87.00     |51.00     |176       |3,130       |2        |972.79       |0.00                   |
2019-10-31 |SR009        |5,484.00   |5,470.00 |5,590.00 |5,470.00 |5,581.00 |5,550.00  |97.00     |66.00     |13,228    |48,380      |1,366    |73,414.03    |0.00                   |
2019-10-31 |SR911        |5,628.00   |5,650.00 |5,710.00 |5,650.00 |5,655.00 |5,676.00  |27.00     |48.00     |166       |1,632       |-70      |942.16       |0.00                   |
2019-11-01 |SR001        |5,697.00   |5,714.00 |5,722.00 |5,656.00 |5,706.00 |5,691.00  |9.00      |-6.00     |1,366,628 |791,530     |-62,078  |7,777,425.43 |0.00                   |
2019-11-01 |SR003        |5,618.00   |5,645.00 |5,645.00 |5,584.00 |5,627.00 |5,613.00  |9.00      |-5.00     |13,870    |38,940      |-358     |77,853.09    |0.00                   |
2019-11-01 |SR005        |5,533.00   |5,551.00 |5,559.00 |5,493.00 |5,533.00 |5,525.00  |0.00      |-8.00     |132,106   |249,800     |-2,766   |729,826.83   |0.00                   |
2019-11-01 |SR007        |5,527.00   |5,548.00 |5,549.00 |5,496.00 |5,536.00 |5,524.00  |9.00      |-3.00     |140       |3,138       |8        |773.32       |0.00                   |
2019-11-01 |SR009        |5,550.00   |5,585.00 |5,585.00 |5,516.00 |5,554.00 |5,541.00  |4.00      |-9.00     |9,560     |48,890      |510      |52,974.21    |0.00                   |
2019-11-01 |SR911        |5,676.00   |5,740.00 |5,740.00 |5,650.00 |5,650.00 |5,710.00  |-26.00    |34.00     |6         |1,630       |-2       |34.26        |5,626.00               |
2019-11-04 |SR001        |5,691.00   |5,718.00 |5,747.00 |5,669.00 |5,723.00 |5,697.00  |32.00     |6.00      |1,107,606 |774,878     |-16,652  |6,309,538.07 |0.00                   |
2019-11-04 |SR003        |5,613.00   |5,626.00 |5,653.00 |5,593.00 |5,650.00 |5,617.00  |37.00     |4.00      |16,430    |39,608      |668      |92,282.84    |0.00                   |
2019-11-04 |SR005        |5,525.00   |5,539.00 |5,586.00 |5,506.00 |5,584.00 |5,545.00  |59.00     |20.00     |151,624   |275,820     |26,020   |840,724.10   |0.00                   |
2019-11-04 |SR007        |5,524.00   |5,543.00 |5,572.00 |5,512.00 |5,572.00 |5,539.00  |48.00     |15.00     |98        |3,122       |-16      |542.80       |0.00                   |
2019-11-04 |SR009        |5,541.00   |5,543.00 |5,603.00 |5,521.00 |5,602.00 |5,563.00  |61.00     |22.00     |10,780    |51,368      |2,478    |59,965.20    |0.00                   |
2019-11-04 |SR911        |5,710.00   |5,888.00 |5,888.00 |5,650.00 |5,888.00 |5,658.00  |178.00    |-52.00    |294       |1,622       |-8       |1,663.56     |5,633.00               |
2019-11-05 |SR001        |5,697.00   |5,730.00 |5,795.00 |5,718.00 |5,754.00 |5,763.00  |57.00     |66.00     |1,486,060 |758,078     |-16,800  |8,562,851.90 |0.00                   |
2019-11-05 |SR003        |5,617.00   |5,659.00 |5,718.00 |5,645.00 |5,673.00 |5,689.00  |56.00     |72.00     |29,912    |37,830      |-1,778   |170,178.74   |0.00                   |
2019-11-05 |SR005        |5,545.00   |5,587.00 |5,655.00 |5,571.00 |5,605.00 |5,620.00  |60.00     |75.00     |254,498   |301,408     |25,588   |1,430,158.32 |0.00                   |
2019-11-05 |SR007        |5,539.00   |5,575.00 |5,653.00 |5,574.00 |5,597.00 |5,620.00  |58.00     |81.00     |358       |3,058       |-64      |2,012.08     |0.00                   |
2019-11-05 |SR009        |5,563.00   |5,600.00 |5,675.00 |5,593.00 |5,626.00 |5,640.00  |63.00     |77.00     |20,062    |55,380      |4,012    |113,146.67   |0.00                   |
2019-11-05 |SR911        |5,658.00   |5,700.00 |5,700.00 |5,700.00 |5,700.00 |5,700.00  |42.00     |42.00     |56        |1,622       |0        |319.20       |5,641.00               |
2019-11-06 |SR001        |5,763.00   |5,758.00 |5,783.00 |5,736.00 |5,754.00 |5,762.00  |-9.00     |-1.00     |891,064   |736,686     |-21,392  |5,134,397.11 |0.00                   |
2019-11-06 |SR003        |5,689.00   |5,676.00 |5,704.00 |5,661.00 |5,675.00 |5,682.00  |-14.00    |-7.00     |20,474    |36,210      |-1,620   |116,329.13   |0.00                   |
2019-11-06 |SR005        |5,620.00   |5,615.00 |5,637.00 |5,591.00 |5,600.00 |5,612.00  |-20.00    |-8.00     |116,090   |306,022     |4,614    |651,482.37   |0.00                   |
2019-11-06 |SR007        |5,620.00   |5,609.00 |5,633.00 |5,591.00 |5,602.00 |5,611.00  |-18.00    |-9.00     |44        |3,044       |-14      |246.87       |0.00                   |
2019-11-06 |SR009        |5,640.00   |5,630.00 |5,658.00 |5,612.00 |5,621.00 |5,630.00  |-19.00    |-10.00    |9,538     |54,600      |-780     |53,701.84    |0.00                   |
2019-11-06 |SR911        |5,700.00   |0.00     |0.00     |0.00     |0.00     |5,701.00  |1.00      |1.00      |0         |1,622       |0        |0.00         |5,655.00               |
2019-11-07 |SR001        |5,762.00   |5,750.00 |5,800.00 |5,580.00 |5,587.00 |5,684.00  |-175.00   |-78.00    |1,886,884 |591,870     |-144,816 |10,724,152.53|0.00                   |
2019-11-07 |SR003        |5,682.00   |5,661.00 |5,710.00 |5,528.00 |5,535.00 |5,615.00  |-147.00   |-67.00    |31,566    |35,330      |-880     |177,251.44   |0.00                   |
2019-11-07 |SR005        |5,612.00   |5,593.00 |5,634.00 |5,466.00 |5,473.00 |5,539.00  |-139.00   |-73.00    |260,870   |297,168     |-8,854   |1,445,003.34 |0.00                   |
2019-11-07 |SR007        |5,611.00   |5,610.00 |5,630.00 |5,470.00 |5,470.00 |5,536.00  |-141.00   |-75.00    |188       |3,082       |38       |1,040.85     |0.00                   |
2019-11-07 |SR009        |5,630.00   |5,620.00 |5,653.00 |5,492.00 |5,500.00 |5,556.00  |-130.00   |-74.00    |25,930    |60,686      |6,086    |144,073.16   |0.00                   |
2019-11-07 |SR911        |5,701.00   |5,701.00 |5,701.00 |5,701.00 |5,701.00 |5,701.00  |0.00      |0.00      |24        |1,598       |-24      |136.82       |5,664.00               |
2019-11-08 |SR001        |5,684.00   |5,599.00 |5,614.00 |5,566.00 |5,593.00 |5,597.00  |-91.00    |-87.00    |950,968   |569,658     |-22,212  |5,322,155.47 |0.00                   |
2019-11-08 |SR003        |5,615.00   |5,536.00 |5,557.00 |5,514.00 |5,541.00 |5,542.00  |-74.00    |-73.00    |37,776    |34,894      |-436     |209,351.66   |0.00                   |
2019-11-08 |SR005        |5,539.00   |5,476.00 |5,496.00 |5,455.00 |5,478.00 |5,476.00  |-61.00    |-63.00    |124,748   |289,408     |-7,760   |683,168.42   |0.00                   |
2019-11-08 |SR007        |5,536.00   |5,489.00 |5,497.00 |5,464.00 |5,485.00 |5,478.00  |-51.00    |-58.00    |148       |3,088       |6        |810.81       |0.00                   |
2019-11-08 |SR009        |5,556.00   |5,510.00 |5,522.00 |5,492.00 |5,518.00 |5,507.00  |-38.00    |-49.00    |10,760    |62,504      |1,818    |59,260.11    |0.00                   |
2019-11-08 |SR911        |5,701.00   |0.00     |0.00     |0.00     |0.00     |5,614.00  |-87.00    |-87.00    |0         |1,598       |0        |0.00         |5,663.00               |
2019-11-11 |SR001        |5,597.00   |5,596.00 |5,626.00 |5,560.00 |5,585.00 |5,589.00  |-12.00    |-8.00     |757,588   |549,828     |-19,830  |4,234,084.34 |0.00                   |
2019-11-11 |SR003        |5,542.00   |5,542.00 |5,571.00 |5,510.00 |5,534.00 |5,535.00  |-8.00     |-7.00     |32,928    |36,312      |1,418    |182,272.77   |0.00                   |
2019-11-11 |SR005        |5,476.00   |5,476.00 |5,504.00 |5,456.00 |5,469.00 |5,478.00  |-7.00     |2.00      |93,662    |289,368     |-40      |513,047.10   |0.00                   |
2019-11-11 |SR007        |5,478.00   |5,490.00 |5,510.00 |5,465.00 |5,480.00 |5,484.00  |2.00      |6.00      |174       |3,194       |106      |954.20       |0.00                   |
2019-11-11 |SR009        |5,507.00   |5,514.00 |5,545.00 |5,500.00 |5,514.00 |5,521.00  |7.00      |14.00     |8,118     |63,656      |1,152    |44,817.74    |0.00                   |
2019-11-11 |SR911        |5,614.00   |0.00     |0.00     |0.00     |0.00     |5,606.00  |-8.00     |-8.00     |0         |1,598       |0        |0.00         |5,663.00               |
2019-11-12 |SR001        |5,589.00   |5,580.00 |5,618.00 |5,524.00 |5,614.00 |5,584.00  |25.00     |-5.00     |945,564   |544,492     |-5,336   |5,279,921.14 |0.00                   |
2019-11-12 |SR003        |5,535.00   |5,532.00 |5,567.00 |5,476.00 |5,563.00 |5,542.00  |28.00     |7.00      |29,192    |35,352      |-960     |161,792.54   |0.00                   |
2019-11-12 |SR005        |5,478.00   |5,465.00 |5,513.00 |5,421.00 |5,510.00 |5,483.00  |32.00     |5.00      |142,138   |297,016     |7,648    |779,314.80   |0.00                   |
2019-11-12 |SR007        |5,484.00   |5,469.00 |5,514.00 |5,435.00 |5,514.00 |5,475.00  |30.00     |-9.00     |102       |3,188       |-6       |558.48       |0.00                   |
2019-11-12 |SR009        |5,521.00   |5,510.00 |5,554.00 |5,470.00 |5,550.00 |5,520.00  |29.00     |-1.00     |10,018    |65,320      |1,664    |55,294.94    |0.00                   |
2019-11-12 |SR911        |5,606.00   |0.00     |0.00     |0.00     |0.00     |5,831.00  |225.00    |225.00    |0         |1,598       |0        |0.00         |5,683.00               |
2019-11-13 |SR001        |5,584.00   |5,623.00 |5,644.00 |5,570.00 |5,612.00 |5,603.00  |28.00     |19.00     |803,152   |539,132     |-5,360   |4,499,697.98 |0.00                   |
2019-11-13 |SR003        |5,542.00   |5,588.00 |5,588.00 |5,527.00 |5,559.00 |5,551.00  |17.00     |9.00      |35,730    |35,698      |346      |198,332.33   |0.00                   |
2019-11-13 |SR005        |5,483.00   |5,515.00 |5,530.00 |5,478.00 |5,500.00 |5,500.00  |17.00     |17.00     |101,226   |305,550     |8,534    |556,716.49   |0.00                   |
2019-11-13 |SR007        |5,475.00   |5,521.00 |5,521.00 |5,488.00 |5,505.00 |5,501.00  |30.00     |26.00     |132       |3,136       |-52      |726.17       |0.00                   |
2019-11-13 |SR009        |5,520.00   |5,547.00 |5,568.00 |5,525.00 |5,538.00 |5,541.00  |18.00     |21.00     |7,058     |66,776      |1,456    |39,109.88    |0.00                   |
2019-11-13 |SR911        |5,831.00   |5,830.00 |5,830.00 |5,830.00 |5,830.00 |5,830.00  |-1.00     |-1.00     |8         |1,590       |-8       |46.64        |5,703.00               |
2019-11-14 |SR001        |5,603.00   |5,616.00 |5,648.00 |5,603.00 |5,633.00 |5,630.00  |30.00     |27.00     |784,476   |531,658     |-7,474   |4,416,489.37 |0.00                   |
2019-11-14 |SR003        |5,551.00   |5,563.00 |5,593.00 |5,555.00 |5,579.00 |5,576.00  |28.00     |25.00     |28,954    |34,742      |-956     |161,457.37   |0.00                   |
2019-11-14 |SR005        |5,500.00   |5,510.00 |5,529.00 |5,497.00 |5,517.00 |5,515.00  |17.00     |15.00     |110,194   |313,848     |8,298    |607,694.02   |0.00                   |
2019-11-14 |SR007        |5,501.00   |5,522.00 |5,530.00 |5,511.00 |5,523.00 |5,522.00  |22.00     |21.00     |16        |3,128       |-8       |88.35        |0.00                   |
2019-11-14 |SR009        |5,541.00   |5,543.00 |5,565.00 |5,538.00 |5,555.00 |5,551.00  |14.00     |10.00     |6,000     |67,684      |908      |33,308.61    |0.00                   |
2019-11-14 |SR911        |5,830.00   |0.00     |0.00     |0.00     |0.00     |5,858.00  |28.00     |28.00     |0         |0           |-1,590   |0.00         |5,721.00               |
2019-11-15 |SR001        |5,630.00   |5,642.00 |5,646.00 |5,586.00 |5,594.00 |5,612.00  |-36.00    |-18.00    |618,106   |521,040     |-10,618  |3,468,663.35 |0.00                   |
2019-11-15 |SR003        |5,576.00   |5,588.00 |5,590.00 |5,536.00 |5,546.00 |5,558.00  |-30.00    |-18.00    |35,840    |35,416      |674      |199,193.81   |0.00                   |
2019-11-15 |SR005        |5,515.00   |5,519.00 |5,526.00 |5,475.00 |5,487.00 |5,497.00  |-28.00    |-18.00    |95,004    |312,880     |-968     |522,225.08   |0.00                   |
2019-11-15 |SR007        |5,522.00   |5,530.00 |5,530.00 |5,483.00 |5,491.00 |5,496.00  |-31.00    |-26.00    |102       |3,154       |26       |560.62       |0.00                   |
2019-11-15 |SR009        |5,551.00   |5,560.00 |5,562.00 |5,520.00 |5,522.00 |5,537.00  |-29.00    |-14.00    |7,338     |69,574      |1,890    |40,628.05    |0.00                   |
2019-11-15 |SR011        |5,551.00   |5,404.00 |5,605.00 |5,404.00 |5,587.00 |5,554.00  |36.00     |3.00      |20        |2           |2        |111.07       |0.00                   |
2019-11-18 |SR001        |5,612.00   |5,594.00 |5,618.00 |5,573.00 |5,589.00 |5,598.00  |-23.00    |-14.00    |449,224   |507,538     |-13,502  |2,514,562.92 |0.00                   |
2019-11-18 |SR003        |5,558.00   |5,544.00 |5,565.00 |5,524.00 |5,536.00 |5,547.00  |-22.00    |-11.00    |23,636    |36,076      |660      |131,101.29   |0.00                   |
2019-11-18 |SR005        |5,497.00   |5,482.00 |5,505.00 |5,465.00 |5,486.00 |5,488.00  |-11.00    |-9.00     |64,244    |315,156     |2,276    |352,565.66   |0.00                   |
2019-11-18 |SR007        |5,496.00   |5,485.00 |5,500.00 |5,475.00 |5,495.00 |5,494.00  |-1.00     |-2.00     |40        |3,152       |-2       |219.76       |0.00                   |
2019-11-18 |SR009        |5,537.00   |5,529.00 |5,541.00 |5,505.00 |5,522.00 |5,526.00  |-15.00    |-11.00    |5,910     |71,634      |2,060    |32,660.66    |0.00                   |
2019-11-18 |SR011        |5,554.00   |0.00     |0.00     |0.00     |0.00     |5,554.00  |0.00      |0.00      |0         |2           |0        |0.00         |0.00                   |
2019-11-19 |SR001        |5,598.00   |5,584.00 |5,617.00 |5,544.00 |5,615.00 |5,572.00  |17.00     |-26.00    |728,758   |487,360     |-20,178  |4,060,982.19 |0.00                   |
2019-11-19 |SR003        |5,547.00   |5,540.00 |5,561.00 |5,499.00 |5,559.00 |5,524.00  |12.00     |-23.00    |23,942    |34,578      |-1,498   |132,266.04   |0.00                   |
2019-11-19 |SR005        |5,488.00   |5,480.00 |5,505.00 |5,443.00 |5,502.00 |5,473.00  |14.00     |-15.00    |128,608   |322,926     |7,770    |703,918.06   |0.00                   |
2019-11-19 |SR007        |5,494.00   |5,475.00 |5,502.00 |5,449.00 |5,502.00 |5,470.00  |8.00      |-24.00    |100       |3,172       |20       |546.97       |0.00                   |
2019-11-19 |SR009        |5,526.00   |5,518.00 |5,541.00 |5,488.00 |5,541.00 |5,512.00  |15.00     |-14.00    |12,276    |74,494      |2,860    |67,665.07    |0.00                   |
2019-11-19 |SR011        |5,554.00   |0.00     |0.00     |0.00     |0.00     |5,554.00  |0.00      |0.00      |0         |2           |0        |0.00         |0.00                   |
2019-11-20 |SR001        |5,572.00   |5,610.00 |5,676.00 |5,596.00 |5,651.00 |5,640.00  |79.00     |68.00     |811,346   |480,364     |-6,996   |4,576,387.12 |0.00                   |
2019-11-20 |SR003        |5,524.00   |5,557.00 |5,610.00 |5,545.00 |5,600.00 |5,579.00  |76.00     |55.00     |30,204    |34,778      |200      |168,514.78   |0.00                   |
2019-11-20 |SR005        |5,473.00   |5,501.00 |5,550.00 |5,494.00 |5,548.00 |5,529.00  |75.00     |56.00     |169,748   |348,436     |25,510   |938,552.52   |0.00                   |
2019-11-20 |SR007        |5,470.00   |5,506.00 |5,554.00 |5,504.00 |5,549.00 |5,532.00  |79.00     |62.00     |144       |3,124       |-48      |796.68       |0.00                   |
2019-11-20 |SR009        |5,512.00   |5,540.00 |5,582.00 |5,531.00 |5,581.00 |5,561.00  |69.00     |49.00     |12,054    |76,026      |1,532    |67,033.53    |0.00                   |
2019-11-20 |SR011        |5,554.00   |0.00     |0.00     |0.00     |0.00     |5,583.00  |29.00     |29.00     |0         |2           |0        |0.00         |0.00                   |
2019-11-21 |SR001        |5,640.00   |5,641.00 |5,661.00 |5,566.00 |5,577.00 |5,618.00  |-63.00    |-22.00    |703,212   |470,170     |-10,194  |3,950,939.67 |0.00                   |
2019-11-21 |SR003        |5,579.00   |5,598.00 |5,608.00 |5,520.00 |5,529.00 |5,567.00  |-50.00    |-12.00    |26,708    |35,094      |316      |148,684.24   |0.00                   |
2019-11-21 |SR005        |5,529.00   |5,540.00 |5,553.00 |5,467.00 |5,476.00 |5,515.00  |-53.00    |-14.00    |171,922   |346,360     |-2,076   |948,117.43   |0.00                   |
2019-11-21 |SR007        |5,532.00   |5,525.00 |5,552.00 |5,475.00 |5,483.00 |5,508.00  |-49.00    |-24.00    |208       |3,130       |6        |1,145.61     |0.00                   |
2019-11-21 |SR009        |5,561.00   |5,572.00 |5,585.00 |5,510.00 |5,522.00 |5,549.00  |-39.00    |-12.00    |16,118    |79,434      |3,408    |89,439.26    |0.00                   |
2019-11-21 |SR011        |5,583.00   |5,580.00 |5,580.00 |5,572.00 |5,572.00 |5,576.00  |-11.00    |-7.00     |4         |4           |2        |22.30        |0.00                   |
2019-11-22 |SR001        |5,618.00   |5,575.00 |5,604.00 |5,563.00 |5,576.00 |5,586.00  |-42.00    |-32.00    |588,034   |457,928     |-12,242  |3,284,847.08 |0.00                   |
2019-11-22 |SR003        |5,567.00   |5,529.00 |5,556.00 |5,516.00 |5,530.00 |5,537.00  |-37.00    |-30.00    |24,932    |35,204      |110      |138,056.68   |0.00                   |
2019-11-22 |SR005        |5,515.00   |5,481.00 |5,503.00 |5,462.00 |5,475.00 |5,483.00  |-40.00    |-32.00    |124,394   |350,662     |4,302    |682,071.49   |0.00                   |
2019-11-22 |SR007        |5,508.00   |5,484.00 |5,504.00 |5,475.00 |5,486.00 |5,490.00  |-22.00    |-18.00    |108       |3,182       |52       |592.88       |0.00                   |
2019-11-22 |SR009        |5,549.00   |5,523.00 |5,545.00 |5,506.00 |5,518.00 |5,526.00  |-31.00    |-23.00    |8,586     |80,878      |1,444    |47,446.15    |0.00                   |
2019-11-22 |SR011        |5,576.00   |0.00     |0.00     |0.00     |0.00     |5,576.00  |0.00      |0.00      |0         |4           |0        |0.00         |0.00                   |
2019-11-25 |SR001        |5,586.00   |5,580.00 |5,614.00 |5,569.00 |5,582.00 |5,591.00  |-4.00     |5.00      |546,458   |440,042     |-17,886  |3,055,266.11 |0.00                   |
2019-11-25 |SR003        |5,537.00   |5,540.00 |5,564.00 |5,524.00 |5,536.00 |5,543.00  |-1.00     |6.00      |25,280    |33,894      |-1,310   |140,132.66   |0.00                   |
2019-11-25 |SR005        |5,483.00   |5,473.00 |5,510.00 |5,468.00 |5,478.00 |5,487.00  |-5.00     |4.00      |111,076   |347,848     |-2,814   |609,455.83   |0.00                   |
2019-11-25 |SR007        |5,490.00   |5,492.00 |5,510.00 |5,475.00 |5,486.00 |5,497.00  |-4.00     |7.00      |76        |3,174       |-8       |417.78       |0.00                   |
2019-11-25 |SR009        |5,526.00   |5,513.00 |5,550.00 |5,508.00 |5,515.00 |5,527.00  |-11.00    |1.00      |9,316     |81,730      |852      |51,488.26    |0.00                   |
2019-11-25 |SR011        |5,576.00   |0.00     |0.00     |0.00     |0.00     |5,567.00  |-9.00     |-9.00     |0         |4           |0        |0.00         |0.00                   |
2019-11-26 |SR001        |5,591.00   |5,580.00 |5,607.00 |5,545.00 |5,584.00 |5,579.00  |-7.00     |-12.00    |667,934   |443,102     |3,060    |3,726,246.24 |0.00                   |
2019-11-26 |SR003        |5,543.00   |5,548.00 |5,555.00 |5,502.00 |5,528.00 |5,529.00  |-15.00    |-14.00    |40,438    |33,190      |-704     |223,591.07   |0.00                   |
2019-11-26 |SR005        |5,487.00   |5,482.00 |5,489.00 |5,446.00 |5,466.00 |5,468.00  |-21.00    |-19.00    |152,088   |346,232     |-1,616   |831,671.82   |0.00                   |
2019-11-26 |SR007        |5,497.00   |5,475.00 |5,490.00 |5,455.00 |5,470.00 |5,472.00  |-27.00    |-25.00    |230       |3,252       |78       |1,258.65     |0.00                   |
2019-11-26 |SR009        |5,527.00   |5,518.00 |5,529.00 |5,490.00 |5,507.00 |5,507.00  |-20.00    |-20.00    |11,224    |84,356      |2,626    |61,813.16    |0.00                   |
2019-11-26 |SR011        |5,567.00   |5,468.00 |5,558.00 |5,468.00 |5,558.00 |5,513.00  |-9.00     |-54.00    |4         |4           |0        |22.05        |0.00                   |
2019-11-27 |SR001        |5,579.00   |5,580.00 |5,584.00 |5,512.00 |5,530.00 |5,553.00  |-49.00    |-26.00    |803,426   |421,826     |-21,276  |4,461,380.09 |0.00                   |
2019-11-27 |SR003        |5,529.00   |5,522.00 |5,524.00 |5,449.00 |5,461.00 |5,501.00  |-68.00    |-28.00    |42,644    |33,258      |68       |234,590.02   |0.00                   |
2019-11-27 |SR005        |5,468.00   |5,455.00 |5,466.00 |5,382.00 |5,394.00 |5,429.00  |-74.00    |-39.00    |237,702   |363,662     |17,430   |1,290,513.66 |0.00                   |
2019-11-27 |SR007        |5,472.00   |5,465.00 |5,465.00 |5,386.00 |5,397.00 |5,434.00  |-75.00    |-38.00    |230       |3,326       |74       |1,249.91     |0.00                   |
2019-11-27 |SR009        |5,507.00   |5,500.00 |5,506.00 |5,424.00 |5,440.00 |5,471.00  |-67.00    |-36.00    |22,534    |91,864      |7,508    |123,285.72   |0.00                   |
2019-11-27 |SR011        |5,513.00   |5,553.00 |5,553.00 |5,477.00 |5,477.00 |5,510.00  |-36.00    |-3.00     |16        |16          |12       |88.16        |0.00                   |
2019-11-28 |SR001        |5,553.00   |5,531.00 |5,566.00 |5,520.00 |5,563.00 |5,545.00  |10.00     |-8.00     |468,200   |407,386     |-14,440  |2,596,160.71 |0.00                   |
2019-11-28 |SR003        |5,501.00   |5,464.00 |5,490.00 |5,453.00 |5,485.00 |5,475.00  |-16.00    |-26.00    |27,124    |34,846      |1,588    |148,493.95   |0.00                   |
2019-11-28 |SR005        |5,429.00   |5,398.00 |5,420.00 |5,383.00 |5,416.00 |5,402.00  |-13.00    |-27.00    |140,804   |364,396     |734      |760,636.79   |0.00                   |
2019-11-28 |SR007        |5,434.00   |5,389.00 |5,421.00 |5,389.00 |5,419.00 |5,407.00  |-15.00    |-27.00    |78        |3,338       |12       |421.75       |0.00                   |
2019-11-28 |SR009        |5,471.00   |5,440.00 |5,464.00 |5,424.00 |5,459.00 |5,446.00  |-12.00    |-25.00    |13,958    |92,786      |922      |76,015.85    |0.00                   |
2019-11-28 |SR011        |5,510.00   |5,487.00 |5,487.00 |5,446.00 |5,466.00 |5,467.00  |-44.00    |-43.00    |44        |22          |6        |240.54       |0.00                   |
2019-11-29 |SR001        |5,545.00   |5,564.00 |5,578.00 |5,535.00 |5,553.00 |5,551.00  |8.00      |6.00      |358,194   |381,082     |-26,304  |1,988,507.26 |0.00                   |
2019-11-29 |SR003        |5,475.00   |5,486.00 |5,501.00 |5,457.00 |5,476.00 |5,474.00  |1.00      |-1.00     |23,710    |36,160      |1,314    |129,778.64   |0.00                   |
2019-11-29 |SR005        |5,402.00   |5,412.00 |5,430.00 |5,385.00 |5,405.00 |5,404.00  |3.00      |2.00      |121,584   |368,524     |4,128    |657,090.37   |0.00                   |
2019-11-29 |SR007        |5,407.00   |5,409.00 |5,420.00 |5,395.00 |5,410.00 |5,411.00  |3.00      |4.00      |52        |3,342       |4        |281.36       |0.00                   |
2019-11-29 |SR009        |5,446.00   |5,455.00 |5,472.00 |5,431.00 |5,449.00 |5,448.00  |3.00      |2.00      |6,758     |92,958      |172      |36,817.22    |0.00                   |
2019-11-29 |SR011        |5,467.00   |5,455.00 |5,455.00 |5,455.00 |5,455.00 |5,455.00  |-12.00    |-12.00    |2         |24          |2        |10.91        |0.00                   |
2019-12-02 |SR001        |5,551.00   |5,563.00 |5,584.00 |5,545.00 |5,551.00 |5,561.00  |0.00      |10.00     |432,000   |358,458     |-22,624  |2,402,487.38 |0.00                   |
2019-12-02 |SR003        |5,474.00   |5,490.00 |5,506.00 |5,470.00 |5,484.00 |5,488.00  |10.00     |14.00     |22,304    |36,432      |272      |122,396.60   |0.00                   |
2019-12-02 |SR005        |5,404.00   |5,415.00 |5,448.00 |5,402.00 |5,421.00 |5,423.00  |17.00     |19.00     |202,514   |380,148     |11,624   |1,098,331.85 |0.00                   |
2019-12-02 |SR007        |5,411.00   |5,420.00 |5,450.00 |5,415.00 |5,415.00 |5,431.00  |4.00      |20.00     |22        |3,352       |10       |119.47       |0.00                   |
2019-12-02 |SR009        |5,448.00   |5,455.00 |5,492.00 |5,450.00 |5,466.00 |5,469.00  |18.00     |21.00     |15,344    |92,594      |-364     |83,913.71    |0.00                   |
2019-12-02 |SR011        |5,455.00   |5,488.00 |5,488.00 |5,488.00 |5,488.00 |5,488.00  |33.00     |33.00     |2         |22          |-2       |10.98        |0.00                   |
2019-12-03 |SR001        |5,561.00   |5,547.00 |5,570.00 |5,520.00 |5,564.00 |5,543.00  |3.00      |-18.00    |481,558   |327,538     |-30,920  |2,669,231.28 |0.00                   |
2019-12-03 |SR003        |5,488.00   |5,475.00 |5,494.00 |5,441.00 |5,492.00 |5,468.00  |4.00      |-20.00    |22,768    |37,294      |862      |124,490.17   |0.00                   |
2019-12-03 |SR005        |5,423.00   |5,416.00 |5,436.00 |5,375.00 |5,431.00 |5,408.00  |8.00      |-15.00    |274,628   |392,860     |12,712   |1,485,286.62 |0.00                   |
2019-12-03 |SR007        |5,431.00   |5,399.00 |5,435.00 |5,385.00 |5,431.00 |5,408.00  |0.00      |-23.00    |70        |3,358       |6        |378.59       |0.00                   |
2019-12-03 |SR009        |5,469.00   |5,470.00 |5,485.00 |5,424.00 |5,479.00 |5,456.00  |10.00     |-13.00    |14,098    |94,974      |2,380    |76,915.66    |0.00                   |
2019-12-03 |SR011        |5,488.00   |0.00     |0.00     |0.00     |0.00     |5,488.00  |0.00      |0.00      |0         |22          |0        |0.00         |0.00                   |
2019-12-04 |SR001        |5,543.00   |5,566.00 |5,566.00 |5,532.00 |5,540.00 |5,549.00  |-3.00     |6.00      |317,042   |335,344     |7,806    |1,752,854.13 |0.00                   |
2019-12-04 |SR003        |5,468.00   |5,489.00 |5,489.00 |5,464.00 |5,467.00 |5,475.00  |-1.00     |7.00      |20,466    |38,452      |1,158    |112,056.49   |0.00                   |
2019-12-04 |SR005        |5,408.00   |5,428.00 |5,430.00 |5,403.00 |5,407.00 |5,415.00  |-1.00     |7.00      |170,364   |399,506     |6,646    |922,587.16   |0.00                   |
2019-12-04 |SR007        |5,408.00   |5,427.00 |5,430.00 |5,414.00 |5,415.00 |5,419.00  |7.00      |11.00     |38        |3,382       |24       |205.92       |0.00                   |
2019-12-04 |SR009        |5,456.00   |5,480.00 |5,480.00 |5,454.00 |5,456.00 |5,464.00  |0.00      |8.00      |7,838     |95,626      |652      |42,830.71    |0.00                   |
2019-12-04 |SR011        |5,488.00   |0.00     |0.00     |0.00     |0.00     |5,474.00  |-14.00    |-14.00    |0         |22          |0        |0.00         |0.00                   |
2019-12-05 |SR001        |5,549.00   |5,550.00 |5,577.00 |5,529.00 |5,563.00 |5,549.00  |14.00     |0.00      |303,166   |292,028     |-43,316  |1,682,250.30 |0.00                   |
2019-12-05 |SR003        |5,475.00   |5,480.00 |5,511.00 |5,460.00 |5,492.00 |5,478.00  |17.00     |3.00      |30,196    |39,294      |842      |165,402.43   |0.00                   |
2019-12-05 |SR005        |5,415.00   |5,438.00 |5,454.00 |5,398.00 |5,431.00 |5,425.00  |16.00     |10.00     |266,968   |423,650     |24,144   |1,448,308.35 |0.00                   |
2019-12-05 |SR007        |5,419.00   |5,431.00 |5,452.00 |5,409.00 |5,450.00 |5,430.00  |31.00     |11.00     |488       |2,998       |-384     |2,649.68     |0.00                   |
2019-12-05 |SR009        |5,464.00   |5,470.00 |5,500.00 |5,450.00 |5,480.00 |5,473.00  |16.00     |9.00      |9,872     |96,424      |798      |54,032.13    |0.00                   |
2019-12-05 |SR011        |5,474.00   |5,460.00 |5,475.00 |5,457.00 |5,475.00 |5,465.00  |1.00      |-9.00     |12        |18          |-4       |65.58        |0.00                   |
2019-12-06 |SR001        |5,549.00   |5,568.00 |5,569.00 |5,520.00 |5,526.00 |5,544.00  |-23.00    |-5.00     |223,610   |259,724     |-32,304  |1,239,596.73 |0.00                   |
2019-12-06 |SR003        |5,478.00   |5,499.00 |5,499.00 |5,453.00 |5,458.00 |5,479.00  |-20.00    |1.00      |24,610    |39,768      |474      |134,837.42   |0.00                   |
2019-12-06 |SR005        |5,425.00   |5,432.00 |5,438.00 |5,393.00 |5,402.00 |5,418.00  |-23.00    |-7.00     |261,868   |441,306     |17,656   |1,418,821.44 |0.00                   |
2019-12-06 |SR007        |5,430.00   |5,431.00 |5,442.00 |5,405.00 |5,405.00 |5,430.00  |-25.00    |0.00      |836       |2,766       |-232     |4,539.49     |0.00                   |
2019-12-06 |SR009        |5,473.00   |5,484.00 |5,489.00 |5,451.00 |5,458.00 |5,474.00  |-15.00    |1.00      |13,620    |98,258      |1,834    |74,549.85    |0.00                   |
2019-12-06 |SR011        |5,465.00   |5,484.00 |5,488.00 |5,484.00 |5,488.00 |5,486.00  |23.00     |21.00     |4         |22          |4        |21.94        |0.00                   |
2019-12-09 |SR001        |5,544.00   |5,532.00 |5,593.00 |5,531.00 |5,569.00 |5,562.00  |25.00     |18.00     |154,038   |217,290     |-42,434  |856,759.72   |0.00                   |
2019-12-09 |SR003        |5,479.00   |5,457.00 |5,529.00 |5,457.00 |5,520.00 |5,492.00  |41.00     |13.00     |22,342    |41,002      |1,234    |122,712.89   |0.00                   |
2019-12-09 |SR005        |5,418.00   |5,405.00 |5,479.00 |5,397.00 |5,471.00 |5,444.00  |53.00     |26.00     |482,364   |471,956     |30,650   |2,625,783.72 |0.00                   |
2019-12-09 |SR007        |5,430.00   |5,398.00 |5,480.00 |5,398.00 |5,472.00 |5,412.00  |42.00     |-18.00    |1,006     |2,886       |120      |5,444.40     |0.00                   |
2019-12-09 |SR009        |5,474.00   |5,456.00 |5,529.00 |5,456.00 |5,526.00 |5,500.00  |52.00     |26.00     |18,648    |99,952      |1,694    |102,572.92   |0.00                   |
2019-12-09 |SR011        |5,486.00   |5,490.00 |5,514.00 |5,490.00 |5,514.00 |5,502.00  |28.00     |16.00     |4         |26          |4        |22.01        |0.00                   |
2019-12-10 |SR001        |5,562.00   |5,565.00 |5,578.00 |5,543.00 |5,552.00 |5,558.00  |-10.00    |-4.00     |115,646   |178,722     |-38,568  |642,730.74   |0.00                   |
2019-12-10 |SR003        |5,492.00   |5,522.00 |5,543.00 |5,499.00 |5,506.00 |5,526.00  |14.00     |34.00     |28,746    |39,982      |-1,020   |158,837.38   |0.00                   |
2019-12-10 |SR005        |5,444.00   |5,472.00 |5,517.00 |5,456.00 |5,465.00 |5,486.00  |21.00     |42.00     |624,308   |487,302     |15,346   |3,425,108.78 |0.00                   |
2019-12-10 |SR007        |5,412.00   |5,480.00 |5,520.00 |5,466.00 |5,466.00 |5,501.00  |54.00     |89.00     |298       |2,880       |-6       |1,639.25     |0.00                   |
2019-12-10 |SR009        |5,500.00   |5,528.00 |5,570.00 |5,515.00 |5,522.00 |5,543.00  |22.00     |43.00     |33,908    |108,310     |8,358    |187,961.95   |0.00                   |
2019-12-10 |SR011        |5,502.00   |5,560.00 |5,569.00 |5,518.00 |5,518.00 |5,550.00  |16.00     |48.00     |12        |24          |-2       |66.60        |0.00                   |
2019-12-11 |SR001        |5,558.00   |5,548.00 |5,560.00 |5,545.00 |5,552.00 |5,551.00  |-6.00     |-7.00     |45,966    |161,552     |-17,170  |255,152.05   |0.00                   |
2019-12-11 |SR003        |5,526.00   |5,505.00 |5,532.00 |5,504.00 |5,521.00 |5,521.00  |-5.00     |-5.00     |20,842    |40,116      |134      |115,072.23   |0.00                   |
2019-12-11 |SR005        |5,486.00   |5,465.00 |5,498.00 |5,464.00 |5,485.00 |5,483.00  |-1.00     |-3.00     |335,726   |496,044     |8,742    |1,840,695.47 |0.00                   |
2019-12-11 |SR007        |5,501.00   |5,475.00 |5,502.00 |5,475.00 |5,489.00 |5,489.00  |-12.00    |-12.00    |110       |2,814       |-66      |603.75       |0.00                   |
2019-12-11 |SR009        |5,543.00   |5,524.00 |5,550.00 |5,522.00 |5,536.00 |5,537.00  |-7.00     |-6.00     |16,622    |111,658     |3,348    |92,035.22    |0.00                   |
2019-12-11 |SR011        |5,550.00   |5,554.00 |5,554.00 |5,554.00 |5,554.00 |5,554.00  |4.00      |4.00      |2         |22          |-2       |11.11        |0.00                   |
2019-12-12 |SR001        |5,551.00   |5,560.00 |5,564.00 |5,540.00 |5,545.00 |5,548.00  |-6.00     |-3.00     |34,484    |147,290     |-14,262  |191,327.37   |0.00                   |
2019-12-12 |SR003        |5,521.00   |5,530.00 |5,535.00 |5,504.00 |5,514.00 |5,517.00  |-7.00     |-4.00     |24,570    |39,646      |-470     |135,552.62   |0.00                   |
2019-12-12 |SR005        |5,483.00   |5,489.00 |5,499.00 |5,465.00 |5,474.00 |5,480.00  |-9.00     |-3.00     |298,346   |513,348     |17,304   |1,634,871.64 |0.00                   |
2019-12-12 |SR007        |5,489.00   |5,490.00 |5,500.00 |5,475.00 |5,490.00 |5,489.00  |1.00      |0.00      |46        |2,784       |-30      |252.51       |0.00                   |
2019-12-12 |SR009        |5,537.00   |5,540.00 |5,550.00 |5,521.00 |5,529.00 |5,534.00  |-8.00     |-3.00     |11,558    |113,374     |1,716    |63,959.13    |0.00                   |
2019-12-12 |SR011        |5,554.00   |0.00     |0.00     |0.00     |0.00     |5,545.00  |-9.00     |-9.00     |0         |22          |0        |0.00         |0.00                   |
2019-12-13 |SR001        |5,548.00   |5,546.00 |5,561.00 |5,545.00 |5,556.00 |5,552.00  |8.00      |4.00      |43,956    |123,352     |-23,938  |244,028.12   |0.00                   |
2019-12-13 |SR003        |5,517.00   |5,505.00 |5,532.00 |5,494.00 |5,515.00 |5,517.00  |-2.00     |0.00      |20,342    |40,412      |766      |112,221.11   |0.00                   |
2019-12-13 |SR005        |5,480.00   |5,469.00 |5,495.00 |5,451.00 |5,471.00 |5,475.00  |-9.00     |-5.00     |391,942   |513,840     |492      |2,146,052.94 |0.00                   |
2019-12-13 |SR007        |5,489.00   |5,487.00 |5,500.00 |5,465.00 |5,480.00 |5,480.00  |-9.00     |-9.00     |380       |2,962       |178      |2,082.46     |0.00                   |
2019-12-13 |SR009        |5,534.00   |5,525.00 |5,547.00 |5,511.00 |5,531.00 |5,531.00  |-3.00     |-3.00     |21,940    |116,542     |3,168    |121,360.44   |0.00                   |
2019-12-13 |SR011        |5,545.00   |5,545.00 |5,545.00 |5,544.00 |5,544.00 |5,545.00  |-1.00     |0.00      |4         |24          |2        |22.18        |0.00                   |
2019-12-16 |SR001        |5,552.00   |5,557.00 |5,557.00 |5,497.00 |5,500.00 |5,517.00  |-52.00    |-35.00    |63,020    |92,598      |-30,754  |347,658.60   |0.00                   |
2019-12-16 |SR003        |5,517.00   |5,514.00 |5,521.00 |5,436.00 |5,444.00 |5,476.00  |-73.00    |-41.00    |20,602    |38,604      |-1,808   |112,810.48   |0.00                   |
2019-12-16 |SR005        |5,475.00   |5,472.00 |5,480.00 |5,390.00 |5,408.00 |5,424.00  |-67.00    |-51.00    |582,890   |535,256     |21,416   |3,161,835.31 |0.00                   |
2019-12-16 |SR007        |5,480.00   |5,488.00 |5,488.00 |5,405.00 |5,423.00 |5,438.00  |-57.00    |-42.00    |304       |3,082       |120      |1,653.07     |0.00                   |
2019-12-16 |SR009        |5,531.00   |5,534.00 |5,539.00 |5,461.00 |5,476.00 |5,493.00  |-55.00    |-38.00    |38,568    |123,066     |6,524    |211,848.51   |0.00                   |
2019-12-16 |SR011        |5,545.00   |5,510.00 |5,510.00 |5,493.00 |5,493.00 |5,502.00  |-52.00    |-43.00    |4         |24          |0        |22.01        |0.00                   |
2019-12-17 |SR001        |5,517.00   |5,510.00 |5,523.00 |5,498.00 |5,512.00 |5,507.00  |-5.00     |-10.00    |25,550    |79,472      |-13,126  |140,710.74   |0.00                   |
2019-12-17 |SR003        |5,476.00   |5,442.00 |5,461.00 |5,435.00 |5,448.00 |5,446.00  |-28.00    |-30.00    |23,464    |37,780      |-824     |127,782.47   |0.00                   |
2019-12-17 |SR005        |5,424.00   |5,410.00 |5,425.00 |5,396.00 |5,409.00 |5,408.00  |-15.00    |-16.00    |386,936   |512,460     |-22,796  |2,092,376.22 |0.00                   |
2019-12-17 |SR007        |5,438.00   |5,416.00 |5,436.00 |5,413.00 |5,413.00 |5,417.00  |-25.00    |-21.00    |274       |2,884       |-198     |1,484.28     |0.00                   |
2019-12-17 |SR009        |5,493.00   |5,475.00 |5,493.00 |5,465.00 |5,477.00 |5,476.00  |-16.00    |-17.00    |20,026    |124,890     |1,824    |109,667.70   |0.00                   |
2019-12-17 |SR011        |5,502.00   |0.00     |0.00     |0.00     |0.00     |5,494.00  |-8.00     |-8.00     |0         |24          |0        |0.00         |0.00                   |
2019-12-18 |SR001        |5,507.00   |5,510.00 |5,532.00 |5,510.00 |5,518.00 |5,523.00  |11.00     |16.00     |25,396    |66,312      |-13,160  |140,265.17   |0.00                   |
2019-12-18 |SR003        |5,446.00   |5,453.00 |5,471.00 |5,450.00 |5,455.00 |5,458.00  |9.00      |12.00     |33,694    |36,720      |-1,060   |183,917.90   |0.00                   |
2019-12-18 |SR005        |5,408.00   |5,409.00 |5,434.00 |5,408.00 |5,418.00 |5,420.00  |10.00     |12.00     |366,838   |511,408     |-1,052   |1,988,428.16 |0.00                   |
2019-12-18 |SR007        |5,417.00   |5,421.00 |5,444.00 |5,421.00 |5,425.00 |5,432.00  |8.00      |15.00     |140       |2,828       |-56      |760.51       |0.00                   |
2019-12-18 |SR009        |5,476.00   |5,480.00 |5,494.00 |5,475.00 |5,477.00 |5,484.00  |1.00      |8.00      |17,762    |128,552     |3,662    |97,412.47    |0.00                   |
2019-12-18 |SR011        |5,494.00   |0.00     |0.00     |0.00     |0.00     |5,494.00  |0.00      |0.00      |0         |24          |0        |0.00         |0.00                   |
2019-12-19 |SR001        |5,523.00   |5,529.00 |5,530.00 |5,510.00 |5,513.00 |5,517.00  |-10.00    |-6.00     |15,692    |57,540      |-8,772   |86,566.68    |0.00                   |
2019-12-19 |SR003        |5,458.00   |5,462.00 |5,467.00 |5,446.00 |5,448.00 |5,455.00  |-10.00    |-3.00     |24,582    |37,296      |576      |134,094.36   |0.00                   |
2019-12-19 |SR005        |5,420.00   |5,423.00 |5,429.00 |5,408.00 |5,414.00 |5,418.00  |-6.00     |-2.00     |326,094   |507,752     |-3,656   |1,766,801.53 |0.00                   |
2019-12-19 |SR007        |5,432.00   |5,435.00 |5,437.00 |5,420.00 |5,425.00 |5,427.00  |-7.00     |-5.00     |324       |2,678       |-150     |1,758.34     |0.00                   |
2019-12-19 |SR009        |5,484.00   |5,484.00 |5,490.00 |5,467.00 |5,472.00 |5,476.00  |-12.00    |-8.00     |21,828    |131,020     |2,468    |119,519.72   |0.00                   |
2019-12-19 |SR011        |5,494.00   |0.00     |0.00     |0.00     |0.00     |5,487.00  |-7.00     |-7.00     |0         |24          |0        |0.00         |0.00                   |
2019-12-20 |SR001        |5,517.00   |5,521.00 |5,550.00 |5,515.00 |5,550.00 |5,538.00  |33.00     |21.00     |20,650    |45,748      |-11,792  |114,357.73   |0.00                   |
2019-12-20 |SR003        |5,455.00   |5,450.00 |5,497.00 |5,450.00 |5,496.00 |5,477.00  |41.00     |22.00     |37,852    |36,238      |-1,058   |207,296.53   |0.00                   |
2019-12-20 |SR005        |5,418.00   |5,416.00 |5,467.00 |5,416.00 |5,464.00 |5,445.00  |46.00     |27.00     |478,496   |518,398     |10,646   |2,605,249.67 |0.00                   |
2019-12-20 |SR007        |5,427.00   |5,402.00 |5,476.00 |5,402.00 |5,473.00 |5,436.00  |46.00     |9.00      |284       |2,460       |-218     |1,543.76     |0.00                   |
2019-12-20 |SR009        |5,476.00   |5,474.00 |5,518.00 |5,474.00 |5,513.00 |5,502.00  |37.00     |26.00     |30,332    |134,008     |2,988    |166,885.75   |0.00                   |
2019-12-20 |SR011        |5,487.00   |5,484.00 |5,510.00 |5,484.00 |5,510.00 |5,504.00  |23.00     |17.00     |8         |22          |-2       |44.03        |0.00                   |
2019-12-23 |SR001        |5,538.00   |5,550.00 |5,552.00 |5,524.00 |5,528.00 |5,529.00  |-10.00    |-9.00     |11,474    |39,414      |-6,334   |63,439.95    |0.00                   |
2019-12-23 |SR003        |5,477.00   |5,486.00 |5,490.00 |5,447.00 |5,455.00 |5,457.00  |-22.00    |-20.00    |33,120    |36,848      |610      |180,737.45   |0.00                   |
2019-12-23 |SR005        |5,445.00   |5,452.00 |5,458.00 |5,408.00 |5,417.00 |5,423.00  |-28.00    |-22.00    |472,216   |497,498     |-20,900  |2,560,865.74 |0.00                   |
2019-12-23 |SR007        |5,436.00   |5,461.00 |5,461.00 |5,417.00 |5,421.00 |5,431.00  |-15.00    |-5.00     |210       |2,370       |-90      |1,140.43     |0.00                   |
2019-12-23 |SR009        |5,502.00   |5,503.00 |5,506.00 |5,451.00 |5,460.00 |5,471.00  |-42.00    |-31.00    |48,676    |148,866     |14,858   |266,329.26   |0.00                   |
2019-12-23 |SR011        |5,504.00   |0.00     |0.00     |0.00     |0.00     |5,475.00  |-29.00    |-29.00    |0         |22          |0        |0.00         |0.00                   |
2019-12-24 |SR001        |5,529.00   |5,530.00 |5,539.00 |5,517.00 |5,527.00 |5,528.00  |-2.00     |-1.00     |12,848    |29,278      |-10,136  |71,024.61    |0.00                   |
2019-12-24 |SR003        |5,457.00   |5,451.00 |5,461.00 |5,445.00 |5,453.00 |5,451.00  |-4.00     |-6.00     |21,192    |36,552      |-296     |115,527.35   |0.00                   |
2019-12-24 |SR005        |5,423.00   |5,406.00 |5,430.00 |5,406.00 |5,429.00 |5,420.00  |6.00      |-3.00     |254,400   |484,348     |-13,150  |1,378,751.77 |0.00                   |
2019-12-24 |SR007        |5,431.00   |5,422.00 |5,435.00 |5,421.00 |5,434.00 |5,426.00  |3.00      |-5.00     |316       |2,196       |-174     |1,714.66     |0.00                   |
2019-12-24 |SR009        |5,471.00   |5,460.00 |5,464.00 |5,443.00 |5,450.00 |5,454.00  |-21.00    |-17.00    |39,342    |159,976     |11,110   |214,556.90   |0.00                   |
2019-12-24 |SR011        |5,475.00   |5,462.00 |5,462.00 |5,462.00 |5,462.00 |5,462.00  |-13.00    |-13.00    |2         |22          |0        |10.92        |0.00                   |
2019-12-25 |SR001        |5,528.00   |5,519.00 |5,539.00 |5,518.00 |5,527.00 |5,524.00  |-1.00     |-4.00     |6,620     |24,280      |-4,998   |36,579.97    |0.00                   |
2019-12-25 |SR003        |5,451.00   |5,451.00 |5,472.00 |5,445.00 |5,466.00 |5,463.00  |15.00     |12.00     |18,082    |37,770      |1,218    |98,781.90    |0.00                   |
2019-12-25 |SR005        |5,420.00   |5,425.00 |5,447.00 |5,417.00 |5,442.00 |5,436.00  |22.00     |16.00     |317,314   |472,068     |-12,280  |1,724,899.18 |0.00                   |
2019-12-25 |SR007        |5,426.00   |5,406.00 |5,451.00 |5,406.00 |5,444.00 |5,417.00  |18.00     |-9.00     |582       |1,728       |-468     |3,152.93     |0.00                   |
2019-12-25 |SR009        |5,454.00   |5,448.00 |5,468.00 |5,442.00 |5,467.00 |5,457.00  |13.00     |3.00      |34,038    |164,584     |4,608    |185,750.97   |0.00                   |
2019-12-25 |SR011        |5,462.00   |5,470.00 |5,475.00 |5,470.00 |5,475.00 |5,473.00  |13.00     |11.00     |4         |26          |4        |21.89        |0.00                   |
2019-12-26 |SR001        |5,524.00   |5,524.00 |5,533.00 |5,506.00 |5,510.00 |5,514.00  |-14.00    |-10.00    |5,788     |19,918      |-4,362   |31,917.82    |0.00                   |
2019-12-26 |SR003        |5,463.00   |5,440.00 |5,462.00 |5,440.00 |5,461.00 |5,451.00  |-2.00     |-12.00    |11,588    |35,560      |-2,210   |63,167.33    |0.00                   |
2019-12-26 |SR005        |5,436.00   |5,413.00 |5,436.00 |5,413.00 |5,434.00 |5,425.00  |-2.00     |-11.00    |219,706   |462,454     |-9,614   |1,191,952.58 |0.00                   |
2019-12-26 |SR007        |5,417.00   |5,435.00 |5,443.00 |5,410.00 |5,443.00 |5,434.00  |26.00     |17.00     |90        |1,746       |18       |489.06       |0.00                   |
2019-12-26 |SR009        |5,457.00   |5,440.00 |5,466.00 |5,440.00 |5,465.00 |5,456.00  |8.00      |-1.00     |20,618    |167,744     |3,160    |112,493.11   |0.00                   |
2019-12-26 |SR011        |5,473.00   |5,470.00 |5,470.00 |5,470.00 |5,470.00 |5,470.00  |-3.00     |-3.00     |2         |28          |2        |10.94        |0.00                   |
2019-12-27 |SR001        |5,514.00   |5,510.00 |5,530.00 |5,510.00 |5,523.00 |5,519.00  |9.00      |5.00      |5,880     |15,304      |-4,614   |32,452.41    |0.00                   |
2019-12-27 |SR003        |5,451.00   |5,455.00 |5,520.00 |5,455.00 |5,518.00 |5,495.00  |67.00     |44.00     |20,334    |36,056      |496      |111,732.41   |0.00                   |
2019-12-27 |SR005        |5,425.00   |5,430.00 |5,504.00 |5,427.00 |5,498.00 |5,472.00  |73.00     |47.00     |615,070   |521,656     |59,202   |3,365,739.40 |0.00                   |
2019-12-27 |SR007        |5,434.00   |5,446.00 |5,505.00 |5,446.00 |5,491.00 |5,483.00  |57.00     |49.00     |344       |1,786       |40       |1,886.30     |0.00                   |
2019-12-27 |SR009        |5,456.00   |5,461.00 |5,528.00 |5,458.00 |5,518.00 |5,496.00  |62.00     |40.00     |61,060    |176,788     |9,044    |335,588.24   |0.00                   |
2019-12-27 |SR011        |5,470.00   |5,510.00 |5,524.00 |5,510.00 |5,524.00 |5,515.00  |54.00     |45.00     |6         |30          |2        |33.09        |0.00                   |
2019-12-30 |SR001        |5,519.00   |5,535.00 |5,590.00 |5,512.00 |5,580.00 |5,557.00  |61.00     |38.00     |8,906     |9,834       |-5,470   |49,488.09    |0.00                   |
2019-12-30 |SR003        |5,495.00   |5,525.00 |5,631.00 |5,518.00 |5,621.00 |5,577.00  |126.00    |82.00     |31,936    |34,462      |-1,594   |178,122.41   |0.00                   |
2019-12-30 |SR005        |5,472.00   |5,501.00 |5,608.00 |5,497.00 |5,600.00 |5,562.00  |128.00    |90.00     |668,160   |567,020     |45,364   |3,716,168.18 |0.00                   |
2019-12-30 |SR007        |5,483.00   |5,504.00 |5,604.00 |5,502.00 |5,604.00 |5,574.00  |121.00    |91.00     |172       |1,754       |-32      |958.77       |0.00                   |
2019-12-30 |SR009        |5,496.00   |5,519.00 |5,627.00 |5,518.00 |5,620.00 |5,581.00  |124.00    |85.00     |83,666    |180,922     |4,134    |466,912.03   |0.00                   |
2019-12-30 |SR011        |5,515.00   |5,524.00 |5,602.00 |5,524.00 |5,602.00 |5,563.00  |87.00     |48.00     |8         |28          |-2       |44.50        |0.00                   |
2019-12-31 |SR001        |5,557.00   |5,573.00 |5,674.00 |5,566.00 |5,606.00 |5,581.00  |49.00     |24.00     |9,156     |3,254       |-6,580   |51,100.43    |0.00                   |
2019-12-31 |SR003        |5,577.00   |5,619.00 |5,622.00 |5,589.00 |5,599.00 |5,602.00  |22.00     |25.00     |30,332    |33,562      |-900     |169,917.92   |0.00                   |
2019-12-31 |SR005        |5,562.00   |5,600.00 |5,604.00 |5,565.00 |5,581.00 |5,582.00  |19.00     |20.00     |406,674   |559,462     |-7,558   |2,270,073.87 |0.00                   |
2019-12-31 |SR007        |5,574.00   |5,588.00 |5,593.00 |5,572.00 |5,584.00 |5,584.00  |10.00     |10.00     |74        |1,748       |-6       |413.24       |0.00                   |
2019-12-31 |SR009        |5,581.00   |5,620.00 |5,628.00 |5,586.00 |5,600.00 |5,600.00  |19.00     |19.00     |54,088    |185,444     |4,522    |302,887.90   |0.00                   |
2019-12-31 |SR011        |5,563.00   |5,602.00 |5,610.00 |5,580.00 |5,600.00 |5,600.00  |37.00     |37.00     |12        |24          |-4       |67.20        |0.00                   |

