					CZCE History data(2020CJ)
Trading Day|Contract Code|Prev.Settle|Open     |High     |Low      |Close    |Settlement|Change1   |Change2   |Volume    |OpenInterest|OI Change|Turnover     |DeliverySettlementPrice|
2020-01-02 |CJ001        |11,110.00  |10,990.00|10,995.00|10,830.00|10,830.00|10,955.00 |-280.00   |-155.00   |36        |88          |-31      |197.20       |10,945.00              |
2020-01-02 |CJ003        |10,960.00  |10,990.00|11,000.00|10,945.00|10,965.00|10,975.00 |5.00      |15.00     |61        |2,057       |-14      |334.78       |0.00                   |
2020-01-02 |CJ005        |10,895.00  |10,940.00|10,960.00|10,880.00|10,930.00|10,925.00 |35.00     |30.00     |25,280    |31,370      |1,584    |138,076.76   |0.00                   |
2020-01-02 |CJ007        |10,905.00  |10,915.00|10,945.00|10,900.00|10,920.00|10,925.00 |15.00     |20.00     |8         |605         |-1       |43.71        |0.00                   |
2020-01-02 |CJ009        |10,920.00  |10,935.00|10,960.00|10,900.00|10,935.00|10,935.00 |15.00     |15.00     |208       |2,206       |75       |1,137.44     |0.00                   |
2020-01-02 |CJ012        |11,030.00  |11,065.00|11,085.00|11,010.00|11,055.00|11,050.00 |25.00     |20.00     |11        |57          |1        |60.79        |0.00                   |
2020-01-03 |CJ001        |10,955.00  |10,650.00|10,800.00|10,650.00|10,780.00|10,760.00 |-175.00   |-195.00   |4         |65          |-23      |21.52        |10,930.00              |
2020-01-03 |CJ003        |10,975.00  |10,945.00|11,015.00|10,920.00|10,955.00|10,960.00 |-20.00    |-15.00    |59        |2,040       |-17      |323.36       |0.00                   |
2020-01-03 |CJ005        |10,925.00  |10,930.00|10,970.00|10,860.00|10,905.00|10,915.00 |-20.00    |-10.00    |32,463    |30,415      |-955     |177,200.73   |0.00                   |
2020-01-03 |CJ007        |10,925.00  |10,885.00|10,950.00|10,880.00|10,910.00|10,885.00 |-15.00    |-40.00    |313       |903         |298      |1,703.68     |0.00                   |
2020-01-03 |CJ009        |10,935.00  |10,935.00|10,970.00|10,880.00|10,910.00|10,930.00 |-25.00    |-5.00     |484       |2,500       |294      |2,645.38     |0.00                   |
2020-01-03 |CJ012        |11,050.00  |11,040.00|11,080.00|11,040.00|11,075.00|11,065.00 |25.00     |15.00     |6         |59          |2        |33.19        |0.00                   |
2020-01-06 |CJ001        |10,760.00  |10,710.00|10,830.00|10,710.00|10,760.00|10,790.00 |0.00      |30.00     |7         |57          |-8       |37.77        |10,915.00              |
2020-01-06 |CJ003        |10,960.00  |10,940.00|10,975.00|10,820.00|10,870.00|10,880.00 |-90.00    |-80.00    |316       |1,922       |-118     |1,719.13     |0.00                   |
2020-01-06 |CJ005        |10,915.00  |10,880.00|10,935.00|10,745.00|10,800.00|10,835.00 |-115.00   |-80.00    |62,479    |31,723      |1,308    |338,460.72   |0.00                   |
2020-01-06 |CJ007        |10,885.00  |10,895.00|10,925.00|10,795.00|10,835.00|10,845.00 |-50.00    |-40.00    |136       |979         |76       |737.59       |0.00                   |
2020-01-06 |CJ009        |10,930.00  |10,900.00|10,940.00|10,815.00|10,875.00|10,880.00 |-55.00    |-50.00    |545       |2,578       |78       |2,964.57     |0.00                   |
2020-01-06 |CJ012        |11,065.00  |11,050.00|11,055.00|10,970.00|11,010.00|11,040.00 |-55.00    |-25.00    |475       |525         |466      |2,621.82     |0.00                   |
2020-01-07 |CJ001        |10,790.00  |10,750.00|10,750.00|10,635.00|10,655.00|10,725.00 |-135.00   |-65.00    |19        |34          |-23      |101.90       |10,900.00              |
2020-01-07 |CJ003        |10,880.00  |10,835.00|10,885.00|10,500.00|10,615.00|10,680.00 |-265.00   |-200.00   |464       |2,014       |92       |2,478.23     |0.00                   |
2020-01-07 |CJ005        |10,835.00  |10,815.00|10,830.00|10,420.00|10,480.00|10,585.00 |-355.00   |-250.00   |130,976   |45,142      |13,419   |693,340.58   |0.00                   |
2020-01-07 |CJ007        |10,845.00  |10,830.00|10,860.00|10,490.00|10,545.00|10,645.00 |-300.00   |-200.00   |504       |1,336       |357      |2,682.70     |0.00                   |
2020-01-07 |CJ009        |10,880.00  |10,875.00|10,895.00|10,535.00|10,580.00|10,685.00 |-300.00   |-195.00   |1,705     |3,012       |434      |9,109.45     |0.00                   |
2020-01-07 |CJ012        |11,040.00  |11,010.00|11,020.00|10,835.00|10,880.00|10,920.00 |-160.00   |-120.00   |99        |570         |45       |540.52       |0.00                   |
2020-01-08 |CJ001        |10,725.00  |10,520.00|10,890.00|10,520.00|10,885.00|10,645.00 |160.00    |-80.00    |9         |23          |-11      |47.90        |10,875.00              |
2020-01-08 |CJ003        |10,680.00  |10,640.00|10,660.00|10,505.00|10,575.00|10,555.00 |-105.00   |-125.00   |66        |2,019       |5        |348.28       |0.00                   |
2020-01-08 |CJ005        |10,585.00  |10,490.00|10,530.00|10,335.00|10,440.00|10,420.00 |-145.00   |-165.00   |72,014    |45,842      |700      |375,245.08   |0.00                   |
2020-01-08 |CJ007        |10,645.00  |10,545.00|10,565.00|10,395.00|10,500.00|10,480.00 |-145.00   |-165.00   |125       |1,323       |-13      |654.87       |0.00                   |
2020-01-08 |CJ009        |10,685.00  |10,565.00|10,625.00|10,455.00|10,550.00|10,535.00 |-135.00   |-150.00   |1,389     |3,527       |515      |7,315.54     |0.00                   |
2020-01-08 |CJ012        |10,920.00  |10,850.00|10,910.00|10,795.00|10,885.00|10,870.00 |-35.00    |-50.00    |361       |851         |281      |1,961.92     |0.00                   |
2020-01-09 |CJ001        |10,645.00  |10,560.00|10,850.00|10,560.00|10,805.00|10,755.00 |160.00    |110.00    |13        |25          |2        |69.90        |10,860.00              |
2020-01-09 |CJ003        |10,555.00  |10,560.00|10,650.00|10,540.00|10,555.00|10,590.00 |0.00      |35.00     |294       |1,741       |-278     |1,556.39     |0.00                   |
2020-01-09 |CJ005        |10,420.00  |10,435.00|10,490.00|10,370.00|10,405.00|10,435.00 |-15.00    |15.00     |43,553    |45,150      |-692     |227,188.78   |0.00                   |
2020-01-09 |CJ007        |10,480.00  |10,520.00|10,540.00|10,450.00|10,475.00|10,500.00 |-5.00     |20.00     |64        |1,341       |18       |335.99       |0.00                   |
2020-01-09 |CJ009        |10,535.00  |10,550.00|10,605.00|10,495.00|10,500.00|10,530.00 |-35.00    |-5.00     |622       |3,569       |42       |3,275.31     |0.00                   |
2020-01-09 |CJ012        |10,870.00  |10,840.00|10,890.00|10,820.00|10,870.00|10,860.00 |0.00      |-10.00    |322       |1,097       |246      |1,748.33     |0.00                   |
2020-01-10 |CJ001        |10,755.00  |10,880.00|10,880.00|10,880.00|10,880.00|10,880.00 |125.00    |125.00    |2         |25          |0        |10.88        |10,855.00              |
2020-01-10 |CJ003        |10,590.00  |10,505.00|10,670.00|10,340.00|10,620.00|10,545.00 |30.00     |-45.00    |92        |1,714       |-27      |485.18       |0.00                   |
2020-01-10 |CJ005        |10,435.00  |10,300.00|10,490.00|10,115.00|10,475.00|10,320.00 |40.00     |-115.00   |138,615   |45,564      |414      |715,268.64   |0.00                   |
2020-01-10 |CJ007        |10,500.00  |10,335.00|10,510.00|10,170.00|10,500.00|10,285.00 |0.00      |-215.00   |342       |1,458       |117      |1,758.67     |0.00                   |
2020-01-10 |CJ009        |10,530.00  |10,440.00|10,605.00|10,245.00|10,595.00|10,430.00 |65.00     |-100.00   |1,336     |3,585       |16       |6,968.34     |0.00                   |
2020-01-10 |CJ012        |10,860.00  |10,800.00|10,950.00|10,645.00|10,950.00|10,835.00 |90.00     |-25.00    |106       |1,128       |31       |574.32       |0.00                   |
2020-01-13 |CJ001        |10,880.00  |10,850.00|10,885.00|10,850.00|10,880.00|10,875.00 |0.00      |-5.00     |4         |25          |0        |21.75        |10,850.00              |
2020-01-13 |CJ003        |10,545.00  |10,755.00|10,755.00|10,590.00|10,640.00|10,625.00 |95.00     |80.00     |34        |1,711       |-3       |180.66       |0.00                   |
2020-01-13 |CJ005        |10,320.00  |10,515.00|10,585.00|10,360.00|10,425.00|10,440.00 |105.00    |120.00    |48,800    |42,507      |-3,057   |254,772.42   |0.00                   |
2020-01-13 |CJ007        |10,285.00  |10,615.00|10,630.00|10,460.00|10,485.00|10,500.00 |200.00    |215.00    |52        |1,482       |24       |272.98       |0.00                   |
2020-01-13 |CJ009        |10,430.00  |10,600.00|10,695.00|10,510.00|10,580.00|10,590.00 |150.00    |160.00    |586       |3,815       |230      |3,102.33     |0.00                   |
2020-01-13 |CJ012        |10,835.00  |10,980.00|11,000.00|10,905.00|10,970.00|10,945.00 |135.00    |110.00    |172       |1,265       |137      |941.41       |0.00                   |
2020-01-14 |CJ001        |10,875.00  |10,880.00|10,880.00|10,880.00|10,880.00|10,880.00 |5.00      |5.00      |1         |26          |1        |5.44         |10,840.00              |
2020-01-14 |CJ003        |10,625.00  |10,595.00|10,720.00|10,595.00|10,660.00|10,650.00 |35.00     |25.00     |38        |1,703       |-8       |202.34       |0.00                   |
2020-01-14 |CJ005        |10,440.00  |10,425.00|10,555.00|10,355.00|10,480.00|10,460.00 |40.00     |20.00     |49,596    |40,457      |-2,050   |259,420.62   |0.00                   |
2020-01-14 |CJ007        |10,500.00  |10,470.00|10,585.00|10,470.00|10,560.00|10,545.00 |60.00     |45.00     |20        |1,465       |-17      |105.46       |0.00                   |
2020-01-14 |CJ009        |10,590.00  |10,570.00|10,675.00|10,510.00|10,610.00|10,585.00 |20.00     |-5.00     |504       |3,728       |-87      |2,667.14     |0.00                   |
2020-01-14 |CJ012        |10,945.00  |10,980.00|11,015.00|10,950.00|11,000.00|10,980.00 |55.00     |35.00     |38        |1,279       |14       |208.62       |0.00                   |
2020-01-15 |CJ001        |10,880.00  |0.00     |0.00     |0.00     |0.00     |10,850.00 |-30.00    |-30.00    |2         |0           |-26      |10.85        |10,810.00              |
2020-01-15 |CJ003        |10,650.00  |10,650.00|10,715.00|10,610.00|10,715.00|10,660.00 |65.00     |10.00     |59        |1,701       |-2       |314.54       |0.00                   |
2020-01-15 |CJ005        |10,460.00  |10,520.00|10,545.00|10,405.00|10,510.00|10,490.00 |50.00     |30.00     |44,648    |39,172      |-1,285   |234,186.80   |0.00                   |
2020-01-15 |CJ007        |10,545.00  |10,530.00|10,595.00|10,485.00|10,580.00|10,520.00 |35.00     |-25.00    |62        |1,506       |41       |326.07       |0.00                   |
2020-01-15 |CJ009        |10,585.00  |10,660.00|10,665.00|10,560.00|10,645.00|10,630.00 |60.00     |45.00     |1,033     |4,130       |402      |5,491.24     |0.00                   |
2020-01-15 |CJ012        |10,980.00  |10,945.00|11,035.00|10,945.00|11,015.00|10,955.00 |35.00     |-25.00    |286       |1,539       |260      |1,566.35     |0.00                   |
2020-01-16 |CJ003        |10,660.00  |10,730.00|10,750.00|10,650.00|10,670.00|10,690.00 |10.00     |30.00     |245       |1,493       |-208     |1,309.46     |0.00                   |
2020-01-16 |CJ005        |10,490.00  |10,520.00|10,585.00|10,440.00|10,510.00|10,505.00 |20.00     |15.00     |41,662    |37,875      |-1,297   |218,796.92   |0.00                   |
2020-01-16 |CJ007        |10,520.00  |10,595.00|10,610.00|10,510.00|10,565.00|10,555.00 |45.00     |35.00     |192       |1,345       |-161     |1,013.09     |0.00                   |
2020-01-16 |CJ009        |10,630.00  |10,700.00|10,715.00|10,580.00|10,650.00|10,640.00 |20.00     |10.00     |470       |4,184       |54       |2,500.05     |0.00                   |
2020-01-16 |CJ012        |10,955.00  |11,030.00|11,045.00|10,960.00|11,000.00|10,975.00 |45.00     |20.00     |119       |1,639       |100      |653.03       |0.00                   |
2020-01-16 |CJ101        |10,955.00  |10,850.00|10,980.00|10,815.00|10,895.00|10,875.00 |-60.00    |-80.00    |20        |17          |17       |108.77       |0.00                   |
2020-01-17 |CJ003        |10,690.00  |10,715.00|10,750.00|10,675.00|10,750.00|10,705.00 |60.00     |15.00     |35        |1,472       |-21      |187.35       |0.00                   |
2020-01-17 |CJ005        |10,505.00  |10,510.00|10,575.00|10,470.00|10,575.00|10,525.00 |70.00     |20.00     |30,365    |36,609      |-1,266   |159,826.98   |0.00                   |
2020-01-17 |CJ007        |10,555.00  |10,590.00|10,615.00|10,550.00|10,615.00|10,585.00 |60.00     |30.00     |51        |1,315       |-30      |269.97       |0.00                   |
2020-01-17 |CJ009        |10,640.00  |10,610.00|10,700.00|10,610.00|10,700.00|10,635.00 |60.00     |-5.00     |543       |4,300       |116      |2,888.00     |0.00                   |
2020-01-17 |CJ012        |10,975.00  |10,970.00|11,015.00|10,970.00|11,015.00|10,970.00 |40.00     |-5.00     |267       |1,892       |253      |1,464.67     |0.00                   |
2020-01-17 |CJ101        |10,875.00  |10,900.00|10,900.00|10,845.00|10,900.00|10,885.00 |25.00     |10.00     |10        |20          |3        |54.43        |0.00                   |
2020-01-20 |CJ003        |10,705.00  |10,675.00|10,800.00|10,675.00|10,675.00|10,725.00 |-30.00    |20.00     |32        |1,466       |-6       |171.57       |0.00                   |
2020-01-20 |CJ005        |10,525.00  |10,585.00|10,665.00|10,470.00|10,470.00|10,540.00 |-55.00    |15.00     |38,211    |35,502      |-1,107   |201,365.91   |0.00                   |
2020-01-20 |CJ007        |10,585.00  |10,685.00|10,685.00|10,550.00|10,555.00|10,575.00 |-30.00    |-10.00    |25        |1,325       |10       |132.19       |0.00                   |
2020-01-20 |CJ009        |10,635.00  |10,740.00|10,780.00|10,610.00|10,620.00|10,655.00 |-15.00    |20.00     |320       |4,355       |55       |1,704.62     |0.00                   |
2020-01-20 |CJ012        |10,970.00  |11,000.00|11,000.00|10,960.00|10,960.00|10,975.00 |-10.00    |5.00      |16        |1,895       |3        |87.81        |0.00                   |
2020-01-20 |CJ101        |10,885.00  |10,825.00|10,900.00|10,805.00|10,875.00|10,850.00 |-10.00    |-35.00    |6         |19          |-1       |32.56        |0.00                   |
2020-01-21 |CJ003        |10,725.00  |10,685.00|10,720.00|10,685.00|10,685.00|10,700.00 |-40.00    |-25.00    |22        |1,456       |-10      |117.72       |0.00                   |
2020-01-21 |CJ005        |10,540.00  |10,495.00|10,545.00|10,450.00|10,515.00|10,500.00 |-25.00    |-40.00    |31,349    |34,424      |-1,078   |164,619.24   |0.00                   |
2020-01-21 |CJ007        |10,575.00  |10,585.00|10,585.00|10,555.00|10,580.00|10,570.00 |5.00      |-5.00     |19        |1,317       |-8       |100.42       |0.00                   |
2020-01-21 |CJ009        |10,655.00  |10,630.00|10,660.00|10,590.00|10,640.00|10,635.00 |-15.00    |-20.00    |261       |4,335       |-20      |1,388.08     |0.00                   |
2020-01-21 |CJ012        |10,975.00  |10,960.00|11,005.00|10,945.00|10,990.00|10,980.00 |15.00     |5.00      |33        |1,893       |-2       |181.14       |0.00                   |
2020-01-21 |CJ101        |10,850.00  |10,785.00|10,825.00|10,785.00|10,825.00|10,815.00 |-25.00    |-35.00    |9         |23          |4        |48.66        |0.00                   |
2020-01-22 |CJ003        |10,700.00  |10,660.00|10,800.00|10,655.00|10,755.00|10,720.00 |55.00     |20.00     |77        |1,415       |-41      |412.80       |0.00                   |
2020-01-22 |CJ005        |10,500.00  |10,515.00|10,640.00|10,425.00|10,600.00|10,530.00 |100.00    |30.00     |43,738    |32,049      |-2,375   |230,302.83   |0.00                   |
2020-01-22 |CJ007        |10,570.00  |10,525.00|10,685.00|10,490.00|10,620.00|10,645.00 |50.00     |75.00     |33        |1,291       |-26      |175.66       |0.00                   |
2020-01-22 |CJ009        |10,635.00  |10,625.00|10,750.00|10,555.00|10,725.00|10,675.00 |90.00     |40.00     |404       |4,287       |-48      |2,156.08     |0.00                   |
2020-01-22 |CJ012        |10,980.00  |10,975.00|11,070.00|10,955.00|11,020.00|11,005.00 |40.00     |25.00     |28        |1,887       |-6       |154.08       |0.00                   |
2020-01-22 |CJ101        |10,815.00  |10,885.00|10,895.00|10,810.00|10,895.00|10,850.00 |80.00     |35.00     |8         |20          |-3       |43.39        |0.00                   |
2020-01-23 |CJ003        |10,720.00  |10,720.00|11,070.00|10,710.00|10,805.00|10,795.00 |85.00     |75.00     |87        |1,364       |-51      |469.54       |0.00                   |
2020-01-23 |CJ005        |10,530.00  |10,575.00|10,620.00|10,520.00|10,610.00|10,570.00 |80.00     |40.00     |20,706    |29,564      |-2,485   |109,453.58   |0.00                   |
2020-01-23 |CJ007        |10,645.00  |10,635.00|10,680.00|10,610.00|10,680.00|10,645.00 |35.00     |0.00      |18        |1,278       |-13      |95.79        |0.00                   |
2020-01-23 |CJ009        |10,675.00  |10,695.00|10,745.00|10,665.00|10,730.00|10,710.00 |55.00     |35.00     |327       |4,186       |-101     |1,750.81     |0.00                   |
2020-01-23 |CJ012        |11,005.00  |10,980.00|11,020.00|10,980.00|11,015.00|11,010.00 |10.00     |5.00      |23        |1,880       |-7       |126.64       |0.00                   |
2020-01-23 |CJ101        |10,850.00  |0.00     |0.00     |0.00     |0.00     |10,875.00 |25.00     |25.00     |0         |20          |0        |0.00         |0.00                   |
2020-02-03 |CJ003        |10,795.00  |10,720.00|10,720.00|10,245.00|10,340.00|10,360.00 |-455.00   |-435.00   |1,265     |365         |-999     |6,552.21     |0.00                   |
2020-02-03 |CJ005        |10,570.00  |10,150.00|10,360.00|9,910.00 |10,105.00|10,125.00 |-465.00   |-445.00   |89,416    |31,495      |1,931    |452,627.50   |0.00                   |
2020-02-03 |CJ007        |10,645.00  |10,150.00|10,395.00|10,000.00|10,190.00|10,225.00 |-455.00   |-420.00   |517       |1,155       |-123     |2,642.89     |0.00                   |
2020-02-03 |CJ009        |10,710.00  |10,460.00|10,460.00|10,080.00|10,230.00|10,265.00 |-480.00   |-445.00   |1,701     |4,217       |31       |8,730.74     |0.00                   |
2020-02-03 |CJ012        |11,010.00  |10,600.00|10,930.00|10,600.00|10,730.00|10,710.00 |-280.00   |-300.00   |145       |1,924       |44       |776.32       |0.00                   |
2020-02-03 |CJ101        |10,875.00  |10,260.00|10,590.00|10,260.00|10,435.00|10,470.00 |-440.00   |-405.00   |20        |26          |6        |104.73       |0.00                   |
2020-02-04 |CJ003        |10,360.00  |10,270.00|10,410.00|10,270.00|10,410.00|10,370.00 |50.00     |10.00     |167       |390         |25       |865.72       |0.00                   |
2020-02-04 |CJ005        |10,125.00  |10,085.00|10,260.00|9,890.00 |10,240.00|10,175.00 |115.00    |50.00     |38,655    |29,416      |-2,079   |196,619.08   |0.00                   |
2020-02-04 |CJ007        |10,225.00  |10,080.00|10,315.00|10,080.00|10,315.00|10,200.00 |90.00     |-25.00    |80        |1,146       |-9       |407.90       |0.00                   |
2020-02-04 |CJ009        |10,265.00  |10,250.00|10,385.00|10,100.00|10,360.00|10,305.00 |95.00     |40.00     |1,081     |4,297       |80       |5,569.70     |0.00                   |
2020-02-04 |CJ012        |10,710.00  |10,695.00|10,835.00|10,575.00|10,785.00|10,750.00 |75.00     |40.00     |147       |1,969       |45       |790.07       |0.00                   |
2020-02-04 |CJ101        |10,470.00  |10,525.00|10,670.00|10,505.00|10,610.00|10,580.00 |140.00    |110.00    |66        |74          |48       |349.20       |0.00                   |
2020-02-05 |CJ003        |10,370.00  |10,370.00|10,390.00|10,290.00|10,375.00|10,355.00 |5.00      |-15.00    |212       |280         |-110     |1,097.57     |0.00                   |
2020-02-05 |CJ005        |10,175.00  |10,225.00|10,320.00|10,190.00|10,235.00|10,250.00 |60.00     |75.00     |29,758    |28,416      |-1,000   |152,488.07   |0.00                   |
2020-02-05 |CJ007        |10,200.00  |10,295.00|10,375.00|10,285.00|10,310.00|10,320.00 |110.00    |120.00    |94        |1,125       |-21      |484.96       |0.00                   |
2020-02-05 |CJ009        |10,305.00  |10,325.00|10,430.00|10,320.00|10,380.00|10,375.00 |75.00     |70.00     |798       |4,508       |211      |4,140.23     |0.00                   |
2020-02-05 |CJ012        |10,750.00  |10,855.00|10,855.00|10,755.00|10,795.00|10,800.00 |45.00     |50.00     |31        |1,982       |13       |167.37       |0.00                   |
2020-02-05 |CJ101        |10,580.00  |10,570.00|10,650.00|10,570.00|10,620.00|10,610.00 |40.00     |30.00     |24        |89          |15       |127.35       |0.00                   |
2020-02-06 |CJ003        |10,355.00  |10,430.00|10,430.00|10,395.00|10,420.00|10,405.00 |65.00     |50.00     |8         |282         |2        |41.62        |0.00                   |
2020-02-06 |CJ005        |10,250.00  |10,240.00|10,290.00|10,205.00|10,280.00|10,250.00 |30.00     |0.00      |21,874    |28,323      |-93      |112,109.44   |0.00                   |
2020-02-06 |CJ007        |10,320.00  |10,300.00|10,350.00|10,285.00|10,335.00|10,300.00 |15.00     |-20.00    |17        |1,125       |0        |87.56        |0.00                   |
2020-02-06 |CJ009        |10,375.00  |10,360.00|10,405.00|10,340.00|10,395.00|10,380.00 |20.00     |5.00      |502       |4,517       |9        |2,605.67     |0.00                   |
2020-02-06 |CJ012        |10,800.00  |10,820.00|10,825.00|10,740.00|10,785.00|10,785.00 |-15.00    |-15.00    |103       |2,073       |91       |555.47       |0.00                   |
2020-02-06 |CJ101        |10,610.00  |10,570.00|10,640.00|10,555.00|10,595.00|10,600.00 |-15.00    |-10.00    |16        |95          |6        |84.79        |0.00                   |
2020-02-07 |CJ003        |10,405.00  |10,400.00|10,470.00|10,400.00|10,450.00|10,435.00 |45.00     |30.00     |13        |278         |-4       |67.84        |0.00                   |
2020-02-07 |CJ005        |10,250.00  |10,290.00|10,335.00|10,260.00|10,330.00|10,300.00 |80.00     |50.00     |26,660    |28,926      |603      |137,324.41   |0.00                   |
2020-02-07 |CJ007        |10,300.00  |10,350.00|10,370.00|10,345.00|10,345.00|10,355.00 |45.00     |55.00     |19        |1,122       |-3       |98.36        |0.00                   |
2020-02-07 |CJ009        |10,380.00  |10,400.00|10,450.00|10,395.00|10,450.00|10,420.00 |70.00     |40.00     |452       |4,584       |67       |2,354.86     |0.00                   |
2020-02-07 |CJ012        |10,785.00  |10,815.00|10,835.00|10,770.00|10,820.00|10,800.00 |35.00     |15.00     |29        |2,070       |-3       |156.57       |0.00                   |
2020-02-07 |CJ101        |10,600.00  |10,620.00|10,655.00|10,620.00|10,655.00|10,645.00 |55.00     |45.00     |9         |95          |0        |47.91        |0.00                   |
2020-02-10 |CJ003        |10,435.00  |10,405.00|10,530.00|10,405.00|10,510.00|10,480.00 |75.00     |45.00     |19        |272         |-6       |99.58        |0.00                   |
2020-02-10 |CJ005        |10,300.00  |10,260.00|10,360.00|10,230.00|10,325.00|10,310.00 |25.00     |10.00     |25,715    |29,139      |213      |132,590.91   |0.00                   |
2020-02-10 |CJ007        |10,355.00  |10,370.00|10,420.00|10,365.00|10,415.00|10,395.00 |60.00     |40.00     |9         |1,120       |-2       |46.78        |0.00                   |
2020-02-10 |CJ009        |10,420.00  |10,395.00|10,485.00|10,390.00|10,475.00|10,450.00 |55.00     |30.00     |659       |4,924       |340      |3,443.60     |0.00                   |
2020-02-10 |CJ012        |10,800.00  |10,715.00|10,865.00|10,715.00|10,820.00|10,740.00 |20.00     |-60.00    |266       |2,319       |249      |1,428.42     |0.00                   |
2020-02-10 |CJ101        |10,645.00  |10,675.00|10,705.00|10,650.00|10,675.00|10,675.00 |30.00     |30.00     |8         |97          |2        |42.71        |0.00                   |
2020-02-11 |CJ003        |10,480.00  |10,445.00|10,700.00|10,445.00|10,645.00|10,625.00 |165.00    |145.00    |32        |264         |-8       |169.97       |0.00                   |
2020-02-11 |CJ005        |10,310.00  |10,350.00|10,400.00|10,310.00|10,385.00|10,365.00 |75.00     |55.00     |24,902    |28,447      |-692     |129,028.17   |0.00                   |
2020-02-11 |CJ007        |10,395.00  |10,415.00|10,460.00|10,405.00|10,450.00|10,430.00 |55.00     |35.00     |17        |1,122       |2        |88.66        |0.00                   |
2020-02-11 |CJ009        |10,450.00  |10,445.00|10,545.00|10,445.00|10,535.00|10,515.00 |85.00     |65.00     |636       |4,984       |60       |3,343.50     |0.00                   |
2020-02-11 |CJ012        |10,740.00  |10,760.00|10,900.00|10,760.00|10,880.00|10,870.00 |140.00    |130.00    |78        |2,345       |26       |423.86       |0.00                   |
2020-02-11 |CJ101        |10,675.00  |10,665.00|10,770.00|10,665.00|10,760.00|10,725.00 |85.00     |50.00     |40        |104         |7        |214.54       |0.00                   |
2020-02-12 |CJ003        |10,625.00  |10,480.00|10,670.00|10,480.00|10,660.00|10,575.00 |35.00     |-50.00    |29        |264         |0        |153.32       |0.00                   |
2020-02-12 |CJ005        |10,365.00  |10,380.00|10,485.00|10,370.00|10,435.00|10,420.00 |70.00     |55.00     |26,864    |28,738      |291      |139,972.01   |0.00                   |
2020-02-12 |CJ007        |10,430.00  |10,490.00|10,555.00|10,480.00|10,480.00|10,525.00 |50.00     |95.00     |30        |1,148       |26       |157.88       |0.00                   |
2020-02-12 |CJ009        |10,515.00  |10,555.00|10,645.00|10,505.00|10,615.00|10,595.00 |100.00    |80.00     |731       |5,130       |146      |3,872.01     |0.00                   |
2020-02-12 |CJ012        |10,870.00  |10,830.00|10,930.00|10,830.00|10,905.00|10,915.00 |35.00     |45.00     |48        |2,355       |10       |261.99       |0.00                   |
2020-02-12 |CJ101        |10,725.00  |10,785.00|10,850.00|10,785.00|10,815.00|10,815.00 |90.00     |90.00     |11        |105         |1        |59.49        |0.00                   |
2020-02-13 |CJ003        |10,575.00  |10,505.00|10,690.00|10,505.00|10,660.00|10,585.00 |85.00     |10.00     |25        |264         |0        |132.29       |0.00                   |
2020-02-13 |CJ005        |10,420.00  |10,435.00|10,460.00|10,390.00|10,450.00|10,420.00 |30.00     |0.00      |15,470    |27,637      |-1,101   |80,610.13    |0.00                   |
2020-02-13 |CJ007        |10,525.00  |10,480.00|10,535.00|10,480.00|10,530.00|10,500.00 |5.00      |-25.00    |69        |1,188       |40       |362.27       |0.00                   |
2020-02-13 |CJ009        |10,595.00  |10,595.00|10,625.00|10,575.00|10,610.00|10,595.00 |15.00     |0.00      |909       |5,173       |43       |4,816.55     |0.00                   |
2020-02-13 |CJ012        |10,915.00  |10,905.00|10,970.00|10,890.00|10,945.00|10,895.00 |30.00     |-20.00    |89        |2,432       |77       |484.87       |0.00                   |
2020-02-13 |CJ101        |10,815.00  |10,805.00|10,825.00|10,795.00|10,825.00|10,810.00 |10.00     |-5.00     |4         |104         |-1       |21.62        |0.00                   |
2020-02-14 |CJ003        |10,585.00  |10,645.00|10,770.00|10,645.00|10,765.00|10,700.00 |180.00    |115.00    |88        |220         |-44      |470.86       |0.00                   |
2020-02-14 |CJ005        |10,420.00  |10,430.00|10,460.00|10,350.00|10,420.00|10,405.00 |0.00      |-15.00    |25,899    |28,876      |1,239    |134,753.61   |0.00                   |
2020-02-14 |CJ007        |10,500.00  |10,520.00|10,520.00|10,435.00|10,510.00|10,485.00 |10.00     |-15.00    |109       |1,191       |3        |571.37       |0.00                   |
2020-02-14 |CJ009        |10,595.00  |10,600.00|10,620.00|10,510.00|10,580.00|10,565.00 |-15.00    |-30.00    |980       |5,104       |-69      |5,176.51     |0.00                   |
2020-02-14 |CJ012        |10,895.00  |10,965.00|10,965.00|10,860.00|10,865.00|10,870.00 |-30.00    |-25.00    |60        |2,427       |-5       |326.10       |0.00                   |
2020-02-14 |CJ101        |10,810.00  |10,815.00|10,820.00|10,740.00|10,800.00|10,790.00 |-10.00    |-20.00    |24        |120         |16       |129.46       |0.00                   |
2020-02-17 |CJ003        |10,700.00  |10,720.00|10,850.00|10,710.00|10,825.00|10,790.00 |125.00    |90.00     |24        |215         |-5       |129.47       |0.00                   |
2020-02-17 |CJ005        |10,405.00  |10,440.00|10,555.00|10,400.00|10,535.00|10,490.00 |130.00    |85.00     |29,563    |30,150      |1,274    |155,058.37   |0.00                   |
2020-02-17 |CJ007        |10,485.00  |10,525.00|10,615.00|10,480.00|10,615.00|10,570.00 |130.00    |85.00     |230       |1,392       |201      |1,215.52     |0.00                   |
2020-02-17 |CJ009        |10,565.00  |10,585.00|10,720.00|10,575.00|10,710.00|10,665.00 |145.00    |100.00    |948       |5,352       |248      |5,054.62     |0.00                   |
2020-02-17 |CJ012        |10,870.00  |10,890.00|11,000.00|10,845.00|11,000.00|10,960.00 |130.00    |90.00     |153       |2,482       |55       |838.37       |0.00                   |
2020-02-17 |CJ101        |10,790.00  |10,800.00|10,940.00|10,790.00|10,940.00|10,875.00 |150.00    |85.00     |227       |325         |205      |1,234.32     |0.00                   |
2020-02-18 |CJ003        |10,790.00  |10,850.00|10,855.00|10,750.00|10,755.00|10,815.00 |-35.00    |25.00     |40        |189         |-26      |216.34       |0.00                   |
2020-02-18 |CJ005        |10,490.00  |10,495.00|10,560.00|10,490.00|10,510.00|10,520.00 |20.00     |30.00     |14,819    |29,462      |-688     |77,933.50    |0.00                   |
2020-02-18 |CJ007        |10,570.00  |10,580.00|10,610.00|10,580.00|10,600.00|10,600.00 |30.00     |30.00     |9         |1,390       |-2       |47.71        |0.00                   |
2020-02-18 |CJ009        |10,665.00  |10,680.00|10,730.00|10,665.00|10,675.00|10,695.00 |10.00     |30.00     |462       |5,311       |-41      |2,469.98     |0.00                   |
2020-02-18 |CJ012        |10,960.00  |10,975.00|10,995.00|10,945.00|10,970.00|10,975.00 |10.00     |15.00     |43        |2,473       |-9       |235.92       |0.00                   |
2020-02-18 |CJ101        |10,875.00  |10,895.00|10,930.00|10,865.00|10,885.00|10,895.00 |10.00     |20.00     |7         |325         |0        |38.14        |0.00                   |
2020-02-19 |CJ003        |10,815.00  |10,810.00|10,810.00|10,630.00|10,635.00|10,755.00 |-180.00   |-60.00    |9         |184         |-5       |48.40        |0.00                   |
2020-02-19 |CJ005        |10,520.00  |10,490.00|10,550.00|10,490.00|10,500.00|10,520.00 |-20.00    |0.00      |11,612    |29,217      |-245     |61,086.01    |0.00                   |
2020-02-19 |CJ007        |10,600.00  |10,615.00|10,635.00|10,605.00|10,610.00|10,615.00 |10.00     |15.00     |46        |1,379       |-11      |244.16       |0.00                   |
2020-02-19 |CJ009        |10,695.00  |10,685.00|10,720.00|10,660.00|10,660.00|10,690.00 |-35.00    |-5.00     |519       |5,208       |-103     |2,774.21     |0.00                   |
2020-02-19 |CJ012        |10,975.00  |10,975.00|11,000.00|10,965.00|10,970.00|10,975.00 |-5.00     |0.00      |87        |2,547       |74       |477.49       |0.00                   |
2020-02-19 |CJ101        |10,895.00  |10,885.00|10,905.00|10,880.00|10,895.00|10,895.00 |0.00      |0.00      |5         |326         |1        |27.24        |0.00                   |
2020-02-20 |CJ003        |10,755.00  |10,615.00|10,795.00|10,615.00|10,795.00|10,730.00 |40.00     |-25.00    |7         |183         |-1       |37.55        |0.00                   |
2020-02-20 |CJ005        |10,520.00  |10,535.00|10,665.00|10,475.00|10,580.00|10,580.00 |60.00     |60.00     |34,779    |29,460      |243      |183,949.66   |0.00                   |
2020-02-20 |CJ007        |10,615.00  |10,580.00|10,715.00|10,580.00|10,655.00|10,665.00 |40.00     |50.00     |94        |1,326       |-53      |501.27       |0.00                   |
2020-02-20 |CJ009        |10,690.00  |10,675.00|10,805.00|10,650.00|10,730.00|10,740.00 |40.00     |50.00     |1,331     |5,063       |-145     |7,147.63     |0.00                   |
2020-02-20 |CJ012        |10,975.00  |11,000.00|11,050.00|10,990.00|10,995.00|11,020.00 |20.00     |45.00     |59        |2,564       |17       |325.07       |0.00                   |
2020-02-20 |CJ101        |10,895.00  |10,930.00|10,945.00|10,915.00|10,945.00|10,930.00 |50.00     |35.00     |12        |327         |1        |65.58        |0.00                   |
2020-02-21 |CJ003        |10,730.00  |10,735.00|10,735.00|10,725.00|10,725.00|10,730.00 |-5.00     |0.00      |2         |181         |-2       |10.73        |0.00                   |
2020-02-21 |CJ005        |10,580.00  |10,575.00|10,595.00|10,530.00|10,555.00|10,570.00 |-25.00    |-10.00    |15,003    |28,302      |-1,158   |79,280.56    |0.00                   |
2020-02-21 |CJ007        |10,665.00  |10,640.00|10,650.00|10,640.00|10,650.00|10,650.00 |-15.00    |-15.00    |6         |1,323       |-3       |31.95        |0.00                   |
2020-02-21 |CJ009        |10,740.00  |10,730.00|10,750.00|10,690.00|10,710.00|10,720.00 |-30.00    |-20.00    |445       |4,959       |-104     |2,385.35     |0.00                   |
2020-02-21 |CJ012        |11,020.00  |10,975.00|11,035.00|10,975.00|11,025.00|11,015.00 |5.00      |-5.00     |67        |2,607       |43       |369.01       |0.00                   |
2020-02-21 |CJ101        |10,930.00  |10,900.00|10,935.00|10,880.00|10,880.00|10,905.00 |-50.00    |-25.00    |9         |327         |0        |49.07        |0.00                   |
2020-02-24 |CJ003        |10,730.00  |10,720.00|10,805.00|10,610.00|10,715.00|10,730.00 |-15.00    |0.00      |10        |177         |-4       |53.65        |0.00                   |
2020-02-24 |CJ005        |10,570.00  |10,580.00|10,585.00|10,440.00|10,465.00|10,495.00 |-105.00   |-75.00    |24,534    |27,159      |-1,143   |128,732.72   |0.00                   |
2020-02-24 |CJ007        |10,650.00  |10,625.00|10,630.00|10,510.00|10,510.00|10,560.00 |-140.00   |-90.00    |174       |1,189       |-134     |918.80       |0.00                   |
2020-02-24 |CJ009        |10,720.00  |10,725.00|10,725.00|10,575.00|10,575.00|10,625.00 |-145.00   |-95.00    |1,083     |4,562       |-397     |5,752.56     |0.00                   |
2020-02-24 |CJ012        |11,015.00  |11,010.00|11,020.00|10,920.00|10,920.00|10,950.00 |-95.00    |-65.00    |67        |2,578       |-29      |366.84       |0.00                   |
2020-02-24 |CJ101        |10,905.00  |10,890.00|10,890.00|10,785.00|10,785.00|10,815.00 |-120.00   |-90.00    |15        |325         |-2       |81.11        |0.00                   |
2020-02-25 |CJ003        |10,730.00  |10,800.00|10,800.00|10,750.00|10,750.00|10,790.00 |20.00     |60.00     |27        |154         |-23      |145.66       |0.00                   |
2020-02-25 |CJ005        |10,495.00  |10,425.00|10,620.00|10,425.00|10,565.00|10,545.00 |70.00     |50.00     |31,902    |26,844      |-315     |168,173.93   |0.00                   |
2020-02-25 |CJ007        |10,560.00  |10,490.00|10,645.00|10,480.00|10,575.00|10,575.00 |15.00     |15.00     |149       |1,187       |-2       |787.67       |0.00                   |
2020-02-25 |CJ009        |10,625.00  |10,560.00|10,715.00|10,545.00|10,620.00|10,635.00 |-5.00     |10.00     |868       |4,448       |-114     |4,615.43     |0.00                   |
2020-02-25 |CJ012        |10,950.00  |10,915.00|11,010.00|10,905.00|10,930.00|10,930.00 |-20.00    |-20.00    |63        |2,566       |-12      |344.34       |0.00                   |
2020-02-25 |CJ101        |10,815.00  |10,760.00|10,845.00|10,730.00|10,825.00|10,765.00 |10.00     |-50.00    |63        |376         |51       |339.02       |0.00                   |
2020-02-26 |CJ003        |10,790.00  |10,780.00|10,790.00|10,760.00|10,760.00|10,780.00 |-30.00    |-10.00    |6         |153         |-1       |32.34        |0.00                   |
2020-02-26 |CJ005        |10,545.00  |10,545.00|10,570.00|10,465.00|10,510.00|10,520.00 |-35.00    |-25.00    |17,395    |26,362      |-482     |91,500.49    |0.00                   |
2020-02-26 |CJ007        |10,575.00  |10,585.00|10,600.00|10,580.00|10,600.00|10,590.00 |25.00     |15.00     |5         |1,184       |-3       |26.48        |0.00                   |
2020-02-26 |CJ009        |10,635.00  |10,625.00|10,665.00|10,560.00|10,580.00|10,605.00 |-55.00    |-30.00    |306       |4,451       |3        |1,622.58     |0.00                   |
2020-02-26 |CJ012        |10,930.00  |10,905.00|10,935.00|10,895.00|10,900.00|10,910.00 |-30.00    |-20.00    |35        |2,560       |-6       |190.91       |0.00                   |
2020-02-26 |CJ101        |10,765.00  |10,800.00|10,800.00|10,780.00|10,780.00|10,790.00 |15.00     |25.00     |3         |375         |-1       |16.19        |0.00                   |
2020-02-27 |CJ003        |10,780.00  |10,780.00|10,800.00|10,680.00|10,775.00|10,770.00 |-5.00     |-10.00    |67        |120         |-33      |360.77       |0.00                   |
2020-02-27 |CJ005        |10,520.00  |10,520.00|10,535.00|10,275.00|10,385.00|10,385.00 |-135.00   |-135.00   |59,886    |29,645      |3,283    |311,006.03   |0.00                   |
2020-02-27 |CJ007        |10,590.00  |10,520.00|10,545.00|10,345.00|10,420.00|10,410.00 |-170.00   |-180.00   |215       |1,252       |68       |1,119.24     |0.00                   |
2020-02-27 |CJ009        |10,605.00  |10,580.00|10,610.00|10,405.00|10,495.00|10,495.00 |-110.00   |-110.00   |1,127     |4,556       |105      |5,914.39     |0.00                   |
2020-02-27 |CJ012        |10,910.00  |10,920.00|10,920.00|10,740.00|10,805.00|10,805.00 |-105.00   |-105.00   |133       |2,536       |-24      |718.49       |0.00                   |
2020-02-27 |CJ101        |10,790.00  |10,705.00|10,725.00|10,650.00|10,685.00|10,695.00 |-105.00   |-95.00    |55        |406         |31       |294.13       |0.00                   |
2020-02-28 |CJ003        |10,770.00  |10,795.00|10,800.00|10,650.00|10,790.00|10,735.00 |20.00     |-35.00    |61        |71          |-49      |327.45       |0.00                   |
2020-02-28 |CJ005        |10,385.00  |10,340.00|10,495.00|10,320.00|10,430.00|10,405.00 |45.00     |20.00     |56,167    |28,812      |-833     |292,213.90   |0.00                   |
2020-02-28 |CJ007        |10,410.00  |10,390.00|10,510.00|10,370.00|10,470.00|10,445.00 |60.00     |35.00     |103       |1,200       |-52      |537.92       |0.00                   |
2020-02-28 |CJ009        |10,495.00  |10,440.00|10,570.00|10,415.00|10,525.00|10,495.00 |30.00     |0.00      |1,094     |4,512       |-44      |5,741.56     |0.00                   |
2020-02-28 |CJ012        |10,805.00  |10,770.00|10,785.00|10,685.00|10,785.00|10,715.00 |-20.00    |-90.00    |231       |2,527       |-9       |1,237.47     |0.00                   |
2020-02-28 |CJ101        |10,695.00  |10,655.00|10,715.00|10,630.00|10,700.00|10,660.00 |5.00      |-35.00    |120       |416         |10       |639.62       |0.00                   |
2020-03-02 |CJ003        |10,735.00  |10,790.00|10,790.00|10,790.00|10,790.00|10,790.00 |55.00     |55.00     |2         |40          |-31      |10.79        |10,765.00              |
2020-03-02 |CJ005        |10,405.00  |10,405.00|10,710.00|10,345.00|10,580.00|10,555.00 |175.00    |150.00    |52,321    |26,018      |-2,794   |276,061.76   |0.00                   |
2020-03-02 |CJ007        |10,445.00  |10,470.00|10,710.00|10,460.00|10,615.00|10,615.00 |170.00    |170.00    |135       |1,239       |39       |716.57       |0.00                   |
2020-03-02 |CJ009        |10,495.00  |10,520.00|10,760.00|10,450.00|10,685.00|10,650.00 |190.00    |155.00    |1,921     |4,775       |263      |10,228.47    |0.00                   |
2020-03-02 |CJ012        |10,715.00  |10,805.00|10,920.00|10,795.00|10,875.00|10,870.00 |160.00    |155.00    |54        |2,543       |16       |293.53       |0.00                   |
2020-03-02 |CJ101        |10,660.00  |10,720.00|10,855.00|10,700.00|10,805.00|10,800.00 |145.00    |140.00    |57        |396         |-20      |307.82       |0.00                   |
2020-03-03 |CJ003        |10,790.00  |10,410.00|10,600.00|10,310.00|10,310.00|10,460.00 |-480.00   |-330.00   |11        |29          |-11      |57.53        |10,725.00              |
2020-03-03 |CJ005        |10,555.00  |10,555.00|10,600.00|10,460.00|10,520.00|10,520.00 |-35.00    |-35.00    |27,770    |24,589      |-1,429   |146,097.55   |0.00                   |
2020-03-03 |CJ007        |10,615.00  |10,580.00|10,615.00|10,515.00|10,550.00|10,555.00 |-65.00    |-60.00    |198       |1,135       |-104     |1,045.04     |0.00                   |
2020-03-03 |CJ009        |10,650.00  |10,685.00|10,700.00|10,585.00|10,600.00|10,630.00 |-50.00    |-20.00    |1,578     |4,745       |-30      |8,389.01     |0.00                   |
2020-03-03 |CJ012        |10,870.00  |10,890.00|10,890.00|10,800.00|10,815.00|10,830.00 |-55.00    |-40.00    |44        |2,543       |0        |238.29       |0.00                   |
2020-03-03 |CJ101        |10,800.00  |10,810.00|10,810.00|10,745.00|10,745.00|10,765.00 |-55.00    |-35.00    |6         |397         |1        |32.30        |0.00                   |
2020-03-04 |CJ003        |10,460.00  |10,310.00|10,310.00|10,310.00|10,310.00|10,310.00 |-150.00   |-150.00   |1         |25          |-4       |5.16         |10,685.00              |
2020-03-04 |CJ005        |10,520.00  |10,535.00|10,565.00|10,470.00|10,525.00|10,515.00 |5.00      |-5.00     |18,351    |23,623      |-966     |96,459.82    |0.00                   |
2020-03-04 |CJ007        |10,555.00  |10,540.00|10,570.00|10,515.00|10,570.00|10,540.00 |15.00     |-15.00    |44        |1,157       |22       |231.91       |0.00                   |
2020-03-04 |CJ009        |10,630.00  |10,605.00|10,650.00|10,560.00|10,590.00|10,595.00 |-40.00    |-35.00    |1,207     |4,175       |-570     |6,395.20     |0.00                   |
2020-03-04 |CJ012        |10,830.00  |10,760.00|10,820.00|10,760.00|10,775.00|10,760.00 |-55.00    |-70.00    |622       |2,146       |-397     |3,346.73     |0.00                   |
2020-03-04 |CJ101        |10,765.00  |10,705.00|10,735.00|10,700.00|10,700.00|10,705.00 |-65.00    |-60.00    |125       |517         |120      |669.06       |0.00                   |
2020-03-05 |CJ003        |10,310.00  |10,310.00|10,790.00|10,310.00|10,790.00|10,675.00 |480.00    |365.00    |17        |19          |-6       |90.74        |10,675.00              |
2020-03-05 |CJ005        |10,515.00  |10,530.00|10,545.00|10,470.00|10,480.00|10,505.00 |-35.00    |-10.00    |19,016    |21,857      |-1,766   |99,860.14    |0.00                   |
2020-03-05 |CJ007        |10,540.00  |10,540.00|10,565.00|10,520.00|10,520.00|10,535.00 |-20.00    |-5.00     |18        |1,154       |-3       |94.84        |0.00                   |
2020-03-05 |CJ009        |10,595.00  |10,580.00|10,620.00|10,555.00|10,560.00|10,580.00 |-35.00    |-15.00    |485       |4,078       |-97      |2,565.79     |0.00                   |
2020-03-05 |CJ012        |10,760.00  |10,795.00|10,805.00|10,770.00|10,780.00|10,780.00 |20.00     |20.00     |38        |2,140       |-6       |204.85       |0.00                   |
2020-03-05 |CJ101        |10,705.00  |10,705.00|10,715.00|10,700.00|10,700.00|10,705.00 |-5.00     |0.00      |14        |521         |4        |74.93        |0.00                   |
2020-03-06 |CJ003        |10,675.00  |0.00     |0.00     |0.00     |0.00     |10,675.00 |0.00      |0.00      |0         |13          |-6       |0.00         |10,670.00              |
2020-03-06 |CJ005        |10,505.00  |10,450.00|10,465.00|10,350.00|10,395.00|10,405.00 |-110.00   |-100.00   |34,130    |22,246      |389      |177,544.66   |0.00                   |
2020-03-06 |CJ007        |10,535.00  |10,495.00|10,500.00|10,415.00|10,465.00|10,460.00 |-70.00    |-75.00    |54        |1,148       |-6       |282.42       |0.00                   |
2020-03-06 |CJ009        |10,580.00  |10,550.00|10,550.00|10,455.00|10,490.00|10,495.00 |-90.00    |-85.00    |1,764     |4,119       |41       |9,255.88     |0.00                   |
2020-03-06 |CJ012        |10,780.00  |10,755.00|10,775.00|10,710.00|10,770.00|10,740.00 |-10.00    |-40.00    |49        |2,146       |6        |263.17       |0.00                   |
2020-03-06 |CJ101        |10,705.00  |10,660.00|10,715.00|10,650.00|10,700.00|10,675.00 |-5.00     |-30.00    |126       |625         |104      |672.47       |0.00                   |
2020-03-09 |CJ003        |10,675.00  |10,300.00|10,300.00|10,290.00|10,290.00|10,295.00 |-385.00   |-380.00   |8         |14          |1        |41.18        |10,630.00              |
2020-03-09 |CJ005        |10,405.00  |10,345.00|10,535.00|10,245.00|10,415.00|10,390.00 |10.00     |-15.00    |33,736    |20,972      |-1,274   |175,246.24   |0.00                   |
2020-03-09 |CJ007        |10,460.00  |10,360.00|10,545.00|10,320.00|10,470.00|10,420.00 |10.00     |-40.00    |143       |1,127       |-21      |744.90       |0.00                   |
2020-03-09 |CJ009        |10,495.00  |10,460.00|10,620.00|10,375.00|10,505.00|10,475.00 |10.00     |-20.00    |1,770     |3,877       |-242     |9,271.72     |0.00                   |
2020-03-09 |CJ012        |10,740.00  |10,705.00|10,850.00|10,655.00|10,765.00|10,745.00 |25.00     |5.00      |451       |2,344       |198      |2,423.02     |0.00                   |
2020-03-09 |CJ101        |10,675.00  |10,680.00|10,740.00|10,650.00|10,690.00|10,680.00 |15.00     |5.00      |61        |633         |8        |325.68       |0.00                   |
2020-03-10 |CJ003        |10,295.00  |10,300.00|10,300.00|10,300.00|10,300.00|10,300.00 |5.00      |5.00      |5         |13          |-1       |25.75        |10,580.00              |
2020-03-10 |CJ005        |10,390.00  |10,415.00|10,465.00|10,385.00|10,400.00|10,420.00 |10.00     |30.00     |17,138    |19,234      |-1,738   |89,307.42    |0.00                   |
2020-03-10 |CJ007        |10,420.00  |10,485.00|10,510.00|10,445.00|10,475.00|10,490.00 |55.00     |70.00     |12        |1,129       |2        |62.93        |0.00                   |
2020-03-10 |CJ009        |10,475.00  |10,500.00|10,595.00|10,490.00|10,520.00|10,525.00 |45.00     |50.00     |765       |3,930       |53       |4,026.31     |0.00                   |
2020-03-10 |CJ012        |10,745.00  |10,830.00|10,830.00|10,735.00|10,780.00|10,785.00 |35.00     |40.00     |121       |2,440       |96       |652.44       |0.00                   |
2020-03-10 |CJ101        |10,680.00  |10,685.00|10,715.00|10,685.00|10,710.00|10,710.00 |30.00     |30.00     |17        |637         |4        |91.02        |0.00                   |
2020-03-11 |CJ003        |10,300.00  |10,230.00|10,290.00|10,220.00|10,290.00|10,260.00 |-10.00    |-40.00    |12        |17          |4        |61.55        |10,525.00              |
2020-03-11 |CJ005        |10,420.00  |10,390.00|10,450.00|10,270.00|10,315.00|10,350.00 |-105.00   |-70.00    |40,026    |21,991      |2,757    |207,090.12   |0.00                   |
2020-03-11 |CJ007        |10,490.00  |10,470.00|10,475.00|10,365.00|10,430.00|10,405.00 |-60.00    |-85.00    |70        |1,153       |24       |364.09       |0.00                   |
2020-03-11 |CJ009        |10,525.00  |10,545.00|10,555.00|10,420.00|10,445.00|10,470.00 |-80.00    |-55.00    |1,796     |4,417       |487      |9,401.64     |0.00                   |
2020-03-11 |CJ012        |10,785.00  |10,795.00|10,795.00|10,700.00|10,730.00|10,740.00 |-55.00    |-45.00    |54        |2,427       |-13      |289.98       |0.00                   |
2020-03-11 |CJ101        |10,710.00  |10,605.00|10,725.00|10,605.00|10,660.00|10,625.00 |-50.00    |-85.00    |164       |751         |114      |871.43       |0.00                   |
2020-03-12 |CJ003        |10,260.00  |10,300.00|10,300.00|10,105.00|10,265.00|10,220.00 |5.00      |-40.00    |9         |17          |0        |46.00        |10,470.00              |
2020-03-12 |CJ005        |10,350.00  |10,305.00|10,390.00|10,200.00|10,375.00|10,305.00 |25.00     |-45.00    |32,455    |21,180      |-811     |167,207.09   |0.00                   |
2020-03-12 |CJ007        |10,405.00  |10,425.00|10,435.00|10,295.00|10,435.00|10,380.00 |30.00     |-25.00    |40        |1,154       |1        |207.63       |0.00                   |
2020-03-12 |CJ009        |10,470.00  |10,455.00|10,510.00|10,355.00|10,505.00|10,440.00 |35.00     |-30.00    |1,506     |4,467       |50       |7,860.19     |0.00                   |
2020-03-12 |CJ012        |10,740.00  |10,695.00|10,755.00|10,675.00|10,730.00|10,725.00 |-10.00    |-15.00    |83        |2,425       |-2       |445.04       |0.00                   |
2020-03-12 |CJ101        |10,625.00  |10,665.00|10,695.00|10,600.00|10,685.00|10,645.00 |60.00     |20.00     |63        |766         |15       |335.35       |0.00                   |
2020-03-13 |CJ003        |10,220.00  |0.00     |0.00     |0.00     |0.00     |10,220.00 |0.00      |0.00      |5         |0           |-17      |25.55        |10,420.00              |
2020-03-13 |CJ005        |10,305.00  |10,330.00|10,390.00|10,250.00|10,360.00|10,325.00 |55.00     |20.00     |25,384    |19,677      |-1,503   |131,074.54   |0.00                   |
2020-03-13 |CJ007        |10,380.00  |10,380.00|10,475.00|10,355.00|10,450.00|10,400.00 |70.00     |20.00     |42        |1,146       |-8       |218.39       |0.00                   |
2020-03-13 |CJ009        |10,440.00  |10,455.00|10,525.00|10,405.00|10,485.00|10,460.00 |45.00     |20.00     |1,515     |4,528       |61       |7,924.44     |0.00                   |
2020-03-13 |CJ012        |10,725.00  |10,660.00|10,735.00|10,660.00|10,705.00|10,700.00 |-20.00    |-25.00    |109       |2,411       |-14      |583.21       |0.00                   |
2020-03-13 |CJ101        |10,645.00  |10,610.00|10,695.00|10,610.00|10,660.00|10,660.00 |15.00     |15.00     |47        |758         |-8       |250.51       |0.00                   |
2020-03-16 |CJ005        |10,325.00  |10,355.00|10,410.00|10,290.00|10,300.00|10,345.00 |-25.00    |20.00     |20,987    |19,217      |-460     |108,545.24   |0.00                   |
2020-03-16 |CJ007        |10,400.00  |10,420.00|10,475.00|10,395.00|10,400.00|10,420.00 |0.00      |20.00     |34        |1,143       |-3       |177.12       |0.00                   |
2020-03-16 |CJ009        |10,460.00  |10,470.00|10,540.00|10,410.00|10,420.00|10,470.00 |-40.00    |10.00     |1,408     |4,295       |-233     |7,370.45     |0.00                   |
2020-03-16 |CJ012        |10,700.00  |10,660.00|10,725.00|10,645.00|10,675.00|10,680.00 |-25.00    |-20.00    |44        |2,414       |3        |234.98       |0.00                   |
2020-03-16 |CJ101        |10,660.00  |10,630.00|10,695.00|10,610.00|10,620.00|10,645.00 |-40.00    |-15.00    |21        |770         |12       |111.77       |0.00                   |
2020-03-16 |CJ103        |10,660.00  |10,705.00|10,705.00|10,700.00|10,700.00|10,705.00 |40.00     |45.00     |2         |2           |2        |10.71        |0.00                   |
2020-03-17 |CJ005        |10,345.00  |10,275.00|10,360.00|10,230.00|10,335.00|10,300.00 |-10.00    |-45.00    |20,317    |17,398      |-1,819   |104,651.45   |0.00                   |
2020-03-17 |CJ007        |10,420.00  |10,375.00|10,440.00|10,310.00|10,415.00|10,360.00 |-5.00     |-60.00    |32        |1,134       |-9       |165.80       |0.00                   |
2020-03-17 |CJ009        |10,470.00  |10,400.00|10,480.00|10,360.00|10,450.00|10,420.00 |-20.00    |-50.00    |1,145     |4,218       |-77      |5,966.35     |0.00                   |
2020-03-17 |CJ012        |10,680.00  |10,625.00|10,700.00|10,605.00|10,685.00|10,655.00 |5.00      |-25.00    |18        |2,419       |5        |95.88        |0.00                   |
2020-03-17 |CJ101        |10,645.00  |10,600.00|10,665.00|10,560.00|10,625.00|10,625.00 |-20.00    |-20.00    |58        |768         |-2       |308.08       |0.00                   |
2020-03-17 |CJ103        |10,705.00  |0.00     |0.00     |0.00     |0.00     |10,705.00 |0.00      |0.00      |0         |2           |0        |0.00         |0.00                   |
2020-03-18 |CJ005        |10,300.00  |10,310.00|10,340.00|10,260.00|10,295.00|10,290.00 |-5.00     |-10.00    |16,362    |17,161      |-237     |84,194.62    |0.00                   |
2020-03-18 |CJ007        |10,360.00  |10,415.00|10,415.00|10,355.00|10,355.00|10,380.00 |-5.00     |20.00     |24        |1,114       |-20      |124.59       |0.00                   |
2020-03-18 |CJ009        |10,420.00  |10,450.00|10,470.00|10,400.00|10,440.00|10,435.00 |20.00     |15.00     |1,630     |4,777       |559      |8,503.73     |0.00                   |
2020-03-18 |CJ012        |10,655.00  |10,695.00|10,695.00|10,635.00|10,665.00|10,660.00 |10.00     |5.00      |25        |2,413       |-6       |133.26       |0.00                   |
2020-03-18 |CJ101        |10,625.00  |10,635.00|10,645.00|10,605.00|10,605.00|10,630.00 |-20.00    |5.00      |22        |779         |11       |116.92       |0.00                   |
2020-03-18 |CJ103        |10,705.00  |0.00     |0.00     |0.00     |0.00     |10,705.00 |0.00      |0.00      |0         |2           |0        |0.00         |0.00                   |
2020-03-19 |CJ005        |10,290.00  |10,265.00|10,290.00|10,020.00|10,215.00|10,150.00 |-75.00    |-140.00   |39,403    |18,627      |1,466    |199,994.83   |0.00                   |
2020-03-19 |CJ007        |10,380.00  |10,290.00|10,310.00|10,145.00|10,300.00|10,215.00 |-80.00    |-165.00   |63        |1,116       |2        |321.75       |0.00                   |
2020-03-19 |CJ009        |10,435.00  |10,400.00|10,425.00|10,200.00|10,360.00|10,310.00 |-75.00    |-125.00   |3,010     |5,127       |350      |15,516.55    |0.00                   |
2020-03-19 |CJ012        |10,660.00  |10,630.00|10,630.00|10,500.00|10,565.00|10,570.00 |-95.00    |-90.00    |122       |2,450       |37       |644.84       |0.00                   |
2020-03-19 |CJ101        |10,630.00  |10,565.00|10,590.00|10,490.00|10,510.00|10,530.00 |-120.00   |-100.00   |98        |798         |19       |515.91       |0.00                   |
2020-03-19 |CJ103        |10,705.00  |10,700.00|10,700.00|10,700.00|10,700.00|10,700.00 |-5.00     |-5.00     |1         |1           |-1       |5.35         |0.00                   |
2020-03-20 |CJ005        |10,150.00  |10,240.00|10,580.00|10,200.00|10,265.00|10,320.00 |115.00    |170.00    |31,758    |13,135      |-5,492   |163,842.75   |0.00                   |
2020-03-20 |CJ007        |10,215.00  |10,350.00|10,625.00|10,325.00|10,360.00|10,425.00 |145.00    |210.00    |24        |1,104       |-12      |125.10       |0.00                   |
2020-03-20 |CJ009        |10,310.00  |10,380.00|10,700.00|10,360.00|10,420.00|10,450.00 |110.00    |140.00    |2,628     |4,882       |-245     |13,730.81    |0.00                   |
2020-03-20 |CJ012        |10,570.00  |10,655.00|10,910.00|10,620.00|10,655.00|10,715.00 |85.00     |145.00    |219       |2,466       |16       |1,173.41     |0.00                   |
2020-03-20 |CJ101        |10,530.00  |10,585.00|10,865.00|10,550.00|10,600.00|10,660.00 |70.00     |130.00    |120       |785         |-13      |639.75       |0.00                   |
2020-03-20 |CJ103        |10,700.00  |0.00     |0.00     |0.00     |0.00     |10,700.00 |0.00      |0.00      |0         |1           |0        |0.00         |0.00                   |
2020-03-23 |CJ005        |10,320.00  |10,220.00|10,220.00|10,100.00|10,125.00|10,155.00 |-195.00   |-165.00   |21,344    |13,801      |666      |108,390.77   |0.00                   |
2020-03-23 |CJ007        |10,425.00  |10,300.00|10,300.00|10,225.00|10,230.00|10,280.00 |-195.00   |-145.00   |39        |1,118       |14       |200.47       |0.00                   |
2020-03-23 |CJ009        |10,450.00  |10,395.00|10,395.00|10,275.00|10,295.00|10,310.00 |-155.00   |-140.00   |2,209     |5,300       |418      |11,388.85    |0.00                   |
2020-03-23 |CJ012        |10,715.00  |10,605.00|10,605.00|10,550.00|10,560.00|10,580.00 |-155.00   |-135.00   |74        |2,478       |12       |391.40       |0.00                   |
2020-03-23 |CJ101        |10,660.00  |10,530.00|10,550.00|10,490.00|10,490.00|10,515.00 |-170.00   |-145.00   |64        |823         |38       |336.43       |0.00                   |
2020-03-23 |CJ103        |10,700.00  |0.00     |0.00     |0.00     |0.00     |10,620.00 |-80.00    |-80.00    |0         |1           |0        |0.00         |0.00                   |
2020-03-24 |CJ005        |10,155.00  |10,120.00|10,205.00|9,810.00 |9,980.00 |10,000.00 |-175.00   |-155.00   |54,998    |17,692      |3,891    |275,040.88   |0.00                   |
2020-03-24 |CJ007        |10,280.00  |10,240.00|10,260.00|10,000.00|10,170.00|10,130.00 |-110.00   |-150.00   |70        |1,144       |26       |354.57       |0.00                   |
2020-03-24 |CJ009        |10,310.00  |10,305.00|10,365.00|10,110.00|10,250.00|10,250.00 |-60.00    |-60.00    |4,965     |6,641       |1,341    |25,447.61    |0.00                   |
2020-03-24 |CJ012        |10,580.00  |10,590.00|10,620.00|10,405.00|10,470.00|10,520.00 |-110.00   |-60.00    |133       |2,451       |-27      |699.64       |0.00                   |
2020-03-24 |CJ101        |10,515.00  |10,515.00|10,555.00|10,400.00|10,465.00|10,505.00 |-50.00    |-10.00    |362       |1,077       |254      |1,901.35     |0.00                   |
2020-03-24 |CJ103        |10,620.00  |0.00     |0.00     |0.00     |0.00     |10,615.00 |-5.00     |-5.00     |0         |1           |0        |0.00         |0.00                   |
2020-03-25 |CJ005        |10,000.00  |9,965.00 |10,065.00|9,715.00 |9,790.00 |9,850.00  |-210.00   |-150.00   |51,426    |21,328      |3,636    |253,284.86   |0.00                   |
2020-03-25 |CJ007        |10,130.00  |10,100.00|10,100.00|9,915.00 |9,985.00 |9,975.00  |-145.00   |-155.00   |157       |1,241       |97       |783.20       |0.00                   |
2020-03-25 |CJ009        |10,250.00  |10,215.00|10,320.00|10,130.00|10,150.00|10,180.00 |-100.00   |-70.00    |4,605     |7,797       |1,156    |23,444.30    |0.00                   |
2020-03-25 |CJ012        |10,520.00  |10,565.00|10,565.00|10,480.00|10,480.00|10,490.00 |-40.00    |-30.00    |88        |2,447       |-4       |461.55       |0.00                   |
2020-03-25 |CJ101        |10,505.00  |10,480.00|10,480.00|10,400.00|10,425.00|10,430.00 |-80.00    |-75.00    |83        |1,112       |35       |432.82       |0.00                   |
2020-03-25 |CJ103        |10,615.00  |0.00     |0.00     |0.00     |0.00     |10,515.00 |-100.00   |-100.00   |0         |1           |0        |0.00         |0.00                   |
2020-03-26 |CJ005        |9,850.00   |9,750.00 |10,020.00|9,670.00 |10,010.00|9,860.00  |160.00    |10.00     |48,610    |16,005      |-5,323   |239,683.15   |0.00                   |
2020-03-26 |CJ007        |9,975.00   |9,965.00 |10,180.00|9,940.00 |10,180.00|10,045.00 |205.00    |70.00     |250       |1,228       |-13      |1,255.94     |0.00                   |
2020-03-26 |CJ009        |10,180.00  |10,145.00|10,350.00|10,130.00|10,315.00|10,230.00 |135.00    |50.00     |4,725     |6,933       |-864     |24,171.72    |0.00                   |
2020-03-26 |CJ012        |10,490.00  |10,515.00|10,650.00|10,515.00|10,625.00|10,595.00 |135.00    |105.00    |97        |2,443       |-4       |513.81       |0.00                   |
2020-03-26 |CJ101        |10,430.00  |10,425.00|10,560.00|10,425.00|10,560.00|10,515.00 |130.00    |85.00     |123       |1,089       |-23      |646.54       |0.00                   |
2020-03-26 |CJ103        |10,515.00  |0.00     |0.00     |0.00     |0.00     |10,515.00 |0.00      |0.00      |0         |1           |0        |0.00         |0.00                   |
2020-03-27 |CJ005        |9,860.00   |10,000.00|10,215.00|9,985.00 |10,190.00|10,130.00 |330.00    |270.00    |36,833    |13,310      |-2,695   |186,528.39   |0.00                   |
2020-03-27 |CJ007        |10,045.00  |10,180.00|10,345.00|10,180.00|10,305.00|10,280.00 |260.00    |235.00    |107       |1,157       |-71      |549.95       |0.00                   |
2020-03-27 |CJ009        |10,230.00  |10,315.00|10,430.00|10,300.00|10,400.00|10,385.00 |170.00    |155.00    |3,221     |6,534       |-399     |16,728.60    |0.00                   |
2020-03-27 |CJ012        |10,595.00  |10,610.00|10,660.00|10,580.00|10,630.00|10,640.00 |35.00     |45.00     |72        |2,462       |19       |382.98       |0.00                   |
2020-03-27 |CJ101        |10,515.00  |10,515.00|10,655.00|10,515.00|10,625.00|10,580.00 |110.00    |65.00     |313       |1,331       |242      |1,655.68     |0.00                   |
2020-03-27 |CJ103        |10,515.00  |0.00     |0.00     |0.00     |0.00     |10,520.00 |5.00      |5.00      |0         |1           |0        |0.00         |0.00                   |
2020-03-30 |CJ005        |10,130.00  |10,195.00|10,300.00|10,030.00|10,095.00|10,125.00 |-35.00    |-5.00     |21,389    |11,969      |-1,341   |108,260.86   |0.00                   |
2020-03-30 |CJ007        |10,280.00  |10,295.00|10,400.00|10,215.00|10,220.00|10,280.00 |-60.00    |0.00      |91        |1,148       |-9       |467.74       |0.00                   |
2020-03-30 |CJ009        |10,385.00  |10,390.00|10,500.00|10,315.00|10,375.00|10,390.00 |-10.00    |5.00      |3,824     |6,732       |198      |19,860.93    |0.00                   |
2020-03-30 |CJ012        |10,640.00  |10,675.00|10,710.00|10,595.00|10,630.00|10,640.00 |-10.00    |0.00      |89        |2,504       |42       |473.39       |0.00                   |
2020-03-30 |CJ101        |10,580.00  |10,690.00|10,715.00|10,600.00|10,630.00|10,645.00 |50.00     |65.00     |127       |1,413       |82       |676.01       |0.00                   |
2020-03-30 |CJ103        |10,520.00  |0.00     |0.00     |0.00     |0.00     |10,525.00 |5.00      |5.00      |0         |1           |0        |0.00         |0.00                   |
2020-03-31 |CJ005        |10,125.00  |10,085.00|10,175.00|10,070.00|10,120.00|10,130.00 |-5.00     |5.00      |16,316    |9,319       |-2,650   |82,622.81    |0.00                   |
2020-03-31 |CJ007        |10,280.00  |10,240.00|10,295.00|10,220.00|10,265.00|10,280.00 |-15.00    |0.00      |40        |1,158       |10       |205.59       |0.00                   |
2020-03-31 |CJ009        |10,390.00  |10,385.00|10,450.00|10,335.00|10,445.00|10,405.00 |55.00     |15.00     |3,588     |7,375       |643      |18,665.87    |0.00                   |
2020-03-31 |CJ012        |10,640.00  |10,655.00|10,685.00|10,625.00|10,675.00|10,645.00 |35.00     |5.00      |189       |2,586       |82       |1,005.83     |0.00                   |
2020-03-31 |CJ101        |10,645.00  |10,680.00|10,735.00|10,640.00|10,725.00|10,675.00 |80.00     |30.00     |201       |1,452       |39       |1,073.01     |0.00                   |
2020-03-31 |CJ103        |10,525.00  |10,595.00|10,595.00|10,595.00|10,595.00|10,595.00 |70.00     |70.00     |50        |51          |50       |264.88       |0.00                   |
2020-04-01 |CJ005        |10,130.00  |10,150.00|10,235.00|9,965.00 |10,070.00|10,085.00 |-60.00    |-45.00    |15,295    |7,581       |-1,738   |77,108.51    |0.00                   |
2020-04-01 |CJ007        |10,280.00  |10,275.00|10,335.00|10,160.00|10,215.00|10,240.00 |-65.00    |-40.00    |110       |1,144       |-14      |563.33       |0.00                   |
2020-04-01 |CJ009        |10,405.00  |10,450.00|10,455.00|10,335.00|10,360.00|10,385.00 |-45.00    |-20.00    |4,056     |7,085       |-290     |21,064.50    |0.00                   |
2020-04-01 |CJ012        |10,645.00  |10,650.00|10,690.00|10,590.00|10,600.00|10,635.00 |-45.00    |-10.00    |113       |2,548       |-38      |600.85       |0.00                   |
2020-04-01 |CJ101        |10,675.00  |10,695.00|10,735.00|10,650.00|10,650.00|10,685.00 |-25.00    |10.00     |84        |1,420       |-32      |448.86       |0.00                   |
2020-04-01 |CJ103        |10,595.00  |0.00     |0.00     |0.00     |0.00     |10,595.00 |0.00      |0.00      |0         |51          |0        |0.00         |0.00                   |
2020-04-02 |CJ005        |10,085.00  |10,070.00|10,140.00|10,030.00|10,125.00|10,100.00 |40.00     |15.00     |7,692     |6,536       |-1,045   |38,838.46    |0.00                   |
2020-04-02 |CJ007        |10,240.00  |10,195.00|10,265.00|10,190.00|10,265.00|10,215.00 |25.00     |-25.00    |55        |1,109       |-35      |280.94       |0.00                   |
2020-04-02 |CJ009        |10,385.00  |10,355.00|10,415.00|10,325.00|10,390.00|10,365.00 |5.00      |-20.00    |4,835     |6,978       |-107     |25,059.22    |0.00                   |
2020-04-02 |CJ012        |10,635.00  |10,570.00|10,660.00|10,570.00|10,660.00|10,605.00 |25.00     |-30.00    |31        |2,549       |1        |164.41       |0.00                   |
2020-04-02 |CJ101        |10,685.00  |10,635.00|10,665.00|10,610.00|10,665.00|10,635.00 |-20.00    |-50.00    |86        |1,429       |9        |457.35       |0.00                   |
2020-04-02 |CJ103        |10,595.00  |0.00     |0.00     |0.00     |0.00     |10,595.00 |0.00      |0.00      |0         |51          |0        |0.00         |0.00                   |
2020-04-03 |CJ005        |10,100.00  |10,145.00|10,180.00|9,930.00 |10,010.00|10,025.00 |-90.00    |-75.00    |14,363    |6,404       |-132     |71,998.59    |0.00                   |
2020-04-03 |CJ007        |10,215.00  |10,250.00|10,280.00|10,080.00|10,160.00|10,205.00 |-55.00    |-10.00    |109       |1,080       |-29      |556.11       |0.00                   |
2020-04-03 |CJ009        |10,365.00  |10,390.00|10,395.00|10,210.00|10,275.00|10,280.00 |-90.00    |-85.00    |7,122     |8,081       |1,103    |36,612.64    |0.00                   |
2020-04-03 |CJ012        |10,605.00  |10,575.00|10,640.00|10,500.00|10,545.00|10,545.00 |-60.00    |-60.00    |608       |2,645       |96       |3,206.36     |0.00                   |
2020-04-03 |CJ101        |10,635.00  |10,605.00|10,655.00|10,450.00|10,500.00|10,555.00 |-135.00   |-80.00    |633       |1,724       |295      |3,339.88     |0.00                   |
2020-04-03 |CJ103        |10,595.00  |0.00     |0.00     |0.00     |0.00     |10,595.00 |0.00      |0.00      |0         |51          |0        |0.00         |0.00                   |
2020-04-07 |CJ005        |10,025.00  |10,055.00|10,085.00|9,925.00 |9,975.00 |10,020.00 |-50.00    |-5.00     |8,875     |6,255       |-149     |44,463.28    |0.00                   |
2020-04-07 |CJ007        |10,205.00  |10,150.00|10,225.00|10,100.00|10,100.00|10,145.00 |-105.00   |-60.00    |96        |1,092       |12       |487.02       |0.00                   |
2020-04-07 |CJ009        |10,280.00  |10,275.00|10,340.00|10,200.00|10,220.00|10,280.00 |-60.00    |0.00      |6,669     |9,616       |1,535    |34,272.11    |0.00                   |
2020-04-07 |CJ012        |10,545.00  |10,500.00|10,610.00|10,500.00|10,535.00|10,570.00 |-10.00    |25.00     |69        |2,644       |-1       |364.64       |0.00                   |
2020-04-07 |CJ101        |10,555.00  |10,530.00|10,565.00|10,495.00|10,495.00|10,515.00 |-60.00    |-40.00    |147       |1,788       |64       |772.95       |0.00                   |
2020-04-07 |CJ103        |10,595.00  |10,595.00|10,595.00|10,595.00|10,595.00|10,595.00 |0.00      |0.00      |50        |101         |50       |264.88       |0.00                   |
2020-04-08 |CJ005        |10,020.00  |9,955.00 |10,090.00|9,835.00 |10,060.00|9,970.00  |40.00     |-50.00    |10,568    |5,225       |-1,030   |52,675.08    |0.00                   |
2020-04-08 |CJ007        |10,145.00  |10,070.00|10,165.00|9,965.00 |10,140.00|10,085.00 |-5.00     |-60.00    |112       |1,042       |-50      |564.80       |0.00                   |
2020-04-08 |CJ009        |10,280.00  |10,160.00|10,285.00|10,050.00|10,235.00|10,185.00 |-45.00    |-95.00    |10,727    |10,716      |1,100    |54,617.70    |0.00                   |
2020-04-08 |CJ012        |10,570.00  |10,510.00|10,610.00|10,390.00|10,570.00|10,505.00 |0.00      |-65.00    |180       |2,693       |49       |945.27       |0.00                   |
2020-04-08 |CJ101        |10,515.00  |10,460.00|10,570.00|10,350.00|10,505.00|10,470.00 |-10.00    |-45.00    |280       |1,864       |76       |1,465.68     |0.00                   |
2020-04-08 |CJ103        |10,595.00  |10,480.00|10,560.00|10,480.00|10,560.00|10,510.00 |-35.00    |-85.00    |4         |102         |1        |21.03        |0.00                   |
2020-04-09 |CJ005        |9,970.00   |10,060.00|10,060.00|9,930.00 |10,010.00|9,995.00  |40.00     |25.00     |3,685     |4,042       |-1,183   |18,413.49    |0.00                   |
2020-04-09 |CJ007        |10,085.00  |10,140.00|10,140.00|10,040.00|10,060.00|10,075.00 |-25.00    |-10.00    |161       |1,130       |88       |811.08       |0.00                   |
2020-04-09 |CJ009        |10,185.00  |10,270.00|10,270.00|10,140.00|10,220.00|10,195.00 |35.00     |10.00     |15,388    |12,219      |1,503    |78,434.37    |0.00                   |
2020-04-09 |CJ012        |10,505.00  |10,565.00|10,565.00|10,445.00|10,505.00|10,505.00 |0.00      |0.00      |437       |2,735       |42       |2,295.14     |0.00                   |
2020-04-09 |CJ101        |10,470.00  |10,495.00|10,530.00|10,440.00|10,500.00|10,480.00 |30.00     |10.00     |269       |1,967       |103      |1,409.45     |0.00                   |
2020-04-09 |CJ103        |10,510.00  |10,535.00|10,535.00|10,535.00|10,535.00|10,535.00 |25.00     |25.00     |1         |102         |0        |5.27         |0.00                   |
2020-04-10 |CJ005        |9,995.00   |9,985.00 |10,040.00|9,920.00 |9,945.00 |9,980.00  |-50.00    |-15.00    |2,706     |3,198       |-844     |13,502.68    |0.00                   |
2020-04-10 |CJ007        |10,075.00  |10,045.00|10,090.00|9,955.00 |9,975.00 |10,025.00 |-100.00   |-50.00    |83        |1,085       |-45      |416.07       |0.00                   |
2020-04-10 |CJ009        |10,195.00  |10,175.00|10,205.00|9,980.00 |10,030.00|10,075.00 |-165.00   |-120.00   |32,546    |17,918      |5,699    |163,964.41   |0.00                   |
2020-04-10 |CJ012        |10,505.00  |10,495.00|10,495.00|10,390.00|10,420.00|10,415.00 |-85.00    |-90.00    |417       |2,945       |210      |2,172.02     |0.00                   |
2020-04-10 |CJ101        |10,480.00  |10,510.00|10,510.00|10,390.00|10,430.00|10,435.00 |-50.00    |-45.00    |262       |2,075       |108      |1,367.27     |0.00                   |
2020-04-10 |CJ103        |10,535.00  |10,485.00|10,490.00|10,485.00|10,490.00|10,490.00 |-45.00    |-45.00    |2         |102         |0        |10.49        |0.00                   |
2020-04-13 |CJ005        |9,980.00   |9,915.00 |10,020.00|9,860.00 |10,000.00|9,955.00  |20.00     |-25.00    |2,032     |2,211       |-987     |10,116.00    |0.00                   |
2020-04-13 |CJ007        |10,025.00  |9,950.00 |10,060.00|9,905.00 |10,040.00|10,005.00 |15.00     |-20.00    |184       |1,088       |3        |920.46       |0.00                   |
2020-04-13 |CJ009        |10,075.00  |10,020.00|10,130.00|9,950.00 |10,100.00|10,055.00 |25.00     |-20.00    |28,291    |17,589      |-329     |142,235.03   |0.00                   |
2020-04-13 |CJ012        |10,415.00  |10,385.00|10,480.00|10,385.00|10,425.00|10,410.00 |10.00     |-5.00     |366       |3,035       |90       |1,905.21     |0.00                   |
2020-04-13 |CJ101        |10,435.00  |10,425.00|10,475.00|10,385.00|10,450.00|10,435.00 |15.00     |0.00      |151       |2,081       |6        |787.80       |0.00                   |
2020-04-13 |CJ103        |10,490.00  |10,425.00|10,505.00|10,425.00|10,480.00|10,470.00 |-10.00    |-20.00    |4         |102         |0        |20.94        |0.00                   |
2020-04-14 |CJ005        |9,955.00   |10,000.00|10,060.00|9,970.00 |10,025.00|10,000.00 |70.00     |45.00     |838       |1,842       |-369     |4,190.20     |0.00                   |
2020-04-14 |CJ007        |10,005.00  |10,010.00|10,080.00|10,010.00|10,080.00|10,055.00 |75.00     |50.00     |67        |1,087       |-1       |336.86       |0.00                   |
2020-04-14 |CJ009        |10,055.00  |10,100.00|10,150.00|10,060.00|10,120.00|10,105.00 |65.00     |50.00     |15,493    |16,047      |-1,542   |78,274.43    |0.00                   |
2020-04-14 |CJ012        |10,410.00  |10,460.00|10,460.00|10,405.00|10,440.00|10,435.00 |30.00     |25.00     |129       |3,045       |10       |672.99       |0.00                   |
2020-04-14 |CJ101        |10,435.00  |10,460.00|10,490.00|10,415.00|10,465.00|10,460.00 |30.00     |25.00     |41        |2,069       |-12      |214.44       |0.00                   |
2020-04-14 |CJ103        |10,470.00  |10,510.00|10,510.00|10,510.00|10,510.00|10,510.00 |40.00     |40.00     |1         |103         |1        |5.26         |0.00                   |
2020-04-15 |CJ005        |10,000.00  |10,005.00|10,045.00|9,940.00 |9,960.00 |9,990.00  |-40.00    |-10.00    |899       |1,420       |-422     |4,489.94     |0.00                   |
2020-04-15 |CJ007        |10,055.00  |10,025.00|10,065.00|9,980.00 |9,980.00 |10,025.00 |-75.00    |-30.00    |143       |1,032       |-55      |716.69       |0.00                   |
2020-04-15 |CJ009        |10,105.00  |10,095.00|10,140.00|9,990.00 |10,010.00|10,060.00 |-95.00    |-45.00    |22,510    |17,572      |1,525    |113,253.32   |0.00                   |
2020-04-15 |CJ012        |10,435.00  |10,420.00|10,445.00|10,400.00|10,430.00|10,425.00 |-5.00     |-10.00    |136       |3,039       |-6       |708.93       |0.00                   |
2020-04-15 |CJ101        |10,460.00  |10,415.00|10,480.00|10,395.00|10,405.00|10,430.00 |-55.00    |-30.00    |274       |2,258       |189      |1,428.59     |0.00                   |
2020-04-15 |CJ103        |10,510.00  |10,460.00|10,520.00|10,400.00|10,415.00|10,455.00 |-95.00    |-55.00    |18        |106         |3        |94.08        |0.00                   |
2020-04-16 |CJ005        |9,990.00   |9,865.00 |9,985.00 |9,865.00 |9,980.00 |9,945.00  |-10.00    |-45.00    |577       |1,048       |-372     |2,868.94     |0.00                   |
2020-04-16 |CJ007        |10,025.00  |9,995.00 |10,035.00|9,935.00 |10,035.00|9,995.00  |10.00     |-30.00    |48        |1,009       |-23      |239.87       |0.00                   |
2020-04-16 |CJ009        |10,060.00  |10,000.00|10,065.00|9,930.00 |10,060.00|10,015.00 |0.00      |-45.00    |19,973    |16,417      |-1,155   |100,034.30   |0.00                   |
2020-04-16 |CJ012        |10,425.00  |10,425.00|10,450.00|10,390.00|10,430.00|10,430.00 |5.00      |5.00      |256       |3,090       |51       |1,334.91     |0.00                   |
2020-04-16 |CJ101        |10,430.00  |10,420.00|10,450.00|10,360.00|10,450.00|10,420.00 |20.00     |-10.00    |97        |2,249       |-9       |505.38       |0.00                   |
2020-04-16 |CJ103        |10,455.00  |10,480.00|10,485.00|10,410.00|10,465.00|10,465.00 |10.00     |10.00     |6         |104         |-2       |31.40        |0.00                   |
2020-04-17 |CJ005        |9,945.00   |9,995.00 |10,030.00|9,955.00 |9,955.00 |10,000.00 |10.00     |55.00     |271       |909         |-139     |1,355.31     |0.00                   |
2020-04-17 |CJ007        |9,995.00   |10,040.00|10,065.00|10,020.00|10,065.00|10,055.00 |70.00     |60.00     |32        |995         |-14      |160.85       |0.00                   |
2020-04-17 |CJ009        |10,015.00  |10,070.00|10,150.00|10,055.00|10,140.00|10,105.00 |125.00    |90.00     |15,441    |15,650      |-767     |78,012.81    |0.00                   |
2020-04-17 |CJ012        |10,430.00  |10,440.00|10,500.00|10,425.00|10,500.00|10,475.00 |70.00     |45.00     |122       |3,106       |16       |639.09       |0.00                   |
2020-04-17 |CJ101        |10,420.00  |10,485.00|10,525.00|10,470.00|10,525.00|10,505.00 |105.00    |85.00     |134       |2,232       |-17      |703.78       |0.00                   |
2020-04-17 |CJ103        |10,465.00  |0.00     |0.00     |0.00     |0.00     |10,465.00 |0.00      |0.00      |0         |104         |0        |0.00         |0.00                   |
2020-04-20 |CJ005        |10,000.00  |10,020.00|10,020.00|9,955.00 |9,960.00 |9,990.00  |-40.00    |-10.00    |213       |797         |-112     |1,063.91     |0.00                   |
2020-04-20 |CJ007        |10,055.00  |10,090.00|10,090.00|9,990.00 |9,990.00 |10,065.00 |-65.00    |10.00     |42        |1,019       |24       |211.34       |0.00                   |
2020-04-20 |CJ009        |10,105.00  |10,115.00|10,180.00|10,035.00|10,050.00|10,110.00 |-55.00    |5.00      |14,555    |15,433      |-217     |73,558.32    |0.00                   |
2020-04-20 |CJ012        |10,475.00  |10,500.00|10,530.00|10,445.00|10,445.00|10,490.00 |-30.00    |15.00     |156       |3,200       |94       |818.10       |0.00                   |
2020-04-20 |CJ101        |10,505.00  |10,535.00|10,555.00|10,460.00|10,465.00|10,510.00 |-40.00    |5.00      |177       |2,230       |-2       |930.27       |0.00                   |
2020-04-20 |CJ103        |10,465.00  |10,550.00|10,550.00|10,540.00|10,540.00|10,545.00 |75.00     |80.00     |2         |105         |1        |10.55        |0.00                   |
2020-04-21 |CJ005        |9,990.00   |9,920.00 |10,100.00|9,865.00 |9,950.00 |9,980.00  |-40.00    |-10.00    |260       |706         |-91      |1,297.46     |0.00                   |
2020-04-21 |CJ007        |10,065.00  |9,990.00 |9,995.00 |9,910.00 |9,920.00 |9,945.00  |-145.00   |-120.00   |22        |1,015       |-4       |109.41       |0.00                   |
2020-04-21 |CJ009        |10,110.00  |10,045.00|10,070.00|9,960.00 |9,995.00 |10,010.00 |-115.00   |-100.00   |19,131    |15,689      |256      |95,752.57    |0.00                   |
2020-04-21 |CJ012        |10,490.00  |10,500.00|10,500.00|10,400.00|10,420.00|10,440.00 |-70.00    |-50.00    |230       |3,170       |-30      |1,200.44     |0.00                   |
2020-04-21 |CJ101        |10,510.00  |10,530.00|10,535.00|10,410.00|10,425.00|10,440.00 |-85.00    |-70.00    |171       |2,254       |24       |892.61       |0.00                   |
2020-04-21 |CJ103        |10,545.00  |10,480.00|10,480.00|10,480.00|10,480.00|10,480.00 |-65.00    |-65.00    |1         |105         |0        |5.24         |0.00                   |
2020-04-22 |CJ005        |9,980.00   |9,950.00 |10,000.00|9,950.00 |9,990.00 |9,985.00  |10.00     |5.00      |115       |660         |-46      |574.28       |0.00                   |
2020-04-22 |CJ007        |9,945.00   |9,925.00 |10,025.00|9,920.00 |10,010.00|9,980.00  |65.00     |35.00     |85        |1,039       |24       |424.07       |0.00                   |
2020-04-22 |CJ009        |10,010.00  |10,005.00|10,140.00|9,945.00 |10,125.00|10,060.00 |115.00    |50.00     |25,917    |15,765      |76       |130,366.03   |0.00                   |
2020-04-22 |CJ012        |10,440.00  |10,425.00|10,520.00|10,425.00|10,480.00|10,470.00 |40.00     |30.00     |477       |3,176       |6        |2,497.39     |0.00                   |
2020-04-22 |CJ101        |10,440.00  |10,430.00|10,550.00|10,390.00|10,520.00|10,485.00 |80.00     |45.00     |256       |2,221       |-33      |1,342.30     |0.00                   |
2020-04-22 |CJ103        |10,480.00  |10,480.00|10,480.00|10,480.00|10,480.00|10,480.00 |0.00      |0.00      |1         |105         |0        |5.24         |0.00                   |
2020-04-23 |CJ005        |9,985.00   |9,950.00 |10,015.00|9,950.00 |9,990.00 |9,985.00  |5.00      |0.00      |74        |623         |-37      |369.43       |0.00                   |
2020-04-23 |CJ007        |9,980.00   |9,990.00 |9,995.00 |9,965.00 |9,965.00 |9,985.00  |-15.00    |5.00      |23        |1,025       |-14      |114.81       |0.00                   |
2020-04-23 |CJ009        |10,060.00  |10,090.00|10,135.00|10,070.00|10,095.00|10,100.00 |35.00     |40.00     |13,821    |16,180      |415      |69,793.59    |0.00                   |
2020-04-23 |CJ012        |10,470.00  |10,490.00|10,490.00|10,440.00|10,475.00|10,475.00 |5.00      |5.00      |167       |3,155       |-21      |874.54       |0.00                   |
2020-04-23 |CJ101        |10,485.00  |10,475.00|10,520.00|10,475.00|10,490.00|10,500.00 |5.00      |15.00     |133       |2,287       |66       |698.34       |0.00                   |
2020-04-23 |CJ103        |10,480.00  |10,550.00|10,550.00|10,550.00|10,550.00|10,550.00 |70.00     |70.00     |14        |119         |14       |73.85        |0.00                   |
2020-04-24 |CJ005        |9,985.00   |9,975.00 |10,005.00|9,900.00 |9,905.00 |9,970.00  |-80.00    |-15.00    |203       |506         |-117     |1,011.80     |0.00                   |
2020-04-24 |CJ007        |9,985.00   |9,990.00 |10,220.00|9,975.00 |9,980.00 |10,105.00 |-5.00     |120.00    |313       |1,206       |181      |1,581.23     |0.00                   |
2020-04-24 |CJ009        |10,100.00  |10,105.00|10,390.00|10,090.00|10,110.00|10,235.00 |10.00     |135.00    |88,154    |17,821      |1,641    |451,165.73   |0.00                   |
2020-04-24 |CJ012        |10,475.00  |10,500.00|10,645.00|10,485.00|10,520.00|10,555.00 |45.00     |80.00     |841       |3,192       |37       |4,437.69     |0.00                   |
2020-04-24 |CJ101        |10,500.00  |10,505.00|10,680.00|10,505.00|10,540.00|10,570.00 |40.00     |70.00     |755       |2,439       |152      |3,990.47     |0.00                   |
2020-04-24 |CJ103        |10,550.00  |10,585.00|10,685.00|10,560.00|10,560.00|10,615.00 |10.00     |65.00     |5         |120         |1        |26.54        |0.00                   |
2020-04-27 |CJ005        |9,970.00   |10,000.00|10,050.00|9,855.00 |9,880.00 |9,980.00  |-90.00    |10.00     |260       |449         |-57      |1,297.51     |0.00                   |
2020-04-27 |CJ007        |10,105.00  |10,010.00|10,275.00|9,985.00 |10,020.00|10,100.00 |-85.00    |-5.00     |714       |1,504       |298      |3,606.47     |0.00                   |
2020-04-27 |CJ009        |10,235.00  |10,145.00|10,465.00|10,115.00|10,185.00|10,290.00 |-50.00    |55.00     |80,795    |19,199      |1,378    |415,593.13   |0.00                   |
2020-04-27 |CJ012        |10,555.00  |10,515.00|10,660.00|10,460.00|10,505.00|10,555.00 |-50.00    |0.00      |1,381     |3,344       |152      |7,288.86     |0.00                   |
2020-04-27 |CJ101        |10,570.00  |10,540.00|10,710.00|10,450.00|10,515.00|10,555.00 |-55.00    |-15.00    |1,073     |2,757       |318      |5,664.10     |0.00                   |
2020-04-27 |CJ103        |10,615.00  |10,605.00|10,750.00|10,525.00|10,525.00|10,605.00 |-90.00    |-10.00    |8         |119         |-1       |42.42        |0.00                   |
2020-04-28 |CJ005        |9,980.00   |9,870.00 |9,950.00 |9,870.00 |9,910.00 |9,905.00  |-70.00    |-75.00    |103       |378         |-71      |510.03       |0.00                   |
2020-04-28 |CJ007        |10,100.00  |10,045.00|10,060.00|10,000.00|10,025.00|10,025.00 |-75.00    |-75.00    |310       |1,271       |-233     |1,554.20     |0.00                   |
2020-04-28 |CJ009        |10,290.00  |10,200.00|10,240.00|10,135.00|10,185.00|10,180.00 |-105.00   |-110.00   |21,277    |17,128      |-2,071   |108,307.82   |0.00                   |
2020-04-28 |CJ012        |10,555.00  |10,465.00|10,530.00|10,465.00|10,505.00|10,495.00 |-50.00    |-60.00    |192       |3,320       |-24      |1,007.69     |0.00                   |
2020-04-28 |CJ101        |10,555.00  |10,515.00|10,540.00|10,485.00|10,520.00|10,510.00 |-35.00    |-45.00    |137       |2,786       |29       |719.88       |0.00                   |
2020-04-28 |CJ103        |10,605.00  |10,565.00|10,565.00|10,565.00|10,565.00|10,565.00 |-40.00    |-40.00    |1         |118         |-1       |5.29         |0.00                   |
2020-04-29 |CJ005        |9,905.00   |9,995.00 |9,995.00 |9,850.00 |9,920.00 |9,895.00  |15.00     |-10.00    |200       |241         |-137     |989.52       |0.00                   |
2020-04-29 |CJ007        |10,025.00  |10,050.00|10,075.00|9,980.00 |10,010.00|10,015.00 |-15.00    |-10.00    |323       |1,058       |-213     |1,617.35     |0.00                   |
2020-04-29 |CJ009        |10,180.00  |10,200.00|10,205.00|10,000.00|10,015.00|10,095.00 |-165.00   |-85.00    |21,543    |15,474      |-1,654   |108,733.39   |0.00                   |
2020-04-29 |CJ012        |10,495.00  |10,505.00|10,505.00|10,405.00|10,450.00|10,460.00 |-45.00    |-35.00    |892       |3,068       |-252     |4,665.54     |0.00                   |
2020-04-29 |CJ101        |10,510.00  |10,525.00|10,530.00|10,440.00|10,440.00|10,470.00 |-70.00    |-40.00    |457       |2,841       |55       |2,392.08     |0.00                   |
2020-04-29 |CJ103        |10,565.00  |0.00     |0.00     |0.00     |0.00     |10,525.00 |-40.00    |-40.00    |0         |118         |0        |0.00         |0.00                   |
2020-04-30 |CJ005        |9,895.00   |9,875.00 |9,970.00 |9,200.00 |9,200.00 |9,640.00  |-695.00   |-255.00   |175       |184         |-57      |843.60       |0.00                   |
2020-04-30 |CJ007        |10,015.00  |10,010.00|10,060.00|9,815.00 |9,965.00 |9,990.00  |-50.00    |-25.00    |147       |1,131       |73       |734.37       |0.00                   |
2020-04-30 |CJ009        |10,095.00  |10,070.00|10,095.00|10,025.00|10,050.00|10,055.00 |-45.00    |-40.00    |13,916    |15,159      |-315     |69,962.34    |0.00                   |
2020-04-30 |CJ012        |10,460.00  |10,470.00|10,490.00|10,420.00|10,420.00|10,455.00 |-40.00    |-5.00     |470       |3,288       |220      |2,456.97     |0.00                   |
2020-04-30 |CJ101        |10,470.00  |10,470.00|10,490.00|10,445.00|10,450.00|10,470.00 |-20.00    |0.00      |674       |3,347       |506      |3,528.39     |0.00                   |
2020-04-30 |CJ103        |10,525.00  |0.00     |0.00     |0.00     |0.00     |10,525.00 |0.00      |0.00      |0         |118         |0        |0.00         |0.00                   |
2020-05-06 |CJ005        |9,640.00   |9,640.00 |9,715.00 |9,200.00 |9,665.00 |9,515.00  |25.00     |-125.00   |18        |161         |-23      |85.63        |9,885.00               |
2020-05-06 |CJ007        |9,990.00   |9,940.00 |10,030.00|9,920.00 |9,920.00 |9,975.00  |-70.00    |-15.00    |552       |619         |-512     |2,752.44     |0.00                   |
2020-05-06 |CJ009        |10,055.00  |10,025.00|10,165.00|10,005.00|10,110.00|10,115.00 |55.00     |60.00     |16,086    |12,857      |-2,302   |81,362.27    |0.00                   |
2020-05-06 |CJ012        |10,455.00  |10,470.00|10,545.00|10,395.00|10,520.00|10,500.00 |65.00     |45.00     |866       |2,577       |-711     |4,545.96     |0.00                   |
2020-05-06 |CJ101        |10,470.00  |10,460.00|10,580.00|10,450.00|10,580.00|10,510.00 |110.00    |40.00     |1,170     |2,528       |-819     |6,148.31     |0.00                   |
2020-05-06 |CJ103        |10,525.00  |10,560.00|10,595.00|10,485.00|10,595.00|10,530.00 |70.00     |5.00      |104       |19          |-99      |547.53       |0.00                   |
2020-05-07 |CJ005        |9,515.00   |9,400.00 |9,725.00 |9,400.00 |9,725.00 |9,495.00  |210.00    |-20.00    |6         |159         |-2       |28.49        |9,835.00               |
2020-05-07 |CJ007        |9,975.00   |9,970.00 |10,035.00|9,970.00 |10,035.00|10,025.00 |60.00     |50.00     |24        |627         |8        |120.29       |0.00                   |
2020-05-07 |CJ009        |10,115.00  |10,115.00|10,165.00|10,105.00|10,155.00|10,145.00 |40.00     |30.00     |12,721    |13,417      |560      |64,515.14    |0.00                   |
2020-05-07 |CJ012        |10,500.00  |10,545.00|10,545.00|10,500.00|10,540.00|10,530.00 |40.00     |30.00     |109       |2,655       |78       |573.95       |0.00                   |
2020-05-07 |CJ101        |10,510.00  |10,590.00|10,595.00|10,560.00|10,580.00|10,575.00 |70.00     |65.00     |241       |2,548       |20       |1,274.53     |0.00                   |
2020-05-07 |CJ103        |10,530.00  |10,590.00|10,605.00|10,575.00|10,585.00|10,590.00 |55.00     |60.00     |8         |22          |3        |42.35        |0.00                   |
2020-05-08 |CJ005        |9,495.00   |9,750.00 |9,750.00 |9,320.00 |9,320.00 |9,565.00  |-175.00   |70.00     |4         |128         |-31      |19.13        |9,795.00               |
2020-05-08 |CJ007        |10,025.00  |10,065.00|10,065.00|9,930.00 |10,010.00|10,005.00 |-15.00    |-20.00    |13        |624         |-3       |65.05        |0.00                   |
2020-05-08 |CJ009        |10,145.00  |10,145.00|10,220.00|10,070.00|10,120.00|10,150.00 |-25.00    |5.00      |17,551    |12,665      |-752     |89,066.79    |0.00                   |
2020-05-08 |CJ012        |10,530.00  |10,550.00|10,575.00|10,470.00|10,510.00|10,515.00 |-20.00    |-15.00    |122       |2,607       |-48      |641.33       |0.00                   |
2020-05-08 |CJ101        |10,575.00  |10,600.00|10,610.00|10,515.00|10,560.00|10,570.00 |-15.00    |-5.00     |334       |2,562       |14       |1,765.55     |0.00                   |
2020-05-08 |CJ103        |10,590.00  |10,560.00|10,560.00|10,560.00|10,560.00|10,560.00 |-30.00    |-30.00    |1         |21          |-1       |5.28         |0.00                   |
2020-05-11 |CJ005        |9,565.00   |0.00     |0.00     |0.00     |0.00     |9,565.00  |0.00      |0.00      |0         |124         |-4       |0.00         |9,750.00               |
2020-05-11 |CJ007        |10,005.00  |10,030.00|10,045.00|10,020.00|10,045.00|10,030.00 |40.00     |25.00     |37        |647         |23       |185.60       |0.00                   |
2020-05-11 |CJ009        |10,150.00  |10,140.00|10,195.00|10,125.00|10,175.00|10,165.00 |25.00     |15.00     |14,841    |14,496      |1,831    |75,436.93    |0.00                   |
2020-05-11 |CJ012        |10,515.00  |10,535.00|10,540.00|10,515.00|10,530.00|10,535.00 |15.00     |20.00     |120       |2,572       |-35      |631.96       |0.00                   |
2020-05-11 |CJ101        |10,570.00  |10,560.00|10,585.00|10,555.00|10,570.00|10,570.00 |0.00      |0.00      |137       |2,535       |-27      |724.20       |0.00                   |
2020-05-11 |CJ103        |10,560.00  |10,575.00|10,600.00|10,570.00|10,600.00|10,580.00 |40.00     |20.00     |3         |22          |1        |15.88        |0.00                   |
2020-05-12 |CJ005        |9,565.00   |0.00     |0.00     |0.00     |0.00     |9,565.00  |0.00      |0.00      |0         |94          |-30      |0.00         |9,710.00               |
2020-05-12 |CJ007        |10,030.00  |10,040.00|10,040.00|10,025.00|10,025.00|10,030.00 |-5.00     |0.00      |38        |679         |32       |190.61       |0.00                   |
2020-05-12 |CJ009        |10,165.00  |10,160.00|10,220.00|10,140.00|10,155.00|10,175.00 |-10.00    |10.00     |15,446    |13,874      |-622     |78,565.68    |0.00                   |
2020-05-12 |CJ012        |10,535.00  |10,535.00|10,540.00|10,500.00|10,525.00|10,520.00 |-10.00    |-15.00    |37        |2,563       |-9       |194.64       |0.00                   |
2020-05-12 |CJ101        |10,570.00  |10,590.00|10,590.00|10,525.00|10,525.00|10,550.00 |-45.00    |-20.00    |131       |2,500       |-35      |691.18       |0.00                   |
2020-05-12 |CJ103        |10,580.00  |10,560.00|10,560.00|10,545.00|10,545.00|10,550.00 |-35.00    |-30.00    |5         |22          |0        |26.38        |0.00                   |
2020-05-13 |CJ005        |9,565.00   |9,320.00 |9,870.00 |9,215.00 |9,870.00 |9,695.00  |305.00    |130.00    |12        |91          |-3       |58.16        |9,680.00               |
2020-05-13 |CJ007        |10,030.00  |10,000.00|10,150.00|9,920.00 |10,075.00|10,065.00 |45.00     |35.00     |172       |825         |146      |865.63       |0.00                   |
2020-05-13 |CJ009        |10,175.00  |10,170.00|10,260.00|10,105.00|10,255.00|10,205.00 |80.00     |30.00     |29,940    |15,186      |1,312    |152,779.28   |0.00                   |
2020-05-13 |CJ012        |10,520.00  |10,505.00|10,565.00|10,475.00|10,520.00|10,530.00 |0.00      |10.00     |177       |2,596       |33       |931.71       |0.00                   |
2020-05-13 |CJ101        |10,550.00  |10,540.00|10,600.00|10,500.00|10,580.00|10,570.00 |30.00     |20.00     |354       |2,531       |31       |1,870.49     |0.00                   |
2020-05-13 |CJ103        |10,550.00  |10,510.00|10,575.00|10,510.00|10,575.00|10,510.00 |25.00     |-40.00    |204       |222         |200      |1,072.14     |0.00                   |
2020-05-14 |CJ005        |9,695.00   |9,555.00 |9,555.00 |9,555.00 |9,555.00 |9,555.00  |-140.00   |-140.00   |2         |49          |-42      |9.56         |9,640.00               |
2020-05-14 |CJ007        |10,065.00  |10,095.00|10,110.00|10,005.00|10,075.00|10,085.00 |10.00     |20.00     |33        |850         |25       |166.37       |0.00                   |
2020-05-14 |CJ009        |10,205.00  |10,230.00|10,280.00|10,195.00|10,205.00|10,225.00 |0.00      |20.00     |15,359    |14,190      |-996     |78,524.17    |0.00                   |
2020-05-14 |CJ012        |10,530.00  |10,520.00|10,545.00|10,500.00|10,540.00|10,530.00 |10.00     |0.00      |55        |2,606       |10       |289.51       |0.00                   |
2020-05-14 |CJ101        |10,570.00  |10,585.00|10,595.00|10,550.00|10,580.00|10,580.00 |10.00     |10.00     |263       |2,595       |64       |1,391.05     |0.00                   |
2020-05-14 |CJ103        |10,510.00  |10,585.00|10,585.00|10,585.00|10,585.00|10,585.00 |75.00     |75.00     |25        |247         |25       |132.32       |0.00                   |
2020-05-15 |CJ005        |9,555.00   |9,630.00 |9,850.00 |9,630.00 |9,850.00 |9,740.00  |295.00    |185.00    |4         |49          |0        |19.48        |9,625.00               |
2020-05-15 |CJ007        |10,085.00  |10,080.00|10,130.00|10,030.00|10,095.00|10,075.00 |10.00     |-10.00    |10        |848         |-2       |50.37        |0.00                   |
2020-05-15 |CJ009        |10,225.00  |10,220.00|10,265.00|10,195.00|10,215.00|10,230.00 |-10.00    |5.00      |14,319    |13,760      |-430     |73,223.88    |0.00                   |
2020-05-15 |CJ012        |10,530.00  |10,530.00|10,545.00|10,515.00|10,525.00|10,535.00 |-5.00     |5.00      |82        |2,580       |-26      |431.92       |0.00                   |
2020-05-15 |CJ101        |10,580.00  |10,580.00|10,595.00|10,560.00|10,565.00|10,580.00 |-15.00    |0.00      |110       |2,559       |-36      |581.83       |0.00                   |
2020-05-15 |CJ103        |10,585.00  |0.00     |0.00     |0.00     |0.00     |10,585.00 |0.00      |0.00      |0         |247         |0        |0.00         |0.00                   |
2020-05-18 |CJ005        |9,740.00   |0.00     |0.00     |0.00     |0.00     |9,740.00  |0.00      |0.00      |0         |18          |-31      |0.00         |9,610.00               |
2020-05-18 |CJ007        |10,075.00  |10,115.00|10,115.00|10,040.00|10,060.00|10,085.00 |-15.00    |10.00     |42        |867         |19       |211.84       |0.00                   |
2020-05-18 |CJ009        |10,230.00  |10,255.00|10,295.00|10,195.00|10,230.00|10,245.00 |0.00      |15.00     |17,401    |13,053      |-707     |89,129.54    |0.00                   |
2020-05-18 |CJ012        |10,535.00  |10,560.00|10,565.00|10,490.00|10,525.00|10,535.00 |-10.00    |0.00      |161       |2,518       |-62      |847.90       |0.00                   |
2020-05-18 |CJ101        |10,580.00  |10,585.00|10,600.00|10,535.00|10,575.00|10,575.00 |-5.00     |-5.00     |226       |2,567       |8        |1,194.91     |0.00                   |
2020-05-18 |CJ103        |10,585.00  |10,575.00|10,615.00|10,575.00|10,580.00|10,585.00 |-5.00     |0.00      |4         |249         |2        |21.18        |0.00                   |
2020-05-19 |CJ005        |9,740.00   |9,850.00 |9,850.00 |9,850.00 |9,850.00 |9,850.00  |110.00    |110.00    |1         |0           |-18      |4.93         |9,630.00               |
2020-05-19 |CJ007        |10,085.00  |10,070.00|10,095.00|10,035.00|10,035.00|10,070.00 |-50.00    |-15.00    |6         |865         |-2       |30.21        |0.00                   |
2020-05-19 |CJ009        |10,245.00  |10,240.00|10,265.00|10,190.00|10,200.00|10,225.00 |-45.00    |-20.00    |13,788    |12,546      |-507     |70,484.74    |0.00                   |
2020-05-19 |CJ012        |10,535.00  |10,540.00|10,540.00|10,485.00|10,490.00|10,510.00 |-45.00    |-25.00    |52        |2,501       |-17      |273.28       |0.00                   |
2020-05-19 |CJ101        |10,575.00  |10,565.00|10,585.00|10,520.00|10,535.00|10,560.00 |-40.00    |-15.00    |124       |2,576       |9        |654.63       |0.00                   |
2020-05-19 |CJ103        |10,585.00  |10,560.00|10,560.00|10,560.00|10,560.00|10,560.00 |-25.00    |-25.00    |1         |248         |-1       |5.28         |0.00                   |
2020-05-20 |CJ007        |10,070.00  |10,040.00|10,045.00|9,995.00 |10,040.00|10,035.00 |-30.00    |-35.00    |107       |773         |-92      |536.84       |0.00                   |
2020-05-20 |CJ009        |10,225.00  |10,195.00|10,220.00|10,150.00|10,190.00|10,195.00 |-35.00    |-30.00    |10,149    |11,774      |-772     |51,727.43    |0.00                   |
2020-05-20 |CJ012        |10,510.00  |10,500.00|10,515.00|10,455.00|10,455.00|10,495.00 |-55.00    |-15.00    |304       |2,341       |-160     |1,595.08     |0.00                   |
2020-05-20 |CJ101        |10,560.00  |10,545.00|10,565.00|10,520.00|10,525.00|10,535.00 |-35.00    |-25.00    |101       |2,597       |21       |532.13       |0.00                   |
2020-05-20 |CJ103        |10,560.00  |10,570.00|10,570.00|10,570.00|10,570.00|10,570.00 |10.00     |10.00     |4         |245         |-3       |21.14        |0.00                   |
2020-05-20 |CJ105        |10,560.00  |0.00     |0.00     |0.00     |0.00     |10,585.00 |25.00     |25.00     |0         |0           |0        |0.00         |0.00                   |
2020-05-21 |CJ007        |10,035.00  |10,070.00|10,090.00|10,060.00|10,090.00|10,085.00 |55.00     |50.00     |19        |786         |13       |95.81        |0.00                   |
2020-05-21 |CJ009        |10,195.00  |10,195.00|10,275.00|10,180.00|10,225.00|10,235.00 |30.00     |40.00     |16,246    |13,258      |1,484    |83,142.78    |0.00                   |
2020-05-21 |CJ012        |10,495.00  |10,460.00|10,530.00|10,460.00|10,510.00|10,490.00 |15.00     |-5.00     |192       |2,340       |-1       |1,007.01     |0.00                   |
2020-05-21 |CJ101        |10,535.00  |10,555.00|10,580.00|10,475.00|10,545.00|10,545.00 |10.00     |10.00     |113       |2,593       |-4       |595.85       |0.00                   |
2020-05-21 |CJ103        |10,570.00  |10,070.00|11,070.00|10,070.00|10,560.00|10,340.00 |-10.00    |-230.00   |168       |347         |102      |868.76       |0.00                   |
2020-05-21 |CJ105        |10,585.00  |10,990.00|10,990.00|10,560.00|10,570.00|10,645.00 |-15.00    |60.00     |11        |7           |7        |58.54        |0.00                   |
2020-05-22 |CJ007        |10,085.00  |10,005.00|10,040.00|9,900.00 |9,960.00 |9,980.00  |-125.00   |-105.00   |165       |672         |-114     |823.22       |0.00                   |
2020-05-22 |CJ009        |10,235.00  |10,205.00|10,235.00|10,040.00|10,050.00|10,135.00 |-185.00   |-100.00   |21,860    |12,882      |-376     |110,767.81   |0.00                   |
2020-05-22 |CJ012        |10,490.00  |10,460.00|10,495.00|10,430.00|10,430.00|10,450.00 |-60.00    |-40.00    |417       |2,267       |-73      |2,178.51     |0.00                   |
2020-05-22 |CJ101        |10,545.00  |10,515.00|10,540.00|10,460.00|10,460.00|10,480.00 |-85.00    |-65.00    |353       |2,561       |-32      |1,849.87     |0.00                   |
2020-05-22 |CJ103        |10,340.00  |10,470.00|10,470.00|10,470.00|10,470.00|10,470.00 |130.00    |130.00    |1         |348         |1        |5.24         |0.00                   |
2020-05-22 |CJ105        |10,645.00  |10,520.00|10,520.00|10,400.00|10,400.00|10,465.00 |-245.00   |-180.00   |8         |4           |-3       |41.85        |0.00                   |
2020-05-25 |CJ007        |9,980.00   |9,980.00 |9,980.00 |9,935.00 |9,965.00 |9,950.00  |-15.00    |-30.00    |39        |655         |-17      |194.03       |0.00                   |
2020-05-25 |CJ009        |10,135.00  |10,070.00|10,110.00|10,050.00|10,065.00|10,085.00 |-70.00    |-50.00    |10,419    |12,891      |9        |52,535.26    |0.00                   |
2020-05-25 |CJ012        |10,450.00  |10,450.00|10,480.00|10,430.00|10,455.00|10,455.00 |5.00      |5.00      |159       |2,291       |24       |831.12       |0.00                   |
2020-05-25 |CJ101        |10,480.00  |10,465.00|10,500.00|10,455.00|10,470.00|10,475.00 |-10.00    |-5.00     |125       |2,558       |-3       |654.62       |0.00                   |
2020-05-25 |CJ103        |10,470.00  |0.00     |0.00     |0.00     |0.00     |10,470.00 |0.00      |0.00      |0         |348         |0        |0.00         |0.00                   |
2020-05-25 |CJ105        |10,465.00  |10,360.00|10,400.00|10,320.00|10,400.00|10,360.00 |-65.00    |-105.00   |3         |6           |2        |15.54        |0.00                   |
2020-05-26 |CJ007        |9,950.00   |10,015.00|10,015.00|9,900.00 |9,930.00 |9,935.00  |-20.00    |-15.00    |134       |537         |-118     |665.54       |0.00                   |
2020-05-26 |CJ009        |10,085.00  |10,060.00|10,115.00|10,035.00|10,110.00|10,090.00 |25.00     |5.00      |9,687     |12,243      |-648     |48,868.61    |0.00                   |
2020-05-26 |CJ012        |10,455.00  |10,445.00|10,485.00|10,440.00|10,485.00|10,460.00 |30.00     |5.00      |292       |2,430       |139      |1,527.18     |0.00                   |
2020-05-26 |CJ101        |10,475.00  |10,460.00|10,510.00|10,460.00|10,500.00|10,490.00 |25.00     |15.00     |113       |2,569       |11       |592.77       |0.00                   |
2020-05-26 |CJ103        |10,470.00  |10,485.00|10,500.00|10,475.00|10,490.00|10,490.00 |20.00     |20.00     |4         |347         |-1       |20.98        |0.00                   |
2020-05-26 |CJ105        |10,360.00  |10,425.00|10,460.00|10,385.00|10,385.00|10,435.00 |25.00     |75.00     |5         |4           |-2       |26.09        |0.00                   |
2020-05-27 |CJ007        |9,935.00   |9,965.00 |9,965.00 |9,940.00 |9,945.00 |9,955.00  |10.00     |20.00     |8         |532         |-5       |39.83        |0.00                   |
2020-05-27 |CJ009        |10,090.00  |10,110.00|10,130.00|10,080.00|10,105.00|10,105.00 |15.00     |15.00     |7,255     |11,639      |-604     |36,656.71    |0.00                   |
2020-05-27 |CJ012        |10,460.00  |10,405.00|10,480.00|10,405.00|10,480.00|10,420.00 |20.00     |-40.00    |619       |2,478       |48       |3,225.36     |0.00                   |
2020-05-27 |CJ101        |10,490.00  |10,505.00|10,510.00|10,455.00|10,510.00|10,485.00 |20.00     |-5.00     |137       |2,532       |-37      |718.10       |0.00                   |
2020-05-27 |CJ103        |10,490.00  |10,515.00|10,515.00|10,515.00|10,515.00|10,515.00 |25.00     |25.00     |1         |346         |-1       |5.26         |0.00                   |
2020-05-27 |CJ105        |10,435.00  |10,475.00|10,475.00|10,375.00|10,460.00|10,425.00 |25.00     |-10.00    |8         |7           |3        |41.70        |0.00                   |
2020-05-28 |CJ007        |9,955.00   |9,910.00 |9,955.00 |9,870.00 |9,870.00 |9,915.00  |-85.00    |-40.00    |372       |216         |-316     |1,844.02     |0.00                   |
2020-05-28 |CJ009        |10,105.00  |10,105.00|10,130.00|9,985.00 |10,020.00|10,060.00 |-85.00    |-45.00    |18,012    |13,788      |2,149    |90,615.89    |0.00                   |
2020-05-28 |CJ012        |10,420.00  |10,455.00|10,500.00|10,430.00|10,470.00|10,450.00 |50.00     |30.00     |316       |2,445       |-33      |1,651.29     |0.00                   |
2020-05-28 |CJ101        |10,485.00  |10,485.00|10,510.00|10,455.00|10,485.00|10,475.00 |0.00      |-10.00    |194       |2,541       |9        |1,016.02     |0.00                   |
2020-05-28 |CJ103        |10,515.00  |0.00     |0.00     |0.00     |0.00     |10,500.00 |-15.00    |-15.00    |0         |346         |0        |0.00         |0.00                   |
2020-05-28 |CJ105        |10,425.00  |10,425.00|10,435.00|10,375.00|10,375.00|10,410.00 |-50.00    |-15.00    |6         |7           |0        |31.23        |0.00                   |
2020-05-29 |CJ007        |9,915.00   |9,870.00 |9,870.00 |9,720.00 |9,720.00 |9,820.00  |-195.00   |-95.00    |48        |227         |11       |235.69       |0.00                   |
2020-05-29 |CJ009        |10,060.00  |10,040.00|10,055.00|9,880.00 |9,885.00 |9,980.00  |-175.00   |-80.00    |19,727    |17,476      |3,688    |98,419.95    |0.00                   |
2020-05-29 |CJ012        |10,450.00  |10,460.00|10,470.00|10,415.00|10,430.00|10,430.00 |-20.00    |-20.00    |372       |2,430       |-15      |1,940.22     |0.00                   |
2020-05-29 |CJ101        |10,475.00  |10,490.00|10,500.00|10,445.00|10,445.00|10,460.00 |-30.00    |-15.00    |170       |2,533       |-8       |889.15       |0.00                   |
2020-05-29 |CJ103        |10,500.00  |0.00     |0.00     |0.00     |0.00     |10,500.00 |0.00      |0.00      |0         |346         |0        |0.00         |0.00                   |
2020-05-29 |CJ105        |10,410.00  |10,370.00|10,395.00|10,370.00|10,395.00|10,385.00 |-15.00    |-25.00    |2         |9           |2        |10.39        |0.00                   |
2020-06-01 |CJ007        |9,820.00   |9,700.00 |9,810.00 |9,700.00 |9,765.00 |9,765.00  |-55.00    |-55.00    |45        |231         |4        |219.77       |0.00                   |
2020-06-01 |CJ009        |9,980.00   |9,865.00 |9,975.00 |9,845.00 |9,955.00 |9,910.00  |-25.00    |-70.00    |23,210    |17,464      |-12      |115,014.96   |0.00                   |
2020-06-01 |CJ012        |10,430.00  |10,400.00|10,445.00|10,400.00|10,410.00|10,430.00 |-20.00    |0.00      |519       |2,494       |64       |2,706.38     |0.00                   |
2020-06-01 |CJ101        |10,460.00  |10,435.00|10,495.00|10,435.00|10,480.00|10,460.00 |20.00     |0.00      |226       |2,514       |-19      |1,182.25     |0.00                   |
2020-06-01 |CJ103        |10,500.00  |0.00     |0.00     |0.00     |0.00     |10,500.00 |0.00      |0.00      |0         |346         |0        |0.00         |0.00                   |
2020-06-01 |CJ105        |10,385.00  |10,390.00|10,410.00|10,390.00|10,410.00|10,400.00 |25.00     |15.00     |4         |10          |1        |20.81        |0.00                   |
2020-06-02 |CJ007        |9,765.00   |9,755.00 |9,805.00 |9,720.00 |9,755.00 |9,750.00  |-10.00    |-15.00    |32        |219         |-12      |156.01       |0.00                   |
2020-06-02 |CJ009        |9,910.00   |9,950.00 |9,990.00 |9,880.00 |9,920.00 |9,930.00  |10.00     |20.00     |15,559    |17,033      |-431     |77,262.74    |0.00                   |
2020-06-02 |CJ012        |10,430.00  |10,410.00|10,450.00|10,395.00|10,415.00|10,430.00 |-15.00    |0.00      |210       |2,556       |62       |1,095.03     |0.00                   |
2020-06-02 |CJ101        |10,460.00  |10,460.00|10,500.00|10,455.00|10,495.00|10,480.00 |35.00     |20.00     |127       |2,502       |-12      |665.49       |0.00                   |
2020-06-02 |CJ103        |10,500.00  |0.00     |0.00     |0.00     |0.00     |10,500.00 |0.00      |0.00      |0         |346         |0        |0.00         |0.00                   |
2020-06-02 |CJ105        |10,400.00  |10,460.00|10,460.00|10,380.00|10,420.00|10,415.00 |20.00     |15.00     |7         |13          |3        |36.45        |0.00                   |
2020-06-03 |CJ007        |9,750.00   |9,800.00 |9,800.00 |9,790.00 |9,795.00 |9,795.00  |45.00     |45.00     |3         |217         |-2       |14.70        |0.00                   |
2020-06-03 |CJ009        |9,930.00   |9,950.00 |9,970.00 |9,930.00 |9,960.00 |9,950.00  |30.00     |20.00     |9,852     |16,635      |-398     |49,008.62    |0.00                   |
2020-06-03 |CJ012        |10,430.00  |10,435.00|10,440.00|10,425.00|10,435.00|10,435.00 |5.00      |5.00      |68        |2,557       |1        |354.77       |0.00                   |
2020-06-03 |CJ101        |10,480.00  |10,495.00|10,500.00|10,480.00|10,480.00|10,490.00 |0.00      |10.00     |58        |2,480       |-22      |304.17       |0.00                   |
2020-06-03 |CJ103        |10,500.00  |0.00     |0.00     |0.00     |0.00     |10,500.00 |0.00      |0.00      |0         |346         |0        |0.00         |0.00                   |
2020-06-03 |CJ105        |10,415.00  |10,460.00|10,475.00|10,425.00|10,425.00|10,465.00 |10.00     |50.00     |11        |15          |2        |57.57        |0.00                   |
2020-06-04 |CJ007        |9,795.00   |9,740.00 |9,815.00 |9,740.00 |9,815.00 |9,780.00  |20.00     |-15.00    |2         |215         |-2       |9.78         |0.00                   |
2020-06-04 |CJ009        |9,950.00   |9,960.00 |9,985.00 |9,875.00 |9,980.00 |9,935.00  |30.00     |-15.00    |18,116    |16,724      |89       |90,011.51    |0.00                   |
2020-06-04 |CJ012        |10,435.00  |10,395.00|10,440.00|10,390.00|10,435.00|10,420.00 |0.00      |-15.00    |122       |2,548       |-9       |635.71       |0.00                   |
2020-06-04 |CJ101        |10,490.00  |10,470.00|10,500.00|10,445.00|10,490.00|10,470.00 |0.00      |-20.00    |140       |2,493       |13       |732.96       |0.00                   |
2020-06-04 |CJ103        |10,500.00  |0.00     |0.00     |0.00     |0.00     |10,500.00 |0.00      |0.00      |0         |346         |0        |0.00         |0.00                   |
2020-06-04 |CJ105        |10,465.00  |0.00     |0.00     |0.00     |0.00     |10,460.00 |-5.00     |-5.00     |0         |15          |0        |0.00         |0.00                   |
2020-06-05 |CJ007        |9,780.00   |9,815.00 |9,850.00 |9,815.00 |9,830.00 |9,835.00  |50.00     |55.00     |7         |211         |-4       |34.43        |0.00                   |
2020-06-05 |CJ009        |9,935.00   |9,980.00 |10,035.00|9,960.00 |9,995.00 |9,990.00  |60.00     |55.00     |13,586    |15,938      |-786     |67,848.00    |0.00                   |
2020-06-05 |CJ012        |10,420.00  |10,435.00|10,475.00|10,425.00|10,440.00|10,445.00 |20.00     |25.00     |204       |2,608       |60       |1,065.59     |0.00                   |
2020-06-05 |CJ101        |10,470.00  |10,495.00|10,535.00|10,480.00|10,505.00|10,505.00 |35.00     |35.00     |179       |2,489       |-4       |940.01       |0.00                   |
2020-06-05 |CJ103        |10,500.00  |0.00     |0.00     |0.00     |0.00     |10,500.00 |0.00      |0.00      |0         |346         |0        |0.00         |0.00                   |
2020-06-05 |CJ105        |10,460.00  |10,470.00|10,475.00|10,470.00|10,475.00|10,470.00 |15.00     |10.00     |3         |18          |3        |15.71        |0.00                   |
2020-06-08 |CJ007        |9,835.00   |0.00     |0.00     |0.00     |0.00     |9,835.00  |0.00      |0.00      |0         |211         |0        |0.00         |0.00                   |
2020-06-08 |CJ009        |9,990.00   |10,000.00|10,065.00|9,990.00 |10,015.00|10,015.00 |25.00     |25.00     |11,130    |15,350      |-588     |55,739.64    |0.00                   |
2020-06-08 |CJ012        |10,445.00  |10,465.00|10,490.00|10,440.00|10,465.00|10,465.00 |20.00     |20.00     |202       |2,603       |-5       |1,056.94     |0.00                   |
2020-06-08 |CJ101        |10,505.00  |10,520.00|10,540.00|10,505.00|10,540.00|10,520.00 |35.00     |15.00     |249       |2,490       |1        |1,309.66     |0.00                   |
2020-06-08 |CJ103        |10,500.00  |0.00     |0.00     |0.00     |0.00     |10,500.00 |0.00      |0.00      |0         |346         |0        |0.00         |0.00                   |
2020-06-08 |CJ105        |10,470.00  |10,505.00|10,505.00|10,505.00|10,505.00|10,505.00 |35.00     |35.00     |1         |18          |0        |5.26         |0.00                   |
2020-06-09 |CJ007        |9,835.00   |9,745.00 |9,780.00 |9,745.00 |9,765.00 |9,765.00  |-70.00    |-70.00    |8         |216         |5        |39.06        |0.00                   |
2020-06-09 |CJ009        |10,015.00  |10,030.00|10,035.00|9,910.00 |9,930.00 |9,970.00  |-85.00    |-45.00    |11,223    |15,201      |-149     |55,936.82    |0.00                   |
2020-06-09 |CJ012        |10,465.00  |10,470.00|10,475.00|10,410.00|10,440.00|10,435.00 |-25.00    |-30.00    |155       |2,581       |-22      |808.54       |0.00                   |
2020-06-09 |CJ101        |10,520.00  |10,530.00|10,530.00|10,470.00|10,505.00|10,495.00 |-15.00    |-25.00    |180       |2,496       |6        |944.40       |0.00                   |
2020-06-09 |CJ103        |10,500.00  |0.00     |0.00     |0.00     |0.00     |10,500.00 |0.00      |0.00      |0         |346         |0        |0.00         |0.00                   |
2020-06-09 |CJ105        |10,505.00  |10,455.00|10,455.00|10,455.00|10,455.00|10,455.00 |-50.00    |-50.00    |2         |19          |1        |10.46        |0.00                   |
2020-06-10 |CJ007        |9,765.00   |9,775.00 |9,840.00 |9,715.00 |9,835.00 |9,755.00  |70.00     |-10.00    |12        |216         |0        |58.52        |0.00                   |
2020-06-10 |CJ009        |9,970.00   |9,945.00 |10,045.00|9,900.00 |10,045.00|9,975.00  |75.00     |5.00      |17,563    |15,947      |746      |87,582.71    |0.00                   |
2020-06-10 |CJ012        |10,435.00  |10,435.00|10,500.00|10,405.00|10,500.00|10,470.00 |65.00     |35.00     |117       |2,559       |-22      |612.36       |0.00                   |
2020-06-10 |CJ101        |10,495.00  |10,480.00|10,565.00|10,460.00|10,565.00|10,515.00 |70.00     |20.00     |197       |2,542       |46       |1,035.92     |0.00                   |
2020-06-10 |CJ103        |10,500.00  |10,505.00|10,505.00|10,505.00|10,505.00|10,505.00 |5.00      |5.00      |4         |348         |2        |21.01        |0.00                   |
2020-06-10 |CJ105        |10,455.00  |10,410.00|10,455.00|10,400.00|10,455.00|10,430.00 |0.00      |-25.00    |9         |16          |-3       |46.94        |0.00                   |
2020-06-11 |CJ007        |9,755.00   |9,875.00 |9,930.00 |9,800.00 |9,800.00 |9,860.00  |45.00     |105.00    |35        |217         |1        |172.52       |0.00                   |
2020-06-11 |CJ009        |9,975.00   |10,050.00|10,170.00|10,025.00|10,070.00|10,090.00 |95.00     |115.00    |29,711    |15,664      |-283     |149,867.55   |0.00                   |
2020-06-11 |CJ012        |10,470.00  |10,500.00|10,535.00|10,470.00|10,510.00|10,500.00 |40.00     |30.00     |167       |2,545       |-14      |876.72       |0.00                   |
2020-06-11 |CJ101        |10,515.00  |10,570.00|10,595.00|10,535.00|10,585.00|10,570.00 |70.00     |55.00     |398       |2,590       |48       |2,103.20     |0.00                   |
2020-06-11 |CJ103        |10,505.00  |10,560.00|10,575.00|10,560.00|10,575.00|10,570.00 |70.00     |65.00     |2         |347         |-1       |10.57        |0.00                   |
2020-06-11 |CJ105        |10,430.00  |0.00     |0.00     |0.00     |0.00     |10,475.00 |45.00     |45.00     |0         |16          |0        |0.00         |0.00                   |
2020-06-12 |CJ007        |9,860.00   |9,765.00 |9,775.00 |9,755.00 |9,760.00 |9,770.00  |-100.00   |-90.00    |19        |218         |1        |92.81        |0.00                   |
2020-06-12 |CJ009        |10,090.00  |10,010.00|10,070.00|10,010.00|10,060.00|10,045.00 |-30.00    |-45.00    |9,940     |14,535      |-1,129   |49,918.23    |0.00                   |
2020-06-12 |CJ012        |10,500.00  |10,490.00|10,500.00|10,450.00|10,495.00|10,475.00 |-5.00     |-25.00    |91        |2,542       |-3       |476.70       |0.00                   |
2020-06-12 |CJ101        |10,570.00  |10,550.00|10,580.00|10,530.00|10,570.00|10,560.00 |0.00      |-10.00    |207       |2,623       |33       |1,092.72     |0.00                   |
2020-06-12 |CJ103        |10,570.00  |0.00     |0.00     |0.00     |0.00     |10,570.00 |0.00      |0.00      |0         |347         |0        |0.00         |0.00                   |
2020-06-12 |CJ105        |10,475.00  |10,455.00|10,485.00|10,455.00|10,485.00|10,460.00 |10.00     |-15.00    |10        |12          |-4       |52.29        |0.00                   |
2020-06-15 |CJ007        |9,770.00   |9,755.00 |9,755.00 |9,660.00 |9,675.00 |9,695.00  |-95.00    |-75.00    |36        |214         |-4       |174.49       |0.00                   |
2020-06-15 |CJ009        |10,045.00  |10,055.00|10,080.00|10,020.00|10,045.00|10,050.00 |0.00      |5.00      |15,225    |14,032      |-503     |76,500.75    |0.00                   |
2020-06-15 |CJ012        |10,475.00  |10,510.00|10,510.00|10,430.00|10,430.00|10,460.00 |-45.00    |-15.00    |121       |2,541       |-1       |632.68       |0.00                   |
2020-06-15 |CJ101        |10,560.00  |10,560.00|10,575.00|10,490.00|10,495.00|10,520.00 |-65.00    |-40.00    |337       |2,559       |-64      |1,772.71     |0.00                   |
2020-06-15 |CJ103        |10,570.00  |10,495.00|10,495.00|10,495.00|10,495.00|10,495.00 |-75.00    |-75.00    |1         |348         |1        |5.25         |0.00                   |
2020-06-15 |CJ105        |10,460.00  |10,440.00|10,440.00|10,405.00|10,405.00|10,430.00 |-55.00    |-30.00    |4         |12          |0        |20.87        |0.00                   |
2020-06-16 |CJ007        |9,695.00   |9,700.00 |9,700.00 |9,605.00 |9,635.00 |9,655.00  |-60.00    |-40.00    |9         |210         |-4       |43.45        |0.00                   |
2020-06-16 |CJ009        |10,050.00  |10,065.00|10,095.00|9,950.00 |10,035.00|10,045.00 |-15.00    |-5.00     |17,167    |13,839      |-193     |86,219.64    |0.00                   |
2020-06-16 |CJ012        |10,460.00  |10,430.00|10,460.00|10,405.00|10,435.00|10,420.00 |-25.00    |-40.00    |321       |2,426       |-115     |1,672.81     |0.00                   |
2020-06-16 |CJ101        |10,520.00  |10,515.00|10,525.00|10,450.00|10,480.00|10,470.00 |-40.00    |-50.00    |738       |2,613       |54       |3,863.89     |0.00                   |
2020-06-16 |CJ103        |10,495.00  |0.00     |0.00     |0.00     |0.00     |10,480.00 |-15.00    |-15.00    |0         |348         |0        |0.00         |0.00                   |
2020-06-16 |CJ105        |10,430.00  |10,400.00|10,400.00|10,400.00|10,400.00|10,400.00 |-30.00    |-30.00    |3         |12          |0        |15.60        |0.00                   |
2020-06-17 |CJ007        |9,655.00   |9,620.00 |9,640.00 |9,605.00 |9,620.00 |9,630.00  |-35.00    |-25.00    |48        |186         |-24      |231.11       |0.00                   |
2020-06-17 |CJ009        |10,045.00  |10,040.00|10,050.00|9,990.00 |10,035.00|10,030.00 |-10.00    |-15.00    |9,809     |13,060      |-779     |49,190.56    |0.00                   |
2020-06-17 |CJ012        |10,420.00  |10,425.00|10,465.00|10,415.00|10,415.00|10,435.00 |-5.00     |15.00     |139       |2,442       |16       |725.21       |0.00                   |
2020-06-17 |CJ101        |10,470.00  |10,470.00|10,485.00|10,445.00|10,445.00|10,460.00 |-25.00    |-10.00    |273       |2,655       |42       |1,427.80     |0.00                   |
2020-06-17 |CJ103        |10,480.00  |10,490.00|10,490.00|10,490.00|10,490.00|10,490.00 |10.00     |10.00     |25        |373         |25       |131.13       |0.00                   |
2020-06-17 |CJ105        |10,400.00  |10,420.00|10,420.00|10,420.00|10,420.00|10,420.00 |20.00     |20.00     |1         |12          |0        |5.21         |0.00                   |
2020-06-18 |CJ007        |9,630.00   |9,600.00 |9,600.00 |9,550.00 |9,590.00 |9,585.00  |-40.00    |-45.00    |4         |183         |-3       |19.17        |0.00                   |
2020-06-18 |CJ009        |10,030.00  |10,035.00|10,070.00|9,985.00 |10,040.00|10,020.00 |10.00     |-10.00    |14,854    |13,691      |631      |74,406.39    |0.00                   |
2020-06-18 |CJ012        |10,435.00  |10,425.00|10,460.00|10,420.00|10,440.00|10,435.00 |5.00      |0.00      |73        |2,419       |-23      |380.81       |0.00                   |
2020-06-18 |CJ101        |10,460.00  |10,455.00|10,495.00|10,445.00|10,460.00|10,465.00 |0.00      |5.00      |213       |2,615       |-40      |1,114.34     |0.00                   |
2020-06-18 |CJ103        |10,490.00  |10,490.00|10,490.00|10,490.00|10,490.00|10,490.00 |0.00      |0.00      |1         |372         |-1       |5.25         |0.00                   |
2020-06-18 |CJ105        |10,420.00  |10,400.00|10,400.00|10,395.00|10,395.00|10,400.00 |-25.00    |-20.00    |2         |12          |0        |10.40        |0.00                   |
2020-06-19 |CJ007        |9,585.00   |9,645.00 |9,655.00 |9,585.00 |9,615.00 |9,630.00  |30.00     |45.00     |22        |178         |-5       |105.92       |0.00                   |
2020-06-19 |CJ009        |10,020.00  |10,050.00|10,080.00|10,015.00|10,035.00|10,050.00 |15.00     |30.00     |12,863    |13,204      |-487     |64,629.97    |0.00                   |
2020-06-19 |CJ012        |10,435.00  |10,440.00|10,470.00|10,425.00|10,440.00|10,450.00 |5.00      |15.00     |53        |2,412       |-7       |276.87       |0.00                   |
2020-06-19 |CJ101        |10,465.00  |10,475.00|10,500.00|10,455.00|10,455.00|10,480.00 |-10.00    |15.00     |206       |2,588       |-27      |1,079.34     |0.00                   |
2020-06-19 |CJ103        |10,490.00  |10,505.00|10,505.00|10,475.00|10,485.00|10,490.00 |-5.00     |0.00      |7         |372         |0        |36.71        |0.00                   |
2020-06-19 |CJ105        |10,400.00  |10,475.00|10,590.00|10,375.00|10,420.00|10,475.00 |20.00     |75.00     |38        |15          |3        |199.02       |0.00                   |
2020-06-22 |CJ007        |9,630.00   |9,605.00 |9,605.00 |9,500.00 |9,500.00 |9,545.00  |-130.00   |-85.00    |39        |141         |-37      |186.13       |0.00                   |
2020-06-22 |CJ009        |10,050.00  |10,030.00|10,080.00|9,885.00 |9,890.00 |9,995.00  |-160.00   |-55.00    |23,144    |14,645      |1,441    |115,664.66   |0.00                   |
2020-06-22 |CJ012        |10,450.00  |10,420.00|10,460.00|10,365.00|10,365.00|10,415.00 |-85.00    |-35.00    |223       |2,446       |34       |1,161.05     |0.00                   |
2020-06-22 |CJ101        |10,480.00  |10,455.00|10,505.00|10,410.00|10,440.00|10,450.00 |-40.00    |-30.00    |471       |2,606       |18       |2,460.61     |0.00                   |
2020-06-22 |CJ103        |10,490.00  |10,445.00|10,445.00|10,440.00|10,440.00|10,445.00 |-50.00    |-45.00    |4         |371         |-1       |20.89        |0.00                   |
2020-06-22 |CJ105        |10,475.00  |10,420.00|10,420.00|10,390.00|10,390.00|10,405.00 |-85.00    |-70.00    |3         |15          |0        |15.61        |0.00                   |
2020-06-23 |CJ007        |9,545.00   |9,490.00 |9,500.00 |9,485.00 |9,490.00 |9,490.00  |-55.00    |-55.00    |8         |147         |6        |37.97        |0.00                   |
2020-06-23 |CJ009        |9,995.00   |9,915.00 |9,955.00 |9,850.00 |9,895.00 |9,915.00  |-100.00   |-80.00    |15,543    |15,490      |845      |77,056.95    |0.00                   |
2020-06-23 |CJ012        |10,415.00  |10,360.00|10,415.00|10,350.00|10,360.00|10,385.00 |-55.00    |-30.00    |124       |2,450       |4        |643.75       |0.00                   |
2020-06-23 |CJ101        |10,450.00  |10,400.00|10,470.00|10,400.00|10,430.00|10,430.00 |-20.00    |-20.00    |224       |2,624       |18       |1,168.38     |0.00                   |
2020-06-23 |CJ103        |10,445.00  |10,435.00|10,455.00|10,435.00|10,455.00|10,450.00 |10.00     |5.00      |6         |376         |5        |31.36        |0.00                   |
2020-06-23 |CJ105        |10,405.00  |10,415.00|10,415.00|10,415.00|10,415.00|10,415.00 |10.00     |10.00     |1         |14          |-1       |5.21         |0.00                   |
2020-06-24 |CJ007        |9,490.00   |9,495.00 |9,495.00 |9,220.00 |9,300.00 |9,315.00  |-190.00   |-175.00   |75        |101         |-46      |349.37       |0.00                   |
2020-06-24 |CJ009        |9,915.00   |9,880.00 |9,905.00 |9,595.00 |9,660.00 |9,710.00  |-255.00   |-205.00   |57,905    |25,475      |9,985    |281,076.65   |0.00                   |
2020-06-24 |CJ012        |10,385.00  |10,330.00|10,425.00|10,315.00|10,360.00|10,375.00 |-25.00    |-10.00    |776       |2,441       |-9       |4,026.42     |0.00                   |
2020-06-24 |CJ101        |10,430.00  |10,410.00|10,465.00|10,370.00|10,410.00|10,415.00 |-20.00    |-15.00    |809       |2,776       |152      |4,212.89     |0.00                   |
2020-06-24 |CJ103        |10,450.00  |10,425.00|10,435.00|10,395.00|10,395.00|10,425.00 |-55.00    |-25.00    |4         |379         |3        |20.85        |0.00                   |
2020-06-24 |CJ105        |10,415.00  |10,400.00|10,400.00|10,335.00|10,335.00|10,370.00 |-80.00    |-45.00    |2         |14          |0        |10.37        |0.00                   |
2020-06-29 |CJ007        |9,315.00   |9,310.00 |9,355.00 |9,260.00 |9,355.00 |9,290.00  |40.00     |-25.00    |7         |94          |-7       |32.51        |0.00                   |
2020-06-29 |CJ009        |9,710.00   |9,640.00 |9,680.00 |9,555.00 |9,670.00 |9,630.00  |-40.00    |-80.00    |28,696    |25,072      |-403     |138,160.60   |0.00                   |
2020-06-29 |CJ012        |10,375.00  |10,350.00|10,385.00|10,300.00|10,380.00|10,350.00 |5.00      |-25.00    |152       |2,463       |22       |786.43       |0.00                   |
2020-06-29 |CJ101        |10,415.00  |10,400.00|10,440.00|10,355.00|10,440.00|10,400.00 |25.00     |-15.00    |293       |2,825       |49       |1,523.40     |0.00                   |
2020-06-29 |CJ103        |10,425.00  |0.00     |0.00     |0.00     |0.00     |10,410.00 |-15.00    |-15.00    |0         |379         |0        |0.00         |0.00                   |
2020-06-29 |CJ105        |10,370.00  |10,385.00|10,390.00|10,340.00|10,340.00|10,375.00 |-30.00    |5.00      |4         |17          |3        |20.75        |0.00                   |
2020-06-30 |CJ007        |9,290.00   |9,355.00 |9,355.00 |9,300.00 |9,300.00 |9,335.00  |10.00     |45.00     |15        |88          |-6       |70.02        |0.00                   |
2020-06-30 |CJ009        |9,630.00   |9,685.00 |9,740.00 |9,620.00 |9,650.00 |9,670.00  |20.00     |40.00     |18,106    |23,885      |-1,187   |87,535.81    |0.00                   |
2020-06-30 |CJ012        |10,350.00  |10,410.00|10,455.00|10,375.00|10,405.00|10,395.00 |55.00     |45.00     |71        |2,463       |0        |369.09       |0.00                   |
2020-06-30 |CJ101        |10,400.00  |10,465.00|10,495.00|10,430.00|10,480.00|10,460.00 |80.00     |60.00     |321       |2,820       |-5       |1,678.43     |0.00                   |
2020-06-30 |CJ103        |10,410.00  |0.00     |0.00     |0.00     |0.00     |10,415.00 |5.00      |5.00      |0         |379         |0        |0.00         |0.00                   |
2020-06-30 |CJ105        |10,375.00  |10,420.00|10,420.00|10,380.00|10,380.00|10,400.00 |5.00      |25.00     |2         |17          |0        |10.40        |0.00                   |
2020-07-01 |CJ007        |9,335.00   |9,345.00 |9,350.00 |9,275.00 |9,350.00 |9,330.00  |15.00     |-5.00     |17        |32          |-56      |79.31        |9,480.00               |
2020-07-01 |CJ009        |9,670.00   |9,655.00 |9,720.00 |9,635.00 |9,670.00 |9,675.00  |0.00      |5.00      |10,634    |22,620      |-1,265   |51,441.49    |0.00                   |
2020-07-01 |CJ012        |10,395.00  |10,385.00|10,455.00|10,385.00|10,400.00|10,410.00 |5.00      |15.00     |69        |2,479       |16       |359.13       |0.00                   |
2020-07-01 |CJ101        |10,460.00  |10,480.00|10,515.00|10,455.00|10,470.00|10,475.00 |10.00     |15.00     |224       |2,825       |5        |1,173.34     |0.00                   |
2020-07-01 |CJ103        |10,415.00  |10,470.00|10,470.00|10,440.00|10,440.00|10,460.00 |25.00     |45.00     |6         |377         |-2       |31.38        |0.00                   |
2020-07-01 |CJ105        |10,400.00  |10,430.00|10,430.00|10,430.00|10,430.00|10,430.00 |30.00     |30.00     |2         |18          |1        |10.43        |0.00                   |
2020-07-02 |CJ007        |9,330.00   |9,265.00 |9,470.00 |9,235.00 |9,390.00 |9,330.00  |60.00     |0.00      |21        |16          |-16      |97.95        |9,450.00               |
2020-07-02 |CJ009        |9,675.00   |9,670.00 |9,795.00 |9,635.00 |9,765.00 |9,730.00  |90.00     |55.00     |21,333    |18,763      |-3,857   |103,806.98   |0.00                   |
2020-07-02 |CJ012        |10,410.00  |10,405.00|10,450.00|10,390.00|10,430.00|10,415.00 |20.00     |5.00      |619       |2,477       |-2       |3,224.00     |0.00                   |
2020-07-02 |CJ101        |10,475.00  |10,475.00|10,525.00|10,455.00|10,525.00|10,495.00 |50.00     |20.00     |1,007     |2,453       |-372     |5,283.59     |0.00                   |
2020-07-02 |CJ103        |10,460.00  |0.00     |0.00     |0.00     |0.00     |10,460.00 |0.00      |0.00      |0         |377         |0        |0.00         |0.00                   |
2020-07-02 |CJ105        |10,430.00  |10,470.00|10,470.00|10,470.00|10,470.00|10,470.00 |40.00     |40.00     |1         |18          |0        |5.24         |0.00                   |
2020-07-03 |CJ007        |9,330.00   |0.00     |0.00     |0.00     |0.00     |9,405.00  |75.00     |75.00     |0         |16          |0        |0.00         |9,425.00               |
2020-07-03 |CJ009        |9,730.00   |9,765.00 |9,855.00 |9,765.00 |9,805.00 |9,805.00  |75.00     |75.00     |12,810    |16,734      |-2,029   |62,816.30    |0.00                   |
2020-07-03 |CJ012        |10,415.00  |10,405.00|10,455.00|10,405.00|10,455.00|10,440.00 |40.00     |25.00     |111       |2,488       |11       |579.34       |0.00                   |
2020-07-03 |CJ101        |10,495.00  |10,485.00|10,550.00|10,485.00|10,550.00|10,515.00 |55.00     |20.00     |585       |2,392       |-61      |3,076.14     |0.00                   |
2020-07-03 |CJ103        |10,460.00  |0.00     |0.00     |0.00     |0.00     |10,495.00 |35.00     |35.00     |0         |377         |0        |0.00         |0.00                   |
2020-07-03 |CJ105        |10,470.00  |10,420.00|10,430.00|10,420.00|10,430.00|10,425.00 |-40.00    |-45.00    |4         |18          |0        |20.85        |0.00                   |
2020-07-06 |CJ007        |9,405.00   |0.00     |0.00     |0.00     |0.00     |9,420.00  |15.00     |15.00     |0         |16          |0        |0.00         |9,410.00               |
2020-07-06 |CJ009        |9,805.00   |9,825.00 |9,835.00 |9,785.00 |9,810.00 |9,805.00  |5.00      |0.00      |8,294     |16,314      |-420     |40,666.13    |0.00                   |
2020-07-06 |CJ012        |10,440.00  |10,450.00|10,460.00|10,425.00|10,435.00|10,445.00 |-5.00     |5.00      |116       |2,518       |30       |605.77       |0.00                   |
2020-07-06 |CJ101        |10,515.00  |10,545.00|10,550.00|10,500.00|10,515.00|10,530.00 |0.00      |15.00     |266       |2,416       |24       |1,400.60     |0.00                   |
2020-07-06 |CJ103        |10,495.00  |0.00     |0.00     |0.00     |0.00     |10,495.00 |0.00      |0.00      |0         |377         |0        |0.00         |0.00                   |
2020-07-06 |CJ105        |10,425.00  |10,435.00|10,445.00|10,435.00|10,445.00|10,440.00 |20.00     |15.00     |5         |15          |-3       |26.10        |0.00                   |
2020-07-07 |CJ007        |9,420.00   |0.00     |0.00     |0.00     |0.00     |9,420.00  |0.00      |0.00      |0         |16          |0        |0.00         |9,390.00               |
2020-07-07 |CJ009        |9,805.00   |9,800.00 |9,845.00 |9,770.00 |9,810.00 |9,810.00  |5.00      |5.00      |10,513    |15,733      |-581     |51,557.35    |0.00                   |
2020-07-07 |CJ012        |10,445.00  |10,420.00|10,445.00|10,410.00|10,430.00|10,430.00 |-15.00    |-15.00    |54        |2,526       |8        |281.64       |0.00                   |
2020-07-07 |CJ101        |10,530.00  |10,500.00|10,535.00|10,500.00|10,515.00|10,515.00 |-15.00    |-15.00    |175       |2,422       |6        |920.07       |0.00                   |
2020-07-07 |CJ103        |10,495.00  |0.00     |0.00     |0.00     |0.00     |10,495.00 |0.00      |0.00      |0         |377         |0        |0.00         |0.00                   |
2020-07-07 |CJ105        |10,440.00  |0.00     |0.00     |0.00     |0.00     |10,440.00 |0.00      |0.00      |0         |15          |0        |0.00         |0.00                   |
2020-07-08 |CJ007        |9,420.00   |9,420.00 |9,420.00 |9,420.00 |9,420.00 |9,420.00  |0.00      |0.00      |1         |17          |1        |4.71         |9,375.00               |
2020-07-08 |CJ009        |9,810.00   |9,820.00 |9,830.00 |9,725.00 |9,800.00 |9,795.00  |-10.00    |-15.00    |11,446    |15,519      |-214     |56,057.37    |0.00                   |
2020-07-08 |CJ012        |10,430.00  |10,420.00|10,445.00|10,350.00|10,385.00|10,395.00 |-45.00    |-35.00    |110       |2,508       |-18      |571.59       |0.00                   |
2020-07-08 |CJ101        |10,515.00  |10,520.00|10,525.00|10,435.00|10,475.00|10,485.00 |-40.00    |-30.00    |434       |2,373       |-49      |2,275.73     |0.00                   |
2020-07-08 |CJ103        |10,495.00  |10,425.00|10,425.00|10,425.00|10,425.00|10,425.00 |-70.00    |-70.00    |1         |377         |0        |5.22         |0.00                   |
2020-07-08 |CJ105        |10,440.00  |10,470.00|10,470.00|10,425.00|10,435.00|10,445.00 |-5.00     |5.00      |3         |15          |0        |15.67        |0.00                   |
2020-07-09 |CJ007        |9,420.00   |9,515.00 |9,515.00 |9,510.00 |9,510.00 |9,510.00  |90.00     |90.00     |3         |13          |-4       |14.27        |9,380.00               |
2020-07-09 |CJ009        |9,795.00   |9,805.00 |9,835.00 |9,780.00 |9,795.00 |9,810.00  |0.00      |15.00     |10,628    |15,436      |-83      |52,119.15    |0.00                   |
2020-07-09 |CJ012        |10,395.00  |10,395.00|10,415.00|10,365.00|10,365.00|10,385.00 |-30.00    |-10.00    |51        |2,511       |3        |264.88       |0.00                   |
2020-07-09 |CJ101        |10,485.00  |10,475.00|10,495.00|10,440.00|10,445.00|10,465.00 |-40.00    |-20.00    |366       |2,293       |-80      |1,914.82     |0.00                   |
2020-07-09 |CJ103        |10,425.00  |0.00     |0.00     |0.00     |0.00     |10,425.00 |0.00      |0.00      |0         |377         |0        |0.00         |0.00                   |
2020-07-09 |CJ105        |10,445.00  |0.00     |0.00     |0.00     |0.00     |10,405.00 |-40.00    |-40.00    |0         |15          |0        |0.00         |0.00                   |
2020-07-10 |CJ007        |9,510.00   |9,370.00 |9,370.00 |9,370.00 |9,370.00 |9,370.00  |-140.00   |-140.00   |1         |14          |1        |4.69         |9,385.00               |
2020-07-10 |CJ009        |9,810.00   |9,770.00 |9,785.00 |9,585.00 |9,645.00 |9,655.00  |-165.00   |-155.00   |23,601    |17,211      |1,775    |113,957.93   |0.00                   |
2020-07-10 |CJ012        |10,385.00  |10,355.00|10,355.00|10,280.00|10,280.00|10,310.00 |-105.00   |-75.00    |345       |2,525       |14       |1,778.59     |0.00                   |
2020-07-10 |CJ101        |10,465.00  |10,430.00|10,430.00|10,355.00|10,355.00|10,390.00 |-110.00   |-75.00    |801       |2,266       |-27      |4,161.62     |0.00                   |
2020-07-10 |CJ103        |10,425.00  |10,375.00|10,375.00|10,375.00|10,375.00|10,375.00 |-50.00    |-50.00    |2         |376         |-1       |10.38        |0.00                   |
2020-07-10 |CJ105        |10,405.00  |10,360.00|10,360.00|10,310.00|10,310.00|10,345.00 |-95.00    |-60.00    |4         |15          |0        |20.69        |0.00                   |
2020-07-13 |CJ007        |9,370.00   |0.00     |0.00     |0.00     |0.00     |9,370.00  |0.00      |0.00      |0         |11          |-3       |0.00         |9,390.00               |
2020-07-13 |CJ009        |9,655.00   |9,650.00 |9,700.00 |9,635.00 |9,670.00 |9,665.00  |15.00     |10.00     |15,663    |16,351      |-860     |75,687.75    |0.00                   |
2020-07-13 |CJ012        |10,310.00  |10,290.00|10,320.00|10,290.00|10,290.00|10,305.00 |-20.00    |-5.00     |837       |2,385       |-140     |4,312.62     |0.00                   |
2020-07-13 |CJ101        |10,390.00  |10,380.00|10,410.00|10,370.00|10,395.00|10,390.00 |5.00      |0.00      |308       |2,271       |5        |1,599.75     |0.00                   |
2020-07-13 |CJ103        |10,375.00  |0.00     |0.00     |0.00     |0.00     |10,375.00 |0.00      |0.00      |0         |376         |0        |0.00         |0.00                   |
2020-07-13 |CJ105        |10,345.00  |10,320.00|10,320.00|10,305.00|10,305.00|10,315.00 |-40.00    |-30.00    |5         |16          |1        |25.79        |0.00                   |
2020-07-14 |CJ007        |9,370.00   |9,390.00 |9,390.00 |9,375.00 |9,375.00 |9,385.00  |5.00      |15.00     |2         |0           |-11      |9.39         |9,395.00               |
2020-07-14 |CJ009        |9,665.00   |9,655.00 |9,715.00 |9,620.00 |9,675.00 |9,675.00  |10.00     |10.00     |14,754    |16,030      |-321     |71,384.08    |0.00                   |
2020-07-14 |CJ012        |10,305.00  |10,295.00|10,360.00|10,290.00|10,320.00|10,325.00 |15.00     |20.00     |228       |2,368       |-17      |1,177.30     |0.00                   |
2020-07-14 |CJ101        |10,390.00  |10,370.00|10,445.00|10,370.00|10,415.00|10,410.00 |25.00     |20.00     |192       |2,221       |-50      |999.59       |0.00                   |
2020-07-14 |CJ103        |10,375.00  |10,390.00|10,390.00|10,390.00|10,390.00|10,390.00 |15.00     |15.00     |1         |377         |1        |5.20         |0.00                   |
2020-07-14 |CJ105        |10,315.00  |10,340.00|10,350.00|10,340.00|10,350.00|10,345.00 |35.00     |30.00     |2         |17          |1        |10.35        |0.00                   |
2020-07-15 |CJ009        |9,675.00   |9,680.00 |9,835.00 |9,670.00 |9,785.00 |9,770.00  |110.00    |95.00     |21,490    |15,725      |-305     |104,995.71   |0.00                   |
2020-07-15 |CJ012        |10,325.00  |10,320.00|10,450.00|10,320.00|10,410.00|10,390.00 |85.00     |65.00     |430       |2,359       |-9       |2,234.20     |0.00                   |
2020-07-15 |CJ101        |10,410.00  |10,415.00|10,580.00|10,395.00|10,490.00|10,490.00 |80.00     |80.00     |609       |2,207       |-14      |3,194.78     |0.00                   |
2020-07-15 |CJ103        |10,390.00  |0.00     |0.00     |0.00     |0.00     |10,410.00 |20.00     |20.00     |0         |377         |0        |0.00         |0.00                   |
2020-07-15 |CJ105        |10,345.00  |10,375.00|10,455.00|10,375.00|10,400.00|10,415.00 |55.00     |70.00     |8         |15          |-2       |41.66        |0.00                   |
2020-07-15 |CJ107        |10,345.00  |0.00     |0.00     |0.00     |0.00     |10,360.00 |15.00     |15.00     |0         |0           |0        |0.00         |0.00                   |
2020-07-16 |CJ009        |9,770.00   |9,760.00 |9,810.00 |9,735.00 |9,755.00 |9,770.00  |-15.00    |0.00      |9,199     |15,079      |-646     |44,947.73    |0.00                   |
2020-07-16 |CJ012        |10,390.00  |10,400.00|10,410.00|10,380.00|10,380.00|10,395.00 |-10.00    |5.00      |62        |2,359       |0        |322.26       |0.00                   |
2020-07-16 |CJ101        |10,490.00  |10,490.00|10,495.00|10,455.00|10,455.00|10,475.00 |-35.00    |-15.00    |98        |2,183       |-24      |513.37       |0.00                   |
2020-07-16 |CJ103        |10,410.00  |0.00     |0.00     |0.00     |0.00     |10,410.00 |0.00      |0.00      |0         |377         |0        |0.00         |0.00                   |
2020-07-16 |CJ105        |10,415.00  |10,400.00|10,400.00|10,385.00|10,385.00|10,395.00 |-30.00    |-20.00    |2         |15          |0        |10.40        |0.00                   |
2020-07-16 |CJ107        |10,360.00  |0.00     |0.00     |0.00     |0.00     |10,360.00 |0.00      |0.00      |0         |0           |0        |0.00         |0.00                   |
2020-07-17 |CJ009        |9,770.00   |9,765.00 |9,780.00 |9,300.00 |9,360.00 |9,535.00  |-410.00   |-235.00   |36,349    |18,337      |3,258    |173,305.84   |0.00                   |
2020-07-17 |CJ012        |10,395.00  |10,380.00|10,410.00|10,115.00|10,145.00|10,215.00 |-250.00   |-180.00   |457       |2,346       |-13      |2,333.99     |0.00                   |
2020-07-17 |CJ101        |10,475.00  |10,455.00|10,485.00|10,210.00|10,225.00|10,305.00 |-250.00   |-170.00   |817       |2,329       |146      |4,209.85     |0.00                   |
2020-07-17 |CJ103        |10,410.00  |10,395.00|10,395.00|10,240.00|10,240.00|10,300.00 |-170.00   |-110.00   |4         |374         |-3       |20.60        |0.00                   |
2020-07-17 |CJ105        |10,395.00  |10,365.00|10,365.00|10,195.00|10,195.00|10,250.00 |-200.00   |-145.00   |8         |17          |2        |41.01        |0.00                   |
2020-07-17 |CJ107        |10,360.00  |10,330.00|10,330.00|10,330.00|10,330.00|10,330.00 |-30.00    |-30.00    |1         |1           |1        |5.17         |0.00                   |
2020-07-20 |CJ009        |9,535.00   |9,395.00 |9,395.00 |9,170.00 |9,255.00 |9,270.00  |-280.00   |-265.00   |37,718    |20,172      |1,835    |174,830.06   |0.00                   |
2020-07-20 |CJ012        |10,215.00  |10,140.00|10,195.00|10,000.00|10,105.00|10,085.00 |-110.00   |-130.00   |565       |2,406       |60       |2,848.76     |0.00                   |
2020-07-20 |CJ101        |10,305.00  |10,245.00|10,275.00|10,060.00|10,185.00|10,160.00 |-120.00   |-145.00   |1,195     |2,483       |154      |6,070.61     |0.00                   |
2020-07-20 |CJ103        |10,300.00  |10,205.00|10,205.00|10,080.00|10,200.00|10,135.00 |-100.00   |-165.00   |17        |377         |3        |86.17        |0.00                   |
2020-07-20 |CJ105        |10,250.00  |10,170.00|10,170.00|10,015.00|10,130.00|10,095.00 |-120.00   |-155.00   |26        |30          |13       |131.23       |0.00                   |
2020-07-20 |CJ107        |10,330.00  |0.00     |0.00     |0.00     |0.00     |10,280.00 |-50.00    |-50.00    |0         |1           |0        |0.00         |0.00                   |
2020-07-21 |CJ009        |9,270.00   |9,240.00 |9,330.00 |9,240.00 |9,275.00 |9,275.00  |5.00      |5.00      |18,125    |19,389      |-783     |84,069.46    |0.00                   |
2020-07-21 |CJ012        |10,085.00  |10,105.00|10,170.00|10,085.00|10,150.00|10,130.00 |65.00     |45.00     |115       |2,416       |10       |582.42       |0.00                   |
2020-07-21 |CJ101        |10,160.00  |10,185.00|10,265.00|10,175.00|10,265.00|10,215.00 |105.00    |55.00     |437       |2,421       |-62      |2,232.37     |0.00                   |
2020-07-21 |CJ103        |10,135.00  |0.00     |0.00     |0.00     |0.00     |10,170.00 |35.00     |35.00     |0         |377         |0        |0.00         |0.00                   |
2020-07-21 |CJ105        |10,095.00  |0.00     |0.00     |0.00     |0.00     |10,140.00 |45.00     |45.00     |0         |30          |0        |0.00         |0.00                   |
2020-07-21 |CJ107        |10,280.00  |10,140.00|10,245.00|10,140.00|10,245.00|10,210.00 |-35.00    |-70.00    |3         |1           |0        |15.32        |0.00                   |
2020-07-22 |CJ009        |9,275.00   |9,280.00 |9,335.00 |9,100.00 |9,140.00 |9,245.00  |-135.00   |-30.00    |22,489    |19,763      |374      |103,967.00   |0.00                   |
2020-07-22 |CJ012        |10,130.00  |10,155.00|10,180.00|10,060.00|10,085.00|10,115.00 |-45.00    |-15.00    |256       |2,516       |100      |1,294.88     |0.00                   |
2020-07-22 |CJ101        |10,215.00  |10,225.00|10,280.00|10,155.00|10,160.00|10,215.00 |-55.00    |0.00      |569       |2,552       |131      |2,906.00     |0.00                   |
2020-07-22 |CJ103        |10,170.00  |10,215.00|10,225.00|10,200.00|10,200.00|10,220.00 |30.00     |50.00     |102       |479         |102      |521.21       |0.00                   |
2020-07-22 |CJ105        |10,140.00  |10,165.00|10,165.00|10,100.00|10,100.00|10,125.00 |-40.00    |-15.00    |14        |31          |1        |70.89        |0.00                   |
2020-07-22 |CJ107        |10,210.00  |0.00     |0.00     |0.00     |0.00     |10,210.00 |0.00      |0.00      |0         |1           |0        |0.00         |0.00                   |
2020-07-23 |CJ009        |9,245.00   |9,155.00 |9,220.00 |9,015.00 |9,145.00 |9,105.00  |-100.00   |-140.00   |30,938    |20,212      |449      |140,836.39   |0.00                   |
2020-07-23 |CJ012        |10,115.00  |10,075.00|10,120.00|9,985.00 |9,985.00 |10,035.00 |-130.00   |-80.00    |352       |2,494       |-22      |1,766.51     |0.00                   |
2020-07-23 |CJ101        |10,215.00  |10,180.00|10,220.00|10,075.00|10,080.00|10,135.00 |-135.00   |-80.00    |844       |2,677       |125      |4,277.15     |0.00                   |
2020-07-23 |CJ103        |10,220.00  |0.00     |0.00     |0.00     |0.00     |10,135.00 |-85.00    |-85.00    |0         |479         |0        |0.00         |0.00                   |
2020-07-23 |CJ105        |10,125.00  |10,020.00|10,075.00|10,020.00|10,075.00|10,050.00 |-50.00    |-75.00    |5         |32          |1        |25.12        |0.00                   |
2020-07-23 |CJ107        |10,210.00  |10,080.00|10,080.00|10,080.00|10,080.00|10,080.00 |-130.00   |-130.00   |1         |2           |1        |5.04         |0.00                   |
2020-07-24 |CJ009        |9,105.00   |9,130.00 |9,280.00 |8,980.00 |9,185.00 |9,145.00  |80.00     |40.00     |34,484    |17,772      |-2,440   |157,692.53   |0.00                   |
2020-07-24 |CJ012        |10,035.00  |10,010.00|10,045.00|9,910.00 |9,985.00 |9,985.00  |-50.00    |-50.00    |263       |2,444       |-50      |1,312.78     |0.00                   |
2020-07-24 |CJ101        |10,135.00  |10,105.00|10,135.00|10,000.00|10,075.00|10,065.00 |-60.00    |-70.00    |1,415     |2,853       |176      |7,119.44     |0.00                   |
2020-07-24 |CJ103        |10,135.00  |10,025.00|10,025.00|10,025.00|10,025.00|10,025.00 |-110.00   |-110.00   |1         |479         |0        |5.02         |0.00                   |
2020-07-24 |CJ105        |10,050.00  |10,035.00|10,035.00|9,920.00 |9,970.00 |9,980.00  |-80.00    |-70.00    |21        |35          |3        |104.79       |0.00                   |
2020-07-24 |CJ107        |10,080.00  |0.00     |0.00     |0.00     |0.00     |10,080.00 |0.00      |0.00      |0         |2           |0        |0.00         |0.00                   |
2020-07-27 |CJ009        |9,145.00   |9,180.00 |9,325.00 |9,145.00 |9,180.00 |9,230.00  |35.00     |85.00     |23,861    |17,382      |-390     |110,133.17   |0.00                   |
2020-07-27 |CJ012        |9,985.00   |10,005.00|10,025.00|9,950.00 |9,975.00 |9,990.00  |-10.00    |5.00      |266       |2,419       |-25      |1,328.97     |0.00                   |
2020-07-27 |CJ101        |10,065.00  |10,075.00|10,095.00|10,035.00|10,045.00|10,060.00 |-20.00    |-5.00     |650       |2,866       |13       |3,269.81     |0.00                   |
2020-07-27 |CJ103        |10,025.00  |10,080.00|10,080.00|10,080.00|10,080.00|10,080.00 |55.00     |55.00     |1         |478         |-1       |5.04         |0.00                   |
2020-07-27 |CJ105        |9,980.00   |10,035.00|10,035.00|9,995.00 |9,995.00 |10,010.00 |15.00     |30.00     |9         |38          |3        |45.04        |0.00                   |
2020-07-27 |CJ107        |10,080.00  |10,200.00|10,200.00|10,200.00|10,200.00|10,200.00 |120.00    |120.00    |1         |1           |-1       |5.10         |0.00                   |
2020-07-28 |CJ009        |9,230.00   |9,180.00 |9,260.00 |9,135.00 |9,170.00 |9,205.00  |-60.00    |-25.00    |13,640    |16,764      |-618     |62,766.59    |0.00                   |
2020-07-28 |CJ012        |9,990.00   |9,965.00 |10,005.00|9,930.00 |9,930.00 |9,950.00  |-60.00    |-40.00    |236       |2,339       |-80      |1,174.19     |0.00                   |
2020-07-28 |CJ101        |10,060.00  |10,035.00|10,080.00|9,980.00 |9,980.00 |10,015.00 |-80.00    |-45.00    |622       |3,017       |151      |3,115.31     |0.00                   |
2020-07-28 |CJ103        |10,080.00  |10,055.00|10,055.00|10,055.00|10,055.00|10,055.00 |-25.00    |-25.00    |1         |477         |-1       |5.03         |0.00                   |
2020-07-28 |CJ105        |10,010.00  |10,035.00|10,035.00|9,965.00 |9,965.00 |9,980.00  |-45.00    |-30.00    |9         |45          |7        |44.91        |0.00                   |
2020-07-28 |CJ107        |10,200.00  |0.00     |0.00     |0.00     |0.00     |10,090.00 |-110.00   |-110.00   |0         |1           |0        |0.00         |0.00                   |
2020-07-29 |CJ009        |9,205.00   |9,175.00 |9,230.00 |9,050.00 |9,170.00 |9,140.00  |-35.00    |-65.00    |20,203    |16,785      |21       |92,346.45    |0.00                   |
2020-07-29 |CJ012        |9,950.00   |9,930.00 |9,960.00 |9,900.00 |9,905.00 |9,925.00  |-45.00    |-25.00    |343       |2,205       |-134     |1,702.32     |0.00                   |
2020-07-29 |CJ101        |10,015.00  |9,980.00 |10,020.00|9,950.00 |9,970.00 |9,985.00  |-45.00    |-30.00    |1,121     |2,896       |-121     |5,595.21     |0.00                   |
2020-07-29 |CJ103        |10,055.00  |10,010.00|10,010.00|10,010.00|10,010.00|10,010.00 |-45.00    |-45.00    |126       |351         |-126     |630.63       |0.00                   |
2020-07-29 |CJ105        |9,980.00   |9,920.00 |9,975.00 |9,920.00 |9,955.00 |9,960.00  |-25.00    |-20.00    |9         |52          |7        |44.82        |0.00                   |
2020-07-29 |CJ107        |10,090.00  |0.00     |0.00     |0.00     |0.00     |10,090.00 |0.00      |0.00      |0         |1           |0        |0.00         |0.00                   |
2020-07-30 |CJ009        |9,140.00   |9,165.00 |9,280.00 |9,140.00 |9,225.00 |9,210.00  |85.00     |70.00     |20,086    |14,938      |-1,847   |92,486.79    |0.00                   |
2020-07-30 |CJ012        |9,925.00   |9,905.00 |9,940.00 |9,870.00 |9,880.00 |9,905.00  |-45.00    |-20.00    |77        |2,209       |4        |381.40       |0.00                   |
2020-07-30 |CJ101        |9,985.00   |9,970.00 |10,010.00|9,925.00 |9,925.00 |9,970.00  |-60.00    |-15.00    |762       |3,210       |314      |3,797.94     |0.00                   |
2020-07-30 |CJ103        |10,010.00  |0.00     |0.00     |0.00     |0.00     |9,980.00  |-30.00    |-30.00    |0         |351         |0        |0.00         |0.00                   |
2020-07-30 |CJ105        |9,960.00   |9,990.00 |9,990.00 |9,925.00 |9,925.00 |9,940.00  |-35.00    |-20.00    |7         |58          |6        |34.80        |0.00                   |
2020-07-30 |CJ107        |10,090.00  |0.00     |0.00     |0.00     |0.00     |10,090.00 |0.00      |0.00      |0         |1           |0        |0.00         |0.00                   |
2020-07-31 |CJ009        |9,210.00   |9,230.00 |9,365.00 |9,230.00 |9,260.00 |9,290.00  |50.00     |80.00     |24,659    |12,406      |-2,532   |114,550.56   |0.00                   |
2020-07-31 |CJ012        |9,905.00   |9,880.00 |9,950.00 |9,870.00 |9,875.00 |9,915.00  |-30.00    |10.00     |277       |2,157       |-52      |1,373.29     |0.00                   |
2020-07-31 |CJ101        |9,970.00   |9,930.00 |10,000.00|9,910.00 |9,925.00 |9,960.00  |-45.00    |-10.00    |1,189     |3,549       |339      |5,920.00     |0.00                   |
2020-07-31 |CJ103        |9,980.00   |9,955.00 |9,955.00 |9,950.00 |9,950.00 |9,955.00  |-30.00    |-25.00    |2         |349         |-2       |9.96         |0.00                   |
2020-07-31 |CJ105        |9,940.00   |9,840.00 |9,980.00 |9,840.00 |9,945.00 |9,845.00  |5.00      |-95.00    |308       |359         |301      |1,515.80     |0.00                   |
2020-07-31 |CJ107        |10,090.00  |0.00     |0.00     |0.00     |0.00     |10,090.00 |0.00      |0.00      |0         |1           |0        |0.00         |0.00                   |
2020-08-03 |CJ009        |9,290.00   |9,250.00 |9,275.00 |9,120.00 |9,190.00 |9,185.00  |-100.00   |-105.00   |12,239    |11,163      |-1,243   |56,198.85    |0.00                   |
2020-08-03 |CJ012        |9,915.00   |9,840.00 |9,875.00 |9,790.00 |9,810.00 |9,820.00  |-105.00   |-95.00    |177       |2,181       |24       |869.21       |0.00                   |
2020-08-03 |CJ101        |9,960.00   |9,935.00 |9,945.00 |9,860.00 |9,890.00 |9,900.00  |-70.00    |-60.00    |2,051     |4,188       |639      |10,152.41    |0.00                   |
2020-08-03 |CJ103        |9,955.00   |0.00     |0.00     |0.00     |0.00     |9,920.00  |-35.00    |-35.00    |0         |349         |0        |0.00         |0.00                   |
2020-08-03 |CJ105        |9,845.00   |9,910.00 |9,910.00 |9,880.00 |9,880.00 |9,895.00  |35.00     |50.00     |9         |365         |6        |44.52        |0.00                   |
2020-08-03 |CJ107        |10,090.00  |9,880.00 |9,880.00 |9,880.00 |9,880.00 |9,880.00  |-210.00   |-210.00   |1         |2           |1        |4.94         |0.00                   |
2020-08-04 |CJ009        |9,185.00   |9,185.00 |9,215.00 |9,130.00 |9,160.00 |9,180.00  |-25.00    |-5.00     |7,961     |11,283      |120      |36,533.45    |0.00                   |
2020-08-04 |CJ012        |9,820.00   |9,810.00 |9,880.00 |9,800.00 |9,860.00 |9,845.00  |40.00     |25.00     |200       |2,111       |-70      |984.59       |0.00                   |
2020-08-04 |CJ101        |9,900.00   |9,880.00 |9,930.00 |9,875.00 |9,915.00 |9,905.00  |15.00     |5.00      |1,036     |4,276       |88       |5,130.07     |0.00                   |
2020-08-04 |CJ103        |9,920.00   |0.00     |0.00     |0.00     |0.00     |9,920.00  |0.00      |0.00      |0         |349         |0        |0.00         |0.00                   |
2020-08-04 |CJ105        |9,895.00   |9,880.00 |9,930.00 |9,880.00 |9,925.00 |9,910.00  |30.00     |15.00     |14        |371         |6        |69.36        |0.00                   |
2020-08-04 |CJ107        |9,880.00   |9,880.00 |10,030.00|9,880.00 |10,030.00|9,940.00  |150.00    |60.00     |3         |1           |-1       |14.91        |0.00                   |
2020-08-05 |CJ009        |9,180.00   |9,155.00 |9,350.00 |9,125.00 |9,190.00 |9,240.00  |10.00     |60.00     |16,305    |10,573      |-710     |75,347.04    |0.00                   |
2020-08-05 |CJ012        |9,845.00   |9,850.00 |9,960.00 |9,850.00 |9,925.00 |9,905.00  |80.00     |60.00     |222       |2,028       |-83      |1,099.35     |0.00                   |
2020-08-05 |CJ101        |9,905.00   |9,900.00 |10,010.00|9,900.00 |9,980.00 |9,960.00  |75.00     |55.00     |1,817     |4,216       |-60      |9,050.10     |0.00                   |
2020-08-05 |CJ103        |9,920.00   |9,985.00 |9,985.00 |9,985.00 |9,985.00 |9,985.00  |65.00     |65.00     |1         |349         |0        |5.00         |0.00                   |
2020-08-05 |CJ105        |9,910.00   |9,970.00 |9,995.00 |9,960.00 |9,960.00 |9,975.00  |50.00     |65.00     |4         |371         |0        |19.96        |0.00                   |
2020-08-05 |CJ107        |9,940.00   |0.00     |0.00     |0.00     |0.00     |9,940.00  |0.00      |0.00      |0         |1           |0        |0.00         |0.00                   |
2020-08-06 |CJ009        |9,240.00   |9,185.00 |9,295.00 |8,880.00 |8,895.00 |9,040.00  |-345.00   |-200.00   |30,544    |11,647      |1,074    |138,068.64   |0.00                   |
2020-08-06 |CJ012        |9,905.00   |9,930.00 |9,945.00 |9,700.00 |9,755.00 |9,785.00  |-150.00   |-120.00   |546       |1,903       |-125     |2,671.05     |0.00                   |
2020-08-06 |CJ101        |9,960.00   |9,990.00 |9,990.00 |9,590.00 |9,650.00 |9,765.00  |-310.00   |-195.00   |5,227     |5,525       |1,309    |25,523.17    |0.00                   |
2020-08-06 |CJ103        |9,985.00   |9,845.00 |9,845.00 |9,710.00 |9,710.00 |9,775.00  |-275.00   |-210.00   |11        |351         |2        |53.76        |0.00                   |
2020-08-06 |CJ105        |9,975.00   |9,935.00 |9,935.00 |9,705.00 |9,705.00 |9,760.00  |-270.00   |-215.00   |38        |390         |19       |185.47       |0.00                   |
2020-08-06 |CJ107        |9,940.00   |9,820.00 |9,820.00 |9,820.00 |9,820.00 |9,820.00  |-120.00   |-120.00   |1         |1           |0        |4.91         |0.00                   |
2020-08-07 |CJ009        |9,040.00   |8,925.00 |8,955.00 |8,755.00 |8,890.00 |8,875.00  |-150.00   |-165.00   |20,009    |10,024      |-1,623   |88,777.85    |0.00                   |
2020-08-07 |CJ012        |9,785.00   |9,710.00 |9,860.00 |9,700.00 |9,845.00 |9,785.00  |60.00     |0.00      |252       |1,766       |-137     |1,232.64     |0.00                   |
2020-08-07 |CJ101        |9,765.00   |9,680.00 |9,760.00 |9,595.00 |9,735.00 |9,675.00  |-30.00    |-90.00    |4,087     |6,058       |533      |19,769.70    |0.00                   |
2020-08-07 |CJ103        |9,775.00   |9,730.00 |9,730.00 |9,705.00 |9,710.00 |9,715.00  |-65.00    |-60.00    |3         |349         |-2       |14.58        |0.00                   |
2020-08-07 |CJ105        |9,760.00   |9,645.00 |9,760.00 |9,625.00 |9,760.00 |9,705.00  |0.00      |-55.00    |16        |397         |7        |77.64        |0.00                   |
2020-08-07 |CJ107        |9,820.00   |9,765.00 |9,810.00 |9,765.00 |9,810.00 |9,790.00  |-10.00    |-30.00    |2         |2           |1        |9.79         |0.00                   |
2020-08-10 |CJ009        |8,875.00   |8,875.00 |9,320.00 |8,855.00 |9,300.00 |9,110.00  |425.00    |235.00    |29,714    |9,336       |-688     |135,314.13   |0.00                   |
2020-08-10 |CJ012        |9,785.00   |9,840.00 |9,985.00 |9,785.00 |9,930.00 |9,855.00  |145.00    |70.00     |305       |1,807       |41       |1,502.86     |0.00                   |
2020-08-10 |CJ101        |9,675.00   |9,700.00 |9,890.00 |9,625.00 |9,810.00 |9,745.00  |135.00    |70.00     |6,460     |6,515       |457      |31,477.15    |0.00                   |
2020-08-10 |CJ103        |9,715.00   |9,765.00 |9,860.00 |9,710.00 |9,860.00 |9,785.00  |145.00    |70.00     |7         |347         |-2       |34.25        |0.00                   |
2020-08-10 |CJ105        |9,705.00   |9,755.00 |9,900.00 |9,725.00 |9,850.00 |9,800.00  |145.00    |95.00     |29        |397         |0        |142.12       |0.00                   |
2020-08-10 |CJ107        |9,790.00   |9,820.00 |9,895.00 |9,795.00 |9,895.00 |9,835.00  |105.00    |45.00     |3         |3           |1        |14.76        |0.00                   |
2020-08-11 |CJ009        |9,110.00   |9,290.00 |9,530.00 |9,280.00 |9,350.00 |9,410.00  |240.00    |300.00    |42,983    |8,476       |-860     |202,192.48   |0.00                   |
2020-08-11 |CJ012        |9,855.00   |9,970.00 |10,020.00|9,845.00 |9,910.00 |9,960.00  |55.00     |105.00    |169       |1,810       |3        |841.51       |0.00                   |
2020-08-11 |CJ101        |9,745.00   |9,850.00 |9,945.00 |9,680.00 |9,770.00 |9,850.00  |25.00     |105.00    |5,713     |6,499       |-16      |28,138.99    |0.00                   |
2020-08-11 |CJ103        |9,785.00   |9,945.00 |9,955.00 |9,855.00 |9,855.00 |9,915.00  |70.00     |130.00    |13        |350         |3        |64.44        |0.00                   |
2020-08-11 |CJ105        |9,800.00   |9,885.00 |10,060.00|9,840.00 |9,855.00 |9,940.00  |55.00     |140.00    |42        |399         |2        |208.75       |0.00                   |
2020-08-11 |CJ107        |9,835.00   |9,950.00 |9,965.00 |9,950.00 |9,965.00 |9,960.00  |130.00    |125.00    |2         |3           |0        |9.96         |0.00                   |
2020-08-12 |CJ009        |9,410.00   |9,315.00 |9,375.00 |9,150.00 |9,180.00 |9,230.00  |-230.00   |-180.00   |24,011    |7,454       |-1,022   |110,804.83   |0.00                   |
2020-08-12 |CJ012        |9,960.00   |9,915.00 |9,935.00 |9,865.00 |9,905.00 |9,900.00  |-55.00    |-60.00    |90        |1,773       |-37      |445.52       |0.00                   |
2020-08-12 |CJ101        |9,850.00   |9,745.00 |9,800.00 |9,740.00 |9,760.00 |9,770.00  |-90.00    |-80.00    |2,157     |6,390       |-109     |10,536.18    |0.00                   |
2020-08-12 |CJ103        |9,915.00   |0.00     |0.00     |0.00     |0.00     |9,850.00  |-65.00    |-65.00    |0         |350         |0        |0.00         |0.00                   |
2020-08-12 |CJ105        |9,940.00   |9,840.00 |9,840.00 |9,800.00 |9,840.00 |9,820.00  |-100.00   |-120.00   |12        |400         |1        |58.93        |0.00                   |
2020-08-12 |CJ107        |9,960.00   |0.00     |0.00     |0.00     |0.00     |9,920.00  |-40.00    |-40.00    |0         |3           |0        |0.00         |0.00                   |
2020-08-13 |CJ009        |9,230.00   |9,220.00 |9,330.00 |9,205.00 |9,230.00 |9,260.00  |0.00      |30.00     |14,936    |6,281       |-1,173   |69,139.79    |0.00                   |
2020-08-13 |CJ012        |9,900.00   |9,930.00 |9,980.00 |9,895.00 |9,950.00 |9,940.00  |50.00     |40.00     |125       |1,781       |8        |621.17       |0.00                   |
2020-08-13 |CJ101        |9,770.00   |9,760.00 |9,885.00 |9,750.00 |9,880.00 |9,840.00  |110.00    |70.00     |3,958     |6,302       |-88      |19,468.70    |0.00                   |
2020-08-13 |CJ103        |9,850.00   |0.00     |0.00     |0.00     |0.00     |9,915.00  |65.00     |65.00     |0         |350         |0        |0.00         |0.00                   |
2020-08-13 |CJ105        |9,820.00   |9,860.00 |9,910.00 |9,860.00 |9,910.00 |9,890.00  |90.00     |70.00     |11        |396         |-4       |54.41        |0.00                   |
2020-08-13 |CJ107        |9,920.00   |9,875.00 |9,980.00 |9,875.00 |9,980.00 |9,930.00  |60.00     |10.00     |2         |2           |-1       |9.93         |0.00                   |
2020-08-14 |CJ009        |9,260.00   |9,230.00 |9,265.00 |8,980.00 |9,005.00 |9,095.00  |-255.00   |-165.00   |16,239    |5,465       |-816     |73,830.03    |0.00                   |
2020-08-14 |CJ012        |9,940.00   |9,935.00 |9,960.00 |9,905.00 |9,920.00 |9,935.00  |-20.00    |-5.00     |104       |1,768       |-13      |516.56       |0.00                   |
2020-08-14 |CJ101        |9,840.00   |9,885.00 |9,900.00 |9,805.00 |9,850.00 |9,850.00  |10.00     |10.00     |3,561     |6,590       |288      |17,542.09    |0.00                   |
2020-08-14 |CJ103        |9,915.00   |9,885.00 |9,885.00 |9,885.00 |9,885.00 |9,885.00  |-30.00    |-30.00    |1         |350         |0        |4.95         |0.00                   |
2020-08-14 |CJ105        |9,890.00   |9,875.00 |9,895.00 |9,830.00 |9,830.00 |9,875.00  |-60.00    |-15.00    |11        |398         |2        |54.33        |0.00                   |
2020-08-14 |CJ107        |9,930.00   |9,900.00 |9,990.00 |9,900.00 |9,990.00 |9,945.00  |60.00     |15.00     |2         |2           |0        |9.95         |0.00                   |
2020-08-17 |CJ009        |9,095.00   |9,030.00 |9,050.00 |8,925.00 |9,000.00 |9,005.00  |-95.00    |-90.00    |8,077     |4,704       |-761     |36,374.19    |0.00                   |
2020-08-17 |CJ012        |9,935.00   |9,920.00 |9,970.00 |9,885.00 |9,885.00 |9,905.00  |-50.00    |-30.00    |81        |1,755       |-13      |401.19       |0.00                   |
2020-08-17 |CJ101        |9,850.00   |9,860.00 |9,880.00 |9,775.00 |9,805.00 |9,810.00  |-45.00    |-40.00    |4,289     |6,779       |189      |21,037.45    |0.00                   |
2020-08-17 |CJ103        |9,885.00   |0.00     |0.00     |0.00     |0.00     |9,885.00  |0.00      |0.00      |0         |350         |0        |0.00         |0.00                   |
2020-08-17 |CJ105        |9,875.00   |9,875.00 |9,875.00 |9,860.00 |9,860.00 |9,870.00  |-15.00    |-5.00     |2         |398         |0        |9.87         |0.00                   |
2020-08-17 |CJ107        |9,945.00   |9,820.00 |9,820.00 |9,820.00 |9,820.00 |9,820.00  |-125.00   |-125.00   |300       |302         |300      |1,473.00     |0.00                   |
2020-08-18 |CJ009        |9,005.00   |9,000.00 |9,165.00 |8,985.00 |8,990.00 |9,075.00  |-15.00    |70.00     |7,961     |4,226       |-478     |36,131.85    |0.00                   |
2020-08-18 |CJ012        |9,905.00   |9,920.00 |9,945.00 |9,885.00 |9,930.00 |9,920.00  |25.00     |15.00     |83        |1,780       |25       |411.63       |0.00                   |
2020-08-18 |CJ101        |9,810.00   |9,800.00 |9,850.00 |9,770.00 |9,800.00 |9,815.00  |-10.00    |5.00      |3,227     |7,038       |259      |15,840.17    |0.00                   |
2020-08-18 |CJ103        |9,885.00   |9,845.00 |9,845.00 |9,845.00 |9,845.00 |9,845.00  |-40.00    |-40.00    |1         |350         |0        |4.93         |0.00                   |
2020-08-18 |CJ105        |9,870.00   |9,890.00 |9,890.00 |9,840.00 |9,840.00 |9,875.00  |-30.00    |5.00      |5         |401         |3        |24.69        |0.00                   |
2020-08-18 |CJ107        |9,820.00   |9,960.00 |9,960.00 |9,960.00 |9,960.00 |9,960.00  |140.00    |140.00    |1         |303         |1        |4.98         |0.00                   |
2020-08-19 |CJ009        |9,075.00   |9,010.00 |9,075.00 |8,910.00 |9,070.00 |9,005.00  |-5.00     |-70.00    |5,886     |3,963       |-263     |26,500.58    |0.00                   |
2020-08-19 |CJ012        |9,920.00   |9,930.00 |9,955.00 |9,875.00 |9,955.00 |9,920.00  |35.00     |0.00      |96        |1,776       |-4       |476.22       |0.00                   |
2020-08-19 |CJ101        |9,815.00   |9,820.00 |9,825.00 |9,750.00 |9,825.00 |9,790.00  |10.00     |-25.00    |3,222     |7,355       |317      |15,772.66    |0.00                   |
2020-08-19 |CJ103        |9,845.00   |0.00     |0.00     |0.00     |0.00     |9,860.00  |15.00     |15.00     |0         |350         |0        |0.00         |0.00                   |
2020-08-19 |CJ105        |9,875.00   |9,885.00 |9,885.00 |9,820.00 |9,860.00 |9,845.00  |-15.00    |-30.00    |5         |403         |2        |24.62        |0.00                   |
2020-08-19 |CJ107        |9,960.00   |0.00     |0.00     |0.00     |0.00     |9,960.00  |0.00      |0.00      |0         |303         |0        |0.00         |0.00                   |
2020-08-20 |CJ009        |9,005.00   |9,055.00 |9,115.00 |8,930.00 |8,930.00 |9,025.00  |-75.00    |20.00     |5,023     |3,567       |-396     |22,668.61    |0.00                   |
2020-08-20 |CJ012        |9,920.00   |9,950.00 |9,965.00 |9,825.00 |9,845.00 |9,885.00  |-75.00    |-35.00    |168       |1,736       |-40      |830.37       |0.00                   |
2020-08-20 |CJ101        |9,790.00   |9,825.00 |9,840.00 |9,620.00 |9,690.00 |9,750.00  |-100.00   |-40.00    |5,403     |8,279       |924      |26,334.44    |0.00                   |
2020-08-20 |CJ103        |9,860.00   |9,770.00 |9,770.00 |9,770.00 |9,770.00 |9,770.00  |-90.00    |-90.00    |1         |350         |0        |4.89         |0.00                   |
2020-08-20 |CJ105        |9,845.00   |9,930.00 |9,930.00 |9,690.00 |9,715.00 |9,765.00  |-130.00   |-80.00    |40        |423         |20       |195.33       |0.00                   |
2020-08-20 |CJ107        |9,960.00   |0.00     |0.00     |0.00     |0.00     |9,895.00  |-65.00    |-65.00    |0         |303         |0        |0.00         |0.00                   |
2020-08-21 |CJ009        |9,025.00   |8,975.00 |9,380.00 |8,910.00 |8,950.00 |8,965.00  |-75.00    |-60.00    |2,768     |2,907       |-660     |12,408.66    |0.00                   |
2020-08-21 |CJ012        |9,885.00   |9,855.00 |9,875.00 |9,730.00 |9,805.00 |9,800.00  |-80.00    |-85.00    |192       |1,744       |8        |940.81       |0.00                   |
2020-08-21 |CJ101        |9,750.00   |9,660.00 |9,715.00 |9,520.00 |9,550.00 |9,580.00  |-200.00   |-170.00   |20,628    |12,215      |3,936    |98,827.89    |0.00                   |
2020-08-21 |CJ103        |9,770.00   |9,740.00 |9,760.00 |9,640.00 |9,640.00 |9,710.00  |-130.00   |-60.00    |6         |353         |3        |29.13        |0.00                   |
2020-08-21 |CJ105        |9,765.00   |9,775.00 |9,775.00 |9,600.00 |9,605.00 |9,655.00  |-160.00   |-110.00   |53        |448         |25       |255.80       |0.00                   |
2020-08-21 |CJ107        |9,895.00   |9,660.00 |9,660.00 |9,660.00 |9,660.00 |9,660.00  |-235.00   |-235.00   |1         |303         |0        |4.83         |0.00                   |
2020-08-24 |CJ009        |8,965.00   |8,920.00 |8,990.00 |8,900.00 |8,915.00 |8,950.00  |-50.00    |-15.00    |1,054     |2,610       |-297     |4,715.56     |0.00                   |
2020-08-24 |CJ012        |9,800.00   |9,820.00 |9,930.00 |9,775.00 |9,850.00 |9,860.00  |50.00     |60.00     |138       |1,719       |-25      |680.27       |0.00                   |
2020-08-24 |CJ101        |9,580.00   |9,550.00 |9,730.00 |9,520.00 |9,705.00 |9,635.00  |125.00    |55.00     |23,292    |11,408      |-807     |112,213.01   |0.00                   |
2020-08-24 |CJ103        |9,710.00   |0.00     |0.00     |0.00     |0.00     |9,750.00  |40.00     |40.00     |0         |353         |0        |0.00         |0.00                   |
2020-08-24 |CJ105        |9,655.00   |9,650.00 |9,790.00 |9,650.00 |9,745.00 |9,710.00  |90.00     |55.00     |45        |454         |6        |218.51       |0.00                   |
2020-08-24 |CJ107        |9,660.00   |9,780.00 |9,810.00 |9,780.00 |9,810.00 |9,795.00  |150.00    |135.00    |2         |304         |1        |9.80         |0.00                   |
2020-08-25 |CJ009        |8,950.00   |8,935.00 |8,990.00 |8,800.00 |8,855.00 |8,870.00  |-95.00    |-80.00    |1,189     |2,160       |-450     |5,273.28     |0.00                   |
2020-08-25 |CJ012        |9,860.00   |9,920.00 |9,950.00 |9,865.00 |9,915.00 |9,910.00  |55.00     |50.00     |114       |1,718       |-1       |564.84       |0.00                   |
2020-08-25 |CJ101        |9,635.00   |9,675.00 |9,780.00 |9,665.00 |9,710.00 |9,720.00  |75.00     |85.00     |22,617    |10,538      |-870     |109,937.48   |0.00                   |
2020-08-25 |CJ103        |9,750.00   |9,770.00 |9,770.00 |9,770.00 |9,770.00 |9,770.00  |20.00     |20.00     |1         |353         |0        |4.89         |0.00                   |
2020-08-25 |CJ105        |9,710.00   |9,760.00 |9,820.00 |9,750.00 |9,795.00 |9,775.00  |85.00     |65.00     |56        |470         |16       |273.76       |0.00                   |
2020-08-25 |CJ107        |9,795.00   |9,780.00 |9,885.00 |9,780.00 |9,885.00 |9,835.00  |90.00     |40.00     |2         |305         |1        |9.84         |0.00                   |
2020-08-26 |CJ009        |8,870.00   |8,830.00 |8,830.00 |8,670.00 |8,680.00 |8,750.00  |-190.00   |-120.00   |859       |1,893       |-267     |3,757.58     |0.00                   |
2020-08-26 |CJ012        |9,910.00   |9,915.00 |9,915.00 |9,840.00 |9,850.00 |9,870.00  |-60.00    |-40.00    |111       |1,728       |10       |547.90       |0.00                   |
2020-08-26 |CJ101        |9,720.00   |9,690.00 |9,730.00 |9,630.00 |9,680.00 |9,670.00  |-40.00    |-50.00    |17,124    |11,168      |630      |82,784.18    |0.00                   |
2020-08-26 |CJ103        |9,770.00   |0.00     |0.00     |0.00     |0.00     |9,770.00  |0.00      |0.00      |0         |353         |0        |0.00         |0.00                   |
2020-08-26 |CJ105        |9,775.00   |9,770.00 |9,800.00 |9,720.00 |9,750.00 |9,750.00  |-25.00    |-25.00    |28        |480         |10       |136.49       |0.00                   |
2020-08-26 |CJ107        |9,835.00   |9,815.00 |9,815.00 |9,815.00 |9,815.00 |9,815.00  |-20.00    |-20.00    |1         |306         |1        |4.91         |0.00                   |
2020-08-27 |CJ009        |8,750.00   |8,700.00 |8,715.00 |8,500.00 |8,510.00 |8,585.00  |-240.00   |-165.00   |980       |1,560       |-333     |4,207.03     |0.00                   |
2020-08-27 |CJ012        |9,870.00   |9,870.00 |9,880.00 |9,755.00 |9,770.00 |9,815.00  |-100.00   |-55.00    |277       |1,709       |-19      |1,359.45     |0.00                   |
2020-08-27 |CJ101        |9,670.00   |9,715.00 |9,730.00 |9,660.00 |9,675.00 |9,695.00  |5.00      |25.00     |11,655    |11,728      |560      |56,510.62    |0.00                   |
2020-08-27 |CJ103        |9,770.00   |9,755.00 |9,755.00 |9,755.00 |9,755.00 |9,755.00  |-15.00    |-15.00    |1         |354         |1        |4.88         |0.00                   |
2020-08-27 |CJ105        |9,750.00   |9,790.00 |9,790.00 |9,755.00 |9,755.00 |9,770.00  |5.00      |20.00     |35        |488         |8        |170.98       |0.00                   |
2020-08-27 |CJ107        |9,815.00   |0.00     |0.00     |0.00     |0.00     |9,815.00  |0.00      |0.00      |0         |306         |0        |0.00         |0.00                   |
2020-08-28 |CJ009        |8,585.00   |8,465.00 |8,535.00 |8,185.00 |8,255.00 |8,320.00  |-330.00   |-265.00   |1,353     |1,072       |-488     |5,628.08     |0.00                   |
2020-08-28 |CJ012        |9,815.00   |9,770.00 |9,780.00 |9,635.00 |9,665.00 |9,690.00  |-150.00   |-125.00   |397       |1,813       |104      |1,923.31     |0.00                   |
2020-08-28 |CJ101        |9,695.00   |9,665.00 |9,730.00 |9,600.00 |9,670.00 |9,675.00  |-25.00    |-20.00    |18,467    |11,492      |-236     |89,350.65    |0.00                   |
2020-08-28 |CJ103        |9,755.00   |9,735.00 |9,780.00 |9,735.00 |9,780.00 |9,750.00  |25.00     |-5.00     |4         |354         |0        |19.50        |0.00                   |
2020-08-28 |CJ105        |9,770.00   |9,750.00 |9,800.00 |9,710.00 |9,745.00 |9,760.00  |-25.00    |-10.00    |46        |487         |-1       |224.44       |0.00                   |
2020-08-28 |CJ107        |9,815.00   |0.00     |0.00     |0.00     |0.00     |9,815.00  |0.00      |0.00      |0         |306         |0        |0.00         |0.00                   |
2020-08-31 |CJ009        |8,320.00   |8,240.00 |8,250.00 |7,900.00 |7,900.00 |7,990.00  |-420.00   |-330.00   |1,341     |400         |-672     |5,358.45     |0.00                   |
2020-08-31 |CJ012        |9,690.00   |9,635.00 |9,805.00 |9,635.00 |9,695.00 |9,730.00  |5.00      |40.00     |567       |1,926       |113      |2,758.39     |0.00                   |
2020-08-31 |CJ101        |9,675.00   |9,695.00 |9,835.00 |9,675.00 |9,800.00 |9,780.00  |125.00    |105.00    |21,047    |12,586      |1,094    |102,937.38   |0.00                   |
2020-08-31 |CJ103        |9,750.00   |0.00     |0.00     |0.00     |0.00     |9,850.00  |100.00    |100.00    |0         |354         |0        |0.00         |0.00                   |
2020-08-31 |CJ105        |9,760.00   |9,770.00 |9,880.00 |9,770.00 |9,845.00 |9,840.00  |85.00     |80.00     |59        |493         |6        |290.26       |0.00                   |
2020-08-31 |CJ107        |9,815.00   |9,900.00 |9,950.00 |9,870.00 |9,870.00 |9,900.00  |55.00     |85.00     |5         |303         |-3       |24.76        |0.00                   |
2020-09-01 |CJ009        |7,990.00   |7,380.00 |7,385.00 |7,350.00 |7,350.00 |7,355.00  |-640.00   |-635.00   |276       |100         |-300     |1,015.25     |8,580.00               |
2020-09-01 |CJ012        |9,730.00   |9,695.00 |9,810.00 |9,690.00 |9,705.00 |9,735.00  |-25.00    |5.00      |437       |2,126       |200      |2,126.76     |0.00                   |
2020-09-01 |CJ101        |9,780.00   |9,785.00 |9,910.00 |9,785.00 |9,795.00 |9,830.00  |15.00     |50.00     |21,097    |14,422      |1,836    |103,707.98   |0.00                   |
2020-09-01 |CJ103        |9,850.00   |0.00     |0.00     |0.00     |0.00     |9,865.00  |15.00     |15.00     |0         |354         |0        |0.00         |0.00                   |
2020-09-01 |CJ105        |9,840.00   |9,915.00 |9,970.00 |9,845.00 |9,895.00 |9,900.00  |55.00     |60.00     |76        |518         |25       |376.28       |0.00                   |
2020-09-01 |CJ107        |9,900.00   |9,925.00 |9,925.00 |9,925.00 |9,925.00 |9,925.00  |25.00     |25.00     |1         |304         |1        |4.97         |0.00                   |
2020-09-02 |CJ009        |7,355.00   |7,245.00 |7,720.00 |7,205.00 |7,720.00 |7,485.00  |365.00    |130.00    |24        |48          |-52      |89.64        |8,430.00               |
2020-09-02 |CJ012        |9,735.00   |9,715.00 |9,775.00 |9,640.00 |9,735.00 |9,705.00  |0.00      |-30.00    |434       |2,110       |-16      |2,106.23     |0.00                   |
2020-09-02 |CJ101        |9,830.00   |9,800.00 |9,825.00 |9,725.00 |9,805.00 |9,775.00  |-25.00    |-55.00    |15,109    |14,607      |185      |73,835.36    |0.00                   |
2020-09-02 |CJ103        |9,865.00   |0.00     |0.00     |0.00     |0.00     |9,875.00  |10.00     |10.00     |0         |354         |0        |0.00         |0.00                   |
2020-09-02 |CJ105        |9,900.00   |9,900.00 |9,900.00 |9,810.00 |9,875.00 |9,860.00  |-25.00    |-40.00    |48        |509         |-9       |236.65       |0.00                   |
2020-09-02 |CJ107        |9,925.00   |9,820.00 |9,945.00 |9,820.00 |9,855.00 |9,880.00  |-70.00    |-45.00    |4         |304         |0        |19.76        |0.00                   |
2020-09-03 |CJ009        |7,485.00   |7,550.00 |7,860.00 |7,550.00 |7,860.00 |7,705.00  |375.00    |220.00    |2         |8           |-40      |7.71         |8,300.00               |
2020-09-03 |CJ012        |9,705.00   |9,775.00 |10,040.00|9,765.00 |9,920.00 |9,945.00  |215.00    |240.00    |2,212     |2,453       |343      |10,997.37    |0.00                   |
2020-09-03 |CJ101        |9,775.00   |9,820.00 |10,135.00|9,810.00 |10,015.00|10,015.00 |240.00    |240.00    |62,488    |16,895      |2,288    |312,837.97   |0.00                   |
2020-09-03 |CJ103        |9,875.00   |10,115.00|10,135.00|9,950.00 |10,035.00|10,090.00 |160.00    |215.00    |20        |353         |-1       |100.90       |0.00                   |
2020-09-03 |CJ105        |9,860.00   |9,915.00 |10,135.00|9,895.00 |10,050.00|10,045.00 |190.00    |185.00    |164       |484         |-25      |823.77       |0.00                   |
2020-09-03 |CJ107        |9,880.00   |10,005.00|10,135.00|10,005.00|10,135.00|10,090.00 |255.00    |210.00    |3         |306         |2        |15.14        |0.00                   |
2020-09-04 |CJ009        |7,705.00   |0.00     |0.00     |0.00     |0.00     |7,705.00  |0.00      |0.00      |0         |5           |-3       |0.00         |8,170.00               |
2020-09-04 |CJ012        |9,945.00   |9,895.00 |10,085.00|9,895.00 |9,970.00 |10,015.00 |25.00     |70.00     |909       |2,263       |-190     |4,552.11     |0.00                   |
2020-09-04 |CJ101        |10,015.00  |9,980.00 |10,185.00|9,975.00 |10,070.00|10,090.00 |55.00     |75.00     |37,482    |16,837      |-58      |189,122.10   |0.00                   |
2020-09-04 |CJ103        |10,090.00  |10,135.00|10,135.00|9,935.00 |10,020.00|10,045.00 |-70.00    |-45.00    |47        |383         |30       |236.11       |0.00                   |
2020-09-04 |CJ105        |10,045.00  |10,050.00|10,210.00|9,945.00 |9,990.00 |10,065.00 |-55.00    |20.00     |143       |522         |38       |719.67       |0.00                   |
2020-09-04 |CJ107        |10,090.00  |10,120.00|10,220.00|9,940.00 |9,940.00 |10,095.00 |-150.00   |5.00      |4         |306         |0        |20.19        |0.00                   |
2020-09-07 |CJ009        |7,705.00   |0.00     |0.00     |0.00     |0.00     |7,705.00  |0.00      |0.00      |0         |5           |0        |0.00         |8,045.00               |
2020-09-07 |CJ012        |10,015.00  |9,980.00 |10,180.00|9,980.00 |10,130.00|10,105.00 |115.00    |90.00     |982       |2,614       |351      |4,962.24     |0.00                   |
2020-09-07 |CJ101        |10,090.00  |10,070.00|10,270.00|10,060.00|10,250.00|10,195.00 |160.00    |105.00    |34,982    |19,039      |2,202    |178,321.24   |0.00                   |
2020-09-07 |CJ103        |10,045.00  |10,010.00|10,125.00|10,010.00|10,105.00|10,085.00 |60.00     |40.00     |29        |394         |11       |146.20       |0.00                   |
2020-09-07 |CJ105        |10,065.00  |10,010.00|10,140.00|10,005.00|10,105.00|10,070.00 |40.00     |5.00      |247       |583         |61       |1,243.74     |0.00                   |
2020-09-07 |CJ107        |10,095.00  |10,000.00|10,110.00|10,000.00|10,060.00|10,070.00 |-35.00    |-25.00    |4         |307         |1        |20.14        |0.00                   |
2020-09-08 |CJ009        |7,705.00   |0.00     |0.00     |0.00     |0.00     |7,705.00  |0.00      |0.00      |0         |5           |0        |0.00         |7,930.00               |
2020-09-08 |CJ012        |10,105.00  |10,130.00|10,145.00|10,045.00|10,110.00|10,100.00 |5.00      |-5.00     |501       |2,527       |-87      |2,530.07     |0.00                   |
2020-09-08 |CJ101        |10,195.00  |10,250.00|10,250.00|10,135.00|10,210.00|10,195.00 |15.00     |0.00      |29,278    |18,762      |-277     |149,243.05   |0.00                   |
2020-09-08 |CJ103        |10,085.00  |10,070.00|10,070.00|10,055.00|10,055.00|10,065.00 |-30.00    |-20.00    |2         |393         |-1       |10.07        |0.00                   |
2020-09-08 |CJ105        |10,070.00  |10,055.00|10,080.00|9,995.00 |10,050.00|10,035.00 |-20.00    |-35.00    |77        |575         |-8       |386.32       |0.00                   |
2020-09-08 |CJ107        |10,070.00  |10,050.00|10,050.00|10,050.00|10,050.00|10,050.00 |-20.00    |-20.00    |1         |307         |0        |5.03         |0.00                   |
2020-09-09 |CJ009        |7,705.00   |0.00     |0.00     |0.00     |0.00     |7,705.00  |0.00      |0.00      |0         |5           |0        |0.00         |7,825.00               |
2020-09-09 |CJ012        |10,100.00  |10,090.00|10,215.00|9,860.00 |9,945.00 |10,025.00 |-155.00   |-75.00    |1,101     |2,264       |-263     |5,519.43     |0.00                   |
2020-09-09 |CJ101        |10,195.00  |10,190.00|10,335.00|9,940.00 |10,005.00|10,130.00 |-190.00   |-65.00    |47,943    |16,505      |-2,257   |242,857.83   |0.00                   |
2020-09-09 |CJ103        |10,065.00  |10,190.00|10,190.00|9,900.00 |9,945.00 |9,985.00  |-120.00   |-80.00    |34        |394         |1        |169.79       |0.00                   |
2020-09-09 |CJ105        |10,035.00  |10,030.00|10,140.00|9,865.00 |9,975.00 |9,955.00  |-60.00    |-80.00    |271       |494         |-81      |1,348.96     |0.00                   |
2020-09-09 |CJ107        |10,050.00  |9,930.00 |9,930.00 |9,930.00 |9,930.00 |9,930.00  |-120.00   |-120.00   |1         |307         |0        |4.97         |0.00                   |
2020-09-10 |CJ009        |7,705.00   |0.00     |0.00     |0.00     |0.00     |7,800.00  |95.00     |95.00     |0         |5           |0        |0.00         |7,750.00               |
2020-09-10 |CJ012        |10,025.00  |9,940.00 |9,965.00 |9,855.00 |9,865.00 |9,885.00  |-160.00   |-140.00   |279       |2,318       |54       |1,378.74     |0.00                   |
2020-09-10 |CJ101        |10,130.00  |10,035.00|10,055.00|9,920.00 |9,930.00 |9,990.00  |-200.00   |-140.00   |19,716    |16,562      |57       |98,457.84    |0.00                   |
2020-09-10 |CJ103        |9,985.00   |9,980.00 |9,980.00 |9,895.00 |9,895.00 |9,910.00  |-90.00    |-75.00    |15        |387         |-7       |74.34        |0.00                   |
2020-09-10 |CJ105        |9,955.00   |9,950.00 |9,960.00 |9,895.00 |9,910.00 |9,925.00  |-45.00    |-30.00    |14        |492         |-2       |69.49        |0.00                   |
2020-09-10 |CJ107        |9,930.00   |0.00     |0.00     |0.00     |0.00     |9,930.00  |0.00      |0.00      |0         |307         |0        |0.00         |0.00                   |
2020-09-11 |CJ009        |7,800.00   |8,010.00 |8,010.00 |7,415.00 |7,415.00 |7,740.00  |-385.00   |-60.00    |3         |6           |1        |11.62        |7,690.00               |
2020-09-11 |CJ012        |9,885.00   |9,880.00 |9,950.00 |9,865.00 |9,905.00 |9,925.00  |20.00     |40.00     |307       |2,295       |-23      |1,523.60     |0.00                   |
2020-09-11 |CJ101        |9,990.00   |9,940.00 |10,060.00|9,925.00 |9,975.00 |10,005.00 |-15.00    |15.00     |20,940    |16,519      |-43      |104,726.98   |0.00                   |
2020-09-11 |CJ103        |9,910.00   |9,960.00 |9,960.00 |9,925.00 |9,940.00 |9,940.00  |30.00     |30.00     |3         |387         |0        |14.92        |0.00                   |
2020-09-11 |CJ105        |9,925.00   |9,940.00 |10,005.00|9,940.00 |9,945.00 |9,985.00  |20.00     |60.00     |31        |494         |2        |154.81       |0.00                   |
2020-09-11 |CJ107        |9,930.00   |0.00     |0.00     |0.00     |0.00     |9,945.00  |15.00     |15.00     |0         |307         |0        |0.00         |0.00                   |
2020-09-14 |CJ009        |7,740.00   |0.00     |0.00     |0.00     |0.00     |7,755.00  |15.00     |15.00     |0         |0           |-6       |0.00         |7,665.00               |
2020-09-14 |CJ012        |9,925.00   |9,875.00 |10,010.00|9,860.00 |9,930.00 |9,915.00  |5.00      |-10.00    |166       |2,262       |-33      |823.10       |0.00                   |
2020-09-14 |CJ101        |10,005.00  |9,985.00 |10,100.00|9,940.00 |10,025.00|10,025.00 |20.00     |20.00     |18,203    |16,696      |177      |91,229.12    |0.00                   |
2020-09-14 |CJ103        |9,940.00   |0.00     |0.00     |0.00     |0.00     |9,960.00  |20.00     |20.00     |0         |387         |0        |0.00         |0.00                   |
2020-09-14 |CJ105        |9,985.00   |9,915.00 |10,015.00|9,890.00 |9,975.00 |9,975.00  |-10.00    |-10.00    |30        |493         |-1       |149.63       |0.00                   |
2020-09-14 |CJ107        |9,945.00   |0.00     |0.00     |0.00     |0.00     |9,945.00  |0.00      |0.00      |0         |307         |0        |0.00         |0.00                   |
2020-09-15 |CJ012        |9,915.00   |9,955.00 |10,025.00|9,870.00 |9,910.00 |9,925.00  |-5.00     |10.00     |262       |2,206       |-56      |1,300.07     |0.00                   |
2020-09-15 |CJ101        |10,025.00  |10,030.00|10,110.00|9,940.00 |10,005.00|10,010.00 |-20.00    |-15.00    |21,933    |16,319      |-377     |109,770.32   |0.00                   |
2020-09-15 |CJ103        |9,960.00   |10,050.00|10,050.00|9,950.00 |9,950.00 |10,005.00 |-10.00    |45.00     |12        |387         |0        |60.04        |0.00                   |
2020-09-15 |CJ105        |9,975.00   |10,020.00|10,055.00|9,910.00 |9,945.00 |9,975.00  |-30.00    |0.00      |47        |487         |-6       |234.41       |0.00                   |
2020-09-15 |CJ107        |9,945.00   |0.00     |0.00     |0.00     |0.00     |9,945.00  |0.00      |0.00      |0         |307         |0        |0.00         |0.00                   |
2020-09-15 |CJ109        |9,945.00   |9,870.00 |9,870.00 |9,870.00 |9,870.00 |9,870.00  |-75.00    |-75.00    |1         |1           |1        |4.94         |0.00                   |
2020-09-16 |CJ012        |9,925.00   |9,955.00 |9,975.00 |9,870.00 |9,905.00 |9,910.00  |-20.00    |-15.00    |151       |2,222       |16       |748.34       |0.00                   |
2020-09-16 |CJ101        |10,010.00  |10,025.00|10,065.00|9,965.00 |9,995.00 |10,000.00 |-15.00    |-10.00    |12,003    |15,687      |-632     |60,025.60    |0.00                   |
2020-09-16 |CJ103        |10,005.00  |0.00     |0.00     |0.00     |0.00     |9,995.00  |-10.00    |-10.00    |0         |387         |0        |0.00         |0.00                   |
2020-09-16 |CJ105        |9,975.00   |10,020.00|10,035.00|9,955.00 |9,985.00 |9,995.00  |10.00     |20.00     |48        |507         |20       |239.83       |0.00                   |
2020-09-16 |CJ107        |9,945.00   |9,995.00 |9,995.00 |9,985.00 |9,985.00 |9,990.00  |40.00     |45.00     |2         |307         |0        |9.99         |0.00                   |
2020-09-16 |CJ109        |9,870.00   |0.00     |0.00     |0.00     |0.00     |9,910.00  |40.00     |40.00     |0         |1           |0        |0.00         |0.00                   |
2020-09-17 |CJ012        |9,910.00   |9,935.00 |10,080.00|9,935.00 |10,020.00|10,015.00 |110.00    |105.00    |375       |2,267       |45       |1,877.82     |0.00                   |
2020-09-17 |CJ101        |10,000.00  |10,000.00|10,190.00|10,000.00|10,115.00|10,110.00 |115.00    |110.00    |30,665    |17,487      |1,800    |154,979.83   |0.00                   |
2020-09-17 |CJ103        |9,995.00   |9,995.00 |10,120.00|9,995.00 |10,065.00|10,055.00 |70.00     |60.00     |21        |388         |1        |105.60       |0.00                   |
2020-09-17 |CJ105        |9,995.00   |10,035.00|10,145.00|10,000.00|10,080.00|10,090.00 |85.00     |95.00     |175       |568         |61       |882.67       |0.00                   |
2020-09-17 |CJ107        |9,990.00   |10,100.00|10,100.00|10,100.00|10,100.00|10,100.00 |110.00    |110.00    |1         |308         |1        |5.05         |0.00                   |
2020-09-17 |CJ109        |9,910.00   |10,110.00|10,150.00|10,030.00|10,150.00|10,110.00 |240.00    |200.00    |4         |1           |0        |20.22        |0.00                   |
2020-09-18 |CJ012        |10,015.00  |10,035.00|10,100.00|9,975.00 |10,050.00|10,050.00 |35.00     |35.00     |336       |2,262       |-5       |1,688.31     |0.00                   |
2020-09-18 |CJ101        |10,110.00  |10,130.00|10,195.00|10,050.00|10,150.00|10,125.00 |40.00     |15.00     |21,397    |17,946      |459      |108,336.67   |0.00                   |
2020-09-18 |CJ103        |10,055.00  |10,140.00|10,145.00|10,025.00|10,050.00|10,115.00 |-5.00     |60.00     |24        |402         |14       |121.36       |0.00                   |
2020-09-18 |CJ105        |10,090.00  |10,170.00|10,190.00|10,050.00|10,090.00|10,110.00 |0.00      |20.00     |102       |579         |11       |515.66       |0.00                   |
2020-09-18 |CJ107        |10,100.00  |10,215.00|10,215.00|10,215.00|10,215.00|10,215.00 |115.00    |115.00    |1         |309         |1        |5.11         |0.00                   |
2020-09-18 |CJ109        |10,110.00  |0.00     |0.00     |0.00     |0.00     |10,110.00 |0.00      |0.00      |0         |1           |0        |0.00         |0.00                   |
2020-09-21 |CJ012        |10,050.00  |10,085.00|10,135.00|10,035.00|10,055.00|10,075.00 |5.00      |25.00     |152       |2,274       |12       |765.83       |0.00                   |
2020-09-21 |CJ101        |10,125.00  |10,175.00|10,235.00|10,125.00|10,135.00|10,170.00 |10.00     |45.00     |17,792    |17,950      |4        |90,480.71    |0.00                   |
2020-09-21 |CJ103        |10,115.00  |10,145.00|10,145.00|10,115.00|10,115.00|10,135.00 |0.00      |20.00     |3         |403         |1        |15.20        |0.00                   |
2020-09-21 |CJ105        |10,110.00  |10,125.00|10,165.00|10,080.00|10,100.00|10,125.00 |-10.00    |15.00     |50        |585         |6        |253.07       |0.00                   |
2020-09-21 |CJ107        |10,215.00  |0.00     |0.00     |0.00     |0.00     |10,165.00 |-50.00    |-50.00    |0         |309         |0        |0.00         |0.00                   |
2020-09-21 |CJ109        |10,110.00  |0.00     |0.00     |0.00     |0.00     |10,110.00 |0.00      |0.00      |0         |1           |0        |0.00         |0.00                   |
2020-09-22 |CJ012        |10,075.00  |10,030.00|10,040.00|9,895.00 |9,940.00 |9,955.00  |-135.00   |-120.00   |217       |2,271       |-3       |1,080.02     |0.00                   |
2020-09-22 |CJ101        |10,170.00  |10,125.00|10,135.00|9,980.00 |10,040.00|10,055.00 |-130.00   |-115.00   |23,351    |16,230      |-1,720   |117,394.42   |0.00                   |
2020-09-22 |CJ103        |10,135.00  |9,980.00 |10,070.00|9,955.00 |10,070.00|10,005.00 |-65.00    |-130.00   |32        |404         |1        |160.08       |0.00                   |
2020-09-22 |CJ105        |10,125.00  |10,040.00|10,080.00|9,990.00 |10,025.00|10,020.00 |-100.00   |-105.00   |59        |585         |0        |295.58       |0.00                   |
2020-09-22 |CJ107        |10,165.00  |0.00     |0.00     |0.00     |0.00     |10,065.00 |-100.00   |-100.00   |0         |309         |0        |0.00         |0.00                   |
2020-09-22 |CJ109        |10,110.00  |0.00     |0.00     |0.00     |0.00     |10,060.00 |-50.00    |-50.00    |0         |1           |0        |0.00         |0.00                   |
2020-09-23 |CJ012        |9,955.00   |9,945.00 |9,980.00 |9,875.00 |9,910.00 |9,920.00  |-45.00    |-35.00    |127       |2,251       |-20      |629.84       |0.00                   |
2020-09-23 |CJ101        |10,055.00  |10,060.00|10,095.00|9,950.00 |9,995.00 |10,010.00 |-60.00    |-45.00    |15,863    |15,685      |-545     |79,387.61    |0.00                   |
2020-09-23 |CJ103        |10,005.00  |9,975.00 |9,975.00 |9,940.00 |9,940.00 |9,945.00  |-65.00    |-60.00    |8         |404         |0        |39.79        |0.00                   |
2020-09-23 |CJ105        |10,020.00  |10,035.00|10,060.00|9,950.00 |9,985.00 |10,005.00 |-35.00    |-15.00    |179       |534         |-51      |895.47       |0.00                   |
2020-09-23 |CJ107        |10,065.00  |0.00     |0.00     |0.00     |0.00     |10,065.00 |0.00      |0.00      |0         |309         |0        |0.00         |0.00                   |
2020-09-23 |CJ109        |10,060.00  |0.00     |0.00     |0.00     |0.00     |10,060.00 |0.00      |0.00      |0         |1           |0        |0.00         |0.00                   |
2020-09-24 |CJ012        |9,920.00   |9,910.00 |9,955.00 |9,710.00 |9,730.00 |9,785.00  |-190.00   |-135.00   |579       |2,284       |33       |2,833.36     |0.00                   |
2020-09-24 |CJ101        |10,010.00  |10,000.00|10,050.00|9,785.00 |9,825.00 |9,905.00  |-185.00   |-105.00   |33,160    |15,128      |-557     |164,191.71   |0.00                   |
2020-09-24 |CJ103        |9,945.00   |9,965.00 |9,965.00 |9,800.00 |9,850.00 |9,855.00  |-95.00    |-90.00    |21        |397         |-7       |103.49       |0.00                   |
2020-09-24 |CJ105        |10,005.00  |9,980.00 |10,015.00|9,830.00 |9,850.00 |9,930.00  |-155.00   |-75.00    |257       |522         |-12      |1,276.26     |0.00                   |
2020-09-24 |CJ107        |10,065.00  |9,970.00 |9,970.00 |9,970.00 |9,970.00 |9,970.00  |-95.00    |-95.00    |1         |309         |0        |4.99         |0.00                   |
2020-09-24 |CJ109        |10,060.00  |9,830.00 |9,950.00 |9,830.00 |9,950.00 |9,890.00  |-110.00   |-170.00   |2         |3           |2        |9.89         |0.00                   |
2020-09-25 |CJ012        |9,785.00   |9,715.00 |9,850.00 |9,710.00 |9,820.00 |9,800.00  |35.00     |15.00     |618       |2,106       |-178     |3,028.86     |0.00                   |
2020-09-25 |CJ101        |9,905.00   |9,850.00 |9,950.00 |9,780.00 |9,890.00 |9,885.00  |-15.00    |-20.00    |26,872    |13,647      |-1,481   |132,841.84   |0.00                   |
2020-09-25 |CJ103        |9,855.00   |9,805.00 |9,900.00 |9,795.00 |9,895.00 |9,865.00  |40.00     |10.00     |7         |393         |-4       |34.52        |0.00                   |
2020-09-25 |CJ105        |9,930.00   |9,830.00 |9,940.00 |9,800.00 |9,910.00 |9,885.00  |-20.00    |-45.00    |137       |510         |-12      |677.04       |0.00                   |
2020-09-25 |CJ107        |9,970.00   |0.00     |0.00     |0.00     |0.00     |9,925.00  |-45.00    |-45.00    |0         |309         |0        |0.00         |0.00                   |
2020-09-25 |CJ109        |9,890.00   |9,930.00 |9,930.00 |9,885.00 |9,885.00 |9,910.00  |-5.00     |20.00     |2         |2           |-1       |9.91         |0.00                   |
2020-09-28 |CJ012        |9,800.00   |9,805.00 |9,850.00 |9,730.00 |9,750.00 |9,795.00  |-50.00    |-5.00     |468       |1,880       |-226     |2,292.41     |0.00                   |
2020-09-28 |CJ101        |9,885.00   |9,910.00 |9,945.00 |9,805.00 |9,835.00 |9,880.00  |-50.00    |-5.00     |19,531    |13,162      |-485     |96,477.55    |0.00                   |
2020-09-28 |CJ103        |9,865.00   |9,930.00 |9,985.00 |9,900.00 |9,930.00 |9,960.00  |65.00     |95.00     |53        |364         |-29      |263.92       |0.00                   |
2020-09-28 |CJ105        |9,885.00   |9,880.00 |9,965.00 |9,860.00 |9,860.00 |9,905.00  |-25.00    |20.00     |130       |543         |33       |643.98       |0.00                   |
2020-09-28 |CJ107        |9,925.00   |9,920.00 |9,920.00 |9,920.00 |9,920.00 |9,920.00  |-5.00     |-5.00     |1         |309         |0        |4.96         |0.00                   |
2020-09-28 |CJ109        |9,910.00   |0.00     |0.00     |0.00     |0.00     |9,910.00  |0.00      |0.00      |0         |2           |0        |0.00         |0.00                   |
2020-09-29 |CJ012        |9,795.00   |9,745.00 |9,765.00 |9,635.00 |9,640.00 |9,680.00  |-155.00   |-115.00   |242       |1,854       |-26      |1,171.41     |0.00                   |
2020-09-29 |CJ101        |9,880.00   |9,835.00 |9,860.00 |9,705.00 |9,710.00 |9,770.00  |-170.00   |-110.00   |16,533    |13,849      |687      |80,759.79    |0.00                   |
2020-09-29 |CJ103        |9,960.00   |9,895.00 |9,895.00 |9,785.00 |9,835.00 |9,825.00  |-125.00   |-135.00   |23        |369         |5        |113.01       |0.00                   |
2020-09-29 |CJ105        |9,905.00   |9,870.00 |9,895.00 |9,780.00 |9,800.00 |9,825.00  |-105.00   |-80.00    |90        |562         |19       |442.12       |0.00                   |
2020-09-29 |CJ107        |9,920.00   |9,840.00 |9,840.00 |9,820.00 |9,820.00 |9,825.00  |-100.00   |-95.00    |5         |307         |-2       |24.57        |0.00                   |
2020-09-29 |CJ109        |9,910.00   |9,805.00 |9,890.00 |9,805.00 |9,810.00 |9,840.00  |-100.00   |-70.00    |7         |2           |0        |34.45        |0.00                   |
2020-09-30 |CJ012        |9,680.00   |9,625.00 |9,740.00 |9,625.00 |9,665.00 |9,675.00  |-15.00    |-5.00     |197       |1,818       |-36      |952.92       |0.00                   |
2020-09-30 |CJ101        |9,770.00   |9,690.00 |9,825.00 |9,680.00 |9,730.00 |9,750.00  |-40.00    |-20.00    |16,503    |11,961      |-1,888   |80,460.17    |0.00                   |
2020-09-30 |CJ103        |9,825.00   |9,795.00 |9,845.00 |9,795.00 |9,845.00 |9,810.00  |20.00     |-15.00    |4         |369         |0        |19.63        |0.00                   |
2020-09-30 |CJ105        |9,825.00   |9,785.00 |9,880.00 |9,785.00 |9,810.00 |9,845.00  |-15.00    |20.00     |82        |594         |32       |403.71       |0.00                   |
2020-09-30 |CJ107        |9,825.00   |9,885.00 |9,885.00 |9,885.00 |9,885.00 |9,885.00  |60.00     |60.00     |1         |307         |0        |4.95         |0.00                   |
2020-09-30 |CJ109        |9,840.00   |0.00     |0.00     |0.00     |0.00     |9,840.00  |0.00      |0.00      |0         |2           |0        |0.00         |0.00                   |
2020-10-09 |CJ012        |9,675.00   |9,705.00 |9,950.00 |9,670.00 |9,870.00 |9,845.00  |195.00    |170.00    |368       |1,789       |-29      |1,811.55     |0.00                   |
2020-10-09 |CJ101        |9,750.00   |9,800.00 |10,050.00|9,755.00 |9,950.00 |9,915.00  |200.00    |165.00    |39,166    |12,521      |560      |194,140.44   |0.00                   |
2020-10-09 |CJ103        |9,810.00   |9,930.00 |10,080.00|9,930.00 |10,080.00|9,955.00  |270.00    |145.00    |6         |364         |-5       |29.87        |0.00                   |
2020-10-09 |CJ105        |9,845.00   |9,810.00 |10,120.00|9,810.00 |10,055.00|10,000.00 |210.00    |155.00    |167       |604         |10       |835.14       |0.00                   |
2020-10-09 |CJ107        |9,885.00   |0.00     |0.00     |0.00     |0.00     |10,025.00 |140.00    |140.00    |0         |307         |0        |0.00         |0.00                   |
2020-10-09 |CJ109        |9,840.00   |0.00     |0.00     |0.00     |0.00     |9,995.00  |155.00    |155.00    |0         |2           |0        |0.00         |0.00                   |
2020-10-12 |CJ012        |9,845.00   |9,870.00 |9,935.00 |9,785.00 |9,810.00 |9,870.00  |-35.00    |25.00     |356       |1,816       |27       |1,757.24     |0.00                   |
2020-10-12 |CJ101        |9,915.00   |9,930.00 |10,035.00|9,865.00 |9,900.00 |9,965.00  |-15.00    |50.00     |29,742    |13,300      |779      |148,157.77   |0.00                   |
2020-10-12 |CJ103        |9,955.00   |10,000.00|10,035.00|9,920.00 |9,955.00 |10,010.00 |0.00      |55.00     |68        |394         |30       |340.41       |0.00                   |
2020-10-12 |CJ105        |10,000.00  |10,030.00|10,070.00|9,940.00 |9,995.00 |10,015.00 |-5.00     |15.00     |284       |687         |83       |1,421.92     |0.00                   |
2020-10-12 |CJ107        |10,025.00  |10,070.00|10,090.00|10,070.00|10,075.00|10,075.00 |50.00     |50.00     |6         |312         |5        |30.23        |0.00                   |
2020-10-12 |CJ109        |9,995.00   |10,090.00|10,110.00|10,080.00|10,080.00|10,085.00 |85.00     |90.00     |15        |15          |13       |75.64        |0.00                   |
2020-10-13 |CJ012        |9,870.00   |9,835.00 |9,920.00 |9,780.00 |9,865.00 |9,840.00  |-5.00     |-30.00    |359       |1,823       |7        |1,766.48     |0.00                   |
2020-10-13 |CJ101        |9,965.00   |9,905.00 |9,995.00 |9,840.00 |9,960.00 |9,920.00  |-5.00     |-45.00    |23,062    |13,698      |398      |114,378.15   |0.00                   |
2020-10-13 |CJ103        |10,010.00  |10,005.00|10,005.00|10,005.00|10,005.00|10,005.00 |-5.00     |-5.00     |1         |394         |0        |5.01         |0.00                   |
2020-10-13 |CJ105        |10,015.00  |9,995.00 |10,070.00|9,930.00 |10,040.00|10,010.00 |25.00     |-5.00     |196       |747         |60       |980.85       |0.00                   |
2020-10-13 |CJ107        |10,075.00  |0.00     |0.00     |0.00     |0.00     |10,075.00 |0.00      |0.00      |0         |312         |0        |0.00         |0.00                   |
2020-10-13 |CJ109        |10,085.00  |10,070.00|10,100.00|10,070.00|10,100.00|10,085.00 |15.00     |0.00      |4         |14          |-1       |20.17        |0.00                   |
2020-10-14 |CJ012        |9,840.00   |9,870.00 |10,165.00|9,820.00 |10,020.00|10,060.00 |180.00    |220.00    |1,730     |2,276       |453      |8,703.94     |0.00                   |
2020-10-14 |CJ101        |9,920.00   |9,945.00 |10,250.00|9,900.00 |10,095.00|10,135.00 |175.00    |215.00    |74,834    |17,432      |3,734    |379,192.68   |0.00                   |
2020-10-14 |CJ103        |10,005.00  |10,105.00|10,210.00|10,065.00|10,065.00|10,125.00 |60.00     |120.00    |62        |401         |7        |313.87       |0.00                   |
2020-10-14 |CJ105        |10,010.00  |10,040.00|10,240.00|9,985.00 |10,120.00|10,145.00 |110.00    |135.00    |852       |1,088       |341      |4,320.75     |0.00                   |
2020-10-14 |CJ107        |10,075.00  |10,230.00|10,230.00|10,135.00|10,135.00|10,165.00 |60.00     |90.00     |6         |315         |3        |30.50        |0.00                   |
2020-10-14 |CJ109        |10,085.00  |10,200.00|10,260.00|10,195.00|10,245.00|10,240.00 |160.00    |155.00    |13        |18          |4        |66.56        |0.00                   |
2020-10-15 |CJ012        |10,060.00  |10,000.00|10,130.00|9,970.00 |9,980.00 |10,060.00 |-80.00    |0.00      |403       |2,375       |99       |2,027.49     |0.00                   |
2020-10-15 |CJ101        |10,135.00  |10,100.00|10,245.00|10,055.00|10,085.00|10,160.00 |-50.00    |25.00     |45,082    |17,804      |372      |228,986.58   |0.00                   |
2020-10-15 |CJ103        |10,125.00  |10,065.00|10,165.00|10,065.00|10,105.00|10,130.00 |-20.00    |5.00      |9         |401         |0        |45.59        |0.00                   |
2020-10-15 |CJ105        |10,145.00  |10,105.00|10,215.00|10,085.00|10,100.00|10,155.00 |-45.00    |10.00     |310       |1,145       |57       |1,573.73     |0.00                   |
2020-10-15 |CJ107        |10,165.00  |10,170.00|10,170.00|10,160.00|10,160.00|10,165.00 |-5.00     |0.00      |6         |313         |-2       |30.50        |0.00                   |
2020-10-15 |CJ109        |10,240.00  |10,265.00|10,265.00|10,185.00|10,185.00|10,210.00 |-55.00    |-30.00    |15        |23          |5        |76.58        |0.00                   |
2020-10-16 |CJ012        |10,060.00  |10,025.00|10,060.00|9,920.00 |9,970.00 |9,985.00  |-90.00    |-75.00    |268       |2,373       |-2       |1,338.13     |0.00                   |
2020-10-16 |CJ101        |10,160.00  |10,120.00|10,180.00|10,000.00|10,075.00|10,095.00 |-85.00    |-65.00    |27,114    |18,413      |609      |136,845.22   |0.00                   |
2020-10-16 |CJ103        |10,130.00  |10,035.00|10,060.00|9,975.00 |10,020.00|10,020.00 |-110.00   |-110.00   |6         |401         |0        |30.06        |0.00                   |
2020-10-16 |CJ105        |10,155.00  |10,115.00|10,185.00|10,045.00|10,115.00|10,120.00 |-40.00    |-35.00    |201       |1,168       |23       |1,017.08     |0.00                   |
2020-10-16 |CJ107        |10,165.00  |10,100.00|10,100.00|10,100.00|10,100.00|10,100.00 |-65.00    |-65.00    |1         |312         |-1       |5.05         |0.00                   |
2020-10-16 |CJ109        |10,210.00  |10,100.00|10,110.00|10,100.00|10,110.00|10,105.00 |-100.00   |-105.00   |2         |22          |-1       |10.11        |0.00                   |
2020-10-19 |CJ012        |9,985.00   |9,995.00 |10,080.00|9,990.00 |10,030.00|10,040.00 |45.00     |55.00     |249       |2,377       |4        |1,249.75     |0.00                   |
2020-10-19 |CJ101        |10,095.00  |10,095.00|10,190.00|10,085.00|10,140.00|10,135.00 |45.00     |40.00     |35,215    |19,252      |839      |178,413.91   |0.00                   |
2020-10-19 |CJ103        |10,020.00  |10,075.00|10,105.00|10,055.00|10,055.00|10,090.00 |35.00     |70.00     |16        |409         |8        |80.71        |0.00                   |
2020-10-19 |CJ105        |10,120.00  |10,120.00|10,160.00|10,100.00|10,115.00|10,130.00 |-5.00     |10.00     |332       |1,219       |51       |1,681.41     |0.00                   |
2020-10-19 |CJ107        |10,100.00  |10,170.00|10,170.00|10,125.00|10,125.00|10,135.00 |25.00     |35.00     |4         |308         |-4       |20.28        |0.00                   |
2020-10-19 |CJ109        |10,105.00  |10,185.00|10,200.00|10,125.00|10,160.00|10,170.00 |55.00     |65.00     |10        |23          |1        |50.84        |0.00                   |
2020-10-20 |CJ012        |10,040.00  |10,040.00|10,060.00|9,965.00 |9,990.00 |10,015.00 |-50.00    |-25.00    |93        |2,348       |-29      |465.67       |0.00                   |
2020-10-20 |CJ101        |10,135.00  |10,135.00|10,165.00|10,060.00|10,095.00|10,115.00 |-40.00    |-20.00    |20,979    |19,711      |459      |106,077.89   |0.00                   |
2020-10-20 |CJ103        |10,090.00  |10,070.00|10,085.00|10,040.00|10,040.00|10,065.00 |-50.00    |-25.00    |5         |409         |0        |25.16        |0.00                   |
2020-10-20 |CJ105        |10,130.00  |10,160.00|10,160.00|10,060.00|10,100.00|10,105.00 |-30.00    |-25.00    |203       |1,246       |27       |1,025.90     |0.00                   |
2020-10-20 |CJ107        |10,135.00  |10,145.00|10,145.00|10,130.00|10,140.00|10,140.00 |5.00      |5.00      |4         |308         |0        |20.28        |0.00                   |
2020-10-20 |CJ109        |10,170.00  |10,205.00|10,205.00|10,115.00|10,115.00|10,155.00 |-55.00    |-15.00    |3         |25          |2        |15.24        |0.00                   |
2020-10-21 |CJ012        |10,015.00  |10,010.00|10,055.00|9,950.00 |9,970.00 |9,995.00  |-45.00    |-20.00    |116       |2,325       |-23      |579.72       |0.00                   |
2020-10-21 |CJ101        |10,115.00  |10,100.00|10,160.00|10,045.00|10,060.00|10,110.00 |-55.00    |-5.00     |20,369    |18,585      |-1,126   |102,980.76   |0.00                   |
2020-10-21 |CJ103        |10,065.00  |10,050.00|10,080.00|10,025.00|10,040.00|10,060.00 |-25.00    |-5.00     |10        |410         |1        |50.29        |0.00                   |
2020-10-21 |CJ105        |10,105.00  |10,115.00|10,150.00|10,020.00|10,020.00|10,075.00 |-85.00    |-30.00    |342       |1,261       |15       |1,722.59     |0.00                   |
2020-10-21 |CJ107        |10,140.00  |10,120.00|10,135.00|10,080.00|10,080.00|10,110.00 |-60.00    |-30.00    |3         |309         |1        |15.17        |0.00                   |
2020-10-21 |CJ109        |10,155.00  |10,170.00|10,170.00|10,080.00|10,095.00|10,115.00 |-60.00    |-40.00    |4         |25          |0        |20.23        |0.00                   |
2020-10-22 |CJ012        |9,995.00   |9,950.00 |10,000.00|9,915.00 |9,965.00 |9,955.00  |-30.00    |-40.00    |100       |2,283       |-42      |497.80       |0.00                   |
2020-10-22 |CJ101        |10,110.00  |10,050.00|10,115.00|10,005.00|10,060.00|10,065.00 |-50.00    |-45.00    |15,186    |18,072      |-513     |76,427.71    |0.00                   |
2020-10-22 |CJ103        |10,060.00  |9,970.00 |10,000.00|9,945.00 |9,945.00 |9,970.00  |-115.00   |-90.00    |13        |414         |4        |64.81        |0.00                   |
2020-10-22 |CJ105        |10,075.00  |9,985.00 |10,065.00|9,920.00 |9,945.00 |10,005.00 |-130.00   |-70.00    |328       |1,296       |35       |1,640.98     |0.00                   |
2020-10-22 |CJ107        |10,110.00  |10,095.00|10,095.00|9,995.00 |9,995.00 |10,045.00 |-115.00   |-65.00    |2         |311         |2        |10.05        |0.00                   |
2020-10-22 |CJ109        |10,115.00  |10,150.00|10,150.00|10,010.00|10,050.00|10,100.00 |-65.00    |-15.00    |11        |31          |6        |55.56        |0.00                   |
2020-10-23 |CJ012        |9,955.00   |10,000.00|10,010.00|9,940.00 |9,940.00 |9,980.00  |-15.00    |25.00     |120       |2,274       |-9       |598.92       |0.00                   |
2020-10-23 |CJ101        |10,065.00  |10,070.00|10,115.00|10,020.00|10,055.00|10,070.00 |-10.00    |5.00      |17,436    |17,663      |-409     |87,781.21    |0.00                   |
2020-10-23 |CJ103        |9,970.00   |9,980.00 |10,005.00|9,970.00 |9,970.00 |9,985.00  |0.00      |15.00     |14        |412         |-2       |69.89        |0.00                   |
2020-10-23 |CJ105        |10,005.00  |10,000.00|10,050.00|9,950.00 |10,000.00|10,000.00 |-5.00     |-5.00     |226       |1,352       |56       |1,130.21     |0.00                   |
2020-10-23 |CJ107        |10,045.00  |0.00     |0.00     |0.00     |0.00     |10,045.00 |0.00      |0.00      |0         |311         |0        |0.00         |0.00                   |
2020-10-23 |CJ109        |10,100.00  |10,060.00|10,060.00|10,060.00|10,060.00|10,060.00 |-40.00    |-40.00    |2         |31          |0        |10.06        |0.00                   |
2020-10-26 |CJ012        |9,980.00   |9,860.00 |10,085.00|9,860.00 |9,955.00 |9,995.00  |-25.00    |15.00     |354       |2,324       |50       |1,769.56     |0.00                   |
2020-10-26 |CJ101        |10,070.00  |10,000.00|10,210.00|9,950.00 |10,055.00|10,085.00 |-15.00    |15.00     |35,230    |17,713      |50       |177,651.18   |0.00                   |
2020-10-26 |CJ103        |9,985.00   |9,990.00 |10,100.00|9,925.00 |9,940.00 |10,030.00 |-45.00    |45.00     |34        |430         |18       |170.52       |0.00                   |
2020-10-26 |CJ105        |10,000.00  |10,025.00|10,105.00|9,945.00 |9,975.00 |10,025.00 |-25.00    |25.00     |392       |1,426       |74       |1,964.43     |0.00                   |
2020-10-26 |CJ107        |10,045.00  |10,090.00|10,090.00|10,025.00|10,025.00|10,050.00 |-20.00    |5.00      |3         |312         |1        |15.08        |0.00                   |
2020-10-26 |CJ109        |10,060.00  |10,125.00|10,190.00|10,030.00|10,085.00|10,120.00 |25.00     |60.00     |9         |31          |0        |45.53        |0.00                   |
2020-10-27 |CJ012        |9,995.00   |9,980.00 |10,005.00|9,930.00 |9,955.00 |9,990.00  |-40.00    |-5.00     |239       |2,415       |91       |1,193.99     |0.00                   |
2020-10-27 |CJ101        |10,085.00  |10,075.00|10,125.00|10,030.00|10,045.00|10,080.00 |-40.00    |-5.00     |14,268    |17,371      |-342     |71,916.69    |0.00                   |
2020-10-27 |CJ103        |10,030.00  |10,100.00|10,100.00|9,930.00 |9,950.00 |9,980.00  |-80.00    |-50.00    |8         |428         |-2       |39.92        |0.00                   |
2020-10-27 |CJ105        |10,025.00  |10,050.00|10,050.00|9,950.00 |9,980.00 |9,975.00  |-45.00    |-50.00    |467       |1,326       |-100     |2,329.57     |0.00                   |
2020-10-27 |CJ107        |10,050.00  |10,000.00|10,000.00|10,000.00|10,000.00|10,000.00 |-50.00    |-50.00    |1         |311         |-1       |5.00         |0.00                   |
2020-10-27 |CJ109        |10,120.00  |10,110.00|10,110.00|10,000.00|10,010.00|10,030.00 |-110.00   |-90.00    |19        |38          |7        |95.30        |0.00                   |
2020-10-28 |CJ012        |9,990.00   |9,885.00 |9,960.00 |9,700.00 |9,710.00 |9,825.00  |-280.00   |-165.00   |622       |2,226       |-189     |3,056.21     |0.00                   |
2020-10-28 |CJ101        |10,080.00  |10,065.00|10,090.00|9,790.00 |9,805.00 |9,910.00  |-275.00   |-170.00   |33,041    |18,149      |778      |163,735.52   |0.00                   |
2020-10-28 |CJ103        |9,980.00   |9,950.00 |9,970.00 |9,800.00 |9,800.00 |9,880.00  |-180.00   |-100.00   |48        |421         |-7       |237.06       |0.00                   |
2020-10-28 |CJ105        |9,975.00   |9,980.00 |10,000.00|9,850.00 |9,875.00 |9,920.00  |-100.00   |-55.00    |717       |1,386       |60       |3,555.48     |0.00                   |
2020-10-28 |CJ107        |10,000.00  |9,920.00 |9,945.00 |9,920.00 |9,945.00 |9,935.00  |-55.00    |-65.00    |2         |309         |-2       |9.94         |0.00                   |
2020-10-28 |CJ109        |10,030.00  |9,940.00 |9,940.00 |9,940.00 |9,940.00 |9,940.00  |-90.00    |-90.00    |3         |37          |-1       |14.91        |0.00                   |
2020-10-29 |CJ012        |9,825.00   |9,715.00 |9,735.00 |9,635.00 |9,705.00 |9,700.00  |-120.00   |-125.00   |714       |1,809       |-417     |3,463.63     |0.00                   |
2020-10-29 |CJ101        |9,910.00   |9,770.00 |9,835.00 |9,715.00 |9,775.00 |9,780.00  |-135.00   |-130.00   |23,629    |17,942      |-207     |115,575.10   |0.00                   |
2020-10-29 |CJ103        |9,880.00   |9,690.00 |9,820.00 |9,690.00 |9,805.00 |9,695.00  |-75.00    |-185.00   |312       |724         |303      |1,512.28     |0.00                   |
2020-10-29 |CJ105        |9,920.00   |9,870.00 |9,915.00 |9,830.00 |9,865.00 |9,875.00  |-55.00    |-45.00    |721       |1,699       |313      |3,559.73     |0.00                   |
2020-10-29 |CJ107        |9,935.00   |9,885.00 |9,930.00 |9,885.00 |9,900.00 |9,905.00  |-35.00    |-30.00    |4         |310         |1        |19.81        |0.00                   |
2020-10-29 |CJ109        |9,940.00   |9,880.00 |9,925.00 |9,880.00 |9,900.00 |9,910.00  |-40.00    |-30.00    |6         |38          |1        |29.73        |0.00                   |
2020-10-30 |CJ012        |9,700.00   |9,710.00 |9,915.00 |9,710.00 |9,760.00 |9,775.00  |60.00     |75.00     |790       |1,424       |-385     |3,860.45     |0.00                   |
2020-10-30 |CJ101        |9,780.00   |9,800.00 |10,015.00|9,785.00 |9,865.00 |9,890.00  |85.00     |110.00    |33,627    |16,276      |-1,666   |166,297.50   |0.00                   |
2020-10-30 |CJ103        |9,695.00   |9,860.00 |9,985.00 |9,830.00 |9,890.00 |9,910.00  |195.00    |215.00    |25        |722         |-2       |123.87       |0.00                   |
2020-10-30 |CJ105        |9,875.00   |9,905.00 |10,025.00|9,885.00 |9,940.00 |9,960.00  |65.00     |85.00     |604       |1,651       |-48      |3,007.28     |0.00                   |
2020-10-30 |CJ107        |9,905.00   |9,950.00 |9,950.00 |9,950.00 |9,950.00 |9,950.00  |45.00     |45.00     |1         |309         |-1       |4.98         |0.00                   |
2020-10-30 |CJ109        |9,910.00   |9,935.00 |9,995.00 |9,920.00 |9,920.00 |9,960.00  |10.00     |50.00     |8         |40          |2        |39.83        |0.00                   |
2020-11-02 |CJ012        |9,775.00   |9,800.00 |9,885.00 |9,775.00 |9,800.00 |9,845.00  |25.00     |70.00     |900       |1,064       |-360     |4,430.92     |0.00                   |
2020-11-02 |CJ101        |9,890.00   |9,900.00 |9,995.00 |9,875.00 |9,900.00 |9,930.00  |10.00     |40.00     |16,573    |15,494      |-782     |82,272.26    |0.00                   |
2020-11-02 |CJ103        |9,910.00   |9,940.00 |9,940.00 |9,895.00 |9,895.00 |9,920.00  |-15.00    |10.00     |2         |720         |-2       |9.92         |0.00                   |
2020-11-02 |CJ105        |9,960.00   |9,955.00 |10,015.00|9,920.00 |9,930.00 |9,980.00  |-30.00    |20.00     |168       |1,633       |-18      |838.30       |0.00                   |
2020-11-02 |CJ107        |9,950.00   |0.00     |0.00     |0.00     |0.00     |9,950.00  |0.00      |0.00      |0         |309         |0        |0.00         |0.00                   |
2020-11-02 |CJ109        |9,960.00   |9,960.00 |9,960.00 |9,960.00 |9,960.00 |9,960.00  |0.00      |0.00      |1         |40          |0        |4.98         |0.00                   |
2020-11-03 |CJ012        |9,845.00   |9,755.00 |9,855.00 |9,755.00 |9,800.00 |9,780.00  |-45.00    |-65.00    |268       |955         |-109     |1,310.40     |0.00                   |
2020-11-03 |CJ101        |9,930.00   |9,910.00 |9,960.00 |9,855.00 |9,905.00 |9,900.00  |-25.00    |-30.00    |12,749    |15,435      |-59      |63,112.40    |0.00                   |
2020-11-03 |CJ103        |9,920.00   |9,905.00 |9,910.00 |9,885.00 |9,905.00 |9,900.00  |-15.00    |-20.00    |8         |719         |-1       |39.61        |0.00                   |
2020-11-03 |CJ105        |9,980.00   |9,960.00 |9,985.00 |9,920.00 |9,985.00 |9,950.00  |5.00      |-30.00    |185       |1,673       |40       |920.21       |0.00                   |
2020-11-03 |CJ107        |9,950.00   |9,970.00 |9,970.00 |9,970.00 |9,970.00 |9,970.00  |20.00     |20.00     |2         |307         |-2       |9.97         |0.00                   |
2020-11-03 |CJ109        |9,960.00   |9,870.00 |10,010.00|9,870.00 |9,955.00 |9,880.00  |-5.00     |-80.00    |217       |248         |208      |1,071.77     |0.00                   |
2020-11-04 |CJ012        |9,780.00   |9,815.00 |9,905.00 |9,790.00 |9,810.00 |9,835.00  |30.00     |55.00     |106       |937         |-18      |521.27       |0.00                   |
2020-11-04 |CJ101        |9,900.00   |9,905.00 |10,005.00|9,880.00 |9,895.00 |9,930.00  |-5.00     |30.00     |15,453    |14,643      |-792     |76,719.42    |0.00                   |
2020-11-04 |CJ103        |9,900.00   |9,920.00 |9,935.00 |9,920.00 |9,935.00 |9,930.00  |35.00     |30.00     |3         |719         |0        |14.90        |0.00                   |
2020-11-04 |CJ105        |9,950.00   |10,000.00|10,025.00|9,905.00 |9,905.00 |9,980.00  |-45.00    |30.00     |462       |1,704       |31       |2,305.19     |0.00                   |
2020-11-04 |CJ107        |9,970.00   |0.00     |0.00     |0.00     |0.00     |9,970.00  |0.00      |0.00      |0         |307         |0        |0.00         |0.00                   |
2020-11-04 |CJ109        |9,880.00   |10,000.00|10,000.00|9,985.00 |9,985.00 |9,990.00  |105.00    |110.00    |9         |249         |1        |44.97        |0.00                   |
2020-11-05 |CJ012        |9,835.00   |9,800.00 |9,805.00 |9,690.00 |9,750.00 |9,735.00  |-85.00    |-100.00   |210       |941         |4        |1,022.09     |0.00                   |
2020-11-05 |CJ101        |9,930.00   |9,910.00 |9,930.00 |9,770.00 |9,835.00 |9,830.00  |-95.00    |-100.00   |20,648    |15,245      |602      |101,464.02   |0.00                   |
2020-11-05 |CJ103        |9,930.00   |9,845.00 |9,845.00 |9,810.00 |9,810.00 |9,830.00  |-120.00   |-100.00   |6         |719         |0        |29.49        |0.00                   |
2020-11-05 |CJ105        |9,980.00   |9,950.00 |9,960.00 |9,835.00 |9,905.00 |9,900.00  |-75.00    |-80.00    |332       |1,779       |75       |1,643.34     |0.00                   |
2020-11-05 |CJ107        |9,970.00   |9,940.00 |9,940.00 |9,940.00 |9,940.00 |9,940.00  |-30.00    |-30.00    |1         |307         |0        |4.97         |0.00                   |
2020-11-05 |CJ109        |9,990.00   |9,980.00 |9,980.00 |9,935.00 |9,935.00 |9,975.00  |-55.00    |-15.00    |8         |243         |-6       |39.90        |0.00                   |
2020-11-06 |CJ012        |9,735.00   |9,755.00 |9,785.00 |9,725.00 |9,725.00 |9,750.00  |-10.00    |15.00     |63        |933         |-8       |307.07       |0.00                   |
2020-11-06 |CJ101        |9,830.00   |9,835.00 |9,905.00 |9,800.00 |9,820.00 |9,845.00  |-10.00    |15.00     |12,363    |15,306      |61       |60,854.45    |0.00                   |
2020-11-06 |CJ103        |9,830.00   |9,860.00 |9,860.00 |9,815.00 |9,815.00 |9,840.00  |-15.00    |10.00     |4         |722         |3        |19.69        |0.00                   |
2020-11-06 |CJ105        |9,900.00   |9,915.00 |9,960.00 |9,865.00 |9,885.00 |9,915.00  |-15.00    |15.00     |225       |1,785       |6        |1,115.52     |0.00                   |
2020-11-06 |CJ107        |9,940.00   |0.00     |0.00     |0.00     |0.00     |9,940.00  |0.00      |0.00      |0         |307         |0        |0.00         |0.00                   |
2020-11-06 |CJ109        |9,975.00   |9,995.00 |9,995.00 |9,965.00 |9,965.00 |9,980.00  |-10.00    |5.00      |2         |243         |0        |9.98         |0.00                   |
2020-11-09 |CJ012        |9,750.00   |9,715.00 |9,820.00 |9,650.00 |9,805.00 |9,760.00  |55.00     |10.00     |156       |866         |-67      |761.34       |0.00                   |
2020-11-09 |CJ101        |9,845.00   |9,835.00 |9,945.00 |9,735.00 |9,900.00 |9,840.00  |55.00     |-5.00     |19,348    |14,973      |-333     |95,194.58    |0.00                   |
2020-11-09 |CJ103        |9,840.00   |9,770.00 |9,880.00 |9,750.00 |9,820.00 |9,800.00  |-20.00    |-40.00    |27        |718         |-4       |132.30       |0.00                   |
2020-11-09 |CJ105        |9,915.00   |9,920.00 |9,920.00 |9,725.00 |9,805.00 |9,820.00  |-110.00   |-95.00    |755       |1,626       |-159     |3,706.30     |0.00                   |
2020-11-09 |CJ107        |9,940.00   |9,825.00 |9,890.00 |9,825.00 |9,890.00 |9,860.00  |-50.00    |-80.00    |2         |308         |1        |9.86         |0.00                   |
2020-11-09 |CJ109        |9,980.00   |9,850.00 |9,945.00 |9,815.00 |9,945.00 |9,905.00  |-35.00    |-75.00    |13        |246         |3        |64.37        |0.00                   |
2020-11-10 |CJ012        |9,760.00   |9,870.00 |9,890.00 |9,805.00 |9,850.00 |9,850.00  |90.00     |90.00     |55        |852         |-14      |270.91       |0.00                   |
2020-11-10 |CJ101        |9,840.00   |9,920.00 |10,000.00|9,870.00 |9,925.00 |9,930.00  |85.00     |90.00     |23,525    |15,916      |943      |116,826.69   |0.00                   |
2020-11-10 |CJ103        |9,800.00   |9,885.00 |9,935.00 |9,875.00 |9,915.00 |9,895.00  |115.00    |95.00     |20        |718         |0        |98.96        |0.00                   |
2020-11-10 |CJ105        |9,820.00   |9,850.00 |9,980.00 |9,845.00 |9,980.00 |9,905.00  |160.00    |85.00     |552       |1,641       |15       |2,734.19     |0.00                   |
2020-11-10 |CJ107        |9,860.00   |0.00     |0.00     |0.00     |0.00     |9,970.00  |110.00    |110.00    |0         |308         |0        |0.00         |0.00                   |
2020-11-10 |CJ109        |9,905.00   |9,990.00 |10,050.00|9,990.00 |10,050.00|9,995.00  |145.00    |90.00     |9         |249         |3        |44.99        |0.00                   |
2020-11-11 |CJ012        |9,850.00   |9,880.00 |9,920.00 |9,825.00 |9,870.00 |9,870.00  |20.00     |20.00     |111       |854         |2        |547.85       |0.00                   |
2020-11-11 |CJ101        |9,930.00   |9,930.00 |10,030.00|9,915.00 |9,980.00 |9,970.00  |50.00     |40.00     |18,322    |16,083      |167      |91,319.89    |0.00                   |
2020-11-11 |CJ103        |9,895.00   |9,980.00 |9,995.00 |9,910.00 |9,950.00 |9,935.00  |55.00     |40.00     |12        |715         |-3       |59.62        |0.00                   |
2020-11-11 |CJ105        |9,905.00   |9,980.00 |10,005.00|9,940.00 |9,985.00 |9,980.00  |80.00     |75.00     |243       |1,675       |34       |1,212.48     |0.00                   |
2020-11-11 |CJ107        |9,970.00   |0.00     |0.00     |0.00     |0.00     |9,990.00  |20.00     |20.00     |0         |308         |0        |0.00         |0.00                   |
2020-11-11 |CJ109        |9,995.00   |10,020.00|10,020.00|9,975.00 |9,990.00 |10,010.00 |-5.00     |15.00     |21        |261         |12       |105.08       |0.00                   |
2020-11-12 |CJ012        |9,870.00   |9,915.00 |9,915.00 |9,840.00 |9,875.00 |9,855.00  |5.00      |-15.00    |302       |633         |-221     |1,488.45     |0.00                   |
2020-11-12 |CJ101        |9,970.00   |9,990.00 |10,025.00|9,925.00 |9,970.00 |9,970.00  |0.00      |0.00      |14,918    |16,321      |238      |74,366.11    |0.00                   |
2020-11-12 |CJ103        |9,935.00   |9,950.00 |9,950.00 |9,850.00 |9,850.00 |9,905.00  |-85.00    |-30.00    |24        |736         |21       |118.87       |0.00                   |
2020-11-12 |CJ105        |9,980.00   |10,000.00|10,000.00|9,865.00 |9,870.00 |9,920.00  |-110.00   |-60.00    |503       |1,667       |-8       |2,494.57     |0.00                   |
2020-11-12 |CJ107        |9,990.00   |9,960.00 |9,960.00 |9,900.00 |9,900.00 |9,925.00  |-90.00    |-65.00    |5         |309         |1        |24.81        |0.00                   |
2020-11-12 |CJ109        |10,010.00  |9,975.00 |10,000.00|9,870.00 |9,900.00 |9,950.00  |-110.00   |-60.00    |36        |271         |10       |179.13       |0.00                   |
2020-11-13 |CJ012        |9,855.00   |9,870.00 |9,910.00 |9,825.00 |9,885.00 |9,875.00  |30.00     |20.00     |120       |589         |-44      |592.47       |0.00                   |
2020-11-13 |CJ101        |9,970.00   |9,985.00 |10,030.00|9,915.00 |9,955.00 |9,975.00  |-15.00    |5.00      |21,435    |16,506      |185      |106,912.64   |0.00                   |
2020-11-13 |CJ103        |9,905.00   |9,880.00 |9,905.00 |9,860.00 |9,860.00 |9,875.00  |-45.00    |-30.00    |55        |783         |47       |271.52       |0.00                   |
2020-11-13 |CJ105        |9,920.00   |9,870.00 |9,915.00 |9,810.00 |9,835.00 |9,870.00  |-85.00    |-50.00    |449       |1,849       |182      |2,215.59     |0.00                   |
2020-11-13 |CJ107        |9,925.00   |0.00     |0.00     |0.00     |0.00     |9,905.00  |-20.00    |-20.00    |0         |309         |0        |0.00         |0.00                   |
2020-11-13 |CJ109        |9,950.00   |9,880.00 |9,885.00 |9,880.00 |9,880.00 |9,880.00  |-70.00    |-70.00    |9         |273         |2        |44.47        |0.00                   |
2020-11-16 |CJ012        |9,875.00   |9,850.00 |9,850.00 |9,650.00 |9,650.00 |9,750.00  |-225.00   |-125.00   |318       |522         |-67      |1,550.42     |0.00                   |
2020-11-16 |CJ101        |9,975.00   |9,930.00 |9,945.00 |9,770.00 |9,775.00 |9,850.00  |-200.00   |-125.00   |24,479    |16,553      |47       |120,532.82   |0.00                   |
2020-11-16 |CJ103        |9,875.00   |9,830.00 |9,835.00 |9,735.00 |9,760.00 |9,775.00  |-115.00   |-100.00   |26        |782         |-1       |127.08       |0.00                   |
2020-11-16 |CJ105        |9,870.00   |9,845.00 |9,860.00 |9,785.00 |9,790.00 |9,830.00  |-80.00    |-40.00    |831       |1,998       |149      |4,083.90     |0.00                   |
2020-11-16 |CJ107        |9,905.00   |0.00     |0.00     |0.00     |0.00     |9,830.00  |-75.00    |-75.00    |0         |309         |0        |0.00         |0.00                   |
2020-11-16 |CJ109        |9,880.00   |9,855.00 |9,855.00 |9,800.00 |9,800.00 |9,830.00  |-80.00    |-50.00    |2         |273         |0        |9.83         |0.00                   |
2020-11-17 |CJ012        |9,750.00   |9,650.00 |9,675.00 |9,555.00 |9,580.00 |9,615.00  |-170.00   |-135.00   |231       |542         |20       |1,110.82     |0.00                   |
2020-11-17 |CJ101        |9,850.00   |9,785.00 |9,795.00 |9,595.00 |9,635.00 |9,695.00  |-215.00   |-155.00   |33,373    |18,750      |2,197    |161,784.19   |0.00                   |
2020-11-17 |CJ103        |9,775.00   |9,700.00 |9,780.00 |9,665.00 |9,705.00 |9,745.00  |-70.00    |-30.00    |152       |758         |-24      |740.79       |0.00                   |
2020-11-17 |CJ105        |9,830.00   |9,795.00 |9,815.00 |9,690.00 |9,720.00 |9,765.00  |-110.00   |-65.00    |1,386     |1,931       |-67      |6,766.62     |0.00                   |
2020-11-17 |CJ107        |9,830.00   |9,780.00 |9,790.00 |9,765.00 |9,765.00 |9,780.00  |-65.00    |-50.00    |6         |309         |0        |29.34        |0.00                   |
2020-11-17 |CJ109        |9,830.00   |9,785.00 |9,800.00 |9,640.00 |9,640.00 |9,720.00  |-190.00   |-110.00   |74        |327         |54       |359.61       |0.00                   |
2020-11-18 |CJ012        |9,615.00   |9,560.00 |9,650.00 |9,560.00 |9,640.00 |9,615.00  |25.00     |0.00      |15        |536         |-6       |72.13        |0.00                   |
2020-11-18 |CJ101        |9,695.00   |9,635.00 |9,725.00 |9,620.00 |9,725.00 |9,675.00  |30.00     |-20.00    |15,366    |18,243      |-507     |74,315.47    |0.00                   |
2020-11-18 |CJ103        |9,745.00   |9,740.00 |9,765.00 |9,740.00 |9,765.00 |9,755.00  |20.00     |10.00     |21        |766         |8        |102.45       |0.00                   |
2020-11-18 |CJ105        |9,765.00   |9,735.00 |9,835.00 |9,700.00 |9,835.00 |9,765.00  |70.00     |0.00      |455       |1,881       |-50      |2,221.51     |0.00                   |
2020-11-18 |CJ107        |9,780.00   |0.00     |0.00     |0.00     |0.00     |9,780.00  |0.00      |0.00      |0         |309         |0        |0.00         |0.00                   |
2020-11-18 |CJ109        |9,720.00   |9,720.00 |9,755.00 |9,705.00 |9,750.00 |9,730.00  |30.00     |10.00     |21        |344         |17       |102.16       |0.00                   |
2020-11-19 |CJ012        |9,615.00   |9,650.00 |9,850.00 |9,650.00 |9,800.00 |9,785.00  |185.00    |170.00    |189       |425         |-111     |924.58       |0.00                   |
2020-11-19 |CJ101        |9,675.00   |9,730.00 |9,895.00 |9,725.00 |9,820.00 |9,805.00  |145.00    |130.00    |20,618    |16,173      |-2,070   |101,084.97   |0.00                   |
2020-11-19 |CJ103        |9,755.00   |9,865.00 |9,940.00 |9,835.00 |9,845.00 |9,880.00  |90.00     |125.00    |59        |758         |-8       |291.45       |0.00                   |
2020-11-19 |CJ105        |9,765.00   |9,835.00 |9,915.00 |9,810.00 |9,865.00 |9,855.00  |100.00    |90.00     |537       |1,767       |-114     |2,646.22     |0.00                   |
2020-11-19 |CJ107        |9,780.00   |9,870.00 |9,870.00 |9,830.00 |9,830.00 |9,840.00  |50.00     |60.00     |6         |312         |3        |29.53        |0.00                   |
2020-11-19 |CJ109        |9,730.00   |9,795.00 |9,895.00 |9,795.00 |9,825.00 |9,855.00  |95.00     |125.00    |105       |296         |-48      |517.34       |0.00                   |
2020-11-20 |CJ012        |9,785.00   |9,750.00 |9,860.00 |9,750.00 |9,860.00 |9,820.00  |75.00     |35.00     |131       |375         |-50      |643.22       |0.00                   |
2020-11-20 |CJ101        |9,805.00   |9,830.00 |9,980.00 |9,765.00 |9,970.00 |9,895.00  |165.00    |90.00     |27,876    |18,396      |2,223    |137,917.16   |0.00                   |
2020-11-20 |CJ103        |9,880.00   |9,825.00 |9,930.00 |9,825.00 |9,910.00 |9,900.00  |30.00     |20.00     |33        |753         |-5       |163.32       |0.00                   |
2020-11-20 |CJ105        |9,855.00   |9,875.00 |9,925.00 |9,820.00 |9,905.00 |9,890.00  |50.00     |35.00     |691       |1,838       |71       |3,417.21     |0.00                   |
2020-11-20 |CJ107        |9,840.00   |0.00     |0.00     |0.00     |0.00     |9,860.00  |20.00     |20.00     |0         |312         |0        |0.00         |0.00                   |
2020-11-20 |CJ109        |9,855.00   |9,955.00 |10,000.00|9,900.00 |9,955.00 |9,955.00  |100.00    |100.00    |68        |287         |-9       |338.46       |0.00                   |
2020-11-23 |CJ012        |9,820.00   |9,925.00 |9,960.00 |9,875.00 |9,900.00 |9,925.00  |80.00     |105.00    |66        |367         |-8       |327.49       |0.00                   |
2020-11-23 |CJ101        |9,895.00   |9,990.00 |10,075.00|9,950.00 |10,010.00|10,015.00 |115.00    |120.00    |24,141    |20,181      |1,785    |120,856.80   |0.00                   |
2020-11-23 |CJ103        |9,900.00   |9,950.00 |9,950.00 |9,880.00 |9,880.00 |9,915.00  |-20.00    |15.00     |82        |784         |31       |406.56       |0.00                   |
2020-11-23 |CJ105        |9,890.00   |9,955.00 |9,980.00 |9,880.00 |9,915.00 |9,935.00  |25.00     |45.00     |888       |2,020       |182      |4,410.77     |0.00                   |
2020-11-23 |CJ107        |9,860.00   |9,960.00 |9,960.00 |9,960.00 |9,960.00 |9,960.00  |100.00    |100.00    |1         |312         |0        |4.98         |0.00                   |
2020-11-23 |CJ109        |9,955.00   |9,920.00 |9,975.00 |9,915.00 |9,955.00 |9,935.00  |0.00      |-20.00    |35        |293         |6        |173.83       |0.00                   |
2020-11-24 |CJ012        |9,925.00   |9,885.00 |9,910.00 |9,800.00 |9,830.00 |9,825.00  |-95.00    |-100.00   |187       |336         |-31      |918.79       |0.00                   |
2020-11-24 |CJ101        |10,015.00  |10,000.00|10,020.00|9,815.00 |9,860.00 |9,905.00  |-155.00   |-110.00   |24,986    |17,026      |-3,155   |123,764.40   |0.00                   |
2020-11-24 |CJ103        |9,915.00   |9,875.00 |9,875.00 |9,785.00 |9,790.00 |9,805.00  |-125.00   |-110.00   |12        |783         |-1       |58.84        |0.00                   |
2020-11-24 |CJ105        |9,935.00   |9,910.00 |9,945.00 |9,790.00 |9,790.00 |9,845.00  |-145.00   |-90.00    |1,004     |2,043       |23       |4,943.04     |0.00                   |
2020-11-24 |CJ107        |9,960.00   |9,895.00 |9,895.00 |9,850.00 |9,860.00 |9,875.00  |-100.00   |-85.00    |7         |314         |2        |34.57        |0.00                   |
2020-11-24 |CJ109        |9,935.00   |9,860.00 |9,900.00 |9,855.00 |9,855.00 |9,870.00  |-80.00    |-65.00    |3         |292         |-1       |14.81        |0.00                   |
2020-11-25 |CJ012        |9,825.00   |9,890.00 |10,120.00|9,870.00 |9,970.00 |9,975.00  |145.00    |150.00    |65        |350         |14       |324.14       |0.00                   |
2020-11-25 |CJ101        |9,905.00   |9,880.00 |9,960.00 |9,865.00 |9,945.00 |9,915.00  |40.00     |10.00     |13,290    |15,121      |-1,905   |65,882.76    |0.00                   |
2020-11-25 |CJ103        |9,805.00   |9,810.00 |9,850.00 |9,805.00 |9,850.00 |9,845.00  |45.00     |40.00     |46        |755         |-28      |226.38       |0.00                   |
2020-11-25 |CJ105        |9,845.00   |9,800.00 |9,865.00 |9,795.00 |9,865.00 |9,850.00  |20.00     |5.00      |788       |2,091       |48       |3,880.02     |0.00                   |
2020-11-25 |CJ107        |9,875.00   |9,870.00 |9,885.00 |9,870.00 |9,885.00 |9,875.00  |10.00     |0.00      |3         |313         |-1       |14.82        |0.00                   |
2020-11-25 |CJ109        |9,870.00   |9,895.00 |9,895.00 |9,865.00 |9,895.00 |9,885.00  |25.00     |15.00     |7         |293         |1        |34.59        |0.00                   |
2020-11-26 |CJ012        |9,975.00   |10,030.00|10,120.00|9,925.00 |10,000.00|10,010.00 |25.00     |35.00     |56        |306         |-44      |280.29       |0.00                   |
2020-11-26 |CJ101        |9,915.00   |9,955.00 |10,000.00|9,910.00 |9,915.00 |9,955.00  |0.00      |40.00     |14,593    |15,500      |379      |72,625.15    |0.00                   |
2020-11-26 |CJ103        |9,845.00   |9,860.00 |9,895.00 |9,855.00 |9,855.00 |9,865.00  |10.00     |20.00     |8         |755         |0        |39.47        |0.00                   |
2020-11-26 |CJ105        |9,850.00   |9,880.00 |9,910.00 |9,860.00 |9,885.00 |9,890.00  |35.00     |40.00     |712       |2,394       |303      |3,520.35     |0.00                   |
2020-11-26 |CJ107        |9,875.00   |0.00     |0.00     |0.00     |0.00     |9,875.00  |0.00      |0.00      |0         |313         |0        |0.00         |0.00                   |
2020-11-26 |CJ109        |9,885.00   |0.00     |0.00     |0.00     |0.00     |9,885.00  |0.00      |0.00      |0         |293         |0        |0.00         |0.00                   |
2020-11-27 |CJ012        |10,010.00  |9,950.00 |10,090.00|9,950.00 |10,030.00|9,975.00  |20.00     |-35.00    |133       |205         |-101     |663.43       |0.00                   |
2020-11-27 |CJ101        |9,955.00   |9,935.00 |9,980.00 |9,850.00 |9,975.00 |9,930.00  |20.00     |-25.00    |14,145    |14,264      |-1,236   |70,235.88    |0.00                   |
2020-11-27 |CJ103        |9,865.00   |9,905.00 |9,905.00 |9,885.00 |9,885.00 |9,900.00  |20.00     |35.00     |3         |755         |0        |14.85        |0.00                   |
2020-11-27 |CJ105        |9,890.00   |9,900.00 |9,935.00 |9,855.00 |9,925.00 |9,895.00  |35.00     |5.00      |551       |2,486       |92       |2,725.75     |0.00                   |
2020-11-27 |CJ107        |9,875.00   |9,900.00 |9,905.00 |9,900.00 |9,905.00 |9,900.00  |30.00     |25.00     |11        |315         |2        |54.47        |0.00                   |
2020-11-27 |CJ109        |9,885.00   |9,820.00 |9,930.00 |9,820.00 |9,920.00 |9,830.00  |35.00     |-55.00    |114       |400         |107      |560.28       |0.00                   |
2020-11-30 |CJ012        |9,975.00   |9,990.00 |10,110.00|9,945.00 |10,065.00|10,040.00 |90.00     |65.00     |180       |183         |-22      |903.65       |0.00                   |
2020-11-30 |CJ101        |9,930.00   |9,985.00 |10,015.00|9,685.00 |9,690.00 |9,840.00  |-240.00   |-90.00    |32,559    |14,375      |111      |160,194.06   |0.00                   |
2020-11-30 |CJ103        |9,900.00   |9,985.00 |9,985.00 |9,770.00 |9,770.00 |9,850.00  |-130.00   |-50.00    |51        |788         |33       |251.15       |0.00                   |
2020-11-30 |CJ105        |9,895.00   |9,925.00 |10,010.00|9,830.00 |9,835.00 |9,880.00  |-60.00    |-15.00    |1,637     |2,720       |234      |8,087.79     |0.00                   |
2020-11-30 |CJ107        |9,900.00   |10,010.00|10,010.00|9,860.00 |9,860.00 |9,900.00  |-40.00    |0.00      |4         |318         |3        |19.81        |0.00                   |
2020-11-30 |CJ109        |9,830.00   |9,970.00 |9,970.00 |9,845.00 |9,845.00 |9,910.00  |15.00     |80.00     |11        |405         |5        |54.50        |0.00                   |
2020-12-01 |CJ012        |10,040.00  |9,970.00 |9,970.00 |9,755.00 |9,870.00 |9,890.00  |-170.00   |-150.00   |14        |172         |-11      |69.24        |9,885.00               |
2020-12-01 |CJ101        |9,840.00   |9,690.00 |9,740.00 |9,515.00 |9,550.00 |9,610.00  |-290.00   |-230.00   |29,650    |16,186      |1,811    |142,500.38   |0.00                   |
2020-12-01 |CJ103        |9,850.00   |9,765.00 |9,765.00 |9,640.00 |9,655.00 |9,675.00  |-195.00   |-175.00   |111       |807         |19       |537.09       |0.00                   |
2020-12-01 |CJ105        |9,880.00   |9,810.00 |9,850.00 |9,620.00 |9,620.00 |9,735.00  |-260.00   |-145.00   |2,540     |3,926       |1,206    |12,361.16    |0.00                   |
2020-12-01 |CJ107        |9,900.00   |9,855.00 |9,855.00 |9,665.00 |9,665.00 |9,825.00  |-235.00   |-75.00    |12        |316         |-2       |58.96        |0.00                   |
2020-12-01 |CJ109        |9,910.00   |9,785.00 |9,850.00 |9,700.00 |9,700.00 |9,760.00  |-210.00   |-150.00   |41        |423         |18       |200.10       |0.00                   |
2020-12-02 |CJ012        |9,890.00   |9,900.00 |9,900.00 |9,780.00 |9,800.00 |9,835.00  |-90.00    |-55.00    |10        |96          |-76      |49.17        |9,910.00               |
2020-12-02 |CJ101        |9,610.00   |9,580.00 |9,695.00 |9,530.00 |9,630.00 |9,635.00  |20.00     |25.00     |17,205    |15,295      |-891     |82,871.58    |0.00                   |
2020-12-02 |CJ103        |9,675.00   |9,675.00 |9,740.00 |9,665.00 |9,725.00 |9,690.00  |50.00     |15.00     |80        |800         |-7       |387.61       |0.00                   |
2020-12-02 |CJ105        |9,735.00   |9,630.00 |9,775.00 |9,620.00 |9,775.00 |9,705.00  |40.00     |-30.00    |1,847     |4,130       |204      |8,961.78     |0.00                   |
2020-12-02 |CJ107        |9,825.00   |9,700.00 |9,785.00 |9,700.00 |9,785.00 |9,755.00  |-40.00    |-70.00    |3         |316         |0        |14.63        |0.00                   |
2020-12-02 |CJ109        |9,760.00   |9,725.00 |9,800.00 |9,725.00 |9,795.00 |9,760.00  |35.00     |0.00      |15        |420         |-3       |73.22        |0.00                   |
2020-12-03 |CJ012        |9,835.00   |9,800.00 |9,815.00 |9,755.00 |9,755.00 |9,770.00  |-80.00    |-65.00    |12        |68          |-28      |58.63        |9,905.00               |
2020-12-03 |CJ101        |9,635.00   |9,650.00 |9,795.00 |9,635.00 |9,720.00 |9,720.00  |85.00     |85.00     |18,274    |13,145      |-2,150   |88,790.01    |0.00                   |
2020-12-03 |CJ103        |9,690.00   |9,745.00 |9,785.00 |9,720.00 |9,745.00 |9,755.00  |55.00     |65.00     |37        |782         |-18      |180.46       |0.00                   |
2020-12-03 |CJ105        |9,705.00   |9,720.00 |9,775.00 |9,710.00 |9,760.00 |9,740.00  |55.00     |35.00     |1,557     |4,335       |205      |7,583.76     |0.00                   |
2020-12-03 |CJ107        |9,755.00   |9,795.00 |9,795.00 |9,795.00 |9,795.00 |9,795.00  |40.00     |40.00     |1         |316         |0        |4.90         |0.00                   |
2020-12-03 |CJ109        |9,760.00   |9,825.00 |9,840.00 |9,790.00 |9,840.00 |9,820.00  |80.00     |60.00     |32        |434         |14       |157.11       |0.00                   |
2020-12-04 |CJ012        |9,770.00   |9,785.00 |9,785.00 |9,785.00 |9,785.00 |9,785.00  |15.00     |15.00     |2         |66          |-2       |9.79         |9,905.00               |
2020-12-04 |CJ101        |9,720.00   |9,740.00 |9,750.00 |9,660.00 |9,680.00 |9,705.00  |-40.00    |-15.00    |9,594     |12,203      |-942     |46,545.32    |0.00                   |
2020-12-04 |CJ103        |9,755.00   |9,770.00 |9,770.00 |9,750.00 |9,765.00 |9,755.00  |10.00     |0.00      |5         |787         |5        |24.40        |0.00                   |
2020-12-04 |CJ105        |9,740.00   |9,760.00 |9,805.00 |9,740.00 |9,800.00 |9,780.00  |60.00     |40.00     |835       |4,190       |-145     |4,082.97     |0.00                   |
2020-12-04 |CJ107        |9,795.00   |0.00     |0.00     |0.00     |0.00     |9,815.00  |20.00     |20.00     |0         |316         |0        |0.00         |0.00                   |
2020-12-04 |CJ109        |9,820.00   |9,845.00 |9,870.00 |9,800.00 |9,845.00 |9,845.00  |25.00     |25.00     |25        |431         |-3       |123.09       |0.00                   |
2020-12-07 |CJ012        |9,785.00   |9,840.00 |9,870.00 |9,840.00 |9,870.00 |9,850.00  |85.00     |65.00     |4         |45          |-21      |19.70        |9,895.00               |
2020-12-07 |CJ101        |9,705.00   |9,705.00 |9,730.00 |9,620.00 |9,650.00 |9,675.00  |-55.00    |-30.00    |10,941    |11,830      |-373     |52,914.86    |0.00                   |
2020-12-07 |CJ103        |9,755.00   |9,790.00 |9,790.00 |9,735.00 |9,745.00 |9,765.00  |-10.00    |10.00     |12        |786         |-1       |58.58        |0.00                   |
2020-12-07 |CJ105        |9,780.00   |9,800.00 |9,820.00 |9,720.00 |9,775.00 |9,770.00  |-5.00     |-10.00    |769       |4,284       |94       |3,756.34     |0.00                   |
2020-12-07 |CJ107        |9,815.00   |0.00     |0.00     |0.00     |0.00     |9,815.00  |0.00      |0.00      |0         |316         |0        |0.00         |0.00                   |
2020-12-07 |CJ109        |9,845.00   |9,825.00 |9,835.00 |9,825.00 |9,835.00 |9,830.00  |-10.00    |-15.00    |3         |432         |1        |14.75        |0.00                   |
2020-12-08 |CJ012        |9,850.00   |9,360.00 |9,975.00 |9,355.00 |9,560.00 |9,485.00  |-290.00   |-365.00   |7         |47          |2        |33.20        |9,860.00               |
2020-12-08 |CJ101        |9,675.00   |9,660.00 |9,720.00 |9,645.00 |9,700.00 |9,685.00  |25.00     |10.00     |9,565     |11,325      |-505     |46,316.03    |0.00                   |
2020-12-08 |CJ103        |9,765.00   |9,765.00 |9,765.00 |9,725.00 |9,750.00 |9,745.00  |-15.00    |-20.00    |47        |774         |-12      |228.96       |0.00                   |
2020-12-08 |CJ105        |9,770.00   |9,775.00 |9,810.00 |9,750.00 |9,800.00 |9,780.00  |30.00     |10.00     |720       |4,321       |37       |3,521.31     |0.00                   |
2020-12-08 |CJ107        |9,815.00   |9,800.00 |9,800.00 |9,800.00 |9,800.00 |9,800.00  |-15.00    |-15.00    |1         |315         |-1       |4.90         |0.00                   |
2020-12-08 |CJ109        |9,830.00   |9,870.00 |9,870.00 |9,850.00 |9,850.00 |9,860.00  |20.00     |30.00     |2         |434         |2        |9.86         |0.00                   |
2020-12-09 |CJ012        |9,485.00   |9,780.00 |9,780.00 |9,705.00 |9,705.00 |9,735.00  |220.00    |250.00    |6         |47          |0        |29.21        |9,840.00               |
2020-12-09 |CJ101        |9,685.00   |9,720.00 |9,735.00 |9,560.00 |9,600.00 |9,635.00  |-85.00    |-50.00    |16,315    |11,972      |647      |78,607.22    |0.00                   |
2020-12-09 |CJ103        |9,745.00   |0.00     |0.00     |0.00     |0.00     |9,720.00  |-25.00    |-25.00    |0         |774         |0        |0.00         |0.00                   |
2020-12-09 |CJ105        |9,780.00   |9,800.00 |9,815.00 |9,690.00 |9,730.00 |9,765.00  |-50.00    |-15.00    |1,885     |4,618       |297      |9,205.84     |0.00                   |
2020-12-09 |CJ107        |9,800.00   |9,815.00 |9,815.00 |9,810.00 |9,810.00 |9,810.00  |10.00     |10.00     |3         |316         |1        |14.72        |0.00                   |
2020-12-09 |CJ109        |9,860.00   |9,880.00 |9,880.00 |9,760.00 |9,800.00 |9,835.00  |-60.00    |-25.00    |21        |440         |6        |103.25       |0.00                   |
2020-12-10 |CJ012        |9,735.00   |9,650.00 |9,650.00 |9,245.00 |9,250.00 |9,445.00  |-485.00   |-290.00   |19        |29          |-18      |89.72        |9,780.00               |
2020-12-10 |CJ101        |9,635.00   |9,615.00 |9,650.00 |9,165.00 |9,240.00 |9,340.00  |-395.00   |-295.00   |34,796    |13,961      |1,989    |162,514.76   |0.00                   |
2020-12-10 |CJ103        |9,720.00   |9,670.00 |9,675.00 |9,300.00 |9,465.00 |9,475.00  |-255.00   |-245.00   |260       |880         |106      |1,231.50     |0.00                   |
2020-12-10 |CJ105        |9,765.00   |9,730.00 |9,740.00 |9,455.00 |9,600.00 |9,620.00  |-165.00   |-145.00   |4,719     |5,405       |787      |22,695.10    |0.00                   |
2020-12-10 |CJ107        |9,810.00   |9,730.00 |9,730.00 |9,575.00 |9,605.00 |9,635.00  |-205.00   |-175.00   |16        |319         |3        |77.10        |0.00                   |
2020-12-10 |CJ109        |9,835.00   |9,805.00 |9,805.00 |9,550.00 |9,620.00 |9,640.00  |-215.00   |-195.00   |227       |581         |141      |1,094.35     |0.00                   |
2020-12-11 |CJ012        |9,445.00   |9,645.00 |9,645.00 |9,645.00 |9,645.00 |9,645.00  |200.00    |200.00    |4         |1           |-28      |19.29        |9,750.00               |
2020-12-11 |CJ101        |9,340.00   |9,260.00 |9,775.00 |9,215.00 |9,690.00 |9,530.00  |350.00    |190.00    |36,072    |9,721       |-4,240   |171,878.77   |0.00                   |
2020-12-11 |CJ103        |9,475.00   |9,480.00 |9,650.00 |9,470.00 |9,625.00 |9,590.00  |150.00    |115.00    |256       |932         |52       |1,227.23     |0.00                   |
2020-12-11 |CJ105        |9,620.00   |9,600.00 |9,780.00 |9,565.00 |9,775.00 |9,710.00  |155.00    |90.00     |5,433     |5,222       |-183     |26,380.91    |0.00                   |
2020-12-11 |CJ107        |9,635.00   |9,640.00 |9,775.00 |9,630.00 |9,770.00 |9,695.00  |135.00    |60.00     |15        |320         |1        |72.72        |0.00                   |
2020-12-11 |CJ109        |9,640.00   |9,600.00 |9,750.00 |9,535.00 |9,715.00 |9,670.00  |75.00     |30.00     |77        |616         |35       |372.24       |0.00                   |
2020-12-14 |CJ012        |9,645.00   |9,750.00 |9,750.00 |9,750.00 |9,750.00 |9,750.00  |105.00    |105.00    |6         |0           |-1       |29.25        |9,720.00               |
2020-12-14 |CJ101        |9,530.00   |9,745.00 |9,990.00 |9,745.00 |9,915.00 |9,895.00  |385.00    |365.00    |23,047    |6,763       |-2,958   |114,025.58   |0.00                   |
2020-12-14 |CJ103        |9,590.00   |9,680.00 |9,860.00 |9,635.00 |9,675.00 |9,720.00  |85.00     |130.00    |263       |910         |-22      |1,278.08     |0.00                   |
2020-12-14 |CJ105        |9,710.00   |9,800.00 |10,050.00|9,800.00 |9,860.00 |9,890.00  |150.00    |180.00    |7,859     |5,995       |773      |38,868.63    |0.00                   |
2020-12-14 |CJ107        |9,695.00   |10,045.00|10,045.00|9,860.00 |9,900.00 |9,925.00  |205.00    |230.00    |6         |322         |2        |29.78        |0.00                   |
2020-12-14 |CJ109        |9,670.00   |9,815.00 |10,015.00|9,790.00 |9,925.00 |9,885.00  |255.00    |215.00    |106       |595         |-21      |523.78       |0.00                   |
2020-12-15 |CJ101        |9,895.00   |9,950.00 |9,995.00 |9,870.00 |9,950.00 |9,925.00  |55.00     |30.00     |13,613    |4,661       |-2,102   |67,560.25    |0.00                   |
2020-12-15 |CJ103        |9,720.00   |9,745.00 |9,745.00 |9,680.00 |9,715.00 |9,715.00  |-5.00     |-5.00     |41        |914         |4        |199.15       |0.00                   |
2020-12-15 |CJ105        |9,890.00   |9,895.00 |9,955.00 |9,830.00 |9,895.00 |9,880.00  |5.00      |-10.00    |3,232     |6,608       |613      |15,966.41    |0.00                   |
2020-12-15 |CJ107        |9,925.00   |9,955.00 |9,955.00 |9,930.00 |9,930.00 |9,935.00  |5.00      |10.00     |4         |323         |1        |19.88        |0.00                   |
2020-12-15 |CJ109        |9,885.00   |9,950.00 |9,970.00 |9,855.00 |9,930.00 |9,895.00  |45.00     |10.00     |24        |601         |6        |118.75       |0.00                   |
2020-12-15 |CJ112        |9,885.00   |10,115.00|10,125.00|10,105.00|10,105.00|10,115.00 |220.00    |230.00    |5         |5           |5        |25.29        |0.00                   |
2020-12-16 |CJ101        |9,925.00   |9,940.00 |10,145.00|9,905.00 |10,110.00|10,030.00 |185.00    |105.00    |12,919    |4,457       |-204     |64,794.14    |0.00                   |
2020-12-16 |CJ103        |9,715.00   |9,700.00 |9,745.00 |9,660.00 |9,725.00 |9,715.00  |10.00     |0.00      |74        |894         |-20      |359.37       |0.00                   |
2020-12-16 |CJ105        |9,880.00   |9,915.00 |9,915.00 |9,815.00 |9,860.00 |9,850.00  |-20.00    |-30.00    |5,200     |7,301       |693      |25,613.06    |0.00                   |
2020-12-16 |CJ107        |9,935.00   |9,865.00 |9,895.00 |9,865.00 |9,895.00 |9,880.00  |-40.00    |-55.00    |3         |322         |-1       |14.82        |0.00                   |
2020-12-16 |CJ109        |9,895.00   |9,820.00 |9,915.00 |9,820.00 |9,895.00 |9,880.00  |0.00      |-15.00    |18        |610         |9        |88.92        |0.00                   |
2020-12-16 |CJ112        |10,115.00  |10,095.00|10,170.00|10,080.00|10,165.00|10,135.00 |50.00     |20.00     |15        |17          |12       |76.01        |0.00                   |
2020-12-17 |CJ101        |10,030.00  |10,050.00|10,130.00|9,795.00 |9,905.00 |9,980.00  |-125.00   |-50.00    |11,215    |3,605       |-852     |55,959.20    |0.00                   |
2020-12-17 |CJ103        |9,715.00   |9,715.00 |9,745.00 |9,610.00 |9,685.00 |9,675.00  |-30.00    |-40.00    |121       |910         |16       |585.39       |0.00                   |
2020-12-17 |CJ105        |9,850.00   |9,860.00 |9,900.00 |9,685.00 |9,765.00 |9,800.00  |-85.00    |-50.00    |8,455     |8,256       |955      |41,424.38    |0.00                   |
2020-12-17 |CJ107        |9,880.00   |9,525.00 |9,915.00 |9,525.00 |9,850.00 |9,530.00  |-30.00    |-350.00   |306       |622         |300      |1,458.39     |0.00                   |
2020-12-17 |CJ109        |9,880.00   |9,885.00 |9,925.00 |9,765.00 |9,790.00 |9,875.00  |-90.00    |-5.00     |388       |911         |301      |1,915.87     |0.00                   |
2020-12-17 |CJ112        |10,135.00  |10,165.00|10,165.00|9,950.00 |9,960.00 |10,025.00 |-175.00   |-110.00   |34        |6           |-11      |170.42       |0.00                   |
2020-12-18 |CJ101        |9,980.00   |9,930.00 |10,080.00|9,880.00 |10,035.00|10,000.00 |55.00     |20.00     |7,047     |2,942       |-663     |35,229.80    |0.00                   |
2020-12-18 |CJ103        |9,675.00   |9,715.00 |9,750.00 |9,670.00 |9,670.00 |9,700.00  |-5.00     |25.00     |58        |924         |14       |281.34       |0.00                   |
2020-12-18 |CJ105        |9,800.00   |9,780.00 |9,840.00 |9,735.00 |9,770.00 |9,790.00  |-30.00    |-10.00    |7,204     |8,097       |-159     |35,259.19    |0.00                   |
2020-12-18 |CJ107        |9,530.00   |0.00     |0.00     |0.00     |0.00     |9,790.00  |260.00    |260.00    |0         |622         |0        |0.00         |0.00                   |
2020-12-18 |CJ109        |9,875.00   |9,845.00 |9,870.00 |9,800.00 |9,805.00 |9,840.00  |-70.00    |-35.00    |36        |919         |8        |177.16       |0.00                   |
2020-12-18 |CJ112        |10,025.00  |10,295.00|10,295.00|10,010.00|10,010.00|10,085.00 |-15.00    |60.00     |4         |7           |1        |20.18        |0.00                   |
2020-12-21 |CJ101        |10,000.00  |10,015.00|10,090.00|9,800.00 |9,930.00 |10,010.00 |-70.00    |10.00     |2,510     |2,085       |-857     |12,560.88    |0.00                   |
2020-12-21 |CJ103        |9,700.00   |9,585.00 |9,785.00 |9,585.00 |9,695.00 |9,750.00  |-5.00     |50.00     |97        |916         |-8       |472.87       |0.00                   |
2020-12-21 |CJ105        |9,790.00   |9,770.00 |9,955.00 |9,770.00 |9,870.00 |9,885.00  |80.00     |95.00     |22,281    |10,778      |2,681    |110,117.04   |0.00                   |
2020-12-21 |CJ107        |9,790.00   |9,865.00 |9,935.00 |9,865.00 |9,920.00 |9,910.00  |130.00    |120.00    |7         |624         |2        |34.68        |0.00                   |
2020-12-21 |CJ109        |9,840.00   |9,800.00 |9,960.00 |9,800.00 |9,880.00 |9,895.00  |40.00     |55.00     |128       |944         |25       |633.25       |0.00                   |
2020-12-21 |CJ112        |10,085.00  |10,030.00|10,030.00|9,955.00 |9,955.00 |10,005.00 |-130.00   |-80.00    |4         |8           |1        |20.01        |0.00                   |
2020-12-22 |CJ101        |10,010.00  |9,920.00 |9,950.00 |9,625.00 |9,795.00 |9,785.00  |-215.00   |-225.00   |2,917     |975         |-1,110   |14,273.65    |0.00                   |
2020-12-22 |CJ103        |9,750.00   |9,695.00 |9,780.00 |9,600.00 |9,730.00 |9,670.00  |-20.00    |-80.00    |121       |869         |-47      |585.16       |0.00                   |
2020-12-22 |CJ105        |9,885.00   |9,875.00 |9,880.00 |9,705.00 |9,840.00 |9,795.00  |-45.00    |-90.00    |29,783    |9,478       |-1,300   |145,826.46   |0.00                   |
2020-12-22 |CJ107        |9,910.00   |9,860.00 |9,860.00 |9,760.00 |9,760.00 |9,790.00  |-150.00   |-120.00   |9         |623         |-1       |44.05        |0.00                   |
2020-12-22 |CJ109        |9,895.00   |9,860.00 |9,895.00 |9,750.00 |9,880.00 |9,810.00  |-15.00    |-85.00    |108       |927         |-17      |529.67       |0.00                   |
2020-12-22 |CJ112        |10,005.00  |9,890.00 |10,005.00|9,885.00 |10,005.00|9,925.00  |0.00      |-80.00    |3         |9           |1        |14.89        |0.00                   |
2020-12-23 |CJ101        |9,785.00   |9,825.00 |9,850.00 |9,600.00 |9,645.00 |9,730.00  |-140.00   |-55.00    |919       |703         |-272     |4,470.24     |0.00                   |
2020-12-23 |CJ103        |9,670.00   |9,785.00 |9,790.00 |9,625.00 |9,675.00 |9,720.00  |5.00      |50.00     |116       |854         |-15      |563.83       |0.00                   |
2020-12-23 |CJ105        |9,795.00   |9,850.00 |9,955.00 |9,720.00 |9,750.00 |9,845.00  |-45.00    |50.00     |29,367    |10,740      |1,262    |144,570.58   |0.00                   |
2020-12-23 |CJ107        |9,790.00   |9,780.00 |9,875.00 |9,780.00 |9,790.00 |9,815.00  |0.00      |25.00     |4         |623         |0        |19.64        |0.00                   |
2020-12-23 |CJ109        |9,810.00   |9,925.00 |9,960.00 |9,800.00 |9,840.00 |9,890.00  |30.00     |80.00     |106       |946         |19       |524.25       |0.00                   |
2020-12-23 |CJ112        |9,925.00   |9,965.00 |9,985.00 |9,955.00 |9,985.00 |9,975.00  |60.00     |50.00     |6         |11          |2        |29.93        |0.00                   |
2020-12-24 |CJ101        |9,730.00   |9,660.00 |9,660.00 |9,525.00 |9,580.00 |9,565.00  |-150.00   |-165.00   |466       |593         |-110     |2,228.83     |0.00                   |
2020-12-24 |CJ103        |9,720.00   |9,670.00 |9,755.00 |9,665.00 |9,705.00 |9,695.00  |-15.00    |-25.00    |84        |879         |25       |407.22       |0.00                   |
2020-12-24 |CJ105        |9,845.00   |9,775.00 |9,860.00 |9,715.00 |9,825.00 |9,795.00  |-20.00    |-50.00    |21,972    |12,492      |1,752    |107,593.20   |0.00                   |
2020-12-24 |CJ107        |9,815.00   |9,870.00 |9,870.00 |9,870.00 |9,870.00 |9,870.00  |55.00     |55.00     |1         |623         |0        |4.94         |0.00                   |
2020-12-24 |CJ109        |9,890.00   |9,835.00 |9,925.00 |9,780.00 |9,875.00 |9,875.00  |-15.00    |-15.00    |59        |948         |2        |291.25       |0.00                   |
2020-12-24 |CJ112        |9,975.00   |10,000.00|10,005.00|9,935.00 |9,980.00 |9,975.00  |5.00      |0.00      |13        |10          |-1       |64.84        |0.00                   |
2020-12-25 |CJ101        |9,565.00   |9,600.00 |9,730.00 |9,550.00 |9,620.00 |9,630.00  |55.00     |65.00     |390       |484         |-109     |1,877.71     |0.00                   |
2020-12-25 |CJ103        |9,695.00   |9,745.00 |9,765.00 |9,710.00 |9,755.00 |9,745.00  |60.00     |50.00     |58        |892         |13       |282.57       |0.00                   |
2020-12-25 |CJ105        |9,795.00   |9,850.00 |9,910.00 |9,810.00 |9,900.00 |9,865.00  |105.00    |70.00     |23,690    |15,023      |2,531    |116,859.40   |0.00                   |
2020-12-25 |CJ107        |9,870.00   |9,885.00 |9,940.00 |9,855.00 |9,920.00 |9,925.00  |50.00     |55.00     |18        |620         |-3       |89.34        |0.00                   |
2020-12-25 |CJ109        |9,875.00   |9,910.00 |10,010.00|9,875.00 |9,975.00 |9,980.00  |100.00    |105.00    |405       |1,224       |276      |2,021.36     |0.00                   |
2020-12-25 |CJ112        |9,975.00   |10,035.00|10,110.00|10,010.00|10,055.00|10,050.00 |80.00     |75.00     |59        |41          |31       |296.51       |0.00                   |
2020-12-28 |CJ101        |9,630.00   |9,590.00 |9,885.00 |9,550.00 |9,750.00 |9,690.00  |120.00    |60.00     |392       |313         |-171     |1,899.26     |0.00                   |
2020-12-28 |CJ103        |9,745.00   |9,765.00 |10,020.00|9,725.00 |9,920.00 |9,880.00  |175.00    |135.00    |268       |995         |103      |1,323.90     |0.00                   |
2020-12-28 |CJ105        |9,865.00   |9,900.00 |10,160.00|9,840.00 |10,120.00|10,025.00 |255.00    |160.00    |55,536    |21,225      |6,202    |278,316.04   |0.00                   |
2020-12-28 |CJ107        |9,925.00   |9,975.00 |10,100.00|9,935.00 |10,100.00|10,015.00 |175.00    |90.00     |110       |685         |65       |550.83       |0.00                   |
2020-12-28 |CJ109        |9,980.00   |10,000.00|10,175.00|9,960.00 |10,135.00|10,060.00 |155.00    |80.00     |1,444     |1,946       |722      |7,265.04     |0.00                   |
2020-12-28 |CJ112        |10,050.00  |10,045.00|10,285.00|10,000.00|10,160.00|10,120.00 |110.00    |70.00     |87        |42          |1        |440.15       |0.00                   |
2020-12-29 |CJ101        |9,690.00   |9,710.00 |9,730.00 |9,680.00 |9,710.00 |9,705.00  |20.00     |15.00     |107       |271         |-42      |519.28       |0.00                   |
2020-12-29 |CJ103        |9,880.00   |9,965.00 |9,965.00 |9,810.00 |9,915.00 |9,895.00  |35.00     |15.00     |57        |983         |-12      |282.04       |0.00                   |
2020-12-29 |CJ105        |10,025.00  |10,105.00|10,180.00|9,975.00 |10,100.00|10,070.00 |75.00     |45.00     |31,648    |21,777      |552      |159,386.31   |0.00                   |
2020-12-29 |CJ107        |10,015.00  |10,100.00|10,100.00|9,980.00 |10,080.00|10,035.00 |65.00     |20.00     |12        |681         |-4       |60.20        |0.00                   |
2020-12-29 |CJ109        |10,060.00  |10,135.00|10,185.00|10,030.00|10,160.00|10,080.00 |100.00    |20.00     |647       |1,980       |34       |3,260.37     |0.00                   |
2020-12-29 |CJ112        |10,120.00  |10,225.00|10,235.00|10,010.00|10,220.00|10,180.00 |100.00    |60.00     |17        |43          |1        |86.53        |0.00                   |
2020-12-30 |CJ101        |9,705.00   |9,735.00 |9,815.00 |9,720.00 |9,760.00 |9,770.00  |55.00     |65.00     |96        |221         |-50      |468.85       |0.00                   |
2020-12-30 |CJ103        |9,895.00   |9,930.00 |10,030.00|9,920.00 |9,965.00 |9,985.00  |70.00     |90.00     |81        |1,028       |45       |404.37       |0.00                   |
2020-12-30 |CJ105        |10,070.00  |10,100.00|10,220.00|10,085.00|10,145.00|10,145.00 |75.00     |75.00     |30,648    |22,752      |975      |155,493.01   |0.00                   |
2020-12-30 |CJ107        |10,035.00  |10,100.00|10,195.00|10,075.00|10,140.00|10,145.00 |105.00    |110.00    |13        |676         |-5       |65.94        |0.00                   |
2020-12-30 |CJ109        |10,080.00  |10,145.00|10,230.00|10,115.00|10,145.00|10,165.00 |65.00     |85.00     |563       |2,151       |171      |2,862.02     |0.00                   |
2020-12-30 |CJ112        |10,180.00  |10,300.00|10,300.00|10,225.00|10,265.00|10,275.00 |85.00     |95.00     |20        |48          |5        |102.73       |0.00                   |
2020-12-31 |CJ101        |9,770.00   |9,840.00 |9,965.00 |9,840.00 |9,855.00 |9,905.00  |85.00     |135.00    |138       |111         |-110     |683.46       |0.00                   |
2020-12-31 |CJ103        |9,985.00   |10,000.00|10,090.00|10,000.00|10,020.00|10,040.00 |35.00     |55.00     |93        |990         |-38      |466.87       |0.00                   |
2020-12-31 |CJ105        |10,145.00  |10,145.00|10,270.00|10,145.00|10,170.00|10,205.00 |25.00     |60.00     |27,076    |22,707      |-45      |138,182.45   |0.00                   |
2020-12-31 |CJ107        |10,145.00  |10,225.00|10,240.00|10,185.00|10,190.00|10,205.00 |45.00     |60.00     |12        |682         |6        |61.23        |0.00                   |
2020-12-31 |CJ109        |10,165.00  |10,190.00|10,245.00|10,175.00|10,215.00|10,215.00 |50.00     |50.00     |500       |2,340       |189      |2,553.38     |0.00                   |
2020-12-31 |CJ112        |10,275.00  |10,275.00|10,330.00|10,270.00|10,330.00|10,290.00 |55.00     |15.00     |21        |53          |5        |108.05       |0.00                   |

